2026-05-05 16:18:07,267 - root - INFO - Database URL constructed: postgresql://juice:***@10.101.4.88:5432/MMSR
2026-05-05 16:18:08,100 - root - INFO - Database engine initialized at module import
2026-05-05 16:18:08,108 - root - INFO - Database URL constructed: postgresql://juice:***@10.101.4.88:5432/MMSR
2026-05-05 16:18:08,113 - __main__ - INFO - ================================================================================
2026-05-05 16:18:08,114 - __main__ - INFO - Starting MMSR Daily Pipeline
2026-05-05 16:18:08,114 - __main__ - INFO - ================================================================================
2026-05-05 16:18:08,115 - __main__ - INFO - Processing date: 2026-05-04
2026-05-05 16:18:08,116 - __main__ - INFO - Step 1: Running parallel ingestion...
2026-05-05 16:18:08,116 - __main__ - INFO - Starting parallel ingestion for FusionSolar and iSolarCloud
2026-05-05 16:18:08,117 - __main__ - INFO - Starting FusionSolar ingestion for 2026-05-04 to 2026-05-04
2026-05-05 16:18:08,117 - fusionsolar.tasks - INFO - Starting FusionSolar ingestion for date range: 2026-05-04 to 2026-05-04
2026-05-05 16:18:08,117 - __main__ - INFO - Starting iSolarCloud ingestion for 2026-05-04 to 2026-05-04
2026-05-05 16:18:08,117 - fusionsolar.tasks - INFO - Initializing database connection
2026-05-05 16:18:08,117 - isolarcloud.tasks - INFO - Starting iSolarCloud ingestion for date range: 2026-05-04 to 2026-05-04
2026-05-05 16:18:08,119 - fusionsolar.tasks - INFO - Database initialized successfully
2026-05-05 16:18:08,119 - isolarcloud.tasks - INFO - Initializing database connection
2026-05-05 16:18:08,119 - fusionsolar.tasks - INFO - Logging in to FusionSolar API
2026-05-05 16:18:08,120 - root - INFO - Attempting to login to FusionSolar API at https://sg5.fusionsolar.huawei.com/thirdData/login
2026-05-05 16:18:08,398 - root - INFO - PostgreSQL database initialized successfully.
2026-05-05 16:18:08,399 - isolarcloud.tasks - INFO - Database initialized successfully
2026-05-05 16:18:08,399 - isolarcloud.tasks - INFO - Logging in to iSolarCloud API
2026-05-05 16:18:08,847 - root - INFO - Login response status code: 200
2026-05-05 16:18:08,848 - root - INFO - Successfully logged into FusionSolar.
2026-05-05 16:18:08,850 - fusionsolar.tasks - INFO - FusionSolar API login successful
2026-05-05 16:18:08,850 - fusionsolar.tasks - INFO - Fetching historical data from 2026-05-04 to 2026-05-04
2026-05-05 16:18:08,851 - root - INFO - Database engine initialized in data_processing module
2026-05-05 16:18:08,854 - root - INFO - Resuming fetch from 2026-05-03 to 2026-05-04
2026-05-05 16:18:08,897 - root - INFO - Found 236 devices matching the filter criteria.
2026-05-05 16:18:08,899 - root - INFO - Processing 236 devices fetched from DB. Parsing and verifying grid_connection_dates...
2026-05-05 16:18:08,901 - root - INFO - Finished parsing Grid Connection Dates. Total devices processed: 236.
2026-05-05 16:18:08,901 - root - INFO -   GCDs initially None/Empty from DB: 0
2026-05-05 16:18:08,902 - root - INFO -   Successfully parsed/converted to datetime (UTC): 236
2026-05-05 16:18:08,902 - root - INFO -   Failed to parse non-empty values (now None): 0
2026-05-05 16:18:08,902 - root - INFO - Starting main batch processing loop. Total devices to consider: 236.
2026-05-05 16:18:08,903 - root - INFO - Processing data from 2026-05-02 to 2026-05-03
2026-05-05 16:18:08,904 - root - INFO - Master device list count: 236. Devices eligible for this batch (ending 2026-05-03): 236.
2026-05-05 16:18:08,904 - root - WARNING - Unknown device type ID 63 for device 102555606343
2026-05-05 16:18:08,905 - root - WARNING - Unknown device type ID 23071 for device BT2560339978
2026-05-05 16:18:08,905 - root - WARNING - Unknown device type ID 63 for device 10254C346758
2026-05-05 16:18:08,905 - root - WARNING - Unknown device type ID 63 for device 1023B7436516
2026-05-05 16:18:08,905 - root - WARNING - Unknown device type ID 63 for device 1023C7355634
2026-05-05 16:18:08,906 - root - WARNING - Unknown device type ID 63 for device 1024B6566719
2026-05-05 16:18:08,906 - root - WARNING - Unknown device type ID 63 for device 1024B6566722
2026-05-05 16:18:08,906 - root - WARNING - Unknown device type ID 38 for device 102446387448
2026-05-05 16:18:08,909 - root - WARNING - Unknown device type ID 63 for device 102467487012
2026-05-05 16:18:08,910 - root - WARNING - Unknown device type ID 63 for device 102287046729
2026-05-05 16:18:08,910 - root - WARNING - Unknown device type ID 63 for device 102527099805
2026-05-05 16:18:08,910 - root - WARNING - Unknown device type ID 63 for device 102459944283
2026-05-05 16:18:08,911 - root - WARNING - Unknown device type ID 63 for device 1023A5160368
2026-05-05 16:18:08,911 - root - WARNING - Unknown device type ID 38 for device 102446387459
2026-05-05 16:18:08,911 - root - WARNING - Unknown device type ID 63 for device 102527099822
2026-05-05 16:18:08,912 - root - INFO - Using single devDn for device/history (API: one device per query)
2026-05-05 16:18:08,915 - root - INFO - Fetching historical data for 1 devices of type meter
2026-05-05 16:18:08,915 - root - INFO - Making API request to: https://sg5.fusionsolar.huawei.com/rest/openapi/pvms/nbi/v1/device/history
2026-05-05 16:18:08,916 - root - INFO - Request payload: {'devDn': 'NE=50488256', 'devTypeId': 17, 'startTime': 1777741200000, 'endTime': 1777827600000}
2026-05-05 16:18:09,386 - root - INFO - Successfully logged into iSolarCloud.
2026-05-05 16:18:09,387 - isolarcloud.tasks - INFO - iSolarCloud API login successful
2026-05-05 16:18:09,387 - isolarcloud.tasks - INFO - Fetching historical data from 2026-05-04 to 2026-05-04
2026-05-05 16:18:09,430 - root - INFO - PostgreSQL database initialized successfully.
2026-05-05 16:18:09,430 - root - INFO - Database engine initialized in data processing module
2026-05-05 16:18:09,432 - root - INFO - Preparing to fetch historical data from 2026-05-04 to 2026-05-04
2026-05-05 16:18:09,436 - root - INFO - Parsing install_date for 347 devices...
2026-05-05 16:18:09,438 - root - INFO - Finished parsing install_dates. Parsed: 347, Failed: 0, None from DB: 0
2026-05-05 16:18:09,438 - root - INFO - Filtering for device types: meter,inverter,meteo_station
2026-05-05 16:18:09,439 - root - INFO - Filtered to 325 devices matching specified types.
2026-05-05 16:18:09,439 - root - INFO - Processing batch from 2026-05-04 to 2026-05-04
2026-05-05 16:18:09,440 - root - INFO - Batch 2026-05-04 to 2026-05-04: Total devices considered: 325, Eligible by install_date: 325
2026-05-05 16:18:09,442 - root - INFO - Processing day-batch: 2026-05-04 for 325 devices.
2026-05-05 16:18:09,442 - root - INFO - Processing 8 intervals in parallel with 8 workers
2026-05-05 16:18:09,444 - root - INFO - Fetching minute data with payload: {'ps_key_list': ['1680199_7_10_2', '1680199_7_18_1', '1680199_7_13_2', '1680199_7_17_1', '1680199_7_12_1', '1680199_7_16_1', '1680199_7_15_1', '1680199_7_14_1', '1680199_7_21_1', '1680199_7_15_2', '1680199_7_20_1', '1680199_7_19_1', '1680199_7_14_2'], 'points': 'p8030,p8031,p8032,p8033,p8018,p8014', 'start_time_stamp': '20260504000000', 'end_time_stamp': '20260504030000', 'minute_interval': 5}
2026-05-05 16:18:09,444 - root - INFO - Fetching minute data with payload: {'ps_key_list': ['1680199_7_10_2', '1680199_7_18_1', '1680199_7_13_2', '1680199_7_17_1', '1680199_7_12_1', '1680199_7_16_1', '1680199_7_15_1', '1680199_7_14_1', '1680199_7_21_1', '1680199_7_15_2', '1680199_7_20_1', '1680199_7_19_1', '1680199_7_14_2'], 'points': 'p8030,p8031,p8032,p8033,p8018,p8014', 'start_time_stamp': '20260504030000', 'end_time_stamp': '20260504060000', 'minute_interval': 5}
2026-05-05 16:18:09,445 - root - INFO - Fetching minute data with payload: {'ps_key_list': ['1680199_7_10_2', '1680199_7_18_1', '1680199_7_13_2', '1680199_7_17_1', '1680199_7_12_1', '1680199_7_16_1', '1680199_7_15_1', '1680199_7_14_1', '1680199_7_21_1', '1680199_7_15_2', '1680199_7_20_1', '1680199_7_19_1', '1680199_7_14_2'], 'points': 'p8030,p8031,p8032,p8033,p8018,p8014', 'start_time_stamp': '20260504060000', 'end_time_stamp': '20260504090000', 'minute_interval': 5}
2026-05-05 16:18:09,446 - root - INFO - Fetching minute data with payload: {'ps_key_list': ['1680199_7_10_2', '1680199_7_18_1', '1680199_7_13_2', '1680199_7_17_1', '1680199_7_12_1', '1680199_7_16_1', '1680199_7_15_1', '1680199_7_14_1', '1680199_7_21_1', '1680199_7_15_2', '1680199_7_20_1', '1680199_7_19_1', '1680199_7_14_2'], 'points': 'p8030,p8031,p8032,p8033,p8018,p8014', 'start_time_stamp': '20260504090000', 'end_time_stamp': '20260504120000', 'minute_interval': 5}
2026-05-05 16:18:09,446 - root - INFO - Fetching minute data with payload: {'ps_key_list': ['1680199_7_10_2', '1680199_7_18_1', '1680199_7_13_2', '1680199_7_17_1', '1680199_7_12_1', '1680199_7_16_1', '1680199_7_15_1', '1680199_7_14_1', '1680199_7_21_1', '1680199_7_15_2', '1680199_7_20_1', '1680199_7_19_1', '1680199_7_14_2'], 'points': 'p8030,p8031,p8032,p8033,p8018,p8014', 'start_time_stamp': '20260504120000', 'end_time_stamp': '20260504150000', 'minute_interval': 5}
2026-05-05 16:18:09,447 - root - INFO - Fetching minute data with payload: {'ps_key_list': ['1680199_7_10_2', '1680199_7_18_1', '1680199_7_13_2', '1680199_7_17_1', '1680199_7_12_1', '1680199_7_16_1', '1680199_7_15_1', '1680199_7_14_1', '1680199_7_21_1', '1680199_7_15_2', '1680199_7_20_1', '1680199_7_19_1', '1680199_7_14_2'], 'points': 'p8030,p8031,p8032,p8033,p8018,p8014', 'start_time_stamp': '20260504150000', 'end_time_stamp': '20260504180000', 'minute_interval': 5}
2026-05-05 16:18:09,448 - root - INFO - Fetching minute data with payload: {'ps_key_list': ['1680199_7_10_2', '1680199_7_18_1', '1680199_7_13_2', '1680199_7_17_1', '1680199_7_12_1', '1680199_7_16_1', '1680199_7_15_1', '1680199_7_14_1', '1680199_7_21_1', '1680199_7_15_2', '1680199_7_20_1', '1680199_7_19_1', '1680199_7_14_2'], 'points': 'p8030,p8031,p8032,p8033,p8018,p8014', 'start_time_stamp': '20260504180000', 'end_time_stamp': '20260504210000', 'minute_interval': 5}
2026-05-05 16:18:09,449 - root - INFO - Fetching minute data with payload: {'ps_key_list': ['1680199_7_10_2', '1680199_7_18_1', '1680199_7_13_2', '1680199_7_17_1', '1680199_7_12_1', '1680199_7_16_1', '1680199_7_15_1', '1680199_7_14_1', '1680199_7_21_1', '1680199_7_15_2', '1680199_7_20_1', '1680199_7_19_1', '1680199_7_14_2'], 'points': 'p8030,p8031,p8032,p8033,p8018,p8014', 'start_time_stamp': '20260504210000', 'end_time_stamp': '20260504235959', 'minute_interval': 5}
2026-05-05 16:18:10,637 - root - INFO - Response status code: 200
2026-05-05 16:18:10,646 - root - INFO - API response from https://sg5.fusionsolar.huawei.com/rest/openapi/pvms/nbi/v1/device/history (truncated): {'failCode': 0, 'success': True, 'message': 'historical data information query successful.', 'data': [{'devDn': 'NE=50488256', 'collectTime': 1777741200000, 'dataItems': {'active_cap': 208.62, 'power_factor': 0.0, 'a_i': 0.0, 'c_i': 0.0, 'b_i': 0.0, 'reverse_reactive_valley': None, 'positive_reactive_peak': None, 'reverse_reactive_peak': None, 'reverse_active_peak': None, 'positive_active_peak': None, 'a_u': 0.0, 'reactive_power': 0.0, 'c_u': 0.0, 'total_apparent_power': 0.0, 'bc_u': 788.29, 'b_...
2026-05-05 16:18:10,651 - root - INFO - API Response type: <class 'dict'>
2026-05-05 16:18:10,651 - root - INFO - API Response keys: ['failCode', 'success', 'message', 'data']
2026-05-05 16:18:10,652 - root - INFO - API Response data is a list with 289 items
2026-05-05 16:18:10,652 - root - INFO - API Response has failCode: 0, message: historical data information query successful.
2026-05-05 16:18:10,652 - root - INFO - Using alternate response format: data as list
2026-05-05 16:18:10,653 - root - INFO - Received 289 data points from API
2026-05-05 16:18:10,653 - root - INFO - Sample data point structure: ['devDn', 'collectTime', 'dataItems']
2026-05-05 16:18:10,812 - root - INFO - Successfully upserted 289 data points.
2026-05-05 16:18:12,894 - root - INFO - Successfully upserted 296 data points.
2026-05-05 16:18:12,900 - root - INFO - Fetching minute data with payload: {'ps_key_list': ['1680199_1_9_2', '1680199_1_7_1', '1680199_1_4_1', '1680199_1_8_2', '1680199_1_7_2', '1680199_1_6_2', '1680199_1_4_2', '1680199_1_1_2', '1680199_1_5_2', '1680199_1_3_2', '1680199_1_2_2', '1680199_1_2_1', '1680199_1_1_1', '1680199_1_3_1', '1680199_1_6_1', '1680199_1_9_1', '1680199_1_10_1', '1680199_1_8_1', '1680199_1_11_1', '1680199_1_5_1'], 'points': 'p96,p97,p98,p99,p100,p101,p102,p103,p104,p105,p106,p107,p108,p109,p110,p111,p112,p113,p7166,p7167,p7168,p7169,p7170,p7171,p70,p71,p72,p73,p74,p75,p76,p77,p78,p79,p80,p81,p82,p83,p84,p85,p92,p93,p313,p314,p315,p316,p317,p318', 'start_time_stamp': '20260504000000', 'end_time_stamp': '20260504030000', 'minute_interval': 5}
2026-05-05 16:18:13,005 - root - INFO - Successfully upserted 296 data points.
2026-05-05 16:18:13,009 - root - INFO - Fetching minute data with payload: {'ps_key_list': ['1680199_1_9_2', '1680199_1_7_1', '1680199_1_4_1', '1680199_1_8_2', '1680199_1_7_2', '1680199_1_6_2', '1680199_1_4_2', '1680199_1_1_2', '1680199_1_5_2', '1680199_1_3_2', '1680199_1_2_2', '1680199_1_2_1', '1680199_1_1_1', '1680199_1_3_1', '1680199_1_6_1', '1680199_1_9_1', '1680199_1_10_1', '1680199_1_8_1', '1680199_1_11_1', '1680199_1_5_1'], 'points': 'p96,p97,p98,p99,p100,p101,p102,p103,p104,p105,p106,p107,p108,p109,p110,p111,p112,p113,p7166,p7167,p7168,p7169,p7170,p7171,p70,p71,p72,p73,p74,p75,p76,p77,p78,p79,p80,p81,p82,p83,p84,p85,p92,p93,p313,p314,p315,p316,p317,p318', 'start_time_stamp': '20260504120000', 'end_time_stamp': '20260504150000', 'minute_interval': 5}
2026-05-05 16:18:13,137 - root - INFO - Successfully upserted 296 data points.
2026-05-05 16:18:13,154 - root - INFO - Successfully upserted 296 data points.
2026-05-05 16:18:13,194 - root - INFO - Fetching minute data with payload: {'ps_key_list': ['1680199_1_9_2', '1680199_1_7_1', '1680199_1_4_1', '1680199_1_8_2', '1680199_1_7_2', '1680199_1_6_2', '1680199_1_4_2', '1680199_1_1_2', '1680199_1_5_2', '1680199_1_3_2', '1680199_1_2_2', '1680199_1_2_1', '1680199_1_1_1', '1680199_1_3_1', '1680199_1_6_1', '1680199_1_9_1', '1680199_1_10_1', '1680199_1_8_1', '1680199_1_11_1', '1680199_1_5_1'], 'points': 'p96,p97,p98,p99,p100,p101,p102,p103,p104,p105,p106,p107,p108,p109,p110,p111,p112,p113,p7166,p7167,p7168,p7169,p7170,p7171,p70,p71,p72,p73,p74,p75,p76,p77,p78,p79,p80,p81,p82,p83,p84,p85,p92,p93,p313,p314,p315,p316,p317,p318', 'start_time_stamp': '20260504090000', 'end_time_stamp': '20260504120000', 'minute_interval': 5}
2026-05-05 16:18:13,227 - root - INFO - Fetching minute data with payload: {'ps_key_list': ['1680199_1_9_2', '1680199_1_7_1', '1680199_1_4_1', '1680199_1_8_2', '1680199_1_7_2', '1680199_1_6_2', '1680199_1_4_2', '1680199_1_1_2', '1680199_1_5_2', '1680199_1_3_2', '1680199_1_2_2', '1680199_1_2_1', '1680199_1_1_1', '1680199_1_3_1', '1680199_1_6_1', '1680199_1_9_1', '1680199_1_10_1', '1680199_1_8_1', '1680199_1_11_1', '1680199_1_5_1'], 'points': 'p96,p97,p98,p99,p100,p101,p102,p103,p104,p105,p106,p107,p108,p109,p110,p111,p112,p113,p7166,p7167,p7168,p7169,p7170,p7171,p70,p71,p72,p73,p74,p75,p76,p77,p78,p79,p80,p81,p82,p83,p84,p85,p92,p93,p313,p314,p315,p316,p317,p318', 'start_time_stamp': '20260504150000', 'end_time_stamp': '20260504180000', 'minute_interval': 5}
2026-05-05 16:18:13,247 - root - INFO - Successfully upserted 288 data points.
2026-05-05 16:18:13,269 - root - INFO - Successfully upserted 296 data points.
2026-05-05 16:18:13,370 - root - INFO - Successfully upserted 296 data points.
2026-05-05 16:18:13,393 - root - INFO - Successfully upserted 296 data points.
2026-05-05 16:18:13,393 - root - INFO - Fetching minute data with payload: {'ps_key_list': ['1680199_1_9_2', '1680199_1_7_1', '1680199_1_4_1', '1680199_1_8_2', '1680199_1_7_2', '1680199_1_6_2', '1680199_1_4_2', '1680199_1_1_2', '1680199_1_5_2', '1680199_1_3_2', '1680199_1_2_2', '1680199_1_2_1', '1680199_1_1_1', '1680199_1_3_1', '1680199_1_6_1', '1680199_1_9_1', '1680199_1_10_1', '1680199_1_8_1', '1680199_1_11_1', '1680199_1_5_1'], 'points': 'p96,p97,p98,p99,p100,p101,p102,p103,p104,p105,p106,p107,p108,p109,p110,p111,p112,p113,p7166,p7167,p7168,p7169,p7170,p7171,p70,p71,p72,p73,p74,p75,p76,p77,p78,p79,p80,p81,p82,p83,p84,p85,p92,p93,p313,p314,p315,p316,p317,p318', 'start_time_stamp': '20260504210000', 'end_time_stamp': '20260504235959', 'minute_interval': 5}
2026-05-05 16:18:13,394 - root - INFO - Fetching minute data with payload: {'ps_key_list': ['1680199_1_9_2', '1680199_1_7_1', '1680199_1_4_1', '1680199_1_8_2', '1680199_1_7_2', '1680199_1_6_2', '1680199_1_4_2', '1680199_1_1_2', '1680199_1_5_2', '1680199_1_3_2', '1680199_1_2_2', '1680199_1_2_1', '1680199_1_1_1', '1680199_1_3_1', '1680199_1_6_1', '1680199_1_9_1', '1680199_1_10_1', '1680199_1_8_1', '1680199_1_11_1', '1680199_1_5_1'], 'points': 'p96,p97,p98,p99,p100,p101,p102,p103,p104,p105,p106,p107,p108,p109,p110,p111,p112,p113,p7166,p7167,p7168,p7169,p7170,p7171,p70,p71,p72,p73,p74,p75,p76,p77,p78,p79,p80,p81,p82,p83,p84,p85,p92,p93,p313,p314,p315,p316,p317,p318', 'start_time_stamp': '20260504060000', 'end_time_stamp': '20260504090000', 'minute_interval': 5}
2026-05-05 16:18:13,394 - root - INFO - Fetching minute data with payload: {'ps_key_list': ['1680199_1_9_2', '1680199_1_7_1', '1680199_1_4_1', '1680199_1_8_2', '1680199_1_7_2', '1680199_1_6_2', '1680199_1_4_2', '1680199_1_1_2', '1680199_1_5_2', '1680199_1_3_2', '1680199_1_2_2', '1680199_1_2_1', '1680199_1_1_1', '1680199_1_3_1', '1680199_1_6_1', '1680199_1_9_1', '1680199_1_10_1', '1680199_1_8_1', '1680199_1_11_1', '1680199_1_5_1'], 'points': 'p96,p97,p98,p99,p100,p101,p102,p103,p104,p105,p106,p107,p108,p109,p110,p111,p112,p113,p7166,p7167,p7168,p7169,p7170,p7171,p70,p71,p72,p73,p74,p75,p76,p77,p78,p79,p80,p81,p82,p83,p84,p85,p92,p93,p313,p314,p315,p316,p317,p318', 'start_time_stamp': '20260504180000', 'end_time_stamp': '20260504210000', 'minute_interval': 5}
2026-05-05 16:18:13,395 - root - INFO - Fetching minute data with payload: {'ps_key_list': ['1680199_1_9_2', '1680199_1_7_1', '1680199_1_4_1', '1680199_1_8_2', '1680199_1_7_2', '1680199_1_6_2', '1680199_1_4_2', '1680199_1_1_2', '1680199_1_5_2', '1680199_1_3_2', '1680199_1_2_2', '1680199_1_2_1', '1680199_1_1_1', '1680199_1_3_1', '1680199_1_6_1', '1680199_1_9_1', '1680199_1_10_1', '1680199_1_8_1', '1680199_1_11_1', '1680199_1_5_1'], 'points': 'p96,p97,p98,p99,p100,p101,p102,p103,p104,p105,p106,p107,p108,p109,p110,p111,p112,p113,p7166,p7167,p7168,p7169,p7170,p7171,p70,p71,p72,p73,p74,p75,p76,p77,p78,p79,p80,p81,p82,p83,p84,p85,p92,p93,p313,p314,p315,p316,p317,p318', 'start_time_stamp': '20260504030000', 'end_time_stamp': '20260504060000', 'minute_interval': 5}
2026-05-05 16:18:13,999 - root - INFO - Using single devDn for device/history (API: one device per query)
2026-05-05 16:18:14,187 - root - INFO - Fetching historical data for 1 devices of type meter
2026-05-05 16:18:14,189 - root - INFO - Making API request to: https://sg5.fusionsolar.huawei.com/rest/openapi/pvms/nbi/v1/device/history
2026-05-05 16:18:14,196 - root - INFO - Request payload: {'devDn': 'NE=50586462', 'devTypeId': 17, 'startTime': 1777741200000, 'endTime': 1777827600000}
2026-05-05 16:18:15,778 - root - INFO - Response status code: 200
2026-05-05 16:18:15,789 - root - INFO - API response from https://sg5.fusionsolar.huawei.com/rest/openapi/pvms/nbi/v1/device/history (truncated): {'failCode': 0, 'success': True, 'message': 'historical data information query successful.', 'data': [{'devDn': 'NE=50586462', 'collectTime': 1777741200000, 'dataItems': {'active_cap': 3670.19, 'power_factor': 0.0, 'a_i': 0.0, 'c_i': 0.3, 'b_i': 0.0, 'reverse_reactive_valley': None, 'positive_reactive_peak': None, 'reverse_reactive_peak': None, 'reverse_active_peak': None, 'positive_active_peak': None, 'a_u': 11790.67, 'reactive_power': -3644.0, 'c_u': 11742.97, 'total_apparent_power': 3.644, 'b...
2026-05-05 16:18:15,795 - root - INFO - API Response type: <class 'dict'>
2026-05-05 16:18:15,795 - root - INFO - API Response keys: ['failCode', 'success', 'message', 'data']
2026-05-05 16:18:15,795 - root - INFO - API Response data is a list with 289 items
2026-05-05 16:18:15,796 - root - INFO - API Response has failCode: 0, message: historical data information query successful.
2026-05-05 16:18:15,796 - root - INFO - Using alternate response format: data as list
2026-05-05 16:18:15,796 - root - INFO - Received 289 data points from API
2026-05-05 16:18:15,798 - root - INFO - Sample data point structure: ['devDn', 'collectTime', 'dataItems']
2026-05-05 16:18:16,019 - root - INFO - Successfully upserted 289 data points.
2026-05-05 16:18:16,668 - root - INFO - Successfully upserted 666 data points.
2026-05-05 16:18:16,669 - root - INFO - Successfully upserted 666 data points.
2026-05-05 16:18:16,670 - root - INFO - Fetching minute data with payload: {'ps_key_list': ['1680199_5_10_1', '1680199_5_12_2', '1680199_5_11_2', '1680199_5_16_1', '1680199_5_15_1', '1680199_5_14_1', '1680199_5_13_1', '1680199_5_11_1', '1680199_5_12_1'], 'points': 'p2003,p2001,p2005,p2007,p2009,p2010,p2022,p2016,p2012', 'start_time_stamp': '20260504120000', 'end_time_stamp': '20260504150000', 'minute_interval': 5}
2026-05-05 16:18:16,672 - root - INFO - Fetching minute data with payload: {'ps_key_list': ['1680199_5_10_1', '1680199_5_12_2', '1680199_5_11_2', '1680199_5_16_1', '1680199_5_15_1', '1680199_5_14_1', '1680199_5_13_1', '1680199_5_11_1', '1680199_5_12_1'], 'points': 'p2003,p2001,p2005,p2007,p2009,p2010,p2022,p2016,p2012', 'start_time_stamp': '20260504000000', 'end_time_stamp': '20260504030000', 'minute_interval': 5}
2026-05-05 16:18:16,951 - root - INFO - Successfully upserted 666 data points.
2026-05-05 16:18:16,967 - root - INFO - Successfully upserted 666 data points.
2026-05-05 16:18:16,968 - root - INFO - Fetching minute data with payload: {'ps_key_list': ['1680199_5_10_1', '1680199_5_12_2', '1680199_5_11_2', '1680199_5_16_1', '1680199_5_15_1', '1680199_5_14_1', '1680199_5_13_1', '1680199_5_11_1', '1680199_5_12_1'], 'points': 'p2003,p2001,p2005,p2007,p2009,p2010,p2022,p2016,p2012', 'start_time_stamp': '20260504150000', 'end_time_stamp': '20260504180000', 'minute_interval': 5}
2026-05-05 16:18:16,967 - root - INFO - Fetching minute data with payload: {'ps_key_list': ['1680199_5_10_1', '1680199_5_12_2', '1680199_5_11_2', '1680199_5_16_1', '1680199_5_15_1', '1680199_5_14_1', '1680199_5_13_1', '1680199_5_11_1', '1680199_5_12_1'], 'points': 'p2003,p2001,p2005,p2007,p2009,p2010,p2022,p2016,p2012', 'start_time_stamp': '20260504090000', 'end_time_stamp': '20260504120000', 'minute_interval': 5}
2026-05-05 16:18:16,973 - root - INFO - Successfully upserted 648 data points.
2026-05-05 16:18:16,976 - root - INFO - Fetching minute data with payload: {'ps_key_list': ['1680199_5_10_1', '1680199_5_12_2', '1680199_5_11_2', '1680199_5_16_1', '1680199_5_15_1', '1680199_5_14_1', '1680199_5_13_1', '1680199_5_11_1', '1680199_5_12_1'], 'points': 'p2003,p2001,p2005,p2007,p2009,p2010,p2022,p2016,p2012', 'start_time_stamp': '20260504210000', 'end_time_stamp': '20260504235959', 'minute_interval': 5}
2026-05-05 16:18:17,209 - root - INFO - Successfully upserted 666 data points.
2026-05-05 16:18:17,210 - root - INFO - Fetching minute data with payload: {'ps_key_list': ['1680199_5_10_1', '1680199_5_12_2', '1680199_5_11_2', '1680199_5_16_1', '1680199_5_15_1', '1680199_5_14_1', '1680199_5_13_1', '1680199_5_11_1', '1680199_5_12_1'], 'points': 'p2003,p2001,p2005,p2007,p2009,p2010,p2022,p2016,p2012', 'start_time_stamp': '20260504060000', 'end_time_stamp': '20260504090000', 'minute_interval': 5}
2026-05-05 16:18:17,412 - root - INFO - Successfully upserted 666 data points.
2026-05-05 16:18:17,412 - root - INFO - Fetching minute data with payload: {'ps_key_list': ['1680199_5_10_1', '1680199_5_12_2', '1680199_5_11_2', '1680199_5_16_1', '1680199_5_15_1', '1680199_5_14_1', '1680199_5_13_1', '1680199_5_11_1', '1680199_5_12_1'], 'points': 'p2003,p2001,p2005,p2007,p2009,p2010,p2022,p2016,p2012', 'start_time_stamp': '20260504180000', 'end_time_stamp': '20260504210000', 'minute_interval': 5}
2026-05-05 16:18:17,435 - root - INFO - Successfully upserted 666 data points.
2026-05-05 16:18:17,477 - root - INFO - Fetching minute data with payload: {'ps_key_list': ['1680199_5_10_1', '1680199_5_12_2', '1680199_5_11_2', '1680199_5_16_1', '1680199_5_15_1', '1680199_5_14_1', '1680199_5_13_1', '1680199_5_11_1', '1680199_5_12_1'], 'points': 'p2003,p2001,p2005,p2007,p2009,p2010,p2022,p2016,p2012', 'start_time_stamp': '20260504030000', 'end_time_stamp': '20260504060000', 'minute_interval': 5}
2026-05-05 16:18:19,078 - root - INFO - Using single devDn for device/history (API: one device per query)
2026-05-05 16:18:19,082 - root - INFO - Fetching historical data for 1 devices of type meter
2026-05-05 16:18:19,083 - root - INFO - Making API request to: https://sg5.fusionsolar.huawei.com/rest/openapi/pvms/nbi/v1/device/history
2026-05-05 16:18:19,083 - root - INFO - Request payload: {'devDn': 'NE=78317347', 'devTypeId': 17, 'startTime': 1777741200000, 'endTime': 1777827600000}
2026-05-05 16:18:19,904 - root - INFO - Successfully upserted 222 data points.
2026-05-05 16:18:19,904 - root - INFO - Fetching minute data with payload: {'ps_key_list': ['1458125_7_17_1', '1458125_7_45_1', '1458125_7_44_1', '1458125_7_48_1', '1458125_7_46_1', '1458125_7_9_1', '1458125_7_7_1', '1458125_7_37_1', '1458125_7_5_1', '1458125_7_42_1', '1458125_7_41_1', '1458125_7_40_1', '1458125_7_39_1', '1458125_7_36_1', '1458125_7_34_1', '1458125_7_33_1', '1458125_7_32_1', '1458125_7_31_1', '1458125_7_30_1', '1458125_7_29_1', '1458125_7_27_1', '1458125_7_26_1', '1458125_7_38_1', '1458125_7_47_1', '1458125_7_43_1', '1458125_7_2_1', '1458125_7_1_1', '1458125_7_4_1', '1458125_7_3_1', '1458125_7_6_1', '1458125_7_35_1', '1458125_7_28_1', '1458125_7_25_1', '1458125_7_24_1'], 'points': 'p8030,p8031,p8032,p8033,p8018,p8014', 'start_time_stamp': '20260504150000', 'end_time_stamp': '20260504180000', 'minute_interval': 5}
2026-05-05 16:18:19,936 - root - INFO - Successfully upserted 216 data points.
2026-05-05 16:18:19,936 - root - INFO - Fetching minute data with payload: {'ps_key_list': ['1458125_7_17_1', '1458125_7_45_1', '1458125_7_44_1', '1458125_7_48_1', '1458125_7_46_1', '1458125_7_9_1', '1458125_7_7_1', '1458125_7_37_1', '1458125_7_5_1', '1458125_7_42_1', '1458125_7_41_1', '1458125_7_40_1', '1458125_7_39_1', '1458125_7_36_1', '1458125_7_34_1', '1458125_7_33_1', '1458125_7_32_1', '1458125_7_31_1', '1458125_7_30_1', '1458125_7_29_1', '1458125_7_27_1', '1458125_7_26_1', '1458125_7_38_1', '1458125_7_47_1', '1458125_7_43_1', '1458125_7_2_1', '1458125_7_1_1', '1458125_7_4_1', '1458125_7_3_1', '1458125_7_6_1', '1458125_7_35_1', '1458125_7_28_1', '1458125_7_25_1', '1458125_7_24_1'], 'points': 'p8030,p8031,p8032,p8033,p8018,p8014', 'start_time_stamp': '20260504210000', 'end_time_stamp': '20260504235959', 'minute_interval': 5}
2026-05-05 16:18:19,996 - root - INFO - Successfully upserted 222 data points.
2026-05-05 16:18:19,996 - root - INFO - Fetching minute data with payload: {'ps_key_list': ['1458125_7_17_1', '1458125_7_45_1', '1458125_7_44_1', '1458125_7_48_1', '1458125_7_46_1', '1458125_7_9_1', '1458125_7_7_1', '1458125_7_37_1', '1458125_7_5_1', '1458125_7_42_1', '1458125_7_41_1', '1458125_7_40_1', '1458125_7_39_1', '1458125_7_36_1', '1458125_7_34_1', '1458125_7_33_1', '1458125_7_32_1', '1458125_7_31_1', '1458125_7_30_1', '1458125_7_29_1', '1458125_7_27_1', '1458125_7_26_1', '1458125_7_38_1', '1458125_7_47_1', '1458125_7_43_1', '1458125_7_2_1', '1458125_7_1_1', '1458125_7_4_1', '1458125_7_3_1', '1458125_7_6_1', '1458125_7_35_1', '1458125_7_28_1', '1458125_7_25_1', '1458125_7_24_1'], 'points': 'p8030,p8031,p8032,p8033,p8018,p8014', 'start_time_stamp': '20260504000000', 'end_time_stamp': '20260504030000', 'minute_interval': 5}
2026-05-05 16:18:20,033 - root - INFO - Successfully upserted 222 data points.
2026-05-05 16:18:20,033 - root - INFO - Fetching minute data with payload: {'ps_key_list': ['1458125_7_17_1', '1458125_7_45_1', '1458125_7_44_1', '1458125_7_48_1', '1458125_7_46_1', '1458125_7_9_1', '1458125_7_7_1', '1458125_7_37_1', '1458125_7_5_1', '1458125_7_42_1', '1458125_7_41_1', '1458125_7_40_1', '1458125_7_39_1', '1458125_7_36_1', '1458125_7_34_1', '1458125_7_33_1', '1458125_7_32_1', '1458125_7_31_1', '1458125_7_30_1', '1458125_7_29_1', '1458125_7_27_1', '1458125_7_26_1', '1458125_7_38_1', '1458125_7_47_1', '1458125_7_43_1', '1458125_7_2_1', '1458125_7_1_1', '1458125_7_4_1', '1458125_7_3_1', '1458125_7_6_1', '1458125_7_35_1', '1458125_7_28_1', '1458125_7_25_1', '1458125_7_24_1'], 'points': 'p8030,p8031,p8032,p8033,p8018,p8014', 'start_time_stamp': '20260504120000', 'end_time_stamp': '20260504150000', 'minute_interval': 5}
2026-05-05 16:18:20,125 - root - INFO - Successfully upserted 222 data points.
2026-05-05 16:18:20,125 - root - INFO - Fetching minute data with payload: {'ps_key_list': ['1458125_7_17_1', '1458125_7_45_1', '1458125_7_44_1', '1458125_7_48_1', '1458125_7_46_1', '1458125_7_9_1', '1458125_7_7_1', '1458125_7_37_1', '1458125_7_5_1', '1458125_7_42_1', '1458125_7_41_1', '1458125_7_40_1', '1458125_7_39_1', '1458125_7_36_1', '1458125_7_34_1', '1458125_7_33_1', '1458125_7_32_1', '1458125_7_31_1', '1458125_7_30_1', '1458125_7_29_1', '1458125_7_27_1', '1458125_7_26_1', '1458125_7_38_1', '1458125_7_47_1', '1458125_7_43_1', '1458125_7_2_1', '1458125_7_1_1', '1458125_7_4_1', '1458125_7_3_1', '1458125_7_6_1', '1458125_7_35_1', '1458125_7_28_1', '1458125_7_25_1', '1458125_7_24_1'], 'points': 'p8030,p8031,p8032,p8033,p8018,p8014', 'start_time_stamp': '20260504090000', 'end_time_stamp': '20260504120000', 'minute_interval': 5}
2026-05-05 16:18:20,269 - root - INFO - Successfully upserted 222 data points.
2026-05-05 16:18:20,270 - root - INFO - Fetching minute data with payload: {'ps_key_list': ['1458125_7_17_1', '1458125_7_45_1', '1458125_7_44_1', '1458125_7_48_1', '1458125_7_46_1', '1458125_7_9_1', '1458125_7_7_1', '1458125_7_37_1', '1458125_7_5_1', '1458125_7_42_1', '1458125_7_41_1', '1458125_7_40_1', '1458125_7_39_1', '1458125_7_36_1', '1458125_7_34_1', '1458125_7_33_1', '1458125_7_32_1', '1458125_7_31_1', '1458125_7_30_1', '1458125_7_29_1', '1458125_7_27_1', '1458125_7_26_1', '1458125_7_38_1', '1458125_7_47_1', '1458125_7_43_1', '1458125_7_2_1', '1458125_7_1_1', '1458125_7_4_1', '1458125_7_3_1', '1458125_7_6_1', '1458125_7_35_1', '1458125_7_28_1', '1458125_7_25_1', '1458125_7_24_1'], 'points': 'p8030,p8031,p8032,p8033,p8018,p8014', 'start_time_stamp': '20260504060000', 'end_time_stamp': '20260504090000', 'minute_interval': 5}
2026-05-05 16:18:20,322 - root - INFO - Successfully upserted 222 data points.
2026-05-05 16:18:20,322 - root - INFO - Fetching minute data with payload: {'ps_key_list': ['1458125_7_17_1', '1458125_7_45_1', '1458125_7_44_1', '1458125_7_48_1', '1458125_7_46_1', '1458125_7_9_1', '1458125_7_7_1', '1458125_7_37_1', '1458125_7_5_1', '1458125_7_42_1', '1458125_7_41_1', '1458125_7_40_1', '1458125_7_39_1', '1458125_7_36_1', '1458125_7_34_1', '1458125_7_33_1', '1458125_7_32_1', '1458125_7_31_1', '1458125_7_30_1', '1458125_7_29_1', '1458125_7_27_1', '1458125_7_26_1', '1458125_7_38_1', '1458125_7_47_1', '1458125_7_43_1', '1458125_7_2_1', '1458125_7_1_1', '1458125_7_4_1', '1458125_7_3_1', '1458125_7_6_1', '1458125_7_35_1', '1458125_7_28_1', '1458125_7_25_1', '1458125_7_24_1'], 'points': 'p8030,p8031,p8032,p8033,p8018,p8014', 'start_time_stamp': '20260504180000', 'end_time_stamp': '20260504210000', 'minute_interval': 5}
2026-05-05 16:18:20,493 - root - INFO - Successfully upserted 222 data points.
2026-05-05 16:18:20,493 - root - INFO - Fetching minute data with payload: {'ps_key_list': ['1458125_7_17_1', '1458125_7_45_1', '1458125_7_44_1', '1458125_7_48_1', '1458125_7_46_1', '1458125_7_9_1', '1458125_7_7_1', '1458125_7_37_1', '1458125_7_5_1', '1458125_7_42_1', '1458125_7_41_1', '1458125_7_40_1', '1458125_7_39_1', '1458125_7_36_1', '1458125_7_34_1', '1458125_7_33_1', '1458125_7_32_1', '1458125_7_31_1', '1458125_7_30_1', '1458125_7_29_1', '1458125_7_27_1', '1458125_7_26_1', '1458125_7_38_1', '1458125_7_47_1', '1458125_7_43_1', '1458125_7_2_1', '1458125_7_1_1', '1458125_7_4_1', '1458125_7_3_1', '1458125_7_6_1', '1458125_7_35_1', '1458125_7_28_1', '1458125_7_25_1', '1458125_7_24_1'], 'points': 'p8030,p8031,p8032,p8033,p8018,p8014', 'start_time_stamp': '20260504030000', 'end_time_stamp': '20260504060000', 'minute_interval': 5}
2026-05-05 16:18:20,677 - root - INFO - Response status code: 200
2026-05-05 16:18:20,697 - root - INFO - API response from https://sg5.fusionsolar.huawei.com/rest/openapi/pvms/nbi/v1/device/history (truncated): {'failCode': 0, 'success': True, 'message': 'historical data information query successful.', 'data': [{'devDn': 'NE=78317347', 'collectTime': 1777741200000, 'dataItems': {'active_cap': 646.76, 'power_factor': 0.99, 'a_i': 20.3, 'c_i': 28.2, 'b_i': 23.7, 'reverse_reactive_valley': None, 'positive_reactive_peak': None, 'reverse_reactive_peak': None, 'reverse_active_peak': None, 'positive_active_peak': None, 'a_u': 224.35, 'reactive_power': 2152.0, 'c_u': 225.37, 'total_apparent_power': 16.281, 'bc...
2026-05-05 16:18:20,701 - root - INFO - API Response type: <class 'dict'>
2026-05-05 16:18:20,702 - root - INFO - API Response keys: ['failCode', 'success', 'message', 'data']
2026-05-05 16:18:20,702 - root - INFO - API Response data is a list with 289 items
2026-05-05 16:18:20,702 - root - INFO - API Response has failCode: 0, message: historical data information query successful.
2026-05-05 16:18:20,703 - root - INFO - Using alternate response format: data as list
2026-05-05 16:18:20,703 - root - INFO - Received 289 data points from API
2026-05-05 16:18:20,703 - root - INFO - Sample data point structure: ['devDn', 'collectTime', 'dataItems']
2026-05-05 16:18:20,808 - root - INFO - Successfully upserted 289 data points.
2026-05-05 16:18:22,794 - root - INFO - Successfully upserted 185 data points.
2026-05-05 16:18:22,794 - root - INFO - Fetching minute data with payload: {'ps_key_list': ['1458125_1_37_1', '1458125_1_46_1', '1458125_1_45_1', '1458125_1_44_1', '1458125_1_5_1', '1458125_1_1_1', '1458125_1_4_1', '1458125_1_3_1', '1458125_1_6_1', '1458125_1_27_1', '1458125_1_26_1', '1458125_1_39_1', '1458125_1_38_1', '1458125_1_25_1', '1458125_1_41_1', '1458125_1_40_1', '1458125_1_36_1', '1458125_1_34_1', '1458125_1_33_1', '1458125_1_32_1', '1458125_1_31_1', '1458125_1_30_1', '1458125_1_29_1', '1458125_1_42_1', '1458125_1_48_1', '1458125_1_47_1', '1458125_1_43_1', '1458125_1_35_1', '1458125_1_2_1'], 'points': 'p96,p97,p98,p99,p100,p101,p102,p103,p104,p105,p106,p107,p108,p109,p110,p111,p112,p113,p7166,p7167,p7168,p7169,p7170,p7171,p70,p71,p72,p73,p74,p75,p76,p77,p78,p79,p80,p81,p82,p83,p84,p85,p92,p93,p313,p314,p315,p316,p317,p318', 'start_time_stamp': '20260504150000', 'end_time_stamp': '20260504180000', 'minute_interval': 5}
2026-05-05 16:18:23,081 - root - INFO - Successfully upserted 185 data points.
2026-05-05 16:18:23,082 - root - INFO - Fetching minute data with payload: {'ps_key_list': ['1458125_1_37_1', '1458125_1_46_1', '1458125_1_45_1', '1458125_1_44_1', '1458125_1_5_1', '1458125_1_1_1', '1458125_1_4_1', '1458125_1_3_1', '1458125_1_6_1', '1458125_1_27_1', '1458125_1_26_1', '1458125_1_39_1', '1458125_1_38_1', '1458125_1_25_1', '1458125_1_41_1', '1458125_1_40_1', '1458125_1_36_1', '1458125_1_34_1', '1458125_1_33_1', '1458125_1_32_1', '1458125_1_31_1', '1458125_1_30_1', '1458125_1_29_1', '1458125_1_42_1', '1458125_1_48_1', '1458125_1_47_1', '1458125_1_43_1', '1458125_1_35_1', '1458125_1_2_1'], 'points': 'p96,p97,p98,p99,p100,p101,p102,p103,p104,p105,p106,p107,p108,p109,p110,p111,p112,p113,p7166,p7167,p7168,p7169,p7170,p7171,p70,p71,p72,p73,p74,p75,p76,p77,p78,p79,p80,p81,p82,p83,p84,p85,p92,p93,p313,p314,p315,p316,p317,p318', 'start_time_stamp': '20260504120000', 'end_time_stamp': '20260504150000', 'minute_interval': 5}
2026-05-05 16:18:23,221 - root - INFO - Successfully upserted 180 data points.
2026-05-05 16:18:23,222 - root - INFO - Fetching minute data with payload: {'ps_key_list': ['1458125_1_37_1', '1458125_1_46_1', '1458125_1_45_1', '1458125_1_44_1', '1458125_1_5_1', '1458125_1_1_1', '1458125_1_4_1', '1458125_1_3_1', '1458125_1_6_1', '1458125_1_27_1', '1458125_1_26_1', '1458125_1_39_1', '1458125_1_38_1', '1458125_1_25_1', '1458125_1_41_1', '1458125_1_40_1', '1458125_1_36_1', '1458125_1_34_1', '1458125_1_33_1', '1458125_1_32_1', '1458125_1_31_1', '1458125_1_30_1', '1458125_1_29_1', '1458125_1_42_1', '1458125_1_48_1', '1458125_1_47_1', '1458125_1_43_1', '1458125_1_35_1', '1458125_1_2_1'], 'points': 'p96,p97,p98,p99,p100,p101,p102,p103,p104,p105,p106,p107,p108,p109,p110,p111,p112,p113,p7166,p7167,p7168,p7169,p7170,p7171,p70,p71,p72,p73,p74,p75,p76,p77,p78,p79,p80,p81,p82,p83,p84,p85,p92,p93,p313,p314,p315,p316,p317,p318', 'start_time_stamp': '20260504210000', 'end_time_stamp': '20260504235959', 'minute_interval': 5}
2026-05-05 16:18:23,244 - root - INFO - Successfully upserted 185 data points.
2026-05-05 16:18:23,244 - root - INFO - Fetching minute data with payload: {'ps_key_list': ['1458125_1_37_1', '1458125_1_46_1', '1458125_1_45_1', '1458125_1_44_1', '1458125_1_5_1', '1458125_1_1_1', '1458125_1_4_1', '1458125_1_3_1', '1458125_1_6_1', '1458125_1_27_1', '1458125_1_26_1', '1458125_1_39_1', '1458125_1_38_1', '1458125_1_25_1', '1458125_1_41_1', '1458125_1_40_1', '1458125_1_36_1', '1458125_1_34_1', '1458125_1_33_1', '1458125_1_32_1', '1458125_1_31_1', '1458125_1_30_1', '1458125_1_29_1', '1458125_1_42_1', '1458125_1_48_1', '1458125_1_47_1', '1458125_1_43_1', '1458125_1_35_1', '1458125_1_2_1'], 'points': 'p96,p97,p98,p99,p100,p101,p102,p103,p104,p105,p106,p107,p108,p109,p110,p111,p112,p113,p7166,p7167,p7168,p7169,p7170,p7171,p70,p71,p72,p73,p74,p75,p76,p77,p78,p79,p80,p81,p82,p83,p84,p85,p92,p93,p313,p314,p315,p316,p317,p318', 'start_time_stamp': '20260504000000', 'end_time_stamp': '20260504030000', 'minute_interval': 5}
2026-05-05 16:18:23,316 - root - INFO - Successfully upserted 185 data points.
2026-05-05 16:18:23,369 - root - INFO - Fetching minute data with payload: {'ps_key_list': ['1458125_1_37_1', '1458125_1_46_1', '1458125_1_45_1', '1458125_1_44_1', '1458125_1_5_1', '1458125_1_1_1', '1458125_1_4_1', '1458125_1_3_1', '1458125_1_6_1', '1458125_1_27_1', '1458125_1_26_1', '1458125_1_39_1', '1458125_1_38_1', '1458125_1_25_1', '1458125_1_41_1', '1458125_1_40_1', '1458125_1_36_1', '1458125_1_34_1', '1458125_1_33_1', '1458125_1_32_1', '1458125_1_31_1', '1458125_1_30_1', '1458125_1_29_1', '1458125_1_42_1', '1458125_1_48_1', '1458125_1_47_1', '1458125_1_43_1', '1458125_1_35_1', '1458125_1_2_1'], 'points': 'p96,p97,p98,p99,p100,p101,p102,p103,p104,p105,p106,p107,p108,p109,p110,p111,p112,p113,p7166,p7167,p7168,p7169,p7170,p7171,p70,p71,p72,p73,p74,p75,p76,p77,p78,p79,p80,p81,p82,p83,p84,p85,p92,p93,p313,p314,p315,p316,p317,p318', 'start_time_stamp': '20260504060000', 'end_time_stamp': '20260504090000', 'minute_interval': 5}
2026-05-05 16:18:23,395 - root - INFO - Successfully upserted 185 data points.
2026-05-05 16:18:23,397 - root - INFO - Fetching minute data with payload: {'ps_key_list': ['1458125_1_37_1', '1458125_1_46_1', '1458125_1_45_1', '1458125_1_44_1', '1458125_1_5_1', '1458125_1_1_1', '1458125_1_4_1', '1458125_1_3_1', '1458125_1_6_1', '1458125_1_27_1', '1458125_1_26_1', '1458125_1_39_1', '1458125_1_38_1', '1458125_1_25_1', '1458125_1_41_1', '1458125_1_40_1', '1458125_1_36_1', '1458125_1_34_1', '1458125_1_33_1', '1458125_1_32_1', '1458125_1_31_1', '1458125_1_30_1', '1458125_1_29_1', '1458125_1_42_1', '1458125_1_48_1', '1458125_1_47_1', '1458125_1_43_1', '1458125_1_35_1', '1458125_1_2_1'], 'points': 'p96,p97,p98,p99,p100,p101,p102,p103,p104,p105,p106,p107,p108,p109,p110,p111,p112,p113,p7166,p7167,p7168,p7169,p7170,p7171,p70,p71,p72,p73,p74,p75,p76,p77,p78,p79,p80,p81,p82,p83,p84,p85,p92,p93,p313,p314,p315,p316,p317,p318', 'start_time_stamp': '20260504180000', 'end_time_stamp': '20260504210000', 'minute_interval': 5}
2026-05-05 16:18:23,427 - root - INFO - Successfully upserted 185 data points.
2026-05-05 16:18:23,427 - root - INFO - Fetching minute data with payload: {'ps_key_list': ['1458125_1_37_1', '1458125_1_46_1', '1458125_1_45_1', '1458125_1_44_1', '1458125_1_5_1', '1458125_1_1_1', '1458125_1_4_1', '1458125_1_3_1', '1458125_1_6_1', '1458125_1_27_1', '1458125_1_26_1', '1458125_1_39_1', '1458125_1_38_1', '1458125_1_25_1', '1458125_1_41_1', '1458125_1_40_1', '1458125_1_36_1', '1458125_1_34_1', '1458125_1_33_1', '1458125_1_32_1', '1458125_1_31_1', '1458125_1_30_1', '1458125_1_29_1', '1458125_1_42_1', '1458125_1_48_1', '1458125_1_47_1', '1458125_1_43_1', '1458125_1_35_1', '1458125_1_2_1'], 'points': 'p96,p97,p98,p99,p100,p101,p102,p103,p104,p105,p106,p107,p108,p109,p110,p111,p112,p113,p7166,p7167,p7168,p7169,p7170,p7171,p70,p71,p72,p73,p74,p75,p76,p77,p78,p79,p80,p81,p82,p83,p84,p85,p92,p93,p313,p314,p315,p316,p317,p318', 'start_time_stamp': '20260504090000', 'end_time_stamp': '20260504120000', 'minute_interval': 5}
2026-05-05 16:18:23,457 - root - INFO - Successfully upserted 185 data points.
2026-05-05 16:18:23,457 - root - INFO - Fetching minute data with payload: {'ps_key_list': ['1458125_1_37_1', '1458125_1_46_1', '1458125_1_45_1', '1458125_1_44_1', '1458125_1_5_1', '1458125_1_1_1', '1458125_1_4_1', '1458125_1_3_1', '1458125_1_6_1', '1458125_1_27_1', '1458125_1_26_1', '1458125_1_39_1', '1458125_1_38_1', '1458125_1_25_1', '1458125_1_41_1', '1458125_1_40_1', '1458125_1_36_1', '1458125_1_34_1', '1458125_1_33_1', '1458125_1_32_1', '1458125_1_31_1', '1458125_1_30_1', '1458125_1_29_1', '1458125_1_42_1', '1458125_1_48_1', '1458125_1_47_1', '1458125_1_43_1', '1458125_1_35_1', '1458125_1_2_1'], 'points': 'p96,p97,p98,p99,p100,p101,p102,p103,p104,p105,p106,p107,p108,p109,p110,p111,p112,p113,p7166,p7167,p7168,p7169,p7170,p7171,p70,p71,p72,p73,p74,p75,p76,p77,p78,p79,p80,p81,p82,p83,p84,p85,p92,p93,p313,p314,p315,p316,p317,p318', 'start_time_stamp': '20260504030000', 'end_time_stamp': '20260504060000', 'minute_interval': 5}
2026-05-05 16:18:23,827 - root - INFO - Using single devDn for device/history (API: one device per query)
2026-05-05 16:18:23,874 - root - INFO - Fetching historical data for 1 devices of type meter
2026-05-05 16:18:23,875 - root - INFO - Making API request to: https://sg5.fusionsolar.huawei.com/rest/openapi/pvms/nbi/v1/device/history
2026-05-05 16:18:23,875 - root - INFO - Request payload: {'devDn': 'NE=78317346', 'devTypeId': 17, 'startTime': 1777741200000, 'endTime': 1777827600000}
2026-05-05 16:18:25,353 - root - INFO - Response status code: 200
2026-05-05 16:18:25,362 - root - INFO - API response from https://sg5.fusionsolar.huawei.com/rest/openapi/pvms/nbi/v1/device/history (truncated): {'failCode': 0, 'success': True, 'message': 'historical data information query successful.', 'data': [{'devDn': 'NE=78317346', 'collectTime': 1777741200000, 'dataItems': {'active_cap': 0.0, 'power_factor': 0.0, 'a_i': 0.0, 'c_i': 0.0, 'b_i': 0.0, 'reverse_reactive_valley': None, 'positive_reactive_peak': None, 'reverse_reactive_peak': None, 'reverse_active_peak': None, 'positive_active_peak': None, 'a_u': 224.27, 'reactive_power': 0.0, 'c_u': 225.34, 'total_apparent_power': 0.0, 'bc_u': 392.19, ...
2026-05-05 16:18:25,367 - root - INFO - API Response type: <class 'dict'>
2026-05-05 16:18:25,367 - root - INFO - API Response keys: ['failCode', 'success', 'message', 'data']
2026-05-05 16:18:25,368 - root - INFO - API Response data is a list with 289 items
2026-05-05 16:18:25,368 - root - INFO - API Response has failCode: 0, message: historical data information query successful.
2026-05-05 16:18:25,368 - root - INFO - Using alternate response format: data as list
2026-05-05 16:18:25,369 - root - INFO - Received 289 data points from API
2026-05-05 16:18:25,369 - root - INFO - Sample data point structure: ['devDn', 'collectTime', 'dataItems']
2026-05-05 16:18:25,485 - root - INFO - Successfully upserted 289 data points.
2026-05-05 16:18:25,689 - root - INFO - Successfully upserted 222 data points.
2026-05-05 16:18:25,690 - root - INFO - Fetching minute data with payload: {'ps_key_list': ['1458125_5_23_1', '1458125_5_22_1', '1458125_5_21_1', '1458125_5_20_1', '1458125_5_19_1', '1458125_5_18_1', '1458125_5_12_1', '1458125_5_13_1', '1458125_5_14_1', '1458125_5_15_1', '1458125_5_16_1'], 'points': 'p2003,p2001,p2005,p2007,p2009,p2010,p2022,p2016,p2012', 'start_time_stamp': '20260504150000', 'end_time_stamp': '20260504180000', 'minute_interval': 5}
2026-05-05 16:18:25,962 - root - INFO - Successfully upserted 222 data points.
2026-05-05 16:18:25,963 - root - INFO - Fetching minute data with payload: {'ps_key_list': ['1458125_5_23_1', '1458125_5_22_1', '1458125_5_21_1', '1458125_5_20_1', '1458125_5_19_1', '1458125_5_18_1', '1458125_5_12_1', '1458125_5_13_1', '1458125_5_14_1', '1458125_5_15_1', '1458125_5_16_1'], 'points': 'p2003,p2001,p2005,p2007,p2009,p2010,p2022,p2016,p2012', 'start_time_stamp': '20260504120000', 'end_time_stamp': '20260504150000', 'minute_interval': 5}
2026-05-05 16:18:26,272 - root - INFO - Successfully upserted 216 data points.
2026-05-05 16:18:26,272 - root - INFO - Fetching minute data with payload: {'ps_key_list': ['1458125_5_23_1', '1458125_5_22_1', '1458125_5_21_1', '1458125_5_20_1', '1458125_5_19_1', '1458125_5_18_1', '1458125_5_12_1', '1458125_5_13_1', '1458125_5_14_1', '1458125_5_15_1', '1458125_5_16_1'], 'points': 'p2003,p2001,p2005,p2007,p2009,p2010,p2022,p2016,p2012', 'start_time_stamp': '20260504210000', 'end_time_stamp': '20260504235959', 'minute_interval': 5}
2026-05-05 16:18:26,402 - root - INFO - Successfully upserted 222 data points.
2026-05-05 16:18:26,402 - root - INFO - Fetching minute data with payload: {'ps_key_list': ['1458125_5_23_1', '1458125_5_22_1', '1458125_5_21_1', '1458125_5_20_1', '1458125_5_19_1', '1458125_5_18_1', '1458125_5_12_1', '1458125_5_13_1', '1458125_5_14_1', '1458125_5_15_1', '1458125_5_16_1'], 'points': 'p2003,p2001,p2005,p2007,p2009,p2010,p2022,p2016,p2012', 'start_time_stamp': '20260504060000', 'end_time_stamp': '20260504090000', 'minute_interval': 5}
2026-05-05 16:18:26,477 - root - INFO - Successfully upserted 222 data points.
2026-05-05 16:18:26,477 - root - INFO - Fetching minute data with payload: {'ps_key_list': ['1458125_5_23_1', '1458125_5_22_1', '1458125_5_21_1', '1458125_5_20_1', '1458125_5_19_1', '1458125_5_18_1', '1458125_5_12_1', '1458125_5_13_1', '1458125_5_14_1', '1458125_5_15_1', '1458125_5_16_1'], 'points': 'p2003,p2001,p2005,p2007,p2009,p2010,p2022,p2016,p2012', 'start_time_stamp': '20260504180000', 'end_time_stamp': '20260504210000', 'minute_interval': 5}
2026-05-05 16:18:26,489 - root - INFO - Successfully upserted 222 data points.
2026-05-05 16:18:26,565 - root - INFO - Successfully upserted 222 data points.
2026-05-05 16:18:26,578 - root - INFO - Fetching minute data with payload: {'ps_key_list': ['1458125_5_23_1', '1458125_5_22_1', '1458125_5_21_1', '1458125_5_20_1', '1458125_5_19_1', '1458125_5_18_1', '1458125_5_12_1', '1458125_5_13_1', '1458125_5_14_1', '1458125_5_15_1', '1458125_5_16_1'], 'points': 'p2003,p2001,p2005,p2007,p2009,p2010,p2022,p2016,p2012', 'start_time_stamp': '20260504000000', 'end_time_stamp': '20260504030000', 'minute_interval': 5}
2026-05-05 16:18:26,579 - root - INFO - Fetching minute data with payload: {'ps_key_list': ['1458125_5_23_1', '1458125_5_22_1', '1458125_5_21_1', '1458125_5_20_1', '1458125_5_19_1', '1458125_5_18_1', '1458125_5_12_1', '1458125_5_13_1', '1458125_5_14_1', '1458125_5_15_1', '1458125_5_16_1'], 'points': 'p2003,p2001,p2005,p2007,p2009,p2010,p2022,p2016,p2012', 'start_time_stamp': '20260504030000', 'end_time_stamp': '20260504060000', 'minute_interval': 5}
2026-05-05 16:18:26,653 - root - INFO - Successfully upserted 222 data points.
2026-05-05 16:18:26,653 - root - INFO - Fetching minute data with payload: {'ps_key_list': ['1458125_5_23_1', '1458125_5_22_1', '1458125_5_21_1', '1458125_5_20_1', '1458125_5_19_1', '1458125_5_18_1', '1458125_5_12_1', '1458125_5_13_1', '1458125_5_14_1', '1458125_5_15_1', '1458125_5_16_1'], 'points': 'p2003,p2001,p2005,p2007,p2009,p2010,p2022,p2016,p2012', 'start_time_stamp': '20260504090000', 'end_time_stamp': '20260504120000', 'minute_interval': 5}
2026-05-05 16:18:28,270 - root - INFO - Successfully upserted 148 data points.
2026-05-05 16:18:28,270 - root - INFO - Fetching minute data with payload: {'ps_key_list': ['1445767_7_14_1', '1445767_7_12_1', '1445767_7_11_1', '1445767_7_5_1', '1445767_7_6_1', '1445767_7_4_1'], 'points': 'p8030,p8031,p8032,p8033,p8018,p8014', 'start_time_stamp': '20260504150000', 'end_time_stamp': '20260504180000', 'minute_interval': 5}
2026-05-05 16:18:28,500 - root - INFO - Using single devDn for device/history (API: one device per query)
2026-05-05 16:18:28,505 - root - INFO - Fetching historical data for 1 devices of type meter
2026-05-05 16:18:28,505 - root - INFO - Making API request to: https://sg5.fusionsolar.huawei.com/rest/openapi/pvms/nbi/v1/device/history
2026-05-05 16:18:28,505 - root - INFO - Request payload: {'devDn': 'NE=78317345', 'devTypeId': 17, 'startTime': 1777741200000, 'endTime': 1777827600000}
2026-05-05 16:18:28,628 - root - INFO - Successfully upserted 148 data points.
2026-05-05 16:18:28,628 - root - INFO - Fetching minute data with payload: {'ps_key_list': ['1445767_7_14_1', '1445767_7_12_1', '1445767_7_11_1', '1445767_7_5_1', '1445767_7_6_1', '1445767_7_4_1'], 'points': 'p8030,p8031,p8032,p8033,p8018,p8014', 'start_time_stamp': '20260504120000', 'end_time_stamp': '20260504150000', 'minute_interval': 5}
2026-05-05 16:18:28,917 - root - INFO - Response status code: 200
2026-05-05 16:18:28,918 - root - INFO - API response from https://sg5.fusionsolar.huawei.com/rest/openapi/pvms/nbi/v1/device/history (truncated): {'failCode': 305, 'immediately': True, 'message': 'USER_MUST_RELOGIN', 'success': False}
2026-05-05 16:18:28,919 - root - WARNING - Session expired. Attempting to re-login...
2026-05-05 16:18:28,920 - root - INFO - Attempting to login to FusionSolar API at https://sg5.fusionsolar.huawei.com/thirdData/login
2026-05-05 16:18:28,955 - root - INFO - Successfully upserted 144 data points.
2026-05-05 16:18:28,955 - root - INFO - Fetching minute data with payload: {'ps_key_list': ['1445767_7_14_1', '1445767_7_12_1', '1445767_7_11_1', '1445767_7_5_1', '1445767_7_6_1', '1445767_7_4_1'], 'points': 'p8030,p8031,p8032,p8033,p8018,p8014', 'start_time_stamp': '20260504210000', 'end_time_stamp': '20260504235959', 'minute_interval': 5}
2026-05-05 16:18:29,212 - root - INFO - Successfully upserted 148 data points.
2026-05-05 16:18:29,213 - root - INFO - Fetching minute data with payload: {'ps_key_list': ['1445767_7_14_1', '1445767_7_12_1', '1445767_7_11_1', '1445767_7_5_1', '1445767_7_6_1', '1445767_7_4_1'], 'points': 'p8030,p8031,p8032,p8033,p8018,p8014', 'start_time_stamp': '20260504060000', 'end_time_stamp': '20260504090000', 'minute_interval': 5}
2026-05-05 16:18:29,551 - root - INFO - Successfully upserted 148 data points.
2026-05-05 16:18:29,844 - root - INFO - Successfully upserted 148 data points.
2026-05-05 16:18:29,928 - root - INFO - Fetching minute data with payload: {'ps_key_list': ['1445767_7_14_1', '1445767_7_12_1', '1445767_7_11_1', '1445767_7_5_1', '1445767_7_6_1', '1445767_7_4_1'], 'points': 'p8030,p8031,p8032,p8033,p8018,p8014', 'start_time_stamp': '20260504180000', 'end_time_stamp': '20260504210000', 'minute_interval': 5}
2026-05-05 16:18:29,942 - root - INFO - Fetching minute data with payload: {'ps_key_list': ['1445767_7_14_1', '1445767_7_12_1', '1445767_7_11_1', '1445767_7_5_1', '1445767_7_6_1', '1445767_7_4_1'], 'points': 'p8030,p8031,p8032,p8033,p8018,p8014', 'start_time_stamp': '20260504000000', 'end_time_stamp': '20260504030000', 'minute_interval': 5}
2026-05-05 16:18:29,950 - root - INFO - Successfully upserted 148 data points.
2026-05-05 16:18:29,953 - root - INFO - Fetching minute data with payload: {'ps_key_list': ['1445767_7_14_1', '1445767_7_12_1', '1445767_7_11_1', '1445767_7_5_1', '1445767_7_6_1', '1445767_7_4_1'], 'points': 'p8030,p8031,p8032,p8033,p8018,p8014', 'start_time_stamp': '20260504090000', 'end_time_stamp': '20260504120000', 'minute_interval': 5}
2026-05-05 16:18:29,999 - root - INFO - Successfully upserted 148 data points.
2026-05-05 16:18:30,075 - root - INFO - Fetching minute data with payload: {'ps_key_list': ['1445767_7_14_1', '1445767_7_12_1', '1445767_7_11_1', '1445767_7_5_1', '1445767_7_6_1', '1445767_7_4_1'], 'points': 'p8030,p8031,p8032,p8033,p8018,p8014', 'start_time_stamp': '20260504030000', 'end_time_stamp': '20260504060000', 'minute_interval': 5}
2026-05-05 16:18:30,858 - root - INFO - Login response status code: 200
2026-05-05 16:18:30,859 - root - INFO - Successfully logged into FusionSolar.
2026-05-05 16:18:30,861 - root - INFO - Re-login successful. Retrying original request...
2026-05-05 16:18:30,862 - root - INFO - Making API request to: https://sg5.fusionsolar.huawei.com/rest/openapi/pvms/nbi/v1/device/history
2026-05-05 16:18:30,862 - root - INFO - Request payload: {'devDn': 'NE=78317345', 'devTypeId': 17, 'startTime': 1777741200000, 'endTime': 1777827600000}
2026-05-05 16:18:30,879 - root - INFO - Successfully upserted 185 data points.
2026-05-05 16:18:30,879 - root - INFO - Fetching minute data with payload: {'ps_key_list': ['1445767_5_13_1', '1445767_5_9_1', '1445767_5_8_1', '1445767_5_7_1'], 'points': 'p2003,p2001,p2005,p2007,p2009,p2010,p2022,p2016,p2012', 'start_time_stamp': '20260504150000', 'end_time_stamp': '20260504180000', 'minute_interval': 5}
2026-05-05 16:18:31,299 - root - INFO - Response status code: 200
2026-05-05 16:18:31,299 - root - INFO - API response from https://sg5.fusionsolar.huawei.com/rest/openapi/pvms/nbi/v1/device/history (truncated): {'failCode': 407, 'success': False, 'message': 'Interface access frequency:0.39333333333333337/1second', 'data': []}
2026-05-05 16:18:31,301 - root - ERROR - API rate limit hit even after waiting. Cannot proceed.
2026-05-05 16:18:31,305 - root - WARNING - Failed to fetch historical data
2026-05-05 16:18:31,306 - root - INFO - Using single devDn for device/history (API: one device per query)
2026-05-05 16:18:31,309 - root - INFO - Fetching historical data for 1 devices of type meter
2026-05-05 16:18:31,310 - root - INFO - Making API request to: https://sg5.fusionsolar.huawei.com/rest/openapi/pvms/nbi/v1/device/history
2026-05-05 16:18:31,310 - root - INFO - Request payload: {'devDn': 'NE=78317344', 'devTypeId': 17, 'startTime': 1777741200000, 'endTime': 1777827600000}
2026-05-05 16:18:31,312 - root - INFO - Successfully upserted 185 data points.
2026-05-05 16:18:31,312 - root - INFO - Fetching minute data with payload: {'ps_key_list': ['1445767_5_13_1', '1445767_5_9_1', '1445767_5_8_1', '1445767_5_7_1'], 'points': 'p2003,p2001,p2005,p2007,p2009,p2010,p2022,p2016,p2012', 'start_time_stamp': '20260504120000', 'end_time_stamp': '20260504150000', 'minute_interval': 5}
2026-05-05 16:18:32,025 - root - INFO - Successfully upserted 180 data points.
2026-05-05 16:18:32,026 - root - INFO - Fetching minute data with payload: {'ps_key_list': ['1445767_5_13_1', '1445767_5_9_1', '1445767_5_8_1', '1445767_5_7_1'], 'points': 'p2003,p2001,p2005,p2007,p2009,p2010,p2022,p2016,p2012', 'start_time_stamp': '20260504210000', 'end_time_stamp': '20260504235959', 'minute_interval': 5}
2026-05-05 16:18:32,328 - root - INFO - Successfully upserted 185 data points.
2026-05-05 16:18:32,328 - root - INFO - Fetching minute data with payload: {'ps_key_list': ['1445767_5_13_1', '1445767_5_9_1', '1445767_5_8_1', '1445767_5_7_1'], 'points': 'p2003,p2001,p2005,p2007,p2009,p2010,p2022,p2016,p2012', 'start_time_stamp': '20260504060000', 'end_time_stamp': '20260504090000', 'minute_interval': 5}
2026-05-05 16:18:32,897 - root - INFO - Response status code: 200
2026-05-05 16:18:32,906 - root - INFO - API response from https://sg5.fusionsolar.huawei.com/rest/openapi/pvms/nbi/v1/device/history (truncated): {'failCode': 0, 'success': True, 'message': 'historical data information query successful.', 'data': [{'devDn': 'NE=78317344', 'collectTime': 1777741200000, 'dataItems': {'active_cap': 0.14, 'power_factor': 0.68, 'a_i': 0.4, 'c_i': 0.0, 'b_i': 1.6, 'reverse_reactive_valley': None, 'positive_reactive_peak': None, 'reverse_reactive_peak': None, 'reverse_active_peak': None, 'positive_active_peak': None, 'a_u': 224.21, 'reactive_power': 336.0, 'c_u': 225.21, 'total_apparent_power': 0.46, 'bc_u': 392...
2026-05-05 16:18:32,911 - root - INFO - API Response type: <class 'dict'>
2026-05-05 16:18:32,911 - root - INFO - API Response keys: ['failCode', 'success', 'message', 'data']
2026-05-05 16:18:32,912 - root - INFO - API Response data is a list with 289 items
2026-05-05 16:18:32,912 - root - INFO - API Response has failCode: 0, message: historical data information query successful.
2026-05-05 16:18:32,913 - root - INFO - Using alternate response format: data as list
2026-05-05 16:18:32,913 - root - INFO - Received 289 data points from API
2026-05-05 16:18:32,913 - root - INFO - Sample data point structure: ['devDn', 'collectTime', 'dataItems']
2026-05-05 16:18:33,026 - root - INFO - Successfully upserted 289 data points.
2026-05-05 16:18:33,060 - root - INFO - Successfully upserted 185 data points.
2026-05-05 16:18:33,061 - root - INFO - Fetching minute data with payload: {'ps_key_list': ['1445767_5_13_1', '1445767_5_9_1', '1445767_5_8_1', '1445767_5_7_1'], 'points': 'p2003,p2001,p2005,p2007,p2009,p2010,p2022,p2016,p2012', 'start_time_stamp': '20260504000000', 'end_time_stamp': '20260504030000', 'minute_interval': 5}
2026-05-05 16:18:33,265 - root - INFO - Successfully upserted 185 data points.
2026-05-05 16:18:33,266 - root - INFO - Fetching minute data with payload: {'ps_key_list': ['1445767_5_13_1', '1445767_5_9_1', '1445767_5_8_1', '1445767_5_7_1'], 'points': 'p2003,p2001,p2005,p2007,p2009,p2010,p2022,p2016,p2012', 'start_time_stamp': '20260504030000', 'end_time_stamp': '20260504060000', 'minute_interval': 5}
2026-05-05 16:18:33,267 - root - INFO - Successfully upserted 185 data points.
2026-05-05 16:18:33,268 - root - INFO - Successfully upserted 185 data points.
2026-05-05 16:18:33,268 - root - INFO - Fetching minute data with payload: {'ps_key_list': ['1445767_5_13_1', '1445767_5_9_1', '1445767_5_8_1', '1445767_5_7_1'], 'points': 'p2003,p2001,p2005,p2007,p2009,p2010,p2022,p2016,p2012', 'start_time_stamp': '20260504090000', 'end_time_stamp': '20260504120000', 'minute_interval': 5}
2026-05-05 16:18:33,269 - root - INFO - Fetching minute data with payload: {'ps_key_list': ['1445767_5_13_1', '1445767_5_9_1', '1445767_5_8_1', '1445767_5_7_1'], 'points': 'p2003,p2001,p2005,p2007,p2009,p2010,p2022,p2016,p2012', 'start_time_stamp': '20260504180000', 'end_time_stamp': '20260504210000', 'minute_interval': 5}
2026-05-05 16:18:33,557 - root - INFO - Successfully upserted 148 data points.
2026-05-05 16:18:33,558 - root - INFO - Fetching minute data with payload: {'ps_key_list': ['1445767_1_3_1', '1445767_1_2_1', '1445767_1_1_1'], 'points': 'p96,p97,p98,p99,p100,p101,p102,p103,p104,p105,p106,p107,p108,p109,p110,p111,p112,p113,p7166,p7167,p7168,p7169,p7170,p7171,p70,p71,p72,p73,p74,p75,p76,p77,p78,p79,p80,p81,p82,p83,p84,p85,p92,p93,p313,p314,p315,p316,p317,p318', 'start_time_stamp': '20260504150000', 'end_time_stamp': '20260504180000', 'minute_interval': 5}
2026-05-05 16:18:34,123 - root - INFO - Successfully upserted 148 data points.
2026-05-05 16:18:34,123 - root - INFO - Fetching minute data with payload: {'ps_key_list': ['1445767_1_3_1', '1445767_1_2_1', '1445767_1_1_1'], 'points': 'p96,p97,p98,p99,p100,p101,p102,p103,p104,p105,p106,p107,p108,p109,p110,p111,p112,p113,p7166,p7167,p7168,p7169,p7170,p7171,p70,p71,p72,p73,p74,p75,p76,p77,p78,p79,p80,p81,p82,p83,p84,p85,p92,p93,p313,p314,p315,p316,p317,p318', 'start_time_stamp': '20260504120000', 'end_time_stamp': '20260504150000', 'minute_interval': 5}
2026-05-05 16:18:34,590 - root - INFO - Successfully upserted 144 data points.
2026-05-05 16:18:34,590 - root - INFO - Fetching minute data with payload: {'ps_key_list': ['1445767_1_3_1', '1445767_1_2_1', '1445767_1_1_1'], 'points': 'p96,p97,p98,p99,p100,p101,p102,p103,p104,p105,p106,p107,p108,p109,p110,p111,p112,p113,p7166,p7167,p7168,p7169,p7170,p7171,p70,p71,p72,p73,p74,p75,p76,p77,p78,p79,p80,p81,p82,p83,p84,p85,p92,p93,p313,p314,p315,p316,p317,p318', 'start_time_stamp': '20260504210000', 'end_time_stamp': '20260504235959', 'minute_interval': 5}
2026-05-05 16:18:35,010 - root - INFO - Successfully upserted 148 data points.
2026-05-05 16:18:35,011 - root - INFO - Fetching minute data with payload: {'ps_key_list': ['1445767_1_3_1', '1445767_1_2_1', '1445767_1_1_1'], 'points': 'p96,p97,p98,p99,p100,p101,p102,p103,p104,p105,p106,p107,p108,p109,p110,p111,p112,p113,p7166,p7167,p7168,p7169,p7170,p7171,p70,p71,p72,p73,p74,p75,p76,p77,p78,p79,p80,p81,p82,p83,p84,p85,p92,p93,p313,p314,p315,p316,p317,p318', 'start_time_stamp': '20260504060000', 'end_time_stamp': '20260504090000', 'minute_interval': 5}
2026-05-05 16:18:35,922 - root - INFO - Successfully upserted 148 data points.
2026-05-05 16:18:35,922 - root - INFO - Fetching minute data with payload: {'ps_key_list': ['1445767_1_3_1', '1445767_1_2_1', '1445767_1_1_1'], 'points': 'p96,p97,p98,p99,p100,p101,p102,p103,p104,p105,p106,p107,p108,p109,p110,p111,p112,p113,p7166,p7167,p7168,p7169,p7170,p7171,p70,p71,p72,p73,p74,p75,p76,p77,p78,p79,p80,p81,p82,p83,p84,p85,p92,p93,p313,p314,p315,p316,p317,p318', 'start_time_stamp': '20260504000000', 'end_time_stamp': '20260504030000', 'minute_interval': 5}
2026-05-05 16:18:36,043 - root - INFO - Using single devDn for device/history (API: one device per query)
2026-05-05 16:18:36,049 - root - INFO - Fetching historical data for 1 devices of type meter
2026-05-05 16:18:36,050 - root - INFO - Making API request to: https://sg5.fusionsolar.huawei.com/rest/openapi/pvms/nbi/v1/device/history
2026-05-05 16:18:36,050 - root - INFO - Request payload: {'devDn': 'NE=61851549', 'devTypeId': 17, 'startTime': 1777741200000, 'endTime': 1777827600000}
2026-05-05 16:18:36,100 - root - INFO - Successfully upserted 148 data points.
2026-05-05 16:18:36,101 - root - INFO - Fetching minute data with payload: {'ps_key_list': ['1445767_1_3_1', '1445767_1_2_1', '1445767_1_1_1'], 'points': 'p96,p97,p98,p99,p100,p101,p102,p103,p104,p105,p106,p107,p108,p109,p110,p111,p112,p113,p7166,p7167,p7168,p7169,p7170,p7171,p70,p71,p72,p73,p74,p75,p76,p77,p78,p79,p80,p81,p82,p83,p84,p85,p92,p93,p313,p314,p315,p316,p317,p318', 'start_time_stamp': '20260504090000', 'end_time_stamp': '20260504120000', 'minute_interval': 5}
2026-05-05 16:18:36,145 - root - INFO - Successfully upserted 148 data points.
2026-05-05 16:18:36,187 - root - INFO - Successfully upserted 148 data points.
2026-05-05 16:18:36,218 - root - INFO - Fetching minute data with payload: {'ps_key_list': ['1445767_1_3_1', '1445767_1_2_1', '1445767_1_1_1'], 'points': 'p96,p97,p98,p99,p100,p101,p102,p103,p104,p105,p106,p107,p108,p109,p110,p111,p112,p113,p7166,p7167,p7168,p7169,p7170,p7171,p70,p71,p72,p73,p74,p75,p76,p77,p78,p79,p80,p81,p82,p83,p84,p85,p92,p93,p313,p314,p315,p316,p317,p318', 'start_time_stamp': '20260504180000', 'end_time_stamp': '20260504210000', 'minute_interval': 5}
2026-05-05 16:18:36,219 - root - INFO - Successfully upserted 111 data points.
2026-05-05 16:18:36,222 - root - INFO - Fetching minute data with payload: {'ps_key_list': ['1445767_1_3_1', '1445767_1_2_1', '1445767_1_1_1'], 'points': 'p96,p97,p98,p99,p100,p101,p102,p103,p104,p105,p106,p107,p108,p109,p110,p111,p112,p113,p7166,p7167,p7168,p7169,p7170,p7171,p70,p71,p72,p73,p74,p75,p76,p77,p78,p79,p80,p81,p82,p83,p84,p85,p92,p93,p313,p314,p315,p316,p317,p318', 'start_time_stamp': '20260504030000', 'end_time_stamp': '20260504060000', 'minute_interval': 5}
2026-05-05 16:18:36,222 - root - INFO - Fetching minute data with payload: {'ps_key_list': ['1614122_7_12_1', '1614122_7_18_1', '1614122_7_11_1', '1614122_7_10_1', '1614122_7_14_1', '1614122_7_17_1'], 'points': 'p8030,p8031,p8032,p8033,p8018,p8014', 'start_time_stamp': '20260504150000', 'end_time_stamp': '20260504180000', 'minute_interval': 5}
2026-05-05 16:18:36,774 - root - INFO - Response status code: 200
2026-05-05 16:18:36,788 - root - INFO - API response from https://sg5.fusionsolar.huawei.com/rest/openapi/pvms/nbi/v1/device/history (truncated): {'failCode': 305, 'immediately': True, 'message': 'USER_MUST_RELOGIN', 'success': False}
2026-05-05 16:18:36,813 - root - WARNING - Session expired. Attempting to re-login...
2026-05-05 16:18:36,813 - root - INFO - Attempting to login to FusionSolar API at https://sg5.fusionsolar.huawei.com/thirdData/login
2026-05-05 16:18:36,882 - root - INFO - Successfully upserted 111 data points.
2026-05-05 16:18:36,882 - root - INFO - Fetching minute data with payload: {'ps_key_list': ['1614122_7_12_1', '1614122_7_18_1', '1614122_7_11_1', '1614122_7_10_1', '1614122_7_14_1', '1614122_7_17_1'], 'points': 'p8030,p8031,p8032,p8033,p8018,p8014', 'start_time_stamp': '20260504120000', 'end_time_stamp': '20260504150000', 'minute_interval': 5}
2026-05-05 16:18:37,252 - root - INFO - Successfully upserted 108 data points.
2026-05-05 16:18:37,252 - root - INFO - Fetching minute data with payload: {'ps_key_list': ['1614122_7_12_1', '1614122_7_18_1', '1614122_7_11_1', '1614122_7_10_1', '1614122_7_14_1', '1614122_7_17_1'], 'points': 'p8030,p8031,p8032,p8033,p8018,p8014', 'start_time_stamp': '20260504210000', 'end_time_stamp': '20260504235959', 'minute_interval': 5}
2026-05-05 16:18:37,368 - root - INFO - Login response status code: 200
2026-05-05 16:18:37,369 - root - INFO - Successfully logged into FusionSolar.
2026-05-05 16:18:37,371 - root - INFO - Re-login successful. Retrying original request...
2026-05-05 16:18:37,372 - root - INFO - Making API request to: https://sg5.fusionsolar.huawei.com/rest/openapi/pvms/nbi/v1/device/history
2026-05-05 16:18:37,372 - root - INFO - Request payload: {'devDn': 'NE=61851549', 'devTypeId': 17, 'startTime': 1777741200000, 'endTime': 1777827600000}
2026-05-05 16:18:37,744 - root - INFO - Response status code: 200
2026-05-05 16:18:37,745 - root - INFO - API response from https://sg5.fusionsolar.huawei.com/rest/openapi/pvms/nbi/v1/device/history (truncated): {'failCode': 407, 'success': False, 'message': 'Interface access frequency:0.39333333333333337/1second', 'data': []}
2026-05-05 16:18:37,746 - root - ERROR - API rate limit hit even after waiting. Cannot proceed.
2026-05-05 16:18:37,750 - root - WARNING - Failed to fetch historical data
2026-05-05 16:18:37,750 - root - INFO - Using single devDn for device/history (API: one device per query)
2026-05-05 16:18:37,753 - root - INFO - Fetching historical data for 1 devices of type meter
2026-05-05 16:18:37,755 - root - INFO - Making API request to: https://sg5.fusionsolar.huawei.com/rest/openapi/pvms/nbi/v1/device/history
2026-05-05 16:18:37,756 - root - INFO - Request payload: {'devDn': 'NE=61851548', 'devTypeId': 17, 'startTime': 1777741200000, 'endTime': 1777827600000}
2026-05-05 16:18:37,807 - root - INFO - Successfully upserted 111 data points.
2026-05-05 16:18:37,808 - root - INFO - Fetching minute data with payload: {'ps_key_list': ['1614122_7_12_1', '1614122_7_18_1', '1614122_7_11_1', '1614122_7_10_1', '1614122_7_14_1', '1614122_7_17_1'], 'points': 'p8030,p8031,p8032,p8033,p8018,p8014', 'start_time_stamp': '20260504060000', 'end_time_stamp': '20260504090000', 'minute_interval': 5}
2026-05-05 16:18:38,163 - root - INFO - Response status code: 200
2026-05-05 16:18:38,163 - root - INFO - API response from https://sg5.fusionsolar.huawei.com/rest/openapi/pvms/nbi/v1/device/history (truncated): {'failCode': 407, 'success': False, 'message': 'Interface access frequency:0.39333333333333337/1second', 'data': []}
2026-05-05 16:18:38,165 - root - WARNING - API access frequency too high. Waiting 30 seconds before retry...
2026-05-05 16:18:38,848 - root - INFO - Successfully upserted 111 data points.
2026-05-05 16:18:38,849 - root - INFO - Fetching minute data with payload: {'ps_key_list': ['1614122_7_12_1', '1614122_7_18_1', '1614122_7_11_1', '1614122_7_10_1', '1614122_7_14_1', '1614122_7_17_1'], 'points': 'p8030,p8031,p8032,p8033,p8018,p8014', 'start_time_stamp': '20260504000000', 'end_time_stamp': '20260504030000', 'minute_interval': 5}
2026-05-05 16:18:39,172 - root - INFO - Successfully upserted 111 data points.
2026-05-05 16:18:39,174 - root - INFO - Fetching minute data with payload: {'ps_key_list': ['1614122_7_12_1', '1614122_7_18_1', '1614122_7_11_1', '1614122_7_10_1', '1614122_7_14_1', '1614122_7_17_1'], 'points': 'p8030,p8031,p8032,p8033,p8018,p8014', 'start_time_stamp': '20260504090000', 'end_time_stamp': '20260504120000', 'minute_interval': 5}
2026-05-05 16:18:39,225 - root - INFO - Successfully upserted 111 data points.
2026-05-05 16:18:39,227 - root - INFO - Fetching minute data with payload: {'ps_key_list': ['1614122_7_12_1', '1614122_7_18_1', '1614122_7_11_1', '1614122_7_10_1', '1614122_7_14_1', '1614122_7_17_1'], 'points': 'p8030,p8031,p8032,p8033,p8018,p8014', 'start_time_stamp': '20260504180000', 'end_time_stamp': '20260504210000', 'minute_interval': 5}
2026-05-05 16:18:39,236 - root - INFO - Successfully upserted 111 data points.
2026-05-05 16:18:39,237 - root - INFO - Fetching minute data with payload: {'ps_key_list': ['1614122_7_12_1', '1614122_7_18_1', '1614122_7_11_1', '1614122_7_10_1', '1614122_7_14_1', '1614122_7_17_1'], 'points': 'p8030,p8031,p8032,p8033,p8018,p8014', 'start_time_stamp': '20260504030000', 'end_time_stamp': '20260504060000', 'minute_interval': 5}
2026-05-05 16:18:39,654 - root - INFO - Successfully upserted 185 data points.
2026-05-05 16:18:39,654 - root - INFO - Fetching minute data with payload: {'ps_key_list': ['1614122_1_3_1', '1614122_1_7_1', '1614122_1_4_1', '1614122_1_2_1', '1614122_1_1_1', '1614122_1_6_1', '1614122_1_5_1'], 'points': 'p96,p97,p98,p99,p100,p101,p102,p103,p104,p105,p106,p107,p108,p109,p110,p111,p112,p113,p7166,p7167,p7168,p7169,p7170,p7171,p70,p71,p72,p73,p74,p75,p76,p77,p78,p79,p80,p81,p82,p83,p84,p85,p92,p93,p313,p314,p315,p316,p317,p318', 'start_time_stamp': '20260504150000', 'end_time_stamp': '20260504180000', 'minute_interval': 5}
2026-05-05 16:18:39,709 - root - INFO - Successfully upserted 185 data points.
2026-05-05 16:18:39,709 - root - INFO - Fetching minute data with payload: {'ps_key_list': ['1614122_1_3_1', '1614122_1_7_1', '1614122_1_4_1', '1614122_1_2_1', '1614122_1_1_1', '1614122_1_6_1', '1614122_1_5_1'], 'points': 'p96,p97,p98,p99,p100,p101,p102,p103,p104,p105,p106,p107,p108,p109,p110,p111,p112,p113,p7166,p7167,p7168,p7169,p7170,p7171,p70,p71,p72,p73,p74,p75,p76,p77,p78,p79,p80,p81,p82,p83,p84,p85,p92,p93,p313,p314,p315,p316,p317,p318', 'start_time_stamp': '20260504120000', 'end_time_stamp': '20260504150000', 'minute_interval': 5}
2026-05-05 16:18:39,842 - root - INFO - Successfully upserted 180 data points.
2026-05-05 16:18:39,842 - root - INFO - Fetching minute data with payload: {'ps_key_list': ['1614122_1_3_1', '1614122_1_7_1', '1614122_1_4_1', '1614122_1_2_1', '1614122_1_1_1', '1614122_1_6_1', '1614122_1_5_1'], 'points': 'p96,p97,p98,p99,p100,p101,p102,p103,p104,p105,p106,p107,p108,p109,p110,p111,p112,p113,p7166,p7167,p7168,p7169,p7170,p7171,p70,p71,p72,p73,p74,p75,p76,p77,p78,p79,p80,p81,p82,p83,p84,p85,p92,p93,p313,p314,p315,p316,p317,p318', 'start_time_stamp': '20260504210000', 'end_time_stamp': '20260504235959', 'minute_interval': 5}
2026-05-05 16:18:40,572 - root - INFO - Successfully upserted 185 data points.
2026-05-05 16:18:40,572 - root - INFO - Fetching minute data with payload: {'ps_key_list': ['1614122_1_3_1', '1614122_1_7_1', '1614122_1_4_1', '1614122_1_2_1', '1614122_1_1_1', '1614122_1_6_1', '1614122_1_5_1'], 'points': 'p96,p97,p98,p99,p100,p101,p102,p103,p104,p105,p106,p107,p108,p109,p110,p111,p112,p113,p7166,p7167,p7168,p7169,p7170,p7171,p70,p71,p72,p73,p74,p75,p76,p77,p78,p79,p80,p81,p82,p83,p84,p85,p92,p93,p313,p314,p315,p316,p317,p318', 'start_time_stamp': '20260504060000', 'end_time_stamp': '20260504090000', 'minute_interval': 5}
2026-05-05 16:18:41,663 - root - INFO - Successfully upserted 185 data points.
2026-05-05 16:18:41,664 - root - INFO - Fetching minute data with payload: {'ps_key_list': ['1614122_1_3_1', '1614122_1_7_1', '1614122_1_4_1', '1614122_1_2_1', '1614122_1_1_1', '1614122_1_6_1', '1614122_1_5_1'], 'points': 'p96,p97,p98,p99,p100,p101,p102,p103,p104,p105,p106,p107,p108,p109,p110,p111,p112,p113,p7166,p7167,p7168,p7169,p7170,p7171,p70,p71,p72,p73,p74,p75,p76,p77,p78,p79,p80,p81,p82,p83,p84,p85,p92,p93,p313,p314,p315,p316,p317,p318', 'start_time_stamp': '20260504000000', 'end_time_stamp': '20260504030000', 'minute_interval': 5}
2026-05-05 16:18:41,939 - root - INFO - Successfully upserted 185 data points.
2026-05-05 16:18:41,940 - root - INFO - Fetching minute data with payload: {'ps_key_list': ['1614122_1_3_1', '1614122_1_7_1', '1614122_1_4_1', '1614122_1_2_1', '1614122_1_1_1', '1614122_1_6_1', '1614122_1_5_1'], 'points': 'p96,p97,p98,p99,p100,p101,p102,p103,p104,p105,p106,p107,p108,p109,p110,p111,p112,p113,p7166,p7167,p7168,p7169,p7170,p7171,p70,p71,p72,p73,p74,p75,p76,p77,p78,p79,p80,p81,p82,p83,p84,p85,p92,p93,p313,p314,p315,p316,p317,p318', 'start_time_stamp': '20260504090000', 'end_time_stamp': '20260504120000', 'minute_interval': 5}
2026-05-05 16:18:42,002 - root - INFO - Successfully upserted 185 data points.
2026-05-05 16:18:42,002 - root - INFO - Fetching minute data with payload: {'ps_key_list': ['1614122_1_3_1', '1614122_1_7_1', '1614122_1_4_1', '1614122_1_2_1', '1614122_1_1_1', '1614122_1_6_1', '1614122_1_5_1'], 'points': 'p96,p97,p98,p99,p100,p101,p102,p103,p104,p105,p106,p107,p108,p109,p110,p111,p112,p113,p7166,p7167,p7168,p7169,p7170,p7171,p70,p71,p72,p73,p74,p75,p76,p77,p78,p79,p80,p81,p82,p83,p84,p85,p92,p93,p313,p314,p315,p316,p317,p318', 'start_time_stamp': '20260504180000', 'end_time_stamp': '20260504210000', 'minute_interval': 5}
2026-05-05 16:18:42,097 - root - INFO - Successfully upserted 185 data points.
2026-05-05 16:18:42,098 - root - INFO - Fetching minute data with payload: {'ps_key_list': ['1614122_1_3_1', '1614122_1_7_1', '1614122_1_4_1', '1614122_1_2_1', '1614122_1_1_1', '1614122_1_6_1', '1614122_1_5_1'], 'points': 'p96,p97,p98,p99,p100,p101,p102,p103,p104,p105,p106,p107,p108,p109,p110,p111,p112,p113,p7166,p7167,p7168,p7169,p7170,p7171,p70,p71,p72,p73,p74,p75,p76,p77,p78,p79,p80,p81,p82,p83,p84,p85,p92,p93,p313,p314,p315,p316,p317,p318', 'start_time_stamp': '20260504030000', 'end_time_stamp': '20260504060000', 'minute_interval': 5}
2026-05-05 16:18:42,478 - root - INFO - Successfully upserted 259 data points.
2026-05-05 16:18:42,479 - root - INFO - Fetching minute data with payload: {'ps_key_list': ['1614122_5_19_1', '1614122_5_16_1', '1614122_5_15_1', '1614122_5_14_1'], 'points': 'p2003,p2001,p2005,p2007,p2009,p2010,p2022,p2016,p2012', 'start_time_stamp': '20260504120000', 'end_time_stamp': '20260504150000', 'minute_interval': 5}
2026-05-05 16:18:42,583 - root - INFO - Successfully upserted 259 data points.
2026-05-05 16:18:42,583 - root - INFO - Fetching minute data with payload: {'ps_key_list': ['1614122_5_19_1', '1614122_5_16_1', '1614122_5_15_1', '1614122_5_14_1'], 'points': 'p2003,p2001,p2005,p2007,p2009,p2010,p2022,p2016,p2012', 'start_time_stamp': '20260504150000', 'end_time_stamp': '20260504180000', 'minute_interval': 5}
2026-05-05 16:18:42,583 - root - INFO - Successfully upserted 252 data points.
2026-05-05 16:18:42,585 - root - INFO - Fetching minute data with payload: {'ps_key_list': ['1614122_5_19_1', '1614122_5_16_1', '1614122_5_15_1', '1614122_5_14_1'], 'points': 'p2003,p2001,p2005,p2007,p2009,p2010,p2022,p2016,p2012', 'start_time_stamp': '20260504210000', 'end_time_stamp': '20260504235959', 'minute_interval': 5}
2026-05-05 16:18:43,240 - root - INFO - Successfully upserted 259 data points.
2026-05-05 16:18:43,241 - root - INFO - Fetching minute data with payload: {'ps_key_list': ['1614122_5_19_1', '1614122_5_16_1', '1614122_5_15_1', '1614122_5_14_1'], 'points': 'p2003,p2001,p2005,p2007,p2009,p2010,p2022,p2016,p2012', 'start_time_stamp': '20260504060000', 'end_time_stamp': '20260504090000', 'minute_interval': 5}
2026-05-05 16:18:44,297 - root - INFO - Successfully upserted 259 data points.
2026-05-05 16:18:44,297 - root - INFO - Fetching minute data with payload: {'ps_key_list': ['1614122_5_19_1', '1614122_5_16_1', '1614122_5_15_1', '1614122_5_14_1'], 'points': 'p2003,p2001,p2005,p2007,p2009,p2010,p2022,p2016,p2012', 'start_time_stamp': '20260504000000', 'end_time_stamp': '20260504030000', 'minute_interval': 5}
2026-05-05 16:18:44,691 - root - INFO - Successfully upserted 259 data points.
2026-05-05 16:18:44,691 - root - INFO - Fetching minute data with payload: {'ps_key_list': ['1614122_5_19_1', '1614122_5_16_1', '1614122_5_15_1', '1614122_5_14_1'], 'points': 'p2003,p2001,p2005,p2007,p2009,p2010,p2022,p2016,p2012', 'start_time_stamp': '20260504090000', 'end_time_stamp': '20260504120000', 'minute_interval': 5}
2026-05-05 16:18:44,828 - root - INFO - Successfully upserted 259 data points.
2026-05-05 16:18:44,828 - root - INFO - Fetching minute data with payload: {'ps_key_list': ['1614122_5_19_1', '1614122_5_16_1', '1614122_5_15_1', '1614122_5_14_1'], 'points': 'p2003,p2001,p2005,p2007,p2009,p2010,p2022,p2016,p2012', 'start_time_stamp': '20260504030000', 'end_time_stamp': '20260504060000', 'minute_interval': 5}
2026-05-05 16:18:44,947 - root - INFO - Successfully upserted 259 data points.
2026-05-05 16:18:44,947 - root - INFO - Fetching minute data with payload: {'ps_key_list': ['1614122_5_19_1', '1614122_5_16_1', '1614122_5_15_1', '1614122_5_14_1'], 'points': 'p2003,p2001,p2005,p2007,p2009,p2010,p2022,p2016,p2012', 'start_time_stamp': '20260504180000', 'end_time_stamp': '20260504210000', 'minute_interval': 5}
2026-05-05 16:18:45,217 - root - INFO - Successfully upserted 135 data points.
2026-05-05 16:18:45,218 - root - INFO - Fetching minute data with payload: {'ps_key_list': ['1479456_5_16_2', '1479456_5_27_1', '1479456_5_23_1', '1479456_5_22_1', '1479456_5_15_2', '1479456_5_14_2', '1479456_5_5_1', '1479456_5_26_1', '1479456_5_25_1', '1479456_5_24_1', '1479456_5_10_2', '1479456_5_9_2', '1479456_5_21_1', '1479456_5_19_1', '1479456_5_18_1', '1479456_5_17_1'], 'points': 'p2003,p2001,p2005,p2007,p2009,p2010,p2022,p2016,p2012', 'start_time_stamp': '20260504120000', 'end_time_stamp': '20260504150000', 'minute_interval': 5}
2026-05-05 16:18:45,394 - root - INFO - Successfully upserted 144 data points.
2026-05-05 16:18:45,395 - root - INFO - Fetching minute data with payload: {'ps_key_list': ['1479456_5_16_2', '1479456_5_27_1', '1479456_5_23_1', '1479456_5_22_1', '1479456_5_15_2', '1479456_5_14_2', '1479456_5_5_1', '1479456_5_26_1', '1479456_5_25_1', '1479456_5_24_1', '1479456_5_10_2', '1479456_5_9_2', '1479456_5_21_1', '1479456_5_19_1', '1479456_5_18_1', '1479456_5_17_1'], 'points': 'p2003,p2001,p2005,p2007,p2009,p2010,p2022,p2016,p2012', 'start_time_stamp': '20260504210000', 'end_time_stamp': '20260504235959', 'minute_interval': 5}
2026-05-05 16:18:45,395 - root - INFO - Successfully upserted 138 data points.
2026-05-05 16:18:45,397 - root - INFO - Fetching minute data with payload: {'ps_key_list': ['1479456_5_16_2', '1479456_5_27_1', '1479456_5_23_1', '1479456_5_22_1', '1479456_5_15_2', '1479456_5_14_2', '1479456_5_5_1', '1479456_5_26_1', '1479456_5_25_1', '1479456_5_24_1', '1479456_5_10_2', '1479456_5_9_2', '1479456_5_21_1', '1479456_5_19_1', '1479456_5_18_1', '1479456_5_17_1'], 'points': 'p2003,p2001,p2005,p2007,p2009,p2010,p2022,p2016,p2012', 'start_time_stamp': '20260504150000', 'end_time_stamp': '20260504180000', 'minute_interval': 5}
2026-05-05 16:18:45,808 - root - INFO - Successfully upserted 145 data points.
2026-05-05 16:18:45,809 - root - INFO - Fetching minute data with payload: {'ps_key_list': ['1479456_5_16_2', '1479456_5_27_1', '1479456_5_23_1', '1479456_5_22_1', '1479456_5_15_2', '1479456_5_14_2', '1479456_5_5_1', '1479456_5_26_1', '1479456_5_25_1', '1479456_5_24_1', '1479456_5_10_2', '1479456_5_9_2', '1479456_5_21_1', '1479456_5_19_1', '1479456_5_18_1', '1479456_5_17_1'], 'points': 'p2003,p2001,p2005,p2007,p2009,p2010,p2022,p2016,p2012', 'start_time_stamp': '20260504060000', 'end_time_stamp': '20260504090000', 'minute_interval': 5}
2026-05-05 16:18:46,978 - root - INFO - Successfully upserted 111 data points.
2026-05-05 16:18:46,978 - root - INFO - Fetching minute data with payload: {'ps_key_list': ['1479456_5_16_2', '1479456_5_27_1', '1479456_5_23_1', '1479456_5_22_1', '1479456_5_15_2', '1479456_5_14_2', '1479456_5_5_1', '1479456_5_26_1', '1479456_5_25_1', '1479456_5_24_1', '1479456_5_10_2', '1479456_5_9_2', '1479456_5_21_1', '1479456_5_19_1', '1479456_5_18_1', '1479456_5_17_1'], 'points': 'p2003,p2001,p2005,p2007,p2009,p2010,p2022,p2016,p2012', 'start_time_stamp': '20260504000000', 'end_time_stamp': '20260504030000', 'minute_interval': 5}
2026-05-05 16:18:47,528 - root - INFO - Successfully upserted 148 data points.
2026-05-05 16:18:47,529 - root - INFO - Fetching minute data with payload: {'ps_key_list': ['1479456_5_16_2', '1479456_5_27_1', '1479456_5_23_1', '1479456_5_22_1', '1479456_5_15_2', '1479456_5_14_2', '1479456_5_5_1', '1479456_5_26_1', '1479456_5_25_1', '1479456_5_24_1', '1479456_5_10_2', '1479456_5_9_2', '1479456_5_21_1', '1479456_5_19_1', '1479456_5_18_1', '1479456_5_17_1'], 'points': 'p2003,p2001,p2005,p2007,p2009,p2010,p2022,p2016,p2012', 'start_time_stamp': '20260504090000', 'end_time_stamp': '20260504120000', 'minute_interval': 5}
2026-05-05 16:18:47,539 - root - INFO - Successfully upserted 111 data points.
2026-05-05 16:18:47,540 - root - INFO - Fetching minute data with payload: {'ps_key_list': ['1479456_5_16_2', '1479456_5_27_1', '1479456_5_23_1', '1479456_5_22_1', '1479456_5_15_2', '1479456_5_14_2', '1479456_5_5_1', '1479456_5_26_1', '1479456_5_25_1', '1479456_5_24_1', '1479456_5_10_2', '1479456_5_9_2', '1479456_5_21_1', '1479456_5_19_1', '1479456_5_18_1', '1479456_5_17_1'], 'points': 'p2003,p2001,p2005,p2007,p2009,p2010,p2022,p2016,p2012', 'start_time_stamp': '20260504030000', 'end_time_stamp': '20260504060000', 'minute_interval': 5}
2026-05-05 16:18:47,664 - root - INFO - Successfully upserted 128 data points.
2026-05-05 16:18:47,665 - root - INFO - Fetching minute data with payload: {'ps_key_list': ['1479456_5_16_2', '1479456_5_27_1', '1479456_5_23_1', '1479456_5_22_1', '1479456_5_15_2', '1479456_5_14_2', '1479456_5_5_1', '1479456_5_26_1', '1479456_5_25_1', '1479456_5_24_1', '1479456_5_10_2', '1479456_5_9_2', '1479456_5_21_1', '1479456_5_19_1', '1479456_5_18_1', '1479456_5_17_1'], 'points': 'p2003,p2001,p2005,p2007,p2009,p2010,p2022,p2016,p2012', 'start_time_stamp': '20260504180000', 'end_time_stamp': '20260504210000', 'minute_interval': 5}
2026-05-05 16:18:47,920 - root - INFO - Successfully upserted 37 data points.
2026-05-05 16:18:47,921 - root - INFO - Fetching minute data with payload: {'ps_key_list': ['1479456_1_12_1', '1479456_1_11_1', '1479456_1_10_1', '1479456_1_9_1', '1479456_1_8_1', '1479456_1_7_1', '1479456_1_6_1', '1479456_1_2_2', '1479456_1_5_2', '1479456_1_1_2', '1479456_1_8_2', '1479456_1_1_1', '1479456_1_4_2', '1479456_1_3_2', '1479456_1_16_1', '1479456_1_15_1', '1479456_1_14_1', '1479456_1_13_1'], 'points': 'p96,p97,p98,p99,p100,p101,p102,p103,p104,p105,p106,p107,p108,p109,p110,p111,p112,p113,p7166,p7167,p7168,p7169,p7170,p7171,p70,p71,p72,p73,p74,p75,p76,p77,p78,p79,p80,p81,p82,p83,p84,p85,p92,p93,p313,p314,p315,p316,p317,p318', 'start_time_stamp': '20260504120000', 'end_time_stamp': '20260504150000', 'minute_interval': 5}
2026-05-05 16:18:48,273 - root - INFO - Successfully upserted 37 data points.
2026-05-05 16:18:48,273 - root - INFO - Fetching minute data with payload: {'ps_key_list': ['1479456_1_12_1', '1479456_1_11_1', '1479456_1_10_1', '1479456_1_9_1', '1479456_1_8_1', '1479456_1_7_1', '1479456_1_6_1', '1479456_1_2_2', '1479456_1_5_2', '1479456_1_1_2', '1479456_1_8_2', '1479456_1_1_1', '1479456_1_4_2', '1479456_1_3_2', '1479456_1_16_1', '1479456_1_15_1', '1479456_1_14_1', '1479456_1_13_1'], 'points': 'p96,p97,p98,p99,p100,p101,p102,p103,p104,p105,p106,p107,p108,p109,p110,p111,p112,p113,p7166,p7167,p7168,p7169,p7170,p7171,p70,p71,p72,p73,p74,p75,p76,p77,p78,p79,p80,p81,p82,p83,p84,p85,p92,p93,p313,p314,p315,p316,p317,p318', 'start_time_stamp': '20260504150000', 'end_time_stamp': '20260504180000', 'minute_interval': 5}
2026-05-05 16:18:48,287 - root - INFO - Successfully upserted 36 data points.
2026-05-05 16:18:48,287 - root - INFO - Fetching minute data with payload: {'ps_key_list': ['1479456_1_12_1', '1479456_1_11_1', '1479456_1_10_1', '1479456_1_9_1', '1479456_1_8_1', '1479456_1_7_1', '1479456_1_6_1', '1479456_1_2_2', '1479456_1_5_2', '1479456_1_1_2', '1479456_1_8_2', '1479456_1_1_1', '1479456_1_4_2', '1479456_1_3_2', '1479456_1_16_1', '1479456_1_15_1', '1479456_1_14_1', '1479456_1_13_1'], 'points': 'p96,p97,p98,p99,p100,p101,p102,p103,p104,p105,p106,p107,p108,p109,p110,p111,p112,p113,p7166,p7167,p7168,p7169,p7170,p7171,p70,p71,p72,p73,p74,p75,p76,p77,p78,p79,p80,p81,p82,p83,p84,p85,p92,p93,p313,p314,p315,p316,p317,p318', 'start_time_stamp': '20260504210000', 'end_time_stamp': '20260504235959', 'minute_interval': 5}
2026-05-05 16:18:48,528 - root - INFO - Successfully upserted 37 data points.
2026-05-05 16:18:48,529 - root - INFO - Fetching minute data with payload: {'ps_key_list': ['1479456_1_12_1', '1479456_1_11_1', '1479456_1_10_1', '1479456_1_9_1', '1479456_1_8_1', '1479456_1_7_1', '1479456_1_6_1', '1479456_1_2_2', '1479456_1_5_2', '1479456_1_1_2', '1479456_1_8_2', '1479456_1_1_1', '1479456_1_4_2', '1479456_1_3_2', '1479456_1_16_1', '1479456_1_15_1', '1479456_1_14_1', '1479456_1_13_1'], 'points': 'p96,p97,p98,p99,p100,p101,p102,p103,p104,p105,p106,p107,p108,p109,p110,p111,p112,p113,p7166,p7167,p7168,p7169,p7170,p7171,p70,p71,p72,p73,p74,p75,p76,p77,p78,p79,p80,p81,p82,p83,p84,p85,p92,p93,p313,p314,p315,p316,p317,p318', 'start_time_stamp': '20260504060000', 'end_time_stamp': '20260504090000', 'minute_interval': 5}
2026-05-05 16:18:49,575 - root - INFO - Successfully upserted 37 data points.
2026-05-05 16:18:49,575 - root - INFO - Fetching minute data with payload: {'ps_key_list': ['1479456_1_12_1', '1479456_1_11_1', '1479456_1_10_1', '1479456_1_9_1', '1479456_1_8_1', '1479456_1_7_1', '1479456_1_6_1', '1479456_1_2_2', '1479456_1_5_2', '1479456_1_1_2', '1479456_1_8_2', '1479456_1_1_1', '1479456_1_4_2', '1479456_1_3_2', '1479456_1_16_1', '1479456_1_15_1', '1479456_1_14_1', '1479456_1_13_1'], 'points': 'p96,p97,p98,p99,p100,p101,p102,p103,p104,p105,p106,p107,p108,p109,p110,p111,p112,p113,p7166,p7167,p7168,p7169,p7170,p7171,p70,p71,p72,p73,p74,p75,p76,p77,p78,p79,p80,p81,p82,p83,p84,p85,p92,p93,p313,p314,p315,p316,p317,p318', 'start_time_stamp': '20260504000000', 'end_time_stamp': '20260504030000', 'minute_interval': 5}
2026-05-05 16:18:50,355 - root - INFO - Successfully upserted 37 data points.
2026-05-05 16:18:50,355 - root - INFO - Fetching minute data with payload: {'ps_key_list': ['1479456_1_12_1', '1479456_1_11_1', '1479456_1_10_1', '1479456_1_9_1', '1479456_1_8_1', '1479456_1_7_1', '1479456_1_6_1', '1479456_1_2_2', '1479456_1_5_2', '1479456_1_1_2', '1479456_1_8_2', '1479456_1_1_1', '1479456_1_4_2', '1479456_1_3_2', '1479456_1_16_1', '1479456_1_15_1', '1479456_1_14_1', '1479456_1_13_1'], 'points': 'p96,p97,p98,p99,p100,p101,p102,p103,p104,p105,p106,p107,p108,p109,p110,p111,p112,p113,p7166,p7167,p7168,p7169,p7170,p7171,p70,p71,p72,p73,p74,p75,p76,p77,p78,p79,p80,p81,p82,p83,p84,p85,p92,p93,p313,p314,p315,p316,p317,p318', 'start_time_stamp': '20260504030000', 'end_time_stamp': '20260504060000', 'minute_interval': 5}
2026-05-05 16:18:50,426 - root - INFO - Successfully upserted 37 data points.
2026-05-05 16:18:50,426 - root - INFO - Fetching minute data with payload: {'ps_key_list': ['1479456_1_12_1', '1479456_1_11_1', '1479456_1_10_1', '1479456_1_9_1', '1479456_1_8_1', '1479456_1_7_1', '1479456_1_6_1', '1479456_1_2_2', '1479456_1_5_2', '1479456_1_1_2', '1479456_1_8_2', '1479456_1_1_1', '1479456_1_4_2', '1479456_1_3_2', '1479456_1_16_1', '1479456_1_15_1', '1479456_1_14_1', '1479456_1_13_1'], 'points': 'p96,p97,p98,p99,p100,p101,p102,p103,p104,p105,p106,p107,p108,p109,p110,p111,p112,p113,p7166,p7167,p7168,p7169,p7170,p7171,p70,p71,p72,p73,p74,p75,p76,p77,p78,p79,p80,p81,p82,p83,p84,p85,p92,p93,p313,p314,p315,p316,p317,p318', 'start_time_stamp': '20260504090000', 'end_time_stamp': '20260504120000', 'minute_interval': 5}
2026-05-05 16:18:50,547 - root - INFO - Successfully upserted 37 data points.
2026-05-05 16:18:50,548 - root - INFO - Fetching minute data with payload: {'ps_key_list': ['1479456_1_12_1', '1479456_1_11_1', '1479456_1_10_1', '1479456_1_9_1', '1479456_1_8_1', '1479456_1_7_1', '1479456_1_6_1', '1479456_1_2_2', '1479456_1_5_2', '1479456_1_1_2', '1479456_1_8_2', '1479456_1_1_1', '1479456_1_4_2', '1479456_1_3_2', '1479456_1_16_1', '1479456_1_15_1', '1479456_1_14_1', '1479456_1_13_1'], 'points': 'p96,p97,p98,p99,p100,p101,p102,p103,p104,p105,p106,p107,p108,p109,p110,p111,p112,p113,p7166,p7167,p7168,p7169,p7170,p7171,p70,p71,p72,p73,p74,p75,p76,p77,p78,p79,p80,p81,p82,p83,p84,p85,p92,p93,p313,p314,p315,p316,p317,p318', 'start_time_stamp': '20260504180000', 'end_time_stamp': '20260504210000', 'minute_interval': 5}
2026-05-05 16:18:50,698 - root - INFO - Successfully upserted 222 data points.
2026-05-05 16:18:50,698 - root - INFO - Fetching minute data with payload: {'ps_key_list': ['1479456_7_3_1', '1479456_7_2_1', '1479456_7_4_1', '1479456_7_13_2', '1479456_7_12_2', '1479456_7_11_2', '1479456_7_20_1'], 'points': 'p8030,p8031,p8032,p8033,p8018,p8014', 'start_time_stamp': '20260504120000', 'end_time_stamp': '20260504150000', 'minute_interval': 5}
2026-05-05 16:18:51,309 - root - INFO - Successfully upserted 222 data points.
2026-05-05 16:18:51,309 - root - INFO - Fetching minute data with payload: {'ps_key_list': ['1479456_7_3_1', '1479456_7_2_1', '1479456_7_4_1', '1479456_7_13_2', '1479456_7_12_2', '1479456_7_11_2', '1479456_7_20_1'], 'points': 'p8030,p8031,p8032,p8033,p8018,p8014', 'start_time_stamp': '20260504150000', 'end_time_stamp': '20260504180000', 'minute_interval': 5}
2026-05-05 16:18:51,319 - root - INFO - Successfully upserted 216 data points.
2026-05-05 16:18:51,320 - root - INFO - Fetching minute data with payload: {'ps_key_list': ['1479456_7_3_1', '1479456_7_2_1', '1479456_7_4_1', '1479456_7_13_2', '1479456_7_12_2', '1479456_7_11_2', '1479456_7_20_1'], 'points': 'p8030,p8031,p8032,p8033,p8018,p8014', 'start_time_stamp': '20260504210000', 'end_time_stamp': '20260504235959', 'minute_interval': 5}
2026-05-05 16:18:51,506 - root - INFO - Successfully upserted 222 data points.
2026-05-05 16:18:51,507 - root - INFO - Fetching minute data with payload: {'ps_key_list': ['1479456_7_3_1', '1479456_7_2_1', '1479456_7_4_1', '1479456_7_13_2', '1479456_7_12_2', '1479456_7_11_2', '1479456_7_20_1'], 'points': 'p8030,p8031,p8032,p8033,p8018,p8014', 'start_time_stamp': '20260504060000', 'end_time_stamp': '20260504090000', 'minute_interval': 5}
2026-05-05 16:18:52,452 - root - INFO - Successfully upserted 222 data points.
2026-05-05 16:18:52,452 - root - INFO - Fetching minute data with payload: {'ps_key_list': ['1479456_7_3_1', '1479456_7_2_1', '1479456_7_4_1', '1479456_7_13_2', '1479456_7_12_2', '1479456_7_11_2', '1479456_7_20_1'], 'points': 'p8030,p8031,p8032,p8033,p8018,p8014', 'start_time_stamp': '20260504000000', 'end_time_stamp': '20260504030000', 'minute_interval': 5}
2026-05-05 16:18:53,214 - root - INFO - Successfully upserted 222 data points.
2026-05-05 16:18:53,214 - root - INFO - Fetching minute data with payload: {'ps_key_list': ['1479456_7_3_1', '1479456_7_2_1', '1479456_7_4_1', '1479456_7_13_2', '1479456_7_12_2', '1479456_7_11_2', '1479456_7_20_1'], 'points': 'p8030,p8031,p8032,p8033,p8018,p8014', 'start_time_stamp': '20260504030000', 'end_time_stamp': '20260504060000', 'minute_interval': 5}
2026-05-05 16:18:53,335 - root - INFO - Successfully upserted 222 data points.
2026-05-05 16:18:53,335 - root - INFO - Fetching minute data with payload: {'ps_key_list': ['1479456_7_3_1', '1479456_7_2_1', '1479456_7_4_1', '1479456_7_13_2', '1479456_7_12_2', '1479456_7_11_2', '1479456_7_20_1'], 'points': 'p8030,p8031,p8032,p8033,p8018,p8014', 'start_time_stamp': '20260504090000', 'end_time_stamp': '20260504120000', 'minute_interval': 5}
2026-05-05 16:18:53,601 - root - INFO - Successfully upserted 222 data points.
2026-05-05 16:18:53,602 - root - INFO - Fetching minute data with payload: {'ps_key_list': ['1789614_5_9_1', '1789614_5_8_1'], 'points': 'p2003,p2001,p2005,p2007,p2009,p2010,p2022,p2016,p2012', 'start_time_stamp': '20260504120000', 'end_time_stamp': '20260504150000', 'minute_interval': 5}
2026-05-05 16:18:53,615 - root - INFO - Successfully upserted 222 data points.
2026-05-05 16:18:53,616 - root - INFO - Fetching minute data with payload: {'ps_key_list': ['1479456_7_3_1', '1479456_7_2_1', '1479456_7_4_1', '1479456_7_13_2', '1479456_7_12_2', '1479456_7_11_2', '1479456_7_20_1'], 'points': 'p8030,p8031,p8032,p8033,p8018,p8014', 'start_time_stamp': '20260504180000', 'end_time_stamp': '20260504210000', 'minute_interval': 5}
2026-05-05 16:18:54,161 - root - INFO - Successfully upserted 216 data points.
2026-05-05 16:18:54,162 - root - INFO - Fetching minute data with payload: {'ps_key_list': ['1789614_5_9_1', '1789614_5_8_1'], 'points': 'p2003,p2001,p2005,p2007,p2009,p2010,p2022,p2016,p2012', 'start_time_stamp': '20260504210000', 'end_time_stamp': '20260504235959', 'minute_interval': 5}
2026-05-05 16:18:54,231 - root - INFO - Successfully upserted 222 data points.
2026-05-05 16:18:54,234 - root - INFO - Fetching minute data with payload: {'ps_key_list': ['1789614_5_9_1', '1789614_5_8_1'], 'points': 'p2003,p2001,p2005,p2007,p2009,p2010,p2022,p2016,p2012', 'start_time_stamp': '20260504150000', 'end_time_stamp': '20260504180000', 'minute_interval': 5}
2026-05-05 16:18:54,242 - root - INFO - Successfully upserted 222 data points.
2026-05-05 16:18:54,242 - root - INFO - Fetching minute data with payload: {'ps_key_list': ['1789614_5_9_1', '1789614_5_8_1'], 'points': 'p2003,p2001,p2005,p2007,p2009,p2010,p2022,p2016,p2012', 'start_time_stamp': '20260504060000', 'end_time_stamp': '20260504090000', 'minute_interval': 5}
2026-05-05 16:18:55,149 - root - INFO - Successfully upserted 222 data points.
2026-05-05 16:18:55,149 - root - INFO - Fetching minute data with payload: {'ps_key_list': ['1789614_5_9_1', '1789614_5_8_1'], 'points': 'p2003,p2001,p2005,p2007,p2009,p2010,p2022,p2016,p2012', 'start_time_stamp': '20260504000000', 'end_time_stamp': '20260504030000', 'minute_interval': 5}
2026-05-05 16:18:56,029 - root - INFO - Successfully upserted 222 data points.
2026-05-05 16:18:56,030 - root - INFO - Fetching minute data with payload: {'ps_key_list': ['1789614_5_9_1', '1789614_5_8_1'], 'points': 'p2003,p2001,p2005,p2007,p2009,p2010,p2022,p2016,p2012', 'start_time_stamp': '20260504030000', 'end_time_stamp': '20260504060000', 'minute_interval': 5}
2026-05-05 16:18:56,295 - root - INFO - Successfully upserted 222 data points.
2026-05-05 16:18:56,296 - root - INFO - Fetching minute data with payload: {'ps_key_list': ['1789614_5_9_1', '1789614_5_8_1'], 'points': 'p2003,p2001,p2005,p2007,p2009,p2010,p2022,p2016,p2012', 'start_time_stamp': '20260504090000', 'end_time_stamp': '20260504120000', 'minute_interval': 5}
2026-05-05 16:18:56,393 - root - INFO - Successfully upserted 74 data points.
2026-05-05 16:18:56,394 - root - INFO - Fetching minute data with payload: {'ps_key_list': ['1789614_7_7_1', '1789614_7_6_1'], 'points': 'p8030,p8031,p8032,p8033,p8018,p8014', 'start_time_stamp': '20260504120000', 'end_time_stamp': '20260504150000', 'minute_interval': 5}
2026-05-05 16:18:56,461 - root - INFO - Successfully upserted 222 data points.
2026-05-05 16:18:56,462 - root - INFO - Fetching minute data with payload: {'ps_key_list': ['1789614_5_9_1', '1789614_5_8_1'], 'points': 'p2003,p2001,p2005,p2007,p2009,p2010,p2022,p2016,p2012', 'start_time_stamp': '20260504180000', 'end_time_stamp': '20260504210000', 'minute_interval': 5}
2026-05-05 16:18:56,851 - root - INFO - Successfully upserted 72 data points.
2026-05-05 16:18:56,851 - root - INFO - Fetching minute data with payload: {'ps_key_list': ['1789614_7_7_1', '1789614_7_6_1'], 'points': 'p8030,p8031,p8032,p8033,p8018,p8014', 'start_time_stamp': '20260504210000', 'end_time_stamp': '20260504235959', 'minute_interval': 5}
2026-05-05 16:18:56,958 - root - INFO - Successfully upserted 74 data points.
2026-05-05 16:18:56,958 - root - INFO - Fetching minute data with payload: {'ps_key_list': ['1789614_7_7_1', '1789614_7_6_1'], 'points': 'p8030,p8031,p8032,p8033,p8018,p8014', 'start_time_stamp': '20260504150000', 'end_time_stamp': '20260504180000', 'minute_interval': 5}
2026-05-05 16:18:56,959 - root - INFO - Successfully upserted 74 data points.
2026-05-05 16:18:56,961 - root - INFO - Fetching minute data with payload: {'ps_key_list': ['1789614_7_7_1', '1789614_7_6_1'], 'points': 'p8030,p8031,p8032,p8033,p8018,p8014', 'start_time_stamp': '20260504060000', 'end_time_stamp': '20260504090000', 'minute_interval': 5}
2026-05-05 16:18:57,807 - root - INFO - Successfully upserted 74 data points.
2026-05-05 16:18:57,807 - root - INFO - Fetching minute data with payload: {'ps_key_list': ['1789614_7_7_1', '1789614_7_6_1'], 'points': 'p8030,p8031,p8032,p8033,p8018,p8014', 'start_time_stamp': '20260504000000', 'end_time_stamp': '20260504030000', 'minute_interval': 5}
2026-05-05 16:18:58,835 - root - INFO - Successfully upserted 74 data points.
2026-05-05 16:18:58,836 - root - INFO - Fetching minute data with payload: {'ps_key_list': ['1789614_7_7_1', '1789614_7_6_1'], 'points': 'p8030,p8031,p8032,p8033,p8018,p8014', 'start_time_stamp': '20260504030000', 'end_time_stamp': '20260504060000', 'minute_interval': 5}
2026-05-05 16:18:59,187 - root - INFO - Successfully upserted 74 data points.
2026-05-05 16:18:59,187 - root - INFO - Fetching minute data with payload: {'ps_key_list': ['1789614_7_7_1', '1789614_7_6_1'], 'points': 'p8030,p8031,p8032,p8033,p8018,p8014', 'start_time_stamp': '20260504090000', 'end_time_stamp': '20260504120000', 'minute_interval': 5}
2026-05-05 16:18:59,231 - root - INFO - Successfully upserted 74 data points.
2026-05-05 16:18:59,232 - root - INFO - Fetching minute data with payload: {'ps_key_list': ['1789614_1_4_1', '1789614_1_3_1', '1789614_1_2_1', '1789614_1_1_1'], 'points': 'p96,p97,p98,p99,p100,p101,p102,p103,p104,p105,p106,p107,p108,p109,p110,p111,p112,p113,p7166,p7167,p7168,p7169,p7170,p7171,p70,p71,p72,p73,p74,p75,p76,p77,p78,p79,p80,p81,p82,p83,p84,p85,p92,p93,p313,p314,p315,p316,p317,p318', 'start_time_stamp': '20260504120000', 'end_time_stamp': '20260504150000', 'minute_interval': 5}
2026-05-05 16:18:59,264 - root - INFO - Successfully upserted 74 data points.
2026-05-05 16:18:59,265 - root - INFO - Fetching minute data with payload: {'ps_key_list': ['1789614_7_7_1', '1789614_7_6_1'], 'points': 'p8030,p8031,p8032,p8033,p8018,p8014', 'start_time_stamp': '20260504180000', 'end_time_stamp': '20260504210000', 'minute_interval': 5}
2026-05-05 16:18:59,687 - root - INFO - Successfully upserted 72 data points.
2026-05-05 16:18:59,688 - root - INFO - Fetching minute data with payload: {'ps_key_list': ['1789614_1_4_1', '1789614_1_3_1', '1789614_1_2_1', '1789614_1_1_1'], 'points': 'p96,p97,p98,p99,p100,p101,p102,p103,p104,p105,p106,p107,p108,p109,p110,p111,p112,p113,p7166,p7167,p7168,p7169,p7170,p7171,p70,p71,p72,p73,p74,p75,p76,p77,p78,p79,p80,p81,p82,p83,p84,p85,p92,p93,p313,p314,p315,p316,p317,p318', 'start_time_stamp': '20260504210000', 'end_time_stamp': '20260504235959', 'minute_interval': 5}
2026-05-05 16:18:59,767 - root - INFO - Successfully upserted 74 data points.
2026-05-05 16:18:59,768 - root - INFO - Fetching minute data with payload: {'ps_key_list': ['1789614_1_4_1', '1789614_1_3_1', '1789614_1_2_1', '1789614_1_1_1'], 'points': 'p96,p97,p98,p99,p100,p101,p102,p103,p104,p105,p106,p107,p108,p109,p110,p111,p112,p113,p7166,p7167,p7168,p7169,p7170,p7171,p70,p71,p72,p73,p74,p75,p76,p77,p78,p79,p80,p81,p82,p83,p84,p85,p92,p93,p313,p314,p315,p316,p317,p318', 'start_time_stamp': '20260504060000', 'end_time_stamp': '20260504090000', 'minute_interval': 5}
2026-05-05 16:18:59,807 - root - INFO - Successfully upserted 74 data points.
2026-05-05 16:18:59,807 - root - INFO - Fetching minute data with payload: {'ps_key_list': ['1789614_1_4_1', '1789614_1_3_1', '1789614_1_2_1', '1789614_1_1_1'], 'points': 'p96,p97,p98,p99,p100,p101,p102,p103,p104,p105,p106,p107,p108,p109,p110,p111,p112,p113,p7166,p7167,p7168,p7169,p7170,p7171,p70,p71,p72,p73,p74,p75,p76,p77,p78,p79,p80,p81,p82,p83,p84,p85,p92,p93,p313,p314,p315,p316,p317,p318', 'start_time_stamp': '20260504150000', 'end_time_stamp': '20260504180000', 'minute_interval': 5}
2026-05-05 16:19:00,691 - root - INFO - Successfully upserted 74 data points.
2026-05-05 16:19:00,692 - root - INFO - Fetching minute data with payload: {'ps_key_list': ['1789614_1_4_1', '1789614_1_3_1', '1789614_1_2_1', '1789614_1_1_1'], 'points': 'p96,p97,p98,p99,p100,p101,p102,p103,p104,p105,p106,p107,p108,p109,p110,p111,p112,p113,p7166,p7167,p7168,p7169,p7170,p7171,p70,p71,p72,p73,p74,p75,p76,p77,p78,p79,p80,p81,p82,p83,p84,p85,p92,p93,p313,p314,p315,p316,p317,p318', 'start_time_stamp': '20260504000000', 'end_time_stamp': '20260504030000', 'minute_interval': 5}
2026-05-05 16:19:01,599 - root - INFO - Successfully upserted 74 data points.
2026-05-05 16:19:01,599 - root - INFO - Fetching minute data with payload: {'ps_key_list': ['1789614_1_4_1', '1789614_1_3_1', '1789614_1_2_1', '1789614_1_1_1'], 'points': 'p96,p97,p98,p99,p100,p101,p102,p103,p104,p105,p106,p107,p108,p109,p110,p111,p112,p113,p7166,p7167,p7168,p7169,p7170,p7171,p70,p71,p72,p73,p74,p75,p76,p77,p78,p79,p80,p81,p82,p83,p84,p85,p92,p93,p313,p314,p315,p316,p317,p318', 'start_time_stamp': '20260504030000', 'end_time_stamp': '20260504060000', 'minute_interval': 5}
2026-05-05 16:19:02,138 - root - INFO - Successfully upserted 74 data points.
2026-05-05 16:19:02,138 - root - INFO - Successfully upserted 74 data points.
2026-05-05 16:19:02,139 - root - INFO - Fetching minute data with payload: {'ps_key_list': ['1789614_1_4_1', '1789614_1_3_1', '1789614_1_2_1', '1789614_1_1_1'], 'points': 'p96,p97,p98,p99,p100,p101,p102,p103,p104,p105,p106,p107,p108,p109,p110,p111,p112,p113,p7166,p7167,p7168,p7169,p7170,p7171,p70,p71,p72,p73,p74,p75,p76,p77,p78,p79,p80,p81,p82,p83,p84,p85,p92,p93,p313,p314,p315,p316,p317,p318', 'start_time_stamp': '20260504090000', 'end_time_stamp': '20260504120000', 'minute_interval': 5}
2026-05-05 16:19:02,141 - root - INFO - Fetching minute data with payload: {'ps_key_list': ['1789614_1_4_1', '1789614_1_3_1', '1789614_1_2_1', '1789614_1_1_1'], 'points': 'p96,p97,p98,p99,p100,p101,p102,p103,p104,p105,p106,p107,p108,p109,p110,p111,p112,p113,p7166,p7167,p7168,p7169,p7170,p7171,p70,p71,p72,p73,p74,p75,p76,p77,p78,p79,p80,p81,p82,p83,p84,p85,p92,p93,p313,p314,p315,p316,p317,p318', 'start_time_stamp': '20260504180000', 'end_time_stamp': '20260504210000', 'minute_interval': 5}
2026-05-05 16:19:02,171 - root - INFO - Successfully upserted 148 data points.
2026-05-05 16:19:02,173 - root - INFO - Fetching minute data with payload: {'ps_key_list': ['1453245_7_15_1', '1453245_7_14_1', '1453245_7_16_1', '1453245_7_12_1', '1453245_7_9_1', '1453245_7_8_1', '1453245_7_17_1', '1453245_7_7_1'], 'points': 'p8030,p8031,p8032,p8033,p8018,p8014', 'start_time_stamp': '20260504120000', 'end_time_stamp': '20260504150000', 'minute_interval': 5}
2026-05-05 16:19:02,563 - root - INFO - Successfully upserted 144 data points.
2026-05-05 16:19:02,563 - root - INFO - Fetching minute data with payload: {'ps_key_list': ['1453245_7_15_1', '1453245_7_14_1', '1453245_7_16_1', '1453245_7_12_1', '1453245_7_9_1', '1453245_7_8_1', '1453245_7_17_1', '1453245_7_7_1'], 'points': 'p8030,p8031,p8032,p8033,p8018,p8014', 'start_time_stamp': '20260504210000', 'end_time_stamp': '20260504235959', 'minute_interval': 5}
2026-05-05 16:19:02,592 - root - INFO - Successfully upserted 148 data points.
2026-05-05 16:19:02,592 - root - INFO - Fetching minute data with payload: {'ps_key_list': ['1453245_7_15_1', '1453245_7_14_1', '1453245_7_16_1', '1453245_7_12_1', '1453245_7_9_1', '1453245_7_8_1', '1453245_7_17_1', '1453245_7_7_1'], 'points': 'p8030,p8031,p8032,p8033,p8018,p8014', 'start_time_stamp': '20260504150000', 'end_time_stamp': '20260504180000', 'minute_interval': 5}
2026-05-05 16:19:02,660 - root - INFO - Successfully upserted 148 data points.
2026-05-05 16:19:02,662 - root - INFO - Fetching minute data with payload: {'ps_key_list': ['1453245_7_15_1', '1453245_7_14_1', '1453245_7_16_1', '1453245_7_12_1', '1453245_7_9_1', '1453245_7_8_1', '1453245_7_17_1', '1453245_7_7_1'], 'points': 'p8030,p8031,p8032,p8033,p8018,p8014', 'start_time_stamp': '20260504060000', 'end_time_stamp': '20260504090000', 'minute_interval': 5}
2026-05-05 16:19:03,438 - root - INFO - Successfully upserted 148 data points.
2026-05-05 16:19:03,438 - root - INFO - Fetching minute data with payload: {'ps_key_list': ['1453245_7_15_1', '1453245_7_14_1', '1453245_7_16_1', '1453245_7_12_1', '1453245_7_9_1', '1453245_7_8_1', '1453245_7_17_1', '1453245_7_7_1'], 'points': 'p8030,p8031,p8032,p8033,p8018,p8014', 'start_time_stamp': '20260504000000', 'end_time_stamp': '20260504030000', 'minute_interval': 5}
2026-05-05 16:19:04,224 - root - INFO - Successfully upserted 148 data points.
2026-05-05 16:19:04,224 - root - INFO - Fetching minute data with payload: {'ps_key_list': ['1453245_7_15_1', '1453245_7_14_1', '1453245_7_16_1', '1453245_7_12_1', '1453245_7_9_1', '1453245_7_8_1', '1453245_7_17_1', '1453245_7_7_1'], 'points': 'p8030,p8031,p8032,p8033,p8018,p8014', 'start_time_stamp': '20260504030000', 'end_time_stamp': '20260504060000', 'minute_interval': 5}
2026-05-05 16:19:05,015 - root - INFO - Successfully upserted 148 data points.
2026-05-05 16:19:05,015 - root - INFO - Successfully upserted 148 data points.
2026-05-05 16:19:05,015 - root - INFO - Fetching minute data with payload: {'ps_key_list': ['1453245_7_15_1', '1453245_7_14_1', '1453245_7_16_1', '1453245_7_12_1', '1453245_7_9_1', '1453245_7_8_1', '1453245_7_17_1', '1453245_7_7_1'], 'points': 'p8030,p8031,p8032,p8033,p8018,p8014', 'start_time_stamp': '20260504090000', 'end_time_stamp': '20260504120000', 'minute_interval': 5}
2026-05-05 16:19:05,016 - root - INFO - Fetching minute data with payload: {'ps_key_list': ['1453245_7_15_1', '1453245_7_14_1', '1453245_7_16_1', '1453245_7_12_1', '1453245_7_9_1', '1453245_7_8_1', '1453245_7_17_1', '1453245_7_7_1'], 'points': 'p8030,p8031,p8032,p8033,p8018,p8014', 'start_time_stamp': '20260504180000', 'end_time_stamp': '20260504210000', 'minute_interval': 5}
2026-05-05 16:19:05,064 - root - INFO - Successfully upserted 296 data points.
2026-05-05 16:19:05,075 - root - INFO - Fetching minute data with payload: {'ps_key_list': ['1453245_5_13_1', '1453245_5_11_1', '1453245_5_10_1', '1453245_5_9_1'], 'points': 'p2003,p2001,p2005,p2007,p2009,p2010,p2022,p2016,p2012', 'start_time_stamp': '20260504120000', 'end_time_stamp': '20260504150000', 'minute_interval': 5}
2026-05-05 16:19:05,479 - root - INFO - Successfully upserted 288 data points.
2026-05-05 16:19:05,479 - root - INFO - Fetching minute data with payload: {'ps_key_list': ['1453245_5_13_1', '1453245_5_11_1', '1453245_5_10_1', '1453245_5_9_1'], 'points': 'p2003,p2001,p2005,p2007,p2009,p2010,p2022,p2016,p2012', 'start_time_stamp': '20260504210000', 'end_time_stamp': '20260504235959', 'minute_interval': 5}
2026-05-05 16:19:05,573 - root - INFO - Successfully upserted 296 data points.
2026-05-05 16:19:05,574 - root - INFO - Fetching minute data with payload: {'ps_key_list': ['1453245_5_13_1', '1453245_5_11_1', '1453245_5_10_1', '1453245_5_9_1'], 'points': 'p2003,p2001,p2005,p2007,p2009,p2010,p2022,p2016,p2012', 'start_time_stamp': '20260504150000', 'end_time_stamp': '20260504180000', 'minute_interval': 5}
2026-05-05 16:19:05,601 - root - INFO - Successfully upserted 296 data points.
2026-05-05 16:19:05,602 - root - INFO - Fetching minute data with payload: {'ps_key_list': ['1453245_5_13_1', '1453245_5_11_1', '1453245_5_10_1', '1453245_5_9_1'], 'points': 'p2003,p2001,p2005,p2007,p2009,p2010,p2022,p2016,p2012', 'start_time_stamp': '20260504060000', 'end_time_stamp': '20260504090000', 'minute_interval': 5}
2026-05-05 16:19:06,236 - root - INFO - Successfully upserted 296 data points.
2026-05-05 16:19:06,236 - root - INFO - Fetching minute data with payload: {'ps_key_list': ['1453245_5_13_1', '1453245_5_11_1', '1453245_5_10_1', '1453245_5_9_1'], 'points': 'p2003,p2001,p2005,p2007,p2009,p2010,p2022,p2016,p2012', 'start_time_stamp': '20260504000000', 'end_time_stamp': '20260504030000', 'minute_interval': 5}
2026-05-05 16:19:06,988 - root - INFO - Successfully upserted 296 data points.
2026-05-05 16:19:06,988 - root - INFO - Fetching minute data with payload: {'ps_key_list': ['1453245_5_13_1', '1453245_5_11_1', '1453245_5_10_1', '1453245_5_9_1'], 'points': 'p2003,p2001,p2005,p2007,p2009,p2010,p2022,p2016,p2012', 'start_time_stamp': '20260504030000', 'end_time_stamp': '20260504060000', 'minute_interval': 5}
2026-05-05 16:19:07,869 - root - INFO - Successfully upserted 74 data points.
2026-05-05 16:19:07,869 - root - INFO - Fetching minute data with payload: {'ps_key_list': ['1453245_1_3_1', '1453245_1_4_1', '1453245_1_5_1', '1453245_1_6_1', '1453245_1_1_1', '1453245_1_2_1'], 'points': 'p96,p97,p98,p99,p100,p101,p102,p103,p104,p105,p106,p107,p108,p109,p110,p111,p112,p113,p7166,p7167,p7168,p7169,p7170,p7171,p70,p71,p72,p73,p74,p75,p76,p77,p78,p79,p80,p81,p82,p83,p84,p85,p92,p93,p313,p314,p315,p316,p317,p318', 'start_time_stamp': '20260504120000', 'end_time_stamp': '20260504150000', 'minute_interval': 5}
2026-05-05 16:19:07,930 - root - INFO - Successfully upserted 296 data points.
2026-05-05 16:19:07,930 - root - INFO - Fetching minute data with payload: {'ps_key_list': ['1453245_5_13_1', '1453245_5_11_1', '1453245_5_10_1', '1453245_5_9_1'], 'points': 'p2003,p2001,p2005,p2007,p2009,p2010,p2022,p2016,p2012', 'start_time_stamp': '20260504180000', 'end_time_stamp': '20260504210000', 'minute_interval': 5}
2026-05-05 16:19:08,072 - root - INFO - Successfully upserted 296 data points.
2026-05-05 16:19:08,072 - root - INFO - Fetching minute data with payload: {'ps_key_list': ['1453245_5_13_1', '1453245_5_11_1', '1453245_5_10_1', '1453245_5_9_1'], 'points': 'p2003,p2001,p2005,p2007,p2009,p2010,p2022,p2016,p2012', 'start_time_stamp': '20260504090000', 'end_time_stamp': '20260504120000', 'minute_interval': 5}
2026-05-05 16:19:08,224 - root - INFO - Retrying API request after rate limit wait...
2026-05-05 16:19:08,244 - root - INFO - Making API request to: https://sg5.fusionsolar.huawei.com/rest/openapi/pvms/nbi/v1/device/history
2026-05-05 16:19:08,256 - root - INFO - Request payload: {'devDn': 'NE=61851548', 'devTypeId': 17, 'startTime': 1777741200000, 'endTime': 1777827600000}
2026-05-05 16:19:08,271 - root - INFO - Successfully upserted 72 data points.
2026-05-05 16:19:08,271 - root - INFO - Fetching minute data with payload: {'ps_key_list': ['1453245_1_3_1', '1453245_1_4_1', '1453245_1_5_1', '1453245_1_6_1', '1453245_1_1_1', '1453245_1_2_1'], 'points': 'p96,p97,p98,p99,p100,p101,p102,p103,p104,p105,p106,p107,p108,p109,p110,p111,p112,p113,p7166,p7167,p7168,p7169,p7170,p7171,p70,p71,p72,p73,p74,p75,p76,p77,p78,p79,p80,p81,p82,p83,p84,p85,p92,p93,p313,p314,p315,p316,p317,p318', 'start_time_stamp': '20260504210000', 'end_time_stamp': '20260504235959', 'minute_interval': 5}
2026-05-05 16:19:08,357 - root - INFO - Successfully upserted 74 data points.
2026-05-05 16:19:08,370 - root - INFO - Fetching minute data with payload: {'ps_key_list': ['1453245_1_3_1', '1453245_1_4_1', '1453245_1_5_1', '1453245_1_6_1', '1453245_1_1_1', '1453245_1_2_1'], 'points': 'p96,p97,p98,p99,p100,p101,p102,p103,p104,p105,p106,p107,p108,p109,p110,p111,p112,p113,p7166,p7167,p7168,p7169,p7170,p7171,p70,p71,p72,p73,p74,p75,p76,p77,p78,p79,p80,p81,p82,p83,p84,p85,p92,p93,p313,p314,p315,p316,p317,p318', 'start_time_stamp': '20260504060000', 'end_time_stamp': '20260504090000', 'minute_interval': 5}
2026-05-05 16:19:08,443 - root - INFO - Successfully upserted 74 data points.
2026-05-05 16:19:08,487 - root - INFO - Fetching minute data with payload: {'ps_key_list': ['1453245_1_3_1', '1453245_1_4_1', '1453245_1_5_1', '1453245_1_6_1', '1453245_1_1_1', '1453245_1_2_1'], 'points': 'p96,p97,p98,p99,p100,p101,p102,p103,p104,p105,p106,p107,p108,p109,p110,p111,p112,p113,p7166,p7167,p7168,p7169,p7170,p7171,p70,p71,p72,p73,p74,p75,p76,p77,p78,p79,p80,p81,p82,p83,p84,p85,p92,p93,p313,p314,p315,p316,p317,p318', 'start_time_stamp': '20260504150000', 'end_time_stamp': '20260504180000', 'minute_interval': 5}
2026-05-05 16:19:08,799 - root - INFO - Successfully upserted 74 data points.
2026-05-05 16:19:08,799 - root - INFO - Fetching minute data with payload: {'ps_key_list': ['1453245_1_3_1', '1453245_1_4_1', '1453245_1_5_1', '1453245_1_6_1', '1453245_1_1_1', '1453245_1_2_1'], 'points': 'p96,p97,p98,p99,p100,p101,p102,p103,p104,p105,p106,p107,p108,p109,p110,p111,p112,p113,p7166,p7167,p7168,p7169,p7170,p7171,p70,p71,p72,p73,p74,p75,p76,p77,p78,p79,p80,p81,p82,p83,p84,p85,p92,p93,p313,p314,p315,p316,p317,p318', 'start_time_stamp': '20260504000000', 'end_time_stamp': '20260504030000', 'minute_interval': 5}
2026-05-05 16:19:09,018 - root - INFO - Response status code: 200
2026-05-05 16:19:09,019 - root - INFO - API response from https://sg5.fusionsolar.huawei.com/rest/openapi/pvms/nbi/v1/device/history (truncated): {'failCode': 0, 'success': True, 'message': 'historical data information query successful.', 'data': []}
2026-05-05 16:19:09,026 - root - INFO - API Response type: <class 'dict'>
2026-05-05 16:19:09,026 - root - INFO - API Response keys: ['failCode', 'success', 'message', 'data']
2026-05-05 16:19:09,026 - root - INFO - API Response data is a list with 0 items
2026-05-05 16:19:09,027 - root - INFO - API Response has failCode: 0, message: historical data information query successful.
2026-05-05 16:19:09,027 - root - INFO - Using alternate response format: data as list
2026-05-05 16:19:09,027 - root - INFO - No data points returned for the query period
2026-05-05 16:19:09,028 - root - INFO - Using single devDn for device/history (API: one device per query)
2026-05-05 16:19:09,033 - root - INFO - Fetching historical data for 1 devices of type meter
2026-05-05 16:19:09,033 - root - INFO - Making API request to: https://sg5.fusionsolar.huawei.com/rest/openapi/pvms/nbi/v1/device/history
2026-05-05 16:19:09,034 - root - INFO - Request payload: {'devDn': 'NE=61900432', 'devTypeId': 17, 'startTime': 1777741200000, 'endTime': 1777827600000}
2026-05-05 16:19:09,443 - root - INFO - Response status code: 200
2026-05-05 16:19:09,443 - root - INFO - API response from https://sg5.fusionsolar.huawei.com/rest/openapi/pvms/nbi/v1/device/history (truncated): {'failCode': 407, 'success': False, 'message': 'Interface access frequency:0.39333333333333337/1second', 'data': []}
2026-05-05 16:19:09,444 - root - WARNING - API access frequency too high. Waiting 30 seconds before retry...
2026-05-05 16:19:09,597 - root - INFO - Successfully upserted 74 data points.
2026-05-05 16:19:09,598 - root - INFO - Fetching minute data with payload: {'ps_key_list': ['1453245_1_3_1', '1453245_1_4_1', '1453245_1_5_1', '1453245_1_6_1', '1453245_1_1_1', '1453245_1_2_1'], 'points': 'p96,p97,p98,p99,p100,p101,p102,p103,p104,p105,p106,p107,p108,p109,p110,p111,p112,p113,p7166,p7167,p7168,p7169,p7170,p7171,p70,p71,p72,p73,p74,p75,p76,p77,p78,p79,p80,p81,p82,p83,p84,p85,p92,p93,p313,p314,p315,p316,p317,p318', 'start_time_stamp': '20260504030000', 'end_time_stamp': '20260504060000', 'minute_interval': 5}
2026-05-05 16:19:10,810 - root - INFO - Successfully upserted 222 data points.
2026-05-05 16:19:10,810 - root - INFO - Fetching minute data with payload: {'ps_key_list': ['1449886_7_13_1', '1449886_7_11_1', '1449886_7_9_1', '1449886_7_8_1', '1449886_7_7_1'], 'points': 'p8030,p8031,p8032,p8033,p8018,p8014', 'start_time_stamp': '20260504120000', 'end_time_stamp': '20260504150000', 'minute_interval': 5}
2026-05-05 16:19:10,818 - root - INFO - Successfully upserted 74 data points.
2026-05-05 16:19:10,819 - root - INFO - Fetching minute data with payload: {'ps_key_list': ['1453245_1_3_1', '1453245_1_4_1', '1453245_1_5_1', '1453245_1_6_1', '1453245_1_1_1', '1453245_1_2_1'], 'points': 'p96,p97,p98,p99,p100,p101,p102,p103,p104,p105,p106,p107,p108,p109,p110,p111,p112,p113,p7166,p7167,p7168,p7169,p7170,p7171,p70,p71,p72,p73,p74,p75,p76,p77,p78,p79,p80,p81,p82,p83,p84,p85,p92,p93,p313,p314,p315,p316,p317,p318', 'start_time_stamp': '20260504180000', 'end_time_stamp': '20260504210000', 'minute_interval': 5}
2026-05-05 16:19:11,186 - root - INFO - Successfully upserted 74 data points.
2026-05-05 16:19:11,187 - root - INFO - Fetching minute data with payload: {'ps_key_list': ['1453245_1_3_1', '1453245_1_4_1', '1453245_1_5_1', '1453245_1_6_1', '1453245_1_1_1', '1453245_1_2_1'], 'points': 'p96,p97,p98,p99,p100,p101,p102,p103,p104,p105,p106,p107,p108,p109,p110,p111,p112,p113,p7166,p7167,p7168,p7169,p7170,p7171,p70,p71,p72,p73,p74,p75,p76,p77,p78,p79,p80,p81,p82,p83,p84,p85,p92,p93,p313,p314,p315,p316,p317,p318', 'start_time_stamp': '20260504090000', 'end_time_stamp': '20260504120000', 'minute_interval': 5}
2026-05-05 16:19:11,298 - root - INFO - Successfully upserted 216 data points.
2026-05-05 16:19:11,298 - root - INFO - Fetching minute data with payload: {'ps_key_list': ['1449886_7_13_1', '1449886_7_11_1', '1449886_7_9_1', '1449886_7_8_1', '1449886_7_7_1'], 'points': 'p8030,p8031,p8032,p8033,p8018,p8014', 'start_time_stamp': '20260504210000', 'end_time_stamp': '20260504235959', 'minute_interval': 5}
2026-05-05 16:19:11,454 - root - INFO - Successfully upserted 222 data points.
2026-05-05 16:19:11,454 - root - INFO - Fetching minute data with payload: {'ps_key_list': ['1449886_7_13_1', '1449886_7_11_1', '1449886_7_9_1', '1449886_7_8_1', '1449886_7_7_1'], 'points': 'p8030,p8031,p8032,p8033,p8018,p8014', 'start_time_stamp': '20260504060000', 'end_time_stamp': '20260504090000', 'minute_interval': 5}
2026-05-05 16:19:11,633 - root - INFO - Successfully upserted 222 data points.
2026-05-05 16:19:11,633 - root - INFO - Fetching minute data with payload: {'ps_key_list': ['1449886_7_13_1', '1449886_7_11_1', '1449886_7_9_1', '1449886_7_8_1', '1449886_7_7_1'], 'points': 'p8030,p8031,p8032,p8033,p8018,p8014', 'start_time_stamp': '20260504150000', 'end_time_stamp': '20260504180000', 'minute_interval': 5}
2026-05-05 16:19:11,909 - root - INFO - Successfully upserted 222 data points.
2026-05-05 16:19:11,909 - root - INFO - Fetching minute data with payload: {'ps_key_list': ['1449886_7_13_1', '1449886_7_11_1', '1449886_7_9_1', '1449886_7_8_1', '1449886_7_7_1'], 'points': 'p8030,p8031,p8032,p8033,p8018,p8014', 'start_time_stamp': '20260504000000', 'end_time_stamp': '20260504030000', 'minute_interval': 5}
2026-05-05 16:19:12,304 - root - INFO - Successfully upserted 222 data points.
2026-05-05 16:19:12,304 - root - INFO - Fetching minute data with payload: {'ps_key_list': ['1449886_7_13_1', '1449886_7_11_1', '1449886_7_9_1', '1449886_7_8_1', '1449886_7_7_1'], 'points': 'p8030,p8031,p8032,p8033,p8018,p8014', 'start_time_stamp': '20260504030000', 'end_time_stamp': '20260504060000', 'minute_interval': 5}
2026-05-05 16:19:13,576 - root - INFO - Successfully upserted 148 data points.
2026-05-05 16:19:13,576 - root - INFO - Fetching minute data with payload: {'ps_key_list': ['1449886_5_12_1', '1449886_5_6_1', '1449886_5_4_1', '1449886_5_5_1'], 'points': 'p2003,p2001,p2005,p2007,p2009,p2010,p2022,p2016,p2012', 'start_time_stamp': '20260504120000', 'end_time_stamp': '20260504150000', 'minute_interval': 5}
2026-05-05 16:19:13,697 - root - INFO - Successfully upserted 222 data points.
2026-05-05 16:19:13,697 - root - INFO - Fetching minute data with payload: {'ps_key_list': ['1449886_7_13_1', '1449886_7_11_1', '1449886_7_9_1', '1449886_7_8_1', '1449886_7_7_1'], 'points': 'p8030,p8031,p8032,p8033,p8018,p8014', 'start_time_stamp': '20260504180000', 'end_time_stamp': '20260504210000', 'minute_interval': 5}
2026-05-05 16:19:14,051 - root - INFO - Successfully upserted 144 data points.
2026-05-05 16:19:14,051 - root - INFO - Fetching minute data with payload: {'ps_key_list': ['1449886_5_12_1', '1449886_5_6_1', '1449886_5_4_1', '1449886_5_5_1'], 'points': 'p2003,p2001,p2005,p2007,p2009,p2010,p2022,p2016,p2012', 'start_time_stamp': '20260504210000', 'end_time_stamp': '20260504235959', 'minute_interval': 5}
2026-05-05 16:19:14,074 - root - INFO - Successfully upserted 222 data points.
2026-05-05 16:19:14,075 - root - INFO - Fetching minute data with payload: {'ps_key_list': ['1449886_7_13_1', '1449886_7_11_1', '1449886_7_9_1', '1449886_7_8_1', '1449886_7_7_1'], 'points': 'p8030,p8031,p8032,p8033,p8018,p8014', 'start_time_stamp': '20260504090000', 'end_time_stamp': '20260504120000', 'minute_interval': 5}
2026-05-05 16:19:14,290 - root - INFO - Successfully upserted 148 data points.
2026-05-05 16:19:14,290 - root - INFO - Fetching minute data with payload: {'ps_key_list': ['1449886_5_12_1', '1449886_5_6_1', '1449886_5_4_1', '1449886_5_5_1'], 'points': 'p2003,p2001,p2005,p2007,p2009,p2010,p2022,p2016,p2012', 'start_time_stamp': '20260504060000', 'end_time_stamp': '20260504090000', 'minute_interval': 5}
2026-05-05 16:19:14,347 - root - INFO - Successfully upserted 148 data points.
2026-05-05 16:19:14,355 - root - INFO - Fetching minute data with payload: {'ps_key_list': ['1449886_5_12_1', '1449886_5_6_1', '1449886_5_4_1', '1449886_5_5_1'], 'points': 'p2003,p2001,p2005,p2007,p2009,p2010,p2022,p2016,p2012', 'start_time_stamp': '20260504150000', 'end_time_stamp': '20260504180000', 'minute_interval': 5}
2026-05-05 16:19:14,531 - root - INFO - Successfully upserted 148 data points.
2026-05-05 16:19:14,531 - root - INFO - Fetching minute data with payload: {'ps_key_list': ['1449886_5_12_1', '1449886_5_6_1', '1449886_5_4_1', '1449886_5_5_1'], 'points': 'p2003,p2001,p2005,p2007,p2009,p2010,p2022,p2016,p2012', 'start_time_stamp': '20260504000000', 'end_time_stamp': '20260504030000', 'minute_interval': 5}
2026-05-05 16:19:15,038 - root - INFO - Successfully upserted 148 data points.
2026-05-05 16:19:15,038 - root - INFO - Fetching minute data with payload: {'ps_key_list': ['1449886_5_12_1', '1449886_5_6_1', '1449886_5_4_1', '1449886_5_5_1'], 'points': 'p2003,p2001,p2005,p2007,p2009,p2010,p2022,p2016,p2012', 'start_time_stamp': '20260504030000', 'end_time_stamp': '20260504060000', 'minute_interval': 5}
2026-05-05 16:19:16,393 - root - INFO - Successfully upserted 148 data points.
2026-05-05 16:19:16,393 - root - INFO - Fetching minute data with payload: {'ps_key_list': ['1449886_1_2_1', '1449886_1_1_1', '1449886_1_3_1'], 'points': 'p96,p97,p98,p99,p100,p101,p102,p103,p104,p105,p106,p107,p108,p109,p110,p111,p112,p113,p7166,p7167,p7168,p7169,p7170,p7171,p70,p71,p72,p73,p74,p75,p76,p77,p78,p79,p80,p81,p82,p83,p84,p85,p92,p93,p313,p314,p315,p316,p317,p318', 'start_time_stamp': '20260504120000', 'end_time_stamp': '20260504150000', 'minute_interval': 5}
2026-05-05 16:19:16,410 - root - INFO - Successfully upserted 148 data points.
2026-05-05 16:19:16,410 - root - INFO - Fetching minute data with payload: {'ps_key_list': ['1449886_5_12_1', '1449886_5_6_1', '1449886_5_4_1', '1449886_5_5_1'], 'points': 'p2003,p2001,p2005,p2007,p2009,p2010,p2022,p2016,p2012', 'start_time_stamp': '20260504180000', 'end_time_stamp': '20260504210000', 'minute_interval': 5}
2026-05-05 16:19:16,813 - root - INFO - Successfully upserted 144 data points.
2026-05-05 16:19:16,814 - root - INFO - Fetching minute data with payload: {'ps_key_list': ['1449886_1_2_1', '1449886_1_1_1', '1449886_1_3_1'], 'points': 'p96,p97,p98,p99,p100,p101,p102,p103,p104,p105,p106,p107,p108,p109,p110,p111,p112,p113,p7166,p7167,p7168,p7169,p7170,p7171,p70,p71,p72,p73,p74,p75,p76,p77,p78,p79,p80,p81,p82,p83,p84,p85,p92,p93,p313,p314,p315,p316,p317,p318', 'start_time_stamp': '20260504210000', 'end_time_stamp': '20260504235959', 'minute_interval': 5}
2026-05-05 16:19:17,053 - root - INFO - Successfully upserted 148 data points.
2026-05-05 16:19:17,055 - root - INFO - Fetching minute data with payload: {'ps_key_list': ['1449886_5_12_1', '1449886_5_6_1', '1449886_5_4_1', '1449886_5_5_1'], 'points': 'p2003,p2001,p2005,p2007,p2009,p2010,p2022,p2016,p2012', 'start_time_stamp': '20260504090000', 'end_time_stamp': '20260504120000', 'minute_interval': 5}
2026-05-05 16:19:17,112 - root - INFO - Successfully upserted 148 data points.
2026-05-05 16:19:17,112 - root - INFO - Fetching minute data with payload: {'ps_key_list': ['1449886_1_2_1', '1449886_1_1_1', '1449886_1_3_1'], 'points': 'p96,p97,p98,p99,p100,p101,p102,p103,p104,p105,p106,p107,p108,p109,p110,p111,p112,p113,p7166,p7167,p7168,p7169,p7170,p7171,p70,p71,p72,p73,p74,p75,p76,p77,p78,p79,p80,p81,p82,p83,p84,p85,p92,p93,p313,p314,p315,p316,p317,p318', 'start_time_stamp': '20260504060000', 'end_time_stamp': '20260504090000', 'minute_interval': 5}
2026-05-05 16:19:17,160 - root - INFO - Successfully upserted 148 data points.
2026-05-05 16:19:17,161 - root - INFO - Fetching minute data with payload: {'ps_key_list': ['1449886_1_2_1', '1449886_1_1_1', '1449886_1_3_1'], 'points': 'p96,p97,p98,p99,p100,p101,p102,p103,p104,p105,p106,p107,p108,p109,p110,p111,p112,p113,p7166,p7167,p7168,p7169,p7170,p7171,p70,p71,p72,p73,p74,p75,p76,p77,p78,p79,p80,p81,p82,p83,p84,p85,p92,p93,p313,p314,p315,p316,p317,p318', 'start_time_stamp': '20260504150000', 'end_time_stamp': '20260504180000', 'minute_interval': 5}
2026-05-05 16:19:17,491 - root - INFO - Successfully upserted 148 data points.
2026-05-05 16:19:17,494 - root - INFO - Fetching minute data with payload: {'ps_key_list': ['1449886_1_2_1', '1449886_1_1_1', '1449886_1_3_1'], 'points': 'p96,p97,p98,p99,p100,p101,p102,p103,p104,p105,p106,p107,p108,p109,p110,p111,p112,p113,p7166,p7167,p7168,p7169,p7170,p7171,p70,p71,p72,p73,p74,p75,p76,p77,p78,p79,p80,p81,p82,p83,p84,p85,p92,p93,p313,p314,p315,p316,p317,p318', 'start_time_stamp': '20260504000000', 'end_time_stamp': '20260504030000', 'minute_interval': 5}
2026-05-05 16:19:17,748 - root - INFO - Successfully upserted 148 data points.
2026-05-05 16:19:17,748 - root - INFO - Fetching minute data with payload: {'ps_key_list': ['1449886_1_2_1', '1449886_1_1_1', '1449886_1_3_1'], 'points': 'p96,p97,p98,p99,p100,p101,p102,p103,p104,p105,p106,p107,p108,p109,p110,p111,p112,p113,p7166,p7167,p7168,p7169,p7170,p7171,p70,p71,p72,p73,p74,p75,p76,p77,p78,p79,p80,p81,p82,p83,p84,p85,p92,p93,p313,p314,p315,p316,p317,p318', 'start_time_stamp': '20260504030000', 'end_time_stamp': '20260504060000', 'minute_interval': 5}
2026-05-05 16:19:19,114 - root - INFO - Successfully upserted 111 data points.
2026-05-05 16:19:19,115 - root - INFO - Fetching minute data with payload: {'ps_key_list': ['1763661_1_1_1', '1763661_1_4_1', '1763661_1_3_1', '1763661_1_34_1', '1763661_1_33_1', '1763661_1_32_1', '1763661_1_31_1', '1763661_1_30_1', '1763661_1_29_1', '1763661_1_28_1', '1763661_1_27_1', '1763661_1_26_1', '1763661_1_25_1', '1763661_1_6_1', '1763661_1_5_1', '1763661_1_8_1', '1763661_1_7_1', '1763661_1_9_1', '1763661_1_10_1', '1763661_1_2_1'], 'points': 'p96,p97,p98,p99,p100,p101,p102,p103,p104,p105,p106,p107,p108,p109,p110,p111,p112,p113,p7166,p7167,p7168,p7169,p7170,p7171,p70,p71,p72,p73,p74,p75,p76,p77,p78,p79,p80,p81,p82,p83,p84,p85,p92,p93,p313,p314,p315,p316,p317,p318', 'start_time_stamp': '20260504120000', 'end_time_stamp': '20260504150000', 'minute_interval': 5}
2026-05-05 16:19:19,121 - root - INFO - Successfully upserted 148 data points.
2026-05-05 16:19:19,121 - root - INFO - Fetching minute data with payload: {'ps_key_list': ['1449886_1_2_1', '1449886_1_1_1', '1449886_1_3_1'], 'points': 'p96,p97,p98,p99,p100,p101,p102,p103,p104,p105,p106,p107,p108,p109,p110,p111,p112,p113,p7166,p7167,p7168,p7169,p7170,p7171,p70,p71,p72,p73,p74,p75,p76,p77,p78,p79,p80,p81,p82,p83,p84,p85,p92,p93,p313,p314,p315,p316,p317,p318', 'start_time_stamp': '20260504180000', 'end_time_stamp': '20260504210000', 'minute_interval': 5}
2026-05-05 16:19:19,531 - root - INFO - Successfully upserted 108 data points.
2026-05-05 16:19:19,532 - root - INFO - Fetching minute data with payload: {'ps_key_list': ['1763661_1_1_1', '1763661_1_4_1', '1763661_1_3_1', '1763661_1_34_1', '1763661_1_33_1', '1763661_1_32_1', '1763661_1_31_1', '1763661_1_30_1', '1763661_1_29_1', '1763661_1_28_1', '1763661_1_27_1', '1763661_1_26_1', '1763661_1_25_1', '1763661_1_6_1', '1763661_1_5_1', '1763661_1_8_1', '1763661_1_7_1', '1763661_1_9_1', '1763661_1_10_1', '1763661_1_2_1'], 'points': 'p96,p97,p98,p99,p100,p101,p102,p103,p104,p105,p106,p107,p108,p109,p110,p111,p112,p113,p7166,p7167,p7168,p7169,p7170,p7171,p70,p71,p72,p73,p74,p75,p76,p77,p78,p79,p80,p81,p82,p83,p84,p85,p92,p93,p313,p314,p315,p316,p317,p318', 'start_time_stamp': '20260504210000', 'end_time_stamp': '20260504235959', 'minute_interval': 5}
2026-05-05 16:19:19,937 - root - INFO - Successfully upserted 111 data points.
2026-05-05 16:19:19,939 - root - INFO - Fetching minute data with payload: {'ps_key_list': ['1763661_1_1_1', '1763661_1_4_1', '1763661_1_3_1', '1763661_1_34_1', '1763661_1_33_1', '1763661_1_32_1', '1763661_1_31_1', '1763661_1_30_1', '1763661_1_29_1', '1763661_1_28_1', '1763661_1_27_1', '1763661_1_26_1', '1763661_1_25_1', '1763661_1_6_1', '1763661_1_5_1', '1763661_1_8_1', '1763661_1_7_1', '1763661_1_9_1', '1763661_1_10_1', '1763661_1_2_1'], 'points': 'p96,p97,p98,p99,p100,p101,p102,p103,p104,p105,p106,p107,p108,p109,p110,p111,p112,p113,p7166,p7167,p7168,p7169,p7170,p7171,p70,p71,p72,p73,p74,p75,p76,p77,p78,p79,p80,p81,p82,p83,p84,p85,p92,p93,p313,p314,p315,p316,p317,p318', 'start_time_stamp': '20260504150000', 'end_time_stamp': '20260504180000', 'minute_interval': 5}
2026-05-05 16:19:19,939 - root - INFO - Successfully upserted 111 data points.
2026-05-05 16:19:19,942 - root - INFO - Fetching minute data with payload: {'ps_key_list': ['1763661_1_1_1', '1763661_1_4_1', '1763661_1_3_1', '1763661_1_34_1', '1763661_1_33_1', '1763661_1_32_1', '1763661_1_31_1', '1763661_1_30_1', '1763661_1_29_1', '1763661_1_28_1', '1763661_1_27_1', '1763661_1_26_1', '1763661_1_25_1', '1763661_1_6_1', '1763661_1_5_1', '1763661_1_8_1', '1763661_1_7_1', '1763661_1_9_1', '1763661_1_10_1', '1763661_1_2_1'], 'points': 'p96,p97,p98,p99,p100,p101,p102,p103,p104,p105,p106,p107,p108,p109,p110,p111,p112,p113,p7166,p7167,p7168,p7169,p7170,p7171,p70,p71,p72,p73,p74,p75,p76,p77,p78,p79,p80,p81,p82,p83,p84,p85,p92,p93,p313,p314,p315,p316,p317,p318', 'start_time_stamp': '20260504060000', 'end_time_stamp': '20260504090000', 'minute_interval': 5}
2026-05-05 16:19:20,003 - root - INFO - Successfully upserted 148 data points.
2026-05-05 16:19:20,004 - root - INFO - Fetching minute data with payload: {'ps_key_list': ['1449886_1_2_1', '1449886_1_1_1', '1449886_1_3_1'], 'points': 'p96,p97,p98,p99,p100,p101,p102,p103,p104,p105,p106,p107,p108,p109,p110,p111,p112,p113,p7166,p7167,p7168,p7169,p7170,p7171,p70,p71,p72,p73,p74,p75,p76,p77,p78,p79,p80,p81,p82,p83,p84,p85,p92,p93,p313,p314,p315,p316,p317,p318', 'start_time_stamp': '20260504090000', 'end_time_stamp': '20260504120000', 'minute_interval': 5}
2026-05-05 16:19:20,329 - root - INFO - Successfully upserted 111 data points.
2026-05-05 16:19:20,329 - root - INFO - Fetching minute data with payload: {'ps_key_list': ['1763661_1_1_1', '1763661_1_4_1', '1763661_1_3_1', '1763661_1_34_1', '1763661_1_33_1', '1763661_1_32_1', '1763661_1_31_1', '1763661_1_30_1', '1763661_1_29_1', '1763661_1_28_1', '1763661_1_27_1', '1763661_1_26_1', '1763661_1_25_1', '1763661_1_6_1', '1763661_1_5_1', '1763661_1_8_1', '1763661_1_7_1', '1763661_1_9_1', '1763661_1_10_1', '1763661_1_2_1'], 'points': 'p96,p97,p98,p99,p100,p101,p102,p103,p104,p105,p106,p107,p108,p109,p110,p111,p112,p113,p7166,p7167,p7168,p7169,p7170,p7171,p70,p71,p72,p73,p74,p75,p76,p77,p78,p79,p80,p81,p82,p83,p84,p85,p92,p93,p313,p314,p315,p316,p317,p318', 'start_time_stamp': '20260504000000', 'end_time_stamp': '20260504030000', 'minute_interval': 5}
2026-05-05 16:19:20,482 - root - INFO - Successfully upserted 111 data points.
2026-05-05 16:19:20,483 - root - INFO - Fetching minute data with payload: {'ps_key_list': ['1763661_1_1_1', '1763661_1_4_1', '1763661_1_3_1', '1763661_1_34_1', '1763661_1_33_1', '1763661_1_32_1', '1763661_1_31_1', '1763661_1_30_1', '1763661_1_29_1', '1763661_1_28_1', '1763661_1_27_1', '1763661_1_26_1', '1763661_1_25_1', '1763661_1_6_1', '1763661_1_5_1', '1763661_1_8_1', '1763661_1_7_1', '1763661_1_9_1', '1763661_1_10_1', '1763661_1_2_1'], 'points': 'p96,p97,p98,p99,p100,p101,p102,p103,p104,p105,p106,p107,p108,p109,p110,p111,p112,p113,p7166,p7167,p7168,p7169,p7170,p7171,p70,p71,p72,p73,p74,p75,p76,p77,p78,p79,p80,p81,p82,p83,p84,p85,p92,p93,p313,p314,p315,p316,p317,p318', 'start_time_stamp': '20260504030000', 'end_time_stamp': '20260504060000', 'minute_interval': 5}
2026-05-05 16:19:21,977 - root - INFO - Successfully upserted 111 data points.
2026-05-05 16:19:21,978 - root - INFO - Fetching minute data with payload: {'ps_key_list': ['1763661_1_1_1', '1763661_1_4_1', '1763661_1_3_1', '1763661_1_34_1', '1763661_1_33_1', '1763661_1_32_1', '1763661_1_31_1', '1763661_1_30_1', '1763661_1_29_1', '1763661_1_28_1', '1763661_1_27_1', '1763661_1_26_1', '1763661_1_25_1', '1763661_1_6_1', '1763661_1_5_1', '1763661_1_8_1', '1763661_1_7_1', '1763661_1_9_1', '1763661_1_10_1', '1763661_1_2_1'], 'points': 'p96,p97,p98,p99,p100,p101,p102,p103,p104,p105,p106,p107,p108,p109,p110,p111,p112,p113,p7166,p7167,p7168,p7169,p7170,p7171,p70,p71,p72,p73,p74,p75,p76,p77,p78,p79,p80,p81,p82,p83,p84,p85,p92,p93,p313,p314,p315,p316,p317,p318', 'start_time_stamp': '20260504180000', 'end_time_stamp': '20260504210000', 'minute_interval': 5}
2026-05-05 16:19:22,397 - root - INFO - Successfully upserted 370 data points.
2026-05-05 16:19:22,397 - root - INFO - Fetching minute data with payload: {'ps_key_list': ['1763661_7_22_1', '1763661_7_21_1', '1763661_7_24_1', '1763661_7_23_1', '1763661_7_20_1', '1763661_7_19_1', '1763661_7_17_1', '1763661_7_16_1', '1763661_7_15_1'], 'points': 'p8030,p8031,p8032,p8033,p8018,p8014', 'start_time_stamp': '20260504120000', 'end_time_stamp': '20260504150000', 'minute_interval': 5}
2026-05-05 16:19:22,560 - root - INFO - Successfully upserted 360 data points.
2026-05-05 16:19:22,561 - root - INFO - Fetching minute data with payload: {'ps_key_list': ['1763661_7_22_1', '1763661_7_21_1', '1763661_7_24_1', '1763661_7_23_1', '1763661_7_20_1', '1763661_7_19_1', '1763661_7_17_1', '1763661_7_16_1', '1763661_7_15_1'], 'points': 'p8030,p8031,p8032,p8033,p8018,p8014', 'start_time_stamp': '20260504210000', 'end_time_stamp': '20260504235959', 'minute_interval': 5}
2026-05-05 16:19:22,831 - root - INFO - Successfully upserted 111 data points.
2026-05-05 16:19:22,831 - root - INFO - Fetching minute data with payload: {'ps_key_list': ['1763661_1_1_1', '1763661_1_4_1', '1763661_1_3_1', '1763661_1_34_1', '1763661_1_33_1', '1763661_1_32_1', '1763661_1_31_1', '1763661_1_30_1', '1763661_1_29_1', '1763661_1_28_1', '1763661_1_27_1', '1763661_1_26_1', '1763661_1_25_1', '1763661_1_6_1', '1763661_1_5_1', '1763661_1_8_1', '1763661_1_7_1', '1763661_1_9_1', '1763661_1_10_1', '1763661_1_2_1'], 'points': 'p96,p97,p98,p99,p100,p101,p102,p103,p104,p105,p106,p107,p108,p109,p110,p111,p112,p113,p7166,p7167,p7168,p7169,p7170,p7171,p70,p71,p72,p73,p74,p75,p76,p77,p78,p79,p80,p81,p82,p83,p84,p85,p92,p93,p313,p314,p315,p316,p317,p318', 'start_time_stamp': '20260504090000', 'end_time_stamp': '20260504120000', 'minute_interval': 5}
2026-05-05 16:19:22,986 - root - INFO - Successfully upserted 370 data points.
2026-05-05 16:19:22,986 - root - INFO - Fetching minute data with payload: {'ps_key_list': ['1763661_7_22_1', '1763661_7_21_1', '1763661_7_24_1', '1763661_7_23_1', '1763661_7_20_1', '1763661_7_19_1', '1763661_7_17_1', '1763661_7_16_1', '1763661_7_15_1'], 'points': 'p8030,p8031,p8032,p8033,p8018,p8014', 'start_time_stamp': '20260504060000', 'end_time_stamp': '20260504090000', 'minute_interval': 5}
2026-05-05 16:19:23,154 - root - INFO - Successfully upserted 370 data points.
2026-05-05 16:19:23,154 - root - INFO - Fetching minute data with payload: {'ps_key_list': ['1763661_7_22_1', '1763661_7_21_1', '1763661_7_24_1', '1763661_7_23_1', '1763661_7_20_1', '1763661_7_19_1', '1763661_7_17_1', '1763661_7_16_1', '1763661_7_15_1'], 'points': 'p8030,p8031,p8032,p8033,p8018,p8014', 'start_time_stamp': '20260504150000', 'end_time_stamp': '20260504180000', 'minute_interval': 5}
2026-05-05 16:19:23,383 - root - INFO - Successfully upserted 370 data points.
2026-05-05 16:19:23,384 - root - INFO - Fetching minute data with payload: {'ps_key_list': ['1763661_7_22_1', '1763661_7_21_1', '1763661_7_24_1', '1763661_7_23_1', '1763661_7_20_1', '1763661_7_19_1', '1763661_7_17_1', '1763661_7_16_1', '1763661_7_15_1'], 'points': 'p8030,p8031,p8032,p8033,p8018,p8014', 'start_time_stamp': '20260504000000', 'end_time_stamp': '20260504030000', 'minute_interval': 5}
2026-05-05 16:19:23,494 - root - INFO - Successfully upserted 370 data points.
2026-05-05 16:19:23,494 - root - INFO - Fetching minute data with payload: {'ps_key_list': ['1763661_7_22_1', '1763661_7_21_1', '1763661_7_24_1', '1763661_7_23_1', '1763661_7_20_1', '1763661_7_19_1', '1763661_7_17_1', '1763661_7_16_1', '1763661_7_15_1'], 'points': 'p8030,p8031,p8032,p8033,p8018,p8014', 'start_time_stamp': '20260504030000', 'end_time_stamp': '20260504060000', 'minute_interval': 5}
2026-05-05 16:19:24,956 - root - INFO - Successfully upserted 370 data points.
2026-05-05 16:19:24,956 - root - INFO - Fetching minute data with payload: {'ps_key_list': ['1763661_7_22_1', '1763661_7_21_1', '1763661_7_24_1', '1763661_7_23_1', '1763661_7_20_1', '1763661_7_19_1', '1763661_7_17_1', '1763661_7_16_1', '1763661_7_15_1'], 'points': 'p8030,p8031,p8032,p8033,p8018,p8014', 'start_time_stamp': '20260504180000', 'end_time_stamp': '20260504210000', 'minute_interval': 5}
2026-05-05 16:19:25,248 - root - INFO - Successfully upserted 296 data points.
2026-05-05 16:19:25,249 - root - INFO - Fetching minute data with payload: {'ps_key_list': ['1763661_5_14_1', '1763661_5_13_1', '1763661_5_12_1', '1763661_5_11_1'], 'points': 'p2003,p2001,p2005,p2007,p2009,p2010,p2022,p2016,p2012', 'start_time_stamp': '20260504120000', 'end_time_stamp': '20260504150000', 'minute_interval': 5}
2026-05-05 16:19:25,329 - root - INFO - Successfully upserted 288 data points.
2026-05-05 16:19:25,329 - root - INFO - Fetching minute data with payload: {'ps_key_list': ['1763661_5_14_1', '1763661_5_13_1', '1763661_5_12_1', '1763661_5_11_1'], 'points': 'p2003,p2001,p2005,p2007,p2009,p2010,p2022,p2016,p2012', 'start_time_stamp': '20260504210000', 'end_time_stamp': '20260504235959', 'minute_interval': 5}
2026-05-05 16:19:25,945 - root - INFO - Successfully upserted 370 data points.
2026-05-05 16:19:25,945 - root - INFO - Fetching minute data with payload: {'ps_key_list': ['1763661_7_22_1', '1763661_7_21_1', '1763661_7_24_1', '1763661_7_23_1', '1763661_7_20_1', '1763661_7_19_1', '1763661_7_17_1', '1763661_7_16_1', '1763661_7_15_1'], 'points': 'p8030,p8031,p8032,p8033,p8018,p8014', 'start_time_stamp': '20260504090000', 'end_time_stamp': '20260504120000', 'minute_interval': 5}
2026-05-05 16:19:25,945 - root - INFO - Successfully upserted 296 data points.
2026-05-05 16:19:25,947 - root - INFO - Fetching minute data with payload: {'ps_key_list': ['1763661_5_14_1', '1763661_5_13_1', '1763661_5_12_1', '1763661_5_11_1'], 'points': 'p2003,p2001,p2005,p2007,p2009,p2010,p2022,p2016,p2012', 'start_time_stamp': '20260504060000', 'end_time_stamp': '20260504090000', 'minute_interval': 5}
2026-05-05 16:19:26,020 - root - INFO - Successfully upserted 296 data points.
2026-05-05 16:19:26,022 - root - INFO - Fetching minute data with payload: {'ps_key_list': ['1763661_5_14_1', '1763661_5_13_1', '1763661_5_12_1', '1763661_5_11_1'], 'points': 'p2003,p2001,p2005,p2007,p2009,p2010,p2022,p2016,p2012', 'start_time_stamp': '20260504150000', 'end_time_stamp': '20260504180000', 'minute_interval': 5}
2026-05-05 16:19:26,391 - root - INFO - Successfully upserted 296 data points.
2026-05-05 16:19:26,392 - root - INFO - Fetching minute data with payload: {'ps_key_list': ['1763661_5_14_1', '1763661_5_13_1', '1763661_5_12_1', '1763661_5_11_1'], 'points': 'p2003,p2001,p2005,p2007,p2009,p2010,p2022,p2016,p2012', 'start_time_stamp': '20260504030000', 'end_time_stamp': '20260504060000', 'minute_interval': 5}
2026-05-05 16:19:26,472 - root - INFO - Successfully upserted 296 data points.
2026-05-05 16:19:26,472 - root - INFO - Fetching minute data with payload: {'ps_key_list': ['1763661_5_14_1', '1763661_5_13_1', '1763661_5_12_1', '1763661_5_11_1'], 'points': 'p2003,p2001,p2005,p2007,p2009,p2010,p2022,p2016,p2012', 'start_time_stamp': '20260504000000', 'end_time_stamp': '20260504030000', 'minute_interval': 5}
2026-05-05 16:19:27,668 - root - INFO - Successfully upserted 296 data points.
2026-05-05 16:19:27,668 - root - INFO - Fetching minute data with payload: {'ps_key_list': ['1763661_5_14_1', '1763661_5_13_1', '1763661_5_12_1', '1763661_5_11_1'], 'points': 'p2003,p2001,p2005,p2007,p2009,p2010,p2022,p2016,p2012', 'start_time_stamp': '20260504180000', 'end_time_stamp': '20260504210000', 'minute_interval': 5}
2026-05-05 16:19:28,065 - root - INFO - Successfully upserted 148 data points.
2026-05-05 16:19:28,066 - root - INFO - Fetching minute data with payload: {'ps_key_list': ['1637816_1_5_1', '1637816_1_7_1', '1637816_1_2_1', '1637816_1_1_1', '1637816_1_4_1', '1637816_1_3_1', '1637816_1_6_1'], 'points': 'p96,p97,p98,p99,p100,p101,p102,p103,p104,p105,p106,p107,p108,p109,p110,p111,p112,p113,p7166,p7167,p7168,p7169,p7170,p7171,p70,p71,p72,p73,p74,p75,p76,p77,p78,p79,p80,p81,p82,p83,p84,p85,p92,p93,p313,p314,p315,p316,p317,p318', 'start_time_stamp': '20260504120000', 'end_time_stamp': '20260504150000', 'minute_interval': 5}
2026-05-05 16:19:28,414 - root - INFO - Successfully upserted 144 data points.
2026-05-05 16:19:28,414 - root - INFO - Fetching minute data with payload: {'ps_key_list': ['1637816_1_5_1', '1637816_1_7_1', '1637816_1_2_1', '1637816_1_1_1', '1637816_1_4_1', '1637816_1_3_1', '1637816_1_6_1'], 'points': 'p96,p97,p98,p99,p100,p101,p102,p103,p104,p105,p106,p107,p108,p109,p110,p111,p112,p113,p7166,p7167,p7168,p7169,p7170,p7171,p70,p71,p72,p73,p74,p75,p76,p77,p78,p79,p80,p81,p82,p83,p84,p85,p92,p93,p313,p314,p315,p316,p317,p318', 'start_time_stamp': '20260504210000', 'end_time_stamp': '20260504235959', 'minute_interval': 5}
2026-05-05 16:19:28,825 - root - INFO - Successfully upserted 148 data points.
2026-05-05 16:19:28,825 - root - INFO - Fetching minute data with payload: {'ps_key_list': ['1637816_1_5_1', '1637816_1_7_1', '1637816_1_2_1', '1637816_1_1_1', '1637816_1_4_1', '1637816_1_3_1', '1637816_1_6_1'], 'points': 'p96,p97,p98,p99,p100,p101,p102,p103,p104,p105,p106,p107,p108,p109,p110,p111,p112,p113,p7166,p7167,p7168,p7169,p7170,p7171,p70,p71,p72,p73,p74,p75,p76,p77,p78,p79,p80,p81,p82,p83,p84,p85,p92,p93,p313,p314,p315,p316,p317,p318', 'start_time_stamp': '20260504060000', 'end_time_stamp': '20260504090000', 'minute_interval': 5}
2026-05-05 16:19:29,003 - root - INFO - Successfully upserted 296 data points.
2026-05-05 16:19:29,003 - root - INFO - Fetching minute data with payload: {'ps_key_list': ['1763661_5_14_1', '1763661_5_13_1', '1763661_5_12_1', '1763661_5_11_1'], 'points': 'p2003,p2001,p2005,p2007,p2009,p2010,p2022,p2016,p2012', 'start_time_stamp': '20260504090000', 'end_time_stamp': '20260504120000', 'minute_interval': 5}
2026-05-05 16:19:29,097 - root - INFO - Successfully upserted 148 data points.
2026-05-05 16:19:29,098 - root - INFO - Fetching minute data with payload: {'ps_key_list': ['1637816_1_5_1', '1637816_1_7_1', '1637816_1_2_1', '1637816_1_1_1', '1637816_1_4_1', '1637816_1_3_1', '1637816_1_6_1'], 'points': 'p96,p97,p98,p99,p100,p101,p102,p103,p104,p105,p106,p107,p108,p109,p110,p111,p112,p113,p7166,p7167,p7168,p7169,p7170,p7171,p70,p71,p72,p73,p74,p75,p76,p77,p78,p79,p80,p81,p82,p83,p84,p85,p92,p93,p313,p314,p315,p316,p317,p318', 'start_time_stamp': '20260504150000', 'end_time_stamp': '20260504180000', 'minute_interval': 5}
2026-05-05 16:19:29,137 - root - INFO - Successfully upserted 148 data points.
2026-05-05 16:19:29,138 - root - INFO - Fetching minute data with payload: {'ps_key_list': ['1637816_1_5_1', '1637816_1_7_1', '1637816_1_2_1', '1637816_1_1_1', '1637816_1_4_1', '1637816_1_3_1', '1637816_1_6_1'], 'points': 'p96,p97,p98,p99,p100,p101,p102,p103,p104,p105,p106,p107,p108,p109,p110,p111,p112,p113,p7166,p7167,p7168,p7169,p7170,p7171,p70,p71,p72,p73,p74,p75,p76,p77,p78,p79,p80,p81,p82,p83,p84,p85,p92,p93,p313,p314,p315,p316,p317,p318', 'start_time_stamp': '20260504030000', 'end_time_stamp': '20260504060000', 'minute_interval': 5}
2026-05-05 16:19:29,566 - root - INFO - Successfully upserted 148 data points.
2026-05-05 16:19:29,566 - root - INFO - Fetching minute data with payload: {'ps_key_list': ['1637816_1_5_1', '1637816_1_7_1', '1637816_1_2_1', '1637816_1_1_1', '1637816_1_4_1', '1637816_1_3_1', '1637816_1_6_1'], 'points': 'p96,p97,p98,p99,p100,p101,p102,p103,p104,p105,p106,p107,p108,p109,p110,p111,p112,p113,p7166,p7167,p7168,p7169,p7170,p7171,p70,p71,p72,p73,p74,p75,p76,p77,p78,p79,p80,p81,p82,p83,p84,p85,p92,p93,p313,p314,p315,p316,p317,p318', 'start_time_stamp': '20260504000000', 'end_time_stamp': '20260504030000', 'minute_interval': 5}
2026-05-05 16:19:30,309 - root - INFO - Successfully upserted 148 data points.
2026-05-05 16:19:30,310 - root - INFO - Fetching minute data with payload: {'ps_key_list': ['1637816_1_5_1', '1637816_1_7_1', '1637816_1_2_1', '1637816_1_1_1', '1637816_1_4_1', '1637816_1_3_1', '1637816_1_6_1'], 'points': 'p96,p97,p98,p99,p100,p101,p102,p103,p104,p105,p106,p107,p108,p109,p110,p111,p112,p113,p7166,p7167,p7168,p7169,p7170,p7171,p70,p71,p72,p73,p74,p75,p76,p77,p78,p79,p80,p81,p82,p83,p84,p85,p92,p93,p313,p314,p315,p316,p317,p318', 'start_time_stamp': '20260504180000', 'end_time_stamp': '20260504210000', 'minute_interval': 5}
2026-05-05 16:19:30,808 - root - INFO - Successfully upserted 259 data points.
2026-05-05 16:19:30,808 - root - INFO - Fetching minute data with payload: {'ps_key_list': ['1637816_7_14_1', '1637816_7_13_1', '1637816_7_18_1', '1637816_7_17_1', '1637816_7_16_1', '1637816_7_15_1'], 'points': 'p8030,p8031,p8032,p8033,p8018,p8014', 'start_time_stamp': '20260504120000', 'end_time_stamp': '20260504150000', 'minute_interval': 5}
2026-05-05 16:19:31,058 - root - INFO - Successfully upserted 133 data points.
2026-05-05 16:19:31,058 - root - INFO - Fetching minute data with payload: {'ps_key_list': ['1637816_7_14_1', '1637816_7_13_1', '1637816_7_18_1', '1637816_7_17_1', '1637816_7_16_1', '1637816_7_15_1'], 'points': 'p8030,p8031,p8032,p8033,p8018,p8014', 'start_time_stamp': '20260504210000', 'end_time_stamp': '20260504235959', 'minute_interval': 5}
2026-05-05 16:19:31,743 - root - INFO - Successfully upserted 148 data points.
2026-05-05 16:19:31,743 - root - INFO - Fetching minute data with payload: {'ps_key_list': ['1637816_1_5_1', '1637816_1_7_1', '1637816_1_2_1', '1637816_1_1_1', '1637816_1_4_1', '1637816_1_3_1', '1637816_1_6_1'], 'points': 'p96,p97,p98,p99,p100,p101,p102,p103,p104,p105,p106,p107,p108,p109,p110,p111,p112,p113,p7166,p7167,p7168,p7169,p7170,p7171,p70,p71,p72,p73,p74,p75,p76,p77,p78,p79,p80,p81,p82,p83,p84,p85,p92,p93,p313,p314,p315,p316,p317,p318', 'start_time_stamp': '20260504090000', 'end_time_stamp': '20260504120000', 'minute_interval': 5}
2026-05-05 16:19:31,931 - root - INFO - Successfully upserted 259 data points.
2026-05-05 16:19:31,932 - root - INFO - Fetching minute data with payload: {'ps_key_list': ['1637816_7_14_1', '1637816_7_13_1', '1637816_7_18_1', '1637816_7_17_1', '1637816_7_16_1', '1637816_7_15_1'], 'points': 'p8030,p8031,p8032,p8033,p8018,p8014', 'start_time_stamp': '20260504060000', 'end_time_stamp': '20260504090000', 'minute_interval': 5}
2026-05-05 16:19:31,963 - root - INFO - Successfully upserted 84 data points.
2026-05-05 16:19:31,964 - root - INFO - Fetching minute data with payload: {'ps_key_list': ['1637816_7_14_1', '1637816_7_13_1', '1637816_7_18_1', '1637816_7_17_1', '1637816_7_16_1', '1637816_7_15_1'], 'points': 'p8030,p8031,p8032,p8033,p8018,p8014', 'start_time_stamp': '20260504030000', 'end_time_stamp': '20260504060000', 'minute_interval': 5}
2026-05-05 16:19:32,035 - root - INFO - Successfully upserted 259 data points.
2026-05-05 16:19:32,036 - root - INFO - Fetching minute data with payload: {'ps_key_list': ['1637816_7_14_1', '1637816_7_13_1', '1637816_7_18_1', '1637816_7_17_1', '1637816_7_16_1', '1637816_7_15_1'], 'points': 'p8030,p8031,p8032,p8033,p8018,p8014', 'start_time_stamp': '20260504150000', 'end_time_stamp': '20260504180000', 'minute_interval': 5}
2026-05-05 16:19:32,502 - root - INFO - No data to insert into database for this API data batch.
2026-05-05 16:19:32,502 - root - INFO - Fetching minute data with payload: {'ps_key_list': ['1637816_7_14_1', '1637816_7_13_1', '1637816_7_18_1', '1637816_7_17_1', '1637816_7_16_1', '1637816_7_15_1'], 'points': 'p8030,p8031,p8032,p8033,p8018,p8014', 'start_time_stamp': '20260504000000', 'end_time_stamp': '20260504030000', 'minute_interval': 5}
2026-05-05 16:19:33,165 - root - INFO - Successfully upserted 259 data points.
2026-05-05 16:19:33,165 - root - INFO - Fetching minute data with payload: {'ps_key_list': ['1637816_7_14_1', '1637816_7_13_1', '1637816_7_18_1', '1637816_7_17_1', '1637816_7_16_1', '1637816_7_15_1'], 'points': 'p8030,p8031,p8032,p8033,p8018,p8014', 'start_time_stamp': '20260504180000', 'end_time_stamp': '20260504210000', 'minute_interval': 5}
2026-05-05 16:19:33,458 - root - INFO - Successfully upserted 148 data points.
2026-05-05 16:19:33,458 - root - INFO - Fetching minute data with payload: {'ps_key_list': ['1637816_5_12_1', '1637816_5_11_1', '1637816_5_10_1', '1637816_5_19_1'], 'points': 'p2003,p2001,p2005,p2007,p2009,p2010,p2022,p2016,p2012', 'start_time_stamp': '20260504120000', 'end_time_stamp': '20260504150000', 'minute_interval': 5}
2026-05-05 16:19:33,955 - root - INFO - Successfully upserted 144 data points.
2026-05-05 16:19:33,955 - root - INFO - Fetching minute data with payload: {'ps_key_list': ['1637816_5_12_1', '1637816_5_11_1', '1637816_5_10_1', '1637816_5_19_1'], 'points': 'p2003,p2001,p2005,p2007,p2009,p2010,p2022,p2016,p2012', 'start_time_stamp': '20260504210000', 'end_time_stamp': '20260504235959', 'minute_interval': 5}
2026-05-05 16:19:34,553 - root - INFO - Successfully upserted 259 data points.
2026-05-05 16:19:34,554 - root - INFO - Fetching minute data with payload: {'ps_key_list': ['1637816_7_14_1', '1637816_7_13_1', '1637816_7_18_1', '1637816_7_17_1', '1637816_7_16_1', '1637816_7_15_1'], 'points': 'p8030,p8031,p8032,p8033,p8018,p8014', 'start_time_stamp': '20260504090000', 'end_time_stamp': '20260504120000', 'minute_interval': 5}
2026-05-05 16:19:34,622 - root - INFO - Successfully upserted 148 data points.
2026-05-05 16:19:34,622 - root - INFO - Fetching minute data with payload: {'ps_key_list': ['1637816_5_12_1', '1637816_5_11_1', '1637816_5_10_1', '1637816_5_19_1'], 'points': 'p2003,p2001,p2005,p2007,p2009,p2010,p2022,p2016,p2012', 'start_time_stamp': '20260504060000', 'end_time_stamp': '20260504090000', 'minute_interval': 5}
2026-05-05 16:19:34,776 - root - INFO - Successfully upserted 148 data points.
2026-05-05 16:19:34,776 - root - INFO - Fetching minute data with payload: {'ps_key_list': ['1637816_5_12_1', '1637816_5_11_1', '1637816_5_10_1', '1637816_5_19_1'], 'points': 'p2003,p2001,p2005,p2007,p2009,p2010,p2022,p2016,p2012', 'start_time_stamp': '20260504150000', 'end_time_stamp': '20260504180000', 'minute_interval': 5}
2026-05-05 16:19:34,829 - root - INFO - Successfully upserted 148 data points.
2026-05-05 16:19:34,829 - root - INFO - Fetching minute data with payload: {'ps_key_list': ['1637816_5_12_1', '1637816_5_11_1', '1637816_5_10_1', '1637816_5_19_1'], 'points': 'p2003,p2001,p2005,p2007,p2009,p2010,p2022,p2016,p2012', 'start_time_stamp': '20260504030000', 'end_time_stamp': '20260504060000', 'minute_interval': 5}
2026-05-05 16:19:35,244 - root - INFO - Successfully upserted 148 data points.
2026-05-05 16:19:35,244 - root - INFO - Fetching minute data with payload: {'ps_key_list': ['1637816_5_12_1', '1637816_5_11_1', '1637816_5_10_1', '1637816_5_19_1'], 'points': 'p2003,p2001,p2005,p2007,p2009,p2010,p2022,p2016,p2012', 'start_time_stamp': '20260504000000', 'end_time_stamp': '20260504030000', 'minute_interval': 5}
2026-05-05 16:19:35,828 - root - INFO - Successfully upserted 148 data points.
2026-05-05 16:19:35,828 - root - INFO - Fetching minute data with payload: {'ps_key_list': ['1637816_5_12_1', '1637816_5_11_1', '1637816_5_10_1', '1637816_5_19_1'], 'points': 'p2003,p2001,p2005,p2007,p2009,p2010,p2022,p2016,p2012', 'start_time_stamp': '20260504180000', 'end_time_stamp': '20260504210000', 'minute_interval': 5}
2026-05-05 16:19:36,148 - root - INFO - Successfully upserted 148 data points.
2026-05-05 16:19:36,148 - root - INFO - Fetching minute data with payload: {'ps_key_list': ['1637095_1_4_1', '1637095_1_7_1', '1637095_1_3_1', '1637095_1_6_1', '1637095_1_2_1', '1637095_1_9_1', '1637095_1_5_1', '1637095_1_1_1', '1637095_1_10_1', '1637095_1_8_1'], 'points': 'p96,p97,p98,p99,p100,p101,p102,p103,p104,p105,p106,p107,p108,p109,p110,p111,p112,p113,p7166,p7167,p7168,p7169,p7170,p7171,p70,p71,p72,p73,p74,p75,p76,p77,p78,p79,p80,p81,p82,p83,p84,p85,p92,p93,p313,p314,p315,p316,p317,p318', 'start_time_stamp': '20260504120000', 'end_time_stamp': '20260504150000', 'minute_interval': 5}
2026-05-05 16:19:36,554 - root - INFO - Successfully upserted 127 data points.
2026-05-05 16:19:36,554 - root - INFO - Fetching minute data with payload: {'ps_key_list': ['1637095_1_4_1', '1637095_1_7_1', '1637095_1_3_1', '1637095_1_6_1', '1637095_1_2_1', '1637095_1_9_1', '1637095_1_5_1', '1637095_1_1_1', '1637095_1_10_1', '1637095_1_8_1'], 'points': 'p96,p97,p98,p99,p100,p101,p102,p103,p104,p105,p106,p107,p108,p109,p110,p111,p112,p113,p7166,p7167,p7168,p7169,p7170,p7171,p70,p71,p72,p73,p74,p75,p76,p77,p78,p79,p80,p81,p82,p83,p84,p85,p92,p93,p313,p314,p315,p316,p317,p318', 'start_time_stamp': '20260504210000', 'end_time_stamp': '20260504235959', 'minute_interval': 5}
2026-05-05 16:19:37,403 - root - INFO - Successfully upserted 148 data points.
2026-05-05 16:19:37,404 - root - INFO - Fetching minute data with payload: {'ps_key_list': ['1637816_5_12_1', '1637816_5_11_1', '1637816_5_10_1', '1637816_5_19_1'], 'points': 'p2003,p2001,p2005,p2007,p2009,p2010,p2022,p2016,p2012', 'start_time_stamp': '20260504090000', 'end_time_stamp': '20260504120000', 'minute_interval': 5}
2026-05-05 16:19:37,410 - root - INFO - Successfully upserted 148 data points.
2026-05-05 16:19:37,411 - root - INFO - Fetching minute data with payload: {'ps_key_list': ['1637095_1_4_1', '1637095_1_7_1', '1637095_1_3_1', '1637095_1_6_1', '1637095_1_2_1', '1637095_1_9_1', '1637095_1_5_1', '1637095_1_1_1', '1637095_1_10_1', '1637095_1_8_1'], 'points': 'p96,p97,p98,p99,p100,p101,p102,p103,p104,p105,p106,p107,p108,p109,p110,p111,p112,p113,p7166,p7167,p7168,p7169,p7170,p7171,p70,p71,p72,p73,p74,p75,p76,p77,p78,p79,p80,p81,p82,p83,p84,p85,p92,p93,p313,p314,p315,p316,p317,p318', 'start_time_stamp': '20260504060000', 'end_time_stamp': '20260504090000', 'minute_interval': 5}
2026-05-05 16:19:37,584 - root - INFO - Successfully upserted 148 data points.
2026-05-05 16:19:37,584 - root - INFO - Fetching minute data with payload: {'ps_key_list': ['1637095_1_4_1', '1637095_1_7_1', '1637095_1_3_1', '1637095_1_6_1', '1637095_1_2_1', '1637095_1_9_1', '1637095_1_5_1', '1637095_1_1_1', '1637095_1_10_1', '1637095_1_8_1'], 'points': 'p96,p97,p98,p99,p100,p101,p102,p103,p104,p105,p106,p107,p108,p109,p110,p111,p112,p113,p7166,p7167,p7168,p7169,p7170,p7171,p70,p71,p72,p73,p74,p75,p76,p77,p78,p79,p80,p81,p82,p83,p84,p85,p92,p93,p313,p314,p315,p316,p317,p318', 'start_time_stamp': '20260504150000', 'end_time_stamp': '20260504180000', 'minute_interval': 5}
2026-05-05 16:19:37,728 - root - INFO - Successfully upserted 48 data points.
2026-05-05 16:19:37,729 - root - INFO - Fetching minute data with payload: {'ps_key_list': ['1637095_1_4_1', '1637095_1_7_1', '1637095_1_3_1', '1637095_1_6_1', '1637095_1_2_1', '1637095_1_9_1', '1637095_1_5_1', '1637095_1_1_1', '1637095_1_10_1', '1637095_1_8_1'], 'points': 'p96,p97,p98,p99,p100,p101,p102,p103,p104,p105,p106,p107,p108,p109,p110,p111,p112,p113,p7166,p7167,p7168,p7169,p7170,p7171,p70,p71,p72,p73,p74,p75,p76,p77,p78,p79,p80,p81,p82,p83,p84,p85,p92,p93,p313,p314,p315,p316,p317,p318', 'start_time_stamp': '20260504030000', 'end_time_stamp': '20260504060000', 'minute_interval': 5}
2026-05-05 16:19:37,801 - root - INFO - No data to insert into database for this API data batch.
2026-05-05 16:19:37,802 - root - INFO - Fetching minute data with payload: {'ps_key_list': ['1637095_1_4_1', '1637095_1_7_1', '1637095_1_3_1', '1637095_1_6_1', '1637095_1_2_1', '1637095_1_9_1', '1637095_1_5_1', '1637095_1_1_1', '1637095_1_10_1', '1637095_1_8_1'], 'points': 'p96,p97,p98,p99,p100,p101,p102,p103,p104,p105,p106,p107,p108,p109,p110,p111,p112,p113,p7166,p7167,p7168,p7169,p7170,p7171,p70,p71,p72,p73,p74,p75,p76,p77,p78,p79,p80,p81,p82,p83,p84,p85,p92,p93,p313,p314,p315,p316,p317,p318', 'start_time_stamp': '20260504000000', 'end_time_stamp': '20260504030000', 'minute_interval': 5}
2026-05-05 16:19:38,384 - root - INFO - Successfully upserted 148 data points.
2026-05-05 16:19:38,384 - root - INFO - Fetching minute data with payload: {'ps_key_list': ['1637095_1_4_1', '1637095_1_7_1', '1637095_1_3_1', '1637095_1_6_1', '1637095_1_2_1', '1637095_1_9_1', '1637095_1_5_1', '1637095_1_1_1', '1637095_1_10_1', '1637095_1_8_1'], 'points': 'p96,p97,p98,p99,p100,p101,p102,p103,p104,p105,p106,p107,p108,p109,p110,p111,p112,p113,p7166,p7167,p7168,p7169,p7170,p7171,p70,p71,p72,p73,p74,p75,p76,p77,p78,p79,p80,p81,p82,p83,p84,p85,p92,p93,p313,p314,p315,p316,p317,p318', 'start_time_stamp': '20260504180000', 'end_time_stamp': '20260504210000', 'minute_interval': 5}
2026-05-05 16:19:38,983 - root - INFO - Successfully upserted 370 data points.
2026-05-05 16:19:38,983 - root - INFO - Fetching minute data with payload: {'ps_key_list': ['1637095_5_11_1', '1637095_5_12_1', '1637095_5_17_1', '1637095_5_13_1'], 'points': 'p2003,p2001,p2005,p2007,p2009,p2010,p2022,p2016,p2012', 'start_time_stamp': '20260504120000', 'end_time_stamp': '20260504150000', 'minute_interval': 5}
2026-05-05 16:19:39,445 - root - INFO - Retrying API request after rate limit wait...
2026-05-05 16:19:39,445 - root - INFO - Making API request to: https://sg5.fusionsolar.huawei.com/rest/openapi/pvms/nbi/v1/device/history
2026-05-05 16:19:39,446 - root - INFO - Request payload: {'devDn': 'NE=61900432', 'devTypeId': 17, 'startTime': 1777741200000, 'endTime': 1777827600000}
2026-05-05 16:19:39,640 - root - INFO - Successfully upserted 360 data points.
2026-05-05 16:19:39,640 - root - INFO - Fetching minute data with payload: {'ps_key_list': ['1637095_5_11_1', '1637095_5_12_1', '1637095_5_17_1', '1637095_5_13_1'], 'points': 'p2003,p2001,p2005,p2007,p2009,p2010,p2022,p2016,p2012', 'start_time_stamp': '20260504210000', 'end_time_stamp': '20260504235959', 'minute_interval': 5}
2026-05-05 16:19:40,233 - root - INFO - Response status code: 200
2026-05-05 16:19:40,233 - root - INFO - API response from https://sg5.fusionsolar.huawei.com/rest/openapi/pvms/nbi/v1/device/history (truncated): {'failCode': 0, 'success': True, 'message': 'historical data information query successful.', 'data': []}
2026-05-05 16:19:40,240 - root - INFO - API Response type: <class 'dict'>
2026-05-05 16:19:40,240 - root - INFO - API Response keys: ['failCode', 'success', 'message', 'data']
2026-05-05 16:19:40,241 - root - INFO - API Response data is a list with 0 items
2026-05-05 16:19:40,241 - root - INFO - API Response has failCode: 0, message: historical data information query successful.
2026-05-05 16:19:40,241 - root - INFO - Using alternate response format: data as list
2026-05-05 16:19:40,242 - root - INFO - No data points returned for the query period
2026-05-05 16:19:40,242 - root - INFO - Using single devDn for device/history (API: one device per query)
2026-05-05 16:19:40,246 - root - INFO - Fetching historical data for 1 devices of type meter
2026-05-05 16:19:40,246 - root - INFO - Making API request to: https://sg5.fusionsolar.huawei.com/rest/openapi/pvms/nbi/v1/device/history
2026-05-05 16:19:40,249 - root - INFO - Request payload: {'devDn': 'NE=61913836', 'devTypeId': 17, 'startTime': 1777741200000, 'endTime': 1777827600000}
2026-05-05 16:19:40,345 - root - INFO - Successfully upserted 148 data points.
2026-05-05 16:19:40,345 - root - INFO - Fetching minute data with payload: {'ps_key_list': ['1637095_1_4_1', '1637095_1_7_1', '1637095_1_3_1', '1637095_1_6_1', '1637095_1_2_1', '1637095_1_9_1', '1637095_1_5_1', '1637095_1_1_1', '1637095_1_10_1', '1637095_1_8_1'], 'points': 'p96,p97,p98,p99,p100,p101,p102,p103,p104,p105,p106,p107,p108,p109,p110,p111,p112,p113,p7166,p7167,p7168,p7169,p7170,p7171,p70,p71,p72,p73,p74,p75,p76,p77,p78,p79,p80,p81,p82,p83,p84,p85,p92,p93,p313,p314,p315,p316,p317,p318', 'start_time_stamp': '20260504090000', 'end_time_stamp': '20260504120000', 'minute_interval': 5}
2026-05-05 16:19:40,443 - root - INFO - Successfully upserted 370 data points.
2026-05-05 16:19:40,445 - root - INFO - Fetching minute data with payload: {'ps_key_list': ['1637095_5_11_1', '1637095_5_12_1', '1637095_5_17_1', '1637095_5_13_1'], 'points': 'p2003,p2001,p2005,p2007,p2009,p2010,p2022,p2016,p2012', 'start_time_stamp': '20260504060000', 'end_time_stamp': '20260504090000', 'minute_interval': 5}
2026-05-05 16:19:40,728 - root - INFO - Response status code: 200
2026-05-05 16:19:40,737 - root - INFO - API response from https://sg5.fusionsolar.huawei.com/rest/openapi/pvms/nbi/v1/device/history (truncated): {'failCode': 407, 'success': False, 'message': 'Interface access frequency:0.39333333333333337/1second', 'data': []}
2026-05-05 16:19:40,738 - root - WARNING - API access frequency too high. Waiting 30 seconds before retry...
2026-05-05 16:19:40,785 - root - INFO - Successfully upserted 370 data points.
2026-05-05 16:19:40,788 - root - INFO - Fetching minute data with payload: {'ps_key_list': ['1637095_5_11_1', '1637095_5_12_1', '1637095_5_17_1', '1637095_5_13_1'], 'points': 'p2003,p2001,p2005,p2007,p2009,p2010,p2022,p2016,p2012', 'start_time_stamp': '20260504150000', 'end_time_stamp': '20260504180000', 'minute_interval': 5}
2026-05-05 16:19:40,834 - root - INFO - Successfully upserted 370 data points.
2026-05-05 16:19:40,837 - root - INFO - Fetching minute data with payload: {'ps_key_list': ['1637095_5_11_1', '1637095_5_12_1', '1637095_5_17_1', '1637095_5_13_1'], 'points': 'p2003,p2001,p2005,p2007,p2009,p2010,p2022,p2016,p2012', 'start_time_stamp': '20260504030000', 'end_time_stamp': '20260504060000', 'minute_interval': 5}
2026-05-05 16:19:40,960 - root - INFO - Successfully upserted 370 data points.
2026-05-05 16:19:40,960 - root - INFO - Fetching minute data with payload: {'ps_key_list': ['1637095_5_11_1', '1637095_5_12_1', '1637095_5_17_1', '1637095_5_13_1'], 'points': 'p2003,p2001,p2005,p2007,p2009,p2010,p2022,p2016,p2012', 'start_time_stamp': '20260504000000', 'end_time_stamp': '20260504030000', 'minute_interval': 5}
2026-05-05 16:19:41,545 - root - INFO - Successfully upserted 370 data points.
2026-05-05 16:19:41,545 - root - INFO - Fetching minute data with payload: {'ps_key_list': ['1637095_5_11_1', '1637095_5_12_1', '1637095_5_17_1', '1637095_5_13_1'], 'points': 'p2003,p2001,p2005,p2007,p2009,p2010,p2022,p2016,p2012', 'start_time_stamp': '20260504180000', 'end_time_stamp': '20260504210000', 'minute_interval': 5}
2026-05-05 16:19:41,611 - root - INFO - Successfully upserted 148 data points.
2026-05-05 16:19:41,611 - root - INFO - Fetching minute data with payload: {'ps_key_list': ['1637095_7_16_1', '1637095_7_15_1', '1637095_7_14_1'], 'points': 'p8030,p8031,p8032,p8033,p8018,p8014', 'start_time_stamp': '20260504120000', 'end_time_stamp': '20260504150000', 'minute_interval': 5}
2026-05-05 16:19:42,288 - root - INFO - Successfully upserted 144 data points.
2026-05-05 16:19:42,289 - root - INFO - Fetching minute data with payload: {'ps_key_list': ['1637095_7_16_1', '1637095_7_15_1', '1637095_7_14_1'], 'points': 'p8030,p8031,p8032,p8033,p8018,p8014', 'start_time_stamp': '20260504210000', 'end_time_stamp': '20260504235959', 'minute_interval': 5}
2026-05-05 16:19:43,229 - root - INFO - Successfully upserted 148 data points.
2026-05-05 16:19:43,230 - root - INFO - Fetching minute data with payload: {'ps_key_list': ['1637095_7_16_1', '1637095_7_15_1', '1637095_7_14_1'], 'points': 'p8030,p8031,p8032,p8033,p8018,p8014', 'start_time_stamp': '20260504060000', 'end_time_stamp': '20260504090000', 'minute_interval': 5}
2026-05-05 16:19:43,333 - root - INFO - Successfully upserted 370 data points.
2026-05-05 16:19:43,333 - root - INFO - Fetching minute data with payload: {'ps_key_list': ['1637095_5_11_1', '1637095_5_12_1', '1637095_5_17_1', '1637095_5_13_1'], 'points': 'p2003,p2001,p2005,p2007,p2009,p2010,p2022,p2016,p2012', 'start_time_stamp': '20260504090000', 'end_time_stamp': '20260504120000', 'minute_interval': 5}
2026-05-05 16:19:43,665 - root - INFO - Successfully upserted 148 data points.
2026-05-05 16:19:43,666 - root - INFO - Fetching minute data with payload: {'ps_key_list': ['1637095_7_16_1', '1637095_7_15_1', '1637095_7_14_1'], 'points': 'p8030,p8031,p8032,p8033,p8018,p8014', 'start_time_stamp': '20260504030000', 'end_time_stamp': '20260504060000', 'minute_interval': 5}
2026-05-05 16:19:43,707 - root - INFO - Successfully upserted 148 data points.
2026-05-05 16:19:43,708 - root - INFO - Fetching minute data with payload: {'ps_key_list': ['1637095_7_16_1', '1637095_7_15_1', '1637095_7_14_1'], 'points': 'p8030,p8031,p8032,p8033,p8018,p8014', 'start_time_stamp': '20260504000000', 'end_time_stamp': '20260504030000', 'minute_interval': 5}
2026-05-05 16:19:43,739 - root - INFO - Successfully upserted 148 data points.
2026-05-05 16:19:43,739 - root - INFO - Fetching minute data with payload: {'ps_key_list': ['1637095_7_16_1', '1637095_7_15_1', '1637095_7_14_1'], 'points': 'p8030,p8031,p8032,p8033,p8018,p8014', 'start_time_stamp': '20260504150000', 'end_time_stamp': '20260504180000', 'minute_interval': 5}
2026-05-05 16:19:44,209 - root - INFO - Successfully upserted 148 data points.
2026-05-05 16:19:44,209 - root - INFO - Fetching minute data with payload: {'ps_key_list': ['1637095_7_16_1', '1637095_7_15_1', '1637095_7_14_1'], 'points': 'p8030,p8031,p8032,p8033,p8018,p8014', 'start_time_stamp': '20260504180000', 'end_time_stamp': '20260504210000', 'minute_interval': 5}
2026-05-05 16:19:44,256 - root - INFO - Successfully upserted 111 data points.
2026-05-05 16:19:44,256 - root - INFO - Fetching minute data with payload: {'ps_key_list': ['1628909_5_9_2', '1628909_5_10_1', '1628909_5_7_2', '1628909_5_6_2', '1628909_5_6_1', '1628909_5_7_1'], 'points': 'p2003,p2001,p2005,p2007,p2009,p2010,p2022,p2016,p2012', 'start_time_stamp': '20260504120000', 'end_time_stamp': '20260504150000', 'minute_interval': 5}
2026-05-05 16:19:44,970 - root - INFO - Successfully upserted 108 data points.
2026-05-05 16:19:44,971 - root - INFO - Fetching minute data with payload: {'ps_key_list': ['1628909_5_9_2', '1628909_5_10_1', '1628909_5_7_2', '1628909_5_6_2', '1628909_5_6_1', '1628909_5_7_1'], 'points': 'p2003,p2001,p2005,p2007,p2009,p2010,p2022,p2016,p2012', 'start_time_stamp': '20260504210000', 'end_time_stamp': '20260504235959', 'minute_interval': 5}
2026-05-05 16:19:46,082 - root - INFO - Successfully upserted 111 data points.
2026-05-05 16:19:46,083 - root - INFO - Fetching minute data with payload: {'ps_key_list': ['1628909_5_9_2', '1628909_5_10_1', '1628909_5_7_2', '1628909_5_6_2', '1628909_5_6_1', '1628909_5_7_1'], 'points': 'p2003,p2001,p2005,p2007,p2009,p2010,p2022,p2016,p2012', 'start_time_stamp': '20260504060000', 'end_time_stamp': '20260504090000', 'minute_interval': 5}
2026-05-05 16:19:46,122 - root - INFO - Successfully upserted 148 data points.
2026-05-05 16:19:46,123 - root - INFO - Fetching minute data with payload: {'ps_key_list': ['1637095_7_16_1', '1637095_7_15_1', '1637095_7_14_1'], 'points': 'p8030,p8031,p8032,p8033,p8018,p8014', 'start_time_stamp': '20260504090000', 'end_time_stamp': '20260504120000', 'minute_interval': 5}
2026-05-05 16:19:46,609 - root - INFO - Successfully upserted 111 data points.
2026-05-05 16:19:46,609 - root - INFO - Fetching minute data with payload: {'ps_key_list': ['1628909_5_9_2', '1628909_5_10_1', '1628909_5_7_2', '1628909_5_6_2', '1628909_5_6_1', '1628909_5_7_1'], 'points': 'p2003,p2001,p2005,p2007,p2009,p2010,p2022,p2016,p2012', 'start_time_stamp': '20260504150000', 'end_time_stamp': '20260504180000', 'minute_interval': 5}
2026-05-05 16:19:47,066 - root - INFO - Successfully upserted 111 data points.
2026-05-05 16:19:47,067 - root - INFO - Fetching minute data with payload: {'ps_key_list': ['1628909_5_9_2', '1628909_5_10_1', '1628909_5_7_2', '1628909_5_6_2', '1628909_5_6_1', '1628909_5_7_1'], 'points': 'p2003,p2001,p2005,p2007,p2009,p2010,p2022,p2016,p2012', 'start_time_stamp': '20260504000000', 'end_time_stamp': '20260504030000', 'minute_interval': 5}
2026-05-05 16:19:47,086 - root - INFO - Successfully upserted 111 data points.
2026-05-05 16:19:47,086 - root - INFO - Fetching minute data with payload: {'ps_key_list': ['1628909_5_9_2', '1628909_5_10_1', '1628909_5_7_2', '1628909_5_6_2', '1628909_5_6_1', '1628909_5_7_1'], 'points': 'p2003,p2001,p2005,p2007,p2009,p2010,p2022,p2016,p2012', 'start_time_stamp': '20260504180000', 'end_time_stamp': '20260504210000', 'minute_interval': 5}
2026-05-05 16:19:47,122 - root - INFO - Successfully upserted 111 data points.
2026-05-05 16:19:47,123 - root - INFO - Fetching minute data with payload: {'ps_key_list': ['1628909_5_9_2', '1628909_5_10_1', '1628909_5_7_2', '1628909_5_6_2', '1628909_5_6_1', '1628909_5_7_1'], 'points': 'p2003,p2001,p2005,p2007,p2009,p2010,p2022,p2016,p2012', 'start_time_stamp': '20260504030000', 'end_time_stamp': '20260504060000', 'minute_interval': 5}
2026-05-05 16:19:47,155 - root - INFO - Successfully upserted 222 data points.
2026-05-05 16:19:47,156 - root - INFO - Fetching minute data with payload: {'ps_key_list': ['1628909_7_8_2', '1628909_7_1_3', '1628909_7_5_2', '1628909_7_4_2', '1628909_7_5_1', '1628909_7_8_1', '1628909_7_9_1'], 'points': 'p8030,p8031,p8032,p8033,p8018,p8014', 'start_time_stamp': '20260504120000', 'end_time_stamp': '20260504150000', 'minute_interval': 5}
2026-05-05 16:19:47,747 - root - INFO - Successfully upserted 216 data points.
2026-05-05 16:19:47,748 - root - INFO - Fetching minute data with payload: {'ps_key_list': ['1628909_7_8_2', '1628909_7_1_3', '1628909_7_5_2', '1628909_7_4_2', '1628909_7_5_1', '1628909_7_8_1', '1628909_7_9_1'], 'points': 'p8030,p8031,p8032,p8033,p8018,p8014', 'start_time_stamp': '20260504210000', 'end_time_stamp': '20260504235959', 'minute_interval': 5}
2026-05-05 16:19:48,931 - root - INFO - Successfully upserted 222 data points.
2026-05-05 16:19:48,931 - root - INFO - Fetching minute data with payload: {'ps_key_list': ['1628909_7_8_2', '1628909_7_1_3', '1628909_7_5_2', '1628909_7_4_2', '1628909_7_5_1', '1628909_7_8_1', '1628909_7_9_1'], 'points': 'p8030,p8031,p8032,p8033,p8018,p8014', 'start_time_stamp': '20260504060000', 'end_time_stamp': '20260504090000', 'minute_interval': 5}
2026-05-05 16:19:48,956 - root - INFO - Successfully upserted 111 data points.
2026-05-05 16:19:48,956 - root - INFO - Fetching minute data with payload: {'ps_key_list': ['1628909_5_9_2', '1628909_5_10_1', '1628909_5_7_2', '1628909_5_6_2', '1628909_5_6_1', '1628909_5_7_1'], 'points': 'p2003,p2001,p2005,p2007,p2009,p2010,p2022,p2016,p2012', 'start_time_stamp': '20260504090000', 'end_time_stamp': '20260504120000', 'minute_interval': 5}
2026-05-05 16:19:49,649 - root - INFO - Successfully upserted 222 data points.
2026-05-05 16:19:49,649 - root - INFO - Fetching minute data with payload: {'ps_key_list': ['1628909_7_8_2', '1628909_7_1_3', '1628909_7_5_2', '1628909_7_4_2', '1628909_7_5_1', '1628909_7_8_1', '1628909_7_9_1'], 'points': 'p8030,p8031,p8032,p8033,p8018,p8014', 'start_time_stamp': '20260504150000', 'end_time_stamp': '20260504180000', 'minute_interval': 5}
2026-05-05 16:19:49,883 - root - INFO - Successfully upserted 222 data points.
2026-05-05 16:19:49,883 - root - INFO - Fetching minute data with payload: {'ps_key_list': ['1628909_7_8_2', '1628909_7_1_3', '1628909_7_5_2', '1628909_7_4_2', '1628909_7_5_1', '1628909_7_8_1', '1628909_7_9_1'], 'points': 'p8030,p8031,p8032,p8033,p8018,p8014', 'start_time_stamp': '20260504000000', 'end_time_stamp': '20260504030000', 'minute_interval': 5}
2026-05-05 16:19:50,013 - root - INFO - Successfully upserted 222 data points.
2026-05-05 16:19:50,013 - root - INFO - Fetching minute data with payload: {'ps_key_list': ['1628909_7_8_2', '1628909_7_1_3', '1628909_7_5_2', '1628909_7_4_2', '1628909_7_5_1', '1628909_7_8_1', '1628909_7_9_1'], 'points': 'p8030,p8031,p8032,p8033,p8018,p8014', 'start_time_stamp': '20260504180000', 'end_time_stamp': '20260504210000', 'minute_interval': 5}
2026-05-05 16:19:50,100 - root - INFO - Successfully upserted 222 data points.
2026-05-05 16:19:50,101 - root - INFO - Fetching minute data with payload: {'ps_key_list': ['1628909_7_8_2', '1628909_7_1_3', '1628909_7_5_2', '1628909_7_4_2', '1628909_7_5_1', '1628909_7_8_1', '1628909_7_9_1'], 'points': 'p8030,p8031,p8032,p8033,p8018,p8014', 'start_time_stamp': '20260504030000', 'end_time_stamp': '20260504060000', 'minute_interval': 5}
2026-05-05 16:19:50,191 - root - INFO - Successfully upserted 259 data points.
2026-05-05 16:19:50,192 - root - INFO - Fetching minute data with payload: {'ps_key_list': ['1628909_1_2_2', '1628909_1_1_2', '1628909_1_3_1', '1628909_1_2_1', '1628909_1_1_1', '1628909_1_4_1', '1628909_1_3_2'], 'points': 'p96,p97,p98,p99,p100,p101,p102,p103,p104,p105,p106,p107,p108,p109,p110,p111,p112,p113,p7166,p7167,p7168,p7169,p7170,p7171,p70,p71,p72,p73,p74,p75,p76,p77,p78,p79,p80,p81,p82,p83,p84,p85,p92,p93,p313,p314,p315,p316,p317,p318', 'start_time_stamp': '20260504120000', 'end_time_stamp': '20260504150000', 'minute_interval': 5}
2026-05-05 16:19:50,530 - root - INFO - Successfully upserted 252 data points.
2026-05-05 16:19:50,531 - root - INFO - Fetching minute data with payload: {'ps_key_list': ['1628909_1_2_2', '1628909_1_1_2', '1628909_1_3_1', '1628909_1_2_1', '1628909_1_1_1', '1628909_1_4_1', '1628909_1_3_2'], 'points': 'p96,p97,p98,p99,p100,p101,p102,p103,p104,p105,p106,p107,p108,p109,p110,p111,p112,p113,p7166,p7167,p7168,p7169,p7170,p7171,p70,p71,p72,p73,p74,p75,p76,p77,p78,p79,p80,p81,p82,p83,p84,p85,p92,p93,p313,p314,p315,p316,p317,p318', 'start_time_stamp': '20260504210000', 'end_time_stamp': '20260504235959', 'minute_interval': 5}
2026-05-05 16:19:51,677 - root - INFO - Successfully upserted 222 data points.
2026-05-05 16:19:51,678 - root - INFO - Fetching minute data with payload: {'ps_key_list': ['1628909_7_8_2', '1628909_7_1_3', '1628909_7_5_2', '1628909_7_4_2', '1628909_7_5_1', '1628909_7_8_1', '1628909_7_9_1'], 'points': 'p8030,p8031,p8032,p8033,p8018,p8014', 'start_time_stamp': '20260504090000', 'end_time_stamp': '20260504120000', 'minute_interval': 5}
2026-05-05 16:19:51,726 - root - INFO - Successfully upserted 259 data points.
2026-05-05 16:19:51,726 - root - INFO - Fetching minute data with payload: {'ps_key_list': ['1628909_1_2_2', '1628909_1_1_2', '1628909_1_3_1', '1628909_1_2_1', '1628909_1_1_1', '1628909_1_4_1', '1628909_1_3_2'], 'points': 'p96,p97,p98,p99,p100,p101,p102,p103,p104,p105,p106,p107,p108,p109,p110,p111,p112,p113,p7166,p7167,p7168,p7169,p7170,p7171,p70,p71,p72,p73,p74,p75,p76,p77,p78,p79,p80,p81,p82,p83,p84,p85,p92,p93,p313,p314,p315,p316,p317,p318', 'start_time_stamp': '20260504060000', 'end_time_stamp': '20260504090000', 'minute_interval': 5}
2026-05-05 16:19:52,456 - root - INFO - Successfully upserted 259 data points.
2026-05-05 16:19:52,457 - root - INFO - Fetching minute data with payload: {'ps_key_list': ['1628909_1_2_2', '1628909_1_1_2', '1628909_1_3_1', '1628909_1_2_1', '1628909_1_1_1', '1628909_1_4_1', '1628909_1_3_2'], 'points': 'p96,p97,p98,p99,p100,p101,p102,p103,p104,p105,p106,p107,p108,p109,p110,p111,p112,p113,p7166,p7167,p7168,p7169,p7170,p7171,p70,p71,p72,p73,p74,p75,p76,p77,p78,p79,p80,p81,p82,p83,p84,p85,p92,p93,p313,p314,p315,p316,p317,p318', 'start_time_stamp': '20260504150000', 'end_time_stamp': '20260504180000', 'minute_interval': 5}
2026-05-05 16:19:52,788 - root - INFO - Successfully upserted 259 data points.
2026-05-05 16:19:52,788 - root - INFO - Fetching minute data with payload: {'ps_key_list': ['1628909_1_2_2', '1628909_1_1_2', '1628909_1_3_1', '1628909_1_2_1', '1628909_1_1_1', '1628909_1_4_1', '1628909_1_3_2'], 'points': 'p96,p97,p98,p99,p100,p101,p102,p103,p104,p105,p106,p107,p108,p109,p110,p111,p112,p113,p7166,p7167,p7168,p7169,p7170,p7171,p70,p71,p72,p73,p74,p75,p76,p77,p78,p79,p80,p81,p82,p83,p84,p85,p92,p93,p313,p314,p315,p316,p317,p318', 'start_time_stamp': '20260504000000', 'end_time_stamp': '20260504030000', 'minute_interval': 5}
2026-05-05 16:19:52,982 - root - INFO - Successfully upserted 259 data points.
2026-05-05 16:19:52,983 - root - INFO - Fetching minute data with payload: {'ps_key_list': ['1628909_1_2_2', '1628909_1_1_2', '1628909_1_3_1', '1628909_1_2_1', '1628909_1_1_1', '1628909_1_4_1', '1628909_1_3_2'], 'points': 'p96,p97,p98,p99,p100,p101,p102,p103,p104,p105,p106,p107,p108,p109,p110,p111,p112,p113,p7166,p7167,p7168,p7169,p7170,p7171,p70,p71,p72,p73,p74,p75,p76,p77,p78,p79,p80,p81,p82,p83,p84,p85,p92,p93,p313,p314,p315,p316,p317,p318', 'start_time_stamp': '20260504030000', 'end_time_stamp': '20260504060000', 'minute_interval': 5}
2026-05-05 16:19:53,041 - root - INFO - Successfully upserted 259 data points.
2026-05-05 16:19:53,042 - root - INFO - Fetching minute data with payload: {'ps_key_list': ['1628909_1_2_2', '1628909_1_1_2', '1628909_1_3_1', '1628909_1_2_1', '1628909_1_1_1', '1628909_1_4_1', '1628909_1_3_2'], 'points': 'p96,p97,p98,p99,p100,p101,p102,p103,p104,p105,p106,p107,p108,p109,p110,p111,p112,p113,p7166,p7167,p7168,p7169,p7170,p7171,p70,p71,p72,p73,p74,p75,p76,p77,p78,p79,p80,p81,p82,p83,p84,p85,p92,p93,p313,p314,p315,p316,p317,p318', 'start_time_stamp': '20260504180000', 'end_time_stamp': '20260504210000', 'minute_interval': 5}
2026-05-05 16:19:53,205 - root - INFO - Successfully upserted 259 data points.
2026-05-05 16:19:53,205 - root - INFO - Fetching minute data with payload: {'ps_key_list': ['1731512_7_1_1'], 'points': 'p8030,p8031,p8032,p8033,p8018,p8014', 'start_time_stamp': '20260504120000', 'end_time_stamp': '20260504150000', 'minute_interval': 5}
2026-05-05 16:19:53,376 - root - INFO - Successfully upserted 252 data points.
2026-05-05 16:19:53,376 - root - INFO - Fetching minute data with payload: {'ps_key_list': ['1731512_7_1_1'], 'points': 'p8030,p8031,p8032,p8033,p8018,p8014', 'start_time_stamp': '20260504210000', 'end_time_stamp': '20260504235959', 'minute_interval': 5}
2026-05-05 16:19:54,402 - root - INFO - Successfully upserted 259 data points.
2026-05-05 16:19:54,402 - root - INFO - Fetching minute data with payload: {'ps_key_list': ['1628909_1_2_2', '1628909_1_1_2', '1628909_1_3_1', '1628909_1_2_1', '1628909_1_1_1', '1628909_1_4_1', '1628909_1_3_2'], 'points': 'p96,p97,p98,p99,p100,p101,p102,p103,p104,p105,p106,p107,p108,p109,p110,p111,p112,p113,p7166,p7167,p7168,p7169,p7170,p7171,p70,p71,p72,p73,p74,p75,p76,p77,p78,p79,p80,p81,p82,p83,p84,p85,p92,p93,p313,p314,p315,p316,p317,p318', 'start_time_stamp': '20260504090000', 'end_time_stamp': '20260504120000', 'minute_interval': 5}
2026-05-05 16:19:54,654 - root - INFO - Successfully upserted 259 data points.
2026-05-05 16:19:54,655 - root - INFO - Fetching minute data with payload: {'ps_key_list': ['1731512_7_1_1'], 'points': 'p8030,p8031,p8032,p8033,p8018,p8014', 'start_time_stamp': '20260504060000', 'end_time_stamp': '20260504090000', 'minute_interval': 5}
2026-05-05 16:19:55,205 - root - INFO - Successfully upserted 259 data points.
2026-05-05 16:19:55,205 - root - INFO - Fetching minute data with payload: {'ps_key_list': ['1731512_7_1_1'], 'points': 'p8030,p8031,p8032,p8033,p8018,p8014', 'start_time_stamp': '20260504150000', 'end_time_stamp': '20260504180000', 'minute_interval': 5}
2026-05-05 16:19:55,593 - root - INFO - Successfully upserted 259 data points.
2026-05-05 16:19:55,593 - root - INFO - Fetching minute data with payload: {'ps_key_list': ['1731512_7_1_1'], 'points': 'p8030,p8031,p8032,p8033,p8018,p8014', 'start_time_stamp': '20260504000000', 'end_time_stamp': '20260504030000', 'minute_interval': 5}
2026-05-05 16:19:55,875 - root - INFO - Successfully upserted 37 data points.
2026-05-05 16:19:55,875 - root - INFO - Fetching minute data with payload: {'ps_key_list': ['1731512_1_2_1'], 'points': 'p96,p97,p98,p99,p100,p101,p102,p103,p104,p105,p106,p107,p108,p109,p110,p111,p112,p113,p7166,p7167,p7168,p7169,p7170,p7171,p70,p71,p72,p73,p74,p75,p76,p77,p78,p79,p80,p81,p82,p83,p84,p85,p92,p93,p313,p314,p315,p316,p317,p318', 'start_time_stamp': '20260504120000', 'end_time_stamp': '20260504150000', 'minute_interval': 5}
2026-05-05 16:19:56,037 - root - INFO - Successfully upserted 259 data points.
2026-05-05 16:19:56,039 - root - INFO - Fetching minute data with payload: {'ps_key_list': ['1731512_7_1_1'], 'points': 'p8030,p8031,p8032,p8033,p8018,p8014', 'start_time_stamp': '20260504180000', 'end_time_stamp': '20260504210000', 'minute_interval': 5}
2026-05-05 16:19:56,042 - root - INFO - Successfully upserted 259 data points.
2026-05-05 16:19:56,042 - root - INFO - Fetching minute data with payload: {'ps_key_list': ['1731512_7_1_1'], 'points': 'p8030,p8031,p8032,p8033,p8018,p8014', 'start_time_stamp': '20260504030000', 'end_time_stamp': '20260504060000', 'minute_interval': 5}
2026-05-05 16:19:56,204 - root - INFO - Successfully upserted 36 data points.
2026-05-05 16:19:56,204 - root - INFO - Fetching minute data with payload: {'ps_key_list': ['1731512_1_2_1'], 'points': 'p96,p97,p98,p99,p100,p101,p102,p103,p104,p105,p106,p107,p108,p109,p110,p111,p112,p113,p7166,p7167,p7168,p7169,p7170,p7171,p70,p71,p72,p73,p74,p75,p76,p77,p78,p79,p80,p81,p82,p83,p84,p85,p92,p93,p313,p314,p315,p316,p317,p318', 'start_time_stamp': '20260504210000', 'end_time_stamp': '20260504235959', 'minute_interval': 5}
2026-05-05 16:19:57,125 - root - INFO - Successfully upserted 259 data points.
2026-05-05 16:19:57,125 - root - INFO - Fetching minute data with payload: {'ps_key_list': ['1731512_7_1_1'], 'points': 'p8030,p8031,p8032,p8033,p8018,p8014', 'start_time_stamp': '20260504090000', 'end_time_stamp': '20260504120000', 'minute_interval': 5}
2026-05-05 16:19:57,255 - root - INFO - Successfully upserted 37 data points.
2026-05-05 16:19:57,255 - root - INFO - Fetching minute data with payload: {'ps_key_list': ['1731512_1_2_1'], 'points': 'p96,p97,p98,p99,p100,p101,p102,p103,p104,p105,p106,p107,p108,p109,p110,p111,p112,p113,p7166,p7167,p7168,p7169,p7170,p7171,p70,p71,p72,p73,p74,p75,p76,p77,p78,p79,p80,p81,p82,p83,p84,p85,p92,p93,p313,p314,p315,p316,p317,p318', 'start_time_stamp': '20260504060000', 'end_time_stamp': '20260504090000', 'minute_interval': 5}
2026-05-05 16:19:57,843 - root - INFO - Successfully upserted 37 data points.
2026-05-05 16:19:57,843 - root - INFO - Fetching minute data with payload: {'ps_key_list': ['1731512_1_2_1'], 'points': 'p96,p97,p98,p99,p100,p101,p102,p103,p104,p105,p106,p107,p108,p109,p110,p111,p112,p113,p7166,p7167,p7168,p7169,p7170,p7171,p70,p71,p72,p73,p74,p75,p76,p77,p78,p79,p80,p81,p82,p83,p84,p85,p92,p93,p313,p314,p315,p316,p317,p318', 'start_time_stamp': '20260504150000', 'end_time_stamp': '20260504180000', 'minute_interval': 5}
2026-05-05 16:19:58,371 - root - INFO - Successfully upserted 37 data points.
2026-05-05 16:19:58,372 - root - INFO - Fetching minute data with payload: {'ps_key_list': ['1731512_1_2_1'], 'points': 'p96,p97,p98,p99,p100,p101,p102,p103,p104,p105,p106,p107,p108,p109,p110,p111,p112,p113,p7166,p7167,p7168,p7169,p7170,p7171,p70,p71,p72,p73,p74,p75,p76,p77,p78,p79,p80,p81,p82,p83,p84,p85,p92,p93,p313,p314,p315,p316,p317,p318', 'start_time_stamp': '20260504000000', 'end_time_stamp': '20260504030000', 'minute_interval': 5}
2026-05-05 16:19:58,490 - root - INFO - No data to insert into database for this API data batch.
2026-05-05 16:19:58,491 - root - INFO - Fetching minute data with payload: {'ps_key_list': ['1730375_1_3_1', '1730375_1_1_1'], 'points': 'p96,p97,p98,p99,p100,p101,p102,p103,p104,p105,p106,p107,p108,p109,p110,p111,p112,p113,p7166,p7167,p7168,p7169,p7170,p7171,p70,p71,p72,p73,p74,p75,p76,p77,p78,p79,p80,p81,p82,p83,p84,p85,p92,p93,p313,p314,p315,p316,p317,p318', 'start_time_stamp': '20260504120000', 'end_time_stamp': '20260504150000', 'minute_interval': 5}
2026-05-05 16:19:58,720 - root - INFO - Successfully upserted 37 data points.
2026-05-05 16:19:58,720 - root - INFO - Fetching minute data with payload: {'ps_key_list': ['1731512_1_2_1'], 'points': 'p96,p97,p98,p99,p100,p101,p102,p103,p104,p105,p106,p107,p108,p109,p110,p111,p112,p113,p7166,p7167,p7168,p7169,p7170,p7171,p70,p71,p72,p73,p74,p75,p76,p77,p78,p79,p80,p81,p82,p83,p84,p85,p92,p93,p313,p314,p315,p316,p317,p318', 'start_time_stamp': '20260504180000', 'end_time_stamp': '20260504210000', 'minute_interval': 5}
2026-05-05 16:19:58,795 - root - INFO - Successfully upserted 37 data points.
2026-05-05 16:19:58,796 - root - INFO - Fetching minute data with payload: {'ps_key_list': ['1731512_1_2_1'], 'points': 'p96,p97,p98,p99,p100,p101,p102,p103,p104,p105,p106,p107,p108,p109,p110,p111,p112,p113,p7166,p7167,p7168,p7169,p7170,p7171,p70,p71,p72,p73,p74,p75,p76,p77,p78,p79,p80,p81,p82,p83,p84,p85,p92,p93,p313,p314,p315,p316,p317,p318', 'start_time_stamp': '20260504030000', 'end_time_stamp': '20260504060000', 'minute_interval': 5}
2026-05-05 16:19:58,993 - root - INFO - No data to insert into database for this API data batch.
2026-05-05 16:19:58,994 - root - INFO - Fetching minute data with payload: {'ps_key_list': ['1730375_1_3_1', '1730375_1_1_1'], 'points': 'p96,p97,p98,p99,p100,p101,p102,p103,p104,p105,p106,p107,p108,p109,p110,p111,p112,p113,p7166,p7167,p7168,p7169,p7170,p7171,p70,p71,p72,p73,p74,p75,p76,p77,p78,p79,p80,p81,p82,p83,p84,p85,p92,p93,p313,p314,p315,p316,p317,p318', 'start_time_stamp': '20260504210000', 'end_time_stamp': '20260504235959', 'minute_interval': 5}
2026-05-05 16:19:59,879 - root - INFO - Successfully upserted 37 data points.
2026-05-05 16:19:59,880 - root - INFO - Fetching minute data with payload: {'ps_key_list': ['1731512_1_2_1'], 'points': 'p96,p97,p98,p99,p100,p101,p102,p103,p104,p105,p106,p107,p108,p109,p110,p111,p112,p113,p7166,p7167,p7168,p7169,p7170,p7171,p70,p71,p72,p73,p74,p75,p76,p77,p78,p79,p80,p81,p82,p83,p84,p85,p92,p93,p313,p314,p315,p316,p317,p318', 'start_time_stamp': '20260504090000', 'end_time_stamp': '20260504120000', 'minute_interval': 5}
2026-05-05 16:19:59,931 - root - INFO - No data to insert into database for this API data batch.
2026-05-05 16:19:59,931 - root - INFO - Fetching minute data with payload: {'ps_key_list': ['1730375_1_3_1', '1730375_1_1_1'], 'points': 'p96,p97,p98,p99,p100,p101,p102,p103,p104,p105,p106,p107,p108,p109,p110,p111,p112,p113,p7166,p7167,p7168,p7169,p7170,p7171,p70,p71,p72,p73,p74,p75,p76,p77,p78,p79,p80,p81,p82,p83,p84,p85,p92,p93,p313,p314,p315,p316,p317,p318', 'start_time_stamp': '20260504060000', 'end_time_stamp': '20260504090000', 'minute_interval': 5}
2026-05-05 16:20:00,402 - root - INFO - No data to insert into database for this API data batch.
2026-05-05 16:20:00,402 - root - INFO - Fetching minute data with payload: {'ps_key_list': ['1730375_1_3_1', '1730375_1_1_1'], 'points': 'p96,p97,p98,p99,p100,p101,p102,p103,p104,p105,p106,p107,p108,p109,p110,p111,p112,p113,p7166,p7167,p7168,p7169,p7170,p7171,p70,p71,p72,p73,p74,p75,p76,p77,p78,p79,p80,p81,p82,p83,p84,p85,p92,p93,p313,p314,p315,p316,p317,p318', 'start_time_stamp': '20260504150000', 'end_time_stamp': '20260504180000', 'minute_interval': 5}
2026-05-05 16:20:01,175 - root - INFO - No data to insert into database for this API data batch.
2026-05-05 16:20:01,175 - root - INFO - Fetching minute data with payload: {'ps_key_list': ['1730375_1_3_1', '1730375_1_1_1'], 'points': 'p96,p97,p98,p99,p100,p101,p102,p103,p104,p105,p106,p107,p108,p109,p110,p111,p112,p113,p7166,p7167,p7168,p7169,p7170,p7171,p70,p71,p72,p73,p74,p75,p76,p77,p78,p79,p80,p81,p82,p83,p84,p85,p92,p93,p313,p314,p315,p316,p317,p318', 'start_time_stamp': '20260504000000', 'end_time_stamp': '20260504030000', 'minute_interval': 5}
2026-05-05 16:20:01,251 - root - INFO - Successfully upserted 37 data points.
2026-05-05 16:20:01,251 - root - INFO - Fetching minute data with payload: {'ps_key_list': ['1730375_7_2_1'], 'points': 'p8030,p8031,p8032,p8033,p8018,p8014', 'start_time_stamp': '20260504120000', 'end_time_stamp': '20260504150000', 'minute_interval': 5}
2026-05-05 16:20:01,503 - root - INFO - No data to insert into database for this API data batch.
2026-05-05 16:20:01,503 - root - INFO - Fetching minute data with payload: {'ps_key_list': ['1730375_1_3_1', '1730375_1_1_1'], 'points': 'p96,p97,p98,p99,p100,p101,p102,p103,p104,p105,p106,p107,p108,p109,p110,p111,p112,p113,p7166,p7167,p7168,p7169,p7170,p7171,p70,p71,p72,p73,p74,p75,p76,p77,p78,p79,p80,p81,p82,p83,p84,p85,p92,p93,p313,p314,p315,p316,p317,p318', 'start_time_stamp': '20260504180000', 'end_time_stamp': '20260504210000', 'minute_interval': 5}
2026-05-05 16:20:01,585 - root - INFO - No data to insert into database for this API data batch.
2026-05-05 16:20:01,586 - root - INFO - Fetching minute data with payload: {'ps_key_list': ['1730375_1_3_1', '1730375_1_1_1'], 'points': 'p96,p97,p98,p99,p100,p101,p102,p103,p104,p105,p106,p107,p108,p109,p110,p111,p112,p113,p7166,p7167,p7168,p7169,p7170,p7171,p70,p71,p72,p73,p74,p75,p76,p77,p78,p79,p80,p81,p82,p83,p84,p85,p92,p93,p313,p314,p315,p316,p317,p318', 'start_time_stamp': '20260504030000', 'end_time_stamp': '20260504060000', 'minute_interval': 5}
2026-05-05 16:20:01,605 - root - INFO - No data to insert into database for this API data batch.
2026-05-05 16:20:01,606 - root - INFO - Fetching minute data with payload: {'ps_key_list': ['1730375_7_2_1'], 'points': 'p8030,p8031,p8032,p8033,p8018,p8014', 'start_time_stamp': '20260504210000', 'end_time_stamp': '20260504235959', 'minute_interval': 5}
2026-05-05 16:20:02,543 - root - INFO - No data to insert into database for this API data batch.
2026-05-05 16:20:02,543 - root - INFO - Fetching minute data with payload: {'ps_key_list': ['1730375_1_3_1', '1730375_1_1_1'], 'points': 'p96,p97,p98,p99,p100,p101,p102,p103,p104,p105,p106,p107,p108,p109,p110,p111,p112,p113,p7166,p7167,p7168,p7169,p7170,p7171,p70,p71,p72,p73,p74,p75,p76,p77,p78,p79,p80,p81,p82,p83,p84,p85,p92,p93,p313,p314,p315,p316,p317,p318', 'start_time_stamp': '20260504090000', 'end_time_stamp': '20260504120000', 'minute_interval': 5}
2026-05-05 16:20:02,671 - root - INFO - Successfully upserted 37 data points.
2026-05-05 16:20:02,672 - root - INFO - Fetching minute data with payload: {'ps_key_list': ['1730375_7_2_1'], 'points': 'p8030,p8031,p8032,p8033,p8018,p8014', 'start_time_stamp': '20260504060000', 'end_time_stamp': '20260504090000', 'minute_interval': 5}
2026-05-05 16:20:02,976 - root - INFO - Successfully upserted 33 data points.
2026-05-05 16:20:02,976 - root - INFO - Fetching minute data with payload: {'ps_key_list': ['1730375_7_2_1'], 'points': 'p8030,p8031,p8032,p8033,p8018,p8014', 'start_time_stamp': '20260504150000', 'end_time_stamp': '20260504180000', 'minute_interval': 5}
2026-05-05 16:20:03,983 - root - INFO - Successfully upserted 37 data points.
2026-05-05 16:20:03,983 - root - INFO - Fetching minute data with payload: {'ps_key_list': ['1728142_7_2_1'], 'points': 'p8030,p8031,p8032,p8033,p8018,p8014', 'start_time_stamp': '20260504120000', 'end_time_stamp': '20260504150000', 'minute_interval': 5}
2026-05-05 16:20:03,998 - root - INFO - No data to insert into database for this API data batch.
2026-05-05 16:20:03,998 - root - INFO - Fetching minute data with payload: {'ps_key_list': ['1730375_7_2_1'], 'points': 'p8030,p8031,p8032,p8033,p8018,p8014', 'start_time_stamp': '20260504000000', 'end_time_stamp': '20260504030000', 'minute_interval': 5}
2026-05-05 16:20:04,211 - root - INFO - No data to insert into database for this API data batch.
2026-05-05 16:20:04,212 - root - INFO - Fetching minute data with payload: {'ps_key_list': ['1730375_7_2_1'], 'points': 'p8030,p8031,p8032,p8033,p8018,p8014', 'start_time_stamp': '20260504180000', 'end_time_stamp': '20260504210000', 'minute_interval': 5}
2026-05-05 16:20:04,421 - root - INFO - Successfully upserted 36 data points.
2026-05-05 16:20:04,421 - root - INFO - Fetching minute data with payload: {'ps_key_list': ['1728142_7_2_1'], 'points': 'p8030,p8031,p8032,p8033,p8018,p8014', 'start_time_stamp': '20260504210000', 'end_time_stamp': '20260504235959', 'minute_interval': 5}
2026-05-05 16:20:04,426 - root - INFO - Successfully upserted 4 data points.
2026-05-05 16:20:04,426 - root - INFO - Fetching minute data with payload: {'ps_key_list': ['1730375_7_2_1'], 'points': 'p8030,p8031,p8032,p8033,p8018,p8014', 'start_time_stamp': '20260504030000', 'end_time_stamp': '20260504060000', 'minute_interval': 5}
2026-05-05 16:20:05,221 - root - INFO - Successfully upserted 37 data points.
2026-05-05 16:20:05,222 - root - INFO - Fetching minute data with payload: {'ps_key_list': ['1730375_7_2_1'], 'points': 'p8030,p8031,p8032,p8033,p8018,p8014', 'start_time_stamp': '20260504090000', 'end_time_stamp': '20260504120000', 'minute_interval': 5}
2026-05-05 16:20:05,397 - root - INFO - Successfully upserted 37 data points.
2026-05-05 16:20:05,397 - root - INFO - Fetching minute data with payload: {'ps_key_list': ['1728142_7_2_1'], 'points': 'p8030,p8031,p8032,p8033,p8018,p8014', 'start_time_stamp': '20260504060000', 'end_time_stamp': '20260504090000', 'minute_interval': 5}
2026-05-05 16:20:05,593 - root - INFO - Successfully upserted 37 data points.
2026-05-05 16:20:05,593 - root - INFO - Fetching minute data with payload: {'ps_key_list': ['1728142_7_2_1'], 'points': 'p8030,p8031,p8032,p8033,p8018,p8014', 'start_time_stamp': '20260504150000', 'end_time_stamp': '20260504180000', 'minute_interval': 5}
2026-05-05 16:20:06,678 - root - INFO - Successfully upserted 37 data points.
2026-05-05 16:20:06,678 - root - INFO - Fetching minute data with payload: {'ps_key_list': ['1728142_7_2_1'], 'points': 'p8030,p8031,p8032,p8033,p8018,p8014', 'start_time_stamp': '20260504000000', 'end_time_stamp': '20260504030000', 'minute_interval': 5}
2026-05-05 16:20:06,768 - root - INFO - Successfully upserted 37 data points.
2026-05-05 16:20:06,768 - root - INFO - Fetching minute data with payload: {'ps_key_list': ['1728142_1_1_1'], 'points': 'p96,p97,p98,p99,p100,p101,p102,p103,p104,p105,p106,p107,p108,p109,p110,p111,p112,p113,p7166,p7167,p7168,p7169,p7170,p7171,p70,p71,p72,p73,p74,p75,p76,p77,p78,p79,p80,p81,p82,p83,p84,p85,p92,p93,p313,p314,p315,p316,p317,p318', 'start_time_stamp': '20260504120000', 'end_time_stamp': '20260504150000', 'minute_interval': 5}
2026-05-05 16:20:06,893 - root - INFO - Successfully upserted 37 data points.
2026-05-05 16:20:06,893 - root - INFO - Fetching minute data with payload: {'ps_key_list': ['1728142_7_2_1'], 'points': 'p8030,p8031,p8032,p8033,p8018,p8014', 'start_time_stamp': '20260504180000', 'end_time_stamp': '20260504210000', 'minute_interval': 5}
2026-05-05 16:20:07,212 - root - INFO - Successfully upserted 37 data points.
2026-05-05 16:20:07,213 - root - INFO - Fetching minute data with payload: {'ps_key_list': ['1728142_7_2_1'], 'points': 'p8030,p8031,p8032,p8033,p8018,p8014', 'start_time_stamp': '20260504030000', 'end_time_stamp': '20260504060000', 'minute_interval': 5}
2026-05-05 16:20:07,244 - root - INFO - Successfully upserted 36 data points.
2026-05-05 16:20:07,245 - root - INFO - Fetching minute data with payload: {'ps_key_list': ['1728142_1_1_1'], 'points': 'p96,p97,p98,p99,p100,p101,p102,p103,p104,p105,p106,p107,p108,p109,p110,p111,p112,p113,p7166,p7167,p7168,p7169,p7170,p7171,p70,p71,p72,p73,p74,p75,p76,p77,p78,p79,p80,p81,p82,p83,p84,p85,p92,p93,p313,p314,p315,p316,p317,p318', 'start_time_stamp': '20260504210000', 'end_time_stamp': '20260504235959', 'minute_interval': 5}
2026-05-05 16:20:08,023 - root - INFO - Successfully upserted 37 data points.
2026-05-05 16:20:08,023 - root - INFO - Fetching minute data with payload: {'ps_key_list': ['1728142_1_1_1'], 'points': 'p96,p97,p98,p99,p100,p101,p102,p103,p104,p105,p106,p107,p108,p109,p110,p111,p112,p113,p7166,p7167,p7168,p7169,p7170,p7171,p70,p71,p72,p73,p74,p75,p76,p77,p78,p79,p80,p81,p82,p83,p84,p85,p92,p93,p313,p314,p315,p316,p317,p318', 'start_time_stamp': '20260504060000', 'end_time_stamp': '20260504090000', 'minute_interval': 5}
2026-05-05 16:20:08,171 - root - INFO - Successfully upserted 37 data points.
2026-05-05 16:20:08,171 - root - INFO - Fetching minute data with payload: {'ps_key_list': ['1728142_7_2_1'], 'points': 'p8030,p8031,p8032,p8033,p8018,p8014', 'start_time_stamp': '20260504090000', 'end_time_stamp': '20260504120000', 'minute_interval': 5}
2026-05-05 16:20:08,200 - root - INFO - Successfully upserted 37 data points.
2026-05-05 16:20:08,201 - root - INFO - Fetching minute data with payload: {'ps_key_list': ['1728142_1_1_1'], 'points': 'p96,p97,p98,p99,p100,p101,p102,p103,p104,p105,p106,p107,p108,p109,p110,p111,p112,p113,p7166,p7167,p7168,p7169,p7170,p7171,p70,p71,p72,p73,p74,p75,p76,p77,p78,p79,p80,p81,p82,p83,p84,p85,p92,p93,p313,p314,p315,p316,p317,p318', 'start_time_stamp': '20260504150000', 'end_time_stamp': '20260504180000', 'minute_interval': 5}
2026-05-05 16:20:09,488 - root - INFO - Successfully upserted 37 data points.
2026-05-05 16:20:09,488 - root - INFO - Fetching minute data with payload: {'ps_key_list': ['1728142_1_1_1'], 'points': 'p96,p97,p98,p99,p100,p101,p102,p103,p104,p105,p106,p107,p108,p109,p110,p111,p112,p113,p7166,p7167,p7168,p7169,p7170,p7171,p70,p71,p72,p73,p74,p75,p76,p77,p78,p79,p80,p81,p82,p83,p84,p85,p92,p93,p313,p314,p315,p316,p317,p318', 'start_time_stamp': '20260504000000', 'end_time_stamp': '20260504030000', 'minute_interval': 5}
2026-05-05 16:20:09,571 - root - INFO - Successfully upserted 37 data points.
2026-05-05 16:20:09,571 - root - INFO - Fetching minute data with payload: {'ps_key_list': ['1723575_1_3_1'], 'points': 'p96,p97,p98,p99,p100,p101,p102,p103,p104,p105,p106,p107,p108,p109,p110,p111,p112,p113,p7166,p7167,p7168,p7169,p7170,p7171,p70,p71,p72,p73,p74,p75,p76,p77,p78,p79,p80,p81,p82,p83,p84,p85,p92,p93,p313,p314,p315,p316,p317,p318', 'start_time_stamp': '20260504120000', 'end_time_stamp': '20260504150000', 'minute_interval': 5}
2026-05-05 16:20:09,651 - root - INFO - Successfully upserted 37 data points.
2026-05-05 16:20:09,651 - root - INFO - Fetching minute data with payload: {'ps_key_list': ['1728142_1_1_1'], 'points': 'p96,p97,p98,p99,p100,p101,p102,p103,p104,p105,p106,p107,p108,p109,p110,p111,p112,p113,p7166,p7167,p7168,p7169,p7170,p7171,p70,p71,p72,p73,p74,p75,p76,p77,p78,p79,p80,p81,p82,p83,p84,p85,p92,p93,p313,p314,p315,p316,p317,p318', 'start_time_stamp': '20260504180000', 'end_time_stamp': '20260504210000', 'minute_interval': 5}
2026-05-05 16:20:09,915 - root - INFO - No data to insert into database for this API data batch.
2026-05-05 16:20:09,916 - root - INFO - Fetching minute data with payload: {'ps_key_list': ['1723575_1_3_1'], 'points': 'p96,p97,p98,p99,p100,p101,p102,p103,p104,p105,p106,p107,p108,p109,p110,p111,p112,p113,p7166,p7167,p7168,p7169,p7170,p7171,p70,p71,p72,p73,p74,p75,p76,p77,p78,p79,p80,p81,p82,p83,p84,p85,p92,p93,p313,p314,p315,p316,p317,p318', 'start_time_stamp': '20260504210000', 'end_time_stamp': '20260504235959', 'minute_interval': 5}
2026-05-05 16:20:09,974 - root - INFO - Successfully upserted 37 data points.
2026-05-05 16:20:09,974 - root - INFO - Fetching minute data with payload: {'ps_key_list': ['1728142_1_1_1'], 'points': 'p96,p97,p98,p99,p100,p101,p102,p103,p104,p105,p106,p107,p108,p109,p110,p111,p112,p113,p7166,p7167,p7168,p7169,p7170,p7171,p70,p71,p72,p73,p74,p75,p76,p77,p78,p79,p80,p81,p82,p83,p84,p85,p92,p93,p313,p314,p315,p316,p317,p318', 'start_time_stamp': '20260504030000', 'end_time_stamp': '20260504060000', 'minute_interval': 5}
2026-05-05 16:20:10,742 - root - INFO - Retrying API request after rate limit wait...
2026-05-05 16:20:10,742 - root - INFO - Making API request to: https://sg5.fusionsolar.huawei.com/rest/openapi/pvms/nbi/v1/device/history
2026-05-05 16:20:10,744 - root - INFO - Request payload: {'devDn': 'NE=61913836', 'devTypeId': 17, 'startTime': 1777741200000, 'endTime': 1777827600000}
2026-05-05 16:20:10,802 - root - INFO - Successfully upserted 37 data points.
2026-05-05 16:20:10,803 - root - INFO - Fetching minute data with payload: {'ps_key_list': ['1723575_1_3_1'], 'points': 'p96,p97,p98,p99,p100,p101,p102,p103,p104,p105,p106,p107,p108,p109,p110,p111,p112,p113,p7166,p7167,p7168,p7169,p7170,p7171,p70,p71,p72,p73,p74,p75,p76,p77,p78,p79,p80,p81,p82,p83,p84,p85,p92,p93,p313,p314,p315,p316,p317,p318', 'start_time_stamp': '20260504060000', 'end_time_stamp': '20260504090000', 'minute_interval': 5}
2026-05-05 16:20:10,853 - root - INFO - Successfully upserted 37 data points.
2026-05-05 16:20:10,853 - root - INFO - Fetching minute data with payload: {'ps_key_list': ['1728142_1_1_1'], 'points': 'p96,p97,p98,p99,p100,p101,p102,p103,p104,p105,p106,p107,p108,p109,p110,p111,p112,p113,p7166,p7167,p7168,p7169,p7170,p7171,p70,p71,p72,p73,p74,p75,p76,p77,p78,p79,p80,p81,p82,p83,p84,p85,p92,p93,p313,p314,p315,p316,p317,p318', 'start_time_stamp': '20260504090000', 'end_time_stamp': '20260504120000', 'minute_interval': 5}
2026-05-05 16:20:11,135 - root - INFO - Response status code: 200
2026-05-05 16:20:11,135 - root - INFO - API response from https://sg5.fusionsolar.huawei.com/rest/openapi/pvms/nbi/v1/device/history (truncated): {'failCode': 305, 'immediately': True, 'message': 'USER_MUST_RELOGIN', 'success': False}
2026-05-05 16:20:11,137 - root - ERROR - API request to /rest/openapi/pvms/nbi/v1/device/history failed: USER_MUST_RELOGIN (Code: 305)
2026-05-05 16:20:11,139 - root - INFO - Successfully upserted 34 data points.
2026-05-05 16:20:11,140 - root - INFO - Fetching minute data with payload: {'ps_key_list': ['1723575_1_3_1'], 'points': 'p96,p97,p98,p99,p100,p101,p102,p103,p104,p105,p106,p107,p108,p109,p110,p111,p112,p113,p7166,p7167,p7168,p7169,p7170,p7171,p70,p71,p72,p73,p74,p75,p76,p77,p78,p79,p80,p81,p82,p83,p84,p85,p92,p93,p313,p314,p315,p316,p317,p318', 'start_time_stamp': '20260504150000', 'end_time_stamp': '20260504180000', 'minute_interval': 5}
2026-05-05 16:20:11,142 - root - WARNING - Failed to fetch historical data
2026-05-05 16:20:11,143 - root - INFO - Using single devDn for device/history (API: one device per query)
2026-05-05 16:20:11,147 - root - INFO - Fetching historical data for 1 devices of type meter
2026-05-05 16:20:11,147 - root - INFO - Making API request to: https://sg5.fusionsolar.huawei.com/rest/openapi/pvms/nbi/v1/device/history
2026-05-05 16:20:11,147 - root - INFO - Request payload: {'devDn': 'NE=61913834', 'devTypeId': 17, 'startTime': 1777741200000, 'endTime': 1777827600000}
2026-05-05 16:20:11,538 - root - INFO - Response status code: 200
2026-05-05 16:20:11,539 - root - INFO - API response from https://sg5.fusionsolar.huawei.com/rest/openapi/pvms/nbi/v1/device/history (truncated): {'failCode': 305, 'immediately': True, 'message': 'USER_MUST_RELOGIN', 'success': False}
2026-05-05 16:20:11,541 - root - WARNING - Session expired. Attempting to re-login...
2026-05-05 16:20:11,541 - root - INFO - Attempting to login to FusionSolar API at https://sg5.fusionsolar.huawei.com/thirdData/login
2026-05-05 16:20:11,898 - root - INFO - Login response status code: 200
2026-05-05 16:20:11,899 - root - ERROR - FusionSolar login failed: Unknown error
2026-05-05 16:20:11,901 - root - ERROR - Re-login failed. Cannot proceed with API request.
2026-05-05 16:20:11,904 - root - WARNING - Failed to fetch historical data
2026-05-05 16:20:11,905 - root - INFO - Using single devDn for device/history (API: one device per query)
2026-05-05 16:20:11,910 - root - INFO - Fetching historical data for 1 devices of type meter
2026-05-05 16:20:11,910 - root - INFO - Making API request to: https://sg5.fusionsolar.huawei.com/rest/openapi/pvms/nbi/v1/device/history
2026-05-05 16:20:11,910 - root - INFO - Request payload: {'devDn': 'NE=61851550', 'devTypeId': 17, 'startTime': 1777741200000, 'endTime': 1777827600000}
2026-05-05 16:20:12,173 - root - INFO - No data to insert into database for this API data batch.
2026-05-05 16:20:12,173 - root - INFO - Fetching minute data with payload: {'ps_key_list': ['1723575_1_3_1'], 'points': 'p96,p97,p98,p99,p100,p101,p102,p103,p104,p105,p106,p107,p108,p109,p110,p111,p112,p113,p7166,p7167,p7168,p7169,p7170,p7171,p70,p71,p72,p73,p74,p75,p76,p77,p78,p79,p80,p81,p82,p83,p84,p85,p92,p93,p313,p314,p315,p316,p317,p318', 'start_time_stamp': '20260504000000', 'end_time_stamp': '20260504030000', 'minute_interval': 5}
2026-05-05 16:20:12,194 - root - INFO - Response status code: 200
2026-05-05 16:20:12,194 - root - INFO - API response from https://sg5.fusionsolar.huawei.com/rest/openapi/pvms/nbi/v1/device/history (truncated): {'failCode': 305, 'immediately': True, 'message': 'USER_MUST_RELOGIN', 'success': False}
2026-05-05 16:20:12,194 - root - WARNING - Session expired. Attempting to re-login...
2026-05-05 16:20:12,195 - root - INFO - Attempting to login to FusionSolar API at https://sg5.fusionsolar.huawei.com/thirdData/login
2026-05-05 16:20:12,331 - root - INFO - No data to insert into database for this API data batch.
2026-05-05 16:20:12,332 - root - INFO - Fetching minute data with payload: {'ps_key_list': ['1723575_7_2_1'], 'points': 'p8030,p8031,p8032,p8033,p8018,p8014', 'start_time_stamp': '20260504120000', 'end_time_stamp': '20260504150000', 'minute_interval': 5}
2026-05-05 16:20:12,348 - root - INFO - No data to insert into database for this API data batch.
2026-05-05 16:20:12,349 - root - INFO - Fetching minute data with payload: {'ps_key_list': ['1723575_1_3_1'], 'points': 'p96,p97,p98,p99,p100,p101,p102,p103,p104,p105,p106,p107,p108,p109,p110,p111,p112,p113,p7166,p7167,p7168,p7169,p7170,p7171,p70,p71,p72,p73,p74,p75,p76,p77,p78,p79,p80,p81,p82,p83,p84,p85,p92,p93,p313,p314,p315,p316,p317,p318', 'start_time_stamp': '20260504180000', 'end_time_stamp': '20260504210000', 'minute_interval': 5}
2026-05-05 16:20:12,652 - root - INFO - Login response status code: 200
2026-05-05 16:20:12,652 - root - ERROR - FusionSolar login failed: Unknown error
2026-05-05 16:20:12,655 - root - ERROR - Re-login failed. Cannot proceed with API request.
2026-05-05 16:20:12,657 - root - WARNING - Failed to fetch historical data
2026-05-05 16:20:12,658 - root - INFO - Using single devDn for device/history (API: one device per query)
2026-05-05 16:20:12,661 - root - INFO - Fetching historical data for 1 devices of type meter
2026-05-05 16:20:12,661 - root - INFO - Making API request to: https://sg5.fusionsolar.huawei.com/rest/openapi/pvms/nbi/v1/device/history
2026-05-05 16:20:12,661 - root - INFO - Request payload: {'devDn': 'NE=61851551', 'devTypeId': 17, 'startTime': 1777741200000, 'endTime': 1777827600000}
2026-05-05 16:20:12,953 - root - INFO - Successfully upserted 7 data points.
2026-05-05 16:20:12,953 - root - INFO - Fetching minute data with payload: {'ps_key_list': ['1723575_1_3_1'], 'points': 'p96,p97,p98,p99,p100,p101,p102,p103,p104,p105,p106,p107,p108,p109,p110,p111,p112,p113,p7166,p7167,p7168,p7169,p7170,p7171,p70,p71,p72,p73,p74,p75,p76,p77,p78,p79,p80,p81,p82,p83,p84,p85,p92,p93,p313,p314,p315,p316,p317,p318', 'start_time_stamp': '20260504030000', 'end_time_stamp': '20260504060000', 'minute_interval': 5}
2026-05-05 16:20:12,961 - root - INFO - Response status code: 200
2026-05-05 16:20:12,961 - root - INFO - API response from https://sg5.fusionsolar.huawei.com/rest/openapi/pvms/nbi/v1/device/history (truncated): {'failCode': 305, 'immediately': True, 'message': 'USER_MUST_RELOGIN', 'success': False}
2026-05-05 16:20:12,961 - root - WARNING - Session expired. Attempting to re-login...
2026-05-05 16:20:12,961 - root - INFO - Attempting to login to FusionSolar API at https://sg5.fusionsolar.huawei.com/thirdData/login
2026-05-05 16:20:12,997 - root - INFO - No data to insert into database for this API data batch.
2026-05-05 16:20:12,997 - root - INFO - Fetching minute data with payload: {'ps_key_list': ['1723575_7_2_1'], 'points': 'p8030,p8031,p8032,p8033,p8018,p8014', 'start_time_stamp': '20260504210000', 'end_time_stamp': '20260504235959', 'minute_interval': 5}
2026-05-05 16:20:13,400 - root - INFO - Login response status code: 200
2026-05-05 16:20:13,400 - root - ERROR - FusionSolar login failed: Unknown error
2026-05-05 16:20:13,402 - root - ERROR - Re-login failed. Cannot proceed with API request.
2026-05-05 16:20:13,405 - root - WARNING - Failed to fetch historical data
2026-05-05 16:20:13,405 - root - INFO - Using single devDn for device/history (API: one device per query)
2026-05-05 16:20:13,408 - root - INFO - Fetching historical data for 1 devices of type meter
2026-05-05 16:20:13,409 - root - INFO - Making API request to: https://sg5.fusionsolar.huawei.com/rest/openapi/pvms/nbi/v1/device/history
2026-05-05 16:20:13,409 - root - INFO - Request payload: {'devDn': 'NE=52031812', 'devTypeId': 17, 'startTime': 1777741200000, 'endTime': 1777827600000}
2026-05-05 16:20:13,553 - root - INFO - Successfully upserted 37 data points.
2026-05-05 16:20:13,553 - root - INFO - Fetching minute data with payload: {'ps_key_list': ['1723575_1_3_1'], 'points': 'p96,p97,p98,p99,p100,p101,p102,p103,p104,p105,p106,p107,p108,p109,p110,p111,p112,p113,p7166,p7167,p7168,p7169,p7170,p7171,p70,p71,p72,p73,p74,p75,p76,p77,p78,p79,p80,p81,p82,p83,p84,p85,p92,p93,p313,p314,p315,p316,p317,p318', 'start_time_stamp': '20260504090000', 'end_time_stamp': '20260504120000', 'minute_interval': 5}
2026-05-05 16:20:13,583 - root - INFO - No data to insert into database for this API data batch.
2026-05-05 16:20:13,584 - root - INFO - Fetching minute data with payload: {'ps_key_list': ['1723575_7_2_1'], 'points': 'p8030,p8031,p8032,p8033,p8018,p8014', 'start_time_stamp': '20260504060000', 'end_time_stamp': '20260504090000', 'minute_interval': 5}
2026-05-05 16:20:13,748 - root - INFO - Response status code: 200
2026-05-05 16:20:13,748 - root - INFO - API response from https://sg5.fusionsolar.huawei.com/rest/openapi/pvms/nbi/v1/device/history (truncated): {'failCode': 305, 'immediately': True, 'message': 'USER_MUST_RELOGIN', 'success': False}
2026-05-05 16:20:13,750 - root - WARNING - Session expired. Attempting to re-login...
2026-05-05 16:20:13,750 - root - INFO - Attempting to login to FusionSolar API at https://sg5.fusionsolar.huawei.com/thirdData/login
2026-05-05 16:20:13,854 - root - INFO - Successfully upserted 5 data points.
2026-05-05 16:20:13,854 - root - INFO - Fetching minute data with payload: {'ps_key_list': ['1723575_7_2_1'], 'points': 'p8030,p8031,p8032,p8033,p8018,p8014', 'start_time_stamp': '20260504150000', 'end_time_stamp': '20260504180000', 'minute_interval': 5}
2026-05-05 16:20:14,171 - root - INFO - Login response status code: 200
2026-05-05 16:20:14,171 - root - ERROR - FusionSolar login failed: Unknown error
2026-05-05 16:20:14,174 - root - ERROR - Re-login failed. Cannot proceed with API request.
2026-05-05 16:20:14,176 - root - WARNING - Failed to fetch historical data
2026-05-05 16:20:14,176 - root - INFO - Using single devDn for device/history (API: one device per query)
2026-05-05 16:20:14,180 - root - INFO - Fetching historical data for 1 devices of type meter
2026-05-05 16:20:14,180 - root - INFO - Making API request to: https://sg5.fusionsolar.huawei.com/rest/openapi/pvms/nbi/v1/device/history
2026-05-05 16:20:14,180 - root - INFO - Request payload: {'devDn': 'NE=55409420', 'devTypeId': 17, 'startTime': 1777741200000, 'endTime': 1777827600000}
2026-05-05 16:20:14,457 - root - INFO - Response status code: 200
2026-05-05 16:20:14,457 - root - INFO - API response from https://sg5.fusionsolar.huawei.com/rest/openapi/pvms/nbi/v1/device/history (truncated): {'failCode': 305, 'immediately': True, 'message': 'USER_MUST_RELOGIN', 'success': False}
2026-05-05 16:20:14,458 - root - WARNING - Session expired. Attempting to re-login...
2026-05-05 16:20:14,458 - root - INFO - Attempting to login to FusionSolar API at https://sg5.fusionsolar.huawei.com/thirdData/login
2026-05-05 16:20:14,762 - root - INFO - Login response status code: 200
2026-05-05 16:20:14,763 - root - ERROR - FusionSolar login failed: Unknown error
2026-05-05 16:20:14,765 - root - ERROR - Re-login failed. Cannot proceed with API request.
2026-05-05 16:20:14,767 - root - WARNING - Failed to fetch historical data
2026-05-05 16:20:14,768 - root - INFO - Using single devDn for device/history (API: one device per query)
2026-05-05 16:20:14,771 - root - INFO - Fetching historical data for 1 devices of type meter
2026-05-05 16:20:14,771 - root - INFO - Making API request to: https://sg5.fusionsolar.huawei.com/rest/openapi/pvms/nbi/v1/device/history
2026-05-05 16:20:14,772 - root - INFO - Request payload: {'devDn': 'NE=52031814', 'devTypeId': 17, 'startTime': 1777741200000, 'endTime': 1777827600000}
2026-05-05 16:20:14,916 - root - INFO - No data to insert into database for this API data batch.
2026-05-05 16:20:14,917 - root - INFO - Fetching minute data with payload: {'ps_key_list': ['1723575_7_2_1'], 'points': 'p8030,p8031,p8032,p8033,p8018,p8014', 'start_time_stamp': '20260504000000', 'end_time_stamp': '20260504030000', 'minute_interval': 5}
2026-05-05 16:20:14,998 - root - INFO - Successfully upserted 1 data points.
2026-05-05 16:20:14,999 - root - INFO - Fetching minute data with payload: {'ps_key_list': ['1723575_7_2_1'], 'points': 'p8030,p8031,p8032,p8033,p8018,p8014', 'start_time_stamp': '20260504180000', 'end_time_stamp': '20260504210000', 'minute_interval': 5}
2026-05-05 16:20:15,088 - root - INFO - Response status code: 200
2026-05-05 16:20:15,089 - root - INFO - API response from https://sg5.fusionsolar.huawei.com/rest/openapi/pvms/nbi/v1/device/history (truncated): {'failCode': 305, 'immediately': True, 'message': 'USER_MUST_RELOGIN', 'success': False}
2026-05-05 16:20:15,090 - root - WARNING - Session expired. Attempting to re-login...
2026-05-05 16:20:15,090 - root - INFO - Attempting to login to FusionSolar API at https://sg5.fusionsolar.huawei.com/thirdData/login
2026-05-05 16:20:15,146 - root - INFO - Successfully upserted 37 data points.
2026-05-05 16:20:15,146 - root - INFO - Fetching minute data with payload: {'ps_key_list': ['1722752_7_2_1'], 'points': 'p8030,p8031,p8032,p8033,p8018,p8014', 'start_time_stamp': '20260504120000', 'end_time_stamp': '20260504150000', 'minute_interval': 5}
2026-05-05 16:20:15,562 - root - INFO - Login response status code: 200
2026-05-05 16:20:15,563 - root - ERROR - FusionSolar login failed: Unknown error
2026-05-05 16:20:15,565 - root - ERROR - Re-login failed. Cannot proceed with API request.
2026-05-05 16:20:15,567 - root - WARNING - Failed to fetch historical data
2026-05-05 16:20:15,568 - root - INFO - Using single devDn for device/history (API: one device per query)
2026-05-05 16:20:15,571 - root - INFO - Fetching historical data for 1 devices of type meter
2026-05-05 16:20:15,571 - root - INFO - Making API request to: https://sg5.fusionsolar.huawei.com/rest/openapi/pvms/nbi/v1/device/history
2026-05-05 16:20:15,571 - root - INFO - Request payload: {'devDn': 'NE=52031813', 'devTypeId': 17, 'startTime': 1777741200000, 'endTime': 1777827600000}
2026-05-05 16:20:15,586 - root - INFO - No data to insert into database for this API data batch.
2026-05-05 16:20:15,586 - root - INFO - Fetching minute data with payload: {'ps_key_list': ['1723575_7_2_1'], 'points': 'p8030,p8031,p8032,p8033,p8018,p8014', 'start_time_stamp': '20260504030000', 'end_time_stamp': '20260504060000', 'minute_interval': 5}
2026-05-05 16:20:15,648 - root - INFO - Successfully upserted 36 data points.
2026-05-05 16:20:15,648 - root - INFO - Fetching minute data with payload: {'ps_key_list': ['1722752_7_2_1'], 'points': 'p8030,p8031,p8032,p8033,p8018,p8014', 'start_time_stamp': '20260504210000', 'end_time_stamp': '20260504235959', 'minute_interval': 5}
2026-05-05 16:20:16,003 - root - INFO - Response status code: 200
2026-05-05 16:20:16,003 - root - INFO - API response from https://sg5.fusionsolar.huawei.com/rest/openapi/pvms/nbi/v1/device/history (truncated): {'failCode': 305, 'immediately': True, 'message': 'USER_MUST_RELOGIN', 'success': False}
2026-05-05 16:20:16,004 - root - WARNING - Session expired. Attempting to re-login...
2026-05-05 16:20:16,004 - root - INFO - Attempting to login to FusionSolar API at https://sg5.fusionsolar.huawei.com/thirdData/login
2026-05-05 16:20:16,291 - root - INFO - Login response status code: 200
2026-05-05 16:20:16,291 - root - INFO - No data to insert into database for this API data batch.
2026-05-05 16:20:16,291 - root - ERROR - FusionSolar login failed: Unknown error
2026-05-05 16:20:16,292 - root - INFO - Fetching minute data with payload: {'ps_key_list': ['1723575_7_2_1'], 'points': 'p8030,p8031,p8032,p8033,p8018,p8014', 'start_time_stamp': '20260504090000', 'end_time_stamp': '20260504120000', 'minute_interval': 5}
2026-05-05 16:20:16,293 - root - ERROR - Re-login failed. Cannot proceed with API request.
2026-05-05 16:20:16,297 - root - WARNING - Failed to fetch historical data
2026-05-05 16:20:16,297 - root - INFO - Using single devDn for device/history (API: one device per query)
2026-05-05 16:20:16,300 - root - INFO - Fetching historical data for 1 devices of type meter
2026-05-05 16:20:16,301 - root - INFO - Making API request to: https://sg5.fusionsolar.huawei.com/rest/openapi/pvms/nbi/v1/device/history
2026-05-05 16:20:16,301 - root - INFO - Request payload: {'devDn': 'NE=52470109', 'devTypeId': 17, 'startTime': 1777741200000, 'endTime': 1777827600000}
2026-05-05 16:20:16,332 - root - INFO - Successfully upserted 37 data points.
2026-05-05 16:20:16,332 - root - INFO - Fetching minute data with payload: {'ps_key_list': ['1722752_7_2_1'], 'points': 'p8030,p8031,p8032,p8033,p8018,p8014', 'start_time_stamp': '20260504060000', 'end_time_stamp': '20260504090000', 'minute_interval': 5}
2026-05-05 16:20:16,446 - root - INFO - Successfully upserted 37 data points.
2026-05-05 16:20:16,447 - root - INFO - Fetching minute data with payload: {'ps_key_list': ['1722752_7_2_1'], 'points': 'p8030,p8031,p8032,p8033,p8018,p8014', 'start_time_stamp': '20260504150000', 'end_time_stamp': '20260504180000', 'minute_interval': 5}
2026-05-05 16:20:16,781 - root - INFO - Response status code: 200
2026-05-05 16:20:16,781 - root - INFO - API response from https://sg5.fusionsolar.huawei.com/rest/openapi/pvms/nbi/v1/device/history (truncated): {'failCode': 305, 'immediately': True, 'message': 'USER_MUST_RELOGIN', 'success': False}
2026-05-05 16:20:16,782 - root - WARNING - Session expired. Attempting to re-login...
2026-05-05 16:20:16,782 - root - INFO - Attempting to login to FusionSolar API at https://sg5.fusionsolar.huawei.com/thirdData/login
2026-05-05 16:20:17,075 - root - INFO - Login response status code: 200
2026-05-05 16:20:17,076 - root - ERROR - FusionSolar login failed: Unknown error
2026-05-05 16:20:17,078 - root - ERROR - Re-login failed. Cannot proceed with API request.
2026-05-05 16:20:17,080 - root - WARNING - Failed to fetch historical data
2026-05-05 16:20:17,081 - root - INFO - Using single devDn for device/history (API: one device per query)
2026-05-05 16:20:17,084 - root - INFO - Fetching historical data for 1 devices of type meter
2026-05-05 16:20:17,084 - root - INFO - Making API request to: https://sg5.fusionsolar.huawei.com/rest/openapi/pvms/nbi/v1/device/history
2026-05-05 16:20:17,085 - root - INFO - Request payload: {'devDn': 'NE=55409294', 'devTypeId': 17, 'startTime': 1777741200000, 'endTime': 1777827600000}
2026-05-05 16:20:17,363 - root - INFO - Response status code: 200
2026-05-05 16:20:17,363 - root - INFO - API response from https://sg5.fusionsolar.huawei.com/rest/openapi/pvms/nbi/v1/device/history (truncated): {'failCode': 305, 'immediately': True, 'message': 'USER_MUST_RELOGIN', 'success': False}
2026-05-05 16:20:17,365 - root - WARNING - Session expired. Attempting to re-login...
2026-05-05 16:20:17,365 - root - INFO - Attempting to login to FusionSolar API at https://sg5.fusionsolar.huawei.com/thirdData/login
2026-05-05 16:20:17,652 - root - INFO - Login response status code: 200
2026-05-05 16:20:17,652 - root - ERROR - FusionSolar login failed: Unknown error
2026-05-05 16:20:17,654 - root - ERROR - Re-login failed. Cannot proceed with API request.
2026-05-05 16:20:17,657 - root - WARNING - Failed to fetch historical data
2026-05-05 16:20:17,657 - root - INFO - Using single devDn for device/history (API: one device per query)
2026-05-05 16:20:17,660 - root - INFO - Fetching historical data for 1 devices of type meter
2026-05-05 16:20:17,661 - root - INFO - Making API request to: https://sg5.fusionsolar.huawei.com/rest/openapi/pvms/nbi/v1/device/history
2026-05-05 16:20:17,661 - root - INFO - Request payload: {'devDn': 'NE=52031811', 'devTypeId': 17, 'startTime': 1777741200000, 'endTime': 1777827600000}
2026-05-05 16:20:17,743 - root - INFO - Successfully upserted 37 data points.
2026-05-05 16:20:17,743 - root - INFO - Fetching minute data with payload: {'ps_key_list': ['1722752_7_2_1'], 'points': 'p8030,p8031,p8032,p8033,p8018,p8014', 'start_time_stamp': '20260504000000', 'end_time_stamp': '20260504030000', 'minute_interval': 5}
2026-05-05 16:20:17,778 - root - INFO - Successfully upserted 37 data points.
2026-05-05 16:20:17,779 - root - INFO - Fetching minute data with payload: {'ps_key_list': ['1722752_7_2_1'], 'points': 'p8030,p8031,p8032,p8033,p8018,p8014', 'start_time_stamp': '20260504180000', 'end_time_stamp': '20260504210000', 'minute_interval': 5}
2026-05-05 16:20:17,895 - root - INFO - Successfully upserted 37 data points.
2026-05-05 16:20:17,896 - root - INFO - Fetching minute data with payload: {'ps_key_list': ['1722752_1_1_1'], 'points': 'p96,p97,p98,p99,p100,p101,p102,p103,p104,p105,p106,p107,p108,p109,p110,p111,p112,p113,p7166,p7167,p7168,p7169,p7170,p7171,p70,p71,p72,p73,p74,p75,p76,p77,p78,p79,p80,p81,p82,p83,p84,p85,p92,p93,p313,p314,p315,p316,p317,p318', 'start_time_stamp': '20260504120000', 'end_time_stamp': '20260504150000', 'minute_interval': 5}
2026-05-05 16:20:18,067 - root - INFO - Response status code: 200
2026-05-05 16:20:18,068 - root - INFO - API response from https://sg5.fusionsolar.huawei.com/rest/openapi/pvms/nbi/v1/device/history (truncated): {'failCode': 305, 'immediately': True, 'message': 'USER_MUST_RELOGIN', 'success': False}
2026-05-05 16:20:18,069 - root - WARNING - Session expired. Attempting to re-login...
2026-05-05 16:20:18,069 - root - INFO - Attempting to login to FusionSolar API at https://sg5.fusionsolar.huawei.com/thirdData/login
2026-05-05 16:20:18,265 - root - INFO - Successfully upserted 37 data points.
2026-05-05 16:20:18,265 - root - INFO - Fetching minute data with payload: {'ps_key_list': ['1722752_7_2_1'], 'points': 'p8030,p8031,p8032,p8033,p8018,p8014', 'start_time_stamp': '20260504030000', 'end_time_stamp': '20260504060000', 'minute_interval': 5}
2026-05-05 16:20:18,271 - root - INFO - Successfully upserted 36 data points.
2026-05-05 16:20:18,271 - root - INFO - Fetching minute data with payload: {'ps_key_list': ['1722752_1_1_1'], 'points': 'p96,p97,p98,p99,p100,p101,p102,p103,p104,p105,p106,p107,p108,p109,p110,p111,p112,p113,p7166,p7167,p7168,p7169,p7170,p7171,p70,p71,p72,p73,p74,p75,p76,p77,p78,p79,p80,p81,p82,p83,p84,p85,p92,p93,p313,p314,p315,p316,p317,p318', 'start_time_stamp': '20260504210000', 'end_time_stamp': '20260504235959', 'minute_interval': 5}
2026-05-05 16:20:18,482 - root - INFO - Login response status code: 200
2026-05-05 16:20:18,482 - root - ERROR - FusionSolar login failed: Unknown error
2026-05-05 16:20:18,484 - root - ERROR - Re-login failed. Cannot proceed with API request.
2026-05-05 16:20:18,487 - root - WARNING - Failed to fetch historical data
2026-05-05 16:20:18,487 - root - INFO - Using single devDn for device/history (API: one device per query)
2026-05-05 16:20:18,491 - root - INFO - Fetching historical data for 1 devices of type meter
2026-05-05 16:20:18,491 - root - INFO - Making API request to: https://sg5.fusionsolar.huawei.com/rest/openapi/pvms/nbi/v1/device/history
2026-05-05 16:20:18,491 - root - INFO - Request payload: {'devDn': 'NE=52031810', 'devTypeId': 17, 'startTime': 1777741200000, 'endTime': 1777827600000}
2026-05-05 16:20:18,811 - root - INFO - Response status code: 200
2026-05-05 16:20:18,811 - root - INFO - API response from https://sg5.fusionsolar.huawei.com/rest/openapi/pvms/nbi/v1/device/history (truncated): {'failCode': 305, 'immediately': True, 'message': 'USER_MUST_RELOGIN', 'success': False}
2026-05-05 16:20:18,812 - root - WARNING - Session expired. Attempting to re-login...
2026-05-05 16:20:18,813 - root - INFO - Attempting to login to FusionSolar API at https://sg5.fusionsolar.huawei.com/thirdData/login
2026-05-05 16:20:18,971 - root - INFO - Successfully upserted 37 data points.
2026-05-05 16:20:18,971 - root - INFO - Fetching minute data with payload: {'ps_key_list': ['1722752_7_2_1'], 'points': 'p8030,p8031,p8032,p8033,p8018,p8014', 'start_time_stamp': '20260504090000', 'end_time_stamp': '20260504120000', 'minute_interval': 5}
2026-05-05 16:20:19,120 - root - INFO - Login response status code: 200
2026-05-05 16:20:19,120 - root - ERROR - FusionSolar login failed: Unknown error
2026-05-05 16:20:19,123 - root - ERROR - Re-login failed. Cannot proceed with API request.
2026-05-05 16:20:19,124 - root - INFO - Successfully upserted 37 data points.
2026-05-05 16:20:19,126 - root - INFO - Fetching minute data with payload: {'ps_key_list': ['1722752_1_1_1'], 'points': 'p96,p97,p98,p99,p100,p101,p102,p103,p104,p105,p106,p107,p108,p109,p110,p111,p112,p113,p7166,p7167,p7168,p7169,p7170,p7171,p70,p71,p72,p73,p74,p75,p76,p77,p78,p79,p80,p81,p82,p83,p84,p85,p92,p93,p313,p314,p315,p316,p317,p318', 'start_time_stamp': '20260504150000', 'end_time_stamp': '20260504180000', 'minute_interval': 5}
2026-05-05 16:20:19,129 - root - WARNING - Failed to fetch historical data
2026-05-05 16:20:19,130 - root - INFO - Using single devDn for device/history (API: one device per query)
2026-05-05 16:20:19,136 - root - INFO - Fetching historical data for 1 devices of type meter
2026-05-05 16:20:19,136 - root - INFO - Making API request to: https://sg5.fusionsolar.huawei.com/rest/openapi/pvms/nbi/v1/device/history
2026-05-05 16:20:19,137 - root - INFO - Request payload: {'devDn': 'NE=51758775', 'devTypeId': 17, 'startTime': 1777741200000, 'endTime': 1777827600000}
2026-05-05 16:20:19,143 - root - INFO - Successfully upserted 37 data points.
2026-05-05 16:20:19,143 - root - INFO - Fetching minute data with payload: {'ps_key_list': ['1722752_1_1_1'], 'points': 'p96,p97,p98,p99,p100,p101,p102,p103,p104,p105,p106,p107,p108,p109,p110,p111,p112,p113,p7166,p7167,p7168,p7169,p7170,p7171,p70,p71,p72,p73,p74,p75,p76,p77,p78,p79,p80,p81,p82,p83,p84,p85,p92,p93,p313,p314,p315,p316,p317,p318', 'start_time_stamp': '20260504060000', 'end_time_stamp': '20260504090000', 'minute_interval': 5}
2026-05-05 16:20:19,593 - root - INFO - Response status code: 200
2026-05-05 16:20:19,593 - root - INFO - API response from https://sg5.fusionsolar.huawei.com/rest/openapi/pvms/nbi/v1/device/history (truncated): {'failCode': 305, 'immediately': True, 'message': 'USER_MUST_RELOGIN', 'success': False}
2026-05-05 16:20:19,594 - root - WARNING - Session expired. Attempting to re-login...
2026-05-05 16:20:19,594 - root - INFO - Attempting to login to FusionSolar API at https://sg5.fusionsolar.huawei.com/thirdData/login
2026-05-05 16:20:19,885 - root - INFO - Login response status code: 200
2026-05-05 16:20:19,885 - root - ERROR - FusionSolar login failed: Unknown error
2026-05-05 16:20:19,887 - root - ERROR - Re-login failed. Cannot proceed with API request.
2026-05-05 16:20:19,889 - root - WARNING - Failed to fetch historical data
2026-05-05 16:20:19,890 - root - INFO - Using single devDn for device/history (API: one device per query)
2026-05-05 16:20:19,893 - root - INFO - Fetching historical data for 1 devices of type meter
2026-05-05 16:20:19,893 - root - INFO - Making API request to: https://sg5.fusionsolar.huawei.com/rest/openapi/pvms/nbi/v1/device/history
2026-05-05 16:20:19,894 - root - INFO - Request payload: {'devDn': 'NE=51758776', 'devTypeId': 17, 'startTime': 1777741200000, 'endTime': 1777827600000}
2026-05-05 16:20:20,172 - root - INFO - Response status code: 200
2026-05-05 16:20:20,172 - root - INFO - API response from https://sg5.fusionsolar.huawei.com/rest/openapi/pvms/nbi/v1/device/history (truncated): {'failCode': 305, 'immediately': True, 'message': 'USER_MUST_RELOGIN', 'success': False}
2026-05-05 16:20:20,173 - root - WARNING - Session expired. Attempting to re-login...
2026-05-05 16:20:20,174 - root - INFO - Attempting to login to FusionSolar API at https://sg5.fusionsolar.huawei.com/thirdData/login
2026-05-05 16:20:20,453 - root - INFO - Successfully upserted 37 data points.
2026-05-05 16:20:20,453 - root - INFO - Fetching minute data with payload: {'ps_key_list': ['1722752_1_1_1'], 'points': 'p96,p97,p98,p99,p100,p101,p102,p103,p104,p105,p106,p107,p108,p109,p110,p111,p112,p113,p7166,p7167,p7168,p7169,p7170,p7171,p70,p71,p72,p73,p74,p75,p76,p77,p78,p79,p80,p81,p82,p83,p84,p85,p92,p93,p313,p314,p315,p316,p317,p318', 'start_time_stamp': '20260504180000', 'end_time_stamp': '20260504210000', 'minute_interval': 5}
2026-05-05 16:20:20,457 - root - INFO - Login response status code: 200
2026-05-05 16:20:20,457 - root - ERROR - FusionSolar login failed: Unknown error
2026-05-05 16:20:20,459 - root - ERROR - Re-login failed. Cannot proceed with API request.
2026-05-05 16:20:20,461 - root - WARNING - Failed to fetch historical data
2026-05-05 16:20:20,461 - root - INFO - Using single devDn for device/history (API: one device per query)
2026-05-05 16:20:20,466 - root - INFO - Fetching historical data for 1 devices of type meter
2026-05-05 16:20:20,467 - root - INFO - Making API request to: https://sg5.fusionsolar.huawei.com/rest/openapi/pvms/nbi/v1/device/history
2026-05-05 16:20:20,467 - root - INFO - Request payload: {'devDn': 'NE=51758773', 'devTypeId': 17, 'startTime': 1777741200000, 'endTime': 1777827600000}
2026-05-05 16:20:20,517 - root - INFO - Successfully upserted 37 data points.
2026-05-05 16:20:20,518 - root - INFO - Fetching minute data with payload: {'ps_key_list': ['1722752_1_1_1'], 'points': 'p96,p97,p98,p99,p100,p101,p102,p103,p104,p105,p106,p107,p108,p109,p110,p111,p112,p113,p7166,p7167,p7168,p7169,p7170,p7171,p70,p71,p72,p73,p74,p75,p76,p77,p78,p79,p80,p81,p82,p83,p84,p85,p92,p93,p313,p314,p315,p316,p317,p318', 'start_time_stamp': '20260504000000', 'end_time_stamp': '20260504030000', 'minute_interval': 5}
2026-05-05 16:20:20,639 - root - INFO - Successfully upserted 37 data points.
2026-05-05 16:20:20,640 - root - INFO - Fetching minute data with payload: {'ps_key_list': ['1734912_7_2_1'], 'points': 'p8030,p8031,p8032,p8033,p8018,p8014', 'start_time_stamp': '20260504120000', 'end_time_stamp': '20260504150000', 'minute_interval': 5}
2026-05-05 16:20:20,897 - root - INFO - Successfully upserted 37 data points.
2026-05-05 16:20:20,897 - root - INFO - Fetching minute data with payload: {'ps_key_list': ['1722752_1_1_1'], 'points': 'p96,p97,p98,p99,p100,p101,p102,p103,p104,p105,p106,p107,p108,p109,p110,p111,p112,p113,p7166,p7167,p7168,p7169,p7170,p7171,p70,p71,p72,p73,p74,p75,p76,p77,p78,p79,p80,p81,p82,p83,p84,p85,p92,p93,p313,p314,p315,p316,p317,p318', 'start_time_stamp': '20260504030000', 'end_time_stamp': '20260504060000', 'minute_interval': 5}
2026-05-05 16:20:20,919 - root - INFO - Response status code: 200
2026-05-05 16:20:20,919 - root - INFO - API response from https://sg5.fusionsolar.huawei.com/rest/openapi/pvms/nbi/v1/device/history (truncated): {'failCode': 305, 'immediately': True, 'message': 'USER_MUST_RELOGIN', 'success': False}
2026-05-05 16:20:20,920 - root - INFO - No data to insert into database for this API data batch.
2026-05-05 16:20:20,920 - root - WARNING - Session expired. Attempting to re-login...
2026-05-05 16:20:20,921 - root - INFO - Attempting to login to FusionSolar API at https://sg5.fusionsolar.huawei.com/thirdData/login
2026-05-05 16:20:20,922 - root - INFO - Fetching minute data with payload: {'ps_key_list': ['1734912_7_2_1'], 'points': 'p8030,p8031,p8032,p8033,p8018,p8014', 'start_time_stamp': '20260504210000', 'end_time_stamp': '20260504235959', 'minute_interval': 5}
2026-05-05 16:20:21,357 - root - INFO - Login response status code: 200
2026-05-05 16:20:21,357 - root - ERROR - FusionSolar login failed: Unknown error
2026-05-05 16:20:21,359 - root - ERROR - Re-login failed. Cannot proceed with API request.
2026-05-05 16:20:21,361 - root - WARNING - Failed to fetch historical data
2026-05-05 16:20:21,362 - root - INFO - Using single devDn for device/history (API: one device per query)
2026-05-05 16:20:21,365 - root - INFO - Fetching historical data for 1 devices of type meter
2026-05-05 16:20:21,365 - root - INFO - Making API request to: https://sg5.fusionsolar.huawei.com/rest/openapi/pvms/nbi/v1/device/history
2026-05-05 16:20:21,365 - root - INFO - Request payload: {'devDn': 'NE=51758774', 'devTypeId': 17, 'startTime': 1777741200000, 'endTime': 1777827600000}
2026-05-05 16:20:21,571 - root - INFO - Successfully upserted 37 data points.
2026-05-05 16:20:21,571 - root - INFO - Fetching minute data with payload: {'ps_key_list': ['1722752_1_1_1'], 'points': 'p96,p97,p98,p99,p100,p101,p102,p103,p104,p105,p106,p107,p108,p109,p110,p111,p112,p113,p7166,p7167,p7168,p7169,p7170,p7171,p70,p71,p72,p73,p74,p75,p76,p77,p78,p79,p80,p81,p82,p83,p84,p85,p92,p93,p313,p314,p315,p316,p317,p318', 'start_time_stamp': '20260504090000', 'end_time_stamp': '20260504120000', 'minute_interval': 5}
2026-05-05 16:20:21,655 - root - INFO - Response status code: 200
2026-05-05 16:20:21,655 - root - INFO - API response from https://sg5.fusionsolar.huawei.com/rest/openapi/pvms/nbi/v1/device/history (truncated): {'failCode': 305, 'immediately': True, 'message': 'USER_MUST_RELOGIN', 'success': False}
2026-05-05 16:20:21,656 - root - WARNING - Session expired. Attempting to re-login...
2026-05-05 16:20:21,657 - root - INFO - Attempting to login to FusionSolar API at https://sg5.fusionsolar.huawei.com/thirdData/login
2026-05-05 16:20:21,787 - root - INFO - Successfully upserted 29 data points.
2026-05-05 16:20:21,788 - root - INFO - Fetching minute data with payload: {'ps_key_list': ['1734912_7_2_1'], 'points': 'p8030,p8031,p8032,p8033,p8018,p8014', 'start_time_stamp': '20260504150000', 'end_time_stamp': '20260504180000', 'minute_interval': 5}
2026-05-05 16:20:21,799 - root - INFO - Successfully upserted 37 data points.
2026-05-05 16:20:21,799 - root - INFO - Fetching minute data with payload: {'ps_key_list': ['1734912_7_2_1'], 'points': 'p8030,p8031,p8032,p8033,p8018,p8014', 'start_time_stamp': '20260504060000', 'end_time_stamp': '20260504090000', 'minute_interval': 5}
2026-05-05 16:20:22,076 - root - INFO - Login response status code: 200
2026-05-05 16:20:22,076 - root - ERROR - FusionSolar login failed: Unknown error
2026-05-05 16:20:22,078 - root - ERROR - Re-login failed. Cannot proceed with API request.
2026-05-05 16:20:22,081 - root - WARNING - Failed to fetch historical data
2026-05-05 16:20:22,081 - root - INFO - Using single devDn for device/history (API: one device per query)
2026-05-05 16:20:22,084 - root - INFO - Fetching historical data for 1 devices of type meter
2026-05-05 16:20:22,085 - root - INFO - Making API request to: https://sg5.fusionsolar.huawei.com/rest/openapi/pvms/nbi/v1/device/history
2026-05-05 16:20:22,085 - root - INFO - Request payload: {'devDn': 'NE=59113616', 'devTypeId': 17, 'startTime': 1777741200000, 'endTime': 1777827600000}
2026-05-05 16:20:22,381 - root - INFO - Response status code: 200
2026-05-05 16:20:22,382 - root - INFO - API response from https://sg5.fusionsolar.huawei.com/rest/openapi/pvms/nbi/v1/device/history (truncated): {'failCode': 305, 'immediately': True, 'message': 'USER_MUST_RELOGIN', 'success': False}
2026-05-05 16:20:22,383 - root - WARNING - Session expired. Attempting to re-login...
2026-05-05 16:20:22,383 - root - INFO - Attempting to login to FusionSolar API at https://sg5.fusionsolar.huawei.com/thirdData/login
2026-05-05 16:20:22,679 - root - INFO - Login response status code: 200
2026-05-05 16:20:22,680 - root - ERROR - FusionSolar login failed: Unknown error
2026-05-05 16:20:22,682 - root - ERROR - Re-login failed. Cannot proceed with API request.
2026-05-05 16:20:22,684 - root - WARNING - Failed to fetch historical data
2026-05-05 16:20:22,685 - root - INFO - Using single devDn for device/history (API: one device per query)
2026-05-05 16:20:22,688 - root - INFO - Fetching historical data for 1 devices of type meter
2026-05-05 16:20:22,688 - root - INFO - Making API request to: https://sg5.fusionsolar.huawei.com/rest/openapi/pvms/nbi/v1/device/history
2026-05-05 16:20:22,688 - root - INFO - Request payload: {'devDn': 'NE=58847996', 'devTypeId': 17, 'startTime': 1777741200000, 'endTime': 1777827600000}
2026-05-05 16:20:22,964 - root - INFO - Response status code: 200
2026-05-05 16:20:22,964 - root - INFO - API response from https://sg5.fusionsolar.huawei.com/rest/openapi/pvms/nbi/v1/device/history (truncated): {'failCode': 305, 'immediately': True, 'message': 'USER_MUST_RELOGIN', 'success': False}
2026-05-05 16:20:22,966 - root - WARNING - Session expired. Attempting to re-login...
2026-05-05 16:20:22,966 - root - INFO - Attempting to login to FusionSolar API at https://sg5.fusionsolar.huawei.com/thirdData/login
2026-05-05 16:20:23,192 - root - INFO - No data to insert into database for this API data batch.
2026-05-05 16:20:23,192 - root - INFO - Fetching minute data with payload: {'ps_key_list': ['1734912_7_2_1'], 'points': 'p8030,p8031,p8032,p8033,p8018,p8014', 'start_time_stamp': '20260504000000', 'end_time_stamp': '20260504030000', 'minute_interval': 5}
2026-05-05 16:20:23,256 - root - INFO - Login response status code: 200
2026-05-05 16:20:23,256 - root - ERROR - FusionSolar login failed: Unknown error
2026-05-05 16:20:23,257 - root - INFO - No data to insert into database for this API data batch.
2026-05-05 16:20:23,259 - root - ERROR - Re-login failed. Cannot proceed with API request.
2026-05-05 16:20:23,259 - root - INFO - Fetching minute data with payload: {'ps_key_list': ['1734912_7_2_1'], 'points': 'p8030,p8031,p8032,p8033,p8018,p8014', 'start_time_stamp': '20260504180000', 'end_time_stamp': '20260504210000', 'minute_interval': 5}
2026-05-05 16:20:23,262 - root - WARNING - Failed to fetch historical data
2026-05-05 16:20:23,263 - root - INFO - Using single devDn for device/history (API: one device per query)
2026-05-05 16:20:23,266 - root - INFO - Fetching historical data for 1 devices of type meter
2026-05-05 16:20:23,267 - root - INFO - Making API request to: https://sg5.fusionsolar.huawei.com/rest/openapi/pvms/nbi/v1/device/history
2026-05-05 16:20:23,267 - root - INFO - Request payload: {'devDn': 'NE=58847458', 'devTypeId': 17, 'startTime': 1777741200000, 'endTime': 1777827600000}
2026-05-05 16:20:23,447 - root - INFO - Successfully upserted 37 data points.
2026-05-05 16:20:23,448 - root - INFO - Fetching minute data with payload: {'ps_key_list': ['1734912_1_1_1'], 'points': 'p96,p97,p98,p99,p100,p101,p102,p103,p104,p105,p106,p107,p108,p109,p110,p111,p112,p113,p7166,p7167,p7168,p7169,p7170,p7171,p70,p71,p72,p73,p74,p75,p76,p77,p78,p79,p80,p81,p82,p83,p84,p85,p92,p93,p313,p314,p315,p316,p317,p318', 'start_time_stamp': '20260504120000', 'end_time_stamp': '20260504150000', 'minute_interval': 5}
2026-05-05 16:20:23,552 - root - INFO - Successfully upserted 6 data points.
2026-05-05 16:20:23,552 - root - INFO - Fetching minute data with payload: {'ps_key_list': ['1734912_7_2_1'], 'points': 'p8030,p8031,p8032,p8033,p8018,p8014', 'start_time_stamp': '20260504030000', 'end_time_stamp': '20260504060000', 'minute_interval': 5}
2026-05-05 16:20:23,561 - root - INFO - Successfully upserted 36 data points.
2026-05-05 16:20:23,562 - root - INFO - Fetching minute data with payload: {'ps_key_list': ['1734912_1_1_1'], 'points': 'p96,p97,p98,p99,p100,p101,p102,p103,p104,p105,p106,p107,p108,p109,p110,p111,p112,p113,p7166,p7167,p7168,p7169,p7170,p7171,p70,p71,p72,p73,p74,p75,p76,p77,p78,p79,p80,p81,p82,p83,p84,p85,p92,p93,p313,p314,p315,p316,p317,p318', 'start_time_stamp': '20260504210000', 'end_time_stamp': '20260504235959', 'minute_interval': 5}
2026-05-05 16:20:23,827 - root - INFO - Response status code: 200
2026-05-05 16:20:23,827 - root - INFO - API response from https://sg5.fusionsolar.huawei.com/rest/openapi/pvms/nbi/v1/device/history (truncated): {'failCode': 305, 'immediately': True, 'message': 'USER_MUST_RELOGIN', 'success': False}
2026-05-05 16:20:23,828 - root - WARNING - Session expired. Attempting to re-login...
2026-05-05 16:20:23,828 - root - INFO - Attempting to login to FusionSolar API at https://sg5.fusionsolar.huawei.com/thirdData/login
2026-05-05 16:20:24,178 - root - INFO - Login response status code: 200
2026-05-05 16:20:24,178 - root - ERROR - FusionSolar login failed: Unknown error
2026-05-05 16:20:24,181 - root - ERROR - Re-login failed. Cannot proceed with API request.
2026-05-05 16:20:24,183 - root - WARNING - Failed to fetch historical data
2026-05-05 16:20:24,183 - root - INFO - Using single devDn for device/history (API: one device per query)
2026-05-05 16:20:24,187 - root - INFO - Fetching historical data for 1 devices of type meter
2026-05-05 16:20:24,188 - root - INFO - Making API request to: https://sg5.fusionsolar.huawei.com/rest/openapi/pvms/nbi/v1/device/history
2026-05-05 16:20:24,188 - root - INFO - Request payload: {'devDn': 'NE=58847456', 'devTypeId': 17, 'startTime': 1777741200000, 'endTime': 1777827600000}
2026-05-05 16:20:24,198 - root - INFO - Successfully upserted 37 data points.
2026-05-05 16:20:24,198 - root - INFO - Fetching minute data with payload: {'ps_key_list': ['1734912_7_2_1'], 'points': 'p8030,p8031,p8032,p8033,p8018,p8014', 'start_time_stamp': '20260504090000', 'end_time_stamp': '20260504120000', 'minute_interval': 5}
2026-05-05 16:20:24,469 - root - INFO - Successfully upserted 37 data points.
2026-05-05 16:20:24,469 - root - INFO - Fetching minute data with payload: {'ps_key_list': ['1734912_1_1_1'], 'points': 'p96,p97,p98,p99,p100,p101,p102,p103,p104,p105,p106,p107,p108,p109,p110,p111,p112,p113,p7166,p7167,p7168,p7169,p7170,p7171,p70,p71,p72,p73,p74,p75,p76,p77,p78,p79,p80,p81,p82,p83,p84,p85,p92,p93,p313,p314,p315,p316,p317,p318', 'start_time_stamp': '20260504060000', 'end_time_stamp': '20260504090000', 'minute_interval': 5}
2026-05-05 16:20:24,478 - root - INFO - Successfully upserted 37 data points.
2026-05-05 16:20:24,478 - root - INFO - Fetching minute data with payload: {'ps_key_list': ['1734912_1_1_1'], 'points': 'p96,p97,p98,p99,p100,p101,p102,p103,p104,p105,p106,p107,p108,p109,p110,p111,p112,p113,p7166,p7167,p7168,p7169,p7170,p7171,p70,p71,p72,p73,p74,p75,p76,p77,p78,p79,p80,p81,p82,p83,p84,p85,p92,p93,p313,p314,p315,p316,p317,p318', 'start_time_stamp': '20260504150000', 'end_time_stamp': '20260504180000', 'minute_interval': 5}
2026-05-05 16:20:24,559 - root - INFO - Response status code: 200
2026-05-05 16:20:24,559 - root - INFO - API response from https://sg5.fusionsolar.huawei.com/rest/openapi/pvms/nbi/v1/device/history (truncated): {'failCode': 305, 'immediately': True, 'message': 'USER_MUST_RELOGIN', 'success': False}
2026-05-05 16:20:24,560 - root - WARNING - Session expired. Attempting to re-login...
2026-05-05 16:20:24,561 - root - INFO - Attempting to login to FusionSolar API at https://sg5.fusionsolar.huawei.com/thirdData/login
2026-05-05 16:20:24,945 - root - INFO - Login response status code: 200
2026-05-05 16:20:24,946 - root - ERROR - FusionSolar login failed: Unknown error
2026-05-05 16:20:24,948 - root - ERROR - Re-login failed. Cannot proceed with API request.
2026-05-05 16:20:24,950 - root - WARNING - Failed to fetch historical data
2026-05-05 16:20:24,951 - root - INFO - Using single devDn for device/history (API: one device per query)
2026-05-05 16:20:24,954 - root - INFO - Fetching historical data for 1 devices of type meter
2026-05-05 16:20:24,954 - root - INFO - Making API request to: https://sg5.fusionsolar.huawei.com/rest/openapi/pvms/nbi/v1/device/history
2026-05-05 16:20:24,955 - root - INFO - Request payload: {'devDn': 'NE=58630786', 'devTypeId': 17, 'startTime': 1777741200000, 'endTime': 1777827600000}
2026-05-05 16:20:25,248 - root - INFO - Response status code: 200
2026-05-05 16:20:25,248 - root - INFO - API response from https://sg5.fusionsolar.huawei.com/rest/openapi/pvms/nbi/v1/device/history (truncated): {'failCode': 305, 'immediately': True, 'message': 'USER_MUST_RELOGIN', 'success': False}
2026-05-05 16:20:25,249 - root - WARNING - Session expired. Attempting to re-login...
2026-05-05 16:20:25,249 - root - INFO - Attempting to login to FusionSolar API at https://sg5.fusionsolar.huawei.com/thirdData/login
2026-05-05 16:20:25,542 - root - INFO - Login response status code: 200
2026-05-05 16:20:25,543 - root - ERROR - FusionSolar login failed: Unknown error
2026-05-05 16:20:25,545 - root - ERROR - Re-login failed. Cannot proceed with API request.
2026-05-05 16:20:25,548 - root - WARNING - Failed to fetch historical data
2026-05-05 16:20:25,548 - root - INFO - Using single devDn for device/history (API: one device per query)
2026-05-05 16:20:25,551 - root - INFO - Fetching historical data for 1 devices of type meter
2026-05-05 16:20:25,554 - root - INFO - Making API request to: https://sg5.fusionsolar.huawei.com/rest/openapi/pvms/nbi/v1/device/history
2026-05-05 16:20:25,554 - root - INFO - Request payload: {'devDn': 'NE=58795824', 'devTypeId': 17, 'startTime': 1777741200000, 'endTime': 1777827600000}
2026-05-05 16:20:25,834 - root - INFO - Response status code: 200
2026-05-05 16:20:25,835 - root - INFO - API response from https://sg5.fusionsolar.huawei.com/rest/openapi/pvms/nbi/v1/device/history (truncated): {'failCode': 305, 'immediately': True, 'message': 'USER_MUST_RELOGIN', 'success': False}
2026-05-05 16:20:25,836 - root - WARNING - Session expired. Attempting to re-login...
2026-05-05 16:20:25,836 - root - INFO - Attempting to login to FusionSolar API at https://sg5.fusionsolar.huawei.com/thirdData/login
2026-05-05 16:20:25,945 - root - INFO - Successfully upserted 37 data points.
2026-05-05 16:20:25,945 - root - INFO - Fetching minute data with payload: {'ps_key_list': ['1734912_1_1_1'], 'points': 'p96,p97,p98,p99,p100,p101,p102,p103,p104,p105,p106,p107,p108,p109,p110,p111,p112,p113,p7166,p7167,p7168,p7169,p7170,p7171,p70,p71,p72,p73,p74,p75,p76,p77,p78,p79,p80,p81,p82,p83,p84,p85,p92,p93,p313,p314,p315,p316,p317,p318', 'start_time_stamp': '20260504000000', 'end_time_stamp': '20260504030000', 'minute_interval': 5}
2026-05-05 16:20:26,061 - root - INFO - Successfully upserted 37 data points.
2026-05-05 16:20:26,061 - root - INFO - Fetching minute data with payload: {'ps_key_list': ['1734912_1_1_1'], 'points': 'p96,p97,p98,p99,p100,p101,p102,p103,p104,p105,p106,p107,p108,p109,p110,p111,p112,p113,p7166,p7167,p7168,p7169,p7170,p7171,p70,p71,p72,p73,p74,p75,p76,p77,p78,p79,p80,p81,p82,p83,p84,p85,p92,p93,p313,p314,p315,p316,p317,p318', 'start_time_stamp': '20260504180000', 'end_time_stamp': '20260504210000', 'minute_interval': 5}
2026-05-05 16:20:26,188 - root - INFO - Login response status code: 200
2026-05-05 16:20:26,188 - root - ERROR - FusionSolar login failed: Unknown error
2026-05-05 16:20:26,190 - root - ERROR - Re-login failed. Cannot proceed with API request.
2026-05-05 16:20:26,192 - root - WARNING - Failed to fetch historical data
2026-05-05 16:20:26,193 - root - INFO - Using single devDn for device/history (API: one device per query)
2026-05-05 16:20:26,196 - root - INFO - Fetching historical data for 1 devices of type meter
2026-05-05 16:20:26,197 - root - INFO - Making API request to: https://sg5.fusionsolar.huawei.com/rest/openapi/pvms/nbi/v1/device/history
2026-05-05 16:20:26,197 - root - INFO - Request payload: {'devDn': 'NE=58795822', 'devTypeId': 17, 'startTime': 1777741200000, 'endTime': 1777827600000}
2026-05-05 16:20:26,260 - root - INFO - No data to insert into database for this API data batch.
2026-05-05 16:20:26,261 - root - INFO - Completed 3-hour interval: 2026-05-04 21:00:00 to 2026-05-04 23:59:59 - 7172 points
2026-05-05 16:20:26,272 - root - INFO - Successfully upserted 37 data points.
2026-05-05 16:20:26,273 - root - INFO - Fetching minute data with payload: {'ps_key_list': ['1734912_1_1_1'], 'points': 'p96,p97,p98,p99,p100,p101,p102,p103,p104,p105,p106,p107,p108,p109,p110,p111,p112,p113,p7166,p7167,p7168,p7169,p7170,p7171,p70,p71,p72,p73,p74,p75,p76,p77,p78,p79,p80,p81,p82,p83,p84,p85,p92,p93,p313,p314,p315,p316,p317,p318', 'start_time_stamp': '20260504030000', 'end_time_stamp': '20260504060000', 'minute_interval': 5}
2026-05-05 16:20:26,299 - root - INFO - Successfully upserted 37 data points.
2026-05-05 16:20:26,301 - root - INFO - Completed 3-hour interval: 2026-05-04 12:00:00 to 2026-05-04 15:00:00 - 7646 points
2026-05-05 16:20:26,608 - root - INFO - Response status code: 200
2026-05-05 16:20:26,609 - root - INFO - API response from https://sg5.fusionsolar.huawei.com/rest/openapi/pvms/nbi/v1/device/history (truncated): {'failCode': 305, 'immediately': True, 'message': 'USER_MUST_RELOGIN', 'success': False}
2026-05-05 16:20:26,610 - root - WARNING - Session expired. Attempting to re-login...
2026-05-05 16:20:26,610 - root - INFO - Attempting to login to FusionSolar API at https://sg5.fusionsolar.huawei.com/thirdData/login
2026-05-05 16:20:26,898 - root - INFO - Login response status code: 200
2026-05-05 16:20:26,898 - root - ERROR - FusionSolar login failed: Unknown error
2026-05-05 16:20:26,900 - root - ERROR - Re-login failed. Cannot proceed with API request.
2026-05-05 16:20:26,903 - root - WARNING - Failed to fetch historical data
2026-05-05 16:20:26,903 - root - INFO - Using single devDn for device/history (API: one device per query)
2026-05-05 16:20:26,906 - root - INFO - Fetching historical data for 1 devices of type meter
2026-05-05 16:20:26,907 - root - INFO - Making API request to: https://sg5.fusionsolar.huawei.com/rest/openapi/pvms/nbi/v1/device/history
2026-05-05 16:20:26,907 - root - INFO - Request payload: {'devDn': 'NE=59087192', 'devTypeId': 17, 'startTime': 1777741200000, 'endTime': 1777827600000}
2026-05-05 16:20:26,915 - root - INFO - Successfully upserted 37 data points.
2026-05-05 16:20:26,915 - root - INFO - Fetching minute data with payload: {'ps_key_list': ['1734912_1_1_1'], 'points': 'p96,p97,p98,p99,p100,p101,p102,p103,p104,p105,p106,p107,p108,p109,p110,p111,p112,p113,p7166,p7167,p7168,p7169,p7170,p7171,p70,p71,p72,p73,p74,p75,p76,p77,p78,p79,p80,p81,p82,p83,p84,p85,p92,p93,p313,p314,p315,p316,p317,p318', 'start_time_stamp': '20260504090000', 'end_time_stamp': '20260504120000', 'minute_interval': 5}
2026-05-05 16:20:27,119 - root - INFO - Successfully upserted 37 data points.
2026-05-05 16:20:27,120 - root - INFO - Completed 3-hour interval: 2026-05-04 06:00:00 to 2026-05-04 09:00:00 - 7656 points
2026-05-05 16:20:27,217 - root - INFO - Successfully upserted 33 data points.
2026-05-05 16:20:27,218 - root - INFO - Completed 3-hour interval: 2026-05-04 15:00:00 to 2026-05-04 18:00:00 - 7635 points
2026-05-05 16:20:27,278 - root - INFO - Response status code: 200
2026-05-05 16:20:27,278 - root - INFO - API response from https://sg5.fusionsolar.huawei.com/rest/openapi/pvms/nbi/v1/device/history (truncated): {'failCode': 305, 'immediately': True, 'message': 'USER_MUST_RELOGIN', 'success': False}
2026-05-05 16:20:27,279 - root - WARNING - Session expired. Attempting to re-login...
2026-05-05 16:20:27,280 - root - INFO - Attempting to login to FusionSolar API at https://sg5.fusionsolar.huawei.com/thirdData/login
2026-05-05 16:20:27,573 - root - INFO - Login response status code: 200
2026-05-05 16:20:27,573 - root - ERROR - FusionSolar login failed: Unknown error
2026-05-05 16:20:27,576 - root - ERROR - Re-login failed. Cannot proceed with API request.
2026-05-05 16:20:27,578 - root - WARNING - Failed to fetch historical data
2026-05-05 16:20:27,579 - root - INFO - Using single devDn for device/history (API: one device per query)
2026-05-05 16:20:27,582 - root - INFO - Fetching historical data for 1 devices of type meter
2026-05-05 16:20:27,582 - root - INFO - Making API request to: https://sg5.fusionsolar.huawei.com/rest/openapi/pvms/nbi/v1/device/history
2026-05-05 16:20:27,582 - root - INFO - Request payload: {'devDn': 'NE=54435799', 'devTypeId': 17, 'startTime': 1777741200000, 'endTime': 1777827600000}
2026-05-05 16:20:27,860 - root - INFO - Response status code: 200
2026-05-05 16:20:27,860 - root - INFO - API response from https://sg5.fusionsolar.huawei.com/rest/openapi/pvms/nbi/v1/device/history (truncated): {'failCode': 305, 'immediately': True, 'message': 'USER_MUST_RELOGIN', 'success': False}
2026-05-05 16:20:27,862 - root - WARNING - Session expired. Attempting to re-login...
2026-05-05 16:20:27,862 - root - INFO - Attempting to login to FusionSolar API at https://sg5.fusionsolar.huawei.com/thirdData/login
2026-05-05 16:20:28,156 - root - INFO - Login response status code: 200
2026-05-05 16:20:28,156 - root - ERROR - FusionSolar login failed: Unknown error
2026-05-05 16:20:28,159 - root - ERROR - Re-login failed. Cannot proceed with API request.
2026-05-05 16:20:28,161 - root - WARNING - Failed to fetch historical data
2026-05-05 16:20:28,161 - root - INFO - Using single devDn for device/history (API: one device per query)
2026-05-05 16:20:28,165 - root - INFO - Fetching historical data for 1 devices of type meter
2026-05-05 16:20:28,165 - root - INFO - Making API request to: https://sg5.fusionsolar.huawei.com/rest/openapi/pvms/nbi/v1/device/history
2026-05-05 16:20:28,165 - root - INFO - Request payload: {'devDn': 'NE=54435800', 'devTypeId': 17, 'startTime': 1777741200000, 'endTime': 1777827600000}
2026-05-05 16:20:28,445 - root - INFO - Response status code: 200
2026-05-05 16:20:28,445 - root - INFO - API response from https://sg5.fusionsolar.huawei.com/rest/openapi/pvms/nbi/v1/device/history (truncated): {'failCode': 305, 'immediately': True, 'message': 'USER_MUST_RELOGIN', 'success': False}
2026-05-05 16:20:28,446 - root - WARNING - Session expired. Attempting to re-login...
2026-05-05 16:20:28,447 - root - INFO - Attempting to login to FusionSolar API at https://sg5.fusionsolar.huawei.com/thirdData/login
2026-05-05 16:20:28,702 - root - INFO - No data to insert into database for this API data batch.
2026-05-05 16:20:28,703 - root - INFO - Completed 3-hour interval: 2026-05-04 00:00:00 to 2026-05-04 03:00:00 - 7067 points
2026-05-05 16:20:28,721 - root - INFO - No data to insert into database for this API data batch.
2026-05-05 16:20:28,721 - root - INFO - Completed 3-hour interval: 2026-05-04 18:00:00 to 2026-05-04 21:00:00 - 7492 points
2026-05-05 16:20:28,787 - root - INFO - Login response status code: 200
2026-05-05 16:20:28,787 - root - ERROR - FusionSolar login failed: Unknown error
2026-05-05 16:20:28,789 - root - ERROR - Re-login failed. Cannot proceed with API request.
2026-05-05 16:20:28,791 - root - WARNING - Failed to fetch historical data
2026-05-05 16:20:28,792 - root - INFO - Using single devDn for device/history (API: one device per query)
2026-05-05 16:20:28,795 - root - INFO - Fetching historical data for 1 devices of type meter
2026-05-05 16:20:28,795 - root - INFO - Making API request to: https://sg5.fusionsolar.huawei.com/rest/openapi/pvms/nbi/v1/device/history
2026-05-05 16:20:28,796 - root - INFO - Request payload: {'devDn': 'NE=54435801', 'devTypeId': 17, 'startTime': 1777741200000, 'endTime': 1777827600000}
2026-05-05 16:20:28,951 - root - INFO - Successfully upserted 6 data points.
2026-05-05 16:20:28,951 - root - INFO - Completed 3-hour interval: 2026-05-04 03:00:00 to 2026-05-04 06:00:00 - 7222 points
2026-05-05 16:20:29,079 - root - INFO - Response status code: 200
2026-05-05 16:20:29,080 - root - INFO - API response from https://sg5.fusionsolar.huawei.com/rest/openapi/pvms/nbi/v1/device/history (truncated): {'failCode': 305, 'immediately': True, 'message': 'USER_MUST_RELOGIN', 'success': False}
2026-05-05 16:20:29,081 - root - WARNING - Session expired. Attempting to re-login...
2026-05-05 16:20:29,081 - root - INFO - Attempting to login to FusionSolar API at https://sg5.fusionsolar.huawei.com/thirdData/login
2026-05-05 16:20:29,369 - root - INFO - Login response status code: 200
2026-05-05 16:20:29,370 - root - ERROR - FusionSolar login failed: Unknown error
2026-05-05 16:20:29,372 - root - ERROR - Re-login failed. Cannot proceed with API request.
2026-05-05 16:20:29,374 - root - WARNING - Failed to fetch historical data
2026-05-05 16:20:29,374 - root - INFO - Using single devDn for device/history (API: one device per query)
2026-05-05 16:20:29,377 - root - INFO - Fetching historical data for 1 devices of type meter
2026-05-05 16:20:29,378 - root - INFO - Making API request to: https://sg5.fusionsolar.huawei.com/rest/openapi/pvms/nbi/v1/device/history
2026-05-05 16:20:29,378 - root - INFO - Request payload: {'devDn': 'NE=62806365', 'devTypeId': 17, 'startTime': 1777741200000, 'endTime': 1777827600000}
2026-05-05 16:20:29,640 - root - INFO - Successfully upserted 37 data points.
2026-05-05 16:20:29,641 - root - INFO - Completed 3-hour interval: 2026-05-04 09:00:00 to 2026-05-04 12:00:00 - 7659 points
2026-05-05 16:20:29,643 - root - INFO - Total data points ingested for day-batch (2026-05-04): 59549
2026-05-05 16:20:29,643 - root - INFO - Processing inverter summary data for 141 eligible inverters (out of 141 total inverters for this type filter)
2026-05-05 16:20:29,643 - root - INFO - Processing day-batch with custom mapping: 2026-05-04 for 141 devices.
2026-05-05 16:20:29,644 - root - INFO - Processing 8 intervals in parallel with 8 workers (custom mapping)
2026-05-05 16:20:29,645 - root - INFO - Fetching minute data with payload: {'ps_key_list': ['1680199_1_9_2', '1680199_1_7_1', '1680199_1_4_1', '1680199_1_8_2', '1680199_1_7_2', '1680199_1_6_2', '1680199_1_4_2', '1680199_1_1_2', '1680199_1_5_2', '1680199_1_3_2', '1680199_1_2_2', '1680199_1_2_1', '1680199_1_1_1', '1680199_1_3_1', '1680199_1_6_1', '1680199_1_9_1', '1680199_1_10_1', '1680199_1_8_1', '1680199_1_11_1', '1680199_1_5_1'], 'points': 'p1,p14,p24,p25,p4,p26,p18,p19,p20,p21,p22,p23,p27', 'start_time_stamp': '20260504000000', 'end_time_stamp': '20260504025959', 'minute_interval': 5}
2026-05-05 16:20:29,645 - root - INFO - Fetching minute data with payload: {'ps_key_list': ['1680199_1_9_2', '1680199_1_7_1', '1680199_1_4_1', '1680199_1_8_2', '1680199_1_7_2', '1680199_1_6_2', '1680199_1_4_2', '1680199_1_1_2', '1680199_1_5_2', '1680199_1_3_2', '1680199_1_2_2', '1680199_1_2_1', '1680199_1_1_1', '1680199_1_3_1', '1680199_1_6_1', '1680199_1_9_1', '1680199_1_10_1', '1680199_1_8_1', '1680199_1_11_1', '1680199_1_5_1'], 'points': 'p1,p14,p24,p25,p4,p26,p18,p19,p20,p21,p22,p23,p27', 'start_time_stamp': '20260504030000', 'end_time_stamp': '20260504055959', 'minute_interval': 5}
2026-05-05 16:20:29,645 - root - INFO - Fetching minute data with payload: {'ps_key_list': ['1680199_1_9_2', '1680199_1_7_1', '1680199_1_4_1', '1680199_1_8_2', '1680199_1_7_2', '1680199_1_6_2', '1680199_1_4_2', '1680199_1_1_2', '1680199_1_5_2', '1680199_1_3_2', '1680199_1_2_2', '1680199_1_2_1', '1680199_1_1_1', '1680199_1_3_1', '1680199_1_6_1', '1680199_1_9_1', '1680199_1_10_1', '1680199_1_8_1', '1680199_1_11_1', '1680199_1_5_1'], 'points': 'p1,p14,p24,p25,p4,p26,p18,p19,p20,p21,p22,p23,p27', 'start_time_stamp': '20260504060000', 'end_time_stamp': '20260504085959', 'minute_interval': 5}
2026-05-05 16:20:29,646 - root - INFO - Fetching minute data with payload: {'ps_key_list': ['1680199_1_9_2', '1680199_1_7_1', '1680199_1_4_1', '1680199_1_8_2', '1680199_1_7_2', '1680199_1_6_2', '1680199_1_4_2', '1680199_1_1_2', '1680199_1_5_2', '1680199_1_3_2', '1680199_1_2_2', '1680199_1_2_1', '1680199_1_1_1', '1680199_1_3_1', '1680199_1_6_1', '1680199_1_9_1', '1680199_1_10_1', '1680199_1_8_1', '1680199_1_11_1', '1680199_1_5_1'], 'points': 'p1,p14,p24,p25,p4,p26,p18,p19,p20,p21,p22,p23,p27', 'start_time_stamp': '20260504090000', 'end_time_stamp': '20260504115959', 'minute_interval': 5}
2026-05-05 16:20:29,647 - root - INFO - Fetching minute data with payload: {'ps_key_list': ['1680199_1_9_2', '1680199_1_7_1', '1680199_1_4_1', '1680199_1_8_2', '1680199_1_7_2', '1680199_1_6_2', '1680199_1_4_2', '1680199_1_1_2', '1680199_1_5_2', '1680199_1_3_2', '1680199_1_2_2', '1680199_1_2_1', '1680199_1_1_1', '1680199_1_3_1', '1680199_1_6_1', '1680199_1_9_1', '1680199_1_10_1', '1680199_1_8_1', '1680199_1_11_1', '1680199_1_5_1'], 'points': 'p1,p14,p24,p25,p4,p26,p18,p19,p20,p21,p22,p23,p27', 'start_time_stamp': '20260504120000', 'end_time_stamp': '20260504145959', 'minute_interval': 5}
2026-05-05 16:20:29,648 - root - INFO - Fetching minute data with payload: {'ps_key_list': ['1680199_1_9_2', '1680199_1_7_1', '1680199_1_4_1', '1680199_1_8_2', '1680199_1_7_2', '1680199_1_6_2', '1680199_1_4_2', '1680199_1_1_2', '1680199_1_5_2', '1680199_1_3_2', '1680199_1_2_2', '1680199_1_2_1', '1680199_1_1_1', '1680199_1_3_1', '1680199_1_6_1', '1680199_1_9_1', '1680199_1_10_1', '1680199_1_8_1', '1680199_1_11_1', '1680199_1_5_1'], 'points': 'p1,p14,p24,p25,p4,p26,p18,p19,p20,p21,p22,p23,p27', 'start_time_stamp': '20260504150000', 'end_time_stamp': '20260504175959', 'minute_interval': 5}
2026-05-05 16:20:29,649 - root - INFO - Fetching minute data with payload: {'ps_key_list': ['1680199_1_9_2', '1680199_1_7_1', '1680199_1_4_1', '1680199_1_8_2', '1680199_1_7_2', '1680199_1_6_2', '1680199_1_4_2', '1680199_1_1_2', '1680199_1_5_2', '1680199_1_3_2', '1680199_1_2_2', '1680199_1_2_1', '1680199_1_1_1', '1680199_1_3_1', '1680199_1_6_1', '1680199_1_9_1', '1680199_1_10_1', '1680199_1_8_1', '1680199_1_11_1', '1680199_1_5_1'], 'points': 'p1,p14,p24,p25,p4,p26,p18,p19,p20,p21,p22,p23,p27', 'start_time_stamp': '20260504180000', 'end_time_stamp': '20260504205959', 'minute_interval': 5}
2026-05-05 16:20:29,649 - root - INFO - Fetching minute data with payload: {'ps_key_list': ['1680199_1_9_2', '1680199_1_7_1', '1680199_1_4_1', '1680199_1_8_2', '1680199_1_7_2', '1680199_1_6_2', '1680199_1_4_2', '1680199_1_1_2', '1680199_1_5_2', '1680199_1_3_2', '1680199_1_2_2', '1680199_1_2_1', '1680199_1_1_1', '1680199_1_3_1', '1680199_1_6_1', '1680199_1_9_1', '1680199_1_10_1', '1680199_1_8_1', '1680199_1_11_1', '1680199_1_5_1'], 'points': 'p1,p14,p24,p25,p4,p26,p18,p19,p20,p21,p22,p23,p27', 'start_time_stamp': '20260504210000', 'end_time_stamp': '20260504235959', 'minute_interval': 5}
2026-05-05 16:20:29,657 - root - INFO - Response status code: 200
2026-05-05 16:20:30,240 - root - INFO - API response from https://sg5.fusionsolar.huawei.com/rest/openapi/pvms/nbi/v1/device/history (truncated): {'failCode': 305, 'immediately': True, 'message': 'USER_MUST_RELOGIN', 'success': False}
2026-05-05 16:20:30,333 - root - WARNING - Session expired. Attempting to re-login...
2026-05-05 16:20:30,358 - root - INFO - Attempting to login to FusionSolar API at https://sg5.fusionsolar.huawei.com/thirdData/login
2026-05-05 16:20:30,749 - root - INFO - Login response status code: 200
2026-05-05 16:20:30,749 - root - ERROR - FusionSolar login failed: Unknown error
2026-05-05 16:20:30,752 - root - ERROR - Re-login failed. Cannot proceed with API request.
2026-05-05 16:20:30,755 - root - WARNING - Failed to fetch historical data
2026-05-05 16:20:30,755 - root - INFO - Using single devDn for device/history (API: one device per query)
2026-05-05 16:20:30,758 - root - INFO - Fetching historical data for 1 devices of type meter
2026-05-05 16:20:30,760 - root - INFO - Making API request to: https://sg5.fusionsolar.huawei.com/rest/openapi/pvms/nbi/v1/device/history
2026-05-05 16:20:30,760 - root - INFO - Request payload: {'devDn': 'NE=62806366', 'devTypeId': 17, 'startTime': 1777741200000, 'endTime': 1777827600000}
2026-05-05 16:20:31,041 - root - INFO - Response status code: 200
2026-05-05 16:20:31,041 - root - INFO - API response from https://sg5.fusionsolar.huawei.com/rest/openapi/pvms/nbi/v1/device/history (truncated): {'failCode': 305, 'immediately': True, 'message': 'USER_MUST_RELOGIN', 'success': False}
2026-05-05 16:20:31,042 - root - WARNING - Session expired. Attempting to re-login...
2026-05-05 16:20:31,042 - root - INFO - Attempting to login to FusionSolar API at https://sg5.fusionsolar.huawei.com/thirdData/login
2026-05-05 16:20:31,329 - root - INFO - Login response status code: 200
2026-05-05 16:20:31,329 - root - ERROR - FusionSolar login failed: Unknown error
2026-05-05 16:20:31,331 - root - ERROR - Re-login failed. Cannot proceed with API request.
2026-05-05 16:20:31,334 - root - WARNING - Failed to fetch historical data
2026-05-05 16:20:31,335 - root - INFO - Using single devDn for device/history (API: one device per query)
2026-05-05 16:20:31,338 - root - INFO - Fetching historical data for 1 devices of type meter
2026-05-05 16:20:31,338 - root - INFO - Making API request to: https://sg5.fusionsolar.huawei.com/rest/openapi/pvms/nbi/v1/device/history
2026-05-05 16:20:31,338 - root - INFO - Request payload: {'devDn': 'NE=62806363', 'devTypeId': 17, 'startTime': 1777741200000, 'endTime': 1777827600000}
2026-05-05 16:20:31,615 - root - INFO - Response status code: 200
2026-05-05 16:20:31,616 - root - INFO - API response from https://sg5.fusionsolar.huawei.com/rest/openapi/pvms/nbi/v1/device/history (truncated): {'failCode': 305, 'immediately': True, 'message': 'USER_MUST_RELOGIN', 'success': False}
2026-05-05 16:20:31,617 - root - WARNING - Session expired. Attempting to re-login...
2026-05-05 16:20:31,617 - root - INFO - Attempting to login to FusionSolar API at https://sg5.fusionsolar.huawei.com/thirdData/login
2026-05-05 16:20:31,897 - root - INFO - Login response status code: 200
2026-05-05 16:20:31,898 - root - ERROR - FusionSolar login failed: Unknown error
2026-05-05 16:20:31,900 - root - ERROR - Re-login failed. Cannot proceed with API request.
2026-05-05 16:20:31,902 - root - WARNING - Failed to fetch historical data
2026-05-05 16:20:31,902 - root - INFO - Using single devDn for device/history (API: one device per query)
2026-05-05 16:20:31,906 - root - INFO - Fetching historical data for 1 devices of type meter
2026-05-05 16:20:31,906 - root - INFO - Making API request to: https://sg5.fusionsolar.huawei.com/rest/openapi/pvms/nbi/v1/device/history
2026-05-05 16:20:31,906 - root - INFO - Request payload: {'devDn': 'NE=62806364', 'devTypeId': 17, 'startTime': 1777741200000, 'endTime': 1777827600000}
2026-05-05 16:20:32,184 - root - INFO - Response status code: 200
2026-05-05 16:20:32,184 - root - INFO - API response from https://sg5.fusionsolar.huawei.com/rest/openapi/pvms/nbi/v1/device/history (truncated): {'failCode': 305, 'immediately': True, 'message': 'USER_MUST_RELOGIN', 'success': False}
2026-05-05 16:20:32,186 - root - WARNING - Session expired. Attempting to re-login...
2026-05-05 16:20:32,186 - root - INFO - Attempting to login to FusionSolar API at https://sg5.fusionsolar.huawei.com/thirdData/login
2026-05-05 16:20:32,482 - root - INFO - Login response status code: 200
2026-05-05 16:20:32,482 - root - ERROR - FusionSolar login failed: Unknown error
2026-05-05 16:20:32,484 - root - ERROR - Re-login failed. Cannot proceed with API request.
2026-05-05 16:20:32,487 - root - WARNING - Failed to fetch historical data
2026-05-05 16:20:32,487 - root - INFO - Using single devDn for device/history (API: one device per query)
2026-05-05 16:20:32,491 - root - INFO - Fetching historical data for 1 devices of type meter
2026-05-05 16:20:32,491 - root - INFO - Making API request to: https://sg5.fusionsolar.huawei.com/rest/openapi/pvms/nbi/v1/device/history
2026-05-05 16:20:32,491 - root - INFO - Request payload: {'devDn': 'NE=54436515', 'devTypeId': 17, 'startTime': 1777741200000, 'endTime': 1777827600000}
2026-05-05 16:20:33,025 - root - INFO - Successfully upserted 720 data points.
2026-05-05 16:20:33,026 - root - INFO - Fetching minute data with payload: {'ps_key_list': ['1458125_1_37_1', '1458125_1_46_1', '1458125_1_45_1', '1458125_1_44_1', '1458125_1_5_1', '1458125_1_1_1', '1458125_1_4_1', '1458125_1_3_1', '1458125_1_6_1', '1458125_1_27_1', '1458125_1_26_1', '1458125_1_39_1', '1458125_1_38_1', '1458125_1_25_1', '1458125_1_41_1', '1458125_1_40_1', '1458125_1_36_1', '1458125_1_34_1', '1458125_1_33_1', '1458125_1_32_1', '1458125_1_31_1', '1458125_1_30_1', '1458125_1_29_1', '1458125_1_42_1', '1458125_1_48_1', '1458125_1_47_1', '1458125_1_43_1', '1458125_1_35_1', '1458125_1_2_1'], 'points': 'p1,p14,p24,p25,p4,p26,p18,p19,p20,p21,p22,p23,p27', 'start_time_stamp': '20260504030000', 'end_time_stamp': '20260504055959', 'minute_interval': 5}
2026-05-05 16:20:33,469 - root - INFO - Successfully upserted 720 data points.
2026-05-05 16:20:33,471 - root - INFO - Fetching minute data with payload: {'ps_key_list': ['1458125_1_37_1', '1458125_1_46_1', '1458125_1_45_1', '1458125_1_44_1', '1458125_1_5_1', '1458125_1_1_1', '1458125_1_4_1', '1458125_1_3_1', '1458125_1_6_1', '1458125_1_27_1', '1458125_1_26_1', '1458125_1_39_1', '1458125_1_38_1', '1458125_1_25_1', '1458125_1_41_1', '1458125_1_40_1', '1458125_1_36_1', '1458125_1_34_1', '1458125_1_33_1', '1458125_1_32_1', '1458125_1_31_1', '1458125_1_30_1', '1458125_1_29_1', '1458125_1_42_1', '1458125_1_48_1', '1458125_1_47_1', '1458125_1_43_1', '1458125_1_35_1', '1458125_1_2_1'], 'points': 'p1,p14,p24,p25,p4,p26,p18,p19,p20,p21,p22,p23,p27', 'start_time_stamp': '20260504120000', 'end_time_stamp': '20260504145959', 'minute_interval': 5}
2026-05-05 16:20:33,600 - root - INFO - Successfully upserted 720 data points.
2026-05-05 16:20:33,603 - root - INFO - Fetching minute data with payload: {'ps_key_list': ['1458125_1_37_1', '1458125_1_46_1', '1458125_1_45_1', '1458125_1_44_1', '1458125_1_5_1', '1458125_1_1_1', '1458125_1_4_1', '1458125_1_3_1', '1458125_1_6_1', '1458125_1_27_1', '1458125_1_26_1', '1458125_1_39_1', '1458125_1_38_1', '1458125_1_25_1', '1458125_1_41_1', '1458125_1_40_1', '1458125_1_36_1', '1458125_1_34_1', '1458125_1_33_1', '1458125_1_32_1', '1458125_1_31_1', '1458125_1_30_1', '1458125_1_29_1', '1458125_1_42_1', '1458125_1_48_1', '1458125_1_47_1', '1458125_1_43_1', '1458125_1_35_1', '1458125_1_2_1'], 'points': 'p1,p14,p24,p25,p4,p26,p18,p19,p20,p21,p22,p23,p27', 'start_time_stamp': '20260504150000', 'end_time_stamp': '20260504175959', 'minute_interval': 5}
2026-05-05 16:20:33,643 - root - INFO - Successfully upserted 720 data points.
2026-05-05 16:20:33,687 - root - INFO - Successfully upserted 720 data points.
2026-05-05 16:20:33,718 - root - INFO - Successfully upserted 720 data points.
2026-05-05 16:20:33,723 - root - INFO - Fetching minute data with payload: {'ps_key_list': ['1458125_1_37_1', '1458125_1_46_1', '1458125_1_45_1', '1458125_1_44_1', '1458125_1_5_1', '1458125_1_1_1', '1458125_1_4_1', '1458125_1_3_1', '1458125_1_6_1', '1458125_1_27_1', '1458125_1_26_1', '1458125_1_39_1', '1458125_1_38_1', '1458125_1_25_1', '1458125_1_41_1', '1458125_1_40_1', '1458125_1_36_1', '1458125_1_34_1', '1458125_1_33_1', '1458125_1_32_1', '1458125_1_31_1', '1458125_1_30_1', '1458125_1_29_1', '1458125_1_42_1', '1458125_1_48_1', '1458125_1_47_1', '1458125_1_43_1', '1458125_1_35_1', '1458125_1_2_1'], 'points': 'p1,p14,p24,p25,p4,p26,p18,p19,p20,p21,p22,p23,p27', 'start_time_stamp': '20260504090000', 'end_time_stamp': '20260504115959', 'minute_interval': 5}
2026-05-05 16:20:33,727 - root - INFO - Fetching minute data with payload: {'ps_key_list': ['1458125_1_37_1', '1458125_1_46_1', '1458125_1_45_1', '1458125_1_44_1', '1458125_1_5_1', '1458125_1_1_1', '1458125_1_4_1', '1458125_1_3_1', '1458125_1_6_1', '1458125_1_27_1', '1458125_1_26_1', '1458125_1_39_1', '1458125_1_38_1', '1458125_1_25_1', '1458125_1_41_1', '1458125_1_40_1', '1458125_1_36_1', '1458125_1_34_1', '1458125_1_33_1', '1458125_1_32_1', '1458125_1_31_1', '1458125_1_30_1', '1458125_1_29_1', '1458125_1_42_1', '1458125_1_48_1', '1458125_1_47_1', '1458125_1_43_1', '1458125_1_35_1', '1458125_1_2_1'], 'points': 'p1,p14,p24,p25,p4,p26,p18,p19,p20,p21,p22,p23,p27', 'start_time_stamp': '20260504060000', 'end_time_stamp': '20260504085959', 'minute_interval': 5}
2026-05-05 16:20:33,728 - root - INFO - Fetching minute data with payload: {'ps_key_list': ['1458125_1_37_1', '1458125_1_46_1', '1458125_1_45_1', '1458125_1_44_1', '1458125_1_5_1', '1458125_1_1_1', '1458125_1_4_1', '1458125_1_3_1', '1458125_1_6_1', '1458125_1_27_1', '1458125_1_26_1', '1458125_1_39_1', '1458125_1_38_1', '1458125_1_25_1', '1458125_1_41_1', '1458125_1_40_1', '1458125_1_36_1', '1458125_1_34_1', '1458125_1_33_1', '1458125_1_32_1', '1458125_1_31_1', '1458125_1_30_1', '1458125_1_29_1', '1458125_1_42_1', '1458125_1_48_1', '1458125_1_47_1', '1458125_1_43_1', '1458125_1_35_1', '1458125_1_2_1'], 'points': 'p1,p14,p24,p25,p4,p26,p18,p19,p20,p21,p22,p23,p27', 'start_time_stamp': '20260504000000', 'end_time_stamp': '20260504025959', 'minute_interval': 5}
2026-05-05 16:20:33,763 - root - INFO - Successfully upserted 720 data points.
2026-05-05 16:20:33,838 - root - INFO - Successfully upserted 720 data points.
2026-05-05 16:20:33,919 - root - INFO - Response status code: 200
2026-05-05 16:20:34,038 - root - INFO - Fetching minute data with payload: {'ps_key_list': ['1458125_1_37_1', '1458125_1_46_1', '1458125_1_45_1', '1458125_1_44_1', '1458125_1_5_1', '1458125_1_1_1', '1458125_1_4_1', '1458125_1_3_1', '1458125_1_6_1', '1458125_1_27_1', '1458125_1_26_1', '1458125_1_39_1', '1458125_1_38_1', '1458125_1_25_1', '1458125_1_41_1', '1458125_1_40_1', '1458125_1_36_1', '1458125_1_34_1', '1458125_1_33_1', '1458125_1_32_1', '1458125_1_31_1', '1458125_1_30_1', '1458125_1_29_1', '1458125_1_42_1', '1458125_1_48_1', '1458125_1_47_1', '1458125_1_43_1', '1458125_1_35_1', '1458125_1_2_1'], 'points': 'p1,p14,p24,p25,p4,p26,p18,p19,p20,p21,p22,p23,p27', 'start_time_stamp': '20260504180000', 'end_time_stamp': '20260504205959', 'minute_interval': 5}
2026-05-05 16:20:34,090 - root - INFO - Fetching minute data with payload: {'ps_key_list': ['1458125_1_37_1', '1458125_1_46_1', '1458125_1_45_1', '1458125_1_44_1', '1458125_1_5_1', '1458125_1_1_1', '1458125_1_4_1', '1458125_1_3_1', '1458125_1_6_1', '1458125_1_27_1', '1458125_1_26_1', '1458125_1_39_1', '1458125_1_38_1', '1458125_1_25_1', '1458125_1_41_1', '1458125_1_40_1', '1458125_1_36_1', '1458125_1_34_1', '1458125_1_33_1', '1458125_1_32_1', '1458125_1_31_1', '1458125_1_30_1', '1458125_1_29_1', '1458125_1_42_1', '1458125_1_48_1', '1458125_1_47_1', '1458125_1_43_1', '1458125_1_35_1', '1458125_1_2_1'], 'points': 'p1,p14,p24,p25,p4,p26,p18,p19,p20,p21,p22,p23,p27', 'start_time_stamp': '20260504210000', 'end_time_stamp': '20260504235959', 'minute_interval': 5}
2026-05-05 16:20:34,090 - root - INFO - API response from https://sg5.fusionsolar.huawei.com/rest/openapi/pvms/nbi/v1/device/history (truncated): {'failCode': 305, 'immediately': True, 'message': 'USER_MUST_RELOGIN', 'success': False}
2026-05-05 16:20:34,149 - root - WARNING - Session expired. Attempting to re-login...
2026-05-05 16:20:34,291 - root - INFO - Attempting to login to FusionSolar API at https://sg5.fusionsolar.huawei.com/thirdData/login
2026-05-05 16:20:34,800 - root - INFO - Login response status code: 200
2026-05-05 16:20:34,801 - root - ERROR - FusionSolar login failed: Unknown error
2026-05-05 16:20:34,803 - root - ERROR - Re-login failed. Cannot proceed with API request.
2026-05-05 16:20:34,805 - root - WARNING - Failed to fetch historical data
2026-05-05 16:20:34,806 - root - INFO - Using single devDn for device/history (API: one device per query)
2026-05-05 16:20:34,809 - root - INFO - Fetching historical data for 1 devices of type meter
2026-05-05 16:20:34,809 - root - INFO - Making API request to: https://sg5.fusionsolar.huawei.com/rest/openapi/pvms/nbi/v1/device/history
2026-05-05 16:20:34,810 - root - INFO - Request payload: {'devDn': 'NE=54436516', 'devTypeId': 17, 'startTime': 1777741200000, 'endTime': 1777827600000}
2026-05-05 16:20:35,094 - root - INFO - Response status code: 200
2026-05-05 16:20:35,094 - root - INFO - API response from https://sg5.fusionsolar.huawei.com/rest/openapi/pvms/nbi/v1/device/history (truncated): {'failCode': 305, 'immediately': True, 'message': 'USER_MUST_RELOGIN', 'success': False}
2026-05-05 16:20:35,096 - root - WARNING - Session expired. Attempting to re-login...
2026-05-05 16:20:35,096 - root - INFO - Attempting to login to FusionSolar API at https://sg5.fusionsolar.huawei.com/thirdData/login
2026-05-05 16:20:35,384 - root - INFO - Login response status code: 200
2026-05-05 16:20:35,384 - root - ERROR - FusionSolar login failed: Unknown error
2026-05-05 16:20:35,386 - root - ERROR - Re-login failed. Cannot proceed with API request.
2026-05-05 16:20:35,389 - root - WARNING - Failed to fetch historical data
2026-05-05 16:20:35,389 - root - INFO - Using single devDn for device/history (API: one device per query)
2026-05-05 16:20:35,392 - root - INFO - Fetching historical data for 1 devices of type meter
2026-05-05 16:20:35,393 - root - INFO - Making API request to: https://sg5.fusionsolar.huawei.com/rest/openapi/pvms/nbi/v1/device/history
2026-05-05 16:20:35,393 - root - INFO - Request payload: {'devDn': 'NE=54436517', 'devTypeId': 17, 'startTime': 1777741200000, 'endTime': 1777827600000}
2026-05-05 16:20:35,670 - root - INFO - Response status code: 200
2026-05-05 16:20:35,671 - root - INFO - API response from https://sg5.fusionsolar.huawei.com/rest/openapi/pvms/nbi/v1/device/history (truncated): {'failCode': 305, 'immediately': True, 'message': 'USER_MUST_RELOGIN', 'success': False}
2026-05-05 16:20:35,672 - root - WARNING - Session expired. Attempting to re-login...
2026-05-05 16:20:35,672 - root - INFO - Attempting to login to FusionSolar API at https://sg5.fusionsolar.huawei.com/thirdData/login
2026-05-05 16:20:35,953 - root - INFO - Login response status code: 200
2026-05-05 16:20:35,954 - root - ERROR - FusionSolar login failed: Unknown error
2026-05-05 16:20:35,956 - root - ERROR - Re-login failed. Cannot proceed with API request.
2026-05-05 16:20:35,958 - root - WARNING - Failed to fetch historical data
2026-05-05 16:20:35,959 - root - INFO - Using single devDn for device/history (API: one device per query)
2026-05-05 16:20:35,962 - root - INFO - Fetching historical data for 1 devices of type meter
2026-05-05 16:20:35,962 - root - INFO - Making API request to: https://sg5.fusionsolar.huawei.com/rest/openapi/pvms/nbi/v1/device/history
2026-05-05 16:20:35,962 - root - INFO - Request payload: {'devDn': 'NE=53771652', 'devTypeId': 17, 'startTime': 1777741200000, 'endTime': 1777827600000}
2026-05-05 16:20:36,244 - root - INFO - Response status code: 200
2026-05-05 16:20:36,244 - root - INFO - API response from https://sg5.fusionsolar.huawei.com/rest/openapi/pvms/nbi/v1/device/history (truncated): {'failCode': 305, 'immediately': True, 'message': 'USER_MUST_RELOGIN', 'success': False}
2026-05-05 16:20:36,246 - root - WARNING - Session expired. Attempting to re-login...
2026-05-05 16:20:36,246 - root - INFO - Attempting to login to FusionSolar API at https://sg5.fusionsolar.huawei.com/thirdData/login
2026-05-05 16:20:36,353 - root - INFO - Successfully upserted 1044 data points.
2026-05-05 16:20:36,354 - root - INFO - Fetching minute data with payload: {'ps_key_list': ['1479456_1_12_1', '1479456_1_11_1', '1479456_1_10_1', '1479456_1_9_1', '1479456_1_8_1', '1479456_1_7_1', '1479456_1_6_1', '1479456_1_2_2', '1479456_1_5_2', '1479456_1_1_2', '1479456_1_8_2', '1479456_1_1_1', '1479456_1_4_2', '1479456_1_3_2', '1479456_1_16_1', '1479456_1_15_1', '1479456_1_14_1', '1479456_1_13_1'], 'points': 'p1,p14,p24,p25,p4,p26,p18,p19,p20,p21,p22,p23,p27', 'start_time_stamp': '20260504030000', 'end_time_stamp': '20260504055959', 'minute_interval': 5}
2026-05-05 16:20:36,581 - root - INFO - Login response status code: 200
2026-05-05 16:20:36,581 - root - ERROR - FusionSolar login failed: Unknown error
2026-05-05 16:20:36,584 - root - ERROR - Re-login failed. Cannot proceed with API request.
2026-05-05 16:20:36,586 - root - WARNING - Failed to fetch historical data
2026-05-05 16:20:36,586 - root - INFO - Using single devDn for device/history (API: one device per query)
2026-05-05 16:20:36,590 - root - INFO - Fetching historical data for 1 devices of type meter
2026-05-05 16:20:36,590 - root - INFO - Making API request to: https://sg5.fusionsolar.huawei.com/rest/openapi/pvms/nbi/v1/device/history
2026-05-05 16:20:36,590 - root - INFO - Request payload: {'devDn': 'NE=53771655', 'devTypeId': 17, 'startTime': 1777741200000, 'endTime': 1777827600000}
2026-05-05 16:20:36,877 - root - INFO - Response status code: 200
2026-05-05 16:20:36,878 - root - INFO - API response from https://sg5.fusionsolar.huawei.com/rest/openapi/pvms/nbi/v1/device/history (truncated): {'failCode': 305, 'immediately': True, 'message': 'USER_MUST_RELOGIN', 'success': False}
2026-05-05 16:20:36,879 - root - WARNING - Session expired. Attempting to re-login...
2026-05-05 16:20:36,880 - root - INFO - Attempting to login to FusionSolar API at https://sg5.fusionsolar.huawei.com/thirdData/login
2026-05-05 16:20:37,199 - root - INFO - Login response status code: 200
2026-05-05 16:20:37,201 - root - ERROR - FusionSolar login failed: Unknown error
2026-05-05 16:20:37,207 - root - ERROR - Re-login failed. Cannot proceed with API request.
2026-05-05 16:20:37,216 - root - WARNING - Failed to fetch historical data
2026-05-05 16:20:37,219 - root - INFO - Using single devDn for device/history (API: one device per query)
2026-05-05 16:20:37,233 - root - INFO - Fetching historical data for 1 devices of type meter
2026-05-05 16:20:37,235 - root - INFO - Making API request to: https://sg5.fusionsolar.huawei.com/rest/openapi/pvms/nbi/v1/device/history
2026-05-05 16:20:37,239 - root - INFO - Request payload: {'devDn': 'NE=53771654', 'devTypeId': 17, 'startTime': 1777741200000, 'endTime': 1777827600000}
2026-05-05 16:20:37,255 - root - INFO - Successfully upserted 1044 data points.
2026-05-05 16:20:37,258 - root - INFO - Fetching minute data with payload: {'ps_key_list': ['1479456_1_12_1', '1479456_1_11_1', '1479456_1_10_1', '1479456_1_9_1', '1479456_1_8_1', '1479456_1_7_1', '1479456_1_6_1', '1479456_1_2_2', '1479456_1_5_2', '1479456_1_1_2', '1479456_1_8_2', '1479456_1_1_1', '1479456_1_4_2', '1479456_1_3_2', '1479456_1_16_1', '1479456_1_15_1', '1479456_1_14_1', '1479456_1_13_1'], 'points': 'p1,p14,p24,p25,p4,p26,p18,p19,p20,p21,p22,p23,p27', 'start_time_stamp': '20260504120000', 'end_time_stamp': '20260504145959', 'minute_interval': 5}
2026-05-05 16:20:37,642 - root - INFO - Successfully upserted 1044 data points.
2026-05-05 16:20:37,643 - root - INFO - Fetching minute data with payload: {'ps_key_list': ['1479456_1_12_1', '1479456_1_11_1', '1479456_1_10_1', '1479456_1_9_1', '1479456_1_8_1', '1479456_1_7_1', '1479456_1_6_1', '1479456_1_2_2', '1479456_1_5_2', '1479456_1_1_2', '1479456_1_8_2', '1479456_1_1_1', '1479456_1_4_2', '1479456_1_3_2', '1479456_1_16_1', '1479456_1_15_1', '1479456_1_14_1', '1479456_1_13_1'], 'points': 'p1,p14,p24,p25,p4,p26,p18,p19,p20,p21,p22,p23,p27', 'start_time_stamp': '20260504000000', 'end_time_stamp': '20260504025959', 'minute_interval': 5}
2026-05-05 16:20:37,790 - root - INFO - Successfully upserted 1044 data points.
2026-05-05 16:20:37,793 - root - INFO - Fetching minute data with payload: {'ps_key_list': ['1479456_1_12_1', '1479456_1_11_1', '1479456_1_10_1', '1479456_1_9_1', '1479456_1_8_1', '1479456_1_7_1', '1479456_1_6_1', '1479456_1_2_2', '1479456_1_5_2', '1479456_1_1_2', '1479456_1_8_2', '1479456_1_1_1', '1479456_1_4_2', '1479456_1_3_2', '1479456_1_16_1', '1479456_1_15_1', '1479456_1_14_1', '1479456_1_13_1'], 'points': 'p1,p14,p24,p25,p4,p26,p18,p19,p20,p21,p22,p23,p27', 'start_time_stamp': '20260504150000', 'end_time_stamp': '20260504175959', 'minute_interval': 5}
2026-05-05 16:20:37,969 - root - INFO - Successfully upserted 1044 data points.
2026-05-05 16:20:37,970 - root - INFO - Fetching minute data with payload: {'ps_key_list': ['1479456_1_12_1', '1479456_1_11_1', '1479456_1_10_1', '1479456_1_9_1', '1479456_1_8_1', '1479456_1_7_1', '1479456_1_6_1', '1479456_1_2_2', '1479456_1_5_2', '1479456_1_1_2', '1479456_1_8_2', '1479456_1_1_1', '1479456_1_4_2', '1479456_1_3_2', '1479456_1_16_1', '1479456_1_15_1', '1479456_1_14_1', '1479456_1_13_1'], 'points': 'p1,p14,p24,p25,p4,p26,p18,p19,p20,p21,p22,p23,p27', 'start_time_stamp': '20260504060000', 'end_time_stamp': '20260504085959', 'minute_interval': 5}
2026-05-05 16:20:37,970 - root - INFO - Successfully upserted 1044 data points.
2026-05-05 16:20:37,977 - root - INFO - Successfully upserted 1044 data points.
2026-05-05 16:20:37,983 - root - INFO - Successfully upserted 1044 data points.
2026-05-05 16:20:37,988 - root - INFO - Fetching minute data with payload: {'ps_key_list': ['1479456_1_12_1', '1479456_1_11_1', '1479456_1_10_1', '1479456_1_9_1', '1479456_1_8_1', '1479456_1_7_1', '1479456_1_6_1', '1479456_1_2_2', '1479456_1_5_2', '1479456_1_1_2', '1479456_1_8_2', '1479456_1_1_1', '1479456_1_4_2', '1479456_1_3_2', '1479456_1_16_1', '1479456_1_15_1', '1479456_1_14_1', '1479456_1_13_1'], 'points': 'p1,p14,p24,p25,p4,p26,p18,p19,p20,p21,p22,p23,p27', 'start_time_stamp': '20260504090000', 'end_time_stamp': '20260504115959', 'minute_interval': 5}
2026-05-05 16:20:37,988 - root - INFO - Fetching minute data with payload: {'ps_key_list': ['1479456_1_12_1', '1479456_1_11_1', '1479456_1_10_1', '1479456_1_9_1', '1479456_1_8_1', '1479456_1_7_1', '1479456_1_6_1', '1479456_1_2_2', '1479456_1_5_2', '1479456_1_1_2', '1479456_1_8_2', '1479456_1_1_1', '1479456_1_4_2', '1479456_1_3_2', '1479456_1_16_1', '1479456_1_15_1', '1479456_1_14_1', '1479456_1_13_1'], 'points': 'p1,p14,p24,p25,p4,p26,p18,p19,p20,p21,p22,p23,p27', 'start_time_stamp': '20260504180000', 'end_time_stamp': '20260504205959', 'minute_interval': 5}
2026-05-05 16:20:37,988 - root - INFO - Fetching minute data with payload: {'ps_key_list': ['1479456_1_12_1', '1479456_1_11_1', '1479456_1_10_1', '1479456_1_9_1', '1479456_1_8_1', '1479456_1_7_1', '1479456_1_6_1', '1479456_1_2_2', '1479456_1_5_2', '1479456_1_1_2', '1479456_1_8_2', '1479456_1_1_1', '1479456_1_4_2', '1479456_1_3_2', '1479456_1_16_1', '1479456_1_15_1', '1479456_1_14_1', '1479456_1_13_1'], 'points': 'p1,p14,p24,p25,p4,p26,p18,p19,p20,p21,p22,p23,p27', 'start_time_stamp': '20260504210000', 'end_time_stamp': '20260504235959', 'minute_interval': 5}
2026-05-05 16:20:39,351 - root - INFO - Successfully upserted 648 data points.
2026-05-05 16:20:39,351 - root - INFO - Fetching minute data with payload: {'ps_key_list': ['1763661_1_1_1', '1763661_1_4_1', '1763661_1_3_1', '1763661_1_34_1', '1763661_1_33_1', '1763661_1_32_1', '1763661_1_31_1', '1763661_1_30_1', '1763661_1_29_1', '1763661_1_28_1', '1763661_1_27_1', '1763661_1_26_1', '1763661_1_25_1', '1763661_1_6_1', '1763661_1_5_1', '1763661_1_8_1', '1763661_1_7_1', '1763661_1_9_1', '1763661_1_10_1', '1763661_1_2_1'], 'points': 'p1,p14,p24,p25,p4,p26,p18,p19,p20,p21,p22,p23,p27', 'start_time_stamp': '20260504030000', 'end_time_stamp': '20260504055959', 'minute_interval': 5}
2026-05-05 16:20:40,333 - root - INFO - Response status code: 200
2026-05-05 16:20:40,334 - root - INFO - API response from https://sg5.fusionsolar.huawei.com/rest/openapi/pvms/nbi/v1/device/history (truncated): {'failCode': 305, 'immediately': True, 'message': 'USER_MUST_RELOGIN', 'success': False}
2026-05-05 16:20:40,335 - root - WARNING - Session expired. Attempting to re-login...
2026-05-05 16:20:40,335 - root - INFO - Attempting to login to FusionSolar API at https://sg5.fusionsolar.huawei.com/thirdData/login
2026-05-05 16:20:40,593 - root - INFO - Successfully upserted 648 data points.
2026-05-05 16:20:40,593 - root - INFO - Fetching minute data with payload: {'ps_key_list': ['1763661_1_1_1', '1763661_1_4_1', '1763661_1_3_1', '1763661_1_34_1', '1763661_1_33_1', '1763661_1_32_1', '1763661_1_31_1', '1763661_1_30_1', '1763661_1_29_1', '1763661_1_28_1', '1763661_1_27_1', '1763661_1_26_1', '1763661_1_25_1', '1763661_1_6_1', '1763661_1_5_1', '1763661_1_8_1', '1763661_1_7_1', '1763661_1_9_1', '1763661_1_10_1', '1763661_1_2_1'], 'points': 'p1,p14,p24,p25,p4,p26,p18,p19,p20,p21,p22,p23,p27', 'start_time_stamp': '20260504000000', 'end_time_stamp': '20260504025959', 'minute_interval': 5}
2026-05-05 16:20:40,702 - root - INFO - Login response status code: 200
2026-05-05 16:20:40,703 - root - ERROR - FusionSolar login failed: Unknown error
2026-05-05 16:20:40,705 - root - ERROR - Re-login failed. Cannot proceed with API request.
2026-05-05 16:20:40,707 - root - WARNING - Failed to fetch historical data
2026-05-05 16:20:40,708 - root - INFO - Using single devDn for device/history (API: one device per query)
2026-05-05 16:20:40,711 - root - INFO - Fetching historical data for 1 devices of type meter
2026-05-05 16:20:40,711 - root - INFO - Making API request to: https://sg5.fusionsolar.huawei.com/rest/openapi/pvms/nbi/v1/device/history
2026-05-05 16:20:40,712 - root - INFO - Request payload: {'devDn': 'NE=53771653', 'devTypeId': 17, 'startTime': 1777741200000, 'endTime': 1777827600000}
2026-05-05 16:20:41,095 - root - INFO - Response status code: 200
2026-05-05 16:20:41,106 - root - INFO - API response from https://sg5.fusionsolar.huawei.com/rest/openapi/pvms/nbi/v1/device/history (truncated): {'failCode': 305, 'immediately': True, 'message': 'USER_MUST_RELOGIN', 'success': False}
2026-05-05 16:20:41,109 - root - WARNING - Session expired. Attempting to re-login...
2026-05-05 16:20:41,111 - root - INFO - Attempting to login to FusionSolar API at https://sg5.fusionsolar.huawei.com/thirdData/login
2026-05-05 16:20:41,161 - root - INFO - Successfully upserted 648 data points.
2026-05-05 16:20:41,167 - root - INFO - Fetching minute data with payload: {'ps_key_list': ['1763661_1_1_1', '1763661_1_4_1', '1763661_1_3_1', '1763661_1_34_1', '1763661_1_33_1', '1763661_1_32_1', '1763661_1_31_1', '1763661_1_30_1', '1763661_1_29_1', '1763661_1_28_1', '1763661_1_27_1', '1763661_1_26_1', '1763661_1_25_1', '1763661_1_6_1', '1763661_1_5_1', '1763661_1_8_1', '1763661_1_7_1', '1763661_1_9_1', '1763661_1_10_1', '1763661_1_2_1'], 'points': 'p1,p14,p24,p25,p4,p26,p18,p19,p20,p21,p22,p23,p27', 'start_time_stamp': '20260504150000', 'end_time_stamp': '20260504175959', 'minute_interval': 5}
2026-05-05 16:20:41,396 - root - INFO - Successfully upserted 648 data points.
2026-05-05 16:20:41,415 - root - INFO - Successfully upserted 648 data points.
2026-05-05 16:20:41,424 - root - INFO - Fetching minute data with payload: {'ps_key_list': ['1763661_1_1_1', '1763661_1_4_1', '1763661_1_3_1', '1763661_1_34_1', '1763661_1_33_1', '1763661_1_32_1', '1763661_1_31_1', '1763661_1_30_1', '1763661_1_29_1', '1763661_1_28_1', '1763661_1_27_1', '1763661_1_26_1', '1763661_1_25_1', '1763661_1_6_1', '1763661_1_5_1', '1763661_1_8_1', '1763661_1_7_1', '1763661_1_9_1', '1763661_1_10_1', '1763661_1_2_1'], 'points': 'p1,p14,p24,p25,p4,p26,p18,p19,p20,p21,p22,p23,p27', 'start_time_stamp': '20260504060000', 'end_time_stamp': '20260504085959', 'minute_interval': 5}
2026-05-05 16:20:41,426 - root - INFO - Fetching minute data with payload: {'ps_key_list': ['1763661_1_1_1', '1763661_1_4_1', '1763661_1_3_1', '1763661_1_34_1', '1763661_1_33_1', '1763661_1_32_1', '1763661_1_31_1', '1763661_1_30_1', '1763661_1_29_1', '1763661_1_28_1', '1763661_1_27_1', '1763661_1_26_1', '1763661_1_25_1', '1763661_1_6_1', '1763661_1_5_1', '1763661_1_8_1', '1763661_1_7_1', '1763661_1_9_1', '1763661_1_10_1', '1763661_1_2_1'], 'points': 'p1,p14,p24,p25,p4,p26,p18,p19,p20,p21,p22,p23,p27', 'start_time_stamp': '20260504120000', 'end_time_stamp': '20260504145959', 'minute_interval': 5}
2026-05-05 16:20:41,497 - root - INFO - Login response status code: 200
2026-05-05 16:20:41,533 - root - INFO - Successfully upserted 648 data points.
2026-05-05 16:20:41,541 - root - ERROR - FusionSolar login failed: Unknown error
2026-05-05 16:20:41,541 - root - INFO - Fetching minute data with payload: {'ps_key_list': ['1763661_1_1_1', '1763661_1_4_1', '1763661_1_3_1', '1763661_1_34_1', '1763661_1_33_1', '1763661_1_32_1', '1763661_1_31_1', '1763661_1_30_1', '1763661_1_29_1', '1763661_1_28_1', '1763661_1_27_1', '1763661_1_26_1', '1763661_1_25_1', '1763661_1_6_1', '1763661_1_5_1', '1763661_1_8_1', '1763661_1_7_1', '1763661_1_9_1', '1763661_1_10_1', '1763661_1_2_1'], 'points': 'p1,p14,p24,p25,p4,p26,p18,p19,p20,p21,p22,p23,p27', 'start_time_stamp': '20260504180000', 'end_time_stamp': '20260504205959', 'minute_interval': 5}
2026-05-05 16:20:41,541 - root - INFO - Successfully upserted 648 data points.
2026-05-05 16:20:41,556 - root - INFO - Successfully upserted 648 data points.
2026-05-05 16:20:41,562 - root - INFO - Fetching minute data with payload: {'ps_key_list': ['1763661_1_1_1', '1763661_1_4_1', '1763661_1_3_1', '1763661_1_34_1', '1763661_1_33_1', '1763661_1_32_1', '1763661_1_31_1', '1763661_1_30_1', '1763661_1_29_1', '1763661_1_28_1', '1763661_1_27_1', '1763661_1_26_1', '1763661_1_25_1', '1763661_1_6_1', '1763661_1_5_1', '1763661_1_8_1', '1763661_1_7_1', '1763661_1_9_1', '1763661_1_10_1', '1763661_1_2_1'], 'points': 'p1,p14,p24,p25,p4,p26,p18,p19,p20,p21,p22,p23,p27', 'start_time_stamp': '20260504210000', 'end_time_stamp': '20260504235959', 'minute_interval': 5}
2026-05-05 16:20:41,563 - root - INFO - Fetching minute data with payload: {'ps_key_list': ['1763661_1_1_1', '1763661_1_4_1', '1763661_1_3_1', '1763661_1_34_1', '1763661_1_33_1', '1763661_1_32_1', '1763661_1_31_1', '1763661_1_30_1', '1763661_1_29_1', '1763661_1_28_1', '1763661_1_27_1', '1763661_1_26_1', '1763661_1_25_1', '1763661_1_6_1', '1763661_1_5_1', '1763661_1_8_1', '1763661_1_7_1', '1763661_1_9_1', '1763661_1_10_1', '1763661_1_2_1'], 'points': 'p1,p14,p24,p25,p4,p26,p18,p19,p20,p21,p22,p23,p27', 'start_time_stamp': '20260504090000', 'end_time_stamp': '20260504115959', 'minute_interval': 5}
2026-05-05 16:20:41,565 - root - ERROR - Re-login failed. Cannot proceed with API request.
2026-05-05 16:20:42,049 - root - WARNING - Failed to fetch historical data
2026-05-05 16:20:42,095 - root - INFO - Using single devDn for device/history (API: one device per query)
2026-05-05 16:20:42,166 - root - INFO - Fetching historical data for 1 devices of type meter
2026-05-05 16:20:42,166 - root - INFO - Making API request to: https://sg5.fusionsolar.huawei.com/rest/openapi/pvms/nbi/v1/device/history
2026-05-05 16:20:42,166 - root - INFO - Request payload: {'devDn': 'NE=62807018', 'devTypeId': 17, 'startTime': 1777741200000, 'endTime': 1777827600000}
2026-05-05 16:20:42,366 - root - INFO - Successfully upserted 720 data points.
2026-05-05 16:20:42,366 - root - INFO - Fetching minute data with payload: {'ps_key_list': ['1637816_1_5_1', '1637816_1_7_1', '1637816_1_2_1', '1637816_1_1_1', '1637816_1_4_1', '1637816_1_3_1', '1637816_1_6_1'], 'points': 'p1,p14,p24,p25,p4,p26,p18,p19,p20,p21,p22,p23,p27', 'start_time_stamp': '20260504030000', 'end_time_stamp': '20260504055959', 'minute_interval': 5}
2026-05-05 16:20:42,480 - root - INFO - Response status code: 200
2026-05-05 16:20:42,480 - root - INFO - API response from https://sg5.fusionsolar.huawei.com/rest/openapi/pvms/nbi/v1/device/history (truncated): {'failCode': 305, 'immediately': True, 'message': 'USER_MUST_RELOGIN', 'success': False}
2026-05-05 16:20:42,481 - root - WARNING - Session expired. Attempting to re-login...
2026-05-05 16:20:42,482 - root - INFO - Attempting to login to FusionSolar API at https://sg5.fusionsolar.huawei.com/thirdData/login
2026-05-05 16:20:42,815 - root - INFO - Login response status code: 200
2026-05-05 16:20:42,816 - root - ERROR - FusionSolar login failed: Unknown error
2026-05-05 16:20:42,818 - root - ERROR - Re-login failed. Cannot proceed with API request.
2026-05-05 16:20:42,820 - root - WARNING - Failed to fetch historical data
2026-05-05 16:20:42,821 - root - INFO - Using single devDn for device/history (API: one device per query)
2026-05-05 16:20:42,824 - root - INFO - Fetching historical data for 1 devices of type meter
2026-05-05 16:20:42,824 - root - INFO - Making API request to: https://sg5.fusionsolar.huawei.com/rest/openapi/pvms/nbi/v1/device/history
2026-05-05 16:20:42,824 - root - INFO - Request payload: {'devDn': 'NE=62807016', 'devTypeId': 17, 'startTime': 1777741200000, 'endTime': 1777827600000}
2026-05-05 16:20:43,110 - root - INFO - Response status code: 200
2026-05-05 16:20:43,110 - root - INFO - API response from https://sg5.fusionsolar.huawei.com/rest/openapi/pvms/nbi/v1/device/history (truncated): {'failCode': 305, 'immediately': True, 'message': 'USER_MUST_RELOGIN', 'success': False}
2026-05-05 16:20:43,112 - root - WARNING - Session expired. Attempting to re-login...
2026-05-05 16:20:43,112 - root - INFO - Attempting to login to FusionSolar API at https://sg5.fusionsolar.huawei.com/thirdData/login
2026-05-05 16:20:43,390 - root - INFO - Login response status code: 200
2026-05-05 16:20:43,391 - root - ERROR - FusionSolar login failed: Unknown error
2026-05-05 16:20:43,393 - root - ERROR - Re-login failed. Cannot proceed with API request.
2026-05-05 16:20:43,395 - root - WARNING - Failed to fetch historical data
2026-05-05 16:20:43,395 - root - INFO - Using single devDn for device/history (API: one device per query)
2026-05-05 16:20:43,399 - root - INFO - Fetching historical data for 1 devices of type meter
2026-05-05 16:20:43,399 - root - INFO - Making API request to: https://sg5.fusionsolar.huawei.com/rest/openapi/pvms/nbi/v1/device/history
2026-05-05 16:20:43,400 - root - INFO - Request payload: {'devDn': 'NE=62807017', 'devTypeId': 17, 'startTime': 1777741200000, 'endTime': 1777827600000}
2026-05-05 16:20:43,658 - root - INFO - Successfully upserted 720 data points.
2026-05-05 16:20:43,658 - root - INFO - Fetching minute data with payload: {'ps_key_list': ['1637816_1_5_1', '1637816_1_7_1', '1637816_1_2_1', '1637816_1_1_1', '1637816_1_4_1', '1637816_1_3_1', '1637816_1_6_1'], 'points': 'p1,p14,p24,p25,p4,p26,p18,p19,p20,p21,p22,p23,p27', 'start_time_stamp': '20260504000000', 'end_time_stamp': '20260504025959', 'minute_interval': 5}
2026-05-05 16:20:43,681 - root - INFO - Response status code: 200
2026-05-05 16:20:43,681 - root - INFO - API response from https://sg5.fusionsolar.huawei.com/rest/openapi/pvms/nbi/v1/device/history (truncated): {'failCode': 305, 'immediately': True, 'message': 'USER_MUST_RELOGIN', 'success': False}
2026-05-05 16:20:43,682 - root - WARNING - Session expired. Attempting to re-login...
2026-05-05 16:20:43,682 - root - INFO - Attempting to login to FusionSolar API at https://sg5.fusionsolar.huawei.com/thirdData/login
2026-05-05 16:20:44,050 - root - INFO - Login response status code: 200
2026-05-05 16:20:44,050 - root - ERROR - FusionSolar login failed: Unknown error
2026-05-05 16:20:44,052 - root - ERROR - Re-login failed. Cannot proceed with API request.
2026-05-05 16:20:44,054 - root - WARNING - Failed to fetch historical data
2026-05-05 16:20:44,055 - root - INFO - Using single devDn for device/history (API: one device per query)
2026-05-05 16:20:44,058 - root - INFO - Fetching historical data for 1 devices of type meteo_station
2026-05-05 16:20:44,058 - root - INFO - Making API request to: https://sg5.fusionsolar.huawei.com/rest/openapi/pvms/nbi/v1/device/history
2026-05-05 16:20:44,059 - root - INFO - Request payload: {'devDn': 'NE=50488257', 'devTypeId': 10, 'startTime': 1777741200000, 'endTime': 1777827600000}
2026-05-05 16:20:44,341 - root - INFO - Response status code: 200
2026-05-05 16:20:44,341 - root - INFO - API response from https://sg5.fusionsolar.huawei.com/rest/openapi/pvms/nbi/v1/device/history (truncated): {'failCode': 305, 'immediately': True, 'message': 'USER_MUST_RELOGIN', 'success': False}
2026-05-05 16:20:44,343 - root - WARNING - Session expired. Attempting to re-login...
2026-05-05 16:20:44,343 - root - INFO - Attempting to login to FusionSolar API at https://sg5.fusionsolar.huawei.com/thirdData/login
2026-05-05 16:20:44,634 - root - INFO - Login response status code: 200
2026-05-05 16:20:44,635 - root - ERROR - FusionSolar login failed: Unknown error
2026-05-05 16:20:44,638 - root - ERROR - Re-login failed. Cannot proceed with API request.
2026-05-05 16:20:44,641 - root - WARNING - Failed to fetch historical data
2026-05-05 16:20:44,642 - root - INFO - Using single devDn for device/history (API: one device per query)
2026-05-05 16:20:44,648 - root - INFO - Fetching historical data for 1 devices of type meteo_station
2026-05-05 16:20:44,669 - root - INFO - Making API request to: https://sg5.fusionsolar.huawei.com/rest/openapi/pvms/nbi/v1/device/history
2026-05-05 16:20:44,670 - root - INFO - Request payload: {'devDn': 'NE=63022352', 'devTypeId': 10, 'startTime': 1777741200000, 'endTime': 1777827600000}
2026-05-05 16:20:44,919 - root - INFO - Successfully upserted 720 data points.
2026-05-05 16:20:44,932 - root - INFO - Fetching minute data with payload: {'ps_key_list': ['1637816_1_5_1', '1637816_1_7_1', '1637816_1_2_1', '1637816_1_1_1', '1637816_1_4_1', '1637816_1_3_1', '1637816_1_6_1'], 'points': 'p1,p14,p24,p25,p4,p26,p18,p19,p20,p21,p22,p23,p27', 'start_time_stamp': '20260504150000', 'end_time_stamp': '20260504175959', 'minute_interval': 5}
2026-05-05 16:20:45,119 - root - INFO - Response status code: 200
2026-05-05 16:20:45,120 - root - INFO - API response from https://sg5.fusionsolar.huawei.com/rest/openapi/pvms/nbi/v1/device/history (truncated): {'failCode': 305, 'immediately': True, 'message': 'USER_MUST_RELOGIN', 'success': False}
2026-05-05 16:20:45,121 - root - WARNING - Session expired. Attempting to re-login...
2026-05-05 16:20:45,123 - root - INFO - Attempting to login to FusionSolar API at https://sg5.fusionsolar.huawei.com/thirdData/login
2026-05-05 16:20:45,200 - root - INFO - Successfully upserted 720 data points.
2026-05-05 16:20:45,202 - root - INFO - Fetching minute data with payload: {'ps_key_list': ['1637816_1_5_1', '1637816_1_7_1', '1637816_1_2_1', '1637816_1_1_1', '1637816_1_4_1', '1637816_1_3_1', '1637816_1_6_1'], 'points': 'p1,p14,p24,p25,p4,p26,p18,p19,p20,p21,p22,p23,p27', 'start_time_stamp': '20260504210000', 'end_time_stamp': '20260504235959', 'minute_interval': 5}
2026-05-05 16:20:45,206 - root - INFO - Successfully upserted 252 data points.
2026-05-05 16:20:45,237 - root - INFO - Successfully upserted 720 data points.
2026-05-05 16:20:45,241 - root - INFO - Successfully upserted 720 data points.
2026-05-05 16:20:45,243 - root - INFO - Fetching minute data with payload: {'ps_key_list': ['1637095_1_4_1', '1637095_1_7_1', '1637095_1_3_1', '1637095_1_6_1', '1637095_1_2_1', '1637095_1_9_1', '1637095_1_5_1', '1637095_1_1_1', '1637095_1_10_1', '1637095_1_8_1'], 'points': 'p1,p14,p24,p25,p4,p26,p18,p19,p20,p21,p22,p23,p27', 'start_time_stamp': '20260504030000', 'end_time_stamp': '20260504055959', 'minute_interval': 5}
2026-05-05 16:20:45,243 - root - INFO - Fetching minute data with payload: {'ps_key_list': ['1637816_1_5_1', '1637816_1_7_1', '1637816_1_2_1', '1637816_1_1_1', '1637816_1_4_1', '1637816_1_3_1', '1637816_1_6_1'], 'points': 'p1,p14,p24,p25,p4,p26,p18,p19,p20,p21,p22,p23,p27', 'start_time_stamp': '20260504180000', 'end_time_stamp': '20260504205959', 'minute_interval': 5}
2026-05-05 16:20:45,258 - root - INFO - Successfully upserted 720 data points.
2026-05-05 16:20:45,260 - root - INFO - Fetching minute data with payload: {'ps_key_list': ['1637816_1_5_1', '1637816_1_7_1', '1637816_1_2_1', '1637816_1_1_1', '1637816_1_4_1', '1637816_1_3_1', '1637816_1_6_1'], 'points': 'p1,p14,p24,p25,p4,p26,p18,p19,p20,p21,p22,p23,p27', 'start_time_stamp': '20260504060000', 'end_time_stamp': '20260504085959', 'minute_interval': 5}
2026-05-05 16:20:45,262 - root - INFO - Fetching minute data with payload: {'ps_key_list': ['1637816_1_5_1', '1637816_1_7_1', '1637816_1_2_1', '1637816_1_1_1', '1637816_1_4_1', '1637816_1_3_1', '1637816_1_6_1'], 'points': 'p1,p14,p24,p25,p4,p26,p18,p19,p20,p21,p22,p23,p27', 'start_time_stamp': '20260504120000', 'end_time_stamp': '20260504145959', 'minute_interval': 5}
2026-05-05 16:20:45,625 - root - INFO - Login response status code: 200
2026-05-05 16:20:45,646 - root - ERROR - FusionSolar login failed: Unknown error
2026-05-05 16:20:45,648 - root - ERROR - Re-login failed. Cannot proceed with API request.
2026-05-05 16:20:45,652 - root - WARNING - Failed to fetch historical data
2026-05-05 16:20:45,653 - root - INFO - Using single devDn for device/history (API: one device per query)
2026-05-05 16:20:45,801 - root - INFO - Fetching historical data for 1 devices of type meteo_station
2026-05-05 16:20:45,802 - root - INFO - Making API request to: https://sg5.fusionsolar.huawei.com/rest/openapi/pvms/nbi/v1/device/history
2026-05-05 16:20:45,808 - root - INFO - Request payload: {'devDn': 'NE=63022320', 'devTypeId': 10, 'startTime': 1777741200000, 'endTime': 1777827600000}
2026-05-05 16:20:45,826 - root - INFO - Successfully upserted 720 data points.
2026-05-05 16:20:45,826 - root - INFO - Fetching minute data with payload: {'ps_key_list': ['1637816_1_5_1', '1637816_1_7_1', '1637816_1_2_1', '1637816_1_1_1', '1637816_1_4_1', '1637816_1_3_1', '1637816_1_6_1'], 'points': 'p1,p14,p24,p25,p4,p26,p18,p19,p20,p21,p22,p23,p27', 'start_time_stamp': '20260504090000', 'end_time_stamp': '20260504115959', 'minute_interval': 5}
2026-05-05 16:20:46,246 - root - INFO - Response status code: 200
2026-05-05 16:20:46,246 - root - INFO - API response from https://sg5.fusionsolar.huawei.com/rest/openapi/pvms/nbi/v1/device/history (truncated): {'failCode': 305, 'immediately': True, 'message': 'USER_MUST_RELOGIN', 'success': False}
2026-05-05 16:20:46,248 - root - WARNING - Session expired. Attempting to re-login...
2026-05-05 16:20:46,249 - root - INFO - Attempting to login to FusionSolar API at https://sg5.fusionsolar.huawei.com/thirdData/login
2026-05-05 16:20:46,357 - root - INFO - Successfully upserted 252 data points.
2026-05-05 16:20:46,357 - root - INFO - Fetching minute data with payload: {'ps_key_list': ['1637095_1_4_1', '1637095_1_7_1', '1637095_1_3_1', '1637095_1_6_1', '1637095_1_2_1', '1637095_1_9_1', '1637095_1_5_1', '1637095_1_1_1', '1637095_1_10_1', '1637095_1_8_1'], 'points': 'p1,p14,p24,p25,p4,p26,p18,p19,p20,p21,p22,p23,p27', 'start_time_stamp': '20260504000000', 'end_time_stamp': '20260504025959', 'minute_interval': 5}
2026-05-05 16:20:46,598 - root - INFO - Login response status code: 200
2026-05-05 16:20:46,598 - root - ERROR - FusionSolar login failed: Unknown error
2026-05-05 16:20:46,600 - root - ERROR - Re-login failed. Cannot proceed with API request.
2026-05-05 16:20:46,603 - root - WARNING - Failed to fetch historical data
2026-05-05 16:20:46,603 - root - WARNING - No valid devDn in batch. Skipping because /device/history requires devDn.
2026-05-05 16:20:46,603 - root - WARNING - No valid devDn in batch. Skipping because /device/history requires devDn.
2026-05-05 16:20:46,604 - root - WARNING - No valid devDn in batch. Skipping because /device/history requires devDn.
2026-05-05 16:20:46,604 - root - WARNING - No valid devDn in batch. Skipping because /device/history requires devDn.
2026-05-05 16:20:46,604 - root - INFO - Using single devDn for device/history (API: one device per query)
2026-05-05 16:20:46,607 - root - INFO - Fetching historical data for 1 devices of type meteo_station
2026-05-05 16:20:46,608 - root - INFO - Making API request to: https://sg5.fusionsolar.huawei.com/rest/openapi/pvms/nbi/v1/device/history
2026-05-05 16:20:46,608 - root - INFO - Request payload: {'devDn': 'NE=61851546', 'devTypeId': 10, 'startTime': 1777741200000, 'endTime': 1777827600000}
2026-05-05 16:20:46,892 - root - INFO - Response status code: 200
2026-05-05 16:20:46,892 - root - INFO - API response from https://sg5.fusionsolar.huawei.com/rest/openapi/pvms/nbi/v1/device/history (truncated): {'failCode': 305, 'immediately': True, 'message': 'USER_MUST_RELOGIN', 'success': False}
2026-05-05 16:20:46,893 - root - WARNING - Session expired. Attempting to re-login...
2026-05-05 16:20:46,893 - root - INFO - Attempting to login to FusionSolar API at https://sg5.fusionsolar.huawei.com/thirdData/login
2026-05-05 16:20:47,195 - root - INFO - Login response status code: 200
2026-05-05 16:20:47,195 - root - ERROR - FusionSolar login failed: Unknown error
2026-05-05 16:20:47,196 - root - ERROR - Re-login failed. Cannot proceed with API request.
2026-05-05 16:20:47,198 - root - WARNING - Failed to fetch historical data
2026-05-05 16:20:47,198 - root - INFO - Using single devDn for device/history (API: one device per query)
2026-05-05 16:20:47,199 - root - INFO - Fetching historical data for 1 devices of type meteo_station
2026-05-05 16:20:47,199 - root - INFO - Making API request to: https://sg5.fusionsolar.huawei.com/rest/openapi/pvms/nbi/v1/device/history
2026-05-05 16:20:47,200 - root - INFO - Request payload: {'devDn': 'NE=61851547', 'devTypeId': 10, 'startTime': 1777741200000, 'endTime': 1777827600000}
2026-05-05 16:20:47,479 - root - INFO - Response status code: 200
2026-05-05 16:20:47,479 - root - INFO - API response from https://sg5.fusionsolar.huawei.com/rest/openapi/pvms/nbi/v1/device/history (truncated): {'failCode': 305, 'immediately': True, 'message': 'USER_MUST_RELOGIN', 'success': False}
2026-05-05 16:20:47,482 - root - WARNING - Session expired. Attempting to re-login...
2026-05-05 16:20:47,482 - root - INFO - Attempting to login to FusionSolar API at https://sg5.fusionsolar.huawei.com/thirdData/login
2026-05-05 16:20:47,773 - root - INFO - Login response status code: 200
2026-05-05 16:20:47,774 - root - ERROR - FusionSolar login failed: Unknown error
2026-05-05 16:20:47,777 - root - ERROR - Re-login failed. Cannot proceed with API request.
2026-05-05 16:20:47,780 - root - WARNING - Failed to fetch historical data
2026-05-05 16:20:47,780 - root - INFO - Using single devDn for device/history (API: one device per query)
2026-05-05 16:20:47,788 - root - INFO - Fetching historical data for 1 devices of type meteo_station
2026-05-05 16:20:47,788 - root - INFO - Making API request to: https://sg5.fusionsolar.huawei.com/rest/openapi/pvms/nbi/v1/device/history
2026-05-05 16:20:47,789 - root - INFO - Request payload: {'devDn': 'NE=61851544', 'devTypeId': 10, 'startTime': 1777741200000, 'endTime': 1777827600000}
2026-05-05 16:20:48,066 - root - INFO - Response status code: 200
2026-05-05 16:20:48,066 - root - INFO - API response from https://sg5.fusionsolar.huawei.com/rest/openapi/pvms/nbi/v1/device/history (truncated): {'failCode': 305, 'immediately': True, 'message': 'USER_MUST_RELOGIN', 'success': False}
2026-05-05 16:20:48,068 - root - WARNING - Session expired. Attempting to re-login...
2026-05-05 16:20:48,069 - root - INFO - Attempting to login to FusionSolar API at https://sg5.fusionsolar.huawei.com/thirdData/login
2026-05-05 16:20:48,239 - root - INFO - Successfully upserted 252 data points.
2026-05-05 16:20:48,240 - root - INFO - Fetching minute data with payload: {'ps_key_list': ['1637095_1_4_1', '1637095_1_7_1', '1637095_1_3_1', '1637095_1_6_1', '1637095_1_2_1', '1637095_1_9_1', '1637095_1_5_1', '1637095_1_1_1', '1637095_1_10_1', '1637095_1_8_1'], 'points': 'p1,p14,p24,p25,p4,p26,p18,p19,p20,p21,p22,p23,p27', 'start_time_stamp': '20260504150000', 'end_time_stamp': '20260504175959', 'minute_interval': 5}
2026-05-05 16:20:48,326 - root - INFO - Successfully upserted 252 data points.
2026-05-05 16:20:48,354 - root - INFO - Successfully upserted 360 data points.
2026-05-05 16:20:48,360 - root - INFO - Fetching minute data with payload: {'ps_key_list': ['1637095_1_4_1', '1637095_1_7_1', '1637095_1_3_1', '1637095_1_6_1', '1637095_1_2_1', '1637095_1_9_1', '1637095_1_5_1', '1637095_1_1_1', '1637095_1_10_1', '1637095_1_8_1'], 'points': 'p1,p14,p24,p25,p4,p26,p18,p19,p20,p21,p22,p23,p27', 'start_time_stamp': '20260504180000', 'end_time_stamp': '20260504205959', 'minute_interval': 5}
2026-05-05 16:20:48,371 - root - INFO - Fetching minute data with payload: {'ps_key_list': ['1614122_1_3_1', '1614122_1_7_1', '1614122_1_4_1', '1614122_1_2_1', '1614122_1_1_1', '1614122_1_6_1', '1614122_1_5_1'], 'points': 'p1,p14,p24,p25,p4,p26,p18,p19,p20,p21,p22,p23,p27', 'start_time_stamp': '20260504030000', 'end_time_stamp': '20260504055959', 'minute_interval': 5}
2026-05-05 16:20:48,433 - root - INFO - Successfully upserted 252 data points.
2026-05-05 16:20:48,433 - root - INFO - Fetching minute data with payload: {'ps_key_list': ['1637095_1_4_1', '1637095_1_7_1', '1637095_1_3_1', '1637095_1_6_1', '1637095_1_2_1', '1637095_1_9_1', '1637095_1_5_1', '1637095_1_1_1', '1637095_1_10_1', '1637095_1_8_1'], 'points': 'p1,p14,p24,p25,p4,p26,p18,p19,p20,p21,p22,p23,p27', 'start_time_stamp': '20260504060000', 'end_time_stamp': '20260504085959', 'minute_interval': 5}
2026-05-05 16:20:48,446 - root - INFO - Login response status code: 200
2026-05-05 16:20:48,457 - root - INFO - Successfully upserted 252 data points.
2026-05-05 16:20:48,458 - root - ERROR - FusionSolar login failed: Unknown error
2026-05-05 16:20:48,460 - root - ERROR - Re-login failed. Cannot proceed with API request.
2026-05-05 16:20:48,460 - root - INFO - Fetching minute data with payload: {'ps_key_list': ['1637095_1_4_1', '1637095_1_7_1', '1637095_1_3_1', '1637095_1_6_1', '1637095_1_2_1', '1637095_1_9_1', '1637095_1_5_1', '1637095_1_1_1', '1637095_1_10_1', '1637095_1_8_1'], 'points': 'p1,p14,p24,p25,p4,p26,p18,p19,p20,p21,p22,p23,p27', 'start_time_stamp': '20260504210000', 'end_time_stamp': '20260504235959', 'minute_interval': 5}
2026-05-05 16:20:48,645 - root - WARNING - Failed to fetch historical data
2026-05-05 16:20:48,722 - root - INFO - Successfully upserted 252 data points.
2026-05-05 16:20:48,802 - root - INFO - Using single devDn for device/history (API: one device per query)
2026-05-05 16:20:48,846 - root - INFO - Fetching minute data with payload: {'ps_key_list': ['1637095_1_4_1', '1637095_1_7_1', '1637095_1_3_1', '1637095_1_6_1', '1637095_1_2_1', '1637095_1_9_1', '1637095_1_5_1', '1637095_1_1_1', '1637095_1_10_1', '1637095_1_8_1'], 'points': 'p1,p14,p24,p25,p4,p26,p18,p19,p20,p21,p22,p23,p27', 'start_time_stamp': '20260504120000', 'end_time_stamp': '20260504145959', 'minute_interval': 5}
2026-05-05 16:20:48,847 - root - INFO - Fetching historical data for 1 devices of type meteo_station
2026-05-05 16:20:48,862 - root - INFO - Successfully upserted 252 data points.
2026-05-05 16:20:48,882 - root - INFO - Making API request to: https://sg5.fusionsolar.huawei.com/rest/openapi/pvms/nbi/v1/device/history
2026-05-05 16:20:48,885 - root - INFO - Fetching minute data with payload: {'ps_key_list': ['1637095_1_4_1', '1637095_1_7_1', '1637095_1_3_1', '1637095_1_6_1', '1637095_1_2_1', '1637095_1_9_1', '1637095_1_5_1', '1637095_1_1_1', '1637095_1_10_1', '1637095_1_8_1'], 'points': 'p1,p14,p24,p25,p4,p26,p18,p19,p20,p21,p22,p23,p27', 'start_time_stamp': '20260504090000', 'end_time_stamp': '20260504115959', 'minute_interval': 5}
2026-05-05 16:20:48,899 - root - INFO - Request payload: {'devDn': 'NE=61851545', 'devTypeId': 10, 'startTime': 1777741200000, 'endTime': 1777827600000}
2026-05-05 16:20:49,272 - root - INFO - Successfully upserted 360 data points.
2026-05-05 16:20:49,272 - root - INFO - Fetching minute data with payload: {'ps_key_list': ['1614122_1_3_1', '1614122_1_7_1', '1614122_1_4_1', '1614122_1_2_1', '1614122_1_1_1', '1614122_1_6_1', '1614122_1_5_1'], 'points': 'p1,p14,p24,p25,p4,p26,p18,p19,p20,p21,p22,p23,p27', 'start_time_stamp': '20260504000000', 'end_time_stamp': '20260504025959', 'minute_interval': 5}
2026-05-05 16:20:49,664 - root - INFO - Response status code: 200
2026-05-05 16:20:49,664 - root - INFO - API response from https://sg5.fusionsolar.huawei.com/rest/openapi/pvms/nbi/v1/device/history (truncated): {'failCode': 305, 'immediately': True, 'message': 'USER_MUST_RELOGIN', 'success': False}
2026-05-05 16:20:49,667 - root - WARNING - Session expired. Attempting to re-login...
2026-05-05 16:20:49,667 - root - INFO - Attempting to login to FusionSolar API at https://sg5.fusionsolar.huawei.com/thirdData/login
2026-05-05 16:20:49,952 - root - INFO - Login response status code: 200
2026-05-05 16:20:49,953 - root - ERROR - FusionSolar login failed: Unknown error
2026-05-05 16:20:49,956 - root - ERROR - Re-login failed. Cannot proceed with API request.
2026-05-05 16:20:49,958 - root - WARNING - Failed to fetch historical data
2026-05-05 16:20:49,959 - root - INFO - Using single devDn for device/history (API: one device per query)
2026-05-05 16:20:49,963 - root - INFO - Fetching historical data for 1 devices of type meteo_station
2026-05-05 16:20:49,966 - root - INFO - Making API request to: https://sg5.fusionsolar.huawei.com/rest/openapi/pvms/nbi/v1/device/history
2026-05-05 16:20:49,967 - root - INFO - Request payload: {'devDn': 'NE=52031808', 'devTypeId': 10, 'startTime': 1777741200000, 'endTime': 1777827600000}
2026-05-05 16:20:50,246 - root - INFO - Response status code: 200
2026-05-05 16:20:50,247 - root - INFO - API response from https://sg5.fusionsolar.huawei.com/rest/openapi/pvms/nbi/v1/device/history (truncated): {'failCode': 305, 'immediately': True, 'message': 'USER_MUST_RELOGIN', 'success': False}
2026-05-05 16:20:50,249 - root - WARNING - Session expired. Attempting to re-login...
2026-05-05 16:20:50,249 - root - INFO - Attempting to login to FusionSolar API at https://sg5.fusionsolar.huawei.com/thirdData/login
2026-05-05 16:20:50,540 - root - INFO - Login response status code: 200
2026-05-05 16:20:50,541 - root - ERROR - FusionSolar login failed: Unknown error
2026-05-05 16:20:50,544 - root - ERROR - Re-login failed. Cannot proceed with API request.
2026-05-05 16:20:50,547 - root - WARNING - Failed to fetch historical data
2026-05-05 16:20:50,547 - root - INFO - Using single devDn for device/history (API: one device per query)
2026-05-05 16:20:50,551 - root - INFO - Fetching historical data for 1 devices of type meteo_station
2026-05-05 16:20:50,555 - root - INFO - Making API request to: https://sg5.fusionsolar.huawei.com/rest/openapi/pvms/nbi/v1/device/history
2026-05-05 16:20:50,555 - root - INFO - Request payload: {'devDn': 'NE=52031805', 'devTypeId': 10, 'startTime': 1777741200000, 'endTime': 1777827600000}
2026-05-05 16:20:50,834 - root - INFO - Response status code: 200
2026-05-05 16:20:50,834 - root - INFO - API response from https://sg5.fusionsolar.huawei.com/rest/openapi/pvms/nbi/v1/device/history (truncated): {'failCode': 305, 'immediately': True, 'message': 'USER_MUST_RELOGIN', 'success': False}
2026-05-05 16:20:50,837 - root - WARNING - Session expired. Attempting to re-login...
2026-05-05 16:20:50,837 - root - INFO - Attempting to login to FusionSolar API at https://sg5.fusionsolar.huawei.com/thirdData/login
2026-05-05 16:20:51,350 - root - INFO - Login response status code: 200
2026-05-05 16:20:51,350 - root - ERROR - FusionSolar login failed: Unknown error
2026-05-05 16:20:51,354 - root - ERROR - Re-login failed. Cannot proceed with API request.
2026-05-05 16:20:51,357 - root - WARNING - Failed to fetch historical data
2026-05-05 16:20:51,357 - root - INFO - Using single devDn for device/history (API: one device per query)
2026-05-05 16:20:51,365 - root - INFO - Fetching historical data for 1 devices of type meteo_station
2026-05-05 16:20:51,365 - root - INFO - Making API request to: https://sg5.fusionsolar.huawei.com/rest/openapi/pvms/nbi/v1/device/history
2026-05-05 16:20:51,366 - root - INFO - Request payload: {'devDn': 'NE=52031807', 'devTypeId': 10, 'startTime': 1777741200000, 'endTime': 1777827600000}
2026-05-05 16:20:51,409 - root - INFO - Successfully upserted 360 data points.
2026-05-05 16:20:51,410 - root - INFO - Fetching minute data with payload: {'ps_key_list': ['1614122_1_3_1', '1614122_1_7_1', '1614122_1_4_1', '1614122_1_2_1', '1614122_1_1_1', '1614122_1_6_1', '1614122_1_5_1'], 'points': 'p1,p14,p24,p25,p4,p26,p18,p19,p20,p21,p22,p23,p27', 'start_time_stamp': '20260504150000', 'end_time_stamp': '20260504175959', 'minute_interval': 5}
2026-05-05 16:20:51,557 - root - INFO - Successfully upserted 360 data points.
2026-05-05 16:20:51,558 - root - INFO - Fetching minute data with payload: {'ps_key_list': ['1614122_1_3_1', '1614122_1_7_1', '1614122_1_4_1', '1614122_1_2_1', '1614122_1_1_1', '1614122_1_6_1', '1614122_1_5_1'], 'points': 'p1,p14,p24,p25,p4,p26,p18,p19,p20,p21,p22,p23,p27', 'start_time_stamp': '20260504180000', 'end_time_stamp': '20260504205959', 'minute_interval': 5}
2026-05-05 16:20:51,644 - root - INFO - Successfully upserted 360 data points.
2026-05-05 16:20:51,644 - root - INFO - Fetching minute data with payload: {'ps_key_list': ['1614122_1_3_1', '1614122_1_7_1', '1614122_1_4_1', '1614122_1_2_1', '1614122_1_1_1', '1614122_1_6_1', '1614122_1_5_1'], 'points': 'p1,p14,p24,p25,p4,p26,p18,p19,p20,p21,p22,p23,p27', 'start_time_stamp': '20260504210000', 'end_time_stamp': '20260504235959', 'minute_interval': 5}
2026-05-05 16:20:51,687 - root - INFO - Successfully upserted 360 data points.
2026-05-05 16:20:51,707 - root - INFO - Fetching minute data with payload: {'ps_key_list': ['1614122_1_3_1', '1614122_1_7_1', '1614122_1_4_1', '1614122_1_2_1', '1614122_1_1_1', '1614122_1_6_1', '1614122_1_5_1'], 'points': 'p1,p14,p24,p25,p4,p26,p18,p19,p20,p21,p22,p23,p27', 'start_time_stamp': '20260504060000', 'end_time_stamp': '20260504085959', 'minute_interval': 5}
2026-05-05 16:20:51,790 - root - INFO - Successfully upserted 252 data points.
2026-05-05 16:20:51,793 - root - INFO - Fetching minute data with payload: {'ps_key_list': ['1731512_1_2_1'], 'points': 'p1,p14,p24,p25,p4,p26,p18,p19,p20,p21,p22,p23,p27', 'start_time_stamp': '20260504030000', 'end_time_stamp': '20260504055959', 'minute_interval': 5}
2026-05-05 16:20:51,824 - root - INFO - Response status code: 200
2026-05-05 16:20:51,905 - root - INFO - Successfully upserted 360 data points.
2026-05-05 16:20:51,911 - root - INFO - API response from https://sg5.fusionsolar.huawei.com/rest/openapi/pvms/nbi/v1/device/history (truncated): {'failCode': 305, 'immediately': True, 'message': 'USER_MUST_RELOGIN', 'success': False}
2026-05-05 16:20:51,911 - root - INFO - Fetching minute data with payload: {'ps_key_list': ['1614122_1_3_1', '1614122_1_7_1', '1614122_1_4_1', '1614122_1_2_1', '1614122_1_1_1', '1614122_1_6_1', '1614122_1_5_1'], 'points': 'p1,p14,p24,p25,p4,p26,p18,p19,p20,p21,p22,p23,p27', 'start_time_stamp': '20260504090000', 'end_time_stamp': '20260504115959', 'minute_interval': 5}
2026-05-05 16:20:52,035 - root - INFO - Successfully upserted 360 data points.
2026-05-05 16:20:52,125 - root - INFO - Successfully upserted 252 data points.
2026-05-05 16:20:52,234 - root - WARNING - Session expired. Attempting to re-login...
2026-05-05 16:20:52,237 - root - INFO - Fetching minute data with payload: {'ps_key_list': ['1614122_1_3_1', '1614122_1_7_1', '1614122_1_4_1', '1614122_1_2_1', '1614122_1_1_1', '1614122_1_6_1', '1614122_1_5_1'], 'points': 'p1,p14,p24,p25,p4,p26,p18,p19,p20,p21,p22,p23,p27', 'start_time_stamp': '20260504120000', 'end_time_stamp': '20260504145959', 'minute_interval': 5}
2026-05-05 16:20:52,279 - root - INFO - Attempting to login to FusionSolar API at https://sg5.fusionsolar.huawei.com/thirdData/login
2026-05-05 16:20:52,279 - root - INFO - Fetching minute data with payload: {'ps_key_list': ['1731512_1_2_1'], 'points': 'p1,p14,p24,p25,p4,p26,p18,p19,p20,p21,p22,p23,p27', 'start_time_stamp': '20260504000000', 'end_time_stamp': '20260504025959', 'minute_interval': 5}
2026-05-05 16:20:52,817 - root - INFO - Login response status code: 200
2026-05-05 16:20:52,817 - root - ERROR - FusionSolar login failed: Unknown error
2026-05-05 16:20:52,821 - root - ERROR - Re-login failed. Cannot proceed with API request.
2026-05-05 16:20:52,823 - root - WARNING - Failed to fetch historical data
2026-05-05 16:20:52,824 - root - INFO - Using single devDn for device/history (API: one device per query)
2026-05-05 16:20:52,828 - root - INFO - Fetching historical data for 1 devices of type meteo_station
2026-05-05 16:20:52,828 - root - INFO - Making API request to: https://sg5.fusionsolar.huawei.com/rest/openapi/pvms/nbi/v1/device/history
2026-05-05 16:20:52,829 - root - INFO - Request payload: {'devDn': 'NE=52031804', 'devTypeId': 10, 'startTime': 1777741200000, 'endTime': 1777827600000}
2026-05-05 16:20:53,116 - root - INFO - Response status code: 200
2026-05-05 16:20:53,117 - root - INFO - API response from https://sg5.fusionsolar.huawei.com/rest/openapi/pvms/nbi/v1/device/history (truncated): {'failCode': 305, 'immediately': True, 'message': 'USER_MUST_RELOGIN', 'success': False}
2026-05-05 16:20:53,117 - root - WARNING - Session expired. Attempting to re-login...
2026-05-05 16:20:53,117 - root - INFO - Attempting to login to FusionSolar API at https://sg5.fusionsolar.huawei.com/thirdData/login
2026-05-05 16:20:53,410 - root - INFO - Login response status code: 200
2026-05-05 16:20:53,411 - root - ERROR - FusionSolar login failed: Unknown error
2026-05-05 16:20:53,414 - root - ERROR - Re-login failed. Cannot proceed with API request.
2026-05-05 16:20:53,417 - root - WARNING - Failed to fetch historical data
2026-05-05 16:20:53,417 - root - INFO - Using single devDn for device/history (API: one device per query)
2026-05-05 16:20:53,421 - root - INFO - Fetching historical data for 1 devices of type meteo_station
2026-05-05 16:20:53,424 - root - INFO - Making API request to: https://sg5.fusionsolar.huawei.com/rest/openapi/pvms/nbi/v1/device/history
2026-05-05 16:20:53,425 - root - INFO - Request payload: {'devDn': 'NE=52031809', 'devTypeId': 10, 'startTime': 1777741200000, 'endTime': 1777827600000}
2026-05-05 16:20:53,926 - root - INFO - Response status code: 200
2026-05-05 16:20:53,926 - root - INFO - API response from https://sg5.fusionsolar.huawei.com/rest/openapi/pvms/nbi/v1/device/history (truncated): {'failCode': 305, 'immediately': True, 'message': 'USER_MUST_RELOGIN', 'success': False}
2026-05-05 16:20:53,928 - root - WARNING - Session expired. Attempting to re-login...
2026-05-05 16:20:53,929 - root - INFO - Attempting to login to FusionSolar API at https://sg5.fusionsolar.huawei.com/thirdData/login
2026-05-05 16:20:54,223 - root - INFO - Login response status code: 200
2026-05-05 16:20:54,223 - root - ERROR - FusionSolar login failed: Unknown error
2026-05-05 16:20:54,226 - root - ERROR - Re-login failed. Cannot proceed with API request.
2026-05-05 16:20:54,229 - root - WARNING - Failed to fetch historical data
2026-05-05 16:20:54,229 - root - INFO - Using single devDn for device/history (API: one device per query)
2026-05-05 16:20:54,237 - root - INFO - Fetching historical data for 1 devices of type meteo_station
2026-05-05 16:20:54,237 - root - INFO - Making API request to: https://sg5.fusionsolar.huawei.com/rest/openapi/pvms/nbi/v1/device/history
2026-05-05 16:20:54,238 - root - INFO - Request payload: {'devDn': 'NE=52031806', 'devTypeId': 10, 'startTime': 1777741200000, 'endTime': 1777827600000}
2026-05-05 16:20:54,519 - root - INFO - Response status code: 200
2026-05-05 16:20:54,520 - root - INFO - API response from https://sg5.fusionsolar.huawei.com/rest/openapi/pvms/nbi/v1/device/history (truncated): {'failCode': 305, 'immediately': True, 'message': 'USER_MUST_RELOGIN', 'success': False}
2026-05-05 16:20:54,522 - root - WARNING - Session expired. Attempting to re-login...
2026-05-05 16:20:54,522 - root - INFO - Attempting to login to FusionSolar API at https://sg5.fusionsolar.huawei.com/thirdData/login
2026-05-05 16:20:54,625 - root - INFO - Successfully upserted 252 data points.
2026-05-05 16:20:54,625 - root - INFO - Fetching minute data with payload: {'ps_key_list': ['1731512_1_2_1'], 'points': 'p1,p14,p24,p25,p4,p26,p18,p19,p20,p21,p22,p23,p27', 'start_time_stamp': '20260504150000', 'end_time_stamp': '20260504175959', 'minute_interval': 5}
2026-05-05 16:20:54,866 - root - INFO - Successfully upserted 252 data points.
2026-05-05 16:20:54,867 - root - INFO - Fetching minute data with payload: {'ps_key_list': ['1731512_1_2_1'], 'points': 'p1,p14,p24,p25,p4,p26,p18,p19,p20,p21,p22,p23,p27', 'start_time_stamp': '20260504180000', 'end_time_stamp': '20260504205959', 'minute_interval': 5}
2026-05-05 16:20:54,871 - root - INFO - Login response status code: 200
2026-05-05 16:20:54,872 - root - ERROR - FusionSolar login failed: Unknown error
2026-05-05 16:20:54,874 - root - ERROR - Re-login failed. Cannot proceed with API request.
2026-05-05 16:20:54,881 - root - WARNING - Failed to fetch historical data
2026-05-05 16:20:54,882 - root - INFO - Using single devDn for device/history (API: one device per query)
2026-05-05 16:20:54,886 - root - INFO - Successfully upserted 36 data points.
2026-05-05 16:20:54,886 - root - INFO - Fetching minute data with payload: {'ps_key_list': ['1730375_1_3_1', '1730375_1_1_1'], 'points': 'p1,p14,p24,p25,p4,p26,p18,p19,p20,p21,p22,p23,p27', 'start_time_stamp': '20260504030000', 'end_time_stamp': '20260504055959', 'minute_interval': 5}
2026-05-05 16:20:54,898 - root - INFO - Fetching historical data for 1 devices of type meteo_station
2026-05-05 16:20:54,898 - root - INFO - Making API request to: https://sg5.fusionsolar.huawei.com/rest/openapi/pvms/nbi/v1/device/history
2026-05-05 16:20:54,899 - root - INFO - Request payload: {'devDn': 'NE=51758771', 'devTypeId': 10, 'startTime': 1777741200000, 'endTime': 1777827600000}
2026-05-05 16:20:55,003 - root - INFO - Successfully upserted 252 data points.
2026-05-05 16:20:55,023 - root - INFO - Fetching minute data with payload: {'ps_key_list': ['1731512_1_2_1'], 'points': 'p1,p14,p24,p25,p4,p26,p18,p19,p20,p21,p22,p23,p27', 'start_time_stamp': '20260504060000', 'end_time_stamp': '20260504085959', 'minute_interval': 5}
2026-05-05 16:20:55,106 - root - INFO - Successfully upserted 252 data points.
2026-05-05 16:20:55,126 - root - INFO - Successfully upserted 36 data points.
2026-05-05 16:20:55,149 - root - INFO - Successfully upserted 252 data points.
2026-05-05 16:20:55,184 - root - INFO - Fetching minute data with payload: {'ps_key_list': ['1731512_1_2_1'], 'points': 'p1,p14,p24,p25,p4,p26,p18,p19,p20,p21,p22,p23,p27', 'start_time_stamp': '20260504210000', 'end_time_stamp': '20260504235959', 'minute_interval': 5}
2026-05-05 16:20:55,189 - root - INFO - Fetching minute data with payload: {'ps_key_list': ['1730375_1_3_1', '1730375_1_1_1'], 'points': 'p1,p14,p24,p25,p4,p26,p18,p19,p20,p21,p22,p23,p27', 'start_time_stamp': '20260504000000', 'end_time_stamp': '20260504025959', 'minute_interval': 5}
2026-05-05 16:20:55,189 - root - INFO - Fetching minute data with payload: {'ps_key_list': ['1731512_1_2_1'], 'points': 'p1,p14,p24,p25,p4,p26,p18,p19,p20,p21,p22,p23,p27', 'start_time_stamp': '20260504120000', 'end_time_stamp': '20260504145959', 'minute_interval': 5}
2026-05-05 16:20:55,270 - root - INFO - Successfully upserted 252 data points.
2026-05-05 16:20:55,332 - root - INFO - Fetching minute data with payload: {'ps_key_list': ['1731512_1_2_1'], 'points': 'p1,p14,p24,p25,p4,p26,p18,p19,p20,p21,p22,p23,p27', 'start_time_stamp': '20260504090000', 'end_time_stamp': '20260504115959', 'minute_interval': 5}
2026-05-05 16:20:55,984 - root - INFO - Response status code: 200
2026-05-05 16:20:55,985 - root - INFO - API response from https://sg5.fusionsolar.huawei.com/rest/openapi/pvms/nbi/v1/device/history (truncated): {'failCode': 305, 'immediately': True, 'message': 'USER_MUST_RELOGIN', 'success': False}
2026-05-05 16:20:55,987 - root - WARNING - Session expired. Attempting to re-login...
2026-05-05 16:20:55,987 - root - INFO - Attempting to login to FusionSolar API at https://sg5.fusionsolar.huawei.com/thirdData/login
2026-05-05 16:20:56,279 - root - INFO - Login response status code: 200
2026-05-05 16:20:56,280 - root - ERROR - FusionSolar login failed: Unknown error
2026-05-05 16:20:56,283 - root - ERROR - Re-login failed. Cannot proceed with API request.
2026-05-05 16:20:56,286 - root - WARNING - Failed to fetch historical data
2026-05-05 16:20:56,286 - root - INFO - Using single devDn for device/history (API: one device per query)
2026-05-05 16:20:56,295 - root - INFO - Fetching historical data for 1 devices of type meteo_station
2026-05-05 16:20:56,297 - root - INFO - Making API request to: https://sg5.fusionsolar.huawei.com/rest/openapi/pvms/nbi/v1/device/history
2026-05-05 16:20:56,298 - root - INFO - Request payload: {'devDn': 'NE=51758772', 'devTypeId': 10, 'startTime': 1777741200000, 'endTime': 1777827600000}
2026-05-05 16:20:56,582 - root - INFO - Response status code: 200
2026-05-05 16:20:56,582 - root - INFO - API response from https://sg5.fusionsolar.huawei.com/rest/openapi/pvms/nbi/v1/device/history (truncated): {'failCode': 305, 'immediately': True, 'message': 'USER_MUST_RELOGIN', 'success': False}
2026-05-05 16:20:56,584 - root - WARNING - Session expired. Attempting to re-login...
2026-05-05 16:20:56,585 - root - INFO - Attempting to login to FusionSolar API at https://sg5.fusionsolar.huawei.com/thirdData/login
2026-05-05 16:20:57,311 - root - INFO - Login response status code: 200
2026-05-05 16:20:57,311 - root - ERROR - FusionSolar login failed: Unknown error
2026-05-05 16:20:57,315 - root - ERROR - Re-login failed. Cannot proceed with API request.
2026-05-05 16:20:57,317 - root - WARNING - Failed to fetch historical data
2026-05-05 16:20:57,318 - root - INFO - Using single devDn for device/history (API: one device per query)
2026-05-05 16:20:57,325 - root - INFO - Fetching historical data for 1 devices of type meteo_station
2026-05-05 16:20:57,325 - root - INFO - Making API request to: https://sg5.fusionsolar.huawei.com/rest/openapi/pvms/nbi/v1/device/history
2026-05-05 16:20:57,326 - root - INFO - Request payload: {'devDn': 'NE=51758770', 'devTypeId': 10, 'startTime': 1777741200000, 'endTime': 1777827600000}
2026-05-05 16:20:57,607 - root - INFO - Response status code: 200
2026-05-05 16:20:57,608 - root - INFO - API response from https://sg5.fusionsolar.huawei.com/rest/openapi/pvms/nbi/v1/device/history (truncated): {'failCode': 305, 'immediately': True, 'message': 'USER_MUST_RELOGIN', 'success': False}
2026-05-05 16:20:57,610 - root - WARNING - Session expired. Attempting to re-login...
2026-05-05 16:20:57,610 - root - INFO - Attempting to login to FusionSolar API at https://sg5.fusionsolar.huawei.com/thirdData/login
2026-05-05 16:20:57,734 - root - INFO - Successfully upserted 36 data points.
2026-05-05 16:20:57,734 - root - INFO - Fetching minute data with payload: {'ps_key_list': ['1730375_1_3_1', '1730375_1_1_1'], 'points': 'p1,p14,p24,p25,p4,p26,p18,p19,p20,p21,p22,p23,p27', 'start_time_stamp': '20260504180000', 'end_time_stamp': '20260504205959', 'minute_interval': 5}
2026-05-05 16:20:57,811 - root - INFO - Successfully upserted 36 data points.
2026-05-05 16:20:57,811 - root - INFO - Fetching minute data with payload: {'ps_key_list': ['1730375_1_3_1', '1730375_1_1_1'], 'points': 'p1,p14,p24,p25,p4,p26,p18,p19,p20,p21,p22,p23,p27', 'start_time_stamp': '20260504150000', 'end_time_stamp': '20260504175959', 'minute_interval': 5}
2026-05-05 16:20:57,868 - root - INFO - Successfully upserted 72 data points.
2026-05-05 16:20:57,868 - root - INFO - Fetching minute data with payload: {'ps_key_list': ['1728142_1_1_1'], 'points': 'p1,p14,p24,p25,p4,p26,p18,p19,p20,p21,p22,p23,p27', 'start_time_stamp': '20260504030000', 'end_time_stamp': '20260504055959', 'minute_interval': 5}
2026-05-05 16:20:57,983 - root - INFO - Login response status code: 200
2026-05-05 16:20:57,984 - root - ERROR - FusionSolar login failed: Unknown error
2026-05-05 16:20:57,987 - root - ERROR - Re-login failed. Cannot proceed with API request.
2026-05-05 16:20:57,990 - root - WARNING - Failed to fetch historical data
2026-05-05 16:20:57,991 - root - INFO - Using single devDn for device/history (API: one device per query)
2026-05-05 16:20:57,998 - root - INFO - Fetching historical data for 1 devices of type meteo_station
2026-05-05 16:20:57,999 - root - INFO - Making API request to: https://sg5.fusionsolar.huawei.com/rest/openapi/pvms/nbi/v1/device/history
2026-05-05 16:20:57,999 - root - INFO - Request payload: {'devDn': 'NE=58795760', 'devTypeId': 10, 'startTime': 1777741200000, 'endTime': 1777827600000}
2026-05-05 16:20:58,094 - root - INFO - Successfully upserted 36 data points.
2026-05-05 16:20:58,094 - root - INFO - Fetching minute data with payload: {'ps_key_list': ['1730375_1_3_1', '1730375_1_1_1'], 'points': 'p1,p14,p24,p25,p4,p26,p18,p19,p20,p21,p22,p23,p27', 'start_time_stamp': '20260504060000', 'end_time_stamp': '20260504085959', 'minute_interval': 5}
2026-05-05 16:20:58,122 - root - INFO - Successfully upserted 36 data points.
2026-05-05 16:20:58,123 - root - INFO - Fetching minute data with payload: {'ps_key_list': ['1730375_1_3_1', '1730375_1_1_1'], 'points': 'p1,p14,p24,p25,p4,p26,p18,p19,p20,p21,p22,p23,p27', 'start_time_stamp': '20260504210000', 'end_time_stamp': '20260504235959', 'minute_interval': 5}
2026-05-05 16:20:58,218 - root - INFO - Successfully upserted 36 data points.
2026-05-05 16:20:58,230 - root - INFO - Successfully upserted 36 data points.
2026-05-05 16:20:58,254 - root - INFO - Successfully upserted 72 data points.
2026-05-05 16:20:58,262 - root - INFO - Fetching minute data with payload: {'ps_key_list': ['1730375_1_3_1', '1730375_1_1_1'], 'points': 'p1,p14,p24,p25,p4,p26,p18,p19,p20,p21,p22,p23,p27', 'start_time_stamp': '20260504090000', 'end_time_stamp': '20260504115959', 'minute_interval': 5}
2026-05-05 16:20:58,265 - root - INFO - Fetching minute data with payload: {'ps_key_list': ['1730375_1_3_1', '1730375_1_1_1'], 'points': 'p1,p14,p24,p25,p4,p26,p18,p19,p20,p21,p22,p23,p27', 'start_time_stamp': '20260504120000', 'end_time_stamp': '20260504145959', 'minute_interval': 5}
2026-05-05 16:20:58,265 - root - INFO - Fetching minute data with payload: {'ps_key_list': ['1728142_1_1_1'], 'points': 'p1,p14,p24,p25,p4,p26,p18,p19,p20,p21,p22,p23,p27', 'start_time_stamp': '20260504000000', 'end_time_stamp': '20260504025959', 'minute_interval': 5}
2026-05-05 16:20:59,308 - root - INFO - Response status code: 200
2026-05-05 16:20:59,308 - root - INFO - API response from https://sg5.fusionsolar.huawei.com/rest/openapi/pvms/nbi/v1/device/history (truncated): {'failCode': 305, 'immediately': True, 'message': 'USER_MUST_RELOGIN', 'success': False}
2026-05-05 16:20:59,310 - root - WARNING - Session expired. Attempting to re-login...
2026-05-05 16:20:59,311 - root - INFO - Attempting to login to FusionSolar API at https://sg5.fusionsolar.huawei.com/thirdData/login
2026-05-05 16:20:59,596 - root - INFO - Login response status code: 200
2026-05-05 16:20:59,596 - root - ERROR - FusionSolar login failed: Unknown error
2026-05-05 16:20:59,599 - root - ERROR - Re-login failed. Cannot proceed with API request.
2026-05-05 16:20:59,602 - root - WARNING - Failed to fetch historical data
2026-05-05 16:20:59,602 - root - INFO - Using single devDn for device/history (API: one device per query)
2026-05-05 16:20:59,606 - root - INFO - Fetching historical data for 1 devices of type meteo_station
2026-05-05 16:20:59,610 - root - INFO - Making API request to: https://sg5.fusionsolar.huawei.com/rest/openapi/pvms/nbi/v1/device/history
2026-05-05 16:20:59,610 - root - INFO - Request payload: {'devDn': 'NE=58795790', 'devTypeId': 10, 'startTime': 1777741200000, 'endTime': 1777827600000}
2026-05-05 16:20:59,892 - root - INFO - Response status code: 200
2026-05-05 16:20:59,892 - root - INFO - API response from https://sg5.fusionsolar.huawei.com/rest/openapi/pvms/nbi/v1/device/history (truncated): {'failCode': 305, 'immediately': True, 'message': 'USER_MUST_RELOGIN', 'success': False}
2026-05-05 16:20:59,894 - root - WARNING - Session expired. Attempting to re-login...
2026-05-05 16:20:59,895 - root - INFO - Attempting to login to FusionSolar API at https://sg5.fusionsolar.huawei.com/thirdData/login
2026-05-05 16:21:00,183 - root - INFO - Login response status code: 200
2026-05-05 16:21:00,183 - root - ERROR - FusionSolar login failed: Unknown error
2026-05-05 16:21:00,186 - root - ERROR - Re-login failed. Cannot proceed with API request.
2026-05-05 16:21:00,190 - root - WARNING - Failed to fetch historical data
2026-05-05 16:21:00,190 - root - INFO - Using single devDn for device/history (API: one device per query)
2026-05-05 16:21:00,197 - root - INFO - Fetching historical data for 1 devices of type meteo_station
2026-05-05 16:21:00,198 - root - INFO - Making API request to: https://sg5.fusionsolar.huawei.com/rest/openapi/pvms/nbi/v1/device/history
2026-05-05 16:21:00,199 - root - INFO - Request payload: {'devDn': 'NE=63022292', 'devTypeId': 10, 'startTime': 1777741200000, 'endTime': 1777827600000}
2026-05-05 16:21:00,480 - root - INFO - Response status code: 200
2026-05-05 16:21:00,480 - root - INFO - API response from https://sg5.fusionsolar.huawei.com/rest/openapi/pvms/nbi/v1/device/history (truncated): {'failCode': 305, 'immediately': True, 'message': 'USER_MUST_RELOGIN', 'success': False}
2026-05-05 16:21:00,482 - root - WARNING - Session expired. Attempting to re-login...
2026-05-05 16:21:00,483 - root - INFO - Attempting to login to FusionSolar API at https://sg5.fusionsolar.huawei.com/thirdData/login
2026-05-05 16:21:00,732 - root - INFO - Successfully upserted 36 data points.
2026-05-05 16:21:00,733 - root - INFO - Fetching minute data with payload: {'ps_key_list': ['1723575_1_3_1'], 'points': 'p1,p14,p24,p25,p4,p26,p18,p19,p20,p21,p22,p23,p27', 'start_time_stamp': '20260504030000', 'end_time_stamp': '20260504055959', 'minute_interval': 5}
2026-05-05 16:21:00,747 - root - INFO - Successfully upserted 72 data points.
2026-05-05 16:21:00,747 - root - INFO - Fetching minute data with payload: {'ps_key_list': ['1728142_1_1_1'], 'points': 'p1,p14,p24,p25,p4,p26,p18,p19,p20,p21,p22,p23,p27', 'start_time_stamp': '20260504180000', 'end_time_stamp': '20260504205959', 'minute_interval': 5}
2026-05-05 16:21:00,747 - root - INFO - Successfully upserted 72 data points.
2026-05-05 16:21:00,749 - root - INFO - Fetching minute data with payload: {'ps_key_list': ['1728142_1_1_1'], 'points': 'p1,p14,p24,p25,p4,p26,p18,p19,p20,p21,p22,p23,p27', 'start_time_stamp': '20260504150000', 'end_time_stamp': '20260504175959', 'minute_interval': 5}
2026-05-05 16:21:00,774 - root - INFO - Login response status code: 200
2026-05-05 16:21:00,777 - root - ERROR - FusionSolar login failed: Unknown error
2026-05-05 16:21:00,779 - root - ERROR - Re-login failed. Cannot proceed with API request.
2026-05-05 16:21:00,803 - root - WARNING - Failed to fetch historical data
2026-05-05 16:21:00,803 - root - INFO - Using single devDn for device/history (API: one device per query)
2026-05-05 16:21:00,812 - root - INFO - Fetching historical data for 1 devices of type meteo_station
2026-05-05 16:21:00,814 - root - INFO - Making API request to: https://sg5.fusionsolar.huawei.com/rest/openapi/pvms/nbi/v1/device/history
2026-05-05 16:21:00,814 - root - INFO - Request payload: {'devDn': 'NE=63022168', 'devTypeId': 10, 'startTime': 1777741200000, 'endTime': 1777827600000}
2026-05-05 16:21:00,990 - root - INFO - Successfully upserted 72 data points.
2026-05-05 16:21:00,990 - root - INFO - Fetching minute data with payload: {'ps_key_list': ['1728142_1_1_1'], 'points': 'p1,p14,p24,p25,p4,p26,p18,p19,p20,p21,p22,p23,p27', 'start_time_stamp': '20260504060000', 'end_time_stamp': '20260504085959', 'minute_interval': 5}
2026-05-05 16:21:01,131 - root - INFO - Successfully upserted 72 data points.
2026-05-05 16:21:01,148 - root - INFO - Successfully upserted 36 data points.
2026-05-05 16:21:01,153 - root - INFO - Fetching minute data with payload: {'ps_key_list': ['1728142_1_1_1'], 'points': 'p1,p14,p24,p25,p4,p26,p18,p19,p20,p21,p22,p23,p27', 'start_time_stamp': '20260504120000', 'end_time_stamp': '20260504145959', 'minute_interval': 5}
2026-05-05 16:21:01,154 - root - INFO - Fetching minute data with payload: {'ps_key_list': ['1723575_1_3_1'], 'points': 'p1,p14,p24,p25,p4,p26,p18,p19,p20,p21,p22,p23,p27', 'start_time_stamp': '20260504000000', 'end_time_stamp': '20260504025959', 'minute_interval': 5}
2026-05-05 16:21:01,165 - root - INFO - Successfully upserted 72 data points.
2026-05-05 16:21:01,201 - root - INFO - Successfully upserted 72 data points.
2026-05-05 16:21:01,229 - root - INFO - Fetching minute data with payload: {'ps_key_list': ['1728142_1_1_1'], 'points': 'p1,p14,p24,p25,p4,p26,p18,p19,p20,p21,p22,p23,p27', 'start_time_stamp': '20260504090000', 'end_time_stamp': '20260504115959', 'minute_interval': 5}
2026-05-05 16:21:01,230 - root - INFO - Fetching minute data with payload: {'ps_key_list': ['1728142_1_1_1'], 'points': 'p1,p14,p24,p25,p4,p26,p18,p19,p20,p21,p22,p23,p27', 'start_time_stamp': '20260504210000', 'end_time_stamp': '20260504235959', 'minute_interval': 5}
2026-05-05 16:21:01,742 - root - INFO - Response status code: 200
2026-05-05 16:21:01,742 - root - INFO - API response from https://sg5.fusionsolar.huawei.com/rest/openapi/pvms/nbi/v1/device/history (truncated): {'failCode': 305, 'immediately': True, 'message': 'USER_MUST_RELOGIN', 'success': False}
2026-05-05 16:21:01,745 - root - WARNING - Session expired. Attempting to re-login...
2026-05-05 16:21:01,745 - root - INFO - Attempting to login to FusionSolar API at https://sg5.fusionsolar.huawei.com/thirdData/login
2026-05-05 16:21:02,077 - root - INFO - Login response status code: 200
2026-05-05 16:21:02,077 - root - ERROR - FusionSolar login failed: Unknown error
2026-05-05 16:21:02,081 - root - ERROR - Re-login failed. Cannot proceed with API request.
2026-05-05 16:21:02,085 - root - WARNING - Failed to fetch historical data
2026-05-05 16:21:02,086 - root - INFO - Using single devDn for device/history (API: one device per query)
2026-05-05 16:21:02,090 - root - INFO - Fetching historical data for 1 devices of type meteo_station
2026-05-05 16:21:02,090 - root - INFO - Making API request to: https://sg5.fusionsolar.huawei.com/rest/openapi/pvms/nbi/v1/device/history
2026-05-05 16:21:02,091 - root - INFO - Request payload: {'devDn': 'NE=63022396', 'devTypeId': 10, 'startTime': 1777741200000, 'endTime': 1777827600000}
2026-05-05 16:21:02,369 - root - INFO - Response status code: 200
2026-05-05 16:21:02,369 - root - INFO - API response from https://sg5.fusionsolar.huawei.com/rest/openapi/pvms/nbi/v1/device/history (truncated): {'failCode': 305, 'immediately': True, 'message': 'USER_MUST_RELOGIN', 'success': False}
2026-05-05 16:21:02,372 - root - WARNING - Session expired. Attempting to re-login...
2026-05-05 16:21:02,372 - root - INFO - Attempting to login to FusionSolar API at https://sg5.fusionsolar.huawei.com/thirdData/login
2026-05-05 16:21:03,648 - root - INFO - Successfully upserted 36 data points.
2026-05-05 16:21:03,649 - root - INFO - Fetching minute data with payload: {'ps_key_list': ['1722752_1_1_1'], 'points': 'p1,p14,p24,p25,p4,p26,p18,p19,p20,p21,p22,p23,p27', 'start_time_stamp': '20260504030000', 'end_time_stamp': '20260504055959', 'minute_interval': 5}
2026-05-05 16:21:03,693 - root - INFO - Successfully upserted 36 data points.
2026-05-05 16:21:03,694 - root - INFO - Successfully upserted 36 data points.
2026-05-05 16:21:03,694 - root - INFO - Fetching minute data with payload: {'ps_key_list': ['1723575_1_3_1'], 'points': 'p1,p14,p24,p25,p4,p26,p18,p19,p20,p21,p22,p23,p27', 'start_time_stamp': '20260504180000', 'end_time_stamp': '20260504205959', 'minute_interval': 5}
2026-05-05 16:21:03,696 - root - INFO - Fetching minute data with payload: {'ps_key_list': ['1723575_1_3_1'], 'points': 'p1,p14,p24,p25,p4,p26,p18,p19,p20,p21,p22,p23,p27', 'start_time_stamp': '20260504150000', 'end_time_stamp': '20260504175959', 'minute_interval': 5}
2026-05-05 16:21:03,957 - root - INFO - Successfully upserted 36 data points.
2026-05-05 16:21:03,957 - root - INFO - Fetching minute data with payload: {'ps_key_list': ['1723575_1_3_1'], 'points': 'p1,p14,p24,p25,p4,p26,p18,p19,p20,p21,p22,p23,p27', 'start_time_stamp': '20260504060000', 'end_time_stamp': '20260504085959', 'minute_interval': 5}
2026-05-05 16:21:04,097 - root - INFO - Successfully upserted 36 data points.
2026-05-05 16:21:04,098 - root - INFO - Fetching minute data with payload: {'ps_key_list': ['1723575_1_3_1'], 'points': 'p1,p14,p24,p25,p4,p26,p18,p19,p20,p21,p22,p23,p27', 'start_time_stamp': '20260504210000', 'end_time_stamp': '20260504235959', 'minute_interval': 5}
2026-05-05 16:21:04,163 - root - INFO - Successfully upserted 36 data points.
2026-05-05 16:21:04,164 - root - INFO - Fetching minute data with payload: {'ps_key_list': ['1723575_1_3_1'], 'points': 'p1,p14,p24,p25,p4,p26,p18,p19,p20,p21,p22,p23,p27', 'start_time_stamp': '20260504120000', 'end_time_stamp': '20260504145959', 'minute_interval': 5}
2026-05-05 16:21:04,176 - root - INFO - Successfully upserted 36 data points.
2026-05-05 16:21:04,176 - root - INFO - Fetching minute data with payload: {'ps_key_list': ['1722752_1_1_1'], 'points': 'p1,p14,p24,p25,p4,p26,p18,p19,p20,p21,p22,p23,p27', 'start_time_stamp': '20260504000000', 'end_time_stamp': '20260504025959', 'minute_interval': 5}
2026-05-05 16:21:04,201 - root - INFO - Successfully upserted 36 data points.
2026-05-05 16:21:04,203 - root - INFO - Fetching minute data with payload: {'ps_key_list': ['1723575_1_3_1'], 'points': 'p1,p14,p24,p25,p4,p26,p18,p19,p20,p21,p22,p23,p27', 'start_time_stamp': '20260504090000', 'end_time_stamp': '20260504115959', 'minute_interval': 5}
2026-05-05 16:21:04,787 - root - INFO - Login response status code: 200
2026-05-05 16:21:04,787 - root - ERROR - FusionSolar login failed: Unknown error
2026-05-05 16:21:04,790 - root - ERROR - Re-login failed. Cannot proceed with API request.
2026-05-05 16:21:04,793 - root - WARNING - Failed to fetch historical data
2026-05-05 16:21:04,794 - root - INFO - Using single devDn for device/history (API: one device per query)
2026-05-05 16:21:04,801 - root - INFO - Fetching historical data for 1 devices of type meteo_station
2026-05-05 16:21:04,801 - root - INFO - Making API request to: https://sg5.fusionsolar.huawei.com/rest/openapi/pvms/nbi/v1/device/history
2026-05-05 16:21:04,802 - root - INFO - Request payload: {'devDn': 'NE=63022388', 'devTypeId': 10, 'startTime': 1777741200000, 'endTime': 1777827600000}
2026-05-05 16:21:05,141 - root - INFO - Response status code: 200
2026-05-05 16:21:05,141 - root - INFO - API response from https://sg5.fusionsolar.huawei.com/rest/openapi/pvms/nbi/v1/device/history (truncated): {'failCode': 305, 'immediately': True, 'message': 'USER_MUST_RELOGIN', 'success': False}
2026-05-05 16:21:05,143 - root - WARNING - Session expired. Attempting to re-login...
2026-05-05 16:21:05,144 - root - INFO - Attempting to login to FusionSolar API at https://sg5.fusionsolar.huawei.com/thirdData/login
2026-05-05 16:21:05,433 - root - INFO - Login response status code: 200
2026-05-05 16:21:05,434 - root - ERROR - FusionSolar login failed: Unknown error
2026-05-05 16:21:05,437 - root - ERROR - Re-login failed. Cannot proceed with API request.
2026-05-05 16:21:05,440 - root - WARNING - Failed to fetch historical data
2026-05-05 16:21:05,441 - root - INFO - Using single devDn for device/history (API: one device per query)
2026-05-05 16:21:05,447 - root - INFO - Fetching historical data for 1 devices of type meteo_station
2026-05-05 16:21:05,448 - root - INFO - Making API request to: https://sg5.fusionsolar.huawei.com/rest/openapi/pvms/nbi/v1/device/history
2026-05-05 16:21:05,448 - root - INFO - Request payload: {'devDn': 'NE=63022386', 'devTypeId': 10, 'startTime': 1777741200000, 'endTime': 1777827600000}
2026-05-05 16:21:05,738 - root - INFO - Response status code: 200
2026-05-05 16:21:05,738 - root - INFO - API response from https://sg5.fusionsolar.huawei.com/rest/openapi/pvms/nbi/v1/device/history (truncated): {'failCode': 305, 'immediately': True, 'message': 'USER_MUST_RELOGIN', 'success': False}
2026-05-05 16:21:05,740 - root - WARNING - Session expired. Attempting to re-login...
2026-05-05 16:21:05,741 - root - INFO - Attempting to login to FusionSolar API at https://sg5.fusionsolar.huawei.com/thirdData/login
2026-05-05 16:21:06,036 - root - INFO - Login response status code: 200
2026-05-05 16:21:06,036 - root - ERROR - FusionSolar login failed: Unknown error
2026-05-05 16:21:06,039 - root - ERROR - Re-login failed. Cannot proceed with API request.
2026-05-05 16:21:06,042 - root - WARNING - Failed to fetch historical data
2026-05-05 16:21:06,042 - root - INFO - Using single devDn for device/history (API: one device per query)
2026-05-05 16:21:06,050 - root - INFO - Fetching historical data for 1 devices of type meteo_station
2026-05-05 16:21:06,050 - root - INFO - Making API request to: https://sg5.fusionsolar.huawei.com/rest/openapi/pvms/nbi/v1/device/history
2026-05-05 16:21:06,051 - root - INFO - Request payload: {'devDn': 'NE=50518052', 'devTypeId': 10, 'startTime': 1777741200000, 'endTime': 1777827600000}
2026-05-05 16:21:06,336 - root - INFO - Response status code: 200
2026-05-05 16:21:06,337 - root - INFO - API response from https://sg5.fusionsolar.huawei.com/rest/openapi/pvms/nbi/v1/device/history (truncated): {'failCode': 305, 'immediately': True, 'message': 'USER_MUST_RELOGIN', 'success': False}
2026-05-05 16:21:06,339 - root - WARNING - Session expired. Attempting to re-login...
2026-05-05 16:21:06,339 - root - INFO - Attempting to login to FusionSolar API at https://sg5.fusionsolar.huawei.com/thirdData/login
2026-05-05 16:21:06,634 - root - INFO - Login response status code: 200
2026-05-05 16:21:06,635 - root - ERROR - FusionSolar login failed: Unknown error
2026-05-05 16:21:06,638 - root - ERROR - Re-login failed. Cannot proceed with API request.
2026-05-05 16:21:06,641 - root - WARNING - Failed to fetch historical data
2026-05-05 16:21:06,641 - root - INFO - Using single devDn for device/history (API: one device per query)
2026-05-05 16:21:06,645 - root - INFO - Fetching historical data for 1 devices of type meteo_station
2026-05-05 16:21:06,647 - root - INFO - Making API request to: https://sg5.fusionsolar.huawei.com/rest/openapi/pvms/nbi/v1/device/history
2026-05-05 16:21:06,648 - root - INFO - Request payload: {'devDn': 'NE=50518051', 'devTypeId': 10, 'startTime': 1777741200000, 'endTime': 1777827600000}
2026-05-05 16:21:06,667 - root - INFO - Successfully upserted 36 data points.
2026-05-05 16:21:06,668 - root - INFO - Fetching minute data with payload: {'ps_key_list': ['1722752_1_1_1'], 'points': 'p1,p14,p24,p25,p4,p26,p18,p19,p20,p21,p22,p23,p27', 'start_time_stamp': '20260504180000', 'end_time_stamp': '20260504205959', 'minute_interval': 5}
2026-05-05 16:21:06,668 - root - INFO - Successfully upserted 36 data points.
2026-05-05 16:21:06,669 - root - INFO - Successfully upserted 36 data points.
2026-05-05 16:21:06,670 - root - INFO - Fetching minute data with payload: {'ps_key_list': ['1734912_1_1_1'], 'points': 'p1,p14,p24,p25,p4,p26,p18,p19,p20,p21,p22,p23,p27', 'start_time_stamp': '20260504030000', 'end_time_stamp': '20260504055959', 'minute_interval': 5}
2026-05-05 16:21:06,671 - root - INFO - Fetching minute data with payload: {'ps_key_list': ['1722752_1_1_1'], 'points': 'p1,p14,p24,p25,p4,p26,p18,p19,p20,p21,p22,p23,p27', 'start_time_stamp': '20260504150000', 'end_time_stamp': '20260504175959', 'minute_interval': 5}
2026-05-05 16:21:07,061 - root - INFO - Successfully upserted 36 data points.
2026-05-05 16:21:07,062 - root - INFO - Fetching minute data with payload: {'ps_key_list': ['1722752_1_1_1'], 'points': 'p1,p14,p24,p25,p4,p26,p18,p19,p20,p21,p22,p23,p27', 'start_time_stamp': '20260504060000', 'end_time_stamp': '20260504085959', 'minute_interval': 5}
2026-05-05 16:21:07,107 - root - INFO - Successfully upserted 36 data points.
2026-05-05 16:21:07,107 - root - INFO - Fetching minute data with payload: {'ps_key_list': ['1722752_1_1_1'], 'points': 'p1,p14,p24,p25,p4,p26,p18,p19,p20,p21,p22,p23,p27', 'start_time_stamp': '20260504120000', 'end_time_stamp': '20260504145959', 'minute_interval': 5}
2026-05-05 16:21:07,162 - root - INFO - Response status code: 200
2026-05-05 16:21:07,163 - root - INFO - API response from https://sg5.fusionsolar.huawei.com/rest/openapi/pvms/nbi/v1/device/history (truncated): {'failCode': 305, 'immediately': True, 'message': 'USER_MUST_RELOGIN', 'success': False}
2026-05-05 16:21:07,165 - root - WARNING - Session expired. Attempting to re-login...
2026-05-05 16:21:07,166 - root - INFO - Attempting to login to FusionSolar API at https://sg5.fusionsolar.huawei.com/thirdData/login
2026-05-05 16:21:07,178 - root - INFO - Successfully upserted 36 data points.
2026-05-05 16:21:07,179 - root - INFO - Fetching minute data with payload: {'ps_key_list': ['1722752_1_1_1'], 'points': 'p1,p14,p24,p25,p4,p26,p18,p19,p20,p21,p22,p23,p27', 'start_time_stamp': '20260504210000', 'end_time_stamp': '20260504235959', 'minute_interval': 5}
2026-05-05 16:21:07,283 - root - INFO - Successfully upserted 36 data points.
2026-05-05 16:21:07,418 - root - INFO - Successfully upserted 36 data points.
2026-05-05 16:21:07,519 - root - INFO - Fetching minute data with payload: {'ps_key_list': ['1722752_1_1_1'], 'points': 'p1,p14,p24,p25,p4,p26,p18,p19,p20,p21,p22,p23,p27', 'start_time_stamp': '20260504090000', 'end_time_stamp': '20260504115959', 'minute_interval': 5}
2026-05-05 16:21:07,521 - root - INFO - Fetching minute data with payload: {'ps_key_list': ['1734912_1_1_1'], 'points': 'p1,p14,p24,p25,p4,p26,p18,p19,p20,p21,p22,p23,p27', 'start_time_stamp': '20260504000000', 'end_time_stamp': '20260504025959', 'minute_interval': 5}
2026-05-05 16:21:07,705 - root - INFO - Login response status code: 200
2026-05-05 16:21:07,705 - root - ERROR - FusionSolar login failed: Unknown error
2026-05-05 16:21:07,708 - root - ERROR - Re-login failed. Cannot proceed with API request.
2026-05-05 16:21:07,711 - root - WARNING - Failed to fetch historical data
2026-05-05 16:21:07,712 - root - INFO - Using single devDn for device/history (API: one device per query)
2026-05-05 16:21:07,719 - root - INFO - Fetching historical data for 1 devices of type meteo_station
2026-05-05 16:21:07,720 - root - INFO - Making API request to: https://sg5.fusionsolar.huawei.com/rest/openapi/pvms/nbi/v1/device/history
2026-05-05 16:21:07,721 - root - INFO - Request payload: {'devDn': 'NE=62806358', 'devTypeId': 10, 'startTime': 1777741200000, 'endTime': 1777827600000}
2026-05-05 16:21:08,098 - root - INFO - Response status code: 200
2026-05-05 16:21:08,098 - root - INFO - API response from https://sg5.fusionsolar.huawei.com/rest/openapi/pvms/nbi/v1/device/history (truncated): {'failCode': 305, 'immediately': True, 'message': 'USER_MUST_RELOGIN', 'success': False}
2026-05-05 16:21:08,101 - root - WARNING - Session expired. Attempting to re-login...
2026-05-05 16:21:08,101 - root - INFO - Attempting to login to FusionSolar API at https://sg5.fusionsolar.huawei.com/thirdData/login
2026-05-05 16:21:08,395 - root - INFO - Login response status code: 200
2026-05-05 16:21:08,395 - root - ERROR - FusionSolar login failed: Unknown error
2026-05-05 16:21:08,398 - root - ERROR - Re-login failed. Cannot proceed with API request.
2026-05-05 16:21:08,401 - root - WARNING - Failed to fetch historical data
2026-05-05 16:21:08,401 - root - INFO - Using single devDn for device/history (API: one device per query)
2026-05-05 16:21:08,409 - root - INFO - Fetching historical data for 1 devices of type meteo_station
2026-05-05 16:21:08,409 - root - INFO - Making API request to: https://sg5.fusionsolar.huawei.com/rest/openapi/pvms/nbi/v1/device/history
2026-05-05 16:21:08,410 - root - INFO - Request payload: {'devDn': 'NE=62806362', 'devTypeId': 10, 'startTime': 1777741200000, 'endTime': 1777827600000}
2026-05-05 16:21:08,696 - root - INFO - Response status code: 200
2026-05-05 16:21:08,697 - root - INFO - API response from https://sg5.fusionsolar.huawei.com/rest/openapi/pvms/nbi/v1/device/history (truncated): {'failCode': 305, 'immediately': True, 'message': 'USER_MUST_RELOGIN', 'success': False}
2026-05-05 16:21:08,699 - root - WARNING - Session expired. Attempting to re-login...
2026-05-05 16:21:08,699 - root - INFO - Attempting to login to FusionSolar API at https://sg5.fusionsolar.huawei.com/thirdData/login
2026-05-05 16:21:08,987 - root - INFO - Login response status code: 200
2026-05-05 16:21:08,987 - root - ERROR - FusionSolar login failed: Unknown error
2026-05-05 16:21:08,991 - root - ERROR - Re-login failed. Cannot proceed with API request.
2026-05-05 16:21:08,993 - root - WARNING - Failed to fetch historical data
2026-05-05 16:21:08,994 - root - INFO - Using single devDn for device/history (API: one device per query)
2026-05-05 16:21:08,998 - root - INFO - Fetching historical data for 1 devices of type meteo_station
2026-05-05 16:21:08,998 - root - INFO - Making API request to: https://sg5.fusionsolar.huawei.com/rest/openapi/pvms/nbi/v1/device/history
2026-05-05 16:21:08,999 - root - INFO - Request payload: {'devDn': 'NE=62806359', 'devTypeId': 10, 'startTime': 1777741200000, 'endTime': 1777827600000}
2026-05-05 16:21:09,279 - root - INFO - Response status code: 200
2026-05-05 16:21:09,279 - root - INFO - API response from https://sg5.fusionsolar.huawei.com/rest/openapi/pvms/nbi/v1/device/history (truncated): {'failCode': 305, 'immediately': True, 'message': 'USER_MUST_RELOGIN', 'success': False}
2026-05-05 16:21:09,282 - root - WARNING - Session expired. Attempting to re-login...
2026-05-05 16:21:09,282 - root - INFO - Attempting to login to FusionSolar API at https://sg5.fusionsolar.huawei.com/thirdData/login
2026-05-05 16:21:09,537 - root - INFO - Successfully upserted 36 data points.
2026-05-05 16:21:09,537 - root - INFO - Fetching minute data with payload: {'ps_key_list': ['1734912_1_1_1'], 'points': 'p1,p14,p24,p25,p4,p26,p18,p19,p20,p21,p22,p23,p27', 'start_time_stamp': '20260504150000', 'end_time_stamp': '20260504175959', 'minute_interval': 5}
2026-05-05 16:21:09,537 - root - INFO - Successfully upserted 36 data points.
2026-05-05 16:21:09,541 - root - INFO - Fetching minute data with payload: {'ps_key_list': ['1734912_1_1_1'], 'points': 'p1,p14,p24,p25,p4,p26,p18,p19,p20,p21,p22,p23,p27', 'start_time_stamp': '20260504180000', 'end_time_stamp': '20260504205959', 'minute_interval': 5}
2026-05-05 16:21:09,575 - root - INFO - Login response status code: 200
2026-05-05 16:21:09,577 - root - ERROR - FusionSolar login failed: Unknown error
2026-05-05 16:21:09,580 - root - ERROR - Re-login failed. Cannot proceed with API request.
2026-05-05 16:21:09,583 - root - WARNING - Failed to fetch historical data
2026-05-05 16:21:09,584 - root - INFO - Using single devDn for device/history (API: one device per query)
2026-05-05 16:21:09,590 - root - INFO - Fetching historical data for 1 devices of type meteo_station
2026-05-05 16:21:09,591 - root - INFO - Making API request to: https://sg5.fusionsolar.huawei.com/rest/openapi/pvms/nbi/v1/device/history
2026-05-05 16:21:09,591 - root - INFO - Request payload: {'devDn': 'NE=62806361', 'devTypeId': 10, 'startTime': 1777741200000, 'endTime': 1777827600000}
2026-05-05 16:21:09,629 - root - INFO - Successfully upserted 36 data points.
2026-05-05 16:21:09,638 - root - INFO - Fetching minute data with payload: {'ps_key_list': ['1628909_1_2_2', '1628909_1_1_2', '1628909_1_3_1', '1628909_1_2_1', '1628909_1_1_1', '1628909_1_4_1', '1628909_1_3_2'], 'points': 'p1,p14,p24,p25,p4,p26,p18,p19,p20,p21,p22,p23,p27', 'start_time_stamp': '20260504030000', 'end_time_stamp': '20260504055959', 'minute_interval': 5}
2026-05-05 16:21:09,971 - root - INFO - Successfully upserted 36 data points.
2026-05-05 16:21:09,971 - root - INFO - Fetching minute data with payload: {'ps_key_list': ['1734912_1_1_1'], 'points': 'p1,p14,p24,p25,p4,p26,p18,p19,p20,p21,p22,p23,p27', 'start_time_stamp': '20260504120000', 'end_time_stamp': '20260504145959', 'minute_interval': 5}
2026-05-05 16:21:09,989 - root - INFO - Successfully upserted 36 data points.
2026-05-05 16:21:09,990 - root - INFO - Fetching minute data with payload: {'ps_key_list': ['1734912_1_1_1'], 'points': 'p1,p14,p24,p25,p4,p26,p18,p19,p20,p21,p22,p23,p27', 'start_time_stamp': '20260504060000', 'end_time_stamp': '20260504085959', 'minute_interval': 5}
2026-05-05 16:21:10,065 - root - INFO - Successfully upserted 36 data points.
2026-05-05 16:21:10,065 - root - INFO - Fetching minute data with payload: {'ps_key_list': ['1734912_1_1_1'], 'points': 'p1,p14,p24,p25,p4,p26,p18,p19,p20,p21,p22,p23,p27', 'start_time_stamp': '20260504210000', 'end_time_stamp': '20260504235959', 'minute_interval': 5}
2026-05-05 16:21:10,077 - root - INFO - Response status code: 200
2026-05-05 16:21:10,077 - root - INFO - API response from https://sg5.fusionsolar.huawei.com/rest/openapi/pvms/nbi/v1/device/history (truncated): {'failCode': 305, 'immediately': True, 'message': 'USER_MUST_RELOGIN', 'success': False}
2026-05-05 16:21:10,078 - root - WARNING - Session expired. Attempting to re-login...
2026-05-05 16:21:10,078 - root - INFO - Attempting to login to FusionSolar API at https://sg5.fusionsolar.huawei.com/thirdData/login
2026-05-05 16:21:10,431 - root - INFO - Successfully upserted 36 data points.
2026-05-05 16:21:10,435 - root - INFO - Fetching minute data with payload: {'ps_key_list': ['1628909_1_2_2', '1628909_1_1_2', '1628909_1_3_1', '1628909_1_2_1', '1628909_1_1_1', '1628909_1_4_1', '1628909_1_3_2'], 'points': 'p1,p14,p24,p25,p4,p26,p18,p19,p20,p21,p22,p23,p27', 'start_time_stamp': '20260504000000', 'end_time_stamp': '20260504025959', 'minute_interval': 5}
2026-05-05 16:21:10,437 - root - INFO - Successfully upserted 36 data points.
2026-05-05 16:21:10,464 - root - INFO - Fetching minute data with payload: {'ps_key_list': ['1734912_1_1_1'], 'points': 'p1,p14,p24,p25,p4,p26,p18,p19,p20,p21,p22,p23,p27', 'start_time_stamp': '20260504090000', 'end_time_stamp': '20260504115959', 'minute_interval': 5}
2026-05-05 16:21:10,598 - root - INFO - Login response status code: 200
2026-05-05 16:21:10,598 - root - ERROR - FusionSolar login failed: Unknown error
2026-05-05 16:21:10,602 - root - ERROR - Re-login failed. Cannot proceed with API request.
2026-05-05 16:21:10,605 - root - WARNING - Failed to fetch historical data
2026-05-05 16:21:10,605 - root - INFO - Using single devDn for device/history (API: one device per query)
2026-05-05 16:21:10,612 - root - INFO - Fetching historical data for 1 devices of type meteo_station
2026-05-05 16:21:10,613 - root - INFO - Making API request to: https://sg5.fusionsolar.huawei.com/rest/openapi/pvms/nbi/v1/device/history
2026-05-05 16:21:10,613 - root - INFO - Request payload: {'devDn': 'NE=64100324', 'devTypeId': 10, 'startTime': 1777741200000, 'endTime': 1777827600000}
2026-05-05 16:21:10,979 - root - INFO - Response status code: 200
2026-05-05 16:21:10,979 - root - INFO - API response from https://sg5.fusionsolar.huawei.com/rest/openapi/pvms/nbi/v1/device/history (truncated): {'failCode': 305, 'immediately': True, 'message': 'USER_MUST_RELOGIN', 'success': False}
2026-05-05 16:21:10,981 - root - WARNING - Session expired. Attempting to re-login...
2026-05-05 16:21:10,982 - root - INFO - Attempting to login to FusionSolar API at https://sg5.fusionsolar.huawei.com/thirdData/login
2026-05-05 16:21:11,486 - root - INFO - Login response status code: 200
2026-05-05 16:21:11,487 - root - ERROR - FusionSolar login failed: Unknown error
2026-05-05 16:21:11,490 - root - ERROR - Re-login failed. Cannot proceed with API request.
2026-05-05 16:21:11,493 - root - WARNING - Failed to fetch historical data
2026-05-05 16:21:11,493 - root - INFO - Using single devDn for device/history (API: one device per query)
2026-05-05 16:21:11,497 - root - INFO - Fetching historical data for 1 devices of type meteo_station
2026-05-05 16:21:11,501 - root - INFO - Making API request to: https://sg5.fusionsolar.huawei.com/rest/openapi/pvms/nbi/v1/device/history
2026-05-05 16:21:11,502 - root - INFO - Request payload: {'devDn': 'NE=69854700', 'devTypeId': 10, 'startTime': 1777741200000, 'endTime': 1777827600000}
2026-05-05 16:21:11,782 - root - INFO - Response status code: 200
2026-05-05 16:21:11,782 - root - INFO - API response from https://sg5.fusionsolar.huawei.com/rest/openapi/pvms/nbi/v1/device/history (truncated): {'failCode': 305, 'immediately': True, 'message': 'USER_MUST_RELOGIN', 'success': False}
2026-05-05 16:21:11,784 - root - WARNING - Session expired. Attempting to re-login...
2026-05-05 16:21:11,785 - root - INFO - Attempting to login to FusionSolar API at https://sg5.fusionsolar.huawei.com/thirdData/login
2026-05-05 16:21:12,075 - root - INFO - Login response status code: 200
2026-05-05 16:21:12,075 - root - ERROR - FusionSolar login failed: Unknown error
2026-05-05 16:21:12,079 - root - ERROR - Re-login failed. Cannot proceed with API request.
2026-05-05 16:21:12,081 - root - WARNING - Failed to fetch historical data
2026-05-05 16:21:12,082 - root - INFO - Using single devDn for device/history (API: one device per query)
2026-05-05 16:21:12,086 - root - INFO - Fetching historical data for 1 devices of type meteo_station
2026-05-05 16:21:12,086 - root - INFO - Making API request to: https://sg5.fusionsolar.huawei.com/rest/openapi/pvms/nbi/v1/device/history
2026-05-05 16:21:12,087 - root - INFO - Request payload: {'devDn': 'NE=64100582', 'devTypeId': 10, 'startTime': 1777741200000, 'endTime': 1777827600000}
2026-05-05 16:21:12,433 - root - INFO - Successfully upserted 36 data points.
2026-05-05 16:21:12,434 - root - INFO - Fetching minute data with payload: {'ps_key_list': ['1628909_1_2_2', '1628909_1_1_2', '1628909_1_3_1', '1628909_1_2_1', '1628909_1_1_1', '1628909_1_4_1', '1628909_1_3_2'], 'points': 'p1,p14,p24,p25,p4,p26,p18,p19,p20,p21,p22,p23,p27', 'start_time_stamp': '20260504150000', 'end_time_stamp': '20260504175959', 'minute_interval': 5}
2026-05-05 16:21:12,446 - root - INFO - Response status code: 200
2026-05-05 16:21:12,447 - root - INFO - API response from https://sg5.fusionsolar.huawei.com/rest/openapi/pvms/nbi/v1/device/history (truncated): {'failCode': 305, 'immediately': True, 'message': 'USER_MUST_RELOGIN', 'success': False}
2026-05-05 16:21:12,448 - root - WARNING - Session expired. Attempting to re-login...
2026-05-05 16:21:12,448 - root - INFO - Attempting to login to FusionSolar API at https://sg5.fusionsolar.huawei.com/thirdData/login
2026-05-05 16:21:12,461 - root - INFO - Successfully upserted 36 data points.
2026-05-05 16:21:12,462 - root - INFO - Fetching minute data with payload: {'ps_key_list': ['1628909_1_2_2', '1628909_1_1_2', '1628909_1_3_1', '1628909_1_2_1', '1628909_1_1_1', '1628909_1_4_1', '1628909_1_3_2'], 'points': 'p1,p14,p24,p25,p4,p26,p18,p19,p20,p21,p22,p23,p27', 'start_time_stamp': '20260504180000', 'end_time_stamp': '20260504205959', 'minute_interval': 5}
2026-05-05 16:21:12,537 - root - INFO - Successfully upserted 252 data points.
2026-05-05 16:21:12,537 - root - INFO - Fetching minute data with payload: {'ps_key_list': ['1453245_1_3_1', '1453245_1_4_1', '1453245_1_5_1', '1453245_1_6_1', '1453245_1_1_1', '1453245_1_2_1'], 'points': 'p1,p14,p24,p25,p4,p26,p18,p19,p20,p21,p22,p23,p27', 'start_time_stamp': '20260504030000', 'end_time_stamp': '20260504055959', 'minute_interval': 5}
2026-05-05 16:21:12,744 - root - INFO - Login response status code: 200
2026-05-05 16:21:12,744 - root - ERROR - FusionSolar login failed: Unknown error
2026-05-05 16:21:12,747 - root - ERROR - Re-login failed. Cannot proceed with API request.
2026-05-05 16:21:12,750 - root - WARNING - Failed to fetch historical data
2026-05-05 16:21:12,751 - root - INFO - Using single devDn for device/history (API: one device per query)
2026-05-05 16:21:12,755 - root - INFO - Fetching historical data for 1 devices of type meteo_station
2026-05-05 16:21:12,755 - root - INFO - Making API request to: https://sg5.fusionsolar.huawei.com/rest/openapi/pvms/nbi/v1/device/history
2026-05-05 16:21:12,756 - root - INFO - Request payload: {'devDn': 'NE=54493962', 'devTypeId': 10, 'startTime': 1777741200000, 'endTime': 1777827600000}
2026-05-05 16:21:12,834 - root - INFO - Successfully upserted 36 data points.
2026-05-05 16:21:12,835 - root - INFO - Fetching minute data with payload: {'ps_key_list': ['1628909_1_2_2', '1628909_1_1_2', '1628909_1_3_1', '1628909_1_2_1', '1628909_1_1_1', '1628909_1_4_1', '1628909_1_3_2'], 'points': 'p1,p14,p24,p25,p4,p26,p18,p19,p20,p21,p22,p23,p27', 'start_time_stamp': '20260504210000', 'end_time_stamp': '20260504235959', 'minute_interval': 5}
2026-05-05 16:21:12,894 - root - INFO - Successfully upserted 36 data points.
2026-05-05 16:21:12,894 - root - INFO - Fetching minute data with payload: {'ps_key_list': ['1628909_1_2_2', '1628909_1_1_2', '1628909_1_3_1', '1628909_1_2_1', '1628909_1_1_1', '1628909_1_4_1', '1628909_1_3_2'], 'points': 'p1,p14,p24,p25,p4,p26,p18,p19,p20,p21,p22,p23,p27', 'start_time_stamp': '20260504120000', 'end_time_stamp': '20260504145959', 'minute_interval': 5}
2026-05-05 16:21:12,935 - root - INFO - Successfully upserted 36 data points.
2026-05-05 16:21:12,936 - root - INFO - Fetching minute data with payload: {'ps_key_list': ['1628909_1_2_2', '1628909_1_1_2', '1628909_1_3_1', '1628909_1_2_1', '1628909_1_1_1', '1628909_1_4_1', '1628909_1_3_2'], 'points': 'p1,p14,p24,p25,p4,p26,p18,p19,p20,p21,p22,p23,p27', 'start_time_stamp': '20260504060000', 'end_time_stamp': '20260504085959', 'minute_interval': 5}
2026-05-05 16:21:13,050 - root - INFO - Response status code: 200
2026-05-05 16:21:13,050 - root - INFO - API response from https://sg5.fusionsolar.huawei.com/rest/openapi/pvms/nbi/v1/device/history (truncated): {'failCode': 305, 'immediately': True, 'message': 'USER_MUST_RELOGIN', 'success': False}
2026-05-05 16:21:13,052 - root - WARNING - Session expired. Attempting to re-login...
2026-05-05 16:21:13,053 - root - INFO - Attempting to login to FusionSolar API at https://sg5.fusionsolar.huawei.com/thirdData/login
2026-05-05 16:21:13,252 - root - INFO - Successfully upserted 36 data points.
2026-05-05 16:21:13,253 - root - INFO - Fetching minute data with payload: {'ps_key_list': ['1628909_1_2_2', '1628909_1_1_2', '1628909_1_3_1', '1628909_1_2_1', '1628909_1_1_1', '1628909_1_4_1', '1628909_1_3_2'], 'points': 'p1,p14,p24,p25,p4,p26,p18,p19,p20,p21,p22,p23,p27', 'start_time_stamp': '20260504090000', 'end_time_stamp': '20260504115959', 'minute_interval': 5}
2026-05-05 16:21:13,339 - root - INFO - Successfully upserted 252 data points.
2026-05-05 16:21:13,340 - root - INFO - Fetching minute data with payload: {'ps_key_list': ['1453245_1_3_1', '1453245_1_4_1', '1453245_1_5_1', '1453245_1_6_1', '1453245_1_1_1', '1453245_1_2_1'], 'points': 'p1,p14,p24,p25,p4,p26,p18,p19,p20,p21,p22,p23,p27', 'start_time_stamp': '20260504000000', 'end_time_stamp': '20260504025959', 'minute_interval': 5}
2026-05-05 16:21:13,404 - root - INFO - Login response status code: 200
2026-05-05 16:21:13,405 - root - ERROR - FusionSolar login failed: Unknown error
2026-05-05 16:21:13,409 - root - ERROR - Re-login failed. Cannot proceed with API request.
2026-05-05 16:21:13,411 - root - WARNING - Failed to fetch historical data
2026-05-05 16:21:13,412 - root - INFO - Using single devDn for device/history (API: one device per query)
2026-05-05 16:21:13,419 - root - INFO - Fetching historical data for 1 devices of type meteo_station
2026-05-05 16:21:13,419 - root - INFO - Making API request to: https://sg5.fusionsolar.huawei.com/rest/openapi/pvms/nbi/v1/device/history
2026-05-05 16:21:13,420 - root - INFO - Request payload: {'devDn': 'NE=54493936', 'devTypeId': 10, 'startTime': 1777741200000, 'endTime': 1777827600000}
2026-05-05 16:21:13,699 - root - INFO - Response status code: 200
2026-05-05 16:21:13,699 - root - INFO - API response from https://sg5.fusionsolar.huawei.com/rest/openapi/pvms/nbi/v1/device/history (truncated): {'failCode': 305, 'immediately': True, 'message': 'USER_MUST_RELOGIN', 'success': False}
2026-05-05 16:21:13,701 - root - WARNING - Session expired. Attempting to re-login...
2026-05-05 16:21:13,702 - root - INFO - Attempting to login to FusionSolar API at https://sg5.fusionsolar.huawei.com/thirdData/login
2026-05-05 16:21:13,987 - root - INFO - Login response status code: 200
2026-05-05 16:21:13,987 - root - ERROR - FusionSolar login failed: Unknown error
2026-05-05 16:21:13,991 - root - ERROR - Re-login failed. Cannot proceed with API request.
2026-05-05 16:21:13,992 - root - WARNING - Failed to fetch historical data
2026-05-05 16:21:13,993 - root - INFO - Using single devDn for device/history (API: one device per query)
2026-05-05 16:21:13,998 - root - INFO - Fetching historical data for 1 devices of type meteo_station
2026-05-05 16:21:13,999 - root - INFO - Making API request to: https://sg5.fusionsolar.huawei.com/rest/openapi/pvms/nbi/v1/device/history
2026-05-05 16:21:13,999 - root - INFO - Request payload: {'devDn': 'NE=54435798', 'devTypeId': 10, 'startTime': 1777741200000, 'endTime': 1777827600000}
2026-05-05 16:21:14,287 - root - INFO - Response status code: 200
2026-05-05 16:21:14,288 - root - INFO - API response from https://sg5.fusionsolar.huawei.com/rest/openapi/pvms/nbi/v1/device/history (truncated): {'failCode': 305, 'immediately': True, 'message': 'USER_MUST_RELOGIN', 'success': False}
2026-05-05 16:21:14,290 - root - WARNING - Session expired. Attempting to re-login...
2026-05-05 16:21:14,291 - root - INFO - Attempting to login to FusionSolar API at https://sg5.fusionsolar.huawei.com/thirdData/login
2026-05-05 16:21:15,332 - root - INFO - Login response status code: 200
2026-05-05 16:21:15,333 - root - ERROR - FusionSolar login failed: Unknown error
2026-05-05 16:21:15,336 - root - ERROR - Re-login failed. Cannot proceed with API request.
2026-05-05 16:21:15,338 - root - WARNING - Failed to fetch historical data
2026-05-05 16:21:15,339 - root - INFO - Using single devDn for device/history (API: one device per query)
2026-05-05 16:21:15,347 - root - INFO - Fetching historical data for 1 devices of type meteo_station
2026-05-05 16:21:15,347 - root - INFO - Making API request to: https://sg5.fusionsolar.huawei.com/rest/openapi/pvms/nbi/v1/device/history
2026-05-05 16:21:15,348 - root - INFO - Request payload: {'devDn': 'NE=54609106', 'devTypeId': 10, 'startTime': 1777741200000, 'endTime': 1777827600000}
2026-05-05 16:21:15,620 - root - INFO - Response status code: 200
2026-05-05 16:21:15,620 - root - INFO - API response from https://sg5.fusionsolar.huawei.com/rest/openapi/pvms/nbi/v1/device/history (truncated): {'failCode': 305, 'immediately': True, 'message': 'USER_MUST_RELOGIN', 'success': False}
2026-05-05 16:21:15,621 - root - WARNING - Session expired. Attempting to re-login...
2026-05-05 16:21:15,621 - root - INFO - Attempting to login to FusionSolar API at https://sg5.fusionsolar.huawei.com/thirdData/login
2026-05-05 16:21:15,918 - root - INFO - Login response status code: 200
2026-05-05 16:21:15,919 - root - ERROR - FusionSolar login failed: Unknown error
2026-05-05 16:21:15,922 - root - ERROR - Re-login failed. Cannot proceed with API request.
2026-05-05 16:21:15,925 - root - WARNING - Failed to fetch historical data
2026-05-05 16:21:15,926 - root - INFO - Using single devDn for device/history (API: one device per query)
2026-05-05 16:21:15,930 - root - INFO - Fetching historical data for 1 devices of type meteo_station
2026-05-05 16:21:15,930 - root - INFO - Making API request to: https://sg5.fusionsolar.huawei.com/rest/openapi/pvms/nbi/v1/device/history
2026-05-05 16:21:15,931 - root - INFO - Request payload: {'devDn': 'NE=54609108', 'devTypeId': 10, 'startTime': 1777741200000, 'endTime': 1777827600000}
2026-05-05 16:21:16,211 - root - INFO - Response status code: 200
2026-05-05 16:21:16,212 - root - INFO - API response from https://sg5.fusionsolar.huawei.com/rest/openapi/pvms/nbi/v1/device/history (truncated): {'failCode': 305, 'immediately': True, 'message': 'USER_MUST_RELOGIN', 'success': False}
2026-05-05 16:21:16,214 - root - WARNING - Session expired. Attempting to re-login...
2026-05-05 16:21:16,214 - root - INFO - Attempting to login to FusionSolar API at https://sg5.fusionsolar.huawei.com/thirdData/login
2026-05-05 16:21:16,508 - root - INFO - Login response status code: 200
2026-05-05 16:21:16,508 - root - ERROR - FusionSolar login failed: Unknown error
2026-05-05 16:21:16,511 - root - ERROR - Re-login failed. Cannot proceed with API request.
2026-05-05 16:21:16,514 - root - WARNING - Failed to fetch historical data
2026-05-05 16:21:16,514 - root - INFO - Using single devDn for device/history (API: one device per query)
2026-05-05 16:21:16,522 - root - INFO - Fetching historical data for 1 devices of type meteo_station
2026-05-05 16:21:16,522 - root - INFO - Making API request to: https://sg5.fusionsolar.huawei.com/rest/openapi/pvms/nbi/v1/device/history
2026-05-05 16:21:16,522 - root - INFO - Request payload: {'devDn': 'NE=54457096', 'devTypeId': 10, 'startTime': 1777741200000, 'endTime': 1777827600000}
2026-05-05 16:21:16,810 - root - INFO - Response status code: 200
2026-05-05 16:21:16,810 - root - INFO - API response from https://sg5.fusionsolar.huawei.com/rest/openapi/pvms/nbi/v1/device/history (truncated): {'failCode': 305, 'immediately': True, 'message': 'USER_MUST_RELOGIN', 'success': False}
2026-05-05 16:21:16,812 - root - WARNING - Session expired. Attempting to re-login...
2026-05-05 16:21:16,813 - root - INFO - Attempting to login to FusionSolar API at https://sg5.fusionsolar.huawei.com/thirdData/login
2026-05-05 16:21:17,096 - root - INFO - Login response status code: 200
2026-05-05 16:21:17,096 - root - ERROR - FusionSolar login failed: Unknown error
2026-05-05 16:21:17,100 - root - ERROR - Re-login failed. Cannot proceed with API request.
2026-05-05 16:21:17,103 - root - WARNING - Failed to fetch historical data
2026-05-05 16:21:17,103 - root - INFO - Using single devDn for device/history (API: one device per query)
2026-05-05 16:21:17,110 - root - INFO - Fetching historical data for 1 devices of type meteo_station
2026-05-05 16:21:17,111 - root - INFO - Making API request to: https://sg5.fusionsolar.huawei.com/rest/openapi/pvms/nbi/v1/device/history
2026-05-05 16:21:17,111 - root - INFO - Request payload: {'devDn': 'NE=54479640', 'devTypeId': 10, 'startTime': 1777741200000, 'endTime': 1777827600000}
2026-05-05 16:21:17,384 - root - INFO - Response status code: 200
2026-05-05 16:21:17,384 - root - INFO - API response from https://sg5.fusionsolar.huawei.com/rest/openapi/pvms/nbi/v1/device/history (truncated): {'failCode': 305, 'immediately': True, 'message': 'USER_MUST_RELOGIN', 'success': False}
2026-05-05 16:21:17,386 - root - WARNING - Session expired. Attempting to re-login...
2026-05-05 16:21:17,387 - root - INFO - Attempting to login to FusionSolar API at https://sg5.fusionsolar.huawei.com/thirdData/login
2026-05-05 16:21:17,676 - root - INFO - Login response status code: 200
2026-05-05 16:21:17,678 - root - ERROR - FusionSolar login failed: Unknown error
2026-05-05 16:21:17,682 - root - ERROR - Re-login failed. Cannot proceed with API request.
2026-05-05 16:21:17,706 - root - WARNING - Failed to fetch historical data
2026-05-05 16:21:17,707 - root - INFO - Using single devDn for device/history (API: one device per query)
2026-05-05 16:21:17,712 - root - INFO - Successfully upserted 216 data points.
2026-05-05 16:21:17,716 - root - INFO - Fetching minute data with payload: {'ps_key_list': ['1449886_1_2_1', '1449886_1_1_1', '1449886_1_3_1'], 'points': 'p1,p14,p24,p25,p4,p26,p18,p19,p20,p21,p22,p23,p27', 'start_time_stamp': '20260504000000', 'end_time_stamp': '20260504025959', 'minute_interval': 5}
2026-05-05 16:21:17,798 - root - INFO - Fetching historical data for 1 devices of type meteo_station
2026-05-05 16:21:17,806 - root - INFO - Making API request to: https://sg5.fusionsolar.huawei.com/rest/openapi/pvms/nbi/v1/device/history
2026-05-05 16:21:17,809 - root - INFO - Request payload: {'devDn': 'NE=54453658', 'devTypeId': 10, 'startTime': 1777741200000, 'endTime': 1777827600000}
2026-05-05 16:21:17,839 - root - INFO - Successfully upserted 252 data points.
2026-05-05 16:21:17,842 - root - INFO - Fetching minute data with payload: {'ps_key_list': ['1453245_1_3_1', '1453245_1_4_1', '1453245_1_5_1', '1453245_1_6_1', '1453245_1_1_1', '1453245_1_2_1'], 'points': 'p1,p14,p24,p25,p4,p26,p18,p19,p20,p21,p22,p23,p27', 'start_time_stamp': '20260504090000', 'end_time_stamp': '20260504115959', 'minute_interval': 5}
2026-05-05 16:21:17,916 - root - INFO - Successfully upserted 252 data points.
2026-05-05 16:21:17,951 - root - INFO - Successfully upserted 216 data points.
2026-05-05 16:21:17,978 - root - INFO - Successfully upserted 252 data points.
2026-05-05 16:21:18,017 - root - INFO - Successfully upserted 252 data points.
2026-05-05 16:21:18,024 - root - INFO - Successfully upserted 252 data points.
2026-05-05 16:21:18,028 - root - INFO - Successfully upserted 252 data points.
2026-05-05 16:21:18,032 - root - INFO - Fetching minute data with payload: {'ps_key_list': ['1453245_1_3_1', '1453245_1_4_1', '1453245_1_5_1', '1453245_1_6_1', '1453245_1_1_1', '1453245_1_2_1'], 'points': 'p1,p14,p24,p25,p4,p26,p18,p19,p20,p21,p22,p23,p27', 'start_time_stamp': '20260504180000', 'end_time_stamp': '20260504205959', 'minute_interval': 5}
2026-05-05 16:21:18,039 - root - INFO - Fetching minute data with payload: {'ps_key_list': ['1449886_1_2_1', '1449886_1_1_1', '1449886_1_3_1'], 'points': 'p1,p14,p24,p25,p4,p26,p18,p19,p20,p21,p22,p23,p27', 'start_time_stamp': '20260504030000', 'end_time_stamp': '20260504055959', 'minute_interval': 5}
2026-05-05 16:21:18,041 - root - INFO - Fetching minute data with payload: {'ps_key_list': ['1453245_1_3_1', '1453245_1_4_1', '1453245_1_5_1', '1453245_1_6_1', '1453245_1_1_1', '1453245_1_2_1'], 'points': 'p1,p14,p24,p25,p4,p26,p18,p19,p20,p21,p22,p23,p27', 'start_time_stamp': '20260504150000', 'end_time_stamp': '20260504175959', 'minute_interval': 5}
2026-05-05 16:21:18,044 - root - INFO - Fetching minute data with payload: {'ps_key_list': ['1453245_1_3_1', '1453245_1_4_1', '1453245_1_5_1', '1453245_1_6_1', '1453245_1_1_1', '1453245_1_2_1'], 'points': 'p1,p14,p24,p25,p4,p26,p18,p19,p20,p21,p22,p23,p27', 'start_time_stamp': '20260504060000', 'end_time_stamp': '20260504085959', 'minute_interval': 5}
2026-05-05 16:21:18,044 - root - INFO - Fetching minute data with payload: {'ps_key_list': ['1453245_1_3_1', '1453245_1_4_1', '1453245_1_5_1', '1453245_1_6_1', '1453245_1_1_1', '1453245_1_2_1'], 'points': 'p1,p14,p24,p25,p4,p26,p18,p19,p20,p21,p22,p23,p27', 'start_time_stamp': '20260504120000', 'end_time_stamp': '20260504145959', 'minute_interval': 5}
2026-05-05 16:21:18,045 - root - INFO - Fetching minute data with payload: {'ps_key_list': ['1453245_1_3_1', '1453245_1_4_1', '1453245_1_5_1', '1453245_1_6_1', '1453245_1_1_1', '1453245_1_2_1'], 'points': 'p1,p14,p24,p25,p4,p26,p18,p19,p20,p21,p22,p23,p27', 'start_time_stamp': '20260504210000', 'end_time_stamp': '20260504235959', 'minute_interval': 5}
2026-05-05 16:21:18,943 - root - INFO - Response status code: 200
2026-05-05 16:21:18,943 - root - INFO - API response from https://sg5.fusionsolar.huawei.com/rest/openapi/pvms/nbi/v1/device/history (truncated): {'failCode': 305, 'immediately': True, 'message': 'USER_MUST_RELOGIN', 'success': False}
2026-05-05 16:21:18,945 - root - WARNING - Session expired. Attempting to re-login...
2026-05-05 16:21:18,946 - root - INFO - Attempting to login to FusionSolar API at https://sg5.fusionsolar.huawei.com/thirdData/login
2026-05-05 16:21:19,235 - root - INFO - Login response status code: 200
2026-05-05 16:21:19,235 - root - ERROR - FusionSolar login failed: Unknown error
2026-05-05 16:21:19,238 - root - ERROR - Re-login failed. Cannot proceed with API request.
2026-05-05 16:21:19,241 - root - WARNING - Failed to fetch historical data
2026-05-05 16:21:19,242 - root - INFO - Using single devDn for device/history (API: one device per query)
2026-05-05 16:21:19,249 - root - INFO - Fetching historical data for 1 devices of type meteo_station
2026-05-05 16:21:19,249 - root - INFO - Making API request to: https://sg5.fusionsolar.huawei.com/rest/openapi/pvms/nbi/v1/device/history
2026-05-05 16:21:19,250 - root - INFO - Request payload: {'devDn': 'NE=54436514', 'devTypeId': 10, 'startTime': 1777741200000, 'endTime': 1777827600000}
2026-05-05 16:21:19,526 - root - INFO - Response status code: 200
2026-05-05 16:21:19,526 - root - INFO - API response from https://sg5.fusionsolar.huawei.com/rest/openapi/pvms/nbi/v1/device/history (truncated): {'failCode': 305, 'immediately': True, 'message': 'USER_MUST_RELOGIN', 'success': False}
2026-05-05 16:21:19,528 - root - WARNING - Session expired. Attempting to re-login...
2026-05-05 16:21:19,529 - root - INFO - Attempting to login to FusionSolar API at https://sg5.fusionsolar.huawei.com/thirdData/login
2026-05-05 16:21:19,818 - root - INFO - Login response status code: 200
2026-05-05 16:21:19,818 - root - ERROR - FusionSolar login failed: Unknown error
2026-05-05 16:21:19,822 - root - ERROR - Re-login failed. Cannot proceed with API request.
2026-05-05 16:21:19,824 - root - WARNING - Failed to fetch historical data
2026-05-05 16:21:19,825 - root - INFO - Using single devDn for device/history (API: one device per query)
2026-05-05 16:21:19,829 - root - INFO - Fetching historical data for 1 devices of type meteo_station
2026-05-05 16:21:19,829 - root - INFO - Making API request to: https://sg5.fusionsolar.huawei.com/rest/openapi/pvms/nbi/v1/device/history
2026-05-05 16:21:19,830 - root - INFO - Request payload: {'devDn': 'NE=54455116', 'devTypeId': 10, 'startTime': 1777741200000, 'endTime': 1777827600000}
2026-05-05 16:21:20,120 - root - INFO - Response status code: 200
2026-05-05 16:21:20,120 - root - INFO - API response from https://sg5.fusionsolar.huawei.com/rest/openapi/pvms/nbi/v1/device/history (truncated): {'failCode': 305, 'immediately': True, 'message': 'USER_MUST_RELOGIN', 'success': False}
2026-05-05 16:21:20,122 - root - WARNING - Session expired. Attempting to re-login...
2026-05-05 16:21:20,123 - root - INFO - Attempting to login to FusionSolar API at https://sg5.fusionsolar.huawei.com/thirdData/login
2026-05-05 16:21:20,411 - root - INFO - Login response status code: 200
2026-05-05 16:21:20,411 - root - ERROR - FusionSolar login failed: Unknown error
2026-05-05 16:21:20,414 - root - ERROR - Re-login failed. Cannot proceed with API request.
2026-05-05 16:21:20,417 - root - WARNING - Failed to fetch historical data
2026-05-05 16:21:20,417 - root - INFO - Using single devDn for device/history (API: one device per query)
2026-05-05 16:21:20,421 - root - INFO - Fetching historical data for 1 devices of type meteo_station
2026-05-05 16:21:20,422 - root - INFO - Making API request to: https://sg5.fusionsolar.huawei.com/rest/openapi/pvms/nbi/v1/device/history
2026-05-05 16:21:20,422 - root - INFO - Request payload: {'devDn': 'NE=58284538', 'devTypeId': 10, 'startTime': 1777741200000, 'endTime': 1777827600000}
2026-05-05 16:21:20,704 - root - INFO - Response status code: 200
2026-05-05 16:21:20,704 - root - INFO - API response from https://sg5.fusionsolar.huawei.com/rest/openapi/pvms/nbi/v1/device/history (truncated): {'failCode': 305, 'immediately': True, 'message': 'USER_MUST_RELOGIN', 'success': False}
2026-05-05 16:21:20,706 - root - WARNING - Session expired. Attempting to re-login...
2026-05-05 16:21:20,707 - root - INFO - Attempting to login to FusionSolar API at https://sg5.fusionsolar.huawei.com/thirdData/login
2026-05-05 16:21:20,785 - root - INFO - Successfully upserted 108 data points.
2026-05-05 16:21:20,785 - root - INFO - Fetching minute data with payload: {'ps_key_list': ['1445767_1_3_1', '1445767_1_2_1', '1445767_1_1_1'], 'points': 'p1,p14,p24,p25,p4,p26,p18,p19,p20,p21,p22,p23,p27', 'start_time_stamp': '20260504000000', 'end_time_stamp': '20260504025959', 'minute_interval': 5}
2026-05-05 16:21:20,883 - root - INFO - Successfully upserted 216 data points.
2026-05-05 16:21:20,883 - root - INFO - Fetching minute data with payload: {'ps_key_list': ['1449886_1_2_1', '1449886_1_1_1', '1449886_1_3_1'], 'points': 'p1,p14,p24,p25,p4,p26,p18,p19,p20,p21,p22,p23,p27', 'start_time_stamp': '20260504090000', 'end_time_stamp': '20260504115959', 'minute_interval': 5}
2026-05-05 16:21:21,086 - root - INFO - Login response status code: 200
2026-05-05 16:21:21,086 - root - ERROR - FusionSolar login failed: Unknown error
2026-05-05 16:21:21,090 - root - ERROR - Re-login failed. Cannot proceed with API request.
2026-05-05 16:21:21,092 - root - WARNING - Failed to fetch historical data
2026-05-05 16:21:21,093 - root - INFO - Using single devDn for device/history (API: one device per query)
2026-05-05 16:21:21,101 - root - INFO - Fetching historical data for 1 devices of type meteo_station
2026-05-05 16:21:21,102 - root - INFO - Making API request to: https://sg5.fusionsolar.huawei.com/rest/openapi/pvms/nbi/v1/device/history
2026-05-05 16:21:21,103 - root - INFO - Request payload: {'devDn': 'NE=58291110', 'devTypeId': 10, 'startTime': 1777741200000, 'endTime': 1777827600000}
2026-05-05 16:21:21,410 - root - INFO - Successfully upserted 108 data points.
2026-05-05 16:21:21,419 - root - INFO - Fetching minute data with payload: {'ps_key_list': ['1445767_1_3_1', '1445767_1_2_1', '1445767_1_1_1'], 'points': 'p1,p14,p24,p25,p4,p26,p18,p19,p20,p21,p22,p23,p27', 'start_time_stamp': '20260504030000', 'end_time_stamp': '20260504055959', 'minute_interval': 5}
2026-05-05 16:21:21,423 - root - INFO - Response status code: 200
2026-05-05 16:21:21,431 - root - INFO - API response from https://sg5.fusionsolar.huawei.com/rest/openapi/pvms/nbi/v1/device/history (truncated): {'failCode': 305, 'immediately': True, 'message': 'USER_MUST_RELOGIN', 'success': False}
2026-05-05 16:21:21,435 - root - WARNING - Session expired. Attempting to re-login...
2026-05-05 16:21:21,470 - root - INFO - Attempting to login to FusionSolar API at https://sg5.fusionsolar.huawei.com/thirdData/login
2026-05-05 16:21:21,498 - root - INFO - Successfully upserted 216 data points.
2026-05-05 16:21:21,502 - root - INFO - Fetching minute data with payload: {'ps_key_list': ['1449886_1_2_1', '1449886_1_1_1', '1449886_1_3_1'], 'points': 'p1,p14,p24,p25,p4,p26,p18,p19,p20,p21,p22,p23,p27', 'start_time_stamp': '20260504120000', 'end_time_stamp': '20260504145959', 'minute_interval': 5}
2026-05-05 16:21:21,522 - root - INFO - Successfully upserted 216 data points.
2026-05-05 16:21:21,523 - root - INFO - Fetching minute data with payload: {'ps_key_list': ['1449886_1_2_1', '1449886_1_1_1', '1449886_1_3_1'], 'points': 'p1,p14,p24,p25,p4,p26,p18,p19,p20,p21,p22,p23,p27', 'start_time_stamp': '20260504210000', 'end_time_stamp': '20260504235959', 'minute_interval': 5}
2026-05-05 16:21:21,528 - root - INFO - Successfully upserted 216 data points.
2026-05-05 16:21:21,552 - root - INFO - Successfully upserted 216 data points.
2026-05-05 16:21:21,599 - root - INFO - Successfully upserted 216 data points.
2026-05-05 16:21:21,605 - root - INFO - Fetching minute data with payload: {'ps_key_list': ['1449886_1_2_1', '1449886_1_1_1', '1449886_1_3_1'], 'points': 'p1,p14,p24,p25,p4,p26,p18,p19,p20,p21,p22,p23,p27', 'start_time_stamp': '20260504060000', 'end_time_stamp': '20260504085959', 'minute_interval': 5}
2026-05-05 16:21:21,613 - root - INFO - Fetching minute data with payload: {'ps_key_list': ['1449886_1_2_1', '1449886_1_1_1', '1449886_1_3_1'], 'points': 'p1,p14,p24,p25,p4,p26,p18,p19,p20,p21,p22,p23,p27', 'start_time_stamp': '20260504180000', 'end_time_stamp': '20260504205959', 'minute_interval': 5}
2026-05-05 16:21:21,618 - root - INFO - Fetching minute data with payload: {'ps_key_list': ['1449886_1_2_1', '1449886_1_1_1', '1449886_1_3_1'], 'points': 'p1,p14,p24,p25,p4,p26,p18,p19,p20,p21,p22,p23,p27', 'start_time_stamp': '20260504150000', 'end_time_stamp': '20260504175959', 'minute_interval': 5}
2026-05-05 16:21:22,062 - root - INFO - Login response status code: 200
2026-05-05 16:21:22,062 - root - ERROR - FusionSolar login failed: Unknown error
2026-05-05 16:21:22,066 - root - ERROR - Re-login failed. Cannot proceed with API request.
2026-05-05 16:21:22,068 - root - WARNING - Failed to fetch historical data
2026-05-05 16:21:22,069 - root - INFO - Using single devDn for device/history (API: one device per query)
2026-05-05 16:21:22,072 - root - INFO - Fetching historical data for 1 devices of type meteo_station
2026-05-05 16:21:22,073 - root - INFO - Making API request to: https://sg5.fusionsolar.huawei.com/rest/openapi/pvms/nbi/v1/device/history
2026-05-05 16:21:22,073 - root - INFO - Request payload: {'devDn': 'NE=58291113', 'devTypeId': 10, 'startTime': 1777741200000, 'endTime': 1777827600000}
2026-05-05 16:21:22,487 - root - INFO - Response status code: 200
2026-05-05 16:21:22,487 - root - INFO - API response from https://sg5.fusionsolar.huawei.com/rest/openapi/pvms/nbi/v1/device/history (truncated): {'failCode': 305, 'immediately': True, 'message': 'USER_MUST_RELOGIN', 'success': False}
2026-05-05 16:21:22,489 - root - WARNING - Session expired. Attempting to re-login...
2026-05-05 16:21:22,490 - root - INFO - Attempting to login to FusionSolar API at https://sg5.fusionsolar.huawei.com/thirdData/login
2026-05-05 16:21:22,778 - root - INFO - Login response status code: 200
2026-05-05 16:21:22,778 - root - ERROR - FusionSolar login failed: Unknown error
2026-05-05 16:21:22,782 - root - ERROR - Re-login failed. Cannot proceed with API request.
2026-05-05 16:21:22,785 - root - WARNING - Failed to fetch historical data
2026-05-05 16:21:22,786 - root - INFO - Using single devDn for device/history (API: one device per query)
2026-05-05 16:21:22,793 - root - INFO - Fetching historical data for 1 devices of type meteo_station
2026-05-05 16:21:22,793 - root - INFO - Making API request to: https://sg5.fusionsolar.huawei.com/rest/openapi/pvms/nbi/v1/device/history
2026-05-05 16:21:22,793 - root - INFO - Request payload: {'devDn': 'NE=58291112', 'devTypeId': 10, 'startTime': 1777741200000, 'endTime': 1777827600000}
2026-05-05 16:21:23,071 - root - INFO - Response status code: 200
2026-05-05 16:21:23,071 - root - INFO - API response from https://sg5.fusionsolar.huawei.com/rest/openapi/pvms/nbi/v1/device/history (truncated): {'failCode': 305, 'immediately': True, 'message': 'USER_MUST_RELOGIN', 'success': False}
2026-05-05 16:21:23,073 - root - WARNING - Session expired. Attempting to re-login...
2026-05-05 16:21:23,074 - root - INFO - Attempting to login to FusionSolar API at https://sg5.fusionsolar.huawei.com/thirdData/login
2026-05-05 16:21:23,357 - root - INFO - Login response status code: 200
2026-05-05 16:21:23,358 - root - ERROR - FusionSolar login failed: Unknown error
2026-05-05 16:21:23,361 - root - ERROR - Re-login failed. Cannot proceed with API request.
2026-05-05 16:21:23,363 - root - WARNING - Failed to fetch historical data
2026-05-05 16:21:23,364 - root - INFO - Using single devDn for device/history (API: one device per query)
2026-05-05 16:21:23,371 - root - INFO - Fetching historical data for 1 devices of type meteo_station
2026-05-05 16:21:23,371 - root - INFO - Making API request to: https://sg5.fusionsolar.huawei.com/rest/openapi/pvms/nbi/v1/device/history
2026-05-05 16:21:23,372 - root - INFO - Request payload: {'devDn': 'NE=58291114', 'devTypeId': 10, 'startTime': 1777741200000, 'endTime': 1777827600000}
2026-05-05 16:21:23,424 - root - INFO - Successfully upserted 108 data points.
2026-05-05 16:21:23,424 - root - INFO - Fetching minute data with payload: {'ps_key_list': ['1789614_1_4_1', '1789614_1_3_1', '1789614_1_2_1', '1789614_1_1_1'], 'points': 'p1,p14,p24,p25,p4,p26,p18,p19,p20,p21,p22,p23,p27', 'start_time_stamp': '20260504000000', 'end_time_stamp': '20260504025959', 'minute_interval': 5}
2026-05-05 16:21:23,651 - root - INFO - Successfully upserted 108 data points.
2026-05-05 16:21:23,651 - root - INFO - Fetching minute data with payload: {'ps_key_list': ['1445767_1_3_1', '1445767_1_2_1', '1445767_1_1_1'], 'points': 'p1,p14,p24,p25,p4,p26,p18,p19,p20,p21,p22,p23,p27', 'start_time_stamp': '20260504090000', 'end_time_stamp': '20260504115959', 'minute_interval': 5}
2026-05-05 16:21:23,770 - root - INFO - Response status code: 200
2026-05-05 16:21:23,770 - root - INFO - API response from https://sg5.fusionsolar.huawei.com/rest/openapi/pvms/nbi/v1/device/history (truncated): {'failCode': 305, 'immediately': True, 'message': 'USER_MUST_RELOGIN', 'success': False}
2026-05-05 16:21:23,773 - root - WARNING - Session expired. Attempting to re-login...
2026-05-05 16:21:23,773 - root - INFO - Attempting to login to FusionSolar API at https://sg5.fusionsolar.huawei.com/thirdData/login
2026-05-05 16:21:24,102 - root - INFO - Login response status code: 200
2026-05-05 16:21:24,102 - root - ERROR - FusionSolar login failed: Unknown error
2026-05-05 16:21:24,106 - root - ERROR - Re-login failed. Cannot proceed with API request.
2026-05-05 16:21:24,108 - root - WARNING - Failed to fetch historical data
2026-05-05 16:21:24,109 - root - INFO - Using single devDn for device/history (API: one device per query)
2026-05-05 16:21:24,113 - root - INFO - Fetching historical data for 1 devices of type meteo_station
2026-05-05 16:21:24,116 - root - INFO - Making API request to: https://sg5.fusionsolar.huawei.com/rest/openapi/pvms/nbi/v1/device/history
2026-05-05 16:21:24,117 - root - INFO - Request payload: {'devDn': 'NE=53784299', 'devTypeId': 10, 'startTime': 1777741200000, 'endTime': 1777827600000}
2026-05-05 16:21:24,276 - root - INFO - Successfully upserted 108 data points.
2026-05-05 16:21:24,277 - root - INFO - Fetching minute data with payload: {'ps_key_list': ['1789614_1_4_1', '1789614_1_3_1', '1789614_1_2_1', '1789614_1_1_1'], 'points': 'p1,p14,p24,p25,p4,p26,p18,p19,p20,p21,p22,p23,p27', 'start_time_stamp': '20260504030000', 'end_time_stamp': '20260504055959', 'minute_interval': 5}
2026-05-05 16:21:24,347 - root - INFO - Successfully upserted 108 data points.
2026-05-05 16:21:24,347 - root - INFO - Fetching minute data with payload: {'ps_key_list': ['1445767_1_3_1', '1445767_1_2_1', '1445767_1_1_1'], 'points': 'p1,p14,p24,p25,p4,p26,p18,p19,p20,p21,p22,p23,p27', 'start_time_stamp': '20260504120000', 'end_time_stamp': '20260504145959', 'minute_interval': 5}
2026-05-05 16:21:24,441 - root - INFO - Response status code: 200
2026-05-05 16:21:24,441 - root - INFO - API response from https://sg5.fusionsolar.huawei.com/rest/openapi/pvms/nbi/v1/device/history (truncated): {'failCode': 305, 'immediately': True, 'message': 'USER_MUST_RELOGIN', 'success': False}
2026-05-05 16:21:24,443 - root - WARNING - Session expired. Attempting to re-login...
2026-05-05 16:21:24,444 - root - INFO - Attempting to login to FusionSolar API at https://sg5.fusionsolar.huawei.com/thirdData/login
2026-05-05 16:21:24,554 - root - INFO - Successfully upserted 108 data points.
2026-05-05 16:21:24,554 - root - INFO - Fetching minute data with payload: {'ps_key_list': ['1445767_1_3_1', '1445767_1_2_1', '1445767_1_1_1'], 'points': 'p1,p14,p24,p25,p4,p26,p18,p19,p20,p21,p22,p23,p27', 'start_time_stamp': '20260504210000', 'end_time_stamp': '20260504235959', 'minute_interval': 5}
2026-05-05 16:21:24,745 - root - INFO - Successfully upserted 108 data points.
2026-05-05 16:21:24,746 - root - INFO - Fetching minute data with payload: {'ps_key_list': ['1445767_1_3_1', '1445767_1_2_1', '1445767_1_1_1'], 'points': 'p1,p14,p24,p25,p4,p26,p18,p19,p20,p21,p22,p23,p27', 'start_time_stamp': '20260504150000', 'end_time_stamp': '20260504175959', 'minute_interval': 5}
2026-05-05 16:21:24,772 - root - INFO - Successfully upserted 108 data points.
2026-05-05 16:21:24,774 - root - INFO - Fetching minute data with payload: {'ps_key_list': ['1445767_1_3_1', '1445767_1_2_1', '1445767_1_1_1'], 'points': 'p1,p14,p24,p25,p4,p26,p18,p19,p20,p21,p22,p23,p27', 'start_time_stamp': '20260504060000', 'end_time_stamp': '20260504085959', 'minute_interval': 5}
2026-05-05 16:21:24,780 - root - INFO - Successfully upserted 108 data points.
2026-05-05 16:21:24,780 - root - INFO - Fetching minute data with payload: {'ps_key_list': ['1445767_1_3_1', '1445767_1_2_1', '1445767_1_1_1'], 'points': 'p1,p14,p24,p25,p4,p26,p18,p19,p20,p21,p22,p23,p27', 'start_time_stamp': '20260504180000', 'end_time_stamp': '20260504205959', 'minute_interval': 5}
2026-05-05 16:21:25,150 - root - INFO - Login response status code: 200
2026-05-05 16:21:25,150 - root - ERROR - FusionSolar login failed: Unknown error
2026-05-05 16:21:25,154 - root - ERROR - Re-login failed. Cannot proceed with API request.
2026-05-05 16:21:25,157 - root - WARNING - Failed to fetch historical data
2026-05-05 16:21:25,157 - root - INFO - Using single devDn for device/history (API: one device per query)
2026-05-05 16:21:25,164 - root - INFO - Fetching historical data for 1 devices of type meteo_station
2026-05-05 16:21:25,165 - root - INFO - Making API request to: https://sg5.fusionsolar.huawei.com/rest/openapi/pvms/nbi/v1/device/history
2026-05-05 16:21:25,165 - root - INFO - Request payload: {'devDn': 'NE=53784298', 'devTypeId': 10, 'startTime': 1777741200000, 'endTime': 1777827600000}
2026-05-05 16:21:25,457 - root - INFO - Response status code: 200
2026-05-05 16:21:25,457 - root - INFO - API response from https://sg5.fusionsolar.huawei.com/rest/openapi/pvms/nbi/v1/device/history (truncated): {'failCode': 305, 'immediately': True, 'message': 'USER_MUST_RELOGIN', 'success': False}
2026-05-05 16:21:25,459 - root - WARNING - Session expired. Attempting to re-login...
2026-05-05 16:21:25,460 - root - INFO - Attempting to login to FusionSolar API at https://sg5.fusionsolar.huawei.com/thirdData/login
2026-05-05 16:21:25,749 - root - INFO - Login response status code: 200
2026-05-05 16:21:25,749 - root - ERROR - FusionSolar login failed: Unknown error
2026-05-05 16:21:25,752 - root - ERROR - Re-login failed. Cannot proceed with API request.
2026-05-05 16:21:25,755 - root - WARNING - Failed to fetch historical data
2026-05-05 16:21:25,755 - root - INFO - Using single devDn for device/history (API: one device per query)
2026-05-05 16:21:25,759 - root - INFO - Fetching historical data for 1 devices of type meteo_station
2026-05-05 16:21:25,760 - root - INFO - Making API request to: https://sg5.fusionsolar.huawei.com/rest/openapi/pvms/nbi/v1/device/history
2026-05-05 16:21:25,760 - root - INFO - Request payload: {'devDn': 'NE=53784297', 'devTypeId': 10, 'startTime': 1777741200000, 'endTime': 1777827600000}
2026-05-05 16:21:26,044 - root - INFO - Response status code: 200
2026-05-05 16:21:26,045 - root - INFO - API response from https://sg5.fusionsolar.huawei.com/rest/openapi/pvms/nbi/v1/device/history (truncated): {'failCode': 305, 'immediately': True, 'message': 'USER_MUST_RELOGIN', 'success': False}
2026-05-05 16:21:26,047 - root - WARNING - Session expired. Attempting to re-login...
2026-05-05 16:21:26,047 - root - INFO - Attempting to login to FusionSolar API at https://sg5.fusionsolar.huawei.com/thirdData/login
2026-05-05 16:21:26,079 - root - INFO - Successfully upserted 144 data points.
2026-05-05 16:21:26,079 - root - INFO - Completed 3-hour interval (custom mapping): 2026-05-04 00:00:00 to 2026-05-04 02:59:59 - 5076 points
2026-05-05 16:21:26,341 - root - INFO - Login response status code: 200
2026-05-05 16:21:26,341 - root - ERROR - FusionSolar login failed: Unknown error
2026-05-05 16:21:26,345 - root - ERROR - Re-login failed. Cannot proceed with API request.
2026-05-05 16:21:26,347 - root - WARNING - Failed to fetch historical data
2026-05-05 16:21:26,348 - root - INFO - Using single devDn for device/history (API: one device per query)
2026-05-05 16:21:26,352 - root - INFO - Fetching historical data for 1 devices of type meteo_station
2026-05-05 16:21:26,355 - root - INFO - Making API request to: https://sg5.fusionsolar.huawei.com/rest/openapi/pvms/nbi/v1/device/history
2026-05-05 16:21:26,356 - root - INFO - Request payload: {'devDn': 'NE=53784296', 'devTypeId': 10, 'startTime': 1777741200000, 'endTime': 1777827600000}
2026-05-05 16:21:26,407 - root - INFO - Successfully upserted 108 data points.
2026-05-05 16:21:26,407 - root - INFO - Fetching minute data with payload: {'ps_key_list': ['1789614_1_4_1', '1789614_1_3_1', '1789614_1_2_1', '1789614_1_1_1'], 'points': 'p1,p14,p24,p25,p4,p26,p18,p19,p20,p21,p22,p23,p27', 'start_time_stamp': '20260504090000', 'end_time_stamp': '20260504115959', 'minute_interval': 5}
2026-05-05 16:21:26,712 - root - INFO - Response status code: 200
2026-05-05 16:21:26,712 - root - INFO - API response from https://sg5.fusionsolar.huawei.com/rest/openapi/pvms/nbi/v1/device/history (truncated): {'failCode': 305, 'immediately': True, 'message': 'USER_MUST_RELOGIN', 'success': False}
2026-05-05 16:21:26,715 - root - WARNING - Session expired. Attempting to re-login...
2026-05-05 16:21:26,715 - root - INFO - Attempting to login to FusionSolar API at https://sg5.fusionsolar.huawei.com/thirdData/login
2026-05-05 16:21:27,012 - root - INFO - Login response status code: 200
2026-05-05 16:21:27,012 - root - ERROR - FusionSolar login failed: Unknown error
2026-05-05 16:21:27,015 - root - ERROR - Re-login failed. Cannot proceed with API request.
2026-05-05 16:21:27,018 - root - WARNING - Failed to fetch historical data
2026-05-05 16:21:27,018 - root - INFO - Using single devDn for device/history (API: one device per query)
2026-05-05 16:21:27,022 - root - INFO - Fetching historical data for 1 devices of type meteo_station
2026-05-05 16:21:27,023 - root - INFO - Making API request to: https://sg5.fusionsolar.huawei.com/rest/openapi/pvms/nbi/v1/device/history
2026-05-05 16:21:27,023 - root - INFO - Request payload: {'devDn': 'NE=53784303', 'devTypeId': 10, 'startTime': 1777741200000, 'endTime': 1777827600000}
2026-05-05 16:21:27,102 - root - INFO - Successfully upserted 108 data points.
2026-05-05 16:21:27,102 - root - INFO - Fetching minute data with payload: {'ps_key_list': ['1789614_1_4_1', '1789614_1_3_1', '1789614_1_2_1', '1789614_1_1_1'], 'points': 'p1,p14,p24,p25,p4,p26,p18,p19,p20,p21,p22,p23,p27', 'start_time_stamp': '20260504120000', 'end_time_stamp': '20260504145959', 'minute_interval': 5}
2026-05-05 16:21:27,183 - root - INFO - Successfully upserted 144 data points.
2026-05-05 16:21:27,183 - root - INFO - Completed 3-hour interval (custom mapping): 2026-05-04 03:00:00 to 2026-05-04 05:59:59 - 5076 points
2026-05-05 16:21:27,379 - root - INFO - Response status code: 200
2026-05-05 16:21:27,379 - root - INFO - API response from https://sg5.fusionsolar.huawei.com/rest/openapi/pvms/nbi/v1/device/history (truncated): {'failCode': 305, 'immediately': True, 'message': 'USER_MUST_RELOGIN', 'success': False}
2026-05-05 16:21:27,382 - root - WARNING - Session expired. Attempting to re-login...
2026-05-05 16:21:27,382 - root - INFO - Attempting to login to FusionSolar API at https://sg5.fusionsolar.huawei.com/thirdData/login
2026-05-05 16:21:27,630 - root - INFO - Successfully upserted 108 data points.
2026-05-05 16:21:27,630 - root - INFO - Fetching minute data with payload: {'ps_key_list': ['1789614_1_4_1', '1789614_1_3_1', '1789614_1_2_1', '1789614_1_1_1'], 'points': 'p1,p14,p24,p25,p4,p26,p18,p19,p20,p21,p22,p23,p27', 'start_time_stamp': '20260504060000', 'end_time_stamp': '20260504085959', 'minute_interval': 5}
2026-05-05 16:21:27,674 - root - INFO - Login response status code: 200
2026-05-05 16:21:27,675 - root - ERROR - FusionSolar login failed: Unknown error
2026-05-05 16:21:27,678 - root - ERROR - Re-login failed. Cannot proceed with API request.
2026-05-05 16:21:27,680 - root - WARNING - Failed to fetch historical data
2026-05-05 16:21:27,681 - root - INFO - Using single devDn for device/history (API: one device per query)
2026-05-05 16:21:27,683 - root - INFO - Fetching historical data for 1 devices of type meteo_station
2026-05-05 16:21:27,684 - root - INFO - Making API request to: https://sg5.fusionsolar.huawei.com/rest/openapi/pvms/nbi/v1/device/history
2026-05-05 16:21:27,684 - root - INFO - Request payload: {'devDn': 'NE=53784302', 'devTypeId': 10, 'startTime': 1777741200000, 'endTime': 1777827600000}
2026-05-05 16:21:27,719 - root - INFO - Successfully upserted 108 data points.
2026-05-05 16:21:27,720 - root - INFO - Successfully upserted 108 data points.
2026-05-05 16:21:27,720 - root - INFO - Fetching minute data with payload: {'ps_key_list': ['1789614_1_4_1', '1789614_1_3_1', '1789614_1_2_1', '1789614_1_1_1'], 'points': 'p1,p14,p24,p25,p4,p26,p18,p19,p20,p21,p22,p23,p27', 'start_time_stamp': '20260504180000', 'end_time_stamp': '20260504205959', 'minute_interval': 5}
2026-05-05 16:21:27,720 - root - INFO - Fetching minute data with payload: {'ps_key_list': ['1789614_1_4_1', '1789614_1_3_1', '1789614_1_2_1', '1789614_1_1_1'], 'points': 'p1,p14,p24,p25,p4,p26,p18,p19,p20,p21,p22,p23,p27', 'start_time_stamp': '20260504150000', 'end_time_stamp': '20260504175959', 'minute_interval': 5}
2026-05-05 16:21:28,127 - root - INFO - Successfully upserted 108 data points.
2026-05-05 16:21:28,127 - root - INFO - Fetching minute data with payload: {'ps_key_list': ['1789614_1_4_1', '1789614_1_3_1', '1789614_1_2_1', '1789614_1_1_1'], 'points': 'p1,p14,p24,p25,p4,p26,p18,p19,p20,p21,p22,p23,p27', 'start_time_stamp': '20260504210000', 'end_time_stamp': '20260504235959', 'minute_interval': 5}
2026-05-05 16:21:28,199 - root - INFO - Response status code: 200
2026-05-05 16:21:28,199 - root - INFO - API response from https://sg5.fusionsolar.huawei.com/rest/openapi/pvms/nbi/v1/device/history (truncated): {'failCode': 305, 'immediately': True, 'message': 'USER_MUST_RELOGIN', 'success': False}
2026-05-05 16:21:28,201 - root - WARNING - Session expired. Attempting to re-login...
2026-05-05 16:21:28,201 - root - INFO - Attempting to login to FusionSolar API at https://sg5.fusionsolar.huawei.com/thirdData/login
2026-05-05 16:21:28,551 - root - INFO - Login response status code: 200
2026-05-05 16:21:28,552 - root - ERROR - FusionSolar login failed: Unknown error
2026-05-05 16:21:28,554 - root - ERROR - Re-login failed. Cannot proceed with API request.
2026-05-05 16:21:28,556 - root - WARNING - Failed to fetch historical data
2026-05-05 16:21:28,556 - root - INFO - Using single devDn for device/history (API: one device per query)
2026-05-05 16:21:28,556 - root - INFO - Fetching historical data for 1 devices of type meteo_station
2026-05-05 16:21:28,557 - root - INFO - Making API request to: https://sg5.fusionsolar.huawei.com/rest/openapi/pvms/nbi/v1/device/history
2026-05-05 16:21:28,557 - root - INFO - Request payload: {'devDn': 'NE=53784301', 'devTypeId': 10, 'startTime': 1777741200000, 'endTime': 1777827600000}
2026-05-05 16:21:28,836 - root - INFO - Response status code: 200
2026-05-05 16:21:28,837 - root - INFO - API response from https://sg5.fusionsolar.huawei.com/rest/openapi/pvms/nbi/v1/device/history (truncated): {'failCode': 305, 'immediately': True, 'message': 'USER_MUST_RELOGIN', 'success': False}
2026-05-05 16:21:28,838 - root - WARNING - Session expired. Attempting to re-login...
2026-05-05 16:21:28,838 - root - INFO - Attempting to login to FusionSolar API at https://sg5.fusionsolar.huawei.com/thirdData/login
2026-05-05 16:21:29,130 - root - INFO - Login response status code: 200
2026-05-05 16:21:29,130 - root - ERROR - FusionSolar login failed: Unknown error
2026-05-05 16:21:29,133 - root - ERROR - Re-login failed. Cannot proceed with API request.
2026-05-05 16:21:29,135 - root - WARNING - Failed to fetch historical data
2026-05-05 16:21:29,135 - root - INFO - Using single devDn for device/history (API: one device per query)
2026-05-05 16:21:29,136 - root - INFO - Fetching historical data for 1 devices of type meteo_station
2026-05-05 16:21:29,137 - root - INFO - Making API request to: https://sg5.fusionsolar.huawei.com/rest/openapi/pvms/nbi/v1/device/history
2026-05-05 16:21:29,137 - root - INFO - Request payload: {'devDn': 'NE=53784300', 'devTypeId': 10, 'startTime': 1777741200000, 'endTime': 1777827600000}
2026-05-05 16:21:29,175 - root - INFO - Successfully upserted 144 data points.
2026-05-05 16:21:29,175 - root - INFO - Completed 3-hour interval (custom mapping): 2026-05-04 09:00:00 to 2026-05-04 11:59:59 - 5076 points
2026-05-05 16:21:29,417 - root - INFO - Response status code: 200
2026-05-05 16:21:29,418 - root - INFO - API response from https://sg5.fusionsolar.huawei.com/rest/openapi/pvms/nbi/v1/device/history (truncated): {'failCode': 305, 'immediately': True, 'message': 'USER_MUST_RELOGIN', 'success': False}
2026-05-05 16:21:29,419 - root - WARNING - Session expired. Attempting to re-login...
2026-05-05 16:21:29,419 - root - INFO - Attempting to login to FusionSolar API at https://sg5.fusionsolar.huawei.com/thirdData/login
2026-05-05 16:21:29,702 - root - INFO - Login response status code: 200
2026-05-05 16:21:29,702 - root - ERROR - FusionSolar login failed: Unknown error
2026-05-05 16:21:29,705 - root - ERROR - Re-login failed. Cannot proceed with API request.
2026-05-05 16:21:29,706 - root - WARNING - Failed to fetch historical data
2026-05-05 16:21:29,706 - root - INFO - Using single devDn for device/history (API: one device per query)
2026-05-05 16:21:29,707 - root - INFO - Fetching historical data for 1 devices of type meteo_station
2026-05-05 16:21:29,707 - root - INFO - Making API request to: https://sg5.fusionsolar.huawei.com/rest/openapi/pvms/nbi/v1/device/history
2026-05-05 16:21:29,707 - root - INFO - Request payload: {'devDn': 'NE=53784307', 'devTypeId': 10, 'startTime': 1777741200000, 'endTime': 1777827600000}
2026-05-05 16:21:29,992 - root - INFO - Response status code: 200
2026-05-05 16:21:29,992 - root - INFO - API response from https://sg5.fusionsolar.huawei.com/rest/openapi/pvms/nbi/v1/device/history (truncated): {'failCode': 305, 'immediately': True, 'message': 'USER_MUST_RELOGIN', 'success': False}
2026-05-05 16:21:29,994 - root - WARNING - Session expired. Attempting to re-login...
2026-05-05 16:21:29,994 - root - INFO - Attempting to login to FusionSolar API at https://sg5.fusionsolar.huawei.com/thirdData/login
2026-05-05 16:21:30,058 - root - INFO - Successfully upserted 144 data points.
2026-05-05 16:21:30,059 - root - INFO - Completed 3-hour interval (custom mapping): 2026-05-04 12:00:00 to 2026-05-04 14:59:59 - 5076 points
2026-05-05 16:21:30,292 - root - INFO - Login response status code: 200
2026-05-05 16:21:30,292 - root - ERROR - FusionSolar login failed: Unknown error
2026-05-05 16:21:30,295 - root - ERROR - Re-login failed. Cannot proceed with API request.
2026-05-05 16:21:30,296 - root - WARNING - Failed to fetch historical data
2026-05-05 16:21:30,296 - root - INFO - Using single devDn for device/history (API: one device per query)
2026-05-05 16:21:30,297 - root - INFO - Fetching historical data for 1 devices of type meteo_station
2026-05-05 16:21:30,297 - root - INFO - Making API request to: https://sg5.fusionsolar.huawei.com/rest/openapi/pvms/nbi/v1/device/history
2026-05-05 16:21:30,297 - root - INFO - Request payload: {'devDn': 'NE=53784305', 'devTypeId': 10, 'startTime': 1777741200000, 'endTime': 1777827600000}
2026-05-05 16:21:30,373 - root - INFO - Successfully upserted 144 data points.
2026-05-05 16:21:30,373 - root - INFO - Completed 3-hour interval (custom mapping): 2026-05-04 06:00:00 to 2026-05-04 08:59:59 - 5076 points
2026-05-05 16:21:30,518 - root - INFO - Successfully upserted 144 data points.
2026-05-05 16:21:30,518 - root - INFO - Completed 3-hour interval (custom mapping): 2026-05-04 15:00:00 to 2026-05-04 17:59:59 - 5076 points
2026-05-05 16:21:30,579 - root - INFO - Response status code: 200
2026-05-05 16:21:30,579 - root - INFO - API response from https://sg5.fusionsolar.huawei.com/rest/openapi/pvms/nbi/v1/device/history (truncated): {'failCode': 305, 'immediately': True, 'message': 'USER_MUST_RELOGIN', 'success': False}
2026-05-05 16:21:30,581 - root - WARNING - Session expired. Attempting to re-login...
2026-05-05 16:21:30,581 - root - INFO - Attempting to login to FusionSolar API at https://sg5.fusionsolar.huawei.com/thirdData/login
2026-05-05 16:21:30,622 - root - INFO - Successfully upserted 144 data points.
2026-05-05 16:21:30,623 - root - INFO - Completed 3-hour interval (custom mapping): 2026-05-04 18:00:00 to 2026-05-04 20:59:59 - 5076 points
2026-05-05 16:21:30,744 - root - INFO - Successfully upserted 144 data points.
2026-05-05 16:21:30,744 - root - INFO - Completed 3-hour interval (custom mapping): 2026-05-04 21:00:00 to 2026-05-04 23:59:59 - 5076 points
2026-05-05 16:21:30,746 - root - INFO - Ingested 40608 inverter summary data points
2026-05-05 16:21:30,747 - root - INFO - Historical data fetch complete. Total points ingested: 100157
2026-05-05 16:21:30,747 - isolarcloud.tasks - INFO - iSolarCloud ingestion completed successfully. Rows inserted: None, Execution time: 202.63 seconds
2026-05-05 16:21:30,748 - __main__ - INFO - iSolarCloud ingestion completed: {'status': 'success', 'rows_inserted': None, 'execution_time': 202.63016724586487, 'start_date': '2026-05-04', 'end_date': '2026-05-04'}
2026-05-05 16:21:30,896 - root - INFO - Login response status code: 200
2026-05-05 16:21:30,897 - root - ERROR - FusionSolar login failed: Unknown error
2026-05-05 16:21:30,900 - root - ERROR - Re-login failed. Cannot proceed with API request.
2026-05-05 16:21:30,902 - root - WARNING - Failed to fetch historical data
2026-05-05 16:21:30,902 - root - INFO - Using single devDn for device/history (API: one device per query)
2026-05-05 16:21:30,902 - root - INFO - Fetching historical data for 1 devices of type meteo_station
2026-05-05 16:21:30,903 - root - INFO - Making API request to: https://sg5.fusionsolar.huawei.com/rest/openapi/pvms/nbi/v1/device/history
2026-05-05 16:21:30,903 - root - INFO - Request payload: {'devDn': 'NE=53784304', 'devTypeId': 10, 'startTime': 1777741200000, 'endTime': 1777827600000}
2026-05-05 16:21:31,186 - root - INFO - Response status code: 200
2026-05-05 16:21:31,186 - root - INFO - API response from https://sg5.fusionsolar.huawei.com/rest/openapi/pvms/nbi/v1/device/history (truncated): {'failCode': 305, 'immediately': True, 'message': 'USER_MUST_RELOGIN', 'success': False}
2026-05-05 16:21:31,188 - root - WARNING - Session expired. Attempting to re-login...
2026-05-05 16:21:31,188 - root - INFO - Attempting to login to FusionSolar API at https://sg5.fusionsolar.huawei.com/thirdData/login
2026-05-05 16:21:31,481 - root - INFO - Login response status code: 200
2026-05-05 16:21:31,481 - root - ERROR - FusionSolar login failed: Unknown error
2026-05-05 16:21:31,484 - root - ERROR - Re-login failed. Cannot proceed with API request.
2026-05-05 16:21:31,486 - root - WARNING - Failed to fetch historical data
2026-05-05 16:21:31,486 - root - INFO - Using single devDn for device/history (API: one device per query)
2026-05-05 16:21:31,486 - root - INFO - Fetching historical data for 1 devices of type meteo_station
2026-05-05 16:21:31,486 - root - INFO - Making API request to: https://sg5.fusionsolar.huawei.com/rest/openapi/pvms/nbi/v1/device/history
2026-05-05 16:21:31,486 - root - INFO - Request payload: {'devDn': 'NE=62806360', 'devTypeId': 10, 'startTime': 1777741200000, 'endTime': 1777827600000}
2026-05-05 16:21:31,774 - root - INFO - Response status code: 200
2026-05-05 16:21:31,774 - root - INFO - API response from https://sg5.fusionsolar.huawei.com/rest/openapi/pvms/nbi/v1/device/history (truncated): {'failCode': 305, 'immediately': True, 'message': 'USER_MUST_RELOGIN', 'success': False}
2026-05-05 16:21:31,776 - root - WARNING - Session expired. Attempting to re-login...
2026-05-05 16:21:31,776 - root - INFO - Attempting to login to FusionSolar API at https://sg5.fusionsolar.huawei.com/thirdData/login
2026-05-05 16:21:32,071 - root - INFO - Login response status code: 200
2026-05-05 16:21:32,072 - root - ERROR - FusionSolar login failed: Unknown error
2026-05-05 16:21:32,074 - root - ERROR - Re-login failed. Cannot proceed with API request.
2026-05-05 16:21:32,076 - root - WARNING - Failed to fetch historical data
2026-05-05 16:21:32,076 - root - INFO - Using single devDn for device/history (API: one device per query)
2026-05-05 16:21:32,076 - root - INFO - Fetching historical data for 1 devices of type meteo_station
2026-05-05 16:21:32,077 - root - INFO - Making API request to: https://sg5.fusionsolar.huawei.com/rest/openapi/pvms/nbi/v1/device/history
2026-05-05 16:21:32,077 - root - INFO - Request payload: {'devDn': 'NE=62807014', 'devTypeId': 10, 'startTime': 1777741200000, 'endTime': 1777827600000}
2026-05-05 16:21:32,361 - root - INFO - Response status code: 200
2026-05-05 16:21:32,361 - root - INFO - API response from https://sg5.fusionsolar.huawei.com/rest/openapi/pvms/nbi/v1/device/history (truncated): {'failCode': 305, 'immediately': True, 'message': 'USER_MUST_RELOGIN', 'success': False}
2026-05-05 16:21:32,363 - root - WARNING - Session expired. Attempting to re-login...
2026-05-05 16:21:32,363 - root - INFO - Attempting to login to FusionSolar API at https://sg5.fusionsolar.huawei.com/thirdData/login
2026-05-05 16:21:32,653 - root - INFO - Login response status code: 200
2026-05-05 16:21:32,654 - root - ERROR - FusionSolar login failed: Unknown error
2026-05-05 16:21:32,656 - root - ERROR - Re-login failed. Cannot proceed with API request.
2026-05-05 16:21:32,658 - root - WARNING - Failed to fetch historical data
2026-05-05 16:21:32,658 - root - INFO - Using single devDn for device/history (API: one device per query)
2026-05-05 16:21:32,658 - root - INFO - Fetching historical data for 1 devices of type meteo_station
2026-05-05 16:21:32,659 - root - INFO - Making API request to: https://sg5.fusionsolar.huawei.com/rest/openapi/pvms/nbi/v1/device/history
2026-05-05 16:21:32,659 - root - INFO - Request payload: {'devDn': 'NE=62807015', 'devTypeId': 10, 'startTime': 1777741200000, 'endTime': 1777827600000}
2026-05-05 16:21:32,939 - root - INFO - Response status code: 200
2026-05-05 16:21:32,939 - root - INFO - API response from https://sg5.fusionsolar.huawei.com/rest/openapi/pvms/nbi/v1/device/history (truncated): {'failCode': 305, 'immediately': True, 'message': 'USER_MUST_RELOGIN', 'success': False}
2026-05-05 16:21:32,941 - root - WARNING - Session expired. Attempting to re-login...
2026-05-05 16:21:32,941 - root - INFO - Attempting to login to FusionSolar API at https://sg5.fusionsolar.huawei.com/thirdData/login
2026-05-05 16:21:33,232 - root - INFO - Login response status code: 200
2026-05-05 16:21:33,232 - root - ERROR - FusionSolar login failed: Unknown error
2026-05-05 16:21:33,235 - root - ERROR - Re-login failed. Cannot proceed with API request.
2026-05-05 16:21:33,236 - root - WARNING - Failed to fetch historical data
2026-05-05 16:21:33,237 - root - INFO - Using single devDn for device/history (API: one device per query)
2026-05-05 16:21:33,237 - root - INFO - Fetching historical data for 1 devices of type inverter
2026-05-05 16:21:33,237 - root - INFO - Making API request to: https://sg5.fusionsolar.huawei.com/rest/openapi/pvms/nbi/v1/device/history
2026-05-05 16:21:33,237 - root - INFO - Request payload: {'devDn': 'NE=60951887', 'devTypeId': 1, 'startTime': 1777741200000, 'endTime': 1777827600000}
2026-05-05 16:21:33,515 - root - INFO - Response status code: 200
2026-05-05 16:21:33,515 - root - INFO - API response from https://sg5.fusionsolar.huawei.com/rest/openapi/pvms/nbi/v1/device/history (truncated): {'failCode': 305, 'immediately': True, 'message': 'USER_MUST_RELOGIN', 'success': False}
2026-05-05 16:21:33,517 - root - WARNING - Session expired. Attempting to re-login...
2026-05-05 16:21:33,517 - root - INFO - Attempting to login to FusionSolar API at https://sg5.fusionsolar.huawei.com/thirdData/login
2026-05-05 16:21:33,805 - root - INFO - Login response status code: 200
2026-05-05 16:21:33,805 - root - ERROR - FusionSolar login failed: Unknown error
2026-05-05 16:21:33,808 - root - ERROR - Re-login failed. Cannot proceed with API request.
2026-05-05 16:21:33,809 - root - WARNING - Failed to fetch historical data
2026-05-05 16:21:33,809 - root - INFO - Using single devDn for device/history (API: one device per query)
2026-05-05 16:21:33,810 - root - INFO - Fetching historical data for 1 devices of type inverter
2026-05-05 16:21:33,810 - root - INFO - Making API request to: https://sg5.fusionsolar.huawei.com/rest/openapi/pvms/nbi/v1/device/history
2026-05-05 16:21:33,810 - root - INFO - Request payload: {'devDn': 'NE=61851554', 'devTypeId': 1, 'startTime': 1777741200000, 'endTime': 1777827600000}
2026-05-05 16:21:34,095 - root - INFO - Response status code: 200
2026-05-05 16:21:34,095 - root - INFO - API response from https://sg5.fusionsolar.huawei.com/rest/openapi/pvms/nbi/v1/device/history (truncated): {'failCode': 305, 'immediately': True, 'message': 'USER_MUST_RELOGIN', 'success': False}
2026-05-05 16:21:34,097 - root - WARNING - Session expired. Attempting to re-login...
2026-05-05 16:21:34,097 - root - INFO - Attempting to login to FusionSolar API at https://sg5.fusionsolar.huawei.com/thirdData/login
2026-05-05 16:21:34,387 - root - INFO - Login response status code: 200
2026-05-05 16:21:34,387 - root - ERROR - FusionSolar login failed: Unknown error
2026-05-05 16:21:34,390 - root - ERROR - Re-login failed. Cannot proceed with API request.
2026-05-05 16:21:34,391 - root - WARNING - Failed to fetch historical data
2026-05-05 16:21:34,391 - root - INFO - Using single devDn for device/history (API: one device per query)
2026-05-05 16:21:34,392 - root - INFO - Fetching historical data for 1 devices of type inverter
2026-05-05 16:21:34,392 - root - INFO - Making API request to: https://sg5.fusionsolar.huawei.com/rest/openapi/pvms/nbi/v1/device/history
2026-05-05 16:21:34,392 - root - INFO - Request payload: {'devDn': 'NE=61851555', 'devTypeId': 1, 'startTime': 1777741200000, 'endTime': 1777827600000}
2026-05-05 16:21:34,675 - root - INFO - Response status code: 200
2026-05-05 16:21:34,676 - root - INFO - API response from https://sg5.fusionsolar.huawei.com/rest/openapi/pvms/nbi/v1/device/history (truncated): {'failCode': 305, 'immediately': True, 'message': 'USER_MUST_RELOGIN', 'success': False}
2026-05-05 16:21:34,677 - root - WARNING - Session expired. Attempting to re-login...
2026-05-05 16:21:34,678 - root - INFO - Attempting to login to FusionSolar API at https://sg5.fusionsolar.huawei.com/thirdData/login
2026-05-05 16:21:34,967 - root - INFO - Login response status code: 200
2026-05-05 16:21:34,968 - root - ERROR - FusionSolar login failed: Unknown error
2026-05-05 16:21:34,970 - root - ERROR - Re-login failed. Cannot proceed with API request.
2026-05-05 16:21:34,972 - root - WARNING - Failed to fetch historical data
2026-05-05 16:21:34,972 - root - INFO - Using single devDn for device/history (API: one device per query)
2026-05-05 16:21:34,972 - root - INFO - Fetching historical data for 1 devices of type inverter
2026-05-05 16:21:34,972 - root - INFO - Making API request to: https://sg5.fusionsolar.huawei.com/rest/openapi/pvms/nbi/v1/device/history
2026-05-05 16:21:34,973 - root - INFO - Request payload: {'devDn': 'NE=61851552', 'devTypeId': 1, 'startTime': 1777741200000, 'endTime': 1777827600000}
2026-05-05 16:21:35,253 - root - INFO - Response status code: 200
2026-05-05 16:21:35,254 - root - INFO - API response from https://sg5.fusionsolar.huawei.com/rest/openapi/pvms/nbi/v1/device/history (truncated): {'failCode': 305, 'immediately': True, 'message': 'USER_MUST_RELOGIN', 'success': False}
2026-05-05 16:21:35,255 - root - WARNING - Session expired. Attempting to re-login...
2026-05-05 16:21:35,256 - root - INFO - Attempting to login to FusionSolar API at https://sg5.fusionsolar.huawei.com/thirdData/login
2026-05-05 16:21:35,549 - root - INFO - Login response status code: 200
2026-05-05 16:21:35,549 - root - ERROR - FusionSolar login failed: Unknown error
2026-05-05 16:21:35,552 - root - ERROR - Re-login failed. Cannot proceed with API request.
2026-05-05 16:21:35,553 - root - WARNING - Failed to fetch historical data
2026-05-05 16:21:35,553 - root - INFO - Using single devDn for device/history (API: one device per query)
2026-05-05 16:21:35,554 - root - INFO - Fetching historical data for 1 devices of type inverter
2026-05-05 16:21:35,554 - root - INFO - Making API request to: https://sg5.fusionsolar.huawei.com/rest/openapi/pvms/nbi/v1/device/history
2026-05-05 16:21:35,554 - root - INFO - Request payload: {'devDn': 'NE=61851553', 'devTypeId': 1, 'startTime': 1777741200000, 'endTime': 1777827600000}
2026-05-05 16:21:35,835 - root - INFO - Response status code: 200
2026-05-05 16:21:35,835 - root - INFO - API response from https://sg5.fusionsolar.huawei.com/rest/openapi/pvms/nbi/v1/device/history (truncated): {'failCode': 305, 'immediately': True, 'message': 'USER_MUST_RELOGIN', 'success': False}
2026-05-05 16:21:35,837 - root - WARNING - Session expired. Attempting to re-login...
2026-05-05 16:21:35,837 - root - INFO - Attempting to login to FusionSolar API at https://sg5.fusionsolar.huawei.com/thirdData/login
2026-05-05 16:21:36,133 - root - INFO - Login response status code: 200
2026-05-05 16:21:36,133 - root - ERROR - FusionSolar login failed: Unknown error
2026-05-05 16:21:36,136 - root - ERROR - Re-login failed. Cannot proceed with API request.
2026-05-05 16:21:36,137 - root - WARNING - Failed to fetch historical data
2026-05-05 16:21:36,137 - root - INFO - Using single devDn for device/history (API: one device per query)
2026-05-05 16:21:36,138 - root - INFO - Fetching historical data for 1 devices of type inverter
2026-05-05 16:21:36,138 - root - INFO - Making API request to: https://sg5.fusionsolar.huawei.com/rest/openapi/pvms/nbi/v1/device/history
2026-05-05 16:21:36,138 - root - INFO - Request payload: {'devDn': 'NE=61851556', 'devTypeId': 1, 'startTime': 1777741200000, 'endTime': 1777827600000}
2026-05-05 16:21:36,421 - root - INFO - Response status code: 200
2026-05-05 16:21:36,421 - root - INFO - API response from https://sg5.fusionsolar.huawei.com/rest/openapi/pvms/nbi/v1/device/history (truncated): {'failCode': 305, 'immediately': True, 'message': 'USER_MUST_RELOGIN', 'success': False}
2026-05-05 16:21:36,423 - root - WARNING - Session expired. Attempting to re-login...
2026-05-05 16:21:36,423 - root - INFO - Attempting to login to FusionSolar API at https://sg5.fusionsolar.huawei.com/thirdData/login
2026-05-05 16:21:36,712 - root - INFO - Login response status code: 200
2026-05-05 16:21:36,712 - root - ERROR - FusionSolar login failed: Unknown error
2026-05-05 16:21:36,715 - root - ERROR - Re-login failed. Cannot proceed with API request.
2026-05-05 16:21:36,716 - root - WARNING - Failed to fetch historical data
2026-05-05 16:21:36,716 - root - INFO - Using single devDn for device/history (API: one device per query)
2026-05-05 16:21:36,717 - root - INFO - Fetching historical data for 1 devices of type inverter
2026-05-05 16:21:36,717 - root - INFO - Making API request to: https://sg5.fusionsolar.huawei.com/rest/openapi/pvms/nbi/v1/device/history
2026-05-05 16:21:36,717 - root - INFO - Request payload: {'devDn': 'NE=61851557', 'devTypeId': 1, 'startTime': 1777741200000, 'endTime': 1777827600000}
2026-05-05 16:21:37,001 - root - INFO - Response status code: 200
2026-05-05 16:21:37,002 - root - INFO - API response from https://sg5.fusionsolar.huawei.com/rest/openapi/pvms/nbi/v1/device/history (truncated): {'failCode': 305, 'immediately': True, 'message': 'USER_MUST_RELOGIN', 'success': False}
2026-05-05 16:21:37,003 - root - WARNING - Session expired. Attempting to re-login...
2026-05-05 16:21:37,003 - root - INFO - Attempting to login to FusionSolar API at https://sg5.fusionsolar.huawei.com/thirdData/login
2026-05-05 16:21:37,300 - root - INFO - Login response status code: 200
2026-05-05 16:21:37,300 - root - ERROR - FusionSolar login failed: Unknown error
2026-05-05 16:21:37,303 - root - ERROR - Re-login failed. Cannot proceed with API request.
2026-05-05 16:21:37,304 - root - WARNING - Failed to fetch historical data
2026-05-05 16:21:37,305 - root - INFO - Using single devDn for device/history (API: one device per query)
2026-05-05 16:21:37,306 - root - INFO - Fetching historical data for 1 devices of type inverter
2026-05-05 16:21:37,306 - root - INFO - Making API request to: https://sg5.fusionsolar.huawei.com/rest/openapi/pvms/nbi/v1/device/history
2026-05-05 16:21:37,306 - root - INFO - Request payload: {'devDn': 'NE=52031815', 'devTypeId': 1, 'startTime': 1777741200000, 'endTime': 1777827600000}
2026-05-05 16:21:37,587 - root - INFO - Response status code: 200
2026-05-05 16:21:37,587 - root - INFO - API response from https://sg5.fusionsolar.huawei.com/rest/openapi/pvms/nbi/v1/device/history (truncated): {'failCode': 305, 'immediately': True, 'message': 'USER_MUST_RELOGIN', 'success': False}
2026-05-05 16:21:37,589 - root - WARNING - Session expired. Attempting to re-login...
2026-05-05 16:21:37,589 - root - INFO - Attempting to login to FusionSolar API at https://sg5.fusionsolar.huawei.com/thirdData/login
2026-05-05 16:21:37,880 - root - INFO - Login response status code: 200
2026-05-05 16:21:37,881 - root - ERROR - FusionSolar login failed: Unknown error
2026-05-05 16:21:37,883 - root - ERROR - Re-login failed. Cannot proceed with API request.
2026-05-05 16:21:37,885 - root - WARNING - Failed to fetch historical data
2026-05-05 16:21:37,885 - root - INFO - Using single devDn for device/history (API: one device per query)
2026-05-05 16:21:37,885 - root - INFO - Fetching historical data for 1 devices of type inverter
2026-05-05 16:21:37,885 - root - INFO - Making API request to: https://sg5.fusionsolar.huawei.com/rest/openapi/pvms/nbi/v1/device/history
2026-05-05 16:21:37,885 - root - INFO - Request payload: {'devDn': 'NE=52031818', 'devTypeId': 1, 'startTime': 1777741200000, 'endTime': 1777827600000}
2026-05-05 16:21:38,164 - root - INFO - Response status code: 200
2026-05-05 16:21:38,165 - root - INFO - API response from https://sg5.fusionsolar.huawei.com/rest/openapi/pvms/nbi/v1/device/history (truncated): {'failCode': 305, 'immediately': True, 'message': 'USER_MUST_RELOGIN', 'success': False}
2026-05-05 16:21:38,167 - root - WARNING - Session expired. Attempting to re-login...
2026-05-05 16:21:38,167 - root - INFO - Attempting to login to FusionSolar API at https://sg5.fusionsolar.huawei.com/thirdData/login
2026-05-05 16:21:38,455 - root - INFO - Login response status code: 200
2026-05-05 16:21:38,455 - root - ERROR - FusionSolar login failed: Unknown error
2026-05-05 16:21:38,458 - root - ERROR - Re-login failed. Cannot proceed with API request.
2026-05-05 16:21:38,459 - root - WARNING - Failed to fetch historical data
2026-05-05 16:21:38,459 - root - INFO - Using single devDn for device/history (API: one device per query)
2026-05-05 16:21:38,460 - root - INFO - Fetching historical data for 1 devices of type inverter
2026-05-05 16:21:38,460 - root - INFO - Making API request to: https://sg5.fusionsolar.huawei.com/rest/openapi/pvms/nbi/v1/device/history
2026-05-05 16:21:38,460 - root - INFO - Request payload: {'devDn': 'NE=52031819', 'devTypeId': 1, 'startTime': 1777741200000, 'endTime': 1777827600000}
2026-05-05 16:21:38,740 - root - INFO - Response status code: 200
2026-05-05 16:21:38,741 - root - INFO - API response from https://sg5.fusionsolar.huawei.com/rest/openapi/pvms/nbi/v1/device/history (truncated): {'failCode': 305, 'immediately': True, 'message': 'USER_MUST_RELOGIN', 'success': False}
2026-05-05 16:21:38,742 - root - WARNING - Session expired. Attempting to re-login...
2026-05-05 16:21:38,743 - root - INFO - Attempting to login to FusionSolar API at https://sg5.fusionsolar.huawei.com/thirdData/login
2026-05-05 16:21:39,029 - root - INFO - Login response status code: 200
2026-05-05 16:21:39,029 - root - ERROR - FusionSolar login failed: Unknown error
2026-05-05 16:21:39,032 - root - ERROR - Re-login failed. Cannot proceed with API request.
2026-05-05 16:21:39,033 - root - WARNING - Failed to fetch historical data
2026-05-05 16:21:39,034 - root - INFO - Using single devDn for device/history (API: one device per query)
2026-05-05 16:21:39,034 - root - INFO - Fetching historical data for 1 devices of type inverter
2026-05-05 16:21:39,034 - root - INFO - Making API request to: https://sg5.fusionsolar.huawei.com/rest/openapi/pvms/nbi/v1/device/history
2026-05-05 16:21:39,034 - root - INFO - Request payload: {'devDn': 'NE=52031820', 'devTypeId': 1, 'startTime': 1777741200000, 'endTime': 1777827600000}
2026-05-05 16:21:39,315 - root - INFO - Response status code: 200
2026-05-05 16:21:39,315 - root - INFO - API response from https://sg5.fusionsolar.huawei.com/rest/openapi/pvms/nbi/v1/device/history (truncated): {'failCode': 305, 'immediately': True, 'message': 'USER_MUST_RELOGIN', 'success': False}
2026-05-05 16:21:39,317 - root - WARNING - Session expired. Attempting to re-login...
2026-05-05 16:21:39,317 - root - INFO - Attempting to login to FusionSolar API at https://sg5.fusionsolar.huawei.com/thirdData/login
2026-05-05 16:21:39,591 - root - INFO - Login response status code: 200
2026-05-05 16:21:39,592 - root - ERROR - FusionSolar login failed: Unknown error
2026-05-05 16:21:39,594 - root - ERROR - Re-login failed. Cannot proceed with API request.
2026-05-05 16:21:39,596 - root - WARNING - Failed to fetch historical data
2026-05-05 16:21:39,596 - root - INFO - Using single devDn for device/history (API: one device per query)
2026-05-05 16:21:39,596 - root - INFO - Fetching historical data for 1 devices of type inverter
2026-05-05 16:21:39,596 - root - INFO - Making API request to: https://sg5.fusionsolar.huawei.com/rest/openapi/pvms/nbi/v1/device/history
2026-05-05 16:21:39,597 - root - INFO - Request payload: {'devDn': 'NE=52031821', 'devTypeId': 1, 'startTime': 1777741200000, 'endTime': 1777827600000}
2026-05-05 16:21:39,876 - root - INFO - Response status code: 200
2026-05-05 16:21:39,877 - root - INFO - API response from https://sg5.fusionsolar.huawei.com/rest/openapi/pvms/nbi/v1/device/history (truncated): {'failCode': 305, 'immediately': True, 'message': 'USER_MUST_RELOGIN', 'success': False}
2026-05-05 16:21:39,878 - root - WARNING - Session expired. Attempting to re-login...
2026-05-05 16:21:39,878 - root - INFO - Attempting to login to FusionSolar API at https://sg5.fusionsolar.huawei.com/thirdData/login
2026-05-05 16:21:40,170 - root - INFO - Login response status code: 200
2026-05-05 16:21:40,170 - root - ERROR - FusionSolar login failed: Unknown error
2026-05-05 16:21:40,173 - root - ERROR - Re-login failed. Cannot proceed with API request.
2026-05-05 16:21:40,174 - root - WARNING - Failed to fetch historical data
2026-05-05 16:21:40,174 - root - INFO - Using single devDn for device/history (API: one device per query)
2026-05-05 16:21:40,175 - root - INFO - Fetching historical data for 1 devices of type inverter
2026-05-05 16:21:40,175 - root - INFO - Making API request to: https://sg5.fusionsolar.huawei.com/rest/openapi/pvms/nbi/v1/device/history
2026-05-05 16:21:40,175 - root - INFO - Request payload: {'devDn': 'NE=52031822', 'devTypeId': 1, 'startTime': 1777741200000, 'endTime': 1777827600000}
2026-05-05 16:21:40,452 - root - INFO - Response status code: 200
2026-05-05 16:21:40,452 - root - INFO - API response from https://sg5.fusionsolar.huawei.com/rest/openapi/pvms/nbi/v1/device/history (truncated): {'failCode': 305, 'immediately': True, 'message': 'USER_MUST_RELOGIN', 'success': False}
2026-05-05 16:21:40,454 - root - WARNING - Session expired. Attempting to re-login...
2026-05-05 16:21:40,454 - root - INFO - Attempting to login to FusionSolar API at https://sg5.fusionsolar.huawei.com/thirdData/login
2026-05-05 16:21:40,747 - root - INFO - Login response status code: 200
2026-05-05 16:21:40,747 - root - ERROR - FusionSolar login failed: Unknown error
2026-05-05 16:21:40,750 - root - ERROR - Re-login failed. Cannot proceed with API request.
2026-05-05 16:21:40,751 - root - WARNING - Failed to fetch historical data
2026-05-05 16:21:40,751 - root - INFO - Using single devDn for device/history (API: one device per query)
2026-05-05 16:21:40,752 - root - INFO - Fetching historical data for 1 devices of type inverter
2026-05-05 16:21:40,752 - root - INFO - Making API request to: https://sg5.fusionsolar.huawei.com/rest/openapi/pvms/nbi/v1/device/history
2026-05-05 16:21:40,752 - root - INFO - Request payload: {'devDn': 'NE=52031823', 'devTypeId': 1, 'startTime': 1777741200000, 'endTime': 1777827600000}
2026-05-05 16:21:41,031 - root - INFO - Response status code: 200
2026-05-05 16:21:41,031 - root - INFO - API response from https://sg5.fusionsolar.huawei.com/rest/openapi/pvms/nbi/v1/device/history (truncated): {'failCode': 305, 'immediately': True, 'message': 'USER_MUST_RELOGIN', 'success': False}
2026-05-05 16:21:41,033 - root - WARNING - Session expired. Attempting to re-login...
2026-05-05 16:21:41,033 - root - INFO - Attempting to login to FusionSolar API at https://sg5.fusionsolar.huawei.com/thirdData/login
2026-05-05 16:21:41,323 - root - INFO - Login response status code: 200
2026-05-05 16:21:41,323 - root - ERROR - FusionSolar login failed: Unknown error
2026-05-05 16:21:41,326 - root - ERROR - Re-login failed. Cannot proceed with API request.
2026-05-05 16:21:41,327 - root - WARNING - Failed to fetch historical data
2026-05-05 16:21:41,327 - root - INFO - Using single devDn for device/history (API: one device per query)
2026-05-05 16:21:41,328 - root - INFO - Fetching historical data for 1 devices of type inverter
2026-05-05 16:21:41,328 - root - INFO - Making API request to: https://sg5.fusionsolar.huawei.com/rest/openapi/pvms/nbi/v1/device/history
2026-05-05 16:21:41,328 - root - INFO - Request payload: {'devDn': 'NE=52031824', 'devTypeId': 1, 'startTime': 1777741200000, 'endTime': 1777827600000}
2026-05-05 16:21:41,609 - root - INFO - Response status code: 200
2026-05-05 16:21:41,610 - root - INFO - API response from https://sg5.fusionsolar.huawei.com/rest/openapi/pvms/nbi/v1/device/history (truncated): {'failCode': 305, 'immediately': True, 'message': 'USER_MUST_RELOGIN', 'success': False}
2026-05-05 16:21:41,611 - root - WARNING - Session expired. Attempting to re-login...
2026-05-05 16:21:41,611 - root - INFO - Attempting to login to FusionSolar API at https://sg5.fusionsolar.huawei.com/thirdData/login
2026-05-05 16:21:41,898 - root - INFO - Login response status code: 200
2026-05-05 16:21:41,899 - root - ERROR - FusionSolar login failed: Unknown error
2026-05-05 16:21:41,901 - root - ERROR - Re-login failed. Cannot proceed with API request.
2026-05-05 16:21:41,903 - root - WARNING - Failed to fetch historical data
2026-05-05 16:21:41,903 - root - INFO - Using single devDn for device/history (API: one device per query)
2026-05-05 16:21:41,904 - root - INFO - Fetching historical data for 1 devices of type inverter
2026-05-05 16:21:41,904 - root - INFO - Making API request to: https://sg5.fusionsolar.huawei.com/rest/openapi/pvms/nbi/v1/device/history
2026-05-05 16:21:41,904 - root - INFO - Request payload: {'devDn': 'NE=52031825', 'devTypeId': 1, 'startTime': 1777741200000, 'endTime': 1777827600000}
2026-05-05 16:21:42,188 - root - INFO - Response status code: 200
2026-05-05 16:21:42,188 - root - INFO - API response from https://sg5.fusionsolar.huawei.com/rest/openapi/pvms/nbi/v1/device/history (truncated): {'failCode': 305, 'immediately': True, 'message': 'USER_MUST_RELOGIN', 'success': False}
2026-05-05 16:21:42,190 - root - WARNING - Session expired. Attempting to re-login...
2026-05-05 16:21:42,190 - root - INFO - Attempting to login to FusionSolar API at https://sg5.fusionsolar.huawei.com/thirdData/login
2026-05-05 16:21:42,480 - root - INFO - Login response status code: 200
2026-05-05 16:21:42,480 - root - ERROR - FusionSolar login failed: Unknown error
2026-05-05 16:21:42,483 - root - ERROR - Re-login failed. Cannot proceed with API request.
2026-05-05 16:21:42,484 - root - WARNING - Failed to fetch historical data
2026-05-05 16:21:42,484 - root - INFO - Using single devDn for device/history (API: one device per query)
2026-05-05 16:21:42,485 - root - INFO - Fetching historical data for 1 devices of type inverter
2026-05-05 16:21:42,485 - root - INFO - Making API request to: https://sg5.fusionsolar.huawei.com/rest/openapi/pvms/nbi/v1/device/history
2026-05-05 16:21:42,485 - root - INFO - Request payload: {'devDn': 'NE=52031826', 'devTypeId': 1, 'startTime': 1777741200000, 'endTime': 1777827600000}
2026-05-05 16:21:42,761 - root - INFO - Response status code: 200
2026-05-05 16:21:42,762 - root - INFO - API response from https://sg5.fusionsolar.huawei.com/rest/openapi/pvms/nbi/v1/device/history (truncated): {'failCode': 305, 'immediately': True, 'message': 'USER_MUST_RELOGIN', 'success': False}
2026-05-05 16:21:42,763 - root - WARNING - Session expired. Attempting to re-login...
2026-05-05 16:21:42,763 - root - INFO - Attempting to login to FusionSolar API at https://sg5.fusionsolar.huawei.com/thirdData/login
2026-05-05 16:21:44,045 - root - INFO - Login response status code: 200
2026-05-05 16:21:44,045 - root - ERROR - FusionSolar login failed: Unknown error
2026-05-05 16:21:44,048 - root - ERROR - Re-login failed. Cannot proceed with API request.
2026-05-05 16:21:44,050 - root - WARNING - Failed to fetch historical data
2026-05-05 16:21:44,050 - root - INFO - Using single devDn for device/history (API: one device per query)
2026-05-05 16:21:44,051 - root - INFO - Fetching historical data for 1 devices of type inverter
2026-05-05 16:21:44,051 - root - INFO - Making API request to: https://sg5.fusionsolar.huawei.com/rest/openapi/pvms/nbi/v1/device/history
2026-05-05 16:21:44,051 - root - INFO - Request payload: {'devDn': 'NE=52031827', 'devTypeId': 1, 'startTime': 1777741200000, 'endTime': 1777827600000}
2026-05-05 16:21:44,340 - root - INFO - Response status code: 200
2026-05-05 16:21:44,340 - root - INFO - API response from https://sg5.fusionsolar.huawei.com/rest/openapi/pvms/nbi/v1/device/history (truncated): {'failCode': 305, 'immediately': True, 'message': 'USER_MUST_RELOGIN', 'success': False}
2026-05-05 16:21:44,342 - root - WARNING - Session expired. Attempting to re-login...
2026-05-05 16:21:44,343 - root - INFO - Attempting to login to FusionSolar API at https://sg5.fusionsolar.huawei.com/thirdData/login
2026-05-05 16:21:44,670 - root - INFO - Login response status code: 200
2026-05-05 16:21:44,671 - root - ERROR - FusionSolar login failed: Unknown error
2026-05-05 16:21:44,673 - root - ERROR - Re-login failed. Cannot proceed with API request.
2026-05-05 16:21:44,675 - root - WARNING - Failed to fetch historical data
2026-05-05 16:21:44,675 - root - INFO - Using single devDn for device/history (API: one device per query)
2026-05-05 16:21:44,675 - root - INFO - Fetching historical data for 1 devices of type inverter
2026-05-05 16:21:44,675 - root - INFO - Making API request to: https://sg5.fusionsolar.huawei.com/rest/openapi/pvms/nbi/v1/device/history
2026-05-05 16:21:44,676 - root - INFO - Request payload: {'devDn': 'NE=52031816', 'devTypeId': 1, 'startTime': 1777741200000, 'endTime': 1777827600000}
2026-05-05 16:21:44,956 - root - INFO - Response status code: 200
2026-05-05 16:21:44,956 - root - INFO - API response from https://sg5.fusionsolar.huawei.com/rest/openapi/pvms/nbi/v1/device/history (truncated): {'failCode': 305, 'immediately': True, 'message': 'USER_MUST_RELOGIN', 'success': False}
2026-05-05 16:21:44,958 - root - WARNING - Session expired. Attempting to re-login...
2026-05-05 16:21:44,958 - root - INFO - Attempting to login to FusionSolar API at https://sg5.fusionsolar.huawei.com/thirdData/login
2026-05-05 16:21:45,238 - root - INFO - Login response status code: 200
2026-05-05 16:21:45,238 - root - ERROR - FusionSolar login failed: Unknown error
2026-05-05 16:21:45,241 - root - ERROR - Re-login failed. Cannot proceed with API request.
2026-05-05 16:21:45,242 - root - WARNING - Failed to fetch historical data
2026-05-05 16:21:45,242 - root - INFO - Using single devDn for device/history (API: one device per query)
2026-05-05 16:21:45,243 - root - INFO - Fetching historical data for 1 devices of type inverter
2026-05-05 16:21:45,243 - root - INFO - Making API request to: https://sg5.fusionsolar.huawei.com/rest/openapi/pvms/nbi/v1/device/history
2026-05-05 16:21:45,243 - root - INFO - Request payload: {'devDn': 'NE=52031817', 'devTypeId': 1, 'startTime': 1777741200000, 'endTime': 1777827600000}
2026-05-05 16:21:45,524 - root - INFO - Response status code: 200
2026-05-05 16:21:45,524 - root - INFO - API response from https://sg5.fusionsolar.huawei.com/rest/openapi/pvms/nbi/v1/device/history (truncated): {'failCode': 305, 'immediately': True, 'message': 'USER_MUST_RELOGIN', 'success': False}
2026-05-05 16:21:45,526 - root - WARNING - Session expired. Attempting to re-login...
2026-05-05 16:21:45,526 - root - INFO - Attempting to login to FusionSolar API at https://sg5.fusionsolar.huawei.com/thirdData/login
2026-05-05 16:21:45,813 - root - INFO - Login response status code: 200
2026-05-05 16:21:45,813 - root - ERROR - FusionSolar login failed: Unknown error
2026-05-05 16:21:45,816 - root - ERROR - Re-login failed. Cannot proceed with API request.
2026-05-05 16:21:45,817 - root - WARNING - Failed to fetch historical data
2026-05-05 16:21:45,817 - root - INFO - Using single devDn for device/history (API: one device per query)
2026-05-05 16:21:45,818 - root - INFO - Fetching historical data for 1 devices of type inverter
2026-05-05 16:21:45,818 - root - INFO - Making API request to: https://sg5.fusionsolar.huawei.com/rest/openapi/pvms/nbi/v1/device/history
2026-05-05 16:21:45,818 - root - INFO - Request payload: {'devDn': 'NE=51758779', 'devTypeId': 1, 'startTime': 1777741200000, 'endTime': 1777827600000}
2026-05-05 16:21:46,096 - root - INFO - Response status code: 200
2026-05-05 16:21:46,097 - root - INFO - API response from https://sg5.fusionsolar.huawei.com/rest/openapi/pvms/nbi/v1/device/history (truncated): {'failCode': 305, 'immediately': True, 'message': 'USER_MUST_RELOGIN', 'success': False}
2026-05-05 16:21:46,098 - root - WARNING - Session expired. Attempting to re-login...
2026-05-05 16:21:46,099 - root - INFO - Attempting to login to FusionSolar API at https://sg5.fusionsolar.huawei.com/thirdData/login
2026-05-05 16:21:46,388 - root - INFO - Login response status code: 200
2026-05-05 16:21:46,388 - root - ERROR - FusionSolar login failed: Unknown error
2026-05-05 16:21:46,391 - root - ERROR - Re-login failed. Cannot proceed with API request.
2026-05-05 16:21:46,392 - root - WARNING - Failed to fetch historical data
2026-05-05 16:21:46,392 - root - INFO - Using single devDn for device/history (API: one device per query)
2026-05-05 16:21:46,393 - root - INFO - Fetching historical data for 1 devices of type inverter
2026-05-05 16:21:46,393 - root - INFO - Making API request to: https://sg5.fusionsolar.huawei.com/rest/openapi/pvms/nbi/v1/device/history
2026-05-05 16:21:46,393 - root - INFO - Request payload: {'devDn': 'NE=51758780', 'devTypeId': 1, 'startTime': 1777741200000, 'endTime': 1777827600000}
2026-05-05 16:21:46,673 - root - INFO - Response status code: 200
2026-05-05 16:21:46,673 - root - INFO - API response from https://sg5.fusionsolar.huawei.com/rest/openapi/pvms/nbi/v1/device/history (truncated): {'failCode': 305, 'immediately': True, 'message': 'USER_MUST_RELOGIN', 'success': False}
2026-05-05 16:21:46,675 - root - WARNING - Session expired. Attempting to re-login...
2026-05-05 16:21:46,675 - root - INFO - Attempting to login to FusionSolar API at https://sg5.fusionsolar.huawei.com/thirdData/login
2026-05-05 16:21:46,968 - root - INFO - Login response status code: 200
2026-05-05 16:21:46,968 - root - ERROR - FusionSolar login failed: Unknown error
2026-05-05 16:21:46,970 - root - ERROR - Re-login failed. Cannot proceed with API request.
2026-05-05 16:21:46,972 - root - WARNING - Failed to fetch historical data
2026-05-05 16:21:46,972 - root - INFO - Using single devDn for device/history (API: one device per query)
2026-05-05 16:21:46,973 - root - INFO - Fetching historical data for 1 devices of type inverter
2026-05-05 16:21:46,973 - root - INFO - Making API request to: https://sg5.fusionsolar.huawei.com/rest/openapi/pvms/nbi/v1/device/history
2026-05-05 16:21:46,973 - root - INFO - Request payload: {'devDn': 'NE=51758777', 'devTypeId': 1, 'startTime': 1777741200000, 'endTime': 1777827600000}
2026-05-05 16:21:47,256 - root - INFO - Response status code: 200
2026-05-05 16:21:47,256 - root - INFO - API response from https://sg5.fusionsolar.huawei.com/rest/openapi/pvms/nbi/v1/device/history (truncated): {'failCode': 305, 'immediately': True, 'message': 'USER_MUST_RELOGIN', 'success': False}
2026-05-05 16:21:47,258 - root - WARNING - Session expired. Attempting to re-login...
2026-05-05 16:21:47,258 - root - INFO - Attempting to login to FusionSolar API at https://sg5.fusionsolar.huawei.com/thirdData/login
2026-05-05 16:21:47,542 - root - INFO - Login response status code: 200
2026-05-05 16:21:47,543 - root - ERROR - FusionSolar login failed: Unknown error
2026-05-05 16:21:47,546 - root - ERROR - Re-login failed. Cannot proceed with API request.
2026-05-05 16:21:47,547 - root - WARNING - Failed to fetch historical data
2026-05-05 16:21:47,547 - root - INFO - Using single devDn for device/history (API: one device per query)
2026-05-05 16:21:47,548 - root - INFO - Fetching historical data for 1 devices of type inverter
2026-05-05 16:21:47,548 - root - INFO - Making API request to: https://sg5.fusionsolar.huawei.com/rest/openapi/pvms/nbi/v1/device/history
2026-05-05 16:21:47,548 - root - INFO - Request payload: {'devDn': 'NE=51758778', 'devTypeId': 1, 'startTime': 1777741200000, 'endTime': 1777827600000}
2026-05-05 16:21:47,829 - root - INFO - Response status code: 200
2026-05-05 16:21:47,829 - root - INFO - API response from https://sg5.fusionsolar.huawei.com/rest/openapi/pvms/nbi/v1/device/history (truncated): {'failCode': 305, 'immediately': True, 'message': 'USER_MUST_RELOGIN', 'success': False}
2026-05-05 16:21:47,831 - root - WARNING - Session expired. Attempting to re-login...
2026-05-05 16:21:47,831 - root - INFO - Attempting to login to FusionSolar API at https://sg5.fusionsolar.huawei.com/thirdData/login
2026-05-05 16:21:48,122 - root - INFO - Login response status code: 200
2026-05-05 16:21:48,123 - root - ERROR - FusionSolar login failed: Unknown error
2026-05-05 16:21:48,126 - root - ERROR - Re-login failed. Cannot proceed with API request.
2026-05-05 16:21:48,127 - root - WARNING - Failed to fetch historical data
2026-05-05 16:21:48,127 - root - INFO - Using single devDn for device/history (API: one device per query)
2026-05-05 16:21:48,128 - root - INFO - Fetching historical data for 1 devices of type inverter
2026-05-05 16:21:48,128 - root - INFO - Making API request to: https://sg5.fusionsolar.huawei.com/rest/openapi/pvms/nbi/v1/device/history
2026-05-05 16:21:48,128 - root - INFO - Request payload: {'devDn': 'NE=58790540', 'devTypeId': 1, 'startTime': 1777741200000, 'endTime': 1777827600000}
2026-05-05 16:21:48,412 - root - INFO - Response status code: 200
2026-05-05 16:21:48,413 - root - INFO - API response from https://sg5.fusionsolar.huawei.com/rest/openapi/pvms/nbi/v1/device/history (truncated): {'failCode': 305, 'immediately': True, 'message': 'USER_MUST_RELOGIN', 'success': False}
2026-05-05 16:21:48,414 - root - WARNING - Session expired. Attempting to re-login...
2026-05-05 16:21:48,415 - root - INFO - Attempting to login to FusionSolar API at https://sg5.fusionsolar.huawei.com/thirdData/login
2026-05-05 16:21:48,702 - root - INFO - Login response status code: 200
2026-05-05 16:21:48,703 - root - ERROR - FusionSolar login failed: Unknown error
2026-05-05 16:21:48,705 - root - ERROR - Re-login failed. Cannot proceed with API request.
2026-05-05 16:21:48,707 - root - WARNING - Failed to fetch historical data
2026-05-05 16:21:48,707 - root - INFO - Using single devDn for device/history (API: one device per query)
2026-05-05 16:21:48,707 - root - INFO - Fetching historical data for 1 devices of type inverter
2026-05-05 16:21:48,707 - root - INFO - Making API request to: https://sg5.fusionsolar.huawei.com/rest/openapi/pvms/nbi/v1/device/history
2026-05-05 16:21:48,708 - root - INFO - Request payload: {'devDn': 'NE=58790539', 'devTypeId': 1, 'startTime': 1777741200000, 'endTime': 1777827600000}
2026-05-05 16:21:48,989 - root - INFO - Response status code: 200
2026-05-05 16:21:48,989 - root - INFO - API response from https://sg5.fusionsolar.huawei.com/rest/openapi/pvms/nbi/v1/device/history (truncated): {'failCode': 305, 'immediately': True, 'message': 'USER_MUST_RELOGIN', 'success': False}
2026-05-05 16:21:48,991 - root - WARNING - Session expired. Attempting to re-login...
2026-05-05 16:21:48,991 - root - INFO - Attempting to login to FusionSolar API at https://sg5.fusionsolar.huawei.com/thirdData/login
2026-05-05 16:21:49,281 - root - INFO - Login response status code: 200
2026-05-05 16:21:49,282 - root - ERROR - FusionSolar login failed: Unknown error
2026-05-05 16:21:49,284 - root - ERROR - Re-login failed. Cannot proceed with API request.
2026-05-05 16:21:49,286 - root - WARNING - Failed to fetch historical data
2026-05-05 16:21:49,286 - root - INFO - Using single devDn for device/history (API: one device per query)
2026-05-05 16:21:49,286 - root - INFO - Fetching historical data for 1 devices of type inverter
2026-05-05 16:21:49,287 - root - INFO - Making API request to: https://sg5.fusionsolar.huawei.com/rest/openapi/pvms/nbi/v1/device/history
2026-05-05 16:21:49,287 - root - INFO - Request payload: {'devDn': 'NE=58790538', 'devTypeId': 1, 'startTime': 1777741200000, 'endTime': 1777827600000}
2026-05-05 16:21:49,572 - root - INFO - Response status code: 200
2026-05-05 16:21:49,573 - root - INFO - API response from https://sg5.fusionsolar.huawei.com/rest/openapi/pvms/nbi/v1/device/history (truncated): {'failCode': 305, 'immediately': True, 'message': 'USER_MUST_RELOGIN', 'success': False}
2026-05-05 16:21:49,574 - root - WARNING - Session expired. Attempting to re-login...
2026-05-05 16:21:49,574 - root - INFO - Attempting to login to FusionSolar API at https://sg5.fusionsolar.huawei.com/thirdData/login
2026-05-05 16:21:49,868 - root - INFO - Login response status code: 200
2026-05-05 16:21:49,869 - root - ERROR - FusionSolar login failed: Unknown error
2026-05-05 16:21:49,871 - root - ERROR - Re-login failed. Cannot proceed with API request.
2026-05-05 16:21:49,873 - root - WARNING - Failed to fetch historical data
2026-05-05 16:21:49,873 - root - INFO - Using single devDn for device/history (API: one device per query)
2026-05-05 16:21:49,874 - root - INFO - Fetching historical data for 1 devices of type inverter
2026-05-05 16:21:49,874 - root - INFO - Making API request to: https://sg5.fusionsolar.huawei.com/rest/openapi/pvms/nbi/v1/device/history
2026-05-05 16:21:49,874 - root - INFO - Request payload: {'devDn': 'NE=58790537', 'devTypeId': 1, 'startTime': 1777741200000, 'endTime': 1777827600000}
2026-05-05 16:21:50,160 - root - INFO - Response status code: 200
2026-05-05 16:21:50,160 - root - INFO - API response from https://sg5.fusionsolar.huawei.com/rest/openapi/pvms/nbi/v1/device/history (truncated): {'failCode': 305, 'immediately': True, 'message': 'USER_MUST_RELOGIN', 'success': False}
2026-05-05 16:21:50,162 - root - WARNING - Session expired. Attempting to re-login...
2026-05-05 16:21:50,162 - root - INFO - Attempting to login to FusionSolar API at https://sg5.fusionsolar.huawei.com/thirdData/login
2026-05-05 16:21:50,451 - root - INFO - Login response status code: 200
2026-05-05 16:21:50,451 - root - ERROR - FusionSolar login failed: Unknown error
2026-05-05 16:21:50,454 - root - ERROR - Re-login failed. Cannot proceed with API request.
2026-05-05 16:21:50,455 - root - WARNING - Failed to fetch historical data
2026-05-05 16:21:50,456 - root - INFO - Using single devDn for device/history (API: one device per query)
2026-05-05 16:21:50,456 - root - INFO - Fetching historical data for 1 devices of type inverter
2026-05-05 16:21:50,456 - root - INFO - Making API request to: https://sg5.fusionsolar.huawei.com/rest/openapi/pvms/nbi/v1/device/history
2026-05-05 16:21:50,456 - root - INFO - Request payload: {'devDn': 'NE=58790542', 'devTypeId': 1, 'startTime': 1777741200000, 'endTime': 1777827600000}
2026-05-05 16:21:50,739 - root - INFO - Response status code: 200
2026-05-05 16:21:50,740 - root - INFO - API response from https://sg5.fusionsolar.huawei.com/rest/openapi/pvms/nbi/v1/device/history (truncated): {'failCode': 305, 'immediately': True, 'message': 'USER_MUST_RELOGIN', 'success': False}
2026-05-05 16:21:50,741 - root - WARNING - Session expired. Attempting to re-login...
2026-05-05 16:21:50,742 - root - INFO - Attempting to login to FusionSolar API at https://sg5.fusionsolar.huawei.com/thirdData/login
2026-05-05 16:21:51,028 - root - INFO - Login response status code: 200
2026-05-05 16:21:51,028 - root - ERROR - FusionSolar login failed: Unknown error
2026-05-05 16:21:51,031 - root - ERROR - Re-login failed. Cannot proceed with API request.
2026-05-05 16:21:51,032 - root - WARNING - Failed to fetch historical data
2026-05-05 16:21:51,032 - root - INFO - Using single devDn for device/history (API: one device per query)
2026-05-05 16:21:51,033 - root - INFO - Fetching historical data for 1 devices of type inverter
2026-05-05 16:21:51,033 - root - INFO - Making API request to: https://sg5.fusionsolar.huawei.com/rest/openapi/pvms/nbi/v1/device/history
2026-05-05 16:21:51,033 - root - INFO - Request payload: {'devDn': 'NE=58790541', 'devTypeId': 1, 'startTime': 1777741200000, 'endTime': 1777827600000}
2026-05-05 16:21:51,315 - root - INFO - Response status code: 200
2026-05-05 16:21:51,316 - root - INFO - API response from https://sg5.fusionsolar.huawei.com/rest/openapi/pvms/nbi/v1/device/history (truncated): {'failCode': 305, 'immediately': True, 'message': 'USER_MUST_RELOGIN', 'success': False}
2026-05-05 16:21:51,317 - root - WARNING - Session expired. Attempting to re-login...
2026-05-05 16:21:51,318 - root - INFO - Attempting to login to FusionSolar API at https://sg5.fusionsolar.huawei.com/thirdData/login
2026-05-05 16:21:51,607 - root - INFO - Login response status code: 200
2026-05-05 16:21:51,608 - root - ERROR - FusionSolar login failed: Unknown error
2026-05-05 16:21:51,611 - root - ERROR - Re-login failed. Cannot proceed with API request.
2026-05-05 16:21:51,612 - root - WARNING - Failed to fetch historical data
2026-05-05 16:21:51,612 - root - INFO - Using single devDn for device/history (API: one device per query)
2026-05-05 16:21:51,613 - root - INFO - Fetching historical data for 1 devices of type inverter
2026-05-05 16:21:51,613 - root - INFO - Making API request to: https://sg5.fusionsolar.huawei.com/rest/openapi/pvms/nbi/v1/device/history
2026-05-05 16:21:51,613 - root - INFO - Request payload: {'devDn': 'NE=58790536', 'devTypeId': 1, 'startTime': 1777741200000, 'endTime': 1777827600000}
2026-05-05 16:21:51,896 - root - INFO - Response status code: 200
2026-05-05 16:21:51,896 - root - INFO - API response from https://sg5.fusionsolar.huawei.com/rest/openapi/pvms/nbi/v1/device/history (truncated): {'failCode': 305, 'immediately': True, 'message': 'USER_MUST_RELOGIN', 'success': False}
2026-05-05 16:21:51,898 - root - WARNING - Session expired. Attempting to re-login...
2026-05-05 16:21:51,898 - root - INFO - Attempting to login to FusionSolar API at https://sg5.fusionsolar.huawei.com/thirdData/login
2026-05-05 16:21:52,198 - root - INFO - Login response status code: 200
2026-05-05 16:21:52,199 - root - ERROR - FusionSolar login failed: Unknown error
2026-05-05 16:21:52,201 - root - ERROR - Re-login failed. Cannot proceed with API request.
2026-05-05 16:21:52,203 - root - WARNING - Failed to fetch historical data
2026-05-05 16:21:52,203 - root - INFO - Using single devDn for device/history (API: one device per query)
2026-05-05 16:21:52,203 - root - INFO - Fetching historical data for 1 devices of type inverter
2026-05-05 16:21:52,204 - root - INFO - Making API request to: https://sg5.fusionsolar.huawei.com/rest/openapi/pvms/nbi/v1/device/history
2026-05-05 16:21:52,204 - root - INFO - Request payload: {'devDn': 'NE=58790535', 'devTypeId': 1, 'startTime': 1777741200000, 'endTime': 1777827600000}
2026-05-05 16:21:52,484 - root - INFO - Response status code: 200
2026-05-05 16:21:52,484 - root - INFO - API response from https://sg5.fusionsolar.huawei.com/rest/openapi/pvms/nbi/v1/device/history (truncated): {'failCode': 305, 'immediately': True, 'message': 'USER_MUST_RELOGIN', 'success': False}
2026-05-05 16:21:52,486 - root - WARNING - Session expired. Attempting to re-login...
2026-05-05 16:21:52,486 - root - INFO - Attempting to login to FusionSolar API at https://sg5.fusionsolar.huawei.com/thirdData/login
2026-05-05 16:21:52,773 - root - INFO - Login response status code: 200
2026-05-05 16:21:52,774 - root - ERROR - FusionSolar login failed: Unknown error
2026-05-05 16:21:52,777 - root - ERROR - Re-login failed. Cannot proceed with API request.
2026-05-05 16:21:52,778 - root - WARNING - Failed to fetch historical data
2026-05-05 16:21:52,778 - root - INFO - Using single devDn for device/history (API: one device per query)
2026-05-05 16:21:52,779 - root - INFO - Fetching historical data for 1 devices of type inverter
2026-05-05 16:21:52,779 - root - INFO - Making API request to: https://sg5.fusionsolar.huawei.com/rest/openapi/pvms/nbi/v1/device/history
2026-05-05 16:21:52,779 - root - INFO - Request payload: {'devDn': 'NE=58790534', 'devTypeId': 1, 'startTime': 1777741200000, 'endTime': 1777827600000}
2026-05-05 16:21:53,064 - root - INFO - Response status code: 200
2026-05-05 16:21:53,065 - root - INFO - API response from https://sg5.fusionsolar.huawei.com/rest/openapi/pvms/nbi/v1/device/history (truncated): {'failCode': 305, 'immediately': True, 'message': 'USER_MUST_RELOGIN', 'success': False}
2026-05-05 16:21:53,067 - root - WARNING - Session expired. Attempting to re-login...
2026-05-05 16:21:53,067 - root - INFO - Attempting to login to FusionSolar API at https://sg5.fusionsolar.huawei.com/thirdData/login
2026-05-05 16:21:53,357 - root - INFO - Login response status code: 200
2026-05-05 16:21:53,357 - root - ERROR - FusionSolar login failed: Unknown error
2026-05-05 16:21:53,360 - root - ERROR - Re-login failed. Cannot proceed with API request.
2026-05-05 16:21:53,362 - root - WARNING - Failed to fetch historical data
2026-05-05 16:21:53,362 - root - INFO - Using single devDn for device/history (API: one device per query)
2026-05-05 16:21:53,362 - root - INFO - Fetching historical data for 1 devices of type inverter
2026-05-05 16:21:53,363 - root - INFO - Making API request to: https://sg5.fusionsolar.huawei.com/rest/openapi/pvms/nbi/v1/device/history
2026-05-05 16:21:53,363 - root - INFO - Request payload: {'devDn': 'NE=58798010', 'devTypeId': 1, 'startTime': 1777741200000, 'endTime': 1777827600000}
2026-05-05 16:21:53,643 - root - INFO - Response status code: 200
2026-05-05 16:21:53,643 - root - INFO - API response from https://sg5.fusionsolar.huawei.com/rest/openapi/pvms/nbi/v1/device/history (truncated): {'failCode': 305, 'immediately': True, 'message': 'USER_MUST_RELOGIN', 'success': False}
2026-05-05 16:21:53,645 - root - WARNING - Session expired. Attempting to re-login...
2026-05-05 16:21:53,645 - root - INFO - Attempting to login to FusionSolar API at https://sg5.fusionsolar.huawei.com/thirdData/login
2026-05-05 16:21:53,936 - root - INFO - Login response status code: 200
2026-05-05 16:21:53,937 - root - ERROR - FusionSolar login failed: Unknown error
2026-05-05 16:21:53,939 - root - ERROR - Re-login failed. Cannot proceed with API request.
2026-05-05 16:21:53,941 - root - WARNING - Failed to fetch historical data
2026-05-05 16:21:53,941 - root - INFO - Using single devDn for device/history (API: one device per query)
2026-05-05 16:21:53,941 - root - INFO - Fetching historical data for 1 devices of type inverter
2026-05-05 16:21:53,941 - root - INFO - Making API request to: https://sg5.fusionsolar.huawei.com/rest/openapi/pvms/nbi/v1/device/history
2026-05-05 16:21:53,942 - root - INFO - Request payload: {'devDn': 'NE=58798008', 'devTypeId': 1, 'startTime': 1777741200000, 'endTime': 1777827600000}
2026-05-05 16:21:54,227 - root - INFO - Response status code: 200
2026-05-05 16:21:54,227 - root - INFO - API response from https://sg5.fusionsolar.huawei.com/rest/openapi/pvms/nbi/v1/device/history (truncated): {'failCode': 305, 'immediately': True, 'message': 'USER_MUST_RELOGIN', 'success': False}
2026-05-05 16:21:54,229 - root - WARNING - Session expired. Attempting to re-login...
2026-05-05 16:21:54,229 - root - INFO - Attempting to login to FusionSolar API at https://sg5.fusionsolar.huawei.com/thirdData/login
2026-05-05 16:21:54,511 - root - INFO - Login response status code: 200
2026-05-05 16:21:54,511 - root - ERROR - FusionSolar login failed: Unknown error
2026-05-05 16:21:54,514 - root - ERROR - Re-login failed. Cannot proceed with API request.
2026-05-05 16:21:54,515 - root - WARNING - Failed to fetch historical data
2026-05-05 16:21:54,515 - root - INFO - Using single devDn for device/history (API: one device per query)
2026-05-05 16:21:54,516 - root - INFO - Fetching historical data for 1 devices of type inverter
2026-05-05 16:21:54,516 - root - INFO - Making API request to: https://sg5.fusionsolar.huawei.com/rest/openapi/pvms/nbi/v1/device/history
2026-05-05 16:21:54,516 - root - INFO - Request payload: {'devDn': 'NE=58798011', 'devTypeId': 1, 'startTime': 1777741200000, 'endTime': 1777827600000}
2026-05-05 16:21:54,798 - root - INFO - Response status code: 200
2026-05-05 16:21:54,798 - root - INFO - API response from https://sg5.fusionsolar.huawei.com/rest/openapi/pvms/nbi/v1/device/history (truncated): {'failCode': 305, 'immediately': True, 'message': 'USER_MUST_RELOGIN', 'success': False}
2026-05-05 16:21:54,800 - root - WARNING - Session expired. Attempting to re-login...
2026-05-05 16:21:54,800 - root - INFO - Attempting to login to FusionSolar API at https://sg5.fusionsolar.huawei.com/thirdData/login
2026-05-05 16:21:55,090 - root - INFO - Login response status code: 200
2026-05-05 16:21:55,091 - root - ERROR - FusionSolar login failed: Unknown error
2026-05-05 16:21:55,094 - root - ERROR - Re-login failed. Cannot proceed with API request.
2026-05-05 16:21:55,095 - root - WARNING - Failed to fetch historical data
2026-05-05 16:21:55,095 - root - INFO - Using single devDn for device/history (API: one device per query)
2026-05-05 16:21:55,096 - root - INFO - Fetching historical data for 1 devices of type inverter
2026-05-05 16:21:55,096 - root - INFO - Making API request to: https://sg5.fusionsolar.huawei.com/rest/openapi/pvms/nbi/v1/device/history
2026-05-05 16:21:55,096 - root - INFO - Request payload: {'devDn': 'NE=59182344', 'devTypeId': 1, 'startTime': 1777741200000, 'endTime': 1777827600000}
2026-05-05 16:21:55,376 - root - INFO - Response status code: 200
2026-05-05 16:21:55,377 - root - INFO - API response from https://sg5.fusionsolar.huawei.com/rest/openapi/pvms/nbi/v1/device/history (truncated): {'failCode': 305, 'immediately': True, 'message': 'USER_MUST_RELOGIN', 'success': False}
2026-05-05 16:21:55,378 - root - WARNING - Session expired. Attempting to re-login...
2026-05-05 16:21:55,379 - root - INFO - Attempting to login to FusionSolar API at https://sg5.fusionsolar.huawei.com/thirdData/login
2026-05-05 16:21:55,660 - root - INFO - Login response status code: 200
2026-05-05 16:21:55,661 - root - ERROR - FusionSolar login failed: Unknown error
2026-05-05 16:21:55,663 - root - ERROR - Re-login failed. Cannot proceed with API request.
2026-05-05 16:21:55,665 - root - WARNING - Failed to fetch historical data
2026-05-05 16:21:55,665 - root - INFO - Using single devDn for device/history (API: one device per query)
2026-05-05 16:21:55,665 - root - INFO - Fetching historical data for 1 devices of type inverter
2026-05-05 16:21:55,666 - root - INFO - Making API request to: https://sg5.fusionsolar.huawei.com/rest/openapi/pvms/nbi/v1/device/history
2026-05-05 16:21:55,666 - root - INFO - Request payload: {'devDn': 'NE=58630789', 'devTypeId': 1, 'startTime': 1777741200000, 'endTime': 1777827600000}
2026-05-05 16:21:55,946 - root - INFO - Response status code: 200
2026-05-05 16:21:55,946 - root - INFO - API response from https://sg5.fusionsolar.huawei.com/rest/openapi/pvms/nbi/v1/device/history (truncated): {'failCode': 305, 'immediately': True, 'message': 'USER_MUST_RELOGIN', 'success': False}
2026-05-05 16:21:55,948 - root - WARNING - Session expired. Attempting to re-login...
2026-05-05 16:21:55,948 - root - INFO - Attempting to login to FusionSolar API at https://sg5.fusionsolar.huawei.com/thirdData/login
2026-05-05 16:21:56,227 - root - INFO - Login response status code: 200
2026-05-05 16:21:56,227 - root - ERROR - FusionSolar login failed: Unknown error
2026-05-05 16:21:56,230 - root - ERROR - Re-login failed. Cannot proceed with API request.
2026-05-05 16:21:56,231 - root - WARNING - Failed to fetch historical data
2026-05-05 16:21:56,231 - root - INFO - Using single devDn for device/history (API: one device per query)
2026-05-05 16:21:56,232 - root - INFO - Fetching historical data for 1 devices of type inverter
2026-05-05 16:21:56,232 - root - INFO - Making API request to: https://sg5.fusionsolar.huawei.com/rest/openapi/pvms/nbi/v1/device/history
2026-05-05 16:21:56,232 - root - INFO - Request payload: {'devDn': 'NE=58630790', 'devTypeId': 1, 'startTime': 1777741200000, 'endTime': 1777827600000}
2026-05-05 16:21:56,730 - root - INFO - Response status code: 200
2026-05-05 16:21:56,730 - root - INFO - API response from https://sg5.fusionsolar.huawei.com/rest/openapi/pvms/nbi/v1/device/history (truncated): {'failCode': 305, 'immediately': True, 'message': 'USER_MUST_RELOGIN', 'success': False}
2026-05-05 16:21:56,732 - root - WARNING - Session expired. Attempting to re-login...
2026-05-05 16:21:56,732 - root - INFO - Attempting to login to FusionSolar API at https://sg5.fusionsolar.huawei.com/thirdData/login
2026-05-05 16:21:57,015 - root - INFO - Login response status code: 200
2026-05-05 16:21:57,016 - root - ERROR - FusionSolar login failed: Unknown error
2026-05-05 16:21:57,018 - root - ERROR - Re-login failed. Cannot proceed with API request.
2026-05-05 16:21:57,020 - root - WARNING - Failed to fetch historical data
2026-05-05 16:21:57,020 - root - INFO - Using single devDn for device/history (API: one device per query)
2026-05-05 16:21:57,020 - root - INFO - Fetching historical data for 1 devices of type inverter
2026-05-05 16:21:57,020 - root - INFO - Making API request to: https://sg5.fusionsolar.huawei.com/rest/openapi/pvms/nbi/v1/device/history
2026-05-05 16:21:57,021 - root - INFO - Request payload: {'devDn': 'NE=58630787', 'devTypeId': 1, 'startTime': 1777741200000, 'endTime': 1777827600000}
2026-05-05 16:21:57,309 - root - INFO - Response status code: 200
2026-05-05 16:21:57,309 - root - INFO - API response from https://sg5.fusionsolar.huawei.com/rest/openapi/pvms/nbi/v1/device/history (truncated): {'failCode': 305, 'immediately': True, 'message': 'USER_MUST_RELOGIN', 'success': False}
2026-05-05 16:21:57,311 - root - WARNING - Session expired. Attempting to re-login...
2026-05-05 16:21:57,311 - root - INFO - Attempting to login to FusionSolar API at https://sg5.fusionsolar.huawei.com/thirdData/login
2026-05-05 16:21:57,594 - root - INFO - Login response status code: 200
2026-05-05 16:21:57,594 - root - ERROR - FusionSolar login failed: Unknown error
2026-05-05 16:21:57,597 - root - ERROR - Re-login failed. Cannot proceed with API request.
2026-05-05 16:21:57,598 - root - WARNING - Failed to fetch historical data
2026-05-05 16:21:57,598 - root - INFO - Using single devDn for device/history (API: one device per query)
2026-05-05 16:21:57,599 - root - INFO - Fetching historical data for 1 devices of type inverter
2026-05-05 16:21:57,599 - root - INFO - Making API request to: https://sg5.fusionsolar.huawei.com/rest/openapi/pvms/nbi/v1/device/history
2026-05-05 16:21:57,599 - root - INFO - Request payload: {'devDn': 'NE=58630788', 'devTypeId': 1, 'startTime': 1777741200000, 'endTime': 1777827600000}
2026-05-05 16:21:57,890 - root - INFO - Response status code: 200
2026-05-05 16:21:57,890 - root - INFO - API response from https://sg5.fusionsolar.huawei.com/rest/openapi/pvms/nbi/v1/device/history (truncated): {'failCode': 305, 'immediately': True, 'message': 'USER_MUST_RELOGIN', 'success': False}
2026-05-05 16:21:57,892 - root - WARNING - Session expired. Attempting to re-login...
2026-05-05 16:21:57,892 - root - INFO - Attempting to login to FusionSolar API at https://sg5.fusionsolar.huawei.com/thirdData/login
2026-05-05 16:21:58,188 - root - INFO - Login response status code: 200
2026-05-05 16:21:58,188 - root - ERROR - FusionSolar login failed: Unknown error
2026-05-05 16:21:58,191 - root - ERROR - Re-login failed. Cannot proceed with API request.
2026-05-05 16:21:58,193 - root - WARNING - Failed to fetch historical data
2026-05-05 16:21:58,193 - root - INFO - Using single devDn for device/history (API: one device per query)
2026-05-05 16:21:58,193 - root - INFO - Fetching historical data for 1 devices of type inverter
2026-05-05 16:21:58,193 - root - INFO - Making API request to: https://sg5.fusionsolar.huawei.com/rest/openapi/pvms/nbi/v1/device/history
2026-05-05 16:21:58,194 - root - INFO - Request payload: {'devDn': 'NE=58630793', 'devTypeId': 1, 'startTime': 1777741200000, 'endTime': 1777827600000}
2026-05-05 16:21:58,477 - root - INFO - Response status code: 200
2026-05-05 16:21:58,477 - root - INFO - API response from https://sg5.fusionsolar.huawei.com/rest/openapi/pvms/nbi/v1/device/history (truncated): {'failCode': 305, 'immediately': True, 'message': 'USER_MUST_RELOGIN', 'success': False}
2026-05-05 16:21:58,479 - root - WARNING - Session expired. Attempting to re-login...
2026-05-05 16:21:58,479 - root - INFO - Attempting to login to FusionSolar API at https://sg5.fusionsolar.huawei.com/thirdData/login
2026-05-05 16:21:58,770 - root - INFO - Login response status code: 200
2026-05-05 16:21:58,770 - root - ERROR - FusionSolar login failed: Unknown error
2026-05-05 16:21:58,773 - root - ERROR - Re-login failed. Cannot proceed with API request.
2026-05-05 16:21:58,774 - root - WARNING - Failed to fetch historical data
2026-05-05 16:21:58,774 - root - INFO - Using single devDn for device/history (API: one device per query)
2026-05-05 16:21:58,775 - root - INFO - Fetching historical data for 1 devices of type inverter
2026-05-05 16:21:58,775 - root - INFO - Making API request to: https://sg5.fusionsolar.huawei.com/rest/openapi/pvms/nbi/v1/device/history
2026-05-05 16:21:58,775 - root - INFO - Request payload: {'devDn': 'NE=58630794', 'devTypeId': 1, 'startTime': 1777741200000, 'endTime': 1777827600000}
2026-05-05 16:21:59,057 - root - INFO - Response status code: 200
2026-05-05 16:21:59,058 - root - INFO - API response from https://sg5.fusionsolar.huawei.com/rest/openapi/pvms/nbi/v1/device/history (truncated): {'failCode': 305, 'immediately': True, 'message': 'USER_MUST_RELOGIN', 'success': False}
2026-05-05 16:21:59,059 - root - WARNING - Session expired. Attempting to re-login...
2026-05-05 16:21:59,060 - root - INFO - Attempting to login to FusionSolar API at https://sg5.fusionsolar.huawei.com/thirdData/login
2026-05-05 16:21:59,353 - root - INFO - Login response status code: 200
2026-05-05 16:21:59,354 - root - ERROR - FusionSolar login failed: Unknown error
2026-05-05 16:21:59,356 - root - ERROR - Re-login failed. Cannot proceed with API request.
2026-05-05 16:21:59,358 - root - WARNING - Failed to fetch historical data
2026-05-05 16:21:59,358 - root - INFO - Using single devDn for device/history (API: one device per query)
2026-05-05 16:21:59,358 - root - INFO - Fetching historical data for 1 devices of type inverter
2026-05-05 16:21:59,358 - root - INFO - Making API request to: https://sg5.fusionsolar.huawei.com/rest/openapi/pvms/nbi/v1/device/history
2026-05-05 16:21:59,358 - root - INFO - Request payload: {'devDn': 'NE=58630791', 'devTypeId': 1, 'startTime': 1777741200000, 'endTime': 1777827600000}
2026-05-05 16:21:59,639 - root - INFO - Response status code: 200
2026-05-05 16:21:59,639 - root - INFO - API response from https://sg5.fusionsolar.huawei.com/rest/openapi/pvms/nbi/v1/device/history (truncated): {'failCode': 305, 'immediately': True, 'message': 'USER_MUST_RELOGIN', 'success': False}
2026-05-05 16:21:59,641 - root - WARNING - Session expired. Attempting to re-login...
2026-05-05 16:21:59,641 - root - INFO - Attempting to login to FusionSolar API at https://sg5.fusionsolar.huawei.com/thirdData/login
2026-05-05 16:21:59,930 - root - INFO - Login response status code: 200
2026-05-05 16:21:59,930 - root - ERROR - FusionSolar login failed: Unknown error
2026-05-05 16:21:59,933 - root - ERROR - Re-login failed. Cannot proceed with API request.
2026-05-05 16:21:59,934 - root - WARNING - Failed to fetch historical data
2026-05-05 16:21:59,934 - root - INFO - Using single devDn for device/history (API: one device per query)
2026-05-05 16:21:59,935 - root - INFO - Fetching historical data for 1 devices of type inverter
2026-05-05 16:21:59,935 - root - INFO - Making API request to: https://sg5.fusionsolar.huawei.com/rest/openapi/pvms/nbi/v1/device/history
2026-05-05 16:21:59,935 - root - INFO - Request payload: {'devDn': 'NE=58630792', 'devTypeId': 1, 'startTime': 1777741200000, 'endTime': 1777827600000}
2026-05-05 16:22:00,215 - root - INFO - Response status code: 200
2026-05-05 16:22:00,216 - root - INFO - API response from https://sg5.fusionsolar.huawei.com/rest/openapi/pvms/nbi/v1/device/history (truncated): {'failCode': 305, 'immediately': True, 'message': 'USER_MUST_RELOGIN', 'success': False}
2026-05-05 16:22:00,217 - root - WARNING - Session expired. Attempting to re-login...
2026-05-05 16:22:00,217 - root - INFO - Attempting to login to FusionSolar API at https://sg5.fusionsolar.huawei.com/thirdData/login
2026-05-05 16:22:00,509 - root - INFO - Login response status code: 200
2026-05-05 16:22:00,509 - root - ERROR - FusionSolar login failed: Unknown error
2026-05-05 16:22:00,512 - root - ERROR - Re-login failed. Cannot proceed with API request.
2026-05-05 16:22:00,514 - root - WARNING - Failed to fetch historical data
2026-05-05 16:22:00,514 - root - INFO - Using single devDn for device/history (API: one device per query)
2026-05-05 16:22:00,514 - root - INFO - Fetching historical data for 1 devices of type inverter
2026-05-05 16:22:00,514 - root - INFO - Making API request to: https://sg5.fusionsolar.huawei.com/rest/openapi/pvms/nbi/v1/device/history
2026-05-05 16:22:00,514 - root - INFO - Request payload: {'devDn': 'NE=58639490', 'devTypeId': 1, 'startTime': 1777741200000, 'endTime': 1777827600000}
2026-05-05 16:22:00,797 - root - INFO - Response status code: 200
2026-05-05 16:22:00,797 - root - INFO - API response from https://sg5.fusionsolar.huawei.com/rest/openapi/pvms/nbi/v1/device/history (truncated): {'failCode': 305, 'immediately': True, 'message': 'USER_MUST_RELOGIN', 'success': False}
2026-05-05 16:22:00,799 - root - WARNING - Session expired. Attempting to re-login...
2026-05-05 16:22:00,799 - root - INFO - Attempting to login to FusionSolar API at https://sg5.fusionsolar.huawei.com/thirdData/login
2026-05-05 16:22:01,080 - root - INFO - Login response status code: 200
2026-05-05 16:22:01,080 - root - ERROR - FusionSolar login failed: Unknown error
2026-05-05 16:22:01,083 - root - ERROR - Re-login failed. Cannot proceed with API request.
2026-05-05 16:22:01,084 - root - WARNING - Failed to fetch historical data
2026-05-05 16:22:01,085 - root - INFO - Using single devDn for device/history (API: one device per query)
2026-05-05 16:22:01,085 - root - INFO - Fetching historical data for 1 devices of type inverter
2026-05-05 16:22:01,085 - root - INFO - Making API request to: https://sg5.fusionsolar.huawei.com/rest/openapi/pvms/nbi/v1/device/history
2026-05-05 16:22:01,086 - root - INFO - Request payload: {'devDn': 'NE=58639492', 'devTypeId': 1, 'startTime': 1777741200000, 'endTime': 1777827600000}
2026-05-05 16:22:01,370 - root - INFO - Response status code: 200
2026-05-05 16:22:01,370 - root - INFO - API response from https://sg5.fusionsolar.huawei.com/rest/openapi/pvms/nbi/v1/device/history (truncated): {'failCode': 305, 'immediately': True, 'message': 'USER_MUST_RELOGIN', 'success': False}
2026-05-05 16:22:01,372 - root - WARNING - Session expired. Attempting to re-login...
2026-05-05 16:22:01,372 - root - INFO - Attempting to login to FusionSolar API at https://sg5.fusionsolar.huawei.com/thirdData/login
2026-05-05 16:22:01,659 - root - INFO - Login response status code: 200
2026-05-05 16:22:01,659 - root - ERROR - FusionSolar login failed: Unknown error
2026-05-05 16:22:01,662 - root - ERROR - Re-login failed. Cannot proceed with API request.
2026-05-05 16:22:01,663 - root - WARNING - Failed to fetch historical data
2026-05-05 16:22:01,664 - root - INFO - Using single devDn for device/history (API: one device per query)
2026-05-05 16:22:01,664 - root - INFO - Fetching historical data for 1 devices of type inverter
2026-05-05 16:22:01,664 - root - INFO - Making API request to: https://sg5.fusionsolar.huawei.com/rest/openapi/pvms/nbi/v1/device/history
2026-05-05 16:22:01,664 - root - INFO - Request payload: {'devDn': 'NE=58987138', 'devTypeId': 1, 'startTime': 1777741200000, 'endTime': 1777827600000}
2026-05-05 16:22:01,946 - root - INFO - Response status code: 200
2026-05-05 16:22:01,946 - root - INFO - API response from https://sg5.fusionsolar.huawei.com/rest/openapi/pvms/nbi/v1/device/history (truncated): {'failCode': 305, 'immediately': True, 'message': 'USER_MUST_RELOGIN', 'success': False}
2026-05-05 16:22:01,948 - root - WARNING - Session expired. Attempting to re-login...
2026-05-05 16:22:01,948 - root - INFO - Attempting to login to FusionSolar API at https://sg5.fusionsolar.huawei.com/thirdData/login
2026-05-05 16:22:02,237 - root - INFO - Login response status code: 200
2026-05-05 16:22:02,237 - root - ERROR - FusionSolar login failed: Unknown error
2026-05-05 16:22:02,240 - root - ERROR - Re-login failed. Cannot proceed with API request.
2026-05-05 16:22:02,241 - root - WARNING - Failed to fetch historical data
2026-05-05 16:22:02,241 - root - INFO - Using single devDn for device/history (API: one device per query)
2026-05-05 16:22:02,242 - root - INFO - Fetching historical data for 1 devices of type inverter
2026-05-05 16:22:02,242 - root - INFO - Making API request to: https://sg5.fusionsolar.huawei.com/rest/openapi/pvms/nbi/v1/device/history
2026-05-05 16:22:02,242 - root - INFO - Request payload: {'devDn': 'NE=58741218', 'devTypeId': 1, 'startTime': 1777741200000, 'endTime': 1777827600000}
2026-05-05 16:22:02,521 - root - INFO - Response status code: 200
2026-05-05 16:22:02,522 - root - INFO - API response from https://sg5.fusionsolar.huawei.com/rest/openapi/pvms/nbi/v1/device/history (truncated): {'failCode': 305, 'immediately': True, 'message': 'USER_MUST_RELOGIN', 'success': False}
2026-05-05 16:22:02,523 - root - WARNING - Session expired. Attempting to re-login...
2026-05-05 16:22:02,523 - root - INFO - Attempting to login to FusionSolar API at https://sg5.fusionsolar.huawei.com/thirdData/login
2026-05-05 16:22:02,812 - root - INFO - Login response status code: 200
2026-05-05 16:22:02,812 - root - ERROR - FusionSolar login failed: Unknown error
2026-05-05 16:22:02,815 - root - ERROR - Re-login failed. Cannot proceed with API request.
2026-05-05 16:22:02,816 - root - WARNING - Failed to fetch historical data
2026-05-05 16:22:02,816 - root - INFO - Using single devDn for device/history (API: one device per query)
2026-05-05 16:22:02,817 - root - INFO - Fetching historical data for 1 devices of type inverter
2026-05-05 16:22:02,817 - root - INFO - Making API request to: https://sg5.fusionsolar.huawei.com/rest/openapi/pvms/nbi/v1/device/history
2026-05-05 16:22:02,817 - root - INFO - Request payload: {'devDn': 'NE=50488273', 'devTypeId': 1, 'startTime': 1777741200000, 'endTime': 1777827600000}
2026-05-05 16:22:03,315 - root - INFO - Response status code: 200
2026-05-05 16:22:03,316 - root - INFO - API response from https://sg5.fusionsolar.huawei.com/rest/openapi/pvms/nbi/v1/device/history (truncated): {'failCode': 305, 'immediately': True, 'message': 'USER_MUST_RELOGIN', 'success': False}
2026-05-05 16:22:03,318 - root - WARNING - Session expired. Attempting to re-login...
2026-05-05 16:22:03,318 - root - INFO - Attempting to login to FusionSolar API at https://sg5.fusionsolar.huawei.com/thirdData/login
2026-05-05 16:22:03,601 - root - INFO - Login response status code: 200
2026-05-05 16:22:03,601 - root - ERROR - FusionSolar login failed: Unknown error
2026-05-05 16:22:03,604 - root - ERROR - Re-login failed. Cannot proceed with API request.
2026-05-05 16:22:03,606 - root - WARNING - Failed to fetch historical data
2026-05-05 16:22:03,606 - root - INFO - Using single devDn for device/history (API: one device per query)
2026-05-05 16:22:03,606 - root - INFO - Fetching historical data for 1 devices of type inverter
2026-05-05 16:22:03,606 - root - INFO - Making API request to: https://sg5.fusionsolar.huawei.com/rest/openapi/pvms/nbi/v1/device/history
2026-05-05 16:22:03,606 - root - INFO - Request payload: {'devDn': 'NE=50488264', 'devTypeId': 1, 'startTime': 1777741200000, 'endTime': 1777827600000}
2026-05-05 16:22:03,889 - root - INFO - Response status code: 200
2026-05-05 16:22:03,889 - root - INFO - API response from https://sg5.fusionsolar.huawei.com/rest/openapi/pvms/nbi/v1/device/history (truncated): {'failCode': 305, 'immediately': True, 'message': 'USER_MUST_RELOGIN', 'success': False}
2026-05-05 16:22:03,891 - root - WARNING - Session expired. Attempting to re-login...
2026-05-05 16:22:03,891 - root - INFO - Attempting to login to FusionSolar API at https://sg5.fusionsolar.huawei.com/thirdData/login
2026-05-05 16:22:04,178 - root - INFO - Login response status code: 200
2026-05-05 16:22:04,178 - root - ERROR - FusionSolar login failed: Unknown error
2026-05-05 16:22:04,181 - root - ERROR - Re-login failed. Cannot proceed with API request.
2026-05-05 16:22:04,182 - root - WARNING - Failed to fetch historical data
2026-05-05 16:22:04,183 - root - INFO - Using single devDn for device/history (API: one device per query)
2026-05-05 16:22:04,183 - root - INFO - Fetching historical data for 1 devices of type inverter
2026-05-05 16:22:04,183 - root - INFO - Making API request to: https://sg5.fusionsolar.huawei.com/rest/openapi/pvms/nbi/v1/device/history
2026-05-05 16:22:04,183 - root - INFO - Request payload: {'devDn': 'NE=50488270', 'devTypeId': 1, 'startTime': 1777741200000, 'endTime': 1777827600000}
2026-05-05 16:22:04,483 - root - INFO - Response status code: 200
2026-05-05 16:22:04,483 - root - INFO - API response from https://sg5.fusionsolar.huawei.com/rest/openapi/pvms/nbi/v1/device/history (truncated): {'failCode': 305, 'immediately': True, 'message': 'USER_MUST_RELOGIN', 'success': False}
2026-05-05 16:22:04,485 - root - WARNING - Session expired. Attempting to re-login...
2026-05-05 16:22:04,485 - root - INFO - Attempting to login to FusionSolar API at https://sg5.fusionsolar.huawei.com/thirdData/login
2026-05-05 16:22:04,775 - root - INFO - Login response status code: 200
2026-05-05 16:22:04,775 - root - ERROR - FusionSolar login failed: Unknown error
2026-05-05 16:22:04,778 - root - ERROR - Re-login failed. Cannot proceed with API request.
2026-05-05 16:22:04,779 - root - WARNING - Failed to fetch historical data
2026-05-05 16:22:04,780 - root - INFO - Using single devDn for device/history (API: one device per query)
2026-05-05 16:22:04,780 - root - INFO - Fetching historical data for 1 devices of type inverter
2026-05-05 16:22:04,780 - root - INFO - Making API request to: https://sg5.fusionsolar.huawei.com/rest/openapi/pvms/nbi/v1/device/history
2026-05-05 16:22:04,781 - root - INFO - Request payload: {'devDn': 'NE=50488271', 'devTypeId': 1, 'startTime': 1777741200000, 'endTime': 1777827600000}
2026-05-05 16:22:05,060 - root - INFO - Response status code: 200
2026-05-05 16:22:05,061 - root - INFO - API response from https://sg5.fusionsolar.huawei.com/rest/openapi/pvms/nbi/v1/device/history (truncated): {'failCode': 305, 'immediately': True, 'message': 'USER_MUST_RELOGIN', 'success': False}
2026-05-05 16:22:05,063 - root - WARNING - Session expired. Attempting to re-login...
2026-05-05 16:22:05,063 - root - INFO - Attempting to login to FusionSolar API at https://sg5.fusionsolar.huawei.com/thirdData/login
2026-05-05 16:22:05,353 - root - INFO - Login response status code: 200
2026-05-05 16:22:05,353 - root - ERROR - FusionSolar login failed: Unknown error
2026-05-05 16:22:05,356 - root - ERROR - Re-login failed. Cannot proceed with API request.
2026-05-05 16:22:05,357 - root - WARNING - Failed to fetch historical data
2026-05-05 16:22:05,358 - root - INFO - Using single devDn for device/history (API: one device per query)
2026-05-05 16:22:05,358 - root - INFO - Fetching historical data for 1 devices of type inverter
2026-05-05 16:22:05,358 - root - INFO - Making API request to: https://sg5.fusionsolar.huawei.com/rest/openapi/pvms/nbi/v1/device/history
2026-05-05 16:22:05,358 - root - INFO - Request payload: {'devDn': 'NE=50488265', 'devTypeId': 1, 'startTime': 1777741200000, 'endTime': 1777827600000}
2026-05-05 16:22:05,638 - root - INFO - Response status code: 200
2026-05-05 16:22:05,639 - root - INFO - API response from https://sg5.fusionsolar.huawei.com/rest/openapi/pvms/nbi/v1/device/history (truncated): {'failCode': 305, 'immediately': True, 'message': 'USER_MUST_RELOGIN', 'success': False}
2026-05-05 16:22:05,640 - root - WARNING - Session expired. Attempting to re-login...
2026-05-05 16:22:05,641 - root - INFO - Attempting to login to FusionSolar API at https://sg5.fusionsolar.huawei.com/thirdData/login
2026-05-05 16:22:05,925 - root - INFO - Login response status code: 200
2026-05-05 16:22:05,925 - root - ERROR - FusionSolar login failed: Unknown error
2026-05-05 16:22:05,928 - root - ERROR - Re-login failed. Cannot proceed with API request.
2026-05-05 16:22:05,929 - root - WARNING - Failed to fetch historical data
2026-05-05 16:22:05,929 - root - INFO - Using single devDn for device/history (API: one device per query)
2026-05-05 16:22:05,930 - root - INFO - Fetching historical data for 1 devices of type inverter
2026-05-05 16:22:05,930 - root - INFO - Making API request to: https://sg5.fusionsolar.huawei.com/rest/openapi/pvms/nbi/v1/device/history
2026-05-05 16:22:05,930 - root - INFO - Request payload: {'devDn': 'NE=53140445', 'devTypeId': 1, 'startTime': 1777741200000, 'endTime': 1777827600000}
2026-05-05 16:22:06,212 - root - INFO - Response status code: 200
2026-05-05 16:22:06,213 - root - INFO - API response from https://sg5.fusionsolar.huawei.com/rest/openapi/pvms/nbi/v1/device/history (truncated): {'failCode': 305, 'immediately': True, 'message': 'USER_MUST_RELOGIN', 'success': False}
2026-05-05 16:22:06,214 - root - WARNING - Session expired. Attempting to re-login...
2026-05-05 16:22:06,214 - root - INFO - Attempting to login to FusionSolar API at https://sg5.fusionsolar.huawei.com/thirdData/login
2026-05-05 16:22:06,498 - root - INFO - Login response status code: 200
2026-05-05 16:22:06,499 - root - ERROR - FusionSolar login failed: Unknown error
2026-05-05 16:22:06,501 - root - ERROR - Re-login failed. Cannot proceed with API request.
2026-05-05 16:22:06,503 - root - WARNING - Failed to fetch historical data
2026-05-05 16:22:06,503 - root - INFO - Using single devDn for device/history (API: one device per query)
2026-05-05 16:22:06,503 - root - INFO - Fetching historical data for 1 devices of type inverter
2026-05-05 16:22:06,504 - root - INFO - Making API request to: https://sg5.fusionsolar.huawei.com/rest/openapi/pvms/nbi/v1/device/history
2026-05-05 16:22:06,504 - root - INFO - Request payload: {'devDn': 'NE=54479672', 'devTypeId': 1, 'startTime': 1777741200000, 'endTime': 1777827600000}
2026-05-05 16:22:06,784 - root - INFO - Response status code: 200
2026-05-05 16:22:06,784 - root - INFO - API response from https://sg5.fusionsolar.huawei.com/rest/openapi/pvms/nbi/v1/device/history (truncated): {'failCode': 305, 'immediately': True, 'message': 'USER_MUST_RELOGIN', 'success': False}
2026-05-05 16:22:06,786 - root - WARNING - Session expired. Attempting to re-login...
2026-05-05 16:22:06,786 - root - INFO - Attempting to login to FusionSolar API at https://sg5.fusionsolar.huawei.com/thirdData/login
2026-05-05 16:22:07,085 - root - INFO - Login response status code: 200
2026-05-05 16:22:07,085 - root - ERROR - FusionSolar login failed: Unknown error
2026-05-05 16:22:07,088 - root - ERROR - Re-login failed. Cannot proceed with API request.
2026-05-05 16:22:07,089 - root - WARNING - Failed to fetch historical data
2026-05-05 16:22:07,089 - root - INFO - Using single devDn for device/history (API: one device per query)
2026-05-05 16:22:07,090 - root - INFO - Fetching historical data for 1 devices of type inverter
2026-05-05 16:22:07,090 - root - INFO - Making API request to: https://sg5.fusionsolar.huawei.com/rest/openapi/pvms/nbi/v1/device/history
2026-05-05 16:22:07,090 - root - INFO - Request payload: {'devDn': 'NE=50488269', 'devTypeId': 1, 'startTime': 1777741200000, 'endTime': 1777827600000}
2026-05-05 16:22:07,371 - root - INFO - Response status code: 200
2026-05-05 16:22:07,371 - root - INFO - API response from https://sg5.fusionsolar.huawei.com/rest/openapi/pvms/nbi/v1/device/history (truncated): {'failCode': 305, 'immediately': True, 'message': 'USER_MUST_RELOGIN', 'success': False}
2026-05-05 16:22:07,373 - root - WARNING - Session expired. Attempting to re-login...
2026-05-05 16:22:07,373 - root - INFO - Attempting to login to FusionSolar API at https://sg5.fusionsolar.huawei.com/thirdData/login
2026-05-05 16:22:07,669 - root - INFO - Login response status code: 200
2026-05-05 16:22:07,670 - root - ERROR - FusionSolar login failed: Unknown error
2026-05-05 16:22:07,672 - root - ERROR - Re-login failed. Cannot proceed with API request.
2026-05-05 16:22:07,674 - root - WARNING - Failed to fetch historical data
2026-05-05 16:22:07,674 - root - INFO - Using single devDn for device/history (API: one device per query)
2026-05-05 16:22:07,675 - root - INFO - Fetching historical data for 1 devices of type inverter
2026-05-05 16:22:07,675 - root - INFO - Making API request to: https://sg5.fusionsolar.huawei.com/rest/openapi/pvms/nbi/v1/device/history
2026-05-05 16:22:07,675 - root - INFO - Request payload: {'devDn': 'NE=50488267', 'devTypeId': 1, 'startTime': 1777741200000, 'endTime': 1777827600000}
2026-05-05 16:22:07,957 - root - INFO - Response status code: 200
2026-05-05 16:22:07,958 - root - INFO - API response from https://sg5.fusionsolar.huawei.com/rest/openapi/pvms/nbi/v1/device/history (truncated): {'failCode': 305, 'immediately': True, 'message': 'USER_MUST_RELOGIN', 'success': False}
2026-05-05 16:22:07,960 - root - WARNING - Session expired. Attempting to re-login...
2026-05-05 16:22:07,960 - root - INFO - Attempting to login to FusionSolar API at https://sg5.fusionsolar.huawei.com/thirdData/login
2026-05-05 16:22:08,252 - root - INFO - Login response status code: 200
2026-05-05 16:22:08,253 - root - ERROR - FusionSolar login failed: Unknown error
2026-05-05 16:22:08,255 - root - ERROR - Re-login failed. Cannot proceed with API request.
2026-05-05 16:22:08,257 - root - WARNING - Failed to fetch historical data
2026-05-05 16:22:08,257 - root - INFO - Using single devDn for device/history (API: one device per query)
2026-05-05 16:22:08,257 - root - INFO - Fetching historical data for 1 devices of type inverter
2026-05-05 16:22:08,258 - root - INFO - Making API request to: https://sg5.fusionsolar.huawei.com/rest/openapi/pvms/nbi/v1/device/history
2026-05-05 16:22:08,258 - root - INFO - Request payload: {'devDn': 'NE=50488266', 'devTypeId': 1, 'startTime': 1777741200000, 'endTime': 1777827600000}
2026-05-05 16:22:08,544 - root - INFO - Response status code: 200
2026-05-05 16:22:08,545 - root - INFO - API response from https://sg5.fusionsolar.huawei.com/rest/openapi/pvms/nbi/v1/device/history (truncated): {'failCode': 305, 'immediately': True, 'message': 'USER_MUST_RELOGIN', 'success': False}
2026-05-05 16:22:08,547 - root - WARNING - Session expired. Attempting to re-login...
2026-05-05 16:22:08,547 - root - INFO - Attempting to login to FusionSolar API at https://sg5.fusionsolar.huawei.com/thirdData/login
2026-05-05 16:22:08,988 - root - INFO - Login response status code: 200
2026-05-05 16:22:08,988 - root - INFO - Successfully logged into FusionSolar.
2026-05-05 16:22:08,991 - root - INFO - Re-login successful. Retrying original request...
2026-05-05 16:22:08,991 - root - INFO - Making API request to: https://sg5.fusionsolar.huawei.com/rest/openapi/pvms/nbi/v1/device/history
2026-05-05 16:22:08,992 - root - INFO - Request payload: {'devDn': 'NE=50488266', 'devTypeId': 1, 'startTime': 1777741200000, 'endTime': 1777827600000}
2026-05-05 16:22:10,719 - root - INFO - Response status code: 200
2026-05-05 16:22:10,734 - root - INFO - API response from https://sg5.fusionsolar.huawei.com/rest/openapi/pvms/nbi/v1/device/history (truncated): {'failCode': 0, 'success': True, 'message': 'historical data information query successful.', 'data': [{'devDn': 'NE=50488266', 'collectTime': 1777759800000, 'dataItems': {'pv28_i': None, 'pv4_u': 0.0, 'pv24_i': -0.01, 'mppt_total_cap': 831630.22, 'pv8_u': 0.0, 'a_i': 0.0, 'pv24_u': -0.1, 'mppt_9_cap': 0.0, 'pv20_u': -0.1, 'a_u': None, 'pv17_u': 0.0, 'pv20_i': -0.01, 'efficiency': 0.0, 'pv17_i': 0.0, 'pv13_i': 0.0, 'pv36_i': None, 'mppt_power': 0.0, 'pv13_u': 0.0, 'pv36_u': None, 'mppt_7_cap': 0....
2026-05-05 16:22:10,737 - root - INFO - API Response type: <class 'dict'>
2026-05-05 16:22:10,737 - root - INFO - API Response keys: ['failCode', 'success', 'message', 'data']
2026-05-05 16:22:10,737 - root - INFO - API Response data is a list with 155 items
2026-05-05 16:22:10,737 - root - INFO - API Response has failCode: 0, message: historical data information query successful.
2026-05-05 16:22:10,737 - root - INFO - Using alternate response format: data as list
2026-05-05 16:22:10,737 - root - INFO - Received 155 data points from API
2026-05-05 16:22:10,737 - root - INFO - Sample data point structure: ['devDn', 'collectTime', 'dataItems']
2026-05-05 16:22:10,809 - root - INFO - Successfully upserted 155 data points.
2026-05-05 16:22:14,879 - root - INFO - Using single devDn for device/history (API: one device per query)
2026-05-05 16:22:14,881 - root - INFO - Fetching historical data for 1 devices of type inverter
2026-05-05 16:22:14,881 - root - INFO - Making API request to: https://sg5.fusionsolar.huawei.com/rest/openapi/pvms/nbi/v1/device/history
2026-05-05 16:22:14,882 - root - INFO - Request payload: {'devDn': 'NE=62806382', 'devTypeId': 1, 'startTime': 1777741200000, 'endTime': 1777827600000}
2026-05-05 16:22:16,651 - root - INFO - Response status code: 200
2026-05-05 16:22:16,666 - root - INFO - API response from https://sg5.fusionsolar.huawei.com/rest/openapi/pvms/nbi/v1/device/history (truncated): {'failCode': 0, 'success': True, 'message': 'historical data information query successful.', 'data': [{'devDn': 'NE=62806382', 'collectTime': 1777741200000, 'dataItems': {'pv28_i': None, 'pv4_u': 0.0, 'pv24_i': None, 'mppt_total_cap': 164112.74, 'pv8_u': 0.0, 'a_i': 0.0, 'pv24_u': None, 'mppt_9_cap': None, 'pv20_u': 0.0, 'a_u': 0.0, 'pv17_u': 0.0, 'pv20_i': 0.0, 'efficiency': 0.0, 'pv17_i': 0.0, 'pv13_i': 0.0, 'pv36_i': None, 'mppt_power': 0.0, 'pv13_u': 0.0, 'pv36_u': None, 'mppt_7_cap': 22238....
2026-05-05 16:22:16,668 - root - INFO - API Response type: <class 'dict'>
2026-05-05 16:22:16,668 - root - INFO - API Response keys: ['failCode', 'success', 'message', 'data']
2026-05-05 16:22:16,668 - root - INFO - API Response data is a list with 151 items
2026-05-05 16:22:16,668 - root - INFO - API Response has failCode: 0, message: historical data information query successful.
2026-05-05 16:22:16,669 - root - INFO - Using alternate response format: data as list
2026-05-05 16:22:16,669 - root - INFO - Received 151 data points from API
2026-05-05 16:22:16,669 - root - INFO - Sample data point structure: ['devDn', 'collectTime', 'dataItems']
2026-05-05 16:22:16,739 - root - INFO - Successfully upserted 151 data points.
2026-05-05 16:22:21,238 - root - INFO - Using single devDn for device/history (API: one device per query)
2026-05-05 16:22:21,240 - root - INFO - Fetching historical data for 1 devices of type inverter
2026-05-05 16:22:21,240 - root - INFO - Making API request to: https://sg5.fusionsolar.huawei.com/rest/openapi/pvms/nbi/v1/device/history
2026-05-05 16:22:21,240 - root - INFO - Request payload: {'devDn': 'NE=62806380', 'devTypeId': 1, 'startTime': 1777741200000, 'endTime': 1777827600000}
2026-05-05 16:22:23,243 - root - INFO - Response status code: 200
2026-05-05 16:22:23,257 - root - INFO - API response from https://sg5.fusionsolar.huawei.com/rest/openapi/pvms/nbi/v1/device/history (truncated): {'failCode': 0, 'success': True, 'message': 'historical data information query successful.', 'data': [{'devDn': 'NE=62806380', 'collectTime': 1777741200000, 'dataItems': {'pv28_i': None, 'pv4_u': 0.0, 'pv24_i': None, 'mppt_total_cap': 170469.76, 'pv8_u': 0.0, 'a_i': 0.0, 'pv24_u': None, 'mppt_9_cap': None, 'pv20_u': 0.0, 'a_u': 0.0, 'pv17_u': 0.0, 'pv20_i': 0.0, 'efficiency': 0.0, 'pv17_i': 0.0, 'pv13_i': 0.0, 'pv36_i': None, 'mppt_power': 0.0, 'pv13_u': 0.0, 'pv36_u': None, 'mppt_7_cap': 31658....
2026-05-05 16:22:23,259 - root - INFO - API Response type: <class 'dict'>
2026-05-05 16:22:23,259 - root - INFO - API Response keys: ['failCode', 'success', 'message', 'data']
2026-05-05 16:22:23,259 - root - INFO - API Response data is a list with 151 items
2026-05-05 16:22:23,259 - root - INFO - API Response has failCode: 0, message: historical data information query successful.
2026-05-05 16:22:23,260 - root - INFO - Using alternate response format: data as list
2026-05-05 16:22:23,260 - root - INFO - Received 151 data points from API
2026-05-05 16:22:23,260 - root - INFO - Sample data point structure: ['devDn', 'collectTime', 'dataItems']
2026-05-05 16:22:23,327 - root - INFO - Successfully upserted 151 data points.
2026-05-05 16:22:27,226 - root - INFO - Using single devDn for device/history (API: one device per query)
2026-05-05 16:22:27,228 - root - INFO - Fetching historical data for 1 devices of type inverter
2026-05-05 16:22:27,228 - root - INFO - Making API request to: https://sg5.fusionsolar.huawei.com/rest/openapi/pvms/nbi/v1/device/history
2026-05-05 16:22:27,228 - root - INFO - Request payload: {'devDn': 'NE=62806373', 'devTypeId': 1, 'startTime': 1777741200000, 'endTime': 1777827600000}
2026-05-05 16:22:29,303 - root - INFO - Response status code: 200
2026-05-05 16:22:29,316 - root - INFO - API response from https://sg5.fusionsolar.huawei.com/rest/openapi/pvms/nbi/v1/device/history (truncated): {'failCode': 0, 'success': True, 'message': 'historical data information query successful.', 'data': [{'devDn': 'NE=62806373', 'collectTime': 1777741200000, 'dataItems': {'pv28_i': None, 'pv4_u': 0.0, 'pv24_i': None, 'mppt_total_cap': 161721.82, 'pv8_u': 0.0, 'a_i': 0.0, 'pv24_u': None, 'mppt_9_cap': None, 'pv20_u': 0.0, 'a_u': 0.0, 'pv17_u': 0.0, 'pv20_i': 0.0, 'efficiency': 0.0, 'pv17_i': 0.0, 'pv13_i': 0.0, 'pv36_i': None, 'mppt_power': 0.0, 'pv13_u': 0.0, 'pv36_u': None, 'mppt_7_cap': 21243....
2026-05-05 16:22:29,318 - root - INFO - API Response type: <class 'dict'>
2026-05-05 16:22:29,318 - root - INFO - API Response keys: ['failCode', 'success', 'message', 'data']
2026-05-05 16:22:29,318 - root - INFO - API Response data is a list with 151 items
2026-05-05 16:22:29,318 - root - INFO - API Response has failCode: 0, message: historical data information query successful.
2026-05-05 16:22:29,319 - root - INFO - Using alternate response format: data as list
2026-05-05 16:22:29,319 - root - INFO - Received 151 data points from API
2026-05-05 16:22:29,319 - root - INFO - Sample data point structure: ['devDn', 'collectTime', 'dataItems']
2026-05-05 16:22:29,383 - root - INFO - Successfully upserted 151 data points.
2026-05-05 16:22:32,731 - root - INFO - Using single devDn for device/history (API: one device per query)
2026-05-05 16:22:32,733 - root - INFO - Fetching historical data for 1 devices of type inverter
2026-05-05 16:22:32,733 - root - INFO - Making API request to: https://sg5.fusionsolar.huawei.com/rest/openapi/pvms/nbi/v1/device/history
2026-05-05 16:22:32,733 - root - INFO - Request payload: {'devDn': 'NE=62806371', 'devTypeId': 1, 'startTime': 1777741200000, 'endTime': 1777827600000}
2026-05-05 16:22:34,622 - root - INFO - Response status code: 200
2026-05-05 16:22:34,635 - root - INFO - API response from https://sg5.fusionsolar.huawei.com/rest/openapi/pvms/nbi/v1/device/history (truncated): {'failCode': 0, 'success': True, 'message': 'historical data information query successful.', 'data': [{'devDn': 'NE=62806371', 'collectTime': 1777741200000, 'dataItems': {'pv28_i': None, 'pv4_u': 0.0, 'pv24_i': None, 'mppt_total_cap': 178590.58, 'pv8_u': 0.0, 'a_i': 0.0, 'pv24_u': None, 'mppt_9_cap': None, 'pv20_u': 0.0, 'a_u': 0.0, 'pv17_u': 0.0, 'pv20_i': 0.0, 'efficiency': 0.0, 'pv17_i': 0.0, 'pv13_i': 0.0, 'pv36_i': None, 'mppt_power': 0.0, 'pv13_u': 0.0, 'pv36_u': None, 'mppt_7_cap': 33525....
2026-05-05 16:22:34,637 - root - INFO - API Response type: <class 'dict'>
2026-05-05 16:22:34,637 - root - INFO - API Response keys: ['failCode', 'success', 'message', 'data']
2026-05-05 16:22:34,637 - root - INFO - API Response data is a list with 152 items
2026-05-05 16:22:34,638 - root - INFO - API Response has failCode: 0, message: historical data information query successful.
2026-05-05 16:22:34,638 - root - INFO - Using alternate response format: data as list
2026-05-05 16:22:34,638 - root - INFO - Received 152 data points from API
2026-05-05 16:22:34,638 - root - INFO - Sample data point structure: ['devDn', 'collectTime', 'dataItems']
2026-05-05 16:22:34,707 - root - INFO - Successfully upserted 152 data points.
2026-05-05 16:22:38,551 - root - INFO - Using single devDn for device/history (API: one device per query)
2026-05-05 16:22:38,553 - root - INFO - Fetching historical data for 1 devices of type inverter
2026-05-05 16:22:38,553 - root - INFO - Making API request to: https://sg5.fusionsolar.huawei.com/rest/openapi/pvms/nbi/v1/device/history
2026-05-05 16:22:38,553 - root - INFO - Request payload: {'devDn': 'NE=62806381', 'devTypeId': 1, 'startTime': 1777741200000, 'endTime': 1777827600000}
2026-05-05 16:22:40,506 - root - INFO - Response status code: 200
2026-05-05 16:22:40,520 - root - INFO - API response from https://sg5.fusionsolar.huawei.com/rest/openapi/pvms/nbi/v1/device/history (truncated): {'failCode': 0, 'success': True, 'message': 'historical data information query successful.', 'data': [{'devDn': 'NE=62806381', 'collectTime': 1777741200000, 'dataItems': {'pv28_i': None, 'pv4_u': 0.0, 'pv24_i': None, 'mppt_total_cap': 181685.84, 'pv8_u': 0.0, 'a_i': 0.0, 'pv24_u': None, 'mppt_9_cap': None, 'pv20_u': 0.0, 'a_u': 0.0, 'pv17_u': 0.0, 'pv20_i': 0.0, 'efficiency': 0.0, 'pv17_i': 0.0, 'pv13_i': 0.0, 'pv36_i': None, 'mppt_power': 0.0, 'pv13_u': 0.0, 'pv36_u': None, 'mppt_7_cap': 34696....
2026-05-05 16:22:40,522 - root - INFO - API Response type: <class 'dict'>
2026-05-05 16:22:40,522 - root - INFO - API Response keys: ['failCode', 'success', 'message', 'data']
2026-05-05 16:22:40,522 - root - INFO - API Response data is a list with 151 items
2026-05-05 16:22:40,522 - root - INFO - API Response has failCode: 0, message: historical data information query successful.
2026-05-05 16:22:40,522 - root - INFO - Using alternate response format: data as list
2026-05-05 16:22:40,522 - root - INFO - Received 151 data points from API
2026-05-05 16:22:40,523 - root - INFO - Sample data point structure: ['devDn', 'collectTime', 'dataItems']
2026-05-05 16:22:40,589 - root - INFO - Successfully upserted 151 data points.
2026-05-05 16:22:44,319 - root - INFO - Using single devDn for device/history (API: one device per query)
2026-05-05 16:22:44,321 - root - INFO - Fetching historical data for 1 devices of type inverter
2026-05-05 16:22:44,321 - root - INFO - Making API request to: https://sg5.fusionsolar.huawei.com/rest/openapi/pvms/nbi/v1/device/history
2026-05-05 16:22:44,322 - root - INFO - Request payload: {'devDn': 'NE=62806383', 'devTypeId': 1, 'startTime': 1777741200000, 'endTime': 1777827600000}
2026-05-05 16:22:46,117 - root - INFO - Response status code: 200
2026-05-05 16:22:46,131 - root - INFO - API response from https://sg5.fusionsolar.huawei.com/rest/openapi/pvms/nbi/v1/device/history (truncated): {'failCode': 0, 'success': True, 'message': 'historical data information query successful.', 'data': [{'devDn': 'NE=62806383', 'collectTime': 1777741200000, 'dataItems': {'pv28_i': None, 'pv4_u': 0.0, 'pv24_i': None, 'mppt_total_cap': 154849.04, 'pv8_u': 0.0, 'a_i': 0.0, 'pv24_u': None, 'mppt_9_cap': None, 'pv20_u': 0.0, 'a_u': 0.0, 'pv17_u': 0.0, 'pv20_i': 0.0, 'efficiency': 0.0, 'pv17_i': 0.0, 'pv13_i': 0.0, 'pv36_i': None, 'mppt_power': 0.0, 'pv13_u': 0.0, 'pv36_u': None, 'mppt_7_cap': 26006....
2026-05-05 16:22:46,133 - root - INFO - API Response type: <class 'dict'>
2026-05-05 16:22:46,133 - root - INFO - API Response keys: ['failCode', 'success', 'message', 'data']
2026-05-05 16:22:46,133 - root - INFO - API Response data is a list with 151 items
2026-05-05 16:22:46,133 - root - INFO - API Response has failCode: 0, message: historical data information query successful.
2026-05-05 16:22:46,134 - root - INFO - Using alternate response format: data as list
2026-05-05 16:22:46,134 - root - INFO - Received 151 data points from API
2026-05-05 16:22:46,134 - root - INFO - Sample data point structure: ['devDn', 'collectTime', 'dataItems']
2026-05-05 16:22:46,203 - root - INFO - Successfully upserted 151 data points.
2026-05-05 16:22:49,455 - root - INFO - Using single devDn for device/history (API: one device per query)
2026-05-05 16:22:49,457 - root - INFO - Fetching historical data for 1 devices of type inverter
2026-05-05 16:22:49,457 - root - INFO - Making API request to: https://sg5.fusionsolar.huawei.com/rest/openapi/pvms/nbi/v1/device/history
2026-05-05 16:22:49,457 - root - INFO - Request payload: {'devDn': 'NE=62806377', 'devTypeId': 1, 'startTime': 1777741200000, 'endTime': 1777827600000}
2026-05-05 16:22:51,274 - root - INFO - Response status code: 200
2026-05-05 16:22:51,288 - root - INFO - API response from https://sg5.fusionsolar.huawei.com/rest/openapi/pvms/nbi/v1/device/history (truncated): {'failCode': 0, 'success': True, 'message': 'historical data information query successful.', 'data': [{'devDn': 'NE=62806377', 'collectTime': 1777741200000, 'dataItems': {'pv28_i': None, 'pv4_u': 0.0, 'pv24_i': None, 'mppt_total_cap': 168697.06, 'pv8_u': 0.0, 'a_i': 0.0, 'pv24_u': None, 'mppt_9_cap': None, 'pv20_u': 0.0, 'a_u': 0.0, 'pv17_u': 0.0, 'pv20_i': 0.0, 'efficiency': 0.0, 'pv17_i': 0.0, 'pv13_i': 0.0, 'pv36_i': None, 'mppt_power': 0.0, 'pv13_u': 0.0, 'pv36_u': None, 'mppt_7_cap': 22070....
2026-05-05 16:22:51,290 - root - INFO - API Response type: <class 'dict'>
2026-05-05 16:22:51,290 - root - INFO - API Response keys: ['failCode', 'success', 'message', 'data']
2026-05-05 16:22:51,290 - root - INFO - API Response data is a list with 151 items
2026-05-05 16:22:51,290 - root - INFO - API Response has failCode: 0, message: historical data information query successful.
2026-05-05 16:22:51,290 - root - INFO - Using alternate response format: data as list
2026-05-05 16:22:51,290 - root - INFO - Received 151 data points from API
2026-05-05 16:22:51,291 - root - INFO - Sample data point structure: ['devDn', 'collectTime', 'dataItems']
2026-05-05 16:22:51,357 - root - INFO - Successfully upserted 151 data points.
2026-05-05 16:22:54,600 - root - INFO - Using single devDn for device/history (API: one device per query)
2026-05-05 16:22:54,602 - root - INFO - Fetching historical data for 1 devices of type inverter
2026-05-05 16:22:54,602 - root - INFO - Making API request to: https://sg5.fusionsolar.huawei.com/rest/openapi/pvms/nbi/v1/device/history
2026-05-05 16:22:54,602 - root - INFO - Request payload: {'devDn': 'NE=62806374', 'devTypeId': 1, 'startTime': 1777741200000, 'endTime': 1777827600000}
2026-05-05 16:22:56,448 - root - INFO - Response status code: 200
2026-05-05 16:22:56,462 - root - INFO - API response from https://sg5.fusionsolar.huawei.com/rest/openapi/pvms/nbi/v1/device/history (truncated): {'failCode': 0, 'success': True, 'message': 'historical data information query successful.', 'data': [{'devDn': 'NE=62806374', 'collectTime': 1777741200000, 'dataItems': {'pv28_i': None, 'pv4_u': 0.0, 'pv24_i': None, 'mppt_total_cap': 166792.46, 'pv8_u': 0.0, 'a_i': 0.0, 'pv24_u': None, 'mppt_9_cap': None, 'pv20_u': 0.0, 'a_u': 0.0, 'pv17_u': 0.0, 'pv20_i': 0.0, 'efficiency': 0.0, 'pv17_i': 0.0, 'pv13_i': 0.0, 'pv36_i': None, 'mppt_power': 0.0, 'pv13_u': 0.0, 'pv36_u': None, 'mppt_7_cap': 33792....
2026-05-05 16:22:56,464 - root - INFO - API Response type: <class 'dict'>
2026-05-05 16:22:56,465 - root - INFO - API Response keys: ['failCode', 'success', 'message', 'data']
2026-05-05 16:22:56,465 - root - INFO - API Response data is a list with 151 items
2026-05-05 16:22:56,465 - root - INFO - API Response has failCode: 0, message: historical data information query successful.
2026-05-05 16:22:56,465 - root - INFO - Using alternate response format: data as list
2026-05-05 16:22:56,465 - root - INFO - Received 151 data points from API
2026-05-05 16:22:56,465 - root - INFO - Sample data point structure: ['devDn', 'collectTime', 'dataItems']
2026-05-05 16:22:56,533 - root - INFO - Successfully upserted 151 data points.
2026-05-05 16:23:00,404 - root - INFO - Using single devDn for device/history (API: one device per query)
2026-05-05 16:23:00,407 - root - INFO - Fetching historical data for 1 devices of type inverter
2026-05-05 16:23:00,407 - root - INFO - Making API request to: https://sg5.fusionsolar.huawei.com/rest/openapi/pvms/nbi/v1/device/history
2026-05-05 16:23:00,407 - root - INFO - Request payload: {'devDn': 'NE=62806375', 'devTypeId': 1, 'startTime': 1777741200000, 'endTime': 1777827600000}
2026-05-05 16:23:02,543 - root - INFO - Response status code: 200
2026-05-05 16:23:02,556 - root - INFO - API response from https://sg5.fusionsolar.huawei.com/rest/openapi/pvms/nbi/v1/device/history (truncated): {'failCode': 0, 'success': True, 'message': 'historical data information query successful.', 'data': [{'devDn': 'NE=62806375', 'collectTime': 1777741200000, 'dataItems': {'pv28_i': None, 'pv4_u': 0.0, 'pv24_i': None, 'mppt_total_cap': 158849.33, 'pv8_u': 0.0, 'a_i': 0.0, 'pv24_u': None, 'mppt_9_cap': None, 'pv20_u': 0.0, 'a_u': 0.0, 'pv17_u': 0.0, 'pv20_i': 0.0, 'efficiency': 0.0, 'pv17_i': 0.0, 'pv13_i': 0.0, 'pv36_i': None, 'mppt_power': 0.0, 'pv13_u': 0.0, 'pv36_u': None, 'mppt_7_cap': 28526....
2026-05-05 16:23:02,558 - root - INFO - API Response type: <class 'dict'>
2026-05-05 16:23:02,558 - root - INFO - API Response keys: ['failCode', 'success', 'message', 'data']
2026-05-05 16:23:02,558 - root - INFO - API Response data is a list with 151 items
2026-05-05 16:23:02,558 - root - INFO - API Response has failCode: 0, message: historical data information query successful.
2026-05-05 16:23:02,559 - root - INFO - Using alternate response format: data as list
2026-05-05 16:23:02,559 - root - INFO - Received 151 data points from API
2026-05-05 16:23:02,559 - root - INFO - Sample data point structure: ['devDn', 'collectTime', 'dataItems']
2026-05-05 16:23:02,626 - root - INFO - Successfully upserted 151 data points.
2026-05-05 16:23:05,819 - root - INFO - Using single devDn for device/history (API: one device per query)
2026-05-05 16:23:05,822 - root - INFO - Fetching historical data for 1 devices of type inverter
2026-05-05 16:23:05,822 - root - INFO - Making API request to: https://sg5.fusionsolar.huawei.com/rest/openapi/pvms/nbi/v1/device/history
2026-05-05 16:23:05,822 - root - INFO - Request payload: {'devDn': 'NE=62806369', 'devTypeId': 1, 'startTime': 1777741200000, 'endTime': 1777827600000}
2026-05-05 16:23:07,555 - root - INFO - Response status code: 200
2026-05-05 16:23:07,569 - root - INFO - API response from https://sg5.fusionsolar.huawei.com/rest/openapi/pvms/nbi/v1/device/history (truncated): {'failCode': 0, 'success': True, 'message': 'historical data information query successful.', 'data': [{'devDn': 'NE=62806369', 'collectTime': 1777741200000, 'dataItems': {'pv28_i': None, 'pv4_u': 0.0, 'pv24_i': None, 'mppt_total_cap': 139561.87, 'pv8_u': 0.0, 'a_i': 0.0, 'pv24_u': None, 'mppt_9_cap': None, 'pv20_u': 0.0, 'a_u': 0.0, 'pv17_u': 0.0, 'pv20_i': 0.0, 'efficiency': 0.0, 'pv17_i': 0.0, 'pv13_i': 0.0, 'pv36_i': None, 'mppt_power': 0.0, 'pv13_u': 0.0, 'pv36_u': None, 'mppt_7_cap': 17542....
2026-05-05 16:23:07,572 - root - INFO - API Response type: <class 'dict'>
2026-05-05 16:23:07,572 - root - INFO - API Response keys: ['failCode', 'success', 'message', 'data']
2026-05-05 16:23:07,572 - root - INFO - API Response data is a list with 151 items
2026-05-05 16:23:07,572 - root - INFO - API Response has failCode: 0, message: historical data information query successful.
2026-05-05 16:23:07,572 - root - INFO - Using alternate response format: data as list
2026-05-05 16:23:07,572 - root - INFO - Received 151 data points from API
2026-05-05 16:23:07,573 - root - INFO - Sample data point structure: ['devDn', 'collectTime', 'dataItems']
2026-05-05 16:23:07,648 - root - INFO - Successfully upserted 151 data points.
2026-05-05 16:23:10,804 - root - INFO - Using single devDn for device/history (API: one device per query)
2026-05-05 16:23:10,806 - root - INFO - Fetching historical data for 1 devices of type inverter
2026-05-05 16:23:10,806 - root - INFO - Making API request to: https://sg5.fusionsolar.huawei.com/rest/openapi/pvms/nbi/v1/device/history
2026-05-05 16:23:10,807 - root - INFO - Request payload: {'devDn': 'NE=62806370', 'devTypeId': 1, 'startTime': 1777741200000, 'endTime': 1777827600000}
2026-05-05 16:23:12,523 - root - INFO - Response status code: 200
2026-05-05 16:23:12,537 - root - INFO - API response from https://sg5.fusionsolar.huawei.com/rest/openapi/pvms/nbi/v1/device/history (truncated): {'failCode': 0, 'success': True, 'message': 'historical data information query successful.', 'data': [{'devDn': 'NE=62806370', 'collectTime': 1777741200000, 'dataItems': {'pv28_i': None, 'pv4_u': 0.0, 'pv24_i': None, 'mppt_total_cap': 164786.41, 'pv8_u': 0.0, 'a_i': 0.0, 'pv24_u': None, 'mppt_9_cap': None, 'pv20_u': 0.0, 'a_u': 0.0, 'pv17_u': 0.0, 'pv20_i': 0.0, 'efficiency': 0.0, 'pv17_i': 0.0, 'pv13_i': 0.0, 'pv36_i': None, 'mppt_power': 0.0, 'pv13_u': 0.0, 'pv36_u': None, 'mppt_7_cap': 30513....
2026-05-05 16:23:12,539 - root - INFO - API Response type: <class 'dict'>
2026-05-05 16:23:12,539 - root - INFO - API Response keys: ['failCode', 'success', 'message', 'data']
2026-05-05 16:23:12,539 - root - INFO - API Response data is a list with 151 items
2026-05-05 16:23:12,539 - root - INFO - API Response has failCode: 0, message: historical data information query successful.
2026-05-05 16:23:12,539 - root - INFO - Using alternate response format: data as list
2026-05-05 16:23:12,539 - root - INFO - Received 151 data points from API
2026-05-05 16:23:12,540 - root - INFO - Sample data point structure: ['devDn', 'collectTime', 'dataItems']
2026-05-05 16:23:12,608 - root - INFO - Successfully upserted 151 data points.
2026-05-05 16:23:16,411 - root - INFO - Using single devDn for device/history (API: one device per query)
2026-05-05 16:23:16,413 - root - INFO - Fetching historical data for 1 devices of type inverter
2026-05-05 16:23:16,413 - root - INFO - Making API request to: https://sg5.fusionsolar.huawei.com/rest/openapi/pvms/nbi/v1/device/history
2026-05-05 16:23:16,413 - root - INFO - Request payload: {'devDn': 'NE=62806372', 'devTypeId': 1, 'startTime': 1777741200000, 'endTime': 1777827600000}
2026-05-05 16:23:18,195 - root - INFO - Response status code: 200
2026-05-05 16:23:18,209 - root - INFO - API response from https://sg5.fusionsolar.huawei.com/rest/openapi/pvms/nbi/v1/device/history (truncated): {'failCode': 0, 'success': True, 'message': 'historical data information query successful.', 'data': [{'devDn': 'NE=62806372', 'collectTime': 1777741200000, 'dataItems': {'pv28_i': None, 'pv4_u': 0.0, 'pv24_i': None, 'mppt_total_cap': 159121.22, 'pv8_u': 0.0, 'a_i': 0.0, 'pv24_u': None, 'mppt_9_cap': None, 'pv20_u': 0.0, 'a_u': 0.0, 'pv17_u': 0.0, 'pv20_i': 0.0, 'efficiency': 0.0, 'pv17_i': 0.0, 'pv13_i': 0.0, 'pv36_i': None, 'mppt_power': 0.0, 'pv13_u': 0.0, 'pv36_u': None, 'mppt_7_cap': 30309....
2026-05-05 16:23:18,211 - root - INFO - API Response type: <class 'dict'>
2026-05-05 16:23:18,211 - root - INFO - API Response keys: ['failCode', 'success', 'message', 'data']
2026-05-05 16:23:18,211 - root - INFO - API Response data is a list with 151 items
2026-05-05 16:23:18,211 - root - INFO - API Response has failCode: 0, message: historical data information query successful.
2026-05-05 16:23:18,211 - root - INFO - Using alternate response format: data as list
2026-05-05 16:23:18,211 - root - INFO - Received 151 data points from API
2026-05-05 16:23:18,211 - root - INFO - Sample data point structure: ['devDn', 'collectTime', 'dataItems']
2026-05-05 16:23:18,278 - root - INFO - Successfully upserted 151 data points.
2026-05-05 16:23:21,568 - root - INFO - Using single devDn for device/history (API: one device per query)
2026-05-05 16:23:21,570 - root - INFO - Fetching historical data for 1 devices of type inverter
2026-05-05 16:23:21,570 - root - INFO - Making API request to: https://sg5.fusionsolar.huawei.com/rest/openapi/pvms/nbi/v1/device/history
2026-05-05 16:23:21,570 - root - INFO - Request payload: {'devDn': 'NE=62806368', 'devTypeId': 1, 'startTime': 1777741200000, 'endTime': 1777827600000}
2026-05-05 16:23:23,249 - root - INFO - Response status code: 200
2026-05-05 16:23:23,262 - root - INFO - API response from https://sg5.fusionsolar.huawei.com/rest/openapi/pvms/nbi/v1/device/history (truncated): {'failCode': 0, 'success': True, 'message': 'historical data information query successful.', 'data': [{'devDn': 'NE=62806368', 'collectTime': 1777741200000, 'dataItems': {'pv28_i': None, 'pv4_u': 0.0, 'pv24_i': None, 'mppt_total_cap': 158913.37, 'pv8_u': 0.0, 'a_i': 0.0, 'pv24_u': None, 'mppt_9_cap': None, 'pv20_u': 0.0, 'a_u': 0.0, 'pv17_u': 0.0, 'pv20_i': 0.0, 'efficiency': 0.0, 'pv17_i': 0.0, 'pv13_i': 0.0, 'pv36_i': None, 'mppt_power': 0.0, 'pv13_u': 0.0, 'pv36_u': None, 'mppt_7_cap': 29964....
2026-05-05 16:23:23,264 - root - INFO - API Response type: <class 'dict'>
2026-05-05 16:23:23,264 - root - INFO - API Response keys: ['failCode', 'success', 'message', 'data']
2026-05-05 16:23:23,264 - root - INFO - API Response data is a list with 151 items
2026-05-05 16:23:23,265 - root - INFO - API Response has failCode: 0, message: historical data information query successful.
2026-05-05 16:23:23,265 - root - INFO - Using alternate response format: data as list
2026-05-05 16:23:23,265 - root - INFO - Received 151 data points from API
2026-05-05 16:23:23,265 - root - INFO - Sample data point structure: ['devDn', 'collectTime', 'dataItems']
2026-05-05 16:23:23,395 - root - INFO - Successfully upserted 151 data points.
2026-05-05 16:23:26,650 - root - INFO - Using single devDn for device/history (API: one device per query)
2026-05-05 16:23:26,653 - root - INFO - Fetching historical data for 1 devices of type inverter
2026-05-05 16:23:26,653 - root - INFO - Making API request to: https://sg5.fusionsolar.huawei.com/rest/openapi/pvms/nbi/v1/device/history
2026-05-05 16:23:26,653 - root - INFO - Request payload: {'devDn': 'NE=54844504', 'devTypeId': 1, 'startTime': 1777741200000, 'endTime': 1777827600000}
2026-05-05 16:23:28,369 - root - INFO - Response status code: 200
2026-05-05 16:23:28,383 - root - INFO - API response from https://sg5.fusionsolar.huawei.com/rest/openapi/pvms/nbi/v1/device/history (truncated): {'failCode': 0, 'success': True, 'message': 'historical data information query successful.', 'data': [{'devDn': 'NE=54844504', 'collectTime': 1777741200000, 'dataItems': {'pv28_i': None, 'pv4_u': 0.0, 'pv24_i': None, 'mppt_total_cap': 248179.02, 'pv8_u': 0.0, 'a_i': 0.0, 'pv24_u': None, 'mppt_9_cap': 18749.67, 'pv20_u': 0.0, 'a_u': 0.0, 'pv17_u': 0.0, 'pv20_i': 0.0, 'efficiency': 0.0, 'pv17_i': 0.0, 'pv13_i': 0.0, 'pv36_i': None, 'mppt_power': 0.0, 'pv13_u': 0.0, 'pv36_u': None, 'mppt_7_cap': 18...
2026-05-05 16:23:28,385 - root - INFO - API Response type: <class 'dict'>
2026-05-05 16:23:28,385 - root - INFO - API Response keys: ['failCode', 'success', 'message', 'data']
2026-05-05 16:23:28,385 - root - INFO - API Response data is a list with 152 items
2026-05-05 16:23:28,385 - root - INFO - API Response has failCode: 0, message: historical data information query successful.
2026-05-05 16:23:28,386 - root - INFO - Using alternate response format: data as list
2026-05-05 16:23:28,386 - root - INFO - Received 152 data points from API
2026-05-05 16:23:28,386 - root - INFO - Sample data point structure: ['devDn', 'collectTime', 'dataItems']
2026-05-05 16:23:28,457 - root - INFO - Successfully upserted 152 data points.
2026-05-05 16:23:34,390 - root - INFO - Using single devDn for device/history (API: one device per query)
2026-05-05 16:23:34,392 - root - INFO - Fetching historical data for 1 devices of type inverter
2026-05-05 16:23:34,392 - root - INFO - Making API request to: https://sg5.fusionsolar.huawei.com/rest/openapi/pvms/nbi/v1/device/history
2026-05-05 16:23:34,392 - root - INFO - Request payload: {'devDn': 'NE=54435803', 'devTypeId': 1, 'startTime': 1777741200000, 'endTime': 1777827600000}
2026-05-05 16:23:36,072 - root - INFO - Response status code: 200
2026-05-05 16:23:36,086 - root - INFO - API response from https://sg5.fusionsolar.huawei.com/rest/openapi/pvms/nbi/v1/device/history (truncated): {'failCode': 0, 'success': True, 'message': 'historical data information query successful.', 'data': [{'devDn': 'NE=54435803', 'collectTime': 1777741200000, 'dataItems': {'pv28_i': None, 'pv4_u': 0.0, 'pv24_i': None, 'mppt_total_cap': 250170.31, 'pv8_u': 0.0, 'a_i': 0.0, 'pv24_u': None, 'mppt_9_cap': 19860.43, 'pv20_u': 0.0, 'a_u': 0.0, 'pv17_u': 0.0, 'pv20_i': 0.0, 'efficiency': 0.0, 'pv17_i': 0.0, 'pv13_i': 0.0, 'pv36_i': None, 'mppt_power': 0.0, 'pv13_u': 0.0, 'pv36_u': None, 'mppt_7_cap': 20...
2026-05-05 16:23:36,088 - root - INFO - API Response type: <class 'dict'>
2026-05-05 16:23:36,088 - root - INFO - API Response keys: ['failCode', 'success', 'message', 'data']
2026-05-05 16:23:36,088 - root - INFO - API Response data is a list with 152 items
2026-05-05 16:23:36,088 - root - INFO - API Response has failCode: 0, message: historical data information query successful.
2026-05-05 16:23:36,091 - root - INFO - Using alternate response format: data as list
2026-05-05 16:23:36,092 - root - INFO - Received 152 data points from API
2026-05-05 16:23:36,092 - root - INFO - Sample data point structure: ['devDn', 'collectTime', 'dataItems']
2026-05-05 16:23:36,171 - root - INFO - Successfully upserted 152 data points.
2026-05-05 16:23:39,654 - root - INFO - Using single devDn for device/history (API: one device per query)
2026-05-05 16:23:39,657 - root - INFO - Fetching historical data for 1 devices of type inverter
2026-05-05 16:23:39,657 - root - INFO - Making API request to: https://sg5.fusionsolar.huawei.com/rest/openapi/pvms/nbi/v1/device/history
2026-05-05 16:23:39,657 - root - INFO - Request payload: {'devDn': 'NE=54435804', 'devTypeId': 1, 'startTime': 1777741200000, 'endTime': 1777827600000}
2026-05-05 16:23:45,121 - root - INFO - Response status code: 200
2026-05-05 16:23:45,134 - root - INFO - API response from https://sg5.fusionsolar.huawei.com/rest/openapi/pvms/nbi/v1/device/history (truncated): {'failCode': 0, 'success': True, 'message': 'historical data information query successful.', 'data': [{'devDn': 'NE=54435804', 'collectTime': 1777741200000, 'dataItems': {'pv28_i': None, 'pv4_u': 0.0, 'pv24_i': None, 'mppt_total_cap': 272979.53, 'pv8_u': 0.0, 'a_i': 0.0, 'pv24_u': None, 'mppt_9_cap': 19292.0, 'pv20_u': 0.0, 'a_u': 0.0, 'pv17_u': 0.0, 'pv20_i': 0.0, 'efficiency': 0.0, 'pv17_i': 0.0, 'pv13_i': 0.0, 'pv36_i': None, 'mppt_power': 0.0, 'pv13_u': 0.0, 'pv36_u': None, 'mppt_7_cap': 198...
2026-05-05 16:23:45,136 - root - INFO - API Response type: <class 'dict'>
2026-05-05 16:23:45,136 - root - INFO - API Response keys: ['failCode', 'success', 'message', 'data']
2026-05-05 16:23:45,137 - root - INFO - API Response data is a list with 152 items
2026-05-05 16:23:45,137 - root - INFO - API Response has failCode: 0, message: historical data information query successful.
2026-05-05 16:23:45,137 - root - INFO - Using alternate response format: data as list
2026-05-05 16:23:45,137 - root - INFO - Received 152 data points from API
2026-05-05 16:23:45,137 - root - INFO - Sample data point structure: ['devDn', 'collectTime', 'dataItems']
2026-05-05 16:23:45,213 - root - INFO - Successfully upserted 152 data points.
2026-05-05 16:23:49,520 - root - INFO - Using single devDn for device/history (API: one device per query)
2026-05-05 16:23:49,522 - root - INFO - Fetching historical data for 1 devices of type inverter
2026-05-05 16:23:49,522 - root - INFO - Making API request to: https://sg5.fusionsolar.huawei.com/rest/openapi/pvms/nbi/v1/device/history
2026-05-05 16:23:49,523 - root - INFO - Request payload: {'devDn': 'NE=54435805', 'devTypeId': 1, 'startTime': 1777741200000, 'endTime': 1777827600000}
2026-05-05 16:23:51,388 - root - INFO - Response status code: 200
2026-05-05 16:23:51,402 - root - INFO - API response from https://sg5.fusionsolar.huawei.com/rest/openapi/pvms/nbi/v1/device/history (truncated): {'failCode': 0, 'success': True, 'message': 'historical data information query successful.', 'data': [{'devDn': 'NE=54435805', 'collectTime': 1777741200000, 'dataItems': {'pv28_i': None, 'pv4_u': 0.0, 'pv24_i': None, 'mppt_total_cap': 268421.97, 'pv8_u': 0.0, 'a_i': 0.0, 'pv24_u': None, 'mppt_9_cap': 20998.98, 'pv20_u': 0.0, 'a_u': 0.0, 'pv17_u': 0.0, 'pv20_i': 0.0, 'efficiency': 0.0, 'pv17_i': 0.0, 'pv13_i': 0.0, 'pv36_i': None, 'mppt_power': 0.0, 'pv13_u': 0.0, 'pv36_u': None, 'mppt_7_cap': 19...
2026-05-05 16:23:51,404 - root - INFO - API Response type: <class 'dict'>
2026-05-05 16:23:51,404 - root - INFO - API Response keys: ['failCode', 'success', 'message', 'data']
2026-05-05 16:23:51,404 - root - INFO - API Response data is a list with 152 items
2026-05-05 16:23:51,404 - root - INFO - API Response has failCode: 0, message: historical data information query successful.
2026-05-05 16:23:51,405 - root - INFO - Using alternate response format: data as list
2026-05-05 16:23:51,405 - root - INFO - Received 152 data points from API
2026-05-05 16:23:51,405 - root - INFO - Sample data point structure: ['devDn', 'collectTime', 'dataItems']
2026-05-05 16:23:51,477 - root - INFO - Successfully upserted 152 data points.
2026-05-05 16:23:55,339 - root - INFO - Using single devDn for device/history (API: one device per query)
2026-05-05 16:23:55,342 - root - INFO - Fetching historical data for 1 devices of type inverter
2026-05-05 16:23:55,342 - root - INFO - Making API request to: https://sg5.fusionsolar.huawei.com/rest/openapi/pvms/nbi/v1/device/history
2026-05-05 16:23:55,342 - root - INFO - Request payload: {'devDn': 'NE=54435806', 'devTypeId': 1, 'startTime': 1777741200000, 'endTime': 1777827600000}
2026-05-05 16:23:57,260 - root - INFO - Response status code: 200
2026-05-05 16:23:57,275 - root - INFO - API response from https://sg5.fusionsolar.huawei.com/rest/openapi/pvms/nbi/v1/device/history (truncated): {'failCode': 0, 'success': True, 'message': 'historical data information query successful.', 'data': [{'devDn': 'NE=54435806', 'collectTime': 1777741200000, 'dataItems': {'pv28_i': None, 'pv4_u': 0.0, 'pv24_i': None, 'mppt_total_cap': 260446.86, 'pv8_u': 0.0, 'a_i': 0.0, 'pv24_u': None, 'mppt_9_cap': 19045.91, 'pv20_u': 0.0, 'a_u': 0.0, 'pv17_u': 0.0, 'pv20_i': 0.0, 'efficiency': 0.0, 'pv17_i': 0.0, 'pv13_i': 0.0, 'pv36_i': None, 'mppt_power': 0.0, 'pv13_u': 0.0, 'pv36_u': None, 'mppt_7_cap': 18...
2026-05-05 16:23:57,277 - root - INFO - API Response type: <class 'dict'>
2026-05-05 16:23:57,277 - root - INFO - API Response keys: ['failCode', 'success', 'message', 'data']
2026-05-05 16:23:57,277 - root - INFO - API Response data is a list with 152 items
2026-05-05 16:23:57,277 - root - INFO - API Response has failCode: 0, message: historical data information query successful.
2026-05-05 16:23:57,277 - root - INFO - Using alternate response format: data as list
2026-05-05 16:23:57,278 - root - INFO - Received 152 data points from API
2026-05-05 16:23:57,278 - root - INFO - Sample data point structure: ['devDn', 'collectTime', 'dataItems']
2026-05-05 16:23:57,350 - root - INFO - Successfully upserted 152 data points.
2026-05-05 16:24:01,040 - root - INFO - Using single devDn for device/history (API: one device per query)
2026-05-05 16:24:01,043 - root - INFO - Fetching historical data for 1 devices of type inverter
2026-05-05 16:24:01,043 - root - INFO - Making API request to: https://sg5.fusionsolar.huawei.com/rest/openapi/pvms/nbi/v1/device/history
2026-05-05 16:24:01,043 - root - INFO - Request payload: {'devDn': 'NE=54436522', 'devTypeId': 1, 'startTime': 1777741200000, 'endTime': 1777827600000}
2026-05-05 16:24:02,829 - root - INFO - Response status code: 200
2026-05-05 16:24:02,843 - root - INFO - API response from https://sg5.fusionsolar.huawei.com/rest/openapi/pvms/nbi/v1/device/history (truncated): {'failCode': 0, 'success': True, 'message': 'historical data information query successful.', 'data': [{'devDn': 'NE=54436522', 'collectTime': 1777741200000, 'dataItems': {'pv28_i': None, 'pv4_u': 0.0, 'pv24_i': None, 'mppt_total_cap': 259012.89, 'pv8_u': 0.0, 'a_i': 0.0, 'pv24_u': None, 'mppt_9_cap': 19510.7, 'pv20_u': 0.0, 'a_u': 0.0, 'pv17_u': 0.0, 'pv20_i': 0.0, 'efficiency': 0.0, 'pv17_i': 0.0, 'pv13_i': 0.0, 'pv36_i': None, 'mppt_power': 0.0, 'pv13_u': 0.0, 'pv36_u': None, 'mppt_7_cap': 192...
2026-05-05 16:24:02,845 - root - INFO - API Response type: <class 'dict'>
2026-05-05 16:24:02,845 - root - INFO - API Response keys: ['failCode', 'success', 'message', 'data']
2026-05-05 16:24:02,845 - root - INFO - API Response data is a list with 152 items
2026-05-05 16:24:02,845 - root - INFO - API Response has failCode: 0, message: historical data information query successful.
2026-05-05 16:24:02,845 - root - INFO - Using alternate response format: data as list
2026-05-05 16:24:02,845 - root - INFO - Received 152 data points from API
2026-05-05 16:24:02,846 - root - INFO - Sample data point structure: ['devDn', 'collectTime', 'dataItems']
2026-05-05 16:24:02,918 - root - INFO - Successfully upserted 152 data points.
2026-05-05 16:24:06,346 - root - INFO - Using single devDn for device/history (API: one device per query)
2026-05-05 16:24:06,348 - root - INFO - Fetching historical data for 1 devices of type inverter
2026-05-05 16:24:06,349 - root - INFO - Making API request to: https://sg5.fusionsolar.huawei.com/rest/openapi/pvms/nbi/v1/device/history
2026-05-05 16:24:06,349 - root - INFO - Request payload: {'devDn': 'NE=54436523', 'devTypeId': 1, 'startTime': 1777741200000, 'endTime': 1777827600000}
2026-05-05 16:24:08,088 - root - INFO - Response status code: 200
2026-05-05 16:24:08,102 - root - INFO - API response from https://sg5.fusionsolar.huawei.com/rest/openapi/pvms/nbi/v1/device/history (truncated): {'failCode': 0, 'success': True, 'message': 'historical data information query successful.', 'data': [{'devDn': 'NE=54436523', 'collectTime': 1777741200000, 'dataItems': {'pv28_i': None, 'pv4_u': 0.0, 'pv24_i': None, 'mppt_total_cap': 245597.53, 'pv8_u': 0.0, 'a_i': 0.0, 'pv24_u': None, 'mppt_9_cap': 18595.45, 'pv20_u': 0.0, 'a_u': 0.0, 'pv17_u': 0.0, 'pv20_i': 0.0, 'efficiency': 0.0, 'pv17_i': 0.0, 'pv13_i': 0.0, 'pv36_i': None, 'mppt_power': 0.0, 'pv13_u': 0.0, 'pv36_u': None, 'mppt_7_cap': 18...
2026-05-05 16:24:08,104 - root - INFO - API Response type: <class 'dict'>
2026-05-05 16:24:08,104 - root - INFO - API Response keys: ['failCode', 'success', 'message', 'data']
2026-05-05 16:24:08,104 - root - INFO - API Response data is a list with 152 items
2026-05-05 16:24:08,104 - root - INFO - API Response has failCode: 0, message: historical data information query successful.
2026-05-05 16:24:08,105 - root - INFO - Using alternate response format: data as list
2026-05-05 16:24:08,105 - root - INFO - Received 152 data points from API
2026-05-05 16:24:08,105 - root - INFO - Sample data point structure: ['devDn', 'collectTime', 'dataItems']
2026-05-05 16:24:08,547 - root - INFO - Successfully upserted 152 data points.
2026-05-05 16:24:12,080 - root - INFO - Using single devDn for device/history (API: one device per query)
2026-05-05 16:24:12,083 - root - INFO - Fetching historical data for 1 devices of type inverter
2026-05-05 16:24:12,083 - root - INFO - Making API request to: https://sg5.fusionsolar.huawei.com/rest/openapi/pvms/nbi/v1/device/history
2026-05-05 16:24:12,083 - root - INFO - Request payload: {'devDn': 'NE=54436524', 'devTypeId': 1, 'startTime': 1777741200000, 'endTime': 1777827600000}
2026-05-05 16:24:14,121 - root - INFO - Response status code: 200
2026-05-05 16:24:14,135 - root - INFO - API response from https://sg5.fusionsolar.huawei.com/rest/openapi/pvms/nbi/v1/device/history (truncated): {'failCode': 0, 'success': True, 'message': 'historical data information query successful.', 'data': [{'devDn': 'NE=54436524', 'collectTime': 1777741200000, 'dataItems': {'pv28_i': None, 'pv4_u': 0.0, 'pv24_i': None, 'mppt_total_cap': 271344.25, 'pv8_u': 0.0, 'a_i': 0.0, 'pv24_u': None, 'mppt_9_cap': 19691.41, 'pv20_u': 0.0, 'a_u': 0.0, 'pv17_u': 0.0, 'pv20_i': 0.0, 'efficiency': 0.0, 'pv17_i': 0.0, 'pv13_i': 0.0, 'pv36_i': None, 'mppt_power': 0.0, 'pv13_u': 0.0, 'pv36_u': None, 'mppt_7_cap': 20...
2026-05-05 16:24:14,136 - root - INFO - API Response type: <class 'dict'>
2026-05-05 16:24:14,137 - root - INFO - API Response keys: ['failCode', 'success', 'message', 'data']
2026-05-05 16:24:14,137 - root - INFO - API Response data is a list with 152 items
2026-05-05 16:24:14,137 - root - INFO - API Response has failCode: 0, message: historical data information query successful.
2026-05-05 16:24:14,137 - root - INFO - Using alternate response format: data as list
2026-05-05 16:24:14,137 - root - INFO - Received 152 data points from API
2026-05-05 16:24:14,138 - root - INFO - Sample data point structure: ['devDn', 'collectTime', 'dataItems']
2026-05-05 16:24:14,217 - root - INFO - Successfully upserted 152 data points.
2026-05-05 16:24:17,629 - root - INFO - Using single devDn for device/history (API: one device per query)
2026-05-05 16:24:17,632 - root - INFO - Fetching historical data for 1 devices of type inverter
2026-05-05 16:24:17,632 - root - INFO - Making API request to: https://sg5.fusionsolar.huawei.com/rest/openapi/pvms/nbi/v1/device/history
2026-05-05 16:24:17,632 - root - INFO - Request payload: {'devDn': 'NE=54436525', 'devTypeId': 1, 'startTime': 1777741200000, 'endTime': 1777827600000}
2026-05-05 16:24:19,217 - root - INFO - Response status code: 200
2026-05-05 16:24:19,351 - root - INFO - API response from https://sg5.fusionsolar.huawei.com/rest/openapi/pvms/nbi/v1/device/history (truncated): {'failCode': 0, 'success': True, 'message': 'historical data information query successful.', 'data': [{'devDn': 'NE=54436525', 'collectTime': 1777741200000, 'dataItems': {'pv28_i': None, 'pv4_u': 0.0, 'pv24_i': None, 'mppt_total_cap': 247467.68, 'pv8_u': 0.0, 'a_i': 0.0, 'pv24_u': None, 'mppt_9_cap': 18168.17, 'pv20_u': 0.0, 'a_u': 0.0, 'pv17_u': 0.0, 'pv20_i': 0.0, 'efficiency': 0.0, 'pv17_i': 0.0, 'pv13_i': 0.0, 'pv36_i': None, 'mppt_power': 0.0, 'pv13_u': 0.0, 'pv36_u': None, 'mppt_7_cap': 19...
2026-05-05 16:24:19,353 - root - INFO - API Response type: <class 'dict'>
2026-05-05 16:24:19,353 - root - INFO - API Response keys: ['failCode', 'success', 'message', 'data']
2026-05-05 16:24:19,353 - root - INFO - API Response data is a list with 152 items
2026-05-05 16:24:19,354 - root - INFO - API Response has failCode: 0, message: historical data information query successful.
2026-05-05 16:24:19,354 - root - INFO - Using alternate response format: data as list
2026-05-05 16:24:19,354 - root - INFO - Received 152 data points from API
2026-05-05 16:24:19,354 - root - INFO - Sample data point structure: ['devDn', 'collectTime', 'dataItems']
2026-05-05 16:24:19,424 - root - INFO - Successfully upserted 152 data points.
2026-05-05 16:24:22,895 - root - INFO - Using single devDn for device/history (API: one device per query)
2026-05-05 16:24:22,898 - root - INFO - Fetching historical data for 1 devices of type inverter
2026-05-05 16:24:22,898 - root - INFO - Making API request to: https://sg5.fusionsolar.huawei.com/rest/openapi/pvms/nbi/v1/device/history
2026-05-05 16:24:22,898 - root - INFO - Request payload: {'devDn': 'NE=54436526', 'devTypeId': 1, 'startTime': 1777741200000, 'endTime': 1777827600000}
2026-05-05 16:24:24,617 - root - INFO - Response status code: 200
2026-05-05 16:24:24,630 - root - INFO - API response from https://sg5.fusionsolar.huawei.com/rest/openapi/pvms/nbi/v1/device/history (truncated): {'failCode': 0, 'success': True, 'message': 'historical data information query successful.', 'data': [{'devDn': 'NE=54436526', 'collectTime': 1777741200000, 'dataItems': {'pv28_i': None, 'pv4_u': 0.0, 'pv24_i': None, 'mppt_total_cap': 265716.52, 'pv8_u': 0.0, 'a_i': 0.0, 'pv24_u': None, 'mppt_9_cap': 19213.69, 'pv20_u': 0.0, 'a_u': 0.0, 'pv17_u': 0.0, 'pv20_i': 0.0, 'efficiency': 0.0, 'pv17_i': 0.0, 'pv13_i': 0.0, 'pv36_i': None, 'mppt_power': 0.0, 'pv13_u': 0.0, 'pv36_u': None, 'mppt_7_cap': 19...
2026-05-05 16:24:24,633 - root - INFO - API Response type: <class 'dict'>
2026-05-05 16:24:24,633 - root - INFO - API Response keys: ['failCode', 'success', 'message', 'data']
2026-05-05 16:24:24,633 - root - INFO - API Response data is a list with 152 items
2026-05-05 16:24:24,633 - root - INFO - API Response has failCode: 0, message: historical data information query successful.
2026-05-05 16:24:24,633 - root - INFO - Using alternate response format: data as list
2026-05-05 16:24:24,634 - root - INFO - Received 152 data points from API
2026-05-05 16:24:24,634 - root - INFO - Sample data point structure: ['devDn', 'collectTime', 'dataItems']
2026-05-05 16:24:24,702 - root - INFO - Successfully upserted 152 data points.
2026-05-05 16:24:28,112 - root - INFO - Using single devDn for device/history (API: one device per query)
2026-05-05 16:24:28,114 - root - INFO - Fetching historical data for 1 devices of type inverter
2026-05-05 16:24:28,114 - root - INFO - Making API request to: https://sg5.fusionsolar.huawei.com/rest/openapi/pvms/nbi/v1/device/history
2026-05-05 16:24:28,114 - root - INFO - Request payload: {'devDn': 'NE=54436518', 'devTypeId': 1, 'startTime': 1777741200000, 'endTime': 1777827600000}
2026-05-05 16:24:30,051 - root - INFO - Response status code: 200
2026-05-05 16:24:30,065 - root - INFO - API response from https://sg5.fusionsolar.huawei.com/rest/openapi/pvms/nbi/v1/device/history (truncated): {'failCode': 0, 'success': True, 'message': 'historical data information query successful.', 'data': [{'devDn': 'NE=54436518', 'collectTime': 1777741200000, 'dataItems': {'pv28_i': None, 'pv4_u': 0.0, 'pv24_i': None, 'mppt_total_cap': 268258.4, 'pv8_u': 0.0, 'a_i': 0.0, 'pv24_u': None, 'mppt_9_cap': 19918.94, 'pv20_u': 0.0, 'a_u': 0.0, 'pv17_u': 0.0, 'pv20_i': 0.0, 'efficiency': 0.0, 'pv17_i': 0.0, 'pv13_i': 0.0, 'pv36_i': None, 'mppt_power': 0.0, 'pv13_u': 0.0, 'pv36_u': None, 'mppt_7_cap': 191...
2026-05-05 16:24:30,067 - root - INFO - API Response type: <class 'dict'>
2026-05-05 16:24:30,067 - root - INFO - API Response keys: ['failCode', 'success', 'message', 'data']
2026-05-05 16:24:30,067 - root - INFO - API Response data is a list with 152 items
2026-05-05 16:24:30,067 - root - INFO - API Response has failCode: 0, message: historical data information query successful.
2026-05-05 16:24:30,067 - root - INFO - Using alternate response format: data as list
2026-05-05 16:24:30,068 - root - INFO - Received 152 data points from API
2026-05-05 16:24:30,068 - root - INFO - Sample data point structure: ['devDn', 'collectTime', 'dataItems']
2026-05-05 16:24:30,136 - root - INFO - Successfully upserted 152 data points.
2026-05-05 16:24:33,677 - root - INFO - Using single devDn for device/history (API: one device per query)
2026-05-05 16:24:33,680 - root - INFO - Fetching historical data for 1 devices of type inverter
2026-05-05 16:24:33,681 - root - INFO - Making API request to: https://sg5.fusionsolar.huawei.com/rest/openapi/pvms/nbi/v1/device/history
2026-05-05 16:24:33,681 - root - INFO - Request payload: {'devDn': 'NE=54436519', 'devTypeId': 1, 'startTime': 1777741200000, 'endTime': 1777827600000}
2026-05-05 16:24:35,748 - root - INFO - Response status code: 200
2026-05-05 16:24:35,762 - root - INFO - API response from https://sg5.fusionsolar.huawei.com/rest/openapi/pvms/nbi/v1/device/history (truncated): {'failCode': 0, 'success': True, 'message': 'historical data information query successful.', 'data': [{'devDn': 'NE=54436519', 'collectTime': 1777741200000, 'dataItems': {'pv28_i': None, 'pv4_u': 0.0, 'pv24_i': None, 'mppt_total_cap': 265731.42, 'pv8_u': 0.0, 'a_i': 0.0, 'pv24_u': None, 'mppt_9_cap': 18928.92, 'pv20_u': 0.0, 'a_u': 0.0, 'pv17_u': 0.0, 'pv20_i': 0.0, 'efficiency': 0.0, 'pv17_i': 0.0, 'pv13_i': 0.0, 'pv36_i': None, 'mppt_power': 0.0, 'pv13_u': 0.0, 'pv36_u': None, 'mppt_7_cap': 18...
2026-05-05 16:24:35,764 - root - INFO - API Response type: <class 'dict'>
2026-05-05 16:24:35,764 - root - INFO - API Response keys: ['failCode', 'success', 'message', 'data']
2026-05-05 16:24:35,764 - root - INFO - API Response data is a list with 152 items
2026-05-05 16:24:35,764 - root - INFO - API Response has failCode: 0, message: historical data information query successful.
2026-05-05 16:24:35,764 - root - INFO - Using alternate response format: data as list
2026-05-05 16:24:35,764 - root - INFO - Received 152 data points from API
2026-05-05 16:24:35,765 - root - INFO - Sample data point structure: ['devDn', 'collectTime', 'dataItems']
2026-05-05 16:24:35,834 - root - INFO - Successfully upserted 152 data points.
2026-05-05 16:24:39,332 - root - INFO - Using single devDn for device/history (API: one device per query)
2026-05-05 16:24:39,334 - root - INFO - Fetching historical data for 1 devices of type inverter
2026-05-05 16:24:39,335 - root - INFO - Making API request to: https://sg5.fusionsolar.huawei.com/rest/openapi/pvms/nbi/v1/device/history
2026-05-05 16:24:39,335 - root - INFO - Request payload: {'devDn': 'NE=54436520', 'devTypeId': 1, 'startTime': 1777741200000, 'endTime': 1777827600000}
2026-05-05 16:24:41,207 - root - INFO - Response status code: 200
2026-05-05 16:24:41,220 - root - INFO - API response from https://sg5.fusionsolar.huawei.com/rest/openapi/pvms/nbi/v1/device/history (truncated): {'failCode': 0, 'success': True, 'message': 'historical data information query successful.', 'data': [{'devDn': 'NE=54436520', 'collectTime': 1777741200000, 'dataItems': {'pv28_i': None, 'pv4_u': 0.0, 'pv24_i': None, 'mppt_total_cap': 248242.18, 'pv8_u': 0.0, 'a_i': 0.0, 'pv24_u': None, 'mppt_9_cap': 18793.73, 'pv20_u': 0.0, 'a_u': 0.0, 'pv17_u': 0.0, 'pv20_i': 0.0, 'efficiency': 0.0, 'pv17_i': 0.0, 'pv13_i': 0.0, 'pv36_i': None, 'mppt_power': 0.0, 'pv13_u': 0.0, 'pv36_u': None, 'mppt_7_cap': 18...
2026-05-05 16:24:41,224 - root - INFO - API Response type: <class 'dict'>
2026-05-05 16:24:41,224 - root - INFO - API Response keys: ['failCode', 'success', 'message', 'data']
2026-05-05 16:24:41,224 - root - INFO - API Response data is a list with 152 items
2026-05-05 16:24:41,224 - root - INFO - API Response has failCode: 0, message: historical data information query successful.
2026-05-05 16:24:41,224 - root - INFO - Using alternate response format: data as list
2026-05-05 16:24:41,224 - root - INFO - Received 152 data points from API
2026-05-05 16:24:41,225 - root - INFO - Sample data point structure: ['devDn', 'collectTime', 'dataItems']
2026-05-05 16:24:41,299 - root - INFO - Successfully upserted 152 data points.
2026-05-05 16:24:44,744 - root - INFO - Using single devDn for device/history (API: one device per query)
2026-05-05 16:24:44,746 - root - INFO - Fetching historical data for 1 devices of type inverter
2026-05-05 16:24:44,747 - root - INFO - Making API request to: https://sg5.fusionsolar.huawei.com/rest/openapi/pvms/nbi/v1/device/history
2026-05-05 16:24:44,747 - root - INFO - Request payload: {'devDn': 'NE=54993788', 'devTypeId': 1, 'startTime': 1777741200000, 'endTime': 1777827600000}
2026-05-05 16:24:46,746 - root - INFO - Response status code: 200
2026-05-05 16:24:46,759 - root - INFO - API response from https://sg5.fusionsolar.huawei.com/rest/openapi/pvms/nbi/v1/device/history (truncated): {'failCode': 0, 'success': True, 'message': 'historical data information query successful.', 'data': [{'devDn': 'NE=54993788', 'collectTime': 1777741200000, 'dataItems': {'pv28_i': None, 'pv4_u': 0.0, 'pv24_i': None, 'mppt_total_cap': 246385.8, 'pv8_u': 0.0, 'a_i': 0.0, 'pv24_u': None, 'mppt_9_cap': 17990.97, 'pv20_u': 0.0, 'a_u': 0.0, 'pv17_u': 0.0, 'pv20_i': 0.0, 'efficiency': 0.0, 'pv17_i': 0.0, 'pv13_i': 0.0, 'pv36_i': None, 'mppt_power': 0.0, 'pv13_u': 0.0, 'pv36_u': None, 'mppt_7_cap': 169...
2026-05-05 16:24:46,761 - root - INFO - API Response type: <class 'dict'>
2026-05-05 16:24:46,761 - root - INFO - API Response keys: ['failCode', 'success', 'message', 'data']
2026-05-05 16:24:46,761 - root - INFO - API Response data is a list with 152 items
2026-05-05 16:24:46,762 - root - INFO - API Response has failCode: 0, message: historical data information query successful.
2026-05-05 16:24:46,762 - root - INFO - Using alternate response format: data as list
2026-05-05 16:24:46,762 - root - INFO - Received 152 data points from API
2026-05-05 16:24:46,762 - root - INFO - Sample data point structure: ['devDn', 'collectTime', 'dataItems']
2026-05-05 16:24:46,841 - root - INFO - Successfully upserted 152 data points.
2026-05-05 16:24:50,454 - root - INFO - Using single devDn for device/history (API: one device per query)
2026-05-05 16:24:50,457 - root - INFO - Fetching historical data for 1 devices of type inverter
2026-05-05 16:24:50,457 - root - INFO - Making API request to: https://sg5.fusionsolar.huawei.com/rest/openapi/pvms/nbi/v1/device/history
2026-05-05 16:24:50,457 - root - INFO - Request payload: {'devDn': 'NE=53771651', 'devTypeId': 1, 'startTime': 1777741200000, 'endTime': 1777827600000}
2026-05-05 16:24:52,421 - root - INFO - Response status code: 200
2026-05-05 16:24:52,434 - root - INFO - API response from https://sg5.fusionsolar.huawei.com/rest/openapi/pvms/nbi/v1/device/history (truncated): {'failCode': 0, 'success': True, 'message': 'historical data information query successful.', 'data': [{'devDn': 'NE=53771651', 'collectTime': 1777758600000, 'dataItems': {'pv28_i': None, 'pv4_u': 0.0, 'pv24_i': None, 'mppt_total_cap': 222761.1, 'pv8_u': 0.0, 'a_i': 0.0, 'pv24_u': None, 'mppt_9_cap': 21077.52, 'pv20_u': 0.0, 'a_u': 0.0, 'pv17_u': 0.0, 'pv20_i': 0.0, 'efficiency': 0.0, 'pv17_i': 0.0, 'pv13_i': 0.0, 'pv36_i': None, 'mppt_power': 0.0, 'pv13_u': 0.0, 'pv36_u': None, 'mppt_7_cap': 202...
2026-05-05 16:24:52,436 - root - INFO - API Response type: <class 'dict'>
2026-05-05 16:24:52,437 - root - INFO - API Response keys: ['failCode', 'success', 'message', 'data']
2026-05-05 16:24:52,437 - root - INFO - API Response data is a list with 151 items
2026-05-05 16:24:52,437 - root - INFO - API Response has failCode: 0, message: historical data information query successful.
2026-05-05 16:24:52,437 - root - INFO - Using alternate response format: data as list
2026-05-05 16:24:52,437 - root - INFO - Received 151 data points from API
2026-05-05 16:24:52,437 - root - INFO - Sample data point structure: ['devDn', 'collectTime', 'dataItems']
2026-05-05 16:24:52,514 - root - INFO - Successfully upserted 151 data points.
2026-05-05 16:24:56,521 - root - INFO - Using single devDn for device/history (API: one device per query)
2026-05-05 16:24:56,524 - root - INFO - Fetching historical data for 1 devices of type inverter
2026-05-05 16:24:56,524 - root - INFO - Making API request to: https://sg5.fusionsolar.huawei.com/rest/openapi/pvms/nbi/v1/device/history
2026-05-05 16:24:56,524 - root - INFO - Request payload: {'devDn': 'NE=53771650', 'devTypeId': 1, 'startTime': 1777741200000, 'endTime': 1777827600000}
2026-05-05 16:24:58,375 - root - INFO - Response status code: 200
2026-05-05 16:24:58,389 - root - INFO - API response from https://sg5.fusionsolar.huawei.com/rest/openapi/pvms/nbi/v1/device/history (truncated): {'failCode': 0, 'success': True, 'message': 'historical data information query successful.', 'data': [{'devDn': 'NE=53771650', 'collectTime': 1777758600000, 'dataItems': {'pv28_i': None, 'pv4_u': 0.0, 'pv24_i': None, 'mppt_total_cap': 237801.41, 'pv8_u': 0.0, 'a_i': 0.0, 'pv24_u': None, 'mppt_9_cap': 15226.19, 'pv20_u': 0.0, 'a_u': 0.0, 'pv17_u': 0.0, 'pv20_i': 0.0, 'efficiency': 0.0, 'pv17_i': 0.0, 'pv13_i': 0.0, 'pv36_i': None, 'mppt_power': 0.0, 'pv13_u': 0.0, 'pv36_u': None, 'mppt_7_cap': 18...
2026-05-05 16:24:58,391 - root - INFO - API Response type: <class 'dict'>
2026-05-05 16:24:58,391 - root - INFO - API Response keys: ['failCode', 'success', 'message', 'data']
2026-05-05 16:24:58,392 - root - INFO - API Response data is a list with 151 items
2026-05-05 16:24:58,392 - root - INFO - API Response has failCode: 0, message: historical data information query successful.
2026-05-05 16:24:58,392 - root - INFO - Using alternate response format: data as list
2026-05-05 16:24:58,392 - root - INFO - Received 151 data points from API
2026-05-05 16:24:58,393 - root - INFO - Sample data point structure: ['devDn', 'collectTime', 'dataItems']
2026-05-05 16:24:58,482 - root - INFO - Successfully upserted 151 data points.
2026-05-05 16:25:02,180 - root - INFO - Using single devDn for device/history (API: one device per query)
2026-05-05 16:25:02,185 - root - INFO - Fetching historical data for 1 devices of type inverter
2026-05-05 16:25:02,196 - root - INFO - Making API request to: https://sg5.fusionsolar.huawei.com/rest/openapi/pvms/nbi/v1/device/history
2026-05-05 16:25:02,198 - root - INFO - Request payload: {'devDn': 'NE=53771649', 'devTypeId': 1, 'startTime': 1777741200000, 'endTime': 1777827600000}
2026-05-05 16:25:05,123 - root - INFO - Response status code: 200
2026-05-05 16:25:05,139 - root - INFO - API response from https://sg5.fusionsolar.huawei.com/rest/openapi/pvms/nbi/v1/device/history (truncated): {'failCode': 0, 'success': True, 'message': 'historical data information query successful.', 'data': [{'devDn': 'NE=53771649', 'collectTime': 1777758600000, 'dataItems': {'pv28_i': None, 'pv4_u': 0.0, 'pv24_i': None, 'mppt_total_cap': 231272.36, 'pv8_u': 0.0, 'a_i': 0.0, 'pv24_u': None, 'mppt_9_cap': 21708.12, 'pv20_u': 0.0, 'a_u': 0.0, 'pv17_u': 0.0, 'pv20_i': 0.0, 'efficiency': 0.0, 'pv17_i': 0.0, 'pv13_i': 0.0, 'pv36_i': None, 'mppt_power': 0.0, 'pv13_u': 0.0, 'pv36_u': None, 'mppt_7_cap': 22...
2026-05-05 16:25:05,141 - root - INFO - API Response type: <class 'dict'>
2026-05-05 16:25:05,142 - root - INFO - API Response keys: ['failCode', 'success', 'message', 'data']
2026-05-05 16:25:05,142 - root - INFO - API Response data is a list with 151 items
2026-05-05 16:25:05,142 - root - INFO - API Response has failCode: 0, message: historical data information query successful.
2026-05-05 16:25:05,142 - root - INFO - Using alternate response format: data as list
2026-05-05 16:25:05,142 - root - INFO - Received 151 data points from API
2026-05-05 16:25:05,143 - root - INFO - Sample data point structure: ['devDn', 'collectTime', 'dataItems']
2026-05-05 16:25:05,233 - root - INFO - Successfully upserted 151 data points.
2026-05-05 16:25:08,703 - root - INFO - Using single devDn for device/history (API: one device per query)
2026-05-05 16:25:08,706 - root - INFO - Fetching historical data for 1 devices of type inverter
2026-05-05 16:25:08,706 - root - INFO - Making API request to: https://sg5.fusionsolar.huawei.com/rest/openapi/pvms/nbi/v1/device/history
2026-05-05 16:25:08,706 - root - INFO - Request payload: {'devDn': 'NE=53771644', 'devTypeId': 1, 'startTime': 1777741200000, 'endTime': 1777827600000}
2026-05-05 16:25:10,945 - root - INFO - Response status code: 200
2026-05-05 16:25:11,115 - root - INFO - API response from https://sg5.fusionsolar.huawei.com/rest/openapi/pvms/nbi/v1/device/history (truncated): {'failCode': 0, 'success': True, 'message': 'historical data information query successful.', 'data': [{'devDn': 'NE=53771644', 'collectTime': 1777758600000, 'dataItems': {'pv28_i': None, 'pv4_u': 0.0, 'pv24_i': None, 'mppt_total_cap': 228809.64, 'pv8_u': 0.0, 'a_i': 0.0, 'pv24_u': None, 'mppt_9_cap': 19499.86, 'pv20_u': 0.0, 'a_u': 0.0, 'pv17_u': 0.0, 'pv20_i': 0.0, 'efficiency': 0.0, 'pv17_i': 0.0, 'pv13_i': 0.0, 'pv36_i': None, 'mppt_power': 0.0, 'pv13_u': 0.0, 'pv36_u': None, 'mppt_7_cap': 20...
2026-05-05 16:25:11,119 - root - INFO - API Response type: <class 'dict'>
2026-05-05 16:25:11,120 - root - INFO - API Response keys: ['failCode', 'success', 'message', 'data']
2026-05-05 16:25:11,120 - root - INFO - API Response data is a list with 151 items
2026-05-05 16:25:11,120 - root - INFO - API Response has failCode: 0, message: historical data information query successful.
2026-05-05 16:25:11,120 - root - INFO - Using alternate response format: data as list
2026-05-05 16:25:11,121 - root - INFO - Received 151 data points from API
2026-05-05 16:25:11,121 - root - INFO - Sample data point structure: ['devDn', 'collectTime', 'dataItems']
2026-05-05 16:25:11,243 - root - INFO - Successfully upserted 151 data points.
2026-05-05 16:25:17,506 - root - INFO - Using single devDn for device/history (API: one device per query)
2026-05-05 16:25:17,509 - root - INFO - Fetching historical data for 1 devices of type inverter
2026-05-05 16:25:17,509 - root - INFO - Making API request to: https://sg5.fusionsolar.huawei.com/rest/openapi/pvms/nbi/v1/device/history
2026-05-05 16:25:17,510 - root - INFO - Request payload: {'devDn': 'NE=53771643', 'devTypeId': 1, 'startTime': 1777741200000, 'endTime': 1777827600000}
2026-05-05 16:25:19,244 - root - INFO - Response status code: 200
2026-05-05 16:25:19,261 - root - INFO - API response from https://sg5.fusionsolar.huawei.com/rest/openapi/pvms/nbi/v1/device/history (truncated): {'failCode': 0, 'success': True, 'message': 'historical data information query successful.', 'data': [{'devDn': 'NE=53771643', 'collectTime': 1777758600000, 'dataItems': {'pv28_i': None, 'pv4_u': 0.0, 'pv24_i': None, 'mppt_total_cap': 241877.77, 'pv8_u': 0.0, 'a_i': 0.0, 'pv24_u': None, 'mppt_9_cap': 18537.03, 'pv20_u': 0.0, 'a_u': 0.0, 'pv17_u': 0.0, 'pv20_i': 0.0, 'efficiency': 0.0, 'pv17_i': 0.0, 'pv13_i': 0.0, 'pv36_i': None, 'mppt_power': 0.0, 'pv13_u': 0.0, 'pv36_u': None, 'mppt_7_cap': 18...
2026-05-05 16:25:19,263 - root - INFO - API Response type: <class 'dict'>
2026-05-05 16:25:19,268 - root - INFO - API Response keys: ['failCode', 'success', 'message', 'data']
2026-05-05 16:25:19,268 - root - INFO - API Response data is a list with 151 items
2026-05-05 16:25:19,268 - root - INFO - API Response has failCode: 0, message: historical data information query successful.
2026-05-05 16:25:19,269 - root - INFO - Using alternate response format: data as list
2026-05-05 16:25:19,269 - root - INFO - Received 151 data points from API
2026-05-05 16:25:19,269 - root - INFO - Sample data point structure: ['devDn', 'collectTime', 'dataItems']
2026-05-05 16:25:19,381 - root - INFO - Successfully upserted 151 data points.
2026-05-05 16:25:22,992 - root - INFO - Using single devDn for device/history (API: one device per query)
2026-05-05 16:25:22,995 - root - INFO - Fetching historical data for 1 devices of type inverter
2026-05-05 16:25:22,995 - root - INFO - Making API request to: https://sg5.fusionsolar.huawei.com/rest/openapi/pvms/nbi/v1/device/history
2026-05-05 16:25:22,995 - root - INFO - Request payload: {'devDn': 'NE=53771642', 'devTypeId': 1, 'startTime': 1777741200000, 'endTime': 1777827600000}
2026-05-05 16:25:24,622 - root - INFO - Response status code: 200
2026-05-05 16:25:24,658 - root - INFO - API response from https://sg5.fusionsolar.huawei.com/rest/openapi/pvms/nbi/v1/device/history (truncated): {'failCode': 0, 'success': True, 'message': 'historical data information query successful.', 'data': [{'devDn': 'NE=53771642', 'collectTime': 1777758600000, 'dataItems': {'pv28_i': None, 'pv4_u': 0.0, 'pv24_i': None, 'mppt_total_cap': 243210.35, 'pv8_u': 0.0, 'a_i': 0.0, 'pv24_u': None, 'mppt_9_cap': 22252.74, 'pv20_u': 0.0, 'a_u': 0.0, 'pv17_u': 0.0, 'pv20_i': 0.0, 'efficiency': 0.0, 'pv17_i': 0.0, 'pv13_i': 0.0, 'pv36_i': None, 'mppt_power': 0.0, 'pv13_u': 0.0, 'pv36_u': None, 'mppt_7_cap': 22...
2026-05-05 16:25:24,661 - root - INFO - API Response type: <class 'dict'>
2026-05-05 16:25:24,661 - root - INFO - API Response keys: ['failCode', 'success', 'message', 'data']
2026-05-05 16:25:24,662 - root - INFO - API Response data is a list with 151 items
2026-05-05 16:25:24,662 - root - INFO - API Response has failCode: 0, message: historical data information query successful.
2026-05-05 16:25:24,662 - root - INFO - Using alternate response format: data as list
2026-05-05 16:25:24,662 - root - INFO - Received 151 data points from API
2026-05-05 16:25:24,662 - root - INFO - Sample data point structure: ['devDn', 'collectTime', 'dataItems']
2026-05-05 16:25:24,802 - root - INFO - Successfully upserted 151 data points.
2026-05-05 16:25:28,074 - root - INFO - Using single devDn for device/history (API: one device per query)
2026-05-05 16:25:28,077 - root - INFO - Fetching historical data for 1 devices of type inverter
2026-05-05 16:25:28,077 - root - INFO - Making API request to: https://sg5.fusionsolar.huawei.com/rest/openapi/pvms/nbi/v1/device/history
2026-05-05 16:25:28,077 - root - INFO - Request payload: {'devDn': 'NE=53771648', 'devTypeId': 1, 'startTime': 1777741200000, 'endTime': 1777827600000}
2026-05-05 16:25:29,786 - root - INFO - Response status code: 200
2026-05-05 16:25:29,806 - root - INFO - API response from https://sg5.fusionsolar.huawei.com/rest/openapi/pvms/nbi/v1/device/history (truncated): {'failCode': 0, 'success': True, 'message': 'historical data information query successful.', 'data': [{'devDn': 'NE=53771648', 'collectTime': 1777758600000, 'dataItems': {'pv28_i': None, 'pv4_u': 0.0, 'pv24_i': None, 'mppt_total_cap': 243072.85, 'pv8_u': 0.0, 'a_i': 0.0, 'pv24_u': None, 'mppt_9_cap': 20683.43, 'pv20_u': 0.0, 'a_u': 0.0, 'pv17_u': 0.0, 'pv20_i': 0.0, 'efficiency': 0.0, 'pv17_i': 0.0, 'pv13_i': 0.0, 'pv36_i': None, 'mppt_power': 0.0, 'pv13_u': 0.0, 'pv36_u': None, 'mppt_7_cap': 20...
2026-05-05 16:25:29,813 - root - INFO - API Response type: <class 'dict'>
2026-05-05 16:25:29,813 - root - INFO - API Response keys: ['failCode', 'success', 'message', 'data']
2026-05-05 16:25:29,813 - root - INFO - API Response data is a list with 151 items
2026-05-05 16:25:29,814 - root - INFO - API Response has failCode: 0, message: historical data information query successful.
2026-05-05 16:25:29,815 - root - INFO - Using alternate response format: data as list
2026-05-05 16:25:29,815 - root - INFO - Received 151 data points from API
2026-05-05 16:25:29,815 - root - INFO - Sample data point structure: ['devDn', 'collectTime', 'dataItems']
2026-05-05 16:25:29,934 - root - INFO - Successfully upserted 151 data points.
2026-05-05 16:25:33,464 - root - INFO - Using single devDn for device/history (API: one device per query)
2026-05-05 16:25:33,491 - root - INFO - Fetching historical data for 1 devices of type inverter
2026-05-05 16:25:33,491 - root - INFO - Making API request to: https://sg5.fusionsolar.huawei.com/rest/openapi/pvms/nbi/v1/device/history
2026-05-05 16:25:33,491 - root - INFO - Request payload: {'devDn': 'NE=53771647', 'devTypeId': 1, 'startTime': 1777741200000, 'endTime': 1777827600000}
2026-05-05 16:25:35,183 - root - INFO - Response status code: 200
2026-05-05 16:25:35,210 - root - INFO - API response from https://sg5.fusionsolar.huawei.com/rest/openapi/pvms/nbi/v1/device/history (truncated): {'failCode': 0, 'success': True, 'message': 'historical data information query successful.', 'data': [{'devDn': 'NE=53771647', 'collectTime': 1777758600000, 'dataItems': {'pv28_i': None, 'pv4_u': 0.0, 'pv24_i': None, 'mppt_total_cap': 251681.37, 'pv8_u': 0.0, 'a_i': 0.0, 'pv24_u': None, 'mppt_9_cap': 22680.62, 'pv20_u': 0.0, 'a_u': 0.0, 'pv17_u': 0.0, 'pv20_i': 0.0, 'efficiency': 0.0, 'pv17_i': 0.0, 'pv13_i': 0.0, 'pv36_i': None, 'mppt_power': 0.0, 'pv13_u': 0.0, 'pv36_u': None, 'mppt_7_cap': 22...
2026-05-05 16:25:35,227 - root - INFO - API Response type: <class 'dict'>
2026-05-05 16:25:35,227 - root - INFO - API Response keys: ['failCode', 'success', 'message', 'data']
2026-05-05 16:25:35,227 - root - INFO - API Response data is a list with 151 items
2026-05-05 16:25:35,228 - root - INFO - API Response has failCode: 0, message: historical data information query successful.
2026-05-05 16:25:35,228 - root - INFO - Using alternate response format: data as list
2026-05-05 16:25:35,228 - root - INFO - Received 151 data points from API
2026-05-05 16:25:35,228 - root - INFO - Sample data point structure: ['devDn', 'collectTime', 'dataItems']
2026-05-05 16:25:35,325 - root - INFO - Successfully upserted 151 data points.
2026-05-05 16:25:38,754 - root - INFO - Using single devDn for device/history (API: one device per query)
2026-05-05 16:25:38,757 - root - INFO - Fetching historical data for 1 devices of type inverter
2026-05-05 16:25:38,757 - root - INFO - Making API request to: https://sg5.fusionsolar.huawei.com/rest/openapi/pvms/nbi/v1/device/history
2026-05-05 16:25:38,757 - root - INFO - Request payload: {'devDn': 'NE=53771646', 'devTypeId': 1, 'startTime': 1777741200000, 'endTime': 1777827600000}
2026-05-05 16:25:40,835 - root - INFO - Response status code: 200
2026-05-05 16:25:40,851 - root - INFO - API response from https://sg5.fusionsolar.huawei.com/rest/openapi/pvms/nbi/v1/device/history (truncated): {'failCode': 0, 'success': True, 'message': 'historical data information query successful.', 'data': [{'devDn': 'NE=53771646', 'collectTime': 1777758600000, 'dataItems': {'pv28_i': None, 'pv4_u': 0.0, 'pv24_i': None, 'mppt_total_cap': 225690.92, 'pv8_u': 0.0, 'a_i': 0.0, 'pv24_u': None, 'mppt_9_cap': 19218.45, 'pv20_u': 0.0, 'a_u': 0.0, 'pv17_u': 0.0, 'pv20_i': 0.0, 'efficiency': 0.0, 'pv17_i': 0.0, 'pv13_i': 0.0, 'pv36_i': None, 'mppt_power': 0.0, 'pv13_u': 0.0, 'pv36_u': None, 'mppt_7_cap': 20...
2026-05-05 16:25:40,853 - root - INFO - API Response type: <class 'dict'>
2026-05-05 16:25:40,853 - root - INFO - API Response keys: ['failCode', 'success', 'message', 'data']
2026-05-05 16:25:40,853 - root - INFO - API Response data is a list with 151 items
2026-05-05 16:25:40,853 - root - INFO - API Response has failCode: 0, message: historical data information query successful.
2026-05-05 16:25:40,854 - root - INFO - Using alternate response format: data as list
2026-05-05 16:25:40,854 - root - INFO - Received 151 data points from API
2026-05-05 16:25:40,854 - root - INFO - Sample data point structure: ['devDn', 'collectTime', 'dataItems']
2026-05-05 16:25:40,945 - root - INFO - Successfully upserted 151 data points.
2026-05-05 16:25:44,479 - root - INFO - Using single devDn for device/history (API: one device per query)
2026-05-05 16:25:44,482 - root - INFO - Fetching historical data for 1 devices of type inverter
2026-05-05 16:25:44,482 - root - INFO - Making API request to: https://sg5.fusionsolar.huawei.com/rest/openapi/pvms/nbi/v1/device/history
2026-05-05 16:25:44,482 - root - INFO - Request payload: {'devDn': 'NE=53771645', 'devTypeId': 1, 'startTime': 1777741200000, 'endTime': 1777827600000}
2026-05-05 16:25:46,788 - root - INFO - Response status code: 200
2026-05-05 16:25:46,842 - root - INFO - API response from https://sg5.fusionsolar.huawei.com/rest/openapi/pvms/nbi/v1/device/history (truncated): {'failCode': 0, 'success': True, 'message': 'historical data information query successful.', 'data': [{'devDn': 'NE=53771645', 'collectTime': 1777758600000, 'dataItems': {'pv28_i': None, 'pv4_u': 0.0, 'pv24_i': None, 'mppt_total_cap': 232766.73, 'pv8_u': 0.0, 'a_i': 0.0, 'pv24_u': None, 'mppt_9_cap': 17374.38, 'pv20_u': 0.0, 'a_u': 0.0, 'pv17_u': 0.0, 'pv20_i': 0.0, 'efficiency': 0.0, 'pv17_i': 0.0, 'pv13_i': 0.0, 'pv36_i': None, 'mppt_power': 0.0, 'pv13_u': 0.0, 'pv36_u': None, 'mppt_7_cap': 17...
2026-05-05 16:25:46,859 - root - INFO - API Response type: <class 'dict'>
2026-05-05 16:25:46,859 - root - INFO - API Response keys: ['failCode', 'success', 'message', 'data']
2026-05-05 16:25:46,859 - root - INFO - API Response data is a list with 151 items
2026-05-05 16:25:46,859 - root - INFO - API Response has failCode: 0, message: historical data information query successful.
2026-05-05 16:25:46,860 - root - INFO - Using alternate response format: data as list
2026-05-05 16:25:46,861 - root - INFO - Received 151 data points from API
2026-05-05 16:25:46,861 - root - INFO - Sample data point structure: ['devDn', 'collectTime', 'dataItems']
2026-05-05 16:25:47,018 - root - INFO - Successfully upserted 151 data points.
2026-05-05 16:25:50,284 - root - INFO - Using single devDn for device/history (API: one device per query)
2026-05-05 16:25:50,287 - root - INFO - Fetching historical data for 1 devices of type inverter
2026-05-05 16:25:50,287 - root - INFO - Making API request to: https://sg5.fusionsolar.huawei.com/rest/openapi/pvms/nbi/v1/device/history
2026-05-05 16:25:50,287 - root - INFO - Request payload: {'devDn': 'NE=62806378', 'devTypeId': 1, 'startTime': 1777741200000, 'endTime': 1777827600000}
2026-05-05 16:25:52,169 - root - INFO - Response status code: 200
2026-05-05 16:25:52,182 - root - INFO - API response from https://sg5.fusionsolar.huawei.com/rest/openapi/pvms/nbi/v1/device/history (truncated): {'failCode': 0, 'success': True, 'message': 'historical data information query successful.', 'data': [{'devDn': 'NE=62806378', 'collectTime': 1777741200000, 'dataItems': {'pv28_i': None, 'pv4_u': 0.0, 'pv24_i': None, 'mppt_total_cap': 177915.73, 'pv8_u': 0.0, 'a_i': 0.0, 'pv24_u': None, 'mppt_9_cap': None, 'pv20_u': 0.0, 'a_u': 0.0, 'pv17_u': 0.0, 'pv20_i': 0.0, 'efficiency': 0.0, 'pv17_i': 0.0, 'pv13_i': 0.0, 'pv36_i': None, 'mppt_power': 0.0, 'pv13_u': 0.0, 'pv36_u': None, 'mppt_7_cap': 31427....
2026-05-05 16:25:52,184 - root - INFO - API Response type: <class 'dict'>
2026-05-05 16:25:52,184 - root - INFO - API Response keys: ['failCode', 'success', 'message', 'data']
2026-05-05 16:25:52,184 - root - INFO - API Response data is a list with 151 items
2026-05-05 16:25:52,185 - root - INFO - API Response has failCode: 0, message: historical data information query successful.
2026-05-05 16:25:52,185 - root - INFO - Using alternate response format: data as list
2026-05-05 16:25:52,185 - root - INFO - Received 151 data points from API
2026-05-05 16:25:52,185 - root - INFO - Sample data point structure: ['devDn', 'collectTime', 'dataItems']
2026-05-05 16:25:52,253 - root - INFO - Successfully upserted 151 data points.
2026-05-05 16:25:56,726 - root - INFO - Using single devDn for device/history (API: one device per query)
2026-05-05 16:25:56,728 - root - INFO - Fetching historical data for 1 devices of type inverter
2026-05-05 16:25:56,728 - root - INFO - Making API request to: https://sg5.fusionsolar.huawei.com/rest/openapi/pvms/nbi/v1/device/history
2026-05-05 16:25:56,729 - root - INFO - Request payload: {'devDn': 'NE=62806376', 'devTypeId': 1, 'startTime': 1777741200000, 'endTime': 1777827600000}
2026-05-05 16:25:58,360 - root - INFO - Response status code: 200
2026-05-05 16:25:58,374 - root - INFO - API response from https://sg5.fusionsolar.huawei.com/rest/openapi/pvms/nbi/v1/device/history (truncated): {'failCode': 0, 'success': True, 'message': 'historical data information query successful.', 'data': [{'devDn': 'NE=62806376', 'collectTime': 1777741200000, 'dataItems': {'pv28_i': None, 'pv4_u': 0.0, 'pv24_i': None, 'mppt_total_cap': 165263.73, 'pv8_u': 0.0, 'a_i': 0.0, 'pv24_u': None, 'mppt_9_cap': None, 'pv20_u': 0.0, 'a_u': 0.0, 'pv17_u': 0.0, 'pv20_i': 0.0, 'efficiency': 0.0, 'pv17_i': 0.0, 'pv13_i': 0.0, 'pv36_i': None, 'mppt_power': 0.0, 'pv13_u': 0.0, 'pv36_u': None, 'mppt_7_cap': 30733....
2026-05-05 16:25:58,376 - root - INFO - API Response type: <class 'dict'>
2026-05-05 16:25:58,376 - root - INFO - API Response keys: ['failCode', 'success', 'message', 'data']
2026-05-05 16:25:58,376 - root - INFO - API Response data is a list with 151 items
2026-05-05 16:25:58,376 - root - INFO - API Response has failCode: 0, message: historical data information query successful.
2026-05-05 16:25:58,377 - root - INFO - Using alternate response format: data as list
2026-05-05 16:25:58,377 - root - INFO - Received 151 data points from API
2026-05-05 16:25:58,377 - root - INFO - Sample data point structure: ['devDn', 'collectTime', 'dataItems']
2026-05-05 16:25:58,508 - root - INFO - Successfully upserted 151 data points.
2026-05-05 16:26:01,937 - root - INFO - Using single devDn for device/history (API: one device per query)
2026-05-05 16:26:01,940 - root - INFO - Fetching historical data for 1 devices of type inverter
2026-05-05 16:26:01,940 - root - INFO - Making API request to: https://sg5.fusionsolar.huawei.com/rest/openapi/pvms/nbi/v1/device/history
2026-05-05 16:26:01,940 - root - INFO - Request payload: {'devDn': 'NE=62806367', 'devTypeId': 1, 'startTime': 1777741200000, 'endTime': 1777827600000}
2026-05-05 16:26:03,854 - root - INFO - Response status code: 200
2026-05-05 16:26:03,868 - root - INFO - API response from https://sg5.fusionsolar.huawei.com/rest/openapi/pvms/nbi/v1/device/history (truncated): {'failCode': 0, 'success': True, 'message': 'historical data information query successful.', 'data': [{'devDn': 'NE=62806367', 'collectTime': 1777741200000, 'dataItems': {'pv28_i': None, 'pv4_u': 0.0, 'pv24_i': None, 'mppt_total_cap': 149885.32, 'pv8_u': 0.0, 'a_i': 0.0, 'pv24_u': None, 'mppt_9_cap': None, 'pv20_u': 0.0, 'a_u': 0.0, 'pv17_u': 0.0, 'pv20_i': 0.0, 'efficiency': 0.0, 'pv17_i': 0.0, 'pv13_i': 0.0, 'pv36_i': None, 'mppt_power': 0.0, 'pv13_u': 0.0, 'pv36_u': None, 'mppt_7_cap': 18793....
2026-05-05 16:26:03,870 - root - INFO - API Response type: <class 'dict'>
2026-05-05 16:26:03,870 - root - INFO - API Response keys: ['failCode', 'success', 'message', 'data']
2026-05-05 16:26:03,870 - root - INFO - API Response data is a list with 151 items
2026-05-05 16:26:03,870 - root - INFO - API Response has failCode: 0, message: historical data information query successful.
2026-05-05 16:26:03,871 - root - INFO - Using alternate response format: data as list
2026-05-05 16:26:03,871 - root - INFO - Received 151 data points from API
2026-05-05 16:26:03,871 - root - INFO - Sample data point structure: ['devDn', 'collectTime', 'dataItems']
2026-05-05 16:26:03,952 - root - INFO - Successfully upserted 151 data points.
2026-05-05 16:26:07,812 - root - INFO - Using single devDn for device/history (API: one device per query)
2026-05-05 16:26:07,815 - root - INFO - Fetching historical data for 1 devices of type inverter
2026-05-05 16:26:07,815 - root - INFO - Making API request to: https://sg5.fusionsolar.huawei.com/rest/openapi/pvms/nbi/v1/device/history
2026-05-05 16:26:07,815 - root - INFO - Request payload: {'devDn': 'NE=62806379', 'devTypeId': 1, 'startTime': 1777741200000, 'endTime': 1777827600000}
2026-05-05 16:26:09,720 - root - INFO - Response status code: 200
2026-05-05 16:26:09,754 - root - INFO - API response from https://sg5.fusionsolar.huawei.com/rest/openapi/pvms/nbi/v1/device/history (truncated): {'failCode': 0, 'success': True, 'message': 'historical data information query successful.', 'data': [{'devDn': 'NE=62806379', 'collectTime': 1777741200000, 'dataItems': {'pv28_i': None, 'pv4_u': 0.0, 'pv24_i': None, 'mppt_total_cap': 156961.24, 'pv8_u': 0.0, 'a_i': 0.0, 'pv24_u': None, 'mppt_9_cap': None, 'pv20_u': 0.0, 'a_u': 0.0, 'pv17_u': 0.0, 'pv20_i': 0.0, 'efficiency': 0.0, 'pv17_i': 0.0, 'pv13_i': 0.0, 'pv36_i': None, 'mppt_power': 0.0, 'pv13_u': 0.0, 'pv36_u': None, 'mppt_7_cap': 17122....
2026-05-05 16:26:09,757 - root - INFO - API Response type: <class 'dict'>
2026-05-05 16:26:09,757 - root - INFO - API Response keys: ['failCode', 'success', 'message', 'data']
2026-05-05 16:26:09,757 - root - INFO - API Response data is a list with 151 items
2026-05-05 16:26:09,757 - root - INFO - API Response has failCode: 0, message: historical data information query successful.
2026-05-05 16:26:09,758 - root - INFO - Using alternate response format: data as list
2026-05-05 16:26:09,758 - root - INFO - Received 151 data points from API
2026-05-05 16:26:09,758 - root - INFO - Sample data point structure: ['devDn', 'collectTime', 'dataItems']
2026-05-05 16:26:09,931 - root - INFO - Successfully upserted 151 data points.
2026-05-05 16:26:14,252 - root - INFO - Using single devDn for device/history (API: one device per query)
2026-05-05 16:26:14,255 - root - INFO - Fetching historical data for 1 devices of type inverter
2026-05-05 16:26:14,255 - root - INFO - Making API request to: https://sg5.fusionsolar.huawei.com/rest/openapi/pvms/nbi/v1/device/history
2026-05-05 16:26:14,255 - root - INFO - Request payload: {'devDn': 'NE=62807022', 'devTypeId': 1, 'startTime': 1777741200000, 'endTime': 1777827600000}
2026-05-05 16:26:16,322 - root - INFO - Response status code: 200
2026-05-05 16:26:16,336 - root - INFO - API response from https://sg5.fusionsolar.huawei.com/rest/openapi/pvms/nbi/v1/device/history (truncated): {'failCode': 0, 'success': True, 'message': 'historical data information query successful.', 'data': [{'devDn': 'NE=62807022', 'collectTime': 1777741200000, 'dataItems': {'pv28_i': None, 'pv4_u': 0.0, 'pv24_i': None, 'mppt_total_cap': 196542.01, 'pv8_u': 0.0, 'a_i': 0.0, 'pv24_u': None, 'mppt_9_cap': None, 'pv20_u': 0.0, 'a_u': 0.0, 'pv17_u': 0.0, 'pv20_i': 0.0, 'efficiency': 0.0, 'pv17_i': 0.0, 'pv13_i': 0.0, 'pv36_i': None, 'mppt_power': 0.0, 'pv13_u': 0.0, 'pv36_u': None, 'mppt_7_cap': 33598....
2026-05-05 16:26:16,338 - root - INFO - API Response type: <class 'dict'>
2026-05-05 16:26:16,338 - root - INFO - API Response keys: ['failCode', 'success', 'message', 'data']
2026-05-05 16:26:16,338 - root - INFO - API Response data is a list with 152 items
2026-05-05 16:26:16,338 - root - INFO - API Response has failCode: 0, message: historical data information query successful.
2026-05-05 16:26:16,338 - root - INFO - Using alternate response format: data as list
2026-05-05 16:26:16,338 - root - INFO - Received 152 data points from API
2026-05-05 16:26:16,339 - root - INFO - Sample data point structure: ['devDn', 'collectTime', 'dataItems']
2026-05-05 16:26:16,411 - root - INFO - Successfully upserted 152 data points.
2026-05-05 16:26:19,911 - root - INFO - Using single devDn for device/history (API: one device per query)
2026-05-05 16:26:19,913 - root - INFO - Fetching historical data for 1 devices of type inverter
2026-05-05 16:26:19,913 - root - INFO - Making API request to: https://sg5.fusionsolar.huawei.com/rest/openapi/pvms/nbi/v1/device/history
2026-05-05 16:26:19,913 - root - INFO - Request payload: {'devDn': 'NE=62807019', 'devTypeId': 1, 'startTime': 1777741200000, 'endTime': 1777827600000}
2026-05-05 16:26:21,745 - root - INFO - Response status code: 200
2026-05-05 16:26:21,758 - root - INFO - API response from https://sg5.fusionsolar.huawei.com/rest/openapi/pvms/nbi/v1/device/history (truncated): {'failCode': 0, 'success': True, 'message': 'historical data information query successful.', 'data': [{'devDn': 'NE=62807019', 'collectTime': 1777741200000, 'dataItems': {'pv28_i': None, 'pv4_u': 0.0, 'pv24_i': None, 'mppt_total_cap': 173945.74, 'pv8_u': 0.0, 'a_i': 0.0, 'pv24_u': None, 'mppt_9_cap': None, 'pv20_u': 0.0, 'a_u': 0.0, 'pv17_u': 0.0, 'pv20_i': 0.0, 'efficiency': 0.0, 'pv17_i': 0.0, 'pv13_i': 0.0, 'pv36_i': None, 'mppt_power': 0.0, 'pv13_u': 0.0, 'pv36_u': None, 'mppt_7_cap': 21404....
2026-05-05 16:26:21,765 - root - INFO - API Response type: <class 'dict'>
2026-05-05 16:26:21,765 - root - INFO - API Response keys: ['failCode', 'success', 'message', 'data']
2026-05-05 16:26:21,765 - root - INFO - API Response data is a list with 151 items
2026-05-05 16:26:21,765 - root - INFO - API Response has failCode: 0, message: historical data information query successful.
2026-05-05 16:26:21,766 - root - INFO - Using alternate response format: data as list
2026-05-05 16:26:21,766 - root - INFO - Received 151 data points from API
2026-05-05 16:26:21,766 - root - INFO - Sample data point structure: ['devDn', 'collectTime', 'dataItems']
2026-05-05 16:26:21,848 - root - INFO - Successfully upserted 151 data points.
2026-05-05 16:26:25,276 - root - INFO - Using single devDn for device/history (API: one device per query)
2026-05-05 16:26:25,279 - root - INFO - Fetching historical data for 1 devices of type inverter
2026-05-05 16:26:25,279 - root - INFO - Making API request to: https://sg5.fusionsolar.huawei.com/rest/openapi/pvms/nbi/v1/device/history
2026-05-05 16:26:25,279 - root - INFO - Request payload: {'devDn': 'NE=62807020', 'devTypeId': 1, 'startTime': 1777741200000, 'endTime': 1777827600000}
2026-05-05 16:26:26,997 - root - INFO - Response status code: 200
2026-05-05 16:26:27,010 - root - INFO - API response from https://sg5.fusionsolar.huawei.com/rest/openapi/pvms/nbi/v1/device/history (truncated): {'failCode': 0, 'success': True, 'message': 'historical data information query successful.', 'data': [{'devDn': 'NE=62807020', 'collectTime': 1777741200000, 'dataItems': {'pv28_i': None, 'pv4_u': 0.0, 'pv24_i': None, 'mppt_total_cap': 179316.06, 'pv8_u': 0.0, 'a_i': 0.0, 'pv24_u': None, 'mppt_9_cap': None, 'pv20_u': 0.0, 'a_u': 0.0, 'pv17_u': 0.0, 'pv20_i': 0.0, 'efficiency': 0.0, 'pv17_i': 0.0, 'pv13_i': 0.0, 'pv36_i': None, 'mppt_power': 0.0, 'pv13_u': 0.0, 'pv36_u': None, 'mppt_7_cap': 22721....
2026-05-05 16:26:27,012 - root - INFO - API Response type: <class 'dict'>
2026-05-05 16:26:27,012 - root - INFO - API Response keys: ['failCode', 'success', 'message', 'data']
2026-05-05 16:26:27,012 - root - INFO - API Response data is a list with 151 items
2026-05-05 16:26:27,012 - root - INFO - API Response has failCode: 0, message: historical data information query successful.
2026-05-05 16:26:27,013 - root - INFO - Using alternate response format: data as list
2026-05-05 16:26:27,013 - root - INFO - Received 151 data points from API
2026-05-05 16:26:27,013 - root - INFO - Sample data point structure: ['devDn', 'collectTime', 'dataItems']
2026-05-05 16:26:27,082 - root - INFO - Successfully upserted 151 data points.
2026-05-05 16:26:30,365 - root - INFO - Using single devDn for device/history (API: one device per query)
2026-05-05 16:26:30,368 - root - INFO - Fetching historical data for 1 devices of type inverter
2026-05-05 16:26:30,368 - root - INFO - Making API request to: https://sg5.fusionsolar.huawei.com/rest/openapi/pvms/nbi/v1/device/history
2026-05-05 16:26:30,368 - root - INFO - Request payload: {'devDn': 'NE=62807021', 'devTypeId': 1, 'startTime': 1777741200000, 'endTime': 1777827600000}
2026-05-05 16:26:32,170 - root - INFO - Response status code: 200
2026-05-05 16:26:32,188 - root - INFO - API response from https://sg5.fusionsolar.huawei.com/rest/openapi/pvms/nbi/v1/device/history (truncated): {'failCode': 0, 'success': True, 'message': 'historical data information query successful.', 'data': [{'devDn': 'NE=62807021', 'collectTime': 1777741200000, 'dataItems': {'pv28_i': None, 'pv4_u': 0.0, 'pv24_i': None, 'mppt_total_cap': 175722.14, 'pv8_u': 0.0, 'a_i': 0.0, 'pv24_u': None, 'mppt_9_cap': None, 'pv20_u': 0.0, 'a_u': 0.0, 'pv17_u': 0.0, 'pv20_i': 0.0, 'efficiency': 0.0, 'pv17_i': 0.0, 'pv13_i': 0.0, 'pv36_i': None, 'mppt_power': 0.0, 'pv13_u': 0.0, 'pv36_u': None, 'mppt_7_cap': 22516....
2026-05-05 16:26:32,190 - root - INFO - API Response type: <class 'dict'>
2026-05-05 16:26:32,190 - root - INFO - API Response keys: ['failCode', 'success', 'message', 'data']
2026-05-05 16:26:32,190 - root - INFO - API Response data is a list with 151 items
2026-05-05 16:26:32,190 - root - INFO - API Response has failCode: 0, message: historical data information query successful.
2026-05-05 16:26:32,191 - root - INFO - Using alternate response format: data as list
2026-05-05 16:26:32,191 - root - INFO - Received 151 data points from API
2026-05-05 16:26:32,191 - root - INFO - Sample data point structure: ['devDn', 'collectTime', 'dataItems']
2026-05-05 16:26:32,265 - root - INFO - Successfully upserted 151 data points.
2026-05-05 16:26:35,552 - root - INFO - Using single devDn for device/history (API: one device per query)
2026-05-05 16:26:35,555 - root - INFO - Fetching historical data for 1 devices of type smart_assistant
2026-05-05 16:26:35,555 - root - INFO - Making API request to: https://sg5.fusionsolar.huawei.com/rest/openapi/pvms/nbi/v1/device/history
2026-05-05 16:26:35,555 - root - INFO - Request payload: {'devDn': 'NE=60951884', 'devTypeId': 23070, 'startTime': 1777741200000, 'endTime': 1777827600000}
2026-05-05 16:26:36,479 - root - INFO - Response status code: 200
2026-05-05 16:26:36,487 - root - INFO - API response from https://sg5.fusionsolar.huawei.com/rest/openapi/pvms/nbi/v1/device/history (truncated): {'failCode': 0, 'success': True, 'message': 'historical data information query successful.', 'data': [{'devDn': 'NE=60951884', 'collectTime': 1777741200000, 'dataItems': {'active_cap': 6128.46, 'ex_active_power': None, 'power_factor': 0.95, 'ex_reverse_active_cap': None, 'a_i': 9.9, 'ex_active_cap': None, 'c_i': 8.6, 'b_i': 6.7, 'a_u': 224.4, 'reactive_power': -0.874, 'c_u': 225.4, 'b_u': 226.5, 'bc_u': 391.3, 'ex_a_i': 0.0, 'ex_c_i': 0.0, 'ex_active_power_c': 0.0, 'ex_b_i': 0.0, 'reverse_active...
2026-05-05 16:26:36,489 - root - INFO - API Response type: <class 'dict'>
2026-05-05 16:26:36,489 - root - INFO - API Response keys: ['failCode', 'success', 'message', 'data']
2026-05-05 16:26:36,490 - root - INFO - API Response data is a list with 289 items
2026-05-05 16:26:36,490 - root - INFO - API Response has failCode: 0, message: historical data information query successful.
2026-05-05 16:26:36,490 - root - INFO - Using alternate response format: data as list
2026-05-05 16:26:36,490 - root - INFO - Received 289 data points from API
2026-05-05 16:26:36,490 - root - INFO - Sample data point structure: ['devDn', 'collectTime', 'dataItems']
2026-05-05 16:26:36,598 - root - INFO - Successfully upserted 289 data points.
2026-05-05 16:26:40,096 - root - INFO - Using single devDn for device/history (API: one device per query)
2026-05-05 16:26:40,098 - root - INFO - Fetching historical data for 1 devices of type battery
2026-05-05 16:26:40,098 - root - INFO - Making API request to: https://sg5.fusionsolar.huawei.com/rest/openapi/pvms/nbi/v1/device/history
2026-05-05 16:26:40,098 - root - INFO - Request payload: {'devDn': 'NE=60951890', 'devTypeId': 39, 'startTime': 1777741200000, 'endTime': 1777827600000}
2026-05-05 16:26:40,738 - root - INFO - Response status code: 200
2026-05-05 16:26:41,135 - root - INFO - API response from https://sg5.fusionsolar.huawei.com/rest/openapi/pvms/nbi/v1/device/history (truncated): {'failCode': 0, 'success': True, 'message': 'historical data information query successful.', 'data': [{'devDn': 'NE=60951890', 'collectTime': 1777741200000, 'dataItems': {'max_discharge_power': None, 'max_charge_power': None, 'battery_soh': None, 'busbar_u': 743.1, 'discharge_cap': 0.0, 'ch_discharge_power': 0.0, 'battery_soc': 92.0, 'ch_discharge_model': None, 'charge_cap': 0.0, 'battery_status': None}}, {'devDn': 'NE=60951890', 'collectTime': 1777741500000, 'dataItems': {'max_discharge_power':...
2026-05-05 16:26:41,138 - root - INFO - API Response type: <class 'dict'>
2026-05-05 16:26:41,138 - root - INFO - API Response keys: ['failCode', 'success', 'message', 'data']
2026-05-05 16:26:41,138 - root - INFO - API Response data is a list with 289 items
2026-05-05 16:26:41,139 - root - INFO - API Response has failCode: 0, message: historical data information query successful.
2026-05-05 16:26:41,139 - root - INFO - Using alternate response format: data as list
2026-05-05 16:26:41,139 - root - INFO - Received 289 data points from API
2026-05-05 16:26:41,139 - root - INFO - Sample data point structure: ['devDn', 'collectTime', 'dataItems']
2026-05-05 16:26:41,298 - root - INFO - Successfully upserted 289 data points.
2026-05-05 16:26:45,266 - root - INFO - Processed 8989 data points for 2026-05-02 to 2026-05-03
2026-05-05 16:26:45,267 - root - INFO - Processing data from 2026-05-03 to 2026-05-04
2026-05-05 16:26:47,641 - root - INFO - Master device list count: 236. Devices eligible for this batch (ending 2026-05-04): 236.
2026-05-05 16:26:48,014 - root - WARNING - Unknown device type ID 63 for device 102555606343
2026-05-05 16:26:48,014 - root - WARNING - Unknown device type ID 23071 for device BT2560339978
2026-05-05 16:26:48,016 - root - WARNING - Unknown device type ID 63 for device 10254C346758
2026-05-05 16:26:48,017 - root - WARNING - Unknown device type ID 63 for device 1023B7436516
2026-05-05 16:26:48,017 - root - WARNING - Unknown device type ID 63 for device 1023C7355634
2026-05-05 16:26:48,017 - root - WARNING - Unknown device type ID 63 for device 1024B6566719
2026-05-05 16:26:48,017 - root - WARNING - Unknown device type ID 63 for device 1024B6566722
2026-05-05 16:26:48,017 - root - WARNING - Unknown device type ID 38 for device 102446387448
2026-05-05 16:26:48,017 - root - WARNING - Unknown device type ID 63 for device 102467487012
2026-05-05 16:26:48,017 - root - WARNING - Unknown device type ID 63 for device 102287046729
2026-05-05 16:26:48,017 - root - WARNING - Unknown device type ID 63 for device 102527099805
2026-05-05 16:26:48,017 - root - WARNING - Unknown device type ID 63 for device 102459944283
2026-05-05 16:26:48,017 - root - WARNING - Unknown device type ID 63 for device 1023A5160368
2026-05-05 16:26:48,018 - root - WARNING - Unknown device type ID 38 for device 102446387459
2026-05-05 16:26:48,018 - root - WARNING - Unknown device type ID 63 for device 102527099822
2026-05-05 16:26:48,018 - root - INFO - Using single devDn for device/history (API: one device per query)
2026-05-05 16:26:48,018 - root - INFO - Fetching historical data for 1 devices of type meter
2026-05-05 16:26:48,018 - root - INFO - Making API request to: https://sg5.fusionsolar.huawei.com/rest/openapi/pvms/nbi/v1/device/history
2026-05-05 16:26:48,019 - root - INFO - Request payload: {'devDn': 'NE=50488256', 'devTypeId': 17, 'startTime': 1777827601000, 'endTime': 1777913999000}
2026-05-05 16:26:49,797 - root - INFO - Response status code: 200
2026-05-05 16:26:50,001 - root - INFO - API response from https://sg5.fusionsolar.huawei.com/rest/openapi/pvms/nbi/v1/device/history (truncated): {'failCode': 0, 'success': True, 'message': 'historical data information query successful.', 'data': [{'devDn': 'NE=50488256', 'collectTime': 1777827900000, 'dataItems': {'active_cap': 208.81, 'power_factor': 0.0, 'a_i': 0.0, 'c_i': 0.0, 'b_i': 0.0, 'reverse_reactive_valley': None, 'positive_reactive_peak': None, 'reverse_reactive_peak': None, 'reverse_active_peak': None, 'positive_active_peak': None, 'a_u': 0.0, 'reactive_power': 0.0, 'c_u': 0.0, 'total_apparent_power': 0.0, 'bc_u': 790.6, 'b_u...
2026-05-05 16:26:50,004 - root - INFO - API Response type: <class 'dict'>
2026-05-05 16:26:50,004 - root - INFO - API Response keys: ['failCode', 'success', 'message', 'data']
2026-05-05 16:26:50,004 - root - INFO - API Response data is a list with 287 items
2026-05-05 16:26:50,004 - root - INFO - API Response has failCode: 0, message: historical data information query successful.
2026-05-05 16:26:50,004 - root - INFO - Using alternate response format: data as list
2026-05-05 16:26:50,004 - root - INFO - Received 287 data points from API
2026-05-05 16:26:50,005 - root - INFO - Sample data point structure: ['devDn', 'collectTime', 'dataItems']
2026-05-05 16:26:50,777 - root - INFO - Successfully upserted 287 data points.
2026-05-05 16:26:55,041 - root - INFO - Using single devDn for device/history (API: one device per query)
2026-05-05 16:26:55,043 - root - INFO - Fetching historical data for 1 devices of type meter
2026-05-05 16:26:55,044 - root - INFO - Making API request to: https://sg5.fusionsolar.huawei.com/rest/openapi/pvms/nbi/v1/device/history
2026-05-05 16:26:55,044 - root - INFO - Request payload: {'devDn': 'NE=50586462', 'devTypeId': 17, 'startTime': 1777827601000, 'endTime': 1777913999000}
2026-05-05 16:26:57,166 - root - INFO - Response status code: 200
2026-05-05 16:26:57,429 - root - INFO - API response from https://sg5.fusionsolar.huawei.com/rest/openapi/pvms/nbi/v1/device/history (truncated): {'failCode': 0, 'success': True, 'message': 'historical data information query successful.', 'data': [{'devDn': 'NE=50586462', 'collectTime': 1777827900000, 'dataItems': {'active_cap': 3670.19, 'power_factor': 0.0, 'a_i': 0.0, 'c_i': 0.3, 'b_i': 0.0, 'reverse_reactive_valley': None, 'positive_reactive_peak': None, 'reverse_reactive_peak': None, 'reverse_active_peak': None, 'positive_active_peak': None, 'a_u': 11826.25, 'reactive_power': -3897.0, 'c_u': 11773.28, 'total_apparent_power': 3.897, 'b...
2026-05-05 16:26:57,432 - root - INFO - API Response type: <class 'dict'>
2026-05-05 16:26:57,432 - root - INFO - API Response keys: ['failCode', 'success', 'message', 'data']
2026-05-05 16:26:57,432 - root - INFO - API Response data is a list with 287 items
2026-05-05 16:26:57,432 - root - INFO - API Response has failCode: 0, message: historical data information query successful.
2026-05-05 16:26:57,432 - root - INFO - Using alternate response format: data as list
2026-05-05 16:26:57,432 - root - INFO - Received 287 data points from API
2026-05-05 16:26:57,433 - root - INFO - Sample data point structure: ['devDn', 'collectTime', 'dataItems']
2026-05-05 16:26:57,570 - root - INFO - Successfully upserted 287 data points.
2026-05-05 16:27:02,837 - root - INFO - Using single devDn for device/history (API: one device per query)
2026-05-05 16:27:02,838 - root - INFO - Fetching historical data for 1 devices of type meter
2026-05-05 16:27:02,838 - root - INFO - Making API request to: https://sg5.fusionsolar.huawei.com/rest/openapi/pvms/nbi/v1/device/history
2026-05-05 16:27:02,838 - root - INFO - Request payload: {'devDn': 'NE=78317347', 'devTypeId': 17, 'startTime': 1777827601000, 'endTime': 1777913999000}
2026-05-05 16:27:04,237 - root - INFO - Response status code: 200
2026-05-05 16:27:04,247 - root - INFO - API response from https://sg5.fusionsolar.huawei.com/rest/openapi/pvms/nbi/v1/device/history (truncated): {'failCode': 0, 'success': True, 'message': 'historical data information query successful.', 'data': [{'devDn': 'NE=78317347', 'collectTime': 1777827900000, 'dataItems': {'active_cap': 646.98, 'power_factor': 0.993, 'a_i': 17.4, 'c_i': 19.8, 'b_i': 14.4, 'reverse_reactive_valley': None, 'positive_reactive_peak': None, 'reverse_reactive_peak': None, 'reverse_active_peak': None, 'positive_active_peak': None, 'a_u': 222.66, 'reactive_power': 1202.0, 'c_u': 224.41, 'total_apparent_power': 11.614, 'b...
2026-05-05 16:27:04,248 - root - INFO - API Response type: <class 'dict'>
2026-05-05 16:27:04,248 - root - INFO - API Response keys: ['failCode', 'success', 'message', 'data']
2026-05-05 16:27:04,249 - root - INFO - API Response data is a list with 285 items
2026-05-05 16:27:04,249 - root - INFO - API Response has failCode: 0, message: historical data information query successful.
2026-05-05 16:27:04,249 - root - INFO - Using alternate response format: data as list
2026-05-05 16:27:04,249 - root - INFO - Received 285 data points from API
2026-05-05 16:27:04,249 - root - INFO - Sample data point structure: ['devDn', 'collectTime', 'dataItems']
2026-05-05 16:27:04,398 - root - INFO - Successfully upserted 285 data points.
2026-05-05 16:27:07,670 - root - INFO - Using single devDn for device/history (API: one device per query)
2026-05-05 16:27:07,671 - root - INFO - Fetching historical data for 1 devices of type meter
2026-05-05 16:27:07,672 - root - INFO - Making API request to: https://sg5.fusionsolar.huawei.com/rest/openapi/pvms/nbi/v1/device/history
2026-05-05 16:27:07,672 - root - INFO - Request payload: {'devDn': 'NE=78317346', 'devTypeId': 17, 'startTime': 1777827601000, 'endTime': 1777913999000}
2026-05-05 16:27:09,757 - root - INFO - Response status code: 200
2026-05-05 16:27:09,766 - root - INFO - API response from https://sg5.fusionsolar.huawei.com/rest/openapi/pvms/nbi/v1/device/history (truncated): {'failCode': 0, 'success': True, 'message': 'historical data information query successful.', 'data': [{'devDn': 'NE=78317346', 'collectTime': 1777827900000, 'dataItems': {'active_cap': 0.0, 'power_factor': 0.0, 'a_i': 0.0, 'c_i': 0.0, 'b_i': 0.0, 'reverse_reactive_valley': None, 'positive_reactive_peak': None, 'reverse_reactive_peak': None, 'reverse_active_peak': None, 'positive_active_peak': None, 'a_u': 222.64, 'reactive_power': 0.0, 'c_u': 224.32, 'total_apparent_power': 0.0, 'bc_u': 389.27, ...
2026-05-05 16:27:09,768 - root - INFO - API Response type: <class 'dict'>
2026-05-05 16:27:09,768 - root - INFO - API Response keys: ['failCode', 'success', 'message', 'data']
2026-05-05 16:27:09,768 - root - INFO - API Response data is a list with 285 items
2026-05-05 16:27:09,768 - root - INFO - API Response has failCode: 0, message: historical data information query successful.
2026-05-05 16:27:09,768 - root - INFO - Using alternate response format: data as list
2026-05-05 16:27:09,768 - root - INFO - Received 285 data points from API
2026-05-05 16:27:09,768 - root - INFO - Sample data point structure: ['devDn', 'collectTime', 'dataItems']
2026-05-05 16:27:09,878 - root - INFO - Successfully upserted 285 data points.
2026-05-05 16:27:12,975 - root - INFO - Using single devDn for device/history (API: one device per query)
2026-05-05 16:27:12,976 - root - INFO - Fetching historical data for 1 devices of type meter
2026-05-05 16:27:12,976 - root - INFO - Making API request to: https://sg5.fusionsolar.huawei.com/rest/openapi/pvms/nbi/v1/device/history
2026-05-05 16:27:12,976 - root - INFO - Request payload: {'devDn': 'NE=78317345', 'devTypeId': 17, 'startTime': 1777827601000, 'endTime': 1777913999000}
2026-05-05 16:27:14,371 - root - INFO - Response status code: 200
2026-05-05 16:27:14,380 - root - INFO - API response from https://sg5.fusionsolar.huawei.com/rest/openapi/pvms/nbi/v1/device/history (truncated): {'failCode': 0, 'success': True, 'message': 'historical data information query successful.', 'data': [{'devDn': 'NE=78317345', 'collectTime': 1777827900000, 'dataItems': {'active_cap': 0.0, 'power_factor': -0.897, 'a_i': 0.0, 'c_i': 6.4, 'b_i': 0.0, 'reverse_reactive_valley': None, 'positive_reactive_peak': None, 'reverse_reactive_peak': None, 'reverse_active_peak': None, 'positive_active_peak': None, 'a_u': 222.76, 'reactive_power': -634.0, 'c_u': 224.4, 'total_apparent_power': 1.438, 'bc_u': 3...
2026-05-05 16:27:14,382 - root - INFO - API Response type: <class 'dict'>
2026-05-05 16:27:14,382 - root - INFO - API Response keys: ['failCode', 'success', 'message', 'data']
2026-05-05 16:27:14,382 - root - INFO - API Response data is a list with 285 items
2026-05-05 16:27:14,382 - root - INFO - API Response has failCode: 0, message: historical data information query successful.
2026-05-05 16:27:14,383 - root - INFO - Using alternate response format: data as list
2026-05-05 16:27:14,383 - root - INFO - Received 285 data points from API
2026-05-05 16:27:14,383 - root - INFO - Sample data point structure: ['devDn', 'collectTime', 'dataItems']
2026-05-05 16:27:14,494 - root - INFO - Successfully upserted 285 data points.
2026-05-05 16:27:17,948 - root - INFO - Using single devDn for device/history (API: one device per query)
2026-05-05 16:27:18,091 - root - INFO - Fetching historical data for 1 devices of type meter
2026-05-05 16:27:18,092 - root - INFO - Making API request to: https://sg5.fusionsolar.huawei.com/rest/openapi/pvms/nbi/v1/device/history
2026-05-05 16:27:18,093 - root - INFO - Request payload: {'devDn': 'NE=78317344', 'devTypeId': 17, 'startTime': 1777827601000, 'endTime': 1777913999000}
2026-05-05 16:27:19,639 - root - INFO - Response status code: 200
2026-05-05 16:27:19,649 - root - INFO - API response from https://sg5.fusionsolar.huawei.com/rest/openapi/pvms/nbi/v1/device/history (truncated): {'failCode': 0, 'success': True, 'message': 'historical data information query successful.', 'data': [{'devDn': 'NE=78317344', 'collectTime': 1777827900000, 'dataItems': {'active_cap': 0.15, 'power_factor': 0.375, 'a_i': 0.4, 'c_i': 0.0, 'b_i': 1.4, 'reverse_reactive_valley': None, 'positive_reactive_peak': None, 'reverse_reactive_peak': None, 'reverse_active_peak': None, 'positive_active_peak': None, 'a_u': 222.59, 'reactive_power': 383.0, 'c_u': 224.26, 'total_apparent_power': 0.415, 'bc_u': 3...
2026-05-05 16:27:19,650 - root - INFO - API Response type: <class 'dict'>
2026-05-05 16:27:19,650 - root - INFO - API Response keys: ['failCode', 'success', 'message', 'data']
2026-05-05 16:27:19,651 - root - INFO - API Response data is a list with 285 items
2026-05-05 16:27:19,652 - root - INFO - API Response has failCode: 0, message: historical data information query successful.
2026-05-05 16:27:19,652 - root - INFO - Using alternate response format: data as list
2026-05-05 16:27:19,652 - root - INFO - Received 285 data points from API
2026-05-05 16:27:19,652 - root - INFO - Sample data point structure: ['devDn', 'collectTime', 'dataItems']
2026-05-05 16:27:19,911 - root - INFO - Successfully upserted 285 data points.
2026-05-05 16:27:23,035 - root - INFO - Using single devDn for device/history (API: one device per query)
2026-05-05 16:27:23,036 - root - INFO - Fetching historical data for 1 devices of type meter
2026-05-05 16:27:23,037 - root - INFO - Making API request to: https://sg5.fusionsolar.huawei.com/rest/openapi/pvms/nbi/v1/device/history
2026-05-05 16:27:23,037 - root - INFO - Request payload: {'devDn': 'NE=61851549', 'devTypeId': 17, 'startTime': 1777827601000, 'endTime': 1777913999000}
2026-05-05 16:27:23,515 - root - INFO - Response status code: 200
2026-05-05 16:27:23,515 - root - INFO - API response from https://sg5.fusionsolar.huawei.com/rest/openapi/pvms/nbi/v1/device/history (truncated): {'failCode': 0, 'success': True, 'message': 'historical data information query successful.', 'data': []}
2026-05-05 16:27:23,517 - root - INFO - API Response type: <class 'dict'>
2026-05-05 16:27:23,517 - root - INFO - API Response keys: ['failCode', 'success', 'message', 'data']
2026-05-05 16:27:23,517 - root - INFO - API Response data is a list with 0 items
2026-05-05 16:27:23,518 - root - INFO - API Response has failCode: 0, message: historical data information query successful.
2026-05-05 16:27:23,518 - root - INFO - Using alternate response format: data as list
2026-05-05 16:27:23,518 - root - INFO - No data points returned for the query period
2026-05-05 16:27:23,518 - root - INFO - Using single devDn for device/history (API: one device per query)
2026-05-05 16:27:23,519 - root - INFO - Fetching historical data for 1 devices of type meter
2026-05-05 16:27:23,519 - root - INFO - Making API request to: https://sg5.fusionsolar.huawei.com/rest/openapi/pvms/nbi/v1/device/history
2026-05-05 16:27:23,519 - root - INFO - Request payload: {'devDn': 'NE=61851548', 'devTypeId': 17, 'startTime': 1777827601000, 'endTime': 1777913999000}
2026-05-05 16:27:24,040 - root - INFO - Response status code: 200
2026-05-05 16:27:24,040 - root - INFO - API response from https://sg5.fusionsolar.huawei.com/rest/openapi/pvms/nbi/v1/device/history (truncated): {'failCode': 0, 'success': True, 'message': 'historical data information query successful.', 'data': []}
2026-05-05 16:27:24,042 - root - INFO - API Response type: <class 'dict'>
2026-05-05 16:27:24,042 - root - INFO - API Response keys: ['failCode', 'success', 'message', 'data']
2026-05-05 16:27:24,042 - root - INFO - API Response data is a list with 0 items
2026-05-05 16:27:24,042 - root - INFO - API Response has failCode: 0, message: historical data information query successful.
2026-05-05 16:27:24,042 - root - INFO - Using alternate response format: data as list
2026-05-05 16:27:24,042 - root - INFO - No data points returned for the query period
2026-05-05 16:27:24,042 - root - INFO - Using single devDn for device/history (API: one device per query)
2026-05-05 16:27:24,043 - root - INFO - Fetching historical data for 1 devices of type meter
2026-05-05 16:27:24,043 - root - INFO - Making API request to: https://sg5.fusionsolar.huawei.com/rest/openapi/pvms/nbi/v1/device/history
2026-05-05 16:27:24,043 - root - INFO - Request payload: {'devDn': 'NE=61900432', 'devTypeId': 17, 'startTime': 1777827601000, 'endTime': 1777913999000}
2026-05-05 16:27:24,369 - root - INFO - Response status code: 200
2026-05-05 16:27:24,369 - root - INFO - API response from https://sg5.fusionsolar.huawei.com/rest/openapi/pvms/nbi/v1/device/history (truncated): {'failCode': 407, 'success': False, 'message': 'Interface access frequency:0.39333333333333337/1second', 'data': []}
2026-05-05 16:27:24,370 - root - WARNING - API access frequency too high. Waiting 30 seconds before retry...
2026-05-05 16:27:54,370 - root - INFO - Retrying API request after rate limit wait...
2026-05-05 16:27:54,370 - root - INFO - Making API request to: https://sg5.fusionsolar.huawei.com/rest/openapi/pvms/nbi/v1/device/history
2026-05-05 16:27:54,370 - root - INFO - Request payload: {'devDn': 'NE=61900432', 'devTypeId': 17, 'startTime': 1777827601000, 'endTime': 1777913999000}
2026-05-05 16:27:54,869 - root - INFO - Response status code: 200
2026-05-05 16:27:54,870 - root - INFO - API response from https://sg5.fusionsolar.huawei.com/rest/openapi/pvms/nbi/v1/device/history (truncated): {'failCode': 0, 'success': True, 'message': 'historical data information query successful.', 'data': []}
2026-05-05 16:27:54,873 - root - INFO - API Response type: <class 'dict'>
2026-05-05 16:27:54,873 - root - INFO - API Response keys: ['failCode', 'success', 'message', 'data']
2026-05-05 16:27:54,873 - root - INFO - API Response data is a list with 0 items
2026-05-05 16:27:54,873 - root - INFO - API Response has failCode: 0, message: historical data information query successful.
2026-05-05 16:27:54,873 - root - INFO - Using alternate response format: data as list
2026-05-05 16:27:54,873 - root - INFO - No data points returned for the query period
2026-05-05 16:27:54,873 - root - INFO - Using single devDn for device/history (API: one device per query)
2026-05-05 16:27:54,874 - root - INFO - Fetching historical data for 1 devices of type meter
2026-05-05 16:27:54,874 - root - INFO - Making API request to: https://sg5.fusionsolar.huawei.com/rest/openapi/pvms/nbi/v1/device/history
2026-05-05 16:27:54,874 - root - INFO - Request payload: {'devDn': 'NE=61913836', 'devTypeId': 17, 'startTime': 1777827601000, 'endTime': 1777913999000}
2026-05-05 16:27:55,202 - root - INFO - Response status code: 200
2026-05-05 16:27:55,202 - root - INFO - API response from https://sg5.fusionsolar.huawei.com/rest/openapi/pvms/nbi/v1/device/history (truncated): {'failCode': 407, 'success': False, 'message': 'Interface access frequency:0.39333333333333337/1second', 'data': []}
2026-05-05 16:27:55,203 - root - WARNING - API access frequency too high. Waiting 30 seconds before retry...
2026-05-05 16:28:25,203 - root - INFO - Retrying API request after rate limit wait...
2026-05-05 16:28:25,203 - root - INFO - Making API request to: https://sg5.fusionsolar.huawei.com/rest/openapi/pvms/nbi/v1/device/history
2026-05-05 16:28:25,204 - root - INFO - Request payload: {'devDn': 'NE=61913836', 'devTypeId': 17, 'startTime': 1777827601000, 'endTime': 1777913999000}
2026-05-05 16:28:25,640 - root - INFO - Response status code: 200
2026-05-05 16:28:25,640 - root - INFO - API response from https://sg5.fusionsolar.huawei.com/rest/openapi/pvms/nbi/v1/device/history (truncated): {'failCode': 0, 'success': True, 'message': 'historical data information query successful.', 'data': []}
2026-05-05 16:28:25,643 - root - INFO - API Response type: <class 'dict'>
2026-05-05 16:28:25,643 - root - INFO - API Response keys: ['failCode', 'success', 'message', 'data']
2026-05-05 16:28:25,643 - root - INFO - API Response data is a list with 0 items
2026-05-05 16:28:25,643 - root - INFO - API Response has failCode: 0, message: historical data information query successful.
2026-05-05 16:28:25,643 - root - INFO - Using alternate response format: data as list
2026-05-05 16:28:25,643 - root - INFO - No data points returned for the query period
2026-05-05 16:28:25,643 - root - INFO - Using single devDn for device/history (API: one device per query)
2026-05-05 16:28:25,644 - root - INFO - Fetching historical data for 1 devices of type meter
2026-05-05 16:28:25,644 - root - INFO - Making API request to: https://sg5.fusionsolar.huawei.com/rest/openapi/pvms/nbi/v1/device/history
2026-05-05 16:28:25,644 - root - INFO - Request payload: {'devDn': 'NE=61913834', 'devTypeId': 17, 'startTime': 1777827601000, 'endTime': 1777913999000}
2026-05-05 16:28:25,972 - root - INFO - Response status code: 200
2026-05-05 16:28:25,973 - root - INFO - API response from https://sg5.fusionsolar.huawei.com/rest/openapi/pvms/nbi/v1/device/history (truncated): {'failCode': 407, 'success': False, 'message': 'Interface access frequency:0.39333333333333337/1second', 'data': []}
2026-05-05 16:28:25,973 - root - WARNING - API access frequency too high. Waiting 30 seconds before retry...
2026-05-05 16:28:55,973 - root - INFO - Retrying API request after rate limit wait...
2026-05-05 16:28:55,973 - root - INFO - Making API request to: https://sg5.fusionsolar.huawei.com/rest/openapi/pvms/nbi/v1/device/history
2026-05-05 16:28:55,974 - root - INFO - Request payload: {'devDn': 'NE=61913834', 'devTypeId': 17, 'startTime': 1777827601000, 'endTime': 1777913999000}
2026-05-05 16:28:56,445 - root - INFO - Response status code: 200
2026-05-05 16:28:56,445 - root - INFO - API response from https://sg5.fusionsolar.huawei.com/rest/openapi/pvms/nbi/v1/device/history (truncated): {'failCode': 0, 'success': True, 'message': 'historical data information query successful.', 'data': []}
2026-05-05 16:28:56,448 - root - INFO - API Response type: <class 'dict'>
2026-05-05 16:28:56,448 - root - INFO - API Response keys: ['failCode', 'success', 'message', 'data']
2026-05-05 16:28:56,448 - root - INFO - API Response data is a list with 0 items
2026-05-05 16:28:56,448 - root - INFO - API Response has failCode: 0, message: historical data information query successful.
2026-05-05 16:28:56,448 - root - INFO - Using alternate response format: data as list
2026-05-05 16:28:56,449 - root - INFO - No data points returned for the query period
2026-05-05 16:28:56,449 - root - INFO - Using single devDn for device/history (API: one device per query)
2026-05-05 16:28:56,449 - root - INFO - Fetching historical data for 1 devices of type meter
2026-05-05 16:28:56,449 - root - INFO - Making API request to: https://sg5.fusionsolar.huawei.com/rest/openapi/pvms/nbi/v1/device/history
2026-05-05 16:28:56,449 - root - INFO - Request payload: {'devDn': 'NE=61851550', 'devTypeId': 17, 'startTime': 1777827601000, 'endTime': 1777913999000}
2026-05-05 16:28:56,769 - root - INFO - Response status code: 200
2026-05-05 16:28:56,769 - root - INFO - API response from https://sg5.fusionsolar.huawei.com/rest/openapi/pvms/nbi/v1/device/history (truncated): {'failCode': 407, 'success': False, 'message': 'Interface access frequency:0.39333333333333337/1second', 'data': []}
2026-05-05 16:28:56,770 - root - WARNING - API access frequency too high. Waiting 30 seconds before retry...
2026-05-05 16:29:26,770 - root - INFO - Retrying API request after rate limit wait...
2026-05-05 16:29:26,770 - root - INFO - Making API request to: https://sg5.fusionsolar.huawei.com/rest/openapi/pvms/nbi/v1/device/history
2026-05-05 16:29:26,771 - root - INFO - Request payload: {'devDn': 'NE=61851550', 'devTypeId': 17, 'startTime': 1777827601000, 'endTime': 1777913999000}
2026-05-05 16:29:27,340 - root - INFO - Response status code: 200
2026-05-05 16:29:27,340 - root - INFO - API response from https://sg5.fusionsolar.huawei.com/rest/openapi/pvms/nbi/v1/device/history (truncated): {'failCode': 0, 'success': True, 'message': 'historical data information query successful.', 'data': []}
2026-05-05 16:29:27,343 - root - INFO - API Response type: <class 'dict'>
2026-05-05 16:29:27,343 - root - INFO - API Response keys: ['failCode', 'success', 'message', 'data']
2026-05-05 16:29:27,343 - root - INFO - API Response data is a list with 0 items
2026-05-05 16:29:27,344 - root - INFO - API Response has failCode: 0, message: historical data information query successful.
2026-05-05 16:29:27,344 - root - INFO - Using alternate response format: data as list
2026-05-05 16:29:27,344 - root - INFO - No data points returned for the query period
2026-05-05 16:29:27,344 - root - INFO - Using single devDn for device/history (API: one device per query)
2026-05-05 16:29:27,344 - root - INFO - Fetching historical data for 1 devices of type meter
2026-05-05 16:29:27,344 - root - INFO - Making API request to: https://sg5.fusionsolar.huawei.com/rest/openapi/pvms/nbi/v1/device/history
2026-05-05 16:29:27,345 - root - INFO - Request payload: {'devDn': 'NE=61851551', 'devTypeId': 17, 'startTime': 1777827601000, 'endTime': 1777913999000}
2026-05-05 16:29:27,660 - root - INFO - Response status code: 200
2026-05-05 16:29:27,660 - root - INFO - API response from https://sg5.fusionsolar.huawei.com/rest/openapi/pvms/nbi/v1/device/history (truncated): {'failCode': 407, 'success': False, 'message': 'Interface access frequency:0.39333333333333337/1second', 'data': []}
2026-05-05 16:29:27,660 - root - WARNING - API access frequency too high. Waiting 30 seconds before retry...
2026-05-05 16:29:57,660 - root - INFO - Retrying API request after rate limit wait...
2026-05-05 16:29:57,661 - root - INFO - Making API request to: https://sg5.fusionsolar.huawei.com/rest/openapi/pvms/nbi/v1/device/history
2026-05-05 16:29:57,661 - root - INFO - Request payload: {'devDn': 'NE=61851551', 'devTypeId': 17, 'startTime': 1777827601000, 'endTime': 1777913999000}
2026-05-05 16:29:58,144 - root - INFO - Response status code: 200
2026-05-05 16:29:58,144 - root - INFO - API response from https://sg5.fusionsolar.huawei.com/rest/openapi/pvms/nbi/v1/device/history (truncated): {'failCode': 0, 'success': True, 'message': 'historical data information query successful.', 'data': []}
2026-05-05 16:29:58,147 - root - INFO - API Response type: <class 'dict'>
2026-05-05 16:29:58,148 - root - INFO - API Response keys: ['failCode', 'success', 'message', 'data']
2026-05-05 16:29:58,148 - root - INFO - API Response data is a list with 0 items
2026-05-05 16:29:58,148 - root - INFO - API Response has failCode: 0, message: historical data information query successful.
2026-05-05 16:29:58,148 - root - INFO - Using alternate response format: data as list
2026-05-05 16:29:58,148 - root - INFO - No data points returned for the query period
2026-05-05 16:29:58,148 - root - INFO - Using single devDn for device/history (API: one device per query)
2026-05-05 16:29:58,149 - root - INFO - Fetching historical data for 1 devices of type meter
2026-05-05 16:29:58,149 - root - INFO - Making API request to: https://sg5.fusionsolar.huawei.com/rest/openapi/pvms/nbi/v1/device/history
2026-05-05 16:29:58,149 - root - INFO - Request payload: {'devDn': 'NE=52031812', 'devTypeId': 17, 'startTime': 1777827601000, 'endTime': 1777913999000}
2026-05-05 16:29:58,475 - root - INFO - Response status code: 200
2026-05-05 16:29:58,476 - root - INFO - API response from https://sg5.fusionsolar.huawei.com/rest/openapi/pvms/nbi/v1/device/history (truncated): {'failCode': 407, 'success': False, 'message': 'Interface access frequency:0.39333333333333337/1second', 'data': []}
2026-05-05 16:29:58,476 - root - WARNING - API access frequency too high. Waiting 30 seconds before retry...
2026-05-05 16:30:28,476 - root - INFO - Retrying API request after rate limit wait...
2026-05-05 16:30:28,477 - root - INFO - Making API request to: https://sg5.fusionsolar.huawei.com/rest/openapi/pvms/nbi/v1/device/history
2026-05-05 16:30:28,477 - root - INFO - Request payload: {'devDn': 'NE=52031812', 'devTypeId': 17, 'startTime': 1777827601000, 'endTime': 1777913999000}
2026-05-05 16:30:29,914 - root - INFO - Response status code: 200
2026-05-05 16:30:29,924 - root - INFO - API response from https://sg5.fusionsolar.huawei.com/rest/openapi/pvms/nbi/v1/device/history (truncated): {'failCode': 0, 'success': True, 'message': 'historical data information query successful.', 'data': [{'devDn': 'NE=52031812', 'collectTime': 1777827900000, 'dataItems': {'active_cap': 44519.72, 'power_factor': 0.168, 'a_i': 1.0, 'c_i': 0.7, 'b_i': 0.9, 'reverse_reactive_valley': None, 'positive_reactive_peak': None, 'reverse_reactive_peak': None, 'reverse_active_peak': None, 'positive_active_peak': None, 'a_u': 0.0, 'reactive_power': 29504.0, 'c_u': 0.0, 'total_apparent_power': 29.933, 'bc_u': ...
2026-05-05 16:30:29,927 - root - INFO - API Response type: <class 'dict'>
2026-05-05 16:30:29,927 - root - INFO - API Response keys: ['failCode', 'success', 'message', 'data']
2026-05-05 16:30:29,927 - root - INFO - API Response data is a list with 287 items
2026-05-05 16:30:29,927 - root - INFO - API Response has failCode: 0, message: historical data information query successful.
2026-05-05 16:30:29,927 - root - INFO - Using alternate response format: data as list
2026-05-05 16:30:29,927 - root - INFO - Received 287 data points from API
2026-05-05 16:30:29,927 - root - INFO - Sample data point structure: ['devDn', 'collectTime', 'dataItems']
2026-05-05 16:30:30,026 - root - INFO - Successfully upserted 287 data points.
2026-05-05 16:30:33,908 - root - INFO - Using single devDn for device/history (API: one device per query)
2026-05-05 16:30:33,909 - root - INFO - Fetching historical data for 1 devices of type meter
2026-05-05 16:30:33,909 - root - INFO - Making API request to: https://sg5.fusionsolar.huawei.com/rest/openapi/pvms/nbi/v1/device/history
2026-05-05 16:30:33,909 - root - INFO - Request payload: {'devDn': 'NE=55409420', 'devTypeId': 17, 'startTime': 1777827601000, 'endTime': 1777913999000}
2026-05-05 16:30:35,338 - root - INFO - Response status code: 200
2026-05-05 16:30:35,347 - root - INFO - API response from https://sg5.fusionsolar.huawei.com/rest/openapi/pvms/nbi/v1/device/history (truncated): {'failCode': 0, 'success': True, 'message': 'historical data information query successful.', 'data': [{'devDn': 'NE=55409420', 'collectTime': 1777827900000, 'dataItems': {'active_cap': 2656141.69, 'power_factor': -0.889, 'a_i': 32.3, 'c_i': 27.8, 'b_i': 29.2, 'reverse_reactive_valley': None, 'positive_reactive_peak': None, 'reverse_reactive_peak': None, 'reverse_active_peak': None, 'positive_active_peak': None, 'a_u': 0.0, 'reactive_power': -479562.0, 'c_u': 0.0, 'total_apparent_power': 1050.976...
2026-05-05 16:30:35,349 - root - INFO - API Response type: <class 'dict'>
2026-05-05 16:30:35,349 - root - INFO - API Response keys: ['failCode', 'success', 'message', 'data']
2026-05-05 16:30:35,349 - root - INFO - API Response data is a list with 287 items
2026-05-05 16:30:35,349 - root - INFO - API Response has failCode: 0, message: historical data information query successful.
2026-05-05 16:30:35,350 - root - INFO - Using alternate response format: data as list
2026-05-05 16:30:35,350 - root - INFO - Received 287 data points from API
2026-05-05 16:30:35,350 - root - INFO - Sample data point structure: ['devDn', 'collectTime', 'dataItems']
2026-05-05 16:30:35,445 - root - INFO - Successfully upserted 287 data points.
2026-05-05 16:30:38,674 - root - INFO - Using single devDn for device/history (API: one device per query)
2026-05-05 16:30:38,675 - root - INFO - Fetching historical data for 1 devices of type meter
2026-05-05 16:30:38,675 - root - INFO - Making API request to: https://sg5.fusionsolar.huawei.com/rest/openapi/pvms/nbi/v1/device/history
2026-05-05 16:30:38,675 - root - INFO - Request payload: {'devDn': 'NE=52031814', 'devTypeId': 17, 'startTime': 1777827601000, 'endTime': 1777913999000}
2026-05-05 16:30:40,134 - root - INFO - Response status code: 200
2026-05-05 16:30:40,144 - root - INFO - API response from https://sg5.fusionsolar.huawei.com/rest/openapi/pvms/nbi/v1/device/history (truncated): {'failCode': 0, 'success': True, 'message': 'historical data information query successful.', 'data': [{'devDn': 'NE=52031814', 'collectTime': 1777827900000, 'dataItems': {'active_cap': 0.0, 'power_factor': 0.946, 'a_i': 0.3, 'c_i': 0.3, 'b_i': 0.0, 'reverse_reactive_valley': None, 'positive_reactive_peak': None, 'reverse_reactive_peak': None, 'reverse_active_peak': None, 'positive_active_peak': None, 'a_u': 234.63, 'reactive_power': 38.0, 'c_u': 234.41, 'total_apparent_power': 0.118, 'bc_u': 407...
2026-05-05 16:30:40,146 - root - INFO - API Response type: <class 'dict'>
2026-05-05 16:30:40,146 - root - INFO - API Response keys: ['failCode', 'success', 'message', 'data']
2026-05-05 16:30:40,146 - root - INFO - API Response data is a list with 287 items
2026-05-05 16:30:40,146 - root - INFO - API Response has failCode: 0, message: historical data information query successful.
2026-05-05 16:30:40,146 - root - INFO - Using alternate response format: data as list
2026-05-05 16:30:40,146 - root - INFO - Received 287 data points from API
2026-05-05 16:30:40,146 - root - INFO - Sample data point structure: ['devDn', 'collectTime', 'dataItems']
2026-05-05 16:30:40,232 - root - INFO - Successfully upserted 287 data points.
2026-05-05 16:30:43,757 - root - INFO - Using single devDn for device/history (API: one device per query)
2026-05-05 16:30:43,758 - root - INFO - Fetching historical data for 1 devices of type meter
2026-05-05 16:30:43,758 - root - INFO - Making API request to: https://sg5.fusionsolar.huawei.com/rest/openapi/pvms/nbi/v1/device/history
2026-05-05 16:30:43,758 - root - INFO - Request payload: {'devDn': 'NE=52031813', 'devTypeId': 17, 'startTime': 1777827601000, 'endTime': 1777913999000}
2026-05-05 16:30:44,235 - root - INFO - Response status code: 200
2026-05-05 16:30:44,235 - root - INFO - API response from https://sg5.fusionsolar.huawei.com/rest/openapi/pvms/nbi/v1/device/history (truncated): {'failCode': 0, 'success': True, 'message': 'historical data information query successful.', 'data': []}
2026-05-05 16:30:44,237 - root - INFO - API Response type: <class 'dict'>
2026-05-05 16:30:44,237 - root - INFO - API Response keys: ['failCode', 'success', 'message', 'data']
2026-05-05 16:30:44,237 - root - INFO - API Response data is a list with 0 items
2026-05-05 16:30:44,237 - root - INFO - API Response has failCode: 0, message: historical data information query successful.
2026-05-05 16:30:44,237 - root - INFO - Using alternate response format: data as list
2026-05-05 16:30:44,237 - root - INFO - No data points returned for the query period
2026-05-05 16:30:44,238 - root - INFO - Using single devDn for device/history (API: one device per query)
2026-05-05 16:30:44,238 - root - INFO - Fetching historical data for 1 devices of type meter
2026-05-05 16:30:44,238 - root - INFO - Making API request to: https://sg5.fusionsolar.huawei.com/rest/openapi/pvms/nbi/v1/device/history
2026-05-05 16:30:44,238 - root - INFO - Request payload: {'devDn': 'NE=52470109', 'devTypeId': 17, 'startTime': 1777827601000, 'endTime': 1777913999000}
2026-05-05 16:30:44,562 - root - INFO - Response status code: 200
2026-05-05 16:30:44,562 - root - INFO - API response from https://sg5.fusionsolar.huawei.com/rest/openapi/pvms/nbi/v1/device/history (truncated): {'failCode': 407, 'success': False, 'message': 'Interface access frequency:0.39333333333333337/1second', 'data': []}
2026-05-05 16:30:44,562 - root - WARNING - API access frequency too high. Waiting 30 seconds before retry...
2026-05-05 16:31:14,563 - root - INFO - Retrying API request after rate limit wait...
2026-05-05 16:31:14,563 - root - INFO - Making API request to: https://sg5.fusionsolar.huawei.com/rest/openapi/pvms/nbi/v1/device/history
2026-05-05 16:31:14,563 - root - INFO - Request payload: {'devDn': 'NE=52470109', 'devTypeId': 17, 'startTime': 1777827601000, 'endTime': 1777913999000}
2026-05-05 16:31:15,012 - root - INFO - Response status code: 200
2026-05-05 16:31:15,012 - root - INFO - API response from https://sg5.fusionsolar.huawei.com/rest/openapi/pvms/nbi/v1/device/history (truncated): {'failCode': 0, 'success': True, 'message': 'historical data information query successful.', 'data': []}
2026-05-05 16:31:15,015 - root - INFO - API Response type: <class 'dict'>
2026-05-05 16:31:15,015 - root - INFO - API Response keys: ['failCode', 'success', 'message', 'data']
2026-05-05 16:31:15,016 - root - INFO - API Response data is a list with 0 items
2026-05-05 16:31:15,016 - root - INFO - API Response has failCode: 0, message: historical data information query successful.
2026-05-05 16:31:15,016 - root - INFO - Using alternate response format: data as list
2026-05-05 16:31:15,016 - root - INFO - No data points returned for the query period
2026-05-05 16:31:15,016 - root - INFO - Using single devDn for device/history (API: one device per query)
2026-05-05 16:31:15,016 - root - INFO - Fetching historical data for 1 devices of type meter
2026-05-05 16:31:15,017 - root - INFO - Making API request to: https://sg5.fusionsolar.huawei.com/rest/openapi/pvms/nbi/v1/device/history
2026-05-05 16:31:15,017 - root - INFO - Request payload: {'devDn': 'NE=55409294', 'devTypeId': 17, 'startTime': 1777827601000, 'endTime': 1777913999000}
2026-05-05 16:31:15,349 - root - INFO - Response status code: 200
2026-05-05 16:31:15,349 - root - INFO - API response from https://sg5.fusionsolar.huawei.com/rest/openapi/pvms/nbi/v1/device/history (truncated): {'failCode': 407, 'success': False, 'message': 'Interface access frequency:0.39333333333333337/1second', 'data': []}
2026-05-05 16:31:15,350 - root - WARNING - API access frequency too high. Waiting 30 seconds before retry...
2026-05-05 16:31:45,349 - root - INFO - Retrying API request after rate limit wait...
2026-05-05 16:31:45,350 - root - INFO - Making API request to: https://sg5.fusionsolar.huawei.com/rest/openapi/pvms/nbi/v1/device/history
2026-05-05 16:31:45,350 - root - INFO - Request payload: {'devDn': 'NE=55409294', 'devTypeId': 17, 'startTime': 1777827601000, 'endTime': 1777913999000}
2026-05-05 16:31:45,850 - root - INFO - Response status code: 200
2026-05-05 16:31:45,854 - root - INFO - API response from https://sg5.fusionsolar.huawei.com/rest/openapi/pvms/nbi/v1/device/history (truncated): {'failCode': 0, 'success': True, 'message': 'historical data information query successful.', 'data': []}
2026-05-05 16:31:45,861 - root - INFO - API Response type: <class 'dict'>
2026-05-05 16:31:45,861 - root - INFO - API Response keys: ['failCode', 'success', 'message', 'data']
2026-05-05 16:31:45,861 - root - INFO - API Response data is a list with 0 items
2026-05-05 16:31:45,861 - root - INFO - API Response has failCode: 0, message: historical data information query successful.
2026-05-05 16:31:45,861 - root - INFO - Using alternate response format: data as list
2026-05-05 16:31:45,862 - root - INFO - No data points returned for the query period
2026-05-05 16:31:45,862 - root - INFO - Using single devDn for device/history (API: one device per query)
2026-05-05 16:31:45,866 - root - INFO - Fetching historical data for 1 devices of type meter
2026-05-05 16:31:45,867 - root - INFO - Making API request to: https://sg5.fusionsolar.huawei.com/rest/openapi/pvms/nbi/v1/device/history
2026-05-05 16:31:45,901 - root - INFO - Request payload: {'devDn': 'NE=52031811', 'devTypeId': 17, 'startTime': 1777827601000, 'endTime': 1777913999000}
2026-05-05 16:31:47,107 - root - INFO - Response status code: 200
2026-05-05 16:31:47,115 - root - INFO - API response from https://sg5.fusionsolar.huawei.com/rest/openapi/pvms/nbi/v1/device/history (truncated): {'failCode': 407, 'success': False, 'message': 'Interface access frequency:0.39333333333333337/1second', 'data': []}
2026-05-05 16:31:47,119 - root - WARNING - API access frequency too high. Waiting 30 seconds before retry...
2026-05-05 16:32:17,119 - root - INFO - Retrying API request after rate limit wait...
2026-05-05 16:32:17,119 - root - INFO - Making API request to: https://sg5.fusionsolar.huawei.com/rest/openapi/pvms/nbi/v1/device/history
2026-05-05 16:32:17,120 - root - INFO - Request payload: {'devDn': 'NE=52031811', 'devTypeId': 17, 'startTime': 1777827601000, 'endTime': 1777913999000}
2026-05-05 16:32:18,704 - root - INFO - Response status code: 200
2026-05-05 16:32:18,714 - root - INFO - API response from https://sg5.fusionsolar.huawei.com/rest/openapi/pvms/nbi/v1/device/history (truncated): {'failCode': 0, 'success': True, 'message': 'historical data information query successful.', 'data': [{'devDn': 'NE=52031811', 'collectTime': 1777827900000, 'dataItems': {'active_cap': 899.75, 'power_factor': 0.0, 'a_i': 0.0, 'c_i': 0.0, 'b_i': 0.0, 'reverse_reactive_valley': None, 'positive_reactive_peak': None, 'reverse_reactive_peak': None, 'reverse_active_peak': None, 'positive_active_peak': None, 'a_u': 0.0, 'reactive_power': 0.0, 'c_u': 0.0, 'total_apparent_power': 0.0, 'bc_u': 793.1, 'b_u...
2026-05-05 16:32:18,717 - root - INFO - API Response type: <class 'dict'>
2026-05-05 16:32:18,717 - root - INFO - API Response keys: ['failCode', 'success', 'message', 'data']
2026-05-05 16:32:18,717 - root - INFO - API Response data is a list with 287 items
2026-05-05 16:32:18,717 - root - INFO - API Response has failCode: 0, message: historical data information query successful.
2026-05-05 16:32:18,717 - root - INFO - Using alternate response format: data as list
2026-05-05 16:32:18,718 - root - INFO - Received 287 data points from API
2026-05-05 16:32:18,718 - root - INFO - Sample data point structure: ['devDn', 'collectTime', 'dataItems']
2026-05-05 16:32:18,811 - root - INFO - Successfully upserted 287 data points.
2026-05-05 16:32:23,005 - root - INFO - Using single devDn for device/history (API: one device per query)
2026-05-05 16:32:23,006 - root - INFO - Fetching historical data for 1 devices of type meter
2026-05-05 16:32:23,006 - root - INFO - Making API request to: https://sg5.fusionsolar.huawei.com/rest/openapi/pvms/nbi/v1/device/history
2026-05-05 16:32:23,006 - root - INFO - Request payload: {'devDn': 'NE=52031810', 'devTypeId': 17, 'startTime': 1777827601000, 'endTime': 1777913999000}
2026-05-05 16:32:24,647 - root - INFO - Response status code: 200
2026-05-05 16:32:24,657 - root - INFO - API response from https://sg5.fusionsolar.huawei.com/rest/openapi/pvms/nbi/v1/device/history (truncated): {'failCode': 0, 'success': True, 'message': 'historical data information query successful.', 'data': [{'devDn': 'NE=52031810', 'collectTime': 1777827900000, 'dataItems': {'active_cap': 10037700.38, 'power_factor': -0.237, 'a_i': 1.0, 'c_i': 0.7, 'b_i': 0.9, 'reverse_reactive_valley': None, 'positive_reactive_peak': None, 'reverse_reactive_peak': None, 'reverse_active_peak': None, 'positive_active_peak': None, 'a_u': 11861.47, 'reactive_power': -21813.0, 'c_u': 11792.77, 'total_apparent_power': 2...
2026-05-05 16:32:24,658 - root - INFO - API Response type: <class 'dict'>
2026-05-05 16:32:24,659 - root - INFO - API Response keys: ['failCode', 'success', 'message', 'data']
2026-05-05 16:32:24,659 - root - INFO - API Response data is a list with 287 items
2026-05-05 16:32:24,659 - root - INFO - API Response has failCode: 0, message: historical data information query successful.
2026-05-05 16:32:24,659 - root - INFO - Using alternate response format: data as list
2026-05-05 16:32:24,659 - root - INFO - Received 287 data points from API
2026-05-05 16:32:24,659 - root - INFO - Sample data point structure: ['devDn', 'collectTime', 'dataItems']
2026-05-05 16:32:24,756 - root - INFO - Successfully upserted 287 data points.
2026-05-05 16:32:28,487 - root - INFO - Using single devDn for device/history (API: one device per query)
2026-05-05 16:32:28,488 - root - INFO - Fetching historical data for 1 devices of type meter
2026-05-05 16:32:28,488 - root - INFO - Making API request to: https://sg5.fusionsolar.huawei.com/rest/openapi/pvms/nbi/v1/device/history
2026-05-05 16:32:28,488 - root - INFO - Request payload: {'devDn': 'NE=51758775', 'devTypeId': 17, 'startTime': 1777827601000, 'endTime': 1777913999000}
2026-05-05 16:32:29,914 - root - INFO - Response status code: 200
2026-05-05 16:32:29,923 - root - INFO - API response from https://sg5.fusionsolar.huawei.com/rest/openapi/pvms/nbi/v1/device/history (truncated): {'failCode': 0, 'success': True, 'message': 'historical data information query successful.', 'data': [{'devDn': 'NE=51758775', 'collectTime': 1777827900000, 'dataItems': {'active_cap': 257.83, 'power_factor': 0.0, 'a_i': 0.0, 'c_i': 0.0, 'b_i': 0.0, 'reverse_reactive_valley': None, 'positive_reactive_peak': None, 'reverse_reactive_peak': None, 'reverse_active_peak': None, 'positive_active_peak': None, 'a_u': 0.0, 'reactive_power': 0.0, 'c_u': 0.0, 'total_apparent_power': 0.0, 'bc_u': 816.42, 'b_...
2026-05-05 16:32:29,925 - root - INFO - API Response type: <class 'dict'>
2026-05-05 16:32:29,925 - root - INFO - API Response keys: ['failCode', 'success', 'message', 'data']
2026-05-05 16:32:29,925 - root - INFO - API Response data is a list with 287 items
2026-05-05 16:32:29,925 - root - INFO - API Response has failCode: 0, message: historical data information query successful.
2026-05-05 16:32:29,926 - root - INFO - Using alternate response format: data as list
2026-05-05 16:32:29,926 - root - INFO - Received 287 data points from API
2026-05-05 16:32:29,926 - root - INFO - Sample data point structure: ['devDn', 'collectTime', 'dataItems']
2026-05-05 16:32:30,026 - root - INFO - Successfully upserted 287 data points.
2026-05-05 16:32:33,983 - root - INFO - Using single devDn for device/history (API: one device per query)
2026-05-05 16:32:33,984 - root - INFO - Fetching historical data for 1 devices of type meter
2026-05-05 16:32:33,984 - root - INFO - Making API request to: https://sg5.fusionsolar.huawei.com/rest/openapi/pvms/nbi/v1/device/history
2026-05-05 16:32:33,984 - root - INFO - Request payload: {'devDn': 'NE=51758776', 'devTypeId': 17, 'startTime': 1777827601000, 'endTime': 1777913999000}
2026-05-05 16:32:35,787 - root - INFO - Response status code: 200
2026-05-05 16:32:35,796 - root - INFO - API response from https://sg5.fusionsolar.huawei.com/rest/openapi/pvms/nbi/v1/device/history (truncated): {'failCode': 0, 'success': True, 'message': 'historical data information query successful.', 'data': [{'devDn': 'NE=51758776', 'collectTime': 1777827900000, 'dataItems': {'active_cap': 0.0, 'power_factor': -0.976, 'a_i': 4.3, 'c_i': 0.7, 'b_i': 0.2, 'reverse_reactive_valley': None, 'positive_reactive_peak': None, 'reverse_reactive_peak': None, 'reverse_active_peak': None, 'positive_active_peak': None, 'a_u': 234.03, 'reactive_power': -253.0, 'c_u': 234.68, 'total_apparent_power': 1.172, 'bc_u': ...
2026-05-05 16:32:35,798 - root - INFO - API Response type: <class 'dict'>
2026-05-05 16:32:35,798 - root - INFO - API Response keys: ['failCode', 'success', 'message', 'data']
2026-05-05 16:32:35,798 - root - INFO - API Response data is a list with 287 items
2026-05-05 16:32:35,798 - root - INFO - API Response has failCode: 0, message: historical data information query successful.
2026-05-05 16:32:35,798 - root - INFO - Using alternate response format: data as list
2026-05-05 16:32:35,798 - root - INFO - Received 287 data points from API
2026-05-05 16:32:35,799 - root - INFO - Sample data point structure: ['devDn', 'collectTime', 'dataItems']
2026-05-05 16:32:35,901 - root - INFO - Successfully upserted 287 data points.
2026-05-05 16:32:39,497 - root - INFO - Using single devDn for device/history (API: one device per query)
2026-05-05 16:32:39,498 - root - INFO - Fetching historical data for 1 devices of type meter
2026-05-05 16:32:39,498 - root - INFO - Making API request to: https://sg5.fusionsolar.huawei.com/rest/openapi/pvms/nbi/v1/device/history
2026-05-05 16:32:39,499 - root - INFO - Request payload: {'devDn': 'NE=51758773', 'devTypeId': 17, 'startTime': 1777827601000, 'endTime': 1777913999000}
2026-05-05 16:32:40,896 - root - INFO - Response status code: 200
2026-05-05 16:32:40,906 - root - INFO - API response from https://sg5.fusionsolar.huawei.com/rest/openapi/pvms/nbi/v1/device/history (truncated): {'failCode': 0, 'success': True, 'message': 'historical data information query successful.', 'data': [{'devDn': 'NE=51758773', 'collectTime': 1777827900000, 'dataItems': {'active_cap': 17345.18, 'power_factor': 0.323, 'a_i': 0.2, 'c_i': 0.3, 'b_i': 0.2, 'reverse_reactive_valley': None, 'positive_reactive_peak': None, 'reverse_reactive_peak': None, 'reverse_active_peak': None, 'positive_active_peak': None, 'a_u': 11841.24, 'reactive_power': 5894.0, 'c_u': 11792.32, 'total_apparent_power': 6.228, ...
2026-05-05 16:32:40,908 - root - INFO - API Response type: <class 'dict'>
2026-05-05 16:32:40,908 - root - INFO - API Response keys: ['failCode', 'success', 'message', 'data']
2026-05-05 16:32:40,908 - root - INFO - API Response data is a list with 287 items
2026-05-05 16:32:40,909 - root - INFO - API Response has failCode: 0, message: historical data information query successful.
2026-05-05 16:32:40,909 - root - INFO - Using alternate response format: data as list
2026-05-05 16:32:40,909 - root - INFO - Received 287 data points from API
2026-05-05 16:32:40,909 - root - INFO - Sample data point structure: ['devDn', 'collectTime', 'dataItems']
2026-05-05 16:32:41,000 - root - INFO - Successfully upserted 287 data points.
2026-05-05 16:32:44,450 - root - INFO - Using single devDn for device/history (API: one device per query)
2026-05-05 16:32:44,451 - root - INFO - Fetching historical data for 1 devices of type meter
2026-05-05 16:32:44,451 - root - INFO - Making API request to: https://sg5.fusionsolar.huawei.com/rest/openapi/pvms/nbi/v1/device/history
2026-05-05 16:32:44,451 - root - INFO - Request payload: {'devDn': 'NE=51758774', 'devTypeId': 17, 'startTime': 1777827601000, 'endTime': 1777913999000}
2026-05-05 16:32:46,278 - root - INFO - Response status code: 200
2026-05-05 16:32:46,288 - root - INFO - API response from https://sg5.fusionsolar.huawei.com/rest/openapi/pvms/nbi/v1/device/history (truncated): {'failCode': 0, 'success': True, 'message': 'historical data information query successful.', 'data': [{'devDn': 'NE=51758774', 'collectTime': 1777827900000, 'dataItems': {'active_cap': 3490073.89, 'power_factor': -0.257, 'a_i': 0.2, 'c_i': 0.2, 'b_i': 0.2, 'reverse_reactive_valley': None, 'positive_reactive_peak': None, 'reverse_reactive_peak': None, 'reverse_active_peak': None, 'positive_active_peak': None, 'a_u': 11852.29, 'reactive_power': -7316.0, 'c_u': 11803.18, 'total_apparent_power': 7.5...
2026-05-05 16:32:46,290 - root - INFO - API Response type: <class 'dict'>
2026-05-05 16:32:46,290 - root - INFO - API Response keys: ['failCode', 'success', 'message', 'data']
2026-05-05 16:32:46,290 - root - INFO - API Response data is a list with 287 items
2026-05-05 16:32:46,291 - root - INFO - API Response has failCode: 0, message: historical data information query successful.
2026-05-05 16:32:46,291 - root - INFO - Using alternate response format: data as list
2026-05-05 16:32:46,291 - root - INFO - Received 287 data points from API
2026-05-05 16:32:46,291 - root - INFO - Sample data point structure: ['devDn', 'collectTime', 'dataItems']
2026-05-05 16:32:46,376 - root - INFO - Successfully upserted 287 data points.
2026-05-05 16:32:49,991 - root - INFO - Using single devDn for device/history (API: one device per query)
2026-05-05 16:32:49,992 - root - INFO - Fetching historical data for 1 devices of type meter
2026-05-05 16:32:49,992 - root - INFO - Making API request to: https://sg5.fusionsolar.huawei.com/rest/openapi/pvms/nbi/v1/device/history
2026-05-05 16:32:49,992 - root - INFO - Request payload: {'devDn': 'NE=59113616', 'devTypeId': 17, 'startTime': 1777827601000, 'endTime': 1777913999000}
2026-05-05 16:32:53,004 - root - INFO - Response status code: 200
2026-05-05 16:32:53,011 - root - INFO - API response from https://sg5.fusionsolar.huawei.com/rest/openapi/pvms/nbi/v1/device/history (truncated): {'failCode': 0, 'success': True, 'message': 'historical data information query successful.', 'data': [{'devDn': 'NE=59113616', 'collectTime': 1777827900000, 'dataItems': {'active_cap': None, 'power_factor': -0.905, 'a_i': 1.1, 'c_i': None, 'b_i': None, 'reverse_reactive_valley': None, 'positive_reactive_peak': None, 'reverse_reactive_peak': None, 'reverse_active_peak': None, 'positive_active_peak': None, 'a_u': 234.9, 'reactive_power': -91.0, 'c_u': None, 'total_apparent_power': 0.214, 'bc_u': N...
2026-05-05 16:32:53,013 - root - INFO - API Response type: <class 'dict'>
2026-05-05 16:32:53,013 - root - INFO - API Response keys: ['failCode', 'success', 'message', 'data']
2026-05-05 16:32:53,013 - root - INFO - API Response data is a list with 287 items
2026-05-05 16:32:53,014 - root - INFO - API Response has failCode: 0, message: historical data information query successful.
2026-05-05 16:32:53,014 - root - INFO - Using alternate response format: data as list
2026-05-05 16:32:53,014 - root - INFO - Received 287 data points from API
2026-05-05 16:32:53,014 - root - INFO - Sample data point structure: ['devDn', 'collectTime', 'dataItems']
2026-05-05 16:32:53,102 - root - INFO - Successfully upserted 287 data points.
2026-05-05 16:32:56,718 - root - INFO - Using single devDn for device/history (API: one device per query)
2026-05-05 16:32:56,719 - root - INFO - Fetching historical data for 1 devices of type meter
2026-05-05 16:32:56,719 - root - INFO - Making API request to: https://sg5.fusionsolar.huawei.com/rest/openapi/pvms/nbi/v1/device/history
2026-05-05 16:32:56,719 - root - INFO - Request payload: {'devDn': 'NE=58847996', 'devTypeId': 17, 'startTime': 1777827601000, 'endTime': 1777913999000}
2026-05-05 16:32:58,131 - root - INFO - Response status code: 200
2026-05-05 16:32:58,141 - root - INFO - API response from https://sg5.fusionsolar.huawei.com/rest/openapi/pvms/nbi/v1/device/history (truncated): {'failCode': 0, 'success': True, 'message': 'historical data information query successful.', 'data': [{'devDn': 'NE=58847996', 'collectTime': 1777827900000, 'dataItems': {'active_cap': 9495.92, 'power_factor': 0.184, 'a_i': 0.3, 'c_i': 0.4, 'b_i': 0.3, 'reverse_reactive_valley': None, 'positive_reactive_peak': None, 'reverse_reactive_peak': None, 'reverse_active_peak': None, 'positive_active_peak': None, 'a_u': 11828.96, 'reactive_power': 10320.0, 'c_u': 11786.44, 'total_apparent_power': 10.5, '...
2026-05-05 16:32:58,143 - root - INFO - API Response type: <class 'dict'>
2026-05-05 16:32:58,143 - root - INFO - API Response keys: ['failCode', 'success', 'message', 'data']
2026-05-05 16:32:58,143 - root - INFO - API Response data is a list with 287 items
2026-05-05 16:32:58,143 - root - INFO - API Response has failCode: 0, message: historical data information query successful.
2026-05-05 16:32:58,144 - root - INFO - Using alternate response format: data as list
2026-05-05 16:32:58,144 - root - INFO - Received 287 data points from API
2026-05-05 16:32:58,144 - root - INFO - Sample data point structure: ['devDn', 'collectTime', 'dataItems']
2026-05-05 16:32:58,234 - root - INFO - Successfully upserted 287 data points.
2026-05-05 16:33:02,156 - root - INFO - Using single devDn for device/history (API: one device per query)
2026-05-05 16:33:02,157 - root - INFO - Fetching historical data for 1 devices of type meter
2026-05-05 16:33:02,157 - root - INFO - Making API request to: https://sg5.fusionsolar.huawei.com/rest/openapi/pvms/nbi/v1/device/history
2026-05-05 16:33:02,157 - root - INFO - Request payload: {'devDn': 'NE=58847458', 'devTypeId': 17, 'startTime': 1777827601000, 'endTime': 1777913999000}
2026-05-05 16:33:03,894 - root - INFO - Response status code: 200
2026-05-05 16:33:03,904 - root - INFO - API response from https://sg5.fusionsolar.huawei.com/rest/openapi/pvms/nbi/v1/device/history (truncated): {'failCode': 0, 'success': True, 'message': 'historical data information query successful.', 'data': [{'devDn': 'NE=58847458', 'collectTime': 1777827900000, 'dataItems': {'active_cap': 36746.12, 'power_factor': 0.146, 'a_i': 0.3, 'c_i': 0.4, 'b_i': 0.3, 'reverse_reactive_valley': None, 'positive_reactive_peak': None, 'reverse_reactive_peak': None, 'reverse_active_peak': None, 'positive_active_peak': None, 'a_u': 11819.93, 'reactive_power': 12991.0, 'c_u': 11773.7, 'total_apparent_power': 13.133,...
2026-05-05 16:33:03,906 - root - INFO - API Response type: <class 'dict'>
2026-05-05 16:33:03,906 - root - INFO - API Response keys: ['failCode', 'success', 'message', 'data']
2026-05-05 16:33:03,906 - root - INFO - API Response data is a list with 287 items
2026-05-05 16:33:03,906 - root - INFO - API Response has failCode: 0, message: historical data information query successful.
2026-05-05 16:33:03,906 - root - INFO - Using alternate response format: data as list
2026-05-05 16:33:03,907 - root - INFO - Received 287 data points from API
2026-05-05 16:33:03,907 - root - INFO - Sample data point structure: ['devDn', 'collectTime', 'dataItems']
2026-05-05 16:33:03,999 - root - INFO - Successfully upserted 287 data points.
2026-05-05 16:33:07,300 - root - INFO - Using single devDn for device/history (API: one device per query)
2026-05-05 16:33:07,302 - root - INFO - Fetching historical data for 1 devices of type meter
2026-05-05 16:33:07,302 - root - INFO - Making API request to: https://sg5.fusionsolar.huawei.com/rest/openapi/pvms/nbi/v1/device/history
2026-05-05 16:33:07,302 - root - INFO - Request payload: {'devDn': 'NE=58847456', 'devTypeId': 17, 'startTime': 1777827601000, 'endTime': 1777913999000}
2026-05-05 16:33:08,736 - root - INFO - Response status code: 200
2026-05-05 16:33:08,745 - root - INFO - API response from https://sg5.fusionsolar.huawei.com/rest/openapi/pvms/nbi/v1/device/history (truncated): {'failCode': 0, 'success': True, 'message': 'historical data information query successful.', 'data': [{'devDn': 'NE=58847456', 'collectTime': 1777827900000, 'dataItems': {'active_cap': 60.38, 'power_factor': 0.0, 'a_i': 0.0, 'c_i': 0.0, 'b_i': 0.0, 'reverse_reactive_valley': None, 'positive_reactive_peak': None, 'reverse_reactive_peak': None, 'reverse_active_peak': None, 'positive_active_peak': None, 'a_u': 229.18, 'reactive_power': 0.0, 'c_u': 229.65, 'total_apparent_power': 0.0, 'bc_u': 399.03...
2026-05-05 16:33:08,747 - root - INFO - API Response type: <class 'dict'>
2026-05-05 16:33:08,747 - root - INFO - API Response keys: ['failCode', 'success', 'message', 'data']
2026-05-05 16:33:08,747 - root - INFO - API Response data is a list with 260 items
2026-05-05 16:33:08,747 - root - INFO - API Response has failCode: 0, message: historical data information query successful.
2026-05-05 16:33:08,748 - root - INFO - Using alternate response format: data as list
2026-05-05 16:33:08,748 - root - INFO - Received 260 data points from API
2026-05-05 16:33:08,748 - root - INFO - Sample data point structure: ['devDn', 'collectTime', 'dataItems']
2026-05-05 16:33:08,842 - root - INFO - Successfully upserted 260 data points.
2026-05-05 16:33:12,586 - root - INFO - Using single devDn for device/history (API: one device per query)
2026-05-05 16:33:12,587 - root - INFO - Fetching historical data for 1 devices of type meter
2026-05-05 16:33:12,588 - root - INFO - Making API request to: https://sg5.fusionsolar.huawei.com/rest/openapi/pvms/nbi/v1/device/history
2026-05-05 16:33:12,588 - root - INFO - Request payload: {'devDn': 'NE=58630786', 'devTypeId': 17, 'startTime': 1777827601000, 'endTime': 1777913999000}
2026-05-05 16:33:14,017 - root - INFO - Response status code: 200
2026-05-05 16:33:14,027 - root - INFO - API response from https://sg5.fusionsolar.huawei.com/rest/openapi/pvms/nbi/v1/device/history (truncated): {'failCode': 0, 'success': True, 'message': 'historical data information query successful.', 'data': [{'devDn': 'NE=58630786', 'collectTime': 1777827900000, 'dataItems': {'active_cap': 89.12, 'power_factor': 0.0, 'a_i': 0.0, 'c_i': 0.0, 'b_i': 0.0, 'reverse_reactive_valley': None, 'positive_reactive_peak': None, 'reverse_reactive_peak': None, 'reverse_active_peak': None, 'positive_active_peak': None, 'a_u': 228.49, 'reactive_power': 0.0, 'c_u': 229.26, 'total_apparent_power': 0.0, 'bc_u': 398.2,...
2026-05-05 16:33:14,029 - root - INFO - API Response type: <class 'dict'>
2026-05-05 16:33:14,029 - root - INFO - API Response keys: ['failCode', 'success', 'message', 'data']
2026-05-05 16:33:14,029 - root - INFO - API Response data is a list with 287 items
2026-05-05 16:33:14,029 - root - INFO - API Response has failCode: 0, message: historical data information query successful.
2026-05-05 16:33:14,030 - root - INFO - Using alternate response format: data as list
2026-05-05 16:33:14,030 - root - INFO - Received 287 data points from API
2026-05-05 16:33:14,030 - root - INFO - Sample data point structure: ['devDn', 'collectTime', 'dataItems']
2026-05-05 16:33:14,119 - root - INFO - Successfully upserted 287 data points.
2026-05-05 16:33:17,358 - root - INFO - Using single devDn for device/history (API: one device per query)
2026-05-05 16:33:17,359 - root - INFO - Fetching historical data for 1 devices of type meter
2026-05-05 16:33:17,360 - root - INFO - Making API request to: https://sg5.fusionsolar.huawei.com/rest/openapi/pvms/nbi/v1/device/history
2026-05-05 16:33:17,360 - root - INFO - Request payload: {'devDn': 'NE=58795824', 'devTypeId': 17, 'startTime': 1777827601000, 'endTime': 1777913999000}
2026-05-05 16:33:18,911 - root - INFO - Response status code: 200
2026-05-05 16:33:18,921 - root - INFO - API response from https://sg5.fusionsolar.huawei.com/rest/openapi/pvms/nbi/v1/device/history (truncated): {'failCode': 0, 'success': True, 'message': 'historical data information query successful.', 'data': [{'devDn': 'NE=58795824', 'collectTime': 1777827900000, 'dataItems': {'active_cap': 8894.33, 'power_factor': 0.216, 'a_i': 0.3, 'c_i': 0.4, 'b_i': 0.3, 'reverse_reactive_valley': None, 'positive_reactive_peak': None, 'reverse_reactive_peak': None, 'reverse_active_peak': None, 'positive_active_peak': None, 'a_u': 11851.01, 'reactive_power': 8538.0, 'c_u': 11789.51, 'total_apparent_power': 8.745, '...
2026-05-05 16:33:18,923 - root - INFO - API Response type: <class 'dict'>
2026-05-05 16:33:18,923 - root - INFO - API Response keys: ['failCode', 'success', 'message', 'data']
2026-05-05 16:33:18,923 - root - INFO - API Response data is a list with 287 items
2026-05-05 16:33:18,924 - root - INFO - API Response has failCode: 0, message: historical data information query successful.
2026-05-05 16:33:18,936 - root - INFO - Using alternate response format: data as list
2026-05-05 16:33:18,937 - root - INFO - Received 287 data points from API
2026-05-05 16:33:18,937 - root - INFO - Sample data point structure: ['devDn', 'collectTime', 'dataItems']
2026-05-05 16:33:19,039 - root - INFO - Successfully upserted 287 data points.
2026-05-05 16:33:22,463 - root - INFO - Using single devDn for device/history (API: one device per query)
2026-05-05 16:33:22,464 - root - INFO - Fetching historical data for 1 devices of type meter
2026-05-05 16:33:22,464 - root - INFO - Making API request to: https://sg5.fusionsolar.huawei.com/rest/openapi/pvms/nbi/v1/device/history
2026-05-05 16:33:22,464 - root - INFO - Request payload: {'devDn': 'NE=58795822', 'devTypeId': 17, 'startTime': 1777827601000, 'endTime': 1777913999000}
2026-05-05 16:33:23,955 - root - INFO - Response status code: 200
2026-05-05 16:33:23,965 - root - INFO - API response from https://sg5.fusionsolar.huawei.com/rest/openapi/pvms/nbi/v1/device/history (truncated): {'failCode': 0, 'success': True, 'message': 'historical data information query successful.', 'data': [{'devDn': 'NE=58795822', 'collectTime': 1777827900000, 'dataItems': {'active_cap': 69231.45, 'power_factor': 0.153, 'a_i': 0.3, 'c_i': 0.4, 'b_i': 0.3, 'reverse_reactive_valley': None, 'positive_reactive_peak': None, 'reverse_reactive_peak': None, 'reverse_active_peak': None, 'positive_active_peak': None, 'a_u': 11826.82, 'reactive_power': 11751.0, 'c_u': 11765.07, 'total_apparent_power': 11.891...
2026-05-05 16:33:23,967 - root - INFO - API Response type: <class 'dict'>
2026-05-05 16:33:23,967 - root - INFO - API Response keys: ['failCode', 'success', 'message', 'data']
2026-05-05 16:33:23,967 - root - INFO - API Response data is a list with 287 items
2026-05-05 16:33:23,967 - root - INFO - API Response has failCode: 0, message: historical data information query successful.
2026-05-05 16:33:23,968 - root - INFO - Using alternate response format: data as list
2026-05-05 16:33:23,968 - root - INFO - Received 287 data points from API
2026-05-05 16:33:23,968 - root - INFO - Sample data point structure: ['devDn', 'collectTime', 'dataItems']
2026-05-05 16:33:24,055 - root - INFO - Successfully upserted 287 data points.
2026-05-05 16:33:27,272 - root - INFO - Using single devDn for device/history (API: one device per query)
2026-05-05 16:33:27,273 - root - INFO - Fetching historical data for 1 devices of type meter
2026-05-05 16:33:27,273 - root - INFO - Making API request to: https://sg5.fusionsolar.huawei.com/rest/openapi/pvms/nbi/v1/device/history
2026-05-05 16:33:27,273 - root - INFO - Request payload: {'devDn': 'NE=59087192', 'devTypeId': 17, 'startTime': 1777827601000, 'endTime': 1777913999000}
2026-05-05 16:33:29,447 - root - INFO - Response status code: 200
2026-05-05 16:33:29,454 - root - INFO - API response from https://sg5.fusionsolar.huawei.com/rest/openapi/pvms/nbi/v1/device/history (truncated): {'failCode': 0, 'success': True, 'message': 'historical data information query successful.', 'data': [{'devDn': 'NE=59087192', 'collectTime': 1777827900000, 'dataItems': {'active_cap': None, 'power_factor': -0.923, 'a_i': 1.2, 'c_i': None, 'b_i': None, 'reverse_reactive_valley': None, 'positive_reactive_peak': None, 'reverse_reactive_peak': None, 'reverse_active_peak': None, 'positive_active_peak': None, 'a_u': 233.6, 'reactive_power': -90.0, 'c_u': None, 'total_apparent_power': 0.235, 'bc_u': N...
2026-05-05 16:33:29,457 - root - INFO - API Response type: <class 'dict'>
2026-05-05 16:33:29,457 - root - INFO - API Response keys: ['failCode', 'success', 'message', 'data']
2026-05-05 16:33:29,457 - root - INFO - API Response data is a list with 287 items
2026-05-05 16:33:29,458 - root - INFO - API Response has failCode: 0, message: historical data information query successful.
2026-05-05 16:33:29,458 - root - INFO - Using alternate response format: data as list
2026-05-05 16:33:29,458 - root - INFO - Received 287 data points from API
2026-05-05 16:33:29,458 - root - INFO - Sample data point structure: ['devDn', 'collectTime', 'dataItems']
2026-05-05 16:33:29,539 - root - INFO - Successfully upserted 287 data points.
2026-05-05 16:33:32,860 - root - INFO - Using single devDn for device/history (API: one device per query)
2026-05-05 16:33:32,861 - root - INFO - Fetching historical data for 1 devices of type meter
2026-05-05 16:33:32,861 - root - INFO - Making API request to: https://sg5.fusionsolar.huawei.com/rest/openapi/pvms/nbi/v1/device/history
2026-05-05 16:33:32,861 - root - INFO - Request payload: {'devDn': 'NE=54435799', 'devTypeId': 17, 'startTime': 1777827601000, 'endTime': 1777913999000}
2026-05-05 16:33:34,981 - root - INFO - Response status code: 200
2026-05-05 16:33:34,990 - root - INFO - API response from https://sg5.fusionsolar.huawei.com/rest/openapi/pvms/nbi/v1/device/history (truncated): {'failCode': 0, 'success': True, 'message': 'historical data information query successful.', 'data': [{'devDn': 'NE=54435799', 'collectTime': 1777827900000, 'dataItems': {'active_cap': 0.0, 'power_factor': -1.0, 'a_i': 0.6, 'c_i': None, 'b_i': None, 'reverse_reactive_valley': None, 'positive_reactive_peak': None, 'reverse_reactive_peak': None, 'reverse_active_peak': None, 'positive_active_peak': None, 'a_u': 235.5, 'reactive_power': -30.0, 'c_u': None, 'total_apparent_power': 0.115, 'bc_u': None...
2026-05-05 16:33:34,992 - root - INFO - API Response type: <class 'dict'>
2026-05-05 16:33:34,992 - root - INFO - API Response keys: ['failCode', 'success', 'message', 'data']
2026-05-05 16:33:34,992 - root - INFO - API Response data is a list with 287 items
2026-05-05 16:33:34,992 - root - INFO - API Response has failCode: 0, message: historical data information query successful.
2026-05-05 16:33:34,993 - root - INFO - Using alternate response format: data as list
2026-05-05 16:33:34,993 - root - INFO - Received 287 data points from API
2026-05-05 16:33:34,993 - root - INFO - Sample data point structure: ['devDn', 'collectTime', 'dataItems']
2026-05-05 16:33:35,083 - root - INFO - Successfully upserted 287 data points.
2026-05-05 16:33:38,987 - root - INFO - Using single devDn for device/history (API: one device per query)
2026-05-05 16:33:38,988 - root - INFO - Fetching historical data for 1 devices of type meter
2026-05-05 16:33:38,988 - root - INFO - Making API request to: https://sg5.fusionsolar.huawei.com/rest/openapi/pvms/nbi/v1/device/history
2026-05-05 16:33:38,988 - root - INFO - Request payload: {'devDn': 'NE=54435800', 'devTypeId': 17, 'startTime': 1777827601000, 'endTime': 1777913999000}
2026-05-05 16:33:40,400 - root - INFO - Response status code: 200
2026-05-05 16:33:40,410 - root - INFO - API response from https://sg5.fusionsolar.huawei.com/rest/openapi/pvms/nbi/v1/device/history (truncated): {'failCode': 0, 'success': True, 'message': 'historical data information query successful.', 'data': [{'devDn': 'NE=54435800', 'collectTime': 1777827900000, 'dataItems': {'active_cap': 68.07, 'power_factor': 0.0, 'a_i': 4.0, 'c_i': 4.0, 'b_i': 4.1, 'reverse_reactive_valley': None, 'positive_reactive_peak': None, 'reverse_reactive_peak': None, 'reverse_active_peak': None, 'positive_active_peak': None, 'a_u': 235.22, 'reactive_power': -2808.0, 'c_u': 235.12, 'total_apparent_power': 2.808, 'bc_u': ...
2026-05-05 16:33:40,412 - root - INFO - API Response type: <class 'dict'>
2026-05-05 16:33:40,412 - root - INFO - API Response keys: ['failCode', 'success', 'message', 'data']
2026-05-05 16:33:40,412 - root - INFO - API Response data is a list with 287 items
2026-05-05 16:33:40,412 - root - INFO - API Response has failCode: 0, message: historical data information query successful.
2026-05-05 16:33:40,412 - root - INFO - Using alternate response format: data as list
2026-05-05 16:33:40,412 - root - INFO - Received 287 data points from API
2026-05-05 16:33:40,412 - root - INFO - Sample data point structure: ['devDn', 'collectTime', 'dataItems']
2026-05-05 16:33:40,498 - root - INFO - Successfully upserted 287 data points.
2026-05-05 16:33:44,142 - root - INFO - Using single devDn for device/history (API: one device per query)
2026-05-05 16:33:44,143 - root - INFO - Fetching historical data for 1 devices of type meter
2026-05-05 16:33:44,143 - root - INFO - Making API request to: https://sg5.fusionsolar.huawei.com/rest/openapi/pvms/nbi/v1/device/history
2026-05-05 16:33:44,143 - root - INFO - Request payload: {'devDn': 'NE=54435801', 'devTypeId': 17, 'startTime': 1777827601000, 'endTime': 1777913999000}
2026-05-05 16:33:46,218 - root - INFO - Response status code: 200
2026-05-05 16:33:46,227 - root - INFO - API response from https://sg5.fusionsolar.huawei.com/rest/openapi/pvms/nbi/v1/device/history (truncated): {'failCode': 0, 'success': True, 'message': 'historical data information query successful.', 'data': [{'devDn': 'NE=54435801', 'collectTime': 1777827900000, 'dataItems': {'active_cap': 32.94, 'power_factor': -0.011, 'a_i': 4.1, 'c_i': 4.1, 'b_i': 4.1, 'reverse_reactive_valley': None, 'positive_reactive_peak': None, 'reverse_reactive_peak': None, 'reverse_active_peak': None, 'positive_active_peak': None, 'a_u': 235.56, 'reactive_power': -2914.0, 'c_u': 235.35, 'total_apparent_power': 2.914, 'bc_u...
2026-05-05 16:33:46,229 - root - INFO - API Response type: <class 'dict'>
2026-05-05 16:33:46,230 - root - INFO - API Response keys: ['failCode', 'success', 'message', 'data']
2026-05-05 16:33:46,230 - root - INFO - API Response data is a list with 287 items
2026-05-05 16:33:46,230 - root - INFO - API Response has failCode: 0, message: historical data information query successful.
2026-05-05 16:33:46,230 - root - INFO - Using alternate response format: data as list
2026-05-05 16:33:46,230 - root - INFO - Received 287 data points from API
2026-05-05 16:33:46,230 - root - INFO - Sample data point structure: ['devDn', 'collectTime', 'dataItems']
2026-05-05 16:33:46,317 - root - INFO - Successfully upserted 287 data points.
2026-05-05 16:33:49,841 - root - INFO - Using single devDn for device/history (API: one device per query)
2026-05-05 16:33:49,842 - root - INFO - Fetching historical data for 1 devices of type meter
2026-05-05 16:33:49,842 - root - INFO - Making API request to: https://sg5.fusionsolar.huawei.com/rest/openapi/pvms/nbi/v1/device/history
2026-05-05 16:33:49,842 - root - INFO - Request payload: {'devDn': 'NE=62806365', 'devTypeId': 17, 'startTime': 1777827601000, 'endTime': 1777913999000}
2026-05-05 16:33:51,970 - root - INFO - Response status code: 200
2026-05-05 16:33:51,978 - root - INFO - API response from https://sg5.fusionsolar.huawei.com/rest/openapi/pvms/nbi/v1/device/history (truncated): {'failCode': 0, 'success': True, 'message': 'historical data information query successful.', 'data': [{'devDn': 'NE=62806365', 'collectTime': 1777827900000, 'dataItems': {'active_cap': None, 'power_factor': 0.0, 'a_i': 1.2, 'c_i': 0.0, 'b_i': 0.0, 'reverse_reactive_valley': None, 'positive_reactive_peak': None, 'reverse_reactive_peak': None, 'reverse_active_peak': None, 'positive_active_peak': None, 'a_u': 219.5, 'reactive_power': -20.0, 'c_u': 0.0, 'total_apparent_power': 0.184, 'bc_u': 0.0, 'b...
2026-05-05 16:33:51,980 - root - INFO - API Response type: <class 'dict'>
2026-05-05 16:33:51,980 - root - INFO - API Response keys: ['failCode', 'success', 'message', 'data']
2026-05-05 16:33:51,980 - root - INFO - API Response data is a list with 287 items
2026-05-05 16:33:51,980 - root - INFO - API Response has failCode: 0, message: historical data information query successful.
2026-05-05 16:33:51,981 - root - INFO - Using alternate response format: data as list
2026-05-05 16:33:51,981 - root - INFO - Received 287 data points from API
2026-05-05 16:33:51,981 - root - INFO - Sample data point structure: ['devDn', 'collectTime', 'dataItems']
2026-05-05 16:33:52,072 - root - INFO - Successfully upserted 287 data points.
2026-05-05 16:33:55,978 - root - INFO - Using single devDn for device/history (API: one device per query)
2026-05-05 16:33:55,980 - root - INFO - Fetching historical data for 1 devices of type meter
2026-05-05 16:33:55,980 - root - INFO - Making API request to: https://sg5.fusionsolar.huawei.com/rest/openapi/pvms/nbi/v1/device/history
2026-05-05 16:33:55,980 - root - INFO - Request payload: {'devDn': 'NE=62806366', 'devTypeId': 17, 'startTime': 1777827601000, 'endTime': 1777913999000}
2026-05-05 16:33:57,558 - root - INFO - Response status code: 200
2026-05-05 16:33:57,567 - root - INFO - API response from https://sg5.fusionsolar.huawei.com/rest/openapi/pvms/nbi/v1/device/history (truncated): {'failCode': 0, 'success': True, 'message': 'historical data information query successful.', 'data': [{'devDn': 'NE=62806366', 'collectTime': 1777827900000, 'dataItems': {'active_cap': 1.23, 'power_factor': 0.0, 'a_i': 0.0, 'c_i': 0.0, 'b_i': 0.0, 'reverse_reactive_valley': None, 'positive_reactive_peak': None, 'reverse_reactive_peak': None, 'reverse_active_peak': None, 'positive_active_peak': None, 'a_u': 0.0, 'reactive_power': 0.0, 'c_u': 0.0, 'total_apparent_power': 0.0, 'bc_u': 21256.66, 'b_...
2026-05-05 16:33:57,569 - root - INFO - API Response type: <class 'dict'>
2026-05-05 16:33:57,569 - root - INFO - API Response keys: ['failCode', 'success', 'message', 'data']
2026-05-05 16:33:57,569 - root - INFO - API Response data is a list with 287 items
2026-05-05 16:33:57,569 - root - INFO - API Response has failCode: 0, message: historical data information query successful.
2026-05-05 16:33:57,570 - root - INFO - Using alternate response format: data as list
2026-05-05 16:33:57,570 - root - INFO - Received 287 data points from API
2026-05-05 16:33:57,570 - root - INFO - Sample data point structure: ['devDn', 'collectTime', 'dataItems']
2026-05-05 16:33:57,658 - root - INFO - Successfully upserted 287 data points.
2026-05-05 16:34:00,910 - root - INFO - Using single devDn for device/history (API: one device per query)
2026-05-05 16:34:00,911 - root - INFO - Fetching historical data for 1 devices of type meter
2026-05-05 16:34:00,911 - root - INFO - Making API request to: https://sg5.fusionsolar.huawei.com/rest/openapi/pvms/nbi/v1/device/history
2026-05-05 16:34:00,912 - root - INFO - Request payload: {'devDn': 'NE=62806363', 'devTypeId': 17, 'startTime': 1777827601000, 'endTime': 1777913999000}
2026-05-05 16:34:02,422 - root - INFO - Response status code: 200
2026-05-05 16:34:02,432 - root - INFO - API response from https://sg5.fusionsolar.huawei.com/rest/openapi/pvms/nbi/v1/device/history (truncated): {'failCode': 0, 'success': True, 'message': 'historical data information query successful.', 'data': [{'devDn': 'NE=62806363', 'collectTime': 1777827900000, 'dataItems': {'active_cap': 1113.34, 'power_factor': -0.017, 'a_i': 13.3, 'c_i': 13.1, 'b_i': 13.7, 'reverse_reactive_valley': None, 'positive_reactive_peak': None, 'reverse_reactive_peak': None, 'reverse_active_peak': None, 'positive_active_peak': None, 'a_u': 229.91, 'reactive_power': -8988.0, 'c_u': 231.47, 'total_apparent_power': 8.99, '...
2026-05-05 16:34:02,434 - root - INFO - API Response type: <class 'dict'>
2026-05-05 16:34:02,435 - root - INFO - API Response keys: ['failCode', 'success', 'message', 'data']
2026-05-05 16:34:02,435 - root - INFO - API Response data is a list with 287 items
2026-05-05 16:34:02,435 - root - INFO - API Response has failCode: 0, message: historical data information query successful.
2026-05-05 16:34:02,435 - root - INFO - Using alternate response format: data as list
2026-05-05 16:34:02,435 - root - INFO - Received 287 data points from API
2026-05-05 16:34:02,435 - root - INFO - Sample data point structure: ['devDn', 'collectTime', 'dataItems']
2026-05-05 16:34:02,522 - root - INFO - Successfully upserted 287 data points.
2026-05-05 16:34:06,100 - root - INFO - Using single devDn for device/history (API: one device per query)
2026-05-05 16:34:06,101 - root - INFO - Fetching historical data for 1 devices of type meter
2026-05-05 16:34:06,101 - root - INFO - Making API request to: https://sg5.fusionsolar.huawei.com/rest/openapi/pvms/nbi/v1/device/history
2026-05-05 16:34:06,101 - root - INFO - Request payload: {'devDn': 'NE=62806364', 'devTypeId': 17, 'startTime': 1777827601000, 'endTime': 1777913999000}
2026-05-05 16:34:07,805 - root - INFO - Response status code: 200
2026-05-05 16:34:07,816 - root - INFO - API response from https://sg5.fusionsolar.huawei.com/rest/openapi/pvms/nbi/v1/device/history (truncated): {'failCode': 0, 'success': True, 'message': 'historical data information query successful.', 'data': [{'devDn': 'NE=62806364', 'collectTime': 1777827900000, 'dataItems': {'active_cap': 431.55, 'power_factor': -0.017, 'a_i': 14.9, 'c_i': 14.5, 'b_i': 14.2, 'reverse_reactive_valley': None, 'positive_reactive_peak': None, 'reverse_reactive_peak': None, 'reverse_active_peak': None, 'positive_active_peak': None, 'a_u': 229.91, 'reactive_power': -10038.0, 'c_u': 230.99, 'total_apparent_power': 10.04, ...
2026-05-05 16:34:07,818 - root - INFO - API Response type: <class 'dict'>
2026-05-05 16:34:07,818 - root - INFO - API Response keys: ['failCode', 'success', 'message', 'data']
2026-05-05 16:34:07,819 - root - INFO - API Response data is a list with 287 items
2026-05-05 16:34:07,819 - root - INFO - API Response has failCode: 0, message: historical data information query successful.
2026-05-05 16:34:07,819 - root - INFO - Using alternate response format: data as list
2026-05-05 16:34:07,819 - root - INFO - Received 287 data points from API
2026-05-05 16:34:07,819 - root - INFO - Sample data point structure: ['devDn', 'collectTime', 'dataItems']
2026-05-05 16:34:07,908 - root - INFO - Successfully upserted 287 data points.
2026-05-05 16:34:11,072 - root - INFO - Using single devDn for device/history (API: one device per query)
2026-05-05 16:34:11,090 - root - INFO - Fetching historical data for 1 devices of type meter
2026-05-05 16:34:11,090 - root - INFO - Making API request to: https://sg5.fusionsolar.huawei.com/rest/openapi/pvms/nbi/v1/device/history
2026-05-05 16:34:11,090 - root - INFO - Request payload: {'devDn': 'NE=54436515', 'devTypeId': 17, 'startTime': 1777827601000, 'endTime': 1777913999000}
2026-05-05 16:34:13,783 - root - INFO - Response status code: 200
2026-05-05 16:34:13,791 - root - INFO - API response from https://sg5.fusionsolar.huawei.com/rest/openapi/pvms/nbi/v1/device/history (truncated): {'failCode': 0, 'success': True, 'message': 'historical data information query successful.', 'data': [{'devDn': 'NE=54436515', 'collectTime': 1777827900000, 'dataItems': {'active_cap': 0.0, 'power_factor': -0.942, 'a_i': 0.4, 'c_i': None, 'b_i': None, 'reverse_reactive_valley': None, 'positive_reactive_peak': None, 'reverse_reactive_peak': None, 'reverse_active_peak': None, 'positive_active_peak': None, 'a_u': 237.5, 'reactive_power': -30.0, 'c_u': None, 'total_apparent_power': 0.09, 'bc_u': Non...
2026-05-05 16:34:13,793 - root - INFO - API Response type: <class 'dict'>
2026-05-05 16:34:13,793 - root - INFO - API Response keys: ['failCode', 'success', 'message', 'data']
2026-05-05 16:34:13,793 - root - INFO - API Response data is a list with 287 items
2026-05-05 16:34:13,793 - root - INFO - API Response has failCode: 0, message: historical data information query successful.
2026-05-05 16:34:13,794 - root - INFO - Using alternate response format: data as list
2026-05-05 16:34:13,794 - root - INFO - Received 287 data points from API
2026-05-05 16:34:13,794 - root - INFO - Sample data point structure: ['devDn', 'collectTime', 'dataItems']
2026-05-05 16:34:13,888 - root - INFO - Successfully upserted 287 data points.
2026-05-05 16:34:17,279 - root - INFO - Using single devDn for device/history (API: one device per query)
2026-05-05 16:34:17,280 - root - INFO - Fetching historical data for 1 devices of type meter
2026-05-05 16:34:17,280 - root - INFO - Making API request to: https://sg5.fusionsolar.huawei.com/rest/openapi/pvms/nbi/v1/device/history
2026-05-05 16:34:17,280 - root - INFO - Request payload: {'devDn': 'NE=54436516', 'devTypeId': 17, 'startTime': 1777827601000, 'endTime': 1777913999000}
2026-05-05 16:34:18,971 - root - INFO - Response status code: 200
2026-05-05 16:34:18,981 - root - INFO - API response from https://sg5.fusionsolar.huawei.com/rest/openapi/pvms/nbi/v1/device/history (truncated): {'failCode': 0, 'success': True, 'message': 'historical data information query successful.', 'data': [{'devDn': 'NE=54436516', 'collectTime': 1777827900000, 'dataItems': {'active_cap': 315.7, 'power_factor': -0.008, 'a_i': 7.4, 'c_i': 7.3, 'b_i': 7.2, 'reverse_reactive_valley': None, 'positive_reactive_peak': None, 'reverse_reactive_peak': None, 'reverse_active_peak': None, 'positive_active_peak': None, 'a_u': 237.34, 'reactive_power': -5180.0, 'c_u': 239.82, 'total_apparent_power': 5.18, 'bc_u'...
2026-05-05 16:34:18,983 - root - INFO - API Response type: <class 'dict'>
2026-05-05 16:34:18,983 - root - INFO - API Response keys: ['failCode', 'success', 'message', 'data']
2026-05-05 16:34:18,983 - root - INFO - API Response data is a list with 287 items
2026-05-05 16:34:18,983 - root - INFO - API Response has failCode: 0, message: historical data information query successful.
2026-05-05 16:34:18,983 - root - INFO - Using alternate response format: data as list
2026-05-05 16:34:18,984 - root - INFO - Received 287 data points from API
2026-05-05 16:34:18,984 - root - INFO - Sample data point structure: ['devDn', 'collectTime', 'dataItems']
2026-05-05 16:34:19,082 - root - INFO - Successfully upserted 287 data points.
2026-05-05 16:34:22,598 - root - INFO - Using single devDn for device/history (API: one device per query)
2026-05-05 16:34:22,600 - root - INFO - Fetching historical data for 1 devices of type meter
2026-05-05 16:34:22,600 - root - INFO - Making API request to: https://sg5.fusionsolar.huawei.com/rest/openapi/pvms/nbi/v1/device/history
2026-05-05 16:34:22,600 - root - INFO - Request payload: {'devDn': 'NE=54436517', 'devTypeId': 17, 'startTime': 1777827601000, 'endTime': 1777913999000}
2026-05-05 16:34:24,197 - root - INFO - Response status code: 200
2026-05-05 16:34:24,206 - root - INFO - API response from https://sg5.fusionsolar.huawei.com/rest/openapi/pvms/nbi/v1/device/history (truncated): {'failCode': 0, 'success': True, 'message': 'historical data information query successful.', 'data': [{'devDn': 'NE=54436517', 'collectTime': 1777827900000, 'dataItems': {'active_cap': 314.86, 'power_factor': -0.002, 'a_i': 7.3, 'c_i': 7.5, 'b_i': 7.4, 'reverse_reactive_valley': None, 'positive_reactive_peak': None, 'reverse_reactive_peak': None, 'reverse_active_peak': None, 'positive_active_peak': None, 'a_u': 237.24, 'reactive_power': -5318.0, 'c_u': 239.53, 'total_apparent_power': 5.318, 'bc_...
2026-05-05 16:34:24,208 - root - INFO - API Response type: <class 'dict'>
2026-05-05 16:34:24,208 - root - INFO - API Response keys: ['failCode', 'success', 'message', 'data']
2026-05-05 16:34:24,208 - root - INFO - API Response data is a list with 287 items
2026-05-05 16:34:24,208 - root - INFO - API Response has failCode: 0, message: historical data information query successful.
2026-05-05 16:34:24,209 - root - INFO - Using alternate response format: data as list
2026-05-05 16:34:24,209 - root - INFO - Received 287 data points from API
2026-05-05 16:34:24,209 - root - INFO - Sample data point structure: ['devDn', 'collectTime', 'dataItems']
2026-05-05 16:34:24,294 - root - INFO - Successfully upserted 287 data points.
2026-05-05 16:34:27,579 - root - INFO - Using single devDn for device/history (API: one device per query)
2026-05-05 16:34:27,581 - root - INFO - Fetching historical data for 1 devices of type meter
2026-05-05 16:34:27,581 - root - INFO - Making API request to: https://sg5.fusionsolar.huawei.com/rest/openapi/pvms/nbi/v1/device/history
2026-05-05 16:34:27,581 - root - INFO - Request payload: {'devDn': 'NE=53771652', 'devTypeId': 17, 'startTime': 1777827601000, 'endTime': 1777913999000}
2026-05-05 16:34:29,433 - root - INFO - Response status code: 200
2026-05-05 16:34:29,442 - root - INFO - API response from https://sg5.fusionsolar.huawei.com/rest/openapi/pvms/nbi/v1/device/history (truncated): {'failCode': 0, 'success': True, 'message': 'historical data information query successful.', 'data': [{'devDn': 'NE=53771652', 'collectTime': 1777827900000, 'dataItems': {'active_cap': 229.97, 'power_factor': -0.004, 'a_i': 8.1, 'c_i': 8.0, 'b_i': 7.5, 'reverse_reactive_valley': None, 'positive_reactive_peak': None, 'reverse_reactive_peak': None, 'reverse_active_peak': None, 'positive_active_peak': None, 'a_u': 234.89, 'reactive_power': -5450.0, 'c_u': 233.76, 'total_apparent_power': 5.45, 'bc_u...
2026-05-05 16:34:29,444 - root - INFO - API Response type: <class 'dict'>
2026-05-05 16:34:29,445 - root - INFO - API Response keys: ['failCode', 'success', 'message', 'data']
2026-05-05 16:34:29,445 - root - INFO - API Response data is a list with 287 items
2026-05-05 16:34:29,445 - root - INFO - API Response has failCode: 0, message: historical data information query successful.
2026-05-05 16:34:29,445 - root - INFO - Using alternate response format: data as list
2026-05-05 16:34:29,445 - root - INFO - Received 287 data points from API
2026-05-05 16:34:29,445 - root - INFO - Sample data point structure: ['devDn', 'collectTime', 'dataItems']
2026-05-05 16:34:29,545 - root - INFO - Successfully upserted 287 data points.
2026-05-05 16:34:33,330 - root - INFO - Using single devDn for device/history (API: one device per query)
2026-05-05 16:34:33,331 - root - INFO - Fetching historical data for 1 devices of type meter
2026-05-05 16:34:33,331 - root - INFO - Making API request to: https://sg5.fusionsolar.huawei.com/rest/openapi/pvms/nbi/v1/device/history
2026-05-05 16:34:33,332 - root - INFO - Request payload: {'devDn': 'NE=53771655', 'devTypeId': 17, 'startTime': 1777827601000, 'endTime': 1777913999000}
2026-05-05 16:34:35,246 - root - INFO - Response status code: 200
2026-05-05 16:34:35,256 - root - INFO - API response from https://sg5.fusionsolar.huawei.com/rest/openapi/pvms/nbi/v1/device/history (truncated): {'failCode': 0, 'success': True, 'message': 'historical data information query successful.', 'data': [{'devDn': 'NE=53771655', 'collectTime': 1777827900000, 'dataItems': {'active_cap': 10975.1, 'power_factor': -0.377, 'a_i': 0.1, 'c_i': 0.1, 'b_i': 0.1, 'reverse_reactive_valley': None, 'positive_reactive_peak': None, 'reverse_reactive_peak': None, 'reverse_active_peak': None, 'positive_active_peak': None, 'a_u': 11799.72, 'reactive_power': -4303.0, 'c_u': 11661.81, 'total_apparent_power': 4.645,...
2026-05-05 16:34:35,259 - root - INFO - API Response type: <class 'dict'>
2026-05-05 16:34:35,259 - root - INFO - API Response keys: ['failCode', 'success', 'message', 'data']
2026-05-05 16:34:35,259 - root - INFO - API Response data is a list with 287 items
2026-05-05 16:34:35,259 - root - INFO - API Response has failCode: 0, message: historical data information query successful.
2026-05-05 16:34:35,259 - root - INFO - Using alternate response format: data as list
2026-05-05 16:34:35,259 - root - INFO - Received 287 data points from API
2026-05-05 16:34:35,260 - root - INFO - Sample data point structure: ['devDn', 'collectTime', 'dataItems']
2026-05-05 16:34:35,357 - root - INFO - Successfully upserted 287 data points.
2026-05-05 16:34:39,196 - root - INFO - Using single devDn for device/history (API: one device per query)
2026-05-05 16:34:39,198 - root - INFO - Fetching historical data for 1 devices of type meter
2026-05-05 16:34:39,198 - root - INFO - Making API request to: https://sg5.fusionsolar.huawei.com/rest/openapi/pvms/nbi/v1/device/history
2026-05-05 16:34:39,199 - root - INFO - Request payload: {'devDn': 'NE=53771654', 'devTypeId': 17, 'startTime': 1777827601000, 'endTime': 1777913999000}
2026-05-05 16:34:41,027 - root - INFO - Response status code: 200
2026-05-05 16:34:41,037 - root - INFO - API response from https://sg5.fusionsolar.huawei.com/rest/openapi/pvms/nbi/v1/device/history (truncated): {'failCode': 0, 'success': True, 'message': 'historical data information query successful.', 'data': [{'devDn': 'NE=53771654', 'collectTime': 1777827900000, 'dataItems': {'active_cap': 11290.89, 'power_factor': -0.69, 'a_i': 0.1, 'c_i': 0.1, 'b_i': 0.1, 'reverse_reactive_valley': None, 'positive_reactive_peak': None, 'reverse_reactive_peak': None, 'reverse_active_peak': None, 'positive_active_peak': None, 'a_u': 11822.67, 'reactive_power': -1849.0, 'c_u': 11672.56, 'total_apparent_power': 2.555,...
2026-05-05 16:34:41,040 - root - INFO - API Response type: <class 'dict'>
2026-05-05 16:34:41,040 - root - INFO - API Response keys: ['failCode', 'success', 'message', 'data']
2026-05-05 16:34:41,040 - root - INFO - API Response data is a list with 287 items
2026-05-05 16:34:41,040 - root - INFO - API Response has failCode: 0, message: historical data information query successful.
2026-05-05 16:34:41,040 - root - INFO - Using alternate response format: data as list
2026-05-05 16:34:41,040 - root - INFO - Received 287 data points from API
2026-05-05 16:34:41,040 - root - INFO - Sample data point structure: ['devDn', 'collectTime', 'dataItems']
2026-05-05 16:34:41,127 - root - INFO - Successfully upserted 287 data points.
2026-05-05 16:34:44,437 - root - INFO - Using single devDn for device/history (API: one device per query)
2026-05-05 16:34:44,438 - root - INFO - Fetching historical data for 1 devices of type meter
2026-05-05 16:34:44,438 - root - INFO - Making API request to: https://sg5.fusionsolar.huawei.com/rest/openapi/pvms/nbi/v1/device/history
2026-05-05 16:34:44,438 - root - INFO - Request payload: {'devDn': 'NE=53771653', 'devTypeId': 17, 'startTime': 1777827601000, 'endTime': 1777913999000}
2026-05-05 16:34:45,929 - root - INFO - Response status code: 200
2026-05-05 16:34:45,938 - root - INFO - API response from https://sg5.fusionsolar.huawei.com/rest/openapi/pvms/nbi/v1/device/history (truncated): {'failCode': 0, 'success': True, 'message': 'historical data information query successful.', 'data': [{'devDn': 'NE=53771653', 'collectTime': 1777827900000, 'dataItems': {'active_cap': 239.26, 'power_factor': -0.009, 'a_i': 8.2, 'c_i': 8.2, 'b_i': 8.2, 'reverse_reactive_valley': None, 'positive_reactive_peak': None, 'reverse_reactive_peak': None, 'reverse_active_peak': None, 'positive_active_peak': None, 'a_u': 235.35, 'reactive_power': -5754.0, 'c_u': 234.16, 'total_apparent_power': 5.755, 'bc_...
2026-05-05 16:34:45,940 - root - INFO - API Response type: <class 'dict'>
2026-05-05 16:34:45,940 - root - INFO - API Response keys: ['failCode', 'success', 'message', 'data']
2026-05-05 16:34:45,940 - root - INFO - API Response data is a list with 287 items
2026-05-05 16:34:45,941 - root - INFO - API Response has failCode: 0, message: historical data information query successful.
2026-05-05 16:34:45,941 - root - INFO - Using alternate response format: data as list
2026-05-05 16:34:45,941 - root - INFO - Received 287 data points from API
2026-05-05 16:34:45,941 - root - INFO - Sample data point structure: ['devDn', 'collectTime', 'dataItems']
2026-05-05 16:34:46,028 - root - INFO - Successfully upserted 287 data points.
2026-05-05 16:34:49,301 - root - INFO - Using single devDn for device/history (API: one device per query)
2026-05-05 16:34:49,302 - root - INFO - Fetching historical data for 1 devices of type meter
2026-05-05 16:34:49,303 - root - INFO - Making API request to: https://sg5.fusionsolar.huawei.com/rest/openapi/pvms/nbi/v1/device/history
2026-05-05 16:34:49,303 - root - INFO - Request payload: {'devDn': 'NE=62807018', 'devTypeId': 17, 'startTime': 1777827601000, 'endTime': 1777913999000}
2026-05-05 16:34:51,498 - root - INFO - Response status code: 200
2026-05-05 16:34:51,505 - root - INFO - API response from https://sg5.fusionsolar.huawei.com/rest/openapi/pvms/nbi/v1/device/history (truncated): {'failCode': 0, 'success': True, 'message': 'historical data information query successful.', 'data': [{'devDn': 'NE=62807018', 'collectTime': 1777827900000, 'dataItems': {'active_cap': None, 'power_factor': -1.0, 'a_i': 0.6, 'c_i': None, 'b_i': None, 'reverse_reactive_valley': None, 'positive_reactive_peak': None, 'reverse_reactive_peak': None, 'reverse_active_peak': None, 'positive_active_peak': None, 'a_u': 234.9, 'reactive_power': 0.0, 'c_u': None, 'total_apparent_power': 0.126, 'bc_u': None,...
2026-05-05 16:34:51,507 - root - INFO - API Response type: <class 'dict'>
2026-05-05 16:34:51,507 - root - INFO - API Response keys: ['failCode', 'success', 'message', 'data']
2026-05-05 16:34:51,507 - root - INFO - API Response data is a list with 287 items
2026-05-05 16:34:51,507 - root - INFO - API Response has failCode: 0, message: historical data information query successful.
2026-05-05 16:34:51,507 - root - INFO - Using alternate response format: data as list
2026-05-05 16:34:51,507 - root - INFO - Received 287 data points from API
2026-05-05 16:34:51,508 - root - INFO - Sample data point structure: ['devDn', 'collectTime', 'dataItems']
2026-05-05 16:34:51,591 - root - INFO - Successfully upserted 287 data points.
2026-05-05 16:34:55,139 - root - INFO - Using single devDn for device/history (API: one device per query)
2026-05-05 16:34:55,140 - root - INFO - Fetching historical data for 1 devices of type meter
2026-05-05 16:34:55,142 - root - INFO - Making API request to: https://sg5.fusionsolar.huawei.com/rest/openapi/pvms/nbi/v1/device/history
2026-05-05 16:34:55,142 - root - INFO - Request payload: {'devDn': 'NE=62807016', 'devTypeId': 17, 'startTime': 1777827601000, 'endTime': 1777913999000}
2026-05-05 16:34:56,676 - root - INFO - Response status code: 200
2026-05-05 16:34:56,685 - root - INFO - API response from https://sg5.fusionsolar.huawei.com/rest/openapi/pvms/nbi/v1/device/history (truncated): {'failCode': 0, 'success': True, 'message': 'historical data information query successful.', 'data': [{'devDn': 'NE=62807016', 'collectTime': 1777827900000, 'dataItems': {'active_cap': 123.57, 'power_factor': -0.013, 'a_i': 3.3, 'c_i': 3.5, 'b_i': 3.4, 'reverse_reactive_valley': None, 'positive_reactive_peak': None, 'reverse_reactive_peak': None, 'reverse_active_peak': None, 'positive_active_peak': None, 'a_u': 234.88, 'reactive_power': -2280.0, 'c_u': 234.59, 'total_apparent_power': 2.281, 'bc_...
2026-05-05 16:34:56,687 - root - INFO - API Response type: <class 'dict'>
2026-05-05 16:34:56,687 - root - INFO - API Response keys: ['failCode', 'success', 'message', 'data']
2026-05-05 16:34:56,687 - root - INFO - API Response data is a list with 287 items
2026-05-05 16:34:56,688 - root - INFO - API Response has failCode: 0, message: historical data information query successful.
2026-05-05 16:34:56,688 - root - INFO - Using alternate response format: data as list
2026-05-05 16:34:56,688 - root - INFO - Received 287 data points from API
2026-05-05 16:34:56,689 - root - INFO - Sample data point structure: ['devDn', 'collectTime', 'dataItems']
2026-05-05 16:34:56,778 - root - INFO - Successfully upserted 287 data points.
2026-05-05 16:34:59,931 - root - INFO - Using single devDn for device/history (API: one device per query)
2026-05-05 16:34:59,932 - root - INFO - Fetching historical data for 1 devices of type meter
2026-05-05 16:34:59,932 - root - INFO - Making API request to: https://sg5.fusionsolar.huawei.com/rest/openapi/pvms/nbi/v1/device/history
2026-05-05 16:34:59,932 - root - INFO - Request payload: {'devDn': 'NE=62807017', 'devTypeId': 17, 'startTime': 1777827601000, 'endTime': 1777913999000}
2026-05-05 16:35:01,461 - root - INFO - Response status code: 200
2026-05-05 16:35:01,472 - root - INFO - API response from https://sg5.fusionsolar.huawei.com/rest/openapi/pvms/nbi/v1/device/history (truncated): {'failCode': 0, 'success': True, 'message': 'historical data information query successful.', 'data': [{'devDn': 'NE=62807017', 'collectTime': 1777827900000, 'dataItems': {'active_cap': 109.23, 'power_factor': -0.001, 'a_i': 3.3, 'c_i': 3.4, 'b_i': 3.5, 'reverse_reactive_valley': None, 'positive_reactive_peak': None, 'reverse_reactive_peak': None, 'reverse_active_peak': None, 'positive_active_peak': None, 'a_u': 234.99, 'reactive_power': -2403.0, 'c_u': 234.47, 'total_apparent_power': 2.403, 'bc_...
2026-05-05 16:35:01,473 - root - INFO - API Response type: <class 'dict'>
2026-05-05 16:35:01,474 - root - INFO - API Response keys: ['failCode', 'success', 'message', 'data']
2026-05-05 16:35:01,474 - root - INFO - API Response data is a list with 287 items
2026-05-05 16:35:01,474 - root - INFO - API Response has failCode: 0, message: historical data information query successful.
2026-05-05 16:35:01,474 - root - INFO - Using alternate response format: data as list
2026-05-05 16:35:01,474 - root - INFO - Received 287 data points from API
2026-05-05 16:35:01,474 - root - INFO - Sample data point structure: ['devDn', 'collectTime', 'dataItems']
2026-05-05 16:35:01,563 - root - INFO - Successfully upserted 287 data points.
2026-05-05 16:35:04,742 - root - INFO - Using single devDn for device/history (API: one device per query)
2026-05-05 16:35:04,743 - root - INFO - Fetching historical data for 1 devices of type meteo_station
2026-05-05 16:35:04,743 - root - INFO - Making API request to: https://sg5.fusionsolar.huawei.com/rest/openapi/pvms/nbi/v1/device/history
2026-05-05 16:35:04,743 - root - INFO - Request payload: {'devDn': 'NE=50488257', 'devTypeId': 10, 'startTime': 1777827601000, 'endTime': 1777913999000}
2026-05-05 16:35:05,439 - root - INFO - Response status code: 200
2026-05-05 16:35:05,442 - root - INFO - API response from https://sg5.fusionsolar.huawei.com/rest/openapi/pvms/nbi/v1/device/history (truncated): {'failCode': 0, 'success': True, 'message': 'historical data information query successful.', 'data': [{'devDn': 'NE=50488257', 'collectTime': 1777827900000, 'dataItems': {'radiant_line': 1.0, 'horiz_radiant_total': None, 'horiz_radiant_line': None, 'temperature': 27.9, 'wind_speed': None, 'wind_direction': None, 'radiant_total': 0.0, 'pv_temperature': 25.0}}, {'devDn': 'NE=50488257', 'collectTime': 1777828200000, 'dataItems': {'radiant_line': 1.0, 'horiz_radiant_total': None, 'horiz_radiant_line...
2026-05-05 16:35:05,444 - root - INFO - API Response type: <class 'dict'>
2026-05-05 16:35:05,444 - root - INFO - API Response keys: ['failCode', 'success', 'message', 'data']
2026-05-05 16:35:05,444 - root - INFO - API Response data is a list with 287 items
2026-05-05 16:35:05,444 - root - INFO - API Response has failCode: 0, message: historical data information query successful.
2026-05-05 16:35:05,445 - root - INFO - Using alternate response format: data as list
2026-05-05 16:35:05,445 - root - INFO - Received 287 data points from API
2026-05-05 16:35:05,445 - root - INFO - Sample data point structure: ['devDn', 'collectTime', 'dataItems']
2026-05-05 16:35:05,535 - root - INFO - Successfully upserted 287 data points.
2026-05-05 16:35:09,876 - root - INFO - Using single devDn for device/history (API: one device per query)
2026-05-05 16:35:09,877 - root - INFO - Fetching historical data for 1 devices of type meteo_station
2026-05-05 16:35:09,877 - root - INFO - Making API request to: https://sg5.fusionsolar.huawei.com/rest/openapi/pvms/nbi/v1/device/history
2026-05-05 16:35:09,877 - root - INFO - Request payload: {'devDn': 'NE=63022352', 'devTypeId': 10, 'startTime': 1777827601000, 'endTime': 1777913999000}
2026-05-05 16:35:10,486 - root - INFO - Response status code: 200
2026-05-05 16:35:10,489 - root - INFO - API response from https://sg5.fusionsolar.huawei.com/rest/openapi/pvms/nbi/v1/device/history (truncated): {'failCode': 0, 'success': True, 'message': 'historical data information query successful.', 'data': [{'devDn': 'NE=63022352', 'collectTime': 1777827900000, 'dataItems': {'radiant_line': 0.0, 'horiz_radiant_total': None, 'horiz_radiant_line': None, 'temperature': -0.1, 'wind_speed': 0.0, 'wind_direction': None, 'radiant_total': 0.0, 'pv_temperature': 0.0}}, {'devDn': 'NE=63022352', 'collectTime': 1777828200000, 'dataItems': {'radiant_line': 0.0, 'horiz_radiant_total': None, 'horiz_radiant_line':...
2026-05-05 16:35:10,491 - root - INFO - API Response type: <class 'dict'>
2026-05-05 16:35:10,491 - root - INFO - API Response keys: ['failCode', 'success', 'message', 'data']
2026-05-05 16:35:10,491 - root - INFO - API Response data is a list with 287 items
2026-05-05 16:35:10,492 - root - INFO - API Response has failCode: 0, message: historical data information query successful.
2026-05-05 16:35:10,492 - root - INFO - Using alternate response format: data as list
2026-05-05 16:35:10,492 - root - INFO - Received 287 data points from API
2026-05-05 16:35:10,492 - root - INFO - Sample data point structure: ['devDn', 'collectTime', 'dataItems']
2026-05-05 16:35:10,570 - root - INFO - Successfully upserted 287 data points.
2026-05-05 16:35:13,968 - root - INFO - Using single devDn for device/history (API: one device per query)
2026-05-05 16:35:16,970 - root - INFO - Fetching historical data for 1 devices of type meteo_station
2026-05-05 16:35:16,971 - root - INFO - Making API request to: https://sg5.fusionsolar.huawei.com/rest/openapi/pvms/nbi/v1/device/history
2026-05-05 16:35:16,971 - root - INFO - Request payload: {'devDn': 'NE=63022320', 'devTypeId': 10, 'startTime': 1777827601000, 'endTime': 1777913999000}
2026-05-05 16:35:17,594 - root - INFO - Response status code: 200
2026-05-05 16:35:17,600 - root - INFO - API response from https://sg5.fusionsolar.huawei.com/rest/openapi/pvms/nbi/v1/device/history (truncated): {'failCode': 0, 'success': True, 'message': 'historical data information query successful.', 'data': [{'devDn': 'NE=63022320', 'collectTime': 1777827900000, 'dataItems': {'radiant_line': 0.0, 'horiz_radiant_total': None, 'horiz_radiant_line': None, 'temperature': 0.1, 'wind_speed': 0.0, 'wind_direction': None, 'radiant_total': 0.0, 'pv_temperature': 0.0}}, {'devDn': 'NE=63022320', 'collectTime': 1777828200000, 'dataItems': {'radiant_line': 0.0, 'horiz_radiant_total': None, 'horiz_radiant_line': ...
2026-05-05 16:35:17,605 - root - INFO - API Response type: <class 'dict'>
2026-05-05 16:35:17,605 - root - INFO - API Response keys: ['failCode', 'success', 'message', 'data']
2026-05-05 16:35:17,605 - root - INFO - API Response data is a list with 287 items
2026-05-05 16:35:17,607 - root - INFO - API Response has failCode: 0, message: historical data information query successful.
2026-05-05 16:35:17,607 - root - INFO - Using alternate response format: data as list
2026-05-05 16:35:17,607 - root - INFO - Received 287 data points from API
2026-05-05 16:35:17,607 - root - INFO - Sample data point structure: ['devDn', 'collectTime', 'dataItems']
2026-05-05 16:35:17,765 - root - INFO - Successfully upserted 287 data points.
2026-05-05 16:35:21,717 - root - WARNING - No valid devDn in batch. Skipping because /device/history requires devDn.
2026-05-05 16:35:21,718 - root - WARNING - No valid devDn in batch. Skipping because /device/history requires devDn.
2026-05-05 16:35:21,718 - root - WARNING - No valid devDn in batch. Skipping because /device/history requires devDn.
2026-05-05 16:35:21,718 - root - WARNING - No valid devDn in batch. Skipping because /device/history requires devDn.
2026-05-05 16:35:21,718 - root - INFO - Using single devDn for device/history (API: one device per query)
2026-05-05 16:35:21,719 - root - INFO - Fetching historical data for 1 devices of type meteo_station
2026-05-05 16:35:21,719 - root - INFO - Making API request to: https://sg5.fusionsolar.huawei.com/rest/openapi/pvms/nbi/v1/device/history
2026-05-05 16:35:21,719 - root - INFO - Request payload: {'devDn': 'NE=61851546', 'devTypeId': 10, 'startTime': 1777827601000, 'endTime': 1777913999000}
2026-05-05 16:35:22,199 - root - INFO - Response status code: 200
2026-05-05 16:35:22,199 - root - INFO - API response from https://sg5.fusionsolar.huawei.com/rest/openapi/pvms/nbi/v1/device/history (truncated): {'failCode': 0, 'success': True, 'message': 'historical data information query successful.', 'data': []}
2026-05-05 16:35:22,202 - root - INFO - API Response type: <class 'dict'>
2026-05-05 16:35:22,202 - root - INFO - API Response keys: ['failCode', 'success', 'message', 'data']
2026-05-05 16:35:22,202 - root - INFO - API Response data is a list with 0 items
2026-05-05 16:35:22,202 - root - INFO - API Response has failCode: 0, message: historical data information query successful.
2026-05-05 16:35:22,203 - root - INFO - Using alternate response format: data as list
2026-05-05 16:35:22,203 - root - INFO - No data points returned for the query period
2026-05-05 16:35:22,203 - root - INFO - Using single devDn for device/history (API: one device per query)
2026-05-05 16:35:22,203 - root - INFO - Fetching historical data for 1 devices of type meteo_station
2026-05-05 16:35:22,203 - root - INFO - Making API request to: https://sg5.fusionsolar.huawei.com/rest/openapi/pvms/nbi/v1/device/history
2026-05-05 16:35:22,204 - root - INFO - Request payload: {'devDn': 'NE=61851547', 'devTypeId': 10, 'startTime': 1777827601000, 'endTime': 1777913999000}
2026-05-05 16:35:22,639 - root - INFO - Response status code: 200
2026-05-05 16:35:22,639 - root - INFO - API response from https://sg5.fusionsolar.huawei.com/rest/openapi/pvms/nbi/v1/device/history (truncated): {'failCode': 0, 'success': True, 'message': 'historical data information query successful.', 'data': []}
2026-05-05 16:35:22,641 - root - INFO - API Response type: <class 'dict'>
2026-05-05 16:35:22,641 - root - INFO - API Response keys: ['failCode', 'success', 'message', 'data']
2026-05-05 16:35:22,641 - root - INFO - API Response data is a list with 0 items
2026-05-05 16:35:22,641 - root - INFO - API Response has failCode: 0, message: historical data information query successful.
2026-05-05 16:35:22,641 - root - INFO - Using alternate response format: data as list
2026-05-05 16:35:22,641 - root - INFO - No data points returned for the query period
2026-05-05 16:35:22,641 - root - INFO - Using single devDn for device/history (API: one device per query)
2026-05-05 16:35:22,642 - root - INFO - Fetching historical data for 1 devices of type meteo_station
2026-05-05 16:35:22,642 - root - INFO - Making API request to: https://sg5.fusionsolar.huawei.com/rest/openapi/pvms/nbi/v1/device/history
2026-05-05 16:35:22,642 - root - INFO - Request payload: {'devDn': 'NE=61851544', 'devTypeId': 10, 'startTime': 1777827601000, 'endTime': 1777913999000}
2026-05-05 16:35:22,963 - root - INFO - Response status code: 200
2026-05-05 16:35:22,963 - root - INFO - API response from https://sg5.fusionsolar.huawei.com/rest/openapi/pvms/nbi/v1/device/history (truncated): {'failCode': 407, 'success': False, 'message': 'Interface access frequency:0.39333333333333337/1second', 'data': []}
2026-05-05 16:35:22,963 - root - WARNING - API access frequency too high. Waiting 30 seconds before retry...
2026-05-05 16:35:52,964 - root - INFO - Retrying API request after rate limit wait...
2026-05-05 16:35:52,964 - root - INFO - Making API request to: https://sg5.fusionsolar.huawei.com/rest/openapi/pvms/nbi/v1/device/history
2026-05-05 16:35:52,966 - root - INFO - Request payload: {'devDn': 'NE=61851544', 'devTypeId': 10, 'startTime': 1777827601000, 'endTime': 1777913999000}
2026-05-05 16:35:53,402 - root - INFO - Response status code: 200
2026-05-05 16:35:53,402 - root - INFO - API response from https://sg5.fusionsolar.huawei.com/rest/openapi/pvms/nbi/v1/device/history (truncated): {'failCode': 0, 'success': True, 'message': 'historical data information query successful.', 'data': []}
2026-05-05 16:35:53,407 - root - INFO - API Response type: <class 'dict'>
2026-05-05 16:35:53,407 - root - INFO - API Response keys: ['failCode', 'success', 'message', 'data']
2026-05-05 16:35:53,407 - root - INFO - API Response data is a list with 0 items
2026-05-05 16:35:53,408 - root - INFO - API Response has failCode: 0, message: historical data information query successful.
2026-05-05 16:35:53,408 - root - INFO - Using alternate response format: data as list
2026-05-05 16:35:53,408 - root - INFO - No data points returned for the query period
2026-05-05 16:35:53,408 - root - INFO - Using single devDn for device/history (API: one device per query)
2026-05-05 16:35:53,408 - root - INFO - Fetching historical data for 1 devices of type meteo_station
2026-05-05 16:35:53,408 - root - INFO - Making API request to: https://sg5.fusionsolar.huawei.com/rest/openapi/pvms/nbi/v1/device/history
2026-05-05 16:35:53,409 - root - INFO - Request payload: {'devDn': 'NE=61851545', 'devTypeId': 10, 'startTime': 1777827601000, 'endTime': 1777913999000}
2026-05-05 16:35:53,725 - root - INFO - Response status code: 200
2026-05-05 16:35:53,725 - root - INFO - API response from https://sg5.fusionsolar.huawei.com/rest/openapi/pvms/nbi/v1/device/history (truncated): {'failCode': 407, 'success': False, 'message': 'Interface access frequency:0.39333333333333337/1second', 'data': []}
2026-05-05 16:35:53,727 - root - WARNING - API access frequency too high. Waiting 30 seconds before retry...
2026-05-05 16:36:23,727 - root - INFO - Retrying API request after rate limit wait...
2026-05-05 16:36:23,727 - root - INFO - Making API request to: https://sg5.fusionsolar.huawei.com/rest/openapi/pvms/nbi/v1/device/history
2026-05-05 16:36:23,729 - root - INFO - Request payload: {'devDn': 'NE=61851545', 'devTypeId': 10, 'startTime': 1777827601000, 'endTime': 1777913999000}
2026-05-05 16:36:24,189 - root - INFO - Response status code: 200
2026-05-05 16:36:24,189 - root - INFO - API response from https://sg5.fusionsolar.huawei.com/rest/openapi/pvms/nbi/v1/device/history (truncated): {'failCode': 0, 'success': True, 'message': 'historical data information query successful.', 'data': []}
2026-05-05 16:36:24,194 - root - INFO - API Response type: <class 'dict'>
2026-05-05 16:36:24,194 - root - INFO - API Response keys: ['failCode', 'success', 'message', 'data']
2026-05-05 16:36:24,195 - root - INFO - API Response data is a list with 0 items
2026-05-05 16:36:24,195 - root - INFO - API Response has failCode: 0, message: historical data information query successful.
2026-05-05 16:36:24,195 - root - INFO - Using alternate response format: data as list
2026-05-05 16:36:24,195 - root - INFO - No data points returned for the query period
2026-05-05 16:36:24,195 - root - INFO - Using single devDn for device/history (API: one device per query)
2026-05-05 16:36:24,196 - root - INFO - Fetching historical data for 1 devices of type meteo_station
2026-05-05 16:36:24,196 - root - INFO - Making API request to: https://sg5.fusionsolar.huawei.com/rest/openapi/pvms/nbi/v1/device/history
2026-05-05 16:36:24,196 - root - INFO - Request payload: {'devDn': 'NE=52031808', 'devTypeId': 10, 'startTime': 1777827601000, 'endTime': 1777913999000}
2026-05-05 16:36:24,526 - root - INFO - Response status code: 200
2026-05-05 16:36:24,526 - root - INFO - API response from https://sg5.fusionsolar.huawei.com/rest/openapi/pvms/nbi/v1/device/history (truncated): {'failCode': 407, 'success': False, 'message': 'Interface access frequency:0.39333333333333337/1second', 'data': []}
2026-05-05 16:36:24,528 - root - WARNING - API access frequency too high. Waiting 30 seconds before retry...
2026-05-05 16:36:54,528 - root - INFO - Retrying API request after rate limit wait...
2026-05-05 16:36:54,529 - root - INFO - Making API request to: https://sg5.fusionsolar.huawei.com/rest/openapi/pvms/nbi/v1/device/history
2026-05-05 16:36:54,531 - root - INFO - Request payload: {'devDn': 'NE=52031808', 'devTypeId': 10, 'startTime': 1777827601000, 'endTime': 1777913999000}
2026-05-05 16:36:54,954 - root - INFO - Response status code: 200
2026-05-05 16:36:54,954 - root - INFO - API response from https://sg5.fusionsolar.huawei.com/rest/openapi/pvms/nbi/v1/device/history (truncated): {'failCode': 0, 'success': True, 'message': 'historical data information query successful.', 'data': []}
2026-05-05 16:36:54,959 - root - INFO - API Response type: <class 'dict'>
2026-05-05 16:36:54,959 - root - INFO - API Response keys: ['failCode', 'success', 'message', 'data']
2026-05-05 16:36:54,959 - root - INFO - API Response data is a list with 0 items
2026-05-05 16:36:54,959 - root - INFO - API Response has failCode: 0, message: historical data information query successful.
2026-05-05 16:36:54,959 - root - INFO - Using alternate response format: data as list
2026-05-05 16:36:54,959 - root - INFO - No data points returned for the query period
2026-05-05 16:36:54,960 - root - INFO - Using single devDn for device/history (API: one device per query)
2026-05-05 16:36:54,960 - root - INFO - Fetching historical data for 1 devices of type meteo_station
2026-05-05 16:36:54,960 - root - INFO - Making API request to: https://sg5.fusionsolar.huawei.com/rest/openapi/pvms/nbi/v1/device/history
2026-05-05 16:36:54,960 - root - INFO - Request payload: {'devDn': 'NE=52031805', 'devTypeId': 10, 'startTime': 1777827601000, 'endTime': 1777913999000}
2026-05-05 16:36:55,291 - root - INFO - Response status code: 200
2026-05-05 16:36:55,292 - root - INFO - API response from https://sg5.fusionsolar.huawei.com/rest/openapi/pvms/nbi/v1/device/history (truncated): {'failCode': 407, 'success': False, 'message': 'Interface access frequency:0.39333333333333337/1second', 'data': []}
2026-05-05 16:36:55,294 - root - WARNING - API access frequency too high. Waiting 30 seconds before retry...
2026-05-05 16:37:25,294 - root - INFO - Retrying API request after rate limit wait...
2026-05-05 16:37:25,294 - root - INFO - Making API request to: https://sg5.fusionsolar.huawei.com/rest/openapi/pvms/nbi/v1/device/history
2026-05-05 16:37:25,296 - root - INFO - Request payload: {'devDn': 'NE=52031805', 'devTypeId': 10, 'startTime': 1777827601000, 'endTime': 1777913999000}
2026-05-05 16:37:25,902 - root - INFO - Response status code: 200
2026-05-05 16:37:25,905 - root - INFO - API response from https://sg5.fusionsolar.huawei.com/rest/openapi/pvms/nbi/v1/device/history (truncated): {'failCode': 0, 'success': True, 'message': 'historical data information query successful.', 'data': [{'devDn': 'NE=52031805', 'collectTime': 1777827900000, 'dataItems': {'radiant_line': 22.0, 'horiz_radiant_total': None, 'horiz_radiant_line': None, 'temperature': 27.9, 'wind_speed': 1.0, 'wind_direction': 135.0, 'radiant_total': 0.006, 'pv_temperature': None}}, {'devDn': 'NE=52031805', 'collectTime': 1777828200000, 'dataItems': {'radiant_line': 22.0, 'horiz_radiant_total': None, 'horiz_radiant_...
2026-05-05 16:37:25,909 - root - INFO - API Response type: <class 'dict'>
2026-05-05 16:37:25,909 - root - INFO - API Response keys: ['failCode', 'success', 'message', 'data']
2026-05-05 16:37:25,910 - root - INFO - API Response data is a list with 287 items
2026-05-05 16:37:25,910 - root - INFO - API Response has failCode: 0, message: historical data information query successful.
2026-05-05 16:37:25,910 - root - INFO - Using alternate response format: data as list
2026-05-05 16:37:25,910 - root - INFO - Received 287 data points from API
2026-05-05 16:37:25,910 - root - INFO - Sample data point structure: ['devDn', 'collectTime', 'dataItems']
2026-05-05 16:37:25,998 - root - INFO - Successfully upserted 287 data points.
2026-05-05 16:37:30,433 - root - INFO - Using single devDn for device/history (API: one device per query)
2026-05-05 16:37:30,436 - root - INFO - Fetching historical data for 1 devices of type meteo_station
2026-05-05 16:37:30,436 - root - INFO - Making API request to: https://sg5.fusionsolar.huawei.com/rest/openapi/pvms/nbi/v1/device/history
2026-05-05 16:37:30,436 - root - INFO - Request payload: {'devDn': 'NE=52031807', 'devTypeId': 10, 'startTime': 1777827601000, 'endTime': 1777913999000}
2026-05-05 16:37:30,874 - root - INFO - Response status code: 200
2026-05-05 16:37:30,874 - root - INFO - API response from https://sg5.fusionsolar.huawei.com/rest/openapi/pvms/nbi/v1/device/history (truncated): {'failCode': 0, 'success': True, 'message': 'historical data information query successful.', 'data': []}
2026-05-05 16:37:30,877 - root - INFO - API Response type: <class 'dict'>
2026-05-05 16:37:30,877 - root - INFO - API Response keys: ['failCode', 'success', 'message', 'data']
2026-05-05 16:37:30,878 - root - INFO - API Response data is a list with 0 items
2026-05-05 16:37:30,878 - root - INFO - API Response has failCode: 0, message: historical data information query successful.
2026-05-05 16:37:30,878 - root - INFO - Using alternate response format: data as list
2026-05-05 16:37:30,878 - root - INFO - No data points returned for the query period
2026-05-05 16:37:30,878 - root - INFO - Using single devDn for device/history (API: one device per query)
2026-05-05 16:37:30,879 - root - INFO - Fetching historical data for 1 devices of type meteo_station
2026-05-05 16:37:30,879 - root - INFO - Making API request to: https://sg5.fusionsolar.huawei.com/rest/openapi/pvms/nbi/v1/device/history
2026-05-05 16:37:30,879 - root - INFO - Request payload: {'devDn': 'NE=52031804', 'devTypeId': 10, 'startTime': 1777827601000, 'endTime': 1777913999000}
2026-05-05 16:37:31,196 - root - INFO - Response status code: 200
2026-05-05 16:37:31,197 - root - INFO - API response from https://sg5.fusionsolar.huawei.com/rest/openapi/pvms/nbi/v1/device/history (truncated): {'failCode': 407, 'success': False, 'message': 'Interface access frequency:0.39333333333333337/1second', 'data': []}
2026-05-05 16:37:31,199 - root - WARNING - API access frequency too high. Waiting 30 seconds before retry...
2026-05-05 16:38:01,199 - root - INFO - Retrying API request after rate limit wait...
2026-05-05 16:38:01,199 - root - INFO - Making API request to: https://sg5.fusionsolar.huawei.com/rest/openapi/pvms/nbi/v1/device/history
2026-05-05 16:38:01,201 - root - INFO - Request payload: {'devDn': 'NE=52031804', 'devTypeId': 10, 'startTime': 1777827601000, 'endTime': 1777913999000}
2026-05-05 16:38:01,626 - root - INFO - Response status code: 200
2026-05-05 16:38:01,627 - root - INFO - API response from https://sg5.fusionsolar.huawei.com/rest/openapi/pvms/nbi/v1/device/history (truncated): {'failCode': 0, 'success': True, 'message': 'historical data information query successful.', 'data': []}
2026-05-05 16:38:01,631 - root - INFO - API Response type: <class 'dict'>
2026-05-05 16:38:01,631 - root - INFO - API Response keys: ['failCode', 'success', 'message', 'data']
2026-05-05 16:38:01,632 - root - INFO - API Response data is a list with 0 items
2026-05-05 16:38:01,632 - root - INFO - API Response has failCode: 0, message: historical data information query successful.
2026-05-05 16:38:01,632 - root - INFO - Using alternate response format: data as list
2026-05-05 16:38:01,632 - root - INFO - No data points returned for the query period
2026-05-05 16:38:01,632 - root - INFO - Using single devDn for device/history (API: one device per query)
2026-05-05 16:38:01,632 - root - INFO - Fetching historical data for 1 devices of type meteo_station
2026-05-05 16:38:01,633 - root - INFO - Making API request to: https://sg5.fusionsolar.huawei.com/rest/openapi/pvms/nbi/v1/device/history
2026-05-05 16:38:01,633 - root - INFO - Request payload: {'devDn': 'NE=52031809', 'devTypeId': 10, 'startTime': 1777827601000, 'endTime': 1777913999000}
2026-05-05 16:38:01,940 - root - INFO - Response status code: 200
2026-05-05 16:38:01,940 - root - INFO - API response from https://sg5.fusionsolar.huawei.com/rest/openapi/pvms/nbi/v1/device/history (truncated): {'failCode': 407, 'success': False, 'message': 'Interface access frequency:0.39333333333333337/1second', 'data': []}
2026-05-05 16:38:01,941 - root - WARNING - API access frequency too high. Waiting 30 seconds before retry...
2026-05-05 16:38:31,942 - root - INFO - Retrying API request after rate limit wait...
2026-05-05 16:38:31,942 - root - INFO - Making API request to: https://sg5.fusionsolar.huawei.com/rest/openapi/pvms/nbi/v1/device/history
2026-05-05 16:38:31,944 - root - INFO - Request payload: {'devDn': 'NE=52031809', 'devTypeId': 10, 'startTime': 1777827601000, 'endTime': 1777913999000}
2026-05-05 16:38:32,742 - root - INFO - Response status code: 200
2026-05-05 16:38:32,744 - root - INFO - API response from https://sg5.fusionsolar.huawei.com/rest/openapi/pvms/nbi/v1/device/history (truncated): {'failCode': 0, 'success': True, 'message': 'historical data information query successful.', 'data': [{'devDn': 'NE=52031809', 'collectTime': 1777827900000, 'dataItems': {'radiant_line': None, 'horiz_radiant_total': None, 'horiz_radiant_line': None, 'temperature': 29.1, 'wind_speed': None, 'wind_direction': None, 'radiant_total': None, 'pv_temperature': None}}, {'devDn': 'NE=52031809', 'collectTime': 1777828200000, 'dataItems': {'radiant_line': None, 'horiz_radiant_total': None, 'horiz_radiant_l...
2026-05-05 16:38:32,747 - root - INFO - API Response type: <class 'dict'>
2026-05-05 16:38:32,748 - root - INFO - API Response keys: ['failCode', 'success', 'message', 'data']
2026-05-05 16:38:32,748 - root - INFO - API Response data is a list with 287 items
2026-05-05 16:38:32,748 - root - INFO - API Response has failCode: 0, message: historical data information query successful.
2026-05-05 16:38:32,748 - root - INFO - Using alternate response format: data as list
2026-05-05 16:38:32,748 - root - INFO - Received 287 data points from API
2026-05-05 16:38:32,748 - root - INFO - Sample data point structure: ['devDn', 'collectTime', 'dataItems']
2026-05-05 16:38:32,832 - root - INFO - Successfully upserted 287 data points.
2026-05-05 16:38:36,832 - root - INFO - Using single devDn for device/history (API: one device per query)
2026-05-05 16:38:36,835 - root - INFO - Fetching historical data for 1 devices of type meteo_station
2026-05-05 16:38:36,835 - root - INFO - Making API request to: https://sg5.fusionsolar.huawei.com/rest/openapi/pvms/nbi/v1/device/history
2026-05-05 16:38:36,836 - root - INFO - Request payload: {'devDn': 'NE=52031806', 'devTypeId': 10, 'startTime': 1777827601000, 'endTime': 1777913999000}
2026-05-05 16:38:37,310 - root - INFO - Response status code: 200
2026-05-05 16:38:37,310 - root - INFO - API response from https://sg5.fusionsolar.huawei.com/rest/openapi/pvms/nbi/v1/device/history (truncated): {'failCode': 0, 'success': True, 'message': 'historical data information query successful.', 'data': []}
2026-05-05 16:38:37,313 - root - INFO - API Response type: <class 'dict'>
2026-05-05 16:38:37,313 - root - INFO - API Response keys: ['failCode', 'success', 'message', 'data']
2026-05-05 16:38:37,314 - root - INFO - API Response data is a list with 0 items
2026-05-05 16:38:37,314 - root - INFO - API Response has failCode: 0, message: historical data information query successful.
2026-05-05 16:38:37,314 - root - INFO - Using alternate response format: data as list
2026-05-05 16:38:37,314 - root - INFO - No data points returned for the query period
2026-05-05 16:38:37,314 - root - INFO - Using single devDn for device/history (API: one device per query)
2026-05-05 16:38:37,315 - root - INFO - Fetching historical data for 1 devices of type meteo_station
2026-05-05 16:38:37,315 - root - INFO - Making API request to: https://sg5.fusionsolar.huawei.com/rest/openapi/pvms/nbi/v1/device/history
2026-05-05 16:38:37,315 - root - INFO - Request payload: {'devDn': 'NE=51758771', 'devTypeId': 10, 'startTime': 1777827601000, 'endTime': 1777913999000}
2026-05-05 16:38:37,752 - root - INFO - Response status code: 200
2026-05-05 16:38:37,753 - root - INFO - API response from https://sg5.fusionsolar.huawei.com/rest/openapi/pvms/nbi/v1/device/history (truncated): {'failCode': 0, 'success': True, 'message': 'historical data information query successful.', 'data': []}
2026-05-05 16:38:37,756 - root - INFO - API Response type: <class 'dict'>
2026-05-05 16:38:37,756 - root - INFO - API Response keys: ['failCode', 'success', 'message', 'data']
2026-05-05 16:38:37,756 - root - INFO - API Response data is a list with 0 items
2026-05-05 16:38:37,757 - root - INFO - API Response has failCode: 0, message: historical data information query successful.
2026-05-05 16:38:37,757 - root - INFO - Using alternate response format: data as list
2026-05-05 16:38:37,757 - root - INFO - No data points returned for the query period
2026-05-05 16:38:37,757 - root - INFO - Using single devDn for device/history (API: one device per query)
2026-05-05 16:38:37,758 - root - INFO - Fetching historical data for 1 devices of type meteo_station
2026-05-05 16:38:37,758 - root - INFO - Making API request to: https://sg5.fusionsolar.huawei.com/rest/openapi/pvms/nbi/v1/device/history
2026-05-05 16:38:37,758 - root - INFO - Request payload: {'devDn': 'NE=51758772', 'devTypeId': 10, 'startTime': 1777827601000, 'endTime': 1777913999000}
2026-05-05 16:38:38,073 - root - INFO - Response status code: 200
2026-05-05 16:38:38,073 - root - INFO - API response from https://sg5.fusionsolar.huawei.com/rest/openapi/pvms/nbi/v1/device/history (truncated): {'failCode': 407, 'success': False, 'message': 'Interface access frequency:0.39333333333333337/1second', 'data': []}
2026-05-05 16:38:38,075 - root - WARNING - API access frequency too high. Waiting 30 seconds before retry...
2026-05-05 16:39:08,075 - root - INFO - Retrying API request after rate limit wait...
2026-05-05 16:39:08,076 - root - INFO - Making API request to: https://sg5.fusionsolar.huawei.com/rest/openapi/pvms/nbi/v1/device/history
2026-05-05 16:39:08,077 - root - INFO - Request payload: {'devDn': 'NE=51758772', 'devTypeId': 10, 'startTime': 1777827601000, 'endTime': 1777913999000}
2026-05-05 16:39:08,617 - root - INFO - Response status code: 200
2026-05-05 16:39:08,617 - root - INFO - API response from https://sg5.fusionsolar.huawei.com/rest/openapi/pvms/nbi/v1/device/history (truncated): {'failCode': 0, 'success': True, 'message': 'historical data information query successful.', 'data': []}
2026-05-05 16:39:08,622 - root - INFO - API Response type: <class 'dict'>
2026-05-05 16:39:08,622 - root - INFO - API Response keys: ['failCode', 'success', 'message', 'data']
2026-05-05 16:39:08,622 - root - INFO - API Response data is a list with 0 items
2026-05-05 16:39:08,622 - root - INFO - API Response has failCode: 0, message: historical data information query successful.
2026-05-05 16:39:08,622 - root - INFO - Using alternate response format: data as list
2026-05-05 16:39:08,623 - root - INFO - No data points returned for the query period
2026-05-05 16:39:08,623 - root - INFO - Using single devDn for device/history (API: one device per query)
2026-05-05 16:39:08,623 - root - INFO - Fetching historical data for 1 devices of type meteo_station
2026-05-05 16:39:08,623 - root - INFO - Making API request to: https://sg5.fusionsolar.huawei.com/rest/openapi/pvms/nbi/v1/device/history
2026-05-05 16:39:08,623 - root - INFO - Request payload: {'devDn': 'NE=51758770', 'devTypeId': 10, 'startTime': 1777827601000, 'endTime': 1777913999000}
2026-05-05 16:39:08,949 - root - INFO - Response status code: 200
2026-05-05 16:39:08,949 - root - INFO - API response from https://sg5.fusionsolar.huawei.com/rest/openapi/pvms/nbi/v1/device/history (truncated): {'failCode': 407, 'success': False, 'message': 'Interface access frequency:0.39333333333333337/1second', 'data': []}
2026-05-05 16:39:08,951 - root - WARNING - API access frequency too high. Waiting 30 seconds before retry...
2026-05-05 16:39:38,951 - root - INFO - Retrying API request after rate limit wait...
2026-05-05 16:39:38,952 - root - INFO - Making API request to: https://sg5.fusionsolar.huawei.com/rest/openapi/pvms/nbi/v1/device/history
2026-05-05 16:39:38,954 - root - INFO - Request payload: {'devDn': 'NE=51758770', 'devTypeId': 10, 'startTime': 1777827601000, 'endTime': 1777913999000}
2026-05-05 16:39:39,786 - root - INFO - Response status code: 200
2026-05-05 16:39:39,788 - root - INFO - API response from https://sg5.fusionsolar.huawei.com/rest/openapi/pvms/nbi/v1/device/history (truncated): {'failCode': 0, 'success': True, 'message': 'historical data information query successful.', 'data': [{'devDn': 'NE=51758770', 'collectTime': 1777827900000, 'dataItems': {'radiant_line': 0.0, 'horiz_radiant_total': None, 'horiz_radiant_line': None, 'temperature': 28.0, 'wind_speed': None, 'wind_direction': None, 'radiant_total': 0.0, 'pv_temperature': None}}, {'devDn': 'NE=51758770', 'collectTime': 1777828200000, 'dataItems': {'radiant_line': 0.0, 'horiz_radiant_total': None, 'horiz_radiant_line...
2026-05-05 16:39:39,791 - root - INFO - API Response type: <class 'dict'>
2026-05-05 16:39:39,791 - root - INFO - API Response keys: ['failCode', 'success', 'message', 'data']
2026-05-05 16:39:39,792 - root - INFO - API Response data is a list with 287 items
2026-05-05 16:39:39,792 - root - INFO - API Response has failCode: 0, message: historical data information query successful.
2026-05-05 16:39:39,792 - root - INFO - Using alternate response format: data as list
2026-05-05 16:39:39,792 - root - INFO - Received 287 data points from API
2026-05-05 16:39:39,792 - root - INFO - Sample data point structure: ['devDn', 'collectTime', 'dataItems']
2026-05-05 16:39:39,879 - root - INFO - Successfully upserted 287 data points.
2026-05-05 16:39:44,076 - root - INFO - Using single devDn for device/history (API: one device per query)
2026-05-05 16:39:44,079 - root - INFO - Fetching historical data for 1 devices of type meteo_station
2026-05-05 16:39:44,079 - root - INFO - Making API request to: https://sg5.fusionsolar.huawei.com/rest/openapi/pvms/nbi/v1/device/history
2026-05-05 16:39:44,079 - root - INFO - Request payload: {'devDn': 'NE=58795760', 'devTypeId': 10, 'startTime': 1777827601000, 'endTime': 1777913999000}
2026-05-05 16:39:44,527 - root - INFO - Response status code: 200
2026-05-05 16:39:44,527 - root - INFO - API response from https://sg5.fusionsolar.huawei.com/rest/openapi/pvms/nbi/v1/device/history (truncated): {'failCode': 0, 'success': True, 'message': 'historical data information query successful.', 'data': []}
2026-05-05 16:39:44,531 - root - INFO - API Response type: <class 'dict'>
2026-05-05 16:39:44,531 - root - INFO - API Response keys: ['failCode', 'success', 'message', 'data']
2026-05-05 16:39:44,531 - root - INFO - API Response data is a list with 0 items
2026-05-05 16:39:44,531 - root - INFO - API Response has failCode: 0, message: historical data information query successful.
2026-05-05 16:39:44,531 - root - INFO - Using alternate response format: data as list
2026-05-05 16:39:44,531 - root - INFO - No data points returned for the query period
2026-05-05 16:39:44,531 - root - INFO - Using single devDn for device/history (API: one device per query)
2026-05-05 16:39:44,532 - root - INFO - Fetching historical data for 1 devices of type meteo_station
2026-05-05 16:39:44,532 - root - INFO - Making API request to: https://sg5.fusionsolar.huawei.com/rest/openapi/pvms/nbi/v1/device/history
2026-05-05 16:39:44,532 - root - INFO - Request payload: {'devDn': 'NE=58795790', 'devTypeId': 10, 'startTime': 1777827601000, 'endTime': 1777913999000}
2026-05-05 16:39:44,851 - root - INFO - Response status code: 200
2026-05-05 16:39:44,851 - root - INFO - API response from https://sg5.fusionsolar.huawei.com/rest/openapi/pvms/nbi/v1/device/history (truncated): {'failCode': 407, 'success': False, 'message': 'Interface access frequency:0.39333333333333337/1second', 'data': []}
2026-05-05 16:39:44,852 - root - WARNING - API access frequency too high. Waiting 30 seconds before retry...
2026-05-05 16:40:14,852 - root - INFO - Retrying API request after rate limit wait...
2026-05-05 16:40:14,853 - root - INFO - Making API request to: https://sg5.fusionsolar.huawei.com/rest/openapi/pvms/nbi/v1/device/history
2026-05-05 16:40:14,855 - root - INFO - Request payload: {'devDn': 'NE=58795790', 'devTypeId': 10, 'startTime': 1777827601000, 'endTime': 1777913999000}
2026-05-05 16:40:15,253 - root - INFO - Response status code: 200
2026-05-05 16:40:15,253 - root - INFO - API response from https://sg5.fusionsolar.huawei.com/rest/openapi/pvms/nbi/v1/device/history (truncated): {'failCode': 0, 'success': True, 'message': 'historical data information query successful.', 'data': []}
2026-05-05 16:40:15,258 - root - INFO - API Response type: <class 'dict'>
2026-05-05 16:40:15,258 - root - INFO - API Response keys: ['failCode', 'success', 'message', 'data']
2026-05-05 16:40:15,258 - root - INFO - API Response data is a list with 0 items
2026-05-05 16:40:15,258 - root - INFO - API Response has failCode: 0, message: historical data information query successful.
2026-05-05 16:40:15,258 - root - INFO - Using alternate response format: data as list
2026-05-05 16:40:15,258 - root - INFO - No data points returned for the query period
2026-05-05 16:40:15,259 - root - INFO - Using single devDn for device/history (API: one device per query)
2026-05-05 16:40:15,259 - root - INFO - Fetching historical data for 1 devices of type meteo_station
2026-05-05 16:40:15,259 - root - INFO - Making API request to: https://sg5.fusionsolar.huawei.com/rest/openapi/pvms/nbi/v1/device/history
2026-05-05 16:40:15,259 - root - INFO - Request payload: {'devDn': 'NE=63022292', 'devTypeId': 10, 'startTime': 1777827601000, 'endTime': 1777913999000}
2026-05-05 16:40:15,562 - root - INFO - Response status code: 200
2026-05-05 16:40:15,563 - root - INFO - API response from https://sg5.fusionsolar.huawei.com/rest/openapi/pvms/nbi/v1/device/history (truncated): {'failCode': 407, 'success': False, 'message': 'Interface access frequency:0.39333333333333337/1second', 'data': []}
2026-05-05 16:40:15,564 - root - WARNING - API access frequency too high. Waiting 30 seconds before retry...
2026-05-05 16:40:45,564 - root - INFO - Retrying API request after rate limit wait...
2026-05-05 16:40:45,565 - root - INFO - Making API request to: https://sg5.fusionsolar.huawei.com/rest/openapi/pvms/nbi/v1/device/history
2026-05-05 16:40:45,567 - root - INFO - Request payload: {'devDn': 'NE=63022292', 'devTypeId': 10, 'startTime': 1777827601000, 'endTime': 1777913999000}
2026-05-05 16:40:46,228 - root - INFO - Response status code: 200
2026-05-05 16:40:46,230 - root - INFO - API response from https://sg5.fusionsolar.huawei.com/rest/openapi/pvms/nbi/v1/device/history (truncated): {'failCode': 0, 'success': True, 'message': 'historical data information query successful.', 'data': [{'devDn': 'NE=63022292', 'collectTime': 1777827900000, 'dataItems': {'radiant_line': 0.0, 'horiz_radiant_total': None, 'horiz_radiant_line': None, 'temperature': -0.1, 'wind_speed': 0.0, 'wind_direction': None, 'radiant_total': 0.0, 'pv_temperature': 0.3}}, {'devDn': 'NE=63022292', 'collectTime': 1777828200000, 'dataItems': {'radiant_line': 0.0, 'horiz_radiant_total': None, 'horiz_radiant_line':...
2026-05-05 16:40:46,234 - root - INFO - API Response type: <class 'dict'>
2026-05-05 16:40:46,234 - root - INFO - API Response keys: ['failCode', 'success', 'message', 'data']
2026-05-05 16:40:46,234 - root - INFO - API Response data is a list with 287 items
2026-05-05 16:40:46,234 - root - INFO - API Response has failCode: 0, message: historical data information query successful.
2026-05-05 16:40:46,234 - root - INFO - Using alternate response format: data as list
2026-05-05 16:40:46,234 - root - INFO - Received 287 data points from API
2026-05-05 16:40:46,235 - root - INFO - Sample data point structure: ['devDn', 'collectTime', 'dataItems']
2026-05-05 16:40:46,327 - root - INFO - Successfully upserted 287 data points.
2026-05-05 16:40:50,180 - root - INFO - Using single devDn for device/history (API: one device per query)
2026-05-05 16:40:50,183 - root - INFO - Fetching historical data for 1 devices of type meteo_station
2026-05-05 16:40:50,183 - root - INFO - Making API request to: https://sg5.fusionsolar.huawei.com/rest/openapi/pvms/nbi/v1/device/history
2026-05-05 16:40:50,183 - root - INFO - Request payload: {'devDn': 'NE=63022168', 'devTypeId': 10, 'startTime': 1777827601000, 'endTime': 1777913999000}
2026-05-05 16:40:50,780 - root - INFO - Response status code: 200
2026-05-05 16:40:50,783 - root - INFO - API response from https://sg5.fusionsolar.huawei.com/rest/openapi/pvms/nbi/v1/device/history (truncated): {'failCode': 0, 'success': True, 'message': 'historical data information query successful.', 'data': [{'devDn': 'NE=63022168', 'collectTime': 1777827900000, 'dataItems': {'radiant_line': 0.0, 'horiz_radiant_total': None, 'horiz_radiant_line': None, 'temperature': -0.4, 'wind_speed': 0.0, 'wind_direction': None, 'radiant_total': 0.0, 'pv_temperature': 0.1}}, {'devDn': 'NE=63022168', 'collectTime': 1777828200000, 'dataItems': {'radiant_line': 0.0, 'horiz_radiant_total': None, 'horiz_radiant_line':...
2026-05-05 16:40:50,785 - root - INFO - API Response type: <class 'dict'>
2026-05-05 16:40:50,785 - root - INFO - API Response keys: ['failCode', 'success', 'message', 'data']
2026-05-05 16:40:50,785 - root - INFO - API Response data is a list with 287 items
2026-05-05 16:40:50,785 - root - INFO - API Response has failCode: 0, message: historical data information query successful.
2026-05-05 16:40:50,785 - root - INFO - Using alternate response format: data as list
2026-05-05 16:40:50,786 - root - INFO - Received 287 data points from API
2026-05-05 16:40:50,786 - root - INFO - Sample data point structure: ['devDn', 'collectTime', 'dataItems']
2026-05-05 16:40:50,873 - root - INFO - Successfully upserted 287 data points.
2026-05-05 16:40:54,306 - root - INFO - Using single devDn for device/history (API: one device per query)
2026-05-05 16:40:54,308 - root - INFO - Fetching historical data for 1 devices of type meteo_station
2026-05-05 16:40:54,309 - root - INFO - Making API request to: https://sg5.fusionsolar.huawei.com/rest/openapi/pvms/nbi/v1/device/history
2026-05-05 16:40:54,309 - root - INFO - Request payload: {'devDn': 'NE=63022396', 'devTypeId': 10, 'startTime': 1777827601000, 'endTime': 1777913999000}
2026-05-05 16:40:54,932 - root - INFO - Response status code: 200
2026-05-05 16:40:54,935 - root - INFO - API response from https://sg5.fusionsolar.huawei.com/rest/openapi/pvms/nbi/v1/device/history (truncated): {'failCode': 0, 'success': True, 'message': 'historical data information query successful.', 'data': [{'devDn': 'NE=63022396', 'collectTime': 1777827900000, 'dataItems': {'radiant_line': 0.0, 'horiz_radiant_total': None, 'horiz_radiant_line': None, 'temperature': 0.0, 'wind_speed': 0.0, 'wind_direction': None, 'radiant_total': 0.0, 'pv_temperature': 0.1}}, {'devDn': 'NE=63022396', 'collectTime': 1777828200000, 'dataItems': {'radiant_line': 0.0, 'horiz_radiant_total': None, 'horiz_radiant_line': ...
2026-05-05 16:40:54,937 - root - INFO - API Response type: <class 'dict'>
2026-05-05 16:40:54,937 - root - INFO - API Response keys: ['failCode', 'success', 'message', 'data']
2026-05-05 16:40:54,937 - root - INFO - API Response data is a list with 287 items
2026-05-05 16:40:54,937 - root - INFO - API Response has failCode: 0, message: historical data information query successful.
2026-05-05 16:40:54,937 - root - INFO - Using alternate response format: data as list
2026-05-05 16:40:54,937 - root - INFO - Received 287 data points from API
2026-05-05 16:40:54,950 - root - INFO - Sample data point structure: ['devDn', 'collectTime', 'dataItems']
2026-05-05 16:40:55,040 - root - INFO - Successfully upserted 287 data points.
2026-05-05 16:40:58,355 - root - INFO - Using single devDn for device/history (API: one device per query)
2026-05-05 16:40:58,358 - root - INFO - Fetching historical data for 1 devices of type meteo_station
2026-05-05 16:40:58,358 - root - INFO - Making API request to: https://sg5.fusionsolar.huawei.com/rest/openapi/pvms/nbi/v1/device/history
2026-05-05 16:40:58,358 - root - INFO - Request payload: {'devDn': 'NE=63022388', 'devTypeId': 10, 'startTime': 1777827601000, 'endTime': 1777913999000}
2026-05-05 16:40:59,224 - root - INFO - Response status code: 200
2026-05-05 16:40:59,227 - root - INFO - API response from https://sg5.fusionsolar.huawei.com/rest/openapi/pvms/nbi/v1/device/history (truncated): {'failCode': 0, 'success': True, 'message': 'historical data information query successful.', 'data': [{'devDn': 'NE=63022388', 'collectTime': 1777827900000, 'dataItems': {'radiant_line': 0.0, 'horiz_radiant_total': None, 'horiz_radiant_line': None, 'temperature': 0.0, 'wind_speed': 0.0, 'wind_direction': None, 'radiant_total': 0.0, 'pv_temperature': 0.3}}, {'devDn': 'NE=63022388', 'collectTime': 1777828200000, 'dataItems': {'radiant_line': 0.0, 'horiz_radiant_total': None, 'horiz_radiant_line': ...
2026-05-05 16:40:59,229 - root - INFO - API Response type: <class 'dict'>
2026-05-05 16:40:59,229 - root - INFO - API Response keys: ['failCode', 'success', 'message', 'data']
2026-05-05 16:40:59,229 - root - INFO - API Response data is a list with 287 items
2026-05-05 16:40:59,229 - root - INFO - API Response has failCode: 0, message: historical data information query successful.
2026-05-05 16:40:59,229 - root - INFO - Using alternate response format: data as list
2026-05-05 16:40:59,229 - root - INFO - Received 287 data points from API
2026-05-05 16:40:59,229 - root - INFO - Sample data point structure: ['devDn', 'collectTime', 'dataItems']
2026-05-05 16:40:59,315 - root - INFO - Successfully upserted 287 data points.
2026-05-05 16:41:02,767 - root - INFO - Using single devDn for device/history (API: one device per query)
2026-05-05 16:41:02,771 - root - INFO - Fetching historical data for 1 devices of type meteo_station
2026-05-05 16:41:02,771 - root - INFO - Making API request to: https://sg5.fusionsolar.huawei.com/rest/openapi/pvms/nbi/v1/device/history
2026-05-05 16:41:02,771 - root - INFO - Request payload: {'devDn': 'NE=63022386', 'devTypeId': 10, 'startTime': 1777827601000, 'endTime': 1777913999000}
2026-05-05 16:41:03,371 - root - INFO - Response status code: 200
2026-05-05 16:41:03,373 - root - INFO - API response from https://sg5.fusionsolar.huawei.com/rest/openapi/pvms/nbi/v1/device/history (truncated): {'failCode': 0, 'success': True, 'message': 'historical data information query successful.', 'data': [{'devDn': 'NE=63022386', 'collectTime': 1777827900000, 'dataItems': {'radiant_line': 0.0, 'horiz_radiant_total': None, 'horiz_radiant_line': None, 'temperature': -0.1, 'wind_speed': 0.0, 'wind_direction': None, 'radiant_total': 0.0, 'pv_temperature': 0.2}}, {'devDn': 'NE=63022386', 'collectTime': 1777828200000, 'dataItems': {'radiant_line': 0.0, 'horiz_radiant_total': None, 'horiz_radiant_line':...
2026-05-05 16:41:03,375 - root - INFO - API Response type: <class 'dict'>
2026-05-05 16:41:03,375 - root - INFO - API Response keys: ['failCode', 'success', 'message', 'data']
2026-05-05 16:41:03,375 - root - INFO - API Response data is a list with 287 items
2026-05-05 16:41:03,375 - root - INFO - API Response has failCode: 0, message: historical data information query successful.
2026-05-05 16:41:03,376 - root - INFO - Using alternate response format: data as list
2026-05-05 16:41:03,376 - root - INFO - Received 287 data points from API
2026-05-05 16:41:03,376 - root - INFO - Sample data point structure: ['devDn', 'collectTime', 'dataItems']
2026-05-05 16:41:03,453 - root - INFO - Successfully upserted 287 data points.
2026-05-05 16:41:06,723 - root - INFO - Using single devDn for device/history (API: one device per query)
2026-05-05 16:41:06,726 - root - INFO - Fetching historical data for 1 devices of type meteo_station
2026-05-05 16:41:06,726 - root - INFO - Making API request to: https://sg5.fusionsolar.huawei.com/rest/openapi/pvms/nbi/v1/device/history
2026-05-05 16:41:06,726 - root - INFO - Request payload: {'devDn': 'NE=50518052', 'devTypeId': 10, 'startTime': 1777827601000, 'endTime': 1777913999000}
2026-05-05 16:41:07,342 - root - INFO - Response status code: 200
2026-05-05 16:41:07,345 - root - INFO - API response from https://sg5.fusionsolar.huawei.com/rest/openapi/pvms/nbi/v1/device/history (truncated): {'failCode': 0, 'success': True, 'message': 'historical data information query successful.', 'data': [{'devDn': 'NE=50518052', 'collectTime': 1777827900000, 'dataItems': {'radiant_line': 0.0, 'horiz_radiant_total': None, 'horiz_radiant_line': None, 'temperature': -0.3, 'wind_speed': 0.0, 'wind_direction': None, 'radiant_total': 0.0, 'pv_temperature': 0.2}}, {'devDn': 'NE=50518052', 'collectTime': 1777828200000, 'dataItems': {'radiant_line': 0.0, 'horiz_radiant_total': None, 'horiz_radiant_line':...
2026-05-05 16:41:07,348 - root - INFO - API Response type: <class 'dict'>
2026-05-05 16:41:07,348 - root - INFO - API Response keys: ['failCode', 'success', 'message', 'data']
2026-05-05 16:41:07,348 - root - INFO - API Response data is a list with 287 items
2026-05-05 16:41:07,348 - root - INFO - API Response has failCode: 0, message: historical data information query successful.
2026-05-05 16:41:07,348 - root - INFO - Using alternate response format: data as list
2026-05-05 16:41:07,348 - root - INFO - Received 287 data points from API
2026-05-05 16:41:07,348 - root - INFO - Sample data point structure: ['devDn', 'collectTime', 'dataItems']
2026-05-05 16:41:07,432 - root - INFO - Successfully upserted 287 data points.
2026-05-05 16:41:11,229 - root - INFO - Using single devDn for device/history (API: one device per query)
2026-05-05 16:41:11,232 - root - INFO - Fetching historical data for 1 devices of type meteo_station
2026-05-05 16:41:11,232 - root - INFO - Making API request to: https://sg5.fusionsolar.huawei.com/rest/openapi/pvms/nbi/v1/device/history
2026-05-05 16:41:11,232 - root - INFO - Request payload: {'devDn': 'NE=50518051', 'devTypeId': 10, 'startTime': 1777827601000, 'endTime': 1777913999000}
2026-05-05 16:41:11,840 - root - INFO - Response status code: 200
2026-05-05 16:41:11,843 - root - INFO - API response from https://sg5.fusionsolar.huawei.com/rest/openapi/pvms/nbi/v1/device/history (truncated): {'failCode': 0, 'success': True, 'message': 'historical data information query successful.', 'data': [{'devDn': 'NE=50518051', 'collectTime': 1777827900000, 'dataItems': {'radiant_line': 0.0, 'horiz_radiant_total': None, 'horiz_radiant_line': None, 'temperature': -0.3, 'wind_speed': 0.0, 'wind_direction': None, 'radiant_total': 0.0, 'pv_temperature': 0.1}}, {'devDn': 'NE=50518051', 'collectTime': 1777828200000, 'dataItems': {'radiant_line': 0.0, 'horiz_radiant_total': None, 'horiz_radiant_line':...
2026-05-05 16:41:11,845 - root - INFO - API Response type: <class 'dict'>
2026-05-05 16:41:11,845 - root - INFO - API Response keys: ['failCode', 'success', 'message', 'data']
2026-05-05 16:41:11,845 - root - INFO - API Response data is a list with 287 items
2026-05-05 16:41:11,845 - root - INFO - API Response has failCode: 0, message: historical data information query successful.
2026-05-05 16:41:11,845 - root - INFO - Using alternate response format: data as list
2026-05-05 16:41:11,845 - root - INFO - Received 287 data points from API
2026-05-05 16:41:11,846 - root - INFO - Sample data point structure: ['devDn', 'collectTime', 'dataItems']
2026-05-05 16:41:11,936 - root - INFO - Successfully upserted 287 data points.
2026-05-05 16:41:15,453 - root - INFO - Using single devDn for device/history (API: one device per query)
2026-05-05 16:41:15,456 - root - INFO - Fetching historical data for 1 devices of type meteo_station
2026-05-05 16:41:15,456 - root - INFO - Making API request to: https://sg5.fusionsolar.huawei.com/rest/openapi/pvms/nbi/v1/device/history
2026-05-05 16:41:15,456 - root - INFO - Request payload: {'devDn': 'NE=62806358', 'devTypeId': 10, 'startTime': 1777827601000, 'endTime': 1777913999000}
2026-05-05 16:41:16,116 - root - INFO - Response status code: 200
2026-05-05 16:41:16,119 - root - INFO - API response from https://sg5.fusionsolar.huawei.com/rest/openapi/pvms/nbi/v1/device/history (truncated): {'failCode': 0, 'success': True, 'message': 'historical data information query successful.', 'data': [{'devDn': 'NE=62806358', 'collectTime': 1777827900000, 'dataItems': {'radiant_line': 0.0, 'horiz_radiant_total': None, 'horiz_radiant_line': None, 'temperature': 26.8, 'wind_speed': None, 'wind_direction': None, 'radiant_total': 0.0, 'pv_temperature': 26.5}}, {'devDn': 'NE=62806358', 'collectTime': 1777828200000, 'dataItems': {'radiant_line': 0.0, 'horiz_radiant_total': None, 'horiz_radiant_line...
2026-05-05 16:41:16,121 - root - INFO - API Response type: <class 'dict'>
2026-05-05 16:41:16,121 - root - INFO - API Response keys: ['failCode', 'success', 'message', 'data']
2026-05-05 16:41:16,121 - root - INFO - API Response data is a list with 287 items
2026-05-05 16:41:16,121 - root - INFO - API Response has failCode: 0, message: historical data information query successful.
2026-05-05 16:41:16,122 - root - INFO - Using alternate response format: data as list
2026-05-05 16:41:16,122 - root - INFO - Received 287 data points from API
2026-05-05 16:41:16,122 - root - INFO - Sample data point structure: ['devDn', 'collectTime', 'dataItems']
2026-05-05 16:41:16,200 - root - INFO - Successfully upserted 287 data points.
2026-05-05 16:41:19,970 - root - INFO - Using single devDn for device/history (API: one device per query)
2026-05-05 16:41:19,973 - root - INFO - Fetching historical data for 1 devices of type meteo_station
2026-05-05 16:41:19,974 - root - INFO - Making API request to: https://sg5.fusionsolar.huawei.com/rest/openapi/pvms/nbi/v1/device/history
2026-05-05 16:41:19,974 - root - INFO - Request payload: {'devDn': 'NE=62806362', 'devTypeId': 10, 'startTime': 1777827601000, 'endTime': 1777913999000}
2026-05-05 16:41:20,588 - root - INFO - Response status code: 200
2026-05-05 16:41:20,590 - root - INFO - API response from https://sg5.fusionsolar.huawei.com/rest/openapi/pvms/nbi/v1/device/history (truncated): {'failCode': 0, 'success': True, 'message': 'historical data information query successful.', 'data': [{'devDn': 'NE=62806362', 'collectTime': 1777827900000, 'dataItems': {'radiant_line': 0.0, 'horiz_radiant_total': None, 'horiz_radiant_line': None, 'temperature': 26.7, 'wind_speed': None, 'wind_direction': None, 'radiant_total': 0.0, 'pv_temperature': None}}, {'devDn': 'NE=62806362', 'collectTime': 1777828200000, 'dataItems': {'radiant_line': 0.0, 'horiz_radiant_total': None, 'horiz_radiant_line...
2026-05-05 16:41:20,592 - root - INFO - API Response type: <class 'dict'>
2026-05-05 16:41:20,592 - root - INFO - API Response keys: ['failCode', 'success', 'message', 'data']
2026-05-05 16:41:20,592 - root - INFO - API Response data is a list with 287 items
2026-05-05 16:41:20,592 - root - INFO - API Response has failCode: 0, message: historical data information query successful.
2026-05-05 16:41:20,593 - root - INFO - Using alternate response format: data as list
2026-05-05 16:41:20,593 - root - INFO - Received 287 data points from API
2026-05-05 16:41:20,593 - root - INFO - Sample data point structure: ['devDn', 'collectTime', 'dataItems']
2026-05-05 16:41:20,683 - root - INFO - Successfully upserted 287 data points.
2026-05-05 16:41:24,346 - root - INFO - Using single devDn for device/history (API: one device per query)
2026-05-05 16:41:24,349 - root - INFO - Fetching historical data for 1 devices of type meteo_station
2026-05-05 16:41:24,349 - root - INFO - Making API request to: https://sg5.fusionsolar.huawei.com/rest/openapi/pvms/nbi/v1/device/history
2026-05-05 16:41:24,349 - root - INFO - Request payload: {'devDn': 'NE=62806359', 'devTypeId': 10, 'startTime': 1777827601000, 'endTime': 1777913999000}
2026-05-05 16:41:25,073 - root - INFO - Response status code: 200
2026-05-05 16:41:25,076 - root - INFO - API response from https://sg5.fusionsolar.huawei.com/rest/openapi/pvms/nbi/v1/device/history (truncated): {'failCode': 0, 'success': True, 'message': 'historical data information query successful.', 'data': [{'devDn': 'NE=62806359', 'collectTime': 1777827900000, 'dataItems': {'radiant_line': 0.0, 'horiz_radiant_total': None, 'horiz_radiant_line': None, 'temperature': None, 'wind_speed': None, 'wind_direction': None, 'radiant_total': 0.0, 'pv_temperature': 25.8}}, {'devDn': 'NE=62806359', 'collectTime': 1777828200000, 'dataItems': {'radiant_line': 0.0, 'horiz_radiant_total': None, 'horiz_radiant_line...
2026-05-05 16:41:25,078 - root - INFO - API Response type: <class 'dict'>
2026-05-05 16:41:25,078 - root - INFO - API Response keys: ['failCode', 'success', 'message', 'data']
2026-05-05 16:41:25,078 - root - INFO - API Response data is a list with 287 items
2026-05-05 16:41:25,079 - root - INFO - API Response has failCode: 0, message: historical data information query successful.
2026-05-05 16:41:25,079 - root - INFO - Using alternate response format: data as list
2026-05-05 16:41:25,079 - root - INFO - Received 287 data points from API
2026-05-05 16:41:25,079 - root - INFO - Sample data point structure: ['devDn', 'collectTime', 'dataItems']
2026-05-05 16:41:25,178 - root - INFO - Successfully upserted 287 data points.
2026-05-05 16:41:28,524 - root - INFO - Using single devDn for device/history (API: one device per query)
2026-05-05 16:41:28,527 - root - INFO - Fetching historical data for 1 devices of type meteo_station
2026-05-05 16:41:28,527 - root - INFO - Making API request to: https://sg5.fusionsolar.huawei.com/rest/openapi/pvms/nbi/v1/device/history
2026-05-05 16:41:28,527 - root - INFO - Request payload: {'devDn': 'NE=62806361', 'devTypeId': 10, 'startTime': 1777827601000, 'endTime': 1777913999000}
2026-05-05 16:41:29,188 - root - INFO - Response status code: 200
2026-05-05 16:41:29,190 - root - INFO - API response from https://sg5.fusionsolar.huawei.com/rest/openapi/pvms/nbi/v1/device/history (truncated): {'failCode': 0, 'success': True, 'message': 'historical data information query successful.', 'data': [{'devDn': 'NE=62806361', 'collectTime': 1777827900000, 'dataItems': {'radiant_line': 0.0, 'horiz_radiant_total': None, 'horiz_radiant_line': None, 'temperature': None, 'wind_speed': None, 'wind_direction': None, 'radiant_total': 0.0, 'pv_temperature': 26.4}}, {'devDn': 'NE=62806361', 'collectTime': 1777828200000, 'dataItems': {'radiant_line': 0.0, 'horiz_radiant_total': None, 'horiz_radiant_line...
2026-05-05 16:41:29,192 - root - INFO - API Response type: <class 'dict'>
2026-05-05 16:41:29,192 - root - INFO - API Response keys: ['failCode', 'success', 'message', 'data']
2026-05-05 16:41:29,192 - root - INFO - API Response data is a list with 287 items
2026-05-05 16:41:29,192 - root - INFO - API Response has failCode: 0, message: historical data information query successful.
2026-05-05 16:41:29,193 - root - INFO - Using alternate response format: data as list
2026-05-05 16:41:29,193 - root - INFO - Received 287 data points from API
2026-05-05 16:41:29,193 - root - INFO - Sample data point structure: ['devDn', 'collectTime', 'dataItems']
2026-05-05 16:41:29,271 - root - INFO - Successfully upserted 287 data points.
2026-05-05 16:41:32,580 - root - INFO - Using single devDn for device/history (API: one device per query)
2026-05-05 16:41:32,583 - root - INFO - Fetching historical data for 1 devices of type meteo_station
2026-05-05 16:41:32,583 - root - INFO - Making API request to: https://sg5.fusionsolar.huawei.com/rest/openapi/pvms/nbi/v1/device/history
2026-05-05 16:41:32,583 - root - INFO - Request payload: {'devDn': 'NE=64100324', 'devTypeId': 10, 'startTime': 1777827601000, 'endTime': 1777913999000}
2026-05-05 16:41:33,252 - root - INFO - Response status code: 200
2026-05-05 16:41:33,254 - root - INFO - API response from https://sg5.fusionsolar.huawei.com/rest/openapi/pvms/nbi/v1/device/history (truncated): {'failCode': 0, 'success': True, 'message': 'historical data information query successful.', 'data': [{'devDn': 'NE=64100324', 'collectTime': 1777827900000, 'dataItems': {'radiant_line': 0.0, 'horiz_radiant_total': None, 'horiz_radiant_line': None, 'temperature': None, 'wind_speed': None, 'wind_direction': None, 'radiant_total': 0.0, 'pv_temperature': 26.3}}, {'devDn': 'NE=64100324', 'collectTime': 1777828200000, 'dataItems': {'radiant_line': 0.0, 'horiz_radiant_total': None, 'horiz_radiant_line...
2026-05-05 16:41:33,256 - root - INFO - API Response type: <class 'dict'>
2026-05-05 16:41:33,256 - root - INFO - API Response keys: ['failCode', 'success', 'message', 'data']
2026-05-05 16:41:33,256 - root - INFO - API Response data is a list with 287 items
2026-05-05 16:41:33,257 - root - INFO - API Response has failCode: 0, message: historical data information query successful.
2026-05-05 16:41:33,257 - root - INFO - Using alternate response format: data as list
2026-05-05 16:41:33,257 - root - INFO - Received 287 data points from API
2026-05-05 16:41:33,257 - root - INFO - Sample data point structure: ['devDn', 'collectTime', 'dataItems']
2026-05-05 16:41:33,334 - root - INFO - Successfully upserted 287 data points.
2026-05-05 16:41:36,504 - root - INFO - Using single devDn for device/history (API: one device per query)
2026-05-05 16:41:36,507 - root - INFO - Fetching historical data for 1 devices of type meteo_station
2026-05-05 16:41:36,507 - root - INFO - Making API request to: https://sg5.fusionsolar.huawei.com/rest/openapi/pvms/nbi/v1/device/history
2026-05-05 16:41:36,507 - root - INFO - Request payload: {'devDn': 'NE=69854700', 'devTypeId': 10, 'startTime': 1777827601000, 'endTime': 1777913999000}
2026-05-05 16:41:37,241 - root - INFO - Response status code: 200
2026-05-05 16:41:37,244 - root - INFO - API response from https://sg5.fusionsolar.huawei.com/rest/openapi/pvms/nbi/v1/device/history (truncated): {'failCode': 0, 'success': True, 'message': 'historical data information query successful.', 'data': [{'devDn': 'NE=69854700', 'collectTime': 1777827900000, 'dataItems': {'radiant_line': None, 'horiz_radiant_total': None, 'horiz_radiant_line': None, 'temperature': 26.8, 'wind_speed': 7.7, 'wind_direction': 8.0, 'radiant_total': None, 'pv_temperature': None}}, {'devDn': 'NE=69854700', 'collectTime': 1777828200000, 'dataItems': {'radiant_line': None, 'horiz_radiant_total': None, 'horiz_radiant_lin...
2026-05-05 16:41:37,246 - root - INFO - API Response type: <class 'dict'>
2026-05-05 16:41:37,246 - root - INFO - API Response keys: ['failCode', 'success', 'message', 'data']
2026-05-05 16:41:37,246 - root - INFO - API Response data is a list with 287 items
2026-05-05 16:41:37,246 - root - INFO - API Response has failCode: 0, message: historical data information query successful.
2026-05-05 16:41:37,246 - root - INFO - Using alternate response format: data as list
2026-05-05 16:41:37,247 - root - INFO - Received 287 data points from API
2026-05-05 16:41:37,247 - root - INFO - Sample data point structure: ['devDn', 'collectTime', 'dataItems']
2026-05-05 16:41:37,335 - root - INFO - Successfully upserted 287 data points.
2026-05-05 16:41:40,381 - root - INFO - Using single devDn for device/history (API: one device per query)
2026-05-05 16:41:40,384 - root - INFO - Fetching historical data for 1 devices of type meteo_station
2026-05-05 16:41:40,384 - root - INFO - Making API request to: https://sg5.fusionsolar.huawei.com/rest/openapi/pvms/nbi/v1/device/history
2026-05-05 16:41:40,384 - root - INFO - Request payload: {'devDn': 'NE=64100582', 'devTypeId': 10, 'startTime': 1777827601000, 'endTime': 1777913999000}
2026-05-05 16:41:41,046 - root - INFO - Response status code: 200
2026-05-05 16:41:41,049 - root - INFO - API response from https://sg5.fusionsolar.huawei.com/rest/openapi/pvms/nbi/v1/device/history (truncated): {'failCode': 0, 'success': True, 'message': 'historical data information query successful.', 'data': [{'devDn': 'NE=64100582', 'collectTime': 1777827900000, 'dataItems': {'radiant_line': 0.0, 'horiz_radiant_total': None, 'horiz_radiant_line': None, 'temperature': 26.8, 'wind_speed': None, 'wind_direction': None, 'radiant_total': 0.0, 'pv_temperature': 26.3}}, {'devDn': 'NE=64100582', 'collectTime': 1777828200000, 'dataItems': {'radiant_line': 0.0, 'horiz_radiant_total': None, 'horiz_radiant_line...
2026-05-05 16:41:41,051 - root - INFO - API Response type: <class 'dict'>
2026-05-05 16:41:41,051 - root - INFO - API Response keys: ['failCode', 'success', 'message', 'data']
2026-05-05 16:41:41,052 - root - INFO - API Response data is a list with 287 items
2026-05-05 16:41:41,052 - root - INFO - API Response has failCode: 0, message: historical data information query successful.
2026-05-05 16:41:41,052 - root - INFO - Using alternate response format: data as list
2026-05-05 16:41:41,052 - root - INFO - Received 287 data points from API
2026-05-05 16:41:41,052 - root - INFO - Sample data point structure: ['devDn', 'collectTime', 'dataItems']
2026-05-05 16:41:41,134 - root - INFO - Successfully upserted 287 data points.
2026-05-05 16:41:44,344 - root - INFO - Using single devDn for device/history (API: one device per query)
2026-05-05 16:41:44,347 - root - INFO - Fetching historical data for 1 devices of type meteo_station
2026-05-05 16:41:44,347 - root - INFO - Making API request to: https://sg5.fusionsolar.huawei.com/rest/openapi/pvms/nbi/v1/device/history
2026-05-05 16:41:44,347 - root - INFO - Request payload: {'devDn': 'NE=54493962', 'devTypeId': 10, 'startTime': 1777827601000, 'endTime': 1777913999000}
2026-05-05 16:41:44,781 - root - INFO - Response status code: 200
2026-05-05 16:41:44,781 - root - INFO - API response from https://sg5.fusionsolar.huawei.com/rest/openapi/pvms/nbi/v1/device/history (truncated): {'failCode': 0, 'success': True, 'message': 'historical data information query successful.', 'data': []}
2026-05-05 16:41:44,784 - root - INFO - API Response type: <class 'dict'>
2026-05-05 16:41:44,784 - root - INFO - API Response keys: ['failCode', 'success', 'message', 'data']
2026-05-05 16:41:44,785 - root - INFO - API Response data is a list with 0 items
2026-05-05 16:41:44,785 - root - INFO - API Response has failCode: 0, message: historical data information query successful.
2026-05-05 16:41:44,785 - root - INFO - Using alternate response format: data as list
2026-05-05 16:41:44,785 - root - INFO - No data points returned for the query period
2026-05-05 16:41:44,785 - root - INFO - Using single devDn for device/history (API: one device per query)
2026-05-05 16:41:44,786 - root - INFO - Fetching historical data for 1 devices of type meteo_station
2026-05-05 16:41:44,786 - root - INFO - Making API request to: https://sg5.fusionsolar.huawei.com/rest/openapi/pvms/nbi/v1/device/history
2026-05-05 16:41:44,786 - root - INFO - Request payload: {'devDn': 'NE=54493936', 'devTypeId': 10, 'startTime': 1777827601000, 'endTime': 1777913999000}
2026-05-05 16:41:45,114 - root - INFO - Response status code: 200
2026-05-05 16:41:45,114 - root - INFO - API response from https://sg5.fusionsolar.huawei.com/rest/openapi/pvms/nbi/v1/device/history (truncated): {'failCode': 407, 'success': False, 'message': 'Interface access frequency:0.39333333333333337/1second', 'data': []}
2026-05-05 16:41:45,116 - root - WARNING - API access frequency too high. Waiting 30 seconds before retry...
2026-05-05 16:42:15,117 - root - INFO - Retrying API request after rate limit wait...
2026-05-05 16:42:15,117 - root - INFO - Making API request to: https://sg5.fusionsolar.huawei.com/rest/openapi/pvms/nbi/v1/device/history
2026-05-05 16:42:15,119 - root - INFO - Request payload: {'devDn': 'NE=54493936', 'devTypeId': 10, 'startTime': 1777827601000, 'endTime': 1777913999000}
2026-05-05 16:42:15,540 - root - INFO - Response status code: 200
2026-05-05 16:42:15,540 - root - INFO - API response from https://sg5.fusionsolar.huawei.com/rest/openapi/pvms/nbi/v1/device/history (truncated): {'failCode': 0, 'success': True, 'message': 'historical data information query successful.', 'data': []}
2026-05-05 16:42:15,544 - root - INFO - API Response type: <class 'dict'>
2026-05-05 16:42:15,544 - root - INFO - API Response keys: ['failCode', 'success', 'message', 'data']
2026-05-05 16:42:15,545 - root - INFO - API Response data is a list with 0 items
2026-05-05 16:42:15,545 - root - INFO - API Response has failCode: 0, message: historical data information query successful.
2026-05-05 16:42:15,545 - root - INFO - Using alternate response format: data as list
2026-05-05 16:42:15,545 - root - INFO - No data points returned for the query period
2026-05-05 16:42:15,545 - root - INFO - Using single devDn for device/history (API: one device per query)
2026-05-05 16:42:15,545 - root - INFO - Fetching historical data for 1 devices of type meteo_station
2026-05-05 16:42:15,546 - root - INFO - Making API request to: https://sg5.fusionsolar.huawei.com/rest/openapi/pvms/nbi/v1/device/history
2026-05-05 16:42:15,546 - root - INFO - Request payload: {'devDn': 'NE=54435798', 'devTypeId': 10, 'startTime': 1777827601000, 'endTime': 1777913999000}
2026-05-05 16:42:15,906 - root - INFO - Response status code: 200
2026-05-05 16:42:15,906 - root - INFO - API response from https://sg5.fusionsolar.huawei.com/rest/openapi/pvms/nbi/v1/device/history (truncated): {'failCode': 407, 'success': False, 'message': 'Interface access frequency:0.39333333333333337/1second', 'data': []}
2026-05-05 16:42:15,908 - root - WARNING - API access frequency too high. Waiting 30 seconds before retry...
2026-05-05 16:42:45,909 - root - INFO - Retrying API request after rate limit wait...
2026-05-05 16:42:45,909 - root - INFO - Making API request to: https://sg5.fusionsolar.huawei.com/rest/openapi/pvms/nbi/v1/device/history
2026-05-05 16:42:45,911 - root - INFO - Request payload: {'devDn': 'NE=54435798', 'devTypeId': 10, 'startTime': 1777827601000, 'endTime': 1777913999000}
2026-05-05 16:42:50,002 - root - INFO - Response status code: 200
2026-05-05 16:42:50,002 - root - INFO - API response from https://sg5.fusionsolar.huawei.com/rest/openapi/pvms/nbi/v1/device/history (truncated): {'failCode': 0, 'success': True, 'message': 'historical data information query successful.', 'data': []}
2026-05-05 16:42:50,006 - root - INFO - API Response type: <class 'dict'>
2026-05-05 16:42:50,007 - root - INFO - API Response keys: ['failCode', 'success', 'message', 'data']
2026-05-05 16:42:50,007 - root - INFO - API Response data is a list with 0 items
2026-05-05 16:42:50,007 - root - INFO - API Response has failCode: 0, message: historical data information query successful.
2026-05-05 16:42:50,007 - root - INFO - Using alternate response format: data as list
2026-05-05 16:42:50,007 - root - INFO - No data points returned for the query period
2026-05-05 16:42:50,007 - root - INFO - Using single devDn for device/history (API: one device per query)
2026-05-05 16:42:50,008 - root - INFO - Fetching historical data for 1 devices of type meteo_station
2026-05-05 16:42:50,008 - root - INFO - Making API request to: https://sg5.fusionsolar.huawei.com/rest/openapi/pvms/nbi/v1/device/history
2026-05-05 16:42:50,008 - root - INFO - Request payload: {'devDn': 'NE=54609106', 'devTypeId': 10, 'startTime': 1777827601000, 'endTime': 1777913999000}
2026-05-05 16:42:50,325 - root - INFO - Response status code: 200
2026-05-05 16:42:50,326 - root - INFO - API response from https://sg5.fusionsolar.huawei.com/rest/openapi/pvms/nbi/v1/device/history (truncated): {'failCode': 407, 'success': False, 'message': 'Interface access frequency:0.39333333333333337/1second', 'data': []}
2026-05-05 16:42:50,328 - root - WARNING - API access frequency too high. Waiting 30 seconds before retry...
2026-05-05 16:43:20,328 - root - INFO - Retrying API request after rate limit wait...
2026-05-05 16:43:20,328 - root - INFO - Making API request to: https://sg5.fusionsolar.huawei.com/rest/openapi/pvms/nbi/v1/device/history
2026-05-05 16:43:20,330 - root - INFO - Request payload: {'devDn': 'NE=54609106', 'devTypeId': 10, 'startTime': 1777827601000, 'endTime': 1777913999000}
2026-05-05 16:43:20,753 - root - INFO - Response status code: 200
2026-05-05 16:43:20,753 - root - INFO - API response from https://sg5.fusionsolar.huawei.com/rest/openapi/pvms/nbi/v1/device/history (truncated): {'failCode': 0, 'success': True, 'message': 'historical data information query successful.', 'data': []}
2026-05-05 16:43:20,758 - root - INFO - API Response type: <class 'dict'>
2026-05-05 16:43:20,758 - root - INFO - API Response keys: ['failCode', 'success', 'message', 'data']
2026-05-05 16:43:20,758 - root - INFO - API Response data is a list with 0 items
2026-05-05 16:43:20,758 - root - INFO - API Response has failCode: 0, message: historical data information query successful.
2026-05-05 16:43:20,758 - root - INFO - Using alternate response format: data as list
2026-05-05 16:43:20,758 - root - INFO - No data points returned for the query period
2026-05-05 16:43:20,759 - root - INFO - Using single devDn for device/history (API: one device per query)
2026-05-05 16:43:20,759 - root - INFO - Fetching historical data for 1 devices of type meteo_station
2026-05-05 16:43:20,759 - root - INFO - Making API request to: https://sg5.fusionsolar.huawei.com/rest/openapi/pvms/nbi/v1/device/history
2026-05-05 16:43:20,759 - root - INFO - Request payload: {'devDn': 'NE=54609108', 'devTypeId': 10, 'startTime': 1777827601000, 'endTime': 1777913999000}
2026-05-05 16:43:21,095 - root - INFO - Response status code: 200
2026-05-05 16:43:21,095 - root - INFO - API response from https://sg5.fusionsolar.huawei.com/rest/openapi/pvms/nbi/v1/device/history (truncated): {'failCode': 407, 'success': False, 'message': 'Interface access frequency:0.39333333333333337/1second', 'data': []}
2026-05-05 16:43:21,097 - root - WARNING - API access frequency too high. Waiting 30 seconds before retry...
2026-05-05 16:43:51,097 - root - INFO - Retrying API request after rate limit wait...
2026-05-05 16:43:51,097 - root - INFO - Making API request to: https://sg5.fusionsolar.huawei.com/rest/openapi/pvms/nbi/v1/device/history
2026-05-05 16:43:51,099 - root - INFO - Request payload: {'devDn': 'NE=54609108', 'devTypeId': 10, 'startTime': 1777827601000, 'endTime': 1777913999000}
2026-05-05 16:43:51,514 - root - INFO - Response status code: 200
2026-05-05 16:43:51,514 - root - INFO - API response from https://sg5.fusionsolar.huawei.com/rest/openapi/pvms/nbi/v1/device/history (truncated): {'failCode': 0, 'success': True, 'message': 'historical data information query successful.', 'data': []}
2026-05-05 16:43:51,519 - root - INFO - API Response type: <class 'dict'>
2026-05-05 16:43:51,519 - root - INFO - API Response keys: ['failCode', 'success', 'message', 'data']
2026-05-05 16:43:51,519 - root - INFO - API Response data is a list with 0 items
2026-05-05 16:43:51,519 - root - INFO - API Response has failCode: 0, message: historical data information query successful.
2026-05-05 16:43:51,519 - root - INFO - Using alternate response format: data as list
2026-05-05 16:43:51,520 - root - INFO - No data points returned for the query period
2026-05-05 16:43:51,520 - root - INFO - Using single devDn for device/history (API: one device per query)
2026-05-05 16:43:51,521 - root - INFO - Fetching historical data for 1 devices of type meteo_station
2026-05-05 16:43:51,521 - root - INFO - Making API request to: https://sg5.fusionsolar.huawei.com/rest/openapi/pvms/nbi/v1/device/history
2026-05-05 16:43:51,521 - root - INFO - Request payload: {'devDn': 'NE=54457096', 'devTypeId': 10, 'startTime': 1777827601000, 'endTime': 1777913999000}
2026-05-05 16:43:51,860 - root - INFO - Response status code: 200
2026-05-05 16:43:51,860 - root - INFO - API response from https://sg5.fusionsolar.huawei.com/rest/openapi/pvms/nbi/v1/device/history (truncated): {'failCode': 407, 'success': False, 'message': 'Interface access frequency:0.39333333333333337/1second', 'data': []}
2026-05-05 16:43:51,862 - root - WARNING - API access frequency too high. Waiting 30 seconds before retry...
2026-05-05 16:44:21,862 - root - INFO - Retrying API request after rate limit wait...
2026-05-05 16:44:21,863 - root - INFO - Making API request to: https://sg5.fusionsolar.huawei.com/rest/openapi/pvms/nbi/v1/device/history
2026-05-05 16:44:21,865 - root - INFO - Request payload: {'devDn': 'NE=54457096', 'devTypeId': 10, 'startTime': 1777827601000, 'endTime': 1777913999000}
2026-05-05 16:44:22,757 - root - INFO - Response status code: 200
2026-05-05 16:44:22,760 - root - INFO - API response from https://sg5.fusionsolar.huawei.com/rest/openapi/pvms/nbi/v1/device/history (truncated): {'failCode': 0, 'success': True, 'message': 'historical data information query successful.', 'data': [{'devDn': 'NE=54457096', 'collectTime': 1777827900000, 'dataItems': {'radiant_line': 0.0, 'horiz_radiant_total': None, 'horiz_radiant_line': None, 'temperature': 24.9, 'wind_speed': 0.0, 'wind_direction': None, 'radiant_total': 0.0, 'pv_temperature': 24.9}}, {'devDn': 'NE=54457096', 'collectTime': 1777828200000, 'dataItems': {'radiant_line': 0.0, 'horiz_radiant_total': None, 'horiz_radiant_line'...
2026-05-05 16:44:22,763 - root - INFO - API Response type: <class 'dict'>
2026-05-05 16:44:22,763 - root - INFO - API Response keys: ['failCode', 'success', 'message', 'data']
2026-05-05 16:44:22,764 - root - INFO - API Response data is a list with 287 items
2026-05-05 16:44:22,764 - root - INFO - API Response has failCode: 0, message: historical data information query successful.
2026-05-05 16:44:22,764 - root - INFO - Using alternate response format: data as list
2026-05-05 16:44:22,764 - root - INFO - Received 287 data points from API
2026-05-05 16:44:22,764 - root - INFO - Sample data point structure: ['devDn', 'collectTime', 'dataItems']
2026-05-05 16:44:22,861 - root - INFO - Successfully upserted 287 data points.
2026-05-05 16:44:26,645 - root - INFO - Using single devDn for device/history (API: one device per query)
2026-05-05 16:44:26,648 - root - INFO - Fetching historical data for 1 devices of type meteo_station
2026-05-05 16:44:26,648 - root - INFO - Making API request to: https://sg5.fusionsolar.huawei.com/rest/openapi/pvms/nbi/v1/device/history
2026-05-05 16:44:26,649 - root - INFO - Request payload: {'devDn': 'NE=54479640', 'devTypeId': 10, 'startTime': 1777827601000, 'endTime': 1777913999000}
2026-05-05 16:44:27,166 - root - INFO - Response status code: 200
2026-05-05 16:44:27,169 - root - INFO - API response from https://sg5.fusionsolar.huawei.com/rest/openapi/pvms/nbi/v1/device/history (truncated): {'failCode': 0, 'success': True, 'message': 'historical data information query successful.', 'data': [{'devDn': 'NE=54479640', 'collectTime': 1777827900000, 'dataItems': {'radiant_line': 0.0, 'horiz_radiant_total': None, 'horiz_radiant_line': None, 'temperature': 25.4, 'wind_speed': 0.8, 'wind_direction': 180.0, 'radiant_total': 0.0, 'pv_temperature': 24.2}}, {'devDn': 'NE=54479640', 'collectTime': 1777828200000, 'dataItems': {'radiant_line': 0.0, 'horiz_radiant_total': None, 'horiz_radiant_line...
2026-05-05 16:44:27,171 - root - INFO - API Response type: <class 'dict'>
2026-05-05 16:44:27,171 - root - INFO - API Response keys: ['failCode', 'success', 'message', 'data']
2026-05-05 16:44:27,171 - root - INFO - API Response data is a list with 287 items
2026-05-05 16:44:27,171 - root - INFO - API Response has failCode: 0, message: historical data information query successful.
2026-05-05 16:44:27,172 - root - INFO - Using alternate response format: data as list
2026-05-05 16:44:27,172 - root - INFO - Received 287 data points from API
2026-05-05 16:44:27,172 - root - INFO - Sample data point structure: ['devDn', 'collectTime', 'dataItems']
2026-05-05 16:44:27,257 - root - INFO - Successfully upserted 287 data points.
2026-05-05 16:44:30,591 - root - INFO - Using single devDn for device/history (API: one device per query)
2026-05-05 16:44:30,594 - root - INFO - Fetching historical data for 1 devices of type meteo_station
2026-05-05 16:44:30,594 - root - INFO - Making API request to: https://sg5.fusionsolar.huawei.com/rest/openapi/pvms/nbi/v1/device/history
2026-05-05 16:44:30,594 - root - INFO - Request payload: {'devDn': 'NE=54453658', 'devTypeId': 10, 'startTime': 1777827601000, 'endTime': 1777913999000}
2026-05-05 16:44:31,419 - root - INFO - Response status code: 200
2026-05-05 16:44:31,422 - root - INFO - API response from https://sg5.fusionsolar.huawei.com/rest/openapi/pvms/nbi/v1/device/history (truncated): {'failCode': 0, 'success': True, 'message': 'historical data information query successful.', 'data': [{'devDn': 'NE=54453658', 'collectTime': 1777827900000, 'dataItems': {'radiant_line': 0.0, 'horiz_radiant_total': None, 'horiz_radiant_line': None, 'temperature': 24.8, 'wind_speed': 0.0, 'wind_direction': None, 'radiant_total': 0.0, 'pv_temperature': 24.9}}, {'devDn': 'NE=54453658', 'collectTime': 1777828200000, 'dataItems': {'radiant_line': 0.0, 'horiz_radiant_total': None, 'horiz_radiant_line'...
2026-05-05 16:44:31,424 - root - INFO - API Response type: <class 'dict'>
2026-05-05 16:44:31,424 - root - INFO - API Response keys: ['failCode', 'success', 'message', 'data']
2026-05-05 16:44:31,424 - root - INFO - API Response data is a list with 287 items
2026-05-05 16:44:31,424 - root - INFO - API Response has failCode: 0, message: historical data information query successful.
2026-05-05 16:44:31,424 - root - INFO - Using alternate response format: data as list
2026-05-05 16:44:31,424 - root - INFO - Received 287 data points from API
2026-05-05 16:44:31,424 - root - INFO - Sample data point structure: ['devDn', 'collectTime', 'dataItems']
2026-05-05 16:44:31,511 - root - INFO - Successfully upserted 287 data points.
2026-05-05 16:44:35,151 - root - INFO - Using single devDn for device/history (API: one device per query)
2026-05-05 16:44:35,154 - root - INFO - Fetching historical data for 1 devices of type meteo_station
2026-05-05 16:44:35,155 - root - INFO - Making API request to: https://sg5.fusionsolar.huawei.com/rest/openapi/pvms/nbi/v1/device/history
2026-05-05 16:44:35,155 - root - INFO - Request payload: {'devDn': 'NE=54436514', 'devTypeId': 10, 'startTime': 1777827601000, 'endTime': 1777913999000}
2026-05-05 16:44:35,886 - root - INFO - Response status code: 200
2026-05-05 16:44:35,888 - root - INFO - API response from https://sg5.fusionsolar.huawei.com/rest/openapi/pvms/nbi/v1/device/history (truncated): {'failCode': 0, 'success': True, 'message': 'historical data information query successful.', 'data': [{'devDn': 'NE=54436514', 'collectTime': 1777827900000, 'dataItems': {'radiant_line': 0.0, 'horiz_radiant_total': None, 'horiz_radiant_line': None, 'temperature': 24.6, 'wind_speed': 0.0, 'wind_direction': None, 'radiant_total': 0.0, 'pv_temperature': 24.8}}, {'devDn': 'NE=54436514', 'collectTime': 1777828200000, 'dataItems': {'radiant_line': 0.0, 'horiz_radiant_total': None, 'horiz_radiant_line'...
2026-05-05 16:44:35,890 - root - INFO - API Response type: <class 'dict'>
2026-05-05 16:44:35,890 - root - INFO - API Response keys: ['failCode', 'success', 'message', 'data']
2026-05-05 16:44:35,890 - root - INFO - API Response data is a list with 287 items
2026-05-05 16:44:35,890 - root - INFO - API Response has failCode: 0, message: historical data information query successful.
2026-05-05 16:44:35,891 - root - INFO - Using alternate response format: data as list
2026-05-05 16:44:35,891 - root - INFO - Received 287 data points from API
2026-05-05 16:44:35,891 - root - INFO - Sample data point structure: ['devDn', 'collectTime', 'dataItems']
2026-05-05 16:44:35,972 - root - INFO - Successfully upserted 287 data points.
2026-05-05 16:44:39,212 - root - INFO - Using single devDn for device/history (API: one device per query)
2026-05-05 16:44:39,215 - root - INFO - Fetching historical data for 1 devices of type meteo_station
2026-05-05 16:44:39,215 - root - INFO - Making API request to: https://sg5.fusionsolar.huawei.com/rest/openapi/pvms/nbi/v1/device/history
2026-05-05 16:44:39,215 - root - INFO - Request payload: {'devDn': 'NE=54455116', 'devTypeId': 10, 'startTime': 1777827601000, 'endTime': 1777913999000}
2026-05-05 16:44:39,741 - root - INFO - Response status code: 200
2026-05-05 16:44:39,744 - root - INFO - API response from https://sg5.fusionsolar.huawei.com/rest/openapi/pvms/nbi/v1/device/history (truncated): {'failCode': 0, 'success': True, 'message': 'historical data information query successful.', 'data': [{'devDn': 'NE=54455116', 'collectTime': 1777827900000, 'dataItems': {'radiant_line': 0.0, 'horiz_radiant_total': None, 'horiz_radiant_line': None, 'temperature': 24.6, 'wind_speed': 0.0, 'wind_direction': None, 'radiant_total': 0.0, 'pv_temperature': 25.0}}, {'devDn': 'NE=54455116', 'collectTime': 1777828200000, 'dataItems': {'radiant_line': 0.0, 'horiz_radiant_total': None, 'horiz_radiant_line'...
2026-05-05 16:44:39,747 - root - INFO - API Response type: <class 'dict'>
2026-05-05 16:44:39,747 - root - INFO - API Response keys: ['failCode', 'success', 'message', 'data']
2026-05-05 16:44:39,747 - root - INFO - API Response data is a list with 287 items
2026-05-05 16:44:39,747 - root - INFO - API Response has failCode: 0, message: historical data information query successful.
2026-05-05 16:44:39,747 - root - INFO - Using alternate response format: data as list
2026-05-05 16:44:39,747 - root - INFO - Received 287 data points from API
2026-05-05 16:44:39,747 - root - INFO - Sample data point structure: ['devDn', 'collectTime', 'dataItems']
2026-05-05 16:44:39,832 - root - INFO - Successfully upserted 287 data points.
2026-05-05 16:44:43,162 - root - INFO - Using single devDn for device/history (API: one device per query)
2026-05-05 16:44:43,165 - root - INFO - Fetching historical data for 1 devices of type meteo_station
2026-05-05 16:44:43,165 - root - INFO - Making API request to: https://sg5.fusionsolar.huawei.com/rest/openapi/pvms/nbi/v1/device/history
2026-05-05 16:44:43,165 - root - INFO - Request payload: {'devDn': 'NE=58284538', 'devTypeId': 10, 'startTime': 1777827601000, 'endTime': 1777913999000}
2026-05-05 16:44:44,067 - root - INFO - Response status code: 200
2026-05-05 16:44:44,070 - root - INFO - API response from https://sg5.fusionsolar.huawei.com/rest/openapi/pvms/nbi/v1/device/history (truncated): {'failCode': 0, 'success': True, 'message': 'historical data information query successful.', 'data': [{'devDn': 'NE=58284538', 'collectTime': 1777827900000, 'dataItems': {'radiant_line': 0.0, 'horiz_radiant_total': None, 'horiz_radiant_line': None, 'temperature': 25.1, 'wind_speed': None, 'wind_direction': None, 'radiant_total': 0.0, 'pv_temperature': 25.1}}, {'devDn': 'NE=58284538', 'collectTime': 1777828200000, 'dataItems': {'radiant_line': 0.0, 'horiz_radiant_total': None, 'horiz_radiant_line...
2026-05-05 16:44:44,072 - root - INFO - API Response type: <class 'dict'>
2026-05-05 16:44:44,072 - root - INFO - API Response keys: ['failCode', 'success', 'message', 'data']
2026-05-05 16:44:44,072 - root - INFO - API Response data is a list with 287 items
2026-05-05 16:44:44,072 - root - INFO - API Response has failCode: 0, message: historical data information query successful.
2026-05-05 16:44:44,072 - root - INFO - Using alternate response format: data as list
2026-05-05 16:44:44,072 - root - INFO - Received 287 data points from API
2026-05-05 16:44:44,073 - root - INFO - Sample data point structure: ['devDn', 'collectTime', 'dataItems']
2026-05-05 16:44:44,149 - root - INFO - Successfully upserted 287 data points.
2026-05-05 16:44:47,349 - root - INFO - Using single devDn for device/history (API: one device per query)
2026-05-05 16:44:47,351 - root - INFO - Fetching historical data for 1 devices of type meteo_station
2026-05-05 16:44:47,352 - root - INFO - Making API request to: https://sg5.fusionsolar.huawei.com/rest/openapi/pvms/nbi/v1/device/history
2026-05-05 16:44:47,352 - root - INFO - Request payload: {'devDn': 'NE=58291110', 'devTypeId': 10, 'startTime': 1777827601000, 'endTime': 1777913999000}
2026-05-05 16:44:48,081 - root - INFO - Response status code: 200
2026-05-05 16:44:48,083 - root - INFO - API response from https://sg5.fusionsolar.huawei.com/rest/openapi/pvms/nbi/v1/device/history (truncated): {'failCode': 0, 'success': True, 'message': 'historical data information query successful.', 'data': [{'devDn': 'NE=58291110', 'collectTime': 1777827900000, 'dataItems': {'radiant_line': 0.0, 'horiz_radiant_total': None, 'horiz_radiant_line': None, 'temperature': 24.5, 'wind_speed': None, 'wind_direction': None, 'radiant_total': 0.0, 'pv_temperature': 25.4}}, {'devDn': 'NE=58291110', 'collectTime': 1777828200000, 'dataItems': {'radiant_line': 0.0, 'horiz_radiant_total': None, 'horiz_radiant_line...
2026-05-05 16:44:48,086 - root - INFO - API Response type: <class 'dict'>
2026-05-05 16:44:48,086 - root - INFO - API Response keys: ['failCode', 'success', 'message', 'data']
2026-05-05 16:44:48,086 - root - INFO - API Response data is a list with 287 items
2026-05-05 16:44:48,086 - root - INFO - API Response has failCode: 0, message: historical data information query successful.
2026-05-05 16:44:48,086 - root - INFO - Using alternate response format: data as list
2026-05-05 16:44:48,086 - root - INFO - Received 287 data points from API
2026-05-05 16:44:48,086 - root - INFO - Sample data point structure: ['devDn', 'collectTime', 'dataItems']
2026-05-05 16:44:48,163 - root - INFO - Successfully upserted 287 data points.
2026-05-05 16:44:51,345 - root - INFO - Using single devDn for device/history (API: one device per query)
2026-05-05 16:44:51,347 - root - INFO - Fetching historical data for 1 devices of type meteo_station
2026-05-05 16:44:51,348 - root - INFO - Making API request to: https://sg5.fusionsolar.huawei.com/rest/openapi/pvms/nbi/v1/device/history
2026-05-05 16:44:51,348 - root - INFO - Request payload: {'devDn': 'NE=58291113', 'devTypeId': 10, 'startTime': 1777827601000, 'endTime': 1777913999000}
2026-05-05 16:44:52,255 - root - INFO - Response status code: 200
2026-05-05 16:44:52,258 - root - INFO - API response from https://sg5.fusionsolar.huawei.com/rest/openapi/pvms/nbi/v1/device/history (truncated): {'failCode': 0, 'success': True, 'message': 'historical data information query successful.', 'data': [{'devDn': 'NE=58291113', 'collectTime': 1777827900000, 'dataItems': {'radiant_line': 0.0, 'horiz_radiant_total': None, 'horiz_radiant_line': None, 'temperature': 25.0, 'wind_speed': None, 'wind_direction': None, 'radiant_total': 0.0, 'pv_temperature': None}}, {'devDn': 'NE=58291113', 'collectTime': 1777828200000, 'dataItems': {'radiant_line': 0.0, 'horiz_radiant_total': None, 'horiz_radiant_line...
2026-05-05 16:44:52,260 - root - INFO - API Response type: <class 'dict'>
2026-05-05 16:44:52,260 - root - INFO - API Response keys: ['failCode', 'success', 'message', 'data']
2026-05-05 16:44:52,261 - root - INFO - API Response data is a list with 287 items
2026-05-05 16:44:52,261 - root - INFO - API Response has failCode: 0, message: historical data information query successful.
2026-05-05 16:44:52,261 - root - INFO - Using alternate response format: data as list
2026-05-05 16:44:52,261 - root - INFO - Received 287 data points from API
2026-05-05 16:44:52,261 - root - INFO - Sample data point structure: ['devDn', 'collectTime', 'dataItems']
2026-05-05 16:44:52,336 - root - INFO - Successfully upserted 287 data points.
2026-05-05 16:44:55,683 - root - INFO - Using single devDn for device/history (API: one device per query)
2026-05-05 16:44:55,685 - root - INFO - Fetching historical data for 1 devices of type meteo_station
2026-05-05 16:44:55,685 - root - INFO - Making API request to: https://sg5.fusionsolar.huawei.com/rest/openapi/pvms/nbi/v1/device/history
2026-05-05 16:44:55,685 - root - INFO - Request payload: {'devDn': 'NE=58291112', 'devTypeId': 10, 'startTime': 1777827601000, 'endTime': 1777913999000}
2026-05-05 16:44:56,278 - root - INFO - Response status code: 200
2026-05-05 16:44:56,281 - root - INFO - API response from https://sg5.fusionsolar.huawei.com/rest/openapi/pvms/nbi/v1/device/history (truncated): {'failCode': 0, 'success': True, 'message': 'historical data information query successful.', 'data': [{'devDn': 'NE=58291112', 'collectTime': 1777827900000, 'dataItems': {'radiant_line': 0.0, 'horiz_radiant_total': None, 'horiz_radiant_line': None, 'temperature': 24.8, 'wind_speed': None, 'wind_direction': None, 'radiant_total': 0.0, 'pv_temperature': 25.2}}, {'devDn': 'NE=58291112', 'collectTime': 1777828200000, 'dataItems': {'radiant_line': 0.4, 'horiz_radiant_total': None, 'horiz_radiant_line...
2026-05-05 16:44:56,283 - root - INFO - API Response type: <class 'dict'>
2026-05-05 16:44:56,283 - root - INFO - API Response keys: ['failCode', 'success', 'message', 'data']
2026-05-05 16:44:56,283 - root - INFO - API Response data is a list with 287 items
2026-05-05 16:44:56,284 - root - INFO - API Response has failCode: 0, message: historical data information query successful.
2026-05-05 16:44:56,284 - root - INFO - Using alternate response format: data as list
2026-05-05 16:44:56,284 - root - INFO - Received 287 data points from API
2026-05-05 16:44:56,284 - root - INFO - Sample data point structure: ['devDn', 'collectTime', 'dataItems']
2026-05-05 16:44:56,362 - root - INFO - Successfully upserted 287 data points.
2026-05-05 16:44:59,531 - root - INFO - Using single devDn for device/history (API: one device per query)
2026-05-05 16:44:59,841 - root - INFO - Fetching historical data for 1 devices of type meteo_station
2026-05-05 16:44:59,842 - root - INFO - Making API request to: https://sg5.fusionsolar.huawei.com/rest/openapi/pvms/nbi/v1/device/history
2026-05-05 16:44:59,842 - root - INFO - Request payload: {'devDn': 'NE=58291114', 'devTypeId': 10, 'startTime': 1777827601000, 'endTime': 1777913999000}
2026-05-05 16:45:01,087 - root - INFO - Response status code: 200
2026-05-05 16:45:01,092 - root - INFO - API response from https://sg5.fusionsolar.huawei.com/rest/openapi/pvms/nbi/v1/device/history (truncated): {'failCode': 0, 'success': True, 'message': 'historical data information query successful.', 'data': [{'devDn': 'NE=58291114', 'collectTime': 1777827900000, 'dataItems': {'radiant_line': 0.0, 'horiz_radiant_total': None, 'horiz_radiant_line': None, 'temperature': 25.3, 'wind_speed': None, 'wind_direction': None, 'radiant_total': 0.0, 'pv_temperature': 25.1}}, {'devDn': 'NE=58291114', 'collectTime': 1777828200000, 'dataItems': {'radiant_line': 0.0, 'horiz_radiant_total': None, 'horiz_radiant_line...
2026-05-05 16:45:01,101 - root - INFO - API Response type: <class 'dict'>
2026-05-05 16:45:01,102 - root - INFO - API Response keys: ['failCode', 'success', 'message', 'data']
2026-05-05 16:45:01,102 - root - INFO - API Response data is a list with 287 items
2026-05-05 16:45:01,113 - root - INFO - API Response has failCode: 0, message: historical data information query successful.
2026-05-05 16:45:01,114 - root - INFO - Using alternate response format: data as list
2026-05-05 16:45:01,115 - root - INFO - Received 287 data points from API
2026-05-05 16:45:01,115 - root - INFO - Sample data point structure: ['devDn', 'collectTime', 'dataItems']
2026-05-05 16:45:01,334 - root - INFO - Successfully upserted 287 data points.
2026-05-05 16:45:05,502 - root - INFO - Using single devDn for device/history (API: one device per query)
2026-05-05 16:45:05,509 - root - INFO - Fetching historical data for 1 devices of type meteo_station
2026-05-05 16:45:05,509 - root - INFO - Making API request to: https://sg5.fusionsolar.huawei.com/rest/openapi/pvms/nbi/v1/device/history
2026-05-05 16:45:05,510 - root - INFO - Request payload: {'devDn': 'NE=53784299', 'devTypeId': 10, 'startTime': 1777827601000, 'endTime': 1777913999000}
2026-05-05 16:45:06,339 - root - INFO - Response status code: 200
2026-05-05 16:45:07,343 - root - INFO - API response from https://sg5.fusionsolar.huawei.com/rest/openapi/pvms/nbi/v1/device/history (truncated): {'failCode': 0, 'success': True, 'message': 'historical data information query successful.', 'data': [{'devDn': 'NE=53784299', 'collectTime': 1777827900000, 'dataItems': {'radiant_line': 0.0, 'horiz_radiant_total': None, 'horiz_radiant_line': None, 'temperature': 0.0, 'wind_speed': 0.0, 'wind_direction': None, 'radiant_total': 0.0, 'pv_temperature': 26.4}}, {'devDn': 'NE=53784299', 'collectTime': 1777828200000, 'dataItems': {'radiant_line': 0.0, 'horiz_radiant_total': None, 'horiz_radiant_line':...
2026-05-05 16:45:09,440 - root - INFO - API Response type: <class 'dict'>
2026-05-05 16:45:09,441 - root - INFO - API Response keys: ['failCode', 'success', 'message', 'data']
2026-05-05 16:45:09,442 - root - INFO - API Response data is a list with 287 items
2026-05-05 16:45:09,449 - root - INFO - API Response has failCode: 0, message: historical data information query successful.
2026-05-05 16:45:09,457 - root - INFO - Using alternate response format: data as list
2026-05-05 16:45:09,458 - root - INFO - Received 287 data points from API
2026-05-05 16:45:09,460 - root - INFO - Sample data point structure: ['devDn', 'collectTime', 'dataItems']
2026-05-05 16:45:09,670 - root - INFO - Successfully upserted 287 data points.
2026-05-05 16:45:13,993 - root - INFO - Using single devDn for device/history (API: one device per query)
2026-05-05 16:45:14,003 - root - INFO - Fetching historical data for 1 devices of type meteo_station
2026-05-05 16:45:14,003 - root - INFO - Making API request to: https://sg5.fusionsolar.huawei.com/rest/openapi/pvms/nbi/v1/device/history
2026-05-05 16:45:14,004 - root - INFO - Request payload: {'devDn': 'NE=53784298', 'devTypeId': 10, 'startTime': 1777827601000, 'endTime': 1777913999000}
2026-05-05 16:45:14,738 - root - INFO - Response status code: 200
2026-05-05 16:45:14,748 - root - INFO - API response from https://sg5.fusionsolar.huawei.com/rest/openapi/pvms/nbi/v1/device/history (truncated): {'failCode': 0, 'success': True, 'message': 'historical data information query successful.', 'data': [{'devDn': 'NE=53784298', 'collectTime': 1777827900000, 'dataItems': {'radiant_line': 0.0, 'horiz_radiant_total': None, 'horiz_radiant_line': None, 'temperature': 0.0, 'wind_speed': 0.0, 'wind_direction': None, 'radiant_total': 0.0, 'pv_temperature': 26.4}}, {'devDn': 'NE=53784298', 'collectTime': 1777828200000, 'dataItems': {'radiant_line': 0.0, 'horiz_radiant_total': None, 'horiz_radiant_line':...
2026-05-05 16:45:14,944 - root - INFO - API Response type: <class 'dict'>
2026-05-05 16:45:14,945 - root - INFO - API Response keys: ['failCode', 'success', 'message', 'data']
2026-05-05 16:45:14,955 - root - INFO - API Response data is a list with 287 items
2026-05-05 16:45:14,955 - root - INFO - API Response has failCode: 0, message: historical data information query successful.
2026-05-05 16:45:14,956 - root - INFO - Using alternate response format: data as list
2026-05-05 16:45:14,956 - root - INFO - Received 287 data points from API
2026-05-05 16:45:14,956 - root - INFO - Sample data point structure: ['devDn', 'collectTime', 'dataItems']
2026-05-05 16:45:15,181 - root - INFO - Successfully upserted 287 data points.
2026-05-05 16:45:19,209 - root - INFO - Using single devDn for device/history (API: one device per query)
2026-05-05 16:45:19,212 - root - INFO - Fetching historical data for 1 devices of type meteo_station
2026-05-05 16:45:19,212 - root - INFO - Making API request to: https://sg5.fusionsolar.huawei.com/rest/openapi/pvms/nbi/v1/device/history
2026-05-05 16:45:19,212 - root - INFO - Request payload: {'devDn': 'NE=53784297', 'devTypeId': 10, 'startTime': 1777827601000, 'endTime': 1777913999000}
2026-05-05 16:45:19,869 - root - INFO - Response status code: 200
2026-05-05 16:45:19,871 - root - INFO - API response from https://sg5.fusionsolar.huawei.com/rest/openapi/pvms/nbi/v1/device/history (truncated): {'failCode': 0, 'success': True, 'message': 'historical data information query successful.', 'data': [{'devDn': 'NE=53784297', 'collectTime': 1777827900000, 'dataItems': {'radiant_line': 0.0, 'horiz_radiant_total': None, 'horiz_radiant_line': None, 'temperature': 26.1, 'wind_speed': 0.0, 'wind_direction': None, 'radiant_total': 0.0, 'pv_temperature': 26.5}}, {'devDn': 'NE=53784297', 'collectTime': 1777828200000, 'dataItems': {'radiant_line': 0.0, 'horiz_radiant_total': None, 'horiz_radiant_line'...
2026-05-05 16:45:19,873 - root - INFO - API Response type: <class 'dict'>
2026-05-05 16:45:19,873 - root - INFO - API Response keys: ['failCode', 'success', 'message', 'data']
2026-05-05 16:45:19,873 - root - INFO - API Response data is a list with 287 items
2026-05-05 16:45:19,874 - root - INFO - API Response has failCode: 0, message: historical data information query successful.
2026-05-05 16:45:19,874 - root - INFO - Using alternate response format: data as list
2026-05-05 16:45:19,874 - root - INFO - Received 287 data points from API
2026-05-05 16:45:19,874 - root - INFO - Sample data point structure: ['devDn', 'collectTime', 'dataItems']
2026-05-05 16:45:19,965 - root - INFO - Successfully upserted 287 data points.
2026-05-05 16:45:23,791 - root - INFO - Using single devDn for device/history (API: one device per query)
2026-05-05 16:45:23,793 - root - INFO - Fetching historical data for 1 devices of type meteo_station
2026-05-05 16:45:23,793 - root - INFO - Making API request to: https://sg5.fusionsolar.huawei.com/rest/openapi/pvms/nbi/v1/device/history
2026-05-05 16:45:23,793 - root - INFO - Request payload: {'devDn': 'NE=53784296', 'devTypeId': 10, 'startTime': 1777827601000, 'endTime': 1777913999000}
2026-05-05 16:45:24,809 - root - INFO - Response status code: 200
2026-05-05 16:45:24,929 - root - INFO - API response from https://sg5.fusionsolar.huawei.com/rest/openapi/pvms/nbi/v1/device/history (truncated): {'failCode': 0, 'success': True, 'message': 'historical data information query successful.', 'data': [{'devDn': 'NE=53784296', 'collectTime': 1777827900000, 'dataItems': {'radiant_line': 0.0, 'horiz_radiant_total': None, 'horiz_radiant_line': None, 'temperature': 26.5, 'wind_speed': 0.0, 'wind_direction': None, 'radiant_total': 0.0, 'pv_temperature': 26.5}}, {'devDn': 'NE=53784296', 'collectTime': 1777828200000, 'dataItems': {'radiant_line': 0.0, 'horiz_radiant_total': None, 'horiz_radiant_line'...
2026-05-05 16:45:24,933 - root - INFO - API Response type: <class 'dict'>
2026-05-05 16:45:24,933 - root - INFO - API Response keys: ['failCode', 'success', 'message', 'data']
2026-05-05 16:45:24,934 - root - INFO - API Response data is a list with 287 items
2026-05-05 16:45:24,934 - root - INFO - API Response has failCode: 0, message: historical data information query successful.
2026-05-05 16:45:24,934 - root - INFO - Using alternate response format: data as list
2026-05-05 16:45:24,934 - root - INFO - Received 287 data points from API
2026-05-05 16:45:24,934 - root - INFO - Sample data point structure: ['devDn', 'collectTime', 'dataItems']
2026-05-05 16:45:25,092 - root - INFO - Successfully upserted 287 data points.
2026-05-05 16:45:29,319 - root - INFO - Using single devDn for device/history (API: one device per query)
2026-05-05 16:45:29,322 - root - INFO - Fetching historical data for 1 devices of type meteo_station
2026-05-05 16:45:29,322 - root - INFO - Making API request to: https://sg5.fusionsolar.huawei.com/rest/openapi/pvms/nbi/v1/device/history
2026-05-05 16:45:29,322 - root - INFO - Request payload: {'devDn': 'NE=53784303', 'devTypeId': 10, 'startTime': 1777827601000, 'endTime': 1777913999000}
2026-05-05 16:45:29,936 - root - INFO - Response status code: 200
2026-05-05 16:45:29,939 - root - INFO - API response from https://sg5.fusionsolar.huawei.com/rest/openapi/pvms/nbi/v1/device/history (truncated): {'failCode': 0, 'success': True, 'message': 'historical data information query successful.', 'data': [{'devDn': 'NE=53784303', 'collectTime': 1777827900000, 'dataItems': {'radiant_line': 74.0, 'horiz_radiant_total': None, 'horiz_radiant_line': None, 'temperature': 26.3, 'wind_speed': 0.0, 'wind_direction': 225.0, 'radiant_total': 0.288, 'pv_temperature': 25.1}}, {'devDn': 'NE=53784303', 'collectTime': 1777828200000, 'dataItems': {'radiant_line': 74.0, 'horiz_radiant_total': None, 'horiz_radiant_...
2026-05-05 16:45:29,942 - root - INFO - API Response type: <class 'dict'>
2026-05-05 16:45:29,942 - root - INFO - API Response keys: ['failCode', 'success', 'message', 'data']
2026-05-05 16:45:29,942 - root - INFO - API Response data is a list with 287 items
2026-05-05 16:45:29,942 - root - INFO - API Response has failCode: 0, message: historical data information query successful.
2026-05-05 16:45:29,942 - root - INFO - Using alternate response format: data as list
2026-05-05 16:45:29,942 - root - INFO - Received 287 data points from API
2026-05-05 16:45:29,942 - root - INFO - Sample data point structure: ['devDn', 'collectTime', 'dataItems']
2026-05-05 16:45:30,026 - root - INFO - Successfully upserted 287 data points.
2026-05-05 16:45:36,580 - root - INFO - Using single devDn for device/history (API: one device per query)
2026-05-05 16:45:36,585 - root - INFO - Fetching historical data for 1 devices of type meteo_station
2026-05-05 16:45:36,585 - root - INFO - Making API request to: https://sg5.fusionsolar.huawei.com/rest/openapi/pvms/nbi/v1/device/history
2026-05-05 16:45:36,585 - root - INFO - Request payload: {'devDn': 'NE=53784302', 'devTypeId': 10, 'startTime': 1777827601000, 'endTime': 1777913999000}
2026-05-05 16:45:37,204 - root - INFO - Response status code: 200
2026-05-05 16:45:37,206 - root - INFO - API response from https://sg5.fusionsolar.huawei.com/rest/openapi/pvms/nbi/v1/device/history (truncated): {'failCode': 0, 'success': True, 'message': 'historical data information query successful.', 'data': [{'devDn': 'NE=53784302', 'collectTime': 1777827900000, 'dataItems': {'radiant_line': 0.0, 'horiz_radiant_total': None, 'horiz_radiant_line': None, 'temperature': 26.1, 'wind_speed': 0.0, 'wind_direction': None, 'radiant_total': 0.0, 'pv_temperature': 26.6}}, {'devDn': 'NE=53784302', 'collectTime': 1777828200000, 'dataItems': {'radiant_line': 0.0, 'horiz_radiant_total': None, 'horiz_radiant_line'...
2026-05-05 16:45:37,209 - root - INFO - API Response type: <class 'dict'>
2026-05-05 16:45:37,209 - root - INFO - API Response keys: ['failCode', 'success', 'message', 'data']
2026-05-05 16:45:37,209 - root - INFO - API Response data is a list with 287 items
2026-05-05 16:45:37,209 - root - INFO - API Response has failCode: 0, message: historical data information query successful.
2026-05-05 16:45:37,209 - root - INFO - Using alternate response format: data as list
2026-05-05 16:45:37,210 - root - INFO - Received 287 data points from API
2026-05-05 16:45:37,210 - root - INFO - Sample data point structure: ['devDn', 'collectTime', 'dataItems']
2026-05-05 16:45:37,291 - root - INFO - Successfully upserted 287 data points.
2026-05-05 16:45:41,102 - root - INFO - Using single devDn for device/history (API: one device per query)
2026-05-05 16:45:41,105 - root - INFO - Fetching historical data for 1 devices of type meteo_station
2026-05-05 16:45:41,105 - root - INFO - Making API request to: https://sg5.fusionsolar.huawei.com/rest/openapi/pvms/nbi/v1/device/history
2026-05-05 16:45:41,105 - root - INFO - Request payload: {'devDn': 'NE=53784301', 'devTypeId': 10, 'startTime': 1777827601000, 'endTime': 1777913999000}
2026-05-05 16:45:41,688 - root - INFO - Response status code: 200
2026-05-05 16:45:41,690 - root - INFO - API response from https://sg5.fusionsolar.huawei.com/rest/openapi/pvms/nbi/v1/device/history (truncated): {'failCode': 0, 'success': True, 'message': 'historical data information query successful.', 'data': [{'devDn': 'NE=53784301', 'collectTime': 1777827900000, 'dataItems': {'radiant_line': 0.0, 'horiz_radiant_total': None, 'horiz_radiant_line': None, 'temperature': 26.3, 'wind_speed': 0.0, 'wind_direction': None, 'radiant_total': 0.0, 'pv_temperature': 26.7}}, {'devDn': 'NE=53784301', 'collectTime': 1777828200000, 'dataItems': {'radiant_line': 0.0, 'horiz_radiant_total': None, 'horiz_radiant_line'...
2026-05-05 16:45:41,693 - root - INFO - API Response type: <class 'dict'>
2026-05-05 16:45:41,693 - root - INFO - API Response keys: ['failCode', 'success', 'message', 'data']
2026-05-05 16:45:41,693 - root - INFO - API Response data is a list with 287 items
2026-05-05 16:45:41,693 - root - INFO - API Response has failCode: 0, message: historical data information query successful.
2026-05-05 16:45:41,693 - root - INFO - Using alternate response format: data as list
2026-05-05 16:45:41,693 - root - INFO - Received 287 data points from API
2026-05-05 16:45:41,693 - root - INFO - Sample data point structure: ['devDn', 'collectTime', 'dataItems']
2026-05-05 16:45:41,782 - root - INFO - Successfully upserted 287 data points.
2026-05-05 16:45:45,375 - root - INFO - Using single devDn for device/history (API: one device per query)
2026-05-05 16:45:45,378 - root - INFO - Fetching historical data for 1 devices of type meteo_station
2026-05-05 16:45:45,378 - root - INFO - Making API request to: https://sg5.fusionsolar.huawei.com/rest/openapi/pvms/nbi/v1/device/history
2026-05-05 16:45:45,378 - root - INFO - Request payload: {'devDn': 'NE=53784300', 'devTypeId': 10, 'startTime': 1777827601000, 'endTime': 1777913999000}
2026-05-05 16:45:46,047 - root - INFO - Response status code: 200
2026-05-05 16:45:46,050 - root - INFO - API response from https://sg5.fusionsolar.huawei.com/rest/openapi/pvms/nbi/v1/device/history (truncated): {'failCode': 0, 'success': True, 'message': 'historical data information query successful.', 'data': [{'devDn': 'NE=53784300', 'collectTime': 1777827900000, 'dataItems': {'radiant_line': 0.0, 'horiz_radiant_total': None, 'horiz_radiant_line': None, 'temperature': 26.5, 'wind_speed': 0.0, 'wind_direction': None, 'radiant_total': 0.0, 'pv_temperature': 26.6}}, {'devDn': 'NE=53784300', 'collectTime': 1777828200000, 'dataItems': {'radiant_line': 0.0, 'horiz_radiant_total': None, 'horiz_radiant_line'...
2026-05-05 16:45:46,051 - root - INFO - API Response type: <class 'dict'>
2026-05-05 16:45:46,051 - root - INFO - API Response keys: ['failCode', 'success', 'message', 'data']
2026-05-05 16:45:46,052 - root - INFO - API Response data is a list with 287 items
2026-05-05 16:45:46,052 - root - INFO - API Response has failCode: 0, message: historical data information query successful.
2026-05-05 16:45:46,052 - root - INFO - Using alternate response format: data as list
2026-05-05 16:45:46,052 - root - INFO - Received 287 data points from API
2026-05-05 16:45:46,052 - root - INFO - Sample data point structure: ['devDn', 'collectTime', 'dataItems']
2026-05-05 16:45:46,132 - root - INFO - Successfully upserted 287 data points.
2026-05-05 16:45:49,545 - root - INFO - Using single devDn for device/history (API: one device per query)
2026-05-05 16:45:49,549 - root - INFO - Fetching historical data for 1 devices of type meteo_station
2026-05-05 16:45:49,549 - root - INFO - Making API request to: https://sg5.fusionsolar.huawei.com/rest/openapi/pvms/nbi/v1/device/history
2026-05-05 16:45:49,549 - root - INFO - Request payload: {'devDn': 'NE=53784307', 'devTypeId': 10, 'startTime': 1777827601000, 'endTime': 1777913999000}
2026-05-05 16:45:50,276 - root - INFO - Response status code: 200
2026-05-05 16:45:50,278 - root - INFO - API response from https://sg5.fusionsolar.huawei.com/rest/openapi/pvms/nbi/v1/device/history (truncated): {'failCode': 0, 'success': True, 'message': 'historical data information query successful.', 'data': [{'devDn': 'NE=53784307', 'collectTime': 1777827900000, 'dataItems': {'radiant_line': 0.0, 'horiz_radiant_total': None, 'horiz_radiant_line': None, 'temperature': 26.6, 'wind_speed': None, 'wind_direction': None, 'radiant_total': 0.0, 'pv_temperature': None}}, {'devDn': 'NE=53784307', 'collectTime': 1777828200000, 'dataItems': {'radiant_line': 0.0, 'horiz_radiant_total': None, 'horiz_radiant_line...
2026-05-05 16:45:50,284 - root - INFO - API Response type: <class 'dict'>
2026-05-05 16:45:50,284 - root - INFO - API Response keys: ['failCode', 'success', 'message', 'data']
2026-05-05 16:45:50,284 - root - INFO - API Response data is a list with 287 items
2026-05-05 16:45:50,284 - root - INFO - API Response has failCode: 0, message: historical data information query successful.
2026-05-05 16:45:50,284 - root - INFO - Using alternate response format: data as list
2026-05-05 16:45:50,284 - root - INFO - Received 287 data points from API
2026-05-05 16:45:50,285 - root - INFO - Sample data point structure: ['devDn', 'collectTime', 'dataItems']
2026-05-05 16:45:50,409 - root - INFO - Successfully upserted 287 data points.
2026-05-05 16:45:53,902 - root - INFO - Using single devDn for device/history (API: one device per query)
2026-05-05 16:45:53,905 - root - INFO - Fetching historical data for 1 devices of type meteo_station
2026-05-05 16:45:53,905 - root - INFO - Making API request to: https://sg5.fusionsolar.huawei.com/rest/openapi/pvms/nbi/v1/device/history
2026-05-05 16:45:53,905 - root - INFO - Request payload: {'devDn': 'NE=53784305', 'devTypeId': 10, 'startTime': 1777827601000, 'endTime': 1777913999000}
2026-05-05 16:45:54,616 - root - INFO - Response status code: 200
2026-05-05 16:45:54,619 - root - INFO - API response from https://sg5.fusionsolar.huawei.com/rest/openapi/pvms/nbi/v1/device/history (truncated): {'failCode': 0, 'success': True, 'message': 'historical data information query successful.', 'data': [{'devDn': 'NE=53784305', 'collectTime': 1777827900000, 'dataItems': {'radiant_line': 0.0, 'horiz_radiant_total': None, 'horiz_radiant_line': None, 'temperature': 26.2, 'wind_speed': 0.0, 'wind_direction': None, 'radiant_total': 0.0, 'pv_temperature': 26.6}}, {'devDn': 'NE=53784305', 'collectTime': 1777828200000, 'dataItems': {'radiant_line': 0.0, 'horiz_radiant_total': None, 'horiz_radiant_line'...
2026-05-05 16:45:54,620 - root - INFO - API Response type: <class 'dict'>
2026-05-05 16:45:54,621 - root - INFO - API Response keys: ['failCode', 'success', 'message', 'data']
2026-05-05 16:45:54,621 - root - INFO - API Response data is a list with 287 items
2026-05-05 16:45:54,621 - root - INFO - API Response has failCode: 0, message: historical data information query successful.
2026-05-05 16:45:54,621 - root - INFO - Using alternate response format: data as list
2026-05-05 16:45:54,621 - root - INFO - Received 287 data points from API
2026-05-05 16:45:54,621 - root - INFO - Sample data point structure: ['devDn', 'collectTime', 'dataItems']
2026-05-05 16:45:54,701 - root - INFO - Successfully upserted 287 data points.
2026-05-05 16:45:58,050 - root - INFO - Using single devDn for device/history (API: one device per query)
2026-05-05 16:45:58,054 - root - INFO - Fetching historical data for 1 devices of type meteo_station
2026-05-05 16:45:58,054 - root - INFO - Making API request to: https://sg5.fusionsolar.huawei.com/rest/openapi/pvms/nbi/v1/device/history
2026-05-05 16:45:58,054 - root - INFO - Request payload: {'devDn': 'NE=53784304', 'devTypeId': 10, 'startTime': 1777827601000, 'endTime': 1777913999000}
2026-05-05 16:45:58,638 - root - INFO - Response status code: 200
2026-05-05 16:45:58,640 - root - INFO - API response from https://sg5.fusionsolar.huawei.com/rest/openapi/pvms/nbi/v1/device/history (truncated): {'failCode': 0, 'success': True, 'message': 'historical data information query successful.', 'data': [{'devDn': 'NE=53784304', 'collectTime': 1777827900000, 'dataItems': {'radiant_line': 0.0, 'horiz_radiant_total': None, 'horiz_radiant_line': None, 'temperature': 0.0, 'wind_speed': 0.0, 'wind_direction': None, 'radiant_total': 0.0, 'pv_temperature': 26.4}}, {'devDn': 'NE=53784304', 'collectTime': 1777828200000, 'dataItems': {'radiant_line': 0.0, 'horiz_radiant_total': None, 'horiz_radiant_line':...
2026-05-05 16:45:58,642 - root - INFO - API Response type: <class 'dict'>
2026-05-05 16:45:58,642 - root - INFO - API Response keys: ['failCode', 'success', 'message', 'data']
2026-05-05 16:45:58,642 - root - INFO - API Response data is a list with 287 items
2026-05-05 16:45:58,643 - root - INFO - API Response has failCode: 0, message: historical data information query successful.
2026-05-05 16:45:58,643 - root - INFO - Using alternate response format: data as list
2026-05-05 16:45:58,643 - root - INFO - Received 287 data points from API
2026-05-05 16:45:58,643 - root - INFO - Sample data point structure: ['devDn', 'collectTime', 'dataItems']
2026-05-05 16:45:58,724 - root - INFO - Successfully upserted 287 data points.
2026-05-05 16:46:02,052 - root - INFO - Using single devDn for device/history (API: one device per query)
2026-05-05 16:46:02,056 - root - INFO - Fetching historical data for 1 devices of type meteo_station
2026-05-05 16:46:02,056 - root - INFO - Making API request to: https://sg5.fusionsolar.huawei.com/rest/openapi/pvms/nbi/v1/device/history
2026-05-05 16:46:02,056 - root - INFO - Request payload: {'devDn': 'NE=62806360', 'devTypeId': 10, 'startTime': 1777827601000, 'endTime': 1777913999000}
2026-05-05 16:46:02,700 - root - INFO - Response status code: 200
2026-05-05 16:46:02,703 - root - INFO - API response from https://sg5.fusionsolar.huawei.com/rest/openapi/pvms/nbi/v1/device/history (truncated): {'failCode': 0, 'success': True, 'message': 'historical data information query successful.', 'data': [{'devDn': 'NE=62806360', 'collectTime': 1777827900000, 'dataItems': {'radiant_line': 0.0, 'horiz_radiant_total': None, 'horiz_radiant_line': None, 'temperature': 26.8, 'wind_speed': None, 'wind_direction': None, 'radiant_total': 0.0, 'pv_temperature': 26.2}}, {'devDn': 'NE=62806360', 'collectTime': 1777828200000, 'dataItems': {'radiant_line': 0.0, 'horiz_radiant_total': None, 'horiz_radiant_line...
2026-05-05 16:46:02,707 - root - INFO - API Response type: <class 'dict'>
2026-05-05 16:46:02,708 - root - INFO - API Response keys: ['failCode', 'success', 'message', 'data']
2026-05-05 16:46:02,708 - root - INFO - API Response data is a list with 287 items
2026-05-05 16:46:02,708 - root - INFO - API Response has failCode: 0, message: historical data information query successful.
2026-05-05 16:46:02,708 - root - INFO - Using alternate response format: data as list
2026-05-05 16:46:02,709 - root - INFO - Received 287 data points from API
2026-05-05 16:46:02,709 - root - INFO - Sample data point structure: ['devDn', 'collectTime', 'dataItems']
2026-05-05 16:46:02,801 - root - INFO - Successfully upserted 287 data points.
2026-05-05 16:46:06,039 - root - INFO - Using single devDn for device/history (API: one device per query)
2026-05-05 16:46:06,041 - root - INFO - Fetching historical data for 1 devices of type meteo_station
2026-05-05 16:46:06,041 - root - INFO - Making API request to: https://sg5.fusionsolar.huawei.com/rest/openapi/pvms/nbi/v1/device/history
2026-05-05 16:46:06,041 - root - INFO - Request payload: {'devDn': 'NE=62807014', 'devTypeId': 10, 'startTime': 1777827601000, 'endTime': 1777913999000}
2026-05-05 16:46:06,486 - root - INFO - Response status code: 200
2026-05-05 16:46:06,486 - root - INFO - API response from https://sg5.fusionsolar.huawei.com/rest/openapi/pvms/nbi/v1/device/history (truncated): {'failCode': 0, 'success': True, 'message': 'historical data information query successful.', 'data': []}
2026-05-05 16:46:06,491 - root - INFO - API Response type: <class 'dict'>
2026-05-05 16:46:06,491 - root - INFO - API Response keys: ['failCode', 'success', 'message', 'data']
2026-05-05 16:46:06,491 - root - INFO - API Response data is a list with 0 items
2026-05-05 16:46:06,491 - root - INFO - API Response has failCode: 0, message: historical data information query successful.
2026-05-05 16:46:06,491 - root - INFO - Using alternate response format: data as list
2026-05-05 16:46:06,491 - root - INFO - No data points returned for the query period
2026-05-05 16:46:06,492 - root - INFO - Using single devDn for device/history (API: one device per query)
2026-05-05 16:46:06,493 - root - INFO - Fetching historical data for 1 devices of type meteo_station
2026-05-05 16:46:06,493 - root - INFO - Making API request to: https://sg5.fusionsolar.huawei.com/rest/openapi/pvms/nbi/v1/device/history
2026-05-05 16:46:06,493 - root - INFO - Request payload: {'devDn': 'NE=62807015', 'devTypeId': 10, 'startTime': 1777827601000, 'endTime': 1777913999000}
2026-05-05 16:46:06,811 - root - INFO - Response status code: 200
2026-05-05 16:46:06,811 - root - INFO - API response from https://sg5.fusionsolar.huawei.com/rest/openapi/pvms/nbi/v1/device/history (truncated): {'failCode': 407, 'success': False, 'message': 'Interface access frequency:0.39333333333333337/1second', 'data': []}
2026-05-05 16:46:06,812 - root - WARNING - API access frequency too high. Waiting 30 seconds before retry...
2026-05-05 16:46:36,812 - root - INFO - Retrying API request after rate limit wait...
2026-05-05 16:46:36,813 - root - INFO - Making API request to: https://sg5.fusionsolar.huawei.com/rest/openapi/pvms/nbi/v1/device/history
2026-05-05 16:46:36,815 - root - INFO - Request payload: {'devDn': 'NE=62807015', 'devTypeId': 10, 'startTime': 1777827601000, 'endTime': 1777913999000}
2026-05-05 16:46:37,290 - root - INFO - Response status code: 200
2026-05-05 16:46:37,291 - root - INFO - API response from https://sg5.fusionsolar.huawei.com/rest/openapi/pvms/nbi/v1/device/history (truncated): {'failCode': 0, 'success': True, 'message': 'historical data information query successful.', 'data': []}
2026-05-05 16:46:37,296 - root - INFO - API Response type: <class 'dict'>
2026-05-05 16:46:37,296 - root - INFO - API Response keys: ['failCode', 'success', 'message', 'data']
2026-05-05 16:46:37,296 - root - INFO - API Response data is a list with 0 items
2026-05-05 16:46:37,296 - root - INFO - API Response has failCode: 0, message: historical data information query successful.
2026-05-05 16:46:37,296 - root - INFO - Using alternate response format: data as list
2026-05-05 16:46:37,296 - root - INFO - No data points returned for the query period
2026-05-05 16:46:37,297 - root - INFO - Using single devDn for device/history (API: one device per query)
2026-05-05 16:46:37,298 - root - INFO - Fetching historical data for 1 devices of type inverter
2026-05-05 16:46:37,298 - root - INFO - Making API request to: https://sg5.fusionsolar.huawei.com/rest/openapi/pvms/nbi/v1/device/history
2026-05-05 16:46:37,298 - root - INFO - Request payload: {'devDn': 'NE=60951887', 'devTypeId': 1, 'startTime': 1777827601000, 'endTime': 1777913999000}
2026-05-05 16:46:37,612 - root - INFO - Response status code: 200
2026-05-05 16:46:37,612 - root - INFO - API response from https://sg5.fusionsolar.huawei.com/rest/openapi/pvms/nbi/v1/device/history (truncated): {'failCode': 407, 'success': False, 'message': 'Interface access frequency:0.39333333333333337/1second', 'data': []}
2026-05-05 16:46:37,614 - root - WARNING - API access frequency too high. Waiting 30 seconds before retry...
2026-05-05 16:47:07,613 - root - INFO - Retrying API request after rate limit wait...
2026-05-05 16:47:07,613 - root - INFO - Making API request to: https://sg5.fusionsolar.huawei.com/rest/openapi/pvms/nbi/v1/device/history
2026-05-05 16:47:07,616 - root - INFO - Request payload: {'devDn': 'NE=60951887', 'devTypeId': 1, 'startTime': 1777827601000, 'endTime': 1777913999000}
2026-05-05 16:47:09,937 - root - INFO - Response status code: 200
2026-05-05 16:47:10,008 - root - INFO - API response from https://sg5.fusionsolar.huawei.com/rest/openapi/pvms/nbi/v1/device/history (truncated): {'failCode': 0, 'success': True, 'message': 'historical data information query successful.', 'data': [{'devDn': 'NE=60951887', 'collectTime': 1777827900000, 'dataItems': {'pv28_i': None, 'pv4_u': None, 'pv24_i': None, 'mppt_total_cap': 10803.22, 'pv8_u': None, 'a_i': 0.217, 'pv24_u': None, 'mppt_9_cap': None, 'pv20_u': None, 'a_u': 222.4, 'pv17_u': None, 'pv20_i': None, 'efficiency': 100.0, 'pv17_i': None, 'pv13_i': None, 'pv36_i': None, 'mppt_power': 0.0, 'pv13_u': None, 'pv36_u': None, 'mppt_7...
2026-05-05 16:47:10,011 - root - INFO - API Response type: <class 'dict'>
2026-05-05 16:47:10,011 - root - INFO - API Response keys: ['failCode', 'success', 'message', 'data']
2026-05-05 16:47:10,012 - root - INFO - API Response data is a list with 287 items
2026-05-05 16:47:10,012 - root - INFO - API Response has failCode: 0, message: historical data information query successful.
2026-05-05 16:47:10,012 - root - INFO - Using alternate response format: data as list
2026-05-05 16:47:10,012 - root - INFO - Received 287 data points from API
2026-05-05 16:47:10,013 - root - INFO - Sample data point structure: ['devDn', 'collectTime', 'dataItems']
2026-05-05 16:47:10,149 - root - INFO - Successfully upserted 287 data points.
2026-05-05 16:47:13,491 - root - INFO - Using single devDn for device/history (API: one device per query)
2026-05-05 16:47:13,494 - root - INFO - Fetching historical data for 1 devices of type inverter
2026-05-05 16:47:13,494 - root - INFO - Making API request to: https://sg5.fusionsolar.huawei.com/rest/openapi/pvms/nbi/v1/device/history
2026-05-05 16:47:13,494 - root - INFO - Request payload: {'devDn': 'NE=61851554', 'devTypeId': 1, 'startTime': 1777827601000, 'endTime': 1777913999000}
2026-05-05 16:47:14,335 - root - INFO - Response status code: 200
2026-05-05 16:47:14,335 - root - INFO - API response from https://sg5.fusionsolar.huawei.com/rest/openapi/pvms/nbi/v1/device/history (truncated): {'failCode': 0, 'success': True, 'message': 'historical data information query successful.', 'data': []}
2026-05-05 16:47:14,339 - root - INFO - API Response type: <class 'dict'>
2026-05-05 16:47:14,339 - root - INFO - API Response keys: ['failCode', 'success', 'message', 'data']
2026-05-05 16:47:14,339 - root - INFO - API Response data is a list with 0 items
2026-05-05 16:47:14,339 - root - INFO - API Response has failCode: 0, message: historical data information query successful.
2026-05-05 16:47:14,339 - root - INFO - Using alternate response format: data as list
2026-05-05 16:47:14,339 - root - INFO - No data points returned for the query period
2026-05-05 16:47:14,340 - root - INFO - Using single devDn for device/history (API: one device per query)
2026-05-05 16:47:14,340 - root - INFO - Fetching historical data for 1 devices of type inverter
2026-05-05 16:47:14,340 - root - INFO - Making API request to: https://sg5.fusionsolar.huawei.com/rest/openapi/pvms/nbi/v1/device/history
2026-05-05 16:47:14,340 - root - INFO - Request payload: {'devDn': 'NE=61851555', 'devTypeId': 1, 'startTime': 1777827601000, 'endTime': 1777913999000}
2026-05-05 16:47:14,672 - root - INFO - Response status code: 200
2026-05-05 16:47:14,672 - root - INFO - API response from https://sg5.fusionsolar.huawei.com/rest/openapi/pvms/nbi/v1/device/history (truncated): {'failCode': 407, 'success': False, 'message': 'Interface access frequency:0.39333333333333337/1second', 'data': []}
2026-05-05 16:47:14,674 - root - WARNING - API access frequency too high. Waiting 30 seconds before retry...
2026-05-05 16:47:44,675 - root - INFO - Retrying API request after rate limit wait...
2026-05-05 16:47:44,676 - root - INFO - Making API request to: https://sg5.fusionsolar.huawei.com/rest/openapi/pvms/nbi/v1/device/history
2026-05-05 16:47:44,679 - root - INFO - Request payload: {'devDn': 'NE=61851555', 'devTypeId': 1, 'startTime': 1777827601000, 'endTime': 1777913999000}
2026-05-05 16:47:45,520 - root - INFO - Response status code: 200
2026-05-05 16:47:45,521 - root - INFO - API response from https://sg5.fusionsolar.huawei.com/rest/openapi/pvms/nbi/v1/device/history (truncated): {'failCode': 0, 'success': True, 'message': 'historical data information query successful.', 'data': []}
2026-05-05 16:47:45,525 - root - INFO - API Response type: <class 'dict'>
2026-05-05 16:47:45,525 - root - INFO - API Response keys: ['failCode', 'success', 'message', 'data']
2026-05-05 16:47:45,525 - root - INFO - API Response data is a list with 0 items
2026-05-05 16:47:45,525 - root - INFO - API Response has failCode: 0, message: historical data information query successful.
2026-05-05 16:47:45,525 - root - INFO - Using alternate response format: data as list
2026-05-05 16:47:45,526 - root - INFO - No data points returned for the query period
2026-05-05 16:47:45,526 - root - INFO - Using single devDn for device/history (API: one device per query)
2026-05-05 16:47:45,526 - root - INFO - Fetching historical data for 1 devices of type inverter
2026-05-05 16:47:45,526 - root - INFO - Making API request to: https://sg5.fusionsolar.huawei.com/rest/openapi/pvms/nbi/v1/device/history
2026-05-05 16:47:45,527 - root - INFO - Request payload: {'devDn': 'NE=61851552', 'devTypeId': 1, 'startTime': 1777827601000, 'endTime': 1777913999000}
2026-05-05 16:47:45,885 - root - INFO - Response status code: 200
2026-05-05 16:47:45,885 - root - INFO - API response from https://sg5.fusionsolar.huawei.com/rest/openapi/pvms/nbi/v1/device/history (truncated): {'failCode': 407, 'success': False, 'message': 'Interface access frequency:0.39333333333333337/1second', 'data': []}
2026-05-05 16:47:45,887 - root - WARNING - API access frequency too high. Waiting 30 seconds before retry...
2026-05-05 16:48:15,887 - root - INFO - Retrying API request after rate limit wait...
2026-05-05 16:48:15,888 - root - INFO - Making API request to: https://sg5.fusionsolar.huawei.com/rest/openapi/pvms/nbi/v1/device/history
2026-05-05 16:48:15,890 - root - INFO - Request payload: {'devDn': 'NE=61851552', 'devTypeId': 1, 'startTime': 1777827601000, 'endTime': 1777913999000}
2026-05-05 16:48:16,855 - root - INFO - Response status code: 200
2026-05-05 16:48:16,856 - root - INFO - API response from https://sg5.fusionsolar.huawei.com/rest/openapi/pvms/nbi/v1/device/history (truncated): {'failCode': 0, 'success': True, 'message': 'historical data information query successful.', 'data': []}
2026-05-05 16:48:16,860 - root - INFO - API Response type: <class 'dict'>
2026-05-05 16:48:16,860 - root - INFO - API Response keys: ['failCode', 'success', 'message', 'data']
2026-05-05 16:48:16,860 - root - INFO - API Response data is a list with 0 items
2026-05-05 16:48:16,860 - root - INFO - API Response has failCode: 0, message: historical data information query successful.
2026-05-05 16:48:16,861 - root - INFO - Using alternate response format: data as list
2026-05-05 16:48:16,861 - root - INFO - No data points returned for the query period
2026-05-05 16:48:16,861 - root - INFO - Using single devDn for device/history (API: one device per query)
2026-05-05 16:48:16,861 - root - INFO - Fetching historical data for 1 devices of type inverter
2026-05-05 16:48:16,861 - root - INFO - Making API request to: https://sg5.fusionsolar.huawei.com/rest/openapi/pvms/nbi/v1/device/history
2026-05-05 16:48:16,861 - root - INFO - Request payload: {'devDn': 'NE=61851553', 'devTypeId': 1, 'startTime': 1777827601000, 'endTime': 1777913999000}
2026-05-05 16:48:17,203 - root - INFO - Response status code: 200
2026-05-05 16:48:17,204 - root - INFO - API response from https://sg5.fusionsolar.huawei.com/rest/openapi/pvms/nbi/v1/device/history (truncated): {'failCode': 407, 'success': False, 'message': 'Interface access frequency:0.39333333333333337/1second', 'data': []}
2026-05-05 16:48:17,206 - root - WARNING - API access frequency too high. Waiting 30 seconds before retry...
2026-05-05 16:48:47,206 - root - INFO - Retrying API request after rate limit wait...
2026-05-05 16:48:47,207 - root - INFO - Making API request to: https://sg5.fusionsolar.huawei.com/rest/openapi/pvms/nbi/v1/device/history
2026-05-05 16:48:47,209 - root - INFO - Request payload: {'devDn': 'NE=61851553', 'devTypeId': 1, 'startTime': 1777827601000, 'endTime': 1777913999000}
2026-05-05 16:48:48,051 - root - INFO - Response status code: 200
2026-05-05 16:48:48,051 - root - INFO - API response from https://sg5.fusionsolar.huawei.com/rest/openapi/pvms/nbi/v1/device/history (truncated): {'failCode': 0, 'success': True, 'message': 'historical data information query successful.', 'data': []}
2026-05-05 16:48:48,056 - root - INFO - API Response type: <class 'dict'>
2026-05-05 16:48:48,056 - root - INFO - API Response keys: ['failCode', 'success', 'message', 'data']
2026-05-05 16:48:48,056 - root - INFO - API Response data is a list with 0 items
2026-05-05 16:48:48,056 - root - INFO - API Response has failCode: 0, message: historical data information query successful.
2026-05-05 16:48:48,056 - root - INFO - Using alternate response format: data as list
2026-05-05 16:48:48,056 - root - INFO - No data points returned for the query period
2026-05-05 16:48:48,056 - root - INFO - Using single devDn for device/history (API: one device per query)
2026-05-05 16:48:48,057 - root - INFO - Fetching historical data for 1 devices of type inverter
2026-05-05 16:48:48,057 - root - INFO - Making API request to: https://sg5.fusionsolar.huawei.com/rest/openapi/pvms/nbi/v1/device/history
2026-05-05 16:48:48,057 - root - INFO - Request payload: {'devDn': 'NE=61851556', 'devTypeId': 1, 'startTime': 1777827601000, 'endTime': 1777913999000}
2026-05-05 16:48:48,379 - root - INFO - Response status code: 200
2026-05-05 16:48:48,379 - root - INFO - API response from https://sg5.fusionsolar.huawei.com/rest/openapi/pvms/nbi/v1/device/history (truncated): {'failCode': 407, 'success': False, 'message': 'Interface access frequency:0.39333333333333337/1second', 'data': []}
2026-05-05 16:48:48,381 - root - WARNING - API access frequency too high. Waiting 30 seconds before retry...
2026-05-05 16:49:18,381 - root - INFO - Retrying API request after rate limit wait...
2026-05-05 16:49:18,382 - root - INFO - Making API request to: https://sg5.fusionsolar.huawei.com/rest/openapi/pvms/nbi/v1/device/history
2026-05-05 16:49:18,383 - root - INFO - Request payload: {'devDn': 'NE=61851556', 'devTypeId': 1, 'startTime': 1777827601000, 'endTime': 1777913999000}
2026-05-05 16:49:19,151 - root - INFO - Response status code: 200
2026-05-05 16:49:19,151 - root - INFO - API response from https://sg5.fusionsolar.huawei.com/rest/openapi/pvms/nbi/v1/device/history (truncated): {'failCode': 0, 'success': True, 'message': 'historical data information query successful.', 'data': []}
2026-05-05 16:49:19,155 - root - INFO - API Response type: <class 'dict'>
2026-05-05 16:49:19,156 - root - INFO - API Response keys: ['failCode', 'success', 'message', 'data']
2026-05-05 16:49:19,156 - root - INFO - API Response data is a list with 0 items
2026-05-05 16:49:19,156 - root - INFO - API Response has failCode: 0, message: historical data information query successful.
2026-05-05 16:49:19,156 - root - INFO - Using alternate response format: data as list
2026-05-05 16:49:19,156 - root - INFO - No data points returned for the query period
2026-05-05 16:49:19,157 - root - INFO - Using single devDn for device/history (API: one device per query)
2026-05-05 16:49:19,158 - root - INFO - Fetching historical data for 1 devices of type inverter
2026-05-05 16:49:19,158 - root - INFO - Making API request to: https://sg5.fusionsolar.huawei.com/rest/openapi/pvms/nbi/v1/device/history
2026-05-05 16:49:19,158 - root - INFO - Request payload: {'devDn': 'NE=61851557', 'devTypeId': 1, 'startTime': 1777827601000, 'endTime': 1777913999000}
2026-05-05 16:49:19,476 - root - INFO - Response status code: 200
2026-05-05 16:49:19,477 - root - INFO - API response from https://sg5.fusionsolar.huawei.com/rest/openapi/pvms/nbi/v1/device/history (truncated): {'failCode': 407, 'success': False, 'message': 'Interface access frequency:0.39333333333333337/1second', 'data': []}
2026-05-05 16:49:19,478 - root - WARNING - API access frequency too high. Waiting 30 seconds before retry...
2026-05-05 16:49:49,478 - root - INFO - Retrying API request after rate limit wait...
2026-05-05 16:49:49,479 - root - INFO - Making API request to: https://sg5.fusionsolar.huawei.com/rest/openapi/pvms/nbi/v1/device/history
2026-05-05 16:49:49,481 - root - INFO - Request payload: {'devDn': 'NE=61851557', 'devTypeId': 1, 'startTime': 1777827601000, 'endTime': 1777913999000}
2026-05-05 16:49:50,410 - root - INFO - Response status code: 200
2026-05-05 16:49:50,410 - root - INFO - API response from https://sg5.fusionsolar.huawei.com/rest/openapi/pvms/nbi/v1/device/history (truncated): {'failCode': 0, 'success': True, 'message': 'historical data information query successful.', 'data': []}
2026-05-05 16:49:50,415 - root - INFO - API Response type: <class 'dict'>
2026-05-05 16:49:50,415 - root - INFO - API Response keys: ['failCode', 'success', 'message', 'data']
2026-05-05 16:49:50,415 - root - INFO - API Response data is a list with 0 items
2026-05-05 16:49:50,415 - root - INFO - API Response has failCode: 0, message: historical data information query successful.
2026-05-05 16:49:50,415 - root - INFO - Using alternate response format: data as list
2026-05-05 16:49:50,415 - root - INFO - No data points returned for the query period
2026-05-05 16:49:50,415 - root - INFO - Using single devDn for device/history (API: one device per query)
2026-05-05 16:49:50,416 - root - INFO - Fetching historical data for 1 devices of type inverter
2026-05-05 16:49:50,416 - root - INFO - Making API request to: https://sg5.fusionsolar.huawei.com/rest/openapi/pvms/nbi/v1/device/history
2026-05-05 16:49:50,416 - root - INFO - Request payload: {'devDn': 'NE=52031815', 'devTypeId': 1, 'startTime': 1777827601000, 'endTime': 1777913999000}
2026-05-05 16:49:50,739 - root - INFO - Response status code: 200
2026-05-05 16:49:50,739 - root - INFO - API response from https://sg5.fusionsolar.huawei.com/rest/openapi/pvms/nbi/v1/device/history (truncated): {'failCode': 407, 'success': False, 'message': 'Interface access frequency:0.39333333333333337/1second', 'data': []}
2026-05-05 16:49:50,741 - root - WARNING - API access frequency too high. Waiting 30 seconds before retry...
2026-05-05 16:50:20,740 - root - INFO - Retrying API request after rate limit wait...
2026-05-05 16:50:20,741 - root - INFO - Making API request to: https://sg5.fusionsolar.huawei.com/rest/openapi/pvms/nbi/v1/device/history
2026-05-05 16:50:20,743 - root - INFO - Request payload: {'devDn': 'NE=52031815', 'devTypeId': 1, 'startTime': 1777827601000, 'endTime': 1777913999000}
2026-05-05 16:50:22,338 - root - INFO - Response status code: 200
2026-05-05 16:50:22,366 - root - INFO - API response from https://sg5.fusionsolar.huawei.com/rest/openapi/pvms/nbi/v1/device/history (truncated): {'failCode': 0, 'success': True, 'message': 'historical data information query successful.', 'data': [{'devDn': 'NE=52031815', 'collectTime': 1777846200000, 'dataItems': {'pv28_i': 0.0, 'pv4_u': 0.0, 'pv24_i': 0.0, 'mppt_total_cap': 808853.16, 'pv8_u': 0.0, 'a_i': 0.0, 'pv24_u': 0.0, 'mppt_9_cap': 0.0, 'pv20_u': 0.0, 'a_u': 0.0, 'pv17_u': 0.0, 'pv20_i': 0.0, 'efficiency': 0.0, 'pv17_i': 0.0, 'pv13_i': 0.0, 'pv36_i': None, 'mppt_power': 0.0, 'pv13_u': 0.0, 'pv36_u': None, 'mppt_7_cap': 0.0, 'pv32...
2026-05-05 16:50:22,369 - root - INFO - API Response type: <class 'dict'>
2026-05-05 16:50:22,369 - root - INFO - API Response keys: ['failCode', 'success', 'message', 'data']
2026-05-05 16:50:22,370 - root - INFO - API Response data is a list with 149 items
2026-05-05 16:50:22,370 - root - INFO - API Response has failCode: 0, message: historical data information query successful.
2026-05-05 16:50:22,370 - root - INFO - Using alternate response format: data as list
2026-05-05 16:50:22,370 - root - INFO - Received 149 data points from API
2026-05-05 16:50:22,370 - root - INFO - Sample data point structure: ['devDn', 'collectTime', 'dataItems']
2026-05-05 16:50:22,445 - root - INFO - Successfully upserted 149 data points.
2026-05-05 16:50:26,041 - root - INFO - Using single devDn for device/history (API: one device per query)
2026-05-05 16:50:26,043 - root - INFO - Fetching historical data for 1 devices of type inverter
2026-05-05 16:50:26,044 - root - INFO - Making API request to: https://sg5.fusionsolar.huawei.com/rest/openapi/pvms/nbi/v1/device/history
2026-05-05 16:50:26,044 - root - INFO - Request payload: {'devDn': 'NE=52031818', 'devTypeId': 1, 'startTime': 1777827601000, 'endTime': 1777913999000}
2026-05-05 16:50:27,610 - root - INFO - Response status code: 200
2026-05-05 16:50:27,625 - root - INFO - API response from https://sg5.fusionsolar.huawei.com/rest/openapi/pvms/nbi/v1/device/history (truncated): {'failCode': 0, 'success': True, 'message': 'historical data information query successful.', 'data': [{'devDn': 'NE=52031818', 'collectTime': 1777846200000, 'dataItems': {'pv28_i': 0.0, 'pv4_u': 0.0, 'pv24_i': 0.0, 'mppt_total_cap': 817493.24, 'pv8_u': 0.0, 'a_i': 0.0, 'pv24_u': 0.0, 'mppt_9_cap': 0.0, 'pv20_u': 0.0, 'a_u': 0.0, 'pv17_u': 0.0, 'pv20_i': 0.0, 'efficiency': 0.0, 'pv17_i': 0.0, 'pv13_i': 0.0, 'pv36_i': None, 'mppt_power': 0.0, 'pv13_u': 0.0, 'pv36_u': None, 'mppt_7_cap': 0.0, 'pv32...
2026-05-05 16:50:27,627 - root - INFO - API Response type: <class 'dict'>
2026-05-05 16:50:27,627 - root - INFO - API Response keys: ['failCode', 'success', 'message', 'data']
2026-05-05 16:50:27,628 - root - INFO - API Response data is a list with 149 items
2026-05-05 16:50:27,628 - root - INFO - API Response has failCode: 0, message: historical data information query successful.
2026-05-05 16:50:27,628 - root - INFO - Using alternate response format: data as list
2026-05-05 16:50:27,628 - root - INFO - Received 149 data points from API
2026-05-05 16:50:27,628 - root - INFO - Sample data point structure: ['devDn', 'collectTime', 'dataItems']
2026-05-05 16:50:27,688 - root - INFO - Successfully upserted 149 data points.
2026-05-05 16:50:31,216 - root - INFO - Using single devDn for device/history (API: one device per query)
2026-05-05 16:50:31,219 - root - INFO - Fetching historical data for 1 devices of type inverter
2026-05-05 16:50:31,219 - root - INFO - Making API request to: https://sg5.fusionsolar.huawei.com/rest/openapi/pvms/nbi/v1/device/history
2026-05-05 16:50:31,219 - root - INFO - Request payload: {'devDn': 'NE=52031819', 'devTypeId': 1, 'startTime': 1777827601000, 'endTime': 1777913999000}
2026-05-05 16:50:32,930 - root - INFO - Response status code: 200
2026-05-05 16:50:32,949 - root - INFO - API response from https://sg5.fusionsolar.huawei.com/rest/openapi/pvms/nbi/v1/device/history (truncated): {'failCode': 0, 'success': True, 'message': 'historical data information query successful.', 'data': [{'devDn': 'NE=52031819', 'collectTime': 1777846200000, 'dataItems': {'pv28_i': 0.0, 'pv4_u': 0.0, 'pv24_i': 0.0, 'mppt_total_cap': 768495.59, 'pv8_u': 0.0, 'a_i': 0.0, 'pv24_u': 0.0, 'mppt_9_cap': 0.0, 'pv20_u': 0.0, 'a_u': 0.0, 'pv17_u': 0.0, 'pv20_i': 0.0, 'efficiency': 0.0, 'pv17_i': 0.0, 'pv13_i': 0.0, 'pv36_i': None, 'mppt_power': 0.0, 'pv13_u': 0.0, 'pv36_u': None, 'mppt_7_cap': 0.0, 'pv32...
2026-05-05 16:50:32,952 - root - INFO - API Response type: <class 'dict'>
2026-05-05 16:50:32,952 - root - INFO - API Response keys: ['failCode', 'success', 'message', 'data']
2026-05-05 16:50:32,952 - root - INFO - API Response data is a list with 149 items
2026-05-05 16:50:32,952 - root - INFO - API Response has failCode: 0, message: historical data information query successful.
2026-05-05 16:50:32,953 - root - INFO - Using alternate response format: data as list
2026-05-05 16:50:32,953 - root - INFO - Received 149 data points from API
2026-05-05 16:50:32,953 - root - INFO - Sample data point structure: ['devDn', 'collectTime', 'dataItems']
2026-05-05 16:50:33,028 - root - INFO - Successfully upserted 149 data points.
2026-05-05 16:50:36,396 - root - INFO - Using single devDn for device/history (API: one device per query)
2026-05-05 16:50:36,398 - root - INFO - Fetching historical data for 1 devices of type inverter
2026-05-05 16:50:36,399 - root - INFO - Making API request to: https://sg5.fusionsolar.huawei.com/rest/openapi/pvms/nbi/v1/device/history
2026-05-05 16:50:36,399 - root - INFO - Request payload: {'devDn': 'NE=52031820', 'devTypeId': 1, 'startTime': 1777827601000, 'endTime': 1777913999000}
2026-05-05 16:50:38,004 - root - INFO - Response status code: 200
2026-05-05 16:50:38,018 - root - INFO - API response from https://sg5.fusionsolar.huawei.com/rest/openapi/pvms/nbi/v1/device/history (truncated): {'failCode': 0, 'success': True, 'message': 'historical data information query successful.', 'data': [{'devDn': 'NE=52031820', 'collectTime': 1777846200000, 'dataItems': {'pv28_i': 0.0, 'pv4_u': 0.0, 'pv24_i': 0.0, 'mppt_total_cap': 792797.38, 'pv8_u': 0.0, 'a_i': 0.0, 'pv24_u': 0.0, 'mppt_9_cap': 0.0, 'pv20_u': 0.0, 'a_u': 0.0, 'pv17_u': 0.0, 'pv20_i': 0.0, 'efficiency': 0.0, 'pv17_i': 0.0, 'pv13_i': 0.0, 'pv36_i': None, 'mppt_power': 0.0, 'pv13_u': 0.0, 'pv36_u': None, 'mppt_7_cap': 0.0, 'pv32...
2026-05-05 16:50:38,020 - root - INFO - API Response type: <class 'dict'>
2026-05-05 16:50:38,020 - root - INFO - API Response keys: ['failCode', 'success', 'message', 'data']
2026-05-05 16:50:38,020 - root - INFO - API Response data is a list with 149 items
2026-05-05 16:50:38,020 - root - INFO - API Response has failCode: 0, message: historical data information query successful.
2026-05-05 16:50:38,021 - root - INFO - Using alternate response format: data as list
2026-05-05 16:50:38,021 - root - INFO - Received 149 data points from API
2026-05-05 16:50:38,021 - root - INFO - Sample data point structure: ['devDn', 'collectTime', 'dataItems']
2026-05-05 16:50:38,090 - root - INFO - Successfully upserted 149 data points.
2026-05-05 16:50:41,557 - root - INFO - Using single devDn for device/history (API: one device per query)
2026-05-05 16:50:41,560 - root - INFO - Fetching historical data for 1 devices of type inverter
2026-05-05 16:50:41,560 - root - INFO - Making API request to: https://sg5.fusionsolar.huawei.com/rest/openapi/pvms/nbi/v1/device/history
2026-05-05 16:50:41,560 - root - INFO - Request payload: {'devDn': 'NE=52031821', 'devTypeId': 1, 'startTime': 1777827601000, 'endTime': 1777913999000}
2026-05-05 16:50:43,046 - root - INFO - Response status code: 200
2026-05-05 16:50:43,063 - root - INFO - API response from https://sg5.fusionsolar.huawei.com/rest/openapi/pvms/nbi/v1/device/history (truncated): {'failCode': 0, 'success': True, 'message': 'historical data information query successful.', 'data': [{'devDn': 'NE=52031821', 'collectTime': 1777846200000, 'dataItems': {'pv28_i': 0.0, 'pv4_u': 0.0, 'pv24_i': 0.0, 'mppt_total_cap': 798498.07, 'pv8_u': 0.0, 'a_i': 0.0, 'pv24_u': 0.0, 'mppt_9_cap': 0.0, 'pv20_u': 0.0, 'a_u': 0.0, 'pv17_u': 0.0, 'pv20_i': 0.0, 'efficiency': 0.0, 'pv17_i': 0.0, 'pv13_i': 0.0, 'pv36_i': None, 'mppt_power': 0.0, 'pv13_u': 0.0, 'pv36_u': None, 'mppt_7_cap': 0.0, 'pv32...
2026-05-05 16:50:43,065 - root - INFO - API Response type: <class 'dict'>
2026-05-05 16:50:43,065 - root - INFO - API Response keys: ['failCode', 'success', 'message', 'data']
2026-05-05 16:50:43,065 - root - INFO - API Response data is a list with 149 items
2026-05-05 16:50:43,065 - root - INFO - API Response has failCode: 0, message: historical data information query successful.
2026-05-05 16:50:43,066 - root - INFO - Using alternate response format: data as list
2026-05-05 16:50:43,069 - root - INFO - Received 149 data points from API
2026-05-05 16:50:43,069 - root - INFO - Sample data point structure: ['devDn', 'collectTime', 'dataItems']
2026-05-05 16:50:43,133 - root - INFO - Successfully upserted 149 data points.
2026-05-05 16:50:46,639 - root - INFO - Using single devDn for device/history (API: one device per query)
2026-05-05 16:50:46,642 - root - INFO - Fetching historical data for 1 devices of type inverter
2026-05-05 16:50:46,642 - root - INFO - Making API request to: https://sg5.fusionsolar.huawei.com/rest/openapi/pvms/nbi/v1/device/history
2026-05-05 16:50:46,643 - root - INFO - Request payload: {'devDn': 'NE=52031822', 'devTypeId': 1, 'startTime': 1777827601000, 'endTime': 1777913999000}
2026-05-05 16:50:48,190 - root - INFO - Response status code: 200
2026-05-05 16:50:48,204 - root - INFO - API response from https://sg5.fusionsolar.huawei.com/rest/openapi/pvms/nbi/v1/device/history (truncated): {'failCode': 0, 'success': True, 'message': 'historical data information query successful.', 'data': [{'devDn': 'NE=52031822', 'collectTime': 1777846200000, 'dataItems': {'pv28_i': 0.0, 'pv4_u': 0.0, 'pv24_i': 0.0, 'mppt_total_cap': 812923.72, 'pv8_u': 0.0, 'a_i': 0.0, 'pv24_u': 0.0, 'mppt_9_cap': 0.0, 'pv20_u': 0.0, 'a_u': 0.0, 'pv17_u': 0.0, 'pv20_i': 0.0, 'efficiency': 0.0, 'pv17_i': 0.0, 'pv13_i': 0.0, 'pv36_i': None, 'mppt_power': 0.0, 'pv13_u': 0.0, 'pv36_u': None, 'mppt_7_cap': 0.0, 'pv32...
2026-05-05 16:50:48,207 - root - INFO - API Response type: <class 'dict'>
2026-05-05 16:50:48,207 - root - INFO - API Response keys: ['failCode', 'success', 'message', 'data']
2026-05-05 16:50:48,207 - root - INFO - API Response data is a list with 149 items
2026-05-05 16:50:48,208 - root - INFO - API Response has failCode: 0, message: historical data information query successful.
2026-05-05 16:50:48,208 - root - INFO - Using alternate response format: data as list
2026-05-05 16:50:48,208 - root - INFO - Received 149 data points from API
2026-05-05 16:50:48,208 - root - INFO - Sample data point structure: ['devDn', 'collectTime', 'dataItems']
2026-05-05 16:50:48,267 - root - INFO - Successfully upserted 149 data points.
2026-05-05 16:50:51,708 - root - INFO - Using single devDn for device/history (API: one device per query)
2026-05-05 16:50:51,711 - root - INFO - Fetching historical data for 1 devices of type inverter
2026-05-05 16:50:51,711 - root - INFO - Making API request to: https://sg5.fusionsolar.huawei.com/rest/openapi/pvms/nbi/v1/device/history
2026-05-05 16:50:51,711 - root - INFO - Request payload: {'devDn': 'NE=52031823', 'devTypeId': 1, 'startTime': 1777827601000, 'endTime': 1777913999000}
2026-05-05 16:50:53,343 - root - INFO - Response status code: 200
2026-05-05 16:50:53,357 - root - INFO - API response from https://sg5.fusionsolar.huawei.com/rest/openapi/pvms/nbi/v1/device/history (truncated): {'failCode': 0, 'success': True, 'message': 'historical data information query successful.', 'data': [{'devDn': 'NE=52031823', 'collectTime': 1777846200000, 'dataItems': {'pv28_i': 0.0, 'pv4_u': 0.0, 'pv24_i': 0.0, 'mppt_total_cap': 816775.42, 'pv8_u': 0.0, 'a_i': 0.0, 'pv24_u': 0.0, 'mppt_9_cap': 0.0, 'pv20_u': 0.0, 'a_u': 0.0, 'pv17_u': 0.0, 'pv20_i': 0.0, 'efficiency': 0.0, 'pv17_i': 0.0, 'pv13_i': 0.0, 'pv36_i': None, 'mppt_power': 0.0, 'pv13_u': 0.0, 'pv36_u': None, 'mppt_7_cap': 0.0, 'pv32...
2026-05-05 16:50:53,359 - root - INFO - API Response type: <class 'dict'>
2026-05-05 16:50:53,360 - root - INFO - API Response keys: ['failCode', 'success', 'message', 'data']
2026-05-05 16:50:53,360 - root - INFO - API Response data is a list with 149 items
2026-05-05 16:50:53,360 - root - INFO - API Response has failCode: 0, message: historical data information query successful.
2026-05-05 16:50:53,360 - root - INFO - Using alternate response format: data as list
2026-05-05 16:50:53,360 - root - INFO - Received 149 data points from API
2026-05-05 16:50:53,360 - root - INFO - Sample data point structure: ['devDn', 'collectTime', 'dataItems']
2026-05-05 16:50:53,420 - root - INFO - Successfully upserted 149 data points.
2026-05-05 16:50:56,750 - root - INFO - Using single devDn for device/history (API: one device per query)
2026-05-05 16:50:56,753 - root - INFO - Fetching historical data for 1 devices of type inverter
2026-05-05 16:50:56,753 - root - INFO - Making API request to: https://sg5.fusionsolar.huawei.com/rest/openapi/pvms/nbi/v1/device/history
2026-05-05 16:50:56,753 - root - INFO - Request payload: {'devDn': 'NE=52031824', 'devTypeId': 1, 'startTime': 1777827601000, 'endTime': 1777913999000}
2026-05-05 16:50:58,327 - root - INFO - Response status code: 200
2026-05-05 16:50:58,341 - root - INFO - API response from https://sg5.fusionsolar.huawei.com/rest/openapi/pvms/nbi/v1/device/history (truncated): {'failCode': 0, 'success': True, 'message': 'historical data information query successful.', 'data': [{'devDn': 'NE=52031824', 'collectTime': 1777846200000, 'dataItems': {'pv28_i': 0.0, 'pv4_u': 0.0, 'pv24_i': 0.0, 'mppt_total_cap': 780059.46, 'pv8_u': 0.0, 'a_i': 0.0, 'pv24_u': 0.0, 'mppt_9_cap': 0.0, 'pv20_u': 0.0, 'a_u': 0.0, 'pv17_u': 0.0, 'pv20_i': 0.0, 'efficiency': 0.0, 'pv17_i': 0.0, 'pv13_i': 0.0, 'pv36_i': None, 'mppt_power': 0.0, 'pv13_u': 0.0, 'pv36_u': None, 'mppt_7_cap': 0.0, 'pv32...
2026-05-05 16:50:58,344 - root - INFO - API Response type: <class 'dict'>
2026-05-05 16:50:58,344 - root - INFO - API Response keys: ['failCode', 'success', 'message', 'data']
2026-05-05 16:50:58,344 - root - INFO - API Response data is a list with 149 items
2026-05-05 16:50:58,344 - root - INFO - API Response has failCode: 0, message: historical data information query successful.
2026-05-05 16:50:58,344 - root - INFO - Using alternate response format: data as list
2026-05-05 16:50:58,344 - root - INFO - Received 149 data points from API
2026-05-05 16:50:58,344 - root - INFO - Sample data point structure: ['devDn', 'collectTime', 'dataItems']
2026-05-05 16:50:58,406 - root - INFO - Successfully upserted 149 data points.
2026-05-05 16:51:01,669 - root - INFO - Using single devDn for device/history (API: one device per query)
2026-05-05 16:51:01,671 - root - INFO - Fetching historical data for 1 devices of type inverter
2026-05-05 16:51:01,671 - root - INFO - Making API request to: https://sg5.fusionsolar.huawei.com/rest/openapi/pvms/nbi/v1/device/history
2026-05-05 16:51:01,671 - root - INFO - Request payload: {'devDn': 'NE=52031825', 'devTypeId': 1, 'startTime': 1777827601000, 'endTime': 1777913999000}
2026-05-05 16:51:03,988 - root - INFO - Response status code: 200
2026-05-05 16:51:04,003 - root - INFO - API response from https://sg5.fusionsolar.huawei.com/rest/openapi/pvms/nbi/v1/device/history (truncated): {'failCode': 0, 'success': True, 'message': 'historical data information query successful.', 'data': [{'devDn': 'NE=52031825', 'collectTime': 1777846200000, 'dataItems': {'pv28_i': 0.0, 'pv4_u': 0.0, 'pv24_i': 0.0, 'mppt_total_cap': 816942.45, 'pv8_u': 0.0, 'a_i': 0.0, 'pv24_u': 0.0, 'mppt_9_cap': None, 'pv20_u': 0.0, 'a_u': None, 'pv17_u': 0.0, 'pv20_i': 0.0, 'efficiency': 0.0, 'pv17_i': 0.0, 'pv13_i': 0.0, 'pv36_i': None, 'mppt_power': 0.0, 'pv13_u': 0.0, 'pv36_u': None, 'mppt_7_cap': None, 'p...
2026-05-05 16:51:04,005 - root - INFO - API Response type: <class 'dict'>
2026-05-05 16:51:04,005 - root - INFO - API Response keys: ['failCode', 'success', 'message', 'data']
2026-05-05 16:51:04,005 - root - INFO - API Response data is a list with 149 items
2026-05-05 16:51:04,005 - root - INFO - API Response has failCode: 0, message: historical data information query successful.
2026-05-05 16:51:04,006 - root - INFO - Using alternate response format: data as list
2026-05-05 16:51:04,006 - root - INFO - Received 149 data points from API
2026-05-05 16:51:04,006 - root - INFO - Sample data point structure: ['devDn', 'collectTime', 'dataItems']
2026-05-05 16:51:04,068 - root - INFO - Successfully upserted 149 data points.
2026-05-05 16:51:07,377 - root - INFO - Using single devDn for device/history (API: one device per query)
2026-05-05 16:51:07,380 - root - INFO - Fetching historical data for 1 devices of type inverter
2026-05-05 16:51:07,380 - root - INFO - Making API request to: https://sg5.fusionsolar.huawei.com/rest/openapi/pvms/nbi/v1/device/history
2026-05-05 16:51:07,380 - root - INFO - Request payload: {'devDn': 'NE=52031826', 'devTypeId': 1, 'startTime': 1777827601000, 'endTime': 1777913999000}
2026-05-05 16:51:08,861 - root - INFO - Response status code: 200
2026-05-05 16:51:08,876 - root - INFO - API response from https://sg5.fusionsolar.huawei.com/rest/openapi/pvms/nbi/v1/device/history (truncated): {'failCode': 0, 'success': True, 'message': 'historical data information query successful.', 'data': [{'devDn': 'NE=52031826', 'collectTime': 1777846200000, 'dataItems': {'pv28_i': 0.0, 'pv4_u': 0.0, 'pv24_i': 0.0, 'mppt_total_cap': 796064.59, 'pv8_u': 0.0, 'a_i': 0.0, 'pv24_u': 0.0, 'mppt_9_cap': None, 'pv20_u': 0.0, 'a_u': None, 'pv17_u': 0.0, 'pv20_i': 0.0, 'efficiency': 0.0, 'pv17_i': 0.0, 'pv13_i': 0.0, 'pv36_i': None, 'mppt_power': 0.0, 'pv13_u': 0.0, 'pv36_u': None, 'mppt_7_cap': None, 'p...
2026-05-05 16:51:08,877 - root - INFO - API Response type: <class 'dict'>
2026-05-05 16:51:08,878 - root - INFO - API Response keys: ['failCode', 'success', 'message', 'data']
2026-05-05 16:51:08,878 - root - INFO - API Response data is a list with 149 items
2026-05-05 16:51:08,878 - root - INFO - API Response has failCode: 0, message: historical data information query successful.
2026-05-05 16:51:08,878 - root - INFO - Using alternate response format: data as list
2026-05-05 16:51:08,878 - root - INFO - Received 149 data points from API
2026-05-05 16:51:08,878 - root - INFO - Sample data point structure: ['devDn', 'collectTime', 'dataItems']
2026-05-05 16:51:08,939 - root - INFO - Successfully upserted 149 data points.
2026-05-05 16:51:12,198 - root - INFO - Using single devDn for device/history (API: one device per query)
2026-05-05 16:51:12,201 - root - INFO - Fetching historical data for 1 devices of type inverter
2026-05-05 16:51:12,201 - root - INFO - Token is missing or expired. Attempting to login...
2026-05-05 16:51:12,202 - root - INFO - Attempting to login to FusionSolar API at https://sg5.fusionsolar.huawei.com/thirdData/login
2026-05-05 16:51:12,629 - root - INFO - Login response status code: 200
2026-05-05 16:51:12,631 - root - INFO - Successfully logged into FusionSolar.
2026-05-05 16:51:12,633 - root - INFO - Making API request to: https://sg5.fusionsolar.huawei.com/rest/openapi/pvms/nbi/v1/device/history
2026-05-05 16:51:12,633 - root - INFO - Request payload: {'devDn': 'NE=52031827', 'devTypeId': 1, 'startTime': 1777827601000, 'endTime': 1777913999000}
2026-05-05 16:51:15,178 - root - INFO - Response status code: 200
2026-05-05 16:51:15,191 - root - INFO - API response from https://sg5.fusionsolar.huawei.com/rest/openapi/pvms/nbi/v1/device/history (truncated): {'failCode': 0, 'success': True, 'message': 'historical data information query successful.', 'data': [{'devDn': 'NE=52031827', 'collectTime': 1777846200000, 'dataItems': {'pv28_i': 0.0, 'pv4_u': 0.0, 'pv24_i': 0.0, 'mppt_total_cap': 771341.59, 'pv8_u': 0.0, 'a_i': 0.0, 'pv24_u': 0.0, 'mppt_9_cap': None, 'pv20_u': 0.0, 'a_u': None, 'pv17_u': 0.0, 'pv20_i': 0.0, 'efficiency': 0.0, 'pv17_i': 0.0, 'pv13_i': 0.0, 'pv36_i': None, 'mppt_power': 0.0, 'pv13_u': 0.0, 'pv36_u': None, 'mppt_7_cap': None, 'p...
2026-05-05 16:51:15,194 - root - INFO - API Response type: <class 'dict'>
2026-05-05 16:51:15,195 - root - INFO - API Response keys: ['failCode', 'success', 'message', 'data']
2026-05-05 16:51:15,195 - root - INFO - API Response data is a list with 149 items
2026-05-05 16:51:15,195 - root - INFO - API Response has failCode: 0, message: historical data information query successful.
2026-05-05 16:51:15,195 - root - INFO - Using alternate response format: data as list
2026-05-05 16:51:15,195 - root - INFO - Received 149 data points from API
2026-05-05 16:51:15,195 - root - INFO - Sample data point structure: ['devDn', 'collectTime', 'dataItems']
2026-05-05 16:51:15,256 - root - INFO - Successfully upserted 149 data points.
2026-05-05 16:51:18,510 - root - INFO - Using single devDn for device/history (API: one device per query)
2026-05-05 16:51:18,512 - root - INFO - Fetching historical data for 1 devices of type inverter
2026-05-05 16:51:18,512 - root - INFO - Making API request to: https://sg5.fusionsolar.huawei.com/rest/openapi/pvms/nbi/v1/device/history
2026-05-05 16:51:18,513 - root - INFO - Request payload: {'devDn': 'NE=52031816', 'devTypeId': 1, 'startTime': 1777827601000, 'endTime': 1777913999000}
2026-05-05 16:51:20,081 - root - INFO - Response status code: 200
2026-05-05 16:51:20,095 - root - INFO - API response from https://sg5.fusionsolar.huawei.com/rest/openapi/pvms/nbi/v1/device/history (truncated): {'failCode': 0, 'success': True, 'message': 'historical data information query successful.', 'data': [{'devDn': 'NE=52031816', 'collectTime': 1777846200000, 'dataItems': {'pv28_i': 0.0, 'pv4_u': 0.0, 'pv24_i': 0.0, 'mppt_total_cap': 816781.21, 'pv8_u': 0.0, 'a_i': 0.0, 'pv24_u': 0.0, 'mppt_9_cap': 0.0, 'pv20_u': 0.0, 'a_u': 0.0, 'pv17_u': 0.0, 'pv20_i': 0.0, 'efficiency': 0.0, 'pv17_i': 0.0, 'pv13_i': 0.0, 'pv36_i': None, 'mppt_power': 0.0, 'pv13_u': 0.0, 'pv36_u': None, 'mppt_7_cap': 0.0, 'pv32...
2026-05-05 16:51:20,098 - root - INFO - API Response type: <class 'dict'>
2026-05-05 16:51:20,098 - root - INFO - API Response keys: ['failCode', 'success', 'message', 'data']
2026-05-05 16:51:20,098 - root - INFO - API Response data is a list with 149 items
2026-05-05 16:51:20,098 - root - INFO - API Response has failCode: 0, message: historical data information query successful.
2026-05-05 16:51:20,098 - root - INFO - Using alternate response format: data as list
2026-05-05 16:51:20,101 - root - INFO - Received 149 data points from API
2026-05-05 16:51:20,101 - root - INFO - Sample data point structure: ['devDn', 'collectTime', 'dataItems']
2026-05-05 16:51:20,159 - root - INFO - Successfully upserted 149 data points.
2026-05-05 16:51:23,427 - root - INFO - Using single devDn for device/history (API: one device per query)
2026-05-05 16:51:23,429 - root - INFO - Fetching historical data for 1 devices of type inverter
2026-05-05 16:51:23,429 - root - INFO - Making API request to: https://sg5.fusionsolar.huawei.com/rest/openapi/pvms/nbi/v1/device/history
2026-05-05 16:51:23,429 - root - INFO - Request payload: {'devDn': 'NE=52031817', 'devTypeId': 1, 'startTime': 1777827601000, 'endTime': 1777913999000}
2026-05-05 16:51:25,061 - root - INFO - Response status code: 200
2026-05-05 16:51:25,075 - root - INFO - API response from https://sg5.fusionsolar.huawei.com/rest/openapi/pvms/nbi/v1/device/history (truncated): {'failCode': 0, 'success': True, 'message': 'historical data information query successful.', 'data': [{'devDn': 'NE=52031817', 'collectTime': 1777846200000, 'dataItems': {'pv28_i': 0.0, 'pv4_u': 0.0, 'pv24_i': 0.0, 'mppt_total_cap': 776318.86, 'pv8_u': 0.0, 'a_i': 0.0, 'pv24_u': 0.0, 'mppt_9_cap': 0.0, 'pv20_u': 0.0, 'a_u': 0.0, 'pv17_u': 0.0, 'pv20_i': 0.0, 'efficiency': 0.0, 'pv17_i': 0.0, 'pv13_i': 0.0, 'pv36_i': None, 'mppt_power': 0.0, 'pv13_u': 0.0, 'pv36_u': None, 'mppt_7_cap': 0.0, 'pv32...
2026-05-05 16:51:25,078 - root - INFO - API Response type: <class 'dict'>
2026-05-05 16:51:25,078 - root - INFO - API Response keys: ['failCode', 'success', 'message', 'data']
2026-05-05 16:51:25,078 - root - INFO - API Response data is a list with 149 items
2026-05-05 16:51:25,078 - root - INFO - API Response has failCode: 0, message: historical data information query successful.
2026-05-05 16:51:25,078 - root - INFO - Using alternate response format: data as list
2026-05-05 16:51:25,078 - root - INFO - Received 149 data points from API
2026-05-05 16:51:25,079 - root - INFO - Sample data point structure: ['devDn', 'collectTime', 'dataItems']
2026-05-05 16:51:25,139 - root - INFO - Successfully upserted 149 data points.
2026-05-05 16:51:28,372 - root - INFO - Using single devDn for device/history (API: one device per query)
2026-05-05 16:51:28,375 - root - INFO - Fetching historical data for 1 devices of type inverter
2026-05-05 16:51:28,375 - root - INFO - Making API request to: https://sg5.fusionsolar.huawei.com/rest/openapi/pvms/nbi/v1/device/history
2026-05-05 16:51:28,375 - root - INFO - Request payload: {'devDn': 'NE=51758779', 'devTypeId': 1, 'startTime': 1777827601000, 'endTime': 1777913999000}
2026-05-05 16:51:30,430 - root - INFO - Response status code: 200
2026-05-05 16:51:30,444 - root - INFO - API response from https://sg5.fusionsolar.huawei.com/rest/openapi/pvms/nbi/v1/device/history (truncated): {'failCode': 0, 'success': True, 'message': 'historical data information query successful.', 'data': [{'devDn': 'NE=51758779', 'collectTime': 1777846200000, 'dataItems': {'pv28_i': 0.0, 'pv4_u': 0.0, 'pv24_i': 0.0, 'mppt_total_cap': 875803.6, 'pv8_u': 0.0, 'a_i': 0.0, 'pv24_u': 0.0, 'mppt_9_cap': 0.0, 'pv20_u': 0.0, 'a_u': 0.0, 'pv17_u': 0.0, 'pv20_i': 0.0, 'efficiency': 0.0, 'pv17_i': 0.0, 'pv13_i': 0.0, 'pv36_i': None, 'mppt_power': 0.0, 'pv13_u': 0.0, 'pv36_u': None, 'mppt_7_cap': 0.0, 'pv32_...
2026-05-05 16:51:30,446 - root - INFO - API Response type: <class 'dict'>
2026-05-05 16:51:30,447 - root - INFO - API Response keys: ['failCode', 'success', 'message', 'data']
2026-05-05 16:51:30,447 - root - INFO - API Response data is a list with 156 items
2026-05-05 16:51:30,447 - root - INFO - API Response has failCode: 0, message: historical data information query successful.
2026-05-05 16:51:30,447 - root - INFO - Using alternate response format: data as list
2026-05-05 16:51:30,447 - root - INFO - Received 156 data points from API
2026-05-05 16:51:30,447 - root - INFO - Sample data point structure: ['devDn', 'collectTime', 'dataItems']
2026-05-05 16:51:30,516 - root - INFO - Successfully upserted 156 data points.
2026-05-05 16:51:33,844 - root - INFO - Using single devDn for device/history (API: one device per query)
2026-05-05 16:51:33,847 - root - INFO - Fetching historical data for 1 devices of type inverter
2026-05-05 16:51:33,847 - root - INFO - Making API request to: https://sg5.fusionsolar.huawei.com/rest/openapi/pvms/nbi/v1/device/history
2026-05-05 16:51:33,847 - root - INFO - Request payload: {'devDn': 'NE=51758780', 'devTypeId': 1, 'startTime': 1777827601000, 'endTime': 1777913999000}
2026-05-05 16:51:35,462 - root - INFO - Response status code: 200
2026-05-05 16:51:35,476 - root - INFO - API response from https://sg5.fusionsolar.huawei.com/rest/openapi/pvms/nbi/v1/device/history (truncated): {'failCode': 0, 'success': True, 'message': 'historical data information query successful.', 'data': [{'devDn': 'NE=51758780', 'collectTime': 1777846200000, 'dataItems': {'pv28_i': 0.0, 'pv4_u': 0.0, 'pv24_i': 0.0, 'mppt_total_cap': 915079.9, 'pv8_u': 0.0, 'a_i': 0.0, 'pv24_u': 0.0, 'mppt_9_cap': 0.0, 'pv20_u': 0.0, 'a_u': 0.0, 'pv17_u': 0.0, 'pv20_i': 0.0, 'efficiency': 0.0, 'pv17_i': 0.0, 'pv13_i': 0.0, 'pv36_i': None, 'mppt_power': 0.0, 'pv13_u': 0.0, 'pv36_u': None, 'mppt_7_cap': 0.0, 'pv32_...
2026-05-05 16:51:35,479 - root - INFO - API Response type: <class 'dict'>
2026-05-05 16:51:35,479 - root - INFO - API Response keys: ['failCode', 'success', 'message', 'data']
2026-05-05 16:51:35,479 - root - INFO - API Response data is a list with 156 items
2026-05-05 16:51:35,479 - root - INFO - API Response has failCode: 0, message: historical data information query successful.
2026-05-05 16:51:35,479 - root - INFO - Using alternate response format: data as list
2026-05-05 16:51:35,480 - root - INFO - Received 156 data points from API
2026-05-05 16:51:35,480 - root - INFO - Sample data point structure: ['devDn', 'collectTime', 'dataItems']
2026-05-05 16:51:35,548 - root - INFO - Successfully upserted 156 data points.
2026-05-05 16:51:38,874 - root - INFO - Using single devDn for device/history (API: one device per query)
2026-05-05 16:51:38,876 - root - INFO - Fetching historical data for 1 devices of type inverter
2026-05-05 16:51:38,876 - root - INFO - Making API request to: https://sg5.fusionsolar.huawei.com/rest/openapi/pvms/nbi/v1/device/history
2026-05-05 16:51:38,877 - root - INFO - Request payload: {'devDn': 'NE=51758777', 'devTypeId': 1, 'startTime': 1777827601000, 'endTime': 1777913999000}
2026-05-05 16:51:40,758 - root - INFO - Response status code: 200
2026-05-05 16:51:40,772 - root - INFO - API response from https://sg5.fusionsolar.huawei.com/rest/openapi/pvms/nbi/v1/device/history (truncated): {'failCode': 0, 'success': True, 'message': 'historical data information query successful.', 'data': [{'devDn': 'NE=51758777', 'collectTime': 1777846200000, 'dataItems': {'pv28_i': 0.0, 'pv4_u': 0.0, 'pv24_i': 0.0, 'mppt_total_cap': 921023.67, 'pv8_u': 0.0, 'a_i': 0.0, 'pv24_u': 0.0, 'mppt_9_cap': None, 'pv20_u': 0.0, 'a_u': None, 'pv17_u': 0.0, 'pv20_i': 0.0, 'efficiency': 0.0, 'pv17_i': 0.0, 'pv13_i': 0.0, 'pv36_i': None, 'mppt_power': 0.0, 'pv13_u': 0.0, 'pv36_u': None, 'mppt_7_cap': None, 'p...
2026-05-05 16:51:40,774 - root - INFO - API Response type: <class 'dict'>
2026-05-05 16:51:40,774 - root - INFO - API Response keys: ['failCode', 'success', 'message', 'data']
2026-05-05 16:51:40,774 - root - INFO - API Response data is a list with 156 items
2026-05-05 16:51:40,774 - root - INFO - API Response has failCode: 0, message: historical data information query successful.
2026-05-05 16:51:40,775 - root - INFO - Using alternate response format: data as list
2026-05-05 16:51:40,775 - root - INFO - Received 156 data points from API
2026-05-05 16:51:40,775 - root - INFO - Sample data point structure: ['devDn', 'collectTime', 'dataItems']
2026-05-05 16:51:40,835 - root - INFO - Successfully upserted 156 data points.
2026-05-05 16:51:44,123 - root - INFO - Using single devDn for device/history (API: one device per query)
2026-05-05 16:51:44,126 - root - INFO - Fetching historical data for 1 devices of type inverter
2026-05-05 16:51:44,126 - root - INFO - Making API request to: https://sg5.fusionsolar.huawei.com/rest/openapi/pvms/nbi/v1/device/history
2026-05-05 16:51:44,126 - root - INFO - Request payload: {'devDn': 'NE=51758778', 'devTypeId': 1, 'startTime': 1777827601000, 'endTime': 1777913999000}
2026-05-05 16:51:45,809 - root - INFO - Response status code: 200
2026-05-05 16:51:45,824 - root - INFO - API response from https://sg5.fusionsolar.huawei.com/rest/openapi/pvms/nbi/v1/device/history (truncated): {'failCode': 0, 'success': True, 'message': 'historical data information query successful.', 'data': [{'devDn': 'NE=51758778', 'collectTime': 1777846200000, 'dataItems': {'pv28_i': 0.0, 'pv4_u': 0.0, 'pv24_i': 0.0, 'mppt_total_cap': 881835.35, 'pv8_u': 0.0, 'a_i': 0.0, 'pv24_u': 0.0, 'mppt_9_cap': None, 'pv20_u': 0.0, 'a_u': None, 'pv17_u': 0.0, 'pv20_i': 0.0, 'efficiency': 0.0, 'pv17_i': 0.0, 'pv13_i': 0.0, 'pv36_i': None, 'mppt_power': 0.0, 'pv13_u': 0.0, 'pv36_u': None, 'mppt_7_cap': None, 'p...
2026-05-05 16:51:45,826 - root - INFO - API Response type: <class 'dict'>
2026-05-05 16:51:45,826 - root - INFO - API Response keys: ['failCode', 'success', 'message', 'data']
2026-05-05 16:51:45,827 - root - INFO - API Response data is a list with 156 items
2026-05-05 16:51:45,827 - root - INFO - API Response has failCode: 0, message: historical data information query successful.
2026-05-05 16:51:45,827 - root - INFO - Using alternate response format: data as list
2026-05-05 16:51:45,827 - root - INFO - Received 156 data points from API
2026-05-05 16:51:45,827 - root - INFO - Sample data point structure: ['devDn', 'collectTime', 'dataItems']
2026-05-05 16:51:45,910 - root - INFO - Successfully upserted 156 data points.
2026-05-05 16:51:49,134 - root - INFO - Using single devDn for device/history (API: one device per query)
2026-05-05 16:51:49,137 - root - INFO - Fetching historical data for 1 devices of type inverter
2026-05-05 16:51:49,137 - root - INFO - Making API request to: https://sg5.fusionsolar.huawei.com/rest/openapi/pvms/nbi/v1/device/history
2026-05-05 16:51:49,137 - root - INFO - Request payload: {'devDn': 'NE=58790540', 'devTypeId': 1, 'startTime': 1777827601000, 'endTime': 1777913999000}
2026-05-05 16:51:50,054 - root - INFO - Response status code: 200
2026-05-05 16:51:50,055 - root - INFO - API response from https://sg5.fusionsolar.huawei.com/rest/openapi/pvms/nbi/v1/device/history (truncated): {'failCode': 0, 'success': True, 'message': 'historical data information query successful.', 'data': []}
2026-05-05 16:51:50,059 - root - INFO - API Response type: <class 'dict'>
2026-05-05 16:51:50,059 - root - INFO - API Response keys: ['failCode', 'success', 'message', 'data']
2026-05-05 16:51:50,059 - root - INFO - API Response data is a list with 0 items
2026-05-05 16:51:50,059 - root - INFO - API Response has failCode: 0, message: historical data information query successful.
2026-05-05 16:51:50,059 - root - INFO - Using alternate response format: data as list
2026-05-05 16:51:50,060 - root - INFO - No data points returned for the query period
2026-05-05 16:51:50,060 - root - INFO - Using single devDn for device/history (API: one device per query)
2026-05-05 16:51:50,061 - root - INFO - Fetching historical data for 1 devices of type inverter
2026-05-05 16:51:50,061 - root - INFO - Making API request to: https://sg5.fusionsolar.huawei.com/rest/openapi/pvms/nbi/v1/device/history
2026-05-05 16:51:50,061 - root - INFO - Request payload: {'devDn': 'NE=58790539', 'devTypeId': 1, 'startTime': 1777827601000, 'endTime': 1777913999000}
2026-05-05 16:51:50,374 - root - INFO - Response status code: 200
2026-05-05 16:51:50,374 - root - INFO - API response from https://sg5.fusionsolar.huawei.com/rest/openapi/pvms/nbi/v1/device/history (truncated): {'failCode': 407, 'success': False, 'message': 'Interface access frequency:0.39333333333333337/1second', 'data': []}
2026-05-05 16:51:50,376 - root - WARNING - API access frequency too high. Waiting 30 seconds before retry...
2026-05-05 16:52:20,376 - root - INFO - Retrying API request after rate limit wait...
2026-05-05 16:52:20,376 - root - INFO - Making API request to: https://sg5.fusionsolar.huawei.com/rest/openapi/pvms/nbi/v1/device/history
2026-05-05 16:52:20,379 - root - INFO - Request payload: {'devDn': 'NE=58790539', 'devTypeId': 1, 'startTime': 1777827601000, 'endTime': 1777913999000}
2026-05-05 16:52:21,288 - root - INFO - Response status code: 200
2026-05-05 16:52:21,289 - root - INFO - API response from https://sg5.fusionsolar.huawei.com/rest/openapi/pvms/nbi/v1/device/history (truncated): {'failCode': 0, 'success': True, 'message': 'historical data information query successful.', 'data': []}
2026-05-05 16:52:21,293 - root - INFO - API Response type: <class 'dict'>
2026-05-05 16:52:21,293 - root - INFO - API Response keys: ['failCode', 'success', 'message', 'data']
2026-05-05 16:52:21,293 - root - INFO - API Response data is a list with 0 items
2026-05-05 16:52:21,294 - root - INFO - API Response has failCode: 0, message: historical data information query successful.
2026-05-05 16:52:21,294 - root - INFO - Using alternate response format: data as list
2026-05-05 16:52:21,294 - root - INFO - No data points returned for the query period
2026-05-05 16:52:21,294 - root - INFO - Using single devDn for device/history (API: one device per query)
2026-05-05 16:52:21,295 - root - INFO - Fetching historical data for 1 devices of type inverter
2026-05-05 16:52:21,295 - root - INFO - Making API request to: https://sg5.fusionsolar.huawei.com/rest/openapi/pvms/nbi/v1/device/history
2026-05-05 16:52:21,295 - root - INFO - Request payload: {'devDn': 'NE=58790538', 'devTypeId': 1, 'startTime': 1777827601000, 'endTime': 1777913999000}
2026-05-05 16:52:21,617 - root - INFO - Response status code: 200
2026-05-05 16:52:21,617 - root - INFO - API response from https://sg5.fusionsolar.huawei.com/rest/openapi/pvms/nbi/v1/device/history (truncated): {'failCode': 407, 'success': False, 'message': 'Interface access frequency:0.39333333333333337/1second', 'data': []}
2026-05-05 16:52:21,619 - root - WARNING - API access frequency too high. Waiting 30 seconds before retry...
2026-05-05 16:52:51,619 - root - INFO - Retrying API request after rate limit wait...
2026-05-05 16:52:51,620 - root - INFO - Making API request to: https://sg5.fusionsolar.huawei.com/rest/openapi/pvms/nbi/v1/device/history
2026-05-05 16:52:51,621 - root - INFO - Request payload: {'devDn': 'NE=58790538', 'devTypeId': 1, 'startTime': 1777827601000, 'endTime': 1777913999000}
2026-05-05 16:52:52,541 - root - INFO - Response status code: 200
2026-05-05 16:52:52,541 - root - INFO - API response from https://sg5.fusionsolar.huawei.com/rest/openapi/pvms/nbi/v1/device/history (truncated): {'failCode': 0, 'success': True, 'message': 'historical data information query successful.', 'data': []}
2026-05-05 16:52:52,546 - root - INFO - API Response type: <class 'dict'>
2026-05-05 16:52:52,546 - root - INFO - API Response keys: ['failCode', 'success', 'message', 'data']
2026-05-05 16:52:52,546 - root - INFO - API Response data is a list with 0 items
2026-05-05 16:52:52,546 - root - INFO - API Response has failCode: 0, message: historical data information query successful.
2026-05-05 16:52:52,546 - root - INFO - Using alternate response format: data as list
2026-05-05 16:52:52,546 - root - INFO - No data points returned for the query period
2026-05-05 16:52:52,547 - root - INFO - Using single devDn for device/history (API: one device per query)
2026-05-05 16:52:52,548 - root - INFO - Fetching historical data for 1 devices of type inverter
2026-05-05 16:52:52,548 - root - INFO - Making API request to: https://sg5.fusionsolar.huawei.com/rest/openapi/pvms/nbi/v1/device/history
2026-05-05 16:52:52,548 - root - INFO - Request payload: {'devDn': 'NE=58790537', 'devTypeId': 1, 'startTime': 1777827601000, 'endTime': 1777913999000}
2026-05-05 16:52:52,875 - root - INFO - Response status code: 200
2026-05-05 16:52:52,875 - root - INFO - API response from https://sg5.fusionsolar.huawei.com/rest/openapi/pvms/nbi/v1/device/history (truncated): {'failCode': 407, 'success': False, 'message': 'Interface access frequency:0.39333333333333337/1second', 'data': []}
2026-05-05 16:52:52,877 - root - WARNING - API access frequency too high. Waiting 30 seconds before retry...
2026-05-05 16:53:22,876 - root - INFO - Retrying API request after rate limit wait...
2026-05-05 16:53:22,877 - root - INFO - Making API request to: https://sg5.fusionsolar.huawei.com/rest/openapi/pvms/nbi/v1/device/history
2026-05-05 16:53:22,879 - root - INFO - Request payload: {'devDn': 'NE=58790537', 'devTypeId': 1, 'startTime': 1777827601000, 'endTime': 1777913999000}
2026-05-05 16:53:23,754 - root - INFO - Response status code: 200
2026-05-05 16:53:23,755 - root - INFO - API response from https://sg5.fusionsolar.huawei.com/rest/openapi/pvms/nbi/v1/device/history (truncated): {'failCode': 0, 'success': True, 'message': 'historical data information query successful.', 'data': []}
2026-05-05 16:53:23,760 - root - INFO - API Response type: <class 'dict'>
2026-05-05 16:53:23,760 - root - INFO - API Response keys: ['failCode', 'success', 'message', 'data']
2026-05-05 16:53:23,760 - root - INFO - API Response data is a list with 0 items
2026-05-05 16:53:23,760 - root - INFO - API Response has failCode: 0, message: historical data information query successful.
2026-05-05 16:53:23,760 - root - INFO - Using alternate response format: data as list
2026-05-05 16:53:23,760 - root - INFO - No data points returned for the query period
2026-05-05 16:53:23,760 - root - INFO - Using single devDn for device/history (API: one device per query)
2026-05-05 16:53:23,761 - root - INFO - Fetching historical data for 1 devices of type inverter
2026-05-05 16:53:23,761 - root - INFO - Making API request to: https://sg5.fusionsolar.huawei.com/rest/openapi/pvms/nbi/v1/device/history
2026-05-05 16:53:23,761 - root - INFO - Request payload: {'devDn': 'NE=58790542', 'devTypeId': 1, 'startTime': 1777827601000, 'endTime': 1777913999000}
2026-05-05 16:53:24,081 - root - INFO - Response status code: 200
2026-05-05 16:53:24,081 - root - INFO - API response from https://sg5.fusionsolar.huawei.com/rest/openapi/pvms/nbi/v1/device/history (truncated): {'failCode': 407, 'success': False, 'message': 'Interface access frequency:0.39333333333333337/1second', 'data': []}
2026-05-05 16:53:24,082 - root - WARNING - API access frequency too high. Waiting 30 seconds before retry...
2026-05-05 16:53:54,083 - root - INFO - Retrying API request after rate limit wait...
2026-05-05 16:53:54,084 - root - INFO - Making API request to: https://sg5.fusionsolar.huawei.com/rest/openapi/pvms/nbi/v1/device/history
2026-05-05 16:53:54,086 - root - INFO - Request payload: {'devDn': 'NE=58790542', 'devTypeId': 1, 'startTime': 1777827601000, 'endTime': 1777913999000}
2026-05-05 16:53:54,914 - root - INFO - Response status code: 200
2026-05-05 16:53:54,915 - root - INFO - API response from https://sg5.fusionsolar.huawei.com/rest/openapi/pvms/nbi/v1/device/history (truncated): {'failCode': 0, 'success': True, 'message': 'historical data information query successful.', 'data': []}
2026-05-05 16:53:54,920 - root - INFO - API Response type: <class 'dict'>
2026-05-05 16:53:54,920 - root - INFO - API Response keys: ['failCode', 'success', 'message', 'data']
2026-05-05 16:53:54,920 - root - INFO - API Response data is a list with 0 items
2026-05-05 16:53:54,920 - root - INFO - API Response has failCode: 0, message: historical data information query successful.
2026-05-05 16:53:54,920 - root - INFO - Using alternate response format: data as list
2026-05-05 16:53:54,921 - root - INFO - No data points returned for the query period
2026-05-05 16:53:54,921 - root - INFO - Using single devDn for device/history (API: one device per query)
2026-05-05 16:53:54,921 - root - INFO - Fetching historical data for 1 devices of type inverter
2026-05-05 16:53:54,921 - root - INFO - Making API request to: https://sg5.fusionsolar.huawei.com/rest/openapi/pvms/nbi/v1/device/history
2026-05-05 16:53:54,921 - root - INFO - Request payload: {'devDn': 'NE=58790541', 'devTypeId': 1, 'startTime': 1777827601000, 'endTime': 1777913999000}
2026-05-05 16:53:55,251 - root - INFO - Response status code: 200
2026-05-05 16:53:55,252 - root - INFO - API response from https://sg5.fusionsolar.huawei.com/rest/openapi/pvms/nbi/v1/device/history (truncated): {'failCode': 407, 'success': False, 'message': 'Interface access frequency:0.39333333333333337/1second', 'data': []}
2026-05-05 16:53:55,253 - root - WARNING - API access frequency too high. Waiting 30 seconds before retry...
2026-05-05 16:54:25,253 - root - INFO - Retrying API request after rate limit wait...
2026-05-05 16:54:25,254 - root - INFO - Making API request to: https://sg5.fusionsolar.huawei.com/rest/openapi/pvms/nbi/v1/device/history
2026-05-05 16:54:25,256 - root - INFO - Request payload: {'devDn': 'NE=58790541', 'devTypeId': 1, 'startTime': 1777827601000, 'endTime': 1777913999000}
2026-05-05 16:54:26,278 - root - INFO - Response status code: 200
2026-05-05 16:54:26,279 - root - INFO - API response from https://sg5.fusionsolar.huawei.com/rest/openapi/pvms/nbi/v1/device/history (truncated): {'failCode': 0, 'success': True, 'message': 'historical data information query successful.', 'data': []}
2026-05-05 16:54:26,283 - root - INFO - API Response type: <class 'dict'>
2026-05-05 16:54:26,283 - root - INFO - API Response keys: ['failCode', 'success', 'message', 'data']
2026-05-05 16:54:26,283 - root - INFO - API Response data is a list with 0 items
2026-05-05 16:54:26,284 - root - INFO - API Response has failCode: 0, message: historical data information query successful.
2026-05-05 16:54:26,284 - root - INFO - Using alternate response format: data as list
2026-05-05 16:54:26,284 - root - INFO - No data points returned for the query period
2026-05-05 16:54:26,284 - root - INFO - Using single devDn for device/history (API: one device per query)
2026-05-05 16:54:26,285 - root - INFO - Fetching historical data for 1 devices of type inverter
2026-05-05 16:54:26,285 - root - INFO - Making API request to: https://sg5.fusionsolar.huawei.com/rest/openapi/pvms/nbi/v1/device/history
2026-05-05 16:54:26,285 - root - INFO - Request payload: {'devDn': 'NE=58790536', 'devTypeId': 1, 'startTime': 1777827601000, 'endTime': 1777913999000}
2026-05-05 16:54:26,612 - root - INFO - Response status code: 200
2026-05-05 16:54:26,612 - root - INFO - API response from https://sg5.fusionsolar.huawei.com/rest/openapi/pvms/nbi/v1/device/history (truncated): {'failCode': 407, 'success': False, 'message': 'Interface access frequency:0.39333333333333337/1second', 'data': []}
2026-05-05 16:54:26,614 - root - WARNING - API access frequency too high. Waiting 30 seconds before retry...
2026-05-05 16:54:56,614 - root - INFO - Retrying API request after rate limit wait...
2026-05-05 16:54:56,614 - root - INFO - Making API request to: https://sg5.fusionsolar.huawei.com/rest/openapi/pvms/nbi/v1/device/history
2026-05-05 16:54:56,616 - root - INFO - Request payload: {'devDn': 'NE=58790536', 'devTypeId': 1, 'startTime': 1777827601000, 'endTime': 1777913999000}
2026-05-05 16:54:57,736 - root - INFO - Response status code: 200
2026-05-05 16:54:57,736 - root - INFO - API response from https://sg5.fusionsolar.huawei.com/rest/openapi/pvms/nbi/v1/device/history (truncated): {'failCode': 0, 'success': True, 'message': 'historical data information query successful.', 'data': []}
2026-05-05 16:54:57,741 - root - INFO - API Response type: <class 'dict'>
2026-05-05 16:54:57,741 - root - INFO - API Response keys: ['failCode', 'success', 'message', 'data']
2026-05-05 16:54:57,741 - root - INFO - API Response data is a list with 0 items
2026-05-05 16:54:57,741 - root - INFO - API Response has failCode: 0, message: historical data information query successful.
2026-05-05 16:54:57,741 - root - INFO - Using alternate response format: data as list
2026-05-05 16:54:57,741 - root - INFO - No data points returned for the query period
2026-05-05 16:54:57,742 - root - INFO - Using single devDn for device/history (API: one device per query)
2026-05-05 16:54:57,742 - root - INFO - Fetching historical data for 1 devices of type inverter
2026-05-05 16:54:57,742 - root - INFO - Making API request to: https://sg5.fusionsolar.huawei.com/rest/openapi/pvms/nbi/v1/device/history
2026-05-05 16:54:57,743 - root - INFO - Request payload: {'devDn': 'NE=58790535', 'devTypeId': 1, 'startTime': 1777827601000, 'endTime': 1777913999000}
2026-05-05 16:54:58,068 - root - INFO - Response status code: 200
2026-05-05 16:54:58,068 - root - INFO - API response from https://sg5.fusionsolar.huawei.com/rest/openapi/pvms/nbi/v1/device/history (truncated): {'failCode': 407, 'success': False, 'message': 'Interface access frequency:0.39333333333333337/1second', 'data': []}
2026-05-05 16:54:58,070 - root - WARNING - API access frequency too high. Waiting 30 seconds before retry...
2026-05-05 16:55:28,069 - root - INFO - Retrying API request after rate limit wait...
2026-05-05 16:55:28,070 - root - INFO - Making API request to: https://sg5.fusionsolar.huawei.com/rest/openapi/pvms/nbi/v1/device/history
2026-05-05 16:55:28,072 - root - INFO - Request payload: {'devDn': 'NE=58790535', 'devTypeId': 1, 'startTime': 1777827601000, 'endTime': 1777913999000}
2026-05-05 16:55:28,974 - root - INFO - Response status code: 200
2026-05-05 16:55:28,974 - root - INFO - API response from https://sg5.fusionsolar.huawei.com/rest/openapi/pvms/nbi/v1/device/history (truncated): {'failCode': 0, 'success': True, 'message': 'historical data information query successful.', 'data': []}
2026-05-05 16:55:28,980 - root - INFO - API Response type: <class 'dict'>
2026-05-05 16:55:28,980 - root - INFO - API Response keys: ['failCode', 'success', 'message', 'data']
2026-05-05 16:55:28,980 - root - INFO - API Response data is a list with 0 items
2026-05-05 16:55:28,980 - root - INFO - API Response has failCode: 0, message: historical data information query successful.
2026-05-05 16:55:28,981 - root - INFO - Using alternate response format: data as list
2026-05-05 16:55:28,981 - root - INFO - No data points returned for the query period
2026-05-05 16:55:28,981 - root - INFO - Using single devDn for device/history (API: one device per query)
2026-05-05 16:55:28,981 - root - INFO - Fetching historical data for 1 devices of type inverter
2026-05-05 16:55:28,981 - root - INFO - Making API request to: https://sg5.fusionsolar.huawei.com/rest/openapi/pvms/nbi/v1/device/history
2026-05-05 16:55:28,981 - root - INFO - Request payload: {'devDn': 'NE=58790534', 'devTypeId': 1, 'startTime': 1777827601000, 'endTime': 1777913999000}
2026-05-05 16:55:29,311 - root - INFO - Response status code: 200
2026-05-05 16:55:29,311 - root - INFO - API response from https://sg5.fusionsolar.huawei.com/rest/openapi/pvms/nbi/v1/device/history (truncated): {'failCode': 407, 'success': False, 'message': 'Interface access frequency:0.39333333333333337/1second', 'data': []}
2026-05-05 16:55:29,313 - root - WARNING - API access frequency too high. Waiting 30 seconds before retry...
2026-05-05 16:55:59,313 - root - INFO - Retrying API request after rate limit wait...
2026-05-05 16:55:59,313 - root - INFO - Making API request to: https://sg5.fusionsolar.huawei.com/rest/openapi/pvms/nbi/v1/device/history
2026-05-05 16:55:59,315 - root - INFO - Request payload: {'devDn': 'NE=58790534', 'devTypeId': 1, 'startTime': 1777827601000, 'endTime': 1777913999000}
2026-05-05 16:56:00,090 - root - INFO - Response status code: 200
2026-05-05 16:56:00,091 - root - INFO - API response from https://sg5.fusionsolar.huawei.com/rest/openapi/pvms/nbi/v1/device/history (truncated): {'failCode': 0, 'success': True, 'message': 'historical data information query successful.', 'data': []}
2026-05-05 16:56:00,095 - root - INFO - API Response type: <class 'dict'>
2026-05-05 16:56:00,095 - root - INFO - API Response keys: ['failCode', 'success', 'message', 'data']
2026-05-05 16:56:00,096 - root - INFO - API Response data is a list with 0 items
2026-05-05 16:56:00,096 - root - INFO - API Response has failCode: 0, message: historical data information query successful.
2026-05-05 16:56:00,096 - root - INFO - Using alternate response format: data as list
2026-05-05 16:56:00,096 - root - INFO - No data points returned for the query period
2026-05-05 16:56:00,096 - root - INFO - Using single devDn for device/history (API: one device per query)
2026-05-05 16:56:00,097 - root - INFO - Fetching historical data for 1 devices of type inverter
2026-05-05 16:56:00,097 - root - INFO - Making API request to: https://sg5.fusionsolar.huawei.com/rest/openapi/pvms/nbi/v1/device/history
2026-05-05 16:56:00,097 - root - INFO - Request payload: {'devDn': 'NE=58798010', 'devTypeId': 1, 'startTime': 1777827601000, 'endTime': 1777913999000}
2026-05-05 16:56:00,437 - root - INFO - Response status code: 200
2026-05-05 16:56:00,438 - root - INFO - API response from https://sg5.fusionsolar.huawei.com/rest/openapi/pvms/nbi/v1/device/history (truncated): {'failCode': 407, 'success': False, 'message': 'Interface access frequency:0.39333333333333337/1second', 'data': []}
2026-05-05 16:56:00,439 - root - WARNING - API access frequency too high. Waiting 30 seconds before retry...
2026-05-05 16:56:30,440 - root - INFO - Retrying API request after rate limit wait...
2026-05-05 16:56:30,440 - root - INFO - Making API request to: https://sg5.fusionsolar.huawei.com/rest/openapi/pvms/nbi/v1/device/history
2026-05-05 16:56:30,442 - root - INFO - Request payload: {'devDn': 'NE=58798010', 'devTypeId': 1, 'startTime': 1777827601000, 'endTime': 1777913999000}
2026-05-05 16:56:31,370 - root - INFO - Response status code: 200
2026-05-05 16:56:31,370 - root - INFO - API response from https://sg5.fusionsolar.huawei.com/rest/openapi/pvms/nbi/v1/device/history (truncated): {'failCode': 0, 'success': True, 'message': 'historical data information query successful.', 'data': []}
2026-05-05 16:56:31,375 - root - INFO - API Response type: <class 'dict'>
2026-05-05 16:56:31,375 - root - INFO - API Response keys: ['failCode', 'success', 'message', 'data']
2026-05-05 16:56:31,375 - root - INFO - API Response data is a list with 0 items
2026-05-05 16:56:31,375 - root - INFO - API Response has failCode: 0, message: historical data information query successful.
2026-05-05 16:56:31,375 - root - INFO - Using alternate response format: data as list
2026-05-05 16:56:31,375 - root - INFO - No data points returned for the query period
2026-05-05 16:56:31,375 - root - INFO - Using single devDn for device/history (API: one device per query)
2026-05-05 16:56:31,376 - root - INFO - Fetching historical data for 1 devices of type inverter
2026-05-05 16:56:31,376 - root - INFO - Making API request to: https://sg5.fusionsolar.huawei.com/rest/openapi/pvms/nbi/v1/device/history
2026-05-05 16:56:31,376 - root - INFO - Request payload: {'devDn': 'NE=58798008', 'devTypeId': 1, 'startTime': 1777827601000, 'endTime': 1777913999000}
2026-05-05 16:56:31,708 - root - INFO - Response status code: 200
2026-05-05 16:56:31,708 - root - INFO - API response from https://sg5.fusionsolar.huawei.com/rest/openapi/pvms/nbi/v1/device/history (truncated): {'failCode': 407, 'success': False, 'message': 'Interface access frequency:0.39333333333333337/1second', 'data': []}
2026-05-05 16:56:31,710 - root - WARNING - API access frequency too high. Waiting 30 seconds before retry...
2026-05-05 16:57:01,710 - root - INFO - Retrying API request after rate limit wait...
2026-05-05 16:57:01,710 - root - INFO - Making API request to: https://sg5.fusionsolar.huawei.com/rest/openapi/pvms/nbi/v1/device/history
2026-05-05 16:57:01,712 - root - INFO - Request payload: {'devDn': 'NE=58798008', 'devTypeId': 1, 'startTime': 1777827601000, 'endTime': 1777913999000}
2026-05-05 16:57:02,563 - root - INFO - Response status code: 200
2026-05-05 16:57:02,564 - root - INFO - API response from https://sg5.fusionsolar.huawei.com/rest/openapi/pvms/nbi/v1/device/history (truncated): {'failCode': 0, 'success': True, 'message': 'historical data information query successful.', 'data': []}
2026-05-05 16:57:02,568 - root - INFO - API Response type: <class 'dict'>
2026-05-05 16:57:02,569 - root - INFO - API Response keys: ['failCode', 'success', 'message', 'data']
2026-05-05 16:57:02,569 - root - INFO - API Response data is a list with 0 items
2026-05-05 16:57:02,569 - root - INFO - API Response has failCode: 0, message: historical data information query successful.
2026-05-05 16:57:02,569 - root - INFO - Using alternate response format: data as list
2026-05-05 16:57:02,569 - root - INFO - No data points returned for the query period
2026-05-05 16:57:02,569 - root - INFO - Using single devDn for device/history (API: one device per query)
2026-05-05 16:57:02,571 - root - INFO - Fetching historical data for 1 devices of type inverter
2026-05-05 16:57:02,571 - root - INFO - Making API request to: https://sg5.fusionsolar.huawei.com/rest/openapi/pvms/nbi/v1/device/history
2026-05-05 16:57:02,571 - root - INFO - Request payload: {'devDn': 'NE=58798011', 'devTypeId': 1, 'startTime': 1777827601000, 'endTime': 1777913999000}
2026-05-05 16:57:02,893 - root - INFO - Response status code: 200
2026-05-05 16:57:02,894 - root - INFO - API response from https://sg5.fusionsolar.huawei.com/rest/openapi/pvms/nbi/v1/device/history (truncated): {'failCode': 407, 'success': False, 'message': 'Interface access frequency:0.39333333333333337/1second', 'data': []}
2026-05-05 16:57:02,895 - root - WARNING - API access frequency too high. Waiting 30 seconds before retry...
2026-05-05 16:57:32,896 - root - INFO - Retrying API request after rate limit wait...
2026-05-05 16:57:32,896 - root - INFO - Making API request to: https://sg5.fusionsolar.huawei.com/rest/openapi/pvms/nbi/v1/device/history
2026-05-05 16:57:32,898 - root - INFO - Request payload: {'devDn': 'NE=58798011', 'devTypeId': 1, 'startTime': 1777827601000, 'endTime': 1777913999000}
2026-05-05 16:57:33,987 - root - INFO - Response status code: 200
2026-05-05 16:57:33,988 - root - INFO - API response from https://sg5.fusionsolar.huawei.com/rest/openapi/pvms/nbi/v1/device/history (truncated): {'failCode': 0, 'success': True, 'message': 'historical data information query successful.', 'data': []}
2026-05-05 16:57:33,993 - root - INFO - API Response type: <class 'dict'>
2026-05-05 16:57:33,993 - root - INFO - API Response keys: ['failCode', 'success', 'message', 'data']
2026-05-05 16:57:33,993 - root - INFO - API Response data is a list with 0 items
2026-05-05 16:57:33,993 - root - INFO - API Response has failCode: 0, message: historical data information query successful.
2026-05-05 16:57:33,993 - root - INFO - Using alternate response format: data as list
2026-05-05 16:57:33,993 - root - INFO - No data points returned for the query period
2026-05-05 16:57:33,994 - root - INFO - Using single devDn for device/history (API: one device per query)
2026-05-05 16:57:33,994 - root - INFO - Fetching historical data for 1 devices of type inverter
2026-05-05 16:57:33,994 - root - INFO - Making API request to: https://sg5.fusionsolar.huawei.com/rest/openapi/pvms/nbi/v1/device/history
2026-05-05 16:57:33,994 - root - INFO - Request payload: {'devDn': 'NE=59182344', 'devTypeId': 1, 'startTime': 1777827601000, 'endTime': 1777913999000}
2026-05-05 16:57:34,334 - root - INFO - Response status code: 200
2026-05-05 16:57:34,335 - root - INFO - API response from https://sg5.fusionsolar.huawei.com/rest/openapi/pvms/nbi/v1/device/history (truncated): {'failCode': 407, 'success': False, 'message': 'Interface access frequency:0.39333333333333337/1second', 'data': []}
2026-05-05 16:57:34,336 - root - WARNING - API access frequency too high. Waiting 30 seconds before retry...
2026-05-05 16:58:04,336 - root - INFO - Retrying API request after rate limit wait...
2026-05-05 16:58:04,336 - root - INFO - Making API request to: https://sg5.fusionsolar.huawei.com/rest/openapi/pvms/nbi/v1/device/history
2026-05-05 16:58:04,338 - root - INFO - Request payload: {'devDn': 'NE=59182344', 'devTypeId': 1, 'startTime': 1777827601000, 'endTime': 1777913999000}
2026-05-05 16:58:06,151 - root - INFO - Response status code: 200
2026-05-05 16:58:06,165 - root - INFO - API response from https://sg5.fusionsolar.huawei.com/rest/openapi/pvms/nbi/v1/device/history (truncated): {'failCode': 0, 'success': True, 'message': 'historical data information query successful.', 'data': [{'devDn': 'NE=59182344', 'collectTime': 1777846200000, 'dataItems': {'pv28_i': None, 'pv4_u': 0.0, 'pv24_i': 0.0, 'mppt_total_cap': 192576.74, 'pv8_u': 0.0, 'a_i': 0.0, 'pv24_u': 0.0, 'mppt_9_cap': None, 'pv20_u': 0.0, 'a_u': 0.0, 'pv17_u': 0.0, 'pv20_i': 0.0, 'efficiency': 0.0, 'pv17_i': 0.0, 'pv13_i': 0.0, 'pv36_i': None, 'mppt_power': 0.0, 'pv13_u': 0.0, 'pv36_u': None, 'mppt_7_cap': None, 'p...
2026-05-05 16:58:06,168 - root - INFO - API Response type: <class 'dict'>
2026-05-05 16:58:06,168 - root - INFO - API Response keys: ['failCode', 'success', 'message', 'data']
2026-05-05 16:58:06,168 - root - INFO - API Response data is a list with 154 items
2026-05-05 16:58:06,168 - root - INFO - API Response has failCode: 0, message: historical data information query successful.
2026-05-05 16:58:06,168 - root - INFO - Using alternate response format: data as list
2026-05-05 16:58:06,168 - root - INFO - Received 154 data points from API
2026-05-05 16:58:06,169 - root - INFO - Sample data point structure: ['devDn', 'collectTime', 'dataItems']
2026-05-05 16:58:06,240 - root - INFO - Successfully upserted 154 data points.
2026-05-05 16:58:09,605 - root - INFO - Using single devDn for device/history (API: one device per query)
2026-05-05 16:58:09,608 - root - INFO - Fetching historical data for 1 devices of type inverter
2026-05-05 16:58:09,608 - root - INFO - Making API request to: https://sg5.fusionsolar.huawei.com/rest/openapi/pvms/nbi/v1/device/history
2026-05-05 16:58:09,608 - root - INFO - Request payload: {'devDn': 'NE=58630789', 'devTypeId': 1, 'startTime': 1777827601000, 'endTime': 1777913999000}
2026-05-05 16:58:11,531 - root - INFO - Response status code: 200
2026-05-05 16:58:11,545 - root - INFO - API response from https://sg5.fusionsolar.huawei.com/rest/openapi/pvms/nbi/v1/device/history (truncated): {'failCode': 0, 'success': True, 'message': 'historical data information query successful.', 'data': [{'devDn': 'NE=58630789', 'collectTime': 1777846500000, 'dataItems': {'pv28_i': None, 'pv4_u': 0.0, 'pv24_i': 0.0, 'mppt_total_cap': 210059.85, 'pv8_u': 0.0, 'a_i': 0.0, 'pv24_u': 0.0, 'mppt_9_cap': None, 'pv20_u': 0.0, 'a_u': 0.0, 'pv17_u': 0.0, 'pv20_i': 0.0, 'efficiency': 0.0, 'pv17_i': 0.0, 'pv13_i': 0.0, 'pv36_i': None, 'mppt_power': 0.0, 'pv13_u': 0.0, 'pv36_u': None, 'mppt_7_cap': None, 'p...
2026-05-05 16:58:11,547 - root - INFO - API Response type: <class 'dict'>
2026-05-05 16:58:11,547 - root - INFO - API Response keys: ['failCode', 'success', 'message', 'data']
2026-05-05 16:58:11,547 - root - INFO - API Response data is a list with 153 items
2026-05-05 16:58:11,547 - root - INFO - API Response has failCode: 0, message: historical data information query successful.
2026-05-05 16:58:11,548 - root - INFO - Using alternate response format: data as list
2026-05-05 16:58:11,548 - root - INFO - Received 153 data points from API
2026-05-05 16:58:11,548 - root - INFO - Sample data point structure: ['devDn', 'collectTime', 'dataItems']
2026-05-05 16:58:11,624 - root - INFO - Successfully upserted 153 data points.
2026-05-05 16:58:14,988 - root - INFO - Using single devDn for device/history (API: one device per query)
2026-05-05 16:58:14,991 - root - INFO - Fetching historical data for 1 devices of type inverter
2026-05-05 16:58:14,991 - root - INFO - Making API request to: https://sg5.fusionsolar.huawei.com/rest/openapi/pvms/nbi/v1/device/history
2026-05-05 16:58:14,992 - root - INFO - Request payload: {'devDn': 'NE=58630790', 'devTypeId': 1, 'startTime': 1777827601000, 'endTime': 1777913999000}
2026-05-05 16:58:16,768 - root - INFO - Response status code: 200
2026-05-05 16:58:16,781 - root - INFO - API response from https://sg5.fusionsolar.huawei.com/rest/openapi/pvms/nbi/v1/device/history (truncated): {'failCode': 0, 'success': True, 'message': 'historical data information query successful.', 'data': [{'devDn': 'NE=58630790', 'collectTime': 1777846500000, 'dataItems': {'pv28_i': None, 'pv4_u': 0.0, 'pv24_i': 0.0, 'mppt_total_cap': 217297.97, 'pv8_u': 0.0, 'a_i': 0.0, 'pv24_u': 0.0, 'mppt_9_cap': None, 'pv20_u': 0.0, 'a_u': 0.0, 'pv17_u': 0.0, 'pv20_i': 0.0, 'efficiency': 0.0, 'pv17_i': 0.0, 'pv13_i': 0.0, 'pv36_i': None, 'mppt_power': 0.0, 'pv13_u': 0.0, 'pv36_u': None, 'mppt_7_cap': None, 'p...
2026-05-05 16:58:16,783 - root - INFO - API Response type: <class 'dict'>
2026-05-05 16:58:16,783 - root - INFO - API Response keys: ['failCode', 'success', 'message', 'data']
2026-05-05 16:58:16,784 - root - INFO - API Response data is a list with 153 items
2026-05-05 16:58:16,784 - root - INFO - API Response has failCode: 0, message: historical data information query successful.
2026-05-05 16:58:16,784 - root - INFO - Using alternate response format: data as list
2026-05-05 16:58:16,784 - root - INFO - Received 153 data points from API
2026-05-05 16:58:16,784 - root - INFO - Sample data point structure: ['devDn', 'collectTime', 'dataItems']
2026-05-05 16:58:16,844 - root - INFO - Successfully upserted 153 data points.
2026-05-05 16:58:20,048 - root - INFO - Using single devDn for device/history (API: one device per query)
2026-05-05 16:58:20,051 - root - INFO - Fetching historical data for 1 devices of type inverter
2026-05-05 16:58:20,051 - root - INFO - Making API request to: https://sg5.fusionsolar.huawei.com/rest/openapi/pvms/nbi/v1/device/history
2026-05-05 16:58:20,051 - root - INFO - Request payload: {'devDn': 'NE=58630787', 'devTypeId': 1, 'startTime': 1777827601000, 'endTime': 1777913999000}
2026-05-05 16:58:21,851 - root - INFO - Response status code: 200
2026-05-05 16:58:21,865 - root - INFO - API response from https://sg5.fusionsolar.huawei.com/rest/openapi/pvms/nbi/v1/device/history (truncated): {'failCode': 0, 'success': True, 'message': 'historical data information query successful.', 'data': [{'devDn': 'NE=58630787', 'collectTime': 1777846200000, 'dataItems': {'pv28_i': None, 'pv4_u': 0.0, 'pv24_i': 0.0, 'mppt_total_cap': 210558.36, 'pv8_u': 0.0, 'a_i': 0.0, 'pv24_u': 0.0, 'mppt_9_cap': None, 'pv20_u': 0.0, 'a_u': 0.0, 'pv17_u': 0.0, 'pv20_i': 0.0, 'efficiency': 0.0, 'pv17_i': 0.0, 'pv13_i': 0.0, 'pv36_i': None, 'mppt_power': 0.0, 'pv13_u': 0.0, 'pv36_u': None, 'mppt_7_cap': None, 'p...
2026-05-05 16:58:21,867 - root - INFO - API Response type: <class 'dict'>
2026-05-05 16:58:21,867 - root - INFO - API Response keys: ['failCode', 'success', 'message', 'data']
2026-05-05 16:58:21,867 - root - INFO - API Response data is a list with 154 items
2026-05-05 16:58:21,867 - root - INFO - API Response has failCode: 0, message: historical data information query successful.
2026-05-05 16:58:21,867 - root - INFO - Using alternate response format: data as list
2026-05-05 16:58:21,868 - root - INFO - Received 154 data points from API
2026-05-05 16:58:21,868 - root - INFO - Sample data point structure: ['devDn', 'collectTime', 'dataItems']
2026-05-05 16:58:21,929 - root - INFO - Successfully upserted 154 data points.
2026-05-05 16:58:25,222 - root - INFO - Using single devDn for device/history (API: one device per query)
2026-05-05 16:58:25,224 - root - INFO - Fetching historical data for 1 devices of type inverter
2026-05-05 16:58:25,224 - root - INFO - Making API request to: https://sg5.fusionsolar.huawei.com/rest/openapi/pvms/nbi/v1/device/history
2026-05-05 16:58:25,224 - root - INFO - Request payload: {'devDn': 'NE=58630788', 'devTypeId': 1, 'startTime': 1777827601000, 'endTime': 1777913999000}
2026-05-05 16:58:27,875 - root - INFO - Response status code: 200
2026-05-05 16:58:27,889 - root - INFO - API response from https://sg5.fusionsolar.huawei.com/rest/openapi/pvms/nbi/v1/device/history (truncated): {'failCode': 0, 'success': True, 'message': 'historical data information query successful.', 'data': [{'devDn': 'NE=58630788', 'collectTime': 1777846500000, 'dataItems': {'pv28_i': None, 'pv4_u': 0.0, 'pv24_i': None, 'mppt_total_cap': 219671.92, 'pv8_u': 0.0, 'a_i': 0.0, 'pv24_u': None, 'mppt_9_cap': None, 'pv20_u': 0.0, 'a_u': 0.0, 'pv17_u': 0.0, 'pv20_i': 0.0, 'efficiency': 0.0, 'pv17_i': 0.0, 'pv13_i': 0.0, 'pv36_i': None, 'mppt_power': 0.0, 'pv13_u': 0.0, 'pv36_u': None, 'mppt_7_cap': None, ...
2026-05-05 16:58:27,891 - root - INFO - API Response type: <class 'dict'>
2026-05-05 16:58:27,892 - root - INFO - API Response keys: ['failCode', 'success', 'message', 'data']
2026-05-05 16:58:27,892 - root - INFO - API Response data is a list with 153 items
2026-05-05 16:58:27,892 - root - INFO - API Response has failCode: 0, message: historical data information query successful.
2026-05-05 16:58:27,892 - root - INFO - Using alternate response format: data as list
2026-05-05 16:58:27,892 - root - INFO - Received 153 data points from API
2026-05-05 16:58:27,892 - root - INFO - Sample data point structure: ['devDn', 'collectTime', 'dataItems']
2026-05-05 16:58:27,979 - root - INFO - Successfully upserted 153 data points.
2026-05-05 16:58:31,367 - root - INFO - Using single devDn for device/history (API: one device per query)
2026-05-05 16:58:31,369 - root - INFO - Fetching historical data for 1 devices of type inverter
2026-05-05 16:58:31,369 - root - INFO - Making API request to: https://sg5.fusionsolar.huawei.com/rest/openapi/pvms/nbi/v1/device/history
2026-05-05 16:58:31,369 - root - INFO - Request payload: {'devDn': 'NE=58630793', 'devTypeId': 1, 'startTime': 1777827601000, 'endTime': 1777913999000}
2026-05-05 16:58:36,220 - root - INFO - Response status code: 200
2026-05-05 16:58:36,233 - root - INFO - API response from https://sg5.fusionsolar.huawei.com/rest/openapi/pvms/nbi/v1/device/history (truncated): {'failCode': 0, 'success': True, 'message': 'historical data information query successful.', 'data': [{'devDn': 'NE=58630793', 'collectTime': 1777846200000, 'dataItems': {'pv28_i': None, 'pv4_u': 0.0, 'pv24_i': 0.0, 'mppt_total_cap': 204134.31, 'pv8_u': 0.0, 'a_i': 0.0, 'pv24_u': 0.0, 'mppt_9_cap': 0.0, 'pv20_u': 0.0, 'a_u': 0.0, 'pv17_u': 0.0, 'pv20_i': 0.0, 'efficiency': 0.0, 'pv17_i': 0.0, 'pv13_i': 0.0, 'pv36_i': None, 'mppt_power': 0.0, 'pv13_u': 0.0, 'pv36_u': None, 'mppt_7_cap': 28425.55,...
2026-05-05 16:58:36,236 - root - INFO - API Response type: <class 'dict'>
2026-05-05 16:58:36,236 - root - INFO - API Response keys: ['failCode', 'success', 'message', 'data']
2026-05-05 16:58:36,237 - root - INFO - API Response data is a list with 154 items
2026-05-05 16:58:36,237 - root - INFO - API Response has failCode: 0, message: historical data information query successful.
2026-05-05 16:58:36,237 - root - INFO - Using alternate response format: data as list
2026-05-05 16:58:36,237 - root - INFO - Received 154 data points from API
2026-05-05 16:58:36,237 - root - INFO - Sample data point structure: ['devDn', 'collectTime', 'dataItems']
2026-05-05 16:58:36,300 - root - INFO - Successfully upserted 154 data points.
2026-05-05 16:58:39,493 - root - INFO - Using single devDn for device/history (API: one device per query)
2026-05-05 16:58:39,496 - root - INFO - Fetching historical data for 1 devices of type inverter
2026-05-05 16:58:39,496 - root - INFO - Making API request to: https://sg5.fusionsolar.huawei.com/rest/openapi/pvms/nbi/v1/device/history
2026-05-05 16:58:39,496 - root - INFO - Request payload: {'devDn': 'NE=58630794', 'devTypeId': 1, 'startTime': 1777827601000, 'endTime': 1777913999000}
2026-05-05 16:58:41,883 - root - INFO - Response status code: 200
2026-05-05 16:58:41,897 - root - INFO - API response from https://sg5.fusionsolar.huawei.com/rest/openapi/pvms/nbi/v1/device/history (truncated): {'failCode': 0, 'success': True, 'message': 'historical data information query successful.', 'data': [{'devDn': 'NE=58630794', 'collectTime': 1777846200000, 'dataItems': {'pv28_i': None, 'pv4_u': 0.0, 'pv24_i': 0.0, 'mppt_total_cap': 212672.97, 'pv8_u': 0.0, 'a_i': 0.0, 'pv24_u': 0.0, 'mppt_9_cap': 0.0, 'pv20_u': 0.0, 'a_u': 0.0, 'pv17_u': 0.0, 'pv20_i': 0.0, 'efficiency': 0.0, 'pv17_i': 0.0, 'pv13_i': 0.0, 'pv36_i': None, 'mppt_power': 0.0, 'pv13_u': 0.0, 'pv36_u': None, 'mppt_7_cap': 24956.61,...
2026-05-05 16:58:41,899 - root - INFO - API Response type: <class 'dict'>
2026-05-05 16:58:41,899 - root - INFO - API Response keys: ['failCode', 'success', 'message', 'data']
2026-05-05 16:58:41,899 - root - INFO - API Response data is a list with 154 items
2026-05-05 16:58:41,899 - root - INFO - API Response has failCode: 0, message: historical data information query successful.
2026-05-05 16:58:41,900 - root - INFO - Using alternate response format: data as list
2026-05-05 16:58:41,900 - root - INFO - Received 154 data points from API
2026-05-05 16:58:41,900 - root - INFO - Sample data point structure: ['devDn', 'collectTime', 'dataItems']
2026-05-05 16:58:41,965 - root - INFO - Successfully upserted 154 data points.
2026-05-05 16:58:45,147 - root - INFO - Using single devDn for device/history (API: one device per query)
2026-05-05 16:58:45,151 - root - INFO - Fetching historical data for 1 devices of type inverter
2026-05-05 16:58:45,151 - root - INFO - Making API request to: https://sg5.fusionsolar.huawei.com/rest/openapi/pvms/nbi/v1/device/history
2026-05-05 16:58:45,151 - root - INFO - Request payload: {'devDn': 'NE=58630791', 'devTypeId': 1, 'startTime': 1777827601000, 'endTime': 1777913999000}
2026-05-05 16:58:47,140 - root - INFO - Response status code: 200
2026-05-05 16:58:47,154 - root - INFO - API response from https://sg5.fusionsolar.huawei.com/rest/openapi/pvms/nbi/v1/device/history (truncated): {'failCode': 0, 'success': True, 'message': 'historical data information query successful.', 'data': [{'devDn': 'NE=58630791', 'collectTime': 1777846200000, 'dataItems': {'pv28_i': None, 'pv4_u': 0.0, 'pv24_i': 0.0, 'mppt_total_cap': 207959.78, 'pv8_u': 0.0, 'a_i': 0.0, 'pv24_u': 0.0, 'mppt_9_cap': None, 'pv20_u': 0.0, 'a_u': 0.0, 'pv17_u': 0.0, 'pv20_i': 0.0, 'efficiency': 0.0, 'pv17_i': 0.0, 'pv13_i': 0.0, 'pv36_i': None, 'mppt_power': 0.0, 'pv13_u': 0.0, 'pv36_u': None, 'mppt_7_cap': None, 'p...
2026-05-05 16:58:47,156 - root - INFO - API Response type: <class 'dict'>
2026-05-05 16:58:47,156 - root - INFO - API Response keys: ['failCode', 'success', 'message', 'data']
2026-05-05 16:58:47,156 - root - INFO - API Response data is a list with 154 items
2026-05-05 16:58:47,156 - root - INFO - API Response has failCode: 0, message: historical data information query successful.
2026-05-05 16:58:47,156 - root - INFO - Using alternate response format: data as list
2026-05-05 16:58:47,156 - root - INFO - Received 154 data points from API
2026-05-05 16:58:47,156 - root - INFO - Sample data point structure: ['devDn', 'collectTime', 'dataItems']
2026-05-05 16:58:47,216 - root - INFO - Successfully upserted 154 data points.
2026-05-05 16:58:50,555 - root - INFO - Using single devDn for device/history (API: one device per query)
2026-05-05 16:58:50,558 - root - INFO - Fetching historical data for 1 devices of type inverter
2026-05-05 16:58:50,558 - root - INFO - Making API request to: https://sg5.fusionsolar.huawei.com/rest/openapi/pvms/nbi/v1/device/history
2026-05-05 16:58:50,558 - root - INFO - Request payload: {'devDn': 'NE=58630792', 'devTypeId': 1, 'startTime': 1777827601000, 'endTime': 1777913999000}
2026-05-05 16:58:52,567 - root - INFO - Response status code: 200
2026-05-05 16:58:52,581 - root - INFO - API response from https://sg5.fusionsolar.huawei.com/rest/openapi/pvms/nbi/v1/device/history (truncated): {'failCode': 0, 'success': True, 'message': 'historical data information query successful.', 'data': [{'devDn': 'NE=58630792', 'collectTime': 1777846200000, 'dataItems': {'pv28_i': None, 'pv4_u': 0.0, 'pv24_i': 0.0, 'mppt_total_cap': 195361.32, 'pv8_u': 0.0, 'a_i': 0.0, 'pv24_u': 0.0, 'mppt_9_cap': 0.0, 'pv20_u': 0.0, 'a_u': 0.0, 'pv17_u': 0.0, 'pv20_i': 0.0, 'efficiency': 0.0, 'pv17_i': 0.0, 'pv13_i': 0.0, 'pv36_i': None, 'mppt_power': 0.0, 'pv13_u': 0.0, 'pv36_u': None, 'mppt_7_cap': 28209.36,...
2026-05-05 16:58:52,583 - root - INFO - API Response type: <class 'dict'>
2026-05-05 16:58:52,583 - root - INFO - API Response keys: ['failCode', 'success', 'message', 'data']
2026-05-05 16:58:52,583 - root - INFO - API Response data is a list with 154 items
2026-05-05 16:58:52,583 - root - INFO - API Response has failCode: 0, message: historical data information query successful.
2026-05-05 16:58:52,584 - root - INFO - Using alternate response format: data as list
2026-05-05 16:58:52,584 - root - INFO - Received 154 data points from API
2026-05-05 16:58:52,584 - root - INFO - Sample data point structure: ['devDn', 'collectTime', 'dataItems']
2026-05-05 16:58:52,643 - root - INFO - Successfully upserted 154 data points.
2026-05-05 16:58:55,808 - root - INFO - Using single devDn for device/history (API: one device per query)
2026-05-05 16:58:55,811 - root - INFO - Fetching historical data for 1 devices of type inverter
2026-05-05 16:58:55,811 - root - INFO - Making API request to: https://sg5.fusionsolar.huawei.com/rest/openapi/pvms/nbi/v1/device/history
2026-05-05 16:58:55,811 - root - INFO - Request payload: {'devDn': 'NE=58639490', 'devTypeId': 1, 'startTime': 1777827601000, 'endTime': 1777913999000}
2026-05-05 16:58:57,600 - root - INFO - Response status code: 200
2026-05-05 16:58:57,613 - root - INFO - API response from https://sg5.fusionsolar.huawei.com/rest/openapi/pvms/nbi/v1/device/history (truncated): {'failCode': 0, 'success': True, 'message': 'historical data information query successful.', 'data': [{'devDn': 'NE=58639490', 'collectTime': 1777846200000, 'dataItems': {'pv28_i': None, 'pv4_u': 0.0, 'pv24_i': 0.0, 'mppt_total_cap': 189077.6, 'pv8_u': 0.0, 'a_i': 0.0, 'pv24_u': 0.0, 'mppt_9_cap': None, 'pv20_u': 0.0, 'a_u': 0.0, 'pv17_u': 0.0, 'pv20_i': 0.0, 'efficiency': 0.0, 'pv17_i': 0.0, 'pv13_i': 0.0, 'pv36_i': None, 'mppt_power': 0.0, 'pv13_u': 0.0, 'pv36_u': None, 'mppt_7_cap': None, 'pv...
2026-05-05 16:58:57,615 - root - INFO - API Response type: <class 'dict'>
2026-05-05 16:58:57,616 - root - INFO - API Response keys: ['failCode', 'success', 'message', 'data']
2026-05-05 16:58:57,616 - root - INFO - API Response data is a list with 156 items
2026-05-05 16:58:57,616 - root - INFO - API Response has failCode: 0, message: historical data information query successful.
2026-05-05 16:58:57,616 - root - INFO - Using alternate response format: data as list
2026-05-05 16:58:57,616 - root - INFO - Received 156 data points from API
2026-05-05 16:58:57,620 - root - INFO - Sample data point structure: ['devDn', 'collectTime', 'dataItems']
2026-05-05 16:58:57,681 - root - INFO - Successfully upserted 156 data points.
2026-05-05 16:59:00,921 - root - INFO - Using single devDn for device/history (API: one device per query)
2026-05-05 16:59:00,923 - root - INFO - Fetching historical data for 1 devices of type inverter
2026-05-05 16:59:00,924 - root - INFO - Making API request to: https://sg5.fusionsolar.huawei.com/rest/openapi/pvms/nbi/v1/device/history
2026-05-05 16:59:00,924 - root - INFO - Request payload: {'devDn': 'NE=58639492', 'devTypeId': 1, 'startTime': 1777827601000, 'endTime': 1777913999000}
2026-05-05 16:59:02,584 - root - INFO - Response status code: 200
2026-05-05 16:59:02,597 - root - INFO - API response from https://sg5.fusionsolar.huawei.com/rest/openapi/pvms/nbi/v1/device/history (truncated): {'failCode': 0, 'success': True, 'message': 'historical data information query successful.', 'data': [{'devDn': 'NE=58639492', 'collectTime': 1777846200000, 'dataItems': {'pv28_i': None, 'pv4_u': 0.0, 'pv24_i': 0.0, 'mppt_total_cap': 203159.72, 'pv8_u': 0.0, 'a_i': 0.0, 'pv24_u': 0.0, 'mppt_9_cap': 0.0, 'pv20_u': 0.0, 'a_u': 0.0, 'pv17_u': 0.0, 'pv20_i': 0.0, 'efficiency': 0.0, 'pv17_i': 0.0, 'pv13_i': 0.0, 'pv36_i': None, 'mppt_power': 0.0, 'pv13_u': 0.0, 'pv36_u': None, 'mppt_7_cap': 28866.36,...
2026-05-05 16:59:02,599 - root - INFO - API Response type: <class 'dict'>
2026-05-05 16:59:02,599 - root - INFO - API Response keys: ['failCode', 'success', 'message', 'data']
2026-05-05 16:59:02,599 - root - INFO - API Response data is a list with 154 items
2026-05-05 16:59:02,599 - root - INFO - API Response has failCode: 0, message: historical data information query successful.
2026-05-05 16:59:02,600 - root - INFO - Using alternate response format: data as list
2026-05-05 16:59:02,600 - root - INFO - Received 154 data points from API
2026-05-05 16:59:02,600 - root - INFO - Sample data point structure: ['devDn', 'collectTime', 'dataItems']
2026-05-05 16:59:02,661 - root - INFO - Successfully upserted 154 data points.
2026-05-05 16:59:05,887 - root - INFO - Using single devDn for device/history (API: one device per query)
2026-05-05 16:59:05,890 - root - INFO - Fetching historical data for 1 devices of type inverter
2026-05-05 16:59:05,890 - root - INFO - Making API request to: https://sg5.fusionsolar.huawei.com/rest/openapi/pvms/nbi/v1/device/history
2026-05-05 16:59:05,891 - root - INFO - Request payload: {'devDn': 'NE=58987138', 'devTypeId': 1, 'startTime': 1777827601000, 'endTime': 1777913999000}
2026-05-05 16:59:07,781 - root - INFO - Response status code: 200
2026-05-05 16:59:07,795 - root - INFO - API response from https://sg5.fusionsolar.huawei.com/rest/openapi/pvms/nbi/v1/device/history (truncated): {'failCode': 0, 'success': True, 'message': 'historical data information query successful.', 'data': [{'devDn': 'NE=58987138', 'collectTime': 1777846200000, 'dataItems': {'pv28_i': None, 'pv4_u': 0.0, 'pv24_i': 0.0, 'mppt_total_cap': 206615.26, 'pv8_u': 0.0, 'a_i': 0.0, 'pv24_u': 0.0, 'mppt_9_cap': None, 'pv20_u': 0.0, 'a_u': 0.0, 'pv17_u': 0.0, 'pv20_i': 0.0, 'efficiency': 0.0, 'pv17_i': 0.0, 'pv13_i': 0.0, 'pv36_i': None, 'mppt_power': 0.0, 'pv13_u': 0.0, 'pv36_u': None, 'mppt_7_cap': None, 'p...
2026-05-05 16:59:07,797 - root - INFO - API Response type: <class 'dict'>
2026-05-05 16:59:07,797 - root - INFO - API Response keys: ['failCode', 'success', 'message', 'data']
2026-05-05 16:59:07,797 - root - INFO - API Response data is a list with 154 items
2026-05-05 16:59:07,797 - root - INFO - API Response has failCode: 0, message: historical data information query successful.
2026-05-05 16:59:07,797 - root - INFO - Using alternate response format: data as list
2026-05-05 16:59:07,797 - root - INFO - Received 154 data points from API
2026-05-05 16:59:07,797 - root - INFO - Sample data point structure: ['devDn', 'collectTime', 'dataItems']
2026-05-05 16:59:07,856 - root - INFO - Successfully upserted 154 data points.
2026-05-05 16:59:10,998 - root - INFO - Using single devDn for device/history (API: one device per query)
2026-05-05 16:59:11,001 - root - INFO - Fetching historical data for 1 devices of type inverter
2026-05-05 16:59:11,001 - root - INFO - Making API request to: https://sg5.fusionsolar.huawei.com/rest/openapi/pvms/nbi/v1/device/history
2026-05-05 16:59:11,001 - root - INFO - Request payload: {'devDn': 'NE=58741218', 'devTypeId': 1, 'startTime': 1777827601000, 'endTime': 1777913999000}
2026-05-05 16:59:12,762 - root - INFO - Response status code: 200
2026-05-05 16:59:12,762 - root - INFO - API response from https://sg5.fusionsolar.huawei.com/rest/openapi/pvms/nbi/v1/device/history (truncated): {'failCode': 0, 'success': True, 'message': 'historical data information query successful.', 'data': []}
2026-05-05 16:59:12,766 - root - INFO - API Response type: <class 'dict'>
2026-05-05 16:59:12,766 - root - INFO - API Response keys: ['failCode', 'success', 'message', 'data']
2026-05-05 16:59:12,766 - root - INFO - API Response data is a list with 0 items
2026-05-05 16:59:12,766 - root - INFO - API Response has failCode: 0, message: historical data information query successful.
2026-05-05 16:59:12,767 - root - INFO - Using alternate response format: data as list
2026-05-05 16:59:12,767 - root - INFO - No data points returned for the query period
2026-05-05 16:59:12,767 - root - INFO - Using single devDn for device/history (API: one device per query)
2026-05-05 16:59:12,768 - root - INFO - Fetching historical data for 1 devices of type inverter
2026-05-05 16:59:12,768 - root - INFO - Making API request to: https://sg5.fusionsolar.huawei.com/rest/openapi/pvms/nbi/v1/device/history
2026-05-05 16:59:12,768 - root - INFO - Request payload: {'devDn': 'NE=50488273', 'devTypeId': 1, 'startTime': 1777827601000, 'endTime': 1777913999000}
2026-05-05 16:59:13,116 - root - INFO - Response status code: 200
2026-05-05 16:59:13,116 - root - INFO - API response from https://sg5.fusionsolar.huawei.com/rest/openapi/pvms/nbi/v1/device/history (truncated): {'failCode': 407, 'success': False, 'message': 'Interface access frequency:0.39333333333333337/1second', 'data': []}
2026-05-05 16:59:13,118 - root - WARNING - API access frequency too high. Waiting 30 seconds before retry...
2026-05-05 16:59:43,118 - root - INFO - Retrying API request after rate limit wait...
2026-05-05 16:59:43,118 - root - INFO - Making API request to: https://sg5.fusionsolar.huawei.com/rest/openapi/pvms/nbi/v1/device/history
2026-05-05 16:59:43,120 - root - INFO - Request payload: {'devDn': 'NE=50488273', 'devTypeId': 1, 'startTime': 1777827601000, 'endTime': 1777913999000}
2026-05-05 16:59:44,352 - root - INFO - Response status code: 200
2026-05-05 16:59:44,353 - root - INFO - API response from https://sg5.fusionsolar.huawei.com/rest/openapi/pvms/nbi/v1/device/history (truncated): {'failCode': 0, 'success': True, 'message': 'historical data information query successful.', 'data': []}
2026-05-05 16:59:44,357 - root - INFO - API Response type: <class 'dict'>
2026-05-05 16:59:44,358 - root - INFO - API Response keys: ['failCode', 'success', 'message', 'data']
2026-05-05 16:59:44,358 - root - INFO - API Response data is a list with 0 items
2026-05-05 16:59:44,358 - root - INFO - API Response has failCode: 0, message: historical data information query successful.
2026-05-05 16:59:44,358 - root - INFO - Using alternate response format: data as list
2026-05-05 16:59:44,358 - root - INFO - No data points returned for the query period
2026-05-05 16:59:44,358 - root - INFO - Using single devDn for device/history (API: one device per query)
2026-05-05 16:59:44,360 - root - INFO - Fetching historical data for 1 devices of type inverter
2026-05-05 16:59:44,360 - root - INFO - Making API request to: https://sg5.fusionsolar.huawei.com/rest/openapi/pvms/nbi/v1/device/history
2026-05-05 16:59:44,360 - root - INFO - Request payload: {'devDn': 'NE=50488264', 'devTypeId': 1, 'startTime': 1777827601000, 'endTime': 1777913999000}
2026-05-05 16:59:44,678 - root - INFO - Response status code: 200
2026-05-05 16:59:44,678 - root - INFO - API response from https://sg5.fusionsolar.huawei.com/rest/openapi/pvms/nbi/v1/device/history (truncated): {'failCode': 407, 'success': False, 'message': 'Interface access frequency:0.39333333333333337/1second', 'data': []}
2026-05-05 16:59:44,680 - root - WARNING - API access frequency too high. Waiting 30 seconds before retry...
2026-05-05 17:00:14,680 - root - INFO - Retrying API request after rate limit wait...
2026-05-05 17:00:14,680 - root - INFO - Making API request to: https://sg5.fusionsolar.huawei.com/rest/openapi/pvms/nbi/v1/device/history
2026-05-05 17:00:14,682 - root - INFO - Request payload: {'devDn': 'NE=50488264', 'devTypeId': 1, 'startTime': 1777827601000, 'endTime': 1777913999000}
2026-05-05 17:00:25,725 - root - ERROR - Error during API request to /rest/openapi/pvms/nbi/v1/device/history: HTTPSConnectionPool(host='sg5.fusionsolar.huawei.com', port=443): Max retries exceeded with url: /rest/openapi/pvms/nbi/v1/device/history (Caused by NameResolutionError("<urllib3.connection.HTTPSConnection object at 0x00000164314BAAD0>: Failed to resolve 'sg5.fusionsolar.huawei.com' ([Errno 11001] getaddrinfo failed)"))
2026-05-05 17:00:25,728 - root - WARNING - Failed to fetch historical data
2026-05-05 17:00:25,728 - root - INFO - Using single devDn for device/history (API: one device per query)
2026-05-05 17:00:25,728 - root - INFO - Fetching historical data for 1 devices of type inverter
2026-05-05 17:00:25,728 - root - INFO - Making API request to: https://sg5.fusionsolar.huawei.com/rest/openapi/pvms/nbi/v1/device/history
2026-05-05 17:00:25,729 - root - INFO - Request payload: {'devDn': 'NE=50488270', 'devTypeId': 1, 'startTime': 1777827601000, 'endTime': 1777913999000}
2026-05-05 17:00:26,484 - root - ERROR - Error during API request to /rest/openapi/pvms/nbi/v1/device/history: HTTPSConnectionPool(host='sg5.fusionsolar.huawei.com', port=443): Max retries exceeded with url: /rest/openapi/pvms/nbi/v1/device/history (Caused by NameResolutionError("<urllib3.connection.HTTPSConnection object at 0x00000164314BB110>: Failed to resolve 'sg5.fusionsolar.huawei.com' ([Errno 11002] getaddrinfo failed)"))
2026-05-05 17:00:26,487 - root - WARNING - Failed to fetch historical data
2026-05-05 17:00:26,487 - root - INFO - Using single devDn for device/history (API: one device per query)
2026-05-05 17:00:26,488 - root - INFO - Fetching historical data for 1 devices of type inverter
2026-05-05 17:00:26,488 - root - INFO - Making API request to: https://sg5.fusionsolar.huawei.com/rest/openapi/pvms/nbi/v1/device/history
2026-05-05 17:00:26,488 - root - INFO - Request payload: {'devDn': 'NE=50488271', 'devTypeId': 1, 'startTime': 1777827601000, 'endTime': 1777913999000}
2026-05-05 17:00:26,489 - root - ERROR - Error during API request to /rest/openapi/pvms/nbi/v1/device/history: HTTPSConnectionPool(host='sg5.fusionsolar.huawei.com', port=443): Max retries exceeded with url: /rest/openapi/pvms/nbi/v1/device/history (Caused by NameResolutionError("<urllib3.connection.HTTPSConnection object at 0x00000164314BAE90>: Failed to resolve 'sg5.fusionsolar.huawei.com' ([Errno 11002] getaddrinfo failed)"))
2026-05-05 17:00:26,490 - root - WARNING - Failed to fetch historical data
2026-05-05 17:00:26,490 - root - INFO - Using single devDn for device/history (API: one device per query)
2026-05-05 17:00:26,490 - root - INFO - Fetching historical data for 1 devices of type inverter
2026-05-05 17:00:26,491 - root - INFO - Making API request to: https://sg5.fusionsolar.huawei.com/rest/openapi/pvms/nbi/v1/device/history
2026-05-05 17:00:26,491 - root - INFO - Request payload: {'devDn': 'NE=50488265', 'devTypeId': 1, 'startTime': 1777827601000, 'endTime': 1777913999000}
2026-05-05 17:00:26,492 - root - ERROR - Error during API request to /rest/openapi/pvms/nbi/v1/device/history: HTTPSConnectionPool(host='sg5.fusionsolar.huawei.com', port=443): Max retries exceeded with url: /rest/openapi/pvms/nbi/v1/device/history (Caused by NameResolutionError("<urllib3.connection.HTTPSConnection object at 0x0000016431587B10>: Failed to resolve 'sg5.fusionsolar.huawei.com' ([Errno 11002] getaddrinfo failed)"))
2026-05-05 17:00:26,492 - root - WARNING - Failed to fetch historical data
2026-05-05 17:00:26,492 - root - INFO - Using single devDn for device/history (API: one device per query)
2026-05-05 17:00:26,493 - root - INFO - Fetching historical data for 1 devices of type inverter
2026-05-05 17:00:26,493 - root - INFO - Making API request to: https://sg5.fusionsolar.huawei.com/rest/openapi/pvms/nbi/v1/device/history
2026-05-05 17:00:26,493 - root - INFO - Request payload: {'devDn': 'NE=53140445', 'devTypeId': 1, 'startTime': 1777827601000, 'endTime': 1777913999000}
2026-05-05 17:00:26,495 - root - ERROR - Error during API request to /rest/openapi/pvms/nbi/v1/device/history: HTTPSConnectionPool(host='sg5.fusionsolar.huawei.com', port=443): Max retries exceeded with url: /rest/openapi/pvms/nbi/v1/device/history (Caused by NameResolutionError("<urllib3.connection.HTTPSConnection object at 0x0000016431587C50>: Failed to resolve 'sg5.fusionsolar.huawei.com' ([Errno 11002] getaddrinfo failed)"))
2026-05-05 17:00:26,501 - root - WARNING - Failed to fetch historical data
2026-05-05 17:00:26,501 - root - INFO - Using single devDn for device/history (API: one device per query)
2026-05-05 17:00:26,501 - root - INFO - Fetching historical data for 1 devices of type inverter
2026-05-05 17:00:26,501 - root - INFO - Making API request to: https://sg5.fusionsolar.huawei.com/rest/openapi/pvms/nbi/v1/device/history
2026-05-05 17:00:26,501 - root - INFO - Request payload: {'devDn': 'NE=54479672', 'devTypeId': 1, 'startTime': 1777827601000, 'endTime': 1777913999000}
2026-05-05 17:00:26,502 - root - ERROR - Error during API request to /rest/openapi/pvms/nbi/v1/device/history: HTTPSConnectionPool(host='sg5.fusionsolar.huawei.com', port=443): Max retries exceeded with url: /rest/openapi/pvms/nbi/v1/device/history (Caused by NameResolutionError("<urllib3.connection.HTTPSConnection object at 0x0000016431585E50>: Failed to resolve 'sg5.fusionsolar.huawei.com' ([Errno 11002] getaddrinfo failed)"))
2026-05-05 17:00:26,503 - root - WARNING - Failed to fetch historical data
2026-05-05 17:00:26,503 - root - INFO - Using single devDn for device/history (API: one device per query)
2026-05-05 17:00:26,503 - root - INFO - Fetching historical data for 1 devices of type inverter
2026-05-05 17:00:26,504 - root - INFO - Making API request to: https://sg5.fusionsolar.huawei.com/rest/openapi/pvms/nbi/v1/device/history
2026-05-05 17:00:26,504 - root - INFO - Request payload: {'devDn': 'NE=50488269', 'devTypeId': 1, 'startTime': 1777827601000, 'endTime': 1777913999000}
2026-05-05 17:00:26,505 - root - ERROR - Error during API request to /rest/openapi/pvms/nbi/v1/device/history: HTTPSConnectionPool(host='sg5.fusionsolar.huawei.com', port=443): Max retries exceeded with url: /rest/openapi/pvms/nbi/v1/device/history (Caused by NameResolutionError("<urllib3.connection.HTTPSConnection object at 0x0000016431586E90>: Failed to resolve 'sg5.fusionsolar.huawei.com' ([Errno 11002] getaddrinfo failed)"))
2026-05-05 17:00:26,505 - root - WARNING - Failed to fetch historical data
2026-05-05 17:00:26,505 - root - INFO - Using single devDn for device/history (API: one device per query)
2026-05-05 17:00:26,506 - root - INFO - Fetching historical data for 1 devices of type inverter
2026-05-05 17:00:26,506 - root - INFO - Making API request to: https://sg5.fusionsolar.huawei.com/rest/openapi/pvms/nbi/v1/device/history
2026-05-05 17:00:26,506 - root - INFO - Request payload: {'devDn': 'NE=50488267', 'devTypeId': 1, 'startTime': 1777827601000, 'endTime': 1777913999000}
2026-05-05 17:00:26,508 - root - ERROR - Error during API request to /rest/openapi/pvms/nbi/v1/device/history: HTTPSConnectionPool(host='sg5.fusionsolar.huawei.com', port=443): Max retries exceeded with url: /rest/openapi/pvms/nbi/v1/device/history (Caused by NameResolutionError("<urllib3.connection.HTTPSConnection object at 0x0000016431584B90>: Failed to resolve 'sg5.fusionsolar.huawei.com' ([Errno 11002] getaddrinfo failed)"))
2026-05-05 17:00:26,508 - root - WARNING - Failed to fetch historical data
2026-05-05 17:00:26,508 - root - INFO - Using single devDn for device/history (API: one device per query)
2026-05-05 17:00:26,509 - root - INFO - Fetching historical data for 1 devices of type inverter
2026-05-05 17:00:26,509 - root - INFO - Making API request to: https://sg5.fusionsolar.huawei.com/rest/openapi/pvms/nbi/v1/device/history
2026-05-05 17:00:26,509 - root - INFO - Request payload: {'devDn': 'NE=50488266', 'devTypeId': 1, 'startTime': 1777827601000, 'endTime': 1777913999000}
2026-05-05 17:00:26,511 - root - ERROR - Error during API request to /rest/openapi/pvms/nbi/v1/device/history: HTTPSConnectionPool(host='sg5.fusionsolar.huawei.com', port=443): Max retries exceeded with url: /rest/openapi/pvms/nbi/v1/device/history (Caused by NameResolutionError("<urllib3.connection.HTTPSConnection object at 0x00000164315851D0>: Failed to resolve 'sg5.fusionsolar.huawei.com' ([Errno 11002] getaddrinfo failed)"))
2026-05-05 17:00:26,511 - root - WARNING - Failed to fetch historical data
2026-05-05 17:00:26,511 - root - INFO - Using single devDn for device/history (API: one device per query)
2026-05-05 17:00:26,512 - root - INFO - Fetching historical data for 1 devices of type inverter
2026-05-05 17:00:26,512 - root - INFO - Making API request to: https://sg5.fusionsolar.huawei.com/rest/openapi/pvms/nbi/v1/device/history
2026-05-05 17:00:26,512 - root - INFO - Request payload: {'devDn': 'NE=62806382', 'devTypeId': 1, 'startTime': 1777827601000, 'endTime': 1777913999000}
2026-05-05 17:00:26,513 - root - ERROR - Error during API request to /rest/openapi/pvms/nbi/v1/device/history: HTTPSConnectionPool(host='sg5.fusionsolar.huawei.com', port=443): Max retries exceeded with url: /rest/openapi/pvms/nbi/v1/device/history (Caused by NameResolutionError("<urllib3.connection.HTTPSConnection object at 0x0000016431584690>: Failed to resolve 'sg5.fusionsolar.huawei.com' ([Errno 11002] getaddrinfo failed)"))
2026-05-05 17:00:26,514 - root - WARNING - Failed to fetch historical data
2026-05-05 17:00:26,514 - root - INFO - Using single devDn for device/history (API: one device per query)
2026-05-05 17:00:26,514 - root - INFO - Fetching historical data for 1 devices of type inverter
2026-05-05 17:00:26,514 - root - INFO - Making API request to: https://sg5.fusionsolar.huawei.com/rest/openapi/pvms/nbi/v1/device/history
2026-05-05 17:00:26,514 - root - INFO - Request payload: {'devDn': 'NE=62806380', 'devTypeId': 1, 'startTime': 1777827601000, 'endTime': 1777913999000}
2026-05-05 17:00:26,517 - root - ERROR - Error during API request to /rest/openapi/pvms/nbi/v1/device/history: HTTPSConnectionPool(host='sg5.fusionsolar.huawei.com', port=443): Max retries exceeded with url: /rest/openapi/pvms/nbi/v1/device/history (Caused by NameResolutionError("<urllib3.connection.HTTPSConnection object at 0x0000016431587390>: Failed to resolve 'sg5.fusionsolar.huawei.com' ([Errno 11002] getaddrinfo failed)"))
2026-05-05 17:00:26,517 - root - WARNING - Failed to fetch historical data
2026-05-05 17:00:26,517 - root - INFO - Using single devDn for device/history (API: one device per query)
2026-05-05 17:00:26,518 - root - INFO - Fetching historical data for 1 devices of type inverter
2026-05-05 17:00:26,518 - root - INFO - Making API request to: https://sg5.fusionsolar.huawei.com/rest/openapi/pvms/nbi/v1/device/history
2026-05-05 17:00:26,518 - root - INFO - Request payload: {'devDn': 'NE=62806373', 'devTypeId': 1, 'startTime': 1777827601000, 'endTime': 1777913999000}
2026-05-05 17:00:26,519 - root - ERROR - Error during API request to /rest/openapi/pvms/nbi/v1/device/history: HTTPSConnectionPool(host='sg5.fusionsolar.huawei.com', port=443): Max retries exceeded with url: /rest/openapi/pvms/nbi/v1/device/history (Caused by NameResolutionError("<urllib3.connection.HTTPSConnection object at 0x0000016431587110>: Failed to resolve 'sg5.fusionsolar.huawei.com' ([Errno 11002] getaddrinfo failed)"))
2026-05-05 17:00:26,519 - root - WARNING - Failed to fetch historical data
2026-05-05 17:00:26,520 - root - INFO - Using single devDn for device/history (API: one device per query)
2026-05-05 17:00:26,520 - root - INFO - Fetching historical data for 1 devices of type inverter
2026-05-05 17:00:26,520 - root - INFO - Making API request to: https://sg5.fusionsolar.huawei.com/rest/openapi/pvms/nbi/v1/device/history
2026-05-05 17:00:26,520 - root - INFO - Request payload: {'devDn': 'NE=62806371', 'devTypeId': 1, 'startTime': 1777827601000, 'endTime': 1777913999000}
2026-05-05 17:00:26,531 - root - ERROR - Error during API request to /rest/openapi/pvms/nbi/v1/device/history: HTTPSConnectionPool(host='sg5.fusionsolar.huawei.com', port=443): Max retries exceeded with url: /rest/openapi/pvms/nbi/v1/device/history (Caused by NameResolutionError("<urllib3.connection.HTTPSConnection object at 0x0000016431585D10>: Failed to resolve 'sg5.fusionsolar.huawei.com' ([Errno 11002] getaddrinfo failed)"))
2026-05-05 17:00:26,533 - root - WARNING - Failed to fetch historical data
2026-05-05 17:00:26,533 - root - INFO - Using single devDn for device/history (API: one device per query)
2026-05-05 17:00:26,534 - root - INFO - Fetching historical data for 1 devices of type inverter
2026-05-05 17:00:26,534 - root - INFO - Making API request to: https://sg5.fusionsolar.huawei.com/rest/openapi/pvms/nbi/v1/device/history
2026-05-05 17:00:26,534 - root - INFO - Request payload: {'devDn': 'NE=62806381', 'devTypeId': 1, 'startTime': 1777827601000, 'endTime': 1777913999000}
2026-05-05 17:00:26,535 - root - ERROR - Error during API request to /rest/openapi/pvms/nbi/v1/device/history: HTTPSConnectionPool(host='sg5.fusionsolar.huawei.com', port=443): Max retries exceeded with url: /rest/openapi/pvms/nbi/v1/device/history (Caused by NameResolutionError("<urllib3.connection.HTTPSConnection object at 0x0000016431586FD0>: Failed to resolve 'sg5.fusionsolar.huawei.com' ([Errno 11002] getaddrinfo failed)"))
2026-05-05 17:00:26,535 - root - WARNING - Failed to fetch historical data
2026-05-05 17:00:26,535 - root - INFO - Using single devDn for device/history (API: one device per query)
2026-05-05 17:00:26,536 - root - INFO - Fetching historical data for 1 devices of type inverter
2026-05-05 17:00:26,536 - root - INFO - Making API request to: https://sg5.fusionsolar.huawei.com/rest/openapi/pvms/nbi/v1/device/history
2026-05-05 17:00:26,536 - root - INFO - Request payload: {'devDn': 'NE=62806383', 'devTypeId': 1, 'startTime': 1777827601000, 'endTime': 1777913999000}
2026-05-05 17:00:26,537 - root - ERROR - Error during API request to /rest/openapi/pvms/nbi/v1/device/history: HTTPSConnectionPool(host='sg5.fusionsolar.huawei.com', port=443): Max retries exceeded with url: /rest/openapi/pvms/nbi/v1/device/history (Caused by NameResolutionError("<urllib3.connection.HTTPSConnection object at 0x0000016431586AD0>: Failed to resolve 'sg5.fusionsolar.huawei.com' ([Errno 11002] getaddrinfo failed)"))
2026-05-05 17:00:26,537 - root - WARNING - Failed to fetch historical data
2026-05-05 17:00:26,538 - root - INFO - Using single devDn for device/history (API: one device per query)
2026-05-05 17:00:26,538 - root - INFO - Fetching historical data for 1 devices of type inverter
2026-05-05 17:00:26,538 - root - INFO - Making API request to: https://sg5.fusionsolar.huawei.com/rest/openapi/pvms/nbi/v1/device/history
2026-05-05 17:00:26,538 - root - INFO - Request payload: {'devDn': 'NE=62806377', 'devTypeId': 1, 'startTime': 1777827601000, 'endTime': 1777913999000}
2026-05-05 17:00:26,539 - root - ERROR - Error during API request to /rest/openapi/pvms/nbi/v1/device/history: HTTPSConnectionPool(host='sg5.fusionsolar.huawei.com', port=443): Max retries exceeded with url: /rest/openapi/pvms/nbi/v1/device/history (Caused by NameResolutionError("<urllib3.connection.HTTPSConnection object at 0x0000016431586710>: Failed to resolve 'sg5.fusionsolar.huawei.com' ([Errno 11002] getaddrinfo failed)"))
2026-05-05 17:00:26,540 - root - WARNING - Failed to fetch historical data
2026-05-05 17:00:26,540 - root - INFO - Using single devDn for device/history (API: one device per query)
2026-05-05 17:00:26,540 - root - INFO - Fetching historical data for 1 devices of type inverter
2026-05-05 17:00:26,540 - root - INFO - Making API request to: https://sg5.fusionsolar.huawei.com/rest/openapi/pvms/nbi/v1/device/history
2026-05-05 17:00:26,540 - root - INFO - Request payload: {'devDn': 'NE=62806374', 'devTypeId': 1, 'startTime': 1777827601000, 'endTime': 1777913999000}
2026-05-05 17:00:26,541 - root - ERROR - Error during API request to /rest/openapi/pvms/nbi/v1/device/history: HTTPSConnectionPool(host='sg5.fusionsolar.huawei.com', port=443): Max retries exceeded with url: /rest/openapi/pvms/nbi/v1/device/history (Caused by NameResolutionError("<urllib3.connection.HTTPSConnection object at 0x00000164315847D0>: Failed to resolve 'sg5.fusionsolar.huawei.com' ([Errno 11002] getaddrinfo failed)"))
2026-05-05 17:00:26,546 - root - WARNING - Failed to fetch historical data
2026-05-05 17:00:26,546 - root - INFO - Using single devDn for device/history (API: one device per query)
2026-05-05 17:00:26,546 - root - INFO - Fetching historical data for 1 devices of type inverter
2026-05-05 17:00:26,547 - root - INFO - Making API request to: https://sg5.fusionsolar.huawei.com/rest/openapi/pvms/nbi/v1/device/history
2026-05-05 17:00:26,547 - root - INFO - Request payload: {'devDn': 'NE=62806375', 'devTypeId': 1, 'startTime': 1777827601000, 'endTime': 1777913999000}
2026-05-05 17:00:26,548 - root - ERROR - Error during API request to /rest/openapi/pvms/nbi/v1/device/history: HTTPSConnectionPool(host='sg5.fusionsolar.huawei.com', port=443): Max retries exceeded with url: /rest/openapi/pvms/nbi/v1/device/history (Caused by NameResolutionError("<urllib3.connection.HTTPSConnection object at 0x0000016431587D90>: Failed to resolve 'sg5.fusionsolar.huawei.com' ([Errno 11002] getaddrinfo failed)"))
2026-05-05 17:00:26,548 - root - WARNING - Failed to fetch historical data
2026-05-05 17:00:26,548 - root - INFO - Using single devDn for device/history (API: one device per query)
2026-05-05 17:00:26,549 - root - INFO - Fetching historical data for 1 devices of type inverter
2026-05-05 17:00:26,549 - root - INFO - Making API request to: https://sg5.fusionsolar.huawei.com/rest/openapi/pvms/nbi/v1/device/history
2026-05-05 17:00:26,549 - root - INFO - Request payload: {'devDn': 'NE=62806369', 'devTypeId': 1, 'startTime': 1777827601000, 'endTime': 1777913999000}
2026-05-05 17:00:26,550 - root - ERROR - Error during API request to /rest/openapi/pvms/nbi/v1/device/history: HTTPSConnectionPool(host='sg5.fusionsolar.huawei.com', port=443): Max retries exceeded with url: /rest/openapi/pvms/nbi/v1/device/history (Caused by NameResolutionError("<urllib3.connection.HTTPSConnection object at 0x0000016431584CD0>: Failed to resolve 'sg5.fusionsolar.huawei.com' ([Errno 11002] getaddrinfo failed)"))
2026-05-05 17:00:26,550 - root - WARNING - Failed to fetch historical data
2026-05-05 17:00:26,551 - root - INFO - Using single devDn for device/history (API: one device per query)
2026-05-05 17:00:26,551 - root - INFO - Fetching historical data for 1 devices of type inverter
2026-05-05 17:00:26,551 - root - INFO - Making API request to: https://sg5.fusionsolar.huawei.com/rest/openapi/pvms/nbi/v1/device/history
2026-05-05 17:00:26,551 - root - INFO - Request payload: {'devDn': 'NE=62806370', 'devTypeId': 1, 'startTime': 1777827601000, 'endTime': 1777913999000}
2026-05-05 17:00:26,552 - root - ERROR - Error during API request to /rest/openapi/pvms/nbi/v1/device/history: HTTPSConnectionPool(host='sg5.fusionsolar.huawei.com', port=443): Max retries exceeded with url: /rest/openapi/pvms/nbi/v1/device/history (Caused by NameResolutionError("<urllib3.connection.HTTPSConnection object at 0x0000016431586C10>: Failed to resolve 'sg5.fusionsolar.huawei.com' ([Errno 11002] getaddrinfo failed)"))
2026-05-05 17:00:26,553 - root - WARNING - Failed to fetch historical data
2026-05-05 17:00:26,553 - root - INFO - Using single devDn for device/history (API: one device per query)
2026-05-05 17:00:26,553 - root - INFO - Fetching historical data for 1 devices of type inverter
2026-05-05 17:00:26,553 - root - INFO - Making API request to: https://sg5.fusionsolar.huawei.com/rest/openapi/pvms/nbi/v1/device/history
2026-05-05 17:00:26,553 - root - INFO - Request payload: {'devDn': 'NE=62806372', 'devTypeId': 1, 'startTime': 1777827601000, 'endTime': 1777913999000}
2026-05-05 17:00:26,554 - root - ERROR - Error during API request to /rest/openapi/pvms/nbi/v1/device/history: HTTPSConnectionPool(host='sg5.fusionsolar.huawei.com', port=443): Max retries exceeded with url: /rest/openapi/pvms/nbi/v1/device/history (Caused by NameResolutionError("<urllib3.connection.HTTPSConnection object at 0x0000016431587890>: Failed to resolve 'sg5.fusionsolar.huawei.com' ([Errno 11002] getaddrinfo failed)"))
2026-05-05 17:00:26,555 - root - WARNING - Failed to fetch historical data
2026-05-05 17:00:26,555 - root - INFO - Using single devDn for device/history (API: one device per query)
2026-05-05 17:00:26,555 - root - INFO - Fetching historical data for 1 devices of type inverter
2026-05-05 17:00:26,555 - root - INFO - Making API request to: https://sg5.fusionsolar.huawei.com/rest/openapi/pvms/nbi/v1/device/history
2026-05-05 17:00:26,556 - root - INFO - Request payload: {'devDn': 'NE=62806368', 'devTypeId': 1, 'startTime': 1777827601000, 'endTime': 1777913999000}
2026-05-05 17:00:26,556 - root - ERROR - Error during API request to /rest/openapi/pvms/nbi/v1/device/history: HTTPSConnectionPool(host='sg5.fusionsolar.huawei.com', port=443): Max retries exceeded with url: /rest/openapi/pvms/nbi/v1/device/history (Caused by NameResolutionError("<urllib3.connection.HTTPSConnection object at 0x0000016431587610>: Failed to resolve 'sg5.fusionsolar.huawei.com' ([Errno 11002] getaddrinfo failed)"))
2026-05-05 17:00:26,557 - root - WARNING - Failed to fetch historical data
2026-05-05 17:00:26,557 - root - INFO - Using single devDn for device/history (API: one device per query)
2026-05-05 17:00:26,558 - root - INFO - Fetching historical data for 1 devices of type inverter
2026-05-05 17:00:26,558 - root - INFO - Making API request to: https://sg5.fusionsolar.huawei.com/rest/openapi/pvms/nbi/v1/device/history
2026-05-05 17:00:26,558 - root - INFO - Request payload: {'devDn': 'NE=54844504', 'devTypeId': 1, 'startTime': 1777827601000, 'endTime': 1777913999000}
2026-05-05 17:00:26,559 - root - ERROR - Error during API request to /rest/openapi/pvms/nbi/v1/device/history: HTTPSConnectionPool(host='sg5.fusionsolar.huawei.com', port=443): Max retries exceeded with url: /rest/openapi/pvms/nbi/v1/device/history (Caused by NameResolutionError("<urllib3.connection.HTTPSConnection object at 0x00000164315856D0>: Failed to resolve 'sg5.fusionsolar.huawei.com' ([Errno 11002] getaddrinfo failed)"))
2026-05-05 17:00:26,559 - root - WARNING - Failed to fetch historical data
2026-05-05 17:00:26,559 - root - INFO - Using single devDn for device/history (API: one device per query)
2026-05-05 17:00:26,560 - root - INFO - Fetching historical data for 1 devices of type inverter
2026-05-05 17:00:26,560 - root - INFO - Making API request to: https://sg5.fusionsolar.huawei.com/rest/openapi/pvms/nbi/v1/device/history
2026-05-05 17:00:26,560 - root - INFO - Request payload: {'devDn': 'NE=54435803', 'devTypeId': 1, 'startTime': 1777827601000, 'endTime': 1777913999000}
2026-05-05 17:00:26,561 - root - ERROR - Error during API request to /rest/openapi/pvms/nbi/v1/device/history: HTTPSConnectionPool(host='sg5.fusionsolar.huawei.com', port=443): Max retries exceeded with url: /rest/openapi/pvms/nbi/v1/device/history (Caused by NameResolutionError("<urllib3.connection.HTTPSConnection object at 0x00000164314B9950>: Failed to resolve 'sg5.fusionsolar.huawei.com' ([Errno 11002] getaddrinfo failed)"))
2026-05-05 17:00:26,561 - root - WARNING - Failed to fetch historical data
2026-05-05 17:00:26,561 - root - INFO - Using single devDn for device/history (API: one device per query)
2026-05-05 17:00:26,562 - root - INFO - Fetching historical data for 1 devices of type inverter
2026-05-05 17:00:26,562 - root - INFO - Making API request to: https://sg5.fusionsolar.huawei.com/rest/openapi/pvms/nbi/v1/device/history
2026-05-05 17:00:26,562 - root - INFO - Request payload: {'devDn': 'NE=54435804', 'devTypeId': 1, 'startTime': 1777827601000, 'endTime': 1777913999000}
2026-05-05 17:00:26,563 - root - ERROR - Error during API request to /rest/openapi/pvms/nbi/v1/device/history: HTTPSConnectionPool(host='sg5.fusionsolar.huawei.com', port=443): Max retries exceeded with url: /rest/openapi/pvms/nbi/v1/device/history (Caused by NameResolutionError("<urllib3.connection.HTTPSConnection object at 0x00000164314BAC10>: Failed to resolve 'sg5.fusionsolar.huawei.com' ([Errno 11002] getaddrinfo failed)"))
2026-05-05 17:00:26,563 - root - WARNING - Failed to fetch historical data
2026-05-05 17:00:26,563 - root - INFO - Using single devDn for device/history (API: one device per query)
2026-05-05 17:00:26,564 - root - INFO - Fetching historical data for 1 devices of type inverter
2026-05-05 17:00:26,564 - root - INFO - Making API request to: https://sg5.fusionsolar.huawei.com/rest/openapi/pvms/nbi/v1/device/history
2026-05-05 17:00:26,564 - root - INFO - Request payload: {'devDn': 'NE=54435805', 'devTypeId': 1, 'startTime': 1777827601000, 'endTime': 1777913999000}
2026-05-05 17:00:26,565 - root - ERROR - Error during API request to /rest/openapi/pvms/nbi/v1/device/history: HTTPSConnectionPool(host='sg5.fusionsolar.huawei.com', port=443): Max retries exceeded with url: /rest/openapi/pvms/nbi/v1/device/history (Caused by NameResolutionError("<urllib3.connection.HTTPSConnection object at 0x00000164314BA710>: Failed to resolve 'sg5.fusionsolar.huawei.com' ([Errno 11002] getaddrinfo failed)"))
2026-05-05 17:00:26,565 - root - WARNING - Failed to fetch historical data
2026-05-05 17:00:26,566 - root - INFO - Using single devDn for device/history (API: one device per query)
2026-05-05 17:00:26,566 - root - INFO - Fetching historical data for 1 devices of type inverter
2026-05-05 17:00:26,566 - root - INFO - Making API request to: https://sg5.fusionsolar.huawei.com/rest/openapi/pvms/nbi/v1/device/history
2026-05-05 17:00:26,566 - root - INFO - Request payload: {'devDn': 'NE=54435806', 'devTypeId': 1, 'startTime': 1777827601000, 'endTime': 1777913999000}
2026-05-05 17:00:26,567 - root - ERROR - Error during API request to /rest/openapi/pvms/nbi/v1/device/history: HTTPSConnectionPool(host='sg5.fusionsolar.huawei.com', port=443): Max retries exceeded with url: /rest/openapi/pvms/nbi/v1/device/history (Caused by NameResolutionError("<urllib3.connection.HTTPSConnection object at 0x0000016432BA6490>: Failed to resolve 'sg5.fusionsolar.huawei.com' ([Errno 11002] getaddrinfo failed)"))
2026-05-05 17:00:26,568 - root - WARNING - Failed to fetch historical data
2026-05-05 17:00:26,568 - root - INFO - Using single devDn for device/history (API: one device per query)
2026-05-05 17:00:26,569 - root - INFO - Fetching historical data for 1 devices of type inverter
2026-05-05 17:00:26,569 - root - INFO - Making API request to: https://sg5.fusionsolar.huawei.com/rest/openapi/pvms/nbi/v1/device/history
2026-05-05 17:00:26,569 - root - INFO - Request payload: {'devDn': 'NE=54436522', 'devTypeId': 1, 'startTime': 1777827601000, 'endTime': 1777913999000}
2026-05-05 17:00:26,570 - root - ERROR - Error during API request to /rest/openapi/pvms/nbi/v1/device/history: HTTPSConnectionPool(host='sg5.fusionsolar.huawei.com', port=443): Max retries exceeded with url: /rest/openapi/pvms/nbi/v1/device/history (Caused by NameResolutionError("<urllib3.connection.HTTPSConnection object at 0x0000016432BA4B90>: Failed to resolve 'sg5.fusionsolar.huawei.com' ([Errno 11002] getaddrinfo failed)"))
2026-05-05 17:00:26,570 - root - WARNING - Failed to fetch historical data
2026-05-05 17:00:26,570 - root - INFO - Using single devDn for device/history (API: one device per query)
2026-05-05 17:00:26,571 - root - INFO - Fetching historical data for 1 devices of type inverter
2026-05-05 17:00:26,571 - root - INFO - Making API request to: https://sg5.fusionsolar.huawei.com/rest/openapi/pvms/nbi/v1/device/history
2026-05-05 17:00:26,571 - root - INFO - Request payload: {'devDn': 'NE=54436523', 'devTypeId': 1, 'startTime': 1777827601000, 'endTime': 1777913999000}
2026-05-05 17:00:26,572 - root - ERROR - Error during API request to /rest/openapi/pvms/nbi/v1/device/history: HTTPSConnectionPool(host='sg5.fusionsolar.huawei.com', port=443): Max retries exceeded with url: /rest/openapi/pvms/nbi/v1/device/history (Caused by NameResolutionError("<urllib3.connection.HTTPSConnection object at 0x0000016432BA60D0>: Failed to resolve 'sg5.fusionsolar.huawei.com' ([Errno 11002] getaddrinfo failed)"))
2026-05-05 17:00:26,573 - root - WARNING - Failed to fetch historical data
2026-05-05 17:00:26,573 - root - INFO - Using single devDn for device/history (API: one device per query)
2026-05-05 17:00:26,573 - root - INFO - Fetching historical data for 1 devices of type inverter
2026-05-05 17:00:26,573 - root - INFO - Making API request to: https://sg5.fusionsolar.huawei.com/rest/openapi/pvms/nbi/v1/device/history
2026-05-05 17:00:26,573 - root - INFO - Request payload: {'devDn': 'NE=54436524', 'devTypeId': 1, 'startTime': 1777827601000, 'endTime': 1777913999000}
2026-05-05 17:00:26,576 - root - ERROR - Error during API request to /rest/openapi/pvms/nbi/v1/device/history: HTTPSConnectionPool(host='sg5.fusionsolar.huawei.com', port=443): Max retries exceeded with url: /rest/openapi/pvms/nbi/v1/device/history (Caused by NameResolutionError("<urllib3.connection.HTTPSConnection object at 0x0000016432BA7B10>: Failed to resolve 'sg5.fusionsolar.huawei.com' ([Errno 11002] getaddrinfo failed)"))
2026-05-05 17:00:26,580 - root - WARNING - Failed to fetch historical data
2026-05-05 17:00:26,580 - root - INFO - Using single devDn for device/history (API: one device per query)
2026-05-05 17:00:26,580 - root - INFO - Fetching historical data for 1 devices of type inverter
2026-05-05 17:00:26,581 - root - INFO - Making API request to: https://sg5.fusionsolar.huawei.com/rest/openapi/pvms/nbi/v1/device/history
2026-05-05 17:00:26,581 - root - INFO - Request payload: {'devDn': 'NE=54436525', 'devTypeId': 1, 'startTime': 1777827601000, 'endTime': 1777913999000}
2026-05-05 17:00:26,582 - root - ERROR - Error during API request to /rest/openapi/pvms/nbi/v1/device/history: HTTPSConnectionPool(host='sg5.fusionsolar.huawei.com', port=443): Max retries exceeded with url: /rest/openapi/pvms/nbi/v1/device/history (Caused by NameResolutionError("<urllib3.connection.HTTPSConnection object at 0x00000164314BAFD0>: Failed to resolve 'sg5.fusionsolar.huawei.com' ([Errno 11002] getaddrinfo failed)"))
2026-05-05 17:00:26,582 - root - WARNING - Failed to fetch historical data
2026-05-05 17:00:26,582 - root - INFO - Using single devDn for device/history (API: one device per query)
2026-05-05 17:00:26,583 - root - INFO - Fetching historical data for 1 devices of type inverter
2026-05-05 17:00:26,583 - root - INFO - Making API request to: https://sg5.fusionsolar.huawei.com/rest/openapi/pvms/nbi/v1/device/history
2026-05-05 17:00:26,583 - root - INFO - Request payload: {'devDn': 'NE=54436526', 'devTypeId': 1, 'startTime': 1777827601000, 'endTime': 1777913999000}
2026-05-05 17:00:26,584 - root - ERROR - Error during API request to /rest/openapi/pvms/nbi/v1/device/history: HTTPSConnectionPool(host='sg5.fusionsolar.huawei.com', port=443): Max retries exceeded with url: /rest/openapi/pvms/nbi/v1/device/history (Caused by NameResolutionError("<urllib3.connection.HTTPSConnection object at 0x00000164314BAD50>: Failed to resolve 'sg5.fusionsolar.huawei.com' ([Errno 11002] getaddrinfo failed)"))
2026-05-05 17:00:26,584 - root - WARNING - Failed to fetch historical data
2026-05-05 17:00:26,584 - root - INFO - Using single devDn for device/history (API: one device per query)
2026-05-05 17:00:26,585 - root - INFO - Fetching historical data for 1 devices of type inverter
2026-05-05 17:00:26,585 - root - INFO - Making API request to: https://sg5.fusionsolar.huawei.com/rest/openapi/pvms/nbi/v1/device/history
2026-05-05 17:00:26,585 - root - INFO - Request payload: {'devDn': 'NE=54436518', 'devTypeId': 1, 'startTime': 1777827601000, 'endTime': 1777913999000}
2026-05-05 17:00:26,586 - root - ERROR - Error during API request to /rest/openapi/pvms/nbi/v1/device/history: HTTPSConnectionPool(host='sg5.fusionsolar.huawei.com', port=443): Max retries exceeded with url: /rest/openapi/pvms/nbi/v1/device/history (Caused by NameResolutionError("<urllib3.connection.HTTPSConnection object at 0x00000164314BAE90>: Failed to resolve 'sg5.fusionsolar.huawei.com' ([Errno 11002] getaddrinfo failed)"))
2026-05-05 17:00:26,586 - root - WARNING - Failed to fetch historical data
2026-05-05 17:00:26,587 - root - INFO - Using single devDn for device/history (API: one device per query)
2026-05-05 17:00:26,587 - root - INFO - Fetching historical data for 1 devices of type inverter
2026-05-05 17:00:26,587 - root - INFO - Making API request to: https://sg5.fusionsolar.huawei.com/rest/openapi/pvms/nbi/v1/device/history
2026-05-05 17:00:26,587 - root - INFO - Request payload: {'devDn': 'NE=54436519', 'devTypeId': 1, 'startTime': 1777827601000, 'endTime': 1777913999000}
2026-05-05 17:00:26,588 - root - ERROR - Error during API request to /rest/openapi/pvms/nbi/v1/device/history: HTTPSConnectionPool(host='sg5.fusionsolar.huawei.com', port=443): Max retries exceeded with url: /rest/openapi/pvms/nbi/v1/device/history (Caused by NameResolutionError("<urllib3.connection.HTTPSConnection object at 0x0000016431584E10>: Failed to resolve 'sg5.fusionsolar.huawei.com' ([Errno 11002] getaddrinfo failed)"))
2026-05-05 17:00:26,593 - root - WARNING - Failed to fetch historical data
2026-05-05 17:00:26,593 - root - INFO - Using single devDn for device/history (API: one device per query)
2026-05-05 17:00:26,593 - root - INFO - Fetching historical data for 1 devices of type inverter
2026-05-05 17:00:26,593 - root - INFO - Making API request to: https://sg5.fusionsolar.huawei.com/rest/openapi/pvms/nbi/v1/device/history
2026-05-05 17:00:26,593 - root - INFO - Request payload: {'devDn': 'NE=54436520', 'devTypeId': 1, 'startTime': 1777827601000, 'endTime': 1777913999000}
2026-05-05 17:00:26,594 - root - ERROR - Error during API request to /rest/openapi/pvms/nbi/v1/device/history: HTTPSConnectionPool(host='sg5.fusionsolar.huawei.com', port=443): Max retries exceeded with url: /rest/openapi/pvms/nbi/v1/device/history (Caused by NameResolutionError("<urllib3.connection.HTTPSConnection object at 0x0000016431586850>: Failed to resolve 'sg5.fusionsolar.huawei.com' ([Errno 11002] getaddrinfo failed)"))
2026-05-05 17:00:26,595 - root - WARNING - Failed to fetch historical data
2026-05-05 17:00:26,595 - root - INFO - Using single devDn for device/history (API: one device per query)
2026-05-05 17:00:26,596 - root - INFO - Fetching historical data for 1 devices of type inverter
2026-05-05 17:00:26,596 - root - INFO - Making API request to: https://sg5.fusionsolar.huawei.com/rest/openapi/pvms/nbi/v1/device/history
2026-05-05 17:00:26,596 - root - INFO - Request payload: {'devDn': 'NE=54993788', 'devTypeId': 1, 'startTime': 1777827601000, 'endTime': 1777913999000}
2026-05-05 17:00:26,597 - root - ERROR - Error during API request to /rest/openapi/pvms/nbi/v1/device/history: HTTPSConnectionPool(host='sg5.fusionsolar.huawei.com', port=443): Max retries exceeded with url: /rest/openapi/pvms/nbi/v1/device/history (Caused by NameResolutionError("<urllib3.connection.HTTPSConnection object at 0x0000016431587250>: Failed to resolve 'sg5.fusionsolar.huawei.com' ([Errno 11002] getaddrinfo failed)"))
2026-05-05 17:00:26,597 - root - WARNING - Failed to fetch historical data
2026-05-05 17:00:26,597 - root - INFO - Using single devDn for device/history (API: one device per query)
2026-05-05 17:00:26,598 - root - INFO - Fetching historical data for 1 devices of type inverter
2026-05-05 17:00:26,598 - root - INFO - Making API request to: https://sg5.fusionsolar.huawei.com/rest/openapi/pvms/nbi/v1/device/history
2026-05-05 17:00:26,598 - root - INFO - Request payload: {'devDn': 'NE=53771651', 'devTypeId': 1, 'startTime': 1777827601000, 'endTime': 1777913999000}
2026-05-05 17:00:26,599 - root - ERROR - Error during API request to /rest/openapi/pvms/nbi/v1/device/history: HTTPSConnectionPool(host='sg5.fusionsolar.huawei.com', port=443): Max retries exceeded with url: /rest/openapi/pvms/nbi/v1/device/history (Caused by NameResolutionError("<urllib3.connection.HTTPSConnection object at 0x00000164315874D0>: Failed to resolve 'sg5.fusionsolar.huawei.com' ([Errno 11002] getaddrinfo failed)"))
2026-05-05 17:00:26,599 - root - WARNING - Failed to fetch historical data
2026-05-05 17:00:26,599 - root - INFO - Using single devDn for device/history (API: one device per query)
2026-05-05 17:00:26,600 - root - INFO - Fetching historical data for 1 devices of type inverter
2026-05-05 17:00:26,600 - root - INFO - Making API request to: https://sg5.fusionsolar.huawei.com/rest/openapi/pvms/nbi/v1/device/history
2026-05-05 17:00:26,600 - root - INFO - Request payload: {'devDn': 'NE=53771650', 'devTypeId': 1, 'startTime': 1777827601000, 'endTime': 1777913999000}
2026-05-05 17:00:26,601 - root - ERROR - Error during API request to /rest/openapi/pvms/nbi/v1/device/history: HTTPSConnectionPool(host='sg5.fusionsolar.huawei.com', port=443): Max retries exceeded with url: /rest/openapi/pvms/nbi/v1/device/history (Caused by NameResolutionError("<urllib3.connection.HTTPSConnection object at 0x0000016431585F90>: Failed to resolve 'sg5.fusionsolar.huawei.com' ([Errno 11002] getaddrinfo failed)"))
2026-05-05 17:00:26,606 - root - WARNING - Failed to fetch historical data
2026-05-05 17:00:26,606 - root - INFO - Using single devDn for device/history (API: one device per query)
2026-05-05 17:00:26,606 - root - INFO - Fetching historical data for 1 devices of type inverter
2026-05-05 17:00:26,606 - root - INFO - Making API request to: https://sg5.fusionsolar.huawei.com/rest/openapi/pvms/nbi/v1/device/history
2026-05-05 17:00:26,606 - root - INFO - Request payload: {'devDn': 'NE=53771649', 'devTypeId': 1, 'startTime': 1777827601000, 'endTime': 1777913999000}
2026-05-05 17:00:26,607 - root - ERROR - Error during API request to /rest/openapi/pvms/nbi/v1/device/history: HTTPSConnectionPool(host='sg5.fusionsolar.huawei.com', port=443): Max retries exceeded with url: /rest/openapi/pvms/nbi/v1/device/history (Caused by NameResolutionError("<urllib3.connection.HTTPSConnection object at 0x0000016431586990>: Failed to resolve 'sg5.fusionsolar.huawei.com' ([Errno 11002] getaddrinfo failed)"))
2026-05-05 17:00:26,608 - root - WARNING - Failed to fetch historical data
2026-05-05 17:00:26,608 - root - INFO - Using single devDn for device/history (API: one device per query)
2026-05-05 17:00:26,608 - root - INFO - Fetching historical data for 1 devices of type inverter
2026-05-05 17:00:26,609 - root - INFO - Making API request to: https://sg5.fusionsolar.huawei.com/rest/openapi/pvms/nbi/v1/device/history
2026-05-05 17:00:26,609 - root - INFO - Request payload: {'devDn': 'NE=53771644', 'devTypeId': 1, 'startTime': 1777827601000, 'endTime': 1777913999000}
2026-05-05 17:00:26,610 - root - ERROR - Error during API request to /rest/openapi/pvms/nbi/v1/device/history: HTTPSConnectionPool(host='sg5.fusionsolar.huawei.com', port=443): Max retries exceeded with url: /rest/openapi/pvms/nbi/v1/device/history (Caused by NameResolutionError("<urllib3.connection.HTTPSConnection object at 0x0000016431584F50>: Failed to resolve 'sg5.fusionsolar.huawei.com' ([Errno 11002] getaddrinfo failed)"))
2026-05-05 17:00:26,610 - root - WARNING - Failed to fetch historical data
2026-05-05 17:00:26,610 - root - INFO - Using single devDn for device/history (API: one device per query)
2026-05-05 17:00:26,611 - root - INFO - Fetching historical data for 1 devices of type inverter
2026-05-05 17:00:26,611 - root - INFO - Making API request to: https://sg5.fusionsolar.huawei.com/rest/openapi/pvms/nbi/v1/device/history
2026-05-05 17:00:26,611 - root - INFO - Request payload: {'devDn': 'NE=53771643', 'devTypeId': 1, 'startTime': 1777827601000, 'endTime': 1777913999000}
2026-05-05 17:00:26,612 - root - ERROR - Error during API request to /rest/openapi/pvms/nbi/v1/device/history: HTTPSConnectionPool(host='sg5.fusionsolar.huawei.com', port=443): Max retries exceeded with url: /rest/openapi/pvms/nbi/v1/device/history (Caused by NameResolutionError("<urllib3.connection.HTTPSConnection object at 0x0000016431584910>: Failed to resolve 'sg5.fusionsolar.huawei.com' ([Errno 11002] getaddrinfo failed)"))
2026-05-05 17:00:26,612 - root - WARNING - Failed to fetch historical data
2026-05-05 17:00:26,612 - root - INFO - Using single devDn for device/history (API: one device per query)
2026-05-05 17:00:26,613 - root - INFO - Fetching historical data for 1 devices of type inverter
2026-05-05 17:00:26,613 - root - INFO - Making API request to: https://sg5.fusionsolar.huawei.com/rest/openapi/pvms/nbi/v1/device/history
2026-05-05 17:00:26,613 - root - INFO - Request payload: {'devDn': 'NE=53771642', 'devTypeId': 1, 'startTime': 1777827601000, 'endTime': 1777913999000}
2026-05-05 17:00:26,614 - root - ERROR - Error during API request to /rest/openapi/pvms/nbi/v1/device/history: HTTPSConnectionPool(host='sg5.fusionsolar.huawei.com', port=443): Max retries exceeded with url: /rest/openapi/pvms/nbi/v1/device/history (Caused by NameResolutionError("<urllib3.connection.HTTPSConnection object at 0x0000016431586D50>: Failed to resolve 'sg5.fusionsolar.huawei.com' ([Errno 11002] getaddrinfo failed)"))
2026-05-05 17:00:26,619 - root - WARNING - Failed to fetch historical data
2026-05-05 17:00:26,619 - root - INFO - Using single devDn for device/history (API: one device per query)
2026-05-05 17:00:26,619 - root - INFO - Fetching historical data for 1 devices of type inverter
2026-05-05 17:00:26,619 - root - INFO - Making API request to: https://sg5.fusionsolar.huawei.com/rest/openapi/pvms/nbi/v1/device/history
2026-05-05 17:00:26,620 - root - INFO - Request payload: {'devDn': 'NE=53771648', 'devTypeId': 1, 'startTime': 1777827601000, 'endTime': 1777913999000}
2026-05-05 17:00:26,621 - root - ERROR - Error during API request to /rest/openapi/pvms/nbi/v1/device/history: HTTPSConnectionPool(host='sg5.fusionsolar.huawei.com', port=443): Max retries exceeded with url: /rest/openapi/pvms/nbi/v1/device/history (Caused by NameResolutionError("<urllib3.connection.HTTPSConnection object at 0x0000016432BA6D50>: Failed to resolve 'sg5.fusionsolar.huawei.com' ([Errno 11002] getaddrinfo failed)"))
2026-05-05 17:00:26,621 - root - WARNING - Failed to fetch historical data
2026-05-05 17:00:26,621 - root - INFO - Using single devDn for device/history (API: one device per query)
2026-05-05 17:00:26,621 - root - INFO - Fetching historical data for 1 devices of type inverter
2026-05-05 17:00:26,622 - root - INFO - Making API request to: https://sg5.fusionsolar.huawei.com/rest/openapi/pvms/nbi/v1/device/history
2026-05-05 17:00:26,622 - root - INFO - Request payload: {'devDn': 'NE=53771647', 'devTypeId': 1, 'startTime': 1777827601000, 'endTime': 1777913999000}
2026-05-05 17:00:26,623 - root - ERROR - Error during API request to /rest/openapi/pvms/nbi/v1/device/history: HTTPSConnectionPool(host='sg5.fusionsolar.huawei.com', port=443): Max retries exceeded with url: /rest/openapi/pvms/nbi/v1/device/history (Caused by NameResolutionError("<urllib3.connection.HTTPSConnection object at 0x0000016432BA4910>: Failed to resolve 'sg5.fusionsolar.huawei.com' ([Errno 11002] getaddrinfo failed)"))
2026-05-05 17:00:26,623 - root - WARNING - Failed to fetch historical data
2026-05-05 17:00:26,623 - root - INFO - Using single devDn for device/history (API: one device per query)
2026-05-05 17:00:26,623 - root - INFO - Fetching historical data for 1 devices of type inverter
2026-05-05 17:00:26,624 - root - INFO - Making API request to: https://sg5.fusionsolar.huawei.com/rest/openapi/pvms/nbi/v1/device/history
2026-05-05 17:00:26,624 - root - INFO - Request payload: {'devDn': 'NE=53771646', 'devTypeId': 1, 'startTime': 1777827601000, 'endTime': 1777913999000}
2026-05-05 17:00:26,625 - root - ERROR - Error during API request to /rest/openapi/pvms/nbi/v1/device/history: HTTPSConnectionPool(host='sg5.fusionsolar.huawei.com', port=443): Max retries exceeded with url: /rest/openapi/pvms/nbi/v1/device/history (Caused by NameResolutionError("<urllib3.connection.HTTPSConnection object at 0x0000016432BA5E50>: Failed to resolve 'sg5.fusionsolar.huawei.com' ([Errno 11002] getaddrinfo failed)"))
2026-05-05 17:00:26,625 - root - WARNING - Failed to fetch historical data
2026-05-05 17:00:26,625 - root - INFO - Using single devDn for device/history (API: one device per query)
2026-05-05 17:00:26,626 - root - INFO - Fetching historical data for 1 devices of type inverter
2026-05-05 17:00:26,626 - root - INFO - Making API request to: https://sg5.fusionsolar.huawei.com/rest/openapi/pvms/nbi/v1/device/history
2026-05-05 17:00:26,626 - root - INFO - Request payload: {'devDn': 'NE=53771645', 'devTypeId': 1, 'startTime': 1777827601000, 'endTime': 1777913999000}
2026-05-05 17:00:26,627 - root - ERROR - Error during API request to /rest/openapi/pvms/nbi/v1/device/history: HTTPSConnectionPool(host='sg5.fusionsolar.huawei.com', port=443): Max retries exceeded with url: /rest/openapi/pvms/nbi/v1/device/history (Caused by NameResolutionError("<urllib3.connection.HTTPSConnection object at 0x0000016432BA4F50>: Failed to resolve 'sg5.fusionsolar.huawei.com' ([Errno 11002] getaddrinfo failed)"))
2026-05-05 17:00:26,632 - root - WARNING - Failed to fetch historical data
2026-05-05 17:00:26,632 - root - INFO - Using single devDn for device/history (API: one device per query)
2026-05-05 17:00:26,633 - root - INFO - Fetching historical data for 1 devices of type inverter
2026-05-05 17:00:26,633 - root - INFO - Making API request to: https://sg5.fusionsolar.huawei.com/rest/openapi/pvms/nbi/v1/device/history
2026-05-05 17:00:26,633 - root - INFO - Request payload: {'devDn': 'NE=62806378', 'devTypeId': 1, 'startTime': 1777827601000, 'endTime': 1777913999000}
2026-05-05 17:00:26,634 - root - ERROR - Error during API request to /rest/openapi/pvms/nbi/v1/device/history: HTTPSConnectionPool(host='sg5.fusionsolar.huawei.com', port=443): Max retries exceeded with url: /rest/openapi/pvms/nbi/v1/device/history (Caused by NameResolutionError("<urllib3.connection.HTTPSConnection object at 0x0000016432BA7390>: Failed to resolve 'sg5.fusionsolar.huawei.com' ([Errno 11002] getaddrinfo failed)"))
2026-05-05 17:00:26,635 - root - WARNING - Failed to fetch historical data
2026-05-05 17:00:26,635 - root - INFO - Using single devDn for device/history (API: one device per query)
2026-05-05 17:00:26,635 - root - INFO - Fetching historical data for 1 devices of type inverter
2026-05-05 17:00:26,635 - root - INFO - Making API request to: https://sg5.fusionsolar.huawei.com/rest/openapi/pvms/nbi/v1/device/history
2026-05-05 17:00:26,635 - root - INFO - Request payload: {'devDn': 'NE=62806376', 'devTypeId': 1, 'startTime': 1777827601000, 'endTime': 1777913999000}
2026-05-05 17:00:26,636 - root - ERROR - Error during API request to /rest/openapi/pvms/nbi/v1/device/history: HTTPSConnectionPool(host='sg5.fusionsolar.huawei.com', port=443): Max retries exceeded with url: /rest/openapi/pvms/nbi/v1/device/history (Caused by NameResolutionError("<urllib3.connection.HTTPSConnection object at 0x0000016431586FD0>: Failed to resolve 'sg5.fusionsolar.huawei.com' ([Errno 11002] getaddrinfo failed)"))
2026-05-05 17:00:26,637 - root - WARNING - Failed to fetch historical data
2026-05-05 17:00:26,637 - root - INFO - Using single devDn for device/history (API: one device per query)
2026-05-05 17:00:26,637 - root - INFO - Fetching historical data for 1 devices of type inverter
2026-05-05 17:00:26,637 - root - INFO - Making API request to: https://sg5.fusionsolar.huawei.com/rest/openapi/pvms/nbi/v1/device/history
2026-05-05 17:00:26,638 - root - INFO - Request payload: {'devDn': 'NE=62806367', 'devTypeId': 1, 'startTime': 1777827601000, 'endTime': 1777913999000}
2026-05-05 17:00:26,638 - root - ERROR - Error during API request to /rest/openapi/pvms/nbi/v1/device/history: HTTPSConnectionPool(host='sg5.fusionsolar.huawei.com', port=443): Max retries exceeded with url: /rest/openapi/pvms/nbi/v1/device/history (Caused by NameResolutionError("<urllib3.connection.HTTPSConnection object at 0x0000016431586AD0>: Failed to resolve 'sg5.fusionsolar.huawei.com' ([Errno 11002] getaddrinfo failed)"))
2026-05-05 17:00:26,639 - root - WARNING - Failed to fetch historical data
2026-05-05 17:00:26,639 - root - INFO - Using single devDn for device/history (API: one device per query)
2026-05-05 17:00:26,639 - root - INFO - Fetching historical data for 1 devices of type inverter
2026-05-05 17:00:26,640 - root - INFO - Making API request to: https://sg5.fusionsolar.huawei.com/rest/openapi/pvms/nbi/v1/device/history
2026-05-05 17:00:26,640 - root - INFO - Request payload: {'devDn': 'NE=62806379', 'devTypeId': 1, 'startTime': 1777827601000, 'endTime': 1777913999000}
2026-05-05 17:00:26,641 - root - ERROR - Error during API request to /rest/openapi/pvms/nbi/v1/device/history: HTTPSConnectionPool(host='sg5.fusionsolar.huawei.com', port=443): Max retries exceeded with url: /rest/openapi/pvms/nbi/v1/device/history (Caused by NameResolutionError("<urllib3.connection.HTTPSConnection object at 0x0000016431586710>: Failed to resolve 'sg5.fusionsolar.huawei.com' ([Errno 11002] getaddrinfo failed)"))
2026-05-05 17:00:26,641 - root - WARNING - Failed to fetch historical data
2026-05-05 17:00:26,641 - root - INFO - Using single devDn for device/history (API: one device per query)
2026-05-05 17:00:26,641 - root - INFO - Fetching historical data for 1 devices of type inverter
2026-05-05 17:00:26,642 - root - INFO - Making API request to: https://sg5.fusionsolar.huawei.com/rest/openapi/pvms/nbi/v1/device/history
2026-05-05 17:00:26,642 - root - INFO - Request payload: {'devDn': 'NE=62807022', 'devTypeId': 1, 'startTime': 1777827601000, 'endTime': 1777913999000}
2026-05-05 17:00:26,643 - root - ERROR - Error during API request to /rest/openapi/pvms/nbi/v1/device/history: HTTPSConnectionPool(host='sg5.fusionsolar.huawei.com', port=443): Max retries exceeded with url: /rest/openapi/pvms/nbi/v1/device/history (Caused by NameResolutionError("<urllib3.connection.HTTPSConnection object at 0x00000164315847D0>: Failed to resolve 'sg5.fusionsolar.huawei.com' ([Errno 11002] getaddrinfo failed)"))
2026-05-05 17:00:26,643 - root - WARNING - Failed to fetch historical data
2026-05-05 17:00:26,643 - root - INFO - Using single devDn for device/history (API: one device per query)
2026-05-05 17:00:26,643 - root - INFO - Fetching historical data for 1 devices of type inverter
2026-05-05 17:00:26,644 - root - INFO - Making API request to: https://sg5.fusionsolar.huawei.com/rest/openapi/pvms/nbi/v1/device/history
2026-05-05 17:00:26,644 - root - INFO - Request payload: {'devDn': 'NE=62807019', 'devTypeId': 1, 'startTime': 1777827601000, 'endTime': 1777913999000}
2026-05-05 17:00:26,645 - root - ERROR - Error during API request to /rest/openapi/pvms/nbi/v1/device/history: HTTPSConnectionPool(host='sg5.fusionsolar.huawei.com', port=443): Max retries exceeded with url: /rest/openapi/pvms/nbi/v1/device/history (Caused by NameResolutionError("<urllib3.connection.HTTPSConnection object at 0x0000016431587D90>: Failed to resolve 'sg5.fusionsolar.huawei.com' ([Errno 11002] getaddrinfo failed)"))
2026-05-05 17:00:26,645 - root - WARNING - Failed to fetch historical data
2026-05-05 17:00:26,645 - root - INFO - Using single devDn for device/history (API: one device per query)
2026-05-05 17:00:26,645 - root - INFO - Fetching historical data for 1 devices of type inverter
2026-05-05 17:00:26,646 - root - INFO - Making API request to: https://sg5.fusionsolar.huawei.com/rest/openapi/pvms/nbi/v1/device/history
2026-05-05 17:00:26,646 - root - INFO - Request payload: {'devDn': 'NE=62807020', 'devTypeId': 1, 'startTime': 1777827601000, 'endTime': 1777913999000}
2026-05-05 17:00:26,647 - root - ERROR - Error during API request to /rest/openapi/pvms/nbi/v1/device/history: HTTPSConnectionPool(host='sg5.fusionsolar.huawei.com', port=443): Max retries exceeded with url: /rest/openapi/pvms/nbi/v1/device/history (Caused by NameResolutionError("<urllib3.connection.HTTPSConnection object at 0x0000016431584CD0>: Failed to resolve 'sg5.fusionsolar.huawei.com' ([Errno 11002] getaddrinfo failed)"))
2026-05-05 17:00:26,647 - root - WARNING - Failed to fetch historical data
2026-05-05 17:00:26,647 - root - INFO - Using single devDn for device/history (API: one device per query)
2026-05-05 17:00:26,647 - root - INFO - Fetching historical data for 1 devices of type inverter
2026-05-05 17:00:26,648 - root - INFO - Making API request to: https://sg5.fusionsolar.huawei.com/rest/openapi/pvms/nbi/v1/device/history
2026-05-05 17:00:26,648 - root - INFO - Request payload: {'devDn': 'NE=62807021', 'devTypeId': 1, 'startTime': 1777827601000, 'endTime': 1777913999000}
2026-05-05 17:00:26,649 - root - ERROR - Error during API request to /rest/openapi/pvms/nbi/v1/device/history: HTTPSConnectionPool(host='sg5.fusionsolar.huawei.com', port=443): Max retries exceeded with url: /rest/openapi/pvms/nbi/v1/device/history (Caused by NameResolutionError("<urllib3.connection.HTTPSConnection object at 0x0000016431586C10>: Failed to resolve 'sg5.fusionsolar.huawei.com' ([Errno 11002] getaddrinfo failed)"))
2026-05-05 17:00:26,649 - root - WARNING - Failed to fetch historical data
2026-05-05 17:00:26,649 - root - INFO - Using single devDn for device/history (API: one device per query)
2026-05-05 17:00:26,650 - root - INFO - Fetching historical data for 1 devices of type smart_assistant
2026-05-05 17:00:26,650 - root - INFO - Making API request to: https://sg5.fusionsolar.huawei.com/rest/openapi/pvms/nbi/v1/device/history
2026-05-05 17:00:26,650 - root - INFO - Request payload: {'devDn': 'NE=60951884', 'devTypeId': 23070, 'startTime': 1777827601000, 'endTime': 1777913999000}
2026-05-05 17:00:26,651 - root - ERROR - Error during API request to /rest/openapi/pvms/nbi/v1/device/history: HTTPSConnectionPool(host='sg5.fusionsolar.huawei.com', port=443): Max retries exceeded with url: /rest/openapi/pvms/nbi/v1/device/history (Caused by NameResolutionError("<urllib3.connection.HTTPSConnection object at 0x0000016431587890>: Failed to resolve 'sg5.fusionsolar.huawei.com' ([Errno 11002] getaddrinfo failed)"))
2026-05-05 17:00:26,651 - root - WARNING - Failed to fetch historical data
2026-05-05 17:00:26,651 - root - INFO - Using single devDn for device/history (API: one device per query)
2026-05-05 17:00:26,652 - root - INFO - Fetching historical data for 1 devices of type battery
2026-05-05 17:00:26,652 - root - INFO - Making API request to: https://sg5.fusionsolar.huawei.com/rest/openapi/pvms/nbi/v1/device/history
2026-05-05 17:00:26,652 - root - INFO - Request payload: {'devDn': 'NE=60951890', 'devTypeId': 39, 'startTime': 1777827601000, 'endTime': 1777913999000}
2026-05-05 17:00:26,653 - root - ERROR - Error during API request to /rest/openapi/pvms/nbi/v1/device/history: HTTPSConnectionPool(host='sg5.fusionsolar.huawei.com', port=443): Max retries exceeded with url: /rest/openapi/pvms/nbi/v1/device/history (Caused by NameResolutionError("<urllib3.connection.HTTPSConnection object at 0x0000016431587610>: Failed to resolve 'sg5.fusionsolar.huawei.com' ([Errno 11002] getaddrinfo failed)"))
2026-05-05 17:00:26,658 - root - WARNING - Failed to fetch historical data
2026-05-05 17:00:26,660 - root - INFO - Processed 28194 data points for 2026-05-03 to 2026-05-04
2026-05-05 17:00:26,668 - root - INFO - Total data points ingested: 37183
2026-05-05 17:00:26,677 - fusionsolar.tasks - INFO - FusionSolar ingestion completed successfully. Rows inserted: 37183, Execution time: 2538.56 seconds
2026-05-05 17:00:26,680 - __main__ - INFO - FusionSolar ingestion completed: {'status': 'success', 'rows_inserted': 37183, 'execution_time': 2538.5588386058807, 'start_date': '2026-05-04', 'end_date': '2026-05-04'}
2026-05-05 17:00:26,709 - __main__ - INFO - Step 2: Running dbt transformations...
2026-05-05 17:00:26,713 - __main__ - INFO - Running dbt run
2026-05-05 17:04:18,202 - __main__ - INFO - dbt run completed successfully
2026-05-05 17:04:18,213 - __main__ - INFO - ================================================================================
2026-05-05 17:04:18,214 - __main__ - INFO - MMSR Daily Pipeline completed successfully!
2026-05-05 17:04:18,215 - __main__ - INFO - Total execution time: 2770.10 seconds
2026-05-05 17:04:18,216 - __main__ - INFO - FusionSolar: {'status': 'success', 'rows_inserted': 37183, 'execution_time': 2538.5588386058807, 'start_date': '2026-05-04', 'end_date': '2026-05-04'}
2026-05-05 17:04:18,217 - __main__ - INFO - iSolarCloud: {'status': 'success', 'rows_inserted': None, 'execution_time': 202.63016724586487, 'start_date': '2026-05-04', 'end_date': '2026-05-04'}
2026-05-05 17:04:18,217 - __main__ - INFO - ================================================================================
