2026-05-08 01:00:01,349 - root - INFO - Database URL constructed: postgresql://juice:***@10.101.4.88:5432/MMSR
2026-05-08 01:00:02,286 - root - INFO - Database engine initialized at module import
2026-05-08 01:00:02,299 - root - INFO - Database URL constructed: postgresql://juice:***@10.101.4.88:5432/MMSR
2026-05-08 01:00:02,304 - __main__ - INFO - ================================================================================
2026-05-08 01:00:02,305 - __main__ - INFO - Starting MMSR Daily Pipeline
2026-05-08 01:00:02,305 - __main__ - INFO - ================================================================================
2026-05-08 01:00:02,305 - __main__ - INFO - Processing date: 2026-05-07
2026-05-08 01:00:02,305 - __main__ - INFO - Step 1: Running parallel ingestion...
2026-05-08 01:00:02,306 - __main__ - INFO - Starting parallel ingestion for FusionSolar and iSolarCloud
2026-05-08 01:00:02,306 - __main__ - INFO - Starting FusionSolar ingestion for 2026-05-07 to 2026-05-07
2026-05-08 01:00:02,306 - fusionsolar.tasks - INFO - Starting FusionSolar ingestion for date range: 2026-05-07 to 2026-05-07
2026-05-08 01:00:02,306 - __main__ - INFO - Starting iSolarCloud ingestion for 2026-05-07 to 2026-05-07
2026-05-08 01:00:02,307 - fusionsolar.tasks - INFO - Initializing database connection
2026-05-08 01:00:02,307 - isolarcloud.tasks - INFO - Starting iSolarCloud ingestion for date range: 2026-05-07 to 2026-05-07
2026-05-08 01:00:02,307 - fusionsolar.tasks - INFO - Database initialized successfully
2026-05-08 01:00:02,307 - isolarcloud.tasks - INFO - Initializing database connection
2026-05-08 01:00:02,307 - fusionsolar.tasks - INFO - Logging in to FusionSolar API
2026-05-08 01:00:02,310 - root - INFO - Attempting to login to FusionSolar API at https://sg5.fusionsolar.huawei.com/thirdData/login
2026-05-08 01:00:02,586 - root - INFO - PostgreSQL database initialized successfully.
2026-05-08 01:00:02,586 - isolarcloud.tasks - INFO - Database initialized successfully
2026-05-08 01:00:02,586 - isolarcloud.tasks - INFO - Logging in to iSolarCloud API
2026-05-08 01:00:03,042 - root - INFO - Login response status code: 200
2026-05-08 01:00:03,042 - root - INFO - Successfully logged into FusionSolar.
2026-05-08 01:00:03,045 - fusionsolar.tasks - INFO - FusionSolar API login successful
2026-05-08 01:00:03,045 - fusionsolar.tasks - INFO - Fetching historical data from 2026-05-07 to 2026-05-07
2026-05-08 01:00:03,046 - root - INFO - Database engine initialized in data_processing module
2026-05-08 01:00:03,105 - root - INFO - Found 236 devices matching the filter criteria.
2026-05-08 01:00:03,106 - root - INFO - Processing 236 devices fetched from DB. Parsing and verifying grid_connection_dates...
2026-05-08 01:00:03,108 - root - INFO - Finished parsing Grid Connection Dates. Total devices processed: 236.
2026-05-08 01:00:03,108 - root - INFO -   GCDs initially None/Empty from DB: 0
2026-05-08 01:00:03,108 - root - INFO -   Successfully parsed/converted to datetime (UTC): 236
2026-05-08 01:00:03,108 - root - INFO -   Failed to parse non-empty values (now None): 0
2026-05-08 01:00:03,109 - root - INFO - Starting main batch processing loop. Total devices to consider: 236.
2026-05-08 01:00:03,109 - root - INFO - Processing data from 2026-05-06 to 2026-05-07
2026-05-08 01:00:03,110 - root - INFO - Master device list count: 236. Devices eligible for this batch (ending 2026-05-07): 236.
2026-05-08 01:00:03,110 - root - WARNING - Unknown device type ID 63 for device 102555606343
2026-05-08 01:00:03,110 - root - WARNING - Unknown device type ID 23071 for device BT2560339978
2026-05-08 01:00:03,111 - root - WARNING - Unknown device type ID 63 for device 10254C346758
2026-05-08 01:00:03,111 - root - WARNING - Unknown device type ID 63 for device 1023B7436516
2026-05-08 01:00:03,111 - root - WARNING - Unknown device type ID 63 for device 1023C7355634
2026-05-08 01:00:03,111 - root - WARNING - Unknown device type ID 63 for device 1024B6566719
2026-05-08 01:00:03,112 - root - WARNING - Unknown device type ID 63 for device 1024B6566722
2026-05-08 01:00:03,112 - root - WARNING - Unknown device type ID 38 for device 102446387448
2026-05-08 01:00:03,112 - root - WARNING - Unknown device type ID 63 for device 102467487012
2026-05-08 01:00:03,112 - root - WARNING - Unknown device type ID 63 for device 102287046729
2026-05-08 01:00:03,113 - root - WARNING - Unknown device type ID 63 for device 102527099805
2026-05-08 01:00:03,113 - root - WARNING - Unknown device type ID 63 for device 102459944283
2026-05-08 01:00:03,113 - root - WARNING - Unknown device type ID 63 for device 1023A5160368
2026-05-08 01:00:03,113 - root - WARNING - Unknown device type ID 38 for device 102446387459
2026-05-08 01:00:03,114 - root - WARNING - Unknown device type ID 63 for device 102527099822
2026-05-08 01:00:03,114 - root - INFO - Using single devDn for device/history (API: one device per query)
2026-05-08 01:00:03,118 - root - INFO - Fetching historical data for 1 devices of type meter
2026-05-08 01:00:03,118 - root - INFO - Making API request to: https://sg5.fusionsolar.huawei.com/rest/openapi/pvms/nbi/v1/device/history
2026-05-08 01:00:03,118 - root - INFO - Request payload: {'devDn': 'NE=50488256', 'devTypeId': 17, 'startTime': 1778086800000, 'endTime': 1778173199000}
2026-05-08 01:00:03,690 - root - INFO - Successfully logged into iSolarCloud.
2026-05-08 01:00:03,692 - isolarcloud.tasks - INFO - iSolarCloud API login successful
2026-05-08 01:00:03,692 - isolarcloud.tasks - INFO - Fetching historical data from 2026-05-07 to 2026-05-07
2026-05-08 01:00:03,744 - root - INFO - PostgreSQL database initialized successfully.
2026-05-08 01:00:03,744 - root - INFO - Database engine initialized in data processing module
2026-05-08 01:00:03,746 - root - INFO - Preparing to fetch historical data from 2026-05-07 to 2026-05-07
2026-05-08 01:00:03,759 - root - INFO - Parsing install_date for 347 devices...
2026-05-08 01:00:03,760 - root - INFO - Finished parsing install_dates. Parsed: 347, Failed: 0, None from DB: 0
2026-05-08 01:00:03,760 - root - INFO - Filtering for device types: meter,inverter,meteo_station
2026-05-08 01:00:03,762 - root - INFO - Filtered to 325 devices matching specified types.
2026-05-08 01:00:03,762 - root - INFO - Processing batch from 2026-05-07 to 2026-05-07
2026-05-08 01:00:03,763 - root - INFO - Batch 2026-05-07 to 2026-05-07: Total devices considered: 325, Eligible by install_date: 325
2026-05-08 01:00:03,763 - root - INFO - Processing day-batch: 2026-05-07 for 325 devices.
2026-05-08 01:00:03,763 - root - INFO - Processing 8 intervals in parallel with 8 workers
2026-05-08 01:00:03,764 - root - INFO - Fetching minute data with payload: {'ps_key_list': ['1680199_7_10_2', '1680199_7_18_1', '1680199_7_13_2', '1680199_7_17_1', '1680199_7_12_1', '1680199_7_16_1', '1680199_7_15_1', '1680199_7_14_1', '1680199_7_21_1', '1680199_7_15_2', '1680199_7_20_1', '1680199_7_19_1', '1680199_7_14_2'], 'points': 'p8030,p8031,p8032,p8033,p8018,p8014', 'start_time_stamp': '20260507000000', 'end_time_stamp': '20260507030000', 'minute_interval': 5}
2026-05-08 01:00:03,765 - root - INFO - Fetching minute data with payload: {'ps_key_list': ['1680199_7_10_2', '1680199_7_18_1', '1680199_7_13_2', '1680199_7_17_1', '1680199_7_12_1', '1680199_7_16_1', '1680199_7_15_1', '1680199_7_14_1', '1680199_7_21_1', '1680199_7_15_2', '1680199_7_20_1', '1680199_7_19_1', '1680199_7_14_2'], 'points': 'p8030,p8031,p8032,p8033,p8018,p8014', 'start_time_stamp': '20260507030000', 'end_time_stamp': '20260507060000', 'minute_interval': 5}
2026-05-08 01:00:03,766 - root - INFO - Fetching minute data with payload: {'ps_key_list': ['1680199_7_10_2', '1680199_7_18_1', '1680199_7_13_2', '1680199_7_17_1', '1680199_7_12_1', '1680199_7_16_1', '1680199_7_15_1', '1680199_7_14_1', '1680199_7_21_1', '1680199_7_15_2', '1680199_7_20_1', '1680199_7_19_1', '1680199_7_14_2'], 'points': 'p8030,p8031,p8032,p8033,p8018,p8014', 'start_time_stamp': '20260507060000', 'end_time_stamp': '20260507090000', 'minute_interval': 5}
2026-05-08 01:00:03,767 - root - INFO - Fetching minute data with payload: {'ps_key_list': ['1680199_7_10_2', '1680199_7_18_1', '1680199_7_13_2', '1680199_7_17_1', '1680199_7_12_1', '1680199_7_16_1', '1680199_7_15_1', '1680199_7_14_1', '1680199_7_21_1', '1680199_7_15_2', '1680199_7_20_1', '1680199_7_19_1', '1680199_7_14_2'], 'points': 'p8030,p8031,p8032,p8033,p8018,p8014', 'start_time_stamp': '20260507090000', 'end_time_stamp': '20260507120000', 'minute_interval': 5}
2026-05-08 01:00:03,768 - root - INFO - Fetching minute data with payload: {'ps_key_list': ['1680199_7_10_2', '1680199_7_18_1', '1680199_7_13_2', '1680199_7_17_1', '1680199_7_12_1', '1680199_7_16_1', '1680199_7_15_1', '1680199_7_14_1', '1680199_7_21_1', '1680199_7_15_2', '1680199_7_20_1', '1680199_7_19_1', '1680199_7_14_2'], 'points': 'p8030,p8031,p8032,p8033,p8018,p8014', 'start_time_stamp': '20260507120000', 'end_time_stamp': '20260507150000', 'minute_interval': 5}
2026-05-08 01:00:03,768 - root - INFO - Fetching minute data with payload: {'ps_key_list': ['1680199_7_10_2', '1680199_7_18_1', '1680199_7_13_2', '1680199_7_17_1', '1680199_7_12_1', '1680199_7_16_1', '1680199_7_15_1', '1680199_7_14_1', '1680199_7_21_1', '1680199_7_15_2', '1680199_7_20_1', '1680199_7_19_1', '1680199_7_14_2'], 'points': 'p8030,p8031,p8032,p8033,p8018,p8014', 'start_time_stamp': '20260507150000', 'end_time_stamp': '20260507180000', 'minute_interval': 5}
2026-05-08 01:00:03,769 - root - INFO - Fetching minute data with payload: {'ps_key_list': ['1680199_7_10_2', '1680199_7_18_1', '1680199_7_13_2', '1680199_7_17_1', '1680199_7_12_1', '1680199_7_16_1', '1680199_7_15_1', '1680199_7_14_1', '1680199_7_21_1', '1680199_7_15_2', '1680199_7_20_1', '1680199_7_19_1', '1680199_7_14_2'], 'points': 'p8030,p8031,p8032,p8033,p8018,p8014', 'start_time_stamp': '20260507180000', 'end_time_stamp': '20260507210000', 'minute_interval': 5}
2026-05-08 01:00:03,770 - root - INFO - Fetching minute data with payload: {'ps_key_list': ['1680199_7_10_2', '1680199_7_18_1', '1680199_7_13_2', '1680199_7_17_1', '1680199_7_12_1', '1680199_7_16_1', '1680199_7_15_1', '1680199_7_14_1', '1680199_7_21_1', '1680199_7_15_2', '1680199_7_20_1', '1680199_7_19_1', '1680199_7_14_2'], 'points': 'p8030,p8031,p8032,p8033,p8018,p8014', 'start_time_stamp': '20260507210000', 'end_time_stamp': '20260507235959', 'minute_interval': 5}
2026-05-08 01:00:04,808 - root - INFO - Response status code: 200
2026-05-08 01:00:04,819 - root - INFO - API response from https://sg5.fusionsolar.huawei.com/rest/openapi/pvms/nbi/v1/device/history (truncated): {'failCode': 0, 'success': True, 'message': 'historical data information query successful.', 'data': [{'devDn': 'NE=50488256', 'collectTime': 1778086800000, 'dataItems': {'active_cap': 209.6, 'power_factor': 0.0, 'a_i': 0.0, 'c_i': 0.0, 'b_i': 0.0, 'reverse_reactive_valley': None, 'positive_reactive_peak': None, 'reverse_reactive_peak': None, 'reverse_active_peak': None, 'positive_active_peak': None, 'a_u': 0.0, 'reactive_power': 0.0, 'c_u': 0.0, 'total_apparent_power': 0.0, 'bc_u': 769.69, 'b_u...
2026-05-08 01:00:04,822 - root - INFO - API Response type: <class 'dict'>
2026-05-08 01:00:04,823 - root - INFO - API Response keys: ['failCode', 'success', 'message', 'data']
2026-05-08 01:00:04,823 - root - INFO - API Response data is a list with 288 items
2026-05-08 01:00:04,823 - root - INFO - API Response has failCode: 0, message: historical data information query successful.
2026-05-08 01:00:04,823 - root - INFO - Using alternate response format: data as list
2026-05-08 01:00:04,823 - root - INFO - Received 288 data points from API
2026-05-08 01:00:04,824 - root - INFO - Sample data point structure: ['devDn', 'collectTime', 'dataItems']
2026-05-08 01:00:05,119 - root - INFO - Successfully upserted 288 data points.
2026-05-08 01:00:06,976 - root - INFO - Successfully upserted 296 data points.
2026-05-08 01:00:06,976 - root - INFO - Fetching minute data with payload: {'ps_key_list': ['1680199_1_9_2', '1680199_1_7_1', '1680199_1_4_1', '1680199_1_8_2', '1680199_1_7_2', '1680199_1_6_2', '1680199_1_4_2', '1680199_1_1_2', '1680199_1_5_2', '1680199_1_3_2', '1680199_1_2_2', '1680199_1_2_1', '1680199_1_1_1', '1680199_1_3_1', '1680199_1_6_1', '1680199_1_9_1', '1680199_1_10_1', '1680199_1_8_1', '1680199_1_11_1', '1680199_1_5_1'], 'points': 'p96,p97,p98,p99,p100,p101,p102,p103,p104,p105,p106,p107,p108,p109,p110,p111,p112,p113,p7166,p7167,p7168,p7169,p7170,p7171,p70,p71,p72,p73,p74,p75,p76,p77,p78,p79,p80,p81,p82,p83,p84,p85,p92,p93,p313,p314,p315,p316,p317,p318', 'start_time_stamp': '20260507120000', 'end_time_stamp': '20260507150000', 'minute_interval': 5}
2026-05-08 01:00:07,117 - root - INFO - Successfully upserted 296 data points.
2026-05-08 01:00:07,120 - root - INFO - Fetching minute data with payload: {'ps_key_list': ['1680199_1_9_2', '1680199_1_7_1', '1680199_1_4_1', '1680199_1_8_2', '1680199_1_7_2', '1680199_1_6_2', '1680199_1_4_2', '1680199_1_1_2', '1680199_1_5_2', '1680199_1_3_2', '1680199_1_2_2', '1680199_1_2_1', '1680199_1_1_1', '1680199_1_3_1', '1680199_1_6_1', '1680199_1_9_1', '1680199_1_10_1', '1680199_1_8_1', '1680199_1_11_1', '1680199_1_5_1'], 'points': 'p96,p97,p98,p99,p100,p101,p102,p103,p104,p105,p106,p107,p108,p109,p110,p111,p112,p113,p7166,p7167,p7168,p7169,p7170,p7171,p70,p71,p72,p73,p74,p75,p76,p77,p78,p79,p80,p81,p82,p83,p84,p85,p92,p93,p313,p314,p315,p316,p317,p318', 'start_time_stamp': '20260507060000', 'end_time_stamp': '20260507090000', 'minute_interval': 5}
2026-05-08 01:00:07,120 - root - INFO - Successfully upserted 296 data points.
2026-05-08 01:00:07,125 - root - INFO - Fetching minute data with payload: {'ps_key_list': ['1680199_1_9_2', '1680199_1_7_1', '1680199_1_4_1', '1680199_1_8_2', '1680199_1_7_2', '1680199_1_6_2', '1680199_1_4_2', '1680199_1_1_2', '1680199_1_5_2', '1680199_1_3_2', '1680199_1_2_2', '1680199_1_2_1', '1680199_1_1_1', '1680199_1_3_1', '1680199_1_6_1', '1680199_1_9_1', '1680199_1_10_1', '1680199_1_8_1', '1680199_1_11_1', '1680199_1_5_1'], 'points': 'p96,p97,p98,p99,p100,p101,p102,p103,p104,p105,p106,p107,p108,p109,p110,p111,p112,p113,p7166,p7167,p7168,p7169,p7170,p7171,p70,p71,p72,p73,p74,p75,p76,p77,p78,p79,p80,p81,p82,p83,p84,p85,p92,p93,p313,p314,p315,p316,p317,p318', 'start_time_stamp': '20260507150000', 'end_time_stamp': '20260507180000', 'minute_interval': 5}
2026-05-08 01:00:07,266 - root - INFO - Successfully upserted 296 data points.
2026-05-08 01:00:07,270 - root - INFO - Successfully upserted 296 data points.
2026-05-08 01:00:07,275 - root - INFO - Successfully upserted 255 data points.
2026-05-08 01:00:07,329 - root - INFO - Fetching minute data with payload: {'ps_key_list': ['1680199_1_9_2', '1680199_1_7_1', '1680199_1_4_1', '1680199_1_8_2', '1680199_1_7_2', '1680199_1_6_2', '1680199_1_4_2', '1680199_1_1_2', '1680199_1_5_2', '1680199_1_3_2', '1680199_1_2_2', '1680199_1_2_1', '1680199_1_1_1', '1680199_1_3_1', '1680199_1_6_1', '1680199_1_9_1', '1680199_1_10_1', '1680199_1_8_1', '1680199_1_11_1', '1680199_1_5_1'], 'points': 'p96,p97,p98,p99,p100,p101,p102,p103,p104,p105,p106,p107,p108,p109,p110,p111,p112,p113,p7166,p7167,p7168,p7169,p7170,p7171,p70,p71,p72,p73,p74,p75,p76,p77,p78,p79,p80,p81,p82,p83,p84,p85,p92,p93,p313,p314,p315,p316,p317,p318', 'start_time_stamp': '20260507030000', 'end_time_stamp': '20260507060000', 'minute_interval': 5}
2026-05-08 01:00:07,364 - root - INFO - Fetching minute data with payload: {'ps_key_list': ['1680199_1_9_2', '1680199_1_7_1', '1680199_1_4_1', '1680199_1_8_2', '1680199_1_7_2', '1680199_1_6_2', '1680199_1_4_2', '1680199_1_1_2', '1680199_1_5_2', '1680199_1_3_2', '1680199_1_2_2', '1680199_1_2_1', '1680199_1_1_1', '1680199_1_3_1', '1680199_1_6_1', '1680199_1_9_1', '1680199_1_10_1', '1680199_1_8_1', '1680199_1_11_1', '1680199_1_5_1'], 'points': 'p96,p97,p98,p99,p100,p101,p102,p103,p104,p105,p106,p107,p108,p109,p110,p111,p112,p113,p7166,p7167,p7168,p7169,p7170,p7171,p70,p71,p72,p73,p74,p75,p76,p77,p78,p79,p80,p81,p82,p83,p84,p85,p92,p93,p313,p314,p315,p316,p317,p318', 'start_time_stamp': '20260507090000', 'end_time_stamp': '20260507120000', 'minute_interval': 5}
2026-05-08 01:00:07,364 - root - INFO - Fetching minute data with payload: {'ps_key_list': ['1680199_1_9_2', '1680199_1_7_1', '1680199_1_4_1', '1680199_1_8_2', '1680199_1_7_2', '1680199_1_6_2', '1680199_1_4_2', '1680199_1_1_2', '1680199_1_5_2', '1680199_1_3_2', '1680199_1_2_2', '1680199_1_2_1', '1680199_1_1_1', '1680199_1_3_1', '1680199_1_6_1', '1680199_1_9_1', '1680199_1_10_1', '1680199_1_8_1', '1680199_1_11_1', '1680199_1_5_1'], 'points': 'p96,p97,p98,p99,p100,p101,p102,p103,p104,p105,p106,p107,p108,p109,p110,p111,p112,p113,p7166,p7167,p7168,p7169,p7170,p7171,p70,p71,p72,p73,p74,p75,p76,p77,p78,p79,p80,p81,p82,p83,p84,p85,p92,p93,p313,p314,p315,p316,p317,p318', 'start_time_stamp': '20260507210000', 'end_time_stamp': '20260507235959', 'minute_interval': 5}
2026-05-08 01:00:07,365 - root - INFO - Successfully upserted 296 data points.
2026-05-08 01:00:07,371 - root - INFO - Successfully upserted 296 data points.
2026-05-08 01:00:07,381 - root - INFO - Fetching minute data with payload: {'ps_key_list': ['1680199_1_9_2', '1680199_1_7_1', '1680199_1_4_1', '1680199_1_8_2', '1680199_1_7_2', '1680199_1_6_2', '1680199_1_4_2', '1680199_1_1_2', '1680199_1_5_2', '1680199_1_3_2', '1680199_1_2_2', '1680199_1_2_1', '1680199_1_1_1', '1680199_1_3_1', '1680199_1_6_1', '1680199_1_9_1', '1680199_1_10_1', '1680199_1_8_1', '1680199_1_11_1', '1680199_1_5_1'], 'points': 'p96,p97,p98,p99,p100,p101,p102,p103,p104,p105,p106,p107,p108,p109,p110,p111,p112,p113,p7166,p7167,p7168,p7169,p7170,p7171,p70,p71,p72,p73,p74,p75,p76,p77,p78,p79,p80,p81,p82,p83,p84,p85,p92,p93,p313,p314,p315,p316,p317,p318', 'start_time_stamp': '20260507000000', 'end_time_stamp': '20260507030000', 'minute_interval': 5}
2026-05-08 01:00:07,381 - root - INFO - Fetching minute data with payload: {'ps_key_list': ['1680199_1_9_2', '1680199_1_7_1', '1680199_1_4_1', '1680199_1_8_2', '1680199_1_7_2', '1680199_1_6_2', '1680199_1_4_2', '1680199_1_1_2', '1680199_1_5_2', '1680199_1_3_2', '1680199_1_2_2', '1680199_1_2_1', '1680199_1_1_1', '1680199_1_3_1', '1680199_1_6_1', '1680199_1_9_1', '1680199_1_10_1', '1680199_1_8_1', '1680199_1_11_1', '1680199_1_5_1'], 'points': 'p96,p97,p98,p99,p100,p101,p102,p103,p104,p105,p106,p107,p108,p109,p110,p111,p112,p113,p7166,p7167,p7168,p7169,p7170,p7171,p70,p71,p72,p73,p74,p75,p76,p77,p78,p79,p80,p81,p82,p83,p84,p85,p92,p93,p313,p314,p315,p316,p317,p318', 'start_time_stamp': '20260507180000', 'end_time_stamp': '20260507210000', 'minute_interval': 5}
2026-05-08 01:00:10,183 - root - INFO - Using single devDn for device/history (API: one device per query)
2026-05-08 01:00:10,186 - root - INFO - Fetching historical data for 1 devices of type meter
2026-05-08 01:00:10,187 - root - INFO - Making API request to: https://sg5.fusionsolar.huawei.com/rest/openapi/pvms/nbi/v1/device/history
2026-05-08 01:00:10,187 - root - INFO - Request payload: {'devDn': 'NE=50586462', 'devTypeId': 17, 'startTime': 1778086800000, 'endTime': 1778173199000}
2026-05-08 01:00:10,836 - root - INFO - Successfully upserted 666 data points.
2026-05-08 01:00:10,837 - root - INFO - Fetching minute data with payload: {'ps_key_list': ['1680199_5_10_1', '1680199_5_12_2', '1680199_5_11_2', '1680199_5_16_1', '1680199_5_15_1', '1680199_5_14_1', '1680199_5_13_1', '1680199_5_11_1', '1680199_5_12_1'], 'points': 'p2003,p2001,p2005,p2007,p2009,p2010,p2022,p2016,p2012', 'start_time_stamp': '20260507180000', 'end_time_stamp': '20260507210000', 'minute_interval': 5}
2026-05-08 01:00:10,840 - root - INFO - Successfully upserted 666 data points.
2026-05-08 01:00:10,841 - root - INFO - Fetching minute data with payload: {'ps_key_list': ['1680199_5_10_1', '1680199_5_12_2', '1680199_5_11_2', '1680199_5_16_1', '1680199_5_15_1', '1680199_5_14_1', '1680199_5_13_1', '1680199_5_11_1', '1680199_5_12_1'], 'points': 'p2003,p2001,p2005,p2007,p2009,p2010,p2022,p2016,p2012', 'start_time_stamp': '20260507060000', 'end_time_stamp': '20260507090000', 'minute_interval': 5}
2026-05-08 01:00:11,175 - root - INFO - Successfully upserted 666 data points.
2026-05-08 01:00:11,202 - root - INFO - Successfully upserted 648 data points.
2026-05-08 01:00:11,208 - root - INFO - Successfully upserted 666 data points.
2026-05-08 01:00:11,220 - root - INFO - Fetching minute data with payload: {'ps_key_list': ['1680199_5_10_1', '1680199_5_12_2', '1680199_5_11_2', '1680199_5_16_1', '1680199_5_15_1', '1680199_5_14_1', '1680199_5_13_1', '1680199_5_11_1', '1680199_5_12_1'], 'points': 'p2003,p2001,p2005,p2007,p2009,p2010,p2022,p2016,p2012', 'start_time_stamp': '20260507150000', 'end_time_stamp': '20260507180000', 'minute_interval': 5}
2026-05-08 01:00:11,222 - root - INFO - Fetching minute data with payload: {'ps_key_list': ['1680199_5_10_1', '1680199_5_12_2', '1680199_5_11_2', '1680199_5_16_1', '1680199_5_15_1', '1680199_5_14_1', '1680199_5_13_1', '1680199_5_11_1', '1680199_5_12_1'], 'points': 'p2003,p2001,p2005,p2007,p2009,p2010,p2022,p2016,p2012', 'start_time_stamp': '20260507210000', 'end_time_stamp': '20260507235959', 'minute_interval': 5}
2026-05-08 01:00:11,225 - root - INFO - Fetching minute data with payload: {'ps_key_list': ['1680199_5_10_1', '1680199_5_12_2', '1680199_5_11_2', '1680199_5_16_1', '1680199_5_15_1', '1680199_5_14_1', '1680199_5_13_1', '1680199_5_11_1', '1680199_5_12_1'], 'points': 'p2003,p2001,p2005,p2007,p2009,p2010,p2022,p2016,p2012', 'start_time_stamp': '20260507030000', 'end_time_stamp': '20260507060000', 'minute_interval': 5}
2026-05-08 01:00:11,432 - root - INFO - Successfully upserted 666 data points.
2026-05-08 01:00:11,469 - root - INFO - Successfully upserted 666 data points.
2026-05-08 01:00:11,616 - root - INFO - Fetching minute data with payload: {'ps_key_list': ['1680199_5_10_1', '1680199_5_12_2', '1680199_5_11_2', '1680199_5_16_1', '1680199_5_15_1', '1680199_5_14_1', '1680199_5_13_1', '1680199_5_11_1', '1680199_5_12_1'], 'points': 'p2003,p2001,p2005,p2007,p2009,p2010,p2022,p2016,p2012', 'start_time_stamp': '20260507120000', 'end_time_stamp': '20260507150000', 'minute_interval': 5}
2026-05-08 01:00:11,617 - root - INFO - Successfully upserted 666 data points.
2026-05-08 01:00:11,624 - root - INFO - Fetching minute data with payload: {'ps_key_list': ['1680199_5_10_1', '1680199_5_12_2', '1680199_5_11_2', '1680199_5_16_1', '1680199_5_15_1', '1680199_5_14_1', '1680199_5_13_1', '1680199_5_11_1', '1680199_5_12_1'], 'points': 'p2003,p2001,p2005,p2007,p2009,p2010,p2022,p2016,p2012', 'start_time_stamp': '20260507000000', 'end_time_stamp': '20260507030000', 'minute_interval': 5}
2026-05-08 01:00:11,624 - root - INFO - Fetching minute data with payload: {'ps_key_list': ['1680199_5_10_1', '1680199_5_12_2', '1680199_5_11_2', '1680199_5_16_1', '1680199_5_15_1', '1680199_5_14_1', '1680199_5_13_1', '1680199_5_11_1', '1680199_5_12_1'], 'points': 'p2003,p2001,p2005,p2007,p2009,p2010,p2022,p2016,p2012', 'start_time_stamp': '20260507090000', 'end_time_stamp': '20260507120000', 'minute_interval': 5}
2026-05-08 01:00:11,669 - root - INFO - Response status code: 200
2026-05-08 01:00:11,720 - root - INFO - API response from https://sg5.fusionsolar.huawei.com/rest/openapi/pvms/nbi/v1/device/history (truncated): {'failCode': 0, 'success': True, 'message': 'historical data information query successful.', 'data': [{'devDn': 'NE=50586462', 'collectTime': 1778086800000, 'dataItems': {'active_cap': 3670.19, 'power_factor': 0.0, 'a_i': 0.0, 'c_i': 0.0, 'b_i': 0.0, 'reverse_reactive_valley': None, 'positive_reactive_peak': None, 'reverse_reactive_peak': None, 'reverse_active_peak': None, 'positive_active_peak': None, 'a_u': 11512.37, 'reactive_power': 0.0, 'c_u': 11483.82, 'total_apparent_power': 0.0, 'bc_u': ...
2026-05-08 01:00:11,731 - root - INFO - API Response type: <class 'dict'>
2026-05-08 01:00:11,731 - root - INFO - API Response keys: ['failCode', 'success', 'message', 'data']
2026-05-08 01:00:11,732 - root - INFO - API Response data is a list with 288 items
2026-05-08 01:00:11,736 - root - INFO - API Response has failCode: 0, message: historical data information query successful.
2026-05-08 01:00:11,736 - root - INFO - Using alternate response format: data as list
2026-05-08 01:00:11,737 - root - INFO - Received 288 data points from API
2026-05-08 01:00:11,737 - root - INFO - Sample data point structure: ['devDn', 'collectTime', 'dataItems']
2026-05-08 01:00:11,842 - root - INFO - Successfully upserted 288 data points.
2026-05-08 01:00:13,802 - root - INFO - Successfully upserted 222 data points.
2026-05-08 01:00:13,802 - root - INFO - Fetching minute data with payload: {'ps_key_list': ['1458125_7_17_1', '1458125_7_45_1', '1458125_7_44_1', '1458125_7_48_1', '1458125_7_46_1', '1458125_7_9_1', '1458125_7_7_1', '1458125_7_37_1', '1458125_7_5_1', '1458125_7_42_1', '1458125_7_41_1', '1458125_7_40_1', '1458125_7_39_1', '1458125_7_36_1', '1458125_7_34_1', '1458125_7_33_1', '1458125_7_32_1', '1458125_7_31_1', '1458125_7_30_1', '1458125_7_29_1', '1458125_7_27_1', '1458125_7_26_1', '1458125_7_38_1', '1458125_7_47_1', '1458125_7_43_1', '1458125_7_2_1', '1458125_7_1_1', '1458125_7_4_1', '1458125_7_3_1', '1458125_7_6_1', '1458125_7_35_1', '1458125_7_28_1', '1458125_7_25_1', '1458125_7_24_1'], 'points': 'p8030,p8031,p8032,p8033,p8018,p8014', 'start_time_stamp': '20260507060000', 'end_time_stamp': '20260507090000', 'minute_interval': 5}
2026-05-08 01:00:13,805 - root - INFO - Successfully upserted 222 data points.
2026-05-08 01:00:13,805 - root - INFO - Fetching minute data with payload: {'ps_key_list': ['1458125_7_17_1', '1458125_7_45_1', '1458125_7_44_1', '1458125_7_48_1', '1458125_7_46_1', '1458125_7_9_1', '1458125_7_7_1', '1458125_7_37_1', '1458125_7_5_1', '1458125_7_42_1', '1458125_7_41_1', '1458125_7_40_1', '1458125_7_39_1', '1458125_7_36_1', '1458125_7_34_1', '1458125_7_33_1', '1458125_7_32_1', '1458125_7_31_1', '1458125_7_30_1', '1458125_7_29_1', '1458125_7_27_1', '1458125_7_26_1', '1458125_7_38_1', '1458125_7_47_1', '1458125_7_43_1', '1458125_7_2_1', '1458125_7_1_1', '1458125_7_4_1', '1458125_7_3_1', '1458125_7_6_1', '1458125_7_35_1', '1458125_7_28_1', '1458125_7_25_1', '1458125_7_24_1'], 'points': 'p8030,p8031,p8032,p8033,p8018,p8014', 'start_time_stamp': '20260507180000', 'end_time_stamp': '20260507210000', 'minute_interval': 5}
2026-05-08 01:00:14,091 - root - INFO - Successfully upserted 222 data points.
2026-05-08 01:00:14,092 - root - INFO - Fetching minute data with payload: {'ps_key_list': ['1458125_7_17_1', '1458125_7_45_1', '1458125_7_44_1', '1458125_7_48_1', '1458125_7_46_1', '1458125_7_9_1', '1458125_7_7_1', '1458125_7_37_1', '1458125_7_5_1', '1458125_7_42_1', '1458125_7_41_1', '1458125_7_40_1', '1458125_7_39_1', '1458125_7_36_1', '1458125_7_34_1', '1458125_7_33_1', '1458125_7_32_1', '1458125_7_31_1', '1458125_7_30_1', '1458125_7_29_1', '1458125_7_27_1', '1458125_7_26_1', '1458125_7_38_1', '1458125_7_47_1', '1458125_7_43_1', '1458125_7_2_1', '1458125_7_1_1', '1458125_7_4_1', '1458125_7_3_1', '1458125_7_6_1', '1458125_7_35_1', '1458125_7_28_1', '1458125_7_25_1', '1458125_7_24_1'], 'points': 'p8030,p8031,p8032,p8033,p8018,p8014', 'start_time_stamp': '20260507030000', 'end_time_stamp': '20260507060000', 'minute_interval': 5}
2026-05-08 01:00:14,094 - root - INFO - Successfully upserted 222 data points.
2026-05-08 01:00:14,094 - root - INFO - Fetching minute data with payload: {'ps_key_list': ['1458125_7_17_1', '1458125_7_45_1', '1458125_7_44_1', '1458125_7_48_1', '1458125_7_46_1', '1458125_7_9_1', '1458125_7_7_1', '1458125_7_37_1', '1458125_7_5_1', '1458125_7_42_1', '1458125_7_41_1', '1458125_7_40_1', '1458125_7_39_1', '1458125_7_36_1', '1458125_7_34_1', '1458125_7_33_1', '1458125_7_32_1', '1458125_7_31_1', '1458125_7_30_1', '1458125_7_29_1', '1458125_7_27_1', '1458125_7_26_1', '1458125_7_38_1', '1458125_7_47_1', '1458125_7_43_1', '1458125_7_2_1', '1458125_7_1_1', '1458125_7_4_1', '1458125_7_3_1', '1458125_7_6_1', '1458125_7_35_1', '1458125_7_28_1', '1458125_7_25_1', '1458125_7_24_1'], 'points': 'p8030,p8031,p8032,p8033,p8018,p8014', 'start_time_stamp': '20260507150000', 'end_time_stamp': '20260507180000', 'minute_interval': 5}
2026-05-08 01:00:14,226 - root - INFO - Successfully upserted 216 data points.
2026-05-08 01:00:14,226 - root - INFO - Fetching minute data with payload: {'ps_key_list': ['1458125_7_17_1', '1458125_7_45_1', '1458125_7_44_1', '1458125_7_48_1', '1458125_7_46_1', '1458125_7_9_1', '1458125_7_7_1', '1458125_7_37_1', '1458125_7_5_1', '1458125_7_42_1', '1458125_7_41_1', '1458125_7_40_1', '1458125_7_39_1', '1458125_7_36_1', '1458125_7_34_1', '1458125_7_33_1', '1458125_7_32_1', '1458125_7_31_1', '1458125_7_30_1', '1458125_7_29_1', '1458125_7_27_1', '1458125_7_26_1', '1458125_7_38_1', '1458125_7_47_1', '1458125_7_43_1', '1458125_7_2_1', '1458125_7_1_1', '1458125_7_4_1', '1458125_7_3_1', '1458125_7_6_1', '1458125_7_35_1', '1458125_7_28_1', '1458125_7_25_1', '1458125_7_24_1'], 'points': 'p8030,p8031,p8032,p8033,p8018,p8014', 'start_time_stamp': '20260507210000', 'end_time_stamp': '20260507235959', 'minute_interval': 5}
2026-05-08 01:00:14,477 - root - INFO - Successfully upserted 222 data points.
2026-05-08 01:00:14,478 - root - INFO - Fetching minute data with payload: {'ps_key_list': ['1458125_7_17_1', '1458125_7_45_1', '1458125_7_44_1', '1458125_7_48_1', '1458125_7_46_1', '1458125_7_9_1', '1458125_7_7_1', '1458125_7_37_1', '1458125_7_5_1', '1458125_7_42_1', '1458125_7_41_1', '1458125_7_40_1', '1458125_7_39_1', '1458125_7_36_1', '1458125_7_34_1', '1458125_7_33_1', '1458125_7_32_1', '1458125_7_31_1', '1458125_7_30_1', '1458125_7_29_1', '1458125_7_27_1', '1458125_7_26_1', '1458125_7_38_1', '1458125_7_47_1', '1458125_7_43_1', '1458125_7_2_1', '1458125_7_1_1', '1458125_7_4_1', '1458125_7_3_1', '1458125_7_6_1', '1458125_7_35_1', '1458125_7_28_1', '1458125_7_25_1', '1458125_7_24_1'], 'points': 'p8030,p8031,p8032,p8033,p8018,p8014', 'start_time_stamp': '20260507090000', 'end_time_stamp': '20260507120000', 'minute_interval': 5}
2026-05-08 01:00:14,548 - root - INFO - Successfully upserted 222 data points.
2026-05-08 01:00:14,549 - root - INFO - Fetching minute data with payload: {'ps_key_list': ['1458125_7_17_1', '1458125_7_45_1', '1458125_7_44_1', '1458125_7_48_1', '1458125_7_46_1', '1458125_7_9_1', '1458125_7_7_1', '1458125_7_37_1', '1458125_7_5_1', '1458125_7_42_1', '1458125_7_41_1', '1458125_7_40_1', '1458125_7_39_1', '1458125_7_36_1', '1458125_7_34_1', '1458125_7_33_1', '1458125_7_32_1', '1458125_7_31_1', '1458125_7_30_1', '1458125_7_29_1', '1458125_7_27_1', '1458125_7_26_1', '1458125_7_38_1', '1458125_7_47_1', '1458125_7_43_1', '1458125_7_2_1', '1458125_7_1_1', '1458125_7_4_1', '1458125_7_3_1', '1458125_7_6_1', '1458125_7_35_1', '1458125_7_28_1', '1458125_7_25_1', '1458125_7_24_1'], 'points': 'p8030,p8031,p8032,p8033,p8018,p8014', 'start_time_stamp': '20260507000000', 'end_time_stamp': '20260507030000', 'minute_interval': 5}
2026-05-08 01:00:15,083 - root - INFO - Successfully upserted 222 data points.
2026-05-08 01:00:15,083 - root - INFO - Fetching minute data with payload: {'ps_key_list': ['1458125_7_17_1', '1458125_7_45_1', '1458125_7_44_1', '1458125_7_48_1', '1458125_7_46_1', '1458125_7_9_1', '1458125_7_7_1', '1458125_7_37_1', '1458125_7_5_1', '1458125_7_42_1', '1458125_7_41_1', '1458125_7_40_1', '1458125_7_39_1', '1458125_7_36_1', '1458125_7_34_1', '1458125_7_33_1', '1458125_7_32_1', '1458125_7_31_1', '1458125_7_30_1', '1458125_7_29_1', '1458125_7_27_1', '1458125_7_26_1', '1458125_7_38_1', '1458125_7_47_1', '1458125_7_43_1', '1458125_7_2_1', '1458125_7_1_1', '1458125_7_4_1', '1458125_7_3_1', '1458125_7_6_1', '1458125_7_35_1', '1458125_7_28_1', '1458125_7_25_1', '1458125_7_24_1'], 'points': 'p8030,p8031,p8032,p8033,p8018,p8014', 'start_time_stamp': '20260507120000', 'end_time_stamp': '20260507150000', 'minute_interval': 5}
2026-05-08 01:00:16,035 - root - INFO - Using single devDn for device/history (API: one device per query)
2026-05-08 01:00:16,038 - root - INFO - Fetching historical data for 1 devices of type meter
2026-05-08 01:00:16,039 - root - INFO - Making API request to: https://sg5.fusionsolar.huawei.com/rest/openapi/pvms/nbi/v1/device/history
2026-05-08 01:00:16,039 - root - INFO - Request payload: {'devDn': 'NE=78317347', 'devTypeId': 17, 'startTime': 1778086800000, 'endTime': 1778173199000}
2026-05-08 01:00:16,610 - root - INFO - Successfully upserted 185 data points.
2026-05-08 01:00:16,610 - root - INFO - Fetching minute data with payload: {'ps_key_list': ['1458125_1_37_1', '1458125_1_46_1', '1458125_1_45_1', '1458125_1_44_1', '1458125_1_5_1', '1458125_1_1_1', '1458125_1_4_1', '1458125_1_3_1', '1458125_1_6_1', '1458125_1_27_1', '1458125_1_26_1', '1458125_1_39_1', '1458125_1_38_1', '1458125_1_25_1', '1458125_1_41_1', '1458125_1_40_1', '1458125_1_36_1', '1458125_1_34_1', '1458125_1_33_1', '1458125_1_32_1', '1458125_1_31_1', '1458125_1_30_1', '1458125_1_29_1', '1458125_1_42_1', '1458125_1_48_1', '1458125_1_47_1', '1458125_1_43_1', '1458125_1_35_1', '1458125_1_2_1'], 'points': 'p96,p97,p98,p99,p100,p101,p102,p103,p104,p105,p106,p107,p108,p109,p110,p111,p112,p113,p7166,p7167,p7168,p7169,p7170,p7171,p70,p71,p72,p73,p74,p75,p76,p77,p78,p79,p80,p81,p82,p83,p84,p85,p92,p93,p313,p314,p315,p316,p317,p318', 'start_time_stamp': '20260507060000', 'end_time_stamp': '20260507090000', 'minute_interval': 5}
2026-05-08 01:00:16,610 - root - INFO - Successfully upserted 185 data points.
2026-05-08 01:00:16,612 - root - INFO - Fetching minute data with payload: {'ps_key_list': ['1458125_1_37_1', '1458125_1_46_1', '1458125_1_45_1', '1458125_1_44_1', '1458125_1_5_1', '1458125_1_1_1', '1458125_1_4_1', '1458125_1_3_1', '1458125_1_6_1', '1458125_1_27_1', '1458125_1_26_1', '1458125_1_39_1', '1458125_1_38_1', '1458125_1_25_1', '1458125_1_41_1', '1458125_1_40_1', '1458125_1_36_1', '1458125_1_34_1', '1458125_1_33_1', '1458125_1_32_1', '1458125_1_31_1', '1458125_1_30_1', '1458125_1_29_1', '1458125_1_42_1', '1458125_1_48_1', '1458125_1_47_1', '1458125_1_43_1', '1458125_1_35_1', '1458125_1_2_1'], 'points': 'p96,p97,p98,p99,p100,p101,p102,p103,p104,p105,p106,p107,p108,p109,p110,p111,p112,p113,p7166,p7167,p7168,p7169,p7170,p7171,p70,p71,p72,p73,p74,p75,p76,p77,p78,p79,p80,p81,p82,p83,p84,p85,p92,p93,p313,p314,p315,p316,p317,p318', 'start_time_stamp': '20260507180000', 'end_time_stamp': '20260507210000', 'minute_interval': 5}
2026-05-08 01:00:16,918 - root - INFO - Successfully upserted 185 data points.
2026-05-08 01:00:16,920 - root - INFO - Fetching minute data with payload: {'ps_key_list': ['1458125_1_37_1', '1458125_1_46_1', '1458125_1_45_1', '1458125_1_44_1', '1458125_1_5_1', '1458125_1_1_1', '1458125_1_4_1', '1458125_1_3_1', '1458125_1_6_1', '1458125_1_27_1', '1458125_1_26_1', '1458125_1_39_1', '1458125_1_38_1', '1458125_1_25_1', '1458125_1_41_1', '1458125_1_40_1', '1458125_1_36_1', '1458125_1_34_1', '1458125_1_33_1', '1458125_1_32_1', '1458125_1_31_1', '1458125_1_30_1', '1458125_1_29_1', '1458125_1_42_1', '1458125_1_48_1', '1458125_1_47_1', '1458125_1_43_1', '1458125_1_35_1', '1458125_1_2_1'], 'points': 'p96,p97,p98,p99,p100,p101,p102,p103,p104,p105,p106,p107,p108,p109,p110,p111,p112,p113,p7166,p7167,p7168,p7169,p7170,p7171,p70,p71,p72,p73,p74,p75,p76,p77,p78,p79,p80,p81,p82,p83,p84,p85,p92,p93,p313,p314,p315,p316,p317,p318', 'start_time_stamp': '20260507030000', 'end_time_stamp': '20260507060000', 'minute_interval': 5}
2026-05-08 01:00:16,933 - root - INFO - Successfully upserted 185 data points.
2026-05-08 01:00:16,934 - root - INFO - Fetching minute data with payload: {'ps_key_list': ['1458125_1_37_1', '1458125_1_46_1', '1458125_1_45_1', '1458125_1_44_1', '1458125_1_5_1', '1458125_1_1_1', '1458125_1_4_1', '1458125_1_3_1', '1458125_1_6_1', '1458125_1_27_1', '1458125_1_26_1', '1458125_1_39_1', '1458125_1_38_1', '1458125_1_25_1', '1458125_1_41_1', '1458125_1_40_1', '1458125_1_36_1', '1458125_1_34_1', '1458125_1_33_1', '1458125_1_32_1', '1458125_1_31_1', '1458125_1_30_1', '1458125_1_29_1', '1458125_1_42_1', '1458125_1_48_1', '1458125_1_47_1', '1458125_1_43_1', '1458125_1_35_1', '1458125_1_2_1'], 'points': 'p96,p97,p98,p99,p100,p101,p102,p103,p104,p105,p106,p107,p108,p109,p110,p111,p112,p113,p7166,p7167,p7168,p7169,p7170,p7171,p70,p71,p72,p73,p74,p75,p76,p77,p78,p79,p80,p81,p82,p83,p84,p85,p92,p93,p313,p314,p315,p316,p317,p318', 'start_time_stamp': '20260507150000', 'end_time_stamp': '20260507180000', 'minute_interval': 5}
2026-05-08 01:00:16,969 - root - INFO - Successfully upserted 169 data points.
2026-05-08 01:00:16,970 - root - INFO - Fetching minute data with payload: {'ps_key_list': ['1458125_1_37_1', '1458125_1_46_1', '1458125_1_45_1', '1458125_1_44_1', '1458125_1_5_1', '1458125_1_1_1', '1458125_1_4_1', '1458125_1_3_1', '1458125_1_6_1', '1458125_1_27_1', '1458125_1_26_1', '1458125_1_39_1', '1458125_1_38_1', '1458125_1_25_1', '1458125_1_41_1', '1458125_1_40_1', '1458125_1_36_1', '1458125_1_34_1', '1458125_1_33_1', '1458125_1_32_1', '1458125_1_31_1', '1458125_1_30_1', '1458125_1_29_1', '1458125_1_42_1', '1458125_1_48_1', '1458125_1_47_1', '1458125_1_43_1', '1458125_1_35_1', '1458125_1_2_1'], 'points': 'p96,p97,p98,p99,p100,p101,p102,p103,p104,p105,p106,p107,p108,p109,p110,p111,p112,p113,p7166,p7167,p7168,p7169,p7170,p7171,p70,p71,p72,p73,p74,p75,p76,p77,p78,p79,p80,p81,p82,p83,p84,p85,p92,p93,p313,p314,p315,p316,p317,p318', 'start_time_stamp': '20260507210000', 'end_time_stamp': '20260507235959', 'minute_interval': 5}
2026-05-08 01:00:17,261 - root - INFO - Successfully upserted 185 data points.
2026-05-08 01:00:17,279 - root - INFO - Successfully upserted 185 data points.
2026-05-08 01:00:17,280 - root - INFO - Fetching minute data with payload: {'ps_key_list': ['1458125_1_37_1', '1458125_1_46_1', '1458125_1_45_1', '1458125_1_44_1', '1458125_1_5_1', '1458125_1_1_1', '1458125_1_4_1', '1458125_1_3_1', '1458125_1_6_1', '1458125_1_27_1', '1458125_1_26_1', '1458125_1_39_1', '1458125_1_38_1', '1458125_1_25_1', '1458125_1_41_1', '1458125_1_40_1', '1458125_1_36_1', '1458125_1_34_1', '1458125_1_33_1', '1458125_1_32_1', '1458125_1_31_1', '1458125_1_30_1', '1458125_1_29_1', '1458125_1_42_1', '1458125_1_48_1', '1458125_1_47_1', '1458125_1_43_1', '1458125_1_35_1', '1458125_1_2_1'], 'points': 'p96,p97,p98,p99,p100,p101,p102,p103,p104,p105,p106,p107,p108,p109,p110,p111,p112,p113,p7166,p7167,p7168,p7169,p7170,p7171,p70,p71,p72,p73,p74,p75,p76,p77,p78,p79,p80,p81,p82,p83,p84,p85,p92,p93,p313,p314,p315,p316,p317,p318', 'start_time_stamp': '20260507000000', 'end_time_stamp': '20260507030000', 'minute_interval': 5}
2026-05-08 01:00:17,282 - root - INFO - Fetching minute data with payload: {'ps_key_list': ['1458125_1_37_1', '1458125_1_46_1', '1458125_1_45_1', '1458125_1_44_1', '1458125_1_5_1', '1458125_1_1_1', '1458125_1_4_1', '1458125_1_3_1', '1458125_1_6_1', '1458125_1_27_1', '1458125_1_26_1', '1458125_1_39_1', '1458125_1_38_1', '1458125_1_25_1', '1458125_1_41_1', '1458125_1_40_1', '1458125_1_36_1', '1458125_1_34_1', '1458125_1_33_1', '1458125_1_32_1', '1458125_1_31_1', '1458125_1_30_1', '1458125_1_29_1', '1458125_1_42_1', '1458125_1_48_1', '1458125_1_47_1', '1458125_1_43_1', '1458125_1_35_1', '1458125_1_2_1'], 'points': 'p96,p97,p98,p99,p100,p101,p102,p103,p104,p105,p106,p107,p108,p109,p110,p111,p112,p113,p7166,p7167,p7168,p7169,p7170,p7171,p70,p71,p72,p73,p74,p75,p76,p77,p78,p79,p80,p81,p82,p83,p84,p85,p92,p93,p313,p314,p315,p316,p317,p318', 'start_time_stamp': '20260507090000', 'end_time_stamp': '20260507120000', 'minute_interval': 5}
2026-05-08 01:00:17,390 - root - INFO - Response status code: 200
2026-05-08 01:00:17,400 - root - INFO - API response from https://sg5.fusionsolar.huawei.com/rest/openapi/pvms/nbi/v1/device/history (truncated): {'failCode': 0, 'success': True, 'message': 'historical data information query successful.', 'data': [{'devDn': 'NE=78317347', 'collectTime': 1778086800000, 'dataItems': {'active_cap': 647.7, 'power_factor': -0.958, 'a_i': 8.7, 'c_i': 20.4, 'b_i': 14.9, 'reverse_reactive_valley': None, 'positive_reactive_peak': None, 'reverse_reactive_peak': None, 'reverse_active_peak': None, 'positive_active_peak': None, 'a_u': 224.4, 'reactive_power': -2802.0, 'c_u': 223.41, 'total_apparent_power': 9.875, 'bc_...
2026-05-08 01:00:17,403 - root - INFO - API Response type: <class 'dict'>
2026-05-08 01:00:17,403 - root - INFO - API Response keys: ['failCode', 'success', 'message', 'data']
2026-05-08 01:00:17,404 - root - INFO - API Response data is a list with 288 items
2026-05-08 01:00:17,404 - root - INFO - API Response has failCode: 0, message: historical data information query successful.
2026-05-08 01:00:17,404 - root - INFO - Using alternate response format: data as list
2026-05-08 01:00:17,405 - root - INFO - Received 288 data points from API
2026-05-08 01:00:17,405 - root - INFO - Sample data point structure: ['devDn', 'collectTime', 'dataItems']
2026-05-08 01:00:17,500 - root - INFO - Successfully upserted 288 data points.
2026-05-08 01:00:17,760 - root - INFO - Successfully upserted 185 data points.
2026-05-08 01:00:17,760 - root - INFO - Fetching minute data with payload: {'ps_key_list': ['1458125_1_37_1', '1458125_1_46_1', '1458125_1_45_1', '1458125_1_44_1', '1458125_1_5_1', '1458125_1_1_1', '1458125_1_4_1', '1458125_1_3_1', '1458125_1_6_1', '1458125_1_27_1', '1458125_1_26_1', '1458125_1_39_1', '1458125_1_38_1', '1458125_1_25_1', '1458125_1_41_1', '1458125_1_40_1', '1458125_1_36_1', '1458125_1_34_1', '1458125_1_33_1', '1458125_1_32_1', '1458125_1_31_1', '1458125_1_30_1', '1458125_1_29_1', '1458125_1_42_1', '1458125_1_48_1', '1458125_1_47_1', '1458125_1_43_1', '1458125_1_35_1', '1458125_1_2_1'], 'points': 'p96,p97,p98,p99,p100,p101,p102,p103,p104,p105,p106,p107,p108,p109,p110,p111,p112,p113,p7166,p7167,p7168,p7169,p7170,p7171,p70,p71,p72,p73,p74,p75,p76,p77,p78,p79,p80,p81,p82,p83,p84,p85,p92,p93,p313,p314,p315,p316,p317,p318', 'start_time_stamp': '20260507120000', 'end_time_stamp': '20260507150000', 'minute_interval': 5}
2026-05-08 01:00:19,352 - root - INFO - Successfully upserted 222 data points.
2026-05-08 01:00:19,352 - root - INFO - Fetching minute data with payload: {'ps_key_list': ['1458125_5_23_1', '1458125_5_22_1', '1458125_5_21_1', '1458125_5_20_1', '1458125_5_19_1', '1458125_5_18_1', '1458125_5_12_1', '1458125_5_13_1', '1458125_5_14_1', '1458125_5_15_1', '1458125_5_16_1'], 'points': 'p2003,p2001,p2005,p2007,p2009,p2010,p2022,p2016,p2012', 'start_time_stamp': '20260507060000', 'end_time_stamp': '20260507090000', 'minute_interval': 5}
2026-05-08 01:00:19,436 - root - INFO - Successfully upserted 222 data points.
2026-05-08 01:00:19,436 - root - INFO - Fetching minute data with payload: {'ps_key_list': ['1458125_5_23_1', '1458125_5_22_1', '1458125_5_21_1', '1458125_5_20_1', '1458125_5_19_1', '1458125_5_18_1', '1458125_5_12_1', '1458125_5_13_1', '1458125_5_14_1', '1458125_5_15_1', '1458125_5_16_1'], 'points': 'p2003,p2001,p2005,p2007,p2009,p2010,p2022,p2016,p2012', 'start_time_stamp': '20260507180000', 'end_time_stamp': '20260507210000', 'minute_interval': 5}
2026-05-08 01:00:19,705 - root - INFO - Successfully upserted 222 data points.
2026-05-08 01:00:19,705 - root - INFO - Fetching minute data with payload: {'ps_key_list': ['1458125_5_23_1', '1458125_5_22_1', '1458125_5_21_1', '1458125_5_20_1', '1458125_5_19_1', '1458125_5_18_1', '1458125_5_12_1', '1458125_5_13_1', '1458125_5_14_1', '1458125_5_15_1', '1458125_5_16_1'], 'points': 'p2003,p2001,p2005,p2007,p2009,p2010,p2022,p2016,p2012', 'start_time_stamp': '20260507030000', 'end_time_stamp': '20260507060000', 'minute_interval': 5}
2026-05-08 01:00:19,728 - root - INFO - Successfully upserted 222 data points.
2026-05-08 01:00:19,728 - root - INFO - Fetching minute data with payload: {'ps_key_list': ['1458125_5_23_1', '1458125_5_22_1', '1458125_5_21_1', '1458125_5_20_1', '1458125_5_19_1', '1458125_5_18_1', '1458125_5_12_1', '1458125_5_13_1', '1458125_5_14_1', '1458125_5_15_1', '1458125_5_16_1'], 'points': 'p2003,p2001,p2005,p2007,p2009,p2010,p2022,p2016,p2012', 'start_time_stamp': '20260507150000', 'end_time_stamp': '20260507180000', 'minute_interval': 5}
2026-05-08 01:00:19,833 - root - INFO - Successfully upserted 216 data points.
2026-05-08 01:00:19,833 - root - INFO - Fetching minute data with payload: {'ps_key_list': ['1458125_5_23_1', '1458125_5_22_1', '1458125_5_21_1', '1458125_5_20_1', '1458125_5_19_1', '1458125_5_18_1', '1458125_5_12_1', '1458125_5_13_1', '1458125_5_14_1', '1458125_5_15_1', '1458125_5_16_1'], 'points': 'p2003,p2001,p2005,p2007,p2009,p2010,p2022,p2016,p2012', 'start_time_stamp': '20260507210000', 'end_time_stamp': '20260507235959', 'minute_interval': 5}
2026-05-08 01:00:19,998 - root - INFO - Successfully upserted 222 data points.
2026-05-08 01:00:20,038 - root - INFO - Successfully upserted 222 data points.
2026-05-08 01:00:20,060 - root - INFO - Fetching minute data with payload: {'ps_key_list': ['1458125_5_23_1', '1458125_5_22_1', '1458125_5_21_1', '1458125_5_20_1', '1458125_5_19_1', '1458125_5_18_1', '1458125_5_12_1', '1458125_5_13_1', '1458125_5_14_1', '1458125_5_15_1', '1458125_5_16_1'], 'points': 'p2003,p2001,p2005,p2007,p2009,p2010,p2022,p2016,p2012', 'start_time_stamp': '20260507000000', 'end_time_stamp': '20260507030000', 'minute_interval': 5}
2026-05-08 01:00:20,061 - root - INFO - Fetching minute data with payload: {'ps_key_list': ['1458125_5_23_1', '1458125_5_22_1', '1458125_5_21_1', '1458125_5_20_1', '1458125_5_19_1', '1458125_5_18_1', '1458125_5_12_1', '1458125_5_13_1', '1458125_5_14_1', '1458125_5_15_1', '1458125_5_16_1'], 'points': 'p2003,p2001,p2005,p2007,p2009,p2010,p2022,p2016,p2012', 'start_time_stamp': '20260507090000', 'end_time_stamp': '20260507120000', 'minute_interval': 5}
2026-05-08 01:00:20,522 - root - INFO - Successfully upserted 222 data points.
2026-05-08 01:00:20,522 - root - INFO - Fetching minute data with payload: {'ps_key_list': ['1458125_5_23_1', '1458125_5_22_1', '1458125_5_21_1', '1458125_5_20_1', '1458125_5_19_1', '1458125_5_18_1', '1458125_5_12_1', '1458125_5_13_1', '1458125_5_14_1', '1458125_5_15_1', '1458125_5_16_1'], 'points': 'p2003,p2001,p2005,p2007,p2009,p2010,p2022,p2016,p2012', 'start_time_stamp': '20260507120000', 'end_time_stamp': '20260507150000', 'minute_interval': 5}
2026-05-08 01:00:20,821 - root - INFO - Using single devDn for device/history (API: one device per query)
2026-05-08 01:00:20,823 - root - INFO - Fetching historical data for 1 devices of type meter
2026-05-08 01:00:20,824 - root - INFO - Making API request to: https://sg5.fusionsolar.huawei.com/rest/openapi/pvms/nbi/v1/device/history
2026-05-08 01:00:20,824 - root - INFO - Request payload: {'devDn': 'NE=78317346', 'devTypeId': 17, 'startTime': 1778086800000, 'endTime': 1778173199000}
2026-05-08 01:00:22,214 - root - INFO - Successfully upserted 148 data points.
2026-05-08 01:00:22,215 - root - INFO - Fetching minute data with payload: {'ps_key_list': ['1445767_7_14_1', '1445767_7_12_1', '1445767_7_11_1', '1445767_7_5_1', '1445767_7_6_1', '1445767_7_4_1'], 'points': 'p8030,p8031,p8032,p8033,p8018,p8014', 'start_time_stamp': '20260507060000', 'end_time_stamp': '20260507090000', 'minute_interval': 5}
2026-05-08 01:00:22,225 - root - INFO - Response status code: 200
2026-05-08 01:00:22,234 - root - INFO - API response from https://sg5.fusionsolar.huawei.com/rest/openapi/pvms/nbi/v1/device/history (truncated): {'failCode': 0, 'success': True, 'message': 'historical data information query successful.', 'data': [{'devDn': 'NE=78317346', 'collectTime': 1778086800000, 'dataItems': {'active_cap': 0.0, 'power_factor': 0.0, 'a_i': 0.0, 'c_i': 0.0, 'b_i': 0.0, 'reverse_reactive_valley': None, 'positive_reactive_peak': None, 'reverse_reactive_peak': None, 'reverse_active_peak': None, 'positive_active_peak': None, 'a_u': 224.3, 'reactive_power': 0.0, 'c_u': 223.38, 'total_apparent_power': 0.0, 'bc_u': 390.01, '...
2026-05-08 01:00:22,240 - root - INFO - API Response type: <class 'dict'>
2026-05-08 01:00:22,241 - root - INFO - API Response keys: ['failCode', 'success', 'message', 'data']
2026-05-08 01:00:22,241 - root - INFO - API Response data is a list with 288 items
2026-05-08 01:00:22,241 - root - INFO - API Response has failCode: 0, message: historical data information query successful.
2026-05-08 01:00:22,242 - root - INFO - Using alternate response format: data as list
2026-05-08 01:00:22,242 - root - INFO - Received 288 data points from API
2026-05-08 01:00:22,243 - root - INFO - Sample data point structure: ['devDn', 'collectTime', 'dataItems']
2026-05-08 01:00:22,266 - root - INFO - Successfully upserted 148 data points.
2026-05-08 01:00:22,266 - root - INFO - Fetching minute data with payload: {'ps_key_list': ['1445767_7_14_1', '1445767_7_12_1', '1445767_7_11_1', '1445767_7_5_1', '1445767_7_6_1', '1445767_7_4_1'], 'points': 'p8030,p8031,p8032,p8033,p8018,p8014', 'start_time_stamp': '20260507180000', 'end_time_stamp': '20260507210000', 'minute_interval': 5}
2026-05-08 01:00:22,343 - root - INFO - Successfully upserted 288 data points.
2026-05-08 01:00:22,449 - root - INFO - Successfully upserted 148 data points.
2026-05-08 01:00:22,450 - root - INFO - Fetching minute data with payload: {'ps_key_list': ['1445767_7_14_1', '1445767_7_12_1', '1445767_7_11_1', '1445767_7_5_1', '1445767_7_6_1', '1445767_7_4_1'], 'points': 'p8030,p8031,p8032,p8033,p8018,p8014', 'start_time_stamp': '20260507150000', 'end_time_stamp': '20260507180000', 'minute_interval': 5}
2026-05-08 01:00:22,483 - root - INFO - Successfully upserted 148 data points.
2026-05-08 01:00:22,483 - root - INFO - Fetching minute data with payload: {'ps_key_list': ['1445767_7_14_1', '1445767_7_12_1', '1445767_7_11_1', '1445767_7_5_1', '1445767_7_6_1', '1445767_7_4_1'], 'points': 'p8030,p8031,p8032,p8033,p8018,p8014', 'start_time_stamp': '20260507030000', 'end_time_stamp': '20260507060000', 'minute_interval': 5}
2026-05-08 01:00:22,582 - root - INFO - Successfully upserted 144 data points.
2026-05-08 01:00:22,606 - root - INFO - Fetching minute data with payload: {'ps_key_list': ['1445767_7_14_1', '1445767_7_12_1', '1445767_7_11_1', '1445767_7_5_1', '1445767_7_6_1', '1445767_7_4_1'], 'points': 'p8030,p8031,p8032,p8033,p8018,p8014', 'start_time_stamp': '20260507210000', 'end_time_stamp': '20260507235959', 'minute_interval': 5}
2026-05-08 01:00:22,689 - root - INFO - Successfully upserted 148 data points.
2026-05-08 01:00:22,692 - root - INFO - Fetching minute data with payload: {'ps_key_list': ['1445767_7_14_1', '1445767_7_12_1', '1445767_7_11_1', '1445767_7_5_1', '1445767_7_6_1', '1445767_7_4_1'], 'points': 'p8030,p8031,p8032,p8033,p8018,p8014', 'start_time_stamp': '20260507090000', 'end_time_stamp': '20260507120000', 'minute_interval': 5}
2026-05-08 01:00:22,898 - root - INFO - Successfully upserted 148 data points.
2026-05-08 01:00:22,901 - root - INFO - Fetching minute data with payload: {'ps_key_list': ['1445767_7_14_1', '1445767_7_12_1', '1445767_7_11_1', '1445767_7_5_1', '1445767_7_6_1', '1445767_7_4_1'], 'points': 'p8030,p8031,p8032,p8033,p8018,p8014', 'start_time_stamp': '20260507000000', 'end_time_stamp': '20260507030000', 'minute_interval': 5}
2026-05-08 01:00:23,116 - root - INFO - Successfully upserted 148 data points.
2026-05-08 01:00:23,116 - root - INFO - Fetching minute data with payload: {'ps_key_list': ['1445767_7_14_1', '1445767_7_12_1', '1445767_7_11_1', '1445767_7_5_1', '1445767_7_6_1', '1445767_7_4_1'], 'points': 'p8030,p8031,p8032,p8033,p8018,p8014', 'start_time_stamp': '20260507120000', 'end_time_stamp': '20260507150000', 'minute_interval': 5}
2026-05-08 01:00:25,100 - root - INFO - Successfully upserted 185 data points.
2026-05-08 01:00:25,100 - root - INFO - Fetching minute data with payload: {'ps_key_list': ['1445767_5_13_1', '1445767_5_9_1', '1445767_5_8_1', '1445767_5_7_1'], 'points': 'p2003,p2001,p2005,p2007,p2009,p2010,p2022,p2016,p2012', 'start_time_stamp': '20260507060000', 'end_time_stamp': '20260507090000', 'minute_interval': 5}
2026-05-08 01:00:25,219 - root - INFO - Successfully upserted 185 data points.
2026-05-08 01:00:25,219 - root - INFO - Fetching minute data with payload: {'ps_key_list': ['1445767_5_13_1', '1445767_5_9_1', '1445767_5_8_1', '1445767_5_7_1'], 'points': 'p2003,p2001,p2005,p2007,p2009,p2010,p2022,p2016,p2012', 'start_time_stamp': '20260507180000', 'end_time_stamp': '20260507210000', 'minute_interval': 5}
2026-05-08 01:00:25,462 - root - INFO - Using single devDn for device/history (API: one device per query)
2026-05-08 01:00:25,468 - root - INFO - Fetching historical data for 1 devices of type meter
2026-05-08 01:00:25,469 - root - INFO - Making API request to: https://sg5.fusionsolar.huawei.com/rest/openapi/pvms/nbi/v1/device/history
2026-05-08 01:00:25,470 - root - INFO - Request payload: {'devDn': 'NE=78317345', 'devTypeId': 17, 'startTime': 1778086800000, 'endTime': 1778173199000}
2026-05-08 01:00:25,494 - root - INFO - Successfully upserted 185 data points.
2026-05-08 01:00:25,495 - root - INFO - Fetching minute data with payload: {'ps_key_list': ['1445767_5_13_1', '1445767_5_9_1', '1445767_5_8_1', '1445767_5_7_1'], 'points': 'p2003,p2001,p2005,p2007,p2009,p2010,p2022,p2016,p2012', 'start_time_stamp': '20260507150000', 'end_time_stamp': '20260507180000', 'minute_interval': 5}
2026-05-08 01:00:25,510 - root - INFO - Successfully upserted 185 data points.
2026-05-08 01:00:25,511 - root - INFO - Fetching minute data with payload: {'ps_key_list': ['1445767_5_13_1', '1445767_5_9_1', '1445767_5_8_1', '1445767_5_7_1'], 'points': 'p2003,p2001,p2005,p2007,p2009,p2010,p2022,p2016,p2012', 'start_time_stamp': '20260507030000', 'end_time_stamp': '20260507060000', 'minute_interval': 5}
2026-05-08 01:00:25,541 - root - INFO - Successfully upserted 169 data points.
2026-05-08 01:00:25,543 - root - INFO - Fetching minute data with payload: {'ps_key_list': ['1445767_5_13_1', '1445767_5_9_1', '1445767_5_8_1', '1445767_5_7_1'], 'points': 'p2003,p2001,p2005,p2007,p2009,p2010,p2022,p2016,p2012', 'start_time_stamp': '20260507210000', 'end_time_stamp': '20260507235959', 'minute_interval': 5}
2026-05-08 01:00:25,722 - root - INFO - Successfully upserted 185 data points.
2026-05-08 01:00:25,828 - root - INFO - Successfully upserted 185 data points.
2026-05-08 01:00:25,864 - root - INFO - Successfully upserted 185 data points.
2026-05-08 01:00:25,921 - root - INFO - Fetching minute data with payload: {'ps_key_list': ['1445767_5_13_1', '1445767_5_9_1', '1445767_5_8_1', '1445767_5_7_1'], 'points': 'p2003,p2001,p2005,p2007,p2009,p2010,p2022,p2016,p2012', 'start_time_stamp': '20260507000000', 'end_time_stamp': '20260507030000', 'minute_interval': 5}
2026-05-08 01:00:25,925 - root - INFO - Fetching minute data with payload: {'ps_key_list': ['1445767_5_13_1', '1445767_5_9_1', '1445767_5_8_1', '1445767_5_7_1'], 'points': 'p2003,p2001,p2005,p2007,p2009,p2010,p2022,p2016,p2012', 'start_time_stamp': '20260507120000', 'end_time_stamp': '20260507150000', 'minute_interval': 5}
2026-05-08 01:00:25,928 - root - INFO - Fetching minute data with payload: {'ps_key_list': ['1445767_5_13_1', '1445767_5_9_1', '1445767_5_8_1', '1445767_5_7_1'], 'points': 'p2003,p2001,p2005,p2007,p2009,p2010,p2022,p2016,p2012', 'start_time_stamp': '20260507090000', 'end_time_stamp': '20260507120000', 'minute_interval': 5}
2026-05-08 01:00:27,320 - root - INFO - Response status code: 200
2026-05-08 01:00:27,330 - root - INFO - API response from https://sg5.fusionsolar.huawei.com/rest/openapi/pvms/nbi/v1/device/history (truncated): {'failCode': 0, 'success': True, 'message': 'historical data information query successful.', 'data': [{'devDn': 'NE=78317345', 'collectTime': 1778086800000, 'dataItems': {'active_cap': 0.0, 'power_factor': -0.969, 'a_i': 0.0, 'c_i': 9.3, 'b_i': 0.1, 'reverse_reactive_valley': None, 'positive_reactive_peak': None, 'reverse_reactive_peak': None, 'reverse_active_peak': None, 'positive_active_peak': None, 'a_u': 224.38, 'reactive_power': -510.0, 'c_u': 223.48, 'total_apparent_power': 2.095, 'bc_u': ...
2026-05-08 01:00:27,334 - root - INFO - API Response type: <class 'dict'>
2026-05-08 01:00:27,334 - root - INFO - API Response keys: ['failCode', 'success', 'message', 'data']
2026-05-08 01:00:27,334 - root - INFO - API Response data is a list with 288 items
2026-05-08 01:00:27,335 - root - INFO - API Response has failCode: 0, message: historical data information query successful.
2026-05-08 01:00:27,335 - root - INFO - Using alternate response format: data as list
2026-05-08 01:00:27,335 - root - INFO - Received 288 data points from API
2026-05-08 01:00:27,335 - root - INFO - Sample data point structure: ['devDn', 'collectTime', 'dataItems']
2026-05-08 01:00:27,430 - root - INFO - Successfully upserted 288 data points.
2026-05-08 01:00:27,969 - root - INFO - Successfully upserted 148 data points.
2026-05-08 01:00:27,970 - root - INFO - Fetching minute data with payload: {'ps_key_list': ['1445767_1_3_1', '1445767_1_2_1', '1445767_1_1_1'], 'points': 'p96,p97,p98,p99,p100,p101,p102,p103,p104,p105,p106,p107,p108,p109,p110,p111,p112,p113,p7166,p7167,p7168,p7169,p7170,p7171,p70,p71,p72,p73,p74,p75,p76,p77,p78,p79,p80,p81,p82,p83,p84,p85,p92,p93,p313,p314,p315,p316,p317,p318', 'start_time_stamp': '20260507060000', 'end_time_stamp': '20260507090000', 'minute_interval': 5}
2026-05-08 01:00:27,973 - root - INFO - Successfully upserted 148 data points.
2026-05-08 01:00:27,973 - root - INFO - Fetching minute data with payload: {'ps_key_list': ['1445767_1_3_1', '1445767_1_2_1', '1445767_1_1_1'], 'points': 'p96,p97,p98,p99,p100,p101,p102,p103,p104,p105,p106,p107,p108,p109,p110,p111,p112,p113,p7166,p7167,p7168,p7169,p7170,p7171,p70,p71,p72,p73,p74,p75,p76,p77,p78,p79,p80,p81,p82,p83,p84,p85,p92,p93,p313,p314,p315,p316,p317,p318', 'start_time_stamp': '20260507180000', 'end_time_stamp': '20260507210000', 'minute_interval': 5}
2026-05-08 01:00:28,531 - root - INFO - Successfully upserted 148 data points.
2026-05-08 01:00:28,531 - root - INFO - Fetching minute data with payload: {'ps_key_list': ['1445767_1_3_1', '1445767_1_2_1', '1445767_1_1_1'], 'points': 'p96,p97,p98,p99,p100,p101,p102,p103,p104,p105,p106,p107,p108,p109,p110,p111,p112,p113,p7166,p7167,p7168,p7169,p7170,p7171,p70,p71,p72,p73,p74,p75,p76,p77,p78,p79,p80,p81,p82,p83,p84,p85,p92,p93,p313,p314,p315,p316,p317,p318', 'start_time_stamp': '20260507030000', 'end_time_stamp': '20260507060000', 'minute_interval': 5}
2026-05-08 01:00:28,640 - root - INFO - Successfully upserted 148 data points.
2026-05-08 01:00:28,640 - root - INFO - Fetching minute data with payload: {'ps_key_list': ['1445767_1_3_1', '1445767_1_2_1', '1445767_1_1_1'], 'points': 'p96,p97,p98,p99,p100,p101,p102,p103,p104,p105,p106,p107,p108,p109,p110,p111,p112,p113,p7166,p7167,p7168,p7169,p7170,p7171,p70,p71,p72,p73,p74,p75,p76,p77,p78,p79,p80,p81,p82,p83,p84,p85,p92,p93,p313,p314,p315,p316,p317,p318', 'start_time_stamp': '20260507120000', 'end_time_stamp': '20260507150000', 'minute_interval': 5}
2026-05-08 01:00:28,749 - root - INFO - Successfully upserted 148 data points.
2026-05-08 01:00:28,749 - root - INFO - Fetching minute data with payload: {'ps_key_list': ['1445767_1_3_1', '1445767_1_2_1', '1445767_1_1_1'], 'points': 'p96,p97,p98,p99,p100,p101,p102,p103,p104,p105,p106,p107,p108,p109,p110,p111,p112,p113,p7166,p7167,p7168,p7169,p7170,p7171,p70,p71,p72,p73,p74,p75,p76,p77,p78,p79,p80,p81,p82,p83,p84,p85,p92,p93,p313,p314,p315,p316,p317,p318', 'start_time_stamp': '20260507090000', 'end_time_stamp': '20260507120000', 'minute_interval': 5}
2026-05-08 01:00:28,856 - root - INFO - Successfully upserted 144 data points.
2026-05-08 01:00:28,856 - root - INFO - Successfully upserted 148 data points.
2026-05-08 01:00:28,857 - root - INFO - Fetching minute data with payload: {'ps_key_list': ['1445767_1_3_1', '1445767_1_2_1', '1445767_1_1_1'], 'points': 'p96,p97,p98,p99,p100,p101,p102,p103,p104,p105,p106,p107,p108,p109,p110,p111,p112,p113,p7166,p7167,p7168,p7169,p7170,p7171,p70,p71,p72,p73,p74,p75,p76,p77,p78,p79,p80,p81,p82,p83,p84,p85,p92,p93,p313,p314,p315,p316,p317,p318', 'start_time_stamp': '20260507210000', 'end_time_stamp': '20260507235959', 'minute_interval': 5}
2026-05-08 01:00:28,857 - root - INFO - Fetching minute data with payload: {'ps_key_list': ['1445767_1_3_1', '1445767_1_2_1', '1445767_1_1_1'], 'points': 'p96,p97,p98,p99,p100,p101,p102,p103,p104,p105,p106,p107,p108,p109,p110,p111,p112,p113,p7166,p7167,p7168,p7169,p7170,p7171,p70,p71,p72,p73,p74,p75,p76,p77,p78,p79,p80,p81,p82,p83,p84,p85,p92,p93,p313,p314,p315,p316,p317,p318', 'start_time_stamp': '20260507150000', 'end_time_stamp': '20260507180000', 'minute_interval': 5}
2026-05-08 01:00:28,873 - root - INFO - Successfully upserted 144 data points.
2026-05-08 01:00:29,050 - root - INFO - Fetching minute data with payload: {'ps_key_list': ['1445767_1_3_1', '1445767_1_2_1', '1445767_1_1_1'], 'points': 'p96,p97,p98,p99,p100,p101,p102,p103,p104,p105,p106,p107,p108,p109,p110,p111,p112,p113,p7166,p7167,p7168,p7169,p7170,p7171,p70,p71,p72,p73,p74,p75,p76,p77,p78,p79,p80,p81,p82,p83,p84,p85,p92,p93,p313,p314,p315,p316,p317,p318', 'start_time_stamp': '20260507000000', 'end_time_stamp': '20260507030000', 'minute_interval': 5}
2026-05-08 01:00:30,637 - root - INFO - Successfully upserted 111 data points.
2026-05-08 01:00:30,637 - root - INFO - Fetching minute data with payload: {'ps_key_list': ['1614122_7_12_1', '1614122_7_18_1', '1614122_7_11_1', '1614122_7_10_1', '1614122_7_14_1', '1614122_7_17_1'], 'points': 'p8030,p8031,p8032,p8033,p8018,p8014', 'start_time_stamp': '20260507180000', 'end_time_stamp': '20260507210000', 'minute_interval': 5}
2026-05-08 01:00:30,642 - root - INFO - Using single devDn for device/history (API: one device per query)
2026-05-08 01:00:30,645 - root - INFO - Fetching historical data for 1 devices of type meter
2026-05-08 01:00:30,645 - root - INFO - Making API request to: https://sg5.fusionsolar.huawei.com/rest/openapi/pvms/nbi/v1/device/history
2026-05-08 01:00:30,646 - root - INFO - Request payload: {'devDn': 'NE=78317344', 'devTypeId': 17, 'startTime': 1778086800000, 'endTime': 1778173199000}
2026-05-08 01:00:30,655 - root - INFO - Successfully upserted 111 data points.
2026-05-08 01:00:30,656 - root - INFO - Fetching minute data with payload: {'ps_key_list': ['1614122_7_12_1', '1614122_7_18_1', '1614122_7_11_1', '1614122_7_10_1', '1614122_7_14_1', '1614122_7_17_1'], 'points': 'p8030,p8031,p8032,p8033,p8018,p8014', 'start_time_stamp': '20260507060000', 'end_time_stamp': '20260507090000', 'minute_interval': 5}
2026-05-08 01:00:31,201 - root - INFO - Successfully upserted 111 data points.
2026-05-08 01:00:31,201 - root - INFO - Fetching minute data with payload: {'ps_key_list': ['1614122_7_12_1', '1614122_7_18_1', '1614122_7_11_1', '1614122_7_10_1', '1614122_7_14_1', '1614122_7_17_1'], 'points': 'p8030,p8031,p8032,p8033,p8018,p8014', 'start_time_stamp': '20260507030000', 'end_time_stamp': '20260507060000', 'minute_interval': 5}
2026-05-08 01:00:31,435 - root - INFO - Successfully upserted 111 data points.
2026-05-08 01:00:31,435 - root - INFO - Fetching minute data with payload: {'ps_key_list': ['1614122_7_12_1', '1614122_7_18_1', '1614122_7_11_1', '1614122_7_10_1', '1614122_7_14_1', '1614122_7_17_1'], 'points': 'p8030,p8031,p8032,p8033,p8018,p8014', 'start_time_stamp': '20260507120000', 'end_time_stamp': '20260507150000', 'minute_interval': 5}
2026-05-08 01:00:31,463 - root - INFO - Successfully upserted 111 data points.
2026-05-08 01:00:31,464 - root - INFO - Fetching minute data with payload: {'ps_key_list': ['1614122_7_12_1', '1614122_7_18_1', '1614122_7_11_1', '1614122_7_10_1', '1614122_7_14_1', '1614122_7_17_1'], 'points': 'p8030,p8031,p8032,p8033,p8018,p8014', 'start_time_stamp': '20260507090000', 'end_time_stamp': '20260507120000', 'minute_interval': 5}
2026-05-08 01:00:31,621 - root - INFO - Successfully upserted 108 data points.
2026-05-08 01:00:31,621 - root - INFO - Fetching minute data with payload: {'ps_key_list': ['1614122_7_12_1', '1614122_7_18_1', '1614122_7_11_1', '1614122_7_10_1', '1614122_7_14_1', '1614122_7_17_1'], 'points': 'p8030,p8031,p8032,p8033,p8018,p8014', 'start_time_stamp': '20260507210000', 'end_time_stamp': '20260507235959', 'minute_interval': 5}
2026-05-08 01:00:31,658 - root - INFO - Successfully upserted 111 data points.
2026-05-08 01:00:31,659 - root - INFO - Fetching minute data with payload: {'ps_key_list': ['1614122_7_12_1', '1614122_7_18_1', '1614122_7_11_1', '1614122_7_10_1', '1614122_7_14_1', '1614122_7_17_1'], 'points': 'p8030,p8031,p8032,p8033,p8018,p8014', 'start_time_stamp': '20260507150000', 'end_time_stamp': '20260507180000', 'minute_interval': 5}
2026-05-08 01:00:31,782 - root - INFO - Successfully upserted 108 data points.
2026-05-08 01:00:31,783 - root - INFO - Fetching minute data with payload: {'ps_key_list': ['1614122_7_12_1', '1614122_7_18_1', '1614122_7_11_1', '1614122_7_10_1', '1614122_7_14_1', '1614122_7_17_1'], 'points': 'p8030,p8031,p8032,p8033,p8018,p8014', 'start_time_stamp': '20260507000000', 'end_time_stamp': '20260507030000', 'minute_interval': 5}
2026-05-08 01:00:32,165 - root - INFO - Response status code: 200
2026-05-08 01:00:32,175 - root - INFO - API response from https://sg5.fusionsolar.huawei.com/rest/openapi/pvms/nbi/v1/device/history (truncated): {'failCode': 0, 'success': True, 'message': 'historical data information query successful.', 'data': [{'devDn': 'NE=78317344', 'collectTime': 1778086800000, 'dataItems': {'active_cap': 0.18, 'power_factor': 0.683, 'a_i': 0.4, 'c_i': 0.0, 'b_i': 1.6, 'reverse_reactive_valley': None, 'positive_reactive_peak': None, 'reverse_reactive_peak': None, 'reverse_active_peak': None, 'positive_active_peak': None, 'a_u': 224.27, 'reactive_power': 328.0, 'c_u': 223.36, 'total_apparent_power': 0.452, 'bc_u': 3...
2026-05-08 01:00:32,178 - root - INFO - API Response type: <class 'dict'>
2026-05-08 01:00:32,178 - root - INFO - API Response keys: ['failCode', 'success', 'message', 'data']
2026-05-08 01:00:32,178 - root - INFO - API Response data is a list with 288 items
2026-05-08 01:00:32,179 - root - INFO - API Response has failCode: 0, message: historical data information query successful.
2026-05-08 01:00:32,179 - root - INFO - Using alternate response format: data as list
2026-05-08 01:00:32,179 - root - INFO - Received 288 data points from API
2026-05-08 01:00:32,179 - root - INFO - Sample data point structure: ['devDn', 'collectTime', 'dataItems']
2026-05-08 01:00:32,277 - root - INFO - Successfully upserted 288 data points.
2026-05-08 01:00:33,443 - root - INFO - Successfully upserted 185 data points.
2026-05-08 01:00:33,443 - root - INFO - Fetching minute data with payload: {'ps_key_list': ['1614122_1_3_1', '1614122_1_7_1', '1614122_1_4_1', '1614122_1_2_1', '1614122_1_1_1', '1614122_1_6_1', '1614122_1_5_1'], 'points': 'p96,p97,p98,p99,p100,p101,p102,p103,p104,p105,p106,p107,p108,p109,p110,p111,p112,p113,p7166,p7167,p7168,p7169,p7170,p7171,p70,p71,p72,p73,p74,p75,p76,p77,p78,p79,p80,p81,p82,p83,p84,p85,p92,p93,p313,p314,p315,p316,p317,p318', 'start_time_stamp': '20260507180000', 'end_time_stamp': '20260507210000', 'minute_interval': 5}
2026-05-08 01:00:33,447 - root - INFO - Successfully upserted 185 data points.
2026-05-08 01:00:33,447 - root - INFO - Fetching minute data with payload: {'ps_key_list': ['1614122_1_3_1', '1614122_1_7_1', '1614122_1_4_1', '1614122_1_2_1', '1614122_1_1_1', '1614122_1_6_1', '1614122_1_5_1'], 'points': 'p96,p97,p98,p99,p100,p101,p102,p103,p104,p105,p106,p107,p108,p109,p110,p111,p112,p113,p7166,p7167,p7168,p7169,p7170,p7171,p70,p71,p72,p73,p74,p75,p76,p77,p78,p79,p80,p81,p82,p83,p84,p85,p92,p93,p313,p314,p315,p316,p317,p318', 'start_time_stamp': '20260507060000', 'end_time_stamp': '20260507090000', 'minute_interval': 5}
2026-05-08 01:00:33,835 - root - INFO - Successfully upserted 185 data points.
2026-05-08 01:00:33,836 - root - INFO - Fetching minute data with payload: {'ps_key_list': ['1614122_1_3_1', '1614122_1_7_1', '1614122_1_4_1', '1614122_1_2_1', '1614122_1_1_1', '1614122_1_6_1', '1614122_1_5_1'], 'points': 'p96,p97,p98,p99,p100,p101,p102,p103,p104,p105,p106,p107,p108,p109,p110,p111,p112,p113,p7166,p7167,p7168,p7169,p7170,p7171,p70,p71,p72,p73,p74,p75,p76,p77,p78,p79,p80,p81,p82,p83,p84,p85,p92,p93,p313,p314,p315,p316,p317,p318', 'start_time_stamp': '20260507030000', 'end_time_stamp': '20260507060000', 'minute_interval': 5}
2026-05-08 01:00:34,089 - root - INFO - Successfully upserted 185 data points.
2026-05-08 01:00:34,089 - root - INFO - Fetching minute data with payload: {'ps_key_list': ['1614122_1_3_1', '1614122_1_7_1', '1614122_1_4_1', '1614122_1_2_1', '1614122_1_1_1', '1614122_1_6_1', '1614122_1_5_1'], 'points': 'p96,p97,p98,p99,p100,p101,p102,p103,p104,p105,p106,p107,p108,p109,p110,p111,p112,p113,p7166,p7167,p7168,p7169,p7170,p7171,p70,p71,p72,p73,p74,p75,p76,p77,p78,p79,p80,p81,p82,p83,p84,p85,p92,p93,p313,p314,p315,p316,p317,p318', 'start_time_stamp': '20260507120000', 'end_time_stamp': '20260507150000', 'minute_interval': 5}
2026-05-08 01:00:34,276 - root - INFO - Successfully upserted 185 data points.
2026-05-08 01:00:34,277 - root - INFO - Fetching minute data with payload: {'ps_key_list': ['1614122_1_3_1', '1614122_1_7_1', '1614122_1_4_1', '1614122_1_2_1', '1614122_1_1_1', '1614122_1_6_1', '1614122_1_5_1'], 'points': 'p96,p97,p98,p99,p100,p101,p102,p103,p104,p105,p106,p107,p108,p109,p110,p111,p112,p113,p7166,p7167,p7168,p7169,p7170,p7171,p70,p71,p72,p73,p74,p75,p76,p77,p78,p79,p80,p81,p82,p83,p84,p85,p92,p93,p313,p314,p315,p316,p317,p318', 'start_time_stamp': '20260507090000', 'end_time_stamp': '20260507120000', 'minute_interval': 5}
2026-05-08 01:00:34,416 - root - INFO - Successfully upserted 147 data points.
2026-05-08 01:00:34,416 - root - INFO - Fetching minute data with payload: {'ps_key_list': ['1614122_1_3_1', '1614122_1_7_1', '1614122_1_4_1', '1614122_1_2_1', '1614122_1_1_1', '1614122_1_6_1', '1614122_1_5_1'], 'points': 'p96,p97,p98,p99,p100,p101,p102,p103,p104,p105,p106,p107,p108,p109,p110,p111,p112,p113,p7166,p7167,p7168,p7169,p7170,p7171,p70,p71,p72,p73,p74,p75,p76,p77,p78,p79,p80,p81,p82,p83,p84,p85,p92,p93,p313,p314,p315,p316,p317,p318', 'start_time_stamp': '20260507210000', 'end_time_stamp': '20260507235959', 'minute_interval': 5}
2026-05-08 01:00:34,497 - root - INFO - Successfully upserted 185 data points.
2026-05-08 01:00:34,501 - root - INFO - Fetching minute data with payload: {'ps_key_list': ['1614122_1_3_1', '1614122_1_7_1', '1614122_1_4_1', '1614122_1_2_1', '1614122_1_1_1', '1614122_1_6_1', '1614122_1_5_1'], 'points': 'p96,p97,p98,p99,p100,p101,p102,p103,p104,p105,p106,p107,p108,p109,p110,p111,p112,p113,p7166,p7167,p7168,p7169,p7170,p7171,p70,p71,p72,p73,p74,p75,p76,p77,p78,p79,p80,p81,p82,p83,p84,p85,p92,p93,p313,p314,p315,p316,p317,p318', 'start_time_stamp': '20260507150000', 'end_time_stamp': '20260507180000', 'minute_interval': 5}
2026-05-08 01:00:34,539 - root - INFO - Successfully upserted 185 data points.
2026-05-08 01:00:34,540 - root - INFO - Fetching minute data with payload: {'ps_key_list': ['1614122_1_3_1', '1614122_1_7_1', '1614122_1_4_1', '1614122_1_2_1', '1614122_1_1_1', '1614122_1_6_1', '1614122_1_5_1'], 'points': 'p96,p97,p98,p99,p100,p101,p102,p103,p104,p105,p106,p107,p108,p109,p110,p111,p112,p113,p7166,p7167,p7168,p7169,p7170,p7171,p70,p71,p72,p73,p74,p75,p76,p77,p78,p79,p80,p81,p82,p83,p84,p85,p92,p93,p313,p314,p315,p316,p317,p318', 'start_time_stamp': '20260507000000', 'end_time_stamp': '20260507030000', 'minute_interval': 5}
2026-05-08 01:00:35,465 - root - INFO - Using single devDn for device/history (API: one device per query)
2026-05-08 01:00:35,468 - root - INFO - Fetching historical data for 1 devices of type meter
2026-05-08 01:00:35,468 - root - INFO - Making API request to: https://sg5.fusionsolar.huawei.com/rest/openapi/pvms/nbi/v1/device/history
2026-05-08 01:00:35,468 - root - INFO - Request payload: {'devDn': 'NE=61851549', 'devTypeId': 17, 'startTime': 1778086800000, 'endTime': 1778173199000}
2026-05-08 01:00:35,920 - root - INFO - Response status code: 200
2026-05-08 01:00:35,920 - root - INFO - API response from https://sg5.fusionsolar.huawei.com/rest/openapi/pvms/nbi/v1/device/history (truncated): {'failCode': 0, 'success': True, 'message': 'historical data information query successful.', 'data': []}
2026-05-08 01:00:35,924 - root - INFO - API Response type: <class 'dict'>
2026-05-08 01:00:35,924 - root - INFO - API Response keys: ['failCode', 'success', 'message', 'data']
2026-05-08 01:00:35,925 - root - INFO - API Response data is a list with 0 items
2026-05-08 01:00:35,925 - root - INFO - API Response has failCode: 0, message: historical data information query successful.
2026-05-08 01:00:35,925 - root - INFO - Using alternate response format: data as list
2026-05-08 01:00:35,925 - root - INFO - No data points returned for the query period
2026-05-08 01:00:35,926 - root - INFO - Using single devDn for device/history (API: one device per query)
2026-05-08 01:00:35,928 - root - INFO - Fetching historical data for 1 devices of type meter
2026-05-08 01:00:35,928 - root - INFO - Making API request to: https://sg5.fusionsolar.huawei.com/rest/openapi/pvms/nbi/v1/device/history
2026-05-08 01:00:35,928 - root - INFO - Request payload: {'devDn': 'NE=61851548', 'devTypeId': 17, 'startTime': 1778086800000, 'endTime': 1778173199000}
2026-05-08 01:00:36,141 - root - INFO - Successfully upserted 259 data points.
2026-05-08 01:00:36,141 - root - INFO - Fetching minute data with payload: {'ps_key_list': ['1614122_5_19_1', '1614122_5_16_1', '1614122_5_15_1', '1614122_5_14_1'], 'points': 'p2003,p2001,p2005,p2007,p2009,p2010,p2022,p2016,p2012', 'start_time_stamp': '20260507180000', 'end_time_stamp': '20260507210000', 'minute_interval': 5}
2026-05-08 01:00:36,245 - root - INFO - Response status code: 200
2026-05-08 01:00:36,246 - root - INFO - API response from https://sg5.fusionsolar.huawei.com/rest/openapi/pvms/nbi/v1/device/history (truncated): {'failCode': 407, 'success': False, 'message': 'Interface access frequency:0.39333333333333337/1second', 'data': []}
2026-05-08 01:00:36,247 - root - WARNING - API access frequency too high. Waiting 30 seconds before retry...
2026-05-08 01:00:36,267 - root - INFO - Successfully upserted 259 data points.
2026-05-08 01:00:36,267 - root - INFO - Fetching minute data with payload: {'ps_key_list': ['1614122_5_19_1', '1614122_5_16_1', '1614122_5_15_1', '1614122_5_14_1'], 'points': 'p2003,p2001,p2005,p2007,p2009,p2010,p2022,p2016,p2012', 'start_time_stamp': '20260507060000', 'end_time_stamp': '20260507090000', 'minute_interval': 5}
2026-05-08 01:00:36,461 - root - INFO - Successfully upserted 259 data points.
2026-05-08 01:00:36,461 - root - INFO - Fetching minute data with payload: {'ps_key_list': ['1614122_5_19_1', '1614122_5_16_1', '1614122_5_15_1', '1614122_5_14_1'], 'points': 'p2003,p2001,p2005,p2007,p2009,p2010,p2022,p2016,p2012', 'start_time_stamp': '20260507030000', 'end_time_stamp': '20260507060000', 'minute_interval': 5}
2026-05-08 01:00:36,811 - root - INFO - Successfully upserted 259 data points.
2026-05-08 01:00:36,811 - root - INFO - Fetching minute data with payload: {'ps_key_list': ['1614122_5_19_1', '1614122_5_16_1', '1614122_5_15_1', '1614122_5_14_1'], 'points': 'p2003,p2001,p2005,p2007,p2009,p2010,p2022,p2016,p2012', 'start_time_stamp': '20260507120000', 'end_time_stamp': '20260507150000', 'minute_interval': 5}
2026-05-08 01:00:37,021 - root - INFO - Successfully upserted 259 data points.
2026-05-08 01:00:37,022 - root - INFO - Fetching minute data with payload: {'ps_key_list': ['1614122_5_19_1', '1614122_5_16_1', '1614122_5_15_1', '1614122_5_14_1'], 'points': 'p2003,p2001,p2005,p2007,p2009,p2010,p2022,p2016,p2012', 'start_time_stamp': '20260507090000', 'end_time_stamp': '20260507120000', 'minute_interval': 5}
2026-05-08 01:00:37,318 - root - INFO - Successfully upserted 252 data points.
2026-05-08 01:00:37,319 - root - INFO - Fetching minute data with payload: {'ps_key_list': ['1614122_5_19_1', '1614122_5_16_1', '1614122_5_15_1', '1614122_5_14_1'], 'points': 'p2003,p2001,p2005,p2007,p2009,p2010,p2022,p2016,p2012', 'start_time_stamp': '20260507210000', 'end_time_stamp': '20260507235959', 'minute_interval': 5}
2026-05-08 01:00:37,451 - root - INFO - Successfully upserted 259 data points.
2026-05-08 01:00:37,451 - root - INFO - Fetching minute data with payload: {'ps_key_list': ['1614122_5_19_1', '1614122_5_16_1', '1614122_5_15_1', '1614122_5_14_1'], 'points': 'p2003,p2001,p2005,p2007,p2009,p2010,p2022,p2016,p2012', 'start_time_stamp': '20260507150000', 'end_time_stamp': '20260507180000', 'minute_interval': 5}
2026-05-08 01:00:37,567 - root - INFO - Successfully upserted 259 data points.
2026-05-08 01:00:37,568 - root - INFO - Fetching minute data with payload: {'ps_key_list': ['1614122_5_19_1', '1614122_5_16_1', '1614122_5_15_1', '1614122_5_14_1'], 'points': 'p2003,p2001,p2005,p2007,p2009,p2010,p2022,p2016,p2012', 'start_time_stamp': '20260507000000', 'end_time_stamp': '20260507030000', 'minute_interval': 5}
2026-05-08 01:00:38,642 - root - INFO - Successfully upserted 111 data points.
2026-05-08 01:00:38,643 - root - INFO - Fetching minute data with payload: {'ps_key_list': ['1479456_5_16_2', '1479456_5_27_1', '1479456_5_23_1', '1479456_5_22_1', '1479456_5_15_2', '1479456_5_14_2', '1479456_5_5_1', '1479456_5_26_1', '1479456_5_25_1', '1479456_5_24_1', '1479456_5_10_2', '1479456_5_9_2', '1479456_5_21_1', '1479456_5_19_1', '1479456_5_18_1', '1479456_5_17_1'], 'points': 'p2003,p2001,p2005,p2007,p2009,p2010,p2022,p2016,p2012', 'start_time_stamp': '20260507180000', 'end_time_stamp': '20260507210000', 'minute_interval': 5}
2026-05-08 01:00:38,913 - root - INFO - Successfully upserted 111 data points.
2026-05-08 01:00:38,913 - root - INFO - Fetching minute data with payload: {'ps_key_list': ['1479456_5_16_2', '1479456_5_27_1', '1479456_5_23_1', '1479456_5_22_1', '1479456_5_15_2', '1479456_5_14_2', '1479456_5_5_1', '1479456_5_26_1', '1479456_5_25_1', '1479456_5_24_1', '1479456_5_10_2', '1479456_5_9_2', '1479456_5_21_1', '1479456_5_19_1', '1479456_5_18_1', '1479456_5_17_1'], 'points': 'p2003,p2001,p2005,p2007,p2009,p2010,p2022,p2016,p2012', 'start_time_stamp': '20260507060000', 'end_time_stamp': '20260507090000', 'minute_interval': 5}
2026-05-08 01:00:39,116 - root - INFO - Successfully upserted 111 data points.
2026-05-08 01:00:39,116 - root - INFO - Fetching minute data with payload: {'ps_key_list': ['1479456_5_16_2', '1479456_5_27_1', '1479456_5_23_1', '1479456_5_22_1', '1479456_5_15_2', '1479456_5_14_2', '1479456_5_5_1', '1479456_5_26_1', '1479456_5_25_1', '1479456_5_24_1', '1479456_5_10_2', '1479456_5_9_2', '1479456_5_21_1', '1479456_5_19_1', '1479456_5_18_1', '1479456_5_17_1'], 'points': 'p2003,p2001,p2005,p2007,p2009,p2010,p2022,p2016,p2012', 'start_time_stamp': '20260507030000', 'end_time_stamp': '20260507060000', 'minute_interval': 5}
2026-05-08 01:00:39,301 - root - INFO - Successfully upserted 148 data points.
2026-05-08 01:00:39,301 - root - INFO - Fetching minute data with payload: {'ps_key_list': ['1479456_5_16_2', '1479456_5_27_1', '1479456_5_23_1', '1479456_5_22_1', '1479456_5_15_2', '1479456_5_14_2', '1479456_5_5_1', '1479456_5_26_1', '1479456_5_25_1', '1479456_5_24_1', '1479456_5_10_2', '1479456_5_9_2', '1479456_5_21_1', '1479456_5_19_1', '1479456_5_18_1', '1479456_5_17_1'], 'points': 'p2003,p2001,p2005,p2007,p2009,p2010,p2022,p2016,p2012', 'start_time_stamp': '20260507120000', 'end_time_stamp': '20260507150000', 'minute_interval': 5}
2026-05-08 01:00:39,582 - root - INFO - Successfully upserted 139 data points.
2026-05-08 01:00:39,583 - root - INFO - Fetching minute data with payload: {'ps_key_list': ['1479456_5_16_2', '1479456_5_27_1', '1479456_5_23_1', '1479456_5_22_1', '1479456_5_15_2', '1479456_5_14_2', '1479456_5_5_1', '1479456_5_26_1', '1479456_5_25_1', '1479456_5_24_1', '1479456_5_10_2', '1479456_5_9_2', '1479456_5_21_1', '1479456_5_19_1', '1479456_5_18_1', '1479456_5_17_1'], 'points': 'p2003,p2001,p2005,p2007,p2009,p2010,p2022,p2016,p2012', 'start_time_stamp': '20260507090000', 'end_time_stamp': '20260507120000', 'minute_interval': 5}
2026-05-08 01:00:39,900 - root - INFO - Successfully upserted 75 data points.
2026-05-08 01:00:39,901 - root - INFO - Fetching minute data with payload: {'ps_key_list': ['1479456_5_16_2', '1479456_5_27_1', '1479456_5_23_1', '1479456_5_22_1', '1479456_5_15_2', '1479456_5_14_2', '1479456_5_5_1', '1479456_5_26_1', '1479456_5_25_1', '1479456_5_24_1', '1479456_5_10_2', '1479456_5_9_2', '1479456_5_21_1', '1479456_5_19_1', '1479456_5_18_1', '1479456_5_17_1'], 'points': 'p2003,p2001,p2005,p2007,p2009,p2010,p2022,p2016,p2012', 'start_time_stamp': '20260507210000', 'end_time_stamp': '20260507235959', 'minute_interval': 5}
2026-05-08 01:00:40,043 - root - INFO - Successfully upserted 147 data points.
2026-05-08 01:00:40,044 - root - INFO - Fetching minute data with payload: {'ps_key_list': ['1479456_5_16_2', '1479456_5_27_1', '1479456_5_23_1', '1479456_5_22_1', '1479456_5_15_2', '1479456_5_14_2', '1479456_5_5_1', '1479456_5_26_1', '1479456_5_25_1', '1479456_5_24_1', '1479456_5_10_2', '1479456_5_9_2', '1479456_5_21_1', '1479456_5_19_1', '1479456_5_18_1', '1479456_5_17_1'], 'points': 'p2003,p2001,p2005,p2007,p2009,p2010,p2022,p2016,p2012', 'start_time_stamp': '20260507150000', 'end_time_stamp': '20260507180000', 'minute_interval': 5}
2026-05-08 01:00:40,096 - root - INFO - Successfully upserted 111 data points.
2026-05-08 01:00:40,097 - root - INFO - Fetching minute data with payload: {'ps_key_list': ['1479456_5_16_2', '1479456_5_27_1', '1479456_5_23_1', '1479456_5_22_1', '1479456_5_15_2', '1479456_5_14_2', '1479456_5_5_1', '1479456_5_26_1', '1479456_5_25_1', '1479456_5_24_1', '1479456_5_10_2', '1479456_5_9_2', '1479456_5_21_1', '1479456_5_19_1', '1479456_5_18_1', '1479456_5_17_1'], 'points': 'p2003,p2001,p2005,p2007,p2009,p2010,p2022,p2016,p2012', 'start_time_stamp': '20260507000000', 'end_time_stamp': '20260507030000', 'minute_interval': 5}
2026-05-08 01:00:41,299 - root - INFO - Successfully upserted 148 data points.
2026-05-08 01:00:41,299 - root - INFO - Fetching minute data with payload: {'ps_key_list': ['1479456_1_12_1', '1479456_1_11_1', '1479456_1_10_1', '1479456_1_9_1', '1479456_1_8_1', '1479456_1_7_1', '1479456_1_6_1', '1479456_1_2_2', '1479456_1_5_2', '1479456_1_1_2', '1479456_1_8_2', '1479456_1_1_1', '1479456_1_4_2', '1479456_1_3_2', '1479456_1_16_1', '1479456_1_15_1', '1479456_1_14_1', '1479456_1_13_1'], 'points': 'p96,p97,p98,p99,p100,p101,p102,p103,p104,p105,p106,p107,p108,p109,p110,p111,p112,p113,p7166,p7167,p7168,p7169,p7170,p7171,p70,p71,p72,p73,p74,p75,p76,p77,p78,p79,p80,p81,p82,p83,p84,p85,p92,p93,p313,p314,p315,p316,p317,p318', 'start_time_stamp': '20260507180000', 'end_time_stamp': '20260507210000', 'minute_interval': 5}
2026-05-08 01:00:41,495 - root - INFO - Successfully upserted 37 data points.
2026-05-08 01:00:41,496 - root - INFO - Fetching minute data with payload: {'ps_key_list': ['1479456_1_12_1', '1479456_1_11_1', '1479456_1_10_1', '1479456_1_9_1', '1479456_1_8_1', '1479456_1_7_1', '1479456_1_6_1', '1479456_1_2_2', '1479456_1_5_2', '1479456_1_1_2', '1479456_1_8_2', '1479456_1_1_1', '1479456_1_4_2', '1479456_1_3_2', '1479456_1_16_1', '1479456_1_15_1', '1479456_1_14_1', '1479456_1_13_1'], 'points': 'p96,p97,p98,p99,p100,p101,p102,p103,p104,p105,p106,p107,p108,p109,p110,p111,p112,p113,p7166,p7167,p7168,p7169,p7170,p7171,p70,p71,p72,p73,p74,p75,p76,p77,p78,p79,p80,p81,p82,p83,p84,p85,p92,p93,p313,p314,p315,p316,p317,p318', 'start_time_stamp': '20260507060000', 'end_time_stamp': '20260507090000', 'minute_interval': 5}
2026-05-08 01:00:41,954 - root - INFO - Successfully upserted 148 data points.
2026-05-08 01:00:41,955 - root - INFO - Fetching minute data with payload: {'ps_key_list': ['1479456_1_12_1', '1479456_1_11_1', '1479456_1_10_1', '1479456_1_9_1', '1479456_1_8_1', '1479456_1_7_1', '1479456_1_6_1', '1479456_1_2_2', '1479456_1_5_2', '1479456_1_1_2', '1479456_1_8_2', '1479456_1_1_1', '1479456_1_4_2', '1479456_1_3_2', '1479456_1_16_1', '1479456_1_15_1', '1479456_1_14_1', '1479456_1_13_1'], 'points': 'p96,p97,p98,p99,p100,p101,p102,p103,p104,p105,p106,p107,p108,p109,p110,p111,p112,p113,p7166,p7167,p7168,p7169,p7170,p7171,p70,p71,p72,p73,p74,p75,p76,p77,p78,p79,p80,p81,p82,p83,p84,p85,p92,p93,p313,p314,p315,p316,p317,p318', 'start_time_stamp': '20260507120000', 'end_time_stamp': '20260507150000', 'minute_interval': 5}
2026-05-08 01:00:42,192 - root - INFO - Successfully upserted 99 data points.
2026-05-08 01:00:42,192 - root - INFO - Fetching minute data with payload: {'ps_key_list': ['1479456_1_12_1', '1479456_1_11_1', '1479456_1_10_1', '1479456_1_9_1', '1479456_1_8_1', '1479456_1_7_1', '1479456_1_6_1', '1479456_1_2_2', '1479456_1_5_2', '1479456_1_1_2', '1479456_1_8_2', '1479456_1_1_1', '1479456_1_4_2', '1479456_1_3_2', '1479456_1_16_1', '1479456_1_15_1', '1479456_1_14_1', '1479456_1_13_1'], 'points': 'p96,p97,p98,p99,p100,p101,p102,p103,p104,p105,p106,p107,p108,p109,p110,p111,p112,p113,p7166,p7167,p7168,p7169,p7170,p7171,p70,p71,p72,p73,p74,p75,p76,p77,p78,p79,p80,p81,p82,p83,p84,p85,p92,p93,p313,p314,p315,p316,p317,p318', 'start_time_stamp': '20260507090000', 'end_time_stamp': '20260507120000', 'minute_interval': 5}
2026-05-08 01:00:42,484 - root - INFO - Successfully upserted 37 data points.
2026-05-08 01:00:42,485 - root - INFO - Fetching minute data with payload: {'ps_key_list': ['1479456_1_12_1', '1479456_1_11_1', '1479456_1_10_1', '1479456_1_9_1', '1479456_1_8_1', '1479456_1_7_1', '1479456_1_6_1', '1479456_1_2_2', '1479456_1_5_2', '1479456_1_1_2', '1479456_1_8_2', '1479456_1_1_1', '1479456_1_4_2', '1479456_1_3_2', '1479456_1_16_1', '1479456_1_15_1', '1479456_1_14_1', '1479456_1_13_1'], 'points': 'p96,p97,p98,p99,p100,p101,p102,p103,p104,p105,p106,p107,p108,p109,p110,p111,p112,p113,p7166,p7167,p7168,p7169,p7170,p7171,p70,p71,p72,p73,p74,p75,p76,p77,p78,p79,p80,p81,p82,p83,p84,p85,p92,p93,p313,p314,p315,p316,p317,p318', 'start_time_stamp': '20260507030000', 'end_time_stamp': '20260507060000', 'minute_interval': 5}
2026-05-08 01:00:42,571 - root - INFO - Successfully upserted 111 data points.
2026-05-08 01:00:42,571 - root - INFO - Fetching minute data with payload: {'ps_key_list': ['1479456_1_12_1', '1479456_1_11_1', '1479456_1_10_1', '1479456_1_9_1', '1479456_1_8_1', '1479456_1_7_1', '1479456_1_6_1', '1479456_1_2_2', '1479456_1_5_2', '1479456_1_1_2', '1479456_1_8_2', '1479456_1_1_1', '1479456_1_4_2', '1479456_1_3_2', '1479456_1_16_1', '1479456_1_15_1', '1479456_1_14_1', '1479456_1_13_1'], 'points': 'p96,p97,p98,p99,p100,p101,p102,p103,p104,p105,p106,p107,p108,p109,p110,p111,p112,p113,p7166,p7167,p7168,p7169,p7170,p7171,p70,p71,p72,p73,p74,p75,p76,p77,p78,p79,p80,p81,p82,p83,p84,p85,p92,p93,p313,p314,p315,p316,p317,p318', 'start_time_stamp': '20260507210000', 'end_time_stamp': '20260507235959', 'minute_interval': 5}
2026-05-08 01:00:42,788 - root - INFO - Successfully upserted 148 data points.
2026-05-08 01:00:42,788 - root - INFO - Fetching minute data with payload: {'ps_key_list': ['1479456_1_12_1', '1479456_1_11_1', '1479456_1_10_1', '1479456_1_9_1', '1479456_1_8_1', '1479456_1_7_1', '1479456_1_6_1', '1479456_1_2_2', '1479456_1_5_2', '1479456_1_1_2', '1479456_1_8_2', '1479456_1_1_1', '1479456_1_4_2', '1479456_1_3_2', '1479456_1_16_1', '1479456_1_15_1', '1479456_1_14_1', '1479456_1_13_1'], 'points': 'p96,p97,p98,p99,p100,p101,p102,p103,p104,p105,p106,p107,p108,p109,p110,p111,p112,p113,p7166,p7167,p7168,p7169,p7170,p7171,p70,p71,p72,p73,p74,p75,p76,p77,p78,p79,p80,p81,p82,p83,p84,p85,p92,p93,p313,p314,p315,p316,p317,p318', 'start_time_stamp': '20260507150000', 'end_time_stamp': '20260507180000', 'minute_interval': 5}
2026-05-08 01:00:43,497 - root - INFO - Successfully upserted 37 data points.
2026-05-08 01:00:43,497 - root - INFO - Fetching minute data with payload: {'ps_key_list': ['1479456_1_12_1', '1479456_1_11_1', '1479456_1_10_1', '1479456_1_9_1', '1479456_1_8_1', '1479456_1_7_1', '1479456_1_6_1', '1479456_1_2_2', '1479456_1_5_2', '1479456_1_1_2', '1479456_1_8_2', '1479456_1_1_1', '1479456_1_4_2', '1479456_1_3_2', '1479456_1_16_1', '1479456_1_15_1', '1479456_1_14_1', '1479456_1_13_1'], 'points': 'p96,p97,p98,p99,p100,p101,p102,p103,p104,p105,p106,p107,p108,p109,p110,p111,p112,p113,p7166,p7167,p7168,p7169,p7170,p7171,p70,p71,p72,p73,p74,p75,p76,p77,p78,p79,p80,p81,p82,p83,p84,p85,p92,p93,p313,p314,p315,p316,p317,p318', 'start_time_stamp': '20260507000000', 'end_time_stamp': '20260507030000', 'minute_interval': 5}
2026-05-08 01:00:44,251 - root - INFO - Successfully upserted 666 data points.
2026-05-08 01:00:44,251 - root - INFO - Fetching minute data with payload: {'ps_key_list': ['1479456_7_3_1', '1479456_7_2_1', '1479456_7_4_1', '1479456_7_13_2', '1479456_7_12_2', '1479456_7_11_2', '1479456_7_20_1'], 'points': 'p8030,p8031,p8032,p8033,p8018,p8014', 'start_time_stamp': '20260507180000', 'end_time_stamp': '20260507210000', 'minute_interval': 5}
2026-05-08 01:00:45,246 - root - INFO - Successfully upserted 666 data points.
2026-05-08 01:00:45,246 - root - INFO - Fetching minute data with payload: {'ps_key_list': ['1479456_7_3_1', '1479456_7_2_1', '1479456_7_4_1', '1479456_7_13_2', '1479456_7_12_2', '1479456_7_11_2', '1479456_7_20_1'], 'points': 'p8030,p8031,p8032,p8033,p8018,p8014', 'start_time_stamp': '20260507120000', 'end_time_stamp': '20260507150000', 'minute_interval': 5}
2026-05-08 01:00:45,311 - root - INFO - Successfully upserted 666 data points.
2026-05-08 01:00:45,312 - root - INFO - Fetching minute data with payload: {'ps_key_list': ['1479456_7_3_1', '1479456_7_2_1', '1479456_7_4_1', '1479456_7_13_2', '1479456_7_12_2', '1479456_7_11_2', '1479456_7_20_1'], 'points': 'p8030,p8031,p8032,p8033,p8018,p8014', 'start_time_stamp': '20260507060000', 'end_time_stamp': '20260507090000', 'minute_interval': 5}
2026-05-08 01:00:45,507 - root - INFO - Successfully upserted 666 data points.
2026-05-08 01:00:45,507 - root - INFO - Fetching minute data with payload: {'ps_key_list': ['1479456_7_3_1', '1479456_7_2_1', '1479456_7_4_1', '1479456_7_13_2', '1479456_7_12_2', '1479456_7_11_2', '1479456_7_20_1'], 'points': 'p8030,p8031,p8032,p8033,p8018,p8014', 'start_time_stamp': '20260507090000', 'end_time_stamp': '20260507120000', 'minute_interval': 5}
2026-05-08 01:00:45,789 - root - INFO - Successfully upserted 666 data points.
2026-05-08 01:00:45,789 - root - INFO - Fetching minute data with payload: {'ps_key_list': ['1479456_7_3_1', '1479456_7_2_1', '1479456_7_4_1', '1479456_7_13_2', '1479456_7_12_2', '1479456_7_11_2', '1479456_7_20_1'], 'points': 'p8030,p8031,p8032,p8033,p8018,p8014', 'start_time_stamp': '20260507030000', 'end_time_stamp': '20260507060000', 'minute_interval': 5}
2026-05-08 01:00:45,929 - root - INFO - Successfully upserted 648 data points.
2026-05-08 01:00:45,940 - root - INFO - Fetching minute data with payload: {'ps_key_list': ['1479456_7_3_1', '1479456_7_2_1', '1479456_7_4_1', '1479456_7_13_2', '1479456_7_12_2', '1479456_7_11_2', '1479456_7_20_1'], 'points': 'p8030,p8031,p8032,p8033,p8018,p8014', 'start_time_stamp': '20260507210000', 'end_time_stamp': '20260507235959', 'minute_interval': 5}
2026-05-08 01:00:46,134 - root - INFO - Successfully upserted 666 data points.
2026-05-08 01:00:46,134 - root - INFO - Fetching minute data with payload: {'ps_key_list': ['1479456_7_3_1', '1479456_7_2_1', '1479456_7_4_1', '1479456_7_13_2', '1479456_7_12_2', '1479456_7_11_2', '1479456_7_20_1'], 'points': 'p8030,p8031,p8032,p8033,p8018,p8014', 'start_time_stamp': '20260507150000', 'end_time_stamp': '20260507180000', 'minute_interval': 5}
2026-05-08 01:00:46,454 - root - INFO - Successfully upserted 666 data points.
2026-05-08 01:00:46,454 - root - INFO - Fetching minute data with payload: {'ps_key_list': ['1479456_7_3_1', '1479456_7_2_1', '1479456_7_4_1', '1479456_7_13_2', '1479456_7_12_2', '1479456_7_11_2', '1479456_7_20_1'], 'points': 'p8030,p8031,p8032,p8033,p8018,p8014', 'start_time_stamp': '20260507000000', 'end_time_stamp': '20260507030000', 'minute_interval': 5}
2026-05-08 01:00:46,873 - root - INFO - Successfully upserted 222 data points.
2026-05-08 01:00:46,874 - root - INFO - Fetching minute data with payload: {'ps_key_list': ['1789614_5_9_1', '1789614_5_8_1'], 'points': 'p2003,p2001,p2005,p2007,p2009,p2010,p2022,p2016,p2012', 'start_time_stamp': '20260507180000', 'end_time_stamp': '20260507210000', 'minute_interval': 5}
2026-05-08 01:00:47,864 - root - INFO - Successfully upserted 222 data points.
2026-05-08 01:00:47,864 - root - INFO - Fetching minute data with payload: {'ps_key_list': ['1789614_5_9_1', '1789614_5_8_1'], 'points': 'p2003,p2001,p2005,p2007,p2009,p2010,p2022,p2016,p2012', 'start_time_stamp': '20260507120000', 'end_time_stamp': '20260507150000', 'minute_interval': 5}
2026-05-08 01:00:48,030 - root - INFO - Successfully upserted 222 data points.
2026-05-08 01:00:48,031 - root - INFO - Fetching minute data with payload: {'ps_key_list': ['1789614_5_9_1', '1789614_5_8_1'], 'points': 'p2003,p2001,p2005,p2007,p2009,p2010,p2022,p2016,p2012', 'start_time_stamp': '20260507060000', 'end_time_stamp': '20260507090000', 'minute_interval': 5}
2026-05-08 01:00:48,120 - root - INFO - Successfully upserted 222 data points.
2026-05-08 01:00:48,121 - root - INFO - Fetching minute data with payload: {'ps_key_list': ['1789614_5_9_1', '1789614_5_8_1'], 'points': 'p2003,p2001,p2005,p2007,p2009,p2010,p2022,p2016,p2012', 'start_time_stamp': '20260507090000', 'end_time_stamp': '20260507120000', 'minute_interval': 5}
2026-05-08 01:00:48,485 - root - INFO - Successfully upserted 222 data points.
2026-05-08 01:00:48,485 - root - INFO - Fetching minute data with payload: {'ps_key_list': ['1789614_5_9_1', '1789614_5_8_1'], 'points': 'p2003,p2001,p2005,p2007,p2009,p2010,p2022,p2016,p2012', 'start_time_stamp': '20260507030000', 'end_time_stamp': '20260507060000', 'minute_interval': 5}
2026-05-08 01:00:48,585 - root - INFO - Successfully upserted 216 data points.
2026-05-08 01:00:48,586 - root - INFO - Fetching minute data with payload: {'ps_key_list': ['1789614_5_9_1', '1789614_5_8_1'], 'points': 'p2003,p2001,p2005,p2007,p2009,p2010,p2022,p2016,p2012', 'start_time_stamp': '20260507210000', 'end_time_stamp': '20260507235959', 'minute_interval': 5}
2026-05-08 01:00:48,775 - root - INFO - Successfully upserted 222 data points.
2026-05-08 01:00:48,775 - root - INFO - Fetching minute data with payload: {'ps_key_list': ['1789614_5_9_1', '1789614_5_8_1'], 'points': 'p2003,p2001,p2005,p2007,p2009,p2010,p2022,p2016,p2012', 'start_time_stamp': '20260507150000', 'end_time_stamp': '20260507180000', 'minute_interval': 5}
2026-05-08 01:00:48,987 - root - INFO - Successfully upserted 222 data points.
2026-05-08 01:00:48,987 - root - INFO - Fetching minute data with payload: {'ps_key_list': ['1789614_5_9_1', '1789614_5_8_1'], 'points': 'p2003,p2001,p2005,p2007,p2009,p2010,p2022,p2016,p2012', 'start_time_stamp': '20260507000000', 'end_time_stamp': '20260507030000', 'minute_interval': 5}
2026-05-08 01:00:49,356 - root - INFO - Successfully upserted 74 data points.
2026-05-08 01:00:49,356 - root - INFO - Fetching minute data with payload: {'ps_key_list': ['1789614_7_7_1', '1789614_7_6_1'], 'points': 'p8030,p8031,p8032,p8033,p8018,p8014', 'start_time_stamp': '20260507180000', 'end_time_stamp': '20260507210000', 'minute_interval': 5}
2026-05-08 01:00:50,460 - root - INFO - Successfully upserted 74 data points.
2026-05-08 01:00:50,461 - root - INFO - Fetching minute data with payload: {'ps_key_list': ['1789614_7_7_1', '1789614_7_6_1'], 'points': 'p8030,p8031,p8032,p8033,p8018,p8014', 'start_time_stamp': '20260507120000', 'end_time_stamp': '20260507150000', 'minute_interval': 5}
2026-05-08 01:00:50,641 - root - INFO - Successfully upserted 74 data points.
2026-05-08 01:00:50,641 - root - INFO - Fetching minute data with payload: {'ps_key_list': ['1789614_7_7_1', '1789614_7_6_1'], 'points': 'p8030,p8031,p8032,p8033,p8018,p8014', 'start_time_stamp': '20260507090000', 'end_time_stamp': '20260507120000', 'minute_interval': 5}
2026-05-08 01:00:50,666 - root - INFO - Successfully upserted 74 data points.
2026-05-08 01:00:50,667 - root - INFO - Fetching minute data with payload: {'ps_key_list': ['1789614_7_7_1', '1789614_7_6_1'], 'points': 'p8030,p8031,p8032,p8033,p8018,p8014', 'start_time_stamp': '20260507060000', 'end_time_stamp': '20260507090000', 'minute_interval': 5}
2026-05-08 01:00:51,079 - root - INFO - Successfully upserted 74 data points.
2026-05-08 01:00:51,079 - root - INFO - Fetching minute data with payload: {'ps_key_list': ['1789614_7_7_1', '1789614_7_6_1'], 'points': 'p8030,p8031,p8032,p8033,p8018,p8014', 'start_time_stamp': '20260507030000', 'end_time_stamp': '20260507060000', 'minute_interval': 5}
2026-05-08 01:00:51,215 - root - INFO - Successfully upserted 72 data points.
2026-05-08 01:00:51,215 - root - INFO - Fetching minute data with payload: {'ps_key_list': ['1789614_7_7_1', '1789614_7_6_1'], 'points': 'p8030,p8031,p8032,p8033,p8018,p8014', 'start_time_stamp': '20260507210000', 'end_time_stamp': '20260507235959', 'minute_interval': 5}
2026-05-08 01:00:51,387 - root - INFO - Successfully upserted 74 data points.
2026-05-08 01:00:51,388 - root - INFO - Fetching minute data with payload: {'ps_key_list': ['1789614_7_7_1', '1789614_7_6_1'], 'points': 'p8030,p8031,p8032,p8033,p8018,p8014', 'start_time_stamp': '20260507150000', 'end_time_stamp': '20260507180000', 'minute_interval': 5}
2026-05-08 01:00:51,468 - root - INFO - Successfully upserted 74 data points.
2026-05-08 01:00:51,470 - root - INFO - Fetching minute data with payload: {'ps_key_list': ['1789614_7_7_1', '1789614_7_6_1'], 'points': 'p8030,p8031,p8032,p8033,p8018,p8014', 'start_time_stamp': '20260507000000', 'end_time_stamp': '20260507030000', 'minute_interval': 5}
2026-05-08 01:00:52,403 - root - INFO - Successfully upserted 74 data points.
2026-05-08 01:00:52,403 - root - INFO - Fetching minute data with payload: {'ps_key_list': ['1789614_1_4_1', '1789614_1_3_1', '1789614_1_2_1', '1789614_1_1_1'], 'points': 'p96,p97,p98,p99,p100,p101,p102,p103,p104,p105,p106,p107,p108,p109,p110,p111,p112,p113,p7166,p7167,p7168,p7169,p7170,p7171,p70,p71,p72,p73,p74,p75,p76,p77,p78,p79,p80,p81,p82,p83,p84,p85,p92,p93,p313,p314,p315,p316,p317,p318', 'start_time_stamp': '20260507180000', 'end_time_stamp': '20260507210000', 'minute_interval': 5}
2026-05-08 01:00:52,941 - root - INFO - Successfully upserted 74 data points.
2026-05-08 01:00:52,942 - root - INFO - Fetching minute data with payload: {'ps_key_list': ['1789614_1_4_1', '1789614_1_3_1', '1789614_1_2_1', '1789614_1_1_1'], 'points': 'p96,p97,p98,p99,p100,p101,p102,p103,p104,p105,p106,p107,p108,p109,p110,p111,p112,p113,p7166,p7167,p7168,p7169,p7170,p7171,p70,p71,p72,p73,p74,p75,p76,p77,p78,p79,p80,p81,p82,p83,p84,p85,p92,p93,p313,p314,p315,p316,p317,p318', 'start_time_stamp': '20260507120000', 'end_time_stamp': '20260507150000', 'minute_interval': 5}
2026-05-08 01:00:53,286 - root - INFO - Successfully upserted 74 data points.
2026-05-08 01:00:53,286 - root - INFO - Fetching minute data with payload: {'ps_key_list': ['1789614_1_4_1', '1789614_1_3_1', '1789614_1_2_1', '1789614_1_1_1'], 'points': 'p96,p97,p98,p99,p100,p101,p102,p103,p104,p105,p106,p107,p108,p109,p110,p111,p112,p113,p7166,p7167,p7168,p7169,p7170,p7171,p70,p71,p72,p73,p74,p75,p76,p77,p78,p79,p80,p81,p82,p83,p84,p85,p92,p93,p313,p314,p315,p316,p317,p318', 'start_time_stamp': '20260507090000', 'end_time_stamp': '20260507120000', 'minute_interval': 5}
2026-05-08 01:00:53,313 - root - INFO - Successfully upserted 74 data points.
2026-05-08 01:00:53,313 - root - INFO - Fetching minute data with payload: {'ps_key_list': ['1789614_1_4_1', '1789614_1_3_1', '1789614_1_2_1', '1789614_1_1_1'], 'points': 'p96,p97,p98,p99,p100,p101,p102,p103,p104,p105,p106,p107,p108,p109,p110,p111,p112,p113,p7166,p7167,p7168,p7169,p7170,p7171,p70,p71,p72,p73,p74,p75,p76,p77,p78,p79,p80,p81,p82,p83,p84,p85,p92,p93,p313,p314,p315,p316,p317,p318', 'start_time_stamp': '20260507060000', 'end_time_stamp': '20260507090000', 'minute_interval': 5}
2026-05-08 01:00:53,585 - root - INFO - Successfully upserted 74 data points.
2026-05-08 01:00:53,585 - root - INFO - Fetching minute data with payload: {'ps_key_list': ['1789614_1_4_1', '1789614_1_3_1', '1789614_1_2_1', '1789614_1_1_1'], 'points': 'p96,p97,p98,p99,p100,p101,p102,p103,p104,p105,p106,p107,p108,p109,p110,p111,p112,p113,p7166,p7167,p7168,p7169,p7170,p7171,p70,p71,p72,p73,p74,p75,p76,p77,p78,p79,p80,p81,p82,p83,p84,p85,p92,p93,p313,p314,p315,p316,p317,p318', 'start_time_stamp': '20260507030000', 'end_time_stamp': '20260507060000', 'minute_interval': 5}
2026-05-08 01:00:53,958 - root - INFO - Successfully upserted 72 data points.
2026-05-08 01:00:53,959 - root - INFO - Fetching minute data with payload: {'ps_key_list': ['1789614_1_4_1', '1789614_1_3_1', '1789614_1_2_1', '1789614_1_1_1'], 'points': 'p96,p97,p98,p99,p100,p101,p102,p103,p104,p105,p106,p107,p108,p109,p110,p111,p112,p113,p7166,p7167,p7168,p7169,p7170,p7171,p70,p71,p72,p73,p74,p75,p76,p77,p78,p79,p80,p81,p82,p83,p84,p85,p92,p93,p313,p314,p315,p316,p317,p318', 'start_time_stamp': '20260507210000', 'end_time_stamp': '20260507235959', 'minute_interval': 5}
2026-05-08 01:00:54,012 - root - INFO - Successfully upserted 74 data points.
2026-05-08 01:00:54,012 - root - INFO - Fetching minute data with payload: {'ps_key_list': ['1789614_1_4_1', '1789614_1_3_1', '1789614_1_2_1', '1789614_1_1_1'], 'points': 'p96,p97,p98,p99,p100,p101,p102,p103,p104,p105,p106,p107,p108,p109,p110,p111,p112,p113,p7166,p7167,p7168,p7169,p7170,p7171,p70,p71,p72,p73,p74,p75,p76,p77,p78,p79,p80,p81,p82,p83,p84,p85,p92,p93,p313,p314,p315,p316,p317,p318', 'start_time_stamp': '20260507000000', 'end_time_stamp': '20260507030000', 'minute_interval': 5}
2026-05-08 01:00:54,034 - root - INFO - Successfully upserted 74 data points.
2026-05-08 01:00:54,034 - root - INFO - Fetching minute data with payload: {'ps_key_list': ['1789614_1_4_1', '1789614_1_3_1', '1789614_1_2_1', '1789614_1_1_1'], 'points': 'p96,p97,p98,p99,p100,p101,p102,p103,p104,p105,p106,p107,p108,p109,p110,p111,p112,p113,p7166,p7167,p7168,p7169,p7170,p7171,p70,p71,p72,p73,p74,p75,p76,p77,p78,p79,p80,p81,p82,p83,p84,p85,p92,p93,p313,p314,p315,p316,p317,p318', 'start_time_stamp': '20260507150000', 'end_time_stamp': '20260507180000', 'minute_interval': 5}
2026-05-08 01:00:55,029 - root - INFO - Successfully upserted 148 data points.
2026-05-08 01:00:55,029 - root - INFO - Fetching minute data with payload: {'ps_key_list': ['1453245_7_15_1', '1453245_7_14_1', '1453245_7_16_1', '1453245_7_12_1', '1453245_7_9_1', '1453245_7_8_1', '1453245_7_17_1', '1453245_7_7_1'], 'points': 'p8030,p8031,p8032,p8033,p8018,p8014', 'start_time_stamp': '20260507180000', 'end_time_stamp': '20260507210000', 'minute_interval': 5}
2026-05-08 01:00:55,467 - root - INFO - Successfully upserted 148 data points.
2026-05-08 01:00:55,467 - root - INFO - Fetching minute data with payload: {'ps_key_list': ['1453245_7_15_1', '1453245_7_14_1', '1453245_7_16_1', '1453245_7_12_1', '1453245_7_9_1', '1453245_7_8_1', '1453245_7_17_1', '1453245_7_7_1'], 'points': 'p8030,p8031,p8032,p8033,p8018,p8014', 'start_time_stamp': '20260507120000', 'end_time_stamp': '20260507150000', 'minute_interval': 5}
2026-05-08 01:00:56,013 - root - INFO - Successfully upserted 148 data points.
2026-05-08 01:00:56,013 - root - INFO - Fetching minute data with payload: {'ps_key_list': ['1453245_7_15_1', '1453245_7_14_1', '1453245_7_16_1', '1453245_7_12_1', '1453245_7_9_1', '1453245_7_8_1', '1453245_7_17_1', '1453245_7_7_1'], 'points': 'p8030,p8031,p8032,p8033,p8018,p8014', 'start_time_stamp': '20260507060000', 'end_time_stamp': '20260507090000', 'minute_interval': 5}
2026-05-08 01:00:56,054 - root - INFO - Successfully upserted 148 data points.
2026-05-08 01:00:56,054 - root - INFO - Fetching minute data with payload: {'ps_key_list': ['1453245_7_15_1', '1453245_7_14_1', '1453245_7_16_1', '1453245_7_12_1', '1453245_7_9_1', '1453245_7_8_1', '1453245_7_17_1', '1453245_7_7_1'], 'points': 'p8030,p8031,p8032,p8033,p8018,p8014', 'start_time_stamp': '20260507090000', 'end_time_stamp': '20260507120000', 'minute_interval': 5}
2026-05-08 01:00:56,207 - root - INFO - Successfully upserted 148 data points.
2026-05-08 01:00:56,208 - root - INFO - Fetching minute data with payload: {'ps_key_list': ['1453245_7_15_1', '1453245_7_14_1', '1453245_7_16_1', '1453245_7_12_1', '1453245_7_9_1', '1453245_7_8_1', '1453245_7_17_1', '1453245_7_7_1'], 'points': 'p8030,p8031,p8032,p8033,p8018,p8014', 'start_time_stamp': '20260507030000', 'end_time_stamp': '20260507060000', 'minute_interval': 5}
2026-05-08 01:00:56,791 - root - INFO - Successfully upserted 144 data points.
2026-05-08 01:00:56,804 - root - INFO - Fetching minute data with payload: {'ps_key_list': ['1453245_7_15_1', '1453245_7_14_1', '1453245_7_16_1', '1453245_7_12_1', '1453245_7_9_1', '1453245_7_8_1', '1453245_7_17_1', '1453245_7_7_1'], 'points': 'p8030,p8031,p8032,p8033,p8018,p8014', 'start_time_stamp': '20260507210000', 'end_time_stamp': '20260507235959', 'minute_interval': 5}
2026-05-08 01:00:56,806 - root - INFO - Successfully upserted 148 data points.
2026-05-08 01:00:56,807 - root - INFO - Fetching minute data with payload: {'ps_key_list': ['1453245_7_15_1', '1453245_7_14_1', '1453245_7_16_1', '1453245_7_12_1', '1453245_7_9_1', '1453245_7_8_1', '1453245_7_17_1', '1453245_7_7_1'], 'points': 'p8030,p8031,p8032,p8033,p8018,p8014', 'start_time_stamp': '20260507150000', 'end_time_stamp': '20260507180000', 'minute_interval': 5}
2026-05-08 01:00:56,816 - root - INFO - Successfully upserted 148 data points.
2026-05-08 01:00:56,818 - root - INFO - Fetching minute data with payload: {'ps_key_list': ['1453245_7_15_1', '1453245_7_14_1', '1453245_7_16_1', '1453245_7_12_1', '1453245_7_9_1', '1453245_7_8_1', '1453245_7_17_1', '1453245_7_7_1'], 'points': 'p8030,p8031,p8032,p8033,p8018,p8014', 'start_time_stamp': '20260507000000', 'end_time_stamp': '20260507030000', 'minute_interval': 5}
2026-05-08 01:00:57,834 - root - INFO - Successfully upserted 296 data points.
2026-05-08 01:00:57,834 - root - INFO - Fetching minute data with payload: {'ps_key_list': ['1453245_5_13_1', '1453245_5_11_1', '1453245_5_10_1', '1453245_5_9_1'], 'points': 'p2003,p2001,p2005,p2007,p2009,p2010,p2022,p2016,p2012', 'start_time_stamp': '20260507180000', 'end_time_stamp': '20260507210000', 'minute_interval': 5}
2026-05-08 01:00:58,205 - root - INFO - Successfully upserted 296 data points.
2026-05-08 01:00:58,206 - root - INFO - Fetching minute data with payload: {'ps_key_list': ['1453245_5_13_1', '1453245_5_11_1', '1453245_5_10_1', '1453245_5_9_1'], 'points': 'p2003,p2001,p2005,p2007,p2009,p2010,p2022,p2016,p2012', 'start_time_stamp': '20260507120000', 'end_time_stamp': '20260507150000', 'minute_interval': 5}
2026-05-08 01:00:58,827 - root - INFO - Successfully upserted 296 data points.
2026-05-08 01:00:58,828 - root - INFO - Fetching minute data with payload: {'ps_key_list': ['1453245_5_13_1', '1453245_5_11_1', '1453245_5_10_1', '1453245_5_9_1'], 'points': 'p2003,p2001,p2005,p2007,p2009,p2010,p2022,p2016,p2012', 'start_time_stamp': '20260507060000', 'end_time_stamp': '20260507090000', 'minute_interval': 5}
2026-05-08 01:00:58,916 - root - INFO - Successfully upserted 296 data points.
2026-05-08 01:00:58,916 - root - INFO - Fetching minute data with payload: {'ps_key_list': ['1453245_5_13_1', '1453245_5_11_1', '1453245_5_10_1', '1453245_5_9_1'], 'points': 'p2003,p2001,p2005,p2007,p2009,p2010,p2022,p2016,p2012', 'start_time_stamp': '20260507090000', 'end_time_stamp': '20260507120000', 'minute_interval': 5}
2026-05-08 01:00:58,967 - root - INFO - Successfully upserted 296 data points.
2026-05-08 01:00:58,967 - root - INFO - Fetching minute data with payload: {'ps_key_list': ['1453245_5_13_1', '1453245_5_11_1', '1453245_5_10_1', '1453245_5_9_1'], 'points': 'p2003,p2001,p2005,p2007,p2009,p2010,p2022,p2016,p2012', 'start_time_stamp': '20260507030000', 'end_time_stamp': '20260507060000', 'minute_interval': 5}
2026-05-08 01:00:59,621 - root - INFO - Successfully upserted 244 data points.
2026-05-08 01:00:59,621 - root - INFO - Fetching minute data with payload: {'ps_key_list': ['1453245_5_13_1', '1453245_5_11_1', '1453245_5_10_1', '1453245_5_9_1'], 'points': 'p2003,p2001,p2005,p2007,p2009,p2010,p2022,p2016,p2012', 'start_time_stamp': '20260507210000', 'end_time_stamp': '20260507235959', 'minute_interval': 5}
2026-05-08 01:00:59,629 - root - INFO - Successfully upserted 296 data points.
2026-05-08 01:00:59,629 - root - INFO - Fetching minute data with payload: {'ps_key_list': ['1453245_5_13_1', '1453245_5_11_1', '1453245_5_10_1', '1453245_5_9_1'], 'points': 'p2003,p2001,p2005,p2007,p2009,p2010,p2022,p2016,p2012', 'start_time_stamp': '20260507000000', 'end_time_stamp': '20260507030000', 'minute_interval': 5}
2026-05-08 01:00:59,670 - root - INFO - Successfully upserted 296 data points.
2026-05-08 01:00:59,671 - root - INFO - Fetching minute data with payload: {'ps_key_list': ['1453245_5_13_1', '1453245_5_11_1', '1453245_5_10_1', '1453245_5_9_1'], 'points': 'p2003,p2001,p2005,p2007,p2009,p2010,p2022,p2016,p2012', 'start_time_stamp': '20260507150000', 'end_time_stamp': '20260507180000', 'minute_interval': 5}
2026-05-08 01:01:00,402 - root - INFO - Successfully upserted 74 data points.
2026-05-08 01:01:00,403 - root - INFO - Fetching minute data with payload: {'ps_key_list': ['1453245_1_3_1', '1453245_1_4_1', '1453245_1_5_1', '1453245_1_6_1', '1453245_1_1_1', '1453245_1_2_1'], 'points': 'p96,p97,p98,p99,p100,p101,p102,p103,p104,p105,p106,p107,p108,p109,p110,p111,p112,p113,p7166,p7167,p7168,p7169,p7170,p7171,p70,p71,p72,p73,p74,p75,p76,p77,p78,p79,p80,p81,p82,p83,p84,p85,p92,p93,p313,p314,p315,p316,p317,p318', 'start_time_stamp': '20260507180000', 'end_time_stamp': '20260507210000', 'minute_interval': 5}
2026-05-08 01:01:00,795 - root - INFO - Successfully upserted 74 data points.
2026-05-08 01:01:00,795 - root - INFO - Fetching minute data with payload: {'ps_key_list': ['1453245_1_3_1', '1453245_1_4_1', '1453245_1_5_1', '1453245_1_6_1', '1453245_1_1_1', '1453245_1_2_1'], 'points': 'p96,p97,p98,p99,p100,p101,p102,p103,p104,p105,p106,p107,p108,p109,p110,p111,p112,p113,p7166,p7167,p7168,p7169,p7170,p7171,p70,p71,p72,p73,p74,p75,p76,p77,p78,p79,p80,p81,p82,p83,p84,p85,p92,p93,p313,p314,p315,p316,p317,p318', 'start_time_stamp': '20260507120000', 'end_time_stamp': '20260507150000', 'minute_interval': 5}
2026-05-08 01:01:01,393 - root - INFO - Successfully upserted 74 data points.
2026-05-08 01:01:01,393 - root - INFO - Fetching minute data with payload: {'ps_key_list': ['1453245_1_3_1', '1453245_1_4_1', '1453245_1_5_1', '1453245_1_6_1', '1453245_1_1_1', '1453245_1_2_1'], 'points': 'p96,p97,p98,p99,p100,p101,p102,p103,p104,p105,p106,p107,p108,p109,p110,p111,p112,p113,p7166,p7167,p7168,p7169,p7170,p7171,p70,p71,p72,p73,p74,p75,p76,p77,p78,p79,p80,p81,p82,p83,p84,p85,p92,p93,p313,p314,p315,p316,p317,p318', 'start_time_stamp': '20260507060000', 'end_time_stamp': '20260507090000', 'minute_interval': 5}
2026-05-08 01:01:01,614 - root - INFO - Successfully upserted 74 data points.
2026-05-08 01:01:01,617 - root - INFO - Fetching minute data with payload: {'ps_key_list': ['1453245_1_3_1', '1453245_1_4_1', '1453245_1_5_1', '1453245_1_6_1', '1453245_1_1_1', '1453245_1_2_1'], 'points': 'p96,p97,p98,p99,p100,p101,p102,p103,p104,p105,p106,p107,p108,p109,p110,p111,p112,p113,p7166,p7167,p7168,p7169,p7170,p7171,p70,p71,p72,p73,p74,p75,p76,p77,p78,p79,p80,p81,p82,p83,p84,p85,p92,p93,p313,p314,p315,p316,p317,p318', 'start_time_stamp': '20260507090000', 'end_time_stamp': '20260507120000', 'minute_interval': 5}
2026-05-08 01:01:01,676 - root - INFO - Successfully upserted 74 data points.
2026-05-08 01:01:01,677 - root - INFO - Fetching minute data with payload: {'ps_key_list': ['1453245_1_3_1', '1453245_1_4_1', '1453245_1_5_1', '1453245_1_6_1', '1453245_1_1_1', '1453245_1_2_1'], 'points': 'p96,p97,p98,p99,p100,p101,p102,p103,p104,p105,p106,p107,p108,p109,p110,p111,p112,p113,p7166,p7167,p7168,p7169,p7170,p7171,p70,p71,p72,p73,p74,p75,p76,p77,p78,p79,p80,p81,p82,p83,p84,p85,p92,p93,p313,p314,p315,p316,p317,p318', 'start_time_stamp': '20260507030000', 'end_time_stamp': '20260507060000', 'minute_interval': 5}
2026-05-08 01:01:02,233 - root - INFO - Successfully upserted 72 data points.
2026-05-08 01:01:02,233 - root - INFO - Fetching minute data with payload: {'ps_key_list': ['1453245_1_3_1', '1453245_1_4_1', '1453245_1_5_1', '1453245_1_6_1', '1453245_1_1_1', '1453245_1_2_1'], 'points': 'p96,p97,p98,p99,p100,p101,p102,p103,p104,p105,p106,p107,p108,p109,p110,p111,p112,p113,p7166,p7167,p7168,p7169,p7170,p7171,p70,p71,p72,p73,p74,p75,p76,p77,p78,p79,p80,p81,p82,p83,p84,p85,p92,p93,p313,p314,p315,p316,p317,p318', 'start_time_stamp': '20260507210000', 'end_time_stamp': '20260507235959', 'minute_interval': 5}
2026-05-08 01:01:02,325 - root - INFO - Successfully upserted 74 data points.
2026-05-08 01:01:02,326 - root - INFO - Fetching minute data with payload: {'ps_key_list': ['1453245_1_3_1', '1453245_1_4_1', '1453245_1_5_1', '1453245_1_6_1', '1453245_1_1_1', '1453245_1_2_1'], 'points': 'p96,p97,p98,p99,p100,p101,p102,p103,p104,p105,p106,p107,p108,p109,p110,p111,p112,p113,p7166,p7167,p7168,p7169,p7170,p7171,p70,p71,p72,p73,p74,p75,p76,p77,p78,p79,p80,p81,p82,p83,p84,p85,p92,p93,p313,p314,p315,p316,p317,p318', 'start_time_stamp': '20260507000000', 'end_time_stamp': '20260507030000', 'minute_interval': 5}
2026-05-08 01:01:02,426 - root - INFO - Successfully upserted 74 data points.
2026-05-08 01:01:02,426 - root - INFO - Fetching minute data with payload: {'ps_key_list': ['1453245_1_3_1', '1453245_1_4_1', '1453245_1_5_1', '1453245_1_6_1', '1453245_1_1_1', '1453245_1_2_1'], 'points': 'p96,p97,p98,p99,p100,p101,p102,p103,p104,p105,p106,p107,p108,p109,p110,p111,p112,p113,p7166,p7167,p7168,p7169,p7170,p7171,p70,p71,p72,p73,p74,p75,p76,p77,p78,p79,p80,p81,p82,p83,p84,p85,p92,p93,p313,p314,p315,p316,p317,p318', 'start_time_stamp': '20260507150000', 'end_time_stamp': '20260507180000', 'minute_interval': 5}
2026-05-08 01:01:03,447 - root - INFO - Successfully upserted 222 data points.
2026-05-08 01:01:03,448 - root - INFO - Fetching minute data with payload: {'ps_key_list': ['1449886_7_13_1', '1449886_7_11_1', '1449886_7_9_1', '1449886_7_8_1', '1449886_7_7_1'], 'points': 'p8030,p8031,p8032,p8033,p8018,p8014', 'start_time_stamp': '20260507120000', 'end_time_stamp': '20260507150000', 'minute_interval': 5}
2026-05-08 01:01:03,517 - root - INFO - Successfully upserted 222 data points.
2026-05-08 01:01:03,517 - root - INFO - Fetching minute data with payload: {'ps_key_list': ['1449886_7_13_1', '1449886_7_11_1', '1449886_7_9_1', '1449886_7_8_1', '1449886_7_7_1'], 'points': 'p8030,p8031,p8032,p8033,p8018,p8014', 'start_time_stamp': '20260507180000', 'end_time_stamp': '20260507210000', 'minute_interval': 5}
2026-05-08 01:01:04,324 - root - INFO - Successfully upserted 222 data points.
2026-05-08 01:01:04,324 - root - INFO - Fetching minute data with payload: {'ps_key_list': ['1449886_7_13_1', '1449886_7_11_1', '1449886_7_9_1', '1449886_7_8_1', '1449886_7_7_1'], 'points': 'p8030,p8031,p8032,p8033,p8018,p8014', 'start_time_stamp': '20260507090000', 'end_time_stamp': '20260507120000', 'minute_interval': 5}
2026-05-08 01:01:04,400 - root - INFO - Successfully upserted 222 data points.
2026-05-08 01:01:04,401 - root - INFO - Fetching minute data with payload: {'ps_key_list': ['1449886_7_13_1', '1449886_7_11_1', '1449886_7_9_1', '1449886_7_8_1', '1449886_7_7_1'], 'points': 'p8030,p8031,p8032,p8033,p8018,p8014', 'start_time_stamp': '20260507030000', 'end_time_stamp': '20260507060000', 'minute_interval': 5}
2026-05-08 01:01:04,498 - root - INFO - Successfully upserted 222 data points.
2026-05-08 01:01:04,499 - root - INFO - Fetching minute data with payload: {'ps_key_list': ['1449886_7_13_1', '1449886_7_11_1', '1449886_7_9_1', '1449886_7_8_1', '1449886_7_7_1'], 'points': 'p8030,p8031,p8032,p8033,p8018,p8014', 'start_time_stamp': '20260507060000', 'end_time_stamp': '20260507090000', 'minute_interval': 5}
2026-05-08 01:01:04,842 - root - INFO - Successfully upserted 216 data points.
2026-05-08 01:01:04,842 - root - INFO - Fetching minute data with payload: {'ps_key_list': ['1449886_7_13_1', '1449886_7_11_1', '1449886_7_9_1', '1449886_7_8_1', '1449886_7_7_1'], 'points': 'p8030,p8031,p8032,p8033,p8018,p8014', 'start_time_stamp': '20260507210000', 'end_time_stamp': '20260507235959', 'minute_interval': 5}
2026-05-08 01:01:05,070 - root - INFO - Successfully upserted 222 data points.
2026-05-08 01:01:05,070 - root - INFO - Fetching minute data with payload: {'ps_key_list': ['1449886_7_13_1', '1449886_7_11_1', '1449886_7_9_1', '1449886_7_8_1', '1449886_7_7_1'], 'points': 'p8030,p8031,p8032,p8033,p8018,p8014', 'start_time_stamp': '20260507000000', 'end_time_stamp': '20260507030000', 'minute_interval': 5}
2026-05-08 01:01:05,179 - root - INFO - Successfully upserted 222 data points.
2026-05-08 01:01:05,180 - root - INFO - Fetching minute data with payload: {'ps_key_list': ['1449886_7_13_1', '1449886_7_11_1', '1449886_7_9_1', '1449886_7_8_1', '1449886_7_7_1'], 'points': 'p8030,p8031,p8032,p8033,p8018,p8014', 'start_time_stamp': '20260507150000', 'end_time_stamp': '20260507180000', 'minute_interval': 5}
2026-05-08 01:01:06,123 - root - INFO - Successfully upserted 148 data points.
2026-05-08 01:01:06,123 - root - INFO - Fetching minute data with payload: {'ps_key_list': ['1449886_5_12_1', '1449886_5_6_1', '1449886_5_4_1', '1449886_5_5_1'], 'points': 'p2003,p2001,p2005,p2007,p2009,p2010,p2022,p2016,p2012', 'start_time_stamp': '20260507120000', 'end_time_stamp': '20260507150000', 'minute_interval': 5}
2026-05-08 01:01:06,211 - root - INFO - Successfully upserted 148 data points.
2026-05-08 01:01:06,211 - root - INFO - Fetching minute data with payload: {'ps_key_list': ['1449886_5_12_1', '1449886_5_6_1', '1449886_5_4_1', '1449886_5_5_1'], 'points': 'p2003,p2001,p2005,p2007,p2009,p2010,p2022,p2016,p2012', 'start_time_stamp': '20260507180000', 'end_time_stamp': '20260507210000', 'minute_interval': 5}
2026-05-08 01:01:06,248 - root - INFO - Retrying API request after rate limit wait...
2026-05-08 01:01:06,248 - root - INFO - Making API request to: https://sg5.fusionsolar.huawei.com/rest/openapi/pvms/nbi/v1/device/history
2026-05-08 01:01:06,249 - root - INFO - Request payload: {'devDn': 'NE=61851548', 'devTypeId': 17, 'startTime': 1778086800000, 'endTime': 1778173199000}
2026-05-08 01:01:06,838 - root - INFO - Response status code: 200
2026-05-08 01:01:06,838 - root - INFO - API response from https://sg5.fusionsolar.huawei.com/rest/openapi/pvms/nbi/v1/device/history (truncated): {'failCode': 0, 'success': True, 'message': 'historical data information query successful.', 'data': []}
2026-05-08 01:01:06,843 - root - INFO - API Response type: <class 'dict'>
2026-05-08 01:01:06,843 - root - INFO - API Response keys: ['failCode', 'success', 'message', 'data']
2026-05-08 01:01:06,844 - root - INFO - API Response data is a list with 0 items
2026-05-08 01:01:06,844 - root - INFO - API Response has failCode: 0, message: historical data information query successful.
2026-05-08 01:01:06,844 - root - INFO - Using alternate response format: data as list
2026-05-08 01:01:06,844 - root - INFO - No data points returned for the query period
2026-05-08 01:01:06,844 - root - INFO - Using single devDn for device/history (API: one device per query)
2026-05-08 01:01:06,848 - root - INFO - Fetching historical data for 1 devices of type meter
2026-05-08 01:01:06,849 - root - INFO - Making API request to: https://sg5.fusionsolar.huawei.com/rest/openapi/pvms/nbi/v1/device/history
2026-05-08 01:01:06,849 - root - INFO - Request payload: {'devDn': 'NE=61900432', 'devTypeId': 17, 'startTime': 1778086800000, 'endTime': 1778173199000}
2026-05-08 01:01:06,995 - root - INFO - Successfully upserted 148 data points.
2026-05-08 01:01:06,995 - root - INFO - Fetching minute data with payload: {'ps_key_list': ['1449886_5_12_1', '1449886_5_6_1', '1449886_5_4_1', '1449886_5_5_1'], 'points': 'p2003,p2001,p2005,p2007,p2009,p2010,p2022,p2016,p2012', 'start_time_stamp': '20260507090000', 'end_time_stamp': '20260507120000', 'minute_interval': 5}
2026-05-08 01:01:07,100 - root - INFO - Successfully upserted 148 data points.
2026-05-08 01:01:07,100 - root - INFO - Fetching minute data with payload: {'ps_key_list': ['1449886_5_12_1', '1449886_5_6_1', '1449886_5_4_1', '1449886_5_5_1'], 'points': 'p2003,p2001,p2005,p2007,p2009,p2010,p2022,p2016,p2012', 'start_time_stamp': '20260507030000', 'end_time_stamp': '20260507060000', 'minute_interval': 5}
2026-05-08 01:01:07,168 - root - INFO - Successfully upserted 148 data points.
2026-05-08 01:01:07,168 - root - INFO - Fetching minute data with payload: {'ps_key_list': ['1449886_5_12_1', '1449886_5_6_1', '1449886_5_4_1', '1449886_5_5_1'], 'points': 'p2003,p2001,p2005,p2007,p2009,p2010,p2022,p2016,p2012', 'start_time_stamp': '20260507060000', 'end_time_stamp': '20260507090000', 'minute_interval': 5}
2026-05-08 01:01:07,218 - root - INFO - Response status code: 200
2026-05-08 01:01:07,219 - root - INFO - API response from https://sg5.fusionsolar.huawei.com/rest/openapi/pvms/nbi/v1/device/history (truncated): {'failCode': 407, 'success': False, 'message': 'Interface access frequency:0.39333333333333337/1second', 'data': []}
2026-05-08 01:01:07,219 - root - WARNING - API access frequency too high. Waiting 30 seconds before retry...
2026-05-08 01:01:07,425 - root - INFO - Successfully upserted 144 data points.
2026-05-08 01:01:07,425 - root - INFO - Fetching minute data with payload: {'ps_key_list': ['1449886_5_12_1', '1449886_5_6_1', '1449886_5_4_1', '1449886_5_5_1'], 'points': 'p2003,p2001,p2005,p2007,p2009,p2010,p2022,p2016,p2012', 'start_time_stamp': '20260507210000', 'end_time_stamp': '20260507235959', 'minute_interval': 5}
2026-05-08 01:01:07,705 - root - INFO - Successfully upserted 148 data points.
2026-05-08 01:01:07,706 - root - INFO - Fetching minute data with payload: {'ps_key_list': ['1449886_5_12_1', '1449886_5_6_1', '1449886_5_4_1', '1449886_5_5_1'], 'points': 'p2003,p2001,p2005,p2007,p2009,p2010,p2022,p2016,p2012', 'start_time_stamp': '20260507000000', 'end_time_stamp': '20260507030000', 'minute_interval': 5}
2026-05-08 01:01:07,813 - root - INFO - Successfully upserted 148 data points.
2026-05-08 01:01:07,813 - root - INFO - Fetching minute data with payload: {'ps_key_list': ['1449886_5_12_1', '1449886_5_6_1', '1449886_5_4_1', '1449886_5_5_1'], 'points': 'p2003,p2001,p2005,p2007,p2009,p2010,p2022,p2016,p2012', 'start_time_stamp': '20260507150000', 'end_time_stamp': '20260507180000', 'minute_interval': 5}
2026-05-08 01:01:08,695 - root - INFO - Successfully upserted 148 data points.
2026-05-08 01:01:08,695 - root - INFO - Fetching minute data with payload: {'ps_key_list': ['1449886_1_2_1', '1449886_1_1_1', '1449886_1_3_1'], 'points': 'p96,p97,p98,p99,p100,p101,p102,p103,p104,p105,p106,p107,p108,p109,p110,p111,p112,p113,p7166,p7167,p7168,p7169,p7170,p7171,p70,p71,p72,p73,p74,p75,p76,p77,p78,p79,p80,p81,p82,p83,p84,p85,p92,p93,p313,p314,p315,p316,p317,p318', 'start_time_stamp': '20260507120000', 'end_time_stamp': '20260507150000', 'minute_interval': 5}
2026-05-08 01:01:08,921 - root - INFO - Successfully upserted 148 data points.
2026-05-08 01:01:08,922 - root - INFO - Fetching minute data with payload: {'ps_key_list': ['1449886_1_2_1', '1449886_1_1_1', '1449886_1_3_1'], 'points': 'p96,p97,p98,p99,p100,p101,p102,p103,p104,p105,p106,p107,p108,p109,p110,p111,p112,p113,p7166,p7167,p7168,p7169,p7170,p7171,p70,p71,p72,p73,p74,p75,p76,p77,p78,p79,p80,p81,p82,p83,p84,p85,p92,p93,p313,p314,p315,p316,p317,p318', 'start_time_stamp': '20260507180000', 'end_time_stamp': '20260507210000', 'minute_interval': 5}
2026-05-08 01:01:09,700 - root - INFO - Successfully upserted 148 data points.
2026-05-08 01:01:09,700 - root - INFO - Fetching minute data with payload: {'ps_key_list': ['1449886_1_2_1', '1449886_1_1_1', '1449886_1_3_1'], 'points': 'p96,p97,p98,p99,p100,p101,p102,p103,p104,p105,p106,p107,p108,p109,p110,p111,p112,p113,p7166,p7167,p7168,p7169,p7170,p7171,p70,p71,p72,p73,p74,p75,p76,p77,p78,p79,p80,p81,p82,p83,p84,p85,p92,p93,p313,p314,p315,p316,p317,p318', 'start_time_stamp': '20260507090000', 'end_time_stamp': '20260507120000', 'minute_interval': 5}
2026-05-08 01:01:09,817 - root - INFO - Successfully upserted 148 data points.
2026-05-08 01:01:09,817 - root - INFO - Fetching minute data with payload: {'ps_key_list': ['1449886_1_2_1', '1449886_1_1_1', '1449886_1_3_1'], 'points': 'p96,p97,p98,p99,p100,p101,p102,p103,p104,p105,p106,p107,p108,p109,p110,p111,p112,p113,p7166,p7167,p7168,p7169,p7170,p7171,p70,p71,p72,p73,p74,p75,p76,p77,p78,p79,p80,p81,p82,p83,p84,p85,p92,p93,p313,p314,p315,p316,p317,p318', 'start_time_stamp': '20260507060000', 'end_time_stamp': '20260507090000', 'minute_interval': 5}
2026-05-08 01:01:09,847 - root - INFO - Successfully upserted 148 data points.
2026-05-08 01:01:09,848 - root - INFO - Fetching minute data with payload: {'ps_key_list': ['1449886_1_2_1', '1449886_1_1_1', '1449886_1_3_1'], 'points': 'p96,p97,p98,p99,p100,p101,p102,p103,p104,p105,p106,p107,p108,p109,p110,p111,p112,p113,p7166,p7167,p7168,p7169,p7170,p7171,p70,p71,p72,p73,p74,p75,p76,p77,p78,p79,p80,p81,p82,p83,p84,p85,p92,p93,p313,p314,p315,p316,p317,p318', 'start_time_stamp': '20260507030000', 'end_time_stamp': '20260507060000', 'minute_interval': 5}
2026-05-08 01:01:10,009 - root - INFO - Successfully upserted 142 data points.
2026-05-08 01:01:10,010 - root - INFO - Fetching minute data with payload: {'ps_key_list': ['1449886_1_2_1', '1449886_1_1_1', '1449886_1_3_1'], 'points': 'p96,p97,p98,p99,p100,p101,p102,p103,p104,p105,p106,p107,p108,p109,p110,p111,p112,p113,p7166,p7167,p7168,p7169,p7170,p7171,p70,p71,p72,p73,p74,p75,p76,p77,p78,p79,p80,p81,p82,p83,p84,p85,p92,p93,p313,p314,p315,p316,p317,p318', 'start_time_stamp': '20260507210000', 'end_time_stamp': '20260507235959', 'minute_interval': 5}
2026-05-08 01:01:10,367 - root - INFO - Successfully upserted 148 data points.
2026-05-08 01:01:10,367 - root - INFO - Fetching minute data with payload: {'ps_key_list': ['1449886_1_2_1', '1449886_1_1_1', '1449886_1_3_1'], 'points': 'p96,p97,p98,p99,p100,p101,p102,p103,p104,p105,p106,p107,p108,p109,p110,p111,p112,p113,p7166,p7167,p7168,p7169,p7170,p7171,p70,p71,p72,p73,p74,p75,p76,p77,p78,p79,p80,p81,p82,p83,p84,p85,p92,p93,p313,p314,p315,p316,p317,p318', 'start_time_stamp': '20260507000000', 'end_time_stamp': '20260507030000', 'minute_interval': 5}
2026-05-08 01:01:10,446 - root - INFO - Successfully upserted 148 data points.
2026-05-08 01:01:10,446 - root - INFO - Fetching minute data with payload: {'ps_key_list': ['1449886_1_2_1', '1449886_1_1_1', '1449886_1_3_1'], 'points': 'p96,p97,p98,p99,p100,p101,p102,p103,p104,p105,p106,p107,p108,p109,p110,p111,p112,p113,p7166,p7167,p7168,p7169,p7170,p7171,p70,p71,p72,p73,p74,p75,p76,p77,p78,p79,p80,p81,p82,p83,p84,p85,p92,p93,p313,p314,p315,p316,p317,p318', 'start_time_stamp': '20260507150000', 'end_time_stamp': '20260507180000', 'minute_interval': 5}
2026-05-08 01:01:11,318 - root - INFO - Successfully upserted 111 data points.
2026-05-08 01:01:11,318 - root - INFO - Fetching minute data with payload: {'ps_key_list': ['1763661_1_1_1', '1763661_1_4_1', '1763661_1_3_1', '1763661_1_34_1', '1763661_1_33_1', '1763661_1_32_1', '1763661_1_31_1', '1763661_1_30_1', '1763661_1_29_1', '1763661_1_28_1', '1763661_1_27_1', '1763661_1_26_1', '1763661_1_25_1', '1763661_1_6_1', '1763661_1_5_1', '1763661_1_8_1', '1763661_1_7_1', '1763661_1_9_1', '1763661_1_10_1', '1763661_1_2_1'], 'points': 'p96,p97,p98,p99,p100,p101,p102,p103,p104,p105,p106,p107,p108,p109,p110,p111,p112,p113,p7166,p7167,p7168,p7169,p7170,p7171,p70,p71,p72,p73,p74,p75,p76,p77,p78,p79,p80,p81,p82,p83,p84,p85,p92,p93,p313,p314,p315,p316,p317,p318', 'start_time_stamp': '20260507120000', 'end_time_stamp': '20260507150000', 'minute_interval': 5}
2026-05-08 01:01:11,422 - root - INFO - Successfully upserted 111 data points.
2026-05-08 01:01:11,422 - root - INFO - Fetching minute data with payload: {'ps_key_list': ['1763661_1_1_1', '1763661_1_4_1', '1763661_1_3_1', '1763661_1_34_1', '1763661_1_33_1', '1763661_1_32_1', '1763661_1_31_1', '1763661_1_30_1', '1763661_1_29_1', '1763661_1_28_1', '1763661_1_27_1', '1763661_1_26_1', '1763661_1_25_1', '1763661_1_6_1', '1763661_1_5_1', '1763661_1_8_1', '1763661_1_7_1', '1763661_1_9_1', '1763661_1_10_1', '1763661_1_2_1'], 'points': 'p96,p97,p98,p99,p100,p101,p102,p103,p104,p105,p106,p107,p108,p109,p110,p111,p112,p113,p7166,p7167,p7168,p7169,p7170,p7171,p70,p71,p72,p73,p74,p75,p76,p77,p78,p79,p80,p81,p82,p83,p84,p85,p92,p93,p313,p314,p315,p316,p317,p318', 'start_time_stamp': '20260507180000', 'end_time_stamp': '20260507210000', 'minute_interval': 5}
2026-05-08 01:01:12,287 - root - INFO - Successfully upserted 111 data points.
2026-05-08 01:01:12,288 - root - INFO - Fetching minute data with payload: {'ps_key_list': ['1763661_1_1_1', '1763661_1_4_1', '1763661_1_3_1', '1763661_1_34_1', '1763661_1_33_1', '1763661_1_32_1', '1763661_1_31_1', '1763661_1_30_1', '1763661_1_29_1', '1763661_1_28_1', '1763661_1_27_1', '1763661_1_26_1', '1763661_1_25_1', '1763661_1_6_1', '1763661_1_5_1', '1763661_1_8_1', '1763661_1_7_1', '1763661_1_9_1', '1763661_1_10_1', '1763661_1_2_1'], 'points': 'p96,p97,p98,p99,p100,p101,p102,p103,p104,p105,p106,p107,p108,p109,p110,p111,p112,p113,p7166,p7167,p7168,p7169,p7170,p7171,p70,p71,p72,p73,p74,p75,p76,p77,p78,p79,p80,p81,p82,p83,p84,p85,p92,p93,p313,p314,p315,p316,p317,p318', 'start_time_stamp': '20260507090000', 'end_time_stamp': '20260507120000', 'minute_interval': 5}
2026-05-08 01:01:12,486 - root - INFO - Successfully upserted 111 data points.
2026-05-08 01:01:12,486 - root - INFO - Fetching minute data with payload: {'ps_key_list': ['1763661_1_1_1', '1763661_1_4_1', '1763661_1_3_1', '1763661_1_34_1', '1763661_1_33_1', '1763661_1_32_1', '1763661_1_31_1', '1763661_1_30_1', '1763661_1_29_1', '1763661_1_28_1', '1763661_1_27_1', '1763661_1_26_1', '1763661_1_25_1', '1763661_1_6_1', '1763661_1_5_1', '1763661_1_8_1', '1763661_1_7_1', '1763661_1_9_1', '1763661_1_10_1', '1763661_1_2_1'], 'points': 'p96,p97,p98,p99,p100,p101,p102,p103,p104,p105,p106,p107,p108,p109,p110,p111,p112,p113,p7166,p7167,p7168,p7169,p7170,p7171,p70,p71,p72,p73,p74,p75,p76,p77,p78,p79,p80,p81,p82,p83,p84,p85,p92,p93,p313,p314,p315,p316,p317,p318', 'start_time_stamp': '20260507060000', 'end_time_stamp': '20260507090000', 'minute_interval': 5}
2026-05-08 01:01:12,510 - root - INFO - Successfully upserted 111 data points.
2026-05-08 01:01:12,511 - root - INFO - Fetching minute data with payload: {'ps_key_list': ['1763661_1_1_1', '1763661_1_4_1', '1763661_1_3_1', '1763661_1_34_1', '1763661_1_33_1', '1763661_1_32_1', '1763661_1_31_1', '1763661_1_30_1', '1763661_1_29_1', '1763661_1_28_1', '1763661_1_27_1', '1763661_1_26_1', '1763661_1_25_1', '1763661_1_6_1', '1763661_1_5_1', '1763661_1_8_1', '1763661_1_7_1', '1763661_1_9_1', '1763661_1_10_1', '1763661_1_2_1'], 'points': 'p96,p97,p98,p99,p100,p101,p102,p103,p104,p105,p106,p107,p108,p109,p110,p111,p112,p113,p7166,p7167,p7168,p7169,p7170,p7171,p70,p71,p72,p73,p74,p75,p76,p77,p78,p79,p80,p81,p82,p83,p84,p85,p92,p93,p313,p314,p315,p316,p317,p318', 'start_time_stamp': '20260507030000', 'end_time_stamp': '20260507060000', 'minute_interval': 5}
2026-05-08 01:01:12,656 - root - INFO - Successfully upserted 108 data points.
2026-05-08 01:01:12,658 - root - INFO - Fetching minute data with payload: {'ps_key_list': ['1763661_1_1_1', '1763661_1_4_1', '1763661_1_3_1', '1763661_1_34_1', '1763661_1_33_1', '1763661_1_32_1', '1763661_1_31_1', '1763661_1_30_1', '1763661_1_29_1', '1763661_1_28_1', '1763661_1_27_1', '1763661_1_26_1', '1763661_1_25_1', '1763661_1_6_1', '1763661_1_5_1', '1763661_1_8_1', '1763661_1_7_1', '1763661_1_9_1', '1763661_1_10_1', '1763661_1_2_1'], 'points': 'p96,p97,p98,p99,p100,p101,p102,p103,p104,p105,p106,p107,p108,p109,p110,p111,p112,p113,p7166,p7167,p7168,p7169,p7170,p7171,p70,p71,p72,p73,p74,p75,p76,p77,p78,p79,p80,p81,p82,p83,p84,p85,p92,p93,p313,p314,p315,p316,p317,p318', 'start_time_stamp': '20260507210000', 'end_time_stamp': '20260507235959', 'minute_interval': 5}
2026-05-08 01:01:13,029 - root - INFO - Successfully upserted 111 data points.
2026-05-08 01:01:13,030 - root - INFO - Fetching minute data with payload: {'ps_key_list': ['1763661_1_1_1', '1763661_1_4_1', '1763661_1_3_1', '1763661_1_34_1', '1763661_1_33_1', '1763661_1_32_1', '1763661_1_31_1', '1763661_1_30_1', '1763661_1_29_1', '1763661_1_28_1', '1763661_1_27_1', '1763661_1_26_1', '1763661_1_25_1', '1763661_1_6_1', '1763661_1_5_1', '1763661_1_8_1', '1763661_1_7_1', '1763661_1_9_1', '1763661_1_10_1', '1763661_1_2_1'], 'points': 'p96,p97,p98,p99,p100,p101,p102,p103,p104,p105,p106,p107,p108,p109,p110,p111,p112,p113,p7166,p7167,p7168,p7169,p7170,p7171,p70,p71,p72,p73,p74,p75,p76,p77,p78,p79,p80,p81,p82,p83,p84,p85,p92,p93,p313,p314,p315,p316,p317,p318', 'start_time_stamp': '20260507000000', 'end_time_stamp': '20260507030000', 'minute_interval': 5}
2026-05-08 01:01:13,106 - root - INFO - Successfully upserted 111 data points.
2026-05-08 01:01:13,106 - root - INFO - Fetching minute data with payload: {'ps_key_list': ['1763661_1_1_1', '1763661_1_4_1', '1763661_1_3_1', '1763661_1_34_1', '1763661_1_33_1', '1763661_1_32_1', '1763661_1_31_1', '1763661_1_30_1', '1763661_1_29_1', '1763661_1_28_1', '1763661_1_27_1', '1763661_1_26_1', '1763661_1_25_1', '1763661_1_6_1', '1763661_1_5_1', '1763661_1_8_1', '1763661_1_7_1', '1763661_1_9_1', '1763661_1_10_1', '1763661_1_2_1'], 'points': 'p96,p97,p98,p99,p100,p101,p102,p103,p104,p105,p106,p107,p108,p109,p110,p111,p112,p113,p7166,p7167,p7168,p7169,p7170,p7171,p70,p71,p72,p73,p74,p75,p76,p77,p78,p79,p80,p81,p82,p83,p84,p85,p92,p93,p313,p314,p315,p316,p317,p318', 'start_time_stamp': '20260507150000', 'end_time_stamp': '20260507180000', 'minute_interval': 5}
2026-05-08 01:01:14,288 - root - INFO - Successfully upserted 370 data points.
2026-05-08 01:01:14,288 - root - INFO - Fetching minute data with payload: {'ps_key_list': ['1763661_7_22_1', '1763661_7_21_1', '1763661_7_24_1', '1763661_7_23_1', '1763661_7_20_1', '1763661_7_19_1', '1763661_7_17_1', '1763661_7_16_1', '1763661_7_15_1'], 'points': 'p8030,p8031,p8032,p8033,p8018,p8014', 'start_time_stamp': '20260507180000', 'end_time_stamp': '20260507210000', 'minute_interval': 5}
2026-05-08 01:01:14,305 - root - INFO - Successfully upserted 370 data points.
2026-05-08 01:01:14,305 - root - INFO - Fetching minute data with payload: {'ps_key_list': ['1763661_7_22_1', '1763661_7_21_1', '1763661_7_24_1', '1763661_7_23_1', '1763661_7_20_1', '1763661_7_19_1', '1763661_7_17_1', '1763661_7_16_1', '1763661_7_15_1'], 'points': 'p8030,p8031,p8032,p8033,p8018,p8014', 'start_time_stamp': '20260507120000', 'end_time_stamp': '20260507150000', 'minute_interval': 5}
2026-05-08 01:01:15,140 - root - INFO - Successfully upserted 370 data points.
2026-05-08 01:01:15,140 - root - INFO - Fetching minute data with payload: {'ps_key_list': ['1763661_7_22_1', '1763661_7_21_1', '1763661_7_24_1', '1763661_7_23_1', '1763661_7_20_1', '1763661_7_19_1', '1763661_7_17_1', '1763661_7_16_1', '1763661_7_15_1'], 'points': 'p8030,p8031,p8032,p8033,p8018,p8014', 'start_time_stamp': '20260507090000', 'end_time_stamp': '20260507120000', 'minute_interval': 5}
2026-05-08 01:01:15,478 - root - INFO - Successfully upserted 370 data points.
2026-05-08 01:01:15,478 - root - INFO - Fetching minute data with payload: {'ps_key_list': ['1763661_7_22_1', '1763661_7_21_1', '1763661_7_24_1', '1763661_7_23_1', '1763661_7_20_1', '1763661_7_19_1', '1763661_7_17_1', '1763661_7_16_1', '1763661_7_15_1'], 'points': 'p8030,p8031,p8032,p8033,p8018,p8014', 'start_time_stamp': '20260507060000', 'end_time_stamp': '20260507090000', 'minute_interval': 5}
2026-05-08 01:01:15,564 - root - INFO - Successfully upserted 360 data points.
2026-05-08 01:01:15,564 - root - INFO - Fetching minute data with payload: {'ps_key_list': ['1763661_7_22_1', '1763661_7_21_1', '1763661_7_24_1', '1763661_7_23_1', '1763661_7_20_1', '1763661_7_19_1', '1763661_7_17_1', '1763661_7_16_1', '1763661_7_15_1'], 'points': 'p8030,p8031,p8032,p8033,p8018,p8014', 'start_time_stamp': '20260507210000', 'end_time_stamp': '20260507235959', 'minute_interval': 5}
2026-05-08 01:01:15,594 - root - INFO - Successfully upserted 370 data points.
2026-05-08 01:01:15,594 - root - INFO - Fetching minute data with payload: {'ps_key_list': ['1763661_7_22_1', '1763661_7_21_1', '1763661_7_24_1', '1763661_7_23_1', '1763661_7_20_1', '1763661_7_19_1', '1763661_7_17_1', '1763661_7_16_1', '1763661_7_15_1'], 'points': 'p8030,p8031,p8032,p8033,p8018,p8014', 'start_time_stamp': '20260507030000', 'end_time_stamp': '20260507060000', 'minute_interval': 5}
2026-05-08 01:01:15,830 - root - INFO - Successfully upserted 370 data points.
2026-05-08 01:01:15,831 - root - INFO - Fetching minute data with payload: {'ps_key_list': ['1763661_7_22_1', '1763661_7_21_1', '1763661_7_24_1', '1763661_7_23_1', '1763661_7_20_1', '1763661_7_19_1', '1763661_7_17_1', '1763661_7_16_1', '1763661_7_15_1'], 'points': 'p8030,p8031,p8032,p8033,p8018,p8014', 'start_time_stamp': '20260507000000', 'end_time_stamp': '20260507030000', 'minute_interval': 5}
2026-05-08 01:01:16,000 - root - INFO - Successfully upserted 370 data points.
2026-05-08 01:01:16,001 - root - INFO - Fetching minute data with payload: {'ps_key_list': ['1763661_7_22_1', '1763661_7_21_1', '1763661_7_24_1', '1763661_7_23_1', '1763661_7_20_1', '1763661_7_19_1', '1763661_7_17_1', '1763661_7_16_1', '1763661_7_15_1'], 'points': 'p8030,p8031,p8032,p8033,p8018,p8014', 'start_time_stamp': '20260507150000', 'end_time_stamp': '20260507180000', 'minute_interval': 5}
2026-05-08 01:01:17,069 - root - INFO - Successfully upserted 296 data points.
2026-05-08 01:01:17,070 - root - INFO - Fetching minute data with payload: {'ps_key_list': ['1763661_5_14_1', '1763661_5_13_1', '1763661_5_12_1', '1763661_5_11_1'], 'points': 'p2003,p2001,p2005,p2007,p2009,p2010,p2022,p2016,p2012', 'start_time_stamp': '20260507180000', 'end_time_stamp': '20260507210000', 'minute_interval': 5}
2026-05-08 01:01:17,084 - root - INFO - Successfully upserted 296 data points.
2026-05-08 01:01:17,085 - root - INFO - Fetching minute data with payload: {'ps_key_list': ['1763661_5_14_1', '1763661_5_13_1', '1763661_5_12_1', '1763661_5_11_1'], 'points': 'p2003,p2001,p2005,p2007,p2009,p2010,p2022,p2016,p2012', 'start_time_stamp': '20260507120000', 'end_time_stamp': '20260507150000', 'minute_interval': 5}
2026-05-08 01:01:17,861 - root - INFO - Successfully upserted 296 data points.
2026-05-08 01:01:17,861 - root - INFO - Fetching minute data with payload: {'ps_key_list': ['1763661_5_14_1', '1763661_5_13_1', '1763661_5_12_1', '1763661_5_11_1'], 'points': 'p2003,p2001,p2005,p2007,p2009,p2010,p2022,p2016,p2012', 'start_time_stamp': '20260507090000', 'end_time_stamp': '20260507120000', 'minute_interval': 5}
2026-05-08 01:01:18,216 - root - INFO - Successfully upserted 296 data points.
2026-05-08 01:01:18,216 - root - INFO - Fetching minute data with payload: {'ps_key_list': ['1763661_5_14_1', '1763661_5_13_1', '1763661_5_12_1', '1763661_5_11_1'], 'points': 'p2003,p2001,p2005,p2007,p2009,p2010,p2022,p2016,p2012', 'start_time_stamp': '20260507060000', 'end_time_stamp': '20260507090000', 'minute_interval': 5}
2026-05-08 01:01:18,373 - root - INFO - Successfully upserted 288 data points.
2026-05-08 01:01:18,373 - root - INFO - Fetching minute data with payload: {'ps_key_list': ['1763661_5_14_1', '1763661_5_13_1', '1763661_5_12_1', '1763661_5_11_1'], 'points': 'p2003,p2001,p2005,p2007,p2009,p2010,p2022,p2016,p2012', 'start_time_stamp': '20260507210000', 'end_time_stamp': '20260507235959', 'minute_interval': 5}
2026-05-08 01:01:18,566 - root - INFO - Successfully upserted 296 data points.
2026-05-08 01:01:18,568 - root - INFO - Fetching minute data with payload: {'ps_key_list': ['1763661_5_14_1', '1763661_5_13_1', '1763661_5_12_1', '1763661_5_11_1'], 'points': 'p2003,p2001,p2005,p2007,p2009,p2010,p2022,p2016,p2012', 'start_time_stamp': '20260507030000', 'end_time_stamp': '20260507060000', 'minute_interval': 5}
2026-05-08 01:01:18,631 - root - INFO - Successfully upserted 296 data points.
2026-05-08 01:01:18,632 - root - INFO - Fetching minute data with payload: {'ps_key_list': ['1763661_5_14_1', '1763661_5_13_1', '1763661_5_12_1', '1763661_5_11_1'], 'points': 'p2003,p2001,p2005,p2007,p2009,p2010,p2022,p2016,p2012', 'start_time_stamp': '20260507150000', 'end_time_stamp': '20260507180000', 'minute_interval': 5}
2026-05-08 01:01:18,653 - root - INFO - Successfully upserted 296 data points.
2026-05-08 01:01:18,653 - root - INFO - Fetching minute data with payload: {'ps_key_list': ['1763661_5_14_1', '1763661_5_13_1', '1763661_5_12_1', '1763661_5_11_1'], 'points': 'p2003,p2001,p2005,p2007,p2009,p2010,p2022,p2016,p2012', 'start_time_stamp': '20260507000000', 'end_time_stamp': '20260507030000', 'minute_interval': 5}
2026-05-08 01:01:19,762 - root - INFO - Successfully upserted 148 data points.
2026-05-08 01:01:19,762 - root - INFO - Fetching minute data with payload: {'ps_key_list': ['1637816_1_5_1', '1637816_1_7_1', '1637816_1_2_1', '1637816_1_1_1', '1637816_1_4_1', '1637816_1_3_1', '1637816_1_6_1'], 'points': 'p96,p97,p98,p99,p100,p101,p102,p103,p104,p105,p106,p107,p108,p109,p110,p111,p112,p113,p7166,p7167,p7168,p7169,p7170,p7171,p70,p71,p72,p73,p74,p75,p76,p77,p78,p79,p80,p81,p82,p83,p84,p85,p92,p93,p313,p314,p315,p316,p317,p318', 'start_time_stamp': '20260507120000', 'end_time_stamp': '20260507150000', 'minute_interval': 5}
2026-05-08 01:01:19,763 - root - INFO - Successfully upserted 148 data points.
2026-05-08 01:01:19,764 - root - INFO - Fetching minute data with payload: {'ps_key_list': ['1637816_1_5_1', '1637816_1_7_1', '1637816_1_2_1', '1637816_1_1_1', '1637816_1_4_1', '1637816_1_3_1', '1637816_1_6_1'], 'points': 'p96,p97,p98,p99,p100,p101,p102,p103,p104,p105,p106,p107,p108,p109,p110,p111,p112,p113,p7166,p7167,p7168,p7169,p7170,p7171,p70,p71,p72,p73,p74,p75,p76,p77,p78,p79,p80,p81,p82,p83,p84,p85,p92,p93,p313,p314,p315,p316,p317,p318', 'start_time_stamp': '20260507180000', 'end_time_stamp': '20260507210000', 'minute_interval': 5}
2026-05-08 01:01:20,486 - root - INFO - Successfully upserted 148 data points.
2026-05-08 01:01:20,487 - root - INFO - Fetching minute data with payload: {'ps_key_list': ['1637816_1_5_1', '1637816_1_7_1', '1637816_1_2_1', '1637816_1_1_1', '1637816_1_4_1', '1637816_1_3_1', '1637816_1_6_1'], 'points': 'p96,p97,p98,p99,p100,p101,p102,p103,p104,p105,p106,p107,p108,p109,p110,p111,p112,p113,p7166,p7167,p7168,p7169,p7170,p7171,p70,p71,p72,p73,p74,p75,p76,p77,p78,p79,p80,p81,p82,p83,p84,p85,p92,p93,p313,p314,p315,p316,p317,p318', 'start_time_stamp': '20260507090000', 'end_time_stamp': '20260507120000', 'minute_interval': 5}
2026-05-08 01:01:20,865 - root - INFO - Successfully upserted 148 data points.
2026-05-08 01:01:20,866 - root - INFO - Fetching minute data with payload: {'ps_key_list': ['1637816_1_5_1', '1637816_1_7_1', '1637816_1_2_1', '1637816_1_1_1', '1637816_1_4_1', '1637816_1_3_1', '1637816_1_6_1'], 'points': 'p96,p97,p98,p99,p100,p101,p102,p103,p104,p105,p106,p107,p108,p109,p110,p111,p112,p113,p7166,p7167,p7168,p7169,p7170,p7171,p70,p71,p72,p73,p74,p75,p76,p77,p78,p79,p80,p81,p82,p83,p84,p85,p92,p93,p313,p314,p315,p316,p317,p318', 'start_time_stamp': '20260507060000', 'end_time_stamp': '20260507090000', 'minute_interval': 5}
2026-05-08 01:01:20,930 - root - INFO - Successfully upserted 144 data points.
2026-05-08 01:01:20,930 - root - INFO - Fetching minute data with payload: {'ps_key_list': ['1637816_1_5_1', '1637816_1_7_1', '1637816_1_2_1', '1637816_1_1_1', '1637816_1_4_1', '1637816_1_3_1', '1637816_1_6_1'], 'points': 'p96,p97,p98,p99,p100,p101,p102,p103,p104,p105,p106,p107,p108,p109,p110,p111,p112,p113,p7166,p7167,p7168,p7169,p7170,p7171,p70,p71,p72,p73,p74,p75,p76,p77,p78,p79,p80,p81,p82,p83,p84,p85,p92,p93,p313,p314,p315,p316,p317,p318', 'start_time_stamp': '20260507210000', 'end_time_stamp': '20260507235959', 'minute_interval': 5}
2026-05-08 01:01:21,264 - root - INFO - Successfully upserted 148 data points.
2026-05-08 01:01:21,265 - root - INFO - Fetching minute data with payload: {'ps_key_list': ['1637816_1_5_1', '1637816_1_7_1', '1637816_1_2_1', '1637816_1_1_1', '1637816_1_4_1', '1637816_1_3_1', '1637816_1_6_1'], 'points': 'p96,p97,p98,p99,p100,p101,p102,p103,p104,p105,p106,p107,p108,p109,p110,p111,p112,p113,p7166,p7167,p7168,p7169,p7170,p7171,p70,p71,p72,p73,p74,p75,p76,p77,p78,p79,p80,p81,p82,p83,p84,p85,p92,p93,p313,p314,p315,p316,p317,p318', 'start_time_stamp': '20260507030000', 'end_time_stamp': '20260507060000', 'minute_interval': 5}
2026-05-08 01:01:21,368 - root - INFO - Successfully upserted 148 data points.
2026-05-08 01:01:21,369 - root - INFO - Fetching minute data with payload: {'ps_key_list': ['1637816_1_5_1', '1637816_1_7_1', '1637816_1_2_1', '1637816_1_1_1', '1637816_1_4_1', '1637816_1_3_1', '1637816_1_6_1'], 'points': 'p96,p97,p98,p99,p100,p101,p102,p103,p104,p105,p106,p107,p108,p109,p110,p111,p112,p113,p7166,p7167,p7168,p7169,p7170,p7171,p70,p71,p72,p73,p74,p75,p76,p77,p78,p79,p80,p81,p82,p83,p84,p85,p92,p93,p313,p314,p315,p316,p317,p318', 'start_time_stamp': '20260507000000', 'end_time_stamp': '20260507030000', 'minute_interval': 5}
2026-05-08 01:01:21,843 - root - INFO - Successfully upserted 148 data points.
2026-05-08 01:01:21,843 - root - INFO - Fetching minute data with payload: {'ps_key_list': ['1637816_1_5_1', '1637816_1_7_1', '1637816_1_2_1', '1637816_1_1_1', '1637816_1_4_1', '1637816_1_3_1', '1637816_1_6_1'], 'points': 'p96,p97,p98,p99,p100,p101,p102,p103,p104,p105,p106,p107,p108,p109,p110,p111,p112,p113,p7166,p7167,p7168,p7169,p7170,p7171,p70,p71,p72,p73,p74,p75,p76,p77,p78,p79,p80,p81,p82,p83,p84,p85,p92,p93,p313,p314,p315,p316,p317,p318', 'start_time_stamp': '20260507150000', 'end_time_stamp': '20260507180000', 'minute_interval': 5}
2026-05-08 01:01:22,589 - root - INFO - Successfully upserted 259 data points.
2026-05-08 01:01:22,590 - root - INFO - Fetching minute data with payload: {'ps_key_list': ['1637816_7_14_1', '1637816_7_13_1', '1637816_7_18_1', '1637816_7_17_1', '1637816_7_16_1', '1637816_7_15_1'], 'points': 'p8030,p8031,p8032,p8033,p8018,p8014', 'start_time_stamp': '20260507180000', 'end_time_stamp': '20260507210000', 'minute_interval': 5}
2026-05-08 01:01:22,590 - root - INFO - Successfully upserted 259 data points.
2026-05-08 01:01:22,591 - root - INFO - Fetching minute data with payload: {'ps_key_list': ['1637816_7_14_1', '1637816_7_13_1', '1637816_7_18_1', '1637816_7_17_1', '1637816_7_16_1', '1637816_7_15_1'], 'points': 'p8030,p8031,p8032,p8033,p8018,p8014', 'start_time_stamp': '20260507120000', 'end_time_stamp': '20260507150000', 'minute_interval': 5}
2026-05-08 01:01:23,106 - root - INFO - Successfully upserted 259 data points.
2026-05-08 01:01:23,106 - root - INFO - Fetching minute data with payload: {'ps_key_list': ['1637816_7_14_1', '1637816_7_13_1', '1637816_7_18_1', '1637816_7_17_1', '1637816_7_16_1', '1637816_7_15_1'], 'points': 'p8030,p8031,p8032,p8033,p8018,p8014', 'start_time_stamp': '20260507090000', 'end_time_stamp': '20260507120000', 'minute_interval': 5}
2026-05-08 01:01:23,632 - root - INFO - Successfully upserted 259 data points.
2026-05-08 01:01:23,632 - root - INFO - Fetching minute data with payload: {'ps_key_list': ['1637816_7_14_1', '1637816_7_13_1', '1637816_7_18_1', '1637816_7_17_1', '1637816_7_16_1', '1637816_7_15_1'], 'points': 'p8030,p8031,p8032,p8033,p8018,p8014', 'start_time_stamp': '20260507060000', 'end_time_stamp': '20260507090000', 'minute_interval': 5}
2026-05-08 01:01:23,700 - root - INFO - Successfully upserted 133 data points.
2026-05-08 01:01:23,700 - root - INFO - Fetching minute data with payload: {'ps_key_list': ['1637816_7_14_1', '1637816_7_13_1', '1637816_7_18_1', '1637816_7_17_1', '1637816_7_16_1', '1637816_7_15_1'], 'points': 'p8030,p8031,p8032,p8033,p8018,p8014', 'start_time_stamp': '20260507210000', 'end_time_stamp': '20260507235959', 'minute_interval': 5}
2026-05-08 01:01:23,914 - root - INFO - Successfully upserted 84 data points.
2026-05-08 01:01:23,915 - root - INFO - Fetching minute data with payload: {'ps_key_list': ['1637816_7_14_1', '1637816_7_13_1', '1637816_7_18_1', '1637816_7_17_1', '1637816_7_16_1', '1637816_7_15_1'], 'points': 'p8030,p8031,p8032,p8033,p8018,p8014', 'start_time_stamp': '20260507030000', 'end_time_stamp': '20260507060000', 'minute_interval': 5}
2026-05-08 01:01:23,979 - root - INFO - No data to insert into database for this API data batch.
2026-05-08 01:01:23,980 - root - INFO - Fetching minute data with payload: {'ps_key_list': ['1637816_7_14_1', '1637816_7_13_1', '1637816_7_18_1', '1637816_7_17_1', '1637816_7_16_1', '1637816_7_15_1'], 'points': 'p8030,p8031,p8032,p8033,p8018,p8014', 'start_time_stamp': '20260507000000', 'end_time_stamp': '20260507030000', 'minute_interval': 5}
2026-05-08 01:01:24,589 - root - INFO - Successfully upserted 259 data points.
2026-05-08 01:01:24,590 - root - INFO - Fetching minute data with payload: {'ps_key_list': ['1637816_7_14_1', '1637816_7_13_1', '1637816_7_18_1', '1637816_7_17_1', '1637816_7_16_1', '1637816_7_15_1'], 'points': 'p8030,p8031,p8032,p8033,p8018,p8014', 'start_time_stamp': '20260507150000', 'end_time_stamp': '20260507180000', 'minute_interval': 5}
2026-05-08 01:01:25,290 - root - INFO - Successfully upserted 148 data points.
2026-05-08 01:01:25,291 - root - INFO - Fetching minute data with payload: {'ps_key_list': ['1637816_5_12_1', '1637816_5_11_1', '1637816_5_10_1', '1637816_5_19_1'], 'points': 'p2003,p2001,p2005,p2007,p2009,p2010,p2022,p2016,p2012', 'start_time_stamp': '20260507180000', 'end_time_stamp': '20260507210000', 'minute_interval': 5}
2026-05-08 01:01:25,316 - root - INFO - Successfully upserted 148 data points.
2026-05-08 01:01:25,316 - root - INFO - Fetching minute data with payload: {'ps_key_list': ['1637816_5_12_1', '1637816_5_11_1', '1637816_5_10_1', '1637816_5_19_1'], 'points': 'p2003,p2001,p2005,p2007,p2009,p2010,p2022,p2016,p2012', 'start_time_stamp': '20260507120000', 'end_time_stamp': '20260507150000', 'minute_interval': 5}
2026-05-08 01:01:25,724 - root - INFO - Successfully upserted 148 data points.
2026-05-08 01:01:25,724 - root - INFO - Fetching minute data with payload: {'ps_key_list': ['1637816_5_12_1', '1637816_5_11_1', '1637816_5_10_1', '1637816_5_19_1'], 'points': 'p2003,p2001,p2005,p2007,p2009,p2010,p2022,p2016,p2012', 'start_time_stamp': '20260507090000', 'end_time_stamp': '20260507120000', 'minute_interval': 5}
2026-05-08 01:01:26,320 - root - INFO - Successfully upserted 100 data points.
2026-05-08 01:01:26,321 - root - INFO - Fetching minute data with payload: {'ps_key_list': ['1637816_5_12_1', '1637816_5_11_1', '1637816_5_10_1', '1637816_5_19_1'], 'points': 'p2003,p2001,p2005,p2007,p2009,p2010,p2022,p2016,p2012', 'start_time_stamp': '20260507210000', 'end_time_stamp': '20260507235959', 'minute_interval': 5}
2026-05-08 01:01:26,372 - root - INFO - Successfully upserted 148 data points.
2026-05-08 01:01:26,373 - root - INFO - Fetching minute data with payload: {'ps_key_list': ['1637816_5_12_1', '1637816_5_11_1', '1637816_5_10_1', '1637816_5_19_1'], 'points': 'p2003,p2001,p2005,p2007,p2009,p2010,p2022,p2016,p2012', 'start_time_stamp': '20260507060000', 'end_time_stamp': '20260507090000', 'minute_interval': 5}
2026-05-08 01:01:26,576 - root - INFO - Successfully upserted 148 data points.
2026-05-08 01:01:26,579 - root - INFO - Fetching minute data with payload: {'ps_key_list': ['1637816_5_12_1', '1637816_5_11_1', '1637816_5_10_1', '1637816_5_19_1'], 'points': 'p2003,p2001,p2005,p2007,p2009,p2010,p2022,p2016,p2012', 'start_time_stamp': '20260507000000', 'end_time_stamp': '20260507030000', 'minute_interval': 5}
2026-05-08 01:01:26,617 - root - INFO - Successfully upserted 148 data points.
2026-05-08 01:01:26,618 - root - INFO - Fetching minute data with payload: {'ps_key_list': ['1637816_5_12_1', '1637816_5_11_1', '1637816_5_10_1', '1637816_5_19_1'], 'points': 'p2003,p2001,p2005,p2007,p2009,p2010,p2022,p2016,p2012', 'start_time_stamp': '20260507030000', 'end_time_stamp': '20260507060000', 'minute_interval': 5}
2026-05-08 01:01:27,593 - root - INFO - Successfully upserted 148 data points.
2026-05-08 01:01:27,593 - root - INFO - Fetching minute data with payload: {'ps_key_list': ['1637816_5_12_1', '1637816_5_11_1', '1637816_5_10_1', '1637816_5_19_1'], 'points': 'p2003,p2001,p2005,p2007,p2009,p2010,p2022,p2016,p2012', 'start_time_stamp': '20260507150000', 'end_time_stamp': '20260507180000', 'minute_interval': 5}
2026-05-08 01:01:28,130 - root - INFO - Successfully upserted 148 data points.
2026-05-08 01:01:28,139 - root - INFO - Successfully upserted 148 data points.
2026-05-08 01:01:28,152 - root - INFO - Fetching minute data with payload: {'ps_key_list': ['1637095_1_4_1', '1637095_1_7_1', '1637095_1_3_1', '1637095_1_6_1', '1637095_1_2_1', '1637095_1_9_1', '1637095_1_5_1', '1637095_1_1_1', '1637095_1_10_1', '1637095_1_8_1'], 'points': 'p96,p97,p98,p99,p100,p101,p102,p103,p104,p105,p106,p107,p108,p109,p110,p111,p112,p113,p7166,p7167,p7168,p7169,p7170,p7171,p70,p71,p72,p73,p74,p75,p76,p77,p78,p79,p80,p81,p82,p83,p84,p85,p92,p93,p313,p314,p315,p316,p317,p318', 'start_time_stamp': '20260507120000', 'end_time_stamp': '20260507150000', 'minute_interval': 5}
2026-05-08 01:01:28,154 - root - INFO - Fetching minute data with payload: {'ps_key_list': ['1637095_1_4_1', '1637095_1_7_1', '1637095_1_3_1', '1637095_1_6_1', '1637095_1_2_1', '1637095_1_9_1', '1637095_1_5_1', '1637095_1_1_1', '1637095_1_10_1', '1637095_1_8_1'], 'points': 'p96,p97,p98,p99,p100,p101,p102,p103,p104,p105,p106,p107,p108,p109,p110,p111,p112,p113,p7166,p7167,p7168,p7169,p7170,p7171,p70,p71,p72,p73,p74,p75,p76,p77,p78,p79,p80,p81,p82,p83,p84,p85,p92,p93,p313,p314,p315,p316,p317,p318', 'start_time_stamp': '20260507180000', 'end_time_stamp': '20260507210000', 'minute_interval': 5}
2026-05-08 01:01:28,301 - root - INFO - Successfully upserted 148 data points.
2026-05-08 01:01:28,301 - root - INFO - Fetching minute data with payload: {'ps_key_list': ['1637095_1_4_1', '1637095_1_7_1', '1637095_1_3_1', '1637095_1_6_1', '1637095_1_2_1', '1637095_1_9_1', '1637095_1_5_1', '1637095_1_1_1', '1637095_1_10_1', '1637095_1_8_1'], 'points': 'p96,p97,p98,p99,p100,p101,p102,p103,p104,p105,p106,p107,p108,p109,p110,p111,p112,p113,p7166,p7167,p7168,p7169,p7170,p7171,p70,p71,p72,p73,p74,p75,p76,p77,p78,p79,p80,p81,p82,p83,p84,p85,p92,p93,p313,p314,p315,p316,p317,p318', 'start_time_stamp': '20260507090000', 'end_time_stamp': '20260507120000', 'minute_interval': 5}
2026-05-08 01:01:28,975 - root - INFO - Successfully upserted 94 data points.
2026-05-08 01:01:28,976 - root - INFO - Fetching minute data with payload: {'ps_key_list': ['1637095_1_4_1', '1637095_1_7_1', '1637095_1_3_1', '1637095_1_6_1', '1637095_1_2_1', '1637095_1_9_1', '1637095_1_5_1', '1637095_1_1_1', '1637095_1_10_1', '1637095_1_8_1'], 'points': 'p96,p97,p98,p99,p100,p101,p102,p103,p104,p105,p106,p107,p108,p109,p110,p111,p112,p113,p7166,p7167,p7168,p7169,p7170,p7171,p70,p71,p72,p73,p74,p75,p76,p77,p78,p79,p80,p81,p82,p83,p84,p85,p92,p93,p313,p314,p315,p316,p317,p318', 'start_time_stamp': '20260507210000', 'end_time_stamp': '20260507235959', 'minute_interval': 5}
2026-05-08 01:01:29,070 - root - INFO - Successfully upserted 148 data points.
2026-05-08 01:01:29,070 - root - INFO - Fetching minute data with payload: {'ps_key_list': ['1637095_1_4_1', '1637095_1_7_1', '1637095_1_3_1', '1637095_1_6_1', '1637095_1_2_1', '1637095_1_9_1', '1637095_1_5_1', '1637095_1_1_1', '1637095_1_10_1', '1637095_1_8_1'], 'points': 'p96,p97,p98,p99,p100,p101,p102,p103,p104,p105,p106,p107,p108,p109,p110,p111,p112,p113,p7166,p7167,p7168,p7169,p7170,p7171,p70,p71,p72,p73,p74,p75,p76,p77,p78,p79,p80,p81,p82,p83,p84,p85,p92,p93,p313,p314,p315,p316,p317,p318', 'start_time_stamp': '20260507060000', 'end_time_stamp': '20260507090000', 'minute_interval': 5}
2026-05-08 01:01:29,188 - root - INFO - Successfully upserted 48 data points.
2026-05-08 01:01:29,188 - root - INFO - Fetching minute data with payload: {'ps_key_list': ['1637095_1_4_1', '1637095_1_7_1', '1637095_1_3_1', '1637095_1_6_1', '1637095_1_2_1', '1637095_1_9_1', '1637095_1_5_1', '1637095_1_1_1', '1637095_1_10_1', '1637095_1_8_1'], 'points': 'p96,p97,p98,p99,p100,p101,p102,p103,p104,p105,p106,p107,p108,p109,p110,p111,p112,p113,p7166,p7167,p7168,p7169,p7170,p7171,p70,p71,p72,p73,p74,p75,p76,p77,p78,p79,p80,p81,p82,p83,p84,p85,p92,p93,p313,p314,p315,p316,p317,p318', 'start_time_stamp': '20260507030000', 'end_time_stamp': '20260507060000', 'minute_interval': 5}
2026-05-08 01:01:29,272 - root - INFO - No data to insert into database for this API data batch.
2026-05-08 01:01:29,272 - root - INFO - Fetching minute data with payload: {'ps_key_list': ['1637095_1_4_1', '1637095_1_7_1', '1637095_1_3_1', '1637095_1_6_1', '1637095_1_2_1', '1637095_1_9_1', '1637095_1_5_1', '1637095_1_1_1', '1637095_1_10_1', '1637095_1_8_1'], 'points': 'p96,p97,p98,p99,p100,p101,p102,p103,p104,p105,p106,p107,p108,p109,p110,p111,p112,p113,p7166,p7167,p7168,p7169,p7170,p7171,p70,p71,p72,p73,p74,p75,p76,p77,p78,p79,p80,p81,p82,p83,p84,p85,p92,p93,p313,p314,p315,p316,p317,p318', 'start_time_stamp': '20260507000000', 'end_time_stamp': '20260507030000', 'minute_interval': 5}
2026-05-08 01:01:30,550 - root - INFO - Successfully upserted 148 data points.
2026-05-08 01:01:30,550 - root - INFO - Fetching minute data with payload: {'ps_key_list': ['1637095_1_4_1', '1637095_1_7_1', '1637095_1_3_1', '1637095_1_6_1', '1637095_1_2_1', '1637095_1_9_1', '1637095_1_5_1', '1637095_1_1_1', '1637095_1_10_1', '1637095_1_8_1'], 'points': 'p96,p97,p98,p99,p100,p101,p102,p103,p104,p105,p106,p107,p108,p109,p110,p111,p112,p113,p7166,p7167,p7168,p7169,p7170,p7171,p70,p71,p72,p73,p74,p75,p76,p77,p78,p79,p80,p81,p82,p83,p84,p85,p92,p93,p313,p314,p315,p316,p317,p318', 'start_time_stamp': '20260507150000', 'end_time_stamp': '20260507180000', 'minute_interval': 5}
2026-05-08 01:01:31,084 - root - INFO - Successfully upserted 370 data points.
2026-05-08 01:01:31,084 - root - INFO - Fetching minute data with payload: {'ps_key_list': ['1637095_5_11_1', '1637095_5_12_1', '1637095_5_17_1', '1637095_5_13_1'], 'points': 'p2003,p2001,p2005,p2007,p2009,p2010,p2022,p2016,p2012', 'start_time_stamp': '20260507180000', 'end_time_stamp': '20260507210000', 'minute_interval': 5}
2026-05-08 01:01:31,101 - root - INFO - Successfully upserted 370 data points.
2026-05-08 01:01:31,101 - root - INFO - Fetching minute data with payload: {'ps_key_list': ['1637095_5_11_1', '1637095_5_12_1', '1637095_5_17_1', '1637095_5_13_1'], 'points': 'p2003,p2001,p2005,p2007,p2009,p2010,p2022,p2016,p2012', 'start_time_stamp': '20260507090000', 'end_time_stamp': '20260507120000', 'minute_interval': 5}
2026-05-08 01:01:31,210 - root - INFO - Successfully upserted 370 data points.
2026-05-08 01:01:31,210 - root - INFO - Fetching minute data with payload: {'ps_key_list': ['1637095_5_11_1', '1637095_5_12_1', '1637095_5_17_1', '1637095_5_13_1'], 'points': 'p2003,p2001,p2005,p2007,p2009,p2010,p2022,p2016,p2012', 'start_time_stamp': '20260507120000', 'end_time_stamp': '20260507150000', 'minute_interval': 5}
2026-05-08 01:01:31,753 - root - INFO - Successfully upserted 360 data points.
2026-05-08 01:01:31,753 - root - INFO - Fetching minute data with payload: {'ps_key_list': ['1637095_5_11_1', '1637095_5_12_1', '1637095_5_17_1', '1637095_5_13_1'], 'points': 'p2003,p2001,p2005,p2007,p2009,p2010,p2022,p2016,p2012', 'start_time_stamp': '20260507210000', 'end_time_stamp': '20260507235959', 'minute_interval': 5}
2026-05-08 01:01:31,986 - root - INFO - Successfully upserted 370 data points.
2026-05-08 01:01:31,987 - root - INFO - Fetching minute data with payload: {'ps_key_list': ['1637095_5_11_1', '1637095_5_12_1', '1637095_5_17_1', '1637095_5_13_1'], 'points': 'p2003,p2001,p2005,p2007,p2009,p2010,p2022,p2016,p2012', 'start_time_stamp': '20260507060000', 'end_time_stamp': '20260507090000', 'minute_interval': 5}
2026-05-08 01:01:32,091 - root - INFO - Successfully upserted 370 data points.
2026-05-08 01:01:32,091 - root - INFO - Fetching minute data with payload: {'ps_key_list': ['1637095_5_11_1', '1637095_5_12_1', '1637095_5_17_1', '1637095_5_13_1'], 'points': 'p2003,p2001,p2005,p2007,p2009,p2010,p2022,p2016,p2012', 'start_time_stamp': '20260507030000', 'end_time_stamp': '20260507060000', 'minute_interval': 5}
2026-05-08 01:01:32,726 - root - INFO - Successfully upserted 370 data points.
2026-05-08 01:01:32,727 - root - INFO - Fetching minute data with payload: {'ps_key_list': ['1637095_5_11_1', '1637095_5_12_1', '1637095_5_17_1', '1637095_5_13_1'], 'points': 'p2003,p2001,p2005,p2007,p2009,p2010,p2022,p2016,p2012', 'start_time_stamp': '20260507000000', 'end_time_stamp': '20260507030000', 'minute_interval': 5}
2026-05-08 01:01:33,748 - root - INFO - Successfully upserted 370 data points.
2026-05-08 01:01:33,748 - root - INFO - Fetching minute data with payload: {'ps_key_list': ['1637095_5_11_1', '1637095_5_12_1', '1637095_5_17_1', '1637095_5_13_1'], 'points': 'p2003,p2001,p2005,p2007,p2009,p2010,p2022,p2016,p2012', 'start_time_stamp': '20260507150000', 'end_time_stamp': '20260507180000', 'minute_interval': 5}
2026-05-08 01:01:33,826 - root - INFO - Successfully upserted 148 data points.
2026-05-08 01:01:33,827 - root - INFO - Fetching minute data with payload: {'ps_key_list': ['1637095_7_16_1', '1637095_7_15_1', '1637095_7_14_1'], 'points': 'p8030,p8031,p8032,p8033,p8018,p8014', 'start_time_stamp': '20260507120000', 'end_time_stamp': '20260507150000', 'minute_interval': 5}
2026-05-08 01:01:33,832 - root - INFO - Successfully upserted 148 data points.
2026-05-08 01:01:33,832 - root - INFO - Fetching minute data with payload: {'ps_key_list': ['1637095_7_16_1', '1637095_7_15_1', '1637095_7_14_1'], 'points': 'p8030,p8031,p8032,p8033,p8018,p8014', 'start_time_stamp': '20260507180000', 'end_time_stamp': '20260507210000', 'minute_interval': 5}
2026-05-08 01:01:33,862 - root - INFO - Successfully upserted 148 data points.
2026-05-08 01:01:33,863 - root - INFO - Fetching minute data with payload: {'ps_key_list': ['1637095_7_16_1', '1637095_7_15_1', '1637095_7_14_1'], 'points': 'p8030,p8031,p8032,p8033,p8018,p8014', 'start_time_stamp': '20260507090000', 'end_time_stamp': '20260507120000', 'minute_interval': 5}
2026-05-08 01:01:34,340 - root - INFO - Successfully upserted 144 data points.
2026-05-08 01:01:34,340 - root - INFO - Fetching minute data with payload: {'ps_key_list': ['1637095_7_16_1', '1637095_7_15_1', '1637095_7_14_1'], 'points': 'p8030,p8031,p8032,p8033,p8018,p8014', 'start_time_stamp': '20260507210000', 'end_time_stamp': '20260507235959', 'minute_interval': 5}
2026-05-08 01:01:34,612 - root - INFO - Successfully upserted 148 data points.
2026-05-08 01:01:34,613 - root - INFO - Fetching minute data with payload: {'ps_key_list': ['1637095_7_16_1', '1637095_7_15_1', '1637095_7_14_1'], 'points': 'p8030,p8031,p8032,p8033,p8018,p8014', 'start_time_stamp': '20260507060000', 'end_time_stamp': '20260507090000', 'minute_interval': 5}
2026-05-08 01:01:34,726 - root - INFO - Successfully upserted 148 data points.
2026-05-08 01:01:34,726 - root - INFO - Fetching minute data with payload: {'ps_key_list': ['1637095_7_16_1', '1637095_7_15_1', '1637095_7_14_1'], 'points': 'p8030,p8031,p8032,p8033,p8018,p8014', 'start_time_stamp': '20260507030000', 'end_time_stamp': '20260507060000', 'minute_interval': 5}
2026-05-08 01:01:35,322 - root - INFO - Successfully upserted 148 data points.
2026-05-08 01:01:35,323 - root - INFO - Fetching minute data with payload: {'ps_key_list': ['1637095_7_16_1', '1637095_7_15_1', '1637095_7_14_1'], 'points': 'p8030,p8031,p8032,p8033,p8018,p8014', 'start_time_stamp': '20260507000000', 'end_time_stamp': '20260507030000', 'minute_interval': 5}
2026-05-08 01:01:36,467 - root - INFO - Successfully upserted 148 data points.
2026-05-08 01:01:36,467 - root - INFO - Fetching minute data with payload: {'ps_key_list': ['1637095_7_16_1', '1637095_7_15_1', '1637095_7_14_1'], 'points': 'p8030,p8031,p8032,p8033,p8018,p8014', 'start_time_stamp': '20260507150000', 'end_time_stamp': '20260507180000', 'minute_interval': 5}
2026-05-08 01:01:36,585 - root - INFO - Successfully upserted 111 data points.
2026-05-08 01:01:36,586 - root - INFO - Fetching minute data with payload: {'ps_key_list': ['1628909_5_9_2', '1628909_5_10_1', '1628909_5_7_2', '1628909_5_6_2', '1628909_5_6_1', '1628909_5_7_1'], 'points': 'p2003,p2001,p2005,p2007,p2009,p2010,p2022,p2016,p2012', 'start_time_stamp': '20260507120000', 'end_time_stamp': '20260507150000', 'minute_interval': 5}
2026-05-08 01:01:36,615 - root - INFO - Successfully upserted 111 data points.
2026-05-08 01:01:36,616 - root - INFO - Fetching minute data with payload: {'ps_key_list': ['1628909_5_9_2', '1628909_5_10_1', '1628909_5_7_2', '1628909_5_6_2', '1628909_5_6_1', '1628909_5_7_1'], 'points': 'p2003,p2001,p2005,p2007,p2009,p2010,p2022,p2016,p2012', 'start_time_stamp': '20260507090000', 'end_time_stamp': '20260507120000', 'minute_interval': 5}
2026-05-08 01:01:36,626 - root - INFO - Successfully upserted 111 data points.
2026-05-08 01:01:36,627 - root - INFO - Fetching minute data with payload: {'ps_key_list': ['1628909_5_9_2', '1628909_5_10_1', '1628909_5_7_2', '1628909_5_6_2', '1628909_5_6_1', '1628909_5_7_1'], 'points': 'p2003,p2001,p2005,p2007,p2009,p2010,p2022,p2016,p2012', 'start_time_stamp': '20260507180000', 'end_time_stamp': '20260507210000', 'minute_interval': 5}
2026-05-08 01:01:36,884 - root - INFO - Successfully upserted 108 data points.
2026-05-08 01:01:36,886 - root - INFO - Fetching minute data with payload: {'ps_key_list': ['1628909_5_9_2', '1628909_5_10_1', '1628909_5_7_2', '1628909_5_6_2', '1628909_5_6_1', '1628909_5_7_1'], 'points': 'p2003,p2001,p2005,p2007,p2009,p2010,p2022,p2016,p2012', 'start_time_stamp': '20260507210000', 'end_time_stamp': '20260507235959', 'minute_interval': 5}
2026-05-08 01:01:37,220 - root - INFO - Retrying API request after rate limit wait...
2026-05-08 01:01:37,220 - root - INFO - Making API request to: https://sg5.fusionsolar.huawei.com/rest/openapi/pvms/nbi/v1/device/history
2026-05-08 01:01:37,221 - root - INFO - Request payload: {'devDn': 'NE=61900432', 'devTypeId': 17, 'startTime': 1778086800000, 'endTime': 1778173199000}
2026-05-08 01:01:37,240 - root - INFO - Successfully upserted 111 data points.
2026-05-08 01:01:37,240 - root - INFO - Fetching minute data with payload: {'ps_key_list': ['1628909_5_9_2', '1628909_5_10_1', '1628909_5_7_2', '1628909_5_6_2', '1628909_5_6_1', '1628909_5_7_1'], 'points': 'p2003,p2001,p2005,p2007,p2009,p2010,p2022,p2016,p2012', 'start_time_stamp': '20260507060000', 'end_time_stamp': '20260507090000', 'minute_interval': 5}
2026-05-08 01:01:37,325 - root - INFO - Successfully upserted 111 data points.
2026-05-08 01:01:37,326 - root - INFO - Fetching minute data with payload: {'ps_key_list': ['1628909_5_9_2', '1628909_5_10_1', '1628909_5_7_2', '1628909_5_6_2', '1628909_5_6_1', '1628909_5_7_1'], 'points': 'p2003,p2001,p2005,p2007,p2009,p2010,p2022,p2016,p2012', 'start_time_stamp': '20260507030000', 'end_time_stamp': '20260507060000', 'minute_interval': 5}
2026-05-08 01:01:37,793 - root - INFO - Response status code: 200
2026-05-08 01:01:37,793 - root - INFO - API response from https://sg5.fusionsolar.huawei.com/rest/openapi/pvms/nbi/v1/device/history (truncated): {'failCode': 0, 'success': True, 'message': 'historical data information query successful.', 'data': []}
2026-05-08 01:01:37,799 - root - INFO - Successfully upserted 111 data points.
2026-05-08 01:01:37,799 - root - INFO - API Response type: <class 'dict'>
2026-05-08 01:01:37,800 - root - INFO - Fetching minute data with payload: {'ps_key_list': ['1628909_5_9_2', '1628909_5_10_1', '1628909_5_7_2', '1628909_5_6_2', '1628909_5_6_1', '1628909_5_7_1'], 'points': 'p2003,p2001,p2005,p2007,p2009,p2010,p2022,p2016,p2012', 'start_time_stamp': '20260507000000', 'end_time_stamp': '20260507030000', 'minute_interval': 5}
2026-05-08 01:01:37,800 - root - INFO - API Response keys: ['failCode', 'success', 'message', 'data']
2026-05-08 01:01:37,800 - root - INFO - API Response data is a list with 0 items
2026-05-08 01:01:37,801 - root - INFO - API Response has failCode: 0, message: historical data information query successful.
2026-05-08 01:01:37,801 - root - INFO - Using alternate response format: data as list
2026-05-08 01:01:37,802 - root - INFO - No data points returned for the query period
2026-05-08 01:01:37,802 - root - INFO - Using single devDn for device/history (API: one device per query)
2026-05-08 01:01:37,804 - root - INFO - Fetching historical data for 1 devices of type meter
2026-05-08 01:01:37,804 - root - INFO - Making API request to: https://sg5.fusionsolar.huawei.com/rest/openapi/pvms/nbi/v1/device/history
2026-05-08 01:01:37,805 - root - INFO - Request payload: {'devDn': 'NE=61913836', 'devTypeId': 17, 'startTime': 1778086800000, 'endTime': 1778173199000}
2026-05-08 01:01:38,209 - root - INFO - Response status code: 200
2026-05-08 01:01:38,209 - root - INFO - API response from https://sg5.fusionsolar.huawei.com/rest/openapi/pvms/nbi/v1/device/history (truncated): {'failCode': 407, 'success': False, 'message': 'Interface access frequency:0.39333333333333337/1second', 'data': []}
2026-05-08 01:01:38,210 - root - WARNING - API access frequency too high. Waiting 30 seconds before retry...
2026-05-08 01:01:39,044 - root - INFO - Successfully upserted 111 data points.
2026-05-08 01:01:39,045 - root - INFO - Fetching minute data with payload: {'ps_key_list': ['1628909_5_9_2', '1628909_5_10_1', '1628909_5_7_2', '1628909_5_6_2', '1628909_5_6_1', '1628909_5_7_1'], 'points': 'p2003,p2001,p2005,p2007,p2009,p2010,p2022,p2016,p2012', 'start_time_stamp': '20260507150000', 'end_time_stamp': '20260507180000', 'minute_interval': 5}
2026-05-08 01:01:39,334 - root - INFO - Successfully upserted 222 data points.
2026-05-08 01:01:39,334 - root - INFO - Fetching minute data with payload: {'ps_key_list': ['1628909_7_8_2', '1628909_7_1_3', '1628909_7_5_2', '1628909_7_4_2', '1628909_7_5_1', '1628909_7_8_1', '1628909_7_9_1'], 'points': 'p8030,p8031,p8032,p8033,p8018,p8014', 'start_time_stamp': '20260507120000', 'end_time_stamp': '20260507150000', 'minute_interval': 5}
2026-05-08 01:01:39,437 - root - INFO - Successfully upserted 222 data points.
2026-05-08 01:01:39,438 - root - INFO - Fetching minute data with payload: {'ps_key_list': ['1628909_7_8_2', '1628909_7_1_3', '1628909_7_5_2', '1628909_7_4_2', '1628909_7_5_1', '1628909_7_8_1', '1628909_7_9_1'], 'points': 'p8030,p8031,p8032,p8033,p8018,p8014', 'start_time_stamp': '20260507090000', 'end_time_stamp': '20260507120000', 'minute_interval': 5}
2026-05-08 01:01:39,485 - root - INFO - Successfully upserted 222 data points.
2026-05-08 01:01:39,485 - root - INFO - Fetching minute data with payload: {'ps_key_list': ['1628909_7_8_2', '1628909_7_1_3', '1628909_7_5_2', '1628909_7_4_2', '1628909_7_5_1', '1628909_7_8_1', '1628909_7_9_1'], 'points': 'p8030,p8031,p8032,p8033,p8018,p8014', 'start_time_stamp': '20260507180000', 'end_time_stamp': '20260507210000', 'minute_interval': 5}
2026-05-08 01:01:39,546 - root - INFO - Successfully upserted 212 data points.
2026-05-08 01:01:39,547 - root - INFO - Fetching minute data with payload: {'ps_key_list': ['1628909_7_8_2', '1628909_7_1_3', '1628909_7_5_2', '1628909_7_4_2', '1628909_7_5_1', '1628909_7_8_1', '1628909_7_9_1'], 'points': 'p8030,p8031,p8032,p8033,p8018,p8014', 'start_time_stamp': '20260507210000', 'end_time_stamp': '20260507235959', 'minute_interval': 5}
2026-05-08 01:01:40,024 - root - INFO - Successfully upserted 222 data points.
2026-05-08 01:01:40,025 - root - INFO - Fetching minute data with payload: {'ps_key_list': ['1628909_7_8_2', '1628909_7_1_3', '1628909_7_5_2', '1628909_7_4_2', '1628909_7_5_1', '1628909_7_8_1', '1628909_7_9_1'], 'points': 'p8030,p8031,p8032,p8033,p8018,p8014', 'start_time_stamp': '20260507060000', 'end_time_stamp': '20260507090000', 'minute_interval': 5}
2026-05-08 01:01:40,083 - root - INFO - Successfully upserted 222 data points.
2026-05-08 01:01:40,083 - root - INFO - Fetching minute data with payload: {'ps_key_list': ['1628909_7_8_2', '1628909_7_1_3', '1628909_7_5_2', '1628909_7_4_2', '1628909_7_5_1', '1628909_7_8_1', '1628909_7_9_1'], 'points': 'p8030,p8031,p8032,p8033,p8018,p8014', 'start_time_stamp': '20260507030000', 'end_time_stamp': '20260507060000', 'minute_interval': 5}
2026-05-08 01:01:40,555 - root - INFO - Successfully upserted 222 data points.
2026-05-08 01:01:40,555 - root - INFO - Fetching minute data with payload: {'ps_key_list': ['1628909_7_8_2', '1628909_7_1_3', '1628909_7_5_2', '1628909_7_4_2', '1628909_7_5_1', '1628909_7_8_1', '1628909_7_9_1'], 'points': 'p8030,p8031,p8032,p8033,p8018,p8014', 'start_time_stamp': '20260507000000', 'end_time_stamp': '20260507030000', 'minute_interval': 5}
2026-05-08 01:01:41,699 - root - INFO - Successfully upserted 222 data points.
2026-05-08 01:01:41,699 - root - INFO - Fetching minute data with payload: {'ps_key_list': ['1628909_7_8_2', '1628909_7_1_3', '1628909_7_5_2', '1628909_7_4_2', '1628909_7_5_1', '1628909_7_8_1', '1628909_7_9_1'], 'points': 'p8030,p8031,p8032,p8033,p8018,p8014', 'start_time_stamp': '20260507150000', 'end_time_stamp': '20260507180000', 'minute_interval': 5}
2026-05-08 01:01:42,059 - root - INFO - Successfully upserted 259 data points.
2026-05-08 01:01:42,059 - root - INFO - Fetching minute data with payload: {'ps_key_list': ['1628909_1_2_2', '1628909_1_1_2', '1628909_1_3_1', '1628909_1_2_1', '1628909_1_1_1', '1628909_1_4_1', '1628909_1_3_2'], 'points': 'p96,p97,p98,p99,p100,p101,p102,p103,p104,p105,p106,p107,p108,p109,p110,p111,p112,p113,p7166,p7167,p7168,p7169,p7170,p7171,p70,p71,p72,p73,p74,p75,p76,p77,p78,p79,p80,p81,p82,p83,p84,p85,p92,p93,p313,p314,p315,p316,p317,p318', 'start_time_stamp': '20260507120000', 'end_time_stamp': '20260507150000', 'minute_interval': 5}
2026-05-08 01:01:42,230 - root - INFO - Successfully upserted 259 data points.
2026-05-08 01:01:42,230 - root - INFO - Fetching minute data with payload: {'ps_key_list': ['1628909_1_2_2', '1628909_1_1_2', '1628909_1_3_1', '1628909_1_2_1', '1628909_1_1_1', '1628909_1_4_1', '1628909_1_3_2'], 'points': 'p96,p97,p98,p99,p100,p101,p102,p103,p104,p105,p106,p107,p108,p109,p110,p111,p112,p113,p7166,p7167,p7168,p7169,p7170,p7171,p70,p71,p72,p73,p74,p75,p76,p77,p78,p79,p80,p81,p82,p83,p84,p85,p92,p93,p313,p314,p315,p316,p317,p318', 'start_time_stamp': '20260507180000', 'end_time_stamp': '20260507210000', 'minute_interval': 5}
2026-05-08 01:01:42,256 - root - INFO - Successfully upserted 259 data points.
2026-05-08 01:01:42,256 - root - INFO - Fetching minute data with payload: {'ps_key_list': ['1628909_1_2_2', '1628909_1_1_2', '1628909_1_3_1', '1628909_1_2_1', '1628909_1_1_1', '1628909_1_4_1', '1628909_1_3_2'], 'points': 'p96,p97,p98,p99,p100,p101,p102,p103,p104,p105,p106,p107,p108,p109,p110,p111,p112,p113,p7166,p7167,p7168,p7169,p7170,p7171,p70,p71,p72,p73,p74,p75,p76,p77,p78,p79,p80,p81,p82,p83,p84,p85,p92,p93,p313,p314,p315,p316,p317,p318', 'start_time_stamp': '20260507090000', 'end_time_stamp': '20260507120000', 'minute_interval': 5}
2026-05-08 01:01:42,349 - root - INFO - Successfully upserted 252 data points.
2026-05-08 01:01:42,349 - root - INFO - Fetching minute data with payload: {'ps_key_list': ['1628909_1_2_2', '1628909_1_1_2', '1628909_1_3_1', '1628909_1_2_1', '1628909_1_1_1', '1628909_1_4_1', '1628909_1_3_2'], 'points': 'p96,p97,p98,p99,p100,p101,p102,p103,p104,p105,p106,p107,p108,p109,p110,p111,p112,p113,p7166,p7167,p7168,p7169,p7170,p7171,p70,p71,p72,p73,p74,p75,p76,p77,p78,p79,p80,p81,p82,p83,p84,p85,p92,p93,p313,p314,p315,p316,p317,p318', 'start_time_stamp': '20260507210000', 'end_time_stamp': '20260507235959', 'minute_interval': 5}
2026-05-08 01:01:42,760 - root - INFO - Successfully upserted 259 data points.
2026-05-08 01:01:42,760 - root - INFO - Fetching minute data with payload: {'ps_key_list': ['1628909_1_2_2', '1628909_1_1_2', '1628909_1_3_1', '1628909_1_2_1', '1628909_1_1_1', '1628909_1_4_1', '1628909_1_3_2'], 'points': 'p96,p97,p98,p99,p100,p101,p102,p103,p104,p105,p106,p107,p108,p109,p110,p111,p112,p113,p7166,p7167,p7168,p7169,p7170,p7171,p70,p71,p72,p73,p74,p75,p76,p77,p78,p79,p80,p81,p82,p83,p84,p85,p92,p93,p313,p314,p315,p316,p317,p318', 'start_time_stamp': '20260507060000', 'end_time_stamp': '20260507090000', 'minute_interval': 5}
2026-05-08 01:01:42,817 - root - INFO - Successfully upserted 259 data points.
2026-05-08 01:01:42,817 - root - INFO - Fetching minute data with payload: {'ps_key_list': ['1628909_1_2_2', '1628909_1_1_2', '1628909_1_3_1', '1628909_1_2_1', '1628909_1_1_1', '1628909_1_4_1', '1628909_1_3_2'], 'points': 'p96,p97,p98,p99,p100,p101,p102,p103,p104,p105,p106,p107,p108,p109,p110,p111,p112,p113,p7166,p7167,p7168,p7169,p7170,p7171,p70,p71,p72,p73,p74,p75,p76,p77,p78,p79,p80,p81,p82,p83,p84,p85,p92,p93,p313,p314,p315,p316,p317,p318', 'start_time_stamp': '20260507030000', 'end_time_stamp': '20260507060000', 'minute_interval': 5}
2026-05-08 01:01:43,202 - root - INFO - Successfully upserted 259 data points.
2026-05-08 01:01:43,202 - root - INFO - Fetching minute data with payload: {'ps_key_list': ['1628909_1_2_2', '1628909_1_1_2', '1628909_1_3_1', '1628909_1_2_1', '1628909_1_1_1', '1628909_1_4_1', '1628909_1_3_2'], 'points': 'p96,p97,p98,p99,p100,p101,p102,p103,p104,p105,p106,p107,p108,p109,p110,p111,p112,p113,p7166,p7167,p7168,p7169,p7170,p7171,p70,p71,p72,p73,p74,p75,p76,p77,p78,p79,p80,p81,p82,p83,p84,p85,p92,p93,p313,p314,p315,p316,p317,p318', 'start_time_stamp': '20260507000000', 'end_time_stamp': '20260507030000', 'minute_interval': 5}
2026-05-08 01:01:44,343 - root - INFO - Successfully upserted 259 data points.
2026-05-08 01:01:44,343 - root - INFO - Fetching minute data with payload: {'ps_key_list': ['1628909_1_2_2', '1628909_1_1_2', '1628909_1_3_1', '1628909_1_2_1', '1628909_1_1_1', '1628909_1_4_1', '1628909_1_3_2'], 'points': 'p96,p97,p98,p99,p100,p101,p102,p103,p104,p105,p106,p107,p108,p109,p110,p111,p112,p113,p7166,p7167,p7168,p7169,p7170,p7171,p70,p71,p72,p73,p74,p75,p76,p77,p78,p79,p80,p81,p82,p83,p84,p85,p92,p93,p313,p314,p315,p316,p317,p318', 'start_time_stamp': '20260507150000', 'end_time_stamp': '20260507180000', 'minute_interval': 5}
2026-05-08 01:01:44,800 - root - INFO - Successfully upserted 259 data points.
2026-05-08 01:01:44,800 - root - INFO - Fetching minute data with payload: {'ps_key_list': ['1731512_7_1_1'], 'points': 'p8030,p8031,p8032,p8033,p8018,p8014', 'start_time_stamp': '20260507120000', 'end_time_stamp': '20260507150000', 'minute_interval': 5}
2026-05-08 01:01:45,098 - root - INFO - Successfully upserted 259 data points.
2026-05-08 01:01:45,099 - root - INFO - Fetching minute data with payload: {'ps_key_list': ['1731512_7_1_1'], 'points': 'p8030,p8031,p8032,p8033,p8018,p8014', 'start_time_stamp': '20260507180000', 'end_time_stamp': '20260507210000', 'minute_interval': 5}
2026-05-08 01:01:45,109 - root - INFO - Successfully upserted 259 data points.
2026-05-08 01:01:45,109 - root - INFO - Fetching minute data with payload: {'ps_key_list': ['1731512_7_1_1'], 'points': 'p8030,p8031,p8032,p8033,p8018,p8014', 'start_time_stamp': '20260507090000', 'end_time_stamp': '20260507120000', 'minute_interval': 5}
2026-05-08 01:01:45,179 - root - INFO - Successfully upserted 252 data points.
2026-05-08 01:01:45,180 - root - INFO - Fetching minute data with payload: {'ps_key_list': ['1731512_7_1_1'], 'points': 'p8030,p8031,p8032,p8033,p8018,p8014', 'start_time_stamp': '20260507210000', 'end_time_stamp': '20260507235959', 'minute_interval': 5}
2026-05-08 01:01:45,535 - root - INFO - Successfully upserted 259 data points.
2026-05-08 01:01:45,536 - root - INFO - Fetching minute data with payload: {'ps_key_list': ['1731512_7_1_1'], 'points': 'p8030,p8031,p8032,p8033,p8018,p8014', 'start_time_stamp': '20260507060000', 'end_time_stamp': '20260507090000', 'minute_interval': 5}
2026-05-08 01:01:45,599 - root - INFO - Successfully upserted 259 data points.
2026-05-08 01:01:45,599 - root - INFO - Fetching minute data with payload: {'ps_key_list': ['1731512_7_1_1'], 'points': 'p8030,p8031,p8032,p8033,p8018,p8014', 'start_time_stamp': '20260507030000', 'end_time_stamp': '20260507060000', 'minute_interval': 5}
2026-05-08 01:01:45,914 - root - INFO - Successfully upserted 259 data points.
2026-05-08 01:01:45,914 - root - INFO - Fetching minute data with payload: {'ps_key_list': ['1731512_7_1_1'], 'points': 'p8030,p8031,p8032,p8033,p8018,p8014', 'start_time_stamp': '20260507000000', 'end_time_stamp': '20260507030000', 'minute_interval': 5}
2026-05-08 01:01:46,933 - root - INFO - Successfully upserted 259 data points.
2026-05-08 01:01:46,934 - root - INFO - Fetching minute data with payload: {'ps_key_list': ['1731512_7_1_1'], 'points': 'p8030,p8031,p8032,p8033,p8018,p8014', 'start_time_stamp': '20260507150000', 'end_time_stamp': '20260507180000', 'minute_interval': 5}
2026-05-08 01:01:47,328 - root - INFO - Successfully upserted 37 data points.
2026-05-08 01:01:47,328 - root - INFO - Fetching minute data with payload: {'ps_key_list': ['1731512_1_2_1'], 'points': 'p96,p97,p98,p99,p100,p101,p102,p103,p104,p105,p106,p107,p108,p109,p110,p111,p112,p113,p7166,p7167,p7168,p7169,p7170,p7171,p70,p71,p72,p73,p74,p75,p76,p77,p78,p79,p80,p81,p82,p83,p84,p85,p92,p93,p313,p314,p315,p316,p317,p318', 'start_time_stamp': '20260507120000', 'end_time_stamp': '20260507150000', 'minute_interval': 5}
2026-05-08 01:01:47,770 - root - INFO - Successfully upserted 37 data points.
2026-05-08 01:01:47,770 - root - INFO - Fetching minute data with payload: {'ps_key_list': ['1731512_1_2_1'], 'points': 'p96,p97,p98,p99,p100,p101,p102,p103,p104,p105,p106,p107,p108,p109,p110,p111,p112,p113,p7166,p7167,p7168,p7169,p7170,p7171,p70,p71,p72,p73,p74,p75,p76,p77,p78,p79,p80,p81,p82,p83,p84,p85,p92,p93,p313,p314,p315,p316,p317,p318', 'start_time_stamp': '20260507180000', 'end_time_stamp': '20260507210000', 'minute_interval': 5}
2026-05-08 01:01:47,804 - root - INFO - Successfully upserted 37 data points.
2026-05-08 01:01:47,805 - root - INFO - Fetching minute data with payload: {'ps_key_list': ['1731512_1_2_1'], 'points': 'p96,p97,p98,p99,p100,p101,p102,p103,p104,p105,p106,p107,p108,p109,p110,p111,p112,p113,p7166,p7167,p7168,p7169,p7170,p7171,p70,p71,p72,p73,p74,p75,p76,p77,p78,p79,p80,p81,p82,p83,p84,p85,p92,p93,p313,p314,p315,p316,p317,p318', 'start_time_stamp': '20260507090000', 'end_time_stamp': '20260507120000', 'minute_interval': 5}
2026-05-08 01:01:47,823 - root - INFO - Successfully upserted 36 data points.
2026-05-08 01:01:47,823 - root - INFO - Fetching minute data with payload: {'ps_key_list': ['1731512_1_2_1'], 'points': 'p96,p97,p98,p99,p100,p101,p102,p103,p104,p105,p106,p107,p108,p109,p110,p111,p112,p113,p7166,p7167,p7168,p7169,p7170,p7171,p70,p71,p72,p73,p74,p75,p76,p77,p78,p79,p80,p81,p82,p83,p84,p85,p92,p93,p313,p314,p315,p316,p317,p318', 'start_time_stamp': '20260507210000', 'end_time_stamp': '20260507235959', 'minute_interval': 5}
2026-05-08 01:01:48,150 - root - INFO - Successfully upserted 37 data points.
2026-05-08 01:01:48,150 - root - INFO - Fetching minute data with payload: {'ps_key_list': ['1731512_1_2_1'], 'points': 'p96,p97,p98,p99,p100,p101,p102,p103,p104,p105,p106,p107,p108,p109,p110,p111,p112,p113,p7166,p7167,p7168,p7169,p7170,p7171,p70,p71,p72,p73,p74,p75,p76,p77,p78,p79,p80,p81,p82,p83,p84,p85,p92,p93,p313,p314,p315,p316,p317,p318', 'start_time_stamp': '20260507060000', 'end_time_stamp': '20260507090000', 'minute_interval': 5}
2026-05-08 01:01:48,234 - root - INFO - Successfully upserted 37 data points.
2026-05-08 01:01:48,234 - root - INFO - Fetching minute data with payload: {'ps_key_list': ['1731512_1_2_1'], 'points': 'p96,p97,p98,p99,p100,p101,p102,p103,p104,p105,p106,p107,p108,p109,p110,p111,p112,p113,p7166,p7167,p7168,p7169,p7170,p7171,p70,p71,p72,p73,p74,p75,p76,p77,p78,p79,p80,p81,p82,p83,p84,p85,p92,p93,p313,p314,p315,p316,p317,p318', 'start_time_stamp': '20260507030000', 'end_time_stamp': '20260507060000', 'minute_interval': 5}
2026-05-08 01:01:48,474 - root - INFO - Successfully upserted 37 data points.
2026-05-08 01:01:48,474 - root - INFO - Fetching minute data with payload: {'ps_key_list': ['1731512_1_2_1'], 'points': 'p96,p97,p98,p99,p100,p101,p102,p103,p104,p105,p106,p107,p108,p109,p110,p111,p112,p113,p7166,p7167,p7168,p7169,p7170,p7171,p70,p71,p72,p73,p74,p75,p76,p77,p78,p79,p80,p81,p82,p83,p84,p85,p92,p93,p313,p314,p315,p316,p317,p318', 'start_time_stamp': '20260507000000', 'end_time_stamp': '20260507030000', 'minute_interval': 5}
2026-05-08 01:01:49,503 - root - INFO - Successfully upserted 37 data points.
2026-05-08 01:01:49,504 - root - INFO - Fetching minute data with payload: {'ps_key_list': ['1731512_1_2_1'], 'points': 'p96,p97,p98,p99,p100,p101,p102,p103,p104,p105,p106,p107,p108,p109,p110,p111,p112,p113,p7166,p7167,p7168,p7169,p7170,p7171,p70,p71,p72,p73,p74,p75,p76,p77,p78,p79,p80,p81,p82,p83,p84,p85,p92,p93,p313,p314,p315,p316,p317,p318', 'start_time_stamp': '20260507150000', 'end_time_stamp': '20260507180000', 'minute_interval': 5}
2026-05-08 01:01:49,860 - root - INFO - No data to insert into database for this API data batch.
2026-05-08 01:01:49,860 - root - INFO - Fetching minute data with payload: {'ps_key_list': ['1730375_1_3_1', '1730375_1_1_1'], 'points': 'p96,p97,p98,p99,p100,p101,p102,p103,p104,p105,p106,p107,p108,p109,p110,p111,p112,p113,p7166,p7167,p7168,p7169,p7170,p7171,p70,p71,p72,p73,p74,p75,p76,p77,p78,p79,p80,p81,p82,p83,p84,p85,p92,p93,p313,p314,p315,p316,p317,p318', 'start_time_stamp': '20260507120000', 'end_time_stamp': '20260507150000', 'minute_interval': 5}
2026-05-08 01:01:50,339 - root - INFO - No data to insert into database for this API data batch.
2026-05-08 01:01:50,339 - root - INFO - Fetching minute data with payload: {'ps_key_list': ['1730375_1_3_1', '1730375_1_1_1'], 'points': 'p96,p97,p98,p99,p100,p101,p102,p103,p104,p105,p106,p107,p108,p109,p110,p111,p112,p113,p7166,p7167,p7168,p7169,p7170,p7171,p70,p71,p72,p73,p74,p75,p76,p77,p78,p79,p80,p81,p82,p83,p84,p85,p92,p93,p313,p314,p315,p316,p317,p318', 'start_time_stamp': '20260507180000', 'end_time_stamp': '20260507210000', 'minute_interval': 5}
2026-05-08 01:01:50,373 - root - INFO - No data to insert into database for this API data batch.
2026-05-08 01:01:50,373 - root - INFO - Fetching minute data with payload: {'ps_key_list': ['1730375_1_3_1', '1730375_1_1_1'], 'points': 'p96,p97,p98,p99,p100,p101,p102,p103,p104,p105,p106,p107,p108,p109,p110,p111,p112,p113,p7166,p7167,p7168,p7169,p7170,p7171,p70,p71,p72,p73,p74,p75,p76,p77,p78,p79,p80,p81,p82,p83,p84,p85,p92,p93,p313,p314,p315,p316,p317,p318', 'start_time_stamp': '20260507090000', 'end_time_stamp': '20260507120000', 'minute_interval': 5}
2026-05-08 01:01:50,446 - root - INFO - No data to insert into database for this API data batch.
2026-05-08 01:01:50,446 - root - INFO - Fetching minute data with payload: {'ps_key_list': ['1730375_1_3_1', '1730375_1_1_1'], 'points': 'p96,p97,p98,p99,p100,p101,p102,p103,p104,p105,p106,p107,p108,p109,p110,p111,p112,p113,p7166,p7167,p7168,p7169,p7170,p7171,p70,p71,p72,p73,p74,p75,p76,p77,p78,p79,p80,p81,p82,p83,p84,p85,p92,p93,p313,p314,p315,p316,p317,p318', 'start_time_stamp': '20260507210000', 'end_time_stamp': '20260507235959', 'minute_interval': 5}
2026-05-08 01:01:50,724 - root - INFO - No data to insert into database for this API data batch.
2026-05-08 01:01:50,724 - root - INFO - Fetching minute data with payload: {'ps_key_list': ['1730375_1_3_1', '1730375_1_1_1'], 'points': 'p96,p97,p98,p99,p100,p101,p102,p103,p104,p105,p106,p107,p108,p109,p110,p111,p112,p113,p7166,p7167,p7168,p7169,p7170,p7171,p70,p71,p72,p73,p74,p75,p76,p77,p78,p79,p80,p81,p82,p83,p84,p85,p92,p93,p313,p314,p315,p316,p317,p318', 'start_time_stamp': '20260507060000', 'end_time_stamp': '20260507090000', 'minute_interval': 5}
2026-05-08 01:01:50,841 - root - INFO - No data to insert into database for this API data batch.
2026-05-08 01:01:50,841 - root - INFO - Fetching minute data with payload: {'ps_key_list': ['1730375_1_3_1', '1730375_1_1_1'], 'points': 'p96,p97,p98,p99,p100,p101,p102,p103,p104,p105,p106,p107,p108,p109,p110,p111,p112,p113,p7166,p7167,p7168,p7169,p7170,p7171,p70,p71,p72,p73,p74,p75,p76,p77,p78,p79,p80,p81,p82,p83,p84,p85,p92,p93,p313,p314,p315,p316,p317,p318', 'start_time_stamp': '20260507030000', 'end_time_stamp': '20260507060000', 'minute_interval': 5}
2026-05-08 01:01:50,920 - root - INFO - No data to insert into database for this API data batch.
2026-05-08 01:01:50,921 - root - INFO - Fetching minute data with payload: {'ps_key_list': ['1730375_1_3_1', '1730375_1_1_1'], 'points': 'p96,p97,p98,p99,p100,p101,p102,p103,p104,p105,p106,p107,p108,p109,p110,p111,p112,p113,p7166,p7167,p7168,p7169,p7170,p7171,p70,p71,p72,p73,p74,p75,p76,p77,p78,p79,p80,p81,p82,p83,p84,p85,p92,p93,p313,p314,p315,p316,p317,p318', 'start_time_stamp': '20260507000000', 'end_time_stamp': '20260507030000', 'minute_interval': 5}
2026-05-08 01:01:51,928 - root - INFO - No data to insert into database for this API data batch.
2026-05-08 01:01:51,928 - root - INFO - Fetching minute data with payload: {'ps_key_list': ['1730375_1_3_1', '1730375_1_1_1'], 'points': 'p96,p97,p98,p99,p100,p101,p102,p103,p104,p105,p106,p107,p108,p109,p110,p111,p112,p113,p7166,p7167,p7168,p7169,p7170,p7171,p70,p71,p72,p73,p74,p75,p76,p77,p78,p79,p80,p81,p82,p83,p84,p85,p92,p93,p313,p314,p315,p316,p317,p318', 'start_time_stamp': '20260507150000', 'end_time_stamp': '20260507180000', 'minute_interval': 5}
2026-05-08 01:01:52,314 - root - INFO - Successfully upserted 37 data points.
2026-05-08 01:01:52,315 - root - INFO - Fetching minute data with payload: {'ps_key_list': ['1730375_7_2_1'], 'points': 'p8030,p8031,p8032,p8033,p8018,p8014', 'start_time_stamp': '20260507120000', 'end_time_stamp': '20260507150000', 'minute_interval': 5}
2026-05-08 01:01:52,900 - root - INFO - No data to insert into database for this API data batch.
2026-05-08 01:01:52,900 - root - INFO - Fetching minute data with payload: {'ps_key_list': ['1730375_7_2_1'], 'points': 'p8030,p8031,p8032,p8033,p8018,p8014', 'start_time_stamp': '20260507180000', 'end_time_stamp': '20260507210000', 'minute_interval': 5}
2026-05-08 01:01:53,021 - root - INFO - Successfully upserted 37 data points.
2026-05-08 01:01:53,022 - root - INFO - Fetching minute data with payload: {'ps_key_list': ['1730375_7_2_1'], 'points': 'p8030,p8031,p8032,p8033,p8018,p8014', 'start_time_stamp': '20260507090000', 'end_time_stamp': '20260507120000', 'minute_interval': 5}
2026-05-08 01:01:53,051 - root - INFO - No data to insert into database for this API data batch.
2026-05-08 01:01:53,051 - root - INFO - Fetching minute data with payload: {'ps_key_list': ['1730375_7_2_1'], 'points': 'p8030,p8031,p8032,p8033,p8018,p8014', 'start_time_stamp': '20260507210000', 'end_time_stamp': '20260507235959', 'minute_interval': 5}
2026-05-08 01:01:53,311 - root - INFO - Successfully upserted 37 data points.
2026-05-08 01:01:53,312 - root - INFO - Fetching minute data with payload: {'ps_key_list': ['1730375_7_2_1'], 'points': 'p8030,p8031,p8032,p8033,p8018,p8014', 'start_time_stamp': '20260507060000', 'end_time_stamp': '20260507090000', 'minute_interval': 5}
2026-05-08 01:01:53,499 - root - INFO - No data to insert into database for this API data batch.
2026-05-08 01:01:53,499 - root - INFO - Fetching minute data with payload: {'ps_key_list': ['1730375_7_2_1'], 'points': 'p8030,p8031,p8032,p8033,p8018,p8014', 'start_time_stamp': '20260507000000', 'end_time_stamp': '20260507030000', 'minute_interval': 5}
2026-05-08 01:01:53,544 - root - INFO - Successfully upserted 5 data points.
2026-05-08 01:01:53,544 - root - INFO - Fetching minute data with payload: {'ps_key_list': ['1730375_7_2_1'], 'points': 'p8030,p8031,p8032,p8033,p8018,p8014', 'start_time_stamp': '20260507030000', 'end_time_stamp': '20260507060000', 'minute_interval': 5}
2026-05-08 01:01:54,469 - root - INFO - Successfully upserted 19 data points.
2026-05-08 01:01:54,469 - root - INFO - Fetching minute data with payload: {'ps_key_list': ['1730375_7_2_1'], 'points': 'p8030,p8031,p8032,p8033,p8018,p8014', 'start_time_stamp': '20260507150000', 'end_time_stamp': '20260507180000', 'minute_interval': 5}
2026-05-08 01:01:54,851 - root - INFO - Successfully upserted 37 data points.
2026-05-08 01:01:54,851 - root - INFO - Fetching minute data with payload: {'ps_key_list': ['1728142_7_2_1'], 'points': 'p8030,p8031,p8032,p8033,p8018,p8014', 'start_time_stamp': '20260507120000', 'end_time_stamp': '20260507150000', 'minute_interval': 5}
2026-05-08 01:01:55,394 - root - INFO - Successfully upserted 37 data points.
2026-05-08 01:01:55,395 - root - INFO - Fetching minute data with payload: {'ps_key_list': ['1728142_7_2_1'], 'points': 'p8030,p8031,p8032,p8033,p8018,p8014', 'start_time_stamp': '20260507180000', 'end_time_stamp': '20260507210000', 'minute_interval': 5}
2026-05-08 01:01:55,563 - root - INFO - Successfully upserted 37 data points.
2026-05-08 01:01:55,563 - root - INFO - Fetching minute data with payload: {'ps_key_list': ['1728142_7_2_1'], 'points': 'p8030,p8031,p8032,p8033,p8018,p8014', 'start_time_stamp': '20260507090000', 'end_time_stamp': '20260507120000', 'minute_interval': 5}
2026-05-08 01:01:55,604 - root - INFO - Successfully upserted 25 data points.
2026-05-08 01:01:55,604 - root - INFO - Fetching minute data with payload: {'ps_key_list': ['1728142_7_2_1'], 'points': 'p8030,p8031,p8032,p8033,p8018,p8014', 'start_time_stamp': '20260507210000', 'end_time_stamp': '20260507235959', 'minute_interval': 5}
2026-05-08 01:01:55,854 - root - INFO - Successfully upserted 37 data points.
2026-05-08 01:01:55,854 - root - INFO - Fetching minute data with payload: {'ps_key_list': ['1728142_7_2_1'], 'points': 'p8030,p8031,p8032,p8033,p8018,p8014', 'start_time_stamp': '20260507060000', 'end_time_stamp': '20260507090000', 'minute_interval': 5}
2026-05-08 01:01:56,171 - root - INFO - Successfully upserted 37 data points.
2026-05-08 01:01:56,171 - root - INFO - Fetching minute data with payload: {'ps_key_list': ['1728142_7_2_1'], 'points': 'p8030,p8031,p8032,p8033,p8018,p8014', 'start_time_stamp': '20260507030000', 'end_time_stamp': '20260507060000', 'minute_interval': 5}
2026-05-08 01:01:56,582 - root - INFO - Successfully upserted 37 data points.
2026-05-08 01:01:56,582 - root - INFO - Fetching minute data with payload: {'ps_key_list': ['1728142_7_2_1'], 'points': 'p8030,p8031,p8032,p8033,p8018,p8014', 'start_time_stamp': '20260507000000', 'end_time_stamp': '20260507030000', 'minute_interval': 5}
2026-05-08 01:01:56,892 - root - INFO - Successfully upserted 37 data points.
2026-05-08 01:01:56,892 - root - INFO - Fetching minute data with payload: {'ps_key_list': ['1728142_7_2_1'], 'points': 'p8030,p8031,p8032,p8033,p8018,p8014', 'start_time_stamp': '20260507150000', 'end_time_stamp': '20260507180000', 'minute_interval': 5}
2026-05-08 01:01:57,403 - root - INFO - Successfully upserted 37 data points.
2026-05-08 01:01:57,403 - root - INFO - Fetching minute data with payload: {'ps_key_list': ['1728142_1_1_1'], 'points': 'p96,p97,p98,p99,p100,p101,p102,p103,p104,p105,p106,p107,p108,p109,p110,p111,p112,p113,p7166,p7167,p7168,p7169,p7170,p7171,p70,p71,p72,p73,p74,p75,p76,p77,p78,p79,p80,p81,p82,p83,p84,p85,p92,p93,p313,p314,p315,p316,p317,p318', 'start_time_stamp': '20260507120000', 'end_time_stamp': '20260507150000', 'minute_interval': 5}
2026-05-08 01:01:57,949 - root - INFO - Successfully upserted 37 data points.
2026-05-08 01:01:57,949 - root - INFO - Fetching minute data with payload: {'ps_key_list': ['1728142_1_1_1'], 'points': 'p96,p97,p98,p99,p100,p101,p102,p103,p104,p105,p106,p107,p108,p109,p110,p111,p112,p113,p7166,p7167,p7168,p7169,p7170,p7171,p70,p71,p72,p73,p74,p75,p76,p77,p78,p79,p80,p81,p82,p83,p84,p85,p92,p93,p313,p314,p315,p316,p317,p318', 'start_time_stamp': '20260507180000', 'end_time_stamp': '20260507210000', 'minute_interval': 5}
2026-05-08 01:01:58,183 - root - INFO - Successfully upserted 37 data points.
2026-05-08 01:01:58,184 - root - INFO - Fetching minute data with payload: {'ps_key_list': ['1728142_1_1_1'], 'points': 'p96,p97,p98,p99,p100,p101,p102,p103,p104,p105,p106,p107,p108,p109,p110,p111,p112,p113,p7166,p7167,p7168,p7169,p7170,p7171,p70,p71,p72,p73,p74,p75,p76,p77,p78,p79,p80,p81,p82,p83,p84,p85,p92,p93,p313,p314,p315,p316,p317,p318', 'start_time_stamp': '20260507090000', 'end_time_stamp': '20260507120000', 'minute_interval': 5}
2026-05-08 01:01:58,255 - root - INFO - Successfully upserted 36 data points.
2026-05-08 01:01:58,255 - root - INFO - Fetching minute data with payload: {'ps_key_list': ['1728142_1_1_1'], 'points': 'p96,p97,p98,p99,p100,p101,p102,p103,p104,p105,p106,p107,p108,p109,p110,p111,p112,p113,p7166,p7167,p7168,p7169,p7170,p7171,p70,p71,p72,p73,p74,p75,p76,p77,p78,p79,p80,p81,p82,p83,p84,p85,p92,p93,p313,p314,p315,p316,p317,p318', 'start_time_stamp': '20260507210000', 'end_time_stamp': '20260507235959', 'minute_interval': 5}
2026-05-08 01:01:58,315 - root - INFO - Successfully upserted 37 data points.
2026-05-08 01:01:58,315 - root - INFO - Fetching minute data with payload: {'ps_key_list': ['1728142_1_1_1'], 'points': 'p96,p97,p98,p99,p100,p101,p102,p103,p104,p105,p106,p107,p108,p109,p110,p111,p112,p113,p7166,p7167,p7168,p7169,p7170,p7171,p70,p71,p72,p73,p74,p75,p76,p77,p78,p79,p80,p81,p82,p83,p84,p85,p92,p93,p313,p314,p315,p316,p317,p318', 'start_time_stamp': '20260507060000', 'end_time_stamp': '20260507090000', 'minute_interval': 5}
2026-05-08 01:01:58,764 - root - INFO - Successfully upserted 37 data points.
2026-05-08 01:01:58,765 - root - INFO - Fetching minute data with payload: {'ps_key_list': ['1728142_1_1_1'], 'points': 'p96,p97,p98,p99,p100,p101,p102,p103,p104,p105,p106,p107,p108,p109,p110,p111,p112,p113,p7166,p7167,p7168,p7169,p7170,p7171,p70,p71,p72,p73,p74,p75,p76,p77,p78,p79,p80,p81,p82,p83,p84,p85,p92,p93,p313,p314,p315,p316,p317,p318', 'start_time_stamp': '20260507030000', 'end_time_stamp': '20260507060000', 'minute_interval': 5}
2026-05-08 01:01:59,149 - root - INFO - Successfully upserted 37 data points.
2026-05-08 01:01:59,149 - root - INFO - Fetching minute data with payload: {'ps_key_list': ['1728142_1_1_1'], 'points': 'p96,p97,p98,p99,p100,p101,p102,p103,p104,p105,p106,p107,p108,p109,p110,p111,p112,p113,p7166,p7167,p7168,p7169,p7170,p7171,p70,p71,p72,p73,p74,p75,p76,p77,p78,p79,p80,p81,p82,p83,p84,p85,p92,p93,p313,p314,p315,p316,p317,p318', 'start_time_stamp': '20260507000000', 'end_time_stamp': '20260507030000', 'minute_interval': 5}
2026-05-08 01:01:59,396 - root - INFO - Successfully upserted 37 data points.
2026-05-08 01:01:59,396 - root - INFO - Fetching minute data with payload: {'ps_key_list': ['1728142_1_1_1'], 'points': 'p96,p97,p98,p99,p100,p101,p102,p103,p104,p105,p106,p107,p108,p109,p110,p111,p112,p113,p7166,p7167,p7168,p7169,p7170,p7171,p70,p71,p72,p73,p74,p75,p76,p77,p78,p79,p80,p81,p82,p83,p84,p85,p92,p93,p313,p314,p315,p316,p317,p318', 'start_time_stamp': '20260507150000', 'end_time_stamp': '20260507180000', 'minute_interval': 5}
2026-05-08 01:01:59,940 - root - INFO - Successfully upserted 37 data points.
2026-05-08 01:01:59,940 - root - INFO - Fetching minute data with payload: {'ps_key_list': ['1723575_1_3_1'], 'points': 'p96,p97,p98,p99,p100,p101,p102,p103,p104,p105,p106,p107,p108,p109,p110,p111,p112,p113,p7166,p7167,p7168,p7169,p7170,p7171,p70,p71,p72,p73,p74,p75,p76,p77,p78,p79,p80,p81,p82,p83,p84,p85,p92,p93,p313,p314,p315,p316,p317,p318', 'start_time_stamp': '20260507120000', 'end_time_stamp': '20260507150000', 'minute_interval': 5}
2026-05-08 01:02:00,725 - root - INFO - Successfully upserted 37 data points.
2026-05-08 01:02:00,726 - root - INFO - Fetching minute data with payload: {'ps_key_list': ['1723575_1_3_1'], 'points': 'p96,p97,p98,p99,p100,p101,p102,p103,p104,p105,p106,p107,p108,p109,p110,p111,p112,p113,p7166,p7167,p7168,p7169,p7170,p7171,p70,p71,p72,p73,p74,p75,p76,p77,p78,p79,p80,p81,p82,p83,p84,p85,p92,p93,p313,p314,p315,p316,p317,p318', 'start_time_stamp': '20260507090000', 'end_time_stamp': '20260507120000', 'minute_interval': 5}
2026-05-08 01:02:00,737 - root - INFO - No data to insert into database for this API data batch.
2026-05-08 01:02:00,737 - root - INFO - Fetching minute data with payload: {'ps_key_list': ['1723575_1_3_1'], 'points': 'p96,p97,p98,p99,p100,p101,p102,p103,p104,p105,p106,p107,p108,p109,p110,p111,p112,p113,p7166,p7167,p7168,p7169,p7170,p7171,p70,p71,p72,p73,p74,p75,p76,p77,p78,p79,p80,p81,p82,p83,p84,p85,p92,p93,p313,p314,p315,p316,p317,p318', 'start_time_stamp': '20260507180000', 'end_time_stamp': '20260507210000', 'minute_interval': 5}
2026-05-08 01:02:00,831 - root - INFO - No data to insert into database for this API data batch.
2026-05-08 01:02:00,832 - root - INFO - Fetching minute data with payload: {'ps_key_list': ['1723575_1_3_1'], 'points': 'p96,p97,p98,p99,p100,p101,p102,p103,p104,p105,p106,p107,p108,p109,p110,p111,p112,p113,p7166,p7167,p7168,p7169,p7170,p7171,p70,p71,p72,p73,p74,p75,p76,p77,p78,p79,p80,p81,p82,p83,p84,p85,p92,p93,p313,p314,p315,p316,p317,p318', 'start_time_stamp': '20260507210000', 'end_time_stamp': '20260507235959', 'minute_interval': 5}
2026-05-08 01:02:00,877 - root - INFO - Successfully upserted 37 data points.
2026-05-08 01:02:00,878 - root - INFO - Fetching minute data with payload: {'ps_key_list': ['1723575_1_3_1'], 'points': 'p96,p97,p98,p99,p100,p101,p102,p103,p104,p105,p106,p107,p108,p109,p110,p111,p112,p113,p7166,p7167,p7168,p7169,p7170,p7171,p70,p71,p72,p73,p74,p75,p76,p77,p78,p79,p80,p81,p82,p83,p84,p85,p92,p93,p313,p314,p315,p316,p317,p318', 'start_time_stamp': '20260507060000', 'end_time_stamp': '20260507090000', 'minute_interval': 5}
2026-05-08 01:02:01,217 - root - INFO - Successfully upserted 7 data points.
2026-05-08 01:02:01,218 - root - INFO - Fetching minute data with payload: {'ps_key_list': ['1723575_1_3_1'], 'points': 'p96,p97,p98,p99,p100,p101,p102,p103,p104,p105,p106,p107,p108,p109,p110,p111,p112,p113,p7166,p7167,p7168,p7169,p7170,p7171,p70,p71,p72,p73,p74,p75,p76,p77,p78,p79,p80,p81,p82,p83,p84,p85,p92,p93,p313,p314,p315,p316,p317,p318', 'start_time_stamp': '20260507030000', 'end_time_stamp': '20260507060000', 'minute_interval': 5}
2026-05-08 01:02:01,615 - root - INFO - No data to insert into database for this API data batch.
2026-05-08 01:02:01,615 - root - INFO - Fetching minute data with payload: {'ps_key_list': ['1723575_1_3_1'], 'points': 'p96,p97,p98,p99,p100,p101,p102,p103,p104,p105,p106,p107,p108,p109,p110,p111,p112,p113,p7166,p7167,p7168,p7169,p7170,p7171,p70,p71,p72,p73,p74,p75,p76,p77,p78,p79,p80,p81,p82,p83,p84,p85,p92,p93,p313,p314,p315,p316,p317,p318', 'start_time_stamp': '20260507000000', 'end_time_stamp': '20260507030000', 'minute_interval': 5}
2026-05-08 01:02:01,925 - root - INFO - Successfully upserted 34 data points.
2026-05-08 01:02:01,925 - root - INFO - Fetching minute data with payload: {'ps_key_list': ['1723575_1_3_1'], 'points': 'p96,p97,p98,p99,p100,p101,p102,p103,p104,p105,p106,p107,p108,p109,p110,p111,p112,p113,p7166,p7167,p7168,p7169,p7170,p7171,p70,p71,p72,p73,p74,p75,p76,p77,p78,p79,p80,p81,p82,p83,p84,p85,p92,p93,p313,p314,p315,p316,p317,p318', 'start_time_stamp': '20260507150000', 'end_time_stamp': '20260507180000', 'minute_interval': 5}
2026-05-08 01:02:02,389 - root - INFO - Successfully upserted 37 data points.
2026-05-08 01:02:02,389 - root - INFO - Fetching minute data with payload: {'ps_key_list': ['1723575_7_2_1'], 'points': 'p8030,p8031,p8032,p8033,p8018,p8014', 'start_time_stamp': '20260507120000', 'end_time_stamp': '20260507150000', 'minute_interval': 5}
2026-05-08 01:02:03,458 - root - INFO - Successfully upserted 27 data points.
2026-05-08 01:02:03,459 - root - INFO - Fetching minute data with payload: {'ps_key_list': ['1723575_7_2_1'], 'points': 'p8030,p8031,p8032,p8033,p8018,p8014', 'start_time_stamp': '20260507090000', 'end_time_stamp': '20260507120000', 'minute_interval': 5}
2026-05-08 01:02:03,464 - root - INFO - Successfully upserted 37 data points.
2026-05-08 01:02:03,464 - root - INFO - Fetching minute data with payload: {'ps_key_list': ['1723575_7_2_1'], 'points': 'p8030,p8031,p8032,p8033,p8018,p8014', 'start_time_stamp': '20260507180000', 'end_time_stamp': '20260507210000', 'minute_interval': 5}
2026-05-08 01:02:03,554 - root - INFO - Successfully upserted 36 data points.
2026-05-08 01:02:03,554 - root - INFO - Fetching minute data with payload: {'ps_key_list': ['1723575_7_2_1'], 'points': 'p8030,p8031,p8032,p8033,p8018,p8014', 'start_time_stamp': '20260507210000', 'end_time_stamp': '20260507235959', 'minute_interval': 5}
2026-05-08 01:02:03,609 - root - INFO - Successfully upserted 18 data points.
2026-05-08 01:02:03,609 - root - INFO - Fetching minute data with payload: {'ps_key_list': ['1723575_7_2_1'], 'points': 'p8030,p8031,p8032,p8033,p8018,p8014', 'start_time_stamp': '20260507060000', 'end_time_stamp': '20260507090000', 'minute_interval': 5}
2026-05-08 01:02:04,140 - root - INFO - No data to insert into database for this API data batch.
2026-05-08 01:02:04,258 - root - INFO - Fetching minute data with payload: {'ps_key_list': ['1723575_7_2_1'], 'points': 'p8030,p8031,p8032,p8033,p8018,p8014', 'start_time_stamp': '20260507000000', 'end_time_stamp': '20260507030000', 'minute_interval': 5}
2026-05-08 01:02:04,460 - root - INFO - Successfully upserted 37 data points.
2026-05-08 01:02:04,460 - root - INFO - Fetching minute data with payload: {'ps_key_list': ['1723575_7_2_1'], 'points': 'p8030,p8031,p8032,p8033,p8018,p8014', 'start_time_stamp': '20260507150000', 'end_time_stamp': '20260507180000', 'minute_interval': 5}
2026-05-08 01:02:04,542 - root - INFO - Successfully upserted 5 data points.
2026-05-08 01:02:04,542 - root - INFO - Fetching minute data with payload: {'ps_key_list': ['1723575_7_2_1'], 'points': 'p8030,p8031,p8032,p8033,p8018,p8014', 'start_time_stamp': '20260507030000', 'end_time_stamp': '20260507060000', 'minute_interval': 5}
2026-05-08 01:02:04,939 - root - INFO - Successfully upserted 37 data points.
2026-05-08 01:02:04,939 - root - INFO - Fetching minute data with payload: {'ps_key_list': ['1722752_7_2_1'], 'points': 'p8030,p8031,p8032,p8033,p8018,p8014', 'start_time_stamp': '20260507120000', 'end_time_stamp': '20260507150000', 'minute_interval': 5}
2026-05-08 01:02:06,546 - root - INFO - Successfully upserted 37 data points.
2026-05-08 01:02:06,546 - root - INFO - Fetching minute data with payload: {'ps_key_list': ['1722752_7_2_1'], 'points': 'p8030,p8031,p8032,p8033,p8018,p8014', 'start_time_stamp': '20260507060000', 'end_time_stamp': '20260507090000', 'minute_interval': 5}
2026-05-08 01:02:06,620 - root - INFO - Successfully upserted 37 data points.
2026-05-08 01:02:06,620 - root - INFO - Fetching minute data with payload: {'ps_key_list': ['1722752_7_2_1'], 'points': 'p8030,p8031,p8032,p8033,p8018,p8014', 'start_time_stamp': '20260507180000', 'end_time_stamp': '20260507210000', 'minute_interval': 5}
2026-05-08 01:02:06,627 - root - INFO - Successfully upserted 37 data points.
2026-05-08 01:02:06,628 - root - INFO - Fetching minute data with payload: {'ps_key_list': ['1722752_7_2_1'], 'points': 'p8030,p8031,p8032,p8033,p8018,p8014', 'start_time_stamp': '20260507090000', 'end_time_stamp': '20260507120000', 'minute_interval': 5}
2026-05-08 01:02:06,646 - root - INFO - Successfully upserted 25 data points.
2026-05-08 01:02:06,646 - root - INFO - Fetching minute data with payload: {'ps_key_list': ['1722752_7_2_1'], 'points': 'p8030,p8031,p8032,p8033,p8018,p8014', 'start_time_stamp': '20260507210000', 'end_time_stamp': '20260507235959', 'minute_interval': 5}
2026-05-08 01:02:06,821 - root - INFO - Successfully upserted 37 data points.
2026-05-08 01:02:06,888 - root - INFO - Fetching minute data with payload: {'ps_key_list': ['1722752_7_2_1'], 'points': 'p8030,p8031,p8032,p8033,p8018,p8014', 'start_time_stamp': '20260507000000', 'end_time_stamp': '20260507030000', 'minute_interval': 5}
2026-05-08 01:02:07,114 - root - INFO - Successfully upserted 37 data points.
2026-05-08 01:02:07,114 - root - INFO - Fetching minute data with payload: {'ps_key_list': ['1722752_7_2_1'], 'points': 'p8030,p8031,p8032,p8033,p8018,p8014', 'start_time_stamp': '20260507150000', 'end_time_stamp': '20260507180000', 'minute_interval': 5}
2026-05-08 01:02:07,158 - root - INFO - Successfully upserted 37 data points.
2026-05-08 01:02:07,159 - root - INFO - Fetching minute data with payload: {'ps_key_list': ['1722752_7_2_1'], 'points': 'p8030,p8031,p8032,p8033,p8018,p8014', 'start_time_stamp': '20260507030000', 'end_time_stamp': '20260507060000', 'minute_interval': 5}
2026-05-08 01:02:07,479 - root - INFO - Successfully upserted 37 data points.
2026-05-08 01:02:07,479 - root - INFO - Fetching minute data with payload: {'ps_key_list': ['1722752_1_1_1'], 'points': 'p96,p97,p98,p99,p100,p101,p102,p103,p104,p105,p106,p107,p108,p109,p110,p111,p112,p113,p7166,p7167,p7168,p7169,p7170,p7171,p70,p71,p72,p73,p74,p75,p76,p77,p78,p79,p80,p81,p82,p83,p84,p85,p92,p93,p313,p314,p315,p316,p317,p318', 'start_time_stamp': '20260507120000', 'end_time_stamp': '20260507150000', 'minute_interval': 5}
2026-05-08 01:02:08,211 - root - INFO - Retrying API request after rate limit wait...
2026-05-08 01:02:08,211 - root - INFO - Making API request to: https://sg5.fusionsolar.huawei.com/rest/openapi/pvms/nbi/v1/device/history
2026-05-08 01:02:08,212 - root - INFO - Request payload: {'devDn': 'NE=61913836', 'devTypeId': 17, 'startTime': 1778086800000, 'endTime': 1778173199000}
2026-05-08 01:02:08,636 - root - INFO - Response status code: 200
2026-05-08 01:02:08,636 - root - INFO - API response from https://sg5.fusionsolar.huawei.com/rest/openapi/pvms/nbi/v1/device/history (truncated): {'failCode': 0, 'success': True, 'message': 'historical data information query successful.', 'data': []}
2026-05-08 01:02:08,642 - root - INFO - API Response type: <class 'dict'>
2026-05-08 01:02:08,642 - root - INFO - API Response keys: ['failCode', 'success', 'message', 'data']
2026-05-08 01:02:08,642 - root - INFO - API Response data is a list with 0 items
2026-05-08 01:02:08,642 - root - INFO - API Response has failCode: 0, message: historical data information query successful.
2026-05-08 01:02:08,643 - root - INFO - Using alternate response format: data as list
2026-05-08 01:02:08,643 - root - INFO - No data points returned for the query period
2026-05-08 01:02:08,643 - root - INFO - Using single devDn for device/history (API: one device per query)
2026-05-08 01:02:08,645 - root - INFO - Fetching historical data for 1 devices of type meter
2026-05-08 01:02:08,647 - root - INFO - Making API request to: https://sg5.fusionsolar.huawei.com/rest/openapi/pvms/nbi/v1/device/history
2026-05-08 01:02:08,647 - root - INFO - Request payload: {'devDn': 'NE=61913834', 'devTypeId': 17, 'startTime': 1778086800000, 'endTime': 1778173199000}
2026-05-08 01:02:08,967 - root - INFO - Response status code: 200
2026-05-08 01:02:08,967 - root - INFO - API response from https://sg5.fusionsolar.huawei.com/rest/openapi/pvms/nbi/v1/device/history (truncated): {'failCode': 407, 'success': False, 'message': 'Interface access frequency:0.39333333333333337/1second', 'data': []}
2026-05-08 01:02:08,968 - root - WARNING - API access frequency too high. Waiting 30 seconds before retry...
2026-05-08 01:02:09,225 - root - INFO - Successfully upserted 37 data points.
2026-05-08 01:02:09,225 - root - INFO - Fetching minute data with payload: {'ps_key_list': ['1722752_1_1_1'], 'points': 'p96,p97,p98,p99,p100,p101,p102,p103,p104,p105,p106,p107,p108,p109,p110,p111,p112,p113,p7166,p7167,p7168,p7169,p7170,p7171,p70,p71,p72,p73,p74,p75,p76,p77,p78,p79,p80,p81,p82,p83,p84,p85,p92,p93,p313,p314,p315,p316,p317,p318', 'start_time_stamp': '20260507060000', 'end_time_stamp': '20260507090000', 'minute_interval': 5}
2026-05-08 01:02:09,306 - root - INFO - Successfully upserted 37 data points.
2026-05-08 01:02:09,307 - root - INFO - Fetching minute data with payload: {'ps_key_list': ['1722752_1_1_1'], 'points': 'p96,p97,p98,p99,p100,p101,p102,p103,p104,p105,p106,p107,p108,p109,p110,p111,p112,p113,p7166,p7167,p7168,p7169,p7170,p7171,p70,p71,p72,p73,p74,p75,p76,p77,p78,p79,p80,p81,p82,p83,p84,p85,p92,p93,p313,p314,p315,p316,p317,p318', 'start_time_stamp': '20260507180000', 'end_time_stamp': '20260507210000', 'minute_interval': 5}
2026-05-08 01:02:09,391 - root - INFO - Successfully upserted 36 data points.
2026-05-08 01:02:09,391 - root - INFO - Fetching minute data with payload: {'ps_key_list': ['1722752_1_1_1'], 'points': 'p96,p97,p98,p99,p100,p101,p102,p103,p104,p105,p106,p107,p108,p109,p110,p111,p112,p113,p7166,p7167,p7168,p7169,p7170,p7171,p70,p71,p72,p73,p74,p75,p76,p77,p78,p79,p80,p81,p82,p83,p84,p85,p92,p93,p313,p314,p315,p316,p317,p318', 'start_time_stamp': '20260507210000', 'end_time_stamp': '20260507235959', 'minute_interval': 5}
2026-05-08 01:02:09,438 - root - INFO - Successfully upserted 37 data points.
2026-05-08 01:02:09,439 - root - INFO - Fetching minute data with payload: {'ps_key_list': ['1722752_1_1_1'], 'points': 'p96,p97,p98,p99,p100,p101,p102,p103,p104,p105,p106,p107,p108,p109,p110,p111,p112,p113,p7166,p7167,p7168,p7169,p7170,p7171,p70,p71,p72,p73,p74,p75,p76,p77,p78,p79,p80,p81,p82,p83,p84,p85,p92,p93,p313,p314,p315,p316,p317,p318', 'start_time_stamp': '20260507090000', 'end_time_stamp': '20260507120000', 'minute_interval': 5}
2026-05-08 01:02:09,490 - root - INFO - Successfully upserted 37 data points.
2026-05-08 01:02:09,544 - root - INFO - Fetching minute data with payload: {'ps_key_list': ['1722752_1_1_1'], 'points': 'p96,p97,p98,p99,p100,p101,p102,p103,p104,p105,p106,p107,p108,p109,p110,p111,p112,p113,p7166,p7167,p7168,p7169,p7170,p7171,p70,p71,p72,p73,p74,p75,p76,p77,p78,p79,p80,p81,p82,p83,p84,p85,p92,p93,p313,p314,p315,p316,p317,p318', 'start_time_stamp': '20260507000000', 'end_time_stamp': '20260507030000', 'minute_interval': 5}
2026-05-08 01:02:09,746 - root - INFO - Successfully upserted 37 data points.
2026-05-08 01:02:09,748 - root - INFO - Fetching minute data with payload: {'ps_key_list': ['1722752_1_1_1'], 'points': 'p96,p97,p98,p99,p100,p101,p102,p103,p104,p105,p106,p107,p108,p109,p110,p111,p112,p113,p7166,p7167,p7168,p7169,p7170,p7171,p70,p71,p72,p73,p74,p75,p76,p77,p78,p79,p80,p81,p82,p83,p84,p85,p92,p93,p313,p314,p315,p316,p317,p318', 'start_time_stamp': '20260507150000', 'end_time_stamp': '20260507180000', 'minute_interval': 5}
2026-05-08 01:02:09,786 - root - INFO - Successfully upserted 37 data points.
2026-05-08 01:02:09,818 - root - INFO - Fetching minute data with payload: {'ps_key_list': ['1722752_1_1_1'], 'points': 'p96,p97,p98,p99,p100,p101,p102,p103,p104,p105,p106,p107,p108,p109,p110,p111,p112,p113,p7166,p7167,p7168,p7169,p7170,p7171,p70,p71,p72,p73,p74,p75,p76,p77,p78,p79,p80,p81,p82,p83,p84,p85,p92,p93,p313,p314,p315,p316,p317,p318', 'start_time_stamp': '20260507030000', 'end_time_stamp': '20260507060000', 'minute_interval': 5}
2026-05-08 01:02:10,022 - root - INFO - Successfully upserted 37 data points.
2026-05-08 01:02:10,022 - root - INFO - Fetching minute data with payload: {'ps_key_list': ['1734912_7_2_1'], 'points': 'p8030,p8031,p8032,p8033,p8018,p8014', 'start_time_stamp': '20260507120000', 'end_time_stamp': '20260507150000', 'minute_interval': 5}
2026-05-08 01:02:11,835 - root - INFO - Successfully upserted 37 data points.
2026-05-08 01:02:11,836 - root - INFO - Fetching minute data with payload: {'ps_key_list': ['1734912_7_2_1'], 'points': 'p8030,p8031,p8032,p8033,p8018,p8014', 'start_time_stamp': '20260507060000', 'end_time_stamp': '20260507090000', 'minute_interval': 5}
2026-05-08 01:02:11,993 - root - INFO - No data to insert into database for this API data batch.
2026-05-08 01:02:11,994 - root - INFO - Fetching minute data with payload: {'ps_key_list': ['1734912_7_2_1'], 'points': 'p8030,p8031,p8032,p8033,p8018,p8014', 'start_time_stamp': '20260507180000', 'end_time_stamp': '20260507210000', 'minute_interval': 5}
2026-05-08 01:02:12,142 - root - INFO - No data to insert into database for this API data batch.
2026-05-08 01:02:12,143 - root - INFO - Fetching minute data with payload: {'ps_key_list': ['1734912_7_2_1'], 'points': 'p8030,p8031,p8032,p8033,p8018,p8014', 'start_time_stamp': '20260507210000', 'end_time_stamp': '20260507235959', 'minute_interval': 5}
2026-05-08 01:02:12,240 - root - INFO - Successfully upserted 37 data points.
2026-05-08 01:02:12,240 - root - INFO - Fetching minute data with payload: {'ps_key_list': ['1734912_7_2_1'], 'points': 'p8030,p8031,p8032,p8033,p8018,p8014', 'start_time_stamp': '20260507090000', 'end_time_stamp': '20260507120000', 'minute_interval': 5}
2026-05-08 01:02:12,268 - root - INFO - No data to insert into database for this API data batch.
2026-05-08 01:02:12,269 - root - INFO - Fetching minute data with payload: {'ps_key_list': ['1734912_7_2_1'], 'points': 'p8030,p8031,p8032,p8033,p8018,p8014', 'start_time_stamp': '20260507000000', 'end_time_stamp': '20260507030000', 'minute_interval': 5}
2026-05-08 01:02:12,448 - root - INFO - Successfully upserted 32 data points.
2026-05-08 01:02:12,449 - root - INFO - Fetching minute data with payload: {'ps_key_list': ['1734912_7_2_1'], 'points': 'p8030,p8031,p8032,p8033,p8018,p8014', 'start_time_stamp': '20260507150000', 'end_time_stamp': '20260507180000', 'minute_interval': 5}
2026-05-08 01:02:12,493 - root - INFO - Successfully upserted 5 data points.
2026-05-08 01:02:12,494 - root - INFO - Fetching minute data with payload: {'ps_key_list': ['1734912_7_2_1'], 'points': 'p8030,p8031,p8032,p8033,p8018,p8014', 'start_time_stamp': '20260507030000', 'end_time_stamp': '20260507060000', 'minute_interval': 5}
2026-05-08 01:02:12,608 - root - INFO - Successfully upserted 37 data points.
2026-05-08 01:02:12,649 - root - INFO - Fetching minute data with payload: {'ps_key_list': ['1734912_1_1_1'], 'points': 'p96,p97,p98,p99,p100,p101,p102,p103,p104,p105,p106,p107,p108,p109,p110,p111,p112,p113,p7166,p7167,p7168,p7169,p7170,p7171,p70,p71,p72,p73,p74,p75,p76,p77,p78,p79,p80,p81,p82,p83,p84,p85,p92,p93,p313,p314,p315,p316,p317,p318', 'start_time_stamp': '20260507120000', 'end_time_stamp': '20260507150000', 'minute_interval': 5}
2026-05-08 01:02:14,302 - root - INFO - Successfully upserted 37 data points.
2026-05-08 01:02:14,302 - root - INFO - Fetching minute data with payload: {'ps_key_list': ['1734912_1_1_1'], 'points': 'p96,p97,p98,p99,p100,p101,p102,p103,p104,p105,p106,p107,p108,p109,p110,p111,p112,p113,p7166,p7167,p7168,p7169,p7170,p7171,p70,p71,p72,p73,p74,p75,p76,p77,p78,p79,p80,p81,p82,p83,p84,p85,p92,p93,p313,p314,p315,p316,p317,p318', 'start_time_stamp': '20260507060000', 'end_time_stamp': '20260507090000', 'minute_interval': 5}
2026-05-08 01:02:14,662 - root - INFO - Successfully upserted 37 data points.
2026-05-08 01:02:14,662 - root - INFO - Fetching minute data with payload: {'ps_key_list': ['1734912_1_1_1'], 'points': 'p96,p97,p98,p99,p100,p101,p102,p103,p104,p105,p106,p107,p108,p109,p110,p111,p112,p113,p7166,p7167,p7168,p7169,p7170,p7171,p70,p71,p72,p73,p74,p75,p76,p77,p78,p79,p80,p81,p82,p83,p84,p85,p92,p93,p313,p314,p315,p316,p317,p318', 'start_time_stamp': '20260507180000', 'end_time_stamp': '20260507210000', 'minute_interval': 5}
2026-05-08 01:02:14,821 - root - INFO - Successfully upserted 36 data points.
2026-05-08 01:02:14,821 - root - INFO - Fetching minute data with payload: {'ps_key_list': ['1734912_1_1_1'], 'points': 'p96,p97,p98,p99,p100,p101,p102,p103,p104,p105,p106,p107,p108,p109,p110,p111,p112,p113,p7166,p7167,p7168,p7169,p7170,p7171,p70,p71,p72,p73,p74,p75,p76,p77,p78,p79,p80,p81,p82,p83,p84,p85,p92,p93,p313,p314,p315,p316,p317,p318', 'start_time_stamp': '20260507210000', 'end_time_stamp': '20260507235959', 'minute_interval': 5}
2026-05-08 01:02:14,980 - root - INFO - Successfully upserted 37 data points.
2026-05-08 01:02:14,981 - root - INFO - Fetching minute data with payload: {'ps_key_list': ['1734912_1_1_1'], 'points': 'p96,p97,p98,p99,p100,p101,p102,p103,p104,p105,p106,p107,p108,p109,p110,p111,p112,p113,p7166,p7167,p7168,p7169,p7170,p7171,p70,p71,p72,p73,p74,p75,p76,p77,p78,p79,p80,p81,p82,p83,p84,p85,p92,p93,p313,p314,p315,p316,p317,p318', 'start_time_stamp': '20260507000000', 'end_time_stamp': '20260507030000', 'minute_interval': 5}
2026-05-08 01:02:14,984 - root - INFO - Successfully upserted 37 data points.
2026-05-08 01:02:14,985 - root - INFO - Fetching minute data with payload: {'ps_key_list': ['1734912_1_1_1'], 'points': 'p96,p97,p98,p99,p100,p101,p102,p103,p104,p105,p106,p107,p108,p109,p110,p111,p112,p113,p7166,p7167,p7168,p7169,p7170,p7171,p70,p71,p72,p73,p74,p75,p76,p77,p78,p79,p80,p81,p82,p83,p84,p85,p92,p93,p313,p314,p315,p316,p317,p318', 'start_time_stamp': '20260507090000', 'end_time_stamp': '20260507120000', 'minute_interval': 5}
2026-05-08 01:02:15,248 - root - INFO - Successfully upserted 37 data points.
2026-05-08 01:02:15,249 - root - INFO - Fetching minute data with payload: {'ps_key_list': ['1734912_1_1_1'], 'points': 'p96,p97,p98,p99,p100,p101,p102,p103,p104,p105,p106,p107,p108,p109,p110,p111,p112,p113,p7166,p7167,p7168,p7169,p7170,p7171,p70,p71,p72,p73,p74,p75,p76,p77,p78,p79,p80,p81,p82,p83,p84,p85,p92,p93,p313,p314,p315,p316,p317,p318', 'start_time_stamp': '20260507150000', 'end_time_stamp': '20260507180000', 'minute_interval': 5}
2026-05-08 01:02:15,262 - root - INFO - Successfully upserted 37 data points.
2026-05-08 01:02:15,263 - root - INFO - Completed 3-hour interval: 2026-05-07 12:00:00 to 2026-05-07 15:00:00 - 8251 points
2026-05-08 01:02:15,277 - root - INFO - Successfully upserted 37 data points.
2026-05-08 01:02:15,278 - root - INFO - Fetching minute data with payload: {'ps_key_list': ['1734912_1_1_1'], 'points': 'p96,p97,p98,p99,p100,p101,p102,p103,p104,p105,p106,p107,p108,p109,p110,p111,p112,p113,p7166,p7167,p7168,p7169,p7170,p7171,p70,p71,p72,p73,p74,p75,p76,p77,p78,p79,p80,p81,p82,p83,p84,p85,p92,p93,p313,p314,p315,p316,p317,p318', 'start_time_stamp': '20260507030000', 'end_time_stamp': '20260507060000', 'minute_interval': 5}
2026-05-08 01:02:16,848 - root - INFO - Successfully upserted 37 data points.
2026-05-08 01:02:16,848 - root - INFO - Completed 3-hour interval: 2026-05-07 06:00:00 to 2026-05-07 09:00:00 - 8084 points
2026-05-08 01:02:17,115 - root - INFO - No data to insert into database for this API data batch.
2026-05-08 01:02:17,116 - root - INFO - Completed 3-hour interval: 2026-05-07 18:00:00 to 2026-05-07 21:00:00 - 8066 points
2026-05-08 01:02:17,422 - root - INFO - No data to insert into database for this API data batch.
2026-05-08 01:02:17,423 - root - INFO - Completed 3-hour interval: 2026-05-07 21:00:00 to 2026-05-07 23:59:59 - 7409 points
2026-05-08 01:02:17,644 - root - INFO - Successfully upserted 37 data points.
2026-05-08 01:02:17,645 - root - INFO - Completed 3-hour interval: 2026-05-07 09:00:00 to 2026-05-07 12:00:00 - 8183 points
2026-05-08 01:02:17,687 - root - INFO - No data to insert into database for this API data batch.
2026-05-08 01:02:17,687 - root - INFO - Completed 3-hour interval: 2026-05-07 00:00:00 to 2026-05-07 03:00:00 - 7504 points
2026-05-08 01:02:17,892 - root - INFO - Successfully upserted 33 data points.
2026-05-08 01:02:17,892 - root - INFO - Completed 3-hour interval: 2026-05-07 15:00:00 to 2026-05-07 18:00:00 - 8220 points
2026-05-08 01:02:17,911 - root - INFO - Successfully upserted 6 data points.
2026-05-08 01:02:17,912 - root - INFO - Completed 3-hour interval: 2026-05-07 03:00:00 to 2026-05-07 06:00:00 - 7671 points
2026-05-08 01:02:17,913 - root - INFO - Total data points ingested for day-batch (2026-05-07): 63388
2026-05-08 01:02:17,914 - root - INFO - Processing inverter summary data for 141 eligible inverters (out of 141 total inverters for this type filter)
2026-05-08 01:02:17,914 - root - INFO - Processing day-batch with custom mapping: 2026-05-07 for 141 devices.
2026-05-08 01:02:17,914 - root - INFO - Processing 8 intervals in parallel with 8 workers (custom mapping)
2026-05-08 01:02:17,915 - root - INFO - Fetching minute data with payload: {'ps_key_list': ['1680199_1_9_2', '1680199_1_7_1', '1680199_1_4_1', '1680199_1_8_2', '1680199_1_7_2', '1680199_1_6_2', '1680199_1_4_2', '1680199_1_1_2', '1680199_1_5_2', '1680199_1_3_2', '1680199_1_2_2', '1680199_1_2_1', '1680199_1_1_1', '1680199_1_3_1', '1680199_1_6_1', '1680199_1_9_1', '1680199_1_10_1', '1680199_1_8_1', '1680199_1_11_1', '1680199_1_5_1'], 'points': 'p1,p14,p24,p25,p4,p26,p18,p19,p20,p21,p22,p23,p27', 'start_time_stamp': '20260507000000', 'end_time_stamp': '20260507025959', 'minute_interval': 5}
2026-05-08 01:02:17,915 - root - INFO - Fetching minute data with payload: {'ps_key_list': ['1680199_1_9_2', '1680199_1_7_1', '1680199_1_4_1', '1680199_1_8_2', '1680199_1_7_2', '1680199_1_6_2', '1680199_1_4_2', '1680199_1_1_2', '1680199_1_5_2', '1680199_1_3_2', '1680199_1_2_2', '1680199_1_2_1', '1680199_1_1_1', '1680199_1_3_1', '1680199_1_6_1', '1680199_1_9_1', '1680199_1_10_1', '1680199_1_8_1', '1680199_1_11_1', '1680199_1_5_1'], 'points': 'p1,p14,p24,p25,p4,p26,p18,p19,p20,p21,p22,p23,p27', 'start_time_stamp': '20260507030000', 'end_time_stamp': '20260507055959', 'minute_interval': 5}
2026-05-08 01:02:17,916 - root - INFO - Fetching minute data with payload: {'ps_key_list': ['1680199_1_9_2', '1680199_1_7_1', '1680199_1_4_1', '1680199_1_8_2', '1680199_1_7_2', '1680199_1_6_2', '1680199_1_4_2', '1680199_1_1_2', '1680199_1_5_2', '1680199_1_3_2', '1680199_1_2_2', '1680199_1_2_1', '1680199_1_1_1', '1680199_1_3_1', '1680199_1_6_1', '1680199_1_9_1', '1680199_1_10_1', '1680199_1_8_1', '1680199_1_11_1', '1680199_1_5_1'], 'points': 'p1,p14,p24,p25,p4,p26,p18,p19,p20,p21,p22,p23,p27', 'start_time_stamp': '20260507060000', 'end_time_stamp': '20260507085959', 'minute_interval': 5}
2026-05-08 01:02:17,916 - root - INFO - Fetching minute data with payload: {'ps_key_list': ['1680199_1_9_2', '1680199_1_7_1', '1680199_1_4_1', '1680199_1_8_2', '1680199_1_7_2', '1680199_1_6_2', '1680199_1_4_2', '1680199_1_1_2', '1680199_1_5_2', '1680199_1_3_2', '1680199_1_2_2', '1680199_1_2_1', '1680199_1_1_1', '1680199_1_3_1', '1680199_1_6_1', '1680199_1_9_1', '1680199_1_10_1', '1680199_1_8_1', '1680199_1_11_1', '1680199_1_5_1'], 'points': 'p1,p14,p24,p25,p4,p26,p18,p19,p20,p21,p22,p23,p27', 'start_time_stamp': '20260507090000', 'end_time_stamp': '20260507115959', 'minute_interval': 5}
2026-05-08 01:02:17,916 - root - INFO - Fetching minute data with payload: {'ps_key_list': ['1680199_1_9_2', '1680199_1_7_1', '1680199_1_4_1', '1680199_1_8_2', '1680199_1_7_2', '1680199_1_6_2', '1680199_1_4_2', '1680199_1_1_2', '1680199_1_5_2', '1680199_1_3_2', '1680199_1_2_2', '1680199_1_2_1', '1680199_1_1_1', '1680199_1_3_1', '1680199_1_6_1', '1680199_1_9_1', '1680199_1_10_1', '1680199_1_8_1', '1680199_1_11_1', '1680199_1_5_1'], 'points': 'p1,p14,p24,p25,p4,p26,p18,p19,p20,p21,p22,p23,p27', 'start_time_stamp': '20260507120000', 'end_time_stamp': '20260507145959', 'minute_interval': 5}
2026-05-08 01:02:17,917 - root - INFO - Fetching minute data with payload: {'ps_key_list': ['1680199_1_9_2', '1680199_1_7_1', '1680199_1_4_1', '1680199_1_8_2', '1680199_1_7_2', '1680199_1_6_2', '1680199_1_4_2', '1680199_1_1_2', '1680199_1_5_2', '1680199_1_3_2', '1680199_1_2_2', '1680199_1_2_1', '1680199_1_1_1', '1680199_1_3_1', '1680199_1_6_1', '1680199_1_9_1', '1680199_1_10_1', '1680199_1_8_1', '1680199_1_11_1', '1680199_1_5_1'], 'points': 'p1,p14,p24,p25,p4,p26,p18,p19,p20,p21,p22,p23,p27', 'start_time_stamp': '20260507150000', 'end_time_stamp': '20260507175959', 'minute_interval': 5}
2026-05-08 01:02:17,918 - root - INFO - Fetching minute data with payload: {'ps_key_list': ['1680199_1_9_2', '1680199_1_7_1', '1680199_1_4_1', '1680199_1_8_2', '1680199_1_7_2', '1680199_1_6_2', '1680199_1_4_2', '1680199_1_1_2', '1680199_1_5_2', '1680199_1_3_2', '1680199_1_2_2', '1680199_1_2_1', '1680199_1_1_1', '1680199_1_3_1', '1680199_1_6_1', '1680199_1_9_1', '1680199_1_10_1', '1680199_1_8_1', '1680199_1_11_1', '1680199_1_5_1'], 'points': 'p1,p14,p24,p25,p4,p26,p18,p19,p20,p21,p22,p23,p27', 'start_time_stamp': '20260507180000', 'end_time_stamp': '20260507205959', 'minute_interval': 5}
2026-05-08 01:02:17,918 - root - INFO - Fetching minute data with payload: {'ps_key_list': ['1680199_1_9_2', '1680199_1_7_1', '1680199_1_4_1', '1680199_1_8_2', '1680199_1_7_2', '1680199_1_6_2', '1680199_1_4_2', '1680199_1_1_2', '1680199_1_5_2', '1680199_1_3_2', '1680199_1_2_2', '1680199_1_2_1', '1680199_1_1_1', '1680199_1_3_1', '1680199_1_6_1', '1680199_1_9_1', '1680199_1_10_1', '1680199_1_8_1', '1680199_1_11_1', '1680199_1_5_1'], 'points': 'p1,p14,p24,p25,p4,p26,p18,p19,p20,p21,p22,p23,p27', 'start_time_stamp': '20260507210000', 'end_time_stamp': '20260507235959', 'minute_interval': 5}
2026-05-08 01:02:22,126 - root - INFO - Successfully upserted 720 data points.
2026-05-08 01:02:22,128 - root - INFO - Fetching minute data with payload: {'ps_key_list': ['1458125_1_37_1', '1458125_1_46_1', '1458125_1_45_1', '1458125_1_44_1', '1458125_1_5_1', '1458125_1_1_1', '1458125_1_4_1', '1458125_1_3_1', '1458125_1_6_1', '1458125_1_27_1', '1458125_1_26_1', '1458125_1_39_1', '1458125_1_38_1', '1458125_1_25_1', '1458125_1_41_1', '1458125_1_40_1', '1458125_1_36_1', '1458125_1_34_1', '1458125_1_33_1', '1458125_1_32_1', '1458125_1_31_1', '1458125_1_30_1', '1458125_1_29_1', '1458125_1_42_1', '1458125_1_48_1', '1458125_1_47_1', '1458125_1_43_1', '1458125_1_35_1', '1458125_1_2_1'], 'points': 'p1,p14,p24,p25,p4,p26,p18,p19,p20,p21,p22,p23,p27', 'start_time_stamp': '20260507060000', 'end_time_stamp': '20260507085959', 'minute_interval': 5}
2026-05-08 01:02:22,164 - root - INFO - Successfully upserted 720 data points.
2026-05-08 01:02:22,166 - root - INFO - Fetching minute data with payload: {'ps_key_list': ['1458125_1_37_1', '1458125_1_46_1', '1458125_1_45_1', '1458125_1_44_1', '1458125_1_5_1', '1458125_1_1_1', '1458125_1_4_1', '1458125_1_3_1', '1458125_1_6_1', '1458125_1_27_1', '1458125_1_26_1', '1458125_1_39_1', '1458125_1_38_1', '1458125_1_25_1', '1458125_1_41_1', '1458125_1_40_1', '1458125_1_36_1', '1458125_1_34_1', '1458125_1_33_1', '1458125_1_32_1', '1458125_1_31_1', '1458125_1_30_1', '1458125_1_29_1', '1458125_1_42_1', '1458125_1_48_1', '1458125_1_47_1', '1458125_1_43_1', '1458125_1_35_1', '1458125_1_2_1'], 'points': 'p1,p14,p24,p25,p4,p26,p18,p19,p20,p21,p22,p23,p27', 'start_time_stamp': '20260507030000', 'end_time_stamp': '20260507055959', 'minute_interval': 5}
2026-05-08 01:02:22,201 - root - INFO - Successfully upserted 720 data points.
2026-05-08 01:02:22,208 - root - INFO - Successfully upserted 720 data points.
2026-05-08 01:02:22,210 - root - INFO - Fetching minute data with payload: {'ps_key_list': ['1458125_1_37_1', '1458125_1_46_1', '1458125_1_45_1', '1458125_1_44_1', '1458125_1_5_1', '1458125_1_1_1', '1458125_1_4_1', '1458125_1_3_1', '1458125_1_6_1', '1458125_1_27_1', '1458125_1_26_1', '1458125_1_39_1', '1458125_1_38_1', '1458125_1_25_1', '1458125_1_41_1', '1458125_1_40_1', '1458125_1_36_1', '1458125_1_34_1', '1458125_1_33_1', '1458125_1_32_1', '1458125_1_31_1', '1458125_1_30_1', '1458125_1_29_1', '1458125_1_42_1', '1458125_1_48_1', '1458125_1_47_1', '1458125_1_43_1', '1458125_1_35_1', '1458125_1_2_1'], 'points': 'p1,p14,p24,p25,p4,p26,p18,p19,p20,p21,p22,p23,p27', 'start_time_stamp': '20260507090000', 'end_time_stamp': '20260507115959', 'minute_interval': 5}
2026-05-08 01:02:22,222 - root - INFO - Successfully upserted 720 data points.
2026-05-08 01:02:22,234 - root - INFO - Successfully upserted 720 data points.
2026-05-08 01:02:22,242 - root - INFO - Fetching minute data with payload: {'ps_key_list': ['1458125_1_37_1', '1458125_1_46_1', '1458125_1_45_1', '1458125_1_44_1', '1458125_1_5_1', '1458125_1_1_1', '1458125_1_4_1', '1458125_1_3_1', '1458125_1_6_1', '1458125_1_27_1', '1458125_1_26_1', '1458125_1_39_1', '1458125_1_38_1', '1458125_1_25_1', '1458125_1_41_1', '1458125_1_40_1', '1458125_1_36_1', '1458125_1_34_1', '1458125_1_33_1', '1458125_1_32_1', '1458125_1_31_1', '1458125_1_30_1', '1458125_1_29_1', '1458125_1_42_1', '1458125_1_48_1', '1458125_1_47_1', '1458125_1_43_1', '1458125_1_35_1', '1458125_1_2_1'], 'points': 'p1,p14,p24,p25,p4,p26,p18,p19,p20,p21,p22,p23,p27', 'start_time_stamp': '20260507000000', 'end_time_stamp': '20260507025959', 'minute_interval': 5}
2026-05-08 01:02:22,245 - root - INFO - Successfully upserted 720 data points.
2026-05-08 01:02:22,253 - root - INFO - Fetching minute data with payload: {'ps_key_list': ['1458125_1_37_1', '1458125_1_46_1', '1458125_1_45_1', '1458125_1_44_1', '1458125_1_5_1', '1458125_1_1_1', '1458125_1_4_1', '1458125_1_3_1', '1458125_1_6_1', '1458125_1_27_1', '1458125_1_26_1', '1458125_1_39_1', '1458125_1_38_1', '1458125_1_25_1', '1458125_1_41_1', '1458125_1_40_1', '1458125_1_36_1', '1458125_1_34_1', '1458125_1_33_1', '1458125_1_32_1', '1458125_1_31_1', '1458125_1_30_1', '1458125_1_29_1', '1458125_1_42_1', '1458125_1_48_1', '1458125_1_47_1', '1458125_1_43_1', '1458125_1_35_1', '1458125_1_2_1'], 'points': 'p1,p14,p24,p25,p4,p26,p18,p19,p20,p21,p22,p23,p27', 'start_time_stamp': '20260507120000', 'end_time_stamp': '20260507145959', 'minute_interval': 5}
2026-05-08 01:02:22,275 - root - INFO - Successfully upserted 698 data points.
2026-05-08 01:02:22,277 - root - INFO - Fetching minute data with payload: {'ps_key_list': ['1458125_1_37_1', '1458125_1_46_1', '1458125_1_45_1', '1458125_1_44_1', '1458125_1_5_1', '1458125_1_1_1', '1458125_1_4_1', '1458125_1_3_1', '1458125_1_6_1', '1458125_1_27_1', '1458125_1_26_1', '1458125_1_39_1', '1458125_1_38_1', '1458125_1_25_1', '1458125_1_41_1', '1458125_1_40_1', '1458125_1_36_1', '1458125_1_34_1', '1458125_1_33_1', '1458125_1_32_1', '1458125_1_31_1', '1458125_1_30_1', '1458125_1_29_1', '1458125_1_42_1', '1458125_1_48_1', '1458125_1_47_1', '1458125_1_43_1', '1458125_1_35_1', '1458125_1_2_1'], 'points': 'p1,p14,p24,p25,p4,p26,p18,p19,p20,p21,p22,p23,p27', 'start_time_stamp': '20260507150000', 'end_time_stamp': '20260507175959', 'minute_interval': 5}
2026-05-08 01:02:22,277 - root - INFO - Fetching minute data with payload: {'ps_key_list': ['1458125_1_37_1', '1458125_1_46_1', '1458125_1_45_1', '1458125_1_44_1', '1458125_1_5_1', '1458125_1_1_1', '1458125_1_4_1', '1458125_1_3_1', '1458125_1_6_1', '1458125_1_27_1', '1458125_1_26_1', '1458125_1_39_1', '1458125_1_38_1', '1458125_1_25_1', '1458125_1_41_1', '1458125_1_40_1', '1458125_1_36_1', '1458125_1_34_1', '1458125_1_33_1', '1458125_1_32_1', '1458125_1_31_1', '1458125_1_30_1', '1458125_1_29_1', '1458125_1_42_1', '1458125_1_48_1', '1458125_1_47_1', '1458125_1_43_1', '1458125_1_35_1', '1458125_1_2_1'], 'points': 'p1,p14,p24,p25,p4,p26,p18,p19,p20,p21,p22,p23,p27', 'start_time_stamp': '20260507180000', 'end_time_stamp': '20260507205959', 'minute_interval': 5}
2026-05-08 01:02:22,279 - root - INFO - Fetching minute data with payload: {'ps_key_list': ['1458125_1_37_1', '1458125_1_46_1', '1458125_1_45_1', '1458125_1_44_1', '1458125_1_5_1', '1458125_1_1_1', '1458125_1_4_1', '1458125_1_3_1', '1458125_1_6_1', '1458125_1_27_1', '1458125_1_26_1', '1458125_1_39_1', '1458125_1_38_1', '1458125_1_25_1', '1458125_1_41_1', '1458125_1_40_1', '1458125_1_36_1', '1458125_1_34_1', '1458125_1_33_1', '1458125_1_32_1', '1458125_1_31_1', '1458125_1_30_1', '1458125_1_29_1', '1458125_1_42_1', '1458125_1_48_1', '1458125_1_47_1', '1458125_1_43_1', '1458125_1_35_1', '1458125_1_2_1'], 'points': 'p1,p14,p24,p25,p4,p26,p18,p19,p20,p21,p22,p23,p27', 'start_time_stamp': '20260507210000', 'end_time_stamp': '20260507235959', 'minute_interval': 5}
2026-05-08 01:02:26,755 - root - INFO - Successfully upserted 1044 data points.
2026-05-08 01:02:26,758 - root - INFO - Fetching minute data with payload: {'ps_key_list': ['1479456_1_12_1', '1479456_1_11_1', '1479456_1_10_1', '1479456_1_9_1', '1479456_1_8_1', '1479456_1_7_1', '1479456_1_6_1', '1479456_1_2_2', '1479456_1_5_2', '1479456_1_1_2', '1479456_1_8_2', '1479456_1_1_1', '1479456_1_4_2', '1479456_1_3_2', '1479456_1_16_1', '1479456_1_15_1', '1479456_1_14_1', '1479456_1_13_1'], 'points': 'p1,p14,p24,p25,p4,p26,p18,p19,p20,p21,p22,p23,p27', 'start_time_stamp': '20260507150000', 'end_time_stamp': '20260507175959', 'minute_interval': 5}
2026-05-08 01:02:26,791 - root - INFO - Successfully upserted 1044 data points.
2026-05-08 01:02:26,794 - root - INFO - Fetching minute data with payload: {'ps_key_list': ['1479456_1_12_1', '1479456_1_11_1', '1479456_1_10_1', '1479456_1_9_1', '1479456_1_8_1', '1479456_1_7_1', '1479456_1_6_1', '1479456_1_2_2', '1479456_1_5_2', '1479456_1_1_2', '1479456_1_8_2', '1479456_1_1_1', '1479456_1_4_2', '1479456_1_3_2', '1479456_1_16_1', '1479456_1_15_1', '1479456_1_14_1', '1479456_1_13_1'], 'points': 'p1,p14,p24,p25,p4,p26,p18,p19,p20,p21,p22,p23,p27', 'start_time_stamp': '20260507180000', 'end_time_stamp': '20260507205959', 'minute_interval': 5}
2026-05-08 01:02:26,799 - root - INFO - Successfully upserted 1044 data points.
2026-05-08 01:02:26,807 - root - INFO - Fetching minute data with payload: {'ps_key_list': ['1479456_1_12_1', '1479456_1_11_1', '1479456_1_10_1', '1479456_1_9_1', '1479456_1_8_1', '1479456_1_7_1', '1479456_1_6_1', '1479456_1_2_2', '1479456_1_5_2', '1479456_1_1_2', '1479456_1_8_2', '1479456_1_1_1', '1479456_1_4_2', '1479456_1_3_2', '1479456_1_16_1', '1479456_1_15_1', '1479456_1_14_1', '1479456_1_13_1'], 'points': 'p1,p14,p24,p25,p4,p26,p18,p19,p20,p21,p22,p23,p27', 'start_time_stamp': '20260507120000', 'end_time_stamp': '20260507145959', 'minute_interval': 5}
2026-05-08 01:02:26,819 - root - INFO - Successfully upserted 1044 data points.
2026-05-08 01:02:26,821 - root - INFO - Fetching minute data with payload: {'ps_key_list': ['1479456_1_12_1', '1479456_1_11_1', '1479456_1_10_1', '1479456_1_9_1', '1479456_1_8_1', '1479456_1_7_1', '1479456_1_6_1', '1479456_1_2_2', '1479456_1_5_2', '1479456_1_1_2', '1479456_1_8_2', '1479456_1_1_1', '1479456_1_4_2', '1479456_1_3_2', '1479456_1_16_1', '1479456_1_15_1', '1479456_1_14_1', '1479456_1_13_1'], 'points': 'p1,p14,p24,p25,p4,p26,p18,p19,p20,p21,p22,p23,p27', 'start_time_stamp': '20260507000000', 'end_time_stamp': '20260507025959', 'minute_interval': 5}
2026-05-08 01:02:26,831 - root - INFO - Successfully upserted 1044 data points.
2026-05-08 01:02:26,833 - root - INFO - Successfully upserted 1044 data points.
2026-05-08 01:02:26,874 - root - INFO - Successfully upserted 1044 data points.
2026-05-08 01:02:26,907 - root - INFO - Fetching minute data with payload: {'ps_key_list': ['1479456_1_12_1', '1479456_1_11_1', '1479456_1_10_1', '1479456_1_9_1', '1479456_1_8_1', '1479456_1_7_1', '1479456_1_6_1', '1479456_1_2_2', '1479456_1_5_2', '1479456_1_1_2', '1479456_1_8_2', '1479456_1_1_1', '1479456_1_4_2', '1479456_1_3_2', '1479456_1_16_1', '1479456_1_15_1', '1479456_1_14_1', '1479456_1_13_1'], 'points': 'p1,p14,p24,p25,p4,p26,p18,p19,p20,p21,p22,p23,p27', 'start_time_stamp': '20260507090000', 'end_time_stamp': '20260507115959', 'minute_interval': 5}
2026-05-08 01:02:26,925 - root - INFO - Successfully upserted 791 data points.
2026-05-08 01:02:27,173 - root - INFO - Fetching minute data with payload: {'ps_key_list': ['1479456_1_12_1', '1479456_1_11_1', '1479456_1_10_1', '1479456_1_9_1', '1479456_1_8_1', '1479456_1_7_1', '1479456_1_6_1', '1479456_1_2_2', '1479456_1_5_2', '1479456_1_1_2', '1479456_1_8_2', '1479456_1_1_1', '1479456_1_4_2', '1479456_1_3_2', '1479456_1_16_1', '1479456_1_15_1', '1479456_1_14_1', '1479456_1_13_1'], 'points': 'p1,p14,p24,p25,p4,p26,p18,p19,p20,p21,p22,p23,p27', 'start_time_stamp': '20260507030000', 'end_time_stamp': '20260507055959', 'minute_interval': 5}
2026-05-08 01:02:27,182 - root - INFO - Fetching minute data with payload: {'ps_key_list': ['1479456_1_12_1', '1479456_1_11_1', '1479456_1_10_1', '1479456_1_9_1', '1479456_1_8_1', '1479456_1_7_1', '1479456_1_6_1', '1479456_1_2_2', '1479456_1_5_2', '1479456_1_1_2', '1479456_1_8_2', '1479456_1_1_1', '1479456_1_4_2', '1479456_1_3_2', '1479456_1_16_1', '1479456_1_15_1', '1479456_1_14_1', '1479456_1_13_1'], 'points': 'p1,p14,p24,p25,p4,p26,p18,p19,p20,p21,p22,p23,p27', 'start_time_stamp': '20260507060000', 'end_time_stamp': '20260507085959', 'minute_interval': 5}
2026-05-08 01:02:27,184 - root - INFO - Fetching minute data with payload: {'ps_key_list': ['1479456_1_12_1', '1479456_1_11_1', '1479456_1_10_1', '1479456_1_9_1', '1479456_1_8_1', '1479456_1_7_1', '1479456_1_6_1', '1479456_1_2_2', '1479456_1_5_2', '1479456_1_1_2', '1479456_1_8_2', '1479456_1_1_1', '1479456_1_4_2', '1479456_1_3_2', '1479456_1_16_1', '1479456_1_15_1', '1479456_1_14_1', '1479456_1_13_1'], 'points': 'p1,p14,p24,p25,p4,p26,p18,p19,p20,p21,p22,p23,p27', 'start_time_stamp': '20260507210000', 'end_time_stamp': '20260507235959', 'minute_interval': 5}
2026-05-08 01:02:30,755 - root - INFO - Successfully upserted 648 data points.
2026-05-08 01:02:30,756 - root - INFO - Successfully upserted 648 data points.
2026-05-08 01:02:30,757 - root - INFO - Fetching minute data with payload: {'ps_key_list': ['1763661_1_1_1', '1763661_1_4_1', '1763661_1_3_1', '1763661_1_34_1', '1763661_1_33_1', '1763661_1_32_1', '1763661_1_31_1', '1763661_1_30_1', '1763661_1_29_1', '1763661_1_28_1', '1763661_1_27_1', '1763661_1_26_1', '1763661_1_25_1', '1763661_1_6_1', '1763661_1_5_1', '1763661_1_8_1', '1763661_1_7_1', '1763661_1_9_1', '1763661_1_10_1', '1763661_1_2_1'], 'points': 'p1,p14,p24,p25,p4,p26,p18,p19,p20,p21,p22,p23,p27', 'start_time_stamp': '20260507060000', 'end_time_stamp': '20260507085959', 'minute_interval': 5}
2026-05-08 01:02:30,758 - root - INFO - Fetching minute data with payload: {'ps_key_list': ['1763661_1_1_1', '1763661_1_4_1', '1763661_1_3_1', '1763661_1_34_1', '1763661_1_33_1', '1763661_1_32_1', '1763661_1_31_1', '1763661_1_30_1', '1763661_1_29_1', '1763661_1_28_1', '1763661_1_27_1', '1763661_1_26_1', '1763661_1_25_1', '1763661_1_6_1', '1763661_1_5_1', '1763661_1_8_1', '1763661_1_7_1', '1763661_1_9_1', '1763661_1_10_1', '1763661_1_2_1'], 'points': 'p1,p14,p24,p25,p4,p26,p18,p19,p20,p21,p22,p23,p27', 'start_time_stamp': '20260507120000', 'end_time_stamp': '20260507145959', 'minute_interval': 5}
2026-05-08 01:02:30,951 - root - INFO - Successfully upserted 648 data points.
2026-05-08 01:02:30,999 - root - INFO - Fetching minute data with payload: {'ps_key_list': ['1763661_1_1_1', '1763661_1_4_1', '1763661_1_3_1', '1763661_1_34_1', '1763661_1_33_1', '1763661_1_32_1', '1763661_1_31_1', '1763661_1_30_1', '1763661_1_29_1', '1763661_1_28_1', '1763661_1_27_1', '1763661_1_26_1', '1763661_1_25_1', '1763661_1_6_1', '1763661_1_5_1', '1763661_1_8_1', '1763661_1_7_1', '1763661_1_9_1', '1763661_1_10_1', '1763661_1_2_1'], 'points': 'p1,p14,p24,p25,p4,p26,p18,p19,p20,p21,p22,p23,p27', 'start_time_stamp': '20260507030000', 'end_time_stamp': '20260507055959', 'minute_interval': 5}
2026-05-08 01:02:31,071 - root - INFO - Successfully upserted 648 data points.
2026-05-08 01:02:31,073 - root - INFO - Fetching minute data with payload: {'ps_key_list': ['1763661_1_1_1', '1763661_1_4_1', '1763661_1_3_1', '1763661_1_34_1', '1763661_1_33_1', '1763661_1_32_1', '1763661_1_31_1', '1763661_1_30_1', '1763661_1_29_1', '1763661_1_28_1', '1763661_1_27_1', '1763661_1_26_1', '1763661_1_25_1', '1763661_1_6_1', '1763661_1_5_1', '1763661_1_8_1', '1763661_1_7_1', '1763661_1_9_1', '1763661_1_10_1', '1763661_1_2_1'], 'points': 'p1,p14,p24,p25,p4,p26,p18,p19,p20,p21,p22,p23,p27', 'start_time_stamp': '20260507000000', 'end_time_stamp': '20260507025959', 'minute_interval': 5}
2026-05-08 01:02:31,077 - root - INFO - Successfully upserted 648 data points.
2026-05-08 01:02:31,080 - root - INFO - Fetching minute data with payload: {'ps_key_list': ['1763661_1_1_1', '1763661_1_4_1', '1763661_1_3_1', '1763661_1_34_1', '1763661_1_33_1', '1763661_1_32_1', '1763661_1_31_1', '1763661_1_30_1', '1763661_1_29_1', '1763661_1_28_1', '1763661_1_27_1', '1763661_1_26_1', '1763661_1_25_1', '1763661_1_6_1', '1763661_1_5_1', '1763661_1_8_1', '1763661_1_7_1', '1763661_1_9_1', '1763661_1_10_1', '1763661_1_2_1'], 'points': 'p1,p14,p24,p25,p4,p26,p18,p19,p20,p21,p22,p23,p27', 'start_time_stamp': '20260507180000', 'end_time_stamp': '20260507205959', 'minute_interval': 5}
2026-05-08 01:02:31,092 - root - INFO - Successfully upserted 648 data points.
2026-05-08 01:02:31,093 - root - INFO - Successfully upserted 648 data points.
2026-05-08 01:02:31,098 - root - INFO - Fetching minute data with payload: {'ps_key_list': ['1763661_1_1_1', '1763661_1_4_1', '1763661_1_3_1', '1763661_1_34_1', '1763661_1_33_1', '1763661_1_32_1', '1763661_1_31_1', '1763661_1_30_1', '1763661_1_29_1', '1763661_1_28_1', '1763661_1_27_1', '1763661_1_26_1', '1763661_1_25_1', '1763661_1_6_1', '1763661_1_5_1', '1763661_1_8_1', '1763661_1_7_1', '1763661_1_9_1', '1763661_1_10_1', '1763661_1_2_1'], 'points': 'p1,p14,p24,p25,p4,p26,p18,p19,p20,p21,p22,p23,p27', 'start_time_stamp': '20260507090000', 'end_time_stamp': '20260507115959', 'minute_interval': 5}
2026-05-08 01:02:31,100 - root - INFO - Fetching minute data with payload: {'ps_key_list': ['1763661_1_1_1', '1763661_1_4_1', '1763661_1_3_1', '1763661_1_34_1', '1763661_1_33_1', '1763661_1_32_1', '1763661_1_31_1', '1763661_1_30_1', '1763661_1_29_1', '1763661_1_28_1', '1763661_1_27_1', '1763661_1_26_1', '1763661_1_25_1', '1763661_1_6_1', '1763661_1_5_1', '1763661_1_8_1', '1763661_1_7_1', '1763661_1_9_1', '1763661_1_10_1', '1763661_1_2_1'], 'points': 'p1,p14,p24,p25,p4,p26,p18,p19,p20,p21,p22,p23,p27', 'start_time_stamp': '20260507150000', 'end_time_stamp': '20260507175959', 'minute_interval': 5}
2026-05-08 01:02:31,107 - root - INFO - Successfully upserted 648 data points.
2026-05-08 01:02:31,175 - root - INFO - Fetching minute data with payload: {'ps_key_list': ['1763661_1_1_1', '1763661_1_4_1', '1763661_1_3_1', '1763661_1_34_1', '1763661_1_33_1', '1763661_1_32_1', '1763661_1_31_1', '1763661_1_30_1', '1763661_1_29_1', '1763661_1_28_1', '1763661_1_27_1', '1763661_1_26_1', '1763661_1_25_1', '1763661_1_6_1', '1763661_1_5_1', '1763661_1_8_1', '1763661_1_7_1', '1763661_1_9_1', '1763661_1_10_1', '1763661_1_2_1'], 'points': 'p1,p14,p24,p25,p4,p26,p18,p19,p20,p21,p22,p23,p27', 'start_time_stamp': '20260507210000', 'end_time_stamp': '20260507235959', 'minute_interval': 5}
2026-05-08 01:02:34,392 - root - INFO - Successfully upserted 720 data points.
2026-05-08 01:02:34,394 - root - INFO - Fetching minute data with payload: {'ps_key_list': ['1637816_1_5_1', '1637816_1_7_1', '1637816_1_2_1', '1637816_1_1_1', '1637816_1_4_1', '1637816_1_3_1', '1637816_1_6_1'], 'points': 'p1,p14,p24,p25,p4,p26,p18,p19,p20,p21,p22,p23,p27', 'start_time_stamp': '20260507060000', 'end_time_stamp': '20260507085959', 'minute_interval': 5}
2026-05-08 01:02:34,869 - root - INFO - Successfully upserted 720 data points.
2026-05-08 01:02:34,870 - root - INFO - Fetching minute data with payload: {'ps_key_list': ['1637816_1_5_1', '1637816_1_7_1', '1637816_1_2_1', '1637816_1_1_1', '1637816_1_4_1', '1637816_1_3_1', '1637816_1_6_1'], 'points': 'p1,p14,p24,p25,p4,p26,p18,p19,p20,p21,p22,p23,p27', 'start_time_stamp': '20260507150000', 'end_time_stamp': '20260507175959', 'minute_interval': 5}
2026-05-08 01:02:34,924 - root - INFO - Successfully upserted 720 data points.
2026-05-08 01:02:34,927 - root - INFO - Fetching minute data with payload: {'ps_key_list': ['1637816_1_5_1', '1637816_1_7_1', '1637816_1_2_1', '1637816_1_1_1', '1637816_1_4_1', '1637816_1_3_1', '1637816_1_6_1'], 'points': 'p1,p14,p24,p25,p4,p26,p18,p19,p20,p21,p22,p23,p27', 'start_time_stamp': '20260507030000', 'end_time_stamp': '20260507055959', 'minute_interval': 5}
2026-05-08 01:02:35,006 - root - INFO - Successfully upserted 720 data points.
2026-05-08 01:02:35,035 - root - INFO - Successfully upserted 720 data points.
2026-05-08 01:02:35,055 - root - INFO - Fetching minute data with payload: {'ps_key_list': ['1637816_1_5_1', '1637816_1_7_1', '1637816_1_2_1', '1637816_1_1_1', '1637816_1_4_1', '1637816_1_3_1', '1637816_1_6_1'], 'points': 'p1,p14,p24,p25,p4,p26,p18,p19,p20,p21,p22,p23,p27', 'start_time_stamp': '20260507090000', 'end_time_stamp': '20260507115959', 'minute_interval': 5}
2026-05-08 01:02:35,072 - root - INFO - Successfully upserted 720 data points.
2026-05-08 01:02:35,073 - root - INFO - Fetching minute data with payload: {'ps_key_list': ['1637816_1_5_1', '1637816_1_7_1', '1637816_1_2_1', '1637816_1_1_1', '1637816_1_4_1', '1637816_1_3_1', '1637816_1_6_1'], 'points': 'p1,p14,p24,p25,p4,p26,p18,p19,p20,p21,p22,p23,p27', 'start_time_stamp': '20260507000000', 'end_time_stamp': '20260507025959', 'minute_interval': 5}
2026-05-08 01:02:35,081 - root - INFO - Successfully upserted 610 data points.
2026-05-08 01:02:35,083 - root - INFO - Fetching minute data with payload: {'ps_key_list': ['1637816_1_5_1', '1637816_1_7_1', '1637816_1_2_1', '1637816_1_1_1', '1637816_1_4_1', '1637816_1_3_1', '1637816_1_6_1'], 'points': 'p1,p14,p24,p25,p4,p26,p18,p19,p20,p21,p22,p23,p27', 'start_time_stamp': '20260507180000', 'end_time_stamp': '20260507205959', 'minute_interval': 5}
2026-05-08 01:02:35,116 - root - INFO - Successfully upserted 720 data points.
2026-05-08 01:02:35,125 - root - INFO - Fetching minute data with payload: {'ps_key_list': ['1637816_1_5_1', '1637816_1_7_1', '1637816_1_2_1', '1637816_1_1_1', '1637816_1_4_1', '1637816_1_3_1', '1637816_1_6_1'], 'points': 'p1,p14,p24,p25,p4,p26,p18,p19,p20,p21,p22,p23,p27', 'start_time_stamp': '20260507210000', 'end_time_stamp': '20260507235959', 'minute_interval': 5}
2026-05-08 01:02:35,127 - root - INFO - Fetching minute data with payload: {'ps_key_list': ['1637816_1_5_1', '1637816_1_7_1', '1637816_1_2_1', '1637816_1_1_1', '1637816_1_4_1', '1637816_1_3_1', '1637816_1_6_1'], 'points': 'p1,p14,p24,p25,p4,p26,p18,p19,p20,p21,p22,p23,p27', 'start_time_stamp': '20260507120000', 'end_time_stamp': '20260507145959', 'minute_interval': 5}
2026-05-08 01:02:37,214 - root - INFO - Successfully upserted 252 data points.
2026-05-08 01:02:37,214 - root - INFO - Fetching minute data with payload: {'ps_key_list': ['1637095_1_4_1', '1637095_1_7_1', '1637095_1_3_1', '1637095_1_6_1', '1637095_1_2_1', '1637095_1_9_1', '1637095_1_5_1', '1637095_1_1_1', '1637095_1_10_1', '1637095_1_8_1'], 'points': 'p1,p14,p24,p25,p4,p26,p18,p19,p20,p21,p22,p23,p27', 'start_time_stamp': '20260507060000', 'end_time_stamp': '20260507085959', 'minute_interval': 5}
2026-05-08 01:02:37,890 - root - INFO - Successfully upserted 252 data points.
2026-05-08 01:02:37,890 - root - INFO - Fetching minute data with payload: {'ps_key_list': ['1637095_1_4_1', '1637095_1_7_1', '1637095_1_3_1', '1637095_1_6_1', '1637095_1_2_1', '1637095_1_9_1', '1637095_1_5_1', '1637095_1_1_1', '1637095_1_10_1', '1637095_1_8_1'], 'points': 'p1,p14,p24,p25,p4,p26,p18,p19,p20,p21,p22,p23,p27', 'start_time_stamp': '20260507150000', 'end_time_stamp': '20260507175959', 'minute_interval': 5}
2026-05-08 01:02:37,991 - root - INFO - Successfully upserted 252 data points.
2026-05-08 01:02:37,992 - root - INFO - Fetching minute data with payload: {'ps_key_list': ['1637095_1_4_1', '1637095_1_7_1', '1637095_1_3_1', '1637095_1_6_1', '1637095_1_2_1', '1637095_1_9_1', '1637095_1_5_1', '1637095_1_1_1', '1637095_1_10_1', '1637095_1_8_1'], 'points': 'p1,p14,p24,p25,p4,p26,p18,p19,p20,p21,p22,p23,p27', 'start_time_stamp': '20260507030000', 'end_time_stamp': '20260507055959', 'minute_interval': 5}
2026-05-08 01:02:38,088 - root - INFO - Successfully upserted 252 data points.
2026-05-08 01:02:38,090 - root - INFO - Successfully upserted 252 data points.
2026-05-08 01:02:38,093 - root - INFO - Fetching minute data with payload: {'ps_key_list': ['1637095_1_4_1', '1637095_1_7_1', '1637095_1_3_1', '1637095_1_6_1', '1637095_1_2_1', '1637095_1_9_1', '1637095_1_5_1', '1637095_1_1_1', '1637095_1_10_1', '1637095_1_8_1'], 'points': 'p1,p14,p24,p25,p4,p26,p18,p19,p20,p21,p22,p23,p27', 'start_time_stamp': '20260507000000', 'end_time_stamp': '20260507025959', 'minute_interval': 5}
2026-05-08 01:02:38,097 - root - INFO - Fetching minute data with payload: {'ps_key_list': ['1637095_1_4_1', '1637095_1_7_1', '1637095_1_3_1', '1637095_1_6_1', '1637095_1_2_1', '1637095_1_9_1', '1637095_1_5_1', '1637095_1_1_1', '1637095_1_10_1', '1637095_1_8_1'], 'points': 'p1,p14,p24,p25,p4,p26,p18,p19,p20,p21,p22,p23,p27', 'start_time_stamp': '20260507180000', 'end_time_stamp': '20260507205959', 'minute_interval': 5}
2026-05-08 01:02:38,180 - root - INFO - Successfully upserted 252 data points.
2026-05-08 01:02:38,191 - root - INFO - Successfully upserted 252 data points.
2026-05-08 01:02:38,194 - root - INFO - Fetching minute data with payload: {'ps_key_list': ['1637095_1_4_1', '1637095_1_7_1', '1637095_1_3_1', '1637095_1_6_1', '1637095_1_2_1', '1637095_1_9_1', '1637095_1_5_1', '1637095_1_1_1', '1637095_1_10_1', '1637095_1_8_1'], 'points': 'p1,p14,p24,p25,p4,p26,p18,p19,p20,p21,p22,p23,p27', 'start_time_stamp': '20260507090000', 'end_time_stamp': '20260507115959', 'minute_interval': 5}
2026-05-08 01:02:38,194 - root - INFO - Fetching minute data with payload: {'ps_key_list': ['1637095_1_4_1', '1637095_1_7_1', '1637095_1_3_1', '1637095_1_6_1', '1637095_1_2_1', '1637095_1_9_1', '1637095_1_5_1', '1637095_1_1_1', '1637095_1_10_1', '1637095_1_8_1'], 'points': 'p1,p14,p24,p25,p4,p26,p18,p19,p20,p21,p22,p23,p27', 'start_time_stamp': '20260507120000', 'end_time_stamp': '20260507145959', 'minute_interval': 5}
2026-05-08 01:02:38,326 - root - INFO - Successfully upserted 175 data points.
2026-05-08 01:02:38,394 - root - INFO - Fetching minute data with payload: {'ps_key_list': ['1637095_1_4_1', '1637095_1_7_1', '1637095_1_3_1', '1637095_1_6_1', '1637095_1_2_1', '1637095_1_9_1', '1637095_1_5_1', '1637095_1_1_1', '1637095_1_10_1', '1637095_1_8_1'], 'points': 'p1,p14,p24,p25,p4,p26,p18,p19,p20,p21,p22,p23,p27', 'start_time_stamp': '20260507210000', 'end_time_stamp': '20260507235959', 'minute_interval': 5}
2026-05-08 01:02:38,968 - root - INFO - Retrying API request after rate limit wait...
2026-05-08 01:02:38,968 - root - INFO - Making API request to: https://sg5.fusionsolar.huawei.com/rest/openapi/pvms/nbi/v1/device/history
2026-05-08 01:02:38,969 - root - INFO - Request payload: {'devDn': 'NE=61913834', 'devTypeId': 17, 'startTime': 1778086800000, 'endTime': 1778173199000}
2026-05-08 01:02:39,406 - root - INFO - Response status code: 200
2026-05-08 01:02:39,406 - root - INFO - API response from https://sg5.fusionsolar.huawei.com/rest/openapi/pvms/nbi/v1/device/history (truncated): {'failCode': 0, 'success': True, 'message': 'historical data information query successful.', 'data': []}
2026-05-08 01:02:39,412 - root - INFO - API Response type: <class 'dict'>
2026-05-08 01:02:39,412 - root - INFO - API Response keys: ['failCode', 'success', 'message', 'data']
2026-05-08 01:02:39,412 - root - INFO - API Response data is a list with 0 items
2026-05-08 01:02:39,413 - root - INFO - API Response has failCode: 0, message: historical data information query successful.
2026-05-08 01:02:39,413 - root - INFO - Using alternate response format: data as list
2026-05-08 01:02:39,413 - root - INFO - No data points returned for the query period
2026-05-08 01:02:39,413 - root - INFO - Using single devDn for device/history (API: one device per query)
2026-05-08 01:02:39,416 - root - INFO - Fetching historical data for 1 devices of type meter
2026-05-08 01:02:39,417 - root - INFO - Making API request to: https://sg5.fusionsolar.huawei.com/rest/openapi/pvms/nbi/v1/device/history
2026-05-08 01:02:39,418 - root - INFO - Request payload: {'devDn': 'NE=61851550', 'devTypeId': 17, 'startTime': 1778086800000, 'endTime': 1778173199000}
2026-05-08 01:02:39,745 - root - INFO - Response status code: 200
2026-05-08 01:02:39,745 - root - INFO - API response from https://sg5.fusionsolar.huawei.com/rest/openapi/pvms/nbi/v1/device/history (truncated): {'failCode': 407, 'success': False, 'message': 'Interface access frequency:0.39333333333333337/1second', 'data': []}
2026-05-08 01:02:39,746 - root - WARNING - API access frequency too high. Waiting 30 seconds before retry...
2026-05-08 01:02:39,917 - root - INFO - Successfully upserted 360 data points.
2026-05-08 01:02:39,917 - root - INFO - Fetching minute data with payload: {'ps_key_list': ['1614122_1_3_1', '1614122_1_7_1', '1614122_1_4_1', '1614122_1_2_1', '1614122_1_1_1', '1614122_1_6_1', '1614122_1_5_1'], 'points': 'p1,p14,p24,p25,p4,p26,p18,p19,p20,p21,p22,p23,p27', 'start_time_stamp': '20260507060000', 'end_time_stamp': '20260507085959', 'minute_interval': 5}
2026-05-08 01:02:40,881 - root - INFO - Successfully upserted 360 data points.
2026-05-08 01:02:40,881 - root - INFO - Fetching minute data with payload: {'ps_key_list': ['1614122_1_3_1', '1614122_1_7_1', '1614122_1_4_1', '1614122_1_2_1', '1614122_1_1_1', '1614122_1_6_1', '1614122_1_5_1'], 'points': 'p1,p14,p24,p25,p4,p26,p18,p19,p20,p21,p22,p23,p27', 'start_time_stamp': '20260507150000', 'end_time_stamp': '20260507175959', 'minute_interval': 5}
2026-05-08 01:02:40,921 - root - INFO - Successfully upserted 360 data points.
2026-05-08 01:02:40,921 - root - INFO - Fetching minute data with payload: {'ps_key_list': ['1614122_1_3_1', '1614122_1_7_1', '1614122_1_4_1', '1614122_1_2_1', '1614122_1_1_1', '1614122_1_6_1', '1614122_1_5_1'], 'points': 'p1,p14,p24,p25,p4,p26,p18,p19,p20,p21,p22,p23,p27', 'start_time_stamp': '20260507030000', 'end_time_stamp': '20260507055959', 'minute_interval': 5}
2026-05-08 01:02:41,142 - root - INFO - Successfully upserted 360 data points.
2026-05-08 01:02:41,212 - root - INFO - Fetching minute data with payload: {'ps_key_list': ['1614122_1_3_1', '1614122_1_7_1', '1614122_1_4_1', '1614122_1_2_1', '1614122_1_1_1', '1614122_1_6_1', '1614122_1_5_1'], 'points': 'p1,p14,p24,p25,p4,p26,p18,p19,p20,p21,p22,p23,p27', 'start_time_stamp': '20260507180000', 'end_time_stamp': '20260507205959', 'minute_interval': 5}
2026-05-08 01:02:41,221 - root - INFO - Successfully upserted 360 data points.
2026-05-08 01:02:41,232 - root - INFO - Successfully upserted 360 data points.
2026-05-08 01:02:41,247 - root - INFO - Fetching minute data with payload: {'ps_key_list': ['1614122_1_3_1', '1614122_1_7_1', '1614122_1_4_1', '1614122_1_2_1', '1614122_1_1_1', '1614122_1_6_1', '1614122_1_5_1'], 'points': 'p1,p14,p24,p25,p4,p26,p18,p19,p20,p21,p22,p23,p27', 'start_time_stamp': '20260507000000', 'end_time_stamp': '20260507025959', 'minute_interval': 5}
2026-05-08 01:02:41,248 - root - INFO - Fetching minute data with payload: {'ps_key_list': ['1614122_1_3_1', '1614122_1_7_1', '1614122_1_4_1', '1614122_1_2_1', '1614122_1_1_1', '1614122_1_6_1', '1614122_1_5_1'], 'points': 'p1,p14,p24,p25,p4,p26,p18,p19,p20,p21,p22,p23,p27', 'start_time_stamp': '20260507090000', 'end_time_stamp': '20260507115959', 'minute_interval': 5}
2026-05-08 01:02:41,303 - root - INFO - Successfully upserted 360 data points.
2026-05-08 01:02:41,339 - root - INFO - Fetching minute data with payload: {'ps_key_list': ['1614122_1_3_1', '1614122_1_7_1', '1614122_1_4_1', '1614122_1_2_1', '1614122_1_1_1', '1614122_1_6_1', '1614122_1_5_1'], 'points': 'p1,p14,p24,p25,p4,p26,p18,p19,p20,p21,p22,p23,p27', 'start_time_stamp': '20260507210000', 'end_time_stamp': '20260507235959', 'minute_interval': 5}
2026-05-08 01:02:41,369 - root - INFO - Successfully upserted 360 data points.
2026-05-08 01:02:41,369 - root - INFO - Fetching minute data with payload: {'ps_key_list': ['1614122_1_3_1', '1614122_1_7_1', '1614122_1_4_1', '1614122_1_2_1', '1614122_1_1_1', '1614122_1_6_1', '1614122_1_5_1'], 'points': 'p1,p14,p24,p25,p4,p26,p18,p19,p20,p21,p22,p23,p27', 'start_time_stamp': '20260507120000', 'end_time_stamp': '20260507145959', 'minute_interval': 5}
2026-05-08 01:02:42,580 - root - INFO - Successfully upserted 252 data points.
2026-05-08 01:02:42,581 - root - INFO - Fetching minute data with payload: {'ps_key_list': ['1731512_1_2_1'], 'points': 'p1,p14,p24,p25,p4,p26,p18,p19,p20,p21,p22,p23,p27', 'start_time_stamp': '20260507060000', 'end_time_stamp': '20260507085959', 'minute_interval': 5}
2026-05-08 01:02:43,784 - root - INFO - Successfully upserted 252 data points.
2026-05-08 01:02:43,784 - root - INFO - Fetching minute data with payload: {'ps_key_list': ['1731512_1_2_1'], 'points': 'p1,p14,p24,p25,p4,p26,p18,p19,p20,p21,p22,p23,p27', 'start_time_stamp': '20260507150000', 'end_time_stamp': '20260507175959', 'minute_interval': 5}
2026-05-08 01:02:43,829 - root - INFO - Successfully upserted 252 data points.
2026-05-08 01:02:43,829 - root - INFO - Fetching minute data with payload: {'ps_key_list': ['1731512_1_2_1'], 'points': 'p1,p14,p24,p25,p4,p26,p18,p19,p20,p21,p22,p23,p27', 'start_time_stamp': '20260507030000', 'end_time_stamp': '20260507055959', 'minute_interval': 5}
2026-05-08 01:02:44,116 - root - INFO - Successfully upserted 252 data points.
2026-05-08 01:02:44,116 - root - INFO - Fetching minute data with payload: {'ps_key_list': ['1731512_1_2_1'], 'points': 'p1,p14,p24,p25,p4,p26,p18,p19,p20,p21,p22,p23,p27', 'start_time_stamp': '20260507180000', 'end_time_stamp': '20260507205959', 'minute_interval': 5}
2026-05-08 01:02:44,273 - root - INFO - Successfully upserted 252 data points.
2026-05-08 01:02:44,274 - root - INFO - Successfully upserted 252 data points.
2026-05-08 01:02:44,275 - root - INFO - Fetching minute data with payload: {'ps_key_list': ['1731512_1_2_1'], 'points': 'p1,p14,p24,p25,p4,p26,p18,p19,p20,p21,p22,p23,p27', 'start_time_stamp': '20260507210000', 'end_time_stamp': '20260507235959', 'minute_interval': 5}
2026-05-08 01:02:44,275 - root - INFO - Fetching minute data with payload: {'ps_key_list': ['1731512_1_2_1'], 'points': 'p1,p14,p24,p25,p4,p26,p18,p19,p20,p21,p22,p23,p27', 'start_time_stamp': '20260507000000', 'end_time_stamp': '20260507025959', 'minute_interval': 5}
2026-05-08 01:02:44,319 - root - INFO - Successfully upserted 252 data points.
2026-05-08 01:02:44,360 - root - INFO - Successfully upserted 252 data points.
2026-05-08 01:02:44,362 - root - INFO - Fetching minute data with payload: {'ps_key_list': ['1731512_1_2_1'], 'points': 'p1,p14,p24,p25,p4,p26,p18,p19,p20,p21,p22,p23,p27', 'start_time_stamp': '20260507120000', 'end_time_stamp': '20260507145959', 'minute_interval': 5}
2026-05-08 01:02:44,363 - root - INFO - Fetching minute data with payload: {'ps_key_list': ['1731512_1_2_1'], 'points': 'p1,p14,p24,p25,p4,p26,p18,p19,p20,p21,p22,p23,p27', 'start_time_stamp': '20260507090000', 'end_time_stamp': '20260507115959', 'minute_interval': 5}
2026-05-08 01:02:45,205 - root - INFO - Successfully upserted 36 data points.
2026-05-08 01:02:45,206 - root - INFO - Fetching minute data with payload: {'ps_key_list': ['1730375_1_3_1', '1730375_1_1_1'], 'points': 'p1,p14,p24,p25,p4,p26,p18,p19,p20,p21,p22,p23,p27', 'start_time_stamp': '20260507060000', 'end_time_stamp': '20260507085959', 'minute_interval': 5}
2026-05-08 01:02:46,375 - root - INFO - Successfully upserted 36 data points.
2026-05-08 01:02:46,376 - root - INFO - Fetching minute data with payload: {'ps_key_list': ['1730375_1_3_1', '1730375_1_1_1'], 'points': 'p1,p14,p24,p25,p4,p26,p18,p19,p20,p21,p22,p23,p27', 'start_time_stamp': '20260507150000', 'end_time_stamp': '20260507175959', 'minute_interval': 5}
2026-05-08 01:02:46,669 - root - INFO - Successfully upserted 36 data points.
2026-05-08 01:02:46,669 - root - INFO - Fetching minute data with payload: {'ps_key_list': ['1730375_1_3_1', '1730375_1_1_1'], 'points': 'p1,p14,p24,p25,p4,p26,p18,p19,p20,p21,p22,p23,p27', 'start_time_stamp': '20260507030000', 'end_time_stamp': '20260507055959', 'minute_interval': 5}
2026-05-08 01:02:46,785 - root - INFO - Successfully upserted 36 data points.
2026-05-08 01:02:46,785 - root - INFO - Fetching minute data with payload: {'ps_key_list': ['1730375_1_3_1', '1730375_1_1_1'], 'points': 'p1,p14,p24,p25,p4,p26,p18,p19,p20,p21,p22,p23,p27', 'start_time_stamp': '20260507180000', 'end_time_stamp': '20260507205959', 'minute_interval': 5}
2026-05-08 01:02:47,011 - root - INFO - Successfully upserted 36 data points.
2026-05-08 01:02:47,011 - root - INFO - Fetching minute data with payload: {'ps_key_list': ['1730375_1_3_1', '1730375_1_1_1'], 'points': 'p1,p14,p24,p25,p4,p26,p18,p19,p20,p21,p22,p23,p27', 'start_time_stamp': '20260507120000', 'end_time_stamp': '20260507145959', 'minute_interval': 5}
2026-05-08 01:02:47,040 - root - INFO - Successfully upserted 36 data points.
2026-05-08 01:02:47,041 - root - INFO - Fetching minute data with payload: {'ps_key_list': ['1730375_1_3_1', '1730375_1_1_1'], 'points': 'p1,p14,p24,p25,p4,p26,p18,p19,p20,p21,p22,p23,p27', 'start_time_stamp': '20260507000000', 'end_time_stamp': '20260507025959', 'minute_interval': 5}
2026-05-08 01:02:47,041 - root - INFO - Successfully upserted 36 data points.
2026-05-08 01:02:47,042 - root - INFO - Fetching minute data with payload: {'ps_key_list': ['1730375_1_3_1', '1730375_1_1_1'], 'points': 'p1,p14,p24,p25,p4,p26,p18,p19,p20,p21,p22,p23,p27', 'start_time_stamp': '20260507210000', 'end_time_stamp': '20260507235959', 'minute_interval': 5}
2026-05-08 01:02:47,116 - root - INFO - Successfully upserted 36 data points.
2026-05-08 01:02:47,117 - root - INFO - Fetching minute data with payload: {'ps_key_list': ['1730375_1_3_1', '1730375_1_1_1'], 'points': 'p1,p14,p24,p25,p4,p26,p18,p19,p20,p21,p22,p23,p27', 'start_time_stamp': '20260507090000', 'end_time_stamp': '20260507115959', 'minute_interval': 5}
2026-05-08 01:02:47,763 - root - INFO - Successfully upserted 72 data points.
2026-05-08 01:02:47,763 - root - INFO - Fetching minute data with payload: {'ps_key_list': ['1728142_1_1_1'], 'points': 'p1,p14,p24,p25,p4,p26,p18,p19,p20,p21,p22,p23,p27', 'start_time_stamp': '20260507060000', 'end_time_stamp': '20260507085959', 'minute_interval': 5}
2026-05-08 01:02:48,905 - root - INFO - Successfully upserted 72 data points.
2026-05-08 01:02:48,906 - root - INFO - Fetching minute data with payload: {'ps_key_list': ['1728142_1_1_1'], 'points': 'p1,p14,p24,p25,p4,p26,p18,p19,p20,p21,p22,p23,p27', 'start_time_stamp': '20260507150000', 'end_time_stamp': '20260507175959', 'minute_interval': 5}
2026-05-08 01:02:49,421 - root - INFO - Successfully upserted 72 data points.
2026-05-08 01:02:49,421 - root - INFO - Fetching minute data with payload: {'ps_key_list': ['1728142_1_1_1'], 'points': 'p1,p14,p24,p25,p4,p26,p18,p19,p20,p21,p22,p23,p27', 'start_time_stamp': '20260507180000', 'end_time_stamp': '20260507205959', 'minute_interval': 5}
2026-05-08 01:02:49,449 - root - INFO - Successfully upserted 72 data points.
2026-05-08 01:02:49,450 - root - INFO - Fetching minute data with payload: {'ps_key_list': ['1728142_1_1_1'], 'points': 'p1,p14,p24,p25,p4,p26,p18,p19,p20,p21,p22,p23,p27', 'start_time_stamp': '20260507030000', 'end_time_stamp': '20260507055959', 'minute_interval': 5}
2026-05-08 01:02:49,797 - root - INFO - Successfully upserted 72 data points.
2026-05-08 01:02:49,797 - root - INFO - Fetching minute data with payload: {'ps_key_list': ['1728142_1_1_1'], 'points': 'p1,p14,p24,p25,p4,p26,p18,p19,p20,p21,p22,p23,p27', 'start_time_stamp': '20260507120000', 'end_time_stamp': '20260507145959', 'minute_interval': 5}
2026-05-08 01:02:49,806 - root - INFO - Successfully upserted 72 data points.
2026-05-08 01:02:49,806 - root - INFO - Fetching minute data with payload: {'ps_key_list': ['1728142_1_1_1'], 'points': 'p1,p14,p24,p25,p4,p26,p18,p19,p20,p21,p22,p23,p27', 'start_time_stamp': '20260507000000', 'end_time_stamp': '20260507025959', 'minute_interval': 5}
2026-05-08 01:02:49,916 - root - INFO - Successfully upserted 50 data points.
2026-05-08 01:02:49,917 - root - INFO - Fetching minute data with payload: {'ps_key_list': ['1728142_1_1_1'], 'points': 'p1,p14,p24,p25,p4,p26,p18,p19,p20,p21,p22,p23,p27', 'start_time_stamp': '20260507210000', 'end_time_stamp': '20260507235959', 'minute_interval': 5}
2026-05-08 01:02:49,927 - root - INFO - Successfully upserted 72 data points.
2026-05-08 01:02:49,928 - root - INFO - Fetching minute data with payload: {'ps_key_list': ['1728142_1_1_1'], 'points': 'p1,p14,p24,p25,p4,p26,p18,p19,p20,p21,p22,p23,p27', 'start_time_stamp': '20260507090000', 'end_time_stamp': '20260507115959', 'minute_interval': 5}
2026-05-08 01:02:50,919 - root - INFO - Successfully upserted 36 data points.
2026-05-08 01:02:50,919 - root - INFO - Fetching minute data with payload: {'ps_key_list': ['1723575_1_3_1'], 'points': 'p1,p14,p24,p25,p4,p26,p18,p19,p20,p21,p22,p23,p27', 'start_time_stamp': '20260507060000', 'end_time_stamp': '20260507085959', 'minute_interval': 5}
2026-05-08 01:02:51,930 - root - INFO - Successfully upserted 36 data points.
2026-05-08 01:02:51,930 - root - INFO - Fetching minute data with payload: {'ps_key_list': ['1723575_1_3_1'], 'points': 'p1,p14,p24,p25,p4,p26,p18,p19,p20,p21,p22,p23,p27', 'start_time_stamp': '20260507150000', 'end_time_stamp': '20260507175959', 'minute_interval': 5}
2026-05-08 01:02:52,196 - root - INFO - Successfully upserted 36 data points.
2026-05-08 01:02:52,197 - root - INFO - Fetching minute data with payload: {'ps_key_list': ['1723575_1_3_1'], 'points': 'p1,p14,p24,p25,p4,p26,p18,p19,p20,p21,p22,p23,p27', 'start_time_stamp': '20260507180000', 'end_time_stamp': '20260507205959', 'minute_interval': 5}
2026-05-08 01:02:52,199 - root - INFO - Successfully upserted 36 data points.
2026-05-08 01:02:52,199 - root - INFO - Fetching minute data with payload: {'ps_key_list': ['1723575_1_3_1'], 'points': 'p1,p14,p24,p25,p4,p26,p18,p19,p20,p21,p22,p23,p27', 'start_time_stamp': '20260507030000', 'end_time_stamp': '20260507055959', 'minute_interval': 5}
2026-05-08 01:02:52,507 - root - INFO - Successfully upserted 36 data points.
2026-05-08 01:02:52,507 - root - INFO - Fetching minute data with payload: {'ps_key_list': ['1723575_1_3_1'], 'points': 'p1,p14,p24,p25,p4,p26,p18,p19,p20,p21,p22,p23,p27', 'start_time_stamp': '20260507120000', 'end_time_stamp': '20260507145959', 'minute_interval': 5}
2026-05-08 01:02:52,547 - root - INFO - Successfully upserted 36 data points.
2026-05-08 01:02:52,547 - root - INFO - Fetching minute data with payload: {'ps_key_list': ['1723575_1_3_1'], 'points': 'p1,p14,p24,p25,p4,p26,p18,p19,p20,p21,p22,p23,p27', 'start_time_stamp': '20260507000000', 'end_time_stamp': '20260507025959', 'minute_interval': 5}
2026-05-08 01:02:52,616 - root - INFO - Successfully upserted 36 data points.
2026-05-08 01:02:52,639 - root - INFO - Fetching minute data with payload: {'ps_key_list': ['1723575_1_3_1'], 'points': 'p1,p14,p24,p25,p4,p26,p18,p19,p20,p21,p22,p23,p27', 'start_time_stamp': '20260507210000', 'end_time_stamp': '20260507235959', 'minute_interval': 5}
2026-05-08 01:02:52,642 - root - INFO - Successfully upserted 36 data points.
2026-05-08 01:02:52,642 - root - INFO - Fetching minute data with payload: {'ps_key_list': ['1723575_1_3_1'], 'points': 'p1,p14,p24,p25,p4,p26,p18,p19,p20,p21,p22,p23,p27', 'start_time_stamp': '20260507090000', 'end_time_stamp': '20260507115959', 'minute_interval': 5}
2026-05-08 01:02:53,468 - root - INFO - Successfully upserted 36 data points.
2026-05-08 01:02:53,468 - root - INFO - Fetching minute data with payload: {'ps_key_list': ['1722752_1_1_1'], 'points': 'p1,p14,p24,p25,p4,p26,p18,p19,p20,p21,p22,p23,p27', 'start_time_stamp': '20260507060000', 'end_time_stamp': '20260507085959', 'minute_interval': 5}
2026-05-08 01:02:54,389 - root - INFO - Successfully upserted 36 data points.
2026-05-08 01:02:54,389 - root - INFO - Fetching minute data with payload: {'ps_key_list': ['1722752_1_1_1'], 'points': 'p1,p14,p24,p25,p4,p26,p18,p19,p20,p21,p22,p23,p27', 'start_time_stamp': '20260507150000', 'end_time_stamp': '20260507175959', 'minute_interval': 5}
2026-05-08 01:02:54,890 - root - INFO - Successfully upserted 36 data points.
2026-05-08 01:02:54,890 - root - INFO - Fetching minute data with payload: {'ps_key_list': ['1722752_1_1_1'], 'points': 'p1,p14,p24,p25,p4,p26,p18,p19,p20,p21,p22,p23,p27', 'start_time_stamp': '20260507180000', 'end_time_stamp': '20260507205959', 'minute_interval': 5}
2026-05-08 01:02:54,891 - root - INFO - Successfully upserted 36 data points.
2026-05-08 01:02:54,892 - root - INFO - Fetching minute data with payload: {'ps_key_list': ['1722752_1_1_1'], 'points': 'p1,p14,p24,p25,p4,p26,p18,p19,p20,p21,p22,p23,p27', 'start_time_stamp': '20260507030000', 'end_time_stamp': '20260507055959', 'minute_interval': 5}
2026-05-08 01:02:55,207 - root - INFO - Successfully upserted 36 data points.
2026-05-08 01:02:55,207 - root - INFO - Fetching minute data with payload: {'ps_key_list': ['1722752_1_1_1'], 'points': 'p1,p14,p24,p25,p4,p26,p18,p19,p20,p21,p22,p23,p27', 'start_time_stamp': '20260507120000', 'end_time_stamp': '20260507145959', 'minute_interval': 5}
2026-05-08 01:02:55,238 - root - INFO - Successfully upserted 36 data points.
2026-05-08 01:02:55,239 - root - INFO - Fetching minute data with payload: {'ps_key_list': ['1722752_1_1_1'], 'points': 'p1,p14,p24,p25,p4,p26,p18,p19,p20,p21,p22,p23,p27', 'start_time_stamp': '20260507000000', 'end_time_stamp': '20260507025959', 'minute_interval': 5}
2026-05-08 01:02:55,259 - root - INFO - Successfully upserted 36 data points.
2026-05-08 01:02:55,259 - root - INFO - Fetching minute data with payload: {'ps_key_list': ['1722752_1_1_1'], 'points': 'p1,p14,p24,p25,p4,p26,p18,p19,p20,p21,p22,p23,p27', 'start_time_stamp': '20260507210000', 'end_time_stamp': '20260507235959', 'minute_interval': 5}
2026-05-08 01:02:55,348 - root - INFO - Successfully upserted 36 data points.
2026-05-08 01:02:55,350 - root - INFO - Fetching minute data with payload: {'ps_key_list': ['1722752_1_1_1'], 'points': 'p1,p14,p24,p25,p4,p26,p18,p19,p20,p21,p22,p23,p27', 'start_time_stamp': '20260507090000', 'end_time_stamp': '20260507115959', 'minute_interval': 5}
2026-05-08 01:02:56,202 - root - INFO - Successfully upserted 36 data points.
2026-05-08 01:02:56,202 - root - INFO - Fetching minute data with payload: {'ps_key_list': ['1734912_1_1_1'], 'points': 'p1,p14,p24,p25,p4,p26,p18,p19,p20,p21,p22,p23,p27', 'start_time_stamp': '20260507060000', 'end_time_stamp': '20260507085959', 'minute_interval': 5}
2026-05-08 01:02:56,929 - root - INFO - Successfully upserted 36 data points.
2026-05-08 01:02:56,929 - root - INFO - Fetching minute data with payload: {'ps_key_list': ['1734912_1_1_1'], 'points': 'p1,p14,p24,p25,p4,p26,p18,p19,p20,p21,p22,p23,p27', 'start_time_stamp': '20260507150000', 'end_time_stamp': '20260507175959', 'minute_interval': 5}
2026-05-08 01:02:57,607 - root - INFO - Successfully upserted 36 data points.
2026-05-08 01:02:57,607 - root - INFO - Fetching minute data with payload: {'ps_key_list': ['1734912_1_1_1'], 'points': 'p1,p14,p24,p25,p4,p26,p18,p19,p20,p21,p22,p23,p27', 'start_time_stamp': '20260507180000', 'end_time_stamp': '20260507205959', 'minute_interval': 5}
2026-05-08 01:02:57,612 - root - INFO - Successfully upserted 36 data points.
2026-05-08 01:02:57,613 - root - INFO - Fetching minute data with payload: {'ps_key_list': ['1734912_1_1_1'], 'points': 'p1,p14,p24,p25,p4,p26,p18,p19,p20,p21,p22,p23,p27', 'start_time_stamp': '20260507030000', 'end_time_stamp': '20260507055959', 'minute_interval': 5}
2026-05-08 01:02:57,900 - root - INFO - Successfully upserted 36 data points.
2026-05-08 01:02:57,900 - root - INFO - Fetching minute data with payload: {'ps_key_list': ['1734912_1_1_1'], 'points': 'p1,p14,p24,p25,p4,p26,p18,p19,p20,p21,p22,p23,p27', 'start_time_stamp': '20260507120000', 'end_time_stamp': '20260507145959', 'minute_interval': 5}
2026-05-08 01:02:58,029 - root - INFO - Successfully upserted 36 data points.
2026-05-08 01:02:58,031 - root - INFO - Fetching minute data with payload: {'ps_key_list': ['1734912_1_1_1'], 'points': 'p1,p14,p24,p25,p4,p26,p18,p19,p20,p21,p22,p23,p27', 'start_time_stamp': '20260507000000', 'end_time_stamp': '20260507025959', 'minute_interval': 5}
2026-05-08 01:02:58,032 - root - INFO - Successfully upserted 36 data points.
2026-05-08 01:02:58,033 - root - INFO - Fetching minute data with payload: {'ps_key_list': ['1734912_1_1_1'], 'points': 'p1,p14,p24,p25,p4,p26,p18,p19,p20,p21,p22,p23,p27', 'start_time_stamp': '20260507090000', 'end_time_stamp': '20260507115959', 'minute_interval': 5}
2026-05-08 01:02:58,035 - root - INFO - Successfully upserted 36 data points.
2026-05-08 01:02:58,035 - root - INFO - Fetching minute data with payload: {'ps_key_list': ['1734912_1_1_1'], 'points': 'p1,p14,p24,p25,p4,p26,p18,p19,p20,p21,p22,p23,p27', 'start_time_stamp': '20260507210000', 'end_time_stamp': '20260507235959', 'minute_interval': 5}
2026-05-08 01:02:58,755 - root - INFO - Successfully upserted 36 data points.
2026-05-08 01:02:58,756 - root - INFO - Fetching minute data with payload: {'ps_key_list': ['1628909_1_2_2', '1628909_1_1_2', '1628909_1_3_1', '1628909_1_2_1', '1628909_1_1_1', '1628909_1_4_1', '1628909_1_3_2'], 'points': 'p1,p14,p24,p25,p4,p26,p18,p19,p20,p21,p22,p23,p27', 'start_time_stamp': '20260507060000', 'end_time_stamp': '20260507085959', 'minute_interval': 5}
2026-05-08 01:02:59,486 - root - INFO - Successfully upserted 36 data points.
2026-05-08 01:02:59,486 - root - INFO - Fetching minute data with payload: {'ps_key_list': ['1628909_1_2_2', '1628909_1_1_2', '1628909_1_3_1', '1628909_1_2_1', '1628909_1_1_1', '1628909_1_4_1', '1628909_1_3_2'], 'points': 'p1,p14,p24,p25,p4,p26,p18,p19,p20,p21,p22,p23,p27', 'start_time_stamp': '20260507150000', 'end_time_stamp': '20260507175959', 'minute_interval': 5}
2026-05-08 01:03:00,230 - root - INFO - Successfully upserted 36 data points.
2026-05-08 01:03:00,231 - root - INFO - Fetching minute data with payload: {'ps_key_list': ['1628909_1_2_2', '1628909_1_1_2', '1628909_1_3_1', '1628909_1_2_1', '1628909_1_1_1', '1628909_1_4_1', '1628909_1_3_2'], 'points': 'p1,p14,p24,p25,p4,p26,p18,p19,p20,p21,p22,p23,p27', 'start_time_stamp': '20260507180000', 'end_time_stamp': '20260507205959', 'minute_interval': 5}
2026-05-08 01:03:00,232 - root - INFO - Successfully upserted 36 data points.
2026-05-08 01:03:00,233 - root - INFO - Fetching minute data with payload: {'ps_key_list': ['1628909_1_2_2', '1628909_1_1_2', '1628909_1_3_1', '1628909_1_2_1', '1628909_1_1_1', '1628909_1_4_1', '1628909_1_3_2'], 'points': 'p1,p14,p24,p25,p4,p26,p18,p19,p20,p21,p22,p23,p27', 'start_time_stamp': '20260507030000', 'end_time_stamp': '20260507055959', 'minute_interval': 5}
2026-05-08 01:03:00,523 - root - INFO - Successfully upserted 36 data points.
2026-05-08 01:03:00,524 - root - INFO - Fetching minute data with payload: {'ps_key_list': ['1628909_1_2_2', '1628909_1_1_2', '1628909_1_3_1', '1628909_1_2_1', '1628909_1_1_1', '1628909_1_4_1', '1628909_1_3_2'], 'points': 'p1,p14,p24,p25,p4,p26,p18,p19,p20,p21,p22,p23,p27', 'start_time_stamp': '20260507120000', 'end_time_stamp': '20260507145959', 'minute_interval': 5}
2026-05-08 01:03:00,663 - root - INFO - Successfully upserted 36 data points.
2026-05-08 01:03:00,663 - root - INFO - Fetching minute data with payload: {'ps_key_list': ['1628909_1_2_2', '1628909_1_1_2', '1628909_1_3_1', '1628909_1_2_1', '1628909_1_1_1', '1628909_1_4_1', '1628909_1_3_2'], 'points': 'p1,p14,p24,p25,p4,p26,p18,p19,p20,p21,p22,p23,p27', 'start_time_stamp': '20260507000000', 'end_time_stamp': '20260507025959', 'minute_interval': 5}
2026-05-08 01:03:00,733 - root - INFO - Successfully upserted 36 data points.
2026-05-08 01:03:00,734 - root - INFO - Fetching minute data with payload: {'ps_key_list': ['1628909_1_2_2', '1628909_1_1_2', '1628909_1_3_1', '1628909_1_2_1', '1628909_1_1_1', '1628909_1_4_1', '1628909_1_3_2'], 'points': 'p1,p14,p24,p25,p4,p26,p18,p19,p20,p21,p22,p23,p27', 'start_time_stamp': '20260507210000', 'end_time_stamp': '20260507235959', 'minute_interval': 5}
2026-05-08 01:03:00,735 - root - INFO - Successfully upserted 36 data points.
2026-05-08 01:03:00,736 - root - INFO - Fetching minute data with payload: {'ps_key_list': ['1628909_1_2_2', '1628909_1_1_2', '1628909_1_3_1', '1628909_1_2_1', '1628909_1_1_1', '1628909_1_4_1', '1628909_1_3_2'], 'points': 'p1,p14,p24,p25,p4,p26,p18,p19,p20,p21,p22,p23,p27', 'start_time_stamp': '20260507090000', 'end_time_stamp': '20260507115959', 'minute_interval': 5}
2026-05-08 01:03:01,342 - root - INFO - Successfully upserted 252 data points.
2026-05-08 01:03:01,342 - root - INFO - Fetching minute data with payload: {'ps_key_list': ['1453245_1_3_1', '1453245_1_4_1', '1453245_1_5_1', '1453245_1_6_1', '1453245_1_1_1', '1453245_1_2_1'], 'points': 'p1,p14,p24,p25,p4,p26,p18,p19,p20,p21,p22,p23,p27', 'start_time_stamp': '20260507060000', 'end_time_stamp': '20260507085959', 'minute_interval': 5}
2026-05-08 01:03:02,159 - root - INFO - Successfully upserted 252 data points.
2026-05-08 01:03:02,159 - root - INFO - Fetching minute data with payload: {'ps_key_list': ['1453245_1_3_1', '1453245_1_4_1', '1453245_1_5_1', '1453245_1_6_1', '1453245_1_1_1', '1453245_1_2_1'], 'points': 'p1,p14,p24,p25,p4,p26,p18,p19,p20,p21,p22,p23,p27', 'start_time_stamp': '20260507150000', 'end_time_stamp': '20260507175959', 'minute_interval': 5}
2026-05-08 01:03:02,900 - root - INFO - Successfully upserted 252 data points.
2026-05-08 01:03:02,901 - root - INFO - Fetching minute data with payload: {'ps_key_list': ['1453245_1_3_1', '1453245_1_4_1', '1453245_1_5_1', '1453245_1_6_1', '1453245_1_1_1', '1453245_1_2_1'], 'points': 'p1,p14,p24,p25,p4,p26,p18,p19,p20,p21,p22,p23,p27', 'start_time_stamp': '20260507030000', 'end_time_stamp': '20260507055959', 'minute_interval': 5}
2026-05-08 01:03:02,994 - root - INFO - Successfully upserted 252 data points.
2026-05-08 01:03:02,994 - root - INFO - Fetching minute data with payload: {'ps_key_list': ['1453245_1_3_1', '1453245_1_4_1', '1453245_1_5_1', '1453245_1_6_1', '1453245_1_1_1', '1453245_1_2_1'], 'points': 'p1,p14,p24,p25,p4,p26,p18,p19,p20,p21,p22,p23,p27', 'start_time_stamp': '20260507180000', 'end_time_stamp': '20260507205959', 'minute_interval': 5}
2026-05-08 01:03:03,228 - root - INFO - Successfully upserted 252 data points.
2026-05-08 01:03:03,228 - root - INFO - Fetching minute data with payload: {'ps_key_list': ['1453245_1_3_1', '1453245_1_4_1', '1453245_1_5_1', '1453245_1_6_1', '1453245_1_1_1', '1453245_1_2_1'], 'points': 'p1,p14,p24,p25,p4,p26,p18,p19,p20,p21,p22,p23,p27', 'start_time_stamp': '20260507120000', 'end_time_stamp': '20260507145959', 'minute_interval': 5}
2026-05-08 01:03:03,391 - root - INFO - Successfully upserted 252 data points.
2026-05-08 01:03:03,392 - root - INFO - Fetching minute data with payload: {'ps_key_list': ['1453245_1_3_1', '1453245_1_4_1', '1453245_1_5_1', '1453245_1_6_1', '1453245_1_1_1', '1453245_1_2_1'], 'points': 'p1,p14,p24,p25,p4,p26,p18,p19,p20,p21,p22,p23,p27', 'start_time_stamp': '20260507000000', 'end_time_stamp': '20260507025959', 'minute_interval': 5}
2026-05-08 01:03:03,472 - root - INFO - Successfully upserted 252 data points.
2026-05-08 01:03:03,473 - root - INFO - Fetching minute data with payload: {'ps_key_list': ['1453245_1_3_1', '1453245_1_4_1', '1453245_1_5_1', '1453245_1_6_1', '1453245_1_1_1', '1453245_1_2_1'], 'points': 'p1,p14,p24,p25,p4,p26,p18,p19,p20,p21,p22,p23,p27', 'start_time_stamp': '20260507210000', 'end_time_stamp': '20260507235959', 'minute_interval': 5}
2026-05-08 01:03:03,548 - root - INFO - Successfully upserted 252 data points.
2026-05-08 01:03:03,548 - root - INFO - Fetching minute data with payload: {'ps_key_list': ['1453245_1_3_1', '1453245_1_4_1', '1453245_1_5_1', '1453245_1_6_1', '1453245_1_1_1', '1453245_1_2_1'], 'points': 'p1,p14,p24,p25,p4,p26,p18,p19,p20,p21,p22,p23,p27', 'start_time_stamp': '20260507090000', 'end_time_stamp': '20260507115959', 'minute_interval': 5}
2026-05-08 01:03:03,913 - root - INFO - Successfully upserted 216 data points.
2026-05-08 01:03:03,914 - root - INFO - Fetching minute data with payload: {'ps_key_list': ['1449886_1_2_1', '1449886_1_1_1', '1449886_1_3_1'], 'points': 'p1,p14,p24,p25,p4,p26,p18,p19,p20,p21,p22,p23,p27', 'start_time_stamp': '20260507060000', 'end_time_stamp': '20260507085959', 'minute_interval': 5}
2026-05-08 01:03:04,820 - root - INFO - Successfully upserted 216 data points.
2026-05-08 01:03:04,820 - root - INFO - Fetching minute data with payload: {'ps_key_list': ['1449886_1_2_1', '1449886_1_1_1', '1449886_1_3_1'], 'points': 'p1,p14,p24,p25,p4,p26,p18,p19,p20,p21,p22,p23,p27', 'start_time_stamp': '20260507150000', 'end_time_stamp': '20260507175959', 'minute_interval': 5}
2026-05-08 01:03:05,606 - root - INFO - Successfully upserted 216 data points.
2026-05-08 01:03:05,607 - root - INFO - Fetching minute data with payload: {'ps_key_list': ['1449886_1_2_1', '1449886_1_1_1', '1449886_1_3_1'], 'points': 'p1,p14,p24,p25,p4,p26,p18,p19,p20,p21,p22,p23,p27', 'start_time_stamp': '20260507030000', 'end_time_stamp': '20260507055959', 'minute_interval': 5}
2026-05-08 01:03:05,666 - root - INFO - Successfully upserted 216 data points.
2026-05-08 01:03:05,666 - root - INFO - Fetching minute data with payload: {'ps_key_list': ['1449886_1_2_1', '1449886_1_1_1', '1449886_1_3_1'], 'points': 'p1,p14,p24,p25,p4,p26,p18,p19,p20,p21,p22,p23,p27', 'start_time_stamp': '20260507180000', 'end_time_stamp': '20260507205959', 'minute_interval': 5}
2026-05-08 01:03:05,840 - root - INFO - Successfully upserted 216 data points.
2026-05-08 01:03:05,840 - root - INFO - Fetching minute data with payload: {'ps_key_list': ['1449886_1_2_1', '1449886_1_1_1', '1449886_1_3_1'], 'points': 'p1,p14,p24,p25,p4,p26,p18,p19,p20,p21,p22,p23,p27', 'start_time_stamp': '20260507120000', 'end_time_stamp': '20260507145959', 'minute_interval': 5}
2026-05-08 01:03:06,171 - root - INFO - Successfully upserted 216 data points.
2026-05-08 01:03:06,171 - root - INFO - Fetching minute data with payload: {'ps_key_list': ['1449886_1_2_1', '1449886_1_1_1', '1449886_1_3_1'], 'points': 'p1,p14,p24,p25,p4,p26,p18,p19,p20,p21,p22,p23,p27', 'start_time_stamp': '20260507000000', 'end_time_stamp': '20260507025959', 'minute_interval': 5}
2026-05-08 01:03:06,176 - root - INFO - Successfully upserted 216 data points.
2026-05-08 01:03:06,177 - root - INFO - Fetching minute data with payload: {'ps_key_list': ['1449886_1_2_1', '1449886_1_1_1', '1449886_1_3_1'], 'points': 'p1,p14,p24,p25,p4,p26,p18,p19,p20,p21,p22,p23,p27', 'start_time_stamp': '20260507210000', 'end_time_stamp': '20260507235959', 'minute_interval': 5}
2026-05-08 01:03:06,306 - root - INFO - Successfully upserted 216 data points.
2026-05-08 01:03:06,306 - root - INFO - Fetching minute data with payload: {'ps_key_list': ['1449886_1_2_1', '1449886_1_1_1', '1449886_1_3_1'], 'points': 'p1,p14,p24,p25,p4,p26,p18,p19,p20,p21,p22,p23,p27', 'start_time_stamp': '20260507090000', 'end_time_stamp': '20260507115959', 'minute_interval': 5}
2026-05-08 01:03:06,478 - root - INFO - Successfully upserted 108 data points.
2026-05-08 01:03:06,479 - root - INFO - Fetching minute data with payload: {'ps_key_list': ['1445767_1_3_1', '1445767_1_2_1', '1445767_1_1_1'], 'points': 'p1,p14,p24,p25,p4,p26,p18,p19,p20,p21,p22,p23,p27', 'start_time_stamp': '20260507060000', 'end_time_stamp': '20260507085959', 'minute_interval': 5}
2026-05-08 01:03:07,403 - root - INFO - Successfully upserted 108 data points.
2026-05-08 01:03:07,404 - root - INFO - Fetching minute data with payload: {'ps_key_list': ['1445767_1_3_1', '1445767_1_2_1', '1445767_1_1_1'], 'points': 'p1,p14,p24,p25,p4,p26,p18,p19,p20,p21,p22,p23,p27', 'start_time_stamp': '20260507150000', 'end_time_stamp': '20260507175959', 'minute_interval': 5}
2026-05-08 01:03:08,274 - root - INFO - Successfully upserted 108 data points.
2026-05-08 01:03:08,274 - root - INFO - Fetching minute data with payload: {'ps_key_list': ['1445767_1_3_1', '1445767_1_2_1', '1445767_1_1_1'], 'points': 'p1,p14,p24,p25,p4,p26,p18,p19,p20,p21,p22,p23,p27', 'start_time_stamp': '20260507030000', 'end_time_stamp': '20260507055959', 'minute_interval': 5}
2026-05-08 01:03:08,349 - root - INFO - Successfully upserted 108 data points.
2026-05-08 01:03:08,349 - root - INFO - Fetching minute data with payload: {'ps_key_list': ['1445767_1_3_1', '1445767_1_2_1', '1445767_1_1_1'], 'points': 'p1,p14,p24,p25,p4,p26,p18,p19,p20,p21,p22,p23,p27', 'start_time_stamp': '20260507180000', 'end_time_stamp': '20260507205959', 'minute_interval': 5}
2026-05-08 01:03:08,464 - root - INFO - Successfully upserted 108 data points.
2026-05-08 01:03:08,464 - root - INFO - Fetching minute data with payload: {'ps_key_list': ['1445767_1_3_1', '1445767_1_2_1', '1445767_1_1_1'], 'points': 'p1,p14,p24,p25,p4,p26,p18,p19,p20,p21,p22,p23,p27', 'start_time_stamp': '20260507120000', 'end_time_stamp': '20260507145959', 'minute_interval': 5}
2026-05-08 01:03:08,825 - root - INFO - Successfully upserted 108 data points.
2026-05-08 01:03:08,825 - root - INFO - Successfully upserted 108 data points.
2026-05-08 01:03:08,826 - root - INFO - Fetching minute data with payload: {'ps_key_list': ['1445767_1_3_1', '1445767_1_2_1', '1445767_1_1_1'], 'points': 'p1,p14,p24,p25,p4,p26,p18,p19,p20,p21,p22,p23,p27', 'start_time_stamp': '20260507000000', 'end_time_stamp': '20260507025959', 'minute_interval': 5}
2026-05-08 01:03:08,826 - root - INFO - Fetching minute data with payload: {'ps_key_list': ['1445767_1_3_1', '1445767_1_2_1', '1445767_1_1_1'], 'points': 'p1,p14,p24,p25,p4,p26,p18,p19,p20,p21,p22,p23,p27', 'start_time_stamp': '20260507210000', 'end_time_stamp': '20260507235959', 'minute_interval': 5}
2026-05-08 01:03:09,005 - root - INFO - Successfully upserted 108 data points.
2026-05-08 01:03:09,005 - root - INFO - Fetching minute data with payload: {'ps_key_list': ['1445767_1_3_1', '1445767_1_2_1', '1445767_1_1_1'], 'points': 'p1,p14,p24,p25,p4,p26,p18,p19,p20,p21,p22,p23,p27', 'start_time_stamp': '20260507090000', 'end_time_stamp': '20260507115959', 'minute_interval': 5}
2026-05-08 01:03:09,044 - root - INFO - Successfully upserted 108 data points.
2026-05-08 01:03:09,045 - root - INFO - Fetching minute data with payload: {'ps_key_list': ['1789614_1_4_1', '1789614_1_3_1', '1789614_1_2_1', '1789614_1_1_1'], 'points': 'p1,p14,p24,p25,p4,p26,p18,p19,p20,p21,p22,p23,p27', 'start_time_stamp': '20260507060000', 'end_time_stamp': '20260507085959', 'minute_interval': 5}
2026-05-08 01:03:09,747 - root - INFO - Retrying API request after rate limit wait...
2026-05-08 01:03:09,747 - root - INFO - Making API request to: https://sg5.fusionsolar.huawei.com/rest/openapi/pvms/nbi/v1/device/history
2026-05-08 01:03:09,748 - root - INFO - Request payload: {'devDn': 'NE=61851550', 'devTypeId': 17, 'startTime': 1778086800000, 'endTime': 1778173199000}
2026-05-08 01:03:09,977 - root - INFO - Successfully upserted 108 data points.
2026-05-08 01:03:09,978 - root - INFO - Fetching minute data with payload: {'ps_key_list': ['1789614_1_4_1', '1789614_1_3_1', '1789614_1_2_1', '1789614_1_1_1'], 'points': 'p1,p14,p24,p25,p4,p26,p18,p19,p20,p21,p22,p23,p27', 'start_time_stamp': '20260507150000', 'end_time_stamp': '20260507175959', 'minute_interval': 5}
2026-05-08 01:03:10,190 - root - INFO - Response status code: 200
2026-05-08 01:03:10,190 - root - INFO - API response from https://sg5.fusionsolar.huawei.com/rest/openapi/pvms/nbi/v1/device/history (truncated): {'failCode': 0, 'success': True, 'message': 'historical data information query successful.', 'data': []}
2026-05-08 01:03:10,196 - root - INFO - API Response type: <class 'dict'>
2026-05-08 01:03:10,196 - root - INFO - API Response keys: ['failCode', 'success', 'message', 'data']
2026-05-08 01:03:10,196 - root - INFO - API Response data is a list with 0 items
2026-05-08 01:03:10,196 - root - INFO - API Response has failCode: 0, message: historical data information query successful.
2026-05-08 01:03:10,197 - root - INFO - Using alternate response format: data as list
2026-05-08 01:03:10,197 - root - INFO - No data points returned for the query period
2026-05-08 01:03:10,197 - root - INFO - Using single devDn for device/history (API: one device per query)
2026-05-08 01:03:10,201 - root - INFO - Fetching historical data for 1 devices of type meter
2026-05-08 01:03:10,201 - root - INFO - Making API request to: https://sg5.fusionsolar.huawei.com/rest/openapi/pvms/nbi/v1/device/history
2026-05-08 01:03:10,201 - root - INFO - Request payload: {'devDn': 'NE=61851551', 'devTypeId': 17, 'startTime': 1778086800000, 'endTime': 1778173199000}
2026-05-08 01:03:10,514 - root - INFO - Response status code: 200
2026-05-08 01:03:10,514 - root - INFO - API response from https://sg5.fusionsolar.huawei.com/rest/openapi/pvms/nbi/v1/device/history (truncated): {'failCode': 407, 'success': False, 'message': 'Interface access frequency:0.39333333333333337/1second', 'data': []}
2026-05-08 01:03:10,515 - root - WARNING - API access frequency too high. Waiting 30 seconds before retry...
2026-05-08 01:03:10,843 - root - INFO - Successfully upserted 108 data points.
2026-05-08 01:03:10,844 - root - INFO - Fetching minute data with payload: {'ps_key_list': ['1789614_1_4_1', '1789614_1_3_1', '1789614_1_2_1', '1789614_1_1_1'], 'points': 'p1,p14,p24,p25,p4,p26,p18,p19,p20,p21,p22,p23,p27', 'start_time_stamp': '20260507030000', 'end_time_stamp': '20260507055959', 'minute_interval': 5}
2026-05-08 01:03:10,966 - root - INFO - Successfully upserted 108 data points.
2026-05-08 01:03:10,966 - root - INFO - Fetching minute data with payload: {'ps_key_list': ['1789614_1_4_1', '1789614_1_3_1', '1789614_1_2_1', '1789614_1_1_1'], 'points': 'p1,p14,p24,p25,p4,p26,p18,p19,p20,p21,p22,p23,p27', 'start_time_stamp': '20260507180000', 'end_time_stamp': '20260507205959', 'minute_interval': 5}
2026-05-08 01:03:11,218 - root - INFO - Successfully upserted 108 data points.
2026-05-08 01:03:11,218 - root - INFO - Fetching minute data with payload: {'ps_key_list': ['1789614_1_4_1', '1789614_1_3_1', '1789614_1_2_1', '1789614_1_1_1'], 'points': 'p1,p14,p24,p25,p4,p26,p18,p19,p20,p21,p22,p23,p27', 'start_time_stamp': '20260507120000', 'end_time_stamp': '20260507145959', 'minute_interval': 5}
2026-05-08 01:03:11,477 - root - INFO - Successfully upserted 108 data points.
2026-05-08 01:03:11,477 - root - INFO - Fetching minute data with payload: {'ps_key_list': ['1789614_1_4_1', '1789614_1_3_1', '1789614_1_2_1', '1789614_1_1_1'], 'points': 'p1,p14,p24,p25,p4,p26,p18,p19,p20,p21,p22,p23,p27', 'start_time_stamp': '20260507210000', 'end_time_stamp': '20260507235959', 'minute_interval': 5}
2026-05-08 01:03:11,574 - root - INFO - Successfully upserted 108 data points.
2026-05-08 01:03:11,575 - root - INFO - Fetching minute data with payload: {'ps_key_list': ['1789614_1_4_1', '1789614_1_3_1', '1789614_1_2_1', '1789614_1_1_1'], 'points': 'p1,p14,p24,p25,p4,p26,p18,p19,p20,p21,p22,p23,p27', 'start_time_stamp': '20260507000000', 'end_time_stamp': '20260507025959', 'minute_interval': 5}
2026-05-08 01:03:11,653 - root - INFO - Successfully upserted 108 data points.
2026-05-08 01:03:11,653 - root - INFO - Fetching minute data with payload: {'ps_key_list': ['1789614_1_4_1', '1789614_1_3_1', '1789614_1_2_1', '1789614_1_1_1'], 'points': 'p1,p14,p24,p25,p4,p26,p18,p19,p20,p21,p22,p23,p27', 'start_time_stamp': '20260507090000', 'end_time_stamp': '20260507115959', 'minute_interval': 5}
2026-05-08 01:03:11,772 - root - INFO - Successfully upserted 144 data points.
2026-05-08 01:03:11,772 - root - INFO - Completed 3-hour interval (custom mapping): 2026-05-07 06:00:00 to 2026-05-07 08:59:59 - 5076 points
2026-05-08 01:03:12,586 - root - INFO - Successfully upserted 144 data points.
2026-05-08 01:03:12,587 - root - INFO - Completed 3-hour interval (custom mapping): 2026-05-07 15:00:00 to 2026-05-07 17:59:59 - 5076 points
2026-05-08 01:03:13,485 - root - INFO - Successfully upserted 144 data points.
2026-05-08 01:03:13,486 - root - INFO - Completed 3-hour interval (custom mapping): 2026-05-07 03:00:00 to 2026-05-07 05:59:59 - 5076 points
2026-05-08 01:03:13,592 - root - INFO - Successfully upserted 144 data points.
2026-05-08 01:03:13,592 - root - INFO - Completed 3-hour interval (custom mapping): 2026-05-07 18:00:00 to 2026-05-07 20:59:59 - 5076 points
2026-05-08 01:03:13,809 - root - INFO - Successfully upserted 144 data points.
2026-05-08 01:03:13,810 - root - INFO - Completed 3-hour interval (custom mapping): 2026-05-07 12:00:00 to 2026-05-07 14:59:59 - 5076 points
2026-05-08 01:03:14,101 - root - INFO - Successfully upserted 144 data points.
2026-05-08 01:03:14,101 - root - INFO - Completed 3-hour interval (custom mapping): 2026-05-07 21:00:00 to 2026-05-07 23:59:59 - 4592 points
2026-05-08 01:03:14,344 - root - INFO - Successfully upserted 144 data points.
2026-05-08 01:03:14,345 - root - INFO - Completed 3-hour interval (custom mapping): 2026-05-07 09:00:00 to 2026-05-07 11:59:59 - 5076 points
2026-05-08 01:03:14,779 - root - INFO - Successfully upserted 144 data points.
2026-05-08 01:03:14,780 - root - INFO - Completed 3-hour interval (custom mapping): 2026-05-07 00:00:00 to 2026-05-07 02:59:59 - 5076 points
2026-05-08 01:03:14,781 - root - INFO - Ingested 40124 inverter summary data points
2026-05-08 01:03:14,782 - root - INFO - Historical data fetch complete. Total points ingested: 103512
2026-05-08 01:03:14,782 - isolarcloud.tasks - INFO - iSolarCloud ingestion completed successfully. Rows inserted: None, Execution time: 192.48 seconds
2026-05-08 01:03:14,783 - __main__ - INFO - iSolarCloud ingestion completed: {'status': 'success', 'rows_inserted': None, 'execution_time': 192.47568607330322, 'start_date': '2026-05-07', 'end_date': '2026-05-07'}
2026-05-08 01:03:40,515 - root - INFO - Retrying API request after rate limit wait...
2026-05-08 01:03:40,515 - root - INFO - Making API request to: https://sg5.fusionsolar.huawei.com/rest/openapi/pvms/nbi/v1/device/history
2026-05-08 01:03:40,517 - root - INFO - Request payload: {'devDn': 'NE=61851551', 'devTypeId': 17, 'startTime': 1778086800000, 'endTime': 1778173199000}
2026-05-08 01:03:40,974 - root - INFO - Response status code: 200
2026-05-08 01:03:40,975 - root - INFO - API response from https://sg5.fusionsolar.huawei.com/rest/openapi/pvms/nbi/v1/device/history (truncated): {'failCode': 0, 'success': True, 'message': 'historical data information query successful.', 'data': []}
2026-05-08 01:03:40,981 - root - INFO - API Response type: <class 'dict'>
2026-05-08 01:03:40,981 - root - INFO - API Response keys: ['failCode', 'success', 'message', 'data']
2026-05-08 01:03:40,981 - root - INFO - API Response data is a list with 0 items
2026-05-08 01:03:40,982 - root - INFO - API Response has failCode: 0, message: historical data information query successful.
2026-05-08 01:03:40,982 - root - INFO - Using alternate response format: data as list
2026-05-08 01:03:40,982 - root - INFO - No data points returned for the query period
2026-05-08 01:03:40,982 - root - INFO - Using single devDn for device/history (API: one device per query)
2026-05-08 01:03:40,986 - root - INFO - Fetching historical data for 1 devices of type meter
2026-05-08 01:03:40,986 - root - INFO - Making API request to: https://sg5.fusionsolar.huawei.com/rest/openapi/pvms/nbi/v1/device/history
2026-05-08 01:03:40,987 - root - INFO - Request payload: {'devDn': 'NE=52031812', 'devTypeId': 17, 'startTime': 1778086800000, 'endTime': 1778173199000}
2026-05-08 01:03:41,293 - root - INFO - Response status code: 200
2026-05-08 01:03:41,293 - root - INFO - API response from https://sg5.fusionsolar.huawei.com/rest/openapi/pvms/nbi/v1/device/history (truncated): {'failCode': 407, 'success': False, 'message': 'Interface access frequency:0.39333333333333337/1second', 'data': []}
2026-05-08 01:03:41,294 - root - WARNING - API access frequency too high. Waiting 30 seconds before retry...
2026-05-08 01:04:11,295 - root - INFO - Retrying API request after rate limit wait...
2026-05-08 01:04:11,295 - root - INFO - Making API request to: https://sg5.fusionsolar.huawei.com/rest/openapi/pvms/nbi/v1/device/history
2026-05-08 01:04:11,296 - root - INFO - Request payload: {'devDn': 'NE=52031812', 'devTypeId': 17, 'startTime': 1778086800000, 'endTime': 1778173199000}
2026-05-08 01:04:12,918 - root - INFO - Response status code: 200
2026-05-08 01:04:12,928 - root - INFO - API response from https://sg5.fusionsolar.huawei.com/rest/openapi/pvms/nbi/v1/device/history (truncated): {'failCode': 0, 'success': True, 'message': 'historical data information query successful.', 'data': [{'devDn': 'NE=52031812', 'collectTime': 1778086800000, 'dataItems': {'active_cap': 44694.19, 'power_factor': 0.331, 'a_i': 0.5, 'c_i': 0.3, 'b_i': 0.4, 'reverse_reactive_valley': None, 'positive_reactive_peak': None, 'reverse_reactive_peak': None, 'reverse_active_peak': None, 'positive_active_peak': None, 'a_u': 0.0, 'reactive_power': 12574.0, 'c_u': 0.0, 'total_apparent_power': 13.327, 'bc_u': ...
2026-05-08 01:04:12,932 - root - INFO - API Response type: <class 'dict'>
2026-05-08 01:04:12,933 - root - INFO - API Response keys: ['failCode', 'success', 'message', 'data']
2026-05-08 01:04:12,933 - root - INFO - API Response data is a list with 288 items
2026-05-08 01:04:12,933 - root - INFO - API Response has failCode: 0, message: historical data information query successful.
2026-05-08 01:04:12,933 - root - INFO - Using alternate response format: data as list
2026-05-08 01:04:12,934 - root - INFO - Received 288 data points from API
2026-05-08 01:04:12,934 - root - INFO - Sample data point structure: ['devDn', 'collectTime', 'dataItems']
2026-05-08 01:04:13,060 - root - INFO - Successfully upserted 288 data points.
2026-05-08 01:04:17,099 - root - INFO - Using single devDn for device/history (API: one device per query)
2026-05-08 01:04:17,102 - root - INFO - Fetching historical data for 1 devices of type meter
2026-05-08 01:04:17,103 - root - INFO - Making API request to: https://sg5.fusionsolar.huawei.com/rest/openapi/pvms/nbi/v1/device/history
2026-05-08 01:04:17,103 - root - INFO - Request payload: {'devDn': 'NE=55409420', 'devTypeId': 17, 'startTime': 1778086800000, 'endTime': 1778173199000}
2026-05-08 01:04:18,472 - root - INFO - Response status code: 200
2026-05-08 01:04:18,482 - root - INFO - API response from https://sg5.fusionsolar.huawei.com/rest/openapi/pvms/nbi/v1/device/history (truncated): {'failCode': 0, 'success': True, 'message': 'historical data information query successful.', 'data': [{'devDn': 'NE=55409420', 'collectTime': 1778086800000, 'dataItems': {'active_cap': 2656533.26, 'power_factor': -0.88, 'a_i': 231.0, 'c_i': 231.3, 'b_i': 233.8, 'reverse_reactive_valley': None, 'positive_reactive_peak': None, 'reverse_reactive_peak': None, 'reverse_active_peak': None, 'positive_active_peak': None, 'a_u': 0.0, 'reactive_power': -3786815.0, 'c_u': 0.0, 'total_apparent_power': 7974....
2026-05-08 01:04:18,488 - root - INFO - API Response type: <class 'dict'>
2026-05-08 01:04:18,488 - root - INFO - API Response keys: ['failCode', 'success', 'message', 'data']
2026-05-08 01:04:18,488 - root - INFO - API Response data is a list with 288 items
2026-05-08 01:04:18,489 - root - INFO - API Response has failCode: 0, message: historical data information query successful.
2026-05-08 01:04:18,489 - root - INFO - Using alternate response format: data as list
2026-05-08 01:04:18,489 - root - INFO - Received 288 data points from API
2026-05-08 01:04:18,490 - root - INFO - Sample data point structure: ['devDn', 'collectTime', 'dataItems']
2026-05-08 01:04:18,584 - root - INFO - Successfully upserted 288 data points.
2026-05-08 01:04:21,871 - root - INFO - Using single devDn for device/history (API: one device per query)
2026-05-08 01:04:21,874 - root - INFO - Fetching historical data for 1 devices of type meter
2026-05-08 01:04:21,874 - root - INFO - Making API request to: https://sg5.fusionsolar.huawei.com/rest/openapi/pvms/nbi/v1/device/history
2026-05-08 01:04:21,874 - root - INFO - Request payload: {'devDn': 'NE=52031814', 'devTypeId': 17, 'startTime': 1778086800000, 'endTime': 1778173199000}
2026-05-08 01:04:23,248 - root - INFO - Response status code: 200
2026-05-08 01:04:23,258 - root - INFO - API response from https://sg5.fusionsolar.huawei.com/rest/openapi/pvms/nbi/v1/device/history (truncated): {'failCode': 0, 'success': True, 'message': 'historical data information query successful.', 'data': [{'devDn': 'NE=52031814', 'collectTime': 1778086800000, 'dataItems': {'active_cap': 0.0, 'power_factor': -0.939, 'a_i': 3.5, 'c_i': 0.3, 'b_i': 0.0, 'reverse_reactive_valley': None, 'positive_reactive_peak': None, 'reverse_reactive_peak': None, 'reverse_active_peak': None, 'positive_active_peak': None, 'a_u': 220.58, 'reactive_power': -280.0, 'c_u': 223.28, 'total_apparent_power': 0.819, 'bc_u': ...
2026-05-08 01:04:23,261 - root - INFO - API Response type: <class 'dict'>
2026-05-08 01:04:23,262 - root - INFO - API Response keys: ['failCode', 'success', 'message', 'data']
2026-05-08 01:04:23,262 - root - INFO - API Response data is a list with 288 items
2026-05-08 01:04:23,262 - root - INFO - API Response has failCode: 0, message: historical data information query successful.
2026-05-08 01:04:23,262 - root - INFO - Using alternate response format: data as list
2026-05-08 01:04:23,263 - root - INFO - Received 288 data points from API
2026-05-08 01:04:23,263 - root - INFO - Sample data point structure: ['devDn', 'collectTime', 'dataItems']
2026-05-08 01:04:23,356 - root - INFO - Successfully upserted 288 data points.
2026-05-08 01:04:27,158 - root - INFO - Using single devDn for device/history (API: one device per query)
2026-05-08 01:04:27,161 - root - INFO - Fetching historical data for 1 devices of type meter
2026-05-08 01:04:27,161 - root - INFO - Making API request to: https://sg5.fusionsolar.huawei.com/rest/openapi/pvms/nbi/v1/device/history
2026-05-08 01:04:27,161 - root - INFO - Request payload: {'devDn': 'NE=52031813', 'devTypeId': 17, 'startTime': 1778086800000, 'endTime': 1778173199000}
2026-05-08 01:04:27,647 - root - INFO - Response status code: 200
2026-05-08 01:04:27,648 - root - INFO - API response from https://sg5.fusionsolar.huawei.com/rest/openapi/pvms/nbi/v1/device/history (truncated): {'failCode': 0, 'success': True, 'message': 'historical data information query successful.', 'data': []}
2026-05-08 01:04:27,653 - root - INFO - API Response type: <class 'dict'>
2026-05-08 01:04:27,654 - root - INFO - API Response keys: ['failCode', 'success', 'message', 'data']
2026-05-08 01:04:27,654 - root - INFO - API Response data is a list with 0 items
2026-05-08 01:04:27,654 - root - INFO - API Response has failCode: 0, message: historical data information query successful.
2026-05-08 01:04:27,655 - root - INFO - Using alternate response format: data as list
2026-05-08 01:04:27,656 - root - INFO - No data points returned for the query period
2026-05-08 01:04:27,656 - root - INFO - Using single devDn for device/history (API: one device per query)
2026-05-08 01:04:27,656 - root - INFO - Fetching historical data for 1 devices of type meter
2026-05-08 01:04:27,657 - root - INFO - Making API request to: https://sg5.fusionsolar.huawei.com/rest/openapi/pvms/nbi/v1/device/history
2026-05-08 01:04:27,657 - root - INFO - Request payload: {'devDn': 'NE=52470109', 'devTypeId': 17, 'startTime': 1778086800000, 'endTime': 1778173199000}
2026-05-08 01:04:27,963 - root - INFO - Response status code: 200
2026-05-08 01:04:27,963 - root - INFO - API response from https://sg5.fusionsolar.huawei.com/rest/openapi/pvms/nbi/v1/device/history (truncated): {'failCode': 407, 'success': False, 'message': 'Interface access frequency:0.39333333333333337/1second', 'data': []}
2026-05-08 01:04:27,964 - root - WARNING - API access frequency too high. Waiting 30 seconds before retry...
2026-05-08 01:04:57,964 - root - INFO - Retrying API request after rate limit wait...
2026-05-08 01:04:57,964 - root - INFO - Making API request to: https://sg5.fusionsolar.huawei.com/rest/openapi/pvms/nbi/v1/device/history
2026-05-08 01:04:57,965 - root - INFO - Request payload: {'devDn': 'NE=52470109', 'devTypeId': 17, 'startTime': 1778086800000, 'endTime': 1778173199000}
2026-05-08 01:04:58,410 - root - INFO - Response status code: 200
2026-05-08 01:04:58,410 - root - INFO - API response from https://sg5.fusionsolar.huawei.com/rest/openapi/pvms/nbi/v1/device/history (truncated): {'failCode': 0, 'success': True, 'message': 'historical data information query successful.', 'data': []}
2026-05-08 01:04:58,414 - root - INFO - API Response type: <class 'dict'>
2026-05-08 01:04:58,414 - root - INFO - API Response keys: ['failCode', 'success', 'message', 'data']
2026-05-08 01:04:58,414 - root - INFO - API Response data is a list with 0 items
2026-05-08 01:04:58,414 - root - INFO - API Response has failCode: 0, message: historical data information query successful.
2026-05-08 01:04:58,414 - root - INFO - Using alternate response format: data as list
2026-05-08 01:04:58,414 - root - INFO - No data points returned for the query period
2026-05-08 01:04:58,415 - root - INFO - Using single devDn for device/history (API: one device per query)
2026-05-08 01:04:58,415 - root - INFO - Fetching historical data for 1 devices of type meter
2026-05-08 01:04:58,415 - root - INFO - Making API request to: https://sg5.fusionsolar.huawei.com/rest/openapi/pvms/nbi/v1/device/history
2026-05-08 01:04:58,415 - root - INFO - Request payload: {'devDn': 'NE=55409294', 'devTypeId': 17, 'startTime': 1778086800000, 'endTime': 1778173199000}
2026-05-08 01:04:58,732 - root - INFO - Response status code: 200
2026-05-08 01:04:58,732 - root - INFO - API response from https://sg5.fusionsolar.huawei.com/rest/openapi/pvms/nbi/v1/device/history (truncated): {'failCode': 407, 'success': False, 'message': 'Interface access frequency:0.39333333333333337/1second', 'data': []}
2026-05-08 01:04:58,732 - root - WARNING - API access frequency too high. Waiting 30 seconds before retry...
2026-05-08 01:05:28,732 - root - INFO - Retrying API request after rate limit wait...
2026-05-08 01:05:28,732 - root - INFO - Making API request to: https://sg5.fusionsolar.huawei.com/rest/openapi/pvms/nbi/v1/device/history
2026-05-08 01:05:28,733 - root - INFO - Request payload: {'devDn': 'NE=55409294', 'devTypeId': 17, 'startTime': 1778086800000, 'endTime': 1778173199000}
2026-05-08 01:05:29,454 - root - INFO - Response status code: 200
2026-05-08 01:05:29,455 - root - INFO - API response from https://sg5.fusionsolar.huawei.com/rest/openapi/pvms/nbi/v1/device/history (truncated): {'failCode': 0, 'success': True, 'message': 'historical data information query successful.', 'data': []}
2026-05-08 01:05:29,458 - root - INFO - API Response type: <class 'dict'>
2026-05-08 01:05:29,458 - root - INFO - API Response keys: ['failCode', 'success', 'message', 'data']
2026-05-08 01:05:29,458 - root - INFO - API Response data is a list with 0 items
2026-05-08 01:05:29,458 - root - INFO - API Response has failCode: 0, message: historical data information query successful.
2026-05-08 01:05:29,458 - root - INFO - Using alternate response format: data as list
2026-05-08 01:05:29,458 - root - INFO - No data points returned for the query period
2026-05-08 01:05:29,459 - root - INFO - Using single devDn for device/history (API: one device per query)
2026-05-08 01:05:29,459 - root - INFO - Fetching historical data for 1 devices of type meter
2026-05-08 01:05:29,459 - root - INFO - Making API request to: https://sg5.fusionsolar.huawei.com/rest/openapi/pvms/nbi/v1/device/history
2026-05-08 01:05:29,459 - root - INFO - Request payload: {'devDn': 'NE=52031811', 'devTypeId': 17, 'startTime': 1778086800000, 'endTime': 1778173199000}
2026-05-08 01:05:29,785 - root - INFO - Response status code: 200
2026-05-08 01:05:29,786 - root - INFO - API response from https://sg5.fusionsolar.huawei.com/rest/openapi/pvms/nbi/v1/device/history (truncated): {'failCode': 407, 'success': False, 'message': 'Interface access frequency:0.39333333333333337/1second', 'data': []}
2026-05-08 01:05:29,786 - root - WARNING - API access frequency too high. Waiting 30 seconds before retry...
2026-05-08 01:05:59,786 - root - INFO - Retrying API request after rate limit wait...
2026-05-08 01:05:59,786 - root - INFO - Making API request to: https://sg5.fusionsolar.huawei.com/rest/openapi/pvms/nbi/v1/device/history
2026-05-08 01:05:59,787 - root - INFO - Request payload: {'devDn': 'NE=52031811', 'devTypeId': 17, 'startTime': 1778086800000, 'endTime': 1778173199000}
2026-05-08 01:06:01,247 - root - INFO - Response status code: 200
2026-05-08 01:06:01,256 - root - INFO - API response from https://sg5.fusionsolar.huawei.com/rest/openapi/pvms/nbi/v1/device/history (truncated): {'failCode': 0, 'success': True, 'message': 'historical data information query successful.', 'data': [{'devDn': 'NE=52031811', 'collectTime': 1778086800000, 'dataItems': {'active_cap': 906.13, 'power_factor': 0.0, 'a_i': 0.0, 'c_i': 0.0, 'b_i': 0.0, 'reverse_reactive_valley': None, 'positive_reactive_peak': None, 'reverse_reactive_peak': None, 'reverse_active_peak': None, 'positive_active_peak': None, 'a_u': 0.0, 'reactive_power': 0.0, 'c_u': 0.0, 'total_apparent_power': 0.0, 'bc_u': 770.59, 'b_...
2026-05-08 01:06:01,259 - root - INFO - API Response type: <class 'dict'>
2026-05-08 01:06:01,259 - root - INFO - API Response keys: ['failCode', 'success', 'message', 'data']
2026-05-08 01:06:01,259 - root - INFO - API Response data is a list with 288 items
2026-05-08 01:06:01,259 - root - INFO - API Response has failCode: 0, message: historical data information query successful.
2026-05-08 01:06:01,259 - root - INFO - Using alternate response format: data as list
2026-05-08 01:06:01,259 - root - INFO - Received 288 data points from API
2026-05-08 01:06:01,259 - root - INFO - Sample data point structure: ['devDn', 'collectTime', 'dataItems']
2026-05-08 01:06:01,352 - root - INFO - Successfully upserted 288 data points.
2026-05-08 01:06:05,815 - root - INFO - Using single devDn for device/history (API: one device per query)
2026-05-08 01:06:05,817 - root - INFO - Fetching historical data for 1 devices of type meter
2026-05-08 01:06:05,817 - root - INFO - Making API request to: https://sg5.fusionsolar.huawei.com/rest/openapi/pvms/nbi/v1/device/history
2026-05-08 01:06:05,817 - root - INFO - Request payload: {'devDn': 'NE=52031810', 'devTypeId': 17, 'startTime': 1778086800000, 'endTime': 1778173199000}
2026-05-08 01:06:07,159 - root - INFO - Response status code: 200
2026-05-08 01:06:07,169 - root - INFO - API response from https://sg5.fusionsolar.huawei.com/rest/openapi/pvms/nbi/v1/device/history (truncated): {'failCode': 0, 'success': True, 'message': 'historical data information query successful.', 'data': [{'devDn': 'NE=52031810', 'collectTime': 1778086800000, 'dataItems': {'active_cap': 10075512.47, 'power_factor': -0.407, 'a_i': 0.5, 'c_i': 0.4, 'b_i': 0.4, 'reverse_reactive_valley': None, 'positive_reactive_peak': None, 'reverse_reactive_peak': None, 'reverse_active_peak': None, 'positive_active_peak': None, 'a_u': 11549.61, 'reactive_power': -10585.0, 'c_u': 11493.11, 'total_apparent_power': 1...
2026-05-08 01:06:07,171 - root - INFO - API Response type: <class 'dict'>
2026-05-08 01:06:07,171 - root - INFO - API Response keys: ['failCode', 'success', 'message', 'data']
2026-05-08 01:06:07,171 - root - INFO - API Response data is a list with 288 items
2026-05-08 01:06:07,171 - root - INFO - API Response has failCode: 0, message: historical data information query successful.
2026-05-08 01:06:07,171 - root - INFO - Using alternate response format: data as list
2026-05-08 01:06:07,171 - root - INFO - Received 288 data points from API
2026-05-08 01:06:07,172 - root - INFO - Sample data point structure: ['devDn', 'collectTime', 'dataItems']
2026-05-08 01:06:07,266 - root - INFO - Successfully upserted 288 data points.
2026-05-08 01:06:11,044 - root - INFO - Using single devDn for device/history (API: one device per query)
2026-05-08 01:06:11,046 - root - INFO - Fetching historical data for 1 devices of type meter
2026-05-08 01:06:11,046 - root - INFO - Making API request to: https://sg5.fusionsolar.huawei.com/rest/openapi/pvms/nbi/v1/device/history
2026-05-08 01:06:11,046 - root - INFO - Request payload: {'devDn': 'NE=51758775', 'devTypeId': 17, 'startTime': 1778086800000, 'endTime': 1778173199000}
2026-05-08 01:06:12,502 - root - INFO - Response status code: 200
2026-05-08 01:06:12,511 - root - INFO - API response from https://sg5.fusionsolar.huawei.com/rest/openapi/pvms/nbi/v1/device/history (truncated): {'failCode': 0, 'success': True, 'message': 'historical data information query successful.', 'data': [{'devDn': 'NE=51758775', 'collectTime': 1778086800000, 'dataItems': {'active_cap': 259.3, 'power_factor': 0.0, 'a_i': 0.0, 'c_i': 0.0, 'b_i': 0.0, 'reverse_reactive_valley': None, 'positive_reactive_peak': None, 'reverse_reactive_peak': None, 'reverse_active_peak': None, 'positive_active_peak': None, 'a_u': 0.0, 'reactive_power': 0.0, 'c_u': 0.0, 'total_apparent_power': 0.0, 'bc_u': 790.07, 'b_u...
2026-05-08 01:06:12,513 - root - INFO - API Response type: <class 'dict'>
2026-05-08 01:06:12,513 - root - INFO - API Response keys: ['failCode', 'success', 'message', 'data']
2026-05-08 01:06:12,513 - root - INFO - API Response data is a list with 288 items
2026-05-08 01:06:12,513 - root - INFO - API Response has failCode: 0, message: historical data information query successful.
2026-05-08 01:06:12,513 - root - INFO - Using alternate response format: data as list
2026-05-08 01:06:12,513 - root - INFO - Received 288 data points from API
2026-05-08 01:06:12,513 - root - INFO - Sample data point structure: ['devDn', 'collectTime', 'dataItems']
2026-05-08 01:06:12,602 - root - INFO - Successfully upserted 288 data points.
2026-05-08 01:06:16,610 - root - INFO - Using single devDn for device/history (API: one device per query)
2026-05-08 01:06:16,612 - root - INFO - Fetching historical data for 1 devices of type meter
2026-05-08 01:06:16,612 - root - INFO - Making API request to: https://sg5.fusionsolar.huawei.com/rest/openapi/pvms/nbi/v1/device/history
2026-05-08 01:06:16,612 - root - INFO - Request payload: {'devDn': 'NE=51758776', 'devTypeId': 17, 'startTime': 1778086800000, 'endTime': 1778173199000}
2026-05-08 01:06:18,052 - root - INFO - Response status code: 200
2026-05-08 01:06:18,061 - root - INFO - API response from https://sg5.fusionsolar.huawei.com/rest/openapi/pvms/nbi/v1/device/history (truncated): {'failCode': 0, 'success': True, 'message': 'historical data information query successful.', 'data': [{'devDn': 'NE=51758776', 'collectTime': 1778086800000, 'dataItems': {'active_cap': 0.0, 'power_factor': -0.978, 'a_i': 4.5, 'c_i': 0.7, 'b_i': 0.2, 'reverse_reactive_valley': None, 'positive_reactive_peak': None, 'reverse_reactive_peak': None, 'reverse_active_peak': None, 'positive_active_peak': None, 'a_u': 225.07, 'reactive_power': -236.0, 'c_u': 226.97, 'total_apparent_power': 1.151, 'bc_u': ...
2026-05-08 01:06:18,063 - root - INFO - API Response type: <class 'dict'>
2026-05-08 01:06:18,063 - root - INFO - API Response keys: ['failCode', 'success', 'message', 'data']
2026-05-08 01:06:18,064 - root - INFO - API Response data is a list with 288 items
2026-05-08 01:06:18,064 - root - INFO - API Response has failCode: 0, message: historical data information query successful.
2026-05-08 01:06:18,064 - root - INFO - Using alternate response format: data as list
2026-05-08 01:06:18,064 - root - INFO - Received 288 data points from API
2026-05-08 01:06:18,064 - root - INFO - Sample data point structure: ['devDn', 'collectTime', 'dataItems']
2026-05-08 01:06:18,156 - root - INFO - Successfully upserted 288 data points.
2026-05-08 01:06:21,724 - root - INFO - Using single devDn for device/history (API: one device per query)
2026-05-08 01:06:21,725 - root - INFO - Fetching historical data for 1 devices of type meter
2026-05-08 01:06:21,726 - root - INFO - Making API request to: https://sg5.fusionsolar.huawei.com/rest/openapi/pvms/nbi/v1/device/history
2026-05-08 01:06:21,726 - root - INFO - Request payload: {'devDn': 'NE=51758773', 'devTypeId': 17, 'startTime': 1778086800000, 'endTime': 1778173199000}
2026-05-08 01:06:23,219 - root - INFO - Response status code: 200
2026-05-08 01:06:23,229 - root - INFO - API response from https://sg5.fusionsolar.huawei.com/rest/openapi/pvms/nbi/v1/device/history (truncated): {'failCode': 0, 'success': True, 'message': 'historical data information query successful.', 'data': [{'devDn': 'NE=51758773', 'collectTime': 1778086800000, 'dataItems': {'active_cap': 17415.96, 'power_factor': 0.48, 'a_i': 0.1, 'c_i': 0.2, 'b_i': 0.1, 'reverse_reactive_valley': None, 'positive_reactive_peak': None, 'reverse_reactive_peak': None, 'reverse_active_peak': None, 'positive_active_peak': None, 'a_u': 11463.95, 'reactive_power': 3206.0, 'c_u': 11432.88, 'total_apparent_power': 3.655, '...
2026-05-08 01:06:23,231 - root - INFO - API Response type: <class 'dict'>
2026-05-08 01:06:23,231 - root - INFO - API Response keys: ['failCode', 'success', 'message', 'data']
2026-05-08 01:06:23,231 - root - INFO - API Response data is a list with 288 items
2026-05-08 01:06:23,231 - root - INFO - API Response has failCode: 0, message: historical data information query successful.
2026-05-08 01:06:23,232 - root - INFO - Using alternate response format: data as list
2026-05-08 01:06:23,232 - root - INFO - Received 288 data points from API
2026-05-08 01:06:23,232 - root - INFO - Sample data point structure: ['devDn', 'collectTime', 'dataItems']
2026-05-08 01:06:23,324 - root - INFO - Successfully upserted 288 data points.
2026-05-08 01:06:26,802 - root - INFO - Using single devDn for device/history (API: one device per query)
2026-05-08 01:06:26,803 - root - INFO - Fetching historical data for 1 devices of type meter
2026-05-08 01:06:26,804 - root - INFO - Making API request to: https://sg5.fusionsolar.huawei.com/rest/openapi/pvms/nbi/v1/device/history
2026-05-08 01:06:26,804 - root - INFO - Request payload: {'devDn': 'NE=51758774', 'devTypeId': 17, 'startTime': 1778086800000, 'endTime': 1778173199000}
2026-05-08 01:06:28,320 - root - INFO - Response status code: 200
2026-05-08 01:06:28,330 - root - INFO - API response from https://sg5.fusionsolar.huawei.com/rest/openapi/pvms/nbi/v1/device/history (truncated): {'failCode': 0, 'success': True, 'message': 'historical data information query successful.', 'data': [{'devDn': 'NE=51758774', 'collectTime': 1778086800000, 'dataItems': {'active_cap': 3502903.03, 'power_factor': -0.407, 'a_i': 0.1, 'c_i': 0.1, 'b_i': 0.1, 'reverse_reactive_valley': None, 'positive_reactive_peak': None, 'reverse_reactive_peak': None, 'reverse_active_peak': None, 'positive_active_peak': None, 'a_u': 11466.91, 'reactive_power': -3780.0, 'c_u': 11438.15, 'total_apparent_power': 4.1...
2026-05-08 01:06:28,332 - root - INFO - API Response type: <class 'dict'>
2026-05-08 01:06:28,332 - root - INFO - API Response keys: ['failCode', 'success', 'message', 'data']
2026-05-08 01:06:28,332 - root - INFO - API Response data is a list with 288 items
2026-05-08 01:06:28,333 - root - INFO - API Response has failCode: 0, message: historical data information query successful.
2026-05-08 01:06:28,333 - root - INFO - Using alternate response format: data as list
2026-05-08 01:06:28,333 - root - INFO - Received 288 data points from API
2026-05-08 01:06:28,333 - root - INFO - Sample data point structure: ['devDn', 'collectTime', 'dataItems']
2026-05-08 01:06:28,432 - root - INFO - Successfully upserted 288 data points.
2026-05-08 01:06:32,012 - root - INFO - Using single devDn for device/history (API: one device per query)
2026-05-08 01:06:32,013 - root - INFO - Fetching historical data for 1 devices of type meter
2026-05-08 01:06:32,013 - root - INFO - Making API request to: https://sg5.fusionsolar.huawei.com/rest/openapi/pvms/nbi/v1/device/history
2026-05-08 01:06:32,014 - root - INFO - Request payload: {'devDn': 'NE=59113616', 'devTypeId': 17, 'startTime': 1778086800000, 'endTime': 1778173199000}
2026-05-08 01:06:34,212 - root - INFO - Response status code: 200
2026-05-08 01:06:34,219 - root - INFO - API response from https://sg5.fusionsolar.huawei.com/rest/openapi/pvms/nbi/v1/device/history (truncated): {'failCode': 0, 'success': True, 'message': 'historical data information query successful.', 'data': [{'devDn': 'NE=59113616', 'collectTime': 1778086800000, 'dataItems': {'active_cap': None, 'power_factor': -0.914, 'a_i': 1.1, 'c_i': None, 'b_i': None, 'reverse_reactive_valley': None, 'positive_reactive_peak': None, 'reverse_reactive_peak': None, 'reverse_active_peak': None, 'positive_active_peak': None, 'a_u': 224.9, 'reactive_power': -85.0, 'c_u': None, 'total_apparent_power': 0.21, 'bc_u': No...
2026-05-08 01:06:34,221 - root - INFO - API Response type: <class 'dict'>
2026-05-08 01:06:34,221 - root - INFO - API Response keys: ['failCode', 'success', 'message', 'data']
2026-05-08 01:06:34,221 - root - INFO - API Response data is a list with 288 items
2026-05-08 01:06:34,222 - root - INFO - API Response has failCode: 0, message: historical data information query successful.
2026-05-08 01:06:34,222 - root - INFO - Using alternate response format: data as list
2026-05-08 01:06:34,222 - root - INFO - Received 288 data points from API
2026-05-08 01:06:34,223 - root - INFO - Sample data point structure: ['devDn', 'collectTime', 'dataItems']
2026-05-08 01:06:34,312 - root - INFO - Successfully upserted 288 data points.
2026-05-08 01:06:38,012 - root - INFO - Using single devDn for device/history (API: one device per query)
2026-05-08 01:06:38,014 - root - INFO - Fetching historical data for 1 devices of type meter
2026-05-08 01:06:38,014 - root - INFO - Making API request to: https://sg5.fusionsolar.huawei.com/rest/openapi/pvms/nbi/v1/device/history
2026-05-08 01:06:38,014 - root - INFO - Request payload: {'devDn': 'NE=58847996', 'devTypeId': 17, 'startTime': 1778086800000, 'endTime': 1778173199000}
2026-05-08 01:06:39,351 - root - INFO - Response status code: 200
2026-05-08 01:06:39,361 - root - INFO - API response from https://sg5.fusionsolar.huawei.com/rest/openapi/pvms/nbi/v1/device/history (truncated): {'failCode': 0, 'success': True, 'message': 'historical data information query successful.', 'data': [{'devDn': 'NE=58847996', 'collectTime': 1778086800000, 'dataItems': {'active_cap': 9562.58, 'power_factor': 0.287, 'a_i': 0.2, 'c_i': 0.3, 'b_i': 0.2, 'reverse_reactive_valley': None, 'positive_reactive_peak': None, 'reverse_reactive_peak': None, 'reverse_active_peak': None, 'positive_active_peak': None, 'a_u': 11470.01, 'reactive_power': 5668.0, 'c_u': 11422.77, 'total_apparent_power': 5.918, '...
2026-05-08 01:06:39,363 - root - INFO - API Response type: <class 'dict'>
2026-05-08 01:06:39,363 - root - INFO - API Response keys: ['failCode', 'success', 'message', 'data']
2026-05-08 01:06:39,363 - root - INFO - API Response data is a list with 288 items
2026-05-08 01:06:39,363 - root - INFO - API Response has failCode: 0, message: historical data information query successful.
2026-05-08 01:06:39,364 - root - INFO - Using alternate response format: data as list
2026-05-08 01:06:39,364 - root - INFO - Received 288 data points from API
2026-05-08 01:06:39,364 - root - INFO - Sample data point structure: ['devDn', 'collectTime', 'dataItems']
2026-05-08 01:06:39,455 - root - INFO - Successfully upserted 288 data points.
2026-05-08 01:06:43,432 - root - INFO - Using single devDn for device/history (API: one device per query)
2026-05-08 01:06:43,434 - root - INFO - Fetching historical data for 1 devices of type meter
2026-05-08 01:06:43,434 - root - INFO - Making API request to: https://sg5.fusionsolar.huawei.com/rest/openapi/pvms/nbi/v1/device/history
2026-05-08 01:06:43,434 - root - INFO - Request payload: {'devDn': 'NE=58847458', 'devTypeId': 17, 'startTime': 1778086800000, 'endTime': 1778173199000}
2026-05-08 01:06:44,787 - root - INFO - Response status code: 200
2026-05-08 01:06:44,797 - root - INFO - API response from https://sg5.fusionsolar.huawei.com/rest/openapi/pvms/nbi/v1/device/history (truncated): {'failCode': 0, 'success': True, 'message': 'historical data information query successful.', 'data': [{'devDn': 'NE=58847458', 'collectTime': 1778086800000, 'dataItems': {'active_cap': 36810.99, 'power_factor': 0.243, 'a_i': 0.2, 'c_i': 0.2, 'b_i': 0.2, 'reverse_reactive_valley': None, 'positive_reactive_peak': None, 'reverse_reactive_peak': None, 'reverse_active_peak': None, 'positive_active_peak': None, 'a_u': 11425.59, 'reactive_power': 6637.0, 'c_u': 11413.09, 'total_apparent_power': 6.843, ...
2026-05-08 01:06:44,800 - root - INFO - API Response type: <class 'dict'>
2026-05-08 01:06:44,800 - root - INFO - API Response keys: ['failCode', 'success', 'message', 'data']
2026-05-08 01:06:44,800 - root - INFO - API Response data is a list with 288 items
2026-05-08 01:06:44,800 - root - INFO - API Response has failCode: 0, message: historical data information query successful.
2026-05-08 01:06:44,800 - root - INFO - Using alternate response format: data as list
2026-05-08 01:06:44,800 - root - INFO - Received 288 data points from API
2026-05-08 01:06:44,800 - root - INFO - Sample data point structure: ['devDn', 'collectTime', 'dataItems']
2026-05-08 01:06:44,894 - root - INFO - Successfully upserted 288 data points.
2026-05-08 01:06:48,213 - root - INFO - Using single devDn for device/history (API: one device per query)
2026-05-08 01:06:48,215 - root - INFO - Fetching historical data for 1 devices of type meter
2026-05-08 01:06:48,215 - root - INFO - Making API request to: https://sg5.fusionsolar.huawei.com/rest/openapi/pvms/nbi/v1/device/history
2026-05-08 01:06:48,215 - root - INFO - Request payload: {'devDn': 'NE=58847456', 'devTypeId': 17, 'startTime': 1778086800000, 'endTime': 1778173199000}
2026-05-08 01:06:49,543 - root - INFO - Response status code: 200
2026-05-08 01:06:49,552 - root - INFO - API response from https://sg5.fusionsolar.huawei.com/rest/openapi/pvms/nbi/v1/device/history (truncated): {'failCode': 0, 'success': True, 'message': 'historical data information query successful.', 'data': [{'devDn': 'NE=58847456', 'collectTime': 1778086800000, 'dataItems': {'active_cap': 61.16, 'power_factor': 0.0, 'a_i': 0.0, 'c_i': 0.0, 'b_i': 0.0, 'reverse_reactive_valley': None, 'positive_reactive_peak': None, 'reverse_reactive_peak': None, 'reverse_active_peak': None, 'positive_active_peak': None, 'a_u': 222.25, 'reactive_power': 0.0, 'c_u': 222.27, 'total_apparent_power': 0.0, 'bc_u': 384.75...
2026-05-08 01:06:49,554 - root - INFO - API Response type: <class 'dict'>
2026-05-08 01:06:49,554 - root - INFO - API Response keys: ['failCode', 'success', 'message', 'data']
2026-05-08 01:06:49,554 - root - INFO - API Response data is a list with 283 items
2026-05-08 01:06:49,554 - root - INFO - API Response has failCode: 0, message: historical data information query successful.
2026-05-08 01:06:49,555 - root - INFO - Using alternate response format: data as list
2026-05-08 01:06:49,555 - root - INFO - Received 283 data points from API
2026-05-08 01:06:49,555 - root - INFO - Sample data point structure: ['devDn', 'collectTime', 'dataItems']
2026-05-08 01:06:49,647 - root - INFO - Successfully upserted 283 data points.
2026-05-08 01:06:53,439 - root - INFO - Using single devDn for device/history (API: one device per query)
2026-05-08 01:06:53,440 - root - INFO - Fetching historical data for 1 devices of type meter
2026-05-08 01:06:53,440 - root - INFO - Making API request to: https://sg5.fusionsolar.huawei.com/rest/openapi/pvms/nbi/v1/device/history
2026-05-08 01:06:53,441 - root - INFO - Request payload: {'devDn': 'NE=58630786', 'devTypeId': 17, 'startTime': 1778086800000, 'endTime': 1778173199000}
2026-05-08 01:06:54,842 - root - INFO - Response status code: 200
2026-05-08 01:06:54,852 - root - INFO - API response from https://sg5.fusionsolar.huawei.com/rest/openapi/pvms/nbi/v1/device/history (truncated): {'failCode': 0, 'success': True, 'message': 'historical data information query successful.', 'data': [{'devDn': 'NE=58630786', 'collectTime': 1778086800000, 'dataItems': {'active_cap': 90.25, 'power_factor': 0.0, 'a_i': 0.0, 'c_i': 0.0, 'b_i': 0.0, 'reverse_reactive_valley': None, 'positive_reactive_peak': None, 'reverse_reactive_peak': None, 'reverse_active_peak': None, 'positive_active_peak': None, 'a_u': 221.41, 'reactive_power': 0.0, 'c_u': 221.93, 'total_apparent_power': 0.0, 'bc_u': 384.45...
2026-05-08 01:06:54,854 - root - INFO - API Response type: <class 'dict'>
2026-05-08 01:06:54,854 - root - INFO - API Response keys: ['failCode', 'success', 'message', 'data']
2026-05-08 01:06:54,854 - root - INFO - API Response data is a list with 288 items
2026-05-08 01:06:54,854 - root - INFO - API Response has failCode: 0, message: historical data information query successful.
2026-05-08 01:06:54,854 - root - INFO - Using alternate response format: data as list
2026-05-08 01:06:54,855 - root - INFO - Received 288 data points from API
2026-05-08 01:06:54,855 - root - INFO - Sample data point structure: ['devDn', 'collectTime', 'dataItems']
2026-05-08 01:06:54,949 - root - INFO - Successfully upserted 288 data points.
2026-05-08 01:06:58,195 - root - INFO - Using single devDn for device/history (API: one device per query)
2026-05-08 01:06:58,197 - root - INFO - Fetching historical data for 1 devices of type meter
2026-05-08 01:06:58,197 - root - INFO - Making API request to: https://sg5.fusionsolar.huawei.com/rest/openapi/pvms/nbi/v1/device/history
2026-05-08 01:06:58,197 - root - INFO - Request payload: {'devDn': 'NE=58795824', 'devTypeId': 17, 'startTime': 1778086800000, 'endTime': 1778173199000}
2026-05-08 01:06:59,650 - root - INFO - Response status code: 200
2026-05-08 01:06:59,660 - root - INFO - API response from https://sg5.fusionsolar.huawei.com/rest/openapi/pvms/nbi/v1/device/history (truncated): {'failCode': 0, 'success': True, 'message': 'historical data information query successful.', 'data': [{'devDn': 'NE=58795824', 'collectTime': 1778086800000, 'dataItems': {'active_cap': 8958.72, 'power_factor': 0.392, 'a_i': 0.2, 'c_i': 0.2, 'b_i': 0.2, 'reverse_reactive_valley': None, 'positive_reactive_peak': None, 'reverse_reactive_peak': None, 'reverse_active_peak': None, 'positive_active_peak': None, 'a_u': 11487.53, 'reactive_power': 3836.0, 'c_u': 11432.96, 'total_apparent_power': 4.17, 'b...
2026-05-08 01:06:59,662 - root - INFO - API Response type: <class 'dict'>
2026-05-08 01:06:59,662 - root - INFO - API Response keys: ['failCode', 'success', 'message', 'data']
2026-05-08 01:06:59,662 - root - INFO - API Response data is a list with 288 items
2026-05-08 01:06:59,662 - root - INFO - API Response has failCode: 0, message: historical data information query successful.
2026-05-08 01:06:59,662 - root - INFO - Using alternate response format: data as list
2026-05-08 01:06:59,662 - root - INFO - Received 288 data points from API
2026-05-08 01:06:59,662 - root - INFO - Sample data point structure: ['devDn', 'collectTime', 'dataItems']
2026-05-08 01:06:59,754 - root - INFO - Successfully upserted 288 data points.
2026-05-08 01:07:03,212 - root - INFO - Using single devDn for device/history (API: one device per query)
2026-05-08 01:07:03,214 - root - INFO - Fetching historical data for 1 devices of type meter
2026-05-08 01:07:03,214 - root - INFO - Making API request to: https://sg5.fusionsolar.huawei.com/rest/openapi/pvms/nbi/v1/device/history
2026-05-08 01:07:03,214 - root - INFO - Request payload: {'devDn': 'NE=58795822', 'devTypeId': 17, 'startTime': 1778086800000, 'endTime': 1778173199000}
2026-05-08 01:07:04,809 - root - INFO - Response status code: 200
2026-05-08 01:07:04,819 - root - INFO - API response from https://sg5.fusionsolar.huawei.com/rest/openapi/pvms/nbi/v1/device/history (truncated): {'failCode': 0, 'success': True, 'message': 'historical data information query successful.', 'data': [{'devDn': 'NE=58795822', 'collectTime': 1778086800000, 'dataItems': {'active_cap': 69293.58, 'power_factor': 0.283, 'a_i': 0.1, 'c_i': 0.2, 'b_i': 0.1, 'reverse_reactive_valley': None, 'positive_reactive_peak': None, 'reverse_reactive_peak': None, 'reverse_active_peak': None, 'positive_active_peak': None, 'a_u': 11420.11, 'reactive_power': 5318.0, 'c_u': 11420.35, 'total_apparent_power': 5.545, ...
2026-05-08 01:07:04,820 - root - INFO - API Response type: <class 'dict'>
2026-05-08 01:07:04,821 - root - INFO - API Response keys: ['failCode', 'success', 'message', 'data']
2026-05-08 01:07:04,821 - root - INFO - API Response data is a list with 288 items
2026-05-08 01:07:04,821 - root - INFO - API Response has failCode: 0, message: historical data information query successful.
2026-05-08 01:07:04,821 - root - INFO - Using alternate response format: data as list
2026-05-08 01:07:04,821 - root - INFO - Received 288 data points from API
2026-05-08 01:07:04,821 - root - INFO - Sample data point structure: ['devDn', 'collectTime', 'dataItems']
2026-05-08 01:07:04,918 - root - INFO - Successfully upserted 288 data points.
2026-05-08 01:07:08,143 - root - INFO - Using single devDn for device/history (API: one device per query)
2026-05-08 01:07:08,144 - root - INFO - Fetching historical data for 1 devices of type meter
2026-05-08 01:07:08,144 - root - INFO - Making API request to: https://sg5.fusionsolar.huawei.com/rest/openapi/pvms/nbi/v1/device/history
2026-05-08 01:07:08,144 - root - INFO - Request payload: {'devDn': 'NE=59087192', 'devTypeId': 17, 'startTime': 1778086800000, 'endTime': 1778173199000}
2026-05-08 01:07:10,111 - root - INFO - Response status code: 200
2026-05-08 01:07:10,118 - root - INFO - API response from https://sg5.fusionsolar.huawei.com/rest/openapi/pvms/nbi/v1/device/history (truncated): {'failCode': 0, 'success': True, 'message': 'historical data information query successful.', 'data': [{'devDn': 'NE=59087192', 'collectTime': 1778086800000, 'dataItems': {'active_cap': None, 'power_factor': -0.925, 'a_i': 1.2, 'c_i': None, 'b_i': None, 'reverse_reactive_valley': None, 'positive_reactive_peak': None, 'reverse_reactive_peak': None, 'reverse_active_peak': None, 'positive_active_peak': None, 'a_u': 223.8, 'reactive_power': -87.0, 'c_u': None, 'total_apparent_power': 0.23, 'bc_u': No...
2026-05-08 01:07:10,119 - root - INFO - API Response type: <class 'dict'>
2026-05-08 01:07:10,119 - root - INFO - API Response keys: ['failCode', 'success', 'message', 'data']
2026-05-08 01:07:10,120 - root - INFO - API Response data is a list with 288 items
2026-05-08 01:07:10,120 - root - INFO - API Response has failCode: 0, message: historical data information query successful.
2026-05-08 01:07:10,120 - root - INFO - Using alternate response format: data as list
2026-05-08 01:07:10,120 - root - INFO - Received 288 data points from API
2026-05-08 01:07:10,120 - root - INFO - Sample data point structure: ['devDn', 'collectTime', 'dataItems']
2026-05-08 01:07:10,209 - root - INFO - Successfully upserted 288 data points.
2026-05-08 01:07:13,563 - root - INFO - Using single devDn for device/history (API: one device per query)
2026-05-08 01:07:13,564 - root - INFO - Fetching historical data for 1 devices of type meter
2026-05-08 01:07:13,564 - root - INFO - Making API request to: https://sg5.fusionsolar.huawei.com/rest/openapi/pvms/nbi/v1/device/history
2026-05-08 01:07:13,565 - root - INFO - Request payload: {'devDn': 'NE=54435799', 'devTypeId': 17, 'startTime': 1778086800000, 'endTime': 1778173199000}
2026-05-08 01:07:15,496 - root - INFO - Response status code: 200
2026-05-08 01:07:15,504 - root - INFO - API response from https://sg5.fusionsolar.huawei.com/rest/openapi/pvms/nbi/v1/device/history (truncated): {'failCode': 0, 'success': True, 'message': 'historical data information query successful.', 'data': [{'devDn': 'NE=54435799', 'collectTime': 1778086800000, 'dataItems': {'active_cap': 0.0, 'power_factor': -1.0, 'a_i': 0.6, 'c_i': None, 'b_i': None, 'reverse_reactive_valley': None, 'positive_reactive_peak': None, 'reverse_reactive_peak': None, 'reverse_active_peak': None, 'positive_active_peak': None, 'a_u': 232.0, 'reactive_power': -29.0, 'c_u': None, 'total_apparent_power': 0.111, 'bc_u': None...
2026-05-08 01:07:15,506 - root - INFO - API Response type: <class 'dict'>
2026-05-08 01:07:15,506 - root - INFO - API Response keys: ['failCode', 'success', 'message', 'data']
2026-05-08 01:07:15,506 - root - INFO - API Response data is a list with 288 items
2026-05-08 01:07:15,506 - root - INFO - API Response has failCode: 0, message: historical data information query successful.
2026-05-08 01:07:15,506 - root - INFO - Using alternate response format: data as list
2026-05-08 01:07:15,506 - root - INFO - Received 288 data points from API
2026-05-08 01:07:15,506 - root - INFO - Sample data point structure: ['devDn', 'collectTime', 'dataItems']
2026-05-08 01:07:15,596 - root - INFO - Successfully upserted 288 data points.
2026-05-08 01:07:19,544 - root - INFO - Using single devDn for device/history (API: one device per query)
2026-05-08 01:07:19,546 - root - INFO - Fetching historical data for 1 devices of type meter
2026-05-08 01:07:19,546 - root - INFO - Making API request to: https://sg5.fusionsolar.huawei.com/rest/openapi/pvms/nbi/v1/device/history
2026-05-08 01:07:19,546 - root - INFO - Request payload: {'devDn': 'NE=54435800', 'devTypeId': 17, 'startTime': 1778086800000, 'endTime': 1778173199000}
2026-05-08 01:07:20,881 - root - INFO - Response status code: 200
2026-05-08 01:07:20,890 - root - INFO - API response from https://sg5.fusionsolar.huawei.com/rest/openapi/pvms/nbi/v1/device/history (truncated): {'failCode': 0, 'success': True, 'message': 'historical data information query successful.', 'data': [{'devDn': 'NE=54435800', 'collectTime': 1778086800000, 'dataItems': {'active_cap': 68.53, 'power_factor': -0.004, 'a_i': 3.9, 'c_i': 3.9, 'b_i': 4.0, 'reverse_reactive_valley': None, 'positive_reactive_peak': None, 'reverse_reactive_peak': None, 'reverse_active_peak': None, 'positive_active_peak': None, 'a_u': 231.85, 'reactive_power': -2729.0, 'c_u': 231.47, 'total_apparent_power': 2.729, 'bc_u...
2026-05-08 01:07:20,892 - root - INFO - API Response type: <class 'dict'>
2026-05-08 01:07:20,892 - root - INFO - API Response keys: ['failCode', 'success', 'message', 'data']
2026-05-08 01:07:20,892 - root - INFO - API Response data is a list with 288 items
2026-05-08 01:07:20,893 - root - INFO - API Response has failCode: 0, message: historical data information query successful.
2026-05-08 01:07:20,893 - root - INFO - Using alternate response format: data as list
2026-05-08 01:07:20,893 - root - INFO - Received 288 data points from API
2026-05-08 01:07:20,893 - root - INFO - Sample data point structure: ['devDn', 'collectTime', 'dataItems']
2026-05-08 01:07:20,984 - root - INFO - Successfully upserted 288 data points.
2026-05-08 01:07:24,667 - root - INFO - Using single devDn for device/history (API: one device per query)
2026-05-08 01:07:24,669 - root - INFO - Fetching historical data for 1 devices of type meter
2026-05-08 01:07:24,669 - root - INFO - Making API request to: https://sg5.fusionsolar.huawei.com/rest/openapi/pvms/nbi/v1/device/history
2026-05-08 01:07:24,669 - root - INFO - Request payload: {'devDn': 'NE=54435801', 'devTypeId': 17, 'startTime': 1778086800000, 'endTime': 1778173199000}
2026-05-08 01:07:26,276 - root - INFO - Response status code: 200
2026-05-08 01:07:26,286 - root - INFO - API response from https://sg5.fusionsolar.huawei.com/rest/openapi/pvms/nbi/v1/device/history (truncated): {'failCode': 0, 'success': True, 'message': 'historical data information query successful.', 'data': [{'devDn': 'NE=54435801', 'collectTime': 1778086800000, 'dataItems': {'active_cap': 33.13, 'power_factor': 0.0, 'a_i': 4.1, 'c_i': 4.1, 'b_i': 4.1, 'reverse_reactive_valley': None, 'positive_reactive_peak': None, 'reverse_reactive_peak': None, 'reverse_active_peak': None, 'positive_active_peak': None, 'a_u': 232.21, 'reactive_power': -2861.0, 'c_u': 231.75, 'total_apparent_power': 2.861, 'bc_u': ...
2026-05-08 01:07:26,288 - root - INFO - API Response type: <class 'dict'>
2026-05-08 01:07:26,288 - root - INFO - API Response keys: ['failCode', 'success', 'message', 'data']
2026-05-08 01:07:26,289 - root - INFO - API Response data is a list with 288 items
2026-05-08 01:07:26,289 - root - INFO - API Response has failCode: 0, message: historical data information query successful.
2026-05-08 01:07:26,289 - root - INFO - Using alternate response format: data as list
2026-05-08 01:07:26,289 - root - INFO - Received 288 data points from API
2026-05-08 01:07:26,289 - root - INFO - Sample data point structure: ['devDn', 'collectTime', 'dataItems']
2026-05-08 01:07:26,383 - root - INFO - Successfully upserted 288 data points.
2026-05-08 01:07:29,922 - root - INFO - Using single devDn for device/history (API: one device per query)
2026-05-08 01:07:29,923 - root - INFO - Fetching historical data for 1 devices of type meter
2026-05-08 01:07:29,923 - root - INFO - Making API request to: https://sg5.fusionsolar.huawei.com/rest/openapi/pvms/nbi/v1/device/history
2026-05-08 01:07:29,924 - root - INFO - Request payload: {'devDn': 'NE=62806365', 'devTypeId': 17, 'startTime': 1778086800000, 'endTime': 1778173199000}
2026-05-08 01:07:31,393 - root - INFO - Response status code: 200
2026-05-08 01:07:31,401 - root - INFO - API response from https://sg5.fusionsolar.huawei.com/rest/openapi/pvms/nbi/v1/device/history (truncated): {'failCode': 0, 'success': True, 'message': 'historical data information query successful.', 'data': [{'devDn': 'NE=62806365', 'collectTime': 1778086800000, 'dataItems': {'active_cap': None, 'power_factor': 0.0, 'a_i': 1.2, 'c_i': 0.0, 'b_i': 0.0, 'reverse_reactive_valley': None, 'positive_reactive_peak': None, 'reverse_reactive_peak': None, 'reverse_active_peak': None, 'positive_active_peak': None, 'a_u': 219.9, 'reactive_power': -20.0, 'c_u': 0.0, 'total_apparent_power': 0.185, 'bc_u': 0.0, 'b...
2026-05-08 01:07:31,402 - root - INFO - API Response type: <class 'dict'>
2026-05-08 01:07:31,404 - root - INFO - API Response keys: ['failCode', 'success', 'message', 'data']
2026-05-08 01:07:31,404 - root - INFO - API Response data is a list with 288 items
2026-05-08 01:07:31,404 - root - INFO - API Response has failCode: 0, message: historical data information query successful.
2026-05-08 01:07:31,404 - root - INFO - Using alternate response format: data as list
2026-05-08 01:07:31,404 - root - INFO - Received 288 data points from API
2026-05-08 01:07:31,404 - root - INFO - Sample data point structure: ['devDn', 'collectTime', 'dataItems']
2026-05-08 01:07:31,497 - root - INFO - Successfully upserted 288 data points.
2026-05-08 01:07:35,517 - root - INFO - Using single devDn for device/history (API: one device per query)
2026-05-08 01:07:35,519 - root - INFO - Fetching historical data for 1 devices of type meter
2026-05-08 01:07:35,519 - root - INFO - Making API request to: https://sg5.fusionsolar.huawei.com/rest/openapi/pvms/nbi/v1/device/history
2026-05-08 01:07:35,519 - root - INFO - Request payload: {'devDn': 'NE=62806366', 'devTypeId': 17, 'startTime': 1778086800000, 'endTime': 1778173199000}
2026-05-08 01:07:37,114 - root - INFO - Response status code: 200
2026-05-08 01:07:37,123 - root - INFO - API response from https://sg5.fusionsolar.huawei.com/rest/openapi/pvms/nbi/v1/device/history (truncated): {'failCode': 0, 'success': True, 'message': 'historical data information query successful.', 'data': [{'devDn': 'NE=62806366', 'collectTime': 1778086800000, 'dataItems': {'active_cap': 1.23, 'power_factor': 0.0, 'a_i': 0.0, 'c_i': 0.0, 'b_i': 0.0, 'reverse_reactive_valley': None, 'positive_reactive_peak': None, 'reverse_reactive_peak': None, 'reverse_active_peak': None, 'positive_active_peak': None, 'a_u': 0.0, 'reactive_power': 0.0, 'c_u': 0.0, 'total_apparent_power': 0.0, 'bc_u': 21079.91, 'b_...
2026-05-08 01:07:37,125 - root - INFO - API Response type: <class 'dict'>
2026-05-08 01:07:37,125 - root - INFO - API Response keys: ['failCode', 'success', 'message', 'data']
2026-05-08 01:07:37,125 - root - INFO - API Response data is a list with 288 items
2026-05-08 01:07:37,125 - root - INFO - API Response has failCode: 0, message: historical data information query successful.
2026-05-08 01:07:37,125 - root - INFO - Using alternate response format: data as list
2026-05-08 01:07:37,125 - root - INFO - Received 288 data points from API
2026-05-08 01:07:37,125 - root - INFO - Sample data point structure: ['devDn', 'collectTime', 'dataItems']
2026-05-08 01:07:37,216 - root - INFO - Successfully upserted 288 data points.
2026-05-08 01:07:40,472 - root - INFO - Using single devDn for device/history (API: one device per query)
2026-05-08 01:07:40,473 - root - INFO - Fetching historical data for 1 devices of type meter
2026-05-08 01:07:40,473 - root - INFO - Making API request to: https://sg5.fusionsolar.huawei.com/rest/openapi/pvms/nbi/v1/device/history
2026-05-08 01:07:40,473 - root - INFO - Request payload: {'devDn': 'NE=62806363', 'devTypeId': 17, 'startTime': 1778086800000, 'endTime': 1778173199000}
2026-05-08 01:07:41,863 - root - INFO - Response status code: 200
2026-05-08 01:07:41,873 - root - INFO - API response from https://sg5.fusionsolar.huawei.com/rest/openapi/pvms/nbi/v1/device/history (truncated): {'failCode': 0, 'success': True, 'message': 'historical data information query successful.', 'data': [{'devDn': 'NE=62806363', 'collectTime': 1778086800000, 'dataItems': {'active_cap': 1119.28, 'power_factor': -0.013, 'a_i': 13.5, 'c_i': 14.2, 'b_i': 13.4, 'reverse_reactive_valley': None, 'positive_reactive_peak': None, 'reverse_reactive_peak': None, 'reverse_active_peak': None, 'positive_active_peak': None, 'a_u': 227.96, 'reactive_power': -8866.0, 'c_u': 228.96, 'total_apparent_power': 8.866, ...
2026-05-08 01:07:41,875 - root - INFO - API Response type: <class 'dict'>
2026-05-08 01:07:41,875 - root - INFO - API Response keys: ['failCode', 'success', 'message', 'data']
2026-05-08 01:07:41,875 - root - INFO - API Response data is a list with 288 items
2026-05-08 01:07:41,875 - root - INFO - API Response has failCode: 0, message: historical data information query successful.
2026-05-08 01:07:41,875 - root - INFO - Using alternate response format: data as list
2026-05-08 01:07:41,875 - root - INFO - Received 288 data points from API
2026-05-08 01:07:41,875 - root - INFO - Sample data point structure: ['devDn', 'collectTime', 'dataItems']
2026-05-08 01:07:41,966 - root - INFO - Successfully upserted 288 data points.
2026-05-08 01:07:45,609 - root - INFO - Using single devDn for device/history (API: one device per query)
2026-05-08 01:07:45,611 - root - INFO - Fetching historical data for 1 devices of type meter
2026-05-08 01:07:45,611 - root - INFO - Making API request to: https://sg5.fusionsolar.huawei.com/rest/openapi/pvms/nbi/v1/device/history
2026-05-08 01:07:45,611 - root - INFO - Request payload: {'devDn': 'NE=62806364', 'devTypeId': 17, 'startTime': 1778086800000, 'endTime': 1778173199000}
2026-05-08 01:07:47,019 - root - INFO - Response status code: 200
2026-05-08 01:07:47,030 - root - INFO - API response from https://sg5.fusionsolar.huawei.com/rest/openapi/pvms/nbi/v1/device/history (truncated): {'failCode': 0, 'success': True, 'message': 'historical data information query successful.', 'data': [{'devDn': 'NE=62806364', 'collectTime': 1778086800000, 'dataItems': {'active_cap': 436.34, 'power_factor': -0.017, 'a_i': 15.5, 'c_i': 14.8, 'b_i': 13.7, 'reverse_reactive_valley': None, 'positive_reactive_peak': None, 'reverse_reactive_peak': None, 'reverse_active_peak': None, 'positive_active_peak': None, 'a_u': 227.65, 'reactive_power': -10045.0, 'c_u': 228.91, 'total_apparent_power': 10.046,...
2026-05-08 01:07:47,031 - root - INFO - API Response type: <class 'dict'>
2026-05-08 01:07:47,032 - root - INFO - API Response keys: ['failCode', 'success', 'message', 'data']
2026-05-08 01:07:47,032 - root - INFO - API Response data is a list with 288 items
2026-05-08 01:07:47,032 - root - INFO - API Response has failCode: 0, message: historical data information query successful.
2026-05-08 01:07:47,032 - root - INFO - Using alternate response format: data as list
2026-05-08 01:07:47,032 - root - INFO - Received 288 data points from API
2026-05-08 01:07:47,032 - root - INFO - Sample data point structure: ['devDn', 'collectTime', 'dataItems']
2026-05-08 01:07:47,124 - root - INFO - Successfully upserted 288 data points.
2026-05-08 01:07:50,306 - root - INFO - Using single devDn for device/history (API: one device per query)
2026-05-08 01:07:50,308 - root - INFO - Fetching historical data for 1 devices of type meter
2026-05-08 01:07:50,308 - root - INFO - Making API request to: https://sg5.fusionsolar.huawei.com/rest/openapi/pvms/nbi/v1/device/history
2026-05-08 01:07:50,308 - root - INFO - Request payload: {'devDn': 'NE=54436515', 'devTypeId': 17, 'startTime': 1778086800000, 'endTime': 1778173199000}
2026-05-08 01:07:52,282 - root - INFO - Response status code: 200
2026-05-08 01:07:52,290 - root - INFO - API response from https://sg5.fusionsolar.huawei.com/rest/openapi/pvms/nbi/v1/device/history (truncated): {'failCode': 0, 'success': True, 'message': 'historical data information query successful.', 'data': [{'devDn': 'NE=54436515', 'collectTime': 1778086800000, 'dataItems': {'active_cap': 0.0, 'power_factor': -0.948, 'a_i': 0.4, 'c_i': None, 'b_i': None, 'reverse_reactive_valley': None, 'positive_reactive_peak': None, 'reverse_reactive_peak': None, 'reverse_active_peak': None, 'positive_active_peak': None, 'a_u': 234.5, 'reactive_power': -28.0, 'c_u': None, 'total_apparent_power': 0.089, 'bc_u': No...
2026-05-08 01:07:52,293 - root - INFO - API Response type: <class 'dict'>
2026-05-08 01:07:52,293 - root - INFO - API Response keys: ['failCode', 'success', 'message', 'data']
2026-05-08 01:07:52,293 - root - INFO - API Response data is a list with 288 items
2026-05-08 01:07:52,293 - root - INFO - API Response has failCode: 0, message: historical data information query successful.
2026-05-08 01:07:52,293 - root - INFO - Using alternate response format: data as list
2026-05-08 01:07:52,293 - root - INFO - Received 288 data points from API
2026-05-08 01:07:52,294 - root - INFO - Sample data point structure: ['devDn', 'collectTime', 'dataItems']
2026-05-08 01:07:52,381 - root - INFO - Successfully upserted 288 data points.
2026-05-08 01:07:55,819 - root - INFO - Using single devDn for device/history (API: one device per query)
2026-05-08 01:07:55,820 - root - INFO - Fetching historical data for 1 devices of type meter
2026-05-08 01:07:55,820 - root - INFO - Making API request to: https://sg5.fusionsolar.huawei.com/rest/openapi/pvms/nbi/v1/device/history
2026-05-08 01:07:55,820 - root - INFO - Request payload: {'devDn': 'NE=54436516', 'devTypeId': 17, 'startTime': 1778086800000, 'endTime': 1778173199000}
2026-05-08 01:07:57,182 - root - INFO - Response status code: 200
2026-05-08 01:07:57,192 - root - INFO - API response from https://sg5.fusionsolar.huawei.com/rest/openapi/pvms/nbi/v1/device/history (truncated): {'failCode': 0, 'success': True, 'message': 'historical data information query successful.', 'data': [{'devDn': 'NE=54436516', 'collectTime': 1778086800000, 'dataItems': {'active_cap': 317.4, 'power_factor': -0.008, 'a_i': 7.4, 'c_i': 7.3, 'b_i': 7.1, 'reverse_reactive_valley': None, 'positive_reactive_peak': None, 'reverse_reactive_peak': None, 'reverse_active_peak': None, 'positive_active_peak': None, 'a_u': 234.38, 'reactive_power': -5047.0, 'c_u': 236.41, 'total_apparent_power': 5.047, 'bc_u...
2026-05-08 01:07:57,195 - root - INFO - API Response type: <class 'dict'>
2026-05-08 01:07:57,195 - root - INFO - API Response keys: ['failCode', 'success', 'message', 'data']
2026-05-08 01:07:57,195 - root - INFO - API Response data is a list with 288 items
2026-05-08 01:07:57,195 - root - INFO - API Response has failCode: 0, message: historical data information query successful.
2026-05-08 01:07:57,195 - root - INFO - Using alternate response format: data as list
2026-05-08 01:07:57,196 - root - INFO - Received 288 data points from API
2026-05-08 01:07:57,196 - root - INFO - Sample data point structure: ['devDn', 'collectTime', 'dataItems']
2026-05-08 01:07:57,290 - root - INFO - Successfully upserted 288 data points.
2026-05-08 01:08:00,834 - root - INFO - Using single devDn for device/history (API: one device per query)
2026-05-08 01:08:00,836 - root - INFO - Fetching historical data for 1 devices of type meter
2026-05-08 01:08:00,836 - root - INFO - Making API request to: https://sg5.fusionsolar.huawei.com/rest/openapi/pvms/nbi/v1/device/history
2026-05-08 01:08:00,836 - root - INFO - Request payload: {'devDn': 'NE=54436517', 'devTypeId': 17, 'startTime': 1778086800000, 'endTime': 1778173199000}
2026-05-08 01:08:02,195 - root - INFO - Response status code: 200
2026-05-08 01:08:02,205 - root - INFO - API response from https://sg5.fusionsolar.huawei.com/rest/openapi/pvms/nbi/v1/device/history (truncated): {'failCode': 0, 'success': True, 'message': 'historical data information query successful.', 'data': [{'devDn': 'NE=54436517', 'collectTime': 1778086800000, 'dataItems': {'active_cap': 316.22, 'power_factor': -0.011, 'a_i': 7.3, 'c_i': 7.5, 'b_i': 7.4, 'reverse_reactive_valley': None, 'positive_reactive_peak': None, 'reverse_reactive_peak': None, 'reverse_active_peak': None, 'positive_active_peak': None, 'a_u': 234.25, 'reactive_power': -5219.0, 'c_u': 236.1, 'total_apparent_power': 5.219, 'bc_u...
2026-05-08 01:08:02,206 - root - INFO - API Response type: <class 'dict'>
2026-05-08 01:08:02,207 - root - INFO - API Response keys: ['failCode', 'success', 'message', 'data']
2026-05-08 01:08:02,207 - root - INFO - API Response data is a list with 288 items
2026-05-08 01:08:02,207 - root - INFO - API Response has failCode: 0, message: historical data information query successful.
2026-05-08 01:08:02,207 - root - INFO - Using alternate response format: data as list
2026-05-08 01:08:02,207 - root - INFO - Received 288 data points from API
2026-05-08 01:08:02,207 - root - INFO - Sample data point structure: ['devDn', 'collectTime', 'dataItems']
2026-05-08 01:08:02,298 - root - INFO - Successfully upserted 288 data points.
2026-05-08 01:08:05,590 - root - INFO - Using single devDn for device/history (API: one device per query)
2026-05-08 01:08:05,591 - root - INFO - Fetching historical data for 1 devices of type meter
2026-05-08 01:08:05,591 - root - INFO - Making API request to: https://sg5.fusionsolar.huawei.com/rest/openapi/pvms/nbi/v1/device/history
2026-05-08 01:08:05,591 - root - INFO - Request payload: {'devDn': 'NE=53771652', 'devTypeId': 17, 'startTime': 1778086800000, 'endTime': 1778173199000}
2026-05-08 01:08:07,055 - root - INFO - Response status code: 200
2026-05-08 01:08:07,064 - root - INFO - API response from https://sg5.fusionsolar.huawei.com/rest/openapi/pvms/nbi/v1/device/history (truncated): {'failCode': 0, 'success': True, 'message': 'historical data information query successful.', 'data': [{'devDn': 'NE=53771652', 'collectTime': 1778086800000, 'dataItems': {'active_cap': 231.45, 'power_factor': -0.003, 'a_i': 8.0, 'c_i': 8.2, 'b_i': 7.8, 'reverse_reactive_valley': None, 'positive_reactive_peak': None, 'reverse_reactive_peak': None, 'reverse_active_peak': None, 'positive_active_peak': None, 'a_u': 237.17, 'reactive_power': -5560.0, 'c_u': 235.94, 'total_apparent_power': 5.56, 'bc_u...
2026-05-08 01:08:07,066 - root - INFO - API Response type: <class 'dict'>
2026-05-08 01:08:07,066 - root - INFO - API Response keys: ['failCode', 'success', 'message', 'data']
2026-05-08 01:08:07,066 - root - INFO - API Response data is a list with 288 items
2026-05-08 01:08:07,067 - root - INFO - API Response has failCode: 0, message: historical data information query successful.
2026-05-08 01:08:07,067 - root - INFO - Using alternate response format: data as list
2026-05-08 01:08:07,067 - root - INFO - Received 288 data points from API
2026-05-08 01:08:07,067 - root - INFO - Sample data point structure: ['devDn', 'collectTime', 'dataItems']
2026-05-08 01:08:07,158 - root - INFO - Successfully upserted 288 data points.
2026-05-08 01:08:10,981 - root - INFO - Using single devDn for device/history (API: one device per query)
2026-05-08 01:08:10,982 - root - INFO - Fetching historical data for 1 devices of type meter
2026-05-08 01:08:10,982 - root - INFO - Making API request to: https://sg5.fusionsolar.huawei.com/rest/openapi/pvms/nbi/v1/device/history
2026-05-08 01:08:10,982 - root - INFO - Request payload: {'devDn': 'NE=53771655', 'devTypeId': 17, 'startTime': 1778086800000, 'endTime': 1778173199000}
2026-05-08 01:08:12,386 - root - INFO - Response status code: 200
2026-05-08 01:08:12,395 - root - INFO - API response from https://sg5.fusionsolar.huawei.com/rest/openapi/pvms/nbi/v1/device/history (truncated): {'failCode': 0, 'success': True, 'message': 'historical data information query successful.', 'data': [{'devDn': 'NE=53771655', 'collectTime': 1778086800000, 'dataItems': {'active_cap': 11039.72, 'power_factor': -0.789, 'a_i': 0.2, 'c_i': 0.2, 'b_i': 0.1, 'reverse_reactive_valley': None, 'positive_reactive_peak': None, 'reverse_reactive_peak': None, 'reverse_active_peak': None, 'positive_active_peak': None, 'a_u': 11917.1, 'reactive_power': -1421.0, 'c_u': 11764.65, 'total_apparent_power': 2.317,...
2026-05-08 01:08:12,397 - root - INFO - API Response type: <class 'dict'>
2026-05-08 01:08:12,397 - root - INFO - API Response keys: ['failCode', 'success', 'message', 'data']
2026-05-08 01:08:12,397 - root - INFO - API Response data is a list with 288 items
2026-05-08 01:08:12,397 - root - INFO - API Response has failCode: 0, message: historical data information query successful.
2026-05-08 01:08:12,398 - root - INFO - Using alternate response format: data as list
2026-05-08 01:08:12,398 - root - INFO - Received 288 data points from API
2026-05-08 01:08:12,398 - root - INFO - Sample data point structure: ['devDn', 'collectTime', 'dataItems']
2026-05-08 01:08:12,488 - root - INFO - Successfully upserted 288 data points.
2026-05-08 01:08:16,276 - root - INFO - Using single devDn for device/history (API: one device per query)
2026-05-08 01:08:16,277 - root - INFO - Fetching historical data for 1 devices of type meter
2026-05-08 01:08:16,278 - root - INFO - Making API request to: https://sg5.fusionsolar.huawei.com/rest/openapi/pvms/nbi/v1/device/history
2026-05-08 01:08:16,278 - root - INFO - Request payload: {'devDn': 'NE=53771654', 'devTypeId': 17, 'startTime': 1778086800000, 'endTime': 1778173199000}
2026-05-08 01:08:18,369 - root - INFO - Response status code: 200
2026-05-08 01:08:18,379 - root - INFO - API response from https://sg5.fusionsolar.huawei.com/rest/openapi/pvms/nbi/v1/device/history (truncated): {'failCode': 0, 'success': True, 'message': 'historical data information query successful.', 'data': [{'devDn': 'NE=53771654', 'collectTime': 1778086800000, 'dataItems': {'active_cap': 11357.24, 'power_factor': -0.881, 'a_i': 0.2, 'c_i': 0.2, 'b_i': 0.1, 'reverse_reactive_valley': None, 'positive_reactive_peak': None, 'reverse_reactive_peak': None, 'reverse_active_peak': None, 'positive_active_peak': None, 'a_u': 11942.65, 'reactive_power': -995.0, 'c_u': 11778.58, 'total_apparent_power': 2.109,...
2026-05-08 01:08:18,381 - root - INFO - API Response type: <class 'dict'>
2026-05-08 01:08:18,381 - root - INFO - API Response keys: ['failCode', 'success', 'message', 'data']
2026-05-08 01:08:18,382 - root - INFO - API Response data is a list with 288 items
2026-05-08 01:08:18,382 - root - INFO - API Response has failCode: 0, message: historical data information query successful.
2026-05-08 01:08:18,382 - root - INFO - Using alternate response format: data as list
2026-05-08 01:08:18,382 - root - INFO - Received 288 data points from API
2026-05-08 01:08:18,382 - root - INFO - Sample data point structure: ['devDn', 'collectTime', 'dataItems']
2026-05-08 01:08:18,480 - root - INFO - Successfully upserted 288 data points.
2026-05-08 01:08:21,794 - root - INFO - Using single devDn for device/history (API: one device per query)
2026-05-08 01:08:21,796 - root - INFO - Fetching historical data for 1 devices of type meter
2026-05-08 01:08:21,796 - root - INFO - Making API request to: https://sg5.fusionsolar.huawei.com/rest/openapi/pvms/nbi/v1/device/history
2026-05-08 01:08:21,796 - root - INFO - Request payload: {'devDn': 'NE=53771653', 'devTypeId': 17, 'startTime': 1778086800000, 'endTime': 1778173199000}
2026-05-08 01:08:23,183 - root - INFO - Response status code: 200
2026-05-08 01:08:23,193 - root - INFO - API response from https://sg5.fusionsolar.huawei.com/rest/openapi/pvms/nbi/v1/device/history (truncated): {'failCode': 0, 'success': True, 'message': 'historical data information query successful.', 'data': [{'devDn': 'NE=53771653', 'collectTime': 1778086800000, 'dataItems': {'active_cap': 240.61, 'power_factor': -0.002, 'a_i': 8.2, 'c_i': 8.3, 'b_i': 8.1, 'reverse_reactive_valley': None, 'positive_reactive_peak': None, 'reverse_reactive_peak': None, 'reverse_active_peak': None, 'positive_active_peak': None, 'a_u': 237.72, 'reactive_power': -5815.0, 'c_u': 236.45, 'total_apparent_power': 5.815, 'bc_...
2026-05-08 01:08:23,195 - root - INFO - API Response type: <class 'dict'>
2026-05-08 01:08:23,195 - root - INFO - API Response keys: ['failCode', 'success', 'message', 'data']
2026-05-08 01:08:23,195 - root - INFO - API Response data is a list with 288 items
2026-05-08 01:08:23,195 - root - INFO - API Response has failCode: 0, message: historical data information query successful.
2026-05-08 01:08:23,195 - root - INFO - Using alternate response format: data as list
2026-05-08 01:08:23,195 - root - INFO - Received 288 data points from API
2026-05-08 01:08:23,195 - root - INFO - Sample data point structure: ['devDn', 'collectTime', 'dataItems']
2026-05-08 01:08:23,284 - root - INFO - Successfully upserted 288 data points.
2026-05-08 01:08:26,544 - root - INFO - Using single devDn for device/history (API: one device per query)
2026-05-08 01:08:26,546 - root - INFO - Fetching historical data for 1 devices of type meter
2026-05-08 01:08:26,546 - root - INFO - Making API request to: https://sg5.fusionsolar.huawei.com/rest/openapi/pvms/nbi/v1/device/history
2026-05-08 01:08:26,546 - root - INFO - Request payload: {'devDn': 'NE=62807018', 'devTypeId': 17, 'startTime': 1778086800000, 'endTime': 1778173199000}
2026-05-08 01:08:28,490 - root - INFO - Response status code: 200
2026-05-08 01:08:28,497 - root - INFO - API response from https://sg5.fusionsolar.huawei.com/rest/openapi/pvms/nbi/v1/device/history (truncated): {'failCode': 0, 'success': True, 'message': 'historical data information query successful.', 'data': [{'devDn': 'NE=62807018', 'collectTime': 1778086800000, 'dataItems': {'active_cap': None, 'power_factor': -1.0, 'a_i': 0.6, 'c_i': None, 'b_i': None, 'reverse_reactive_valley': None, 'positive_reactive_peak': None, 'reverse_reactive_peak': None, 'reverse_active_peak': None, 'positive_active_peak': None, 'a_u': 233.9, 'reactive_power': 0.0, 'c_u': None, 'total_apparent_power': 0.125, 'bc_u': None,...
2026-05-08 01:08:28,499 - root - INFO - API Response type: <class 'dict'>
2026-05-08 01:08:28,499 - root - INFO - API Response keys: ['failCode', 'success', 'message', 'data']
2026-05-08 01:08:28,499 - root - INFO - API Response data is a list with 288 items
2026-05-08 01:08:28,499 - root - INFO - API Response has failCode: 0, message: historical data information query successful.
2026-05-08 01:08:28,499 - root - INFO - Using alternate response format: data as list
2026-05-08 01:08:28,500 - root - INFO - Received 288 data points from API
2026-05-08 01:08:28,500 - root - INFO - Sample data point structure: ['devDn', 'collectTime', 'dataItems']
2026-05-08 01:08:28,593 - root - INFO - Successfully upserted 288 data points.
2026-05-08 01:08:32,263 - root - INFO - Using single devDn for device/history (API: one device per query)
2026-05-08 01:08:32,265 - root - INFO - Fetching historical data for 1 devices of type meter
2026-05-08 01:08:32,265 - root - INFO - Making API request to: https://sg5.fusionsolar.huawei.com/rest/openapi/pvms/nbi/v1/device/history
2026-05-08 01:08:32,265 - root - INFO - Request payload: {'devDn': 'NE=62807016', 'devTypeId': 17, 'startTime': 1778086800000, 'endTime': 1778173199000}
2026-05-08 01:08:33,614 - root - INFO - Response status code: 200
2026-05-08 01:08:33,625 - root - INFO - API response from https://sg5.fusionsolar.huawei.com/rest/openapi/pvms/nbi/v1/device/history (truncated): {'failCode': 0, 'success': True, 'message': 'historical data information query successful.', 'data': [{'devDn': 'NE=62807016', 'collectTime': 1778086800000, 'dataItems': {'active_cap': 125.08, 'power_factor': -0.017, 'a_i': 3.4, 'c_i': 3.4, 'b_i': 3.3, 'reverse_reactive_valley': None, 'positive_reactive_peak': None, 'reverse_reactive_peak': None, 'reverse_active_peak': None, 'positive_active_peak': None, 'a_u': 233.57, 'reactive_power': -2241.0, 'c_u': 233.57, 'total_apparent_power': 2.242, 'bc_...
2026-05-08 01:08:33,626 - root - INFO - API Response type: <class 'dict'>
2026-05-08 01:08:33,627 - root - INFO - API Response keys: ['failCode', 'success', 'message', 'data']
2026-05-08 01:08:33,627 - root - INFO - API Response data is a list with 288 items
2026-05-08 01:08:33,627 - root - INFO - API Response has failCode: 0, message: historical data information query successful.
2026-05-08 01:08:33,627 - root - INFO - Using alternate response format: data as list
2026-05-08 01:08:33,627 - root - INFO - Received 288 data points from API
2026-05-08 01:08:33,627 - root - INFO - Sample data point structure: ['devDn', 'collectTime', 'dataItems']
2026-05-08 01:08:33,722 - root - INFO - Successfully upserted 288 data points.
2026-05-08 01:08:36,883 - root - INFO - Using single devDn for device/history (API: one device per query)
2026-05-08 01:08:36,884 - root - INFO - Fetching historical data for 1 devices of type meter
2026-05-08 01:08:36,884 - root - INFO - Making API request to: https://sg5.fusionsolar.huawei.com/rest/openapi/pvms/nbi/v1/device/history
2026-05-08 01:08:36,885 - root - INFO - Request payload: {'devDn': 'NE=62807017', 'devTypeId': 17, 'startTime': 1778086800000, 'endTime': 1778173199000}
2026-05-08 01:08:38,550 - root - INFO - Response status code: 200
2026-05-08 01:08:38,559 - root - INFO - API response from https://sg5.fusionsolar.huawei.com/rest/openapi/pvms/nbi/v1/device/history (truncated): {'failCode': 0, 'success': True, 'message': 'historical data information query successful.', 'data': [{'devDn': 'NE=62807017', 'collectTime': 1778086800000, 'dataItems': {'active_cap': 110.63, 'power_factor': -0.028, 'a_i': 3.4, 'c_i': 3.5, 'b_i': 3.5, 'reverse_reactive_valley': None, 'positive_reactive_peak': None, 'reverse_reactive_peak': None, 'reverse_active_peak': None, 'positive_active_peak': None, 'a_u': 233.7, 'reactive_power': -2431.0, 'c_u': 233.38, 'total_apparent_power': 2.432, 'bc_u...
2026-05-08 01:08:38,561 - root - INFO - API Response type: <class 'dict'>
2026-05-08 01:08:38,561 - root - INFO - API Response keys: ['failCode', 'success', 'message', 'data']
2026-05-08 01:08:38,561 - root - INFO - API Response data is a list with 288 items
2026-05-08 01:08:38,562 - root - INFO - API Response has failCode: 0, message: historical data information query successful.
2026-05-08 01:08:38,562 - root - INFO - Using alternate response format: data as list
2026-05-08 01:08:38,562 - root - INFO - Received 288 data points from API
2026-05-08 01:08:38,562 - root - INFO - Sample data point structure: ['devDn', 'collectTime', 'dataItems']
2026-05-08 01:08:38,652 - root - INFO - Successfully upserted 288 data points.
2026-05-08 01:08:41,846 - root - INFO - Using single devDn for device/history (API: one device per query)
2026-05-08 01:08:41,847 - root - INFO - Fetching historical data for 1 devices of type meteo_station
2026-05-08 01:08:41,847 - root - INFO - Making API request to: https://sg5.fusionsolar.huawei.com/rest/openapi/pvms/nbi/v1/device/history
2026-05-08 01:08:41,847 - root - INFO - Request payload: {'devDn': 'NE=50488257', 'devTypeId': 10, 'startTime': 1778086800000, 'endTime': 1778173199000}
2026-05-08 01:08:42,447 - root - INFO - Response status code: 200
2026-05-08 01:08:42,450 - root - INFO - API response from https://sg5.fusionsolar.huawei.com/rest/openapi/pvms/nbi/v1/device/history (truncated): {'failCode': 0, 'success': True, 'message': 'historical data information query successful.', 'data': [{'devDn': 'NE=50488257', 'collectTime': 1778086800000, 'dataItems': {'radiant_line': 0.0, 'horiz_radiant_total': None, 'horiz_radiant_line': None, 'temperature': 30.0, 'wind_speed': None, 'wind_direction': None, 'radiant_total': 0.0, 'pv_temperature': 28.4}}, {'devDn': 'NE=50488257', 'collectTime': 1778087100000, 'dataItems': {'radiant_line': 0.0, 'horiz_radiant_total': None, 'horiz_radiant_line...
2026-05-08 01:08:42,451 - root - INFO - API Response type: <class 'dict'>
2026-05-08 01:08:42,451 - root - INFO - API Response keys: ['failCode', 'success', 'message', 'data']
2026-05-08 01:08:42,452 - root - INFO - API Response data is a list with 288 items
2026-05-08 01:08:42,452 - root - INFO - API Response has failCode: 0, message: historical data information query successful.
2026-05-08 01:08:42,452 - root - INFO - Using alternate response format: data as list
2026-05-08 01:08:42,452 - root - INFO - Received 288 data points from API
2026-05-08 01:08:42,452 - root - INFO - Sample data point structure: ['devDn', 'collectTime', 'dataItems']
2026-05-08 01:08:42,535 - root - INFO - Successfully upserted 288 data points.
2026-05-08 01:08:46,941 - root - INFO - Using single devDn for device/history (API: one device per query)
2026-05-08 01:08:46,942 - root - INFO - Fetching historical data for 1 devices of type meteo_station
2026-05-08 01:08:46,942 - root - INFO - Making API request to: https://sg5.fusionsolar.huawei.com/rest/openapi/pvms/nbi/v1/device/history
2026-05-08 01:08:46,942 - root - INFO - Request payload: {'devDn': 'NE=63022352', 'devTypeId': 10, 'startTime': 1778086800000, 'endTime': 1778173199000}
2026-05-08 01:08:47,546 - root - INFO - Response status code: 200
2026-05-08 01:08:47,549 - root - INFO - API response from https://sg5.fusionsolar.huawei.com/rest/openapi/pvms/nbi/v1/device/history (truncated): {'failCode': 0, 'success': True, 'message': 'historical data information query successful.', 'data': [{'devDn': 'NE=63022352', 'collectTime': 1778086800000, 'dataItems': {'radiant_line': 0.0, 'horiz_radiant_total': None, 'horiz_radiant_line': None, 'temperature': 2.5, 'wind_speed': 0.0, 'wind_direction': None, 'radiant_total': 0.0, 'pv_temperature': 2.2}}, {'devDn': 'NE=63022352', 'collectTime': 1778087100000, 'dataItems': {'radiant_line': 0.0, 'horiz_radiant_total': None, 'horiz_radiant_line': ...
2026-05-08 01:08:47,551 - root - INFO - API Response type: <class 'dict'>
2026-05-08 01:08:47,551 - root - INFO - API Response keys: ['failCode', 'success', 'message', 'data']
2026-05-08 01:08:47,551 - root - INFO - API Response data is a list with 288 items
2026-05-08 01:08:47,551 - root - INFO - API Response has failCode: 0, message: historical data information query successful.
2026-05-08 01:08:47,552 - root - INFO - Using alternate response format: data as list
2026-05-08 01:08:47,552 - root - INFO - Received 288 data points from API
2026-05-08 01:08:47,552 - root - INFO - Sample data point structure: ['devDn', 'collectTime', 'dataItems']
2026-05-08 01:08:47,631 - root - INFO - Successfully upserted 288 data points.
2026-05-08 01:08:51,026 - root - INFO - Using single devDn for device/history (API: one device per query)
2026-05-08 01:08:51,027 - root - INFO - Fetching historical data for 1 devices of type meteo_station
2026-05-08 01:08:51,027 - root - INFO - Making API request to: https://sg5.fusionsolar.huawei.com/rest/openapi/pvms/nbi/v1/device/history
2026-05-08 01:08:51,027 - root - INFO - Request payload: {'devDn': 'NE=63022320', 'devTypeId': 10, 'startTime': 1778086800000, 'endTime': 1778173199000}
2026-05-08 01:08:51,605 - root - INFO - Response status code: 200
2026-05-08 01:08:51,607 - root - INFO - API response from https://sg5.fusionsolar.huawei.com/rest/openapi/pvms/nbi/v1/device/history (truncated): {'failCode': 0, 'success': True, 'message': 'historical data information query successful.', 'data': [{'devDn': 'NE=63022320', 'collectTime': 1778086800000, 'dataItems': {'radiant_line': 0.0, 'horiz_radiant_total': None, 'horiz_radiant_line': None, 'temperature': 2.8, 'wind_speed': 0.0, 'wind_direction': None, 'radiant_total': 0.0, 'pv_temperature': 2.5}}, {'devDn': 'NE=63022320', 'collectTime': 1778087100000, 'dataItems': {'radiant_line': 0.0, 'horiz_radiant_total': None, 'horiz_radiant_line': ...
2026-05-08 01:08:51,609 - root - INFO - API Response type: <class 'dict'>
2026-05-08 01:08:51,609 - root - INFO - API Response keys: ['failCode', 'success', 'message', 'data']
2026-05-08 01:08:51,610 - root - INFO - API Response data is a list with 288 items
2026-05-08 01:08:51,610 - root - INFO - API Response has failCode: 0, message: historical data information query successful.
2026-05-08 01:08:51,610 - root - INFO - Using alternate response format: data as list
2026-05-08 01:08:51,610 - root - INFO - Received 288 data points from API
2026-05-08 01:08:51,610 - root - INFO - Sample data point structure: ['devDn', 'collectTime', 'dataItems']
2026-05-08 01:08:51,690 - root - INFO - Successfully upserted 288 data points.
2026-05-08 01:08:55,612 - root - WARNING - No valid devDn in batch. Skipping because /device/history requires devDn.
2026-05-08 01:08:55,613 - root - WARNING - No valid devDn in batch. Skipping because /device/history requires devDn.
2026-05-08 01:08:55,613 - root - WARNING - No valid devDn in batch. Skipping because /device/history requires devDn.
2026-05-08 01:08:55,614 - root - WARNING - No valid devDn in batch. Skipping because /device/history requires devDn.
2026-05-08 01:08:55,614 - root - INFO - Using single devDn for device/history (API: one device per query)
2026-05-08 01:08:55,614 - root - INFO - Fetching historical data for 1 devices of type meteo_station
2026-05-08 01:08:55,614 - root - INFO - Making API request to: https://sg5.fusionsolar.huawei.com/rest/openapi/pvms/nbi/v1/device/history
2026-05-08 01:08:55,614 - root - INFO - Request payload: {'devDn': 'NE=61851546', 'devTypeId': 10, 'startTime': 1778086800000, 'endTime': 1778173199000}
2026-05-08 01:08:56,063 - root - INFO - Response status code: 200
2026-05-08 01:08:56,063 - root - INFO - API response from https://sg5.fusionsolar.huawei.com/rest/openapi/pvms/nbi/v1/device/history (truncated): {'failCode': 0, 'success': True, 'message': 'historical data information query successful.', 'data': []}
2026-05-08 01:08:56,066 - root - INFO - API Response type: <class 'dict'>
2026-05-08 01:08:56,066 - root - INFO - API Response keys: ['failCode', 'success', 'message', 'data']
2026-05-08 01:08:56,066 - root - INFO - API Response data is a list with 0 items
2026-05-08 01:08:56,066 - root - INFO - API Response has failCode: 0, message: historical data information query successful.
2026-05-08 01:08:56,066 - root - INFO - Using alternate response format: data as list
2026-05-08 01:08:56,066 - root - INFO - No data points returned for the query period
2026-05-08 01:08:56,066 - root - INFO - Using single devDn for device/history (API: one device per query)
2026-05-08 01:08:56,067 - root - INFO - Fetching historical data for 1 devices of type meteo_station
2026-05-08 01:08:56,067 - root - INFO - Making API request to: https://sg5.fusionsolar.huawei.com/rest/openapi/pvms/nbi/v1/device/history
2026-05-08 01:08:56,067 - root - INFO - Request payload: {'devDn': 'NE=61851547', 'devTypeId': 10, 'startTime': 1778086800000, 'endTime': 1778173199000}
2026-05-08 01:08:56,371 - root - INFO - Response status code: 200
2026-05-08 01:08:56,371 - root - INFO - API response from https://sg5.fusionsolar.huawei.com/rest/openapi/pvms/nbi/v1/device/history (truncated): {'failCode': 407, 'success': False, 'message': 'Interface access frequency:0.39333333333333337/1second', 'data': []}
2026-05-08 01:08:56,371 - root - WARNING - API access frequency too high. Waiting 30 seconds before retry...
2026-05-08 01:09:26,372 - root - INFO - Retrying API request after rate limit wait...
2026-05-08 01:09:26,372 - root - INFO - Making API request to: https://sg5.fusionsolar.huawei.com/rest/openapi/pvms/nbi/v1/device/history
2026-05-08 01:09:26,373 - root - INFO - Request payload: {'devDn': 'NE=61851547', 'devTypeId': 10, 'startTime': 1778086800000, 'endTime': 1778173199000}
2026-05-08 01:09:26,770 - root - INFO - Response status code: 200
2026-05-08 01:09:26,771 - root - INFO - API response from https://sg5.fusionsolar.huawei.com/rest/openapi/pvms/nbi/v1/device/history (truncated): {'failCode': 0, 'success': True, 'message': 'historical data information query successful.', 'data': []}
2026-05-08 01:09:26,774 - root - INFO - API Response type: <class 'dict'>
2026-05-08 01:09:26,774 - root - INFO - API Response keys: ['failCode', 'success', 'message', 'data']
2026-05-08 01:09:26,774 - root - INFO - API Response data is a list with 0 items
2026-05-08 01:09:26,774 - root - INFO - API Response has failCode: 0, message: historical data information query successful.
2026-05-08 01:09:26,774 - root - INFO - Using alternate response format: data as list
2026-05-08 01:09:26,774 - root - INFO - No data points returned for the query period
2026-05-08 01:09:26,774 - root - INFO - Using single devDn for device/history (API: one device per query)
2026-05-08 01:09:26,775 - root - INFO - Fetching historical data for 1 devices of type meteo_station
2026-05-08 01:09:26,775 - root - INFO - Making API request to: https://sg5.fusionsolar.huawei.com/rest/openapi/pvms/nbi/v1/device/history
2026-05-08 01:09:26,775 - root - INFO - Request payload: {'devDn': 'NE=61851544', 'devTypeId': 10, 'startTime': 1778086800000, 'endTime': 1778173199000}
2026-05-08 01:09:27,095 - root - INFO - Response status code: 200
2026-05-08 01:09:27,095 - root - INFO - API response from https://sg5.fusionsolar.huawei.com/rest/openapi/pvms/nbi/v1/device/history (truncated): {'failCode': 407, 'success': False, 'message': 'Interface access frequency:0.39333333333333337/1second', 'data': []}
2026-05-08 01:09:27,096 - root - WARNING - API access frequency too high. Waiting 30 seconds before retry...
2026-05-08 01:09:57,096 - root - INFO - Retrying API request after rate limit wait...
2026-05-08 01:09:57,097 - root - INFO - Making API request to: https://sg5.fusionsolar.huawei.com/rest/openapi/pvms/nbi/v1/device/history
2026-05-08 01:09:57,097 - root - INFO - Request payload: {'devDn': 'NE=61851544', 'devTypeId': 10, 'startTime': 1778086800000, 'endTime': 1778173199000}
2026-05-08 01:09:57,502 - root - INFO - Response status code: 200
2026-05-08 01:09:57,502 - root - INFO - API response from https://sg5.fusionsolar.huawei.com/rest/openapi/pvms/nbi/v1/device/history (truncated): {'failCode': 0, 'success': True, 'message': 'historical data information query successful.', 'data': []}
2026-05-08 01:09:57,505 - root - INFO - API Response type: <class 'dict'>
2026-05-08 01:09:57,505 - root - INFO - API Response keys: ['failCode', 'success', 'message', 'data']
2026-05-08 01:09:57,505 - root - INFO - API Response data is a list with 0 items
2026-05-08 01:09:57,506 - root - INFO - API Response has failCode: 0, message: historical data information query successful.
2026-05-08 01:09:57,506 - root - INFO - Using alternate response format: data as list
2026-05-08 01:09:57,506 - root - INFO - No data points returned for the query period
2026-05-08 01:09:57,506 - root - INFO - Using single devDn for device/history (API: one device per query)
2026-05-08 01:09:57,506 - root - INFO - Fetching historical data for 1 devices of type meteo_station
2026-05-08 01:09:57,506 - root - INFO - Making API request to: https://sg5.fusionsolar.huawei.com/rest/openapi/pvms/nbi/v1/device/history
2026-05-08 01:09:57,507 - root - INFO - Request payload: {'devDn': 'NE=61851545', 'devTypeId': 10, 'startTime': 1778086800000, 'endTime': 1778173199000}
2026-05-08 01:09:57,810 - root - INFO - Response status code: 200
2026-05-08 01:09:57,811 - root - INFO - API response from https://sg5.fusionsolar.huawei.com/rest/openapi/pvms/nbi/v1/device/history (truncated): {'failCode': 407, 'success': False, 'message': 'Interface access frequency:0.39333333333333337/1second', 'data': []}
2026-05-08 01:09:57,811 - root - WARNING - API access frequency too high. Waiting 30 seconds before retry...
2026-05-08 01:10:27,812 - root - INFO - Retrying API request after rate limit wait...
2026-05-08 01:10:27,812 - root - INFO - Making API request to: https://sg5.fusionsolar.huawei.com/rest/openapi/pvms/nbi/v1/device/history
2026-05-08 01:10:27,813 - root - INFO - Request payload: {'devDn': 'NE=61851545', 'devTypeId': 10, 'startTime': 1778086800000, 'endTime': 1778173199000}
2026-05-08 01:10:28,348 - root - INFO - Response status code: 200
2026-05-08 01:10:28,488 - root - INFO - API response from https://sg5.fusionsolar.huawei.com/rest/openapi/pvms/nbi/v1/device/history (truncated): {'failCode': 0, 'success': True, 'message': 'historical data information query successful.', 'data': []}
2026-05-08 01:10:28,495 - root - INFO - API Response type: <class 'dict'>
2026-05-08 01:10:28,495 - root - INFO - API Response keys: ['failCode', 'success', 'message', 'data']
2026-05-08 01:10:28,495 - root - INFO - API Response data is a list with 0 items
2026-05-08 01:10:28,495 - root - INFO - API Response has failCode: 0, message: historical data information query successful.
2026-05-08 01:10:28,495 - root - INFO - Using alternate response format: data as list
2026-05-08 01:10:28,495 - root - INFO - No data points returned for the query period
2026-05-08 01:10:28,496 - root - INFO - Using single devDn for device/history (API: one device per query)
2026-05-08 01:10:28,496 - root - INFO - Fetching historical data for 1 devices of type meteo_station
2026-05-08 01:10:28,496 - root - INFO - Making API request to: https://sg5.fusionsolar.huawei.com/rest/openapi/pvms/nbi/v1/device/history
2026-05-08 01:10:28,496 - root - INFO - Request payload: {'devDn': 'NE=52031808', 'devTypeId': 10, 'startTime': 1778086800000, 'endTime': 1778173199000}
2026-05-08 01:10:28,876 - root - INFO - Response status code: 200
2026-05-08 01:10:28,876 - root - INFO - API response from https://sg5.fusionsolar.huawei.com/rest/openapi/pvms/nbi/v1/device/history (truncated): {'failCode': 407, 'success': False, 'message': 'Interface access frequency:0.39333333333333337/1second', 'data': []}
2026-05-08 01:10:28,877 - root - WARNING - API access frequency too high. Waiting 30 seconds before retry...
2026-05-08 01:10:58,877 - root - INFO - Retrying API request after rate limit wait...
2026-05-08 01:10:58,878 - root - INFO - Making API request to: https://sg5.fusionsolar.huawei.com/rest/openapi/pvms/nbi/v1/device/history
2026-05-08 01:10:58,879 - root - INFO - Request payload: {'devDn': 'NE=52031808', 'devTypeId': 10, 'startTime': 1778086800000, 'endTime': 1778173199000}
2026-05-08 01:10:59,278 - root - INFO - Response status code: 200
2026-05-08 01:10:59,278 - root - INFO - API response from https://sg5.fusionsolar.huawei.com/rest/openapi/pvms/nbi/v1/device/history (truncated): {'failCode': 0, 'success': True, 'message': 'historical data information query successful.', 'data': []}
2026-05-08 01:10:59,282 - root - INFO - API Response type: <class 'dict'>
2026-05-08 01:10:59,282 - root - INFO - API Response keys: ['failCode', 'success', 'message', 'data']
2026-05-08 01:10:59,282 - root - INFO - API Response data is a list with 0 items
2026-05-08 01:10:59,282 - root - INFO - API Response has failCode: 0, message: historical data information query successful.
2026-05-08 01:10:59,282 - root - INFO - Using alternate response format: data as list
2026-05-08 01:10:59,282 - root - INFO - No data points returned for the query period
2026-05-08 01:10:59,282 - root - INFO - Using single devDn for device/history (API: one device per query)
2026-05-08 01:10:59,283 - root - INFO - Fetching historical data for 1 devices of type meteo_station
2026-05-08 01:10:59,283 - root - INFO - Making API request to: https://sg5.fusionsolar.huawei.com/rest/openapi/pvms/nbi/v1/device/history
2026-05-08 01:10:59,283 - root - INFO - Request payload: {'devDn': 'NE=52031805', 'devTypeId': 10, 'startTime': 1778086800000, 'endTime': 1778173199000}
2026-05-08 01:10:59,602 - root - INFO - Response status code: 200
2026-05-08 01:10:59,602 - root - INFO - API response from https://sg5.fusionsolar.huawei.com/rest/openapi/pvms/nbi/v1/device/history (truncated): {'failCode': 407, 'success': False, 'message': 'Interface access frequency:0.39333333333333337/1second', 'data': []}
2026-05-08 01:10:59,603 - root - WARNING - API access frequency too high. Waiting 30 seconds before retry...
2026-05-08 01:11:29,602 - root - INFO - Retrying API request after rate limit wait...
2026-05-08 01:11:29,603 - root - INFO - Making API request to: https://sg5.fusionsolar.huawei.com/rest/openapi/pvms/nbi/v1/device/history
2026-05-08 01:11:29,604 - root - INFO - Request payload: {'devDn': 'NE=52031805', 'devTypeId': 10, 'startTime': 1778086800000, 'endTime': 1778173199000}
2026-05-08 01:11:30,202 - root - INFO - Response status code: 200
2026-05-08 01:11:30,205 - root - INFO - API response from https://sg5.fusionsolar.huawei.com/rest/openapi/pvms/nbi/v1/device/history (truncated): {'failCode': 0, 'success': True, 'message': 'historical data information query successful.', 'data': [{'devDn': 'NE=52031805', 'collectTime': 1778086800000, 'dataItems': {'radiant_line': 59.0, 'horiz_radiant_total': None, 'horiz_radiant_line': None, 'temperature': 29.8, 'wind_speed': 0.0, 'wind_direction': 360.0, 'radiant_total': 0.0, 'pv_temperature': None}}, {'devDn': 'NE=52031805', 'collectTime': 1778087100000, 'dataItems': {'radiant_line': 59.0, 'horiz_radiant_total': None, 'horiz_radiant_li...
2026-05-08 01:11:30,208 - root - INFO - API Response type: <class 'dict'>
2026-05-08 01:11:30,208 - root - INFO - API Response keys: ['failCode', 'success', 'message', 'data']
2026-05-08 01:11:30,208 - root - INFO - API Response data is a list with 288 items
2026-05-08 01:11:30,208 - root - INFO - API Response has failCode: 0, message: historical data information query successful.
2026-05-08 01:11:30,208 - root - INFO - Using alternate response format: data as list
2026-05-08 01:11:30,208 - root - INFO - Received 288 data points from API
2026-05-08 01:11:30,208 - root - INFO - Sample data point structure: ['devDn', 'collectTime', 'dataItems']
2026-05-08 01:11:30,292 - root - INFO - Successfully upserted 288 data points.
2026-05-08 01:11:34,856 - root - INFO - Using single devDn for device/history (API: one device per query)
2026-05-08 01:11:34,857 - root - INFO - Fetching historical data for 1 devices of type meteo_station
2026-05-08 01:11:34,858 - root - INFO - Making API request to: https://sg5.fusionsolar.huawei.com/rest/openapi/pvms/nbi/v1/device/history
2026-05-08 01:11:34,858 - root - INFO - Request payload: {'devDn': 'NE=52031807', 'devTypeId': 10, 'startTime': 1778086800000, 'endTime': 1778173199000}
2026-05-08 01:11:35,286 - root - INFO - Response status code: 200
2026-05-08 01:11:35,286 - root - INFO - API response from https://sg5.fusionsolar.huawei.com/rest/openapi/pvms/nbi/v1/device/history (truncated): {'failCode': 0, 'success': True, 'message': 'historical data information query successful.', 'data': []}
2026-05-08 01:11:35,289 - root - INFO - API Response type: <class 'dict'>
2026-05-08 01:11:35,289 - root - INFO - API Response keys: ['failCode', 'success', 'message', 'data']
2026-05-08 01:11:35,289 - root - INFO - API Response data is a list with 0 items
2026-05-08 01:11:35,289 - root - INFO - API Response has failCode: 0, message: historical data information query successful.
2026-05-08 01:11:35,289 - root - INFO - Using alternate response format: data as list
2026-05-08 01:11:35,289 - root - INFO - No data points returned for the query period
2026-05-08 01:11:35,289 - root - INFO - Using single devDn for device/history (API: one device per query)
2026-05-08 01:11:35,290 - root - INFO - Fetching historical data for 1 devices of type meteo_station
2026-05-08 01:11:35,290 - root - INFO - Making API request to: https://sg5.fusionsolar.huawei.com/rest/openapi/pvms/nbi/v1/device/history
2026-05-08 01:11:35,290 - root - INFO - Request payload: {'devDn': 'NE=52031804', 'devTypeId': 10, 'startTime': 1778086800000, 'endTime': 1778173199000}
2026-05-08 01:11:35,608 - root - INFO - Response status code: 200
2026-05-08 01:11:35,608 - root - INFO - API response from https://sg5.fusionsolar.huawei.com/rest/openapi/pvms/nbi/v1/device/history (truncated): {'failCode': 407, 'success': False, 'message': 'Interface access frequency:0.39333333333333337/1second', 'data': []}
2026-05-08 01:11:35,609 - root - WARNING - API access frequency too high. Waiting 30 seconds before retry...
2026-05-08 01:12:05,609 - root - INFO - Retrying API request after rate limit wait...
2026-05-08 01:12:05,609 - root - INFO - Making API request to: https://sg5.fusionsolar.huawei.com/rest/openapi/pvms/nbi/v1/device/history
2026-05-08 01:12:05,610 - root - INFO - Request payload: {'devDn': 'NE=52031804', 'devTypeId': 10, 'startTime': 1778086800000, 'endTime': 1778173199000}
2026-05-08 01:12:06,046 - root - INFO - Response status code: 200
2026-05-08 01:12:06,046 - root - INFO - API response from https://sg5.fusionsolar.huawei.com/rest/openapi/pvms/nbi/v1/device/history (truncated): {'failCode': 0, 'success': True, 'message': 'historical data information query successful.', 'data': []}
2026-05-08 01:12:06,049 - root - INFO - API Response type: <class 'dict'>
2026-05-08 01:12:06,049 - root - INFO - API Response keys: ['failCode', 'success', 'message', 'data']
2026-05-08 01:12:06,050 - root - INFO - API Response data is a list with 0 items
2026-05-08 01:12:06,050 - root - INFO - API Response has failCode: 0, message: historical data information query successful.
2026-05-08 01:12:06,050 - root - INFO - Using alternate response format: data as list
2026-05-08 01:12:06,050 - root - INFO - No data points returned for the query period
2026-05-08 01:12:06,050 - root - INFO - Using single devDn for device/history (API: one device per query)
2026-05-08 01:12:06,051 - root - INFO - Fetching historical data for 1 devices of type meteo_station
2026-05-08 01:12:06,051 - root - INFO - Making API request to: https://sg5.fusionsolar.huawei.com/rest/openapi/pvms/nbi/v1/device/history
2026-05-08 01:12:06,051 - root - INFO - Request payload: {'devDn': 'NE=52031809', 'devTypeId': 10, 'startTime': 1778086800000, 'endTime': 1778173199000}
2026-05-08 01:12:06,374 - root - INFO - Response status code: 200
2026-05-08 01:12:06,375 - root - INFO - API response from https://sg5.fusionsolar.huawei.com/rest/openapi/pvms/nbi/v1/device/history (truncated): {'failCode': 407, 'success': False, 'message': 'Interface access frequency:0.39333333333333337/1second', 'data': []}
2026-05-08 01:12:06,375 - root - WARNING - API access frequency too high. Waiting 30 seconds before retry...
2026-05-08 01:12:36,375 - root - INFO - Retrying API request after rate limit wait...
2026-05-08 01:12:36,375 - root - INFO - Making API request to: https://sg5.fusionsolar.huawei.com/rest/openapi/pvms/nbi/v1/device/history
2026-05-08 01:12:36,376 - root - INFO - Request payload: {'devDn': 'NE=52031809', 'devTypeId': 10, 'startTime': 1778086800000, 'endTime': 1778173199000}
2026-05-08 01:12:37,160 - root - INFO - Response status code: 200
2026-05-08 01:12:37,162 - root - INFO - API response from https://sg5.fusionsolar.huawei.com/rest/openapi/pvms/nbi/v1/device/history (truncated): {'failCode': 0, 'success': True, 'message': 'historical data information query successful.', 'data': [{'devDn': 'NE=52031809', 'collectTime': 1778086800000, 'dataItems': {'radiant_line': None, 'horiz_radiant_total': None, 'horiz_radiant_line': None, 'temperature': 29.4, 'wind_speed': None, 'wind_direction': None, 'radiant_total': None, 'pv_temperature': None}}, {'devDn': 'NE=52031809', 'collectTime': 1778087100000, 'dataItems': {'radiant_line': None, 'horiz_radiant_total': None, 'horiz_radiant_l...
2026-05-08 01:12:37,165 - root - INFO - API Response type: <class 'dict'>
2026-05-08 01:12:37,165 - root - INFO - API Response keys: ['failCode', 'success', 'message', 'data']
2026-05-08 01:12:37,166 - root - INFO - API Response data is a list with 288 items
2026-05-08 01:12:37,166 - root - INFO - API Response has failCode: 0, message: historical data information query successful.
2026-05-08 01:12:37,166 - root - INFO - Using alternate response format: data as list
2026-05-08 01:12:37,166 - root - INFO - Received 288 data points from API
2026-05-08 01:12:37,166 - root - INFO - Sample data point structure: ['devDn', 'collectTime', 'dataItems']
2026-05-08 01:12:37,259 - root - INFO - Successfully upserted 288 data points.
2026-05-08 01:12:41,306 - root - INFO - Using single devDn for device/history (API: one device per query)
2026-05-08 01:12:41,308 - root - INFO - Fetching historical data for 1 devices of type meteo_station
2026-05-08 01:12:41,308 - root - INFO - Making API request to: https://sg5.fusionsolar.huawei.com/rest/openapi/pvms/nbi/v1/device/history
2026-05-08 01:12:41,308 - root - INFO - Request payload: {'devDn': 'NE=52031806', 'devTypeId': 10, 'startTime': 1778086800000, 'endTime': 1778173199000}
2026-05-08 01:12:41,753 - root - INFO - Response status code: 200
2026-05-08 01:12:41,753 - root - INFO - API response from https://sg5.fusionsolar.huawei.com/rest/openapi/pvms/nbi/v1/device/history (truncated): {'failCode': 0, 'success': True, 'message': 'historical data information query successful.', 'data': []}
2026-05-08 01:12:41,756 - root - INFO - API Response type: <class 'dict'>
2026-05-08 01:12:41,756 - root - INFO - API Response keys: ['failCode', 'success', 'message', 'data']
2026-05-08 01:12:41,756 - root - INFO - API Response data is a list with 0 items
2026-05-08 01:12:41,756 - root - INFO - API Response has failCode: 0, message: historical data information query successful.
2026-05-08 01:12:41,756 - root - INFO - Using alternate response format: data as list
2026-05-08 01:12:41,756 - root - INFO - No data points returned for the query period
2026-05-08 01:12:41,756 - root - INFO - Using single devDn for device/history (API: one device per query)
2026-05-08 01:12:41,757 - root - INFO - Fetching historical data for 1 devices of type meteo_station
2026-05-08 01:12:41,757 - root - INFO - Making API request to: https://sg5.fusionsolar.huawei.com/rest/openapi/pvms/nbi/v1/device/history
2026-05-08 01:12:41,757 - root - INFO - Request payload: {'devDn': 'NE=51758771', 'devTypeId': 10, 'startTime': 1778086800000, 'endTime': 1778173199000}
2026-05-08 01:12:42,177 - root - INFO - Response status code: 200
2026-05-08 01:12:42,178 - root - INFO - API response from https://sg5.fusionsolar.huawei.com/rest/openapi/pvms/nbi/v1/device/history (truncated): {'failCode': 0, 'success': True, 'message': 'historical data information query successful.', 'data': []}
2026-05-08 01:12:42,180 - root - INFO - API Response type: <class 'dict'>
2026-05-08 01:12:42,180 - root - INFO - API Response keys: ['failCode', 'success', 'message', 'data']
2026-05-08 01:12:42,180 - root - INFO - API Response data is a list with 0 items
2026-05-08 01:12:42,180 - root - INFO - API Response has failCode: 0, message: historical data information query successful.
2026-05-08 01:12:42,180 - root - INFO - Using alternate response format: data as list
2026-05-08 01:12:42,180 - root - INFO - No data points returned for the query period
2026-05-08 01:12:42,180 - root - INFO - Using single devDn for device/history (API: one device per query)
2026-05-08 01:12:42,181 - root - INFO - Fetching historical data for 1 devices of type meteo_station
2026-05-08 01:12:42,181 - root - INFO - Making API request to: https://sg5.fusionsolar.huawei.com/rest/openapi/pvms/nbi/v1/device/history
2026-05-08 01:12:42,181 - root - INFO - Request payload: {'devDn': 'NE=51758772', 'devTypeId': 10, 'startTime': 1778086800000, 'endTime': 1778173199000}
2026-05-08 01:12:42,508 - root - INFO - Response status code: 200
2026-05-08 01:12:42,508 - root - INFO - API response from https://sg5.fusionsolar.huawei.com/rest/openapi/pvms/nbi/v1/device/history (truncated): {'failCode': 407, 'success': False, 'message': 'Interface access frequency:0.39333333333333337/1second', 'data': []}
2026-05-08 01:12:42,509 - root - WARNING - API access frequency too high. Waiting 30 seconds before retry...
2026-05-08 01:13:12,510 - root - INFO - Retrying API request after rate limit wait...
2026-05-08 01:13:12,510 - root - INFO - Making API request to: https://sg5.fusionsolar.huawei.com/rest/openapi/pvms/nbi/v1/device/history
2026-05-08 01:13:12,511 - root - INFO - Request payload: {'devDn': 'NE=51758772', 'devTypeId': 10, 'startTime': 1778086800000, 'endTime': 1778173199000}
2026-05-08 01:13:12,962 - root - INFO - Response status code: 200
2026-05-08 01:13:12,962 - root - INFO - API response from https://sg5.fusionsolar.huawei.com/rest/openapi/pvms/nbi/v1/device/history (truncated): {'failCode': 0, 'success': True, 'message': 'historical data information query successful.', 'data': []}
2026-05-08 01:13:12,966 - root - INFO - API Response type: <class 'dict'>
2026-05-08 01:13:12,966 - root - INFO - API Response keys: ['failCode', 'success', 'message', 'data']
2026-05-08 01:13:12,966 - root - INFO - API Response data is a list with 0 items
2026-05-08 01:13:12,966 - root - INFO - API Response has failCode: 0, message: historical data information query successful.
2026-05-08 01:13:12,966 - root - INFO - Using alternate response format: data as list
2026-05-08 01:13:12,966 - root - INFO - No data points returned for the query period
2026-05-08 01:13:12,966 - root - INFO - Using single devDn for device/history (API: one device per query)
2026-05-08 01:13:12,967 - root - INFO - Fetching historical data for 1 devices of type meteo_station
2026-05-08 01:13:12,967 - root - INFO - Making API request to: https://sg5.fusionsolar.huawei.com/rest/openapi/pvms/nbi/v1/device/history
2026-05-08 01:13:12,967 - root - INFO - Request payload: {'devDn': 'NE=51758770', 'devTypeId': 10, 'startTime': 1778086800000, 'endTime': 1778173199000}
2026-05-08 01:13:13,289 - root - INFO - Response status code: 200
2026-05-08 01:13:13,290 - root - INFO - API response from https://sg5.fusionsolar.huawei.com/rest/openapi/pvms/nbi/v1/device/history (truncated): {'failCode': 407, 'success': False, 'message': 'Interface access frequency:0.39333333333333337/1second', 'data': []}
2026-05-08 01:13:13,290 - root - WARNING - API access frequency too high. Waiting 30 seconds before retry...
2026-05-08 01:13:43,291 - root - INFO - Retrying API request after rate limit wait...
2026-05-08 01:13:43,291 - root - INFO - Making API request to: https://sg5.fusionsolar.huawei.com/rest/openapi/pvms/nbi/v1/device/history
2026-05-08 01:13:43,292 - root - INFO - Request payload: {'devDn': 'NE=51758770', 'devTypeId': 10, 'startTime': 1778086800000, 'endTime': 1778173199000}
2026-05-08 01:13:43,982 - root - INFO - Response status code: 200
2026-05-08 01:13:43,984 - root - INFO - API response from https://sg5.fusionsolar.huawei.com/rest/openapi/pvms/nbi/v1/device/history (truncated): {'failCode': 0, 'success': True, 'message': 'historical data information query successful.', 'data': [{'devDn': 'NE=51758770', 'collectTime': 1778086800000, 'dataItems': {'radiant_line': 0.0, 'horiz_radiant_total': None, 'horiz_radiant_line': None, 'temperature': 29.7, 'wind_speed': None, 'wind_direction': None, 'radiant_total': 0.0, 'pv_temperature': None}}, {'devDn': 'NE=51758770', 'collectTime': 1778087100000, 'dataItems': {'radiant_line': 0.0, 'horiz_radiant_total': None, 'horiz_radiant_line...
2026-05-08 01:13:43,987 - root - INFO - API Response type: <class 'dict'>
2026-05-08 01:13:43,987 - root - INFO - API Response keys: ['failCode', 'success', 'message', 'data']
2026-05-08 01:13:43,987 - root - INFO - API Response data is a list with 288 items
2026-05-08 01:13:43,987 - root - INFO - API Response has failCode: 0, message: historical data information query successful.
2026-05-08 01:13:43,987 - root - INFO - Using alternate response format: data as list
2026-05-08 01:13:43,988 - root - INFO - Received 288 data points from API
2026-05-08 01:13:43,988 - root - INFO - Sample data point structure: ['devDn', 'collectTime', 'dataItems']
2026-05-08 01:13:44,068 - root - INFO - Successfully upserted 288 data points.
2026-05-08 01:13:47,832 - root - INFO - Using single devDn for device/history (API: one device per query)
2026-05-08 01:13:47,834 - root - INFO - Fetching historical data for 1 devices of type meteo_station
2026-05-08 01:13:47,834 - root - INFO - Making API request to: https://sg5.fusionsolar.huawei.com/rest/openapi/pvms/nbi/v1/device/history
2026-05-08 01:13:47,834 - root - INFO - Request payload: {'devDn': 'NE=58795760', 'devTypeId': 10, 'startTime': 1778086800000, 'endTime': 1778173199000}
2026-05-08 01:13:48,300 - root - INFO - Response status code: 200
2026-05-08 01:13:48,301 - root - INFO - API response from https://sg5.fusionsolar.huawei.com/rest/openapi/pvms/nbi/v1/device/history (truncated): {'failCode': 0, 'success': True, 'message': 'historical data information query successful.', 'data': []}
2026-05-08 01:13:48,303 - root - INFO - API Response type: <class 'dict'>
2026-05-08 01:13:48,303 - root - INFO - API Response keys: ['failCode', 'success', 'message', 'data']
2026-05-08 01:13:48,303 - root - INFO - API Response data is a list with 0 items
2026-05-08 01:13:48,303 - root - INFO - API Response has failCode: 0, message: historical data information query successful.
2026-05-08 01:13:48,303 - root - INFO - Using alternate response format: data as list
2026-05-08 01:13:48,304 - root - INFO - No data points returned for the query period
2026-05-08 01:13:48,304 - root - INFO - Using single devDn for device/history (API: one device per query)
2026-05-08 01:13:48,304 - root - INFO - Fetching historical data for 1 devices of type meteo_station
2026-05-08 01:13:48,304 - root - INFO - Making API request to: https://sg5.fusionsolar.huawei.com/rest/openapi/pvms/nbi/v1/device/history
2026-05-08 01:13:48,304 - root - INFO - Request payload: {'devDn': 'NE=58795790', 'devTypeId': 10, 'startTime': 1778086800000, 'endTime': 1778173199000}
2026-05-08 01:13:48,621 - root - INFO - Response status code: 200
2026-05-08 01:13:48,621 - root - INFO - API response from https://sg5.fusionsolar.huawei.com/rest/openapi/pvms/nbi/v1/device/history (truncated): {'failCode': 407, 'success': False, 'message': 'Interface access frequency:0.39333333333333337/1second', 'data': []}
2026-05-08 01:13:48,622 - root - WARNING - API access frequency too high. Waiting 30 seconds before retry...
2026-05-08 01:14:18,622 - root - INFO - Retrying API request after rate limit wait...
2026-05-08 01:14:18,623 - root - INFO - Making API request to: https://sg5.fusionsolar.huawei.com/rest/openapi/pvms/nbi/v1/device/history
2026-05-08 01:14:18,624 - root - INFO - Request payload: {'devDn': 'NE=58795790', 'devTypeId': 10, 'startTime': 1778086800000, 'endTime': 1778173199000}
2026-05-08 01:14:19,031 - root - INFO - Response status code: 200
2026-05-08 01:14:19,031 - root - INFO - API response from https://sg5.fusionsolar.huawei.com/rest/openapi/pvms/nbi/v1/device/history (truncated): {'failCode': 0, 'success': True, 'message': 'historical data information query successful.', 'data': []}
2026-05-08 01:14:19,035 - root - INFO - API Response type: <class 'dict'>
2026-05-08 01:14:19,035 - root - INFO - API Response keys: ['failCode', 'success', 'message', 'data']
2026-05-08 01:14:19,035 - root - INFO - API Response data is a list with 0 items
2026-05-08 01:14:19,035 - root - INFO - API Response has failCode: 0, message: historical data information query successful.
2026-05-08 01:14:19,035 - root - INFO - Using alternate response format: data as list
2026-05-08 01:14:19,035 - root - INFO - No data points returned for the query period
2026-05-08 01:14:19,035 - root - INFO - Using single devDn for device/history (API: one device per query)
2026-05-08 01:14:19,036 - root - INFO - Fetching historical data for 1 devices of type meteo_station
2026-05-08 01:14:19,036 - root - INFO - Making API request to: https://sg5.fusionsolar.huawei.com/rest/openapi/pvms/nbi/v1/device/history
2026-05-08 01:14:19,036 - root - INFO - Request payload: {'devDn': 'NE=63022292', 'devTypeId': 10, 'startTime': 1778086800000, 'endTime': 1778173199000}
2026-05-08 01:14:19,347 - root - INFO - Response status code: 200
2026-05-08 01:14:19,347 - root - INFO - API response from https://sg5.fusionsolar.huawei.com/rest/openapi/pvms/nbi/v1/device/history (truncated): {'failCode': 407, 'success': False, 'message': 'Interface access frequency:0.39333333333333337/1second', 'data': []}
2026-05-08 01:14:19,348 - root - WARNING - API access frequency too high. Waiting 30 seconds before retry...
2026-05-08 01:14:49,348 - root - INFO - Retrying API request after rate limit wait...
2026-05-08 01:14:49,348 - root - INFO - Making API request to: https://sg5.fusionsolar.huawei.com/rest/openapi/pvms/nbi/v1/device/history
2026-05-08 01:14:49,349 - root - INFO - Request payload: {'devDn': 'NE=63022292', 'devTypeId': 10, 'startTime': 1778086800000, 'endTime': 1778173199000}
2026-05-08 01:14:49,886 - root - INFO - Response status code: 200
2026-05-08 01:14:49,889 - root - INFO - API response from https://sg5.fusionsolar.huawei.com/rest/openapi/pvms/nbi/v1/device/history (truncated): {'failCode': 0, 'success': True, 'message': 'historical data information query successful.', 'data': [{'devDn': 'NE=63022292', 'collectTime': 1778086800000, 'dataItems': {'radiant_line': 0.0, 'horiz_radiant_total': None, 'horiz_radiant_line': None, 'temperature': 3.4, 'wind_speed': 0.0, 'wind_direction': None, 'radiant_total': 0.0, 'pv_temperature': 2.5}}, {'devDn': 'NE=63022292', 'collectTime': 1778087100000, 'dataItems': {'radiant_line': 0.0, 'horiz_radiant_total': None, 'horiz_radiant_line': ...
2026-05-08 01:14:49,891 - root - INFO - API Response type: <class 'dict'>
2026-05-08 01:14:49,892 - root - INFO - API Response keys: ['failCode', 'success', 'message', 'data']
2026-05-08 01:14:49,892 - root - INFO - API Response data is a list with 288 items
2026-05-08 01:14:49,892 - root - INFO - API Response has failCode: 0, message: historical data information query successful.
2026-05-08 01:14:49,892 - root - INFO - Using alternate response format: data as list
2026-05-08 01:14:49,892 - root - INFO - Received 288 data points from API
2026-05-08 01:14:49,892 - root - INFO - Sample data point structure: ['devDn', 'collectTime', 'dataItems']
2026-05-08 01:14:49,974 - root - INFO - Successfully upserted 288 data points.
2026-05-08 01:14:53,899 - root - INFO - Using single devDn for device/history (API: one device per query)
2026-05-08 01:14:53,901 - root - INFO - Fetching historical data for 1 devices of type meteo_station
2026-05-08 01:14:53,901 - root - INFO - Making API request to: https://sg5.fusionsolar.huawei.com/rest/openapi/pvms/nbi/v1/device/history
2026-05-08 01:14:53,901 - root - INFO - Request payload: {'devDn': 'NE=63022168', 'devTypeId': 10, 'startTime': 1778086800000, 'endTime': 1778173199000}
2026-05-08 01:14:54,483 - root - INFO - Response status code: 200
2026-05-08 01:14:54,485 - root - INFO - API response from https://sg5.fusionsolar.huawei.com/rest/openapi/pvms/nbi/v1/device/history (truncated): {'failCode': 0, 'success': True, 'message': 'historical data information query successful.', 'data': [{'devDn': 'NE=63022168', 'collectTime': 1778086800000, 'dataItems': {'radiant_line': 0.0, 'horiz_radiant_total': None, 'horiz_radiant_line': None, 'temperature': 3.0, 'wind_speed': 0.0, 'wind_direction': None, 'radiant_total': 0.0, 'pv_temperature': 2.5}}, {'devDn': 'NE=63022168', 'collectTime': 1778087100000, 'dataItems': {'radiant_line': 0.0, 'horiz_radiant_total': None, 'horiz_radiant_line': ...
2026-05-08 01:14:54,487 - root - INFO - API Response type: <class 'dict'>
2026-05-08 01:14:54,487 - root - INFO - API Response keys: ['failCode', 'success', 'message', 'data']
2026-05-08 01:14:54,488 - root - INFO - API Response data is a list with 288 items
2026-05-08 01:14:54,488 - root - INFO - API Response has failCode: 0, message: historical data information query successful.
2026-05-08 01:14:54,488 - root - INFO - Using alternate response format: data as list
2026-05-08 01:14:54,488 - root - INFO - Received 288 data points from API
2026-05-08 01:14:54,488 - root - INFO - Sample data point structure: ['devDn', 'collectTime', 'dataItems']
2026-05-08 01:14:54,569 - root - INFO - Successfully upserted 288 data points.
2026-05-08 01:14:58,005 - root - INFO - Using single devDn for device/history (API: one device per query)
2026-05-08 01:14:58,006 - root - INFO - Fetching historical data for 1 devices of type meteo_station
2026-05-08 01:14:58,006 - root - INFO - Making API request to: https://sg5.fusionsolar.huawei.com/rest/openapi/pvms/nbi/v1/device/history
2026-05-08 01:14:58,006 - root - INFO - Request payload: {'devDn': 'NE=63022396', 'devTypeId': 10, 'startTime': 1778086800000, 'endTime': 1778173199000}
2026-05-08 01:14:58,606 - root - INFO - Response status code: 200
2026-05-08 01:14:58,609 - root - INFO - API response from https://sg5.fusionsolar.huawei.com/rest/openapi/pvms/nbi/v1/device/history (truncated): {'failCode': 0, 'success': True, 'message': 'historical data information query successful.', 'data': [{'devDn': 'NE=63022396', 'collectTime': 1778086800000, 'dataItems': {'radiant_line': 0.0, 'horiz_radiant_total': None, 'horiz_radiant_line': None, 'temperature': 2.6, 'wind_speed': 0.0, 'wind_direction': None, 'radiant_total': 0.0, 'pv_temperature': 2.6}}, {'devDn': 'NE=63022396', 'collectTime': 1778087100000, 'dataItems': {'radiant_line': 0.0, 'horiz_radiant_total': None, 'horiz_radiant_line': ...
2026-05-08 01:14:58,610 - root - INFO - API Response type: <class 'dict'>
2026-05-08 01:14:58,611 - root - INFO - API Response keys: ['failCode', 'success', 'message', 'data']
2026-05-08 01:14:58,611 - root - INFO - API Response data is a list with 288 items
2026-05-08 01:14:58,611 - root - INFO - API Response has failCode: 0, message: historical data information query successful.
2026-05-08 01:14:58,611 - root - INFO - Using alternate response format: data as list
2026-05-08 01:14:58,611 - root - INFO - Received 288 data points from API
2026-05-08 01:14:58,611 - root - INFO - Sample data point structure: ['devDn', 'collectTime', 'dataItems']
2026-05-08 01:14:58,692 - root - INFO - Successfully upserted 288 data points.
2026-05-08 01:15:02,016 - root - INFO - Using single devDn for device/history (API: one device per query)
2026-05-08 01:15:02,018 - root - INFO - Fetching historical data for 1 devices of type meteo_station
2026-05-08 01:15:02,018 - root - INFO - Making API request to: https://sg5.fusionsolar.huawei.com/rest/openapi/pvms/nbi/v1/device/history
2026-05-08 01:15:02,018 - root - INFO - Request payload: {'devDn': 'NE=63022388', 'devTypeId': 10, 'startTime': 1778086800000, 'endTime': 1778173199000}
2026-05-08 01:15:02,563 - root - INFO - Response status code: 200
2026-05-08 01:15:02,565 - root - INFO - API response from https://sg5.fusionsolar.huawei.com/rest/openapi/pvms/nbi/v1/device/history (truncated): {'failCode': 0, 'success': True, 'message': 'historical data information query successful.', 'data': [{'devDn': 'NE=63022388', 'collectTime': 1778086800000, 'dataItems': {'radiant_line': 0.0, 'horiz_radiant_total': None, 'horiz_radiant_line': None, 'temperature': 2.5, 'wind_speed': 0.0, 'wind_direction': None, 'radiant_total': 0.0, 'pv_temperature': 2.5}}, {'devDn': 'NE=63022388', 'collectTime': 1778087100000, 'dataItems': {'radiant_line': 0.0, 'horiz_radiant_total': None, 'horiz_radiant_line': ...
2026-05-08 01:15:02,567 - root - INFO - API Response type: <class 'dict'>
2026-05-08 01:15:02,567 - root - INFO - API Response keys: ['failCode', 'success', 'message', 'data']
2026-05-08 01:15:02,567 - root - INFO - API Response data is a list with 288 items
2026-05-08 01:15:02,568 - root - INFO - API Response has failCode: 0, message: historical data information query successful.
2026-05-08 01:15:02,568 - root - INFO - Using alternate response format: data as list
2026-05-08 01:15:02,568 - root - INFO - Received 288 data points from API
2026-05-08 01:15:02,568 - root - INFO - Sample data point structure: ['devDn', 'collectTime', 'dataItems']
2026-05-08 01:15:02,652 - root - INFO - Successfully upserted 288 data points.
2026-05-08 01:15:06,147 - root - INFO - Using single devDn for device/history (API: one device per query)
2026-05-08 01:15:06,148 - root - INFO - Fetching historical data for 1 devices of type meteo_station
2026-05-08 01:15:06,148 - root - INFO - Making API request to: https://sg5.fusionsolar.huawei.com/rest/openapi/pvms/nbi/v1/device/history
2026-05-08 01:15:06,149 - root - INFO - Request payload: {'devDn': 'NE=63022386', 'devTypeId': 10, 'startTime': 1778086800000, 'endTime': 1778173199000}
2026-05-08 01:15:06,715 - root - INFO - Response status code: 200
2026-05-08 01:15:06,718 - root - INFO - API response from https://sg5.fusionsolar.huawei.com/rest/openapi/pvms/nbi/v1/device/history (truncated): {'failCode': 0, 'success': True, 'message': 'historical data information query successful.', 'data': [{'devDn': 'NE=63022386', 'collectTime': 1778086800000, 'dataItems': {'radiant_line': 0.0, 'horiz_radiant_total': None, 'horiz_radiant_line': None, 'temperature': 2.6, 'wind_speed': 0.0, 'wind_direction': None, 'radiant_total': 0.0, 'pv_temperature': 2.3}}, {'devDn': 'NE=63022386', 'collectTime': 1778087100000, 'dataItems': {'radiant_line': 0.0, 'horiz_radiant_total': None, 'horiz_radiant_line': ...
2026-05-08 01:15:06,720 - root - INFO - API Response type: <class 'dict'>
2026-05-08 01:15:06,720 - root - INFO - API Response keys: ['failCode', 'success', 'message', 'data']
2026-05-08 01:15:06,720 - root - INFO - API Response data is a list with 288 items
2026-05-08 01:15:06,720 - root - INFO - API Response has failCode: 0, message: historical data information query successful.
2026-05-08 01:15:06,720 - root - INFO - Using alternate response format: data as list
2026-05-08 01:15:06,720 - root - INFO - Received 288 data points from API
2026-05-08 01:15:06,720 - root - INFO - Sample data point structure: ['devDn', 'collectTime', 'dataItems']
2026-05-08 01:15:06,801 - root - INFO - Successfully upserted 288 data points.
2026-05-08 01:15:10,101 - root - INFO - Using single devDn for device/history (API: one device per query)
2026-05-08 01:15:10,102 - root - INFO - Fetching historical data for 1 devices of type meteo_station
2026-05-08 01:15:10,102 - root - INFO - Making API request to: https://sg5.fusionsolar.huawei.com/rest/openapi/pvms/nbi/v1/device/history
2026-05-08 01:15:10,102 - root - INFO - Request payload: {'devDn': 'NE=50518052', 'devTypeId': 10, 'startTime': 1778086800000, 'endTime': 1778173199000}
2026-05-08 01:15:10,666 - root - INFO - Response status code: 200
2026-05-08 01:15:10,668 - root - INFO - API response from https://sg5.fusionsolar.huawei.com/rest/openapi/pvms/nbi/v1/device/history (truncated): {'failCode': 0, 'success': True, 'message': 'historical data information query successful.', 'data': [{'devDn': 'NE=50518052', 'collectTime': 1778086800000, 'dataItems': {'radiant_line': 0.0, 'horiz_radiant_total': None, 'horiz_radiant_line': None, 'temperature': 2.9, 'wind_speed': 0.0, 'wind_direction': None, 'radiant_total': 0.0, 'pv_temperature': 2.5}}, {'devDn': 'NE=50518052', 'collectTime': 1778087100000, 'dataItems': {'radiant_line': 0.0, 'horiz_radiant_total': None, 'horiz_radiant_line': ...
2026-05-08 01:15:10,670 - root - INFO - API Response type: <class 'dict'>
2026-05-08 01:15:10,670 - root - INFO - API Response keys: ['failCode', 'success', 'message', 'data']
2026-05-08 01:15:10,670 - root - INFO - API Response data is a list with 288 items
2026-05-08 01:15:10,670 - root - INFO - API Response has failCode: 0, message: historical data information query successful.
2026-05-08 01:15:10,670 - root - INFO - Using alternate response format: data as list
2026-05-08 01:15:10,670 - root - INFO - Received 288 data points from API
2026-05-08 01:15:10,671 - root - INFO - Sample data point structure: ['devDn', 'collectTime', 'dataItems']
2026-05-08 01:15:10,752 - root - INFO - Successfully upserted 288 data points.
2026-05-08 01:15:14,599 - root - INFO - Using single devDn for device/history (API: one device per query)
2026-05-08 01:15:14,661 - root - INFO - Fetching historical data for 1 devices of type meteo_station
2026-05-08 01:15:14,661 - root - INFO - Making API request to: https://sg5.fusionsolar.huawei.com/rest/openapi/pvms/nbi/v1/device/history
2026-05-08 01:15:14,661 - root - INFO - Request payload: {'devDn': 'NE=50518051', 'devTypeId': 10, 'startTime': 1778086800000, 'endTime': 1778173199000}
2026-05-08 01:15:15,331 - root - INFO - Response status code: 200
2026-05-08 01:15:15,333 - root - INFO - API response from https://sg5.fusionsolar.huawei.com/rest/openapi/pvms/nbi/v1/device/history (truncated): {'failCode': 0, 'success': True, 'message': 'historical data information query successful.', 'data': [{'devDn': 'NE=50518051', 'collectTime': 1778086800000, 'dataItems': {'radiant_line': 0.0, 'horiz_radiant_total': None, 'horiz_radiant_line': None, 'temperature': 2.9, 'wind_speed': 0.0, 'wind_direction': None, 'radiant_total': 0.0, 'pv_temperature': 2.5}}, {'devDn': 'NE=50518051', 'collectTime': 1778087100000, 'dataItems': {'radiant_line': 0.0, 'horiz_radiant_total': None, 'horiz_radiant_line': ...
2026-05-08 01:15:15,335 - root - INFO - API Response type: <class 'dict'>
2026-05-08 01:15:15,335 - root - INFO - API Response keys: ['failCode', 'success', 'message', 'data']
2026-05-08 01:15:15,335 - root - INFO - API Response data is a list with 288 items
2026-05-08 01:15:15,335 - root - INFO - API Response has failCode: 0, message: historical data information query successful.
2026-05-08 01:15:15,336 - root - INFO - Using alternate response format: data as list
2026-05-08 01:15:15,336 - root - INFO - Received 288 data points from API
2026-05-08 01:15:15,336 - root - INFO - Sample data point structure: ['devDn', 'collectTime', 'dataItems']
2026-05-08 01:15:15,418 - root - INFO - Successfully upserted 288 data points.
2026-05-08 01:15:18,962 - root - INFO - Using single devDn for device/history (API: one device per query)
2026-05-08 01:15:18,963 - root - INFO - Fetching historical data for 1 devices of type meteo_station
2026-05-08 01:15:18,963 - root - INFO - Making API request to: https://sg5.fusionsolar.huawei.com/rest/openapi/pvms/nbi/v1/device/history
2026-05-08 01:15:18,963 - root - INFO - Request payload: {'devDn': 'NE=62806358', 'devTypeId': 10, 'startTime': 1778086800000, 'endTime': 1778173199000}
2026-05-08 01:15:19,600 - root - INFO - Response status code: 200
2026-05-08 01:15:19,602 - root - INFO - API response from https://sg5.fusionsolar.huawei.com/rest/openapi/pvms/nbi/v1/device/history (truncated): {'failCode': 0, 'success': True, 'message': 'historical data information query successful.', 'data': [{'devDn': 'NE=62806358', 'collectTime': 1778086800000, 'dataItems': {'radiant_line': 0.0, 'horiz_radiant_total': None, 'horiz_radiant_line': None, 'temperature': 26.6, 'wind_speed': None, 'wind_direction': None, 'radiant_total': 0.0, 'pv_temperature': 25.6}}, {'devDn': 'NE=62806358', 'collectTime': 1778087100000, 'dataItems': {'radiant_line': 0.0, 'horiz_radiant_total': None, 'horiz_radiant_line...
2026-05-08 01:15:19,604 - root - INFO - API Response type: <class 'dict'>
2026-05-08 01:15:19,604 - root - INFO - API Response keys: ['failCode', 'success', 'message', 'data']
2026-05-08 01:15:19,604 - root - INFO - API Response data is a list with 288 items
2026-05-08 01:15:19,605 - root - INFO - API Response has failCode: 0, message: historical data information query successful.
2026-05-08 01:15:19,605 - root - INFO - Using alternate response format: data as list
2026-05-08 01:15:19,605 - root - INFO - Received 288 data points from API
2026-05-08 01:15:19,605 - root - INFO - Sample data point structure: ['devDn', 'collectTime', 'dataItems']
2026-05-08 01:15:19,684 - root - INFO - Successfully upserted 288 data points.
2026-05-08 01:15:23,573 - root - INFO - Using single devDn for device/history (API: one device per query)
2026-05-08 01:15:23,575 - root - INFO - Fetching historical data for 1 devices of type meteo_station
2026-05-08 01:15:23,575 - root - INFO - Making API request to: https://sg5.fusionsolar.huawei.com/rest/openapi/pvms/nbi/v1/device/history
2026-05-08 01:15:23,575 - root - INFO - Request payload: {'devDn': 'NE=62806362', 'devTypeId': 10, 'startTime': 1778086800000, 'endTime': 1778173199000}
2026-05-08 01:15:24,245 - root - INFO - Response status code: 200
2026-05-08 01:15:24,248 - root - INFO - API response from https://sg5.fusionsolar.huawei.com/rest/openapi/pvms/nbi/v1/device/history (truncated): {'failCode': 0, 'success': True, 'message': 'historical data information query successful.', 'data': [{'devDn': 'NE=62806362', 'collectTime': 1778086800000, 'dataItems': {'radiant_line': 0.0, 'horiz_radiant_total': None, 'horiz_radiant_line': None, 'temperature': 26.1, 'wind_speed': None, 'wind_direction': None, 'radiant_total': 0.0, 'pv_temperature': None}}, {'devDn': 'NE=62806362', 'collectTime': 1778087100000, 'dataItems': {'radiant_line': 0.0, 'horiz_radiant_total': None, 'horiz_radiant_line...
2026-05-08 01:15:24,249 - root - INFO - API Response type: <class 'dict'>
2026-05-08 01:15:24,250 - root - INFO - API Response keys: ['failCode', 'success', 'message', 'data']
2026-05-08 01:15:24,250 - root - INFO - API Response data is a list with 288 items
2026-05-08 01:15:24,250 - root - INFO - API Response has failCode: 0, message: historical data information query successful.
2026-05-08 01:15:24,250 - root - INFO - Using alternate response format: data as list
2026-05-08 01:15:24,250 - root - INFO - Received 288 data points from API
2026-05-08 01:15:24,250 - root - INFO - Sample data point structure: ['devDn', 'collectTime', 'dataItems']
2026-05-08 01:15:24,337 - root - INFO - Successfully upserted 288 data points.
2026-05-08 01:15:28,104 - root - INFO - Using single devDn for device/history (API: one device per query)
2026-05-08 01:15:28,106 - root - INFO - Fetching historical data for 1 devices of type meteo_station
2026-05-08 01:15:28,106 - root - INFO - Making API request to: https://sg5.fusionsolar.huawei.com/rest/openapi/pvms/nbi/v1/device/history
2026-05-08 01:15:28,106 - root - INFO - Request payload: {'devDn': 'NE=62806359', 'devTypeId': 10, 'startTime': 1778086800000, 'endTime': 1778173199000}
2026-05-08 01:15:28,765 - root - INFO - Response status code: 200
2026-05-08 01:15:28,767 - root - INFO - API response from https://sg5.fusionsolar.huawei.com/rest/openapi/pvms/nbi/v1/device/history (truncated): {'failCode': 0, 'success': True, 'message': 'historical data information query successful.', 'data': [{'devDn': 'NE=62806359', 'collectTime': 1778086800000, 'dataItems': {'radiant_line': 0.0, 'horiz_radiant_total': None, 'horiz_radiant_line': None, 'temperature': None, 'wind_speed': None, 'wind_direction': None, 'radiant_total': 0.0, 'pv_temperature': 25.2}}, {'devDn': 'NE=62806359', 'collectTime': 1778087100000, 'dataItems': {'radiant_line': 0.0, 'horiz_radiant_total': None, 'horiz_radiant_line...
2026-05-08 01:15:28,769 - root - INFO - API Response type: <class 'dict'>
2026-05-08 01:15:28,769 - root - INFO - API Response keys: ['failCode', 'success', 'message', 'data']
2026-05-08 01:15:28,769 - root - INFO - API Response data is a list with 288 items
2026-05-08 01:15:28,769 - root - INFO - API Response has failCode: 0, message: historical data information query successful.
2026-05-08 01:15:28,770 - root - INFO - Using alternate response format: data as list
2026-05-08 01:15:28,770 - root - INFO - Received 288 data points from API
2026-05-08 01:15:28,770 - root - INFO - Sample data point structure: ['devDn', 'collectTime', 'dataItems']
2026-05-08 01:15:28,851 - root - INFO - Successfully upserted 288 data points.
2026-05-08 01:15:32,242 - root - INFO - Using single devDn for device/history (API: one device per query)
2026-05-08 01:15:32,244 - root - INFO - Fetching historical data for 1 devices of type meteo_station
2026-05-08 01:15:32,244 - root - INFO - Making API request to: https://sg5.fusionsolar.huawei.com/rest/openapi/pvms/nbi/v1/device/history
2026-05-08 01:15:32,244 - root - INFO - Request payload: {'devDn': 'NE=62806361', 'devTypeId': 10, 'startTime': 1778086800000, 'endTime': 1778173199000}
2026-05-08 01:15:32,878 - root - INFO - Response status code: 200
2026-05-08 01:15:32,881 - root - INFO - API response from https://sg5.fusionsolar.huawei.com/rest/openapi/pvms/nbi/v1/device/history (truncated): {'failCode': 0, 'success': True, 'message': 'historical data information query successful.', 'data': [{'devDn': 'NE=62806361', 'collectTime': 1778086800000, 'dataItems': {'radiant_line': 0.0, 'horiz_radiant_total': None, 'horiz_radiant_line': None, 'temperature': None, 'wind_speed': None, 'wind_direction': None, 'radiant_total': 0.0, 'pv_temperature': 25.4}}, {'devDn': 'NE=62806361', 'collectTime': 1778087100000, 'dataItems': {'radiant_line': 0.0, 'horiz_radiant_total': None, 'horiz_radiant_line...
2026-05-08 01:15:32,882 - root - INFO - API Response type: <class 'dict'>
2026-05-08 01:15:32,883 - root - INFO - API Response keys: ['failCode', 'success', 'message', 'data']
2026-05-08 01:15:32,883 - root - INFO - API Response data is a list with 288 items
2026-05-08 01:15:32,883 - root - INFO - API Response has failCode: 0, message: historical data information query successful.
2026-05-08 01:15:32,883 - root - INFO - Using alternate response format: data as list
2026-05-08 01:15:32,883 - root - INFO - Received 288 data points from API
2026-05-08 01:15:32,883 - root - INFO - Sample data point structure: ['devDn', 'collectTime', 'dataItems']
2026-05-08 01:15:32,962 - root - INFO - Successfully upserted 288 data points.
2026-05-08 01:15:36,303 - root - INFO - Using single devDn for device/history (API: one device per query)
2026-05-08 01:15:36,305 - root - INFO - Fetching historical data for 1 devices of type meteo_station
2026-05-08 01:15:36,305 - root - INFO - Making API request to: https://sg5.fusionsolar.huawei.com/rest/openapi/pvms/nbi/v1/device/history
2026-05-08 01:15:36,305 - root - INFO - Request payload: {'devDn': 'NE=64100324', 'devTypeId': 10, 'startTime': 1778086800000, 'endTime': 1778173199000}
2026-05-08 01:15:36,939 - root - INFO - Response status code: 200
2026-05-08 01:15:36,942 - root - INFO - API response from https://sg5.fusionsolar.huawei.com/rest/openapi/pvms/nbi/v1/device/history (truncated): {'failCode': 0, 'success': True, 'message': 'historical data information query successful.', 'data': [{'devDn': 'NE=64100324', 'collectTime': 1778086800000, 'dataItems': {'radiant_line': 0.0, 'horiz_radiant_total': None, 'horiz_radiant_line': None, 'temperature': None, 'wind_speed': None, 'wind_direction': None, 'radiant_total': 0.0, 'pv_temperature': 25.6}}, {'devDn': 'NE=64100324', 'collectTime': 1778087100000, 'dataItems': {'radiant_line': 0.0, 'horiz_radiant_total': None, 'horiz_radiant_line...
2026-05-08 01:15:36,943 - root - INFO - API Response type: <class 'dict'>
2026-05-08 01:15:36,944 - root - INFO - API Response keys: ['failCode', 'success', 'message', 'data']
2026-05-08 01:15:36,944 - root - INFO - API Response data is a list with 288 items
2026-05-08 01:15:36,944 - root - INFO - API Response has failCode: 0, message: historical data information query successful.
2026-05-08 01:15:36,944 - root - INFO - Using alternate response format: data as list
2026-05-08 01:15:36,944 - root - INFO - Received 288 data points from API
2026-05-08 01:15:36,944 - root - INFO - Sample data point structure: ['devDn', 'collectTime', 'dataItems']
2026-05-08 01:15:37,022 - root - INFO - Successfully upserted 288 data points.
2026-05-08 01:15:40,204 - root - INFO - Using single devDn for device/history (API: one device per query)
2026-05-08 01:15:40,205 - root - INFO - Fetching historical data for 1 devices of type meteo_station
2026-05-08 01:15:40,206 - root - INFO - Making API request to: https://sg5.fusionsolar.huawei.com/rest/openapi/pvms/nbi/v1/device/history
2026-05-08 01:15:40,206 - root - INFO - Request payload: {'devDn': 'NE=69854700', 'devTypeId': 10, 'startTime': 1778086800000, 'endTime': 1778173199000}
2026-05-08 01:15:40,854 - root - INFO - Response status code: 200
2026-05-08 01:15:40,856 - root - INFO - API response from https://sg5.fusionsolar.huawei.com/rest/openapi/pvms/nbi/v1/device/history (truncated): {'failCode': 0, 'success': True, 'message': 'historical data information query successful.', 'data': [{'devDn': 'NE=69854700', 'collectTime': 1778086800000, 'dataItems': {'radiant_line': None, 'horiz_radiant_total': None, 'horiz_radiant_line': None, 'temperature': 26.3, 'wind_speed': 3.4, 'wind_direction': 3.0, 'radiant_total': None, 'pv_temperature': None}}, {'devDn': 'NE=69854700', 'collectTime': 1778087100000, 'dataItems': {'radiant_line': None, 'horiz_radiant_total': None, 'horiz_radiant_lin...
2026-05-08 01:15:40,858 - root - INFO - API Response type: <class 'dict'>
2026-05-08 01:15:40,858 - root - INFO - API Response keys: ['failCode', 'success', 'message', 'data']
2026-05-08 01:15:40,858 - root - INFO - API Response data is a list with 288 items
2026-05-08 01:15:40,858 - root - INFO - API Response has failCode: 0, message: historical data information query successful.
2026-05-08 01:15:40,859 - root - INFO - Using alternate response format: data as list
2026-05-08 01:15:40,859 - root - INFO - Received 288 data points from API
2026-05-08 01:15:40,859 - root - INFO - Sample data point structure: ['devDn', 'collectTime', 'dataItems']
2026-05-08 01:15:40,939 - root - INFO - Successfully upserted 288 data points.
2026-05-08 01:15:43,997 - root - INFO - Using single devDn for device/history (API: one device per query)
2026-05-08 01:15:43,998 - root - INFO - Fetching historical data for 1 devices of type meteo_station
2026-05-08 01:15:43,998 - root - INFO - Making API request to: https://sg5.fusionsolar.huawei.com/rest/openapi/pvms/nbi/v1/device/history
2026-05-08 01:15:43,998 - root - INFO - Request payload: {'devDn': 'NE=64100582', 'devTypeId': 10, 'startTime': 1778086800000, 'endTime': 1778173199000}
2026-05-08 01:15:44,658 - root - INFO - Response status code: 200
2026-05-08 01:15:44,661 - root - INFO - API response from https://sg5.fusionsolar.huawei.com/rest/openapi/pvms/nbi/v1/device/history (truncated): {'failCode': 0, 'success': True, 'message': 'historical data information query successful.', 'data': [{'devDn': 'NE=64100582', 'collectTime': 1778086800000, 'dataItems': {'radiant_line': 0.0, 'horiz_radiant_total': None, 'horiz_radiant_line': None, 'temperature': 26.3, 'wind_speed': None, 'wind_direction': None, 'radiant_total': 0.0, 'pv_temperature': 25.5}}, {'devDn': 'NE=64100582', 'collectTime': 1778087100000, 'dataItems': {'radiant_line': 0.0, 'horiz_radiant_total': None, 'horiz_radiant_line...
2026-05-08 01:15:44,662 - root - INFO - API Response type: <class 'dict'>
2026-05-08 01:15:44,662 - root - INFO - API Response keys: ['failCode', 'success', 'message', 'data']
2026-05-08 01:15:44,663 - root - INFO - API Response data is a list with 288 items
2026-05-08 01:15:44,663 - root - INFO - API Response has failCode: 0, message: historical data information query successful.
2026-05-08 01:15:44,663 - root - INFO - Using alternate response format: data as list
2026-05-08 01:15:44,663 - root - INFO - Received 288 data points from API
2026-05-08 01:15:44,663 - root - INFO - Sample data point structure: ['devDn', 'collectTime', 'dataItems']
2026-05-08 01:15:44,743 - root - INFO - Successfully upserted 288 data points.
2026-05-08 01:15:47,954 - root - INFO - Using single devDn for device/history (API: one device per query)
2026-05-08 01:15:47,956 - root - INFO - Fetching historical data for 1 devices of type meteo_station
2026-05-08 01:15:47,956 - root - INFO - Making API request to: https://sg5.fusionsolar.huawei.com/rest/openapi/pvms/nbi/v1/device/history
2026-05-08 01:15:47,956 - root - INFO - Request payload: {'devDn': 'NE=54493962', 'devTypeId': 10, 'startTime': 1778086800000, 'endTime': 1778173199000}
2026-05-08 01:15:48,375 - root - INFO - Response status code: 200
2026-05-08 01:15:48,375 - root - INFO - API response from https://sg5.fusionsolar.huawei.com/rest/openapi/pvms/nbi/v1/device/history (truncated): {'failCode': 0, 'success': True, 'message': 'historical data information query successful.', 'data': []}
2026-05-08 01:15:48,377 - root - INFO - API Response type: <class 'dict'>
2026-05-08 01:15:48,377 - root - INFO - API Response keys: ['failCode', 'success', 'message', 'data']
2026-05-08 01:15:48,378 - root - INFO - API Response data is a list with 0 items
2026-05-08 01:15:48,378 - root - INFO - API Response has failCode: 0, message: historical data information query successful.
2026-05-08 01:15:48,378 - root - INFO - Using alternate response format: data as list
2026-05-08 01:15:48,378 - root - INFO - No data points returned for the query period
2026-05-08 01:15:48,378 - root - INFO - Using single devDn for device/history (API: one device per query)
2026-05-08 01:15:48,379 - root - INFO - Fetching historical data for 1 devices of type meteo_station
2026-05-08 01:15:48,379 - root - INFO - Making API request to: https://sg5.fusionsolar.huawei.com/rest/openapi/pvms/nbi/v1/device/history
2026-05-08 01:15:48,379 - root - INFO - Request payload: {'devDn': 'NE=54493936', 'devTypeId': 10, 'startTime': 1778086800000, 'endTime': 1778173199000}
2026-05-08 01:15:48,687 - root - INFO - Response status code: 200
2026-05-08 01:15:48,687 - root - INFO - API response from https://sg5.fusionsolar.huawei.com/rest/openapi/pvms/nbi/v1/device/history (truncated): {'failCode': 407, 'success': False, 'message': 'Interface access frequency:0.39333333333333337/1second', 'data': []}
2026-05-08 01:15:48,688 - root - WARNING - API access frequency too high. Waiting 30 seconds before retry...
2026-05-08 01:16:18,688 - root - INFO - Retrying API request after rate limit wait...
2026-05-08 01:16:18,688 - root - INFO - Making API request to: https://sg5.fusionsolar.huawei.com/rest/openapi/pvms/nbi/v1/device/history
2026-05-08 01:16:18,689 - root - INFO - Request payload: {'devDn': 'NE=54493936', 'devTypeId': 10, 'startTime': 1778086800000, 'endTime': 1778173199000}
2026-05-08 01:16:19,134 - root - INFO - Response status code: 200
2026-05-08 01:16:19,134 - root - INFO - API response from https://sg5.fusionsolar.huawei.com/rest/openapi/pvms/nbi/v1/device/history (truncated): {'failCode': 0, 'success': True, 'message': 'historical data information query successful.', 'data': []}
2026-05-08 01:16:19,137 - root - INFO - API Response type: <class 'dict'>
2026-05-08 01:16:19,137 - root - INFO - API Response keys: ['failCode', 'success', 'message', 'data']
2026-05-08 01:16:19,138 - root - INFO - API Response data is a list with 0 items
2026-05-08 01:16:19,138 - root - INFO - API Response has failCode: 0, message: historical data information query successful.
2026-05-08 01:16:19,138 - root - INFO - Using alternate response format: data as list
2026-05-08 01:16:19,138 - root - INFO - No data points returned for the query period
2026-05-08 01:16:19,138 - root - INFO - Using single devDn for device/history (API: one device per query)
2026-05-08 01:16:19,138 - root - INFO - Fetching historical data for 1 devices of type meteo_station
2026-05-08 01:16:19,139 - root - INFO - Making API request to: https://sg5.fusionsolar.huawei.com/rest/openapi/pvms/nbi/v1/device/history
2026-05-08 01:16:19,139 - root - INFO - Request payload: {'devDn': 'NE=54435798', 'devTypeId': 10, 'startTime': 1778086800000, 'endTime': 1778173199000}
2026-05-08 01:16:19,459 - root - INFO - Response status code: 200
2026-05-08 01:16:19,459 - root - INFO - API response from https://sg5.fusionsolar.huawei.com/rest/openapi/pvms/nbi/v1/device/history (truncated): {'failCode': 407, 'success': False, 'message': 'Interface access frequency:0.39333333333333337/1second', 'data': []}
2026-05-08 01:16:19,460 - root - WARNING - API access frequency too high. Waiting 30 seconds before retry...
2026-05-08 01:16:49,460 - root - INFO - Retrying API request after rate limit wait...
2026-05-08 01:16:49,461 - root - INFO - Making API request to: https://sg5.fusionsolar.huawei.com/rest/openapi/pvms/nbi/v1/device/history
2026-05-08 01:16:49,462 - root - INFO - Request payload: {'devDn': 'NE=54435798', 'devTypeId': 10, 'startTime': 1778086800000, 'endTime': 1778173199000}
2026-05-08 01:16:49,878 - root - INFO - Response status code: 200
2026-05-08 01:16:49,878 - root - INFO - API response from https://sg5.fusionsolar.huawei.com/rest/openapi/pvms/nbi/v1/device/history (truncated): {'failCode': 0, 'success': True, 'message': 'historical data information query successful.', 'data': []}
2026-05-08 01:16:49,882 - root - INFO - API Response type: <class 'dict'>
2026-05-08 01:16:49,882 - root - INFO - API Response keys: ['failCode', 'success', 'message', 'data']
2026-05-08 01:16:49,882 - root - INFO - API Response data is a list with 0 items
2026-05-08 01:16:49,882 - root - INFO - API Response has failCode: 0, message: historical data information query successful.
2026-05-08 01:16:49,882 - root - INFO - Using alternate response format: data as list
2026-05-08 01:16:49,882 - root - INFO - No data points returned for the query period
2026-05-08 01:16:49,882 - root - INFO - Using single devDn for device/history (API: one device per query)
2026-05-08 01:16:49,883 - root - INFO - Fetching historical data for 1 devices of type meteo_station
2026-05-08 01:16:49,883 - root - INFO - Making API request to: https://sg5.fusionsolar.huawei.com/rest/openapi/pvms/nbi/v1/device/history
2026-05-08 01:16:49,883 - root - INFO - Request payload: {'devDn': 'NE=54609106', 'devTypeId': 10, 'startTime': 1778086800000, 'endTime': 1778173199000}
2026-05-08 01:16:50,190 - root - INFO - Response status code: 200
2026-05-08 01:16:50,190 - root - INFO - API response from https://sg5.fusionsolar.huawei.com/rest/openapi/pvms/nbi/v1/device/history (truncated): {'failCode': 407, 'success': False, 'message': 'Interface access frequency:0.39333333333333337/1second', 'data': []}
2026-05-08 01:16:50,190 - root - WARNING - API access frequency too high. Waiting 30 seconds before retry...
2026-05-08 01:17:20,190 - root - INFO - Retrying API request after rate limit wait...
2026-05-08 01:17:20,190 - root - INFO - Making API request to: https://sg5.fusionsolar.huawei.com/rest/openapi/pvms/nbi/v1/device/history
2026-05-08 01:17:20,191 - root - INFO - Request payload: {'devDn': 'NE=54609106', 'devTypeId': 10, 'startTime': 1778086800000, 'endTime': 1778173199000}
2026-05-08 01:17:20,613 - root - INFO - Response status code: 200
2026-05-08 01:17:20,613 - root - INFO - API response from https://sg5.fusionsolar.huawei.com/rest/openapi/pvms/nbi/v1/device/history (truncated): {'failCode': 0, 'success': True, 'message': 'historical data information query successful.', 'data': []}
2026-05-08 01:17:20,616 - root - INFO - API Response type: <class 'dict'>
2026-05-08 01:17:20,616 - root - INFO - API Response keys: ['failCode', 'success', 'message', 'data']
2026-05-08 01:17:20,616 - root - INFO - API Response data is a list with 0 items
2026-05-08 01:17:20,617 - root - INFO - API Response has failCode: 0, message: historical data information query successful.
2026-05-08 01:17:20,617 - root - INFO - Using alternate response format: data as list
2026-05-08 01:17:20,617 - root - INFO - No data points returned for the query period
2026-05-08 01:17:20,617 - root - INFO - Using single devDn for device/history (API: one device per query)
2026-05-08 01:17:20,617 - root - INFO - Fetching historical data for 1 devices of type meteo_station
2026-05-08 01:17:20,618 - root - INFO - Making API request to: https://sg5.fusionsolar.huawei.com/rest/openapi/pvms/nbi/v1/device/history
2026-05-08 01:17:20,618 - root - INFO - Request payload: {'devDn': 'NE=54609108', 'devTypeId': 10, 'startTime': 1778086800000, 'endTime': 1778173199000}
2026-05-08 01:17:20,934 - root - INFO - Response status code: 200
2026-05-08 01:17:20,934 - root - INFO - API response from https://sg5.fusionsolar.huawei.com/rest/openapi/pvms/nbi/v1/device/history (truncated): {'failCode': 407, 'success': False, 'message': 'Interface access frequency:0.39333333333333337/1second', 'data': []}
2026-05-08 01:17:20,935 - root - WARNING - API access frequency too high. Waiting 30 seconds before retry...
2026-05-08 01:17:50,935 - root - INFO - Retrying API request after rate limit wait...
2026-05-08 01:17:50,936 - root - INFO - Making API request to: https://sg5.fusionsolar.huawei.com/rest/openapi/pvms/nbi/v1/device/history
2026-05-08 01:17:50,936 - root - INFO - Request payload: {'devDn': 'NE=54609108', 'devTypeId': 10, 'startTime': 1778086800000, 'endTime': 1778173199000}
2026-05-08 01:17:51,353 - root - INFO - Response status code: 200
2026-05-08 01:17:51,354 - root - INFO - API response from https://sg5.fusionsolar.huawei.com/rest/openapi/pvms/nbi/v1/device/history (truncated): {'failCode': 0, 'success': True, 'message': 'historical data information query successful.', 'data': []}
2026-05-08 01:17:51,357 - root - INFO - API Response type: <class 'dict'>
2026-05-08 01:17:51,357 - root - INFO - API Response keys: ['failCode', 'success', 'message', 'data']
2026-05-08 01:17:51,357 - root - INFO - API Response data is a list with 0 items
2026-05-08 01:17:51,358 - root - INFO - API Response has failCode: 0, message: historical data information query successful.
2026-05-08 01:17:51,358 - root - INFO - Using alternate response format: data as list
2026-05-08 01:17:51,358 - root - INFO - No data points returned for the query period
2026-05-08 01:17:51,358 - root - INFO - Using single devDn for device/history (API: one device per query)
2026-05-08 01:17:51,358 - root - INFO - Fetching historical data for 1 devices of type meteo_station
2026-05-08 01:17:51,358 - root - INFO - Making API request to: https://sg5.fusionsolar.huawei.com/rest/openapi/pvms/nbi/v1/device/history
2026-05-08 01:17:51,359 - root - INFO - Request payload: {'devDn': 'NE=54457096', 'devTypeId': 10, 'startTime': 1778086800000, 'endTime': 1778173199000}
2026-05-08 01:17:51,686 - root - INFO - Response status code: 200
2026-05-08 01:17:51,686 - root - INFO - API response from https://sg5.fusionsolar.huawei.com/rest/openapi/pvms/nbi/v1/device/history (truncated): {'failCode': 407, 'success': False, 'message': 'Interface access frequency:0.39333333333333337/1second', 'data': []}
2026-05-08 01:17:51,687 - root - WARNING - API access frequency too high. Waiting 30 seconds before retry...
2026-05-08 01:18:21,687 - root - INFO - Retrying API request after rate limit wait...
2026-05-08 01:18:21,687 - root - INFO - Making API request to: https://sg5.fusionsolar.huawei.com/rest/openapi/pvms/nbi/v1/device/history
2026-05-08 01:18:21,688 - root - INFO - Request payload: {'devDn': 'NE=54457096', 'devTypeId': 10, 'startTime': 1778086800000, 'endTime': 1778173199000}
2026-05-08 01:18:22,287 - root - INFO - Response status code: 200
2026-05-08 01:18:22,290 - root - INFO - API response from https://sg5.fusionsolar.huawei.com/rest/openapi/pvms/nbi/v1/device/history (truncated): {'failCode': 0, 'success': True, 'message': 'historical data information query successful.', 'data': [{'devDn': 'NE=54457096', 'collectTime': 1778086800000, 'dataItems': {'radiant_line': 0.0, 'horiz_radiant_total': None, 'horiz_radiant_line': None, 'temperature': 26.0, 'wind_speed': 0.0, 'wind_direction': None, 'radiant_total': 0.0, 'pv_temperature': 26.8}}, {'devDn': 'NE=54457096', 'collectTime': 1778087100000, 'dataItems': {'radiant_line': 0.0, 'horiz_radiant_total': None, 'horiz_radiant_line'...
2026-05-08 01:18:22,293 - root - INFO - API Response type: <class 'dict'>
2026-05-08 01:18:22,293 - root - INFO - API Response keys: ['failCode', 'success', 'message', 'data']
2026-05-08 01:18:22,293 - root - INFO - API Response data is a list with 288 items
2026-05-08 01:18:22,293 - root - INFO - API Response has failCode: 0, message: historical data information query successful.
2026-05-08 01:18:22,293 - root - INFO - Using alternate response format: data as list
2026-05-08 01:18:22,294 - root - INFO - Received 288 data points from API
2026-05-08 01:18:22,294 - root - INFO - Sample data point structure: ['devDn', 'collectTime', 'dataItems']
2026-05-08 01:18:22,371 - root - INFO - Successfully upserted 288 data points.
2026-05-08 01:18:26,233 - root - INFO - Using single devDn for device/history (API: one device per query)
2026-05-08 01:18:26,234 - root - INFO - Fetching historical data for 1 devices of type meteo_station
2026-05-08 01:18:26,234 - root - INFO - Making API request to: https://sg5.fusionsolar.huawei.com/rest/openapi/pvms/nbi/v1/device/history
2026-05-08 01:18:26,235 - root - INFO - Request payload: {'devDn': 'NE=54479640', 'devTypeId': 10, 'startTime': 1778086800000, 'endTime': 1778173199000}
2026-05-08 01:18:26,781 - root - INFO - Response status code: 200
2026-05-08 01:18:26,784 - root - INFO - API response from https://sg5.fusionsolar.huawei.com/rest/openapi/pvms/nbi/v1/device/history (truncated): {'failCode': 0, 'success': True, 'message': 'historical data information query successful.', 'data': [{'devDn': 'NE=54479640', 'collectTime': 1778086800000, 'dataItems': {'radiant_line': 0.0, 'horiz_radiant_total': None, 'horiz_radiant_line': None, 'temperature': 27.3, 'wind_speed': 1.8, 'wind_direction': 112.0, 'radiant_total': 0.0, 'pv_temperature': 25.6}}, {'devDn': 'NE=54479640', 'collectTime': 1778087100000, 'dataItems': {'radiant_line': 0.0, 'horiz_radiant_total': None, 'horiz_radiant_line...
2026-05-08 01:18:26,786 - root - INFO - API Response type: <class 'dict'>
2026-05-08 01:18:26,786 - root - INFO - API Response keys: ['failCode', 'success', 'message', 'data']
2026-05-08 01:18:26,786 - root - INFO - API Response data is a list with 288 items
2026-05-08 01:18:26,786 - root - INFO - API Response has failCode: 0, message: historical data information query successful.
2026-05-08 01:18:26,786 - root - INFO - Using alternate response format: data as list
2026-05-08 01:18:26,786 - root - INFO - Received 288 data points from API
2026-05-08 01:18:26,787 - root - INFO - Sample data point structure: ['devDn', 'collectTime', 'dataItems']
2026-05-08 01:18:26,866 - root - INFO - Successfully upserted 288 data points.
2026-05-08 01:18:30,220 - root - INFO - Using single devDn for device/history (API: one device per query)
2026-05-08 01:18:30,221 - root - INFO - Fetching historical data for 1 devices of type meteo_station
2026-05-08 01:18:30,222 - root - INFO - Making API request to: https://sg5.fusionsolar.huawei.com/rest/openapi/pvms/nbi/v1/device/history
2026-05-08 01:18:30,222 - root - INFO - Request payload: {'devDn': 'NE=54453658', 'devTypeId': 10, 'startTime': 1778086800000, 'endTime': 1778173199000}
2026-05-08 01:18:30,839 - root - INFO - Response status code: 200
2026-05-08 01:18:30,841 - root - INFO - API response from https://sg5.fusionsolar.huawei.com/rest/openapi/pvms/nbi/v1/device/history (truncated): {'failCode': 0, 'success': True, 'message': 'historical data information query successful.', 'data': [{'devDn': 'NE=54453658', 'collectTime': 1778086800000, 'dataItems': {'radiant_line': 0.0, 'horiz_radiant_total': None, 'horiz_radiant_line': None, 'temperature': 26.0, 'wind_speed': 0.0, 'wind_direction': None, 'radiant_total': 0.0, 'pv_temperature': 26.8}}, {'devDn': 'NE=54453658', 'collectTime': 1778087100000, 'dataItems': {'radiant_line': 0.0, 'horiz_radiant_total': None, 'horiz_radiant_line'...
2026-05-08 01:18:30,843 - root - INFO - API Response type: <class 'dict'>
2026-05-08 01:18:30,843 - root - INFO - API Response keys: ['failCode', 'success', 'message', 'data']
2026-05-08 01:18:30,843 - root - INFO - API Response data is a list with 288 items
2026-05-08 01:18:30,844 - root - INFO - API Response has failCode: 0, message: historical data information query successful.
2026-05-08 01:18:30,844 - root - INFO - Using alternate response format: data as list
2026-05-08 01:18:30,844 - root - INFO - Received 288 data points from API
2026-05-08 01:18:30,844 - root - INFO - Sample data point structure: ['devDn', 'collectTime', 'dataItems']
2026-05-08 01:18:30,924 - root - INFO - Successfully upserted 288 data points.
2026-05-08 01:18:34,442 - root - INFO - Using single devDn for device/history (API: one device per query)
2026-05-08 01:18:34,444 - root - INFO - Fetching historical data for 1 devices of type meteo_station
2026-05-08 01:18:34,444 - root - INFO - Making API request to: https://sg5.fusionsolar.huawei.com/rest/openapi/pvms/nbi/v1/device/history
2026-05-08 01:18:34,444 - root - INFO - Request payload: {'devDn': 'NE=54436514', 'devTypeId': 10, 'startTime': 1778086800000, 'endTime': 1778173199000}
2026-05-08 01:18:35,027 - root - INFO - Response status code: 200
2026-05-08 01:18:35,030 - root - INFO - API response from https://sg5.fusionsolar.huawei.com/rest/openapi/pvms/nbi/v1/device/history (truncated): {'failCode': 0, 'success': True, 'message': 'historical data information query successful.', 'data': [{'devDn': 'NE=54436514', 'collectTime': 1778086800000, 'dataItems': {'radiant_line': 0.0, 'horiz_radiant_total': None, 'horiz_radiant_line': None, 'temperature': 25.9, 'wind_speed': 0.0, 'wind_direction': None, 'radiant_total': 0.0, 'pv_temperature': 26.7}}, {'devDn': 'NE=54436514', 'collectTime': 1778087100000, 'dataItems': {'radiant_line': 0.0, 'horiz_radiant_total': None, 'horiz_radiant_line'...
2026-05-08 01:18:35,031 - root - INFO - API Response type: <class 'dict'>
2026-05-08 01:18:35,032 - root - INFO - API Response keys: ['failCode', 'success', 'message', 'data']
2026-05-08 01:18:35,032 - root - INFO - API Response data is a list with 288 items
2026-05-08 01:18:35,032 - root - INFO - API Response has failCode: 0, message: historical data information query successful.
2026-05-08 01:18:35,032 - root - INFO - Using alternate response format: data as list
2026-05-08 01:18:35,032 - root - INFO - Received 288 data points from API
2026-05-08 01:18:35,032 - root - INFO - Sample data point structure: ['devDn', 'collectTime', 'dataItems']
2026-05-08 01:18:35,111 - root - INFO - Successfully upserted 288 data points.
2026-05-08 01:18:38,372 - root - INFO - Using single devDn for device/history (API: one device per query)
2026-05-08 01:18:38,373 - root - INFO - Fetching historical data for 1 devices of type meteo_station
2026-05-08 01:18:38,373 - root - INFO - Making API request to: https://sg5.fusionsolar.huawei.com/rest/openapi/pvms/nbi/v1/device/history
2026-05-08 01:18:38,373 - root - INFO - Request payload: {'devDn': 'NE=54455116', 'devTypeId': 10, 'startTime': 1778086800000, 'endTime': 1778173199000}
2026-05-08 01:18:38,925 - root - INFO - Response status code: 200
2026-05-08 01:18:38,927 - root - INFO - API response from https://sg5.fusionsolar.huawei.com/rest/openapi/pvms/nbi/v1/device/history (truncated): {'failCode': 0, 'success': True, 'message': 'historical data information query successful.', 'data': [{'devDn': 'NE=54455116', 'collectTime': 1778086800000, 'dataItems': {'radiant_line': 0.0, 'horiz_radiant_total': None, 'horiz_radiant_line': None, 'temperature': 26.0, 'wind_speed': 0.0, 'wind_direction': None, 'radiant_total': 0.0, 'pv_temperature': 26.8}}, {'devDn': 'NE=54455116', 'collectTime': 1778087100000, 'dataItems': {'radiant_line': 0.0, 'horiz_radiant_total': None, 'horiz_radiant_line'...
2026-05-08 01:18:38,929 - root - INFO - API Response type: <class 'dict'>
2026-05-08 01:18:38,929 - root - INFO - API Response keys: ['failCode', 'success', 'message', 'data']
2026-05-08 01:18:38,929 - root - INFO - API Response data is a list with 288 items
2026-05-08 01:18:38,929 - root - INFO - API Response has failCode: 0, message: historical data information query successful.
2026-05-08 01:18:38,930 - root - INFO - Using alternate response format: data as list
2026-05-08 01:18:38,930 - root - INFO - Received 288 data points from API
2026-05-08 01:18:38,930 - root - INFO - Sample data point structure: ['devDn', 'collectTime', 'dataItems']
2026-05-08 01:18:39,011 - root - INFO - Successfully upserted 288 data points.
2026-05-08 01:18:42,358 - root - INFO - Using single devDn for device/history (API: one device per query)
2026-05-08 01:18:42,359 - root - INFO - Fetching historical data for 1 devices of type meteo_station
2026-05-08 01:18:42,359 - root - INFO - Making API request to: https://sg5.fusionsolar.huawei.com/rest/openapi/pvms/nbi/v1/device/history
2026-05-08 01:18:42,359 - root - INFO - Request payload: {'devDn': 'NE=58284538', 'devTypeId': 10, 'startTime': 1778086800000, 'endTime': 1778173199000}
2026-05-08 01:18:42,966 - root - INFO - Response status code: 200
2026-05-08 01:18:42,968 - root - INFO - API response from https://sg5.fusionsolar.huawei.com/rest/openapi/pvms/nbi/v1/device/history (truncated): {'failCode': 0, 'success': True, 'message': 'historical data information query successful.', 'data': [{'devDn': 'NE=58284538', 'collectTime': 1778086800000, 'dataItems': {'radiant_line': 0.0, 'horiz_radiant_total': None, 'horiz_radiant_line': None, 'temperature': 26.6, 'wind_speed': None, 'wind_direction': None, 'radiant_total': 0.0, 'pv_temperature': 26.2}}, {'devDn': 'NE=58284538', 'collectTime': 1778087100000, 'dataItems': {'radiant_line': 0.0, 'horiz_radiant_total': None, 'horiz_radiant_line...
2026-05-08 01:18:42,970 - root - INFO - API Response type: <class 'dict'>
2026-05-08 01:18:42,970 - root - INFO - API Response keys: ['failCode', 'success', 'message', 'data']
2026-05-08 01:18:42,970 - root - INFO - API Response data is a list with 288 items
2026-05-08 01:18:42,970 - root - INFO - API Response has failCode: 0, message: historical data information query successful.
2026-05-08 01:18:42,971 - root - INFO - Using alternate response format: data as list
2026-05-08 01:18:42,971 - root - INFO - Received 288 data points from API
2026-05-08 01:18:42,971 - root - INFO - Sample data point structure: ['devDn', 'collectTime', 'dataItems']
2026-05-08 01:18:43,051 - root - INFO - Successfully upserted 288 data points.
2026-05-08 01:18:46,251 - root - INFO - Using single devDn for device/history (API: one device per query)
2026-05-08 01:18:46,253 - root - INFO - Fetching historical data for 1 devices of type meteo_station
2026-05-08 01:18:46,253 - root - INFO - Making API request to: https://sg5.fusionsolar.huawei.com/rest/openapi/pvms/nbi/v1/device/history
2026-05-08 01:18:46,253 - root - INFO - Request payload: {'devDn': 'NE=58291110', 'devTypeId': 10, 'startTime': 1778086800000, 'endTime': 1778173199000}
2026-05-08 01:18:46,847 - root - INFO - Response status code: 200
2026-05-08 01:18:46,850 - root - INFO - API response from https://sg5.fusionsolar.huawei.com/rest/openapi/pvms/nbi/v1/device/history (truncated): {'failCode': 0, 'success': True, 'message': 'historical data information query successful.', 'data': [{'devDn': 'NE=58291110', 'collectTime': 1778086800000, 'dataItems': {'radiant_line': 0.0, 'horiz_radiant_total': None, 'horiz_radiant_line': None, 'temperature': 26.0, 'wind_speed': None, 'wind_direction': None, 'radiant_total': 0.0, 'pv_temperature': 26.7}}, {'devDn': 'NE=58291110', 'collectTime': 1778087100000, 'dataItems': {'radiant_line': 0.9, 'horiz_radiant_total': None, 'horiz_radiant_line...
2026-05-08 01:18:46,852 - root - INFO - API Response type: <class 'dict'>
2026-05-08 01:18:46,852 - root - INFO - API Response keys: ['failCode', 'success', 'message', 'data']
2026-05-08 01:18:46,852 - root - INFO - API Response data is a list with 288 items
2026-05-08 01:18:46,852 - root - INFO - API Response has failCode: 0, message: historical data information query successful.
2026-05-08 01:18:46,853 - root - INFO - Using alternate response format: data as list
2026-05-08 01:18:46,853 - root - INFO - Received 288 data points from API
2026-05-08 01:18:46,853 - root - INFO - Sample data point structure: ['devDn', 'collectTime', 'dataItems']
2026-05-08 01:18:46,932 - root - INFO - Successfully upserted 288 data points.
2026-05-08 01:18:50,123 - root - INFO - Using single devDn for device/history (API: one device per query)
2026-05-08 01:18:50,125 - root - INFO - Fetching historical data for 1 devices of type meteo_station
2026-05-08 01:18:50,125 - root - INFO - Making API request to: https://sg5.fusionsolar.huawei.com/rest/openapi/pvms/nbi/v1/device/history
2026-05-08 01:18:50,125 - root - INFO - Request payload: {'devDn': 'NE=58291113', 'devTypeId': 10, 'startTime': 1778086800000, 'endTime': 1778173199000}
2026-05-08 01:18:50,776 - root - INFO - Response status code: 200
2026-05-08 01:18:50,779 - root - INFO - API response from https://sg5.fusionsolar.huawei.com/rest/openapi/pvms/nbi/v1/device/history (truncated): {'failCode': 0, 'success': True, 'message': 'historical data information query successful.', 'data': [{'devDn': 'NE=58291113', 'collectTime': 1778086800000, 'dataItems': {'radiant_line': 0.0, 'horiz_radiant_total': None, 'horiz_radiant_line': None, 'temperature': 27.2, 'wind_speed': None, 'wind_direction': None, 'radiant_total': 0.0, 'pv_temperature': None}}, {'devDn': 'NE=58291113', 'collectTime': 1778087100000, 'dataItems': {'radiant_line': 0.0, 'horiz_radiant_total': None, 'horiz_radiant_line...
2026-05-08 01:18:50,781 - root - INFO - API Response type: <class 'dict'>
2026-05-08 01:18:50,781 - root - INFO - API Response keys: ['failCode', 'success', 'message', 'data']
2026-05-08 01:18:50,781 - root - INFO - API Response data is a list with 288 items
2026-05-08 01:18:50,781 - root - INFO - API Response has failCode: 0, message: historical data information query successful.
2026-05-08 01:18:50,782 - root - INFO - Using alternate response format: data as list
2026-05-08 01:18:50,782 - root - INFO - Received 288 data points from API
2026-05-08 01:18:50,782 - root - INFO - Sample data point structure: ['devDn', 'collectTime', 'dataItems']
2026-05-08 01:18:50,861 - root - INFO - Successfully upserted 288 data points.
2026-05-08 01:18:54,224 - root - INFO - Using single devDn for device/history (API: one device per query)
2026-05-08 01:18:54,225 - root - INFO - Fetching historical data for 1 devices of type meteo_station
2026-05-08 01:18:54,226 - root - INFO - Making API request to: https://sg5.fusionsolar.huawei.com/rest/openapi/pvms/nbi/v1/device/history
2026-05-08 01:18:54,226 - root - INFO - Request payload: {'devDn': 'NE=58291112', 'devTypeId': 10, 'startTime': 1778086800000, 'endTime': 1778173199000}
2026-05-08 01:18:54,834 - root - INFO - Response status code: 200
2026-05-08 01:18:54,837 - root - INFO - API response from https://sg5.fusionsolar.huawei.com/rest/openapi/pvms/nbi/v1/device/history (truncated): {'failCode': 0, 'success': True, 'message': 'historical data information query successful.', 'data': [{'devDn': 'NE=58291112', 'collectTime': 1778086800000, 'dataItems': {'radiant_line': 0.9, 'horiz_radiant_total': None, 'horiz_radiant_line': None, 'temperature': 26.4, 'wind_speed': None, 'wind_direction': None, 'radiant_total': 0.0, 'pv_temperature': 26.3}}, {'devDn': 'NE=58291112', 'collectTime': 1778087100000, 'dataItems': {'radiant_line': 0.0, 'horiz_radiant_total': None, 'horiz_radiant_line...
2026-05-08 01:18:54,839 - root - INFO - API Response type: <class 'dict'>
2026-05-08 01:18:54,839 - root - INFO - API Response keys: ['failCode', 'success', 'message', 'data']
2026-05-08 01:18:54,839 - root - INFO - API Response data is a list with 288 items
2026-05-08 01:18:54,839 - root - INFO - API Response has failCode: 0, message: historical data information query successful.
2026-05-08 01:18:54,839 - root - INFO - Using alternate response format: data as list
2026-05-08 01:18:54,839 - root - INFO - Received 288 data points from API
2026-05-08 01:18:54,840 - root - INFO - Sample data point structure: ['devDn', 'collectTime', 'dataItems']
2026-05-08 01:18:54,918 - root - INFO - Successfully upserted 288 data points.
2026-05-08 01:18:58,105 - root - INFO - Using single devDn for device/history (API: one device per query)
2026-05-08 01:18:58,107 - root - INFO - Fetching historical data for 1 devices of type meteo_station
2026-05-08 01:18:58,107 - root - INFO - Making API request to: https://sg5.fusionsolar.huawei.com/rest/openapi/pvms/nbi/v1/device/history
2026-05-08 01:18:58,107 - root - INFO - Request payload: {'devDn': 'NE=58291114', 'devTypeId': 10, 'startTime': 1778086800000, 'endTime': 1778173199000}
2026-05-08 01:18:58,701 - root - INFO - Response status code: 200
2026-05-08 01:18:58,704 - root - INFO - API response from https://sg5.fusionsolar.huawei.com/rest/openapi/pvms/nbi/v1/device/history (truncated): {'failCode': 0, 'success': True, 'message': 'historical data information query successful.', 'data': [{'devDn': 'NE=58291114', 'collectTime': 1778086800000, 'dataItems': {'radiant_line': 0.0, 'horiz_radiant_total': None, 'horiz_radiant_line': None, 'temperature': 26.7, 'wind_speed': None, 'wind_direction': None, 'radiant_total': 0.0, 'pv_temperature': 26.1}}, {'devDn': 'NE=58291114', 'collectTime': 1778087100000, 'dataItems': {'radiant_line': 0.0, 'horiz_radiant_total': None, 'horiz_radiant_line...
2026-05-08 01:18:58,706 - root - INFO - API Response type: <class 'dict'>
2026-05-08 01:18:58,706 - root - INFO - API Response keys: ['failCode', 'success', 'message', 'data']
2026-05-08 01:18:58,707 - root - INFO - API Response data is a list with 288 items
2026-05-08 01:18:58,707 - root - INFO - API Response has failCode: 0, message: historical data information query successful.
2026-05-08 01:18:58,707 - root - INFO - Using alternate response format: data as list
2026-05-08 01:18:58,707 - root - INFO - Received 288 data points from API
2026-05-08 01:18:58,707 - root - INFO - Sample data point structure: ['devDn', 'collectTime', 'dataItems']
2026-05-08 01:18:58,787 - root - INFO - Successfully upserted 288 data points.
2026-05-08 01:19:01,927 - root - INFO - Using single devDn for device/history (API: one device per query)
2026-05-08 01:19:01,929 - root - INFO - Fetching historical data for 1 devices of type meteo_station
2026-05-08 01:19:01,929 - root - INFO - Making API request to: https://sg5.fusionsolar.huawei.com/rest/openapi/pvms/nbi/v1/device/history
2026-05-08 01:19:01,929 - root - INFO - Request payload: {'devDn': 'NE=53784299', 'devTypeId': 10, 'startTime': 1778086800000, 'endTime': 1778173199000}
2026-05-08 01:19:02,485 - root - INFO - Response status code: 200
2026-05-08 01:19:02,488 - root - INFO - API response from https://sg5.fusionsolar.huawei.com/rest/openapi/pvms/nbi/v1/device/history (truncated): {'failCode': 0, 'success': True, 'message': 'historical data information query successful.', 'data': [{'devDn': 'NE=53784299', 'collectTime': 1778086800000, 'dataItems': {'radiant_line': 0.0, 'horiz_radiant_total': None, 'horiz_radiant_line': None, 'temperature': 0.0, 'wind_speed': 0.0, 'wind_direction': None, 'radiant_total': 0.0, 'pv_temperature': 26.4}}, {'devDn': 'NE=53784299', 'collectTime': 1778087100000, 'dataItems': {'radiant_line': 0.0, 'horiz_radiant_total': None, 'horiz_radiant_line':...
2026-05-08 01:19:02,490 - root - INFO - API Response type: <class 'dict'>
2026-05-08 01:19:02,490 - root - INFO - API Response keys: ['failCode', 'success', 'message', 'data']
2026-05-08 01:19:02,490 - root - INFO - API Response data is a list with 288 items
2026-05-08 01:19:02,490 - root - INFO - API Response has failCode: 0, message: historical data information query successful.
2026-05-08 01:19:02,490 - root - INFO - Using alternate response format: data as list
2026-05-08 01:19:02,490 - root - INFO - Received 288 data points from API
2026-05-08 01:19:02,490 - root - INFO - Sample data point structure: ['devDn', 'collectTime', 'dataItems']
2026-05-08 01:19:02,571 - root - INFO - Successfully upserted 288 data points.
2026-05-08 01:19:06,790 - root - INFO - Using single devDn for device/history (API: one device per query)
2026-05-08 01:19:06,791 - root - INFO - Fetching historical data for 1 devices of type meteo_station
2026-05-08 01:19:06,791 - root - INFO - Making API request to: https://sg5.fusionsolar.huawei.com/rest/openapi/pvms/nbi/v1/device/history
2026-05-08 01:19:06,791 - root - INFO - Request payload: {'devDn': 'NE=53784298', 'devTypeId': 10, 'startTime': 1778086800000, 'endTime': 1778173199000}
2026-05-08 01:19:07,375 - root - INFO - Response status code: 200
2026-05-08 01:19:07,378 - root - INFO - API response from https://sg5.fusionsolar.huawei.com/rest/openapi/pvms/nbi/v1/device/history (truncated): {'failCode': 0, 'success': True, 'message': 'historical data information query successful.', 'data': [{'devDn': 'NE=53784298', 'collectTime': 1778086800000, 'dataItems': {'radiant_line': 0.0, 'horiz_radiant_total': None, 'horiz_radiant_line': None, 'temperature': 0.0, 'wind_speed': 0.0, 'wind_direction': None, 'radiant_total': 0.0, 'pv_temperature': 26.6}}, {'devDn': 'NE=53784298', 'collectTime': 1778087100000, 'dataItems': {'radiant_line': 0.0, 'horiz_radiant_total': None, 'horiz_radiant_line':...
2026-05-08 01:19:07,380 - root - INFO - API Response type: <class 'dict'>
2026-05-08 01:19:07,380 - root - INFO - API Response keys: ['failCode', 'success', 'message', 'data']
2026-05-08 01:19:07,380 - root - INFO - API Response data is a list with 288 items
2026-05-08 01:19:07,380 - root - INFO - API Response has failCode: 0, message: historical data information query successful.
2026-05-08 01:19:07,381 - root - INFO - Using alternate response format: data as list
2026-05-08 01:19:07,381 - root - INFO - Received 288 data points from API
2026-05-08 01:19:07,381 - root - INFO - Sample data point structure: ['devDn', 'collectTime', 'dataItems']
2026-05-08 01:19:07,459 - root - INFO - Successfully upserted 288 data points.
2026-05-08 01:19:11,467 - root - INFO - Using single devDn for device/history (API: one device per query)
2026-05-08 01:19:11,468 - root - INFO - Fetching historical data for 1 devices of type meteo_station
2026-05-08 01:19:11,468 - root - INFO - Making API request to: https://sg5.fusionsolar.huawei.com/rest/openapi/pvms/nbi/v1/device/history
2026-05-08 01:19:11,468 - root - INFO - Request payload: {'devDn': 'NE=53784297', 'devTypeId': 10, 'startTime': 1778086800000, 'endTime': 1778173199000}
2026-05-08 01:19:12,136 - root - INFO - Response status code: 200
2026-05-08 01:19:12,139 - root - INFO - API response from https://sg5.fusionsolar.huawei.com/rest/openapi/pvms/nbi/v1/device/history (truncated): {'failCode': 0, 'success': True, 'message': 'historical data information query successful.', 'data': [{'devDn': 'NE=53784297', 'collectTime': 1778086800000, 'dataItems': {'radiant_line': 0.0, 'horiz_radiant_total': None, 'horiz_radiant_line': None, 'temperature': 26.5, 'wind_speed': 0.0, 'wind_direction': None, 'radiant_total': 0.0, 'pv_temperature': 26.5}}, {'devDn': 'NE=53784297', 'collectTime': 1778087100000, 'dataItems': {'radiant_line': 0.0, 'horiz_radiant_total': None, 'horiz_radiant_line'...
2026-05-08 01:19:12,141 - root - INFO - API Response type: <class 'dict'>
2026-05-08 01:19:12,141 - root - INFO - API Response keys: ['failCode', 'success', 'message', 'data']
2026-05-08 01:19:12,141 - root - INFO - API Response data is a list with 288 items
2026-05-08 01:19:12,141 - root - INFO - API Response has failCode: 0, message: historical data information query successful.
2026-05-08 01:19:12,142 - root - INFO - Using alternate response format: data as list
2026-05-08 01:19:12,142 - root - INFO - Received 288 data points from API
2026-05-08 01:19:12,142 - root - INFO - Sample data point structure: ['devDn', 'collectTime', 'dataItems']
2026-05-08 01:19:12,222 - root - INFO - Successfully upserted 288 data points.
2026-05-08 01:19:16,098 - root - INFO - Using single devDn for device/history (API: one device per query)
2026-05-08 01:19:16,099 - root - INFO - Fetching historical data for 1 devices of type meteo_station
2026-05-08 01:19:16,100 - root - INFO - Making API request to: https://sg5.fusionsolar.huawei.com/rest/openapi/pvms/nbi/v1/device/history
2026-05-08 01:19:16,100 - root - INFO - Request payload: {'devDn': 'NE=53784296', 'devTypeId': 10, 'startTime': 1778086800000, 'endTime': 1778173199000}
2026-05-08 01:19:16,673 - root - INFO - Response status code: 200
2026-05-08 01:19:16,676 - root - INFO - API response from https://sg5.fusionsolar.huawei.com/rest/openapi/pvms/nbi/v1/device/history (truncated): {'failCode': 0, 'success': True, 'message': 'historical data information query successful.', 'data': [{'devDn': 'NE=53784296', 'collectTime': 1778086800000, 'dataItems': {'radiant_line': 0.0, 'horiz_radiant_total': None, 'horiz_radiant_line': None, 'temperature': 26.8, 'wind_speed': 0.0, 'wind_direction': None, 'radiant_total': 0.0, 'pv_temperature': 26.6}}, {'devDn': 'NE=53784296', 'collectTime': 1778087100000, 'dataItems': {'radiant_line': 0.0, 'horiz_radiant_total': None, 'horiz_radiant_line'...
2026-05-08 01:19:16,678 - root - INFO - API Response type: <class 'dict'>
2026-05-08 01:19:16,678 - root - INFO - API Response keys: ['failCode', 'success', 'message', 'data']
2026-05-08 01:19:16,678 - root - INFO - API Response data is a list with 288 items
2026-05-08 01:19:16,678 - root - INFO - API Response has failCode: 0, message: historical data information query successful.
2026-05-08 01:19:16,678 - root - INFO - Using alternate response format: data as list
2026-05-08 01:19:16,679 - root - INFO - Received 288 data points from API
2026-05-08 01:19:16,679 - root - INFO - Sample data point structure: ['devDn', 'collectTime', 'dataItems']
2026-05-08 01:19:16,756 - root - INFO - Successfully upserted 288 data points.
2026-05-08 01:19:21,059 - root - INFO - Using single devDn for device/history (API: one device per query)
2026-05-08 01:19:21,060 - root - INFO - Fetching historical data for 1 devices of type meteo_station
2026-05-08 01:19:21,060 - root - INFO - Making API request to: https://sg5.fusionsolar.huawei.com/rest/openapi/pvms/nbi/v1/device/history
2026-05-08 01:19:21,061 - root - INFO - Request payload: {'devDn': 'NE=53784303', 'devTypeId': 10, 'startTime': 1778086800000, 'endTime': 1778173199000}
2026-05-08 01:19:21,608 - root - INFO - Response status code: 200
2026-05-08 01:19:21,611 - root - INFO - API response from https://sg5.fusionsolar.huawei.com/rest/openapi/pvms/nbi/v1/device/history (truncated): {'failCode': 0, 'success': True, 'message': 'historical data information query successful.', 'data': [{'devDn': 'NE=53784303', 'collectTime': 1778086800000, 'dataItems': {'radiant_line': 74.0, 'horiz_radiant_total': None, 'horiz_radiant_line': None, 'temperature': 26.7, 'wind_speed': 0.0, 'wind_direction': 247.0, 'radiant_total': 0.266, 'pv_temperature': 24.5}}, {'devDn': 'NE=53784303', 'collectTime': 1778087100000, 'dataItems': {'radiant_line': 74.0, 'horiz_radiant_total': None, 'horiz_radiant_...
2026-05-08 01:19:21,613 - root - INFO - API Response type: <class 'dict'>
2026-05-08 01:19:21,613 - root - INFO - API Response keys: ['failCode', 'success', 'message', 'data']
2026-05-08 01:19:21,613 - root - INFO - API Response data is a list with 288 items
2026-05-08 01:19:21,613 - root - INFO - API Response has failCode: 0, message: historical data information query successful.
2026-05-08 01:19:21,613 - root - INFO - Using alternate response format: data as list
2026-05-08 01:19:21,613 - root - INFO - Received 288 data points from API
2026-05-08 01:19:21,614 - root - INFO - Sample data point structure: ['devDn', 'collectTime', 'dataItems']
2026-05-08 01:19:21,694 - root - INFO - Successfully upserted 288 data points.
2026-05-08 01:19:25,295 - root - INFO - Using single devDn for device/history (API: one device per query)
2026-05-08 01:19:25,297 - root - INFO - Fetching historical data for 1 devices of type meteo_station
2026-05-08 01:19:25,297 - root - INFO - Making API request to: https://sg5.fusionsolar.huawei.com/rest/openapi/pvms/nbi/v1/device/history
2026-05-08 01:19:25,297 - root - INFO - Request payload: {'devDn': 'NE=53784302', 'devTypeId': 10, 'startTime': 1778086800000, 'endTime': 1778173199000}
2026-05-08 01:19:25,840 - root - INFO - Response status code: 200
2026-05-08 01:19:25,843 - root - INFO - API response from https://sg5.fusionsolar.huawei.com/rest/openapi/pvms/nbi/v1/device/history (truncated): {'failCode': 0, 'success': True, 'message': 'historical data information query successful.', 'data': [{'devDn': 'NE=53784302', 'collectTime': 1778086800000, 'dataItems': {'radiant_line': 0.0, 'horiz_radiant_total': None, 'horiz_radiant_line': None, 'temperature': 26.2, 'wind_speed': 0.0, 'wind_direction': None, 'radiant_total': 0.0, 'pv_temperature': 26.7}}, {'devDn': 'NE=53784302', 'collectTime': 1778087100000, 'dataItems': {'radiant_line': 0.0, 'horiz_radiant_total': None, 'horiz_radiant_line'...
2026-05-08 01:19:25,845 - root - INFO - API Response type: <class 'dict'>
2026-05-08 01:19:25,845 - root - INFO - API Response keys: ['failCode', 'success', 'message', 'data']
2026-05-08 01:19:25,845 - root - INFO - API Response data is a list with 288 items
2026-05-08 01:19:25,845 - root - INFO - API Response has failCode: 0, message: historical data information query successful.
2026-05-08 01:19:25,845 - root - INFO - Using alternate response format: data as list
2026-05-08 01:19:25,845 - root - INFO - Received 288 data points from API
2026-05-08 01:19:25,845 - root - INFO - Sample data point structure: ['devDn', 'collectTime', 'dataItems']
2026-05-08 01:19:25,923 - root - INFO - Successfully upserted 288 data points.
2026-05-08 01:19:29,764 - root - INFO - Using single devDn for device/history (API: one device per query)
2026-05-08 01:19:29,765 - root - INFO - Fetching historical data for 1 devices of type meteo_station
2026-05-08 01:19:29,765 - root - INFO - Making API request to: https://sg5.fusionsolar.huawei.com/rest/openapi/pvms/nbi/v1/device/history
2026-05-08 01:19:29,765 - root - INFO - Request payload: {'devDn': 'NE=53784301', 'devTypeId': 10, 'startTime': 1778086800000, 'endTime': 1778173199000}
2026-05-08 01:19:30,356 - root - INFO - Response status code: 200
2026-05-08 01:19:30,358 - root - INFO - API response from https://sg5.fusionsolar.huawei.com/rest/openapi/pvms/nbi/v1/device/history (truncated): {'failCode': 0, 'success': True, 'message': 'historical data information query successful.', 'data': [{'devDn': 'NE=53784301', 'collectTime': 1778086800000, 'dataItems': {'radiant_line': 0.0, 'horiz_radiant_total': None, 'horiz_radiant_line': None, 'temperature': 26.8, 'wind_speed': 0.0, 'wind_direction': None, 'radiant_total': 0.0, 'pv_temperature': 26.8}}, {'devDn': 'NE=53784301', 'collectTime': 1778087100000, 'dataItems': {'radiant_line': 0.0, 'horiz_radiant_total': None, 'horiz_radiant_line'...
2026-05-08 01:19:30,360 - root - INFO - API Response type: <class 'dict'>
2026-05-08 01:19:30,360 - root - INFO - API Response keys: ['failCode', 'success', 'message', 'data']
2026-05-08 01:19:30,360 - root - INFO - API Response data is a list with 288 items
2026-05-08 01:19:30,360 - root - INFO - API Response has failCode: 0, message: historical data information query successful.
2026-05-08 01:19:30,361 - root - INFO - Using alternate response format: data as list
2026-05-08 01:19:30,361 - root - INFO - Received 288 data points from API
2026-05-08 01:19:30,361 - root - INFO - Sample data point structure: ['devDn', 'collectTime', 'dataItems']
2026-05-08 01:19:30,438 - root - INFO - Successfully upserted 288 data points.
2026-05-08 01:19:34,032 - root - INFO - Using single devDn for device/history (API: one device per query)
2026-05-08 01:19:34,034 - root - INFO - Fetching historical data for 1 devices of type meteo_station
2026-05-08 01:19:34,034 - root - INFO - Making API request to: https://sg5.fusionsolar.huawei.com/rest/openapi/pvms/nbi/v1/device/history
2026-05-08 01:19:34,034 - root - INFO - Request payload: {'devDn': 'NE=53784300', 'devTypeId': 10, 'startTime': 1778086800000, 'endTime': 1778173199000}
2026-05-08 01:19:34,603 - root - INFO - Response status code: 200
2026-05-08 01:19:34,606 - root - INFO - API response from https://sg5.fusionsolar.huawei.com/rest/openapi/pvms/nbi/v1/device/history (truncated): {'failCode': 0, 'success': True, 'message': 'historical data information query successful.', 'data': [{'devDn': 'NE=53784300', 'collectTime': 1778086800000, 'dataItems': {'radiant_line': 0.0, 'horiz_radiant_total': None, 'horiz_radiant_line': None, 'temperature': 26.9, 'wind_speed': 0.0, 'wind_direction': None, 'radiant_total': 0.0, 'pv_temperature': 26.8}}, {'devDn': 'NE=53784300', 'collectTime': 1778087100000, 'dataItems': {'radiant_line': 0.0, 'horiz_radiant_total': None, 'horiz_radiant_line'...
2026-05-08 01:19:34,608 - root - INFO - API Response type: <class 'dict'>
2026-05-08 01:19:34,608 - root - INFO - API Response keys: ['failCode', 'success', 'message', 'data']
2026-05-08 01:19:34,608 - root - INFO - API Response data is a list with 288 items
2026-05-08 01:19:34,608 - root - INFO - API Response has failCode: 0, message: historical data information query successful.
2026-05-08 01:19:34,609 - root - INFO - Using alternate response format: data as list
2026-05-08 01:19:34,609 - root - INFO - Received 288 data points from API
2026-05-08 01:19:34,609 - root - INFO - Sample data point structure: ['devDn', 'collectTime', 'dataItems']
2026-05-08 01:19:34,686 - root - INFO - Successfully upserted 288 data points.
2026-05-08 01:19:38,027 - root - INFO - Using single devDn for device/history (API: one device per query)
2026-05-08 01:19:38,028 - root - INFO - Fetching historical data for 1 devices of type meteo_station
2026-05-08 01:19:38,029 - root - INFO - Making API request to: https://sg5.fusionsolar.huawei.com/rest/openapi/pvms/nbi/v1/device/history
2026-05-08 01:19:38,029 - root - INFO - Request payload: {'devDn': 'NE=53784307', 'devTypeId': 10, 'startTime': 1778086800000, 'endTime': 1778173199000}
2026-05-08 01:19:38,696 - root - INFO - Response status code: 200
2026-05-08 01:19:38,698 - root - INFO - API response from https://sg5.fusionsolar.huawei.com/rest/openapi/pvms/nbi/v1/device/history (truncated): {'failCode': 0, 'success': True, 'message': 'historical data information query successful.', 'data': [{'devDn': 'NE=53784307', 'collectTime': 1778086800000, 'dataItems': {'radiant_line': 0.0, 'horiz_radiant_total': None, 'horiz_radiant_line': None, 'temperature': 27.1, 'wind_speed': None, 'wind_direction': None, 'radiant_total': 0.0, 'pv_temperature': None}}, {'devDn': 'NE=53784307', 'collectTime': 1778087100000, 'dataItems': {'radiant_line': 0.0, 'horiz_radiant_total': None, 'horiz_radiant_line...
2026-05-08 01:19:38,700 - root - INFO - API Response type: <class 'dict'>
2026-05-08 01:19:38,700 - root - INFO - API Response keys: ['failCode', 'success', 'message', 'data']
2026-05-08 01:19:38,701 - root - INFO - API Response data is a list with 288 items
2026-05-08 01:19:38,701 - root - INFO - API Response has failCode: 0, message: historical data information query successful.
2026-05-08 01:19:38,701 - root - INFO - Using alternate response format: data as list
2026-05-08 01:19:38,701 - root - INFO - Received 288 data points from API
2026-05-08 01:19:38,701 - root - INFO - Sample data point structure: ['devDn', 'collectTime', 'dataItems']
2026-05-08 01:19:38,779 - root - INFO - Successfully upserted 288 data points.
2026-05-08 01:19:42,259 - root - INFO - Using single devDn for device/history (API: one device per query)
2026-05-08 01:19:42,260 - root - INFO - Fetching historical data for 1 devices of type meteo_station
2026-05-08 01:19:42,260 - root - INFO - Making API request to: https://sg5.fusionsolar.huawei.com/rest/openapi/pvms/nbi/v1/device/history
2026-05-08 01:19:42,260 - root - INFO - Request payload: {'devDn': 'NE=53784305', 'devTypeId': 10, 'startTime': 1778086800000, 'endTime': 1778173199000}
2026-05-08 01:19:42,818 - root - INFO - Response status code: 200
2026-05-08 01:19:42,820 - root - INFO - API response from https://sg5.fusionsolar.huawei.com/rest/openapi/pvms/nbi/v1/device/history (truncated): {'failCode': 0, 'success': True, 'message': 'historical data information query successful.', 'data': [{'devDn': 'NE=53784305', 'collectTime': 1778086800000, 'dataItems': {'radiant_line': 0.0, 'horiz_radiant_total': None, 'horiz_radiant_line': None, 'temperature': 26.3, 'wind_speed': 0.0, 'wind_direction': None, 'radiant_total': 0.0, 'pv_temperature': 26.7}}, {'devDn': 'NE=53784305', 'collectTime': 1778087100000, 'dataItems': {'radiant_line': 0.0, 'horiz_radiant_total': None, 'horiz_radiant_line'...
2026-05-08 01:19:42,822 - root - INFO - API Response type: <class 'dict'>
2026-05-08 01:19:42,822 - root - INFO - API Response keys: ['failCode', 'success', 'message', 'data']
2026-05-08 01:19:42,822 - root - INFO - API Response data is a list with 288 items
2026-05-08 01:19:42,823 - root - INFO - API Response has failCode: 0, message: historical data information query successful.
2026-05-08 01:19:42,823 - root - INFO - Using alternate response format: data as list
2026-05-08 01:19:42,823 - root - INFO - Received 288 data points from API
2026-05-08 01:19:42,823 - root - INFO - Sample data point structure: ['devDn', 'collectTime', 'dataItems']
2026-05-08 01:19:42,903 - root - INFO - Successfully upserted 288 data points.
2026-05-08 01:19:46,258 - root - INFO - Using single devDn for device/history (API: one device per query)
2026-05-08 01:19:46,259 - root - INFO - Fetching historical data for 1 devices of type meteo_station
2026-05-08 01:19:46,260 - root - INFO - Making API request to: https://sg5.fusionsolar.huawei.com/rest/openapi/pvms/nbi/v1/device/history
2026-05-08 01:19:46,260 - root - INFO - Request payload: {'devDn': 'NE=53784304', 'devTypeId': 10, 'startTime': 1778086800000, 'endTime': 1778173199000}
2026-05-08 01:19:46,784 - root - INFO - Response status code: 200
2026-05-08 01:19:46,787 - root - INFO - API response from https://sg5.fusionsolar.huawei.com/rest/openapi/pvms/nbi/v1/device/history (truncated): {'failCode': 0, 'success': True, 'message': 'historical data information query successful.', 'data': [{'devDn': 'NE=53784304', 'collectTime': 1778086800000, 'dataItems': {'radiant_line': 0.0, 'horiz_radiant_total': None, 'horiz_radiant_line': None, 'temperature': 0.0, 'wind_speed': 0.0, 'wind_direction': None, 'radiant_total': 0.0, 'pv_temperature': 26.5}}, {'devDn': 'NE=53784304', 'collectTime': 1778087100000, 'dataItems': {'radiant_line': 0.0, 'horiz_radiant_total': None, 'horiz_radiant_line':...
2026-05-08 01:19:46,788 - root - INFO - API Response type: <class 'dict'>
2026-05-08 01:19:46,789 - root - INFO - API Response keys: ['failCode', 'success', 'message', 'data']
2026-05-08 01:19:46,789 - root - INFO - API Response data is a list with 288 items
2026-05-08 01:19:46,789 - root - INFO - API Response has failCode: 0, message: historical data information query successful.
2026-05-08 01:19:46,789 - root - INFO - Using alternate response format: data as list
2026-05-08 01:19:46,789 - root - INFO - Received 288 data points from API
2026-05-08 01:19:46,789 - root - INFO - Sample data point structure: ['devDn', 'collectTime', 'dataItems']
2026-05-08 01:19:46,868 - root - INFO - Successfully upserted 288 data points.
2026-05-08 01:19:50,205 - root - INFO - Using single devDn for device/history (API: one device per query)
2026-05-08 01:19:50,206 - root - INFO - Fetching historical data for 1 devices of type meteo_station
2026-05-08 01:19:50,206 - root - INFO - Making API request to: https://sg5.fusionsolar.huawei.com/rest/openapi/pvms/nbi/v1/device/history
2026-05-08 01:19:50,206 - root - INFO - Request payload: {'devDn': 'NE=62806360', 'devTypeId': 10, 'startTime': 1778086800000, 'endTime': 1778173199000}
2026-05-08 01:19:50,880 - root - INFO - Response status code: 200
2026-05-08 01:19:50,882 - root - INFO - API response from https://sg5.fusionsolar.huawei.com/rest/openapi/pvms/nbi/v1/device/history (truncated): {'failCode': 0, 'success': True, 'message': 'historical data information query successful.', 'data': [{'devDn': 'NE=62806360', 'collectTime': 1778086800000, 'dataItems': {'radiant_line': 0.0, 'horiz_radiant_total': None, 'horiz_radiant_line': None, 'temperature': 26.4, 'wind_speed': None, 'wind_direction': None, 'radiant_total': 0.0, 'pv_temperature': 25.4}}, {'devDn': 'NE=62806360', 'collectTime': 1778087100000, 'dataItems': {'radiant_line': 0.0, 'horiz_radiant_total': None, 'horiz_radiant_line...
2026-05-08 01:19:50,885 - root - INFO - API Response type: <class 'dict'>
2026-05-08 01:19:50,885 - root - INFO - API Response keys: ['failCode', 'success', 'message', 'data']
2026-05-08 01:19:50,885 - root - INFO - API Response data is a list with 288 items
2026-05-08 01:19:50,885 - root - INFO - API Response has failCode: 0, message: historical data information query successful.
2026-05-08 01:19:50,885 - root - INFO - Using alternate response format: data as list
2026-05-08 01:19:50,885 - root - INFO - Received 288 data points from API
2026-05-08 01:19:50,885 - root - INFO - Sample data point structure: ['devDn', 'collectTime', 'dataItems']
2026-05-08 01:19:50,962 - root - INFO - Successfully upserted 288 data points.
2026-05-08 01:19:54,203 - root - INFO - Using single devDn for device/history (API: one device per query)
2026-05-08 01:19:54,205 - root - INFO - Fetching historical data for 1 devices of type meteo_station
2026-05-08 01:19:54,205 - root - INFO - Making API request to: https://sg5.fusionsolar.huawei.com/rest/openapi/pvms/nbi/v1/device/history
2026-05-08 01:19:54,205 - root - INFO - Request payload: {'devDn': 'NE=62807014', 'devTypeId': 10, 'startTime': 1778086800000, 'endTime': 1778173199000}
2026-05-08 01:19:54,643 - root - INFO - Response status code: 200
2026-05-08 01:19:54,643 - root - INFO - API response from https://sg5.fusionsolar.huawei.com/rest/openapi/pvms/nbi/v1/device/history (truncated): {'failCode': 0, 'success': True, 'message': 'historical data information query successful.', 'data': []}
2026-05-08 01:19:54,646 - root - INFO - API Response type: <class 'dict'>
2026-05-08 01:19:54,646 - root - INFO - API Response keys: ['failCode', 'success', 'message', 'data']
2026-05-08 01:19:54,646 - root - INFO - API Response data is a list with 0 items
2026-05-08 01:19:54,646 - root - INFO - API Response has failCode: 0, message: historical data information query successful.
2026-05-08 01:19:54,646 - root - INFO - Using alternate response format: data as list
2026-05-08 01:19:54,646 - root - INFO - No data points returned for the query period
2026-05-08 01:19:54,647 - root - INFO - Using single devDn for device/history (API: one device per query)
2026-05-08 01:19:54,647 - root - INFO - Fetching historical data for 1 devices of type meteo_station
2026-05-08 01:19:54,647 - root - INFO - Making API request to: https://sg5.fusionsolar.huawei.com/rest/openapi/pvms/nbi/v1/device/history
2026-05-08 01:19:54,647 - root - INFO - Request payload: {'devDn': 'NE=62807015', 'devTypeId': 10, 'startTime': 1778086800000, 'endTime': 1778173199000}
2026-05-08 01:19:54,946 - root - INFO - Response status code: 200
2026-05-08 01:19:54,946 - root - INFO - API response from https://sg5.fusionsolar.huawei.com/rest/openapi/pvms/nbi/v1/device/history (truncated): {'failCode': 407, 'success': False, 'message': 'Interface access frequency:0.39333333333333337/1second', 'data': []}
2026-05-08 01:19:54,947 - root - WARNING - API access frequency too high. Waiting 30 seconds before retry...
2026-05-08 01:20:24,947 - root - INFO - Retrying API request after rate limit wait...
2026-05-08 01:20:24,948 - root - INFO - Making API request to: https://sg5.fusionsolar.huawei.com/rest/openapi/pvms/nbi/v1/device/history
2026-05-08 01:20:24,949 - root - INFO - Request payload: {'devDn': 'NE=62807015', 'devTypeId': 10, 'startTime': 1778086800000, 'endTime': 1778173199000}
2026-05-08 01:20:25,340 - root - INFO - Response status code: 200
2026-05-08 01:20:25,340 - root - INFO - API response from https://sg5.fusionsolar.huawei.com/rest/openapi/pvms/nbi/v1/device/history (truncated): {'failCode': 0, 'success': True, 'message': 'historical data information query successful.', 'data': []}
2026-05-08 01:20:25,343 - root - INFO - API Response type: <class 'dict'>
2026-05-08 01:20:25,343 - root - INFO - API Response keys: ['failCode', 'success', 'message', 'data']
2026-05-08 01:20:25,343 - root - INFO - API Response data is a list with 0 items
2026-05-08 01:20:25,344 - root - INFO - API Response has failCode: 0, message: historical data information query successful.
2026-05-08 01:20:25,344 - root - INFO - Using alternate response format: data as list
2026-05-08 01:20:25,344 - root - INFO - No data points returned for the query period
2026-05-08 01:20:25,346 - root - INFO - Using single devDn for device/history (API: one device per query)
2026-05-08 01:20:25,346 - root - INFO - Fetching historical data for 1 devices of type inverter
2026-05-08 01:20:25,347 - root - INFO - Making API request to: https://sg5.fusionsolar.huawei.com/rest/openapi/pvms/nbi/v1/device/history
2026-05-08 01:20:25,347 - root - INFO - Request payload: {'devDn': 'NE=60951887', 'devTypeId': 1, 'startTime': 1778086800000, 'endTime': 1778173199000}
2026-05-08 01:20:25,664 - root - INFO - Response status code: 200
2026-05-08 01:20:25,665 - root - INFO - API response from https://sg5.fusionsolar.huawei.com/rest/openapi/pvms/nbi/v1/device/history (truncated): {'failCode': 407, 'success': False, 'message': 'Interface access frequency:0.39333333333333337/1second', 'data': []}
2026-05-08 01:20:25,665 - root - WARNING - API access frequency too high. Waiting 30 seconds before retry...
2026-05-08 01:20:55,666 - root - INFO - Retrying API request after rate limit wait...
2026-05-08 01:20:55,666 - root - INFO - Making API request to: https://sg5.fusionsolar.huawei.com/rest/openapi/pvms/nbi/v1/device/history
2026-05-08 01:20:55,667 - root - INFO - Request payload: {'devDn': 'NE=60951887', 'devTypeId': 1, 'startTime': 1778086800000, 'endTime': 1778173199000}
2026-05-08 01:20:58,107 - root - INFO - Response status code: 200
2026-05-08 01:20:58,170 - root - INFO - API response from https://sg5.fusionsolar.huawei.com/rest/openapi/pvms/nbi/v1/device/history (truncated): {'failCode': 0, 'success': True, 'message': 'historical data information query successful.', 'data': [{'devDn': 'NE=60951887', 'collectTime': 1778086800000, 'dataItems': {'pv28_i': None, 'pv4_u': None, 'pv24_i': None, 'mppt_total_cap': 10936.99, 'pv8_u': None, 'a_i': 0.0, 'pv24_u': None, 'mppt_9_cap': None, 'pv20_u': None, 'a_u': 224.3, 'pv17_u': None, 'pv20_i': None, 'efficiency': 100.0, 'pv17_i': None, 'pv13_i': None, 'pv36_i': None, 'mppt_power': 0.0, 'pv13_u': None, 'pv36_u': None, 'mppt_7_c...
2026-05-08 01:20:58,173 - root - INFO - API Response type: <class 'dict'>
2026-05-08 01:20:58,174 - root - INFO - API Response keys: ['failCode', 'success', 'message', 'data']
2026-05-08 01:20:58,174 - root - INFO - API Response data is a list with 288 items
2026-05-08 01:20:58,174 - root - INFO - API Response has failCode: 0, message: historical data information query successful.
2026-05-08 01:20:58,174 - root - INFO - Using alternate response format: data as list
2026-05-08 01:20:58,174 - root - INFO - Received 288 data points from API
2026-05-08 01:20:58,174 - root - INFO - Sample data point structure: ['devDn', 'collectTime', 'dataItems']
2026-05-08 01:20:58,284 - root - INFO - Successfully upserted 288 data points.
2026-05-08 01:21:01,630 - root - INFO - Using single devDn for device/history (API: one device per query)
2026-05-08 01:21:01,632 - root - INFO - Fetching historical data for 1 devices of type inverter
2026-05-08 01:21:01,632 - root - INFO - Making API request to: https://sg5.fusionsolar.huawei.com/rest/openapi/pvms/nbi/v1/device/history
2026-05-08 01:21:01,632 - root - INFO - Request payload: {'devDn': 'NE=61851554', 'devTypeId': 1, 'startTime': 1778086800000, 'endTime': 1778173199000}
2026-05-08 01:21:02,444 - root - INFO - Response status code: 200
2026-05-08 01:21:02,444 - root - INFO - API response from https://sg5.fusionsolar.huawei.com/rest/openapi/pvms/nbi/v1/device/history (truncated): {'failCode': 0, 'success': True, 'message': 'historical data information query successful.', 'data': []}
2026-05-08 01:21:02,447 - root - INFO - API Response type: <class 'dict'>
2026-05-08 01:21:02,447 - root - INFO - API Response keys: ['failCode', 'success', 'message', 'data']
2026-05-08 01:21:02,447 - root - INFO - API Response data is a list with 0 items
2026-05-08 01:21:02,447 - root - INFO - API Response has failCode: 0, message: historical data information query successful.
2026-05-08 01:21:02,448 - root - INFO - Using alternate response format: data as list
2026-05-08 01:21:02,448 - root - INFO - No data points returned for the query period
2026-05-08 01:21:02,448 - root - INFO - Using single devDn for device/history (API: one device per query)
2026-05-08 01:21:02,449 - root - INFO - Fetching historical data for 1 devices of type inverter
2026-05-08 01:21:02,449 - root - INFO - Making API request to: https://sg5.fusionsolar.huawei.com/rest/openapi/pvms/nbi/v1/device/history
2026-05-08 01:21:02,449 - root - INFO - Request payload: {'devDn': 'NE=61851555', 'devTypeId': 1, 'startTime': 1778086800000, 'endTime': 1778173199000}
2026-05-08 01:21:02,755 - root - INFO - Response status code: 200
2026-05-08 01:21:02,756 - root - INFO - API response from https://sg5.fusionsolar.huawei.com/rest/openapi/pvms/nbi/v1/device/history (truncated): {'failCode': 407, 'success': False, 'message': 'Interface access frequency:0.39333333333333337/1second', 'data': []}
2026-05-08 01:21:02,756 - root - WARNING - API access frequency too high. Waiting 30 seconds before retry...
2026-05-08 01:21:32,756 - root - INFO - Retrying API request after rate limit wait...
2026-05-08 01:21:32,757 - root - INFO - Making API request to: https://sg5.fusionsolar.huawei.com/rest/openapi/pvms/nbi/v1/device/history
2026-05-08 01:21:32,757 - root - INFO - Request payload: {'devDn': 'NE=61851555', 'devTypeId': 1, 'startTime': 1778086800000, 'endTime': 1778173199000}
2026-05-08 01:21:33,533 - root - INFO - Response status code: 200
2026-05-08 01:21:33,533 - root - INFO - API response from https://sg5.fusionsolar.huawei.com/rest/openapi/pvms/nbi/v1/device/history (truncated): {'failCode': 0, 'success': True, 'message': 'historical data information query successful.', 'data': []}
2026-05-08 01:21:33,537 - root - INFO - API Response type: <class 'dict'>
2026-05-08 01:21:33,537 - root - INFO - API Response keys: ['failCode', 'success', 'message', 'data']
2026-05-08 01:21:33,537 - root - INFO - API Response data is a list with 0 items
2026-05-08 01:21:33,537 - root - INFO - API Response has failCode: 0, message: historical data information query successful.
2026-05-08 01:21:33,537 - root - INFO - Using alternate response format: data as list
2026-05-08 01:21:33,538 - root - INFO - No data points returned for the query period
2026-05-08 01:21:33,538 - root - INFO - Using single devDn for device/history (API: one device per query)
2026-05-08 01:21:33,538 - root - INFO - Fetching historical data for 1 devices of type inverter
2026-05-08 01:21:33,538 - root - INFO - Making API request to: https://sg5.fusionsolar.huawei.com/rest/openapi/pvms/nbi/v1/device/history
2026-05-08 01:21:33,538 - root - INFO - Request payload: {'devDn': 'NE=61851552', 'devTypeId': 1, 'startTime': 1778086800000, 'endTime': 1778173199000}
2026-05-08 01:21:33,843 - root - INFO - Response status code: 200
2026-05-08 01:21:33,844 - root - INFO - API response from https://sg5.fusionsolar.huawei.com/rest/openapi/pvms/nbi/v1/device/history (truncated): {'failCode': 407, 'success': False, 'message': 'Interface access frequency:0.39333333333333337/1second', 'data': []}
2026-05-08 01:21:33,844 - root - WARNING - API access frequency too high. Waiting 30 seconds before retry...
2026-05-08 01:22:03,844 - root - INFO - Retrying API request after rate limit wait...
2026-05-08 01:22:03,844 - root - INFO - Making API request to: https://sg5.fusionsolar.huawei.com/rest/openapi/pvms/nbi/v1/device/history
2026-05-08 01:22:03,845 - root - INFO - Request payload: {'devDn': 'NE=61851552', 'devTypeId': 1, 'startTime': 1778086800000, 'endTime': 1778173199000}
2026-05-08 01:22:04,597 - root - INFO - Response status code: 200
2026-05-08 01:22:04,597 - root - INFO - API response from https://sg5.fusionsolar.huawei.com/rest/openapi/pvms/nbi/v1/device/history (truncated): {'failCode': 0, 'success': True, 'message': 'historical data information query successful.', 'data': []}
2026-05-08 01:22:04,600 - root - INFO - API Response type: <class 'dict'>
2026-05-08 01:22:04,601 - root - INFO - API Response keys: ['failCode', 'success', 'message', 'data']
2026-05-08 01:22:04,601 - root - INFO - API Response data is a list with 0 items
2026-05-08 01:22:04,601 - root - INFO - API Response has failCode: 0, message: historical data information query successful.
2026-05-08 01:22:04,601 - root - INFO - Using alternate response format: data as list
2026-05-08 01:22:04,601 - root - INFO - No data points returned for the query period
2026-05-08 01:22:04,601 - root - INFO - Using single devDn for device/history (API: one device per query)
2026-05-08 01:22:04,602 - root - INFO - Fetching historical data for 1 devices of type inverter
2026-05-08 01:22:04,602 - root - INFO - Making API request to: https://sg5.fusionsolar.huawei.com/rest/openapi/pvms/nbi/v1/device/history
2026-05-08 01:22:04,602 - root - INFO - Request payload: {'devDn': 'NE=61851553', 'devTypeId': 1, 'startTime': 1778086800000, 'endTime': 1778173199000}
2026-05-08 01:22:04,950 - root - INFO - Response status code: 200
2026-05-08 01:22:04,950 - root - INFO - API response from https://sg5.fusionsolar.huawei.com/rest/openapi/pvms/nbi/v1/device/history (truncated): {'failCode': 407, 'success': False, 'message': 'Interface access frequency:0.39333333333333337/1second', 'data': []}
2026-05-08 01:22:04,951 - root - WARNING - API access frequency too high. Waiting 30 seconds before retry...
2026-05-08 01:22:34,950 - root - INFO - Retrying API request after rate limit wait...
2026-05-08 01:22:34,950 - root - INFO - Making API request to: https://sg5.fusionsolar.huawei.com/rest/openapi/pvms/nbi/v1/device/history
2026-05-08 01:22:34,951 - root - INFO - Request payload: {'devDn': 'NE=61851553', 'devTypeId': 1, 'startTime': 1778086800000, 'endTime': 1778173199000}
2026-05-08 01:22:35,672 - root - INFO - Response status code: 200
2026-05-08 01:22:35,672 - root - INFO - API response from https://sg5.fusionsolar.huawei.com/rest/openapi/pvms/nbi/v1/device/history (truncated): {'failCode': 0, 'success': True, 'message': 'historical data information query successful.', 'data': []}
2026-05-08 01:22:35,676 - root - INFO - API Response type: <class 'dict'>
2026-05-08 01:22:35,676 - root - INFO - API Response keys: ['failCode', 'success', 'message', 'data']
2026-05-08 01:22:35,676 - root - INFO - API Response data is a list with 0 items
2026-05-08 01:22:35,676 - root - INFO - API Response has failCode: 0, message: historical data information query successful.
2026-05-08 01:22:35,676 - root - INFO - Using alternate response format: data as list
2026-05-08 01:22:35,676 - root - INFO - No data points returned for the query period
2026-05-08 01:22:35,677 - root - INFO - Using single devDn for device/history (API: one device per query)
2026-05-08 01:22:35,677 - root - INFO - Fetching historical data for 1 devices of type inverter
2026-05-08 01:22:35,677 - root - INFO - Making API request to: https://sg5.fusionsolar.huawei.com/rest/openapi/pvms/nbi/v1/device/history
2026-05-08 01:22:35,677 - root - INFO - Request payload: {'devDn': 'NE=61851556', 'devTypeId': 1, 'startTime': 1778086800000, 'endTime': 1778173199000}
2026-05-08 01:22:35,997 - root - INFO - Response status code: 200
2026-05-08 01:22:35,997 - root - INFO - API response from https://sg5.fusionsolar.huawei.com/rest/openapi/pvms/nbi/v1/device/history (truncated): {'failCode': 407, 'success': False, 'message': 'Interface access frequency:0.39333333333333337/1second', 'data': []}
2026-05-08 01:22:35,998 - root - WARNING - API access frequency too high. Waiting 30 seconds before retry...
2026-05-08 01:23:05,998 - root - INFO - Retrying API request after rate limit wait...
2026-05-08 01:23:05,998 - root - INFO - Making API request to: https://sg5.fusionsolar.huawei.com/rest/openapi/pvms/nbi/v1/device/history
2026-05-08 01:23:05,999 - root - INFO - Request payload: {'devDn': 'NE=61851556', 'devTypeId': 1, 'startTime': 1778086800000, 'endTime': 1778173199000}
2026-05-08 01:23:06,821 - root - INFO - Response status code: 200
2026-05-08 01:23:06,821 - root - INFO - API response from https://sg5.fusionsolar.huawei.com/rest/openapi/pvms/nbi/v1/device/history (truncated): {'failCode': 0, 'success': True, 'message': 'historical data information query successful.', 'data': []}
2026-05-08 01:23:06,824 - root - INFO - API Response type: <class 'dict'>
2026-05-08 01:23:06,824 - root - INFO - API Response keys: ['failCode', 'success', 'message', 'data']
2026-05-08 01:23:06,824 - root - INFO - API Response data is a list with 0 items
2026-05-08 01:23:06,825 - root - INFO - API Response has failCode: 0, message: historical data information query successful.
2026-05-08 01:23:06,825 - root - INFO - Using alternate response format: data as list
2026-05-08 01:23:06,825 - root - INFO - No data points returned for the query period
2026-05-08 01:23:06,825 - root - INFO - Using single devDn for device/history (API: one device per query)
2026-05-08 01:23:06,825 - root - INFO - Fetching historical data for 1 devices of type inverter
2026-05-08 01:23:06,825 - root - INFO - Making API request to: https://sg5.fusionsolar.huawei.com/rest/openapi/pvms/nbi/v1/device/history
2026-05-08 01:23:06,826 - root - INFO - Request payload: {'devDn': 'NE=61851557', 'devTypeId': 1, 'startTime': 1778086800000, 'endTime': 1778173199000}
2026-05-08 01:23:07,145 - root - INFO - Response status code: 200
2026-05-08 01:23:07,145 - root - INFO - API response from https://sg5.fusionsolar.huawei.com/rest/openapi/pvms/nbi/v1/device/history (truncated): {'failCode': 407, 'success': False, 'message': 'Interface access frequency:0.39333333333333337/1second', 'data': []}
2026-05-08 01:23:07,146 - root - WARNING - API access frequency too high. Waiting 30 seconds before retry...
2026-05-08 01:23:37,146 - root - INFO - Retrying API request after rate limit wait...
2026-05-08 01:23:37,146 - root - INFO - Making API request to: https://sg5.fusionsolar.huawei.com/rest/openapi/pvms/nbi/v1/device/history
2026-05-08 01:23:37,147 - root - INFO - Request payload: {'devDn': 'NE=61851557', 'devTypeId': 1, 'startTime': 1778086800000, 'endTime': 1778173199000}
2026-05-08 01:23:37,960 - root - INFO - Response status code: 200
2026-05-08 01:23:37,960 - root - INFO - API response from https://sg5.fusionsolar.huawei.com/rest/openapi/pvms/nbi/v1/device/history (truncated): {'failCode': 0, 'success': True, 'message': 'historical data information query successful.', 'data': []}
2026-05-08 01:23:37,964 - root - INFO - API Response type: <class 'dict'>
2026-05-08 01:23:37,964 - root - INFO - API Response keys: ['failCode', 'success', 'message', 'data']
2026-05-08 01:23:37,964 - root - INFO - API Response data is a list with 0 items
2026-05-08 01:23:37,964 - root - INFO - API Response has failCode: 0, message: historical data information query successful.
2026-05-08 01:23:37,964 - root - INFO - Using alternate response format: data as list
2026-05-08 01:23:37,964 - root - INFO - No data points returned for the query period
2026-05-08 01:23:37,964 - root - INFO - Using single devDn for device/history (API: one device per query)
2026-05-08 01:23:37,965 - root - INFO - Fetching historical data for 1 devices of type inverter
2026-05-08 01:23:37,965 - root - INFO - Making API request to: https://sg5.fusionsolar.huawei.com/rest/openapi/pvms/nbi/v1/device/history
2026-05-08 01:23:37,965 - root - INFO - Request payload: {'devDn': 'NE=52031815', 'devTypeId': 1, 'startTime': 1778086800000, 'endTime': 1778173199000}
2026-05-08 01:23:38,269 - root - INFO - Response status code: 200
2026-05-08 01:23:38,269 - root - INFO - API response from https://sg5.fusionsolar.huawei.com/rest/openapi/pvms/nbi/v1/device/history (truncated): {'failCode': 407, 'success': False, 'message': 'Interface access frequency:0.39333333333333337/1second', 'data': []}
2026-05-08 01:23:38,269 - root - WARNING - API access frequency too high. Waiting 30 seconds before retry...
2026-05-08 01:24:08,270 - root - INFO - Retrying API request after rate limit wait...
2026-05-08 01:24:08,270 - root - INFO - Making API request to: https://sg5.fusionsolar.huawei.com/rest/openapi/pvms/nbi/v1/device/history
2026-05-08 01:24:08,271 - root - INFO - Request payload: {'devDn': 'NE=52031815', 'devTypeId': 1, 'startTime': 1778086800000, 'endTime': 1778173199000}
2026-05-08 01:24:09,683 - root - INFO - Response status code: 200
2026-05-08 01:24:09,706 - root - INFO - API response from https://sg5.fusionsolar.huawei.com/rest/openapi/pvms/nbi/v1/device/history (truncated): {'failCode': 0, 'success': True, 'message': 'historical data information query successful.', 'data': [{'devDn': 'NE=52031815', 'collectTime': 1778105400000, 'dataItems': {'pv28_i': 0.0, 'pv4_u': 0.0, 'pv24_i': 0.0, 'mppt_total_cap': 811890.76, 'pv8_u': 0.0, 'a_i': 0.0, 'pv24_u': 0.0, 'mppt_9_cap': 0.0, 'pv20_u': 0.0, 'a_u': 0.0, 'pv17_u': 0.0, 'pv20_i': 0.0, 'efficiency': 0.0, 'pv17_i': 0.0, 'pv13_i': 0.0, 'pv36_i': None, 'mppt_power': 0.0, 'pv13_u': 0.0, 'pv36_u': None, 'mppt_7_cap': 0.0, 'pv32...
2026-05-08 01:24:09,709 - root - INFO - API Response type: <class 'dict'>
2026-05-08 01:24:09,710 - root - INFO - API Response keys: ['failCode', 'success', 'message', 'data']
2026-05-08 01:24:09,710 - root - INFO - API Response data is a list with 157 items
2026-05-08 01:24:09,710 - root - INFO - API Response has failCode: 0, message: historical data information query successful.
2026-05-08 01:24:09,710 - root - INFO - Using alternate response format: data as list
2026-05-08 01:24:09,710 - root - INFO - Received 157 data points from API
2026-05-08 01:24:09,710 - root - INFO - Sample data point structure: ['devDn', 'collectTime', 'dataItems']
2026-05-08 01:24:09,778 - root - INFO - Successfully upserted 157 data points.
2026-05-08 01:24:13,423 - root - INFO - Using single devDn for device/history (API: one device per query)
2026-05-08 01:24:13,424 - root - INFO - Fetching historical data for 1 devices of type inverter
2026-05-08 01:24:13,424 - root - INFO - Making API request to: https://sg5.fusionsolar.huawei.com/rest/openapi/pvms/nbi/v1/device/history
2026-05-08 01:24:13,424 - root - INFO - Request payload: {'devDn': 'NE=52031818', 'devTypeId': 1, 'startTime': 1778086800000, 'endTime': 1778173199000}
2026-05-08 01:24:15,103 - root - INFO - Response status code: 200
2026-05-08 01:24:15,120 - root - INFO - API response from https://sg5.fusionsolar.huawei.com/rest/openapi/pvms/nbi/v1/device/history (truncated): {'failCode': 0, 'success': True, 'message': 'historical data information query successful.', 'data': [{'devDn': 'NE=52031818', 'collectTime': 1778105400000, 'dataItems': {'pv28_i': 0.0, 'pv4_u': 0.0, 'pv24_i': 0.0, 'mppt_total_cap': 820579.25, 'pv8_u': 0.0, 'a_i': 0.0, 'pv24_u': 0.0, 'mppt_9_cap': 0.0, 'pv20_u': 0.0, 'a_u': 0.0, 'pv17_u': 0.0, 'pv20_i': 0.0, 'efficiency': 0.0, 'pv17_i': 0.0, 'pv13_i': 0.0, 'pv36_i': None, 'mppt_power': 0.0, 'pv13_u': 0.0, 'pv36_u': None, 'mppt_7_cap': 0.0, 'pv32...
2026-05-08 01:24:15,123 - root - INFO - API Response type: <class 'dict'>
2026-05-08 01:24:15,123 - root - INFO - API Response keys: ['failCode', 'success', 'message', 'data']
2026-05-08 01:24:15,123 - root - INFO - API Response data is a list with 156 items
2026-05-08 01:24:15,123 - root - INFO - API Response has failCode: 0, message: historical data information query successful.
2026-05-08 01:24:15,123 - root - INFO - Using alternate response format: data as list
2026-05-08 01:24:15,123 - root - INFO - Received 156 data points from API
2026-05-08 01:24:15,124 - root - INFO - Sample data point structure: ['devDn', 'collectTime', 'dataItems']
2026-05-08 01:24:15,187 - root - INFO - Successfully upserted 156 data points.
2026-05-08 01:24:18,729 - root - INFO - Using single devDn for device/history (API: one device per query)
2026-05-08 01:24:18,731 - root - INFO - Fetching historical data for 1 devices of type inverter
2026-05-08 01:24:18,731 - root - INFO - Making API request to: https://sg5.fusionsolar.huawei.com/rest/openapi/pvms/nbi/v1/device/history
2026-05-08 01:24:18,731 - root - INFO - Request payload: {'devDn': 'NE=52031819', 'devTypeId': 1, 'startTime': 1778086800000, 'endTime': 1778173199000}
2026-05-08 01:24:20,228 - root - INFO - Response status code: 200
2026-05-08 01:24:20,248 - root - INFO - API response from https://sg5.fusionsolar.huawei.com/rest/openapi/pvms/nbi/v1/device/history (truncated): {'failCode': 0, 'success': True, 'message': 'historical data information query successful.', 'data': [{'devDn': 'NE=52031819', 'collectTime': 1778105400000, 'dataItems': {'pv28_i': 0.0, 'pv4_u': 0.0, 'pv24_i': 0.0, 'mppt_total_cap': 771409.08, 'pv8_u': 0.0, 'a_i': 0.0, 'pv24_u': 0.0, 'mppt_9_cap': 0.0, 'pv20_u': 0.0, 'a_u': 0.0, 'pv17_u': 0.0, 'pv20_i': 0.0, 'efficiency': 0.0, 'pv17_i': 0.0, 'pv13_i': 0.0, 'pv36_i': None, 'mppt_power': 0.0, 'pv13_u': 0.0, 'pv36_u': None, 'mppt_7_cap': 0.0, 'pv32...
2026-05-08 01:24:20,250 - root - INFO - API Response type: <class 'dict'>
2026-05-08 01:24:20,250 - root - INFO - API Response keys: ['failCode', 'success', 'message', 'data']
2026-05-08 01:24:20,250 - root - INFO - API Response data is a list with 156 items
2026-05-08 01:24:20,251 - root - INFO - API Response has failCode: 0, message: historical data information query successful.
2026-05-08 01:24:20,251 - root - INFO - Using alternate response format: data as list
2026-05-08 01:24:20,251 - root - INFO - Received 156 data points from API
2026-05-08 01:24:20,251 - root - INFO - Sample data point structure: ['devDn', 'collectTime', 'dataItems']
2026-05-08 01:24:20,315 - root - INFO - Successfully upserted 156 data points.
2026-05-08 01:24:23,713 - root - INFO - Using single devDn for device/history (API: one device per query)
2026-05-08 01:24:23,715 - root - INFO - Fetching historical data for 1 devices of type inverter
2026-05-08 01:24:23,715 - root - INFO - Making API request to: https://sg5.fusionsolar.huawei.com/rest/openapi/pvms/nbi/v1/device/history
2026-05-08 01:24:23,715 - root - INFO - Request payload: {'devDn': 'NE=52031820', 'devTypeId': 1, 'startTime': 1778086800000, 'endTime': 1778173199000}
2026-05-08 01:24:25,274 - root - INFO - Response status code: 200
2026-05-08 01:24:25,291 - root - INFO - API response from https://sg5.fusionsolar.huawei.com/rest/openapi/pvms/nbi/v1/device/history (truncated): {'failCode': 0, 'success': True, 'message': 'historical data information query successful.', 'data': [{'devDn': 'NE=52031820', 'collectTime': 1778105400000, 'dataItems': {'pv28_i': 0.0, 'pv4_u': 0.0, 'pv24_i': 0.0, 'mppt_total_cap': 795785.23, 'pv8_u': 0.0, 'a_i': 0.0, 'pv24_u': 0.0, 'mppt_9_cap': 0.0, 'pv20_u': 0.0, 'a_u': 0.0, 'pv17_u': 0.0, 'pv20_i': 0.0, 'efficiency': 0.0, 'pv17_i': 0.0, 'pv13_i': 0.0, 'pv36_i': None, 'mppt_power': 0.0, 'pv13_u': 0.0, 'pv36_u': None, 'mppt_7_cap': 0.0, 'pv32...
2026-05-08 01:24:25,293 - root - INFO - API Response type: <class 'dict'>
2026-05-08 01:24:25,293 - root - INFO - API Response keys: ['failCode', 'success', 'message', 'data']
2026-05-08 01:24:25,293 - root - INFO - API Response data is a list with 157 items
2026-05-08 01:24:25,293 - root - INFO - API Response has failCode: 0, message: historical data information query successful.
2026-05-08 01:24:25,294 - root - INFO - Using alternate response format: data as list
2026-05-08 01:24:25,294 - root - INFO - Received 157 data points from API
2026-05-08 01:24:25,295 - root - INFO - Sample data point structure: ['devDn', 'collectTime', 'dataItems']
2026-05-08 01:24:25,361 - root - INFO - Successfully upserted 157 data points.
2026-05-08 01:24:28,839 - root - INFO - Using single devDn for device/history (API: one device per query)
2026-05-08 01:24:28,840 - root - INFO - Fetching historical data for 1 devices of type inverter
2026-05-08 01:24:28,840 - root - INFO - Making API request to: https://sg5.fusionsolar.huawei.com/rest/openapi/pvms/nbi/v1/device/history
2026-05-08 01:24:28,840 - root - INFO - Request payload: {'devDn': 'NE=52031821', 'devTypeId': 1, 'startTime': 1778086800000, 'endTime': 1778173199000}
2026-05-08 01:24:30,439 - root - INFO - Response status code: 200
2026-05-08 01:24:30,456 - root - INFO - API response from https://sg5.fusionsolar.huawei.com/rest/openapi/pvms/nbi/v1/device/history (truncated): {'failCode': 0, 'success': True, 'message': 'historical data information query successful.', 'data': [{'devDn': 'NE=52031821', 'collectTime': 1778105400000, 'dataItems': {'pv28_i': 0.0, 'pv4_u': 0.0, 'pv24_i': 0.0, 'mppt_total_cap': 801520.44, 'pv8_u': 0.0, 'a_i': 0.0, 'pv24_u': 0.0, 'mppt_9_cap': 0.0, 'pv20_u': 0.0, 'a_u': 0.0, 'pv17_u': 0.0, 'pv20_i': 0.0, 'efficiency': 0.0, 'pv17_i': 0.0, 'pv13_i': 0.0, 'pv36_i': None, 'mppt_power': 0.0, 'pv13_u': 0.0, 'pv36_u': None, 'mppt_7_cap': 0.0, 'pv32...
2026-05-08 01:24:30,458 - root - INFO - API Response type: <class 'dict'>
2026-05-08 01:24:30,458 - root - INFO - API Response keys: ['failCode', 'success', 'message', 'data']
2026-05-08 01:24:30,458 - root - INFO - API Response data is a list with 156 items
2026-05-08 01:24:30,458 - root - INFO - API Response has failCode: 0, message: historical data information query successful.
2026-05-08 01:24:30,458 - root - INFO - Using alternate response format: data as list
2026-05-08 01:24:30,460 - root - INFO - Received 156 data points from API
2026-05-08 01:24:30,460 - root - INFO - Sample data point structure: ['devDn', 'collectTime', 'dataItems']
2026-05-08 01:24:30,524 - root - INFO - Successfully upserted 156 data points.
2026-05-08 01:24:34,064 - root - INFO - Using single devDn for device/history (API: one device per query)
2026-05-08 01:24:34,066 - root - INFO - Fetching historical data for 1 devices of type inverter
2026-05-08 01:24:34,066 - root - INFO - Making API request to: https://sg5.fusionsolar.huawei.com/rest/openapi/pvms/nbi/v1/device/history
2026-05-08 01:24:34,066 - root - INFO - Request payload: {'devDn': 'NE=52031822', 'devTypeId': 1, 'startTime': 1778086800000, 'endTime': 1778173199000}
2026-05-08 01:24:35,594 - root - INFO - Response status code: 200
2026-05-08 01:24:35,608 - root - INFO - API response from https://sg5.fusionsolar.huawei.com/rest/openapi/pvms/nbi/v1/device/history (truncated): {'failCode': 0, 'success': True, 'message': 'historical data information query successful.', 'data': [{'devDn': 'NE=52031822', 'collectTime': 1778105400000, 'dataItems': {'pv28_i': 0.0, 'pv4_u': 0.0, 'pv24_i': 0.0, 'mppt_total_cap': 815973.61, 'pv8_u': 0.0, 'a_i': 0.0, 'pv24_u': 0.0, 'mppt_9_cap': 0.0, 'pv20_u': 0.0, 'a_u': 0.0, 'pv17_u': 0.0, 'pv20_i': 0.0, 'efficiency': 0.0, 'pv17_i': 0.0, 'pv13_i': 0.0, 'pv36_i': None, 'mppt_power': 0.0, 'pv13_u': 0.0, 'pv36_u': None, 'mppt_7_cap': 0.0, 'pv32...
2026-05-08 01:24:35,610 - root - INFO - API Response type: <class 'dict'>
2026-05-08 01:24:35,610 - root - INFO - API Response keys: ['failCode', 'success', 'message', 'data']
2026-05-08 01:24:35,610 - root - INFO - API Response data is a list with 156 items
2026-05-08 01:24:35,610 - root - INFO - API Response has failCode: 0, message: historical data information query successful.
2026-05-08 01:24:35,611 - root - INFO - Using alternate response format: data as list
2026-05-08 01:24:35,611 - root - INFO - Received 156 data points from API
2026-05-08 01:24:35,611 - root - INFO - Sample data point structure: ['devDn', 'collectTime', 'dataItems']
2026-05-08 01:24:35,675 - root - INFO - Successfully upserted 156 data points.
2026-05-08 01:24:39,115 - root - INFO - Using single devDn for device/history (API: one device per query)
2026-05-08 01:24:39,116 - root - INFO - Fetching historical data for 1 devices of type inverter
2026-05-08 01:24:39,116 - root - INFO - Making API request to: https://sg5.fusionsolar.huawei.com/rest/openapi/pvms/nbi/v1/device/history
2026-05-08 01:24:39,116 - root - INFO - Request payload: {'devDn': 'NE=52031823', 'devTypeId': 1, 'startTime': 1778086800000, 'endTime': 1778173199000}
2026-05-08 01:24:40,808 - root - INFO - Response status code: 200
2026-05-08 01:24:40,823 - root - INFO - API response from https://sg5.fusionsolar.huawei.com/rest/openapi/pvms/nbi/v1/device/history (truncated): {'failCode': 0, 'success': True, 'message': 'historical data information query successful.', 'data': [{'devDn': 'NE=52031823', 'collectTime': 1778105400000, 'dataItems': {'pv28_i': 0.0, 'pv4_u': 0.0, 'pv24_i': 0.0, 'mppt_total_cap': 819841.61, 'pv8_u': 0.0, 'a_i': 0.0, 'pv24_u': 0.0, 'mppt_9_cap': 0.0, 'pv20_u': 0.0, 'a_u': 0.0, 'pv17_u': 0.0, 'pv20_i': 0.0, 'efficiency': 0.0, 'pv17_i': 0.0, 'pv13_i': 0.0, 'pv36_i': None, 'mppt_power': 0.0, 'pv13_u': 0.0, 'pv36_u': None, 'mppt_7_cap': 0.0, 'pv32...
2026-05-08 01:24:40,825 - root - INFO - API Response type: <class 'dict'>
2026-05-08 01:24:40,825 - root - INFO - API Response keys: ['failCode', 'success', 'message', 'data']
2026-05-08 01:24:40,825 - root - INFO - API Response data is a list with 156 items
2026-05-08 01:24:40,825 - root - INFO - API Response has failCode: 0, message: historical data information query successful.
2026-05-08 01:24:40,825 - root - INFO - Using alternate response format: data as list
2026-05-08 01:24:40,825 - root - INFO - Received 156 data points from API
2026-05-08 01:24:40,825 - root - INFO - Sample data point structure: ['devDn', 'collectTime', 'dataItems']
2026-05-08 01:24:40,892 - root - INFO - Successfully upserted 156 data points.
2026-05-08 01:24:44,228 - root - INFO - Using single devDn for device/history (API: one device per query)
2026-05-08 01:24:44,229 - root - INFO - Fetching historical data for 1 devices of type inverter
2026-05-08 01:24:44,229 - root - INFO - Making API request to: https://sg5.fusionsolar.huawei.com/rest/openapi/pvms/nbi/v1/device/history
2026-05-08 01:24:44,229 - root - INFO - Request payload: {'devDn': 'NE=52031824', 'devTypeId': 1, 'startTime': 1778086800000, 'endTime': 1778173199000}
2026-05-08 01:24:45,817 - root - INFO - Response status code: 200
2026-05-08 01:24:45,831 - root - INFO - API response from https://sg5.fusionsolar.huawei.com/rest/openapi/pvms/nbi/v1/device/history (truncated): {'failCode': 0, 'success': True, 'message': 'historical data information query successful.', 'data': [{'devDn': 'NE=52031824', 'collectTime': 1778105400000, 'dataItems': {'pv28_i': 0.0, 'pv4_u': 0.0, 'pv24_i': 0.0, 'mppt_total_cap': 783010.35, 'pv8_u': 0.0, 'a_i': 0.0, 'pv24_u': 0.0, 'mppt_9_cap': 0.0, 'pv20_u': 0.0, 'a_u': 0.0, 'pv17_u': 0.0, 'pv20_i': 0.0, 'efficiency': 0.0, 'pv17_i': 0.0, 'pv13_i': 0.0, 'pv36_i': None, 'mppt_power': 0.0, 'pv13_u': 0.0, 'pv36_u': None, 'mppt_7_cap': 0.0, 'pv32...
2026-05-08 01:24:45,834 - root - INFO - API Response type: <class 'dict'>
2026-05-08 01:24:45,835 - root - INFO - API Response keys: ['failCode', 'success', 'message', 'data']
2026-05-08 01:24:45,835 - root - INFO - API Response data is a list with 156 items
2026-05-08 01:24:45,835 - root - INFO - API Response has failCode: 0, message: historical data information query successful.
2026-05-08 01:24:45,835 - root - INFO - Using alternate response format: data as list
2026-05-08 01:24:45,835 - root - INFO - Received 156 data points from API
2026-05-08 01:24:45,835 - root - INFO - Sample data point structure: ['devDn', 'collectTime', 'dataItems']
2026-05-08 01:24:45,913 - root - INFO - Successfully upserted 156 data points.
2026-05-08 01:24:49,189 - root - INFO - Using single devDn for device/history (API: one device per query)
2026-05-08 01:24:49,191 - root - INFO - Fetching historical data for 1 devices of type inverter
2026-05-08 01:24:49,191 - root - INFO - Making API request to: https://sg5.fusionsolar.huawei.com/rest/openapi/pvms/nbi/v1/device/history
2026-05-08 01:24:49,191 - root - INFO - Request payload: {'devDn': 'NE=52031825', 'devTypeId': 1, 'startTime': 1778086800000, 'endTime': 1778173199000}
2026-05-08 01:24:50,563 - root - INFO - Response status code: 200
2026-05-08 01:24:50,577 - root - INFO - API response from https://sg5.fusionsolar.huawei.com/rest/openapi/pvms/nbi/v1/device/history (truncated): {'failCode': 0, 'success': True, 'message': 'historical data information query successful.', 'data': [{'devDn': 'NE=52031825', 'collectTime': 1778105400000, 'dataItems': {'pv28_i': 0.0, 'pv4_u': 0.0, 'pv24_i': 0.0, 'mppt_total_cap': 820027.08, 'pv8_u': 0.0, 'a_i': 0.0, 'pv24_u': 0.0, 'mppt_9_cap': None, 'pv20_u': 0.0, 'a_u': None, 'pv17_u': 0.0, 'pv20_i': 0.0, 'efficiency': 0.0, 'pv17_i': 0.0, 'pv13_i': 0.0, 'pv36_i': None, 'mppt_power': 0.0, 'pv13_u': 0.0, 'pv36_u': None, 'mppt_7_cap': None, 'p...
2026-05-08 01:24:50,580 - root - INFO - API Response type: <class 'dict'>
2026-05-08 01:24:50,580 - root - INFO - API Response keys: ['failCode', 'success', 'message', 'data']
2026-05-08 01:24:50,581 - root - INFO - API Response data is a list with 156 items
2026-05-08 01:24:50,581 - root - INFO - API Response has failCode: 0, message: historical data information query successful.
2026-05-08 01:24:50,581 - root - INFO - Using alternate response format: data as list
2026-05-08 01:24:50,581 - root - INFO - Received 156 data points from API
2026-05-08 01:24:50,581 - root - INFO - Sample data point structure: ['devDn', 'collectTime', 'dataItems']
2026-05-08 01:24:50,646 - root - INFO - Successfully upserted 156 data points.
2026-05-08 01:24:53,969 - root - INFO - Using single devDn for device/history (API: one device per query)
2026-05-08 01:24:53,970 - root - INFO - Fetching historical data for 1 devices of type inverter
2026-05-08 01:24:53,971 - root - INFO - Making API request to: https://sg5.fusionsolar.huawei.com/rest/openapi/pvms/nbi/v1/device/history
2026-05-08 01:24:53,971 - root - INFO - Request payload: {'devDn': 'NE=52031826', 'devTypeId': 1, 'startTime': 1778086800000, 'endTime': 1778173199000}
2026-05-08 01:24:55,479 - root - INFO - Response status code: 200
2026-05-08 01:24:55,495 - root - INFO - API response from https://sg5.fusionsolar.huawei.com/rest/openapi/pvms/nbi/v1/device/history (truncated): {'failCode': 0, 'success': True, 'message': 'historical data information query successful.', 'data': [{'devDn': 'NE=52031826', 'collectTime': 1778105400000, 'dataItems': {'pv28_i': 0.0, 'pv4_u': 0.0, 'pv24_i': 0.0, 'mppt_total_cap': 799087.4, 'pv8_u': 0.0, 'a_i': 0.0, 'pv24_u': 0.0, 'mppt_9_cap': None, 'pv20_u': 0.0, 'a_u': None, 'pv17_u': 0.0, 'pv20_i': 0.0, 'efficiency': 0.0, 'pv17_i': 0.0, 'pv13_i': 0.0, 'pv36_i': None, 'mppt_power': 0.0, 'pv13_u': 0.0, 'pv36_u': None, 'mppt_7_cap': None, 'pv...
2026-05-08 01:24:55,497 - root - INFO - API Response type: <class 'dict'>
2026-05-08 01:24:55,497 - root - INFO - API Response keys: ['failCode', 'success', 'message', 'data']
2026-05-08 01:24:55,497 - root - INFO - API Response data is a list with 156 items
2026-05-08 01:24:55,497 - root - INFO - API Response has failCode: 0, message: historical data information query successful.
2026-05-08 01:24:55,498 - root - INFO - Using alternate response format: data as list
2026-05-08 01:24:55,499 - root - INFO - Received 156 data points from API
2026-05-08 01:24:55,499 - root - INFO - Sample data point structure: ['devDn', 'collectTime', 'dataItems']
2026-05-08 01:24:55,562 - root - INFO - Successfully upserted 156 data points.
2026-05-08 01:24:58,825 - root - INFO - Using single devDn for device/history (API: one device per query)
2026-05-08 01:24:58,826 - root - INFO - Fetching historical data for 1 devices of type inverter
2026-05-08 01:24:58,826 - root - INFO - Making API request to: https://sg5.fusionsolar.huawei.com/rest/openapi/pvms/nbi/v1/device/history
2026-05-08 01:24:58,826 - root - INFO - Request payload: {'devDn': 'NE=52031827', 'devTypeId': 1, 'startTime': 1778086800000, 'endTime': 1778173199000}
2026-05-08 01:25:00,263 - root - INFO - Response status code: 200
2026-05-08 01:25:00,278 - root - INFO - API response from https://sg5.fusionsolar.huawei.com/rest/openapi/pvms/nbi/v1/device/history (truncated): {'failCode': 0, 'success': True, 'message': 'historical data information query successful.', 'data': [{'devDn': 'NE=52031827', 'collectTime': 1778105400000, 'dataItems': {'pv28_i': 0.0, 'pv4_u': 0.0, 'pv24_i': 0.0, 'mppt_total_cap': 774243.64, 'pv8_u': 0.0, 'a_i': 0.0, 'pv24_u': 0.0, 'mppt_9_cap': None, 'pv20_u': 0.0, 'a_u': None, 'pv17_u': 0.0, 'pv20_i': 0.0, 'efficiency': 0.0, 'pv17_i': 0.0, 'pv13_i': 0.0, 'pv36_i': None, 'mppt_power': 0.0, 'pv13_u': 0.0, 'pv36_u': None, 'mppt_7_cap': None, 'p...
2026-05-08 01:25:00,280 - root - INFO - API Response type: <class 'dict'>
2026-05-08 01:25:00,280 - root - INFO - API Response keys: ['failCode', 'success', 'message', 'data']
2026-05-08 01:25:00,280 - root - INFO - API Response data is a list with 156 items
2026-05-08 01:25:00,280 - root - INFO - API Response has failCode: 0, message: historical data information query successful.
2026-05-08 01:25:00,281 - root - INFO - Using alternate response format: data as list
2026-05-08 01:25:00,281 - root - INFO - Received 156 data points from API
2026-05-08 01:25:00,281 - root - INFO - Sample data point structure: ['devDn', 'collectTime', 'dataItems']
2026-05-08 01:25:00,345 - root - INFO - Successfully upserted 156 data points.
2026-05-08 01:25:03,602 - root - INFO - Using single devDn for device/history (API: one device per query)
2026-05-08 01:25:03,604 - root - INFO - Fetching historical data for 1 devices of type inverter
2026-05-08 01:25:03,604 - root - INFO - Making API request to: https://sg5.fusionsolar.huawei.com/rest/openapi/pvms/nbi/v1/device/history
2026-05-08 01:25:03,604 - root - INFO - Request payload: {'devDn': 'NE=52031816', 'devTypeId': 1, 'startTime': 1778086800000, 'endTime': 1778173199000}
2026-05-08 01:25:05,133 - root - INFO - Response status code: 200
2026-05-08 01:25:05,148 - root - INFO - API response from https://sg5.fusionsolar.huawei.com/rest/openapi/pvms/nbi/v1/device/history (truncated): {'failCode': 0, 'success': True, 'message': 'historical data information query successful.', 'data': [{'devDn': 'NE=52031816', 'collectTime': 1778105400000, 'dataItems': {'pv28_i': 0.0, 'pv4_u': 0.0, 'pv24_i': 0.0, 'mppt_total_cap': 819857.3, 'pv8_u': 0.0, 'a_i': 0.0, 'pv24_u': 0.0, 'mppt_9_cap': 0.0, 'pv20_u': 0.0, 'a_u': 0.0, 'pv17_u': 0.0, 'pv20_i': 0.0, 'efficiency': 0.0, 'pv17_i': 0.0, 'pv13_i': 0.0, 'pv36_i': None, 'mppt_power': 0.0, 'pv13_u': 0.0, 'pv36_u': None, 'mppt_7_cap': 0.0, 'pv32_...
2026-05-08 01:25:05,149 - root - INFO - API Response type: <class 'dict'>
2026-05-08 01:25:05,150 - root - INFO - API Response keys: ['failCode', 'success', 'message', 'data']
2026-05-08 01:25:05,150 - root - INFO - API Response data is a list with 156 items
2026-05-08 01:25:05,150 - root - INFO - API Response has failCode: 0, message: historical data information query successful.
2026-05-08 01:25:05,150 - root - INFO - Using alternate response format: data as list
2026-05-08 01:25:05,150 - root - INFO - Received 156 data points from API
2026-05-08 01:25:05,150 - root - INFO - Sample data point structure: ['devDn', 'collectTime', 'dataItems']
2026-05-08 01:25:05,219 - root - INFO - Successfully upserted 156 data points.
2026-05-08 01:25:08,513 - root - INFO - Using single devDn for device/history (API: one device per query)
2026-05-08 01:25:08,514 - root - INFO - Fetching historical data for 1 devices of type inverter
2026-05-08 01:25:08,514 - root - INFO - Making API request to: https://sg5.fusionsolar.huawei.com/rest/openapi/pvms/nbi/v1/device/history
2026-05-08 01:25:08,514 - root - INFO - Request payload: {'devDn': 'NE=52031817', 'devTypeId': 1, 'startTime': 1778086800000, 'endTime': 1778173199000}
2026-05-08 01:25:09,907 - root - INFO - Response status code: 200
2026-05-08 01:25:09,924 - root - INFO - API response from https://sg5.fusionsolar.huawei.com/rest/openapi/pvms/nbi/v1/device/history (truncated): {'failCode': 0, 'success': True, 'message': 'historical data information query successful.', 'data': [{'devDn': 'NE=52031817', 'collectTime': 1778105400000, 'dataItems': {'pv28_i': 0.0, 'pv4_u': 0.0, 'pv24_i': 0.0, 'mppt_total_cap': 779241.1, 'pv8_u': 0.0, 'a_i': 0.0, 'pv24_u': 0.0, 'mppt_9_cap': 0.0, 'pv20_u': 0.0, 'a_u': 0.0, 'pv17_u': 0.0, 'pv20_i': 0.0, 'efficiency': 0.0, 'pv17_i': 0.0, 'pv13_i': 0.0, 'pv36_i': None, 'mppt_power': 0.0, 'pv13_u': 0.0, 'pv36_u': None, 'mppt_7_cap': 0.0, 'pv32_...
2026-05-08 01:25:09,926 - root - INFO - API Response type: <class 'dict'>
2026-05-08 01:25:09,926 - root - INFO - API Response keys: ['failCode', 'success', 'message', 'data']
2026-05-08 01:25:09,926 - root - INFO - API Response data is a list with 156 items
2026-05-08 01:25:09,926 - root - INFO - API Response has failCode: 0, message: historical data information query successful.
2026-05-08 01:25:09,927 - root - INFO - Using alternate response format: data as list
2026-05-08 01:25:09,927 - root - INFO - Received 156 data points from API
2026-05-08 01:25:09,927 - root - INFO - Sample data point structure: ['devDn', 'collectTime', 'dataItems']
2026-05-08 01:25:09,995 - root - INFO - Successfully upserted 156 data points.
2026-05-08 01:25:13,230 - root - INFO - Using single devDn for device/history (API: one device per query)
2026-05-08 01:25:13,231 - root - INFO - Fetching historical data for 1 devices of type inverter
2026-05-08 01:25:13,231 - root - INFO - Making API request to: https://sg5.fusionsolar.huawei.com/rest/openapi/pvms/nbi/v1/device/history
2026-05-08 01:25:13,231 - root - INFO - Request payload: {'devDn': 'NE=51758779', 'devTypeId': 1, 'startTime': 1778086800000, 'endTime': 1778173199000}
2026-05-08 01:25:14,779 - root - INFO - Response status code: 200
2026-05-08 01:25:14,793 - root - INFO - API response from https://sg5.fusionsolar.huawei.com/rest/openapi/pvms/nbi/v1/device/history (truncated): {'failCode': 0, 'success': True, 'message': 'historical data information query successful.', 'data': [{'devDn': 'NE=51758779', 'collectTime': 1778105400000, 'dataItems': {'pv28_i': 0.0, 'pv4_u': 0.0, 'pv24_i': 0.0, 'mppt_total_cap': 879013.65, 'pv8_u': 0.0, 'a_i': 0.0, 'pv24_u': 0.0, 'mppt_9_cap': None, 'pv20_u': 0.0, 'a_u': None, 'pv17_u': 0.0, 'pv20_i': 0.0, 'efficiency': 0.0, 'pv17_i': 0.0, 'pv13_i': 0.0, 'pv36_i': None, 'mppt_power': 0.0, 'pv13_u': 0.0, 'pv36_u': None, 'mppt_7_cap': None, 'p...
2026-05-08 01:25:14,795 - root - INFO - API Response type: <class 'dict'>
2026-05-08 01:25:14,795 - root - INFO - API Response keys: ['failCode', 'success', 'message', 'data']
2026-05-08 01:25:14,795 - root - INFO - API Response data is a list with 156 items
2026-05-08 01:25:14,795 - root - INFO - API Response has failCode: 0, message: historical data information query successful.
2026-05-08 01:25:14,796 - root - INFO - Using alternate response format: data as list
2026-05-08 01:25:14,796 - root - INFO - Received 156 data points from API
2026-05-08 01:25:14,796 - root - INFO - Sample data point structure: ['devDn', 'collectTime', 'dataItems']
2026-05-08 01:25:14,860 - root - INFO - Successfully upserted 156 data points.
2026-05-08 01:25:18,190 - root - INFO - Using single devDn for device/history (API: one device per query)
2026-05-08 01:25:18,191 - root - INFO - Fetching historical data for 1 devices of type inverter
2026-05-08 01:25:18,192 - root - INFO - Making API request to: https://sg5.fusionsolar.huawei.com/rest/openapi/pvms/nbi/v1/device/history
2026-05-08 01:25:18,192 - root - INFO - Request payload: {'devDn': 'NE=51758780', 'devTypeId': 1, 'startTime': 1778086800000, 'endTime': 1778173199000}
2026-05-08 01:25:19,635 - root - INFO - Response status code: 200
2026-05-08 01:25:19,650 - root - INFO - API response from https://sg5.fusionsolar.huawei.com/rest/openapi/pvms/nbi/v1/device/history (truncated): {'failCode': 0, 'success': True, 'message': 'historical data information query successful.', 'data': [{'devDn': 'NE=51758780', 'collectTime': 1778105400000, 'dataItems': {'pv28_i': 0.0, 'pv4_u': 0.0, 'pv24_i': 0.0, 'mppt_total_cap': 918453.63, 'pv8_u': 0.0, 'a_i': 0.0, 'pv24_u': 0.0, 'mppt_9_cap': 0.0, 'pv20_u': 0.0, 'a_u': 0.0, 'pv17_u': 0.0, 'pv20_i': 0.0, 'efficiency': 0.0, 'pv17_i': 0.0, 'pv13_i': 0.0, 'pv36_i': None, 'mppt_power': 0.0, 'pv13_u': 0.0, 'pv36_u': None, 'mppt_7_cap': 0.0, 'pv32...
2026-05-08 01:25:19,652 - root - INFO - API Response type: <class 'dict'>
2026-05-08 01:25:19,652 - root - INFO - API Response keys: ['failCode', 'success', 'message', 'data']
2026-05-08 01:25:19,652 - root - INFO - API Response data is a list with 157 items
2026-05-08 01:25:19,652 - root - INFO - API Response has failCode: 0, message: historical data information query successful.
2026-05-08 01:25:19,653 - root - INFO - Using alternate response format: data as list
2026-05-08 01:25:19,653 - root - INFO - Received 157 data points from API
2026-05-08 01:25:19,653 - root - INFO - Sample data point structure: ['devDn', 'collectTime', 'dataItems']
2026-05-08 01:25:19,718 - root - INFO - Successfully upserted 157 data points.
2026-05-08 01:25:23,056 - root - INFO - Using single devDn for device/history (API: one device per query)
2026-05-08 01:25:23,058 - root - INFO - Fetching historical data for 1 devices of type inverter
2026-05-08 01:25:23,058 - root - INFO - Making API request to: https://sg5.fusionsolar.huawei.com/rest/openapi/pvms/nbi/v1/device/history
2026-05-08 01:25:23,058 - root - INFO - Request payload: {'devDn': 'NE=51758777', 'devTypeId': 1, 'startTime': 1778086800000, 'endTime': 1778173199000}
2026-05-08 01:25:24,448 - root - INFO - Response status code: 200
2026-05-08 01:25:24,462 - root - INFO - API response from https://sg5.fusionsolar.huawei.com/rest/openapi/pvms/nbi/v1/device/history (truncated): {'failCode': 0, 'success': True, 'message': 'historical data information query successful.', 'data': [{'devDn': 'NE=51758777', 'collectTime': 1778105400000, 'dataItems': {'pv28_i': 0.0, 'pv4_u': 0.0, 'pv24_i': 0.0, 'mppt_total_cap': 924384.82, 'pv8_u': 0.0, 'a_i': 0.0, 'pv24_u': 0.0, 'mppt_9_cap': None, 'pv20_u': 0.0, 'a_u': None, 'pv17_u': 0.0, 'pv20_i': 0.0, 'efficiency': 0.0, 'pv17_i': 0.0, 'pv13_i': 0.0, 'pv36_i': None, 'mppt_power': 0.0, 'pv13_u': 0.0, 'pv36_u': None, 'mppt_7_cap': None, 'p...
2026-05-08 01:25:24,464 - root - INFO - API Response type: <class 'dict'>
2026-05-08 01:25:24,464 - root - INFO - API Response keys: ['failCode', 'success', 'message', 'data']
2026-05-08 01:25:24,464 - root - INFO - API Response data is a list with 156 items
2026-05-08 01:25:24,464 - root - INFO - API Response has failCode: 0, message: historical data information query successful.
2026-05-08 01:25:24,465 - root - INFO - Using alternate response format: data as list
2026-05-08 01:25:24,465 - root - INFO - Received 156 data points from API
2026-05-08 01:25:24,465 - root - INFO - Sample data point structure: ['devDn', 'collectTime', 'dataItems']
2026-05-08 01:25:24,529 - root - INFO - Successfully upserted 156 data points.
2026-05-08 01:25:27,824 - root - INFO - Using single devDn for device/history (API: one device per query)
2026-05-08 01:25:27,826 - root - INFO - Fetching historical data for 1 devices of type inverter
2026-05-08 01:25:27,826 - root - INFO - Making API request to: https://sg5.fusionsolar.huawei.com/rest/openapi/pvms/nbi/v1/device/history
2026-05-08 01:25:27,826 - root - INFO - Request payload: {'devDn': 'NE=51758778', 'devTypeId': 1, 'startTime': 1778086800000, 'endTime': 1778173199000}
2026-05-08 01:25:29,363 - root - INFO - Response status code: 200
2026-05-08 01:25:29,378 - root - INFO - API response from https://sg5.fusionsolar.huawei.com/rest/openapi/pvms/nbi/v1/device/history (truncated): {'failCode': 0, 'success': True, 'message': 'historical data information query successful.', 'data': [{'devDn': 'NE=51758778', 'collectTime': 1778105400000, 'dataItems': {'pv28_i': 0.0, 'pv4_u': 0.0, 'pv24_i': 0.0, 'mppt_total_cap': 885071.35, 'pv8_u': 0.0, 'a_i': 0.0, 'pv24_u': 0.0, 'mppt_9_cap': None, 'pv20_u': 0.0, 'a_u': None, 'pv17_u': 0.0, 'pv20_i': 0.0, 'efficiency': 0.0, 'pv17_i': 0.0, 'pv13_i': 0.0, 'pv36_i': None, 'mppt_power': 0.0, 'pv13_u': 0.0, 'pv36_u': None, 'mppt_7_cap': None, 'p...
2026-05-08 01:25:29,379 - root - INFO - API Response type: <class 'dict'>
2026-05-08 01:25:29,380 - root - INFO - API Response keys: ['failCode', 'success', 'message', 'data']
2026-05-08 01:25:29,380 - root - INFO - API Response data is a list with 156 items
2026-05-08 01:25:29,380 - root - INFO - API Response has failCode: 0, message: historical data information query successful.
2026-05-08 01:25:29,380 - root - INFO - Using alternate response format: data as list
2026-05-08 01:25:29,380 - root - INFO - Received 156 data points from API
2026-05-08 01:25:29,380 - root - INFO - Sample data point structure: ['devDn', 'collectTime', 'dataItems']
2026-05-08 01:25:29,446 - root - INFO - Successfully upserted 156 data points.
2026-05-08 01:25:32,681 - root - INFO - Using single devDn for device/history (API: one device per query)
2026-05-08 01:25:32,682 - root - INFO - Fetching historical data for 1 devices of type inverter
2026-05-08 01:25:32,682 - root - INFO - Making API request to: https://sg5.fusionsolar.huawei.com/rest/openapi/pvms/nbi/v1/device/history
2026-05-08 01:25:32,683 - root - INFO - Request payload: {'devDn': 'NE=58790540', 'devTypeId': 1, 'startTime': 1778086800000, 'endTime': 1778173199000}
2026-05-08 01:25:33,554 - root - INFO - Response status code: 200
2026-05-08 01:25:33,554 - root - INFO - API response from https://sg5.fusionsolar.huawei.com/rest/openapi/pvms/nbi/v1/device/history (truncated): {'failCode': 0, 'success': True, 'message': 'historical data information query successful.', 'data': []}
2026-05-08 01:25:33,556 - root - INFO - API Response type: <class 'dict'>
2026-05-08 01:25:33,556 - root - INFO - API Response keys: ['failCode', 'success', 'message', 'data']
2026-05-08 01:25:33,557 - root - INFO - API Response data is a list with 0 items
2026-05-08 01:25:33,557 - root - INFO - API Response has failCode: 0, message: historical data information query successful.
2026-05-08 01:25:33,557 - root - INFO - Using alternate response format: data as list
2026-05-08 01:25:33,557 - root - INFO - No data points returned for the query period
2026-05-08 01:25:33,558 - root - INFO - Using single devDn for device/history (API: one device per query)
2026-05-08 01:25:33,558 - root - INFO - Fetching historical data for 1 devices of type inverter
2026-05-08 01:25:33,558 - root - INFO - Making API request to: https://sg5.fusionsolar.huawei.com/rest/openapi/pvms/nbi/v1/device/history
2026-05-08 01:25:33,558 - root - INFO - Request payload: {'devDn': 'NE=58790539', 'devTypeId': 1, 'startTime': 1778086800000, 'endTime': 1778173199000}
2026-05-08 01:25:33,879 - root - INFO - Response status code: 200
2026-05-08 01:25:33,879 - root - INFO - API response from https://sg5.fusionsolar.huawei.com/rest/openapi/pvms/nbi/v1/device/history (truncated): {'failCode': 407, 'success': False, 'message': 'Interface access frequency:0.39333333333333337/1second', 'data': []}
2026-05-08 01:25:33,880 - root - WARNING - API access frequency too high. Waiting 30 seconds before retry...
2026-05-08 01:26:03,880 - root - INFO - Retrying API request after rate limit wait...
2026-05-08 01:26:03,880 - root - INFO - Making API request to: https://sg5.fusionsolar.huawei.com/rest/openapi/pvms/nbi/v1/device/history
2026-05-08 01:26:03,881 - root - INFO - Request payload: {'devDn': 'NE=58790539', 'devTypeId': 1, 'startTime': 1778086800000, 'endTime': 1778173199000}
2026-05-08 01:26:04,756 - root - INFO - Response status code: 200
2026-05-08 01:26:04,757 - root - INFO - API response from https://sg5.fusionsolar.huawei.com/rest/openapi/pvms/nbi/v1/device/history (truncated): {'failCode': 0, 'success': True, 'message': 'historical data information query successful.', 'data': []}
2026-05-08 01:26:04,760 - root - INFO - API Response type: <class 'dict'>
2026-05-08 01:26:04,760 - root - INFO - API Response keys: ['failCode', 'success', 'message', 'data']
2026-05-08 01:26:04,760 - root - INFO - API Response data is a list with 0 items
2026-05-08 01:26:04,760 - root - INFO - API Response has failCode: 0, message: historical data information query successful.
2026-05-08 01:26:04,760 - root - INFO - Using alternate response format: data as list
2026-05-08 01:26:04,761 - root - INFO - No data points returned for the query period
2026-05-08 01:26:04,761 - root - INFO - Using single devDn for device/history (API: one device per query)
2026-05-08 01:26:04,762 - root - INFO - Fetching historical data for 1 devices of type inverter
2026-05-08 01:26:04,762 - root - INFO - Making API request to: https://sg5.fusionsolar.huawei.com/rest/openapi/pvms/nbi/v1/device/history
2026-05-08 01:26:04,762 - root - INFO - Request payload: {'devDn': 'NE=58790538', 'devTypeId': 1, 'startTime': 1778086800000, 'endTime': 1778173199000}
2026-05-08 01:26:05,084 - root - INFO - Response status code: 200
2026-05-08 01:26:05,085 - root - INFO - API response from https://sg5.fusionsolar.huawei.com/rest/openapi/pvms/nbi/v1/device/history (truncated): {'failCode': 407, 'success': False, 'message': 'Interface access frequency:0.39333333333333337/1second', 'data': []}
2026-05-08 01:26:05,085 - root - WARNING - API access frequency too high. Waiting 30 seconds before retry...
2026-05-08 01:26:35,085 - root - INFO - Retrying API request after rate limit wait...
2026-05-08 01:26:35,085 - root - INFO - Making API request to: https://sg5.fusionsolar.huawei.com/rest/openapi/pvms/nbi/v1/device/history
2026-05-08 01:26:35,086 - root - INFO - Request payload: {'devDn': 'NE=58790538', 'devTypeId': 1, 'startTime': 1778086800000, 'endTime': 1778173199000}
2026-05-08 01:26:36,004 - root - INFO - Response status code: 200
2026-05-08 01:26:36,004 - root - INFO - API response from https://sg5.fusionsolar.huawei.com/rest/openapi/pvms/nbi/v1/device/history (truncated): {'failCode': 0, 'success': True, 'message': 'historical data information query successful.', 'data': []}
2026-05-08 01:26:36,007 - root - INFO - API Response type: <class 'dict'>
2026-05-08 01:26:36,008 - root - INFO - API Response keys: ['failCode', 'success', 'message', 'data']
2026-05-08 01:26:36,008 - root - INFO - API Response data is a list with 0 items
2026-05-08 01:26:36,008 - root - INFO - API Response has failCode: 0, message: historical data information query successful.
2026-05-08 01:26:36,008 - root - INFO - Using alternate response format: data as list
2026-05-08 01:26:36,008 - root - INFO - No data points returned for the query period
2026-05-08 01:26:36,008 - root - INFO - Using single devDn for device/history (API: one device per query)
2026-05-08 01:26:36,009 - root - INFO - Fetching historical data for 1 devices of type inverter
2026-05-08 01:26:36,009 - root - INFO - Making API request to: https://sg5.fusionsolar.huawei.com/rest/openapi/pvms/nbi/v1/device/history
2026-05-08 01:26:36,009 - root - INFO - Request payload: {'devDn': 'NE=58790537', 'devTypeId': 1, 'startTime': 1778086800000, 'endTime': 1778173199000}
2026-05-08 01:26:36,332 - root - INFO - Response status code: 200
2026-05-08 01:26:36,332 - root - INFO - API response from https://sg5.fusionsolar.huawei.com/rest/openapi/pvms/nbi/v1/device/history (truncated): {'failCode': 407, 'success': False, 'message': 'Interface access frequency:0.39333333333333337/1second', 'data': []}
2026-05-08 01:26:36,333 - root - WARNING - API access frequency too high. Waiting 30 seconds before retry...
2026-05-08 01:27:06,333 - root - INFO - Retrying API request after rate limit wait...
2026-05-08 01:27:06,333 - root - INFO - Making API request to: https://sg5.fusionsolar.huawei.com/rest/openapi/pvms/nbi/v1/device/history
2026-05-08 01:27:06,334 - root - INFO - Request payload: {'devDn': 'NE=58790537', 'devTypeId': 1, 'startTime': 1778086800000, 'endTime': 1778173199000}
2026-05-08 01:27:07,159 - root - INFO - Response status code: 200
2026-05-08 01:27:07,160 - root - INFO - API response from https://sg5.fusionsolar.huawei.com/rest/openapi/pvms/nbi/v1/device/history (truncated): {'failCode': 0, 'success': True, 'message': 'historical data information query successful.', 'data': []}
2026-05-08 01:27:07,163 - root - INFO - API Response type: <class 'dict'>
2026-05-08 01:27:07,163 - root - INFO - API Response keys: ['failCode', 'success', 'message', 'data']
2026-05-08 01:27:07,163 - root - INFO - API Response data is a list with 0 items
2026-05-08 01:27:07,163 - root - INFO - API Response has failCode: 0, message: historical data information query successful.
2026-05-08 01:27:07,164 - root - INFO - Using alternate response format: data as list
2026-05-08 01:27:07,164 - root - INFO - No data points returned for the query period
2026-05-08 01:27:07,164 - root - INFO - Using single devDn for device/history (API: one device per query)
2026-05-08 01:27:07,164 - root - INFO - Fetching historical data for 1 devices of type inverter
2026-05-08 01:27:07,164 - root - INFO - Making API request to: https://sg5.fusionsolar.huawei.com/rest/openapi/pvms/nbi/v1/device/history
2026-05-08 01:27:07,164 - root - INFO - Request payload: {'devDn': 'NE=58790542', 'devTypeId': 1, 'startTime': 1778086800000, 'endTime': 1778173199000}
2026-05-08 01:27:07,489 - root - INFO - Response status code: 200
2026-05-08 01:27:07,490 - root - INFO - API response from https://sg5.fusionsolar.huawei.com/rest/openapi/pvms/nbi/v1/device/history (truncated): {'failCode': 407, 'success': False, 'message': 'Interface access frequency:0.39333333333333337/1second', 'data': []}
2026-05-08 01:27:07,490 - root - WARNING - API access frequency too high. Waiting 30 seconds before retry...
2026-05-08 01:27:37,491 - root - INFO - Retrying API request after rate limit wait...
2026-05-08 01:27:37,491 - root - INFO - Making API request to: https://sg5.fusionsolar.huawei.com/rest/openapi/pvms/nbi/v1/device/history
2026-05-08 01:27:37,492 - root - INFO - Request payload: {'devDn': 'NE=58790542', 'devTypeId': 1, 'startTime': 1778086800000, 'endTime': 1778173199000}
2026-05-08 01:27:38,366 - root - INFO - Response status code: 200
2026-05-08 01:27:38,366 - root - INFO - API response from https://sg5.fusionsolar.huawei.com/rest/openapi/pvms/nbi/v1/device/history (truncated): {'failCode': 0, 'success': True, 'message': 'historical data information query successful.', 'data': []}
2026-05-08 01:27:38,370 - root - INFO - API Response type: <class 'dict'>
2026-05-08 01:27:38,370 - root - INFO - API Response keys: ['failCode', 'success', 'message', 'data']
2026-05-08 01:27:38,370 - root - INFO - API Response data is a list with 0 items
2026-05-08 01:27:38,370 - root - INFO - API Response has failCode: 0, message: historical data information query successful.
2026-05-08 01:27:38,370 - root - INFO - Using alternate response format: data as list
2026-05-08 01:27:38,370 - root - INFO - No data points returned for the query period
2026-05-08 01:27:38,370 - root - INFO - Using single devDn for device/history (API: one device per query)
2026-05-08 01:27:38,371 - root - INFO - Fetching historical data for 1 devices of type inverter
2026-05-08 01:27:38,371 - root - INFO - Making API request to: https://sg5.fusionsolar.huawei.com/rest/openapi/pvms/nbi/v1/device/history
2026-05-08 01:27:38,371 - root - INFO - Request payload: {'devDn': 'NE=58790541', 'devTypeId': 1, 'startTime': 1778086800000, 'endTime': 1778173199000}
2026-05-08 01:27:38,696 - root - INFO - Response status code: 200
2026-05-08 01:27:38,696 - root - INFO - API response from https://sg5.fusionsolar.huawei.com/rest/openapi/pvms/nbi/v1/device/history (truncated): {'failCode': 407, 'success': False, 'message': 'Interface access frequency:0.39333333333333337/1second', 'data': []}
2026-05-08 01:27:38,696 - root - WARNING - API access frequency too high. Waiting 30 seconds before retry...
2026-05-08 01:28:08,696 - root - INFO - Retrying API request after rate limit wait...
2026-05-08 01:28:08,697 - root - INFO - Making API request to: https://sg5.fusionsolar.huawei.com/rest/openapi/pvms/nbi/v1/device/history
2026-05-08 01:28:08,698 - root - INFO - Request payload: {'devDn': 'NE=58790541', 'devTypeId': 1, 'startTime': 1778086800000, 'endTime': 1778173199000}
2026-05-08 01:28:09,472 - root - INFO - Response status code: 200
2026-05-08 01:28:09,472 - root - INFO - API response from https://sg5.fusionsolar.huawei.com/rest/openapi/pvms/nbi/v1/device/history (truncated): {'failCode': 0, 'success': True, 'message': 'historical data information query successful.', 'data': []}
2026-05-08 01:28:09,475 - root - INFO - API Response type: <class 'dict'>
2026-05-08 01:28:09,476 - root - INFO - API Response keys: ['failCode', 'success', 'message', 'data']
2026-05-08 01:28:09,476 - root - INFO - API Response data is a list with 0 items
2026-05-08 01:28:09,476 - root - INFO - API Response has failCode: 0, message: historical data information query successful.
2026-05-08 01:28:09,476 - root - INFO - Using alternate response format: data as list
2026-05-08 01:28:09,476 - root - INFO - No data points returned for the query period
2026-05-08 01:28:09,476 - root - INFO - Using single devDn for device/history (API: one device per query)
2026-05-08 01:28:09,477 - root - INFO - Fetching historical data for 1 devices of type inverter
2026-05-08 01:28:09,477 - root - INFO - Making API request to: https://sg5.fusionsolar.huawei.com/rest/openapi/pvms/nbi/v1/device/history
2026-05-08 01:28:09,477 - root - INFO - Request payload: {'devDn': 'NE=58790536', 'devTypeId': 1, 'startTime': 1778086800000, 'endTime': 1778173199000}
2026-05-08 01:28:09,811 - root - INFO - Response status code: 200
2026-05-08 01:28:09,811 - root - INFO - API response from https://sg5.fusionsolar.huawei.com/rest/openapi/pvms/nbi/v1/device/history (truncated): {'failCode': 407, 'success': False, 'message': 'Interface access frequency:0.39333333333333337/1second', 'data': []}
2026-05-08 01:28:09,812 - root - WARNING - API access frequency too high. Waiting 30 seconds before retry...
2026-05-08 01:28:39,811 - root - INFO - Retrying API request after rate limit wait...
2026-05-08 01:28:39,812 - root - INFO - Making API request to: https://sg5.fusionsolar.huawei.com/rest/openapi/pvms/nbi/v1/device/history
2026-05-08 01:28:39,812 - root - INFO - Request payload: {'devDn': 'NE=58790536', 'devTypeId': 1, 'startTime': 1778086800000, 'endTime': 1778173199000}
2026-05-08 01:28:40,602 - root - INFO - Response status code: 200
2026-05-08 01:28:40,603 - root - INFO - API response from https://sg5.fusionsolar.huawei.com/rest/openapi/pvms/nbi/v1/device/history (truncated): {'failCode': 0, 'success': True, 'message': 'historical data information query successful.', 'data': []}
2026-05-08 01:28:40,606 - root - INFO - API Response type: <class 'dict'>
2026-05-08 01:28:40,606 - root - INFO - API Response keys: ['failCode', 'success', 'message', 'data']
2026-05-08 01:28:40,606 - root - INFO - API Response data is a list with 0 items
2026-05-08 01:28:40,606 - root - INFO - API Response has failCode: 0, message: historical data information query successful.
2026-05-08 01:28:40,607 - root - INFO - Using alternate response format: data as list
2026-05-08 01:28:40,607 - root - INFO - No data points returned for the query period
2026-05-08 01:28:40,607 - root - INFO - Using single devDn for device/history (API: one device per query)
2026-05-08 01:28:40,607 - root - INFO - Fetching historical data for 1 devices of type inverter
2026-05-08 01:28:40,607 - root - INFO - Making API request to: https://sg5.fusionsolar.huawei.com/rest/openapi/pvms/nbi/v1/device/history
2026-05-08 01:28:40,607 - root - INFO - Request payload: {'devDn': 'NE=58790535', 'devTypeId': 1, 'startTime': 1778086800000, 'endTime': 1778173199000}
2026-05-08 01:28:40,928 - root - INFO - Response status code: 200
2026-05-08 01:28:40,929 - root - INFO - API response from https://sg5.fusionsolar.huawei.com/rest/openapi/pvms/nbi/v1/device/history (truncated): {'failCode': 407, 'success': False, 'message': 'Interface access frequency:0.39333333333333337/1second', 'data': []}
2026-05-08 01:28:40,929 - root - WARNING - API access frequency too high. Waiting 30 seconds before retry...
2026-05-08 01:29:10,929 - root - INFO - Retrying API request after rate limit wait...
2026-05-08 01:29:10,930 - root - INFO - Token is missing or expired. Attempting to login...
2026-05-08 01:29:10,933 - root - INFO - Attempting to login to FusionSolar API at https://sg5.fusionsolar.huawei.com/thirdData/login
2026-05-08 01:29:11,401 - root - INFO - Login response status code: 200
2026-05-08 01:29:11,403 - root - INFO - Successfully logged into FusionSolar.
2026-05-08 01:29:11,405 - root - INFO - Making API request to: https://sg5.fusionsolar.huawei.com/rest/openapi/pvms/nbi/v1/device/history
2026-05-08 01:29:11,405 - root - INFO - Request payload: {'devDn': 'NE=58790535', 'devTypeId': 1, 'startTime': 1778086800000, 'endTime': 1778173199000}
2026-05-08 01:29:12,214 - root - INFO - Response status code: 200
2026-05-08 01:29:12,214 - root - INFO - API response from https://sg5.fusionsolar.huawei.com/rest/openapi/pvms/nbi/v1/device/history (truncated): {'failCode': 0, 'success': True, 'message': 'historical data information query successful.', 'data': []}
2026-05-08 01:29:12,218 - root - INFO - API Response type: <class 'dict'>
2026-05-08 01:29:12,218 - root - INFO - API Response keys: ['failCode', 'success', 'message', 'data']
2026-05-08 01:29:12,218 - root - INFO - API Response data is a list with 0 items
2026-05-08 01:29:12,218 - root - INFO - API Response has failCode: 0, message: historical data information query successful.
2026-05-08 01:29:12,218 - root - INFO - Using alternate response format: data as list
2026-05-08 01:29:12,218 - root - INFO - No data points returned for the query period
2026-05-08 01:29:12,218 - root - INFO - Using single devDn for device/history (API: one device per query)
2026-05-08 01:29:12,219 - root - INFO - Fetching historical data for 1 devices of type inverter
2026-05-08 01:29:12,219 - root - INFO - Making API request to: https://sg5.fusionsolar.huawei.com/rest/openapi/pvms/nbi/v1/device/history
2026-05-08 01:29:12,219 - root - INFO - Request payload: {'devDn': 'NE=58790534', 'devTypeId': 1, 'startTime': 1778086800000, 'endTime': 1778173199000}
2026-05-08 01:29:12,545 - root - INFO - Response status code: 200
2026-05-08 01:29:12,545 - root - INFO - API response from https://sg5.fusionsolar.huawei.com/rest/openapi/pvms/nbi/v1/device/history (truncated): {'failCode': 407, 'success': False, 'message': 'Interface access frequency:0.39333333333333337/1second', 'data': []}
2026-05-08 01:29:12,546 - root - WARNING - API access frequency too high. Waiting 30 seconds before retry...
2026-05-08 01:29:42,547 - root - INFO - Retrying API request after rate limit wait...
2026-05-08 01:29:42,547 - root - INFO - Making API request to: https://sg5.fusionsolar.huawei.com/rest/openapi/pvms/nbi/v1/device/history
2026-05-08 01:29:42,548 - root - INFO - Request payload: {'devDn': 'NE=58790534', 'devTypeId': 1, 'startTime': 1778086800000, 'endTime': 1778173199000}
2026-05-08 01:29:43,289 - root - INFO - Response status code: 200
2026-05-08 01:29:43,289 - root - INFO - API response from https://sg5.fusionsolar.huawei.com/rest/openapi/pvms/nbi/v1/device/history (truncated): {'failCode': 0, 'success': True, 'message': 'historical data information query successful.', 'data': []}
2026-05-08 01:29:43,293 - root - INFO - API Response type: <class 'dict'>
2026-05-08 01:29:43,293 - root - INFO - API Response keys: ['failCode', 'success', 'message', 'data']
2026-05-08 01:29:43,293 - root - INFO - API Response data is a list with 0 items
2026-05-08 01:29:43,293 - root - INFO - API Response has failCode: 0, message: historical data information query successful.
2026-05-08 01:29:43,293 - root - INFO - Using alternate response format: data as list
2026-05-08 01:29:43,293 - root - INFO - No data points returned for the query period
2026-05-08 01:29:43,293 - root - INFO - Using single devDn for device/history (API: one device per query)
2026-05-08 01:29:43,294 - root - INFO - Fetching historical data for 1 devices of type inverter
2026-05-08 01:29:43,294 - root - INFO - Making API request to: https://sg5.fusionsolar.huawei.com/rest/openapi/pvms/nbi/v1/device/history
2026-05-08 01:29:43,294 - root - INFO - Request payload: {'devDn': 'NE=58798010', 'devTypeId': 1, 'startTime': 1778086800000, 'endTime': 1778173199000}
2026-05-08 01:29:43,616 - root - INFO - Response status code: 200
2026-05-08 01:29:43,617 - root - INFO - API response from https://sg5.fusionsolar.huawei.com/rest/openapi/pvms/nbi/v1/device/history (truncated): {'failCode': 407, 'success': False, 'message': 'Interface access frequency:0.39333333333333337/1second', 'data': []}
2026-05-08 01:29:43,617 - root - WARNING - API access frequency too high. Waiting 30 seconds before retry...
2026-05-08 01:30:13,617 - root - INFO - Retrying API request after rate limit wait...
2026-05-08 01:30:13,617 - root - INFO - Making API request to: https://sg5.fusionsolar.huawei.com/rest/openapi/pvms/nbi/v1/device/history
2026-05-08 01:30:13,618 - root - INFO - Request payload: {'devDn': 'NE=58798010', 'devTypeId': 1, 'startTime': 1778086800000, 'endTime': 1778173199000}
2026-05-08 01:30:14,453 - root - INFO - Response status code: 200
2026-05-08 01:30:14,454 - root - INFO - API response from https://sg5.fusionsolar.huawei.com/rest/openapi/pvms/nbi/v1/device/history (truncated): {'failCode': 0, 'success': True, 'message': 'historical data information query successful.', 'data': []}
2026-05-08 01:30:14,457 - root - INFO - API Response type: <class 'dict'>
2026-05-08 01:30:14,457 - root - INFO - API Response keys: ['failCode', 'success', 'message', 'data']
2026-05-08 01:30:14,457 - root - INFO - API Response data is a list with 0 items
2026-05-08 01:30:14,458 - root - INFO - API Response has failCode: 0, message: historical data information query successful.
2026-05-08 01:30:14,458 - root - INFO - Using alternate response format: data as list
2026-05-08 01:30:14,458 - root - INFO - No data points returned for the query period
2026-05-08 01:30:14,458 - root - INFO - Using single devDn for device/history (API: one device per query)
2026-05-08 01:30:14,458 - root - INFO - Fetching historical data for 1 devices of type inverter
2026-05-08 01:30:14,458 - root - INFO - Making API request to: https://sg5.fusionsolar.huawei.com/rest/openapi/pvms/nbi/v1/device/history
2026-05-08 01:30:14,459 - root - INFO - Request payload: {'devDn': 'NE=58798008', 'devTypeId': 1, 'startTime': 1778086800000, 'endTime': 1778173199000}
2026-05-08 01:30:14,768 - root - INFO - Response status code: 200
2026-05-08 01:30:14,768 - root - INFO - API response from https://sg5.fusionsolar.huawei.com/rest/openapi/pvms/nbi/v1/device/history (truncated): {'failCode': 407, 'success': False, 'message': 'Interface access frequency:0.39333333333333337/1second', 'data': []}
2026-05-08 01:30:14,769 - root - WARNING - API access frequency too high. Waiting 30 seconds before retry...
2026-05-08 01:30:44,769 - root - INFO - Retrying API request after rate limit wait...
2026-05-08 01:30:44,769 - root - INFO - Making API request to: https://sg5.fusionsolar.huawei.com/rest/openapi/pvms/nbi/v1/device/history
2026-05-08 01:30:44,770 - root - INFO - Request payload: {'devDn': 'NE=58798008', 'devTypeId': 1, 'startTime': 1778086800000, 'endTime': 1778173199000}
2026-05-08 01:30:45,574 - root - INFO - Response status code: 200
2026-05-08 01:30:45,574 - root - INFO - API response from https://sg5.fusionsolar.huawei.com/rest/openapi/pvms/nbi/v1/device/history (truncated): {'failCode': 0, 'success': True, 'message': 'historical data information query successful.', 'data': []}
2026-05-08 01:30:45,578 - root - INFO - API Response type: <class 'dict'>
2026-05-08 01:30:45,578 - root - INFO - API Response keys: ['failCode', 'success', 'message', 'data']
2026-05-08 01:30:45,578 - root - INFO - API Response data is a list with 0 items
2026-05-08 01:30:45,578 - root - INFO - API Response has failCode: 0, message: historical data information query successful.
2026-05-08 01:30:45,578 - root - INFO - Using alternate response format: data as list
2026-05-08 01:30:45,578 - root - INFO - No data points returned for the query period
2026-05-08 01:30:45,578 - root - INFO - Using single devDn for device/history (API: one device per query)
2026-05-08 01:30:45,579 - root - INFO - Fetching historical data for 1 devices of type inverter
2026-05-08 01:30:45,579 - root - INFO - Making API request to: https://sg5.fusionsolar.huawei.com/rest/openapi/pvms/nbi/v1/device/history
2026-05-08 01:30:45,579 - root - INFO - Request payload: {'devDn': 'NE=58798011', 'devTypeId': 1, 'startTime': 1778086800000, 'endTime': 1778173199000}
2026-05-08 01:30:45,893 - root - INFO - Response status code: 200
2026-05-08 01:30:45,894 - root - INFO - API response from https://sg5.fusionsolar.huawei.com/rest/openapi/pvms/nbi/v1/device/history (truncated): {'failCode': 407, 'success': False, 'message': 'Interface access frequency:0.39333333333333337/1second', 'data': []}
2026-05-08 01:30:45,894 - root - WARNING - API access frequency too high. Waiting 30 seconds before retry...
2026-05-08 01:31:15,895 - root - INFO - Retrying API request after rate limit wait...
2026-05-08 01:31:15,895 - root - INFO - Making API request to: https://sg5.fusionsolar.huawei.com/rest/openapi/pvms/nbi/v1/device/history
2026-05-08 01:31:15,896 - root - INFO - Request payload: {'devDn': 'NE=58798011', 'devTypeId': 1, 'startTime': 1778086800000, 'endTime': 1778173199000}
2026-05-08 01:31:16,653 - root - INFO - Response status code: 200
2026-05-08 01:31:16,653 - root - INFO - API response from https://sg5.fusionsolar.huawei.com/rest/openapi/pvms/nbi/v1/device/history (truncated): {'failCode': 0, 'success': True, 'message': 'historical data information query successful.', 'data': []}
2026-05-08 01:31:16,656 - root - INFO - API Response type: <class 'dict'>
2026-05-08 01:31:16,657 - root - INFO - API Response keys: ['failCode', 'success', 'message', 'data']
2026-05-08 01:31:16,657 - root - INFO - API Response data is a list with 0 items
2026-05-08 01:31:16,657 - root - INFO - API Response has failCode: 0, message: historical data information query successful.
2026-05-08 01:31:16,657 - root - INFO - Using alternate response format: data as list
2026-05-08 01:31:16,657 - root - INFO - No data points returned for the query period
2026-05-08 01:31:16,657 - root - INFO - Using single devDn for device/history (API: one device per query)
2026-05-08 01:31:16,658 - root - INFO - Fetching historical data for 1 devices of type inverter
2026-05-08 01:31:16,658 - root - INFO - Making API request to: https://sg5.fusionsolar.huawei.com/rest/openapi/pvms/nbi/v1/device/history
2026-05-08 01:31:16,658 - root - INFO - Request payload: {'devDn': 'NE=59182344', 'devTypeId': 1, 'startTime': 1778086800000, 'endTime': 1778173199000}
2026-05-08 01:31:16,969 - root - INFO - Response status code: 200
2026-05-08 01:31:16,970 - root - INFO - API response from https://sg5.fusionsolar.huawei.com/rest/openapi/pvms/nbi/v1/device/history (truncated): {'failCode': 407, 'success': False, 'message': 'Interface access frequency:0.39333333333333337/1second', 'data': []}
2026-05-08 01:31:16,970 - root - WARNING - API access frequency too high. Waiting 30 seconds before retry...
2026-05-08 01:31:46,970 - root - INFO - Retrying API request after rate limit wait...
2026-05-08 01:31:46,971 - root - INFO - Making API request to: https://sg5.fusionsolar.huawei.com/rest/openapi/pvms/nbi/v1/device/history
2026-05-08 01:31:46,971 - root - INFO - Request payload: {'devDn': 'NE=59182344', 'devTypeId': 1, 'startTime': 1778086800000, 'endTime': 1778173199000}
2026-05-08 01:31:48,665 - root - INFO - Response status code: 200
2026-05-08 01:31:48,680 - root - INFO - API response from https://sg5.fusionsolar.huawei.com/rest/openapi/pvms/nbi/v1/device/history (truncated): {'failCode': 0, 'success': True, 'message': 'historical data information query successful.', 'data': [{'devDn': 'NE=59182344', 'collectTime': 1778105400000, 'dataItems': {'pv28_i': None, 'pv4_u': 0.0, 'pv24_i': 0.0, 'mppt_total_cap': 194198.07, 'pv8_u': 0.0, 'a_i': 0.0, 'pv24_u': 0.0, 'mppt_9_cap': None, 'pv20_u': 0.0, 'a_u': 0.0, 'pv17_u': 0.0, 'pv20_i': 0.0, 'efficiency': 0.0, 'pv17_i': 0.0, 'pv13_i': 0.0, 'pv36_i': None, 'mppt_power': 0.0, 'pv13_u': 0.0, 'pv36_u': None, 'mppt_7_cap': None, 'p...
2026-05-08 01:31:48,683 - root - INFO - API Response type: <class 'dict'>
2026-05-08 01:31:48,683 - root - INFO - API Response keys: ['failCode', 'success', 'message', 'data']
2026-05-08 01:31:48,683 - root - INFO - API Response data is a list with 155 items
2026-05-08 01:31:48,683 - root - INFO - API Response has failCode: 0, message: historical data information query successful.
2026-05-08 01:31:48,684 - root - INFO - Using alternate response format: data as list
2026-05-08 01:31:48,684 - root - INFO - Received 155 data points from API
2026-05-08 01:31:48,684 - root - INFO - Sample data point structure: ['devDn', 'collectTime', 'dataItems']
2026-05-08 01:31:48,750 - root - INFO - Successfully upserted 155 data points.
2026-05-08 01:31:52,162 - root - INFO - Using single devDn for device/history (API: one device per query)
2026-05-08 01:31:52,164 - root - INFO - Fetching historical data for 1 devices of type inverter
2026-05-08 01:31:52,164 - root - INFO - Making API request to: https://sg5.fusionsolar.huawei.com/rest/openapi/pvms/nbi/v1/device/history
2026-05-08 01:31:52,164 - root - INFO - Request payload: {'devDn': 'NE=58630789', 'devTypeId': 1, 'startTime': 1778086800000, 'endTime': 1778173199000}
2026-05-08 01:31:53,918 - root - INFO - Response status code: 200
2026-05-08 01:31:53,935 - root - INFO - API response from https://sg5.fusionsolar.huawei.com/rest/openapi/pvms/nbi/v1/device/history (truncated): {'failCode': 0, 'success': True, 'message': 'historical data information query successful.', 'data': [{'devDn': 'NE=58630789', 'collectTime': 1778105400000, 'dataItems': {'pv28_i': None, 'pv4_u': 0.0, 'pv24_i': 0.0, 'mppt_total_cap': 211768.69, 'pv8_u': 0.0, 'a_i': 0.0, 'pv24_u': 0.0, 'mppt_9_cap': 0.0, 'pv20_u': 0.0, 'a_u': 0.0, 'pv17_u': 0.0, 'pv20_i': 0.0, 'efficiency': 0.0, 'pv17_i': 0.0, 'pv13_i': 0.0, 'pv36_i': None, 'mppt_power': 0.0, 'pv13_u': 0.0, 'pv36_u': None, 'mppt_7_cap': 28640.03,...
2026-05-08 01:31:53,938 - root - INFO - API Response type: <class 'dict'>
2026-05-08 01:31:53,938 - root - INFO - API Response keys: ['failCode', 'success', 'message', 'data']
2026-05-08 01:31:53,938 - root - INFO - API Response data is a list with 155 items
2026-05-08 01:31:53,938 - root - INFO - API Response has failCode: 0, message: historical data information query successful.
2026-05-08 01:31:53,938 - root - INFO - Using alternate response format: data as list
2026-05-08 01:31:53,938 - root - INFO - Received 155 data points from API
2026-05-08 01:31:53,938 - root - INFO - Sample data point structure: ['devDn', 'collectTime', 'dataItems']
2026-05-08 01:31:54,002 - root - INFO - Successfully upserted 155 data points.
2026-05-08 01:31:57,413 - root - INFO - Using single devDn for device/history (API: one device per query)
2026-05-08 01:31:57,414 - root - INFO - Fetching historical data for 1 devices of type inverter
2026-05-08 01:31:57,414 - root - INFO - Making API request to: https://sg5.fusionsolar.huawei.com/rest/openapi/pvms/nbi/v1/device/history
2026-05-08 01:31:57,415 - root - INFO - Request payload: {'devDn': 'NE=58630790', 'devTypeId': 1, 'startTime': 1778086800000, 'endTime': 1778173199000}
2026-05-08 01:31:59,141 - root - INFO - Response status code: 200
2026-05-08 01:31:59,155 - root - INFO - API response from https://sg5.fusionsolar.huawei.com/rest/openapi/pvms/nbi/v1/device/history (truncated): {'failCode': 0, 'success': True, 'message': 'historical data information query successful.', 'data': [{'devDn': 'NE=58630790', 'collectTime': 1778105400000, 'dataItems': {'pv28_i': None, 'pv4_u': 0.0, 'pv24_i': 0.0, 'mppt_total_cap': 219012.06, 'pv8_u': 0.0, 'a_i': 0.0, 'pv24_u': 0.0, 'mppt_9_cap': 0.0, 'pv20_u': 0.0, 'a_u': 0.0, 'pv17_u': 0.0, 'pv20_i': 0.0, 'efficiency': 0.0, 'pv17_i': 0.0, 'pv13_i': 0.0, 'pv36_i': None, 'mppt_power': 0.0, 'pv13_u': 0.0, 'pv36_u': None, 'mppt_7_cap': 28609.1, ...
2026-05-08 01:31:59,157 - root - INFO - API Response type: <class 'dict'>
2026-05-08 01:31:59,157 - root - INFO - API Response keys: ['failCode', 'success', 'message', 'data']
2026-05-08 01:31:59,157 - root - INFO - API Response data is a list with 155 items
2026-05-08 01:31:59,157 - root - INFO - API Response has failCode: 0, message: historical data information query successful.
2026-05-08 01:31:59,158 - root - INFO - Using alternate response format: data as list
2026-05-08 01:31:59,158 - root - INFO - Received 155 data points from API
2026-05-08 01:31:59,158 - root - INFO - Sample data point structure: ['devDn', 'collectTime', 'dataItems']
2026-05-08 01:31:59,224 - root - INFO - Successfully upserted 155 data points.
2026-05-08 01:32:02,466 - root - INFO - Using single devDn for device/history (API: one device per query)
2026-05-08 01:32:02,467 - root - INFO - Fetching historical data for 1 devices of type inverter
2026-05-08 01:32:02,467 - root - INFO - Making API request to: https://sg5.fusionsolar.huawei.com/rest/openapi/pvms/nbi/v1/device/history
2026-05-08 01:32:02,467 - root - INFO - Request payload: {'devDn': 'NE=58630787', 'devTypeId': 1, 'startTime': 1778086800000, 'endTime': 1778173199000}
2026-05-08 01:32:04,001 - root - INFO - Response status code: 200
2026-05-08 01:32:04,015 - root - INFO - API response from https://sg5.fusionsolar.huawei.com/rest/openapi/pvms/nbi/v1/device/history (truncated): {'failCode': 0, 'success': True, 'message': 'historical data information query successful.', 'data': [{'devDn': 'NE=58630787', 'collectTime': 1778105700000, 'dataItems': {'pv28_i': None, 'pv4_u': 0.0, 'pv24_i': None, 'mppt_total_cap': 212281.23, 'pv8_u': 0.0, 'a_i': 0.0, 'pv24_u': None, 'mppt_9_cap': None, 'pv20_u': 0.0, 'a_u': 0.0, 'pv17_u': 0.0, 'pv20_i': 0.0, 'efficiency': 0.0, 'pv17_i': 0.0, 'pv13_i': 0.0, 'pv36_i': None, 'mppt_power': 0.0, 'pv13_u': 0.0, 'pv36_u': None, 'mppt_7_cap': None, ...
2026-05-08 01:32:04,017 - root - INFO - API Response type: <class 'dict'>
2026-05-08 01:32:04,017 - root - INFO - API Response keys: ['failCode', 'success', 'message', 'data']
2026-05-08 01:32:04,017 - root - INFO - API Response data is a list with 154 items
2026-05-08 01:32:04,017 - root - INFO - API Response has failCode: 0, message: historical data information query successful.
2026-05-08 01:32:04,018 - root - INFO - Using alternate response format: data as list
2026-05-08 01:32:04,018 - root - INFO - Received 154 data points from API
2026-05-08 01:32:04,018 - root - INFO - Sample data point structure: ['devDn', 'collectTime', 'dataItems']
2026-05-08 01:32:04,086 - root - INFO - Successfully upserted 154 data points.
2026-05-08 01:32:07,402 - root - INFO - Using single devDn for device/history (API: one device per query)
2026-05-08 01:32:07,404 - root - INFO - Fetching historical data for 1 devices of type inverter
2026-05-08 01:32:07,404 - root - INFO - Making API request to: https://sg5.fusionsolar.huawei.com/rest/openapi/pvms/nbi/v1/device/history
2026-05-08 01:32:07,404 - root - INFO - Request payload: {'devDn': 'NE=58630788', 'devTypeId': 1, 'startTime': 1778086800000, 'endTime': 1778173199000}
2026-05-08 01:32:09,164 - root - INFO - Response status code: 200
2026-05-08 01:32:09,178 - root - INFO - API response from https://sg5.fusionsolar.huawei.com/rest/openapi/pvms/nbi/v1/device/history (truncated): {'failCode': 0, 'success': True, 'message': 'historical data information query successful.', 'data': [{'devDn': 'NE=58630788', 'collectTime': 1778105700000, 'dataItems': {'pv28_i': None, 'pv4_u': 0.0, 'pv24_i': None, 'mppt_total_cap': 221382.78, 'pv8_u': 0.0, 'a_i': 0.0, 'pv24_u': None, 'mppt_9_cap': None, 'pv20_u': 0.0, 'a_u': 0.0, 'pv17_u': 0.0, 'pv20_i': 0.0, 'efficiency': 0.0, 'pv17_i': 0.0, 'pv13_i': 0.0, 'pv36_i': None, 'mppt_power': 0.0, 'pv13_u': 0.0, 'pv36_u': None, 'mppt_7_cap': None, ...
2026-05-08 01:32:09,180 - root - INFO - API Response type: <class 'dict'>
2026-05-08 01:32:09,180 - root - INFO - API Response keys: ['failCode', 'success', 'message', 'data']
2026-05-08 01:32:09,180 - root - INFO - API Response data is a list with 154 items
2026-05-08 01:32:09,180 - root - INFO - API Response has failCode: 0, message: historical data information query successful.
2026-05-08 01:32:09,180 - root - INFO - Using alternate response format: data as list
2026-05-08 01:32:09,180 - root - INFO - Received 154 data points from API
2026-05-08 01:32:09,181 - root - INFO - Sample data point structure: ['devDn', 'collectTime', 'dataItems']
2026-05-08 01:32:09,245 - root - INFO - Successfully upserted 154 data points.
2026-05-08 01:32:12,676 - root - INFO - Using single devDn for device/history (API: one device per query)
2026-05-08 01:32:12,677 - root - INFO - Fetching historical data for 1 devices of type inverter
2026-05-08 01:32:12,677 - root - INFO - Making API request to: https://sg5.fusionsolar.huawei.com/rest/openapi/pvms/nbi/v1/device/history
2026-05-08 01:32:12,677 - root - INFO - Request payload: {'devDn': 'NE=58630793', 'devTypeId': 1, 'startTime': 1778086800000, 'endTime': 1778173199000}
2026-05-08 01:32:14,457 - root - INFO - Response status code: 200
2026-05-08 01:32:14,471 - root - INFO - API response from https://sg5.fusionsolar.huawei.com/rest/openapi/pvms/nbi/v1/device/history (truncated): {'failCode': 0, 'success': True, 'message': 'historical data information query successful.', 'data': [{'devDn': 'NE=58630793', 'collectTime': 1778105400000, 'dataItems': {'pv28_i': None, 'pv4_u': 0.0, 'pv24_i': 0.0, 'mppt_total_cap': 205752.55, 'pv8_u': 0.0, 'a_i': 0.0, 'pv24_u': 0.0, 'mppt_9_cap': None, 'pv20_u': 0.0, 'a_u': 0.0, 'pv17_u': 0.0, 'pv20_i': 0.0, 'efficiency': 0.0, 'pv17_i': 0.0, 'pv13_i': 0.0, 'pv36_i': None, 'mppt_power': 0.0, 'pv13_u': 0.0, 'pv36_u': None, 'mppt_7_cap': None, 'p...
2026-05-08 01:32:14,473 - root - INFO - API Response type: <class 'dict'>
2026-05-08 01:32:14,473 - root - INFO - API Response keys: ['failCode', 'success', 'message', 'data']
2026-05-08 01:32:14,473 - root - INFO - API Response data is a list with 155 items
2026-05-08 01:32:14,473 - root - INFO - API Response has failCode: 0, message: historical data information query successful.
2026-05-08 01:32:14,473 - root - INFO - Using alternate response format: data as list
2026-05-08 01:32:14,474 - root - INFO - Received 155 data points from API
2026-05-08 01:32:14,474 - root - INFO - Sample data point structure: ['devDn', 'collectTime', 'dataItems']
2026-05-08 01:32:14,538 - root - INFO - Successfully upserted 155 data points.
2026-05-08 01:32:17,745 - root - INFO - Using single devDn for device/history (API: one device per query)
2026-05-08 01:32:17,746 - root - INFO - Fetching historical data for 1 devices of type inverter
2026-05-08 01:32:17,747 - root - INFO - Making API request to: https://sg5.fusionsolar.huawei.com/rest/openapi/pvms/nbi/v1/device/history
2026-05-08 01:32:17,747 - root - INFO - Request payload: {'devDn': 'NE=58630794', 'devTypeId': 1, 'startTime': 1778086800000, 'endTime': 1778173199000}
2026-05-08 01:32:19,315 - root - INFO - Response status code: 200
2026-05-08 01:32:19,329 - root - INFO - API response from https://sg5.fusionsolar.huawei.com/rest/openapi/pvms/nbi/v1/device/history (truncated): {'failCode': 0, 'success': True, 'message': 'historical data information query successful.', 'data': [{'devDn': 'NE=58630794', 'collectTime': 1778105400000, 'dataItems': {'pv28_i': None, 'pv4_u': 0.0, 'pv24_i': 0.0, 'mppt_total_cap': 214377.89, 'pv8_u': 0.0, 'a_i': 0.0, 'pv24_u': 0.0, 'mppt_9_cap': None, 'pv20_u': 0.0, 'a_u': 0.0, 'pv17_u': 0.0, 'pv20_i': 0.0, 'efficiency': 0.0, 'pv17_i': 0.0, 'pv13_i': 0.0, 'pv36_i': None, 'mppt_power': 0.0, 'pv13_u': 0.0, 'pv36_u': None, 'mppt_7_cap': None, 'p...
2026-05-08 01:32:19,330 - root - INFO - API Response type: <class 'dict'>
2026-05-08 01:32:19,331 - root - INFO - API Response keys: ['failCode', 'success', 'message', 'data']
2026-05-08 01:32:19,331 - root - INFO - API Response data is a list with 156 items
2026-05-08 01:32:19,331 - root - INFO - API Response has failCode: 0, message: historical data information query successful.
2026-05-08 01:32:19,331 - root - INFO - Using alternate response format: data as list
2026-05-08 01:32:19,331 - root - INFO - Received 156 data points from API
2026-05-08 01:32:19,332 - root - INFO - Sample data point structure: ['devDn', 'collectTime', 'dataItems']
2026-05-08 01:32:19,406 - root - INFO - Successfully upserted 156 data points.
2026-05-08 01:32:22,593 - root - INFO - Using single devDn for device/history (API: one device per query)
2026-05-08 01:32:22,595 - root - INFO - Fetching historical data for 1 devices of type inverter
2026-05-08 01:32:22,595 - root - INFO - Making API request to: https://sg5.fusionsolar.huawei.com/rest/openapi/pvms/nbi/v1/device/history
2026-05-08 01:32:22,595 - root - INFO - Request payload: {'devDn': 'NE=58630791', 'devTypeId': 1, 'startTime': 1778086800000, 'endTime': 1778173199000}
2026-05-08 01:32:24,189 - root - INFO - Response status code: 200
2026-05-08 01:32:24,203 - root - INFO - API response from https://sg5.fusionsolar.huawei.com/rest/openapi/pvms/nbi/v1/device/history (truncated): {'failCode': 0, 'success': True, 'message': 'historical data information query successful.', 'data': [{'devDn': 'NE=58630791', 'collectTime': 1778105400000, 'dataItems': {'pv28_i': None, 'pv4_u': 0.0, 'pv24_i': 0.0, 'mppt_total_cap': 209671.48, 'pv8_u': 0.0, 'a_i': 0.0, 'pv24_u': 0.0, 'mppt_9_cap': None, 'pv20_u': 0.0, 'a_u': 0.0, 'pv17_u': 0.0, 'pv20_i': 0.0, 'efficiency': 0.0, 'pv17_i': 0.0, 'pv13_i': 0.0, 'pv36_i': None, 'mppt_power': 0.0, 'pv13_u': 0.0, 'pv36_u': None, 'mppt_7_cap': None, 'p...
2026-05-08 01:32:24,205 - root - INFO - API Response type: <class 'dict'>
2026-05-08 01:32:24,205 - root - INFO - API Response keys: ['failCode', 'success', 'message', 'data']
2026-05-08 01:32:24,205 - root - INFO - API Response data is a list with 157 items
2026-05-08 01:32:24,205 - root - INFO - API Response has failCode: 0, message: historical data information query successful.
2026-05-08 01:32:24,205 - root - INFO - Using alternate response format: data as list
2026-05-08 01:32:24,206 - root - INFO - Received 157 data points from API
2026-05-08 01:32:24,206 - root - INFO - Sample data point structure: ['devDn', 'collectTime', 'dataItems']
2026-05-08 01:32:24,270 - root - INFO - Successfully upserted 157 data points.
2026-05-08 01:32:27,616 - root - INFO - Using single devDn for device/history (API: one device per query)
2026-05-08 01:32:27,617 - root - INFO - Fetching historical data for 1 devices of type inverter
2026-05-08 01:32:27,617 - root - INFO - Making API request to: https://sg5.fusionsolar.huawei.com/rest/openapi/pvms/nbi/v1/device/history
2026-05-08 01:32:27,617 - root - INFO - Request payload: {'devDn': 'NE=58630792', 'devTypeId': 1, 'startTime': 1778086800000, 'endTime': 1778173199000}
2026-05-08 01:32:29,369 - root - INFO - Response status code: 200
2026-05-08 01:32:29,383 - root - INFO - API response from https://sg5.fusionsolar.huawei.com/rest/openapi/pvms/nbi/v1/device/history (truncated): {'failCode': 0, 'success': True, 'message': 'historical data information query successful.', 'data': [{'devDn': 'NE=58630792', 'collectTime': 1778105400000, 'dataItems': {'pv28_i': None, 'pv4_u': 0.0, 'pv24_i': 0.0, 'mppt_total_cap': 197102.02, 'pv8_u': 0.0, 'a_i': 0.0, 'pv24_u': 0.0, 'mppt_9_cap': 0.0, 'pv20_u': 0.0, 'a_u': 0.0, 'pv17_u': 0.0, 'pv20_i': 0.0, 'efficiency': 0.0, 'pv17_i': 0.0, 'pv13_i': 0.0, 'pv36_i': None, 'mppt_power': 0.0, 'pv13_u': 0.0, 'pv36_u': None, 'mppt_7_cap': 28435.14,...
2026-05-08 01:32:29,385 - root - INFO - API Response type: <class 'dict'>
2026-05-08 01:32:29,385 - root - INFO - API Response keys: ['failCode', 'success', 'message', 'data']
2026-05-08 01:32:29,385 - root - INFO - API Response data is a list with 155 items
2026-05-08 01:32:29,385 - root - INFO - API Response has failCode: 0, message: historical data information query successful.
2026-05-08 01:32:29,386 - root - INFO - Using alternate response format: data as list
2026-05-08 01:32:29,386 - root - INFO - Received 155 data points from API
2026-05-08 01:32:29,386 - root - INFO - Sample data point structure: ['devDn', 'collectTime', 'dataItems']
2026-05-08 01:32:29,448 - root - INFO - Successfully upserted 155 data points.
2026-05-08 01:32:32,620 - root - INFO - Using single devDn for device/history (API: one device per query)
2026-05-08 01:32:32,621 - root - INFO - Fetching historical data for 1 devices of type inverter
2026-05-08 01:32:32,621 - root - INFO - Making API request to: https://sg5.fusionsolar.huawei.com/rest/openapi/pvms/nbi/v1/device/history
2026-05-08 01:32:32,621 - root - INFO - Request payload: {'devDn': 'NE=58639490', 'devTypeId': 1, 'startTime': 1778086800000, 'endTime': 1778173199000}
2026-05-08 01:32:34,264 - root - INFO - Response status code: 200
2026-05-08 01:32:34,279 - root - INFO - API response from https://sg5.fusionsolar.huawei.com/rest/openapi/pvms/nbi/v1/device/history (truncated): {'failCode': 0, 'success': True, 'message': 'historical data information query successful.', 'data': [{'devDn': 'NE=58639490', 'collectTime': 1778105400000, 'dataItems': {'pv28_i': None, 'pv4_u': 0.0, 'pv24_i': 0.0, 'mppt_total_cap': 190679.36, 'pv8_u': 0.0, 'a_i': 0.0, 'pv24_u': 0.0, 'mppt_9_cap': None, 'pv20_u': 0.0, 'a_u': 0.0, 'pv17_u': 0.0, 'pv20_i': 0.0, 'efficiency': 0.0, 'pv17_i': 0.0, 'pv13_i': 0.0, 'pv36_i': None, 'mppt_power': 0.0, 'pv13_u': 0.0, 'pv36_u': None, 'mppt_7_cap': None, 'p...
2026-05-08 01:32:34,282 - root - INFO - API Response type: <class 'dict'>
2026-05-08 01:32:34,282 - root - INFO - API Response keys: ['failCode', 'success', 'message', 'data']
2026-05-08 01:32:34,282 - root - INFO - API Response data is a list with 155 items
2026-05-08 01:32:34,284 - root - INFO - API Response has failCode: 0, message: historical data information query successful.
2026-05-08 01:32:34,284 - root - INFO - Using alternate response format: data as list
2026-05-08 01:32:34,284 - root - INFO - Received 155 data points from API
2026-05-08 01:32:34,284 - root - INFO - Sample data point structure: ['devDn', 'collectTime', 'dataItems']
2026-05-08 01:32:34,350 - root - INFO - Successfully upserted 155 data points.
2026-05-08 01:32:37,831 - root - INFO - Using single devDn for device/history (API: one device per query)
2026-05-08 01:32:37,832 - root - INFO - Fetching historical data for 1 devices of type inverter
2026-05-08 01:32:37,833 - root - INFO - Making API request to: https://sg5.fusionsolar.huawei.com/rest/openapi/pvms/nbi/v1/device/history
2026-05-08 01:32:37,833 - root - INFO - Request payload: {'devDn': 'NE=58639492', 'devTypeId': 1, 'startTime': 1778086800000, 'endTime': 1778173199000}
2026-05-08 01:32:39,630 - root - INFO - Response status code: 200
2026-05-08 01:32:39,643 - root - INFO - API response from https://sg5.fusionsolar.huawei.com/rest/openapi/pvms/nbi/v1/device/history (truncated): {'failCode': 0, 'success': True, 'message': 'historical data information query successful.', 'data': [{'devDn': 'NE=58639492', 'collectTime': 1778105400000, 'dataItems': {'pv28_i': None, 'pv4_u': 0.0, 'pv24_i': 0.0, 'mppt_total_cap': 204645.36, 'pv8_u': 0.0, 'a_i': 0.0, 'pv24_u': 0.0, 'mppt_9_cap': None, 'pv20_u': 0.0, 'a_u': 0.0, 'pv17_u': 0.0, 'pv20_i': 0.0, 'efficiency': 0.0, 'pv17_i': 0.0, 'pv13_i': 0.0, 'pv36_i': None, 'mppt_power': 0.0, 'pv13_u': 0.0, 'pv36_u': None, 'mppt_7_cap': None, 'p...
2026-05-08 01:32:39,645 - root - INFO - API Response type: <class 'dict'>
2026-05-08 01:32:39,645 - root - INFO - API Response keys: ['failCode', 'success', 'message', 'data']
2026-05-08 01:32:39,645 - root - INFO - API Response data is a list with 155 items
2026-05-08 01:32:39,646 - root - INFO - API Response has failCode: 0, message: historical data information query successful.
2026-05-08 01:32:39,646 - root - INFO - Using alternate response format: data as list
2026-05-08 01:32:39,646 - root - INFO - Received 155 data points from API
2026-05-08 01:32:39,646 - root - INFO - Sample data point structure: ['devDn', 'collectTime', 'dataItems']
2026-05-08 01:32:39,711 - root - INFO - Successfully upserted 155 data points.
2026-05-08 01:32:42,939 - root - INFO - Using single devDn for device/history (API: one device per query)
2026-05-08 01:32:42,940 - root - INFO - Fetching historical data for 1 devices of type inverter
2026-05-08 01:32:42,940 - root - INFO - Making API request to: https://sg5.fusionsolar.huawei.com/rest/openapi/pvms/nbi/v1/device/history
2026-05-08 01:32:42,940 - root - INFO - Request payload: {'devDn': 'NE=58987138', 'devTypeId': 1, 'startTime': 1778086800000, 'endTime': 1778173199000}
2026-05-08 01:32:44,538 - root - INFO - Response status code: 200
2026-05-08 01:32:44,552 - root - INFO - API response from https://sg5.fusionsolar.huawei.com/rest/openapi/pvms/nbi/v1/device/history (truncated): {'failCode': 0, 'success': True, 'message': 'historical data information query successful.', 'data': [{'devDn': 'NE=58987138', 'collectTime': 1778105400000, 'dataItems': {'pv28_i': None, 'pv4_u': 0.0, 'pv24_i': 0.0, 'mppt_total_cap': 208315.98, 'pv8_u': 0.0, 'a_i': 0.0, 'pv24_u': 0.0, 'mppt_9_cap': None, 'pv20_u': 0.0, 'a_u': 0.0, 'pv17_u': 0.0, 'pv20_i': 0.0, 'efficiency': 0.0, 'pv17_i': 0.0, 'pv13_i': 0.0, 'pv36_i': None, 'mppt_power': 0.0, 'pv13_u': 0.0, 'pv36_u': None, 'mppt_7_cap': None, 'p...
2026-05-08 01:32:44,554 - root - INFO - API Response type: <class 'dict'>
2026-05-08 01:32:44,554 - root - INFO - API Response keys: ['failCode', 'success', 'message', 'data']
2026-05-08 01:32:44,554 - root - INFO - API Response data is a list with 155 items
2026-05-08 01:32:44,554 - root - INFO - API Response has failCode: 0, message: historical data information query successful.
2026-05-08 01:32:44,555 - root - INFO - Using alternate response format: data as list
2026-05-08 01:32:44,555 - root - INFO - Received 155 data points from API
2026-05-08 01:32:44,555 - root - INFO - Sample data point structure: ['devDn', 'collectTime', 'dataItems']
2026-05-08 01:32:44,617 - root - INFO - Successfully upserted 155 data points.
2026-05-08 01:32:47,765 - root - INFO - Using single devDn for device/history (API: one device per query)
2026-05-08 01:32:47,767 - root - INFO - Fetching historical data for 1 devices of type inverter
2026-05-08 01:32:47,767 - root - INFO - Making API request to: https://sg5.fusionsolar.huawei.com/rest/openapi/pvms/nbi/v1/device/history
2026-05-08 01:32:47,767 - root - INFO - Request payload: {'devDn': 'NE=58741218', 'devTypeId': 1, 'startTime': 1778086800000, 'endTime': 1778173199000}
2026-05-08 01:32:48,645 - root - INFO - Response status code: 200
2026-05-08 01:32:48,646 - root - INFO - API response from https://sg5.fusionsolar.huawei.com/rest/openapi/pvms/nbi/v1/device/history (truncated): {'failCode': 0, 'success': True, 'message': 'historical data information query successful.', 'data': []}
2026-05-08 01:32:48,648 - root - INFO - API Response type: <class 'dict'>
2026-05-08 01:32:48,648 - root - INFO - API Response keys: ['failCode', 'success', 'message', 'data']
2026-05-08 01:32:48,648 - root - INFO - API Response data is a list with 0 items
2026-05-08 01:32:48,648 - root - INFO - API Response has failCode: 0, message: historical data information query successful.
2026-05-08 01:32:48,649 - root - INFO - Using alternate response format: data as list
2026-05-08 01:32:48,649 - root - INFO - No data points returned for the query period
2026-05-08 01:32:48,649 - root - INFO - Using single devDn for device/history (API: one device per query)
2026-05-08 01:32:48,649 - root - INFO - Fetching historical data for 1 devices of type inverter
2026-05-08 01:32:48,650 - root - INFO - Making API request to: https://sg5.fusionsolar.huawei.com/rest/openapi/pvms/nbi/v1/device/history
2026-05-08 01:32:48,650 - root - INFO - Request payload: {'devDn': 'NE=50488273', 'devTypeId': 1, 'startTime': 1778086800000, 'endTime': 1778173199000}
2026-05-08 01:32:49,419 - root - INFO - Response status code: 200
2026-05-08 01:32:49,419 - root - INFO - API response from https://sg5.fusionsolar.huawei.com/rest/openapi/pvms/nbi/v1/device/history (truncated): {'failCode': 0, 'success': True, 'message': 'historical data information query successful.', 'data': []}
2026-05-08 01:32:49,422 - root - INFO - API Response type: <class 'dict'>
2026-05-08 01:32:49,422 - root - INFO - API Response keys: ['failCode', 'success', 'message', 'data']
2026-05-08 01:32:49,422 - root - INFO - API Response data is a list with 0 items
2026-05-08 01:32:49,422 - root - INFO - API Response has failCode: 0, message: historical data information query successful.
2026-05-08 01:32:49,422 - root - INFO - Using alternate response format: data as list
2026-05-08 01:32:49,422 - root - INFO - No data points returned for the query period
2026-05-08 01:32:49,422 - root - INFO - Using single devDn for device/history (API: one device per query)
2026-05-08 01:32:49,423 - root - INFO - Fetching historical data for 1 devices of type inverter
2026-05-08 01:32:49,423 - root - INFO - Making API request to: https://sg5.fusionsolar.huawei.com/rest/openapi/pvms/nbi/v1/device/history
2026-05-08 01:32:49,423 - root - INFO - Request payload: {'devDn': 'NE=50488264', 'devTypeId': 1, 'startTime': 1778086800000, 'endTime': 1778173199000}
2026-05-08 01:32:49,734 - root - INFO - Response status code: 200
2026-05-08 01:32:49,734 - root - INFO - API response from https://sg5.fusionsolar.huawei.com/rest/openapi/pvms/nbi/v1/device/history (truncated): {'failCode': 407, 'success': False, 'message': 'Interface access frequency:0.39333333333333337/1second', 'data': []}
2026-05-08 01:32:49,735 - root - WARNING - API access frequency too high. Waiting 30 seconds before retry...
2026-05-08 01:33:19,735 - root - INFO - Retrying API request after rate limit wait...
2026-05-08 01:33:19,735 - root - INFO - Making API request to: https://sg5.fusionsolar.huawei.com/rest/openapi/pvms/nbi/v1/device/history
2026-05-08 01:33:19,736 - root - INFO - Request payload: {'devDn': 'NE=50488264', 'devTypeId': 1, 'startTime': 1778086800000, 'endTime': 1778173199000}
2026-05-08 01:33:20,525 - root - INFO - Response status code: 200
2026-05-08 01:33:20,525 - root - INFO - API response from https://sg5.fusionsolar.huawei.com/rest/openapi/pvms/nbi/v1/device/history (truncated): {'failCode': 0, 'success': True, 'message': 'historical data information query successful.', 'data': []}
2026-05-08 01:33:20,529 - root - INFO - API Response type: <class 'dict'>
2026-05-08 01:33:20,529 - root - INFO - API Response keys: ['failCode', 'success', 'message', 'data']
2026-05-08 01:33:20,529 - root - INFO - API Response data is a list with 0 items
2026-05-08 01:33:20,529 - root - INFO - API Response has failCode: 0, message: historical data information query successful.
2026-05-08 01:33:20,529 - root - INFO - Using alternate response format: data as list
2026-05-08 01:33:20,529 - root - INFO - No data points returned for the query period
2026-05-08 01:33:20,529 - root - INFO - Using single devDn for device/history (API: one device per query)
2026-05-08 01:33:20,530 - root - INFO - Fetching historical data for 1 devices of type inverter
2026-05-08 01:33:20,530 - root - INFO - Making API request to: https://sg5.fusionsolar.huawei.com/rest/openapi/pvms/nbi/v1/device/history
2026-05-08 01:33:20,530 - root - INFO - Request payload: {'devDn': 'NE=50488270', 'devTypeId': 1, 'startTime': 1778086800000, 'endTime': 1778173199000}
2026-05-08 01:33:20,858 - root - INFO - Response status code: 200
2026-05-08 01:33:20,858 - root - INFO - API response from https://sg5.fusionsolar.huawei.com/rest/openapi/pvms/nbi/v1/device/history (truncated): {'failCode': 407, 'success': False, 'message': 'Interface access frequency:0.39333333333333337/1second', 'data': []}
2026-05-08 01:33:20,859 - root - WARNING - API access frequency too high. Waiting 30 seconds before retry...
2026-05-08 01:33:50,859 - root - INFO - Retrying API request after rate limit wait...
2026-05-08 01:33:50,859 - root - INFO - Making API request to: https://sg5.fusionsolar.huawei.com/rest/openapi/pvms/nbi/v1/device/history
2026-05-08 01:33:50,860 - root - INFO - Request payload: {'devDn': 'NE=50488270', 'devTypeId': 1, 'startTime': 1778086800000, 'endTime': 1778173199000}
2026-05-08 01:33:52,488 - root - INFO - Response status code: 200
2026-05-08 01:33:52,502 - root - INFO - API response from https://sg5.fusionsolar.huawei.com/rest/openapi/pvms/nbi/v1/device/history (truncated): {'failCode': 0, 'success': True, 'message': 'historical data information query successful.', 'data': [{'devDn': 'NE=50488270', 'collectTime': 1778105400000, 'dataItems': {'pv28_i': None, 'pv4_u': 0.0, 'pv24_i': -0.01, 'mppt_total_cap': 886511.92, 'pv8_u': 0.0, 'a_i': 0.0, 'pv24_u': -0.1, 'mppt_9_cap': 0.0, 'pv20_u': -0.1, 'a_u': None, 'pv17_u': 0.0, 'pv20_i': -0.01, 'efficiency': 0.0, 'pv17_i': 0.0, 'pv13_i': 0.0, 'pv36_i': None, 'mppt_power': 0.0, 'pv13_u': 0.0, 'pv36_u': None, 'mppt_7_cap': 0....
2026-05-08 01:33:52,505 - root - INFO - API Response type: <class 'dict'>
2026-05-08 01:33:52,505 - root - INFO - API Response keys: ['failCode', 'success', 'message', 'data']
2026-05-08 01:33:52,505 - root - INFO - API Response data is a list with 155 items
2026-05-08 01:33:52,505 - root - INFO - API Response has failCode: 0, message: historical data information query successful.
2026-05-08 01:33:52,505 - root - INFO - Using alternate response format: data as list
2026-05-08 01:33:52,505 - root - INFO - Received 155 data points from API
2026-05-08 01:33:52,506 - root - INFO - Sample data point structure: ['devDn', 'collectTime', 'dataItems']
2026-05-08 01:33:52,577 - root - INFO - Successfully upserted 155 data points.
2026-05-08 01:33:56,411 - root - INFO - Using single devDn for device/history (API: one device per query)
2026-05-08 01:33:56,413 - root - INFO - Fetching historical data for 1 devices of type inverter
2026-05-08 01:33:56,413 - root - INFO - Making API request to: https://sg5.fusionsolar.huawei.com/rest/openapi/pvms/nbi/v1/device/history
2026-05-08 01:33:56,413 - root - INFO - Request payload: {'devDn': 'NE=50488271', 'devTypeId': 1, 'startTime': 1778086800000, 'endTime': 1778173199000}
2026-05-08 01:33:58,115 - root - INFO - Response status code: 200
2026-05-08 01:33:58,129 - root - INFO - API response from https://sg5.fusionsolar.huawei.com/rest/openapi/pvms/nbi/v1/device/history (truncated): {'failCode': 0, 'success': True, 'message': 'historical data information query successful.', 'data': [{'devDn': 'NE=50488271', 'collectTime': 1778105400000, 'dataItems': {'pv28_i': None, 'pv4_u': 0.0, 'pv24_i': 0.0, 'mppt_total_cap': 882256.89, 'pv8_u': 0.0, 'a_i': 0.0, 'pv24_u': 0.0, 'mppt_9_cap': 0.0, 'pv20_u': 0.0, 'a_u': 0.0, 'pv17_u': 0.0, 'pv20_i': 0.0, 'efficiency': 0.0, 'pv17_i': 0.0, 'pv13_i': 0.0, 'pv36_i': None, 'mppt_power': 0.0, 'pv13_u': 0.0, 'pv36_u': None, 'mppt_7_cap': 0.0, 'pv3...
2026-05-08 01:33:58,131 - root - INFO - API Response type: <class 'dict'>
2026-05-08 01:33:58,131 - root - INFO - API Response keys: ['failCode', 'success', 'message', 'data']
2026-05-08 01:33:58,131 - root - INFO - API Response data is a list with 155 items
2026-05-08 01:33:58,132 - root - INFO - API Response has failCode: 0, message: historical data information query successful.
2026-05-08 01:33:58,132 - root - INFO - Using alternate response format: data as list
2026-05-08 01:33:58,132 - root - INFO - Received 155 data points from API
2026-05-08 01:33:58,132 - root - INFO - Sample data point structure: ['devDn', 'collectTime', 'dataItems']
2026-05-08 01:33:58,198 - root - INFO - Successfully upserted 155 data points.
2026-05-08 01:34:01,555 - root - INFO - Using single devDn for device/history (API: one device per query)
2026-05-08 01:34:01,556 - root - INFO - Fetching historical data for 1 devices of type inverter
2026-05-08 01:34:01,556 - root - INFO - Making API request to: https://sg5.fusionsolar.huawei.com/rest/openapi/pvms/nbi/v1/device/history
2026-05-08 01:34:01,557 - root - INFO - Request payload: {'devDn': 'NE=50488265', 'devTypeId': 1, 'startTime': 1778086800000, 'endTime': 1778173199000}
2026-05-08 01:34:03,115 - root - INFO - Response status code: 200
2026-05-08 01:34:03,129 - root - INFO - API response from https://sg5.fusionsolar.huawei.com/rest/openapi/pvms/nbi/v1/device/history (truncated): {'failCode': 0, 'success': True, 'message': 'historical data information query successful.', 'data': [{'devDn': 'NE=50488265', 'collectTime': 1778105400000, 'dataItems': {'pv28_i': None, 'pv4_u': 0.0, 'pv24_i': 0.0, 'mppt_total_cap': 915405.04, 'pv8_u': 0.0, 'a_i': 0.0, 'pv24_u': 0.0, 'mppt_9_cap': 0.0, 'pv20_u': 0.0, 'a_u': 0.0, 'pv17_u': 0.0, 'pv20_i': 0.0, 'efficiency': 0.0, 'pv17_i': 0.0, 'pv13_i': 0.0, 'pv36_i': None, 'mppt_power': 0.0, 'pv13_u': 0.0, 'pv36_u': None, 'mppt_7_cap': 0.0, 'pv3...
2026-05-08 01:34:03,131 - root - INFO - API Response type: <class 'dict'>
2026-05-08 01:34:03,131 - root - INFO - API Response keys: ['failCode', 'success', 'message', 'data']
2026-05-08 01:34:03,131 - root - INFO - API Response data is a list with 155 items
2026-05-08 01:34:03,131 - root - INFO - API Response has failCode: 0, message: historical data information query successful.
2026-05-08 01:34:03,132 - root - INFO - Using alternate response format: data as list
2026-05-08 01:34:03,132 - root - INFO - Received 155 data points from API
2026-05-08 01:34:03,132 - root - INFO - Sample data point structure: ['devDn', 'collectTime', 'dataItems']
2026-05-08 01:34:03,196 - root - INFO - Successfully upserted 155 data points.
2026-05-08 01:34:06,492 - root - INFO - Using single devDn for device/history (API: one device per query)
2026-05-08 01:34:06,493 - root - INFO - Fetching historical data for 1 devices of type inverter
2026-05-08 01:34:06,493 - root - INFO - Making API request to: https://sg5.fusionsolar.huawei.com/rest/openapi/pvms/nbi/v1/device/history
2026-05-08 01:34:06,494 - root - INFO - Request payload: {'devDn': 'NE=53140445', 'devTypeId': 1, 'startTime': 1778086800000, 'endTime': 1778173199000}
2026-05-08 01:34:07,939 - root - INFO - Response status code: 200
2026-05-08 01:34:07,953 - root - INFO - API response from https://sg5.fusionsolar.huawei.com/rest/openapi/pvms/nbi/v1/device/history (truncated): {'failCode': 0, 'success': True, 'message': 'historical data information query successful.', 'data': [{'devDn': 'NE=53140445', 'collectTime': 1778105400000, 'dataItems': {'pv28_i': None, 'pv4_u': 0.0, 'pv24_i': 0.0, 'mppt_total_cap': 441072.71, 'pv8_u': 0.0, 'a_i': 0.0, 'pv24_u': 0.0, 'mppt_9_cap': 0.0, 'pv20_u': 0.0, 'a_u': 0.0, 'pv17_u': 0.0, 'pv20_i': 0.0, 'efficiency': 0.0, 'pv17_i': 0.0, 'pv13_i': 0.0, 'pv36_i': None, 'mppt_power': 0.0, 'pv13_u': 0.0, 'pv36_u': None, 'mppt_7_cap': 0.0, 'pv3...
2026-05-08 01:34:07,955 - root - INFO - API Response type: <class 'dict'>
2026-05-08 01:34:07,955 - root - INFO - API Response keys: ['failCode', 'success', 'message', 'data']
2026-05-08 01:34:07,955 - root - INFO - API Response data is a list with 155 items
2026-05-08 01:34:07,955 - root - INFO - API Response has failCode: 0, message: historical data information query successful.
2026-05-08 01:34:07,956 - root - INFO - Using alternate response format: data as list
2026-05-08 01:34:07,956 - root - INFO - Received 155 data points from API
2026-05-08 01:34:07,956 - root - INFO - Sample data point structure: ['devDn', 'collectTime', 'dataItems']
2026-05-08 01:34:08,021 - root - INFO - Successfully upserted 155 data points.
2026-05-08 01:34:11,505 - root - INFO - Using single devDn for device/history (API: one device per query)
2026-05-08 01:34:11,507 - root - INFO - Fetching historical data for 1 devices of type inverter
2026-05-08 01:34:11,507 - root - INFO - Making API request to: https://sg5.fusionsolar.huawei.com/rest/openapi/pvms/nbi/v1/device/history
2026-05-08 01:34:11,507 - root - INFO - Request payload: {'devDn': 'NE=54479672', 'devTypeId': 1, 'startTime': 1778086800000, 'endTime': 1778173199000}
2026-05-08 01:34:13,242 - root - INFO - Response status code: 200
2026-05-08 01:34:13,257 - root - INFO - API response from https://sg5.fusionsolar.huawei.com/rest/openapi/pvms/nbi/v1/device/history (truncated): {'failCode': 0, 'success': True, 'message': 'historical data information query successful.', 'data': [{'devDn': 'NE=54479672', 'collectTime': 1778105400000, 'dataItems': {'pv28_i': None, 'pv4_u': 0.0, 'pv24_i': 0.0, 'mppt_total_cap': 392630.19, 'pv8_u': 0.0, 'a_i': 0.0, 'pv24_u': 0.0, 'mppt_9_cap': 0.0, 'pv20_u': 0.0, 'a_u': 0.0, 'pv17_u': 0.0, 'pv20_i': 0.0, 'efficiency': 0.0, 'pv17_i': 0.0, 'pv13_i': 0.0, 'pv36_i': None, 'mppt_power': 0.0, 'pv13_u': 0.0, 'pv36_u': None, 'mppt_7_cap': 0.0, 'pv3...
2026-05-08 01:34:13,259 - root - INFO - API Response type: <class 'dict'>
2026-05-08 01:34:13,259 - root - INFO - API Response keys: ['failCode', 'success', 'message', 'data']
2026-05-08 01:34:13,259 - root - INFO - API Response data is a list with 155 items
2026-05-08 01:34:13,259 - root - INFO - API Response has failCode: 0, message: historical data information query successful.
2026-05-08 01:34:13,260 - root - INFO - Using alternate response format: data as list
2026-05-08 01:34:13,260 - root - INFO - Received 155 data points from API
2026-05-08 01:34:13,260 - root - INFO - Sample data point structure: ['devDn', 'collectTime', 'dataItems']
2026-05-08 01:34:13,328 - root - INFO - Successfully upserted 155 data points.
2026-05-08 01:34:16,583 - root - INFO - Using single devDn for device/history (API: one device per query)
2026-05-08 01:34:16,584 - root - INFO - Fetching historical data for 1 devices of type inverter
2026-05-08 01:34:16,585 - root - INFO - Making API request to: https://sg5.fusionsolar.huawei.com/rest/openapi/pvms/nbi/v1/device/history
2026-05-08 01:34:16,585 - root - INFO - Request payload: {'devDn': 'NE=50488269', 'devTypeId': 1, 'startTime': 1778086800000, 'endTime': 1778173199000}
2026-05-08 01:34:18,140 - root - INFO - Response status code: 200
2026-05-08 01:34:18,154 - root - INFO - API response from https://sg5.fusionsolar.huawei.com/rest/openapi/pvms/nbi/v1/device/history (truncated): {'failCode': 0, 'success': True, 'message': 'historical data information query successful.', 'data': [{'devDn': 'NE=50488269', 'collectTime': 1778105400000, 'dataItems': {'pv28_i': None, 'pv4_u': 0.0, 'pv24_i': -0.01, 'mppt_total_cap': 884351.74, 'pv8_u': 0.0, 'a_i': 0.0, 'pv24_u': -0.1, 'mppt_9_cap': 0.0, 'pv20_u': -0.1, 'a_u': None, 'pv17_u': 0.0, 'pv20_i': -0.01, 'efficiency': 0.0, 'pv17_i': 0.0, 'pv13_i': 0.0, 'pv36_i': None, 'mppt_power': 0.0, 'pv13_u': 0.0, 'pv36_u': None, 'mppt_7_cap': 0....
2026-05-08 01:34:18,156 - root - INFO - API Response type: <class 'dict'>
2026-05-08 01:34:18,156 - root - INFO - API Response keys: ['failCode', 'success', 'message', 'data']
2026-05-08 01:34:18,156 - root - INFO - API Response data is a list with 155 items
2026-05-08 01:34:18,157 - root - INFO - API Response has failCode: 0, message: historical data information query successful.
2026-05-08 01:34:18,157 - root - INFO - Using alternate response format: data as list
2026-05-08 01:34:18,157 - root - INFO - Received 155 data points from API
2026-05-08 01:34:18,157 - root - INFO - Sample data point structure: ['devDn', 'collectTime', 'dataItems']
2026-05-08 01:34:18,222 - root - INFO - Successfully upserted 155 data points.
2026-05-08 01:34:21,548 - root - INFO - Using single devDn for device/history (API: one device per query)
2026-05-08 01:34:21,550 - root - INFO - Fetching historical data for 1 devices of type inverter
2026-05-08 01:34:21,550 - root - INFO - Making API request to: https://sg5.fusionsolar.huawei.com/rest/openapi/pvms/nbi/v1/device/history
2026-05-08 01:34:21,550 - root - INFO - Request payload: {'devDn': 'NE=50488267', 'devTypeId': 1, 'startTime': 1778086800000, 'endTime': 1778173199000}
2026-05-08 01:34:23,305 - root - INFO - Response status code: 200
2026-05-08 01:34:23,319 - root - INFO - API response from https://sg5.fusionsolar.huawei.com/rest/openapi/pvms/nbi/v1/device/history (truncated): {'failCode': 0, 'success': True, 'message': 'historical data information query successful.', 'data': [{'devDn': 'NE=50488267', 'collectTime': 1778105400000, 'dataItems': {'pv28_i': None, 'pv4_u': 0.0, 'pv24_i': -0.01, 'mppt_total_cap': 908987.16, 'pv8_u': 0.0, 'a_i': 0.0, 'pv24_u': -0.1, 'mppt_9_cap': 0.0, 'pv20_u': -0.1, 'a_u': None, 'pv17_u': 0.0, 'pv20_i': -0.01, 'efficiency': 0.0, 'pv17_i': 0.0, 'pv13_i': 0.0, 'pv36_i': None, 'mppt_power': 0.0, 'pv13_u': 0.0, 'pv36_u': None, 'mppt_7_cap': 0....
2026-05-08 01:34:23,321 - root - INFO - API Response type: <class 'dict'>
2026-05-08 01:34:23,321 - root - INFO - API Response keys: ['failCode', 'success', 'message', 'data']
2026-05-08 01:34:23,321 - root - INFO - API Response data is a list with 155 items
2026-05-08 01:34:23,321 - root - INFO - API Response has failCode: 0, message: historical data information query successful.
2026-05-08 01:34:23,321 - root - INFO - Using alternate response format: data as list
2026-05-08 01:34:23,321 - root - INFO - Received 155 data points from API
2026-05-08 01:34:23,321 - root - INFO - Sample data point structure: ['devDn', 'collectTime', 'dataItems']
2026-05-08 01:34:23,388 - root - INFO - Successfully upserted 155 data points.
2026-05-08 01:34:26,633 - root - INFO - Using single devDn for device/history (API: one device per query)
2026-05-08 01:34:26,634 - root - INFO - Fetching historical data for 1 devices of type inverter
2026-05-08 01:34:26,634 - root - INFO - Making API request to: https://sg5.fusionsolar.huawei.com/rest/openapi/pvms/nbi/v1/device/history
2026-05-08 01:34:26,634 - root - INFO - Request payload: {'devDn': 'NE=50488266', 'devTypeId': 1, 'startTime': 1778086800000, 'endTime': 1778173199000}
2026-05-08 01:34:28,216 - root - INFO - Response status code: 200
2026-05-08 01:34:28,230 - root - INFO - API response from https://sg5.fusionsolar.huawei.com/rest/openapi/pvms/nbi/v1/device/history (truncated): {'failCode': 0, 'success': True, 'message': 'historical data information query successful.', 'data': [{'devDn': 'NE=50488266', 'collectTime': 1778105400000, 'dataItems': {'pv28_i': None, 'pv4_u': 0.0, 'pv24_i': 0.0, 'mppt_total_cap': 834222.89, 'pv8_u': 0.0, 'a_i': 0.0, 'pv24_u': 0.0, 'mppt_9_cap': 0.0, 'pv20_u': 0.0, 'a_u': 0.0, 'pv17_u': 0.0, 'pv20_i': 0.0, 'efficiency': 0.0, 'pv17_i': 0.0, 'pv13_i': 0.0, 'pv36_i': None, 'mppt_power': 0.0, 'pv13_u': 0.0, 'pv36_u': None, 'mppt_7_cap': 0.0, 'pv3...
2026-05-08 01:34:28,232 - root - INFO - API Response type: <class 'dict'>
2026-05-08 01:34:28,232 - root - INFO - API Response keys: ['failCode', 'success', 'message', 'data']
2026-05-08 01:34:28,232 - root - INFO - API Response data is a list with 155 items
2026-05-08 01:34:28,232 - root - INFO - API Response has failCode: 0, message: historical data information query successful.
2026-05-08 01:34:28,233 - root - INFO - Using alternate response format: data as list
2026-05-08 01:34:28,233 - root - INFO - Received 155 data points from API
2026-05-08 01:34:28,233 - root - INFO - Sample data point structure: ['devDn', 'collectTime', 'dataItems']
2026-05-08 01:34:28,297 - root - INFO - Successfully upserted 155 data points.
2026-05-08 01:34:31,530 - root - INFO - Using single devDn for device/history (API: one device per query)
2026-05-08 01:34:31,531 - root - INFO - Fetching historical data for 1 devices of type inverter
2026-05-08 01:34:31,532 - root - INFO - Making API request to: https://sg5.fusionsolar.huawei.com/rest/openapi/pvms/nbi/v1/device/history
2026-05-08 01:34:31,532 - root - INFO - Request payload: {'devDn': 'NE=62806382', 'devTypeId': 1, 'startTime': 1778086800000, 'endTime': 1778173199000}
2026-05-08 01:34:33,264 - root - INFO - Response status code: 200
2026-05-08 01:34:33,278 - root - INFO - API response from https://sg5.fusionsolar.huawei.com/rest/openapi/pvms/nbi/v1/device/history (truncated): {'failCode': 0, 'success': True, 'message': 'historical data information query successful.', 'data': [{'devDn': 'NE=62806382', 'collectTime': 1778086800000, 'dataItems': {'pv28_i': None, 'pv4_u': 0.0, 'pv24_i': None, 'mppt_total_cap': 167462.21, 'pv8_u': 0.0, 'a_i': 0.0, 'pv24_u': None, 'mppt_9_cap': None, 'pv20_u': 0.0, 'a_u': 0.0, 'pv17_u': 0.0, 'pv20_i': 0.0, 'efficiency': 0.0, 'pv17_i': 0.0, 'pv13_i': 0.0, 'pv36_i': None, 'mppt_power': 0.0, 'pv13_u': 0.0, 'pv36_u': None, 'mppt_7_cap': 22690....
2026-05-08 01:34:33,280 - root - INFO - API Response type: <class 'dict'>
2026-05-08 01:34:33,280 - root - INFO - API Response keys: ['failCode', 'success', 'message', 'data']
2026-05-08 01:34:33,280 - root - INFO - API Response data is a list with 151 items
2026-05-08 01:34:33,280 - root - INFO - API Response has failCode: 0, message: historical data information query successful.
2026-05-08 01:34:33,281 - root - INFO - Using alternate response format: data as list
2026-05-08 01:34:33,281 - root - INFO - Received 151 data points from API
2026-05-08 01:34:33,281 - root - INFO - Sample data point structure: ['devDn', 'collectTime', 'dataItems']
2026-05-08 01:34:33,344 - root - INFO - Successfully upserted 151 data points.
2026-05-08 01:34:37,014 - root - INFO - Using single devDn for device/history (API: one device per query)
2026-05-08 01:34:37,016 - root - INFO - Fetching historical data for 1 devices of type inverter
2026-05-08 01:34:37,016 - root - INFO - Making API request to: https://sg5.fusionsolar.huawei.com/rest/openapi/pvms/nbi/v1/device/history
2026-05-08 01:34:37,016 - root - INFO - Request payload: {'devDn': 'NE=62806380', 'devTypeId': 1, 'startTime': 1778086800000, 'endTime': 1778173199000}
2026-05-08 01:34:38,642 - root - INFO - Response status code: 200
2026-05-08 01:34:38,655 - root - INFO - API response from https://sg5.fusionsolar.huawei.com/rest/openapi/pvms/nbi/v1/device/history (truncated): {'failCode': 0, 'success': True, 'message': 'historical data information query successful.', 'data': [{'devDn': 'NE=62806380', 'collectTime': 1778086800000, 'dataItems': {'pv28_i': None, 'pv4_u': 0.0, 'pv24_i': None, 'mppt_total_cap': 173649.05, 'pv8_u': 0.0, 'a_i': 0.0, 'pv24_u': None, 'mppt_9_cap': None, 'pv20_u': 0.0, 'a_u': 0.0, 'pv17_u': 0.0, 'pv20_i': 0.0, 'efficiency': 0.0, 'pv17_i': 0.0, 'pv13_i': 0.0, 'pv36_i': None, 'mppt_power': 0.0, 'pv13_u': 0.0, 'pv36_u': None, 'mppt_7_cap': 32224....
2026-05-08 01:34:38,657 - root - INFO - API Response type: <class 'dict'>
2026-05-08 01:34:38,657 - root - INFO - API Response keys: ['failCode', 'success', 'message', 'data']
2026-05-08 01:34:38,657 - root - INFO - API Response data is a list with 151 items
2026-05-08 01:34:38,657 - root - INFO - API Response has failCode: 0, message: historical data information query successful.
2026-05-08 01:34:38,658 - root - INFO - Using alternate response format: data as list
2026-05-08 01:34:38,658 - root - INFO - Received 151 data points from API
2026-05-08 01:34:38,658 - root - INFO - Sample data point structure: ['devDn', 'collectTime', 'dataItems']
2026-05-08 01:34:38,724 - root - INFO - Successfully upserted 151 data points.
2026-05-08 01:34:42,101 - root - INFO - Using single devDn for device/history (API: one device per query)
2026-05-08 01:34:42,103 - root - INFO - Fetching historical data for 1 devices of type inverter
2026-05-08 01:34:42,103 - root - INFO - Making API request to: https://sg5.fusionsolar.huawei.com/rest/openapi/pvms/nbi/v1/device/history
2026-05-08 01:34:42,103 - root - INFO - Request payload: {'devDn': 'NE=62806373', 'devTypeId': 1, 'startTime': 1778086800000, 'endTime': 1778173199000}
2026-05-08 01:34:43,785 - root - INFO - Response status code: 200
2026-05-08 01:34:43,798 - root - INFO - API response from https://sg5.fusionsolar.huawei.com/rest/openapi/pvms/nbi/v1/device/history (truncated): {'failCode': 0, 'success': True, 'message': 'historical data information query successful.', 'data': [{'devDn': 'NE=62806373', 'collectTime': 1778086800000, 'dataItems': {'pv28_i': None, 'pv4_u': 0.0, 'pv24_i': None, 'mppt_total_cap': 164912.75, 'pv8_u': 0.0, 'a_i': 0.0, 'pv24_u': None, 'mppt_9_cap': None, 'pv20_u': 0.0, 'a_u': 0.0, 'pv17_u': 0.0, 'pv20_i': 0.0, 'efficiency': 0.0, 'pv17_i': 0.0, 'pv13_i': 0.0, 'pv36_i': None, 'mppt_power': 0.0, 'pv13_u': 0.0, 'pv36_u': None, 'mppt_7_cap': 21620....
2026-05-08 01:34:43,800 - root - INFO - API Response type: <class 'dict'>
2026-05-08 01:34:43,800 - root - INFO - API Response keys: ['failCode', 'success', 'message', 'data']
2026-05-08 01:34:43,800 - root - INFO - API Response data is a list with 151 items
2026-05-08 01:34:43,800 - root - INFO - API Response has failCode: 0, message: historical data information query successful.
2026-05-08 01:34:43,801 - root - INFO - Using alternate response format: data as list
2026-05-08 01:34:43,801 - root - INFO - Received 151 data points from API
2026-05-08 01:34:43,801 - root - INFO - Sample data point structure: ['devDn', 'collectTime', 'dataItems']
2026-05-08 01:34:43,862 - root - INFO - Successfully upserted 151 data points.
2026-05-08 01:34:47,047 - root - INFO - Using single devDn for device/history (API: one device per query)
2026-05-08 01:34:47,049 - root - INFO - Fetching historical data for 1 devices of type inverter
2026-05-08 01:34:47,049 - root - INFO - Making API request to: https://sg5.fusionsolar.huawei.com/rest/openapi/pvms/nbi/v1/device/history
2026-05-08 01:34:47,049 - root - INFO - Request payload: {'devDn': 'NE=62806371', 'devTypeId': 1, 'startTime': 1778086800000, 'endTime': 1778173199000}
2026-05-08 01:34:51,340 - root - INFO - Response status code: 200
2026-05-08 01:34:51,354 - root - INFO - API response from https://sg5.fusionsolar.huawei.com/rest/openapi/pvms/nbi/v1/device/history (truncated): {'failCode': 0, 'success': True, 'message': 'historical data information query successful.', 'data': [{'devDn': 'NE=62806371', 'collectTime': 1778086800000, 'dataItems': {'pv28_i': None, 'pv4_u': 0.0, 'pv24_i': None, 'mppt_total_cap': 182337.39, 'pv8_u': 0.0, 'a_i': 0.0, 'pv24_u': None, 'mppt_9_cap': None, 'pv20_u': 0.0, 'a_u': 0.0, 'pv17_u': 0.0, 'pv20_i': 0.0, 'efficiency': 0.0, 'pv17_i': 0.0, 'pv13_i': 0.0, 'pv36_i': None, 'mppt_power': 0.0, 'pv13_u': 0.0, 'pv36_u': None, 'mppt_7_cap': 34220....
2026-05-08 01:34:51,356 - root - INFO - API Response type: <class 'dict'>
2026-05-08 01:34:51,356 - root - INFO - API Response keys: ['failCode', 'success', 'message', 'data']
2026-05-08 01:34:51,356 - root - INFO - API Response data is a list with 151 items
2026-05-08 01:34:51,356 - root - INFO - API Response has failCode: 0, message: historical data information query successful.
2026-05-08 01:34:51,356 - root - INFO - Using alternate response format: data as list
2026-05-08 01:34:51,356 - root - INFO - Received 151 data points from API
2026-05-08 01:34:51,356 - root - INFO - Sample data point structure: ['devDn', 'collectTime', 'dataItems']
2026-05-08 01:34:51,431 - root - INFO - Successfully upserted 151 data points.
2026-05-08 01:34:54,973 - root - INFO - Using single devDn for device/history (API: one device per query)
2026-05-08 01:34:54,975 - root - INFO - Fetching historical data for 1 devices of type inverter
2026-05-08 01:34:54,975 - root - INFO - Making API request to: https://sg5.fusionsolar.huawei.com/rest/openapi/pvms/nbi/v1/device/history
2026-05-08 01:34:54,975 - root - INFO - Request payload: {'devDn': 'NE=62806381', 'devTypeId': 1, 'startTime': 1778086800000, 'endTime': 1778173199000}
2026-05-08 01:34:56,574 - root - INFO - Response status code: 200
2026-05-08 01:34:56,587 - root - INFO - API response from https://sg5.fusionsolar.huawei.com/rest/openapi/pvms/nbi/v1/device/history (truncated): {'failCode': 0, 'success': True, 'message': 'historical data information query successful.', 'data': [{'devDn': 'NE=62806381', 'collectTime': 1778086800000, 'dataItems': {'pv28_i': None, 'pv4_u': 0.0, 'pv24_i': None, 'mppt_total_cap': 185060.7, 'pv8_u': 0.0, 'a_i': 0.0, 'pv24_u': None, 'mppt_9_cap': None, 'pv20_u': 0.0, 'a_u': 0.0, 'pv17_u': 0.0, 'pv20_i': 0.0, 'efficiency': 0.0, 'pv17_i': 0.0, 'pv13_i': 0.0, 'pv36_i': None, 'mppt_power': 0.0, 'pv13_u': 0.0, 'pv36_u': None, 'mppt_7_cap': 35344.4...
2026-05-08 01:34:56,589 - root - INFO - API Response type: <class 'dict'>
2026-05-08 01:34:56,589 - root - INFO - API Response keys: ['failCode', 'success', 'message', 'data']
2026-05-08 01:34:56,590 - root - INFO - API Response data is a list with 151 items
2026-05-08 01:34:56,590 - root - INFO - API Response has failCode: 0, message: historical data information query successful.
2026-05-08 01:34:56,590 - root - INFO - Using alternate response format: data as list
2026-05-08 01:34:56,590 - root - INFO - Received 151 data points from API
2026-05-08 01:34:56,590 - root - INFO - Sample data point structure: ['devDn', 'collectTime', 'dataItems']
2026-05-08 01:34:56,651 - root - INFO - Successfully upserted 151 data points.
2026-05-08 01:35:00,126 - root - INFO - Using single devDn for device/history (API: one device per query)
2026-05-08 01:35:00,127 - root - INFO - Fetching historical data for 1 devices of type inverter
2026-05-08 01:35:00,128 - root - INFO - Making API request to: https://sg5.fusionsolar.huawei.com/rest/openapi/pvms/nbi/v1/device/history
2026-05-08 01:35:00,128 - root - INFO - Request payload: {'devDn': 'NE=62806383', 'devTypeId': 1, 'startTime': 1778086800000, 'endTime': 1778173199000}
2026-05-08 01:35:01,720 - root - INFO - Response status code: 200
2026-05-08 01:35:01,733 - root - INFO - API response from https://sg5.fusionsolar.huawei.com/rest/openapi/pvms/nbi/v1/device/history (truncated): {'failCode': 0, 'success': True, 'message': 'historical data information query successful.', 'data': [{'devDn': 'NE=62806383', 'collectTime': 1778086800000, 'dataItems': {'pv28_i': None, 'pv4_u': 0.0, 'pv24_i': None, 'mppt_total_cap': 157908.84, 'pv8_u': 0.0, 'a_i': 0.0, 'pv24_u': None, 'mppt_9_cap': None, 'pv20_u': 0.0, 'a_u': 0.0, 'pv17_u': 0.0, 'pv20_i': 0.0, 'efficiency': 0.0, 'pv17_i': 0.0, 'pv13_i': 0.0, 'pv36_i': None, 'mppt_power': 0.0, 'pv13_u': 0.0, 'pv36_u': None, 'mppt_7_cap': 26534....
2026-05-08 01:35:01,735 - root - INFO - API Response type: <class 'dict'>
2026-05-08 01:35:01,735 - root - INFO - API Response keys: ['failCode', 'success', 'message', 'data']
2026-05-08 01:35:01,735 - root - INFO - API Response data is a list with 151 items
2026-05-08 01:35:01,735 - root - INFO - API Response has failCode: 0, message: historical data information query successful.
2026-05-08 01:35:01,736 - root - INFO - Using alternate response format: data as list
2026-05-08 01:35:01,736 - root - INFO - Received 151 data points from API
2026-05-08 01:35:01,736 - root - INFO - Sample data point structure: ['devDn', 'collectTime', 'dataItems']
2026-05-08 01:35:01,799 - root - INFO - Successfully upserted 151 data points.
2026-05-08 01:35:04,946 - root - INFO - Using single devDn for device/history (API: one device per query)
2026-05-08 01:35:04,948 - root - INFO - Fetching historical data for 1 devices of type inverter
2026-05-08 01:35:04,948 - root - INFO - Making API request to: https://sg5.fusionsolar.huawei.com/rest/openapi/pvms/nbi/v1/device/history
2026-05-08 01:35:04,948 - root - INFO - Request payload: {'devDn': 'NE=62806377', 'devTypeId': 1, 'startTime': 1778086800000, 'endTime': 1778173199000}
2026-05-08 01:35:06,526 - root - INFO - Response status code: 200
2026-05-08 01:35:06,540 - root - INFO - API response from https://sg5.fusionsolar.huawei.com/rest/openapi/pvms/nbi/v1/device/history (truncated): {'failCode': 0, 'success': True, 'message': 'historical data information query successful.', 'data': [{'devDn': 'NE=62806377', 'collectTime': 1778086800000, 'dataItems': {'pv28_i': None, 'pv4_u': 0.0, 'pv24_i': None, 'mppt_total_cap': 171998.04, 'pv8_u': 0.0, 'a_i': 0.0, 'pv24_u': None, 'mppt_9_cap': None, 'pv20_u': 0.0, 'a_u': 0.0, 'pv17_u': 0.0, 'pv20_i': 0.0, 'efficiency': 0.0, 'pv17_i': 0.0, 'pv13_i': 0.0, 'pv36_i': None, 'mppt_power': 0.0, 'pv13_u': 0.0, 'pv36_u': None, 'mppt_7_cap': 22519....
2026-05-08 01:35:06,542 - root - INFO - API Response type: <class 'dict'>
2026-05-08 01:35:06,542 - root - INFO - API Response keys: ['failCode', 'success', 'message', 'data']
2026-05-08 01:35:06,542 - root - INFO - API Response data is a list with 152 items
2026-05-08 01:35:06,542 - root - INFO - API Response has failCode: 0, message: historical data information query successful.
2026-05-08 01:35:06,542 - root - INFO - Using alternate response format: data as list
2026-05-08 01:35:06,543 - root - INFO - Received 152 data points from API
2026-05-08 01:35:06,543 - root - INFO - Sample data point structure: ['devDn', 'collectTime', 'dataItems']
2026-05-08 01:35:06,604 - root - INFO - Successfully upserted 152 data points.
2026-05-08 01:35:09,742 - root - INFO - Using single devDn for device/history (API: one device per query)
2026-05-08 01:35:09,744 - root - INFO - Fetching historical data for 1 devices of type inverter
2026-05-08 01:35:09,744 - root - INFO - Making API request to: https://sg5.fusionsolar.huawei.com/rest/openapi/pvms/nbi/v1/device/history
2026-05-08 01:35:09,744 - root - INFO - Request payload: {'devDn': 'NE=62806374', 'devTypeId': 1, 'startTime': 1778086800000, 'endTime': 1778173199000}
2026-05-08 01:35:11,376 - root - INFO - Response status code: 200
2026-05-08 01:35:11,390 - root - INFO - API response from https://sg5.fusionsolar.huawei.com/rest/openapi/pvms/nbi/v1/device/history (truncated): {'failCode': 0, 'success': True, 'message': 'historical data information query successful.', 'data': [{'devDn': 'NE=62806374', 'collectTime': 1778086800000, 'dataItems': {'pv28_i': None, 'pv4_u': 0.0, 'pv24_i': None, 'mppt_total_cap': 170383.36, 'pv8_u': 0.0, 'a_i': 0.0, 'pv24_u': None, 'mppt_9_cap': None, 'pv20_u': 0.0, 'a_u': 0.0, 'pv17_u': 0.0, 'pv20_i': 0.0, 'efficiency': 0.0, 'pv17_i': 0.0, 'pv13_i': 0.0, 'pv36_i': None, 'mppt_power': 0.0, 'pv13_u': 0.0, 'pv36_u': None, 'mppt_7_cap': 34538....
2026-05-08 01:35:11,392 - root - INFO - API Response type: <class 'dict'>
2026-05-08 01:35:11,392 - root - INFO - API Response keys: ['failCode', 'success', 'message', 'data']
2026-05-08 01:35:11,392 - root - INFO - API Response data is a list with 151 items
2026-05-08 01:35:11,392 - root - INFO - API Response has failCode: 0, message: historical data information query successful.
2026-05-08 01:35:11,393 - root - INFO - Using alternate response format: data as list
2026-05-08 01:35:11,393 - root - INFO - Received 151 data points from API
2026-05-08 01:35:11,393 - root - INFO - Sample data point structure: ['devDn', 'collectTime', 'dataItems']
2026-05-08 01:35:11,456 - root - INFO - Successfully upserted 151 data points.
2026-05-08 01:35:14,831 - root - INFO - Using single devDn for device/history (API: one device per query)
2026-05-08 01:35:14,832 - root - INFO - Fetching historical data for 1 devices of type inverter
2026-05-08 01:35:14,832 - root - INFO - Making API request to: https://sg5.fusionsolar.huawei.com/rest/openapi/pvms/nbi/v1/device/history
2026-05-08 01:35:14,832 - root - INFO - Request payload: {'devDn': 'NE=62806375', 'devTypeId': 1, 'startTime': 1778086800000, 'endTime': 1778173199000}
2026-05-08 01:35:16,468 - root - INFO - Response status code: 200
2026-05-08 01:35:16,482 - root - INFO - API response from https://sg5.fusionsolar.huawei.com/rest/openapi/pvms/nbi/v1/device/history (truncated): {'failCode': 0, 'success': True, 'message': 'historical data information query successful.', 'data': [{'devDn': 'NE=62806375', 'collectTime': 1778086800000, 'dataItems': {'pv28_i': None, 'pv4_u': 0.0, 'pv24_i': None, 'mppt_total_cap': 162219.53, 'pv8_u': 0.0, 'a_i': 0.0, 'pv24_u': None, 'mppt_9_cap': None, 'pv20_u': 0.0, 'a_u': 0.0, 'pv17_u': 0.0, 'pv20_i': 0.0, 'efficiency': 0.0, 'pv17_i': 0.0, 'pv13_i': 0.0, 'pv36_i': None, 'mppt_power': 0.0, 'pv13_u': 0.0, 'pv36_u': None, 'mppt_7_cap': 29057....
2026-05-08 01:35:16,484 - root - INFO - API Response type: <class 'dict'>
2026-05-08 01:35:16,484 - root - INFO - API Response keys: ['failCode', 'success', 'message', 'data']
2026-05-08 01:35:16,484 - root - INFO - API Response data is a list with 152 items
2026-05-08 01:35:16,484 - root - INFO - API Response has failCode: 0, message: historical data information query successful.
2026-05-08 01:35:16,484 - root - INFO - Using alternate response format: data as list
2026-05-08 01:35:16,484 - root - INFO - Received 152 data points from API
2026-05-08 01:35:16,485 - root - INFO - Sample data point structure: ['devDn', 'collectTime', 'dataItems']
2026-05-08 01:35:16,546 - root - INFO - Successfully upserted 152 data points.
2026-05-08 01:35:19,665 - root - INFO - Using single devDn for device/history (API: one device per query)
2026-05-08 01:35:19,667 - root - INFO - Fetching historical data for 1 devices of type inverter
2026-05-08 01:35:19,667 - root - INFO - Making API request to: https://sg5.fusionsolar.huawei.com/rest/openapi/pvms/nbi/v1/device/history
2026-05-08 01:35:19,667 - root - INFO - Request payload: {'devDn': 'NE=62806369', 'devTypeId': 1, 'startTime': 1778086800000, 'endTime': 1778173199000}
2026-05-08 01:35:21,709 - root - INFO - Response status code: 200
2026-05-08 01:35:21,723 - root - INFO - API response from https://sg5.fusionsolar.huawei.com/rest/openapi/pvms/nbi/v1/device/history (truncated): {'failCode': 0, 'success': True, 'message': 'historical data information query successful.', 'data': [{'devDn': 'NE=62806369', 'collectTime': 1778086800000, 'dataItems': {'pv28_i': None, 'pv4_u': 0.0, 'pv24_i': None, 'mppt_total_cap': 142448.36, 'pv8_u': 0.0, 'a_i': 0.0, 'pv24_u': None, 'mppt_9_cap': None, 'pv20_u': 0.0, 'a_u': 0.0, 'pv17_u': 0.0, 'pv20_i': 0.0, 'efficiency': 0.0, 'pv17_i': 0.0, 'pv13_i': 0.0, 'pv36_i': None, 'mppt_power': 0.0, 'pv13_u': 0.0, 'pv36_u': None, 'mppt_7_cap': 17860....
2026-05-08 01:35:21,724 - root - INFO - API Response type: <class 'dict'>
2026-05-08 01:35:21,725 - root - INFO - API Response keys: ['failCode', 'success', 'message', 'data']
2026-05-08 01:35:21,725 - root - INFO - API Response data is a list with 151 items
2026-05-08 01:35:21,725 - root - INFO - API Response has failCode: 0, message: historical data information query successful.
2026-05-08 01:35:21,725 - root - INFO - Using alternate response format: data as list
2026-05-08 01:35:21,725 - root - INFO - Received 151 data points from API
2026-05-08 01:35:21,725 - root - INFO - Sample data point structure: ['devDn', 'collectTime', 'dataItems']
2026-05-08 01:35:21,788 - root - INFO - Successfully upserted 151 data points.
2026-05-08 01:35:24,897 - root - INFO - Using single devDn for device/history (API: one device per query)
2026-05-08 01:35:24,899 - root - INFO - Fetching historical data for 1 devices of type inverter
2026-05-08 01:35:24,899 - root - INFO - Making API request to: https://sg5.fusionsolar.huawei.com/rest/openapi/pvms/nbi/v1/device/history
2026-05-08 01:35:24,899 - root - INFO - Request payload: {'devDn': 'NE=62806370', 'devTypeId': 1, 'startTime': 1778086800000, 'endTime': 1778173199000}
2026-05-08 01:35:26,454 - root - INFO - Response status code: 200
2026-05-08 01:35:26,468 - root - INFO - API response from https://sg5.fusionsolar.huawei.com/rest/openapi/pvms/nbi/v1/device/history (truncated): {'failCode': 0, 'success': True, 'message': 'historical data information query successful.', 'data': [{'devDn': 'NE=62806370', 'collectTime': 1778086800000, 'dataItems': {'pv28_i': None, 'pv4_u': 0.0, 'pv24_i': None, 'mppt_total_cap': 168085.61, 'pv8_u': 0.0, 'a_i': 0.0, 'pv24_u': None, 'mppt_9_cap': None, 'pv20_u': 0.0, 'a_u': 0.0, 'pv17_u': 0.0, 'pv20_i': 0.0, 'efficiency': 0.0, 'pv17_i': 0.0, 'pv13_i': 0.0, 'pv36_i': None, 'mppt_power': 0.0, 'pv13_u': 0.0, 'pv36_u': None, 'mppt_7_cap': 31055....
2026-05-08 01:35:26,470 - root - INFO - API Response type: <class 'dict'>
2026-05-08 01:35:26,470 - root - INFO - API Response keys: ['failCode', 'success', 'message', 'data']
2026-05-08 01:35:26,470 - root - INFO - API Response data is a list with 151 items
2026-05-08 01:35:26,470 - root - INFO - API Response has failCode: 0, message: historical data information query successful.
2026-05-08 01:35:26,470 - root - INFO - Using alternate response format: data as list
2026-05-08 01:35:26,471 - root - INFO - Received 151 data points from API
2026-05-08 01:35:26,471 - root - INFO - Sample data point structure: ['devDn', 'collectTime', 'dataItems']
2026-05-08 01:35:26,534 - root - INFO - Successfully upserted 151 data points.
2026-05-08 01:35:29,797 - root - INFO - Using single devDn for device/history (API: one device per query)
2026-05-08 01:35:29,798 - root - INFO - Fetching historical data for 1 devices of type inverter
2026-05-08 01:35:29,799 - root - INFO - Making API request to: https://sg5.fusionsolar.huawei.com/rest/openapi/pvms/nbi/v1/device/history
2026-05-08 01:35:29,799 - root - INFO - Request payload: {'devDn': 'NE=62806372', 'devTypeId': 1, 'startTime': 1778086800000, 'endTime': 1778173199000}
2026-05-08 01:35:31,435 - root - INFO - Response status code: 200
2026-05-08 01:35:31,448 - root - INFO - API response from https://sg5.fusionsolar.huawei.com/rest/openapi/pvms/nbi/v1/device/history (truncated): {'failCode': 0, 'success': True, 'message': 'historical data information query successful.', 'data': [{'devDn': 'NE=62806372', 'collectTime': 1778086800000, 'dataItems': {'pv28_i': None, 'pv4_u': 0.0, 'pv24_i': None, 'mppt_total_cap': 162517.49, 'pv8_u': 0.0, 'a_i': 0.0, 'pv24_u': None, 'mppt_9_cap': None, 'pv20_u': 0.0, 'a_u': 0.0, 'pv17_u': 0.0, 'pv20_i': 0.0, 'efficiency': 0.0, 'pv17_i': 0.0, 'pv13_i': 0.0, 'pv36_i': None, 'mppt_power': 0.0, 'pv13_u': 0.0, 'pv36_u': None, 'mppt_7_cap': 31023....
2026-05-08 01:35:31,451 - root - INFO - API Response type: <class 'dict'>
2026-05-08 01:35:31,451 - root - INFO - API Response keys: ['failCode', 'success', 'message', 'data']
2026-05-08 01:35:31,451 - root - INFO - API Response data is a list with 151 items
2026-05-08 01:35:31,451 - root - INFO - API Response has failCode: 0, message: historical data information query successful.
2026-05-08 01:35:31,451 - root - INFO - Using alternate response format: data as list
2026-05-08 01:35:31,452 - root - INFO - Received 151 data points from API
2026-05-08 01:35:31,452 - root - INFO - Sample data point structure: ['devDn', 'collectTime', 'dataItems']
2026-05-08 01:35:31,515 - root - INFO - Successfully upserted 151 data points.
2026-05-08 01:35:34,678 - root - INFO - Using single devDn for device/history (API: one device per query)
2026-05-08 01:35:34,679 - root - INFO - Fetching historical data for 1 devices of type inverter
2026-05-08 01:35:34,679 - root - INFO - Making API request to: https://sg5.fusionsolar.huawei.com/rest/openapi/pvms/nbi/v1/device/history
2026-05-08 01:35:34,680 - root - INFO - Request payload: {'devDn': 'NE=62806368', 'devTypeId': 1, 'startTime': 1778086800000, 'endTime': 1778173199000}
2026-05-08 01:35:36,271 - root - INFO - Response status code: 200
2026-05-08 01:35:36,285 - root - INFO - API response from https://sg5.fusionsolar.huawei.com/rest/openapi/pvms/nbi/v1/device/history (truncated): {'failCode': 0, 'success': True, 'message': 'historical data information query successful.', 'data': [{'devDn': 'NE=62806368', 'collectTime': 1778086800000, 'dataItems': {'pv28_i': None, 'pv4_u': 0.0, 'pv24_i': None, 'mppt_total_cap': 161994.42, 'pv8_u': 0.0, 'a_i': 0.0, 'pv24_u': None, 'mppt_9_cap': None, 'pv20_u': 0.0, 'a_u': 0.0, 'pv17_u': 0.0, 'pv20_i': 0.0, 'efficiency': 0.0, 'pv17_i': 0.0, 'pv13_i': 0.0, 'pv36_i': None, 'mppt_power': 0.0, 'pv13_u': 0.0, 'pv36_u': None, 'mppt_7_cap': 30507....
2026-05-08 01:35:36,287 - root - INFO - API Response type: <class 'dict'>
2026-05-08 01:35:36,287 - root - INFO - API Response keys: ['failCode', 'success', 'message', 'data']
2026-05-08 01:35:36,287 - root - INFO - API Response data is a list with 151 items
2026-05-08 01:35:36,287 - root - INFO - API Response has failCode: 0, message: historical data information query successful.
2026-05-08 01:35:36,287 - root - INFO - Using alternate response format: data as list
2026-05-08 01:35:36,288 - root - INFO - Received 151 data points from API
2026-05-08 01:35:36,288 - root - INFO - Sample data point structure: ['devDn', 'collectTime', 'dataItems']
2026-05-08 01:35:36,354 - root - INFO - Successfully upserted 151 data points.
2026-05-08 01:35:39,475 - root - INFO - Using single devDn for device/history (API: one device per query)
2026-05-08 01:35:39,477 - root - INFO - Fetching historical data for 1 devices of type inverter
2026-05-08 01:35:39,477 - root - INFO - Making API request to: https://sg5.fusionsolar.huawei.com/rest/openapi/pvms/nbi/v1/device/history
2026-05-08 01:35:39,477 - root - INFO - Request payload: {'devDn': 'NE=54844504', 'devTypeId': 1, 'startTime': 1778086800000, 'endTime': 1778173199000}
2026-05-08 01:35:41,075 - root - INFO - Response status code: 200
2026-05-08 01:35:41,090 - root - INFO - API response from https://sg5.fusionsolar.huawei.com/rest/openapi/pvms/nbi/v1/device/history (truncated): {'failCode': 0, 'success': True, 'message': 'historical data information query successful.', 'data': [{'devDn': 'NE=54844504', 'collectTime': 1778086800000, 'dataItems': {'pv28_i': None, 'pv4_u': 0.0, 'pv24_i': None, 'mppt_total_cap': 250095.82, 'pv8_u': 0.0, 'a_i': 0.0, 'pv24_u': None, 'mppt_9_cap': 18893.08, 'pv20_u': 0.0, 'a_u': 0.0, 'pv17_u': 0.0, 'pv20_i': 0.0, 'efficiency': 0.0, 'pv17_i': 0.0, 'pv13_i': 0.0, 'pv36_i': None, 'mppt_power': 0.0, 'pv13_u': 0.0, 'pv36_u': None, 'mppt_7_cap': 18...
2026-05-08 01:35:41,092 - root - INFO - API Response type: <class 'dict'>
2026-05-08 01:35:41,092 - root - INFO - API Response keys: ['failCode', 'success', 'message', 'data']
2026-05-08 01:35:41,093 - root - INFO - API Response data is a list with 151 items
2026-05-08 01:35:41,093 - root - INFO - API Response has failCode: 0, message: historical data information query successful.
2026-05-08 01:35:41,093 - root - INFO - Using alternate response format: data as list
2026-05-08 01:35:41,093 - root - INFO - Received 151 data points from API
2026-05-08 01:35:41,093 - root - INFO - Sample data point structure: ['devDn', 'collectTime', 'dataItems']
2026-05-08 01:35:41,155 - root - INFO - Successfully upserted 151 data points.
2026-05-08 01:35:44,687 - root - INFO - Using single devDn for device/history (API: one device per query)
2026-05-08 01:35:44,689 - root - INFO - Fetching historical data for 1 devices of type inverter
2026-05-08 01:35:44,689 - root - INFO - Making API request to: https://sg5.fusionsolar.huawei.com/rest/openapi/pvms/nbi/v1/device/history
2026-05-08 01:35:44,689 - root - INFO - Request payload: {'devDn': 'NE=54435803', 'devTypeId': 1, 'startTime': 1778086800000, 'endTime': 1778173199000}
2026-05-08 01:35:46,118 - root - INFO - Response status code: 200
2026-05-08 01:35:46,132 - root - INFO - API response from https://sg5.fusionsolar.huawei.com/rest/openapi/pvms/nbi/v1/device/history (truncated): {'failCode': 0, 'success': True, 'message': 'historical data information query successful.', 'data': [{'devDn': 'NE=54435803', 'collectTime': 1778086800000, 'dataItems': {'pv28_i': None, 'pv4_u': 0.0, 'pv24_i': None, 'mppt_total_cap': 252030.39, 'pv8_u': 0.0, 'a_i': 0.0, 'pv24_u': None, 'mppt_9_cap': 20006.0, 'pv20_u': 0.0, 'a_u': 0.0, 'pv17_u': 0.0, 'pv20_i': 0.0, 'efficiency': 0.0, 'pv17_i': 0.0, 'pv13_i': 0.0, 'pv36_i': None, 'mppt_power': 0.0, 'pv13_u': 0.0, 'pv36_u': None, 'mppt_7_cap': 202...
2026-05-08 01:35:46,134 - root - INFO - API Response type: <class 'dict'>
2026-05-08 01:35:46,134 - root - INFO - API Response keys: ['failCode', 'success', 'message', 'data']
2026-05-08 01:35:46,134 - root - INFO - API Response data is a list with 151 items
2026-05-08 01:35:46,135 - root - INFO - API Response has failCode: 0, message: historical data information query successful.
2026-05-08 01:35:46,135 - root - INFO - Using alternate response format: data as list
2026-05-08 01:35:46,135 - root - INFO - Received 151 data points from API
2026-05-08 01:35:46,135 - root - INFO - Sample data point structure: ['devDn', 'collectTime', 'dataItems']
2026-05-08 01:35:46,196 - root - INFO - Successfully upserted 151 data points.
2026-05-08 01:35:49,467 - root - INFO - Using single devDn for device/history (API: one device per query)
2026-05-08 01:35:49,468 - root - INFO - Fetching historical data for 1 devices of type inverter
2026-05-08 01:35:49,469 - root - INFO - Making API request to: https://sg5.fusionsolar.huawei.com/rest/openapi/pvms/nbi/v1/device/history
2026-05-08 01:35:49,469 - root - INFO - Request payload: {'devDn': 'NE=54435804', 'devTypeId': 1, 'startTime': 1778086800000, 'endTime': 1778173199000}
2026-05-08 01:35:51,096 - root - INFO - Response status code: 200
2026-05-08 01:35:51,110 - root - INFO - API response from https://sg5.fusionsolar.huawei.com/rest/openapi/pvms/nbi/v1/device/history (truncated): {'failCode': 0, 'success': True, 'message': 'historical data information query successful.', 'data': [{'devDn': 'NE=54435804', 'collectTime': 1778086800000, 'dataItems': {'pv28_i': None, 'pv4_u': 0.0, 'pv24_i': None, 'mppt_total_cap': 274971.16, 'pv8_u': 0.0, 'a_i': 0.0, 'pv24_u': None, 'mppt_9_cap': 19433.27, 'pv20_u': 0.0, 'a_u': 0.0, 'pv17_u': 0.0, 'pv20_i': 0.0, 'efficiency': 0.0, 'pv17_i': 0.0, 'pv13_i': 0.0, 'pv36_i': None, 'mppt_power': 0.0, 'pv13_u': 0.0, 'pv36_u': None, 'mppt_7_cap': 20...
2026-05-08 01:35:51,112 - root - INFO - API Response type: <class 'dict'>
2026-05-08 01:35:51,112 - root - INFO - API Response keys: ['failCode', 'success', 'message', 'data']
2026-05-08 01:35:51,112 - root - INFO - API Response data is a list with 151 items
2026-05-08 01:35:51,112 - root - INFO - API Response has failCode: 0, message: historical data information query successful.
2026-05-08 01:35:51,112 - root - INFO - Using alternate response format: data as list
2026-05-08 01:35:51,112 - root - INFO - Received 151 data points from API
2026-05-08 01:35:51,113 - root - INFO - Sample data point structure: ['devDn', 'collectTime', 'dataItems']
2026-05-08 01:35:51,175 - root - INFO - Successfully upserted 151 data points.
2026-05-08 01:35:54,885 - root - INFO - Using single devDn for device/history (API: one device per query)
2026-05-08 01:35:54,886 - root - INFO - Fetching historical data for 1 devices of type inverter
2026-05-08 01:35:54,887 - root - INFO - Making API request to: https://sg5.fusionsolar.huawei.com/rest/openapi/pvms/nbi/v1/device/history
2026-05-08 01:35:54,887 - root - INFO - Request payload: {'devDn': 'NE=54435805', 'devTypeId': 1, 'startTime': 1778086800000, 'endTime': 1778173199000}
2026-05-08 01:35:56,375 - root - INFO - Response status code: 200
2026-05-08 01:35:56,389 - root - INFO - API response from https://sg5.fusionsolar.huawei.com/rest/openapi/pvms/nbi/v1/device/history (truncated): {'failCode': 0, 'success': True, 'message': 'historical data information query successful.', 'data': [{'devDn': 'NE=54435805', 'collectTime': 1778086800000, 'dataItems': {'pv28_i': None, 'pv4_u': 0.0, 'pv24_i': None, 'mppt_total_cap': 270417.44, 'pv8_u': 0.0, 'a_i': 0.0, 'pv24_u': None, 'mppt_9_cap': 21141.2, 'pv20_u': 0.0, 'a_u': 0.0, 'pv17_u': 0.0, 'pv20_i': 0.0, 'efficiency': 0.0, 'pv17_i': 0.0, 'pv13_i': 0.0, 'pv36_i': None, 'mppt_power': 0.0, 'pv13_u': 0.0, 'pv36_u': None, 'mppt_7_cap': 193...
2026-05-08 01:35:56,391 - root - INFO - API Response type: <class 'dict'>
2026-05-08 01:35:56,391 - root - INFO - API Response keys: ['failCode', 'success', 'message', 'data']
2026-05-08 01:35:56,391 - root - INFO - API Response data is a list with 151 items
2026-05-08 01:35:56,391 - root - INFO - API Response has failCode: 0, message: historical data information query successful.
2026-05-08 01:35:56,391 - root - INFO - Using alternate response format: data as list
2026-05-08 01:35:56,392 - root - INFO - Received 151 data points from API
2026-05-08 01:35:56,392 - root - INFO - Sample data point structure: ['devDn', 'collectTime', 'dataItems']
2026-05-08 01:35:56,454 - root - INFO - Successfully upserted 151 data points.
2026-05-08 01:35:59,908 - root - INFO - Using single devDn for device/history (API: one device per query)
2026-05-08 01:35:59,909 - root - INFO - Fetching historical data for 1 devices of type inverter
2026-05-08 01:35:59,909 - root - INFO - Making API request to: https://sg5.fusionsolar.huawei.com/rest/openapi/pvms/nbi/v1/device/history
2026-05-08 01:35:59,909 - root - INFO - Request payload: {'devDn': 'NE=54435806', 'devTypeId': 1, 'startTime': 1778086800000, 'endTime': 1778173199000}
2026-05-08 01:36:01,480 - root - INFO - Response status code: 200
2026-05-08 01:36:01,494 - root - INFO - API response from https://sg5.fusionsolar.huawei.com/rest/openapi/pvms/nbi/v1/device/history (truncated): {'failCode': 0, 'success': True, 'message': 'historical data information query successful.', 'data': [{'devDn': 'NE=54435806', 'collectTime': 1778086800000, 'dataItems': {'pv28_i': None, 'pv4_u': 0.0, 'pv24_i': None, 'mppt_total_cap': 262360.04, 'pv8_u': 0.0, 'a_i': 0.0, 'pv24_u': None, 'mppt_9_cap': 19185.17, 'pv20_u': 0.0, 'a_u': 0.0, 'pv17_u': 0.0, 'pv20_i': 0.0, 'efficiency': 0.0, 'pv17_i': 0.0, 'pv13_i': 0.0, 'pv36_i': None, 'mppt_power': 0.0, 'pv13_u': 0.0, 'pv36_u': None, 'mppt_7_cap': 18...
2026-05-08 01:36:01,496 - root - INFO - API Response type: <class 'dict'>
2026-05-08 01:36:01,496 - root - INFO - API Response keys: ['failCode', 'success', 'message', 'data']
2026-05-08 01:36:01,496 - root - INFO - API Response data is a list with 151 items
2026-05-08 01:36:01,496 - root - INFO - API Response has failCode: 0, message: historical data information query successful.
2026-05-08 01:36:01,497 - root - INFO - Using alternate response format: data as list
2026-05-08 01:36:01,498 - root - INFO - Received 151 data points from API
2026-05-08 01:36:01,498 - root - INFO - Sample data point structure: ['devDn', 'collectTime', 'dataItems']
2026-05-08 01:36:01,566 - root - INFO - Successfully upserted 151 data points.
2026-05-08 01:36:04,797 - root - INFO - Using single devDn for device/history (API: one device per query)
2026-05-08 01:36:04,798 - root - INFO - Fetching historical data for 1 devices of type inverter
2026-05-08 01:36:04,798 - root - INFO - Making API request to: https://sg5.fusionsolar.huawei.com/rest/openapi/pvms/nbi/v1/device/history
2026-05-08 01:36:04,798 - root - INFO - Request payload: {'devDn': 'NE=54436522', 'devTypeId': 1, 'startTime': 1778086800000, 'endTime': 1778173199000}
2026-05-08 01:36:06,348 - root - INFO - Response status code: 200
2026-05-08 01:36:06,361 - root - INFO - API response from https://sg5.fusionsolar.huawei.com/rest/openapi/pvms/nbi/v1/device/history (truncated): {'failCode': 0, 'success': True, 'message': 'historical data information query successful.', 'data': [{'devDn': 'NE=54436522', 'collectTime': 1778086800000, 'dataItems': {'pv28_i': None, 'pv4_u': 0.0, 'pv24_i': None, 'mppt_total_cap': 260816.06, 'pv8_u': 0.0, 'a_i': 0.0, 'pv24_u': None, 'mppt_9_cap': 19638.64, 'pv20_u': 0.0, 'a_u': 0.0, 'pv17_u': 0.0, 'pv20_i': 0.0, 'efficiency': 0.0, 'pv17_i': 0.0, 'pv13_i': 0.0, 'pv36_i': None, 'mppt_power': 0.0, 'pv13_u': 0.0, 'pv36_u': None, 'mppt_7_cap': 19...
2026-05-08 01:36:06,363 - root - INFO - API Response type: <class 'dict'>
2026-05-08 01:36:06,363 - root - INFO - API Response keys: ['failCode', 'success', 'message', 'data']
2026-05-08 01:36:06,363 - root - INFO - API Response data is a list with 151 items
2026-05-08 01:36:06,363 - root - INFO - API Response has failCode: 0, message: historical data information query successful.
2026-05-08 01:36:06,364 - root - INFO - Using alternate response format: data as list
2026-05-08 01:36:06,364 - root - INFO - Received 151 data points from API
2026-05-08 01:36:06,364 - root - INFO - Sample data point structure: ['devDn', 'collectTime', 'dataItems']
2026-05-08 01:36:06,426 - root - INFO - Successfully upserted 151 data points.
2026-05-08 01:36:09,651 - root - INFO - Using single devDn for device/history (API: one device per query)
2026-05-08 01:36:09,652 - root - INFO - Fetching historical data for 1 devices of type inverter
2026-05-08 01:36:09,652 - root - INFO - Making API request to: https://sg5.fusionsolar.huawei.com/rest/openapi/pvms/nbi/v1/device/history
2026-05-08 01:36:09,652 - root - INFO - Request payload: {'devDn': 'NE=54436523', 'devTypeId': 1, 'startTime': 1778086800000, 'endTime': 1778173199000}
2026-05-08 01:36:11,247 - root - INFO - Response status code: 200
2026-05-08 01:36:11,261 - root - INFO - API response from https://sg5.fusionsolar.huawei.com/rest/openapi/pvms/nbi/v1/device/history (truncated): {'failCode': 0, 'success': True, 'message': 'historical data information query successful.', 'data': [{'devDn': 'NE=54436523', 'collectTime': 1778086800000, 'dataItems': {'pv28_i': None, 'pv4_u': 0.0, 'pv24_i': None, 'mppt_total_cap': 247357.22, 'pv8_u': 0.0, 'a_i': 0.0, 'pv24_u': None, 'mppt_9_cap': 18723.81, 'pv20_u': 0.0, 'a_u': 0.0, 'pv17_u': 0.0, 'pv20_i': 0.0, 'efficiency': 0.0, 'pv17_i': 0.0, 'pv13_i': 0.0, 'pv36_i': None, 'mppt_power': 0.0, 'pv13_u': 0.0, 'pv36_u': None, 'mppt_7_cap': 18...
2026-05-08 01:36:11,263 - root - INFO - API Response type: <class 'dict'>
2026-05-08 01:36:11,263 - root - INFO - API Response keys: ['failCode', 'success', 'message', 'data']
2026-05-08 01:36:11,263 - root - INFO - API Response data is a list with 151 items
2026-05-08 01:36:11,263 - root - INFO - API Response has failCode: 0, message: historical data information query successful.
2026-05-08 01:36:11,264 - root - INFO - Using alternate response format: data as list
2026-05-08 01:36:11,264 - root - INFO - Received 151 data points from API
2026-05-08 01:36:11,264 - root - INFO - Sample data point structure: ['devDn', 'collectTime', 'dataItems']
2026-05-08 01:36:11,328 - root - INFO - Successfully upserted 151 data points.
2026-05-08 01:36:14,561 - root - INFO - Using single devDn for device/history (API: one device per query)
2026-05-08 01:36:14,562 - root - INFO - Fetching historical data for 1 devices of type inverter
2026-05-08 01:36:14,562 - root - INFO - Making API request to: https://sg5.fusionsolar.huawei.com/rest/openapi/pvms/nbi/v1/device/history
2026-05-08 01:36:14,562 - root - INFO - Request payload: {'devDn': 'NE=54436524', 'devTypeId': 1, 'startTime': 1778086800000, 'endTime': 1778173199000}
2026-05-08 01:36:16,234 - root - INFO - Response status code: 200
2026-05-08 01:36:16,247 - root - INFO - API response from https://sg5.fusionsolar.huawei.com/rest/openapi/pvms/nbi/v1/device/history (truncated): {'failCode': 0, 'success': True, 'message': 'historical data information query successful.', 'data': [{'devDn': 'NE=54436524', 'collectTime': 1778086800000, 'dataItems': {'pv28_i': None, 'pv4_u': 0.0, 'pv24_i': None, 'mppt_total_cap': 273326.19, 'pv8_u': 0.0, 'a_i': 0.0, 'pv24_u': None, 'mppt_9_cap': 19836.48, 'pv20_u': 0.0, 'a_u': 0.0, 'pv17_u': 0.0, 'pv20_i': 0.0, 'efficiency': 0.0, 'pv17_i': 0.0, 'pv13_i': 0.0, 'pv36_i': None, 'mppt_power': 0.0, 'pv13_u': 0.0, 'pv36_u': None, 'mppt_7_cap': 20...
2026-05-08 01:36:16,249 - root - INFO - API Response type: <class 'dict'>
2026-05-08 01:36:16,249 - root - INFO - API Response keys: ['failCode', 'success', 'message', 'data']
2026-05-08 01:36:16,249 - root - INFO - API Response data is a list with 151 items
2026-05-08 01:36:16,250 - root - INFO - API Response has failCode: 0, message: historical data information query successful.
2026-05-08 01:36:16,250 - root - INFO - Using alternate response format: data as list
2026-05-08 01:36:16,250 - root - INFO - Received 151 data points from API
2026-05-08 01:36:16,250 - root - INFO - Sample data point structure: ['devDn', 'collectTime', 'dataItems']
2026-05-08 01:36:16,310 - root - INFO - Successfully upserted 151 data points.
2026-05-08 01:36:19,516 - root - INFO - Using single devDn for device/history (API: one device per query)
2026-05-08 01:36:19,517 - root - INFO - Fetching historical data for 1 devices of type inverter
2026-05-08 01:36:19,518 - root - INFO - Making API request to: https://sg5.fusionsolar.huawei.com/rest/openapi/pvms/nbi/v1/device/history
2026-05-08 01:36:19,518 - root - INFO - Request payload: {'devDn': 'NE=54436525', 'devTypeId': 1, 'startTime': 1778086800000, 'endTime': 1778173199000}
2026-05-08 01:36:21,050 - root - INFO - Response status code: 200
2026-05-08 01:36:21,064 - root - INFO - API response from https://sg5.fusionsolar.huawei.com/rest/openapi/pvms/nbi/v1/device/history (truncated): {'failCode': 0, 'success': True, 'message': 'historical data information query successful.', 'data': [{'devDn': 'NE=54436525', 'collectTime': 1778086800000, 'dataItems': {'pv28_i': None, 'pv4_u': 0.0, 'pv24_i': None, 'mppt_total_cap': 249220.59, 'pv8_u': 0.0, 'a_i': 0.0, 'pv24_u': None, 'mppt_9_cap': 18286.84, 'pv20_u': 0.0, 'a_u': 0.0, 'pv17_u': 0.0, 'pv20_i': 0.0, 'efficiency': 0.0, 'pv17_i': 0.0, 'pv13_i': 0.0, 'pv36_i': None, 'mppt_power': 0.0, 'pv13_u': 0.0, 'pv36_u': None, 'mppt_7_cap': 19...
2026-05-08 01:36:21,066 - root - INFO - API Response type: <class 'dict'>
2026-05-08 01:36:21,066 - root - INFO - API Response keys: ['failCode', 'success', 'message', 'data']
2026-05-08 01:36:21,066 - root - INFO - API Response data is a list with 151 items
2026-05-08 01:36:21,066 - root - INFO - API Response has failCode: 0, message: historical data information query successful.
2026-05-08 01:36:21,067 - root - INFO - Using alternate response format: data as list
2026-05-08 01:36:21,067 - root - INFO - Received 151 data points from API
2026-05-08 01:36:21,067 - root - INFO - Sample data point structure: ['devDn', 'collectTime', 'dataItems']
2026-05-08 01:36:21,133 - root - INFO - Successfully upserted 151 data points.
2026-05-08 01:36:24,344 - root - INFO - Using single devDn for device/history (API: one device per query)
2026-05-08 01:36:24,345 - root - INFO - Fetching historical data for 1 devices of type inverter
2026-05-08 01:36:24,345 - root - INFO - Making API request to: https://sg5.fusionsolar.huawei.com/rest/openapi/pvms/nbi/v1/device/history
2026-05-08 01:36:24,345 - root - INFO - Request payload: {'devDn': 'NE=54436526', 'devTypeId': 1, 'startTime': 1778086800000, 'endTime': 1778173199000}
2026-05-08 01:36:25,850 - root - INFO - Response status code: 200
2026-05-08 01:36:25,863 - root - INFO - API response from https://sg5.fusionsolar.huawei.com/rest/openapi/pvms/nbi/v1/device/history (truncated): {'failCode': 0, 'success': True, 'message': 'historical data information query successful.', 'data': [{'devDn': 'NE=54436526', 'collectTime': 1778086800000, 'dataItems': {'pv28_i': None, 'pv4_u': 0.0, 'pv24_i': None, 'mppt_total_cap': 267721.49, 'pv8_u': 0.0, 'a_i': 0.0, 'pv24_u': None, 'mppt_9_cap': 19360.96, 'pv20_u': 0.0, 'a_u': 0.0, 'pv17_u': 0.0, 'pv20_i': 0.0, 'efficiency': 0.0, 'pv17_i': 0.0, 'pv13_i': 0.0, 'pv36_i': None, 'mppt_power': 0.0, 'pv13_u': 0.0, 'pv36_u': None, 'mppt_7_cap': 19...
2026-05-08 01:36:25,865 - root - INFO - API Response type: <class 'dict'>
2026-05-08 01:36:25,865 - root - INFO - API Response keys: ['failCode', 'success', 'message', 'data']
2026-05-08 01:36:25,866 - root - INFO - API Response data is a list with 151 items
2026-05-08 01:36:25,866 - root - INFO - API Response has failCode: 0, message: historical data information query successful.
2026-05-08 01:36:25,866 - root - INFO - Using alternate response format: data as list
2026-05-08 01:36:25,866 - root - INFO - Received 151 data points from API
2026-05-08 01:36:25,866 - root - INFO - Sample data point structure: ['devDn', 'collectTime', 'dataItems']
2026-05-08 01:36:25,929 - root - INFO - Successfully upserted 151 data points.
2026-05-08 01:36:29,102 - root - INFO - Using single devDn for device/history (API: one device per query)
2026-05-08 01:36:29,104 - root - INFO - Fetching historical data for 1 devices of type inverter
2026-05-08 01:36:29,104 - root - INFO - Making API request to: https://sg5.fusionsolar.huawei.com/rest/openapi/pvms/nbi/v1/device/history
2026-05-08 01:36:29,104 - root - INFO - Request payload: {'devDn': 'NE=54436518', 'devTypeId': 1, 'startTime': 1778086800000, 'endTime': 1778173199000}
2026-05-08 01:36:30,844 - root - INFO - Response status code: 200
2026-05-08 01:36:30,857 - root - INFO - API response from https://sg5.fusionsolar.huawei.com/rest/openapi/pvms/nbi/v1/device/history (truncated): {'failCode': 0, 'success': True, 'message': 'historical data information query successful.', 'data': [{'devDn': 'NE=54436518', 'collectTime': 1778086800000, 'dataItems': {'pv28_i': None, 'pv4_u': 0.0, 'pv24_i': None, 'mppt_total_cap': 270185.8, 'pv8_u': 0.0, 'a_i': 0.0, 'pv24_u': None, 'mppt_9_cap': 20050.2, 'pv20_u': 0.0, 'a_u': 0.0, 'pv17_u': 0.0, 'pv20_i': 0.0, 'efficiency': 0.0, 'pv17_i': 0.0, 'pv13_i': 0.0, 'pv36_i': None, 'mppt_power': 0.0, 'pv13_u': 0.0, 'pv36_u': None, 'mppt_7_cap': 1928...
2026-05-08 01:36:30,859 - root - INFO - API Response type: <class 'dict'>
2026-05-08 01:36:30,859 - root - INFO - API Response keys: ['failCode', 'success', 'message', 'data']
2026-05-08 01:36:30,860 - root - INFO - API Response data is a list with 151 items
2026-05-08 01:36:30,860 - root - INFO - API Response has failCode: 0, message: historical data information query successful.
2026-05-08 01:36:30,860 - root - INFO - Using alternate response format: data as list
2026-05-08 01:36:30,860 - root - INFO - Received 151 data points from API
2026-05-08 01:36:30,860 - root - INFO - Sample data point structure: ['devDn', 'collectTime', 'dataItems']
2026-05-08 01:36:30,922 - root - INFO - Successfully upserted 151 data points.
2026-05-08 01:36:34,126 - root - INFO - Using single devDn for device/history (API: one device per query)
2026-05-08 01:36:34,128 - root - INFO - Fetching historical data for 1 devices of type inverter
2026-05-08 01:36:34,128 - root - INFO - Making API request to: https://sg5.fusionsolar.huawei.com/rest/openapi/pvms/nbi/v1/device/history
2026-05-08 01:36:34,128 - root - INFO - Request payload: {'devDn': 'NE=54436519', 'devTypeId': 1, 'startTime': 1778086800000, 'endTime': 1778173199000}
2026-05-08 01:36:35,677 - root - INFO - Response status code: 200
2026-05-08 01:36:35,691 - root - INFO - API response from https://sg5.fusionsolar.huawei.com/rest/openapi/pvms/nbi/v1/device/history (truncated): {'failCode': 0, 'success': True, 'message': 'historical data information query successful.', 'data': [{'devDn': 'NE=54436519', 'collectTime': 1778086800000, 'dataItems': {'pv28_i': None, 'pv4_u': 0.0, 'pv24_i': None, 'mppt_total_cap': 267723.46, 'pv8_u': 0.0, 'a_i': 0.0, 'pv24_u': None, 'mppt_9_cap': 19076.23, 'pv20_u': 0.0, 'a_u': 0.0, 'pv17_u': 0.0, 'pv20_i': 0.0, 'efficiency': 0.0, 'pv17_i': 0.0, 'pv13_i': 0.0, 'pv36_i': None, 'mppt_power': 0.0, 'pv13_u': 0.0, 'pv36_u': None, 'mppt_7_cap': 19...
2026-05-08 01:36:35,692 - root - INFO - API Response type: <class 'dict'>
2026-05-08 01:36:35,693 - root - INFO - API Response keys: ['failCode', 'success', 'message', 'data']
2026-05-08 01:36:35,693 - root - INFO - API Response data is a list with 151 items
2026-05-08 01:36:35,693 - root - INFO - API Response has failCode: 0, message: historical data information query successful.
2026-05-08 01:36:35,693 - root - INFO - Using alternate response format: data as list
2026-05-08 01:36:35,693 - root - INFO - Received 151 data points from API
2026-05-08 01:36:35,693 - root - INFO - Sample data point structure: ['devDn', 'collectTime', 'dataItems']
2026-05-08 01:36:35,755 - root - INFO - Successfully upserted 151 data points.
2026-05-08 01:36:38,972 - root - INFO - Using single devDn for device/history (API: one device per query)
2026-05-08 01:36:38,974 - root - INFO - Fetching historical data for 1 devices of type inverter
2026-05-08 01:36:38,974 - root - INFO - Making API request to: https://sg5.fusionsolar.huawei.com/rest/openapi/pvms/nbi/v1/device/history
2026-05-08 01:36:38,974 - root - INFO - Request payload: {'devDn': 'NE=54436520', 'devTypeId': 1, 'startTime': 1778086800000, 'endTime': 1778173199000}
2026-05-08 01:36:40,565 - root - INFO - Response status code: 200
2026-05-08 01:36:40,579 - root - INFO - API response from https://sg5.fusionsolar.huawei.com/rest/openapi/pvms/nbi/v1/device/history (truncated): {'failCode': 0, 'success': True, 'message': 'historical data information query successful.', 'data': [{'devDn': 'NE=54436520', 'collectTime': 1778086800000, 'dataItems': {'pv28_i': None, 'pv4_u': 0.0, 'pv24_i': None, 'mppt_total_cap': 250068.72, 'pv8_u': 0.0, 'a_i': 0.0, 'pv24_u': None, 'mppt_9_cap': 18937.28, 'pv20_u': 0.0, 'a_u': 0.0, 'pv17_u': 0.0, 'pv20_i': 0.0, 'efficiency': 0.0, 'pv17_i': 0.0, 'pv13_i': 0.0, 'pv36_i': None, 'mppt_power': 0.0, 'pv13_u': 0.0, 'pv36_u': None, 'mppt_7_cap': 18...
2026-05-08 01:36:40,581 - root - INFO - API Response type: <class 'dict'>
2026-05-08 01:36:40,581 - root - INFO - API Response keys: ['failCode', 'success', 'message', 'data']
2026-05-08 01:36:40,581 - root - INFO - API Response data is a list with 151 items
2026-05-08 01:36:40,581 - root - INFO - API Response has failCode: 0, message: historical data information query successful.
2026-05-08 01:36:40,581 - root - INFO - Using alternate response format: data as list
2026-05-08 01:36:40,581 - root - INFO - Received 151 data points from API
2026-05-08 01:36:40,581 - root - INFO - Sample data point structure: ['devDn', 'collectTime', 'dataItems']
2026-05-08 01:36:40,643 - root - INFO - Successfully upserted 151 data points.
2026-05-08 01:36:43,899 - root - INFO - Using single devDn for device/history (API: one device per query)
2026-05-08 01:36:43,900 - root - INFO - Fetching historical data for 1 devices of type inverter
2026-05-08 01:36:43,901 - root - INFO - Making API request to: https://sg5.fusionsolar.huawei.com/rest/openapi/pvms/nbi/v1/device/history
2026-05-08 01:36:43,901 - root - INFO - Request payload: {'devDn': 'NE=54993788', 'devTypeId': 1, 'startTime': 1778086800000, 'endTime': 1778173199000}
2026-05-08 01:36:45,648 - root - INFO - Response status code: 200
2026-05-08 01:36:45,662 - root - INFO - API response from https://sg5.fusionsolar.huawei.com/rest/openapi/pvms/nbi/v1/device/history (truncated): {'failCode': 0, 'success': True, 'message': 'historical data information query successful.', 'data': [{'devDn': 'NE=54993788', 'collectTime': 1778086800000, 'dataItems': {'pv28_i': None, 'pv4_u': 0.0, 'pv24_i': None, 'mppt_total_cap': 248262.87, 'pv8_u': 0.0, 'a_i': 0.0, 'pv24_u': None, 'mppt_9_cap': 18113.97, 'pv20_u': 0.0, 'a_u': 0.0, 'pv17_u': 0.0, 'pv20_i': 0.0, 'efficiency': 0.0, 'pv17_i': 0.0, 'pv13_i': 0.0, 'pv36_i': None, 'mppt_power': 0.0, 'pv13_u': 0.0, 'pv36_u': None, 'mppt_7_cap': 17...
2026-05-08 01:36:45,664 - root - INFO - API Response type: <class 'dict'>
2026-05-08 01:36:45,664 - root - INFO - API Response keys: ['failCode', 'success', 'message', 'data']
2026-05-08 01:36:45,664 - root - INFO - API Response data is a list with 151 items
2026-05-08 01:36:45,664 - root - INFO - API Response has failCode: 0, message: historical data information query successful.
2026-05-08 01:36:45,665 - root - INFO - Using alternate response format: data as list
2026-05-08 01:36:45,665 - root - INFO - Received 151 data points from API
2026-05-08 01:36:45,665 - root - INFO - Sample data point structure: ['devDn', 'collectTime', 'dataItems']
2026-05-08 01:36:45,727 - root - INFO - Successfully upserted 151 data points.
2026-05-08 01:36:48,915 - root - INFO - Using single devDn for device/history (API: one device per query)
2026-05-08 01:36:48,917 - root - INFO - Fetching historical data for 1 devices of type inverter
2026-05-08 01:36:48,917 - root - INFO - Making API request to: https://sg5.fusionsolar.huawei.com/rest/openapi/pvms/nbi/v1/device/history
2026-05-08 01:36:48,917 - root - INFO - Request payload: {'devDn': 'NE=53771651', 'devTypeId': 1, 'startTime': 1778086800000, 'endTime': 1778173199000}
2026-05-08 01:36:50,513 - root - INFO - Response status code: 200
2026-05-08 01:36:50,526 - root - INFO - API response from https://sg5.fusionsolar.huawei.com/rest/openapi/pvms/nbi/v1/device/history (truncated): {'failCode': 0, 'success': True, 'message': 'historical data information query successful.', 'data': [{'devDn': 'NE=53771651', 'collectTime': 1778104200000, 'dataItems': {'pv28_i': None, 'pv4_u': 0.0, 'pv24_i': None, 'mppt_total_cap': 224730.27, 'pv8_u': 0.0, 'a_i': 0.0, 'pv24_u': None, 'mppt_9_cap': 21264.28, 'pv20_u': 0.0, 'a_u': 0.0, 'pv17_u': 0.0, 'pv20_i': 0.0, 'efficiency': 0.0, 'pv17_i': 0.0, 'pv13_i': 0.0, 'pv36_i': None, 'mppt_power': 0.0, 'pv13_u': 0.0, 'pv36_u': None, 'mppt_7_cap': 20...
2026-05-08 01:36:50,528 - root - INFO - API Response type: <class 'dict'>
2026-05-08 01:36:50,528 - root - INFO - API Response keys: ['failCode', 'success', 'message', 'data']
2026-05-08 01:36:50,529 - root - INFO - API Response data is a list with 150 items
2026-05-08 01:36:50,529 - root - INFO - API Response has failCode: 0, message: historical data information query successful.
2026-05-08 01:36:50,529 - root - INFO - Using alternate response format: data as list
2026-05-08 01:36:50,529 - root - INFO - Received 150 data points from API
2026-05-08 01:36:50,529 - root - INFO - Sample data point structure: ['devDn', 'collectTime', 'dataItems']
2026-05-08 01:36:50,591 - root - INFO - Successfully upserted 150 data points.
2026-05-08 01:36:53,982 - root - INFO - Using single devDn for device/history (API: one device per query)
2026-05-08 01:36:53,983 - root - INFO - Fetching historical data for 1 devices of type inverter
2026-05-08 01:36:53,984 - root - INFO - Making API request to: https://sg5.fusionsolar.huawei.com/rest/openapi/pvms/nbi/v1/device/history
2026-05-08 01:36:53,984 - root - INFO - Request payload: {'devDn': 'NE=53771650', 'devTypeId': 1, 'startTime': 1778086800000, 'endTime': 1778173199000}
2026-05-08 01:36:55,465 - root - INFO - Response status code: 200
2026-05-08 01:36:55,479 - root - INFO - API response from https://sg5.fusionsolar.huawei.com/rest/openapi/pvms/nbi/v1/device/history (truncated): {'failCode': 0, 'success': True, 'message': 'historical data information query successful.', 'data': [{'devDn': 'NE=53771650', 'collectTime': 1778104200000, 'dataItems': {'pv28_i': None, 'pv4_u': 0.0, 'pv24_i': None, 'mppt_total_cap': 239955.39, 'pv8_u': 0.0, 'a_i': 0.0, 'pv24_u': None, 'mppt_9_cap': 15360.59, 'pv20_u': 0.0, 'a_u': 0.0, 'pv17_u': 0.0, 'pv20_i': 0.0, 'efficiency': 0.0, 'pv17_i': 0.0, 'pv13_i': 0.0, 'pv36_i': None, 'mppt_power': 0.0, 'pv13_u': 0.0, 'pv36_u': None, 'mppt_7_cap': 18...
2026-05-08 01:36:55,481 - root - INFO - API Response type: <class 'dict'>
2026-05-08 01:36:55,481 - root - INFO - API Response keys: ['failCode', 'success', 'message', 'data']
2026-05-08 01:36:55,481 - root - INFO - API Response data is a list with 150 items
2026-05-08 01:36:55,481 - root - INFO - API Response has failCode: 0, message: historical data information query successful.
2026-05-08 01:36:55,481 - root - INFO - Using alternate response format: data as list
2026-05-08 01:36:55,481 - root - INFO - Received 150 data points from API
2026-05-08 01:36:55,482 - root - INFO - Sample data point structure: ['devDn', 'collectTime', 'dataItems']
2026-05-08 01:36:55,544 - root - INFO - Successfully upserted 150 data points.
2026-05-08 01:36:58,857 - root - INFO - Using single devDn for device/history (API: one device per query)
2026-05-08 01:36:58,859 - root - INFO - Fetching historical data for 1 devices of type inverter
2026-05-08 01:36:58,859 - root - INFO - Making API request to: https://sg5.fusionsolar.huawei.com/rest/openapi/pvms/nbi/v1/device/history
2026-05-08 01:36:58,859 - root - INFO - Request payload: {'devDn': 'NE=53771649', 'devTypeId': 1, 'startTime': 1778086800000, 'endTime': 1778173199000}
2026-05-08 01:37:00,480 - root - INFO - Response status code: 200
2026-05-08 01:37:00,493 - root - INFO - API response from https://sg5.fusionsolar.huawei.com/rest/openapi/pvms/nbi/v1/device/history (truncated): {'failCode': 0, 'success': True, 'message': 'historical data information query successful.', 'data': [{'devDn': 'NE=53771649', 'collectTime': 1778104200000, 'dataItems': {'pv28_i': None, 'pv4_u': 0.0, 'pv24_i': None, 'mppt_total_cap': 233475.49, 'pv8_u': 0.0, 'a_i': 0.0, 'pv24_u': None, 'mppt_9_cap': 21928.32, 'pv20_u': 0.0, 'a_u': 0.0, 'pv17_u': 0.0, 'pv20_i': 0.0, 'efficiency': 0.0, 'pv17_i': 0.0, 'pv13_i': 0.0, 'pv36_i': None, 'mppt_power': 0.0, 'pv13_u': 0.0, 'pv36_u': None, 'mppt_7_cap': 22...
2026-05-08 01:37:00,494 - root - INFO - API Response type: <class 'dict'>
2026-05-08 01:37:00,495 - root - INFO - API Response keys: ['failCode', 'success', 'message', 'data']
2026-05-08 01:37:00,495 - root - INFO - API Response data is a list with 150 items
2026-05-08 01:37:00,495 - root - INFO - API Response has failCode: 0, message: historical data information query successful.
2026-05-08 01:37:00,495 - root - INFO - Using alternate response format: data as list
2026-05-08 01:37:00,495 - root - INFO - Received 150 data points from API
2026-05-08 01:37:00,495 - root - INFO - Sample data point structure: ['devDn', 'collectTime', 'dataItems']
2026-05-08 01:37:00,566 - root - INFO - Successfully upserted 150 data points.
2026-05-08 01:37:03,748 - root - INFO - Using single devDn for device/history (API: one device per query)
2026-05-08 01:37:03,749 - root - INFO - Fetching historical data for 1 devices of type inverter
2026-05-08 01:37:03,749 - root - INFO - Making API request to: https://sg5.fusionsolar.huawei.com/rest/openapi/pvms/nbi/v1/device/history
2026-05-08 01:37:03,750 - root - INFO - Request payload: {'devDn': 'NE=53771644', 'devTypeId': 1, 'startTime': 1778086800000, 'endTime': 1778173199000}
2026-05-08 01:37:05,262 - root - INFO - Response status code: 200
2026-05-08 01:37:05,279 - root - INFO - API response from https://sg5.fusionsolar.huawei.com/rest/openapi/pvms/nbi/v1/device/history (truncated): {'failCode': 0, 'success': True, 'message': 'historical data information query successful.', 'data': [{'devDn': 'NE=53771644', 'collectTime': 1778104200000, 'dataItems': {'pv28_i': None, 'pv4_u': 0.0, 'pv24_i': None, 'mppt_total_cap': 230958.01, 'pv8_u': 0.0, 'a_i': 0.0, 'pv24_u': None, 'mppt_9_cap': 19684.83, 'pv20_u': 0.0, 'a_u': 0.0, 'pv17_u': 0.0, 'pv20_i': 0.0, 'efficiency': 0.0, 'pv17_i': 0.0, 'pv13_i': 0.0, 'pv36_i': None, 'mppt_power': 0.0, 'pv13_u': 0.0, 'pv36_u': None, 'mppt_7_cap': 20...
2026-05-08 01:37:05,281 - root - INFO - API Response type: <class 'dict'>
2026-05-08 01:37:05,281 - root - INFO - API Response keys: ['failCode', 'success', 'message', 'data']
2026-05-08 01:37:05,282 - root - INFO - API Response data is a list with 150 items
2026-05-08 01:37:05,282 - root - INFO - API Response has failCode: 0, message: historical data information query successful.
2026-05-08 01:37:05,283 - root - INFO - Using alternate response format: data as list
2026-05-08 01:37:05,283 - root - INFO - Received 150 data points from API
2026-05-08 01:37:05,283 - root - INFO - Sample data point structure: ['devDn', 'collectTime', 'dataItems']
2026-05-08 01:37:05,353 - root - INFO - Successfully upserted 150 data points.
2026-05-08 01:37:08,652 - root - INFO - Using single devDn for device/history (API: one device per query)
2026-05-08 01:37:08,653 - root - INFO - Fetching historical data for 1 devices of type inverter
2026-05-08 01:37:08,653 - root - INFO - Making API request to: https://sg5.fusionsolar.huawei.com/rest/openapi/pvms/nbi/v1/device/history
2026-05-08 01:37:08,653 - root - INFO - Request payload: {'devDn': 'NE=53771643', 'devTypeId': 1, 'startTime': 1778086800000, 'endTime': 1778173199000}
2026-05-08 01:37:10,168 - root - INFO - Response status code: 200
2026-05-08 01:37:10,182 - root - INFO - API response from https://sg5.fusionsolar.huawei.com/rest/openapi/pvms/nbi/v1/device/history (truncated): {'failCode': 0, 'success': True, 'message': 'historical data information query successful.', 'data': [{'devDn': 'NE=53771643', 'collectTime': 1778104200000, 'dataItems': {'pv28_i': None, 'pv4_u': 0.0, 'pv24_i': None, 'mppt_total_cap': 244086.77, 'pv8_u': 0.0, 'a_i': 0.0, 'pv24_u': None, 'mppt_9_cap': 18705.1, 'pv20_u': 0.0, 'a_u': 0.0, 'pv17_u': 0.0, 'pv20_i': 0.0, 'efficiency': 0.0, 'pv17_i': 0.0, 'pv13_i': 0.0, 'pv36_i': None, 'mppt_power': 0.0, 'pv13_u': 0.0, 'pv36_u': None, 'mppt_7_cap': 187...
2026-05-08 01:37:10,184 - root - INFO - API Response type: <class 'dict'>
2026-05-08 01:37:10,184 - root - INFO - API Response keys: ['failCode', 'success', 'message', 'data']
2026-05-08 01:37:10,185 - root - INFO - API Response data is a list with 150 items
2026-05-08 01:37:10,185 - root - INFO - API Response has failCode: 0, message: historical data information query successful.
2026-05-08 01:37:10,185 - root - INFO - Using alternate response format: data as list
2026-05-08 01:37:10,185 - root - INFO - Received 150 data points from API
2026-05-08 01:37:10,185 - root - INFO - Sample data point structure: ['devDn', 'collectTime', 'dataItems']
2026-05-08 01:37:10,247 - root - INFO - Successfully upserted 150 data points.
2026-05-08 01:37:13,514 - root - INFO - Using single devDn for device/history (API: one device per query)
2026-05-08 01:37:13,515 - root - INFO - Fetching historical data for 1 devices of type inverter
2026-05-08 01:37:13,515 - root - INFO - Making API request to: https://sg5.fusionsolar.huawei.com/rest/openapi/pvms/nbi/v1/device/history
2026-05-08 01:37:13,515 - root - INFO - Request payload: {'devDn': 'NE=53771642', 'devTypeId': 1, 'startTime': 1778086800000, 'endTime': 1778173199000}
2026-05-08 01:37:15,165 - root - INFO - Response status code: 200
2026-05-08 01:37:15,178 - root - INFO - API response from https://sg5.fusionsolar.huawei.com/rest/openapi/pvms/nbi/v1/device/history (truncated): {'failCode': 0, 'success': True, 'message': 'historical data information query successful.', 'data': [{'devDn': 'NE=53771642', 'collectTime': 1778104200000, 'dataItems': {'pv28_i': None, 'pv4_u': 0.0, 'pv24_i': None, 'mppt_total_cap': 245403.91, 'pv8_u': 0.0, 'a_i': 0.0, 'pv24_u': None, 'mppt_9_cap': 22450.51, 'pv20_u': 0.0, 'a_u': 0.0, 'pv17_u': 0.0, 'pv20_i': 0.0, 'efficiency': 0.0, 'pv17_i': 0.0, 'pv13_i': 0.0, 'pv36_i': None, 'mppt_power': 0.0, 'pv13_u': 0.0, 'pv36_u': None, 'mppt_7_cap': 22...
2026-05-08 01:37:15,180 - root - INFO - API Response type: <class 'dict'>
2026-05-08 01:37:15,180 - root - INFO - API Response keys: ['failCode', 'success', 'message', 'data']
2026-05-08 01:37:15,180 - root - INFO - API Response data is a list with 150 items
2026-05-08 01:37:15,180 - root - INFO - API Response has failCode: 0, message: historical data information query successful.
2026-05-08 01:37:15,181 - root - INFO - Using alternate response format: data as list
2026-05-08 01:37:15,181 - root - INFO - Received 150 data points from API
2026-05-08 01:37:15,181 - root - INFO - Sample data point structure: ['devDn', 'collectTime', 'dataItems']
2026-05-08 01:37:15,243 - root - INFO - Successfully upserted 150 data points.
2026-05-08 01:37:18,429 - root - INFO - Using single devDn for device/history (API: one device per query)
2026-05-08 01:37:18,431 - root - INFO - Fetching historical data for 1 devices of type inverter
2026-05-08 01:37:18,431 - root - INFO - Making API request to: https://sg5.fusionsolar.huawei.com/rest/openapi/pvms/nbi/v1/device/history
2026-05-08 01:37:18,431 - root - INFO - Request payload: {'devDn': 'NE=53771648', 'devTypeId': 1, 'startTime': 1778086800000, 'endTime': 1778173199000}
2026-05-08 01:37:19,947 - root - INFO - Response status code: 200
2026-05-08 01:37:19,960 - root - INFO - API response from https://sg5.fusionsolar.huawei.com/rest/openapi/pvms/nbi/v1/device/history (truncated): {'failCode': 0, 'success': True, 'message': 'historical data information query successful.', 'data': [{'devDn': 'NE=53771648', 'collectTime': 1778104200000, 'dataItems': {'pv28_i': None, 'pv4_u': 0.0, 'pv24_i': None, 'mppt_total_cap': 245299.8, 'pv8_u': 0.0, 'a_i': 0.0, 'pv24_u': None, 'mppt_9_cap': 20867.95, 'pv20_u': 0.0, 'a_u': 0.0, 'pv17_u': 0.0, 'pv20_i': 0.0, 'efficiency': 0.0, 'pv17_i': 0.0, 'pv13_i': 0.0, 'pv36_i': None, 'mppt_power': 0.0, 'pv13_u': 0.0, 'pv36_u': None, 'mppt_7_cap': 208...
2026-05-08 01:37:19,962 - root - INFO - API Response type: <class 'dict'>
2026-05-08 01:37:19,962 - root - INFO - API Response keys: ['failCode', 'success', 'message', 'data']
2026-05-08 01:37:19,963 - root - INFO - API Response data is a list with 150 items
2026-05-08 01:37:19,963 - root - INFO - API Response has failCode: 0, message: historical data information query successful.
2026-05-08 01:37:19,963 - root - INFO - Using alternate response format: data as list
2026-05-08 01:37:19,963 - root - INFO - Received 150 data points from API
2026-05-08 01:37:19,963 - root - INFO - Sample data point structure: ['devDn', 'collectTime', 'dataItems']
2026-05-08 01:37:20,025 - root - INFO - Successfully upserted 150 data points.
2026-05-08 01:37:23,193 - root - INFO - Using single devDn for device/history (API: one device per query)
2026-05-08 01:37:23,194 - root - INFO - Fetching historical data for 1 devices of type inverter
2026-05-08 01:37:23,194 - root - INFO - Making API request to: https://sg5.fusionsolar.huawei.com/rest/openapi/pvms/nbi/v1/device/history
2026-05-08 01:37:23,195 - root - INFO - Request payload: {'devDn': 'NE=53771647', 'devTypeId': 1, 'startTime': 1778086800000, 'endTime': 1778173199000}
2026-05-08 01:37:24,695 - root - INFO - Response status code: 200
2026-05-08 01:37:24,708 - root - INFO - API response from https://sg5.fusionsolar.huawei.com/rest/openapi/pvms/nbi/v1/device/history (truncated): {'failCode': 0, 'success': True, 'message': 'historical data information query successful.', 'data': [{'devDn': 'NE=53771647', 'collectTime': 1778104200000, 'dataItems': {'pv28_i': None, 'pv4_u': 0.0, 'pv24_i': None, 'mppt_total_cap': 254055.12, 'pv8_u': 0.0, 'a_i': 0.0, 'pv24_u': None, 'mppt_9_cap': 22893.43, 'pv20_u': 0.0, 'a_u': 0.0, 'pv17_u': 0.0, 'pv20_i': 0.0, 'efficiency': 0.0, 'pv17_i': 0.0, 'pv13_i': 0.0, 'pv36_i': None, 'mppt_power': 0.0, 'pv13_u': 0.0, 'pv36_u': None, 'mppt_7_cap': 22...
2026-05-08 01:37:24,710 - root - INFO - API Response type: <class 'dict'>
2026-05-08 01:37:24,710 - root - INFO - API Response keys: ['failCode', 'success', 'message', 'data']
2026-05-08 01:37:24,710 - root - INFO - API Response data is a list with 150 items
2026-05-08 01:37:24,710 - root - INFO - API Response has failCode: 0, message: historical data information query successful.
2026-05-08 01:37:24,710 - root - INFO - Using alternate response format: data as list
2026-05-08 01:37:24,711 - root - INFO - Received 150 data points from API
2026-05-08 01:37:24,711 - root - INFO - Sample data point structure: ['devDn', 'collectTime', 'dataItems']
2026-05-08 01:37:24,772 - root - INFO - Successfully upserted 150 data points.
2026-05-08 01:37:27,933 - root - INFO - Using single devDn for device/history (API: one device per query)
2026-05-08 01:37:27,934 - root - INFO - Fetching historical data for 1 devices of type inverter
2026-05-08 01:37:27,934 - root - INFO - Making API request to: https://sg5.fusionsolar.huawei.com/rest/openapi/pvms/nbi/v1/device/history
2026-05-08 01:37:27,934 - root - INFO - Request payload: {'devDn': 'NE=53771646', 'devTypeId': 1, 'startTime': 1778086800000, 'endTime': 1778173199000}
2026-05-08 01:37:29,465 - root - INFO - Response status code: 200
2026-05-08 01:37:29,479 - root - INFO - API response from https://sg5.fusionsolar.huawei.com/rest/openapi/pvms/nbi/v1/device/history (truncated): {'failCode': 0, 'success': True, 'message': 'historical data information query successful.', 'data': [{'devDn': 'NE=53771646', 'collectTime': 1778104200000, 'dataItems': {'pv28_i': None, 'pv4_u': 0.0, 'pv24_i': None, 'mppt_total_cap': 227743.43, 'pv8_u': 0.0, 'a_i': 0.0, 'pv24_u': None, 'mppt_9_cap': 19394.61, 'pv20_u': 0.0, 'a_u': 0.0, 'pv17_u': 0.0, 'pv20_i': 0.0, 'efficiency': 0.0, 'pv17_i': 0.0, 'pv13_i': 0.0, 'pv36_i': None, 'mppt_power': 0.0, 'pv13_u': 0.0, 'pv36_u': None, 'mppt_7_cap': 20...
2026-05-08 01:37:29,481 - root - INFO - API Response type: <class 'dict'>
2026-05-08 01:37:29,481 - root - INFO - API Response keys: ['failCode', 'success', 'message', 'data']
2026-05-08 01:37:29,481 - root - INFO - API Response data is a list with 150 items
2026-05-08 01:37:29,481 - root - INFO - API Response has failCode: 0, message: historical data information query successful.
2026-05-08 01:37:29,481 - root - INFO - Using alternate response format: data as list
2026-05-08 01:37:29,481 - root - INFO - Received 150 data points from API
2026-05-08 01:37:29,481 - root - INFO - Sample data point structure: ['devDn', 'collectTime', 'dataItems']
2026-05-08 01:37:29,544 - root - INFO - Successfully upserted 150 data points.
2026-05-08 01:37:32,701 - root - INFO - Using single devDn for device/history (API: one device per query)
2026-05-08 01:37:32,703 - root - INFO - Fetching historical data for 1 devices of type inverter
2026-05-08 01:37:32,703 - root - INFO - Making API request to: https://sg5.fusionsolar.huawei.com/rest/openapi/pvms/nbi/v1/device/history
2026-05-08 01:37:32,703 - root - INFO - Request payload: {'devDn': 'NE=53771645', 'devTypeId': 1, 'startTime': 1778086800000, 'endTime': 1778173199000}
2026-05-08 01:37:34,176 - root - INFO - Response status code: 200
2026-05-08 01:37:34,190 - root - INFO - API response from https://sg5.fusionsolar.huawei.com/rest/openapi/pvms/nbi/v1/device/history (truncated): {'failCode': 0, 'success': True, 'message': 'historical data information query successful.', 'data': [{'devDn': 'NE=53771645', 'collectTime': 1778104200000, 'dataItems': {'pv28_i': None, 'pv4_u': 0.0, 'pv24_i': None, 'mppt_total_cap': 234861.24, 'pv8_u': 0.0, 'a_i': 0.0, 'pv24_u': None, 'mppt_9_cap': 17531.07, 'pv20_u': 0.0, 'a_u': 0.0, 'pv17_u': 0.0, 'pv20_i': 0.0, 'efficiency': 0.0, 'pv17_i': 0.0, 'pv13_i': 0.0, 'pv36_i': None, 'mppt_power': 0.0, 'pv13_u': 0.0, 'pv36_u': None, 'mppt_7_cap': 17...
2026-05-08 01:37:34,192 - root - INFO - API Response type: <class 'dict'>
2026-05-08 01:37:34,192 - root - INFO - API Response keys: ['failCode', 'success', 'message', 'data']
2026-05-08 01:37:34,192 - root - INFO - API Response data is a list with 150 items
2026-05-08 01:37:34,192 - root - INFO - API Response has failCode: 0, message: historical data information query successful.
2026-05-08 01:37:34,192 - root - INFO - Using alternate response format: data as list
2026-05-08 01:37:34,192 - root - INFO - Received 150 data points from API
2026-05-08 01:37:34,192 - root - INFO - Sample data point structure: ['devDn', 'collectTime', 'dataItems']
2026-05-08 01:37:34,252 - root - INFO - Successfully upserted 150 data points.
2026-05-08 01:37:37,375 - root - INFO - Using single devDn for device/history (API: one device per query)
2026-05-08 01:37:37,377 - root - INFO - Fetching historical data for 1 devices of type inverter
2026-05-08 01:37:37,377 - root - INFO - Making API request to: https://sg5.fusionsolar.huawei.com/rest/openapi/pvms/nbi/v1/device/history
2026-05-08 01:37:37,377 - root - INFO - Request payload: {'devDn': 'NE=62806378', 'devTypeId': 1, 'startTime': 1778086800000, 'endTime': 1778173199000}
2026-05-08 01:37:39,050 - root - INFO - Response status code: 200
2026-05-08 01:37:39,063 - root - INFO - API response from https://sg5.fusionsolar.huawei.com/rest/openapi/pvms/nbi/v1/device/history (truncated): {'failCode': 0, 'success': True, 'message': 'historical data information query successful.', 'data': [{'devDn': 'NE=62806378', 'collectTime': 1778086800000, 'dataItems': {'pv28_i': None, 'pv4_u': 0.0, 'pv24_i': None, 'mppt_total_cap': 181183.66, 'pv8_u': 0.0, 'a_i': 0.0, 'pv24_u': None, 'mppt_9_cap': None, 'pv20_u': 0.0, 'a_u': 0.0, 'pv17_u': 0.0, 'pv20_i': 0.0, 'efficiency': 0.0, 'pv17_i': 0.0, 'pv13_i': 0.0, 'pv36_i': None, 'mppt_power': 0.0, 'pv13_u': 0.0, 'pv36_u': None, 'mppt_7_cap': 32011....
2026-05-08 01:37:39,065 - root - INFO - API Response type: <class 'dict'>
2026-05-08 01:37:39,065 - root - INFO - API Response keys: ['failCode', 'success', 'message', 'data']
2026-05-08 01:37:39,065 - root - INFO - API Response data is a list with 152 items
2026-05-08 01:37:39,065 - root - INFO - API Response has failCode: 0, message: historical data information query successful.
2026-05-08 01:37:39,066 - root - INFO - Using alternate response format: data as list
2026-05-08 01:37:39,066 - root - INFO - Received 152 data points from API
2026-05-08 01:37:39,066 - root - INFO - Sample data point structure: ['devDn', 'collectTime', 'dataItems']
2026-05-08 01:37:39,129 - root - INFO - Successfully upserted 152 data points.
2026-05-08 01:37:42,294 - root - INFO - Using single devDn for device/history (API: one device per query)
2026-05-08 01:37:42,295 - root - INFO - Fetching historical data for 1 devices of type inverter
2026-05-08 01:37:42,295 - root - INFO - Making API request to: https://sg5.fusionsolar.huawei.com/rest/openapi/pvms/nbi/v1/device/history
2026-05-08 01:37:42,295 - root - INFO - Request payload: {'devDn': 'NE=62806376', 'devTypeId': 1, 'startTime': 1778086800000, 'endTime': 1778173199000}
2026-05-08 01:37:43,843 - root - INFO - Response status code: 200
2026-05-08 01:37:43,857 - root - INFO - API response from https://sg5.fusionsolar.huawei.com/rest/openapi/pvms/nbi/v1/device/history (truncated): {'failCode': 0, 'success': True, 'message': 'historical data information query successful.', 'data': [{'devDn': 'NE=62806376', 'collectTime': 1778086800000, 'dataItems': {'pv28_i': None, 'pv4_u': 0.0, 'pv24_i': None, 'mppt_total_cap': 168661.12, 'pv8_u': 0.0, 'a_i': 0.0, 'pv24_u': None, 'mppt_9_cap': None, 'pv20_u': 0.0, 'a_u': 0.0, 'pv17_u': 0.0, 'pv20_i': 0.0, 'efficiency': 0.0, 'pv17_i': 0.0, 'pv13_i': 0.0, 'pv36_i': None, 'mppt_power': 0.0, 'pv13_u': 0.0, 'pv36_u': None, 'mppt_7_cap': 31333....
2026-05-08 01:37:43,859 - root - INFO - API Response type: <class 'dict'>
2026-05-08 01:37:43,859 - root - INFO - API Response keys: ['failCode', 'success', 'message', 'data']
2026-05-08 01:37:43,859 - root - INFO - API Response data is a list with 151 items
2026-05-08 01:37:43,859 - root - INFO - API Response has failCode: 0, message: historical data information query successful.
2026-05-08 01:37:43,860 - root - INFO - Using alternate response format: data as list
2026-05-08 01:37:43,860 - root - INFO - Received 151 data points from API
2026-05-08 01:37:43,860 - root - INFO - Sample data point structure: ['devDn', 'collectTime', 'dataItems']
2026-05-08 01:37:43,922 - root - INFO - Successfully upserted 151 data points.
2026-05-08 01:37:47,022 - root - INFO - Using single devDn for device/history (API: one device per query)
2026-05-08 01:37:47,024 - root - INFO - Fetching historical data for 1 devices of type inverter
2026-05-08 01:37:47,024 - root - INFO - Making API request to: https://sg5.fusionsolar.huawei.com/rest/openapi/pvms/nbi/v1/device/history
2026-05-08 01:37:47,024 - root - INFO - Request payload: {'devDn': 'NE=62806367', 'devTypeId': 1, 'startTime': 1778086800000, 'endTime': 1778173199000}
2026-05-08 01:37:48,651 - root - INFO - Response status code: 200
2026-05-08 01:37:48,665 - root - INFO - API response from https://sg5.fusionsolar.huawei.com/rest/openapi/pvms/nbi/v1/device/history (truncated): {'failCode': 0, 'success': True, 'message': 'historical data information query successful.', 'data': [{'devDn': 'NE=62806367', 'collectTime': 1778086800000, 'dataItems': {'pv28_i': None, 'pv4_u': 0.0, 'pv24_i': None, 'mppt_total_cap': 153309.7, 'pv8_u': 0.0, 'a_i': 0.0, 'pv24_u': None, 'mppt_9_cap': None, 'pv20_u': 0.0, 'a_u': 0.0, 'pv17_u': 0.0, 'pv20_i': 0.0, 'efficiency': 0.0, 'pv17_i': 0.0, 'pv13_i': 0.0, 'pv36_i': None, 'mppt_power': 0.0, 'pv13_u': 0.0, 'pv36_u': None, 'mppt_7_cap': 19244.1...
2026-05-08 01:37:48,667 - root - INFO - API Response type: <class 'dict'>
2026-05-08 01:37:48,667 - root - INFO - API Response keys: ['failCode', 'success', 'message', 'data']
2026-05-08 01:37:48,667 - root - INFO - API Response data is a list with 151 items
2026-05-08 01:37:48,667 - root - INFO - API Response has failCode: 0, message: historical data information query successful.
2026-05-08 01:37:48,667 - root - INFO - Using alternate response format: data as list
2026-05-08 01:37:48,667 - root - INFO - Received 151 data points from API
2026-05-08 01:37:48,667 - root - INFO - Sample data point structure: ['devDn', 'collectTime', 'dataItems']
2026-05-08 01:37:48,729 - root - INFO - Successfully upserted 151 data points.
2026-05-08 01:37:51,865 - root - INFO - Using single devDn for device/history (API: one device per query)
2026-05-08 01:37:51,866 - root - INFO - Fetching historical data for 1 devices of type inverter
2026-05-08 01:37:51,866 - root - INFO - Making API request to: https://sg5.fusionsolar.huawei.com/rest/openapi/pvms/nbi/v1/device/history
2026-05-08 01:37:51,867 - root - INFO - Request payload: {'devDn': 'NE=62806379', 'devTypeId': 1, 'startTime': 1778086800000, 'endTime': 1778173199000}
2026-05-08 01:37:53,678 - root - INFO - Response status code: 200
2026-05-08 01:37:53,691 - root - INFO - API response from https://sg5.fusionsolar.huawei.com/rest/openapi/pvms/nbi/v1/device/history (truncated): {'failCode': 0, 'success': True, 'message': 'historical data information query successful.', 'data': [{'devDn': 'NE=62806379', 'collectTime': 1778086800000, 'dataItems': {'pv28_i': None, 'pv4_u': 0.0, 'pv24_i': None, 'mppt_total_cap': 160171.9, 'pv8_u': 0.0, 'a_i': 0.0, 'pv24_u': None, 'mppt_9_cap': None, 'pv20_u': 0.0, 'a_u': 0.0, 'pv17_u': 0.0, 'pv20_i': 0.0, 'efficiency': 0.0, 'pv17_i': 0.0, 'pv13_i': 0.0, 'pv36_i': None, 'mppt_power': 0.0, 'pv13_u': 0.0, 'pv36_u': None, 'mppt_7_cap': 17468.1...
2026-05-08 01:37:53,693 - root - INFO - API Response type: <class 'dict'>
2026-05-08 01:37:53,693 - root - INFO - API Response keys: ['failCode', 'success', 'message', 'data']
2026-05-08 01:37:53,693 - root - INFO - API Response data is a list with 151 items
2026-05-08 01:37:53,693 - root - INFO - API Response has failCode: 0, message: historical data information query successful.
2026-05-08 01:37:53,694 - root - INFO - Using alternate response format: data as list
2026-05-08 01:37:53,694 - root - INFO - Received 151 data points from API
2026-05-08 01:37:53,694 - root - INFO - Sample data point structure: ['devDn', 'collectTime', 'dataItems']
2026-05-08 01:37:53,759 - root - INFO - Successfully upserted 151 data points.
2026-05-08 01:37:56,879 - root - INFO - Using single devDn for device/history (API: one device per query)
2026-05-08 01:37:56,880 - root - INFO - Fetching historical data for 1 devices of type inverter
2026-05-08 01:37:56,881 - root - INFO - Making API request to: https://sg5.fusionsolar.huawei.com/rest/openapi/pvms/nbi/v1/device/history
2026-05-08 01:37:56,881 - root - INFO - Request payload: {'devDn': 'NE=62807022', 'devTypeId': 1, 'startTime': 1778086800000, 'endTime': 1778173199000}
2026-05-08 01:37:58,465 - root - INFO - Response status code: 200
2026-05-08 01:37:58,479 - root - INFO - API response from https://sg5.fusionsolar.huawei.com/rest/openapi/pvms/nbi/v1/device/history (truncated): {'failCode': 0, 'success': True, 'message': 'historical data information query successful.', 'data': [{'devDn': 'NE=62807022', 'collectTime': 1778086800000, 'dataItems': {'pv28_i': None, 'pv4_u': 0.0, 'pv24_i': None, 'mppt_total_cap': 200066.37, 'pv8_u': 0.0, 'a_i': 0.0, 'pv24_u': None, 'mppt_9_cap': None, 'pv20_u': 0.0, 'a_u': 0.0, 'pv17_u': 0.0, 'pv20_i': 0.0, 'efficiency': 0.0, 'pv17_i': 0.0, 'pv13_i': 0.0, 'pv36_i': None, 'mppt_power': 0.0, 'pv13_u': 0.0, 'pv36_u': None, 'mppt_7_cap': 34203....
2026-05-08 01:37:58,481 - root - INFO - API Response type: <class 'dict'>
2026-05-08 01:37:58,481 - root - INFO - API Response keys: ['failCode', 'success', 'message', 'data']
2026-05-08 01:37:58,481 - root - INFO - API Response data is a list with 151 items
2026-05-08 01:37:58,481 - root - INFO - API Response has failCode: 0, message: historical data information query successful.
2026-05-08 01:37:58,482 - root - INFO - Using alternate response format: data as list
2026-05-08 01:37:58,482 - root - INFO - Received 151 data points from API
2026-05-08 01:37:58,482 - root - INFO - Sample data point structure: ['devDn', 'collectTime', 'dataItems']
2026-05-08 01:37:58,544 - root - INFO - Successfully upserted 151 data points.
2026-05-08 01:38:01,673 - root - INFO - Using single devDn for device/history (API: one device per query)
2026-05-08 01:38:01,674 - root - INFO - Fetching historical data for 1 devices of type inverter
2026-05-08 01:38:01,674 - root - INFO - Making API request to: https://sg5.fusionsolar.huawei.com/rest/openapi/pvms/nbi/v1/device/history
2026-05-08 01:38:01,675 - root - INFO - Request payload: {'devDn': 'NE=62807019', 'devTypeId': 1, 'startTime': 1778086800000, 'endTime': 1778173199000}
2026-05-08 01:38:03,320 - root - INFO - Response status code: 200
2026-05-08 01:38:03,333 - root - INFO - API response from https://sg5.fusionsolar.huawei.com/rest/openapi/pvms/nbi/v1/device/history (truncated): {'failCode': 0, 'success': True, 'message': 'historical data information query successful.', 'data': [{'devDn': 'NE=62807019', 'collectTime': 1778086800000, 'dataItems': {'pv28_i': None, 'pv4_u': 0.0, 'pv24_i': None, 'mppt_total_cap': 177301.15, 'pv8_u': 0.0, 'a_i': 0.0, 'pv24_u': None, 'mppt_9_cap': None, 'pv20_u': 0.0, 'a_u': 0.0, 'pv17_u': 0.0, 'pv20_i': 0.0, 'efficiency': 0.0, 'pv17_i': 0.0, 'pv13_i': 0.0, 'pv36_i': None, 'mppt_power': 0.0, 'pv13_u': 0.0, 'pv36_u': None, 'mppt_7_cap': 21821....
2026-05-08 01:38:03,335 - root - INFO - API Response type: <class 'dict'>
2026-05-08 01:38:03,335 - root - INFO - API Response keys: ['failCode', 'success', 'message', 'data']
2026-05-08 01:38:03,336 - root - INFO - API Response data is a list with 151 items
2026-05-08 01:38:03,336 - root - INFO - API Response has failCode: 0, message: historical data information query successful.
2026-05-08 01:38:03,336 - root - INFO - Using alternate response format: data as list
2026-05-08 01:38:03,336 - root - INFO - Received 151 data points from API
2026-05-08 01:38:03,336 - root - INFO - Sample data point structure: ['devDn', 'collectTime', 'dataItems']
2026-05-08 01:38:03,409 - root - INFO - Successfully upserted 151 data points.
2026-05-08 01:38:06,526 - root - INFO - Using single devDn for device/history (API: one device per query)
2026-05-08 01:38:06,527 - root - INFO - Fetching historical data for 1 devices of type inverter
2026-05-08 01:38:06,528 - root - INFO - Making API request to: https://sg5.fusionsolar.huawei.com/rest/openapi/pvms/nbi/v1/device/history
2026-05-08 01:38:06,528 - root - INFO - Request payload: {'devDn': 'NE=62807020', 'devTypeId': 1, 'startTime': 1778086800000, 'endTime': 1778173199000}
2026-05-08 01:38:08,107 - root - INFO - Response status code: 200
2026-05-08 01:38:08,120 - root - INFO - API response from https://sg5.fusionsolar.huawei.com/rest/openapi/pvms/nbi/v1/device/history (truncated): {'failCode': 0, 'success': True, 'message': 'historical data information query successful.', 'data': [{'devDn': 'NE=62807020', 'collectTime': 1778086800000, 'dataItems': {'pv28_i': None, 'pv4_u': 0.0, 'pv24_i': None, 'mppt_total_cap': 182728.22, 'pv8_u': 0.0, 'a_i': 0.0, 'pv24_u': None, 'mppt_9_cap': None, 'pv20_u': 0.0, 'a_u': 0.0, 'pv17_u': 0.0, 'pv20_i': 0.0, 'efficiency': 0.0, 'pv17_i': 0.0, 'pv13_i': 0.0, 'pv36_i': None, 'mppt_power': 0.0, 'pv13_u': 0.0, 'pv36_u': None, 'mppt_7_cap': 23128....
2026-05-08 01:38:08,122 - root - INFO - API Response type: <class 'dict'>
2026-05-08 01:38:08,122 - root - INFO - API Response keys: ['failCode', 'success', 'message', 'data']
2026-05-08 01:38:08,122 - root - INFO - API Response data is a list with 151 items
2026-05-08 01:38:08,122 - root - INFO - API Response has failCode: 0, message: historical data information query successful.
2026-05-08 01:38:08,122 - root - INFO - Using alternate response format: data as list
2026-05-08 01:38:08,122 - root - INFO - Received 151 data points from API
2026-05-08 01:38:08,123 - root - INFO - Sample data point structure: ['devDn', 'collectTime', 'dataItems']
2026-05-08 01:38:08,184 - root - INFO - Successfully upserted 151 data points.
2026-05-08 01:38:11,281 - root - INFO - Using single devDn for device/history (API: one device per query)
2026-05-08 01:38:11,283 - root - INFO - Fetching historical data for 1 devices of type inverter
2026-05-08 01:38:11,283 - root - INFO - Making API request to: https://sg5.fusionsolar.huawei.com/rest/openapi/pvms/nbi/v1/device/history
2026-05-08 01:38:11,283 - root - INFO - Request payload: {'devDn': 'NE=62807021', 'devTypeId': 1, 'startTime': 1778086800000, 'endTime': 1778173199000}
2026-05-08 01:38:13,003 - root - INFO - Response status code: 200
2026-05-08 01:38:13,017 - root - INFO - API response from https://sg5.fusionsolar.huawei.com/rest/openapi/pvms/nbi/v1/device/history (truncated): {'failCode': 0, 'success': True, 'message': 'historical data information query successful.', 'data': [{'devDn': 'NE=62807021', 'collectTime': 1778086800000, 'dataItems': {'pv28_i': None, 'pv4_u': 0.0, 'pv24_i': None, 'mppt_total_cap': 179096.98, 'pv8_u': 0.0, 'a_i': 0.0, 'pv24_u': None, 'mppt_9_cap': None, 'pv20_u': 0.0, 'a_u': 0.0, 'pv17_u': 0.0, 'pv20_i': 0.0, 'efficiency': 0.0, 'pv17_i': 0.0, 'pv13_i': 0.0, 'pv36_i': None, 'mppt_power': 0.0, 'pv13_u': 0.0, 'pv36_u': None, 'mppt_7_cap': 22919....
2026-05-08 01:38:13,019 - root - INFO - API Response type: <class 'dict'>
2026-05-08 01:38:13,019 - root - INFO - API Response keys: ['failCode', 'success', 'message', 'data']
2026-05-08 01:38:13,019 - root - INFO - API Response data is a list with 151 items
2026-05-08 01:38:13,019 - root - INFO - API Response has failCode: 0, message: historical data information query successful.
2026-05-08 01:38:13,019 - root - INFO - Using alternate response format: data as list
2026-05-08 01:38:13,019 - root - INFO - Received 151 data points from API
2026-05-08 01:38:13,020 - root - INFO - Sample data point structure: ['devDn', 'collectTime', 'dataItems']
2026-05-08 01:38:13,081 - root - INFO - Successfully upserted 151 data points.
2026-05-08 01:38:16,158 - root - INFO - Using single devDn for device/history (API: one device per query)
2026-05-08 01:38:16,159 - root - INFO - Fetching historical data for 1 devices of type smart_assistant
2026-05-08 01:38:16,159 - root - INFO - Making API request to: https://sg5.fusionsolar.huawei.com/rest/openapi/pvms/nbi/v1/device/history
2026-05-08 01:38:16,159 - root - INFO - Request payload: {'devDn': 'NE=60951884', 'devTypeId': 23070, 'startTime': 1778086800000, 'endTime': 1778173199000}
2026-05-08 01:38:16,977 - root - INFO - Response status code: 200
2026-05-08 01:38:16,987 - root - INFO - API response from https://sg5.fusionsolar.huawei.com/rest/openapi/pvms/nbi/v1/device/history (truncated): {'failCode': 0, 'success': True, 'message': 'historical data information query successful.', 'data': [{'devDn': 'NE=60951884', 'collectTime': 1778086800000, 'dataItems': {'active_cap': 6236.59, 'ex_active_power': None, 'power_factor': 0.717, 'ex_reverse_active_cap': None, 'a_i': 0.8, 'ex_active_cap': None, 'c_i': 1.4, 'b_i': 1.1, 'a_u': 224.4, 'reactive_power': -0.201, 'c_u': 223.4, 'b_u': 225.4, 'bc_u': 388.9, 'ex_a_i': 0.0, 'ex_c_i': 0.0, 'ex_active_power_c': 0.0, 'ex_b_i': 0.0, 'reverse_activ...
2026-05-08 01:38:16,989 - root - INFO - API Response type: <class 'dict'>
2026-05-08 01:38:16,989 - root - INFO - API Response keys: ['failCode', 'success', 'message', 'data']
2026-05-08 01:38:16,990 - root - INFO - API Response data is a list with 288 items
2026-05-08 01:38:16,990 - root - INFO - API Response has failCode: 0, message: historical data information query successful.
2026-05-08 01:38:16,990 - root - INFO - Using alternate response format: data as list
2026-05-08 01:38:16,990 - root - INFO - Received 288 data points from API
2026-05-08 01:38:16,990 - root - INFO - Sample data point structure: ['devDn', 'collectTime', 'dataItems']
2026-05-08 01:38:17,075 - root - INFO - Successfully upserted 288 data points.
2026-05-08 01:38:20,255 - root - INFO - Using single devDn for device/history (API: one device per query)
2026-05-08 01:38:20,257 - root - INFO - Fetching historical data for 1 devices of type battery
2026-05-08 01:38:20,257 - root - INFO - Making API request to: https://sg5.fusionsolar.huawei.com/rest/openapi/pvms/nbi/v1/device/history
2026-05-08 01:38:20,257 - root - INFO - Request payload: {'devDn': 'NE=60951890', 'devTypeId': 39, 'startTime': 1778086800000, 'endTime': 1778173199000}
2026-05-08 01:38:20,841 - root - INFO - Response status code: 200
2026-05-08 01:38:20,846 - root - INFO - API response from https://sg5.fusionsolar.huawei.com/rest/openapi/pvms/nbi/v1/device/history (truncated): {'failCode': 0, 'success': True, 'message': 'historical data information query successful.', 'data': [{'devDn': 'NE=60951890', 'collectTime': 1778086800000, 'dataItems': {'max_discharge_power': None, 'max_charge_power': None, 'battery_soh': None, 'busbar_u': 743.2, 'discharge_cap': 0.0, 'ch_discharge_power': 0.0, 'battery_soc': 92.0, 'ch_discharge_model': None, 'charge_cap': 0.0, 'battery_status': None}}, {'devDn': 'NE=60951890', 'collectTime': 1778087100000, 'dataItems': {'max_discharge_power':...
2026-05-08 01:38:20,848 - root - INFO - API Response type: <class 'dict'>
2026-05-08 01:38:20,848 - root - INFO - API Response keys: ['failCode', 'success', 'message', 'data']
2026-05-08 01:38:20,848 - root - INFO - API Response data is a list with 288 items
2026-05-08 01:38:20,848 - root - INFO - API Response has failCode: 0, message: historical data information query successful.
2026-05-08 01:38:20,848 - root - INFO - Using alternate response format: data as list
2026-05-08 01:38:20,848 - root - INFO - Received 288 data points from API
2026-05-08 01:38:20,849 - root - INFO - Sample data point structure: ['devDn', 'collectTime', 'dataItems']
2026-05-08 01:38:20,928 - root - INFO - Successfully upserted 288 data points.
2026-05-08 01:38:24,057 - root - INFO - Processed 37019 data points for 2026-05-06 to 2026-05-07
2026-05-08 01:38:24,074 - root - INFO - Total data points ingested: 37019
2026-05-08 01:38:24,098 - fusionsolar.tasks - INFO - FusionSolar ingestion completed successfully. Rows inserted: 37019, Execution time: 2301.79 seconds
2026-05-08 01:38:24,101 - __main__ - INFO - FusionSolar ingestion completed: {'status': 'success', 'rows_inserted': 37019, 'execution_time': 2301.789697408676, 'start_date': '2026-05-07', 'end_date': '2026-05-07'}
2026-05-08 01:38:24,164 - __main__ - INFO - Step 2: Running dbt transformations...
2026-05-08 01:38:24,167 - __main__ - INFO - Running dbt run
2026-05-08 02:18:34,284 - __main__ - INFO - dbt run completed successfully
2026-05-08 02:18:34,318 - __main__ - INFO - ================================================================================
2026-05-08 02:18:34,334 - __main__ - INFO - MMSR Daily Pipeline completed successfully!
2026-05-08 02:18:34,335 - __main__ - INFO - Total execution time: 4712.01 seconds
2026-05-08 02:18:34,338 - __main__ - INFO - FusionSolar: {'status': 'success', 'rows_inserted': 37019, 'execution_time': 2301.789697408676, 'start_date': '2026-05-07', 'end_date': '2026-05-07'}
2026-05-08 02:18:34,338 - __main__ - INFO - iSolarCloud: {'status': 'success', 'rows_inserted': None, 'execution_time': 192.47568607330322, 'start_date': '2026-05-07', 'end_date': '2026-05-07'}
2026-05-08 02:18:34,338 - __main__ - INFO - ================================================================================
