2026-05-14 01:00:02,040 - root - INFO - Database URL constructed: postgresql://juice:***@10.101.4.88:5432/MMSR
2026-05-14 01:00:03,077 - root - INFO - Database engine initialized at module import
2026-05-14 01:00:03,110 - root - INFO - Database URL constructed: postgresql://juice:***@10.101.4.88:5432/MMSR
2026-05-14 01:00:03,115 - __main__ - INFO - ================================================================================
2026-05-14 01:00:03,115 - __main__ - INFO - Starting MMSR Daily Pipeline
2026-05-14 01:00:03,115 - __main__ - INFO - ================================================================================
2026-05-14 01:00:03,116 - __main__ - INFO - Processing date: 2026-05-13
2026-05-14 01:00:03,116 - __main__ - INFO - Step 1: Running parallel ingestion...
2026-05-14 01:00:03,116 - __main__ - INFO - Starting parallel ingestion for FusionSolar and iSolarCloud
2026-05-14 01:00:03,117 - __main__ - INFO - Starting FusionSolar ingestion for 2026-05-13 to 2026-05-13
2026-05-14 01:00:03,117 - fusionsolar.tasks - INFO - Starting FusionSolar ingestion for date range: 2026-05-13 to 2026-05-13
2026-05-14 01:00:03,117 - __main__ - INFO - Starting iSolarCloud ingestion for 2026-05-13 to 2026-05-13
2026-05-14 01:00:03,118 - fusionsolar.tasks - INFO - Initializing database connection
2026-05-14 01:00:03,118 - isolarcloud.tasks - INFO - Starting iSolarCloud ingestion for date range: 2026-05-13 to 2026-05-13
2026-05-14 01:00:03,118 - fusionsolar.tasks - INFO - Database initialized successfully
2026-05-14 01:00:03,118 - isolarcloud.tasks - INFO - Initializing database connection
2026-05-14 01:00:03,118 - fusionsolar.tasks - INFO - Logging in to FusionSolar API
2026-05-14 01:00:03,119 - root - INFO - Attempting to login to FusionSolar API at https://sg5.fusionsolar.huawei.com/thirdData/login
2026-05-14 01:00:03,214 - root - INFO - PostgreSQL database initialized successfully.
2026-05-14 01:00:03,214 - isolarcloud.tasks - INFO - Database initialized successfully
2026-05-14 01:00:03,215 - isolarcloud.tasks - INFO - Logging in to iSolarCloud API
2026-05-14 01:00:03,644 - root - INFO - Login response status code: 200
2026-05-14 01:00:03,644 - root - INFO - Successfully logged into FusionSolar.
2026-05-14 01:00:03,646 - fusionsolar.tasks - INFO - FusionSolar API login successful
2026-05-14 01:00:03,646 - fusionsolar.tasks - INFO - Fetching historical data from 2026-05-13 to 2026-05-13
2026-05-14 01:00:03,647 - root - INFO - Database engine initialized in data_processing module
2026-05-14 01:00:03,699 - root - INFO - Found 236 devices matching the filter criteria.
2026-05-14 01:00:03,701 - root - INFO - Processing 236 devices fetched from DB. Parsing and verifying grid_connection_dates...
2026-05-14 01:00:03,703 - root - INFO - Finished parsing Grid Connection Dates. Total devices processed: 236.
2026-05-14 01:00:03,703 - root - INFO -   GCDs initially None/Empty from DB: 0
2026-05-14 01:00:03,703 - root - INFO -   Successfully parsed/converted to datetime (UTC): 236
2026-05-14 01:00:03,703 - root - INFO -   Failed to parse non-empty values (now None): 0
2026-05-14 01:00:03,704 - root - INFO - Starting main batch processing loop. Total devices to consider: 236.
2026-05-14 01:00:03,704 - root - INFO - Processing data from 2026-05-12 to 2026-05-13
2026-05-14 01:00:03,705 - root - INFO - Master device list count: 236. Devices eligible for this batch (ending 2026-05-13): 236.
2026-05-14 01:00:03,705 - root - WARNING - Unknown device type ID 63 for device 102555606343
2026-05-14 01:00:03,705 - root - WARNING - Unknown device type ID 23071 for device BT2560339978
2026-05-14 01:00:03,705 - root - WARNING - Unknown device type ID 63 for device 10254C346758
2026-05-14 01:00:03,706 - root - WARNING - Unknown device type ID 63 for device 1023B7436516
2026-05-14 01:00:03,706 - root - WARNING - Unknown device type ID 63 for device 1023C7355634
2026-05-14 01:00:03,706 - root - WARNING - Unknown device type ID 63 for device 1024B6566719
2026-05-14 01:00:03,706 - root - WARNING - Unknown device type ID 63 for device 1024B6566722
2026-05-14 01:00:03,707 - root - WARNING - Unknown device type ID 38 for device 102446387448
2026-05-14 01:00:03,707 - root - WARNING - Unknown device type ID 63 for device 102467487012
2026-05-14 01:00:03,707 - root - WARNING - Unknown device type ID 63 for device 102287046729
2026-05-14 01:00:03,707 - root - WARNING - Unknown device type ID 63 for device 102527099805
2026-05-14 01:00:03,708 - root - WARNING - Unknown device type ID 63 for device 102459944283
2026-05-14 01:00:03,708 - root - WARNING - Unknown device type ID 63 for device 1023A5160368
2026-05-14 01:00:03,708 - root - WARNING - Unknown device type ID 38 for device 102446387459
2026-05-14 01:00:03,708 - root - WARNING - Unknown device type ID 63 for device 102527099822
2026-05-14 01:00:03,708 - root - INFO - Using single devDn for device/history (API: one device per query)
2026-05-14 01:00:03,712 - root - INFO - Fetching historical data for 1 devices of type meter
2026-05-14 01:00:03,713 - root - INFO - Making API request to: https://sg5.fusionsolar.huawei.com/rest/openapi/pvms/nbi/v1/device/history
2026-05-14 01:00:03,713 - root - INFO - Request payload: {'devDn': 'NE=50488256', 'devTypeId': 17, 'startTime': 1778605200000, 'endTime': 1778691599000}
2026-05-14 01:00:04,312 - root - INFO - Successfully logged into iSolarCloud.
2026-05-14 01:00:04,313 - isolarcloud.tasks - INFO - iSolarCloud API login successful
2026-05-14 01:00:04,314 - isolarcloud.tasks - INFO - Fetching historical data from 2026-05-13 to 2026-05-13
2026-05-14 01:00:04,356 - root - INFO - PostgreSQL database initialized successfully.
2026-05-14 01:00:04,356 - root - INFO - Database engine initialized in data processing module
2026-05-14 01:00:04,357 - root - INFO - Preparing to fetch historical data from 2026-05-13 to 2026-05-13
2026-05-14 01:00:04,367 - root - INFO - Parsing install_date for 347 devices...
2026-05-14 01:00:04,369 - root - INFO - Finished parsing install_dates. Parsed: 347, Failed: 0, None from DB: 0
2026-05-14 01:00:04,369 - root - INFO - Filtering for device types: meter,inverter,meteo_station
2026-05-14 01:00:04,371 - root - INFO - Filtered to 325 devices matching specified types.
2026-05-14 01:00:04,371 - root - INFO - Processing batch from 2026-05-13 to 2026-05-13
2026-05-14 01:00:04,371 - root - INFO - Batch 2026-05-13 to 2026-05-13: Total devices considered: 325, Eligible by install_date: 325
2026-05-14 01:00:04,371 - root - INFO - Processing day-batch: 2026-05-13 for 325 devices.
2026-05-14 01:00:04,372 - root - INFO - Processing 8 intervals in parallel with 8 workers
2026-05-14 01:00:04,373 - root - INFO - Fetching minute data with payload: {'ps_key_list': ['1680199_7_10_2', '1680199_7_18_1', '1680199_7_13_2', '1680199_7_17_1', '1680199_7_12_1', '1680199_7_16_1', '1680199_7_15_1', '1680199_7_14_1', '1680199_7_21_1', '1680199_7_15_2', '1680199_7_20_1', '1680199_7_19_1', '1680199_7_14_2'], 'points': 'p8030,p8031,p8032,p8033,p8018,p8014', 'start_time_stamp': '20260513000000', 'end_time_stamp': '20260513030000', 'minute_interval': 5}
2026-05-14 01:00:04,373 - root - INFO - Fetching minute data with payload: {'ps_key_list': ['1680199_7_10_2', '1680199_7_18_1', '1680199_7_13_2', '1680199_7_17_1', '1680199_7_12_1', '1680199_7_16_1', '1680199_7_15_1', '1680199_7_14_1', '1680199_7_21_1', '1680199_7_15_2', '1680199_7_20_1', '1680199_7_19_1', '1680199_7_14_2'], 'points': 'p8030,p8031,p8032,p8033,p8018,p8014', 'start_time_stamp': '20260513030000', 'end_time_stamp': '20260513060000', 'minute_interval': 5}
2026-05-14 01:00:04,375 - root - INFO - Fetching minute data with payload: {'ps_key_list': ['1680199_7_10_2', '1680199_7_18_1', '1680199_7_13_2', '1680199_7_17_1', '1680199_7_12_1', '1680199_7_16_1', '1680199_7_15_1', '1680199_7_14_1', '1680199_7_21_1', '1680199_7_15_2', '1680199_7_20_1', '1680199_7_19_1', '1680199_7_14_2'], 'points': 'p8030,p8031,p8032,p8033,p8018,p8014', 'start_time_stamp': '20260513060000', 'end_time_stamp': '20260513090000', 'minute_interval': 5}
2026-05-14 01:00:04,376 - root - INFO - Fetching minute data with payload: {'ps_key_list': ['1680199_7_10_2', '1680199_7_18_1', '1680199_7_13_2', '1680199_7_17_1', '1680199_7_12_1', '1680199_7_16_1', '1680199_7_15_1', '1680199_7_14_1', '1680199_7_21_1', '1680199_7_15_2', '1680199_7_20_1', '1680199_7_19_1', '1680199_7_14_2'], 'points': 'p8030,p8031,p8032,p8033,p8018,p8014', 'start_time_stamp': '20260513090000', 'end_time_stamp': '20260513120000', 'minute_interval': 5}
2026-05-14 01:00:04,377 - root - INFO - Fetching minute data with payload: {'ps_key_list': ['1680199_7_10_2', '1680199_7_18_1', '1680199_7_13_2', '1680199_7_17_1', '1680199_7_12_1', '1680199_7_16_1', '1680199_7_15_1', '1680199_7_14_1', '1680199_7_21_1', '1680199_7_15_2', '1680199_7_20_1', '1680199_7_19_1', '1680199_7_14_2'], 'points': 'p8030,p8031,p8032,p8033,p8018,p8014', 'start_time_stamp': '20260513120000', 'end_time_stamp': '20260513150000', 'minute_interval': 5}
2026-05-14 01:00:04,378 - root - INFO - Fetching minute data with payload: {'ps_key_list': ['1680199_7_10_2', '1680199_7_18_1', '1680199_7_13_2', '1680199_7_17_1', '1680199_7_12_1', '1680199_7_16_1', '1680199_7_15_1', '1680199_7_14_1', '1680199_7_21_1', '1680199_7_15_2', '1680199_7_20_1', '1680199_7_19_1', '1680199_7_14_2'], 'points': 'p8030,p8031,p8032,p8033,p8018,p8014', 'start_time_stamp': '20260513150000', 'end_time_stamp': '20260513180000', 'minute_interval': 5}
2026-05-14 01:00:04,379 - root - INFO - Fetching minute data with payload: {'ps_key_list': ['1680199_7_10_2', '1680199_7_18_1', '1680199_7_13_2', '1680199_7_17_1', '1680199_7_12_1', '1680199_7_16_1', '1680199_7_15_1', '1680199_7_14_1', '1680199_7_21_1', '1680199_7_15_2', '1680199_7_20_1', '1680199_7_19_1', '1680199_7_14_2'], 'points': 'p8030,p8031,p8032,p8033,p8018,p8014', 'start_time_stamp': '20260513180000', 'end_time_stamp': '20260513210000', 'minute_interval': 5}
2026-05-14 01:00:04,379 - root - INFO - Fetching minute data with payload: {'ps_key_list': ['1680199_7_10_2', '1680199_7_18_1', '1680199_7_13_2', '1680199_7_17_1', '1680199_7_12_1', '1680199_7_16_1', '1680199_7_15_1', '1680199_7_14_1', '1680199_7_21_1', '1680199_7_15_2', '1680199_7_20_1', '1680199_7_19_1', '1680199_7_14_2'], 'points': 'p8030,p8031,p8032,p8033,p8018,p8014', 'start_time_stamp': '20260513210000', 'end_time_stamp': '20260513235959', 'minute_interval': 5}
2026-05-14 01:00:05,206 - root - INFO - Response status code: 200
2026-05-14 01:00:05,215 - root - INFO - API response from https://sg5.fusionsolar.huawei.com/rest/openapi/pvms/nbi/v1/device/history (truncated): {'failCode': 0, 'success': True, 'message': 'historical data information query successful.', 'data': [{'devDn': 'NE=50488256', 'collectTime': 1778605200000, 'dataItems': {'active_cap': 210.68, 'power_factor': 0.0, 'a_i': 0.0, 'c_i': 0.0, 'b_i': 0.0, 'reverse_reactive_valley': None, 'positive_reactive_peak': None, 'reverse_reactive_peak': None, 'reverse_active_peak': None, 'positive_active_peak': None, 'a_u': 0.0, 'reactive_power': 0.0, 'c_u': 0.0, 'total_apparent_power': 0.0, 'bc_u': 783.53, 'b_...
2026-05-14 01:00:05,219 - root - INFO - API Response type: <class 'dict'>
2026-05-14 01:00:05,219 - root - INFO - API Response keys: ['failCode', 'success', 'message', 'data']
2026-05-14 01:00:05,219 - root - INFO - API Response data is a list with 288 items
2026-05-14 01:00:05,219 - root - INFO - API Response has failCode: 0, message: historical data information query successful.
2026-05-14 01:00:05,219 - root - INFO - Using alternate response format: data as list
2026-05-14 01:00:05,220 - root - INFO - Received 288 data points from API
2026-05-14 01:00:05,220 - root - INFO - Sample data point structure: ['devDn', 'collectTime', 'dataItems']
2026-05-14 01:00:05,380 - root - INFO - Successfully upserted 288 data points.
2026-05-14 01:00:07,611 - root - INFO - Successfully upserted 296 data points.
2026-05-14 01:00:07,612 - root - INFO - Fetching minute data with payload: {'ps_key_list': ['1680199_1_9_2', '1680199_1_7_1', '1680199_1_4_1', '1680199_1_8_2', '1680199_1_7_2', '1680199_1_6_2', '1680199_1_4_2', '1680199_1_1_2', '1680199_1_5_2', '1680199_1_3_2', '1680199_1_2_2', '1680199_1_2_1', '1680199_1_1_1', '1680199_1_3_1', '1680199_1_6_1', '1680199_1_9_1', '1680199_1_10_1', '1680199_1_8_1', '1680199_1_11_1', '1680199_1_5_1'], 'points': 'p96,p97,p98,p99,p100,p101,p102,p103,p104,p105,p106,p107,p108,p109,p110,p111,p112,p113,p7166,p7167,p7168,p7169,p7170,p7171,p70,p71,p72,p73,p74,p75,p76,p77,p78,p79,p80,p81,p82,p83,p84,p85,p92,p93,p313,p314,p315,p316,p317,p318', 'start_time_stamp': '20260513120000', 'end_time_stamp': '20260513150000', 'minute_interval': 5}
2026-05-14 01:00:07,612 - root - INFO - Successfully upserted 296 data points.
2026-05-14 01:00:07,613 - root - INFO - Successfully upserted 296 data points.
2026-05-14 01:00:07,622 - root - INFO - Fetching minute data with payload: {'ps_key_list': ['1680199_1_9_2', '1680199_1_7_1', '1680199_1_4_1', '1680199_1_8_2', '1680199_1_7_2', '1680199_1_6_2', '1680199_1_4_2', '1680199_1_1_2', '1680199_1_5_2', '1680199_1_3_2', '1680199_1_2_2', '1680199_1_2_1', '1680199_1_1_1', '1680199_1_3_1', '1680199_1_6_1', '1680199_1_9_1', '1680199_1_10_1', '1680199_1_8_1', '1680199_1_11_1', '1680199_1_5_1'], 'points': 'p96,p97,p98,p99,p100,p101,p102,p103,p104,p105,p106,p107,p108,p109,p110,p111,p112,p113,p7166,p7167,p7168,p7169,p7170,p7171,p70,p71,p72,p73,p74,p75,p76,p77,p78,p79,p80,p81,p82,p83,p84,p85,p92,p93,p313,p314,p315,p316,p317,p318', 'start_time_stamp': '20260513000000', 'end_time_stamp': '20260513030000', 'minute_interval': 5}
2026-05-14 01:00:07,623 - root - INFO - Fetching minute data with payload: {'ps_key_list': ['1680199_1_9_2', '1680199_1_7_1', '1680199_1_4_1', '1680199_1_8_2', '1680199_1_7_2', '1680199_1_6_2', '1680199_1_4_2', '1680199_1_1_2', '1680199_1_5_2', '1680199_1_3_2', '1680199_1_2_2', '1680199_1_2_1', '1680199_1_1_1', '1680199_1_3_1', '1680199_1_6_1', '1680199_1_9_1', '1680199_1_10_1', '1680199_1_8_1', '1680199_1_11_1', '1680199_1_5_1'], 'points': 'p96,p97,p98,p99,p100,p101,p102,p103,p104,p105,p106,p107,p108,p109,p110,p111,p112,p113,p7166,p7167,p7168,p7169,p7170,p7171,p70,p71,p72,p73,p74,p75,p76,p77,p78,p79,p80,p81,p82,p83,p84,p85,p92,p93,p313,p314,p315,p316,p317,p318', 'start_time_stamp': '20260513060000', 'end_time_stamp': '20260513090000', 'minute_interval': 5}
2026-05-14 01:00:07,823 - root - INFO - Successfully upserted 296 data points.
2026-05-14 01:00:07,826 - root - INFO - Successfully upserted 296 data points.
2026-05-14 01:00:07,855 - root - INFO - Fetching minute data with payload: {'ps_key_list': ['1680199_1_9_2', '1680199_1_7_1', '1680199_1_4_1', '1680199_1_8_2', '1680199_1_7_2', '1680199_1_6_2', '1680199_1_4_2', '1680199_1_1_2', '1680199_1_5_2', '1680199_1_3_2', '1680199_1_2_2', '1680199_1_2_1', '1680199_1_1_1', '1680199_1_3_1', '1680199_1_6_1', '1680199_1_9_1', '1680199_1_10_1', '1680199_1_8_1', '1680199_1_11_1', '1680199_1_5_1'], 'points': 'p96,p97,p98,p99,p100,p101,p102,p103,p104,p105,p106,p107,p108,p109,p110,p111,p112,p113,p7166,p7167,p7168,p7169,p7170,p7171,p70,p71,p72,p73,p74,p75,p76,p77,p78,p79,p80,p81,p82,p83,p84,p85,p92,p93,p313,p314,p315,p316,p317,p318', 'start_time_stamp': '20260513030000', 'end_time_stamp': '20260513060000', 'minute_interval': 5}
2026-05-14 01:00:07,856 - root - INFO - Fetching minute data with payload: {'ps_key_list': ['1680199_1_9_2', '1680199_1_7_1', '1680199_1_4_1', '1680199_1_8_2', '1680199_1_7_2', '1680199_1_6_2', '1680199_1_4_2', '1680199_1_1_2', '1680199_1_5_2', '1680199_1_3_2', '1680199_1_2_2', '1680199_1_2_1', '1680199_1_1_1', '1680199_1_3_1', '1680199_1_6_1', '1680199_1_9_1', '1680199_1_10_1', '1680199_1_8_1', '1680199_1_11_1', '1680199_1_5_1'], 'points': 'p96,p97,p98,p99,p100,p101,p102,p103,p104,p105,p106,p107,p108,p109,p110,p111,p112,p113,p7166,p7167,p7168,p7169,p7170,p7171,p70,p71,p72,p73,p74,p75,p76,p77,p78,p79,p80,p81,p82,p83,p84,p85,p92,p93,p313,p314,p315,p316,p317,p318', 'start_time_stamp': '20260513090000', 'end_time_stamp': '20260513120000', 'minute_interval': 5}
2026-05-14 01:00:07,882 - root - INFO - Successfully upserted 296 data points.
2026-05-14 01:00:08,020 - root - INFO - Successfully upserted 255 data points.
2026-05-14 01:00:08,020 - root - INFO - Successfully upserted 296 data points.
2026-05-14 01:00:08,046 - root - INFO - Fetching minute data with payload: {'ps_key_list': ['1680199_1_9_2', '1680199_1_7_1', '1680199_1_4_1', '1680199_1_8_2', '1680199_1_7_2', '1680199_1_6_2', '1680199_1_4_2', '1680199_1_1_2', '1680199_1_5_2', '1680199_1_3_2', '1680199_1_2_2', '1680199_1_2_1', '1680199_1_1_1', '1680199_1_3_1', '1680199_1_6_1', '1680199_1_9_1', '1680199_1_10_1', '1680199_1_8_1', '1680199_1_11_1', '1680199_1_5_1'], 'points': 'p96,p97,p98,p99,p100,p101,p102,p103,p104,p105,p106,p107,p108,p109,p110,p111,p112,p113,p7166,p7167,p7168,p7169,p7170,p7171,p70,p71,p72,p73,p74,p75,p76,p77,p78,p79,p80,p81,p82,p83,p84,p85,p92,p93,p313,p314,p315,p316,p317,p318', 'start_time_stamp': '20260513180000', 'end_time_stamp': '20260513210000', 'minute_interval': 5}
2026-05-14 01:00:08,046 - root - INFO - Fetching minute data with payload: {'ps_key_list': ['1680199_1_9_2', '1680199_1_7_1', '1680199_1_4_1', '1680199_1_8_2', '1680199_1_7_2', '1680199_1_6_2', '1680199_1_4_2', '1680199_1_1_2', '1680199_1_5_2', '1680199_1_3_2', '1680199_1_2_2', '1680199_1_2_1', '1680199_1_1_1', '1680199_1_3_1', '1680199_1_6_1', '1680199_1_9_1', '1680199_1_10_1', '1680199_1_8_1', '1680199_1_11_1', '1680199_1_5_1'], 'points': 'p96,p97,p98,p99,p100,p101,p102,p103,p104,p105,p106,p107,p108,p109,p110,p111,p112,p113,p7166,p7167,p7168,p7169,p7170,p7171,p70,p71,p72,p73,p74,p75,p76,p77,p78,p79,p80,p81,p82,p83,p84,p85,p92,p93,p313,p314,p315,p316,p317,p318', 'start_time_stamp': '20260513210000', 'end_time_stamp': '20260513235959', 'minute_interval': 5}
2026-05-14 01:00:08,046 - root - INFO - Fetching minute data with payload: {'ps_key_list': ['1680199_1_9_2', '1680199_1_7_1', '1680199_1_4_1', '1680199_1_8_2', '1680199_1_7_2', '1680199_1_6_2', '1680199_1_4_2', '1680199_1_1_2', '1680199_1_5_2', '1680199_1_3_2', '1680199_1_2_2', '1680199_1_2_1', '1680199_1_1_1', '1680199_1_3_1', '1680199_1_6_1', '1680199_1_9_1', '1680199_1_10_1', '1680199_1_8_1', '1680199_1_11_1', '1680199_1_5_1'], 'points': 'p96,p97,p98,p99,p100,p101,p102,p103,p104,p105,p106,p107,p108,p109,p110,p111,p112,p113,p7166,p7167,p7168,p7169,p7170,p7171,p70,p71,p72,p73,p74,p75,p76,p77,p78,p79,p80,p81,p82,p83,p84,p85,p92,p93,p313,p314,p315,p316,p317,p318', 'start_time_stamp': '20260513150000', 'end_time_stamp': '20260513180000', 'minute_interval': 5}
2026-05-14 01:00:10,409 - root - INFO - Using single devDn for device/history (API: one device per query)
2026-05-14 01:00:10,413 - root - INFO - Fetching historical data for 1 devices of type meter
2026-05-14 01:00:10,413 - root - INFO - Making API request to: https://sg5.fusionsolar.huawei.com/rest/openapi/pvms/nbi/v1/device/history
2026-05-14 01:00:10,413 - root - INFO - Request payload: {'devDn': 'NE=50586462', 'devTypeId': 17, 'startTime': 1778605200000, 'endTime': 1778691599000}
2026-05-14 01:00:11,209 - root - INFO - Successfully upserted 333 data points.
2026-05-14 01:00:11,250 - root - INFO - Fetching minute data with payload: {'ps_key_list': ['1680199_5_10_1', '1680199_5_12_2', '1680199_5_11_2', '1680199_5_16_1', '1680199_5_15_1', '1680199_5_14_1', '1680199_5_13_1', '1680199_5_11_1', '1680199_5_12_1'], 'points': 'p2003,p2001,p2005,p2007,p2009,p2010,p2022,p2016,p2012', 'start_time_stamp': '20260513000000', 'end_time_stamp': '20260513030000', 'minute_interval': 5}
2026-05-14 01:00:11,385 - root - INFO - Successfully upserted 629 data points.
2026-05-14 01:00:11,389 - root - INFO - Fetching minute data with payload: {'ps_key_list': ['1680199_5_10_1', '1680199_5_12_2', '1680199_5_11_2', '1680199_5_16_1', '1680199_5_15_1', '1680199_5_14_1', '1680199_5_13_1', '1680199_5_11_1', '1680199_5_12_1'], 'points': 'p2003,p2001,p2005,p2007,p2009,p2010,p2022,p2016,p2012', 'start_time_stamp': '20260513150000', 'end_time_stamp': '20260513180000', 'minute_interval': 5}
2026-05-14 01:00:11,477 - root - INFO - Successfully upserted 629 data points.
2026-05-14 01:00:11,478 - root - INFO - Successfully upserted 612 data points.
2026-05-14 01:00:11,497 - root - INFO - Fetching minute data with payload: {'ps_key_list': ['1680199_5_10_1', '1680199_5_12_2', '1680199_5_11_2', '1680199_5_16_1', '1680199_5_15_1', '1680199_5_14_1', '1680199_5_13_1', '1680199_5_11_1', '1680199_5_12_1'], 'points': 'p2003,p2001,p2005,p2007,p2009,p2010,p2022,p2016,p2012', 'start_time_stamp': '20260513090000', 'end_time_stamp': '20260513120000', 'minute_interval': 5}
2026-05-14 01:00:11,549 - root - INFO - Fetching minute data with payload: {'ps_key_list': ['1680199_5_10_1', '1680199_5_12_2', '1680199_5_11_2', '1680199_5_16_1', '1680199_5_15_1', '1680199_5_14_1', '1680199_5_13_1', '1680199_5_11_1', '1680199_5_12_1'], 'points': 'p2003,p2001,p2005,p2007,p2009,p2010,p2022,p2016,p2012', 'start_time_stamp': '20260513210000', 'end_time_stamp': '20260513235959', 'minute_interval': 5}
2026-05-14 01:00:11,783 - root - INFO - Successfully upserted 629 data points.
2026-05-14 01:00:11,783 - root - INFO - Successfully upserted 629 data points.
2026-05-14 01:00:11,798 - root - INFO - Successfully upserted 629 data points.
2026-05-14 01:00:11,825 - root - INFO - Response status code: 200
2026-05-14 01:00:11,876 - root - INFO - Fetching minute data with payload: {'ps_key_list': ['1680199_5_10_1', '1680199_5_12_2', '1680199_5_11_2', '1680199_5_16_1', '1680199_5_15_1', '1680199_5_14_1', '1680199_5_13_1', '1680199_5_11_1', '1680199_5_12_1'], 'points': 'p2003,p2001,p2005,p2007,p2009,p2010,p2022,p2016,p2012', 'start_time_stamp': '20260513180000', 'end_time_stamp': '20260513210000', 'minute_interval': 5}
2026-05-14 01:00:11,878 - root - INFO - Successfully upserted 357 data points.
2026-05-14 01:00:11,914 - root - INFO - Fetching minute data with payload: {'ps_key_list': ['1680199_5_10_1', '1680199_5_12_2', '1680199_5_11_2', '1680199_5_16_1', '1680199_5_15_1', '1680199_5_14_1', '1680199_5_13_1', '1680199_5_11_1', '1680199_5_12_1'], 'points': 'p2003,p2001,p2005,p2007,p2009,p2010,p2022,p2016,p2012', 'start_time_stamp': '20260513120000', 'end_time_stamp': '20260513150000', 'minute_interval': 5}
2026-05-14 01:00:11,916 - root - INFO - Fetching minute data with payload: {'ps_key_list': ['1680199_5_10_1', '1680199_5_12_2', '1680199_5_11_2', '1680199_5_16_1', '1680199_5_15_1', '1680199_5_14_1', '1680199_5_13_1', '1680199_5_11_1', '1680199_5_12_1'], 'points': 'p2003,p2001,p2005,p2007,p2009,p2010,p2022,p2016,p2012', 'start_time_stamp': '20260513060000', 'end_time_stamp': '20260513090000', 'minute_interval': 5}
2026-05-14 01:00:11,928 - root - INFO - API response from https://sg5.fusionsolar.huawei.com/rest/openapi/pvms/nbi/v1/device/history (truncated): {'failCode': 0, 'success': True, 'message': 'historical data information query successful.', 'data': [{'devDn': 'NE=50586462', 'collectTime': 1778605200000, 'dataItems': {'active_cap': 3670.2, 'power_factor': 0.0, 'a_i': 0.0, 'c_i': 0.2, 'b_i': 0.0, 'reverse_reactive_valley': None, 'positive_reactive_peak': None, 'reverse_reactive_peak': None, 'reverse_active_peak': None, 'positive_active_peak': None, 'a_u': 11718.92, 'reactive_power': -3438.0, 'c_u': 11692.63, 'total_apparent_power': 3.438, 'bc...
2026-05-14 01:00:11,928 - root - INFO - Fetching minute data with payload: {'ps_key_list': ['1680199_5_10_1', '1680199_5_12_2', '1680199_5_11_2', '1680199_5_16_1', '1680199_5_15_1', '1680199_5_14_1', '1680199_5_13_1', '1680199_5_11_1', '1680199_5_12_1'], 'points': 'p2003,p2001,p2005,p2007,p2009,p2010,p2022,p2016,p2012', 'start_time_stamp': '20260513030000', 'end_time_stamp': '20260513060000', 'minute_interval': 5}
2026-05-14 01:00:11,937 - root - INFO - API Response type: <class 'dict'>
2026-05-14 01:00:11,937 - root - INFO - API Response keys: ['failCode', 'success', 'message', 'data']
2026-05-14 01:00:11,938 - root - INFO - API Response data is a list with 288 items
2026-05-14 01:00:11,938 - root - INFO - API Response has failCode: 0, message: historical data information query successful.
2026-05-14 01:00:11,939 - root - INFO - Using alternate response format: data as list
2026-05-14 01:00:11,939 - root - INFO - Received 288 data points from API
2026-05-14 01:00:11,939 - root - INFO - Sample data point structure: ['devDn', 'collectTime', 'dataItems']
2026-05-14 01:00:12,089 - root - INFO - Successfully upserted 288 data points.
2026-05-14 01:00:13,952 - root - INFO - Successfully upserted 222 data points.
2026-05-14 01:00:13,952 - root - INFO - Fetching minute data with payload: {'ps_key_list': ['1458125_7_17_1', '1458125_7_45_1', '1458125_7_44_1', '1458125_7_48_1', '1458125_7_46_1', '1458125_7_9_1', '1458125_7_7_1', '1458125_7_37_1', '1458125_7_5_1', '1458125_7_42_1', '1458125_7_41_1', '1458125_7_40_1', '1458125_7_39_1', '1458125_7_36_1', '1458125_7_34_1', '1458125_7_33_1', '1458125_7_32_1', '1458125_7_31_1', '1458125_7_30_1', '1458125_7_29_1', '1458125_7_27_1', '1458125_7_26_1', '1458125_7_38_1', '1458125_7_47_1', '1458125_7_43_1', '1458125_7_2_1', '1458125_7_1_1', '1458125_7_4_1', '1458125_7_3_1', '1458125_7_6_1', '1458125_7_35_1', '1458125_7_28_1', '1458125_7_25_1', '1458125_7_24_1'], 'points': 'p8030,p8031,p8032,p8033,p8018,p8014', 'start_time_stamp': '20260513000000', 'end_time_stamp': '20260513030000', 'minute_interval': 5}
2026-05-14 01:00:14,390 - root - INFO - Successfully upserted 222 data points.
2026-05-14 01:00:14,391 - root - INFO - Fetching minute data with payload: {'ps_key_list': ['1458125_7_17_1', '1458125_7_45_1', '1458125_7_44_1', '1458125_7_48_1', '1458125_7_46_1', '1458125_7_9_1', '1458125_7_7_1', '1458125_7_37_1', '1458125_7_5_1', '1458125_7_42_1', '1458125_7_41_1', '1458125_7_40_1', '1458125_7_39_1', '1458125_7_36_1', '1458125_7_34_1', '1458125_7_33_1', '1458125_7_32_1', '1458125_7_31_1', '1458125_7_30_1', '1458125_7_29_1', '1458125_7_27_1', '1458125_7_26_1', '1458125_7_38_1', '1458125_7_47_1', '1458125_7_43_1', '1458125_7_2_1', '1458125_7_1_1', '1458125_7_4_1', '1458125_7_3_1', '1458125_7_6_1', '1458125_7_35_1', '1458125_7_28_1', '1458125_7_25_1', '1458125_7_24_1'], 'points': 'p8030,p8031,p8032,p8033,p8018,p8014', 'start_time_stamp': '20260513090000', 'end_time_stamp': '20260513120000', 'minute_interval': 5}
2026-05-14 01:00:14,405 - root - INFO - Successfully upserted 216 data points.
2026-05-14 01:00:14,406 - root - INFO - Fetching minute data with payload: {'ps_key_list': ['1458125_7_17_1', '1458125_7_45_1', '1458125_7_44_1', '1458125_7_48_1', '1458125_7_46_1', '1458125_7_9_1', '1458125_7_7_1', '1458125_7_37_1', '1458125_7_5_1', '1458125_7_42_1', '1458125_7_41_1', '1458125_7_40_1', '1458125_7_39_1', '1458125_7_36_1', '1458125_7_34_1', '1458125_7_33_1', '1458125_7_32_1', '1458125_7_31_1', '1458125_7_30_1', '1458125_7_29_1', '1458125_7_27_1', '1458125_7_26_1', '1458125_7_38_1', '1458125_7_47_1', '1458125_7_43_1', '1458125_7_2_1', '1458125_7_1_1', '1458125_7_4_1', '1458125_7_3_1', '1458125_7_6_1', '1458125_7_35_1', '1458125_7_28_1', '1458125_7_25_1', '1458125_7_24_1'], 'points': 'p8030,p8031,p8032,p8033,p8018,p8014', 'start_time_stamp': '20260513210000', 'end_time_stamp': '20260513235959', 'minute_interval': 5}
2026-05-14 01:00:14,771 - root - INFO - Successfully upserted 222 data points.
2026-05-14 01:00:14,772 - root - INFO - Fetching minute data with payload: {'ps_key_list': ['1458125_7_17_1', '1458125_7_45_1', '1458125_7_44_1', '1458125_7_48_1', '1458125_7_46_1', '1458125_7_9_1', '1458125_7_7_1', '1458125_7_37_1', '1458125_7_5_1', '1458125_7_42_1', '1458125_7_41_1', '1458125_7_40_1', '1458125_7_39_1', '1458125_7_36_1', '1458125_7_34_1', '1458125_7_33_1', '1458125_7_32_1', '1458125_7_31_1', '1458125_7_30_1', '1458125_7_29_1', '1458125_7_27_1', '1458125_7_26_1', '1458125_7_38_1', '1458125_7_47_1', '1458125_7_43_1', '1458125_7_2_1', '1458125_7_1_1', '1458125_7_4_1', '1458125_7_3_1', '1458125_7_6_1', '1458125_7_35_1', '1458125_7_28_1', '1458125_7_25_1', '1458125_7_24_1'], 'points': 'p8030,p8031,p8032,p8033,p8018,p8014', 'start_time_stamp': '20260513120000', 'end_time_stamp': '20260513150000', 'minute_interval': 5}
2026-05-14 01:00:14,815 - root - INFO - Successfully upserted 222 data points.
2026-05-14 01:00:14,815 - root - INFO - Fetching minute data with payload: {'ps_key_list': ['1458125_7_17_1', '1458125_7_45_1', '1458125_7_44_1', '1458125_7_48_1', '1458125_7_46_1', '1458125_7_9_1', '1458125_7_7_1', '1458125_7_37_1', '1458125_7_5_1', '1458125_7_42_1', '1458125_7_41_1', '1458125_7_40_1', '1458125_7_39_1', '1458125_7_36_1', '1458125_7_34_1', '1458125_7_33_1', '1458125_7_32_1', '1458125_7_31_1', '1458125_7_30_1', '1458125_7_29_1', '1458125_7_27_1', '1458125_7_26_1', '1458125_7_38_1', '1458125_7_47_1', '1458125_7_43_1', '1458125_7_2_1', '1458125_7_1_1', '1458125_7_4_1', '1458125_7_3_1', '1458125_7_6_1', '1458125_7_35_1', '1458125_7_28_1', '1458125_7_25_1', '1458125_7_24_1'], 'points': 'p8030,p8031,p8032,p8033,p8018,p8014', 'start_time_stamp': '20260513060000', 'end_time_stamp': '20260513090000', 'minute_interval': 5}
2026-05-14 01:00:14,822 - root - INFO - Successfully upserted 222 data points.
2026-05-14 01:00:14,823 - root - INFO - Fetching minute data with payload: {'ps_key_list': ['1458125_7_17_1', '1458125_7_45_1', '1458125_7_44_1', '1458125_7_48_1', '1458125_7_46_1', '1458125_7_9_1', '1458125_7_7_1', '1458125_7_37_1', '1458125_7_5_1', '1458125_7_42_1', '1458125_7_41_1', '1458125_7_40_1', '1458125_7_39_1', '1458125_7_36_1', '1458125_7_34_1', '1458125_7_33_1', '1458125_7_32_1', '1458125_7_31_1', '1458125_7_30_1', '1458125_7_29_1', '1458125_7_27_1', '1458125_7_26_1', '1458125_7_38_1', '1458125_7_47_1', '1458125_7_43_1', '1458125_7_2_1', '1458125_7_1_1', '1458125_7_4_1', '1458125_7_3_1', '1458125_7_6_1', '1458125_7_35_1', '1458125_7_28_1', '1458125_7_25_1', '1458125_7_24_1'], 'points': 'p8030,p8031,p8032,p8033,p8018,p8014', 'start_time_stamp': '20260513180000', 'end_time_stamp': '20260513210000', 'minute_interval': 5}
2026-05-14 01:00:14,885 - root - INFO - Successfully upserted 222 data points.
2026-05-14 01:00:14,885 - root - INFO - Fetching minute data with payload: {'ps_key_list': ['1458125_7_17_1', '1458125_7_45_1', '1458125_7_44_1', '1458125_7_48_1', '1458125_7_46_1', '1458125_7_9_1', '1458125_7_7_1', '1458125_7_37_1', '1458125_7_5_1', '1458125_7_42_1', '1458125_7_41_1', '1458125_7_40_1', '1458125_7_39_1', '1458125_7_36_1', '1458125_7_34_1', '1458125_7_33_1', '1458125_7_32_1', '1458125_7_31_1', '1458125_7_30_1', '1458125_7_29_1', '1458125_7_27_1', '1458125_7_26_1', '1458125_7_38_1', '1458125_7_47_1', '1458125_7_43_1', '1458125_7_2_1', '1458125_7_1_1', '1458125_7_4_1', '1458125_7_3_1', '1458125_7_6_1', '1458125_7_35_1', '1458125_7_28_1', '1458125_7_25_1', '1458125_7_24_1'], 'points': 'p8030,p8031,p8032,p8033,p8018,p8014', 'start_time_stamp': '20260513150000', 'end_time_stamp': '20260513180000', 'minute_interval': 5}
2026-05-14 01:00:15,009 - root - INFO - Successfully upserted 222 data points.
2026-05-14 01:00:15,179 - root - INFO - Fetching minute data with payload: {'ps_key_list': ['1458125_7_17_1', '1458125_7_45_1', '1458125_7_44_1', '1458125_7_48_1', '1458125_7_46_1', '1458125_7_9_1', '1458125_7_7_1', '1458125_7_37_1', '1458125_7_5_1', '1458125_7_42_1', '1458125_7_41_1', '1458125_7_40_1', '1458125_7_39_1', '1458125_7_36_1', '1458125_7_34_1', '1458125_7_33_1', '1458125_7_32_1', '1458125_7_31_1', '1458125_7_30_1', '1458125_7_29_1', '1458125_7_27_1', '1458125_7_26_1', '1458125_7_38_1', '1458125_7_47_1', '1458125_7_43_1', '1458125_7_2_1', '1458125_7_1_1', '1458125_7_4_1', '1458125_7_3_1', '1458125_7_6_1', '1458125_7_35_1', '1458125_7_28_1', '1458125_7_25_1', '1458125_7_24_1'], 'points': 'p8030,p8031,p8032,p8033,p8018,p8014', 'start_time_stamp': '20260513030000', 'end_time_stamp': '20260513060000', 'minute_interval': 5}
2026-05-14 01:00:16,225 - root - INFO - Using single devDn for device/history (API: one device per query)
2026-05-14 01:00:16,229 - root - INFO - Fetching historical data for 1 devices of type meter
2026-05-14 01:00:16,229 - root - INFO - Making API request to: https://sg5.fusionsolar.huawei.com/rest/openapi/pvms/nbi/v1/device/history
2026-05-14 01:00:16,229 - root - INFO - Request payload: {'devDn': 'NE=78317347', 'devTypeId': 17, 'startTime': 1778605200000, 'endTime': 1778691599000}
2026-05-14 01:00:16,549 - root - INFO - Successfully upserted 185 data points.
2026-05-14 01:00:16,549 - root - INFO - Fetching minute data with payload: {'ps_key_list': ['1458125_1_37_1', '1458125_1_46_1', '1458125_1_45_1', '1458125_1_44_1', '1458125_1_5_1', '1458125_1_1_1', '1458125_1_4_1', '1458125_1_3_1', '1458125_1_6_1', '1458125_1_27_1', '1458125_1_26_1', '1458125_1_39_1', '1458125_1_38_1', '1458125_1_25_1', '1458125_1_41_1', '1458125_1_40_1', '1458125_1_36_1', '1458125_1_34_1', '1458125_1_33_1', '1458125_1_32_1', '1458125_1_31_1', '1458125_1_30_1', '1458125_1_29_1', '1458125_1_42_1', '1458125_1_48_1', '1458125_1_47_1', '1458125_1_43_1', '1458125_1_35_1', '1458125_1_2_1'], 'points': 'p96,p97,p98,p99,p100,p101,p102,p103,p104,p105,p106,p107,p108,p109,p110,p111,p112,p113,p7166,p7167,p7168,p7169,p7170,p7171,p70,p71,p72,p73,p74,p75,p76,p77,p78,p79,p80,p81,p82,p83,p84,p85,p92,p93,p313,p314,p315,p316,p317,p318', 'start_time_stamp': '20260513000000', 'end_time_stamp': '20260513030000', 'minute_interval': 5}
2026-05-14 01:00:17,239 - root - INFO - Successfully upserted 169 data points.
2026-05-14 01:00:17,239 - root - INFO - Fetching minute data with payload: {'ps_key_list': ['1458125_1_37_1', '1458125_1_46_1', '1458125_1_45_1', '1458125_1_44_1', '1458125_1_5_1', '1458125_1_1_1', '1458125_1_4_1', '1458125_1_3_1', '1458125_1_6_1', '1458125_1_27_1', '1458125_1_26_1', '1458125_1_39_1', '1458125_1_38_1', '1458125_1_25_1', '1458125_1_41_1', '1458125_1_40_1', '1458125_1_36_1', '1458125_1_34_1', '1458125_1_33_1', '1458125_1_32_1', '1458125_1_31_1', '1458125_1_30_1', '1458125_1_29_1', '1458125_1_42_1', '1458125_1_48_1', '1458125_1_47_1', '1458125_1_43_1', '1458125_1_35_1', '1458125_1_2_1'], 'points': 'p96,p97,p98,p99,p100,p101,p102,p103,p104,p105,p106,p107,p108,p109,p110,p111,p112,p113,p7166,p7167,p7168,p7169,p7170,p7171,p70,p71,p72,p73,p74,p75,p76,p77,p78,p79,p80,p81,p82,p83,p84,p85,p92,p93,p313,p314,p315,p316,p317,p318', 'start_time_stamp': '20260513210000', 'end_time_stamp': '20260513235959', 'minute_interval': 5}
2026-05-14 01:00:17,244 - root - INFO - Successfully upserted 185 data points.
2026-05-14 01:00:17,244 - root - INFO - Fetching minute data with payload: {'ps_key_list': ['1458125_1_37_1', '1458125_1_46_1', '1458125_1_45_1', '1458125_1_44_1', '1458125_1_5_1', '1458125_1_1_1', '1458125_1_4_1', '1458125_1_3_1', '1458125_1_6_1', '1458125_1_27_1', '1458125_1_26_1', '1458125_1_39_1', '1458125_1_38_1', '1458125_1_25_1', '1458125_1_41_1', '1458125_1_40_1', '1458125_1_36_1', '1458125_1_34_1', '1458125_1_33_1', '1458125_1_32_1', '1458125_1_31_1', '1458125_1_30_1', '1458125_1_29_1', '1458125_1_42_1', '1458125_1_48_1', '1458125_1_47_1', '1458125_1_43_1', '1458125_1_35_1', '1458125_1_2_1'], 'points': 'p96,p97,p98,p99,p100,p101,p102,p103,p104,p105,p106,p107,p108,p109,p110,p111,p112,p113,p7166,p7167,p7168,p7169,p7170,p7171,p70,p71,p72,p73,p74,p75,p76,p77,p78,p79,p80,p81,p82,p83,p84,p85,p92,p93,p313,p314,p315,p316,p317,p318', 'start_time_stamp': '20260513090000', 'end_time_stamp': '20260513120000', 'minute_interval': 5}
2026-05-14 01:00:17,560 - root - INFO - Response status code: 200
2026-05-14 01:00:17,571 - root - INFO - API response from https://sg5.fusionsolar.huawei.com/rest/openapi/pvms/nbi/v1/device/history (truncated): {'failCode': 0, 'success': True, 'message': 'historical data information query successful.', 'data': [{'devDn': 'NE=78317347', 'collectTime': 1778605200000, 'dataItems': {'active_cap': 648.53, 'power_factor': 0.995, 'a_i': 30.2, 'c_i': 34.2, 'b_i': 29.4, 'reverse_reactive_valley': None, 'positive_reactive_peak': None, 'reverse_reactive_peak': None, 'reverse_active_peak': None, 'positive_active_peak': None, 'a_u': 224.34, 'reactive_power': 2072.0, 'c_u': 225.52, 'total_apparent_power': 21.162, 'b...
2026-05-14 01:00:17,574 - root - INFO - API Response type: <class 'dict'>
2026-05-14 01:00:17,574 - root - INFO - API Response keys: ['failCode', 'success', 'message', 'data']
2026-05-14 01:00:17,574 - root - INFO - API Response data is a list with 288 items
2026-05-14 01:00:17,575 - root - INFO - API Response has failCode: 0, message: historical data information query successful.
2026-05-14 01:00:17,575 - root - INFO - Using alternate response format: data as list
2026-05-14 01:00:17,575 - root - INFO - Received 288 data points from API
2026-05-14 01:00:17,575 - root - INFO - Sample data point structure: ['devDn', 'collectTime', 'dataItems']
2026-05-14 01:00:17,675 - root - INFO - Successfully upserted 288 data points.
2026-05-14 01:00:17,795 - root - INFO - Successfully upserted 185 data points.
2026-05-14 01:00:17,796 - root - INFO - Fetching minute data with payload: {'ps_key_list': ['1458125_1_37_1', '1458125_1_46_1', '1458125_1_45_1', '1458125_1_44_1', '1458125_1_5_1', '1458125_1_1_1', '1458125_1_4_1', '1458125_1_3_1', '1458125_1_6_1', '1458125_1_27_1', '1458125_1_26_1', '1458125_1_39_1', '1458125_1_38_1', '1458125_1_25_1', '1458125_1_41_1', '1458125_1_40_1', '1458125_1_36_1', '1458125_1_34_1', '1458125_1_33_1', '1458125_1_32_1', '1458125_1_31_1', '1458125_1_30_1', '1458125_1_29_1', '1458125_1_42_1', '1458125_1_48_1', '1458125_1_47_1', '1458125_1_43_1', '1458125_1_35_1', '1458125_1_2_1'], 'points': 'p96,p97,p98,p99,p100,p101,p102,p103,p104,p105,p106,p107,p108,p109,p110,p111,p112,p113,p7166,p7167,p7168,p7169,p7170,p7171,p70,p71,p72,p73,p74,p75,p76,p77,p78,p79,p80,p81,p82,p83,p84,p85,p92,p93,p313,p314,p315,p316,p317,p318', 'start_time_stamp': '20260513120000', 'end_time_stamp': '20260513150000', 'minute_interval': 5}
2026-05-14 01:00:17,820 - root - INFO - Successfully upserted 185 data points.
2026-05-14 01:00:17,822 - root - INFO - Fetching minute data with payload: {'ps_key_list': ['1458125_1_37_1', '1458125_1_46_1', '1458125_1_45_1', '1458125_1_44_1', '1458125_1_5_1', '1458125_1_1_1', '1458125_1_4_1', '1458125_1_3_1', '1458125_1_6_1', '1458125_1_27_1', '1458125_1_26_1', '1458125_1_39_1', '1458125_1_38_1', '1458125_1_25_1', '1458125_1_41_1', '1458125_1_40_1', '1458125_1_36_1', '1458125_1_34_1', '1458125_1_33_1', '1458125_1_32_1', '1458125_1_31_1', '1458125_1_30_1', '1458125_1_29_1', '1458125_1_42_1', '1458125_1_48_1', '1458125_1_47_1', '1458125_1_43_1', '1458125_1_35_1', '1458125_1_2_1'], 'points': 'p96,p97,p98,p99,p100,p101,p102,p103,p104,p105,p106,p107,p108,p109,p110,p111,p112,p113,p7166,p7167,p7168,p7169,p7170,p7171,p70,p71,p72,p73,p74,p75,p76,p77,p78,p79,p80,p81,p82,p83,p84,p85,p92,p93,p313,p314,p315,p316,p317,p318', 'start_time_stamp': '20260513180000', 'end_time_stamp': '20260513210000', 'minute_interval': 5}
2026-05-14 01:00:17,843 - root - INFO - Successfully upserted 185 data points.
2026-05-14 01:00:17,850 - root - INFO - Fetching minute data with payload: {'ps_key_list': ['1458125_1_37_1', '1458125_1_46_1', '1458125_1_45_1', '1458125_1_44_1', '1458125_1_5_1', '1458125_1_1_1', '1458125_1_4_1', '1458125_1_3_1', '1458125_1_6_1', '1458125_1_27_1', '1458125_1_26_1', '1458125_1_39_1', '1458125_1_38_1', '1458125_1_25_1', '1458125_1_41_1', '1458125_1_40_1', '1458125_1_36_1', '1458125_1_34_1', '1458125_1_33_1', '1458125_1_32_1', '1458125_1_31_1', '1458125_1_30_1', '1458125_1_29_1', '1458125_1_42_1', '1458125_1_48_1', '1458125_1_47_1', '1458125_1_43_1', '1458125_1_35_1', '1458125_1_2_1'], 'points': 'p96,p97,p98,p99,p100,p101,p102,p103,p104,p105,p106,p107,p108,p109,p110,p111,p112,p113,p7166,p7167,p7168,p7169,p7170,p7171,p70,p71,p72,p73,p74,p75,p76,p77,p78,p79,p80,p81,p82,p83,p84,p85,p92,p93,p313,p314,p315,p316,p317,p318', 'start_time_stamp': '20260513060000', 'end_time_stamp': '20260513090000', 'minute_interval': 5}
2026-05-14 01:00:17,992 - root - INFO - Successfully upserted 185 data points.
2026-05-14 01:00:18,002 - root - INFO - Successfully upserted 185 data points.
2026-05-14 01:00:18,005 - root - INFO - Fetching minute data with payload: {'ps_key_list': ['1458125_1_37_1', '1458125_1_46_1', '1458125_1_45_1', '1458125_1_44_1', '1458125_1_5_1', '1458125_1_1_1', '1458125_1_4_1', '1458125_1_3_1', '1458125_1_6_1', '1458125_1_27_1', '1458125_1_26_1', '1458125_1_39_1', '1458125_1_38_1', '1458125_1_25_1', '1458125_1_41_1', '1458125_1_40_1', '1458125_1_36_1', '1458125_1_34_1', '1458125_1_33_1', '1458125_1_32_1', '1458125_1_31_1', '1458125_1_30_1', '1458125_1_29_1', '1458125_1_42_1', '1458125_1_48_1', '1458125_1_47_1', '1458125_1_43_1', '1458125_1_35_1', '1458125_1_2_1'], 'points': 'p96,p97,p98,p99,p100,p101,p102,p103,p104,p105,p106,p107,p108,p109,p110,p111,p112,p113,p7166,p7167,p7168,p7169,p7170,p7171,p70,p71,p72,p73,p74,p75,p76,p77,p78,p79,p80,p81,p82,p83,p84,p85,p92,p93,p313,p314,p315,p316,p317,p318', 'start_time_stamp': '20260513150000', 'end_time_stamp': '20260513180000', 'minute_interval': 5}
2026-05-14 01:00:18,006 - root - INFO - Fetching minute data with payload: {'ps_key_list': ['1458125_1_37_1', '1458125_1_46_1', '1458125_1_45_1', '1458125_1_44_1', '1458125_1_5_1', '1458125_1_1_1', '1458125_1_4_1', '1458125_1_3_1', '1458125_1_6_1', '1458125_1_27_1', '1458125_1_26_1', '1458125_1_39_1', '1458125_1_38_1', '1458125_1_25_1', '1458125_1_41_1', '1458125_1_40_1', '1458125_1_36_1', '1458125_1_34_1', '1458125_1_33_1', '1458125_1_32_1', '1458125_1_31_1', '1458125_1_30_1', '1458125_1_29_1', '1458125_1_42_1', '1458125_1_48_1', '1458125_1_47_1', '1458125_1_43_1', '1458125_1_35_1', '1458125_1_2_1'], 'points': 'p96,p97,p98,p99,p100,p101,p102,p103,p104,p105,p106,p107,p108,p109,p110,p111,p112,p113,p7166,p7167,p7168,p7169,p7170,p7171,p70,p71,p72,p73,p74,p75,p76,p77,p78,p79,p80,p81,p82,p83,p84,p85,p92,p93,p313,p314,p315,p316,p317,p318', 'start_time_stamp': '20260513030000', 'end_time_stamp': '20260513060000', 'minute_interval': 5}
2026-05-14 01:00:19,218 - root - INFO - Successfully upserted 222 data points.
2026-05-14 01:00:19,218 - root - INFO - Fetching minute data with payload: {'ps_key_list': ['1458125_5_23_1', '1458125_5_22_1', '1458125_5_21_1', '1458125_5_20_1', '1458125_5_19_1', '1458125_5_18_1', '1458125_5_12_1', '1458125_5_13_1', '1458125_5_14_1', '1458125_5_15_1', '1458125_5_16_1'], 'points': 'p2003,p2001,p2005,p2007,p2009,p2010,p2022,p2016,p2012', 'start_time_stamp': '20260513000000', 'end_time_stamp': '20260513030000', 'minute_interval': 5}
2026-05-14 01:00:20,328 - root - INFO - Successfully upserted 222 data points.
2026-05-14 01:00:20,328 - root - INFO - Fetching minute data with payload: {'ps_key_list': ['1458125_5_23_1', '1458125_5_22_1', '1458125_5_21_1', '1458125_5_20_1', '1458125_5_19_1', '1458125_5_18_1', '1458125_5_12_1', '1458125_5_13_1', '1458125_5_14_1', '1458125_5_15_1', '1458125_5_16_1'], 'points': 'p2003,p2001,p2005,p2007,p2009,p2010,p2022,p2016,p2012', 'start_time_stamp': '20260513090000', 'end_time_stamp': '20260513120000', 'minute_interval': 5}
2026-05-14 01:00:20,408 - root - INFO - Successfully upserted 216 data points.
2026-05-14 01:00:20,408 - root - INFO - Fetching minute data with payload: {'ps_key_list': ['1458125_5_23_1', '1458125_5_22_1', '1458125_5_21_1', '1458125_5_20_1', '1458125_5_19_1', '1458125_5_18_1', '1458125_5_12_1', '1458125_5_13_1', '1458125_5_14_1', '1458125_5_15_1', '1458125_5_16_1'], 'points': 'p2003,p2001,p2005,p2007,p2009,p2010,p2022,p2016,p2012', 'start_time_stamp': '20260513210000', 'end_time_stamp': '20260513235959', 'minute_interval': 5}
2026-05-14 01:00:20,761 - root - INFO - Successfully upserted 222 data points.
2026-05-14 01:00:20,761 - root - INFO - Fetching minute data with payload: {'ps_key_list': ['1458125_5_23_1', '1458125_5_22_1', '1458125_5_21_1', '1458125_5_20_1', '1458125_5_19_1', '1458125_5_18_1', '1458125_5_12_1', '1458125_5_13_1', '1458125_5_14_1', '1458125_5_15_1', '1458125_5_16_1'], 'points': 'p2003,p2001,p2005,p2007,p2009,p2010,p2022,p2016,p2012', 'start_time_stamp': '20260513180000', 'end_time_stamp': '20260513210000', 'minute_interval': 5}
2026-05-14 01:00:20,888 - root - INFO - Successfully upserted 222 data points.
2026-05-14 01:00:20,890 - root - INFO - Fetching minute data with payload: {'ps_key_list': ['1458125_5_23_1', '1458125_5_22_1', '1458125_5_21_1', '1458125_5_20_1', '1458125_5_19_1', '1458125_5_18_1', '1458125_5_12_1', '1458125_5_13_1', '1458125_5_14_1', '1458125_5_15_1', '1458125_5_16_1'], 'points': 'p2003,p2001,p2005,p2007,p2009,p2010,p2022,p2016,p2012', 'start_time_stamp': '20260513060000', 'end_time_stamp': '20260513090000', 'minute_interval': 5}
2026-05-14 01:00:20,962 - root - INFO - Successfully upserted 222 data points.
2026-05-14 01:00:20,966 - root - INFO - Successfully upserted 222 data points.
2026-05-14 01:00:20,967 - root - INFO - Fetching minute data with payload: {'ps_key_list': ['1458125_5_23_1', '1458125_5_22_1', '1458125_5_21_1', '1458125_5_20_1', '1458125_5_19_1', '1458125_5_18_1', '1458125_5_12_1', '1458125_5_13_1', '1458125_5_14_1', '1458125_5_15_1', '1458125_5_16_1'], 'points': 'p2003,p2001,p2005,p2007,p2009,p2010,p2022,p2016,p2012', 'start_time_stamp': '20260513150000', 'end_time_stamp': '20260513180000', 'minute_interval': 5}
2026-05-14 01:00:20,967 - root - INFO - Fetching minute data with payload: {'ps_key_list': ['1458125_5_23_1', '1458125_5_22_1', '1458125_5_21_1', '1458125_5_20_1', '1458125_5_19_1', '1458125_5_18_1', '1458125_5_12_1', '1458125_5_13_1', '1458125_5_14_1', '1458125_5_15_1', '1458125_5_16_1'], 'points': 'p2003,p2001,p2005,p2007,p2009,p2010,p2022,p2016,p2012', 'start_time_stamp': '20260513030000', 'end_time_stamp': '20260513060000', 'minute_interval': 5}
2026-05-14 01:00:21,029 - root - INFO - Successfully upserted 222 data points.
2026-05-14 01:00:21,088 - root - INFO - Fetching minute data with payload: {'ps_key_list': ['1458125_5_23_1', '1458125_5_22_1', '1458125_5_21_1', '1458125_5_20_1', '1458125_5_19_1', '1458125_5_18_1', '1458125_5_12_1', '1458125_5_13_1', '1458125_5_14_1', '1458125_5_15_1', '1458125_5_16_1'], 'points': 'p2003,p2001,p2005,p2007,p2009,p2010,p2022,p2016,p2012', 'start_time_stamp': '20260513120000', 'end_time_stamp': '20260513150000', 'minute_interval': 5}
2026-05-14 01:00:21,341 - root - INFO - Using single devDn for device/history (API: one device per query)
2026-05-14 01:00:21,344 - root - INFO - Fetching historical data for 1 devices of type meter
2026-05-14 01:00:21,344 - root - INFO - Making API request to: https://sg5.fusionsolar.huawei.com/rest/openapi/pvms/nbi/v1/device/history
2026-05-14 01:00:21,344 - root - INFO - Request payload: {'devDn': 'NE=78317346', 'devTypeId': 17, 'startTime': 1778605200000, 'endTime': 1778691599000}
2026-05-14 01:00:21,858 - root - INFO - Successfully upserted 148 data points.
2026-05-14 01:00:21,858 - root - INFO - Fetching minute data with payload: {'ps_key_list': ['1445767_7_14_1', '1445767_7_12_1', '1445767_7_11_1', '1445767_7_5_1', '1445767_7_6_1', '1445767_7_4_1'], 'points': 'p8030,p8031,p8032,p8033,p8018,p8014', 'start_time_stamp': '20260513000000', 'end_time_stamp': '20260513030000', 'minute_interval': 5}
2026-05-14 01:00:22,845 - root - INFO - Response status code: 200
2026-05-14 01:00:22,853 - root - INFO - API response from https://sg5.fusionsolar.huawei.com/rest/openapi/pvms/nbi/v1/device/history (truncated): {'failCode': 0, 'success': True, 'message': 'historical data information query successful.', 'data': [{'devDn': 'NE=78317346', 'collectTime': 1778605200000, 'dataItems': {'active_cap': 0.0, 'power_factor': 0.0, 'a_i': 0.0, 'c_i': 0.0, 'b_i': 0.0, 'reverse_reactive_valley': None, 'positive_reactive_peak': None, 'reverse_reactive_peak': None, 'reverse_active_peak': None, 'positive_active_peak': None, 'a_u': 224.36, 'reactive_power': 0.0, 'c_u': 225.52, 'total_apparent_power': 0.0, 'bc_u': 391.5, '...
2026-05-14 01:00:22,857 - root - INFO - API Response type: <class 'dict'>
2026-05-14 01:00:22,857 - root - INFO - API Response keys: ['failCode', 'success', 'message', 'data']
2026-05-14 01:00:22,858 - root - INFO - API Response data is a list with 288 items
2026-05-14 01:00:22,858 - root - INFO - API Response has failCode: 0, message: historical data information query successful.
2026-05-14 01:00:22,858 - root - INFO - Using alternate response format: data as list
2026-05-14 01:00:22,858 - root - INFO - Received 288 data points from API
2026-05-14 01:00:22,859 - root - INFO - Sample data point structure: ['devDn', 'collectTime', 'dataItems']
2026-05-14 01:00:22,954 - root - INFO - Successfully upserted 288 data points.
2026-05-14 01:00:22,996 - root - INFO - Successfully upserted 148 data points.
2026-05-14 01:00:22,997 - root - INFO - Fetching minute data with payload: {'ps_key_list': ['1445767_7_14_1', '1445767_7_12_1', '1445767_7_11_1', '1445767_7_5_1', '1445767_7_6_1', '1445767_7_4_1'], 'points': 'p8030,p8031,p8032,p8033,p8018,p8014', 'start_time_stamp': '20260513090000', 'end_time_stamp': '20260513120000', 'minute_interval': 5}
2026-05-14 01:00:23,028 - root - INFO - Successfully upserted 144 data points.
2026-05-14 01:00:23,028 - root - INFO - Fetching minute data with payload: {'ps_key_list': ['1445767_7_14_1', '1445767_7_12_1', '1445767_7_11_1', '1445767_7_5_1', '1445767_7_6_1', '1445767_7_4_1'], 'points': 'p8030,p8031,p8032,p8033,p8018,p8014', 'start_time_stamp': '20260513210000', 'end_time_stamp': '20260513235959', 'minute_interval': 5}
2026-05-14 01:00:23,501 - root - INFO - Successfully upserted 148 data points.
2026-05-14 01:00:23,501 - root - INFO - Fetching minute data with payload: {'ps_key_list': ['1445767_7_14_1', '1445767_7_12_1', '1445767_7_11_1', '1445767_7_5_1', '1445767_7_6_1', '1445767_7_4_1'], 'points': 'p8030,p8031,p8032,p8033,p8018,p8014', 'start_time_stamp': '20260513180000', 'end_time_stamp': '20260513210000', 'minute_interval': 5}
2026-05-14 01:00:23,652 - root - INFO - Successfully upserted 148 data points.
2026-05-14 01:00:23,652 - root - INFO - Fetching minute data with payload: {'ps_key_list': ['1445767_7_14_1', '1445767_7_12_1', '1445767_7_11_1', '1445767_7_5_1', '1445767_7_6_1', '1445767_7_4_1'], 'points': 'p8030,p8031,p8032,p8033,p8018,p8014', 'start_time_stamp': '20260513060000', 'end_time_stamp': '20260513090000', 'minute_interval': 5}
2026-05-14 01:00:23,779 - root - INFO - Successfully upserted 148 data points.
2026-05-14 01:00:23,780 - root - INFO - Fetching minute data with payload: {'ps_key_list': ['1445767_7_14_1', '1445767_7_12_1', '1445767_7_11_1', '1445767_7_5_1', '1445767_7_6_1', '1445767_7_4_1'], 'points': 'p8030,p8031,p8032,p8033,p8018,p8014', 'start_time_stamp': '20260513150000', 'end_time_stamp': '20260513180000', 'minute_interval': 5}
2026-05-14 01:00:23,821 - root - INFO - Successfully upserted 148 data points.
2026-05-14 01:00:23,821 - root - INFO - Fetching minute data with payload: {'ps_key_list': ['1445767_7_14_1', '1445767_7_12_1', '1445767_7_11_1', '1445767_7_5_1', '1445767_7_6_1', '1445767_7_4_1'], 'points': 'p8030,p8031,p8032,p8033,p8018,p8014', 'start_time_stamp': '20260513030000', 'end_time_stamp': '20260513060000', 'minute_interval': 5}
2026-05-14 01:00:23,892 - root - INFO - Successfully upserted 148 data points.
2026-05-14 01:00:23,893 - root - INFO - Fetching minute data with payload: {'ps_key_list': ['1445767_7_14_1', '1445767_7_12_1', '1445767_7_11_1', '1445767_7_5_1', '1445767_7_6_1', '1445767_7_4_1'], 'points': 'p8030,p8031,p8032,p8033,p8018,p8014', 'start_time_stamp': '20260513120000', 'end_time_stamp': '20260513150000', 'minute_interval': 5}
2026-05-14 01:00:24,423 - root - INFO - Successfully upserted 185 data points.
2026-05-14 01:00:24,423 - root - INFO - Fetching minute data with payload: {'ps_key_list': ['1445767_5_13_1', '1445767_5_9_1', '1445767_5_8_1', '1445767_5_7_1'], 'points': 'p2003,p2001,p2005,p2007,p2009,p2010,p2022,p2016,p2012', 'start_time_stamp': '20260513000000', 'end_time_stamp': '20260513030000', 'minute_interval': 5}
2026-05-14 01:00:25,890 - root - INFO - Successfully upserted 185 data points.
2026-05-14 01:00:25,891 - root - INFO - Fetching minute data with payload: {'ps_key_list': ['1445767_5_13_1', '1445767_5_9_1', '1445767_5_8_1', '1445767_5_7_1'], 'points': 'p2003,p2001,p2005,p2007,p2009,p2010,p2022,p2016,p2012', 'start_time_stamp': '20260513090000', 'end_time_stamp': '20260513120000', 'minute_interval': 5}
2026-05-14 01:00:25,905 - root - INFO - Successfully upserted 169 data points.
2026-05-14 01:00:25,905 - root - INFO - Fetching minute data with payload: {'ps_key_list': ['1445767_5_13_1', '1445767_5_9_1', '1445767_5_8_1', '1445767_5_7_1'], 'points': 'p2003,p2001,p2005,p2007,p2009,p2010,p2022,p2016,p2012', 'start_time_stamp': '20260513210000', 'end_time_stamp': '20260513235959', 'minute_interval': 5}
2026-05-14 01:00:26,074 - root - INFO - Using single devDn for device/history (API: one device per query)
2026-05-14 01:00:26,077 - root - INFO - Fetching historical data for 1 devices of type meter
2026-05-14 01:00:26,077 - root - INFO - Making API request to: https://sg5.fusionsolar.huawei.com/rest/openapi/pvms/nbi/v1/device/history
2026-05-14 01:00:26,078 - root - INFO - Request payload: {'devDn': 'NE=78317345', 'devTypeId': 17, 'startTime': 1778605200000, 'endTime': 1778691599000}
2026-05-14 01:00:26,142 - root - INFO - Successfully upserted 185 data points.
2026-05-14 01:00:26,143 - root - INFO - Fetching minute data with payload: {'ps_key_list': ['1445767_5_13_1', '1445767_5_9_1', '1445767_5_8_1', '1445767_5_7_1'], 'points': 'p2003,p2001,p2005,p2007,p2009,p2010,p2022,p2016,p2012', 'start_time_stamp': '20260513180000', 'end_time_stamp': '20260513210000', 'minute_interval': 5}
2026-05-14 01:00:26,384 - root - INFO - Successfully upserted 185 data points.
2026-05-14 01:00:26,384 - root - INFO - Fetching minute data with payload: {'ps_key_list': ['1445767_5_13_1', '1445767_5_9_1', '1445767_5_8_1', '1445767_5_7_1'], 'points': 'p2003,p2001,p2005,p2007,p2009,p2010,p2022,p2016,p2012', 'start_time_stamp': '20260513060000', 'end_time_stamp': '20260513090000', 'minute_interval': 5}
2026-05-14 01:00:26,573 - root - INFO - Successfully upserted 185 data points.
2026-05-14 01:00:26,573 - root - INFO - Fetching minute data with payload: {'ps_key_list': ['1445767_5_13_1', '1445767_5_9_1', '1445767_5_8_1', '1445767_5_7_1'], 'points': 'p2003,p2001,p2005,p2007,p2009,p2010,p2022,p2016,p2012', 'start_time_stamp': '20260513150000', 'end_time_stamp': '20260513180000', 'minute_interval': 5}
2026-05-14 01:00:26,734 - root - INFO - Successfully upserted 185 data points.
2026-05-14 01:00:26,734 - root - INFO - Fetching minute data with payload: {'ps_key_list': ['1445767_5_13_1', '1445767_5_9_1', '1445767_5_8_1', '1445767_5_7_1'], 'points': 'p2003,p2001,p2005,p2007,p2009,p2010,p2022,p2016,p2012', 'start_time_stamp': '20260513030000', 'end_time_stamp': '20260513060000', 'minute_interval': 5}
2026-05-14 01:00:26,817 - root - INFO - Successfully upserted 185 data points.
2026-05-14 01:00:26,817 - root - INFO - Fetching minute data with payload: {'ps_key_list': ['1445767_5_13_1', '1445767_5_9_1', '1445767_5_8_1', '1445767_5_7_1'], 'points': 'p2003,p2001,p2005,p2007,p2009,p2010,p2022,p2016,p2012', 'start_time_stamp': '20260513120000', 'end_time_stamp': '20260513150000', 'minute_interval': 5}
2026-05-14 01:00:27,231 - root - INFO - Successfully upserted 148 data points.
2026-05-14 01:00:27,232 - root - INFO - Fetching minute data with payload: {'ps_key_list': ['1445767_1_3_1', '1445767_1_2_1', '1445767_1_1_1'], 'points': 'p96,p97,p98,p99,p100,p101,p102,p103,p104,p105,p106,p107,p108,p109,p110,p111,p112,p113,p7166,p7167,p7168,p7169,p7170,p7171,p70,p71,p72,p73,p74,p75,p76,p77,p78,p79,p80,p81,p82,p83,p84,p85,p92,p93,p313,p314,p315,p316,p317,p318', 'start_time_stamp': '20260513000000', 'end_time_stamp': '20260513030000', 'minute_interval': 5}
2026-05-14 01:00:27,739 - root - INFO - Response status code: 200
2026-05-14 01:00:27,748 - root - INFO - API response from https://sg5.fusionsolar.huawei.com/rest/openapi/pvms/nbi/v1/device/history (truncated): {'failCode': 0, 'success': True, 'message': 'historical data information query successful.', 'data': [{'devDn': 'NE=78317345', 'collectTime': 1778605200000, 'dataItems': {'active_cap': 0.0, 'power_factor': -0.967, 'a_i': 0.0, 'c_i': 9.3, 'b_i': 0.1, 'reverse_reactive_valley': None, 'positive_reactive_peak': None, 'reverse_reactive_peak': None, 'reverse_active_peak': None, 'positive_active_peak': None, 'a_u': 224.46, 'reactive_power': -534.0, 'c_u': 225.57, 'total_apparent_power': 2.128, 'bc_u': ...
2026-05-14 01:00:27,752 - root - INFO - API Response type: <class 'dict'>
2026-05-14 01:00:27,752 - root - INFO - API Response keys: ['failCode', 'success', 'message', 'data']
2026-05-14 01:00:27,752 - root - INFO - API Response data is a list with 288 items
2026-05-14 01:00:27,752 - root - INFO - API Response has failCode: 0, message: historical data information query successful.
2026-05-14 01:00:27,753 - root - INFO - Using alternate response format: data as list
2026-05-14 01:00:27,753 - root - INFO - Received 288 data points from API
2026-05-14 01:00:27,753 - root - INFO - Sample data point structure: ['devDn', 'collectTime', 'dataItems']
2026-05-14 01:00:27,854 - root - INFO - Successfully upserted 288 data points.
2026-05-14 01:00:28,566 - root - INFO - Successfully upserted 148 data points.
2026-05-14 01:00:28,566 - root - INFO - Fetching minute data with payload: {'ps_key_list': ['1445767_1_3_1', '1445767_1_2_1', '1445767_1_1_1'], 'points': 'p96,p97,p98,p99,p100,p101,p102,p103,p104,p105,p106,p107,p108,p109,p110,p111,p112,p113,p7166,p7167,p7168,p7169,p7170,p7171,p70,p71,p72,p73,p74,p75,p76,p77,p78,p79,p80,p81,p82,p83,p84,p85,p92,p93,p313,p314,p315,p316,p317,p318', 'start_time_stamp': '20260513090000', 'end_time_stamp': '20260513120000', 'minute_interval': 5}
2026-05-14 01:00:28,640 - root - INFO - Successfully upserted 144 data points.
2026-05-14 01:00:28,640 - root - INFO - Fetching minute data with payload: {'ps_key_list': ['1445767_1_3_1', '1445767_1_2_1', '1445767_1_1_1'], 'points': 'p96,p97,p98,p99,p100,p101,p102,p103,p104,p105,p106,p107,p108,p109,p110,p111,p112,p113,p7166,p7167,p7168,p7169,p7170,p7171,p70,p71,p72,p73,p74,p75,p76,p77,p78,p79,p80,p81,p82,p83,p84,p85,p92,p93,p313,p314,p315,p316,p317,p318', 'start_time_stamp': '20260513210000', 'end_time_stamp': '20260513235959', 'minute_interval': 5}
2026-05-14 01:00:28,932 - root - INFO - Successfully upserted 148 data points.
2026-05-14 01:00:28,933 - root - INFO - Fetching minute data with payload: {'ps_key_list': ['1445767_1_3_1', '1445767_1_2_1', '1445767_1_1_1'], 'points': 'p96,p97,p98,p99,p100,p101,p102,p103,p104,p105,p106,p107,p108,p109,p110,p111,p112,p113,p7166,p7167,p7168,p7169,p7170,p7171,p70,p71,p72,p73,p74,p75,p76,p77,p78,p79,p80,p81,p82,p83,p84,p85,p92,p93,p313,p314,p315,p316,p317,p318', 'start_time_stamp': '20260513060000', 'end_time_stamp': '20260513090000', 'minute_interval': 5}
2026-05-14 01:00:29,403 - root - INFO - Successfully upserted 148 data points.
2026-05-14 01:00:29,404 - root - INFO - Fetching minute data with payload: {'ps_key_list': ['1445767_1_3_1', '1445767_1_2_1', '1445767_1_1_1'], 'points': 'p96,p97,p98,p99,p100,p101,p102,p103,p104,p105,p106,p107,p108,p109,p110,p111,p112,p113,p7166,p7167,p7168,p7169,p7170,p7171,p70,p71,p72,p73,p74,p75,p76,p77,p78,p79,p80,p81,p82,p83,p84,p85,p92,p93,p313,p314,p315,p316,p317,p318', 'start_time_stamp': '20260513030000', 'end_time_stamp': '20260513060000', 'minute_interval': 5}
2026-05-14 01:00:29,633 - root - INFO - Successfully upserted 148 data points.
2026-05-14 01:00:29,634 - root - INFO - Fetching minute data with payload: {'ps_key_list': ['1445767_1_3_1', '1445767_1_2_1', '1445767_1_1_1'], 'points': 'p96,p97,p98,p99,p100,p101,p102,p103,p104,p105,p106,p107,p108,p109,p110,p111,p112,p113,p7166,p7167,p7168,p7169,p7170,p7171,p70,p71,p72,p73,p74,p75,p76,p77,p78,p79,p80,p81,p82,p83,p84,p85,p92,p93,p313,p314,p315,p316,p317,p318', 'start_time_stamp': '20260513150000', 'end_time_stamp': '20260513180000', 'minute_interval': 5}
2026-05-14 01:00:29,674 - root - INFO - Successfully upserted 148 data points.
2026-05-14 01:00:29,675 - root - INFO - Fetching minute data with payload: {'ps_key_list': ['1445767_1_3_1', '1445767_1_2_1', '1445767_1_1_1'], 'points': 'p96,p97,p98,p99,p100,p101,p102,p103,p104,p105,p106,p107,p108,p109,p110,p111,p112,p113,p7166,p7167,p7168,p7169,p7170,p7171,p70,p71,p72,p73,p74,p75,p76,p77,p78,p79,p80,p81,p82,p83,p84,p85,p92,p93,p313,p314,p315,p316,p317,p318', 'start_time_stamp': '20260513120000', 'end_time_stamp': '20260513150000', 'minute_interval': 5}
2026-05-14 01:00:29,686 - root - INFO - Successfully upserted 148 data points.
2026-05-14 01:00:29,686 - root - INFO - Fetching minute data with payload: {'ps_key_list': ['1445767_1_3_1', '1445767_1_2_1', '1445767_1_1_1'], 'points': 'p96,p97,p98,p99,p100,p101,p102,p103,p104,p105,p106,p107,p108,p109,p110,p111,p112,p113,p7166,p7167,p7168,p7169,p7170,p7171,p70,p71,p72,p73,p74,p75,p76,p77,p78,p79,p80,p81,p82,p83,p84,p85,p92,p93,p313,p314,p315,p316,p317,p318', 'start_time_stamp': '20260513180000', 'end_time_stamp': '20260513210000', 'minute_interval': 5}
2026-05-14 01:00:29,837 - root - INFO - Successfully upserted 109 data points.
2026-05-14 01:00:29,838 - root - INFO - Fetching minute data with payload: {'ps_key_list': ['1614122_7_12_1', '1614122_7_18_1', '1614122_7_11_1', '1614122_7_10_1', '1614122_7_14_1', '1614122_7_17_1'], 'points': 'p8030,p8031,p8032,p8033,p8018,p8014', 'start_time_stamp': '20260513000000', 'end_time_stamp': '20260513030000', 'minute_interval': 5}
2026-05-14 01:00:31,065 - root - INFO - Using single devDn for device/history (API: one device per query)
2026-05-14 01:00:31,068 - root - INFO - Fetching historical data for 1 devices of type meter
2026-05-14 01:00:31,068 - root - INFO - Making API request to: https://sg5.fusionsolar.huawei.com/rest/openapi/pvms/nbi/v1/device/history
2026-05-14 01:00:31,068 - root - INFO - Request payload: {'devDn': 'NE=78317344', 'devTypeId': 17, 'startTime': 1778605200000, 'endTime': 1778691599000}
2026-05-14 01:00:31,195 - root - INFO - Successfully upserted 72 data points.
2026-05-14 01:00:31,195 - root - INFO - Fetching minute data with payload: {'ps_key_list': ['1614122_7_12_1', '1614122_7_18_1', '1614122_7_11_1', '1614122_7_10_1', '1614122_7_14_1', '1614122_7_17_1'], 'points': 'p8030,p8031,p8032,p8033,p8018,p8014', 'start_time_stamp': '20260513210000', 'end_time_stamp': '20260513235959', 'minute_interval': 5}
2026-05-14 01:00:31,240 - root - INFO - Successfully upserted 94 data points.
2026-05-14 01:00:31,240 - root - INFO - Fetching minute data with payload: {'ps_key_list': ['1614122_7_12_1', '1614122_7_18_1', '1614122_7_11_1', '1614122_7_10_1', '1614122_7_14_1', '1614122_7_17_1'], 'points': 'p8030,p8031,p8032,p8033,p8018,p8014', 'start_time_stamp': '20260513090000', 'end_time_stamp': '20260513120000', 'minute_interval': 5}
2026-05-14 01:00:31,501 - root - INFO - Successfully upserted 111 data points.
2026-05-14 01:00:31,501 - root - INFO - Fetching minute data with payload: {'ps_key_list': ['1614122_7_12_1', '1614122_7_18_1', '1614122_7_11_1', '1614122_7_10_1', '1614122_7_14_1', '1614122_7_17_1'], 'points': 'p8030,p8031,p8032,p8033,p8018,p8014', 'start_time_stamp': '20260513060000', 'end_time_stamp': '20260513090000', 'minute_interval': 5}
2026-05-14 01:00:32,059 - root - INFO - Successfully upserted 111 data points.
2026-05-14 01:00:32,059 - root - INFO - Fetching minute data with payload: {'ps_key_list': ['1614122_7_12_1', '1614122_7_18_1', '1614122_7_11_1', '1614122_7_10_1', '1614122_7_14_1', '1614122_7_17_1'], 'points': 'p8030,p8031,p8032,p8033,p8018,p8014', 'start_time_stamp': '20260513030000', 'end_time_stamp': '20260513060000', 'minute_interval': 5}
2026-05-14 01:00:32,289 - root - INFO - Successfully upserted 74 data points.
2026-05-14 01:00:32,289 - root - INFO - Fetching minute data with payload: {'ps_key_list': ['1614122_7_12_1', '1614122_7_18_1', '1614122_7_11_1', '1614122_7_10_1', '1614122_7_14_1', '1614122_7_17_1'], 'points': 'p8030,p8031,p8032,p8033,p8018,p8014', 'start_time_stamp': '20260513150000', 'end_time_stamp': '20260513180000', 'minute_interval': 5}
2026-05-14 01:00:32,333 - root - INFO - Successfully upserted 74 data points.
2026-05-14 01:00:32,334 - root - INFO - Fetching minute data with payload: {'ps_key_list': ['1614122_7_12_1', '1614122_7_18_1', '1614122_7_11_1', '1614122_7_10_1', '1614122_7_14_1', '1614122_7_17_1'], 'points': 'p8030,p8031,p8032,p8033,p8018,p8014', 'start_time_stamp': '20260513120000', 'end_time_stamp': '20260513150000', 'minute_interval': 5}
2026-05-14 01:00:32,440 - root - INFO - Successfully upserted 74 data points.
2026-05-14 01:00:32,440 - root - INFO - Fetching minute data with payload: {'ps_key_list': ['1614122_7_12_1', '1614122_7_18_1', '1614122_7_11_1', '1614122_7_10_1', '1614122_7_14_1', '1614122_7_17_1'], 'points': 'p8030,p8031,p8032,p8033,p8018,p8014', 'start_time_stamp': '20260513180000', 'end_time_stamp': '20260513210000', 'minute_interval': 5}
2026-05-14 01:00:32,497 - root - INFO - Response status code: 200
2026-05-14 01:00:32,508 - root - INFO - API response from https://sg5.fusionsolar.huawei.com/rest/openapi/pvms/nbi/v1/device/history (truncated): {'failCode': 0, 'success': True, 'message': 'historical data information query successful.', 'data': [{'devDn': 'NE=78317344', 'collectTime': 1778605200000, 'dataItems': {'active_cap': 0.18, 'power_factor': 0.548, 'a_i': 0.4, 'c_i': 0.0, 'b_i': 1.2, 'reverse_reactive_valley': None, 'positive_reactive_peak': None, 'reverse_reactive_peak': None, 'reverse_active_peak': None, 'positive_active_peak': None, 'a_u': 224.21, 'reactive_power': 308.0, 'c_u': 225.36, 'total_apparent_power': 0.369, 'bc_u': 3...
2026-05-14 01:00:32,512 - root - INFO - API Response type: <class 'dict'>
2026-05-14 01:00:32,516 - root - INFO - API Response keys: ['failCode', 'success', 'message', 'data']
2026-05-14 01:00:32,516 - root - INFO - API Response data is a list with 288 items
2026-05-14 01:00:32,540 - root - INFO - API Response has failCode: 0, message: historical data information query successful.
2026-05-14 01:00:32,561 - root - INFO - Using alternate response format: data as list
2026-05-14 01:00:32,575 - root - INFO - Received 288 data points from API
2026-05-14 01:00:32,575 - root - INFO - Successfully upserted 185 data points.
2026-05-14 01:00:32,575 - root - INFO - Sample data point structure: ['devDn', 'collectTime', 'dataItems']
2026-05-14 01:00:32,576 - root - INFO - Fetching minute data with payload: {'ps_key_list': ['1614122_1_3_1', '1614122_1_7_1', '1614122_1_4_1', '1614122_1_2_1', '1614122_1_1_1', '1614122_1_6_1', '1614122_1_5_1'], 'points': 'p96,p97,p98,p99,p100,p101,p102,p103,p104,p105,p106,p107,p108,p109,p110,p111,p112,p113,p7166,p7167,p7168,p7169,p7170,p7171,p70,p71,p72,p73,p74,p75,p76,p77,p78,p79,p80,p81,p82,p83,p84,p85,p92,p93,p313,p314,p315,p316,p317,p318', 'start_time_stamp': '20260513000000', 'end_time_stamp': '20260513030000', 'minute_interval': 5}
2026-05-14 01:00:32,673 - root - INFO - Successfully upserted 288 data points.
2026-05-14 01:00:33,941 - root - INFO - Successfully upserted 147 data points.
2026-05-14 01:00:33,942 - root - INFO - Fetching minute data with payload: {'ps_key_list': ['1614122_1_3_1', '1614122_1_7_1', '1614122_1_4_1', '1614122_1_2_1', '1614122_1_1_1', '1614122_1_6_1', '1614122_1_5_1'], 'points': 'p96,p97,p98,p99,p100,p101,p102,p103,p104,p105,p106,p107,p108,p109,p110,p111,p112,p113,p7166,p7167,p7168,p7169,p7170,p7171,p70,p71,p72,p73,p74,p75,p76,p77,p78,p79,p80,p81,p82,p83,p84,p85,p92,p93,p313,p314,p315,p316,p317,p318', 'start_time_stamp': '20260513210000', 'end_time_stamp': '20260513235959', 'minute_interval': 5}
2026-05-14 01:00:33,956 - root - INFO - Successfully upserted 185 data points.
2026-05-14 01:00:33,956 - root - INFO - Fetching minute data with payload: {'ps_key_list': ['1614122_1_3_1', '1614122_1_7_1', '1614122_1_4_1', '1614122_1_2_1', '1614122_1_1_1', '1614122_1_6_1', '1614122_1_5_1'], 'points': 'p96,p97,p98,p99,p100,p101,p102,p103,p104,p105,p106,p107,p108,p109,p110,p111,p112,p113,p7166,p7167,p7168,p7169,p7170,p7171,p70,p71,p72,p73,p74,p75,p76,p77,p78,p79,p80,p81,p82,p83,p84,p85,p92,p93,p313,p314,p315,p316,p317,p318', 'start_time_stamp': '20260513090000', 'end_time_stamp': '20260513120000', 'minute_interval': 5}
2026-05-14 01:00:34,147 - root - INFO - Successfully upserted 185 data points.
2026-05-14 01:00:34,148 - root - INFO - Fetching minute data with payload: {'ps_key_list': ['1614122_1_3_1', '1614122_1_7_1', '1614122_1_4_1', '1614122_1_2_1', '1614122_1_1_1', '1614122_1_6_1', '1614122_1_5_1'], 'points': 'p96,p97,p98,p99,p100,p101,p102,p103,p104,p105,p106,p107,p108,p109,p110,p111,p112,p113,p7166,p7167,p7168,p7169,p7170,p7171,p70,p71,p72,p73,p74,p75,p76,p77,p78,p79,p80,p81,p82,p83,p84,p85,p92,p93,p313,p314,p315,p316,p317,p318', 'start_time_stamp': '20260513060000', 'end_time_stamp': '20260513090000', 'minute_interval': 5}
2026-05-14 01:00:34,622 - root - INFO - Successfully upserted 185 data points.
2026-05-14 01:00:34,622 - root - INFO - Fetching minute data with payload: {'ps_key_list': ['1614122_1_3_1', '1614122_1_7_1', '1614122_1_4_1', '1614122_1_2_1', '1614122_1_1_1', '1614122_1_6_1', '1614122_1_5_1'], 'points': 'p96,p97,p98,p99,p100,p101,p102,p103,p104,p105,p106,p107,p108,p109,p110,p111,p112,p113,p7166,p7167,p7168,p7169,p7170,p7171,p70,p71,p72,p73,p74,p75,p76,p77,p78,p79,p80,p81,p82,p83,p84,p85,p92,p93,p313,p314,p315,p316,p317,p318', 'start_time_stamp': '20260513030000', 'end_time_stamp': '20260513060000', 'minute_interval': 5}
2026-05-14 01:00:35,082 - root - INFO - Successfully upserted 185 data points.
2026-05-14 01:00:35,083 - root - INFO - Fetching minute data with payload: {'ps_key_list': ['1614122_1_3_1', '1614122_1_7_1', '1614122_1_4_1', '1614122_1_2_1', '1614122_1_1_1', '1614122_1_6_1', '1614122_1_5_1'], 'points': 'p96,p97,p98,p99,p100,p101,p102,p103,p104,p105,p106,p107,p108,p109,p110,p111,p112,p113,p7166,p7167,p7168,p7169,p7170,p7171,p70,p71,p72,p73,p74,p75,p76,p77,p78,p79,p80,p81,p82,p83,p84,p85,p92,p93,p313,p314,p315,p316,p317,p318', 'start_time_stamp': '20260513150000', 'end_time_stamp': '20260513180000', 'minute_interval': 5}
2026-05-14 01:00:35,135 - root - INFO - Successfully upserted 185 data points.
2026-05-14 01:00:35,135 - root - INFO - Fetching minute data with payload: {'ps_key_list': ['1614122_1_3_1', '1614122_1_7_1', '1614122_1_4_1', '1614122_1_2_1', '1614122_1_1_1', '1614122_1_6_1', '1614122_1_5_1'], 'points': 'p96,p97,p98,p99,p100,p101,p102,p103,p104,p105,p106,p107,p108,p109,p110,p111,p112,p113,p7166,p7167,p7168,p7169,p7170,p7171,p70,p71,p72,p73,p74,p75,p76,p77,p78,p79,p80,p81,p82,p83,p84,p85,p92,p93,p313,p314,p315,p316,p317,p318', 'start_time_stamp': '20260513120000', 'end_time_stamp': '20260513150000', 'minute_interval': 5}
2026-05-14 01:00:35,146 - root - INFO - Successfully upserted 185 data points.
2026-05-14 01:00:35,146 - root - INFO - Fetching minute data with payload: {'ps_key_list': ['1614122_1_3_1', '1614122_1_7_1', '1614122_1_4_1', '1614122_1_2_1', '1614122_1_1_1', '1614122_1_6_1', '1614122_1_5_1'], 'points': 'p96,p97,p98,p99,p100,p101,p102,p103,p104,p105,p106,p107,p108,p109,p110,p111,p112,p113,p7166,p7167,p7168,p7169,p7170,p7171,p70,p71,p72,p73,p74,p75,p76,p77,p78,p79,p80,p81,p82,p83,p84,p85,p92,p93,p313,p314,p315,p316,p317,p318', 'start_time_stamp': '20260513180000', 'end_time_stamp': '20260513210000', 'minute_interval': 5}
2026-05-14 01:00:35,334 - root - INFO - Successfully upserted 259 data points.
2026-05-14 01:00:35,335 - root - INFO - Fetching minute data with payload: {'ps_key_list': ['1614122_5_19_1', '1614122_5_16_1', '1614122_5_15_1', '1614122_5_14_1'], 'points': 'p2003,p2001,p2005,p2007,p2009,p2010,p2022,p2016,p2012', 'start_time_stamp': '20260513000000', 'end_time_stamp': '20260513030000', 'minute_interval': 5}
2026-05-14 01:00:35,838 - root - INFO - Using single devDn for device/history (API: one device per query)
2026-05-14 01:00:35,841 - root - INFO - Fetching historical data for 1 devices of type meter
2026-05-14 01:00:35,842 - root - INFO - Making API request to: https://sg5.fusionsolar.huawei.com/rest/openapi/pvms/nbi/v1/device/history
2026-05-14 01:00:35,842 - root - INFO - Request payload: {'devDn': 'NE=61851549', 'devTypeId': 17, 'startTime': 1778605200000, 'endTime': 1778691599000}
2026-05-14 01:00:36,385 - root - INFO - Response status code: 200
2026-05-14 01:00:36,385 - root - INFO - API response from https://sg5.fusionsolar.huawei.com/rest/openapi/pvms/nbi/v1/device/history (truncated): {'failCode': 0, 'success': True, 'message': 'historical data information query successful.', 'data': []}
2026-05-14 01:00:36,389 - root - INFO - API Response type: <class 'dict'>
2026-05-14 01:00:36,389 - root - INFO - API Response keys: ['failCode', 'success', 'message', 'data']
2026-05-14 01:00:36,390 - root - INFO - API Response data is a list with 0 items
2026-05-14 01:00:36,390 - root - INFO - API Response has failCode: 0, message: historical data information query successful.
2026-05-14 01:00:36,390 - root - INFO - Using alternate response format: data as list
2026-05-14 01:00:36,391 - root - INFO - No data points returned for the query period
2026-05-14 01:00:36,391 - root - INFO - Using single devDn for device/history (API: one device per query)
2026-05-14 01:00:36,393 - root - INFO - Fetching historical data for 1 devices of type meter
2026-05-14 01:00:36,393 - root - INFO - Making API request to: https://sg5.fusionsolar.huawei.com/rest/openapi/pvms/nbi/v1/device/history
2026-05-14 01:00:36,394 - root - INFO - Request payload: {'devDn': 'NE=61851548', 'devTypeId': 17, 'startTime': 1778605200000, 'endTime': 1778691599000}
2026-05-14 01:00:36,730 - root - INFO - Successfully upserted 252 data points.
2026-05-14 01:00:36,730 - root - INFO - Fetching minute data with payload: {'ps_key_list': ['1614122_5_19_1', '1614122_5_16_1', '1614122_5_15_1', '1614122_5_14_1'], 'points': 'p2003,p2001,p2005,p2007,p2009,p2010,p2022,p2016,p2012', 'start_time_stamp': '20260513210000', 'end_time_stamp': '20260513235959', 'minute_interval': 5}
2026-05-14 01:00:36,803 - root - INFO - Successfully upserted 259 data points.
2026-05-14 01:00:36,803 - root - INFO - Fetching minute data with payload: {'ps_key_list': ['1614122_5_19_1', '1614122_5_16_1', '1614122_5_15_1', '1614122_5_14_1'], 'points': 'p2003,p2001,p2005,p2007,p2009,p2010,p2022,p2016,p2012', 'start_time_stamp': '20260513090000', 'end_time_stamp': '20260513120000', 'minute_interval': 5}
2026-05-14 01:00:36,849 - root - INFO - Response status code: 200
2026-05-14 01:00:36,850 - root - INFO - API response from https://sg5.fusionsolar.huawei.com/rest/openapi/pvms/nbi/v1/device/history (truncated): {'failCode': 0, 'success': True, 'message': 'historical data information query successful.', 'data': []}
2026-05-14 01:00:36,857 - root - INFO - API Response type: <class 'dict'>
2026-05-14 01:00:36,857 - root - INFO - API Response keys: ['failCode', 'success', 'message', 'data']
2026-05-14 01:00:36,858 - root - INFO - API Response data is a list with 0 items
2026-05-14 01:00:36,860 - root - INFO - API Response has failCode: 0, message: historical data information query successful.
2026-05-14 01:00:36,861 - root - INFO - Using alternate response format: data as list
2026-05-14 01:00:36,861 - root - INFO - No data points returned for the query period
2026-05-14 01:00:36,862 - root - INFO - Using single devDn for device/history (API: one device per query)
2026-05-14 01:00:36,867 - root - INFO - Fetching historical data for 1 devices of type meter
2026-05-14 01:00:36,870 - root - INFO - Making API request to: https://sg5.fusionsolar.huawei.com/rest/openapi/pvms/nbi/v1/device/history
2026-05-14 01:00:36,870 - root - INFO - Request payload: {'devDn': 'NE=61900432', 'devTypeId': 17, 'startTime': 1778605200000, 'endTime': 1778691599000}
2026-05-14 01:00:36,943 - root - INFO - Successfully upserted 259 data points.
2026-05-14 01:00:36,945 - root - INFO - Fetching minute data with payload: {'ps_key_list': ['1614122_5_19_1', '1614122_5_16_1', '1614122_5_15_1', '1614122_5_14_1'], 'points': 'p2003,p2001,p2005,p2007,p2009,p2010,p2022,p2016,p2012', 'start_time_stamp': '20260513060000', 'end_time_stamp': '20260513090000', 'minute_interval': 5}
2026-05-14 01:00:37,359 - root - INFO - Response status code: 200
2026-05-14 01:00:37,360 - root - INFO - API response from https://sg5.fusionsolar.huawei.com/rest/openapi/pvms/nbi/v1/device/history (truncated): {'failCode': 407, 'success': False, 'message': 'Interface access frequency:0.39333333333333337/1second', 'data': []}
2026-05-14 01:00:37,361 - root - WARNING - API access frequency too high. Waiting 30 seconds before retry...
2026-05-14 01:00:37,766 - root - INFO - Successfully upserted 259 data points.
2026-05-14 01:00:37,766 - root - INFO - Fetching minute data with payload: {'ps_key_list': ['1614122_5_19_1', '1614122_5_16_1', '1614122_5_15_1', '1614122_5_14_1'], 'points': 'p2003,p2001,p2005,p2007,p2009,p2010,p2022,p2016,p2012', 'start_time_stamp': '20260513030000', 'end_time_stamp': '20260513060000', 'minute_interval': 5}
2026-05-14 01:00:37,866 - root - INFO - No data to insert into database for this API data batch.
2026-05-14 01:00:37,868 - root - INFO - Fetching minute data with payload: {'ps_key_list': ['1479456_5_16_2', '1479456_5_27_1', '1479456_5_23_1', '1479456_5_22_1', '1479456_5_15_2', '1479456_5_14_2', '1479456_5_5_1', '1479456_5_26_1', '1479456_5_25_1', '1479456_5_24_1', '1479456_5_10_2', '1479456_5_9_2', '1479456_5_21_1', '1479456_5_19_1', '1479456_5_18_1', '1479456_5_17_1'], 'points': 'p2003,p2001,p2005,p2007,p2009,p2010,p2022,p2016,p2012', 'start_time_stamp': '20260513000000', 'end_time_stamp': '20260513030000', 'minute_interval': 5}
2026-05-14 01:00:37,913 - root - INFO - Successfully upserted 259 data points.
2026-05-14 01:00:37,914 - root - INFO - Fetching minute data with payload: {'ps_key_list': ['1614122_5_19_1', '1614122_5_16_1', '1614122_5_15_1', '1614122_5_14_1'], 'points': 'p2003,p2001,p2005,p2007,p2009,p2010,p2022,p2016,p2012', 'start_time_stamp': '20260513150000', 'end_time_stamp': '20260513180000', 'minute_interval': 5}
2026-05-14 01:00:37,999 - root - INFO - Successfully upserted 259 data points.
2026-05-14 01:00:38,078 - root - INFO - Fetching minute data with payload: {'ps_key_list': ['1614122_5_19_1', '1614122_5_16_1', '1614122_5_15_1', '1614122_5_14_1'], 'points': 'p2003,p2001,p2005,p2007,p2009,p2010,p2022,p2016,p2012', 'start_time_stamp': '20260513120000', 'end_time_stamp': '20260513150000', 'minute_interval': 5}
2026-05-14 01:00:38,084 - root - INFO - Successfully upserted 259 data points.
2026-05-14 01:00:38,084 - root - INFO - Fetching minute data with payload: {'ps_key_list': ['1614122_5_19_1', '1614122_5_16_1', '1614122_5_15_1', '1614122_5_14_1'], 'points': 'p2003,p2001,p2005,p2007,p2009,p2010,p2022,p2016,p2012', 'start_time_stamp': '20260513180000', 'end_time_stamp': '20260513210000', 'minute_interval': 5}
2026-05-14 01:00:39,422 - root - INFO - Successfully upserted 75 data points.
2026-05-14 01:00:39,422 - root - INFO - Fetching minute data with payload: {'ps_key_list': ['1479456_5_16_2', '1479456_5_27_1', '1479456_5_23_1', '1479456_5_22_1', '1479456_5_15_2', '1479456_5_14_2', '1479456_5_5_1', '1479456_5_26_1', '1479456_5_25_1', '1479456_5_24_1', '1479456_5_10_2', '1479456_5_9_2', '1479456_5_21_1', '1479456_5_19_1', '1479456_5_18_1', '1479456_5_17_1'], 'points': 'p2003,p2001,p2005,p2007,p2009,p2010,p2022,p2016,p2012', 'start_time_stamp': '20260513210000', 'end_time_stamp': '20260513235959', 'minute_interval': 5}
2026-05-14 01:00:39,444 - root - INFO - Successfully upserted 21 data points.
2026-05-14 01:00:39,445 - root - INFO - Fetching minute data with payload: {'ps_key_list': ['1479456_5_16_2', '1479456_5_27_1', '1479456_5_23_1', '1479456_5_22_1', '1479456_5_15_2', '1479456_5_14_2', '1479456_5_5_1', '1479456_5_26_1', '1479456_5_25_1', '1479456_5_24_1', '1479456_5_10_2', '1479456_5_9_2', '1479456_5_21_1', '1479456_5_19_1', '1479456_5_18_1', '1479456_5_17_1'], 'points': 'p2003,p2001,p2005,p2007,p2009,p2010,p2022,p2016,p2012', 'start_time_stamp': '20260513090000', 'end_time_stamp': '20260513120000', 'minute_interval': 5}
2026-05-14 01:00:39,620 - root - INFO - No data to insert into database for this API data batch.
2026-05-14 01:00:39,621 - root - INFO - Fetching minute data with payload: {'ps_key_list': ['1479456_5_16_2', '1479456_5_27_1', '1479456_5_23_1', '1479456_5_22_1', '1479456_5_15_2', '1479456_5_14_2', '1479456_5_5_1', '1479456_5_26_1', '1479456_5_25_1', '1479456_5_24_1', '1479456_5_10_2', '1479456_5_9_2', '1479456_5_21_1', '1479456_5_19_1', '1479456_5_18_1', '1479456_5_17_1'], 'points': 'p2003,p2001,p2005,p2007,p2009,p2010,p2022,p2016,p2012', 'start_time_stamp': '20260513060000', 'end_time_stamp': '20260513090000', 'minute_interval': 5}
2026-05-14 01:00:40,407 - root - INFO - No data to insert into database for this API data batch.
2026-05-14 01:00:40,408 - root - INFO - Fetching minute data with payload: {'ps_key_list': ['1479456_5_16_2', '1479456_5_27_1', '1479456_5_23_1', '1479456_5_22_1', '1479456_5_15_2', '1479456_5_14_2', '1479456_5_5_1', '1479456_5_26_1', '1479456_5_25_1', '1479456_5_24_1', '1479456_5_10_2', '1479456_5_9_2', '1479456_5_21_1', '1479456_5_19_1', '1479456_5_18_1', '1479456_5_17_1'], 'points': 'p2003,p2001,p2005,p2007,p2009,p2010,p2022,p2016,p2012', 'start_time_stamp': '20260513030000', 'end_time_stamp': '20260513060000', 'minute_interval': 5}
2026-05-14 01:00:40,657 - root - INFO - Successfully upserted 37 data points.
2026-05-14 01:00:40,657 - root - INFO - Fetching minute data with payload: {'ps_key_list': ['1479456_1_12_1', '1479456_1_11_1', '1479456_1_10_1', '1479456_1_9_1', '1479456_1_8_1', '1479456_1_7_1', '1479456_1_6_1', '1479456_1_2_2', '1479456_1_5_2', '1479456_1_1_2', '1479456_1_8_2', '1479456_1_1_1', '1479456_1_4_2', '1479456_1_3_2', '1479456_1_16_1', '1479456_1_15_1', '1479456_1_14_1', '1479456_1_13_1'], 'points': 'p96,p97,p98,p99,p100,p101,p102,p103,p104,p105,p106,p107,p108,p109,p110,p111,p112,p113,p7166,p7167,p7168,p7169,p7170,p7171,p70,p71,p72,p73,p74,p75,p76,p77,p78,p79,p80,p81,p82,p83,p84,p85,p92,p93,p313,p314,p315,p316,p317,p318', 'start_time_stamp': '20260513000000', 'end_time_stamp': '20260513030000', 'minute_interval': 5}
2026-05-14 01:00:40,703 - root - INFO - Successfully upserted 118 data points.
2026-05-14 01:00:40,703 - root - INFO - Fetching minute data with payload: {'ps_key_list': ['1479456_5_16_2', '1479456_5_27_1', '1479456_5_23_1', '1479456_5_22_1', '1479456_5_15_2', '1479456_5_14_2', '1479456_5_5_1', '1479456_5_26_1', '1479456_5_25_1', '1479456_5_24_1', '1479456_5_10_2', '1479456_5_9_2', '1479456_5_21_1', '1479456_5_19_1', '1479456_5_18_1', '1479456_5_17_1'], 'points': 'p2003,p2001,p2005,p2007,p2009,p2010,p2022,p2016,p2012', 'start_time_stamp': '20260513150000', 'end_time_stamp': '20260513180000', 'minute_interval': 5}
2026-05-14 01:00:40,844 - root - INFO - Successfully upserted 111 data points.
2026-05-14 01:00:40,850 - root - INFO - Fetching minute data with payload: {'ps_key_list': ['1479456_5_16_2', '1479456_5_27_1', '1479456_5_23_1', '1479456_5_22_1', '1479456_5_15_2', '1479456_5_14_2', '1479456_5_5_1', '1479456_5_26_1', '1479456_5_25_1', '1479456_5_24_1', '1479456_5_10_2', '1479456_5_9_2', '1479456_5_21_1', '1479456_5_19_1', '1479456_5_18_1', '1479456_5_17_1'], 'points': 'p2003,p2001,p2005,p2007,p2009,p2010,p2022,p2016,p2012', 'start_time_stamp': '20260513180000', 'end_time_stamp': '20260513210000', 'minute_interval': 5}
2026-05-14 01:00:40,867 - root - INFO - Successfully upserted 65 data points.
2026-05-14 01:00:40,867 - root - INFO - Fetching minute data with payload: {'ps_key_list': ['1479456_5_16_2', '1479456_5_27_1', '1479456_5_23_1', '1479456_5_22_1', '1479456_5_15_2', '1479456_5_14_2', '1479456_5_5_1', '1479456_5_26_1', '1479456_5_25_1', '1479456_5_24_1', '1479456_5_10_2', '1479456_5_9_2', '1479456_5_21_1', '1479456_5_19_1', '1479456_5_18_1', '1479456_5_17_1'], 'points': 'p2003,p2001,p2005,p2007,p2009,p2010,p2022,p2016,p2012', 'start_time_stamp': '20260513120000', 'end_time_stamp': '20260513150000', 'minute_interval': 5}
2026-05-14 01:00:42,099 - root - INFO - Successfully upserted 88 data points.
2026-05-14 01:00:42,100 - root - INFO - Fetching minute data with payload: {'ps_key_list': ['1479456_1_12_1', '1479456_1_11_1', '1479456_1_10_1', '1479456_1_9_1', '1479456_1_8_1', '1479456_1_7_1', '1479456_1_6_1', '1479456_1_2_2', '1479456_1_5_2', '1479456_1_1_2', '1479456_1_8_2', '1479456_1_1_1', '1479456_1_4_2', '1479456_1_3_2', '1479456_1_16_1', '1479456_1_15_1', '1479456_1_14_1', '1479456_1_13_1'], 'points': 'p96,p97,p98,p99,p100,p101,p102,p103,p104,p105,p106,p107,p108,p109,p110,p111,p112,p113,p7166,p7167,p7168,p7169,p7170,p7171,p70,p71,p72,p73,p74,p75,p76,p77,p78,p79,p80,p81,p82,p83,p84,p85,p92,p93,p313,p314,p315,p316,p317,p318', 'start_time_stamp': '20260513090000', 'end_time_stamp': '20260513120000', 'minute_interval': 5}
2026-05-14 01:00:42,184 - root - INFO - Successfully upserted 136 data points.
2026-05-14 01:00:42,184 - root - INFO - Fetching minute data with payload: {'ps_key_list': ['1479456_1_12_1', '1479456_1_11_1', '1479456_1_10_1', '1479456_1_9_1', '1479456_1_8_1', '1479456_1_7_1', '1479456_1_6_1', '1479456_1_2_2', '1479456_1_5_2', '1479456_1_1_2', '1479456_1_8_2', '1479456_1_1_1', '1479456_1_4_2', '1479456_1_3_2', '1479456_1_16_1', '1479456_1_15_1', '1479456_1_14_1', '1479456_1_13_1'], 'points': 'p96,p97,p98,p99,p100,p101,p102,p103,p104,p105,p106,p107,p108,p109,p110,p111,p112,p113,p7166,p7167,p7168,p7169,p7170,p7171,p70,p71,p72,p73,p74,p75,p76,p77,p78,p79,p80,p81,p82,p83,p84,p85,p92,p93,p313,p314,p315,p316,p317,p318', 'start_time_stamp': '20260513210000', 'end_time_stamp': '20260513235959', 'minute_interval': 5}
2026-05-14 01:00:42,274 - root - INFO - Successfully upserted 37 data points.
2026-05-14 01:00:42,275 - root - INFO - Fetching minute data with payload: {'ps_key_list': ['1479456_1_12_1', '1479456_1_11_1', '1479456_1_10_1', '1479456_1_9_1', '1479456_1_8_1', '1479456_1_7_1', '1479456_1_6_1', '1479456_1_2_2', '1479456_1_5_2', '1479456_1_1_2', '1479456_1_8_2', '1479456_1_1_1', '1479456_1_4_2', '1479456_1_3_2', '1479456_1_16_1', '1479456_1_15_1', '1479456_1_14_1', '1479456_1_13_1'], 'points': 'p96,p97,p98,p99,p100,p101,p102,p103,p104,p105,p106,p107,p108,p109,p110,p111,p112,p113,p7166,p7167,p7168,p7169,p7170,p7171,p70,p71,p72,p73,p74,p75,p76,p77,p78,p79,p80,p81,p82,p83,p84,p85,p92,p93,p313,p314,p315,p316,p317,p318', 'start_time_stamp': '20260513060000', 'end_time_stamp': '20260513090000', 'minute_interval': 5}
2026-05-14 01:00:43,036 - root - INFO - Successfully upserted 37 data points.
2026-05-14 01:00:43,036 - root - INFO - Fetching minute data with payload: {'ps_key_list': ['1479456_1_12_1', '1479456_1_11_1', '1479456_1_10_1', '1479456_1_9_1', '1479456_1_8_1', '1479456_1_7_1', '1479456_1_6_1', '1479456_1_2_2', '1479456_1_5_2', '1479456_1_1_2', '1479456_1_8_2', '1479456_1_1_1', '1479456_1_4_2', '1479456_1_3_2', '1479456_1_16_1', '1479456_1_15_1', '1479456_1_14_1', '1479456_1_13_1'], 'points': 'p96,p97,p98,p99,p100,p101,p102,p103,p104,p105,p106,p107,p108,p109,p110,p111,p112,p113,p7166,p7167,p7168,p7169,p7170,p7171,p70,p71,p72,p73,p74,p75,p76,p77,p78,p79,p80,p81,p82,p83,p84,p85,p92,p93,p313,p314,p315,p316,p317,p318', 'start_time_stamp': '20260513030000', 'end_time_stamp': '20260513060000', 'minute_interval': 5}
2026-05-14 01:00:43,507 - root - INFO - Successfully upserted 185 data points.
2026-05-14 01:00:43,507 - root - INFO - Fetching minute data with payload: {'ps_key_list': ['1479456_1_12_1', '1479456_1_11_1', '1479456_1_10_1', '1479456_1_9_1', '1479456_1_8_1', '1479456_1_7_1', '1479456_1_6_1', '1479456_1_2_2', '1479456_1_5_2', '1479456_1_1_2', '1479456_1_8_2', '1479456_1_1_1', '1479456_1_4_2', '1479456_1_3_2', '1479456_1_16_1', '1479456_1_15_1', '1479456_1_14_1', '1479456_1_13_1'], 'points': 'p96,p97,p98,p99,p100,p101,p102,p103,p104,p105,p106,p107,p108,p109,p110,p111,p112,p113,p7166,p7167,p7168,p7169,p7170,p7171,p70,p71,p72,p73,p74,p75,p76,p77,p78,p79,p80,p81,p82,p83,p84,p85,p92,p93,p313,p314,p315,p316,p317,p318', 'start_time_stamp': '20260513150000', 'end_time_stamp': '20260513180000', 'minute_interval': 5}
2026-05-14 01:00:43,692 - root - INFO - Successfully upserted 185 data points.
2026-05-14 01:00:43,692 - root - INFO - Successfully upserted 182 data points.
2026-05-14 01:00:43,692 - root - INFO - Fetching minute data with payload: {'ps_key_list': ['1479456_1_12_1', '1479456_1_11_1', '1479456_1_10_1', '1479456_1_9_1', '1479456_1_8_1', '1479456_1_7_1', '1479456_1_6_1', '1479456_1_2_2', '1479456_1_5_2', '1479456_1_1_2', '1479456_1_8_2', '1479456_1_1_1', '1479456_1_4_2', '1479456_1_3_2', '1479456_1_16_1', '1479456_1_15_1', '1479456_1_14_1', '1479456_1_13_1'], 'points': 'p96,p97,p98,p99,p100,p101,p102,p103,p104,p105,p106,p107,p108,p109,p110,p111,p112,p113,p7166,p7167,p7168,p7169,p7170,p7171,p70,p71,p72,p73,p74,p75,p76,p77,p78,p79,p80,p81,p82,p83,p84,p85,p92,p93,p313,p314,p315,p316,p317,p318', 'start_time_stamp': '20260513180000', 'end_time_stamp': '20260513210000', 'minute_interval': 5}
2026-05-14 01:00:43,693 - root - INFO - Fetching minute data with payload: {'ps_key_list': ['1479456_1_12_1', '1479456_1_11_1', '1479456_1_10_1', '1479456_1_9_1', '1479456_1_8_1', '1479456_1_7_1', '1479456_1_6_1', '1479456_1_2_2', '1479456_1_5_2', '1479456_1_1_2', '1479456_1_8_2', '1479456_1_1_1', '1479456_1_4_2', '1479456_1_3_2', '1479456_1_16_1', '1479456_1_15_1', '1479456_1_14_1', '1479456_1_13_1'], 'points': 'p96,p97,p98,p99,p100,p101,p102,p103,p104,p105,p106,p107,p108,p109,p110,p111,p112,p113,p7166,p7167,p7168,p7169,p7170,p7171,p70,p71,p72,p73,p74,p75,p76,p77,p78,p79,p80,p81,p82,p83,p84,p85,p92,p93,p313,p314,p315,p316,p317,p318', 'start_time_stamp': '20260513120000', 'end_time_stamp': '20260513150000', 'minute_interval': 5}
2026-05-14 01:00:43,755 - root - INFO - Successfully upserted 666 data points.
2026-05-14 01:00:43,758 - root - INFO - Fetching minute data with payload: {'ps_key_list': ['1479456_7_3_1', '1479456_7_2_1', '1479456_7_4_1', '1479456_7_13_2', '1479456_7_12_2', '1479456_7_11_2', '1479456_7_20_1'], 'points': 'p8030,p8031,p8032,p8033,p8018,p8014', 'start_time_stamp': '20260513000000', 'end_time_stamp': '20260513030000', 'minute_interval': 5}
2026-05-14 01:00:45,226 - root - INFO - Successfully upserted 648 data points.
2026-05-14 01:00:45,227 - root - INFO - Fetching minute data with payload: {'ps_key_list': ['1479456_7_3_1', '1479456_7_2_1', '1479456_7_4_1', '1479456_7_13_2', '1479456_7_12_2', '1479456_7_11_2', '1479456_7_20_1'], 'points': 'p8030,p8031,p8032,p8033,p8018,p8014', 'start_time_stamp': '20260513210000', 'end_time_stamp': '20260513235959', 'minute_interval': 5}
2026-05-14 01:00:45,268 - root - INFO - Successfully upserted 666 data points.
2026-05-14 01:00:45,269 - root - INFO - Fetching minute data with payload: {'ps_key_list': ['1479456_7_3_1', '1479456_7_2_1', '1479456_7_4_1', '1479456_7_13_2', '1479456_7_12_2', '1479456_7_11_2', '1479456_7_20_1'], 'points': 'p8030,p8031,p8032,p8033,p8018,p8014', 'start_time_stamp': '20260513090000', 'end_time_stamp': '20260513120000', 'minute_interval': 5}
2026-05-14 01:00:45,460 - root - INFO - Successfully upserted 666 data points.
2026-05-14 01:00:45,460 - root - INFO - Fetching minute data with payload: {'ps_key_list': ['1479456_7_3_1', '1479456_7_2_1', '1479456_7_4_1', '1479456_7_13_2', '1479456_7_12_2', '1479456_7_11_2', '1479456_7_20_1'], 'points': 'p8030,p8031,p8032,p8033,p8018,p8014', 'start_time_stamp': '20260513060000', 'end_time_stamp': '20260513090000', 'minute_interval': 5}
2026-05-14 01:00:46,184 - root - INFO - Successfully upserted 666 data points.
2026-05-14 01:00:46,184 - root - INFO - Fetching minute data with payload: {'ps_key_list': ['1479456_7_3_1', '1479456_7_2_1', '1479456_7_4_1', '1479456_7_13_2', '1479456_7_12_2', '1479456_7_11_2', '1479456_7_20_1'], 'points': 'p8030,p8031,p8032,p8033,p8018,p8014', 'start_time_stamp': '20260513030000', 'end_time_stamp': '20260513060000', 'minute_interval': 5}
2026-05-14 01:00:46,430 - root - INFO - Successfully upserted 222 data points.
2026-05-14 01:00:46,431 - root - INFO - Fetching minute data with payload: {'ps_key_list': ['1789614_5_9_1', '1789614_5_8_1'], 'points': 'p2003,p2001,p2005,p2007,p2009,p2010,p2022,p2016,p2012', 'start_time_stamp': '20260513000000', 'end_time_stamp': '20260513030000', 'minute_interval': 5}
2026-05-14 01:00:46,503 - root - INFO - Successfully upserted 666 data points.
2026-05-14 01:00:46,504 - root - INFO - Fetching minute data with payload: {'ps_key_list': ['1479456_7_3_1', '1479456_7_2_1', '1479456_7_4_1', '1479456_7_13_2', '1479456_7_12_2', '1479456_7_11_2', '1479456_7_20_1'], 'points': 'p8030,p8031,p8032,p8033,p8018,p8014', 'start_time_stamp': '20260513150000', 'end_time_stamp': '20260513180000', 'minute_interval': 5}
2026-05-14 01:00:47,041 - root - INFO - Successfully upserted 666 data points.
2026-05-14 01:00:47,042 - root - INFO - Fetching minute data with payload: {'ps_key_list': ['1479456_7_3_1', '1479456_7_2_1', '1479456_7_4_1', '1479456_7_13_2', '1479456_7_12_2', '1479456_7_11_2', '1479456_7_20_1'], 'points': 'p8030,p8031,p8032,p8033,p8018,p8014', 'start_time_stamp': '20260513120000', 'end_time_stamp': '20260513150000', 'minute_interval': 5}
2026-05-14 01:00:47,055 - root - INFO - Successfully upserted 666 data points.
2026-05-14 01:00:47,056 - root - INFO - Fetching minute data with payload: {'ps_key_list': ['1479456_7_3_1', '1479456_7_2_1', '1479456_7_4_1', '1479456_7_13_2', '1479456_7_12_2', '1479456_7_11_2', '1479456_7_20_1'], 'points': 'p8030,p8031,p8032,p8033,p8018,p8014', 'start_time_stamp': '20260513180000', 'end_time_stamp': '20260513210000', 'minute_interval': 5}
2026-05-14 01:00:47,981 - root - INFO - Successfully upserted 216 data points.
2026-05-14 01:00:47,982 - root - INFO - Fetching minute data with payload: {'ps_key_list': ['1789614_5_9_1', '1789614_5_8_1'], 'points': 'p2003,p2001,p2005,p2007,p2009,p2010,p2022,p2016,p2012', 'start_time_stamp': '20260513210000', 'end_time_stamp': '20260513235959', 'minute_interval': 5}
2026-05-14 01:00:47,993 - root - INFO - Successfully upserted 222 data points.
2026-05-14 01:00:47,994 - root - INFO - Fetching minute data with payload: {'ps_key_list': ['1789614_5_9_1', '1789614_5_8_1'], 'points': 'p2003,p2001,p2005,p2007,p2009,p2010,p2022,p2016,p2012', 'start_time_stamp': '20260513090000', 'end_time_stamp': '20260513120000', 'minute_interval': 5}
2026-05-14 01:00:48,118 - root - INFO - Successfully upserted 222 data points.
2026-05-14 01:00:48,118 - root - INFO - Fetching minute data with payload: {'ps_key_list': ['1789614_5_9_1', '1789614_5_8_1'], 'points': 'p2003,p2001,p2005,p2007,p2009,p2010,p2022,p2016,p2012', 'start_time_stamp': '20260513060000', 'end_time_stamp': '20260513090000', 'minute_interval': 5}
2026-05-14 01:00:48,836 - root - INFO - Successfully upserted 222 data points.
2026-05-14 01:00:48,836 - root - INFO - Fetching minute data with payload: {'ps_key_list': ['1789614_5_9_1', '1789614_5_8_1'], 'points': 'p2003,p2001,p2005,p2007,p2009,p2010,p2022,p2016,p2012', 'start_time_stamp': '20260513030000', 'end_time_stamp': '20260513060000', 'minute_interval': 5}
2026-05-14 01:00:48,980 - root - INFO - Successfully upserted 74 data points.
2026-05-14 01:00:48,981 - root - INFO - Fetching minute data with payload: {'ps_key_list': ['1789614_7_7_1', '1789614_7_6_1'], 'points': 'p8030,p8031,p8032,p8033,p8018,p8014', 'start_time_stamp': '20260513000000', 'end_time_stamp': '20260513030000', 'minute_interval': 5}
2026-05-14 01:00:49,119 - root - INFO - Successfully upserted 222 data points.
2026-05-14 01:00:49,120 - root - INFO - Fetching minute data with payload: {'ps_key_list': ['1789614_5_9_1', '1789614_5_8_1'], 'points': 'p2003,p2001,p2005,p2007,p2009,p2010,p2022,p2016,p2012', 'start_time_stamp': '20260513150000', 'end_time_stamp': '20260513180000', 'minute_interval': 5}
2026-05-14 01:00:49,678 - root - INFO - Successfully upserted 222 data points.
2026-05-14 01:00:49,678 - root - INFO - Fetching minute data with payload: {'ps_key_list': ['1789614_5_9_1', '1789614_5_8_1'], 'points': 'p2003,p2001,p2005,p2007,p2009,p2010,p2022,p2016,p2012', 'start_time_stamp': '20260513120000', 'end_time_stamp': '20260513150000', 'minute_interval': 5}
2026-05-14 01:00:49,754 - root - INFO - Successfully upserted 222 data points.
2026-05-14 01:00:49,755 - root - INFO - Fetching minute data with payload: {'ps_key_list': ['1789614_5_9_1', '1789614_5_8_1'], 'points': 'p2003,p2001,p2005,p2007,p2009,p2010,p2022,p2016,p2012', 'start_time_stamp': '20260513180000', 'end_time_stamp': '20260513210000', 'minute_interval': 5}
2026-05-14 01:00:50,675 - root - INFO - Successfully upserted 74 data points.
2026-05-14 01:00:50,677 - root - INFO - Fetching minute data with payload: {'ps_key_list': ['1789614_7_7_1', '1789614_7_6_1'], 'points': 'p8030,p8031,p8032,p8033,p8018,p8014', 'start_time_stamp': '20260513090000', 'end_time_stamp': '20260513120000', 'minute_interval': 5}
2026-05-14 01:00:50,697 - root - INFO - Successfully upserted 72 data points.
2026-05-14 01:00:50,697 - root - INFO - Fetching minute data with payload: {'ps_key_list': ['1789614_7_7_1', '1789614_7_6_1'], 'points': 'p8030,p8031,p8032,p8033,p8018,p8014', 'start_time_stamp': '20260513210000', 'end_time_stamp': '20260513235959', 'minute_interval': 5}
2026-05-14 01:00:50,767 - root - INFO - Successfully upserted 74 data points.
2026-05-14 01:00:50,767 - root - INFO - Fetching minute data with payload: {'ps_key_list': ['1789614_7_7_1', '1789614_7_6_1'], 'points': 'p8030,p8031,p8032,p8033,p8018,p8014', 'start_time_stamp': '20260513060000', 'end_time_stamp': '20260513090000', 'minute_interval': 5}
2026-05-14 01:00:51,463 - root - INFO - Successfully upserted 74 data points.
2026-05-14 01:00:51,463 - root - INFO - Fetching minute data with payload: {'ps_key_list': ['1789614_7_7_1', '1789614_7_6_1'], 'points': 'p8030,p8031,p8032,p8033,p8018,p8014', 'start_time_stamp': '20260513030000', 'end_time_stamp': '20260513060000', 'minute_interval': 5}
2026-05-14 01:00:51,623 - root - INFO - Successfully upserted 74 data points.
2026-05-14 01:00:51,624 - root - INFO - Fetching minute data with payload: {'ps_key_list': ['1789614_1_4_1', '1789614_1_3_1', '1789614_1_2_1', '1789614_1_1_1'], 'points': 'p96,p97,p98,p99,p100,p101,p102,p103,p104,p105,p106,p107,p108,p109,p110,p111,p112,p113,p7166,p7167,p7168,p7169,p7170,p7171,p70,p71,p72,p73,p74,p75,p76,p77,p78,p79,p80,p81,p82,p83,p84,p85,p92,p93,p313,p314,p315,p316,p317,p318', 'start_time_stamp': '20260513000000', 'end_time_stamp': '20260513030000', 'minute_interval': 5}
2026-05-14 01:00:51,882 - root - INFO - Successfully upserted 74 data points.
2026-05-14 01:00:51,883 - root - INFO - Fetching minute data with payload: {'ps_key_list': ['1789614_7_7_1', '1789614_7_6_1'], 'points': 'p8030,p8031,p8032,p8033,p8018,p8014', 'start_time_stamp': '20260513150000', 'end_time_stamp': '20260513180000', 'minute_interval': 5}
2026-05-14 01:00:52,238 - root - INFO - Successfully upserted 74 data points.
2026-05-14 01:00:52,238 - root - INFO - Fetching minute data with payload: {'ps_key_list': ['1789614_7_7_1', '1789614_7_6_1'], 'points': 'p8030,p8031,p8032,p8033,p8018,p8014', 'start_time_stamp': '20260513120000', 'end_time_stamp': '20260513150000', 'minute_interval': 5}
2026-05-14 01:00:52,381 - root - INFO - Successfully upserted 74 data points.
2026-05-14 01:00:52,381 - root - INFO - Fetching minute data with payload: {'ps_key_list': ['1789614_7_7_1', '1789614_7_6_1'], 'points': 'p8030,p8031,p8032,p8033,p8018,p8014', 'start_time_stamp': '20260513180000', 'end_time_stamp': '20260513210000', 'minute_interval': 5}
2026-05-14 01:00:53,349 - root - INFO - Successfully upserted 74 data points.
2026-05-14 01:00:53,349 - root - INFO - Fetching minute data with payload: {'ps_key_list': ['1789614_1_4_1', '1789614_1_3_1', '1789614_1_2_1', '1789614_1_1_1'], 'points': 'p96,p97,p98,p99,p100,p101,p102,p103,p104,p105,p106,p107,p108,p109,p110,p111,p112,p113,p7166,p7167,p7168,p7169,p7170,p7171,p70,p71,p72,p73,p74,p75,p76,p77,p78,p79,p80,p81,p82,p83,p84,p85,p92,p93,p313,p314,p315,p316,p317,p318', 'start_time_stamp': '20260513090000', 'end_time_stamp': '20260513120000', 'minute_interval': 5}
2026-05-14 01:00:53,410 - root - INFO - Successfully upserted 72 data points.
2026-05-14 01:00:53,410 - root - INFO - Fetching minute data with payload: {'ps_key_list': ['1789614_1_4_1', '1789614_1_3_1', '1789614_1_2_1', '1789614_1_1_1'], 'points': 'p96,p97,p98,p99,p100,p101,p102,p103,p104,p105,p106,p107,p108,p109,p110,p111,p112,p113,p7166,p7167,p7168,p7169,p7170,p7171,p70,p71,p72,p73,p74,p75,p76,p77,p78,p79,p80,p81,p82,p83,p84,p85,p92,p93,p313,p314,p315,p316,p317,p318', 'start_time_stamp': '20260513210000', 'end_time_stamp': '20260513235959', 'minute_interval': 5}
2026-05-14 01:00:53,436 - root - INFO - Successfully upserted 74 data points.
2026-05-14 01:00:53,436 - root - INFO - Fetching minute data with payload: {'ps_key_list': ['1789614_1_4_1', '1789614_1_3_1', '1789614_1_2_1', '1789614_1_1_1'], 'points': 'p96,p97,p98,p99,p100,p101,p102,p103,p104,p105,p106,p107,p108,p109,p110,p111,p112,p113,p7166,p7167,p7168,p7169,p7170,p7171,p70,p71,p72,p73,p74,p75,p76,p77,p78,p79,p80,p81,p82,p83,p84,p85,p92,p93,p313,p314,p315,p316,p317,p318', 'start_time_stamp': '20260513060000', 'end_time_stamp': '20260513090000', 'minute_interval': 5}
2026-05-14 01:00:54,264 - root - INFO - Successfully upserted 74 data points.
2026-05-14 01:00:54,264 - root - INFO - Fetching minute data with payload: {'ps_key_list': ['1789614_1_4_1', '1789614_1_3_1', '1789614_1_2_1', '1789614_1_1_1'], 'points': 'p96,p97,p98,p99,p100,p101,p102,p103,p104,p105,p106,p107,p108,p109,p110,p111,p112,p113,p7166,p7167,p7168,p7169,p7170,p7171,p70,p71,p72,p73,p74,p75,p76,p77,p78,p79,p80,p81,p82,p83,p84,p85,p92,p93,p313,p314,p315,p316,p317,p318', 'start_time_stamp': '20260513030000', 'end_time_stamp': '20260513060000', 'minute_interval': 5}
2026-05-14 01:00:54,541 - root - INFO - Successfully upserted 148 data points.
2026-05-14 01:00:54,541 - root - INFO - Fetching minute data with payload: {'ps_key_list': ['1453245_7_15_1', '1453245_7_14_1', '1453245_7_16_1', '1453245_7_12_1', '1453245_7_9_1', '1453245_7_8_1', '1453245_7_17_1', '1453245_7_7_1'], 'points': 'p8030,p8031,p8032,p8033,p8018,p8014', 'start_time_stamp': '20260513000000', 'end_time_stamp': '20260513030000', 'minute_interval': 5}
2026-05-14 01:00:54,601 - root - INFO - Successfully upserted 74 data points.
2026-05-14 01:00:54,601 - root - INFO - Fetching minute data with payload: {'ps_key_list': ['1789614_1_4_1', '1789614_1_3_1', '1789614_1_2_1', '1789614_1_1_1'], 'points': 'p96,p97,p98,p99,p100,p101,p102,p103,p104,p105,p106,p107,p108,p109,p110,p111,p112,p113,p7166,p7167,p7168,p7169,p7170,p7171,p70,p71,p72,p73,p74,p75,p76,p77,p78,p79,p80,p81,p82,p83,p84,p85,p92,p93,p313,p314,p315,p316,p317,p318', 'start_time_stamp': '20260513150000', 'end_time_stamp': '20260513180000', 'minute_interval': 5}
2026-05-14 01:00:54,825 - root - INFO - Successfully upserted 74 data points.
2026-05-14 01:00:54,825 - root - INFO - Fetching minute data with payload: {'ps_key_list': ['1789614_1_4_1', '1789614_1_3_1', '1789614_1_2_1', '1789614_1_1_1'], 'points': 'p96,p97,p98,p99,p100,p101,p102,p103,p104,p105,p106,p107,p108,p109,p110,p111,p112,p113,p7166,p7167,p7168,p7169,p7170,p7171,p70,p71,p72,p73,p74,p75,p76,p77,p78,p79,p80,p81,p82,p83,p84,p85,p92,p93,p313,p314,p315,p316,p317,p318', 'start_time_stamp': '20260513120000', 'end_time_stamp': '20260513150000', 'minute_interval': 5}
2026-05-14 01:00:55,550 - root - INFO - Successfully upserted 74 data points.
2026-05-14 01:00:55,550 - root - INFO - Fetching minute data with payload: {'ps_key_list': ['1789614_1_4_1', '1789614_1_3_1', '1789614_1_2_1', '1789614_1_1_1'], 'points': 'p96,p97,p98,p99,p100,p101,p102,p103,p104,p105,p106,p107,p108,p109,p110,p111,p112,p113,p7166,p7167,p7168,p7169,p7170,p7171,p70,p71,p72,p73,p74,p75,p76,p77,p78,p79,p80,p81,p82,p83,p84,p85,p92,p93,p313,p314,p315,p316,p317,p318', 'start_time_stamp': '20260513180000', 'end_time_stamp': '20260513210000', 'minute_interval': 5}
2026-05-14 01:00:56,054 - root - INFO - Successfully upserted 148 data points.
2026-05-14 01:00:56,055 - root - INFO - Fetching minute data with payload: {'ps_key_list': ['1453245_7_15_1', '1453245_7_14_1', '1453245_7_16_1', '1453245_7_12_1', '1453245_7_9_1', '1453245_7_8_1', '1453245_7_17_1', '1453245_7_7_1'], 'points': 'p8030,p8031,p8032,p8033,p8018,p8014', 'start_time_stamp': '20260513090000', 'end_time_stamp': '20260513120000', 'minute_interval': 5}
2026-05-14 01:00:56,169 - root - INFO - Successfully upserted 144 data points.
2026-05-14 01:00:56,169 - root - INFO - Fetching minute data with payload: {'ps_key_list': ['1453245_7_15_1', '1453245_7_14_1', '1453245_7_16_1', '1453245_7_12_1', '1453245_7_9_1', '1453245_7_8_1', '1453245_7_17_1', '1453245_7_7_1'], 'points': 'p8030,p8031,p8032,p8033,p8018,p8014', 'start_time_stamp': '20260513210000', 'end_time_stamp': '20260513235959', 'minute_interval': 5}
2026-05-14 01:00:56,179 - root - INFO - Successfully upserted 148 data points.
2026-05-14 01:00:56,179 - root - INFO - Fetching minute data with payload: {'ps_key_list': ['1453245_7_15_1', '1453245_7_14_1', '1453245_7_16_1', '1453245_7_12_1', '1453245_7_9_1', '1453245_7_8_1', '1453245_7_17_1', '1453245_7_7_1'], 'points': 'p8030,p8031,p8032,p8033,p8018,p8014', 'start_time_stamp': '20260513060000', 'end_time_stamp': '20260513090000', 'minute_interval': 5}
2026-05-14 01:00:56,893 - root - INFO - Successfully upserted 148 data points.
2026-05-14 01:00:56,893 - root - INFO - Fetching minute data with payload: {'ps_key_list': ['1453245_7_15_1', '1453245_7_14_1', '1453245_7_16_1', '1453245_7_12_1', '1453245_7_9_1', '1453245_7_8_1', '1453245_7_17_1', '1453245_7_7_1'], 'points': 'p8030,p8031,p8032,p8033,p8018,p8014', 'start_time_stamp': '20260513030000', 'end_time_stamp': '20260513060000', 'minute_interval': 5}
2026-05-14 01:00:57,217 - root - INFO - Successfully upserted 296 data points.
2026-05-14 01:00:57,217 - root - INFO - Fetching minute data with payload: {'ps_key_list': ['1453245_5_13_1', '1453245_5_11_1', '1453245_5_10_1', '1453245_5_9_1'], 'points': 'p2003,p2001,p2005,p2007,p2009,p2010,p2022,p2016,p2012', 'start_time_stamp': '20260513000000', 'end_time_stamp': '20260513030000', 'minute_interval': 5}
2026-05-14 01:00:57,307 - root - INFO - Successfully upserted 148 data points.
2026-05-14 01:00:57,308 - root - INFO - Fetching minute data with payload: {'ps_key_list': ['1453245_7_15_1', '1453245_7_14_1', '1453245_7_16_1', '1453245_7_12_1', '1453245_7_9_1', '1453245_7_8_1', '1453245_7_17_1', '1453245_7_7_1'], 'points': 'p8030,p8031,p8032,p8033,p8018,p8014', 'start_time_stamp': '20260513150000', 'end_time_stamp': '20260513180000', 'minute_interval': 5}
2026-05-14 01:00:57,461 - root - INFO - Successfully upserted 148 data points.
2026-05-14 01:00:57,461 - root - INFO - Fetching minute data with payload: {'ps_key_list': ['1453245_7_15_1', '1453245_7_14_1', '1453245_7_16_1', '1453245_7_12_1', '1453245_7_9_1', '1453245_7_8_1', '1453245_7_17_1', '1453245_7_7_1'], 'points': 'p8030,p8031,p8032,p8033,p8018,p8014', 'start_time_stamp': '20260513120000', 'end_time_stamp': '20260513150000', 'minute_interval': 5}
2026-05-14 01:00:58,178 - root - INFO - Successfully upserted 148 data points.
2026-05-14 01:00:58,178 - root - INFO - Fetching minute data with payload: {'ps_key_list': ['1453245_7_15_1', '1453245_7_14_1', '1453245_7_16_1', '1453245_7_12_1', '1453245_7_9_1', '1453245_7_8_1', '1453245_7_17_1', '1453245_7_7_1'], 'points': 'p8030,p8031,p8032,p8033,p8018,p8014', 'start_time_stamp': '20260513180000', 'end_time_stamp': '20260513210000', 'minute_interval': 5}
2026-05-14 01:00:58,785 - root - INFO - Successfully upserted 296 data points.
2026-05-14 01:00:58,786 - root - INFO - Fetching minute data with payload: {'ps_key_list': ['1453245_5_13_1', '1453245_5_11_1', '1453245_5_10_1', '1453245_5_9_1'], 'points': 'p2003,p2001,p2005,p2007,p2009,p2010,p2022,p2016,p2012', 'start_time_stamp': '20260513090000', 'end_time_stamp': '20260513120000', 'minute_interval': 5}
2026-05-14 01:00:58,874 - root - INFO - Successfully upserted 244 data points.
2026-05-14 01:00:58,874 - root - INFO - Fetching minute data with payload: {'ps_key_list': ['1453245_5_13_1', '1453245_5_11_1', '1453245_5_10_1', '1453245_5_9_1'], 'points': 'p2003,p2001,p2005,p2007,p2009,p2010,p2022,p2016,p2012', 'start_time_stamp': '20260513210000', 'end_time_stamp': '20260513235959', 'minute_interval': 5}
2026-05-14 01:00:58,942 - root - INFO - Successfully upserted 296 data points.
2026-05-14 01:00:58,942 - root - INFO - Fetching minute data with payload: {'ps_key_list': ['1453245_5_13_1', '1453245_5_11_1', '1453245_5_10_1', '1453245_5_9_1'], 'points': 'p2003,p2001,p2005,p2007,p2009,p2010,p2022,p2016,p2012', 'start_time_stamp': '20260513060000', 'end_time_stamp': '20260513090000', 'minute_interval': 5}
2026-05-14 01:00:59,764 - root - INFO - Successfully upserted 296 data points.
2026-05-14 01:00:59,764 - root - INFO - Fetching minute data with payload: {'ps_key_list': ['1453245_5_13_1', '1453245_5_11_1', '1453245_5_10_1', '1453245_5_9_1'], 'points': 'p2003,p2001,p2005,p2007,p2009,p2010,p2022,p2016,p2012', 'start_time_stamp': '20260513030000', 'end_time_stamp': '20260513060000', 'minute_interval': 5}
2026-05-14 01:00:59,843 - root - INFO - Successfully upserted 74 data points.
2026-05-14 01:00:59,843 - root - INFO - Fetching minute data with payload: {'ps_key_list': ['1453245_1_3_1', '1453245_1_4_1', '1453245_1_5_1', '1453245_1_6_1', '1453245_1_1_1', '1453245_1_2_1'], 'points': 'p96,p97,p98,p99,p100,p101,p102,p103,p104,p105,p106,p107,p108,p109,p110,p111,p112,p113,p7166,p7167,p7168,p7169,p7170,p7171,p70,p71,p72,p73,p74,p75,p76,p77,p78,p79,p80,p81,p82,p83,p84,p85,p92,p93,p313,p314,p315,p316,p317,p318', 'start_time_stamp': '20260513000000', 'end_time_stamp': '20260513030000', 'minute_interval': 5}
2026-05-14 01:01:00,098 - root - INFO - Successfully upserted 296 data points.
2026-05-14 01:01:00,098 - root - INFO - Fetching minute data with payload: {'ps_key_list': ['1453245_5_13_1', '1453245_5_11_1', '1453245_5_10_1', '1453245_5_9_1'], 'points': 'p2003,p2001,p2005,p2007,p2009,p2010,p2022,p2016,p2012', 'start_time_stamp': '20260513150000', 'end_time_stamp': '20260513180000', 'minute_interval': 5}
2026-05-14 01:01:00,166 - root - INFO - Successfully upserted 296 data points.
2026-05-14 01:01:00,166 - root - INFO - Fetching minute data with payload: {'ps_key_list': ['1453245_5_13_1', '1453245_5_11_1', '1453245_5_10_1', '1453245_5_9_1'], 'points': 'p2003,p2001,p2005,p2007,p2009,p2010,p2022,p2016,p2012', 'start_time_stamp': '20260513120000', 'end_time_stamp': '20260513150000', 'minute_interval': 5}
2026-05-14 01:01:00,835 - root - INFO - Successfully upserted 296 data points.
2026-05-14 01:01:00,835 - root - INFO - Fetching minute data with payload: {'ps_key_list': ['1453245_5_13_1', '1453245_5_11_1', '1453245_5_10_1', '1453245_5_9_1'], 'points': 'p2003,p2001,p2005,p2007,p2009,p2010,p2022,p2016,p2012', 'start_time_stamp': '20260513180000', 'end_time_stamp': '20260513210000', 'minute_interval': 5}
2026-05-14 01:01:01,418 - root - INFO - Successfully upserted 74 data points.
2026-05-14 01:01:01,419 - root - INFO - Fetching minute data with payload: {'ps_key_list': ['1453245_1_3_1', '1453245_1_4_1', '1453245_1_5_1', '1453245_1_6_1', '1453245_1_1_1', '1453245_1_2_1'], 'points': 'p96,p97,p98,p99,p100,p101,p102,p103,p104,p105,p106,p107,p108,p109,p110,p111,p112,p113,p7166,p7167,p7168,p7169,p7170,p7171,p70,p71,p72,p73,p74,p75,p76,p77,p78,p79,p80,p81,p82,p83,p84,p85,p92,p93,p313,p314,p315,p316,p317,p318', 'start_time_stamp': '20260513090000', 'end_time_stamp': '20260513120000', 'minute_interval': 5}
2026-05-14 01:01:01,475 - root - INFO - Successfully upserted 72 data points.
2026-05-14 01:01:01,475 - root - INFO - Fetching minute data with payload: {'ps_key_list': ['1453245_1_3_1', '1453245_1_4_1', '1453245_1_5_1', '1453245_1_6_1', '1453245_1_1_1', '1453245_1_2_1'], 'points': 'p96,p97,p98,p99,p100,p101,p102,p103,p104,p105,p106,p107,p108,p109,p110,p111,p112,p113,p7166,p7167,p7168,p7169,p7170,p7171,p70,p71,p72,p73,p74,p75,p76,p77,p78,p79,p80,p81,p82,p83,p84,p85,p92,p93,p313,p314,p315,p316,p317,p318', 'start_time_stamp': '20260513210000', 'end_time_stamp': '20260513235959', 'minute_interval': 5}
2026-05-14 01:01:01,522 - root - INFO - Successfully upserted 74 data points.
2026-05-14 01:01:01,523 - root - INFO - Fetching minute data with payload: {'ps_key_list': ['1453245_1_3_1', '1453245_1_4_1', '1453245_1_5_1', '1453245_1_6_1', '1453245_1_1_1', '1453245_1_2_1'], 'points': 'p96,p97,p98,p99,p100,p101,p102,p103,p104,p105,p106,p107,p108,p109,p110,p111,p112,p113,p7166,p7167,p7168,p7169,p7170,p7171,p70,p71,p72,p73,p74,p75,p76,p77,p78,p79,p80,p81,p82,p83,p84,p85,p92,p93,p313,p314,p315,p316,p317,p318', 'start_time_stamp': '20260513060000', 'end_time_stamp': '20260513090000', 'minute_interval': 5}
2026-05-14 01:01:02,411 - root - INFO - Successfully upserted 74 data points.
2026-05-14 01:01:02,411 - root - INFO - Fetching minute data with payload: {'ps_key_list': ['1453245_1_3_1', '1453245_1_4_1', '1453245_1_5_1', '1453245_1_6_1', '1453245_1_1_1', '1453245_1_2_1'], 'points': 'p96,p97,p98,p99,p100,p101,p102,p103,p104,p105,p106,p107,p108,p109,p110,p111,p112,p113,p7166,p7167,p7168,p7169,p7170,p7171,p70,p71,p72,p73,p74,p75,p76,p77,p78,p79,p80,p81,p82,p83,p84,p85,p92,p93,p313,p314,p315,p316,p317,p318', 'start_time_stamp': '20260513030000', 'end_time_stamp': '20260513060000', 'minute_interval': 5}
2026-05-14 01:01:02,570 - root - INFO - Successfully upserted 222 data points.
2026-05-14 01:01:02,570 - root - INFO - Fetching minute data with payload: {'ps_key_list': ['1449886_7_13_1', '1449886_7_11_1', '1449886_7_9_1', '1449886_7_8_1', '1449886_7_7_1'], 'points': 'p8030,p8031,p8032,p8033,p8018,p8014', 'start_time_stamp': '20260513000000', 'end_time_stamp': '20260513030000', 'minute_interval': 5}
2026-05-14 01:01:02,749 - root - INFO - Successfully upserted 74 data points.
2026-05-14 01:01:02,749 - root - INFO - Fetching minute data with payload: {'ps_key_list': ['1453245_1_3_1', '1453245_1_4_1', '1453245_1_5_1', '1453245_1_6_1', '1453245_1_1_1', '1453245_1_2_1'], 'points': 'p96,p97,p98,p99,p100,p101,p102,p103,p104,p105,p106,p107,p108,p109,p110,p111,p112,p113,p7166,p7167,p7168,p7169,p7170,p7171,p70,p71,p72,p73,p74,p75,p76,p77,p78,p79,p80,p81,p82,p83,p84,p85,p92,p93,p313,p314,p315,p316,p317,p318', 'start_time_stamp': '20260513150000', 'end_time_stamp': '20260513180000', 'minute_interval': 5}
2026-05-14 01:01:02,796 - root - INFO - Successfully upserted 74 data points.
2026-05-14 01:01:02,797 - root - INFO - Fetching minute data with payload: {'ps_key_list': ['1453245_1_3_1', '1453245_1_4_1', '1453245_1_5_1', '1453245_1_6_1', '1453245_1_1_1', '1453245_1_2_1'], 'points': 'p96,p97,p98,p99,p100,p101,p102,p103,p104,p105,p106,p107,p108,p109,p110,p111,p112,p113,p7166,p7167,p7168,p7169,p7170,p7171,p70,p71,p72,p73,p74,p75,p76,p77,p78,p79,p80,p81,p82,p83,p84,p85,p92,p93,p313,p314,p315,p316,p317,p318', 'start_time_stamp': '20260513120000', 'end_time_stamp': '20260513150000', 'minute_interval': 5}
2026-05-14 01:01:03,327 - root - INFO - Successfully upserted 74 data points.
2026-05-14 01:01:03,328 - root - INFO - Fetching minute data with payload: {'ps_key_list': ['1453245_1_3_1', '1453245_1_4_1', '1453245_1_5_1', '1453245_1_6_1', '1453245_1_1_1', '1453245_1_2_1'], 'points': 'p96,p97,p98,p99,p100,p101,p102,p103,p104,p105,p106,p107,p108,p109,p110,p111,p112,p113,p7166,p7167,p7168,p7169,p7170,p7171,p70,p71,p72,p73,p74,p75,p76,p77,p78,p79,p80,p81,p82,p83,p84,p85,p92,p93,p313,p314,p315,p316,p317,p318', 'start_time_stamp': '20260513180000', 'end_time_stamp': '20260513210000', 'minute_interval': 5}
2026-05-14 01:01:04,193 - root - INFO - Successfully upserted 190 data points.
2026-05-14 01:01:04,193 - root - INFO - Fetching minute data with payload: {'ps_key_list': ['1449886_7_13_1', '1449886_7_11_1', '1449886_7_9_1', '1449886_7_8_1', '1449886_7_7_1'], 'points': 'p8030,p8031,p8032,p8033,p8018,p8014', 'start_time_stamp': '20260513090000', 'end_time_stamp': '20260513120000', 'minute_interval': 5}
2026-05-14 01:01:04,270 - root - INFO - Successfully upserted 216 data points.
2026-05-14 01:01:04,270 - root - INFO - Fetching minute data with payload: {'ps_key_list': ['1449886_7_13_1', '1449886_7_11_1', '1449886_7_9_1', '1449886_7_8_1', '1449886_7_7_1'], 'points': 'p8030,p8031,p8032,p8033,p8018,p8014', 'start_time_stamp': '20260513210000', 'end_time_stamp': '20260513235959', 'minute_interval': 5}
2026-05-14 01:01:04,324 - root - INFO - Successfully upserted 222 data points.
2026-05-14 01:01:04,324 - root - INFO - Fetching minute data with payload: {'ps_key_list': ['1449886_7_13_1', '1449886_7_11_1', '1449886_7_9_1', '1449886_7_8_1', '1449886_7_7_1'], 'points': 'p8030,p8031,p8032,p8033,p8018,p8014', 'start_time_stamp': '20260513060000', 'end_time_stamp': '20260513090000', 'minute_interval': 5}
2026-05-14 01:01:05,119 - root - INFO - Successfully upserted 222 data points.
2026-05-14 01:01:05,119 - root - INFO - Fetching minute data with payload: {'ps_key_list': ['1449886_7_13_1', '1449886_7_11_1', '1449886_7_9_1', '1449886_7_8_1', '1449886_7_7_1'], 'points': 'p8030,p8031,p8032,p8033,p8018,p8014', 'start_time_stamp': '20260513030000', 'end_time_stamp': '20260513060000', 'minute_interval': 5}
2026-05-14 01:01:05,222 - root - INFO - Successfully upserted 148 data points.
2026-05-14 01:01:05,222 - root - INFO - Fetching minute data with payload: {'ps_key_list': ['1449886_5_12_1', '1449886_5_6_1', '1449886_5_4_1', '1449886_5_5_1'], 'points': 'p2003,p2001,p2005,p2007,p2009,p2010,p2022,p2016,p2012', 'start_time_stamp': '20260513000000', 'end_time_stamp': '20260513030000', 'minute_interval': 5}
2026-05-14 01:01:05,530 - root - INFO - Successfully upserted 204 data points.
2026-05-14 01:01:05,531 - root - INFO - Fetching minute data with payload: {'ps_key_list': ['1449886_7_13_1', '1449886_7_11_1', '1449886_7_9_1', '1449886_7_8_1', '1449886_7_7_1'], 'points': 'p8030,p8031,p8032,p8033,p8018,p8014', 'start_time_stamp': '20260513150000', 'end_time_stamp': '20260513180000', 'minute_interval': 5}
2026-05-14 01:01:05,579 - root - INFO - Successfully upserted 196 data points.
2026-05-14 01:01:05,579 - root - INFO - Fetching minute data with payload: {'ps_key_list': ['1449886_7_13_1', '1449886_7_11_1', '1449886_7_9_1', '1449886_7_8_1', '1449886_7_7_1'], 'points': 'p8030,p8031,p8032,p8033,p8018,p8014', 'start_time_stamp': '20260513120000', 'end_time_stamp': '20260513150000', 'minute_interval': 5}
2026-05-14 01:01:05,980 - root - INFO - Successfully upserted 222 data points.
2026-05-14 01:01:05,981 - root - INFO - Fetching minute data with payload: {'ps_key_list': ['1449886_7_13_1', '1449886_7_11_1', '1449886_7_9_1', '1449886_7_8_1', '1449886_7_7_1'], 'points': 'p8030,p8031,p8032,p8033,p8018,p8014', 'start_time_stamp': '20260513180000', 'end_time_stamp': '20260513210000', 'minute_interval': 5}
2026-05-14 01:01:07,303 - root - INFO - Successfully upserted 144 data points.
2026-05-14 01:01:07,303 - root - INFO - Fetching minute data with payload: {'ps_key_list': ['1449886_5_12_1', '1449886_5_6_1', '1449886_5_4_1', '1449886_5_5_1'], 'points': 'p2003,p2001,p2005,p2007,p2009,p2010,p2022,p2016,p2012', 'start_time_stamp': '20260513210000', 'end_time_stamp': '20260513235959', 'minute_interval': 5}
2026-05-14 01:01:07,353 - root - INFO - Successfully upserted 148 data points.
2026-05-14 01:01:07,353 - root - INFO - Fetching minute data with payload: {'ps_key_list': ['1449886_5_12_1', '1449886_5_6_1', '1449886_5_4_1', '1449886_5_5_1'], 'points': 'p2003,p2001,p2005,p2007,p2009,p2010,p2022,p2016,p2012', 'start_time_stamp': '20260513090000', 'end_time_stamp': '20260513120000', 'minute_interval': 5}
2026-05-14 01:01:07,361 - root - INFO - Retrying API request after rate limit wait...
2026-05-14 01:01:07,361 - root - INFO - Making API request to: https://sg5.fusionsolar.huawei.com/rest/openapi/pvms/nbi/v1/device/history
2026-05-14 01:01:07,362 - root - INFO - Request payload: {'devDn': 'NE=61900432', 'devTypeId': 17, 'startTime': 1778605200000, 'endTime': 1778691599000}
2026-05-14 01:01:07,389 - root - INFO - Successfully upserted 148 data points.
2026-05-14 01:01:07,391 - root - INFO - Fetching minute data with payload: {'ps_key_list': ['1449886_5_12_1', '1449886_5_6_1', '1449886_5_4_1', '1449886_5_5_1'], 'points': 'p2003,p2001,p2005,p2007,p2009,p2010,p2022,p2016,p2012', 'start_time_stamp': '20260513060000', 'end_time_stamp': '20260513090000', 'minute_interval': 5}
2026-05-14 01:01:07,798 - root - INFO - Successfully upserted 148 data points.
2026-05-14 01:01:07,798 - root - INFO - Fetching minute data with payload: {'ps_key_list': ['1449886_5_12_1', '1449886_5_6_1', '1449886_5_4_1', '1449886_5_5_1'], 'points': 'p2003,p2001,p2005,p2007,p2009,p2010,p2022,p2016,p2012', 'start_time_stamp': '20260513030000', 'end_time_stamp': '20260513060000', 'minute_interval': 5}
2026-05-14 01:01:08,006 - root - INFO - Response status code: 200
2026-05-14 01:01:08,006 - root - INFO - API response from https://sg5.fusionsolar.huawei.com/rest/openapi/pvms/nbi/v1/device/history (truncated): {'failCode': 0, 'success': True, 'message': 'historical data information query successful.', 'data': []}
2026-05-14 01:01:08,012 - root - INFO - API Response type: <class 'dict'>
2026-05-14 01:01:08,012 - root - INFO - API Response keys: ['failCode', 'success', 'message', 'data']
2026-05-14 01:01:08,012 - root - INFO - API Response data is a list with 0 items
2026-05-14 01:01:08,012 - root - INFO - API Response has failCode: 0, message: historical data information query successful.
2026-05-14 01:01:08,013 - root - INFO - Using alternate response format: data as list
2026-05-14 01:01:08,013 - root - INFO - No data points returned for the query period
2026-05-14 01:01:08,013 - root - INFO - Using single devDn for device/history (API: one device per query)
2026-05-14 01:01:08,016 - root - INFO - Fetching historical data for 1 devices of type meter
2026-05-14 01:01:08,018 - root - INFO - Making API request to: https://sg5.fusionsolar.huawei.com/rest/openapi/pvms/nbi/v1/device/history
2026-05-14 01:01:08,018 - root - INFO - Request payload: {'devDn': 'NE=61913836', 'devTypeId': 17, 'startTime': 1778605200000, 'endTime': 1778691599000}
2026-05-14 01:01:08,227 - root - INFO - Successfully upserted 148 data points.
2026-05-14 01:01:08,228 - root - INFO - Fetching minute data with payload: {'ps_key_list': ['1449886_5_12_1', '1449886_5_6_1', '1449886_5_4_1', '1449886_5_5_1'], 'points': 'p2003,p2001,p2005,p2007,p2009,p2010,p2022,p2016,p2012', 'start_time_stamp': '20260513150000', 'end_time_stamp': '20260513180000', 'minute_interval': 5}
2026-05-14 01:01:08,277 - root - INFO - Successfully upserted 148 data points.
2026-05-14 01:01:08,278 - root - INFO - Fetching minute data with payload: {'ps_key_list': ['1449886_5_12_1', '1449886_5_6_1', '1449886_5_4_1', '1449886_5_5_1'], 'points': 'p2003,p2001,p2005,p2007,p2009,p2010,p2022,p2016,p2012', 'start_time_stamp': '20260513120000', 'end_time_stamp': '20260513150000', 'minute_interval': 5}
2026-05-14 01:01:08,321 - root - INFO - Successfully upserted 148 data points.
2026-05-14 01:01:08,322 - root - INFO - Fetching minute data with payload: {'ps_key_list': ['1449886_1_2_1', '1449886_1_1_1', '1449886_1_3_1'], 'points': 'p96,p97,p98,p99,p100,p101,p102,p103,p104,p105,p106,p107,p108,p109,p110,p111,p112,p113,p7166,p7167,p7168,p7169,p7170,p7171,p70,p71,p72,p73,p74,p75,p76,p77,p78,p79,p80,p81,p82,p83,p84,p85,p92,p93,p313,p314,p315,p316,p317,p318', 'start_time_stamp': '20260513000000', 'end_time_stamp': '20260513030000', 'minute_interval': 5}
2026-05-14 01:01:08,403 - root - INFO - Response status code: 200
2026-05-14 01:01:08,416 - root - INFO - API response from https://sg5.fusionsolar.huawei.com/rest/openapi/pvms/nbi/v1/device/history (truncated): {'failCode': 407, 'success': False, 'message': 'Interface access frequency:0.39333333333333337/1second', 'data': []}
2026-05-14 01:01:08,417 - root - WARNING - API access frequency too high. Waiting 30 seconds before retry...
2026-05-14 01:01:08,506 - root - INFO - Successfully upserted 148 data points.
2026-05-14 01:01:08,507 - root - INFO - Fetching minute data with payload: {'ps_key_list': ['1449886_5_12_1', '1449886_5_6_1', '1449886_5_4_1', '1449886_5_5_1'], 'points': 'p2003,p2001,p2005,p2007,p2009,p2010,p2022,p2016,p2012', 'start_time_stamp': '20260513180000', 'end_time_stamp': '20260513210000', 'minute_interval': 5}
2026-05-14 01:01:10,099 - root - INFO - Successfully upserted 144 data points.
2026-05-14 01:01:10,100 - root - INFO - Fetching minute data with payload: {'ps_key_list': ['1449886_1_2_1', '1449886_1_1_1', '1449886_1_3_1'], 'points': 'p96,p97,p98,p99,p100,p101,p102,p103,p104,p105,p106,p107,p108,p109,p110,p111,p112,p113,p7166,p7167,p7168,p7169,p7170,p7171,p70,p71,p72,p73,p74,p75,p76,p77,p78,p79,p80,p81,p82,p83,p84,p85,p92,p93,p313,p314,p315,p316,p317,p318', 'start_time_stamp': '20260513210000', 'end_time_stamp': '20260513235959', 'minute_interval': 5}
2026-05-14 01:01:10,141 - root - INFO - Successfully upserted 148 data points.
2026-05-14 01:01:10,141 - root - INFO - Fetching minute data with payload: {'ps_key_list': ['1449886_1_2_1', '1449886_1_1_1', '1449886_1_3_1'], 'points': 'p96,p97,p98,p99,p100,p101,p102,p103,p104,p105,p106,p107,p108,p109,p110,p111,p112,p113,p7166,p7167,p7168,p7169,p7170,p7171,p70,p71,p72,p73,p74,p75,p76,p77,p78,p79,p80,p81,p82,p83,p84,p85,p92,p93,p313,p314,p315,p316,p317,p318', 'start_time_stamp': '20260513090000', 'end_time_stamp': '20260513120000', 'minute_interval': 5}
2026-05-14 01:01:10,237 - root - INFO - Successfully upserted 148 data points.
2026-05-14 01:01:10,237 - root - INFO - Fetching minute data with payload: {'ps_key_list': ['1449886_1_2_1', '1449886_1_1_1', '1449886_1_3_1'], 'points': 'p96,p97,p98,p99,p100,p101,p102,p103,p104,p105,p106,p107,p108,p109,p110,p111,p112,p113,p7166,p7167,p7168,p7169,p7170,p7171,p70,p71,p72,p73,p74,p75,p76,p77,p78,p79,p80,p81,p82,p83,p84,p85,p92,p93,p313,p314,p315,p316,p317,p318', 'start_time_stamp': '20260513060000', 'end_time_stamp': '20260513090000', 'minute_interval': 5}
2026-05-14 01:01:10,322 - root - INFO - Successfully upserted 148 data points.
2026-05-14 01:01:10,323 - root - INFO - Fetching minute data with payload: {'ps_key_list': ['1449886_1_2_1', '1449886_1_1_1', '1449886_1_3_1'], 'points': 'p96,p97,p98,p99,p100,p101,p102,p103,p104,p105,p106,p107,p108,p109,p110,p111,p112,p113,p7166,p7167,p7168,p7169,p7170,p7171,p70,p71,p72,p73,p74,p75,p76,p77,p78,p79,p80,p81,p82,p83,p84,p85,p92,p93,p313,p314,p315,p316,p317,p318', 'start_time_stamp': '20260513030000', 'end_time_stamp': '20260513060000', 'minute_interval': 5}
2026-05-14 01:01:10,973 - root - INFO - Successfully upserted 148 data points.
2026-05-14 01:01:10,974 - root - INFO - Fetching minute data with payload: {'ps_key_list': ['1449886_1_2_1', '1449886_1_1_1', '1449886_1_3_1'], 'points': 'p96,p97,p98,p99,p100,p101,p102,p103,p104,p105,p106,p107,p108,p109,p110,p111,p112,p113,p7166,p7167,p7168,p7169,p7170,p7171,p70,p71,p72,p73,p74,p75,p76,p77,p78,p79,p80,p81,p82,p83,p84,p85,p92,p93,p313,p314,p315,p316,p317,p318', 'start_time_stamp': '20260513150000', 'end_time_stamp': '20260513180000', 'minute_interval': 5}
2026-05-14 01:01:11,005 - root - INFO - Successfully upserted 148 data points.
2026-05-14 01:01:11,005 - root - INFO - Fetching minute data with payload: {'ps_key_list': ['1449886_1_2_1', '1449886_1_1_1', '1449886_1_3_1'], 'points': 'p96,p97,p98,p99,p100,p101,p102,p103,p104,p105,p106,p107,p108,p109,p110,p111,p112,p113,p7166,p7167,p7168,p7169,p7170,p7171,p70,p71,p72,p73,p74,p75,p76,p77,p78,p79,p80,p81,p82,p83,p84,p85,p92,p93,p313,p314,p315,p316,p317,p318', 'start_time_stamp': '20260513120000', 'end_time_stamp': '20260513150000', 'minute_interval': 5}
2026-05-14 01:01:11,047 - root - INFO - Successfully upserted 111 data points.
2026-05-14 01:01:11,047 - root - INFO - Fetching minute data with payload: {'ps_key_list': ['1763661_1_1_1', '1763661_1_4_1', '1763661_1_3_1', '1763661_1_34_1', '1763661_1_33_1', '1763661_1_32_1', '1763661_1_31_1', '1763661_1_30_1', '1763661_1_29_1', '1763661_1_28_1', '1763661_1_27_1', '1763661_1_26_1', '1763661_1_25_1', '1763661_1_6_1', '1763661_1_5_1', '1763661_1_8_1', '1763661_1_7_1', '1763661_1_9_1', '1763661_1_10_1', '1763661_1_2_1'], 'points': 'p96,p97,p98,p99,p100,p101,p102,p103,p104,p105,p106,p107,p108,p109,p110,p111,p112,p113,p7166,p7167,p7168,p7169,p7170,p7171,p70,p71,p72,p73,p74,p75,p76,p77,p78,p79,p80,p81,p82,p83,p84,p85,p92,p93,p313,p314,p315,p316,p317,p318', 'start_time_stamp': '20260513000000', 'end_time_stamp': '20260513030000', 'minute_interval': 5}
2026-05-14 01:01:11,168 - root - INFO - Successfully upserted 148 data points.
2026-05-14 01:01:11,169 - root - INFO - Fetching minute data with payload: {'ps_key_list': ['1449886_1_2_1', '1449886_1_1_1', '1449886_1_3_1'], 'points': 'p96,p97,p98,p99,p100,p101,p102,p103,p104,p105,p106,p107,p108,p109,p110,p111,p112,p113,p7166,p7167,p7168,p7169,p7170,p7171,p70,p71,p72,p73,p74,p75,p76,p77,p78,p79,p80,p81,p82,p83,p84,p85,p92,p93,p313,p314,p315,p316,p317,p318', 'start_time_stamp': '20260513180000', 'end_time_stamp': '20260513210000', 'minute_interval': 5}
2026-05-14 01:01:12,844 - root - INFO - Successfully upserted 108 data points.
2026-05-14 01:01:12,844 - root - INFO - Fetching minute data with payload: {'ps_key_list': ['1763661_1_1_1', '1763661_1_4_1', '1763661_1_3_1', '1763661_1_34_1', '1763661_1_33_1', '1763661_1_32_1', '1763661_1_31_1', '1763661_1_30_1', '1763661_1_29_1', '1763661_1_28_1', '1763661_1_27_1', '1763661_1_26_1', '1763661_1_25_1', '1763661_1_6_1', '1763661_1_5_1', '1763661_1_8_1', '1763661_1_7_1', '1763661_1_9_1', '1763661_1_10_1', '1763661_1_2_1'], 'points': 'p96,p97,p98,p99,p100,p101,p102,p103,p104,p105,p106,p107,p108,p109,p110,p111,p112,p113,p7166,p7167,p7168,p7169,p7170,p7171,p70,p71,p72,p73,p74,p75,p76,p77,p78,p79,p80,p81,p82,p83,p84,p85,p92,p93,p313,p314,p315,p316,p317,p318', 'start_time_stamp': '20260513210000', 'end_time_stamp': '20260513235959', 'minute_interval': 5}
2026-05-14 01:01:12,923 - root - INFO - Successfully upserted 111 data points.
2026-05-14 01:01:12,923 - root - INFO - Fetching minute data with payload: {'ps_key_list': ['1763661_1_1_1', '1763661_1_4_1', '1763661_1_3_1', '1763661_1_34_1', '1763661_1_33_1', '1763661_1_32_1', '1763661_1_31_1', '1763661_1_30_1', '1763661_1_29_1', '1763661_1_28_1', '1763661_1_27_1', '1763661_1_26_1', '1763661_1_25_1', '1763661_1_6_1', '1763661_1_5_1', '1763661_1_8_1', '1763661_1_7_1', '1763661_1_9_1', '1763661_1_10_1', '1763661_1_2_1'], 'points': 'p96,p97,p98,p99,p100,p101,p102,p103,p104,p105,p106,p107,p108,p109,p110,p111,p112,p113,p7166,p7167,p7168,p7169,p7170,p7171,p70,p71,p72,p73,p74,p75,p76,p77,p78,p79,p80,p81,p82,p83,p84,p85,p92,p93,p313,p314,p315,p316,p317,p318', 'start_time_stamp': '20260513090000', 'end_time_stamp': '20260513120000', 'minute_interval': 5}
2026-05-14 01:01:12,954 - root - INFO - Successfully upserted 111 data points.
2026-05-14 01:01:12,998 - root - INFO - Fetching minute data with payload: {'ps_key_list': ['1763661_1_1_1', '1763661_1_4_1', '1763661_1_3_1', '1763661_1_34_1', '1763661_1_33_1', '1763661_1_32_1', '1763661_1_31_1', '1763661_1_30_1', '1763661_1_29_1', '1763661_1_28_1', '1763661_1_27_1', '1763661_1_26_1', '1763661_1_25_1', '1763661_1_6_1', '1763661_1_5_1', '1763661_1_8_1', '1763661_1_7_1', '1763661_1_9_1', '1763661_1_10_1', '1763661_1_2_1'], 'points': 'p96,p97,p98,p99,p100,p101,p102,p103,p104,p105,p106,p107,p108,p109,p110,p111,p112,p113,p7166,p7167,p7168,p7169,p7170,p7171,p70,p71,p72,p73,p74,p75,p76,p77,p78,p79,p80,p81,p82,p83,p84,p85,p92,p93,p313,p314,p315,p316,p317,p318', 'start_time_stamp': '20260513060000', 'end_time_stamp': '20260513090000', 'minute_interval': 5}
2026-05-14 01:01:12,998 - root - INFO - Successfully upserted 111 data points.
2026-05-14 01:01:12,999 - root - INFO - Fetching minute data with payload: {'ps_key_list': ['1763661_1_1_1', '1763661_1_4_1', '1763661_1_3_1', '1763661_1_34_1', '1763661_1_33_1', '1763661_1_32_1', '1763661_1_31_1', '1763661_1_30_1', '1763661_1_29_1', '1763661_1_28_1', '1763661_1_27_1', '1763661_1_26_1', '1763661_1_25_1', '1763661_1_6_1', '1763661_1_5_1', '1763661_1_8_1', '1763661_1_7_1', '1763661_1_9_1', '1763661_1_10_1', '1763661_1_2_1'], 'points': 'p96,p97,p98,p99,p100,p101,p102,p103,p104,p105,p106,p107,p108,p109,p110,p111,p112,p113,p7166,p7167,p7168,p7169,p7170,p7171,p70,p71,p72,p73,p74,p75,p76,p77,p78,p79,p80,p81,p82,p83,p84,p85,p92,p93,p313,p314,p315,p316,p317,p318', 'start_time_stamp': '20260513030000', 'end_time_stamp': '20260513060000', 'minute_interval': 5}
2026-05-14 01:01:13,671 - root - INFO - Successfully upserted 111 data points.
2026-05-14 01:01:13,671 - root - INFO - Fetching minute data with payload: {'ps_key_list': ['1763661_1_1_1', '1763661_1_4_1', '1763661_1_3_1', '1763661_1_34_1', '1763661_1_33_1', '1763661_1_32_1', '1763661_1_31_1', '1763661_1_30_1', '1763661_1_29_1', '1763661_1_28_1', '1763661_1_27_1', '1763661_1_26_1', '1763661_1_25_1', '1763661_1_6_1', '1763661_1_5_1', '1763661_1_8_1', '1763661_1_7_1', '1763661_1_9_1', '1763661_1_10_1', '1763661_1_2_1'], 'points': 'p96,p97,p98,p99,p100,p101,p102,p103,p104,p105,p106,p107,p108,p109,p110,p111,p112,p113,p7166,p7167,p7168,p7169,p7170,p7171,p70,p71,p72,p73,p74,p75,p76,p77,p78,p79,p80,p81,p82,p83,p84,p85,p92,p93,p313,p314,p315,p316,p317,p318', 'start_time_stamp': '20260513150000', 'end_time_stamp': '20260513180000', 'minute_interval': 5}
2026-05-14 01:01:13,763 - root - INFO - Successfully upserted 111 data points.
2026-05-14 01:01:13,763 - root - INFO - Fetching minute data with payload: {'ps_key_list': ['1763661_1_1_1', '1763661_1_4_1', '1763661_1_3_1', '1763661_1_34_1', '1763661_1_33_1', '1763661_1_32_1', '1763661_1_31_1', '1763661_1_30_1', '1763661_1_29_1', '1763661_1_28_1', '1763661_1_27_1', '1763661_1_26_1', '1763661_1_25_1', '1763661_1_6_1', '1763661_1_5_1', '1763661_1_8_1', '1763661_1_7_1', '1763661_1_9_1', '1763661_1_10_1', '1763661_1_2_1'], 'points': 'p96,p97,p98,p99,p100,p101,p102,p103,p104,p105,p106,p107,p108,p109,p110,p111,p112,p113,p7166,p7167,p7168,p7169,p7170,p7171,p70,p71,p72,p73,p74,p75,p76,p77,p78,p79,p80,p81,p82,p83,p84,p85,p92,p93,p313,p314,p315,p316,p317,p318', 'start_time_stamp': '20260513120000', 'end_time_stamp': '20260513150000', 'minute_interval': 5}
2026-05-14 01:01:13,859 - root - INFO - Successfully upserted 111 data points.
2026-05-14 01:01:13,859 - root - INFO - Fetching minute data with payload: {'ps_key_list': ['1763661_1_1_1', '1763661_1_4_1', '1763661_1_3_1', '1763661_1_34_1', '1763661_1_33_1', '1763661_1_32_1', '1763661_1_31_1', '1763661_1_30_1', '1763661_1_29_1', '1763661_1_28_1', '1763661_1_27_1', '1763661_1_26_1', '1763661_1_25_1', '1763661_1_6_1', '1763661_1_5_1', '1763661_1_8_1', '1763661_1_7_1', '1763661_1_9_1', '1763661_1_10_1', '1763661_1_2_1'], 'points': 'p96,p97,p98,p99,p100,p101,p102,p103,p104,p105,p106,p107,p108,p109,p110,p111,p112,p113,p7166,p7167,p7168,p7169,p7170,p7171,p70,p71,p72,p73,p74,p75,p76,p77,p78,p79,p80,p81,p82,p83,p84,p85,p92,p93,p313,p314,p315,p316,p317,p318', 'start_time_stamp': '20260513180000', 'end_time_stamp': '20260513210000', 'minute_interval': 5}
2026-05-14 01:01:14,066 - root - INFO - Successfully upserted 370 data points.
2026-05-14 01:01:14,067 - root - INFO - Fetching minute data with payload: {'ps_key_list': ['1763661_7_22_1', '1763661_7_21_1', '1763661_7_24_1', '1763661_7_23_1', '1763661_7_20_1', '1763661_7_19_1', '1763661_7_17_1', '1763661_7_16_1', '1763661_7_15_1'], 'points': 'p8030,p8031,p8032,p8033,p8018,p8014', 'start_time_stamp': '20260513000000', 'end_time_stamp': '20260513030000', 'minute_interval': 5}
2026-05-14 01:01:15,993 - root - INFO - Successfully upserted 370 data points.
2026-05-14 01:01:15,993 - root - INFO - Fetching minute data with payload: {'ps_key_list': ['1763661_7_22_1', '1763661_7_21_1', '1763661_7_24_1', '1763661_7_23_1', '1763661_7_20_1', '1763661_7_19_1', '1763661_7_17_1', '1763661_7_16_1', '1763661_7_15_1'], 'points': 'p8030,p8031,p8032,p8033,p8018,p8014', 'start_time_stamp': '20260513090000', 'end_time_stamp': '20260513120000', 'minute_interval': 5}
2026-05-14 01:01:16,027 - root - INFO - Successfully upserted 360 data points.
2026-05-14 01:01:16,027 - root - INFO - Fetching minute data with payload: {'ps_key_list': ['1763661_7_22_1', '1763661_7_21_1', '1763661_7_24_1', '1763661_7_23_1', '1763661_7_20_1', '1763661_7_19_1', '1763661_7_17_1', '1763661_7_16_1', '1763661_7_15_1'], 'points': 'p8030,p8031,p8032,p8033,p8018,p8014', 'start_time_stamp': '20260513210000', 'end_time_stamp': '20260513235959', 'minute_interval': 5}
2026-05-14 01:01:16,098 - root - INFO - Successfully upserted 370 data points.
2026-05-14 01:01:16,099 - root - INFO - Fetching minute data with payload: {'ps_key_list': ['1763661_7_22_1', '1763661_7_21_1', '1763661_7_24_1', '1763661_7_23_1', '1763661_7_20_1', '1763661_7_19_1', '1763661_7_17_1', '1763661_7_16_1', '1763661_7_15_1'], 'points': 'p8030,p8031,p8032,p8033,p8018,p8014', 'start_time_stamp': '20260513060000', 'end_time_stamp': '20260513090000', 'minute_interval': 5}
2026-05-14 01:01:16,199 - root - INFO - Successfully upserted 370 data points.
2026-05-14 01:01:16,200 - root - INFO - Fetching minute data with payload: {'ps_key_list': ['1763661_7_22_1', '1763661_7_21_1', '1763661_7_24_1', '1763661_7_23_1', '1763661_7_20_1', '1763661_7_19_1', '1763661_7_17_1', '1763661_7_16_1', '1763661_7_15_1'], 'points': 'p8030,p8031,p8032,p8033,p8018,p8014', 'start_time_stamp': '20260513030000', 'end_time_stamp': '20260513060000', 'minute_interval': 5}
2026-05-14 01:01:16,596 - root - INFO - Successfully upserted 370 data points.
2026-05-14 01:01:16,596 - root - INFO - Fetching minute data with payload: {'ps_key_list': ['1763661_7_22_1', '1763661_7_21_1', '1763661_7_24_1', '1763661_7_23_1', '1763661_7_20_1', '1763661_7_19_1', '1763661_7_17_1', '1763661_7_16_1', '1763661_7_15_1'], 'points': 'p8030,p8031,p8032,p8033,p8018,p8014', 'start_time_stamp': '20260513150000', 'end_time_stamp': '20260513180000', 'minute_interval': 5}
2026-05-14 01:01:16,700 - root - INFO - Successfully upserted 370 data points.
2026-05-14 01:01:16,701 - root - INFO - Fetching minute data with payload: {'ps_key_list': ['1763661_7_22_1', '1763661_7_21_1', '1763661_7_24_1', '1763661_7_23_1', '1763661_7_20_1', '1763661_7_19_1', '1763661_7_17_1', '1763661_7_16_1', '1763661_7_15_1'], 'points': 'p8030,p8031,p8032,p8033,p8018,p8014', 'start_time_stamp': '20260513120000', 'end_time_stamp': '20260513150000', 'minute_interval': 5}
2026-05-14 01:01:16,842 - root - INFO - Successfully upserted 370 data points.
2026-05-14 01:01:16,842 - root - INFO - Fetching minute data with payload: {'ps_key_list': ['1763661_7_22_1', '1763661_7_21_1', '1763661_7_24_1', '1763661_7_23_1', '1763661_7_20_1', '1763661_7_19_1', '1763661_7_17_1', '1763661_7_16_1', '1763661_7_15_1'], 'points': 'p8030,p8031,p8032,p8033,p8018,p8014', 'start_time_stamp': '20260513180000', 'end_time_stamp': '20260513210000', 'minute_interval': 5}
2026-05-14 01:01:16,866 - root - INFO - Successfully upserted 296 data points.
2026-05-14 01:01:16,867 - root - INFO - Fetching minute data with payload: {'ps_key_list': ['1763661_5_14_1', '1763661_5_13_1', '1763661_5_12_1', '1763661_5_11_1'], 'points': 'p2003,p2001,p2005,p2007,p2009,p2010,p2022,p2016,p2012', 'start_time_stamp': '20260513000000', 'end_time_stamp': '20260513030000', 'minute_interval': 5}
2026-05-14 01:01:18,810 - root - INFO - Successfully upserted 288 data points.
2026-05-14 01:01:18,810 - root - INFO - Fetching minute data with payload: {'ps_key_list': ['1763661_5_14_1', '1763661_5_13_1', '1763661_5_12_1', '1763661_5_11_1'], 'points': 'p2003,p2001,p2005,p2007,p2009,p2010,p2022,p2016,p2012', 'start_time_stamp': '20260513210000', 'end_time_stamp': '20260513235959', 'minute_interval': 5}
2026-05-14 01:01:18,875 - root - INFO - Successfully upserted 296 data points.
2026-05-14 01:01:18,876 - root - INFO - Fetching minute data with payload: {'ps_key_list': ['1763661_5_14_1', '1763661_5_13_1', '1763661_5_12_1', '1763661_5_11_1'], 'points': 'p2003,p2001,p2005,p2007,p2009,p2010,p2022,p2016,p2012', 'start_time_stamp': '20260513090000', 'end_time_stamp': '20260513120000', 'minute_interval': 5}
2026-05-14 01:01:18,957 - root - INFO - Successfully upserted 296 data points.
2026-05-14 01:01:18,959 - root - INFO - Fetching minute data with payload: {'ps_key_list': ['1763661_5_14_1', '1763661_5_13_1', '1763661_5_12_1', '1763661_5_11_1'], 'points': 'p2003,p2001,p2005,p2007,p2009,p2010,p2022,p2016,p2012', 'start_time_stamp': '20260513060000', 'end_time_stamp': '20260513090000', 'minute_interval': 5}
2026-05-14 01:01:19,025 - root - INFO - Successfully upserted 296 data points.
2026-05-14 01:01:19,026 - root - INFO - Fetching minute data with payload: {'ps_key_list': ['1763661_5_14_1', '1763661_5_13_1', '1763661_5_12_1', '1763661_5_11_1'], 'points': 'p2003,p2001,p2005,p2007,p2009,p2010,p2022,p2016,p2012', 'start_time_stamp': '20260513030000', 'end_time_stamp': '20260513060000', 'minute_interval': 5}
2026-05-14 01:01:19,519 - root - INFO - Successfully upserted 296 data points.
2026-05-14 01:01:19,520 - root - INFO - Fetching minute data with payload: {'ps_key_list': ['1763661_5_14_1', '1763661_5_13_1', '1763661_5_12_1', '1763661_5_11_1'], 'points': 'p2003,p2001,p2005,p2007,p2009,p2010,p2022,p2016,p2012', 'start_time_stamp': '20260513120000', 'end_time_stamp': '20260513150000', 'minute_interval': 5}
2026-05-14 01:01:19,551 - root - INFO - Successfully upserted 296 data points.
2026-05-14 01:01:19,551 - root - INFO - Fetching minute data with payload: {'ps_key_list': ['1763661_5_14_1', '1763661_5_13_1', '1763661_5_12_1', '1763661_5_11_1'], 'points': 'p2003,p2001,p2005,p2007,p2009,p2010,p2022,p2016,p2012', 'start_time_stamp': '20260513180000', 'end_time_stamp': '20260513210000', 'minute_interval': 5}
2026-05-14 01:01:19,767 - root - INFO - Successfully upserted 148 data points.
2026-05-14 01:01:19,768 - root - INFO - Fetching minute data with payload: {'ps_key_list': ['1637816_1_5_1', '1637816_1_7_1', '1637816_1_2_1', '1637816_1_1_1', '1637816_1_4_1', '1637816_1_3_1', '1637816_1_6_1'], 'points': 'p96,p97,p98,p99,p100,p101,p102,p103,p104,p105,p106,p107,p108,p109,p110,p111,p112,p113,p7166,p7167,p7168,p7169,p7170,p7171,p70,p71,p72,p73,p74,p75,p76,p77,p78,p79,p80,p81,p82,p83,p84,p85,p92,p93,p313,p314,p315,p316,p317,p318', 'start_time_stamp': '20260513000000', 'end_time_stamp': '20260513030000', 'minute_interval': 5}
2026-05-14 01:01:19,869 - root - INFO - Successfully upserted 296 data points.
2026-05-14 01:01:19,869 - root - INFO - Fetching minute data with payload: {'ps_key_list': ['1763661_5_14_1', '1763661_5_13_1', '1763661_5_12_1', '1763661_5_11_1'], 'points': 'p2003,p2001,p2005,p2007,p2009,p2010,p2022,p2016,p2012', 'start_time_stamp': '20260513150000', 'end_time_stamp': '20260513180000', 'minute_interval': 5}
2026-05-14 01:01:21,551 - root - INFO - Successfully upserted 144 data points.
2026-05-14 01:01:21,551 - root - INFO - Fetching minute data with payload: {'ps_key_list': ['1637816_1_5_1', '1637816_1_7_1', '1637816_1_2_1', '1637816_1_1_1', '1637816_1_4_1', '1637816_1_3_1', '1637816_1_6_1'], 'points': 'p96,p97,p98,p99,p100,p101,p102,p103,p104,p105,p106,p107,p108,p109,p110,p111,p112,p113,p7166,p7167,p7168,p7169,p7170,p7171,p70,p71,p72,p73,p74,p75,p76,p77,p78,p79,p80,p81,p82,p83,p84,p85,p92,p93,p313,p314,p315,p316,p317,p318', 'start_time_stamp': '20260513210000', 'end_time_stamp': '20260513235959', 'minute_interval': 5}
2026-05-14 01:01:21,639 - root - INFO - Successfully upserted 148 data points.
2026-05-14 01:01:21,640 - root - INFO - Fetching minute data with payload: {'ps_key_list': ['1637816_1_5_1', '1637816_1_7_1', '1637816_1_2_1', '1637816_1_1_1', '1637816_1_4_1', '1637816_1_3_1', '1637816_1_6_1'], 'points': 'p96,p97,p98,p99,p100,p101,p102,p103,p104,p105,p106,p107,p108,p109,p110,p111,p112,p113,p7166,p7167,p7168,p7169,p7170,p7171,p70,p71,p72,p73,p74,p75,p76,p77,p78,p79,p80,p81,p82,p83,p84,p85,p92,p93,p313,p314,p315,p316,p317,p318', 'start_time_stamp': '20260513090000', 'end_time_stamp': '20260513120000', 'minute_interval': 5}
2026-05-14 01:01:21,673 - root - INFO - Successfully upserted 148 data points.
2026-05-14 01:01:21,674 - root - INFO - Fetching minute data with payload: {'ps_key_list': ['1637816_1_5_1', '1637816_1_7_1', '1637816_1_2_1', '1637816_1_1_1', '1637816_1_4_1', '1637816_1_3_1', '1637816_1_6_1'], 'points': 'p96,p97,p98,p99,p100,p101,p102,p103,p104,p105,p106,p107,p108,p109,p110,p111,p112,p113,p7166,p7167,p7168,p7169,p7170,p7171,p70,p71,p72,p73,p74,p75,p76,p77,p78,p79,p80,p81,p82,p83,p84,p85,p92,p93,p313,p314,p315,p316,p317,p318', 'start_time_stamp': '20260513060000', 'end_time_stamp': '20260513090000', 'minute_interval': 5}
2026-05-14 01:01:21,710 - root - INFO - Successfully upserted 148 data points.
2026-05-14 01:01:21,711 - root - INFO - Fetching minute data with payload: {'ps_key_list': ['1637816_1_5_1', '1637816_1_7_1', '1637816_1_2_1', '1637816_1_1_1', '1637816_1_4_1', '1637816_1_3_1', '1637816_1_6_1'], 'points': 'p96,p97,p98,p99,p100,p101,p102,p103,p104,p105,p106,p107,p108,p109,p110,p111,p112,p113,p7166,p7167,p7168,p7169,p7170,p7171,p70,p71,p72,p73,p74,p75,p76,p77,p78,p79,p80,p81,p82,p83,p84,p85,p92,p93,p313,p314,p315,p316,p317,p318', 'start_time_stamp': '20260513030000', 'end_time_stamp': '20260513060000', 'minute_interval': 5}
2026-05-14 01:01:22,183 - root - INFO - Successfully upserted 148 data points.
2026-05-14 01:01:22,183 - root - INFO - Fetching minute data with payload: {'ps_key_list': ['1637816_1_5_1', '1637816_1_7_1', '1637816_1_2_1', '1637816_1_1_1', '1637816_1_4_1', '1637816_1_3_1', '1637816_1_6_1'], 'points': 'p96,p97,p98,p99,p100,p101,p102,p103,p104,p105,p106,p107,p108,p109,p110,p111,p112,p113,p7166,p7167,p7168,p7169,p7170,p7171,p70,p71,p72,p73,p74,p75,p76,p77,p78,p79,p80,p81,p82,p83,p84,p85,p92,p93,p313,p314,p315,p316,p317,p318', 'start_time_stamp': '20260513120000', 'end_time_stamp': '20260513150000', 'minute_interval': 5}
2026-05-14 01:01:22,238 - root - INFO - Successfully upserted 148 data points.
2026-05-14 01:01:22,239 - root - INFO - Fetching minute data with payload: {'ps_key_list': ['1637816_1_5_1', '1637816_1_7_1', '1637816_1_2_1', '1637816_1_1_1', '1637816_1_4_1', '1637816_1_3_1', '1637816_1_6_1'], 'points': 'p96,p97,p98,p99,p100,p101,p102,p103,p104,p105,p106,p107,p108,p109,p110,p111,p112,p113,p7166,p7167,p7168,p7169,p7170,p7171,p70,p71,p72,p73,p74,p75,p76,p77,p78,p79,p80,p81,p82,p83,p84,p85,p92,p93,p313,p314,p315,p316,p317,p318', 'start_time_stamp': '20260513180000', 'end_time_stamp': '20260513210000', 'minute_interval': 5}
2026-05-14 01:01:22,450 - root - INFO - No data to insert into database for this API data batch.
2026-05-14 01:01:22,451 - root - INFO - Fetching minute data with payload: {'ps_key_list': ['1637816_7_14_1', '1637816_7_13_1', '1637816_7_18_1', '1637816_7_17_1', '1637816_7_16_1', '1637816_7_15_1'], 'points': 'p8030,p8031,p8032,p8033,p8018,p8014', 'start_time_stamp': '20260513000000', 'end_time_stamp': '20260513030000', 'minute_interval': 5}
2026-05-14 01:01:22,615 - root - INFO - Successfully upserted 148 data points.
2026-05-14 01:01:22,616 - root - INFO - Fetching minute data with payload: {'ps_key_list': ['1637816_1_5_1', '1637816_1_7_1', '1637816_1_2_1', '1637816_1_1_1', '1637816_1_4_1', '1637816_1_3_1', '1637816_1_6_1'], 'points': 'p96,p97,p98,p99,p100,p101,p102,p103,p104,p105,p106,p107,p108,p109,p110,p111,p112,p113,p7166,p7167,p7168,p7169,p7170,p7171,p70,p71,p72,p73,p74,p75,p76,p77,p78,p79,p80,p81,p82,p83,p84,p85,p92,p93,p313,p314,p315,p316,p317,p318', 'start_time_stamp': '20260513150000', 'end_time_stamp': '20260513180000', 'minute_interval': 5}
2026-05-14 01:01:24,452 - root - INFO - Successfully upserted 133 data points.
2026-05-14 01:01:24,452 - root - INFO - Fetching minute data with payload: {'ps_key_list': ['1637816_7_14_1', '1637816_7_13_1', '1637816_7_18_1', '1637816_7_17_1', '1637816_7_16_1', '1637816_7_15_1'], 'points': 'p8030,p8031,p8032,p8033,p8018,p8014', 'start_time_stamp': '20260513210000', 'end_time_stamp': '20260513235959', 'minute_interval': 5}
2026-05-14 01:01:24,466 - root - INFO - Successfully upserted 84 data points.
2026-05-14 01:01:24,466 - root - INFO - Fetching minute data with payload: {'ps_key_list': ['1637816_7_14_1', '1637816_7_13_1', '1637816_7_18_1', '1637816_7_17_1', '1637816_7_16_1', '1637816_7_15_1'], 'points': 'p8030,p8031,p8032,p8033,p8018,p8014', 'start_time_stamp': '20260513030000', 'end_time_stamp': '20260513060000', 'minute_interval': 5}
2026-05-14 01:01:24,663 - root - INFO - Successfully upserted 259 data points.
2026-05-14 01:01:24,664 - root - INFO - Fetching minute data with payload: {'ps_key_list': ['1637816_7_14_1', '1637816_7_13_1', '1637816_7_18_1', '1637816_7_17_1', '1637816_7_16_1', '1637816_7_15_1'], 'points': 'p8030,p8031,p8032,p8033,p8018,p8014', 'start_time_stamp': '20260513090000', 'end_time_stamp': '20260513120000', 'minute_interval': 5}
2026-05-14 01:01:24,726 - root - INFO - Successfully upserted 259 data points.
2026-05-14 01:01:24,727 - root - INFO - Fetching minute data with payload: {'ps_key_list': ['1637816_7_14_1', '1637816_7_13_1', '1637816_7_18_1', '1637816_7_17_1', '1637816_7_16_1', '1637816_7_15_1'], 'points': 'p8030,p8031,p8032,p8033,p8018,p8014', 'start_time_stamp': '20260513060000', 'end_time_stamp': '20260513090000', 'minute_interval': 5}
2026-05-14 01:01:25,031 - root - INFO - Successfully upserted 259 data points.
2026-05-14 01:01:25,031 - root - INFO - Fetching minute data with payload: {'ps_key_list': ['1637816_7_14_1', '1637816_7_13_1', '1637816_7_18_1', '1637816_7_17_1', '1637816_7_16_1', '1637816_7_15_1'], 'points': 'p8030,p8031,p8032,p8033,p8018,p8014', 'start_time_stamp': '20260513120000', 'end_time_stamp': '20260513150000', 'minute_interval': 5}
2026-05-14 01:01:25,173 - root - INFO - Successfully upserted 148 data points.
2026-05-14 01:01:25,173 - root - INFO - Fetching minute data with payload: {'ps_key_list': ['1637816_5_12_1', '1637816_5_11_1', '1637816_5_10_1', '1637816_5_19_1'], 'points': 'p2003,p2001,p2005,p2007,p2009,p2010,p2022,p2016,p2012', 'start_time_stamp': '20260513000000', 'end_time_stamp': '20260513030000', 'minute_interval': 5}
2026-05-14 01:01:25,392 - root - INFO - Successfully upserted 259 data points.
2026-05-14 01:01:25,392 - root - INFO - Fetching minute data with payload: {'ps_key_list': ['1637816_7_14_1', '1637816_7_13_1', '1637816_7_18_1', '1637816_7_17_1', '1637816_7_16_1', '1637816_7_15_1'], 'points': 'p8030,p8031,p8032,p8033,p8018,p8014', 'start_time_stamp': '20260513150000', 'end_time_stamp': '20260513180000', 'minute_interval': 5}
2026-05-14 01:01:25,595 - root - INFO - Successfully upserted 259 data points.
2026-05-14 01:01:25,595 - root - INFO - Fetching minute data with payload: {'ps_key_list': ['1637816_7_14_1', '1637816_7_13_1', '1637816_7_18_1', '1637816_7_17_1', '1637816_7_16_1', '1637816_7_15_1'], 'points': 'p8030,p8031,p8032,p8033,p8018,p8014', 'start_time_stamp': '20260513180000', 'end_time_stamp': '20260513210000', 'minute_interval': 5}
2026-05-14 01:01:27,151 - root - INFO - Successfully upserted 100 data points.
2026-05-14 01:01:27,151 - root - INFO - Fetching minute data with payload: {'ps_key_list': ['1637816_5_12_1', '1637816_5_11_1', '1637816_5_10_1', '1637816_5_19_1'], 'points': 'p2003,p2001,p2005,p2007,p2009,p2010,p2022,p2016,p2012', 'start_time_stamp': '20260513210000', 'end_time_stamp': '20260513235959', 'minute_interval': 5}
2026-05-14 01:01:27,188 - root - INFO - Successfully upserted 148 data points.
2026-05-14 01:01:27,188 - root - INFO - Fetching minute data with payload: {'ps_key_list': ['1637816_5_12_1', '1637816_5_11_1', '1637816_5_10_1', '1637816_5_19_1'], 'points': 'p2003,p2001,p2005,p2007,p2009,p2010,p2022,p2016,p2012', 'start_time_stamp': '20260513030000', 'end_time_stamp': '20260513060000', 'minute_interval': 5}
2026-05-14 01:01:27,363 - root - INFO - Successfully upserted 148 data points.
2026-05-14 01:01:27,364 - root - INFO - Fetching minute data with payload: {'ps_key_list': ['1637816_5_12_1', '1637816_5_11_1', '1637816_5_10_1', '1637816_5_19_1'], 'points': 'p2003,p2001,p2005,p2007,p2009,p2010,p2022,p2016,p2012', 'start_time_stamp': '20260513090000', 'end_time_stamp': '20260513120000', 'minute_interval': 5}
2026-05-14 01:01:27,436 - root - INFO - Successfully upserted 148 data points.
2026-05-14 01:01:27,437 - root - INFO - Fetching minute data with payload: {'ps_key_list': ['1637816_5_12_1', '1637816_5_11_1', '1637816_5_10_1', '1637816_5_19_1'], 'points': 'p2003,p2001,p2005,p2007,p2009,p2010,p2022,p2016,p2012', 'start_time_stamp': '20260513060000', 'end_time_stamp': '20260513090000', 'minute_interval': 5}
2026-05-14 01:01:27,736 - root - INFO - Successfully upserted 148 data points.
2026-05-14 01:01:27,736 - root - INFO - Fetching minute data with payload: {'ps_key_list': ['1637816_5_12_1', '1637816_5_11_1', '1637816_5_10_1', '1637816_5_19_1'], 'points': 'p2003,p2001,p2005,p2007,p2009,p2010,p2022,p2016,p2012', 'start_time_stamp': '20260513120000', 'end_time_stamp': '20260513150000', 'minute_interval': 5}
2026-05-14 01:01:27,767 - root - INFO - No data to insert into database for this API data batch.
2026-05-14 01:01:27,768 - root - INFO - Fetching minute data with payload: {'ps_key_list': ['1637095_1_4_1', '1637095_1_7_1', '1637095_1_3_1', '1637095_1_6_1', '1637095_1_2_1', '1637095_1_9_1', '1637095_1_5_1', '1637095_1_1_1', '1637095_1_10_1', '1637095_1_8_1'], 'points': 'p96,p97,p98,p99,p100,p101,p102,p103,p104,p105,p106,p107,p108,p109,p110,p111,p112,p113,p7166,p7167,p7168,p7169,p7170,p7171,p70,p71,p72,p73,p74,p75,p76,p77,p78,p79,p80,p81,p82,p83,p84,p85,p92,p93,p313,p314,p315,p316,p317,p318', 'start_time_stamp': '20260513000000', 'end_time_stamp': '20260513030000', 'minute_interval': 5}
2026-05-14 01:01:28,021 - root - INFO - Successfully upserted 148 data points.
2026-05-14 01:01:28,022 - root - INFO - Fetching minute data with payload: {'ps_key_list': ['1637816_5_12_1', '1637816_5_11_1', '1637816_5_10_1', '1637816_5_19_1'], 'points': 'p2003,p2001,p2005,p2007,p2009,p2010,p2022,p2016,p2012', 'start_time_stamp': '20260513150000', 'end_time_stamp': '20260513180000', 'minute_interval': 5}
2026-05-14 01:01:28,189 - root - INFO - Successfully upserted 148 data points.
2026-05-14 01:01:28,190 - root - INFO - Fetching minute data with payload: {'ps_key_list': ['1637816_5_12_1', '1637816_5_11_1', '1637816_5_10_1', '1637816_5_19_1'], 'points': 'p2003,p2001,p2005,p2007,p2009,p2010,p2022,p2016,p2012', 'start_time_stamp': '20260513180000', 'end_time_stamp': '20260513210000', 'minute_interval': 5}
2026-05-14 01:01:29,760 - root - INFO - Successfully upserted 94 data points.
2026-05-14 01:01:29,760 - root - INFO - Fetching minute data with payload: {'ps_key_list': ['1637095_1_4_1', '1637095_1_7_1', '1637095_1_3_1', '1637095_1_6_1', '1637095_1_2_1', '1637095_1_9_1', '1637095_1_5_1', '1637095_1_1_1', '1637095_1_10_1', '1637095_1_8_1'], 'points': 'p96,p97,p98,p99,p100,p101,p102,p103,p104,p105,p106,p107,p108,p109,p110,p111,p112,p113,p7166,p7167,p7168,p7169,p7170,p7171,p70,p71,p72,p73,p74,p75,p76,p77,p78,p79,p80,p81,p82,p83,p84,p85,p92,p93,p313,p314,p315,p316,p317,p318', 'start_time_stamp': '20260513210000', 'end_time_stamp': '20260513235959', 'minute_interval': 5}
2026-05-14 01:01:29,907 - root - INFO - Successfully upserted 48 data points.
2026-05-14 01:01:29,907 - root - INFO - Fetching minute data with payload: {'ps_key_list': ['1637095_1_4_1', '1637095_1_7_1', '1637095_1_3_1', '1637095_1_6_1', '1637095_1_2_1', '1637095_1_9_1', '1637095_1_5_1', '1637095_1_1_1', '1637095_1_10_1', '1637095_1_8_1'], 'points': 'p96,p97,p98,p99,p100,p101,p102,p103,p104,p105,p106,p107,p108,p109,p110,p111,p112,p113,p7166,p7167,p7168,p7169,p7170,p7171,p70,p71,p72,p73,p74,p75,p76,p77,p78,p79,p80,p81,p82,p83,p84,p85,p92,p93,p313,p314,p315,p316,p317,p318', 'start_time_stamp': '20260513030000', 'end_time_stamp': '20260513060000', 'minute_interval': 5}
2026-05-14 01:01:30,080 - root - INFO - Successfully upserted 148 data points.
2026-05-14 01:01:30,081 - root - INFO - Fetching minute data with payload: {'ps_key_list': ['1637095_1_4_1', '1637095_1_7_1', '1637095_1_3_1', '1637095_1_6_1', '1637095_1_2_1', '1637095_1_9_1', '1637095_1_5_1', '1637095_1_1_1', '1637095_1_10_1', '1637095_1_8_1'], 'points': 'p96,p97,p98,p99,p100,p101,p102,p103,p104,p105,p106,p107,p108,p109,p110,p111,p112,p113,p7166,p7167,p7168,p7169,p7170,p7171,p70,p71,p72,p73,p74,p75,p76,p77,p78,p79,p80,p81,p82,p83,p84,p85,p92,p93,p313,p314,p315,p316,p317,p318', 'start_time_stamp': '20260513090000', 'end_time_stamp': '20260513120000', 'minute_interval': 5}
2026-05-14 01:01:30,111 - root - INFO - Successfully upserted 148 data points.
2026-05-14 01:01:30,112 - root - INFO - Fetching minute data with payload: {'ps_key_list': ['1637095_1_4_1', '1637095_1_7_1', '1637095_1_3_1', '1637095_1_6_1', '1637095_1_2_1', '1637095_1_9_1', '1637095_1_5_1', '1637095_1_1_1', '1637095_1_10_1', '1637095_1_8_1'], 'points': 'p96,p97,p98,p99,p100,p101,p102,p103,p104,p105,p106,p107,p108,p109,p110,p111,p112,p113,p7166,p7167,p7168,p7169,p7170,p7171,p70,p71,p72,p73,p74,p75,p76,p77,p78,p79,p80,p81,p82,p83,p84,p85,p92,p93,p313,p314,p315,p316,p317,p318', 'start_time_stamp': '20260513060000', 'end_time_stamp': '20260513090000', 'minute_interval': 5}
2026-05-14 01:01:30,419 - root - INFO - Successfully upserted 148 data points.
2026-05-14 01:01:30,419 - root - INFO - Fetching minute data with payload: {'ps_key_list': ['1637095_1_4_1', '1637095_1_7_1', '1637095_1_3_1', '1637095_1_6_1', '1637095_1_2_1', '1637095_1_9_1', '1637095_1_5_1', '1637095_1_1_1', '1637095_1_10_1', '1637095_1_8_1'], 'points': 'p96,p97,p98,p99,p100,p101,p102,p103,p104,p105,p106,p107,p108,p109,p110,p111,p112,p113,p7166,p7167,p7168,p7169,p7170,p7171,p70,p71,p72,p73,p74,p75,p76,p77,p78,p79,p80,p81,p82,p83,p84,p85,p92,p93,p313,p314,p315,p316,p317,p318', 'start_time_stamp': '20260513120000', 'end_time_stamp': '20260513150000', 'minute_interval': 5}
2026-05-14 01:01:30,549 - root - INFO - Successfully upserted 148 data points.
2026-05-14 01:01:30,549 - root - INFO - Fetching minute data with payload: {'ps_key_list': ['1637095_1_4_1', '1637095_1_7_1', '1637095_1_3_1', '1637095_1_6_1', '1637095_1_2_1', '1637095_1_9_1', '1637095_1_5_1', '1637095_1_1_1', '1637095_1_10_1', '1637095_1_8_1'], 'points': 'p96,p97,p98,p99,p100,p101,p102,p103,p104,p105,p106,p107,p108,p109,p110,p111,p112,p113,p7166,p7167,p7168,p7169,p7170,p7171,p70,p71,p72,p73,p74,p75,p76,p77,p78,p79,p80,p81,p82,p83,p84,p85,p92,p93,p313,p314,p315,p316,p317,p318', 'start_time_stamp': '20260513150000', 'end_time_stamp': '20260513180000', 'minute_interval': 5}
2026-05-14 01:01:30,689 - root - INFO - Successfully upserted 370 data points.
2026-05-14 01:01:30,689 - root - INFO - Fetching minute data with payload: {'ps_key_list': ['1637095_5_11_1', '1637095_5_12_1', '1637095_5_17_1', '1637095_5_13_1'], 'points': 'p2003,p2001,p2005,p2007,p2009,p2010,p2022,p2016,p2012', 'start_time_stamp': '20260513000000', 'end_time_stamp': '20260513030000', 'minute_interval': 5}
2026-05-14 01:01:31,064 - root - INFO - Successfully upserted 148 data points.
2026-05-14 01:01:31,064 - root - INFO - Fetching minute data with payload: {'ps_key_list': ['1637095_1_4_1', '1637095_1_7_1', '1637095_1_3_1', '1637095_1_6_1', '1637095_1_2_1', '1637095_1_9_1', '1637095_1_5_1', '1637095_1_1_1', '1637095_1_10_1', '1637095_1_8_1'], 'points': 'p96,p97,p98,p99,p100,p101,p102,p103,p104,p105,p106,p107,p108,p109,p110,p111,p112,p113,p7166,p7167,p7168,p7169,p7170,p7171,p70,p71,p72,p73,p74,p75,p76,p77,p78,p79,p80,p81,p82,p83,p84,p85,p92,p93,p313,p314,p315,p316,p317,p318', 'start_time_stamp': '20260513180000', 'end_time_stamp': '20260513210000', 'minute_interval': 5}
2026-05-14 01:01:32,487 - root - INFO - Successfully upserted 360 data points.
2026-05-14 01:01:32,487 - root - INFO - Fetching minute data with payload: {'ps_key_list': ['1637095_5_11_1', '1637095_5_12_1', '1637095_5_17_1', '1637095_5_13_1'], 'points': 'p2003,p2001,p2005,p2007,p2009,p2010,p2022,p2016,p2012', 'start_time_stamp': '20260513210000', 'end_time_stamp': '20260513235959', 'minute_interval': 5}
2026-05-14 01:01:32,756 - root - INFO - Successfully upserted 370 data points.
2026-05-14 01:01:32,757 - root - INFO - Fetching minute data with payload: {'ps_key_list': ['1637095_5_11_1', '1637095_5_12_1', '1637095_5_17_1', '1637095_5_13_1'], 'points': 'p2003,p2001,p2005,p2007,p2009,p2010,p2022,p2016,p2012', 'start_time_stamp': '20260513030000', 'end_time_stamp': '20260513060000', 'minute_interval': 5}
2026-05-14 01:01:32,948 - root - INFO - Successfully upserted 370 data points.
2026-05-14 01:01:32,949 - root - INFO - Fetching minute data with payload: {'ps_key_list': ['1637095_5_11_1', '1637095_5_12_1', '1637095_5_17_1', '1637095_5_13_1'], 'points': 'p2003,p2001,p2005,p2007,p2009,p2010,p2022,p2016,p2012', 'start_time_stamp': '20260513090000', 'end_time_stamp': '20260513120000', 'minute_interval': 5}
2026-05-14 01:01:33,043 - root - INFO - Successfully upserted 370 data points.
2026-05-14 01:01:33,044 - root - INFO - Fetching minute data with payload: {'ps_key_list': ['1637095_5_11_1', '1637095_5_12_1', '1637095_5_17_1', '1637095_5_13_1'], 'points': 'p2003,p2001,p2005,p2007,p2009,p2010,p2022,p2016,p2012', 'start_time_stamp': '20260513060000', 'end_time_stamp': '20260513090000', 'minute_interval': 5}
2026-05-14 01:01:33,227 - root - INFO - Successfully upserted 370 data points.
2026-05-14 01:01:33,227 - root - INFO - Fetching minute data with payload: {'ps_key_list': ['1637095_5_11_1', '1637095_5_12_1', '1637095_5_17_1', '1637095_5_13_1'], 'points': 'p2003,p2001,p2005,p2007,p2009,p2010,p2022,p2016,p2012', 'start_time_stamp': '20260513120000', 'end_time_stamp': '20260513150000', 'minute_interval': 5}
2026-05-14 01:01:33,258 - root - INFO - Successfully upserted 148 data points.
2026-05-14 01:01:33,258 - root - INFO - Fetching minute data with payload: {'ps_key_list': ['1637095_7_16_1', '1637095_7_15_1', '1637095_7_14_1'], 'points': 'p8030,p8031,p8032,p8033,p8018,p8014', 'start_time_stamp': '20260513000000', 'end_time_stamp': '20260513030000', 'minute_interval': 5}
2026-05-14 01:01:33,435 - root - INFO - Successfully upserted 370 data points.
2026-05-14 01:01:33,435 - root - INFO - Fetching minute data with payload: {'ps_key_list': ['1637095_5_11_1', '1637095_5_12_1', '1637095_5_17_1', '1637095_5_13_1'], 'points': 'p2003,p2001,p2005,p2007,p2009,p2010,p2022,p2016,p2012', 'start_time_stamp': '20260513150000', 'end_time_stamp': '20260513180000', 'minute_interval': 5}
2026-05-14 01:01:33,824 - root - INFO - Successfully upserted 370 data points.
2026-05-14 01:01:33,824 - root - INFO - Fetching minute data with payload: {'ps_key_list': ['1637095_5_11_1', '1637095_5_12_1', '1637095_5_17_1', '1637095_5_13_1'], 'points': 'p2003,p2001,p2005,p2007,p2009,p2010,p2022,p2016,p2012', 'start_time_stamp': '20260513180000', 'end_time_stamp': '20260513210000', 'minute_interval': 5}
2026-05-14 01:01:35,111 - root - INFO - Successfully upserted 144 data points.
2026-05-14 01:01:35,112 - root - INFO - Fetching minute data with payload: {'ps_key_list': ['1637095_7_16_1', '1637095_7_15_1', '1637095_7_14_1'], 'points': 'p8030,p8031,p8032,p8033,p8018,p8014', 'start_time_stamp': '20260513210000', 'end_time_stamp': '20260513235959', 'minute_interval': 5}
2026-05-14 01:01:35,397 - root - INFO - Successfully upserted 148 data points.
2026-05-14 01:01:35,397 - root - INFO - Fetching minute data with payload: {'ps_key_list': ['1637095_7_16_1', '1637095_7_15_1', '1637095_7_14_1'], 'points': 'p8030,p8031,p8032,p8033,p8018,p8014', 'start_time_stamp': '20260513030000', 'end_time_stamp': '20260513060000', 'minute_interval': 5}
2026-05-14 01:01:35,583 - root - INFO - Successfully upserted 148 data points.
2026-05-14 01:01:35,583 - root - INFO - Fetching minute data with payload: {'ps_key_list': ['1637095_7_16_1', '1637095_7_15_1', '1637095_7_14_1'], 'points': 'p8030,p8031,p8032,p8033,p8018,p8014', 'start_time_stamp': '20260513090000', 'end_time_stamp': '20260513120000', 'minute_interval': 5}
2026-05-14 01:01:35,647 - root - INFO - Successfully upserted 148 data points.
2026-05-14 01:01:35,647 - root - INFO - Fetching minute data with payload: {'ps_key_list': ['1637095_7_16_1', '1637095_7_15_1', '1637095_7_14_1'], 'points': 'p8030,p8031,p8032,p8033,p8018,p8014', 'start_time_stamp': '20260513060000', 'end_time_stamp': '20260513090000', 'minute_interval': 5}
2026-05-14 01:01:35,857 - root - INFO - Successfully upserted 148 data points.
2026-05-14 01:01:35,858 - root - INFO - Fetching minute data with payload: {'ps_key_list': ['1637095_7_16_1', '1637095_7_15_1', '1637095_7_14_1'], 'points': 'p8030,p8031,p8032,p8033,p8018,p8014', 'start_time_stamp': '20260513120000', 'end_time_stamp': '20260513150000', 'minute_interval': 5}
2026-05-14 01:01:35,924 - root - INFO - Successfully upserted 111 data points.
2026-05-14 01:01:35,924 - root - INFO - Fetching minute data with payload: {'ps_key_list': ['1628909_5_9_2', '1628909_5_10_1', '1628909_5_7_2', '1628909_5_6_2', '1628909_5_6_1', '1628909_5_7_1'], 'points': 'p2003,p2001,p2005,p2007,p2009,p2010,p2022,p2016,p2012', 'start_time_stamp': '20260513000000', 'end_time_stamp': '20260513030000', 'minute_interval': 5}
2026-05-14 01:01:36,108 - root - INFO - Successfully upserted 148 data points.
2026-05-14 01:01:36,108 - root - INFO - Fetching minute data with payload: {'ps_key_list': ['1637095_7_16_1', '1637095_7_15_1', '1637095_7_14_1'], 'points': 'p8030,p8031,p8032,p8033,p8018,p8014', 'start_time_stamp': '20260513150000', 'end_time_stamp': '20260513180000', 'minute_interval': 5}
2026-05-14 01:01:36,373 - root - INFO - Successfully upserted 148 data points.
2026-05-14 01:01:36,373 - root - INFO - Fetching minute data with payload: {'ps_key_list': ['1637095_7_16_1', '1637095_7_15_1', '1637095_7_14_1'], 'points': 'p8030,p8031,p8032,p8033,p8018,p8014', 'start_time_stamp': '20260513180000', 'end_time_stamp': '20260513210000', 'minute_interval': 5}
2026-05-14 01:01:37,703 - root - INFO - Successfully upserted 108 data points.
2026-05-14 01:01:37,704 - root - INFO - Fetching minute data with payload: {'ps_key_list': ['1628909_5_9_2', '1628909_5_10_1', '1628909_5_7_2', '1628909_5_6_2', '1628909_5_6_1', '1628909_5_7_1'], 'points': 'p2003,p2001,p2005,p2007,p2009,p2010,p2022,p2016,p2012', 'start_time_stamp': '20260513210000', 'end_time_stamp': '20260513235959', 'minute_interval': 5}
2026-05-14 01:01:37,983 - root - INFO - Successfully upserted 111 data points.
2026-05-14 01:01:37,983 - root - INFO - Fetching minute data with payload: {'ps_key_list': ['1628909_5_9_2', '1628909_5_10_1', '1628909_5_7_2', '1628909_5_6_2', '1628909_5_6_1', '1628909_5_7_1'], 'points': 'p2003,p2001,p2005,p2007,p2009,p2010,p2022,p2016,p2012', 'start_time_stamp': '20260513030000', 'end_time_stamp': '20260513060000', 'minute_interval': 5}
2026-05-14 01:01:38,240 - root - INFO - Successfully upserted 111 data points.
2026-05-14 01:01:38,240 - root - INFO - Fetching minute data with payload: {'ps_key_list': ['1628909_5_9_2', '1628909_5_10_1', '1628909_5_7_2', '1628909_5_6_2', '1628909_5_6_1', '1628909_5_7_1'], 'points': 'p2003,p2001,p2005,p2007,p2009,p2010,p2022,p2016,p2012', 'start_time_stamp': '20260513090000', 'end_time_stamp': '20260513120000', 'minute_interval': 5}
2026-05-14 01:01:38,302 - root - INFO - Successfully upserted 111 data points.
2026-05-14 01:01:38,303 - root - INFO - Fetching minute data with payload: {'ps_key_list': ['1628909_5_9_2', '1628909_5_10_1', '1628909_5_7_2', '1628909_5_6_2', '1628909_5_6_1', '1628909_5_7_1'], 'points': 'p2003,p2001,p2005,p2007,p2009,p2010,p2022,p2016,p2012', 'start_time_stamp': '20260513060000', 'end_time_stamp': '20260513090000', 'minute_interval': 5}
2026-05-14 01:01:38,417 - root - INFO - Retrying API request after rate limit wait...
2026-05-14 01:01:38,417 - root - INFO - Making API request to: https://sg5.fusionsolar.huawei.com/rest/openapi/pvms/nbi/v1/device/history
2026-05-14 01:01:38,418 - root - INFO - Request payload: {'devDn': 'NE=61913836', 'devTypeId': 17, 'startTime': 1778605200000, 'endTime': 1778691599000}
2026-05-14 01:01:38,560 - root - INFO - Successfully upserted 111 data points.
2026-05-14 01:01:38,561 - root - INFO - Fetching minute data with payload: {'ps_key_list': ['1628909_5_9_2', '1628909_5_10_1', '1628909_5_7_2', '1628909_5_6_2', '1628909_5_6_1', '1628909_5_7_1'], 'points': 'p2003,p2001,p2005,p2007,p2009,p2010,p2022,p2016,p2012', 'start_time_stamp': '20260513120000', 'end_time_stamp': '20260513150000', 'minute_interval': 5}
2026-05-14 01:01:38,679 - root - INFO - Successfully upserted 222 data points.
2026-05-14 01:01:38,679 - root - INFO - Fetching minute data with payload: {'ps_key_list': ['1628909_7_8_2', '1628909_7_1_3', '1628909_7_5_2', '1628909_7_4_2', '1628909_7_5_1', '1628909_7_8_1', '1628909_7_9_1'], 'points': 'p8030,p8031,p8032,p8033,p8018,p8014', 'start_time_stamp': '20260513000000', 'end_time_stamp': '20260513030000', 'minute_interval': 5}
2026-05-14 01:01:38,743 - root - INFO - Successfully upserted 111 data points.
2026-05-14 01:01:38,744 - root - INFO - Fetching minute data with payload: {'ps_key_list': ['1628909_5_9_2', '1628909_5_10_1', '1628909_5_7_2', '1628909_5_6_2', '1628909_5_6_1', '1628909_5_7_1'], 'points': 'p2003,p2001,p2005,p2007,p2009,p2010,p2022,p2016,p2012', 'start_time_stamp': '20260513150000', 'end_time_stamp': '20260513180000', 'minute_interval': 5}
2026-05-14 01:01:38,886 - root - INFO - Successfully upserted 111 data points.
2026-05-14 01:01:38,887 - root - INFO - Fetching minute data with payload: {'ps_key_list': ['1628909_5_9_2', '1628909_5_10_1', '1628909_5_7_2', '1628909_5_6_2', '1628909_5_6_1', '1628909_5_7_1'], 'points': 'p2003,p2001,p2005,p2007,p2009,p2010,p2022,p2016,p2012', 'start_time_stamp': '20260513180000', 'end_time_stamp': '20260513210000', 'minute_interval': 5}
2026-05-14 01:01:40,097 - root - INFO - Response status code: 200
2026-05-14 01:01:40,107 - root - INFO - API response from https://sg5.fusionsolar.huawei.com/rest/openapi/pvms/nbi/v1/device/history (truncated): {'failCode': 0, 'success': True, 'message': 'historical data information query successful.', 'data': [{'devDn': 'NE=61913836', 'collectTime': 1778605200000, 'dataItems': {'active_cap': 5.05, 'power_factor': -0.004, 'a_i': 5.3, 'c_i': 5.1, 'b_i': 5.2, 'reverse_reactive_valley': None, 'positive_reactive_peak': None, 'reverse_reactive_peak': None, 'reverse_active_peak': None, 'positive_active_peak': None, 'a_u': 237.98, 'reactive_power': -3692.0, 'c_u': 236.96, 'total_apparent_power': 3.692, 'bc_u'...
2026-05-14 01:01:40,113 - root - INFO - API Response type: <class 'dict'>
2026-05-14 01:01:40,113 - root - INFO - API Response keys: ['failCode', 'success', 'message', 'data']
2026-05-14 01:01:40,113 - root - INFO - API Response data is a list with 288 items
2026-05-14 01:01:40,113 - root - INFO - API Response has failCode: 0, message: historical data information query successful.
2026-05-14 01:01:40,113 - root - INFO - Using alternate response format: data as list
2026-05-14 01:01:40,114 - root - INFO - Received 288 data points from API
2026-05-14 01:01:40,114 - root - INFO - Sample data point structure: ['devDn', 'collectTime', 'dataItems']
2026-05-14 01:01:40,208 - root - INFO - Successfully upserted 288 data points.
2026-05-14 01:01:40,327 - root - INFO - Successfully upserted 215 data points.
2026-05-14 01:01:40,327 - root - INFO - Fetching minute data with payload: {'ps_key_list': ['1628909_7_8_2', '1628909_7_1_3', '1628909_7_5_2', '1628909_7_4_2', '1628909_7_5_1', '1628909_7_8_1', '1628909_7_9_1'], 'points': 'p8030,p8031,p8032,p8033,p8018,p8014', 'start_time_stamp': '20260513210000', 'end_time_stamp': '20260513235959', 'minute_interval': 5}
2026-05-14 01:01:40,542 - root - INFO - Successfully upserted 222 data points.
2026-05-14 01:01:40,543 - root - INFO - Fetching minute data with payload: {'ps_key_list': ['1628909_7_8_2', '1628909_7_1_3', '1628909_7_5_2', '1628909_7_4_2', '1628909_7_5_1', '1628909_7_8_1', '1628909_7_9_1'], 'points': 'p8030,p8031,p8032,p8033,p8018,p8014', 'start_time_stamp': '20260513030000', 'end_time_stamp': '20260513060000', 'minute_interval': 5}
2026-05-14 01:01:40,959 - root - INFO - Successfully upserted 222 data points.
2026-05-14 01:01:40,960 - root - INFO - Fetching minute data with payload: {'ps_key_list': ['1628909_7_8_2', '1628909_7_1_3', '1628909_7_5_2', '1628909_7_4_2', '1628909_7_5_1', '1628909_7_8_1', '1628909_7_9_1'], 'points': 'p8030,p8031,p8032,p8033,p8018,p8014', 'start_time_stamp': '20260513090000', 'end_time_stamp': '20260513120000', 'minute_interval': 5}
2026-05-14 01:01:41,055 - root - INFO - Successfully upserted 222 data points.
2026-05-14 01:01:41,055 - root - INFO - Fetching minute data with payload: {'ps_key_list': ['1628909_7_8_2', '1628909_7_1_3', '1628909_7_5_2', '1628909_7_4_2', '1628909_7_5_1', '1628909_7_8_1', '1628909_7_9_1'], 'points': 'p8030,p8031,p8032,p8033,p8018,p8014', 'start_time_stamp': '20260513060000', 'end_time_stamp': '20260513090000', 'minute_interval': 5}
2026-05-14 01:01:41,356 - root - INFO - Successfully upserted 222 data points.
2026-05-14 01:01:41,357 - root - INFO - Fetching minute data with payload: {'ps_key_list': ['1628909_7_8_2', '1628909_7_1_3', '1628909_7_5_2', '1628909_7_4_2', '1628909_7_5_1', '1628909_7_8_1', '1628909_7_9_1'], 'points': 'p8030,p8031,p8032,p8033,p8018,p8014', 'start_time_stamp': '20260513120000', 'end_time_stamp': '20260513150000', 'minute_interval': 5}
2026-05-14 01:01:41,459 - root - INFO - Successfully upserted 222 data points.
2026-05-14 01:01:41,459 - root - INFO - Fetching minute data with payload: {'ps_key_list': ['1628909_7_8_2', '1628909_7_1_3', '1628909_7_5_2', '1628909_7_4_2', '1628909_7_5_1', '1628909_7_8_1', '1628909_7_9_1'], 'points': 'p8030,p8031,p8032,p8033,p8018,p8014', 'start_time_stamp': '20260513150000', 'end_time_stamp': '20260513180000', 'minute_interval': 5}
2026-05-14 01:01:41,508 - root - INFO - Successfully upserted 259 data points.
2026-05-14 01:01:41,508 - root - INFO - Fetching minute data with payload: {'ps_key_list': ['1628909_1_2_2', '1628909_1_1_2', '1628909_1_3_1', '1628909_1_2_1', '1628909_1_1_1', '1628909_1_4_1', '1628909_1_3_2'], 'points': 'p96,p97,p98,p99,p100,p101,p102,p103,p104,p105,p106,p107,p108,p109,p110,p111,p112,p113,p7166,p7167,p7168,p7169,p7170,p7171,p70,p71,p72,p73,p74,p75,p76,p77,p78,p79,p80,p81,p82,p83,p84,p85,p92,p93,p313,p314,p315,p316,p317,p318', 'start_time_stamp': '20260513000000', 'end_time_stamp': '20260513030000', 'minute_interval': 5}
2026-05-14 01:01:41,595 - root - INFO - Successfully upserted 222 data points.
2026-05-14 01:01:41,596 - root - INFO - Fetching minute data with payload: {'ps_key_list': ['1628909_7_8_2', '1628909_7_1_3', '1628909_7_5_2', '1628909_7_4_2', '1628909_7_5_1', '1628909_7_8_1', '1628909_7_9_1'], 'points': 'p8030,p8031,p8032,p8033,p8018,p8014', 'start_time_stamp': '20260513180000', 'end_time_stamp': '20260513210000', 'minute_interval': 5}
2026-05-14 01:01:42,981 - root - INFO - Successfully upserted 252 data points.
2026-05-14 01:01:42,982 - root - INFO - Fetching minute data with payload: {'ps_key_list': ['1628909_1_2_2', '1628909_1_1_2', '1628909_1_3_1', '1628909_1_2_1', '1628909_1_1_1', '1628909_1_4_1', '1628909_1_3_2'], 'points': 'p96,p97,p98,p99,p100,p101,p102,p103,p104,p105,p106,p107,p108,p109,p110,p111,p112,p113,p7166,p7167,p7168,p7169,p7170,p7171,p70,p71,p72,p73,p74,p75,p76,p77,p78,p79,p80,p81,p82,p83,p84,p85,p92,p93,p313,p314,p315,p316,p317,p318', 'start_time_stamp': '20260513210000', 'end_time_stamp': '20260513235959', 'minute_interval': 5}
2026-05-14 01:01:43,111 - root - INFO - Successfully upserted 259 data points.
2026-05-14 01:01:43,111 - root - INFO - Fetching minute data with payload: {'ps_key_list': ['1628909_1_2_2', '1628909_1_1_2', '1628909_1_3_1', '1628909_1_2_1', '1628909_1_1_1', '1628909_1_4_1', '1628909_1_3_2'], 'points': 'p96,p97,p98,p99,p100,p101,p102,p103,p104,p105,p106,p107,p108,p109,p110,p111,p112,p113,p7166,p7167,p7168,p7169,p7170,p7171,p70,p71,p72,p73,p74,p75,p76,p77,p78,p79,p80,p81,p82,p83,p84,p85,p92,p93,p313,p314,p315,p316,p317,p318', 'start_time_stamp': '20260513030000', 'end_time_stamp': '20260513060000', 'minute_interval': 5}
2026-05-14 01:01:43,292 - root - INFO - Using single devDn for device/history (API: one device per query)
2026-05-14 01:01:43,295 - root - INFO - Fetching historical data for 1 devices of type meter
2026-05-14 01:01:43,295 - root - INFO - Making API request to: https://sg5.fusionsolar.huawei.com/rest/openapi/pvms/nbi/v1/device/history
2026-05-14 01:01:43,296 - root - INFO - Request payload: {'devDn': 'NE=61913834', 'devTypeId': 17, 'startTime': 1778605200000, 'endTime': 1778691599000}
2026-05-14 01:01:43,561 - root - INFO - Successfully upserted 259 data points.
2026-05-14 01:01:43,561 - root - INFO - Fetching minute data with payload: {'ps_key_list': ['1628909_1_2_2', '1628909_1_1_2', '1628909_1_3_1', '1628909_1_2_1', '1628909_1_1_1', '1628909_1_4_1', '1628909_1_3_2'], 'points': 'p96,p97,p98,p99,p100,p101,p102,p103,p104,p105,p106,p107,p108,p109,p110,p111,p112,p113,p7166,p7167,p7168,p7169,p7170,p7171,p70,p71,p72,p73,p74,p75,p76,p77,p78,p79,p80,p81,p82,p83,p84,p85,p92,p93,p313,p314,p315,p316,p317,p318', 'start_time_stamp': '20260513090000', 'end_time_stamp': '20260513120000', 'minute_interval': 5}
2026-05-14 01:01:43,752 - root - INFO - Successfully upserted 259 data points.
2026-05-14 01:01:43,753 - root - INFO - Fetching minute data with payload: {'ps_key_list': ['1628909_1_2_2', '1628909_1_1_2', '1628909_1_3_1', '1628909_1_2_1', '1628909_1_1_1', '1628909_1_4_1', '1628909_1_3_2'], 'points': 'p96,p97,p98,p99,p100,p101,p102,p103,p104,p105,p106,p107,p108,p109,p110,p111,p112,p113,p7166,p7167,p7168,p7169,p7170,p7171,p70,p71,p72,p73,p74,p75,p76,p77,p78,p79,p80,p81,p82,p83,p84,p85,p92,p93,p313,p314,p315,p316,p317,p318', 'start_time_stamp': '20260513060000', 'end_time_stamp': '20260513090000', 'minute_interval': 5}
2026-05-14 01:01:43,774 - root - INFO - Response status code: 200
2026-05-14 01:01:43,774 - root - INFO - API response from https://sg5.fusionsolar.huawei.com/rest/openapi/pvms/nbi/v1/device/history (truncated): {'failCode': 0, 'success': True, 'message': 'historical data information query successful.', 'data': []}
2026-05-14 01:01:43,778 - root - INFO - API Response type: <class 'dict'>
2026-05-14 01:01:43,778 - root - INFO - API Response keys: ['failCode', 'success', 'message', 'data']
2026-05-14 01:01:43,779 - root - INFO - API Response data is a list with 0 items
2026-05-14 01:01:43,779 - root - INFO - API Response has failCode: 0, message: historical data information query successful.
2026-05-14 01:01:43,779 - root - INFO - Using alternate response format: data as list
2026-05-14 01:01:43,779 - root - INFO - No data points returned for the query period
2026-05-14 01:01:43,779 - root - INFO - Using single devDn for device/history (API: one device per query)
2026-05-14 01:01:43,782 - root - INFO - Fetching historical data for 1 devices of type meter
2026-05-14 01:01:43,782 - root - INFO - Making API request to: https://sg5.fusionsolar.huawei.com/rest/openapi/pvms/nbi/v1/device/history
2026-05-14 01:01:43,782 - root - INFO - Request payload: {'devDn': 'NE=61851550', 'devTypeId': 17, 'startTime': 1778605200000, 'endTime': 1778691599000}
2026-05-14 01:01:44,268 - root - INFO - Successfully upserted 259 data points.
2026-05-14 01:01:44,268 - root - INFO - Fetching minute data with payload: {'ps_key_list': ['1628909_1_2_2', '1628909_1_1_2', '1628909_1_3_1', '1628909_1_2_1', '1628909_1_1_1', '1628909_1_4_1', '1628909_1_3_2'], 'points': 'p96,p97,p98,p99,p100,p101,p102,p103,p104,p105,p106,p107,p108,p109,p110,p111,p112,p113,p7166,p7167,p7168,p7169,p7170,p7171,p70,p71,p72,p73,p74,p75,p76,p77,p78,p79,p80,p81,p82,p83,p84,p85,p92,p93,p313,p314,p315,p316,p317,p318', 'start_time_stamp': '20260513150000', 'end_time_stamp': '20260513180000', 'minute_interval': 5}
2026-05-14 01:01:44,349 - root - INFO - Successfully upserted 259 data points.
2026-05-14 01:01:44,349 - root - INFO - Fetching minute data with payload: {'ps_key_list': ['1731512_7_1_1'], 'points': 'p8030,p8031,p8032,p8033,p8018,p8014', 'start_time_stamp': '20260513000000', 'end_time_stamp': '20260513030000', 'minute_interval': 5}
2026-05-14 01:01:44,366 - root - INFO - Successfully upserted 259 data points.
2026-05-14 01:01:44,367 - root - INFO - Fetching minute data with payload: {'ps_key_list': ['1628909_1_2_2', '1628909_1_1_2', '1628909_1_3_1', '1628909_1_2_1', '1628909_1_1_1', '1628909_1_4_1', '1628909_1_3_2'], 'points': 'p96,p97,p98,p99,p100,p101,p102,p103,p104,p105,p106,p107,p108,p109,p110,p111,p112,p113,p7166,p7167,p7168,p7169,p7170,p7171,p70,p71,p72,p73,p74,p75,p76,p77,p78,p79,p80,p81,p82,p83,p84,p85,p92,p93,p313,p314,p315,p316,p317,p318', 'start_time_stamp': '20260513180000', 'end_time_stamp': '20260513210000', 'minute_interval': 5}
2026-05-14 01:01:44,594 - root - INFO - Successfully upserted 259 data points.
2026-05-14 01:01:44,595 - root - INFO - Fetching minute data with payload: {'ps_key_list': ['1628909_1_2_2', '1628909_1_1_2', '1628909_1_3_1', '1628909_1_2_1', '1628909_1_1_1', '1628909_1_4_1', '1628909_1_3_2'], 'points': 'p96,p97,p98,p99,p100,p101,p102,p103,p104,p105,p106,p107,p108,p109,p110,p111,p112,p113,p7166,p7167,p7168,p7169,p7170,p7171,p70,p71,p72,p73,p74,p75,p76,p77,p78,p79,p80,p81,p82,p83,p84,p85,p92,p93,p313,p314,p315,p316,p317,p318', 'start_time_stamp': '20260513120000', 'end_time_stamp': '20260513150000', 'minute_interval': 5}
2026-05-14 01:01:45,205 - root - INFO - Response status code: 200
2026-05-14 01:01:45,214 - root - INFO - API response from https://sg5.fusionsolar.huawei.com/rest/openapi/pvms/nbi/v1/device/history (truncated): {'failCode': 0, 'success': True, 'message': 'historical data information query successful.', 'data': [{'devDn': 'NE=61851550', 'collectTime': 1778605200000, 'dataItems': {'active_cap': 765.16, 'power_factor': 0.936, 'a_i': 0.1, 'c_i': 0.1, 'b_i': 0.1, 'reverse_reactive_valley': None, 'positive_reactive_peak': None, 'reverse_reactive_peak': None, 'reverse_active_peak': None, 'positive_active_peak': None, 'a_u': 0.0, 'reactive_power': 616.0, 'c_u': 0.0, 'total_apparent_power': 1.756, 'bc_u': 20716...
2026-05-14 01:01:45,217 - root - INFO - API Response type: <class 'dict'>
2026-05-14 01:01:45,217 - root - INFO - API Response keys: ['failCode', 'success', 'message', 'data']
2026-05-14 01:01:45,218 - root - INFO - API Response data is a list with 284 items
2026-05-14 01:01:45,218 - root - INFO - API Response has failCode: 0, message: historical data information query successful.
2026-05-14 01:01:45,218 - root - INFO - Using alternate response format: data as list
2026-05-14 01:01:45,218 - root - INFO - Received 284 data points from API
2026-05-14 01:01:45,219 - root - INFO - Sample data point structure: ['devDn', 'collectTime', 'dataItems']
2026-05-14 01:01:45,317 - root - INFO - Successfully upserted 284 data points.
2026-05-14 01:01:45,747 - root - INFO - Successfully upserted 252 data points.
2026-05-14 01:01:45,748 - root - INFO - Fetching minute data with payload: {'ps_key_list': ['1731512_7_1_1'], 'points': 'p8030,p8031,p8032,p8033,p8018,p8014', 'start_time_stamp': '20260513210000', 'end_time_stamp': '20260513235959', 'minute_interval': 5}
2026-05-14 01:01:45,772 - root - INFO - Successfully upserted 259 data points.
2026-05-14 01:01:45,772 - root - INFO - Fetching minute data with payload: {'ps_key_list': ['1731512_7_1_1'], 'points': 'p8030,p8031,p8032,p8033,p8018,p8014', 'start_time_stamp': '20260513030000', 'end_time_stamp': '20260513060000', 'minute_interval': 5}
2026-05-14 01:01:46,266 - root - INFO - Successfully upserted 259 data points.
2026-05-14 01:01:46,266 - root - INFO - Fetching minute data with payload: {'ps_key_list': ['1731512_7_1_1'], 'points': 'p8030,p8031,p8032,p8033,p8018,p8014', 'start_time_stamp': '20260513090000', 'end_time_stamp': '20260513120000', 'minute_interval': 5}
2026-05-14 01:01:46,542 - root - INFO - Successfully upserted 259 data points.
2026-05-14 01:01:46,542 - root - INFO - Fetching minute data with payload: {'ps_key_list': ['1731512_7_1_1'], 'points': 'p8030,p8031,p8032,p8033,p8018,p8014', 'start_time_stamp': '20260513060000', 'end_time_stamp': '20260513090000', 'minute_interval': 5}
2026-05-14 01:01:46,991 - root - INFO - Successfully upserted 259 data points.
2026-05-14 01:01:46,992 - root - INFO - Fetching minute data with payload: {'ps_key_list': ['1731512_7_1_1'], 'points': 'p8030,p8031,p8032,p8033,p8018,p8014', 'start_time_stamp': '20260513150000', 'end_time_stamp': '20260513180000', 'minute_interval': 5}
2026-05-14 01:01:47,035 - root - INFO - Successfully upserted 37 data points.
2026-05-14 01:01:47,035 - root - INFO - Fetching minute data with payload: {'ps_key_list': ['1731512_1_2_1'], 'points': 'p96,p97,p98,p99,p100,p101,p102,p103,p104,p105,p106,p107,p108,p109,p110,p111,p112,p113,p7166,p7167,p7168,p7169,p7170,p7171,p70,p71,p72,p73,p74,p75,p76,p77,p78,p79,p80,p81,p82,p83,p84,p85,p92,p93,p313,p314,p315,p316,p317,p318', 'start_time_stamp': '20260513000000', 'end_time_stamp': '20260513030000', 'minute_interval': 5}
2026-05-14 01:01:47,216 - root - INFO - Successfully upserted 259 data points.
2026-05-14 01:01:47,216 - root - INFO - Fetching minute data with payload: {'ps_key_list': ['1731512_7_1_1'], 'points': 'p8030,p8031,p8032,p8033,p8018,p8014', 'start_time_stamp': '20260513180000', 'end_time_stamp': '20260513210000', 'minute_interval': 5}
2026-05-14 01:01:47,350 - root - INFO - Successfully upserted 259 data points.
2026-05-14 01:01:47,351 - root - INFO - Fetching minute data with payload: {'ps_key_list': ['1731512_7_1_1'], 'points': 'p8030,p8031,p8032,p8033,p8018,p8014', 'start_time_stamp': '20260513120000', 'end_time_stamp': '20260513150000', 'minute_interval': 5}
2026-05-14 01:01:48,366 - root - INFO - Successfully upserted 36 data points.
2026-05-14 01:01:48,366 - root - INFO - Fetching minute data with payload: {'ps_key_list': ['1731512_1_2_1'], 'points': 'p96,p97,p98,p99,p100,p101,p102,p103,p104,p105,p106,p107,p108,p109,p110,p111,p112,p113,p7166,p7167,p7168,p7169,p7170,p7171,p70,p71,p72,p73,p74,p75,p76,p77,p78,p79,p80,p81,p82,p83,p84,p85,p92,p93,p313,p314,p315,p316,p317,p318', 'start_time_stamp': '20260513210000', 'end_time_stamp': '20260513235959', 'minute_interval': 5}
2026-05-14 01:01:48,411 - root - INFO - Successfully upserted 37 data points.
2026-05-14 01:01:48,412 - root - INFO - Fetching minute data with payload: {'ps_key_list': ['1731512_1_2_1'], 'points': 'p96,p97,p98,p99,p100,p101,p102,p103,p104,p105,p106,p107,p108,p109,p110,p111,p112,p113,p7166,p7167,p7168,p7169,p7170,p7171,p70,p71,p72,p73,p74,p75,p76,p77,p78,p79,p80,p81,p82,p83,p84,p85,p92,p93,p313,p314,p315,p316,p317,p318', 'start_time_stamp': '20260513030000', 'end_time_stamp': '20260513060000', 'minute_interval': 5}
2026-05-14 01:01:48,415 - root - INFO - Using single devDn for device/history (API: one device per query)
2026-05-14 01:01:48,418 - root - INFO - Fetching historical data for 1 devices of type meter
2026-05-14 01:01:48,419 - root - INFO - Making API request to: https://sg5.fusionsolar.huawei.com/rest/openapi/pvms/nbi/v1/device/history
2026-05-14 01:01:48,419 - root - INFO - Request payload: {'devDn': 'NE=61851551', 'devTypeId': 17, 'startTime': 1778605200000, 'endTime': 1778691599000}
2026-05-14 01:01:48,809 - root - INFO - Successfully upserted 37 data points.
2026-05-14 01:01:48,810 - root - INFO - Fetching minute data with payload: {'ps_key_list': ['1731512_1_2_1'], 'points': 'p96,p97,p98,p99,p100,p101,p102,p103,p104,p105,p106,p107,p108,p109,p110,p111,p112,p113,p7166,p7167,p7168,p7169,p7170,p7171,p70,p71,p72,p73,p74,p75,p76,p77,p78,p79,p80,p81,p82,p83,p84,p85,p92,p93,p313,p314,p315,p316,p317,p318', 'start_time_stamp': '20260513090000', 'end_time_stamp': '20260513120000', 'minute_interval': 5}
2026-05-14 01:01:49,087 - root - INFO - Successfully upserted 37 data points.
2026-05-14 01:01:49,087 - root - INFO - Fetching minute data with payload: {'ps_key_list': ['1731512_1_2_1'], 'points': 'p96,p97,p98,p99,p100,p101,p102,p103,p104,p105,p106,p107,p108,p109,p110,p111,p112,p113,p7166,p7167,p7168,p7169,p7170,p7171,p70,p71,p72,p73,p74,p75,p76,p77,p78,p79,p80,p81,p82,p83,p84,p85,p92,p93,p313,p314,p315,p316,p317,p318', 'start_time_stamp': '20260513060000', 'end_time_stamp': '20260513090000', 'minute_interval': 5}
2026-05-14 01:01:49,577 - root - INFO - No data to insert into database for this API data batch.
2026-05-14 01:01:49,577 - root - INFO - Fetching minute data with payload: {'ps_key_list': ['1730375_1_3_1', '1730375_1_1_1'], 'points': 'p96,p97,p98,p99,p100,p101,p102,p103,p104,p105,p106,p107,p108,p109,p110,p111,p112,p113,p7166,p7167,p7168,p7169,p7170,p7171,p70,p71,p72,p73,p74,p75,p76,p77,p78,p79,p80,p81,p82,p83,p84,p85,p92,p93,p313,p314,p315,p316,p317,p318', 'start_time_stamp': '20260513000000', 'end_time_stamp': '20260513030000', 'minute_interval': 5}
2026-05-14 01:01:49,649 - root - INFO - Successfully upserted 37 data points.
2026-05-14 01:01:49,650 - root - INFO - Fetching minute data with payload: {'ps_key_list': ['1731512_1_2_1'], 'points': 'p96,p97,p98,p99,p100,p101,p102,p103,p104,p105,p106,p107,p108,p109,p110,p111,p112,p113,p7166,p7167,p7168,p7169,p7170,p7171,p70,p71,p72,p73,p74,p75,p76,p77,p78,p79,p80,p81,p82,p83,p84,p85,p92,p93,p313,p314,p315,p316,p317,p318', 'start_time_stamp': '20260513150000', 'end_time_stamp': '20260513180000', 'minute_interval': 5}
2026-05-14 01:01:49,839 - root - INFO - Successfully upserted 37 data points.
2026-05-14 01:01:49,839 - root - INFO - Fetching minute data with payload: {'ps_key_list': ['1731512_1_2_1'], 'points': 'p96,p97,p98,p99,p100,p101,p102,p103,p104,p105,p106,p107,p108,p109,p110,p111,p112,p113,p7166,p7167,p7168,p7169,p7170,p7171,p70,p71,p72,p73,p74,p75,p76,p77,p78,p79,p80,p81,p82,p83,p84,p85,p92,p93,p313,p314,p315,p316,p317,p318', 'start_time_stamp': '20260513180000', 'end_time_stamp': '20260513210000', 'minute_interval': 5}
2026-05-14 01:01:49,899 - root - INFO - Response status code: 200
2026-05-14 01:01:49,908 - root - INFO - API response from https://sg5.fusionsolar.huawei.com/rest/openapi/pvms/nbi/v1/device/history (truncated): {'failCode': 0, 'success': True, 'message': 'historical data information query successful.', 'data': [{'devDn': 'NE=61851551', 'collectTime': 1778605200000, 'dataItems': {'active_cap': 194040.47, 'power_factor': -0.821, 'a_i': 0.1, 'c_i': 0.1, 'b_i': 0.1, 'reverse_reactive_valley': None, 'positive_reactive_peak': None, 'reverse_reactive_peak': None, 'reverse_active_peak': None, 'positive_active_peak': None, 'a_u': 11924.3, 'reactive_power': -1143.0, 'c_u': 11922.22, 'total_apparent_power': 2.006...
2026-05-14 01:01:49,912 - root - INFO - API Response type: <class 'dict'>
2026-05-14 01:01:49,912 - root - INFO - API Response keys: ['failCode', 'success', 'message', 'data']
2026-05-14 01:01:49,912 - root - INFO - API Response data is a list with 284 items
2026-05-14 01:01:49,912 - root - INFO - API Response has failCode: 0, message: historical data information query successful.
2026-05-14 01:01:49,913 - root - INFO - Using alternate response format: data as list
2026-05-14 01:01:49,913 - root - INFO - Received 284 data points from API
2026-05-14 01:01:49,913 - root - INFO - Sample data point structure: ['devDn', 'collectTime', 'dataItems']
2026-05-14 01:01:49,948 - root - INFO - Successfully upserted 37 data points.
2026-05-14 01:01:49,950 - root - INFO - Fetching minute data with payload: {'ps_key_list': ['1731512_1_2_1'], 'points': 'p96,p97,p98,p99,p100,p101,p102,p103,p104,p105,p106,p107,p108,p109,p110,p111,p112,p113,p7166,p7167,p7168,p7169,p7170,p7171,p70,p71,p72,p73,p74,p75,p76,p77,p78,p79,p80,p81,p82,p83,p84,p85,p92,p93,p313,p314,p315,p316,p317,p318', 'start_time_stamp': '20260513120000', 'end_time_stamp': '20260513150000', 'minute_interval': 5}
2026-05-14 01:01:50,015 - root - INFO - Successfully upserted 284 data points.
2026-05-14 01:01:50,987 - root - INFO - No data to insert into database for this API data batch.
2026-05-14 01:01:50,988 - root - INFO - Fetching minute data with payload: {'ps_key_list': ['1730375_1_3_1', '1730375_1_1_1'], 'points': 'p96,p97,p98,p99,p100,p101,p102,p103,p104,p105,p106,p107,p108,p109,p110,p111,p112,p113,p7166,p7167,p7168,p7169,p7170,p7171,p70,p71,p72,p73,p74,p75,p76,p77,p78,p79,p80,p81,p82,p83,p84,p85,p92,p93,p313,p314,p315,p316,p317,p318', 'start_time_stamp': '20260513210000', 'end_time_stamp': '20260513235959', 'minute_interval': 5}
2026-05-14 01:01:51,058 - root - INFO - No data to insert into database for this API data batch.
2026-05-14 01:01:51,059 - root - INFO - Fetching minute data with payload: {'ps_key_list': ['1730375_1_3_1', '1730375_1_1_1'], 'points': 'p96,p97,p98,p99,p100,p101,p102,p103,p104,p105,p106,p107,p108,p109,p110,p111,p112,p113,p7166,p7167,p7168,p7169,p7170,p7171,p70,p71,p72,p73,p74,p75,p76,p77,p78,p79,p80,p81,p82,p83,p84,p85,p92,p93,p313,p314,p315,p316,p317,p318', 'start_time_stamp': '20260513030000', 'end_time_stamp': '20260513060000', 'minute_interval': 5}
2026-05-14 01:01:51,343 - root - INFO - No data to insert into database for this API data batch.
2026-05-14 01:01:51,344 - root - INFO - Fetching minute data with payload: {'ps_key_list': ['1730375_1_3_1', '1730375_1_1_1'], 'points': 'p96,p97,p98,p99,p100,p101,p102,p103,p104,p105,p106,p107,p108,p109,p110,p111,p112,p113,p7166,p7167,p7168,p7169,p7170,p7171,p70,p71,p72,p73,p74,p75,p76,p77,p78,p79,p80,p81,p82,p83,p84,p85,p92,p93,p313,p314,p315,p316,p317,p318', 'start_time_stamp': '20260513090000', 'end_time_stamp': '20260513120000', 'minute_interval': 5}
2026-05-14 01:01:51,622 - root - INFO - No data to insert into database for this API data batch.
2026-05-14 01:01:51,622 - root - INFO - Fetching minute data with payload: {'ps_key_list': ['1730375_1_3_1', '1730375_1_1_1'], 'points': 'p96,p97,p98,p99,p100,p101,p102,p103,p104,p105,p106,p107,p108,p109,p110,p111,p112,p113,p7166,p7167,p7168,p7169,p7170,p7171,p70,p71,p72,p73,p74,p75,p76,p77,p78,p79,p80,p81,p82,p83,p84,p85,p92,p93,p313,p314,p315,p316,p317,p318', 'start_time_stamp': '20260513060000', 'end_time_stamp': '20260513090000', 'minute_interval': 5}
2026-05-14 01:01:52,180 - root - INFO - No data to insert into database for this API data batch.
2026-05-14 01:01:52,180 - root - INFO - Fetching minute data with payload: {'ps_key_list': ['1730375_7_2_1'], 'points': 'p8030,p8031,p8032,p8033,p8018,p8014', 'start_time_stamp': '20260513000000', 'end_time_stamp': '20260513030000', 'minute_interval': 5}
2026-05-14 01:01:52,211 - root - INFO - No data to insert into database for this API data batch.
2026-05-14 01:01:52,211 - root - INFO - Fetching minute data with payload: {'ps_key_list': ['1730375_1_3_1', '1730375_1_1_1'], 'points': 'p96,p97,p98,p99,p100,p101,p102,p103,p104,p105,p106,p107,p108,p109,p110,p111,p112,p113,p7166,p7167,p7168,p7169,p7170,p7171,p70,p71,p72,p73,p74,p75,p76,p77,p78,p79,p80,p81,p82,p83,p84,p85,p92,p93,p313,p314,p315,p316,p317,p318', 'start_time_stamp': '20260513150000', 'end_time_stamp': '20260513180000', 'minute_interval': 5}
2026-05-14 01:01:52,445 - root - INFO - No data to insert into database for this API data batch.
2026-05-14 01:01:52,445 - root - INFO - Fetching minute data with payload: {'ps_key_list': ['1730375_1_3_1', '1730375_1_1_1'], 'points': 'p96,p97,p98,p99,p100,p101,p102,p103,p104,p105,p106,p107,p108,p109,p110,p111,p112,p113,p7166,p7167,p7168,p7169,p7170,p7171,p70,p71,p72,p73,p74,p75,p76,p77,p78,p79,p80,p81,p82,p83,p84,p85,p92,p93,p313,p314,p315,p316,p317,p318', 'start_time_stamp': '20260513120000', 'end_time_stamp': '20260513150000', 'minute_interval': 5}
2026-05-14 01:01:52,476 - root - INFO - No data to insert into database for this API data batch.
2026-05-14 01:01:52,476 - root - INFO - Fetching minute data with payload: {'ps_key_list': ['1730375_1_3_1', '1730375_1_1_1'], 'points': 'p96,p97,p98,p99,p100,p101,p102,p103,p104,p105,p106,p107,p108,p109,p110,p111,p112,p113,p7166,p7167,p7168,p7169,p7170,p7171,p70,p71,p72,p73,p74,p75,p76,p77,p78,p79,p80,p81,p82,p83,p84,p85,p92,p93,p313,p314,p315,p316,p317,p318', 'start_time_stamp': '20260513180000', 'end_time_stamp': '20260513210000', 'minute_interval': 5}
2026-05-14 01:01:53,142 - root - INFO - Using single devDn for device/history (API: one device per query)
2026-05-14 01:01:53,145 - root - INFO - Fetching historical data for 1 devices of type meter
2026-05-14 01:01:53,145 - root - INFO - Making API request to: https://sg5.fusionsolar.huawei.com/rest/openapi/pvms/nbi/v1/device/history
2026-05-14 01:01:53,146 - root - INFO - Request payload: {'devDn': 'NE=52031812', 'devTypeId': 17, 'startTime': 1778605200000, 'endTime': 1778691599000}
2026-05-14 01:01:53,615 - root - INFO - No data to insert into database for this API data batch.
2026-05-14 01:01:53,615 - root - INFO - Fetching minute data with payload: {'ps_key_list': ['1730375_7_2_1'], 'points': 'p8030,p8031,p8032,p8033,p8018,p8014', 'start_time_stamp': '20260513210000', 'end_time_stamp': '20260513235959', 'minute_interval': 5}
2026-05-14 01:01:53,686 - root - INFO - Successfully upserted 6 data points.
2026-05-14 01:01:53,686 - root - INFO - Fetching minute data with payload: {'ps_key_list': ['1730375_7_2_1'], 'points': 'p8030,p8031,p8032,p8033,p8018,p8014', 'start_time_stamp': '20260513030000', 'end_time_stamp': '20260513060000', 'minute_interval': 5}
2026-05-14 01:01:53,910 - root - INFO - Successfully upserted 37 data points.
2026-05-14 01:01:53,911 - root - INFO - Fetching minute data with payload: {'ps_key_list': ['1730375_7_2_1'], 'points': 'p8030,p8031,p8032,p8033,p8018,p8014', 'start_time_stamp': '20260513090000', 'end_time_stamp': '20260513120000', 'minute_interval': 5}
2026-05-14 01:01:54,097 - root - INFO - Successfully upserted 37 data points.
2026-05-14 01:01:54,097 - root - INFO - Fetching minute data with payload: {'ps_key_list': ['1730375_7_2_1'], 'points': 'p8030,p8031,p8032,p8033,p8018,p8014', 'start_time_stamp': '20260513060000', 'end_time_stamp': '20260513090000', 'minute_interval': 5}
2026-05-14 01:01:54,486 - root - INFO - Response status code: 200
2026-05-14 01:01:54,495 - root - INFO - API response from https://sg5.fusionsolar.huawei.com/rest/openapi/pvms/nbi/v1/device/history (truncated): {'failCode': 0, 'success': True, 'message': 'historical data information query successful.', 'data': [{'devDn': 'NE=52031812', 'collectTime': 1778605200000, 'dataItems': {'active_cap': 45061.6, 'power_factor': 0.222, 'a_i': 0.7, 'c_i': 0.5, 'b_i': 0.6, 'reverse_reactive_valley': None, 'positive_reactive_peak': None, 'reverse_reactive_peak': None, 'reverse_active_peak': None, 'positive_active_peak': None, 'a_u': 0.0, 'reactive_power': 20903.0, 'c_u': 0.0, 'total_apparent_power': 21.44, 'bc_u': 20...
2026-05-14 01:01:54,498 - root - INFO - API Response type: <class 'dict'>
2026-05-14 01:01:54,499 - root - INFO - API Response keys: ['failCode', 'success', 'message', 'data']
2026-05-14 01:01:54,499 - root - INFO - API Response data is a list with 288 items
2026-05-14 01:01:54,499 - root - INFO - API Response has failCode: 0, message: historical data information query successful.
2026-05-14 01:01:54,499 - root - INFO - Using alternate response format: data as list
2026-05-14 01:01:54,500 - root - INFO - Received 288 data points from API
2026-05-14 01:01:54,500 - root - INFO - Sample data point structure: ['devDn', 'collectTime', 'dataItems']
2026-05-14 01:01:54,595 - root - INFO - Successfully upserted 288 data points.
2026-05-14 01:01:54,724 - root - INFO - Successfully upserted 37 data points.
2026-05-14 01:01:54,724 - root - INFO - Fetching minute data with payload: {'ps_key_list': ['1728142_7_2_1'], 'points': 'p8030,p8031,p8032,p8033,p8018,p8014', 'start_time_stamp': '20260513000000', 'end_time_stamp': '20260513030000', 'minute_interval': 5}
2026-05-14 01:01:54,885 - root - INFO - Successfully upserted 35 data points.
2026-05-14 01:01:54,886 - root - INFO - Fetching minute data with payload: {'ps_key_list': ['1730375_7_2_1'], 'points': 'p8030,p8031,p8032,p8033,p8018,p8014', 'start_time_stamp': '20260513150000', 'end_time_stamp': '20260513180000', 'minute_interval': 5}
2026-05-14 01:01:55,072 - root - INFO - Successfully upserted 37 data points.
2026-05-14 01:01:55,073 - root - INFO - Fetching minute data with payload: {'ps_key_list': ['1730375_7_2_1'], 'points': 'p8030,p8031,p8032,p8033,p8018,p8014', 'start_time_stamp': '20260513120000', 'end_time_stamp': '20260513150000', 'minute_interval': 5}
2026-05-14 01:01:55,110 - root - INFO - No data to insert into database for this API data batch.
2026-05-14 01:01:55,110 - root - INFO - Fetching minute data with payload: {'ps_key_list': ['1730375_7_2_1'], 'points': 'p8030,p8031,p8032,p8033,p8018,p8014', 'start_time_stamp': '20260513180000', 'end_time_stamp': '20260513210000', 'minute_interval': 5}
2026-05-14 01:01:56,251 - root - INFO - Successfully upserted 37 data points.
2026-05-14 01:01:56,251 - root - INFO - Fetching minute data with payload: {'ps_key_list': ['1728142_7_2_1'], 'points': 'p8030,p8031,p8032,p8033,p8018,p8014', 'start_time_stamp': '20260513030000', 'end_time_stamp': '20260513060000', 'minute_interval': 5}
2026-05-14 01:01:56,252 - root - INFO - Successfully upserted 25 data points.
2026-05-14 01:01:56,253 - root - INFO - Fetching minute data with payload: {'ps_key_list': ['1728142_7_2_1'], 'points': 'p8030,p8031,p8032,p8033,p8018,p8014', 'start_time_stamp': '20260513210000', 'end_time_stamp': '20260513235959', 'minute_interval': 5}
2026-05-14 01:01:56,467 - root - INFO - Successfully upserted 37 data points.
2026-05-14 01:01:56,468 - root - INFO - Fetching minute data with payload: {'ps_key_list': ['1728142_7_2_1'], 'points': 'p8030,p8031,p8032,p8033,p8018,p8014', 'start_time_stamp': '20260513090000', 'end_time_stamp': '20260513120000', 'minute_interval': 5}
2026-05-14 01:01:56,545 - root - INFO - Successfully upserted 37 data points.
2026-05-14 01:01:56,546 - root - INFO - Fetching minute data with payload: {'ps_key_list': ['1728142_7_2_1'], 'points': 'p8030,p8031,p8032,p8033,p8018,p8014', 'start_time_stamp': '20260513060000', 'end_time_stamp': '20260513090000', 'minute_interval': 5}
2026-05-14 01:01:57,286 - root - INFO - Successfully upserted 37 data points.
2026-05-14 01:01:57,286 - root - INFO - Fetching minute data with payload: {'ps_key_list': ['1728142_1_1_1'], 'points': 'p96,p97,p98,p99,p100,p101,p102,p103,p104,p105,p106,p107,p108,p109,p110,p111,p112,p113,p7166,p7167,p7168,p7169,p7170,p7171,p70,p71,p72,p73,p74,p75,p76,p77,p78,p79,p80,p81,p82,p83,p84,p85,p92,p93,p313,p314,p315,p316,p317,p318', 'start_time_stamp': '20260513000000', 'end_time_stamp': '20260513030000', 'minute_interval': 5}
2026-05-14 01:01:57,409 - root - INFO - Successfully upserted 37 data points.
2026-05-14 01:01:57,409 - root - INFO - Fetching minute data with payload: {'ps_key_list': ['1728142_7_2_1'], 'points': 'p8030,p8031,p8032,p8033,p8018,p8014', 'start_time_stamp': '20260513150000', 'end_time_stamp': '20260513180000', 'minute_interval': 5}
2026-05-14 01:01:57,730 - root - INFO - Successfully upserted 37 data points.
2026-05-14 01:01:57,731 - root - INFO - Fetching minute data with payload: {'ps_key_list': ['1728142_7_2_1'], 'points': 'p8030,p8031,p8032,p8033,p8018,p8014', 'start_time_stamp': '20260513180000', 'end_time_stamp': '20260513210000', 'minute_interval': 5}
2026-05-14 01:01:57,770 - root - INFO - Successfully upserted 37 data points.
2026-05-14 01:01:57,770 - root - INFO - Fetching minute data with payload: {'ps_key_list': ['1728142_7_2_1'], 'points': 'p8030,p8031,p8032,p8033,p8018,p8014', 'start_time_stamp': '20260513120000', 'end_time_stamp': '20260513150000', 'minute_interval': 5}
2026-05-14 01:01:58,572 - root - INFO - Using single devDn for device/history (API: one device per query)
2026-05-14 01:01:58,575 - root - INFO - Fetching historical data for 1 devices of type meter
2026-05-14 01:01:58,575 - root - INFO - Making API request to: https://sg5.fusionsolar.huawei.com/rest/openapi/pvms/nbi/v1/device/history
2026-05-14 01:01:58,576 - root - INFO - Request payload: {'devDn': 'NE=55409420', 'devTypeId': 17, 'startTime': 1778605200000, 'endTime': 1778691599000}
2026-05-14 01:01:58,835 - root - INFO - Successfully upserted 36 data points.
2026-05-14 01:01:58,835 - root - INFO - Fetching minute data with payload: {'ps_key_list': ['1728142_1_1_1'], 'points': 'p96,p97,p98,p99,p100,p101,p102,p103,p104,p105,p106,p107,p108,p109,p110,p111,p112,p113,p7166,p7167,p7168,p7169,p7170,p7171,p70,p71,p72,p73,p74,p75,p76,p77,p78,p79,p80,p81,p82,p83,p84,p85,p92,p93,p313,p314,p315,p316,p317,p318', 'start_time_stamp': '20260513210000', 'end_time_stamp': '20260513235959', 'minute_interval': 5}
2026-05-14 01:01:58,969 - root - INFO - Successfully upserted 37 data points.
2026-05-14 01:01:58,969 - root - INFO - Fetching minute data with payload: {'ps_key_list': ['1728142_1_1_1'], 'points': 'p96,p97,p98,p99,p100,p101,p102,p103,p104,p105,p106,p107,p108,p109,p110,p111,p112,p113,p7166,p7167,p7168,p7169,p7170,p7171,p70,p71,p72,p73,p74,p75,p76,p77,p78,p79,p80,p81,p82,p83,p84,p85,p92,p93,p313,p314,p315,p316,p317,p318', 'start_time_stamp': '20260513030000', 'end_time_stamp': '20260513060000', 'minute_interval': 5}
2026-05-14 01:01:59,145 - root - INFO - Successfully upserted 37 data points.
2026-05-14 01:01:59,145 - root - INFO - Fetching minute data with payload: {'ps_key_list': ['1728142_1_1_1'], 'points': 'p96,p97,p98,p99,p100,p101,p102,p103,p104,p105,p106,p107,p108,p109,p110,p111,p112,p113,p7166,p7167,p7168,p7169,p7170,p7171,p70,p71,p72,p73,p74,p75,p76,p77,p78,p79,p80,p81,p82,p83,p84,p85,p92,p93,p313,p314,p315,p316,p317,p318', 'start_time_stamp': '20260513090000', 'end_time_stamp': '20260513120000', 'minute_interval': 5}
2026-05-14 01:01:59,157 - root - INFO - Successfully upserted 37 data points.
2026-05-14 01:01:59,158 - root - INFO - Fetching minute data with payload: {'ps_key_list': ['1728142_1_1_1'], 'points': 'p96,p97,p98,p99,p100,p101,p102,p103,p104,p105,p106,p107,p108,p109,p110,p111,p112,p113,p7166,p7167,p7168,p7169,p7170,p7171,p70,p71,p72,p73,p74,p75,p76,p77,p78,p79,p80,p81,p82,p83,p84,p85,p92,p93,p313,p314,p315,p316,p317,p318', 'start_time_stamp': '20260513060000', 'end_time_stamp': '20260513090000', 'minute_interval': 5}
2026-05-14 01:01:59,867 - root - INFO - No data to insert into database for this API data batch.
2026-05-14 01:01:59,867 - root - INFO - Fetching minute data with payload: {'ps_key_list': ['1723575_1_3_1'], 'points': 'p96,p97,p98,p99,p100,p101,p102,p103,p104,p105,p106,p107,p108,p109,p110,p111,p112,p113,p7166,p7167,p7168,p7169,p7170,p7171,p70,p71,p72,p73,p74,p75,p76,p77,p78,p79,p80,p81,p82,p83,p84,p85,p92,p93,p313,p314,p315,p316,p317,p318', 'start_time_stamp': '20260513000000', 'end_time_stamp': '20260513030000', 'minute_interval': 5}
2026-05-14 01:01:59,992 - root - INFO - Response status code: 200
2026-05-14 01:02:00,001 - root - INFO - API response from https://sg5.fusionsolar.huawei.com/rest/openapi/pvms/nbi/v1/device/history (truncated): {'failCode': 0, 'success': True, 'message': 'historical data information query successful.', 'data': [{'devDn': 'NE=55409420', 'collectTime': 1778605200000, 'dataItems': {'active_cap': 2692828.6, 'power_factor': -0.896, 'a_i': 250.5, 'c_i': 244.9, 'b_i': 248.6, 'reverse_reactive_valley': None, 'positive_reactive_peak': None, 'reverse_reactive_peak': None, 'reverse_active_peak': None, 'positive_active_peak': None, 'a_u': 0.0, 'reactive_power': -3853056.0, 'c_u': 0.0, 'total_apparent_power': 8677....
2026-05-14 01:02:00,006 - root - INFO - API Response type: <class 'dict'>
2026-05-14 01:02:00,007 - root - INFO - API Response keys: ['failCode', 'success', 'message', 'data']
2026-05-14 01:02:00,007 - root - INFO - API Response data is a list with 288 items
2026-05-14 01:02:00,008 - root - INFO - API Response has failCode: 0, message: historical data information query successful.
2026-05-14 01:02:00,008 - root - INFO - Using alternate response format: data as list
2026-05-14 01:02:00,008 - root - INFO - Received 288 data points from API
2026-05-14 01:02:00,008 - root - INFO - Sample data point structure: ['devDn', 'collectTime', 'dataItems']
2026-05-14 01:02:00,032 - root - INFO - Successfully upserted 37 data points.
2026-05-14 01:02:00,032 - root - INFO - Fetching minute data with payload: {'ps_key_list': ['1728142_1_1_1'], 'points': 'p96,p97,p98,p99,p100,p101,p102,p103,p104,p105,p106,p107,p108,p109,p110,p111,p112,p113,p7166,p7167,p7168,p7169,p7170,p7171,p70,p71,p72,p73,p74,p75,p76,p77,p78,p79,p80,p81,p82,p83,p84,p85,p92,p93,p313,p314,p315,p316,p317,p318', 'start_time_stamp': '20260513150000', 'end_time_stamp': '20260513180000', 'minute_interval': 5}
2026-05-14 01:02:00,111 - root - INFO - Successfully upserted 288 data points.
2026-05-14 01:02:00,332 - root - INFO - Successfully upserted 37 data points.
2026-05-14 01:02:00,332 - root - INFO - Fetching minute data with payload: {'ps_key_list': ['1728142_1_1_1'], 'points': 'p96,p97,p98,p99,p100,p101,p102,p103,p104,p105,p106,p107,p108,p109,p110,p111,p112,p113,p7166,p7167,p7168,p7169,p7170,p7171,p70,p71,p72,p73,p74,p75,p76,p77,p78,p79,p80,p81,p82,p83,p84,p85,p92,p93,p313,p314,p315,p316,p317,p318', 'start_time_stamp': '20260513120000', 'end_time_stamp': '20260513150000', 'minute_interval': 5}
2026-05-14 01:02:00,354 - root - INFO - Successfully upserted 37 data points.
2026-05-14 01:02:00,354 - root - INFO - Fetching minute data with payload: {'ps_key_list': ['1728142_1_1_1'], 'points': 'p96,p97,p98,p99,p100,p101,p102,p103,p104,p105,p106,p107,p108,p109,p110,p111,p112,p113,p7166,p7167,p7168,p7169,p7170,p7171,p70,p71,p72,p73,p74,p75,p76,p77,p78,p79,p80,p81,p82,p83,p84,p85,p92,p93,p313,p314,p315,p316,p317,p318', 'start_time_stamp': '20260513180000', 'end_time_stamp': '20260513210000', 'minute_interval': 5}
2026-05-14 01:02:01,327 - root - INFO - No data to insert into database for this API data batch.
2026-05-14 01:02:01,328 - root - INFO - Fetching minute data with payload: {'ps_key_list': ['1723575_1_3_1'], 'points': 'p96,p97,p98,p99,p100,p101,p102,p103,p104,p105,p106,p107,p108,p109,p110,p111,p112,p113,p7166,p7167,p7168,p7169,p7170,p7171,p70,p71,p72,p73,p74,p75,p76,p77,p78,p79,p80,p81,p82,p83,p84,p85,p92,p93,p313,p314,p315,p316,p317,p318', 'start_time_stamp': '20260513210000', 'end_time_stamp': '20260513235959', 'minute_interval': 5}
2026-05-14 01:02:01,664 - root - INFO - Successfully upserted 6 data points.
2026-05-14 01:02:01,664 - root - INFO - Fetching minute data with payload: {'ps_key_list': ['1723575_1_3_1'], 'points': 'p96,p97,p98,p99,p100,p101,p102,p103,p104,p105,p106,p107,p108,p109,p110,p111,p112,p113,p7166,p7167,p7168,p7169,p7170,p7171,p70,p71,p72,p73,p74,p75,p76,p77,p78,p79,p80,p81,p82,p83,p84,p85,p92,p93,p313,p314,p315,p316,p317,p318', 'start_time_stamp': '20260513030000', 'end_time_stamp': '20260513060000', 'minute_interval': 5}
2026-05-14 01:02:01,724 - root - INFO - Successfully upserted 37 data points.
2026-05-14 01:02:01,724 - root - INFO - Fetching minute data with payload: {'ps_key_list': ['1723575_1_3_1'], 'points': 'p96,p97,p98,p99,p100,p101,p102,p103,p104,p105,p106,p107,p108,p109,p110,p111,p112,p113,p7166,p7167,p7168,p7169,p7170,p7171,p70,p71,p72,p73,p74,p75,p76,p77,p78,p79,p80,p81,p82,p83,p84,p85,p92,p93,p313,p314,p315,p316,p317,p318', 'start_time_stamp': '20260513060000', 'end_time_stamp': '20260513090000', 'minute_interval': 5}
2026-05-14 01:02:01,788 - root - INFO - Successfully upserted 37 data points.
2026-05-14 01:02:01,789 - root - INFO - Fetching minute data with payload: {'ps_key_list': ['1723575_1_3_1'], 'points': 'p96,p97,p98,p99,p100,p101,p102,p103,p104,p105,p106,p107,p108,p109,p110,p111,p112,p113,p7166,p7167,p7168,p7169,p7170,p7171,p70,p71,p72,p73,p74,p75,p76,p77,p78,p79,p80,p81,p82,p83,p84,p85,p92,p93,p313,p314,p315,p316,p317,p318', 'start_time_stamp': '20260513090000', 'end_time_stamp': '20260513120000', 'minute_interval': 5}
2026-05-14 01:02:02,483 - root - INFO - Successfully upserted 36 data points.
2026-05-14 01:02:02,483 - root - INFO - Fetching minute data with payload: {'ps_key_list': ['1723575_7_2_1'], 'points': 'p8030,p8031,p8032,p8033,p8018,p8014', 'start_time_stamp': '20260513000000', 'end_time_stamp': '20260513030000', 'minute_interval': 5}
2026-05-14 01:02:02,656 - root - INFO - Successfully upserted 33 data points.
2026-05-14 01:02:02,657 - root - INFO - Fetching minute data with payload: {'ps_key_list': ['1723575_1_3_1'], 'points': 'p96,p97,p98,p99,p100,p101,p102,p103,p104,p105,p106,p107,p108,p109,p110,p111,p112,p113,p7166,p7167,p7168,p7169,p7170,p7171,p70,p71,p72,p73,p74,p75,p76,p77,p78,p79,p80,p81,p82,p83,p84,p85,p92,p93,p313,p314,p315,p316,p317,p318', 'start_time_stamp': '20260513150000', 'end_time_stamp': '20260513180000', 'minute_interval': 5}
2026-05-14 01:02:02,927 - root - INFO - Successfully upserted 37 data points.
2026-05-14 01:02:02,927 - root - INFO - Fetching minute data with payload: {'ps_key_list': ['1723575_1_3_1'], 'points': 'p96,p97,p98,p99,p100,p101,p102,p103,p104,p105,p106,p107,p108,p109,p110,p111,p112,p113,p7166,p7167,p7168,p7169,p7170,p7171,p70,p71,p72,p73,p74,p75,p76,p77,p78,p79,p80,p81,p82,p83,p84,p85,p92,p93,p313,p314,p315,p316,p317,p318', 'start_time_stamp': '20260513120000', 'end_time_stamp': '20260513150000', 'minute_interval': 5}
2026-05-14 01:02:02,980 - root - INFO - No data to insert into database for this API data batch.
2026-05-14 01:02:02,980 - root - INFO - Fetching minute data with payload: {'ps_key_list': ['1723575_1_3_1'], 'points': 'p96,p97,p98,p99,p100,p101,p102,p103,p104,p105,p106,p107,p108,p109,p110,p111,p112,p113,p7166,p7167,p7168,p7169,p7170,p7171,p70,p71,p72,p73,p74,p75,p76,p77,p78,p79,p80,p81,p82,p83,p84,p85,p92,p93,p313,p314,p315,p316,p317,p318', 'start_time_stamp': '20260513180000', 'end_time_stamp': '20260513210000', 'minute_interval': 5}
2026-05-14 01:02:03,377 - root - INFO - Using single devDn for device/history (API: one device per query)
2026-05-14 01:02:03,379 - root - INFO - Fetching historical data for 1 devices of type meter
2026-05-14 01:02:03,380 - root - INFO - Making API request to: https://sg5.fusionsolar.huawei.com/rest/openapi/pvms/nbi/v1/device/history
2026-05-14 01:02:03,380 - root - INFO - Request payload: {'devDn': 'NE=52031814', 'devTypeId': 17, 'startTime': 1778605200000, 'endTime': 1778691599000}
2026-05-14 01:02:03,879 - root - INFO - No data to insert into database for this API data batch.
2026-05-14 01:02:03,879 - root - INFO - Fetching minute data with payload: {'ps_key_list': ['1723575_7_2_1'], 'points': 'p8030,p8031,p8032,p8033,p8018,p8014', 'start_time_stamp': '20260513210000', 'end_time_stamp': '20260513235959', 'minute_interval': 5}
2026-05-14 01:02:04,374 - root - INFO - Successfully upserted 37 data points.
2026-05-14 01:02:04,374 - root - INFO - Fetching minute data with payload: {'ps_key_list': ['1723575_7_2_1'], 'points': 'p8030,p8031,p8032,p8033,p8018,p8014', 'start_time_stamp': '20260513030000', 'end_time_stamp': '20260513060000', 'minute_interval': 5}
2026-05-14 01:02:04,397 - root - INFO - No data to insert into database for this API data batch.
2026-05-14 01:02:04,398 - root - INFO - Fetching minute data with payload: {'ps_key_list': ['1723575_7_2_1'], 'points': 'p8030,p8031,p8032,p8033,p8018,p8014', 'start_time_stamp': '20260513090000', 'end_time_stamp': '20260513120000', 'minute_interval': 5}
2026-05-14 01:02:04,425 - root - INFO - Successfully upserted 23 data points.
2026-05-14 01:02:04,425 - root - INFO - Fetching minute data with payload: {'ps_key_list': ['1723575_7_2_1'], 'points': 'p8030,p8031,p8032,p8033,p8018,p8014', 'start_time_stamp': '20260513060000', 'end_time_stamp': '20260513090000', 'minute_interval': 5}
2026-05-14 01:02:04,982 - root - INFO - Response status code: 200
2026-05-14 01:02:04,992 - root - INFO - API response from https://sg5.fusionsolar.huawei.com/rest/openapi/pvms/nbi/v1/device/history (truncated): {'failCode': 0, 'success': True, 'message': 'historical data information query successful.', 'data': [{'devDn': 'NE=52031814', 'collectTime': 1778605200000, 'dataItems': {'active_cap': 0.0, 'power_factor': -0.939, 'a_i': 3.5, 'c_i': 0.3, 'b_i': 0.0, 'reverse_reactive_valley': None, 'positive_reactive_peak': None, 'reverse_reactive_peak': None, 'reverse_active_peak': None, 'positive_active_peak': None, 'a_u': 224.37, 'reactive_power': -284.0, 'c_u': 227.25, 'total_apparent_power': 0.83, 'bc_u': 3...
2026-05-14 01:02:04,995 - root - INFO - API Response type: <class 'dict'>
2026-05-14 01:02:04,995 - root - INFO - API Response keys: ['failCode', 'success', 'message', 'data']
2026-05-14 01:02:04,995 - root - INFO - API Response data is a list with 288 items
2026-05-14 01:02:04,996 - root - INFO - API Response has failCode: 0, message: historical data information query successful.
2026-05-14 01:02:04,996 - root - INFO - Using alternate response format: data as list
2026-05-14 01:02:04,996 - root - INFO - Received 288 data points from API
2026-05-14 01:02:04,996 - root - INFO - Sample data point structure: ['devDn', 'collectTime', 'dataItems']
2026-05-14 01:02:05,039 - root - INFO - Successfully upserted 37 data points.
2026-05-14 01:02:05,040 - root - INFO - Fetching minute data with payload: {'ps_key_list': ['1722752_7_2_1'], 'points': 'p8030,p8031,p8032,p8033,p8018,p8014', 'start_time_stamp': '20260513000000', 'end_time_stamp': '20260513030000', 'minute_interval': 5}
2026-05-14 01:02:05,098 - root - INFO - Successfully upserted 288 data points.
2026-05-14 01:02:05,329 - root - INFO - No data to insert into database for this API data batch.
2026-05-14 01:02:05,329 - root - INFO - Fetching minute data with payload: {'ps_key_list': ['1723575_7_2_1'], 'points': 'p8030,p8031,p8032,p8033,p8018,p8014', 'start_time_stamp': '20260513150000', 'end_time_stamp': '20260513180000', 'minute_interval': 5}
2026-05-14 01:02:05,446 - root - INFO - No data to insert into database for this API data batch.
2026-05-14 01:02:05,446 - root - INFO - Fetching minute data with payload: {'ps_key_list': ['1723575_7_2_1'], 'points': 'p8030,p8031,p8032,p8033,p8018,p8014', 'start_time_stamp': '20260513120000', 'end_time_stamp': '20260513150000', 'minute_interval': 5}
2026-05-14 01:02:05,521 - root - INFO - No data to insert into database for this API data batch.
2026-05-14 01:02:05,522 - root - INFO - Fetching minute data with payload: {'ps_key_list': ['1723575_7_2_1'], 'points': 'p8030,p8031,p8032,p8033,p8018,p8014', 'start_time_stamp': '20260513180000', 'end_time_stamp': '20260513210000', 'minute_interval': 5}
2026-05-14 01:02:06,460 - root - INFO - Successfully upserted 25 data points.
2026-05-14 01:02:06,460 - root - INFO - Fetching minute data with payload: {'ps_key_list': ['1722752_7_2_1'], 'points': 'p8030,p8031,p8032,p8033,p8018,p8014', 'start_time_stamp': '20260513210000', 'end_time_stamp': '20260513235959', 'minute_interval': 5}
2026-05-14 01:02:07,048 - root - INFO - Successfully upserted 37 data points.
2026-05-14 01:02:07,048 - root - INFO - Fetching minute data with payload: {'ps_key_list': ['1722752_7_2_1'], 'points': 'p8030,p8031,p8032,p8033,p8018,p8014', 'start_time_stamp': '20260513030000', 'end_time_stamp': '20260513060000', 'minute_interval': 5}
2026-05-14 01:02:07,083 - root - INFO - Successfully upserted 37 data points.
2026-05-14 01:02:07,083 - root - INFO - Fetching minute data with payload: {'ps_key_list': ['1722752_7_2_1'], 'points': 'p8030,p8031,p8032,p8033,p8018,p8014', 'start_time_stamp': '20260513090000', 'end_time_stamp': '20260513120000', 'minute_interval': 5}
2026-05-14 01:02:07,122 - root - INFO - Successfully upserted 37 data points.
2026-05-14 01:02:07,123 - root - INFO - Fetching minute data with payload: {'ps_key_list': ['1722752_7_2_1'], 'points': 'p8030,p8031,p8032,p8033,p8018,p8014', 'start_time_stamp': '20260513060000', 'end_time_stamp': '20260513090000', 'minute_interval': 5}
2026-05-14 01:02:08,135 - root - INFO - Successfully upserted 37 data points.
2026-05-14 01:02:08,135 - root - INFO - Fetching minute data with payload: {'ps_key_list': ['1722752_7_2_1'], 'points': 'p8030,p8031,p8032,p8033,p8018,p8014', 'start_time_stamp': '20260513150000', 'end_time_stamp': '20260513180000', 'minute_interval': 5}
2026-05-14 01:02:08,151 - root - INFO - Successfully upserted 37 data points.
2026-05-14 01:02:08,151 - root - INFO - Fetching minute data with payload: {'ps_key_list': ['1722752_1_1_1'], 'points': 'p96,p97,p98,p99,p100,p101,p102,p103,p104,p105,p106,p107,p108,p109,p110,p111,p112,p113,p7166,p7167,p7168,p7169,p7170,p7171,p70,p71,p72,p73,p74,p75,p76,p77,p78,p79,p80,p81,p82,p83,p84,p85,p92,p93,p313,p314,p315,p316,p317,p318', 'start_time_stamp': '20260513000000', 'end_time_stamp': '20260513030000', 'minute_interval': 5}
2026-05-14 01:02:08,176 - root - INFO - Successfully upserted 37 data points.
2026-05-14 01:02:08,176 - root - INFO - Fetching minute data with payload: {'ps_key_list': ['1722752_7_2_1'], 'points': 'p8030,p8031,p8032,p8033,p8018,p8014', 'start_time_stamp': '20260513120000', 'end_time_stamp': '20260513150000', 'minute_interval': 5}
2026-05-14 01:02:08,243 - root - INFO - Successfully upserted 37 data points.
2026-05-14 01:02:08,245 - root - INFO - Fetching minute data with payload: {'ps_key_list': ['1722752_7_2_1'], 'points': 'p8030,p8031,p8032,p8033,p8018,p8014', 'start_time_stamp': '20260513180000', 'end_time_stamp': '20260513210000', 'minute_interval': 5}
2026-05-14 01:02:08,788 - root - INFO - Using single devDn for device/history (API: one device per query)
2026-05-14 01:02:08,791 - root - INFO - Fetching historical data for 1 devices of type meter
2026-05-14 01:02:08,792 - root - INFO - Making API request to: https://sg5.fusionsolar.huawei.com/rest/openapi/pvms/nbi/v1/device/history
2026-05-14 01:02:08,792 - root - INFO - Request payload: {'devDn': 'NE=52031813', 'devTypeId': 17, 'startTime': 1778605200000, 'endTime': 1778691599000}
2026-05-14 01:02:08,964 - root - INFO - Successfully upserted 36 data points.
2026-05-14 01:02:08,964 - root - INFO - Fetching minute data with payload: {'ps_key_list': ['1722752_1_1_1'], 'points': 'p96,p97,p98,p99,p100,p101,p102,p103,p104,p105,p106,p107,p108,p109,p110,p111,p112,p113,p7166,p7167,p7168,p7169,p7170,p7171,p70,p71,p72,p73,p74,p75,p76,p77,p78,p79,p80,p81,p82,p83,p84,p85,p92,p93,p313,p314,p315,p316,p317,p318', 'start_time_stamp': '20260513210000', 'end_time_stamp': '20260513235959', 'minute_interval': 5}
2026-05-14 01:02:09,248 - root - INFO - Response status code: 200
2026-05-14 01:02:09,248 - root - INFO - API response from https://sg5.fusionsolar.huawei.com/rest/openapi/pvms/nbi/v1/device/history (truncated): {'failCode': 0, 'success': True, 'message': 'historical data information query successful.', 'data': []}
2026-05-14 01:02:09,252 - root - INFO - API Response type: <class 'dict'>
2026-05-14 01:02:09,252 - root - INFO - API Response keys: ['failCode', 'success', 'message', 'data']
2026-05-14 01:02:09,253 - root - INFO - API Response data is a list with 0 items
2026-05-14 01:02:09,253 - root - INFO - API Response has failCode: 0, message: historical data information query successful.
2026-05-14 01:02:09,253 - root - INFO - Using alternate response format: data as list
2026-05-14 01:02:09,253 - root - INFO - No data points returned for the query period
2026-05-14 01:02:09,254 - root - INFO - Using single devDn for device/history (API: one device per query)
2026-05-14 01:02:09,256 - root - INFO - Fetching historical data for 1 devices of type meter
2026-05-14 01:02:09,256 - root - INFO - Making API request to: https://sg5.fusionsolar.huawei.com/rest/openapi/pvms/nbi/v1/device/history
2026-05-14 01:02:09,256 - root - INFO - Request payload: {'devDn': 'NE=52470109', 'devTypeId': 17, 'startTime': 1778605200000, 'endTime': 1778691599000}
2026-05-14 01:02:09,566 - root - INFO - Response status code: 200
2026-05-14 01:02:09,566 - root - INFO - API response from https://sg5.fusionsolar.huawei.com/rest/openapi/pvms/nbi/v1/device/history (truncated): {'failCode': 407, 'success': False, 'message': 'Interface access frequency:0.39333333333333337/1second', 'data': []}
2026-05-14 01:02:09,567 - root - WARNING - API access frequency too high. Waiting 30 seconds before retry...
2026-05-14 01:02:09,708 - root - INFO - Successfully upserted 37 data points.
2026-05-14 01:02:09,708 - root - INFO - Fetching minute data with payload: {'ps_key_list': ['1722752_1_1_1'], 'points': 'p96,p97,p98,p99,p100,p101,p102,p103,p104,p105,p106,p107,p108,p109,p110,p111,p112,p113,p7166,p7167,p7168,p7169,p7170,p7171,p70,p71,p72,p73,p74,p75,p76,p77,p78,p79,p80,p81,p82,p83,p84,p85,p92,p93,p313,p314,p315,p316,p317,p318', 'start_time_stamp': '20260513060000', 'end_time_stamp': '20260513090000', 'minute_interval': 5}
2026-05-14 01:02:09,729 - root - INFO - Successfully upserted 37 data points.
2026-05-14 01:02:09,729 - root - INFO - Fetching minute data with payload: {'ps_key_list': ['1722752_1_1_1'], 'points': 'p96,p97,p98,p99,p100,p101,p102,p103,p104,p105,p106,p107,p108,p109,p110,p111,p112,p113,p7166,p7167,p7168,p7169,p7170,p7171,p70,p71,p72,p73,p74,p75,p76,p77,p78,p79,p80,p81,p82,p83,p84,p85,p92,p93,p313,p314,p315,p316,p317,p318', 'start_time_stamp': '20260513090000', 'end_time_stamp': '20260513120000', 'minute_interval': 5}
2026-05-14 01:02:09,745 - root - INFO - Successfully upserted 37 data points.
2026-05-14 01:02:09,745 - root - INFO - Fetching minute data with payload: {'ps_key_list': ['1722752_1_1_1'], 'points': 'p96,p97,p98,p99,p100,p101,p102,p103,p104,p105,p106,p107,p108,p109,p110,p111,p112,p113,p7166,p7167,p7168,p7169,p7170,p7171,p70,p71,p72,p73,p74,p75,p76,p77,p78,p79,p80,p81,p82,p83,p84,p85,p92,p93,p313,p314,p315,p316,p317,p318', 'start_time_stamp': '20260513030000', 'end_time_stamp': '20260513060000', 'minute_interval': 5}
2026-05-14 01:02:10,808 - root - INFO - No data to insert into database for this API data batch.
2026-05-14 01:02:10,808 - root - INFO - Fetching minute data with payload: {'ps_key_list': ['1734912_7_2_1'], 'points': 'p8030,p8031,p8032,p8033,p8018,p8014', 'start_time_stamp': '20260513000000', 'end_time_stamp': '20260513030000', 'minute_interval': 5}
2026-05-14 01:02:10,874 - root - INFO - Successfully upserted 37 data points.
2026-05-14 01:02:10,875 - root - INFO - Fetching minute data with payload: {'ps_key_list': ['1722752_1_1_1'], 'points': 'p96,p97,p98,p99,p100,p101,p102,p103,p104,p105,p106,p107,p108,p109,p110,p111,p112,p113,p7166,p7167,p7168,p7169,p7170,p7171,p70,p71,p72,p73,p74,p75,p76,p77,p78,p79,p80,p81,p82,p83,p84,p85,p92,p93,p313,p314,p315,p316,p317,p318', 'start_time_stamp': '20260513150000', 'end_time_stamp': '20260513180000', 'minute_interval': 5}
2026-05-14 01:02:10,924 - root - INFO - Successfully upserted 37 data points.
2026-05-14 01:02:10,925 - root - INFO - Fetching minute data with payload: {'ps_key_list': ['1722752_1_1_1'], 'points': 'p96,p97,p98,p99,p100,p101,p102,p103,p104,p105,p106,p107,p108,p109,p110,p111,p112,p113,p7166,p7167,p7168,p7169,p7170,p7171,p70,p71,p72,p73,p74,p75,p76,p77,p78,p79,p80,p81,p82,p83,p84,p85,p92,p93,p313,p314,p315,p316,p317,p318', 'start_time_stamp': '20260513120000', 'end_time_stamp': '20260513150000', 'minute_interval': 5}
2026-05-14 01:02:10,958 - root - INFO - Successfully upserted 37 data points.
2026-05-14 01:02:10,959 - root - INFO - Fetching minute data with payload: {'ps_key_list': ['1722752_1_1_1'], 'points': 'p96,p97,p98,p99,p100,p101,p102,p103,p104,p105,p106,p107,p108,p109,p110,p111,p112,p113,p7166,p7167,p7168,p7169,p7170,p7171,p70,p71,p72,p73,p74,p75,p76,p77,p78,p79,p80,p81,p82,p83,p84,p85,p92,p93,p313,p314,p315,p316,p317,p318', 'start_time_stamp': '20260513180000', 'end_time_stamp': '20260513210000', 'minute_interval': 5}
2026-05-14 01:02:11,502 - root - INFO - No data to insert into database for this API data batch.
2026-05-14 01:02:11,502 - root - INFO - Fetching minute data with payload: {'ps_key_list': ['1734912_7_2_1'], 'points': 'p8030,p8031,p8032,p8033,p8018,p8014', 'start_time_stamp': '20260513210000', 'end_time_stamp': '20260513235959', 'minute_interval': 5}
2026-05-14 01:02:12,378 - root - INFO - Successfully upserted 37 data points.
2026-05-14 01:02:12,379 - root - INFO - Fetching minute data with payload: {'ps_key_list': ['1734912_7_2_1'], 'points': 'p8030,p8031,p8032,p8033,p8018,p8014', 'start_time_stamp': '20260513060000', 'end_time_stamp': '20260513090000', 'minute_interval': 5}
2026-05-14 01:02:12,422 - root - INFO - Successfully upserted 37 data points.
2026-05-14 01:02:12,422 - root - INFO - Fetching minute data with payload: {'ps_key_list': ['1734912_7_2_1'], 'points': 'p8030,p8031,p8032,p8033,p8018,p8014', 'start_time_stamp': '20260513090000', 'end_time_stamp': '20260513120000', 'minute_interval': 5}
2026-05-14 01:02:12,435 - root - INFO - Successfully upserted 6 data points.
2026-05-14 01:02:12,435 - root - INFO - Fetching minute data with payload: {'ps_key_list': ['1734912_7_2_1'], 'points': 'p8030,p8031,p8032,p8033,p8018,p8014', 'start_time_stamp': '20260513030000', 'end_time_stamp': '20260513060000', 'minute_interval': 5}
2026-05-14 01:02:13,558 - root - INFO - Successfully upserted 37 data points.
2026-05-14 01:02:13,559 - root - INFO - Fetching minute data with payload: {'ps_key_list': ['1734912_1_1_1'], 'points': 'p96,p97,p98,p99,p100,p101,p102,p103,p104,p105,p106,p107,p108,p109,p110,p111,p112,p113,p7166,p7167,p7168,p7169,p7170,p7171,p70,p71,p72,p73,p74,p75,p76,p77,p78,p79,p80,p81,p82,p83,p84,p85,p92,p93,p313,p314,p315,p316,p317,p318', 'start_time_stamp': '20260513000000', 'end_time_stamp': '20260513030000', 'minute_interval': 5}
2026-05-14 01:02:13,576 - root - INFO - Successfully upserted 37 data points.
2026-05-14 01:02:13,577 - root - INFO - Fetching minute data with payload: {'ps_key_list': ['1734912_7_2_1'], 'points': 'p8030,p8031,p8032,p8033,p8018,p8014', 'start_time_stamp': '20260513120000', 'end_time_stamp': '20260513150000', 'minute_interval': 5}
2026-05-14 01:02:13,657 - root - INFO - No data to insert into database for this API data batch.
2026-05-14 01:02:13,659 - root - INFO - Fetching minute data with payload: {'ps_key_list': ['1734912_7_2_1'], 'points': 'p8030,p8031,p8032,p8033,p8018,p8014', 'start_time_stamp': '20260513180000', 'end_time_stamp': '20260513210000', 'minute_interval': 5}
2026-05-14 01:02:13,660 - root - INFO - Successfully upserted 33 data points.
2026-05-14 01:02:13,661 - root - INFO - Fetching minute data with payload: {'ps_key_list': ['1734912_7_2_1'], 'points': 'p8030,p8031,p8032,p8033,p8018,p8014', 'start_time_stamp': '20260513150000', 'end_time_stamp': '20260513180000', 'minute_interval': 5}
2026-05-14 01:02:13,983 - root - INFO - Successfully upserted 25 data points.
2026-05-14 01:02:13,984 - root - INFO - Fetching minute data with payload: {'ps_key_list': ['1734912_1_1_1'], 'points': 'p96,p97,p98,p99,p100,p101,p102,p103,p104,p105,p106,p107,p108,p109,p110,p111,p112,p113,p7166,p7167,p7168,p7169,p7170,p7171,p70,p71,p72,p73,p74,p75,p76,p77,p78,p79,p80,p81,p82,p83,p84,p85,p92,p93,p313,p314,p315,p316,p317,p318', 'start_time_stamp': '20260513210000', 'end_time_stamp': '20260513235959', 'minute_interval': 5}
2026-05-14 01:02:15,068 - root - INFO - Successfully upserted 37 data points.
2026-05-14 01:02:15,068 - root - INFO - Fetching minute data with payload: {'ps_key_list': ['1734912_1_1_1'], 'points': 'p96,p97,p98,p99,p100,p101,p102,p103,p104,p105,p106,p107,p108,p109,p110,p111,p112,p113,p7166,p7167,p7168,p7169,p7170,p7171,p70,p71,p72,p73,p74,p75,p76,p77,p78,p79,p80,p81,p82,p83,p84,p85,p92,p93,p313,p314,p315,p316,p317,p318', 'start_time_stamp': '20260513060000', 'end_time_stamp': '20260513090000', 'minute_interval': 5}
2026-05-14 01:02:15,116 - root - INFO - Successfully upserted 37 data points.
2026-05-14 01:02:15,117 - root - INFO - Fetching minute data with payload: {'ps_key_list': ['1734912_1_1_1'], 'points': 'p96,p97,p98,p99,p100,p101,p102,p103,p104,p105,p106,p107,p108,p109,p110,p111,p112,p113,p7166,p7167,p7168,p7169,p7170,p7171,p70,p71,p72,p73,p74,p75,p76,p77,p78,p79,p80,p81,p82,p83,p84,p85,p92,p93,p313,p314,p315,p316,p317,p318', 'start_time_stamp': '20260513090000', 'end_time_stamp': '20260513120000', 'minute_interval': 5}
2026-05-14 01:02:15,318 - root - INFO - Successfully upserted 37 data points.
2026-05-14 01:02:15,319 - root - INFO - Fetching minute data with payload: {'ps_key_list': ['1734912_1_1_1'], 'points': 'p96,p97,p98,p99,p100,p101,p102,p103,p104,p105,p106,p107,p108,p109,p110,p111,p112,p113,p7166,p7167,p7168,p7169,p7170,p7171,p70,p71,p72,p73,p74,p75,p76,p77,p78,p79,p80,p81,p82,p83,p84,p85,p92,p93,p313,p314,p315,p316,p317,p318', 'start_time_stamp': '20260513030000', 'end_time_stamp': '20260513060000', 'minute_interval': 5}
2026-05-14 01:02:16,172 - root - INFO - No data to insert into database for this API data batch.
2026-05-14 01:02:16,173 - root - INFO - Completed 3-hour interval: 2026-05-13 00:00:00 to 2026-05-13 03:00:00 - 7101 points
2026-05-14 01:02:16,279 - root - INFO - Successfully upserted 37 data points.
2026-05-14 01:02:16,279 - root - INFO - Fetching minute data with payload: {'ps_key_list': ['1734912_1_1_1'], 'points': 'p96,p97,p98,p99,p100,p101,p102,p103,p104,p105,p106,p107,p108,p109,p110,p111,p112,p113,p7166,p7167,p7168,p7169,p7170,p7171,p70,p71,p72,p73,p74,p75,p76,p77,p78,p79,p80,p81,p82,p83,p84,p85,p92,p93,p313,p314,p315,p316,p317,p318', 'start_time_stamp': '20260513120000', 'end_time_stamp': '20260513150000', 'minute_interval': 5}
2026-05-14 01:02:16,396 - root - INFO - Successfully upserted 37 data points.
2026-05-14 01:02:16,396 - root - INFO - Fetching minute data with payload: {'ps_key_list': ['1734912_1_1_1'], 'points': 'p96,p97,p98,p99,p100,p101,p102,p103,p104,p105,p106,p107,p108,p109,p110,p111,p112,p113,p7166,p7167,p7168,p7169,p7170,p7171,p70,p71,p72,p73,p74,p75,p76,p77,p78,p79,p80,p81,p82,p83,p84,p85,p92,p93,p313,p314,p315,p316,p317,p318', 'start_time_stamp': '20260513180000', 'end_time_stamp': '20260513210000', 'minute_interval': 5}
2026-05-14 01:02:16,398 - root - INFO - Successfully upserted 37 data points.
2026-05-14 01:02:16,399 - root - INFO - Fetching minute data with payload: {'ps_key_list': ['1734912_1_1_1'], 'points': 'p96,p97,p98,p99,p100,p101,p102,p103,p104,p105,p106,p107,p108,p109,p110,p111,p112,p113,p7166,p7167,p7168,p7169,p7170,p7171,p70,p71,p72,p73,p74,p75,p76,p77,p78,p79,p80,p81,p82,p83,p84,p85,p92,p93,p313,p314,p315,p316,p317,p318', 'start_time_stamp': '20260513150000', 'end_time_stamp': '20260513180000', 'minute_interval': 5}
2026-05-14 01:02:16,544 - root - INFO - No data to insert into database for this API data batch.
2026-05-14 01:02:16,546 - root - INFO - Completed 3-hour interval: 2026-05-13 21:00:00 to 2026-05-13 23:59:59 - 7320 points
2026-05-14 01:02:17,686 - root - INFO - Successfully upserted 37 data points.
2026-05-14 01:02:17,687 - root - INFO - Completed 3-hour interval: 2026-05-13 06:00:00 to 2026-05-13 09:00:00 - 7941 points
2026-05-14 01:02:17,698 - root - INFO - Successfully upserted 37 data points.
2026-05-14 01:02:17,698 - root - INFO - Completed 3-hour interval: 2026-05-13 09:00:00 to 2026-05-13 12:00:00 - 7941 points
2026-05-14 01:02:17,916 - root - INFO - Successfully upserted 6 data points.
2026-05-14 01:02:17,917 - root - INFO - Completed 3-hour interval: 2026-05-13 03:00:00 to 2026-05-13 06:00:00 - 7284 points
2026-05-14 01:02:18,859 - root - INFO - Successfully upserted 37 data points.
2026-05-14 01:02:18,859 - root - INFO - Completed 3-hour interval: 2026-05-13 12:00:00 to 2026-05-13 15:00:00 - 8065 points
2026-05-14 01:02:19,030 - root - INFO - Successfully upserted 33 data points.
2026-05-14 01:02:19,030 - root - INFO - Completed 3-hour interval: 2026-05-13 15:00:00 to 2026-05-13 18:00:00 - 8115 points
2026-05-14 01:02:19,272 - root - INFO - No data to insert into database for this API data batch.
2026-05-14 01:02:19,272 - root - INFO - Completed 3-hour interval: 2026-05-13 18:00:00 to 2026-05-13 21:00:00 - 7992 points
2026-05-14 01:02:19,274 - root - INFO - Total data points ingested for day-batch (2026-05-13): 61759
2026-05-14 01:02:19,275 - root - INFO - Processing inverter summary data for 141 eligible inverters (out of 141 total inverters for this type filter)
2026-05-14 01:02:19,275 - root - INFO - Processing day-batch with custom mapping: 2026-05-13 for 141 devices.
2026-05-14 01:02:19,275 - root - INFO - Processing 8 intervals in parallel with 8 workers (custom mapping)
2026-05-14 01:02:19,276 - root - INFO - Fetching minute data with payload: {'ps_key_list': ['1680199_1_9_2', '1680199_1_7_1', '1680199_1_4_1', '1680199_1_8_2', '1680199_1_7_2', '1680199_1_6_2', '1680199_1_4_2', '1680199_1_1_2', '1680199_1_5_2', '1680199_1_3_2', '1680199_1_2_2', '1680199_1_2_1', '1680199_1_1_1', '1680199_1_3_1', '1680199_1_6_1', '1680199_1_9_1', '1680199_1_10_1', '1680199_1_8_1', '1680199_1_11_1', '1680199_1_5_1'], 'points': 'p1,p14,p24,p25,p4,p26,p18,p19,p20,p21,p22,p23,p27', 'start_time_stamp': '20260513000000', 'end_time_stamp': '20260513025959', 'minute_interval': 5}
2026-05-14 01:02:19,276 - root - INFO - Fetching minute data with payload: {'ps_key_list': ['1680199_1_9_2', '1680199_1_7_1', '1680199_1_4_1', '1680199_1_8_2', '1680199_1_7_2', '1680199_1_6_2', '1680199_1_4_2', '1680199_1_1_2', '1680199_1_5_2', '1680199_1_3_2', '1680199_1_2_2', '1680199_1_2_1', '1680199_1_1_1', '1680199_1_3_1', '1680199_1_6_1', '1680199_1_9_1', '1680199_1_10_1', '1680199_1_8_1', '1680199_1_11_1', '1680199_1_5_1'], 'points': 'p1,p14,p24,p25,p4,p26,p18,p19,p20,p21,p22,p23,p27', 'start_time_stamp': '20260513030000', 'end_time_stamp': '20260513055959', 'minute_interval': 5}
2026-05-14 01:02:19,277 - root - INFO - Fetching minute data with payload: {'ps_key_list': ['1680199_1_9_2', '1680199_1_7_1', '1680199_1_4_1', '1680199_1_8_2', '1680199_1_7_2', '1680199_1_6_2', '1680199_1_4_2', '1680199_1_1_2', '1680199_1_5_2', '1680199_1_3_2', '1680199_1_2_2', '1680199_1_2_1', '1680199_1_1_1', '1680199_1_3_1', '1680199_1_6_1', '1680199_1_9_1', '1680199_1_10_1', '1680199_1_8_1', '1680199_1_11_1', '1680199_1_5_1'], 'points': 'p1,p14,p24,p25,p4,p26,p18,p19,p20,p21,p22,p23,p27', 'start_time_stamp': '20260513060000', 'end_time_stamp': '20260513085959', 'minute_interval': 5}
2026-05-14 01:02:19,277 - root - INFO - Fetching minute data with payload: {'ps_key_list': ['1680199_1_9_2', '1680199_1_7_1', '1680199_1_4_1', '1680199_1_8_2', '1680199_1_7_2', '1680199_1_6_2', '1680199_1_4_2', '1680199_1_1_2', '1680199_1_5_2', '1680199_1_3_2', '1680199_1_2_2', '1680199_1_2_1', '1680199_1_1_1', '1680199_1_3_1', '1680199_1_6_1', '1680199_1_9_1', '1680199_1_10_1', '1680199_1_8_1', '1680199_1_11_1', '1680199_1_5_1'], 'points': 'p1,p14,p24,p25,p4,p26,p18,p19,p20,p21,p22,p23,p27', 'start_time_stamp': '20260513090000', 'end_time_stamp': '20260513115959', 'minute_interval': 5}
2026-05-14 01:02:19,278 - root - INFO - Fetching minute data with payload: {'ps_key_list': ['1680199_1_9_2', '1680199_1_7_1', '1680199_1_4_1', '1680199_1_8_2', '1680199_1_7_2', '1680199_1_6_2', '1680199_1_4_2', '1680199_1_1_2', '1680199_1_5_2', '1680199_1_3_2', '1680199_1_2_2', '1680199_1_2_1', '1680199_1_1_1', '1680199_1_3_1', '1680199_1_6_1', '1680199_1_9_1', '1680199_1_10_1', '1680199_1_8_1', '1680199_1_11_1', '1680199_1_5_1'], 'points': 'p1,p14,p24,p25,p4,p26,p18,p19,p20,p21,p22,p23,p27', 'start_time_stamp': '20260513120000', 'end_time_stamp': '20260513145959', 'minute_interval': 5}
2026-05-14 01:02:19,278 - root - INFO - Fetching minute data with payload: {'ps_key_list': ['1680199_1_9_2', '1680199_1_7_1', '1680199_1_4_1', '1680199_1_8_2', '1680199_1_7_2', '1680199_1_6_2', '1680199_1_4_2', '1680199_1_1_2', '1680199_1_5_2', '1680199_1_3_2', '1680199_1_2_2', '1680199_1_2_1', '1680199_1_1_1', '1680199_1_3_1', '1680199_1_6_1', '1680199_1_9_1', '1680199_1_10_1', '1680199_1_8_1', '1680199_1_11_1', '1680199_1_5_1'], 'points': 'p1,p14,p24,p25,p4,p26,p18,p19,p20,p21,p22,p23,p27', 'start_time_stamp': '20260513150000', 'end_time_stamp': '20260513175959', 'minute_interval': 5}
2026-05-14 01:02:19,279 - root - INFO - Fetching minute data with payload: {'ps_key_list': ['1680199_1_9_2', '1680199_1_7_1', '1680199_1_4_1', '1680199_1_8_2', '1680199_1_7_2', '1680199_1_6_2', '1680199_1_4_2', '1680199_1_1_2', '1680199_1_5_2', '1680199_1_3_2', '1680199_1_2_2', '1680199_1_2_1', '1680199_1_1_1', '1680199_1_3_1', '1680199_1_6_1', '1680199_1_9_1', '1680199_1_10_1', '1680199_1_8_1', '1680199_1_11_1', '1680199_1_5_1'], 'points': 'p1,p14,p24,p25,p4,p26,p18,p19,p20,p21,p22,p23,p27', 'start_time_stamp': '20260513180000', 'end_time_stamp': '20260513205959', 'minute_interval': 5}
2026-05-14 01:02:19,280 - root - INFO - Fetching minute data with payload: {'ps_key_list': ['1680199_1_9_2', '1680199_1_7_1', '1680199_1_4_1', '1680199_1_8_2', '1680199_1_7_2', '1680199_1_6_2', '1680199_1_4_2', '1680199_1_1_2', '1680199_1_5_2', '1680199_1_3_2', '1680199_1_2_2', '1680199_1_2_1', '1680199_1_1_1', '1680199_1_3_1', '1680199_1_6_1', '1680199_1_9_1', '1680199_1_10_1', '1680199_1_8_1', '1680199_1_11_1', '1680199_1_5_1'], 'points': 'p1,p14,p24,p25,p4,p26,p18,p19,p20,p21,p22,p23,p27', 'start_time_stamp': '20260513210000', 'end_time_stamp': '20260513235959', 'minute_interval': 5}
2026-05-14 01:02:23,291 - root - INFO - Successfully upserted 720 data points.
2026-05-14 01:02:23,293 - root - INFO - Fetching minute data with payload: {'ps_key_list': ['1458125_1_37_1', '1458125_1_46_1', '1458125_1_45_1', '1458125_1_44_1', '1458125_1_5_1', '1458125_1_1_1', '1458125_1_4_1', '1458125_1_3_1', '1458125_1_6_1', '1458125_1_27_1', '1458125_1_26_1', '1458125_1_39_1', '1458125_1_38_1', '1458125_1_25_1', '1458125_1_41_1', '1458125_1_40_1', '1458125_1_36_1', '1458125_1_34_1', '1458125_1_33_1', '1458125_1_32_1', '1458125_1_31_1', '1458125_1_30_1', '1458125_1_29_1', '1458125_1_42_1', '1458125_1_48_1', '1458125_1_47_1', '1458125_1_43_1', '1458125_1_35_1', '1458125_1_2_1'], 'points': 'p1,p14,p24,p25,p4,p26,p18,p19,p20,p21,p22,p23,p27', 'start_time_stamp': '20260513030000', 'end_time_stamp': '20260513055959', 'minute_interval': 5}
2026-05-14 01:02:23,316 - root - INFO - Successfully upserted 720 data points.
2026-05-14 01:02:23,319 - root - INFO - Fetching minute data with payload: {'ps_key_list': ['1458125_1_37_1', '1458125_1_46_1', '1458125_1_45_1', '1458125_1_44_1', '1458125_1_5_1', '1458125_1_1_1', '1458125_1_4_1', '1458125_1_3_1', '1458125_1_6_1', '1458125_1_27_1', '1458125_1_26_1', '1458125_1_39_1', '1458125_1_38_1', '1458125_1_25_1', '1458125_1_41_1', '1458125_1_40_1', '1458125_1_36_1', '1458125_1_34_1', '1458125_1_33_1', '1458125_1_32_1', '1458125_1_31_1', '1458125_1_30_1', '1458125_1_29_1', '1458125_1_42_1', '1458125_1_48_1', '1458125_1_47_1', '1458125_1_43_1', '1458125_1_35_1', '1458125_1_2_1'], 'points': 'p1,p14,p24,p25,p4,p26,p18,p19,p20,p21,p22,p23,p27', 'start_time_stamp': '20260513060000', 'end_time_stamp': '20260513085959', 'minute_interval': 5}
2026-05-14 01:02:23,324 - root - INFO - Successfully upserted 720 data points.
2026-05-14 01:02:23,328 - root - INFO - Fetching minute data with payload: {'ps_key_list': ['1458125_1_37_1', '1458125_1_46_1', '1458125_1_45_1', '1458125_1_44_1', '1458125_1_5_1', '1458125_1_1_1', '1458125_1_4_1', '1458125_1_3_1', '1458125_1_6_1', '1458125_1_27_1', '1458125_1_26_1', '1458125_1_39_1', '1458125_1_38_1', '1458125_1_25_1', '1458125_1_41_1', '1458125_1_40_1', '1458125_1_36_1', '1458125_1_34_1', '1458125_1_33_1', '1458125_1_32_1', '1458125_1_31_1', '1458125_1_30_1', '1458125_1_29_1', '1458125_1_42_1', '1458125_1_48_1', '1458125_1_47_1', '1458125_1_43_1', '1458125_1_35_1', '1458125_1_2_1'], 'points': 'p1,p14,p24,p25,p4,p26,p18,p19,p20,p21,p22,p23,p27', 'start_time_stamp': '20260513000000', 'end_time_stamp': '20260513025959', 'minute_interval': 5}
2026-05-14 01:02:23,332 - root - INFO - Successfully upserted 720 data points.
2026-05-14 01:02:23,338 - root - INFO - Successfully upserted 720 data points.
2026-05-14 01:02:23,340 - root - INFO - Fetching minute data with payload: {'ps_key_list': ['1458125_1_37_1', '1458125_1_46_1', '1458125_1_45_1', '1458125_1_44_1', '1458125_1_5_1', '1458125_1_1_1', '1458125_1_4_1', '1458125_1_3_1', '1458125_1_6_1', '1458125_1_27_1', '1458125_1_26_1', '1458125_1_39_1', '1458125_1_38_1', '1458125_1_25_1', '1458125_1_41_1', '1458125_1_40_1', '1458125_1_36_1', '1458125_1_34_1', '1458125_1_33_1', '1458125_1_32_1', '1458125_1_31_1', '1458125_1_30_1', '1458125_1_29_1', '1458125_1_42_1', '1458125_1_48_1', '1458125_1_47_1', '1458125_1_43_1', '1458125_1_35_1', '1458125_1_2_1'], 'points': 'p1,p14,p24,p25,p4,p26,p18,p19,p20,p21,p22,p23,p27', 'start_time_stamp': '20260513150000', 'end_time_stamp': '20260513175959', 'minute_interval': 5}
2026-05-14 01:02:23,345 - root - INFO - Fetching minute data with payload: {'ps_key_list': ['1458125_1_37_1', '1458125_1_46_1', '1458125_1_45_1', '1458125_1_44_1', '1458125_1_5_1', '1458125_1_1_1', '1458125_1_4_1', '1458125_1_3_1', '1458125_1_6_1', '1458125_1_27_1', '1458125_1_26_1', '1458125_1_39_1', '1458125_1_38_1', '1458125_1_25_1', '1458125_1_41_1', '1458125_1_40_1', '1458125_1_36_1', '1458125_1_34_1', '1458125_1_33_1', '1458125_1_32_1', '1458125_1_31_1', '1458125_1_30_1', '1458125_1_29_1', '1458125_1_42_1', '1458125_1_48_1', '1458125_1_47_1', '1458125_1_43_1', '1458125_1_35_1', '1458125_1_2_1'], 'points': 'p1,p14,p24,p25,p4,p26,p18,p19,p20,p21,p22,p23,p27', 'start_time_stamp': '20260513090000', 'end_time_stamp': '20260513115959', 'minute_interval': 5}
2026-05-14 01:02:23,421 - root - INFO - Successfully upserted 720 data points.
2026-05-14 01:02:23,451 - root - INFO - Successfully upserted 720 data points.
2026-05-14 01:02:23,460 - root - INFO - Successfully upserted 687 data points.
2026-05-14 01:02:23,472 - root - INFO - Fetching minute data with payload: {'ps_key_list': ['1458125_1_37_1', '1458125_1_46_1', '1458125_1_45_1', '1458125_1_44_1', '1458125_1_5_1', '1458125_1_1_1', '1458125_1_4_1', '1458125_1_3_1', '1458125_1_6_1', '1458125_1_27_1', '1458125_1_26_1', '1458125_1_39_1', '1458125_1_38_1', '1458125_1_25_1', '1458125_1_41_1', '1458125_1_40_1', '1458125_1_36_1', '1458125_1_34_1', '1458125_1_33_1', '1458125_1_32_1', '1458125_1_31_1', '1458125_1_30_1', '1458125_1_29_1', '1458125_1_42_1', '1458125_1_48_1', '1458125_1_47_1', '1458125_1_43_1', '1458125_1_35_1', '1458125_1_2_1'], 'points': 'p1,p14,p24,p25,p4,p26,p18,p19,p20,p21,p22,p23,p27', 'start_time_stamp': '20260513120000', 'end_time_stamp': '20260513145959', 'minute_interval': 5}
2026-05-14 01:02:23,473 - root - INFO - Fetching minute data with payload: {'ps_key_list': ['1458125_1_37_1', '1458125_1_46_1', '1458125_1_45_1', '1458125_1_44_1', '1458125_1_5_1', '1458125_1_1_1', '1458125_1_4_1', '1458125_1_3_1', '1458125_1_6_1', '1458125_1_27_1', '1458125_1_26_1', '1458125_1_39_1', '1458125_1_38_1', '1458125_1_25_1', '1458125_1_41_1', '1458125_1_40_1', '1458125_1_36_1', '1458125_1_34_1', '1458125_1_33_1', '1458125_1_32_1', '1458125_1_31_1', '1458125_1_30_1', '1458125_1_29_1', '1458125_1_42_1', '1458125_1_48_1', '1458125_1_47_1', '1458125_1_43_1', '1458125_1_35_1', '1458125_1_2_1'], 'points': 'p1,p14,p24,p25,p4,p26,p18,p19,p20,p21,p22,p23,p27', 'start_time_stamp': '20260513210000', 'end_time_stamp': '20260513235959', 'minute_interval': 5}
2026-05-14 01:02:23,852 - root - INFO - Fetching minute data with payload: {'ps_key_list': ['1458125_1_37_1', '1458125_1_46_1', '1458125_1_45_1', '1458125_1_44_1', '1458125_1_5_1', '1458125_1_1_1', '1458125_1_4_1', '1458125_1_3_1', '1458125_1_6_1', '1458125_1_27_1', '1458125_1_26_1', '1458125_1_39_1', '1458125_1_38_1', '1458125_1_25_1', '1458125_1_41_1', '1458125_1_40_1', '1458125_1_36_1', '1458125_1_34_1', '1458125_1_33_1', '1458125_1_32_1', '1458125_1_31_1', '1458125_1_30_1', '1458125_1_29_1', '1458125_1_42_1', '1458125_1_48_1', '1458125_1_47_1', '1458125_1_43_1', '1458125_1_35_1', '1458125_1_2_1'], 'points': 'p1,p14,p24,p25,p4,p26,p18,p19,p20,p21,p22,p23,p27', 'start_time_stamp': '20260513180000', 'end_time_stamp': '20260513205959', 'minute_interval': 5}
2026-05-14 01:02:27,315 - root - INFO - Successfully upserted 1044 data points.
2026-05-14 01:02:27,317 - root - INFO - Fetching minute data with payload: {'ps_key_list': ['1479456_1_12_1', '1479456_1_11_1', '1479456_1_10_1', '1479456_1_9_1', '1479456_1_8_1', '1479456_1_7_1', '1479456_1_6_1', '1479456_1_2_2', '1479456_1_5_2', '1479456_1_1_2', '1479456_1_8_2', '1479456_1_1_1', '1479456_1_4_2', '1479456_1_3_2', '1479456_1_16_1', '1479456_1_15_1', '1479456_1_14_1', '1479456_1_13_1'], 'points': 'p1,p14,p24,p25,p4,p26,p18,p19,p20,p21,p22,p23,p27', 'start_time_stamp': '20260513090000', 'end_time_stamp': '20260513115959', 'minute_interval': 5}
2026-05-14 01:02:27,324 - root - INFO - Successfully upserted 1044 data points.
2026-05-14 01:02:27,326 - root - INFO - Fetching minute data with payload: {'ps_key_list': ['1479456_1_12_1', '1479456_1_11_1', '1479456_1_10_1', '1479456_1_9_1', '1479456_1_8_1', '1479456_1_7_1', '1479456_1_6_1', '1479456_1_2_2', '1479456_1_5_2', '1479456_1_1_2', '1479456_1_8_2', '1479456_1_1_1', '1479456_1_4_2', '1479456_1_3_2', '1479456_1_16_1', '1479456_1_15_1', '1479456_1_14_1', '1479456_1_13_1'], 'points': 'p1,p14,p24,p25,p4,p26,p18,p19,p20,p21,p22,p23,p27', 'start_time_stamp': '20260513000000', 'end_time_stamp': '20260513025959', 'minute_interval': 5}
2026-05-14 01:02:27,614 - root - INFO - Successfully upserted 791 data points.
2026-05-14 01:02:27,628 - root - INFO - Successfully upserted 1044 data points.
2026-05-14 01:02:27,630 - root - INFO - Fetching minute data with payload: {'ps_key_list': ['1479456_1_12_1', '1479456_1_11_1', '1479456_1_10_1', '1479456_1_9_1', '1479456_1_8_1', '1479456_1_7_1', '1479456_1_6_1', '1479456_1_2_2', '1479456_1_5_2', '1479456_1_1_2', '1479456_1_8_2', '1479456_1_1_1', '1479456_1_4_2', '1479456_1_3_2', '1479456_1_16_1', '1479456_1_15_1', '1479456_1_14_1', '1479456_1_13_1'], 'points': 'p1,p14,p24,p25,p4,p26,p18,p19,p20,p21,p22,p23,p27', 'start_time_stamp': '20260513210000', 'end_time_stamp': '20260513235959', 'minute_interval': 5}
2026-05-14 01:02:27,643 - root - INFO - Successfully upserted 1044 data points.
2026-05-14 01:02:27,655 - root - INFO - Fetching minute data with payload: {'ps_key_list': ['1479456_1_12_1', '1479456_1_11_1', '1479456_1_10_1', '1479456_1_9_1', '1479456_1_8_1', '1479456_1_7_1', '1479456_1_6_1', '1479456_1_2_2', '1479456_1_5_2', '1479456_1_1_2', '1479456_1_8_2', '1479456_1_1_1', '1479456_1_4_2', '1479456_1_3_2', '1479456_1_16_1', '1479456_1_15_1', '1479456_1_14_1', '1479456_1_13_1'], 'points': 'p1,p14,p24,p25,p4,p26,p18,p19,p20,p21,p22,p23,p27', 'start_time_stamp': '20260513060000', 'end_time_stamp': '20260513085959', 'minute_interval': 5}
2026-05-14 01:02:27,666 - root - INFO - Successfully upserted 1044 data points.
2026-05-14 01:02:27,677 - root - INFO - Fetching minute data with payload: {'ps_key_list': ['1479456_1_12_1', '1479456_1_11_1', '1479456_1_10_1', '1479456_1_9_1', '1479456_1_8_1', '1479456_1_7_1', '1479456_1_6_1', '1479456_1_2_2', '1479456_1_5_2', '1479456_1_1_2', '1479456_1_8_2', '1479456_1_1_1', '1479456_1_4_2', '1479456_1_3_2', '1479456_1_16_1', '1479456_1_15_1', '1479456_1_14_1', '1479456_1_13_1'], 'points': 'p1,p14,p24,p25,p4,p26,p18,p19,p20,p21,p22,p23,p27', 'start_time_stamp': '20260513030000', 'end_time_stamp': '20260513055959', 'minute_interval': 5}
2026-05-14 01:02:27,683 - root - INFO - Fetching minute data with payload: {'ps_key_list': ['1479456_1_12_1', '1479456_1_11_1', '1479456_1_10_1', '1479456_1_9_1', '1479456_1_8_1', '1479456_1_7_1', '1479456_1_6_1', '1479456_1_2_2', '1479456_1_5_2', '1479456_1_1_2', '1479456_1_8_2', '1479456_1_1_1', '1479456_1_4_2', '1479456_1_3_2', '1479456_1_16_1', '1479456_1_15_1', '1479456_1_14_1', '1479456_1_13_1'], 'points': 'p1,p14,p24,p25,p4,p26,p18,p19,p20,p21,p22,p23,p27', 'start_time_stamp': '20260513150000', 'end_time_stamp': '20260513175959', 'minute_interval': 5}
2026-05-14 01:02:27,737 - root - INFO - Successfully upserted 1044 data points.
2026-05-14 01:02:27,747 - root - INFO - Fetching minute data with payload: {'ps_key_list': ['1479456_1_12_1', '1479456_1_11_1', '1479456_1_10_1', '1479456_1_9_1', '1479456_1_8_1', '1479456_1_7_1', '1479456_1_6_1', '1479456_1_2_2', '1479456_1_5_2', '1479456_1_1_2', '1479456_1_8_2', '1479456_1_1_1', '1479456_1_4_2', '1479456_1_3_2', '1479456_1_16_1', '1479456_1_15_1', '1479456_1_14_1', '1479456_1_13_1'], 'points': 'p1,p14,p24,p25,p4,p26,p18,p19,p20,p21,p22,p23,p27', 'start_time_stamp': '20260513120000', 'end_time_stamp': '20260513145959', 'minute_interval': 5}
2026-05-14 01:02:27,797 - root - INFO - Successfully upserted 1044 data points.
2026-05-14 01:02:28,157 - root - INFO - Fetching minute data with payload: {'ps_key_list': ['1479456_1_12_1', '1479456_1_11_1', '1479456_1_10_1', '1479456_1_9_1', '1479456_1_8_1', '1479456_1_7_1', '1479456_1_6_1', '1479456_1_2_2', '1479456_1_5_2', '1479456_1_1_2', '1479456_1_8_2', '1479456_1_1_1', '1479456_1_4_2', '1479456_1_3_2', '1479456_1_16_1', '1479456_1_15_1', '1479456_1_14_1', '1479456_1_13_1'], 'points': 'p1,p14,p24,p25,p4,p26,p18,p19,p20,p21,p22,p23,p27', 'start_time_stamp': '20260513180000', 'end_time_stamp': '20260513205959', 'minute_interval': 5}
2026-05-14 01:02:30,421 - root - INFO - Successfully upserted 648 data points.
2026-05-14 01:02:30,421 - root - INFO - Fetching minute data with payload: {'ps_key_list': ['1763661_1_1_1', '1763661_1_4_1', '1763661_1_3_1', '1763661_1_34_1', '1763661_1_33_1', '1763661_1_32_1', '1763661_1_31_1', '1763661_1_30_1', '1763661_1_29_1', '1763661_1_28_1', '1763661_1_27_1', '1763661_1_26_1', '1763661_1_25_1', '1763661_1_6_1', '1763661_1_5_1', '1763661_1_8_1', '1763661_1_7_1', '1763661_1_9_1', '1763661_1_10_1', '1763661_1_2_1'], 'points': 'p1,p14,p24,p25,p4,p26,p18,p19,p20,p21,p22,p23,p27', 'start_time_stamp': '20260513000000', 'end_time_stamp': '20260513025959', 'minute_interval': 5}
2026-05-14 01:02:30,421 - root - INFO - Successfully upserted 648 data points.
2026-05-14 01:02:30,423 - root - INFO - Fetching minute data with payload: {'ps_key_list': ['1763661_1_1_1', '1763661_1_4_1', '1763661_1_3_1', '1763661_1_34_1', '1763661_1_33_1', '1763661_1_32_1', '1763661_1_31_1', '1763661_1_30_1', '1763661_1_29_1', '1763661_1_28_1', '1763661_1_27_1', '1763661_1_26_1', '1763661_1_25_1', '1763661_1_6_1', '1763661_1_5_1', '1763661_1_8_1', '1763661_1_7_1', '1763661_1_9_1', '1763661_1_10_1', '1763661_1_2_1'], 'points': 'p1,p14,p24,p25,p4,p26,p18,p19,p20,p21,p22,p23,p27', 'start_time_stamp': '20260513090000', 'end_time_stamp': '20260513115959', 'minute_interval': 5}
2026-05-14 01:02:31,237 - root - INFO - Successfully upserted 648 data points.
2026-05-14 01:02:31,237 - root - INFO - Fetching minute data with payload: {'ps_key_list': ['1763661_1_1_1', '1763661_1_4_1', '1763661_1_3_1', '1763661_1_34_1', '1763661_1_33_1', '1763661_1_32_1', '1763661_1_31_1', '1763661_1_30_1', '1763661_1_29_1', '1763661_1_28_1', '1763661_1_27_1', '1763661_1_26_1', '1763661_1_25_1', '1763661_1_6_1', '1763661_1_5_1', '1763661_1_8_1', '1763661_1_7_1', '1763661_1_9_1', '1763661_1_10_1', '1763661_1_2_1'], 'points': 'p1,p14,p24,p25,p4,p26,p18,p19,p20,p21,p22,p23,p27', 'start_time_stamp': '20260513210000', 'end_time_stamp': '20260513235959', 'minute_interval': 5}
2026-05-14 01:02:31,362 - root - INFO - Successfully upserted 648 data points.
2026-05-14 01:02:31,364 - root - INFO - Fetching minute data with payload: {'ps_key_list': ['1763661_1_1_1', '1763661_1_4_1', '1763661_1_3_1', '1763661_1_34_1', '1763661_1_33_1', '1763661_1_32_1', '1763661_1_31_1', '1763661_1_30_1', '1763661_1_29_1', '1763661_1_28_1', '1763661_1_27_1', '1763661_1_26_1', '1763661_1_25_1', '1763661_1_6_1', '1763661_1_5_1', '1763661_1_8_1', '1763661_1_7_1', '1763661_1_9_1', '1763661_1_10_1', '1763661_1_2_1'], 'points': 'p1,p14,p24,p25,p4,p26,p18,p19,p20,p21,p22,p23,p27', 'start_time_stamp': '20260513030000', 'end_time_stamp': '20260513055959', 'minute_interval': 5}
2026-05-14 01:02:31,381 - root - INFO - Successfully upserted 648 data points.
2026-05-14 01:02:31,388 - root - INFO - Successfully upserted 648 data points.
2026-05-14 01:02:31,420 - root - INFO - Successfully upserted 648 data points.
2026-05-14 01:02:31,423 - root - INFO - Fetching minute data with payload: {'ps_key_list': ['1763661_1_1_1', '1763661_1_4_1', '1763661_1_3_1', '1763661_1_34_1', '1763661_1_33_1', '1763661_1_32_1', '1763661_1_31_1', '1763661_1_30_1', '1763661_1_29_1', '1763661_1_28_1', '1763661_1_27_1', '1763661_1_26_1', '1763661_1_25_1', '1763661_1_6_1', '1763661_1_5_1', '1763661_1_8_1', '1763661_1_7_1', '1763661_1_9_1', '1763661_1_10_1', '1763661_1_2_1'], 'points': 'p1,p14,p24,p25,p4,p26,p18,p19,p20,p21,p22,p23,p27', 'start_time_stamp': '20260513060000', 'end_time_stamp': '20260513085959', 'minute_interval': 5}
2026-05-14 01:02:31,424 - root - INFO - Fetching minute data with payload: {'ps_key_list': ['1763661_1_1_1', '1763661_1_4_1', '1763661_1_3_1', '1763661_1_34_1', '1763661_1_33_1', '1763661_1_32_1', '1763661_1_31_1', '1763661_1_30_1', '1763661_1_29_1', '1763661_1_28_1', '1763661_1_27_1', '1763661_1_26_1', '1763661_1_25_1', '1763661_1_6_1', '1763661_1_5_1', '1763661_1_8_1', '1763661_1_7_1', '1763661_1_9_1', '1763661_1_10_1', '1763661_1_2_1'], 'points': 'p1,p14,p24,p25,p4,p26,p18,p19,p20,p21,p22,p23,p27', 'start_time_stamp': '20260513120000', 'end_time_stamp': '20260513145959', 'minute_interval': 5}
2026-05-14 01:02:31,424 - root - INFO - Fetching minute data with payload: {'ps_key_list': ['1763661_1_1_1', '1763661_1_4_1', '1763661_1_3_1', '1763661_1_34_1', '1763661_1_33_1', '1763661_1_32_1', '1763661_1_31_1', '1763661_1_30_1', '1763661_1_29_1', '1763661_1_28_1', '1763661_1_27_1', '1763661_1_26_1', '1763661_1_25_1', '1763661_1_6_1', '1763661_1_5_1', '1763661_1_8_1', '1763661_1_7_1', '1763661_1_9_1', '1763661_1_10_1', '1763661_1_2_1'], 'points': 'p1,p14,p24,p25,p4,p26,p18,p19,p20,p21,p22,p23,p27', 'start_time_stamp': '20260513150000', 'end_time_stamp': '20260513175959', 'minute_interval': 5}
2026-05-14 01:02:31,471 - root - INFO - Successfully upserted 648 data points.
2026-05-14 01:02:31,478 - root - INFO - Fetching minute data with payload: {'ps_key_list': ['1763661_1_1_1', '1763661_1_4_1', '1763661_1_3_1', '1763661_1_34_1', '1763661_1_33_1', '1763661_1_32_1', '1763661_1_31_1', '1763661_1_30_1', '1763661_1_29_1', '1763661_1_28_1', '1763661_1_27_1', '1763661_1_26_1', '1763661_1_25_1', '1763661_1_6_1', '1763661_1_5_1', '1763661_1_8_1', '1763661_1_7_1', '1763661_1_9_1', '1763661_1_10_1', '1763661_1_2_1'], 'points': 'p1,p14,p24,p25,p4,p26,p18,p19,p20,p21,p22,p23,p27', 'start_time_stamp': '20260513180000', 'end_time_stamp': '20260513205959', 'minute_interval': 5}
2026-05-14 01:02:33,403 - root - INFO - Successfully upserted 720 data points.
2026-05-14 01:02:33,404 - root - INFO - Fetching minute data with payload: {'ps_key_list': ['1637816_1_5_1', '1637816_1_7_1', '1637816_1_2_1', '1637816_1_1_1', '1637816_1_4_1', '1637816_1_3_1', '1637816_1_6_1'], 'points': 'p1,p14,p24,p25,p4,p26,p18,p19,p20,p21,p22,p23,p27', 'start_time_stamp': '20260513000000', 'end_time_stamp': '20260513025959', 'minute_interval': 5}
2026-05-14 01:02:33,471 - root - INFO - Successfully upserted 720 data points.
2026-05-14 01:02:33,471 - root - INFO - Fetching minute data with payload: {'ps_key_list': ['1637816_1_5_1', '1637816_1_7_1', '1637816_1_2_1', '1637816_1_1_1', '1637816_1_4_1', '1637816_1_3_1', '1637816_1_6_1'], 'points': 'p1,p14,p24,p25,p4,p26,p18,p19,p20,p21,p22,p23,p27', 'start_time_stamp': '20260513090000', 'end_time_stamp': '20260513115959', 'minute_interval': 5}
2026-05-14 01:02:34,679 - root - INFO - Successfully upserted 720 data points.
2026-05-14 01:02:34,680 - root - INFO - Fetching minute data with payload: {'ps_key_list': ['1637816_1_5_1', '1637816_1_7_1', '1637816_1_2_1', '1637816_1_1_1', '1637816_1_4_1', '1637816_1_3_1', '1637816_1_6_1'], 'points': 'p1,p14,p24,p25,p4,p26,p18,p19,p20,p21,p22,p23,p27', 'start_time_stamp': '20260513030000', 'end_time_stamp': '20260513055959', 'minute_interval': 5}
2026-05-14 01:02:34,785 - root - INFO - Successfully upserted 610 data points.
2026-05-14 01:02:34,786 - root - INFO - Fetching minute data with payload: {'ps_key_list': ['1637816_1_5_1', '1637816_1_7_1', '1637816_1_2_1', '1637816_1_1_1', '1637816_1_4_1', '1637816_1_3_1', '1637816_1_6_1'], 'points': 'p1,p14,p24,p25,p4,p26,p18,p19,p20,p21,p22,p23,p27', 'start_time_stamp': '20260513210000', 'end_time_stamp': '20260513235959', 'minute_interval': 5}
2026-05-14 01:02:35,041 - root - INFO - Successfully upserted 720 data points.
2026-05-14 01:02:35,055 - root - INFO - Successfully upserted 720 data points.
2026-05-14 01:02:35,061 - root - INFO - Fetching minute data with payload: {'ps_key_list': ['1637816_1_5_1', '1637816_1_7_1', '1637816_1_2_1', '1637816_1_1_1', '1637816_1_4_1', '1637816_1_3_1', '1637816_1_6_1'], 'points': 'p1,p14,p24,p25,p4,p26,p18,p19,p20,p21,p22,p23,p27', 'start_time_stamp': '20260513150000', 'end_time_stamp': '20260513175959', 'minute_interval': 5}
2026-05-14 01:02:35,064 - root - INFO - Fetching minute data with payload: {'ps_key_list': ['1637816_1_5_1', '1637816_1_7_1', '1637816_1_2_1', '1637816_1_1_1', '1637816_1_4_1', '1637816_1_3_1', '1637816_1_6_1'], 'points': 'p1,p14,p24,p25,p4,p26,p18,p19,p20,p21,p22,p23,p27', 'start_time_stamp': '20260513180000', 'end_time_stamp': '20260513205959', 'minute_interval': 5}
2026-05-14 01:02:35,076 - root - INFO - Successfully upserted 720 data points.
2026-05-14 01:02:35,076 - root - INFO - Fetching minute data with payload: {'ps_key_list': ['1637816_1_5_1', '1637816_1_7_1', '1637816_1_2_1', '1637816_1_1_1', '1637816_1_4_1', '1637816_1_3_1', '1637816_1_6_1'], 'points': 'p1,p14,p24,p25,p4,p26,p18,p19,p20,p21,p22,p23,p27', 'start_time_stamp': '20260513060000', 'end_time_stamp': '20260513085959', 'minute_interval': 5}
2026-05-14 01:02:35,098 - root - INFO - Successfully upserted 720 data points.
2026-05-14 01:02:35,128 - root - INFO - Fetching minute data with payload: {'ps_key_list': ['1637816_1_5_1', '1637816_1_7_1', '1637816_1_2_1', '1637816_1_1_1', '1637816_1_4_1', '1637816_1_3_1', '1637816_1_6_1'], 'points': 'p1,p14,p24,p25,p4,p26,p18,p19,p20,p21,p22,p23,p27', 'start_time_stamp': '20260513120000', 'end_time_stamp': '20260513145959', 'minute_interval': 5}
2026-05-14 01:02:36,151 - root - INFO - Successfully upserted 252 data points.
2026-05-14 01:02:36,152 - root - INFO - Fetching minute data with payload: {'ps_key_list': ['1637095_1_4_1', '1637095_1_7_1', '1637095_1_3_1', '1637095_1_6_1', '1637095_1_2_1', '1637095_1_9_1', '1637095_1_5_1', '1637095_1_1_1', '1637095_1_10_1', '1637095_1_8_1'], 'points': 'p1,p14,p24,p25,p4,p26,p18,p19,p20,p21,p22,p23,p27', 'start_time_stamp': '20260513000000', 'end_time_stamp': '20260513025959', 'minute_interval': 5}
2026-05-14 01:02:36,152 - root - INFO - Successfully upserted 252 data points.
2026-05-14 01:02:36,153 - root - INFO - Fetching minute data with payload: {'ps_key_list': ['1637095_1_4_1', '1637095_1_7_1', '1637095_1_3_1', '1637095_1_6_1', '1637095_1_2_1', '1637095_1_9_1', '1637095_1_5_1', '1637095_1_1_1', '1637095_1_10_1', '1637095_1_8_1'], 'points': 'p1,p14,p24,p25,p4,p26,p18,p19,p20,p21,p22,p23,p27', 'start_time_stamp': '20260513090000', 'end_time_stamp': '20260513115959', 'minute_interval': 5}
2026-05-14 01:02:37,567 - root - INFO - Successfully upserted 252 data points.
2026-05-14 01:02:37,567 - root - INFO - Fetching minute data with payload: {'ps_key_list': ['1637095_1_4_1', '1637095_1_7_1', '1637095_1_3_1', '1637095_1_6_1', '1637095_1_2_1', '1637095_1_9_1', '1637095_1_5_1', '1637095_1_1_1', '1637095_1_10_1', '1637095_1_8_1'], 'points': 'p1,p14,p24,p25,p4,p26,p18,p19,p20,p21,p22,p23,p27', 'start_time_stamp': '20260513030000', 'end_time_stamp': '20260513055959', 'minute_interval': 5}
2026-05-14 01:02:37,624 - root - INFO - Successfully upserted 175 data points.
2026-05-14 01:02:37,625 - root - INFO - Fetching minute data with payload: {'ps_key_list': ['1637095_1_4_1', '1637095_1_7_1', '1637095_1_3_1', '1637095_1_6_1', '1637095_1_2_1', '1637095_1_9_1', '1637095_1_5_1', '1637095_1_1_1', '1637095_1_10_1', '1637095_1_8_1'], 'points': 'p1,p14,p24,p25,p4,p26,p18,p19,p20,p21,p22,p23,p27', 'start_time_stamp': '20260513210000', 'end_time_stamp': '20260513235959', 'minute_interval': 5}
2026-05-14 01:02:38,036 - root - INFO - Successfully upserted 252 data points.
2026-05-14 01:02:38,037 - root - INFO - Fetching minute data with payload: {'ps_key_list': ['1637095_1_4_1', '1637095_1_7_1', '1637095_1_3_1', '1637095_1_6_1', '1637095_1_2_1', '1637095_1_9_1', '1637095_1_5_1', '1637095_1_1_1', '1637095_1_10_1', '1637095_1_8_1'], 'points': 'p1,p14,p24,p25,p4,p26,p18,p19,p20,p21,p22,p23,p27', 'start_time_stamp': '20260513060000', 'end_time_stamp': '20260513085959', 'minute_interval': 5}
2026-05-14 01:02:38,063 - root - INFO - Successfully upserted 252 data points.
2026-05-14 01:02:38,063 - root - INFO - Fetching minute data with payload: {'ps_key_list': ['1637095_1_4_1', '1637095_1_7_1', '1637095_1_3_1', '1637095_1_6_1', '1637095_1_2_1', '1637095_1_9_1', '1637095_1_5_1', '1637095_1_1_1', '1637095_1_10_1', '1637095_1_8_1'], 'points': 'p1,p14,p24,p25,p4,p26,p18,p19,p20,p21,p22,p23,p27', 'start_time_stamp': '20260513180000', 'end_time_stamp': '20260513205959', 'minute_interval': 5}
2026-05-14 01:02:38,084 - root - INFO - Successfully upserted 252 data points.
2026-05-14 01:02:38,086 - root - INFO - Fetching minute data with payload: {'ps_key_list': ['1637095_1_4_1', '1637095_1_7_1', '1637095_1_3_1', '1637095_1_6_1', '1637095_1_2_1', '1637095_1_9_1', '1637095_1_5_1', '1637095_1_1_1', '1637095_1_10_1', '1637095_1_8_1'], 'points': 'p1,p14,p24,p25,p4,p26,p18,p19,p20,p21,p22,p23,p27', 'start_time_stamp': '20260513150000', 'end_time_stamp': '20260513175959', 'minute_interval': 5}
2026-05-14 01:02:38,090 - root - INFO - Successfully upserted 252 data points.
2026-05-14 01:02:38,090 - root - INFO - Fetching minute data with payload: {'ps_key_list': ['1637095_1_4_1', '1637095_1_7_1', '1637095_1_3_1', '1637095_1_6_1', '1637095_1_2_1', '1637095_1_9_1', '1637095_1_5_1', '1637095_1_1_1', '1637095_1_10_1', '1637095_1_8_1'], 'points': 'p1,p14,p24,p25,p4,p26,p18,p19,p20,p21,p22,p23,p27', 'start_time_stamp': '20260513120000', 'end_time_stamp': '20260513145959', 'minute_interval': 5}
2026-05-14 01:02:39,006 - root - INFO - Successfully upserted 360 data points.
2026-05-14 01:02:39,007 - root - INFO - Fetching minute data with payload: {'ps_key_list': ['1614122_1_3_1', '1614122_1_7_1', '1614122_1_4_1', '1614122_1_2_1', '1614122_1_1_1', '1614122_1_6_1', '1614122_1_5_1'], 'points': 'p1,p14,p24,p25,p4,p26,p18,p19,p20,p21,p22,p23,p27', 'start_time_stamp': '20260513000000', 'end_time_stamp': '20260513025959', 'minute_interval': 5}
2026-05-14 01:02:39,027 - root - INFO - Successfully upserted 360 data points.
2026-05-14 01:02:39,028 - root - INFO - Fetching minute data with payload: {'ps_key_list': ['1614122_1_3_1', '1614122_1_7_1', '1614122_1_4_1', '1614122_1_2_1', '1614122_1_1_1', '1614122_1_6_1', '1614122_1_5_1'], 'points': 'p1,p14,p24,p25,p4,p26,p18,p19,p20,p21,p22,p23,p27', 'start_time_stamp': '20260513090000', 'end_time_stamp': '20260513115959', 'minute_interval': 5}
2026-05-14 01:02:39,567 - root - INFO - Retrying API request after rate limit wait...
2026-05-14 01:02:39,568 - root - INFO - Making API request to: https://sg5.fusionsolar.huawei.com/rest/openapi/pvms/nbi/v1/device/history
2026-05-14 01:02:39,569 - root - INFO - Request payload: {'devDn': 'NE=52470109', 'devTypeId': 17, 'startTime': 1778605200000, 'endTime': 1778691599000}
2026-05-14 01:02:40,018 - root - INFO - Response status code: 200
2026-05-14 01:02:40,018 - root - INFO - API response from https://sg5.fusionsolar.huawei.com/rest/openapi/pvms/nbi/v1/device/history (truncated): {'failCode': 0, 'success': True, 'message': 'historical data information query successful.', 'data': []}
2026-05-14 01:02:40,024 - root - INFO - API Response type: <class 'dict'>
2026-05-14 01:02:40,024 - root - INFO - API Response keys: ['failCode', 'success', 'message', 'data']
2026-05-14 01:02:40,024 - root - INFO - API Response data is a list with 0 items
2026-05-14 01:02:40,024 - root - INFO - API Response has failCode: 0, message: historical data information query successful.
2026-05-14 01:02:40,025 - root - INFO - Using alternate response format: data as list
2026-05-14 01:02:40,025 - root - INFO - No data points returned for the query period
2026-05-14 01:02:40,025 - root - INFO - Using single devDn for device/history (API: one device per query)
2026-05-14 01:02:40,027 - root - INFO - Fetching historical data for 1 devices of type meter
2026-05-14 01:02:40,027 - root - INFO - Making API request to: https://sg5.fusionsolar.huawei.com/rest/openapi/pvms/nbi/v1/device/history
2026-05-14 01:02:40,028 - root - INFO - Request payload: {'devDn': 'NE=55409294', 'devTypeId': 17, 'startTime': 1778605200000, 'endTime': 1778691599000}
2026-05-14 01:02:40,351 - root - INFO - Response status code: 200
2026-05-14 01:02:40,351 - root - INFO - API response from https://sg5.fusionsolar.huawei.com/rest/openapi/pvms/nbi/v1/device/history (truncated): {'failCode': 407, 'success': False, 'message': 'Interface access frequency:0.39333333333333337/1second', 'data': []}
2026-05-14 01:02:40,352 - root - WARNING - API access frequency too high. Waiting 30 seconds before retry...
2026-05-14 01:02:40,636 - root - INFO - Successfully upserted 360 data points.
2026-05-14 01:02:40,637 - root - INFO - Fetching minute data with payload: {'ps_key_list': ['1614122_1_3_1', '1614122_1_7_1', '1614122_1_4_1', '1614122_1_2_1', '1614122_1_1_1', '1614122_1_6_1', '1614122_1_5_1'], 'points': 'p1,p14,p24,p25,p4,p26,p18,p19,p20,p21,p22,p23,p27', 'start_time_stamp': '20260513030000', 'end_time_stamp': '20260513055959', 'minute_interval': 5}
2026-05-14 01:02:40,637 - root - INFO - Successfully upserted 360 data points.
2026-05-14 01:02:40,638 - root - INFO - Fetching minute data with payload: {'ps_key_list': ['1614122_1_3_1', '1614122_1_7_1', '1614122_1_4_1', '1614122_1_2_1', '1614122_1_1_1', '1614122_1_6_1', '1614122_1_5_1'], 'points': 'p1,p14,p24,p25,p4,p26,p18,p19,p20,p21,p22,p23,p27', 'start_time_stamp': '20260513210000', 'end_time_stamp': '20260513235959', 'minute_interval': 5}
2026-05-14 01:02:40,990 - root - INFO - Successfully upserted 360 data points.
2026-05-14 01:02:40,991 - root - INFO - Fetching minute data with payload: {'ps_key_list': ['1614122_1_3_1', '1614122_1_7_1', '1614122_1_4_1', '1614122_1_2_1', '1614122_1_1_1', '1614122_1_6_1', '1614122_1_5_1'], 'points': 'p1,p14,p24,p25,p4,p26,p18,p19,p20,p21,p22,p23,p27', 'start_time_stamp': '20260513060000', 'end_time_stamp': '20260513085959', 'minute_interval': 5}
2026-05-14 01:02:41,013 - root - INFO - Successfully upserted 360 data points.
2026-05-14 01:02:41,014 - root - INFO - Fetching minute data with payload: {'ps_key_list': ['1614122_1_3_1', '1614122_1_7_1', '1614122_1_4_1', '1614122_1_2_1', '1614122_1_1_1', '1614122_1_6_1', '1614122_1_5_1'], 'points': 'p1,p14,p24,p25,p4,p26,p18,p19,p20,p21,p22,p23,p27', 'start_time_stamp': '20260513120000', 'end_time_stamp': '20260513145959', 'minute_interval': 5}
2026-05-14 01:02:41,054 - root - INFO - Successfully upserted 360 data points.
2026-05-14 01:02:41,056 - root - INFO - Fetching minute data with payload: {'ps_key_list': ['1614122_1_3_1', '1614122_1_7_1', '1614122_1_4_1', '1614122_1_2_1', '1614122_1_1_1', '1614122_1_6_1', '1614122_1_5_1'], 'points': 'p1,p14,p24,p25,p4,p26,p18,p19,p20,p21,p22,p23,p27', 'start_time_stamp': '20260513150000', 'end_time_stamp': '20260513175959', 'minute_interval': 5}
2026-05-14 01:02:41,135 - root - INFO - Successfully upserted 360 data points.
2026-05-14 01:02:41,136 - root - INFO - Fetching minute data with payload: {'ps_key_list': ['1614122_1_3_1', '1614122_1_7_1', '1614122_1_4_1', '1614122_1_2_1', '1614122_1_1_1', '1614122_1_6_1', '1614122_1_5_1'], 'points': 'p1,p14,p24,p25,p4,p26,p18,p19,p20,p21,p22,p23,p27', 'start_time_stamp': '20260513180000', 'end_time_stamp': '20260513205959', 'minute_interval': 5}
2026-05-14 01:02:41,761 - root - INFO - Successfully upserted 252 data points.
2026-05-14 01:02:41,761 - root - INFO - Fetching minute data with payload: {'ps_key_list': ['1731512_1_2_1'], 'points': 'p1,p14,p24,p25,p4,p26,p18,p19,p20,p21,p22,p23,p27', 'start_time_stamp': '20260513000000', 'end_time_stamp': '20260513025959', 'minute_interval': 5}
2026-05-14 01:02:41,832 - root - INFO - Successfully upserted 252 data points.
2026-05-14 01:02:41,835 - root - INFO - Fetching minute data with payload: {'ps_key_list': ['1731512_1_2_1'], 'points': 'p1,p14,p24,p25,p4,p26,p18,p19,p20,p21,p22,p23,p27', 'start_time_stamp': '20260513090000', 'end_time_stamp': '20260513115959', 'minute_interval': 5}
2026-05-14 01:02:43,470 - root - INFO - Successfully upserted 252 data points.
2026-05-14 01:02:43,470 - root - INFO - Fetching minute data with payload: {'ps_key_list': ['1731512_1_2_1'], 'points': 'p1,p14,p24,p25,p4,p26,p18,p19,p20,p21,p22,p23,p27', 'start_time_stamp': '20260513030000', 'end_time_stamp': '20260513055959', 'minute_interval': 5}
2026-05-14 01:02:43,472 - root - INFO - Successfully upserted 252 data points.
2026-05-14 01:02:43,472 - root - INFO - Fetching minute data with payload: {'ps_key_list': ['1731512_1_2_1'], 'points': 'p1,p14,p24,p25,p4,p26,p18,p19,p20,p21,p22,p23,p27', 'start_time_stamp': '20260513210000', 'end_time_stamp': '20260513235959', 'minute_interval': 5}
2026-05-14 01:02:43,775 - root - INFO - Successfully upserted 252 data points.
2026-05-14 01:02:43,775 - root - INFO - Fetching minute data with payload: {'ps_key_list': ['1731512_1_2_1'], 'points': 'p1,p14,p24,p25,p4,p26,p18,p19,p20,p21,p22,p23,p27', 'start_time_stamp': '20260513060000', 'end_time_stamp': '20260513085959', 'minute_interval': 5}
2026-05-14 01:02:43,913 - root - INFO - Successfully upserted 252 data points.
2026-05-14 01:02:43,913 - root - INFO - Fetching minute data with payload: {'ps_key_list': ['1731512_1_2_1'], 'points': 'p1,p14,p24,p25,p4,p26,p18,p19,p20,p21,p22,p23,p27', 'start_time_stamp': '20260513120000', 'end_time_stamp': '20260513145959', 'minute_interval': 5}
2026-05-14 01:02:43,965 - root - INFO - Successfully upserted 252 data points.
2026-05-14 01:02:43,967 - root - INFO - Fetching minute data with payload: {'ps_key_list': ['1731512_1_2_1'], 'points': 'p1,p14,p24,p25,p4,p26,p18,p19,p20,p21,p22,p23,p27', 'start_time_stamp': '20260513150000', 'end_time_stamp': '20260513175959', 'minute_interval': 5}
2026-05-14 01:02:43,982 - root - INFO - Successfully upserted 252 data points.
2026-05-14 01:02:43,982 - root - INFO - Fetching minute data with payload: {'ps_key_list': ['1731512_1_2_1'], 'points': 'p1,p14,p24,p25,p4,p26,p18,p19,p20,p21,p22,p23,p27', 'start_time_stamp': '20260513180000', 'end_time_stamp': '20260513205959', 'minute_interval': 5}
2026-05-14 01:02:44,376 - root - INFO - Successfully upserted 36 data points.
2026-05-14 01:02:44,376 - root - INFO - Fetching minute data with payload: {'ps_key_list': ['1730375_1_3_1', '1730375_1_1_1'], 'points': 'p1,p14,p24,p25,p4,p26,p18,p19,p20,p21,p22,p23,p27', 'start_time_stamp': '20260513090000', 'end_time_stamp': '20260513115959', 'minute_interval': 5}
2026-05-14 01:02:44,385 - root - INFO - Successfully upserted 36 data points.
2026-05-14 01:02:44,385 - root - INFO - Fetching minute data with payload: {'ps_key_list': ['1730375_1_3_1', '1730375_1_1_1'], 'points': 'p1,p14,p24,p25,p4,p26,p18,p19,p20,p21,p22,p23,p27', 'start_time_stamp': '20260513000000', 'end_time_stamp': '20260513025959', 'minute_interval': 5}
2026-05-14 01:02:46,109 - root - INFO - Successfully upserted 36 data points.
2026-05-14 01:02:46,109 - root - INFO - Fetching minute data with payload: {'ps_key_list': ['1730375_1_3_1', '1730375_1_1_1'], 'points': 'p1,p14,p24,p25,p4,p26,p18,p19,p20,p21,p22,p23,p27', 'start_time_stamp': '20260513030000', 'end_time_stamp': '20260513055959', 'minute_interval': 5}
2026-05-14 01:02:46,156 - root - INFO - Successfully upserted 36 data points.
2026-05-14 01:02:46,156 - root - INFO - Fetching minute data with payload: {'ps_key_list': ['1730375_1_3_1', '1730375_1_1_1'], 'points': 'p1,p14,p24,p25,p4,p26,p18,p19,p20,p21,p22,p23,p27', 'start_time_stamp': '20260513210000', 'end_time_stamp': '20260513235959', 'minute_interval': 5}
2026-05-14 01:02:46,396 - root - INFO - Successfully upserted 36 data points.
2026-05-14 01:02:46,397 - root - INFO - Fetching minute data with payload: {'ps_key_list': ['1730375_1_3_1', '1730375_1_1_1'], 'points': 'p1,p14,p24,p25,p4,p26,p18,p19,p20,p21,p22,p23,p27', 'start_time_stamp': '20260513060000', 'end_time_stamp': '20260513085959', 'minute_interval': 5}
2026-05-14 01:02:46,604 - root - INFO - Successfully upserted 36 data points.
2026-05-14 01:02:46,604 - root - INFO - Fetching minute data with payload: {'ps_key_list': ['1730375_1_3_1', '1730375_1_1_1'], 'points': 'p1,p14,p24,p25,p4,p26,p18,p19,p20,p21,p22,p23,p27', 'start_time_stamp': '20260513120000', 'end_time_stamp': '20260513145959', 'minute_interval': 5}
2026-05-14 01:02:46,647 - root - INFO - Successfully upserted 36 data points.
2026-05-14 01:02:46,647 - root - INFO - Fetching minute data with payload: {'ps_key_list': ['1730375_1_3_1', '1730375_1_1_1'], 'points': 'p1,p14,p24,p25,p4,p26,p18,p19,p20,p21,p22,p23,p27', 'start_time_stamp': '20260513150000', 'end_time_stamp': '20260513175959', 'minute_interval': 5}
2026-05-14 01:02:46,665 - root - INFO - Successfully upserted 36 data points.
2026-05-14 01:02:46,666 - root - INFO - Fetching minute data with payload: {'ps_key_list': ['1730375_1_3_1', '1730375_1_1_1'], 'points': 'p1,p14,p24,p25,p4,p26,p18,p19,p20,p21,p22,p23,p27', 'start_time_stamp': '20260513180000', 'end_time_stamp': '20260513205959', 'minute_interval': 5}
2026-05-14 01:02:46,941 - root - INFO - Successfully upserted 72 data points.
2026-05-14 01:02:46,942 - root - INFO - Fetching minute data with payload: {'ps_key_list': ['1728142_1_1_1'], 'points': 'p1,p14,p24,p25,p4,p26,p18,p19,p20,p21,p22,p23,p27', 'start_time_stamp': '20260513090000', 'end_time_stamp': '20260513115959', 'minute_interval': 5}
2026-05-14 01:02:47,085 - root - INFO - Successfully upserted 72 data points.
2026-05-14 01:02:47,085 - root - INFO - Fetching minute data with payload: {'ps_key_list': ['1728142_1_1_1'], 'points': 'p1,p14,p24,p25,p4,p26,p18,p19,p20,p21,p22,p23,p27', 'start_time_stamp': '20260513000000', 'end_time_stamp': '20260513025959', 'minute_interval': 5}
2026-05-14 01:02:48,655 - root - INFO - Successfully upserted 72 data points.
2026-05-14 01:02:48,655 - root - INFO - Fetching minute data with payload: {'ps_key_list': ['1728142_1_1_1'], 'points': 'p1,p14,p24,p25,p4,p26,p18,p19,p20,p21,p22,p23,p27', 'start_time_stamp': '20260513030000', 'end_time_stamp': '20260513055959', 'minute_interval': 5}
2026-05-14 01:02:48,830 - root - INFO - Successfully upserted 53 data points.
2026-05-14 01:02:48,831 - root - INFO - Fetching minute data with payload: {'ps_key_list': ['1728142_1_1_1'], 'points': 'p1,p14,p24,p25,p4,p26,p18,p19,p20,p21,p22,p23,p27', 'start_time_stamp': '20260513210000', 'end_time_stamp': '20260513235959', 'minute_interval': 5}
2026-05-14 01:02:48,890 - root - INFO - Successfully upserted 72 data points.
2026-05-14 01:02:48,890 - root - INFO - Fetching minute data with payload: {'ps_key_list': ['1728142_1_1_1'], 'points': 'p1,p14,p24,p25,p4,p26,p18,p19,p20,p21,p22,p23,p27', 'start_time_stamp': '20260513060000', 'end_time_stamp': '20260513085959', 'minute_interval': 5}
2026-05-14 01:02:49,302 - root - INFO - Successfully upserted 72 data points.
2026-05-14 01:02:49,302 - root - INFO - Fetching minute data with payload: {'ps_key_list': ['1728142_1_1_1'], 'points': 'p1,p14,p24,p25,p4,p26,p18,p19,p20,p21,p22,p23,p27', 'start_time_stamp': '20260513120000', 'end_time_stamp': '20260513145959', 'minute_interval': 5}
2026-05-14 01:02:49,334 - root - INFO - Successfully upserted 72 data points.
2026-05-14 01:02:49,334 - root - INFO - Fetching minute data with payload: {'ps_key_list': ['1728142_1_1_1'], 'points': 'p1,p14,p24,p25,p4,p26,p18,p19,p20,p21,p22,p23,p27', 'start_time_stamp': '20260513180000', 'end_time_stamp': '20260513205959', 'minute_interval': 5}
2026-05-14 01:02:49,372 - root - INFO - Successfully upserted 72 data points.
2026-05-14 01:02:49,372 - root - INFO - Fetching minute data with payload: {'ps_key_list': ['1728142_1_1_1'], 'points': 'p1,p14,p24,p25,p4,p26,p18,p19,p20,p21,p22,p23,p27', 'start_time_stamp': '20260513150000', 'end_time_stamp': '20260513175959', 'minute_interval': 5}
2026-05-14 01:02:49,497 - root - INFO - Successfully upserted 36 data points.
2026-05-14 01:02:49,498 - root - INFO - Fetching minute data with payload: {'ps_key_list': ['1723575_1_3_1'], 'points': 'p1,p14,p24,p25,p4,p26,p18,p19,p20,p21,p22,p23,p27', 'start_time_stamp': '20260513090000', 'end_time_stamp': '20260513115959', 'minute_interval': 5}
2026-05-14 01:02:49,685 - root - INFO - Successfully upserted 36 data points.
2026-05-14 01:02:49,686 - root - INFO - Fetching minute data with payload: {'ps_key_list': ['1723575_1_3_1'], 'points': 'p1,p14,p24,p25,p4,p26,p18,p19,p20,p21,p22,p23,p27', 'start_time_stamp': '20260513000000', 'end_time_stamp': '20260513025959', 'minute_interval': 5}
2026-05-14 01:02:51,320 - root - INFO - Successfully upserted 36 data points.
2026-05-14 01:02:51,320 - root - INFO - Fetching minute data with payload: {'ps_key_list': ['1723575_1_3_1'], 'points': 'p1,p14,p24,p25,p4,p26,p18,p19,p20,p21,p22,p23,p27', 'start_time_stamp': '20260513030000', 'end_time_stamp': '20260513055959', 'minute_interval': 5}
2026-05-14 01:02:51,463 - root - INFO - Successfully upserted 36 data points.
2026-05-14 01:02:51,463 - root - INFO - Fetching minute data with payload: {'ps_key_list': ['1723575_1_3_1'], 'points': 'p1,p14,p24,p25,p4,p26,p18,p19,p20,p21,p22,p23,p27', 'start_time_stamp': '20260513210000', 'end_time_stamp': '20260513235959', 'minute_interval': 5}
2026-05-14 01:02:51,481 - root - INFO - Successfully upserted 36 data points.
2026-05-14 01:02:51,482 - root - INFO - Fetching minute data with payload: {'ps_key_list': ['1723575_1_3_1'], 'points': 'p1,p14,p24,p25,p4,p26,p18,p19,p20,p21,p22,p23,p27', 'start_time_stamp': '20260513060000', 'end_time_stamp': '20260513085959', 'minute_interval': 5}
2026-05-14 01:02:51,984 - root - INFO - Successfully upserted 36 data points.
2026-05-14 01:02:51,984 - root - INFO - Fetching minute data with payload: {'ps_key_list': ['1723575_1_3_1'], 'points': 'p1,p14,p24,p25,p4,p26,p18,p19,p20,p21,p22,p23,p27', 'start_time_stamp': '20260513180000', 'end_time_stamp': '20260513205959', 'minute_interval': 5}
2026-05-14 01:02:51,993 - root - INFO - Successfully upserted 36 data points.
2026-05-14 01:02:51,993 - root - INFO - Fetching minute data with payload: {'ps_key_list': ['1723575_1_3_1'], 'points': 'p1,p14,p24,p25,p4,p26,p18,p19,p20,p21,p22,p23,p27', 'start_time_stamp': '20260513120000', 'end_time_stamp': '20260513145959', 'minute_interval': 5}
2026-05-14 01:02:52,031 - root - INFO - Successfully upserted 36 data points.
2026-05-14 01:02:52,032 - root - INFO - Fetching minute data with payload: {'ps_key_list': ['1723575_1_3_1'], 'points': 'p1,p14,p24,p25,p4,p26,p18,p19,p20,p21,p22,p23,p27', 'start_time_stamp': '20260513150000', 'end_time_stamp': '20260513175959', 'minute_interval': 5}
2026-05-14 01:02:52,205 - root - INFO - Successfully upserted 36 data points.
2026-05-14 01:02:52,206 - root - INFO - Fetching minute data with payload: {'ps_key_list': ['1722752_1_1_1'], 'points': 'p1,p14,p24,p25,p4,p26,p18,p19,p20,p21,p22,p23,p27', 'start_time_stamp': '20260513090000', 'end_time_stamp': '20260513115959', 'minute_interval': 5}
2026-05-14 01:02:52,225 - root - INFO - Successfully upserted 36 data points.
2026-05-14 01:02:52,385 - root - INFO - Fetching minute data with payload: {'ps_key_list': ['1722752_1_1_1'], 'points': 'p1,p14,p24,p25,p4,p26,p18,p19,p20,p21,p22,p23,p27', 'start_time_stamp': '20260513000000', 'end_time_stamp': '20260513025959', 'minute_interval': 5}
2026-05-14 01:02:53,914 - root - INFO - Successfully upserted 36 data points.
2026-05-14 01:02:53,914 - root - INFO - Fetching minute data with payload: {'ps_key_list': ['1722752_1_1_1'], 'points': 'p1,p14,p24,p25,p4,p26,p18,p19,p20,p21,p22,p23,p27', 'start_time_stamp': '20260513030000', 'end_time_stamp': '20260513055959', 'minute_interval': 5}
2026-05-14 01:02:54,075 - root - INFO - Successfully upserted 25 data points.
2026-05-14 01:02:54,075 - root - INFO - Fetching minute data with payload: {'ps_key_list': ['1722752_1_1_1'], 'points': 'p1,p14,p24,p25,p4,p26,p18,p19,p20,p21,p22,p23,p27', 'start_time_stamp': '20260513210000', 'end_time_stamp': '20260513235959', 'minute_interval': 5}
2026-05-14 01:02:54,125 - root - INFO - Successfully upserted 36 data points.
2026-05-14 01:02:54,126 - root - INFO - Fetching minute data with payload: {'ps_key_list': ['1722752_1_1_1'], 'points': 'p1,p14,p24,p25,p4,p26,p18,p19,p20,p21,p22,p23,p27', 'start_time_stamp': '20260513060000', 'end_time_stamp': '20260513085959', 'minute_interval': 5}
2026-05-14 01:02:54,634 - root - INFO - Successfully upserted 36 data points.
2026-05-14 01:02:54,634 - root - INFO - Fetching minute data with payload: {'ps_key_list': ['1722752_1_1_1'], 'points': 'p1,p14,p24,p25,p4,p26,p18,p19,p20,p21,p22,p23,p27', 'start_time_stamp': '20260513120000', 'end_time_stamp': '20260513145959', 'minute_interval': 5}
2026-05-14 01:02:54,658 - root - INFO - Successfully upserted 36 data points.
2026-05-14 01:02:54,658 - root - INFO - Fetching minute data with payload: {'ps_key_list': ['1722752_1_1_1'], 'points': 'p1,p14,p24,p25,p4,p26,p18,p19,p20,p21,p22,p23,p27', 'start_time_stamp': '20260513180000', 'end_time_stamp': '20260513205959', 'minute_interval': 5}
2026-05-14 01:02:54,779 - root - INFO - Successfully upserted 36 data points.
2026-05-14 01:02:54,780 - root - INFO - Fetching minute data with payload: {'ps_key_list': ['1722752_1_1_1'], 'points': 'p1,p14,p24,p25,p4,p26,p18,p19,p20,p21,p22,p23,p27', 'start_time_stamp': '20260513150000', 'end_time_stamp': '20260513175959', 'minute_interval': 5}
2026-05-14 01:02:54,919 - root - INFO - Successfully upserted 36 data points.
2026-05-14 01:02:54,920 - root - INFO - Fetching minute data with payload: {'ps_key_list': ['1734912_1_1_1'], 'points': 'p1,p14,p24,p25,p4,p26,p18,p19,p20,p21,p22,p23,p27', 'start_time_stamp': '20260513090000', 'end_time_stamp': '20260513115959', 'minute_interval': 5}
2026-05-14 01:02:54,959 - root - INFO - Successfully upserted 36 data points.
2026-05-14 01:02:54,961 - root - INFO - Fetching minute data with payload: {'ps_key_list': ['1734912_1_1_1'], 'points': 'p1,p14,p24,p25,p4,p26,p18,p19,p20,p21,p22,p23,p27', 'start_time_stamp': '20260513000000', 'end_time_stamp': '20260513025959', 'minute_interval': 5}
2026-05-14 01:02:56,500 - root - INFO - Successfully upserted 36 data points.
2026-05-14 01:02:56,500 - root - INFO - Fetching minute data with payload: {'ps_key_list': ['1734912_1_1_1'], 'points': 'p1,p14,p24,p25,p4,p26,p18,p19,p20,p21,p22,p23,p27', 'start_time_stamp': '20260513030000', 'end_time_stamp': '20260513055959', 'minute_interval': 5}
2026-05-14 01:02:56,702 - root - INFO - Successfully upserted 36 data points.
2026-05-14 01:02:56,703 - root - INFO - Fetching minute data with payload: {'ps_key_list': ['1734912_1_1_1'], 'points': 'p1,p14,p24,p25,p4,p26,p18,p19,p20,p21,p22,p23,p27', 'start_time_stamp': '20260513210000', 'end_time_stamp': '20260513235959', 'minute_interval': 5}
2026-05-14 01:02:56,726 - root - INFO - Successfully upserted 36 data points.
2026-05-14 01:02:56,726 - root - INFO - Fetching minute data with payload: {'ps_key_list': ['1734912_1_1_1'], 'points': 'p1,p14,p24,p25,p4,p26,p18,p19,p20,p21,p22,p23,p27', 'start_time_stamp': '20260513060000', 'end_time_stamp': '20260513085959', 'minute_interval': 5}
2026-05-14 01:02:57,299 - root - INFO - Successfully upserted 36 data points.
2026-05-14 01:02:57,299 - root - INFO - Fetching minute data with payload: {'ps_key_list': ['1734912_1_1_1'], 'points': 'p1,p14,p24,p25,p4,p26,p18,p19,p20,p21,p22,p23,p27', 'start_time_stamp': '20260513120000', 'end_time_stamp': '20260513145959', 'minute_interval': 5}
2026-05-14 01:02:57,324 - root - INFO - Successfully upserted 36 data points.
2026-05-14 01:02:57,324 - root - INFO - Fetching minute data with payload: {'ps_key_list': ['1734912_1_1_1'], 'points': 'p1,p14,p24,p25,p4,p26,p18,p19,p20,p21,p22,p23,p27', 'start_time_stamp': '20260513180000', 'end_time_stamp': '20260513205959', 'minute_interval': 5}
2026-05-14 01:02:57,486 - root - INFO - Successfully upserted 36 data points.
2026-05-14 01:02:57,487 - root - INFO - Fetching minute data with payload: {'ps_key_list': ['1734912_1_1_1'], 'points': 'p1,p14,p24,p25,p4,p26,p18,p19,p20,p21,p22,p23,p27', 'start_time_stamp': '20260513150000', 'end_time_stamp': '20260513175959', 'minute_interval': 5}
2026-05-14 01:02:57,496 - root - INFO - Successfully upserted 36 data points.
2026-05-14 01:02:57,497 - root - INFO - Fetching minute data with payload: {'ps_key_list': ['1628909_1_2_2', '1628909_1_1_2', '1628909_1_3_1', '1628909_1_2_1', '1628909_1_1_1', '1628909_1_4_1', '1628909_1_3_2'], 'points': 'p1,p14,p24,p25,p4,p26,p18,p19,p20,p21,p22,p23,p27', 'start_time_stamp': '20260513090000', 'end_time_stamp': '20260513115959', 'minute_interval': 5}
2026-05-14 01:02:57,630 - root - INFO - Successfully upserted 36 data points.
2026-05-14 01:02:57,671 - root - INFO - Fetching minute data with payload: {'ps_key_list': ['1628909_1_2_2', '1628909_1_1_2', '1628909_1_3_1', '1628909_1_2_1', '1628909_1_1_1', '1628909_1_4_1', '1628909_1_3_2'], 'points': 'p1,p14,p24,p25,p4,p26,p18,p19,p20,p21,p22,p23,p27', 'start_time_stamp': '20260513000000', 'end_time_stamp': '20260513025959', 'minute_interval': 5}
2026-05-14 01:02:59,085 - root - INFO - Successfully upserted 36 data points.
2026-05-14 01:02:59,086 - root - INFO - Fetching minute data with payload: {'ps_key_list': ['1628909_1_2_2', '1628909_1_1_2', '1628909_1_3_1', '1628909_1_2_1', '1628909_1_1_1', '1628909_1_4_1', '1628909_1_3_2'], 'points': 'p1,p14,p24,p25,p4,p26,p18,p19,p20,p21,p22,p23,p27', 'start_time_stamp': '20260513030000', 'end_time_stamp': '20260513055959', 'minute_interval': 5}
2026-05-14 01:02:59,297 - root - INFO - Successfully upserted 25 data points.
2026-05-14 01:02:59,297 - root - INFO - Fetching minute data with payload: {'ps_key_list': ['1628909_1_2_2', '1628909_1_1_2', '1628909_1_3_1', '1628909_1_2_1', '1628909_1_1_1', '1628909_1_4_1', '1628909_1_3_2'], 'points': 'p1,p14,p24,p25,p4,p26,p18,p19,p20,p21,p22,p23,p27', 'start_time_stamp': '20260513210000', 'end_time_stamp': '20260513235959', 'minute_interval': 5}
2026-05-14 01:02:59,357 - root - INFO - Successfully upserted 36 data points.
2026-05-14 01:02:59,357 - root - INFO - Fetching minute data with payload: {'ps_key_list': ['1628909_1_2_2', '1628909_1_1_2', '1628909_1_3_1', '1628909_1_2_1', '1628909_1_1_1', '1628909_1_4_1', '1628909_1_3_2'], 'points': 'p1,p14,p24,p25,p4,p26,p18,p19,p20,p21,p22,p23,p27', 'start_time_stamp': '20260513060000', 'end_time_stamp': '20260513085959', 'minute_interval': 5}
2026-05-14 01:02:59,998 - root - INFO - Successfully upserted 36 data points.
2026-05-14 01:02:59,998 - root - INFO - Fetching minute data with payload: {'ps_key_list': ['1628909_1_2_2', '1628909_1_1_2', '1628909_1_3_1', '1628909_1_2_1', '1628909_1_1_1', '1628909_1_4_1', '1628909_1_3_2'], 'points': 'p1,p14,p24,p25,p4,p26,p18,p19,p20,p21,p22,p23,p27', 'start_time_stamp': '20260513120000', 'end_time_stamp': '20260513145959', 'minute_interval': 5}
2026-05-14 01:03:00,049 - root - INFO - Successfully upserted 36 data points.
2026-05-14 01:03:00,050 - root - INFO - Fetching minute data with payload: {'ps_key_list': ['1628909_1_2_2', '1628909_1_1_2', '1628909_1_3_1', '1628909_1_2_1', '1628909_1_1_1', '1628909_1_4_1', '1628909_1_3_2'], 'points': 'p1,p14,p24,p25,p4,p26,p18,p19,p20,p21,p22,p23,p27', 'start_time_stamp': '20260513180000', 'end_time_stamp': '20260513205959', 'minute_interval': 5}
2026-05-14 01:03:00,221 - root - INFO - Successfully upserted 36 data points.
2026-05-14 01:03:00,221 - root - INFO - Fetching minute data with payload: {'ps_key_list': ['1628909_1_2_2', '1628909_1_1_2', '1628909_1_3_1', '1628909_1_2_1', '1628909_1_1_1', '1628909_1_4_1', '1628909_1_3_2'], 'points': 'p1,p14,p24,p25,p4,p26,p18,p19,p20,p21,p22,p23,p27', 'start_time_stamp': '20260513150000', 'end_time_stamp': '20260513175959', 'minute_interval': 5}
2026-05-14 01:03:00,370 - root - INFO - Successfully upserted 252 data points.
2026-05-14 01:03:00,371 - root - INFO - Fetching minute data with payload: {'ps_key_list': ['1453245_1_3_1', '1453245_1_4_1', '1453245_1_5_1', '1453245_1_6_1', '1453245_1_1_1', '1453245_1_2_1'], 'points': 'p1,p14,p24,p25,p4,p26,p18,p19,p20,p21,p22,p23,p27', 'start_time_stamp': '20260513090000', 'end_time_stamp': '20260513115959', 'minute_interval': 5}
2026-05-14 01:03:00,443 - root - INFO - Successfully upserted 252 data points.
2026-05-14 01:03:00,443 - root - INFO - Fetching minute data with payload: {'ps_key_list': ['1453245_1_3_1', '1453245_1_4_1', '1453245_1_5_1', '1453245_1_6_1', '1453245_1_1_1', '1453245_1_2_1'], 'points': 'p1,p14,p24,p25,p4,p26,p18,p19,p20,p21,p22,p23,p27', 'start_time_stamp': '20260513000000', 'end_time_stamp': '20260513025959', 'minute_interval': 5}
2026-05-14 01:03:01,775 - root - INFO - Successfully upserted 252 data points.
2026-05-14 01:03:01,775 - root - INFO - Fetching minute data with payload: {'ps_key_list': ['1453245_1_3_1', '1453245_1_4_1', '1453245_1_5_1', '1453245_1_6_1', '1453245_1_1_1', '1453245_1_2_1'], 'points': 'p1,p14,p24,p25,p4,p26,p18,p19,p20,p21,p22,p23,p27', 'start_time_stamp': '20260513030000', 'end_time_stamp': '20260513055959', 'minute_interval': 5}
2026-05-14 01:03:02,044 - root - INFO - Successfully upserted 252 data points.
2026-05-14 01:03:02,044 - root - INFO - Fetching minute data with payload: {'ps_key_list': ['1453245_1_3_1', '1453245_1_4_1', '1453245_1_5_1', '1453245_1_6_1', '1453245_1_1_1', '1453245_1_2_1'], 'points': 'p1,p14,p24,p25,p4,p26,p18,p19,p20,p21,p22,p23,p27', 'start_time_stamp': '20260513210000', 'end_time_stamp': '20260513235959', 'minute_interval': 5}
2026-05-14 01:03:02,086 - root - INFO - Successfully upserted 252 data points.
2026-05-14 01:03:02,086 - root - INFO - Fetching minute data with payload: {'ps_key_list': ['1453245_1_3_1', '1453245_1_4_1', '1453245_1_5_1', '1453245_1_6_1', '1453245_1_1_1', '1453245_1_2_1'], 'points': 'p1,p14,p24,p25,p4,p26,p18,p19,p20,p21,p22,p23,p27', 'start_time_stamp': '20260513060000', 'end_time_stamp': '20260513085959', 'minute_interval': 5}
2026-05-14 01:03:02,853 - root - INFO - Successfully upserted 252 data points.
2026-05-14 01:03:02,853 - root - INFO - Fetching minute data with payload: {'ps_key_list': ['1453245_1_3_1', '1453245_1_4_1', '1453245_1_5_1', '1453245_1_6_1', '1453245_1_1_1', '1453245_1_2_1'], 'points': 'p1,p14,p24,p25,p4,p26,p18,p19,p20,p21,p22,p23,p27', 'start_time_stamp': '20260513120000', 'end_time_stamp': '20260513145959', 'minute_interval': 5}
2026-05-14 01:03:02,905 - root - INFO - Successfully upserted 252 data points.
2026-05-14 01:03:02,905 - root - INFO - Fetching minute data with payload: {'ps_key_list': ['1453245_1_3_1', '1453245_1_4_1', '1453245_1_5_1', '1453245_1_6_1', '1453245_1_1_1', '1453245_1_2_1'], 'points': 'p1,p14,p24,p25,p4,p26,p18,p19,p20,p21,p22,p23,p27', 'start_time_stamp': '20260513180000', 'end_time_stamp': '20260513205959', 'minute_interval': 5}
2026-05-14 01:03:03,121 - root - INFO - Successfully upserted 252 data points.
2026-05-14 01:03:03,128 - root - INFO - Fetching minute data with payload: {'ps_key_list': ['1453245_1_3_1', '1453245_1_4_1', '1453245_1_5_1', '1453245_1_6_1', '1453245_1_1_1', '1453245_1_2_1'], 'points': 'p1,p14,p24,p25,p4,p26,p18,p19,p20,p21,p22,p23,p27', 'start_time_stamp': '20260513150000', 'end_time_stamp': '20260513175959', 'minute_interval': 5}
2026-05-14 01:03:03,158 - root - INFO - Successfully upserted 216 data points.
2026-05-14 01:03:03,158 - root - INFO - Fetching minute data with payload: {'ps_key_list': ['1449886_1_2_1', '1449886_1_1_1', '1449886_1_3_1'], 'points': 'p1,p14,p24,p25,p4,p26,p18,p19,p20,p21,p22,p23,p27', 'start_time_stamp': '20260513000000', 'end_time_stamp': '20260513025959', 'minute_interval': 5}
2026-05-14 01:03:03,176 - root - INFO - Successfully upserted 216 data points.
2026-05-14 01:03:03,177 - root - INFO - Fetching minute data with payload: {'ps_key_list': ['1449886_1_2_1', '1449886_1_1_1', '1449886_1_3_1'], 'points': 'p1,p14,p24,p25,p4,p26,p18,p19,p20,p21,p22,p23,p27', 'start_time_stamp': '20260513090000', 'end_time_stamp': '20260513115959', 'minute_interval': 5}
2026-05-14 01:03:04,317 - root - INFO - Successfully upserted 216 data points.
2026-05-14 01:03:04,317 - root - INFO - Fetching minute data with payload: {'ps_key_list': ['1449886_1_2_1', '1449886_1_1_1', '1449886_1_3_1'], 'points': 'p1,p14,p24,p25,p4,p26,p18,p19,p20,p21,p22,p23,p27', 'start_time_stamp': '20260513030000', 'end_time_stamp': '20260513055959', 'minute_interval': 5}
2026-05-14 01:03:04,774 - root - INFO - Successfully upserted 216 data points.
2026-05-14 01:03:04,774 - root - INFO - Fetching minute data with payload: {'ps_key_list': ['1449886_1_2_1', '1449886_1_1_1', '1449886_1_3_1'], 'points': 'p1,p14,p24,p25,p4,p26,p18,p19,p20,p21,p22,p23,p27', 'start_time_stamp': '20260513210000', 'end_time_stamp': '20260513235959', 'minute_interval': 5}
2026-05-14 01:03:04,836 - root - INFO - Successfully upserted 216 data points.
2026-05-14 01:03:04,836 - root - INFO - Fetching minute data with payload: {'ps_key_list': ['1449886_1_2_1', '1449886_1_1_1', '1449886_1_3_1'], 'points': 'p1,p14,p24,p25,p4,p26,p18,p19,p20,p21,p22,p23,p27', 'start_time_stamp': '20260513060000', 'end_time_stamp': '20260513085959', 'minute_interval': 5}
2026-05-14 01:03:05,493 - root - INFO - Successfully upserted 216 data points.
2026-05-14 01:03:05,493 - root - INFO - Fetching minute data with payload: {'ps_key_list': ['1449886_1_2_1', '1449886_1_1_1', '1449886_1_3_1'], 'points': 'p1,p14,p24,p25,p4,p26,p18,p19,p20,p21,p22,p23,p27', 'start_time_stamp': '20260513120000', 'end_time_stamp': '20260513145959', 'minute_interval': 5}
2026-05-14 01:03:05,691 - root - INFO - Successfully upserted 216 data points.
2026-05-14 01:03:05,691 - root - INFO - Fetching minute data with payload: {'ps_key_list': ['1449886_1_2_1', '1449886_1_1_1', '1449886_1_3_1'], 'points': 'p1,p14,p24,p25,p4,p26,p18,p19,p20,p21,p22,p23,p27', 'start_time_stamp': '20260513180000', 'end_time_stamp': '20260513205959', 'minute_interval': 5}
2026-05-14 01:03:05,877 - root - INFO - Successfully upserted 108 data points.
2026-05-14 01:03:05,878 - root - INFO - Fetching minute data with payload: {'ps_key_list': ['1445767_1_3_1', '1445767_1_2_1', '1445767_1_1_1'], 'points': 'p1,p14,p24,p25,p4,p26,p18,p19,p20,p21,p22,p23,p27', 'start_time_stamp': '20260513000000', 'end_time_stamp': '20260513025959', 'minute_interval': 5}
2026-05-14 01:03:05,912 - root - INFO - Successfully upserted 216 data points.
2026-05-14 01:03:05,913 - root - INFO - Fetching minute data with payload: {'ps_key_list': ['1449886_1_2_1', '1449886_1_1_1', '1449886_1_3_1'], 'points': 'p1,p14,p24,p25,p4,p26,p18,p19,p20,p21,p22,p23,p27', 'start_time_stamp': '20260513150000', 'end_time_stamp': '20260513175959', 'minute_interval': 5}
2026-05-14 01:03:05,915 - root - INFO - Successfully upserted 108 data points.
2026-05-14 01:03:05,915 - root - INFO - Fetching minute data with payload: {'ps_key_list': ['1445767_1_3_1', '1445767_1_2_1', '1445767_1_1_1'], 'points': 'p1,p14,p24,p25,p4,p26,p18,p19,p20,p21,p22,p23,p27', 'start_time_stamp': '20260513090000', 'end_time_stamp': '20260513115959', 'minute_interval': 5}
2026-05-14 01:03:06,812 - root - INFO - Successfully upserted 108 data points.
2026-05-14 01:03:06,812 - root - INFO - Fetching minute data with payload: {'ps_key_list': ['1445767_1_3_1', '1445767_1_2_1', '1445767_1_1_1'], 'points': 'p1,p14,p24,p25,p4,p26,p18,p19,p20,p21,p22,p23,p27', 'start_time_stamp': '20260513030000', 'end_time_stamp': '20260513055959', 'minute_interval': 5}
2026-05-14 01:03:07,458 - root - INFO - Successfully upserted 108 data points.
2026-05-14 01:03:07,458 - root - INFO - Fetching minute data with payload: {'ps_key_list': ['1445767_1_3_1', '1445767_1_2_1', '1445767_1_1_1'], 'points': 'p1,p14,p24,p25,p4,p26,p18,p19,p20,p21,p22,p23,p27', 'start_time_stamp': '20260513210000', 'end_time_stamp': '20260513235959', 'minute_interval': 5}
2026-05-14 01:03:07,641 - root - INFO - Successfully upserted 108 data points.
2026-05-14 01:03:07,642 - root - INFO - Fetching minute data with payload: {'ps_key_list': ['1445767_1_3_1', '1445767_1_2_1', '1445767_1_1_1'], 'points': 'p1,p14,p24,p25,p4,p26,p18,p19,p20,p21,p22,p23,p27', 'start_time_stamp': '20260513060000', 'end_time_stamp': '20260513085959', 'minute_interval': 5}
2026-05-14 01:03:08,337 - root - INFO - Successfully upserted 108 data points.
2026-05-14 01:03:08,337 - root - INFO - Fetching minute data with payload: {'ps_key_list': ['1445767_1_3_1', '1445767_1_2_1', '1445767_1_1_1'], 'points': 'p1,p14,p24,p25,p4,p26,p18,p19,p20,p21,p22,p23,p27', 'start_time_stamp': '20260513180000', 'end_time_stamp': '20260513205959', 'minute_interval': 5}
2026-05-14 01:03:08,487 - root - INFO - Successfully upserted 108 data points.
2026-05-14 01:03:08,487 - root - INFO - Fetching minute data with payload: {'ps_key_list': ['1789614_1_4_1', '1789614_1_3_1', '1789614_1_2_1', '1789614_1_1_1'], 'points': 'p1,p14,p24,p25,p4,p26,p18,p19,p20,p21,p22,p23,p27', 'start_time_stamp': '20260513000000', 'end_time_stamp': '20260513025959', 'minute_interval': 5}
2026-05-14 01:03:08,539 - root - INFO - Successfully upserted 108 data points.
2026-05-14 01:03:08,540 - root - INFO - Fetching minute data with payload: {'ps_key_list': ['1445767_1_3_1', '1445767_1_2_1', '1445767_1_1_1'], 'points': 'p1,p14,p24,p25,p4,p26,p18,p19,p20,p21,p22,p23,p27', 'start_time_stamp': '20260513120000', 'end_time_stamp': '20260513145959', 'minute_interval': 5}
2026-05-14 01:03:08,981 - root - INFO - Successfully upserted 108 data points.
2026-05-14 01:03:08,981 - root - INFO - Fetching minute data with payload: {'ps_key_list': ['1789614_1_4_1', '1789614_1_3_1', '1789614_1_2_1', '1789614_1_1_1'], 'points': 'p1,p14,p24,p25,p4,p26,p18,p19,p20,p21,p22,p23,p27', 'start_time_stamp': '20260513090000', 'end_time_stamp': '20260513115959', 'minute_interval': 5}
2026-05-14 01:03:08,987 - root - INFO - Successfully upserted 108 data points.
2026-05-14 01:03:08,987 - root - INFO - Fetching minute data with payload: {'ps_key_list': ['1445767_1_3_1', '1445767_1_2_1', '1445767_1_1_1'], 'points': 'p1,p14,p24,p25,p4,p26,p18,p19,p20,p21,p22,p23,p27', 'start_time_stamp': '20260513150000', 'end_time_stamp': '20260513175959', 'minute_interval': 5}
2026-05-14 01:03:09,425 - root - INFO - Successfully upserted 108 data points.
2026-05-14 01:03:09,425 - root - INFO - Fetching minute data with payload: {'ps_key_list': ['1789614_1_4_1', '1789614_1_3_1', '1789614_1_2_1', '1789614_1_1_1'], 'points': 'p1,p14,p24,p25,p4,p26,p18,p19,p20,p21,p22,p23,p27', 'start_time_stamp': '20260513030000', 'end_time_stamp': '20260513055959', 'minute_interval': 5}
2026-05-14 01:03:10,057 - root - INFO - Successfully upserted 97 data points.
2026-05-14 01:03:10,057 - root - INFO - Fetching minute data with payload: {'ps_key_list': ['1789614_1_4_1', '1789614_1_3_1', '1789614_1_2_1', '1789614_1_1_1'], 'points': 'p1,p14,p24,p25,p4,p26,p18,p19,p20,p21,p22,p23,p27', 'start_time_stamp': '20260513210000', 'end_time_stamp': '20260513235959', 'minute_interval': 5}
2026-05-14 01:03:10,248 - root - INFO - Successfully upserted 108 data points.
2026-05-14 01:03:10,248 - root - INFO - Fetching minute data with payload: {'ps_key_list': ['1789614_1_4_1', '1789614_1_3_1', '1789614_1_2_1', '1789614_1_1_1'], 'points': 'p1,p14,p24,p25,p4,p26,p18,p19,p20,p21,p22,p23,p27', 'start_time_stamp': '20260513060000', 'end_time_stamp': '20260513085959', 'minute_interval': 5}
2026-05-14 01:03:10,352 - root - INFO - Retrying API request after rate limit wait...
2026-05-14 01:03:10,352 - root - INFO - Making API request to: https://sg5.fusionsolar.huawei.com/rest/openapi/pvms/nbi/v1/device/history
2026-05-14 01:03:10,353 - root - INFO - Request payload: {'devDn': 'NE=55409294', 'devTypeId': 17, 'startTime': 1778605200000, 'endTime': 1778691599000}
2026-05-14 01:03:10,842 - root - INFO - Response status code: 200
2026-05-14 01:03:10,842 - root - INFO - API response from https://sg5.fusionsolar.huawei.com/rest/openapi/pvms/nbi/v1/device/history (truncated): {'failCode': 0, 'success': True, 'message': 'historical data information query successful.', 'data': []}
2026-05-14 01:03:10,846 - root - INFO - API Response type: <class 'dict'>
2026-05-14 01:03:10,846 - root - INFO - API Response keys: ['failCode', 'success', 'message', 'data']
2026-05-14 01:03:10,846 - root - INFO - API Response data is a list with 0 items
2026-05-14 01:03:10,846 - root - INFO - API Response has failCode: 0, message: historical data information query successful.
2026-05-14 01:03:10,846 - root - INFO - Using alternate response format: data as list
2026-05-14 01:03:10,846 - root - INFO - No data points returned for the query period
2026-05-14 01:03:10,846 - root - INFO - Using single devDn for device/history (API: one device per query)
2026-05-14 01:03:10,847 - root - INFO - Fetching historical data for 1 devices of type meter
2026-05-14 01:03:10,847 - root - INFO - Making API request to: https://sg5.fusionsolar.huawei.com/rest/openapi/pvms/nbi/v1/device/history
2026-05-14 01:03:10,847 - root - INFO - Request payload: {'devDn': 'NE=52031811', 'devTypeId': 17, 'startTime': 1778605200000, 'endTime': 1778691599000}
2026-05-14 01:03:10,944 - root - INFO - Successfully upserted 108 data points.
2026-05-14 01:03:10,944 - root - INFO - Fetching minute data with payload: {'ps_key_list': ['1789614_1_4_1', '1789614_1_3_1', '1789614_1_2_1', '1789614_1_1_1'], 'points': 'p1,p14,p24,p25,p4,p26,p18,p19,p20,p21,p22,p23,p27', 'start_time_stamp': '20260513180000', 'end_time_stamp': '20260513205959', 'minute_interval': 5}
2026-05-14 01:03:11,210 - root - INFO - Response status code: 200
2026-05-14 01:03:11,211 - root - INFO - API response from https://sg5.fusionsolar.huawei.com/rest/openapi/pvms/nbi/v1/device/history (truncated): {'failCode': 407, 'success': False, 'message': 'Interface access frequency:0.39333333333333337/1second', 'data': []}
2026-05-14 01:03:11,211 - root - WARNING - API access frequency too high. Waiting 30 seconds before retry...
2026-05-14 01:03:11,212 - root - INFO - Successfully upserted 144 data points.
2026-05-14 01:03:11,214 - root - INFO - Completed 3-hour interval (custom mapping): 2026-05-13 00:00:00 to 2026-05-13 02:59:59 - 5076 points
2026-05-14 01:03:11,230 - root - INFO - Successfully upserted 108 data points.
2026-05-14 01:03:11,230 - root - INFO - Fetching minute data with payload: {'ps_key_list': ['1789614_1_4_1', '1789614_1_3_1', '1789614_1_2_1', '1789614_1_1_1'], 'points': 'p1,p14,p24,p25,p4,p26,p18,p19,p20,p21,p22,p23,p27', 'start_time_stamp': '20260513120000', 'end_time_stamp': '20260513145959', 'minute_interval': 5}
2026-05-14 01:03:11,655 - root - INFO - Successfully upserted 108 data points.
2026-05-14 01:03:11,655 - root - INFO - Fetching minute data with payload: {'ps_key_list': ['1789614_1_4_1', '1789614_1_3_1', '1789614_1_2_1', '1789614_1_1_1'], 'points': 'p1,p14,p24,p25,p4,p26,p18,p19,p20,p21,p22,p23,p27', 'start_time_stamp': '20260513150000', 'end_time_stamp': '20260513175959', 'minute_interval': 5}
2026-05-14 01:03:11,709 - root - INFO - Successfully upserted 144 data points.
2026-05-14 01:03:11,710 - root - INFO - Completed 3-hour interval (custom mapping): 2026-05-13 09:00:00 to 2026-05-13 11:59:59 - 5076 points
2026-05-14 01:03:11,954 - root - INFO - Successfully upserted 144 data points.
2026-05-14 01:03:11,955 - root - INFO - Completed 3-hour interval (custom mapping): 2026-05-13 03:00:00 to 2026-05-13 05:59:59 - 5076 points
2026-05-14 01:03:12,641 - root - INFO - Successfully upserted 144 data points.
2026-05-14 01:03:12,641 - root - INFO - Completed 3-hour interval (custom mapping): 2026-05-13 21:00:00 to 2026-05-13 23:59:59 - 4551 points
2026-05-14 01:03:12,906 - root - INFO - Successfully upserted 144 data points.
2026-05-14 01:03:12,907 - root - INFO - Completed 3-hour interval (custom mapping): 2026-05-13 06:00:00 to 2026-05-13 08:59:59 - 5076 points
2026-05-14 01:03:13,634 - root - INFO - Successfully upserted 144 data points.
2026-05-14 01:03:13,635 - root - INFO - Completed 3-hour interval (custom mapping): 2026-05-13 18:00:00 to 2026-05-13 20:59:59 - 5076 points
2026-05-14 01:03:13,854 - root - INFO - Successfully upserted 144 data points.
2026-05-14 01:03:13,854 - root - INFO - Completed 3-hour interval (custom mapping): 2026-05-13 12:00:00 to 2026-05-13 14:59:59 - 5076 points
2026-05-14 01:03:14,254 - root - INFO - Successfully upserted 144 data points.
2026-05-14 01:03:14,255 - root - INFO - Completed 3-hour interval (custom mapping): 2026-05-13 15:00:00 to 2026-05-13 17:59:59 - 5076 points
2026-05-14 01:03:14,256 - root - INFO - Ingested 40083 inverter summary data points
2026-05-14 01:03:14,256 - root - INFO - Historical data fetch complete. Total points ingested: 101842
2026-05-14 01:03:14,257 - isolarcloud.tasks - INFO - iSolarCloud ingestion completed successfully. Rows inserted: None, Execution time: 191.14 seconds
2026-05-14 01:03:14,257 - __main__ - INFO - iSolarCloud ingestion completed: {'status': 'success', 'rows_inserted': None, 'execution_time': 191.1388702392578, 'start_date': '2026-05-13', 'end_date': '2026-05-13'}
2026-05-14 01:03:41,211 - root - INFO - Retrying API request after rate limit wait...
2026-05-14 01:03:41,211 - root - INFO - Making API request to: https://sg5.fusionsolar.huawei.com/rest/openapi/pvms/nbi/v1/device/history
2026-05-14 01:03:41,212 - root - INFO - Request payload: {'devDn': 'NE=52031811', 'devTypeId': 17, 'startTime': 1778605200000, 'endTime': 1778691599000}
2026-05-14 01:03:42,626 - root - INFO - Response status code: 200
2026-05-14 01:03:42,635 - root - INFO - API response from https://sg5.fusionsolar.huawei.com/rest/openapi/pvms/nbi/v1/device/history (truncated): {'failCode': 0, 'success': True, 'message': 'historical data information query successful.', 'data': [{'devDn': 'NE=52031811', 'collectTime': 1778605200000, 'dataItems': {'active_cap': 914.35, 'power_factor': 0.0, 'a_i': 0.0, 'c_i': 0.0, 'b_i': 0.0, 'reverse_reactive_valley': None, 'positive_reactive_peak': None, 'reverse_reactive_peak': None, 'reverse_active_peak': None, 'positive_active_peak': None, 'a_u': 0.0, 'reactive_power': 0.0, 'c_u': 0.0, 'total_apparent_power': 0.0, 'bc_u': 782.97, 'b_...
2026-05-14 01:03:42,638 - root - INFO - API Response type: <class 'dict'>
2026-05-14 01:03:42,638 - root - INFO - API Response keys: ['failCode', 'success', 'message', 'data']
2026-05-14 01:03:42,638 - root - INFO - API Response data is a list with 288 items
2026-05-14 01:03:42,638 - root - INFO - API Response has failCode: 0, message: historical data information query successful.
2026-05-14 01:03:42,638 - root - INFO - Using alternate response format: data as list
2026-05-14 01:03:42,639 - root - INFO - Received 288 data points from API
2026-05-14 01:03:42,639 - root - INFO - Sample data point structure: ['devDn', 'collectTime', 'dataItems']
2026-05-14 01:03:42,731 - root - INFO - Successfully upserted 288 data points.
2026-05-14 01:03:47,230 - root - INFO - Using single devDn for device/history (API: one device per query)
2026-05-14 01:03:47,231 - root - INFO - Fetching historical data for 1 devices of type meter
2026-05-14 01:03:47,231 - root - INFO - Making API request to: https://sg5.fusionsolar.huawei.com/rest/openapi/pvms/nbi/v1/device/history
2026-05-14 01:03:47,231 - root - INFO - Request payload: {'devDn': 'NE=52031810', 'devTypeId': 17, 'startTime': 1778605200000, 'endTime': 1778691599000}
2026-05-14 01:03:48,634 - root - INFO - Response status code: 200
2026-05-14 01:03:48,645 - root - INFO - API response from https://sg5.fusionsolar.huawei.com/rest/openapi/pvms/nbi/v1/device/history (truncated): {'failCode': 0, 'success': True, 'message': 'historical data information query successful.', 'data': [{'devDn': 'NE=52031810', 'collectTime': 1778605200000, 'dataItems': {'active_cap': 10164544.71, 'power_factor': -0.311, 'a_i': 0.7, 'c_i': 0.5, 'b_i': 0.6, 'reverse_reactive_valley': None, 'positive_reactive_peak': None, 'reverse_reactive_peak': None, 'reverse_active_peak': None, 'positive_active_peak': None, 'a_u': 11697.07, 'reactive_power': -15422.0, 'c_u': 11638.44, 'total_apparent_power': 1...
2026-05-14 01:03:48,647 - root - INFO - API Response type: <class 'dict'>
2026-05-14 01:03:48,647 - root - INFO - API Response keys: ['failCode', 'success', 'message', 'data']
2026-05-14 01:03:48,647 - root - INFO - API Response data is a list with 288 items
2026-05-14 01:03:48,647 - root - INFO - API Response has failCode: 0, message: historical data information query successful.
2026-05-14 01:03:48,648 - root - INFO - Using alternate response format: data as list
2026-05-14 01:03:48,648 - root - INFO - Received 288 data points from API
2026-05-14 01:03:48,648 - root - INFO - Sample data point structure: ['devDn', 'collectTime', 'dataItems']
2026-05-14 01:03:48,745 - root - INFO - Successfully upserted 288 data points.
2026-05-14 01:03:52,589 - root - INFO - Using single devDn for device/history (API: one device per query)
2026-05-14 01:03:52,591 - root - INFO - Fetching historical data for 1 devices of type meter
2026-05-14 01:03:52,591 - root - INFO - Making API request to: https://sg5.fusionsolar.huawei.com/rest/openapi/pvms/nbi/v1/device/history
2026-05-14 01:03:52,591 - root - INFO - Request payload: {'devDn': 'NE=51758775', 'devTypeId': 17, 'startTime': 1778605200000, 'endTime': 1778691599000}
2026-05-14 01:03:53,967 - root - INFO - Response status code: 200
2026-05-14 01:03:53,977 - root - INFO - API response from https://sg5.fusionsolar.huawei.com/rest/openapi/pvms/nbi/v1/device/history (truncated): {'failCode': 0, 'success': True, 'message': 'historical data information query successful.', 'data': [{'devDn': 'NE=51758775', 'collectTime': 1778605200000, 'dataItems': {'active_cap': 261.58, 'power_factor': 0.0, 'a_i': 0.0, 'c_i': 0.0, 'b_i': 0.0, 'reverse_reactive_valley': None, 'positive_reactive_peak': None, 'reverse_reactive_peak': None, 'reverse_active_peak': None, 'positive_active_peak': None, 'a_u': 0.0, 'reactive_power': 0.0, 'c_u': 0.0, 'total_apparent_power': 0.0, 'bc_u': 805.57, 'b_...
2026-05-14 01:03:53,979 - root - INFO - API Response type: <class 'dict'>
2026-05-14 01:03:53,979 - root - INFO - API Response keys: ['failCode', 'success', 'message', 'data']
2026-05-14 01:03:53,979 - root - INFO - API Response data is a list with 288 items
2026-05-14 01:03:53,979 - root - INFO - API Response has failCode: 0, message: historical data information query successful.
2026-05-14 01:03:53,979 - root - INFO - Using alternate response format: data as list
2026-05-14 01:03:53,979 - root - INFO - Received 288 data points from API
2026-05-14 01:03:53,979 - root - INFO - Sample data point structure: ['devDn', 'collectTime', 'dataItems']
2026-05-14 01:03:54,069 - root - INFO - Successfully upserted 288 data points.
2026-05-14 01:03:58,039 - root - INFO - Using single devDn for device/history (API: one device per query)
2026-05-14 01:03:58,040 - root - INFO - Fetching historical data for 1 devices of type meter
2026-05-14 01:03:58,041 - root - INFO - Making API request to: https://sg5.fusionsolar.huawei.com/rest/openapi/pvms/nbi/v1/device/history
2026-05-14 01:03:58,041 - root - INFO - Request payload: {'devDn': 'NE=51758776', 'devTypeId': 17, 'startTime': 1778605200000, 'endTime': 1778691599000}
2026-05-14 01:03:59,500 - root - INFO - Response status code: 200
2026-05-14 01:03:59,510 - root - INFO - API response from https://sg5.fusionsolar.huawei.com/rest/openapi/pvms/nbi/v1/device/history (truncated): {'failCode': 0, 'success': True, 'message': 'historical data information query successful.', 'data': [{'devDn': 'NE=51758776', 'collectTime': 1778605200000, 'dataItems': {'active_cap': 0.0, 'power_factor': -0.978, 'a_i': 4.4, 'c_i': 0.7, 'b_i': 0.2, 'reverse_reactive_valley': None, 'positive_reactive_peak': None, 'reverse_reactive_peak': None, 'reverse_active_peak': None, 'positive_active_peak': None, 'a_u': 230.38, 'reactive_power': -241.0, 'c_u': 231.48, 'total_apparent_power': 1.17, 'bc_u': 4...
2026-05-14 01:03:59,512 - root - INFO - API Response type: <class 'dict'>
2026-05-14 01:03:59,512 - root - INFO - API Response keys: ['failCode', 'success', 'message', 'data']
2026-05-14 01:03:59,512 - root - INFO - API Response data is a list with 288 items
2026-05-14 01:03:59,512 - root - INFO - API Response has failCode: 0, message: historical data information query successful.
2026-05-14 01:03:59,512 - root - INFO - Using alternate response format: data as list
2026-05-14 01:03:59,512 - root - INFO - Received 288 data points from API
2026-05-14 01:03:59,512 - root - INFO - Sample data point structure: ['devDn', 'collectTime', 'dataItems']
2026-05-14 01:03:59,611 - root - INFO - Successfully upserted 288 data points.
2026-05-14 01:04:03,204 - root - INFO - Using single devDn for device/history (API: one device per query)
2026-05-14 01:04:03,205 - root - INFO - Fetching historical data for 1 devices of type meter
2026-05-14 01:04:03,205 - root - INFO - Making API request to: https://sg5.fusionsolar.huawei.com/rest/openapi/pvms/nbi/v1/device/history
2026-05-14 01:04:03,205 - root - INFO - Request payload: {'devDn': 'NE=51758773', 'devTypeId': 17, 'startTime': 1778605200000, 'endTime': 1778691599000}
2026-05-14 01:04:04,588 - root - INFO - Response status code: 200
2026-05-14 01:04:04,598 - root - INFO - API response from https://sg5.fusionsolar.huawei.com/rest/openapi/pvms/nbi/v1/device/history (truncated): {'failCode': 0, 'success': True, 'message': 'historical data information query successful.', 'data': [{'devDn': 'NE=51758773', 'collectTime': 1778605200000, 'dataItems': {'active_cap': 17563.55, 'power_factor': 0.39, 'a_i': 0.2, 'c_i': 0.2, 'b_i': 0.2, 'reverse_reactive_valley': None, 'positive_reactive_peak': None, 'reverse_reactive_peak': None, 'reverse_active_peak': None, 'positive_active_peak': None, 'a_u': 11685.96, 'reactive_power': 4627.0, 'c_u': 11632.84, 'total_apparent_power': 5.026, '...
2026-05-14 01:04:04,600 - root - INFO - API Response type: <class 'dict'>
2026-05-14 01:04:04,600 - root - INFO - API Response keys: ['failCode', 'success', 'message', 'data']
2026-05-14 01:04:04,600 - root - INFO - API Response data is a list with 288 items
2026-05-14 01:04:04,600 - root - INFO - API Response has failCode: 0, message: historical data information query successful.
2026-05-14 01:04:04,600 - root - INFO - Using alternate response format: data as list
2026-05-14 01:04:04,600 - root - INFO - Received 288 data points from API
2026-05-14 01:04:04,601 - root - INFO - Sample data point structure: ['devDn', 'collectTime', 'dataItems']
2026-05-14 01:04:04,691 - root - INFO - Successfully upserted 288 data points.
2026-05-14 01:04:08,157 - root - INFO - Using single devDn for device/history (API: one device per query)
2026-05-14 01:04:08,158 - root - INFO - Fetching historical data for 1 devices of type meter
2026-05-14 01:04:08,158 - root - INFO - Making API request to: https://sg5.fusionsolar.huawei.com/rest/openapi/pvms/nbi/v1/device/history
2026-05-14 01:04:08,159 - root - INFO - Request payload: {'devDn': 'NE=51758774', 'devTypeId': 17, 'startTime': 1778605200000, 'endTime': 1778691599000}
2026-05-14 01:04:09,606 - root - INFO - Response status code: 200
2026-05-14 01:04:09,616 - root - INFO - API response from https://sg5.fusionsolar.huawei.com/rest/openapi/pvms/nbi/v1/device/history (truncated): {'failCode': 0, 'success': True, 'message': 'historical data information query successful.', 'data': [{'devDn': 'NE=51758774', 'collectTime': 1778605200000, 'dataItems': {'active_cap': 3533856.61, 'power_factor': -0.287, 'a_i': 0.2, 'c_i': 0.2, 'b_i': 0.2, 'reverse_reactive_valley': None, 'positive_reactive_peak': None, 'reverse_reactive_peak': None, 'reverse_active_peak': None, 'positive_active_peak': None, 'a_u': 11738.53, 'reactive_power': -6277.0, 'c_u': 11714.14, 'total_apparent_power': 6.5...
2026-05-14 01:04:09,618 - root - INFO - API Response type: <class 'dict'>
2026-05-14 01:04:09,618 - root - INFO - API Response keys: ['failCode', 'success', 'message', 'data']
2026-05-14 01:04:09,619 - root - INFO - API Response data is a list with 288 items
2026-05-14 01:04:09,619 - root - INFO - API Response has failCode: 0, message: historical data information query successful.
2026-05-14 01:04:09,619 - root - INFO - Using alternate response format: data as list
2026-05-14 01:04:09,619 - root - INFO - Received 288 data points from API
2026-05-14 01:04:09,619 - root - INFO - Sample data point structure: ['devDn', 'collectTime', 'dataItems']
2026-05-14 01:04:09,713 - root - INFO - Successfully upserted 288 data points.
2026-05-14 01:04:13,264 - root - INFO - Using single devDn for device/history (API: one device per query)
2026-05-14 01:04:13,266 - root - INFO - Fetching historical data for 1 devices of type meter
2026-05-14 01:04:13,266 - root - INFO - Making API request to: https://sg5.fusionsolar.huawei.com/rest/openapi/pvms/nbi/v1/device/history
2026-05-14 01:04:13,266 - root - INFO - Request payload: {'devDn': 'NE=59113616', 'devTypeId': 17, 'startTime': 1778605200000, 'endTime': 1778691599000}
2026-05-14 01:04:15,239 - root - INFO - Response status code: 200
2026-05-14 01:04:15,246 - root - INFO - API response from https://sg5.fusionsolar.huawei.com/rest/openapi/pvms/nbi/v1/device/history (truncated): {'failCode': 0, 'success': True, 'message': 'historical data information query successful.', 'data': [{'devDn': 'NE=59113616', 'collectTime': 1778605200000, 'dataItems': {'active_cap': None, 'power_factor': -0.912, 'a_i': 1.1, 'c_i': None, 'b_i': None, 'reverse_reactive_valley': None, 'positive_reactive_peak': None, 'reverse_reactive_peak': None, 'reverse_active_peak': None, 'positive_active_peak': None, 'a_u': 229.4, 'reactive_power': -86.0, 'c_u': None, 'total_apparent_power': 0.211, 'bc_u': N...
2026-05-14 01:04:15,248 - root - INFO - API Response type: <class 'dict'>
2026-05-14 01:04:15,248 - root - INFO - API Response keys: ['failCode', 'success', 'message', 'data']
2026-05-14 01:04:15,248 - root - INFO - API Response data is a list with 288 items
2026-05-14 01:04:15,248 - root - INFO - API Response has failCode: 0, message: historical data information query successful.
2026-05-14 01:04:15,248 - root - INFO - Using alternate response format: data as list
2026-05-14 01:04:15,250 - root - INFO - Received 288 data points from API
2026-05-14 01:04:15,250 - root - INFO - Sample data point structure: ['devDn', 'collectTime', 'dataItems']
2026-05-14 01:04:15,337 - root - INFO - Successfully upserted 288 data points.
2026-05-14 01:04:19,044 - root - INFO - Using single devDn for device/history (API: one device per query)
2026-05-14 01:04:19,046 - root - INFO - Fetching historical data for 1 devices of type meter
2026-05-14 01:04:19,046 - root - INFO - Making API request to: https://sg5.fusionsolar.huawei.com/rest/openapi/pvms/nbi/v1/device/history
2026-05-14 01:04:19,046 - root - INFO - Request payload: {'devDn': 'NE=58847996', 'devTypeId': 17, 'startTime': 1778605200000, 'endTime': 1778691599000}
2026-05-14 01:04:20,400 - root - INFO - Response status code: 200
2026-05-14 01:04:20,410 - root - INFO - API response from https://sg5.fusionsolar.huawei.com/rest/openapi/pvms/nbi/v1/device/history (truncated): {'failCode': 0, 'success': True, 'message': 'historical data information query successful.', 'data': [{'devDn': 'NE=58847996', 'collectTime': 1778605200000, 'dataItems': {'active_cap': 9703.63, 'power_factor': 0.209, 'a_i': 0.3, 'c_i': 0.4, 'b_i': 0.3, 'reverse_reactive_valley': None, 'positive_reactive_peak': None, 'reverse_reactive_peak': None, 'reverse_active_peak': None, 'positive_active_peak': None, 'a_u': 11717.89, 'reactive_power': 8975.0, 'c_u': 11700.93, 'total_apparent_power': 9.18, 'b...
2026-05-14 01:04:20,412 - root - INFO - API Response type: <class 'dict'>
2026-05-14 01:04:20,412 - root - INFO - API Response keys: ['failCode', 'success', 'message', 'data']
2026-05-14 01:04:20,412 - root - INFO - API Response data is a list with 288 items
2026-05-14 01:04:20,413 - root - INFO - API Response has failCode: 0, message: historical data information query successful.
2026-05-14 01:04:20,413 - root - INFO - Using alternate response format: data as list
2026-05-14 01:04:20,413 - root - INFO - Received 288 data points from API
2026-05-14 01:04:20,413 - root - INFO - Sample data point structure: ['devDn', 'collectTime', 'dataItems']
2026-05-14 01:04:20,504 - root - INFO - Successfully upserted 288 data points.
2026-05-14 01:04:24,444 - root - INFO - Using single devDn for device/history (API: one device per query)
2026-05-14 01:04:24,446 - root - INFO - Fetching historical data for 1 devices of type meter
2026-05-14 01:04:24,446 - root - INFO - Making API request to: https://sg5.fusionsolar.huawei.com/rest/openapi/pvms/nbi/v1/device/history
2026-05-14 01:04:24,446 - root - INFO - Request payload: {'devDn': 'NE=58847458', 'devTypeId': 17, 'startTime': 1778605200000, 'endTime': 1778691599000}
2026-05-14 01:04:25,789 - root - INFO - Response status code: 200
2026-05-14 01:04:25,799 - root - INFO - API response from https://sg5.fusionsolar.huawei.com/rest/openapi/pvms/nbi/v1/device/history (truncated): {'failCode': 0, 'success': True, 'message': 'historical data information query successful.', 'data': [{'devDn': 'NE=58847458', 'collectTime': 1778605200000, 'dataItems': {'active_cap': 36948.11, 'power_factor': 0.168, 'a_i': 0.3, 'c_i': 0.4, 'b_i': 0.3, 'reverse_reactive_valley': None, 'positive_reactive_peak': None, 'reverse_reactive_peak': None, 'reverse_active_peak': None, 'positive_active_peak': None, 'a_u': 11703.84, 'reactive_power': 10867.0, 'c_u': 11667.18, 'total_apparent_power': 11.025...
2026-05-14 01:04:25,801 - root - INFO - API Response type: <class 'dict'>
2026-05-14 01:04:25,801 - root - INFO - API Response keys: ['failCode', 'success', 'message', 'data']
2026-05-14 01:04:25,801 - root - INFO - API Response data is a list with 288 items
2026-05-14 01:04:25,801 - root - INFO - API Response has failCode: 0, message: historical data information query successful.
2026-05-14 01:04:25,801 - root - INFO - Using alternate response format: data as list
2026-05-14 01:04:25,802 - root - INFO - Received 288 data points from API
2026-05-14 01:04:25,802 - root - INFO - Sample data point structure: ['devDn', 'collectTime', 'dataItems']
2026-05-14 01:04:25,892 - root - INFO - Successfully upserted 288 data points.
2026-05-14 01:04:29,206 - root - INFO - Using single devDn for device/history (API: one device per query)
2026-05-14 01:04:29,207 - root - INFO - Fetching historical data for 1 devices of type meter
2026-05-14 01:04:29,207 - root - INFO - Making API request to: https://sg5.fusionsolar.huawei.com/rest/openapi/pvms/nbi/v1/device/history
2026-05-14 01:04:29,207 - root - INFO - Request payload: {'devDn': 'NE=58847456', 'devTypeId': 17, 'startTime': 1778605200000, 'endTime': 1778691599000}
2026-05-14 01:04:30,473 - root - INFO - Response status code: 200
2026-05-14 01:04:30,482 - root - INFO - API response from https://sg5.fusionsolar.huawei.com/rest/openapi/pvms/nbi/v1/device/history (truncated): {'failCode': 0, 'success': True, 'message': 'historical data information query successful.', 'data': [{'devDn': 'NE=58847456', 'collectTime': 1778605200000, 'dataItems': {'active_cap': 62.57, 'power_factor': 0.0, 'a_i': 0.0, 'c_i': 0.0, 'b_i': 0.0, 'reverse_reactive_valley': None, 'positive_reactive_peak': None, 'reverse_reactive_peak': None, 'reverse_active_peak': None, 'positive_active_peak': None, 'a_u': 226.98, 'reactive_power': 0.0, 'c_u': 226.87, 'total_apparent_power': 0.0, 'bc_u': 393.68...
2026-05-14 01:04:30,484 - root - INFO - API Response type: <class 'dict'>
2026-05-14 01:04:30,484 - root - INFO - API Response keys: ['failCode', 'success', 'message', 'data']
2026-05-14 01:04:30,484 - root - INFO - API Response data is a list with 267 items
2026-05-14 01:04:30,484 - root - INFO - API Response has failCode: 0, message: historical data information query successful.
2026-05-14 01:04:30,484 - root - INFO - Using alternate response format: data as list
2026-05-14 01:04:30,485 - root - INFO - Received 267 data points from API
2026-05-14 01:04:30,485 - root - INFO - Sample data point structure: ['devDn', 'collectTime', 'dataItems']
2026-05-14 01:04:30,569 - root - INFO - Successfully upserted 267 data points.
2026-05-14 01:04:34,353 - root - INFO - Using single devDn for device/history (API: one device per query)
2026-05-14 01:04:34,354 - root - INFO - Fetching historical data for 1 devices of type meter
2026-05-14 01:04:34,355 - root - INFO - Making API request to: https://sg5.fusionsolar.huawei.com/rest/openapi/pvms/nbi/v1/device/history
2026-05-14 01:04:34,355 - root - INFO - Request payload: {'devDn': 'NE=58630786', 'devTypeId': 17, 'startTime': 1778605200000, 'endTime': 1778691599000}
2026-05-14 01:04:35,725 - root - INFO - Response status code: 200
2026-05-14 01:04:35,734 - root - INFO - API response from https://sg5.fusionsolar.huawei.com/rest/openapi/pvms/nbi/v1/device/history (truncated): {'failCode': 0, 'success': True, 'message': 'historical data information query successful.', 'data': [{'devDn': 'NE=58630786', 'collectTime': 1778605200000, 'dataItems': {'active_cap': 91.79, 'power_factor': 0.0, 'a_i': 0.0, 'c_i': 0.0, 'b_i': 0.0, 'reverse_reactive_valley': None, 'positive_reactive_peak': None, 'reverse_reactive_peak': None, 'reverse_active_peak': None, 'positive_active_peak': None, 'a_u': 226.24, 'reactive_power': 0.0, 'c_u': 226.96, 'total_apparent_power': 0.0, 'bc_u': 393.79...
2026-05-14 01:04:35,736 - root - INFO - API Response type: <class 'dict'>
2026-05-14 01:04:35,736 - root - INFO - API Response keys: ['failCode', 'success', 'message', 'data']
2026-05-14 01:04:35,736 - root - INFO - API Response data is a list with 288 items
2026-05-14 01:04:35,737 - root - INFO - API Response has failCode: 0, message: historical data information query successful.
2026-05-14 01:04:35,737 - root - INFO - Using alternate response format: data as list
2026-05-14 01:04:35,737 - root - INFO - Received 288 data points from API
2026-05-14 01:04:35,737 - root - INFO - Sample data point structure: ['devDn', 'collectTime', 'dataItems']
2026-05-14 01:04:35,830 - root - INFO - Successfully upserted 288 data points.
2026-05-14 01:04:39,098 - root - INFO - Using single devDn for device/history (API: one device per query)
2026-05-14 01:04:39,099 - root - INFO - Fetching historical data for 1 devices of type meter
2026-05-14 01:04:39,099 - root - INFO - Making API request to: https://sg5.fusionsolar.huawei.com/rest/openapi/pvms/nbi/v1/device/history
2026-05-14 01:04:39,100 - root - INFO - Request payload: {'devDn': 'NE=58795824', 'devTypeId': 17, 'startTime': 1778605200000, 'endTime': 1778691599000}
2026-05-14 01:04:40,508 - root - INFO - Response status code: 200
2026-05-14 01:04:40,518 - root - INFO - API response from https://sg5.fusionsolar.huawei.com/rest/openapi/pvms/nbi/v1/device/history (truncated): {'failCode': 0, 'success': True, 'message': 'historical data information query successful.', 'data': [{'devDn': 'NE=58795824', 'collectTime': 1778605200000, 'dataItems': {'active_cap': 9094.5, 'power_factor': 0.244, 'a_i': 0.3, 'c_i': 0.4, 'b_i': 0.3, 'reverse_reactive_valley': None, 'positive_reactive_peak': None, 'reverse_reactive_peak': None, 'reverse_active_peak': None, 'positive_active_peak': None, 'a_u': 11739.97, 'reactive_power': 7179.0, 'c_u': 11711.16, 'total_apparent_power': 7.403, 'b...
2026-05-14 01:04:40,520 - root - INFO - API Response type: <class 'dict'>
2026-05-14 01:04:40,520 - root - INFO - API Response keys: ['failCode', 'success', 'message', 'data']
2026-05-14 01:04:40,520 - root - INFO - API Response data is a list with 288 items
2026-05-14 01:04:40,520 - root - INFO - API Response has failCode: 0, message: historical data information query successful.
2026-05-14 01:04:40,520 - root - INFO - Using alternate response format: data as list
2026-05-14 01:04:40,520 - root - INFO - Received 288 data points from API
2026-05-14 01:04:40,521 - root - INFO - Sample data point structure: ['devDn', 'collectTime', 'dataItems']
2026-05-14 01:04:40,626 - root - INFO - Successfully upserted 288 data points.
2026-05-14 01:04:44,067 - root - INFO - Using single devDn for device/history (API: one device per query)
2026-05-14 01:04:44,068 - root - INFO - Fetching historical data for 1 devices of type meter
2026-05-14 01:04:44,068 - root - INFO - Making API request to: https://sg5.fusionsolar.huawei.com/rest/openapi/pvms/nbi/v1/device/history
2026-05-14 01:04:44,068 - root - INFO - Request payload: {'devDn': 'NE=58795822', 'devTypeId': 17, 'startTime': 1778605200000, 'endTime': 1778691599000}
2026-05-14 01:04:45,488 - root - INFO - Response status code: 200
2026-05-14 01:04:45,498 - root - INFO - API response from https://sg5.fusionsolar.huawei.com/rest/openapi/pvms/nbi/v1/device/history (truncated): {'failCode': 0, 'success': True, 'message': 'historical data information query successful.', 'data': [{'devDn': 'NE=58795822', 'collectTime': 1778605200000, 'dataItems': {'active_cap': 69424.61, 'power_factor': 0.185, 'a_i': 0.2, 'c_i': 0.3, 'b_i': 0.2, 'reverse_reactive_valley': None, 'positive_reactive_peak': None, 'reverse_reactive_peak': None, 'reverse_active_peak': None, 'positive_active_peak': None, 'a_u': 11692.63, 'reactive_power': 9224.0, 'c_u': 11648.46, 'total_apparent_power': 9.387, ...
2026-05-14 01:04:45,500 - root - INFO - API Response type: <class 'dict'>
2026-05-14 01:04:45,500 - root - INFO - API Response keys: ['failCode', 'success', 'message', 'data']
2026-05-14 01:04:45,500 - root - INFO - API Response data is a list with 288 items
2026-05-14 01:04:45,500 - root - INFO - API Response has failCode: 0, message: historical data information query successful.
2026-05-14 01:04:45,500 - root - INFO - Using alternate response format: data as list
2026-05-14 01:04:45,500 - root - INFO - Received 288 data points from API
2026-05-14 01:04:45,500 - root - INFO - Sample data point structure: ['devDn', 'collectTime', 'dataItems']
2026-05-14 01:04:45,593 - root - INFO - Successfully upserted 288 data points.
2026-05-14 01:04:48,832 - root - INFO - Using single devDn for device/history (API: one device per query)
2026-05-14 01:04:48,833 - root - INFO - Fetching historical data for 1 devices of type meter
2026-05-14 01:04:48,833 - root - INFO - Making API request to: https://sg5.fusionsolar.huawei.com/rest/openapi/pvms/nbi/v1/device/history
2026-05-14 01:04:48,833 - root - INFO - Request payload: {'devDn': 'NE=59087192', 'devTypeId': 17, 'startTime': 1778605200000, 'endTime': 1778691599000}
2026-05-14 01:04:51,012 - root - INFO - Response status code: 200
2026-05-14 01:04:51,019 - root - INFO - API response from https://sg5.fusionsolar.huawei.com/rest/openapi/pvms/nbi/v1/device/history (truncated): {'failCode': 0, 'success': True, 'message': 'historical data information query successful.', 'data': [{'devDn': 'NE=59087192', 'collectTime': 1778605200000, 'dataItems': {'active_cap': None, 'power_factor': -0.927, 'a_i': 1.2, 'c_i': None, 'b_i': None, 'reverse_reactive_valley': None, 'positive_reactive_peak': None, 'reverse_reactive_peak': None, 'reverse_active_peak': None, 'positive_active_peak': None, 'a_u': 229.8, 'reactive_power': -86.0, 'c_u': None, 'total_apparent_power': 0.23, 'bc_u': No...
2026-05-14 01:04:51,021 - root - INFO - API Response type: <class 'dict'>
2026-05-14 01:04:51,021 - root - INFO - API Response keys: ['failCode', 'success', 'message', 'data']
2026-05-14 01:04:51,021 - root - INFO - API Response data is a list with 288 items
2026-05-14 01:04:51,021 - root - INFO - API Response has failCode: 0, message: historical data information query successful.
2026-05-14 01:04:51,021 - root - INFO - Using alternate response format: data as list
2026-05-14 01:04:51,021 - root - INFO - Received 288 data points from API
2026-05-14 01:04:51,022 - root - INFO - Sample data point structure: ['devDn', 'collectTime', 'dataItems']
2026-05-14 01:04:51,108 - root - INFO - Successfully upserted 288 data points.
2026-05-14 01:04:54,475 - root - INFO - Using single devDn for device/history (API: one device per query)
2026-05-14 01:04:54,476 - root - INFO - Fetching historical data for 1 devices of type meter
2026-05-14 01:04:54,476 - root - INFO - Making API request to: https://sg5.fusionsolar.huawei.com/rest/openapi/pvms/nbi/v1/device/history
2026-05-14 01:04:54,476 - root - INFO - Request payload: {'devDn': 'NE=54435799', 'devTypeId': 17, 'startTime': 1778605200000, 'endTime': 1778691599000}
2026-05-14 01:04:56,279 - root - INFO - Response status code: 200
2026-05-14 01:04:56,287 - root - INFO - API response from https://sg5.fusionsolar.huawei.com/rest/openapi/pvms/nbi/v1/device/history (truncated): {'failCode': 0, 'success': True, 'message': 'historical data information query successful.', 'data': [{'devDn': 'NE=54435799', 'collectTime': 1778605200000, 'dataItems': {'active_cap': 0.0, 'power_factor': -1.0, 'a_i': 0.6, 'c_i': None, 'b_i': None, 'reverse_reactive_valley': None, 'positive_reactive_peak': None, 'reverse_reactive_peak': None, 'reverse_active_peak': None, 'positive_active_peak': None, 'a_u': 233.2, 'reactive_power': -29.0, 'c_u': None, 'total_apparent_power': 0.112, 'bc_u': None...
2026-05-14 01:04:56,290 - root - INFO - API Response type: <class 'dict'>
2026-05-14 01:04:56,290 - root - INFO - API Response keys: ['failCode', 'success', 'message', 'data']
2026-05-14 01:04:56,290 - root - INFO - API Response data is a list with 288 items
2026-05-14 01:04:56,290 - root - INFO - API Response has failCode: 0, message: historical data information query successful.
2026-05-14 01:04:56,290 - root - INFO - Using alternate response format: data as list
2026-05-14 01:04:56,290 - root - INFO - Received 288 data points from API
2026-05-14 01:04:56,290 - root - INFO - Sample data point structure: ['devDn', 'collectTime', 'dataItems']
2026-05-14 01:04:56,390 - root - INFO - Successfully upserted 288 data points.
2026-05-14 01:05:00,363 - root - INFO - Using single devDn for device/history (API: one device per query)
2026-05-14 01:05:00,365 - root - INFO - Fetching historical data for 1 devices of type meter
2026-05-14 01:05:00,365 - root - INFO - Making API request to: https://sg5.fusionsolar.huawei.com/rest/openapi/pvms/nbi/v1/device/history
2026-05-14 01:05:00,365 - root - INFO - Request payload: {'devDn': 'NE=54435800', 'devTypeId': 17, 'startTime': 1778605200000, 'endTime': 1778691599000}
2026-05-14 01:05:01,804 - root - INFO - Response status code: 200
2026-05-14 01:05:01,813 - root - INFO - API response from https://sg5.fusionsolar.huawei.com/rest/openapi/pvms/nbi/v1/device/history (truncated): {'failCode': 0, 'success': True, 'message': 'historical data information query successful.', 'data': [{'devDn': 'NE=54435800', 'collectTime': 1778605200000, 'dataItems': {'active_cap': 69.29, 'power_factor': -0.003, 'a_i': 3.9, 'c_i': 3.9, 'b_i': 4.0, 'reverse_reactive_valley': None, 'positive_reactive_peak': None, 'reverse_reactive_peak': None, 'reverse_active_peak': None, 'positive_active_peak': None, 'a_u': 233.03, 'reactive_power': -2725.0, 'c_u': 232.77, 'total_apparent_power': 2.725, 'bc_u...
2026-05-14 01:05:01,815 - root - INFO - API Response type: <class 'dict'>
2026-05-14 01:05:01,815 - root - INFO - API Response keys: ['failCode', 'success', 'message', 'data']
2026-05-14 01:05:01,815 - root - INFO - API Response data is a list with 288 items
2026-05-14 01:05:01,815 - root - INFO - API Response has failCode: 0, message: historical data information query successful.
2026-05-14 01:05:01,815 - root - INFO - Using alternate response format: data as list
2026-05-14 01:05:01,816 - root - INFO - Received 288 data points from API
2026-05-14 01:05:01,816 - root - INFO - Sample data point structure: ['devDn', 'collectTime', 'dataItems']
2026-05-14 01:05:01,906 - root - INFO - Successfully upserted 288 data points.
2026-05-14 01:05:05,569 - root - INFO - Using single devDn for device/history (API: one device per query)
2026-05-14 01:05:05,570 - root - INFO - Fetching historical data for 1 devices of type meter
2026-05-14 01:05:05,570 - root - INFO - Making API request to: https://sg5.fusionsolar.huawei.com/rest/openapi/pvms/nbi/v1/device/history
2026-05-14 01:05:05,571 - root - INFO - Request payload: {'devDn': 'NE=54435801', 'devTypeId': 17, 'startTime': 1778605200000, 'endTime': 1778691599000}
2026-05-14 01:05:06,948 - root - INFO - Response status code: 200
2026-05-14 01:05:06,958 - root - INFO - API response from https://sg5.fusionsolar.huawei.com/rest/openapi/pvms/nbi/v1/device/history (truncated): {'failCode': 0, 'success': True, 'message': 'historical data information query successful.', 'data': [{'devDn': 'NE=54435801', 'collectTime': 1778605200000, 'dataItems': {'active_cap': 33.49, 'power_factor': -0.005, 'a_i': 4.1, 'c_i': 4.1, 'b_i': 4.1, 'reverse_reactive_valley': None, 'positive_reactive_peak': None, 'reverse_reactive_peak': None, 'reverse_active_peak': None, 'positive_active_peak': None, 'a_u': 233.28, 'reactive_power': -2877.0, 'c_u': 233.15, 'total_apparent_power': 2.877, 'bc_u...
2026-05-14 01:05:06,959 - root - INFO - API Response type: <class 'dict'>
2026-05-14 01:05:06,960 - root - INFO - API Response keys: ['failCode', 'success', 'message', 'data']
2026-05-14 01:05:06,960 - root - INFO - API Response data is a list with 288 items
2026-05-14 01:05:06,960 - root - INFO - API Response has failCode: 0, message: historical data information query successful.
2026-05-14 01:05:06,960 - root - INFO - Using alternate response format: data as list
2026-05-14 01:05:06,960 - root - INFO - Received 288 data points from API
2026-05-14 01:05:06,960 - root - INFO - Sample data point structure: ['devDn', 'collectTime', 'dataItems']
2026-05-14 01:05:07,050 - root - INFO - Successfully upserted 288 data points.
2026-05-14 01:05:10,578 - root - INFO - Using single devDn for device/history (API: one device per query)
2026-05-14 01:05:10,579 - root - INFO - Fetching historical data for 1 devices of type meter
2026-05-14 01:05:10,580 - root - INFO - Making API request to: https://sg5.fusionsolar.huawei.com/rest/openapi/pvms/nbi/v1/device/history
2026-05-14 01:05:10,580 - root - INFO - Request payload: {'devDn': 'NE=62806365', 'devTypeId': 17, 'startTime': 1778605200000, 'endTime': 1778691599000}
2026-05-14 01:05:12,138 - root - INFO - Response status code: 200
2026-05-14 01:05:12,145 - root - INFO - API response from https://sg5.fusionsolar.huawei.com/rest/openapi/pvms/nbi/v1/device/history (truncated): {'failCode': 0, 'success': True, 'message': 'historical data information query successful.', 'data': [{'devDn': 'NE=62806365', 'collectTime': 1778605200000, 'dataItems': {'active_cap': None, 'power_factor': 0.0, 'a_i': 1.1, 'c_i': 0.0, 'b_i': 0.0, 'reverse_reactive_valley': None, 'positive_reactive_peak': None, 'reverse_reactive_peak': None, 'reverse_active_peak': None, 'positive_active_peak': None, 'a_u': 219.4, 'reactive_power': -20.0, 'c_u': 0.0, 'total_apparent_power': 0.184, 'bc_u': 0.0, 'b...
2026-05-14 01:05:12,147 - root - INFO - API Response type: <class 'dict'>
2026-05-14 01:05:12,147 - root - INFO - API Response keys: ['failCode', 'success', 'message', 'data']
2026-05-14 01:05:12,149 - root - INFO - API Response data is a list with 288 items
2026-05-14 01:05:12,149 - root - INFO - API Response has failCode: 0, message: historical data information query successful.
2026-05-14 01:05:12,149 - root - INFO - Using alternate response format: data as list
2026-05-14 01:05:12,149 - root - INFO - Received 288 data points from API
2026-05-14 01:05:12,149 - root - INFO - Sample data point structure: ['devDn', 'collectTime', 'dataItems']
2026-05-14 01:05:12,239 - root - INFO - Successfully upserted 288 data points.
2026-05-14 01:05:16,220 - root - INFO - Using single devDn for device/history (API: one device per query)
2026-05-14 01:05:16,221 - root - INFO - Fetching historical data for 1 devices of type meter
2026-05-14 01:05:16,221 - root - INFO - Making API request to: https://sg5.fusionsolar.huawei.com/rest/openapi/pvms/nbi/v1/device/history
2026-05-14 01:05:16,221 - root - INFO - Request payload: {'devDn': 'NE=62806366', 'devTypeId': 17, 'startTime': 1778605200000, 'endTime': 1778691599000}
2026-05-14 01:05:17,534 - root - INFO - Response status code: 200
2026-05-14 01:05:17,543 - root - INFO - API response from https://sg5.fusionsolar.huawei.com/rest/openapi/pvms/nbi/v1/device/history (truncated): {'failCode': 0, 'success': True, 'message': 'historical data information query successful.', 'data': [{'devDn': 'NE=62806366', 'collectTime': 1778605200000, 'dataItems': {'active_cap': 1.23, 'power_factor': 0.0, 'a_i': 0.0, 'c_i': 0.0, 'b_i': 0.0, 'reverse_reactive_valley': None, 'positive_reactive_peak': None, 'reverse_reactive_peak': None, 'reverse_active_peak': None, 'positive_active_peak': None, 'a_u': 0.0, 'reactive_power': 0.0, 'c_u': 0.0, 'total_apparent_power': 0.0, 'bc_u': 21214.91, 'b_...
2026-05-14 01:05:17,545 - root - INFO - API Response type: <class 'dict'>
2026-05-14 01:05:17,545 - root - INFO - API Response keys: ['failCode', 'success', 'message', 'data']
2026-05-14 01:05:17,546 - root - INFO - API Response data is a list with 288 items
2026-05-14 01:05:17,546 - root - INFO - API Response has failCode: 0, message: historical data information query successful.
2026-05-14 01:05:17,546 - root - INFO - Using alternate response format: data as list
2026-05-14 01:05:17,546 - root - INFO - Received 288 data points from API
2026-05-14 01:05:17,546 - root - INFO - Sample data point structure: ['devDn', 'collectTime', 'dataItems']
2026-05-14 01:05:17,638 - root - INFO - Successfully upserted 288 data points.
2026-05-14 01:05:20,910 - root - INFO - Using single devDn for device/history (API: one device per query)
2026-05-14 01:05:20,911 - root - INFO - Fetching historical data for 1 devices of type meter
2026-05-14 01:05:20,912 - root - INFO - Making API request to: https://sg5.fusionsolar.huawei.com/rest/openapi/pvms/nbi/v1/device/history
2026-05-14 01:05:20,912 - root - INFO - Request payload: {'devDn': 'NE=62806363', 'devTypeId': 17, 'startTime': 1778605200000, 'endTime': 1778691599000}
2026-05-14 01:05:22,233 - root - INFO - Response status code: 200
2026-05-14 01:05:22,242 - root - INFO - API response from https://sg5.fusionsolar.huawei.com/rest/openapi/pvms/nbi/v1/device/history (truncated): {'failCode': 0, 'success': True, 'message': 'historical data information query successful.', 'data': [{'devDn': 'NE=62806363', 'collectTime': 1778605200000, 'dataItems': {'active_cap': 1130.59, 'power_factor': 0.0, 'a_i': 13.3, 'c_i': 12.9, 'b_i': 13.6, 'reverse_reactive_valley': None, 'positive_reactive_peak': None, 'reverse_reactive_peak': None, 'reverse_active_peak': None, 'positive_active_peak': None, 'a_u': 229.71, 'reactive_power': -8898.0, 'c_u': 230.71, 'total_apparent_power': 8.898, 'bc...
2026-05-14 01:05:22,244 - root - INFO - API Response type: <class 'dict'>
2026-05-14 01:05:22,244 - root - INFO - API Response keys: ['failCode', 'success', 'message', 'data']
2026-05-14 01:05:22,245 - root - INFO - API Response data is a list with 288 items
2026-05-14 01:05:22,245 - root - INFO - API Response has failCode: 0, message: historical data information query successful.
2026-05-14 01:05:22,245 - root - INFO - Using alternate response format: data as list
2026-05-14 01:05:22,245 - root - INFO - Received 288 data points from API
2026-05-14 01:05:22,245 - root - INFO - Sample data point structure: ['devDn', 'collectTime', 'dataItems']
2026-05-14 01:05:22,335 - root - INFO - Successfully upserted 288 data points.
2026-05-14 01:05:26,010 - root - INFO - Using single devDn for device/history (API: one device per query)
2026-05-14 01:05:26,011 - root - INFO - Fetching historical data for 1 devices of type meter
2026-05-14 01:05:26,011 - root - INFO - Making API request to: https://sg5.fusionsolar.huawei.com/rest/openapi/pvms/nbi/v1/device/history
2026-05-14 01:05:26,011 - root - INFO - Request payload: {'devDn': 'NE=62806364', 'devTypeId': 17, 'startTime': 1778605200000, 'endTime': 1778691599000}
2026-05-14 01:05:27,340 - root - INFO - Response status code: 200
2026-05-14 01:05:27,350 - root - INFO - API response from https://sg5.fusionsolar.huawei.com/rest/openapi/pvms/nbi/v1/device/history (truncated): {'failCode': 0, 'success': True, 'message': 'historical data information query successful.', 'data': [{'devDn': 'NE=62806364', 'collectTime': 1778605200000, 'dataItems': {'active_cap': 445.19, 'power_factor': -0.001, 'a_i': 14.5, 'c_i': 15.2, 'b_i': 13.9, 'reverse_reactive_valley': None, 'positive_reactive_peak': None, 'reverse_reactive_peak': None, 'reverse_active_peak': None, 'positive_active_peak': None, 'a_u': 229.39, 'reactive_power': -10027.0, 'c_u': 230.06, 'total_apparent_power': 10.027,...
2026-05-14 01:05:27,352 - root - INFO - API Response type: <class 'dict'>
2026-05-14 01:05:27,353 - root - INFO - API Response keys: ['failCode', 'success', 'message', 'data']
2026-05-14 01:05:27,354 - root - INFO - API Response data is a list with 288 items
2026-05-14 01:05:27,354 - root - INFO - API Response has failCode: 0, message: historical data information query successful.
2026-05-14 01:05:27,354 - root - INFO - Using alternate response format: data as list
2026-05-14 01:05:27,354 - root - INFO - Received 288 data points from API
2026-05-14 01:05:27,354 - root - INFO - Sample data point structure: ['devDn', 'collectTime', 'dataItems']
2026-05-14 01:05:27,444 - root - INFO - Successfully upserted 288 data points.
2026-05-14 01:05:30,614 - root - INFO - Using single devDn for device/history (API: one device per query)
2026-05-14 01:05:30,616 - root - INFO - Fetching historical data for 1 devices of type meter
2026-05-14 01:05:30,616 - root - INFO - Making API request to: https://sg5.fusionsolar.huawei.com/rest/openapi/pvms/nbi/v1/device/history
2026-05-14 01:05:30,616 - root - INFO - Request payload: {'devDn': 'NE=54436515', 'devTypeId': 17, 'startTime': 1778605200000, 'endTime': 1778691599000}
2026-05-14 01:05:32,781 - root - INFO - Response status code: 200
2026-05-14 01:05:32,789 - root - INFO - API response from https://sg5.fusionsolar.huawei.com/rest/openapi/pvms/nbi/v1/device/history (truncated): {'failCode': 0, 'success': True, 'message': 'historical data information query successful.', 'data': [{'devDn': 'NE=54436515', 'collectTime': 1778605200000, 'dataItems': {'active_cap': 0.0, 'power_factor': -0.95, 'a_i': 0.4, 'c_i': None, 'b_i': None, 'reverse_reactive_valley': None, 'positive_reactive_peak': None, 'reverse_reactive_peak': None, 'reverse_active_peak': None, 'positive_active_peak': None, 'a_u': 234.3, 'reactive_power': -27.0, 'c_u': None, 'total_apparent_power': 0.088, 'bc_u': Non...
2026-05-14 01:05:32,791 - root - INFO - API Response type: <class 'dict'>
2026-05-14 01:05:32,791 - root - INFO - API Response keys: ['failCode', 'success', 'message', 'data']
2026-05-14 01:05:32,791 - root - INFO - API Response data is a list with 288 items
2026-05-14 01:05:32,791 - root - INFO - API Response has failCode: 0, message: historical data information query successful.
2026-05-14 01:05:32,792 - root - INFO - Using alternate response format: data as list
2026-05-14 01:05:32,792 - root - INFO - Received 288 data points from API
2026-05-14 01:05:32,792 - root - INFO - Sample data point structure: ['devDn', 'collectTime', 'dataItems']
2026-05-14 01:05:32,879 - root - INFO - Successfully upserted 288 data points.
2026-05-14 01:05:36,301 - root - INFO - Using single devDn for device/history (API: one device per query)
2026-05-14 01:05:36,302 - root - INFO - Fetching historical data for 1 devices of type meter
2026-05-14 01:05:36,302 - root - INFO - Making API request to: https://sg5.fusionsolar.huawei.com/rest/openapi/pvms/nbi/v1/device/history
2026-05-14 01:05:36,302 - root - INFO - Request payload: {'devDn': 'NE=54436516', 'devTypeId': 17, 'startTime': 1778605200000, 'endTime': 1778691599000}
2026-05-14 01:05:37,816 - root - INFO - Response status code: 200
2026-05-14 01:05:37,826 - root - INFO - API response from https://sg5.fusionsolar.huawei.com/rest/openapi/pvms/nbi/v1/device/history (truncated): {'failCode': 0, 'success': True, 'message': 'historical data information query successful.', 'data': [{'devDn': 'NE=54436516', 'collectTime': 1778605200000, 'dataItems': {'active_cap': 321.31, 'power_factor': -0.034, 'a_i': 7.1, 'c_i': 7.0, 'b_i': 7.2, 'reverse_reactive_valley': None, 'positive_reactive_peak': None, 'reverse_reactive_peak': None, 'reverse_active_peak': None, 'positive_active_peak': None, 'a_u': 234.28, 'reactive_power': -4955.0, 'c_u': 236.02, 'total_apparent_power': 4.958, 'bc_...
2026-05-14 01:05:37,828 - root - INFO - API Response type: <class 'dict'>
2026-05-14 01:05:37,828 - root - INFO - API Response keys: ['failCode', 'success', 'message', 'data']
2026-05-14 01:05:37,828 - root - INFO - API Response data is a list with 288 items
2026-05-14 01:05:37,828 - root - INFO - API Response has failCode: 0, message: historical data information query successful.
2026-05-14 01:05:37,828 - root - INFO - Using alternate response format: data as list
2026-05-14 01:05:37,828 - root - INFO - Received 288 data points from API
2026-05-14 01:05:37,828 - root - INFO - Sample data point structure: ['devDn', 'collectTime', 'dataItems']
2026-05-14 01:05:37,918 - root - INFO - Successfully upserted 288 data points.
2026-05-14 01:05:41,476 - root - INFO - Using single devDn for device/history (API: one device per query)
2026-05-14 01:05:41,477 - root - INFO - Fetching historical data for 1 devices of type meter
2026-05-14 01:05:41,477 - root - INFO - Making API request to: https://sg5.fusionsolar.huawei.com/rest/openapi/pvms/nbi/v1/device/history
2026-05-14 01:05:41,477 - root - INFO - Request payload: {'devDn': 'NE=54436517', 'devTypeId': 17, 'startTime': 1778605200000, 'endTime': 1778691599000}
2026-05-14 01:05:42,860 - root - INFO - Response status code: 200
2026-05-14 01:05:42,870 - root - INFO - API response from https://sg5.fusionsolar.huawei.com/rest/openapi/pvms/nbi/v1/device/history (truncated): {'failCode': 0, 'success': True, 'message': 'historical data information query successful.', 'data': [{'devDn': 'NE=54436517', 'collectTime': 1778605200000, 'dataItems': {'active_cap': 320.01, 'power_factor': -0.027, 'a_i': 7.0, 'c_i': 7.4, 'b_i': 7.4, 'reverse_reactive_valley': None, 'positive_reactive_peak': None, 'reverse_reactive_peak': None, 'reverse_active_peak': None, 'positive_active_peak': None, 'a_u': 234.14, 'reactive_power': -5102.0, 'c_u': 235.65, 'total_apparent_power': 5.104, 'bc_...
2026-05-14 01:05:42,872 - root - INFO - API Response type: <class 'dict'>
2026-05-14 01:05:42,872 - root - INFO - API Response keys: ['failCode', 'success', 'message', 'data']
2026-05-14 01:05:42,872 - root - INFO - API Response data is a list with 288 items
2026-05-14 01:05:42,872 - root - INFO - API Response has failCode: 0, message: historical data information query successful.
2026-05-14 01:05:42,872 - root - INFO - Using alternate response format: data as list
2026-05-14 01:05:42,872 - root - INFO - Received 288 data points from API
2026-05-14 01:05:42,872 - root - INFO - Sample data point structure: ['devDn', 'collectTime', 'dataItems']
2026-05-14 01:05:42,962 - root - INFO - Successfully upserted 288 data points.
2026-05-14 01:05:46,278 - root - INFO - Using single devDn for device/history (API: one device per query)
2026-05-14 01:05:46,279 - root - INFO - Fetching historical data for 1 devices of type meter
2026-05-14 01:05:46,280 - root - INFO - Making API request to: https://sg5.fusionsolar.huawei.com/rest/openapi/pvms/nbi/v1/device/history
2026-05-14 01:05:46,280 - root - INFO - Request payload: {'devDn': 'NE=53771652', 'devTypeId': 17, 'startTime': 1778605200000, 'endTime': 1778691599000}
2026-05-14 01:05:47,599 - root - INFO - Response status code: 200
2026-05-14 01:05:47,608 - root - INFO - API response from https://sg5.fusionsolar.huawei.com/rest/openapi/pvms/nbi/v1/device/history (truncated): {'failCode': 0, 'success': True, 'message': 'historical data information query successful.', 'data': [{'devDn': 'NE=53771652', 'collectTime': 1778605200000, 'dataItems': {'active_cap': 234.42, 'power_factor': -0.002, 'a_i': 8.1, 'c_i': 8.0, 'b_i': 7.5, 'reverse_reactive_valley': None, 'positive_reactive_peak': None, 'reverse_reactive_peak': None, 'reverse_active_peak': None, 'positive_active_peak': None, 'a_u': 233.4, 'reactive_power': -5423.0, 'c_u': 232.34, 'total_apparent_power': 5.423, 'bc_u...
2026-05-14 01:05:47,610 - root - INFO - API Response type: <class 'dict'>
2026-05-14 01:05:47,610 - root - INFO - API Response keys: ['failCode', 'success', 'message', 'data']
2026-05-14 01:05:47,610 - root - INFO - API Response data is a list with 288 items
2026-05-14 01:05:47,610 - root - INFO - API Response has failCode: 0, message: historical data information query successful.
2026-05-14 01:05:47,611 - root - INFO - Using alternate response format: data as list
2026-05-14 01:05:47,611 - root - INFO - Received 288 data points from API
2026-05-14 01:05:47,611 - root - INFO - Sample data point structure: ['devDn', 'collectTime', 'dataItems']
2026-05-14 01:05:47,701 - root - INFO - Successfully upserted 288 data points.
2026-05-14 01:05:51,554 - root - INFO - Using single devDn for device/history (API: one device per query)
2026-05-14 01:05:51,556 - root - INFO - Fetching historical data for 1 devices of type meter
2026-05-14 01:05:51,556 - root - INFO - Making API request to: https://sg5.fusionsolar.huawei.com/rest/openapi/pvms/nbi/v1/device/history
2026-05-14 01:05:51,556 - root - INFO - Request payload: {'devDn': 'NE=53771655', 'devTypeId': 17, 'startTime': 1778605200000, 'endTime': 1778691599000}
2026-05-14 01:05:53,026 - root - INFO - Response status code: 200
2026-05-14 01:05:53,036 - root - INFO - API response from https://sg5.fusionsolar.huawei.com/rest/openapi/pvms/nbi/v1/device/history (truncated): {'failCode': 0, 'success': True, 'message': 'historical data information query successful.', 'data': [{'devDn': 'NE=53771655', 'collectTime': 1778605200000, 'dataItems': {'active_cap': 11170.39, 'power_factor': -0.383, 'a_i': 0.1, 'c_i': 0.1, 'b_i': 0.1, 'reverse_reactive_valley': None, 'positive_reactive_peak': None, 'reverse_reactive_peak': None, 'reverse_active_peak': None, 'positive_active_peak': None, 'a_u': 11721.4, 'reactive_power': -4087.0, 'c_u': 11599.59, 'total_apparent_power': 4.426,...
2026-05-14 01:05:53,038 - root - INFO - API Response type: <class 'dict'>
2026-05-14 01:05:53,038 - root - INFO - API Response keys: ['failCode', 'success', 'message', 'data']
2026-05-14 01:05:53,038 - root - INFO - API Response data is a list with 288 items
2026-05-14 01:05:53,038 - root - INFO - API Response has failCode: 0, message: historical data information query successful.
2026-05-14 01:05:53,038 - root - INFO - Using alternate response format: data as list
2026-05-14 01:05:53,038 - root - INFO - Received 288 data points from API
2026-05-14 01:05:53,039 - root - INFO - Sample data point structure: ['devDn', 'collectTime', 'dataItems']
2026-05-14 01:05:53,127 - root - INFO - Successfully upserted 288 data points.
2026-05-14 01:05:56,907 - root - INFO - Using single devDn for device/history (API: one device per query)
2026-05-14 01:05:56,908 - root - INFO - Fetching historical data for 1 devices of type meter
2026-05-14 01:05:56,908 - root - INFO - Making API request to: https://sg5.fusionsolar.huawei.com/rest/openapi/pvms/nbi/v1/device/history
2026-05-14 01:05:56,908 - root - INFO - Request payload: {'devDn': 'NE=53771654', 'devTypeId': 17, 'startTime': 1778605200000, 'endTime': 1778691599000}
2026-05-14 01:05:58,260 - root - INFO - Response status code: 200
2026-05-14 01:05:58,270 - root - INFO - API response from https://sg5.fusionsolar.huawei.com/rest/openapi/pvms/nbi/v1/device/history (truncated): {'failCode': 0, 'success': True, 'message': 'historical data information query successful.', 'data': [{'devDn': 'NE=53771654', 'collectTime': 1778605200000, 'dataItems': {'active_cap': 11491.1, 'power_factor': -0.592, 'a_i': 0.1, 'c_i': 0.1, 'b_i': 0.1, 'reverse_reactive_valley': None, 'positive_reactive_peak': None, 'reverse_reactive_peak': None, 'reverse_active_peak': None, 'positive_active_peak': None, 'a_u': 11746.61, 'reactive_power': -2398.0, 'c_u': 11609.06, 'total_apparent_power': 2.977,...
2026-05-14 01:05:58,271 - root - INFO - API Response type: <class 'dict'>
2026-05-14 01:05:58,272 - root - INFO - API Response keys: ['failCode', 'success', 'message', 'data']
2026-05-14 01:05:58,272 - root - INFO - API Response data is a list with 288 items
2026-05-14 01:05:58,272 - root - INFO - API Response has failCode: 0, message: historical data information query successful.
2026-05-14 01:05:58,272 - root - INFO - Using alternate response format: data as list
2026-05-14 01:05:58,272 - root - INFO - Received 288 data points from API
2026-05-14 01:05:58,272 - root - INFO - Sample data point structure: ['devDn', 'collectTime', 'dataItems']
2026-05-14 01:05:58,364 - root - INFO - Successfully upserted 288 data points.
2026-05-14 01:06:01,699 - root - INFO - Using single devDn for device/history (API: one device per query)
2026-05-14 01:06:01,701 - root - INFO - Fetching historical data for 1 devices of type meter
2026-05-14 01:06:01,701 - root - INFO - Making API request to: https://sg5.fusionsolar.huawei.com/rest/openapi/pvms/nbi/v1/device/history
2026-05-14 01:06:01,701 - root - INFO - Request payload: {'devDn': 'NE=53771653', 'devTypeId': 17, 'startTime': 1778605200000, 'endTime': 1778691599000}
2026-05-14 01:06:03,095 - root - INFO - Response status code: 200
2026-05-14 01:06:03,105 - root - INFO - API response from https://sg5.fusionsolar.huawei.com/rest/openapi/pvms/nbi/v1/device/history (truncated): {'failCode': 0, 'success': True, 'message': 'historical data information query successful.', 'data': [{'devDn': 'NE=53771653', 'collectTime': 1778605200000, 'dataItems': {'active_cap': 243.22, 'power_factor': 0.0, 'a_i': 8.1, 'c_i': 8.2, 'b_i': 8.0, 'reverse_reactive_valley': None, 'positive_reactive_peak': None, 'reverse_reactive_peak': None, 'reverse_active_peak': None, 'positive_active_peak': None, 'a_u': 233.82, 'reactive_power': -5654.0, 'c_u': 232.8, 'total_apparent_power': 5.654, 'bc_u': ...
2026-05-14 01:06:03,107 - root - INFO - API Response type: <class 'dict'>
2026-05-14 01:06:03,107 - root - INFO - API Response keys: ['failCode', 'success', 'message', 'data']
2026-05-14 01:06:03,107 - root - INFO - API Response data is a list with 288 items
2026-05-14 01:06:03,107 - root - INFO - API Response has failCode: 0, message: historical data information query successful.
2026-05-14 01:06:03,108 - root - INFO - Using alternate response format: data as list
2026-05-14 01:06:03,108 - root - INFO - Received 288 data points from API
2026-05-14 01:06:03,108 - root - INFO - Sample data point structure: ['devDn', 'collectTime', 'dataItems']
2026-05-14 01:06:03,195 - root - INFO - Successfully upserted 288 data points.
2026-05-14 01:06:06,458 - root - INFO - Using single devDn for device/history (API: one device per query)
2026-05-14 01:06:06,460 - root - INFO - Fetching historical data for 1 devices of type meter
2026-05-14 01:06:06,460 - root - INFO - Making API request to: https://sg5.fusionsolar.huawei.com/rest/openapi/pvms/nbi/v1/device/history
2026-05-14 01:06:06,460 - root - INFO - Request payload: {'devDn': 'NE=62807018', 'devTypeId': 17, 'startTime': 1778605200000, 'endTime': 1778691599000}
2026-05-14 01:06:08,385 - root - INFO - Response status code: 200
2026-05-14 01:06:08,392 - root - INFO - API response from https://sg5.fusionsolar.huawei.com/rest/openapi/pvms/nbi/v1/device/history (truncated): {'failCode': 0, 'success': True, 'message': 'historical data information query successful.', 'data': [{'devDn': 'NE=62807018', 'collectTime': 1778605200000, 'dataItems': {'active_cap': None, 'power_factor': -1.0, 'a_i': 0.6, 'c_i': None, 'b_i': None, 'reverse_reactive_valley': None, 'positive_reactive_peak': None, 'reverse_reactive_peak': None, 'reverse_active_peak': None, 'positive_active_peak': None, 'a_u': 234.6, 'reactive_power': 0.0, 'c_u': None, 'total_apparent_power': 0.125, 'bc_u': None,...
2026-05-14 01:06:08,393 - root - INFO - API Response type: <class 'dict'>
2026-05-14 01:06:08,394 - root - INFO - API Response keys: ['failCode', 'success', 'message', 'data']
2026-05-14 01:06:08,394 - root - INFO - API Response data is a list with 288 items
2026-05-14 01:06:08,394 - root - INFO - API Response has failCode: 0, message: historical data information query successful.
2026-05-14 01:06:08,394 - root - INFO - Using alternate response format: data as list
2026-05-14 01:06:08,394 - root - INFO - Received 288 data points from API
2026-05-14 01:06:08,394 - root - INFO - Sample data point structure: ['devDn', 'collectTime', 'dataItems']
2026-05-14 01:06:08,484 - root - INFO - Successfully upserted 288 data points.
2026-05-14 01:06:12,147 - root - INFO - Using single devDn for device/history (API: one device per query)
2026-05-14 01:06:12,148 - root - INFO - Fetching historical data for 1 devices of type meter
2026-05-14 01:06:12,148 - root - INFO - Making API request to: https://sg5.fusionsolar.huawei.com/rest/openapi/pvms/nbi/v1/device/history
2026-05-14 01:06:12,149 - root - INFO - Request payload: {'devDn': 'NE=62807016', 'devTypeId': 17, 'startTime': 1778605200000, 'endTime': 1778691599000}
2026-05-14 01:06:13,583 - root - INFO - Response status code: 200
2026-05-14 01:06:13,593 - root - INFO - API response from https://sg5.fusionsolar.huawei.com/rest/openapi/pvms/nbi/v1/device/history (truncated): {'failCode': 0, 'success': True, 'message': 'historical data information query successful.', 'data': [{'devDn': 'NE=62807016', 'collectTime': 1778605200000, 'dataItems': {'active_cap': 128.02, 'power_factor': -0.005, 'a_i': 3.5, 'c_i': 3.4, 'b_i': 3.5, 'reverse_reactive_valley': None, 'positive_reactive_peak': None, 'reverse_reactive_peak': None, 'reverse_active_peak': None, 'positive_active_peak': None, 'a_u': 234.5, 'reactive_power': -2349.0, 'c_u': 234.08, 'total_apparent_power': 2.367, 'bc_u...
2026-05-14 01:06:13,595 - root - INFO - API Response type: <class 'dict'>
2026-05-14 01:06:13,595 - root - INFO - API Response keys: ['failCode', 'success', 'message', 'data']
2026-05-14 01:06:13,595 - root - INFO - API Response data is a list with 288 items
2026-05-14 01:06:13,595 - root - INFO - API Response has failCode: 0, message: historical data information query successful.
2026-05-14 01:06:13,595 - root - INFO - Using alternate response format: data as list
2026-05-14 01:06:13,595 - root - INFO - Received 288 data points from API
2026-05-14 01:06:13,595 - root - INFO - Sample data point structure: ['devDn', 'collectTime', 'dataItems']
2026-05-14 01:06:13,683 - root - INFO - Successfully upserted 288 data points.
2026-05-14 01:06:16,850 - root - INFO - Using single devDn for device/history (API: one device per query)
2026-05-14 01:06:16,852 - root - INFO - Fetching historical data for 1 devices of type meter
2026-05-14 01:06:16,852 - root - INFO - Making API request to: https://sg5.fusionsolar.huawei.com/rest/openapi/pvms/nbi/v1/device/history
2026-05-14 01:06:16,852 - root - INFO - Request payload: {'devDn': 'NE=62807017', 'devTypeId': 17, 'startTime': 1778605200000, 'endTime': 1778691599000}
2026-05-14 01:06:18,218 - root - INFO - Response status code: 200
2026-05-14 01:06:18,228 - root - INFO - API response from https://sg5.fusionsolar.huawei.com/rest/openapi/pvms/nbi/v1/device/history (truncated): {'failCode': 0, 'success': True, 'message': 'historical data information query successful.', 'data': [{'devDn': 'NE=62807017', 'collectTime': 1778605200000, 'dataItems': {'active_cap': 113.06, 'power_factor': 0.0, 'a_i': 3.7, 'c_i': 3.6, 'b_i': 3.6, 'reverse_reactive_valley': None, 'positive_reactive_peak': None, 'reverse_reactive_peak': None, 'reverse_active_peak': None, 'positive_active_peak': None, 'a_u': 234.42, 'reactive_power': -2526.0, 'c_u': 233.95, 'total_apparent_power': 2.526, 'bc_u':...
2026-05-14 01:06:18,230 - root - INFO - API Response type: <class 'dict'>
2026-05-14 01:06:18,230 - root - INFO - API Response keys: ['failCode', 'success', 'message', 'data']
2026-05-14 01:06:18,230 - root - INFO - API Response data is a list with 288 items
2026-05-14 01:06:18,230 - root - INFO - API Response has failCode: 0, message: historical data information query successful.
2026-05-14 01:06:18,230 - root - INFO - Using alternate response format: data as list
2026-05-14 01:06:18,230 - root - INFO - Received 288 data points from API
2026-05-14 01:06:18,230 - root - INFO - Sample data point structure: ['devDn', 'collectTime', 'dataItems']
2026-05-14 01:06:18,319 - root - INFO - Successfully upserted 288 data points.
2026-05-14 01:06:21,508 - root - INFO - Using single devDn for device/history (API: one device per query)
2026-05-14 01:06:21,510 - root - INFO - Fetching historical data for 1 devices of type meteo_station
2026-05-14 01:06:21,510 - root - INFO - Making API request to: https://sg5.fusionsolar.huawei.com/rest/openapi/pvms/nbi/v1/device/history
2026-05-14 01:06:21,510 - root - INFO - Request payload: {'devDn': 'NE=50488257', 'devTypeId': 10, 'startTime': 1778605200000, 'endTime': 1778691599000}
2026-05-14 01:06:22,079 - root - INFO - Response status code: 200
2026-05-14 01:06:22,082 - root - INFO - API response from https://sg5.fusionsolar.huawei.com/rest/openapi/pvms/nbi/v1/device/history (truncated): {'failCode': 0, 'success': True, 'message': 'historical data information query successful.', 'data': [{'devDn': 'NE=50488257', 'collectTime': 1778605200000, 'dataItems': {'radiant_line': 0.0, 'horiz_radiant_total': None, 'horiz_radiant_line': None, 'temperature': 28.3, 'wind_speed': None, 'wind_direction': None, 'radiant_total': 0.0, 'pv_temperature': 26.1}}, {'devDn': 'NE=50488257', 'collectTime': 1778605500000, 'dataItems': {'radiant_line': 0.0, 'horiz_radiant_total': None, 'horiz_radiant_line...
2026-05-14 01:06:22,084 - root - INFO - API Response type: <class 'dict'>
2026-05-14 01:06:22,084 - root - INFO - API Response keys: ['failCode', 'success', 'message', 'data']
2026-05-14 01:06:22,084 - root - INFO - API Response data is a list with 288 items
2026-05-14 01:06:22,084 - root - INFO - API Response has failCode: 0, message: historical data information query successful.
2026-05-14 01:06:22,084 - root - INFO - Using alternate response format: data as list
2026-05-14 01:06:22,084 - root - INFO - Received 288 data points from API
2026-05-14 01:06:22,085 - root - INFO - Sample data point structure: ['devDn', 'collectTime', 'dataItems']
2026-05-14 01:06:22,164 - root - INFO - Successfully upserted 288 data points.
2026-05-14 01:06:26,588 - root - INFO - Using single devDn for device/history (API: one device per query)
2026-05-14 01:06:26,590 - root - INFO - Fetching historical data for 1 devices of type meteo_station
2026-05-14 01:06:26,590 - root - INFO - Making API request to: https://sg5.fusionsolar.huawei.com/rest/openapi/pvms/nbi/v1/device/history
2026-05-14 01:06:26,590 - root - INFO - Request payload: {'devDn': 'NE=63022352', 'devTypeId': 10, 'startTime': 1778605200000, 'endTime': 1778691599000}
2026-05-14 01:06:27,101 - root - INFO - Response status code: 200
2026-05-14 01:06:27,103 - root - INFO - API response from https://sg5.fusionsolar.huawei.com/rest/openapi/pvms/nbi/v1/device/history (truncated): {'failCode': 0, 'success': True, 'message': 'historical data information query successful.', 'data': [{'devDn': 'NE=63022352', 'collectTime': 1778605200000, 'dataItems': {'radiant_line': 0.0, 'horiz_radiant_total': None, 'horiz_radiant_line': None, 'temperature': 0.4, 'wind_speed': 0.0, 'wind_direction': None, 'radiant_total': 0.0, 'pv_temperature': -0.2}}, {'devDn': 'NE=63022352', 'collectTime': 1778605500000, 'dataItems': {'radiant_line': 0.0, 'horiz_radiant_total': None, 'horiz_radiant_line':...
2026-05-14 01:06:27,105 - root - INFO - API Response type: <class 'dict'>
2026-05-14 01:06:27,105 - root - INFO - API Response keys: ['failCode', 'success', 'message', 'data']
2026-05-14 01:06:27,105 - root - INFO - API Response data is a list with 288 items
2026-05-14 01:06:27,105 - root - INFO - API Response has failCode: 0, message: historical data information query successful.
2026-05-14 01:06:27,106 - root - INFO - Using alternate response format: data as list
2026-05-14 01:06:27,106 - root - INFO - Received 288 data points from API
2026-05-14 01:06:27,106 - root - INFO - Sample data point structure: ['devDn', 'collectTime', 'dataItems']
2026-05-14 01:06:27,184 - root - INFO - Successfully upserted 288 data points.
2026-05-14 01:06:30,580 - root - INFO - Using single devDn for device/history (API: one device per query)
2026-05-14 01:06:30,581 - root - INFO - Fetching historical data for 1 devices of type meteo_station
2026-05-14 01:06:30,582 - root - INFO - Making API request to: https://sg5.fusionsolar.huawei.com/rest/openapi/pvms/nbi/v1/device/history
2026-05-14 01:06:30,582 - root - INFO - Request payload: {'devDn': 'NE=63022320', 'devTypeId': 10, 'startTime': 1778605200000, 'endTime': 1778691599000}
2026-05-14 01:06:31,124 - root - INFO - Response status code: 200
2026-05-14 01:06:31,127 - root - INFO - API response from https://sg5.fusionsolar.huawei.com/rest/openapi/pvms/nbi/v1/device/history (truncated): {'failCode': 0, 'success': True, 'message': 'historical data information query successful.', 'data': [{'devDn': 'NE=63022320', 'collectTime': 1778605200000, 'dataItems': {'radiant_line': 0.0, 'horiz_radiant_total': None, 'horiz_radiant_line': None, 'temperature': 0.7, 'wind_speed': 0.0, 'wind_direction': None, 'radiant_total': 0.0, 'pv_temperature': 0.0}}, {'devDn': 'NE=63022320', 'collectTime': 1778605500000, 'dataItems': {'radiant_line': 0.1, 'horiz_radiant_total': None, 'horiz_radiant_line': ...
2026-05-14 01:06:31,128 - root - INFO - API Response type: <class 'dict'>
2026-05-14 01:06:31,129 - root - INFO - API Response keys: ['failCode', 'success', 'message', 'data']
2026-05-14 01:06:31,129 - root - INFO - API Response data is a list with 288 items
2026-05-14 01:06:31,129 - root - INFO - API Response has failCode: 0, message: historical data information query successful.
2026-05-14 01:06:31,129 - root - INFO - Using alternate response format: data as list
2026-05-14 01:06:31,129 - root - INFO - Received 288 data points from API
2026-05-14 01:06:31,129 - root - INFO - Sample data point structure: ['devDn', 'collectTime', 'dataItems']
2026-05-14 01:06:31,208 - root - INFO - Successfully upserted 288 data points.
2026-05-14 01:06:35,121 - root - WARNING - No valid devDn in batch. Skipping because /device/history requires devDn.
2026-05-14 01:06:35,121 - root - WARNING - No valid devDn in batch. Skipping because /device/history requires devDn.
2026-05-14 01:06:35,121 - root - WARNING - No valid devDn in batch. Skipping because /device/history requires devDn.
2026-05-14 01:06:35,122 - root - WARNING - No valid devDn in batch. Skipping because /device/history requires devDn.
2026-05-14 01:06:35,122 - root - INFO - Using single devDn for device/history (API: one device per query)
2026-05-14 01:06:35,122 - root - INFO - Fetching historical data for 1 devices of type meteo_station
2026-05-14 01:06:35,122 - root - INFO - Making API request to: https://sg5.fusionsolar.huawei.com/rest/openapi/pvms/nbi/v1/device/history
2026-05-14 01:06:35,123 - root - INFO - Request payload: {'devDn': 'NE=61851546', 'devTypeId': 10, 'startTime': 1778605200000, 'endTime': 1778691599000}
2026-05-14 01:06:35,733 - root - INFO - Response status code: 200
2026-05-14 01:06:35,735 - root - INFO - API response from https://sg5.fusionsolar.huawei.com/rest/openapi/pvms/nbi/v1/device/history (truncated): {'failCode': 0, 'success': True, 'message': 'historical data information query successful.', 'data': [{'devDn': 'NE=61851546', 'collectTime': 1778605200000, 'dataItems': {'radiant_line': 0.0, 'horiz_radiant_total': None, 'horiz_radiant_line': None, 'temperature': None, 'wind_speed': None, 'wind_direction': None, 'radiant_total': 0.0, 'pv_temperature': 25.7}}, {'devDn': 'NE=61851546', 'collectTime': 1778605500000, 'dataItems': {'radiant_line': 0.0, 'horiz_radiant_total': None, 'horiz_radiant_line...
2026-05-14 01:06:35,737 - root - INFO - API Response type: <class 'dict'>
2026-05-14 01:06:35,737 - root - INFO - API Response keys: ['failCode', 'success', 'message', 'data']
2026-05-14 01:06:35,737 - root - INFO - API Response data is a list with 288 items
2026-05-14 01:06:35,737 - root - INFO - API Response has failCode: 0, message: historical data information query successful.
2026-05-14 01:06:35,738 - root - INFO - Using alternate response format: data as list
2026-05-14 01:06:35,738 - root - INFO - Received 288 data points from API
2026-05-14 01:06:35,738 - root - INFO - Sample data point structure: ['devDn', 'collectTime', 'dataItems']
2026-05-14 01:06:35,816 - root - INFO - Successfully upserted 288 data points.
2026-05-14 01:06:38,987 - root - INFO - Using single devDn for device/history (API: one device per query)
2026-05-14 01:06:38,989 - root - INFO - Fetching historical data for 1 devices of type meteo_station
2026-05-14 01:06:38,989 - root - INFO - Making API request to: https://sg5.fusionsolar.huawei.com/rest/openapi/pvms/nbi/v1/device/history
2026-05-14 01:06:38,989 - root - INFO - Request payload: {'devDn': 'NE=61851547', 'devTypeId': 10, 'startTime': 1778605200000, 'endTime': 1778691599000}
2026-05-14 01:06:39,625 - root - INFO - Response status code: 200
2026-05-14 01:06:39,627 - root - INFO - API response from https://sg5.fusionsolar.huawei.com/rest/openapi/pvms/nbi/v1/device/history (truncated): {'failCode': 0, 'success': True, 'message': 'historical data information query successful.', 'data': [{'devDn': 'NE=61851547', 'collectTime': 1778605200000, 'dataItems': {'radiant_line': 0.0, 'horiz_radiant_total': None, 'horiz_radiant_line': None, 'temperature': 28.3, 'wind_speed': None, 'wind_direction': None, 'radiant_total': 0.0, 'pv_temperature': None}}, {'devDn': 'NE=61851547', 'collectTime': 1778605500000, 'dataItems': {'radiant_line': 0.0, 'horiz_radiant_total': None, 'horiz_radiant_line...
2026-05-14 01:06:39,629 - root - INFO - API Response type: <class 'dict'>
2026-05-14 01:06:39,629 - root - INFO - API Response keys: ['failCode', 'success', 'message', 'data']
2026-05-14 01:06:39,629 - root - INFO - API Response data is a list with 288 items
2026-05-14 01:06:39,630 - root - INFO - API Response has failCode: 0, message: historical data information query successful.
2026-05-14 01:06:39,630 - root - INFO - Using alternate response format: data as list
2026-05-14 01:06:39,630 - root - INFO - Received 288 data points from API
2026-05-14 01:06:39,630 - root - INFO - Sample data point structure: ['devDn', 'collectTime', 'dataItems']
2026-05-14 01:06:39,708 - root - INFO - Successfully upserted 288 data points.
2026-05-14 01:06:42,812 - root - INFO - Using single devDn for device/history (API: one device per query)
2026-05-14 01:06:42,814 - root - INFO - Fetching historical data for 1 devices of type meteo_station
2026-05-14 01:06:42,814 - root - INFO - Making API request to: https://sg5.fusionsolar.huawei.com/rest/openapi/pvms/nbi/v1/device/history
2026-05-14 01:06:42,814 - root - INFO - Request payload: {'devDn': 'NE=61851544', 'devTypeId': 10, 'startTime': 1778605200000, 'endTime': 1778691599000}
2026-05-14 01:06:43,442 - root - INFO - Response status code: 200
2026-05-14 01:06:43,444 - root - INFO - API response from https://sg5.fusionsolar.huawei.com/rest/openapi/pvms/nbi/v1/device/history (truncated): {'failCode': 0, 'success': True, 'message': 'historical data information query successful.', 'data': [{'devDn': 'NE=61851544', 'collectTime': 1778605200000, 'dataItems': {'radiant_line': None, 'horiz_radiant_total': None, 'horiz_radiant_line': None, 'temperature': 27.9, 'wind_speed': 9.7, 'wind_direction': 11.0, 'radiant_total': None, 'pv_temperature': None}}, {'devDn': 'NE=61851544', 'collectTime': 1778605500000, 'dataItems': {'radiant_line': None, 'horiz_radiant_total': None, 'horiz_radiant_li...
2026-05-14 01:06:43,446 - root - INFO - API Response type: <class 'dict'>
2026-05-14 01:06:43,446 - root - INFO - API Response keys: ['failCode', 'success', 'message', 'data']
2026-05-14 01:06:43,447 - root - INFO - API Response data is a list with 288 items
2026-05-14 01:06:43,447 - root - INFO - API Response has failCode: 0, message: historical data information query successful.
2026-05-14 01:06:43,447 - root - INFO - Using alternate response format: data as list
2026-05-14 01:06:43,447 - root - INFO - Received 288 data points from API
2026-05-14 01:06:43,447 - root - INFO - Sample data point structure: ['devDn', 'collectTime', 'dataItems']
2026-05-14 01:06:43,532 - root - INFO - Successfully upserted 288 data points.
2026-05-14 01:06:46,662 - root - INFO - Using single devDn for device/history (API: one device per query)
2026-05-14 01:06:46,663 - root - INFO - Fetching historical data for 1 devices of type meteo_station
2026-05-14 01:06:46,663 - root - INFO - Making API request to: https://sg5.fusionsolar.huawei.com/rest/openapi/pvms/nbi/v1/device/history
2026-05-14 01:06:46,663 - root - INFO - Request payload: {'devDn': 'NE=61851545', 'devTypeId': 10, 'startTime': 1778605200000, 'endTime': 1778691599000}
2026-05-14 01:06:47,255 - root - INFO - Response status code: 200
2026-05-14 01:06:47,257 - root - INFO - API response from https://sg5.fusionsolar.huawei.com/rest/openapi/pvms/nbi/v1/device/history (truncated): {'failCode': 0, 'success': True, 'message': 'historical data information query successful.', 'data': [{'devDn': 'NE=61851545', 'collectTime': 1778605200000, 'dataItems': {'radiant_line': 0.0, 'horiz_radiant_total': None, 'horiz_radiant_line': None, 'temperature': 27.2, 'wind_speed': None, 'wind_direction': None, 'radiant_total': 0.0, 'pv_temperature': 26.7}}, {'devDn': 'NE=61851545', 'collectTime': 1778605500000, 'dataItems': {'radiant_line': 0.0, 'horiz_radiant_total': None, 'horiz_radiant_line...
2026-05-14 01:06:47,259 - root - INFO - API Response type: <class 'dict'>
2026-05-14 01:06:47,259 - root - INFO - API Response keys: ['failCode', 'success', 'message', 'data']
2026-05-14 01:06:47,259 - root - INFO - API Response data is a list with 288 items
2026-05-14 01:06:47,259 - root - INFO - API Response has failCode: 0, message: historical data information query successful.
2026-05-14 01:06:47,260 - root - INFO - Using alternate response format: data as list
2026-05-14 01:06:47,260 - root - INFO - Received 288 data points from API
2026-05-14 01:06:47,260 - root - INFO - Sample data point structure: ['devDn', 'collectTime', 'dataItems']
2026-05-14 01:06:47,337 - root - INFO - Successfully upserted 288 data points.
2026-05-14 01:06:50,587 - root - INFO - Using single devDn for device/history (API: one device per query)
2026-05-14 01:06:50,588 - root - INFO - Fetching historical data for 1 devices of type meteo_station
2026-05-14 01:06:50,588 - root - INFO - Making API request to: https://sg5.fusionsolar.huawei.com/rest/openapi/pvms/nbi/v1/device/history
2026-05-14 01:06:50,588 - root - INFO - Request payload: {'devDn': 'NE=52031808', 'devTypeId': 10, 'startTime': 1778605200000, 'endTime': 1778691599000}
2026-05-14 01:06:50,989 - root - INFO - Response status code: 200
2026-05-14 01:06:50,990 - root - INFO - API response from https://sg5.fusionsolar.huawei.com/rest/openapi/pvms/nbi/v1/device/history (truncated): {'failCode': 0, 'success': True, 'message': 'historical data information query successful.', 'data': []}
2026-05-14 01:06:50,992 - root - INFO - API Response type: <class 'dict'>
2026-05-14 01:06:50,992 - root - INFO - API Response keys: ['failCode', 'success', 'message', 'data']
2026-05-14 01:06:50,992 - root - INFO - API Response data is a list with 0 items
2026-05-14 01:06:50,992 - root - INFO - API Response has failCode: 0, message: historical data information query successful.
2026-05-14 01:06:50,992 - root - INFO - Using alternate response format: data as list
2026-05-14 01:06:50,992 - root - INFO - No data points returned for the query period
2026-05-14 01:06:50,993 - root - INFO - Using single devDn for device/history (API: one device per query)
2026-05-14 01:06:50,993 - root - INFO - Fetching historical data for 1 devices of type meteo_station
2026-05-14 01:06:50,993 - root - INFO - Making API request to: https://sg5.fusionsolar.huawei.com/rest/openapi/pvms/nbi/v1/device/history
2026-05-14 01:06:50,993 - root - INFO - Request payload: {'devDn': 'NE=52031805', 'devTypeId': 10, 'startTime': 1778605200000, 'endTime': 1778691599000}
2026-05-14 01:06:51,326 - root - INFO - Response status code: 200
2026-05-14 01:06:51,327 - root - INFO - API response from https://sg5.fusionsolar.huawei.com/rest/openapi/pvms/nbi/v1/device/history (truncated): {'failCode': 407, 'success': False, 'message': 'Interface access frequency:0.39333333333333337/1second', 'data': []}
2026-05-14 01:06:51,327 - root - WARNING - API access frequency too high. Waiting 30 seconds before retry...
2026-05-14 01:07:21,328 - root - INFO - Retrying API request after rate limit wait...
2026-05-14 01:07:21,328 - root - INFO - Making API request to: https://sg5.fusionsolar.huawei.com/rest/openapi/pvms/nbi/v1/device/history
2026-05-14 01:07:21,329 - root - INFO - Request payload: {'devDn': 'NE=52031805', 'devTypeId': 10, 'startTime': 1778605200000, 'endTime': 1778691599000}
2026-05-14 01:07:21,877 - root - INFO - Response status code: 200
2026-05-14 01:07:21,880 - root - INFO - API response from https://sg5.fusionsolar.huawei.com/rest/openapi/pvms/nbi/v1/device/history (truncated): {'failCode': 0, 'success': True, 'message': 'historical data information query successful.', 'data': [{'devDn': 'NE=52031805', 'collectTime': 1778605200000, 'dataItems': {'radiant_line': 59.0, 'horiz_radiant_total': None, 'horiz_radiant_line': None, 'temperature': 28.3, 'wind_speed': 1.0, 'wind_direction': 112.0, 'radiant_total': 0.0, 'pv_temperature': None}}, {'devDn': 'NE=52031805', 'collectTime': 1778605500000, 'dataItems': {'radiant_line': 59.0, 'horiz_radiant_total': None, 'horiz_radiant_li...
2026-05-14 01:07:21,883 - root - INFO - API Response type: <class 'dict'>
2026-05-14 01:07:21,883 - root - INFO - API Response keys: ['failCode', 'success', 'message', 'data']
2026-05-14 01:07:21,883 - root - INFO - API Response data is a list with 288 items
2026-05-14 01:07:21,883 - root - INFO - API Response has failCode: 0, message: historical data information query successful.
2026-05-14 01:07:21,883 - root - INFO - Using alternate response format: data as list
2026-05-14 01:07:21,883 - root - INFO - Received 288 data points from API
2026-05-14 01:07:21,883 - root - INFO - Sample data point structure: ['devDn', 'collectTime', 'dataItems']
2026-05-14 01:07:21,962 - root - INFO - Successfully upserted 288 data points.
2026-05-14 01:07:26,384 - root - INFO - Using single devDn for device/history (API: one device per query)
2026-05-14 01:07:26,385 - root - INFO - Fetching historical data for 1 devices of type meteo_station
2026-05-14 01:07:26,385 - root - INFO - Making API request to: https://sg5.fusionsolar.huawei.com/rest/openapi/pvms/nbi/v1/device/history
2026-05-14 01:07:26,385 - root - INFO - Request payload: {'devDn': 'NE=52031807', 'devTypeId': 10, 'startTime': 1778605200000, 'endTime': 1778691599000}
2026-05-14 01:07:26,786 - root - INFO - Response status code: 200
2026-05-14 01:07:26,787 - root - INFO - API response from https://sg5.fusionsolar.huawei.com/rest/openapi/pvms/nbi/v1/device/history (truncated): {'failCode': 0, 'success': True, 'message': 'historical data information query successful.', 'data': []}
2026-05-14 01:07:26,789 - root - INFO - API Response type: <class 'dict'>
2026-05-14 01:07:26,789 - root - INFO - API Response keys: ['failCode', 'success', 'message', 'data']
2026-05-14 01:07:26,789 - root - INFO - API Response data is a list with 0 items
2026-05-14 01:07:26,789 - root - INFO - API Response has failCode: 0, message: historical data information query successful.
2026-05-14 01:07:26,789 - root - INFO - Using alternate response format: data as list
2026-05-14 01:07:26,789 - root - INFO - No data points returned for the query period
2026-05-14 01:07:26,789 - root - INFO - Using single devDn for device/history (API: one device per query)
2026-05-14 01:07:26,790 - root - INFO - Fetching historical data for 1 devices of type meteo_station
2026-05-14 01:07:26,790 - root - INFO - Making API request to: https://sg5.fusionsolar.huawei.com/rest/openapi/pvms/nbi/v1/device/history
2026-05-14 01:07:26,790 - root - INFO - Request payload: {'devDn': 'NE=52031804', 'devTypeId': 10, 'startTime': 1778605200000, 'endTime': 1778691599000}
2026-05-14 01:07:27,096 - root - INFO - Response status code: 200
2026-05-14 01:07:27,096 - root - INFO - API response from https://sg5.fusionsolar.huawei.com/rest/openapi/pvms/nbi/v1/device/history (truncated): {'failCode': 407, 'success': False, 'message': 'Interface access frequency:0.39333333333333337/1second', 'data': []}
2026-05-14 01:07:27,097 - root - WARNING - API access frequency too high. Waiting 30 seconds before retry...
2026-05-14 01:07:57,097 - root - INFO - Retrying API request after rate limit wait...
2026-05-14 01:07:57,098 - root - INFO - Making API request to: https://sg5.fusionsolar.huawei.com/rest/openapi/pvms/nbi/v1/device/history
2026-05-14 01:07:57,098 - root - INFO - Request payload: {'devDn': 'NE=52031804', 'devTypeId': 10, 'startTime': 1778605200000, 'endTime': 1778691599000}
2026-05-14 01:07:57,496 - root - INFO - Response status code: 200
2026-05-14 01:07:57,497 - root - INFO - API response from https://sg5.fusionsolar.huawei.com/rest/openapi/pvms/nbi/v1/device/history (truncated): {'failCode': 0, 'success': True, 'message': 'historical data information query successful.', 'data': []}
2026-05-14 01:07:57,500 - root - INFO - API Response type: <class 'dict'>
2026-05-14 01:07:57,500 - root - INFO - API Response keys: ['failCode', 'success', 'message', 'data']
2026-05-14 01:07:57,500 - root - INFO - API Response data is a list with 0 items
2026-05-14 01:07:57,500 - root - INFO - API Response has failCode: 0, message: historical data information query successful.
2026-05-14 01:07:57,500 - root - INFO - Using alternate response format: data as list
2026-05-14 01:07:57,500 - root - INFO - No data points returned for the query period
2026-05-14 01:07:57,501 - root - INFO - Using single devDn for device/history (API: one device per query)
2026-05-14 01:07:57,501 - root - INFO - Fetching historical data for 1 devices of type meteo_station
2026-05-14 01:07:57,501 - root - INFO - Making API request to: https://sg5.fusionsolar.huawei.com/rest/openapi/pvms/nbi/v1/device/history
2026-05-14 01:07:57,501 - root - INFO - Request payload: {'devDn': 'NE=52031809', 'devTypeId': 10, 'startTime': 1778605200000, 'endTime': 1778691599000}
2026-05-14 01:07:57,806 - root - INFO - Response status code: 200
2026-05-14 01:07:57,806 - root - INFO - API response from https://sg5.fusionsolar.huawei.com/rest/openapi/pvms/nbi/v1/device/history (truncated): {'failCode': 407, 'success': False, 'message': 'Interface access frequency:0.39333333333333337/1second', 'data': []}
2026-05-14 01:07:57,806 - root - WARNING - API access frequency too high. Waiting 30 seconds before retry...
2026-05-14 01:08:27,807 - root - INFO - Retrying API request after rate limit wait...
2026-05-14 01:08:27,807 - root - INFO - Making API request to: https://sg5.fusionsolar.huawei.com/rest/openapi/pvms/nbi/v1/device/history
2026-05-14 01:08:27,808 - root - INFO - Request payload: {'devDn': 'NE=52031809', 'devTypeId': 10, 'startTime': 1778605200000, 'endTime': 1778691599000}
2026-05-14 01:08:28,508 - root - INFO - Response status code: 200
2026-05-14 01:08:28,511 - root - INFO - API response from https://sg5.fusionsolar.huawei.com/rest/openapi/pvms/nbi/v1/device/history (truncated): {'failCode': 0, 'success': True, 'message': 'historical data information query successful.', 'data': [{'devDn': 'NE=52031809', 'collectTime': 1778605200000, 'dataItems': {'radiant_line': None, 'horiz_radiant_total': None, 'horiz_radiant_line': None, 'temperature': 28.2, 'wind_speed': None, 'wind_direction': None, 'radiant_total': None, 'pv_temperature': None}}, {'devDn': 'NE=52031809', 'collectTime': 1778605500000, 'dataItems': {'radiant_line': None, 'horiz_radiant_total': None, 'horiz_radiant_l...
2026-05-14 01:08:28,513 - root - INFO - API Response type: <class 'dict'>
2026-05-14 01:08:28,514 - root - INFO - API Response keys: ['failCode', 'success', 'message', 'data']
2026-05-14 01:08:28,514 - root - INFO - API Response data is a list with 288 items
2026-05-14 01:08:28,514 - root - INFO - API Response has failCode: 0, message: historical data information query successful.
2026-05-14 01:08:28,514 - root - INFO - Using alternate response format: data as list
2026-05-14 01:08:28,514 - root - INFO - Received 288 data points from API
2026-05-14 01:08:28,514 - root - INFO - Sample data point structure: ['devDn', 'collectTime', 'dataItems']
2026-05-14 01:08:28,594 - root - INFO - Successfully upserted 288 data points.
2026-05-14 01:08:32,558 - root - INFO - Using single devDn for device/history (API: one device per query)
2026-05-14 01:08:32,560 - root - INFO - Fetching historical data for 1 devices of type meteo_station
2026-05-14 01:08:32,560 - root - INFO - Making API request to: https://sg5.fusionsolar.huawei.com/rest/openapi/pvms/nbi/v1/device/history
2026-05-14 01:08:32,560 - root - INFO - Request payload: {'devDn': 'NE=52031806', 'devTypeId': 10, 'startTime': 1778605200000, 'endTime': 1778691599000}
2026-05-14 01:08:32,944 - root - INFO - Response status code: 200
2026-05-14 01:08:32,944 - root - INFO - API response from https://sg5.fusionsolar.huawei.com/rest/openapi/pvms/nbi/v1/device/history (truncated): {'failCode': 0, 'success': True, 'message': 'historical data information query successful.', 'data': []}
2026-05-14 01:08:32,947 - root - INFO - API Response type: <class 'dict'>
2026-05-14 01:08:32,947 - root - INFO - API Response keys: ['failCode', 'success', 'message', 'data']
2026-05-14 01:08:32,947 - root - INFO - API Response data is a list with 0 items
2026-05-14 01:08:32,947 - root - INFO - API Response has failCode: 0, message: historical data information query successful.
2026-05-14 01:08:32,947 - root - INFO - Using alternate response format: data as list
2026-05-14 01:08:32,947 - root - INFO - No data points returned for the query period
2026-05-14 01:08:32,947 - root - INFO - Using single devDn for device/history (API: one device per query)
2026-05-14 01:08:32,948 - root - INFO - Fetching historical data for 1 devices of type meteo_station
2026-05-14 01:08:32,948 - root - INFO - Making API request to: https://sg5.fusionsolar.huawei.com/rest/openapi/pvms/nbi/v1/device/history
2026-05-14 01:08:32,948 - root - INFO - Request payload: {'devDn': 'NE=51758771', 'devTypeId': 10, 'startTime': 1778605200000, 'endTime': 1778691599000}
2026-05-14 01:08:33,353 - root - INFO - Response status code: 200
2026-05-14 01:08:33,353 - root - INFO - API response from https://sg5.fusionsolar.huawei.com/rest/openapi/pvms/nbi/v1/device/history (truncated): {'failCode': 0, 'success': True, 'message': 'historical data information query successful.', 'data': []}
2026-05-14 01:08:33,356 - root - INFO - API Response type: <class 'dict'>
2026-05-14 01:08:33,356 - root - INFO - API Response keys: ['failCode', 'success', 'message', 'data']
2026-05-14 01:08:33,356 - root - INFO - API Response data is a list with 0 items
2026-05-14 01:08:33,356 - root - INFO - API Response has failCode: 0, message: historical data information query successful.
2026-05-14 01:08:33,356 - root - INFO - Using alternate response format: data as list
2026-05-14 01:08:33,356 - root - INFO - No data points returned for the query period
2026-05-14 01:08:33,356 - root - INFO - Using single devDn for device/history (API: one device per query)
2026-05-14 01:08:33,357 - root - INFO - Fetching historical data for 1 devices of type meteo_station
2026-05-14 01:08:33,357 - root - INFO - Making API request to: https://sg5.fusionsolar.huawei.com/rest/openapi/pvms/nbi/v1/device/history
2026-05-14 01:08:33,357 - root - INFO - Request payload: {'devDn': 'NE=51758772', 'devTypeId': 10, 'startTime': 1778605200000, 'endTime': 1778691599000}
2026-05-14 01:08:33,665 - root - INFO - Response status code: 200
2026-05-14 01:08:33,665 - root - INFO - API response from https://sg5.fusionsolar.huawei.com/rest/openapi/pvms/nbi/v1/device/history (truncated): {'failCode': 407, 'success': False, 'message': 'Interface access frequency:0.39333333333333337/1second', 'data': []}
2026-05-14 01:08:33,666 - root - WARNING - API access frequency too high. Waiting 30 seconds before retry...
2026-05-14 01:09:03,666 - root - INFO - Retrying API request after rate limit wait...
2026-05-14 01:09:03,666 - root - INFO - Making API request to: https://sg5.fusionsolar.huawei.com/rest/openapi/pvms/nbi/v1/device/history
2026-05-14 01:09:03,667 - root - INFO - Request payload: {'devDn': 'NE=51758772', 'devTypeId': 10, 'startTime': 1778605200000, 'endTime': 1778691599000}
2026-05-14 01:09:04,072 - root - INFO - Response status code: 200
2026-05-14 01:09:04,072 - root - INFO - API response from https://sg5.fusionsolar.huawei.com/rest/openapi/pvms/nbi/v1/device/history (truncated): {'failCode': 0, 'success': True, 'message': 'historical data information query successful.', 'data': []}
2026-05-14 01:09:04,075 - root - INFO - API Response type: <class 'dict'>
2026-05-14 01:09:04,075 - root - INFO - API Response keys: ['failCode', 'success', 'message', 'data']
2026-05-14 01:09:04,075 - root - INFO - API Response data is a list with 0 items
2026-05-14 01:09:04,076 - root - INFO - API Response has failCode: 0, message: historical data information query successful.
2026-05-14 01:09:04,076 - root - INFO - Using alternate response format: data as list
2026-05-14 01:09:04,076 - root - INFO - No data points returned for the query period
2026-05-14 01:09:04,076 - root - INFO - Using single devDn for device/history (API: one device per query)
2026-05-14 01:09:04,076 - root - INFO - Fetching historical data for 1 devices of type meteo_station
2026-05-14 01:09:04,076 - root - INFO - Making API request to: https://sg5.fusionsolar.huawei.com/rest/openapi/pvms/nbi/v1/device/history
2026-05-14 01:09:04,077 - root - INFO - Request payload: {'devDn': 'NE=51758770', 'devTypeId': 10, 'startTime': 1778605200000, 'endTime': 1778691599000}
2026-05-14 01:09:04,387 - root - INFO - Response status code: 200
2026-05-14 01:09:04,387 - root - INFO - API response from https://sg5.fusionsolar.huawei.com/rest/openapi/pvms/nbi/v1/device/history (truncated): {'failCode': 407, 'success': False, 'message': 'Interface access frequency:0.39333333333333337/1second', 'data': []}
2026-05-14 01:09:04,388 - root - WARNING - API access frequency too high. Waiting 30 seconds before retry...
2026-05-14 01:09:34,388 - root - INFO - Retrying API request after rate limit wait...
2026-05-14 01:09:34,389 - root - INFO - Making API request to: https://sg5.fusionsolar.huawei.com/rest/openapi/pvms/nbi/v1/device/history
2026-05-14 01:09:34,390 - root - INFO - Request payload: {'devDn': 'NE=51758770', 'devTypeId': 10, 'startTime': 1778605200000, 'endTime': 1778691599000}
2026-05-14 01:09:35,041 - root - INFO - Response status code: 200
2026-05-14 01:09:35,044 - root - INFO - API response from https://sg5.fusionsolar.huawei.com/rest/openapi/pvms/nbi/v1/device/history (truncated): {'failCode': 0, 'success': True, 'message': 'historical data information query successful.', 'data': [{'devDn': 'NE=51758770', 'collectTime': 1778605200000, 'dataItems': {'radiant_line': 0.0, 'horiz_radiant_total': None, 'horiz_radiant_line': None, 'temperature': 28.1, 'wind_speed': None, 'wind_direction': None, 'radiant_total': 0.0, 'pv_temperature': None}}, {'devDn': 'NE=51758770', 'collectTime': 1778605500000, 'dataItems': {'radiant_line': 0.0, 'horiz_radiant_total': None, 'horiz_radiant_line...
2026-05-14 01:09:35,047 - root - INFO - API Response type: <class 'dict'>
2026-05-14 01:09:35,047 - root - INFO - API Response keys: ['failCode', 'success', 'message', 'data']
2026-05-14 01:09:35,047 - root - INFO - API Response data is a list with 288 items
2026-05-14 01:09:35,047 - root - INFO - API Response has failCode: 0, message: historical data information query successful.
2026-05-14 01:09:35,047 - root - INFO - Using alternate response format: data as list
2026-05-14 01:09:35,047 - root - INFO - Received 288 data points from API
2026-05-14 01:09:35,047 - root - INFO - Sample data point structure: ['devDn', 'collectTime', 'dataItems']
2026-05-14 01:09:35,129 - root - INFO - Successfully upserted 288 data points.
2026-05-14 01:09:38,844 - root - INFO - Using single devDn for device/history (API: one device per query)
2026-05-14 01:09:38,846 - root - INFO - Fetching historical data for 1 devices of type meteo_station
2026-05-14 01:09:38,846 - root - INFO - Making API request to: https://sg5.fusionsolar.huawei.com/rest/openapi/pvms/nbi/v1/device/history
2026-05-14 01:09:38,846 - root - INFO - Request payload: {'devDn': 'NE=58795760', 'devTypeId': 10, 'startTime': 1778605200000, 'endTime': 1778691599000}
2026-05-14 01:09:39,227 - root - INFO - Response status code: 200
2026-05-14 01:09:39,227 - root - INFO - API response from https://sg5.fusionsolar.huawei.com/rest/openapi/pvms/nbi/v1/device/history (truncated): {'failCode': 0, 'success': True, 'message': 'historical data information query successful.', 'data': []}
2026-05-14 01:09:39,230 - root - INFO - API Response type: <class 'dict'>
2026-05-14 01:09:39,230 - root - INFO - API Response keys: ['failCode', 'success', 'message', 'data']
2026-05-14 01:09:39,230 - root - INFO - API Response data is a list with 0 items
2026-05-14 01:09:39,230 - root - INFO - API Response has failCode: 0, message: historical data information query successful.
2026-05-14 01:09:39,230 - root - INFO - Using alternate response format: data as list
2026-05-14 01:09:39,230 - root - INFO - No data points returned for the query period
2026-05-14 01:09:39,230 - root - INFO - Using single devDn for device/history (API: one device per query)
2026-05-14 01:09:39,231 - root - INFO - Fetching historical data for 1 devices of type meteo_station
2026-05-14 01:09:39,231 - root - INFO - Making API request to: https://sg5.fusionsolar.huawei.com/rest/openapi/pvms/nbi/v1/device/history
2026-05-14 01:09:39,231 - root - INFO - Request payload: {'devDn': 'NE=58795790', 'devTypeId': 10, 'startTime': 1778605200000, 'endTime': 1778691599000}
2026-05-14 01:09:39,556 - root - INFO - Response status code: 200
2026-05-14 01:09:39,556 - root - INFO - API response from https://sg5.fusionsolar.huawei.com/rest/openapi/pvms/nbi/v1/device/history (truncated): {'failCode': 407, 'success': False, 'message': 'Interface access frequency:0.39333333333333337/1second', 'data': []}
2026-05-14 01:09:39,557 - root - WARNING - API access frequency too high. Waiting 30 seconds before retry...
2026-05-14 01:10:09,557 - root - INFO - Retrying API request after rate limit wait...
2026-05-14 01:10:09,557 - root - INFO - Making API request to: https://sg5.fusionsolar.huawei.com/rest/openapi/pvms/nbi/v1/device/history
2026-05-14 01:10:09,558 - root - INFO - Request payload: {'devDn': 'NE=58795790', 'devTypeId': 10, 'startTime': 1778605200000, 'endTime': 1778691599000}
2026-05-14 01:10:10,513 - root - INFO - Response status code: 200
2026-05-14 01:10:10,513 - root - INFO - API response from https://sg5.fusionsolar.huawei.com/rest/openapi/pvms/nbi/v1/device/history (truncated): {'failCode': 0, 'success': True, 'message': 'historical data information query successful.', 'data': []}
2026-05-14 01:10:10,517 - root - INFO - API Response type: <class 'dict'>
2026-05-14 01:10:10,517 - root - INFO - API Response keys: ['failCode', 'success', 'message', 'data']
2026-05-14 01:10:10,517 - root - INFO - API Response data is a list with 0 items
2026-05-14 01:10:10,517 - root - INFO - API Response has failCode: 0, message: historical data information query successful.
2026-05-14 01:10:10,517 - root - INFO - Using alternate response format: data as list
2026-05-14 01:10:10,517 - root - INFO - No data points returned for the query period
2026-05-14 01:10:10,517 - root - INFO - Using single devDn for device/history (API: one device per query)
2026-05-14 01:10:10,518 - root - INFO - Fetching historical data for 1 devices of type meteo_station
2026-05-14 01:10:10,518 - root - INFO - Making API request to: https://sg5.fusionsolar.huawei.com/rest/openapi/pvms/nbi/v1/device/history
2026-05-14 01:10:10,518 - root - INFO - Request payload: {'devDn': 'NE=63022292', 'devTypeId': 10, 'startTime': 1778605200000, 'endTime': 1778691599000}
2026-05-14 01:10:10,834 - root - INFO - Response status code: 200
2026-05-14 01:10:10,835 - root - INFO - API response from https://sg5.fusionsolar.huawei.com/rest/openapi/pvms/nbi/v1/device/history (truncated): {'failCode': 407, 'success': False, 'message': 'Interface access frequency:0.39333333333333337/1second', 'data': []}
2026-05-14 01:10:10,835 - root - WARNING - API access frequency too high. Waiting 30 seconds before retry...
2026-05-14 01:10:40,835 - root - INFO - Retrying API request after rate limit wait...
2026-05-14 01:10:40,836 - root - INFO - Making API request to: https://sg5.fusionsolar.huawei.com/rest/openapi/pvms/nbi/v1/device/history
2026-05-14 01:10:40,836 - root - INFO - Request payload: {'devDn': 'NE=63022292', 'devTypeId': 10, 'startTime': 1778605200000, 'endTime': 1778691599000}
2026-05-14 01:10:41,428 - root - INFO - Response status code: 200
2026-05-14 01:10:41,431 - root - INFO - API response from https://sg5.fusionsolar.huawei.com/rest/openapi/pvms/nbi/v1/device/history (truncated): {'failCode': 0, 'success': True, 'message': 'historical data information query successful.', 'data': [{'devDn': 'NE=63022292', 'collectTime': 1778605200000, 'dataItems': {'radiant_line': 0.0, 'horiz_radiant_total': None, 'horiz_radiant_line': None, 'temperature': 1.1, 'wind_speed': 0.0, 'wind_direction': None, 'radiant_total': 0.0, 'pv_temperature': 0.1}}, {'devDn': 'NE=63022292', 'collectTime': 1778605500000, 'dataItems': {'radiant_line': 0.0, 'horiz_radiant_total': None, 'horiz_radiant_line': ...
2026-05-14 01:10:41,434 - root - INFO - API Response type: <class 'dict'>
2026-05-14 01:10:41,434 - root - INFO - API Response keys: ['failCode', 'success', 'message', 'data']
2026-05-14 01:10:41,434 - root - INFO - API Response data is a list with 288 items
2026-05-14 01:10:41,434 - root - INFO - API Response has failCode: 0, message: historical data information query successful.
2026-05-14 01:10:41,434 - root - INFO - Using alternate response format: data as list
2026-05-14 01:10:41,434 - root - INFO - Received 288 data points from API
2026-05-14 01:10:41,434 - root - INFO - Sample data point structure: ['devDn', 'collectTime', 'dataItems']
2026-05-14 01:10:41,516 - root - INFO - Successfully upserted 288 data points.
2026-05-14 01:10:45,399 - root - INFO - Using single devDn for device/history (API: one device per query)
2026-05-14 01:10:45,400 - root - INFO - Fetching historical data for 1 devices of type meteo_station
2026-05-14 01:10:45,400 - root - INFO - Making API request to: https://sg5.fusionsolar.huawei.com/rest/openapi/pvms/nbi/v1/device/history
2026-05-14 01:10:45,400 - root - INFO - Request payload: {'devDn': 'NE=63022168', 'devTypeId': 10, 'startTime': 1778605200000, 'endTime': 1778691599000}
2026-05-14 01:10:45,942 - root - INFO - Response status code: 200
2026-05-14 01:10:45,944 - root - INFO - API response from https://sg5.fusionsolar.huawei.com/rest/openapi/pvms/nbi/v1/device/history (truncated): {'failCode': 0, 'success': True, 'message': 'historical data information query successful.', 'data': [{'devDn': 'NE=63022168', 'collectTime': 1778605200000, 'dataItems': {'radiant_line': 0.0, 'horiz_radiant_total': None, 'horiz_radiant_line': None, 'temperature': 0.6, 'wind_speed': 0.0, 'wind_direction': None, 'radiant_total': 0.0, 'pv_temperature': 0.1}}, {'devDn': 'NE=63022168', 'collectTime': 1778605500000, 'dataItems': {'radiant_line': 0.0, 'horiz_radiant_total': None, 'horiz_radiant_line': ...
2026-05-14 01:10:45,946 - root - INFO - API Response type: <class 'dict'>
2026-05-14 01:10:45,946 - root - INFO - API Response keys: ['failCode', 'success', 'message', 'data']
2026-05-14 01:10:45,946 - root - INFO - API Response data is a list with 288 items
2026-05-14 01:10:45,947 - root - INFO - API Response has failCode: 0, message: historical data information query successful.
2026-05-14 01:10:45,947 - root - INFO - Using alternate response format: data as list
2026-05-14 01:10:45,947 - root - INFO - Received 288 data points from API
2026-05-14 01:10:45,947 - root - INFO - Sample data point structure: ['devDn', 'collectTime', 'dataItems']
2026-05-14 01:10:46,031 - root - INFO - Successfully upserted 288 data points.
2026-05-14 01:10:49,446 - root - INFO - Using single devDn for device/history (API: one device per query)
2026-05-14 01:10:49,448 - root - INFO - Fetching historical data for 1 devices of type meteo_station
2026-05-14 01:10:49,448 - root - INFO - Making API request to: https://sg5.fusionsolar.huawei.com/rest/openapi/pvms/nbi/v1/device/history
2026-05-14 01:10:49,448 - root - INFO - Request payload: {'devDn': 'NE=63022396', 'devTypeId': 10, 'startTime': 1778605200000, 'endTime': 1778691599000}
2026-05-14 01:10:50,015 - root - INFO - Response status code: 200
2026-05-14 01:10:50,018 - root - INFO - API response from https://sg5.fusionsolar.huawei.com/rest/openapi/pvms/nbi/v1/device/history (truncated): {'failCode': 0, 'success': True, 'message': 'historical data information query successful.', 'data': [{'devDn': 'NE=63022396', 'collectTime': 1778605200000, 'dataItems': {'radiant_line': 0.0, 'horiz_radiant_total': None, 'horiz_radiant_line': None, 'temperature': 0.5, 'wind_speed': 0.0, 'wind_direction': None, 'radiant_total': 0.0, 'pv_temperature': 0.2}}, {'devDn': 'NE=63022396', 'collectTime': 1778605500000, 'dataItems': {'radiant_line': 0.0, 'horiz_radiant_total': None, 'horiz_radiant_line': ...
2026-05-14 01:10:50,020 - root - INFO - API Response type: <class 'dict'>
2026-05-14 01:10:50,020 - root - INFO - API Response keys: ['failCode', 'success', 'message', 'data']
2026-05-14 01:10:50,020 - root - INFO - API Response data is a list with 288 items
2026-05-14 01:10:50,020 - root - INFO - API Response has failCode: 0, message: historical data information query successful.
2026-05-14 01:10:50,021 - root - INFO - Using alternate response format: data as list
2026-05-14 01:10:50,021 - root - INFO - Received 288 data points from API
2026-05-14 01:10:50,021 - root - INFO - Sample data point structure: ['devDn', 'collectTime', 'dataItems']
2026-05-14 01:10:50,116 - root - INFO - Successfully upserted 288 data points.
2026-05-14 01:10:53,448 - root - INFO - Using single devDn for device/history (API: one device per query)
2026-05-14 01:10:53,450 - root - INFO - Fetching historical data for 1 devices of type meteo_station
2026-05-14 01:10:53,450 - root - INFO - Making API request to: https://sg5.fusionsolar.huawei.com/rest/openapi/pvms/nbi/v1/device/history
2026-05-14 01:10:53,450 - root - INFO - Request payload: {'devDn': 'NE=63022388', 'devTypeId': 10, 'startTime': 1778605200000, 'endTime': 1778691599000}
2026-05-14 01:10:54,012 - root - INFO - Response status code: 200
2026-05-14 01:10:54,015 - root - INFO - API response from https://sg5.fusionsolar.huawei.com/rest/openapi/pvms/nbi/v1/device/history (truncated): {'failCode': 0, 'success': True, 'message': 'historical data information query successful.', 'data': [{'devDn': 'NE=63022388', 'collectTime': 1778605200000, 'dataItems': {'radiant_line': 0.0, 'horiz_radiant_total': None, 'horiz_radiant_line': None, 'temperature': 0.5, 'wind_speed': 0.0, 'wind_direction': None, 'radiant_total': 0.0, 'pv_temperature': 0.2}}, {'devDn': 'NE=63022388', 'collectTime': 1778605500000, 'dataItems': {'radiant_line': 0.0, 'horiz_radiant_total': None, 'horiz_radiant_line': ...
2026-05-14 01:10:54,017 - root - INFO - API Response type: <class 'dict'>
2026-05-14 01:10:54,017 - root - INFO - API Response keys: ['failCode', 'success', 'message', 'data']
2026-05-14 01:10:54,017 - root - INFO - API Response data is a list with 288 items
2026-05-14 01:10:54,017 - root - INFO - API Response has failCode: 0, message: historical data information query successful.
2026-05-14 01:10:54,017 - root - INFO - Using alternate response format: data as list
2026-05-14 01:10:54,017 - root - INFO - Received 288 data points from API
2026-05-14 01:10:54,017 - root - INFO - Sample data point structure: ['devDn', 'collectTime', 'dataItems']
2026-05-14 01:10:54,101 - root - INFO - Successfully upserted 288 data points.
2026-05-14 01:10:57,599 - root - INFO - Using single devDn for device/history (API: one device per query)
2026-05-14 01:10:57,601 - root - INFO - Fetching historical data for 1 devices of type meteo_station
2026-05-14 01:10:57,601 - root - INFO - Making API request to: https://sg5.fusionsolar.huawei.com/rest/openapi/pvms/nbi/v1/device/history
2026-05-14 01:10:57,601 - root - INFO - Request payload: {'devDn': 'NE=63022386', 'devTypeId': 10, 'startTime': 1778605200000, 'endTime': 1778691599000}
2026-05-14 01:10:58,152 - root - INFO - Response status code: 200
2026-05-14 01:10:58,154 - root - INFO - API response from https://sg5.fusionsolar.huawei.com/rest/openapi/pvms/nbi/v1/device/history (truncated): {'failCode': 0, 'success': True, 'message': 'historical data information query successful.', 'data': [{'devDn': 'NE=63022386', 'collectTime': 1778605200000, 'dataItems': {'radiant_line': 0.1, 'horiz_radiant_total': None, 'horiz_radiant_line': None, 'temperature': 0.5, 'wind_speed': 0.0, 'wind_direction': None, 'radiant_total': 0.0, 'pv_temperature': -0.1}}, {'devDn': 'NE=63022386', 'collectTime': 1778605500000, 'dataItems': {'radiant_line': 0.0, 'horiz_radiant_total': None, 'horiz_radiant_line':...
2026-05-14 01:10:58,156 - root - INFO - API Response type: <class 'dict'>
2026-05-14 01:10:58,156 - root - INFO - API Response keys: ['failCode', 'success', 'message', 'data']
2026-05-14 01:10:58,157 - root - INFO - API Response data is a list with 288 items
2026-05-14 01:10:58,157 - root - INFO - API Response has failCode: 0, message: historical data information query successful.
2026-05-14 01:10:58,157 - root - INFO - Using alternate response format: data as list
2026-05-14 01:10:58,157 - root - INFO - Received 288 data points from API
2026-05-14 01:10:58,157 - root - INFO - Sample data point structure: ['devDn', 'collectTime', 'dataItems']
2026-05-14 01:10:58,237 - root - INFO - Successfully upserted 288 data points.
2026-05-14 01:11:01,517 - root - INFO - Using single devDn for device/history (API: one device per query)
2026-05-14 01:11:01,518 - root - INFO - Fetching historical data for 1 devices of type meteo_station
2026-05-14 01:11:01,518 - root - INFO - Making API request to: https://sg5.fusionsolar.huawei.com/rest/openapi/pvms/nbi/v1/device/history
2026-05-14 01:11:01,518 - root - INFO - Request payload: {'devDn': 'NE=50518052', 'devTypeId': 10, 'startTime': 1778605200000, 'endTime': 1778691599000}
2026-05-14 01:11:02,083 - root - INFO - Response status code: 200
2026-05-14 01:11:02,086 - root - INFO - API response from https://sg5.fusionsolar.huawei.com/rest/openapi/pvms/nbi/v1/device/history (truncated): {'failCode': 0, 'success': True, 'message': 'historical data information query successful.', 'data': [{'devDn': 'NE=50518052', 'collectTime': 1778605200000, 'dataItems': {'radiant_line': 0.0, 'horiz_radiant_total': None, 'horiz_radiant_line': None, 'temperature': 0.6, 'wind_speed': 0.0, 'wind_direction': None, 'radiant_total': 0.0, 'pv_temperature': 0.1}}, {'devDn': 'NE=50518052', 'collectTime': 1778605500000, 'dataItems': {'radiant_line': 0.0, 'horiz_radiant_total': None, 'horiz_radiant_line': ...
2026-05-14 01:11:02,088 - root - INFO - API Response type: <class 'dict'>
2026-05-14 01:11:02,088 - root - INFO - API Response keys: ['failCode', 'success', 'message', 'data']
2026-05-14 01:11:02,088 - root - INFO - API Response data is a list with 288 items
2026-05-14 01:11:02,088 - root - INFO - API Response has failCode: 0, message: historical data information query successful.
2026-05-14 01:11:02,088 - root - INFO - Using alternate response format: data as list
2026-05-14 01:11:02,089 - root - INFO - Received 288 data points from API
2026-05-14 01:11:02,089 - root - INFO - Sample data point structure: ['devDn', 'collectTime', 'dataItems']
2026-05-14 01:11:02,179 - root - INFO - Successfully upserted 288 data points.
2026-05-14 01:11:05,938 - root - INFO - Using single devDn for device/history (API: one device per query)
2026-05-14 01:11:05,940 - root - INFO - Fetching historical data for 1 devices of type meteo_station
2026-05-14 01:11:05,940 - root - INFO - Making API request to: https://sg5.fusionsolar.huawei.com/rest/openapi/pvms/nbi/v1/device/history
2026-05-14 01:11:05,940 - root - INFO - Request payload: {'devDn': 'NE=50518051', 'devTypeId': 10, 'startTime': 1778605200000, 'endTime': 1778691599000}
2026-05-14 01:11:06,490 - root - INFO - Response status code: 200
2026-05-14 01:11:06,493 - root - INFO - API response from https://sg5.fusionsolar.huawei.com/rest/openapi/pvms/nbi/v1/device/history (truncated): {'failCode': 0, 'success': True, 'message': 'historical data information query successful.', 'data': [{'devDn': 'NE=50518051', 'collectTime': 1778605200000, 'dataItems': {'radiant_line': 0.0, 'horiz_radiant_total': None, 'horiz_radiant_line': None, 'temperature': 0.6, 'wind_speed': 0.0, 'wind_direction': None, 'radiant_total': 0.0, 'pv_temperature': 0.1}}, {'devDn': 'NE=50518051', 'collectTime': 1778605500000, 'dataItems': {'radiant_line': 0.0, 'horiz_radiant_total': None, 'horiz_radiant_line': ...
2026-05-14 01:11:06,494 - root - INFO - API Response type: <class 'dict'>
2026-05-14 01:11:06,495 - root - INFO - API Response keys: ['failCode', 'success', 'message', 'data']
2026-05-14 01:11:06,495 - root - INFO - API Response data is a list with 288 items
2026-05-14 01:11:06,495 - root - INFO - API Response has failCode: 0, message: historical data information query successful.
2026-05-14 01:11:06,495 - root - INFO - Using alternate response format: data as list
2026-05-14 01:11:06,495 - root - INFO - Received 288 data points from API
2026-05-14 01:11:06,495 - root - INFO - Sample data point structure: ['devDn', 'collectTime', 'dataItems']
2026-05-14 01:11:06,577 - root - INFO - Successfully upserted 288 data points.
2026-05-14 01:11:10,069 - root - INFO - Using single devDn for device/history (API: one device per query)
2026-05-14 01:11:10,070 - root - INFO - Fetching historical data for 1 devices of type meteo_station
2026-05-14 01:11:10,071 - root - INFO - Making API request to: https://sg5.fusionsolar.huawei.com/rest/openapi/pvms/nbi/v1/device/history
2026-05-14 01:11:10,071 - root - INFO - Request payload: {'devDn': 'NE=62806358', 'devTypeId': 10, 'startTime': 1778605200000, 'endTime': 1778691599000}
2026-05-14 01:11:10,641 - root - INFO - Response status code: 200
2026-05-14 01:11:10,643 - root - INFO - API response from https://sg5.fusionsolar.huawei.com/rest/openapi/pvms/nbi/v1/device/history (truncated): {'failCode': 0, 'success': True, 'message': 'historical data information query successful.', 'data': [{'devDn': 'NE=62806358', 'collectTime': 1778605200000, 'dataItems': {'radiant_line': 0.0, 'horiz_radiant_total': None, 'horiz_radiant_line': None, 'temperature': 27.2, 'wind_speed': None, 'wind_direction': None, 'radiant_total': 0.0, 'pv_temperature': 27.1}}, {'devDn': 'NE=62806358', 'collectTime': 1778605500000, 'dataItems': {'radiant_line': 0.0, 'horiz_radiant_total': None, 'horiz_radiant_line...
2026-05-14 01:11:10,645 - root - INFO - API Response type: <class 'dict'>
2026-05-14 01:11:10,645 - root - INFO - API Response keys: ['failCode', 'success', 'message', 'data']
2026-05-14 01:11:10,645 - root - INFO - API Response data is a list with 288 items
2026-05-14 01:11:10,645 - root - INFO - API Response has failCode: 0, message: historical data information query successful.
2026-05-14 01:11:10,646 - root - INFO - Using alternate response format: data as list
2026-05-14 01:11:10,646 - root - INFO - Received 288 data points from API
2026-05-14 01:11:10,646 - root - INFO - Sample data point structure: ['devDn', 'collectTime', 'dataItems']
2026-05-14 01:11:10,726 - root - INFO - Successfully upserted 288 data points.
2026-05-14 01:11:14,570 - root - INFO - Using single devDn for device/history (API: one device per query)
2026-05-14 01:11:14,571 - root - INFO - Fetching historical data for 1 devices of type meteo_station
2026-05-14 01:11:14,572 - root - INFO - Making API request to: https://sg5.fusionsolar.huawei.com/rest/openapi/pvms/nbi/v1/device/history
2026-05-14 01:11:14,572 - root - INFO - Request payload: {'devDn': 'NE=62806362', 'devTypeId': 10, 'startTime': 1778605200000, 'endTime': 1778691599000}
2026-05-14 01:11:15,173 - root - INFO - Response status code: 200
2026-05-14 01:11:15,176 - root - INFO - API response from https://sg5.fusionsolar.huawei.com/rest/openapi/pvms/nbi/v1/device/history (truncated): {'failCode': 0, 'success': True, 'message': 'historical data information query successful.', 'data': [{'devDn': 'NE=62806362', 'collectTime': 1778605200000, 'dataItems': {'radiant_line': 0.0, 'horiz_radiant_total': None, 'horiz_radiant_line': None, 'temperature': 27.5, 'wind_speed': None, 'wind_direction': None, 'radiant_total': 0.0, 'pv_temperature': None}}, {'devDn': 'NE=62806362', 'collectTime': 1778605500000, 'dataItems': {'radiant_line': 0.0, 'horiz_radiant_total': None, 'horiz_radiant_line...
2026-05-14 01:11:15,177 - root - INFO - API Response type: <class 'dict'>
2026-05-14 01:11:15,178 - root - INFO - API Response keys: ['failCode', 'success', 'message', 'data']
2026-05-14 01:11:15,178 - root - INFO - API Response data is a list with 288 items
2026-05-14 01:11:15,178 - root - INFO - API Response has failCode: 0, message: historical data information query successful.
2026-05-14 01:11:15,178 - root - INFO - Using alternate response format: data as list
2026-05-14 01:11:15,178 - root - INFO - Received 288 data points from API
2026-05-14 01:11:15,178 - root - INFO - Sample data point structure: ['devDn', 'collectTime', 'dataItems']
2026-05-14 01:11:15,258 - root - INFO - Successfully upserted 288 data points.
2026-05-14 01:11:18,962 - root - INFO - Using single devDn for device/history (API: one device per query)
2026-05-14 01:11:18,963 - root - INFO - Fetching historical data for 1 devices of type meteo_station
2026-05-14 01:11:18,963 - root - INFO - Making API request to: https://sg5.fusionsolar.huawei.com/rest/openapi/pvms/nbi/v1/device/history
2026-05-14 01:11:18,963 - root - INFO - Request payload: {'devDn': 'NE=62806359', 'devTypeId': 10, 'startTime': 1778605200000, 'endTime': 1778691599000}
2026-05-14 01:11:19,562 - root - INFO - Response status code: 200
2026-05-14 01:11:19,565 - root - INFO - API response from https://sg5.fusionsolar.huawei.com/rest/openapi/pvms/nbi/v1/device/history (truncated): {'failCode': 0, 'success': True, 'message': 'historical data information query successful.', 'data': [{'devDn': 'NE=62806359', 'collectTime': 1778605200000, 'dataItems': {'radiant_line': 0.0, 'horiz_radiant_total': None, 'horiz_radiant_line': None, 'temperature': None, 'wind_speed': None, 'wind_direction': None, 'radiant_total': 0.0, 'pv_temperature': 26.9}}, {'devDn': 'NE=62806359', 'collectTime': 1778605500000, 'dataItems': {'radiant_line': 0.0, 'horiz_radiant_total': None, 'horiz_radiant_line...
2026-05-14 01:11:19,566 - root - INFO - API Response type: <class 'dict'>
2026-05-14 01:11:19,567 - root - INFO - API Response keys: ['failCode', 'success', 'message', 'data']
2026-05-14 01:11:19,567 - root - INFO - API Response data is a list with 288 items
2026-05-14 01:11:19,567 - root - INFO - API Response has failCode: 0, message: historical data information query successful.
2026-05-14 01:11:19,567 - root - INFO - Using alternate response format: data as list
2026-05-14 01:11:19,567 - root - INFO - Received 288 data points from API
2026-05-14 01:11:19,567 - root - INFO - Sample data point structure: ['devDn', 'collectTime', 'dataItems']
2026-05-14 01:11:19,649 - root - INFO - Successfully upserted 288 data points.
2026-05-14 01:11:23,027 - root - INFO - Using single devDn for device/history (API: one device per query)
2026-05-14 01:11:23,028 - root - INFO - Fetching historical data for 1 devices of type meteo_station
2026-05-14 01:11:23,028 - root - INFO - Making API request to: https://sg5.fusionsolar.huawei.com/rest/openapi/pvms/nbi/v1/device/history
2026-05-14 01:11:23,029 - root - INFO - Request payload: {'devDn': 'NE=62806361', 'devTypeId': 10, 'startTime': 1778605200000, 'endTime': 1778691599000}
2026-05-14 01:11:23,778 - root - INFO - Response status code: 200
2026-05-14 01:11:23,780 - root - INFO - API response from https://sg5.fusionsolar.huawei.com/rest/openapi/pvms/nbi/v1/device/history (truncated): {'failCode': 0, 'success': True, 'message': 'historical data information query successful.', 'data': [{'devDn': 'NE=62806361', 'collectTime': 1778605200000, 'dataItems': {'radiant_line': 0.0, 'horiz_radiant_total': None, 'horiz_radiant_line': None, 'temperature': None, 'wind_speed': None, 'wind_direction': None, 'radiant_total': 0.0, 'pv_temperature': 27.1}}, {'devDn': 'NE=62806361', 'collectTime': 1778605500000, 'dataItems': {'radiant_line': 0.0, 'horiz_radiant_total': None, 'horiz_radiant_line...
2026-05-14 01:11:23,782 - root - INFO - API Response type: <class 'dict'>
2026-05-14 01:11:23,782 - root - INFO - API Response keys: ['failCode', 'success', 'message', 'data']
2026-05-14 01:11:23,783 - root - INFO - API Response data is a list with 288 items
2026-05-14 01:11:23,783 - root - INFO - API Response has failCode: 0, message: historical data information query successful.
2026-05-14 01:11:23,783 - root - INFO - Using alternate response format: data as list
2026-05-14 01:11:23,783 - root - INFO - Received 288 data points from API
2026-05-14 01:11:23,783 - root - INFO - Sample data point structure: ['devDn', 'collectTime', 'dataItems']
2026-05-14 01:11:23,863 - root - INFO - Successfully upserted 288 data points.
2026-05-14 01:11:27,190 - root - INFO - Using single devDn for device/history (API: one device per query)
2026-05-14 01:11:27,192 - root - INFO - Fetching historical data for 1 devices of type meteo_station
2026-05-14 01:11:27,192 - root - INFO - Making API request to: https://sg5.fusionsolar.huawei.com/rest/openapi/pvms/nbi/v1/device/history
2026-05-14 01:11:27,192 - root - INFO - Request payload: {'devDn': 'NE=64100324', 'devTypeId': 10, 'startTime': 1778605200000, 'endTime': 1778691599000}
2026-05-14 01:11:27,824 - root - INFO - Response status code: 200
2026-05-14 01:11:27,826 - root - INFO - API response from https://sg5.fusionsolar.huawei.com/rest/openapi/pvms/nbi/v1/device/history (truncated): {'failCode': 0, 'success': True, 'message': 'historical data information query successful.', 'data': [{'devDn': 'NE=64100324', 'collectTime': 1778605200000, 'dataItems': {'radiant_line': 0.0, 'horiz_radiant_total': None, 'horiz_radiant_line': None, 'temperature': None, 'wind_speed': None, 'wind_direction': None, 'radiant_total': 0.0, 'pv_temperature': 27.2}}, {'devDn': 'NE=64100324', 'collectTime': 1778605500000, 'dataItems': {'radiant_line': 0.0, 'horiz_radiant_total': None, 'horiz_radiant_line...
2026-05-14 01:11:27,828 - root - INFO - API Response type: <class 'dict'>
2026-05-14 01:11:27,828 - root - INFO - API Response keys: ['failCode', 'success', 'message', 'data']
2026-05-14 01:11:27,828 - root - INFO - API Response data is a list with 288 items
2026-05-14 01:11:27,828 - root - INFO - API Response has failCode: 0, message: historical data information query successful.
2026-05-14 01:11:27,828 - root - INFO - Using alternate response format: data as list
2026-05-14 01:11:27,828 - root - INFO - Received 288 data points from API
2026-05-14 01:11:27,829 - root - INFO - Sample data point structure: ['devDn', 'collectTime', 'dataItems']
2026-05-14 01:11:27,911 - root - INFO - Successfully upserted 288 data points.
2026-05-14 01:11:31,087 - root - INFO - Using single devDn for device/history (API: one device per query)
2026-05-14 01:11:31,088 - root - INFO - Fetching historical data for 1 devices of type meteo_station
2026-05-14 01:11:31,088 - root - INFO - Making API request to: https://sg5.fusionsolar.huawei.com/rest/openapi/pvms/nbi/v1/device/history
2026-05-14 01:11:31,088 - root - INFO - Request payload: {'devDn': 'NE=69854700', 'devTypeId': 10, 'startTime': 1778605200000, 'endTime': 1778691599000}
2026-05-14 01:11:31,766 - root - INFO - Response status code: 200
2026-05-14 01:11:31,768 - root - INFO - API response from https://sg5.fusionsolar.huawei.com/rest/openapi/pvms/nbi/v1/device/history (truncated): {'failCode': 0, 'success': True, 'message': 'historical data information query successful.', 'data': [{'devDn': 'NE=69854700', 'collectTime': 1778605200000, 'dataItems': {'radiant_line': None, 'horiz_radiant_total': None, 'horiz_radiant_line': None, 'temperature': 27.4, 'wind_speed': 10.1, 'wind_direction': 10.0, 'radiant_total': None, 'pv_temperature': None}}, {'devDn': 'NE=69854700', 'collectTime': 1778605500000, 'dataItems': {'radiant_line': None, 'horiz_radiant_total': None, 'horiz_radiant_l...
2026-05-14 01:11:31,770 - root - INFO - API Response type: <class 'dict'>
2026-05-14 01:11:31,770 - root - INFO - API Response keys: ['failCode', 'success', 'message', 'data']
2026-05-14 01:11:31,770 - root - INFO - API Response data is a list with 288 items
2026-05-14 01:11:31,770 - root - INFO - API Response has failCode: 0, message: historical data information query successful.
2026-05-14 01:11:31,771 - root - INFO - Using alternate response format: data as list
2026-05-14 01:11:31,771 - root - INFO - Received 288 data points from API
2026-05-14 01:11:31,771 - root - INFO - Sample data point structure: ['devDn', 'collectTime', 'dataItems']
2026-05-14 01:11:31,851 - root - INFO - Successfully upserted 288 data points.
2026-05-14 01:11:34,907 - root - INFO - Using single devDn for device/history (API: one device per query)
2026-05-14 01:11:34,909 - root - INFO - Fetching historical data for 1 devices of type meteo_station
2026-05-14 01:11:34,909 - root - INFO - Making API request to: https://sg5.fusionsolar.huawei.com/rest/openapi/pvms/nbi/v1/device/history
2026-05-14 01:11:34,909 - root - INFO - Request payload: {'devDn': 'NE=64100582', 'devTypeId': 10, 'startTime': 1778605200000, 'endTime': 1778691599000}
2026-05-14 01:11:35,542 - root - INFO - Response status code: 200
2026-05-14 01:11:35,545 - root - INFO - API response from https://sg5.fusionsolar.huawei.com/rest/openapi/pvms/nbi/v1/device/history (truncated): {'failCode': 0, 'success': True, 'message': 'historical data information query successful.', 'data': [{'devDn': 'NE=64100582', 'collectTime': 1778605200000, 'dataItems': {'radiant_line': 0.0, 'horiz_radiant_total': None, 'horiz_radiant_line': None, 'temperature': 27.1, 'wind_speed': None, 'wind_direction': None, 'radiant_total': 0.0, 'pv_temperature': 27.1}}, {'devDn': 'NE=64100582', 'collectTime': 1778605500000, 'dataItems': {'radiant_line': 0.0, 'horiz_radiant_total': None, 'horiz_radiant_line...
2026-05-14 01:11:35,547 - root - INFO - API Response type: <class 'dict'>
2026-05-14 01:11:35,547 - root - INFO - API Response keys: ['failCode', 'success', 'message', 'data']
2026-05-14 01:11:35,547 - root - INFO - API Response data is a list with 288 items
2026-05-14 01:11:35,547 - root - INFO - API Response has failCode: 0, message: historical data information query successful.
2026-05-14 01:11:35,547 - root - INFO - Using alternate response format: data as list
2026-05-14 01:11:35,547 - root - INFO - Received 288 data points from API
2026-05-14 01:11:35,547 - root - INFO - Sample data point structure: ['devDn', 'collectTime', 'dataItems']
2026-05-14 01:11:35,628 - root - INFO - Successfully upserted 288 data points.
2026-05-14 01:11:38,832 - root - INFO - Using single devDn for device/history (API: one device per query)
2026-05-14 01:11:38,833 - root - INFO - Fetching historical data for 1 devices of type meteo_station
2026-05-14 01:11:38,834 - root - INFO - Making API request to: https://sg5.fusionsolar.huawei.com/rest/openapi/pvms/nbi/v1/device/history
2026-05-14 01:11:38,834 - root - INFO - Request payload: {'devDn': 'NE=54493962', 'devTypeId': 10, 'startTime': 1778605200000, 'endTime': 1778691599000}
2026-05-14 01:11:39,270 - root - INFO - Response status code: 200
2026-05-14 01:11:39,270 - root - INFO - API response from https://sg5.fusionsolar.huawei.com/rest/openapi/pvms/nbi/v1/device/history (truncated): {'failCode': 0, 'success': True, 'message': 'historical data information query successful.', 'data': []}
2026-05-14 01:11:39,272 - root - INFO - API Response type: <class 'dict'>
2026-05-14 01:11:39,273 - root - INFO - API Response keys: ['failCode', 'success', 'message', 'data']
2026-05-14 01:11:39,273 - root - INFO - API Response data is a list with 0 items
2026-05-14 01:11:39,273 - root - INFO - API Response has failCode: 0, message: historical data information query successful.
2026-05-14 01:11:39,273 - root - INFO - Using alternate response format: data as list
2026-05-14 01:11:39,273 - root - INFO - No data points returned for the query period
2026-05-14 01:11:39,273 - root - INFO - Using single devDn for device/history (API: one device per query)
2026-05-14 01:11:39,274 - root - INFO - Fetching historical data for 1 devices of type meteo_station
2026-05-14 01:11:39,274 - root - INFO - Making API request to: https://sg5.fusionsolar.huawei.com/rest/openapi/pvms/nbi/v1/device/history
2026-05-14 01:11:39,274 - root - INFO - Request payload: {'devDn': 'NE=54493936', 'devTypeId': 10, 'startTime': 1778605200000, 'endTime': 1778691599000}
2026-05-14 01:11:39,579 - root - INFO - Response status code: 200
2026-05-14 01:11:39,580 - root - INFO - API response from https://sg5.fusionsolar.huawei.com/rest/openapi/pvms/nbi/v1/device/history (truncated): {'failCode': 407, 'success': False, 'message': 'Interface access frequency:0.39333333333333337/1second', 'data': []}
2026-05-14 01:11:39,580 - root - WARNING - API access frequency too high. Waiting 30 seconds before retry...
2026-05-14 01:12:09,581 - root - INFO - Retrying API request after rate limit wait...
2026-05-14 01:12:09,582 - root - INFO - Making API request to: https://sg5.fusionsolar.huawei.com/rest/openapi/pvms/nbi/v1/device/history
2026-05-14 01:12:09,582 - root - INFO - Request payload: {'devDn': 'NE=54493936', 'devTypeId': 10, 'startTime': 1778605200000, 'endTime': 1778691599000}
2026-05-14 01:12:09,990 - root - INFO - Response status code: 200
2026-05-14 01:12:09,990 - root - INFO - API response from https://sg5.fusionsolar.huawei.com/rest/openapi/pvms/nbi/v1/device/history (truncated): {'failCode': 0, 'success': True, 'message': 'historical data information query successful.', 'data': []}
2026-05-14 01:12:09,994 - root - INFO - API Response type: <class 'dict'>
2026-05-14 01:12:09,994 - root - INFO - API Response keys: ['failCode', 'success', 'message', 'data']
2026-05-14 01:12:09,994 - root - INFO - API Response data is a list with 0 items
2026-05-14 01:12:09,994 - root - INFO - API Response has failCode: 0, message: historical data information query successful.
2026-05-14 01:12:09,994 - root - INFO - Using alternate response format: data as list
2026-05-14 01:12:09,994 - root - INFO - No data points returned for the query period
2026-05-14 01:12:09,994 - root - INFO - Using single devDn for device/history (API: one device per query)
2026-05-14 01:12:09,995 - root - INFO - Fetching historical data for 1 devices of type meteo_station
2026-05-14 01:12:09,995 - root - INFO - Making API request to: https://sg5.fusionsolar.huawei.com/rest/openapi/pvms/nbi/v1/device/history
2026-05-14 01:12:09,995 - root - INFO - Request payload: {'devDn': 'NE=54435798', 'devTypeId': 10, 'startTime': 1778605200000, 'endTime': 1778691599000}
2026-05-14 01:12:10,306 - root - INFO - Response status code: 200
2026-05-14 01:12:10,306 - root - INFO - API response from https://sg5.fusionsolar.huawei.com/rest/openapi/pvms/nbi/v1/device/history (truncated): {'failCode': 407, 'success': False, 'message': 'Interface access frequency:0.39333333333333337/1second', 'data': []}
2026-05-14 01:12:10,307 - root - WARNING - API access frequency too high. Waiting 30 seconds before retry...
2026-05-14 01:12:40,307 - root - INFO - Retrying API request after rate limit wait...
2026-05-14 01:12:40,307 - root - INFO - Making API request to: https://sg5.fusionsolar.huawei.com/rest/openapi/pvms/nbi/v1/device/history
2026-05-14 01:12:40,308 - root - INFO - Request payload: {'devDn': 'NE=54435798', 'devTypeId': 10, 'startTime': 1778605200000, 'endTime': 1778691599000}
2026-05-14 01:12:40,709 - root - INFO - Response status code: 200
2026-05-14 01:12:40,709 - root - INFO - API response from https://sg5.fusionsolar.huawei.com/rest/openapi/pvms/nbi/v1/device/history (truncated): {'failCode': 0, 'success': True, 'message': 'historical data information query successful.', 'data': []}
2026-05-14 01:12:40,713 - root - INFO - API Response type: <class 'dict'>
2026-05-14 01:12:40,713 - root - INFO - API Response keys: ['failCode', 'success', 'message', 'data']
2026-05-14 01:12:40,713 - root - INFO - API Response data is a list with 0 items
2026-05-14 01:12:40,713 - root - INFO - API Response has failCode: 0, message: historical data information query successful.
2026-05-14 01:12:40,713 - root - INFO - Using alternate response format: data as list
2026-05-14 01:12:40,713 - root - INFO - No data points returned for the query period
2026-05-14 01:12:40,713 - root - INFO - Using single devDn for device/history (API: one device per query)
2026-05-14 01:12:40,714 - root - INFO - Fetching historical data for 1 devices of type meteo_station
2026-05-14 01:12:40,714 - root - INFO - Making API request to: https://sg5.fusionsolar.huawei.com/rest/openapi/pvms/nbi/v1/device/history
2026-05-14 01:12:40,714 - root - INFO - Request payload: {'devDn': 'NE=54609106', 'devTypeId': 10, 'startTime': 1778605200000, 'endTime': 1778691599000}
2026-05-14 01:12:41,043 - root - INFO - Response status code: 200
2026-05-14 01:12:41,043 - root - INFO - API response from https://sg5.fusionsolar.huawei.com/rest/openapi/pvms/nbi/v1/device/history (truncated): {'failCode': 407, 'success': False, 'message': 'Interface access frequency:0.39333333333333337/1second', 'data': []}
2026-05-14 01:12:41,044 - root - WARNING - API access frequency too high. Waiting 30 seconds before retry...
2026-05-14 01:13:11,043 - root - INFO - Retrying API request after rate limit wait...
2026-05-14 01:13:11,044 - root - INFO - Making API request to: https://sg5.fusionsolar.huawei.com/rest/openapi/pvms/nbi/v1/device/history
2026-05-14 01:13:11,044 - root - INFO - Request payload: {'devDn': 'NE=54609106', 'devTypeId': 10, 'startTime': 1778605200000, 'endTime': 1778691599000}
2026-05-14 01:13:11,488 - root - INFO - Response status code: 200
2026-05-14 01:13:11,488 - root - INFO - API response from https://sg5.fusionsolar.huawei.com/rest/openapi/pvms/nbi/v1/device/history (truncated): {'failCode': 0, 'success': True, 'message': 'historical data information query successful.', 'data': []}
2026-05-14 01:13:11,491 - root - INFO - API Response type: <class 'dict'>
2026-05-14 01:13:11,491 - root - INFO - API Response keys: ['failCode', 'success', 'message', 'data']
2026-05-14 01:13:11,491 - root - INFO - API Response data is a list with 0 items
2026-05-14 01:13:11,492 - root - INFO - API Response has failCode: 0, message: historical data information query successful.
2026-05-14 01:13:11,492 - root - INFO - Using alternate response format: data as list
2026-05-14 01:13:11,492 - root - INFO - No data points returned for the query period
2026-05-14 01:13:11,492 - root - INFO - Using single devDn for device/history (API: one device per query)
2026-05-14 01:13:11,492 - root - INFO - Fetching historical data for 1 devices of type meteo_station
2026-05-14 01:13:11,492 - root - INFO - Making API request to: https://sg5.fusionsolar.huawei.com/rest/openapi/pvms/nbi/v1/device/history
2026-05-14 01:13:11,493 - root - INFO - Request payload: {'devDn': 'NE=54609108', 'devTypeId': 10, 'startTime': 1778605200000, 'endTime': 1778691599000}
2026-05-14 01:13:11,808 - root - INFO - Response status code: 200
2026-05-14 01:13:11,809 - root - INFO - API response from https://sg5.fusionsolar.huawei.com/rest/openapi/pvms/nbi/v1/device/history (truncated): {'failCode': 407, 'success': False, 'message': 'Interface access frequency:0.39333333333333337/1second', 'data': []}
2026-05-14 01:13:11,809 - root - WARNING - API access frequency too high. Waiting 30 seconds before retry...
2026-05-14 01:13:41,810 - root - INFO - Retrying API request after rate limit wait...
2026-05-14 01:13:41,810 - root - INFO - Making API request to: https://sg5.fusionsolar.huawei.com/rest/openapi/pvms/nbi/v1/device/history
2026-05-14 01:13:41,811 - root - INFO - Request payload: {'devDn': 'NE=54609108', 'devTypeId': 10, 'startTime': 1778605200000, 'endTime': 1778691599000}
2026-05-14 01:13:42,193 - root - INFO - Response status code: 200
2026-05-14 01:13:42,193 - root - INFO - API response from https://sg5.fusionsolar.huawei.com/rest/openapi/pvms/nbi/v1/device/history (truncated): {'failCode': 0, 'success': True, 'message': 'historical data information query successful.', 'data': []}
2026-05-14 01:13:42,196 - root - INFO - API Response type: <class 'dict'>
2026-05-14 01:13:42,196 - root - INFO - API Response keys: ['failCode', 'success', 'message', 'data']
2026-05-14 01:13:42,196 - root - INFO - API Response data is a list with 0 items
2026-05-14 01:13:42,197 - root - INFO - API Response has failCode: 0, message: historical data information query successful.
2026-05-14 01:13:42,197 - root - INFO - Using alternate response format: data as list
2026-05-14 01:13:42,197 - root - INFO - No data points returned for the query period
2026-05-14 01:13:42,197 - root - INFO - Using single devDn for device/history (API: one device per query)
2026-05-14 01:13:42,197 - root - INFO - Fetching historical data for 1 devices of type meteo_station
2026-05-14 01:13:42,197 - root - INFO - Making API request to: https://sg5.fusionsolar.huawei.com/rest/openapi/pvms/nbi/v1/device/history
2026-05-14 01:13:42,197 - root - INFO - Request payload: {'devDn': 'NE=54457096', 'devTypeId': 10, 'startTime': 1778605200000, 'endTime': 1778691599000}
2026-05-14 01:13:42,505 - root - INFO - Response status code: 200
2026-05-14 01:13:42,505 - root - INFO - API response from https://sg5.fusionsolar.huawei.com/rest/openapi/pvms/nbi/v1/device/history (truncated): {'failCode': 407, 'success': False, 'message': 'Interface access frequency:0.39333333333333337/1second', 'data': []}
2026-05-14 01:13:42,506 - root - WARNING - API access frequency too high. Waiting 30 seconds before retry...
2026-05-14 01:14:12,506 - root - INFO - Retrying API request after rate limit wait...
2026-05-14 01:14:12,507 - root - INFO - Making API request to: https://sg5.fusionsolar.huawei.com/rest/openapi/pvms/nbi/v1/device/history
2026-05-14 01:14:12,507 - root - INFO - Request payload: {'devDn': 'NE=54457096', 'devTypeId': 10, 'startTime': 1778605200000, 'endTime': 1778691599000}
2026-05-14 01:14:13,167 - root - INFO - Response status code: 200
2026-05-14 01:14:13,170 - root - INFO - API response from https://sg5.fusionsolar.huawei.com/rest/openapi/pvms/nbi/v1/device/history (truncated): {'failCode': 0, 'success': True, 'message': 'historical data information query successful.', 'data': [{'devDn': 'NE=54457096', 'collectTime': 1778605200000, 'dataItems': {'radiant_line': 0.0, 'horiz_radiant_total': None, 'horiz_radiant_line': None, 'temperature': 25.6, 'wind_speed': 0.0, 'wind_direction': None, 'radiant_total': 0.0, 'pv_temperature': 26.2}}, {'devDn': 'NE=54457096', 'collectTime': 1778605500000, 'dataItems': {'radiant_line': 0.0, 'horiz_radiant_total': None, 'horiz_radiant_line'...
2026-05-14 01:14:13,173 - root - INFO - API Response type: <class 'dict'>
2026-05-14 01:14:13,173 - root - INFO - API Response keys: ['failCode', 'success', 'message', 'data']
2026-05-14 01:14:13,173 - root - INFO - API Response data is a list with 288 items
2026-05-14 01:14:13,173 - root - INFO - API Response has failCode: 0, message: historical data information query successful.
2026-05-14 01:14:13,173 - root - INFO - Using alternate response format: data as list
2026-05-14 01:14:13,173 - root - INFO - Received 288 data points from API
2026-05-14 01:14:13,173 - root - INFO - Sample data point structure: ['devDn', 'collectTime', 'dataItems']
2026-05-14 01:14:13,256 - root - INFO - Successfully upserted 288 data points.
2026-05-14 01:14:17,082 - root - INFO - Using single devDn for device/history (API: one device per query)
2026-05-14 01:14:17,084 - root - INFO - Fetching historical data for 1 devices of type meteo_station
2026-05-14 01:14:17,084 - root - INFO - Making API request to: https://sg5.fusionsolar.huawei.com/rest/openapi/pvms/nbi/v1/device/history
2026-05-14 01:14:17,084 - root - INFO - Request payload: {'devDn': 'NE=54479640', 'devTypeId': 10, 'startTime': 1778605200000, 'endTime': 1778691599000}
2026-05-14 01:14:17,612 - root - INFO - Response status code: 200
2026-05-14 01:14:17,615 - root - INFO - API response from https://sg5.fusionsolar.huawei.com/rest/openapi/pvms/nbi/v1/device/history (truncated): {'failCode': 0, 'success': True, 'message': 'historical data information query successful.', 'data': [{'devDn': 'NE=54479640', 'collectTime': 1778605200000, 'dataItems': {'radiant_line': 0.0, 'horiz_radiant_total': None, 'horiz_radiant_line': None, 'temperature': 27.1, 'wind_speed': 0.8, 'wind_direction': 112.0, 'radiant_total': 0.0, 'pv_temperature': 25.0}}, {'devDn': 'NE=54479640', 'collectTime': 1778605500000, 'dataItems': {'radiant_line': 0.0, 'horiz_radiant_total': None, 'horiz_radiant_line...
2026-05-14 01:14:17,617 - root - INFO - API Response type: <class 'dict'>
2026-05-14 01:14:17,617 - root - INFO - API Response keys: ['failCode', 'success', 'message', 'data']
2026-05-14 01:14:17,617 - root - INFO - API Response data is a list with 288 items
2026-05-14 01:14:17,617 - root - INFO - API Response has failCode: 0, message: historical data information query successful.
2026-05-14 01:14:17,617 - root - INFO - Using alternate response format: data as list
2026-05-14 01:14:17,617 - root - INFO - Received 288 data points from API
2026-05-14 01:14:17,617 - root - INFO - Sample data point structure: ['devDn', 'collectTime', 'dataItems']
2026-05-14 01:14:17,699 - root - INFO - Successfully upserted 288 data points.
2026-05-14 01:14:21,054 - root - INFO - Using single devDn for device/history (API: one device per query)
2026-05-14 01:14:21,055 - root - INFO - Fetching historical data for 1 devices of type meteo_station
2026-05-14 01:14:21,055 - root - INFO - Making API request to: https://sg5.fusionsolar.huawei.com/rest/openapi/pvms/nbi/v1/device/history
2026-05-14 01:14:21,056 - root - INFO - Request payload: {'devDn': 'NE=54453658', 'devTypeId': 10, 'startTime': 1778605200000, 'endTime': 1778691599000}
2026-05-14 01:14:21,603 - root - INFO - Response status code: 200
2026-05-14 01:14:21,606 - root - INFO - API response from https://sg5.fusionsolar.huawei.com/rest/openapi/pvms/nbi/v1/device/history (truncated): {'failCode': 0, 'success': True, 'message': 'historical data information query successful.', 'data': [{'devDn': 'NE=54453658', 'collectTime': 1778605200000, 'dataItems': {'radiant_line': 0.0, 'horiz_radiant_total': None, 'horiz_radiant_line': None, 'temperature': 25.4, 'wind_speed': 0.0, 'wind_direction': None, 'radiant_total': 0.0, 'pv_temperature': 26.2}}, {'devDn': 'NE=54453658', 'collectTime': 1778605500000, 'dataItems': {'radiant_line': 0.0, 'horiz_radiant_total': None, 'horiz_radiant_line'...
2026-05-14 01:14:21,608 - root - INFO - API Response type: <class 'dict'>
2026-05-14 01:14:21,608 - root - INFO - API Response keys: ['failCode', 'success', 'message', 'data']
2026-05-14 01:14:21,608 - root - INFO - API Response data is a list with 288 items
2026-05-14 01:14:21,608 - root - INFO - API Response has failCode: 0, message: historical data information query successful.
2026-05-14 01:14:21,609 - root - INFO - Using alternate response format: data as list
2026-05-14 01:14:21,609 - root - INFO - Received 288 data points from API
2026-05-14 01:14:21,609 - root - INFO - Sample data point structure: ['devDn', 'collectTime', 'dataItems']
2026-05-14 01:14:21,689 - root - INFO - Successfully upserted 288 data points.
2026-05-14 01:14:25,198 - root - INFO - Using single devDn for device/history (API: one device per query)
2026-05-14 01:14:25,199 - root - INFO - Fetching historical data for 1 devices of type meteo_station
2026-05-14 01:14:25,199 - root - INFO - Making API request to: https://sg5.fusionsolar.huawei.com/rest/openapi/pvms/nbi/v1/device/history
2026-05-14 01:14:25,199 - root - INFO - Request payload: {'devDn': 'NE=54436514', 'devTypeId': 10, 'startTime': 1778605200000, 'endTime': 1778691599000}
2026-05-14 01:14:25,779 - root - INFO - Response status code: 200
2026-05-14 01:14:25,782 - root - INFO - API response from https://sg5.fusionsolar.huawei.com/rest/openapi/pvms/nbi/v1/device/history (truncated): {'failCode': 0, 'success': True, 'message': 'historical data information query successful.', 'data': [{'devDn': 'NE=54436514', 'collectTime': 1778605200000, 'dataItems': {'radiant_line': 0.0, 'horiz_radiant_total': None, 'horiz_radiant_line': None, 'temperature': 25.1, 'wind_speed': 0.0, 'wind_direction': None, 'radiant_total': 0.0, 'pv_temperature': 26.0}}, {'devDn': 'NE=54436514', 'collectTime': 1778605500000, 'dataItems': {'radiant_line': 0.0, 'horiz_radiant_total': None, 'horiz_radiant_line'...
2026-05-14 01:14:25,783 - root - INFO - API Response type: <class 'dict'>
2026-05-14 01:14:25,784 - root - INFO - API Response keys: ['failCode', 'success', 'message', 'data']
2026-05-14 01:14:25,784 - root - INFO - API Response data is a list with 288 items
2026-05-14 01:14:25,784 - root - INFO - API Response has failCode: 0, message: historical data information query successful.
2026-05-14 01:14:25,784 - root - INFO - Using alternate response format: data as list
2026-05-14 01:14:25,784 - root - INFO - Received 288 data points from API
2026-05-14 01:14:25,784 - root - INFO - Sample data point structure: ['devDn', 'collectTime', 'dataItems']
2026-05-14 01:14:25,862 - root - INFO - Successfully upserted 288 data points.
2026-05-14 01:14:29,126 - root - INFO - Using single devDn for device/history (API: one device per query)
2026-05-14 01:14:29,127 - root - INFO - Fetching historical data for 1 devices of type meteo_station
2026-05-14 01:14:29,127 - root - INFO - Making API request to: https://sg5.fusionsolar.huawei.com/rest/openapi/pvms/nbi/v1/device/history
2026-05-14 01:14:29,127 - root - INFO - Request payload: {'devDn': 'NE=54455116', 'devTypeId': 10, 'startTime': 1778605200000, 'endTime': 1778691599000}
2026-05-14 01:14:29,658 - root - INFO - Response status code: 200
2026-05-14 01:14:29,661 - root - INFO - API response from https://sg5.fusionsolar.huawei.com/rest/openapi/pvms/nbi/v1/device/history (truncated): {'failCode': 0, 'success': True, 'message': 'historical data information query successful.', 'data': [{'devDn': 'NE=54455116', 'collectTime': 1778605200000, 'dataItems': {'radiant_line': 0.0, 'horiz_radiant_total': None, 'horiz_radiant_line': None, 'temperature': 25.2, 'wind_speed': 0.0, 'wind_direction': None, 'radiant_total': 0.0, 'pv_temperature': 26.1}}, {'devDn': 'NE=54455116', 'collectTime': 1778605500000, 'dataItems': {'radiant_line': 0.0, 'horiz_radiant_total': None, 'horiz_radiant_line'...
2026-05-14 01:14:29,663 - root - INFO - API Response type: <class 'dict'>
2026-05-14 01:14:29,663 - root - INFO - API Response keys: ['failCode', 'success', 'message', 'data']
2026-05-14 01:14:29,663 - root - INFO - API Response data is a list with 288 items
2026-05-14 01:14:29,663 - root - INFO - API Response has failCode: 0, message: historical data information query successful.
2026-05-14 01:14:29,663 - root - INFO - Using alternate response format: data as list
2026-05-14 01:14:29,664 - root - INFO - Received 288 data points from API
2026-05-14 01:14:29,664 - root - INFO - Sample data point structure: ['devDn', 'collectTime', 'dataItems']
2026-05-14 01:14:29,748 - root - INFO - Successfully upserted 288 data points.
2026-05-14 01:14:33,084 - root - INFO - Using single devDn for device/history (API: one device per query)
2026-05-14 01:14:33,086 - root - INFO - Fetching historical data for 1 devices of type meteo_station
2026-05-14 01:14:33,086 - root - INFO - Making API request to: https://sg5.fusionsolar.huawei.com/rest/openapi/pvms/nbi/v1/device/history
2026-05-14 01:14:33,086 - root - INFO - Request payload: {'devDn': 'NE=58284538', 'devTypeId': 10, 'startTime': 1778605200000, 'endTime': 1778691599000}
2026-05-14 01:14:33,661 - root - INFO - Response status code: 200
2026-05-14 01:14:33,664 - root - INFO - API response from https://sg5.fusionsolar.huawei.com/rest/openapi/pvms/nbi/v1/device/history (truncated): {'failCode': 0, 'success': True, 'message': 'historical data information query successful.', 'data': [{'devDn': 'NE=58284538', 'collectTime': 1778605200000, 'dataItems': {'radiant_line': 0.0, 'horiz_radiant_total': None, 'horiz_radiant_line': None, 'temperature': 25.9, 'wind_speed': None, 'wind_direction': None, 'radiant_total': 0.0, 'pv_temperature': 25.6}}, {'devDn': 'NE=58284538', 'collectTime': 1778605500000, 'dataItems': {'radiant_line': 0.0, 'horiz_radiant_total': None, 'horiz_radiant_line...
2026-05-14 01:14:33,666 - root - INFO - API Response type: <class 'dict'>
2026-05-14 01:14:33,666 - root - INFO - API Response keys: ['failCode', 'success', 'message', 'data']
2026-05-14 01:14:33,666 - root - INFO - API Response data is a list with 288 items
2026-05-14 01:14:33,666 - root - INFO - API Response has failCode: 0, message: historical data information query successful.
2026-05-14 01:14:33,666 - root - INFO - Using alternate response format: data as list
2026-05-14 01:14:33,666 - root - INFO - Received 288 data points from API
2026-05-14 01:14:33,666 - root - INFO - Sample data point structure: ['devDn', 'collectTime', 'dataItems']
2026-05-14 01:14:33,745 - root - INFO - Successfully upserted 288 data points.
2026-05-14 01:14:36,948 - root - INFO - Using single devDn for device/history (API: one device per query)
2026-05-14 01:14:36,949 - root - INFO - Fetching historical data for 1 devices of type meteo_station
2026-05-14 01:14:36,949 - root - INFO - Making API request to: https://sg5.fusionsolar.huawei.com/rest/openapi/pvms/nbi/v1/device/history
2026-05-14 01:14:36,949 - root - INFO - Request payload: {'devDn': 'NE=58291110', 'devTypeId': 10, 'startTime': 1778605200000, 'endTime': 1778691599000}
2026-05-14 01:14:37,532 - root - INFO - Response status code: 200
2026-05-14 01:14:37,535 - root - INFO - API response from https://sg5.fusionsolar.huawei.com/rest/openapi/pvms/nbi/v1/device/history (truncated): {'failCode': 0, 'success': True, 'message': 'historical data information query successful.', 'data': [{'devDn': 'NE=58291110', 'collectTime': 1778605200000, 'dataItems': {'radiant_line': 0.0, 'horiz_radiant_total': None, 'horiz_radiant_line': None, 'temperature': 25.4, 'wind_speed': None, 'wind_direction': None, 'radiant_total': 0.0, 'pv_temperature': 26.2}}, {'devDn': 'NE=58291110', 'collectTime': 1778605500000, 'dataItems': {'radiant_line': 0.0, 'horiz_radiant_total': None, 'horiz_radiant_line...
2026-05-14 01:14:37,537 - root - INFO - API Response type: <class 'dict'>
2026-05-14 01:14:37,537 - root - INFO - API Response keys: ['failCode', 'success', 'message', 'data']
2026-05-14 01:14:37,537 - root - INFO - API Response data is a list with 288 items
2026-05-14 01:14:37,537 - root - INFO - API Response has failCode: 0, message: historical data information query successful.
2026-05-14 01:14:37,537 - root - INFO - Using alternate response format: data as list
2026-05-14 01:14:37,537 - root - INFO - Received 288 data points from API
2026-05-14 01:14:37,537 - root - INFO - Sample data point structure: ['devDn', 'collectTime', 'dataItems']
2026-05-14 01:14:37,618 - root - INFO - Successfully upserted 288 data points.
2026-05-14 01:14:40,831 - root - INFO - Using single devDn for device/history (API: one device per query)
2026-05-14 01:14:40,833 - root - INFO - Fetching historical data for 1 devices of type meteo_station
2026-05-14 01:14:40,833 - root - INFO - Making API request to: https://sg5.fusionsolar.huawei.com/rest/openapi/pvms/nbi/v1/device/history
2026-05-14 01:14:40,833 - root - INFO - Request payload: {'devDn': 'NE=58291113', 'devTypeId': 10, 'startTime': 1778605200000, 'endTime': 1778691599000}
2026-05-14 01:14:41,447 - root - INFO - Response status code: 200
2026-05-14 01:14:41,450 - root - INFO - API response from https://sg5.fusionsolar.huawei.com/rest/openapi/pvms/nbi/v1/device/history (truncated): {'failCode': 0, 'success': True, 'message': 'historical data information query successful.', 'data': [{'devDn': 'NE=58291113', 'collectTime': 1778605200000, 'dataItems': {'radiant_line': 0.0, 'horiz_radiant_total': None, 'horiz_radiant_line': None, 'temperature': 26.8, 'wind_speed': None, 'wind_direction': None, 'radiant_total': 0.0, 'pv_temperature': None}}, {'devDn': 'NE=58291113', 'collectTime': 1778605500000, 'dataItems': {'radiant_line': 0.0, 'horiz_radiant_total': None, 'horiz_radiant_line...
2026-05-14 01:14:41,452 - root - INFO - API Response type: <class 'dict'>
2026-05-14 01:14:41,452 - root - INFO - API Response keys: ['failCode', 'success', 'message', 'data']
2026-05-14 01:14:41,452 - root - INFO - API Response data is a list with 288 items
2026-05-14 01:14:41,452 - root - INFO - API Response has failCode: 0, message: historical data information query successful.
2026-05-14 01:14:41,452 - root - INFO - Using alternate response format: data as list
2026-05-14 01:14:41,452 - root - INFO - Received 288 data points from API
2026-05-14 01:14:41,452 - root - INFO - Sample data point structure: ['devDn', 'collectTime', 'dataItems']
2026-05-14 01:14:41,532 - root - INFO - Successfully upserted 288 data points.
2026-05-14 01:14:44,911 - root - INFO - Using single devDn for device/history (API: one device per query)
2026-05-14 01:14:44,913 - root - INFO - Fetching historical data for 1 devices of type meteo_station
2026-05-14 01:14:44,913 - root - INFO - Making API request to: https://sg5.fusionsolar.huawei.com/rest/openapi/pvms/nbi/v1/device/history
2026-05-14 01:14:44,913 - root - INFO - Request payload: {'devDn': 'NE=58291112', 'devTypeId': 10, 'startTime': 1778605200000, 'endTime': 1778691599000}
2026-05-14 01:14:45,506 - root - INFO - Response status code: 200
2026-05-14 01:14:45,509 - root - INFO - API response from https://sg5.fusionsolar.huawei.com/rest/openapi/pvms/nbi/v1/device/history (truncated): {'failCode': 0, 'success': True, 'message': 'historical data information query successful.', 'data': [{'devDn': 'NE=58291112', 'collectTime': 1778605200000, 'dataItems': {'radiant_line': 0.9, 'horiz_radiant_total': None, 'horiz_radiant_line': None, 'temperature': 25.6, 'wind_speed': None, 'wind_direction': None, 'radiant_total': 0.0, 'pv_temperature': 26.0}}, {'devDn': 'NE=58291112', 'collectTime': 1778605500000, 'dataItems': {'radiant_line': 0.4, 'horiz_radiant_total': None, 'horiz_radiant_line...
2026-05-14 01:14:45,510 - root - INFO - API Response type: <class 'dict'>
2026-05-14 01:14:45,511 - root - INFO - API Response keys: ['failCode', 'success', 'message', 'data']
2026-05-14 01:14:45,511 - root - INFO - API Response data is a list with 288 items
2026-05-14 01:14:45,511 - root - INFO - API Response has failCode: 0, message: historical data information query successful.
2026-05-14 01:14:45,511 - root - INFO - Using alternate response format: data as list
2026-05-14 01:14:45,511 - root - INFO - Received 288 data points from API
2026-05-14 01:14:45,511 - root - INFO - Sample data point structure: ['devDn', 'collectTime', 'dataItems']
2026-05-14 01:14:45,592 - root - INFO - Successfully upserted 288 data points.
2026-05-14 01:14:48,790 - root - INFO - Using single devDn for device/history (API: one device per query)
2026-05-14 01:14:48,791 - root - INFO - Fetching historical data for 1 devices of type meteo_station
2026-05-14 01:14:48,792 - root - INFO - Making API request to: https://sg5.fusionsolar.huawei.com/rest/openapi/pvms/nbi/v1/device/history
2026-05-14 01:14:48,792 - root - INFO - Request payload: {'devDn': 'NE=58291114', 'devTypeId': 10, 'startTime': 1778605200000, 'endTime': 1778691599000}
2026-05-14 01:14:49,412 - root - INFO - Response status code: 200
2026-05-14 01:14:49,414 - root - INFO - API response from https://sg5.fusionsolar.huawei.com/rest/openapi/pvms/nbi/v1/device/history (truncated): {'failCode': 0, 'success': True, 'message': 'historical data information query successful.', 'data': [{'devDn': 'NE=58291114', 'collectTime': 1778605200000, 'dataItems': {'radiant_line': 0.0, 'horiz_radiant_total': None, 'horiz_radiant_line': None, 'temperature': 26.0, 'wind_speed': None, 'wind_direction': None, 'radiant_total': 0.0, 'pv_temperature': 25.5}}, {'devDn': 'NE=58291114', 'collectTime': 1778605500000, 'dataItems': {'radiant_line': 0.0, 'horiz_radiant_total': None, 'horiz_radiant_line...
2026-05-14 01:14:49,416 - root - INFO - API Response type: <class 'dict'>
2026-05-14 01:14:49,417 - root - INFO - API Response keys: ['failCode', 'success', 'message', 'data']
2026-05-14 01:14:49,417 - root - INFO - API Response data is a list with 288 items
2026-05-14 01:14:49,417 - root - INFO - API Response has failCode: 0, message: historical data information query successful.
2026-05-14 01:14:49,417 - root - INFO - Using alternate response format: data as list
2026-05-14 01:14:49,417 - root - INFO - Received 288 data points from API
2026-05-14 01:14:49,417 - root - INFO - Sample data point structure: ['devDn', 'collectTime', 'dataItems']
2026-05-14 01:14:49,498 - root - INFO - Successfully upserted 288 data points.
2026-05-14 01:14:52,637 - root - INFO - Using single devDn for device/history (API: one device per query)
2026-05-14 01:14:52,638 - root - INFO - Fetching historical data for 1 devices of type meteo_station
2026-05-14 01:14:52,638 - root - INFO - Making API request to: https://sg5.fusionsolar.huawei.com/rest/openapi/pvms/nbi/v1/device/history
2026-05-14 01:14:52,639 - root - INFO - Request payload: {'devDn': 'NE=53784299', 'devTypeId': 10, 'startTime': 1778605200000, 'endTime': 1778691599000}
2026-05-14 01:14:53,164 - root - INFO - Response status code: 200
2026-05-14 01:14:53,167 - root - INFO - API response from https://sg5.fusionsolar.huawei.com/rest/openapi/pvms/nbi/v1/device/history (truncated): {'failCode': 0, 'success': True, 'message': 'historical data information query successful.', 'data': [{'devDn': 'NE=53784299', 'collectTime': 1778605200000, 'dataItems': {'radiant_line': 0.0, 'horiz_radiant_total': None, 'horiz_radiant_line': None, 'temperature': 0.0, 'wind_speed': 0.0, 'wind_direction': None, 'radiant_total': 0.0, 'pv_temperature': 25.7}}, {'devDn': 'NE=53784299', 'collectTime': 1778605500000, 'dataItems': {'radiant_line': 0.0, 'horiz_radiant_total': None, 'horiz_radiant_line':...
2026-05-14 01:14:53,169 - root - INFO - API Response type: <class 'dict'>
2026-05-14 01:14:53,169 - root - INFO - API Response keys: ['failCode', 'success', 'message', 'data']
2026-05-14 01:14:53,169 - root - INFO - API Response data is a list with 288 items
2026-05-14 01:14:53,169 - root - INFO - API Response has failCode: 0, message: historical data information query successful.
2026-05-14 01:14:53,169 - root - INFO - Using alternate response format: data as list
2026-05-14 01:14:53,169 - root - INFO - Received 288 data points from API
2026-05-14 01:14:53,170 - root - INFO - Sample data point structure: ['devDn', 'collectTime', 'dataItems']
2026-05-14 01:14:53,250 - root - INFO - Successfully upserted 288 data points.
2026-05-14 01:14:57,455 - root - INFO - Using single devDn for device/history (API: one device per query)
2026-05-14 01:14:57,457 - root - INFO - Fetching historical data for 1 devices of type meteo_station
2026-05-14 01:14:57,457 - root - INFO - Making API request to: https://sg5.fusionsolar.huawei.com/rest/openapi/pvms/nbi/v1/device/history
2026-05-14 01:14:57,457 - root - INFO - Request payload: {'devDn': 'NE=53784298', 'devTypeId': 10, 'startTime': 1778605200000, 'endTime': 1778691599000}
2026-05-14 01:14:58,029 - root - INFO - Response status code: 200
2026-05-14 01:14:58,032 - root - INFO - API response from https://sg5.fusionsolar.huawei.com/rest/openapi/pvms/nbi/v1/device/history (truncated): {'failCode': 0, 'success': True, 'message': 'historical data information query successful.', 'data': [{'devDn': 'NE=53784298', 'collectTime': 1778605200000, 'dataItems': {'radiant_line': 0.0, 'horiz_radiant_total': None, 'horiz_radiant_line': None, 'temperature': 0.0, 'wind_speed': 0.0, 'wind_direction': None, 'radiant_total': 0.0, 'pv_temperature': 25.8}}, {'devDn': 'NE=53784298', 'collectTime': 1778605500000, 'dataItems': {'radiant_line': 0.0, 'horiz_radiant_total': None, 'horiz_radiant_line':...
2026-05-14 01:14:58,033 - root - INFO - API Response type: <class 'dict'>
2026-05-14 01:14:58,034 - root - INFO - API Response keys: ['failCode', 'success', 'message', 'data']
2026-05-14 01:14:58,034 - root - INFO - API Response data is a list with 288 items
2026-05-14 01:14:58,034 - root - INFO - API Response has failCode: 0, message: historical data information query successful.
2026-05-14 01:14:58,034 - root - INFO - Using alternate response format: data as list
2026-05-14 01:14:58,034 - root - INFO - Received 288 data points from API
2026-05-14 01:14:58,034 - root - INFO - Sample data point structure: ['devDn', 'collectTime', 'dataItems']
2026-05-14 01:14:58,124 - root - INFO - Successfully upserted 288 data points.
2026-05-14 01:15:02,129 - root - INFO - Using single devDn for device/history (API: one device per query)
2026-05-14 01:15:02,131 - root - INFO - Fetching historical data for 1 devices of type meteo_station
2026-05-14 01:15:02,131 - root - INFO - Making API request to: https://sg5.fusionsolar.huawei.com/rest/openapi/pvms/nbi/v1/device/history
2026-05-14 01:15:02,131 - root - INFO - Request payload: {'devDn': 'NE=53784297', 'devTypeId': 10, 'startTime': 1778605200000, 'endTime': 1778691599000}
2026-05-14 01:15:02,704 - root - INFO - Response status code: 200
2026-05-14 01:15:02,707 - root - INFO - API response from https://sg5.fusionsolar.huawei.com/rest/openapi/pvms/nbi/v1/device/history (truncated): {'failCode': 0, 'success': True, 'message': 'historical data information query successful.', 'data': [{'devDn': 'NE=53784297', 'collectTime': 1778605200000, 'dataItems': {'radiant_line': 0.0, 'horiz_radiant_total': None, 'horiz_radiant_line': None, 'temperature': 25.6, 'wind_speed': 0.0, 'wind_direction': None, 'radiant_total': 0.0, 'pv_temperature': 25.8}}, {'devDn': 'NE=53784297', 'collectTime': 1778605500000, 'dataItems': {'radiant_line': 0.0, 'horiz_radiant_total': None, 'horiz_radiant_line'...
2026-05-14 01:15:02,708 - root - INFO - API Response type: <class 'dict'>
2026-05-14 01:15:02,709 - root - INFO - API Response keys: ['failCode', 'success', 'message', 'data']
2026-05-14 01:15:02,709 - root - INFO - API Response data is a list with 288 items
2026-05-14 01:15:02,709 - root - INFO - API Response has failCode: 0, message: historical data information query successful.
2026-05-14 01:15:02,709 - root - INFO - Using alternate response format: data as list
2026-05-14 01:15:02,709 - root - INFO - Received 288 data points from API
2026-05-14 01:15:02,709 - root - INFO - Sample data point structure: ['devDn', 'collectTime', 'dataItems']
2026-05-14 01:15:02,788 - root - INFO - Successfully upserted 288 data points.
2026-05-14 01:15:06,655 - root - INFO - Using single devDn for device/history (API: one device per query)
2026-05-14 01:15:06,656 - root - INFO - Fetching historical data for 1 devices of type meteo_station
2026-05-14 01:15:06,656 - root - INFO - Making API request to: https://sg5.fusionsolar.huawei.com/rest/openapi/pvms/nbi/v1/device/history
2026-05-14 01:15:06,657 - root - INFO - Request payload: {'devDn': 'NE=53784296', 'devTypeId': 10, 'startTime': 1778605200000, 'endTime': 1778691599000}
2026-05-14 01:15:07,230 - root - INFO - Response status code: 200
2026-05-14 01:15:07,232 - root - INFO - API response from https://sg5.fusionsolar.huawei.com/rest/openapi/pvms/nbi/v1/device/history (truncated): {'failCode': 0, 'success': True, 'message': 'historical data information query successful.', 'data': [{'devDn': 'NE=53784296', 'collectTime': 1778605200000, 'dataItems': {'radiant_line': 0.0, 'horiz_radiant_total': None, 'horiz_radiant_line': None, 'temperature': 26.0, 'wind_speed': 0.0, 'wind_direction': None, 'radiant_total': 0.0, 'pv_temperature': 25.9}}, {'devDn': 'NE=53784296', 'collectTime': 1778605500000, 'dataItems': {'radiant_line': 0.0, 'horiz_radiant_total': None, 'horiz_radiant_line'...
2026-05-14 01:15:07,234 - root - INFO - API Response type: <class 'dict'>
2026-05-14 01:15:07,234 - root - INFO - API Response keys: ['failCode', 'success', 'message', 'data']
2026-05-14 01:15:07,234 - root - INFO - API Response data is a list with 288 items
2026-05-14 01:15:07,235 - root - INFO - API Response has failCode: 0, message: historical data information query successful.
2026-05-14 01:15:07,235 - root - INFO - Using alternate response format: data as list
2026-05-14 01:15:07,235 - root - INFO - Received 288 data points from API
2026-05-14 01:15:07,235 - root - INFO - Sample data point structure: ['devDn', 'collectTime', 'dataItems']
2026-05-14 01:15:07,317 - root - INFO - Successfully upserted 288 data points.
2026-05-14 01:15:11,594 - root - INFO - Using single devDn for device/history (API: one device per query)
2026-05-14 01:15:11,596 - root - INFO - Fetching historical data for 1 devices of type meteo_station
2026-05-14 01:15:11,596 - root - INFO - Making API request to: https://sg5.fusionsolar.huawei.com/rest/openapi/pvms/nbi/v1/device/history
2026-05-14 01:15:11,596 - root - INFO - Request payload: {'devDn': 'NE=53784303', 'devTypeId': 10, 'startTime': 1778605200000, 'endTime': 1778691599000}
2026-05-14 01:15:12,143 - root - INFO - Response status code: 200
2026-05-14 01:15:12,146 - root - INFO - API response from https://sg5.fusionsolar.huawei.com/rest/openapi/pvms/nbi/v1/device/history (truncated): {'failCode': 0, 'success': True, 'message': 'historical data information query successful.', 'data': [{'devDn': 'NE=53784303', 'collectTime': 1778605200000, 'dataItems': {'radiant_line': 109.0, 'horiz_radiant_total': None, 'horiz_radiant_line': None, 'temperature': 26.0, 'wind_speed': 0.0, 'wind_direction': 292.0, 'radiant_total': 0.392, 'pv_temperature': 24.0}}, {'devDn': 'NE=53784303', 'collectTime': 1778605500000, 'dataItems': {'radiant_line': 109.0, 'horiz_radiant_total': None, 'horiz_radian...
2026-05-14 01:15:12,148 - root - INFO - API Response type: <class 'dict'>
2026-05-14 01:15:12,148 - root - INFO - API Response keys: ['failCode', 'success', 'message', 'data']
2026-05-14 01:15:12,148 - root - INFO - API Response data is a list with 288 items
2026-05-14 01:15:12,148 - root - INFO - API Response has failCode: 0, message: historical data information query successful.
2026-05-14 01:15:12,149 - root - INFO - Using alternate response format: data as list
2026-05-14 01:15:12,149 - root - INFO - Received 288 data points from API
2026-05-14 01:15:12,149 - root - INFO - Sample data point structure: ['devDn', 'collectTime', 'dataItems']
2026-05-14 01:15:12,230 - root - INFO - Successfully upserted 288 data points.
2026-05-14 01:15:15,826 - root - INFO - Using single devDn for device/history (API: one device per query)
2026-05-14 01:15:15,828 - root - INFO - Fetching historical data for 1 devices of type meteo_station
2026-05-14 01:15:15,828 - root - INFO - Making API request to: https://sg5.fusionsolar.huawei.com/rest/openapi/pvms/nbi/v1/device/history
2026-05-14 01:15:15,828 - root - INFO - Request payload: {'devDn': 'NE=53784302', 'devTypeId': 10, 'startTime': 1778605200000, 'endTime': 1778691599000}
2026-05-14 01:15:16,387 - root - INFO - Response status code: 200
2026-05-14 01:15:16,389 - root - INFO - API response from https://sg5.fusionsolar.huawei.com/rest/openapi/pvms/nbi/v1/device/history (truncated): {'failCode': 0, 'success': True, 'message': 'historical data information query successful.', 'data': [{'devDn': 'NE=53784302', 'collectTime': 1778605200000, 'dataItems': {'radiant_line': 0.0, 'horiz_radiant_total': None, 'horiz_radiant_line': None, 'temperature': 25.6, 'wind_speed': 0.0, 'wind_direction': None, 'radiant_total': 0.0, 'pv_temperature': 25.9}}, {'devDn': 'NE=53784302', 'collectTime': 1778605500000, 'dataItems': {'radiant_line': 0.0, 'horiz_radiant_total': None, 'horiz_radiant_line'...
2026-05-14 01:15:16,392 - root - INFO - API Response type: <class 'dict'>
2026-05-14 01:15:16,392 - root - INFO - API Response keys: ['failCode', 'success', 'message', 'data']
2026-05-14 01:15:16,392 - root - INFO - API Response data is a list with 288 items
2026-05-14 01:15:16,392 - root - INFO - API Response has failCode: 0, message: historical data information query successful.
2026-05-14 01:15:16,392 - root - INFO - Using alternate response format: data as list
2026-05-14 01:15:16,392 - root - INFO - Received 288 data points from API
2026-05-14 01:15:16,392 - root - INFO - Sample data point structure: ['devDn', 'collectTime', 'dataItems']
2026-05-14 01:15:16,475 - root - INFO - Successfully upserted 288 data points.
2026-05-14 01:15:20,324 - root - INFO - Using single devDn for device/history (API: one device per query)
2026-05-14 01:15:20,326 - root - INFO - Fetching historical data for 1 devices of type meteo_station
2026-05-14 01:15:20,326 - root - INFO - Making API request to: https://sg5.fusionsolar.huawei.com/rest/openapi/pvms/nbi/v1/device/history
2026-05-14 01:15:20,326 - root - INFO - Request payload: {'devDn': 'NE=53784301', 'devTypeId': 10, 'startTime': 1778605200000, 'endTime': 1778691599000}
2026-05-14 01:15:20,884 - root - INFO - Response status code: 200
2026-05-14 01:15:20,887 - root - INFO - API response from https://sg5.fusionsolar.huawei.com/rest/openapi/pvms/nbi/v1/device/history (truncated): {'failCode': 0, 'success': True, 'message': 'historical data information query successful.', 'data': [{'devDn': 'NE=53784301', 'collectTime': 1778605200000, 'dataItems': {'radiant_line': 0.0, 'horiz_radiant_total': None, 'horiz_radiant_line': None, 'temperature': 25.9, 'wind_speed': 0.0, 'wind_direction': None, 'radiant_total': 0.0, 'pv_temperature': 26.1}}, {'devDn': 'NE=53784301', 'collectTime': 1778605500000, 'dataItems': {'radiant_line': 0.0, 'horiz_radiant_total': None, 'horiz_radiant_line'...
2026-05-14 01:15:20,889 - root - INFO - API Response type: <class 'dict'>
2026-05-14 01:15:20,889 - root - INFO - API Response keys: ['failCode', 'success', 'message', 'data']
2026-05-14 01:15:20,889 - root - INFO - API Response data is a list with 288 items
2026-05-14 01:15:20,889 - root - INFO - API Response has failCode: 0, message: historical data information query successful.
2026-05-14 01:15:20,889 - root - INFO - Using alternate response format: data as list
2026-05-14 01:15:20,890 - root - INFO - Received 288 data points from API
2026-05-14 01:15:20,890 - root - INFO - Sample data point structure: ['devDn', 'collectTime', 'dataItems']
2026-05-14 01:15:20,968 - root - INFO - Successfully upserted 288 data points.
2026-05-14 01:15:24,582 - root - INFO - Using single devDn for device/history (API: one device per query)
2026-05-14 01:15:24,583 - root - INFO - Fetching historical data for 1 devices of type meteo_station
2026-05-14 01:15:24,583 - root - INFO - Making API request to: https://sg5.fusionsolar.huawei.com/rest/openapi/pvms/nbi/v1/device/history
2026-05-14 01:15:24,584 - root - INFO - Request payload: {'devDn': 'NE=53784300', 'devTypeId': 10, 'startTime': 1778605200000, 'endTime': 1778691599000}
2026-05-14 01:15:25,173 - root - INFO - Response status code: 200
2026-05-14 01:15:25,176 - root - INFO - API response from https://sg5.fusionsolar.huawei.com/rest/openapi/pvms/nbi/v1/device/history (truncated): {'failCode': 0, 'success': True, 'message': 'historical data information query successful.', 'data': [{'devDn': 'NE=53784300', 'collectTime': 1778605200000, 'dataItems': {'radiant_line': 0.0, 'horiz_radiant_total': None, 'horiz_radiant_line': None, 'temperature': 26.0, 'wind_speed': 0.0, 'wind_direction': None, 'radiant_total': 0.0, 'pv_temperature': 26.0}}, {'devDn': 'NE=53784300', 'collectTime': 1778605500000, 'dataItems': {'radiant_line': 0.0, 'horiz_radiant_total': None, 'horiz_radiant_line'...
2026-05-14 01:15:25,178 - root - INFO - API Response type: <class 'dict'>
2026-05-14 01:15:25,178 - root - INFO - API Response keys: ['failCode', 'success', 'message', 'data']
2026-05-14 01:15:25,178 - root - INFO - API Response data is a list with 288 items
2026-05-14 01:15:25,178 - root - INFO - API Response has failCode: 0, message: historical data information query successful.
2026-05-14 01:15:25,178 - root - INFO - Using alternate response format: data as list
2026-05-14 01:15:25,179 - root - INFO - Received 288 data points from API
2026-05-14 01:15:25,179 - root - INFO - Sample data point structure: ['devDn', 'collectTime', 'dataItems']
2026-05-14 01:15:25,259 - root - INFO - Successfully upserted 288 data points.
2026-05-14 01:15:28,609 - root - INFO - Using single devDn for device/history (API: one device per query)
2026-05-14 01:15:28,611 - root - INFO - Fetching historical data for 1 devices of type meteo_station
2026-05-14 01:15:28,611 - root - INFO - Making API request to: https://sg5.fusionsolar.huawei.com/rest/openapi/pvms/nbi/v1/device/history
2026-05-14 01:15:28,611 - root - INFO - Request payload: {'devDn': 'NE=53784307', 'devTypeId': 10, 'startTime': 1778605200000, 'endTime': 1778691599000}
2026-05-14 01:15:29,254 - root - INFO - Response status code: 200
2026-05-14 01:15:29,256 - root - INFO - API response from https://sg5.fusionsolar.huawei.com/rest/openapi/pvms/nbi/v1/device/history (truncated): {'failCode': 0, 'success': True, 'message': 'historical data information query successful.', 'data': [{'devDn': 'NE=53784307', 'collectTime': 1778605200000, 'dataItems': {'radiant_line': 0.0, 'horiz_radiant_total': None, 'horiz_radiant_line': None, 'temperature': 26.3, 'wind_speed': None, 'wind_direction': None, 'radiant_total': 0.0, 'pv_temperature': None}}, {'devDn': 'NE=53784307', 'collectTime': 1778605500000, 'dataItems': {'radiant_line': 0.0, 'horiz_radiant_total': None, 'horiz_radiant_line...
2026-05-14 01:15:29,258 - root - INFO - API Response type: <class 'dict'>
2026-05-14 01:15:29,258 - root - INFO - API Response keys: ['failCode', 'success', 'message', 'data']
2026-05-14 01:15:29,258 - root - INFO - API Response data is a list with 288 items
2026-05-14 01:15:29,258 - root - INFO - API Response has failCode: 0, message: historical data information query successful.
2026-05-14 01:15:29,259 - root - INFO - Using alternate response format: data as list
2026-05-14 01:15:29,259 - root - INFO - Received 288 data points from API
2026-05-14 01:15:29,259 - root - INFO - Sample data point structure: ['devDn', 'collectTime', 'dataItems']
2026-05-14 01:15:29,340 - root - INFO - Successfully upserted 288 data points.
2026-05-14 01:15:32,847 - root - INFO - Using single devDn for device/history (API: one device per query)
2026-05-14 01:15:32,849 - root - INFO - Fetching historical data for 1 devices of type meteo_station
2026-05-14 01:15:32,849 - root - INFO - Making API request to: https://sg5.fusionsolar.huawei.com/rest/openapi/pvms/nbi/v1/device/history
2026-05-14 01:15:32,849 - root - INFO - Request payload: {'devDn': 'NE=53784305', 'devTypeId': 10, 'startTime': 1778605200000, 'endTime': 1778691599000}
2026-05-14 01:15:33,385 - root - INFO - Response status code: 200
2026-05-14 01:15:33,387 - root - INFO - API response from https://sg5.fusionsolar.huawei.com/rest/openapi/pvms/nbi/v1/device/history (truncated): {'failCode': 0, 'success': True, 'message': 'historical data information query successful.', 'data': [{'devDn': 'NE=53784305', 'collectTime': 1778605200000, 'dataItems': {'radiant_line': 0.0, 'horiz_radiant_total': None, 'horiz_radiant_line': None, 'temperature': 25.7, 'wind_speed': 0.0, 'wind_direction': None, 'radiant_total': 0.0, 'pv_temperature': 26.0}}, {'devDn': 'NE=53784305', 'collectTime': 1778605500000, 'dataItems': {'radiant_line': 0.0, 'horiz_radiant_total': None, 'horiz_radiant_line'...
2026-05-14 01:15:33,389 - root - INFO - API Response type: <class 'dict'>
2026-05-14 01:15:33,389 - root - INFO - API Response keys: ['failCode', 'success', 'message', 'data']
2026-05-14 01:15:33,389 - root - INFO - API Response data is a list with 288 items
2026-05-14 01:15:33,389 - root - INFO - API Response has failCode: 0, message: historical data information query successful.
2026-05-14 01:15:33,389 - root - INFO - Using alternate response format: data as list
2026-05-14 01:15:33,390 - root - INFO - Received 288 data points from API
2026-05-14 01:15:33,390 - root - INFO - Sample data point structure: ['devDn', 'collectTime', 'dataItems']
2026-05-14 01:15:33,470 - root - INFO - Successfully upserted 288 data points.
2026-05-14 01:15:36,809 - root - INFO - Using single devDn for device/history (API: one device per query)
2026-05-14 01:15:36,810 - root - INFO - Fetching historical data for 1 devices of type meteo_station
2026-05-14 01:15:36,810 - root - INFO - Making API request to: https://sg5.fusionsolar.huawei.com/rest/openapi/pvms/nbi/v1/device/history
2026-05-14 01:15:36,811 - root - INFO - Request payload: {'devDn': 'NE=53784304', 'devTypeId': 10, 'startTime': 1778605200000, 'endTime': 1778691599000}
2026-05-14 01:15:37,348 - root - INFO - Response status code: 200
2026-05-14 01:15:37,350 - root - INFO - API response from https://sg5.fusionsolar.huawei.com/rest/openapi/pvms/nbi/v1/device/history (truncated): {'failCode': 0, 'success': True, 'message': 'historical data information query successful.', 'data': [{'devDn': 'NE=53784304', 'collectTime': 1778605200000, 'dataItems': {'radiant_line': 0.0, 'horiz_radiant_total': None, 'horiz_radiant_line': None, 'temperature': 0.0, 'wind_speed': 0.0, 'wind_direction': None, 'radiant_total': 0.0, 'pv_temperature': 25.8}}, {'devDn': 'NE=53784304', 'collectTime': 1778605500000, 'dataItems': {'radiant_line': 0.0, 'horiz_radiant_total': None, 'horiz_radiant_line':...
2026-05-14 01:15:37,352 - root - INFO - API Response type: <class 'dict'>
2026-05-14 01:15:37,352 - root - INFO - API Response keys: ['failCode', 'success', 'message', 'data']
2026-05-14 01:15:37,352 - root - INFO - API Response data is a list with 288 items
2026-05-14 01:15:37,352 - root - INFO - API Response has failCode: 0, message: historical data information query successful.
2026-05-14 01:15:37,353 - root - INFO - Using alternate response format: data as list
2026-05-14 01:15:37,353 - root - INFO - Received 288 data points from API
2026-05-14 01:15:37,353 - root - INFO - Sample data point structure: ['devDn', 'collectTime', 'dataItems']
2026-05-14 01:15:37,434 - root - INFO - Successfully upserted 288 data points.
2026-05-14 01:15:40,775 - root - INFO - Using single devDn for device/history (API: one device per query)
2026-05-14 01:15:40,777 - root - INFO - Fetching historical data for 1 devices of type meteo_station
2026-05-14 01:15:40,777 - root - INFO - Making API request to: https://sg5.fusionsolar.huawei.com/rest/openapi/pvms/nbi/v1/device/history
2026-05-14 01:15:40,777 - root - INFO - Request payload: {'devDn': 'NE=62806360', 'devTypeId': 10, 'startTime': 1778605200000, 'endTime': 1778691599000}
2026-05-14 01:15:41,408 - root - INFO - Response status code: 200
2026-05-14 01:15:41,410 - root - INFO - API response from https://sg5.fusionsolar.huawei.com/rest/openapi/pvms/nbi/v1/device/history (truncated): {'failCode': 0, 'success': True, 'message': 'historical data information query successful.', 'data': [{'devDn': 'NE=62806360', 'collectTime': 1778605200000, 'dataItems': {'radiant_line': 0.0, 'horiz_radiant_total': None, 'horiz_radiant_line': None, 'temperature': 27.1, 'wind_speed': None, 'wind_direction': None, 'radiant_total': 0.0, 'pv_temperature': 27.0}}, {'devDn': 'NE=62806360', 'collectTime': 1778605500000, 'dataItems': {'radiant_line': 0.0, 'horiz_radiant_total': None, 'horiz_radiant_line...
2026-05-14 01:15:41,412 - root - INFO - API Response type: <class 'dict'>
2026-05-14 01:15:41,412 - root - INFO - API Response keys: ['failCode', 'success', 'message', 'data']
2026-05-14 01:15:41,412 - root - INFO - API Response data is a list with 288 items
2026-05-14 01:15:41,412 - root - INFO - API Response has failCode: 0, message: historical data information query successful.
2026-05-14 01:15:41,413 - root - INFO - Using alternate response format: data as list
2026-05-14 01:15:41,413 - root - INFO - Received 288 data points from API
2026-05-14 01:15:41,413 - root - INFO - Sample data point structure: ['devDn', 'collectTime', 'dataItems']
2026-05-14 01:15:41,496 - root - INFO - Successfully upserted 288 data points.
2026-05-14 01:15:44,811 - root - INFO - Using single devDn for device/history (API: one device per query)
2026-05-14 01:15:44,812 - root - INFO - Fetching historical data for 1 devices of type meteo_station
2026-05-14 01:15:44,812 - root - INFO - Making API request to: https://sg5.fusionsolar.huawei.com/rest/openapi/pvms/nbi/v1/device/history
2026-05-14 01:15:44,812 - root - INFO - Request payload: {'devDn': 'NE=62807014', 'devTypeId': 10, 'startTime': 1778605200000, 'endTime': 1778691599000}
2026-05-14 01:15:45,213 - root - INFO - Response status code: 200
2026-05-14 01:15:45,214 - root - INFO - API response from https://sg5.fusionsolar.huawei.com/rest/openapi/pvms/nbi/v1/device/history (truncated): {'failCode': 0, 'success': True, 'message': 'historical data information query successful.', 'data': []}
2026-05-14 01:15:45,216 - root - INFO - API Response type: <class 'dict'>
2026-05-14 01:15:45,216 - root - INFO - API Response keys: ['failCode', 'success', 'message', 'data']
2026-05-14 01:15:45,216 - root - INFO - API Response data is a list with 0 items
2026-05-14 01:15:45,216 - root - INFO - API Response has failCode: 0, message: historical data information query successful.
2026-05-14 01:15:45,216 - root - INFO - Using alternate response format: data as list
2026-05-14 01:15:45,217 - root - INFO - No data points returned for the query period
2026-05-14 01:15:45,217 - root - INFO - Using single devDn for device/history (API: one device per query)
2026-05-14 01:15:45,217 - root - INFO - Fetching historical data for 1 devices of type meteo_station
2026-05-14 01:15:45,217 - root - INFO - Making API request to: https://sg5.fusionsolar.huawei.com/rest/openapi/pvms/nbi/v1/device/history
2026-05-14 01:15:45,217 - root - INFO - Request payload: {'devDn': 'NE=62807015', 'devTypeId': 10, 'startTime': 1778605200000, 'endTime': 1778691599000}
2026-05-14 01:15:45,532 - root - INFO - Response status code: 200
2026-05-14 01:15:45,532 - root - INFO - API response from https://sg5.fusionsolar.huawei.com/rest/openapi/pvms/nbi/v1/device/history (truncated): {'failCode': 407, 'success': False, 'message': 'Interface access frequency:0.39333333333333337/1second', 'data': []}
2026-05-14 01:15:45,533 - root - WARNING - API access frequency too high. Waiting 30 seconds before retry...
2026-05-14 01:16:15,534 - root - INFO - Retrying API request after rate limit wait...
2026-05-14 01:16:15,534 - root - INFO - Making API request to: https://sg5.fusionsolar.huawei.com/rest/openapi/pvms/nbi/v1/device/history
2026-05-14 01:16:15,535 - root - INFO - Request payload: {'devDn': 'NE=62807015', 'devTypeId': 10, 'startTime': 1778605200000, 'endTime': 1778691599000}
2026-05-14 01:16:15,930 - root - INFO - Response status code: 200
2026-05-14 01:16:15,931 - root - INFO - API response from https://sg5.fusionsolar.huawei.com/rest/openapi/pvms/nbi/v1/device/history (truncated): {'failCode': 0, 'success': True, 'message': 'historical data information query successful.', 'data': []}
2026-05-14 01:16:15,934 - root - INFO - API Response type: <class 'dict'>
2026-05-14 01:16:15,934 - root - INFO - API Response keys: ['failCode', 'success', 'message', 'data']
2026-05-14 01:16:15,934 - root - INFO - API Response data is a list with 0 items
2026-05-14 01:16:15,935 - root - INFO - API Response has failCode: 0, message: historical data information query successful.
2026-05-14 01:16:15,935 - root - INFO - Using alternate response format: data as list
2026-05-14 01:16:15,935 - root - INFO - No data points returned for the query period
2026-05-14 01:16:15,935 - root - INFO - Using single devDn for device/history (API: one device per query)
2026-05-14 01:16:15,935 - root - INFO - Fetching historical data for 1 devices of type inverter
2026-05-14 01:16:15,935 - root - INFO - Making API request to: https://sg5.fusionsolar.huawei.com/rest/openapi/pvms/nbi/v1/device/history
2026-05-14 01:16:15,936 - root - INFO - Request payload: {'devDn': 'NE=60951887', 'devTypeId': 1, 'startTime': 1778605200000, 'endTime': 1778691599000}
2026-05-14 01:16:16,245 - root - INFO - Response status code: 200
2026-05-14 01:16:16,245 - root - INFO - API response from https://sg5.fusionsolar.huawei.com/rest/openapi/pvms/nbi/v1/device/history (truncated): {'failCode': 407, 'success': False, 'message': 'Interface access frequency:0.39333333333333337/1second', 'data': []}
2026-05-14 01:16:16,246 - root - WARNING - API access frequency too high. Waiting 30 seconds before retry...
2026-05-14 01:16:46,246 - root - INFO - Retrying API request after rate limit wait...
2026-05-14 01:16:46,246 - root - INFO - Making API request to: https://sg5.fusionsolar.huawei.com/rest/openapi/pvms/nbi/v1/device/history
2026-05-14 01:16:46,247 - root - INFO - Request payload: {'devDn': 'NE=60951887', 'devTypeId': 1, 'startTime': 1778605200000, 'endTime': 1778691599000}
2026-05-14 01:16:48,573 - root - INFO - Response status code: 200
2026-05-14 01:16:48,594 - root - INFO - API response from https://sg5.fusionsolar.huawei.com/rest/openapi/pvms/nbi/v1/device/history (truncated): {'failCode': 0, 'success': True, 'message': 'historical data information query successful.', 'data': [{'devDn': 'NE=60951887', 'collectTime': 1778605200000, 'dataItems': {'pv28_i': None, 'pv4_u': None, 'pv24_i': None, 'mppt_total_cap': 11244.56, 'pv8_u': None, 'a_i': 0.266, 'pv24_u': None, 'mppt_9_cap': None, 'pv20_u': None, 'a_u': 224.4, 'pv17_u': None, 'pv20_i': None, 'efficiency': 100.0, 'pv17_i': None, 'pv13_i': None, 'pv36_i': None, 'mppt_power': 0.0, 'pv13_u': None, 'pv36_u': None, 'mppt_7...
2026-05-14 01:16:48,597 - root - INFO - API Response type: <class 'dict'>
2026-05-14 01:16:48,597 - root - INFO - API Response keys: ['failCode', 'success', 'message', 'data']
2026-05-14 01:16:48,598 - root - INFO - API Response data is a list with 288 items
2026-05-14 01:16:48,598 - root - INFO - API Response has failCode: 0, message: historical data information query successful.
2026-05-14 01:16:48,598 - root - INFO - Using alternate response format: data as list
2026-05-14 01:16:48,598 - root - INFO - Received 288 data points from API
2026-05-14 01:16:48,598 - root - INFO - Sample data point structure: ['devDn', 'collectTime', 'dataItems']
2026-05-14 01:16:48,709 - root - INFO - Successfully upserted 288 data points.
2026-05-14 01:16:52,060 - root - INFO - Using single devDn for device/history (API: one device per query)
2026-05-14 01:16:52,061 - root - INFO - Fetching historical data for 1 devices of type inverter
2026-05-14 01:16:52,061 - root - INFO - Making API request to: https://sg5.fusionsolar.huawei.com/rest/openapi/pvms/nbi/v1/device/history
2026-05-14 01:16:52,061 - root - INFO - Request payload: {'devDn': 'NE=61851554', 'devTypeId': 1, 'startTime': 1778605200000, 'endTime': 1778691599000}
2026-05-14 01:16:53,797 - root - INFO - Response status code: 200
2026-05-14 01:16:53,811 - root - INFO - API response from https://sg5.fusionsolar.huawei.com/rest/openapi/pvms/nbi/v1/device/history (truncated): {'failCode': 0, 'success': True, 'message': 'historical data information query successful.', 'data': [{'devDn': 'NE=61851554', 'collectTime': 1778605200000, 'dataItems': {'pv28_i': None, 'pv4_u': 0.0, 'pv24_i': None, 'mppt_total_cap': 33168.92, 'pv8_u': 0.0, 'a_i': 0.0, 'pv24_u': None, 'mppt_9_cap': None, 'pv20_u': 0.0, 'a_u': 0.0, 'pv17_u': 0.0, 'pv20_i': 0.0, 'efficiency': 0.0, 'pv17_i': 0.0, 'pv13_i': 0.0, 'pv36_i': None, 'mppt_power': 0.0, 'pv13_u': 0.0, 'pv36_u': None, 'mppt_7_cap': 5743.33...
2026-05-14 01:16:53,813 - root - INFO - API Response type: <class 'dict'>
2026-05-14 01:16:53,813 - root - INFO - API Response keys: ['failCode', 'success', 'message', 'data']
2026-05-14 01:16:53,813 - root - INFO - API Response data is a list with 150 items
2026-05-14 01:16:53,813 - root - INFO - API Response has failCode: 0, message: historical data information query successful.
2026-05-14 01:16:53,813 - root - INFO - Using alternate response format: data as list
2026-05-14 01:16:53,813 - root - INFO - Received 150 data points from API
2026-05-14 01:16:53,814 - root - INFO - Sample data point structure: ['devDn', 'collectTime', 'dataItems']
2026-05-14 01:16:53,875 - root - INFO - Successfully upserted 150 data points.
2026-05-14 01:16:56,978 - root - INFO - Using single devDn for device/history (API: one device per query)
2026-05-14 01:16:56,979 - root - INFO - Fetching historical data for 1 devices of type inverter
2026-05-14 01:16:56,979 - root - INFO - Making API request to: https://sg5.fusionsolar.huawei.com/rest/openapi/pvms/nbi/v1/device/history
2026-05-14 01:16:56,979 - root - INFO - Request payload: {'devDn': 'NE=61851555', 'devTypeId': 1, 'startTime': 1778605200000, 'endTime': 1778691599000}
2026-05-14 01:16:58,515 - root - INFO - Response status code: 200
2026-05-14 01:16:58,528 - root - INFO - API response from https://sg5.fusionsolar.huawei.com/rest/openapi/pvms/nbi/v1/device/history (truncated): {'failCode': 0, 'success': True, 'message': 'historical data information query successful.', 'data': [{'devDn': 'NE=61851555', 'collectTime': 1778605200000, 'dataItems': {'pv28_i': None, 'pv4_u': 0.0, 'pv24_i': None, 'mppt_total_cap': 34254.58, 'pv8_u': 0.0, 'a_i': 0.0, 'pv24_u': None, 'mppt_9_cap': None, 'pv20_u': 0.0, 'a_u': 0.0, 'pv17_u': 0.0, 'pv20_i': 0.0, 'efficiency': 0.0, 'pv17_i': 0.0, 'pv13_i': 0.0, 'pv36_i': None, 'mppt_power': 0.0, 'pv13_u': 0.0, 'pv36_u': None, 'mppt_7_cap': 6183.59...
2026-05-14 01:16:58,530 - root - INFO - API Response type: <class 'dict'>
2026-05-14 01:16:58,530 - root - INFO - API Response keys: ['failCode', 'success', 'message', 'data']
2026-05-14 01:16:58,530 - root - INFO - API Response data is a list with 150 items
2026-05-14 01:16:58,530 - root - INFO - API Response has failCode: 0, message: historical data information query successful.
2026-05-14 01:16:58,530 - root - INFO - Using alternate response format: data as list
2026-05-14 01:16:58,531 - root - INFO - Received 150 data points from API
2026-05-14 01:16:58,531 - root - INFO - Sample data point structure: ['devDn', 'collectTime', 'dataItems']
2026-05-14 01:16:58,590 - root - INFO - Successfully upserted 150 data points.
2026-05-14 01:17:01,641 - root - INFO - Using single devDn for device/history (API: one device per query)
2026-05-14 01:17:01,643 - root - INFO - Fetching historical data for 1 devices of type inverter
2026-05-14 01:17:01,643 - root - INFO - Making API request to: https://sg5.fusionsolar.huawei.com/rest/openapi/pvms/nbi/v1/device/history
2026-05-14 01:17:01,643 - root - INFO - Request payload: {'devDn': 'NE=61851552', 'devTypeId': 1, 'startTime': 1778605200000, 'endTime': 1778691599000}
2026-05-14 01:17:03,461 - root - INFO - Response status code: 200
2026-05-14 01:17:03,474 - root - INFO - API response from https://sg5.fusionsolar.huawei.com/rest/openapi/pvms/nbi/v1/device/history (truncated): {'failCode': 0, 'success': True, 'message': 'historical data information query successful.', 'data': [{'devDn': 'NE=61851552', 'collectTime': 1778605200000, 'dataItems': {'pv28_i': None, 'pv4_u': 0.0, 'pv24_i': None, 'mppt_total_cap': 31283.05, 'pv8_u': 0.0, 'a_i': 0.0, 'pv24_u': None, 'mppt_9_cap': None, 'pv20_u': 0.0, 'a_u': 0.0, 'pv17_u': 0.0, 'pv20_i': 0.0, 'efficiency': 0.0, 'pv17_i': 0.0, 'pv13_i': 0.0, 'pv36_i': None, 'mppt_power': 0.0, 'pv13_u': 0.0, 'pv36_u': None, 'mppt_7_cap': 5712.51...
2026-05-14 01:17:03,476 - root - INFO - API Response type: <class 'dict'>
2026-05-14 01:17:03,477 - root - INFO - API Response keys: ['failCode', 'success', 'message', 'data']
2026-05-14 01:17:03,477 - root - INFO - API Response data is a list with 150 items
2026-05-14 01:17:03,477 - root - INFO - API Response has failCode: 0, message: historical data information query successful.
2026-05-14 01:17:03,477 - root - INFO - Using alternate response format: data as list
2026-05-14 01:17:03,477 - root - INFO - Received 150 data points from API
2026-05-14 01:17:03,477 - root - INFO - Sample data point structure: ['devDn', 'collectTime', 'dataItems']
2026-05-14 01:17:03,538 - root - INFO - Successfully upserted 150 data points.
2026-05-14 01:17:06,578 - root - INFO - Using single devDn for device/history (API: one device per query)
2026-05-14 01:17:06,579 - root - INFO - Fetching historical data for 1 devices of type inverter
2026-05-14 01:17:06,580 - root - INFO - Making API request to: https://sg5.fusionsolar.huawei.com/rest/openapi/pvms/nbi/v1/device/history
2026-05-14 01:17:06,580 - root - INFO - Request payload: {'devDn': 'NE=61851553', 'devTypeId': 1, 'startTime': 1778605200000, 'endTime': 1778691599000}
2026-05-14 01:17:08,396 - root - INFO - Response status code: 200
2026-05-14 01:17:08,410 - root - INFO - API response from https://sg5.fusionsolar.huawei.com/rest/openapi/pvms/nbi/v1/device/history (truncated): {'failCode': 0, 'success': True, 'message': 'historical data information query successful.', 'data': [{'devDn': 'NE=61851553', 'collectTime': 1778605200000, 'dataItems': {'pv28_i': None, 'pv4_u': 0.0, 'pv24_i': None, 'mppt_total_cap': 31200.23, 'pv8_u': 0.0, 'a_i': 0.0, 'pv24_u': None, 'mppt_9_cap': None, 'pv20_u': 0.0, 'a_u': 0.0, 'pv17_u': 0.0, 'pv20_i': 0.0, 'efficiency': 0.0, 'pv17_i': 0.0, 'pv13_i': 0.0, 'pv36_i': None, 'mppt_power': 0.0, 'pv13_u': 0.0, 'pv36_u': None, 'mppt_7_cap': 5704.65...
2026-05-14 01:17:08,412 - root - INFO - API Response type: <class 'dict'>
2026-05-14 01:17:08,412 - root - INFO - API Response keys: ['failCode', 'success', 'message', 'data']
2026-05-14 01:17:08,412 - root - INFO - API Response data is a list with 150 items
2026-05-14 01:17:08,412 - root - INFO - API Response has failCode: 0, message: historical data information query successful.
2026-05-14 01:17:08,412 - root - INFO - Using alternate response format: data as list
2026-05-14 01:17:08,413 - root - INFO - Received 150 data points from API
2026-05-14 01:17:08,413 - root - INFO - Sample data point structure: ['devDn', 'collectTime', 'dataItems']
2026-05-14 01:17:08,474 - root - INFO - Successfully upserted 150 data points.
2026-05-14 01:17:11,512 - root - INFO - Using single devDn for device/history (API: one device per query)
2026-05-14 01:17:11,514 - root - INFO - Fetching historical data for 1 devices of type inverter
2026-05-14 01:17:11,514 - root - INFO - Making API request to: https://sg5.fusionsolar.huawei.com/rest/openapi/pvms/nbi/v1/device/history
2026-05-14 01:17:11,514 - root - INFO - Request payload: {'devDn': 'NE=61851556', 'devTypeId': 1, 'startTime': 1778605200000, 'endTime': 1778691599000}
2026-05-14 01:17:13,188 - root - INFO - Response status code: 200
2026-05-14 01:17:13,201 - root - INFO - API response from https://sg5.fusionsolar.huawei.com/rest/openapi/pvms/nbi/v1/device/history (truncated): {'failCode': 0, 'success': True, 'message': 'historical data information query successful.', 'data': [{'devDn': 'NE=61851556', 'collectTime': 1778605200000, 'dataItems': {'pv28_i': None, 'pv4_u': 0.0, 'pv24_i': None, 'mppt_total_cap': 34099.68, 'pv8_u': 0.0, 'a_i': 0.0, 'pv24_u': None, 'mppt_9_cap': None, 'pv20_u': 0.0, 'a_u': 0.0, 'pv17_u': 0.0, 'pv20_i': 0.0, 'efficiency': 0.0, 'pv17_i': 0.0, 'pv13_i': 0.0, 'pv36_i': None, 'mppt_power': 0.0, 'pv13_u': 0.0, 'pv36_u': None, 'mppt_7_cap': 6092.49...
2026-05-14 01:17:13,203 - root - INFO - API Response type: <class 'dict'>
2026-05-14 01:17:13,203 - root - INFO - API Response keys: ['failCode', 'success', 'message', 'data']
2026-05-14 01:17:13,203 - root - INFO - API Response data is a list with 150 items
2026-05-14 01:17:13,203 - root - INFO - API Response has failCode: 0, message: historical data information query successful.
2026-05-14 01:17:13,204 - root - INFO - Using alternate response format: data as list
2026-05-14 01:17:13,204 - root - INFO - Received 150 data points from API
2026-05-14 01:17:13,204 - root - INFO - Sample data point structure: ['devDn', 'collectTime', 'dataItems']
2026-05-14 01:17:13,265 - root - INFO - Successfully upserted 150 data points.
2026-05-14 01:17:16,292 - root - INFO - Using single devDn for device/history (API: one device per query)
2026-05-14 01:17:16,293 - root - INFO - Fetching historical data for 1 devices of type inverter
2026-05-14 01:17:16,293 - root - INFO - Making API request to: https://sg5.fusionsolar.huawei.com/rest/openapi/pvms/nbi/v1/device/history
2026-05-14 01:17:16,293 - root - INFO - Request payload: {'devDn': 'NE=61851557', 'devTypeId': 1, 'startTime': 1778605200000, 'endTime': 1778691599000}
2026-05-14 01:17:18,029 - root - INFO - Response status code: 200
2026-05-14 01:17:18,042 - root - INFO - API response from https://sg5.fusionsolar.huawei.com/rest/openapi/pvms/nbi/v1/device/history (truncated): {'failCode': 0, 'success': True, 'message': 'historical data information query successful.', 'data': [{'devDn': 'NE=61851557', 'collectTime': 1778605200000, 'dataItems': {'pv28_i': None, 'pv4_u': 0.0, 'pv24_i': None, 'mppt_total_cap': 34356.26, 'pv8_u': 0.0, 'a_i': 0.0, 'pv24_u': None, 'mppt_9_cap': None, 'pv20_u': 0.0, 'a_u': 0.0, 'pv17_u': 0.0, 'pv20_i': 0.0, 'efficiency': 0.0, 'pv17_i': 0.0, 'pv13_i': 0.0, 'pv36_i': None, 'mppt_power': 0.0, 'pv13_u': 0.0, 'pv36_u': None, 'mppt_7_cap': 5959.0,...
2026-05-14 01:17:18,044 - root - INFO - API Response type: <class 'dict'>
2026-05-14 01:17:18,045 - root - INFO - API Response keys: ['failCode', 'success', 'message', 'data']
2026-05-14 01:17:18,045 - root - INFO - API Response data is a list with 150 items
2026-05-14 01:17:18,045 - root - INFO - API Response has failCode: 0, message: historical data information query successful.
2026-05-14 01:17:18,045 - root - INFO - Using alternate response format: data as list
2026-05-14 01:17:18,045 - root - INFO - Received 150 data points from API
2026-05-14 01:17:18,045 - root - INFO - Sample data point structure: ['devDn', 'collectTime', 'dataItems']
2026-05-14 01:17:18,105 - root - INFO - Successfully upserted 150 data points.
2026-05-14 01:17:21,135 - root - INFO - Using single devDn for device/history (API: one device per query)
2026-05-14 01:17:21,137 - root - INFO - Fetching historical data for 1 devices of type inverter
2026-05-14 01:17:21,137 - root - INFO - Making API request to: https://sg5.fusionsolar.huawei.com/rest/openapi/pvms/nbi/v1/device/history
2026-05-14 01:17:21,137 - root - INFO - Request payload: {'devDn': 'NE=52031815', 'devTypeId': 1, 'startTime': 1778605200000, 'endTime': 1778691599000}
2026-05-14 01:17:22,541 - root - INFO - Response status code: 200
2026-05-14 01:17:22,556 - root - INFO - API response from https://sg5.fusionsolar.huawei.com/rest/openapi/pvms/nbi/v1/device/history (truncated): {'failCode': 0, 'success': True, 'message': 'historical data information query successful.', 'data': [{'devDn': 'NE=52031815', 'collectTime': 1778623800000, 'dataItems': {'pv28_i': 0.0, 'pv4_u': 0.0, 'pv24_i': 0.0, 'mppt_total_cap': 819047.71, 'pv8_u': 0.0, 'a_i': 0.0, 'pv24_u': 0.0, 'mppt_9_cap': 0.0, 'pv20_u': 0.0, 'a_u': 0.0, 'pv17_u': 0.0, 'pv20_i': 0.0, 'efficiency': 0.0, 'pv17_i': 0.0, 'pv13_i': 0.0, 'pv36_i': None, 'mppt_power': 0.0, 'pv13_u': 0.0, 'pv36_u': None, 'mppt_7_cap': 0.0, 'pv32...
2026-05-14 01:17:22,558 - root - INFO - API Response type: <class 'dict'>
2026-05-14 01:17:22,558 - root - INFO - API Response keys: ['failCode', 'success', 'message', 'data']
2026-05-14 01:17:22,558 - root - INFO - API Response data is a list with 156 items
2026-05-14 01:17:22,558 - root - INFO - API Response has failCode: 0, message: historical data information query successful.
2026-05-14 01:17:22,558 - root - INFO - Using alternate response format: data as list
2026-05-14 01:17:22,559 - root - INFO - Received 156 data points from API
2026-05-14 01:17:22,559 - root - INFO - Sample data point structure: ['devDn', 'collectTime', 'dataItems']
2026-05-14 01:17:22,623 - root - INFO - Successfully upserted 156 data points.
2026-05-14 01:17:26,185 - root - INFO - Using single devDn for device/history (API: one device per query)
2026-05-14 01:17:26,186 - root - INFO - Fetching historical data for 1 devices of type inverter
2026-05-14 01:17:26,186 - root - INFO - Making API request to: https://sg5.fusionsolar.huawei.com/rest/openapi/pvms/nbi/v1/device/history
2026-05-14 01:17:26,186 - root - INFO - Request payload: {'devDn': 'NE=52031818', 'devTypeId': 1, 'startTime': 1778605200000, 'endTime': 1778691599000}
2026-05-14 01:17:27,664 - root - INFO - Response status code: 200
2026-05-14 01:17:27,678 - root - INFO - API response from https://sg5.fusionsolar.huawei.com/rest/openapi/pvms/nbi/v1/device/history (truncated): {'failCode': 0, 'success': True, 'message': 'historical data information query successful.', 'data': [{'devDn': 'NE=52031818', 'collectTime': 1778623800000, 'dataItems': {'pv28_i': 0.0, 'pv4_u': 0.0, 'pv24_i': 0.0, 'mppt_total_cap': 827851.07, 'pv8_u': 0.0, 'a_i': 0.0, 'pv24_u': 0.0, 'mppt_9_cap': 0.0, 'pv20_u': 0.0, 'a_u': 0.0, 'pv17_u': 0.0, 'pv20_i': 0.0, 'efficiency': 0.0, 'pv17_i': 0.0, 'pv13_i': 0.0, 'pv36_i': None, 'mppt_power': 0.0, 'pv13_u': 0.0, 'pv36_u': None, 'mppt_7_cap': 0.0, 'pv32...
2026-05-14 01:17:27,680 - root - INFO - API Response type: <class 'dict'>
2026-05-14 01:17:27,680 - root - INFO - API Response keys: ['failCode', 'success', 'message', 'data']
2026-05-14 01:17:27,680 - root - INFO - API Response data is a list with 156 items
2026-05-14 01:17:27,680 - root - INFO - API Response has failCode: 0, message: historical data information query successful.
2026-05-14 01:17:27,681 - root - INFO - Using alternate response format: data as list
2026-05-14 01:17:27,681 - root - INFO - Received 156 data points from API
2026-05-14 01:17:27,681 - root - INFO - Sample data point structure: ['devDn', 'collectTime', 'dataItems']
2026-05-14 01:17:27,745 - root - INFO - Successfully upserted 156 data points.
2026-05-14 01:17:31,277 - root - INFO - Using single devDn for device/history (API: one device per query)
2026-05-14 01:17:31,279 - root - INFO - Fetching historical data for 1 devices of type inverter
2026-05-14 01:17:31,279 - root - INFO - Making API request to: https://sg5.fusionsolar.huawei.com/rest/openapi/pvms/nbi/v1/device/history
2026-05-14 01:17:31,279 - root - INFO - Request payload: {'devDn': 'NE=52031819', 'devTypeId': 1, 'startTime': 1778605200000, 'endTime': 1778691599000}
2026-05-14 01:17:32,627 - root - INFO - Response status code: 200
2026-05-14 01:17:32,642 - root - INFO - API response from https://sg5.fusionsolar.huawei.com/rest/openapi/pvms/nbi/v1/device/history (truncated): {'failCode': 0, 'success': True, 'message': 'historical data information query successful.', 'data': [{'devDn': 'NE=52031819', 'collectTime': 1778623800000, 'dataItems': {'pv28_i': 0.0, 'pv4_u': 0.0, 'pv24_i': 0.0, 'mppt_total_cap': 778217.01, 'pv8_u': 0.0, 'a_i': 0.0, 'pv24_u': 0.0, 'mppt_9_cap': 0.0, 'pv20_u': 0.0, 'a_u': 0.0, 'pv17_u': 0.0, 'pv20_i': 0.0, 'efficiency': 0.0, 'pv17_i': 0.0, 'pv13_i': 0.0, 'pv36_i': None, 'mppt_power': 0.0, 'pv13_u': 0.0, 'pv36_u': None, 'mppt_7_cap': 0.0, 'pv32...
2026-05-14 01:17:32,644 - root - INFO - API Response type: <class 'dict'>
2026-05-14 01:17:32,644 - root - INFO - API Response keys: ['failCode', 'success', 'message', 'data']
2026-05-14 01:17:32,644 - root - INFO - API Response data is a list with 156 items
2026-05-14 01:17:32,644 - root - INFO - API Response has failCode: 0, message: historical data information query successful.
2026-05-14 01:17:32,644 - root - INFO - Using alternate response format: data as list
2026-05-14 01:17:32,644 - root - INFO - Received 156 data points from API
2026-05-14 01:17:32,645 - root - INFO - Sample data point structure: ['devDn', 'collectTime', 'dataItems']
2026-05-14 01:17:32,709 - root - INFO - Successfully upserted 156 data points.
2026-05-14 01:17:36,087 - root - INFO - Using single devDn for device/history (API: one device per query)
2026-05-14 01:17:36,089 - root - INFO - Fetching historical data for 1 devices of type inverter
2026-05-14 01:17:36,089 - root - INFO - Making API request to: https://sg5.fusionsolar.huawei.com/rest/openapi/pvms/nbi/v1/device/history
2026-05-14 01:17:36,089 - root - INFO - Request payload: {'devDn': 'NE=52031820', 'devTypeId': 1, 'startTime': 1778605200000, 'endTime': 1778691599000}
2026-05-14 01:17:37,685 - root - INFO - Response status code: 200
2026-05-14 01:17:37,700 - root - INFO - API response from https://sg5.fusionsolar.huawei.com/rest/openapi/pvms/nbi/v1/device/history (truncated): {'failCode': 0, 'success': True, 'message': 'historical data information query successful.', 'data': [{'devDn': 'NE=52031820', 'collectTime': 1778623800000, 'dataItems': {'pv28_i': 0.0, 'pv4_u': 0.0, 'pv24_i': 0.0, 'mppt_total_cap': 802879.42, 'pv8_u': 0.0, 'a_i': 0.0, 'pv24_u': 0.0, 'mppt_9_cap': 0.0, 'pv20_u': 0.0, 'a_u': 0.0, 'pv17_u': 0.0, 'pv20_i': 0.0, 'efficiency': 0.0, 'pv17_i': 0.0, 'pv13_i': 0.0, 'pv36_i': None, 'mppt_power': 0.0, 'pv13_u': 0.0, 'pv36_u': None, 'mppt_7_cap': 0.0, 'pv32...
2026-05-14 01:17:37,702 - root - INFO - API Response type: <class 'dict'>
2026-05-14 01:17:37,702 - root - INFO - API Response keys: ['failCode', 'success', 'message', 'data']
2026-05-14 01:17:37,702 - root - INFO - API Response data is a list with 156 items
2026-05-14 01:17:37,702 - root - INFO - API Response has failCode: 0, message: historical data information query successful.
2026-05-14 01:17:37,702 - root - INFO - Using alternate response format: data as list
2026-05-14 01:17:37,702 - root - INFO - Received 156 data points from API
2026-05-14 01:17:37,703 - root - INFO - Sample data point structure: ['devDn', 'collectTime', 'dataItems']
2026-05-14 01:17:37,766 - root - INFO - Successfully upserted 156 data points.
2026-05-14 01:17:41,224 - root - INFO - Using single devDn for device/history (API: one device per query)
2026-05-14 01:17:41,226 - root - INFO - Fetching historical data for 1 devices of type inverter
2026-05-14 01:17:41,226 - root - INFO - Making API request to: https://sg5.fusionsolar.huawei.com/rest/openapi/pvms/nbi/v1/device/history
2026-05-14 01:17:41,226 - root - INFO - Request payload: {'devDn': 'NE=52031821', 'devTypeId': 1, 'startTime': 1778605200000, 'endTime': 1778691599000}
2026-05-14 01:17:42,611 - root - INFO - Response status code: 200
2026-05-14 01:17:42,625 - root - INFO - API response from https://sg5.fusionsolar.huawei.com/rest/openapi/pvms/nbi/v1/device/history (truncated): {'failCode': 0, 'success': True, 'message': 'historical data information query successful.', 'data': [{'devDn': 'NE=52031821', 'collectTime': 1778623800000, 'dataItems': {'pv28_i': 0.0, 'pv4_u': 0.0, 'pv24_i': 0.0, 'mppt_total_cap': 808699.18, 'pv8_u': 0.0, 'a_i': 0.0, 'pv24_u': 0.0, 'mppt_9_cap': 0.0, 'pv20_u': 0.0, 'a_u': 0.0, 'pv17_u': 0.0, 'pv20_i': 0.0, 'efficiency': 0.0, 'pv17_i': 0.0, 'pv13_i': 0.0, 'pv36_i': None, 'mppt_power': 0.0, 'pv13_u': 0.0, 'pv36_u': None, 'mppt_7_cap': 0.0, 'pv32...
2026-05-14 01:17:42,627 - root - INFO - API Response type: <class 'dict'>
2026-05-14 01:17:42,627 - root - INFO - API Response keys: ['failCode', 'success', 'message', 'data']
2026-05-14 01:17:42,628 - root - INFO - API Response data is a list with 156 items
2026-05-14 01:17:42,628 - root - INFO - API Response has failCode: 0, message: historical data information query successful.
2026-05-14 01:17:42,628 - root - INFO - Using alternate response format: data as list
2026-05-14 01:17:42,628 - root - INFO - Received 156 data points from API
2026-05-14 01:17:42,628 - root - INFO - Sample data point structure: ['devDn', 'collectTime', 'dataItems']
2026-05-14 01:17:42,693 - root - INFO - Successfully upserted 156 data points.
2026-05-14 01:17:46,156 - root - INFO - Using single devDn for device/history (API: one device per query)
2026-05-14 01:17:46,157 - root - INFO - Fetching historical data for 1 devices of type inverter
2026-05-14 01:17:46,157 - root - INFO - Making API request to: https://sg5.fusionsolar.huawei.com/rest/openapi/pvms/nbi/v1/device/history
2026-05-14 01:17:46,157 - root - INFO - Request payload: {'devDn': 'NE=52031822', 'devTypeId': 1, 'startTime': 1778605200000, 'endTime': 1778691599000}
2026-05-14 01:17:47,614 - root - INFO - Response status code: 200
2026-05-14 01:17:47,629 - root - INFO - API response from https://sg5.fusionsolar.huawei.com/rest/openapi/pvms/nbi/v1/device/history (truncated): {'failCode': 0, 'success': True, 'message': 'historical data information query successful.', 'data': [{'devDn': 'NE=52031822', 'collectTime': 1778623800000, 'dataItems': {'pv28_i': 0.0, 'pv4_u': 0.0, 'pv24_i': 0.0, 'mppt_total_cap': 823124.08, 'pv8_u': 0.0, 'a_i': 0.0, 'pv24_u': 0.0, 'mppt_9_cap': 0.0, 'pv20_u': 0.0, 'a_u': 0.0, 'pv17_u': 0.0, 'pv20_i': 0.0, 'efficiency': 0.0, 'pv17_i': 0.0, 'pv13_i': 0.0, 'pv36_i': None, 'mppt_power': 0.0, 'pv13_u': 0.0, 'pv36_u': None, 'mppt_7_cap': 0.0, 'pv32...
2026-05-14 01:17:47,631 - root - INFO - API Response type: <class 'dict'>
2026-05-14 01:17:47,631 - root - INFO - API Response keys: ['failCode', 'success', 'message', 'data']
2026-05-14 01:17:47,631 - root - INFO - API Response data is a list with 156 items
2026-05-14 01:17:47,631 - root - INFO - API Response has failCode: 0, message: historical data information query successful.
2026-05-14 01:17:47,632 - root - INFO - Using alternate response format: data as list
2026-05-14 01:17:47,632 - root - INFO - Received 156 data points from API
2026-05-14 01:17:47,632 - root - INFO - Sample data point structure: ['devDn', 'collectTime', 'dataItems']
2026-05-14 01:17:47,699 - root - INFO - Successfully upserted 156 data points.
2026-05-14 01:17:51,131 - root - INFO - Using single devDn for device/history (API: one device per query)
2026-05-14 01:17:51,132 - root - INFO - Fetching historical data for 1 devices of type inverter
2026-05-14 01:17:51,132 - root - INFO - Making API request to: https://sg5.fusionsolar.huawei.com/rest/openapi/pvms/nbi/v1/device/history
2026-05-14 01:17:51,132 - root - INFO - Request payload: {'devDn': 'NE=52031823', 'devTypeId': 1, 'startTime': 1778605200000, 'endTime': 1778691599000}
2026-05-14 01:17:52,625 - root - INFO - Response status code: 200
2026-05-14 01:17:52,640 - root - INFO - API response from https://sg5.fusionsolar.huawei.com/rest/openapi/pvms/nbi/v1/device/history (truncated): {'failCode': 0, 'success': True, 'message': 'historical data information query successful.', 'data': [{'devDn': 'NE=52031823', 'collectTime': 1778623800000, 'dataItems': {'pv28_i': 0.0, 'pv4_u': 0.0, 'pv24_i': 0.0, 'mppt_total_cap': 827046.09, 'pv8_u': 0.0, 'a_i': 0.0, 'pv24_u': 0.0, 'mppt_9_cap': 0.0, 'pv20_u': 0.0, 'a_u': 0.0, 'pv17_u': 0.0, 'pv20_i': 0.0, 'efficiency': 0.0, 'pv17_i': 0.0, 'pv13_i': 0.0, 'pv36_i': None, 'mppt_power': 0.0, 'pv13_u': 0.0, 'pv36_u': None, 'mppt_7_cap': 0.0, 'pv32...
2026-05-14 01:17:52,642 - root - INFO - API Response type: <class 'dict'>
2026-05-14 01:17:52,642 - root - INFO - API Response keys: ['failCode', 'success', 'message', 'data']
2026-05-14 01:17:52,642 - root - INFO - API Response data is a list with 156 items
2026-05-14 01:17:52,642 - root - INFO - API Response has failCode: 0, message: historical data information query successful.
2026-05-14 01:17:52,642 - root - INFO - Using alternate response format: data as list
2026-05-14 01:17:52,642 - root - INFO - Received 156 data points from API
2026-05-14 01:17:52,643 - root - INFO - Sample data point structure: ['devDn', 'collectTime', 'dataItems']
2026-05-14 01:17:52,707 - root - INFO - Successfully upserted 156 data points.
2026-05-14 01:17:56,032 - root - INFO - Using single devDn for device/history (API: one device per query)
2026-05-14 01:17:56,034 - root - INFO - Fetching historical data for 1 devices of type inverter
2026-05-14 01:17:56,034 - root - INFO - Making API request to: https://sg5.fusionsolar.huawei.com/rest/openapi/pvms/nbi/v1/device/history
2026-05-14 01:17:56,034 - root - INFO - Request payload: {'devDn': 'NE=52031824', 'devTypeId': 1, 'startTime': 1778605200000, 'endTime': 1778691599000}
2026-05-14 01:17:57,421 - root - INFO - Response status code: 200
2026-05-14 01:17:57,436 - root - INFO - API response from https://sg5.fusionsolar.huawei.com/rest/openapi/pvms/nbi/v1/device/history (truncated): {'failCode': 0, 'success': True, 'message': 'historical data information query successful.', 'data': [{'devDn': 'NE=52031824', 'collectTime': 1778623800000, 'dataItems': {'pv28_i': 0.0, 'pv4_u': 0.0, 'pv24_i': 0.0, 'mppt_total_cap': 789946.85, 'pv8_u': 0.0, 'a_i': 0.0, 'pv24_u': 0.0, 'mppt_9_cap': 0.0, 'pv20_u': 0.0, 'a_u': 0.0, 'pv17_u': 0.0, 'pv20_i': 0.0, 'efficiency': 0.0, 'pv17_i': 0.0, 'pv13_i': 0.0, 'pv36_i': None, 'mppt_power': 0.0, 'pv13_u': 0.0, 'pv36_u': None, 'mppt_7_cap': 0.0, 'pv32...
2026-05-14 01:17:57,438 - root - INFO - API Response type: <class 'dict'>
2026-05-14 01:17:57,438 - root - INFO - API Response keys: ['failCode', 'success', 'message', 'data']
2026-05-14 01:17:57,438 - root - INFO - API Response data is a list with 156 items
2026-05-14 01:17:57,439 - root - INFO - API Response has failCode: 0, message: historical data information query successful.
2026-05-14 01:17:57,439 - root - INFO - Using alternate response format: data as list
2026-05-14 01:17:57,439 - root - INFO - Received 156 data points from API
2026-05-14 01:17:57,439 - root - INFO - Sample data point structure: ['devDn', 'collectTime', 'dataItems']
2026-05-14 01:17:57,504 - root - INFO - Successfully upserted 156 data points.
2026-05-14 01:18:00,770 - root - INFO - Using single devDn for device/history (API: one device per query)
2026-05-14 01:18:00,771 - root - INFO - Fetching historical data for 1 devices of type inverter
2026-05-14 01:18:00,771 - root - INFO - Making API request to: https://sg5.fusionsolar.huawei.com/rest/openapi/pvms/nbi/v1/device/history
2026-05-14 01:18:00,772 - root - INFO - Request payload: {'devDn': 'NE=52031825', 'devTypeId': 1, 'startTime': 1778605200000, 'endTime': 1778691599000}
2026-05-14 01:18:02,084 - root - INFO - Response status code: 200
2026-05-14 01:18:02,098 - root - INFO - API response from https://sg5.fusionsolar.huawei.com/rest/openapi/pvms/nbi/v1/device/history (truncated): {'failCode': 0, 'success': True, 'message': 'historical data information query successful.', 'data': [{'devDn': 'NE=52031825', 'collectTime': 1778623800000, 'dataItems': {'pv28_i': 0.0, 'pv4_u': 0.0, 'pv24_i': 0.0, 'mppt_total_cap': 827277.06, 'pv8_u': 0.0, 'a_i': 0.0, 'pv24_u': 0.0, 'mppt_9_cap': None, 'pv20_u': 0.0, 'a_u': None, 'pv17_u': 0.0, 'pv20_i': 0.0, 'efficiency': 0.0, 'pv17_i': 0.0, 'pv13_i': 0.0, 'pv36_i': None, 'mppt_power': 0.0, 'pv13_u': 0.0, 'pv36_u': None, 'mppt_7_cap': None, 'p...
2026-05-14 01:18:02,100 - root - INFO - API Response type: <class 'dict'>
2026-05-14 01:18:02,100 - root - INFO - API Response keys: ['failCode', 'success', 'message', 'data']
2026-05-14 01:18:02,101 - root - INFO - API Response data is a list with 156 items
2026-05-14 01:18:02,101 - root - INFO - API Response has failCode: 0, message: historical data information query successful.
2026-05-14 01:18:02,101 - root - INFO - Using alternate response format: data as list
2026-05-14 01:18:02,101 - root - INFO - Received 156 data points from API
2026-05-14 01:18:02,101 - root - INFO - Sample data point structure: ['devDn', 'collectTime', 'dataItems']
2026-05-14 01:18:02,165 - root - INFO - Successfully upserted 156 data points.
2026-05-14 01:18:05,481 - root - INFO - Using single devDn for device/history (API: one device per query)
2026-05-14 01:18:05,483 - root - INFO - Fetching historical data for 1 devices of type inverter
2026-05-14 01:18:05,483 - root - INFO - Making API request to: https://sg5.fusionsolar.huawei.com/rest/openapi/pvms/nbi/v1/device/history
2026-05-14 01:18:05,483 - root - INFO - Request payload: {'devDn': 'NE=52031826', 'devTypeId': 1, 'startTime': 1778605200000, 'endTime': 1778691599000}
2026-05-14 01:18:06,982 - root - INFO - Response status code: 200
2026-05-14 01:18:06,998 - root - INFO - API response from https://sg5.fusionsolar.huawei.com/rest/openapi/pvms/nbi/v1/device/history (truncated): {'failCode': 0, 'success': True, 'message': 'historical data information query successful.', 'data': [{'devDn': 'NE=52031826', 'collectTime': 1778623800000, 'dataItems': {'pv28_i': 0.0, 'pv4_u': 0.0, 'pv24_i': 0.0, 'mppt_total_cap': 806243.31, 'pv8_u': 0.0, 'a_i': 0.0, 'pv24_u': 0.0, 'mppt_9_cap': None, 'pv20_u': 0.0, 'a_u': None, 'pv17_u': 0.0, 'pv20_i': 0.0, 'efficiency': 0.0, 'pv17_i': 0.0, 'pv13_i': 0.0, 'pv36_i': None, 'mppt_power': 0.0, 'pv13_u': 0.0, 'pv36_u': None, 'mppt_7_cap': None, 'p...
2026-05-14 01:18:07,000 - root - INFO - API Response type: <class 'dict'>
2026-05-14 01:18:07,000 - root - INFO - API Response keys: ['failCode', 'success', 'message', 'data']
2026-05-14 01:18:07,000 - root - INFO - API Response data is a list with 156 items
2026-05-14 01:18:07,000 - root - INFO - API Response has failCode: 0, message: historical data information query successful.
2026-05-14 01:18:07,000 - root - INFO - Using alternate response format: data as list
2026-05-14 01:18:07,000 - root - INFO - Received 156 data points from API
2026-05-14 01:18:07,000 - root - INFO - Sample data point structure: ['devDn', 'collectTime', 'dataItems']
2026-05-14 01:18:07,064 - root - INFO - Successfully upserted 156 data points.
2026-05-14 01:18:10,325 - root - INFO - Using single devDn for device/history (API: one device per query)
2026-05-14 01:18:10,327 - root - INFO - Fetching historical data for 1 devices of type inverter
2026-05-14 01:18:10,327 - root - INFO - Making API request to: https://sg5.fusionsolar.huawei.com/rest/openapi/pvms/nbi/v1/device/history
2026-05-14 01:18:10,327 - root - INFO - Request payload: {'devDn': 'NE=52031827', 'devTypeId': 1, 'startTime': 1778605200000, 'endTime': 1778691599000}
2026-05-14 01:18:11,802 - root - INFO - Response status code: 200
2026-05-14 01:18:11,816 - root - INFO - API response from https://sg5.fusionsolar.huawei.com/rest/openapi/pvms/nbi/v1/device/history (truncated): {'failCode': 0, 'success': True, 'message': 'historical data information query successful.', 'data': [{'devDn': 'NE=52031827', 'collectTime': 1778623800000, 'dataItems': {'pv28_i': 0.0, 'pv4_u': 0.0, 'pv24_i': 0.0, 'mppt_total_cap': 781049.62, 'pv8_u': 0.0, 'a_i': 0.0, 'pv24_u': 0.0, 'mppt_9_cap': None, 'pv20_u': 0.0, 'a_u': None, 'pv17_u': 0.0, 'pv20_i': 0.0, 'efficiency': 0.0, 'pv17_i': 0.0, 'pv13_i': 0.0, 'pv36_i': None, 'mppt_power': 0.0, 'pv13_u': 0.0, 'pv36_u': None, 'mppt_7_cap': None, 'p...
2026-05-14 01:18:11,818 - root - INFO - API Response type: <class 'dict'>
2026-05-14 01:18:11,818 - root - INFO - API Response keys: ['failCode', 'success', 'message', 'data']
2026-05-14 01:18:11,818 - root - INFO - API Response data is a list with 156 items
2026-05-14 01:18:11,819 - root - INFO - API Response has failCode: 0, message: historical data information query successful.
2026-05-14 01:18:11,819 - root - INFO - Using alternate response format: data as list
2026-05-14 01:18:11,819 - root - INFO - Received 156 data points from API
2026-05-14 01:18:11,819 - root - INFO - Sample data point structure: ['devDn', 'collectTime', 'dataItems']
2026-05-14 01:18:11,884 - root - INFO - Successfully upserted 156 data points.
2026-05-14 01:18:15,128 - root - INFO - Using single devDn for device/history (API: one device per query)
2026-05-14 01:18:15,129 - root - INFO - Fetching historical data for 1 devices of type inverter
2026-05-14 01:18:15,129 - root - INFO - Making API request to: https://sg5.fusionsolar.huawei.com/rest/openapi/pvms/nbi/v1/device/history
2026-05-14 01:18:15,129 - root - INFO - Request payload: {'devDn': 'NE=52031816', 'devTypeId': 1, 'startTime': 1778605200000, 'endTime': 1778691599000}
2026-05-14 01:18:16,548 - root - INFO - Response status code: 200
2026-05-14 01:18:16,562 - root - INFO - API response from https://sg5.fusionsolar.huawei.com/rest/openapi/pvms/nbi/v1/device/history (truncated): {'failCode': 0, 'success': True, 'message': 'historical data information query successful.', 'data': [{'devDn': 'NE=52031816', 'collectTime': 1778623800000, 'dataItems': {'pv28_i': 0.0, 'pv4_u': 0.0, 'pv24_i': 0.0, 'mppt_total_cap': 827097.61, 'pv8_u': 0.0, 'a_i': 0.0, 'pv24_u': 0.0, 'mppt_9_cap': 0.0, 'pv20_u': 0.0, 'a_u': 0.0, 'pv17_u': 0.0, 'pv20_i': 0.0, 'efficiency': 0.0, 'pv17_i': 0.0, 'pv13_i': 0.0, 'pv36_i': None, 'mppt_power': 0.0, 'pv13_u': 0.0, 'pv36_u': None, 'mppt_7_cap': 0.0, 'pv32...
2026-05-14 01:18:16,564 - root - INFO - API Response type: <class 'dict'>
2026-05-14 01:18:16,564 - root - INFO - API Response keys: ['failCode', 'success', 'message', 'data']
2026-05-14 01:18:16,564 - root - INFO - API Response data is a list with 156 items
2026-05-14 01:18:16,564 - root - INFO - API Response has failCode: 0, message: historical data information query successful.
2026-05-14 01:18:16,565 - root - INFO - Using alternate response format: data as list
2026-05-14 01:18:16,565 - root - INFO - Received 156 data points from API
2026-05-14 01:18:16,565 - root - INFO - Sample data point structure: ['devDn', 'collectTime', 'dataItems']
2026-05-14 01:18:16,629 - root - INFO - Successfully upserted 156 data points.
2026-05-14 01:18:19,895 - root - INFO - Using single devDn for device/history (API: one device per query)
2026-05-14 01:18:19,896 - root - INFO - Fetching historical data for 1 devices of type inverter
2026-05-14 01:18:19,896 - root - INFO - Making API request to: https://sg5.fusionsolar.huawei.com/rest/openapi/pvms/nbi/v1/device/history
2026-05-14 01:18:19,896 - root - INFO - Request payload: {'devDn': 'NE=52031817', 'devTypeId': 1, 'startTime': 1778605200000, 'endTime': 1778691599000}
2026-05-14 01:18:21,247 - root - INFO - Response status code: 200
2026-05-14 01:18:21,262 - root - INFO - API response from https://sg5.fusionsolar.huawei.com/rest/openapi/pvms/nbi/v1/device/history (truncated): {'failCode': 0, 'success': True, 'message': 'historical data information query successful.', 'data': [{'devDn': 'NE=52031817', 'collectTime': 1778623800000, 'dataItems': {'pv28_i': 0.0, 'pv4_u': 0.0, 'pv24_i': 0.0, 'mppt_total_cap': 786064.13, 'pv8_u': 0.0, 'a_i': 0.0, 'pv24_u': 0.0, 'mppt_9_cap': 0.0, 'pv20_u': 0.0, 'a_u': 0.0, 'pv17_u': 0.0, 'pv20_i': 0.0, 'efficiency': 0.0, 'pv17_i': 0.0, 'pv13_i': 0.0, 'pv36_i': None, 'mppt_power': 0.0, 'pv13_u': 0.0, 'pv36_u': None, 'mppt_7_cap': 0.0, 'pv32...
2026-05-14 01:18:21,264 - root - INFO - API Response type: <class 'dict'>
2026-05-14 01:18:21,264 - root - INFO - API Response keys: ['failCode', 'success', 'message', 'data']
2026-05-14 01:18:21,264 - root - INFO - API Response data is a list with 156 items
2026-05-14 01:18:21,264 - root - INFO - API Response has failCode: 0, message: historical data information query successful.
2026-05-14 01:18:21,264 - root - INFO - Using alternate response format: data as list
2026-05-14 01:18:21,264 - root - INFO - Received 156 data points from API
2026-05-14 01:18:21,264 - root - INFO - Sample data point structure: ['devDn', 'collectTime', 'dataItems']
2026-05-14 01:18:21,328 - root - INFO - Successfully upserted 156 data points.
2026-05-14 01:18:24,556 - root - INFO - Using single devDn for device/history (API: one device per query)
2026-05-14 01:18:24,558 - root - INFO - Fetching historical data for 1 devices of type inverter
2026-05-14 01:18:24,558 - root - INFO - Making API request to: https://sg5.fusionsolar.huawei.com/rest/openapi/pvms/nbi/v1/device/history
2026-05-14 01:18:24,558 - root - INFO - Request payload: {'devDn': 'NE=51758779', 'devTypeId': 1, 'startTime': 1778605200000, 'endTime': 1778691599000}
2026-05-14 01:18:26,004 - root - INFO - Response status code: 200
2026-05-14 01:18:26,019 - root - INFO - API response from https://sg5.fusionsolar.huawei.com/rest/openapi/pvms/nbi/v1/device/history (truncated): {'failCode': 0, 'success': True, 'message': 'historical data information query successful.', 'data': [{'devDn': 'NE=51758779', 'collectTime': 1778623800000, 'dataItems': {'pv28_i': 0.0, 'pv4_u': 0.0, 'pv24_i': 0.0, 'mppt_total_cap': 886732.07, 'pv8_u': 0.0, 'a_i': 0.0, 'pv24_u': 0.0, 'mppt_9_cap': 0.0, 'pv20_u': 0.0, 'a_u': 0.0, 'pv17_u': 0.0, 'pv20_i': 0.0, 'efficiency': 0.0, 'pv17_i': 0.0, 'pv13_i': 0.0, 'pv36_i': None, 'mppt_power': 0.0, 'pv13_u': 0.0, 'pv36_u': None, 'mppt_7_cap': 0.0, 'pv32...
2026-05-14 01:18:26,020 - root - INFO - API Response type: <class 'dict'>
2026-05-14 01:18:26,021 - root - INFO - API Response keys: ['failCode', 'success', 'message', 'data']
2026-05-14 01:18:26,021 - root - INFO - API Response data is a list with 156 items
2026-05-14 01:18:26,021 - root - INFO - API Response has failCode: 0, message: historical data information query successful.
2026-05-14 01:18:26,021 - root - INFO - Using alternate response format: data as list
2026-05-14 01:18:26,021 - root - INFO - Received 156 data points from API
2026-05-14 01:18:26,021 - root - INFO - Sample data point structure: ['devDn', 'collectTime', 'dataItems']
2026-05-14 01:18:26,085 - root - INFO - Successfully upserted 156 data points.
2026-05-14 01:18:29,405 - root - INFO - Using single devDn for device/history (API: one device per query)
2026-05-14 01:18:29,407 - root - INFO - Fetching historical data for 1 devices of type inverter
2026-05-14 01:18:29,407 - root - INFO - Making API request to: https://sg5.fusionsolar.huawei.com/rest/openapi/pvms/nbi/v1/device/history
2026-05-14 01:18:29,407 - root - INFO - Request payload: {'devDn': 'NE=51758780', 'devTypeId': 1, 'startTime': 1778605200000, 'endTime': 1778691599000}
2026-05-14 01:18:30,838 - root - INFO - Response status code: 200
2026-05-14 01:18:30,852 - root - INFO - API response from https://sg5.fusionsolar.huawei.com/rest/openapi/pvms/nbi/v1/device/history (truncated): {'failCode': 0, 'success': True, 'message': 'historical data information query successful.', 'data': [{'devDn': 'NE=51758780', 'collectTime': 1778623800000, 'dataItems': {'pv28_i': 0.0, 'pv4_u': 0.0, 'pv24_i': 0.0, 'mppt_total_cap': 926604.53, 'pv8_u': 0.0, 'a_i': 0.0, 'pv24_u': 0.0, 'mppt_9_cap': 0.0, 'pv20_u': 0.0, 'a_u': 0.0, 'pv17_u': 0.0, 'pv20_i': 0.0, 'efficiency': 0.0, 'pv17_i': 0.0, 'pv13_i': 0.0, 'pv36_i': None, 'mppt_power': 0.0, 'pv13_u': 0.0, 'pv36_u': None, 'mppt_7_cap': 0.0, 'pv32...
2026-05-14 01:18:30,854 - root - INFO - API Response type: <class 'dict'>
2026-05-14 01:18:30,854 - root - INFO - API Response keys: ['failCode', 'success', 'message', 'data']
2026-05-14 01:18:30,854 - root - INFO - API Response data is a list with 156 items
2026-05-14 01:18:30,855 - root - INFO - API Response has failCode: 0, message: historical data information query successful.
2026-05-14 01:18:30,855 - root - INFO - Using alternate response format: data as list
2026-05-14 01:18:30,855 - root - INFO - Received 156 data points from API
2026-05-14 01:18:30,855 - root - INFO - Sample data point structure: ['devDn', 'collectTime', 'dataItems']
2026-05-14 01:18:30,919 - root - INFO - Successfully upserted 156 data points.
2026-05-14 01:18:34,245 - root - INFO - Using single devDn for device/history (API: one device per query)
2026-05-14 01:18:34,246 - root - INFO - Fetching historical data for 1 devices of type inverter
2026-05-14 01:18:34,246 - root - INFO - Making API request to: https://sg5.fusionsolar.huawei.com/rest/openapi/pvms/nbi/v1/device/history
2026-05-14 01:18:34,247 - root - INFO - Request payload: {'devDn': 'NE=51758777', 'devTypeId': 1, 'startTime': 1778605200000, 'endTime': 1778691599000}
2026-05-14 01:18:35,719 - root - INFO - Response status code: 200
2026-05-14 01:18:35,734 - root - INFO - API response from https://sg5.fusionsolar.huawei.com/rest/openapi/pvms/nbi/v1/device/history (truncated): {'failCode': 0, 'success': True, 'message': 'historical data information query successful.', 'data': [{'devDn': 'NE=51758777', 'collectTime': 1778623800000, 'dataItems': {'pv28_i': 0.0, 'pv4_u': 0.0, 'pv24_i': 0.0, 'mppt_total_cap': 932521.66, 'pv8_u': 0.0, 'a_i': 0.0, 'pv24_u': 0.0, 'mppt_9_cap': None, 'pv20_u': 0.0, 'a_u': None, 'pv17_u': 0.0, 'pv20_i': 0.0, 'efficiency': 0.0, 'pv17_i': 0.0, 'pv13_i': 0.0, 'pv36_i': None, 'mppt_power': 0.0, 'pv13_u': 0.0, 'pv36_u': None, 'mppt_7_cap': None, 'p...
2026-05-14 01:18:35,736 - root - INFO - API Response type: <class 'dict'>
2026-05-14 01:18:35,736 - root - INFO - API Response keys: ['failCode', 'success', 'message', 'data']
2026-05-14 01:18:35,736 - root - INFO - API Response data is a list with 156 items
2026-05-14 01:18:35,736 - root - INFO - API Response has failCode: 0, message: historical data information query successful.
2026-05-14 01:18:35,736 - root - INFO - Using alternate response format: data as list
2026-05-14 01:18:35,736 - root - INFO - Received 156 data points from API
2026-05-14 01:18:35,736 - root - INFO - Sample data point structure: ['devDn', 'collectTime', 'dataItems']
2026-05-14 01:18:35,801 - root - INFO - Successfully upserted 156 data points.
2026-05-14 01:18:39,091 - root - INFO - Using single devDn for device/history (API: one device per query)
2026-05-14 01:18:39,092 - root - INFO - Fetching historical data for 1 devices of type inverter
2026-05-14 01:18:39,092 - root - INFO - Making API request to: https://sg5.fusionsolar.huawei.com/rest/openapi/pvms/nbi/v1/device/history
2026-05-14 01:18:39,092 - root - INFO - Request payload: {'devDn': 'NE=51758778', 'devTypeId': 1, 'startTime': 1778605200000, 'endTime': 1778691599000}
2026-05-14 01:18:40,503 - root - INFO - Response status code: 200
2026-05-14 01:18:40,518 - root - INFO - API response from https://sg5.fusionsolar.huawei.com/rest/openapi/pvms/nbi/v1/device/history (truncated): {'failCode': 0, 'success': True, 'message': 'historical data information query successful.', 'data': [{'devDn': 'NE=51758778', 'collectTime': 1778623800000, 'dataItems': {'pv28_i': 0.0, 'pv4_u': 0.0, 'pv24_i': 0.0, 'mppt_total_cap': 892881.88, 'pv8_u': 0.0, 'a_i': 0.0, 'pv24_u': 0.0, 'mppt_9_cap': None, 'pv20_u': 0.0, 'a_u': None, 'pv17_u': 0.0, 'pv20_i': 0.0, 'efficiency': 0.0, 'pv17_i': 0.0, 'pv13_i': 0.0, 'pv36_i': None, 'mppt_power': 0.0, 'pv13_u': 0.0, 'pv36_u': None, 'mppt_7_cap': None, 'p...
2026-05-14 01:18:40,519 - root - INFO - API Response type: <class 'dict'>
2026-05-14 01:18:40,520 - root - INFO - API Response keys: ['failCode', 'success', 'message', 'data']
2026-05-14 01:18:40,520 - root - INFO - API Response data is a list with 156 items
2026-05-14 01:18:40,520 - root - INFO - API Response has failCode: 0, message: historical data information query successful.
2026-05-14 01:18:40,520 - root - INFO - Using alternate response format: data as list
2026-05-14 01:18:40,520 - root - INFO - Received 156 data points from API
2026-05-14 01:18:40,520 - root - INFO - Sample data point structure: ['devDn', 'collectTime', 'dataItems']
2026-05-14 01:18:40,584 - root - INFO - Successfully upserted 156 data points.
2026-05-14 01:18:43,809 - root - INFO - Using single devDn for device/history (API: one device per query)
2026-05-14 01:18:43,810 - root - INFO - Fetching historical data for 1 devices of type inverter
2026-05-14 01:18:43,810 - root - INFO - Making API request to: https://sg5.fusionsolar.huawei.com/rest/openapi/pvms/nbi/v1/device/history
2026-05-14 01:18:43,810 - root - INFO - Request payload: {'devDn': 'NE=58790540', 'devTypeId': 1, 'startTime': 1778605200000, 'endTime': 1778691599000}
2026-05-14 01:18:44,642 - root - INFO - Response status code: 200
2026-05-14 01:18:44,643 - root - INFO - API response from https://sg5.fusionsolar.huawei.com/rest/openapi/pvms/nbi/v1/device/history (truncated): {'failCode': 0, 'success': True, 'message': 'historical data information query successful.', 'data': []}
2026-05-14 01:18:44,645 - root - INFO - API Response type: <class 'dict'>
2026-05-14 01:18:44,645 - root - INFO - API Response keys: ['failCode', 'success', 'message', 'data']
2026-05-14 01:18:44,645 - root - INFO - API Response data is a list with 0 items
2026-05-14 01:18:44,645 - root - INFO - API Response has failCode: 0, message: historical data information query successful.
2026-05-14 01:18:44,646 - root - INFO - Using alternate response format: data as list
2026-05-14 01:18:44,646 - root - INFO - No data points returned for the query period
2026-05-14 01:18:44,646 - root - INFO - Using single devDn for device/history (API: one device per query)
2026-05-14 01:18:44,646 - root - INFO - Fetching historical data for 1 devices of type inverter
2026-05-14 01:18:44,646 - root - INFO - Making API request to: https://sg5.fusionsolar.huawei.com/rest/openapi/pvms/nbi/v1/device/history
2026-05-14 01:18:44,647 - root - INFO - Request payload: {'devDn': 'NE=58790539', 'devTypeId': 1, 'startTime': 1778605200000, 'endTime': 1778691599000}
2026-05-14 01:18:45,457 - root - INFO - Response status code: 200
2026-05-14 01:18:45,457 - root - INFO - API response from https://sg5.fusionsolar.huawei.com/rest/openapi/pvms/nbi/v1/device/history (truncated): {'failCode': 0, 'success': True, 'message': 'historical data information query successful.', 'data': []}
2026-05-14 01:18:45,459 - root - INFO - API Response type: <class 'dict'>
2026-05-14 01:18:45,459 - root - INFO - API Response keys: ['failCode', 'success', 'message', 'data']
2026-05-14 01:18:45,460 - root - INFO - API Response data is a list with 0 items
2026-05-14 01:18:45,460 - root - INFO - API Response has failCode: 0, message: historical data information query successful.
2026-05-14 01:18:45,460 - root - INFO - Using alternate response format: data as list
2026-05-14 01:18:45,460 - root - INFO - No data points returned for the query period
2026-05-14 01:18:45,460 - root - INFO - Using single devDn for device/history (API: one device per query)
2026-05-14 01:18:45,460 - root - INFO - Fetching historical data for 1 devices of type inverter
2026-05-14 01:18:45,461 - root - INFO - Making API request to: https://sg5.fusionsolar.huawei.com/rest/openapi/pvms/nbi/v1/device/history
2026-05-14 01:18:45,461 - root - INFO - Request payload: {'devDn': 'NE=58790538', 'devTypeId': 1, 'startTime': 1778605200000, 'endTime': 1778691599000}
2026-05-14 01:18:45,774 - root - INFO - Response status code: 200
2026-05-14 01:18:45,775 - root - INFO - API response from https://sg5.fusionsolar.huawei.com/rest/openapi/pvms/nbi/v1/device/history (truncated): {'failCode': 407, 'success': False, 'message': 'Interface access frequency:0.39333333333333337/1second', 'data': []}
2026-05-14 01:18:45,775 - root - WARNING - API access frequency too high. Waiting 30 seconds before retry...
2026-05-14 01:19:15,775 - root - INFO - Retrying API request after rate limit wait...
2026-05-14 01:19:15,776 - root - INFO - Making API request to: https://sg5.fusionsolar.huawei.com/rest/openapi/pvms/nbi/v1/device/history
2026-05-14 01:19:15,776 - root - INFO - Request payload: {'devDn': 'NE=58790538', 'devTypeId': 1, 'startTime': 1778605200000, 'endTime': 1778691599000}
2026-05-14 01:19:16,603 - root - INFO - Response status code: 200
2026-05-14 01:19:16,604 - root - INFO - API response from https://sg5.fusionsolar.huawei.com/rest/openapi/pvms/nbi/v1/device/history (truncated): {'failCode': 0, 'success': True, 'message': 'historical data information query successful.', 'data': []}
2026-05-14 01:19:16,607 - root - INFO - API Response type: <class 'dict'>
2026-05-14 01:19:16,607 - root - INFO - API Response keys: ['failCode', 'success', 'message', 'data']
2026-05-14 01:19:16,607 - root - INFO - API Response data is a list with 0 items
2026-05-14 01:19:16,608 - root - INFO - API Response has failCode: 0, message: historical data information query successful.
2026-05-14 01:19:16,608 - root - INFO - Using alternate response format: data as list
2026-05-14 01:19:16,608 - root - INFO - No data points returned for the query period
2026-05-14 01:19:16,608 - root - INFO - Using single devDn for device/history (API: one device per query)
2026-05-14 01:19:16,608 - root - INFO - Fetching historical data for 1 devices of type inverter
2026-05-14 01:19:16,609 - root - INFO - Making API request to: https://sg5.fusionsolar.huawei.com/rest/openapi/pvms/nbi/v1/device/history
2026-05-14 01:19:16,609 - root - INFO - Request payload: {'devDn': 'NE=58790537', 'devTypeId': 1, 'startTime': 1778605200000, 'endTime': 1778691599000}
2026-05-14 01:19:16,922 - root - INFO - Response status code: 200
2026-05-14 01:19:16,922 - root - INFO - API response from https://sg5.fusionsolar.huawei.com/rest/openapi/pvms/nbi/v1/device/history (truncated): {'failCode': 407, 'success': False, 'message': 'Interface access frequency:0.39333333333333337/1second', 'data': []}
2026-05-14 01:19:16,922 - root - WARNING - API access frequency too high. Waiting 30 seconds before retry...
2026-05-14 01:19:46,923 - root - INFO - Retrying API request after rate limit wait...
2026-05-14 01:19:46,923 - root - INFO - Making API request to: https://sg5.fusionsolar.huawei.com/rest/openapi/pvms/nbi/v1/device/history
2026-05-14 01:19:46,924 - root - INFO - Request payload: {'devDn': 'NE=58790537', 'devTypeId': 1, 'startTime': 1778605200000, 'endTime': 1778691599000}
2026-05-14 01:19:47,689 - root - INFO - Response status code: 200
2026-05-14 01:19:47,689 - root - INFO - API response from https://sg5.fusionsolar.huawei.com/rest/openapi/pvms/nbi/v1/device/history (truncated): {'failCode': 0, 'success': True, 'message': 'historical data information query successful.', 'data': []}
2026-05-14 01:19:47,693 - root - INFO - API Response type: <class 'dict'>
2026-05-14 01:19:47,693 - root - INFO - API Response keys: ['failCode', 'success', 'message', 'data']
2026-05-14 01:19:47,693 - root - INFO - API Response data is a list with 0 items
2026-05-14 01:19:47,693 - root - INFO - API Response has failCode: 0, message: historical data information query successful.
2026-05-14 01:19:47,693 - root - INFO - Using alternate response format: data as list
2026-05-14 01:19:47,693 - root - INFO - No data points returned for the query period
2026-05-14 01:19:47,693 - root - INFO - Using single devDn for device/history (API: one device per query)
2026-05-14 01:19:47,694 - root - INFO - Fetching historical data for 1 devices of type inverter
2026-05-14 01:19:47,694 - root - INFO - Making API request to: https://sg5.fusionsolar.huawei.com/rest/openapi/pvms/nbi/v1/device/history
2026-05-14 01:19:47,694 - root - INFO - Request payload: {'devDn': 'NE=58790542', 'devTypeId': 1, 'startTime': 1778605200000, 'endTime': 1778691599000}
2026-05-14 01:19:48,000 - root - INFO - Response status code: 200
2026-05-14 01:19:48,001 - root - INFO - API response from https://sg5.fusionsolar.huawei.com/rest/openapi/pvms/nbi/v1/device/history (truncated): {'failCode': 407, 'success': False, 'message': 'Interface access frequency:0.39333333333333337/1second', 'data': []}
2026-05-14 01:19:48,001 - root - WARNING - API access frequency too high. Waiting 30 seconds before retry...
2026-05-14 01:20:18,001 - root - INFO - Retrying API request after rate limit wait...
2026-05-14 01:20:18,002 - root - INFO - Making API request to: https://sg5.fusionsolar.huawei.com/rest/openapi/pvms/nbi/v1/device/history
2026-05-14 01:20:18,002 - root - INFO - Request payload: {'devDn': 'NE=58790542', 'devTypeId': 1, 'startTime': 1778605200000, 'endTime': 1778691599000}
2026-05-14 01:20:18,827 - root - INFO - Response status code: 200
2026-05-14 01:20:18,827 - root - INFO - API response from https://sg5.fusionsolar.huawei.com/rest/openapi/pvms/nbi/v1/device/history (truncated): {'failCode': 0, 'success': True, 'message': 'historical data information query successful.', 'data': []}
2026-05-14 01:20:18,831 - root - INFO - API Response type: <class 'dict'>
2026-05-14 01:20:18,831 - root - INFO - API Response keys: ['failCode', 'success', 'message', 'data']
2026-05-14 01:20:18,831 - root - INFO - API Response data is a list with 0 items
2026-05-14 01:20:18,831 - root - INFO - API Response has failCode: 0, message: historical data information query successful.
2026-05-14 01:20:18,831 - root - INFO - Using alternate response format: data as list
2026-05-14 01:20:18,831 - root - INFO - No data points returned for the query period
2026-05-14 01:20:18,831 - root - INFO - Using single devDn for device/history (API: one device per query)
2026-05-14 01:20:18,832 - root - INFO - Fetching historical data for 1 devices of type inverter
2026-05-14 01:20:18,832 - root - INFO - Making API request to: https://sg5.fusionsolar.huawei.com/rest/openapi/pvms/nbi/v1/device/history
2026-05-14 01:20:18,832 - root - INFO - Request payload: {'devDn': 'NE=58790541', 'devTypeId': 1, 'startTime': 1778605200000, 'endTime': 1778691599000}
2026-05-14 01:20:19,156 - root - INFO - Response status code: 200
2026-05-14 01:20:19,156 - root - INFO - API response from https://sg5.fusionsolar.huawei.com/rest/openapi/pvms/nbi/v1/device/history (truncated): {'failCode': 407, 'success': False, 'message': 'Interface access frequency:0.39333333333333337/1second', 'data': []}
2026-05-14 01:20:19,157 - root - WARNING - API access frequency too high. Waiting 30 seconds before retry...
2026-05-14 01:20:49,156 - root - INFO - Retrying API request after rate limit wait...
2026-05-14 01:20:49,157 - root - INFO - Making API request to: https://sg5.fusionsolar.huawei.com/rest/openapi/pvms/nbi/v1/device/history
2026-05-14 01:20:49,157 - root - INFO - Request payload: {'devDn': 'NE=58790541', 'devTypeId': 1, 'startTime': 1778605200000, 'endTime': 1778691599000}
2026-05-14 01:20:49,946 - root - INFO - Response status code: 200
2026-05-14 01:20:49,946 - root - INFO - API response from https://sg5.fusionsolar.huawei.com/rest/openapi/pvms/nbi/v1/device/history (truncated): {'failCode': 0, 'success': True, 'message': 'historical data information query successful.', 'data': []}
2026-05-14 01:20:49,950 - root - INFO - API Response type: <class 'dict'>
2026-05-14 01:20:49,950 - root - INFO - API Response keys: ['failCode', 'success', 'message', 'data']
2026-05-14 01:20:49,950 - root - INFO - API Response data is a list with 0 items
2026-05-14 01:20:49,950 - root - INFO - API Response has failCode: 0, message: historical data information query successful.
2026-05-14 01:20:49,950 - root - INFO - Using alternate response format: data as list
2026-05-14 01:20:49,950 - root - INFO - No data points returned for the query period
2026-05-14 01:20:49,950 - root - INFO - Using single devDn for device/history (API: one device per query)
2026-05-14 01:20:49,951 - root - INFO - Fetching historical data for 1 devices of type inverter
2026-05-14 01:20:49,951 - root - INFO - Making API request to: https://sg5.fusionsolar.huawei.com/rest/openapi/pvms/nbi/v1/device/history
2026-05-14 01:20:49,951 - root - INFO - Request payload: {'devDn': 'NE=58790536', 'devTypeId': 1, 'startTime': 1778605200000, 'endTime': 1778691599000}
2026-05-14 01:20:50,266 - root - INFO - Response status code: 200
2026-05-14 01:20:50,266 - root - INFO - API response from https://sg5.fusionsolar.huawei.com/rest/openapi/pvms/nbi/v1/device/history (truncated): {'failCode': 407, 'success': False, 'message': 'Interface access frequency:0.39333333333333337/1second', 'data': []}
2026-05-14 01:20:50,266 - root - WARNING - API access frequency too high. Waiting 30 seconds before retry...
2026-05-14 01:21:20,266 - root - INFO - Retrying API request after rate limit wait...
2026-05-14 01:21:20,267 - root - INFO - Making API request to: https://sg5.fusionsolar.huawei.com/rest/openapi/pvms/nbi/v1/device/history
2026-05-14 01:21:20,267 - root - INFO - Request payload: {'devDn': 'NE=58790536', 'devTypeId': 1, 'startTime': 1778605200000, 'endTime': 1778691599000}
2026-05-14 01:21:21,097 - root - INFO - Response status code: 200
2026-05-14 01:21:21,097 - root - INFO - API response from https://sg5.fusionsolar.huawei.com/rest/openapi/pvms/nbi/v1/device/history (truncated): {'failCode': 0, 'success': True, 'message': 'historical data information query successful.', 'data': []}
2026-05-14 01:21:21,101 - root - INFO - API Response type: <class 'dict'>
2026-05-14 01:21:21,101 - root - INFO - API Response keys: ['failCode', 'success', 'message', 'data']
2026-05-14 01:21:21,101 - root - INFO - API Response data is a list with 0 items
2026-05-14 01:21:21,101 - root - INFO - API Response has failCode: 0, message: historical data information query successful.
2026-05-14 01:21:21,101 - root - INFO - Using alternate response format: data as list
2026-05-14 01:21:21,101 - root - INFO - No data points returned for the query period
2026-05-14 01:21:21,101 - root - INFO - Using single devDn for device/history (API: one device per query)
2026-05-14 01:21:21,102 - root - INFO - Fetching historical data for 1 devices of type inverter
2026-05-14 01:21:21,102 - root - INFO - Making API request to: https://sg5.fusionsolar.huawei.com/rest/openapi/pvms/nbi/v1/device/history
2026-05-14 01:21:21,102 - root - INFO - Request payload: {'devDn': 'NE=58790535', 'devTypeId': 1, 'startTime': 1778605200000, 'endTime': 1778691599000}
2026-05-14 01:21:21,414 - root - INFO - Response status code: 200
2026-05-14 01:21:21,414 - root - INFO - API response from https://sg5.fusionsolar.huawei.com/rest/openapi/pvms/nbi/v1/device/history (truncated): {'failCode': 407, 'success': False, 'message': 'Interface access frequency:0.39333333333333337/1second', 'data': []}
2026-05-14 01:21:21,415 - root - WARNING - API access frequency too high. Waiting 30 seconds before retry...
2026-05-14 01:21:51,415 - root - INFO - Retrying API request after rate limit wait...
2026-05-14 01:21:51,416 - root - INFO - Making API request to: https://sg5.fusionsolar.huawei.com/rest/openapi/pvms/nbi/v1/device/history
2026-05-14 01:21:51,416 - root - INFO - Request payload: {'devDn': 'NE=58790535', 'devTypeId': 1, 'startTime': 1778605200000, 'endTime': 1778691599000}
2026-05-14 01:21:52,203 - root - INFO - Response status code: 200
2026-05-14 01:21:52,203 - root - INFO - API response from https://sg5.fusionsolar.huawei.com/rest/openapi/pvms/nbi/v1/device/history (truncated): {'failCode': 0, 'success': True, 'message': 'historical data information query successful.', 'data': []}
2026-05-14 01:21:52,207 - root - INFO - API Response type: <class 'dict'>
2026-05-14 01:21:52,207 - root - INFO - API Response keys: ['failCode', 'success', 'message', 'data']
2026-05-14 01:21:52,207 - root - INFO - API Response data is a list with 0 items
2026-05-14 01:21:52,207 - root - INFO - API Response has failCode: 0, message: historical data information query successful.
2026-05-14 01:21:52,207 - root - INFO - Using alternate response format: data as list
2026-05-14 01:21:52,207 - root - INFO - No data points returned for the query period
2026-05-14 01:21:52,207 - root - INFO - Using single devDn for device/history (API: one device per query)
2026-05-14 01:21:52,208 - root - INFO - Fetching historical data for 1 devices of type inverter
2026-05-14 01:21:52,208 - root - INFO - Making API request to: https://sg5.fusionsolar.huawei.com/rest/openapi/pvms/nbi/v1/device/history
2026-05-14 01:21:52,208 - root - INFO - Request payload: {'devDn': 'NE=58790534', 'devTypeId': 1, 'startTime': 1778605200000, 'endTime': 1778691599000}
2026-05-14 01:21:52,532 - root - INFO - Response status code: 200
2026-05-14 01:21:52,532 - root - INFO - API response from https://sg5.fusionsolar.huawei.com/rest/openapi/pvms/nbi/v1/device/history (truncated): {'failCode': 407, 'success': False, 'message': 'Interface access frequency:0.39333333333333337/1second', 'data': []}
2026-05-14 01:21:52,533 - root - WARNING - API access frequency too high. Waiting 30 seconds before retry...
2026-05-14 01:22:22,532 - root - INFO - Retrying API request after rate limit wait...
2026-05-14 01:22:22,533 - root - INFO - Making API request to: https://sg5.fusionsolar.huawei.com/rest/openapi/pvms/nbi/v1/device/history
2026-05-14 01:22:22,534 - root - INFO - Request payload: {'devDn': 'NE=58790534', 'devTypeId': 1, 'startTime': 1778605200000, 'endTime': 1778691599000}
2026-05-14 01:22:23,281 - root - INFO - Response status code: 200
2026-05-14 01:22:23,282 - root - INFO - API response from https://sg5.fusionsolar.huawei.com/rest/openapi/pvms/nbi/v1/device/history (truncated): {'failCode': 0, 'success': True, 'message': 'historical data information query successful.', 'data': []}
2026-05-14 01:22:23,285 - root - INFO - API Response type: <class 'dict'>
2026-05-14 01:22:23,285 - root - INFO - API Response keys: ['failCode', 'success', 'message', 'data']
2026-05-14 01:22:23,285 - root - INFO - API Response data is a list with 0 items
2026-05-14 01:22:23,285 - root - INFO - API Response has failCode: 0, message: historical data information query successful.
2026-05-14 01:22:23,285 - root - INFO - Using alternate response format: data as list
2026-05-14 01:22:23,286 - root - INFO - No data points returned for the query period
2026-05-14 01:22:23,286 - root - INFO - Using single devDn for device/history (API: one device per query)
2026-05-14 01:22:23,286 - root - INFO - Fetching historical data for 1 devices of type inverter
2026-05-14 01:22:23,286 - root - INFO - Making API request to: https://sg5.fusionsolar.huawei.com/rest/openapi/pvms/nbi/v1/device/history
2026-05-14 01:22:23,286 - root - INFO - Request payload: {'devDn': 'NE=58798010', 'devTypeId': 1, 'startTime': 1778605200000, 'endTime': 1778691599000}
2026-05-14 01:22:23,606 - root - INFO - Response status code: 200
2026-05-14 01:22:23,607 - root - INFO - API response from https://sg5.fusionsolar.huawei.com/rest/openapi/pvms/nbi/v1/device/history (truncated): {'failCode': 407, 'success': False, 'message': 'Interface access frequency:0.39333333333333337/1second', 'data': []}
2026-05-14 01:22:23,607 - root - WARNING - API access frequency too high. Waiting 30 seconds before retry...
2026-05-14 01:22:53,607 - root - INFO - Retrying API request after rate limit wait...
2026-05-14 01:22:53,607 - root - INFO - Making API request to: https://sg5.fusionsolar.huawei.com/rest/openapi/pvms/nbi/v1/device/history
2026-05-14 01:22:53,608 - root - INFO - Request payload: {'devDn': 'NE=58798010', 'devTypeId': 1, 'startTime': 1778605200000, 'endTime': 1778691599000}
2026-05-14 01:22:54,403 - root - INFO - Response status code: 200
2026-05-14 01:22:54,403 - root - INFO - API response from https://sg5.fusionsolar.huawei.com/rest/openapi/pvms/nbi/v1/device/history (truncated): {'failCode': 0, 'success': True, 'message': 'historical data information query successful.', 'data': []}
2026-05-14 01:22:54,406 - root - INFO - API Response type: <class 'dict'>
2026-05-14 01:22:54,407 - root - INFO - API Response keys: ['failCode', 'success', 'message', 'data']
2026-05-14 01:22:54,407 - root - INFO - API Response data is a list with 0 items
2026-05-14 01:22:54,407 - root - INFO - API Response has failCode: 0, message: historical data information query successful.
2026-05-14 01:22:54,407 - root - INFO - Using alternate response format: data as list
2026-05-14 01:22:54,407 - root - INFO - No data points returned for the query period
2026-05-14 01:22:54,407 - root - INFO - Using single devDn for device/history (API: one device per query)
2026-05-14 01:22:54,408 - root - INFO - Fetching historical data for 1 devices of type inverter
2026-05-14 01:22:54,408 - root - INFO - Making API request to: https://sg5.fusionsolar.huawei.com/rest/openapi/pvms/nbi/v1/device/history
2026-05-14 01:22:54,408 - root - INFO - Request payload: {'devDn': 'NE=58798008', 'devTypeId': 1, 'startTime': 1778605200000, 'endTime': 1778691599000}
2026-05-14 01:22:54,713 - root - INFO - Response status code: 200
2026-05-14 01:22:54,713 - root - INFO - API response from https://sg5.fusionsolar.huawei.com/rest/openapi/pvms/nbi/v1/device/history (truncated): {'failCode': 407, 'success': False, 'message': 'Interface access frequency:0.39333333333333337/1second', 'data': []}
2026-05-14 01:22:54,713 - root - WARNING - API access frequency too high. Waiting 30 seconds before retry...
2026-05-14 01:23:24,714 - root - INFO - Retrying API request after rate limit wait...
2026-05-14 01:23:24,714 - root - INFO - Making API request to: https://sg5.fusionsolar.huawei.com/rest/openapi/pvms/nbi/v1/device/history
2026-05-14 01:23:24,715 - root - INFO - Request payload: {'devDn': 'NE=58798008', 'devTypeId': 1, 'startTime': 1778605200000, 'endTime': 1778691599000}
2026-05-14 01:23:25,494 - root - INFO - Response status code: 200
2026-05-14 01:23:25,494 - root - INFO - API response from https://sg5.fusionsolar.huawei.com/rest/openapi/pvms/nbi/v1/device/history (truncated): {'failCode': 0, 'success': True, 'message': 'historical data information query successful.', 'data': []}
2026-05-14 01:23:25,497 - root - INFO - API Response type: <class 'dict'>
2026-05-14 01:23:25,498 - root - INFO - API Response keys: ['failCode', 'success', 'message', 'data']
2026-05-14 01:23:25,498 - root - INFO - API Response data is a list with 0 items
2026-05-14 01:23:25,498 - root - INFO - API Response has failCode: 0, message: historical data information query successful.
2026-05-14 01:23:25,498 - root - INFO - Using alternate response format: data as list
2026-05-14 01:23:25,498 - root - INFO - No data points returned for the query period
2026-05-14 01:23:25,498 - root - INFO - Using single devDn for device/history (API: one device per query)
2026-05-14 01:23:25,499 - root - INFO - Fetching historical data for 1 devices of type inverter
2026-05-14 01:23:25,499 - root - INFO - Making API request to: https://sg5.fusionsolar.huawei.com/rest/openapi/pvms/nbi/v1/device/history
2026-05-14 01:23:25,499 - root - INFO - Request payload: {'devDn': 'NE=58798011', 'devTypeId': 1, 'startTime': 1778605200000, 'endTime': 1778691599000}
2026-05-14 01:23:25,821 - root - INFO - Response status code: 200
2026-05-14 01:23:25,821 - root - INFO - API response from https://sg5.fusionsolar.huawei.com/rest/openapi/pvms/nbi/v1/device/history (truncated): {'failCode': 407, 'success': False, 'message': 'Interface access frequency:0.39333333333333337/1second', 'data': []}
2026-05-14 01:23:25,822 - root - WARNING - API access frequency too high. Waiting 30 seconds before retry...
2026-05-14 01:23:55,821 - root - INFO - Retrying API request after rate limit wait...
2026-05-14 01:23:55,822 - root - INFO - Making API request to: https://sg5.fusionsolar.huawei.com/rest/openapi/pvms/nbi/v1/device/history
2026-05-14 01:23:55,822 - root - INFO - Request payload: {'devDn': 'NE=58798011', 'devTypeId': 1, 'startTime': 1778605200000, 'endTime': 1778691599000}
2026-05-14 01:23:56,591 - root - INFO - Response status code: 200
2026-05-14 01:23:56,591 - root - INFO - API response from https://sg5.fusionsolar.huawei.com/rest/openapi/pvms/nbi/v1/device/history (truncated): {'failCode': 0, 'success': True, 'message': 'historical data information query successful.', 'data': []}
2026-05-14 01:23:56,595 - root - INFO - API Response type: <class 'dict'>
2026-05-14 01:23:56,595 - root - INFO - API Response keys: ['failCode', 'success', 'message', 'data']
2026-05-14 01:23:56,595 - root - INFO - API Response data is a list with 0 items
2026-05-14 01:23:56,595 - root - INFO - API Response has failCode: 0, message: historical data information query successful.
2026-05-14 01:23:56,595 - root - INFO - Using alternate response format: data as list
2026-05-14 01:23:56,595 - root - INFO - No data points returned for the query period
2026-05-14 01:23:56,595 - root - INFO - Using single devDn for device/history (API: one device per query)
2026-05-14 01:23:56,596 - root - INFO - Fetching historical data for 1 devices of type inverter
2026-05-14 01:23:56,596 - root - INFO - Making API request to: https://sg5.fusionsolar.huawei.com/rest/openapi/pvms/nbi/v1/device/history
2026-05-14 01:23:56,596 - root - INFO - Request payload: {'devDn': 'NE=59182344', 'devTypeId': 1, 'startTime': 1778605200000, 'endTime': 1778691599000}
2026-05-14 01:23:56,901 - root - INFO - Response status code: 200
2026-05-14 01:23:56,901 - root - INFO - API response from https://sg5.fusionsolar.huawei.com/rest/openapi/pvms/nbi/v1/device/history (truncated): {'failCode': 407, 'success': False, 'message': 'Interface access frequency:0.39333333333333337/1second', 'data': []}
2026-05-14 01:23:56,902 - root - WARNING - API access frequency too high. Waiting 30 seconds before retry...
2026-05-14 01:24:26,902 - root - INFO - Retrying API request after rate limit wait...
2026-05-14 01:24:26,903 - root - INFO - Making API request to: https://sg5.fusionsolar.huawei.com/rest/openapi/pvms/nbi/v1/device/history
2026-05-14 01:24:26,904 - root - INFO - Request payload: {'devDn': 'NE=59182344', 'devTypeId': 1, 'startTime': 1778605200000, 'endTime': 1778691599000}
2026-05-14 01:24:28,579 - root - INFO - Response status code: 200
2026-05-14 01:24:28,593 - root - INFO - API response from https://sg5.fusionsolar.huawei.com/rest/openapi/pvms/nbi/v1/device/history (truncated): {'failCode': 0, 'success': True, 'message': 'historical data information query successful.', 'data': [{'devDn': 'NE=59182344', 'collectTime': 1778624100000, 'dataItems': {'pv28_i': None, 'pv4_u': 0.0, 'pv24_i': 0.0, 'mppt_total_cap': 198030.24, 'pv8_u': 0.0, 'a_i': 0.0, 'pv24_u': 0.0, 'mppt_9_cap': None, 'pv20_u': 0.0, 'a_u': 0.0, 'pv17_u': 0.0, 'pv20_i': 0.0, 'efficiency': 0.0, 'pv17_i': 0.0, 'pv13_i': 0.0, 'pv36_i': None, 'mppt_power': 0.0, 'pv13_u': 0.0, 'pv36_u': None, 'mppt_7_cap': None, 'p...
2026-05-14 01:24:28,596 - root - INFO - API Response type: <class 'dict'>
2026-05-14 01:24:28,596 - root - INFO - API Response keys: ['failCode', 'success', 'message', 'data']
2026-05-14 01:24:28,596 - root - INFO - API Response data is a list with 154 items
2026-05-14 01:24:28,596 - root - INFO - API Response has failCode: 0, message: historical data information query successful.
2026-05-14 01:24:28,597 - root - INFO - Using alternate response format: data as list
2026-05-14 01:24:28,597 - root - INFO - Received 154 data points from API
2026-05-14 01:24:28,597 - root - INFO - Sample data point structure: ['devDn', 'collectTime', 'dataItems']
2026-05-14 01:24:28,663 - root - INFO - Successfully upserted 154 data points.
2026-05-14 01:24:32,063 - root - INFO - Using single devDn for device/history (API: one device per query)
2026-05-14 01:24:32,065 - root - INFO - Fetching historical data for 1 devices of type inverter
2026-05-14 01:24:32,065 - root - INFO - Making API request to: https://sg5.fusionsolar.huawei.com/rest/openapi/pvms/nbi/v1/device/history
2026-05-14 01:24:32,065 - root - INFO - Request payload: {'devDn': 'NE=58630789', 'devTypeId': 1, 'startTime': 1778605200000, 'endTime': 1778691599000}
2026-05-14 01:24:33,688 - root - INFO - Response status code: 200
2026-05-14 01:24:33,702 - root - INFO - API response from https://sg5.fusionsolar.huawei.com/rest/openapi/pvms/nbi/v1/device/history (truncated): {'failCode': 0, 'success': True, 'message': 'historical data information query successful.', 'data': [{'devDn': 'NE=58630789', 'collectTime': 1778623800000, 'dataItems': {'pv28_i': None, 'pv4_u': 0.0, 'pv24_i': 0.0, 'mppt_total_cap': 215814.6, 'pv8_u': 0.0, 'a_i': 0.0, 'pv24_u': 0.0, 'mppt_9_cap': 0.0, 'pv20_u': 0.0, 'a_u': 0.0, 'pv17_u': 0.0, 'pv20_i': 0.0, 'efficiency': 0.0, 'pv17_i': 0.0, 'pv13_i': 0.0, 'pv36_i': None, 'mppt_power': 0.0, 'pv13_u': 0.0, 'pv36_u': None, 'mppt_7_cap': 29147.05, ...
2026-05-14 01:24:33,704 - root - INFO - API Response type: <class 'dict'>
2026-05-14 01:24:33,704 - root - INFO - API Response keys: ['failCode', 'success', 'message', 'data']
2026-05-14 01:24:33,704 - root - INFO - API Response data is a list with 155 items
2026-05-14 01:24:33,704 - root - INFO - API Response has failCode: 0, message: historical data information query successful.
2026-05-14 01:24:33,704 - root - INFO - Using alternate response format: data as list
2026-05-14 01:24:33,704 - root - INFO - Received 155 data points from API
2026-05-14 01:24:33,704 - root - INFO - Sample data point structure: ['devDn', 'collectTime', 'dataItems']
2026-05-14 01:24:33,766 - root - INFO - Successfully upserted 155 data points.
2026-05-14 01:24:37,172 - root - INFO - Using single devDn for device/history (API: one device per query)
2026-05-14 01:24:37,174 - root - INFO - Fetching historical data for 1 devices of type inverter
2026-05-14 01:24:37,174 - root - INFO - Making API request to: https://sg5.fusionsolar.huawei.com/rest/openapi/pvms/nbi/v1/device/history
2026-05-14 01:24:37,174 - root - INFO - Request payload: {'devDn': 'NE=58630790', 'devTypeId': 1, 'startTime': 1778605200000, 'endTime': 1778691599000}
2026-05-14 01:24:38,838 - root - INFO - Response status code: 200
2026-05-14 01:24:38,851 - root - INFO - API response from https://sg5.fusionsolar.huawei.com/rest/openapi/pvms/nbi/v1/device/history (truncated): {'failCode': 0, 'success': True, 'message': 'historical data information query successful.', 'data': [{'devDn': 'NE=58630790', 'collectTime': 1778623800000, 'dataItems': {'pv28_i': None, 'pv4_u': 0.0, 'pv24_i': 0.0, 'mppt_total_cap': 223059.2, 'pv8_u': 0.0, 'a_i': 0.0, 'pv24_u': 0.0, 'mppt_9_cap': 0.0, 'pv20_u': 0.0, 'a_u': 0.0, 'pv17_u': 0.0, 'pv20_i': 0.0, 'efficiency': 0.0, 'pv17_i': 0.0, 'pv13_i': 0.0, 'pv36_i': None, 'mppt_power': 0.0, 'pv13_u': 0.0, 'pv36_u': None, 'mppt_7_cap': 29125.28, ...
2026-05-14 01:24:38,853 - root - INFO - API Response type: <class 'dict'>
2026-05-14 01:24:38,853 - root - INFO - API Response keys: ['failCode', 'success', 'message', 'data']
2026-05-14 01:24:38,853 - root - INFO - API Response data is a list with 155 items
2026-05-14 01:24:38,854 - root - INFO - API Response has failCode: 0, message: historical data information query successful.
2026-05-14 01:24:38,854 - root - INFO - Using alternate response format: data as list
2026-05-14 01:24:38,854 - root - INFO - Received 155 data points from API
2026-05-14 01:24:38,854 - root - INFO - Sample data point structure: ['devDn', 'collectTime', 'dataItems']
2026-05-14 01:24:38,918 - root - INFO - Successfully upserted 155 data points.
2026-05-14 01:24:42,121 - root - INFO - Using single devDn for device/history (API: one device per query)
2026-05-14 01:24:42,122 - root - INFO - Fetching historical data for 1 devices of type inverter
2026-05-14 01:24:42,122 - root - INFO - Making API request to: https://sg5.fusionsolar.huawei.com/rest/openapi/pvms/nbi/v1/device/history
2026-05-14 01:24:42,122 - root - INFO - Request payload: {'devDn': 'NE=58630787', 'devTypeId': 1, 'startTime': 1778605200000, 'endTime': 1778691599000}
2026-05-14 01:24:43,773 - root - INFO - Response status code: 200
2026-05-14 01:24:43,787 - root - INFO - API response from https://sg5.fusionsolar.huawei.com/rest/openapi/pvms/nbi/v1/device/history (truncated): {'failCode': 0, 'success': True, 'message': 'historical data information query successful.', 'data': [{'devDn': 'NE=58630787', 'collectTime': 1778623800000, 'dataItems': {'pv28_i': None, 'pv4_u': 0.0, 'pv24_i': 0.0, 'mppt_total_cap': 216357.07, 'pv8_u': 0.0, 'a_i': 0.0, 'pv24_u': 0.0, 'mppt_9_cap': 0.0, 'pv20_u': 0.0, 'a_u': 0.0, 'pv17_u': 0.0, 'pv20_i': 0.0, 'efficiency': 0.0, 'pv17_i': 0.0, 'pv13_i': 0.0, 'pv36_i': None, 'mppt_power': 0.0, 'pv13_u': 0.0, 'pv36_u': None, 'mppt_7_cap': 29195.02,...
2026-05-14 01:24:43,789 - root - INFO - API Response type: <class 'dict'>
2026-05-14 01:24:43,789 - root - INFO - API Response keys: ['failCode', 'success', 'message', 'data']
2026-05-14 01:24:43,789 - root - INFO - API Response data is a list with 155 items
2026-05-14 01:24:43,789 - root - INFO - API Response has failCode: 0, message: historical data information query successful.
2026-05-14 01:24:43,789 - root - INFO - Using alternate response format: data as list
2026-05-14 01:24:43,789 - root - INFO - Received 155 data points from API
2026-05-14 01:24:43,790 - root - INFO - Sample data point structure: ['devDn', 'collectTime', 'dataItems']
2026-05-14 01:24:43,852 - root - INFO - Successfully upserted 155 data points.
2026-05-14 01:24:47,160 - root - INFO - Using single devDn for device/history (API: one device per query)
2026-05-14 01:24:47,161 - root - INFO - Fetching historical data for 1 devices of type inverter
2026-05-14 01:24:47,161 - root - INFO - Making API request to: https://sg5.fusionsolar.huawei.com/rest/openapi/pvms/nbi/v1/device/history
2026-05-14 01:24:47,161 - root - INFO - Request payload: {'devDn': 'NE=58630788', 'devTypeId': 1, 'startTime': 1778605200000, 'endTime': 1778691599000}
2026-05-14 01:24:48,938 - root - INFO - Response status code: 200
2026-05-14 01:24:48,951 - root - INFO - API response from https://sg5.fusionsolar.huawei.com/rest/openapi/pvms/nbi/v1/device/history (truncated): {'failCode': 0, 'success': True, 'message': 'historical data information query successful.', 'data': [{'devDn': 'NE=58630788', 'collectTime': 1778623800000, 'dataItems': {'pv28_i': None, 'pv4_u': 0.0, 'pv24_i': 0.0, 'mppt_total_cap': 225434.64, 'pv8_u': 0.0, 'a_i': 0.0, 'pv24_u': 0.0, 'mppt_9_cap': 0.0, 'pv20_u': 0.0, 'a_u': 0.0, 'pv17_u': 0.0, 'pv20_i': 0.0, 'efficiency': 0.0, 'pv17_i': 0.0, 'pv13_i': 0.0, 'pv36_i': None, 'mppt_power': 0.0, 'pv13_u': 0.0, 'pv36_u': None, 'mppt_7_cap': 29241.95,...
2026-05-14 01:24:48,953 - root - INFO - API Response type: <class 'dict'>
2026-05-14 01:24:48,953 - root - INFO - API Response keys: ['failCode', 'success', 'message', 'data']
2026-05-14 01:24:48,953 - root - INFO - API Response data is a list with 155 items
2026-05-14 01:24:48,953 - root - INFO - API Response has failCode: 0, message: historical data information query successful.
2026-05-14 01:24:48,954 - root - INFO - Using alternate response format: data as list
2026-05-14 01:24:48,954 - root - INFO - Received 155 data points from API
2026-05-14 01:24:48,954 - root - INFO - Sample data point structure: ['devDn', 'collectTime', 'dataItems']
2026-05-14 01:24:49,018 - root - INFO - Successfully upserted 155 data points.
2026-05-14 01:24:52,434 - root - INFO - Using single devDn for device/history (API: one device per query)
2026-05-14 01:24:52,436 - root - INFO - Fetching historical data for 1 devices of type inverter
2026-05-14 01:24:52,436 - root - INFO - Making API request to: https://sg5.fusionsolar.huawei.com/rest/openapi/pvms/nbi/v1/device/history
2026-05-14 01:24:52,436 - root - INFO - Request payload: {'devDn': 'NE=58630793', 'devTypeId': 1, 'startTime': 1778605200000, 'endTime': 1778691599000}
2026-05-14 01:24:54,058 - root - INFO - Response status code: 200
2026-05-14 01:24:54,071 - root - INFO - API response from https://sg5.fusionsolar.huawei.com/rest/openapi/pvms/nbi/v1/device/history (truncated): {'failCode': 0, 'success': True, 'message': 'historical data information query successful.', 'data': [{'devDn': 'NE=58630793', 'collectTime': 1778623800000, 'dataItems': {'pv28_i': None, 'pv4_u': 0.0, 'pv24_i': 0.0, 'mppt_total_cap': 209585.81, 'pv8_u': 0.0, 'a_i': 0.0, 'pv24_u': 0.0, 'mppt_9_cap': None, 'pv20_u': 0.0, 'a_u': 0.0, 'pv17_u': 0.0, 'pv20_i': 0.0, 'efficiency': 0.0, 'pv17_i': 0.0, 'pv13_i': 0.0, 'pv36_i': None, 'mppt_power': 0.0, 'pv13_u': 0.0, 'pv36_u': None, 'mppt_7_cap': None, 'p...
2026-05-14 01:24:54,073 - root - INFO - API Response type: <class 'dict'>
2026-05-14 01:24:54,073 - root - INFO - API Response keys: ['failCode', 'success', 'message', 'data']
2026-05-14 01:24:54,073 - root - INFO - API Response data is a list with 155 items
2026-05-14 01:24:54,073 - root - INFO - API Response has failCode: 0, message: historical data information query successful.
2026-05-14 01:24:54,074 - root - INFO - Using alternate response format: data as list
2026-05-14 01:24:54,074 - root - INFO - Received 155 data points from API
2026-05-14 01:24:54,074 - root - INFO - Sample data point structure: ['devDn', 'collectTime', 'dataItems']
2026-05-14 01:24:54,137 - root - INFO - Successfully upserted 155 data points.
2026-05-14 01:24:57,342 - root - INFO - Using single devDn for device/history (API: one device per query)
2026-05-14 01:24:57,343 - root - INFO - Fetching historical data for 1 devices of type inverter
2026-05-14 01:24:57,343 - root - INFO - Making API request to: https://sg5.fusionsolar.huawei.com/rest/openapi/pvms/nbi/v1/device/history
2026-05-14 01:24:57,343 - root - INFO - Request payload: {'devDn': 'NE=58630794', 'devTypeId': 1, 'startTime': 1778605200000, 'endTime': 1778691599000}
2026-05-14 01:24:58,845 - root - INFO - Response status code: 200
2026-05-14 01:24:58,858 - root - INFO - API response from https://sg5.fusionsolar.huawei.com/rest/openapi/pvms/nbi/v1/device/history (truncated): {'failCode': 0, 'success': True, 'message': 'historical data information query successful.', 'data': [{'devDn': 'NE=58630794', 'collectTime': 1778623800000, 'dataItems': {'pv28_i': None, 'pv4_u': 0.0, 'pv24_i': 0.0, 'mppt_total_cap': 218417.6, 'pv8_u': 0.0, 'a_i': 0.0, 'pv24_u': 0.0, 'mppt_9_cap': None, 'pv20_u': 0.0, 'a_u': 0.0, 'pv17_u': 0.0, 'pv20_i': 0.0, 'efficiency': 0.0, 'pv17_i': 0.0, 'pv13_i': 0.0, 'pv36_i': None, 'mppt_power': 0.0, 'pv13_u': 0.0, 'pv36_u': None, 'mppt_7_cap': None, 'pv...
2026-05-14 01:24:58,860 - root - INFO - API Response type: <class 'dict'>
2026-05-14 01:24:58,860 - root - INFO - API Response keys: ['failCode', 'success', 'message', 'data']
2026-05-14 01:24:58,861 - root - INFO - API Response data is a list with 156 items
2026-05-14 01:24:58,861 - root - INFO - API Response has failCode: 0, message: historical data information query successful.
2026-05-14 01:24:58,861 - root - INFO - Using alternate response format: data as list
2026-05-14 01:24:58,861 - root - INFO - Received 156 data points from API
2026-05-14 01:24:58,861 - root - INFO - Sample data point structure: ['devDn', 'collectTime', 'dataItems']
2026-05-14 01:24:58,926 - root - INFO - Successfully upserted 156 data points.
2026-05-14 01:25:02,136 - root - INFO - Using single devDn for device/history (API: one device per query)
2026-05-14 01:25:02,137 - root - INFO - Fetching historical data for 1 devices of type inverter
2026-05-14 01:25:02,137 - root - INFO - Making API request to: https://sg5.fusionsolar.huawei.com/rest/openapi/pvms/nbi/v1/device/history
2026-05-14 01:25:02,137 - root - INFO - Request payload: {'devDn': 'NE=58630791', 'devTypeId': 1, 'startTime': 1778605200000, 'endTime': 1778691599000}
2026-05-14 01:25:03,786 - root - INFO - Response status code: 200
2026-05-14 01:25:03,799 - root - INFO - API response from https://sg5.fusionsolar.huawei.com/rest/openapi/pvms/nbi/v1/device/history (truncated): {'failCode': 0, 'success': True, 'message': 'historical data information query successful.', 'data': [{'devDn': 'NE=58630791', 'collectTime': 1778624100000, 'dataItems': {'pv28_i': None, 'pv4_u': 0.0, 'pv24_i': 0.0, 'mppt_total_cap': 213727.94, 'pv8_u': 0.0, 'a_i': 0.0, 'pv24_u': 0.0, 'mppt_9_cap': None, 'pv20_u': 0.0, 'a_u': 0.0, 'pv17_u': 0.0, 'pv20_i': 0.0, 'efficiency': 0.0, 'pv17_i': 0.0, 'pv13_i': 0.0, 'pv36_i': None, 'mppt_power': 0.0, 'pv13_u': 0.0, 'pv36_u': None, 'mppt_7_cap': None, 'p...
2026-05-14 01:25:03,801 - root - INFO - API Response type: <class 'dict'>
2026-05-14 01:25:03,801 - root - INFO - API Response keys: ['failCode', 'success', 'message', 'data']
2026-05-14 01:25:03,801 - root - INFO - API Response data is a list with 155 items
2026-05-14 01:25:03,801 - root - INFO - API Response has failCode: 0, message: historical data information query successful.
2026-05-14 01:25:03,801 - root - INFO - Using alternate response format: data as list
2026-05-14 01:25:03,802 - root - INFO - Received 155 data points from API
2026-05-14 01:25:03,802 - root - INFO - Sample data point structure: ['devDn', 'collectTime', 'dataItems']
2026-05-14 01:25:03,865 - root - INFO - Successfully upserted 155 data points.
2026-05-14 01:25:07,229 - root - INFO - Using single devDn for device/history (API: one device per query)
2026-05-14 01:25:07,231 - root - INFO - Fetching historical data for 1 devices of type inverter
2026-05-14 01:25:07,231 - root - INFO - Making API request to: https://sg5.fusionsolar.huawei.com/rest/openapi/pvms/nbi/v1/device/history
2026-05-14 01:25:07,231 - root - INFO - Request payload: {'devDn': 'NE=58630792', 'devTypeId': 1, 'startTime': 1778605200000, 'endTime': 1778691599000}
2026-05-14 01:25:08,763 - root - INFO - Response status code: 200
2026-05-14 01:25:08,777 - root - INFO - API response from https://sg5.fusionsolar.huawei.com/rest/openapi/pvms/nbi/v1/device/history (truncated): {'failCode': 0, 'success': True, 'message': 'historical data information query successful.', 'data': [{'devDn': 'NE=58630792', 'collectTime': 1778623800000, 'dataItems': {'pv28_i': None, 'pv4_u': 0.0, 'pv24_i': 0.0, 'mppt_total_cap': 201237.01, 'pv8_u': 0.0, 'a_i': 0.0, 'pv24_u': 0.0, 'mppt_9_cap': None, 'pv20_u': 0.0, 'a_u': 0.0, 'pv17_u': 0.0, 'pv20_i': 0.0, 'efficiency': 0.0, 'pv17_i': 0.0, 'pv13_i': 0.0, 'pv36_i': None, 'mppt_power': 0.0, 'pv13_u': 0.0, 'pv36_u': None, 'mppt_7_cap': None, 'p...
2026-05-14 01:25:08,778 - root - INFO - API Response type: <class 'dict'>
2026-05-14 01:25:08,779 - root - INFO - API Response keys: ['failCode', 'success', 'message', 'data']
2026-05-14 01:25:08,779 - root - INFO - API Response data is a list with 155 items
2026-05-14 01:25:08,779 - root - INFO - API Response has failCode: 0, message: historical data information query successful.
2026-05-14 01:25:08,779 - root - INFO - Using alternate response format: data as list
2026-05-14 01:25:08,779 - root - INFO - Received 155 data points from API
2026-05-14 01:25:08,779 - root - INFO - Sample data point structure: ['devDn', 'collectTime', 'dataItems']
2026-05-14 01:25:08,841 - root - INFO - Successfully upserted 155 data points.
2026-05-14 01:25:12,006 - root - INFO - Using single devDn for device/history (API: one device per query)
2026-05-14 01:25:12,007 - root - INFO - Fetching historical data for 1 devices of type inverter
2026-05-14 01:25:12,007 - root - INFO - Making API request to: https://sg5.fusionsolar.huawei.com/rest/openapi/pvms/nbi/v1/device/history
2026-05-14 01:25:12,007 - root - INFO - Request payload: {'devDn': 'NE=58639490', 'devTypeId': 1, 'startTime': 1778605200000, 'endTime': 1778691599000}
2026-05-14 01:25:13,661 - root - INFO - Response status code: 200
2026-05-14 01:25:13,675 - root - INFO - API response from https://sg5.fusionsolar.huawei.com/rest/openapi/pvms/nbi/v1/device/history (truncated): {'failCode': 0, 'success': True, 'message': 'historical data information query successful.', 'data': [{'devDn': 'NE=58639490', 'collectTime': 1778623800000, 'dataItems': {'pv28_i': None, 'pv4_u': 0.0, 'pv24_i': 0.0, 'mppt_total_cap': 194473.88, 'pv8_u': 0.0, 'a_i': 0.0, 'pv24_u': 0.0, 'mppt_9_cap': None, 'pv20_u': 0.0, 'a_u': 0.0, 'pv17_u': 0.0, 'pv20_i': 0.0, 'efficiency': 0.0, 'pv17_i': 0.0, 'pv13_i': 0.0, 'pv36_i': None, 'mppt_power': 0.0, 'pv13_u': 0.0, 'pv36_u': None, 'mppt_7_cap': None, 'p...
2026-05-14 01:25:13,677 - root - INFO - API Response type: <class 'dict'>
2026-05-14 01:25:13,677 - root - INFO - API Response keys: ['failCode', 'success', 'message', 'data']
2026-05-14 01:25:13,677 - root - INFO - API Response data is a list with 157 items
2026-05-14 01:25:13,677 - root - INFO - API Response has failCode: 0, message: historical data information query successful.
2026-05-14 01:25:13,678 - root - INFO - Using alternate response format: data as list
2026-05-14 01:25:13,678 - root - INFO - Received 157 data points from API
2026-05-14 01:25:13,678 - root - INFO - Sample data point structure: ['devDn', 'collectTime', 'dataItems']
2026-05-14 01:25:13,741 - root - INFO - Successfully upserted 157 data points.
2026-05-14 01:25:16,973 - root - INFO - Using single devDn for device/history (API: one device per query)
2026-05-14 01:25:16,974 - root - INFO - Fetching historical data for 1 devices of type inverter
2026-05-14 01:25:16,974 - root - INFO - Making API request to: https://sg5.fusionsolar.huawei.com/rest/openapi/pvms/nbi/v1/device/history
2026-05-14 01:25:16,975 - root - INFO - Request payload: {'devDn': 'NE=58639492', 'devTypeId': 1, 'startTime': 1778605200000, 'endTime': 1778691599000}
2026-05-14 01:25:18,815 - root - INFO - Response status code: 200
2026-05-14 01:25:18,828 - root - INFO - API response from https://sg5.fusionsolar.huawei.com/rest/openapi/pvms/nbi/v1/device/history (truncated): {'failCode': 0, 'success': True, 'message': 'historical data information query successful.', 'data': [{'devDn': 'NE=58639492', 'collectTime': 1778623800000, 'dataItems': {'pv28_i': None, 'pv4_u': 0.0, 'pv24_i': 0.0, 'mppt_total_cap': 208154.98, 'pv8_u': 0.0, 'a_i': 0.0, 'pv24_u': 0.0, 'mppt_9_cap': None, 'pv20_u': 0.0, 'a_u': 0.0, 'pv17_u': 0.0, 'pv20_i': 0.0, 'efficiency': 0.0, 'pv17_i': 0.0, 'pv13_i': 0.0, 'pv36_i': None, 'mppt_power': 0.0, 'pv13_u': 0.0, 'pv36_u': None, 'mppt_7_cap': None, 'p...
2026-05-14 01:25:18,830 - root - INFO - API Response type: <class 'dict'>
2026-05-14 01:25:18,830 - root - INFO - API Response keys: ['failCode', 'success', 'message', 'data']
2026-05-14 01:25:18,831 - root - INFO - API Response data is a list with 157 items
2026-05-14 01:25:18,831 - root - INFO - API Response has failCode: 0, message: historical data information query successful.
2026-05-14 01:25:18,831 - root - INFO - Using alternate response format: data as list
2026-05-14 01:25:18,831 - root - INFO - Received 157 data points from API
2026-05-14 01:25:18,831 - root - INFO - Sample data point structure: ['devDn', 'collectTime', 'dataItems']
2026-05-14 01:25:18,893 - root - INFO - Successfully upserted 157 data points.
2026-05-14 01:25:22,106 - root - INFO - Using single devDn for device/history (API: one device per query)
2026-05-14 01:25:22,107 - root - INFO - Fetching historical data for 1 devices of type inverter
2026-05-14 01:25:22,108 - root - INFO - Making API request to: https://sg5.fusionsolar.huawei.com/rest/openapi/pvms/nbi/v1/device/history
2026-05-14 01:25:22,108 - root - INFO - Request payload: {'devDn': 'NE=58987138', 'devTypeId': 1, 'startTime': 1778605200000, 'endTime': 1778691599000}
2026-05-14 01:25:23,707 - root - INFO - Response status code: 200
2026-05-14 01:25:23,721 - root - INFO - API response from https://sg5.fusionsolar.huawei.com/rest/openapi/pvms/nbi/v1/device/history (truncated): {'failCode': 0, 'success': True, 'message': 'historical data information query successful.', 'data': [{'devDn': 'NE=58987138', 'collectTime': 1778623800000, 'dataItems': {'pv28_i': None, 'pv4_u': 0.0, 'pv24_i': 0.0, 'mppt_total_cap': 212339.28, 'pv8_u': 0.0, 'a_i': 0.0, 'pv24_u': 0.0, 'mppt_9_cap': None, 'pv20_u': 0.0, 'a_u': 0.0, 'pv17_u': 0.0, 'pv20_i': 0.0, 'efficiency': 0.0, 'pv17_i': 0.0, 'pv13_i': 0.0, 'pv36_i': None, 'mppt_power': 0.0, 'pv13_u': 0.0, 'pv36_u': None, 'mppt_7_cap': None, 'p...
2026-05-14 01:25:23,723 - root - INFO - API Response type: <class 'dict'>
2026-05-14 01:25:23,723 - root - INFO - API Response keys: ['failCode', 'success', 'message', 'data']
2026-05-14 01:25:23,723 - root - INFO - API Response data is a list with 155 items
2026-05-14 01:25:23,723 - root - INFO - API Response has failCode: 0, message: historical data information query successful.
2026-05-14 01:25:23,724 - root - INFO - Using alternate response format: data as list
2026-05-14 01:25:23,724 - root - INFO - Received 155 data points from API
2026-05-14 01:25:23,724 - root - INFO - Sample data point structure: ['devDn', 'collectTime', 'dataItems']
2026-05-14 01:25:23,786 - root - INFO - Successfully upserted 155 data points.
2026-05-14 01:25:26,923 - root - INFO - Using single devDn for device/history (API: one device per query)
2026-05-14 01:25:26,925 - root - INFO - Fetching historical data for 1 devices of type inverter
2026-05-14 01:25:26,925 - root - INFO - Making API request to: https://sg5.fusionsolar.huawei.com/rest/openapi/pvms/nbi/v1/device/history
2026-05-14 01:25:26,925 - root - INFO - Request payload: {'devDn': 'NE=58741218', 'devTypeId': 1, 'startTime': 1778605200000, 'endTime': 1778691599000}
2026-05-14 01:25:27,710 - root - INFO - Response status code: 200
2026-05-14 01:25:27,711 - root - INFO - API response from https://sg5.fusionsolar.huawei.com/rest/openapi/pvms/nbi/v1/device/history (truncated): {'failCode': 0, 'success': True, 'message': 'historical data information query successful.', 'data': []}
2026-05-14 01:25:27,713 - root - INFO - API Response type: <class 'dict'>
2026-05-14 01:25:27,713 - root - INFO - API Response keys: ['failCode', 'success', 'message', 'data']
2026-05-14 01:25:27,713 - root - INFO - API Response data is a list with 0 items
2026-05-14 01:25:27,713 - root - INFO - API Response has failCode: 0, message: historical data information query successful.
2026-05-14 01:25:27,714 - root - INFO - Using alternate response format: data as list
2026-05-14 01:25:27,714 - root - INFO - No data points returned for the query period
2026-05-14 01:25:27,714 - root - INFO - Using single devDn for device/history (API: one device per query)
2026-05-14 01:25:27,715 - root - INFO - Fetching historical data for 1 devices of type inverter
2026-05-14 01:25:27,715 - root - INFO - Making API request to: https://sg5.fusionsolar.huawei.com/rest/openapi/pvms/nbi/v1/device/history
2026-05-14 01:25:27,715 - root - INFO - Request payload: {'devDn': 'NE=50488273', 'devTypeId': 1, 'startTime': 1778605200000, 'endTime': 1778691599000}
2026-05-14 01:25:28,458 - root - INFO - Response status code: 200
2026-05-14 01:25:28,459 - root - INFO - API response from https://sg5.fusionsolar.huawei.com/rest/openapi/pvms/nbi/v1/device/history (truncated): {'failCode': 0, 'success': True, 'message': 'historical data information query successful.', 'data': []}
2026-05-14 01:25:28,461 - root - INFO - API Response type: <class 'dict'>
2026-05-14 01:25:28,461 - root - INFO - API Response keys: ['failCode', 'success', 'message', 'data']
2026-05-14 01:25:28,461 - root - INFO - API Response data is a list with 0 items
2026-05-14 01:25:28,462 - root - INFO - API Response has failCode: 0, message: historical data information query successful.
2026-05-14 01:25:28,462 - root - INFO - Using alternate response format: data as list
2026-05-14 01:25:28,462 - root - INFO - No data points returned for the query period
2026-05-14 01:25:28,462 - root - INFO - Using single devDn for device/history (API: one device per query)
2026-05-14 01:25:28,462 - root - INFO - Fetching historical data for 1 devices of type inverter
2026-05-14 01:25:28,462 - root - INFO - Making API request to: https://sg5.fusionsolar.huawei.com/rest/openapi/pvms/nbi/v1/device/history
2026-05-14 01:25:28,463 - root - INFO - Request payload: {'devDn': 'NE=50488264', 'devTypeId': 1, 'startTime': 1778605200000, 'endTime': 1778691599000}
2026-05-14 01:25:28,787 - root - INFO - Response status code: 200
2026-05-14 01:25:28,787 - root - INFO - API response from https://sg5.fusionsolar.huawei.com/rest/openapi/pvms/nbi/v1/device/history (truncated): {'failCode': 407, 'success': False, 'message': 'Interface access frequency:0.39333333333333337/1second', 'data': []}
2026-05-14 01:25:28,788 - root - WARNING - API access frequency too high. Waiting 30 seconds before retry...
2026-05-14 01:25:58,788 - root - INFO - Retrying API request after rate limit wait...
2026-05-14 01:25:58,788 - root - INFO - Making API request to: https://sg5.fusionsolar.huawei.com/rest/openapi/pvms/nbi/v1/device/history
2026-05-14 01:25:58,789 - root - INFO - Request payload: {'devDn': 'NE=50488264', 'devTypeId': 1, 'startTime': 1778605200000, 'endTime': 1778691599000}
2026-05-14 01:25:59,557 - root - INFO - Response status code: 200
2026-05-14 01:25:59,558 - root - INFO - API response from https://sg5.fusionsolar.huawei.com/rest/openapi/pvms/nbi/v1/device/history (truncated): {'failCode': 0, 'success': True, 'message': 'historical data information query successful.', 'data': []}
2026-05-14 01:25:59,561 - root - INFO - API Response type: <class 'dict'>
2026-05-14 01:25:59,561 - root - INFO - API Response keys: ['failCode', 'success', 'message', 'data']
2026-05-14 01:25:59,561 - root - INFO - API Response data is a list with 0 items
2026-05-14 01:25:59,561 - root - INFO - API Response has failCode: 0, message: historical data information query successful.
2026-05-14 01:25:59,562 - root - INFO - Using alternate response format: data as list
2026-05-14 01:25:59,562 - root - INFO - No data points returned for the query period
2026-05-14 01:25:59,562 - root - INFO - Using single devDn for device/history (API: one device per query)
2026-05-14 01:25:59,562 - root - INFO - Fetching historical data for 1 devices of type inverter
2026-05-14 01:25:59,562 - root - INFO - Making API request to: https://sg5.fusionsolar.huawei.com/rest/openapi/pvms/nbi/v1/device/history
2026-05-14 01:25:59,563 - root - INFO - Request payload: {'devDn': 'NE=50488270', 'devTypeId': 1, 'startTime': 1778605200000, 'endTime': 1778691599000}
2026-05-14 01:25:59,884 - root - INFO - Response status code: 200
2026-05-14 01:25:59,884 - root - INFO - API response from https://sg5.fusionsolar.huawei.com/rest/openapi/pvms/nbi/v1/device/history (truncated): {'failCode': 407, 'success': False, 'message': 'Interface access frequency:0.39333333333333337/1second', 'data': []}
2026-05-14 01:25:59,884 - root - WARNING - API access frequency too high. Waiting 30 seconds before retry...
2026-05-14 01:26:29,884 - root - INFO - Retrying API request after rate limit wait...
2026-05-14 01:26:29,885 - root - INFO - Making API request to: https://sg5.fusionsolar.huawei.com/rest/openapi/pvms/nbi/v1/device/history
2026-05-14 01:26:29,886 - root - INFO - Request payload: {'devDn': 'NE=50488270', 'devTypeId': 1, 'startTime': 1778605200000, 'endTime': 1778691599000}
2026-05-14 01:26:31,449 - root - INFO - Response status code: 200
2026-05-14 01:26:31,465 - root - INFO - API response from https://sg5.fusionsolar.huawei.com/rest/openapi/pvms/nbi/v1/device/history (truncated): {'failCode': 0, 'success': True, 'message': 'historical data information query successful.', 'data': [{'devDn': 'NE=50488270', 'collectTime': 1778623800000, 'dataItems': {'pv28_i': None, 'pv4_u': 0.0, 'pv24_i': 0.0, 'mppt_total_cap': 890983.6, 'pv8_u': 0.0, 'a_i': 0.0, 'pv24_u': 0.0, 'mppt_9_cap': 0.0, 'pv20_u': 0.0, 'a_u': 0.0, 'pv17_u': 0.0, 'pv20_i': 0.0, 'efficiency': 0.0, 'pv17_i': 0.0, 'pv13_i': 0.0, 'pv36_i': None, 'mppt_power': 0.0, 'pv13_u': 0.0, 'pv36_u': None, 'mppt_7_cap': 0.0, 'pv32...
2026-05-14 01:26:31,469 - root - INFO - API Response type: <class 'dict'>
2026-05-14 01:26:31,470 - root - INFO - API Response keys: ['failCode', 'success', 'message', 'data']
2026-05-14 01:26:31,470 - root - INFO - API Response data is a list with 155 items
2026-05-14 01:26:31,470 - root - INFO - API Response has failCode: 0, message: historical data information query successful.
2026-05-14 01:26:31,470 - root - INFO - Using alternate response format: data as list
2026-05-14 01:26:31,470 - root - INFO - Received 155 data points from API
2026-05-14 01:26:31,470 - root - INFO - Sample data point structure: ['devDn', 'collectTime', 'dataItems']
2026-05-14 01:26:31,551 - root - INFO - Successfully upserted 155 data points.
2026-05-14 01:26:35,384 - root - INFO - Using single devDn for device/history (API: one device per query)
2026-05-14 01:26:35,385 - root - INFO - Fetching historical data for 1 devices of type inverter
2026-05-14 01:26:35,385 - root - INFO - Making API request to: https://sg5.fusionsolar.huawei.com/rest/openapi/pvms/nbi/v1/device/history
2026-05-14 01:26:35,385 - root - INFO - Request payload: {'devDn': 'NE=50488271', 'devTypeId': 1, 'startTime': 1778605200000, 'endTime': 1778691599000}
2026-05-14 01:26:36,929 - root - INFO - Response status code: 200
2026-05-14 01:26:36,944 - root - INFO - API response from https://sg5.fusionsolar.huawei.com/rest/openapi/pvms/nbi/v1/device/history (truncated): {'failCode': 0, 'success': True, 'message': 'historical data information query successful.', 'data': [{'devDn': 'NE=50488271', 'collectTime': 1778623800000, 'dataItems': {'pv28_i': None, 'pv4_u': 0.0, 'pv24_i': -0.01, 'mppt_total_cap': 886475.05, 'pv8_u': 0.0, 'a_i': 0.0, 'pv24_u': -0.1, 'mppt_9_cap': 0.0, 'pv20_u': -0.1, 'a_u': None, 'pv17_u': 0.0, 'pv20_i': -0.01, 'efficiency': 0.0, 'pv17_i': 0.0, 'pv13_i': 0.0, 'pv36_i': None, 'mppt_power': 0.0, 'pv13_u': 0.0, 'pv36_u': None, 'mppt_7_cap': 0....
2026-05-14 01:26:36,945 - root - INFO - API Response type: <class 'dict'>
2026-05-14 01:26:36,946 - root - INFO - API Response keys: ['failCode', 'success', 'message', 'data']
2026-05-14 01:26:36,946 - root - INFO - API Response data is a list with 155 items
2026-05-14 01:26:36,946 - root - INFO - API Response has failCode: 0, message: historical data information query successful.
2026-05-14 01:26:36,946 - root - INFO - Using alternate response format: data as list
2026-05-14 01:26:36,946 - root - INFO - Received 155 data points from API
2026-05-14 01:26:36,946 - root - INFO - Sample data point structure: ['devDn', 'collectTime', 'dataItems']
2026-05-14 01:26:37,011 - root - INFO - Successfully upserted 155 data points.
2026-05-14 01:26:40,370 - root - INFO - Using single devDn for device/history (API: one device per query)
2026-05-14 01:26:40,371 - root - INFO - Fetching historical data for 1 devices of type inverter
2026-05-14 01:26:40,371 - root - INFO - Making API request to: https://sg5.fusionsolar.huawei.com/rest/openapi/pvms/nbi/v1/device/history
2026-05-14 01:26:40,372 - root - INFO - Request payload: {'devDn': 'NE=50488265', 'devTypeId': 1, 'startTime': 1778605200000, 'endTime': 1778691599000}
2026-05-14 01:26:41,878 - root - INFO - Response status code: 200
2026-05-14 01:26:41,893 - root - INFO - API response from https://sg5.fusionsolar.huawei.com/rest/openapi/pvms/nbi/v1/device/history (truncated): {'failCode': 0, 'success': True, 'message': 'historical data information query successful.', 'data': [{'devDn': 'NE=50488265', 'collectTime': 1778623800000, 'dataItems': {'pv28_i': None, 'pv4_u': 0.0, 'pv24_i': 0.0, 'mppt_total_cap': 919887.23, 'pv8_u': 0.0, 'a_i': 0.0, 'pv24_u': 0.0, 'mppt_9_cap': 0.0, 'pv20_u': 0.0, 'a_u': 0.0, 'pv17_u': 0.0, 'pv20_i': 0.0, 'efficiency': 0.0, 'pv17_i': 0.0, 'pv13_i': 0.0, 'pv36_i': None, 'mppt_power': 0.0, 'pv13_u': 0.0, 'pv36_u': None, 'mppt_7_cap': 0.0, 'pv3...
2026-05-14 01:26:41,895 - root - INFO - API Response type: <class 'dict'>
2026-05-14 01:26:41,895 - root - INFO - API Response keys: ['failCode', 'success', 'message', 'data']
2026-05-14 01:26:41,895 - root - INFO - API Response data is a list with 155 items
2026-05-14 01:26:41,896 - root - INFO - API Response has failCode: 0, message: historical data information query successful.
2026-05-14 01:26:41,896 - root - INFO - Using alternate response format: data as list
2026-05-14 01:26:41,896 - root - INFO - Received 155 data points from API
2026-05-14 01:26:41,896 - root - INFO - Sample data point structure: ['devDn', 'collectTime', 'dataItems']
2026-05-14 01:26:41,959 - root - INFO - Successfully upserted 155 data points.
2026-05-14 01:26:45,264 - root - INFO - Using single devDn for device/history (API: one device per query)
2026-05-14 01:26:45,265 - root - INFO - Fetching historical data for 1 devices of type inverter
2026-05-14 01:26:45,265 - root - INFO - Making API request to: https://sg5.fusionsolar.huawei.com/rest/openapi/pvms/nbi/v1/device/history
2026-05-14 01:26:45,266 - root - INFO - Request payload: {'devDn': 'NE=53140445', 'devTypeId': 1, 'startTime': 1778605200000, 'endTime': 1778691599000}
2026-05-14 01:26:46,712 - root - INFO - Response status code: 200
2026-05-14 01:26:46,726 - root - INFO - API response from https://sg5.fusionsolar.huawei.com/rest/openapi/pvms/nbi/v1/device/history (truncated): {'failCode': 0, 'success': True, 'message': 'historical data information query successful.', 'data': [{'devDn': 'NE=53140445', 'collectTime': 1778623800000, 'dataItems': {'pv28_i': None, 'pv4_u': 0.0, 'pv24_i': 0.0, 'mppt_total_cap': 445783.46, 'pv8_u': 0.0, 'a_i': 0.0, 'pv24_u': 0.0, 'mppt_9_cap': 0.0, 'pv20_u': 0.0, 'a_u': 0.0, 'pv17_u': 0.0, 'pv20_i': 0.0, 'efficiency': 0.0, 'pv17_i': 0.0, 'pv13_i': 0.0, 'pv36_i': None, 'mppt_power': 0.0, 'pv13_u': 0.0, 'pv36_u': None, 'mppt_7_cap': 0.0, 'pv3...
2026-05-14 01:26:46,728 - root - INFO - API Response type: <class 'dict'>
2026-05-14 01:26:46,728 - root - INFO - API Response keys: ['failCode', 'success', 'message', 'data']
2026-05-14 01:26:46,728 - root - INFO - API Response data is a list with 155 items
2026-05-14 01:26:46,728 - root - INFO - API Response has failCode: 0, message: historical data information query successful.
2026-05-14 01:26:46,729 - root - INFO - Using alternate response format: data as list
2026-05-14 01:26:46,729 - root - INFO - Received 155 data points from API
2026-05-14 01:26:46,729 - root - INFO - Sample data point structure: ['devDn', 'collectTime', 'dataItems']
2026-05-14 01:26:46,792 - root - INFO - Successfully upserted 155 data points.
2026-05-14 01:26:50,246 - root - INFO - Using single devDn for device/history (API: one device per query)
2026-05-14 01:26:50,247 - root - INFO - Fetching historical data for 1 devices of type inverter
2026-05-14 01:26:50,248 - root - INFO - Making API request to: https://sg5.fusionsolar.huawei.com/rest/openapi/pvms/nbi/v1/device/history
2026-05-14 01:26:50,248 - root - INFO - Request payload: {'devDn': 'NE=54479672', 'devTypeId': 1, 'startTime': 1778605200000, 'endTime': 1778691599000}
2026-05-14 01:26:51,869 - root - INFO - Response status code: 200
2026-05-14 01:26:51,882 - root - INFO - API response from https://sg5.fusionsolar.huawei.com/rest/openapi/pvms/nbi/v1/device/history (truncated): {'failCode': 0, 'success': True, 'message': 'historical data information query successful.', 'data': [{'devDn': 'NE=54479672', 'collectTime': 1778623800000, 'dataItems': {'pv28_i': None, 'pv4_u': 0.0, 'pv24_i': 0.0, 'mppt_total_cap': 397326.08, 'pv8_u': 0.0, 'a_i': 0.0, 'pv24_u': 0.0, 'mppt_9_cap': 0.0, 'pv20_u': 0.0, 'a_u': 0.0, 'pv17_u': 0.0, 'pv20_i': 0.0, 'efficiency': 0.0, 'pv17_i': 0.0, 'pv13_i': 0.0, 'pv36_i': None, 'mppt_power': 0.0, 'pv13_u': 0.0, 'pv36_u': None, 'mppt_7_cap': 0.0, 'pv3...
2026-05-14 01:26:51,885 - root - INFO - API Response type: <class 'dict'>
2026-05-14 01:26:51,885 - root - INFO - API Response keys: ['failCode', 'success', 'message', 'data']
2026-05-14 01:26:51,885 - root - INFO - API Response data is a list with 155 items
2026-05-14 01:26:51,885 - root - INFO - API Response has failCode: 0, message: historical data information query successful.
2026-05-14 01:26:51,886 - root - INFO - Using alternate response format: data as list
2026-05-14 01:26:51,886 - root - INFO - Received 155 data points from API
2026-05-14 01:26:51,886 - root - INFO - Sample data point structure: ['devDn', 'collectTime', 'dataItems']
2026-05-14 01:26:51,948 - root - INFO - Successfully upserted 155 data points.
2026-05-14 01:26:55,173 - root - INFO - Using single devDn for device/history (API: one device per query)
2026-05-14 01:26:55,174 - root - INFO - Fetching historical data for 1 devices of type inverter
2026-05-14 01:26:55,174 - root - INFO - Making API request to: https://sg5.fusionsolar.huawei.com/rest/openapi/pvms/nbi/v1/device/history
2026-05-14 01:26:55,175 - root - INFO - Request payload: {'devDn': 'NE=50488269', 'devTypeId': 1, 'startTime': 1778605200000, 'endTime': 1778691599000}
2026-05-14 01:26:56,667 - root - INFO - Response status code: 200
2026-05-14 01:26:56,681 - root - INFO - API response from https://sg5.fusionsolar.huawei.com/rest/openapi/pvms/nbi/v1/device/history (truncated): {'failCode': 0, 'success': True, 'message': 'historical data information query successful.', 'data': [{'devDn': 'NE=50488269', 'collectTime': 1778623800000, 'dataItems': {'pv28_i': None, 'pv4_u': 0.0, 'pv24_i': 0.0, 'mppt_total_cap': 888821.29, 'pv8_u': 0.0, 'a_i': 0.0, 'pv24_u': 0.0, 'mppt_9_cap': 0.0, 'pv20_u': 0.0, 'a_u': 0.0, 'pv17_u': 0.0, 'pv20_i': 0.0, 'efficiency': 0.0, 'pv17_i': 0.0, 'pv13_i': 0.0, 'pv36_i': None, 'mppt_power': 0.0, 'pv13_u': 0.0, 'pv36_u': None, 'mppt_7_cap': 0.0, 'pv3...
2026-05-14 01:26:56,683 - root - INFO - API Response type: <class 'dict'>
2026-05-14 01:26:56,683 - root - INFO - API Response keys: ['failCode', 'success', 'message', 'data']
2026-05-14 01:26:56,683 - root - INFO - API Response data is a list with 155 items
2026-05-14 01:26:56,683 - root - INFO - API Response has failCode: 0, message: historical data information query successful.
2026-05-14 01:26:56,684 - root - INFO - Using alternate response format: data as list
2026-05-14 01:26:56,684 - root - INFO - Received 155 data points from API
2026-05-14 01:26:56,684 - root - INFO - Sample data point structure: ['devDn', 'collectTime', 'dataItems']
2026-05-14 01:26:56,746 - root - INFO - Successfully upserted 155 data points.
2026-05-14 01:27:00,056 - root - INFO - Using single devDn for device/history (API: one device per query)
2026-05-14 01:27:00,057 - root - INFO - Fetching historical data for 1 devices of type inverter
2026-05-14 01:27:00,057 - root - INFO - Making API request to: https://sg5.fusionsolar.huawei.com/rest/openapi/pvms/nbi/v1/device/history
2026-05-14 01:27:00,058 - root - INFO - Request payload: {'devDn': 'NE=50488267', 'devTypeId': 1, 'startTime': 1778605200000, 'endTime': 1778691599000}
2026-05-14 01:27:01,599 - root - INFO - Response status code: 200
2026-05-14 01:27:01,614 - root - INFO - API response from https://sg5.fusionsolar.huawei.com/rest/openapi/pvms/nbi/v1/device/history (truncated): {'failCode': 0, 'success': True, 'message': 'historical data information query successful.', 'data': [{'devDn': 'NE=50488267', 'collectTime': 1778623800000, 'dataItems': {'pv28_i': None, 'pv4_u': 0.0, 'pv24_i': 0.0, 'mppt_total_cap': 913541.36, 'pv8_u': 0.0, 'a_i': 0.0, 'pv24_u': 0.0, 'mppt_9_cap': 0.0, 'pv20_u': 0.0, 'a_u': 0.0, 'pv17_u': 0.0, 'pv20_i': 0.0, 'efficiency': 0.0, 'pv17_i': 0.0, 'pv13_i': 0.0, 'pv36_i': None, 'mppt_power': 0.0, 'pv13_u': 0.0, 'pv36_u': None, 'mppt_7_cap': 0.0, 'pv3...
2026-05-14 01:27:01,615 - root - INFO - API Response type: <class 'dict'>
2026-05-14 01:27:01,616 - root - INFO - API Response keys: ['failCode', 'success', 'message', 'data']
2026-05-14 01:27:01,616 - root - INFO - API Response data is a list with 155 items
2026-05-14 01:27:01,616 - root - INFO - API Response has failCode: 0, message: historical data information query successful.
2026-05-14 01:27:01,616 - root - INFO - Using alternate response format: data as list
2026-05-14 01:27:01,616 - root - INFO - Received 155 data points from API
2026-05-14 01:27:01,616 - root - INFO - Sample data point structure: ['devDn', 'collectTime', 'dataItems']
2026-05-14 01:27:01,679 - root - INFO - Successfully upserted 155 data points.
2026-05-14 01:27:04,924 - root - INFO - Using single devDn for device/history (API: one device per query)
2026-05-14 01:27:04,926 - root - INFO - Fetching historical data for 1 devices of type inverter
2026-05-14 01:27:04,926 - root - INFO - Making API request to: https://sg5.fusionsolar.huawei.com/rest/openapi/pvms/nbi/v1/device/history
2026-05-14 01:27:04,926 - root - INFO - Request payload: {'devDn': 'NE=50488266', 'devTypeId': 1, 'startTime': 1778605200000, 'endTime': 1778691599000}
2026-05-14 01:27:06,446 - root - INFO - Response status code: 200
2026-05-14 01:27:06,460 - root - INFO - API response from https://sg5.fusionsolar.huawei.com/rest/openapi/pvms/nbi/v1/device/history (truncated): {'failCode': 0, 'success': True, 'message': 'historical data information query successful.', 'data': [{'devDn': 'NE=50488266', 'collectTime': 1778623800000, 'dataItems': {'pv28_i': None, 'pv4_u': 0.0, 'pv24_i': 0.0, 'mppt_total_cap': 838428.66, 'pv8_u': 0.0, 'a_i': 0.0, 'pv24_u': 0.0, 'mppt_9_cap': 0.0, 'pv20_u': 0.0, 'a_u': 0.0, 'pv17_u': 0.0, 'pv20_i': 0.0, 'efficiency': 0.0, 'pv17_i': 0.0, 'pv13_i': 0.0, 'pv36_i': None, 'mppt_power': 0.0, 'pv13_u': 0.0, 'pv36_u': None, 'mppt_7_cap': 0.0, 'pv3...
2026-05-14 01:27:06,462 - root - INFO - API Response type: <class 'dict'>
2026-05-14 01:27:06,463 - root - INFO - API Response keys: ['failCode', 'success', 'message', 'data']
2026-05-14 01:27:06,463 - root - INFO - API Response data is a list with 155 items
2026-05-14 01:27:06,463 - root - INFO - API Response has failCode: 0, message: historical data information query successful.
2026-05-14 01:27:06,463 - root - INFO - Using alternate response format: data as list
2026-05-14 01:27:06,463 - root - INFO - Received 155 data points from API
2026-05-14 01:27:06,463 - root - INFO - Sample data point structure: ['devDn', 'collectTime', 'dataItems']
2026-05-14 01:27:06,527 - root - INFO - Successfully upserted 155 data points.
2026-05-14 01:27:09,747 - root - INFO - Using single devDn for device/history (API: one device per query)
2026-05-14 01:27:09,748 - root - INFO - Fetching historical data for 1 devices of type inverter
2026-05-14 01:27:09,749 - root - INFO - Making API request to: https://sg5.fusionsolar.huawei.com/rest/openapi/pvms/nbi/v1/device/history
2026-05-14 01:27:09,749 - root - INFO - Request payload: {'devDn': 'NE=62806382', 'devTypeId': 1, 'startTime': 1778605200000, 'endTime': 1778691599000}
2026-05-14 01:27:11,347 - root - INFO - Response status code: 200
2026-05-14 01:27:11,361 - root - INFO - API response from https://sg5.fusionsolar.huawei.com/rest/openapi/pvms/nbi/v1/device/history (truncated): {'failCode': 0, 'success': True, 'message': 'historical data information query successful.', 'data': [{'devDn': 'NE=62806382', 'collectTime': 1778605200000, 'dataItems': {'pv28_i': None, 'pv4_u': 0.0, 'pv24_i': None, 'mppt_total_cap': 172474.99, 'pv8_u': 0.0, 'a_i': 0.0, 'pv24_u': None, 'mppt_9_cap': None, 'pv20_u': 0.0, 'a_u': 0.0, 'pv17_u': 0.0, 'pv20_i': 0.0, 'efficiency': 0.0, 'pv17_i': 0.0, 'pv13_i': 0.0, 'pv36_i': None, 'mppt_power': 0.0, 'pv13_u': 0.0, 'pv36_u': None, 'mppt_7_cap': 23367....
2026-05-14 01:27:11,362 - root - INFO - API Response type: <class 'dict'>
2026-05-14 01:27:11,362 - root - INFO - API Response keys: ['failCode', 'success', 'message', 'data']
2026-05-14 01:27:11,363 - root - INFO - API Response data is a list with 150 items
2026-05-14 01:27:11,363 - root - INFO - API Response has failCode: 0, message: historical data information query successful.
2026-05-14 01:27:11,363 - root - INFO - Using alternate response format: data as list
2026-05-14 01:27:11,363 - root - INFO - Received 150 data points from API
2026-05-14 01:27:11,363 - root - INFO - Sample data point structure: ['devDn', 'collectTime', 'dataItems']
2026-05-14 01:27:11,424 - root - INFO - Successfully upserted 150 data points.
2026-05-14 01:27:15,051 - root - INFO - Using single devDn for device/history (API: one device per query)
2026-05-14 01:27:15,052 - root - INFO - Fetching historical data for 1 devices of type inverter
2026-05-14 01:27:15,052 - root - INFO - Making API request to: https://sg5.fusionsolar.huawei.com/rest/openapi/pvms/nbi/v1/device/history
2026-05-14 01:27:15,052 - root - INFO - Request payload: {'devDn': 'NE=62806380', 'devTypeId': 1, 'startTime': 1778605200000, 'endTime': 1778691599000}
2026-05-14 01:27:16,633 - root - INFO - Response status code: 200
2026-05-14 01:27:16,647 - root - INFO - API response from https://sg5.fusionsolar.huawei.com/rest/openapi/pvms/nbi/v1/device/history (truncated): {'failCode': 0, 'success': True, 'message': 'historical data information query successful.', 'data': [{'devDn': 'NE=62806380', 'collectTime': 1778605200000, 'dataItems': {'pv28_i': None, 'pv4_u': 0.0, 'pv24_i': None, 'mppt_total_cap': 178310.48, 'pv8_u': 0.0, 'a_i': 0.0, 'pv24_u': None, 'mppt_9_cap': None, 'pv20_u': 0.0, 'a_u': 0.0, 'pv17_u': 0.0, 'pv20_i': 0.0, 'efficiency': 0.0, 'pv17_i': 0.0, 'pv13_i': 0.0, 'pv36_i': None, 'mppt_power': 0.0, 'pv13_u': 0.0, 'pv36_u': None, 'mppt_7_cap': 33047....
2026-05-14 01:27:16,648 - root - INFO - API Response type: <class 'dict'>
2026-05-14 01:27:16,649 - root - INFO - API Response keys: ['failCode', 'success', 'message', 'data']
2026-05-14 01:27:16,649 - root - INFO - API Response data is a list with 150 items
2026-05-14 01:27:16,649 - root - INFO - API Response has failCode: 0, message: historical data information query successful.
2026-05-14 01:27:16,649 - root - INFO - Using alternate response format: data as list
2026-05-14 01:27:16,649 - root - INFO - Received 150 data points from API
2026-05-14 01:27:16,649 - root - INFO - Sample data point structure: ['devDn', 'collectTime', 'dataItems']
2026-05-14 01:27:16,710 - root - INFO - Successfully upserted 150 data points.
2026-05-14 01:27:20,073 - root - INFO - Using single devDn for device/history (API: one device per query)
2026-05-14 01:27:20,074 - root - INFO - Fetching historical data for 1 devices of type inverter
2026-05-14 01:27:20,075 - root - INFO - Making API request to: https://sg5.fusionsolar.huawei.com/rest/openapi/pvms/nbi/v1/device/history
2026-05-14 01:27:20,075 - root - INFO - Request payload: {'devDn': 'NE=62806373', 'devTypeId': 1, 'startTime': 1778605200000, 'endTime': 1778691599000}
2026-05-14 01:27:21,573 - root - INFO - Response status code: 200
2026-05-14 01:27:21,586 - root - INFO - API response from https://sg5.fusionsolar.huawei.com/rest/openapi/pvms/nbi/v1/device/history (truncated): {'failCode': 0, 'success': True, 'message': 'historical data information query successful.', 'data': [{'devDn': 'NE=62806373', 'collectTime': 1778605200000, 'dataItems': {'pv28_i': None, 'pv4_u': 0.0, 'pv24_i': None, 'mppt_total_cap': 169667.86, 'pv8_u': 0.0, 'a_i': 0.0, 'pv24_u': None, 'mppt_9_cap': None, 'pv20_u': 0.0, 'a_u': 0.0, 'pv17_u': 0.0, 'pv20_i': 0.0, 'efficiency': 0.0, 'pv17_i': 0.0, 'pv13_i': 0.0, 'pv36_i': None, 'mppt_power': 0.0, 'pv13_u': 0.0, 'pv36_u': None, 'mppt_7_cap': 22173....
2026-05-14 01:27:21,588 - root - INFO - API Response type: <class 'dict'>
2026-05-14 01:27:21,588 - root - INFO - API Response keys: ['failCode', 'success', 'message', 'data']
2026-05-14 01:27:21,588 - root - INFO - API Response data is a list with 150 items
2026-05-14 01:27:21,588 - root - INFO - API Response has failCode: 0, message: historical data information query successful.
2026-05-14 01:27:21,589 - root - INFO - Using alternate response format: data as list
2026-05-14 01:27:21,589 - root - INFO - Received 150 data points from API
2026-05-14 01:27:21,589 - root - INFO - Sample data point structure: ['devDn', 'collectTime', 'dataItems']
2026-05-14 01:27:21,651 - root - INFO - Successfully upserted 150 data points.
2026-05-14 01:27:24,824 - root - INFO - Using single devDn for device/history (API: one device per query)
2026-05-14 01:27:24,826 - root - INFO - Fetching historical data for 1 devices of type inverter
2026-05-14 01:27:24,826 - root - INFO - Making API request to: https://sg5.fusionsolar.huawei.com/rest/openapi/pvms/nbi/v1/device/history
2026-05-14 01:27:24,826 - root - INFO - Request payload: {'devDn': 'NE=62806371', 'devTypeId': 1, 'startTime': 1778605200000, 'endTime': 1778691599000}
2026-05-14 01:27:26,375 - root - INFO - Response status code: 200
2026-05-14 01:27:26,388 - root - INFO - API response from https://sg5.fusionsolar.huawei.com/rest/openapi/pvms/nbi/v1/device/history (truncated): {'failCode': 0, 'success': True, 'message': 'historical data information query successful.', 'data': [{'devDn': 'NE=62806371', 'collectTime': 1778605200000, 'dataItems': {'pv28_i': None, 'pv4_u': 0.0, 'pv24_i': None, 'mppt_total_cap': 187864.61, 'pv8_u': 0.0, 'a_i': 0.0, 'pv24_u': None, 'mppt_9_cap': None, 'pv20_u': 0.0, 'a_u': 0.0, 'pv17_u': 0.0, 'pv20_i': 0.0, 'efficiency': 0.0, 'pv17_i': 0.0, 'pv13_i': 0.0, 'pv36_i': None, 'mppt_power': 0.0, 'pv13_u': 0.0, 'pv36_u': None, 'mppt_7_cap': 35233....
2026-05-14 01:27:26,390 - root - INFO - API Response type: <class 'dict'>
2026-05-14 01:27:26,390 - root - INFO - API Response keys: ['failCode', 'success', 'message', 'data']
2026-05-14 01:27:26,390 - root - INFO - API Response data is a list with 150 items
2026-05-14 01:27:26,390 - root - INFO - API Response has failCode: 0, message: historical data information query successful.
2026-05-14 01:27:26,390 - root - INFO - Using alternate response format: data as list
2026-05-14 01:27:26,390 - root - INFO - Received 150 data points from API
2026-05-14 01:27:26,391 - root - INFO - Sample data point structure: ['devDn', 'collectTime', 'dataItems']
2026-05-14 01:27:26,452 - root - INFO - Successfully upserted 150 data points.
2026-05-14 01:27:29,981 - root - INFO - Using single devDn for device/history (API: one device per query)
2026-05-14 01:27:29,982 - root - INFO - Fetching historical data for 1 devices of type inverter
2026-05-14 01:27:29,982 - root - INFO - Making API request to: https://sg5.fusionsolar.huawei.com/rest/openapi/pvms/nbi/v1/device/history
2026-05-14 01:27:29,983 - root - INFO - Request payload: {'devDn': 'NE=62806381', 'devTypeId': 1, 'startTime': 1778605200000, 'endTime': 1778691599000}
2026-05-14 01:27:31,531 - root - INFO - Response status code: 200
2026-05-14 01:27:31,545 - root - INFO - API response from https://sg5.fusionsolar.huawei.com/rest/openapi/pvms/nbi/v1/device/history (truncated): {'failCode': 0, 'success': True, 'message': 'historical data information query successful.', 'data': [{'devDn': 'NE=62806381', 'collectTime': 1778605200000, 'dataItems': {'pv28_i': None, 'pv4_u': 0.0, 'pv24_i': None, 'mppt_total_cap': 190044.7, 'pv8_u': 0.0, 'a_i': 0.0, 'pv24_u': None, 'mppt_9_cap': None, 'pv20_u': 0.0, 'a_u': 0.0, 'pv17_u': 0.0, 'pv20_i': 0.0, 'efficiency': 0.0, 'pv17_i': 0.0, 'pv13_i': 0.0, 'pv36_i': None, 'mppt_power': 0.0, 'pv13_u': 0.0, 'pv36_u': None, 'mppt_7_cap': 36301.6...
2026-05-14 01:27:31,547 - root - INFO - API Response type: <class 'dict'>
2026-05-14 01:27:31,547 - root - INFO - API Response keys: ['failCode', 'success', 'message', 'data']
2026-05-14 01:27:31,547 - root - INFO - API Response data is a list with 150 items
2026-05-14 01:27:31,547 - root - INFO - API Response has failCode: 0, message: historical data information query successful.
2026-05-14 01:27:31,547 - root - INFO - Using alternate response format: data as list
2026-05-14 01:27:31,547 - root - INFO - Received 150 data points from API
2026-05-14 01:27:31,547 - root - INFO - Sample data point structure: ['devDn', 'collectTime', 'dataItems']
2026-05-14 01:27:31,610 - root - INFO - Successfully upserted 150 data points.
2026-05-14 01:27:35,074 - root - INFO - Using single devDn for device/history (API: one device per query)
2026-05-14 01:27:35,075 - root - INFO - Fetching historical data for 1 devices of type inverter
2026-05-14 01:27:35,075 - root - INFO - Making API request to: https://sg5.fusionsolar.huawei.com/rest/openapi/pvms/nbi/v1/device/history
2026-05-14 01:27:35,075 - root - INFO - Request payload: {'devDn': 'NE=62806383', 'devTypeId': 1, 'startTime': 1778605200000, 'endTime': 1778691599000}
2026-05-14 01:27:36,579 - root - INFO - Response status code: 200
2026-05-14 01:27:36,592 - root - INFO - API response from https://sg5.fusionsolar.huawei.com/rest/openapi/pvms/nbi/v1/device/history (truncated): {'failCode': 0, 'success': True, 'message': 'historical data information query successful.', 'data': [{'devDn': 'NE=62806383', 'collectTime': 1778605200000, 'dataItems': {'pv28_i': None, 'pv4_u': 0.0, 'pv24_i': None, 'mppt_total_cap': 162381.85, 'pv8_u': 0.0, 'a_i': 0.0, 'pv24_u': None, 'mppt_9_cap': None, 'pv20_u': 0.0, 'a_u': 0.0, 'pv17_u': 0.0, 'pv20_i': 0.0, 'efficiency': 0.0, 'pv17_i': 0.0, 'pv13_i': 0.0, 'pv36_i': None, 'mppt_power': 0.0, 'pv13_u': 0.0, 'pv36_u': None, 'mppt_7_cap': 27304....
2026-05-14 01:27:36,594 - root - INFO - API Response type: <class 'dict'>
2026-05-14 01:27:36,594 - root - INFO - API Response keys: ['failCode', 'success', 'message', 'data']
2026-05-14 01:27:36,594 - root - INFO - API Response data is a list with 150 items
2026-05-14 01:27:36,594 - root - INFO - API Response has failCode: 0, message: historical data information query successful.
2026-05-14 01:27:36,595 - root - INFO - Using alternate response format: data as list
2026-05-14 01:27:36,595 - root - INFO - Received 150 data points from API
2026-05-14 01:27:36,595 - root - INFO - Sample data point structure: ['devDn', 'collectTime', 'dataItems']
2026-05-14 01:27:36,656 - root - INFO - Successfully upserted 150 data points.
2026-05-14 01:27:39,797 - root - INFO - Using single devDn for device/history (API: one device per query)
2026-05-14 01:27:39,799 - root - INFO - Fetching historical data for 1 devices of type inverter
2026-05-14 01:27:39,799 - root - INFO - Making API request to: https://sg5.fusionsolar.huawei.com/rest/openapi/pvms/nbi/v1/device/history
2026-05-14 01:27:39,799 - root - INFO - Request payload: {'devDn': 'NE=62806377', 'devTypeId': 1, 'startTime': 1778605200000, 'endTime': 1778691599000}
2026-05-14 01:27:41,394 - root - INFO - Response status code: 200
2026-05-14 01:27:41,407 - root - INFO - API response from https://sg5.fusionsolar.huawei.com/rest/openapi/pvms/nbi/v1/device/history (truncated): {'failCode': 0, 'success': True, 'message': 'historical data information query successful.', 'data': [{'devDn': 'NE=62806377', 'collectTime': 1778605200000, 'dataItems': {'pv28_i': None, 'pv4_u': 0.0, 'pv24_i': None, 'mppt_total_cap': 176898.56, 'pv8_u': 0.0, 'a_i': 0.0, 'pv24_u': None, 'mppt_9_cap': None, 'pv20_u': 0.0, 'a_u': 0.0, 'pv17_u': 0.0, 'pv20_i': 0.0, 'efficiency': 0.0, 'pv17_i': 0.0, 'pv13_i': 0.0, 'pv36_i': None, 'mppt_power': 0.0, 'pv13_u': 0.0, 'pv36_u': None, 'mppt_7_cap': 23190....
2026-05-14 01:27:41,409 - root - INFO - API Response type: <class 'dict'>
2026-05-14 01:27:41,409 - root - INFO - API Response keys: ['failCode', 'success', 'message', 'data']
2026-05-14 01:27:41,409 - root - INFO - API Response data is a list with 150 items
2026-05-14 01:27:41,410 - root - INFO - API Response has failCode: 0, message: historical data information query successful.
2026-05-14 01:27:41,410 - root - INFO - Using alternate response format: data as list
2026-05-14 01:27:41,410 - root - INFO - Received 150 data points from API
2026-05-14 01:27:41,410 - root - INFO - Sample data point structure: ['devDn', 'collectTime', 'dataItems']
2026-05-14 01:27:41,471 - root - INFO - Successfully upserted 150 data points.
2026-05-14 01:27:44,605 - root - INFO - Using single devDn for device/history (API: one device per query)
2026-05-14 01:27:44,606 - root - INFO - Fetching historical data for 1 devices of type inverter
2026-05-14 01:27:44,606 - root - INFO - Making API request to: https://sg5.fusionsolar.huawei.com/rest/openapi/pvms/nbi/v1/device/history
2026-05-14 01:27:44,606 - root - INFO - Request payload: {'devDn': 'NE=62806374', 'devTypeId': 1, 'startTime': 1778605200000, 'endTime': 1778691599000}
2026-05-14 01:27:46,112 - root - INFO - Response status code: 200
2026-05-14 01:27:46,126 - root - INFO - API response from https://sg5.fusionsolar.huawei.com/rest/openapi/pvms/nbi/v1/device/history (truncated): {'failCode': 0, 'success': True, 'message': 'historical data information query successful.', 'data': [{'devDn': 'NE=62806374', 'collectTime': 1778605200000, 'dataItems': {'pv28_i': None, 'pv4_u': 0.0, 'pv24_i': None, 'mppt_total_cap': 175797.27, 'pv8_u': 0.0, 'a_i': 0.0, 'pv24_u': None, 'mppt_9_cap': None, 'pv20_u': 0.0, 'a_u': 0.0, 'pv17_u': 0.0, 'pv20_i': 0.0, 'efficiency': 0.0, 'pv17_i': 0.0, 'pv13_i': 0.0, 'pv36_i': None, 'mppt_power': 0.0, 'pv13_u': 0.0, 'pv36_u': None, 'mppt_7_cap': 35669....
2026-05-14 01:27:46,127 - root - INFO - API Response type: <class 'dict'>
2026-05-14 01:27:46,128 - root - INFO - API Response keys: ['failCode', 'success', 'message', 'data']
2026-05-14 01:27:46,128 - root - INFO - API Response data is a list with 150 items
2026-05-14 01:27:46,128 - root - INFO - API Response has failCode: 0, message: historical data information query successful.
2026-05-14 01:27:46,128 - root - INFO - Using alternate response format: data as list
2026-05-14 01:27:46,128 - root - INFO - Received 150 data points from API
2026-05-14 01:27:46,128 - root - INFO - Sample data point structure: ['devDn', 'collectTime', 'dataItems']
2026-05-14 01:27:46,192 - root - INFO - Successfully upserted 150 data points.
2026-05-14 01:27:49,568 - root - INFO - Using single devDn for device/history (API: one device per query)
2026-05-14 01:27:49,572 - root - INFO - Fetching historical data for 1 devices of type inverter
2026-05-14 01:27:49,573 - root - INFO - Making API request to: https://sg5.fusionsolar.huawei.com/rest/openapi/pvms/nbi/v1/device/history
2026-05-14 01:27:49,573 - root - INFO - Request payload: {'devDn': 'NE=62806375', 'devTypeId': 1, 'startTime': 1778605200000, 'endTime': 1778691599000}
2026-05-14 01:27:51,142 - root - INFO - Response status code: 200
2026-05-14 01:27:51,155 - root - INFO - API response from https://sg5.fusionsolar.huawei.com/rest/openapi/pvms/nbi/v1/device/history (truncated): {'failCode': 0, 'success': True, 'message': 'historical data information query successful.', 'data': [{'devDn': 'NE=62806375', 'collectTime': 1778605200000, 'dataItems': {'pv28_i': None, 'pv4_u': 0.0, 'pv24_i': None, 'mppt_total_cap': 167274.43, 'pv8_u': 0.0, 'a_i': 0.0, 'pv24_u': None, 'mppt_9_cap': None, 'pv20_u': 0.0, 'a_u': 0.0, 'pv17_u': 0.0, 'pv20_i': 0.0, 'efficiency': 0.0, 'pv17_i': 0.0, 'pv13_i': 0.0, 'pv36_i': None, 'mppt_power': 0.0, 'pv13_u': 0.0, 'pv36_u': None, 'mppt_7_cap': 29833....
2026-05-14 01:27:51,157 - root - INFO - API Response type: <class 'dict'>
2026-05-14 01:27:51,157 - root - INFO - API Response keys: ['failCode', 'success', 'message', 'data']
2026-05-14 01:27:51,157 - root - INFO - API Response data is a list with 150 items
2026-05-14 01:27:51,157 - root - INFO - API Response has failCode: 0, message: historical data information query successful.
2026-05-14 01:27:51,158 - root - INFO - Using alternate response format: data as list
2026-05-14 01:27:51,158 - root - INFO - Received 150 data points from API
2026-05-14 01:27:51,158 - root - INFO - Sample data point structure: ['devDn', 'collectTime', 'dataItems']
2026-05-14 01:27:51,218 - root - INFO - Successfully upserted 150 data points.
2026-05-14 01:27:54,337 - root - INFO - Using single devDn for device/history (API: one device per query)
2026-05-14 01:27:54,338 - root - INFO - Fetching historical data for 1 devices of type inverter
2026-05-14 01:27:54,338 - root - INFO - Making API request to: https://sg5.fusionsolar.huawei.com/rest/openapi/pvms/nbi/v1/device/history
2026-05-14 01:27:54,338 - root - INFO - Request payload: {'devDn': 'NE=62806369', 'devTypeId': 1, 'startTime': 1778605200000, 'endTime': 1778691599000}
2026-05-14 01:27:55,845 - root - INFO - Response status code: 200
2026-05-14 01:27:55,858 - root - INFO - API response from https://sg5.fusionsolar.huawei.com/rest/openapi/pvms/nbi/v1/device/history (truncated): {'failCode': 0, 'success': True, 'message': 'historical data information query successful.', 'data': [{'devDn': 'NE=62806369', 'collectTime': 1778605200000, 'dataItems': {'pv28_i': None, 'pv4_u': 0.0, 'pv24_i': None, 'mppt_total_cap': 146767.31, 'pv8_u': 0.0, 'a_i': 0.0, 'pv24_u': None, 'mppt_9_cap': None, 'pv20_u': 0.0, 'a_u': 0.0, 'pv17_u': 0.0, 'pv20_i': 0.0, 'efficiency': 0.0, 'pv17_i': 0.0, 'pv13_i': 0.0, 'pv36_i': None, 'mppt_power': 0.0, 'pv13_u': 0.0, 'pv36_u': None, 'mppt_7_cap': 18326....
2026-05-14 01:27:55,860 - root - INFO - API Response type: <class 'dict'>
2026-05-14 01:27:55,860 - root - INFO - API Response keys: ['failCode', 'success', 'message', 'data']
2026-05-14 01:27:55,860 - root - INFO - API Response data is a list with 150 items
2026-05-14 01:27:55,860 - root - INFO - API Response has failCode: 0, message: historical data information query successful.
2026-05-14 01:27:55,861 - root - INFO - Using alternate response format: data as list
2026-05-14 01:27:55,861 - root - INFO - Received 150 data points from API
2026-05-14 01:27:55,861 - root - INFO - Sample data point structure: ['devDn', 'collectTime', 'dataItems']
2026-05-14 01:27:55,925 - root - INFO - Successfully upserted 150 data points.
2026-05-14 01:27:59,047 - root - INFO - Using single devDn for device/history (API: one device per query)
2026-05-14 01:27:59,048 - root - INFO - Fetching historical data for 1 devices of type inverter
2026-05-14 01:27:59,048 - root - INFO - Making API request to: https://sg5.fusionsolar.huawei.com/rest/openapi/pvms/nbi/v1/device/history
2026-05-14 01:27:59,048 - root - INFO - Request payload: {'devDn': 'NE=62806370', 'devTypeId': 1, 'startTime': 1778605200000, 'endTime': 1778691599000}
2026-05-14 01:28:00,586 - root - INFO - Response status code: 200
2026-05-14 01:28:00,600 - root - INFO - API response from https://sg5.fusionsolar.huawei.com/rest/openapi/pvms/nbi/v1/device/history (truncated): {'failCode': 0, 'success': True, 'message': 'historical data information query successful.', 'data': [{'devDn': 'NE=62806370', 'collectTime': 1778605200000, 'dataItems': {'pv28_i': None, 'pv4_u': 0.0, 'pv24_i': None, 'mppt_total_cap': 173014.19, 'pv8_u': 0.0, 'a_i': 0.0, 'pv24_u': None, 'mppt_9_cap': None, 'pv20_u': 0.0, 'a_u': 0.0, 'pv17_u': 0.0, 'pv20_i': 0.0, 'efficiency': 0.0, 'pv17_i': 0.0, 'pv13_i': 0.0, 'pv36_i': None, 'mppt_power': 0.0, 'pv13_u': 0.0, 'pv36_u': None, 'mppt_7_cap': 31849....
2026-05-14 01:28:00,602 - root - INFO - API Response type: <class 'dict'>
2026-05-14 01:28:00,602 - root - INFO - API Response keys: ['failCode', 'success', 'message', 'data']
2026-05-14 01:28:00,602 - root - INFO - API Response data is a list with 150 items
2026-05-14 01:28:00,602 - root - INFO - API Response has failCode: 0, message: historical data information query successful.
2026-05-14 01:28:00,603 - root - INFO - Using alternate response format: data as list
2026-05-14 01:28:00,603 - root - INFO - Received 150 data points from API
2026-05-14 01:28:00,603 - root - INFO - Sample data point structure: ['devDn', 'collectTime', 'dataItems']
2026-05-14 01:28:00,665 - root - INFO - Successfully upserted 150 data points.
2026-05-14 01:28:03,960 - root - INFO - Using single devDn for device/history (API: one device per query)
2026-05-14 01:28:03,961 - root - INFO - Fetching historical data for 1 devices of type inverter
2026-05-14 01:28:03,961 - root - INFO - Making API request to: https://sg5.fusionsolar.huawei.com/rest/openapi/pvms/nbi/v1/device/history
2026-05-14 01:28:03,962 - root - INFO - Request payload: {'devDn': 'NE=62806372', 'devTypeId': 1, 'startTime': 1778605200000, 'endTime': 1778691599000}
2026-05-14 01:28:05,598 - root - INFO - Response status code: 200
2026-05-14 01:28:05,611 - root - INFO - API response from https://sg5.fusionsolar.huawei.com/rest/openapi/pvms/nbi/v1/device/history (truncated): {'failCode': 0, 'success': True, 'message': 'historical data information query successful.', 'data': [{'devDn': 'NE=62806372', 'collectTime': 1778605200000, 'dataItems': {'pv28_i': None, 'pv4_u': 0.0, 'pv24_i': None, 'mppt_total_cap': 167540.33, 'pv8_u': 0.0, 'a_i': 0.0, 'pv24_u': None, 'mppt_9_cap': None, 'pv20_u': 0.0, 'a_u': 0.0, 'pv17_u': 0.0, 'pv20_i': 0.0, 'efficiency': 0.0, 'pv17_i': 0.0, 'pv13_i': 0.0, 'pv36_i': None, 'mppt_power': 0.0, 'pv13_u': 0.0, 'pv36_u': None, 'mppt_7_cap': 32086....
2026-05-14 01:28:05,613 - root - INFO - API Response type: <class 'dict'>
2026-05-14 01:28:05,613 - root - INFO - API Response keys: ['failCode', 'success', 'message', 'data']
2026-05-14 01:28:05,613 - root - INFO - API Response data is a list with 150 items
2026-05-14 01:28:05,614 - root - INFO - API Response has failCode: 0, message: historical data information query successful.
2026-05-14 01:28:05,614 - root - INFO - Using alternate response format: data as list
2026-05-14 01:28:05,615 - root - INFO - Received 150 data points from API
2026-05-14 01:28:05,616 - root - INFO - Sample data point structure: ['devDn', 'collectTime', 'dataItems']
2026-05-14 01:28:05,676 - root - INFO - Successfully upserted 150 data points.
2026-05-14 01:28:08,840 - root - INFO - Using single devDn for device/history (API: one device per query)
2026-05-14 01:28:08,842 - root - INFO - Fetching historical data for 1 devices of type inverter
2026-05-14 01:28:08,842 - root - INFO - Making API request to: https://sg5.fusionsolar.huawei.com/rest/openapi/pvms/nbi/v1/device/history
2026-05-14 01:28:08,842 - root - INFO - Request payload: {'devDn': 'NE=62806368', 'devTypeId': 1, 'startTime': 1778605200000, 'endTime': 1778691599000}
2026-05-14 01:28:10,513 - root - INFO - Response status code: 200
2026-05-14 01:28:10,526 - root - INFO - API response from https://sg5.fusionsolar.huawei.com/rest/openapi/pvms/nbi/v1/device/history (truncated): {'failCode': 0, 'success': True, 'message': 'historical data information query successful.', 'data': [{'devDn': 'NE=62806368', 'collectTime': 1778605200000, 'dataItems': {'pv28_i': None, 'pv4_u': 0.0, 'pv24_i': None, 'mppt_total_cap': 166540.06, 'pv8_u': 0.0, 'a_i': 0.0, 'pv24_u': None, 'mppt_9_cap': None, 'pv20_u': 0.0, 'a_u': 0.0, 'pv17_u': 0.0, 'pv20_i': 0.0, 'efficiency': 0.0, 'pv17_i': 0.0, 'pv13_i': 0.0, 'pv36_i': None, 'mppt_power': 0.0, 'pv13_u': 0.0, 'pv36_u': None, 'mppt_7_cap': 31296....
2026-05-14 01:28:10,528 - root - INFO - API Response type: <class 'dict'>
2026-05-14 01:28:10,528 - root - INFO - API Response keys: ['failCode', 'success', 'message', 'data']
2026-05-14 01:28:10,528 - root - INFO - API Response data is a list with 150 items
2026-05-14 01:28:10,528 - root - INFO - API Response has failCode: 0, message: historical data information query successful.
2026-05-14 01:28:10,529 - root - INFO - Using alternate response format: data as list
2026-05-14 01:28:10,529 - root - INFO - Received 150 data points from API
2026-05-14 01:28:10,529 - root - INFO - Sample data point structure: ['devDn', 'collectTime', 'dataItems']
2026-05-14 01:28:10,589 - root - INFO - Successfully upserted 150 data points.
2026-05-14 01:28:13,704 - root - INFO - Using single devDn for device/history (API: one device per query)
2026-05-14 01:28:13,705 - root - INFO - Fetching historical data for 1 devices of type inverter
2026-05-14 01:28:13,705 - root - INFO - Making API request to: https://sg5.fusionsolar.huawei.com/rest/openapi/pvms/nbi/v1/device/history
2026-05-14 01:28:13,705 - root - INFO - Request payload: {'devDn': 'NE=54844504', 'devTypeId': 1, 'startTime': 1778605200000, 'endTime': 1778691599000}
2026-05-14 01:28:15,184 - root - INFO - Response status code: 200
2026-05-14 01:28:15,198 - root - INFO - API response from https://sg5.fusionsolar.huawei.com/rest/openapi/pvms/nbi/v1/device/history (truncated): {'failCode': 0, 'success': True, 'message': 'historical data information query successful.', 'data': [{'devDn': 'NE=54844504', 'collectTime': 1778605200000, 'dataItems': {'pv28_i': None, 'pv4_u': 0.0, 'pv24_i': None, 'mppt_total_cap': 252792.86, 'pv8_u': 0.0, 'a_i': 0.0, 'pv24_u': None, 'mppt_9_cap': 19097.79, 'pv20_u': 0.0, 'a_u': 0.0, 'pv17_u': 0.0, 'pv20_i': 0.0, 'efficiency': 0.0, 'pv17_i': 0.0, 'pv13_i': 0.0, 'pv36_i': None, 'mppt_power': 0.0, 'pv13_u': 0.0, 'pv36_u': None, 'mppt_7_cap': 19...
2026-05-14 01:28:15,200 - root - INFO - API Response type: <class 'dict'>
2026-05-14 01:28:15,200 - root - INFO - API Response keys: ['failCode', 'success', 'message', 'data']
2026-05-14 01:28:15,200 - root - INFO - API Response data is a list with 151 items
2026-05-14 01:28:15,200 - root - INFO - API Response has failCode: 0, message: historical data information query successful.
2026-05-14 01:28:15,201 - root - INFO - Using alternate response format: data as list
2026-05-14 01:28:15,201 - root - INFO - Received 151 data points from API
2026-05-14 01:28:15,201 - root - INFO - Sample data point structure: ['devDn', 'collectTime', 'dataItems']
2026-05-14 01:28:15,263 - root - INFO - Successfully upserted 151 data points.
2026-05-14 01:28:18,743 - root - INFO - Using single devDn for device/history (API: one device per query)
2026-05-14 01:28:18,744 - root - INFO - Fetching historical data for 1 devices of type inverter
2026-05-14 01:28:18,745 - root - INFO - Making API request to: https://sg5.fusionsolar.huawei.com/rest/openapi/pvms/nbi/v1/device/history
2026-05-14 01:28:18,745 - root - INFO - Request payload: {'devDn': 'NE=54435803', 'devTypeId': 1, 'startTime': 1778605200000, 'endTime': 1778691599000}
2026-05-14 01:28:20,202 - root - INFO - Response status code: 200
2026-05-14 01:28:20,215 - root - INFO - API response from https://sg5.fusionsolar.huawei.com/rest/openapi/pvms/nbi/v1/device/history (truncated): {'failCode': 0, 'success': True, 'message': 'historical data information query successful.', 'data': [{'devDn': 'NE=54435803', 'collectTime': 1778605200000, 'dataItems': {'pv28_i': None, 'pv4_u': 0.0, 'pv24_i': None, 'mppt_total_cap': 254649.83, 'pv8_u': 0.0, 'a_i': 0.0, 'pv24_u': None, 'mppt_9_cap': 20213.26, 'pv20_u': 0.0, 'a_u': 0.0, 'pv17_u': 0.0, 'pv20_i': 0.0, 'efficiency': 0.0, 'pv17_i': 0.0, 'pv13_i': 0.0, 'pv36_i': None, 'mppt_power': 0.0, 'pv13_u': 0.0, 'pv36_u': None, 'mppt_7_cap': 20...
2026-05-14 01:28:20,217 - root - INFO - API Response type: <class 'dict'>
2026-05-14 01:28:20,217 - root - INFO - API Response keys: ['failCode', 'success', 'message', 'data']
2026-05-14 01:28:20,217 - root - INFO - API Response data is a list with 151 items
2026-05-14 01:28:20,218 - root - INFO - API Response has failCode: 0, message: historical data information query successful.
2026-05-14 01:28:20,218 - root - INFO - Using alternate response format: data as list
2026-05-14 01:28:20,218 - root - INFO - Received 151 data points from API
2026-05-14 01:28:20,218 - root - INFO - Sample data point structure: ['devDn', 'collectTime', 'dataItems']
2026-05-14 01:28:20,281 - root - INFO - Successfully upserted 151 data points.
2026-05-14 01:28:23,536 - root - INFO - Using single devDn for device/history (API: one device per query)
2026-05-14 01:28:23,538 - root - INFO - Fetching historical data for 1 devices of type inverter
2026-05-14 01:28:23,538 - root - INFO - Making API request to: https://sg5.fusionsolar.huawei.com/rest/openapi/pvms/nbi/v1/device/history
2026-05-14 01:28:23,538 - root - INFO - Request payload: {'devDn': 'NE=54435804', 'devTypeId': 1, 'startTime': 1778605200000, 'endTime': 1778691599000}
2026-05-14 01:28:24,967 - root - INFO - Response status code: 200
2026-05-14 01:28:24,981 - root - INFO - API response from https://sg5.fusionsolar.huawei.com/rest/openapi/pvms/nbi/v1/device/history (truncated): {'failCode': 0, 'success': True, 'message': 'historical data information query successful.', 'data': [{'devDn': 'NE=54435804', 'collectTime': 1778605200000, 'dataItems': {'pv28_i': None, 'pv4_u': 0.0, 'pv24_i': None, 'mppt_total_cap': 277798.92, 'pv8_u': 0.0, 'a_i': 0.0, 'pv24_u': None, 'mppt_9_cap': 19633.45, 'pv20_u': 0.0, 'a_u': 0.0, 'pv17_u': 0.0, 'pv20_i': 0.0, 'efficiency': 0.0, 'pv17_i': 0.0, 'pv13_i': 0.0, 'pv36_i': None, 'mppt_power': 0.0, 'pv13_u': 0.0, 'pv36_u': None, 'mppt_7_cap': 20...
2026-05-14 01:28:24,983 - root - INFO - API Response type: <class 'dict'>
2026-05-14 01:28:24,983 - root - INFO - API Response keys: ['failCode', 'success', 'message', 'data']
2026-05-14 01:28:24,983 - root - INFO - API Response data is a list with 151 items
2026-05-14 01:28:24,983 - root - INFO - API Response has failCode: 0, message: historical data information query successful.
2026-05-14 01:28:24,983 - root - INFO - Using alternate response format: data as list
2026-05-14 01:28:24,983 - root - INFO - Received 151 data points from API
2026-05-14 01:28:24,983 - root - INFO - Sample data point structure: ['devDn', 'collectTime', 'dataItems']
2026-05-14 01:28:25,045 - root - INFO - Successfully upserted 151 data points.
2026-05-14 01:28:28,735 - root - INFO - Using single devDn for device/history (API: one device per query)
2026-05-14 01:28:28,736 - root - INFO - Fetching historical data for 1 devices of type inverter
2026-05-14 01:28:28,736 - root - INFO - Making API request to: https://sg5.fusionsolar.huawei.com/rest/openapi/pvms/nbi/v1/device/history
2026-05-14 01:28:28,736 - root - INFO - Request payload: {'devDn': 'NE=54435805', 'devTypeId': 1, 'startTime': 1778605200000, 'endTime': 1778691599000}
2026-05-14 01:28:30,242 - root - INFO - Response status code: 200
2026-05-14 01:28:30,256 - root - INFO - API response from https://sg5.fusionsolar.huawei.com/rest/openapi/pvms/nbi/v1/device/history (truncated): {'failCode': 0, 'success': True, 'message': 'historical data information query successful.', 'data': [{'devDn': 'NE=54435805', 'collectTime': 1778605200000, 'dataItems': {'pv28_i': None, 'pv4_u': 0.0, 'pv24_i': None, 'mppt_total_cap': 273239.87, 'pv8_u': 0.0, 'a_i': 0.0, 'pv24_u': None, 'mppt_9_cap': 21342.01, 'pv20_u': 0.0, 'a_u': 0.0, 'pv17_u': 0.0, 'pv20_i': 0.0, 'efficiency': 0.0, 'pv17_i': 0.0, 'pv13_i': 0.0, 'pv36_i': None, 'mppt_power': 0.0, 'pv13_u': 0.0, 'pv36_u': None, 'mppt_7_cap': 19...
2026-05-14 01:28:30,258 - root - INFO - API Response type: <class 'dict'>
2026-05-14 01:28:30,258 - root - INFO - API Response keys: ['failCode', 'success', 'message', 'data']
2026-05-14 01:28:30,258 - root - INFO - API Response data is a list with 151 items
2026-05-14 01:28:30,258 - root - INFO - API Response has failCode: 0, message: historical data information query successful.
2026-05-14 01:28:30,259 - root - INFO - Using alternate response format: data as list
2026-05-14 01:28:30,259 - root - INFO - Received 151 data points from API
2026-05-14 01:28:30,259 - root - INFO - Sample data point structure: ['devDn', 'collectTime', 'dataItems']
2026-05-14 01:28:30,321 - root - INFO - Successfully upserted 151 data points.
2026-05-14 01:28:33,759 - root - INFO - Using single devDn for device/history (API: one device per query)
2026-05-14 01:28:33,760 - root - INFO - Fetching historical data for 1 devices of type inverter
2026-05-14 01:28:33,760 - root - INFO - Making API request to: https://sg5.fusionsolar.huawei.com/rest/openapi/pvms/nbi/v1/device/history
2026-05-14 01:28:33,760 - root - INFO - Request payload: {'devDn': 'NE=54435806', 'devTypeId': 1, 'startTime': 1778605200000, 'endTime': 1778691599000}
2026-05-14 01:28:35,325 - root - INFO - Response status code: 200
2026-05-14 01:28:35,339 - root - INFO - API response from https://sg5.fusionsolar.huawei.com/rest/openapi/pvms/nbi/v1/device/history (truncated): {'failCode': 0, 'success': True, 'message': 'historical data information query successful.', 'data': [{'devDn': 'NE=54435806', 'collectTime': 1778605200000, 'dataItems': {'pv28_i': None, 'pv4_u': 0.0, 'pv24_i': None, 'mppt_total_cap': 265041.9, 'pv8_u': 0.0, 'a_i': 0.0, 'pv24_u': None, 'mppt_9_cap': 19380.45, 'pv20_u': 0.0, 'a_u': 0.0, 'pv17_u': 0.0, 'pv20_i': 0.0, 'efficiency': 0.0, 'pv17_i': 0.0, 'pv13_i': 0.0, 'pv36_i': None, 'mppt_power': 0.0, 'pv13_u': 0.0, 'pv36_u': None, 'mppt_7_cap': 187...
2026-05-14 01:28:35,341 - root - INFO - API Response type: <class 'dict'>
2026-05-14 01:28:35,341 - root - INFO - API Response keys: ['failCode', 'success', 'message', 'data']
2026-05-14 01:28:35,341 - root - INFO - API Response data is a list with 151 items
2026-05-14 01:28:35,341 - root - INFO - API Response has failCode: 0, message: historical data information query successful.
2026-05-14 01:28:35,341 - root - INFO - Using alternate response format: data as list
2026-05-14 01:28:35,342 - root - INFO - Received 151 data points from API
2026-05-14 01:28:35,342 - root - INFO - Sample data point structure: ['devDn', 'collectTime', 'dataItems']
2026-05-14 01:28:35,403 - root - INFO - Successfully upserted 151 data points.
2026-05-14 01:28:38,632 - root - INFO - Using single devDn for device/history (API: one device per query)
2026-05-14 01:28:38,634 - root - INFO - Fetching historical data for 1 devices of type inverter
2026-05-14 01:28:38,634 - root - INFO - Making API request to: https://sg5.fusionsolar.huawei.com/rest/openapi/pvms/nbi/v1/device/history
2026-05-14 01:28:38,634 - root - INFO - Request payload: {'devDn': 'NE=54436522', 'devTypeId': 1, 'startTime': 1778605200000, 'endTime': 1778691599000}
2026-05-14 01:28:40,260 - root - INFO - Response status code: 200
2026-05-14 01:28:40,273 - root - INFO - API response from https://sg5.fusionsolar.huawei.com/rest/openapi/pvms/nbi/v1/device/history (truncated): {'failCode': 0, 'success': True, 'message': 'historical data information query successful.', 'data': [{'devDn': 'NE=54436522', 'collectTime': 1778605200000, 'dataItems': {'pv28_i': None, 'pv4_u': 0.0, 'pv24_i': None, 'mppt_total_cap': 263346.55, 'pv8_u': 0.0, 'a_i': 0.0, 'pv24_u': None, 'mppt_9_cap': 19818.43, 'pv20_u': 0.0, 'a_u': 0.0, 'pv17_u': 0.0, 'pv20_i': 0.0, 'efficiency': 0.0, 'pv17_i': 0.0, 'pv13_i': 0.0, 'pv36_i': None, 'mppt_power': 0.0, 'pv13_u': 0.0, 'pv36_u': None, 'mppt_7_cap': 19...
2026-05-14 01:28:40,275 - root - INFO - API Response type: <class 'dict'>
2026-05-14 01:28:40,275 - root - INFO - API Response keys: ['failCode', 'success', 'message', 'data']
2026-05-14 01:28:40,276 - root - INFO - API Response data is a list with 151 items
2026-05-14 01:28:40,276 - root - INFO - API Response has failCode: 0, message: historical data information query successful.
2026-05-14 01:28:40,276 - root - INFO - Using alternate response format: data as list
2026-05-14 01:28:40,276 - root - INFO - Received 151 data points from API
2026-05-14 01:28:40,276 - root - INFO - Sample data point structure: ['devDn', 'collectTime', 'dataItems']
2026-05-14 01:28:40,336 - root - INFO - Successfully upserted 151 data points.
2026-05-14 01:28:43,556 - root - INFO - Using single devDn for device/history (API: one device per query)
2026-05-14 01:28:43,557 - root - INFO - Fetching historical data for 1 devices of type inverter
2026-05-14 01:28:43,558 - root - INFO - Making API request to: https://sg5.fusionsolar.huawei.com/rest/openapi/pvms/nbi/v1/device/history
2026-05-14 01:28:43,558 - root - INFO - Request payload: {'devDn': 'NE=54436523', 'devTypeId': 1, 'startTime': 1778605200000, 'endTime': 1778691599000}
2026-05-14 01:28:45,194 - root - INFO - Response status code: 200
2026-05-14 01:28:45,208 - root - INFO - API response from https://sg5.fusionsolar.huawei.com/rest/openapi/pvms/nbi/v1/device/history (truncated): {'failCode': 0, 'success': True, 'message': 'historical data information query successful.', 'data': [{'devDn': 'NE=54436523', 'collectTime': 1778605200000, 'dataItems': {'pv28_i': None, 'pv4_u': 0.0, 'pv24_i': None, 'mppt_total_cap': 249816.46, 'pv8_u': 0.0, 'a_i': 0.0, 'pv24_u': None, 'mppt_9_cap': 18904.51, 'pv20_u': 0.0, 'a_u': 0.0, 'pv17_u': 0.0, 'pv20_i': 0.0, 'efficiency': 0.0, 'pv17_i': 0.0, 'pv13_i': 0.0, 'pv36_i': None, 'mppt_power': 0.0, 'pv13_u': 0.0, 'pv36_u': None, 'mppt_7_cap': 18...
2026-05-14 01:28:45,210 - root - INFO - API Response type: <class 'dict'>
2026-05-14 01:28:45,210 - root - INFO - API Response keys: ['failCode', 'success', 'message', 'data']
2026-05-14 01:28:45,210 - root - INFO - API Response data is a list with 151 items
2026-05-14 01:28:45,210 - root - INFO - API Response has failCode: 0, message: historical data information query successful.
2026-05-14 01:28:45,211 - root - INFO - Using alternate response format: data as list
2026-05-14 01:28:45,211 - root - INFO - Received 151 data points from API
2026-05-14 01:28:45,211 - root - INFO - Sample data point structure: ['devDn', 'collectTime', 'dataItems']
2026-05-14 01:28:45,273 - root - INFO - Successfully upserted 151 data points.
2026-05-14 01:28:48,499 - root - INFO - Using single devDn for device/history (API: one device per query)
2026-05-14 01:28:48,500 - root - INFO - Fetching historical data for 1 devices of type inverter
2026-05-14 01:28:48,500 - root - INFO - Making API request to: https://sg5.fusionsolar.huawei.com/rest/openapi/pvms/nbi/v1/device/history
2026-05-14 01:28:48,501 - root - INFO - Request payload: {'devDn': 'NE=54436524', 'devTypeId': 1, 'startTime': 1778605200000, 'endTime': 1778691599000}
2026-05-14 01:28:50,081 - root - INFO - Response status code: 200
2026-05-14 01:28:50,096 - root - INFO - API response from https://sg5.fusionsolar.huawei.com/rest/openapi/pvms/nbi/v1/device/history (truncated): {'failCode': 0, 'success': True, 'message': 'historical data information query successful.', 'data': [{'devDn': 'NE=54436524', 'collectTime': 1778605200000, 'dataItems': {'pv28_i': None, 'pv4_u': 0.0, 'pv24_i': None, 'mppt_total_cap': 276141.92, 'pv8_u': 0.0, 'a_i': 0.0, 'pv24_u': None, 'mppt_9_cap': 20042.14, 'pv20_u': 0.0, 'a_u': 0.0, 'pv17_u': 0.0, 'pv20_i': 0.0, 'efficiency': 0.0, 'pv17_i': 0.0, 'pv13_i': 0.0, 'pv36_i': None, 'mppt_power': 0.0, 'pv13_u': 0.0, 'pv36_u': None, 'mppt_7_cap': 20...
2026-05-14 01:28:50,098 - root - INFO - API Response type: <class 'dict'>
2026-05-14 01:28:50,098 - root - INFO - API Response keys: ['failCode', 'success', 'message', 'data']
2026-05-14 01:28:50,098 - root - INFO - API Response data is a list with 151 items
2026-05-14 01:28:50,098 - root - INFO - API Response has failCode: 0, message: historical data information query successful.
2026-05-14 01:28:50,098 - root - INFO - Using alternate response format: data as list
2026-05-14 01:28:50,098 - root - INFO - Received 151 data points from API
2026-05-14 01:28:50,099 - root - INFO - Sample data point structure: ['devDn', 'collectTime', 'dataItems']
2026-05-14 01:28:50,163 - root - INFO - Successfully upserted 151 data points.
2026-05-14 01:28:53,372 - root - INFO - Using single devDn for device/history (API: one device per query)
2026-05-14 01:28:53,373 - root - INFO - Fetching historical data for 1 devices of type inverter
2026-05-14 01:28:53,373 - root - INFO - Making API request to: https://sg5.fusionsolar.huawei.com/rest/openapi/pvms/nbi/v1/device/history
2026-05-14 01:28:53,373 - root - INFO - Request payload: {'devDn': 'NE=54436525', 'devTypeId': 1, 'startTime': 1778605200000, 'endTime': 1778691599000}
2026-05-14 01:28:54,809 - root - INFO - Response status code: 200
2026-05-14 01:28:54,822 - root - INFO - API response from https://sg5.fusionsolar.huawei.com/rest/openapi/pvms/nbi/v1/device/history (truncated): {'failCode': 0, 'success': True, 'message': 'historical data information query successful.', 'data': [{'devDn': 'NE=54436525', 'collectTime': 1778605200000, 'dataItems': {'pv28_i': None, 'pv4_u': 0.0, 'pv24_i': None, 'mppt_total_cap': 251674.67, 'pv8_u': 0.0, 'a_i': 0.0, 'pv24_u': None, 'mppt_9_cap': 18453.88, 'pv20_u': 0.0, 'a_u': 0.0, 'pv17_u': 0.0, 'pv20_i': 0.0, 'efficiency': 0.0, 'pv17_i': 0.0, 'pv13_i': 0.0, 'pv36_i': None, 'mppt_power': 0.0, 'pv13_u': 0.0, 'pv36_u': None, 'mppt_7_cap': 19...
2026-05-14 01:28:54,824 - root - INFO - API Response type: <class 'dict'>
2026-05-14 01:28:54,824 - root - INFO - API Response keys: ['failCode', 'success', 'message', 'data']
2026-05-14 01:28:54,824 - root - INFO - API Response data is a list with 151 items
2026-05-14 01:28:54,824 - root - INFO - API Response has failCode: 0, message: historical data information query successful.
2026-05-14 01:28:54,825 - root - INFO - Using alternate response format: data as list
2026-05-14 01:28:54,825 - root - INFO - Received 151 data points from API
2026-05-14 01:28:54,825 - root - INFO - Sample data point structure: ['devDn', 'collectTime', 'dataItems']
2026-05-14 01:28:54,885 - root - INFO - Successfully upserted 151 data points.
2026-05-14 01:28:58,088 - root - INFO - Using single devDn for device/history (API: one device per query)
2026-05-14 01:28:58,089 - root - INFO - Fetching historical data for 1 devices of type inverter
2026-05-14 01:28:58,089 - root - INFO - Making API request to: https://sg5.fusionsolar.huawei.com/rest/openapi/pvms/nbi/v1/device/history
2026-05-14 01:28:58,089 - root - INFO - Request payload: {'devDn': 'NE=54436526', 'devTypeId': 1, 'startTime': 1778605200000, 'endTime': 1778691599000}
2026-05-14 01:28:59,608 - root - INFO - Response status code: 200
2026-05-14 01:28:59,622 - root - INFO - API response from https://sg5.fusionsolar.huawei.com/rest/openapi/pvms/nbi/v1/device/history (truncated): {'failCode': 0, 'success': True, 'message': 'historical data information query successful.', 'data': [{'devDn': 'NE=54436526', 'collectTime': 1778605200000, 'dataItems': {'pv28_i': None, 'pv4_u': 0.0, 'pv24_i': None, 'mppt_total_cap': 270561.06, 'pv8_u': 0.0, 'a_i': 0.0, 'pv24_u': None, 'mppt_9_cap': 19570.18, 'pv20_u': 0.0, 'a_u': 0.0, 'pv17_u': 0.0, 'pv20_i': 0.0, 'efficiency': 0.0, 'pv17_i': 0.0, 'pv13_i': 0.0, 'pv36_i': None, 'mppt_power': 0.0, 'pv13_u': 0.0, 'pv36_u': None, 'mppt_7_cap': 19...
2026-05-14 01:28:59,624 - root - INFO - API Response type: <class 'dict'>
2026-05-14 01:28:59,624 - root - INFO - API Response keys: ['failCode', 'success', 'message', 'data']
2026-05-14 01:28:59,624 - root - INFO - API Response data is a list with 151 items
2026-05-14 01:28:59,624 - root - INFO - API Response has failCode: 0, message: historical data information query successful.
2026-05-14 01:28:59,624 - root - INFO - Using alternate response format: data as list
2026-05-14 01:28:59,624 - root - INFO - Received 151 data points from API
2026-05-14 01:28:59,625 - root - INFO - Sample data point structure: ['devDn', 'collectTime', 'dataItems']
2026-05-14 01:28:59,686 - root - INFO - Successfully upserted 151 data points.
2026-05-14 01:29:02,855 - root - INFO - Using single devDn for device/history (API: one device per query)
2026-05-14 01:29:02,856 - root - INFO - Fetching historical data for 1 devices of type inverter
2026-05-14 01:29:02,856 - root - INFO - Making API request to: https://sg5.fusionsolar.huawei.com/rest/openapi/pvms/nbi/v1/device/history
2026-05-14 01:29:02,856 - root - INFO - Request payload: {'devDn': 'NE=54436518', 'devTypeId': 1, 'startTime': 1778605200000, 'endTime': 1778691599000}
2026-05-14 01:29:04,409 - root - INFO - Response status code: 200
2026-05-14 01:29:04,423 - root - INFO - API response from https://sg5.fusionsolar.huawei.com/rest/openapi/pvms/nbi/v1/device/history (truncated): {'failCode': 0, 'success': True, 'message': 'historical data information query successful.', 'data': [{'devDn': 'NE=54436518', 'collectTime': 1778605200000, 'dataItems': {'pv28_i': None, 'pv4_u': 0.0, 'pv24_i': None, 'mppt_total_cap': 272915.02, 'pv8_u': 0.0, 'a_i': 0.0, 'pv24_u': None, 'mppt_9_cap': 20234.44, 'pv20_u': 0.0, 'a_u': 0.0, 'pv17_u': 0.0, 'pv20_i': 0.0, 'efficiency': 0.0, 'pv17_i': 0.0, 'pv13_i': 0.0, 'pv36_i': None, 'mppt_power': 0.0, 'pv13_u': 0.0, 'pv36_u': None, 'mppt_7_cap': 19...
2026-05-14 01:29:04,424 - root - INFO - API Response type: <class 'dict'>
2026-05-14 01:29:04,425 - root - INFO - API Response keys: ['failCode', 'success', 'message', 'data']
2026-05-14 01:29:04,425 - root - INFO - API Response data is a list with 151 items
2026-05-14 01:29:04,425 - root - INFO - API Response has failCode: 0, message: historical data information query successful.
2026-05-14 01:29:04,425 - root - INFO - Using alternate response format: data as list
2026-05-14 01:29:04,425 - root - INFO - Received 151 data points from API
2026-05-14 01:29:04,425 - root - INFO - Sample data point structure: ['devDn', 'collectTime', 'dataItems']
2026-05-14 01:29:04,486 - root - INFO - Successfully upserted 151 data points.
2026-05-14 01:29:07,686 - root - INFO - Using single devDn for device/history (API: one device per query)
2026-05-14 01:29:07,687 - root - INFO - Fetching historical data for 1 devices of type inverter
2026-05-14 01:29:07,687 - root - INFO - Token is missing or expired. Attempting to login...
2026-05-14 01:29:07,689 - root - INFO - Attempting to login to FusionSolar API at https://sg5.fusionsolar.huawei.com/thirdData/login
2026-05-14 01:29:08,114 - root - INFO - Login response status code: 200
2026-05-14 01:29:08,115 - root - INFO - Successfully logged into FusionSolar.
2026-05-14 01:29:08,116 - root - INFO - Making API request to: https://sg5.fusionsolar.huawei.com/rest/openapi/pvms/nbi/v1/device/history
2026-05-14 01:29:08,116 - root - INFO - Request payload: {'devDn': 'NE=54436519', 'devTypeId': 1, 'startTime': 1778605200000, 'endTime': 1778691599000}
2026-05-14 01:29:09,667 - root - INFO - Response status code: 200
2026-05-14 01:29:09,681 - root - INFO - API response from https://sg5.fusionsolar.huawei.com/rest/openapi/pvms/nbi/v1/device/history (truncated): {'failCode': 0, 'success': True, 'message': 'historical data information query successful.', 'data': [{'devDn': 'NE=54436519', 'collectTime': 1778605200000, 'dataItems': {'pv28_i': None, 'pv4_u': 0.0, 'pv24_i': None, 'mppt_total_cap': 270564.24, 'pv8_u': 0.0, 'a_i': 0.0, 'pv24_u': None, 'mppt_9_cap': 19286.84, 'pv20_u': 0.0, 'a_u': 0.0, 'pv17_u': 0.0, 'pv20_i': 0.0, 'efficiency': 0.0, 'pv17_i': 0.0, 'pv13_i': 0.0, 'pv36_i': None, 'mppt_power': 0.0, 'pv13_u': 0.0, 'pv36_u': None, 'mppt_7_cap': 19...
2026-05-14 01:29:09,683 - root - INFO - API Response type: <class 'dict'>
2026-05-14 01:29:09,683 - root - INFO - API Response keys: ['failCode', 'success', 'message', 'data']
2026-05-14 01:29:09,683 - root - INFO - API Response data is a list with 151 items
2026-05-14 01:29:09,683 - root - INFO - API Response has failCode: 0, message: historical data information query successful.
2026-05-14 01:29:09,683 - root - INFO - Using alternate response format: data as list
2026-05-14 01:29:09,684 - root - INFO - Received 151 data points from API
2026-05-14 01:29:09,684 - root - INFO - Sample data point structure: ['devDn', 'collectTime', 'dataItems']
2026-05-14 01:29:09,745 - root - INFO - Successfully upserted 151 data points.
2026-05-14 01:29:12,959 - root - INFO - Using single devDn for device/history (API: one device per query)
2026-05-14 01:29:12,961 - root - INFO - Fetching historical data for 1 devices of type inverter
2026-05-14 01:29:12,961 - root - INFO - Making API request to: https://sg5.fusionsolar.huawei.com/rest/openapi/pvms/nbi/v1/device/history
2026-05-14 01:29:12,961 - root - INFO - Request payload: {'devDn': 'NE=54436520', 'devTypeId': 1, 'startTime': 1778605200000, 'endTime': 1778691599000}
2026-05-14 01:29:14,528 - root - INFO - Response status code: 200
2026-05-14 01:29:14,542 - root - INFO - API response from https://sg5.fusionsolar.huawei.com/rest/openapi/pvms/nbi/v1/device/history (truncated): {'failCode': 0, 'success': True, 'message': 'historical data information query successful.', 'data': [{'devDn': 'NE=54436520', 'collectTime': 1778605200000, 'dataItems': {'pv28_i': None, 'pv4_u': 0.0, 'pv24_i': None, 'mppt_total_cap': 252675.94, 'pv8_u': 0.0, 'a_i': 0.0, 'pv24_u': None, 'mppt_9_cap': 19142.07, 'pv20_u': 0.0, 'a_u': 0.0, 'pv17_u': 0.0, 'pv20_i': 0.0, 'efficiency': 0.0, 'pv17_i': 0.0, 'pv13_i': 0.0, 'pv36_i': None, 'mppt_power': 0.0, 'pv13_u': 0.0, 'pv36_u': None, 'mppt_7_cap': 18...
2026-05-14 01:29:14,543 - root - INFO - API Response type: <class 'dict'>
2026-05-14 01:29:14,544 - root - INFO - API Response keys: ['failCode', 'success', 'message', 'data']
2026-05-14 01:29:14,544 - root - INFO - API Response data is a list with 151 items
2026-05-14 01:29:14,544 - root - INFO - API Response has failCode: 0, message: historical data information query successful.
2026-05-14 01:29:14,544 - root - INFO - Using alternate response format: data as list
2026-05-14 01:29:14,544 - root - INFO - Received 151 data points from API
2026-05-14 01:29:14,544 - root - INFO - Sample data point structure: ['devDn', 'collectTime', 'dataItems']
2026-05-14 01:29:14,607 - root - INFO - Successfully upserted 151 data points.
2026-05-14 01:29:17,836 - root - INFO - Using single devDn for device/history (API: one device per query)
2026-05-14 01:29:17,838 - root - INFO - Fetching historical data for 1 devices of type inverter
2026-05-14 01:29:17,838 - root - INFO - Making API request to: https://sg5.fusionsolar.huawei.com/rest/openapi/pvms/nbi/v1/device/history
2026-05-14 01:29:17,838 - root - INFO - Request payload: {'devDn': 'NE=54993788', 'devTypeId': 1, 'startTime': 1778605200000, 'endTime': 1778691599000}
2026-05-14 01:29:19,426 - root - INFO - Response status code: 200
2026-05-14 01:29:19,439 - root - INFO - API response from https://sg5.fusionsolar.huawei.com/rest/openapi/pvms/nbi/v1/device/history (truncated): {'failCode': 0, 'success': True, 'message': 'historical data information query successful.', 'data': [{'devDn': 'NE=54993788', 'collectTime': 1778605200000, 'dataItems': {'pv28_i': None, 'pv4_u': 0.0, 'pv24_i': None, 'mppt_total_cap': 250908.71, 'pv8_u': 0.0, 'a_i': 0.0, 'pv24_u': None, 'mppt_9_cap': 18288.77, 'pv20_u': 0.0, 'a_u': 0.0, 'pv17_u': 0.0, 'pv20_i': 0.0, 'efficiency': 0.0, 'pv17_i': 0.0, 'pv13_i': 0.0, 'pv36_i': None, 'mppt_power': 0.0, 'pv13_u': 0.0, 'pv36_u': None, 'mppt_7_cap': 17...
2026-05-14 01:29:19,441 - root - INFO - API Response type: <class 'dict'>
2026-05-14 01:29:19,441 - root - INFO - API Response keys: ['failCode', 'success', 'message', 'data']
2026-05-14 01:29:19,442 - root - INFO - API Response data is a list with 151 items
2026-05-14 01:29:19,442 - root - INFO - API Response has failCode: 0, message: historical data information query successful.
2026-05-14 01:29:19,442 - root - INFO - Using alternate response format: data as list
2026-05-14 01:29:19,442 - root - INFO - Received 151 data points from API
2026-05-14 01:29:19,442 - root - INFO - Sample data point structure: ['devDn', 'collectTime', 'dataItems']
2026-05-14 01:29:19,505 - root - INFO - Successfully upserted 151 data points.
2026-05-14 01:29:22,689 - root - INFO - Using single devDn for device/history (API: one device per query)
2026-05-14 01:29:22,690 - root - INFO - Fetching historical data for 1 devices of type inverter
2026-05-14 01:29:22,690 - root - INFO - Making API request to: https://sg5.fusionsolar.huawei.com/rest/openapi/pvms/nbi/v1/device/history
2026-05-14 01:29:22,690 - root - INFO - Request payload: {'devDn': 'NE=53771651', 'devTypeId': 1, 'startTime': 1778605200000, 'endTime': 1778691599000}
2026-05-14 01:29:24,216 - root - INFO - Response status code: 200
2026-05-14 01:29:24,229 - root - INFO - API response from https://sg5.fusionsolar.huawei.com/rest/openapi/pvms/nbi/v1/device/history (truncated): {'failCode': 0, 'success': True, 'message': 'historical data information query successful.', 'data': [{'devDn': 'NE=53771651', 'collectTime': 1778622900000, 'dataItems': {'pv28_i': None, 'pv4_u': 0.0, 'pv24_i': None, 'mppt_total_cap': 226947.75, 'pv8_u': 0.0, 'a_i': 0.0, 'pv24_u': None, 'mppt_9_cap': 21474.29, 'pv20_u': 0.0, 'a_u': 0.0, 'pv17_u': 0.0, 'pv20_i': 0.0, 'efficiency': 0.0, 'pv17_i': 0.0, 'pv13_i': 0.0, 'pv36_i': None, 'mppt_power': 0.0, 'pv13_u': 0.0, 'pv36_u': None, 'mppt_7_cap': 20...
2026-05-14 01:29:24,231 - root - INFO - API Response type: <class 'dict'>
2026-05-14 01:29:24,232 - root - INFO - API Response keys: ['failCode', 'success', 'message', 'data']
2026-05-14 01:29:24,232 - root - INFO - API Response data is a list with 148 items
2026-05-14 01:29:24,232 - root - INFO - API Response has failCode: 0, message: historical data information query successful.
2026-05-14 01:29:24,232 - root - INFO - Using alternate response format: data as list
2026-05-14 01:29:24,232 - root - INFO - Received 148 data points from API
2026-05-14 01:29:24,232 - root - INFO - Sample data point structure: ['devDn', 'collectTime', 'dataItems']
2026-05-14 01:29:24,293 - root - INFO - Successfully upserted 148 data points.
2026-05-14 01:29:27,672 - root - INFO - Using single devDn for device/history (API: one device per query)
2026-05-14 01:29:27,674 - root - INFO - Fetching historical data for 1 devices of type inverter
2026-05-14 01:29:27,674 - root - INFO - Making API request to: https://sg5.fusionsolar.huawei.com/rest/openapi/pvms/nbi/v1/device/history
2026-05-14 01:29:27,674 - root - INFO - Request payload: {'devDn': 'NE=53771650', 'devTypeId': 1, 'startTime': 1778605200000, 'endTime': 1778691599000}
2026-05-14 01:29:29,375 - root - INFO - Response status code: 200
2026-05-14 01:29:29,581 - root - INFO - API response from https://sg5.fusionsolar.huawei.com/rest/openapi/pvms/nbi/v1/device/history (truncated): {'failCode': 0, 'success': True, 'message': 'historical data information query successful.', 'data': [{'devDn': 'NE=53771650', 'collectTime': 1778622600000, 'dataItems': {'pv28_i': None, 'pv4_u': 0.0, 'pv24_i': None, 'mppt_total_cap': 242440.6, 'pv8_u': 0.0, 'a_i': 0.0, 'pv24_u': None, 'mppt_9_cap': 15517.18, 'pv20_u': 0.0, 'a_u': 0.0, 'pv17_u': 0.0, 'pv20_i': 0.0, 'efficiency': 0.0, 'pv17_i': 0.0, 'pv13_i': 0.0, 'pv36_i': None, 'mppt_power': 0.0, 'pv13_u': 0.0, 'pv36_u': None, 'mppt_7_cap': 187...
2026-05-14 01:29:29,594 - root - INFO - API Response type: <class 'dict'>
2026-05-14 01:29:29,595 - root - INFO - API Response keys: ['failCode', 'success', 'message', 'data']
2026-05-14 01:29:29,595 - root - INFO - API Response data is a list with 150 items
2026-05-14 01:29:29,595 - root - INFO - API Response has failCode: 0, message: historical data information query successful.
2026-05-14 01:29:29,595 - root - INFO - Using alternate response format: data as list
2026-05-14 01:29:29,595 - root - INFO - Received 150 data points from API
2026-05-14 01:29:29,596 - root - INFO - Sample data point structure: ['devDn', 'collectTime', 'dataItems']
2026-05-14 01:29:29,683 - root - INFO - Successfully upserted 150 data points.
2026-05-14 01:29:33,001 - root - INFO - Using single devDn for device/history (API: one device per query)
2026-05-14 01:29:33,003 - root - INFO - Fetching historical data for 1 devices of type inverter
2026-05-14 01:29:33,003 - root - INFO - Making API request to: https://sg5.fusionsolar.huawei.com/rest/openapi/pvms/nbi/v1/device/history
2026-05-14 01:29:33,003 - root - INFO - Request payload: {'devDn': 'NE=53771649', 'devTypeId': 1, 'startTime': 1778605200000, 'endTime': 1778691599000}
2026-05-14 01:29:34,499 - root - INFO - Response status code: 200
2026-05-14 01:29:34,512 - root - INFO - API response from https://sg5.fusionsolar.huawei.com/rest/openapi/pvms/nbi/v1/device/history (truncated): {'failCode': 0, 'success': True, 'message': 'historical data information query successful.', 'data': [{'devDn': 'NE=53771649', 'collectTime': 1778622900000, 'dataItems': {'pv28_i': None, 'pv4_u': 0.0, 'pv24_i': None, 'mppt_total_cap': 235989.89, 'pv8_u': 0.0, 'a_i': 0.0, 'pv24_u': None, 'mppt_9_cap': 22177.73, 'pv20_u': 0.0, 'a_u': 0.0, 'pv17_u': 0.0, 'pv20_i': 0.0, 'efficiency': 0.0, 'pv17_i': 0.0, 'pv13_i': 0.0, 'pv36_i': None, 'mppt_power': 0.0, 'pv13_u': 0.0, 'pv36_u': None, 'mppt_7_cap': 22...
2026-05-14 01:29:34,514 - root - INFO - API Response type: <class 'dict'>
2026-05-14 01:29:34,514 - root - INFO - API Response keys: ['failCode', 'success', 'message', 'data']
2026-05-14 01:29:34,514 - root - INFO - API Response data is a list with 148 items
2026-05-14 01:29:34,514 - root - INFO - API Response has failCode: 0, message: historical data information query successful.
2026-05-14 01:29:34,514 - root - INFO - Using alternate response format: data as list
2026-05-14 01:29:34,515 - root - INFO - Received 148 data points from API
2026-05-14 01:29:34,515 - root - INFO - Sample data point structure: ['devDn', 'collectTime', 'dataItems']
2026-05-14 01:29:34,574 - root - INFO - Successfully upserted 148 data points.
2026-05-14 01:29:37,740 - root - INFO - Using single devDn for device/history (API: one device per query)
2026-05-14 01:29:37,741 - root - INFO - Fetching historical data for 1 devices of type inverter
2026-05-14 01:29:37,741 - root - INFO - Making API request to: https://sg5.fusionsolar.huawei.com/rest/openapi/pvms/nbi/v1/device/history
2026-05-14 01:29:37,741 - root - INFO - Request payload: {'devDn': 'NE=53771644', 'devTypeId': 1, 'startTime': 1778605200000, 'endTime': 1778691599000}
2026-05-14 01:29:39,320 - root - INFO - Response status code: 200
2026-05-14 01:29:39,333 - root - INFO - API response from https://sg5.fusionsolar.huawei.com/rest/openapi/pvms/nbi/v1/device/history (truncated): {'failCode': 0, 'success': True, 'message': 'historical data information query successful.', 'data': [{'devDn': 'NE=53771644', 'collectTime': 1778622900000, 'dataItems': {'pv28_i': None, 'pv4_u': 0.0, 'pv24_i': None, 'mppt_total_cap': 233409.95, 'pv8_u': 0.0, 'a_i': 0.0, 'pv24_u': None, 'mppt_9_cap': 19898.38, 'pv20_u': 0.0, 'a_u': 0.0, 'pv17_u': 0.0, 'pv20_i': 0.0, 'efficiency': 0.0, 'pv17_i': 0.0, 'pv13_i': 0.0, 'pv36_i': None, 'mppt_power': 0.0, 'pv13_u': 0.0, 'pv36_u': None, 'mppt_7_cap': 20...
2026-05-14 01:29:39,335 - root - INFO - API Response type: <class 'dict'>
2026-05-14 01:29:39,335 - root - INFO - API Response keys: ['failCode', 'success', 'message', 'data']
2026-05-14 01:29:39,335 - root - INFO - API Response data is a list with 148 items
2026-05-14 01:29:39,335 - root - INFO - API Response has failCode: 0, message: historical data information query successful.
2026-05-14 01:29:39,335 - root - INFO - Using alternate response format: data as list
2026-05-14 01:29:39,335 - root - INFO - Received 148 data points from API
2026-05-14 01:29:39,336 - root - INFO - Sample data point structure: ['devDn', 'collectTime', 'dataItems']
2026-05-14 01:29:39,397 - root - INFO - Successfully upserted 148 data points.
2026-05-14 01:29:42,727 - root - INFO - Using single devDn for device/history (API: one device per query)
2026-05-14 01:29:42,728 - root - INFO - Fetching historical data for 1 devices of type inverter
2026-05-14 01:29:42,728 - root - INFO - Making API request to: https://sg5.fusionsolar.huawei.com/rest/openapi/pvms/nbi/v1/device/history
2026-05-14 01:29:42,728 - root - INFO - Request payload: {'devDn': 'NE=53771643', 'devTypeId': 1, 'startTime': 1778605200000, 'endTime': 1778691599000}
2026-05-14 01:29:44,166 - root - INFO - Response status code: 200
2026-05-14 01:29:44,179 - root - INFO - API response from https://sg5.fusionsolar.huawei.com/rest/openapi/pvms/nbi/v1/device/history (truncated): {'failCode': 0, 'success': True, 'message': 'historical data information query successful.', 'data': [{'devDn': 'NE=53771643', 'collectTime': 1778622600000, 'dataItems': {'pv28_i': None, 'pv4_u': 0.0, 'pv24_i': None, 'mppt_total_cap': 246632.47, 'pv8_u': 0.0, 'a_i': 0.0, 'pv24_u': None, 'mppt_9_cap': 18899.05, 'pv20_u': 0.0, 'a_u': 0.0, 'pv17_u': 0.0, 'pv20_i': 0.0, 'efficiency': 0.0, 'pv17_i': 0.0, 'pv13_i': 0.0, 'pv36_i': None, 'mppt_power': 0.0, 'pv13_u': 0.0, 'pv36_u': None, 'mppt_7_cap': 18...
2026-05-14 01:29:44,181 - root - INFO - API Response type: <class 'dict'>
2026-05-14 01:29:44,181 - root - INFO - API Response keys: ['failCode', 'success', 'message', 'data']
2026-05-14 01:29:44,182 - root - INFO - API Response data is a list with 149 items
2026-05-14 01:29:44,182 - root - INFO - API Response has failCode: 0, message: historical data information query successful.
2026-05-14 01:29:44,182 - root - INFO - Using alternate response format: data as list
2026-05-14 01:29:44,182 - root - INFO - Received 149 data points from API
2026-05-14 01:29:44,182 - root - INFO - Sample data point structure: ['devDn', 'collectTime', 'dataItems']
2026-05-14 01:29:44,242 - root - INFO - Successfully upserted 149 data points.
2026-05-14 01:29:47,484 - root - INFO - Using single devDn for device/history (API: one device per query)
2026-05-14 01:29:47,485 - root - INFO - Fetching historical data for 1 devices of type inverter
2026-05-14 01:29:47,485 - root - INFO - Making API request to: https://sg5.fusionsolar.huawei.com/rest/openapi/pvms/nbi/v1/device/history
2026-05-14 01:29:47,486 - root - INFO - Request payload: {'devDn': 'NE=53771642', 'devTypeId': 1, 'startTime': 1778605200000, 'endTime': 1778691599000}
2026-05-14 01:29:49,057 - root - INFO - Response status code: 200
2026-05-14 01:29:49,071 - root - INFO - API response from https://sg5.fusionsolar.huawei.com/rest/openapi/pvms/nbi/v1/device/history (truncated): {'failCode': 0, 'success': True, 'message': 'historical data information query successful.', 'data': [{'devDn': 'NE=53771642', 'collectTime': 1778622900000, 'dataItems': {'pv28_i': None, 'pv4_u': 0.0, 'pv24_i': None, 'mppt_total_cap': 247931.57, 'pv8_u': 0.0, 'a_i': 0.0, 'pv24_u': None, 'mppt_9_cap': 22678.27, 'pv20_u': 0.0, 'a_u': 0.0, 'pv17_u': 0.0, 'pv20_i': 0.0, 'efficiency': 0.0, 'pv17_i': 0.0, 'pv13_i': 0.0, 'pv36_i': None, 'mppt_power': 0.0, 'pv13_u': 0.0, 'pv36_u': None, 'mppt_7_cap': 22...
2026-05-14 01:29:49,072 - root - INFO - API Response type: <class 'dict'>
2026-05-14 01:29:49,073 - root - INFO - API Response keys: ['failCode', 'success', 'message', 'data']
2026-05-14 01:29:49,073 - root - INFO - API Response data is a list with 148 items
2026-05-14 01:29:49,073 - root - INFO - API Response has failCode: 0, message: historical data information query successful.
2026-05-14 01:29:49,073 - root - INFO - Using alternate response format: data as list
2026-05-14 01:29:49,073 - root - INFO - Received 148 data points from API
2026-05-14 01:29:49,073 - root - INFO - Sample data point structure: ['devDn', 'collectTime', 'dataItems']
2026-05-14 01:29:49,133 - root - INFO - Successfully upserted 148 data points.
2026-05-14 01:29:52,330 - root - INFO - Using single devDn for device/history (API: one device per query)
2026-05-14 01:29:52,332 - root - INFO - Fetching historical data for 1 devices of type inverter
2026-05-14 01:29:52,332 - root - INFO - Making API request to: https://sg5.fusionsolar.huawei.com/rest/openapi/pvms/nbi/v1/device/history
2026-05-14 01:29:52,332 - root - INFO - Request payload: {'devDn': 'NE=53771648', 'devTypeId': 1, 'startTime': 1778605200000, 'endTime': 1778691599000}
2026-05-14 01:29:53,766 - root - INFO - Response status code: 200
2026-05-14 01:29:53,779 - root - INFO - API response from https://sg5.fusionsolar.huawei.com/rest/openapi/pvms/nbi/v1/device/history (truncated): {'failCode': 0, 'success': True, 'message': 'historical data information query successful.', 'data': [{'devDn': 'NE=53771648', 'collectTime': 1778622900000, 'dataItems': {'pv28_i': None, 'pv4_u': 0.0, 'pv24_i': None, 'mppt_total_cap': 247825.15, 'pv8_u': 0.0, 'a_i': 0.0, 'pv24_u': None, 'mppt_9_cap': 21075.45, 'pv20_u': 0.0, 'a_u': 0.0, 'pv17_u': 0.0, 'pv20_i': 0.0, 'efficiency': 0.0, 'pv17_i': 0.0, 'pv13_i': 0.0, 'pv36_i': None, 'mppt_power': 0.0, 'pv13_u': 0.0, 'pv36_u': None, 'mppt_7_cap': 21...
2026-05-14 01:29:53,781 - root - INFO - API Response type: <class 'dict'>
2026-05-14 01:29:53,781 - root - INFO - API Response keys: ['failCode', 'success', 'message', 'data']
2026-05-14 01:29:53,781 - root - INFO - API Response data is a list with 148 items
2026-05-14 01:29:53,781 - root - INFO - API Response has failCode: 0, message: historical data information query successful.
2026-05-14 01:29:53,782 - root - INFO - Using alternate response format: data as list
2026-05-14 01:29:53,782 - root - INFO - Received 148 data points from API
2026-05-14 01:29:53,782 - root - INFO - Sample data point structure: ['devDn', 'collectTime', 'dataItems']
2026-05-14 01:29:53,842 - root - INFO - Successfully upserted 148 data points.
2026-05-14 01:29:57,010 - root - INFO - Using single devDn for device/history (API: one device per query)
2026-05-14 01:29:57,012 - root - INFO - Fetching historical data for 1 devices of type inverter
2026-05-14 01:29:57,012 - root - INFO - Making API request to: https://sg5.fusionsolar.huawei.com/rest/openapi/pvms/nbi/v1/device/history
2026-05-14 01:29:57,012 - root - INFO - Request payload: {'devDn': 'NE=53771647', 'devTypeId': 1, 'startTime': 1778605200000, 'endTime': 1778691599000}
2026-05-14 01:29:58,498 - root - INFO - Response status code: 200
2026-05-14 01:29:58,511 - root - INFO - API response from https://sg5.fusionsolar.huawei.com/rest/openapi/pvms/nbi/v1/device/history (truncated): {'failCode': 0, 'success': True, 'message': 'historical data information query successful.', 'data': [{'devDn': 'NE=53771647', 'collectTime': 1778622900000, 'dataItems': {'pv28_i': None, 'pv4_u': 0.0, 'pv24_i': None, 'mppt_total_cap': 256785.22, 'pv8_u': 0.0, 'a_i': 0.0, 'pv24_u': None, 'mppt_9_cap': 23138.51, 'pv20_u': 0.0, 'a_u': 0.0, 'pv17_u': 0.0, 'pv20_i': 0.0, 'efficiency': 0.0, 'pv17_i': 0.0, 'pv13_i': 0.0, 'pv36_i': None, 'mppt_power': 0.0, 'pv13_u': 0.0, 'pv36_u': None, 'mppt_7_cap': 23...
2026-05-14 01:29:58,513 - root - INFO - API Response type: <class 'dict'>
2026-05-14 01:29:58,513 - root - INFO - API Response keys: ['failCode', 'success', 'message', 'data']
2026-05-14 01:29:58,513 - root - INFO - API Response data is a list with 148 items
2026-05-14 01:29:58,513 - root - INFO - API Response has failCode: 0, message: historical data information query successful.
2026-05-14 01:29:58,514 - root - INFO - Using alternate response format: data as list
2026-05-14 01:29:58,514 - root - INFO - Received 148 data points from API
2026-05-14 01:29:58,514 - root - INFO - Sample data point structure: ['devDn', 'collectTime', 'dataItems']
2026-05-14 01:29:58,574 - root - INFO - Successfully upserted 148 data points.
2026-05-14 01:30:01,732 - root - INFO - Using single devDn for device/history (API: one device per query)
2026-05-14 01:30:01,734 - root - INFO - Fetching historical data for 1 devices of type inverter
2026-05-14 01:30:01,734 - root - INFO - Making API request to: https://sg5.fusionsolar.huawei.com/rest/openapi/pvms/nbi/v1/device/history
2026-05-14 01:30:01,734 - root - INFO - Request payload: {'devDn': 'NE=53771646', 'devTypeId': 1, 'startTime': 1778605200000, 'endTime': 1778691599000}
2026-05-14 01:30:03,282 - root - INFO - Response status code: 200
2026-05-14 01:30:03,295 - root - INFO - API response from https://sg5.fusionsolar.huawei.com/rest/openapi/pvms/nbi/v1/device/history (truncated): {'failCode': 0, 'success': True, 'message': 'historical data information query successful.', 'data': [{'devDn': 'NE=53771646', 'collectTime': 1778622900000, 'dataItems': {'pv28_i': None, 'pv4_u': 0.0, 'pv24_i': None, 'mppt_total_cap': 230110.66, 'pv8_u': 0.0, 'a_i': 0.0, 'pv24_u': None, 'mppt_9_cap': 19599.17, 'pv20_u': 0.0, 'a_u': 0.0, 'pv17_u': 0.0, 'pv20_i': 0.0, 'efficiency': 0.0, 'pv17_i': 0.0, 'pv13_i': 0.0, 'pv36_i': None, 'mppt_power': 0.0, 'pv13_u': 0.0, 'pv36_u': None, 'mppt_7_cap': 20...
2026-05-14 01:30:03,297 - root - INFO - API Response type: <class 'dict'>
2026-05-14 01:30:03,297 - root - INFO - API Response keys: ['failCode', 'success', 'message', 'data']
2026-05-14 01:30:03,297 - root - INFO - API Response data is a list with 149 items
2026-05-14 01:30:03,297 - root - INFO - API Response has failCode: 0, message: historical data information query successful.
2026-05-14 01:30:03,297 - root - INFO - Using alternate response format: data as list
2026-05-14 01:30:03,298 - root - INFO - Received 149 data points from API
2026-05-14 01:30:03,298 - root - INFO - Sample data point structure: ['devDn', 'collectTime', 'dataItems']
2026-05-14 01:30:03,357 - root - INFO - Successfully upserted 149 data points.
2026-05-14 01:30:06,520 - root - INFO - Using single devDn for device/history (API: one device per query)
2026-05-14 01:30:06,521 - root - INFO - Fetching historical data for 1 devices of type inverter
2026-05-14 01:30:06,521 - root - INFO - Making API request to: https://sg5.fusionsolar.huawei.com/rest/openapi/pvms/nbi/v1/device/history
2026-05-14 01:30:06,522 - root - INFO - Request payload: {'devDn': 'NE=53771645', 'devTypeId': 1, 'startTime': 1778605200000, 'endTime': 1778691599000}
2026-05-14 01:30:08,109 - root - INFO - Response status code: 200
2026-05-14 01:30:08,123 - root - INFO - API response from https://sg5.fusionsolar.huawei.com/rest/openapi/pvms/nbi/v1/device/history (truncated): {'failCode': 0, 'success': True, 'message': 'historical data information query successful.', 'data': [{'devDn': 'NE=53771645', 'collectTime': 1778622900000, 'dataItems': {'pv28_i': None, 'pv4_u': 411.3, 'pv24_i': None, 'mppt_total_cap': 237270.74, 'pv8_u': 411.1, 'a_i': 0.0, 'pv24_u': None, 'mppt_9_cap': 17709.75, 'pv20_u': 411.5, 'a_u': 233.9, 'pv17_u': 411.1, 'pv20_i': 0.0, 'efficiency': 0.0, 'pv17_i': 0.0, 'pv13_i': 0.0, 'pv36_i': None, 'mppt_power': 0.0, 'pv13_u': 411.7, 'pv36_u': None, 'mpp...
2026-05-14 01:30:08,124 - root - INFO - API Response type: <class 'dict'>
2026-05-14 01:30:08,125 - root - INFO - API Response keys: ['failCode', 'success', 'message', 'data']
2026-05-14 01:30:08,125 - root - INFO - API Response data is a list with 149 items
2026-05-14 01:30:08,125 - root - INFO - API Response has failCode: 0, message: historical data information query successful.
2026-05-14 01:30:08,125 - root - INFO - Using alternate response format: data as list
2026-05-14 01:30:08,125 - root - INFO - Received 149 data points from API
2026-05-14 01:30:08,125 - root - INFO - Sample data point structure: ['devDn', 'collectTime', 'dataItems']
2026-05-14 01:30:08,185 - root - INFO - Successfully upserted 149 data points.
2026-05-14 01:30:11,304 - root - INFO - Using single devDn for device/history (API: one device per query)
2026-05-14 01:30:11,305 - root - INFO - Fetching historical data for 1 devices of type inverter
2026-05-14 01:30:11,305 - root - INFO - Making API request to: https://sg5.fusionsolar.huawei.com/rest/openapi/pvms/nbi/v1/device/history
2026-05-14 01:30:11,305 - root - INFO - Request payload: {'devDn': 'NE=62806378', 'devTypeId': 1, 'startTime': 1778605200000, 'endTime': 1778691599000}
2026-05-14 01:30:12,878 - root - INFO - Response status code: 200
2026-05-14 01:30:12,892 - root - INFO - API response from https://sg5.fusionsolar.huawei.com/rest/openapi/pvms/nbi/v1/device/history (truncated): {'failCode': 0, 'success': True, 'message': 'historical data information query successful.', 'data': [{'devDn': 'NE=62806378', 'collectTime': 1778605200000, 'dataItems': {'pv28_i': None, 'pv4_u': 0.0, 'pv24_i': None, 'mppt_total_cap': 186010.69, 'pv8_u': 0.0, 'a_i': 0.0, 'pv24_u': None, 'mppt_9_cap': None, 'pv20_u': 0.0, 'a_u': 0.0, 'pv17_u': 0.0, 'pv20_i': 0.0, 'efficiency': 0.0, 'pv17_i': 0.0, 'pv13_i': 0.0, 'pv36_i': None, 'mppt_power': 0.0, 'pv13_u': 0.0, 'pv36_u': None, 'mppt_7_cap': 32874....
2026-05-14 01:30:12,893 - root - INFO - API Response type: <class 'dict'>
2026-05-14 01:30:12,894 - root - INFO - API Response keys: ['failCode', 'success', 'message', 'data']
2026-05-14 01:30:12,894 - root - INFO - API Response data is a list with 150 items
2026-05-14 01:30:12,894 - root - INFO - API Response has failCode: 0, message: historical data information query successful.
2026-05-14 01:30:12,894 - root - INFO - Using alternate response format: data as list
2026-05-14 01:30:12,894 - root - INFO - Received 150 data points from API
2026-05-14 01:30:12,894 - root - INFO - Sample data point structure: ['devDn', 'collectTime', 'dataItems']
2026-05-14 01:30:12,956 - root - INFO - Successfully upserted 150 data points.
2026-05-14 01:30:16,123 - root - INFO - Using single devDn for device/history (API: one device per query)
2026-05-14 01:30:16,125 - root - INFO - Fetching historical data for 1 devices of type inverter
2026-05-14 01:30:16,125 - root - INFO - Making API request to: https://sg5.fusionsolar.huawei.com/rest/openapi/pvms/nbi/v1/device/history
2026-05-14 01:30:16,125 - root - INFO - Request payload: {'devDn': 'NE=62806376', 'devTypeId': 1, 'startTime': 1778605200000, 'endTime': 1778691599000}
2026-05-14 01:30:17,804 - root - INFO - Response status code: 200
2026-05-14 01:30:17,818 - root - INFO - API response from https://sg5.fusionsolar.huawei.com/rest/openapi/pvms/nbi/v1/device/history (truncated): {'failCode': 0, 'success': True, 'message': 'historical data information query successful.', 'data': [{'devDn': 'NE=62806376', 'collectTime': 1778605200000, 'dataItems': {'pv28_i': None, 'pv4_u': 0.0, 'pv24_i': None, 'mppt_total_cap': 173685.58, 'pv8_u': 0.0, 'a_i': 0.0, 'pv24_u': None, 'mppt_9_cap': None, 'pv20_u': 0.0, 'a_u': 0.0, 'pv17_u': 0.0, 'pv20_i': 0.0, 'efficiency': 0.0, 'pv17_i': 0.0, 'pv13_i': 0.0, 'pv36_i': None, 'mppt_power': 0.0, 'pv13_u': 0.0, 'pv36_u': None, 'mppt_7_cap': 32209....
2026-05-14 01:30:17,820 - root - INFO - API Response type: <class 'dict'>
2026-05-14 01:30:17,820 - root - INFO - API Response keys: ['failCode', 'success', 'message', 'data']
2026-05-14 01:30:17,820 - root - INFO - API Response data is a list with 150 items
2026-05-14 01:30:17,820 - root - INFO - API Response has failCode: 0, message: historical data information query successful.
2026-05-14 01:30:17,820 - root - INFO - Using alternate response format: data as list
2026-05-14 01:30:17,820 - root - INFO - Received 150 data points from API
2026-05-14 01:30:17,821 - root - INFO - Sample data point structure: ['devDn', 'collectTime', 'dataItems']
2026-05-14 01:30:17,881 - root - INFO - Successfully upserted 150 data points.
2026-05-14 01:30:20,983 - root - INFO - Using single devDn for device/history (API: one device per query)
2026-05-14 01:30:20,985 - root - INFO - Fetching historical data for 1 devices of type inverter
2026-05-14 01:30:20,985 - root - INFO - Making API request to: https://sg5.fusionsolar.huawei.com/rest/openapi/pvms/nbi/v1/device/history
2026-05-14 01:30:20,985 - root - INFO - Request payload: {'devDn': 'NE=62806367', 'devTypeId': 1, 'startTime': 1778605200000, 'endTime': 1778691599000}
2026-05-14 01:30:22,638 - root - INFO - Response status code: 200
2026-05-14 01:30:22,651 - root - INFO - API response from https://sg5.fusionsolar.huawei.com/rest/openapi/pvms/nbi/v1/device/history (truncated): {'failCode': 0, 'success': True, 'message': 'historical data information query successful.', 'data': [{'devDn': 'NE=62806367', 'collectTime': 1778605200000, 'dataItems': {'pv28_i': None, 'pv4_u': 0.0, 'pv24_i': None, 'mppt_total_cap': 158487.23, 'pv8_u': 0.0, 'a_i': 0.0, 'pv24_u': None, 'mppt_9_cap': None, 'pv20_u': 0.0, 'a_u': 0.0, 'pv17_u': 0.0, 'pv20_i': 0.0, 'efficiency': 0.0, 'pv17_i': 0.0, 'pv13_i': 0.0, 'pv36_i': None, 'mppt_power': 0.0, 'pv13_u': 0.0, 'pv36_u': None, 'mppt_7_cap': 19930....
2026-05-14 01:30:22,653 - root - INFO - API Response type: <class 'dict'>
2026-05-14 01:30:22,653 - root - INFO - API Response keys: ['failCode', 'success', 'message', 'data']
2026-05-14 01:30:22,653 - root - INFO - API Response data is a list with 150 items
2026-05-14 01:30:22,653 - root - INFO - API Response has failCode: 0, message: historical data information query successful.
2026-05-14 01:30:22,654 - root - INFO - Using alternate response format: data as list
2026-05-14 01:30:22,654 - root - INFO - Received 150 data points from API
2026-05-14 01:30:22,654 - root - INFO - Sample data point structure: ['devDn', 'collectTime', 'dataItems']
2026-05-14 01:30:22,716 - root - INFO - Successfully upserted 150 data points.
2026-05-14 01:30:25,857 - root - INFO - Using single devDn for device/history (API: one device per query)
2026-05-14 01:30:25,858 - root - INFO - Fetching historical data for 1 devices of type inverter
2026-05-14 01:30:25,858 - root - INFO - Making API request to: https://sg5.fusionsolar.huawei.com/rest/openapi/pvms/nbi/v1/device/history
2026-05-14 01:30:25,858 - root - INFO - Request payload: {'devDn': 'NE=62806379', 'devTypeId': 1, 'startTime': 1778605200000, 'endTime': 1778691599000}
2026-05-14 01:30:27,470 - root - INFO - Response status code: 200
2026-05-14 01:30:27,484 - root - INFO - API response from https://sg5.fusionsolar.huawei.com/rest/openapi/pvms/nbi/v1/device/history (truncated): {'failCode': 0, 'success': True, 'message': 'historical data information query successful.', 'data': [{'devDn': 'NE=62806379', 'collectTime': 1778605200000, 'dataItems': {'pv28_i': None, 'pv4_u': 0.0, 'pv24_i': None, 'mppt_total_cap': 164963.93, 'pv8_u': 0.0, 'a_i': 0.0, 'pv24_u': None, 'mppt_9_cap': None, 'pv20_u': 0.0, 'a_u': 0.0, 'pv17_u': 0.0, 'pv20_i': 0.0, 'efficiency': 0.0, 'pv17_i': 0.0, 'pv13_i': 0.0, 'pv36_i': None, 'mppt_power': 0.0, 'pv13_u': 0.0, 'pv36_u': None, 'mppt_7_cap': 17973....
2026-05-14 01:30:27,489 - root - INFO - API Response type: <class 'dict'>
2026-05-14 01:30:27,489 - root - INFO - API Response keys: ['failCode', 'success', 'message', 'data']
2026-05-14 01:30:27,490 - root - INFO - API Response data is a list with 150 items
2026-05-14 01:30:27,490 - root - INFO - API Response has failCode: 0, message: historical data information query successful.
2026-05-14 01:30:27,490 - root - INFO - Using alternate response format: data as list
2026-05-14 01:30:27,490 - root - INFO - Received 150 data points from API
2026-05-14 01:30:27,491 - root - INFO - Sample data point structure: ['devDn', 'collectTime', 'dataItems']
2026-05-14 01:30:27,551 - root - INFO - Successfully upserted 150 data points.
2026-05-14 01:30:30,679 - root - INFO - Using single devDn for device/history (API: one device per query)
2026-05-14 01:30:30,680 - root - INFO - Fetching historical data for 1 devices of type inverter
2026-05-14 01:30:30,680 - root - INFO - Making API request to: https://sg5.fusionsolar.huawei.com/rest/openapi/pvms/nbi/v1/device/history
2026-05-14 01:30:30,680 - root - INFO - Request payload: {'devDn': 'NE=62807022', 'devTypeId': 1, 'startTime': 1778605200000, 'endTime': 1778691599000}
2026-05-14 01:30:32,359 - root - INFO - Response status code: 200
2026-05-14 01:30:32,372 - root - INFO - API response from https://sg5.fusionsolar.huawei.com/rest/openapi/pvms/nbi/v1/device/history (truncated): {'failCode': 0, 'success': True, 'message': 'historical data information query successful.', 'data': [{'devDn': 'NE=62807022', 'collectTime': 1778605200000, 'dataItems': {'pv28_i': None, 'pv4_u': 0.0, 'pv24_i': None, 'mppt_total_cap': 205292.58, 'pv8_u': 0.0, 'a_i': 0.0, 'pv24_u': None, 'mppt_9_cap': None, 'pv20_u': 0.0, 'a_u': 0.0, 'pv17_u': 0.0, 'pv20_i': 0.0, 'efficiency': 0.0, 'pv17_i': 0.0, 'pv13_i': 0.0, 'pv36_i': None, 'mppt_power': 0.0, 'pv13_u': 0.0, 'pv36_u': None, 'mppt_7_cap': 35108....
2026-05-14 01:30:32,374 - root - INFO - API Response type: <class 'dict'>
2026-05-14 01:30:32,374 - root - INFO - API Response keys: ['failCode', 'success', 'message', 'data']
2026-05-14 01:30:32,374 - root - INFO - API Response data is a list with 150 items
2026-05-14 01:30:32,374 - root - INFO - API Response has failCode: 0, message: historical data information query successful.
2026-05-14 01:30:32,375 - root - INFO - Using alternate response format: data as list
2026-05-14 01:30:32,375 - root - INFO - Received 150 data points from API
2026-05-14 01:30:32,375 - root - INFO - Sample data point structure: ['devDn', 'collectTime', 'dataItems']
2026-05-14 01:30:32,436 - root - INFO - Successfully upserted 150 data points.
2026-05-14 01:30:35,574 - root - INFO - Using single devDn for device/history (API: one device per query)
2026-05-14 01:30:35,575 - root - INFO - Fetching historical data for 1 devices of type inverter
2026-05-14 01:30:35,575 - root - INFO - Making API request to: https://sg5.fusionsolar.huawei.com/rest/openapi/pvms/nbi/v1/device/history
2026-05-14 01:30:35,575 - root - INFO - Request payload: {'devDn': 'NE=62807019', 'devTypeId': 1, 'startTime': 1778605200000, 'endTime': 1778691599000}
2026-05-14 01:30:37,132 - root - INFO - Response status code: 200
2026-05-14 01:30:37,145 - root - INFO - API response from https://sg5.fusionsolar.huawei.com/rest/openapi/pvms/nbi/v1/device/history (truncated): {'failCode': 0, 'success': True, 'message': 'historical data information query successful.', 'data': [{'devDn': 'NE=62807019', 'collectTime': 1778605200000, 'dataItems': {'pv28_i': None, 'pv4_u': 0.0, 'pv24_i': None, 'mppt_total_cap': 182232.97, 'pv8_u': 0.0, 'a_i': 0.0, 'pv24_u': None, 'mppt_9_cap': None, 'pv20_u': 0.0, 'a_u': 0.0, 'pv17_u': 0.0, 'pv20_i': 0.0, 'efficiency': 0.0, 'pv17_i': 0.0, 'pv13_i': 0.0, 'pv36_i': None, 'mppt_power': 0.0, 'pv13_u': 0.0, 'pv36_u': None, 'mppt_7_cap': 22440....
2026-05-14 01:30:37,147 - root - INFO - API Response type: <class 'dict'>
2026-05-14 01:30:37,147 - root - INFO - API Response keys: ['failCode', 'success', 'message', 'data']
2026-05-14 01:30:37,148 - root - INFO - API Response data is a list with 150 items
2026-05-14 01:30:37,148 - root - INFO - API Response has failCode: 0, message: historical data information query successful.
2026-05-14 01:30:37,148 - root - INFO - Using alternate response format: data as list
2026-05-14 01:30:37,148 - root - INFO - Received 150 data points from API
2026-05-14 01:30:37,148 - root - INFO - Sample data point structure: ['devDn', 'collectTime', 'dataItems']
2026-05-14 01:30:37,208 - root - INFO - Successfully upserted 150 data points.
2026-05-14 01:30:40,329 - root - INFO - Using single devDn for device/history (API: one device per query)
2026-05-14 01:30:40,330 - root - INFO - Fetching historical data for 1 devices of type inverter
2026-05-14 01:30:40,330 - root - INFO - Making API request to: https://sg5.fusionsolar.huawei.com/rest/openapi/pvms/nbi/v1/device/history
2026-05-14 01:30:40,331 - root - INFO - Request payload: {'devDn': 'NE=62807020', 'devTypeId': 1, 'startTime': 1778605200000, 'endTime': 1778691599000}
2026-05-14 01:30:41,876 - root - INFO - Response status code: 200
2026-05-14 01:30:41,890 - root - INFO - API response from https://sg5.fusionsolar.huawei.com/rest/openapi/pvms/nbi/v1/device/history (truncated): {'failCode': 0, 'success': True, 'message': 'historical data information query successful.', 'data': [{'devDn': 'NE=62807020', 'collectTime': 1778605200000, 'dataItems': {'pv28_i': None, 'pv4_u': 0.0, 'pv24_i': None, 'mppt_total_cap': 187784.78, 'pv8_u': 0.0, 'a_i': 0.0, 'pv24_u': None, 'mppt_9_cap': None, 'pv20_u': 0.0, 'a_u': 0.0, 'pv17_u': 0.0, 'pv20_i': 0.0, 'efficiency': 0.0, 'pv17_i': 0.0, 'pv13_i': 0.0, 'pv36_i': None, 'mppt_power': 0.0, 'pv13_u': 0.0, 'pv36_u': None, 'mppt_7_cap': 23733....
2026-05-14 01:30:41,891 - root - INFO - API Response type: <class 'dict'>
2026-05-14 01:30:41,892 - root - INFO - API Response keys: ['failCode', 'success', 'message', 'data']
2026-05-14 01:30:41,892 - root - INFO - API Response data is a list with 150 items
2026-05-14 01:30:41,892 - root - INFO - API Response has failCode: 0, message: historical data information query successful.
2026-05-14 01:30:41,892 - root - INFO - Using alternate response format: data as list
2026-05-14 01:30:41,892 - root - INFO - Received 150 data points from API
2026-05-14 01:30:41,892 - root - INFO - Sample data point structure: ['devDn', 'collectTime', 'dataItems']
2026-05-14 01:30:41,952 - root - INFO - Successfully upserted 150 data points.
2026-05-14 01:30:45,044 - root - INFO - Using single devDn for device/history (API: one device per query)
2026-05-14 01:30:45,046 - root - INFO - Fetching historical data for 1 devices of type inverter
2026-05-14 01:30:45,046 - root - INFO - Making API request to: https://sg5.fusionsolar.huawei.com/rest/openapi/pvms/nbi/v1/device/history
2026-05-14 01:30:45,046 - root - INFO - Request payload: {'devDn': 'NE=62807021', 'devTypeId': 1, 'startTime': 1778605200000, 'endTime': 1778691599000}
2026-05-14 01:30:46,693 - root - INFO - Response status code: 200
2026-05-14 01:30:46,707 - root - INFO - API response from https://sg5.fusionsolar.huawei.com/rest/openapi/pvms/nbi/v1/device/history (truncated): {'failCode': 0, 'success': True, 'message': 'historical data information query successful.', 'data': [{'devDn': 'NE=62807021', 'collectTime': 1778605200000, 'dataItems': {'pv28_i': None, 'pv4_u': 0.0, 'pv24_i': None, 'mppt_total_cap': 184073.64, 'pv8_u': 0.0, 'a_i': 0.0, 'pv24_u': None, 'mppt_9_cap': None, 'pv20_u': 0.0, 'a_u': 0.0, 'pv17_u': 0.0, 'pv20_i': 0.0, 'efficiency': 0.0, 'pv17_i': 0.0, 'pv13_i': 0.0, 'pv36_i': None, 'mppt_power': 0.0, 'pv13_u': 0.0, 'pv36_u': None, 'mppt_7_cap': 23519....
2026-05-14 01:30:46,709 - root - INFO - API Response type: <class 'dict'>
2026-05-14 01:30:46,709 - root - INFO - API Response keys: ['failCode', 'success', 'message', 'data']
2026-05-14 01:30:46,709 - root - INFO - API Response data is a list with 150 items
2026-05-14 01:30:46,709 - root - INFO - API Response has failCode: 0, message: historical data information query successful.
2026-05-14 01:30:46,709 - root - INFO - Using alternate response format: data as list
2026-05-14 01:30:46,709 - root - INFO - Received 150 data points from API
2026-05-14 01:30:46,709 - root - INFO - Sample data point structure: ['devDn', 'collectTime', 'dataItems']
2026-05-14 01:30:46,770 - root - INFO - Successfully upserted 150 data points.
2026-05-14 01:30:49,868 - root - INFO - Using single devDn for device/history (API: one device per query)
2026-05-14 01:30:49,870 - root - INFO - Fetching historical data for 1 devices of type smart_assistant
2026-05-14 01:30:49,870 - root - INFO - Making API request to: https://sg5.fusionsolar.huawei.com/rest/openapi/pvms/nbi/v1/device/history
2026-05-14 01:30:49,870 - root - INFO - Request payload: {'devDn': 'NE=60951884', 'devTypeId': 23070, 'startTime': 1778605200000, 'endTime': 1778691599000}
2026-05-14 01:30:50,617 - root - INFO - Response status code: 200
2026-05-14 01:30:50,627 - root - INFO - API response from https://sg5.fusionsolar.huawei.com/rest/openapi/pvms/nbi/v1/device/history (truncated): {'failCode': 0, 'success': True, 'message': 'historical data information query successful.', 'data': [{'devDn': 'NE=60951884', 'collectTime': 1778605200000, 'dataItems': {'active_cap': 6311.94, 'ex_active_power': None, 'power_factor': 0.891, 'ex_reverse_active_cap': None, 'a_i': 5.7, 'ex_active_cap': None, 'c_i': 3.2, 'b_i': 7.2, 'a_u': 224.7, 'reactive_power': -0.32, 'c_u': 225.7, 'b_u': 226.6, 'bc_u': 391.8, 'ex_a_i': 0.0, 'ex_c_i': 0.0, 'ex_active_power_c': 0.0, 'ex_b_i': 0.0, 'reverse_active...
2026-05-14 01:30:50,629 - root - INFO - API Response type: <class 'dict'>
2026-05-14 01:30:50,629 - root - INFO - API Response keys: ['failCode', 'success', 'message', 'data']
2026-05-14 01:30:50,629 - root - INFO - API Response data is a list with 288 items
2026-05-14 01:30:50,629 - root - INFO - API Response has failCode: 0, message: historical data information query successful.
2026-05-14 01:30:50,630 - root - INFO - Using alternate response format: data as list
2026-05-14 01:30:50,630 - root - INFO - Received 288 data points from API
2026-05-14 01:30:50,630 - root - INFO - Sample data point structure: ['devDn', 'collectTime', 'dataItems']
2026-05-14 01:30:50,722 - root - INFO - Successfully upserted 288 data points.
2026-05-14 01:30:53,914 - root - INFO - Using single devDn for device/history (API: one device per query)
2026-05-14 01:30:53,915 - root - INFO - Fetching historical data for 1 devices of type battery
2026-05-14 01:30:53,915 - root - INFO - Making API request to: https://sg5.fusionsolar.huawei.com/rest/openapi/pvms/nbi/v1/device/history
2026-05-14 01:30:53,915 - root - INFO - Request payload: {'devDn': 'NE=60951890', 'devTypeId': 39, 'startTime': 1778605200000, 'endTime': 1778691599000}
2026-05-14 01:30:54,488 - root - INFO - Response status code: 200
2026-05-14 01:30:54,496 - root - INFO - API response from https://sg5.fusionsolar.huawei.com/rest/openapi/pvms/nbi/v1/device/history (truncated): {'failCode': 0, 'success': True, 'message': 'historical data information query successful.', 'data': [{'devDn': 'NE=60951890', 'collectTime': 1778605200000, 'dataItems': {'max_discharge_power': None, 'max_charge_power': None, 'battery_soh': None, 'busbar_u': 742.0, 'discharge_cap': 0.0, 'ch_discharge_power': -51.0, 'battery_soc': 91.0, 'ch_discharge_model': None, 'charge_cap': 0.0, 'battery_status': None}}, {'devDn': 'NE=60951890', 'collectTime': 1778605500000, 'dataItems': {'max_discharge_power...
2026-05-14 01:30:54,498 - root - INFO - API Response type: <class 'dict'>
2026-05-14 01:30:54,499 - root - INFO - API Response keys: ['failCode', 'success', 'message', 'data']
2026-05-14 01:30:54,499 - root - INFO - API Response data is a list with 288 items
2026-05-14 01:30:54,499 - root - INFO - API Response has failCode: 0, message: historical data information query successful.
2026-05-14 01:30:54,499 - root - INFO - Using alternate response format: data as list
2026-05-14 01:30:54,499 - root - INFO - Received 288 data points from API
2026-05-14 01:30:54,499 - root - INFO - Sample data point structure: ['devDn', 'collectTime', 'dataItems']
2026-05-14 01:30:54,587 - root - INFO - Successfully upserted 288 data points.
2026-05-14 01:30:57,712 - root - INFO - Processed 39872 data points for 2026-05-12 to 2026-05-13
2026-05-14 01:30:57,720 - root - INFO - Total data points ingested: 39872
2026-05-14 01:30:57,726 - fusionsolar.tasks - INFO - FusionSolar ingestion completed successfully. Rows inserted: 39872, Execution time: 1854.61 seconds
2026-05-14 01:30:57,727 - __main__ - INFO - FusionSolar ingestion completed: {'status': 'success', 'rows_inserted': 39872, 'execution_time': 1854.6083385944366, 'start_date': '2026-05-13', 'end_date': '2026-05-13'}
2026-05-14 01:30:57,751 - __main__ - INFO - Step 2: Running dbt transformations...
2026-05-14 01:30:57,753 - __main__ - INFO - Running dbt run
2026-05-14 02:03:06,589 - __main__ - ERROR - dbt run failed: 
2026-05-14 02:03:06,614 - __main__ - ERROR - dbt stdout: 18:31:02  Running with dbt=1.10.13
18:31:02  Registered adapter: postgres=1.9.1
18:31:03  [WARNING]: Configuration paths exist in your dbt_project.yml file which do not apply to any resources.
There are 9 unused configuration paths:
- seeds.mmsr_solar_data.seed_poa_sensor_config
- seeds.mmsr_solar_data.seed_site_equipment_config
- seeds.mmsr_solar_data.seed_inverter_model_master
- seeds.mmsr_solar_data.seed_site_merge
- seeds.mmsr_solar_data.seed_pv_module_model_master
- seeds.mmsr_solar_data.seed_site_module_spec
- seeds.mmsr_solar_data.seed_meter_config_override
- seeds.mmsr_solar_data.seed_string_module_override
- seeds.mmsr_solar_data.seed_sensor_config_override
18:31:04  Found 28 models, 37 analyses, 19 seeds, 13 sources, 449 macros
18:31:04  
18:31:04  Concurrency: 1 threads (target='dev')
18:31:04  
18:31:04  1 of 28 START sql table model dimensions.dim_date_generated .................... [RUN]
18:31:04  1 of 28 OK created sql table model dimensions.dim_date_generated ............... [SELECT 3057 in 0.17s]
18:31:04  2 of 28 START sql table model mart.mart_simulation_degradation_factors ......... [RUN]
18:31:04  2 of 28 OK created sql table model mart.mart_simulation_degradation_factors .... [SELECT 300 in 0.10s]
18:31:04  3 of 28 START sql table model mart.mart_site_kpi_monthly ....................... [RUN]
18:31:05  3 of 28 OK created sql table model mart.mart_site_kpi_monthly .................. [SELECT 559 in 0.09s]
18:31:05  4 of 28 START sql table model staging.stg_fusionsolar__devices ................. [RUN]
18:31:05  4 of 28 OK created sql table model staging.stg_fusionsolar__devices ............ [SELECT 236 in 0.07s]
18:31:05  5 of 28 START sql table model staging.stg_fusionsolar__sites ................... [RUN]
18:31:05  5 of 28 OK created sql table model staging.stg_fusionsolar__sites .............. [SELECT 11 in 0.07s]
18:31:05  6 of 28 START sql table model staging.stg_isolarcloud__devices ................. [RUN]
18:31:05  6 of 28 OK created sql table model staging.stg_isolarcloud__devices ............ [SELECT 347 in 0.08s]
18:31:05  7 of 28 START sql table model staging.stg_isolarcloud__sites ................... [RUN]
18:31:05  7 of 28 OK created sql table model staging.stg_isolarcloud__sites .............. [SELECT 18 in 0.17s]
18:31:05  8 of 28 START sql table model mart.mart_weekly_log ............................. [RUN]
18:31:05  8 of 28 OK created sql table model mart.mart_weekly_log ........................ [SELECT 4 in 0.07s]
18:31:05  9 of 28 START sql incremental model staging.stg_fusionsolar__perf_unpivoted .... [RUN]
18:45:16  9 of 28 OK created sql incremental model staging.stg_fusionsolar__perf_unpivoted  [INSERT 0 1428750 in 850.64s]
18:45:16  10 of 28 START sql table model dimensions.dim_assets ........................... [RUN]
18:45:16  10 of 28 OK created sql table model dimensions.dim_assets ...................... [SELECT 612 in 0.34s]
18:45:16  11 of 28 START sql table model mart.mart_simulation_daily_25y_poc .............. [RUN]
18:45:17  11 of 28 OK created sql table model mart.mart_simulation_daily_25y_poc ......... [SELECT 27350 in 0.34s]
18:45:17  12 of 28 START sql table model mart.mart_simulation_site_start_year ............ [RUN]
18:45:17  12 of 28 OK created sql table model mart.mart_simulation_site_start_year ....... [SELECT 29 in 0.08s]
18:45:17  13 of 28 START sql incremental model staging.stg_isolarcloud__perf_unpivoted ... [RUN]
18:57:38  13 of 28 OK created sql incremental model staging.stg_isolarcloud__perf_unpivoted  [INSERT 0 1667508 in 741.06s]
18:57:38  14 of 28 START sql table model mart.mart_simulation_targets_daily .............. [RUN]
18:57:38  14 of 28 OK created sql table model mart.mart_simulation_targets_daily ......... [SELECT 16973 in 0.67s]
18:57:38  15 of 28 START sql table model mart.mart_simulation_daily_25y .................. [RUN]
18:57:41  15 of 28 OK created sql table model mart.mart_simulation_daily_25y ............. [SELECT 313825 in 2.79s]
18:57:41  16 of 28 START sql incremental model mart.mart_inverter_performance_5min ....... [RUN]
18:58:13  16 of 28 OK created sql incremental model mart.mart_inverter_performance_5min .. [INSERT 0 219810 in 31.68s]
18:58:13  17 of 28 START sql incremental model mart.mart_meter_performance_5min .......... [RUN]
18:58:37  17 of 28 OK created sql incremental model mart.mart_meter_performance_5min ..... [INSERT 0 191266 in 23.95s]
18:58:37  18 of 28 START sql incremental model mart.mart_sensor_measurements_5min ........ [RUN]
18:58:40  18 of 28 OK created sql incremental model mart.mart_sensor_measurements_5min ... [INSERT 0 85708 in 3.07s]
18:58:40  19 of 28 START sql table model mart.mart_simulation_targets_monthly ............ [RUN]
18:58:40  19 of 28 OK created sql table model mart.mart_simulation_targets_monthly ....... [SELECT 558 in 0.15s]
18:58:40  20 of 28 START sql incremental model mart.mart_inverter_yield_daily ............ [RUN]
19:00:02  20 of 28 OK created sql incremental model mart.mart_inverter_yield_daily ....... [INSERT 0 192 in 82.06s]
19:00:02  21 of 28 START sql incremental model mart.fact_sensor_calculations_5min ........ [RUN]
19:00:04  21 of 28 OK created sql incremental model mart.fact_sensor_calculations_5min ... [INSERT 0 19193 in 1.45s]
19:00:04  22 of 28 START sql incremental model mart.mart_sensor_daily .................... [RUN]
19:01:16  22 of 28 OK created sql incremental model mart.mart_sensor_daily ............... [INSERT 0 82 in 71.97s]
19:01:16  23 of 28 START sql incremental model mart.fact_inverter_calculations_5min ...... [RUN]
19:01:19  23 of 28 OK created sql incremental model mart.fact_inverter_calculations_5min . [INSERT 0 41762 in 1.80s]
19:01:19  24 of 28 START sql incremental model mart.fact_site_calculations_5min .......... [RUN]
19:01:33  24 of 28 OK created sql incremental model mart.fact_site_calculations_5min ..... [INSERT 0 5922 in 13.57s]
19:01:33  25 of 28 START sql incremental model mart.mart_site_performance_daily .......... [RUN]
19:03:03  25 of 28 ERROR creating sql incremental model mart.mart_site_performance_daily . [ERROR in 90.15s]
19:03:03  26 of 28 SKIP relation mart.mart_site_performance_monthly ...................... [SKIP]
19:03:03  27 of 28 SKIP relation mart.mart_string_performance_daily ...................... [SKIP]
19:03:03  28 of 28 SKIP relation mart.mart_string_performance_monthly .................... [SKIP]
19:03:03  
19:03:03  Finished running 12 incremental models, 15 table models, 1 view model in 0 hours 31 minutes and 59.51 seconds (1919.51s).
19:03:04  
19:03:04  Completed with 1 error, 0 partial successes, and 0 warnings:
19:03:04  
19:03:04  Failure in model mart_site_performance_daily (models\marts\mart_site_performance_daily.sql)
19:03:04    Database Error in model mart_site_performance_daily (models\marts\mart_site_performance_daily.sql)
  kolom « issue_date_remarks » tidak ada
  LINE 14: ...ity_kw", "tariff", "site_order", "is_issue_date", "issue_dat...
                                                                ^
  DETAIL:  Ada kolom bernama « issue_date_remarks » pada table « mart_site_performance_daily », tapi tidak dapat direferensikan pada bagian query ini.
  compiled code at target\run\mmsr_solar_data\models\marts\mart_site_performance_daily.sql
19:03:04  
19:03:04    compiled code at target\compiled\mmsr_solar_data\models\marts\mart_site_performance_daily.sql
19:03:04  
19:03:04  Done. PASS=24 WARN=0 ERROR=1 SKIP=3 NO-OP=0 TOTAL=28

2026-05-14 02:03:06,641 - __main__ - ERROR - dbt run failed.
