2026-05-07 17:53:05,728 - root - INFO - Database URL constructed: postgresql://juice:***@10.101.4.88:5432/MMSR
2026-05-07 17:53:07,278 - root - INFO - Database engine initialized at module import
2026-05-07 17:53:07,298 - root - INFO - Database URL constructed: postgresql://juice:***@10.101.4.88:5432/MMSR
2026-05-07 17:53:07,304 - __main__ - INFO - ================================================================================
2026-05-07 17:53:07,304 - __main__ - INFO - Starting MMSR Daily Pipeline
2026-05-07 17:53:07,305 - __main__ - INFO - ================================================================================
2026-05-07 17:53:07,305 - __main__ - INFO - Processing date: 2026-05-06
2026-05-07 17:53:07,305 - __main__ - INFO - Step 1: Running parallel ingestion...
2026-05-07 17:53:07,305 - __main__ - INFO - Starting parallel ingestion for FusionSolar and iSolarCloud
2026-05-07 17:53:07,306 - __main__ - INFO - Starting FusionSolar ingestion for 2026-05-06 to 2026-05-06
2026-05-07 17:53:07,306 - __main__ - INFO - Starting iSolarCloud ingestion for 2026-05-06 to 2026-05-06
2026-05-07 17:53:07,306 - fusionsolar.tasks - INFO - Starting FusionSolar ingestion for date range: 2026-05-06 to 2026-05-06
2026-05-07 17:53:07,307 - isolarcloud.tasks - INFO - Starting iSolarCloud ingestion for date range: 2026-05-06 to 2026-05-06
2026-05-07 17:53:07,307 - fusionsolar.tasks - INFO - Initializing database connection
2026-05-07 17:53:07,307 - isolarcloud.tasks - INFO - Initializing database connection
2026-05-07 17:53:07,307 - fusionsolar.tasks - INFO - Database initialized successfully
2026-05-07 17:53:07,309 - fusionsolar.tasks - INFO - Logging in to FusionSolar API
2026-05-07 17:53:07,309 - root - INFO - Attempting to login to FusionSolar API at https://sg5.fusionsolar.huawei.com/thirdData/login
2026-05-07 17:53:07,413 - root - INFO - PostgreSQL database initialized successfully.
2026-05-07 17:53:07,413 - isolarcloud.tasks - INFO - Database initialized successfully
2026-05-07 17:53:07,413 - isolarcloud.tasks - INFO - Logging in to iSolarCloud API
2026-05-07 17:53:07,934 - root - INFO - Successfully logged into iSolarCloud.
2026-05-07 17:53:07,935 - isolarcloud.tasks - INFO - iSolarCloud API login successful
2026-05-07 17:53:07,936 - isolarcloud.tasks - INFO - Fetching historical data from 2026-05-06 to 2026-05-06
2026-05-07 17:53:07,941 - root - INFO - Login response status code: 200
2026-05-07 17:53:07,945 - root - INFO - Successfully logged into FusionSolar.
2026-05-07 17:53:07,947 - fusionsolar.tasks - INFO - FusionSolar API login successful
2026-05-07 17:53:07,948 - fusionsolar.tasks - INFO - Fetching historical data from 2026-05-06 to 2026-05-06
2026-05-07 17:53:07,952 - root - INFO - Database engine initialized in data_processing module
2026-05-07 17:53:07,985 - root - INFO - PostgreSQL database initialized successfully.
2026-05-07 17:53:07,985 - root - INFO - Database engine initialized in data processing module
2026-05-07 17:53:07,987 - root - INFO - Preparing to fetch historical data from 2026-05-06 to 2026-05-06
2026-05-07 17:53:07,997 - root - INFO - Parsing install_date for 347 devices...
2026-05-07 17:53:07,999 - root - INFO - Finished parsing install_dates. Parsed: 347, Failed: 0, None from DB: 0
2026-05-07 17:53:07,999 - root - INFO - Filtering for device types: meter,inverter,meteo_station
2026-05-07 17:53:08,013 - root - INFO - Filtered to 325 devices matching specified types.
2026-05-07 17:53:08,014 - root - INFO - Found 236 devices matching the filter criteria.
2026-05-07 17:53:08,014 - root - INFO - Processing batch from 2026-05-06 to 2026-05-06
2026-05-07 17:53:08,015 - root - INFO - Batch 2026-05-06 to 2026-05-06: Total devices considered: 325, Eligible by install_date: 325
2026-05-07 17:53:08,017 - root - INFO - Processing day-batch: 2026-05-06 for 325 devices.
2026-05-07 17:53:08,017 - root - INFO - Processing 236 devices fetched from DB. Parsing and verifying grid_connection_dates...
2026-05-07 17:53:08,018 - root - INFO - Processing 8 intervals in parallel with 8 workers
2026-05-07 17:53:08,020 - root - INFO - Finished parsing Grid Connection Dates. Total devices processed: 236.
2026-05-07 17:53:08,020 - root - INFO -   GCDs initially None/Empty from DB: 0
2026-05-07 17:53:08,021 - root - INFO - Fetching minute data with payload: {'ps_key_list': ['1680199_7_10_2', '1680199_7_18_1', '1680199_7_13_2', '1680199_7_17_1', '1680199_7_12_1', '1680199_7_16_1', '1680199_7_15_1', '1680199_7_14_1', '1680199_7_21_1', '1680199_7_15_2', '1680199_7_20_1', '1680199_7_19_1', '1680199_7_14_2'], 'points': 'p8030,p8031,p8032,p8033,p8018,p8014', 'start_time_stamp': '20260506000000', 'end_time_stamp': '20260506030000', 'minute_interval': 5}
2026-05-07 17:53:08,021 - root - INFO -   Successfully parsed/converted to datetime (UTC): 236
2026-05-07 17:53:08,022 - root - INFO - Fetching minute data with payload: {'ps_key_list': ['1680199_7_10_2', '1680199_7_18_1', '1680199_7_13_2', '1680199_7_17_1', '1680199_7_12_1', '1680199_7_16_1', '1680199_7_15_1', '1680199_7_14_1', '1680199_7_21_1', '1680199_7_15_2', '1680199_7_20_1', '1680199_7_19_1', '1680199_7_14_2'], 'points': 'p8030,p8031,p8032,p8033,p8018,p8014', 'start_time_stamp': '20260506030000', 'end_time_stamp': '20260506060000', 'minute_interval': 5}
2026-05-07 17:53:08,022 - root - INFO - Fetching minute data with payload: {'ps_key_list': ['1680199_7_10_2', '1680199_7_18_1', '1680199_7_13_2', '1680199_7_17_1', '1680199_7_12_1', '1680199_7_16_1', '1680199_7_15_1', '1680199_7_14_1', '1680199_7_21_1', '1680199_7_15_2', '1680199_7_20_1', '1680199_7_19_1', '1680199_7_14_2'], 'points': 'p8030,p8031,p8032,p8033,p8018,p8014', 'start_time_stamp': '20260506060000', 'end_time_stamp': '20260506090000', 'minute_interval': 5}
2026-05-07 17:53:08,023 - root - INFO - Fetching minute data with payload: {'ps_key_list': ['1680199_7_10_2', '1680199_7_18_1', '1680199_7_13_2', '1680199_7_17_1', '1680199_7_12_1', '1680199_7_16_1', '1680199_7_15_1', '1680199_7_14_1', '1680199_7_21_1', '1680199_7_15_2', '1680199_7_20_1', '1680199_7_19_1', '1680199_7_14_2'], 'points': 'p8030,p8031,p8032,p8033,p8018,p8014', 'start_time_stamp': '20260506090000', 'end_time_stamp': '20260506120000', 'minute_interval': 5}
2026-05-07 17:53:08,025 - root - INFO - Fetching minute data with payload: {'ps_key_list': ['1680199_7_10_2', '1680199_7_18_1', '1680199_7_13_2', '1680199_7_17_1', '1680199_7_12_1', '1680199_7_16_1', '1680199_7_15_1', '1680199_7_14_1', '1680199_7_21_1', '1680199_7_15_2', '1680199_7_20_1', '1680199_7_19_1', '1680199_7_14_2'], 'points': 'p8030,p8031,p8032,p8033,p8018,p8014', 'start_time_stamp': '20260506120000', 'end_time_stamp': '20260506150000', 'minute_interval': 5}
2026-05-07 17:53:08,025 - root - INFO -   Failed to parse non-empty values (now None): 0
2026-05-07 17:53:08,026 - root - INFO - Fetching minute data with payload: {'ps_key_list': ['1680199_7_10_2', '1680199_7_18_1', '1680199_7_13_2', '1680199_7_17_1', '1680199_7_12_1', '1680199_7_16_1', '1680199_7_15_1', '1680199_7_14_1', '1680199_7_21_1', '1680199_7_15_2', '1680199_7_20_1', '1680199_7_19_1', '1680199_7_14_2'], 'points': 'p8030,p8031,p8032,p8033,p8018,p8014', 'start_time_stamp': '20260506150000', 'end_time_stamp': '20260506180000', 'minute_interval': 5}
2026-05-07 17:53:08,027 - root - INFO - Fetching minute data with payload: {'ps_key_list': ['1680199_7_10_2', '1680199_7_18_1', '1680199_7_13_2', '1680199_7_17_1', '1680199_7_12_1', '1680199_7_16_1', '1680199_7_15_1', '1680199_7_14_1', '1680199_7_21_1', '1680199_7_15_2', '1680199_7_20_1', '1680199_7_19_1', '1680199_7_14_2'], 'points': 'p8030,p8031,p8032,p8033,p8018,p8014', 'start_time_stamp': '20260506180000', 'end_time_stamp': '20260506210000', 'minute_interval': 5}
2026-05-07 17:53:08,028 - root - INFO - Fetching minute data with payload: {'ps_key_list': ['1680199_7_10_2', '1680199_7_18_1', '1680199_7_13_2', '1680199_7_17_1', '1680199_7_12_1', '1680199_7_16_1', '1680199_7_15_1', '1680199_7_14_1', '1680199_7_21_1', '1680199_7_15_2', '1680199_7_20_1', '1680199_7_19_1', '1680199_7_14_2'], 'points': 'p8030,p8031,p8032,p8033,p8018,p8014', 'start_time_stamp': '20260506210000', 'end_time_stamp': '20260506235959', 'minute_interval': 5}
2026-05-07 17:53:08,032 - root - INFO - Starting main batch processing loop. Total devices to consider: 236.
2026-05-07 17:53:08,711 - root - INFO - Processing data from 2026-05-05 to 2026-05-06
2026-05-07 17:53:08,830 - root - INFO - Master device list count: 236. Devices eligible for this batch (ending 2026-05-06): 236.
2026-05-07 17:53:08,831 - root - WARNING - Unknown device type ID 63 for device 102555606343
2026-05-07 17:53:08,831 - root - WARNING - Unknown device type ID 23071 for device BT2560339978
2026-05-07 17:53:08,832 - root - WARNING - Unknown device type ID 63 for device 10254C346758
2026-05-07 17:53:08,832 - root - WARNING - Unknown device type ID 63 for device 1023B7436516
2026-05-07 17:53:08,833 - root - WARNING - Unknown device type ID 63 for device 1023C7355634
2026-05-07 17:53:08,833 - root - WARNING - Unknown device type ID 63 for device 1024B6566719
2026-05-07 17:53:08,834 - root - WARNING - Unknown device type ID 63 for device 1024B6566722
2026-05-07 17:53:08,834 - root - WARNING - Unknown device type ID 38 for device 102446387448
2026-05-07 17:53:08,835 - root - WARNING - Unknown device type ID 63 for device 102467487012
2026-05-07 17:53:08,835 - root - WARNING - Unknown device type ID 63 for device 102287046729
2026-05-07 17:53:08,836 - root - WARNING - Unknown device type ID 63 for device 102527099805
2026-05-07 17:53:08,836 - root - WARNING - Unknown device type ID 63 for device 102459944283
2026-05-07 17:53:08,837 - root - WARNING - Unknown device type ID 63 for device 1023A5160368
2026-05-07 17:53:08,837 - root - WARNING - Unknown device type ID 38 for device 102446387459
2026-05-07 17:53:08,838 - root - WARNING - Unknown device type ID 63 for device 102527099822
2026-05-07 17:53:08,838 - root - INFO - Using single devDn for device/history (API: one device per query)
2026-05-07 17:53:08,844 - root - INFO - Fetching historical data for 1 devices of type meter
2026-05-07 17:53:08,845 - root - INFO - Making API request to: https://sg5.fusionsolar.huawei.com/rest/openapi/pvms/nbi/v1/device/history
2026-05-07 17:53:08,845 - root - INFO - Request payload: {'devDn': 'NE=50488256', 'devTypeId': 17, 'startTime': 1778000400000, 'endTime': 1778086799000}
2026-05-07 17:53:10,793 - root - INFO - Response status code: 200
2026-05-07 17:53:10,803 - root - INFO - API response from https://sg5.fusionsolar.huawei.com/rest/openapi/pvms/nbi/v1/device/history (truncated): {'failCode': 0, 'success': True, 'message': 'historical data information query successful.', 'data': [{'devDn': 'NE=50488256', 'collectTime': 1778000400000, 'dataItems': {'active_cap': 209.42, 'power_factor': 0.0, 'a_i': 0.0, 'c_i': 0.0, 'b_i': 0.0, 'reverse_reactive_valley': None, 'positive_reactive_peak': None, 'reverse_reactive_peak': None, 'reverse_active_peak': None, 'positive_active_peak': None, 'a_u': 0.0, 'reactive_power': 0.0, 'c_u': 0.0, 'total_apparent_power': 0.0, 'bc_u': 746.13, 'b_...
2026-05-07 17:53:10,807 - root - INFO - API Response type: <class 'dict'>
2026-05-07 17:53:10,808 - root - INFO - API Response keys: ['failCode', 'success', 'message', 'data']
2026-05-07 17:53:10,808 - root - INFO - API Response data is a list with 288 items
2026-05-07 17:53:10,808 - root - INFO - API Response has failCode: 0, message: historical data information query successful.
2026-05-07 17:53:10,809 - root - INFO - Using alternate response format: data as list
2026-05-07 17:53:10,809 - root - INFO - Received 288 data points from API
2026-05-07 17:53:10,809 - root - INFO - Sample data point structure: ['devDn', 'collectTime', 'dataItems']
2026-05-07 17:53:11,065 - root - INFO - Successfully upserted 288 data points.
2026-05-07 17:53:11,302 - root - INFO - Successfully upserted 296 data points.
2026-05-07 17:53:11,304 - root - INFO - Fetching minute data with payload: {'ps_key_list': ['1680199_1_9_2', '1680199_1_7_1', '1680199_1_4_1', '1680199_1_8_2', '1680199_1_7_2', '1680199_1_6_2', '1680199_1_4_2', '1680199_1_1_2', '1680199_1_5_2', '1680199_1_3_2', '1680199_1_2_2', '1680199_1_2_1', '1680199_1_1_1', '1680199_1_3_1', '1680199_1_6_1', '1680199_1_9_1', '1680199_1_10_1', '1680199_1_8_1', '1680199_1_11_1', '1680199_1_5_1'], 'points': 'p96,p97,p98,p99,p100,p101,p102,p103,p104,p105,p106,p107,p108,p109,p110,p111,p112,p113,p7166,p7167,p7168,p7169,p7170,p7171,p70,p71,p72,p73,p74,p75,p76,p77,p78,p79,p80,p81,p82,p83,p84,p85,p92,p93,p313,p314,p315,p316,p317,p318', 'start_time_stamp': '20260506090000', 'end_time_stamp': '20260506120000', 'minute_interval': 5}
2026-05-07 17:53:11,487 - root - INFO - Successfully upserted 296 data points.
2026-05-07 17:53:11,489 - root - INFO - Fetching minute data with payload: {'ps_key_list': ['1680199_1_9_2', '1680199_1_7_1', '1680199_1_4_1', '1680199_1_8_2', '1680199_1_7_2', '1680199_1_6_2', '1680199_1_4_2', '1680199_1_1_2', '1680199_1_5_2', '1680199_1_3_2', '1680199_1_2_2', '1680199_1_2_1', '1680199_1_1_1', '1680199_1_3_1', '1680199_1_6_1', '1680199_1_9_1', '1680199_1_10_1', '1680199_1_8_1', '1680199_1_11_1', '1680199_1_5_1'], 'points': 'p96,p97,p98,p99,p100,p101,p102,p103,p104,p105,p106,p107,p108,p109,p110,p111,p112,p113,p7166,p7167,p7168,p7169,p7170,p7171,p70,p71,p72,p73,p74,p75,p76,p77,p78,p79,p80,p81,p82,p83,p84,p85,p92,p93,p313,p314,p315,p316,p317,p318', 'start_time_stamp': '20260506060000', 'end_time_stamp': '20260506090000', 'minute_interval': 5}
2026-05-07 17:53:11,509 - root - INFO - Successfully upserted 296 data points.
2026-05-07 17:53:11,510 - root - INFO - Fetching minute data with payload: {'ps_key_list': ['1680199_1_9_2', '1680199_1_7_1', '1680199_1_4_1', '1680199_1_8_2', '1680199_1_7_2', '1680199_1_6_2', '1680199_1_4_2', '1680199_1_1_2', '1680199_1_5_2', '1680199_1_3_2', '1680199_1_2_2', '1680199_1_2_1', '1680199_1_1_1', '1680199_1_3_1', '1680199_1_6_1', '1680199_1_9_1', '1680199_1_10_1', '1680199_1_8_1', '1680199_1_11_1', '1680199_1_5_1'], 'points': 'p96,p97,p98,p99,p100,p101,p102,p103,p104,p105,p106,p107,p108,p109,p110,p111,p112,p113,p7166,p7167,p7168,p7169,p7170,p7171,p70,p71,p72,p73,p74,p75,p76,p77,p78,p79,p80,p81,p82,p83,p84,p85,p92,p93,p313,p314,p315,p316,p317,p318', 'start_time_stamp': '20260506120000', 'end_time_stamp': '20260506150000', 'minute_interval': 5}
2026-05-07 17:53:11,540 - root - INFO - Successfully upserted 296 data points.
2026-05-07 17:53:11,540 - root - INFO - Fetching minute data with payload: {'ps_key_list': ['1680199_1_9_2', '1680199_1_7_1', '1680199_1_4_1', '1680199_1_8_2', '1680199_1_7_2', '1680199_1_6_2', '1680199_1_4_2', '1680199_1_1_2', '1680199_1_5_2', '1680199_1_3_2', '1680199_1_2_2', '1680199_1_2_1', '1680199_1_1_1', '1680199_1_3_1', '1680199_1_6_1', '1680199_1_9_1', '1680199_1_10_1', '1680199_1_8_1', '1680199_1_11_1', '1680199_1_5_1'], 'points': 'p96,p97,p98,p99,p100,p101,p102,p103,p104,p105,p106,p107,p108,p109,p110,p111,p112,p113,p7166,p7167,p7168,p7169,p7170,p7171,p70,p71,p72,p73,p74,p75,p76,p77,p78,p79,p80,p81,p82,p83,p84,p85,p92,p93,p313,p314,p315,p316,p317,p318', 'start_time_stamp': '20260506180000', 'end_time_stamp': '20260506210000', 'minute_interval': 5}
2026-05-07 17:53:11,654 - root - INFO - Successfully upserted 296 data points.
2026-05-07 17:53:11,655 - root - INFO - Fetching minute data with payload: {'ps_key_list': ['1680199_1_9_2', '1680199_1_7_1', '1680199_1_4_1', '1680199_1_8_2', '1680199_1_7_2', '1680199_1_6_2', '1680199_1_4_2', '1680199_1_1_2', '1680199_1_5_2', '1680199_1_3_2', '1680199_1_2_2', '1680199_1_2_1', '1680199_1_1_1', '1680199_1_3_1', '1680199_1_6_1', '1680199_1_9_1', '1680199_1_10_1', '1680199_1_8_1', '1680199_1_11_1', '1680199_1_5_1'], 'points': 'p96,p97,p98,p99,p100,p101,p102,p103,p104,p105,p106,p107,p108,p109,p110,p111,p112,p113,p7166,p7167,p7168,p7169,p7170,p7171,p70,p71,p72,p73,p74,p75,p76,p77,p78,p79,p80,p81,p82,p83,p84,p85,p92,p93,p313,p314,p315,p316,p317,p318', 'start_time_stamp': '20260506030000', 'end_time_stamp': '20260506060000', 'minute_interval': 5}
2026-05-07 17:53:11,724 - root - INFO - Successfully upserted 288 data points.
2026-05-07 17:53:11,738 - root - INFO - Fetching minute data with payload: {'ps_key_list': ['1680199_1_9_2', '1680199_1_7_1', '1680199_1_4_1', '1680199_1_8_2', '1680199_1_7_2', '1680199_1_6_2', '1680199_1_4_2', '1680199_1_1_2', '1680199_1_5_2', '1680199_1_3_2', '1680199_1_2_2', '1680199_1_2_1', '1680199_1_1_1', '1680199_1_3_1', '1680199_1_6_1', '1680199_1_9_1', '1680199_1_10_1', '1680199_1_8_1', '1680199_1_11_1', '1680199_1_5_1'], 'points': 'p96,p97,p98,p99,p100,p101,p102,p103,p104,p105,p106,p107,p108,p109,p110,p111,p112,p113,p7166,p7167,p7168,p7169,p7170,p7171,p70,p71,p72,p73,p74,p75,p76,p77,p78,p79,p80,p81,p82,p83,p84,p85,p92,p93,p313,p314,p315,p316,p317,p318', 'start_time_stamp': '20260506210000', 'end_time_stamp': '20260506235959', 'minute_interval': 5}
2026-05-07 17:53:11,791 - root - INFO - Successfully upserted 296 data points.
2026-05-07 17:53:11,796 - root - INFO - Fetching minute data with payload: {'ps_key_list': ['1680199_1_9_2', '1680199_1_7_1', '1680199_1_4_1', '1680199_1_8_2', '1680199_1_7_2', '1680199_1_6_2', '1680199_1_4_2', '1680199_1_1_2', '1680199_1_5_2', '1680199_1_3_2', '1680199_1_2_2', '1680199_1_2_1', '1680199_1_1_1', '1680199_1_3_1', '1680199_1_6_1', '1680199_1_9_1', '1680199_1_10_1', '1680199_1_8_1', '1680199_1_11_1', '1680199_1_5_1'], 'points': 'p96,p97,p98,p99,p100,p101,p102,p103,p104,p105,p106,p107,p108,p109,p110,p111,p112,p113,p7166,p7167,p7168,p7169,p7170,p7171,p70,p71,p72,p73,p74,p75,p76,p77,p78,p79,p80,p81,p82,p83,p84,p85,p92,p93,p313,p314,p315,p316,p317,p318', 'start_time_stamp': '20260506000000', 'end_time_stamp': '20260506030000', 'minute_interval': 5}
2026-05-07 17:53:11,895 - root - INFO - Successfully upserted 296 data points.
2026-05-07 17:53:11,939 - root - INFO - Fetching minute data with payload: {'ps_key_list': ['1680199_1_9_2', '1680199_1_7_1', '1680199_1_4_1', '1680199_1_8_2', '1680199_1_7_2', '1680199_1_6_2', '1680199_1_4_2', '1680199_1_1_2', '1680199_1_5_2', '1680199_1_3_2', '1680199_1_2_2', '1680199_1_2_1', '1680199_1_1_1', '1680199_1_3_1', '1680199_1_6_1', '1680199_1_9_1', '1680199_1_10_1', '1680199_1_8_1', '1680199_1_11_1', '1680199_1_5_1'], 'points': 'p96,p97,p98,p99,p100,p101,p102,p103,p104,p105,p106,p107,p108,p109,p110,p111,p112,p113,p7166,p7167,p7168,p7169,p7170,p7171,p70,p71,p72,p73,p74,p75,p76,p77,p78,p79,p80,p81,p82,p83,p84,p85,p92,p93,p313,p314,p315,p316,p317,p318', 'start_time_stamp': '20260506150000', 'end_time_stamp': '20260506180000', 'minute_interval': 5}
2026-05-07 17:53:14,680 - root - INFO - Successfully upserted 666 data points.
2026-05-07 17:53:14,681 - root - INFO - Fetching minute data with payload: {'ps_key_list': ['1680199_5_10_1', '1680199_5_12_2', '1680199_5_11_2', '1680199_5_16_1', '1680199_5_15_1', '1680199_5_14_1', '1680199_5_13_1', '1680199_5_11_1', '1680199_5_12_1'], 'points': 'p2003,p2001,p2005,p2007,p2009,p2010,p2022,p2016,p2012', 'start_time_stamp': '20260506090000', 'end_time_stamp': '20260506120000', 'minute_interval': 5}
2026-05-07 17:53:15,234 - root - INFO - Successfully upserted 648 data points.
2026-05-07 17:53:15,235 - root - INFO - Fetching minute data with payload: {'ps_key_list': ['1680199_5_10_1', '1680199_5_12_2', '1680199_5_11_2', '1680199_5_16_1', '1680199_5_15_1', '1680199_5_14_1', '1680199_5_13_1', '1680199_5_11_1', '1680199_5_12_1'], 'points': 'p2003,p2001,p2005,p2007,p2009,p2010,p2022,p2016,p2012', 'start_time_stamp': '20260506210000', 'end_time_stamp': '20260506235959', 'minute_interval': 5}
2026-05-07 17:53:15,394 - root - INFO - Successfully upserted 666 data points.
2026-05-07 17:53:15,394 - root - INFO - Fetching minute data with payload: {'ps_key_list': ['1680199_5_10_1', '1680199_5_12_2', '1680199_5_11_2', '1680199_5_16_1', '1680199_5_15_1', '1680199_5_14_1', '1680199_5_13_1', '1680199_5_11_1', '1680199_5_12_1'], 'points': 'p2003,p2001,p2005,p2007,p2009,p2010,p2022,p2016,p2012', 'start_time_stamp': '20260506120000', 'end_time_stamp': '20260506150000', 'minute_interval': 5}
2026-05-07 17:53:15,563 - root - INFO - Successfully upserted 666 data points.
2026-05-07 17:53:15,564 - root - INFO - Fetching minute data with payload: {'ps_key_list': ['1680199_5_10_1', '1680199_5_12_2', '1680199_5_11_2', '1680199_5_16_1', '1680199_5_15_1', '1680199_5_14_1', '1680199_5_13_1', '1680199_5_11_1', '1680199_5_12_1'], 'points': 'p2003,p2001,p2005,p2007,p2009,p2010,p2022,p2016,p2012', 'start_time_stamp': '20260506000000', 'end_time_stamp': '20260506030000', 'minute_interval': 5}
2026-05-07 17:53:15,664 - root - INFO - Successfully upserted 666 data points.
2026-05-07 17:53:15,665 - root - INFO - Fetching minute data with payload: {'ps_key_list': ['1680199_5_10_1', '1680199_5_12_2', '1680199_5_11_2', '1680199_5_16_1', '1680199_5_15_1', '1680199_5_14_1', '1680199_5_13_1', '1680199_5_11_1', '1680199_5_12_1'], 'points': 'p2003,p2001,p2005,p2007,p2009,p2010,p2022,p2016,p2012', 'start_time_stamp': '20260506180000', 'end_time_stamp': '20260506210000', 'minute_interval': 5}
2026-05-07 17:53:15,756 - root - INFO - Using single devDn for device/history (API: one device per query)
2026-05-07 17:53:15,783 - root - INFO - Fetching historical data for 1 devices of type meter
2026-05-07 17:53:15,784 - root - INFO - Making API request to: https://sg5.fusionsolar.huawei.com/rest/openapi/pvms/nbi/v1/device/history
2026-05-07 17:53:15,784 - root - INFO - Successfully upserted 666 data points.
2026-05-07 17:53:15,785 - root - INFO - Request payload: {'devDn': 'NE=50586462', 'devTypeId': 17, 'startTime': 1778000400000, 'endTime': 1778086799000}
2026-05-07 17:53:15,785 - root - INFO - Fetching minute data with payload: {'ps_key_list': ['1680199_5_10_1', '1680199_5_12_2', '1680199_5_11_2', '1680199_5_16_1', '1680199_5_15_1', '1680199_5_14_1', '1680199_5_13_1', '1680199_5_11_1', '1680199_5_12_1'], 'points': 'p2003,p2001,p2005,p2007,p2009,p2010,p2022,p2016,p2012', 'start_time_stamp': '20260506060000', 'end_time_stamp': '20260506090000', 'minute_interval': 5}
2026-05-07 17:53:16,109 - root - INFO - Successfully upserted 666 data points.
2026-05-07 17:53:16,109 - root - INFO - Fetching minute data with payload: {'ps_key_list': ['1680199_5_10_1', '1680199_5_12_2', '1680199_5_11_2', '1680199_5_16_1', '1680199_5_15_1', '1680199_5_14_1', '1680199_5_13_1', '1680199_5_11_1', '1680199_5_12_1'], 'points': 'p2003,p2001,p2005,p2007,p2009,p2010,p2022,p2016,p2012', 'start_time_stamp': '20260506150000', 'end_time_stamp': '20260506180000', 'minute_interval': 5}
2026-05-07 17:53:16,222 - root - INFO - Successfully upserted 666 data points.
2026-05-07 17:53:16,222 - root - INFO - Fetching minute data with payload: {'ps_key_list': ['1680199_5_10_1', '1680199_5_12_2', '1680199_5_11_2', '1680199_5_16_1', '1680199_5_15_1', '1680199_5_14_1', '1680199_5_13_1', '1680199_5_11_1', '1680199_5_12_1'], 'points': 'p2003,p2001,p2005,p2007,p2009,p2010,p2022,p2016,p2012', 'start_time_stamp': '20260506030000', 'end_time_stamp': '20260506060000', 'minute_interval': 5}
2026-05-07 17:53:17,405 - root - INFO - Successfully upserted 222 data points.
2026-05-07 17:53:17,405 - root - INFO - Fetching minute data with payload: {'ps_key_list': ['1458125_7_17_1', '1458125_7_45_1', '1458125_7_44_1', '1458125_7_48_1', '1458125_7_46_1', '1458125_7_9_1', '1458125_7_7_1', '1458125_7_37_1', '1458125_7_5_1', '1458125_7_42_1', '1458125_7_41_1', '1458125_7_40_1', '1458125_7_39_1', '1458125_7_36_1', '1458125_7_34_1', '1458125_7_33_1', '1458125_7_32_1', '1458125_7_31_1', '1458125_7_30_1', '1458125_7_29_1', '1458125_7_27_1', '1458125_7_26_1', '1458125_7_38_1', '1458125_7_47_1', '1458125_7_43_1', '1458125_7_2_1', '1458125_7_1_1', '1458125_7_4_1', '1458125_7_3_1', '1458125_7_6_1', '1458125_7_35_1', '1458125_7_28_1', '1458125_7_25_1', '1458125_7_24_1'], 'points': 'p8030,p8031,p8032,p8033,p8018,p8014', 'start_time_stamp': '20260506090000', 'end_time_stamp': '20260506120000', 'minute_interval': 5}
2026-05-07 17:53:17,508 - root - INFO - Response status code: 200
2026-05-07 17:53:17,519 - root - INFO - API response from https://sg5.fusionsolar.huawei.com/rest/openapi/pvms/nbi/v1/device/history (truncated): {'failCode': 0, 'success': True, 'message': 'historical data information query successful.', 'data': [{'devDn': 'NE=50586462', 'collectTime': 1778000400000, 'dataItems': {'active_cap': 3670.19, 'power_factor': 0.0, 'a_i': 0.0, 'c_i': 0.0, 'b_i': 0.0, 'reverse_reactive_valley': None, 'positive_reactive_peak': None, 'reverse_reactive_peak': None, 'reverse_active_peak': None, 'positive_active_peak': None, 'a_u': 11166.06, 'reactive_power': 0.0, 'c_u': 11133.51, 'total_apparent_power': 0.0, 'bc_u': ...
2026-05-07 17:53:17,524 - root - INFO - API Response type: <class 'dict'>
2026-05-07 17:53:17,524 - root - INFO - API Response keys: ['failCode', 'success', 'message', 'data']
2026-05-07 17:53:17,525 - root - INFO - API Response data is a list with 288 items
2026-05-07 17:53:17,525 - root - INFO - API Response has failCode: 0, message: historical data information query successful.
2026-05-07 17:53:17,525 - root - INFO - Using alternate response format: data as list
2026-05-07 17:53:17,526 - root - INFO - Received 288 data points from API
2026-05-07 17:53:17,526 - root - INFO - Sample data point structure: ['devDn', 'collectTime', 'dataItems']
2026-05-07 17:53:17,675 - root - INFO - Successfully upserted 288 data points.
2026-05-07 17:53:18,153 - root - INFO - Successfully upserted 216 data points.
2026-05-07 17:53:18,154 - root - INFO - Fetching minute data with payload: {'ps_key_list': ['1458125_7_17_1', '1458125_7_45_1', '1458125_7_44_1', '1458125_7_48_1', '1458125_7_46_1', '1458125_7_9_1', '1458125_7_7_1', '1458125_7_37_1', '1458125_7_5_1', '1458125_7_42_1', '1458125_7_41_1', '1458125_7_40_1', '1458125_7_39_1', '1458125_7_36_1', '1458125_7_34_1', '1458125_7_33_1', '1458125_7_32_1', '1458125_7_31_1', '1458125_7_30_1', '1458125_7_29_1', '1458125_7_27_1', '1458125_7_26_1', '1458125_7_38_1', '1458125_7_47_1', '1458125_7_43_1', '1458125_7_2_1', '1458125_7_1_1', '1458125_7_4_1', '1458125_7_3_1', '1458125_7_6_1', '1458125_7_35_1', '1458125_7_28_1', '1458125_7_25_1', '1458125_7_24_1'], 'points': 'p8030,p8031,p8032,p8033,p8018,p8014', 'start_time_stamp': '20260506210000', 'end_time_stamp': '20260506235959', 'minute_interval': 5}
2026-05-07 17:53:18,462 - root - INFO - Successfully upserted 222 data points.
2026-05-07 17:53:18,462 - root - INFO - Fetching minute data with payload: {'ps_key_list': ['1458125_7_17_1', '1458125_7_45_1', '1458125_7_44_1', '1458125_7_48_1', '1458125_7_46_1', '1458125_7_9_1', '1458125_7_7_1', '1458125_7_37_1', '1458125_7_5_1', '1458125_7_42_1', '1458125_7_41_1', '1458125_7_40_1', '1458125_7_39_1', '1458125_7_36_1', '1458125_7_34_1', '1458125_7_33_1', '1458125_7_32_1', '1458125_7_31_1', '1458125_7_30_1', '1458125_7_29_1', '1458125_7_27_1', '1458125_7_26_1', '1458125_7_38_1', '1458125_7_47_1', '1458125_7_43_1', '1458125_7_2_1', '1458125_7_1_1', '1458125_7_4_1', '1458125_7_3_1', '1458125_7_6_1', '1458125_7_35_1', '1458125_7_28_1', '1458125_7_25_1', '1458125_7_24_1'], 'points': 'p8030,p8031,p8032,p8033,p8018,p8014', 'start_time_stamp': '20260506120000', 'end_time_stamp': '20260506150000', 'minute_interval': 5}
2026-05-07 17:53:18,656 - root - INFO - Successfully upserted 222 data points.
2026-05-07 17:53:18,657 - root - INFO - Fetching minute data with payload: {'ps_key_list': ['1458125_7_17_1', '1458125_7_45_1', '1458125_7_44_1', '1458125_7_48_1', '1458125_7_46_1', '1458125_7_9_1', '1458125_7_7_1', '1458125_7_37_1', '1458125_7_5_1', '1458125_7_42_1', '1458125_7_41_1', '1458125_7_40_1', '1458125_7_39_1', '1458125_7_36_1', '1458125_7_34_1', '1458125_7_33_1', '1458125_7_32_1', '1458125_7_31_1', '1458125_7_30_1', '1458125_7_29_1', '1458125_7_27_1', '1458125_7_26_1', '1458125_7_38_1', '1458125_7_47_1', '1458125_7_43_1', '1458125_7_2_1', '1458125_7_1_1', '1458125_7_4_1', '1458125_7_3_1', '1458125_7_6_1', '1458125_7_35_1', '1458125_7_28_1', '1458125_7_25_1', '1458125_7_24_1'], 'points': 'p8030,p8031,p8032,p8033,p8018,p8014', 'start_time_stamp': '20260506180000', 'end_time_stamp': '20260506210000', 'minute_interval': 5}
2026-05-07 17:53:18,807 - root - INFO - Successfully upserted 222 data points.
2026-05-07 17:53:18,809 - root - INFO - Fetching minute data with payload: {'ps_key_list': ['1458125_7_17_1', '1458125_7_45_1', '1458125_7_44_1', '1458125_7_48_1', '1458125_7_46_1', '1458125_7_9_1', '1458125_7_7_1', '1458125_7_37_1', '1458125_7_5_1', '1458125_7_42_1', '1458125_7_41_1', '1458125_7_40_1', '1458125_7_39_1', '1458125_7_36_1', '1458125_7_34_1', '1458125_7_33_1', '1458125_7_32_1', '1458125_7_31_1', '1458125_7_30_1', '1458125_7_29_1', '1458125_7_27_1', '1458125_7_26_1', '1458125_7_38_1', '1458125_7_47_1', '1458125_7_43_1', '1458125_7_2_1', '1458125_7_1_1', '1458125_7_4_1', '1458125_7_3_1', '1458125_7_6_1', '1458125_7_35_1', '1458125_7_28_1', '1458125_7_25_1', '1458125_7_24_1'], 'points': 'p8030,p8031,p8032,p8033,p8018,p8014', 'start_time_stamp': '20260506060000', 'end_time_stamp': '20260506090000', 'minute_interval': 5}
2026-05-07 17:53:18,843 - root - INFO - Successfully upserted 222 data points.
2026-05-07 17:53:18,844 - root - INFO - Fetching minute data with payload: {'ps_key_list': ['1458125_7_17_1', '1458125_7_45_1', '1458125_7_44_1', '1458125_7_48_1', '1458125_7_46_1', '1458125_7_9_1', '1458125_7_7_1', '1458125_7_37_1', '1458125_7_5_1', '1458125_7_42_1', '1458125_7_41_1', '1458125_7_40_1', '1458125_7_39_1', '1458125_7_36_1', '1458125_7_34_1', '1458125_7_33_1', '1458125_7_32_1', '1458125_7_31_1', '1458125_7_30_1', '1458125_7_29_1', '1458125_7_27_1', '1458125_7_26_1', '1458125_7_38_1', '1458125_7_47_1', '1458125_7_43_1', '1458125_7_2_1', '1458125_7_1_1', '1458125_7_4_1', '1458125_7_3_1', '1458125_7_6_1', '1458125_7_35_1', '1458125_7_28_1', '1458125_7_25_1', '1458125_7_24_1'], 'points': 'p8030,p8031,p8032,p8033,p8018,p8014', 'start_time_stamp': '20260506000000', 'end_time_stamp': '20260506030000', 'minute_interval': 5}
2026-05-07 17:53:18,900 - root - INFO - Successfully upserted 222 data points.
2026-05-07 17:53:18,900 - root - INFO - Fetching minute data with payload: {'ps_key_list': ['1458125_7_17_1', '1458125_7_45_1', '1458125_7_44_1', '1458125_7_48_1', '1458125_7_46_1', '1458125_7_9_1', '1458125_7_7_1', '1458125_7_37_1', '1458125_7_5_1', '1458125_7_42_1', '1458125_7_41_1', '1458125_7_40_1', '1458125_7_39_1', '1458125_7_36_1', '1458125_7_34_1', '1458125_7_33_1', '1458125_7_32_1', '1458125_7_31_1', '1458125_7_30_1', '1458125_7_29_1', '1458125_7_27_1', '1458125_7_26_1', '1458125_7_38_1', '1458125_7_47_1', '1458125_7_43_1', '1458125_7_2_1', '1458125_7_1_1', '1458125_7_4_1', '1458125_7_3_1', '1458125_7_6_1', '1458125_7_35_1', '1458125_7_28_1', '1458125_7_25_1', '1458125_7_24_1'], 'points': 'p8030,p8031,p8032,p8033,p8018,p8014', 'start_time_stamp': '20260506150000', 'end_time_stamp': '20260506180000', 'minute_interval': 5}
2026-05-07 17:53:19,064 - root - INFO - Successfully upserted 222 data points.
2026-05-07 17:53:19,064 - root - INFO - Fetching minute data with payload: {'ps_key_list': ['1458125_7_17_1', '1458125_7_45_1', '1458125_7_44_1', '1458125_7_48_1', '1458125_7_46_1', '1458125_7_9_1', '1458125_7_7_1', '1458125_7_37_1', '1458125_7_5_1', '1458125_7_42_1', '1458125_7_41_1', '1458125_7_40_1', '1458125_7_39_1', '1458125_7_36_1', '1458125_7_34_1', '1458125_7_33_1', '1458125_7_32_1', '1458125_7_31_1', '1458125_7_30_1', '1458125_7_29_1', '1458125_7_27_1', '1458125_7_26_1', '1458125_7_38_1', '1458125_7_47_1', '1458125_7_43_1', '1458125_7_2_1', '1458125_7_1_1', '1458125_7_4_1', '1458125_7_3_1', '1458125_7_6_1', '1458125_7_35_1', '1458125_7_28_1', '1458125_7_25_1', '1458125_7_24_1'], 'points': 'p8030,p8031,p8032,p8033,p8018,p8014', 'start_time_stamp': '20260506030000', 'end_time_stamp': '20260506060000', 'minute_interval': 5}
2026-05-07 17:53:20,425 - root - INFO - Successfully upserted 185 data points.
2026-05-07 17:53:20,425 - root - INFO - Fetching minute data with payload: {'ps_key_list': ['1458125_1_37_1', '1458125_1_46_1', '1458125_1_45_1', '1458125_1_44_1', '1458125_1_5_1', '1458125_1_1_1', '1458125_1_4_1', '1458125_1_3_1', '1458125_1_6_1', '1458125_1_27_1', '1458125_1_26_1', '1458125_1_39_1', '1458125_1_38_1', '1458125_1_25_1', '1458125_1_41_1', '1458125_1_40_1', '1458125_1_36_1', '1458125_1_34_1', '1458125_1_33_1', '1458125_1_32_1', '1458125_1_31_1', '1458125_1_30_1', '1458125_1_29_1', '1458125_1_42_1', '1458125_1_48_1', '1458125_1_47_1', '1458125_1_43_1', '1458125_1_35_1', '1458125_1_2_1'], 'points': 'p96,p97,p98,p99,p100,p101,p102,p103,p104,p105,p106,p107,p108,p109,p110,p111,p112,p113,p7166,p7167,p7168,p7169,p7170,p7171,p70,p71,p72,p73,p74,p75,p76,p77,p78,p79,p80,p81,p82,p83,p84,p85,p92,p93,p313,p314,p315,p316,p317,p318', 'start_time_stamp': '20260506090000', 'end_time_stamp': '20260506120000', 'minute_interval': 5}
2026-05-07 17:53:20,771 - root - INFO - Successfully upserted 180 data points.
2026-05-07 17:53:20,771 - root - INFO - Fetching minute data with payload: {'ps_key_list': ['1458125_1_37_1', '1458125_1_46_1', '1458125_1_45_1', '1458125_1_44_1', '1458125_1_5_1', '1458125_1_1_1', '1458125_1_4_1', '1458125_1_3_1', '1458125_1_6_1', '1458125_1_27_1', '1458125_1_26_1', '1458125_1_39_1', '1458125_1_38_1', '1458125_1_25_1', '1458125_1_41_1', '1458125_1_40_1', '1458125_1_36_1', '1458125_1_34_1', '1458125_1_33_1', '1458125_1_32_1', '1458125_1_31_1', '1458125_1_30_1', '1458125_1_29_1', '1458125_1_42_1', '1458125_1_48_1', '1458125_1_47_1', '1458125_1_43_1', '1458125_1_35_1', '1458125_1_2_1'], 'points': 'p96,p97,p98,p99,p100,p101,p102,p103,p104,p105,p106,p107,p108,p109,p110,p111,p112,p113,p7166,p7167,p7168,p7169,p7170,p7171,p70,p71,p72,p73,p74,p75,p76,p77,p78,p79,p80,p81,p82,p83,p84,p85,p92,p93,p313,p314,p315,p316,p317,p318', 'start_time_stamp': '20260506210000', 'end_time_stamp': '20260506235959', 'minute_interval': 5}
2026-05-07 17:53:21,135 - root - INFO - Successfully upserted 185 data points.
2026-05-07 17:53:21,135 - root - INFO - Fetching minute data with payload: {'ps_key_list': ['1458125_1_37_1', '1458125_1_46_1', '1458125_1_45_1', '1458125_1_44_1', '1458125_1_5_1', '1458125_1_1_1', '1458125_1_4_1', '1458125_1_3_1', '1458125_1_6_1', '1458125_1_27_1', '1458125_1_26_1', '1458125_1_39_1', '1458125_1_38_1', '1458125_1_25_1', '1458125_1_41_1', '1458125_1_40_1', '1458125_1_36_1', '1458125_1_34_1', '1458125_1_33_1', '1458125_1_32_1', '1458125_1_31_1', '1458125_1_30_1', '1458125_1_29_1', '1458125_1_42_1', '1458125_1_48_1', '1458125_1_47_1', '1458125_1_43_1', '1458125_1_35_1', '1458125_1_2_1'], 'points': 'p96,p97,p98,p99,p100,p101,p102,p103,p104,p105,p106,p107,p108,p109,p110,p111,p112,p113,p7166,p7167,p7168,p7169,p7170,p7171,p70,p71,p72,p73,p74,p75,p76,p77,p78,p79,p80,p81,p82,p83,p84,p85,p92,p93,p313,p314,p315,p316,p317,p318', 'start_time_stamp': '20260506120000', 'end_time_stamp': '20260506150000', 'minute_interval': 5}
2026-05-07 17:53:21,456 - root - INFO - Successfully upserted 185 data points.
2026-05-07 17:53:21,456 - root - INFO - Fetching minute data with payload: {'ps_key_list': ['1458125_1_37_1', '1458125_1_46_1', '1458125_1_45_1', '1458125_1_44_1', '1458125_1_5_1', '1458125_1_1_1', '1458125_1_4_1', '1458125_1_3_1', '1458125_1_6_1', '1458125_1_27_1', '1458125_1_26_1', '1458125_1_39_1', '1458125_1_38_1', '1458125_1_25_1', '1458125_1_41_1', '1458125_1_40_1', '1458125_1_36_1', '1458125_1_34_1', '1458125_1_33_1', '1458125_1_32_1', '1458125_1_31_1', '1458125_1_30_1', '1458125_1_29_1', '1458125_1_42_1', '1458125_1_48_1', '1458125_1_47_1', '1458125_1_43_1', '1458125_1_35_1', '1458125_1_2_1'], 'points': 'p96,p97,p98,p99,p100,p101,p102,p103,p104,p105,p106,p107,p108,p109,p110,p111,p112,p113,p7166,p7167,p7168,p7169,p7170,p7171,p70,p71,p72,p73,p74,p75,p76,p77,p78,p79,p80,p81,p82,p83,p84,p85,p92,p93,p313,p314,p315,p316,p317,p318', 'start_time_stamp': '20260506180000', 'end_time_stamp': '20260506210000', 'minute_interval': 5}
2026-05-07 17:53:21,721 - root - INFO - Successfully upserted 185 data points.
2026-05-07 17:53:21,722 - root - INFO - Fetching minute data with payload: {'ps_key_list': ['1458125_1_37_1', '1458125_1_46_1', '1458125_1_45_1', '1458125_1_44_1', '1458125_1_5_1', '1458125_1_1_1', '1458125_1_4_1', '1458125_1_3_1', '1458125_1_6_1', '1458125_1_27_1', '1458125_1_26_1', '1458125_1_39_1', '1458125_1_38_1', '1458125_1_25_1', '1458125_1_41_1', '1458125_1_40_1', '1458125_1_36_1', '1458125_1_34_1', '1458125_1_33_1', '1458125_1_32_1', '1458125_1_31_1', '1458125_1_30_1', '1458125_1_29_1', '1458125_1_42_1', '1458125_1_48_1', '1458125_1_47_1', '1458125_1_43_1', '1458125_1_35_1', '1458125_1_2_1'], 'points': 'p96,p97,p98,p99,p100,p101,p102,p103,p104,p105,p106,p107,p108,p109,p110,p111,p112,p113,p7166,p7167,p7168,p7169,p7170,p7171,p70,p71,p72,p73,p74,p75,p76,p77,p78,p79,p80,p81,p82,p83,p84,p85,p92,p93,p313,p314,p315,p316,p317,p318', 'start_time_stamp': '20260506060000', 'end_time_stamp': '20260506090000', 'minute_interval': 5}
2026-05-07 17:53:21,745 - root - INFO - Using single devDn for device/history (API: one device per query)
2026-05-07 17:53:21,751 - root - INFO - Fetching historical data for 1 devices of type meter
2026-05-07 17:53:21,752 - root - INFO - Making API request to: https://sg5.fusionsolar.huawei.com/rest/openapi/pvms/nbi/v1/device/history
2026-05-07 17:53:21,754 - root - INFO - Request payload: {'devDn': 'NE=78317347', 'devTypeId': 17, 'startTime': 1778000400000, 'endTime': 1778086799000}
2026-05-07 17:53:21,803 - root - INFO - Successfully upserted 185 data points.
2026-05-07 17:53:21,804 - root - INFO - Fetching minute data with payload: {'ps_key_list': ['1458125_1_37_1', '1458125_1_46_1', '1458125_1_45_1', '1458125_1_44_1', '1458125_1_5_1', '1458125_1_1_1', '1458125_1_4_1', '1458125_1_3_1', '1458125_1_6_1', '1458125_1_27_1', '1458125_1_26_1', '1458125_1_39_1', '1458125_1_38_1', '1458125_1_25_1', '1458125_1_41_1', '1458125_1_40_1', '1458125_1_36_1', '1458125_1_34_1', '1458125_1_33_1', '1458125_1_32_1', '1458125_1_31_1', '1458125_1_30_1', '1458125_1_29_1', '1458125_1_42_1', '1458125_1_48_1', '1458125_1_47_1', '1458125_1_43_1', '1458125_1_35_1', '1458125_1_2_1'], 'points': 'p96,p97,p98,p99,p100,p101,p102,p103,p104,p105,p106,p107,p108,p109,p110,p111,p112,p113,p7166,p7167,p7168,p7169,p7170,p7171,p70,p71,p72,p73,p74,p75,p76,p77,p78,p79,p80,p81,p82,p83,p84,p85,p92,p93,p313,p314,p315,p316,p317,p318', 'start_time_stamp': '20260506000000', 'end_time_stamp': '20260506030000', 'minute_interval': 5}
2026-05-07 17:53:21,805 - root - INFO - Successfully upserted 185 data points.
2026-05-07 17:53:21,807 - root - INFO - Fetching minute data with payload: {'ps_key_list': ['1458125_1_37_1', '1458125_1_46_1', '1458125_1_45_1', '1458125_1_44_1', '1458125_1_5_1', '1458125_1_1_1', '1458125_1_4_1', '1458125_1_3_1', '1458125_1_6_1', '1458125_1_27_1', '1458125_1_26_1', '1458125_1_39_1', '1458125_1_38_1', '1458125_1_25_1', '1458125_1_41_1', '1458125_1_40_1', '1458125_1_36_1', '1458125_1_34_1', '1458125_1_33_1', '1458125_1_32_1', '1458125_1_31_1', '1458125_1_30_1', '1458125_1_29_1', '1458125_1_42_1', '1458125_1_48_1', '1458125_1_47_1', '1458125_1_43_1', '1458125_1_35_1', '1458125_1_2_1'], 'points': 'p96,p97,p98,p99,p100,p101,p102,p103,p104,p105,p106,p107,p108,p109,p110,p111,p112,p113,p7166,p7167,p7168,p7169,p7170,p7171,p70,p71,p72,p73,p74,p75,p76,p77,p78,p79,p80,p81,p82,p83,p84,p85,p92,p93,p313,p314,p315,p316,p317,p318', 'start_time_stamp': '20260506150000', 'end_time_stamp': '20260506180000', 'minute_interval': 5}
2026-05-07 17:53:22,071 - root - INFO - Successfully upserted 185 data points.
2026-05-07 17:53:22,204 - root - INFO - Fetching minute data with payload: {'ps_key_list': ['1458125_1_37_1', '1458125_1_46_1', '1458125_1_45_1', '1458125_1_44_1', '1458125_1_5_1', '1458125_1_1_1', '1458125_1_4_1', '1458125_1_3_1', '1458125_1_6_1', '1458125_1_27_1', '1458125_1_26_1', '1458125_1_39_1', '1458125_1_38_1', '1458125_1_25_1', '1458125_1_41_1', '1458125_1_40_1', '1458125_1_36_1', '1458125_1_34_1', '1458125_1_33_1', '1458125_1_32_1', '1458125_1_31_1', '1458125_1_30_1', '1458125_1_29_1', '1458125_1_42_1', '1458125_1_48_1', '1458125_1_47_1', '1458125_1_43_1', '1458125_1_35_1', '1458125_1_2_1'], 'points': 'p96,p97,p98,p99,p100,p101,p102,p103,p104,p105,p106,p107,p108,p109,p110,p111,p112,p113,p7166,p7167,p7168,p7169,p7170,p7171,p70,p71,p72,p73,p74,p75,p76,p77,p78,p79,p80,p81,p82,p83,p84,p85,p92,p93,p313,p314,p315,p316,p317,p318', 'start_time_stamp': '20260506030000', 'end_time_stamp': '20260506060000', 'minute_interval': 5}
2026-05-07 17:53:23,141 - root - INFO - Successfully upserted 222 data points.
2026-05-07 17:53:23,141 - root - INFO - Fetching minute data with payload: {'ps_key_list': ['1458125_5_23_1', '1458125_5_22_1', '1458125_5_21_1', '1458125_5_20_1', '1458125_5_19_1', '1458125_5_18_1', '1458125_5_12_1', '1458125_5_13_1', '1458125_5_14_1', '1458125_5_15_1', '1458125_5_16_1'], 'points': 'p2003,p2001,p2005,p2007,p2009,p2010,p2022,p2016,p2012', 'start_time_stamp': '20260506090000', 'end_time_stamp': '20260506120000', 'minute_interval': 5}
2026-05-07 17:53:23,442 - root - INFO - Successfully upserted 216 data points.
2026-05-07 17:53:23,442 - root - INFO - Fetching minute data with payload: {'ps_key_list': ['1458125_5_23_1', '1458125_5_22_1', '1458125_5_21_1', '1458125_5_20_1', '1458125_5_19_1', '1458125_5_18_1', '1458125_5_12_1', '1458125_5_13_1', '1458125_5_14_1', '1458125_5_15_1', '1458125_5_16_1'], 'points': 'p2003,p2001,p2005,p2007,p2009,p2010,p2022,p2016,p2012', 'start_time_stamp': '20260506210000', 'end_time_stamp': '20260506235959', 'minute_interval': 5}
2026-05-07 17:53:23,639 - root - INFO - Response status code: 200
2026-05-07 17:53:23,649 - root - INFO - API response from https://sg5.fusionsolar.huawei.com/rest/openapi/pvms/nbi/v1/device/history (truncated): {'failCode': 0, 'success': True, 'message': 'historical data information query successful.', 'data': [{'devDn': 'NE=78317347', 'collectTime': 1778000400000, 'dataItems': {'active_cap': 647.55, 'power_factor': -0.992, 'a_i': 9.8, 'c_i': 16.6, 'b_i': 10.0, 'reverse_reactive_valley': None, 'positive_reactive_peak': None, 'reverse_reactive_peak': None, 'reverse_active_peak': None, 'positive_active_peak': None, 'a_u': 224.52, 'reactive_power': -915.0, 'c_u': 222.98, 'total_apparent_power': 8.152, 'bc...
2026-05-07 17:53:23,654 - root - INFO - API Response type: <class 'dict'>
2026-05-07 17:53:23,654 - root - INFO - API Response keys: ['failCode', 'success', 'message', 'data']
2026-05-07 17:53:23,655 - root - INFO - API Response data is a list with 288 items
2026-05-07 17:53:23,655 - root - INFO - API Response has failCode: 0, message: historical data information query successful.
2026-05-07 17:53:23,655 - root - INFO - Using alternate response format: data as list
2026-05-07 17:53:23,655 - root - INFO - Received 288 data points from API
2026-05-07 17:53:23,656 - root - INFO - Sample data point structure: ['devDn', 'collectTime', 'dataItems']
2026-05-07 17:53:23,791 - root - INFO - Successfully upserted 288 data points.
2026-05-07 17:53:24,343 - root - INFO - Successfully upserted 222 data points.
2026-05-07 17:53:24,344 - root - INFO - Fetching minute data with payload: {'ps_key_list': ['1458125_5_23_1', '1458125_5_22_1', '1458125_5_21_1', '1458125_5_20_1', '1458125_5_19_1', '1458125_5_18_1', '1458125_5_12_1', '1458125_5_13_1', '1458125_5_14_1', '1458125_5_15_1', '1458125_5_16_1'], 'points': 'p2003,p2001,p2005,p2007,p2009,p2010,p2022,p2016,p2012', 'start_time_stamp': '20260506120000', 'end_time_stamp': '20260506150000', 'minute_interval': 5}
2026-05-07 17:53:24,351 - root - INFO - Successfully upserted 222 data points.
2026-05-07 17:53:24,351 - root - INFO - Fetching minute data with payload: {'ps_key_list': ['1458125_5_23_1', '1458125_5_22_1', '1458125_5_21_1', '1458125_5_20_1', '1458125_5_19_1', '1458125_5_18_1', '1458125_5_12_1', '1458125_5_13_1', '1458125_5_14_1', '1458125_5_15_1', '1458125_5_16_1'], 'points': 'p2003,p2001,p2005,p2007,p2009,p2010,p2022,p2016,p2012', 'start_time_stamp': '20260506180000', 'end_time_stamp': '20260506210000', 'minute_interval': 5}
2026-05-07 17:53:24,826 - root - INFO - Successfully upserted 222 data points.
2026-05-07 17:53:24,826 - root - INFO - Fetching minute data with payload: {'ps_key_list': ['1458125_5_23_1', '1458125_5_22_1', '1458125_5_21_1', '1458125_5_20_1', '1458125_5_19_1', '1458125_5_18_1', '1458125_5_12_1', '1458125_5_13_1', '1458125_5_14_1', '1458125_5_15_1', '1458125_5_16_1'], 'points': 'p2003,p2001,p2005,p2007,p2009,p2010,p2022,p2016,p2012', 'start_time_stamp': '20260506060000', 'end_time_stamp': '20260506090000', 'minute_interval': 5}
2026-05-07 17:53:24,842 - root - INFO - Successfully upserted 222 data points.
2026-05-07 17:53:24,842 - root - INFO - Fetching minute data with payload: {'ps_key_list': ['1458125_5_23_1', '1458125_5_22_1', '1458125_5_21_1', '1458125_5_20_1', '1458125_5_19_1', '1458125_5_18_1', '1458125_5_12_1', '1458125_5_13_1', '1458125_5_14_1', '1458125_5_15_1', '1458125_5_16_1'], 'points': 'p2003,p2001,p2005,p2007,p2009,p2010,p2022,p2016,p2012', 'start_time_stamp': '20260506000000', 'end_time_stamp': '20260506030000', 'minute_interval': 5}
2026-05-07 17:53:24,845 - root - INFO - Successfully upserted 222 data points.
2026-05-07 17:53:24,845 - root - INFO - Fetching minute data with payload: {'ps_key_list': ['1458125_5_23_1', '1458125_5_22_1', '1458125_5_21_1', '1458125_5_20_1', '1458125_5_19_1', '1458125_5_18_1', '1458125_5_12_1', '1458125_5_13_1', '1458125_5_14_1', '1458125_5_15_1', '1458125_5_16_1'], 'points': 'p2003,p2001,p2005,p2007,p2009,p2010,p2022,p2016,p2012', 'start_time_stamp': '20260506150000', 'end_time_stamp': '20260506180000', 'minute_interval': 5}
2026-05-07 17:53:25,043 - root - INFO - Successfully upserted 222 data points.
2026-05-07 17:53:25,045 - root - INFO - Fetching minute data with payload: {'ps_key_list': ['1458125_5_23_1', '1458125_5_22_1', '1458125_5_21_1', '1458125_5_20_1', '1458125_5_19_1', '1458125_5_18_1', '1458125_5_12_1', '1458125_5_13_1', '1458125_5_14_1', '1458125_5_15_1', '1458125_5_16_1'], 'points': 'p2003,p2001,p2005,p2007,p2009,p2010,p2022,p2016,p2012', 'start_time_stamp': '20260506030000', 'end_time_stamp': '20260506060000', 'minute_interval': 5}
2026-05-07 17:53:25,770 - root - INFO - Successfully upserted 148 data points.
2026-05-07 17:53:25,771 - root - INFO - Fetching minute data with payload: {'ps_key_list': ['1445767_7_14_1', '1445767_7_12_1', '1445767_7_11_1', '1445767_7_5_1', '1445767_7_6_1', '1445767_7_4_1'], 'points': 'p8030,p8031,p8032,p8033,p8018,p8014', 'start_time_stamp': '20260506090000', 'end_time_stamp': '20260506120000', 'minute_interval': 5}
2026-05-07 17:53:26,004 - root - INFO - Successfully upserted 144 data points.
2026-05-07 17:53:26,004 - root - INFO - Fetching minute data with payload: {'ps_key_list': ['1445767_7_14_1', '1445767_7_12_1', '1445767_7_11_1', '1445767_7_5_1', '1445767_7_6_1', '1445767_7_4_1'], 'points': 'p8030,p8031,p8032,p8033,p8018,p8014', 'start_time_stamp': '20260506210000', 'end_time_stamp': '20260506235959', 'minute_interval': 5}
2026-05-07 17:53:26,999 - root - INFO - Successfully upserted 148 data points.
2026-05-07 17:53:27,000 - root - INFO - Fetching minute data with payload: {'ps_key_list': ['1445767_7_14_1', '1445767_7_12_1', '1445767_7_11_1', '1445767_7_5_1', '1445767_7_6_1', '1445767_7_4_1'], 'points': 'p8030,p8031,p8032,p8033,p8018,p8014', 'start_time_stamp': '20260506120000', 'end_time_stamp': '20260506150000', 'minute_interval': 5}
2026-05-07 17:53:27,078 - root - INFO - Using single devDn for device/history (API: one device per query)
2026-05-07 17:53:27,083 - root - INFO - Fetching historical data for 1 devices of type meter
2026-05-07 17:53:27,083 - root - INFO - Making API request to: https://sg5.fusionsolar.huawei.com/rest/openapi/pvms/nbi/v1/device/history
2026-05-07 17:53:27,084 - root - INFO - Request payload: {'devDn': 'NE=78317346', 'devTypeId': 17, 'startTime': 1778000400000, 'endTime': 1778086799000}
2026-05-07 17:53:27,110 - root - INFO - Successfully upserted 148 data points.
2026-05-07 17:53:27,111 - root - INFO - Fetching minute data with payload: {'ps_key_list': ['1445767_7_14_1', '1445767_7_12_1', '1445767_7_11_1', '1445767_7_5_1', '1445767_7_6_1', '1445767_7_4_1'], 'points': 'p8030,p8031,p8032,p8033,p8018,p8014', 'start_time_stamp': '20260506180000', 'end_time_stamp': '20260506210000', 'minute_interval': 5}
2026-05-07 17:53:27,636 - root - INFO - Successfully upserted 148 data points.
2026-05-07 17:53:27,637 - root - INFO - Fetching minute data with payload: {'ps_key_list': ['1445767_7_14_1', '1445767_7_12_1', '1445767_7_11_1', '1445767_7_5_1', '1445767_7_6_1', '1445767_7_4_1'], 'points': 'p8030,p8031,p8032,p8033,p8018,p8014', 'start_time_stamp': '20260506150000', 'end_time_stamp': '20260506180000', 'minute_interval': 5}
2026-05-07 17:53:27,709 - root - INFO - Successfully upserted 148 data points.
2026-05-07 17:53:27,710 - root - INFO - Fetching minute data with payload: {'ps_key_list': ['1445767_7_14_1', '1445767_7_12_1', '1445767_7_11_1', '1445767_7_5_1', '1445767_7_6_1', '1445767_7_4_1'], 'points': 'p8030,p8031,p8032,p8033,p8018,p8014', 'start_time_stamp': '20260506060000', 'end_time_stamp': '20260506090000', 'minute_interval': 5}
2026-05-07 17:53:27,716 - root - INFO - Successfully upserted 148 data points.
2026-05-07 17:53:27,716 - root - INFO - Fetching minute data with payload: {'ps_key_list': ['1445767_7_14_1', '1445767_7_12_1', '1445767_7_11_1', '1445767_7_5_1', '1445767_7_6_1', '1445767_7_4_1'], 'points': 'p8030,p8031,p8032,p8033,p8018,p8014', 'start_time_stamp': '20260506000000', 'end_time_stamp': '20260506030000', 'minute_interval': 5}
2026-05-07 17:53:27,863 - root - INFO - Successfully upserted 148 data points.
2026-05-07 17:53:27,864 - root - INFO - Fetching minute data with payload: {'ps_key_list': ['1445767_7_14_1', '1445767_7_12_1', '1445767_7_11_1', '1445767_7_5_1', '1445767_7_6_1', '1445767_7_4_1'], 'points': 'p8030,p8031,p8032,p8033,p8018,p8014', 'start_time_stamp': '20260506030000', 'end_time_stamp': '20260506060000', 'minute_interval': 5}
2026-05-07 17:53:28,402 - root - INFO - Successfully upserted 185 data points.
2026-05-07 17:53:28,402 - root - INFO - Fetching minute data with payload: {'ps_key_list': ['1445767_5_13_1', '1445767_5_9_1', '1445767_5_8_1', '1445767_5_7_1'], 'points': 'p2003,p2001,p2005,p2007,p2009,p2010,p2022,p2016,p2012', 'start_time_stamp': '20260506090000', 'end_time_stamp': '20260506120000', 'minute_interval': 5}
2026-05-07 17:53:28,636 - root - INFO - Successfully upserted 180 data points.
2026-05-07 17:53:28,637 - root - INFO - Fetching minute data with payload: {'ps_key_list': ['1445767_5_13_1', '1445767_5_9_1', '1445767_5_8_1', '1445767_5_7_1'], 'points': 'p2003,p2001,p2005,p2007,p2009,p2010,p2022,p2016,p2012', 'start_time_stamp': '20260506210000', 'end_time_stamp': '20260506235959', 'minute_interval': 5}
2026-05-07 17:53:28,677 - root - INFO - Response status code: 200
2026-05-07 17:53:28,686 - root - INFO - API response from https://sg5.fusionsolar.huawei.com/rest/openapi/pvms/nbi/v1/device/history (truncated): {'failCode': 0, 'success': True, 'message': 'historical data information query successful.', 'data': [{'devDn': 'NE=78317346', 'collectTime': 1778000400000, 'dataItems': {'active_cap': 0.0, 'power_factor': 0.0, 'a_i': 0.0, 'c_i': 0.0, 'b_i': 0.0, 'reverse_reactive_valley': None, 'positive_reactive_peak': None, 'reverse_reactive_peak': None, 'reverse_active_peak': None, 'positive_active_peak': None, 'a_u': 224.45, 'reactive_power': 0.0, 'c_u': 222.92, 'total_apparent_power': 0.0, 'bc_u': 389.0, '...
2026-05-07 17:53:28,691 - root - INFO - API Response type: <class 'dict'>
2026-05-07 17:53:28,691 - root - INFO - API Response keys: ['failCode', 'success', 'message', 'data']
2026-05-07 17:53:28,691 - root - INFO - API Response data is a list with 288 items
2026-05-07 17:53:28,692 - root - INFO - API Response has failCode: 0, message: historical data information query successful.
2026-05-07 17:53:28,692 - root - INFO - Using alternate response format: data as list
2026-05-07 17:53:28,692 - root - INFO - Received 288 data points from API
2026-05-07 17:53:28,693 - root - INFO - Sample data point structure: ['devDn', 'collectTime', 'dataItems']
2026-05-07 17:53:28,816 - root - INFO - Successfully upserted 288 data points.
2026-05-07 17:53:29,744 - root - INFO - Successfully upserted 185 data points.
2026-05-07 17:53:29,744 - root - INFO - Fetching minute data with payload: {'ps_key_list': ['1445767_5_13_1', '1445767_5_9_1', '1445767_5_8_1', '1445767_5_7_1'], 'points': 'p2003,p2001,p2005,p2007,p2009,p2010,p2022,p2016,p2012', 'start_time_stamp': '20260506120000', 'end_time_stamp': '20260506150000', 'minute_interval': 5}
2026-05-07 17:53:29,910 - root - INFO - Successfully upserted 185 data points.
2026-05-07 17:53:29,910 - root - INFO - Fetching minute data with payload: {'ps_key_list': ['1445767_5_13_1', '1445767_5_9_1', '1445767_5_8_1', '1445767_5_7_1'], 'points': 'p2003,p2001,p2005,p2007,p2009,p2010,p2022,p2016,p2012', 'start_time_stamp': '20260506180000', 'end_time_stamp': '20260506210000', 'minute_interval': 5}
2026-05-07 17:53:30,462 - root - INFO - Successfully upserted 185 data points.
2026-05-07 17:53:30,462 - root - INFO - Fetching minute data with payload: {'ps_key_list': ['1445767_5_13_1', '1445767_5_9_1', '1445767_5_8_1', '1445767_5_7_1'], 'points': 'p2003,p2001,p2005,p2007,p2009,p2010,p2022,p2016,p2012', 'start_time_stamp': '20260506150000', 'end_time_stamp': '20260506180000', 'minute_interval': 5}
2026-05-07 17:53:30,463 - root - INFO - Successfully upserted 185 data points.
2026-05-07 17:53:30,465 - root - INFO - Fetching minute data with payload: {'ps_key_list': ['1445767_5_13_1', '1445767_5_9_1', '1445767_5_8_1', '1445767_5_7_1'], 'points': 'p2003,p2001,p2005,p2007,p2009,p2010,p2022,p2016,p2012', 'start_time_stamp': '20260506000000', 'end_time_stamp': '20260506030000', 'minute_interval': 5}
2026-05-07 17:53:30,555 - root - INFO - Successfully upserted 185 data points.
2026-05-07 17:53:30,556 - root - INFO - Fetching minute data with payload: {'ps_key_list': ['1445767_5_13_1', '1445767_5_9_1', '1445767_5_8_1', '1445767_5_7_1'], 'points': 'p2003,p2001,p2005,p2007,p2009,p2010,p2022,p2016,p2012', 'start_time_stamp': '20260506030000', 'end_time_stamp': '20260506060000', 'minute_interval': 5}
2026-05-07 17:53:30,642 - root - INFO - Successfully upserted 185 data points.
2026-05-07 17:53:30,642 - root - INFO - Fetching minute data with payload: {'ps_key_list': ['1445767_5_13_1', '1445767_5_9_1', '1445767_5_8_1', '1445767_5_7_1'], 'points': 'p2003,p2001,p2005,p2007,p2009,p2010,p2022,p2016,p2012', 'start_time_stamp': '20260506060000', 'end_time_stamp': '20260506090000', 'minute_interval': 5}
2026-05-07 17:53:30,949 - root - INFO - Successfully upserted 148 data points.
2026-05-07 17:53:30,949 - root - INFO - Fetching minute data with payload: {'ps_key_list': ['1445767_1_3_1', '1445767_1_2_1', '1445767_1_1_1'], 'points': 'p96,p97,p98,p99,p100,p101,p102,p103,p104,p105,p106,p107,p108,p109,p110,p111,p112,p113,p7166,p7167,p7168,p7169,p7170,p7171,p70,p71,p72,p73,p74,p75,p76,p77,p78,p79,p80,p81,p82,p83,p84,p85,p92,p93,p313,p314,p315,p316,p317,p318', 'start_time_stamp': '20260506090000', 'end_time_stamp': '20260506120000', 'minute_interval': 5}
2026-05-07 17:53:31,234 - root - INFO - Successfully upserted 144 data points.
2026-05-07 17:53:31,234 - root - INFO - Fetching minute data with payload: {'ps_key_list': ['1445767_1_3_1', '1445767_1_2_1', '1445767_1_1_1'], 'points': 'p96,p97,p98,p99,p100,p101,p102,p103,p104,p105,p106,p107,p108,p109,p110,p111,p112,p113,p7166,p7167,p7168,p7169,p7170,p7171,p70,p71,p72,p73,p74,p75,p76,p77,p78,p79,p80,p81,p82,p83,p84,p85,p92,p93,p313,p314,p315,p316,p317,p318', 'start_time_stamp': '20260506210000', 'end_time_stamp': '20260506235959', 'minute_interval': 5}
2026-05-07 17:53:31,921 - root - INFO - Using single devDn for device/history (API: one device per query)
2026-05-07 17:53:31,925 - root - INFO - Fetching historical data for 1 devices of type meter
2026-05-07 17:53:31,926 - root - INFO - Making API request to: https://sg5.fusionsolar.huawei.com/rest/openapi/pvms/nbi/v1/device/history
2026-05-07 17:53:31,926 - root - INFO - Request payload: {'devDn': 'NE=78317345', 'devTypeId': 17, 'startTime': 1778000400000, 'endTime': 1778086799000}
2026-05-07 17:53:32,370 - root - INFO - Successfully upserted 148 data points.
2026-05-07 17:53:32,370 - root - INFO - Fetching minute data with payload: {'ps_key_list': ['1445767_1_3_1', '1445767_1_2_1', '1445767_1_1_1'], 'points': 'p96,p97,p98,p99,p100,p101,p102,p103,p104,p105,p106,p107,p108,p109,p110,p111,p112,p113,p7166,p7167,p7168,p7169,p7170,p7171,p70,p71,p72,p73,p74,p75,p76,p77,p78,p79,p80,p81,p82,p83,p84,p85,p92,p93,p313,p314,p315,p316,p317,p318', 'start_time_stamp': '20260506120000', 'end_time_stamp': '20260506150000', 'minute_interval': 5}
2026-05-07 17:53:32,546 - root - INFO - Successfully upserted 148 data points.
2026-05-07 17:53:32,546 - root - INFO - Fetching minute data with payload: {'ps_key_list': ['1445767_1_3_1', '1445767_1_2_1', '1445767_1_1_1'], 'points': 'p96,p97,p98,p99,p100,p101,p102,p103,p104,p105,p106,p107,p108,p109,p110,p111,p112,p113,p7166,p7167,p7168,p7169,p7170,p7171,p70,p71,p72,p73,p74,p75,p76,p77,p78,p79,p80,p81,p82,p83,p84,p85,p92,p93,p313,p314,p315,p316,p317,p318', 'start_time_stamp': '20260506180000', 'end_time_stamp': '20260506210000', 'minute_interval': 5}
2026-05-07 17:53:33,220 - root - INFO - Successfully upserted 148 data points.
2026-05-07 17:53:33,220 - root - INFO - Fetching minute data with payload: {'ps_key_list': ['1445767_1_3_1', '1445767_1_2_1', '1445767_1_1_1'], 'points': 'p96,p97,p98,p99,p100,p101,p102,p103,p104,p105,p106,p107,p108,p109,p110,p111,p112,p113,p7166,p7167,p7168,p7169,p7170,p7171,p70,p71,p72,p73,p74,p75,p76,p77,p78,p79,p80,p81,p82,p83,p84,p85,p92,p93,p313,p314,p315,p316,p317,p318', 'start_time_stamp': '20260506000000', 'end_time_stamp': '20260506030000', 'minute_interval': 5}
2026-05-07 17:53:33,241 - root - INFO - Successfully upserted 148 data points.
2026-05-07 17:53:33,242 - root - INFO - Fetching minute data with payload: {'ps_key_list': ['1445767_1_3_1', '1445767_1_2_1', '1445767_1_1_1'], 'points': 'p96,p97,p98,p99,p100,p101,p102,p103,p104,p105,p106,p107,p108,p109,p110,p111,p112,p113,p7166,p7167,p7168,p7169,p7170,p7171,p70,p71,p72,p73,p74,p75,p76,p77,p78,p79,p80,p81,p82,p83,p84,p85,p92,p93,p313,p314,p315,p316,p317,p318', 'start_time_stamp': '20260506150000', 'end_time_stamp': '20260506180000', 'minute_interval': 5}
2026-05-07 17:53:33,333 - root - INFO - Successfully upserted 148 data points.
2026-05-07 17:53:33,333 - root - INFO - Fetching minute data with payload: {'ps_key_list': ['1445767_1_3_1', '1445767_1_2_1', '1445767_1_1_1'], 'points': 'p96,p97,p98,p99,p100,p101,p102,p103,p104,p105,p106,p107,p108,p109,p110,p111,p112,p113,p7166,p7167,p7168,p7169,p7170,p7171,p70,p71,p72,p73,p74,p75,p76,p77,p78,p79,p80,p81,p82,p83,p84,p85,p92,p93,p313,p314,p315,p316,p317,p318', 'start_time_stamp': '20260506060000', 'end_time_stamp': '20260506090000', 'minute_interval': 5}
2026-05-07 17:53:33,443 - root - INFO - Successfully upserted 148 data points.
2026-05-07 17:53:33,443 - root - INFO - Fetching minute data with payload: {'ps_key_list': ['1445767_1_3_1', '1445767_1_2_1', '1445767_1_1_1'], 'points': 'p96,p97,p98,p99,p100,p101,p102,p103,p104,p105,p106,p107,p108,p109,p110,p111,p112,p113,p7166,p7167,p7168,p7169,p7170,p7171,p70,p71,p72,p73,p74,p75,p76,p77,p78,p79,p80,p81,p82,p83,p84,p85,p92,p93,p313,p314,p315,p316,p317,p318', 'start_time_stamp': '20260506030000', 'end_time_stamp': '20260506060000', 'minute_interval': 5}
2026-05-07 17:53:33,526 - root - INFO - Response status code: 200
2026-05-07 17:53:33,536 - root - INFO - API response from https://sg5.fusionsolar.huawei.com/rest/openapi/pvms/nbi/v1/device/history (truncated): {'failCode': 0, 'success': True, 'message': 'historical data information query successful.', 'data': [{'devDn': 'NE=78317345', 'collectTime': 1778000400000, 'dataItems': {'active_cap': 0.0, 'power_factor': -0.876, 'a_i': 0.0, 'c_i': 7.9, 'b_i': 0.1, 'reverse_reactive_valley': None, 'positive_reactive_peak': None, 'reverse_reactive_peak': None, 'reverse_active_peak': None, 'positive_active_peak': None, 'a_u': 224.54, 'reactive_power': -855.0, 'c_u': 223.03, 'total_apparent_power': 1.787, 'bc_u': ...
2026-05-07 17:53:33,540 - root - INFO - API Response type: <class 'dict'>
2026-05-07 17:53:33,540 - root - INFO - API Response keys: ['failCode', 'success', 'message', 'data']
2026-05-07 17:53:33,541 - root - INFO - API Response data is a list with 288 items
2026-05-07 17:53:33,541 - root - INFO - API Response has failCode: 0, message: historical data information query successful.
2026-05-07 17:53:33,654 - root - INFO - Using alternate response format: data as list
2026-05-07 17:53:34,128 - root - INFO - Successfully upserted 111 data points.
2026-05-07 17:53:34,218 - root - INFO - Successfully upserted 108 data points.
2026-05-07 17:53:34,237 - root - INFO - Received 288 data points from API
2026-05-07 17:53:34,239 - root - INFO - Fetching minute data with payload: {'ps_key_list': ['1614122_7_12_1', '1614122_7_18_1', '1614122_7_11_1', '1614122_7_10_1', '1614122_7_14_1', '1614122_7_17_1'], 'points': 'p8030,p8031,p8032,p8033,p8018,p8014', 'start_time_stamp': '20260506090000', 'end_time_stamp': '20260506120000', 'minute_interval': 5}
2026-05-07 17:53:34,240 - root - INFO - Fetching minute data with payload: {'ps_key_list': ['1614122_7_12_1', '1614122_7_18_1', '1614122_7_11_1', '1614122_7_10_1', '1614122_7_14_1', '1614122_7_17_1'], 'points': 'p8030,p8031,p8032,p8033,p8018,p8014', 'start_time_stamp': '20260506210000', 'end_time_stamp': '20260506235959', 'minute_interval': 5}
2026-05-07 17:53:34,243 - root - INFO - Sample data point structure: ['devDn', 'collectTime', 'dataItems']
2026-05-07 17:53:34,393 - root - INFO - Successfully upserted 288 data points.
2026-05-07 17:53:35,033 - root - INFO - Successfully upserted 111 data points.
2026-05-07 17:53:35,034 - root - INFO - Fetching minute data with payload: {'ps_key_list': ['1614122_7_12_1', '1614122_7_18_1', '1614122_7_11_1', '1614122_7_10_1', '1614122_7_14_1', '1614122_7_17_1'], 'points': 'p8030,p8031,p8032,p8033,p8018,p8014', 'start_time_stamp': '20260506120000', 'end_time_stamp': '20260506150000', 'minute_interval': 5}
2026-05-07 17:53:35,127 - root - INFO - Successfully upserted 111 data points.
2026-05-07 17:53:35,127 - root - INFO - Fetching minute data with payload: {'ps_key_list': ['1614122_7_12_1', '1614122_7_18_1', '1614122_7_11_1', '1614122_7_10_1', '1614122_7_14_1', '1614122_7_17_1'], 'points': 'p8030,p8031,p8032,p8033,p8018,p8014', 'start_time_stamp': '20260506180000', 'end_time_stamp': '20260506210000', 'minute_interval': 5}
2026-05-07 17:53:36,286 - root - INFO - Successfully upserted 111 data points.
2026-05-07 17:53:36,286 - root - INFO - Fetching minute data with payload: {'ps_key_list': ['1614122_7_12_1', '1614122_7_18_1', '1614122_7_11_1', '1614122_7_10_1', '1614122_7_14_1', '1614122_7_17_1'], 'points': 'p8030,p8031,p8032,p8033,p8018,p8014', 'start_time_stamp': '20260506000000', 'end_time_stamp': '20260506030000', 'minute_interval': 5}
2026-05-07 17:53:36,726 - root - INFO - Successfully upserted 111 data points.
2026-05-07 17:53:36,727 - root - INFO - Fetching minute data with payload: {'ps_key_list': ['1614122_7_12_1', '1614122_7_18_1', '1614122_7_11_1', '1614122_7_10_1', '1614122_7_14_1', '1614122_7_17_1'], 'points': 'p8030,p8031,p8032,p8033,p8018,p8014', 'start_time_stamp': '20260506060000', 'end_time_stamp': '20260506090000', 'minute_interval': 5}
2026-05-07 17:53:36,805 - root - INFO - Successfully upserted 111 data points.
2026-05-07 17:53:36,805 - root - INFO - Fetching minute data with payload: {'ps_key_list': ['1614122_7_12_1', '1614122_7_18_1', '1614122_7_11_1', '1614122_7_10_1', '1614122_7_14_1', '1614122_7_17_1'], 'points': 'p8030,p8031,p8032,p8033,p8018,p8014', 'start_time_stamp': '20260506030000', 'end_time_stamp': '20260506060000', 'minute_interval': 5}
2026-05-07 17:53:36,806 - root - INFO - Successfully upserted 111 data points.
2026-05-07 17:53:36,807 - root - INFO - Fetching minute data with payload: {'ps_key_list': ['1614122_7_12_1', '1614122_7_18_1', '1614122_7_11_1', '1614122_7_10_1', '1614122_7_14_1', '1614122_7_17_1'], 'points': 'p8030,p8031,p8032,p8033,p8018,p8014', 'start_time_stamp': '20260506150000', 'end_time_stamp': '20260506180000', 'minute_interval': 5}
2026-05-07 17:53:36,962 - root - INFO - Successfully upserted 180 data points.
2026-05-07 17:53:36,962 - root - INFO - Fetching minute data with payload: {'ps_key_list': ['1614122_1_3_1', '1614122_1_7_1', '1614122_1_4_1', '1614122_1_2_1', '1614122_1_1_1', '1614122_1_6_1', '1614122_1_5_1'], 'points': 'p96,p97,p98,p99,p100,p101,p102,p103,p104,p105,p106,p107,p108,p109,p110,p111,p112,p113,p7166,p7167,p7168,p7169,p7170,p7171,p70,p71,p72,p73,p74,p75,p76,p77,p78,p79,p80,p81,p82,p83,p84,p85,p92,p93,p313,p314,p315,p316,p317,p318', 'start_time_stamp': '20260506210000', 'end_time_stamp': '20260506235959', 'minute_interval': 5}
2026-05-07 17:53:37,031 - root - INFO - Successfully upserted 185 data points.
2026-05-07 17:53:37,031 - root - INFO - Fetching minute data with payload: {'ps_key_list': ['1614122_1_3_1', '1614122_1_7_1', '1614122_1_4_1', '1614122_1_2_1', '1614122_1_1_1', '1614122_1_6_1', '1614122_1_5_1'], 'points': 'p96,p97,p98,p99,p100,p101,p102,p103,p104,p105,p106,p107,p108,p109,p110,p111,p112,p113,p7166,p7167,p7168,p7169,p7170,p7171,p70,p71,p72,p73,p74,p75,p76,p77,p78,p79,p80,p81,p82,p83,p84,p85,p92,p93,p313,p314,p315,p316,p317,p318', 'start_time_stamp': '20260506090000', 'end_time_stamp': '20260506120000', 'minute_interval': 5}
2026-05-07 17:53:37,584 - root - INFO - Using single devDn for device/history (API: one device per query)
2026-05-07 17:53:37,588 - root - INFO - Fetching historical data for 1 devices of type meter
2026-05-07 17:53:37,588 - root - INFO - Making API request to: https://sg5.fusionsolar.huawei.com/rest/openapi/pvms/nbi/v1/device/history
2026-05-07 17:53:37,588 - root - INFO - Request payload: {'devDn': 'NE=78317344', 'devTypeId': 17, 'startTime': 1778000400000, 'endTime': 1778086799000}
2026-05-07 17:53:37,733 - root - INFO - Successfully upserted 185 data points.
2026-05-07 17:53:37,734 - root - INFO - Fetching minute data with payload: {'ps_key_list': ['1614122_1_3_1', '1614122_1_7_1', '1614122_1_4_1', '1614122_1_2_1', '1614122_1_1_1', '1614122_1_6_1', '1614122_1_5_1'], 'points': 'p96,p97,p98,p99,p100,p101,p102,p103,p104,p105,p106,p107,p108,p109,p110,p111,p112,p113,p7166,p7167,p7168,p7169,p7170,p7171,p70,p71,p72,p73,p74,p75,p76,p77,p78,p79,p80,p81,p82,p83,p84,p85,p92,p93,p313,p314,p315,p316,p317,p318', 'start_time_stamp': '20260506120000', 'end_time_stamp': '20260506150000', 'minute_interval': 5}
2026-05-07 17:53:37,815 - root - INFO - Successfully upserted 185 data points.
2026-05-07 17:53:37,815 - root - INFO - Fetching minute data with payload: {'ps_key_list': ['1614122_1_3_1', '1614122_1_7_1', '1614122_1_4_1', '1614122_1_2_1', '1614122_1_1_1', '1614122_1_6_1', '1614122_1_5_1'], 'points': 'p96,p97,p98,p99,p100,p101,p102,p103,p104,p105,p106,p107,p108,p109,p110,p111,p112,p113,p7166,p7167,p7168,p7169,p7170,p7171,p70,p71,p72,p73,p74,p75,p76,p77,p78,p79,p80,p81,p82,p83,p84,p85,p92,p93,p313,p314,p315,p316,p317,p318', 'start_time_stamp': '20260506180000', 'end_time_stamp': '20260506210000', 'minute_interval': 5}
2026-05-07 17:53:38,999 - root - INFO - Successfully upserted 185 data points.
2026-05-07 17:53:39,000 - root - INFO - Fetching minute data with payload: {'ps_key_list': ['1614122_1_3_1', '1614122_1_7_1', '1614122_1_4_1', '1614122_1_2_1', '1614122_1_1_1', '1614122_1_6_1', '1614122_1_5_1'], 'points': 'p96,p97,p98,p99,p100,p101,p102,p103,p104,p105,p106,p107,p108,p109,p110,p111,p112,p113,p7166,p7167,p7168,p7169,p7170,p7171,p70,p71,p72,p73,p74,p75,p76,p77,p78,p79,p80,p81,p82,p83,p84,p85,p92,p93,p313,p314,p315,p316,p317,p318', 'start_time_stamp': '20260506000000', 'end_time_stamp': '20260506030000', 'minute_interval': 5}
2026-05-07 17:53:39,138 - root - INFO - Response status code: 200
2026-05-07 17:53:39,147 - root - INFO - API response from https://sg5.fusionsolar.huawei.com/rest/openapi/pvms/nbi/v1/device/history (truncated): {'failCode': 0, 'success': True, 'message': 'historical data information query successful.', 'data': [{'devDn': 'NE=78317344', 'collectTime': 1778000400000, 'dataItems': {'active_cap': 0.17, 'power_factor': 0.508, 'a_i': 0.4, 'c_i': 0.0, 'b_i': 1.4, 'reverse_reactive_valley': None, 'positive_reactive_peak': None, 'reverse_reactive_peak': None, 'reverse_active_peak': None, 'positive_active_peak': None, 'a_u': 224.42, 'reactive_power': 347.0, 'c_u': 222.92, 'total_apparent_power': 0.403, 'bc_u': 3...
2026-05-07 17:53:39,152 - root - INFO - API Response type: <class 'dict'>
2026-05-07 17:53:39,153 - root - INFO - API Response keys: ['failCode', 'success', 'message', 'data']
2026-05-07 17:53:39,153 - root - INFO - API Response data is a list with 288 items
2026-05-07 17:53:39,153 - root - INFO - API Response has failCode: 0, message: historical data information query successful.
2026-05-07 17:53:39,154 - root - INFO - Using alternate response format: data as list
2026-05-07 17:53:39,154 - root - INFO - Received 288 data points from API
2026-05-07 17:53:39,154 - root - INFO - Sample data point structure: ['devDn', 'collectTime', 'dataItems']
2026-05-07 17:53:39,274 - root - INFO - Successfully upserted 288 data points.
2026-05-07 17:53:39,615 - root - INFO - Successfully upserted 185 data points.
2026-05-07 17:53:39,616 - root - INFO - Fetching minute data with payload: {'ps_key_list': ['1614122_1_3_1', '1614122_1_7_1', '1614122_1_4_1', '1614122_1_2_1', '1614122_1_1_1', '1614122_1_6_1', '1614122_1_5_1'], 'points': 'p96,p97,p98,p99,p100,p101,p102,p103,p104,p105,p106,p107,p108,p109,p110,p111,p112,p113,p7166,p7167,p7168,p7169,p7170,p7171,p70,p71,p72,p73,p74,p75,p76,p77,p78,p79,p80,p81,p82,p83,p84,p85,p92,p93,p313,p314,p315,p316,p317,p318', 'start_time_stamp': '20260506150000', 'end_time_stamp': '20260506180000', 'minute_interval': 5}
2026-05-07 17:53:39,619 - root - INFO - Successfully upserted 185 data points.
2026-05-07 17:53:39,619 - root - INFO - Fetching minute data with payload: {'ps_key_list': ['1614122_1_3_1', '1614122_1_7_1', '1614122_1_4_1', '1614122_1_2_1', '1614122_1_1_1', '1614122_1_6_1', '1614122_1_5_1'], 'points': 'p96,p97,p98,p99,p100,p101,p102,p103,p104,p105,p106,p107,p108,p109,p110,p111,p112,p113,p7166,p7167,p7168,p7169,p7170,p7171,p70,p71,p72,p73,p74,p75,p76,p77,p78,p79,p80,p81,p82,p83,p84,p85,p92,p93,p313,p314,p315,p316,p317,p318', 'start_time_stamp': '20260506060000', 'end_time_stamp': '20260506090000', 'minute_interval': 5}
2026-05-07 17:53:39,688 - root - INFO - Successfully upserted 185 data points.
2026-05-07 17:53:39,688 - root - INFO - Fetching minute data with payload: {'ps_key_list': ['1614122_1_3_1', '1614122_1_7_1', '1614122_1_4_1', '1614122_1_2_1', '1614122_1_1_1', '1614122_1_6_1', '1614122_1_5_1'], 'points': 'p96,p97,p98,p99,p100,p101,p102,p103,p104,p105,p106,p107,p108,p109,p110,p111,p112,p113,p7166,p7167,p7168,p7169,p7170,p7171,p70,p71,p72,p73,p74,p75,p76,p77,p78,p79,p80,p81,p82,p83,p84,p85,p92,p93,p313,p314,p315,p316,p317,p318', 'start_time_stamp': '20260506030000', 'end_time_stamp': '20260506060000', 'minute_interval': 5}
2026-05-07 17:53:39,875 - root - INFO - Successfully upserted 252 data points.
2026-05-07 17:53:39,875 - root - INFO - Fetching minute data with payload: {'ps_key_list': ['1614122_5_19_1', '1614122_5_16_1', '1614122_5_15_1', '1614122_5_14_1'], 'points': 'p2003,p2001,p2005,p2007,p2009,p2010,p2022,p2016,p2012', 'start_time_stamp': '20260506210000', 'end_time_stamp': '20260506235959', 'minute_interval': 5}
2026-05-07 17:53:40,059 - root - INFO - Successfully upserted 259 data points.
2026-05-07 17:53:40,059 - root - INFO - Fetching minute data with payload: {'ps_key_list': ['1614122_5_19_1', '1614122_5_16_1', '1614122_5_15_1', '1614122_5_14_1'], 'points': 'p2003,p2001,p2005,p2007,p2009,p2010,p2022,p2016,p2012', 'start_time_stamp': '20260506090000', 'end_time_stamp': '20260506120000', 'minute_interval': 5}
2026-05-07 17:53:40,729 - root - INFO - Successfully upserted 259 data points.
2026-05-07 17:53:40,730 - root - INFO - Fetching minute data with payload: {'ps_key_list': ['1614122_5_19_1', '1614122_5_16_1', '1614122_5_15_1', '1614122_5_14_1'], 'points': 'p2003,p2001,p2005,p2007,p2009,p2010,p2022,p2016,p2012', 'start_time_stamp': '20260506180000', 'end_time_stamp': '20260506210000', 'minute_interval': 5}
2026-05-07 17:53:40,730 - root - INFO - Successfully upserted 259 data points.
2026-05-07 17:53:40,732 - root - INFO - Fetching minute data with payload: {'ps_key_list': ['1614122_5_19_1', '1614122_5_16_1', '1614122_5_15_1', '1614122_5_14_1'], 'points': 'p2003,p2001,p2005,p2007,p2009,p2010,p2022,p2016,p2012', 'start_time_stamp': '20260506120000', 'end_time_stamp': '20260506150000', 'minute_interval': 5}
2026-05-07 17:53:41,660 - root - INFO - Successfully upserted 259 data points.
2026-05-07 17:53:41,661 - root - INFO - Fetching minute data with payload: {'ps_key_list': ['1614122_5_19_1', '1614122_5_16_1', '1614122_5_15_1', '1614122_5_14_1'], 'points': 'p2003,p2001,p2005,p2007,p2009,p2010,p2022,p2016,p2012', 'start_time_stamp': '20260506000000', 'end_time_stamp': '20260506030000', 'minute_interval': 5}
2026-05-07 17:53:42,421 - root - INFO - Using single devDn for device/history (API: one device per query)
2026-05-07 17:53:42,425 - root - INFO - Fetching historical data for 1 devices of type meter
2026-05-07 17:53:42,426 - root - INFO - Making API request to: https://sg5.fusionsolar.huawei.com/rest/openapi/pvms/nbi/v1/device/history
2026-05-07 17:53:42,426 - root - INFO - Request payload: {'devDn': 'NE=61851549', 'devTypeId': 17, 'startTime': 1778000400000, 'endTime': 1778086799000}
2026-05-07 17:53:42,579 - root - INFO - Successfully upserted 133 data points.
2026-05-07 17:53:42,581 - root - INFO - Fetching minute data with payload: {'ps_key_list': ['1479456_5_16_2', '1479456_5_27_1', '1479456_5_23_1', '1479456_5_22_1', '1479456_5_15_2', '1479456_5_14_2', '1479456_5_5_1', '1479456_5_26_1', '1479456_5_25_1', '1479456_5_24_1', '1479456_5_10_2', '1479456_5_9_2', '1479456_5_21_1', '1479456_5_19_1', '1479456_5_18_1', '1479456_5_17_1'], 'points': 'p2003,p2001,p2005,p2007,p2009,p2010,p2022,p2016,p2012', 'start_time_stamp': '20260506210000', 'end_time_stamp': '20260506235959', 'minute_interval': 5}
2026-05-07 17:53:42,675 - root - INFO - Successfully upserted 259 data points.
2026-05-07 17:53:42,676 - root - INFO - Fetching minute data with payload: {'ps_key_list': ['1614122_5_19_1', '1614122_5_16_1', '1614122_5_15_1', '1614122_5_14_1'], 'points': 'p2003,p2001,p2005,p2007,p2009,p2010,p2022,p2016,p2012', 'start_time_stamp': '20260506150000', 'end_time_stamp': '20260506180000', 'minute_interval': 5}
2026-05-07 17:53:42,681 - root - INFO - Successfully upserted 148 data points.
2026-05-07 17:53:42,681 - root - INFO - Fetching minute data with payload: {'ps_key_list': ['1479456_5_16_2', '1479456_5_27_1', '1479456_5_23_1', '1479456_5_22_1', '1479456_5_15_2', '1479456_5_14_2', '1479456_5_5_1', '1479456_5_26_1', '1479456_5_25_1', '1479456_5_24_1', '1479456_5_10_2', '1479456_5_9_2', '1479456_5_21_1', '1479456_5_19_1', '1479456_5_18_1', '1479456_5_17_1'], 'points': 'p2003,p2001,p2005,p2007,p2009,p2010,p2022,p2016,p2012', 'start_time_stamp': '20260506090000', 'end_time_stamp': '20260506120000', 'minute_interval': 5}
2026-05-07 17:53:42,692 - root - INFO - Successfully upserted 259 data points.
2026-05-07 17:53:42,692 - root - INFO - Fetching minute data with payload: {'ps_key_list': ['1614122_5_19_1', '1614122_5_16_1', '1614122_5_15_1', '1614122_5_14_1'], 'points': 'p2003,p2001,p2005,p2007,p2009,p2010,p2022,p2016,p2012', 'start_time_stamp': '20260506060000', 'end_time_stamp': '20260506090000', 'minute_interval': 5}
2026-05-07 17:53:42,844 - root - INFO - Successfully upserted 259 data points.
2026-05-07 17:53:42,845 - root - INFO - Fetching minute data with payload: {'ps_key_list': ['1614122_5_19_1', '1614122_5_16_1', '1614122_5_15_1', '1614122_5_14_1'], 'points': 'p2003,p2001,p2005,p2007,p2009,p2010,p2022,p2016,p2012', 'start_time_stamp': '20260506030000', 'end_time_stamp': '20260506060000', 'minute_interval': 5}
2026-05-07 17:53:43,267 - root - INFO - Response status code: 200
2026-05-07 17:53:43,268 - root - INFO - API response from https://sg5.fusionsolar.huawei.com/rest/openapi/pvms/nbi/v1/device/history (truncated): {'failCode': 0, 'success': True, 'message': 'historical data information query successful.', 'data': []}
2026-05-07 17:53:43,273 - root - INFO - API Response type: <class 'dict'>
2026-05-07 17:53:43,274 - root - INFO - API Response keys: ['failCode', 'success', 'message', 'data']
2026-05-07 17:53:43,274 - root - INFO - API Response data is a list with 0 items
2026-05-07 17:53:43,274 - root - INFO - API Response has failCode: 0, message: historical data information query successful.
2026-05-07 17:53:43,275 - root - INFO - Using alternate response format: data as list
2026-05-07 17:53:43,275 - root - INFO - No data points returned for the query period
2026-05-07 17:53:43,275 - root - INFO - Using single devDn for device/history (API: one device per query)
2026-05-07 17:53:43,281 - root - INFO - Fetching historical data for 1 devices of type meter
2026-05-07 17:53:43,281 - root - INFO - Making API request to: https://sg5.fusionsolar.huawei.com/rest/openapi/pvms/nbi/v1/device/history
2026-05-07 17:53:43,281 - root - INFO - Request payload: {'devDn': 'NE=61851548', 'devTypeId': 17, 'startTime': 1778000400000, 'endTime': 1778086799000}
2026-05-07 17:53:43,335 - root - INFO - Successfully upserted 111 data points.
2026-05-07 17:53:43,335 - root - INFO - Fetching minute data with payload: {'ps_key_list': ['1479456_5_16_2', '1479456_5_27_1', '1479456_5_23_1', '1479456_5_22_1', '1479456_5_15_2', '1479456_5_14_2', '1479456_5_5_1', '1479456_5_26_1', '1479456_5_25_1', '1479456_5_24_1', '1479456_5_10_2', '1479456_5_9_2', '1479456_5_21_1', '1479456_5_19_1', '1479456_5_18_1', '1479456_5_17_1'], 'points': 'p2003,p2001,p2005,p2007,p2009,p2010,p2022,p2016,p2012', 'start_time_stamp': '20260506180000', 'end_time_stamp': '20260506210000', 'minute_interval': 5}
2026-05-07 17:53:43,372 - root - INFO - Successfully upserted 148 data points.
2026-05-07 17:53:43,372 - root - INFO - Fetching minute data with payload: {'ps_key_list': ['1479456_5_16_2', '1479456_5_27_1', '1479456_5_23_1', '1479456_5_22_1', '1479456_5_15_2', '1479456_5_14_2', '1479456_5_5_1', '1479456_5_26_1', '1479456_5_25_1', '1479456_5_24_1', '1479456_5_10_2', '1479456_5_9_2', '1479456_5_21_1', '1479456_5_19_1', '1479456_5_18_1', '1479456_5_17_1'], 'points': 'p2003,p2001,p2005,p2007,p2009,p2010,p2022,p2016,p2012', 'start_time_stamp': '20260506120000', 'end_time_stamp': '20260506150000', 'minute_interval': 5}
2026-05-07 17:53:43,754 - root - INFO - Response status code: 200
2026-05-07 17:53:43,755 - root - INFO - API response from https://sg5.fusionsolar.huawei.com/rest/openapi/pvms/nbi/v1/device/history (truncated): {'failCode': 407, 'success': False, 'message': 'Interface access frequency:0.39333333333333337/1second', 'data': []}
2026-05-07 17:53:43,756 - root - WARNING - API access frequency too high. Waiting 30 seconds before retry...
2026-05-07 17:53:44,149 - root - INFO - Successfully upserted 111 data points.
2026-05-07 17:53:44,149 - root - INFO - Fetching minute data with payload: {'ps_key_list': ['1479456_5_16_2', '1479456_5_27_1', '1479456_5_23_1', '1479456_5_22_1', '1479456_5_15_2', '1479456_5_14_2', '1479456_5_5_1', '1479456_5_26_1', '1479456_5_25_1', '1479456_5_24_1', '1479456_5_10_2', '1479456_5_9_2', '1479456_5_21_1', '1479456_5_19_1', '1479456_5_18_1', '1479456_5_17_1'], 'points': 'p2003,p2001,p2005,p2007,p2009,p2010,p2022,p2016,p2012', 'start_time_stamp': '20260506000000', 'end_time_stamp': '20260506030000', 'minute_interval': 5}
2026-05-07 17:53:45,467 - root - INFO - Successfully upserted 137 data points.
2026-05-07 17:53:45,468 - root - INFO - Fetching minute data with payload: {'ps_key_list': ['1479456_5_16_2', '1479456_5_27_1', '1479456_5_23_1', '1479456_5_22_1', '1479456_5_15_2', '1479456_5_14_2', '1479456_5_5_1', '1479456_5_26_1', '1479456_5_25_1', '1479456_5_24_1', '1479456_5_10_2', '1479456_5_9_2', '1479456_5_21_1', '1479456_5_19_1', '1479456_5_18_1', '1479456_5_17_1'], 'points': 'p2003,p2001,p2005,p2007,p2009,p2010,p2022,p2016,p2012', 'start_time_stamp': '20260506150000', 'end_time_stamp': '20260506180000', 'minute_interval': 5}
2026-05-07 17:53:45,516 - root - INFO - Successfully upserted 216 data points.
2026-05-07 17:53:45,516 - root - INFO - Fetching minute data with payload: {'ps_key_list': ['1479456_1_12_1', '1479456_1_11_1', '1479456_1_10_1', '1479456_1_9_1', '1479456_1_8_1', '1479456_1_7_1', '1479456_1_6_1', '1479456_1_2_2', '1479456_1_5_2', '1479456_1_1_2', '1479456_1_8_2', '1479456_1_1_1', '1479456_1_4_2', '1479456_1_3_2', '1479456_1_16_1', '1479456_1_15_1', '1479456_1_14_1', '1479456_1_13_1'], 'points': 'p96,p97,p98,p99,p100,p101,p102,p103,p104,p105,p106,p107,p108,p109,p110,p111,p112,p113,p7166,p7167,p7168,p7169,p7170,p7171,p70,p71,p72,p73,p74,p75,p76,p77,p78,p79,p80,p81,p82,p83,p84,p85,p92,p93,p313,p314,p315,p316,p317,p318', 'start_time_stamp': '20260506210000', 'end_time_stamp': '20260506235959', 'minute_interval': 5}
2026-05-07 17:53:45,565 - root - INFO - Successfully upserted 103 data points.
2026-05-07 17:53:45,567 - root - INFO - Fetching minute data with payload: {'ps_key_list': ['1479456_1_12_1', '1479456_1_11_1', '1479456_1_10_1', '1479456_1_9_1', '1479456_1_8_1', '1479456_1_7_1', '1479456_1_6_1', '1479456_1_2_2', '1479456_1_5_2', '1479456_1_1_2', '1479456_1_8_2', '1479456_1_1_1', '1479456_1_4_2', '1479456_1_3_2', '1479456_1_16_1', '1479456_1_15_1', '1479456_1_14_1', '1479456_1_13_1'], 'points': 'p96,p97,p98,p99,p100,p101,p102,p103,p104,p105,p106,p107,p108,p109,p110,p111,p112,p113,p7166,p7167,p7168,p7169,p7170,p7171,p70,p71,p72,p73,p74,p75,p76,p77,p78,p79,p80,p81,p82,p83,p84,p85,p92,p93,p313,p314,p315,p316,p317,p318', 'start_time_stamp': '20260506090000', 'end_time_stamp': '20260506120000', 'minute_interval': 5}
2026-05-07 17:53:45,642 - root - INFO - Successfully upserted 144 data points.
2026-05-07 17:53:45,643 - root - INFO - Fetching minute data with payload: {'ps_key_list': ['1479456_5_16_2', '1479456_5_27_1', '1479456_5_23_1', '1479456_5_22_1', '1479456_5_15_2', '1479456_5_14_2', '1479456_5_5_1', '1479456_5_26_1', '1479456_5_25_1', '1479456_5_24_1', '1479456_5_10_2', '1479456_5_9_2', '1479456_5_21_1', '1479456_5_19_1', '1479456_5_18_1', '1479456_5_17_1'], 'points': 'p2003,p2001,p2005,p2007,p2009,p2010,p2022,p2016,p2012', 'start_time_stamp': '20260506060000', 'end_time_stamp': '20260506090000', 'minute_interval': 5}
2026-05-07 17:53:45,897 - root - INFO - Successfully upserted 111 data points.
2026-05-07 17:53:45,897 - root - INFO - Fetching minute data with payload: {'ps_key_list': ['1479456_5_16_2', '1479456_5_27_1', '1479456_5_23_1', '1479456_5_22_1', '1479456_5_15_2', '1479456_5_14_2', '1479456_5_5_1', '1479456_5_26_1', '1479456_5_25_1', '1479456_5_24_1', '1479456_5_10_2', '1479456_5_9_2', '1479456_5_21_1', '1479456_5_19_1', '1479456_5_18_1', '1479456_5_17_1'], 'points': 'p2003,p2001,p2005,p2007,p2009,p2010,p2022,p2016,p2012', 'start_time_stamp': '20260506030000', 'end_time_stamp': '20260506060000', 'minute_interval': 5}
2026-05-07 17:53:46,164 - root - INFO - Successfully upserted 153 data points.
2026-05-07 17:53:46,164 - root - INFO - Fetching minute data with payload: {'ps_key_list': ['1479456_1_12_1', '1479456_1_11_1', '1479456_1_10_1', '1479456_1_9_1', '1479456_1_8_1', '1479456_1_7_1', '1479456_1_6_1', '1479456_1_2_2', '1479456_1_5_2', '1479456_1_1_2', '1479456_1_8_2', '1479456_1_1_1', '1479456_1_4_2', '1479456_1_3_2', '1479456_1_16_1', '1479456_1_15_1', '1479456_1_14_1', '1479456_1_13_1'], 'points': 'p96,p97,p98,p99,p100,p101,p102,p103,p104,p105,p106,p107,p108,p109,p110,p111,p112,p113,p7166,p7167,p7168,p7169,p7170,p7171,p70,p71,p72,p73,p74,p75,p76,p77,p78,p79,p80,p81,p82,p83,p84,p85,p92,p93,p313,p314,p315,p316,p317,p318', 'start_time_stamp': '20260506120000', 'end_time_stamp': '20260506150000', 'minute_interval': 5}
2026-05-07 17:53:46,188 - root - INFO - Successfully upserted 222 data points.
2026-05-07 17:53:46,188 - root - INFO - Fetching minute data with payload: {'ps_key_list': ['1479456_1_12_1', '1479456_1_11_1', '1479456_1_10_1', '1479456_1_9_1', '1479456_1_8_1', '1479456_1_7_1', '1479456_1_6_1', '1479456_1_2_2', '1479456_1_5_2', '1479456_1_1_2', '1479456_1_8_2', '1479456_1_1_1', '1479456_1_4_2', '1479456_1_3_2', '1479456_1_16_1', '1479456_1_15_1', '1479456_1_14_1', '1479456_1_13_1'], 'points': 'p96,p97,p98,p99,p100,p101,p102,p103,p104,p105,p106,p107,p108,p109,p110,p111,p112,p113,p7166,p7167,p7168,p7169,p7170,p7171,p70,p71,p72,p73,p74,p75,p76,p77,p78,p79,p80,p81,p82,p83,p84,p85,p92,p93,p313,p314,p315,p316,p317,p318', 'start_time_stamp': '20260506180000', 'end_time_stamp': '20260506210000', 'minute_interval': 5}
2026-05-07 17:53:46,758 - root - INFO - Successfully upserted 37 data points.
2026-05-07 17:53:46,759 - root - INFO - Fetching minute data with payload: {'ps_key_list': ['1479456_1_12_1', '1479456_1_11_1', '1479456_1_10_1', '1479456_1_9_1', '1479456_1_8_1', '1479456_1_7_1', '1479456_1_6_1', '1479456_1_2_2', '1479456_1_5_2', '1479456_1_1_2', '1479456_1_8_2', '1479456_1_1_1', '1479456_1_4_2', '1479456_1_3_2', '1479456_1_16_1', '1479456_1_15_1', '1479456_1_14_1', '1479456_1_13_1'], 'points': 'p96,p97,p98,p99,p100,p101,p102,p103,p104,p105,p106,p107,p108,p109,p110,p111,p112,p113,p7166,p7167,p7168,p7169,p7170,p7171,p70,p71,p72,p73,p74,p75,p76,p77,p78,p79,p80,p81,p82,p83,p84,p85,p92,p93,p313,p314,p315,p316,p317,p318', 'start_time_stamp': '20260506000000', 'end_time_stamp': '20260506030000', 'minute_interval': 5}
2026-05-07 17:53:48,219 - root - INFO - Successfully upserted 222 data points.
2026-05-07 17:53:48,220 - root - INFO - Fetching minute data with payload: {'ps_key_list': ['1479456_1_12_1', '1479456_1_11_1', '1479456_1_10_1', '1479456_1_9_1', '1479456_1_8_1', '1479456_1_7_1', '1479456_1_6_1', '1479456_1_2_2', '1479456_1_5_2', '1479456_1_1_2', '1479456_1_8_2', '1479456_1_1_1', '1479456_1_4_2', '1479456_1_3_2', '1479456_1_16_1', '1479456_1_15_1', '1479456_1_14_1', '1479456_1_13_1'], 'points': 'p96,p97,p98,p99,p100,p101,p102,p103,p104,p105,p106,p107,p108,p109,p110,p111,p112,p113,p7166,p7167,p7168,p7169,p7170,p7171,p70,p71,p72,p73,p74,p75,p76,p77,p78,p79,p80,p81,p82,p83,p84,p85,p92,p93,p313,p314,p315,p316,p317,p318', 'start_time_stamp': '20260506150000', 'end_time_stamp': '20260506180000', 'minute_interval': 5}
2026-05-07 17:53:48,357 - root - INFO - Successfully upserted 58 data points.
2026-05-07 17:53:48,357 - root - INFO - Fetching minute data with payload: {'ps_key_list': ['1479456_1_12_1', '1479456_1_11_1', '1479456_1_10_1', '1479456_1_9_1', '1479456_1_8_1', '1479456_1_7_1', '1479456_1_6_1', '1479456_1_2_2', '1479456_1_5_2', '1479456_1_1_2', '1479456_1_8_2', '1479456_1_1_1', '1479456_1_4_2', '1479456_1_3_2', '1479456_1_16_1', '1479456_1_15_1', '1479456_1_14_1', '1479456_1_13_1'], 'points': 'p96,p97,p98,p99,p100,p101,p102,p103,p104,p105,p106,p107,p108,p109,p110,p111,p112,p113,p7166,p7167,p7168,p7169,p7170,p7171,p70,p71,p72,p73,p74,p75,p76,p77,p78,p79,p80,p81,p82,p83,p84,p85,p92,p93,p313,p314,p315,p316,p317,p318', 'start_time_stamp': '20260506060000', 'end_time_stamp': '20260506090000', 'minute_interval': 5}
2026-05-07 17:53:48,499 - root - INFO - Successfully upserted 37 data points.
2026-05-07 17:53:48,499 - root - INFO - Fetching minute data with payload: {'ps_key_list': ['1479456_1_12_1', '1479456_1_11_1', '1479456_1_10_1', '1479456_1_9_1', '1479456_1_8_1', '1479456_1_7_1', '1479456_1_6_1', '1479456_1_2_2', '1479456_1_5_2', '1479456_1_1_2', '1479456_1_8_2', '1479456_1_1_1', '1479456_1_4_2', '1479456_1_3_2', '1479456_1_16_1', '1479456_1_15_1', '1479456_1_14_1', '1479456_1_13_1'], 'points': 'p96,p97,p98,p99,p100,p101,p102,p103,p104,p105,p106,p107,p108,p109,p110,p111,p112,p113,p7166,p7167,p7168,p7169,p7170,p7171,p70,p71,p72,p73,p74,p75,p76,p77,p78,p79,p80,p81,p82,p83,p84,p85,p92,p93,p313,p314,p315,p316,p317,p318', 'start_time_stamp': '20260506030000', 'end_time_stamp': '20260506060000', 'minute_interval': 5}
2026-05-07 17:53:48,782 - root - INFO - Successfully upserted 648 data points.
2026-05-07 17:53:48,783 - root - INFO - Fetching minute data with payload: {'ps_key_list': ['1479456_7_3_1', '1479456_7_2_1', '1479456_7_4_1', '1479456_7_13_2', '1479456_7_12_2', '1479456_7_11_2', '1479456_7_20_1'], 'points': 'p8030,p8031,p8032,p8033,p8018,p8014', 'start_time_stamp': '20260506210000', 'end_time_stamp': '20260506235959', 'minute_interval': 5}
2026-05-07 17:53:48,972 - root - INFO - Successfully upserted 666 data points.
2026-05-07 17:53:48,973 - root - INFO - Fetching minute data with payload: {'ps_key_list': ['1479456_7_3_1', '1479456_7_2_1', '1479456_7_4_1', '1479456_7_13_2', '1479456_7_12_2', '1479456_7_11_2', '1479456_7_20_1'], 'points': 'p8030,p8031,p8032,p8033,p8018,p8014', 'start_time_stamp': '20260506090000', 'end_time_stamp': '20260506120000', 'minute_interval': 5}
2026-05-07 17:53:49,325 - root - INFO - Successfully upserted 666 data points.
2026-05-07 17:53:49,325 - root - INFO - Fetching minute data with payload: {'ps_key_list': ['1479456_7_3_1', '1479456_7_2_1', '1479456_7_4_1', '1479456_7_13_2', '1479456_7_12_2', '1479456_7_11_2', '1479456_7_20_1'], 'points': 'p8030,p8031,p8032,p8033,p8018,p8014', 'start_time_stamp': '20260506180000', 'end_time_stamp': '20260506210000', 'minute_interval': 5}
2026-05-07 17:53:49,454 - root - INFO - Successfully upserted 666 data points.
2026-05-07 17:53:49,454 - root - INFO - Fetching minute data with payload: {'ps_key_list': ['1479456_7_3_1', '1479456_7_2_1', '1479456_7_4_1', '1479456_7_13_2', '1479456_7_12_2', '1479456_7_11_2', '1479456_7_20_1'], 'points': 'p8030,p8031,p8032,p8033,p8018,p8014', 'start_time_stamp': '20260506120000', 'end_time_stamp': '20260506150000', 'minute_interval': 5}
2026-05-07 17:53:49,695 - root - INFO - Successfully upserted 666 data points.
2026-05-07 17:53:49,696 - root - INFO - Fetching minute data with payload: {'ps_key_list': ['1479456_7_3_1', '1479456_7_2_1', '1479456_7_4_1', '1479456_7_13_2', '1479456_7_12_2', '1479456_7_11_2', '1479456_7_20_1'], 'points': 'p8030,p8031,p8032,p8033,p8018,p8014', 'start_time_stamp': '20260506000000', 'end_time_stamp': '20260506030000', 'minute_interval': 5}
2026-05-07 17:53:51,182 - root - INFO - Successfully upserted 666 data points.
2026-05-07 17:53:51,183 - root - INFO - Fetching minute data with payload: {'ps_key_list': ['1479456_7_3_1', '1479456_7_2_1', '1479456_7_4_1', '1479456_7_13_2', '1479456_7_12_2', '1479456_7_11_2', '1479456_7_20_1'], 'points': 'p8030,p8031,p8032,p8033,p8018,p8014', 'start_time_stamp': '20260506150000', 'end_time_stamp': '20260506180000', 'minute_interval': 5}
2026-05-07 17:53:51,499 - root - INFO - Successfully upserted 216 data points.
2026-05-07 17:53:51,500 - root - INFO - Successfully upserted 666 data points.
2026-05-07 17:53:51,500 - root - INFO - Fetching minute data with payload: {'ps_key_list': ['1789614_5_9_1', '1789614_5_8_1'], 'points': 'p2003,p2001,p2005,p2007,p2009,p2010,p2022,p2016,p2012', 'start_time_stamp': '20260506210000', 'end_time_stamp': '20260506235959', 'minute_interval': 5}
2026-05-07 17:53:51,501 - root - INFO - Fetching minute data with payload: {'ps_key_list': ['1479456_7_3_1', '1479456_7_2_1', '1479456_7_4_1', '1479456_7_13_2', '1479456_7_12_2', '1479456_7_11_2', '1479456_7_20_1'], 'points': 'p8030,p8031,p8032,p8033,p8018,p8014', 'start_time_stamp': '20260506060000', 'end_time_stamp': '20260506090000', 'minute_interval': 5}
2026-05-07 17:53:51,595 - root - INFO - Successfully upserted 222 data points.
2026-05-07 17:53:51,595 - root - INFO - Fetching minute data with payload: {'ps_key_list': ['1789614_5_9_1', '1789614_5_8_1'], 'points': 'p2003,p2001,p2005,p2007,p2009,p2010,p2022,p2016,p2012', 'start_time_stamp': '20260506090000', 'end_time_stamp': '20260506120000', 'minute_interval': 5}
2026-05-07 17:53:51,811 - root - INFO - Successfully upserted 666 data points.
2026-05-07 17:53:51,811 - root - INFO - Fetching minute data with payload: {'ps_key_list': ['1479456_7_3_1', '1479456_7_2_1', '1479456_7_4_1', '1479456_7_13_2', '1479456_7_12_2', '1479456_7_11_2', '1479456_7_20_1'], 'points': 'p8030,p8031,p8032,p8033,p8018,p8014', 'start_time_stamp': '20260506030000', 'end_time_stamp': '20260506060000', 'minute_interval': 5}
2026-05-07 17:53:52,029 - root - INFO - Successfully upserted 222 data points.
2026-05-07 17:53:52,029 - root - INFO - Fetching minute data with payload: {'ps_key_list': ['1789614_5_9_1', '1789614_5_8_1'], 'points': 'p2003,p2001,p2005,p2007,p2009,p2010,p2022,p2016,p2012', 'start_time_stamp': '20260506180000', 'end_time_stamp': '20260506210000', 'minute_interval': 5}
2026-05-07 17:53:52,126 - root - INFO - Successfully upserted 222 data points.
2026-05-07 17:53:52,126 - root - INFO - Fetching minute data with payload: {'ps_key_list': ['1789614_5_9_1', '1789614_5_8_1'], 'points': 'p2003,p2001,p2005,p2007,p2009,p2010,p2022,p2016,p2012', 'start_time_stamp': '20260506120000', 'end_time_stamp': '20260506150000', 'minute_interval': 5}
2026-05-07 17:53:52,265 - root - INFO - Successfully upserted 222 data points.
2026-05-07 17:53:52,266 - root - INFO - Fetching minute data with payload: {'ps_key_list': ['1789614_5_9_1', '1789614_5_8_1'], 'points': 'p2003,p2001,p2005,p2007,p2009,p2010,p2022,p2016,p2012', 'start_time_stamp': '20260506000000', 'end_time_stamp': '20260506030000', 'minute_interval': 5}
2026-05-07 17:53:53,791 - root - INFO - Successfully upserted 222 data points.
2026-05-07 17:53:53,791 - root - INFO - Fetching minute data with payload: {'ps_key_list': ['1789614_5_9_1', '1789614_5_8_1'], 'points': 'p2003,p2001,p2005,p2007,p2009,p2010,p2022,p2016,p2012', 'start_time_stamp': '20260506150000', 'end_time_stamp': '20260506180000', 'minute_interval': 5}
2026-05-07 17:53:54,275 - root - INFO - Successfully upserted 72 data points.
2026-05-07 17:53:54,275 - root - INFO - Fetching minute data with payload: {'ps_key_list': ['1789614_7_7_1', '1789614_7_6_1'], 'points': 'p8030,p8031,p8032,p8033,p8018,p8014', 'start_time_stamp': '20260506210000', 'end_time_stamp': '20260506235959', 'minute_interval': 5}
2026-05-07 17:53:54,320 - root - INFO - Successfully upserted 222 data points.
2026-05-07 17:53:54,321 - root - INFO - Fetching minute data with payload: {'ps_key_list': ['1789614_5_9_1', '1789614_5_8_1'], 'points': 'p2003,p2001,p2005,p2007,p2009,p2010,p2022,p2016,p2012', 'start_time_stamp': '20260506060000', 'end_time_stamp': '20260506090000', 'minute_interval': 5}
2026-05-07 17:53:54,347 - root - INFO - Successfully upserted 74 data points.
2026-05-07 17:53:54,347 - root - INFO - Fetching minute data with payload: {'ps_key_list': ['1789614_7_7_1', '1789614_7_6_1'], 'points': 'p8030,p8031,p8032,p8033,p8018,p8014', 'start_time_stamp': '20260506090000', 'end_time_stamp': '20260506120000', 'minute_interval': 5}
2026-05-07 17:53:54,508 - root - INFO - Successfully upserted 222 data points.
2026-05-07 17:53:54,508 - root - INFO - Fetching minute data with payload: {'ps_key_list': ['1789614_5_9_1', '1789614_5_8_1'], 'points': 'p2003,p2001,p2005,p2007,p2009,p2010,p2022,p2016,p2012', 'start_time_stamp': '20260506030000', 'end_time_stamp': '20260506060000', 'minute_interval': 5}
2026-05-07 17:53:54,753 - root - INFO - Successfully upserted 74 data points.
2026-05-07 17:53:54,754 - root - INFO - Fetching minute data with payload: {'ps_key_list': ['1789614_7_7_1', '1789614_7_6_1'], 'points': 'p8030,p8031,p8032,p8033,p8018,p8014', 'start_time_stamp': '20260506120000', 'end_time_stamp': '20260506150000', 'minute_interval': 5}
2026-05-07 17:53:54,765 - root - INFO - Successfully upserted 74 data points.
2026-05-07 17:53:54,765 - root - INFO - Fetching minute data with payload: {'ps_key_list': ['1789614_7_7_1', '1789614_7_6_1'], 'points': 'p8030,p8031,p8032,p8033,p8018,p8014', 'start_time_stamp': '20260506180000', 'end_time_stamp': '20260506210000', 'minute_interval': 5}
2026-05-07 17:53:54,830 - root - INFO - Successfully upserted 74 data points.
2026-05-07 17:53:54,832 - root - INFO - Fetching minute data with payload: {'ps_key_list': ['1789614_7_7_1', '1789614_7_6_1'], 'points': 'p8030,p8031,p8032,p8033,p8018,p8014', 'start_time_stamp': '20260506000000', 'end_time_stamp': '20260506030000', 'minute_interval': 5}
2026-05-07 17:53:56,289 - root - INFO - Successfully upserted 74 data points.
2026-05-07 17:53:56,290 - root - INFO - Fetching minute data with payload: {'ps_key_list': ['1789614_7_7_1', '1789614_7_6_1'], 'points': 'p8030,p8031,p8032,p8033,p8018,p8014', 'start_time_stamp': '20260506150000', 'end_time_stamp': '20260506180000', 'minute_interval': 5}
2026-05-07 17:53:56,952 - root - INFO - Successfully upserted 72 data points.
2026-05-07 17:53:56,952 - root - INFO - Fetching minute data with payload: {'ps_key_list': ['1789614_1_4_1', '1789614_1_3_1', '1789614_1_2_1', '1789614_1_1_1'], 'points': 'p96,p97,p98,p99,p100,p101,p102,p103,p104,p105,p106,p107,p108,p109,p110,p111,p112,p113,p7166,p7167,p7168,p7169,p7170,p7171,p70,p71,p72,p73,p74,p75,p76,p77,p78,p79,p80,p81,p82,p83,p84,p85,p92,p93,p313,p314,p315,p316,p317,p318', 'start_time_stamp': '20260506210000', 'end_time_stamp': '20260506235959', 'minute_interval': 5}
2026-05-07 17:53:57,024 - root - INFO - Successfully upserted 74 data points.
2026-05-07 17:53:57,024 - root - INFO - Fetching minute data with payload: {'ps_key_list': ['1789614_1_4_1', '1789614_1_3_1', '1789614_1_2_1', '1789614_1_1_1'], 'points': 'p96,p97,p98,p99,p100,p101,p102,p103,p104,p105,p106,p107,p108,p109,p110,p111,p112,p113,p7166,p7167,p7168,p7169,p7170,p7171,p70,p71,p72,p73,p74,p75,p76,p77,p78,p79,p80,p81,p82,p83,p84,p85,p92,p93,p313,p314,p315,p316,p317,p318', 'start_time_stamp': '20260506090000', 'end_time_stamp': '20260506120000', 'minute_interval': 5}
2026-05-07 17:53:57,030 - root - INFO - Successfully upserted 74 data points.
2026-05-07 17:53:57,030 - root - INFO - Fetching minute data with payload: {'ps_key_list': ['1789614_7_7_1', '1789614_7_6_1'], 'points': 'p8030,p8031,p8032,p8033,p8018,p8014', 'start_time_stamp': '20260506060000', 'end_time_stamp': '20260506090000', 'minute_interval': 5}
2026-05-07 17:53:57,187 - root - INFO - Successfully upserted 74 data points.
2026-05-07 17:53:57,187 - root - INFO - Fetching minute data with payload: {'ps_key_list': ['1789614_7_7_1', '1789614_7_6_1'], 'points': 'p8030,p8031,p8032,p8033,p8018,p8014', 'start_time_stamp': '20260506030000', 'end_time_stamp': '20260506060000', 'minute_interval': 5}
2026-05-07 17:53:57,408 - root - INFO - Successfully upserted 74 data points.
2026-05-07 17:53:57,409 - root - INFO - Fetching minute data with payload: {'ps_key_list': ['1789614_1_4_1', '1789614_1_3_1', '1789614_1_2_1', '1789614_1_1_1'], 'points': 'p96,p97,p98,p99,p100,p101,p102,p103,p104,p105,p106,p107,p108,p109,p110,p111,p112,p113,p7166,p7167,p7168,p7169,p7170,p7171,p70,p71,p72,p73,p74,p75,p76,p77,p78,p79,p80,p81,p82,p83,p84,p85,p92,p93,p313,p314,p315,p316,p317,p318', 'start_time_stamp': '20260506120000', 'end_time_stamp': '20260506150000', 'minute_interval': 5}
2026-05-07 17:53:57,440 - root - INFO - Successfully upserted 74 data points.
2026-05-07 17:53:57,441 - root - INFO - Fetching minute data with payload: {'ps_key_list': ['1789614_1_4_1', '1789614_1_3_1', '1789614_1_2_1', '1789614_1_1_1'], 'points': 'p96,p97,p98,p99,p100,p101,p102,p103,p104,p105,p106,p107,p108,p109,p110,p111,p112,p113,p7166,p7167,p7168,p7169,p7170,p7171,p70,p71,p72,p73,p74,p75,p76,p77,p78,p79,p80,p81,p82,p83,p84,p85,p92,p93,p313,p314,p315,p316,p317,p318', 'start_time_stamp': '20260506180000', 'end_time_stamp': '20260506210000', 'minute_interval': 5}
2026-05-07 17:53:57,570 - root - INFO - Successfully upserted 74 data points.
2026-05-07 17:53:57,579 - root - INFO - Fetching minute data with payload: {'ps_key_list': ['1789614_1_4_1', '1789614_1_3_1', '1789614_1_2_1', '1789614_1_1_1'], 'points': 'p96,p97,p98,p99,p100,p101,p102,p103,p104,p105,p106,p107,p108,p109,p110,p111,p112,p113,p7166,p7167,p7168,p7169,p7170,p7171,p70,p71,p72,p73,p74,p75,p76,p77,p78,p79,p80,p81,p82,p83,p84,p85,p92,p93,p313,p314,p315,p316,p317,p318', 'start_time_stamp': '20260506000000', 'end_time_stamp': '20260506030000', 'minute_interval': 5}
2026-05-07 17:53:58,784 - root - INFO - Successfully upserted 74 data points.
2026-05-07 17:53:58,785 - root - INFO - Fetching minute data with payload: {'ps_key_list': ['1789614_1_4_1', '1789614_1_3_1', '1789614_1_2_1', '1789614_1_1_1'], 'points': 'p96,p97,p98,p99,p100,p101,p102,p103,p104,p105,p106,p107,p108,p109,p110,p111,p112,p113,p7166,p7167,p7168,p7169,p7170,p7171,p70,p71,p72,p73,p74,p75,p76,p77,p78,p79,p80,p81,p82,p83,p84,p85,p92,p93,p313,p314,p315,p316,p317,p318', 'start_time_stamp': '20260506150000', 'end_time_stamp': '20260506180000', 'minute_interval': 5}
2026-05-07 17:53:59,769 - root - INFO - Successfully upserted 144 data points.
2026-05-07 17:53:59,769 - root - INFO - Fetching minute data with payload: {'ps_key_list': ['1453245_7_15_1', '1453245_7_14_1', '1453245_7_16_1', '1453245_7_12_1', '1453245_7_9_1', '1453245_7_8_1', '1453245_7_17_1', '1453245_7_7_1'], 'points': 'p8030,p8031,p8032,p8033,p8018,p8014', 'start_time_stamp': '20260506210000', 'end_time_stamp': '20260506235959', 'minute_interval': 5}
2026-05-07 17:53:59,829 - root - INFO - Successfully upserted 74 data points.
2026-05-07 17:53:59,829 - root - INFO - Fetching minute data with payload: {'ps_key_list': ['1789614_1_4_1', '1789614_1_3_1', '1789614_1_2_1', '1789614_1_1_1'], 'points': 'p96,p97,p98,p99,p100,p101,p102,p103,p104,p105,p106,p107,p108,p109,p110,p111,p112,p113,p7166,p7167,p7168,p7169,p7170,p7171,p70,p71,p72,p73,p74,p75,p76,p77,p78,p79,p80,p81,p82,p83,p84,p85,p92,p93,p313,p314,p315,p316,p317,p318', 'start_time_stamp': '20260506060000', 'end_time_stamp': '20260506090000', 'minute_interval': 5}
2026-05-07 17:53:59,900 - root - INFO - Successfully upserted 148 data points.
2026-05-07 17:53:59,900 - root - INFO - Fetching minute data with payload: {'ps_key_list': ['1453245_7_15_1', '1453245_7_14_1', '1453245_7_16_1', '1453245_7_12_1', '1453245_7_9_1', '1453245_7_8_1', '1453245_7_17_1', '1453245_7_7_1'], 'points': 'p8030,p8031,p8032,p8033,p8018,p8014', 'start_time_stamp': '20260506090000', 'end_time_stamp': '20260506120000', 'minute_interval': 5}
2026-05-07 17:53:59,959 - root - INFO - Successfully upserted 74 data points.
2026-05-07 17:53:59,959 - root - INFO - Fetching minute data with payload: {'ps_key_list': ['1789614_1_4_1', '1789614_1_3_1', '1789614_1_2_1', '1789614_1_1_1'], 'points': 'p96,p97,p98,p99,p100,p101,p102,p103,p104,p105,p106,p107,p108,p109,p110,p111,p112,p113,p7166,p7167,p7168,p7169,p7170,p7171,p70,p71,p72,p73,p74,p75,p76,p77,p78,p79,p80,p81,p82,p83,p84,p85,p92,p93,p313,p314,p315,p316,p317,p318', 'start_time_stamp': '20260506030000', 'end_time_stamp': '20260506060000', 'minute_interval': 5}
2026-05-07 17:54:00,186 - root - INFO - Successfully upserted 148 data points.
2026-05-07 17:54:00,187 - root - INFO - Fetching minute data with payload: {'ps_key_list': ['1453245_7_15_1', '1453245_7_14_1', '1453245_7_16_1', '1453245_7_12_1', '1453245_7_9_1', '1453245_7_8_1', '1453245_7_17_1', '1453245_7_7_1'], 'points': 'p8030,p8031,p8032,p8033,p8018,p8014', 'start_time_stamp': '20260506120000', 'end_time_stamp': '20260506150000', 'minute_interval': 5}
2026-05-07 17:54:00,282 - root - INFO - Successfully upserted 148 data points.
2026-05-07 17:54:00,282 - root - INFO - Fetching minute data with payload: {'ps_key_list': ['1453245_7_15_1', '1453245_7_14_1', '1453245_7_16_1', '1453245_7_12_1', '1453245_7_9_1', '1453245_7_8_1', '1453245_7_17_1', '1453245_7_7_1'], 'points': 'p8030,p8031,p8032,p8033,p8018,p8014', 'start_time_stamp': '20260506180000', 'end_time_stamp': '20260506210000', 'minute_interval': 5}
2026-05-07 17:54:00,966 - root - INFO - Successfully upserted 148 data points.
2026-05-07 17:54:00,966 - root - INFO - Fetching minute data with payload: {'ps_key_list': ['1453245_7_15_1', '1453245_7_14_1', '1453245_7_16_1', '1453245_7_12_1', '1453245_7_9_1', '1453245_7_8_1', '1453245_7_17_1', '1453245_7_7_1'], 'points': 'p8030,p8031,p8032,p8033,p8018,p8014', 'start_time_stamp': '20260506000000', 'end_time_stamp': '20260506030000', 'minute_interval': 5}
2026-05-07 17:54:01,315 - root - INFO - Successfully upserted 148 data points.
2026-05-07 17:54:01,315 - root - INFO - Fetching minute data with payload: {'ps_key_list': ['1453245_7_15_1', '1453245_7_14_1', '1453245_7_16_1', '1453245_7_12_1', '1453245_7_9_1', '1453245_7_8_1', '1453245_7_17_1', '1453245_7_7_1'], 'points': 'p8030,p8031,p8032,p8033,p8018,p8014', 'start_time_stamp': '20260506150000', 'end_time_stamp': '20260506180000', 'minute_interval': 5}
2026-05-07 17:54:02,676 - root - INFO - Successfully upserted 288 data points.
2026-05-07 17:54:02,677 - root - INFO - Fetching minute data with payload: {'ps_key_list': ['1453245_5_13_1', '1453245_5_11_1', '1453245_5_10_1', '1453245_5_9_1'], 'points': 'p2003,p2001,p2005,p2007,p2009,p2010,p2022,p2016,p2012', 'start_time_stamp': '20260506210000', 'end_time_stamp': '20260506235959', 'minute_interval': 5}
2026-05-07 17:54:02,770 - root - INFO - Successfully upserted 148 data points.
2026-05-07 17:54:02,770 - root - INFO - Fetching minute data with payload: {'ps_key_list': ['1453245_7_15_1', '1453245_7_14_1', '1453245_7_16_1', '1453245_7_12_1', '1453245_7_9_1', '1453245_7_8_1', '1453245_7_17_1', '1453245_7_7_1'], 'points': 'p8030,p8031,p8032,p8033,p8018,p8014', 'start_time_stamp': '20260506060000', 'end_time_stamp': '20260506090000', 'minute_interval': 5}
2026-05-07 17:54:02,846 - root - INFO - Successfully upserted 148 data points.
2026-05-07 17:54:02,846 - root - INFO - Fetching minute data with payload: {'ps_key_list': ['1453245_7_15_1', '1453245_7_14_1', '1453245_7_16_1', '1453245_7_12_1', '1453245_7_9_1', '1453245_7_8_1', '1453245_7_17_1', '1453245_7_7_1'], 'points': 'p8030,p8031,p8032,p8033,p8018,p8014', 'start_time_stamp': '20260506030000', 'end_time_stamp': '20260506060000', 'minute_interval': 5}
2026-05-07 17:54:02,877 - root - INFO - Successfully upserted 296 data points.
2026-05-07 17:54:02,879 - root - INFO - Fetching minute data with payload: {'ps_key_list': ['1453245_5_13_1', '1453245_5_11_1', '1453245_5_10_1', '1453245_5_9_1'], 'points': 'p2003,p2001,p2005,p2007,p2009,p2010,p2022,p2016,p2012', 'start_time_stamp': '20260506090000', 'end_time_stamp': '20260506120000', 'minute_interval': 5}
2026-05-07 17:54:03,140 - root - INFO - Successfully upserted 296 data points.
2026-05-07 17:54:03,141 - root - INFO - Fetching minute data with payload: {'ps_key_list': ['1453245_5_13_1', '1453245_5_11_1', '1453245_5_10_1', '1453245_5_9_1'], 'points': 'p2003,p2001,p2005,p2007,p2009,p2010,p2022,p2016,p2012', 'start_time_stamp': '20260506180000', 'end_time_stamp': '20260506210000', 'minute_interval': 5}
2026-05-07 17:54:03,142 - root - INFO - Successfully upserted 296 data points.
2026-05-07 17:54:03,144 - root - INFO - Fetching minute data with payload: {'ps_key_list': ['1453245_5_13_1', '1453245_5_11_1', '1453245_5_10_1', '1453245_5_9_1'], 'points': 'p2003,p2001,p2005,p2007,p2009,p2010,p2022,p2016,p2012', 'start_time_stamp': '20260506120000', 'end_time_stamp': '20260506150000', 'minute_interval': 5}
2026-05-07 17:54:03,550 - root - INFO - Successfully upserted 296 data points.
2026-05-07 17:54:03,550 - root - INFO - Fetching minute data with payload: {'ps_key_list': ['1453245_5_13_1', '1453245_5_11_1', '1453245_5_10_1', '1453245_5_9_1'], 'points': 'p2003,p2001,p2005,p2007,p2009,p2010,p2022,p2016,p2012', 'start_time_stamp': '20260506000000', 'end_time_stamp': '20260506030000', 'minute_interval': 5}
2026-05-07 17:54:03,977 - root - INFO - Successfully upserted 296 data points.
2026-05-07 17:54:03,978 - root - INFO - Fetching minute data with payload: {'ps_key_list': ['1453245_5_13_1', '1453245_5_11_1', '1453245_5_10_1', '1453245_5_9_1'], 'points': 'p2003,p2001,p2005,p2007,p2009,p2010,p2022,p2016,p2012', 'start_time_stamp': '20260506150000', 'end_time_stamp': '20260506180000', 'minute_interval': 5}
2026-05-07 17:54:05,435 - root - INFO - Successfully upserted 72 data points.
2026-05-07 17:54:05,435 - root - INFO - Fetching minute data with payload: {'ps_key_list': ['1453245_1_3_1', '1453245_1_4_1', '1453245_1_5_1', '1453245_1_6_1', '1453245_1_1_1', '1453245_1_2_1'], 'points': 'p96,p97,p98,p99,p100,p101,p102,p103,p104,p105,p106,p107,p108,p109,p110,p111,p112,p113,p7166,p7167,p7168,p7169,p7170,p7171,p70,p71,p72,p73,p74,p75,p76,p77,p78,p79,p80,p81,p82,p83,p84,p85,p92,p93,p313,p314,p315,p316,p317,p318', 'start_time_stamp': '20260506210000', 'end_time_stamp': '20260506235959', 'minute_interval': 5}
2026-05-07 17:54:05,679 - root - INFO - Successfully upserted 74 data points.
2026-05-07 17:54:05,679 - root - INFO - Fetching minute data with payload: {'ps_key_list': ['1453245_1_3_1', '1453245_1_4_1', '1453245_1_5_1', '1453245_1_6_1', '1453245_1_1_1', '1453245_1_2_1'], 'points': 'p96,p97,p98,p99,p100,p101,p102,p103,p104,p105,p106,p107,p108,p109,p110,p111,p112,p113,p7166,p7167,p7168,p7169,p7170,p7171,p70,p71,p72,p73,p74,p75,p76,p77,p78,p79,p80,p81,p82,p83,p84,p85,p92,p93,p313,p314,p315,p316,p317,p318', 'start_time_stamp': '20260506090000', 'end_time_stamp': '20260506120000', 'minute_interval': 5}
2026-05-07 17:54:05,833 - root - INFO - Successfully upserted 296 data points.
2026-05-07 17:54:05,847 - root - INFO - Fetching minute data with payload: {'ps_key_list': ['1453245_5_13_1', '1453245_5_11_1', '1453245_5_10_1', '1453245_5_9_1'], 'points': 'p2003,p2001,p2005,p2007,p2009,p2010,p2022,p2016,p2012', 'start_time_stamp': '20260506060000', 'end_time_stamp': '20260506090000', 'minute_interval': 5}
2026-05-07 17:54:05,847 - root - INFO - Successfully upserted 74 data points.
2026-05-07 17:54:05,850 - root - INFO - Fetching minute data with payload: {'ps_key_list': ['1453245_1_3_1', '1453245_1_4_1', '1453245_1_5_1', '1453245_1_6_1', '1453245_1_1_1', '1453245_1_2_1'], 'points': 'p96,p97,p98,p99,p100,p101,p102,p103,p104,p105,p106,p107,p108,p109,p110,p111,p112,p113,p7166,p7167,p7168,p7169,p7170,p7171,p70,p71,p72,p73,p74,p75,p76,p77,p78,p79,p80,p81,p82,p83,p84,p85,p92,p93,p313,p314,p315,p316,p317,p318', 'start_time_stamp': '20260506180000', 'end_time_stamp': '20260506210000', 'minute_interval': 5}
2026-05-07 17:54:05,903 - root - INFO - Successfully upserted 75 data points.
2026-05-07 17:54:05,937 - root - INFO - Fetching minute data with payload: {'ps_key_list': ['1453245_1_3_1', '1453245_1_4_1', '1453245_1_5_1', '1453245_1_6_1', '1453245_1_1_1', '1453245_1_2_1'], 'points': 'p96,p97,p98,p99,p100,p101,p102,p103,p104,p105,p106,p107,p108,p109,p110,p111,p112,p113,p7166,p7167,p7168,p7169,p7170,p7171,p70,p71,p72,p73,p74,p75,p76,p77,p78,p79,p80,p81,p82,p83,p84,p85,p92,p93,p313,p314,p315,p316,p317,p318', 'start_time_stamp': '20260506120000', 'end_time_stamp': '20260506150000', 'minute_interval': 5}
2026-05-07 17:54:05,938 - root - INFO - Successfully upserted 296 data points.
2026-05-07 17:54:05,939 - root - INFO - Fetching minute data with payload: {'ps_key_list': ['1453245_5_13_1', '1453245_5_11_1', '1453245_5_10_1', '1453245_5_9_1'], 'points': 'p2003,p2001,p2005,p2007,p2009,p2010,p2022,p2016,p2012', 'start_time_stamp': '20260506030000', 'end_time_stamp': '20260506060000', 'minute_interval': 5}
2026-05-07 17:54:06,287 - root - INFO - Successfully upserted 74 data points.
2026-05-07 17:54:06,287 - root - INFO - Fetching minute data with payload: {'ps_key_list': ['1453245_1_3_1', '1453245_1_4_1', '1453245_1_5_1', '1453245_1_6_1', '1453245_1_1_1', '1453245_1_2_1'], 'points': 'p96,p97,p98,p99,p100,p101,p102,p103,p104,p105,p106,p107,p108,p109,p110,p111,p112,p113,p7166,p7167,p7168,p7169,p7170,p7171,p70,p71,p72,p73,p74,p75,p76,p77,p78,p79,p80,p81,p82,p83,p84,p85,p92,p93,p313,p314,p315,p316,p317,p318', 'start_time_stamp': '20260506000000', 'end_time_stamp': '20260506030000', 'minute_interval': 5}
2026-05-07 17:54:06,519 - root - INFO - Successfully upserted 74 data points.
2026-05-07 17:54:06,520 - root - INFO - Fetching minute data with payload: {'ps_key_list': ['1453245_1_3_1', '1453245_1_4_1', '1453245_1_5_1', '1453245_1_6_1', '1453245_1_1_1', '1453245_1_2_1'], 'points': 'p96,p97,p98,p99,p100,p101,p102,p103,p104,p105,p106,p107,p108,p109,p110,p111,p112,p113,p7166,p7167,p7168,p7169,p7170,p7171,p70,p71,p72,p73,p74,p75,p76,p77,p78,p79,p80,p81,p82,p83,p84,p85,p92,p93,p313,p314,p315,p316,p317,p318', 'start_time_stamp': '20260506150000', 'end_time_stamp': '20260506180000', 'minute_interval': 5}
2026-05-07 17:54:08,122 - root - INFO - Successfully upserted 216 data points.
2026-05-07 17:54:08,123 - root - INFO - Fetching minute data with payload: {'ps_key_list': ['1449886_7_13_1', '1449886_7_11_1', '1449886_7_9_1', '1449886_7_8_1', '1449886_7_7_1'], 'points': 'p8030,p8031,p8032,p8033,p8018,p8014', 'start_time_stamp': '20260506210000', 'end_time_stamp': '20260506235959', 'minute_interval': 5}
2026-05-07 17:54:08,685 - root - INFO - Successfully upserted 222 data points.
2026-05-07 17:54:08,685 - root - INFO - Fetching minute data with payload: {'ps_key_list': ['1449886_7_13_1', '1449886_7_11_1', '1449886_7_9_1', '1449886_7_8_1', '1449886_7_7_1'], 'points': 'p8030,p8031,p8032,p8033,p8018,p8014', 'start_time_stamp': '20260506090000', 'end_time_stamp': '20260506120000', 'minute_interval': 5}
2026-05-07 17:54:08,754 - root - INFO - Successfully upserted 74 data points.
2026-05-07 17:54:08,754 - root - INFO - Fetching minute data with payload: {'ps_key_list': ['1453245_1_3_1', '1453245_1_4_1', '1453245_1_5_1', '1453245_1_6_1', '1453245_1_1_1', '1453245_1_2_1'], 'points': 'p96,p97,p98,p99,p100,p101,p102,p103,p104,p105,p106,p107,p108,p109,p110,p111,p112,p113,p7166,p7167,p7168,p7169,p7170,p7171,p70,p71,p72,p73,p74,p75,p76,p77,p78,p79,p80,p81,p82,p83,p84,p85,p92,p93,p313,p314,p315,p316,p317,p318', 'start_time_stamp': '20260506060000', 'end_time_stamp': '20260506090000', 'minute_interval': 5}
2026-05-07 17:54:08,779 - root - INFO - Successfully upserted 222 data points.
2026-05-07 17:54:08,780 - root - INFO - Fetching minute data with payload: {'ps_key_list': ['1449886_7_13_1', '1449886_7_11_1', '1449886_7_9_1', '1449886_7_8_1', '1449886_7_7_1'], 'points': 'p8030,p8031,p8032,p8033,p8018,p8014', 'start_time_stamp': '20260506180000', 'end_time_stamp': '20260506210000', 'minute_interval': 5}
2026-05-07 17:54:08,905 - root - INFO - Successfully upserted 222 data points.
2026-05-07 17:54:08,933 - root - INFO - Successfully upserted 74 data points.
2026-05-07 17:54:08,936 - root - INFO - Fetching minute data with payload: {'ps_key_list': ['1449886_7_13_1', '1449886_7_11_1', '1449886_7_9_1', '1449886_7_8_1', '1449886_7_7_1'], 'points': 'p8030,p8031,p8032,p8033,p8018,p8014', 'start_time_stamp': '20260506120000', 'end_time_stamp': '20260506150000', 'minute_interval': 5}
2026-05-07 17:54:08,936 - root - INFO - Fetching minute data with payload: {'ps_key_list': ['1453245_1_3_1', '1453245_1_4_1', '1453245_1_5_1', '1453245_1_6_1', '1453245_1_1_1', '1453245_1_2_1'], 'points': 'p96,p97,p98,p99,p100,p101,p102,p103,p104,p105,p106,p107,p108,p109,p110,p111,p112,p113,p7166,p7167,p7168,p7169,p7170,p7171,p70,p71,p72,p73,p74,p75,p76,p77,p78,p79,p80,p81,p82,p83,p84,p85,p92,p93,p313,p314,p315,p316,p317,p318', 'start_time_stamp': '20260506030000', 'end_time_stamp': '20260506060000', 'minute_interval': 5}
2026-05-07 17:54:08,998 - root - INFO - Successfully upserted 222 data points.
2026-05-07 17:54:08,999 - root - INFO - Fetching minute data with payload: {'ps_key_list': ['1449886_7_13_1', '1449886_7_11_1', '1449886_7_9_1', '1449886_7_8_1', '1449886_7_7_1'], 'points': 'p8030,p8031,p8032,p8033,p8018,p8014', 'start_time_stamp': '20260506000000', 'end_time_stamp': '20260506030000', 'minute_interval': 5}
2026-05-07 17:54:09,244 - root - INFO - Successfully upserted 222 data points.
2026-05-07 17:54:09,245 - root - INFO - Fetching minute data with payload: {'ps_key_list': ['1449886_7_13_1', '1449886_7_11_1', '1449886_7_9_1', '1449886_7_8_1', '1449886_7_7_1'], 'points': 'p8030,p8031,p8032,p8033,p8018,p8014', 'start_time_stamp': '20260506150000', 'end_time_stamp': '20260506180000', 'minute_interval': 5}
2026-05-07 17:54:10,645 - root - INFO - Successfully upserted 144 data points.
2026-05-07 17:54:10,646 - root - INFO - Fetching minute data with payload: {'ps_key_list': ['1449886_5_12_1', '1449886_5_6_1', '1449886_5_4_1', '1449886_5_5_1'], 'points': 'p2003,p2001,p2005,p2007,p2009,p2010,p2022,p2016,p2012', 'start_time_stamp': '20260506210000', 'end_time_stamp': '20260506235959', 'minute_interval': 5}
2026-05-07 17:54:11,550 - root - INFO - Successfully upserted 148 data points.
2026-05-07 17:54:11,550 - root - INFO - Fetching minute data with payload: {'ps_key_list': ['1449886_5_12_1', '1449886_5_6_1', '1449886_5_4_1', '1449886_5_5_1'], 'points': 'p2003,p2001,p2005,p2007,p2009,p2010,p2022,p2016,p2012', 'start_time_stamp': '20260506090000', 'end_time_stamp': '20260506120000', 'minute_interval': 5}
2026-05-07 17:54:11,810 - root - INFO - Successfully upserted 148 data points.
2026-05-07 17:54:11,811 - root - INFO - Fetching minute data with payload: {'ps_key_list': ['1449886_5_12_1', '1449886_5_6_1', '1449886_5_4_1', '1449886_5_5_1'], 'points': 'p2003,p2001,p2005,p2007,p2009,p2010,p2022,p2016,p2012', 'start_time_stamp': '20260506120000', 'end_time_stamp': '20260506150000', 'minute_interval': 5}
2026-05-07 17:54:11,869 - root - INFO - Successfully upserted 148 data points.
2026-05-07 17:54:11,869 - root - INFO - Fetching minute data with payload: {'ps_key_list': ['1449886_5_12_1', '1449886_5_6_1', '1449886_5_4_1', '1449886_5_5_1'], 'points': 'p2003,p2001,p2005,p2007,p2009,p2010,p2022,p2016,p2012', 'start_time_stamp': '20260506180000', 'end_time_stamp': '20260506210000', 'minute_interval': 5}
2026-05-07 17:54:11,908 - root - INFO - Successfully upserted 222 data points.
2026-05-07 17:54:11,909 - root - INFO - Fetching minute data with payload: {'ps_key_list': ['1449886_7_13_1', '1449886_7_11_1', '1449886_7_9_1', '1449886_7_8_1', '1449886_7_7_1'], 'points': 'p8030,p8031,p8032,p8033,p8018,p8014', 'start_time_stamp': '20260506060000', 'end_time_stamp': '20260506090000', 'minute_interval': 5}
2026-05-07 17:54:12,021 - root - INFO - Successfully upserted 148 data points.
2026-05-07 17:54:12,118 - root - INFO - Successfully upserted 148 data points.
2026-05-07 17:54:12,125 - root - INFO - Fetching minute data with payload: {'ps_key_list': ['1449886_5_12_1', '1449886_5_6_1', '1449886_5_4_1', '1449886_5_5_1'], 'points': 'p2003,p2001,p2005,p2007,p2009,p2010,p2022,p2016,p2012', 'start_time_stamp': '20260506150000', 'end_time_stamp': '20260506180000', 'minute_interval': 5}
2026-05-07 17:54:12,125 - root - INFO - Fetching minute data with payload: {'ps_key_list': ['1449886_5_12_1', '1449886_5_6_1', '1449886_5_4_1', '1449886_5_5_1'], 'points': 'p2003,p2001,p2005,p2007,p2009,p2010,p2022,p2016,p2012', 'start_time_stamp': '20260506000000', 'end_time_stamp': '20260506030000', 'minute_interval': 5}
2026-05-07 17:54:12,126 - root - INFO - Successfully upserted 222 data points.
2026-05-07 17:54:12,127 - root - INFO - Fetching minute data with payload: {'ps_key_list': ['1449886_7_13_1', '1449886_7_11_1', '1449886_7_9_1', '1449886_7_8_1', '1449886_7_7_1'], 'points': 'p8030,p8031,p8032,p8033,p8018,p8014', 'start_time_stamp': '20260506030000', 'end_time_stamp': '20260506060000', 'minute_interval': 5}
2026-05-07 17:54:13,255 - root - INFO - Successfully upserted 144 data points.
2026-05-07 17:54:13,256 - root - INFO - Fetching minute data with payload: {'ps_key_list': ['1449886_1_2_1', '1449886_1_1_1', '1449886_1_3_1'], 'points': 'p96,p97,p98,p99,p100,p101,p102,p103,p104,p105,p106,p107,p108,p109,p110,p111,p112,p113,p7166,p7167,p7168,p7169,p7170,p7171,p70,p71,p72,p73,p74,p75,p76,p77,p78,p79,p80,p81,p82,p83,p84,p85,p92,p93,p313,p314,p315,p316,p317,p318', 'start_time_stamp': '20260506210000', 'end_time_stamp': '20260506235959', 'minute_interval': 5}
2026-05-07 17:54:13,757 - root - INFO - Retrying API request after rate limit wait...
2026-05-07 17:54:13,757 - root - INFO - Making API request to: https://sg5.fusionsolar.huawei.com/rest/openapi/pvms/nbi/v1/device/history
2026-05-07 17:54:13,758 - root - INFO - Request payload: {'devDn': 'NE=61851548', 'devTypeId': 17, 'startTime': 1778000400000, 'endTime': 1778086799000}
2026-05-07 17:54:14,178 - root - INFO - Successfully upserted 148 data points.
2026-05-07 17:54:14,179 - root - INFO - Fetching minute data with payload: {'ps_key_list': ['1449886_1_2_1', '1449886_1_1_1', '1449886_1_3_1'], 'points': 'p96,p97,p98,p99,p100,p101,p102,p103,p104,p105,p106,p107,p108,p109,p110,p111,p112,p113,p7166,p7167,p7168,p7169,p7170,p7171,p70,p71,p72,p73,p74,p75,p76,p77,p78,p79,p80,p81,p82,p83,p84,p85,p92,p93,p313,p314,p315,p316,p317,p318', 'start_time_stamp': '20260506090000', 'end_time_stamp': '20260506120000', 'minute_interval': 5}
2026-05-07 17:54:14,228 - root - INFO - Response status code: 200
2026-05-07 17:54:14,228 - root - INFO - API response from https://sg5.fusionsolar.huawei.com/rest/openapi/pvms/nbi/v1/device/history (truncated): {'failCode': 0, 'success': True, 'message': 'historical data information query successful.', 'data': []}
2026-05-07 17:54:14,237 - root - INFO - API Response type: <class 'dict'>
2026-05-07 17:54:14,237 - root - INFO - API Response keys: ['failCode', 'success', 'message', 'data']
2026-05-07 17:54:14,238 - root - INFO - API Response data is a list with 0 items
2026-05-07 17:54:14,240 - root - INFO - API Response has failCode: 0, message: historical data information query successful.
2026-05-07 17:54:14,240 - root - INFO - Using alternate response format: data as list
2026-05-07 17:54:14,240 - root - INFO - No data points returned for the query period
2026-05-07 17:54:14,241 - root - INFO - Using single devDn for device/history (API: one device per query)
2026-05-07 17:54:14,244 - root - INFO - Fetching historical data for 1 devices of type meter
2026-05-07 17:54:14,244 - root - INFO - Making API request to: https://sg5.fusionsolar.huawei.com/rest/openapi/pvms/nbi/v1/device/history
2026-05-07 17:54:14,245 - root - INFO - Request payload: {'devDn': 'NE=61900432', 'devTypeId': 17, 'startTime': 1778000400000, 'endTime': 1778086799000}
2026-05-07 17:54:14,540 - root - INFO - Successfully upserted 148 data points.
2026-05-07 17:54:14,540 - root - INFO - Fetching minute data with payload: {'ps_key_list': ['1449886_1_2_1', '1449886_1_1_1', '1449886_1_3_1'], 'points': 'p96,p97,p98,p99,p100,p101,p102,p103,p104,p105,p106,p107,p108,p109,p110,p111,p112,p113,p7166,p7167,p7168,p7169,p7170,p7171,p70,p71,p72,p73,p74,p75,p76,p77,p78,p79,p80,p81,p82,p83,p84,p85,p92,p93,p313,p314,p315,p316,p317,p318', 'start_time_stamp': '20260506120000', 'end_time_stamp': '20260506150000', 'minute_interval': 5}
2026-05-07 17:54:14,727 - root - INFO - Response status code: 200
2026-05-07 17:54:14,727 - root - INFO - API response from https://sg5.fusionsolar.huawei.com/rest/openapi/pvms/nbi/v1/device/history (truncated): {'failCode': 407, 'success': False, 'message': 'Interface access frequency:0.39333333333333337/1second', 'data': []}
2026-05-07 17:54:14,730 - root - WARNING - API access frequency too high. Waiting 30 seconds before retry...
2026-05-07 17:54:14,787 - root - INFO - Successfully upserted 148 data points.
2026-05-07 17:54:14,787 - root - INFO - Fetching minute data with payload: {'ps_key_list': ['1449886_1_2_1', '1449886_1_1_1', '1449886_1_3_1'], 'points': 'p96,p97,p98,p99,p100,p101,p102,p103,p104,p105,p106,p107,p108,p109,p110,p111,p112,p113,p7166,p7167,p7168,p7169,p7170,p7171,p70,p71,p72,p73,p74,p75,p76,p77,p78,p79,p80,p81,p82,p83,p84,p85,p92,p93,p313,p314,p315,p316,p317,p318', 'start_time_stamp': '20260506180000', 'end_time_stamp': '20260506210000', 'minute_interval': 5}
2026-05-07 17:54:14,904 - root - INFO - Successfully upserted 148 data points.
2026-05-07 17:54:14,905 - root - INFO - Fetching minute data with payload: {'ps_key_list': ['1449886_5_12_1', '1449886_5_6_1', '1449886_5_4_1', '1449886_5_5_1'], 'points': 'p2003,p2001,p2005,p2007,p2009,p2010,p2022,p2016,p2012', 'start_time_stamp': '20260506060000', 'end_time_stamp': '20260506090000', 'minute_interval': 5}
2026-05-07 17:54:14,910 - root - INFO - Successfully upserted 148 data points.
2026-05-07 17:54:14,911 - root - INFO - Fetching minute data with payload: {'ps_key_list': ['1449886_1_2_1', '1449886_1_1_1', '1449886_1_3_1'], 'points': 'p96,p97,p98,p99,p100,p101,p102,p103,p104,p105,p106,p107,p108,p109,p110,p111,p112,p113,p7166,p7167,p7168,p7169,p7170,p7171,p70,p71,p72,p73,p74,p75,p76,p77,p78,p79,p80,p81,p82,p83,p84,p85,p92,p93,p313,p314,p315,p316,p317,p318', 'start_time_stamp': '20260506150000', 'end_time_stamp': '20260506180000', 'minute_interval': 5}
2026-05-07 17:54:14,915 - root - INFO - Successfully upserted 148 data points.
2026-05-07 17:54:14,926 - root - INFO - Fetching minute data with payload: {'ps_key_list': ['1449886_1_2_1', '1449886_1_1_1', '1449886_1_3_1'], 'points': 'p96,p97,p98,p99,p100,p101,p102,p103,p104,p105,p106,p107,p108,p109,p110,p111,p112,p113,p7166,p7167,p7168,p7169,p7170,p7171,p70,p71,p72,p73,p74,p75,p76,p77,p78,p79,p80,p81,p82,p83,p84,p85,p92,p93,p313,p314,p315,p316,p317,p318', 'start_time_stamp': '20260506000000', 'end_time_stamp': '20260506030000', 'minute_interval': 5}
2026-05-07 17:54:15,066 - root - INFO - Successfully upserted 148 data points.
2026-05-07 17:54:15,222 - root - INFO - Fetching minute data with payload: {'ps_key_list': ['1449886_5_12_1', '1449886_5_6_1', '1449886_5_4_1', '1449886_5_5_1'], 'points': 'p2003,p2001,p2005,p2007,p2009,p2010,p2022,p2016,p2012', 'start_time_stamp': '20260506030000', 'end_time_stamp': '20260506060000', 'minute_interval': 5}
2026-05-07 17:54:15,768 - root - INFO - Successfully upserted 108 data points.
2026-05-07 17:54:15,768 - root - INFO - Fetching minute data with payload: {'ps_key_list': ['1763661_1_1_1', '1763661_1_4_1', '1763661_1_3_1', '1763661_1_34_1', '1763661_1_33_1', '1763661_1_32_1', '1763661_1_31_1', '1763661_1_30_1', '1763661_1_29_1', '1763661_1_28_1', '1763661_1_27_1', '1763661_1_26_1', '1763661_1_25_1', '1763661_1_6_1', '1763661_1_5_1', '1763661_1_8_1', '1763661_1_7_1', '1763661_1_9_1', '1763661_1_10_1', '1763661_1_2_1'], 'points': 'p96,p97,p98,p99,p100,p101,p102,p103,p104,p105,p106,p107,p108,p109,p110,p111,p112,p113,p7166,p7167,p7168,p7169,p7170,p7171,p70,p71,p72,p73,p74,p75,p76,p77,p78,p79,p80,p81,p82,p83,p84,p85,p92,p93,p313,p314,p315,p316,p317,p318', 'start_time_stamp': '20260506210000', 'end_time_stamp': '20260506235959', 'minute_interval': 5}
2026-05-07 17:54:16,874 - root - INFO - Successfully upserted 111 data points.
2026-05-07 17:54:16,875 - root - INFO - Fetching minute data with payload: {'ps_key_list': ['1763661_1_1_1', '1763661_1_4_1', '1763661_1_3_1', '1763661_1_34_1', '1763661_1_33_1', '1763661_1_32_1', '1763661_1_31_1', '1763661_1_30_1', '1763661_1_29_1', '1763661_1_28_1', '1763661_1_27_1', '1763661_1_26_1', '1763661_1_25_1', '1763661_1_6_1', '1763661_1_5_1', '1763661_1_8_1', '1763661_1_7_1', '1763661_1_9_1', '1763661_1_10_1', '1763661_1_2_1'], 'points': 'p96,p97,p98,p99,p100,p101,p102,p103,p104,p105,p106,p107,p108,p109,p110,p111,p112,p113,p7166,p7167,p7168,p7169,p7170,p7171,p70,p71,p72,p73,p74,p75,p76,p77,p78,p79,p80,p81,p82,p83,p84,p85,p92,p93,p313,p314,p315,p316,p317,p318', 'start_time_stamp': '20260506090000', 'end_time_stamp': '20260506120000', 'minute_interval': 5}
2026-05-07 17:54:17,268 - root - INFO - Successfully upserted 111 data points.
2026-05-07 17:54:17,269 - root - INFO - Fetching minute data with payload: {'ps_key_list': ['1763661_1_1_1', '1763661_1_4_1', '1763661_1_3_1', '1763661_1_34_1', '1763661_1_33_1', '1763661_1_32_1', '1763661_1_31_1', '1763661_1_30_1', '1763661_1_29_1', '1763661_1_28_1', '1763661_1_27_1', '1763661_1_26_1', '1763661_1_25_1', '1763661_1_6_1', '1763661_1_5_1', '1763661_1_8_1', '1763661_1_7_1', '1763661_1_9_1', '1763661_1_10_1', '1763661_1_2_1'], 'points': 'p96,p97,p98,p99,p100,p101,p102,p103,p104,p105,p106,p107,p108,p109,p110,p111,p112,p113,p7166,p7167,p7168,p7169,p7170,p7171,p70,p71,p72,p73,p74,p75,p76,p77,p78,p79,p80,p81,p82,p83,p84,p85,p92,p93,p313,p314,p315,p316,p317,p318', 'start_time_stamp': '20260506120000', 'end_time_stamp': '20260506150000', 'minute_interval': 5}
2026-05-07 17:54:17,649 - root - INFO - Successfully upserted 111 data points.
2026-05-07 17:54:17,650 - root - INFO - Fetching minute data with payload: {'ps_key_list': ['1763661_1_1_1', '1763661_1_4_1', '1763661_1_3_1', '1763661_1_34_1', '1763661_1_33_1', '1763661_1_32_1', '1763661_1_31_1', '1763661_1_30_1', '1763661_1_29_1', '1763661_1_28_1', '1763661_1_27_1', '1763661_1_26_1', '1763661_1_25_1', '1763661_1_6_1', '1763661_1_5_1', '1763661_1_8_1', '1763661_1_7_1', '1763661_1_9_1', '1763661_1_10_1', '1763661_1_2_1'], 'points': 'p96,p97,p98,p99,p100,p101,p102,p103,p104,p105,p106,p107,p108,p109,p110,p111,p112,p113,p7166,p7167,p7168,p7169,p7170,p7171,p70,p71,p72,p73,p74,p75,p76,p77,p78,p79,p80,p81,p82,p83,p84,p85,p92,p93,p313,p314,p315,p316,p317,p318', 'start_time_stamp': '20260506180000', 'end_time_stamp': '20260506210000', 'minute_interval': 5}
2026-05-07 17:54:17,759 - root - INFO - Successfully upserted 111 data points.
2026-05-07 17:54:17,765 - root - INFO - Fetching minute data with payload: {'ps_key_list': ['1763661_1_1_1', '1763661_1_4_1', '1763661_1_3_1', '1763661_1_34_1', '1763661_1_33_1', '1763661_1_32_1', '1763661_1_31_1', '1763661_1_30_1', '1763661_1_29_1', '1763661_1_28_1', '1763661_1_27_1', '1763661_1_26_1', '1763661_1_25_1', '1763661_1_6_1', '1763661_1_5_1', '1763661_1_8_1', '1763661_1_7_1', '1763661_1_9_1', '1763661_1_10_1', '1763661_1_2_1'], 'points': 'p96,p97,p98,p99,p100,p101,p102,p103,p104,p105,p106,p107,p108,p109,p110,p111,p112,p113,p7166,p7167,p7168,p7169,p7170,p7171,p70,p71,p72,p73,p74,p75,p76,p77,p78,p79,p80,p81,p82,p83,p84,p85,p92,p93,p313,p314,p315,p316,p317,p318', 'start_time_stamp': '20260506000000', 'end_time_stamp': '20260506030000', 'minute_interval': 5}
2026-05-07 17:54:17,798 - root - INFO - Successfully upserted 148 data points.
2026-05-07 17:54:17,800 - root - INFO - Fetching minute data with payload: {'ps_key_list': ['1449886_1_2_1', '1449886_1_1_1', '1449886_1_3_1'], 'points': 'p96,p97,p98,p99,p100,p101,p102,p103,p104,p105,p106,p107,p108,p109,p110,p111,p112,p113,p7166,p7167,p7168,p7169,p7170,p7171,p70,p71,p72,p73,p74,p75,p76,p77,p78,p79,p80,p81,p82,p83,p84,p85,p92,p93,p313,p314,p315,p316,p317,p318', 'start_time_stamp': '20260506060000', 'end_time_stamp': '20260506090000', 'minute_interval': 5}
2026-05-07 17:54:17,818 - root - INFO - Successfully upserted 111 data points.
2026-05-07 17:54:17,819 - root - INFO - Fetching minute data with payload: {'ps_key_list': ['1763661_1_1_1', '1763661_1_4_1', '1763661_1_3_1', '1763661_1_34_1', '1763661_1_33_1', '1763661_1_32_1', '1763661_1_31_1', '1763661_1_30_1', '1763661_1_29_1', '1763661_1_28_1', '1763661_1_27_1', '1763661_1_26_1', '1763661_1_25_1', '1763661_1_6_1', '1763661_1_5_1', '1763661_1_8_1', '1763661_1_7_1', '1763661_1_9_1', '1763661_1_10_1', '1763661_1_2_1'], 'points': 'p96,p97,p98,p99,p100,p101,p102,p103,p104,p105,p106,p107,p108,p109,p110,p111,p112,p113,p7166,p7167,p7168,p7169,p7170,p7171,p70,p71,p72,p73,p74,p75,p76,p77,p78,p79,p80,p81,p82,p83,p84,p85,p92,p93,p313,p314,p315,p316,p317,p318', 'start_time_stamp': '20260506150000', 'end_time_stamp': '20260506180000', 'minute_interval': 5}
2026-05-07 17:54:18,054 - root - INFO - Successfully upserted 148 data points.
2026-05-07 17:54:18,055 - root - INFO - Fetching minute data with payload: {'ps_key_list': ['1449886_1_2_1', '1449886_1_1_1', '1449886_1_3_1'], 'points': 'p96,p97,p98,p99,p100,p101,p102,p103,p104,p105,p106,p107,p108,p109,p110,p111,p112,p113,p7166,p7167,p7168,p7169,p7170,p7171,p70,p71,p72,p73,p74,p75,p76,p77,p78,p79,p80,p81,p82,p83,p84,p85,p92,p93,p313,p314,p315,p316,p317,p318', 'start_time_stamp': '20260506030000', 'end_time_stamp': '20260506060000', 'minute_interval': 5}
2026-05-07 17:54:18,639 - root - INFO - Successfully upserted 360 data points.
2026-05-07 17:54:18,642 - root - INFO - Fetching minute data with payload: {'ps_key_list': ['1763661_7_22_1', '1763661_7_21_1', '1763661_7_24_1', '1763661_7_23_1', '1763661_7_20_1', '1763661_7_19_1', '1763661_7_17_1', '1763661_7_16_1', '1763661_7_15_1'], 'points': 'p8030,p8031,p8032,p8033,p8018,p8014', 'start_time_stamp': '20260506210000', 'end_time_stamp': '20260506235959', 'minute_interval': 5}
2026-05-07 17:54:19,743 - root - INFO - Successfully upserted 370 data points.
2026-05-07 17:54:19,744 - root - INFO - Fetching minute data with payload: {'ps_key_list': ['1763661_7_22_1', '1763661_7_21_1', '1763661_7_24_1', '1763661_7_23_1', '1763661_7_20_1', '1763661_7_19_1', '1763661_7_17_1', '1763661_7_16_1', '1763661_7_15_1'], 'points': 'p8030,p8031,p8032,p8033,p8018,p8014', 'start_time_stamp': '20260506090000', 'end_time_stamp': '20260506120000', 'minute_interval': 5}
2026-05-07 17:54:20,157 - root - INFO - Successfully upserted 370 data points.
2026-05-07 17:54:20,158 - root - INFO - Fetching minute data with payload: {'ps_key_list': ['1763661_7_22_1', '1763661_7_21_1', '1763661_7_24_1', '1763661_7_23_1', '1763661_7_20_1', '1763661_7_19_1', '1763661_7_17_1', '1763661_7_16_1', '1763661_7_15_1'], 'points': 'p8030,p8031,p8032,p8033,p8018,p8014', 'start_time_stamp': '20260506120000', 'end_time_stamp': '20260506150000', 'minute_interval': 5}
2026-05-07 17:54:20,511 - root - INFO - Successfully upserted 370 data points.
2026-05-07 17:54:20,512 - root - INFO - Fetching minute data with payload: {'ps_key_list': ['1763661_7_22_1', '1763661_7_21_1', '1763661_7_24_1', '1763661_7_23_1', '1763661_7_20_1', '1763661_7_19_1', '1763661_7_17_1', '1763661_7_16_1', '1763661_7_15_1'], 'points': 'p8030,p8031,p8032,p8033,p8018,p8014', 'start_time_stamp': '20260506180000', 'end_time_stamp': '20260506210000', 'minute_interval': 5}
2026-05-07 17:54:20,600 - root - INFO - Successfully upserted 111 data points.
2026-05-07 17:54:20,600 - root - INFO - Fetching minute data with payload: {'ps_key_list': ['1763661_1_1_1', '1763661_1_4_1', '1763661_1_3_1', '1763661_1_34_1', '1763661_1_33_1', '1763661_1_32_1', '1763661_1_31_1', '1763661_1_30_1', '1763661_1_29_1', '1763661_1_28_1', '1763661_1_27_1', '1763661_1_26_1', '1763661_1_25_1', '1763661_1_6_1', '1763661_1_5_1', '1763661_1_8_1', '1763661_1_7_1', '1763661_1_9_1', '1763661_1_10_1', '1763661_1_2_1'], 'points': 'p96,p97,p98,p99,p100,p101,p102,p103,p104,p105,p106,p107,p108,p109,p110,p111,p112,p113,p7166,p7167,p7168,p7169,p7170,p7171,p70,p71,p72,p73,p74,p75,p76,p77,p78,p79,p80,p81,p82,p83,p84,p85,p92,p93,p313,p314,p315,p316,p317,p318', 'start_time_stamp': '20260506060000', 'end_time_stamp': '20260506090000', 'minute_interval': 5}
2026-05-07 17:54:20,686 - root - INFO - Successfully upserted 111 data points.
2026-05-07 17:54:20,686 - root - INFO - Fetching minute data with payload: {'ps_key_list': ['1763661_1_1_1', '1763661_1_4_1', '1763661_1_3_1', '1763661_1_34_1', '1763661_1_33_1', '1763661_1_32_1', '1763661_1_31_1', '1763661_1_30_1', '1763661_1_29_1', '1763661_1_28_1', '1763661_1_27_1', '1763661_1_26_1', '1763661_1_25_1', '1763661_1_6_1', '1763661_1_5_1', '1763661_1_8_1', '1763661_1_7_1', '1763661_1_9_1', '1763661_1_10_1', '1763661_1_2_1'], 'points': 'p96,p97,p98,p99,p100,p101,p102,p103,p104,p105,p106,p107,p108,p109,p110,p111,p112,p113,p7166,p7167,p7168,p7169,p7170,p7171,p70,p71,p72,p73,p74,p75,p76,p77,p78,p79,p80,p81,p82,p83,p84,p85,p92,p93,p313,p314,p315,p316,p317,p318', 'start_time_stamp': '20260506030000', 'end_time_stamp': '20260506060000', 'minute_interval': 5}
2026-05-07 17:54:20,908 - root - INFO - Successfully upserted 370 data points.
2026-05-07 17:54:20,908 - root - INFO - Fetching minute data with payload: {'ps_key_list': ['1763661_7_22_1', '1763661_7_21_1', '1763661_7_24_1', '1763661_7_23_1', '1763661_7_20_1', '1763661_7_19_1', '1763661_7_17_1', '1763661_7_16_1', '1763661_7_15_1'], 'points': 'p8030,p8031,p8032,p8033,p8018,p8014', 'start_time_stamp': '20260506000000', 'end_time_stamp': '20260506030000', 'minute_interval': 5}
2026-05-07 17:54:20,958 - root - INFO - Successfully upserted 370 data points.
2026-05-07 17:54:20,959 - root - INFO - Fetching minute data with payload: {'ps_key_list': ['1763661_7_22_1', '1763661_7_21_1', '1763661_7_24_1', '1763661_7_23_1', '1763661_7_20_1', '1763661_7_19_1', '1763661_7_17_1', '1763661_7_16_1', '1763661_7_15_1'], 'points': 'p8030,p8031,p8032,p8033,p8018,p8014', 'start_time_stamp': '20260506150000', 'end_time_stamp': '20260506180000', 'minute_interval': 5}
2026-05-07 17:54:21,288 - root - INFO - Successfully upserted 288 data points.
2026-05-07 17:54:21,288 - root - INFO - Fetching minute data with payload: {'ps_key_list': ['1763661_5_14_1', '1763661_5_13_1', '1763661_5_12_1', '1763661_5_11_1'], 'points': 'p2003,p2001,p2005,p2007,p2009,p2010,p2022,p2016,p2012', 'start_time_stamp': '20260506210000', 'end_time_stamp': '20260506235959', 'minute_interval': 5}
2026-05-07 17:54:22,534 - root - INFO - Successfully upserted 296 data points.
2026-05-07 17:54:22,534 - root - INFO - Fetching minute data with payload: {'ps_key_list': ['1763661_5_14_1', '1763661_5_13_1', '1763661_5_12_1', '1763661_5_11_1'], 'points': 'p2003,p2001,p2005,p2007,p2009,p2010,p2022,p2016,p2012', 'start_time_stamp': '20260506090000', 'end_time_stamp': '20260506120000', 'minute_interval': 5}
2026-05-07 17:54:22,957 - root - INFO - Successfully upserted 296 data points.
2026-05-07 17:54:22,957 - root - INFO - Fetching minute data with payload: {'ps_key_list': ['1763661_5_14_1', '1763661_5_13_1', '1763661_5_12_1', '1763661_5_11_1'], 'points': 'p2003,p2001,p2005,p2007,p2009,p2010,p2022,p2016,p2012', 'start_time_stamp': '20260506120000', 'end_time_stamp': '20260506150000', 'minute_interval': 5}
2026-05-07 17:54:23,258 - root - INFO - Successfully upserted 296 data points.
2026-05-07 17:54:23,258 - root - INFO - Fetching minute data with payload: {'ps_key_list': ['1763661_5_14_1', '1763661_5_13_1', '1763661_5_12_1', '1763661_5_11_1'], 'points': 'p2003,p2001,p2005,p2007,p2009,p2010,p2022,p2016,p2012', 'start_time_stamp': '20260506180000', 'end_time_stamp': '20260506210000', 'minute_interval': 5}
2026-05-07 17:54:23,721 - root - INFO - Successfully upserted 370 data points.
2026-05-07 17:54:23,722 - root - INFO - Fetching minute data with payload: {'ps_key_list': ['1763661_7_22_1', '1763661_7_21_1', '1763661_7_24_1', '1763661_7_23_1', '1763661_7_20_1', '1763661_7_19_1', '1763661_7_17_1', '1763661_7_16_1', '1763661_7_15_1'], 'points': 'p8030,p8031,p8032,p8033,p8018,p8014', 'start_time_stamp': '20260506060000', 'end_time_stamp': '20260506090000', 'minute_interval': 5}
2026-05-07 17:54:23,738 - root - INFO - Successfully upserted 296 data points.
2026-05-07 17:54:23,739 - root - INFO - Fetching minute data with payload: {'ps_key_list': ['1763661_5_14_1', '1763661_5_13_1', '1763661_5_12_1', '1763661_5_11_1'], 'points': 'p2003,p2001,p2005,p2007,p2009,p2010,p2022,p2016,p2012', 'start_time_stamp': '20260506150000', 'end_time_stamp': '20260506180000', 'minute_interval': 5}
2026-05-07 17:54:23,783 - root - INFO - Successfully upserted 296 data points.
2026-05-07 17:54:23,788 - root - INFO - Fetching minute data with payload: {'ps_key_list': ['1763661_5_14_1', '1763661_5_13_1', '1763661_5_12_1', '1763661_5_11_1'], 'points': 'p2003,p2001,p2005,p2007,p2009,p2010,p2022,p2016,p2012', 'start_time_stamp': '20260506000000', 'end_time_stamp': '20260506030000', 'minute_interval': 5}
2026-05-07 17:54:23,873 - root - INFO - Successfully upserted 144 data points.
2026-05-07 17:54:23,873 - root - INFO - Fetching minute data with payload: {'ps_key_list': ['1637816_1_5_1', '1637816_1_7_1', '1637816_1_2_1', '1637816_1_1_1', '1637816_1_4_1', '1637816_1_3_1', '1637816_1_6_1'], 'points': 'p96,p97,p98,p99,p100,p101,p102,p103,p104,p105,p106,p107,p108,p109,p110,p111,p112,p113,p7166,p7167,p7168,p7169,p7170,p7171,p70,p71,p72,p73,p74,p75,p76,p77,p78,p79,p80,p81,p82,p83,p84,p85,p92,p93,p313,p314,p315,p316,p317,p318', 'start_time_stamp': '20260506210000', 'end_time_stamp': '20260506235959', 'minute_interval': 5}
2026-05-07 17:54:23,902 - root - INFO - Successfully upserted 370 data points.
2026-05-07 17:54:23,902 - root - INFO - Fetching minute data with payload: {'ps_key_list': ['1763661_7_22_1', '1763661_7_21_1', '1763661_7_24_1', '1763661_7_23_1', '1763661_7_20_1', '1763661_7_19_1', '1763661_7_17_1', '1763661_7_16_1', '1763661_7_15_1'], 'points': 'p8030,p8031,p8032,p8033,p8018,p8014', 'start_time_stamp': '20260506030000', 'end_time_stamp': '20260506060000', 'minute_interval': 5}
2026-05-07 17:54:25,136 - root - INFO - Successfully upserted 148 data points.
2026-05-07 17:54:25,136 - root - INFO - Fetching minute data with payload: {'ps_key_list': ['1637816_1_5_1', '1637816_1_7_1', '1637816_1_2_1', '1637816_1_1_1', '1637816_1_4_1', '1637816_1_3_1', '1637816_1_6_1'], 'points': 'p96,p97,p98,p99,p100,p101,p102,p103,p104,p105,p106,p107,p108,p109,p110,p111,p112,p113,p7166,p7167,p7168,p7169,p7170,p7171,p70,p71,p72,p73,p74,p75,p76,p77,p78,p79,p80,p81,p82,p83,p84,p85,p92,p93,p313,p314,p315,p316,p317,p318', 'start_time_stamp': '20260506090000', 'end_time_stamp': '20260506120000', 'minute_interval': 5}
2026-05-07 17:54:25,483 - root - INFO - Successfully upserted 148 data points.
2026-05-07 17:54:25,483 - root - INFO - Fetching minute data with payload: {'ps_key_list': ['1637816_1_5_1', '1637816_1_7_1', '1637816_1_2_1', '1637816_1_1_1', '1637816_1_4_1', '1637816_1_3_1', '1637816_1_6_1'], 'points': 'p96,p97,p98,p99,p100,p101,p102,p103,p104,p105,p106,p107,p108,p109,p110,p111,p112,p113,p7166,p7167,p7168,p7169,p7170,p7171,p70,p71,p72,p73,p74,p75,p76,p77,p78,p79,p80,p81,p82,p83,p84,p85,p92,p93,p313,p314,p315,p316,p317,p318', 'start_time_stamp': '20260506120000', 'end_time_stamp': '20260506150000', 'minute_interval': 5}
2026-05-07 17:54:25,913 - root - INFO - Successfully upserted 148 data points.
2026-05-07 17:54:25,914 - root - INFO - Fetching minute data with payload: {'ps_key_list': ['1637816_1_5_1', '1637816_1_7_1', '1637816_1_2_1', '1637816_1_1_1', '1637816_1_4_1', '1637816_1_3_1', '1637816_1_6_1'], 'points': 'p96,p97,p98,p99,p100,p101,p102,p103,p104,p105,p106,p107,p108,p109,p110,p111,p112,p113,p7166,p7167,p7168,p7169,p7170,p7171,p70,p71,p72,p73,p74,p75,p76,p77,p78,p79,p80,p81,p82,p83,p84,p85,p92,p93,p313,p314,p315,p316,p317,p318', 'start_time_stamp': '20260506180000', 'end_time_stamp': '20260506210000', 'minute_interval': 5}
2026-05-07 17:54:26,527 - root - INFO - Successfully upserted 148 data points.
2026-05-07 17:54:26,527 - root - INFO - Fetching minute data with payload: {'ps_key_list': ['1637816_1_5_1', '1637816_1_7_1', '1637816_1_2_1', '1637816_1_1_1', '1637816_1_4_1', '1637816_1_3_1', '1637816_1_6_1'], 'points': 'p96,p97,p98,p99,p100,p101,p102,p103,p104,p105,p106,p107,p108,p109,p110,p111,p112,p113,p7166,p7167,p7168,p7169,p7170,p7171,p70,p71,p72,p73,p74,p75,p76,p77,p78,p79,p80,p81,p82,p83,p84,p85,p92,p93,p313,p314,p315,p316,p317,p318', 'start_time_stamp': '20260506150000', 'end_time_stamp': '20260506180000', 'minute_interval': 5}
2026-05-07 17:54:26,570 - root - INFO - Successfully upserted 296 data points.
2026-05-07 17:54:26,570 - root - INFO - Fetching minute data with payload: {'ps_key_list': ['1763661_5_14_1', '1763661_5_13_1', '1763661_5_12_1', '1763661_5_11_1'], 'points': 'p2003,p2001,p2005,p2007,p2009,p2010,p2022,p2016,p2012', 'start_time_stamp': '20260506060000', 'end_time_stamp': '20260506090000', 'minute_interval': 5}
2026-05-07 17:54:26,690 - root - INFO - Successfully upserted 148 data points.
2026-05-07 17:54:26,690 - root - INFO - Fetching minute data with payload: {'ps_key_list': ['1637816_1_5_1', '1637816_1_7_1', '1637816_1_2_1', '1637816_1_1_1', '1637816_1_4_1', '1637816_1_3_1', '1637816_1_6_1'], 'points': 'p96,p97,p98,p99,p100,p101,p102,p103,p104,p105,p106,p107,p108,p109,p110,p111,p112,p113,p7166,p7167,p7168,p7169,p7170,p7171,p70,p71,p72,p73,p74,p75,p76,p77,p78,p79,p80,p81,p82,p83,p84,p85,p92,p93,p313,p314,p315,p316,p317,p318', 'start_time_stamp': '20260506000000', 'end_time_stamp': '20260506030000', 'minute_interval': 5}
2026-05-07 17:54:26,813 - root - INFO - Successfully upserted 133 data points.
2026-05-07 17:54:26,813 - root - INFO - Fetching minute data with payload: {'ps_key_list': ['1637816_7_14_1', '1637816_7_13_1', '1637816_7_18_1', '1637816_7_17_1', '1637816_7_16_1', '1637816_7_15_1'], 'points': 'p8030,p8031,p8032,p8033,p8018,p8014', 'start_time_stamp': '20260506210000', 'end_time_stamp': '20260506235959', 'minute_interval': 5}
2026-05-07 17:54:26,815 - root - INFO - Successfully upserted 296 data points.
2026-05-07 17:54:26,816 - root - INFO - Fetching minute data with payload: {'ps_key_list': ['1763661_5_14_1', '1763661_5_13_1', '1763661_5_12_1', '1763661_5_11_1'], 'points': 'p2003,p2001,p2005,p2007,p2009,p2010,p2022,p2016,p2012', 'start_time_stamp': '20260506030000', 'end_time_stamp': '20260506060000', 'minute_interval': 5}
2026-05-07 17:54:27,845 - root - INFO - Successfully upserted 259 data points.
2026-05-07 17:54:27,845 - root - INFO - Fetching minute data with payload: {'ps_key_list': ['1637816_7_14_1', '1637816_7_13_1', '1637816_7_18_1', '1637816_7_17_1', '1637816_7_16_1', '1637816_7_15_1'], 'points': 'p8030,p8031,p8032,p8033,p8018,p8014', 'start_time_stamp': '20260506090000', 'end_time_stamp': '20260506120000', 'minute_interval': 5}
2026-05-07 17:54:28,196 - root - INFO - Successfully upserted 259 data points.
2026-05-07 17:54:28,197 - root - INFO - Fetching minute data with payload: {'ps_key_list': ['1637816_7_14_1', '1637816_7_13_1', '1637816_7_18_1', '1637816_7_17_1', '1637816_7_16_1', '1637816_7_15_1'], 'points': 'p8030,p8031,p8032,p8033,p8018,p8014', 'start_time_stamp': '20260506120000', 'end_time_stamp': '20260506150000', 'minute_interval': 5}
2026-05-07 17:54:28,538 - root - INFO - Successfully upserted 259 data points.
2026-05-07 17:54:28,538 - root - INFO - Fetching minute data with payload: {'ps_key_list': ['1637816_7_14_1', '1637816_7_13_1', '1637816_7_18_1', '1637816_7_17_1', '1637816_7_16_1', '1637816_7_15_1'], 'points': 'p8030,p8031,p8032,p8033,p8018,p8014', 'start_time_stamp': '20260506180000', 'end_time_stamp': '20260506210000', 'minute_interval': 5}
2026-05-07 17:54:29,431 - root - INFO - No data to insert into database for this API data batch.
2026-05-07 17:54:29,431 - root - INFO - Fetching minute data with payload: {'ps_key_list': ['1637816_7_14_1', '1637816_7_13_1', '1637816_7_18_1', '1637816_7_17_1', '1637816_7_16_1', '1637816_7_15_1'], 'points': 'p8030,p8031,p8032,p8033,p8018,p8014', 'start_time_stamp': '20260506000000', 'end_time_stamp': '20260506030000', 'minute_interval': 5}
2026-05-07 17:54:29,457 - root - INFO - Successfully upserted 148 data points.
2026-05-07 17:54:29,457 - root - INFO - Fetching minute data with payload: {'ps_key_list': ['1637816_1_5_1', '1637816_1_7_1', '1637816_1_2_1', '1637816_1_1_1', '1637816_1_4_1', '1637816_1_3_1', '1637816_1_6_1'], 'points': 'p96,p97,p98,p99,p100,p101,p102,p103,p104,p105,p106,p107,p108,p109,p110,p111,p112,p113,p7166,p7167,p7168,p7169,p7170,p7171,p70,p71,p72,p73,p74,p75,p76,p77,p78,p79,p80,p81,p82,p83,p84,p85,p92,p93,p313,p314,p315,p316,p317,p318', 'start_time_stamp': '20260506060000', 'end_time_stamp': '20260506090000', 'minute_interval': 5}
2026-05-07 17:54:29,504 - root - INFO - Successfully upserted 259 data points.
2026-05-07 17:54:29,505 - root - INFO - Fetching minute data with payload: {'ps_key_list': ['1637816_7_14_1', '1637816_7_13_1', '1637816_7_18_1', '1637816_7_17_1', '1637816_7_16_1', '1637816_7_15_1'], 'points': 'p8030,p8031,p8032,p8033,p8018,p8014', 'start_time_stamp': '20260506150000', 'end_time_stamp': '20260506180000', 'minute_interval': 5}
2026-05-07 17:54:29,552 - root - INFO - Successfully upserted 148 data points.
2026-05-07 17:54:29,553 - root - INFO - Fetching minute data with payload: {'ps_key_list': ['1637816_1_5_1', '1637816_1_7_1', '1637816_1_2_1', '1637816_1_1_1', '1637816_1_4_1', '1637816_1_3_1', '1637816_1_6_1'], 'points': 'p96,p97,p98,p99,p100,p101,p102,p103,p104,p105,p106,p107,p108,p109,p110,p111,p112,p113,p7166,p7167,p7168,p7169,p7170,p7171,p70,p71,p72,p73,p74,p75,p76,p77,p78,p79,p80,p81,p82,p83,p84,p85,p92,p93,p313,p314,p315,p316,p317,p318', 'start_time_stamp': '20260506030000', 'end_time_stamp': '20260506060000', 'minute_interval': 5}
2026-05-07 17:54:29,626 - root - INFO - Successfully upserted 144 data points.
2026-05-07 17:54:29,628 - root - INFO - Fetching minute data with payload: {'ps_key_list': ['1637816_5_12_1', '1637816_5_11_1', '1637816_5_10_1', '1637816_5_19_1'], 'points': 'p2003,p2001,p2005,p2007,p2009,p2010,p2022,p2016,p2012', 'start_time_stamp': '20260506210000', 'end_time_stamp': '20260506235959', 'minute_interval': 5}
2026-05-07 17:54:30,396 - root - INFO - Successfully upserted 148 data points.
2026-05-07 17:54:30,397 - root - INFO - Fetching minute data with payload: {'ps_key_list': ['1637816_5_12_1', '1637816_5_11_1', '1637816_5_10_1', '1637816_5_19_1'], 'points': 'p2003,p2001,p2005,p2007,p2009,p2010,p2022,p2016,p2012', 'start_time_stamp': '20260506090000', 'end_time_stamp': '20260506120000', 'minute_interval': 5}
2026-05-07 17:54:30,719 - root - INFO - Successfully upserted 148 data points.
2026-05-07 17:54:30,720 - root - INFO - Fetching minute data with payload: {'ps_key_list': ['1637816_5_12_1', '1637816_5_11_1', '1637816_5_10_1', '1637816_5_19_1'], 'points': 'p2003,p2001,p2005,p2007,p2009,p2010,p2022,p2016,p2012', 'start_time_stamp': '20260506120000', 'end_time_stamp': '20260506150000', 'minute_interval': 5}
2026-05-07 17:54:31,174 - root - INFO - Successfully upserted 148 data points.
2026-05-07 17:54:31,175 - root - INFO - Fetching minute data with payload: {'ps_key_list': ['1637816_5_12_1', '1637816_5_11_1', '1637816_5_10_1', '1637816_5_19_1'], 'points': 'p2003,p2001,p2005,p2007,p2009,p2010,p2022,p2016,p2012', 'start_time_stamp': '20260506180000', 'end_time_stamp': '20260506210000', 'minute_interval': 5}
2026-05-07 17:54:32,318 - root - INFO - Successfully upserted 148 data points.
2026-05-07 17:54:32,318 - root - INFO - Fetching minute data with payload: {'ps_key_list': ['1637816_5_12_1', '1637816_5_11_1', '1637816_5_10_1', '1637816_5_19_1'], 'points': 'p2003,p2001,p2005,p2007,p2009,p2010,p2022,p2016,p2012', 'start_time_stamp': '20260506000000', 'end_time_stamp': '20260506030000', 'minute_interval': 5}
2026-05-07 17:54:32,379 - root - INFO - Successfully upserted 127 data points.
2026-05-07 17:54:32,380 - root - INFO - Fetching minute data with payload: {'ps_key_list': ['1637095_1_4_1', '1637095_1_7_1', '1637095_1_3_1', '1637095_1_6_1', '1637095_1_2_1', '1637095_1_9_1', '1637095_1_5_1', '1637095_1_1_1', '1637095_1_10_1', '1637095_1_8_1'], 'points': 'p96,p97,p98,p99,p100,p101,p102,p103,p104,p105,p106,p107,p108,p109,p110,p111,p112,p113,p7166,p7167,p7168,p7169,p7170,p7171,p70,p71,p72,p73,p74,p75,p76,p77,p78,p79,p80,p81,p82,p83,p84,p85,p92,p93,p313,p314,p315,p316,p317,p318', 'start_time_stamp': '20260506210000', 'end_time_stamp': '20260506235959', 'minute_interval': 5}
2026-05-07 17:54:32,414 - root - INFO - Successfully upserted 84 data points.
2026-05-07 17:54:32,415 - root - INFO - Fetching minute data with payload: {'ps_key_list': ['1637816_7_14_1', '1637816_7_13_1', '1637816_7_18_1', '1637816_7_17_1', '1637816_7_16_1', '1637816_7_15_1'], 'points': 'p8030,p8031,p8032,p8033,p8018,p8014', 'start_time_stamp': '20260506030000', 'end_time_stamp': '20260506060000', 'minute_interval': 5}
2026-05-07 17:54:32,478 - root - INFO - Successfully upserted 148 data points.
2026-05-07 17:54:32,483 - root - INFO - Fetching minute data with payload: {'ps_key_list': ['1637816_5_12_1', '1637816_5_11_1', '1637816_5_10_1', '1637816_5_19_1'], 'points': 'p2003,p2001,p2005,p2007,p2009,p2010,p2022,p2016,p2012', 'start_time_stamp': '20260506150000', 'end_time_stamp': '20260506180000', 'minute_interval': 5}
2026-05-07 17:54:32,540 - root - INFO - Successfully upserted 259 data points.
2026-05-07 17:54:32,540 - root - INFO - Fetching minute data with payload: {'ps_key_list': ['1637816_7_14_1', '1637816_7_13_1', '1637816_7_18_1', '1637816_7_17_1', '1637816_7_16_1', '1637816_7_15_1'], 'points': 'p8030,p8031,p8032,p8033,p8018,p8014', 'start_time_stamp': '20260506060000', 'end_time_stamp': '20260506090000', 'minute_interval': 5}
2026-05-07 17:54:32,993 - root - INFO - Successfully upserted 148 data points.
2026-05-07 17:54:32,993 - root - INFO - Fetching minute data with payload: {'ps_key_list': ['1637095_1_4_1', '1637095_1_7_1', '1637095_1_3_1', '1637095_1_6_1', '1637095_1_2_1', '1637095_1_9_1', '1637095_1_5_1', '1637095_1_1_1', '1637095_1_10_1', '1637095_1_8_1'], 'points': 'p96,p97,p98,p99,p100,p101,p102,p103,p104,p105,p106,p107,p108,p109,p110,p111,p112,p113,p7166,p7167,p7168,p7169,p7170,p7171,p70,p71,p72,p73,p74,p75,p76,p77,p78,p79,p80,p81,p82,p83,p84,p85,p92,p93,p313,p314,p315,p316,p317,p318', 'start_time_stamp': '20260506090000', 'end_time_stamp': '20260506120000', 'minute_interval': 5}
2026-05-07 17:54:33,248 - root - INFO - Successfully upserted 148 data points.
2026-05-07 17:54:33,248 - root - INFO - Fetching minute data with payload: {'ps_key_list': ['1637095_1_4_1', '1637095_1_7_1', '1637095_1_3_1', '1637095_1_6_1', '1637095_1_2_1', '1637095_1_9_1', '1637095_1_5_1', '1637095_1_1_1', '1637095_1_10_1', '1637095_1_8_1'], 'points': 'p96,p97,p98,p99,p100,p101,p102,p103,p104,p105,p106,p107,p108,p109,p110,p111,p112,p113,p7166,p7167,p7168,p7169,p7170,p7171,p70,p71,p72,p73,p74,p75,p76,p77,p78,p79,p80,p81,p82,p83,p84,p85,p92,p93,p313,p314,p315,p316,p317,p318', 'start_time_stamp': '20260506120000', 'end_time_stamp': '20260506150000', 'minute_interval': 5}
2026-05-07 17:54:33,753 - root - INFO - Successfully upserted 148 data points.
2026-05-07 17:54:33,753 - root - INFO - Fetching minute data with payload: {'ps_key_list': ['1637095_1_4_1', '1637095_1_7_1', '1637095_1_3_1', '1637095_1_6_1', '1637095_1_2_1', '1637095_1_9_1', '1637095_1_5_1', '1637095_1_1_1', '1637095_1_10_1', '1637095_1_8_1'], 'points': 'p96,p97,p98,p99,p100,p101,p102,p103,p104,p105,p106,p107,p108,p109,p110,p111,p112,p113,p7166,p7167,p7168,p7169,p7170,p7171,p70,p71,p72,p73,p74,p75,p76,p77,p78,p79,p80,p81,p82,p83,p84,p85,p92,p93,p313,p314,p315,p316,p317,p318', 'start_time_stamp': '20260506180000', 'end_time_stamp': '20260506210000', 'minute_interval': 5}
2026-05-07 17:54:34,934 - root - INFO - No data to insert into database for this API data batch.
2026-05-07 17:54:34,935 - root - INFO - Fetching minute data with payload: {'ps_key_list': ['1637095_1_4_1', '1637095_1_7_1', '1637095_1_3_1', '1637095_1_6_1', '1637095_1_2_1', '1637095_1_9_1', '1637095_1_5_1', '1637095_1_1_1', '1637095_1_10_1', '1637095_1_8_1'], 'points': 'p96,p97,p98,p99,p100,p101,p102,p103,p104,p105,p106,p107,p108,p109,p110,p111,p112,p113,p7166,p7167,p7168,p7169,p7170,p7171,p70,p71,p72,p73,p74,p75,p76,p77,p78,p79,p80,p81,p82,p83,p84,p85,p92,p93,p313,p314,p315,p316,p317,p318', 'start_time_stamp': '20260506000000', 'end_time_stamp': '20260506030000', 'minute_interval': 5}
2026-05-07 17:54:35,252 - root - INFO - Successfully upserted 148 data points.
2026-05-07 17:54:35,252 - root - INFO - Fetching minute data with payload: {'ps_key_list': ['1637816_5_12_1', '1637816_5_11_1', '1637816_5_10_1', '1637816_5_19_1'], 'points': 'p2003,p2001,p2005,p2007,p2009,p2010,p2022,p2016,p2012', 'start_time_stamp': '20260506030000', 'end_time_stamp': '20260506060000', 'minute_interval': 5}
2026-05-07 17:54:35,341 - root - INFO - Successfully upserted 360 data points.
2026-05-07 17:54:35,341 - root - INFO - Fetching minute data with payload: {'ps_key_list': ['1637095_5_11_1', '1637095_5_12_1', '1637095_5_17_1', '1637095_5_13_1'], 'points': 'p2003,p2001,p2005,p2007,p2009,p2010,p2022,p2016,p2012', 'start_time_stamp': '20260506210000', 'end_time_stamp': '20260506235959', 'minute_interval': 5}
2026-05-07 17:54:35,408 - root - INFO - Successfully upserted 148 data points.
2026-05-07 17:54:35,409 - root - INFO - Fetching minute data with payload: {'ps_key_list': ['1637816_5_12_1', '1637816_5_11_1', '1637816_5_10_1', '1637816_5_19_1'], 'points': 'p2003,p2001,p2005,p2007,p2009,p2010,p2022,p2016,p2012', 'start_time_stamp': '20260506060000', 'end_time_stamp': '20260506090000', 'minute_interval': 5}
2026-05-07 17:54:35,447 - root - INFO - Successfully upserted 148 data points.
2026-05-07 17:54:35,447 - root - INFO - Fetching minute data with payload: {'ps_key_list': ['1637095_1_4_1', '1637095_1_7_1', '1637095_1_3_1', '1637095_1_6_1', '1637095_1_2_1', '1637095_1_9_1', '1637095_1_5_1', '1637095_1_1_1', '1637095_1_10_1', '1637095_1_8_1'], 'points': 'p96,p97,p98,p99,p100,p101,p102,p103,p104,p105,p106,p107,p108,p109,p110,p111,p112,p113,p7166,p7167,p7168,p7169,p7170,p7171,p70,p71,p72,p73,p74,p75,p76,p77,p78,p79,p80,p81,p82,p83,p84,p85,p92,p93,p313,p314,p315,p316,p317,p318', 'start_time_stamp': '20260506150000', 'end_time_stamp': '20260506180000', 'minute_interval': 5}
2026-05-07 17:54:35,770 - root - INFO - Successfully upserted 370 data points.
2026-05-07 17:54:35,771 - root - INFO - Fetching minute data with payload: {'ps_key_list': ['1637095_5_11_1', '1637095_5_12_1', '1637095_5_17_1', '1637095_5_13_1'], 'points': 'p2003,p2001,p2005,p2007,p2009,p2010,p2022,p2016,p2012', 'start_time_stamp': '20260506090000', 'end_time_stamp': '20260506120000', 'minute_interval': 5}
2026-05-07 17:54:35,994 - root - INFO - Successfully upserted 370 data points.
2026-05-07 17:54:35,994 - root - INFO - Fetching minute data with payload: {'ps_key_list': ['1637095_5_11_1', '1637095_5_12_1', '1637095_5_17_1', '1637095_5_13_1'], 'points': 'p2003,p2001,p2005,p2007,p2009,p2010,p2022,p2016,p2012', 'start_time_stamp': '20260506120000', 'end_time_stamp': '20260506150000', 'minute_interval': 5}
2026-05-07 17:54:36,567 - root - INFO - Successfully upserted 370 data points.
2026-05-07 17:54:36,567 - root - INFO - Fetching minute data with payload: {'ps_key_list': ['1637095_5_11_1', '1637095_5_12_1', '1637095_5_17_1', '1637095_5_13_1'], 'points': 'p2003,p2001,p2005,p2007,p2009,p2010,p2022,p2016,p2012', 'start_time_stamp': '20260506180000', 'end_time_stamp': '20260506210000', 'minute_interval': 5}
2026-05-07 17:54:37,644 - root - INFO - Successfully upserted 370 data points.
2026-05-07 17:54:37,644 - root - INFO - Fetching minute data with payload: {'ps_key_list': ['1637095_5_11_1', '1637095_5_12_1', '1637095_5_17_1', '1637095_5_13_1'], 'points': 'p2003,p2001,p2005,p2007,p2009,p2010,p2022,p2016,p2012', 'start_time_stamp': '20260506000000', 'end_time_stamp': '20260506030000', 'minute_interval': 5}
2026-05-07 17:54:37,860 - root - INFO - Successfully upserted 48 data points.
2026-05-07 17:54:37,860 - root - INFO - Fetching minute data with payload: {'ps_key_list': ['1637095_1_4_1', '1637095_1_7_1', '1637095_1_3_1', '1637095_1_6_1', '1637095_1_2_1', '1637095_1_9_1', '1637095_1_5_1', '1637095_1_1_1', '1637095_1_10_1', '1637095_1_8_1'], 'points': 'p96,p97,p98,p99,p100,p101,p102,p103,p104,p105,p106,p107,p108,p109,p110,p111,p112,p113,p7166,p7167,p7168,p7169,p7170,p7171,p70,p71,p72,p73,p74,p75,p76,p77,p78,p79,p80,p81,p82,p83,p84,p85,p92,p93,p313,p314,p315,p316,p317,p318', 'start_time_stamp': '20260506030000', 'end_time_stamp': '20260506060000', 'minute_interval': 5}
2026-05-07 17:54:38,193 - root - INFO - Successfully upserted 144 data points.
2026-05-07 17:54:38,193 - root - INFO - Fetching minute data with payload: {'ps_key_list': ['1637095_7_16_1', '1637095_7_15_1', '1637095_7_14_1'], 'points': 'p8030,p8031,p8032,p8033,p8018,p8014', 'start_time_stamp': '20260506210000', 'end_time_stamp': '20260506235959', 'minute_interval': 5}
2026-05-07 17:54:38,224 - root - INFO - Successfully upserted 148 data points.
2026-05-07 17:54:38,224 - root - INFO - Fetching minute data with payload: {'ps_key_list': ['1637095_1_4_1', '1637095_1_7_1', '1637095_1_3_1', '1637095_1_6_1', '1637095_1_2_1', '1637095_1_9_1', '1637095_1_5_1', '1637095_1_1_1', '1637095_1_10_1', '1637095_1_8_1'], 'points': 'p96,p97,p98,p99,p100,p101,p102,p103,p104,p105,p106,p107,p108,p109,p110,p111,p112,p113,p7166,p7167,p7168,p7169,p7170,p7171,p70,p71,p72,p73,p74,p75,p76,p77,p78,p79,p80,p81,p82,p83,p84,p85,p92,p93,p313,p314,p315,p316,p317,p318', 'start_time_stamp': '20260506060000', 'end_time_stamp': '20260506090000', 'minute_interval': 5}
2026-05-07 17:54:38,349 - root - INFO - Successfully upserted 148 data points.
2026-05-07 17:54:38,369 - root - INFO - Fetching minute data with payload: {'ps_key_list': ['1637095_7_16_1', '1637095_7_15_1', '1637095_7_14_1'], 'points': 'p8030,p8031,p8032,p8033,p8018,p8014', 'start_time_stamp': '20260506090000', 'end_time_stamp': '20260506120000', 'minute_interval': 5}
2026-05-07 17:54:38,470 - root - INFO - Successfully upserted 370 data points.
2026-05-07 17:54:38,471 - root - INFO - Fetching minute data with payload: {'ps_key_list': ['1637095_5_11_1', '1637095_5_12_1', '1637095_5_17_1', '1637095_5_13_1'], 'points': 'p2003,p2001,p2005,p2007,p2009,p2010,p2022,p2016,p2012', 'start_time_stamp': '20260506150000', 'end_time_stamp': '20260506180000', 'minute_interval': 5}
2026-05-07 17:54:38,657 - root - INFO - Successfully upserted 148 data points.
2026-05-07 17:54:38,657 - root - INFO - Fetching minute data with payload: {'ps_key_list': ['1637095_7_16_1', '1637095_7_15_1', '1637095_7_14_1'], 'points': 'p8030,p8031,p8032,p8033,p8018,p8014', 'start_time_stamp': '20260506120000', 'end_time_stamp': '20260506150000', 'minute_interval': 5}
2026-05-07 17:54:39,559 - root - INFO - Successfully upserted 148 data points.
2026-05-07 17:54:39,559 - root - INFO - Fetching minute data with payload: {'ps_key_list': ['1637095_7_16_1', '1637095_7_15_1', '1637095_7_14_1'], 'points': 'p8030,p8031,p8032,p8033,p8018,p8014', 'start_time_stamp': '20260506180000', 'end_time_stamp': '20260506210000', 'minute_interval': 5}
2026-05-07 17:54:40,157 - root - INFO - Successfully upserted 148 data points.
2026-05-07 17:54:40,157 - root - INFO - Fetching minute data with payload: {'ps_key_list': ['1637095_7_16_1', '1637095_7_15_1', '1637095_7_14_1'], 'points': 'p8030,p8031,p8032,p8033,p8018,p8014', 'start_time_stamp': '20260506000000', 'end_time_stamp': '20260506030000', 'minute_interval': 5}
2026-05-07 17:54:40,737 - root - INFO - Successfully upserted 370 data points.
2026-05-07 17:54:40,737 - root - INFO - Fetching minute data with payload: {'ps_key_list': ['1637095_5_11_1', '1637095_5_12_1', '1637095_5_17_1', '1637095_5_13_1'], 'points': 'p2003,p2001,p2005,p2007,p2009,p2010,p2022,p2016,p2012', 'start_time_stamp': '20260506030000', 'end_time_stamp': '20260506060000', 'minute_interval': 5}
2026-05-07 17:54:40,878 - root - INFO - Successfully upserted 108 data points.
2026-05-07 17:54:40,878 - root - INFO - Fetching minute data with payload: {'ps_key_list': ['1628909_5_9_2', '1628909_5_10_1', '1628909_5_7_2', '1628909_5_6_2', '1628909_5_6_1', '1628909_5_7_1'], 'points': 'p2003,p2001,p2005,p2007,p2009,p2010,p2022,p2016,p2012', 'start_time_stamp': '20260506210000', 'end_time_stamp': '20260506235959', 'minute_interval': 5}
2026-05-07 17:54:41,101 - root - INFO - Successfully upserted 111 data points.
2026-05-07 17:54:41,102 - root - INFO - Fetching minute data with payload: {'ps_key_list': ['1628909_5_9_2', '1628909_5_10_1', '1628909_5_7_2', '1628909_5_6_2', '1628909_5_6_1', '1628909_5_7_1'], 'points': 'p2003,p2001,p2005,p2007,p2009,p2010,p2022,p2016,p2012', 'start_time_stamp': '20260506090000', 'end_time_stamp': '20260506120000', 'minute_interval': 5}
2026-05-07 17:54:41,178 - root - INFO - Successfully upserted 148 data points.
2026-05-07 17:54:41,178 - root - INFO - Fetching minute data with payload: {'ps_key_list': ['1637095_7_16_1', '1637095_7_15_1', '1637095_7_14_1'], 'points': 'p8030,p8031,p8032,p8033,p8018,p8014', 'start_time_stamp': '20260506150000', 'end_time_stamp': '20260506180000', 'minute_interval': 5}
2026-05-07 17:54:41,220 - root - INFO - Successfully upserted 370 data points.
2026-05-07 17:54:41,220 - root - INFO - Fetching minute data with payload: {'ps_key_list': ['1637095_5_11_1', '1637095_5_12_1', '1637095_5_17_1', '1637095_5_13_1'], 'points': 'p2003,p2001,p2005,p2007,p2009,p2010,p2022,p2016,p2012', 'start_time_stamp': '20260506060000', 'end_time_stamp': '20260506090000', 'minute_interval': 5}
2026-05-07 17:54:41,310 - root - INFO - Successfully upserted 111 data points.
2026-05-07 17:54:41,311 - root - INFO - Fetching minute data with payload: {'ps_key_list': ['1628909_5_9_2', '1628909_5_10_1', '1628909_5_7_2', '1628909_5_6_2', '1628909_5_6_1', '1628909_5_7_1'], 'points': 'p2003,p2001,p2005,p2007,p2009,p2010,p2022,p2016,p2012', 'start_time_stamp': '20260506120000', 'end_time_stamp': '20260506150000', 'minute_interval': 5}
2026-05-07 17:54:42,153 - root - INFO - Successfully upserted 111 data points.
2026-05-07 17:54:42,153 - root - INFO - Fetching minute data with payload: {'ps_key_list': ['1628909_5_9_2', '1628909_5_10_1', '1628909_5_7_2', '1628909_5_6_2', '1628909_5_6_1', '1628909_5_7_1'], 'points': 'p2003,p2001,p2005,p2007,p2009,p2010,p2022,p2016,p2012', 'start_time_stamp': '20260506180000', 'end_time_stamp': '20260506210000', 'minute_interval': 5}
2026-05-07 17:54:42,664 - root - INFO - Successfully upserted 111 data points.
2026-05-07 17:54:42,664 - root - INFO - Fetching minute data with payload: {'ps_key_list': ['1628909_5_9_2', '1628909_5_10_1', '1628909_5_7_2', '1628909_5_6_2', '1628909_5_6_1', '1628909_5_7_1'], 'points': 'p2003,p2001,p2005,p2007,p2009,p2010,p2022,p2016,p2012', 'start_time_stamp': '20260506000000', 'end_time_stamp': '20260506030000', 'minute_interval': 5}
2026-05-07 17:54:43,302 - root - INFO - Successfully upserted 148 data points.
2026-05-07 17:54:43,302 - root - INFO - Fetching minute data with payload: {'ps_key_list': ['1637095_7_16_1', '1637095_7_15_1', '1637095_7_14_1'], 'points': 'p8030,p8031,p8032,p8033,p8018,p8014', 'start_time_stamp': '20260506030000', 'end_time_stamp': '20260506060000', 'minute_interval': 5}
2026-05-07 17:54:43,587 - root - INFO - Successfully upserted 216 data points.
2026-05-07 17:54:43,587 - root - INFO - Fetching minute data with payload: {'ps_key_list': ['1628909_7_8_2', '1628909_7_1_3', '1628909_7_5_2', '1628909_7_4_2', '1628909_7_5_1', '1628909_7_8_1', '1628909_7_9_1'], 'points': 'p8030,p8031,p8032,p8033,p8018,p8014', 'start_time_stamp': '20260506210000', 'end_time_stamp': '20260506235959', 'minute_interval': 5}
2026-05-07 17:54:43,845 - root - INFO - Successfully upserted 222 data points.
2026-05-07 17:54:43,845 - root - INFO - Fetching minute data with payload: {'ps_key_list': ['1628909_7_8_2', '1628909_7_1_3', '1628909_7_5_2', '1628909_7_4_2', '1628909_7_5_1', '1628909_7_8_1', '1628909_7_9_1'], 'points': 'p8030,p8031,p8032,p8033,p8018,p8014', 'start_time_stamp': '20260506090000', 'end_time_stamp': '20260506120000', 'minute_interval': 5}
2026-05-07 17:54:43,998 - root - INFO - Successfully upserted 111 data points.
2026-05-07 17:54:44,003 - root - INFO - Fetching minute data with payload: {'ps_key_list': ['1628909_5_9_2', '1628909_5_10_1', '1628909_5_7_2', '1628909_5_6_2', '1628909_5_6_1', '1628909_5_7_1'], 'points': 'p2003,p2001,p2005,p2007,p2009,p2010,p2022,p2016,p2012', 'start_time_stamp': '20260506150000', 'end_time_stamp': '20260506180000', 'minute_interval': 5}
2026-05-07 17:54:44,046 - root - INFO - Successfully upserted 222 data points.
2026-05-07 17:54:44,049 - root - INFO - Fetching minute data with payload: {'ps_key_list': ['1628909_7_8_2', '1628909_7_1_3', '1628909_7_5_2', '1628909_7_4_2', '1628909_7_5_1', '1628909_7_8_1', '1628909_7_9_1'], 'points': 'p8030,p8031,p8032,p8033,p8018,p8014', 'start_time_stamp': '20260506120000', 'end_time_stamp': '20260506150000', 'minute_interval': 5}
2026-05-07 17:54:44,067 - root - INFO - Successfully upserted 148 data points.
2026-05-07 17:54:44,182 - root - INFO - Fetching minute data with payload: {'ps_key_list': ['1637095_7_16_1', '1637095_7_15_1', '1637095_7_14_1'], 'points': 'p8030,p8031,p8032,p8033,p8018,p8014', 'start_time_stamp': '20260506060000', 'end_time_stamp': '20260506090000', 'minute_interval': 5}
2026-05-07 17:54:44,732 - root - INFO - Retrying API request after rate limit wait...
2026-05-07 17:54:44,732 - root - INFO - Making API request to: https://sg5.fusionsolar.huawei.com/rest/openapi/pvms/nbi/v1/device/history
2026-05-07 17:54:44,734 - root - INFO - Request payload: {'devDn': 'NE=61900432', 'devTypeId': 17, 'startTime': 1778000400000, 'endTime': 1778086799000}
2026-05-07 17:54:44,813 - root - INFO - Successfully upserted 222 data points.
2026-05-07 17:54:44,813 - root - INFO - Fetching minute data with payload: {'ps_key_list': ['1628909_7_8_2', '1628909_7_1_3', '1628909_7_5_2', '1628909_7_4_2', '1628909_7_5_1', '1628909_7_8_1', '1628909_7_9_1'], 'points': 'p8030,p8031,p8032,p8033,p8018,p8014', 'start_time_stamp': '20260506180000', 'end_time_stamp': '20260506210000', 'minute_interval': 5}
2026-05-07 17:54:45,272 - root - INFO - Successfully upserted 222 data points.
2026-05-07 17:54:45,272 - root - INFO - Fetching minute data with payload: {'ps_key_list': ['1628909_7_8_2', '1628909_7_1_3', '1628909_7_5_2', '1628909_7_4_2', '1628909_7_5_1', '1628909_7_8_1', '1628909_7_9_1'], 'points': 'p8030,p8031,p8032,p8033,p8018,p8014', 'start_time_stamp': '20260506000000', 'end_time_stamp': '20260506030000', 'minute_interval': 5}
2026-05-07 17:54:45,347 - root - INFO - Response status code: 200
2026-05-07 17:54:45,347 - root - INFO - API response from https://sg5.fusionsolar.huawei.com/rest/openapi/pvms/nbi/v1/device/history (truncated): {'failCode': 0, 'success': True, 'message': 'historical data information query successful.', 'data': []}
2026-05-07 17:54:45,359 - root - INFO - API Response type: <class 'dict'>
2026-05-07 17:54:45,359 - root - INFO - API Response keys: ['failCode', 'success', 'message', 'data']
2026-05-07 17:54:45,359 - root - INFO - API Response data is a list with 0 items
2026-05-07 17:54:45,360 - root - INFO - API Response has failCode: 0, message: historical data information query successful.
2026-05-07 17:54:45,360 - root - INFO - Using alternate response format: data as list
2026-05-07 17:54:45,360 - root - INFO - No data points returned for the query period
2026-05-07 17:54:45,361 - root - INFO - Using single devDn for device/history (API: one device per query)
2026-05-07 17:54:45,364 - root - INFO - Fetching historical data for 1 devices of type meter
2026-05-07 17:54:45,365 - root - INFO - Making API request to: https://sg5.fusionsolar.huawei.com/rest/openapi/pvms/nbi/v1/device/history
2026-05-07 17:54:45,365 - root - INFO - Request payload: {'devDn': 'NE=61913836', 'devTypeId': 17, 'startTime': 1778000400000, 'endTime': 1778086799000}
2026-05-07 17:54:45,789 - root - INFO - Response status code: 200
2026-05-07 17:54:45,789 - root - INFO - API response from https://sg5.fusionsolar.huawei.com/rest/openapi/pvms/nbi/v1/device/history (truncated): {'failCode': 407, 'success': False, 'message': 'Interface access frequency:0.39333333333333337/1second', 'data': []}
2026-05-07 17:54:45,791 - root - WARNING - API access frequency too high. Waiting 30 seconds before retry...
2026-05-07 17:54:45,927 - root - INFO - Successfully upserted 111 data points.
2026-05-07 17:54:45,927 - root - INFO - Fetching minute data with payload: {'ps_key_list': ['1628909_5_9_2', '1628909_5_10_1', '1628909_5_7_2', '1628909_5_6_2', '1628909_5_6_1', '1628909_5_7_1'], 'points': 'p2003,p2001,p2005,p2007,p2009,p2010,p2022,p2016,p2012', 'start_time_stamp': '20260506030000', 'end_time_stamp': '20260506060000', 'minute_interval': 5}
2026-05-07 17:54:46,778 - root - INFO - Successfully upserted 252 data points.
2026-05-07 17:54:46,778 - root - INFO - Fetching minute data with payload: {'ps_key_list': ['1628909_1_2_2', '1628909_1_1_2', '1628909_1_3_1', '1628909_1_2_1', '1628909_1_1_1', '1628909_1_4_1', '1628909_1_3_2'], 'points': 'p96,p97,p98,p99,p100,p101,p102,p103,p104,p105,p106,p107,p108,p109,p110,p111,p112,p113,p7166,p7167,p7168,p7169,p7170,p7171,p70,p71,p72,p73,p74,p75,p76,p77,p78,p79,p80,p81,p82,p83,p84,p85,p92,p93,p313,p314,p315,p316,p317,p318', 'start_time_stamp': '20260506210000', 'end_time_stamp': '20260506235959', 'minute_interval': 5}
2026-05-07 17:54:46,779 - root - INFO - Successfully upserted 259 data points.
2026-05-07 17:54:46,781 - root - INFO - Fetching minute data with payload: {'ps_key_list': ['1628909_1_2_2', '1628909_1_1_2', '1628909_1_3_1', '1628909_1_2_1', '1628909_1_1_1', '1628909_1_4_1', '1628909_1_3_2'], 'points': 'p96,p97,p98,p99,p100,p101,p102,p103,p104,p105,p106,p107,p108,p109,p110,p111,p112,p113,p7166,p7167,p7168,p7169,p7170,p7171,p70,p71,p72,p73,p74,p75,p76,p77,p78,p79,p80,p81,p82,p83,p84,p85,p92,p93,p313,p314,p315,p316,p317,p318', 'start_time_stamp': '20260506090000', 'end_time_stamp': '20260506120000', 'minute_interval': 5}
2026-05-07 17:54:46,903 - root - INFO - Successfully upserted 222 data points.
2026-05-07 17:54:46,904 - root - INFO - Fetching minute data with payload: {'ps_key_list': ['1628909_7_8_2', '1628909_7_1_3', '1628909_7_5_2', '1628909_7_4_2', '1628909_7_5_1', '1628909_7_8_1', '1628909_7_9_1'], 'points': 'p8030,p8031,p8032,p8033,p8018,p8014', 'start_time_stamp': '20260506150000', 'end_time_stamp': '20260506180000', 'minute_interval': 5}
2026-05-07 17:54:47,007 - root - INFO - Successfully upserted 259 data points.
2026-05-07 17:54:47,083 - root - INFO - Successfully upserted 111 data points.
2026-05-07 17:54:47,086 - root - INFO - Fetching minute data with payload: {'ps_key_list': ['1628909_1_2_2', '1628909_1_1_2', '1628909_1_3_1', '1628909_1_2_1', '1628909_1_1_1', '1628909_1_4_1', '1628909_1_3_2'], 'points': 'p96,p97,p98,p99,p100,p101,p102,p103,p104,p105,p106,p107,p108,p109,p110,p111,p112,p113,p7166,p7167,p7168,p7169,p7170,p7171,p70,p71,p72,p73,p74,p75,p76,p77,p78,p79,p80,p81,p82,p83,p84,p85,p92,p93,p313,p314,p315,p316,p317,p318', 'start_time_stamp': '20260506120000', 'end_time_stamp': '20260506150000', 'minute_interval': 5}
2026-05-07 17:54:47,086 - root - INFO - Fetching minute data with payload: {'ps_key_list': ['1628909_5_9_2', '1628909_5_10_1', '1628909_5_7_2', '1628909_5_6_2', '1628909_5_6_1', '1628909_5_7_1'], 'points': 'p2003,p2001,p2005,p2007,p2009,p2010,p2022,p2016,p2012', 'start_time_stamp': '20260506060000', 'end_time_stamp': '20260506090000', 'minute_interval': 5}
2026-05-07 17:54:47,572 - root - INFO - Successfully upserted 259 data points.
2026-05-07 17:54:47,573 - root - INFO - Fetching minute data with payload: {'ps_key_list': ['1628909_1_2_2', '1628909_1_1_2', '1628909_1_3_1', '1628909_1_2_1', '1628909_1_1_1', '1628909_1_4_1', '1628909_1_3_2'], 'points': 'p96,p97,p98,p99,p100,p101,p102,p103,p104,p105,p106,p107,p108,p109,p110,p111,p112,p113,p7166,p7167,p7168,p7169,p7170,p7171,p70,p71,p72,p73,p74,p75,p76,p77,p78,p79,p80,p81,p82,p83,p84,p85,p92,p93,p313,p314,p315,p316,p317,p318', 'start_time_stamp': '20260506180000', 'end_time_stamp': '20260506210000', 'minute_interval': 5}
2026-05-07 17:54:47,913 - root - INFO - Successfully upserted 259 data points.
2026-05-07 17:54:47,913 - root - INFO - Fetching minute data with payload: {'ps_key_list': ['1628909_1_2_2', '1628909_1_1_2', '1628909_1_3_1', '1628909_1_2_1', '1628909_1_1_1', '1628909_1_4_1', '1628909_1_3_2'], 'points': 'p96,p97,p98,p99,p100,p101,p102,p103,p104,p105,p106,p107,p108,p109,p110,p111,p112,p113,p7166,p7167,p7168,p7169,p7170,p7171,p70,p71,p72,p73,p74,p75,p76,p77,p78,p79,p80,p81,p82,p83,p84,p85,p92,p93,p313,p314,p315,p316,p317,p318', 'start_time_stamp': '20260506000000', 'end_time_stamp': '20260506030000', 'minute_interval': 5}
2026-05-07 17:54:48,641 - root - INFO - Successfully upserted 222 data points.
2026-05-07 17:54:48,641 - root - INFO - Fetching minute data with payload: {'ps_key_list': ['1628909_7_8_2', '1628909_7_1_3', '1628909_7_5_2', '1628909_7_4_2', '1628909_7_5_1', '1628909_7_8_1', '1628909_7_9_1'], 'points': 'p8030,p8031,p8032,p8033,p8018,p8014', 'start_time_stamp': '20260506030000', 'end_time_stamp': '20260506060000', 'minute_interval': 5}
2026-05-07 17:54:49,796 - root - INFO - Successfully upserted 259 data points.
2026-05-07 17:54:49,797 - root - INFO - Fetching minute data with payload: {'ps_key_list': ['1731512_7_1_1'], 'points': 'p8030,p8031,p8032,p8033,p8018,p8014', 'start_time_stamp': '20260506090000', 'end_time_stamp': '20260506120000', 'minute_interval': 5}
2026-05-07 17:54:49,813 - root - INFO - Successfully upserted 252 data points.
2026-05-07 17:54:49,813 - root - INFO - Fetching minute data with payload: {'ps_key_list': ['1731512_7_1_1'], 'points': 'p8030,p8031,p8032,p8033,p8018,p8014', 'start_time_stamp': '20260506210000', 'end_time_stamp': '20260506235959', 'minute_interval': 5}
2026-05-07 17:54:49,884 - root - INFO - Successfully upserted 222 data points.
2026-05-07 17:54:49,888 - root - INFO - Fetching minute data with payload: {'ps_key_list': ['1628909_7_8_2', '1628909_7_1_3', '1628909_7_5_2', '1628909_7_4_2', '1628909_7_5_1', '1628909_7_8_1', '1628909_7_9_1'], 'points': 'p8030,p8031,p8032,p8033,p8018,p8014', 'start_time_stamp': '20260506060000', 'end_time_stamp': '20260506090000', 'minute_interval': 5}
2026-05-07 17:54:49,973 - root - INFO - Successfully upserted 259 data points.
2026-05-07 17:54:50,016 - root - INFO - Fetching minute data with payload: {'ps_key_list': ['1731512_7_1_1'], 'points': 'p8030,p8031,p8032,p8033,p8018,p8014', 'start_time_stamp': '20260506120000', 'end_time_stamp': '20260506150000', 'minute_interval': 5}
2026-05-07 17:54:50,051 - root - INFO - Successfully upserted 259 data points.
2026-05-07 17:54:50,052 - root - INFO - Fetching minute data with payload: {'ps_key_list': ['1628909_1_2_2', '1628909_1_1_2', '1628909_1_3_1', '1628909_1_2_1', '1628909_1_1_1', '1628909_1_4_1', '1628909_1_3_2'], 'points': 'p96,p97,p98,p99,p100,p101,p102,p103,p104,p105,p106,p107,p108,p109,p110,p111,p112,p113,p7166,p7167,p7168,p7169,p7170,p7171,p70,p71,p72,p73,p74,p75,p76,p77,p78,p79,p80,p81,p82,p83,p84,p85,p92,p93,p313,p314,p315,p316,p317,p318', 'start_time_stamp': '20260506150000', 'end_time_stamp': '20260506180000', 'minute_interval': 5}
2026-05-07 17:54:50,410 - root - INFO - Successfully upserted 259 data points.
2026-05-07 17:54:50,410 - root - INFO - Fetching minute data with payload: {'ps_key_list': ['1731512_7_1_1'], 'points': 'p8030,p8031,p8032,p8033,p8018,p8014', 'start_time_stamp': '20260506180000', 'end_time_stamp': '20260506210000', 'minute_interval': 5}
2026-05-07 17:54:50,612 - root - INFO - Successfully upserted 259 data points.
2026-05-07 17:54:50,612 - root - INFO - Fetching minute data with payload: {'ps_key_list': ['1731512_7_1_1'], 'points': 'p8030,p8031,p8032,p8033,p8018,p8014', 'start_time_stamp': '20260506000000', 'end_time_stamp': '20260506030000', 'minute_interval': 5}
2026-05-07 17:54:51,309 - root - INFO - Successfully upserted 259 data points.
2026-05-07 17:54:51,309 - root - INFO - Fetching minute data with payload: {'ps_key_list': ['1628909_1_2_2', '1628909_1_1_2', '1628909_1_3_1', '1628909_1_2_1', '1628909_1_1_1', '1628909_1_4_1', '1628909_1_3_2'], 'points': 'p96,p97,p98,p99,p100,p101,p102,p103,p104,p105,p106,p107,p108,p109,p110,p111,p112,p113,p7166,p7167,p7168,p7169,p7170,p7171,p70,p71,p72,p73,p74,p75,p76,p77,p78,p79,p80,p81,p82,p83,p84,p85,p92,p93,p313,p314,p315,p316,p317,p318', 'start_time_stamp': '20260506030000', 'end_time_stamp': '20260506060000', 'minute_interval': 5}
2026-05-07 17:54:52,644 - root - INFO - Successfully upserted 36 data points.
2026-05-07 17:54:52,644 - root - INFO - Fetching minute data with payload: {'ps_key_list': ['1731512_1_2_1'], 'points': 'p96,p97,p98,p99,p100,p101,p102,p103,p104,p105,p106,p107,p108,p109,p110,p111,p112,p113,p7166,p7167,p7168,p7169,p7170,p7171,p70,p71,p72,p73,p74,p75,p76,p77,p78,p79,p80,p81,p82,p83,p84,p85,p92,p93,p313,p314,p315,p316,p317,p318', 'start_time_stamp': '20260506210000', 'end_time_stamp': '20260506235959', 'minute_interval': 5}
2026-05-07 17:54:52,734 - root - INFO - Successfully upserted 37 data points.
2026-05-07 17:54:52,734 - root - INFO - Fetching minute data with payload: {'ps_key_list': ['1731512_1_2_1'], 'points': 'p96,p97,p98,p99,p100,p101,p102,p103,p104,p105,p106,p107,p108,p109,p110,p111,p112,p113,p7166,p7167,p7168,p7169,p7170,p7171,p70,p71,p72,p73,p74,p75,p76,p77,p78,p79,p80,p81,p82,p83,p84,p85,p92,p93,p313,p314,p315,p316,p317,p318', 'start_time_stamp': '20260506090000', 'end_time_stamp': '20260506120000', 'minute_interval': 5}
2026-05-07 17:54:52,833 - root - INFO - Successfully upserted 37 data points.
2026-05-07 17:54:52,837 - root - INFO - Fetching minute data with payload: {'ps_key_list': ['1731512_1_2_1'], 'points': 'p96,p97,p98,p99,p100,p101,p102,p103,p104,p105,p106,p107,p108,p109,p110,p111,p112,p113,p7166,p7167,p7168,p7169,p7170,p7171,p70,p71,p72,p73,p74,p75,p76,p77,p78,p79,p80,p81,p82,p83,p84,p85,p92,p93,p313,p314,p315,p316,p317,p318', 'start_time_stamp': '20260506120000', 'end_time_stamp': '20260506150000', 'minute_interval': 5}
2026-05-07 17:54:52,926 - root - INFO - Successfully upserted 259 data points.
2026-05-07 17:54:52,926 - root - INFO - Fetching minute data with payload: {'ps_key_list': ['1731512_7_1_1'], 'points': 'p8030,p8031,p8032,p8033,p8018,p8014', 'start_time_stamp': '20260506150000', 'end_time_stamp': '20260506180000', 'minute_interval': 5}
2026-05-07 17:54:52,938 - root - INFO - Successfully upserted 259 data points.
2026-05-07 17:54:52,939 - root - INFO - Fetching minute data with payload: {'ps_key_list': ['1628909_1_2_2', '1628909_1_1_2', '1628909_1_3_1', '1628909_1_2_1', '1628909_1_1_1', '1628909_1_4_1', '1628909_1_3_2'], 'points': 'p96,p97,p98,p99,p100,p101,p102,p103,p104,p105,p106,p107,p108,p109,p110,p111,p112,p113,p7166,p7167,p7168,p7169,p7170,p7171,p70,p71,p72,p73,p74,p75,p76,p77,p78,p79,p80,p81,p82,p83,p84,p85,p92,p93,p313,p314,p315,p316,p317,p318', 'start_time_stamp': '20260506060000', 'end_time_stamp': '20260506090000', 'minute_interval': 5}
2026-05-07 17:54:53,079 - root - INFO - Successfully upserted 37 data points.
2026-05-07 17:54:53,081 - root - INFO - Fetching minute data with payload: {'ps_key_list': ['1731512_1_2_1'], 'points': 'p96,p97,p98,p99,p100,p101,p102,p103,p104,p105,p106,p107,p108,p109,p110,p111,p112,p113,p7166,p7167,p7168,p7169,p7170,p7171,p70,p71,p72,p73,p74,p75,p76,p77,p78,p79,p80,p81,p82,p83,p84,p85,p92,p93,p313,p314,p315,p316,p317,p318', 'start_time_stamp': '20260506000000', 'end_time_stamp': '20260506030000', 'minute_interval': 5}
2026-05-07 17:54:53,727 - root - INFO - Successfully upserted 37 data points.
2026-05-07 17:54:53,727 - root - INFO - Fetching minute data with payload: {'ps_key_list': ['1731512_1_2_1'], 'points': 'p96,p97,p98,p99,p100,p101,p102,p103,p104,p105,p106,p107,p108,p109,p110,p111,p112,p113,p7166,p7167,p7168,p7169,p7170,p7171,p70,p71,p72,p73,p74,p75,p76,p77,p78,p79,p80,p81,p82,p83,p84,p85,p92,p93,p313,p314,p315,p316,p317,p318', 'start_time_stamp': '20260506180000', 'end_time_stamp': '20260506210000', 'minute_interval': 5}
2026-05-07 17:54:54,233 - root - INFO - Successfully upserted 259 data points.
2026-05-07 17:54:54,234 - root - INFO - Fetching minute data with payload: {'ps_key_list': ['1731512_7_1_1'], 'points': 'p8030,p8031,p8032,p8033,p8018,p8014', 'start_time_stamp': '20260506030000', 'end_time_stamp': '20260506060000', 'minute_interval': 5}
2026-05-07 17:54:55,423 - root - INFO - No data to insert into database for this API data batch.
2026-05-07 17:54:55,423 - root - INFO - Fetching minute data with payload: {'ps_key_list': ['1730375_1_3_1', '1730375_1_1_1'], 'points': 'p96,p97,p98,p99,p100,p101,p102,p103,p104,p105,p106,p107,p108,p109,p110,p111,p112,p113,p7166,p7167,p7168,p7169,p7170,p7171,p70,p71,p72,p73,p74,p75,p76,p77,p78,p79,p80,p81,p82,p83,p84,p85,p92,p93,p313,p314,p315,p316,p317,p318', 'start_time_stamp': '20260506210000', 'end_time_stamp': '20260506235959', 'minute_interval': 5}
2026-05-07 17:54:55,427 - root - INFO - No data to insert into database for this API data batch.
2026-05-07 17:54:55,427 - root - INFO - Fetching minute data with payload: {'ps_key_list': ['1730375_1_3_1', '1730375_1_1_1'], 'points': 'p96,p97,p98,p99,p100,p101,p102,p103,p104,p105,p106,p107,p108,p109,p110,p111,p112,p113,p7166,p7167,p7168,p7169,p7170,p7171,p70,p71,p72,p73,p74,p75,p76,p77,p78,p79,p80,p81,p82,p83,p84,p85,p92,p93,p313,p314,p315,p316,p317,p318', 'start_time_stamp': '20260506090000', 'end_time_stamp': '20260506120000', 'minute_interval': 5}
2026-05-07 17:54:55,691 - root - INFO - No data to insert into database for this API data batch.
2026-05-07 17:54:55,693 - root - INFO - Fetching minute data with payload: {'ps_key_list': ['1730375_1_3_1', '1730375_1_1_1'], 'points': 'p96,p97,p98,p99,p100,p101,p102,p103,p104,p105,p106,p107,p108,p109,p110,p111,p112,p113,p7166,p7167,p7168,p7169,p7170,p7171,p70,p71,p72,p73,p74,p75,p76,p77,p78,p79,p80,p81,p82,p83,p84,p85,p92,p93,p313,p314,p315,p316,p317,p318', 'start_time_stamp': '20260506120000', 'end_time_stamp': '20260506150000', 'minute_interval': 5}
2026-05-07 17:54:55,738 - root - INFO - Successfully upserted 37 data points.
2026-05-07 17:54:55,738 - root - INFO - Fetching minute data with payload: {'ps_key_list': ['1731512_1_2_1'], 'points': 'p96,p97,p98,p99,p100,p101,p102,p103,p104,p105,p106,p107,p108,p109,p110,p111,p112,p113,p7166,p7167,p7168,p7169,p7170,p7171,p70,p71,p72,p73,p74,p75,p76,p77,p78,p79,p80,p81,p82,p83,p84,p85,p92,p93,p313,p314,p315,p316,p317,p318', 'start_time_stamp': '20260506150000', 'end_time_stamp': '20260506180000', 'minute_interval': 5}
2026-05-07 17:54:55,850 - root - INFO - No data to insert into database for this API data batch.
2026-05-07 17:54:55,851 - root - INFO - Fetching minute data with payload: {'ps_key_list': ['1730375_1_3_1', '1730375_1_1_1'], 'points': 'p96,p97,p98,p99,p100,p101,p102,p103,p104,p105,p106,p107,p108,p109,p110,p111,p112,p113,p7166,p7167,p7168,p7169,p7170,p7171,p70,p71,p72,p73,p74,p75,p76,p77,p78,p79,p80,p81,p82,p83,p84,p85,p92,p93,p313,p314,p315,p316,p317,p318', 'start_time_stamp': '20260506000000', 'end_time_stamp': '20260506030000', 'minute_interval': 5}
2026-05-07 17:54:55,880 - root - INFO - Successfully upserted 259 data points.
2026-05-07 17:54:55,881 - root - INFO - Fetching minute data with payload: {'ps_key_list': ['1731512_7_1_1'], 'points': 'p8030,p8031,p8032,p8033,p8018,p8014', 'start_time_stamp': '20260506060000', 'end_time_stamp': '20260506090000', 'minute_interval': 5}
2026-05-07 17:54:56,258 - root - INFO - No data to insert into database for this API data batch.
2026-05-07 17:54:56,259 - root - INFO - Fetching minute data with payload: {'ps_key_list': ['1730375_1_3_1', '1730375_1_1_1'], 'points': 'p96,p97,p98,p99,p100,p101,p102,p103,p104,p105,p106,p107,p108,p109,p110,p111,p112,p113,p7166,p7167,p7168,p7169,p7170,p7171,p70,p71,p72,p73,p74,p75,p76,p77,p78,p79,p80,p81,p82,p83,p84,p85,p92,p93,p313,p314,p315,p316,p317,p318', 'start_time_stamp': '20260506180000', 'end_time_stamp': '20260506210000', 'minute_interval': 5}
2026-05-07 17:54:56,772 - root - INFO - Successfully upserted 37 data points.
2026-05-07 17:54:56,772 - root - INFO - Fetching minute data with payload: {'ps_key_list': ['1731512_1_2_1'], 'points': 'p96,p97,p98,p99,p100,p101,p102,p103,p104,p105,p106,p107,p108,p109,p110,p111,p112,p113,p7166,p7167,p7168,p7169,p7170,p7171,p70,p71,p72,p73,p74,p75,p76,p77,p78,p79,p80,p81,p82,p83,p84,p85,p92,p93,p313,p314,p315,p316,p317,p318', 'start_time_stamp': '20260506030000', 'end_time_stamp': '20260506060000', 'minute_interval': 5}
2026-05-07 17:54:58,084 - root - INFO - Successfully upserted 37 data points.
2026-05-07 17:54:58,084 - root - INFO - Fetching minute data with payload: {'ps_key_list': ['1730375_7_2_1'], 'points': 'p8030,p8031,p8032,p8033,p8018,p8014', 'start_time_stamp': '20260506090000', 'end_time_stamp': '20260506120000', 'minute_interval': 5}
2026-05-07 17:54:58,126 - root - INFO - No data to insert into database for this API data batch.
2026-05-07 17:54:58,126 - root - INFO - Fetching minute data with payload: {'ps_key_list': ['1730375_7_2_1'], 'points': 'p8030,p8031,p8032,p8033,p8018,p8014', 'start_time_stamp': '20260506210000', 'end_time_stamp': '20260506235959', 'minute_interval': 5}
2026-05-07 17:54:58,390 - root - INFO - Successfully upserted 37 data points.
2026-05-07 17:54:58,390 - root - INFO - Fetching minute data with payload: {'ps_key_list': ['1730375_7_2_1'], 'points': 'p8030,p8031,p8032,p8033,p8018,p8014', 'start_time_stamp': '20260506120000', 'end_time_stamp': '20260506150000', 'minute_interval': 5}
2026-05-07 17:54:58,401 - root - INFO - No data to insert into database for this API data batch.
2026-05-07 17:54:58,401 - root - INFO - Fetching minute data with payload: {'ps_key_list': ['1730375_1_3_1', '1730375_1_1_1'], 'points': 'p96,p97,p98,p99,p100,p101,p102,p103,p104,p105,p106,p107,p108,p109,p110,p111,p112,p113,p7166,p7167,p7168,p7169,p7170,p7171,p70,p71,p72,p73,p74,p75,p76,p77,p78,p79,p80,p81,p82,p83,p84,p85,p92,p93,p313,p314,p315,p316,p317,p318', 'start_time_stamp': '20260506150000', 'end_time_stamp': '20260506180000', 'minute_interval': 5}
2026-05-07 17:54:58,524 - root - INFO - No data to insert into database for this API data batch.
2026-05-07 17:54:58,524 - root - INFO - Fetching minute data with payload: {'ps_key_list': ['1730375_7_2_1'], 'points': 'p8030,p8031,p8032,p8033,p8018,p8014', 'start_time_stamp': '20260506000000', 'end_time_stamp': '20260506030000', 'minute_interval': 5}
2026-05-07 17:54:58,620 - root - INFO - Successfully upserted 37 data points.
2026-05-07 17:54:58,621 - root - INFO - Fetching minute data with payload: {'ps_key_list': ['1731512_1_2_1'], 'points': 'p96,p97,p98,p99,p100,p101,p102,p103,p104,p105,p106,p107,p108,p109,p110,p111,p112,p113,p7166,p7167,p7168,p7169,p7170,p7171,p70,p71,p72,p73,p74,p75,p76,p77,p78,p79,p80,p81,p82,p83,p84,p85,p92,p93,p313,p314,p315,p316,p317,p318', 'start_time_stamp': '20260506060000', 'end_time_stamp': '20260506090000', 'minute_interval': 5}
2026-05-07 17:54:58,797 - root - INFO - No data to insert into database for this API data batch.
2026-05-07 17:54:58,799 - root - INFO - Fetching minute data with payload: {'ps_key_list': ['1730375_7_2_1'], 'points': 'p8030,p8031,p8032,p8033,p8018,p8014', 'start_time_stamp': '20260506180000', 'end_time_stamp': '20260506210000', 'minute_interval': 5}
2026-05-07 17:54:59,211 - root - INFO - No data to insert into database for this API data batch.
2026-05-07 17:54:59,211 - root - INFO - Fetching minute data with payload: {'ps_key_list': ['1730375_1_3_1', '1730375_1_1_1'], 'points': 'p96,p97,p98,p99,p100,p101,p102,p103,p104,p105,p106,p107,p108,p109,p110,p111,p112,p113,p7166,p7167,p7168,p7169,p7170,p7171,p70,p71,p72,p73,p74,p75,p76,p77,p78,p79,p80,p81,p82,p83,p84,p85,p92,p93,p313,p314,p315,p316,p317,p318', 'start_time_stamp': '20260506030000', 'end_time_stamp': '20260506060000', 'minute_interval': 5}
2026-05-07 17:55:00,617 - root - INFO - Successfully upserted 37 data points.
2026-05-07 17:55:00,617 - root - INFO - Fetching minute data with payload: {'ps_key_list': ['1728142_7_2_1'], 'points': 'p8030,p8031,p8032,p8033,p8018,p8014', 'start_time_stamp': '20260506090000', 'end_time_stamp': '20260506120000', 'minute_interval': 5}
2026-05-07 17:55:00,815 - root - INFO - Successfully upserted 36 data points.
2026-05-07 17:55:00,815 - root - INFO - Fetching minute data with payload: {'ps_key_list': ['1728142_7_2_1'], 'points': 'p8030,p8031,p8032,p8033,p8018,p8014', 'start_time_stamp': '20260506210000', 'end_time_stamp': '20260506235959', 'minute_interval': 5}
2026-05-07 17:55:01,081 - root - INFO - Successfully upserted 37 data points.
2026-05-07 17:55:01,081 - root - INFO - Fetching minute data with payload: {'ps_key_list': ['1728142_7_2_1'], 'points': 'p8030,p8031,p8032,p8033,p8018,p8014', 'start_time_stamp': '20260506120000', 'end_time_stamp': '20260506150000', 'minute_interval': 5}
2026-05-07 17:55:01,163 - root - INFO - Successfully upserted 33 data points.
2026-05-07 17:55:01,164 - root - INFO - Fetching minute data with payload: {'ps_key_list': ['1730375_7_2_1'], 'points': 'p8030,p8031,p8032,p8033,p8018,p8014', 'start_time_stamp': '20260506150000', 'end_time_stamp': '20260506180000', 'minute_interval': 5}
2026-05-07 17:55:01,378 - root - INFO - No data to insert into database for this API data batch.
2026-05-07 17:55:01,378 - root - INFO - Fetching minute data with payload: {'ps_key_list': ['1730375_1_3_1', '1730375_1_1_1'], 'points': 'p96,p97,p98,p99,p100,p101,p102,p103,p104,p105,p106,p107,p108,p109,p110,p111,p112,p113,p7166,p7167,p7168,p7169,p7170,p7171,p70,p71,p72,p73,p74,p75,p76,p77,p78,p79,p80,p81,p82,p83,p84,p85,p92,p93,p313,p314,p315,p316,p317,p318', 'start_time_stamp': '20260506060000', 'end_time_stamp': '20260506090000', 'minute_interval': 5}
2026-05-07 17:55:01,396 - root - INFO - Successfully upserted 37 data points.
2026-05-07 17:55:01,396 - root - INFO - Fetching minute data with payload: {'ps_key_list': ['1728142_7_2_1'], 'points': 'p8030,p8031,p8032,p8033,p8018,p8014', 'start_time_stamp': '20260506000000', 'end_time_stamp': '20260506030000', 'minute_interval': 5}
2026-05-07 17:55:01,459 - root - INFO - Successfully upserted 37 data points.
2026-05-07 17:55:01,459 - root - INFO - Fetching minute data with payload: {'ps_key_list': ['1728142_7_2_1'], 'points': 'p8030,p8031,p8032,p8033,p8018,p8014', 'start_time_stamp': '20260506180000', 'end_time_stamp': '20260506210000', 'minute_interval': 5}
2026-05-07 17:55:01,679 - root - INFO - Successfully upserted 5 data points.
2026-05-07 17:55:01,679 - root - INFO - Fetching minute data with payload: {'ps_key_list': ['1730375_7_2_1'], 'points': 'p8030,p8031,p8032,p8033,p8018,p8014', 'start_time_stamp': '20260506030000', 'end_time_stamp': '20260506060000', 'minute_interval': 5}
2026-05-07 17:55:03,130 - root - INFO - Successfully upserted 37 data points.
2026-05-07 17:55:03,130 - root - INFO - Fetching minute data with payload: {'ps_key_list': ['1728142_1_1_1'], 'points': 'p96,p97,p98,p99,p100,p101,p102,p103,p104,p105,p106,p107,p108,p109,p110,p111,p112,p113,p7166,p7167,p7168,p7169,p7170,p7171,p70,p71,p72,p73,p74,p75,p76,p77,p78,p79,p80,p81,p82,p83,p84,p85,p92,p93,p313,p314,p315,p316,p317,p318', 'start_time_stamp': '20260506090000', 'end_time_stamp': '20260506120000', 'minute_interval': 5}
2026-05-07 17:55:03,349 - root - INFO - Successfully upserted 36 data points.
2026-05-07 17:55:03,349 - root - INFO - Fetching minute data with payload: {'ps_key_list': ['1728142_1_1_1'], 'points': 'p96,p97,p98,p99,p100,p101,p102,p103,p104,p105,p106,p107,p108,p109,p110,p111,p112,p113,p7166,p7167,p7168,p7169,p7170,p7171,p70,p71,p72,p73,p74,p75,p76,p77,p78,p79,p80,p81,p82,p83,p84,p85,p92,p93,p313,p314,p315,p316,p317,p318', 'start_time_stamp': '20260506210000', 'end_time_stamp': '20260506235959', 'minute_interval': 5}
2026-05-07 17:55:03,975 - root - INFO - Successfully upserted 37 data points.
2026-05-07 17:55:03,975 - root - INFO - Fetching minute data with payload: {'ps_key_list': ['1728142_1_1_1'], 'points': 'p96,p97,p98,p99,p100,p101,p102,p103,p104,p105,p106,p107,p108,p109,p110,p111,p112,p113,p7166,p7167,p7168,p7169,p7170,p7171,p70,p71,p72,p73,p74,p75,p76,p77,p78,p79,p80,p81,p82,p83,p84,p85,p92,p93,p313,p314,p315,p316,p317,p318', 'start_time_stamp': '20260506120000', 'end_time_stamp': '20260506150000', 'minute_interval': 5}
2026-05-07 17:55:03,976 - root - INFO - Successfully upserted 37 data points.
2026-05-07 17:55:03,977 - root - INFO - Fetching minute data with payload: {'ps_key_list': ['1728142_7_2_1'], 'points': 'p8030,p8031,p8032,p8033,p8018,p8014', 'start_time_stamp': '20260506150000', 'end_time_stamp': '20260506180000', 'minute_interval': 5}
2026-05-07 17:55:04,273 - root - INFO - Successfully upserted 37 data points.
2026-05-07 17:55:04,274 - root - INFO - Successfully upserted 37 data points.
2026-05-07 17:55:04,286 - root - INFO - Fetching minute data with payload: {'ps_key_list': ['1730375_7_2_1'], 'points': 'p8030,p8031,p8032,p8033,p8018,p8014', 'start_time_stamp': '20260506060000', 'end_time_stamp': '20260506090000', 'minute_interval': 5}
2026-05-07 17:55:04,286 - root - INFO - Fetching minute data with payload: {'ps_key_list': ['1728142_1_1_1'], 'points': 'p96,p97,p98,p99,p100,p101,p102,p103,p104,p105,p106,p107,p108,p109,p110,p111,p112,p113,p7166,p7167,p7168,p7169,p7170,p7171,p70,p71,p72,p73,p74,p75,p76,p77,p78,p79,p80,p81,p82,p83,p84,p85,p92,p93,p313,p314,p315,p316,p317,p318', 'start_time_stamp': '20260506000000', 'end_time_stamp': '20260506030000', 'minute_interval': 5}
2026-05-07 17:55:04,287 - root - INFO - Successfully upserted 37 data points.
2026-05-07 17:55:04,288 - root - INFO - Fetching minute data with payload: {'ps_key_list': ['1728142_1_1_1'], 'points': 'p96,p97,p98,p99,p100,p101,p102,p103,p104,p105,p106,p107,p108,p109,p110,p111,p112,p113,p7166,p7167,p7168,p7169,p7170,p7171,p70,p71,p72,p73,p74,p75,p76,p77,p78,p79,p80,p81,p82,p83,p84,p85,p92,p93,p313,p314,p315,p316,p317,p318', 'start_time_stamp': '20260506180000', 'end_time_stamp': '20260506210000', 'minute_interval': 5}
2026-05-07 17:55:05,022 - root - INFO - Successfully upserted 37 data points.
2026-05-07 17:55:05,022 - root - INFO - Fetching minute data with payload: {'ps_key_list': ['1728142_7_2_1'], 'points': 'p8030,p8031,p8032,p8033,p8018,p8014', 'start_time_stamp': '20260506030000', 'end_time_stamp': '20260506060000', 'minute_interval': 5}
2026-05-07 17:55:05,973 - root - INFO - No data to insert into database for this API data batch.
2026-05-07 17:55:05,973 - root - INFO - Fetching minute data with payload: {'ps_key_list': ['1723575_1_3_1'], 'points': 'p96,p97,p98,p99,p100,p101,p102,p103,p104,p105,p106,p107,p108,p109,p110,p111,p112,p113,p7166,p7167,p7168,p7169,p7170,p7171,p70,p71,p72,p73,p74,p75,p76,p77,p78,p79,p80,p81,p82,p83,p84,p85,p92,p93,p313,p314,p315,p316,p317,p318', 'start_time_stamp': '20260506210000', 'end_time_stamp': '20260506235959', 'minute_interval': 5}
2026-05-07 17:55:05,987 - root - INFO - Successfully upserted 37 data points.
2026-05-07 17:55:05,988 - root - INFO - Fetching minute data with payload: {'ps_key_list': ['1723575_1_3_1'], 'points': 'p96,p97,p98,p99,p100,p101,p102,p103,p104,p105,p106,p107,p108,p109,p110,p111,p112,p113,p7166,p7167,p7168,p7169,p7170,p7171,p70,p71,p72,p73,p74,p75,p76,p77,p78,p79,p80,p81,p82,p83,p84,p85,p92,p93,p313,p314,p315,p316,p317,p318', 'start_time_stamp': '20260506090000', 'end_time_stamp': '20260506120000', 'minute_interval': 5}
2026-05-07 17:55:07,329 - root - INFO - Successfully upserted 37 data points.
2026-05-07 17:55:07,330 - root - INFO - Fetching minute data with payload: {'ps_key_list': ['1728142_1_1_1'], 'points': 'p96,p97,p98,p99,p100,p101,p102,p103,p104,p105,p106,p107,p108,p109,p110,p111,p112,p113,p7166,p7167,p7168,p7169,p7170,p7171,p70,p71,p72,p73,p74,p75,p76,p77,p78,p79,p80,p81,p82,p83,p84,p85,p92,p93,p313,p314,p315,p316,p317,p318', 'start_time_stamp': '20260506150000', 'end_time_stamp': '20260506180000', 'minute_interval': 5}
2026-05-07 17:55:07,342 - root - INFO - Successfully upserted 37 data points.
2026-05-07 17:55:07,343 - root - INFO - Fetching minute data with payload: {'ps_key_list': ['1723575_1_3_1'], 'points': 'p96,p97,p98,p99,p100,p101,p102,p103,p104,p105,p106,p107,p108,p109,p110,p111,p112,p113,p7166,p7167,p7168,p7169,p7170,p7171,p70,p71,p72,p73,p74,p75,p76,p77,p78,p79,p80,p81,p82,p83,p84,p85,p92,p93,p313,p314,p315,p316,p317,p318', 'start_time_stamp': '20260506120000', 'end_time_stamp': '20260506150000', 'minute_interval': 5}
2026-05-07 17:55:07,381 - root - INFO - No data to insert into database for this API data batch.
2026-05-07 17:55:07,381 - root - INFO - Fetching minute data with payload: {'ps_key_list': ['1723575_1_3_1'], 'points': 'p96,p97,p98,p99,p100,p101,p102,p103,p104,p105,p106,p107,p108,p109,p110,p111,p112,p113,p7166,p7167,p7168,p7169,p7170,p7171,p70,p71,p72,p73,p74,p75,p76,p77,p78,p79,p80,p81,p82,p83,p84,p85,p92,p93,p313,p314,p315,p316,p317,p318', 'start_time_stamp': '20260506000000', 'end_time_stamp': '20260506030000', 'minute_interval': 5}
2026-05-07 17:55:07,534 - root - INFO - No data to insert into database for this API data batch.
2026-05-07 17:55:07,535 - root - INFO - Fetching minute data with payload: {'ps_key_list': ['1723575_1_3_1'], 'points': 'p96,p97,p98,p99,p100,p101,p102,p103,p104,p105,p106,p107,p108,p109,p110,p111,p112,p113,p7166,p7167,p7168,p7169,p7170,p7171,p70,p71,p72,p73,p74,p75,p76,p77,p78,p79,p80,p81,p82,p83,p84,p85,p92,p93,p313,p314,p315,p316,p317,p318', 'start_time_stamp': '20260506180000', 'end_time_stamp': '20260506210000', 'minute_interval': 5}
2026-05-07 17:55:07,644 - root - INFO - Successfully upserted 37 data points.
2026-05-07 17:55:07,645 - root - INFO - Fetching minute data with payload: {'ps_key_list': ['1728142_7_2_1'], 'points': 'p8030,p8031,p8032,p8033,p8018,p8014', 'start_time_stamp': '20260506060000', 'end_time_stamp': '20260506090000', 'minute_interval': 5}
2026-05-07 17:55:07,655 - root - INFO - Successfully upserted 37 data points.
2026-05-07 17:55:07,661 - root - INFO - Fetching minute data with payload: {'ps_key_list': ['1728142_1_1_1'], 'points': 'p96,p97,p98,p99,p100,p101,p102,p103,p104,p105,p106,p107,p108,p109,p110,p111,p112,p113,p7166,p7167,p7168,p7169,p7170,p7171,p70,p71,p72,p73,p74,p75,p76,p77,p78,p79,p80,p81,p82,p83,p84,p85,p92,p93,p313,p314,p315,p316,p317,p318', 'start_time_stamp': '20260506030000', 'end_time_stamp': '20260506060000', 'minute_interval': 5}
2026-05-07 17:55:08,540 - root - INFO - No data to insert into database for this API data batch.
2026-05-07 17:55:08,541 - root - INFO - Fetching minute data with payload: {'ps_key_list': ['1723575_7_2_1'], 'points': 'p8030,p8031,p8032,p8033,p8018,p8014', 'start_time_stamp': '20260506210000', 'end_time_stamp': '20260506235959', 'minute_interval': 5}
2026-05-07 17:55:08,557 - root - INFO - Successfully upserted 36 data points.
2026-05-07 17:55:08,557 - root - INFO - Fetching minute data with payload: {'ps_key_list': ['1723575_7_2_1'], 'points': 'p8030,p8031,p8032,p8033,p8018,p8014', 'start_time_stamp': '20260506090000', 'end_time_stamp': '20260506120000', 'minute_interval': 5}
2026-05-07 17:55:10,047 - root - INFO - No data to insert into database for this API data batch.
2026-05-07 17:55:10,048 - root - INFO - Fetching minute data with payload: {'ps_key_list': ['1723575_7_2_1'], 'points': 'p8030,p8031,p8032,p8033,p8018,p8014', 'start_time_stamp': '20260506000000', 'end_time_stamp': '20260506030000', 'minute_interval': 5}
2026-05-07 17:55:10,051 - root - INFO - Successfully upserted 33 data points.
2026-05-07 17:55:10,052 - root - INFO - Fetching minute data with payload: {'ps_key_list': ['1723575_1_3_1'], 'points': 'p96,p97,p98,p99,p100,p101,p102,p103,p104,p105,p106,p107,p108,p109,p110,p111,p112,p113,p7166,p7167,p7168,p7169,p7170,p7171,p70,p71,p72,p73,p74,p75,p76,p77,p78,p79,p80,p81,p82,p83,p84,p85,p92,p93,p313,p314,p315,p316,p317,p318', 'start_time_stamp': '20260506150000', 'end_time_stamp': '20260506180000', 'minute_interval': 5}
2026-05-07 17:55:10,150 - root - INFO - Successfully upserted 37 data points.
2026-05-07 17:55:10,151 - root - INFO - Fetching minute data with payload: {'ps_key_list': ['1723575_7_2_1'], 'points': 'p8030,p8031,p8032,p8033,p8018,p8014', 'start_time_stamp': '20260506120000', 'end_time_stamp': '20260506150000', 'minute_interval': 5}
2026-05-07 17:55:10,176 - root - INFO - No data to insert into database for this API data batch.
2026-05-07 17:55:10,177 - root - INFO - Fetching minute data with payload: {'ps_key_list': ['1723575_7_2_1'], 'points': 'p8030,p8031,p8032,p8033,p8018,p8014', 'start_time_stamp': '20260506180000', 'end_time_stamp': '20260506210000', 'minute_interval': 5}
2026-05-07 17:55:10,380 - root - INFO - Successfully upserted 7 data points.
2026-05-07 17:55:10,381 - root - INFO - Fetching minute data with payload: {'ps_key_list': ['1723575_1_3_1'], 'points': 'p96,p97,p98,p99,p100,p101,p102,p103,p104,p105,p106,p107,p108,p109,p110,p111,p112,p113,p7166,p7167,p7168,p7169,p7170,p7171,p70,p71,p72,p73,p74,p75,p76,p77,p78,p79,p80,p81,p82,p83,p84,p85,p92,p93,p313,p314,p315,p316,p317,p318', 'start_time_stamp': '20260506030000', 'end_time_stamp': '20260506060000', 'minute_interval': 5}
2026-05-07 17:55:10,485 - root - INFO - Successfully upserted 37 data points.
2026-05-07 17:55:10,485 - root - INFO - Fetching minute data with payload: {'ps_key_list': ['1728142_1_1_1'], 'points': 'p96,p97,p98,p99,p100,p101,p102,p103,p104,p105,p106,p107,p108,p109,p110,p111,p112,p113,p7166,p7167,p7168,p7169,p7170,p7171,p70,p71,p72,p73,p74,p75,p76,p77,p78,p79,p80,p81,p82,p83,p84,p85,p92,p93,p313,p314,p315,p316,p317,p318', 'start_time_stamp': '20260506060000', 'end_time_stamp': '20260506090000', 'minute_interval': 5}
2026-05-07 17:55:11,164 - root - INFO - Successfully upserted 36 data points.
2026-05-07 17:55:11,164 - root - INFO - Fetching minute data with payload: {'ps_key_list': ['1722752_7_2_1'], 'points': 'p8030,p8031,p8032,p8033,p8018,p8014', 'start_time_stamp': '20260506210000', 'end_time_stamp': '20260506235959', 'minute_interval': 5}
2026-05-07 17:55:11,191 - root - INFO - Successfully upserted 37 data points.
2026-05-07 17:55:11,191 - root - INFO - Fetching minute data with payload: {'ps_key_list': ['1722752_7_2_1'], 'points': 'p8030,p8031,p8032,p8033,p8018,p8014', 'start_time_stamp': '20260506090000', 'end_time_stamp': '20260506120000', 'minute_interval': 5}
2026-05-07 17:55:12,742 - root - INFO - Successfully upserted 37 data points.
2026-05-07 17:55:12,742 - root - INFO - Fetching minute data with payload: {'ps_key_list': ['1722752_7_2_1'], 'points': 'p8030,p8031,p8032,p8033,p8018,p8014', 'start_time_stamp': '20260506000000', 'end_time_stamp': '20260506030000', 'minute_interval': 5}
2026-05-07 17:55:12,829 - root - INFO - Successfully upserted 35 data points.
2026-05-07 17:55:12,829 - root - INFO - Fetching minute data with payload: {'ps_key_list': ['1723575_7_2_1'], 'points': 'p8030,p8031,p8032,p8033,p8018,p8014', 'start_time_stamp': '20260506150000', 'end_time_stamp': '20260506180000', 'minute_interval': 5}
2026-05-07 17:55:12,954 - root - INFO - Successfully upserted 37 data points.
2026-05-07 17:55:12,955 - root - INFO - Fetching minute data with payload: {'ps_key_list': ['1722752_7_2_1'], 'points': 'p8030,p8031,p8032,p8033,p8018,p8014', 'start_time_stamp': '20260506180000', 'end_time_stamp': '20260506210000', 'minute_interval': 5}
2026-05-07 17:55:12,962 - root - INFO - Successfully upserted 37 data points.
2026-05-07 17:55:12,962 - root - INFO - Fetching minute data with payload: {'ps_key_list': ['1722752_7_2_1'], 'points': 'p8030,p8031,p8032,p8033,p8018,p8014', 'start_time_stamp': '20260506120000', 'end_time_stamp': '20260506150000', 'minute_interval': 5}
2026-05-07 17:55:13,064 - root - INFO - Successfully upserted 6 data points.
2026-05-07 17:55:13,064 - root - INFO - Fetching minute data with payload: {'ps_key_list': ['1723575_7_2_1'], 'points': 'p8030,p8031,p8032,p8033,p8018,p8014', 'start_time_stamp': '20260506030000', 'end_time_stamp': '20260506060000', 'minute_interval': 5}
2026-05-07 17:55:13,139 - root - INFO - Successfully upserted 37 data points.
2026-05-07 17:55:13,141 - root - INFO - Fetching minute data with payload: {'ps_key_list': ['1723575_1_3_1'], 'points': 'p96,p97,p98,p99,p100,p101,p102,p103,p104,p105,p106,p107,p108,p109,p110,p111,p112,p113,p7166,p7167,p7168,p7169,p7170,p7171,p70,p71,p72,p73,p74,p75,p76,p77,p78,p79,p80,p81,p82,p83,p84,p85,p92,p93,p313,p314,p315,p316,p317,p318', 'start_time_stamp': '20260506060000', 'end_time_stamp': '20260506090000', 'minute_interval': 5}
2026-05-07 17:55:13,776 - root - INFO - Successfully upserted 36 data points.
2026-05-07 17:55:13,776 - root - INFO - Fetching minute data with payload: {'ps_key_list': ['1722752_1_1_1'], 'points': 'p96,p97,p98,p99,p100,p101,p102,p103,p104,p105,p106,p107,p108,p109,p110,p111,p112,p113,p7166,p7167,p7168,p7169,p7170,p7171,p70,p71,p72,p73,p74,p75,p76,p77,p78,p79,p80,p81,p82,p83,p84,p85,p92,p93,p313,p314,p315,p316,p317,p318', 'start_time_stamp': '20260506210000', 'end_time_stamp': '20260506235959', 'minute_interval': 5}
2026-05-07 17:55:13,831 - root - INFO - Successfully upserted 37 data points.
2026-05-07 17:55:13,831 - root - INFO - Fetching minute data with payload: {'ps_key_list': ['1722752_1_1_1'], 'points': 'p96,p97,p98,p99,p100,p101,p102,p103,p104,p105,p106,p107,p108,p109,p110,p111,p112,p113,p7166,p7167,p7168,p7169,p7170,p7171,p70,p71,p72,p73,p74,p75,p76,p77,p78,p79,p80,p81,p82,p83,p84,p85,p92,p93,p313,p314,p315,p316,p317,p318', 'start_time_stamp': '20260506090000', 'end_time_stamp': '20260506120000', 'minute_interval': 5}
2026-05-07 17:55:15,309 - root - INFO - Successfully upserted 37 data points.
2026-05-07 17:55:15,309 - root - INFO - Fetching minute data with payload: {'ps_key_list': ['1722752_1_1_1'], 'points': 'p96,p97,p98,p99,p100,p101,p102,p103,p104,p105,p106,p107,p108,p109,p110,p111,p112,p113,p7166,p7167,p7168,p7169,p7170,p7171,p70,p71,p72,p73,p74,p75,p76,p77,p78,p79,p80,p81,p82,p83,p84,p85,p92,p93,p313,p314,p315,p316,p317,p318', 'start_time_stamp': '20260506000000', 'end_time_stamp': '20260506030000', 'minute_interval': 5}
2026-05-07 17:55:15,564 - root - INFO - Successfully upserted 37 data points.
2026-05-07 17:55:15,565 - root - INFO - Fetching minute data with payload: {'ps_key_list': ['1722752_7_2_1'], 'points': 'p8030,p8031,p8032,p8033,p8018,p8014', 'start_time_stamp': '20260506150000', 'end_time_stamp': '20260506180000', 'minute_interval': 5}
2026-05-07 17:55:15,738 - root - INFO - Successfully upserted 37 data points.
2026-05-07 17:55:15,738 - root - INFO - Fetching minute data with payload: {'ps_key_list': ['1722752_1_1_1'], 'points': 'p96,p97,p98,p99,p100,p101,p102,p103,p104,p105,p106,p107,p108,p109,p110,p111,p112,p113,p7166,p7167,p7168,p7169,p7170,p7171,p70,p71,p72,p73,p74,p75,p76,p77,p78,p79,p80,p81,p82,p83,p84,p85,p92,p93,p313,p314,p315,p316,p317,p318', 'start_time_stamp': '20260506120000', 'end_time_stamp': '20260506150000', 'minute_interval': 5}
2026-05-07 17:55:15,793 - root - INFO - Retrying API request after rate limit wait...
2026-05-07 17:55:15,794 - root - INFO - Making API request to: https://sg5.fusionsolar.huawei.com/rest/openapi/pvms/nbi/v1/device/history
2026-05-07 17:55:15,795 - root - INFO - Request payload: {'devDn': 'NE=61913836', 'devTypeId': 17, 'startTime': 1778000400000, 'endTime': 1778086799000}
2026-05-07 17:55:15,857 - root - INFO - Successfully upserted 37 data points.
2026-05-07 17:55:15,858 - root - INFO - Fetching minute data with payload: {'ps_key_list': ['1723575_7_2_1'], 'points': 'p8030,p8031,p8032,p8033,p8018,p8014', 'start_time_stamp': '20260506060000', 'end_time_stamp': '20260506090000', 'minute_interval': 5}
2026-05-07 17:55:15,951 - root - INFO - Successfully upserted 37 data points.
2026-05-07 17:55:15,951 - root - INFO - Fetching minute data with payload: {'ps_key_list': ['1722752_1_1_1'], 'points': 'p96,p97,p98,p99,p100,p101,p102,p103,p104,p105,p106,p107,p108,p109,p110,p111,p112,p113,p7166,p7167,p7168,p7169,p7170,p7171,p70,p71,p72,p73,p74,p75,p76,p77,p78,p79,p80,p81,p82,p83,p84,p85,p92,p93,p313,p314,p315,p316,p317,p318', 'start_time_stamp': '20260506180000', 'end_time_stamp': '20260506210000', 'minute_interval': 5}
2026-05-07 17:55:16,431 - root - INFO - No data to insert into database for this API data batch.
2026-05-07 17:55:16,432 - root - INFO - Fetching minute data with payload: {'ps_key_list': ['1734912_7_2_1'], 'points': 'p8030,p8031,p8032,p8033,p8018,p8014', 'start_time_stamp': '20260506210000', 'end_time_stamp': '20260506235959', 'minute_interval': 5}
2026-05-07 17:55:16,434 - root - INFO - Response status code: 200
2026-05-07 17:55:16,434 - root - INFO - API response from https://sg5.fusionsolar.huawei.com/rest/openapi/pvms/nbi/v1/device/history (truncated): {'failCode': 0, 'success': True, 'message': 'historical data information query successful.', 'data': []}
2026-05-07 17:55:16,441 - root - INFO - API Response type: <class 'dict'>
2026-05-07 17:55:16,443 - root - INFO - API Response keys: ['failCode', 'success', 'message', 'data']
2026-05-07 17:55:16,444 - root - INFO - API Response data is a list with 0 items
2026-05-07 17:55:16,444 - root - INFO - API Response has failCode: 0, message: historical data information query successful.
2026-05-07 17:55:16,445 - root - INFO - Using alternate response format: data as list
2026-05-07 17:55:16,445 - root - INFO - No data points returned for the query period
2026-05-07 17:55:16,446 - root - INFO - Using single devDn for device/history (API: one device per query)
2026-05-07 17:55:16,457 - root - INFO - Fetching historical data for 1 devices of type meter
2026-05-07 17:55:16,457 - root - INFO - Making API request to: https://sg5.fusionsolar.huawei.com/rest/openapi/pvms/nbi/v1/device/history
2026-05-07 17:55:16,458 - root - INFO - Request payload: {'devDn': 'NE=61913834', 'devTypeId': 17, 'startTime': 1778000400000, 'endTime': 1778086799000}
2026-05-07 17:55:16,459 - root - INFO - Successfully upserted 37 data points.
2026-05-07 17:55:16,459 - root - INFO - Fetching minute data with payload: {'ps_key_list': ['1734912_7_2_1'], 'points': 'p8030,p8031,p8032,p8033,p8018,p8014', 'start_time_stamp': '20260506090000', 'end_time_stamp': '20260506120000', 'minute_interval': 5}
2026-05-07 17:55:16,553 - root - INFO - Successfully upserted 37 data points.
2026-05-07 17:55:16,555 - root - INFO - Fetching minute data with payload: {'ps_key_list': ['1722752_7_2_1'], 'points': 'p8030,p8031,p8032,p8033,p8018,p8014', 'start_time_stamp': '20260506030000', 'end_time_stamp': '20260506060000', 'minute_interval': 5}
2026-05-07 17:55:16,993 - root - INFO - Response status code: 200
2026-05-07 17:55:16,993 - root - INFO - API response from https://sg5.fusionsolar.huawei.com/rest/openapi/pvms/nbi/v1/device/history (truncated): {'failCode': 407, 'success': False, 'message': 'Interface access frequency:0.39333333333333337/1second', 'data': []}
2026-05-07 17:55:16,995 - root - WARNING - API access frequency too high. Waiting 30 seconds before retry...
2026-05-07 17:55:17,753 - root - INFO - No data to insert into database for this API data batch.
2026-05-07 17:55:17,753 - root - INFO - Fetching minute data with payload: {'ps_key_list': ['1734912_7_2_1'], 'points': 'p8030,p8031,p8032,p8033,p8018,p8014', 'start_time_stamp': '20260506000000', 'end_time_stamp': '20260506030000', 'minute_interval': 5}
2026-05-07 17:55:18,179 - root - INFO - Successfully upserted 37 data points.
2026-05-07 17:55:18,179 - root - INFO - Fetching minute data with payload: {'ps_key_list': ['1722752_1_1_1'], 'points': 'p96,p97,p98,p99,p100,p101,p102,p103,p104,p105,p106,p107,p108,p109,p110,p111,p112,p113,p7166,p7167,p7168,p7169,p7170,p7171,p70,p71,p72,p73,p74,p75,p76,p77,p78,p79,p80,p81,p82,p83,p84,p85,p92,p93,p313,p314,p315,p316,p317,p318', 'start_time_stamp': '20260506150000', 'end_time_stamp': '20260506180000', 'minute_interval': 5}
2026-05-07 17:55:18,395 - root - INFO - Successfully upserted 37 data points.
2026-05-07 17:55:18,396 - root - INFO - Fetching minute data with payload: {'ps_key_list': ['1734912_7_2_1'], 'points': 'p8030,p8031,p8032,p8033,p8018,p8014', 'start_time_stamp': '20260506120000', 'end_time_stamp': '20260506150000', 'minute_interval': 5}
2026-05-07 17:55:18,877 - root - INFO - No data to insert into database for this API data batch.
2026-05-07 17:55:18,878 - root - INFO - Fetching minute data with payload: {'ps_key_list': ['1734912_7_2_1'], 'points': 'p8030,p8031,p8032,p8033,p8018,p8014', 'start_time_stamp': '20260506180000', 'end_time_stamp': '20260506210000', 'minute_interval': 5}
2026-05-07 17:55:18,884 - root - INFO - Successfully upserted 37 data points.
2026-05-07 17:55:18,887 - root - INFO - Fetching minute data with payload: {'ps_key_list': ['1722752_7_2_1'], 'points': 'p8030,p8031,p8032,p8033,p8018,p8014', 'start_time_stamp': '20260506060000', 'end_time_stamp': '20260506090000', 'minute_interval': 5}
2026-05-07 17:55:19,143 - root - INFO - Successfully upserted 37 data points.
2026-05-07 17:55:19,143 - root - INFO - Fetching minute data with payload: {'ps_key_list': ['1734912_1_1_1'], 'points': 'p96,p97,p98,p99,p100,p101,p102,p103,p104,p105,p106,p107,p108,p109,p110,p111,p112,p113,p7166,p7167,p7168,p7169,p7170,p7171,p70,p71,p72,p73,p74,p75,p76,p77,p78,p79,p80,p81,p82,p83,p84,p85,p92,p93,p313,p314,p315,p316,p317,p318', 'start_time_stamp': '20260506090000', 'end_time_stamp': '20260506120000', 'minute_interval': 5}
2026-05-07 17:55:19,231 - root - INFO - Successfully upserted 36 data points.
2026-05-07 17:55:19,232 - root - INFO - Fetching minute data with payload: {'ps_key_list': ['1734912_1_1_1'], 'points': 'p96,p97,p98,p99,p100,p101,p102,p103,p104,p105,p106,p107,p108,p109,p110,p111,p112,p113,p7166,p7167,p7168,p7169,p7170,p7171,p70,p71,p72,p73,p74,p75,p76,p77,p78,p79,p80,p81,p82,p83,p84,p85,p92,p93,p313,p314,p315,p316,p317,p318', 'start_time_stamp': '20260506210000', 'end_time_stamp': '20260506235959', 'minute_interval': 5}
2026-05-07 17:55:19,316 - root - INFO - Successfully upserted 37 data points.
2026-05-07 17:55:19,316 - root - INFO - Fetching minute data with payload: {'ps_key_list': ['1722752_1_1_1'], 'points': 'p96,p97,p98,p99,p100,p101,p102,p103,p104,p105,p106,p107,p108,p109,p110,p111,p112,p113,p7166,p7167,p7168,p7169,p7170,p7171,p70,p71,p72,p73,p74,p75,p76,p77,p78,p79,p80,p81,p82,p83,p84,p85,p92,p93,p313,p314,p315,p316,p317,p318', 'start_time_stamp': '20260506030000', 'end_time_stamp': '20260506060000', 'minute_interval': 5}
2026-05-07 17:55:20,814 - root - INFO - Successfully upserted 37 data points.
2026-05-07 17:55:20,814 - root - INFO - Fetching minute data with payload: {'ps_key_list': ['1734912_1_1_1'], 'points': 'p96,p97,p98,p99,p100,p101,p102,p103,p104,p105,p106,p107,p108,p109,p110,p111,p112,p113,p7166,p7167,p7168,p7169,p7170,p7171,p70,p71,p72,p73,p74,p75,p76,p77,p78,p79,p80,p81,p82,p83,p84,p85,p92,p93,p313,p314,p315,p316,p317,p318', 'start_time_stamp': '20260506000000', 'end_time_stamp': '20260506030000', 'minute_interval': 5}
2026-05-07 17:55:20,887 - root - INFO - Successfully upserted 37 data points.
2026-05-07 17:55:20,887 - root - INFO - Fetching minute data with payload: {'ps_key_list': ['1734912_1_1_1'], 'points': 'p96,p97,p98,p99,p100,p101,p102,p103,p104,p105,p106,p107,p108,p109,p110,p111,p112,p113,p7166,p7167,p7168,p7169,p7170,p7171,p70,p71,p72,p73,p74,p75,p76,p77,p78,p79,p80,p81,p82,p83,p84,p85,p92,p93,p313,p314,p315,p316,p317,p318', 'start_time_stamp': '20260506120000', 'end_time_stamp': '20260506150000', 'minute_interval': 5}
2026-05-07 17:55:21,550 - root - INFO - Successfully upserted 37 data points.
2026-05-07 17:55:21,550 - root - INFO - Fetching minute data with payload: {'ps_key_list': ['1734912_1_1_1'], 'points': 'p96,p97,p98,p99,p100,p101,p102,p103,p104,p105,p106,p107,p108,p109,p110,p111,p112,p113,p7166,p7167,p7168,p7169,p7170,p7171,p70,p71,p72,p73,p74,p75,p76,p77,p78,p79,p80,p81,p82,p83,p84,p85,p92,p93,p313,p314,p315,p316,p317,p318', 'start_time_stamp': '20260506180000', 'end_time_stamp': '20260506210000', 'minute_interval': 5}
2026-05-07 17:55:21,579 - root - INFO - Successfully upserted 37 data points.
2026-05-07 17:55:21,579 - root - INFO - Fetching minute data with payload: {'ps_key_list': ['1722752_1_1_1'], 'points': 'p96,p97,p98,p99,p100,p101,p102,p103,p104,p105,p106,p107,p108,p109,p110,p111,p112,p113,p7166,p7167,p7168,p7169,p7170,p7171,p70,p71,p72,p73,p74,p75,p76,p77,p78,p79,p80,p81,p82,p83,p84,p85,p92,p93,p313,p314,p315,p316,p317,p318', 'start_time_stamp': '20260506060000', 'end_time_stamp': '20260506090000', 'minute_interval': 5}
2026-05-07 17:55:21,747 - root - INFO - Successfully upserted 37 data points.
2026-05-07 17:55:21,747 - root - INFO - Completed 3-hour interval: 2026-05-06 09:00:00 to 2026-05-06 12:00:00 - 8205 points
2026-05-07 17:55:21,789 - root - INFO - Successfully upserted 32 data points.
2026-05-07 17:55:21,789 - root - INFO - Fetching minute data with payload: {'ps_key_list': ['1734912_7_2_1'], 'points': 'p8030,p8031,p8032,p8033,p8018,p8014', 'start_time_stamp': '20260506150000', 'end_time_stamp': '20260506180000', 'minute_interval': 5}
2026-05-07 17:55:21,867 - root - INFO - Successfully upserted 6 data points.
2026-05-07 17:55:21,867 - root - INFO - Fetching minute data with payload: {'ps_key_list': ['1734912_7_2_1'], 'points': 'p8030,p8031,p8032,p8033,p8018,p8014', 'start_time_stamp': '20260506030000', 'end_time_stamp': '20260506060000', 'minute_interval': 5}
2026-05-07 17:55:22,539 - root - INFO - No data to insert into database for this API data batch.
2026-05-07 17:55:22,540 - root - INFO - Completed 3-hour interval: 2026-05-06 21:00:00 to 2026-05-06 23:59:59 - 7773 points
2026-05-07 17:55:23,410 - root - INFO - Successfully upserted 37 data points.
2026-05-07 17:55:23,411 - root - INFO - Completed 3-hour interval: 2026-05-06 12:00:00 to 2026-05-06 15:00:00 - 8257 points
2026-05-07 17:55:23,427 - root - INFO - No data to insert into database for this API data batch.
2026-05-07 17:55:23,428 - root - INFO - Completed 3-hour interval: 2026-05-06 00:00:00 to 2026-05-06 03:00:00 - 7511 points
2026-05-07 17:55:24,192 - root - INFO - Successfully upserted 37 data points.
2026-05-07 17:55:24,193 - root - INFO - Fetching minute data with payload: {'ps_key_list': ['1734912_7_2_1'], 'points': 'p8030,p8031,p8032,p8033,p8018,p8014', 'start_time_stamp': '20260506060000', 'end_time_stamp': '20260506090000', 'minute_interval': 5}
2026-05-07 17:55:24,209 - root - INFO - No data to insert into database for this API data batch.
2026-05-07 17:55:24,209 - root - INFO - Completed 3-hour interval: 2026-05-06 18:00:00 to 2026-05-06 21:00:00 - 8103 points
2026-05-07 17:55:24,465 - root - INFO - Successfully upserted 37 data points.
2026-05-07 17:55:24,465 - root - INFO - Fetching minute data with payload: {'ps_key_list': ['1734912_1_1_1'], 'points': 'p96,p97,p98,p99,p100,p101,p102,p103,p104,p105,p106,p107,p108,p109,p110,p111,p112,p113,p7166,p7167,p7168,p7169,p7170,p7171,p70,p71,p72,p73,p74,p75,p76,p77,p78,p79,p80,p81,p82,p83,p84,p85,p92,p93,p313,p314,p315,p316,p317,p318', 'start_time_stamp': '20260506150000', 'end_time_stamp': '20260506180000', 'minute_interval': 5}
2026-05-07 17:55:24,506 - root - INFO - Successfully upserted 37 data points.
2026-05-07 17:55:24,506 - root - INFO - Fetching minute data with payload: {'ps_key_list': ['1734912_1_1_1'], 'points': 'p96,p97,p98,p99,p100,p101,p102,p103,p104,p105,p106,p107,p108,p109,p110,p111,p112,p113,p7166,p7167,p7168,p7169,p7170,p7171,p70,p71,p72,p73,p74,p75,p76,p77,p78,p79,p80,p81,p82,p83,p84,p85,p92,p93,p313,p314,p315,p316,p317,p318', 'start_time_stamp': '20260506030000', 'end_time_stamp': '20260506060000', 'minute_interval': 5}
2026-05-07 17:55:26,706 - root - INFO - Successfully upserted 37 data points.
2026-05-07 17:55:26,706 - root - INFO - Fetching minute data with payload: {'ps_key_list': ['1734912_1_1_1'], 'points': 'p96,p97,p98,p99,p100,p101,p102,p103,p104,p105,p106,p107,p108,p109,p110,p111,p112,p113,p7166,p7167,p7168,p7169,p7170,p7171,p70,p71,p72,p73,p74,p75,p76,p77,p78,p79,p80,p81,p82,p83,p84,p85,p92,p93,p313,p314,p315,p316,p317,p318', 'start_time_stamp': '20260506060000', 'end_time_stamp': '20260506090000', 'minute_interval': 5}
2026-05-07 17:55:27,175 - root - INFO - Successfully upserted 7 data points.
2026-05-07 17:55:27,176 - root - INFO - Completed 3-hour interval: 2026-05-06 03:00:00 to 2026-05-06 06:00:00 - 7674 points
2026-05-07 17:55:27,220 - root - INFO - Successfully upserted 32 data points.
2026-05-07 17:55:27,220 - root - INFO - Completed 3-hour interval: 2026-05-06 15:00:00 to 2026-05-06 18:00:00 - 8294 points
2026-05-07 17:55:29,182 - root - INFO - Successfully upserted 37 data points.
2026-05-07 17:55:29,183 - root - INFO - Completed 3-hour interval: 2026-05-06 06:00:00 to 2026-05-06 09:00:00 - 8157 points
2026-05-07 17:55:29,185 - root - INFO - Total data points ingested for day-batch (2026-05-06): 63974
2026-05-07 17:55:29,186 - root - INFO - Processing inverter summary data for 141 eligible inverters (out of 141 total inverters for this type filter)
2026-05-07 17:55:29,186 - root - INFO - Processing day-batch with custom mapping: 2026-05-06 for 141 devices.
2026-05-07 17:55:29,186 - root - INFO - Processing 8 intervals in parallel with 8 workers (custom mapping)
2026-05-07 17:55:29,187 - root - INFO - Fetching minute data with payload: {'ps_key_list': ['1680199_1_9_2', '1680199_1_7_1', '1680199_1_4_1', '1680199_1_8_2', '1680199_1_7_2', '1680199_1_6_2', '1680199_1_4_2', '1680199_1_1_2', '1680199_1_5_2', '1680199_1_3_2', '1680199_1_2_2', '1680199_1_2_1', '1680199_1_1_1', '1680199_1_3_1', '1680199_1_6_1', '1680199_1_9_1', '1680199_1_10_1', '1680199_1_8_1', '1680199_1_11_1', '1680199_1_5_1'], 'points': 'p1,p14,p24,p25,p4,p26,p18,p19,p20,p21,p22,p23,p27', 'start_time_stamp': '20260506000000', 'end_time_stamp': '20260506025959', 'minute_interval': 5}
2026-05-07 17:55:29,187 - root - INFO - Fetching minute data with payload: {'ps_key_list': ['1680199_1_9_2', '1680199_1_7_1', '1680199_1_4_1', '1680199_1_8_2', '1680199_1_7_2', '1680199_1_6_2', '1680199_1_4_2', '1680199_1_1_2', '1680199_1_5_2', '1680199_1_3_2', '1680199_1_2_2', '1680199_1_2_1', '1680199_1_1_1', '1680199_1_3_1', '1680199_1_6_1', '1680199_1_9_1', '1680199_1_10_1', '1680199_1_8_1', '1680199_1_11_1', '1680199_1_5_1'], 'points': 'p1,p14,p24,p25,p4,p26,p18,p19,p20,p21,p22,p23,p27', 'start_time_stamp': '20260506030000', 'end_time_stamp': '20260506055959', 'minute_interval': 5}
2026-05-07 17:55:29,188 - root - INFO - Fetching minute data with payload: {'ps_key_list': ['1680199_1_9_2', '1680199_1_7_1', '1680199_1_4_1', '1680199_1_8_2', '1680199_1_7_2', '1680199_1_6_2', '1680199_1_4_2', '1680199_1_1_2', '1680199_1_5_2', '1680199_1_3_2', '1680199_1_2_2', '1680199_1_2_1', '1680199_1_1_1', '1680199_1_3_1', '1680199_1_6_1', '1680199_1_9_1', '1680199_1_10_1', '1680199_1_8_1', '1680199_1_11_1', '1680199_1_5_1'], 'points': 'p1,p14,p24,p25,p4,p26,p18,p19,p20,p21,p22,p23,p27', 'start_time_stamp': '20260506060000', 'end_time_stamp': '20260506085959', 'minute_interval': 5}
2026-05-07 17:55:29,189 - root - INFO - Fetching minute data with payload: {'ps_key_list': ['1680199_1_9_2', '1680199_1_7_1', '1680199_1_4_1', '1680199_1_8_2', '1680199_1_7_2', '1680199_1_6_2', '1680199_1_4_2', '1680199_1_1_2', '1680199_1_5_2', '1680199_1_3_2', '1680199_1_2_2', '1680199_1_2_1', '1680199_1_1_1', '1680199_1_3_1', '1680199_1_6_1', '1680199_1_9_1', '1680199_1_10_1', '1680199_1_8_1', '1680199_1_11_1', '1680199_1_5_1'], 'points': 'p1,p14,p24,p25,p4,p26,p18,p19,p20,p21,p22,p23,p27', 'start_time_stamp': '20260506090000', 'end_time_stamp': '20260506115959', 'minute_interval': 5}
2026-05-07 17:55:29,189 - root - INFO - Fetching minute data with payload: {'ps_key_list': ['1680199_1_9_2', '1680199_1_7_1', '1680199_1_4_1', '1680199_1_8_2', '1680199_1_7_2', '1680199_1_6_2', '1680199_1_4_2', '1680199_1_1_2', '1680199_1_5_2', '1680199_1_3_2', '1680199_1_2_2', '1680199_1_2_1', '1680199_1_1_1', '1680199_1_3_1', '1680199_1_6_1', '1680199_1_9_1', '1680199_1_10_1', '1680199_1_8_1', '1680199_1_11_1', '1680199_1_5_1'], 'points': 'p1,p14,p24,p25,p4,p26,p18,p19,p20,p21,p22,p23,p27', 'start_time_stamp': '20260506120000', 'end_time_stamp': '20260506145959', 'minute_interval': 5}
2026-05-07 17:55:29,190 - root - INFO - Fetching minute data with payload: {'ps_key_list': ['1680199_1_9_2', '1680199_1_7_1', '1680199_1_4_1', '1680199_1_8_2', '1680199_1_7_2', '1680199_1_6_2', '1680199_1_4_2', '1680199_1_1_2', '1680199_1_5_2', '1680199_1_3_2', '1680199_1_2_2', '1680199_1_2_1', '1680199_1_1_1', '1680199_1_3_1', '1680199_1_6_1', '1680199_1_9_1', '1680199_1_10_1', '1680199_1_8_1', '1680199_1_11_1', '1680199_1_5_1'], 'points': 'p1,p14,p24,p25,p4,p26,p18,p19,p20,p21,p22,p23,p27', 'start_time_stamp': '20260506150000', 'end_time_stamp': '20260506175959', 'minute_interval': 5}
2026-05-07 17:55:29,191 - root - INFO - Fetching minute data with payload: {'ps_key_list': ['1680199_1_9_2', '1680199_1_7_1', '1680199_1_4_1', '1680199_1_8_2', '1680199_1_7_2', '1680199_1_6_2', '1680199_1_4_2', '1680199_1_1_2', '1680199_1_5_2', '1680199_1_3_2', '1680199_1_2_2', '1680199_1_2_1', '1680199_1_1_1', '1680199_1_3_1', '1680199_1_6_1', '1680199_1_9_1', '1680199_1_10_1', '1680199_1_8_1', '1680199_1_11_1', '1680199_1_5_1'], 'points': 'p1,p14,p24,p25,p4,p26,p18,p19,p20,p21,p22,p23,p27', 'start_time_stamp': '20260506180000', 'end_time_stamp': '20260506205959', 'minute_interval': 5}
2026-05-07 17:55:29,192 - root - INFO - Fetching minute data with payload: {'ps_key_list': ['1680199_1_9_2', '1680199_1_7_1', '1680199_1_4_1', '1680199_1_8_2', '1680199_1_7_2', '1680199_1_6_2', '1680199_1_4_2', '1680199_1_1_2', '1680199_1_5_2', '1680199_1_3_2', '1680199_1_2_2', '1680199_1_2_1', '1680199_1_1_1', '1680199_1_3_1', '1680199_1_6_1', '1680199_1_9_1', '1680199_1_10_1', '1680199_1_8_1', '1680199_1_11_1', '1680199_1_5_1'], 'points': 'p1,p14,p24,p25,p4,p26,p18,p19,p20,p21,p22,p23,p27', 'start_time_stamp': '20260506210000', 'end_time_stamp': '20260506235959', 'minute_interval': 5}
2026-05-07 17:55:33,100 - root - INFO - Successfully upserted 720 data points.
2026-05-07 17:55:33,103 - root - INFO - Fetching minute data with payload: {'ps_key_list': ['1458125_1_37_1', '1458125_1_46_1', '1458125_1_45_1', '1458125_1_44_1', '1458125_1_5_1', '1458125_1_1_1', '1458125_1_4_1', '1458125_1_3_1', '1458125_1_6_1', '1458125_1_27_1', '1458125_1_26_1', '1458125_1_39_1', '1458125_1_38_1', '1458125_1_25_1', '1458125_1_41_1', '1458125_1_40_1', '1458125_1_36_1', '1458125_1_34_1', '1458125_1_33_1', '1458125_1_32_1', '1458125_1_31_1', '1458125_1_30_1', '1458125_1_29_1', '1458125_1_42_1', '1458125_1_48_1', '1458125_1_47_1', '1458125_1_43_1', '1458125_1_35_1', '1458125_1_2_1'], 'points': 'p1,p14,p24,p25,p4,p26,p18,p19,p20,p21,p22,p23,p27', 'start_time_stamp': '20260506060000', 'end_time_stamp': '20260506085959', 'minute_interval': 5}
2026-05-07 17:55:33,124 - root - INFO - Successfully upserted 720 data points.
2026-05-07 17:55:33,126 - root - INFO - Fetching minute data with payload: {'ps_key_list': ['1458125_1_37_1', '1458125_1_46_1', '1458125_1_45_1', '1458125_1_44_1', '1458125_1_5_1', '1458125_1_1_1', '1458125_1_4_1', '1458125_1_3_1', '1458125_1_6_1', '1458125_1_27_1', '1458125_1_26_1', '1458125_1_39_1', '1458125_1_38_1', '1458125_1_25_1', '1458125_1_41_1', '1458125_1_40_1', '1458125_1_36_1', '1458125_1_34_1', '1458125_1_33_1', '1458125_1_32_1', '1458125_1_31_1', '1458125_1_30_1', '1458125_1_29_1', '1458125_1_42_1', '1458125_1_48_1', '1458125_1_47_1', '1458125_1_43_1', '1458125_1_35_1', '1458125_1_2_1'], 'points': 'p1,p14,p24,p25,p4,p26,p18,p19,p20,p21,p22,p23,p27', 'start_time_stamp': '20260506090000', 'end_time_stamp': '20260506115959', 'minute_interval': 5}
2026-05-07 17:55:33,340 - root - INFO - Successfully upserted 720 data points.
2026-05-07 17:55:33,342 - root - INFO - Fetching minute data with payload: {'ps_key_list': ['1458125_1_37_1', '1458125_1_46_1', '1458125_1_45_1', '1458125_1_44_1', '1458125_1_5_1', '1458125_1_1_1', '1458125_1_4_1', '1458125_1_3_1', '1458125_1_6_1', '1458125_1_27_1', '1458125_1_26_1', '1458125_1_39_1', '1458125_1_38_1', '1458125_1_25_1', '1458125_1_41_1', '1458125_1_40_1', '1458125_1_36_1', '1458125_1_34_1', '1458125_1_33_1', '1458125_1_32_1', '1458125_1_31_1', '1458125_1_30_1', '1458125_1_29_1', '1458125_1_42_1', '1458125_1_48_1', '1458125_1_47_1', '1458125_1_43_1', '1458125_1_35_1', '1458125_1_2_1'], 'points': 'p1,p14,p24,p25,p4,p26,p18,p19,p20,p21,p22,p23,p27', 'start_time_stamp': '20260506000000', 'end_time_stamp': '20260506025959', 'minute_interval': 5}
2026-05-07 17:55:33,384 - root - INFO - Successfully upserted 720 data points.
2026-05-07 17:55:33,425 - root - INFO - Successfully upserted 720 data points.
2026-05-07 17:55:33,468 - root - INFO - Successfully upserted 720 data points.
2026-05-07 17:55:33,475 - root - INFO - Successfully upserted 720 data points.
2026-05-07 17:55:33,485 - root - INFO - Fetching minute data with payload: {'ps_key_list': ['1458125_1_37_1', '1458125_1_46_1', '1458125_1_45_1', '1458125_1_44_1', '1458125_1_5_1', '1458125_1_1_1', '1458125_1_4_1', '1458125_1_3_1', '1458125_1_6_1', '1458125_1_27_1', '1458125_1_26_1', '1458125_1_39_1', '1458125_1_38_1', '1458125_1_25_1', '1458125_1_41_1', '1458125_1_40_1', '1458125_1_36_1', '1458125_1_34_1', '1458125_1_33_1', '1458125_1_32_1', '1458125_1_31_1', '1458125_1_30_1', '1458125_1_29_1', '1458125_1_42_1', '1458125_1_48_1', '1458125_1_47_1', '1458125_1_43_1', '1458125_1_35_1', '1458125_1_2_1'], 'points': 'p1,p14,p24,p25,p4,p26,p18,p19,p20,p21,p22,p23,p27', 'start_time_stamp': '20260506150000', 'end_time_stamp': '20260506175959', 'minute_interval': 5}
2026-05-07 17:55:33,487 - root - INFO - Fetching minute data with payload: {'ps_key_list': ['1458125_1_37_1', '1458125_1_46_1', '1458125_1_45_1', '1458125_1_44_1', '1458125_1_5_1', '1458125_1_1_1', '1458125_1_4_1', '1458125_1_3_1', '1458125_1_6_1', '1458125_1_27_1', '1458125_1_26_1', '1458125_1_39_1', '1458125_1_38_1', '1458125_1_25_1', '1458125_1_41_1', '1458125_1_40_1', '1458125_1_36_1', '1458125_1_34_1', '1458125_1_33_1', '1458125_1_32_1', '1458125_1_31_1', '1458125_1_30_1', '1458125_1_29_1', '1458125_1_42_1', '1458125_1_48_1', '1458125_1_47_1', '1458125_1_43_1', '1458125_1_35_1', '1458125_1_2_1'], 'points': 'p1,p14,p24,p25,p4,p26,p18,p19,p20,p21,p22,p23,p27', 'start_time_stamp': '20260506120000', 'end_time_stamp': '20260506145959', 'minute_interval': 5}
2026-05-07 17:55:33,487 - root - INFO - Fetching minute data with payload: {'ps_key_list': ['1458125_1_37_1', '1458125_1_46_1', '1458125_1_45_1', '1458125_1_44_1', '1458125_1_5_1', '1458125_1_1_1', '1458125_1_4_1', '1458125_1_3_1', '1458125_1_6_1', '1458125_1_27_1', '1458125_1_26_1', '1458125_1_39_1', '1458125_1_38_1', '1458125_1_25_1', '1458125_1_41_1', '1458125_1_40_1', '1458125_1_36_1', '1458125_1_34_1', '1458125_1_33_1', '1458125_1_32_1', '1458125_1_31_1', '1458125_1_30_1', '1458125_1_29_1', '1458125_1_42_1', '1458125_1_48_1', '1458125_1_47_1', '1458125_1_43_1', '1458125_1_35_1', '1458125_1_2_1'], 'points': 'p1,p14,p24,p25,p4,p26,p18,p19,p20,p21,p22,p23,p27', 'start_time_stamp': '20260506210000', 'end_time_stamp': '20260506235959', 'minute_interval': 5}
2026-05-07 17:55:33,512 - root - INFO - Successfully upserted 720 data points.
2026-05-07 17:55:33,518 - root - INFO - Fetching minute data with payload: {'ps_key_list': ['1458125_1_37_1', '1458125_1_46_1', '1458125_1_45_1', '1458125_1_44_1', '1458125_1_5_1', '1458125_1_1_1', '1458125_1_4_1', '1458125_1_3_1', '1458125_1_6_1', '1458125_1_27_1', '1458125_1_26_1', '1458125_1_39_1', '1458125_1_38_1', '1458125_1_25_1', '1458125_1_41_1', '1458125_1_40_1', '1458125_1_36_1', '1458125_1_34_1', '1458125_1_33_1', '1458125_1_32_1', '1458125_1_31_1', '1458125_1_30_1', '1458125_1_29_1', '1458125_1_42_1', '1458125_1_48_1', '1458125_1_47_1', '1458125_1_43_1', '1458125_1_35_1', '1458125_1_2_1'], 'points': 'p1,p14,p24,p25,p4,p26,p18,p19,p20,p21,p22,p23,p27', 'start_time_stamp': '20260506030000', 'end_time_stamp': '20260506055959', 'minute_interval': 5}
2026-05-07 17:55:33,519 - root - INFO - Fetching minute data with payload: {'ps_key_list': ['1458125_1_37_1', '1458125_1_46_1', '1458125_1_45_1', '1458125_1_44_1', '1458125_1_5_1', '1458125_1_1_1', '1458125_1_4_1', '1458125_1_3_1', '1458125_1_6_1', '1458125_1_27_1', '1458125_1_26_1', '1458125_1_39_1', '1458125_1_38_1', '1458125_1_25_1', '1458125_1_41_1', '1458125_1_40_1', '1458125_1_36_1', '1458125_1_34_1', '1458125_1_33_1', '1458125_1_32_1', '1458125_1_31_1', '1458125_1_30_1', '1458125_1_29_1', '1458125_1_42_1', '1458125_1_48_1', '1458125_1_47_1', '1458125_1_43_1', '1458125_1_35_1', '1458125_1_2_1'], 'points': 'p1,p14,p24,p25,p4,p26,p18,p19,p20,p21,p22,p23,p27', 'start_time_stamp': '20260506180000', 'end_time_stamp': '20260506205959', 'minute_interval': 5}
2026-05-07 17:55:37,367 - root - INFO - Successfully upserted 1044 data points.
2026-05-07 17:55:37,370 - root - INFO - Fetching minute data with payload: {'ps_key_list': ['1479456_1_12_1', '1479456_1_11_1', '1479456_1_10_1', '1479456_1_9_1', '1479456_1_8_1', '1479456_1_7_1', '1479456_1_6_1', '1479456_1_2_2', '1479456_1_5_2', '1479456_1_1_2', '1479456_1_8_2', '1479456_1_1_1', '1479456_1_4_2', '1479456_1_3_2', '1479456_1_16_1', '1479456_1_15_1', '1479456_1_14_1', '1479456_1_13_1'], 'points': 'p1,p14,p24,p25,p4,p26,p18,p19,p20,p21,p22,p23,p27', 'start_time_stamp': '20260506060000', 'end_time_stamp': '20260506085959', 'minute_interval': 5}
2026-05-07 17:55:37,632 - root - INFO - Successfully upserted 1044 data points.
2026-05-07 17:55:37,634 - root - INFO - Fetching minute data with payload: {'ps_key_list': ['1479456_1_12_1', '1479456_1_11_1', '1479456_1_10_1', '1479456_1_9_1', '1479456_1_8_1', '1479456_1_7_1', '1479456_1_6_1', '1479456_1_2_2', '1479456_1_5_2', '1479456_1_1_2', '1479456_1_8_2', '1479456_1_1_1', '1479456_1_4_2', '1479456_1_3_2', '1479456_1_16_1', '1479456_1_15_1', '1479456_1_14_1', '1479456_1_13_1'], 'points': 'p1,p14,p24,p25,p4,p26,p18,p19,p20,p21,p22,p23,p27', 'start_time_stamp': '20260506180000', 'end_time_stamp': '20260506205959', 'minute_interval': 5}
2026-05-07 17:55:37,830 - root - INFO - Successfully upserted 1044 data points.
2026-05-07 17:55:37,836 - root - INFO - Fetching minute data with payload: {'ps_key_list': ['1479456_1_12_1', '1479456_1_11_1', '1479456_1_10_1', '1479456_1_9_1', '1479456_1_8_1', '1479456_1_7_1', '1479456_1_6_1', '1479456_1_2_2', '1479456_1_5_2', '1479456_1_1_2', '1479456_1_8_2', '1479456_1_1_1', '1479456_1_4_2', '1479456_1_3_2', '1479456_1_16_1', '1479456_1_15_1', '1479456_1_14_1', '1479456_1_13_1'], 'points': 'p1,p14,p24,p25,p4,p26,p18,p19,p20,p21,p22,p23,p27', 'start_time_stamp': '20260506150000', 'end_time_stamp': '20260506175959', 'minute_interval': 5}
2026-05-07 17:55:37,931 - root - INFO - Successfully upserted 1044 data points.
2026-05-07 17:55:37,934 - root - INFO - Fetching minute data with payload: {'ps_key_list': ['1479456_1_12_1', '1479456_1_11_1', '1479456_1_10_1', '1479456_1_9_1', '1479456_1_8_1', '1479456_1_7_1', '1479456_1_6_1', '1479456_1_2_2', '1479456_1_5_2', '1479456_1_1_2', '1479456_1_8_2', '1479456_1_1_1', '1479456_1_4_2', '1479456_1_3_2', '1479456_1_16_1', '1479456_1_15_1', '1479456_1_14_1', '1479456_1_13_1'], 'points': 'p1,p14,p24,p25,p4,p26,p18,p19,p20,p21,p22,p23,p27', 'start_time_stamp': '20260506090000', 'end_time_stamp': '20260506115959', 'minute_interval': 5}
2026-05-07 17:55:37,938 - root - INFO - Successfully upserted 1044 data points.
2026-05-07 17:55:37,940 - root - INFO - Fetching minute data with payload: {'ps_key_list': ['1479456_1_12_1', '1479456_1_11_1', '1479456_1_10_1', '1479456_1_9_1', '1479456_1_8_1', '1479456_1_7_1', '1479456_1_6_1', '1479456_1_2_2', '1479456_1_5_2', '1479456_1_1_2', '1479456_1_8_2', '1479456_1_1_1', '1479456_1_4_2', '1479456_1_3_2', '1479456_1_16_1', '1479456_1_15_1', '1479456_1_14_1', '1479456_1_13_1'], 'points': 'p1,p14,p24,p25,p4,p26,p18,p19,p20,p21,p22,p23,p27', 'start_time_stamp': '20260506210000', 'end_time_stamp': '20260506235959', 'minute_interval': 5}
2026-05-07 17:55:38,000 - root - INFO - Successfully upserted 1044 data points.
2026-05-07 17:55:38,013 - root - INFO - Successfully upserted 1044 data points.
2026-05-07 17:55:38,021 - root - INFO - Fetching minute data with payload: {'ps_key_list': ['1479456_1_12_1', '1479456_1_11_1', '1479456_1_10_1', '1479456_1_9_1', '1479456_1_8_1', '1479456_1_7_1', '1479456_1_6_1', '1479456_1_2_2', '1479456_1_5_2', '1479456_1_1_2', '1479456_1_8_2', '1479456_1_1_1', '1479456_1_4_2', '1479456_1_3_2', '1479456_1_16_1', '1479456_1_15_1', '1479456_1_14_1', '1479456_1_13_1'], 'points': 'p1,p14,p24,p25,p4,p26,p18,p19,p20,p21,p22,p23,p27', 'start_time_stamp': '20260506030000', 'end_time_stamp': '20260506055959', 'minute_interval': 5}
2026-05-07 17:55:38,022 - root - INFO - Fetching minute data with payload: {'ps_key_list': ['1479456_1_12_1', '1479456_1_11_1', '1479456_1_10_1', '1479456_1_9_1', '1479456_1_8_1', '1479456_1_7_1', '1479456_1_6_1', '1479456_1_2_2', '1479456_1_5_2', '1479456_1_1_2', '1479456_1_8_2', '1479456_1_1_1', '1479456_1_4_2', '1479456_1_3_2', '1479456_1_16_1', '1479456_1_15_1', '1479456_1_14_1', '1479456_1_13_1'], 'points': 'p1,p14,p24,p25,p4,p26,p18,p19,p20,p21,p22,p23,p27', 'start_time_stamp': '20260506120000', 'end_time_stamp': '20260506145959', 'minute_interval': 5}
2026-05-07 17:55:38,023 - root - INFO - Successfully upserted 1044 data points.
2026-05-07 17:55:38,031 - root - INFO - Fetching minute data with payload: {'ps_key_list': ['1479456_1_12_1', '1479456_1_11_1', '1479456_1_10_1', '1479456_1_9_1', '1479456_1_8_1', '1479456_1_7_1', '1479456_1_6_1', '1479456_1_2_2', '1479456_1_5_2', '1479456_1_1_2', '1479456_1_8_2', '1479456_1_1_1', '1479456_1_4_2', '1479456_1_3_2', '1479456_1_16_1', '1479456_1_15_1', '1479456_1_14_1', '1479456_1_13_1'], 'points': 'p1,p14,p24,p25,p4,p26,p18,p19,p20,p21,p22,p23,p27', 'start_time_stamp': '20260506000000', 'end_time_stamp': '20260506025959', 'minute_interval': 5}
2026-05-07 17:55:40,777 - root - INFO - Successfully upserted 648 data points.
2026-05-07 17:55:40,777 - root - INFO - Fetching minute data with payload: {'ps_key_list': ['1763661_1_1_1', '1763661_1_4_1', '1763661_1_3_1', '1763661_1_34_1', '1763661_1_33_1', '1763661_1_32_1', '1763661_1_31_1', '1763661_1_30_1', '1763661_1_29_1', '1763661_1_28_1', '1763661_1_27_1', '1763661_1_26_1', '1763661_1_25_1', '1763661_1_6_1', '1763661_1_5_1', '1763661_1_8_1', '1763661_1_7_1', '1763661_1_9_1', '1763661_1_10_1', '1763661_1_2_1'], 'points': 'p1,p14,p24,p25,p4,p26,p18,p19,p20,p21,p22,p23,p27', 'start_time_stamp': '20260506060000', 'end_time_stamp': '20260506085959', 'minute_interval': 5}
2026-05-07 17:55:40,777 - root - INFO - Successfully upserted 648 data points.
2026-05-07 17:55:40,779 - root - INFO - Fetching minute data with payload: {'ps_key_list': ['1763661_1_1_1', '1763661_1_4_1', '1763661_1_3_1', '1763661_1_34_1', '1763661_1_33_1', '1763661_1_32_1', '1763661_1_31_1', '1763661_1_30_1', '1763661_1_29_1', '1763661_1_28_1', '1763661_1_27_1', '1763661_1_26_1', '1763661_1_25_1', '1763661_1_6_1', '1763661_1_5_1', '1763661_1_8_1', '1763661_1_7_1', '1763661_1_9_1', '1763661_1_10_1', '1763661_1_2_1'], 'points': 'p1,p14,p24,p25,p4,p26,p18,p19,p20,p21,p22,p23,p27', 'start_time_stamp': '20260506180000', 'end_time_stamp': '20260506205959', 'minute_interval': 5}
2026-05-07 17:55:41,294 - root - INFO - Successfully upserted 648 data points.
2026-05-07 17:55:41,296 - root - INFO - Fetching minute data with payload: {'ps_key_list': ['1763661_1_1_1', '1763661_1_4_1', '1763661_1_3_1', '1763661_1_34_1', '1763661_1_33_1', '1763661_1_32_1', '1763661_1_31_1', '1763661_1_30_1', '1763661_1_29_1', '1763661_1_28_1', '1763661_1_27_1', '1763661_1_26_1', '1763661_1_25_1', '1763661_1_6_1', '1763661_1_5_1', '1763661_1_8_1', '1763661_1_7_1', '1763661_1_9_1', '1763661_1_10_1', '1763661_1_2_1'], 'points': 'p1,p14,p24,p25,p4,p26,p18,p19,p20,p21,p22,p23,p27', 'start_time_stamp': '20260506150000', 'end_time_stamp': '20260506175959', 'minute_interval': 5}
2026-05-07 17:55:41,461 - root - INFO - Successfully upserted 648 data points.
2026-05-07 17:55:41,462 - root - INFO - Fetching minute data with payload: {'ps_key_list': ['1763661_1_1_1', '1763661_1_4_1', '1763661_1_3_1', '1763661_1_34_1', '1763661_1_33_1', '1763661_1_32_1', '1763661_1_31_1', '1763661_1_30_1', '1763661_1_29_1', '1763661_1_28_1', '1763661_1_27_1', '1763661_1_26_1', '1763661_1_25_1', '1763661_1_6_1', '1763661_1_5_1', '1763661_1_8_1', '1763661_1_7_1', '1763661_1_9_1', '1763661_1_10_1', '1763661_1_2_1'], 'points': 'p1,p14,p24,p25,p4,p26,p18,p19,p20,p21,p22,p23,p27', 'start_time_stamp': '20260506030000', 'end_time_stamp': '20260506055959', 'minute_interval': 5}
2026-05-07 17:55:41,584 - root - INFO - Successfully upserted 648 data points.
2026-05-07 17:55:41,601 - root - INFO - Fetching minute data with payload: {'ps_key_list': ['1763661_1_1_1', '1763661_1_4_1', '1763661_1_3_1', '1763661_1_34_1', '1763661_1_33_1', '1763661_1_32_1', '1763661_1_31_1', '1763661_1_30_1', '1763661_1_29_1', '1763661_1_28_1', '1763661_1_27_1', '1763661_1_26_1', '1763661_1_25_1', '1763661_1_6_1', '1763661_1_5_1', '1763661_1_8_1', '1763661_1_7_1', '1763661_1_9_1', '1763661_1_10_1', '1763661_1_2_1'], 'points': 'p1,p14,p24,p25,p4,p26,p18,p19,p20,p21,p22,p23,p27', 'start_time_stamp': '20260506090000', 'end_time_stamp': '20260506115959', 'minute_interval': 5}
2026-05-07 17:55:41,607 - root - INFO - Successfully upserted 648 data points.
2026-05-07 17:55:41,662 - root - INFO - Fetching minute data with payload: {'ps_key_list': ['1763661_1_1_1', '1763661_1_4_1', '1763661_1_3_1', '1763661_1_34_1', '1763661_1_33_1', '1763661_1_32_1', '1763661_1_31_1', '1763661_1_30_1', '1763661_1_29_1', '1763661_1_28_1', '1763661_1_27_1', '1763661_1_26_1', '1763661_1_25_1', '1763661_1_6_1', '1763661_1_5_1', '1763661_1_8_1', '1763661_1_7_1', '1763661_1_9_1', '1763661_1_10_1', '1763661_1_2_1'], 'points': 'p1,p14,p24,p25,p4,p26,p18,p19,p20,p21,p22,p23,p27', 'start_time_stamp': '20260506120000', 'end_time_stamp': '20260506145959', 'minute_interval': 5}
2026-05-07 17:55:41,741 - root - INFO - Successfully upserted 648 data points.
2026-05-07 17:55:41,743 - root - INFO - Fetching minute data with payload: {'ps_key_list': ['1763661_1_1_1', '1763661_1_4_1', '1763661_1_3_1', '1763661_1_34_1', '1763661_1_33_1', '1763661_1_32_1', '1763661_1_31_1', '1763661_1_30_1', '1763661_1_29_1', '1763661_1_28_1', '1763661_1_27_1', '1763661_1_26_1', '1763661_1_25_1', '1763661_1_6_1', '1763661_1_5_1', '1763661_1_8_1', '1763661_1_7_1', '1763661_1_9_1', '1763661_1_10_1', '1763661_1_2_1'], 'points': 'p1,p14,p24,p25,p4,p26,p18,p19,p20,p21,p22,p23,p27', 'start_time_stamp': '20260506000000', 'end_time_stamp': '20260506025959', 'minute_interval': 5}
2026-05-07 17:55:41,754 - root - INFO - Successfully upserted 648 data points.
2026-05-07 17:55:41,766 - root - INFO - Fetching minute data with payload: {'ps_key_list': ['1763661_1_1_1', '1763661_1_4_1', '1763661_1_3_1', '1763661_1_34_1', '1763661_1_33_1', '1763661_1_32_1', '1763661_1_31_1', '1763661_1_30_1', '1763661_1_29_1', '1763661_1_28_1', '1763661_1_27_1', '1763661_1_26_1', '1763661_1_25_1', '1763661_1_6_1', '1763661_1_5_1', '1763661_1_8_1', '1763661_1_7_1', '1763661_1_9_1', '1763661_1_10_1', '1763661_1_2_1'], 'points': 'p1,p14,p24,p25,p4,p26,p18,p19,p20,p21,p22,p23,p27', 'start_time_stamp': '20260506210000', 'end_time_stamp': '20260506235959', 'minute_interval': 5}
2026-05-07 17:55:43,966 - root - INFO - Successfully upserted 720 data points.
2026-05-07 17:55:43,967 - root - INFO - Fetching minute data with payload: {'ps_key_list': ['1637816_1_5_1', '1637816_1_7_1', '1637816_1_2_1', '1637816_1_1_1', '1637816_1_4_1', '1637816_1_3_1', '1637816_1_6_1'], 'points': 'p1,p14,p24,p25,p4,p26,p18,p19,p20,p21,p22,p23,p27', 'start_time_stamp': '20260506180000', 'end_time_stamp': '20260506205959', 'minute_interval': 5}
2026-05-07 17:55:43,996 - root - INFO - Successfully upserted 720 data points.
2026-05-07 17:55:43,996 - root - INFO - Fetching minute data with payload: {'ps_key_list': ['1637816_1_5_1', '1637816_1_7_1', '1637816_1_2_1', '1637816_1_1_1', '1637816_1_4_1', '1637816_1_3_1', '1637816_1_6_1'], 'points': 'p1,p14,p24,p25,p4,p26,p18,p19,p20,p21,p22,p23,p27', 'start_time_stamp': '20260506060000', 'end_time_stamp': '20260506085959', 'minute_interval': 5}
2026-05-07 17:55:44,398 - root - INFO - Successfully upserted 720 data points.
2026-05-07 17:55:44,398 - root - INFO - Fetching minute data with payload: {'ps_key_list': ['1637816_1_5_1', '1637816_1_7_1', '1637816_1_2_1', '1637816_1_1_1', '1637816_1_4_1', '1637816_1_3_1', '1637816_1_6_1'], 'points': 'p1,p14,p24,p25,p4,p26,p18,p19,p20,p21,p22,p23,p27', 'start_time_stamp': '20260506150000', 'end_time_stamp': '20260506175959', 'minute_interval': 5}
2026-05-07 17:55:44,842 - root - INFO - Successfully upserted 720 data points.
2026-05-07 17:55:44,843 - root - INFO - Fetching minute data with payload: {'ps_key_list': ['1637816_1_5_1', '1637816_1_7_1', '1637816_1_2_1', '1637816_1_1_1', '1637816_1_4_1', '1637816_1_3_1', '1637816_1_6_1'], 'points': 'p1,p14,p24,p25,p4,p26,p18,p19,p20,p21,p22,p23,p27', 'start_time_stamp': '20260506030000', 'end_time_stamp': '20260506055959', 'minute_interval': 5}
2026-05-07 17:55:45,173 - root - INFO - Successfully upserted 720 data points.
2026-05-07 17:55:45,174 - root - INFO - Fetching minute data with payload: {'ps_key_list': ['1637816_1_5_1', '1637816_1_7_1', '1637816_1_2_1', '1637816_1_1_1', '1637816_1_4_1', '1637816_1_3_1', '1637816_1_6_1'], 'points': 'p1,p14,p24,p25,p4,p26,p18,p19,p20,p21,p22,p23,p27', 'start_time_stamp': '20260506120000', 'end_time_stamp': '20260506145959', 'minute_interval': 5}
2026-05-07 17:55:45,248 - root - INFO - Successfully upserted 720 data points.
2026-05-07 17:55:45,249 - root - INFO - Fetching minute data with payload: {'ps_key_list': ['1637816_1_5_1', '1637816_1_7_1', '1637816_1_2_1', '1637816_1_1_1', '1637816_1_4_1', '1637816_1_3_1', '1637816_1_6_1'], 'points': 'p1,p14,p24,p25,p4,p26,p18,p19,p20,p21,p22,p23,p27', 'start_time_stamp': '20260506000000', 'end_time_stamp': '20260506025959', 'minute_interval': 5}
2026-05-07 17:55:45,257 - root - INFO - Successfully upserted 720 data points.
2026-05-07 17:55:45,257 - root - INFO - Fetching minute data with payload: {'ps_key_list': ['1637816_1_5_1', '1637816_1_7_1', '1637816_1_2_1', '1637816_1_1_1', '1637816_1_4_1', '1637816_1_3_1', '1637816_1_6_1'], 'points': 'p1,p14,p24,p25,p4,p26,p18,p19,p20,p21,p22,p23,p27', 'start_time_stamp': '20260506090000', 'end_time_stamp': '20260506115959', 'minute_interval': 5}
2026-05-07 17:55:45,269 - root - INFO - Successfully upserted 720 data points.
2026-05-07 17:55:45,270 - root - INFO - Fetching minute data with payload: {'ps_key_list': ['1637816_1_5_1', '1637816_1_7_1', '1637816_1_2_1', '1637816_1_1_1', '1637816_1_4_1', '1637816_1_3_1', '1637816_1_6_1'], 'points': 'p1,p14,p24,p25,p4,p26,p18,p19,p20,p21,p22,p23,p27', 'start_time_stamp': '20260506210000', 'end_time_stamp': '20260506235959', 'minute_interval': 5}
2026-05-07 17:55:46,761 - root - INFO - Successfully upserted 252 data points.
2026-05-07 17:55:46,762 - root - INFO - Fetching minute data with payload: {'ps_key_list': ['1637095_1_4_1', '1637095_1_7_1', '1637095_1_3_1', '1637095_1_6_1', '1637095_1_2_1', '1637095_1_9_1', '1637095_1_5_1', '1637095_1_1_1', '1637095_1_10_1', '1637095_1_8_1'], 'points': 'p1,p14,p24,p25,p4,p26,p18,p19,p20,p21,p22,p23,p27', 'start_time_stamp': '20260506180000', 'end_time_stamp': '20260506205959', 'minute_interval': 5}
2026-05-07 17:55:46,789 - root - INFO - Successfully upserted 252 data points.
2026-05-07 17:55:46,790 - root - INFO - Fetching minute data with payload: {'ps_key_list': ['1637095_1_4_1', '1637095_1_7_1', '1637095_1_3_1', '1637095_1_6_1', '1637095_1_2_1', '1637095_1_9_1', '1637095_1_5_1', '1637095_1_1_1', '1637095_1_10_1', '1637095_1_8_1'], 'points': 'p1,p14,p24,p25,p4,p26,p18,p19,p20,p21,p22,p23,p27', 'start_time_stamp': '20260506060000', 'end_time_stamp': '20260506085959', 'minute_interval': 5}
2026-05-07 17:55:46,995 - root - INFO - Retrying API request after rate limit wait...
2026-05-07 17:55:46,997 - root - INFO - Making API request to: https://sg5.fusionsolar.huawei.com/rest/openapi/pvms/nbi/v1/device/history
2026-05-07 17:55:46,998 - root - INFO - Request payload: {'devDn': 'NE=61913834', 'devTypeId': 17, 'startTime': 1778000400000, 'endTime': 1778086799000}
2026-05-07 17:55:47,212 - root - INFO - Successfully upserted 252 data points.
2026-05-07 17:55:47,212 - root - INFO - Fetching minute data with payload: {'ps_key_list': ['1637095_1_4_1', '1637095_1_7_1', '1637095_1_3_1', '1637095_1_6_1', '1637095_1_2_1', '1637095_1_9_1', '1637095_1_5_1', '1637095_1_1_1', '1637095_1_10_1', '1637095_1_8_1'], 'points': 'p1,p14,p24,p25,p4,p26,p18,p19,p20,p21,p22,p23,p27', 'start_time_stamp': '20260506150000', 'end_time_stamp': '20260506175959', 'minute_interval': 5}
2026-05-07 17:55:47,522 - root - INFO - Successfully upserted 252 data points.
2026-05-07 17:55:47,522 - root - INFO - Fetching minute data with payload: {'ps_key_list': ['1637095_1_4_1', '1637095_1_7_1', '1637095_1_3_1', '1637095_1_6_1', '1637095_1_2_1', '1637095_1_9_1', '1637095_1_5_1', '1637095_1_1_1', '1637095_1_10_1', '1637095_1_8_1'], 'points': 'p1,p14,p24,p25,p4,p26,p18,p19,p20,p21,p22,p23,p27', 'start_time_stamp': '20260506030000', 'end_time_stamp': '20260506055959', 'minute_interval': 5}
2026-05-07 17:55:47,590 - root - INFO - Response status code: 200
2026-05-07 17:55:47,590 - root - INFO - API response from https://sg5.fusionsolar.huawei.com/rest/openapi/pvms/nbi/v1/device/history (truncated): {'failCode': 0, 'success': True, 'message': 'historical data information query successful.', 'data': []}
2026-05-07 17:55:47,597 - root - INFO - API Response type: <class 'dict'>
2026-05-07 17:55:47,597 - root - INFO - API Response keys: ['failCode', 'success', 'message', 'data']
2026-05-07 17:55:47,597 - root - INFO - API Response data is a list with 0 items
2026-05-07 17:55:47,598 - root - INFO - API Response has failCode: 0, message: historical data information query successful.
2026-05-07 17:55:47,598 - root - INFO - Using alternate response format: data as list
2026-05-07 17:55:47,598 - root - INFO - No data points returned for the query period
2026-05-07 17:55:47,599 - root - INFO - Using single devDn for device/history (API: one device per query)
2026-05-07 17:55:47,605 - root - INFO - Fetching historical data for 1 devices of type meter
2026-05-07 17:55:47,606 - root - INFO - Making API request to: https://sg5.fusionsolar.huawei.com/rest/openapi/pvms/nbi/v1/device/history
2026-05-07 17:55:47,606 - root - INFO - Request payload: {'devDn': 'NE=61851550', 'devTypeId': 17, 'startTime': 1778000400000, 'endTime': 1778086799000}
2026-05-07 17:55:48,015 - root - INFO - Response status code: 200
2026-05-07 17:55:48,015 - root - INFO - API response from https://sg5.fusionsolar.huawei.com/rest/openapi/pvms/nbi/v1/device/history (truncated): {'failCode': 407, 'success': False, 'message': 'Interface access frequency:0.39333333333333337/1second', 'data': []}
2026-05-07 17:55:48,017 - root - WARNING - API access frequency too high. Waiting 30 seconds before retry...
2026-05-07 17:55:48,048 - root - INFO - Successfully upserted 252 data points.
2026-05-07 17:55:48,048 - root - INFO - Fetching minute data with payload: {'ps_key_list': ['1637095_1_4_1', '1637095_1_7_1', '1637095_1_3_1', '1637095_1_6_1', '1637095_1_2_1', '1637095_1_9_1', '1637095_1_5_1', '1637095_1_1_1', '1637095_1_10_1', '1637095_1_8_1'], 'points': 'p1,p14,p24,p25,p4,p26,p18,p19,p20,p21,p22,p23,p27', 'start_time_stamp': '20260506120000', 'end_time_stamp': '20260506145959', 'minute_interval': 5}
2026-05-07 17:55:48,122 - root - INFO - Successfully upserted 252 data points.
2026-05-07 17:55:48,123 - root - INFO - Fetching minute data with payload: {'ps_key_list': ['1637095_1_4_1', '1637095_1_7_1', '1637095_1_3_1', '1637095_1_6_1', '1637095_1_2_1', '1637095_1_9_1', '1637095_1_5_1', '1637095_1_1_1', '1637095_1_10_1', '1637095_1_8_1'], 'points': 'p1,p14,p24,p25,p4,p26,p18,p19,p20,p21,p22,p23,p27', 'start_time_stamp': '20260506210000', 'end_time_stamp': '20260506235959', 'minute_interval': 5}
2026-05-07 17:55:48,151 - root - INFO - Successfully upserted 252 data points.
2026-05-07 17:55:48,153 - root - INFO - Fetching minute data with payload: {'ps_key_list': ['1637095_1_4_1', '1637095_1_7_1', '1637095_1_3_1', '1637095_1_6_1', '1637095_1_2_1', '1637095_1_9_1', '1637095_1_5_1', '1637095_1_1_1', '1637095_1_10_1', '1637095_1_8_1'], 'points': 'p1,p14,p24,p25,p4,p26,p18,p19,p20,p21,p22,p23,p27', 'start_time_stamp': '20260506090000', 'end_time_stamp': '20260506115959', 'minute_interval': 5}
2026-05-07 17:55:48,365 - root - INFO - Successfully upserted 252 data points.
2026-05-07 17:55:48,365 - root - INFO - Fetching minute data with payload: {'ps_key_list': ['1637095_1_4_1', '1637095_1_7_1', '1637095_1_3_1', '1637095_1_6_1', '1637095_1_2_1', '1637095_1_9_1', '1637095_1_5_1', '1637095_1_1_1', '1637095_1_10_1', '1637095_1_8_1'], 'points': 'p1,p14,p24,p25,p4,p26,p18,p19,p20,p21,p22,p23,p27', 'start_time_stamp': '20260506000000', 'end_time_stamp': '20260506025959', 'minute_interval': 5}
2026-05-07 17:55:49,547 - root - INFO - Successfully upserted 360 data points.
2026-05-07 17:55:49,547 - root - INFO - Fetching minute data with payload: {'ps_key_list': ['1614122_1_3_1', '1614122_1_7_1', '1614122_1_4_1', '1614122_1_2_1', '1614122_1_1_1', '1614122_1_6_1', '1614122_1_5_1'], 'points': 'p1,p14,p24,p25,p4,p26,p18,p19,p20,p21,p22,p23,p27', 'start_time_stamp': '20260506180000', 'end_time_stamp': '20260506205959', 'minute_interval': 5}
2026-05-07 17:55:49,710 - root - INFO - Successfully upserted 360 data points.
2026-05-07 17:55:49,710 - root - INFO - Fetching minute data with payload: {'ps_key_list': ['1614122_1_3_1', '1614122_1_7_1', '1614122_1_4_1', '1614122_1_2_1', '1614122_1_1_1', '1614122_1_6_1', '1614122_1_5_1'], 'points': 'p1,p14,p24,p25,p4,p26,p18,p19,p20,p21,p22,p23,p27', 'start_time_stamp': '20260506060000', 'end_time_stamp': '20260506085959', 'minute_interval': 5}
2026-05-07 17:55:49,995 - root - INFO - Successfully upserted 360 data points.
2026-05-07 17:55:49,995 - root - INFO - Fetching minute data with payload: {'ps_key_list': ['1614122_1_3_1', '1614122_1_7_1', '1614122_1_4_1', '1614122_1_2_1', '1614122_1_1_1', '1614122_1_6_1', '1614122_1_5_1'], 'points': 'p1,p14,p24,p25,p4,p26,p18,p19,p20,p21,p22,p23,p27', 'start_time_stamp': '20260506150000', 'end_time_stamp': '20260506175959', 'minute_interval': 5}
2026-05-07 17:55:50,297 - root - INFO - Successfully upserted 360 data points.
2026-05-07 17:55:50,297 - root - INFO - Fetching minute data with payload: {'ps_key_list': ['1614122_1_3_1', '1614122_1_7_1', '1614122_1_4_1', '1614122_1_2_1', '1614122_1_1_1', '1614122_1_6_1', '1614122_1_5_1'], 'points': 'p1,p14,p24,p25,p4,p26,p18,p19,p20,p21,p22,p23,p27', 'start_time_stamp': '20260506030000', 'end_time_stamp': '20260506055959', 'minute_interval': 5}
2026-05-07 17:55:50,932 - root - INFO - Successfully upserted 360 data points.
2026-05-07 17:55:50,933 - root - INFO - Fetching minute data with payload: {'ps_key_list': ['1614122_1_3_1', '1614122_1_7_1', '1614122_1_4_1', '1614122_1_2_1', '1614122_1_1_1', '1614122_1_6_1', '1614122_1_5_1'], 'points': 'p1,p14,p24,p25,p4,p26,p18,p19,p20,p21,p22,p23,p27', 'start_time_stamp': '20260506120000', 'end_time_stamp': '20260506145959', 'minute_interval': 5}
2026-05-07 17:55:50,979 - root - INFO - Successfully upserted 360 data points.
2026-05-07 17:55:50,982 - root - INFO - Fetching minute data with payload: {'ps_key_list': ['1614122_1_3_1', '1614122_1_7_1', '1614122_1_4_1', '1614122_1_2_1', '1614122_1_1_1', '1614122_1_6_1', '1614122_1_5_1'], 'points': 'p1,p14,p24,p25,p4,p26,p18,p19,p20,p21,p22,p23,p27', 'start_time_stamp': '20260506210000', 'end_time_stamp': '20260506235959', 'minute_interval': 5}
2026-05-07 17:55:51,142 - root - INFO - Successfully upserted 360 data points.
2026-05-07 17:55:51,143 - root - INFO - Fetching minute data with payload: {'ps_key_list': ['1614122_1_3_1', '1614122_1_7_1', '1614122_1_4_1', '1614122_1_2_1', '1614122_1_1_1', '1614122_1_6_1', '1614122_1_5_1'], 'points': 'p1,p14,p24,p25,p4,p26,p18,p19,p20,p21,p22,p23,p27', 'start_time_stamp': '20260506090000', 'end_time_stamp': '20260506115959', 'minute_interval': 5}
2026-05-07 17:55:51,154 - root - INFO - Successfully upserted 360 data points.
2026-05-07 17:55:51,154 - root - INFO - Fetching minute data with payload: {'ps_key_list': ['1614122_1_3_1', '1614122_1_7_1', '1614122_1_4_1', '1614122_1_2_1', '1614122_1_1_1', '1614122_1_6_1', '1614122_1_5_1'], 'points': 'p1,p14,p24,p25,p4,p26,p18,p19,p20,p21,p22,p23,p27', 'start_time_stamp': '20260506000000', 'end_time_stamp': '20260506025959', 'minute_interval': 5}
2026-05-07 17:55:52,235 - root - INFO - Successfully upserted 252 data points.
2026-05-07 17:55:52,235 - root - INFO - Fetching minute data with payload: {'ps_key_list': ['1731512_1_2_1'], 'points': 'p1,p14,p24,p25,p4,p26,p18,p19,p20,p21,p22,p23,p27', 'start_time_stamp': '20260506180000', 'end_time_stamp': '20260506205959', 'minute_interval': 5}
2026-05-07 17:55:52,356 - root - INFO - Successfully upserted 252 data points.
2026-05-07 17:55:52,357 - root - INFO - Fetching minute data with payload: {'ps_key_list': ['1731512_1_2_1'], 'points': 'p1,p14,p24,p25,p4,p26,p18,p19,p20,p21,p22,p23,p27', 'start_time_stamp': '20260506060000', 'end_time_stamp': '20260506085959', 'minute_interval': 5}
2026-05-07 17:55:52,710 - root - INFO - Successfully upserted 252 data points.
2026-05-07 17:55:52,711 - root - INFO - Fetching minute data with payload: {'ps_key_list': ['1731512_1_2_1'], 'points': 'p1,p14,p24,p25,p4,p26,p18,p19,p20,p21,p22,p23,p27', 'start_time_stamp': '20260506150000', 'end_time_stamp': '20260506175959', 'minute_interval': 5}
2026-05-07 17:55:53,231 - root - INFO - Successfully upserted 252 data points.
2026-05-07 17:55:53,231 - root - INFO - Fetching minute data with payload: {'ps_key_list': ['1731512_1_2_1'], 'points': 'p1,p14,p24,p25,p4,p26,p18,p19,p20,p21,p22,p23,p27', 'start_time_stamp': '20260506030000', 'end_time_stamp': '20260506055959', 'minute_interval': 5}
2026-05-07 17:55:53,824 - root - INFO - Successfully upserted 252 data points.
2026-05-07 17:55:53,825 - root - INFO - Fetching minute data with payload: {'ps_key_list': ['1731512_1_2_1'], 'points': 'p1,p14,p24,p25,p4,p26,p18,p19,p20,p21,p22,p23,p27', 'start_time_stamp': '20260506120000', 'end_time_stamp': '20260506145959', 'minute_interval': 5}
2026-05-07 17:55:53,992 - root - INFO - Successfully upserted 252 data points.
2026-05-07 17:55:53,992 - root - INFO - Fetching minute data with payload: {'ps_key_list': ['1731512_1_2_1'], 'points': 'p1,p14,p24,p25,p4,p26,p18,p19,p20,p21,p22,p23,p27', 'start_time_stamp': '20260506090000', 'end_time_stamp': '20260506115959', 'minute_interval': 5}
2026-05-07 17:55:54,281 - root - INFO - Successfully upserted 252 data points.
2026-05-07 17:55:54,281 - root - INFO - Fetching minute data with payload: {'ps_key_list': ['1731512_1_2_1'], 'points': 'p1,p14,p24,p25,p4,p26,p18,p19,p20,p21,p22,p23,p27', 'start_time_stamp': '20260506000000', 'end_time_stamp': '20260506025959', 'minute_interval': 5}
2026-05-07 17:55:54,281 - root - INFO - Successfully upserted 252 data points.
2026-05-07 17:55:54,283 - root - INFO - Fetching minute data with payload: {'ps_key_list': ['1731512_1_2_1'], 'points': 'p1,p14,p24,p25,p4,p26,p18,p19,p20,p21,p22,p23,p27', 'start_time_stamp': '20260506210000', 'end_time_stamp': '20260506235959', 'minute_interval': 5}
2026-05-07 17:55:54,733 - root - INFO - Successfully upserted 36 data points.
2026-05-07 17:55:54,733 - root - INFO - Fetching minute data with payload: {'ps_key_list': ['1730375_1_3_1', '1730375_1_1_1'], 'points': 'p1,p14,p24,p25,p4,p26,p18,p19,p20,p21,p22,p23,p27', 'start_time_stamp': '20260506180000', 'end_time_stamp': '20260506205959', 'minute_interval': 5}
2026-05-07 17:55:54,851 - root - INFO - Successfully upserted 36 data points.
2026-05-07 17:55:54,854 - root - INFO - Fetching minute data with payload: {'ps_key_list': ['1730375_1_3_1', '1730375_1_1_1'], 'points': 'p1,p14,p24,p25,p4,p26,p18,p19,p20,p21,p22,p23,p27', 'start_time_stamp': '20260506060000', 'end_time_stamp': '20260506085959', 'minute_interval': 5}
2026-05-07 17:55:55,178 - root - INFO - Successfully upserted 36 data points.
2026-05-07 17:55:55,179 - root - INFO - Fetching minute data with payload: {'ps_key_list': ['1730375_1_3_1', '1730375_1_1_1'], 'points': 'p1,p14,p24,p25,p4,p26,p18,p19,p20,p21,p22,p23,p27', 'start_time_stamp': '20260506150000', 'end_time_stamp': '20260506175959', 'minute_interval': 5}
2026-05-07 17:55:55,795 - root - INFO - Successfully upserted 36 data points.
2026-05-07 17:55:55,795 - root - INFO - Fetching minute data with payload: {'ps_key_list': ['1730375_1_3_1', '1730375_1_1_1'], 'points': 'p1,p14,p24,p25,p4,p26,p18,p19,p20,p21,p22,p23,p27', 'start_time_stamp': '20260506030000', 'end_time_stamp': '20260506055959', 'minute_interval': 5}
2026-05-07 17:55:56,402 - root - INFO - Successfully upserted 36 data points.
2026-05-07 17:55:56,403 - root - INFO - Fetching minute data with payload: {'ps_key_list': ['1730375_1_3_1', '1730375_1_1_1'], 'points': 'p1,p14,p24,p25,p4,p26,p18,p19,p20,p21,p22,p23,p27', 'start_time_stamp': '20260506120000', 'end_time_stamp': '20260506145959', 'minute_interval': 5}
2026-05-07 17:55:56,613 - root - INFO - Successfully upserted 36 data points.
2026-05-07 17:55:56,613 - root - INFO - Fetching minute data with payload: {'ps_key_list': ['1730375_1_3_1', '1730375_1_1_1'], 'points': 'p1,p14,p24,p25,p4,p26,p18,p19,p20,p21,p22,p23,p27', 'start_time_stamp': '20260506090000', 'end_time_stamp': '20260506115959', 'minute_interval': 5}
2026-05-07 17:55:56,831 - root - INFO - Successfully upserted 36 data points.
2026-05-07 17:55:56,831 - root - INFO - Fetching minute data with payload: {'ps_key_list': ['1730375_1_3_1', '1730375_1_1_1'], 'points': 'p1,p14,p24,p25,p4,p26,p18,p19,p20,p21,p22,p23,p27', 'start_time_stamp': '20260506000000', 'end_time_stamp': '20260506025959', 'minute_interval': 5}
2026-05-07 17:55:56,872 - root - INFO - Successfully upserted 36 data points.
2026-05-07 17:55:56,872 - root - INFO - Fetching minute data with payload: {'ps_key_list': ['1730375_1_3_1', '1730375_1_1_1'], 'points': 'p1,p14,p24,p25,p4,p26,p18,p19,p20,p21,p22,p23,p27', 'start_time_stamp': '20260506210000', 'end_time_stamp': '20260506235959', 'minute_interval': 5}
2026-05-07 17:55:57,297 - root - INFO - Successfully upserted 72 data points.
2026-05-07 17:55:57,297 - root - INFO - Fetching minute data with payload: {'ps_key_list': ['1728142_1_1_1'], 'points': 'p1,p14,p24,p25,p4,p26,p18,p19,p20,p21,p22,p23,p27', 'start_time_stamp': '20260506180000', 'end_time_stamp': '20260506205959', 'minute_interval': 5}
2026-05-07 17:55:57,510 - root - INFO - Successfully upserted 72 data points.
2026-05-07 17:55:57,510 - root - INFO - Fetching minute data with payload: {'ps_key_list': ['1728142_1_1_1'], 'points': 'p1,p14,p24,p25,p4,p26,p18,p19,p20,p21,p22,p23,p27', 'start_time_stamp': '20260506060000', 'end_time_stamp': '20260506085959', 'minute_interval': 5}
2026-05-07 17:55:57,651 - root - INFO - Successfully upserted 72 data points.
2026-05-07 17:55:57,651 - root - INFO - Fetching minute data with payload: {'ps_key_list': ['1728142_1_1_1'], 'points': 'p1,p14,p24,p25,p4,p26,p18,p19,p20,p21,p22,p23,p27', 'start_time_stamp': '20260506150000', 'end_time_stamp': '20260506175959', 'minute_interval': 5}
2026-05-07 17:55:58,272 - root - INFO - Successfully upserted 72 data points.
2026-05-07 17:55:58,272 - root - INFO - Fetching minute data with payload: {'ps_key_list': ['1728142_1_1_1'], 'points': 'p1,p14,p24,p25,p4,p26,p18,p19,p20,p21,p22,p23,p27', 'start_time_stamp': '20260506030000', 'end_time_stamp': '20260506055959', 'minute_interval': 5}
2026-05-07 17:55:58,993 - root - INFO - Successfully upserted 72 data points.
2026-05-07 17:55:58,993 - root - INFO - Fetching minute data with payload: {'ps_key_list': ['1728142_1_1_1'], 'points': 'p1,p14,p24,p25,p4,p26,p18,p19,p20,p21,p22,p23,p27', 'start_time_stamp': '20260506120000', 'end_time_stamp': '20260506145959', 'minute_interval': 5}
2026-05-07 17:55:59,108 - root - INFO - Successfully upserted 72 data points.
2026-05-07 17:55:59,109 - root - INFO - Fetching minute data with payload: {'ps_key_list': ['1728142_1_1_1'], 'points': 'p1,p14,p24,p25,p4,p26,p18,p19,p20,p21,p22,p23,p27', 'start_time_stamp': '20260506090000', 'end_time_stamp': '20260506115959', 'minute_interval': 5}
2026-05-07 17:55:59,403 - root - INFO - Successfully upserted 72 data points.
2026-05-07 17:55:59,403 - root - INFO - Fetching minute data with payload: {'ps_key_list': ['1728142_1_1_1'], 'points': 'p1,p14,p24,p25,p4,p26,p18,p19,p20,p21,p22,p23,p27', 'start_time_stamp': '20260506000000', 'end_time_stamp': '20260506025959', 'minute_interval': 5}
2026-05-07 17:55:59,451 - root - INFO - Successfully upserted 72 data points.
2026-05-07 17:55:59,451 - root - INFO - Fetching minute data with payload: {'ps_key_list': ['1728142_1_1_1'], 'points': 'p1,p14,p24,p25,p4,p26,p18,p19,p20,p21,p22,p23,p27', 'start_time_stamp': '20260506210000', 'end_time_stamp': '20260506235959', 'minute_interval': 5}
2026-05-07 17:55:59,966 - root - INFO - Successfully upserted 36 data points.
2026-05-07 17:55:59,967 - root - INFO - Fetching minute data with payload: {'ps_key_list': ['1723575_1_3_1'], 'points': 'p1,p14,p24,p25,p4,p26,p18,p19,p20,p21,p22,p23,p27', 'start_time_stamp': '20260506180000', 'end_time_stamp': '20260506205959', 'minute_interval': 5}
2026-05-07 17:56:00,090 - root - INFO - Successfully upserted 36 data points.
2026-05-07 17:56:00,090 - root - INFO - Fetching minute data with payload: {'ps_key_list': ['1723575_1_3_1'], 'points': 'p1,p14,p24,p25,p4,p26,p18,p19,p20,p21,p22,p23,p27', 'start_time_stamp': '20260506060000', 'end_time_stamp': '20260506085959', 'minute_interval': 5}
2026-05-07 17:56:00,142 - root - INFO - Successfully upserted 36 data points.
2026-05-07 17:56:00,142 - root - INFO - Fetching minute data with payload: {'ps_key_list': ['1723575_1_3_1'], 'points': 'p1,p14,p24,p25,p4,p26,p18,p19,p20,p21,p22,p23,p27', 'start_time_stamp': '20260506150000', 'end_time_stamp': '20260506175959', 'minute_interval': 5}
2026-05-07 17:56:00,714 - root - INFO - Successfully upserted 36 data points.
2026-05-07 17:56:00,714 - root - INFO - Fetching minute data with payload: {'ps_key_list': ['1723575_1_3_1'], 'points': 'p1,p14,p24,p25,p4,p26,p18,p19,p20,p21,p22,p23,p27', 'start_time_stamp': '20260506030000', 'end_time_stamp': '20260506055959', 'minute_interval': 5}
2026-05-07 17:56:01,495 - root - INFO - Successfully upserted 36 data points.
2026-05-07 17:56:01,495 - root - INFO - Fetching minute data with payload: {'ps_key_list': ['1723575_1_3_1'], 'points': 'p1,p14,p24,p25,p4,p26,p18,p19,p20,p21,p22,p23,p27', 'start_time_stamp': '20260506120000', 'end_time_stamp': '20260506145959', 'minute_interval': 5}
2026-05-07 17:56:01,710 - root - INFO - Successfully upserted 36 data points.
2026-05-07 17:56:01,711 - root - INFO - Fetching minute data with payload: {'ps_key_list': ['1723575_1_3_1'], 'points': 'p1,p14,p24,p25,p4,p26,p18,p19,p20,p21,p22,p23,p27', 'start_time_stamp': '20260506090000', 'end_time_stamp': '20260506115959', 'minute_interval': 5}
2026-05-07 17:56:01,994 - root - INFO - Successfully upserted 36 data points.
2026-05-07 17:56:01,994 - root - INFO - Fetching minute data with payload: {'ps_key_list': ['1723575_1_3_1'], 'points': 'p1,p14,p24,p25,p4,p26,p18,p19,p20,p21,p22,p23,p27', 'start_time_stamp': '20260506210000', 'end_time_stamp': '20260506235959', 'minute_interval': 5}
2026-05-07 17:56:02,023 - root - INFO - Successfully upserted 36 data points.
2026-05-07 17:56:02,024 - root - INFO - Fetching minute data with payload: {'ps_key_list': ['1723575_1_3_1'], 'points': 'p1,p14,p24,p25,p4,p26,p18,p19,p20,p21,p22,p23,p27', 'start_time_stamp': '20260506000000', 'end_time_stamp': '20260506025959', 'minute_interval': 5}
2026-05-07 17:56:02,705 - root - INFO - Successfully upserted 36 data points.
2026-05-07 17:56:02,705 - root - INFO - Fetching minute data with payload: {'ps_key_list': ['1722752_1_1_1'], 'points': 'p1,p14,p24,p25,p4,p26,p18,p19,p20,p21,p22,p23,p27', 'start_time_stamp': '20260506180000', 'end_time_stamp': '20260506205959', 'minute_interval': 5}
2026-05-07 17:56:02,791 - root - INFO - Successfully upserted 36 data points.
2026-05-07 17:56:02,792 - root - INFO - Fetching minute data with payload: {'ps_key_list': ['1722752_1_1_1'], 'points': 'p1,p14,p24,p25,p4,p26,p18,p19,p20,p21,p22,p23,p27', 'start_time_stamp': '20260506060000', 'end_time_stamp': '20260506085959', 'minute_interval': 5}
2026-05-07 17:56:02,810 - root - INFO - Successfully upserted 36 data points.
2026-05-07 17:56:02,810 - root - INFO - Fetching minute data with payload: {'ps_key_list': ['1722752_1_1_1'], 'points': 'p1,p14,p24,p25,p4,p26,p18,p19,p20,p21,p22,p23,p27', 'start_time_stamp': '20260506150000', 'end_time_stamp': '20260506175959', 'minute_interval': 5}
2026-05-07 17:56:03,253 - root - INFO - Successfully upserted 36 data points.
2026-05-07 17:56:03,253 - root - INFO - Fetching minute data with payload: {'ps_key_list': ['1722752_1_1_1'], 'points': 'p1,p14,p24,p25,p4,p26,p18,p19,p20,p21,p22,p23,p27', 'start_time_stamp': '20260506030000', 'end_time_stamp': '20260506055959', 'minute_interval': 5}
2026-05-07 17:56:04,061 - root - INFO - Successfully upserted 36 data points.
2026-05-07 17:56:04,061 - root - INFO - Fetching minute data with payload: {'ps_key_list': ['1722752_1_1_1'], 'points': 'p1,p14,p24,p25,p4,p26,p18,p19,p20,p21,p22,p23,p27', 'start_time_stamp': '20260506120000', 'end_time_stamp': '20260506145959', 'minute_interval': 5}
2026-05-07 17:56:04,256 - root - INFO - Successfully upserted 36 data points.
2026-05-07 17:56:04,256 - root - INFO - Fetching minute data with payload: {'ps_key_list': ['1722752_1_1_1'], 'points': 'p1,p14,p24,p25,p4,p26,p18,p19,p20,p21,p22,p23,p27', 'start_time_stamp': '20260506090000', 'end_time_stamp': '20260506115959', 'minute_interval': 5}
2026-05-07 17:56:04,619 - root - INFO - Successfully upserted 36 data points.
2026-05-07 17:56:04,619 - root - INFO - Fetching minute data with payload: {'ps_key_list': ['1722752_1_1_1'], 'points': 'p1,p14,p24,p25,p4,p26,p18,p19,p20,p21,p22,p23,p27', 'start_time_stamp': '20260506210000', 'end_time_stamp': '20260506235959', 'minute_interval': 5}
2026-05-07 17:56:04,695 - root - INFO - Successfully upserted 36 data points.
2026-05-07 17:56:04,697 - root - INFO - Fetching minute data with payload: {'ps_key_list': ['1722752_1_1_1'], 'points': 'p1,p14,p24,p25,p4,p26,p18,p19,p20,p21,p22,p23,p27', 'start_time_stamp': '20260506000000', 'end_time_stamp': '20260506025959', 'minute_interval': 5}
2026-05-07 17:56:05,353 - root - INFO - Successfully upserted 36 data points.
2026-05-07 17:56:05,354 - root - INFO - Fetching minute data with payload: {'ps_key_list': ['1734912_1_1_1'], 'points': 'p1,p14,p24,p25,p4,p26,p18,p19,p20,p21,p22,p23,p27', 'start_time_stamp': '20260506180000', 'end_time_stamp': '20260506205959', 'minute_interval': 5}
2026-05-07 17:56:05,463 - root - INFO - Successfully upserted 36 data points.
2026-05-07 17:56:05,463 - root - INFO - Fetching minute data with payload: {'ps_key_list': ['1734912_1_1_1'], 'points': 'p1,p14,p24,p25,p4,p26,p18,p19,p20,p21,p22,p23,p27', 'start_time_stamp': '20260506060000', 'end_time_stamp': '20260506085959', 'minute_interval': 5}
2026-05-07 17:56:05,500 - root - INFO - Successfully upserted 36 data points.
2026-05-07 17:56:05,501 - root - INFO - Fetching minute data with payload: {'ps_key_list': ['1734912_1_1_1'], 'points': 'p1,p14,p24,p25,p4,p26,p18,p19,p20,p21,p22,p23,p27', 'start_time_stamp': '20260506150000', 'end_time_stamp': '20260506175959', 'minute_interval': 5}
2026-05-07 17:56:05,808 - root - INFO - Successfully upserted 36 data points.
2026-05-07 17:56:05,809 - root - INFO - Fetching minute data with payload: {'ps_key_list': ['1734912_1_1_1'], 'points': 'p1,p14,p24,p25,p4,p26,p18,p19,p20,p21,p22,p23,p27', 'start_time_stamp': '20260506030000', 'end_time_stamp': '20260506055959', 'minute_interval': 5}
2026-05-07 17:56:06,533 - root - INFO - Successfully upserted 36 data points.
2026-05-07 17:56:06,533 - root - INFO - Fetching minute data with payload: {'ps_key_list': ['1734912_1_1_1'], 'points': 'p1,p14,p24,p25,p4,p26,p18,p19,p20,p21,p22,p23,p27', 'start_time_stamp': '20260506120000', 'end_time_stamp': '20260506145959', 'minute_interval': 5}
2026-05-07 17:56:06,804 - root - INFO - Successfully upserted 36 data points.
2026-05-07 17:56:06,804 - root - INFO - Fetching minute data with payload: {'ps_key_list': ['1734912_1_1_1'], 'points': 'p1,p14,p24,p25,p4,p26,p18,p19,p20,p21,p22,p23,p27', 'start_time_stamp': '20260506090000', 'end_time_stamp': '20260506115959', 'minute_interval': 5}
2026-05-07 17:56:07,163 - root - INFO - Successfully upserted 36 data points.
2026-05-07 17:56:07,163 - root - INFO - Fetching minute data with payload: {'ps_key_list': ['1734912_1_1_1'], 'points': 'p1,p14,p24,p25,p4,p26,p18,p19,p20,p21,p22,p23,p27', 'start_time_stamp': '20260506210000', 'end_time_stamp': '20260506235959', 'minute_interval': 5}
2026-05-07 17:56:07,220 - root - INFO - Successfully upserted 36 data points.
2026-05-07 17:56:07,221 - root - INFO - Fetching minute data with payload: {'ps_key_list': ['1734912_1_1_1'], 'points': 'p1,p14,p24,p25,p4,p26,p18,p19,p20,p21,p22,p23,p27', 'start_time_stamp': '20260506000000', 'end_time_stamp': '20260506025959', 'minute_interval': 5}
2026-05-07 17:56:07,979 - root - INFO - Successfully upserted 36 data points.
2026-05-07 17:56:07,980 - root - INFO - Fetching minute data with payload: {'ps_key_list': ['1628909_1_2_2', '1628909_1_1_2', '1628909_1_3_1', '1628909_1_2_1', '1628909_1_1_1', '1628909_1_4_1', '1628909_1_3_2'], 'points': 'p1,p14,p24,p25,p4,p26,p18,p19,p20,p21,p22,p23,p27', 'start_time_stamp': '20260506180000', 'end_time_stamp': '20260506205959', 'minute_interval': 5}
2026-05-07 17:56:08,128 - root - INFO - Successfully upserted 36 data points.
2026-05-07 17:56:08,128 - root - INFO - Fetching minute data with payload: {'ps_key_list': ['1628909_1_2_2', '1628909_1_1_2', '1628909_1_3_1', '1628909_1_2_1', '1628909_1_1_1', '1628909_1_4_1', '1628909_1_3_2'], 'points': 'p1,p14,p24,p25,p4,p26,p18,p19,p20,p21,p22,p23,p27', 'start_time_stamp': '20260506060000', 'end_time_stamp': '20260506085959', 'minute_interval': 5}
2026-05-07 17:56:08,250 - root - INFO - Successfully upserted 36 data points.
2026-05-07 17:56:08,250 - root - INFO - Fetching minute data with payload: {'ps_key_list': ['1628909_1_2_2', '1628909_1_1_2', '1628909_1_3_1', '1628909_1_2_1', '1628909_1_1_1', '1628909_1_4_1', '1628909_1_3_2'], 'points': 'p1,p14,p24,p25,p4,p26,p18,p19,p20,p21,p22,p23,p27', 'start_time_stamp': '20260506150000', 'end_time_stamp': '20260506175959', 'minute_interval': 5}
2026-05-07 17:56:08,380 - root - INFO - Successfully upserted 36 data points.
2026-05-07 17:56:08,380 - root - INFO - Fetching minute data with payload: {'ps_key_list': ['1628909_1_2_2', '1628909_1_1_2', '1628909_1_3_1', '1628909_1_2_1', '1628909_1_1_1', '1628909_1_4_1', '1628909_1_3_2'], 'points': 'p1,p14,p24,p25,p4,p26,p18,p19,p20,p21,p22,p23,p27', 'start_time_stamp': '20260506030000', 'end_time_stamp': '20260506055959', 'minute_interval': 5}
2026-05-07 17:56:08,976 - root - INFO - Successfully upserted 36 data points.
2026-05-07 17:56:08,976 - root - INFO - Fetching minute data with payload: {'ps_key_list': ['1628909_1_2_2', '1628909_1_1_2', '1628909_1_3_1', '1628909_1_2_1', '1628909_1_1_1', '1628909_1_4_1', '1628909_1_3_2'], 'points': 'p1,p14,p24,p25,p4,p26,p18,p19,p20,p21,p22,p23,p27', 'start_time_stamp': '20260506120000', 'end_time_stamp': '20260506145959', 'minute_interval': 5}
2026-05-07 17:56:09,272 - root - INFO - Successfully upserted 36 data points.
2026-05-07 17:56:09,272 - root - INFO - Fetching minute data with payload: {'ps_key_list': ['1628909_1_2_2', '1628909_1_1_2', '1628909_1_3_1', '1628909_1_2_1', '1628909_1_1_1', '1628909_1_4_1', '1628909_1_3_2'], 'points': 'p1,p14,p24,p25,p4,p26,p18,p19,p20,p21,p22,p23,p27', 'start_time_stamp': '20260506090000', 'end_time_stamp': '20260506115959', 'minute_interval': 5}
2026-05-07 17:56:09,735 - root - INFO - Successfully upserted 36 data points.
2026-05-07 17:56:09,735 - root - INFO - Fetching minute data with payload: {'ps_key_list': ['1628909_1_2_2', '1628909_1_1_2', '1628909_1_3_1', '1628909_1_2_1', '1628909_1_1_1', '1628909_1_4_1', '1628909_1_3_2'], 'points': 'p1,p14,p24,p25,p4,p26,p18,p19,p20,p21,p22,p23,p27', 'start_time_stamp': '20260506210000', 'end_time_stamp': '20260506235959', 'minute_interval': 5}
2026-05-07 17:56:09,827 - root - INFO - Successfully upserted 36 data points.
2026-05-07 17:56:09,827 - root - INFO - Fetching minute data with payload: {'ps_key_list': ['1628909_1_2_2', '1628909_1_1_2', '1628909_1_3_1', '1628909_1_2_1', '1628909_1_1_1', '1628909_1_4_1', '1628909_1_3_2'], 'points': 'p1,p14,p24,p25,p4,p26,p18,p19,p20,p21,p22,p23,p27', 'start_time_stamp': '20260506000000', 'end_time_stamp': '20260506025959', 'minute_interval': 5}
2026-05-07 17:56:10,604 - root - INFO - Successfully upserted 252 data points.
2026-05-07 17:56:10,604 - root - INFO - Fetching minute data with payload: {'ps_key_list': ['1453245_1_3_1', '1453245_1_4_1', '1453245_1_5_1', '1453245_1_6_1', '1453245_1_1_1', '1453245_1_2_1'], 'points': 'p1,p14,p24,p25,p4,p26,p18,p19,p20,p21,p22,p23,p27', 'start_time_stamp': '20260506180000', 'end_time_stamp': '20260506205959', 'minute_interval': 5}
2026-05-07 17:56:10,828 - root - INFO - Successfully upserted 252 data points.
2026-05-07 17:56:10,829 - root - INFO - Fetching minute data with payload: {'ps_key_list': ['1453245_1_3_1', '1453245_1_4_1', '1453245_1_5_1', '1453245_1_6_1', '1453245_1_1_1', '1453245_1_2_1'], 'points': 'p1,p14,p24,p25,p4,p26,p18,p19,p20,p21,p22,p23,p27', 'start_time_stamp': '20260506060000', 'end_time_stamp': '20260506085959', 'minute_interval': 5}
2026-05-07 17:56:11,064 - root - INFO - Successfully upserted 252 data points.
2026-05-07 17:56:11,064 - root - INFO - Fetching minute data with payload: {'ps_key_list': ['1453245_1_3_1', '1453245_1_4_1', '1453245_1_5_1', '1453245_1_6_1', '1453245_1_1_1', '1453245_1_2_1'], 'points': 'p1,p14,p24,p25,p4,p26,p18,p19,p20,p21,p22,p23,p27', 'start_time_stamp': '20260506150000', 'end_time_stamp': '20260506175959', 'minute_interval': 5}
2026-05-07 17:56:11,143 - root - INFO - Successfully upserted 252 data points.
2026-05-07 17:56:11,146 - root - INFO - Fetching minute data with payload: {'ps_key_list': ['1453245_1_3_1', '1453245_1_4_1', '1453245_1_5_1', '1453245_1_6_1', '1453245_1_1_1', '1453245_1_2_1'], 'points': 'p1,p14,p24,p25,p4,p26,p18,p19,p20,p21,p22,p23,p27', 'start_time_stamp': '20260506030000', 'end_time_stamp': '20260506055959', 'minute_interval': 5}
2026-05-07 17:56:11,674 - root - INFO - Successfully upserted 252 data points.
2026-05-07 17:56:11,675 - root - INFO - Fetching minute data with payload: {'ps_key_list': ['1453245_1_3_1', '1453245_1_4_1', '1453245_1_5_1', '1453245_1_6_1', '1453245_1_1_1', '1453245_1_2_1'], 'points': 'p1,p14,p24,p25,p4,p26,p18,p19,p20,p21,p22,p23,p27', 'start_time_stamp': '20260506120000', 'end_time_stamp': '20260506145959', 'minute_interval': 5}
2026-05-07 17:56:11,860 - root - INFO - Successfully upserted 252 data points.
2026-05-07 17:56:11,860 - root - INFO - Fetching minute data with payload: {'ps_key_list': ['1453245_1_3_1', '1453245_1_4_1', '1453245_1_5_1', '1453245_1_6_1', '1453245_1_1_1', '1453245_1_2_1'], 'points': 'p1,p14,p24,p25,p4,p26,p18,p19,p20,p21,p22,p23,p27', 'start_time_stamp': '20260506090000', 'end_time_stamp': '20260506115959', 'minute_interval': 5}
2026-05-07 17:56:12,471 - root - INFO - Successfully upserted 252 data points.
2026-05-07 17:56:12,472 - root - INFO - Fetching minute data with payload: {'ps_key_list': ['1453245_1_3_1', '1453245_1_4_1', '1453245_1_5_1', '1453245_1_6_1', '1453245_1_1_1', '1453245_1_2_1'], 'points': 'p1,p14,p24,p25,p4,p26,p18,p19,p20,p21,p22,p23,p27', 'start_time_stamp': '20260506210000', 'end_time_stamp': '20260506235959', 'minute_interval': 5}
2026-05-07 17:56:12,549 - root - INFO - Successfully upserted 252 data points.
2026-05-07 17:56:12,549 - root - INFO - Fetching minute data with payload: {'ps_key_list': ['1453245_1_3_1', '1453245_1_4_1', '1453245_1_5_1', '1453245_1_6_1', '1453245_1_1_1', '1453245_1_2_1'], 'points': 'p1,p14,p24,p25,p4,p26,p18,p19,p20,p21,p22,p23,p27', 'start_time_stamp': '20260506000000', 'end_time_stamp': '20260506025959', 'minute_interval': 5}
2026-05-07 17:56:13,224 - root - INFO - Successfully upserted 216 data points.
2026-05-07 17:56:13,225 - root - INFO - Fetching minute data with payload: {'ps_key_list': ['1449886_1_2_1', '1449886_1_1_1', '1449886_1_3_1'], 'points': 'p1,p14,p24,p25,p4,p26,p18,p19,p20,p21,p22,p23,p27', 'start_time_stamp': '20260506180000', 'end_time_stamp': '20260506205959', 'minute_interval': 5}
2026-05-07 17:56:13,414 - root - INFO - Successfully upserted 216 data points.
2026-05-07 17:56:13,415 - root - INFO - Fetching minute data with payload: {'ps_key_list': ['1449886_1_2_1', '1449886_1_1_1', '1449886_1_3_1'], 'points': 'p1,p14,p24,p25,p4,p26,p18,p19,p20,p21,p22,p23,p27', 'start_time_stamp': '20260506060000', 'end_time_stamp': '20260506085959', 'minute_interval': 5}
2026-05-07 17:56:13,773 - root - INFO - Successfully upserted 216 data points.
2026-05-07 17:56:13,774 - root - INFO - Fetching minute data with payload: {'ps_key_list': ['1449886_1_2_1', '1449886_1_1_1', '1449886_1_3_1'], 'points': 'p1,p14,p24,p25,p4,p26,p18,p19,p20,p21,p22,p23,p27', 'start_time_stamp': '20260506030000', 'end_time_stamp': '20260506055959', 'minute_interval': 5}
2026-05-07 17:56:13,849 - root - INFO - Successfully upserted 216 data points.
2026-05-07 17:56:13,849 - root - INFO - Fetching minute data with payload: {'ps_key_list': ['1449886_1_2_1', '1449886_1_1_1', '1449886_1_3_1'], 'points': 'p1,p14,p24,p25,p4,p26,p18,p19,p20,p21,p22,p23,p27', 'start_time_stamp': '20260506150000', 'end_time_stamp': '20260506175959', 'minute_interval': 5}
2026-05-07 17:56:14,300 - root - INFO - Successfully upserted 216 data points.
2026-05-07 17:56:14,301 - root - INFO - Fetching minute data with payload: {'ps_key_list': ['1449886_1_2_1', '1449886_1_1_1', '1449886_1_3_1'], 'points': 'p1,p14,p24,p25,p4,p26,p18,p19,p20,p21,p22,p23,p27', 'start_time_stamp': '20260506120000', 'end_time_stamp': '20260506145959', 'minute_interval': 5}
2026-05-07 17:56:14,433 - root - INFO - Successfully upserted 216 data points.
2026-05-07 17:56:14,433 - root - INFO - Fetching minute data with payload: {'ps_key_list': ['1449886_1_2_1', '1449886_1_1_1', '1449886_1_3_1'], 'points': 'p1,p14,p24,p25,p4,p26,p18,p19,p20,p21,p22,p23,p27', 'start_time_stamp': '20260506090000', 'end_time_stamp': '20260506115959', 'minute_interval': 5}
2026-05-07 17:56:15,182 - root - INFO - Successfully upserted 216 data points.
2026-05-07 17:56:15,182 - root - INFO - Fetching minute data with payload: {'ps_key_list': ['1449886_1_2_1', '1449886_1_1_1', '1449886_1_3_1'], 'points': 'p1,p14,p24,p25,p4,p26,p18,p19,p20,p21,p22,p23,p27', 'start_time_stamp': '20260506000000', 'end_time_stamp': '20260506025959', 'minute_interval': 5}
2026-05-07 17:56:15,235 - root - INFO - Successfully upserted 216 data points.
2026-05-07 17:56:15,236 - root - INFO - Fetching minute data with payload: {'ps_key_list': ['1449886_1_2_1', '1449886_1_1_1', '1449886_1_3_1'], 'points': 'p1,p14,p24,p25,p4,p26,p18,p19,p20,p21,p22,p23,p27', 'start_time_stamp': '20260506210000', 'end_time_stamp': '20260506235959', 'minute_interval': 5}
2026-05-07 17:56:15,742 - root - INFO - Successfully upserted 108 data points.
2026-05-07 17:56:15,743 - root - INFO - Fetching minute data with payload: {'ps_key_list': ['1445767_1_3_1', '1445767_1_2_1', '1445767_1_1_1'], 'points': 'p1,p14,p24,p25,p4,p26,p18,p19,p20,p21,p22,p23,p27', 'start_time_stamp': '20260506180000', 'end_time_stamp': '20260506205959', 'minute_interval': 5}
2026-05-07 17:56:16,011 - root - INFO - Successfully upserted 108 data points.
2026-05-07 17:56:16,011 - root - INFO - Fetching minute data with payload: {'ps_key_list': ['1445767_1_3_1', '1445767_1_2_1', '1445767_1_1_1'], 'points': 'p1,p14,p24,p25,p4,p26,p18,p19,p20,p21,p22,p23,p27', 'start_time_stamp': '20260506060000', 'end_time_stamp': '20260506085959', 'minute_interval': 5}
2026-05-07 17:56:16,432 - root - INFO - Successfully upserted 108 data points.
2026-05-07 17:56:16,433 - root - INFO - Fetching minute data with payload: {'ps_key_list': ['1445767_1_3_1', '1445767_1_2_1', '1445767_1_1_1'], 'points': 'p1,p14,p24,p25,p4,p26,p18,p19,p20,p21,p22,p23,p27', 'start_time_stamp': '20260506150000', 'end_time_stamp': '20260506175959', 'minute_interval': 5}
2026-05-07 17:56:16,441 - root - INFO - Successfully upserted 108 data points.
2026-05-07 17:56:16,441 - root - INFO - Fetching minute data with payload: {'ps_key_list': ['1445767_1_3_1', '1445767_1_2_1', '1445767_1_1_1'], 'points': 'p1,p14,p24,p25,p4,p26,p18,p19,p20,p21,p22,p23,p27', 'start_time_stamp': '20260506030000', 'end_time_stamp': '20260506055959', 'minute_interval': 5}
2026-05-07 17:56:16,930 - root - INFO - Successfully upserted 108 data points.
2026-05-07 17:56:16,930 - root - INFO - Fetching minute data with payload: {'ps_key_list': ['1445767_1_3_1', '1445767_1_2_1', '1445767_1_1_1'], 'points': 'p1,p14,p24,p25,p4,p26,p18,p19,p20,p21,p22,p23,p27', 'start_time_stamp': '20260506120000', 'end_time_stamp': '20260506145959', 'minute_interval': 5}
2026-05-07 17:56:16,972 - root - INFO - Successfully upserted 108 data points.
2026-05-07 17:56:16,972 - root - INFO - Fetching minute data with payload: {'ps_key_list': ['1445767_1_3_1', '1445767_1_2_1', '1445767_1_1_1'], 'points': 'p1,p14,p24,p25,p4,p26,p18,p19,p20,p21,p22,p23,p27', 'start_time_stamp': '20260506090000', 'end_time_stamp': '20260506115959', 'minute_interval': 5}
2026-05-07 17:56:17,780 - root - INFO - Successfully upserted 108 data points.
2026-05-07 17:56:17,781 - root - INFO - Fetching minute data with payload: {'ps_key_list': ['1445767_1_3_1', '1445767_1_2_1', '1445767_1_1_1'], 'points': 'p1,p14,p24,p25,p4,p26,p18,p19,p20,p21,p22,p23,p27', 'start_time_stamp': '20260506000000', 'end_time_stamp': '20260506025959', 'minute_interval': 5}
2026-05-07 17:56:17,848 - root - INFO - Successfully upserted 108 data points.
2026-05-07 17:56:17,849 - root - INFO - Fetching minute data with payload: {'ps_key_list': ['1445767_1_3_1', '1445767_1_2_1', '1445767_1_1_1'], 'points': 'p1,p14,p24,p25,p4,p26,p18,p19,p20,p21,p22,p23,p27', 'start_time_stamp': '20260506210000', 'end_time_stamp': '20260506235959', 'minute_interval': 5}
2026-05-07 17:56:18,017 - root - INFO - Retrying API request after rate limit wait...
2026-05-07 17:56:18,018 - root - INFO - Making API request to: https://sg5.fusionsolar.huawei.com/rest/openapi/pvms/nbi/v1/device/history
2026-05-07 17:56:18,019 - root - INFO - Request payload: {'devDn': 'NE=61851550', 'devTypeId': 17, 'startTime': 1778000400000, 'endTime': 1778086799000}
2026-05-07 17:56:18,241 - root - INFO - Successfully upserted 108 data points.
2026-05-07 17:56:18,241 - root - INFO - Fetching minute data with payload: {'ps_key_list': ['1789614_1_4_1', '1789614_1_3_1', '1789614_1_2_1', '1789614_1_1_1'], 'points': 'p1,p14,p24,p25,p4,p26,p18,p19,p20,p21,p22,p23,p27', 'start_time_stamp': '20260506180000', 'end_time_stamp': '20260506205959', 'minute_interval': 5}
2026-05-07 17:56:18,585 - root - INFO - Response status code: 200
2026-05-07 17:56:18,585 - root - INFO - API response from https://sg5.fusionsolar.huawei.com/rest/openapi/pvms/nbi/v1/device/history (truncated): {'failCode': 0, 'success': True, 'message': 'historical data information query successful.', 'data': []}
2026-05-07 17:56:18,592 - root - INFO - API Response type: <class 'dict'>
2026-05-07 17:56:18,592 - root - INFO - API Response keys: ['failCode', 'success', 'message', 'data']
2026-05-07 17:56:18,593 - root - INFO - API Response data is a list with 0 items
2026-05-07 17:56:18,593 - root - INFO - API Response has failCode: 0, message: historical data information query successful.
2026-05-07 17:56:18,593 - root - INFO - Using alternate response format: data as list
2026-05-07 17:56:18,594 - root - INFO - No data points returned for the query period
2026-05-07 17:56:18,594 - root - INFO - Using single devDn for device/history (API: one device per query)
2026-05-07 17:56:18,599 - root - INFO - Fetching historical data for 1 devices of type meter
2026-05-07 17:56:18,599 - root - INFO - Making API request to: https://sg5.fusionsolar.huawei.com/rest/openapi/pvms/nbi/v1/device/history
2026-05-07 17:56:18,600 - root - INFO - Request payload: {'devDn': 'NE=61851551', 'devTypeId': 17, 'startTime': 1778000400000, 'endTime': 1778086799000}
2026-05-07 17:56:18,749 - root - INFO - Successfully upserted 108 data points.
2026-05-07 17:56:18,749 - root - INFO - Fetching minute data with payload: {'ps_key_list': ['1789614_1_4_1', '1789614_1_3_1', '1789614_1_2_1', '1789614_1_1_1'], 'points': 'p1,p14,p24,p25,p4,p26,p18,p19,p20,p21,p22,p23,p27', 'start_time_stamp': '20260506060000', 'end_time_stamp': '20260506085959', 'minute_interval': 5}
2026-05-07 17:56:18,917 - root - INFO - Response status code: 200
2026-05-07 17:56:18,917 - root - INFO - API response from https://sg5.fusionsolar.huawei.com/rest/openapi/pvms/nbi/v1/device/history (truncated): {'failCode': 407, 'success': False, 'message': 'Interface access frequency:0.39333333333333337/1second', 'data': []}
2026-05-07 17:56:18,918 - root - WARNING - API access frequency too high. Waiting 30 seconds before retry...
2026-05-07 17:56:19,057 - root - INFO - Successfully upserted 108 data points.
2026-05-07 17:56:19,057 - root - INFO - Fetching minute data with payload: {'ps_key_list': ['1789614_1_4_1', '1789614_1_3_1', '1789614_1_2_1', '1789614_1_1_1'], 'points': 'p1,p14,p24,p25,p4,p26,p18,p19,p20,p21,p22,p23,p27', 'start_time_stamp': '20260506150000', 'end_time_stamp': '20260506175959', 'minute_interval': 5}
2026-05-07 17:56:19,141 - root - INFO - Successfully upserted 108 data points.
2026-05-07 17:56:19,143 - root - INFO - Fetching minute data with payload: {'ps_key_list': ['1789614_1_4_1', '1789614_1_3_1', '1789614_1_2_1', '1789614_1_1_1'], 'points': 'p1,p14,p24,p25,p4,p26,p18,p19,p20,p21,p22,p23,p27', 'start_time_stamp': '20260506030000', 'end_time_stamp': '20260506055959', 'minute_interval': 5}
2026-05-07 17:56:19,535 - root - INFO - Successfully upserted 108 data points.
2026-05-07 17:56:19,535 - root - INFO - Fetching minute data with payload: {'ps_key_list': ['1789614_1_4_1', '1789614_1_3_1', '1789614_1_2_1', '1789614_1_1_1'], 'points': 'p1,p14,p24,p25,p4,p26,p18,p19,p20,p21,p22,p23,p27', 'start_time_stamp': '20260506120000', 'end_time_stamp': '20260506145959', 'minute_interval': 5}
2026-05-07 17:56:19,544 - root - INFO - Successfully upserted 108 data points.
2026-05-07 17:56:19,546 - root - INFO - Fetching minute data with payload: {'ps_key_list': ['1789614_1_4_1', '1789614_1_3_1', '1789614_1_2_1', '1789614_1_1_1'], 'points': 'p1,p14,p24,p25,p4,p26,p18,p19,p20,p21,p22,p23,p27', 'start_time_stamp': '20260506090000', 'end_time_stamp': '20260506115959', 'minute_interval': 5}
2026-05-07 17:56:20,460 - root - INFO - Successfully upserted 108 data points.
2026-05-07 17:56:20,460 - root - INFO - Fetching minute data with payload: {'ps_key_list': ['1789614_1_4_1', '1789614_1_3_1', '1789614_1_2_1', '1789614_1_1_1'], 'points': 'p1,p14,p24,p25,p4,p26,p18,p19,p20,p21,p22,p23,p27', 'start_time_stamp': '20260506000000', 'end_time_stamp': '20260506025959', 'minute_interval': 5}
2026-05-07 17:56:20,547 - root - INFO - Successfully upserted 108 data points.
2026-05-07 17:56:20,547 - root - INFO - Fetching minute data with payload: {'ps_key_list': ['1789614_1_4_1', '1789614_1_3_1', '1789614_1_2_1', '1789614_1_1_1'], 'points': 'p1,p14,p24,p25,p4,p26,p18,p19,p20,p21,p22,p23,p27', 'start_time_stamp': '20260506210000', 'end_time_stamp': '20260506235959', 'minute_interval': 5}
2026-05-07 17:56:20,897 - root - INFO - Successfully upserted 144 data points.
2026-05-07 17:56:20,898 - root - INFO - Completed 3-hour interval (custom mapping): 2026-05-06 18:00:00 to 2026-05-06 20:59:59 - 5076 points
2026-05-07 17:56:21,815 - root - INFO - Successfully upserted 144 data points.
2026-05-07 17:56:21,815 - root - INFO - Completed 3-hour interval (custom mapping): 2026-05-06 06:00:00 to 2026-05-06 08:59:59 - 5076 points
2026-05-07 17:56:21,894 - root - INFO - Successfully upserted 144 data points.
2026-05-07 17:56:21,894 - root - INFO - Completed 3-hour interval (custom mapping): 2026-05-06 03:00:00 to 2026-05-06 05:59:59 - 5076 points
2026-05-07 17:56:21,949 - root - INFO - Successfully upserted 144 data points.
2026-05-07 17:56:21,949 - root - INFO - Completed 3-hour interval (custom mapping): 2026-05-06 15:00:00 to 2026-05-06 17:59:59 - 5076 points
2026-05-07 17:56:22,176 - root - INFO - Successfully upserted 144 data points.
2026-05-07 17:56:22,177 - root - INFO - Completed 3-hour interval (custom mapping): 2026-05-06 12:00:00 to 2026-05-06 14:59:59 - 5076 points
2026-05-07 17:56:22,285 - root - INFO - Successfully upserted 144 data points.
2026-05-07 17:56:22,286 - root - INFO - Completed 3-hour interval (custom mapping): 2026-05-06 09:00:00 to 2026-05-06 11:59:59 - 5076 points
2026-05-07 17:56:23,321 - root - INFO - Successfully upserted 144 data points.
2026-05-07 17:56:23,324 - root - INFO - Completed 3-hour interval (custom mapping): 2026-05-06 21:00:00 to 2026-05-06 23:59:59 - 5076 points
2026-05-07 17:56:23,367 - root - INFO - Successfully upserted 144 data points.
2026-05-07 17:56:23,367 - root - INFO - Completed 3-hour interval (custom mapping): 2026-05-06 00:00:00 to 2026-05-06 02:59:59 - 5076 points
2026-05-07 17:56:23,370 - root - INFO - Ingested 40608 inverter summary data points
2026-05-07 17:56:23,370 - root - INFO - Historical data fetch complete. Total points ingested: 104582
2026-05-07 17:56:23,371 - isolarcloud.tasks - INFO - iSolarCloud ingestion completed successfully. Rows inserted: None, Execution time: 196.06 seconds
2026-05-07 17:56:23,371 - __main__ - INFO - iSolarCloud ingestion completed: {'status': 'success', 'rows_inserted': None, 'execution_time': 196.06408667564392, 'start_date': '2026-05-06', 'end_date': '2026-05-06'}
2026-05-07 17:56:48,919 - root - INFO - Retrying API request after rate limit wait...
2026-05-07 17:56:48,919 - root - INFO - Making API request to: https://sg5.fusionsolar.huawei.com/rest/openapi/pvms/nbi/v1/device/history
2026-05-07 17:56:48,920 - root - INFO - Request payload: {'devDn': 'NE=61851551', 'devTypeId': 17, 'startTime': 1778000400000, 'endTime': 1778086799000}
2026-05-07 17:56:49,398 - root - INFO - Response status code: 200
2026-05-07 17:56:49,398 - root - INFO - API response from https://sg5.fusionsolar.huawei.com/rest/openapi/pvms/nbi/v1/device/history (truncated): {'failCode': 0, 'success': True, 'message': 'historical data information query successful.', 'data': []}
2026-05-07 17:56:49,406 - root - INFO - API Response type: <class 'dict'>
2026-05-07 17:56:49,406 - root - INFO - API Response keys: ['failCode', 'success', 'message', 'data']
2026-05-07 17:56:49,406 - root - INFO - API Response data is a list with 0 items
2026-05-07 17:56:49,407 - root - INFO - API Response has failCode: 0, message: historical data information query successful.
2026-05-07 17:56:49,407 - root - INFO - Using alternate response format: data as list
2026-05-07 17:56:49,407 - root - INFO - No data points returned for the query period
2026-05-07 17:56:49,408 - root - INFO - Using single devDn for device/history (API: one device per query)
2026-05-07 17:56:49,413 - root - INFO - Fetching historical data for 1 devices of type meter
2026-05-07 17:56:49,413 - root - INFO - Making API request to: https://sg5.fusionsolar.huawei.com/rest/openapi/pvms/nbi/v1/device/history
2026-05-07 17:56:49,413 - root - INFO - Request payload: {'devDn': 'NE=52031812', 'devTypeId': 17, 'startTime': 1778000400000, 'endTime': 1778086799000}
2026-05-07 17:56:49,753 - root - INFO - Response status code: 200
2026-05-07 17:56:49,753 - root - INFO - API response from https://sg5.fusionsolar.huawei.com/rest/openapi/pvms/nbi/v1/device/history (truncated): {'failCode': 407, 'success': False, 'message': 'Interface access frequency:0.39333333333333337/1second', 'data': []}
2026-05-07 17:56:49,755 - root - WARNING - API access frequency too high. Waiting 30 seconds before retry...
2026-05-07 17:57:19,755 - root - INFO - Retrying API request after rate limit wait...
2026-05-07 17:57:19,755 - root - INFO - Making API request to: https://sg5.fusionsolar.huawei.com/rest/openapi/pvms/nbi/v1/device/history
2026-05-07 17:57:19,756 - root - INFO - Request payload: {'devDn': 'NE=52031812', 'devTypeId': 17, 'startTime': 1778000400000, 'endTime': 1778086799000}
2026-05-07 17:57:21,246 - root - INFO - Response status code: 200
2026-05-07 17:57:21,256 - root - INFO - API response from https://sg5.fusionsolar.huawei.com/rest/openapi/pvms/nbi/v1/device/history (truncated): {'failCode': 0, 'success': True, 'message': 'historical data information query successful.', 'data': [{'devDn': 'NE=52031812', 'collectTime': 1778000400000, 'dataItems': {'active_cap': 44639.89, 'power_factor': 0.513, 'a_i': 0.3, 'c_i': 0.2, 'b_i': 0.2, 'reverse_reactive_valley': None, 'positive_reactive_peak': None, 'reverse_reactive_peak': None, 'reverse_active_peak': None, 'positive_active_peak': None, 'a_u': 0.0, 'reactive_power': 6578.0, 'c_u': 0.0, 'total_apparent_power': 7.668, 'bc_u': 19...
2026-05-07 17:57:21,263 - root - INFO - API Response type: <class 'dict'>
2026-05-07 17:57:21,264 - root - INFO - API Response keys: ['failCode', 'success', 'message', 'data']
2026-05-07 17:57:21,264 - root - INFO - API Response data is a list with 288 items
2026-05-07 17:57:21,264 - root - INFO - API Response has failCode: 0, message: historical data information query successful.
2026-05-07 17:57:21,265 - root - INFO - Using alternate response format: data as list
2026-05-07 17:57:21,267 - root - INFO - Received 288 data points from API
2026-05-07 17:57:21,267 - root - INFO - Sample data point structure: ['devDn', 'collectTime', 'dataItems']
2026-05-07 17:57:21,391 - root - INFO - Successfully upserted 288 data points.
2026-05-07 17:57:25,389 - root - INFO - Using single devDn for device/history (API: one device per query)
2026-05-07 17:57:25,393 - root - INFO - Fetching historical data for 1 devices of type meter
2026-05-07 17:57:25,394 - root - INFO - Making API request to: https://sg5.fusionsolar.huawei.com/rest/openapi/pvms/nbi/v1/device/history
2026-05-07 17:57:25,394 - root - INFO - Request payload: {'devDn': 'NE=55409420', 'devTypeId': 17, 'startTime': 1778000400000, 'endTime': 1778086799000}
2026-05-07 17:57:26,896 - root - INFO - Response status code: 200
2026-05-07 17:57:26,906 - root - INFO - API response from https://sg5.fusionsolar.huawei.com/rest/openapi/pvms/nbi/v1/device/history (truncated): {'failCode': 0, 'success': True, 'message': 'historical data information query successful.', 'data': [{'devDn': 'NE=55409420', 'collectTime': 1778000400000, 'dataItems': {'active_cap': 2656188.18, 'power_factor': -0.867, 'a_i': 277.0, 'c_i': 288.6, 'b_i': 292.3, 'reverse_reactive_valley': None, 'positive_reactive_peak': None, 'reverse_reactive_peak': None, 'reverse_active_peak': None, 'positive_active_peak': None, 'a_u': 0.0, 'reactive_power': -4833559.0, 'c_u': 0.0, 'total_apparent_power': 1017...
2026-05-07 17:57:26,910 - root - INFO - API Response type: <class 'dict'>
2026-05-07 17:57:26,910 - root - INFO - API Response keys: ['failCode', 'success', 'message', 'data']
2026-05-07 17:57:26,910 - root - INFO - API Response data is a list with 288 items
2026-05-07 17:57:26,911 - root - INFO - API Response has failCode: 0, message: historical data information query successful.
2026-05-07 17:57:26,911 - root - INFO - Using alternate response format: data as list
2026-05-07 17:57:26,911 - root - INFO - Received 288 data points from API
2026-05-07 17:57:26,912 - root - INFO - Sample data point structure: ['devDn', 'collectTime', 'dataItems']
2026-05-07 17:57:27,047 - root - INFO - Successfully upserted 288 data points.
2026-05-07 17:57:30,321 - root - INFO - Using single devDn for device/history (API: one device per query)
2026-05-07 17:57:30,325 - root - INFO - Fetching historical data for 1 devices of type meter
2026-05-07 17:57:30,326 - root - INFO - Making API request to: https://sg5.fusionsolar.huawei.com/rest/openapi/pvms/nbi/v1/device/history
2026-05-07 17:57:30,326 - root - INFO - Request payload: {'devDn': 'NE=52031814', 'devTypeId': 17, 'startTime': 1778000400000, 'endTime': 1778086799000}
2026-05-07 17:57:31,911 - root - INFO - Response status code: 200
2026-05-07 17:57:31,922 - root - INFO - API response from https://sg5.fusionsolar.huawei.com/rest/openapi/pvms/nbi/v1/device/history (truncated): {'failCode': 0, 'success': True, 'message': 'historical data information query successful.', 'data': [{'devDn': 'NE=52031814', 'collectTime': 1778000400000, 'dataItems': {'active_cap': 0.0, 'power_factor': 0.951, 'a_i': 0.2, 'c_i': 0.4, 'b_i': 0.0, 'reverse_reactive_valley': None, 'positive_reactive_peak': None, 'reverse_reactive_peak': None, 'reverse_active_peak': None, 'positive_active_peak': None, 'a_u': 216.87, 'reactive_power': 36.0, 'c_u': 217.14, 'total_apparent_power': 0.117, 'bc_u': 376...
2026-05-07 17:57:31,927 - root - INFO - API Response type: <class 'dict'>
2026-05-07 17:57:31,927 - root - INFO - API Response keys: ['failCode', 'success', 'message', 'data']
2026-05-07 17:57:31,927 - root - INFO - API Response data is a list with 288 items
2026-05-07 17:57:31,928 - root - INFO - API Response has failCode: 0, message: historical data information query successful.
2026-05-07 17:57:31,928 - root - INFO - Using alternate response format: data as list
2026-05-07 17:57:31,928 - root - INFO - Received 288 data points from API
2026-05-07 17:57:31,929 - root - INFO - Sample data point structure: ['devDn', 'collectTime', 'dataItems']
2026-05-07 17:57:32,051 - root - INFO - Successfully upserted 288 data points.
2026-05-07 17:57:35,729 - root - INFO - Using single devDn for device/history (API: one device per query)
2026-05-07 17:57:35,733 - root - INFO - Fetching historical data for 1 devices of type meter
2026-05-07 17:57:35,734 - root - INFO - Making API request to: https://sg5.fusionsolar.huawei.com/rest/openapi/pvms/nbi/v1/device/history
2026-05-07 17:57:35,735 - root - INFO - Request payload: {'devDn': 'NE=52031813', 'devTypeId': 17, 'startTime': 1778000400000, 'endTime': 1778086799000}
2026-05-07 17:57:36,211 - root - INFO - Response status code: 200
2026-05-07 17:57:36,212 - root - INFO - API response from https://sg5.fusionsolar.huawei.com/rest/openapi/pvms/nbi/v1/device/history (truncated): {'failCode': 0, 'success': True, 'message': 'historical data information query successful.', 'data': []}
2026-05-07 17:57:36,218 - root - INFO - API Response type: <class 'dict'>
2026-05-07 17:57:36,218 - root - INFO - API Response keys: ['failCode', 'success', 'message', 'data']
2026-05-07 17:57:36,218 - root - INFO - API Response data is a list with 0 items
2026-05-07 17:57:36,219 - root - INFO - API Response has failCode: 0, message: historical data information query successful.
2026-05-07 17:57:36,219 - root - INFO - Using alternate response format: data as list
2026-05-07 17:57:36,219 - root - INFO - No data points returned for the query period
2026-05-07 17:57:36,219 - root - INFO - Using single devDn for device/history (API: one device per query)
2026-05-07 17:57:36,220 - root - INFO - Fetching historical data for 1 devices of type meter
2026-05-07 17:57:36,220 - root - INFO - Making API request to: https://sg5.fusionsolar.huawei.com/rest/openapi/pvms/nbi/v1/device/history
2026-05-07 17:57:36,220 - root - INFO - Request payload: {'devDn': 'NE=52470109', 'devTypeId': 17, 'startTime': 1778000400000, 'endTime': 1778086799000}
2026-05-07 17:57:36,544 - root - INFO - Response status code: 200
2026-05-07 17:57:36,544 - root - INFO - API response from https://sg5.fusionsolar.huawei.com/rest/openapi/pvms/nbi/v1/device/history (truncated): {'failCode': 407, 'success': False, 'message': 'Interface access frequency:0.39333333333333337/1second', 'data': []}
2026-05-07 17:57:36,545 - root - WARNING - API access frequency too high. Waiting 30 seconds before retry...
2026-05-07 17:58:06,545 - root - INFO - Retrying API request after rate limit wait...
2026-05-07 17:58:06,545 - root - INFO - Making API request to: https://sg5.fusionsolar.huawei.com/rest/openapi/pvms/nbi/v1/device/history
2026-05-07 17:58:06,547 - root - INFO - Request payload: {'devDn': 'NE=52470109', 'devTypeId': 17, 'startTime': 1778000400000, 'endTime': 1778086799000}
2026-05-07 17:58:07,282 - root - INFO - Response status code: 200
2026-05-07 17:58:07,282 - root - INFO - API response from https://sg5.fusionsolar.huawei.com/rest/openapi/pvms/nbi/v1/device/history (truncated): {'failCode': 0, 'success': True, 'message': 'historical data information query successful.', 'data': []}
2026-05-07 17:58:07,286 - root - INFO - API Response type: <class 'dict'>
2026-05-07 17:58:07,286 - root - INFO - API Response keys: ['failCode', 'success', 'message', 'data']
2026-05-07 17:58:07,287 - root - INFO - API Response data is a list with 0 items
2026-05-07 17:58:07,287 - root - INFO - API Response has failCode: 0, message: historical data information query successful.
2026-05-07 17:58:07,287 - root - INFO - Using alternate response format: data as list
2026-05-07 17:58:07,287 - root - INFO - No data points returned for the query period
2026-05-07 17:58:07,287 - root - INFO - Using single devDn for device/history (API: one device per query)
2026-05-07 17:58:07,287 - root - INFO - Fetching historical data for 1 devices of type meter
2026-05-07 17:58:07,288 - root - INFO - Making API request to: https://sg5.fusionsolar.huawei.com/rest/openapi/pvms/nbi/v1/device/history
2026-05-07 17:58:07,288 - root - INFO - Request payload: {'devDn': 'NE=55409294', 'devTypeId': 17, 'startTime': 1778000400000, 'endTime': 1778086799000}
2026-05-07 17:58:07,663 - root - INFO - Response status code: 200
2026-05-07 17:58:07,664 - root - INFO - API response from https://sg5.fusionsolar.huawei.com/rest/openapi/pvms/nbi/v1/device/history (truncated): {'failCode': 407, 'success': False, 'message': 'Interface access frequency:0.39333333333333337/1second', 'data': []}
2026-05-07 17:58:07,665 - root - WARNING - API access frequency too high. Waiting 30 seconds before retry...
2026-05-07 17:58:37,664 - root - INFO - Retrying API request after rate limit wait...
2026-05-07 17:58:37,664 - root - INFO - Making API request to: https://sg5.fusionsolar.huawei.com/rest/openapi/pvms/nbi/v1/device/history
2026-05-07 17:58:37,665 - root - INFO - Request payload: {'devDn': 'NE=55409294', 'devTypeId': 17, 'startTime': 1778000400000, 'endTime': 1778086799000}
2026-05-07 17:58:38,189 - root - INFO - Response status code: 200
2026-05-07 17:58:38,189 - root - INFO - API response from https://sg5.fusionsolar.huawei.com/rest/openapi/pvms/nbi/v1/device/history (truncated): {'failCode': 0, 'success': True, 'message': 'historical data information query successful.', 'data': []}
2026-05-07 17:58:38,193 - root - INFO - API Response type: <class 'dict'>
2026-05-07 17:58:38,193 - root - INFO - API Response keys: ['failCode', 'success', 'message', 'data']
2026-05-07 17:58:38,193 - root - INFO - API Response data is a list with 0 items
2026-05-07 17:58:38,193 - root - INFO - API Response has failCode: 0, message: historical data information query successful.
2026-05-07 17:58:38,193 - root - INFO - Using alternate response format: data as list
2026-05-07 17:58:38,193 - root - INFO - No data points returned for the query period
2026-05-07 17:58:38,194 - root - INFO - Using single devDn for device/history (API: one device per query)
2026-05-07 17:58:38,194 - root - INFO - Fetching historical data for 1 devices of type meter
2026-05-07 17:58:38,194 - root - INFO - Making API request to: https://sg5.fusionsolar.huawei.com/rest/openapi/pvms/nbi/v1/device/history
2026-05-07 17:58:38,194 - root - INFO - Request payload: {'devDn': 'NE=52031811', 'devTypeId': 17, 'startTime': 1778000400000, 'endTime': 1778086799000}
2026-05-07 17:58:38,512 - root - INFO - Response status code: 200
2026-05-07 17:58:38,513 - root - INFO - API response from https://sg5.fusionsolar.huawei.com/rest/openapi/pvms/nbi/v1/device/history (truncated): {'failCode': 407, 'success': False, 'message': 'Interface access frequency:0.39333333333333337/1second', 'data': []}
2026-05-07 17:58:38,514 - root - WARNING - API access frequency too high. Waiting 30 seconds before retry...
2026-05-07 17:59:08,513 - root - INFO - Retrying API request after rate limit wait...
2026-05-07 17:59:08,513 - root - INFO - Making API request to: https://sg5.fusionsolar.huawei.com/rest/openapi/pvms/nbi/v1/device/history
2026-05-07 17:59:08,514 - root - INFO - Request payload: {'devDn': 'NE=52031811', 'devTypeId': 17, 'startTime': 1778000400000, 'endTime': 1778086799000}
2026-05-07 17:59:10,329 - root - INFO - Response status code: 200
2026-05-07 17:59:10,339 - root - INFO - API response from https://sg5.fusionsolar.huawei.com/rest/openapi/pvms/nbi/v1/device/history (truncated): {'failCode': 0, 'success': True, 'message': 'historical data information query successful.', 'data': [{'devDn': 'NE=52031811', 'collectTime': 1778000400000, 'dataItems': {'active_cap': 904.79, 'power_factor': 0.0, 'a_i': 0.0, 'c_i': 0.0, 'b_i': 0.0, 'reverse_reactive_valley': None, 'positive_reactive_peak': None, 'reverse_reactive_peak': None, 'reverse_active_peak': None, 'positive_active_peak': None, 'a_u': 0.0, 'reactive_power': 0.0, 'c_u': 0.0, 'total_apparent_power': 0.0, 'bc_u': 751.19, 'b_...
2026-05-07 17:59:10,342 - root - INFO - API Response type: <class 'dict'>
2026-05-07 17:59:10,342 - root - INFO - API Response keys: ['failCode', 'success', 'message', 'data']
2026-05-07 17:59:10,342 - root - INFO - API Response data is a list with 288 items
2026-05-07 17:59:10,343 - root - INFO - API Response has failCode: 0, message: historical data information query successful.
2026-05-07 17:59:10,343 - root - INFO - Using alternate response format: data as list
2026-05-07 17:59:10,343 - root - INFO - Received 288 data points from API
2026-05-07 17:59:10,343 - root - INFO - Sample data point structure: ['devDn', 'collectTime', 'dataItems']
2026-05-07 17:59:10,509 - root - INFO - Successfully upserted 288 data points.
2026-05-07 17:59:17,345 - root - INFO - Using single devDn for device/history (API: one device per query)
2026-05-07 17:59:17,346 - root - INFO - Fetching historical data for 1 devices of type meter
2026-05-07 17:59:17,347 - root - INFO - Making API request to: https://sg5.fusionsolar.huawei.com/rest/openapi/pvms/nbi/v1/device/history
2026-05-07 17:59:17,347 - root - INFO - Request payload: {'devDn': 'NE=52031810', 'devTypeId': 17, 'startTime': 1778000400000, 'endTime': 1778086799000}
2026-05-07 17:59:19,101 - root - INFO - Response status code: 200
2026-05-07 17:59:19,111 - root - INFO - API response from https://sg5.fusionsolar.huawei.com/rest/openapi/pvms/nbi/v1/device/history (truncated): {'failCode': 0, 'success': True, 'message': 'historical data information query successful.', 'data': [{'devDn': 'NE=52031810', 'collectTime': 1778000400000, 'dataItems': {'active_cap': 10059567.23, 'power_factor': -0.582, 'a_i': 0.3, 'c_i': 0.2, 'b_i': 0.2, 'reverse_reactive_valley': None, 'positive_reactive_peak': None, 'reverse_reactive_peak': None, 'reverse_active_peak': None, 'positive_active_peak': None, 'a_u': 11232.06, 'reactive_power': -5841.0, 'c_u': 11258.3, 'total_apparent_power': 7.1...
2026-05-07 17:59:19,113 - root - INFO - API Response type: <class 'dict'>
2026-05-07 17:59:19,113 - root - INFO - API Response keys: ['failCode', 'success', 'message', 'data']
2026-05-07 17:59:19,113 - root - INFO - API Response data is a list with 288 items
2026-05-07 17:59:19,114 - root - INFO - API Response has failCode: 0, message: historical data information query successful.
2026-05-07 17:59:19,114 - root - INFO - Using alternate response format: data as list
2026-05-07 17:59:19,114 - root - INFO - Received 288 data points from API
2026-05-07 17:59:19,114 - root - INFO - Sample data point structure: ['devDn', 'collectTime', 'dataItems']
2026-05-07 17:59:19,246 - root - INFO - Successfully upserted 288 data points.
2026-05-07 17:59:24,415 - root - INFO - Using single devDn for device/history (API: one device per query)
2026-05-07 17:59:24,417 - root - INFO - Fetching historical data for 1 devices of type meter
2026-05-07 17:59:24,417 - root - INFO - Making API request to: https://sg5.fusionsolar.huawei.com/rest/openapi/pvms/nbi/v1/device/history
2026-05-07 17:59:24,417 - root - INFO - Request payload: {'devDn': 'NE=51758775', 'devTypeId': 17, 'startTime': 1778000400000, 'endTime': 1778086799000}
2026-05-07 17:59:26,232 - root - INFO - Response status code: 200
2026-05-07 17:59:26,241 - root - INFO - API response from https://sg5.fusionsolar.huawei.com/rest/openapi/pvms/nbi/v1/device/history (truncated): {'failCode': 0, 'success': True, 'message': 'historical data information query successful.', 'data': [{'devDn': 'NE=51758775', 'collectTime': 1778000400000, 'dataItems': {'active_cap': 258.91, 'power_factor': 0.0, 'a_i': 0.0, 'c_i': 0.0, 'b_i': 0.0, 'reverse_reactive_valley': None, 'positive_reactive_peak': None, 'reverse_reactive_peak': None, 'reverse_active_peak': None, 'positive_active_peak': None, 'a_u': 0.0, 'reactive_power': 0.0, 'c_u': 0.0, 'total_apparent_power': 0.0, 'bc_u': 773.48, 'b_...
2026-05-07 17:59:26,243 - root - INFO - API Response type: <class 'dict'>
2026-05-07 17:59:26,243 - root - INFO - API Response keys: ['failCode', 'success', 'message', 'data']
2026-05-07 17:59:26,243 - root - INFO - API Response data is a list with 288 items
2026-05-07 17:59:26,243 - root - INFO - API Response has failCode: 0, message: historical data information query successful.
2026-05-07 17:59:26,243 - root - INFO - Using alternate response format: data as list
2026-05-07 17:59:26,244 - root - INFO - Received 288 data points from API
2026-05-07 17:59:26,244 - root - INFO - Sample data point structure: ['devDn', 'collectTime', 'dataItems']
2026-05-07 17:59:26,380 - root - INFO - Successfully upserted 288 data points.
2026-05-07 17:59:32,022 - root - INFO - Using single devDn for device/history (API: one device per query)
2026-05-07 17:59:32,024 - root - INFO - Fetching historical data for 1 devices of type meter
2026-05-07 17:59:32,024 - root - INFO - Making API request to: https://sg5.fusionsolar.huawei.com/rest/openapi/pvms/nbi/v1/device/history
2026-05-07 17:59:32,024 - root - INFO - Request payload: {'devDn': 'NE=51758776', 'devTypeId': 17, 'startTime': 1778000400000, 'endTime': 1778086799000}
2026-05-07 17:59:33,642 - root - INFO - Response status code: 200
2026-05-07 17:59:33,652 - root - INFO - API response from https://sg5.fusionsolar.huawei.com/rest/openapi/pvms/nbi/v1/device/history (truncated): {'failCode': 0, 'success': True, 'message': 'historical data information query successful.', 'data': [{'devDn': 'NE=51758776', 'collectTime': 1778000400000, 'dataItems': {'active_cap': 0.0, 'power_factor': -0.988, 'a_i': 3.3, 'c_i': 0.7, 'b_i': 0.2, 'reverse_reactive_valley': None, 'positive_reactive_peak': None, 'reverse_reactive_peak': None, 'reverse_active_peak': None, 'positive_active_peak': None, 'a_u': 221.47, 'reactive_power': -126.0, 'c_u': 223.0, 'total_apparent_power': 0.85, 'bc_u': 38...
2026-05-07 17:59:33,654 - root - INFO - API Response type: <class 'dict'>
2026-05-07 17:59:33,655 - root - INFO - API Response keys: ['failCode', 'success', 'message', 'data']
2026-05-07 17:59:33,655 - root - INFO - API Response data is a list with 288 items
2026-05-07 17:59:33,655 - root - INFO - API Response has failCode: 0, message: historical data information query successful.
2026-05-07 17:59:33,655 - root - INFO - Using alternate response format: data as list
2026-05-07 17:59:33,655 - root - INFO - Received 288 data points from API
2026-05-07 17:59:33,655 - root - INFO - Sample data point structure: ['devDn', 'collectTime', 'dataItems']
2026-05-07 17:59:33,772 - root - INFO - Successfully upserted 288 data points.
2026-05-07 17:59:38,389 - root - INFO - Using single devDn for device/history (API: one device per query)
2026-05-07 17:59:38,391 - root - INFO - Fetching historical data for 1 devices of type meter
2026-05-07 17:59:38,391 - root - INFO - Making API request to: https://sg5.fusionsolar.huawei.com/rest/openapi/pvms/nbi/v1/device/history
2026-05-07 17:59:38,391 - root - INFO - Request payload: {'devDn': 'NE=51758773', 'devTypeId': 17, 'startTime': 1778000400000, 'endTime': 1778086799000}
2026-05-07 17:59:39,855 - root - INFO - Response status code: 200
2026-05-07 17:59:39,865 - root - INFO - API response from https://sg5.fusionsolar.huawei.com/rest/openapi/pvms/nbi/v1/device/history (truncated): {'failCode': 0, 'success': True, 'message': 'historical data information query successful.', 'data': [{'devDn': 'NE=51758773', 'collectTime': 1778000400000, 'dataItems': {'active_cap': 17394.33, 'power_factor': 0.602, 'a_i': 0.1, 'c_i': 0.1, 'b_i': 0.1, 'reverse_reactive_valley': None, 'positive_reactive_peak': None, 'reverse_reactive_peak': None, 'reverse_active_peak': None, 'positive_active_peak': None, 'a_u': 11226.33, 'reactive_power': 2158.0, 'c_u': 11180.9, 'total_apparent_power': 2.704, '...
2026-05-07 17:59:39,867 - root - INFO - API Response type: <class 'dict'>
2026-05-07 17:59:39,867 - root - INFO - API Response keys: ['failCode', 'success', 'message', 'data']
2026-05-07 17:59:39,867 - root - INFO - API Response data is a list with 288 items
2026-05-07 17:59:39,868 - root - INFO - API Response has failCode: 0, message: historical data information query successful.
2026-05-07 17:59:39,868 - root - INFO - Using alternate response format: data as list
2026-05-07 17:59:39,868 - root - INFO - Received 288 data points from API
2026-05-07 17:59:39,868 - root - INFO - Sample data point structure: ['devDn', 'collectTime', 'dataItems']
2026-05-07 17:59:39,986 - root - INFO - Successfully upserted 288 data points.
2026-05-07 17:59:44,026 - root - INFO - Using single devDn for device/history (API: one device per query)
2026-05-07 17:59:44,027 - root - INFO - Fetching historical data for 1 devices of type meter
2026-05-07 17:59:44,027 - root - INFO - Making API request to: https://sg5.fusionsolar.huawei.com/rest/openapi/pvms/nbi/v1/device/history
2026-05-07 17:59:44,028 - root - INFO - Request payload: {'devDn': 'NE=51758774', 'devTypeId': 17, 'startTime': 1778000400000, 'endTime': 1778086799000}
2026-05-07 17:59:45,510 - root - INFO - Response status code: 200
2026-05-07 17:59:45,520 - root - INFO - API response from https://sg5.fusionsolar.huawei.com/rest/openapi/pvms/nbi/v1/device/history (truncated): {'failCode': 0, 'success': True, 'message': 'historical data information query successful.', 'data': [{'devDn': 'NE=51758774', 'collectTime': 1778000400000, 'dataItems': {'active_cap': 3497376.31, 'power_factor': -0.497, 'a_i': 0.1, 'c_i': 0.1, 'b_i': 0.1, 'reverse_reactive_valley': None, 'positive_reactive_peak': None, 'reverse_reactive_peak': None, 'reverse_active_peak': None, 'positive_active_peak': None, 'a_u': 11285.34, 'reactive_power': -2735.0, 'c_u': 11236.01, 'total_apparent_power': 3.1...
2026-05-07 17:59:45,523 - root - INFO - API Response type: <class 'dict'>
2026-05-07 17:59:45,523 - root - INFO - API Response keys: ['failCode', 'success', 'message', 'data']
2026-05-07 17:59:45,523 - root - INFO - API Response data is a list with 288 items
2026-05-07 17:59:45,523 - root - INFO - API Response has failCode: 0, message: historical data information query successful.
2026-05-07 17:59:45,523 - root - INFO - Using alternate response format: data as list
2026-05-07 17:59:45,523 - root - INFO - Received 288 data points from API
2026-05-07 17:59:45,523 - root - INFO - Sample data point structure: ['devDn', 'collectTime', 'dataItems']
2026-05-07 17:59:45,675 - root - INFO - Successfully upserted 288 data points.
2026-05-07 17:59:50,646 - root - INFO - Using single devDn for device/history (API: one device per query)
2026-05-07 17:59:50,649 - root - INFO - Fetching historical data for 1 devices of type meter
2026-05-07 17:59:50,649 - root - INFO - Making API request to: https://sg5.fusionsolar.huawei.com/rest/openapi/pvms/nbi/v1/device/history
2026-05-07 17:59:50,649 - root - INFO - Request payload: {'devDn': 'NE=59113616', 'devTypeId': 17, 'startTime': 1778000400000, 'endTime': 1778086799000}
2026-05-07 17:59:52,823 - root - INFO - Response status code: 200
2026-05-07 17:59:52,831 - root - INFO - API response from https://sg5.fusionsolar.huawei.com/rest/openapi/pvms/nbi/v1/device/history (truncated): {'failCode': 0, 'success': True, 'message': 'historical data information query successful.', 'data': [{'devDn': 'NE=59113616', 'collectTime': 1778000400000, 'dataItems': {'active_cap': None, 'power_factor': -0.91, 'a_i': 1.2, 'c_i': None, 'b_i': None, 'reverse_reactive_valley': None, 'positive_reactive_peak': None, 'reverse_reactive_peak': None, 'reverse_active_peak': None, 'positive_active_peak': None, 'a_u': 219.3, 'reactive_power': -87.0, 'c_u': None, 'total_apparent_power': 0.21, 'bc_u': Non...
2026-05-07 17:59:52,834 - root - INFO - API Response type: <class 'dict'>
2026-05-07 17:59:52,835 - root - INFO - API Response keys: ['failCode', 'success', 'message', 'data']
2026-05-07 17:59:52,835 - root - INFO - API Response data is a list with 288 items
2026-05-07 17:59:52,835 - root - INFO - API Response has failCode: 0, message: historical data information query successful.
2026-05-07 17:59:52,836 - root - INFO - Using alternate response format: data as list
2026-05-07 17:59:52,836 - root - INFO - Received 288 data points from API
2026-05-07 17:59:52,836 - root - INFO - Sample data point structure: ['devDn', 'collectTime', 'dataItems']
2026-05-07 17:59:52,988 - root - INFO - Successfully upserted 288 data points.
2026-05-07 17:59:58,012 - root - INFO - Using single devDn for device/history (API: one device per query)
2026-05-07 17:59:58,014 - root - INFO - Fetching historical data for 1 devices of type meter
2026-05-07 17:59:58,014 - root - INFO - Making API request to: https://sg5.fusionsolar.huawei.com/rest/openapi/pvms/nbi/v1/device/history
2026-05-07 17:59:58,014 - root - INFO - Request payload: {'devDn': 'NE=58847996', 'devTypeId': 17, 'startTime': 1778000400000, 'endTime': 1778086799000}
2026-05-07 17:59:59,463 - root - INFO - Response status code: 200
2026-05-07 17:59:59,474 - root - INFO - API response from https://sg5.fusionsolar.huawei.com/rest/openapi/pvms/nbi/v1/device/history (truncated): {'failCode': 0, 'success': True, 'message': 'historical data information query successful.', 'data': [{'devDn': 'NE=58847996', 'collectTime': 1778000400000, 'dataItems': {'active_cap': 9541.75, 'power_factor': 0.403, 'a_i': 0.1, 'c_i': 0.2, 'b_i': 0.1, 'reverse_reactive_valley': None, 'positive_reactive_peak': None, 'reverse_reactive_peak': None, 'reverse_active_peak': None, 'positive_active_peak': None, 'a_u': 11173.14, 'reactive_power': 3615.0, 'c_u': 11143.73, 'total_apparent_power': 3.95, 'b...
2026-05-07 17:59:59,476 - root - INFO - API Response type: <class 'dict'>
2026-05-07 17:59:59,476 - root - INFO - API Response keys: ['failCode', 'success', 'message', 'data']
2026-05-07 17:59:59,476 - root - INFO - API Response data is a list with 288 items
2026-05-07 17:59:59,476 - root - INFO - API Response has failCode: 0, message: historical data information query successful.
2026-05-07 17:59:59,477 - root - INFO - Using alternate response format: data as list
2026-05-07 17:59:59,477 - root - INFO - Received 288 data points from API
2026-05-07 17:59:59,477 - root - INFO - Sample data point structure: ['devDn', 'collectTime', 'dataItems']
2026-05-07 17:59:59,613 - root - INFO - Successfully upserted 288 data points.
2026-05-07 18:00:05,506 - root - INFO - Using single devDn for device/history (API: one device per query)
2026-05-07 18:00:05,508 - root - INFO - Fetching historical data for 1 devices of type meter
2026-05-07 18:00:05,508 - root - INFO - Making API request to: https://sg5.fusionsolar.huawei.com/rest/openapi/pvms/nbi/v1/device/history
2026-05-07 18:00:05,508 - root - INFO - Request payload: {'devDn': 'NE=58847458', 'devTypeId': 17, 'startTime': 1778000400000, 'endTime': 1778086799000}
2026-05-07 18:00:07,122 - root - INFO - Response status code: 200
2026-05-07 18:00:07,133 - root - INFO - API response from https://sg5.fusionsolar.huawei.com/rest/openapi/pvms/nbi/v1/device/history (truncated): {'failCode': 0, 'success': True, 'message': 'historical data information query successful.', 'data': [{'devDn': 'NE=58847458', 'collectTime': 1778000400000, 'dataItems': {'active_cap': 36790.73, 'power_factor': 0.345, 'a_i': 0.1, 'c_i': 0.2, 'b_i': 0.1, 'reverse_reactive_valley': None, 'positive_reactive_peak': None, 'reverse_reactive_peak': None, 'reverse_active_peak': None, 'positive_active_peak': None, 'a_u': 11168.09, 'reactive_power': 4205.0, 'c_u': 11138.67, 'total_apparent_power': 4.481, ...
2026-05-07 18:00:07,135 - root - INFO - API Response type: <class 'dict'>
2026-05-07 18:00:07,135 - root - INFO - API Response keys: ['failCode', 'success', 'message', 'data']
2026-05-07 18:00:07,135 - root - INFO - API Response data is a list with 288 items
2026-05-07 18:00:07,135 - root - INFO - API Response has failCode: 0, message: historical data information query successful.
2026-05-07 18:00:07,136 - root - INFO - Using alternate response format: data as list
2026-05-07 18:00:07,136 - root - INFO - Received 288 data points from API
2026-05-07 18:00:07,136 - root - INFO - Sample data point structure: ['devDn', 'collectTime', 'dataItems']
2026-05-07 18:00:07,273 - root - INFO - Successfully upserted 288 data points.
2026-05-07 18:00:11,445 - root - INFO - Using single devDn for device/history (API: one device per query)
2026-05-07 18:00:11,447 - root - INFO - Fetching historical data for 1 devices of type meter
2026-05-07 18:00:11,447 - root - INFO - Making API request to: https://sg5.fusionsolar.huawei.com/rest/openapi/pvms/nbi/v1/device/history
2026-05-07 18:00:11,447 - root - INFO - Request payload: {'devDn': 'NE=58847456', 'devTypeId': 17, 'startTime': 1778000400000, 'endTime': 1778086799000}
2026-05-07 18:00:12,893 - root - INFO - Response status code: 200
2026-05-07 18:00:12,902 - root - INFO - API response from https://sg5.fusionsolar.huawei.com/rest/openapi/pvms/nbi/v1/device/history (truncated): {'failCode': 0, 'success': True, 'message': 'historical data information query successful.', 'data': [{'devDn': 'NE=58847456', 'collectTime': 1778000400000, 'dataItems': {'active_cap': 60.93, 'power_factor': 0.0, 'a_i': 0.0, 'c_i': 0.0, 'b_i': 0.0, 'reverse_reactive_valley': None, 'positive_reactive_peak': None, 'reverse_reactive_peak': None, 'reverse_active_peak': None, 'positive_active_peak': None, 'a_u': 216.8, 'reactive_power': 0.0, 'c_u': 217.12, 'total_apparent_power': 0.0, 'bc_u': 376.46,...
2026-05-07 18:00:12,904 - root - INFO - API Response type: <class 'dict'>
2026-05-07 18:00:12,904 - root - INFO - API Response keys: ['failCode', 'success', 'message', 'data']
2026-05-07 18:00:12,904 - root - INFO - API Response data is a list with 249 items
2026-05-07 18:00:12,905 - root - INFO - API Response has failCode: 0, message: historical data information query successful.
2026-05-07 18:00:12,905 - root - INFO - Using alternate response format: data as list
2026-05-07 18:00:12,905 - root - INFO - Received 249 data points from API
2026-05-07 18:00:12,905 - root - INFO - Sample data point structure: ['devDn', 'collectTime', 'dataItems']
2026-05-07 18:00:13,013 - root - INFO - Successfully upserted 249 data points.
2026-05-07 18:00:18,410 - root - INFO - Using single devDn for device/history (API: one device per query)
2026-05-07 18:00:18,412 - root - INFO - Fetching historical data for 1 devices of type meter
2026-05-07 18:00:18,412 - root - INFO - Making API request to: https://sg5.fusionsolar.huawei.com/rest/openapi/pvms/nbi/v1/device/history
2026-05-07 18:00:18,412 - root - INFO - Request payload: {'devDn': 'NE=58630786', 'devTypeId': 17, 'startTime': 1778000400000, 'endTime': 1778086799000}
2026-05-07 18:00:19,917 - root - INFO - Response status code: 200
2026-05-07 18:00:19,927 - root - INFO - API response from https://sg5.fusionsolar.huawei.com/rest/openapi/pvms/nbi/v1/device/history (truncated): {'failCode': 0, 'success': True, 'message': 'historical data information query successful.', 'data': [{'devDn': 'NE=58630786', 'collectTime': 1778000400000, 'dataItems': {'active_cap': 89.97, 'power_factor': 0.0, 'a_i': 0.0, 'c_i': 0.0, 'b_i': 0.0, 'reverse_reactive_valley': None, 'positive_reactive_peak': None, 'reverse_reactive_peak': None, 'reverse_active_peak': None, 'positive_active_peak': None, 'a_u': 217.16, 'reactive_power': 0.0, 'c_u': 218.51, 'total_apparent_power': 0.0, 'bc_u': 378.98...
2026-05-07 18:00:19,929 - root - INFO - API Response type: <class 'dict'>
2026-05-07 18:00:19,930 - root - INFO - API Response keys: ['failCode', 'success', 'message', 'data']
2026-05-07 18:00:19,930 - root - INFO - API Response data is a list with 288 items
2026-05-07 18:00:19,930 - root - INFO - API Response has failCode: 0, message: historical data information query successful.
2026-05-07 18:00:19,930 - root - INFO - Using alternate response format: data as list
2026-05-07 18:00:19,930 - root - INFO - Received 288 data points from API
2026-05-07 18:00:19,930 - root - INFO - Sample data point structure: ['devDn', 'collectTime', 'dataItems']
2026-05-07 18:00:20,043 - root - INFO - Successfully upserted 288 data points.
2026-05-07 18:00:23,970 - root - INFO - Using single devDn for device/history (API: one device per query)
2026-05-07 18:00:23,972 - root - INFO - Fetching historical data for 1 devices of type meter
2026-05-07 18:00:23,972 - root - INFO - Making API request to: https://sg5.fusionsolar.huawei.com/rest/openapi/pvms/nbi/v1/device/history
2026-05-07 18:00:23,972 - root - INFO - Request payload: {'devDn': 'NE=58795824', 'devTypeId': 17, 'startTime': 1778000400000, 'endTime': 1778086799000}
2026-05-07 18:00:25,586 - root - INFO - Response status code: 200
2026-05-07 18:00:25,597 - root - INFO - API response from https://sg5.fusionsolar.huawei.com/rest/openapi/pvms/nbi/v1/device/history (truncated): {'failCode': 0, 'success': True, 'message': 'historical data information query successful.', 'data': [{'devDn': 'NE=58795824', 'collectTime': 1778000400000, 'dataItems': {'active_cap': 8938.77, 'power_factor': 0.561, 'a_i': 0.1, 'c_i': 0.1, 'b_i': 0.1, 'reverse_reactive_valley': None, 'positive_reactive_peak': None, 'reverse_reactive_peak': None, 'reverse_active_peak': None, 'positive_active_peak': None, 'a_u': 11284.64, 'reactive_power': 2221.0, 'c_u': 11217.25, 'total_apparent_power': 2.685, '...
2026-05-07 18:00:25,599 - root - INFO - API Response type: <class 'dict'>
2026-05-07 18:00:25,599 - root - INFO - API Response keys: ['failCode', 'success', 'message', 'data']
2026-05-07 18:00:25,599 - root - INFO - API Response data is a list with 288 items
2026-05-07 18:00:25,599 - root - INFO - API Response has failCode: 0, message: historical data information query successful.
2026-05-07 18:00:25,600 - root - INFO - Using alternate response format: data as list
2026-05-07 18:00:25,600 - root - INFO - Received 288 data points from API
2026-05-07 18:00:25,600 - root - INFO - Sample data point structure: ['devDn', 'collectTime', 'dataItems']
2026-05-07 18:00:25,727 - root - INFO - Successfully upserted 288 data points.
2026-05-07 18:00:30,243 - root - INFO - Using single devDn for device/history (API: one device per query)
2026-05-07 18:00:30,245 - root - INFO - Fetching historical data for 1 devices of type meter
2026-05-07 18:00:30,245 - root - INFO - Making API request to: https://sg5.fusionsolar.huawei.com/rest/openapi/pvms/nbi/v1/device/history
2026-05-07 18:00:30,245 - root - INFO - Request payload: {'devDn': 'NE=58795822', 'devTypeId': 17, 'startTime': 1778000400000, 'endTime': 1778086799000}
2026-05-07 18:00:31,997 - root - INFO - Response status code: 200
2026-05-07 18:00:32,007 - root - INFO - API response from https://sg5.fusionsolar.huawei.com/rest/openapi/pvms/nbi/v1/device/history (truncated): {'failCode': 0, 'success': True, 'message': 'historical data information query successful.', 'data': [{'devDn': 'NE=58795822', 'collectTime': 1778000400000, 'dataItems': {'active_cap': 69274.32, 'power_factor': 0.456, 'a_i': 0.1, 'c_i': 0.1, 'b_i': 0.1, 'reverse_reactive_valley': None, 'positive_reactive_peak': None, 'reverse_reactive_peak': None, 'reverse_active_peak': None, 'positive_active_peak': None, 'a_u': 11165.7, 'reactive_power': 2845.0, 'c_u': 11131.56, 'total_apparent_power': 3.197, '...
2026-05-07 18:00:32,009 - root - INFO - API Response type: <class 'dict'>
2026-05-07 18:00:32,010 - root - INFO - API Response keys: ['failCode', 'success', 'message', 'data']
2026-05-07 18:00:32,010 - root - INFO - API Response data is a list with 288 items
2026-05-07 18:00:32,010 - root - INFO - API Response has failCode: 0, message: historical data information query successful.
2026-05-07 18:00:32,010 - root - INFO - Using alternate response format: data as list
2026-05-07 18:00:32,010 - root - INFO - Received 288 data points from API
2026-05-07 18:00:32,010 - root - INFO - Sample data point structure: ['devDn', 'collectTime', 'dataItems']
2026-05-07 18:00:32,122 - root - INFO - Successfully upserted 288 data points.
2026-05-07 18:00:35,906 - root - INFO - Using single devDn for device/history (API: one device per query)
2026-05-07 18:00:35,907 - root - INFO - Fetching historical data for 1 devices of type meter
2026-05-07 18:00:35,908 - root - INFO - Making API request to: https://sg5.fusionsolar.huawei.com/rest/openapi/pvms/nbi/v1/device/history
2026-05-07 18:00:35,908 - root - INFO - Request payload: {'devDn': 'NE=59087192', 'devTypeId': 17, 'startTime': 1778000400000, 'endTime': 1778086799000}
2026-05-07 18:00:37,952 - root - INFO - Response status code: 200
2026-05-07 18:00:37,959 - root - INFO - API response from https://sg5.fusionsolar.huawei.com/rest/openapi/pvms/nbi/v1/device/history (truncated): {'failCode': 0, 'success': True, 'message': 'historical data information query successful.', 'data': [{'devDn': 'NE=59087192', 'collectTime': 1778000400000, 'dataItems': {'active_cap': None, 'power_factor': -0.922, 'a_i': 1.3, 'c_i': None, 'b_i': None, 'reverse_reactive_valley': None, 'positive_reactive_peak': None, 'reverse_reactive_peak': None, 'reverse_active_peak': None, 'positive_active_peak': None, 'a_u': 220.7, 'reactive_power': -89.0, 'c_u': None, 'total_apparent_power': 0.231, 'bc_u': N...
2026-05-07 18:00:37,962 - root - INFO - API Response type: <class 'dict'>
2026-05-07 18:00:37,963 - root - INFO - API Response keys: ['failCode', 'success', 'message', 'data']
2026-05-07 18:00:37,963 - root - INFO - API Response data is a list with 288 items
2026-05-07 18:00:37,963 - root - INFO - API Response has failCode: 0, message: historical data information query successful.
2026-05-07 18:00:37,964 - root - INFO - Using alternate response format: data as list
2026-05-07 18:00:37,964 - root - INFO - Received 288 data points from API
2026-05-07 18:00:37,964 - root - INFO - Sample data point structure: ['devDn', 'collectTime', 'dataItems']
2026-05-07 18:00:38,095 - root - INFO - Successfully upserted 288 data points.
2026-05-07 18:00:42,446 - root - INFO - Using single devDn for device/history (API: one device per query)
2026-05-07 18:00:42,448 - root - INFO - Fetching historical data for 1 devices of type meter
2026-05-07 18:00:42,448 - root - INFO - Making API request to: https://sg5.fusionsolar.huawei.com/rest/openapi/pvms/nbi/v1/device/history
2026-05-07 18:00:42,448 - root - INFO - Request payload: {'devDn': 'NE=54435799', 'devTypeId': 17, 'startTime': 1778000400000, 'endTime': 1778086799000}
2026-05-07 18:00:44,458 - root - INFO - Response status code: 200
2026-05-07 18:00:44,467 - root - INFO - API response from https://sg5.fusionsolar.huawei.com/rest/openapi/pvms/nbi/v1/device/history (truncated): {'failCode': 0, 'success': True, 'message': 'historical data information query successful.', 'data': [{'devDn': 'NE=54435799', 'collectTime': 1778000400000, 'dataItems': {'active_cap': 0.0, 'power_factor': -1.0, 'a_i': 0.6, 'c_i': None, 'b_i': None, 'reverse_reactive_valley': None, 'positive_reactive_peak': None, 'reverse_reactive_peak': None, 'reverse_active_peak': None, 'positive_active_peak': None, 'a_u': 232.5, 'reactive_power': -29.0, 'c_u': None, 'total_apparent_power': 0.112, 'bc_u': None...
2026-05-07 18:00:44,469 - root - INFO - API Response type: <class 'dict'>
2026-05-07 18:00:44,469 - root - INFO - API Response keys: ['failCode', 'success', 'message', 'data']
2026-05-07 18:00:44,469 - root - INFO - API Response data is a list with 288 items
2026-05-07 18:00:44,469 - root - INFO - API Response has failCode: 0, message: historical data information query successful.
2026-05-07 18:00:44,470 - root - INFO - Using alternate response format: data as list
2026-05-07 18:00:44,470 - root - INFO - Received 288 data points from API
2026-05-07 18:00:44,470 - root - INFO - Sample data point structure: ['devDn', 'collectTime', 'dataItems']
2026-05-07 18:00:44,599 - root - INFO - Successfully upserted 288 data points.
2026-05-07 18:00:51,283 - root - INFO - Using single devDn for device/history (API: one device per query)
2026-05-07 18:00:51,284 - root - INFO - Fetching historical data for 1 devices of type meter
2026-05-07 18:00:51,285 - root - INFO - Making API request to: https://sg5.fusionsolar.huawei.com/rest/openapi/pvms/nbi/v1/device/history
2026-05-07 18:00:51,285 - root - INFO - Request payload: {'devDn': 'NE=54435800', 'devTypeId': 17, 'startTime': 1778000400000, 'endTime': 1778086799000}
2026-05-07 18:00:52,716 - root - INFO - Response status code: 200
2026-05-07 18:00:52,727 - root - INFO - API response from https://sg5.fusionsolar.huawei.com/rest/openapi/pvms/nbi/v1/device/history (truncated): {'failCode': 0, 'success': True, 'message': 'historical data information query successful.', 'data': [{'devDn': 'NE=54435800', 'collectTime': 1778000400000, 'dataItems': {'active_cap': 68.41, 'power_factor': -0.002, 'a_i': 4.0, 'c_i': 4.0, 'b_i': 4.0, 'reverse_reactive_valley': None, 'positive_reactive_peak': None, 'reverse_reactive_peak': None, 'reverse_active_peak': None, 'positive_active_peak': None, 'a_u': 232.22, 'reactive_power': -2744.0, 'c_u': 231.88, 'total_apparent_power': 2.744, 'bc_u...
2026-05-07 18:00:52,729 - root - INFO - API Response type: <class 'dict'>
2026-05-07 18:00:52,729 - root - INFO - API Response keys: ['failCode', 'success', 'message', 'data']
2026-05-07 18:00:52,729 - root - INFO - API Response data is a list with 288 items
2026-05-07 18:00:52,729 - root - INFO - API Response has failCode: 0, message: historical data information query successful.
2026-05-07 18:00:52,729 - root - INFO - Using alternate response format: data as list
2026-05-07 18:00:52,729 - root - INFO - Received 288 data points from API
2026-05-07 18:00:52,730 - root - INFO - Sample data point structure: ['devDn', 'collectTime', 'dataItems']
2026-05-07 18:00:52,846 - root - INFO - Successfully upserted 288 data points.
2026-05-07 18:00:59,067 - root - INFO - Using single devDn for device/history (API: one device per query)
2026-05-07 18:00:59,068 - root - INFO - Fetching historical data for 1 devices of type meter
2026-05-07 18:00:59,069 - root - INFO - Making API request to: https://sg5.fusionsolar.huawei.com/rest/openapi/pvms/nbi/v1/device/history
2026-05-07 18:00:59,069 - root - INFO - Request payload: {'devDn': 'NE=54435801', 'devTypeId': 17, 'startTime': 1778000400000, 'endTime': 1778086799000}
2026-05-07 18:01:00,633 - root - INFO - Response status code: 200
2026-05-07 18:01:00,642 - root - INFO - API response from https://sg5.fusionsolar.huawei.com/rest/openapi/pvms/nbi/v1/device/history (truncated): {'failCode': 0, 'success': True, 'message': 'historical data information query successful.', 'data': [{'devDn': 'NE=54435801', 'collectTime': 1778000400000, 'dataItems': {'active_cap': 33.08, 'power_factor': 0.0, 'a_i': 4.0, 'c_i': 4.1, 'b_i': 4.0, 'reverse_reactive_valley': None, 'positive_reactive_peak': None, 'reverse_reactive_peak': None, 'reverse_active_peak': None, 'positive_active_peak': None, 'a_u': 232.59, 'reactive_power': -2822.0, 'c_u': 232.23, 'total_apparent_power': 2.822, 'bc_u': ...
2026-05-07 18:01:00,644 - root - INFO - API Response type: <class 'dict'>
2026-05-07 18:01:00,645 - root - INFO - API Response keys: ['failCode', 'success', 'message', 'data']
2026-05-07 18:01:00,645 - root - INFO - API Response data is a list with 288 items
2026-05-07 18:01:00,645 - root - INFO - API Response has failCode: 0, message: historical data information query successful.
2026-05-07 18:01:00,645 - root - INFO - Using alternate response format: data as list
2026-05-07 18:01:00,645 - root - INFO - Received 288 data points from API
2026-05-07 18:01:00,645 - root - INFO - Sample data point structure: ['devDn', 'collectTime', 'dataItems']
2026-05-07 18:01:00,785 - root - INFO - Successfully upserted 288 data points.
2026-05-07 18:01:05,879 - root - INFO - Using single devDn for device/history (API: one device per query)
2026-05-07 18:01:05,880 - root - INFO - Fetching historical data for 1 devices of type meter
2026-05-07 18:01:05,880 - root - INFO - Making API request to: https://sg5.fusionsolar.huawei.com/rest/openapi/pvms/nbi/v1/device/history
2026-05-07 18:01:05,880 - root - INFO - Request payload: {'devDn': 'NE=62806365', 'devTypeId': 17, 'startTime': 1778000400000, 'endTime': 1778086799000}
2026-05-07 18:01:07,611 - root - INFO - Response status code: 200
2026-05-07 18:01:07,618 - root - INFO - API response from https://sg5.fusionsolar.huawei.com/rest/openapi/pvms/nbi/v1/device/history (truncated): {'failCode': 0, 'success': True, 'message': 'historical data information query successful.', 'data': [{'devDn': 'NE=62806365', 'collectTime': 1778000400000, 'dataItems': {'active_cap': None, 'power_factor': 0.0, 'a_i': 1.2, 'c_i': 0.0, 'b_i': 0.0, 'reverse_reactive_valley': None, 'positive_reactive_peak': None, 'reverse_reactive_peak': None, 'reverse_active_peak': None, 'positive_active_peak': None, 'a_u': 219.6, 'reactive_power': -19.0, 'c_u': 0.0, 'total_apparent_power': 0.184, 'bc_u': 0.0, 'b...
2026-05-07 18:01:07,620 - root - INFO - API Response type: <class 'dict'>
2026-05-07 18:01:07,621 - root - INFO - API Response keys: ['failCode', 'success', 'message', 'data']
2026-05-07 18:01:07,622 - root - INFO - API Response data is a list with 288 items
2026-05-07 18:01:07,622 - root - INFO - API Response has failCode: 0, message: historical data information query successful.
2026-05-07 18:01:07,622 - root - INFO - Using alternate response format: data as list
2026-05-07 18:01:07,623 - root - INFO - Received 288 data points from API
2026-05-07 18:01:07,623 - root - INFO - Sample data point structure: ['devDn', 'collectTime', 'dataItems']
2026-05-07 18:01:07,743 - root - INFO - Successfully upserted 288 data points.
2026-05-07 18:01:13,786 - root - INFO - Using single devDn for device/history (API: one device per query)
2026-05-07 18:01:13,787 - root - INFO - Fetching historical data for 1 devices of type meter
2026-05-07 18:01:13,787 - root - INFO - Making API request to: https://sg5.fusionsolar.huawei.com/rest/openapi/pvms/nbi/v1/device/history
2026-05-07 18:01:13,787 - root - INFO - Request payload: {'devDn': 'NE=62806366', 'devTypeId': 17, 'startTime': 1778000400000, 'endTime': 1778086799000}
2026-05-07 18:01:15,498 - root - INFO - Response status code: 200
2026-05-07 18:01:15,507 - root - INFO - API response from https://sg5.fusionsolar.huawei.com/rest/openapi/pvms/nbi/v1/device/history (truncated): {'failCode': 0, 'success': True, 'message': 'historical data information query successful.', 'data': [{'devDn': 'NE=62806366', 'collectTime': 1778000400000, 'dataItems': {'active_cap': 1.23, 'power_factor': 0.0, 'a_i': 0.0, 'c_i': 0.0, 'b_i': 0.0, 'reverse_reactive_valley': None, 'positive_reactive_peak': None, 'reverse_reactive_peak': None, 'reverse_active_peak': None, 'positive_active_peak': None, 'a_u': 0.0, 'reactive_power': 0.0, 'c_u': 0.0, 'total_apparent_power': 0.0, 'bc_u': 21157.02, 'b_...
2026-05-07 18:01:15,510 - root - INFO - API Response type: <class 'dict'>
2026-05-07 18:01:15,510 - root - INFO - API Response keys: ['failCode', 'success', 'message', 'data']
2026-05-07 18:01:15,510 - root - INFO - API Response data is a list with 288 items
2026-05-07 18:01:15,510 - root - INFO - API Response has failCode: 0, message: historical data information query successful.
2026-05-07 18:01:15,510 - root - INFO - Using alternate response format: data as list
2026-05-07 18:01:15,510 - root - INFO - Received 288 data points from API
2026-05-07 18:01:15,511 - root - INFO - Sample data point structure: ['devDn', 'collectTime', 'dataItems']
2026-05-07 18:01:15,651 - root - INFO - Successfully upserted 288 data points.
2026-05-07 18:01:19,640 - root - INFO - Using single devDn for device/history (API: one device per query)
2026-05-07 18:01:19,641 - root - INFO - Fetching historical data for 1 devices of type meter
2026-05-07 18:01:19,642 - root - INFO - Making API request to: https://sg5.fusionsolar.huawei.com/rest/openapi/pvms/nbi/v1/device/history
2026-05-07 18:01:19,642 - root - INFO - Request payload: {'devDn': 'NE=62806363', 'devTypeId': 17, 'startTime': 1778000400000, 'endTime': 1778086799000}
2026-05-07 18:01:21,134 - root - INFO - Response status code: 200
2026-05-07 18:01:21,144 - root - INFO - API response from https://sg5.fusionsolar.huawei.com/rest/openapi/pvms/nbi/v1/device/history (truncated): {'failCode': 0, 'success': True, 'message': 'historical data information query successful.', 'data': [{'devDn': 'NE=62806363', 'collectTime': 1778000400000, 'dataItems': {'active_cap': 1117.13, 'power_factor': -0.027, 'a_i': 12.8, 'c_i': 13.9, 'b_i': 13.3, 'reverse_reactive_valley': None, 'positive_reactive_peak': None, 'reverse_reactive_peak': None, 'reverse_active_peak': None, 'positive_active_peak': None, 'a_u': 228.57, 'reactive_power': -8851.0, 'c_u': 230.09, 'total_apparent_power': 8.854, ...
2026-05-07 18:01:21,146 - root - INFO - API Response type: <class 'dict'>
2026-05-07 18:01:21,146 - root - INFO - API Response keys: ['failCode', 'success', 'message', 'data']
2026-05-07 18:01:21,146 - root - INFO - API Response data is a list with 288 items
2026-05-07 18:01:21,146 - root - INFO - API Response has failCode: 0, message: historical data information query successful.
2026-05-07 18:01:21,147 - root - INFO - Using alternate response format: data as list
2026-05-07 18:01:21,147 - root - INFO - Received 288 data points from API
2026-05-07 18:01:21,147 - root - INFO - Sample data point structure: ['devDn', 'collectTime', 'dataItems']
2026-05-07 18:01:21,275 - root - INFO - Successfully upserted 288 data points.
2026-05-07 18:01:26,259 - root - INFO - Using single devDn for device/history (API: one device per query)
2026-05-07 18:01:26,261 - root - INFO - Fetching historical data for 1 devices of type meter
2026-05-07 18:01:26,261 - root - INFO - Making API request to: https://sg5.fusionsolar.huawei.com/rest/openapi/pvms/nbi/v1/device/history
2026-05-07 18:01:26,261 - root - INFO - Request payload: {'devDn': 'NE=62806364', 'devTypeId': 17, 'startTime': 1778000400000, 'endTime': 1778086799000}
2026-05-07 18:01:27,817 - root - INFO - Response status code: 200
2026-05-07 18:01:27,827 - root - INFO - API response from https://sg5.fusionsolar.huawei.com/rest/openapi/pvms/nbi/v1/device/history (truncated): {'failCode': 0, 'success': True, 'message': 'historical data information query successful.', 'data': [{'devDn': 'NE=62806364', 'collectTime': 1778000400000, 'dataItems': {'active_cap': 434.72, 'power_factor': 0.0, 'a_i': 15.2, 'c_i': 14.8, 'b_i': 13.4, 'reverse_reactive_valley': None, 'positive_reactive_peak': None, 'reverse_reactive_peak': None, 'reverse_active_peak': None, 'positive_active_peak': None, 'a_u': 228.42, 'reactive_power': -9935.0, 'c_u': 229.64, 'total_apparent_power': 9.935, 'bc_...
2026-05-07 18:01:27,829 - root - INFO - API Response type: <class 'dict'>
2026-05-07 18:01:27,829 - root - INFO - API Response keys: ['failCode', 'success', 'message', 'data']
2026-05-07 18:01:27,830 - root - INFO - API Response data is a list with 288 items
2026-05-07 18:01:27,830 - root - INFO - API Response has failCode: 0, message: historical data information query successful.
2026-05-07 18:01:27,830 - root - INFO - Using alternate response format: data as list
2026-05-07 18:01:27,830 - root - INFO - Received 288 data points from API
2026-05-07 18:01:27,830 - root - INFO - Sample data point structure: ['devDn', 'collectTime', 'dataItems']
2026-05-07 18:01:27,963 - root - INFO - Successfully upserted 288 data points.
2026-05-07 18:01:31,533 - root - INFO - Using single devDn for device/history (API: one device per query)
2026-05-07 18:01:31,535 - root - INFO - Fetching historical data for 1 devices of type meter
2026-05-07 18:01:31,535 - root - INFO - Making API request to: https://sg5.fusionsolar.huawei.com/rest/openapi/pvms/nbi/v1/device/history
2026-05-07 18:01:31,535 - root - INFO - Request payload: {'devDn': 'NE=54436515', 'devTypeId': 17, 'startTime': 1778000400000, 'endTime': 1778086799000}
2026-05-07 18:01:34,095 - root - INFO - Response status code: 200
2026-05-07 18:01:34,103 - root - INFO - API response from https://sg5.fusionsolar.huawei.com/rest/openapi/pvms/nbi/v1/device/history (truncated): {'failCode': 0, 'success': True, 'message': 'historical data information query successful.', 'data': [{'devDn': 'NE=54436515', 'collectTime': 1778000400000, 'dataItems': {'active_cap': 0.0, 'power_factor': -0.948, 'a_i': 0.4, 'c_i': None, 'b_i': None, 'reverse_reactive_valley': None, 'positive_reactive_peak': None, 'reverse_reactive_peak': None, 'reverse_active_peak': None, 'positive_active_peak': None, 'a_u': 234.5, 'reactive_power': -28.0, 'c_u': None, 'total_apparent_power': 0.088, 'bc_u': No...
2026-05-07 18:01:34,106 - root - INFO - API Response type: <class 'dict'>
2026-05-07 18:01:34,106 - root - INFO - API Response keys: ['failCode', 'success', 'message', 'data']
2026-05-07 18:01:34,106 - root - INFO - API Response data is a list with 288 items
2026-05-07 18:01:34,106 - root - INFO - API Response has failCode: 0, message: historical data information query successful.
2026-05-07 18:01:34,106 - root - INFO - Using alternate response format: data as list
2026-05-07 18:01:34,106 - root - INFO - Received 288 data points from API
2026-05-07 18:01:34,107 - root - INFO - Sample data point structure: ['devDn', 'collectTime', 'dataItems']
2026-05-07 18:01:34,247 - root - INFO - Successfully upserted 288 data points.
2026-05-07 18:01:38,905 - root - INFO - Using single devDn for device/history (API: one device per query)
2026-05-07 18:01:38,906 - root - INFO - Fetching historical data for 1 devices of type meter
2026-05-07 18:01:38,906 - root - INFO - Making API request to: https://sg5.fusionsolar.huawei.com/rest/openapi/pvms/nbi/v1/device/history
2026-05-07 18:01:38,906 - root - INFO - Request payload: {'devDn': 'NE=54436516', 'devTypeId': 17, 'startTime': 1778000400000, 'endTime': 1778086799000}
2026-05-07 18:01:40,629 - root - INFO - Response status code: 200
2026-05-07 18:01:40,638 - root - INFO - API response from https://sg5.fusionsolar.huawei.com/rest/openapi/pvms/nbi/v1/device/history (truncated): {'failCode': 0, 'success': True, 'message': 'historical data information query successful.', 'data': [{'devDn': 'NE=54436516', 'collectTime': 1778000400000, 'dataItems': {'active_cap': 316.86, 'power_factor': -0.01, 'a_i': 7.3, 'c_i': 7.3, 'b_i': 7.2, 'reverse_reactive_valley': None, 'positive_reactive_peak': None, 'reverse_reactive_peak': None, 'reverse_active_peak': None, 'positive_active_peak': None, 'a_u': 234.45, 'reactive_power': -5063.0, 'c_u': 236.27, 'total_apparent_power': 5.064, 'bc_u...
2026-05-07 18:01:40,641 - root - INFO - API Response type: <class 'dict'>
2026-05-07 18:01:40,641 - root - INFO - API Response keys: ['failCode', 'success', 'message', 'data']
2026-05-07 18:01:40,641 - root - INFO - API Response data is a list with 288 items
2026-05-07 18:01:40,641 - root - INFO - API Response has failCode: 0, message: historical data information query successful.
2026-05-07 18:01:40,641 - root - INFO - Using alternate response format: data as list
2026-05-07 18:01:40,641 - root - INFO - Received 288 data points from API
2026-05-07 18:01:40,642 - root - INFO - Sample data point structure: ['devDn', 'collectTime', 'dataItems']
2026-05-07 18:01:40,756 - root - INFO - Successfully upserted 288 data points.
2026-05-07 18:01:45,603 - root - INFO - Using single devDn for device/history (API: one device per query)
2026-05-07 18:01:45,604 - root - INFO - Fetching historical data for 1 devices of type meter
2026-05-07 18:01:45,604 - root - INFO - Making API request to: https://sg5.fusionsolar.huawei.com/rest/openapi/pvms/nbi/v1/device/history
2026-05-07 18:01:45,604 - root - INFO - Request payload: {'devDn': 'NE=54436517', 'devTypeId': 17, 'startTime': 1778000400000, 'endTime': 1778086799000}
2026-05-07 18:01:47,028 - root - INFO - Response status code: 200
2026-05-07 18:01:47,038 - root - INFO - API response from https://sg5.fusionsolar.huawei.com/rest/openapi/pvms/nbi/v1/device/history (truncated): {'failCode': 0, 'success': True, 'message': 'historical data information query successful.', 'data': [{'devDn': 'NE=54436517', 'collectTime': 1778000400000, 'dataItems': {'active_cap': 315.81, 'power_factor': -0.011, 'a_i': 7.3, 'c_i': 7.4, 'b_i': 7.3, 'reverse_reactive_valley': None, 'positive_reactive_peak': None, 'reverse_reactive_peak': None, 'reverse_active_peak': None, 'positive_active_peak': None, 'a_u': 234.34, 'reactive_power': -5170.0, 'c_u': 236.07, 'total_apparent_power': 5.17, 'bc_u...
2026-05-07 18:01:47,040 - root - INFO - API Response type: <class 'dict'>
2026-05-07 18:01:47,040 - root - INFO - API Response keys: ['failCode', 'success', 'message', 'data']
2026-05-07 18:01:47,040 - root - INFO - API Response data is a list with 288 items
2026-05-07 18:01:47,040 - root - INFO - API Response has failCode: 0, message: historical data information query successful.
2026-05-07 18:01:47,041 - root - INFO - Using alternate response format: data as list
2026-05-07 18:01:47,041 - root - INFO - Received 288 data points from API
2026-05-07 18:01:47,041 - root - INFO - Sample data point structure: ['devDn', 'collectTime', 'dataItems']
2026-05-07 18:01:47,164 - root - INFO - Successfully upserted 288 data points.
2026-05-07 18:01:51,488 - root - INFO - Using single devDn for device/history (API: one device per query)
2026-05-07 18:01:51,490 - root - INFO - Fetching historical data for 1 devices of type meter
2026-05-07 18:01:51,490 - root - INFO - Making API request to: https://sg5.fusionsolar.huawei.com/rest/openapi/pvms/nbi/v1/device/history
2026-05-07 18:01:51,490 - root - INFO - Request payload: {'devDn': 'NE=53771652', 'devTypeId': 17, 'startTime': 1778000400000, 'endTime': 1778086799000}
2026-05-07 18:01:53,204 - root - INFO - Response status code: 200
2026-05-07 18:01:53,214 - root - INFO - API response from https://sg5.fusionsolar.huawei.com/rest/openapi/pvms/nbi/v1/device/history (truncated): {'failCode': 0, 'success': True, 'message': 'historical data information query successful.', 'data': [{'devDn': 'NE=53771652', 'collectTime': 1778000400000, 'dataItems': {'active_cap': 230.96, 'power_factor': -0.007, 'a_i': 8.1, 'c_i': 8.2, 'b_i': 7.8, 'reverse_reactive_valley': None, 'positive_reactive_peak': None, 'reverse_reactive_peak': None, 'reverse_active_peak': None, 'positive_active_peak': None, 'a_u': 237.89, 'reactive_power': -5628.0, 'c_u': 236.88, 'total_apparent_power': 5.628, 'bc_...
2026-05-07 18:01:53,216 - root - INFO - API Response type: <class 'dict'>
2026-05-07 18:01:53,216 - root - INFO - API Response keys: ['failCode', 'success', 'message', 'data']
2026-05-07 18:01:53,216 - root - INFO - API Response data is a list with 288 items
2026-05-07 18:01:53,216 - root - INFO - API Response has failCode: 0, message: historical data information query successful.
2026-05-07 18:01:53,216 - root - INFO - Using alternate response format: data as list
2026-05-07 18:01:53,217 - root - INFO - Received 288 data points from API
2026-05-07 18:01:53,217 - root - INFO - Sample data point structure: ['devDn', 'collectTime', 'dataItems']
2026-05-07 18:01:53,334 - root - INFO - Successfully upserted 288 data points.
2026-05-07 18:01:59,511 - root - INFO - Using single devDn for device/history (API: one device per query)
2026-05-07 18:01:59,512 - root - INFO - Fetching historical data for 1 devices of type meter
2026-05-07 18:01:59,512 - root - INFO - Making API request to: https://sg5.fusionsolar.huawei.com/rest/openapi/pvms/nbi/v1/device/history
2026-05-07 18:01:59,512 - root - INFO - Request payload: {'devDn': 'NE=53771655', 'devTypeId': 17, 'startTime': 1778000400000, 'endTime': 1778086799000}
2026-05-07 18:02:01,049 - root - INFO - Response status code: 200
2026-05-07 18:02:01,059 - root - INFO - API response from https://sg5.fusionsolar.huawei.com/rest/openapi/pvms/nbi/v1/device/history (truncated): {'failCode': 0, 'success': True, 'message': 'historical data information query successful.', 'data': [{'devDn': 'NE=53771655', 'collectTime': 1778000400000, 'dataItems': {'active_cap': 11017.37, 'power_factor': -0.786, 'a_i': 0.2, 'c_i': 0.2, 'b_i': 0.1, 'reverse_reactive_valley': None, 'positive_reactive_peak': None, 'reverse_reactive_peak': None, 'reverse_active_peak': None, 'positive_active_peak': None, 'a_u': 11956.1, 'reactive_power': -1440.0, 'c_u': 11820.88, 'total_apparent_power': 2.331,...
2026-05-07 18:02:01,061 - root - INFO - API Response type: <class 'dict'>
2026-05-07 18:02:01,061 - root - INFO - API Response keys: ['failCode', 'success', 'message', 'data']
2026-05-07 18:02:01,061 - root - INFO - API Response data is a list with 288 items
2026-05-07 18:02:01,061 - root - INFO - API Response has failCode: 0, message: historical data information query successful.
2026-05-07 18:02:01,061 - root - INFO - Using alternate response format: data as list
2026-05-07 18:02:01,061 - root - INFO - Received 288 data points from API
2026-05-07 18:02:01,062 - root - INFO - Sample data point structure: ['devDn', 'collectTime', 'dataItems']
2026-05-07 18:02:01,204 - root - INFO - Successfully upserted 288 data points.
2026-05-07 18:02:07,918 - root - INFO - Using single devDn for device/history (API: one device per query)
2026-05-07 18:02:07,919 - root - INFO - Fetching historical data for 1 devices of type meter
2026-05-07 18:02:07,919 - root - INFO - Making API request to: https://sg5.fusionsolar.huawei.com/rest/openapi/pvms/nbi/v1/device/history
2026-05-07 18:02:07,919 - root - INFO - Request payload: {'devDn': 'NE=53771654', 'devTypeId': 17, 'startTime': 1778000400000, 'endTime': 1778086799000}
2026-05-07 18:02:09,467 - root - INFO - Response status code: 200
2026-05-07 18:02:09,478 - root - INFO - API response from https://sg5.fusionsolar.huawei.com/rest/openapi/pvms/nbi/v1/device/history (truncated): {'failCode': 0, 'success': True, 'message': 'historical data information query successful.', 'data': [{'devDn': 'NE=53771654', 'collectTime': 1778000400000, 'dataItems': {'active_cap': 11334.38, 'power_factor': -0.841, 'a_i': 0.2, 'c_i': 0.2, 'b_i': 0.1, 'reverse_reactive_valley': None, 'positive_reactive_peak': None, 'reverse_reactive_peak': None, 'reverse_active_peak': None, 'positive_active_peak': None, 'a_u': 11980.03, 'reactive_power': -1197.0, 'c_u': 11831.27, 'total_apparent_power': 2.214...
2026-05-07 18:02:09,480 - root - INFO - API Response type: <class 'dict'>
2026-05-07 18:02:09,480 - root - INFO - API Response keys: ['failCode', 'success', 'message', 'data']
2026-05-07 18:02:09,480 - root - INFO - API Response data is a list with 288 items
2026-05-07 18:02:09,480 - root - INFO - API Response has failCode: 0, message: historical data information query successful.
2026-05-07 18:02:09,481 - root - INFO - Using alternate response format: data as list
2026-05-07 18:02:09,481 - root - INFO - Received 288 data points from API
2026-05-07 18:02:09,481 - root - INFO - Sample data point structure: ['devDn', 'collectTime', 'dataItems']
2026-05-07 18:02:09,610 - root - INFO - Successfully upserted 288 data points.
2026-05-07 18:02:13,920 - root - INFO - Using single devDn for device/history (API: one device per query)
2026-05-07 18:02:13,921 - root - INFO - Fetching historical data for 1 devices of type meter
2026-05-07 18:02:13,922 - root - INFO - Making API request to: https://sg5.fusionsolar.huawei.com/rest/openapi/pvms/nbi/v1/device/history
2026-05-07 18:02:13,922 - root - INFO - Request payload: {'devDn': 'NE=53771653', 'devTypeId': 17, 'startTime': 1778000400000, 'endTime': 1778086799000}
2026-05-07 18:02:15,424 - root - INFO - Response status code: 200
2026-05-07 18:02:15,434 - root - INFO - API response from https://sg5.fusionsolar.huawei.com/rest/openapi/pvms/nbi/v1/device/history (truncated): {'failCode': 0, 'success': True, 'message': 'historical data information query successful.', 'data': [{'devDn': 'NE=53771653', 'collectTime': 1778000400000, 'dataItems': {'active_cap': 240.17, 'power_factor': -0.007, 'a_i': 8.3, 'c_i': 8.3, 'b_i': 8.3, 'reverse_reactive_valley': None, 'positive_reactive_peak': None, 'reverse_reactive_peak': None, 'reverse_active_peak': None, 'positive_active_peak': None, 'a_u': 238.37, 'reactive_power': -5895.0, 'c_u': 237.36, 'total_apparent_power': 5.895, 'bc_...
2026-05-07 18:02:15,436 - root - INFO - API Response type: <class 'dict'>
2026-05-07 18:02:15,436 - root - INFO - API Response keys: ['failCode', 'success', 'message', 'data']
2026-05-07 18:02:15,436 - root - INFO - API Response data is a list with 288 items
2026-05-07 18:02:15,436 - root - INFO - API Response has failCode: 0, message: historical data information query successful.
2026-05-07 18:02:15,437 - root - INFO - Using alternate response format: data as list
2026-05-07 18:02:15,437 - root - INFO - Received 288 data points from API
2026-05-07 18:02:15,437 - root - INFO - Sample data point structure: ['devDn', 'collectTime', 'dataItems']
2026-05-07 18:02:15,549 - root - INFO - Successfully upserted 288 data points.
2026-05-07 18:02:19,571 - root - INFO - Using single devDn for device/history (API: one device per query)
2026-05-07 18:02:19,573 - root - INFO - Fetching historical data for 1 devices of type meter
2026-05-07 18:02:19,573 - root - INFO - Making API request to: https://sg5.fusionsolar.huawei.com/rest/openapi/pvms/nbi/v1/device/history
2026-05-07 18:02:19,573 - root - INFO - Request payload: {'devDn': 'NE=62807018', 'devTypeId': 17, 'startTime': 1778000400000, 'endTime': 1778086799000}
2026-05-07 18:02:21,697 - root - INFO - Response status code: 200
2026-05-07 18:02:21,704 - root - INFO - API response from https://sg5.fusionsolar.huawei.com/rest/openapi/pvms/nbi/v1/device/history (truncated): {'failCode': 0, 'success': True, 'message': 'historical data information query successful.', 'data': [{'devDn': 'NE=62807018', 'collectTime': 1778000400000, 'dataItems': {'active_cap': None, 'power_factor': -1.0, 'a_i': 0.6, 'c_i': None, 'b_i': None, 'reverse_reactive_valley': None, 'positive_reactive_peak': None, 'reverse_reactive_peak': None, 'reverse_active_peak': None, 'positive_active_peak': None, 'a_u': 233.6, 'reactive_power': 0.0, 'c_u': None, 'total_apparent_power': 0.126, 'bc_u': None,...
2026-05-07 18:02:21,706 - root - INFO - API Response type: <class 'dict'>
2026-05-07 18:02:21,706 - root - INFO - API Response keys: ['failCode', 'success', 'message', 'data']
2026-05-07 18:02:21,706 - root - INFO - API Response data is a list with 288 items
2026-05-07 18:02:21,706 - root - INFO - API Response has failCode: 0, message: historical data information query successful.
2026-05-07 18:02:21,707 - root - INFO - Using alternate response format: data as list
2026-05-07 18:02:21,709 - root - INFO - Received 288 data points from API
2026-05-07 18:02:21,709 - root - INFO - Sample data point structure: ['devDn', 'collectTime', 'dataItems']
2026-05-07 18:02:21,838 - root - INFO - Successfully upserted 288 data points.
2026-05-07 18:02:26,976 - root - INFO - Using single devDn for device/history (API: one device per query)
2026-05-07 18:02:26,977 - root - INFO - Fetching historical data for 1 devices of type meter
2026-05-07 18:02:26,977 - root - INFO - Making API request to: https://sg5.fusionsolar.huawei.com/rest/openapi/pvms/nbi/v1/device/history
2026-05-07 18:02:26,978 - root - INFO - Request payload: {'devDn': 'NE=62807016', 'devTypeId': 17, 'startTime': 1778000400000, 'endTime': 1778086799000}
2026-05-07 18:02:29,293 - root - INFO - Response status code: 200
2026-05-07 18:02:29,303 - root - INFO - API response from https://sg5.fusionsolar.huawei.com/rest/openapi/pvms/nbi/v1/device/history (truncated): {'failCode': 0, 'success': True, 'message': 'historical data information query successful.', 'data': [{'devDn': 'NE=62807016', 'collectTime': 1778000400000, 'dataItems': {'active_cap': 124.53, 'power_factor': -0.011, 'a_i': 3.3, 'c_i': 3.4, 'b_i': 3.3, 'reverse_reactive_valley': None, 'positive_reactive_peak': None, 'reverse_reactive_peak': None, 'reverse_active_peak': None, 'positive_active_peak': None, 'a_u': 233.41, 'reactive_power': -2229.0, 'c_u': 233.16, 'total_apparent_power': 2.229, 'bc_...
2026-05-07 18:02:29,306 - root - INFO - API Response type: <class 'dict'>
2026-05-07 18:02:29,306 - root - INFO - API Response keys: ['failCode', 'success', 'message', 'data']
2026-05-07 18:02:29,306 - root - INFO - API Response data is a list with 288 items
2026-05-07 18:02:29,306 - root - INFO - API Response has failCode: 0, message: historical data information query successful.
2026-05-07 18:02:29,306 - root - INFO - Using alternate response format: data as list
2026-05-07 18:02:29,306 - root - INFO - Received 288 data points from API
2026-05-07 18:02:29,306 - root - INFO - Sample data point structure: ['devDn', 'collectTime', 'dataItems']
2026-05-07 18:02:29,424 - root - INFO - Successfully upserted 288 data points.
2026-05-07 18:02:32,934 - root - INFO - Using single devDn for device/history (API: one device per query)
2026-05-07 18:02:32,935 - root - INFO - Fetching historical data for 1 devices of type meter
2026-05-07 18:02:32,935 - root - INFO - Making API request to: https://sg5.fusionsolar.huawei.com/rest/openapi/pvms/nbi/v1/device/history
2026-05-07 18:02:32,935 - root - INFO - Request payload: {'devDn': 'NE=62807017', 'devTypeId': 17, 'startTime': 1778000400000, 'endTime': 1778086799000}
2026-05-07 18:02:34,711 - root - INFO - Response status code: 200
2026-05-07 18:02:34,721 - root - INFO - API response from https://sg5.fusionsolar.huawei.com/rest/openapi/pvms/nbi/v1/device/history (truncated): {'failCode': 0, 'success': True, 'message': 'historical data information query successful.', 'data': [{'devDn': 'NE=62807017', 'collectTime': 1778000400000, 'dataItems': {'active_cap': 110.22, 'power_factor': -0.016, 'a_i': 3.7, 'c_i': 3.5, 'b_i': 3.7, 'reverse_reactive_valley': None, 'positive_reactive_peak': None, 'reverse_reactive_peak': None, 'reverse_active_peak': None, 'positive_active_peak': None, 'a_u': 233.41, 'reactive_power': -2544.0, 'c_u': 232.99, 'total_apparent_power': 2.544, 'bc_...
2026-05-07 18:02:34,723 - root - INFO - API Response type: <class 'dict'>
2026-05-07 18:02:34,723 - root - INFO - API Response keys: ['failCode', 'success', 'message', 'data']
2026-05-07 18:02:34,723 - root - INFO - API Response data is a list with 288 items
2026-05-07 18:02:34,723 - root - INFO - API Response has failCode: 0, message: historical data information query successful.
2026-05-07 18:02:34,724 - root - INFO - Using alternate response format: data as list
2026-05-07 18:02:34,724 - root - INFO - Received 288 data points from API
2026-05-07 18:02:34,724 - root - INFO - Sample data point structure: ['devDn', 'collectTime', 'dataItems']
2026-05-07 18:02:34,858 - root - INFO - Successfully upserted 288 data points.
2026-05-07 18:02:38,686 - root - INFO - Using single devDn for device/history (API: one device per query)
2026-05-07 18:02:38,688 - root - INFO - Fetching historical data for 1 devices of type meteo_station
2026-05-07 18:02:38,688 - root - INFO - Making API request to: https://sg5.fusionsolar.huawei.com/rest/openapi/pvms/nbi/v1/device/history
2026-05-07 18:02:38,688 - root - INFO - Request payload: {'devDn': 'NE=50488257', 'devTypeId': 10, 'startTime': 1778000400000, 'endTime': 1778086799000}
2026-05-07 18:02:39,362 - root - INFO - Response status code: 200
2026-05-07 18:02:39,364 - root - INFO - API response from https://sg5.fusionsolar.huawei.com/rest/openapi/pvms/nbi/v1/device/history (truncated): {'failCode': 0, 'success': True, 'message': 'historical data information query successful.', 'data': [{'devDn': 'NE=50488257', 'collectTime': 1778000400000, 'dataItems': {'radiant_line': 0.0, 'horiz_radiant_total': None, 'horiz_radiant_line': None, 'temperature': 28.8, 'wind_speed': None, 'wind_direction': None, 'radiant_total': 0.0, 'pv_temperature': 26.9}}, {'devDn': 'NE=50488257', 'collectTime': 1778000700000, 'dataItems': {'radiant_line': 0.0, 'horiz_radiant_total': None, 'horiz_radiant_line...
2026-05-07 18:02:39,366 - root - INFO - API Response type: <class 'dict'>
2026-05-07 18:02:39,366 - root - INFO - API Response keys: ['failCode', 'success', 'message', 'data']
2026-05-07 18:02:39,366 - root - INFO - API Response data is a list with 288 items
2026-05-07 18:02:39,366 - root - INFO - API Response has failCode: 0, message: historical data information query successful.
2026-05-07 18:02:39,367 - root - INFO - Using alternate response format: data as list
2026-05-07 18:02:39,367 - root - INFO - Received 288 data points from API
2026-05-07 18:02:39,367 - root - INFO - Sample data point structure: ['devDn', 'collectTime', 'dataItems']
2026-05-07 18:02:39,464 - root - INFO - Successfully upserted 288 data points.
2026-05-07 18:02:47,307 - root - INFO - Using single devDn for device/history (API: one device per query)
2026-05-07 18:02:47,309 - root - INFO - Fetching historical data for 1 devices of type meteo_station
2026-05-07 18:02:47,309 - root - INFO - Making API request to: https://sg5.fusionsolar.huawei.com/rest/openapi/pvms/nbi/v1/device/history
2026-05-07 18:02:47,309 - root - INFO - Request payload: {'devDn': 'NE=63022352', 'devTypeId': 10, 'startTime': 1778000400000, 'endTime': 1778086799000}
2026-05-07 18:02:47,920 - root - INFO - Response status code: 200
2026-05-07 18:02:47,923 - root - INFO - API response from https://sg5.fusionsolar.huawei.com/rest/openapi/pvms/nbi/v1/device/history (truncated): {'failCode': 0, 'success': True, 'message': 'historical data information query successful.', 'data': [{'devDn': 'NE=63022352', 'collectTime': 1778000400000, 'dataItems': {'radiant_line': 0.0, 'horiz_radiant_total': None, 'horiz_radiant_line': None, 'temperature': 1.1, 'wind_speed': 0.0, 'wind_direction': None, 'radiant_total': 0.0, 'pv_temperature': 0.6}}, {'devDn': 'NE=63022352', 'collectTime': 1778000700000, 'dataItems': {'radiant_line': 0.0, 'horiz_radiant_total': None, 'horiz_radiant_line': ...
2026-05-07 18:02:47,924 - root - INFO - API Response type: <class 'dict'>
2026-05-07 18:02:47,925 - root - INFO - API Response keys: ['failCode', 'success', 'message', 'data']
2026-05-07 18:02:47,925 - root - INFO - API Response data is a list with 288 items
2026-05-07 18:02:47,925 - root - INFO - API Response has failCode: 0, message: historical data information query successful.
2026-05-07 18:02:47,925 - root - INFO - Using alternate response format: data as list
2026-05-07 18:02:47,925 - root - INFO - Received 288 data points from API
2026-05-07 18:02:47,925 - root - INFO - Sample data point structure: ['devDn', 'collectTime', 'dataItems']
2026-05-07 18:02:48,011 - root - INFO - Successfully upserted 288 data points.
2026-05-07 18:02:52,203 - root - INFO - Using single devDn for device/history (API: one device per query)
2026-05-07 18:02:52,205 - root - INFO - Fetching historical data for 1 devices of type meteo_station
2026-05-07 18:02:52,206 - root - INFO - Making API request to: https://sg5.fusionsolar.huawei.com/rest/openapi/pvms/nbi/v1/device/history
2026-05-07 18:02:52,206 - root - INFO - Request payload: {'devDn': 'NE=63022320', 'devTypeId': 10, 'startTime': 1778000400000, 'endTime': 1778086799000}
2026-05-07 18:02:52,781 - root - INFO - Response status code: 200
2026-05-07 18:02:52,783 - root - INFO - API response from https://sg5.fusionsolar.huawei.com/rest/openapi/pvms/nbi/v1/device/history (truncated): {'failCode': 0, 'success': True, 'message': 'historical data information query successful.', 'data': [{'devDn': 'NE=63022320', 'collectTime': 1778000400000, 'dataItems': {'radiant_line': 0.0, 'horiz_radiant_total': None, 'horiz_radiant_line': None, 'temperature': 1.2, 'wind_speed': 0.0, 'wind_direction': None, 'radiant_total': 0.0, 'pv_temperature': 0.7}}, {'devDn': 'NE=63022320', 'collectTime': 1778000700000, 'dataItems': {'radiant_line': 0.0, 'horiz_radiant_total': None, 'horiz_radiant_line': ...
2026-05-07 18:02:52,785 - root - INFO - API Response type: <class 'dict'>
2026-05-07 18:02:52,785 - root - INFO - API Response keys: ['failCode', 'success', 'message', 'data']
2026-05-07 18:02:52,785 - root - INFO - API Response data is a list with 288 items
2026-05-07 18:02:52,786 - root - INFO - API Response has failCode: 0, message: historical data information query successful.
2026-05-07 18:02:52,786 - root - INFO - Using alternate response format: data as list
2026-05-07 18:02:52,786 - root - INFO - Received 288 data points from API
2026-05-07 18:02:52,786 - root - INFO - Sample data point structure: ['devDn', 'collectTime', 'dataItems']
2026-05-07 18:02:52,869 - root - INFO - Successfully upserted 288 data points.
2026-05-07 18:02:59,286 - root - WARNING - No valid devDn in batch. Skipping because /device/history requires devDn.
2026-05-07 18:02:59,287 - root - WARNING - No valid devDn in batch. Skipping because /device/history requires devDn.
2026-05-07 18:02:59,287 - root - WARNING - No valid devDn in batch. Skipping because /device/history requires devDn.
2026-05-07 18:02:59,288 - root - WARNING - No valid devDn in batch. Skipping because /device/history requires devDn.
2026-05-07 18:02:59,288 - root - INFO - Using single devDn for device/history (API: one device per query)
2026-05-07 18:02:59,288 - root - INFO - Fetching historical data for 1 devices of type meteo_station
2026-05-07 18:02:59,288 - root - INFO - Making API request to: https://sg5.fusionsolar.huawei.com/rest/openapi/pvms/nbi/v1/device/history
2026-05-07 18:02:59,288 - root - INFO - Request payload: {'devDn': 'NE=61851546', 'devTypeId': 10, 'startTime': 1778000400000, 'endTime': 1778086799000}
2026-05-07 18:02:59,775 - root - INFO - Response status code: 200
2026-05-07 18:03:00,104 - root - INFO - API response from https://sg5.fusionsolar.huawei.com/rest/openapi/pvms/nbi/v1/device/history (truncated): {'failCode': 0, 'success': True, 'message': 'historical data information query successful.', 'data': []}
2026-05-07 18:03:00,106 - root - INFO - API Response type: <class 'dict'>
2026-05-07 18:03:00,106 - root - INFO - API Response keys: ['failCode', 'success', 'message', 'data']
2026-05-07 18:03:00,107 - root - INFO - API Response data is a list with 0 items
2026-05-07 18:03:00,107 - root - INFO - API Response has failCode: 0, message: historical data information query successful.
2026-05-07 18:03:00,107 - root - INFO - Using alternate response format: data as list
2026-05-07 18:03:00,107 - root - INFO - No data points returned for the query period
2026-05-07 18:03:00,107 - root - INFO - Using single devDn for device/history (API: one device per query)
2026-05-07 18:03:00,107 - root - INFO - Fetching historical data for 1 devices of type meteo_station
2026-05-07 18:03:00,107 - root - INFO - Making API request to: https://sg5.fusionsolar.huawei.com/rest/openapi/pvms/nbi/v1/device/history
2026-05-07 18:03:00,107 - root - INFO - Request payload: {'devDn': 'NE=61851547', 'devTypeId': 10, 'startTime': 1778000400000, 'endTime': 1778086799000}
2026-05-07 18:03:00,560 - root - INFO - Response status code: 200
2026-05-07 18:03:00,561 - root - INFO - API response from https://sg5.fusionsolar.huawei.com/rest/openapi/pvms/nbi/v1/device/history (truncated): {'failCode': 407, 'success': False, 'message': 'Interface access frequency:0.39333333333333337/1second', 'data': []}
2026-05-07 18:03:00,562 - root - WARNING - API access frequency too high. Waiting 30 seconds before retry...
2026-05-07 18:03:30,561 - root - INFO - Retrying API request after rate limit wait...
2026-05-07 18:03:30,562 - root - INFO - Making API request to: https://sg5.fusionsolar.huawei.com/rest/openapi/pvms/nbi/v1/device/history
2026-05-07 18:03:30,563 - root - INFO - Request payload: {'devDn': 'NE=61851547', 'devTypeId': 10, 'startTime': 1778000400000, 'endTime': 1778086799000}
2026-05-07 18:03:31,012 - root - INFO - Response status code: 200
2026-05-07 18:03:31,012 - root - INFO - API response from https://sg5.fusionsolar.huawei.com/rest/openapi/pvms/nbi/v1/device/history (truncated): {'failCode': 0, 'success': True, 'message': 'historical data information query successful.', 'data': []}
2026-05-07 18:03:31,015 - root - INFO - API Response type: <class 'dict'>
2026-05-07 18:03:31,016 - root - INFO - API Response keys: ['failCode', 'success', 'message', 'data']
2026-05-07 18:03:31,016 - root - INFO - API Response data is a list with 0 items
2026-05-07 18:03:31,016 - root - INFO - API Response has failCode: 0, message: historical data information query successful.
2026-05-07 18:03:31,016 - root - INFO - Using alternate response format: data as list
2026-05-07 18:03:31,016 - root - INFO - No data points returned for the query period
2026-05-07 18:03:31,016 - root - INFO - Using single devDn for device/history (API: one device per query)
2026-05-07 18:03:31,017 - root - INFO - Fetching historical data for 1 devices of type meteo_station
2026-05-07 18:03:31,017 - root - INFO - Making API request to: https://sg5.fusionsolar.huawei.com/rest/openapi/pvms/nbi/v1/device/history
2026-05-07 18:03:31,017 - root - INFO - Request payload: {'devDn': 'NE=61851544', 'devTypeId': 10, 'startTime': 1778000400000, 'endTime': 1778086799000}
2026-05-07 18:03:31,343 - root - INFO - Response status code: 200
2026-05-07 18:03:31,343 - root - INFO - API response from https://sg5.fusionsolar.huawei.com/rest/openapi/pvms/nbi/v1/device/history (truncated): {'failCode': 407, 'success': False, 'message': 'Interface access frequency:0.39333333333333337/1second', 'data': []}
2026-05-07 18:03:31,344 - root - WARNING - API access frequency too high. Waiting 30 seconds before retry...
2026-05-07 18:04:01,344 - root - INFO - Retrying API request after rate limit wait...
2026-05-07 18:04:01,344 - root - INFO - Making API request to: https://sg5.fusionsolar.huawei.com/rest/openapi/pvms/nbi/v1/device/history
2026-05-07 18:04:01,345 - root - INFO - Request payload: {'devDn': 'NE=61851544', 'devTypeId': 10, 'startTime': 1778000400000, 'endTime': 1778086799000}
2026-05-07 18:04:01,781 - root - INFO - Response status code: 200
2026-05-07 18:04:01,781 - root - INFO - API response from https://sg5.fusionsolar.huawei.com/rest/openapi/pvms/nbi/v1/device/history (truncated): {'failCode': 0, 'success': True, 'message': 'historical data information query successful.', 'data': []}
2026-05-07 18:04:01,785 - root - INFO - API Response type: <class 'dict'>
2026-05-07 18:04:01,785 - root - INFO - API Response keys: ['failCode', 'success', 'message', 'data']
2026-05-07 18:04:01,785 - root - INFO - API Response data is a list with 0 items
2026-05-07 18:04:01,785 - root - INFO - API Response has failCode: 0, message: historical data information query successful.
2026-05-07 18:04:01,785 - root - INFO - Using alternate response format: data as list
2026-05-07 18:04:01,786 - root - INFO - No data points returned for the query period
2026-05-07 18:04:01,786 - root - INFO - Using single devDn for device/history (API: one device per query)
2026-05-07 18:04:01,786 - root - INFO - Fetching historical data for 1 devices of type meteo_station
2026-05-07 18:04:01,786 - root - INFO - Making API request to: https://sg5.fusionsolar.huawei.com/rest/openapi/pvms/nbi/v1/device/history
2026-05-07 18:04:01,786 - root - INFO - Request payload: {'devDn': 'NE=61851545', 'devTypeId': 10, 'startTime': 1778000400000, 'endTime': 1778086799000}
2026-05-07 18:04:02,098 - root - INFO - Response status code: 200
2026-05-07 18:04:02,099 - root - INFO - API response from https://sg5.fusionsolar.huawei.com/rest/openapi/pvms/nbi/v1/device/history (truncated): {'failCode': 407, 'success': False, 'message': 'Interface access frequency:0.39333333333333337/1second', 'data': []}
2026-05-07 18:04:02,099 - root - WARNING - API access frequency too high. Waiting 30 seconds before retry...
2026-05-07 18:04:32,099 - root - INFO - Retrying API request after rate limit wait...
2026-05-07 18:04:32,100 - root - INFO - Making API request to: https://sg5.fusionsolar.huawei.com/rest/openapi/pvms/nbi/v1/device/history
2026-05-07 18:04:32,101 - root - INFO - Request payload: {'devDn': 'NE=61851545', 'devTypeId': 10, 'startTime': 1778000400000, 'endTime': 1778086799000}
2026-05-07 18:04:32,712 - root - INFO - Response status code: 200
2026-05-07 18:04:32,712 - root - INFO - API response from https://sg5.fusionsolar.huawei.com/rest/openapi/pvms/nbi/v1/device/history (truncated): {'failCode': 0, 'success': True, 'message': 'historical data information query successful.', 'data': []}
2026-05-07 18:04:32,716 - root - INFO - API Response type: <class 'dict'>
2026-05-07 18:04:32,716 - root - INFO - API Response keys: ['failCode', 'success', 'message', 'data']
2026-05-07 18:04:32,716 - root - INFO - API Response data is a list with 0 items
2026-05-07 18:04:32,716 - root - INFO - API Response has failCode: 0, message: historical data information query successful.
2026-05-07 18:04:32,716 - root - INFO - Using alternate response format: data as list
2026-05-07 18:04:32,716 - root - INFO - No data points returned for the query period
2026-05-07 18:04:32,717 - root - INFO - Using single devDn for device/history (API: one device per query)
2026-05-07 18:04:32,717 - root - INFO - Fetching historical data for 1 devices of type meteo_station
2026-05-07 18:04:32,717 - root - INFO - Making API request to: https://sg5.fusionsolar.huawei.com/rest/openapi/pvms/nbi/v1/device/history
2026-05-07 18:04:32,717 - root - INFO - Request payload: {'devDn': 'NE=52031808', 'devTypeId': 10, 'startTime': 1778000400000, 'endTime': 1778086799000}
2026-05-07 18:04:33,032 - root - INFO - Response status code: 200
2026-05-07 18:04:33,033 - root - INFO - API response from https://sg5.fusionsolar.huawei.com/rest/openapi/pvms/nbi/v1/device/history (truncated): {'failCode': 407, 'success': False, 'message': 'Interface access frequency:0.39333333333333337/1second', 'data': []}
2026-05-07 18:04:33,033 - root - WARNING - API access frequency too high. Waiting 30 seconds before retry...
2026-05-07 18:05:03,034 - root - INFO - Retrying API request after rate limit wait...
2026-05-07 18:05:03,034 - root - INFO - Making API request to: https://sg5.fusionsolar.huawei.com/rest/openapi/pvms/nbi/v1/device/history
2026-05-07 18:05:03,035 - root - INFO - Request payload: {'devDn': 'NE=52031808', 'devTypeId': 10, 'startTime': 1778000400000, 'endTime': 1778086799000}
2026-05-07 18:05:03,502 - root - INFO - Response status code: 200
2026-05-07 18:05:03,502 - root - INFO - API response from https://sg5.fusionsolar.huawei.com/rest/openapi/pvms/nbi/v1/device/history (truncated): {'failCode': 0, 'success': True, 'message': 'historical data information query successful.', 'data': []}
2026-05-07 18:05:03,506 - root - INFO - API Response type: <class 'dict'>
2026-05-07 18:05:03,506 - root - INFO - API Response keys: ['failCode', 'success', 'message', 'data']
2026-05-07 18:05:03,506 - root - INFO - API Response data is a list with 0 items
2026-05-07 18:05:03,506 - root - INFO - API Response has failCode: 0, message: historical data information query successful.
2026-05-07 18:05:03,506 - root - INFO - Using alternate response format: data as list
2026-05-07 18:05:03,506 - root - INFO - No data points returned for the query period
2026-05-07 18:05:03,506 - root - INFO - Using single devDn for device/history (API: one device per query)
2026-05-07 18:05:03,507 - root - INFO - Fetching historical data for 1 devices of type meteo_station
2026-05-07 18:05:03,507 - root - INFO - Making API request to: https://sg5.fusionsolar.huawei.com/rest/openapi/pvms/nbi/v1/device/history
2026-05-07 18:05:03,507 - root - INFO - Request payload: {'devDn': 'NE=52031805', 'devTypeId': 10, 'startTime': 1778000400000, 'endTime': 1778086799000}
2026-05-07 18:05:04,224 - root - INFO - Response status code: 200
2026-05-07 18:05:04,225 - root - INFO - API response from https://sg5.fusionsolar.huawei.com/rest/openapi/pvms/nbi/v1/device/history (truncated): {'failCode': 407, 'success': False, 'message': 'Interface access frequency:0.39333333333333337/1second', 'data': []}
2026-05-07 18:05:04,225 - root - WARNING - API access frequency too high. Waiting 30 seconds before retry...
2026-05-07 18:05:34,226 - root - INFO - Retrying API request after rate limit wait...
2026-05-07 18:05:34,226 - root - INFO - Making API request to: https://sg5.fusionsolar.huawei.com/rest/openapi/pvms/nbi/v1/device/history
2026-05-07 18:05:34,227 - root - INFO - Request payload: {'devDn': 'NE=52031805', 'devTypeId': 10, 'startTime': 1778000400000, 'endTime': 1778086799000}
2026-05-07 18:05:34,828 - root - INFO - Response status code: 200
2026-05-07 18:05:34,830 - root - INFO - API response from https://sg5.fusionsolar.huawei.com/rest/openapi/pvms/nbi/v1/device/history (truncated): {'failCode': 0, 'success': True, 'message': 'historical data information query successful.', 'data': [{'devDn': 'NE=52031805', 'collectTime': 1778000400000, 'dataItems': {'radiant_line': 59.0, 'horiz_radiant_total': None, 'horiz_radiant_line': None, 'temperature': 28.7, 'wind_speed': 0.0, 'wind_direction': 67.0, 'radiant_total': 0.0, 'pv_temperature': None}}, {'devDn': 'NE=52031805', 'collectTime': 1778000700000, 'dataItems': {'radiant_line': 59.0, 'horiz_radiant_total': None, 'horiz_radiant_lin...
2026-05-07 18:05:34,833 - root - INFO - API Response type: <class 'dict'>
2026-05-07 18:05:34,833 - root - INFO - API Response keys: ['failCode', 'success', 'message', 'data']
2026-05-07 18:05:34,833 - root - INFO - API Response data is a list with 288 items
2026-05-07 18:05:34,834 - root - INFO - API Response has failCode: 0, message: historical data information query successful.
2026-05-07 18:05:34,834 - root - INFO - Using alternate response format: data as list
2026-05-07 18:05:34,834 - root - INFO - Received 288 data points from API
2026-05-07 18:05:34,834 - root - INFO - Sample data point structure: ['devDn', 'collectTime', 'dataItems']
2026-05-07 18:05:34,925 - root - INFO - Successfully upserted 288 data points.
2026-05-07 18:05:47,657 - root - INFO - Using single devDn for device/history (API: one device per query)
2026-05-07 18:05:47,658 - root - INFO - Fetching historical data for 1 devices of type meteo_station
2026-05-07 18:05:47,658 - root - INFO - Making API request to: https://sg5.fusionsolar.huawei.com/rest/openapi/pvms/nbi/v1/device/history
2026-05-07 18:05:47,658 - root - INFO - Request payload: {'devDn': 'NE=52031807', 'devTypeId': 10, 'startTime': 1778000400000, 'endTime': 1778086799000}
2026-05-07 18:05:48,063 - root - INFO - Response status code: 200
2026-05-07 18:05:48,063 - root - INFO - API response from https://sg5.fusionsolar.huawei.com/rest/openapi/pvms/nbi/v1/device/history (truncated): {'failCode': 0, 'success': True, 'message': 'historical data information query successful.', 'data': []}
2026-05-07 18:05:48,066 - root - INFO - API Response type: <class 'dict'>
2026-05-07 18:05:48,066 - root - INFO - API Response keys: ['failCode', 'success', 'message', 'data']
2026-05-07 18:05:48,066 - root - INFO - API Response data is a list with 0 items
2026-05-07 18:05:48,066 - root - INFO - API Response has failCode: 0, message: historical data information query successful.
2026-05-07 18:05:48,066 - root - INFO - Using alternate response format: data as list
2026-05-07 18:05:48,066 - root - INFO - No data points returned for the query period
2026-05-07 18:05:48,066 - root - INFO - Using single devDn for device/history (API: one device per query)
2026-05-07 18:05:48,067 - root - INFO - Fetching historical data for 1 devices of type meteo_station
2026-05-07 18:05:48,067 - root - INFO - Making API request to: https://sg5.fusionsolar.huawei.com/rest/openapi/pvms/nbi/v1/device/history
2026-05-07 18:05:48,067 - root - INFO - Request payload: {'devDn': 'NE=52031804', 'devTypeId': 10, 'startTime': 1778000400000, 'endTime': 1778086799000}
2026-05-07 18:05:48,385 - root - INFO - Response status code: 200
2026-05-07 18:05:48,385 - root - INFO - API response from https://sg5.fusionsolar.huawei.com/rest/openapi/pvms/nbi/v1/device/history (truncated): {'failCode': 407, 'success': False, 'message': 'Interface access frequency:0.39333333333333337/1second', 'data': []}
2026-05-07 18:05:48,386 - root - WARNING - API access frequency too high. Waiting 30 seconds before retry...
2026-05-07 18:06:18,386 - root - INFO - Retrying API request after rate limit wait...
2026-05-07 18:06:18,386 - root - INFO - Making API request to: https://sg5.fusionsolar.huawei.com/rest/openapi/pvms/nbi/v1/device/history
2026-05-07 18:06:18,387 - root - INFO - Request payload: {'devDn': 'NE=52031804', 'devTypeId': 10, 'startTime': 1778000400000, 'endTime': 1778086799000}
2026-05-07 18:06:18,881 - root - INFO - Response status code: 200
2026-05-07 18:06:18,881 - root - INFO - API response from https://sg5.fusionsolar.huawei.com/rest/openapi/pvms/nbi/v1/device/history (truncated): {'failCode': 0, 'success': True, 'message': 'historical data information query successful.', 'data': []}
2026-05-07 18:06:18,885 - root - INFO - API Response type: <class 'dict'>
2026-05-07 18:06:18,885 - root - INFO - API Response keys: ['failCode', 'success', 'message', 'data']
2026-05-07 18:06:18,885 - root - INFO - API Response data is a list with 0 items
2026-05-07 18:06:18,885 - root - INFO - API Response has failCode: 0, message: historical data information query successful.
2026-05-07 18:06:18,885 - root - INFO - Using alternate response format: data as list
2026-05-07 18:06:18,885 - root - INFO - No data points returned for the query period
2026-05-07 18:06:18,885 - root - INFO - Using single devDn for device/history (API: one device per query)
2026-05-07 18:06:18,886 - root - INFO - Fetching historical data for 1 devices of type meteo_station
2026-05-07 18:06:18,886 - root - INFO - Making API request to: https://sg5.fusionsolar.huawei.com/rest/openapi/pvms/nbi/v1/device/history
2026-05-07 18:06:18,886 - root - INFO - Request payload: {'devDn': 'NE=52031809', 'devTypeId': 10, 'startTime': 1778000400000, 'endTime': 1778086799000}
2026-05-07 18:06:19,220 - root - INFO - Response status code: 200
2026-05-07 18:06:19,220 - root - INFO - API response from https://sg5.fusionsolar.huawei.com/rest/openapi/pvms/nbi/v1/device/history (truncated): {'failCode': 407, 'success': False, 'message': 'Interface access frequency:0.39333333333333337/1second', 'data': []}
2026-05-07 18:06:19,221 - root - WARNING - API access frequency too high. Waiting 30 seconds before retry...
2026-05-07 18:06:49,220 - root - INFO - Retrying API request after rate limit wait...
2026-05-07 18:06:49,221 - root - INFO - Making API request to: https://sg5.fusionsolar.huawei.com/rest/openapi/pvms/nbi/v1/device/history
2026-05-07 18:06:49,222 - root - INFO - Request payload: {'devDn': 'NE=52031809', 'devTypeId': 10, 'startTime': 1778000400000, 'endTime': 1778086799000}
2026-05-07 18:06:50,075 - root - INFO - Response status code: 200
2026-05-07 18:06:50,077 - root - INFO - API response from https://sg5.fusionsolar.huawei.com/rest/openapi/pvms/nbi/v1/device/history (truncated): {'failCode': 0, 'success': True, 'message': 'historical data information query successful.', 'data': [{'devDn': 'NE=52031809', 'collectTime': 1778000400000, 'dataItems': {'radiant_line': None, 'horiz_radiant_total': None, 'horiz_radiant_line': None, 'temperature': 28.9, 'wind_speed': None, 'wind_direction': None, 'radiant_total': None, 'pv_temperature': None}}, {'devDn': 'NE=52031809', 'collectTime': 1778000700000, 'dataItems': {'radiant_line': None, 'horiz_radiant_total': None, 'horiz_radiant_l...
2026-05-07 18:06:50,080 - root - INFO - API Response type: <class 'dict'>
2026-05-07 18:06:50,080 - root - INFO - API Response keys: ['failCode', 'success', 'message', 'data']
2026-05-07 18:06:50,080 - root - INFO - API Response data is a list with 288 items
2026-05-07 18:06:50,080 - root - INFO - API Response has failCode: 0, message: historical data information query successful.
2026-05-07 18:06:50,081 - root - INFO - Using alternate response format: data as list
2026-05-07 18:06:50,081 - root - INFO - Received 288 data points from API
2026-05-07 18:06:50,081 - root - INFO - Sample data point structure: ['devDn', 'collectTime', 'dataItems']
2026-05-07 18:06:50,164 - root - INFO - Successfully upserted 288 data points.
2026-05-07 18:06:57,417 - root - INFO - Using single devDn for device/history (API: one device per query)
2026-05-07 18:06:57,418 - root - INFO - Fetching historical data for 1 devices of type meteo_station
2026-05-07 18:06:57,418 - root - INFO - Making API request to: https://sg5.fusionsolar.huawei.com/rest/openapi/pvms/nbi/v1/device/history
2026-05-07 18:06:57,418 - root - INFO - Request payload: {'devDn': 'NE=52031806', 'devTypeId': 10, 'startTime': 1778000400000, 'endTime': 1778086799000}
2026-05-07 18:06:57,835 - root - INFO - Response status code: 200
2026-05-07 18:06:57,835 - root - INFO - API response from https://sg5.fusionsolar.huawei.com/rest/openapi/pvms/nbi/v1/device/history (truncated): {'failCode': 0, 'success': True, 'message': 'historical data information query successful.', 'data': []}
2026-05-07 18:06:57,838 - root - INFO - API Response type: <class 'dict'>
2026-05-07 18:06:57,838 - root - INFO - API Response keys: ['failCode', 'success', 'message', 'data']
2026-05-07 18:06:57,838 - root - INFO - API Response data is a list with 0 items
2026-05-07 18:06:57,838 - root - INFO - API Response has failCode: 0, message: historical data information query successful.
2026-05-07 18:06:57,838 - root - INFO - Using alternate response format: data as list
2026-05-07 18:06:57,838 - root - INFO - No data points returned for the query period
2026-05-07 18:06:57,838 - root - INFO - Using single devDn for device/history (API: one device per query)
2026-05-07 18:06:57,839 - root - INFO - Fetching historical data for 1 devices of type meteo_station
2026-05-07 18:06:57,839 - root - INFO - Making API request to: https://sg5.fusionsolar.huawei.com/rest/openapi/pvms/nbi/v1/device/history
2026-05-07 18:06:57,839 - root - INFO - Request payload: {'devDn': 'NE=51758771', 'devTypeId': 10, 'startTime': 1778000400000, 'endTime': 1778086799000}
2026-05-07 18:06:58,155 - root - INFO - Response status code: 200
2026-05-07 18:06:58,155 - root - INFO - API response from https://sg5.fusionsolar.huawei.com/rest/openapi/pvms/nbi/v1/device/history (truncated): {'failCode': 407, 'success': False, 'message': 'Interface access frequency:0.39333333333333337/1second', 'data': []}
2026-05-07 18:06:58,156 - root - WARNING - API access frequency too high. Waiting 30 seconds before retry...
2026-05-07 18:07:28,156 - root - INFO - Retrying API request after rate limit wait...
2026-05-07 18:07:28,156 - root - INFO - Making API request to: https://sg5.fusionsolar.huawei.com/rest/openapi/pvms/nbi/v1/device/history
2026-05-07 18:07:28,157 - root - INFO - Request payload: {'devDn': 'NE=51758771', 'devTypeId': 10, 'startTime': 1778000400000, 'endTime': 1778086799000}
2026-05-07 18:07:28,652 - root - INFO - Response status code: 200
2026-05-07 18:07:28,652 - root - INFO - API response from https://sg5.fusionsolar.huawei.com/rest/openapi/pvms/nbi/v1/device/history (truncated): {'failCode': 0, 'success': True, 'message': 'historical data information query successful.', 'data': []}
2026-05-07 18:07:28,656 - root - INFO - API Response type: <class 'dict'>
2026-05-07 18:07:28,656 - root - INFO - API Response keys: ['failCode', 'success', 'message', 'data']
2026-05-07 18:07:28,656 - root - INFO - API Response data is a list with 0 items
2026-05-07 18:07:28,656 - root - INFO - API Response has failCode: 0, message: historical data information query successful.
2026-05-07 18:07:28,656 - root - INFO - Using alternate response format: data as list
2026-05-07 18:07:28,656 - root - INFO - No data points returned for the query period
2026-05-07 18:07:28,656 - root - INFO - Using single devDn for device/history (API: one device per query)
2026-05-07 18:07:28,657 - root - INFO - Fetching historical data for 1 devices of type meteo_station
2026-05-07 18:07:28,657 - root - INFO - Making API request to: https://sg5.fusionsolar.huawei.com/rest/openapi/pvms/nbi/v1/device/history
2026-05-07 18:07:28,657 - root - INFO - Request payload: {'devDn': 'NE=51758772', 'devTypeId': 10, 'startTime': 1778000400000, 'endTime': 1778086799000}
2026-05-07 18:07:28,992 - root - INFO - Response status code: 200
2026-05-07 18:07:28,992 - root - INFO - API response from https://sg5.fusionsolar.huawei.com/rest/openapi/pvms/nbi/v1/device/history (truncated): {'failCode': 407, 'success': False, 'message': 'Interface access frequency:0.39333333333333337/1second', 'data': []}
2026-05-07 18:07:28,993 - root - WARNING - API access frequency too high. Waiting 30 seconds before retry...
2026-05-07 18:07:58,993 - root - INFO - Retrying API request after rate limit wait...
2026-05-07 18:07:58,993 - root - INFO - Making API request to: https://sg5.fusionsolar.huawei.com/rest/openapi/pvms/nbi/v1/device/history
2026-05-07 18:07:58,994 - root - INFO - Request payload: {'devDn': 'NE=51758772', 'devTypeId': 10, 'startTime': 1778000400000, 'endTime': 1778086799000}
2026-05-07 18:07:59,397 - root - INFO - Response status code: 200
2026-05-07 18:07:59,397 - root - INFO - API response from https://sg5.fusionsolar.huawei.com/rest/openapi/pvms/nbi/v1/device/history (truncated): {'failCode': 0, 'success': True, 'message': 'historical data information query successful.', 'data': []}
2026-05-07 18:07:59,401 - root - INFO - API Response type: <class 'dict'>
2026-05-07 18:07:59,401 - root - INFO - API Response keys: ['failCode', 'success', 'message', 'data']
2026-05-07 18:07:59,401 - root - INFO - API Response data is a list with 0 items
2026-05-07 18:07:59,401 - root - INFO - API Response has failCode: 0, message: historical data information query successful.
2026-05-07 18:07:59,401 - root - INFO - Using alternate response format: data as list
2026-05-07 18:07:59,401 - root - INFO - No data points returned for the query period
2026-05-07 18:07:59,401 - root - INFO - Using single devDn for device/history (API: one device per query)
2026-05-07 18:07:59,402 - root - INFO - Fetching historical data for 1 devices of type meteo_station
2026-05-07 18:07:59,402 - root - INFO - Making API request to: https://sg5.fusionsolar.huawei.com/rest/openapi/pvms/nbi/v1/device/history
2026-05-07 18:07:59,402 - root - INFO - Request payload: {'devDn': 'NE=51758770', 'devTypeId': 10, 'startTime': 1778000400000, 'endTime': 1778086799000}
2026-05-07 18:07:59,712 - root - INFO - Response status code: 200
2026-05-07 18:07:59,712 - root - INFO - API response from https://sg5.fusionsolar.huawei.com/rest/openapi/pvms/nbi/v1/device/history (truncated): {'failCode': 407, 'success': False, 'message': 'Interface access frequency:0.39333333333333337/1second', 'data': []}
2026-05-07 18:07:59,713 - root - WARNING - API access frequency too high. Waiting 30 seconds before retry...
2026-05-07 18:08:29,713 - root - INFO - Retrying API request after rate limit wait...
2026-05-07 18:08:29,713 - root - INFO - Making API request to: https://sg5.fusionsolar.huawei.com/rest/openapi/pvms/nbi/v1/device/history
2026-05-07 18:08:29,714 - root - INFO - Request payload: {'devDn': 'NE=51758770', 'devTypeId': 10, 'startTime': 1778000400000, 'endTime': 1778086799000}
2026-05-07 18:08:30,504 - root - INFO - Response status code: 200
2026-05-07 18:08:30,506 - root - INFO - API response from https://sg5.fusionsolar.huawei.com/rest/openapi/pvms/nbi/v1/device/history (truncated): {'failCode': 0, 'success': True, 'message': 'historical data information query successful.', 'data': [{'devDn': 'NE=51758770', 'collectTime': 1778000400000, 'dataItems': {'radiant_line': 0.0, 'horiz_radiant_total': None, 'horiz_radiant_line': None, 'temperature': 28.6, 'wind_speed': None, 'wind_direction': None, 'radiant_total': 0.0, 'pv_temperature': None}}, {'devDn': 'NE=51758770', 'collectTime': 1778000700000, 'dataItems': {'radiant_line': 0.0, 'horiz_radiant_total': None, 'horiz_radiant_line...
2026-05-07 18:08:30,509 - root - INFO - API Response type: <class 'dict'>
2026-05-07 18:08:30,509 - root - INFO - API Response keys: ['failCode', 'success', 'message', 'data']
2026-05-07 18:08:30,509 - root - INFO - API Response data is a list with 288 items
2026-05-07 18:08:30,509 - root - INFO - API Response has failCode: 0, message: historical data information query successful.
2026-05-07 18:08:30,509 - root - INFO - Using alternate response format: data as list
2026-05-07 18:08:30,509 - root - INFO - Received 288 data points from API
2026-05-07 18:08:30,510 - root - INFO - Sample data point structure: ['devDn', 'collectTime', 'dataItems']
2026-05-07 18:08:30,586 - root - INFO - Successfully upserted 288 data points.
2026-05-07 18:08:36,342 - root - INFO - Using single devDn for device/history (API: one device per query)
2026-05-07 18:08:36,343 - root - INFO - Fetching historical data for 1 devices of type meteo_station
2026-05-07 18:08:36,344 - root - INFO - Making API request to: https://sg5.fusionsolar.huawei.com/rest/openapi/pvms/nbi/v1/device/history
2026-05-07 18:08:36,344 - root - INFO - Request payload: {'devDn': 'NE=58795760', 'devTypeId': 10, 'startTime': 1778000400000, 'endTime': 1778086799000}
2026-05-07 18:08:36,870 - root - INFO - Response status code: 200
2026-05-07 18:08:36,870 - root - INFO - API response from https://sg5.fusionsolar.huawei.com/rest/openapi/pvms/nbi/v1/device/history (truncated): {'failCode': 0, 'success': True, 'message': 'historical data information query successful.', 'data': []}
2026-05-07 18:08:36,873 - root - INFO - API Response type: <class 'dict'>
2026-05-07 18:08:36,873 - root - INFO - API Response keys: ['failCode', 'success', 'message', 'data']
2026-05-07 18:08:36,873 - root - INFO - API Response data is a list with 0 items
2026-05-07 18:08:36,873 - root - INFO - API Response has failCode: 0, message: historical data information query successful.
2026-05-07 18:08:36,873 - root - INFO - Using alternate response format: data as list
2026-05-07 18:08:36,873 - root - INFO - No data points returned for the query period
2026-05-07 18:08:36,873 - root - INFO - Using single devDn for device/history (API: one device per query)
2026-05-07 18:08:36,874 - root - INFO - Fetching historical data for 1 devices of type meteo_station
2026-05-07 18:08:36,874 - root - INFO - Making API request to: https://sg5.fusionsolar.huawei.com/rest/openapi/pvms/nbi/v1/device/history
2026-05-07 18:08:36,874 - root - INFO - Request payload: {'devDn': 'NE=58795790', 'devTypeId': 10, 'startTime': 1778000400000, 'endTime': 1778086799000}
2026-05-07 18:08:37,203 - root - INFO - Response status code: 200
2026-05-07 18:08:37,203 - root - INFO - API response from https://sg5.fusionsolar.huawei.com/rest/openapi/pvms/nbi/v1/device/history (truncated): {'failCode': 407, 'success': False, 'message': 'Interface access frequency:0.39333333333333337/1second', 'data': []}
2026-05-07 18:08:37,204 - root - WARNING - API access frequency too high. Waiting 30 seconds before retry...
2026-05-07 18:09:07,204 - root - INFO - Retrying API request after rate limit wait...
2026-05-07 18:09:07,204 - root - INFO - Making API request to: https://sg5.fusionsolar.huawei.com/rest/openapi/pvms/nbi/v1/device/history
2026-05-07 18:09:07,205 - root - INFO - Request payload: {'devDn': 'NE=58795790', 'devTypeId': 10, 'startTime': 1778000400000, 'endTime': 1778086799000}
2026-05-07 18:09:07,625 - root - INFO - Response status code: 200
2026-05-07 18:09:07,625 - root - INFO - API response from https://sg5.fusionsolar.huawei.com/rest/openapi/pvms/nbi/v1/device/history (truncated): {'failCode': 0, 'success': True, 'message': 'historical data information query successful.', 'data': []}
2026-05-07 18:09:07,628 - root - INFO - API Response type: <class 'dict'>
2026-05-07 18:09:07,628 - root - INFO - API Response keys: ['failCode', 'success', 'message', 'data']
2026-05-07 18:09:07,629 - root - INFO - API Response data is a list with 0 items
2026-05-07 18:09:07,629 - root - INFO - API Response has failCode: 0, message: historical data information query successful.
2026-05-07 18:09:07,629 - root - INFO - Using alternate response format: data as list
2026-05-07 18:09:07,629 - root - INFO - No data points returned for the query period
2026-05-07 18:09:07,630 - root - INFO - Using single devDn for device/history (API: one device per query)
2026-05-07 18:09:07,630 - root - INFO - Fetching historical data for 1 devices of type meteo_station
2026-05-07 18:09:07,630 - root - INFO - Making API request to: https://sg5.fusionsolar.huawei.com/rest/openapi/pvms/nbi/v1/device/history
2026-05-07 18:09:07,630 - root - INFO - Request payload: {'devDn': 'NE=63022292', 'devTypeId': 10, 'startTime': 1778000400000, 'endTime': 1778086799000}
2026-05-07 18:09:07,940 - root - INFO - Response status code: 200
2026-05-07 18:09:08,142 - root - INFO - API response from https://sg5.fusionsolar.huawei.com/rest/openapi/pvms/nbi/v1/device/history (truncated): {'failCode': 407, 'success': False, 'message': 'Interface access frequency:0.39333333333333337/1second', 'data': []}
2026-05-07 18:09:08,143 - root - WARNING - API access frequency too high. Waiting 30 seconds before retry...
2026-05-07 18:09:38,143 - root - INFO - Retrying API request after rate limit wait...
2026-05-07 18:09:38,144 - root - INFO - Making API request to: https://sg5.fusionsolar.huawei.com/rest/openapi/pvms/nbi/v1/device/history
2026-05-07 18:09:38,144 - root - INFO - Request payload: {'devDn': 'NE=63022292', 'devTypeId': 10, 'startTime': 1778000400000, 'endTime': 1778086799000}
2026-05-07 18:09:38,735 - root - INFO - Response status code: 200
2026-05-07 18:09:38,741 - root - INFO - API response from https://sg5.fusionsolar.huawei.com/rest/openapi/pvms/nbi/v1/device/history (truncated): {'failCode': 0, 'success': True, 'message': 'historical data information query successful.', 'data': [{'devDn': 'NE=63022292', 'collectTime': 1778000400000, 'dataItems': {'radiant_line': 0.0, 'horiz_radiant_total': None, 'horiz_radiant_line': None, 'temperature': 1.7, 'wind_speed': 0.0, 'wind_direction': None, 'radiant_total': 0.0, 'pv_temperature': 1.0}}, {'devDn': 'NE=63022292', 'collectTime': 1778000700000, 'dataItems': {'radiant_line': 0.0, 'horiz_radiant_total': None, 'horiz_radiant_line': ...
2026-05-07 18:09:38,745 - root - INFO - API Response type: <class 'dict'>
2026-05-07 18:09:38,745 - root - INFO - API Response keys: ['failCode', 'success', 'message', 'data']
2026-05-07 18:09:38,745 - root - INFO - API Response data is a list with 288 items
2026-05-07 18:09:38,745 - root - INFO - API Response has failCode: 0, message: historical data information query successful.
2026-05-07 18:09:38,745 - root - INFO - Using alternate response format: data as list
2026-05-07 18:09:38,745 - root - INFO - Received 288 data points from API
2026-05-07 18:09:38,746 - root - INFO - Sample data point structure: ['devDn', 'collectTime', 'dataItems']
2026-05-07 18:09:38,825 - root - INFO - Successfully upserted 288 data points.
2026-05-07 18:09:45,474 - root - INFO - Using single devDn for device/history (API: one device per query)
2026-05-07 18:09:45,475 - root - INFO - Fetching historical data for 1 devices of type meteo_station
2026-05-07 18:09:45,475 - root - INFO - Making API request to: https://sg5.fusionsolar.huawei.com/rest/openapi/pvms/nbi/v1/device/history
2026-05-07 18:09:45,476 - root - INFO - Request payload: {'devDn': 'NE=63022168', 'devTypeId': 10, 'startTime': 1778000400000, 'endTime': 1778086799000}
2026-05-07 18:09:46,087 - root - INFO - Response status code: 200
2026-05-07 18:09:46,090 - root - INFO - API response from https://sg5.fusionsolar.huawei.com/rest/openapi/pvms/nbi/v1/device/history (truncated): {'failCode': 0, 'success': True, 'message': 'historical data information query successful.', 'data': [{'devDn': 'NE=63022168', 'collectTime': 1778000400000, 'dataItems': {'radiant_line': 0.1, 'horiz_radiant_total': None, 'horiz_radiant_line': None, 'temperature': 1.2, 'wind_speed': 0.0, 'wind_direction': None, 'radiant_total': 0.0, 'pv_temperature': 0.8}}, {'devDn': 'NE=63022168', 'collectTime': 1778000700000, 'dataItems': {'radiant_line': 0.0, 'horiz_radiant_total': None, 'horiz_radiant_line': ...
2026-05-07 18:09:46,092 - root - INFO - API Response type: <class 'dict'>
2026-05-07 18:09:46,092 - root - INFO - API Response keys: ['failCode', 'success', 'message', 'data']
2026-05-07 18:09:46,092 - root - INFO - API Response data is a list with 288 items
2026-05-07 18:09:46,092 - root - INFO - API Response has failCode: 0, message: historical data information query successful.
2026-05-07 18:09:46,093 - root - INFO - Using alternate response format: data as list
2026-05-07 18:09:46,093 - root - INFO - Received 288 data points from API
2026-05-07 18:09:46,093 - root - INFO - Sample data point structure: ['devDn', 'collectTime', 'dataItems']
2026-05-07 18:09:46,173 - root - INFO - Successfully upserted 288 data points.
2026-05-07 18:09:50,805 - root - INFO - Using single devDn for device/history (API: one device per query)
2026-05-07 18:09:50,806 - root - INFO - Fetching historical data for 1 devices of type meteo_station
2026-05-07 18:09:50,806 - root - INFO - Making API request to: https://sg5.fusionsolar.huawei.com/rest/openapi/pvms/nbi/v1/device/history
2026-05-07 18:09:50,806 - root - INFO - Request payload: {'devDn': 'NE=63022396', 'devTypeId': 10, 'startTime': 1778000400000, 'endTime': 1778086799000}
2026-05-07 18:09:51,424 - root - INFO - Response status code: 200
2026-05-07 18:09:51,429 - root - INFO - API response from https://sg5.fusionsolar.huawei.com/rest/openapi/pvms/nbi/v1/device/history (truncated): {'failCode': 0, 'success': True, 'message': 'historical data information query successful.', 'data': [{'devDn': 'NE=63022396', 'collectTime': 1778000400000, 'dataItems': {'radiant_line': 0.0, 'horiz_radiant_total': None, 'horiz_radiant_line': None, 'temperature': 1.2, 'wind_speed': 0.0, 'wind_direction': None, 'radiant_total': 0.0, 'pv_temperature': 0.8}}, {'devDn': 'NE=63022396', 'collectTime': 1778000700000, 'dataItems': {'radiant_line': 0.0, 'horiz_radiant_total': None, 'horiz_radiant_line': ...
2026-05-07 18:09:51,430 - root - INFO - API Response type: <class 'dict'>
2026-05-07 18:09:51,431 - root - INFO - API Response keys: ['failCode', 'success', 'message', 'data']
2026-05-07 18:09:51,431 - root - INFO - API Response data is a list with 288 items
2026-05-07 18:09:51,431 - root - INFO - API Response has failCode: 0, message: historical data information query successful.
2026-05-07 18:09:51,431 - root - INFO - Using alternate response format: data as list
2026-05-07 18:09:51,431 - root - INFO - Received 288 data points from API
2026-05-07 18:09:51,431 - root - INFO - Sample data point structure: ['devDn', 'collectTime', 'dataItems']
2026-05-07 18:09:51,520 - root - INFO - Successfully upserted 288 data points.
2026-05-07 18:09:55,840 - root - INFO - Using single devDn for device/history (API: one device per query)
2026-05-07 18:09:55,841 - root - INFO - Fetching historical data for 1 devices of type meteo_station
2026-05-07 18:09:55,841 - root - INFO - Making API request to: https://sg5.fusionsolar.huawei.com/rest/openapi/pvms/nbi/v1/device/history
2026-05-07 18:09:55,841 - root - INFO - Request payload: {'devDn': 'NE=63022388', 'devTypeId': 10, 'startTime': 1778000400000, 'endTime': 1778086799000}
2026-05-07 18:09:56,514 - root - INFO - Response status code: 200
2026-05-07 18:09:56,517 - root - INFO - API response from https://sg5.fusionsolar.huawei.com/rest/openapi/pvms/nbi/v1/device/history (truncated): {'failCode': 0, 'success': True, 'message': 'historical data information query successful.', 'data': [{'devDn': 'NE=63022388', 'collectTime': 1778000400000, 'dataItems': {'radiant_line': 0.0, 'horiz_radiant_total': None, 'horiz_radiant_line': None, 'temperature': 1.1, 'wind_speed': 0.0, 'wind_direction': None, 'radiant_total': 0.0, 'pv_temperature': 1.0}}, {'devDn': 'NE=63022388', 'collectTime': 1778000700000, 'dataItems': {'radiant_line': 0.0, 'horiz_radiant_total': None, 'horiz_radiant_line': ...
2026-05-07 18:09:56,519 - root - INFO - API Response type: <class 'dict'>
2026-05-07 18:09:56,519 - root - INFO - API Response keys: ['failCode', 'success', 'message', 'data']
2026-05-07 18:09:56,519 - root - INFO - API Response data is a list with 288 items
2026-05-07 18:09:56,519 - root - INFO - API Response has failCode: 0, message: historical data information query successful.
2026-05-07 18:09:56,520 - root - INFO - Using alternate response format: data as list
2026-05-07 18:09:56,520 - root - INFO - Received 288 data points from API
2026-05-07 18:09:56,520 - root - INFO - Sample data point structure: ['devDn', 'collectTime', 'dataItems']
2026-05-07 18:09:56,601 - root - INFO - Successfully upserted 288 data points.
2026-05-07 18:10:00,989 - root - INFO - Using single devDn for device/history (API: one device per query)
2026-05-07 18:10:00,991 - root - INFO - Fetching historical data for 1 devices of type meteo_station
2026-05-07 18:10:00,991 - root - INFO - Making API request to: https://sg5.fusionsolar.huawei.com/rest/openapi/pvms/nbi/v1/device/history
2026-05-07 18:10:00,991 - root - INFO - Request payload: {'devDn': 'NE=63022386', 'devTypeId': 10, 'startTime': 1778000400000, 'endTime': 1778086799000}
2026-05-07 18:10:01,562 - root - INFO - Response status code: 200
2026-05-07 18:10:01,568 - root - INFO - API response from https://sg5.fusionsolar.huawei.com/rest/openapi/pvms/nbi/v1/device/history (truncated): {'failCode': 0, 'success': True, 'message': 'historical data information query successful.', 'data': [{'devDn': 'NE=63022386', 'collectTime': 1778000400000, 'dataItems': {'radiant_line': 0.0, 'horiz_radiant_total': None, 'horiz_radiant_line': None, 'temperature': 1.2, 'wind_speed': 0.0, 'wind_direction': None, 'radiant_total': 0.0, 'pv_temperature': 0.7}}, {'devDn': 'NE=63022386', 'collectTime': 1778000700000, 'dataItems': {'radiant_line': 0.0, 'horiz_radiant_total': None, 'horiz_radiant_line': ...
2026-05-07 18:10:01,573 - root - INFO - API Response type: <class 'dict'>
2026-05-07 18:10:01,573 - root - INFO - API Response keys: ['failCode', 'success', 'message', 'data']
2026-05-07 18:10:01,574 - root - INFO - API Response data is a list with 288 items
2026-05-07 18:10:01,574 - root - INFO - API Response has failCode: 0, message: historical data information query successful.
2026-05-07 18:10:01,574 - root - INFO - Using alternate response format: data as list
2026-05-07 18:10:01,574 - root - INFO - Received 288 data points from API
2026-05-07 18:10:01,574 - root - INFO - Sample data point structure: ['devDn', 'collectTime', 'dataItems']
2026-05-07 18:10:01,656 - root - INFO - Successfully upserted 288 data points.
2026-05-07 18:10:05,513 - root - INFO - Using single devDn for device/history (API: one device per query)
2026-05-07 18:10:05,514 - root - INFO - Fetching historical data for 1 devices of type meteo_station
2026-05-07 18:10:05,514 - root - INFO - Making API request to: https://sg5.fusionsolar.huawei.com/rest/openapi/pvms/nbi/v1/device/history
2026-05-07 18:10:05,515 - root - INFO - Request payload: {'devDn': 'NE=50518052', 'devTypeId': 10, 'startTime': 1778000400000, 'endTime': 1778086799000}
2026-05-07 18:10:06,192 - root - INFO - Response status code: 200
2026-05-07 18:10:06,194 - root - INFO - API response from https://sg5.fusionsolar.huawei.com/rest/openapi/pvms/nbi/v1/device/history (truncated): {'failCode': 0, 'success': True, 'message': 'historical data information query successful.', 'data': [{'devDn': 'NE=50518052', 'collectTime': 1778000400000, 'dataItems': {'radiant_line': 0.0, 'horiz_radiant_total': None, 'horiz_radiant_line': None, 'temperature': 1.2, 'wind_speed': 0.0, 'wind_direction': None, 'radiant_total': 0.0, 'pv_temperature': 0.9}}, {'devDn': 'NE=50518052', 'collectTime': 1778000700000, 'dataItems': {'radiant_line': 0.0, 'horiz_radiant_total': None, 'horiz_radiant_line': ...
2026-05-07 18:10:06,198 - root - INFO - API Response type: <class 'dict'>
2026-05-07 18:10:06,198 - root - INFO - API Response keys: ['failCode', 'success', 'message', 'data']
2026-05-07 18:10:06,198 - root - INFO - API Response data is a list with 288 items
2026-05-07 18:10:06,198 - root - INFO - API Response has failCode: 0, message: historical data information query successful.
2026-05-07 18:10:06,198 - root - INFO - Using alternate response format: data as list
2026-05-07 18:10:06,198 - root - INFO - Received 288 data points from API
2026-05-07 18:10:06,199 - root - INFO - Sample data point structure: ['devDn', 'collectTime', 'dataItems']
2026-05-07 18:10:06,276 - root - INFO - Successfully upserted 288 data points.
2026-05-07 18:10:12,036 - root - INFO - Using single devDn for device/history (API: one device per query)
2026-05-07 18:10:12,037 - root - INFO - Fetching historical data for 1 devices of type meteo_station
2026-05-07 18:10:12,037 - root - INFO - Making API request to: https://sg5.fusionsolar.huawei.com/rest/openapi/pvms/nbi/v1/device/history
2026-05-07 18:10:12,037 - root - INFO - Request payload: {'devDn': 'NE=50518051', 'devTypeId': 10, 'startTime': 1778000400000, 'endTime': 1778086799000}
2026-05-07 18:10:12,615 - root - INFO - Response status code: 200
2026-05-07 18:10:12,618 - root - INFO - API response from https://sg5.fusionsolar.huawei.com/rest/openapi/pvms/nbi/v1/device/history (truncated): {'failCode': 0, 'success': True, 'message': 'historical data information query successful.', 'data': [{'devDn': 'NE=50518051', 'collectTime': 1778000400000, 'dataItems': {'radiant_line': 0.0, 'horiz_radiant_total': None, 'horiz_radiant_line': None, 'temperature': 1.2, 'wind_speed': 0.0, 'wind_direction': None, 'radiant_total': 0.0, 'pv_temperature': 0.8}}, {'devDn': 'NE=50518051', 'collectTime': 1778000700000, 'dataItems': {'radiant_line': 0.0, 'horiz_radiant_total': None, 'horiz_radiant_line': ...
2026-05-07 18:10:12,620 - root - INFO - API Response type: <class 'dict'>
2026-05-07 18:10:12,620 - root - INFO - API Response keys: ['failCode', 'success', 'message', 'data']
2026-05-07 18:10:12,620 - root - INFO - API Response data is a list with 288 items
2026-05-07 18:10:12,620 - root - INFO - API Response has failCode: 0, message: historical data information query successful.
2026-05-07 18:10:12,620 - root - INFO - Using alternate response format: data as list
2026-05-07 18:10:12,620 - root - INFO - Received 288 data points from API
2026-05-07 18:10:12,620 - root - INFO - Sample data point structure: ['devDn', 'collectTime', 'dataItems']
2026-05-07 18:10:12,703 - root - INFO - Successfully upserted 288 data points.
2026-05-07 18:10:17,656 - root - INFO - Using single devDn for device/history (API: one device per query)
2026-05-07 18:10:17,658 - root - INFO - Fetching historical data for 1 devices of type meteo_station
2026-05-07 18:10:17,658 - root - INFO - Making API request to: https://sg5.fusionsolar.huawei.com/rest/openapi/pvms/nbi/v1/device/history
2026-05-07 18:10:17,659 - root - INFO - Request payload: {'devDn': 'NE=62806358', 'devTypeId': 10, 'startTime': 1778000400000, 'endTime': 1778086799000}
2026-05-07 18:10:18,299 - root - INFO - Response status code: 200
2026-05-07 18:10:18,301 - root - INFO - API response from https://sg5.fusionsolar.huawei.com/rest/openapi/pvms/nbi/v1/device/history (truncated): {'failCode': 0, 'success': True, 'message': 'historical data information query successful.', 'data': [{'devDn': 'NE=62806358', 'collectTime': 1778000400000, 'dataItems': {'radiant_line': 0.0, 'horiz_radiant_total': None, 'horiz_radiant_line': None, 'temperature': 27.8, 'wind_speed': None, 'wind_direction': None, 'radiant_total': 0.0, 'pv_temperature': 28.0}}, {'devDn': 'NE=62806358', 'collectTime': 1778000700000, 'dataItems': {'radiant_line': 0.0, 'horiz_radiant_total': None, 'horiz_radiant_line...
2026-05-07 18:10:18,303 - root - INFO - API Response type: <class 'dict'>
2026-05-07 18:10:18,303 - root - INFO - API Response keys: ['failCode', 'success', 'message', 'data']
2026-05-07 18:10:18,303 - root - INFO - API Response data is a list with 288 items
2026-05-07 18:10:18,303 - root - INFO - API Response has failCode: 0, message: historical data information query successful.
2026-05-07 18:10:18,303 - root - INFO - Using alternate response format: data as list
2026-05-07 18:10:18,304 - root - INFO - Received 288 data points from API
2026-05-07 18:10:18,304 - root - INFO - Sample data point structure: ['devDn', 'collectTime', 'dataItems']
2026-05-07 18:10:18,388 - root - INFO - Successfully upserted 288 data points.
2026-05-07 18:10:25,670 - root - INFO - Using single devDn for device/history (API: one device per query)
2026-05-07 18:10:25,671 - root - INFO - Fetching historical data for 1 devices of type meteo_station
2026-05-07 18:10:25,672 - root - INFO - Making API request to: https://sg5.fusionsolar.huawei.com/rest/openapi/pvms/nbi/v1/device/history
2026-05-07 18:10:25,672 - root - INFO - Request payload: {'devDn': 'NE=62806362', 'devTypeId': 10, 'startTime': 1778000400000, 'endTime': 1778086799000}
2026-05-07 18:10:26,323 - root - INFO - Response status code: 200
2026-05-07 18:10:26,325 - root - INFO - API response from https://sg5.fusionsolar.huawei.com/rest/openapi/pvms/nbi/v1/device/history (truncated): {'failCode': 0, 'success': True, 'message': 'historical data information query successful.', 'data': [{'devDn': 'NE=62806362', 'collectTime': 1778000400000, 'dataItems': {'radiant_line': 0.0, 'horiz_radiant_total': None, 'horiz_radiant_line': None, 'temperature': 27.9, 'wind_speed': None, 'wind_direction': None, 'radiant_total': 0.0, 'pv_temperature': None}}, {'devDn': 'NE=62806362', 'collectTime': 1778000700000, 'dataItems': {'radiant_line': 0.0, 'horiz_radiant_total': None, 'horiz_radiant_line...
2026-05-07 18:10:26,327 - root - INFO - API Response type: <class 'dict'>
2026-05-07 18:10:26,327 - root - INFO - API Response keys: ['failCode', 'success', 'message', 'data']
2026-05-07 18:10:26,327 - root - INFO - API Response data is a list with 288 items
2026-05-07 18:10:26,328 - root - INFO - API Response has failCode: 0, message: historical data information query successful.
2026-05-07 18:10:26,328 - root - INFO - Using alternate response format: data as list
2026-05-07 18:10:26,328 - root - INFO - Received 288 data points from API
2026-05-07 18:10:26,328 - root - INFO - Sample data point structure: ['devDn', 'collectTime', 'dataItems']
2026-05-07 18:10:26,407 - root - INFO - Successfully upserted 288 data points.
2026-05-07 18:10:32,793 - root - INFO - Using single devDn for device/history (API: one device per query)
2026-05-07 18:10:32,795 - root - INFO - Fetching historical data for 1 devices of type meteo_station
2026-05-07 18:10:32,795 - root - INFO - Making API request to: https://sg5.fusionsolar.huawei.com/rest/openapi/pvms/nbi/v1/device/history
2026-05-07 18:10:32,795 - root - INFO - Request payload: {'devDn': 'NE=62806359', 'devTypeId': 10, 'startTime': 1778000400000, 'endTime': 1778086799000}
2026-05-07 18:10:33,463 - root - INFO - Response status code: 200
2026-05-07 18:10:33,466 - root - INFO - API response from https://sg5.fusionsolar.huawei.com/rest/openapi/pvms/nbi/v1/device/history (truncated): {'failCode': 0, 'success': True, 'message': 'historical data information query successful.', 'data': [{'devDn': 'NE=62806359', 'collectTime': 1778000400000, 'dataItems': {'radiant_line': 0.0, 'horiz_radiant_total': None, 'horiz_radiant_line': None, 'temperature': None, 'wind_speed': None, 'wind_direction': None, 'radiant_total': 0.0, 'pv_temperature': 27.2}}, {'devDn': 'NE=62806359', 'collectTime': 1778000700000, 'dataItems': {'radiant_line': 0.0, 'horiz_radiant_total': None, 'horiz_radiant_line...
2026-05-07 18:10:33,468 - root - INFO - API Response type: <class 'dict'>
2026-05-07 18:10:33,468 - root - INFO - API Response keys: ['failCode', 'success', 'message', 'data']
2026-05-07 18:10:33,468 - root - INFO - API Response data is a list with 288 items
2026-05-07 18:10:33,468 - root - INFO - API Response has failCode: 0, message: historical data information query successful.
2026-05-07 18:10:33,468 - root - INFO - Using alternate response format: data as list
2026-05-07 18:10:33,468 - root - INFO - Received 288 data points from API
2026-05-07 18:10:33,468 - root - INFO - Sample data point structure: ['devDn', 'collectTime', 'dataItems']
2026-05-07 18:10:33,554 - root - INFO - Successfully upserted 288 data points.
2026-05-07 18:10:38,156 - root - INFO - Using single devDn for device/history (API: one device per query)
2026-05-07 18:10:38,158 - root - INFO - Fetching historical data for 1 devices of type meteo_station
2026-05-07 18:10:38,158 - root - INFO - Making API request to: https://sg5.fusionsolar.huawei.com/rest/openapi/pvms/nbi/v1/device/history
2026-05-07 18:10:38,158 - root - INFO - Request payload: {'devDn': 'NE=62806361', 'devTypeId': 10, 'startTime': 1778000400000, 'endTime': 1778086799000}
2026-05-07 18:10:38,904 - root - INFO - Response status code: 200
2026-05-07 18:10:38,907 - root - INFO - API response from https://sg5.fusionsolar.huawei.com/rest/openapi/pvms/nbi/v1/device/history (truncated): {'failCode': 0, 'success': True, 'message': 'historical data information query successful.', 'data': [{'devDn': 'NE=62806361', 'collectTime': 1778000400000, 'dataItems': {'radiant_line': 0.0, 'horiz_radiant_total': None, 'horiz_radiant_line': None, 'temperature': None, 'wind_speed': None, 'wind_direction': None, 'radiant_total': 0.0, 'pv_temperature': 27.9}}, {'devDn': 'NE=62806361', 'collectTime': 1778000700000, 'dataItems': {'radiant_line': 0.0, 'horiz_radiant_total': None, 'horiz_radiant_line...
2026-05-07 18:10:38,909 - root - INFO - API Response type: <class 'dict'>
2026-05-07 18:10:38,909 - root - INFO - API Response keys: ['failCode', 'success', 'message', 'data']
2026-05-07 18:10:38,909 - root - INFO - API Response data is a list with 288 items
2026-05-07 18:10:38,909 - root - INFO - API Response has failCode: 0, message: historical data information query successful.
2026-05-07 18:10:38,910 - root - INFO - Using alternate response format: data as list
2026-05-07 18:10:38,910 - root - INFO - Received 288 data points from API
2026-05-07 18:10:38,910 - root - INFO - Sample data point structure: ['devDn', 'collectTime', 'dataItems']
2026-05-07 18:10:38,991 - root - INFO - Successfully upserted 288 data points.
2026-05-07 18:10:42,754 - root - INFO - Using single devDn for device/history (API: one device per query)
2026-05-07 18:10:42,755 - root - INFO - Fetching historical data for 1 devices of type meteo_station
2026-05-07 18:10:42,756 - root - INFO - Making API request to: https://sg5.fusionsolar.huawei.com/rest/openapi/pvms/nbi/v1/device/history
2026-05-07 18:10:42,756 - root - INFO - Request payload: {'devDn': 'NE=64100324', 'devTypeId': 10, 'startTime': 1778000400000, 'endTime': 1778086799000}
2026-05-07 18:10:43,497 - root - INFO - Response status code: 200
2026-05-07 18:10:43,504 - root - INFO - API response from https://sg5.fusionsolar.huawei.com/rest/openapi/pvms/nbi/v1/device/history (truncated): {'failCode': 0, 'success': True, 'message': 'historical data information query successful.', 'data': [{'devDn': 'NE=64100324', 'collectTime': 1778000400000, 'dataItems': {'radiant_line': 0.0, 'horiz_radiant_total': None, 'horiz_radiant_line': None, 'temperature': None, 'wind_speed': None, 'wind_direction': None, 'radiant_total': 0.0, 'pv_temperature': 27.3}}, {'devDn': 'NE=64100324', 'collectTime': 1778000700000, 'dataItems': {'radiant_line': 0.0, 'horiz_radiant_total': None, 'horiz_radiant_line...
2026-05-07 18:10:43,509 - root - INFO - API Response type: <class 'dict'>
2026-05-07 18:10:43,509 - root - INFO - API Response keys: ['failCode', 'success', 'message', 'data']
2026-05-07 18:10:43,510 - root - INFO - API Response data is a list with 288 items
2026-05-07 18:10:43,510 - root - INFO - API Response has failCode: 0, message: historical data information query successful.
2026-05-07 18:10:43,510 - root - INFO - Using alternate response format: data as list
2026-05-07 18:10:43,510 - root - INFO - Received 288 data points from API
2026-05-07 18:10:43,510 - root - INFO - Sample data point structure: ['devDn', 'collectTime', 'dataItems']
2026-05-07 18:10:43,593 - root - INFO - Successfully upserted 288 data points.
2026-05-07 18:10:47,070 - root - INFO - Using single devDn for device/history (API: one device per query)
2026-05-07 18:10:47,072 - root - INFO - Fetching historical data for 1 devices of type meteo_station
2026-05-07 18:10:47,072 - root - INFO - Making API request to: https://sg5.fusionsolar.huawei.com/rest/openapi/pvms/nbi/v1/device/history
2026-05-07 18:10:47,072 - root - INFO - Request payload: {'devDn': 'NE=69854700', 'devTypeId': 10, 'startTime': 1778000400000, 'endTime': 1778086799000}
2026-05-07 18:10:47,837 - root - INFO - Response status code: 200
2026-05-07 18:10:47,840 - root - INFO - API response from https://sg5.fusionsolar.huawei.com/rest/openapi/pvms/nbi/v1/device/history (truncated): {'failCode': 0, 'success': True, 'message': 'historical data information query successful.', 'data': [{'devDn': 'NE=69854700', 'collectTime': 1778000400000, 'dataItems': {'radiant_line': None, 'horiz_radiant_total': None, 'horiz_radiant_line': None, 'temperature': 27.6, 'wind_speed': 2.8, 'wind_direction': 2.0, 'radiant_total': None, 'pv_temperature': None}}, {'devDn': 'NE=69854700', 'collectTime': 1778000700000, 'dataItems': {'radiant_line': None, 'horiz_radiant_total': None, 'horiz_radiant_lin...
2026-05-07 18:10:47,844 - root - INFO - API Response type: <class 'dict'>
2026-05-07 18:10:47,844 - root - INFO - API Response keys: ['failCode', 'success', 'message', 'data']
2026-05-07 18:10:47,844 - root - INFO - API Response data is a list with 288 items
2026-05-07 18:10:47,844 - root - INFO - API Response has failCode: 0, message: historical data information query successful.
2026-05-07 18:10:47,844 - root - INFO - Using alternate response format: data as list
2026-05-07 18:10:47,844 - root - INFO - Received 288 data points from API
2026-05-07 18:10:47,844 - root - INFO - Sample data point structure: ['devDn', 'collectTime', 'dataItems']
2026-05-07 18:10:47,925 - root - INFO - Successfully upserted 288 data points.
2026-05-07 18:10:51,065 - root - INFO - Using single devDn for device/history (API: one device per query)
2026-05-07 18:10:51,067 - root - INFO - Fetching historical data for 1 devices of type meteo_station
2026-05-07 18:10:51,067 - root - INFO - Making API request to: https://sg5.fusionsolar.huawei.com/rest/openapi/pvms/nbi/v1/device/history
2026-05-07 18:10:51,067 - root - INFO - Request payload: {'devDn': 'NE=64100582', 'devTypeId': 10, 'startTime': 1778000400000, 'endTime': 1778086799000}
2026-05-07 18:10:51,735 - root - INFO - Response status code: 200
2026-05-07 18:10:51,738 - root - INFO - API response from https://sg5.fusionsolar.huawei.com/rest/openapi/pvms/nbi/v1/device/history (truncated): {'failCode': 0, 'success': True, 'message': 'historical data information query successful.', 'data': [{'devDn': 'NE=64100582', 'collectTime': 1778000400000, 'dataItems': {'radiant_line': 0.0, 'horiz_radiant_total': None, 'horiz_radiant_line': None, 'temperature': 27.5, 'wind_speed': None, 'wind_direction': None, 'radiant_total': 0.0, 'pv_temperature': 27.9}}, {'devDn': 'NE=64100582', 'collectTime': 1778000700000, 'dataItems': {'radiant_line': 0.0, 'horiz_radiant_total': None, 'horiz_radiant_line...
2026-05-07 18:10:51,740 - root - INFO - API Response type: <class 'dict'>
2026-05-07 18:10:51,740 - root - INFO - API Response keys: ['failCode', 'success', 'message', 'data']
2026-05-07 18:10:51,741 - root - INFO - API Response data is a list with 288 items
2026-05-07 18:10:51,741 - root - INFO - API Response has failCode: 0, message: historical data information query successful.
2026-05-07 18:10:51,741 - root - INFO - Using alternate response format: data as list
2026-05-07 18:10:51,741 - root - INFO - Received 288 data points from API
2026-05-07 18:10:51,741 - root - INFO - Sample data point structure: ['devDn', 'collectTime', 'dataItems']
2026-05-07 18:10:51,821 - root - INFO - Successfully upserted 288 data points.
2026-05-07 18:10:55,450 - root - INFO - Using single devDn for device/history (API: one device per query)
2026-05-07 18:10:55,451 - root - INFO - Fetching historical data for 1 devices of type meteo_station
2026-05-07 18:10:55,451 - root - INFO - Making API request to: https://sg5.fusionsolar.huawei.com/rest/openapi/pvms/nbi/v1/device/history
2026-05-07 18:10:55,452 - root - INFO - Request payload: {'devDn': 'NE=54493962', 'devTypeId': 10, 'startTime': 1778000400000, 'endTime': 1778086799000}
2026-05-07 18:10:55,949 - root - INFO - Response status code: 200
2026-05-07 18:10:55,949 - root - INFO - API response from https://sg5.fusionsolar.huawei.com/rest/openapi/pvms/nbi/v1/device/history (truncated): {'failCode': 0, 'success': True, 'message': 'historical data information query successful.', 'data': []}
2026-05-07 18:10:55,951 - root - INFO - API Response type: <class 'dict'>
2026-05-07 18:10:55,952 - root - INFO - API Response keys: ['failCode', 'success', 'message', 'data']
2026-05-07 18:10:55,952 - root - INFO - API Response data is a list with 0 items
2026-05-07 18:10:55,952 - root - INFO - API Response has failCode: 0, message: historical data information query successful.
2026-05-07 18:10:55,952 - root - INFO - Using alternate response format: data as list
2026-05-07 18:10:55,952 - root - INFO - No data points returned for the query period
2026-05-07 18:10:55,952 - root - INFO - Using single devDn for device/history (API: one device per query)
2026-05-07 18:10:55,953 - root - INFO - Fetching historical data for 1 devices of type meteo_station
2026-05-07 18:10:55,953 - root - INFO - Making API request to: https://sg5.fusionsolar.huawei.com/rest/openapi/pvms/nbi/v1/device/history
2026-05-07 18:10:55,953 - root - INFO - Request payload: {'devDn': 'NE=54493936', 'devTypeId': 10, 'startTime': 1778000400000, 'endTime': 1778086799000}
2026-05-07 18:10:56,283 - root - INFO - Response status code: 200
2026-05-07 18:10:56,283 - root - INFO - API response from https://sg5.fusionsolar.huawei.com/rest/openapi/pvms/nbi/v1/device/history (truncated): {'failCode': 407, 'success': False, 'message': 'Interface access frequency:0.39333333333333337/1second', 'data': []}
2026-05-07 18:10:56,284 - root - WARNING - API access frequency too high. Waiting 30 seconds before retry...
2026-05-07 18:11:26,284 - root - INFO - Retrying API request after rate limit wait...
2026-05-07 18:11:26,284 - root - INFO - Making API request to: https://sg5.fusionsolar.huawei.com/rest/openapi/pvms/nbi/v1/device/history
2026-05-07 18:11:26,285 - root - INFO - Request payload: {'devDn': 'NE=54493936', 'devTypeId': 10, 'startTime': 1778000400000, 'endTime': 1778086799000}
2026-05-07 18:11:26,710 - root - INFO - Response status code: 200
2026-05-07 18:11:26,711 - root - INFO - API response from https://sg5.fusionsolar.huawei.com/rest/openapi/pvms/nbi/v1/device/history (truncated): {'failCode': 0, 'success': True, 'message': 'historical data information query successful.', 'data': []}
2026-05-07 18:11:26,714 - root - INFO - API Response type: <class 'dict'>
2026-05-07 18:11:26,714 - root - INFO - API Response keys: ['failCode', 'success', 'message', 'data']
2026-05-07 18:11:26,714 - root - INFO - API Response data is a list with 0 items
2026-05-07 18:11:26,714 - root - INFO - API Response has failCode: 0, message: historical data information query successful.
2026-05-07 18:11:26,714 - root - INFO - Using alternate response format: data as list
2026-05-07 18:11:26,715 - root - INFO - No data points returned for the query period
2026-05-07 18:11:26,715 - root - INFO - Using single devDn for device/history (API: one device per query)
2026-05-07 18:11:26,715 - root - INFO - Fetching historical data for 1 devices of type meteo_station
2026-05-07 18:11:26,715 - root - INFO - Making API request to: https://sg5.fusionsolar.huawei.com/rest/openapi/pvms/nbi/v1/device/history
2026-05-07 18:11:26,715 - root - INFO - Request payload: {'devDn': 'NE=54435798', 'devTypeId': 10, 'startTime': 1778000400000, 'endTime': 1778086799000}
2026-05-07 18:11:27,023 - root - INFO - Response status code: 200
2026-05-07 18:11:27,023 - root - INFO - API response from https://sg5.fusionsolar.huawei.com/rest/openapi/pvms/nbi/v1/device/history (truncated): {'failCode': 407, 'success': False, 'message': 'Interface access frequency:0.39333333333333337/1second', 'data': []}
2026-05-07 18:11:27,024 - root - WARNING - API access frequency too high. Waiting 30 seconds before retry...
2026-05-07 18:11:57,025 - root - INFO - Retrying API request after rate limit wait...
2026-05-07 18:11:57,025 - root - INFO - Making API request to: https://sg5.fusionsolar.huawei.com/rest/openapi/pvms/nbi/v1/device/history
2026-05-07 18:11:57,027 - root - INFO - Request payload: {'devDn': 'NE=54435798', 'devTypeId': 10, 'startTime': 1778000400000, 'endTime': 1778086799000}
2026-05-07 18:11:57,516 - root - INFO - Response status code: 200
2026-05-07 18:11:57,516 - root - INFO - API response from https://sg5.fusionsolar.huawei.com/rest/openapi/pvms/nbi/v1/device/history (truncated): {'failCode': 0, 'success': True, 'message': 'historical data information query successful.', 'data': []}
2026-05-07 18:11:57,519 - root - INFO - API Response type: <class 'dict'>
2026-05-07 18:11:57,520 - root - INFO - API Response keys: ['failCode', 'success', 'message', 'data']
2026-05-07 18:11:57,520 - root - INFO - API Response data is a list with 0 items
2026-05-07 18:11:57,520 - root - INFO - API Response has failCode: 0, message: historical data information query successful.
2026-05-07 18:11:57,520 - root - INFO - Using alternate response format: data as list
2026-05-07 18:11:57,520 - root - INFO - No data points returned for the query period
2026-05-07 18:11:57,520 - root - INFO - Using single devDn for device/history (API: one device per query)
2026-05-07 18:11:57,521 - root - INFO - Fetching historical data for 1 devices of type meteo_station
2026-05-07 18:11:57,521 - root - INFO - Making API request to: https://sg5.fusionsolar.huawei.com/rest/openapi/pvms/nbi/v1/device/history
2026-05-07 18:11:57,521 - root - INFO - Request payload: {'devDn': 'NE=54609106', 'devTypeId': 10, 'startTime': 1778000400000, 'endTime': 1778086799000}
2026-05-07 18:11:57,839 - root - INFO - Response status code: 200
2026-05-07 18:11:57,839 - root - INFO - API response from https://sg5.fusionsolar.huawei.com/rest/openapi/pvms/nbi/v1/device/history (truncated): {'failCode': 407, 'success': False, 'message': 'Interface access frequency:0.39333333333333337/1second', 'data': []}
2026-05-07 18:11:57,840 - root - WARNING - API access frequency too high. Waiting 30 seconds before retry...
2026-05-07 18:12:27,840 - root - INFO - Retrying API request after rate limit wait...
2026-05-07 18:12:27,840 - root - INFO - Making API request to: https://sg5.fusionsolar.huawei.com/rest/openapi/pvms/nbi/v1/device/history
2026-05-07 18:12:27,841 - root - INFO - Request payload: {'devDn': 'NE=54609106', 'devTypeId': 10, 'startTime': 1778000400000, 'endTime': 1778086799000}
2026-05-07 18:12:28,269 - root - INFO - Response status code: 200
2026-05-07 18:12:28,270 - root - INFO - API response from https://sg5.fusionsolar.huawei.com/rest/openapi/pvms/nbi/v1/device/history (truncated): {'failCode': 0, 'success': True, 'message': 'historical data information query successful.', 'data': []}
2026-05-07 18:12:28,273 - root - INFO - API Response type: <class 'dict'>
2026-05-07 18:12:28,273 - root - INFO - API Response keys: ['failCode', 'success', 'message', 'data']
2026-05-07 18:12:28,273 - root - INFO - API Response data is a list with 0 items
2026-05-07 18:12:28,274 - root - INFO - API Response has failCode: 0, message: historical data information query successful.
2026-05-07 18:12:28,274 - root - INFO - Using alternate response format: data as list
2026-05-07 18:12:28,274 - root - INFO - No data points returned for the query period
2026-05-07 18:12:28,274 - root - INFO - Using single devDn for device/history (API: one device per query)
2026-05-07 18:12:28,275 - root - INFO - Fetching historical data for 1 devices of type meteo_station
2026-05-07 18:12:28,275 - root - INFO - Making API request to: https://sg5.fusionsolar.huawei.com/rest/openapi/pvms/nbi/v1/device/history
2026-05-07 18:12:28,275 - root - INFO - Request payload: {'devDn': 'NE=54609108', 'devTypeId': 10, 'startTime': 1778000400000, 'endTime': 1778086799000}
2026-05-07 18:12:28,637 - root - INFO - Response status code: 200
2026-05-07 18:12:28,637 - root - INFO - API response from https://sg5.fusionsolar.huawei.com/rest/openapi/pvms/nbi/v1/device/history (truncated): {'failCode': 407, 'success': False, 'message': 'Interface access frequency:0.39333333333333337/1second', 'data': []}
2026-05-07 18:12:28,638 - root - WARNING - API access frequency too high. Waiting 30 seconds before retry...
2026-05-07 18:12:58,638 - root - INFO - Retrying API request after rate limit wait...
2026-05-07 18:12:58,638 - root - INFO - Making API request to: https://sg5.fusionsolar.huawei.com/rest/openapi/pvms/nbi/v1/device/history
2026-05-07 18:12:58,639 - root - INFO - Request payload: {'devDn': 'NE=54609108', 'devTypeId': 10, 'startTime': 1778000400000, 'endTime': 1778086799000}
2026-05-07 18:12:59,091 - root - INFO - Response status code: 200
2026-05-07 18:12:59,091 - root - INFO - API response from https://sg5.fusionsolar.huawei.com/rest/openapi/pvms/nbi/v1/device/history (truncated): {'failCode': 0, 'success': True, 'message': 'historical data information query successful.', 'data': []}
2026-05-07 18:12:59,095 - root - INFO - API Response type: <class 'dict'>
2026-05-07 18:12:59,095 - root - INFO - API Response keys: ['failCode', 'success', 'message', 'data']
2026-05-07 18:12:59,095 - root - INFO - API Response data is a list with 0 items
2026-05-07 18:12:59,095 - root - INFO - API Response has failCode: 0, message: historical data information query successful.
2026-05-07 18:12:59,096 - root - INFO - Using alternate response format: data as list
2026-05-07 18:12:59,096 - root - INFO - No data points returned for the query period
2026-05-07 18:12:59,097 - root - INFO - Using single devDn for device/history (API: one device per query)
2026-05-07 18:12:59,098 - root - INFO - Fetching historical data for 1 devices of type meteo_station
2026-05-07 18:12:59,098 - root - INFO - Making API request to: https://sg5.fusionsolar.huawei.com/rest/openapi/pvms/nbi/v1/device/history
2026-05-07 18:12:59,098 - root - INFO - Request payload: {'devDn': 'NE=54457096', 'devTypeId': 10, 'startTime': 1778000400000, 'endTime': 1778086799000}
2026-05-07 18:12:59,414 - root - INFO - Response status code: 200
2026-05-07 18:12:59,414 - root - INFO - API response from https://sg5.fusionsolar.huawei.com/rest/openapi/pvms/nbi/v1/device/history (truncated): {'failCode': 407, 'success': False, 'message': 'Interface access frequency:0.39333333333333337/1second', 'data': []}
2026-05-07 18:12:59,415 - root - WARNING - API access frequency too high. Waiting 30 seconds before retry...
2026-05-07 18:13:29,415 - root - INFO - Retrying API request after rate limit wait...
2026-05-07 18:13:29,415 - root - INFO - Making API request to: https://sg5.fusionsolar.huawei.com/rest/openapi/pvms/nbi/v1/device/history
2026-05-07 18:13:29,416 - root - INFO - Request payload: {'devDn': 'NE=54457096', 'devTypeId': 10, 'startTime': 1778000400000, 'endTime': 1778086799000}
2026-05-07 18:13:30,058 - root - INFO - Response status code: 200
2026-05-07 18:13:30,060 - root - INFO - API response from https://sg5.fusionsolar.huawei.com/rest/openapi/pvms/nbi/v1/device/history (truncated): {'failCode': 0, 'success': True, 'message': 'historical data information query successful.', 'data': [{'devDn': 'NE=54457096', 'collectTime': 1778000400000, 'dataItems': {'radiant_line': 0.0, 'horiz_radiant_total': None, 'horiz_radiant_line': None, 'temperature': 25.2, 'wind_speed': 0.0, 'wind_direction': None, 'radiant_total': 0.0, 'pv_temperature': 26.2}}, {'devDn': 'NE=54457096', 'collectTime': 1778000700000, 'dataItems': {'radiant_line': 0.0, 'horiz_radiant_total': None, 'horiz_radiant_line'...
2026-05-07 18:13:30,063 - root - INFO - API Response type: <class 'dict'>
2026-05-07 18:13:30,063 - root - INFO - API Response keys: ['failCode', 'success', 'message', 'data']
2026-05-07 18:13:30,064 - root - INFO - API Response data is a list with 288 items
2026-05-07 18:13:30,064 - root - INFO - API Response has failCode: 0, message: historical data information query successful.
2026-05-07 18:13:30,064 - root - INFO - Using alternate response format: data as list
2026-05-07 18:13:30,064 - root - INFO - Received 288 data points from API
2026-05-07 18:13:30,064 - root - INFO - Sample data point structure: ['devDn', 'collectTime', 'dataItems']
2026-05-07 18:13:30,143 - root - INFO - Successfully upserted 288 data points.
2026-05-07 18:13:35,028 - root - INFO - Using single devDn for device/history (API: one device per query)
2026-05-07 18:13:35,030 - root - INFO - Fetching historical data for 1 devices of type meteo_station
2026-05-07 18:13:35,030 - root - INFO - Making API request to: https://sg5.fusionsolar.huawei.com/rest/openapi/pvms/nbi/v1/device/history
2026-05-07 18:13:35,030 - root - INFO - Request payload: {'devDn': 'NE=54479640', 'devTypeId': 10, 'startTime': 1778000400000, 'endTime': 1778086799000}
2026-05-07 18:13:35,592 - root - INFO - Response status code: 200
2026-05-07 18:13:35,598 - root - INFO - API response from https://sg5.fusionsolar.huawei.com/rest/openapi/pvms/nbi/v1/device/history (truncated): {'failCode': 0, 'success': True, 'message': 'historical data information query successful.', 'data': [{'devDn': 'NE=54479640', 'collectTime': 1778000400000, 'dataItems': {'radiant_line': 0.0, 'horiz_radiant_total': None, 'horiz_radiant_line': None, 'temperature': 26.2, 'wind_speed': 1.8, 'wind_direction': 360.0, 'radiant_total': 0.0, 'pv_temperature': 24.7}}, {'devDn': 'NE=54479640', 'collectTime': 1778000700000, 'dataItems': {'radiant_line': 0.0, 'horiz_radiant_total': None, 'horiz_radiant_line...
2026-05-07 18:13:35,600 - root - INFO - API Response type: <class 'dict'>
2026-05-07 18:13:35,600 - root - INFO - API Response keys: ['failCode', 'success', 'message', 'data']
2026-05-07 18:13:35,601 - root - INFO - API Response data is a list with 288 items
2026-05-07 18:13:35,601 - root - INFO - API Response has failCode: 0, message: historical data information query successful.
2026-05-07 18:13:35,601 - root - INFO - Using alternate response format: data as list
2026-05-07 18:13:35,601 - root - INFO - Received 288 data points from API
2026-05-07 18:13:35,601 - root - INFO - Sample data point structure: ['devDn', 'collectTime', 'dataItems']
2026-05-07 18:13:35,679 - root - INFO - Successfully upserted 288 data points.
2026-05-07 18:13:39,754 - root - INFO - Using single devDn for device/history (API: one device per query)
2026-05-07 18:13:39,756 - root - INFO - Fetching historical data for 1 devices of type meteo_station
2026-05-07 18:13:39,756 - root - INFO - Making API request to: https://sg5.fusionsolar.huawei.com/rest/openapi/pvms/nbi/v1/device/history
2026-05-07 18:13:39,756 - root - INFO - Request payload: {'devDn': 'NE=54453658', 'devTypeId': 10, 'startTime': 1778000400000, 'endTime': 1778086799000}
2026-05-07 18:13:40,355 - root - INFO - Response status code: 200
2026-05-07 18:13:40,358 - root - INFO - API response from https://sg5.fusionsolar.huawei.com/rest/openapi/pvms/nbi/v1/device/history (truncated): {'failCode': 0, 'success': True, 'message': 'historical data information query successful.', 'data': [{'devDn': 'NE=54453658', 'collectTime': 1778000400000, 'dataItems': {'radiant_line': 0.0, 'horiz_radiant_total': None, 'horiz_radiant_line': None, 'temperature': 25.4, 'wind_speed': 0.0, 'wind_direction': None, 'radiant_total': 0.0, 'pv_temperature': 26.2}}, {'devDn': 'NE=54453658', 'collectTime': 1778000700000, 'dataItems': {'radiant_line': 0.0, 'horiz_radiant_total': None, 'horiz_radiant_line'...
2026-05-07 18:13:40,360 - root - INFO - API Response type: <class 'dict'>
2026-05-07 18:13:40,360 - root - INFO - API Response keys: ['failCode', 'success', 'message', 'data']
2026-05-07 18:13:40,360 - root - INFO - API Response data is a list with 288 items
2026-05-07 18:13:40,360 - root - INFO - API Response has failCode: 0, message: historical data information query successful.
2026-05-07 18:13:40,361 - root - INFO - Using alternate response format: data as list
2026-05-07 18:13:40,361 - root - INFO - Received 288 data points from API
2026-05-07 18:13:40,361 - root - INFO - Sample data point structure: ['devDn', 'collectTime', 'dataItems']
2026-05-07 18:13:40,442 - root - INFO - Successfully upserted 288 data points.
2026-05-07 18:13:44,774 - root - INFO - Using single devDn for device/history (API: one device per query)
2026-05-07 18:13:44,776 - root - INFO - Fetching historical data for 1 devices of type meteo_station
2026-05-07 18:13:44,776 - root - INFO - Making API request to: https://sg5.fusionsolar.huawei.com/rest/openapi/pvms/nbi/v1/device/history
2026-05-07 18:13:44,776 - root - INFO - Request payload: {'devDn': 'NE=54436514', 'devTypeId': 10, 'startTime': 1778000400000, 'endTime': 1778086799000}
2026-05-07 18:13:45,327 - root - INFO - Response status code: 200
2026-05-07 18:13:45,330 - root - INFO - API response from https://sg5.fusionsolar.huawei.com/rest/openapi/pvms/nbi/v1/device/history (truncated): {'failCode': 0, 'success': True, 'message': 'historical data information query successful.', 'data': [{'devDn': 'NE=54436514', 'collectTime': 1778000400000, 'dataItems': {'radiant_line': 0.0, 'horiz_radiant_total': None, 'horiz_radiant_line': None, 'temperature': 25.6, 'wind_speed': 0.0, 'wind_direction': None, 'radiant_total': 0.0, 'pv_temperature': 26.2}}, {'devDn': 'NE=54436514', 'collectTime': 1778000700000, 'dataItems': {'radiant_line': 0.0, 'horiz_radiant_total': None, 'horiz_radiant_line'...
2026-05-07 18:13:45,332 - root - INFO - API Response type: <class 'dict'>
2026-05-07 18:13:45,332 - root - INFO - API Response keys: ['failCode', 'success', 'message', 'data']
2026-05-07 18:13:45,332 - root - INFO - API Response data is a list with 288 items
2026-05-07 18:13:45,332 - root - INFO - API Response has failCode: 0, message: historical data information query successful.
2026-05-07 18:13:45,333 - root - INFO - Using alternate response format: data as list
2026-05-07 18:13:45,333 - root - INFO - Received 288 data points from API
2026-05-07 18:13:45,333 - root - INFO - Sample data point structure: ['devDn', 'collectTime', 'dataItems']
2026-05-07 18:13:45,433 - root - INFO - Successfully upserted 288 data points.
2026-05-07 18:13:48,950 - root - INFO - Using single devDn for device/history (API: one device per query)
2026-05-07 18:13:48,952 - root - INFO - Fetching historical data for 1 devices of type meteo_station
2026-05-07 18:13:48,952 - root - INFO - Making API request to: https://sg5.fusionsolar.huawei.com/rest/openapi/pvms/nbi/v1/device/history
2026-05-07 18:13:48,952 - root - INFO - Request payload: {'devDn': 'NE=54455116', 'devTypeId': 10, 'startTime': 1778000400000, 'endTime': 1778086799000}
2026-05-07 18:13:49,648 - root - INFO - Response status code: 200
2026-05-07 18:13:49,650 - root - INFO - API response from https://sg5.fusionsolar.huawei.com/rest/openapi/pvms/nbi/v1/device/history (truncated): {'failCode': 0, 'success': True, 'message': 'historical data information query successful.', 'data': [{'devDn': 'NE=54455116', 'collectTime': 1778000400000, 'dataItems': {'radiant_line': 0.0, 'horiz_radiant_total': None, 'horiz_radiant_line': None, 'temperature': 25.7, 'wind_speed': 0.0, 'wind_direction': None, 'radiant_total': 0.0, 'pv_temperature': 26.3}}, {'devDn': 'NE=54455116', 'collectTime': 1778000700000, 'dataItems': {'radiant_line': 0.0, 'horiz_radiant_total': None, 'horiz_radiant_line'...
2026-05-07 18:13:49,653 - root - INFO - API Response type: <class 'dict'>
2026-05-07 18:13:49,653 - root - INFO - API Response keys: ['failCode', 'success', 'message', 'data']
2026-05-07 18:13:49,653 - root - INFO - API Response data is a list with 288 items
2026-05-07 18:13:49,653 - root - INFO - API Response has failCode: 0, message: historical data information query successful.
2026-05-07 18:13:49,653 - root - INFO - Using alternate response format: data as list
2026-05-07 18:13:49,653 - root - INFO - Received 288 data points from API
2026-05-07 18:13:49,653 - root - INFO - Sample data point structure: ['devDn', 'collectTime', 'dataItems']
2026-05-07 18:13:49,735 - root - INFO - Successfully upserted 288 data points.
2026-05-07 18:13:53,421 - root - INFO - Using single devDn for device/history (API: one device per query)
2026-05-07 18:13:53,422 - root - INFO - Fetching historical data for 1 devices of type meteo_station
2026-05-07 18:13:53,422 - root - INFO - Making API request to: https://sg5.fusionsolar.huawei.com/rest/openapi/pvms/nbi/v1/device/history
2026-05-07 18:13:53,422 - root - INFO - Request payload: {'devDn': 'NE=58284538', 'devTypeId': 10, 'startTime': 1778000400000, 'endTime': 1778086799000}
2026-05-07 18:13:54,069 - root - INFO - Response status code: 200
2026-05-07 18:13:54,073 - root - INFO - API response from https://sg5.fusionsolar.huawei.com/rest/openapi/pvms/nbi/v1/device/history (truncated): {'failCode': 0, 'success': True, 'message': 'historical data information query successful.', 'data': [{'devDn': 'NE=58284538', 'collectTime': 1778000400000, 'dataItems': {'radiant_line': 0.0, 'horiz_radiant_total': None, 'horiz_radiant_line': None, 'temperature': 26.8, 'wind_speed': None, 'wind_direction': None, 'radiant_total': 0.0, 'pv_temperature': 26.2}}, {'devDn': 'NE=58284538', 'collectTime': 1778000700000, 'dataItems': {'radiant_line': 0.0, 'horiz_radiant_total': None, 'horiz_radiant_line...
2026-05-07 18:13:54,074 - root - INFO - API Response type: <class 'dict'>
2026-05-07 18:13:54,075 - root - INFO - API Response keys: ['failCode', 'success', 'message', 'data']
2026-05-07 18:13:54,075 - root - INFO - API Response data is a list with 288 items
2026-05-07 18:13:54,075 - root - INFO - API Response has failCode: 0, message: historical data information query successful.
2026-05-07 18:13:54,075 - root - INFO - Using alternate response format: data as list
2026-05-07 18:13:54,075 - root - INFO - Received 288 data points from API
2026-05-07 18:13:54,075 - root - INFO - Sample data point structure: ['devDn', 'collectTime', 'dataItems']
2026-05-07 18:13:54,162 - root - INFO - Successfully upserted 288 data points.
2026-05-07 18:13:57,570 - root - INFO - Using single devDn for device/history (API: one device per query)
2026-05-07 18:13:57,572 - root - INFO - Fetching historical data for 1 devices of type meteo_station
2026-05-07 18:13:57,572 - root - INFO - Making API request to: https://sg5.fusionsolar.huawei.com/rest/openapi/pvms/nbi/v1/device/history
2026-05-07 18:13:57,572 - root - INFO - Request payload: {'devDn': 'NE=58291110', 'devTypeId': 10, 'startTime': 1778000400000, 'endTime': 1778086799000}
2026-05-07 18:13:58,384 - root - INFO - Response status code: 200
2026-05-07 18:13:58,393 - root - INFO - API response from https://sg5.fusionsolar.huawei.com/rest/openapi/pvms/nbi/v1/device/history (truncated): {'failCode': 0, 'success': True, 'message': 'historical data information query successful.', 'data': [{'devDn': 'NE=58291110', 'collectTime': 1778000400000, 'dataItems': {'radiant_line': 0.9, 'horiz_radiant_total': None, 'horiz_radiant_line': None, 'temperature': 26.1, 'wind_speed': None, 'wind_direction': None, 'radiant_total': 0.0, 'pv_temperature': 26.1}}, {'devDn': 'NE=58291110', 'collectTime': 1778000700000, 'dataItems': {'radiant_line': 0.4, 'horiz_radiant_total': None, 'horiz_radiant_line...
2026-05-07 18:13:58,396 - root - INFO - API Response type: <class 'dict'>
2026-05-07 18:13:58,396 - root - INFO - API Response keys: ['failCode', 'success', 'message', 'data']
2026-05-07 18:13:58,396 - root - INFO - API Response data is a list with 288 items
2026-05-07 18:13:58,396 - root - INFO - API Response has failCode: 0, message: historical data information query successful.
2026-05-07 18:13:58,396 - root - INFO - Using alternate response format: data as list
2026-05-07 18:13:58,396 - root - INFO - Received 288 data points from API
2026-05-07 18:13:58,396 - root - INFO - Sample data point structure: ['devDn', 'collectTime', 'dataItems']
2026-05-07 18:13:58,479 - root - INFO - Successfully upserted 288 data points.
2026-05-07 18:14:01,915 - root - INFO - Using single devDn for device/history (API: one device per query)
2026-05-07 18:14:01,917 - root - INFO - Fetching historical data for 1 devices of type meteo_station
2026-05-07 18:14:01,917 - root - INFO - Making API request to: https://sg5.fusionsolar.huawei.com/rest/openapi/pvms/nbi/v1/device/history
2026-05-07 18:14:01,917 - root - INFO - Request payload: {'devDn': 'NE=58291113', 'devTypeId': 10, 'startTime': 1778000400000, 'endTime': 1778086799000}
2026-05-07 18:14:02,587 - root - INFO - Response status code: 200
2026-05-07 18:14:02,593 - root - INFO - API response from https://sg5.fusionsolar.huawei.com/rest/openapi/pvms/nbi/v1/device/history (truncated): {'failCode': 0, 'success': True, 'message': 'historical data information query successful.', 'data': [{'devDn': 'NE=58291113', 'collectTime': 1778000400000, 'dataItems': {'radiant_line': 0.0, 'horiz_radiant_total': None, 'horiz_radiant_line': None, 'temperature': 26.3, 'wind_speed': None, 'wind_direction': None, 'radiant_total': 0.0, 'pv_temperature': None}}, {'devDn': 'NE=58291113', 'collectTime': 1778000700000, 'dataItems': {'radiant_line': 0.0, 'horiz_radiant_total': None, 'horiz_radiant_line...
2026-05-07 18:14:02,595 - root - INFO - API Response type: <class 'dict'>
2026-05-07 18:14:02,595 - root - INFO - API Response keys: ['failCode', 'success', 'message', 'data']
2026-05-07 18:14:02,595 - root - INFO - API Response data is a list with 288 items
2026-05-07 18:14:02,595 - root - INFO - API Response has failCode: 0, message: historical data information query successful.
2026-05-07 18:14:02,595 - root - INFO - Using alternate response format: data as list
2026-05-07 18:14:02,595 - root - INFO - Received 288 data points from API
2026-05-07 18:14:02,596 - root - INFO - Sample data point structure: ['devDn', 'collectTime', 'dataItems']
2026-05-07 18:14:02,679 - root - INFO - Successfully upserted 288 data points.
2026-05-07 18:14:06,903 - root - INFO - Using single devDn for device/history (API: one device per query)
2026-05-07 18:14:06,905 - root - INFO - Fetching historical data for 1 devices of type meteo_station
2026-05-07 18:14:06,905 - root - INFO - Making API request to: https://sg5.fusionsolar.huawei.com/rest/openapi/pvms/nbi/v1/device/history
2026-05-07 18:14:06,905 - root - INFO - Request payload: {'devDn': 'NE=58291112', 'devTypeId': 10, 'startTime': 1778000400000, 'endTime': 1778086799000}
2026-05-07 18:14:07,572 - root - INFO - Response status code: 200
2026-05-07 18:14:07,575 - root - INFO - API response from https://sg5.fusionsolar.huawei.com/rest/openapi/pvms/nbi/v1/device/history (truncated): {'failCode': 0, 'success': True, 'message': 'historical data information query successful.', 'data': [{'devDn': 'NE=58291112', 'collectTime': 1778000400000, 'dataItems': {'radiant_line': 0.9, 'horiz_radiant_total': None, 'horiz_radiant_line': None, 'temperature': 26.5, 'wind_speed': None, 'wind_direction': None, 'radiant_total': 0.0, 'pv_temperature': 25.9}}, {'devDn': 'NE=58291112', 'collectTime': 1778000700000, 'dataItems': {'radiant_line': 0.9, 'horiz_radiant_total': None, 'horiz_radiant_line...
2026-05-07 18:14:07,577 - root - INFO - API Response type: <class 'dict'>
2026-05-07 18:14:07,577 - root - INFO - API Response keys: ['failCode', 'success', 'message', 'data']
2026-05-07 18:14:07,577 - root - INFO - API Response data is a list with 288 items
2026-05-07 18:14:07,577 - root - INFO - API Response has failCode: 0, message: historical data information query successful.
2026-05-07 18:14:07,577 - root - INFO - Using alternate response format: data as list
2026-05-07 18:14:07,577 - root - INFO - Received 288 data points from API
2026-05-07 18:14:07,578 - root - INFO - Sample data point structure: ['devDn', 'collectTime', 'dataItems']
2026-05-07 18:14:07,659 - root - INFO - Successfully upserted 288 data points.
2026-05-07 18:14:11,565 - root - INFO - Using single devDn for device/history (API: one device per query)
2026-05-07 18:14:11,567 - root - INFO - Fetching historical data for 1 devices of type meteo_station
2026-05-07 18:14:11,567 - root - INFO - Making API request to: https://sg5.fusionsolar.huawei.com/rest/openapi/pvms/nbi/v1/device/history
2026-05-07 18:14:11,567 - root - INFO - Request payload: {'devDn': 'NE=58291114', 'devTypeId': 10, 'startTime': 1778000400000, 'endTime': 1778086799000}
2026-05-07 18:14:12,665 - root - INFO - Response status code: 200
2026-05-07 18:14:12,668 - root - INFO - API response from https://sg5.fusionsolar.huawei.com/rest/openapi/pvms/nbi/v1/device/history (truncated): {'failCode': 0, 'success': True, 'message': 'historical data information query successful.', 'data': [{'devDn': 'NE=58291114', 'collectTime': 1778000400000, 'dataItems': {'radiant_line': 0.0, 'horiz_radiant_total': None, 'horiz_radiant_line': None, 'temperature': 26.8, 'wind_speed': None, 'wind_direction': None, 'radiant_total': 0.0, 'pv_temperature': 26.0}}, {'devDn': 'NE=58291114', 'collectTime': 1778000700000, 'dataItems': {'radiant_line': 0.0, 'horiz_radiant_total': None, 'horiz_radiant_line...
2026-05-07 18:14:12,670 - root - INFO - API Response type: <class 'dict'>
2026-05-07 18:14:12,670 - root - INFO - API Response keys: ['failCode', 'success', 'message', 'data']
2026-05-07 18:14:12,670 - root - INFO - API Response data is a list with 288 items
2026-05-07 18:14:12,670 - root - INFO - API Response has failCode: 0, message: historical data information query successful.
2026-05-07 18:14:12,670 - root - INFO - Using alternate response format: data as list
2026-05-07 18:14:12,670 - root - INFO - Received 288 data points from API
2026-05-07 18:14:12,670 - root - INFO - Sample data point structure: ['devDn', 'collectTime', 'dataItems']
2026-05-07 18:14:12,759 - root - INFO - Successfully upserted 288 data points.
2026-05-07 18:14:16,053 - root - INFO - Using single devDn for device/history (API: one device per query)
2026-05-07 18:14:16,054 - root - INFO - Fetching historical data for 1 devices of type meteo_station
2026-05-07 18:14:16,055 - root - INFO - Making API request to: https://sg5.fusionsolar.huawei.com/rest/openapi/pvms/nbi/v1/device/history
2026-05-07 18:14:16,055 - root - INFO - Request payload: {'devDn': 'NE=53784299', 'devTypeId': 10, 'startTime': 1778000400000, 'endTime': 1778086799000}
2026-05-07 18:14:16,719 - root - INFO - Response status code: 200
2026-05-07 18:14:16,722 - root - INFO - API response from https://sg5.fusionsolar.huawei.com/rest/openapi/pvms/nbi/v1/device/history (truncated): {'failCode': 0, 'success': True, 'message': 'historical data information query successful.', 'data': [{'devDn': 'NE=53784299', 'collectTime': 1778000400000, 'dataItems': {'radiant_line': 0.0, 'horiz_radiant_total': None, 'horiz_radiant_line': None, 'temperature': 0.0, 'wind_speed': 0.0, 'wind_direction': None, 'radiant_total': 0.0, 'pv_temperature': 25.4}}, {'devDn': 'NE=53784299', 'collectTime': 1778000700000, 'dataItems': {'radiant_line': 0.0, 'horiz_radiant_total': None, 'horiz_radiant_line':...
2026-05-07 18:14:16,724 - root - INFO - API Response type: <class 'dict'>
2026-05-07 18:14:16,724 - root - INFO - API Response keys: ['failCode', 'success', 'message', 'data']
2026-05-07 18:14:16,724 - root - INFO - API Response data is a list with 288 items
2026-05-07 18:14:16,724 - root - INFO - API Response has failCode: 0, message: historical data information query successful.
2026-05-07 18:14:16,724 - root - INFO - Using alternate response format: data as list
2026-05-07 18:14:16,725 - root - INFO - Received 288 data points from API
2026-05-07 18:14:16,725 - root - INFO - Sample data point structure: ['devDn', 'collectTime', 'dataItems']
2026-05-07 18:14:16,809 - root - INFO - Successfully upserted 288 data points.
2026-05-07 18:14:22,882 - root - INFO - Using single devDn for device/history (API: one device per query)
2026-05-07 18:14:22,883 - root - INFO - Fetching historical data for 1 devices of type meteo_station
2026-05-07 18:14:22,883 - root - INFO - Making API request to: https://sg5.fusionsolar.huawei.com/rest/openapi/pvms/nbi/v1/device/history
2026-05-07 18:14:22,883 - root - INFO - Request payload: {'devDn': 'NE=53784298', 'devTypeId': 10, 'startTime': 1778000400000, 'endTime': 1778086799000}
2026-05-07 18:14:23,582 - root - INFO - Response status code: 200
2026-05-07 18:14:23,585 - root - INFO - API response from https://sg5.fusionsolar.huawei.com/rest/openapi/pvms/nbi/v1/device/history (truncated): {'failCode': 0, 'success': True, 'message': 'historical data information query successful.', 'data': [{'devDn': 'NE=53784298', 'collectTime': 1778000400000, 'dataItems': {'radiant_line': 0.0, 'horiz_radiant_total': None, 'horiz_radiant_line': None, 'temperature': 0.0, 'wind_speed': 0.0, 'wind_direction': None, 'radiant_total': 0.0, 'pv_temperature': 25.5}}, {'devDn': 'NE=53784298', 'collectTime': 1778000700000, 'dataItems': {'radiant_line': 0.0, 'horiz_radiant_total': None, 'horiz_radiant_line':...
2026-05-07 18:14:23,587 - root - INFO - API Response type: <class 'dict'>
2026-05-07 18:14:23,587 - root - INFO - API Response keys: ['failCode', 'success', 'message', 'data']
2026-05-07 18:14:23,587 - root - INFO - API Response data is a list with 288 items
2026-05-07 18:14:23,587 - root - INFO - API Response has failCode: 0, message: historical data information query successful.
2026-05-07 18:14:23,587 - root - INFO - Using alternate response format: data as list
2026-05-07 18:14:23,588 - root - INFO - Received 288 data points from API
2026-05-07 18:14:23,588 - root - INFO - Sample data point structure: ['devDn', 'collectTime', 'dataItems']
2026-05-07 18:14:23,668 - root - INFO - Successfully upserted 288 data points.
2026-05-07 18:14:28,993 - root - INFO - Using single devDn for device/history (API: one device per query)
2026-05-07 18:14:28,994 - root - INFO - Fetching historical data for 1 devices of type meteo_station
2026-05-07 18:14:28,994 - root - INFO - Making API request to: https://sg5.fusionsolar.huawei.com/rest/openapi/pvms/nbi/v1/device/history
2026-05-07 18:14:28,995 - root - INFO - Request payload: {'devDn': 'NE=53784297', 'devTypeId': 10, 'startTime': 1778000400000, 'endTime': 1778086799000}
2026-05-07 18:14:29,686 - root - INFO - Response status code: 200
2026-05-07 18:14:29,688 - root - INFO - API response from https://sg5.fusionsolar.huawei.com/rest/openapi/pvms/nbi/v1/device/history (truncated): {'failCode': 0, 'success': True, 'message': 'historical data information query successful.', 'data': [{'devDn': 'NE=53784297', 'collectTime': 1778000400000, 'dataItems': {'radiant_line': 0.0, 'horiz_radiant_total': None, 'horiz_radiant_line': None, 'temperature': 26.0, 'wind_speed': 0.0, 'wind_direction': None, 'radiant_total': 0.0, 'pv_temperature': 25.5}}, {'devDn': 'NE=53784297', 'collectTime': 1778000700000, 'dataItems': {'radiant_line': 0.0, 'horiz_radiant_total': None, 'horiz_radiant_line'...
2026-05-07 18:14:29,691 - root - INFO - API Response type: <class 'dict'>
2026-05-07 18:14:29,691 - root - INFO - API Response keys: ['failCode', 'success', 'message', 'data']
2026-05-07 18:14:29,691 - root - INFO - API Response data is a list with 288 items
2026-05-07 18:14:29,691 - root - INFO - API Response has failCode: 0, message: historical data information query successful.
2026-05-07 18:14:29,691 - root - INFO - Using alternate response format: data as list
2026-05-07 18:14:29,691 - root - INFO - Received 288 data points from API
2026-05-07 18:14:29,691 - root - INFO - Sample data point structure: ['devDn', 'collectTime', 'dataItems']
2026-05-07 18:14:29,776 - root - INFO - Successfully upserted 288 data points.
2026-05-07 18:14:34,703 - root - INFO - Using single devDn for device/history (API: one device per query)
2026-05-07 18:14:34,705 - root - INFO - Fetching historical data for 1 devices of type meteo_station
2026-05-07 18:14:34,705 - root - INFO - Making API request to: https://sg5.fusionsolar.huawei.com/rest/openapi/pvms/nbi/v1/device/history
2026-05-07 18:14:34,705 - root - INFO - Request payload: {'devDn': 'NE=53784296', 'devTypeId': 10, 'startTime': 1778000400000, 'endTime': 1778086799000}
2026-05-07 18:14:35,269 - root - INFO - Response status code: 200
2026-05-07 18:14:35,272 - root - INFO - API response from https://sg5.fusionsolar.huawei.com/rest/openapi/pvms/nbi/v1/device/history (truncated): {'failCode': 0, 'success': True, 'message': 'historical data information query successful.', 'data': [{'devDn': 'NE=53784296', 'collectTime': 1778000400000, 'dataItems': {'radiant_line': 0.0, 'horiz_radiant_total': None, 'horiz_radiant_line': None, 'temperature': 26.2, 'wind_speed': 0.0, 'wind_direction': None, 'radiant_total': 0.0, 'pv_temperature': 25.6}}, {'devDn': 'NE=53784296', 'collectTime': 1778000700000, 'dataItems': {'radiant_line': 0.0, 'horiz_radiant_total': None, 'horiz_radiant_line'...
2026-05-07 18:14:35,274 - root - INFO - API Response type: <class 'dict'>
2026-05-07 18:14:35,274 - root - INFO - API Response keys: ['failCode', 'success', 'message', 'data']
2026-05-07 18:14:35,274 - root - INFO - API Response data is a list with 288 items
2026-05-07 18:14:35,274 - root - INFO - API Response has failCode: 0, message: historical data information query successful.
2026-05-07 18:14:35,274 - root - INFO - Using alternate response format: data as list
2026-05-07 18:14:35,274 - root - INFO - Received 288 data points from API
2026-05-07 18:14:35,274 - root - INFO - Sample data point structure: ['devDn', 'collectTime', 'dataItems']
2026-05-07 18:14:35,358 - root - INFO - Successfully upserted 288 data points.
2026-05-07 18:14:41,065 - root - INFO - Using single devDn for device/history (API: one device per query)
2026-05-07 18:14:41,067 - root - INFO - Fetching historical data for 1 devices of type meteo_station
2026-05-07 18:14:41,067 - root - INFO - Making API request to: https://sg5.fusionsolar.huawei.com/rest/openapi/pvms/nbi/v1/device/history
2026-05-07 18:14:41,067 - root - INFO - Request payload: {'devDn': 'NE=53784303', 'devTypeId': 10, 'startTime': 1778000400000, 'endTime': 1778086799000}
2026-05-07 18:14:41,699 - root - INFO - Response status code: 200
2026-05-07 18:14:41,702 - root - INFO - API response from https://sg5.fusionsolar.huawei.com/rest/openapi/pvms/nbi/v1/device/history (truncated): {'failCode': 0, 'success': True, 'message': 'historical data information query successful.', 'data': [{'devDn': 'NE=53784303', 'collectTime': 1778000400000, 'dataItems': {'radiant_line': 74.0, 'horiz_radiant_total': None, 'horiz_radiant_line': None, 'temperature': 26.1, 'wind_speed': 0.0, 'wind_direction': 270.0, 'radiant_total': 0.266, 'pv_temperature': 24.0}}, {'devDn': 'NE=53784303', 'collectTime': 1778000700000, 'dataItems': {'radiant_line': 74.0, 'horiz_radiant_total': None, 'horiz_radiant_...
2026-05-07 18:14:41,705 - root - INFO - API Response type: <class 'dict'>
2026-05-07 18:14:41,705 - root - INFO - API Response keys: ['failCode', 'success', 'message', 'data']
2026-05-07 18:14:41,705 - root - INFO - API Response data is a list with 288 items
2026-05-07 18:14:41,705 - root - INFO - API Response has failCode: 0, message: historical data information query successful.
2026-05-07 18:14:41,705 - root - INFO - Using alternate response format: data as list
2026-05-07 18:14:41,705 - root - INFO - Received 288 data points from API
2026-05-07 18:14:41,705 - root - INFO - Sample data point structure: ['devDn', 'collectTime', 'dataItems']
2026-05-07 18:14:41,788 - root - INFO - Successfully upserted 288 data points.
2026-05-07 18:14:46,279 - root - INFO - Using single devDn for device/history (API: one device per query)
2026-05-07 18:14:46,281 - root - INFO - Fetching historical data for 1 devices of type meteo_station
2026-05-07 18:14:46,281 - root - INFO - Making API request to: https://sg5.fusionsolar.huawei.com/rest/openapi/pvms/nbi/v1/device/history
2026-05-07 18:14:46,281 - root - INFO - Request payload: {'devDn': 'NE=53784302', 'devTypeId': 10, 'startTime': 1778000400000, 'endTime': 1778086799000}
2026-05-07 18:14:46,885 - root - INFO - Response status code: 200
2026-05-07 18:14:46,888 - root - INFO - API response from https://sg5.fusionsolar.huawei.com/rest/openapi/pvms/nbi/v1/device/history (truncated): {'failCode': 0, 'success': True, 'message': 'historical data information query successful.', 'data': [{'devDn': 'NE=53784302', 'collectTime': 1778000400000, 'dataItems': {'radiant_line': 0.0, 'horiz_radiant_total': None, 'horiz_radiant_line': None, 'temperature': 25.7, 'wind_speed': 0.0, 'wind_direction': None, 'radiant_total': 0.0, 'pv_temperature': 25.6}}, {'devDn': 'NE=53784302', 'collectTime': 1778000700000, 'dataItems': {'radiant_line': 0.0, 'horiz_radiant_total': None, 'horiz_radiant_line'...
2026-05-07 18:14:46,890 - root - INFO - API Response type: <class 'dict'>
2026-05-07 18:14:46,890 - root - INFO - API Response keys: ['failCode', 'success', 'message', 'data']
2026-05-07 18:14:46,890 - root - INFO - API Response data is a list with 288 items
2026-05-07 18:14:46,890 - root - INFO - API Response has failCode: 0, message: historical data information query successful.
2026-05-07 18:14:46,890 - root - INFO - Using alternate response format: data as list
2026-05-07 18:14:46,890 - root - INFO - Received 288 data points from API
2026-05-07 18:14:46,890 - root - INFO - Sample data point structure: ['devDn', 'collectTime', 'dataItems']
2026-05-07 18:14:46,975 - root - INFO - Successfully upserted 288 data points.
2026-05-07 18:14:51,638 - root - INFO - Using single devDn for device/history (API: one device per query)
2026-05-07 18:14:51,640 - root - INFO - Fetching historical data for 1 devices of type meteo_station
2026-05-07 18:14:51,640 - root - INFO - Making API request to: https://sg5.fusionsolar.huawei.com/rest/openapi/pvms/nbi/v1/device/history
2026-05-07 18:14:51,640 - root - INFO - Request payload: {'devDn': 'NE=53784301', 'devTypeId': 10, 'startTime': 1778000400000, 'endTime': 1778086799000}
2026-05-07 18:14:52,250 - root - INFO - Response status code: 200
2026-05-07 18:14:52,255 - root - INFO - API response from https://sg5.fusionsolar.huawei.com/rest/openapi/pvms/nbi/v1/device/history (truncated): {'failCode': 0, 'success': True, 'message': 'historical data information query successful.', 'data': [{'devDn': 'NE=53784301', 'collectTime': 1778000400000, 'dataItems': {'radiant_line': 0.0, 'horiz_radiant_total': None, 'horiz_radiant_line': None, 'temperature': 26.2, 'wind_speed': 0.0, 'wind_direction': None, 'radiant_total': 0.0, 'pv_temperature': 25.8}}, {'devDn': 'NE=53784301', 'collectTime': 1778000700000, 'dataItems': {'radiant_line': 0.0, 'horiz_radiant_total': None, 'horiz_radiant_line'...
2026-05-07 18:14:52,257 - root - INFO - API Response type: <class 'dict'>
2026-05-07 18:14:52,257 - root - INFO - API Response keys: ['failCode', 'success', 'message', 'data']
2026-05-07 18:14:52,257 - root - INFO - API Response data is a list with 288 items
2026-05-07 18:14:52,257 - root - INFO - API Response has failCode: 0, message: historical data information query successful.
2026-05-07 18:14:52,257 - root - INFO - Using alternate response format: data as list
2026-05-07 18:14:52,257 - root - INFO - Received 288 data points from API
2026-05-07 18:14:52,257 - root - INFO - Sample data point structure: ['devDn', 'collectTime', 'dataItems']
2026-05-07 18:14:52,340 - root - INFO - Successfully upserted 288 data points.
2026-05-07 18:14:56,722 - root - INFO - Using single devDn for device/history (API: one device per query)
2026-05-07 18:14:56,723 - root - INFO - Fetching historical data for 1 devices of type meteo_station
2026-05-07 18:14:56,723 - root - INFO - Making API request to: https://sg5.fusionsolar.huawei.com/rest/openapi/pvms/nbi/v1/device/history
2026-05-07 18:14:56,723 - root - INFO - Request payload: {'devDn': 'NE=53784300', 'devTypeId': 10, 'startTime': 1778000400000, 'endTime': 1778086799000}
2026-05-07 18:14:57,391 - root - INFO - Response status code: 200
2026-05-07 18:14:57,393 - root - INFO - API response from https://sg5.fusionsolar.huawei.com/rest/openapi/pvms/nbi/v1/device/history (truncated): {'failCode': 0, 'success': True, 'message': 'historical data information query successful.', 'data': [{'devDn': 'NE=53784300', 'collectTime': 1778000400000, 'dataItems': {'radiant_line': 0.0, 'horiz_radiant_total': None, 'horiz_radiant_line': None, 'temperature': 26.4, 'wind_speed': 0.0, 'wind_direction': None, 'radiant_total': 0.0, 'pv_temperature': 25.7}}, {'devDn': 'NE=53784300', 'collectTime': 1778000700000, 'dataItems': {'radiant_line': 0.0, 'horiz_radiant_total': None, 'horiz_radiant_line'...
2026-05-07 18:14:57,397 - root - INFO - API Response type: <class 'dict'>
2026-05-07 18:14:57,397 - root - INFO - API Response keys: ['failCode', 'success', 'message', 'data']
2026-05-07 18:14:57,397 - root - INFO - API Response data is a list with 288 items
2026-05-07 18:14:57,397 - root - INFO - API Response has failCode: 0, message: historical data information query successful.
2026-05-07 18:14:57,397 - root - INFO - Using alternate response format: data as list
2026-05-07 18:14:57,397 - root - INFO - Received 288 data points from API
2026-05-07 18:14:57,397 - root - INFO - Sample data point structure: ['devDn', 'collectTime', 'dataItems']
2026-05-07 18:14:57,480 - root - INFO - Successfully upserted 288 data points.
2026-05-07 18:15:01,450 - root - INFO - Using single devDn for device/history (API: one device per query)
2026-05-07 18:15:01,451 - root - INFO - Fetching historical data for 1 devices of type meteo_station
2026-05-07 18:15:01,452 - root - INFO - Making API request to: https://sg5.fusionsolar.huawei.com/rest/openapi/pvms/nbi/v1/device/history
2026-05-07 18:15:01,452 - root - INFO - Request payload: {'devDn': 'NE=53784307', 'devTypeId': 10, 'startTime': 1778000400000, 'endTime': 1778086799000}
2026-05-07 18:15:02,175 - root - INFO - Response status code: 200
2026-05-07 18:15:02,177 - root - INFO - API response from https://sg5.fusionsolar.huawei.com/rest/openapi/pvms/nbi/v1/device/history (truncated): {'failCode': 0, 'success': True, 'message': 'historical data information query successful.', 'data': [{'devDn': 'NE=53784307', 'collectTime': 1778000400000, 'dataItems': {'radiant_line': 0.0, 'horiz_radiant_total': None, 'horiz_radiant_line': None, 'temperature': 26.2, 'wind_speed': None, 'wind_direction': None, 'radiant_total': 0.0, 'pv_temperature': None}}, {'devDn': 'NE=53784307', 'collectTime': 1778000700000, 'dataItems': {'radiant_line': 0.0, 'horiz_radiant_total': None, 'horiz_radiant_line...
2026-05-07 18:15:02,179 - root - INFO - API Response type: <class 'dict'>
2026-05-07 18:15:02,179 - root - INFO - API Response keys: ['failCode', 'success', 'message', 'data']
2026-05-07 18:15:02,179 - root - INFO - API Response data is a list with 288 items
2026-05-07 18:15:02,180 - root - INFO - API Response has failCode: 0, message: historical data information query successful.
2026-05-07 18:15:02,180 - root - INFO - Using alternate response format: data as list
2026-05-07 18:15:02,180 - root - INFO - Received 288 data points from API
2026-05-07 18:15:02,180 - root - INFO - Sample data point structure: ['devDn', 'collectTime', 'dataItems']
2026-05-07 18:15:02,264 - root - INFO - Successfully upserted 288 data points.
2026-05-07 18:15:06,388 - root - INFO - Using single devDn for device/history (API: one device per query)
2026-05-07 18:15:06,390 - root - INFO - Fetching historical data for 1 devices of type meteo_station
2026-05-07 18:15:06,390 - root - INFO - Making API request to: https://sg5.fusionsolar.huawei.com/rest/openapi/pvms/nbi/v1/device/history
2026-05-07 18:15:06,390 - root - INFO - Request payload: {'devDn': 'NE=53784305', 'devTypeId': 10, 'startTime': 1778000400000, 'endTime': 1778086799000}
2026-05-07 18:15:07,148 - root - INFO - Response status code: 200
2026-05-07 18:15:07,151 - root - INFO - API response from https://sg5.fusionsolar.huawei.com/rest/openapi/pvms/nbi/v1/device/history (truncated): {'failCode': 0, 'success': True, 'message': 'historical data information query successful.', 'data': [{'devDn': 'NE=53784305', 'collectTime': 1778000400000, 'dataItems': {'radiant_line': 0.0, 'horiz_radiant_total': None, 'horiz_radiant_line': None, 'temperature': 25.8, 'wind_speed': 0.0, 'wind_direction': None, 'radiant_total': 0.0, 'pv_temperature': 25.6}}, {'devDn': 'NE=53784305', 'collectTime': 1778000700000, 'dataItems': {'radiant_line': 0.0, 'horiz_radiant_total': None, 'horiz_radiant_line'...
2026-05-07 18:15:07,153 - root - INFO - API Response type: <class 'dict'>
2026-05-07 18:15:07,153 - root - INFO - API Response keys: ['failCode', 'success', 'message', 'data']
2026-05-07 18:15:07,153 - root - INFO - API Response data is a list with 288 items
2026-05-07 18:15:07,153 - root - INFO - API Response has failCode: 0, message: historical data information query successful.
2026-05-07 18:15:07,153 - root - INFO - Using alternate response format: data as list
2026-05-07 18:15:07,154 - root - INFO - Received 288 data points from API
2026-05-07 18:15:07,154 - root - INFO - Sample data point structure: ['devDn', 'collectTime', 'dataItems']
2026-05-07 18:15:07,246 - root - INFO - Successfully upserted 288 data points.
2026-05-07 18:15:10,851 - root - INFO - Using single devDn for device/history (API: one device per query)
2026-05-07 18:15:10,853 - root - INFO - Fetching historical data for 1 devices of type meteo_station
2026-05-07 18:15:10,853 - root - INFO - Making API request to: https://sg5.fusionsolar.huawei.com/rest/openapi/pvms/nbi/v1/device/history
2026-05-07 18:15:10,853 - root - INFO - Request payload: {'devDn': 'NE=53784304', 'devTypeId': 10, 'startTime': 1778000400000, 'endTime': 1778086799000}
2026-05-07 18:15:11,475 - root - INFO - Response status code: 200
2026-05-07 18:15:11,477 - root - INFO - API response from https://sg5.fusionsolar.huawei.com/rest/openapi/pvms/nbi/v1/device/history (truncated): {'failCode': 0, 'success': True, 'message': 'historical data information query successful.', 'data': [{'devDn': 'NE=53784304', 'collectTime': 1778000400000, 'dataItems': {'radiant_line': 0.0, 'horiz_radiant_total': None, 'horiz_radiant_line': None, 'temperature': 0.0, 'wind_speed': 0.0, 'wind_direction': None, 'radiant_total': 0.0, 'pv_temperature': 25.5}}, {'devDn': 'NE=53784304', 'collectTime': 1778000700000, 'dataItems': {'radiant_line': 0.0, 'horiz_radiant_total': None, 'horiz_radiant_line':...
2026-05-07 18:15:11,479 - root - INFO - API Response type: <class 'dict'>
2026-05-07 18:15:11,479 - root - INFO - API Response keys: ['failCode', 'success', 'message', 'data']
2026-05-07 18:15:11,480 - root - INFO - API Response data is a list with 288 items
2026-05-07 18:15:11,480 - root - INFO - API Response has failCode: 0, message: historical data information query successful.
2026-05-07 18:15:11,480 - root - INFO - Using alternate response format: data as list
2026-05-07 18:15:11,480 - root - INFO - Received 288 data points from API
2026-05-07 18:15:11,480 - root - INFO - Sample data point structure: ['devDn', 'collectTime', 'dataItems']
2026-05-07 18:15:11,564 - root - INFO - Successfully upserted 288 data points.
2026-05-07 18:15:15,057 - root - INFO - Using single devDn for device/history (API: one device per query)
2026-05-07 18:15:15,058 - root - INFO - Fetching historical data for 1 devices of type meteo_station
2026-05-07 18:15:15,059 - root - INFO - Making API request to: https://sg5.fusionsolar.huawei.com/rest/openapi/pvms/nbi/v1/device/history
2026-05-07 18:15:15,059 - root - INFO - Request payload: {'devDn': 'NE=62806360', 'devTypeId': 10, 'startTime': 1778000400000, 'endTime': 1778086799000}
2026-05-07 18:15:15,669 - root - INFO - Response status code: 200
2026-05-07 18:15:15,672 - root - INFO - API response from https://sg5.fusionsolar.huawei.com/rest/openapi/pvms/nbi/v1/device/history (truncated): {'failCode': 0, 'success': True, 'message': 'historical data information query successful.', 'data': [{'devDn': 'NE=62806360', 'collectTime': 1778000400000, 'dataItems': {'radiant_line': 0.0, 'horiz_radiant_total': None, 'horiz_radiant_line': None, 'temperature': 27.5, 'wind_speed': None, 'wind_direction': None, 'radiant_total': 0.0, 'pv_temperature': 27.7}}, {'devDn': 'NE=62806360', 'collectTime': 1778000700000, 'dataItems': {'radiant_line': 0.0, 'horiz_radiant_total': None, 'horiz_radiant_line...
2026-05-07 18:15:15,674 - root - INFO - API Response type: <class 'dict'>
2026-05-07 18:15:15,674 - root - INFO - API Response keys: ['failCode', 'success', 'message', 'data']
2026-05-07 18:15:15,675 - root - INFO - API Response data is a list with 288 items
2026-05-07 18:15:15,675 - root - INFO - API Response has failCode: 0, message: historical data information query successful.
2026-05-07 18:15:15,675 - root - INFO - Using alternate response format: data as list
2026-05-07 18:15:15,675 - root - INFO - Received 288 data points from API
2026-05-07 18:15:15,675 - root - INFO - Sample data point structure: ['devDn', 'collectTime', 'dataItems']
2026-05-07 18:15:15,764 - root - INFO - Successfully upserted 288 data points.
2026-05-07 18:15:19,220 - root - INFO - Using single devDn for device/history (API: one device per query)
2026-05-07 18:15:19,222 - root - INFO - Fetching historical data for 1 devices of type meteo_station
2026-05-07 18:15:19,222 - root - INFO - Making API request to: https://sg5.fusionsolar.huawei.com/rest/openapi/pvms/nbi/v1/device/history
2026-05-07 18:15:19,222 - root - INFO - Request payload: {'devDn': 'NE=62807014', 'devTypeId': 10, 'startTime': 1778000400000, 'endTime': 1778086799000}
2026-05-07 18:15:19,655 - root - INFO - Response status code: 200
2026-05-07 18:15:19,655 - root - INFO - API response from https://sg5.fusionsolar.huawei.com/rest/openapi/pvms/nbi/v1/device/history (truncated): {'failCode': 0, 'success': True, 'message': 'historical data information query successful.', 'data': []}
2026-05-07 18:15:19,658 - root - INFO - API Response type: <class 'dict'>
2026-05-07 18:15:19,658 - root - INFO - API Response keys: ['failCode', 'success', 'message', 'data']
2026-05-07 18:15:19,658 - root - INFO - API Response data is a list with 0 items
2026-05-07 18:15:19,658 - root - INFO - API Response has failCode: 0, message: historical data information query successful.
2026-05-07 18:15:19,658 - root - INFO - Using alternate response format: data as list
2026-05-07 18:15:19,658 - root - INFO - No data points returned for the query period
2026-05-07 18:15:19,658 - root - INFO - Using single devDn for device/history (API: one device per query)
2026-05-07 18:15:19,659 - root - INFO - Fetching historical data for 1 devices of type meteo_station
2026-05-07 18:15:19,659 - root - INFO - Making API request to: https://sg5.fusionsolar.huawei.com/rest/openapi/pvms/nbi/v1/device/history
2026-05-07 18:15:19,659 - root - INFO - Request payload: {'devDn': 'NE=62807015', 'devTypeId': 10, 'startTime': 1778000400000, 'endTime': 1778086799000}
2026-05-07 18:15:19,965 - root - INFO - Response status code: 200
2026-05-07 18:15:19,965 - root - INFO - API response from https://sg5.fusionsolar.huawei.com/rest/openapi/pvms/nbi/v1/device/history (truncated): {'failCode': 407, 'success': False, 'message': 'Interface access frequency:0.39333333333333337/1second', 'data': []}
2026-05-07 18:15:19,966 - root - WARNING - API access frequency too high. Waiting 30 seconds before retry...
2026-05-07 18:15:49,966 - root - INFO - Retrying API request after rate limit wait...
2026-05-07 18:15:49,966 - root - INFO - Making API request to: https://sg5.fusionsolar.huawei.com/rest/openapi/pvms/nbi/v1/device/history
2026-05-07 18:15:49,967 - root - INFO - Request payload: {'devDn': 'NE=62807015', 'devTypeId': 10, 'startTime': 1778000400000, 'endTime': 1778086799000}
2026-05-07 18:15:50,416 - root - INFO - Response status code: 200
2026-05-07 18:15:50,416 - root - INFO - API response from https://sg5.fusionsolar.huawei.com/rest/openapi/pvms/nbi/v1/device/history (truncated): {'failCode': 0, 'success': True, 'message': 'historical data information query successful.', 'data': []}
2026-05-07 18:15:50,420 - root - INFO - API Response type: <class 'dict'>
2026-05-07 18:15:50,420 - root - INFO - API Response keys: ['failCode', 'success', 'message', 'data']
2026-05-07 18:15:50,420 - root - INFO - API Response data is a list with 0 items
2026-05-07 18:15:50,420 - root - INFO - API Response has failCode: 0, message: historical data information query successful.
2026-05-07 18:15:50,420 - root - INFO - Using alternate response format: data as list
2026-05-07 18:15:50,420 - root - INFO - No data points returned for the query period
2026-05-07 18:15:50,425 - root - INFO - Using single devDn for device/history (API: one device per query)
2026-05-07 18:15:50,426 - root - INFO - Fetching historical data for 1 devices of type inverter
2026-05-07 18:15:50,426 - root - INFO - Making API request to: https://sg5.fusionsolar.huawei.com/rest/openapi/pvms/nbi/v1/device/history
2026-05-07 18:15:50,426 - root - INFO - Request payload: {'devDn': 'NE=60951887', 'devTypeId': 1, 'startTime': 1778000400000, 'endTime': 1778086799000}
2026-05-07 18:15:50,765 - root - INFO - Response status code: 200
2026-05-07 18:15:50,765 - root - INFO - API response from https://sg5.fusionsolar.huawei.com/rest/openapi/pvms/nbi/v1/device/history (truncated): {'failCode': 407, 'success': False, 'message': 'Interface access frequency:0.39333333333333337/1second', 'data': []}
2026-05-07 18:15:50,766 - root - WARNING - API access frequency too high. Waiting 30 seconds before retry...
2026-05-07 18:16:20,766 - root - INFO - Retrying API request after rate limit wait...
2026-05-07 18:16:20,766 - root - INFO - Making API request to: https://sg5.fusionsolar.huawei.com/rest/openapi/pvms/nbi/v1/device/history
2026-05-07 18:16:20,767 - root - INFO - Request payload: {'devDn': 'NE=60951887', 'devTypeId': 1, 'startTime': 1778000400000, 'endTime': 1778086799000}
2026-05-07 18:16:23,103 - root - INFO - Response status code: 200
2026-05-07 18:16:23,158 - root - INFO - API response from https://sg5.fusionsolar.huawei.com/rest/openapi/pvms/nbi/v1/device/history (truncated): {'failCode': 0, 'success': True, 'message': 'historical data information query successful.', 'data': [{'devDn': 'NE=60951887', 'collectTime': 1778000400000, 'dataItems': {'pv28_i': None, 'pv4_u': None, 'pv24_i': None, 'mppt_total_cap': 10881.73, 'pv8_u': None, 'a_i': 0.0, 'pv24_u': None, 'mppt_9_cap': None, 'pv20_u': None, 'a_u': 223.8, 'pv17_u': None, 'pv20_i': None, 'efficiency': 100.0, 'pv17_i': None, 'pv13_i': None, 'pv36_i': None, 'mppt_power': 0.0, 'pv13_u': None, 'pv36_u': None, 'mppt_7_c...
2026-05-07 18:16:23,161 - root - INFO - API Response type: <class 'dict'>
2026-05-07 18:16:23,162 - root - INFO - API Response keys: ['failCode', 'success', 'message', 'data']
2026-05-07 18:16:23,162 - root - INFO - API Response data is a list with 288 items
2026-05-07 18:16:23,162 - root - INFO - API Response has failCode: 0, message: historical data information query successful.
2026-05-07 18:16:23,162 - root - INFO - Using alternate response format: data as list
2026-05-07 18:16:23,162 - root - INFO - Received 288 data points from API
2026-05-07 18:16:23,162 - root - INFO - Sample data point structure: ['devDn', 'collectTime', 'dataItems']
2026-05-07 18:16:23,282 - root - INFO - Successfully upserted 288 data points.
2026-05-07 18:16:27,001 - root - INFO - Using single devDn for device/history (API: one device per query)
2026-05-07 18:16:27,002 - root - INFO - Fetching historical data for 1 devices of type inverter
2026-05-07 18:16:27,003 - root - INFO - Making API request to: https://sg5.fusionsolar.huawei.com/rest/openapi/pvms/nbi/v1/device/history
2026-05-07 18:16:27,003 - root - INFO - Request payload: {'devDn': 'NE=61851554', 'devTypeId': 1, 'startTime': 1778000400000, 'endTime': 1778086799000}
2026-05-07 18:16:27,781 - root - INFO - Response status code: 200
2026-05-07 18:16:27,781 - root - INFO - API response from https://sg5.fusionsolar.huawei.com/rest/openapi/pvms/nbi/v1/device/history (truncated): {'failCode': 0, 'success': True, 'message': 'historical data information query successful.', 'data': []}
2026-05-07 18:16:27,784 - root - INFO - API Response type: <class 'dict'>
2026-05-07 18:16:27,784 - root - INFO - API Response keys: ['failCode', 'success', 'message', 'data']
2026-05-07 18:16:27,784 - root - INFO - API Response data is a list with 0 items
2026-05-07 18:16:27,784 - root - INFO - API Response has failCode: 0, message: historical data information query successful.
2026-05-07 18:16:27,784 - root - INFO - Using alternate response format: data as list
2026-05-07 18:16:27,785 - root - INFO - No data points returned for the query period
2026-05-07 18:16:27,785 - root - INFO - Using single devDn for device/history (API: one device per query)
2026-05-07 18:16:27,785 - root - INFO - Fetching historical data for 1 devices of type inverter
2026-05-07 18:16:27,785 - root - INFO - Making API request to: https://sg5.fusionsolar.huawei.com/rest/openapi/pvms/nbi/v1/device/history
2026-05-07 18:16:27,785 - root - INFO - Request payload: {'devDn': 'NE=61851555', 'devTypeId': 1, 'startTime': 1778000400000, 'endTime': 1778086799000}
2026-05-07 18:16:28,108 - root - INFO - Response status code: 200
2026-05-07 18:16:28,108 - root - INFO - API response from https://sg5.fusionsolar.huawei.com/rest/openapi/pvms/nbi/v1/device/history (truncated): {'failCode': 407, 'success': False, 'message': 'Interface access frequency:0.39333333333333337/1second', 'data': []}
2026-05-07 18:16:28,109 - root - WARNING - API access frequency too high. Waiting 30 seconds before retry...
2026-05-07 18:16:58,109 - root - INFO - Retrying API request after rate limit wait...
2026-05-07 18:16:58,109 - root - INFO - Making API request to: https://sg5.fusionsolar.huawei.com/rest/openapi/pvms/nbi/v1/device/history
2026-05-07 18:16:58,110 - root - INFO - Request payload: {'devDn': 'NE=61851555', 'devTypeId': 1, 'startTime': 1778000400000, 'endTime': 1778086799000}
2026-05-07 18:16:58,982 - root - INFO - Response status code: 200
2026-05-07 18:16:58,982 - root - INFO - API response from https://sg5.fusionsolar.huawei.com/rest/openapi/pvms/nbi/v1/device/history (truncated): {'failCode': 0, 'success': True, 'message': 'historical data information query successful.', 'data': []}
2026-05-07 18:16:58,986 - root - INFO - API Response type: <class 'dict'>
2026-05-07 18:16:58,986 - root - INFO - API Response keys: ['failCode', 'success', 'message', 'data']
2026-05-07 18:16:58,986 - root - INFO - API Response data is a list with 0 items
2026-05-07 18:16:58,986 - root - INFO - API Response has failCode: 0, message: historical data information query successful.
2026-05-07 18:16:58,987 - root - INFO - Using alternate response format: data as list
2026-05-07 18:16:58,987 - root - INFO - No data points returned for the query period
2026-05-07 18:16:58,987 - root - INFO - Using single devDn for device/history (API: one device per query)
2026-05-07 18:16:58,987 - root - INFO - Fetching historical data for 1 devices of type inverter
2026-05-07 18:16:58,987 - root - INFO - Making API request to: https://sg5.fusionsolar.huawei.com/rest/openapi/pvms/nbi/v1/device/history
2026-05-07 18:16:58,987 - root - INFO - Request payload: {'devDn': 'NE=61851552', 'devTypeId': 1, 'startTime': 1778000400000, 'endTime': 1778086799000}
2026-05-07 18:16:59,323 - root - INFO - Response status code: 200
2026-05-07 18:16:59,323 - root - INFO - API response from https://sg5.fusionsolar.huawei.com/rest/openapi/pvms/nbi/v1/device/history (truncated): {'failCode': 407, 'success': False, 'message': 'Interface access frequency:0.39333333333333337/1second', 'data': []}
2026-05-07 18:16:59,324 - root - WARNING - API access frequency too high. Waiting 30 seconds before retry...
2026-05-07 18:17:29,324 - root - INFO - Retrying API request after rate limit wait...
2026-05-07 18:17:29,325 - root - INFO - Making API request to: https://sg5.fusionsolar.huawei.com/rest/openapi/pvms/nbi/v1/device/history
2026-05-07 18:17:29,325 - root - INFO - Request payload: {'devDn': 'NE=61851552', 'devTypeId': 1, 'startTime': 1778000400000, 'endTime': 1778086799000}
2026-05-07 18:17:30,121 - root - INFO - Response status code: 200
2026-05-07 18:17:30,121 - root - INFO - API response from https://sg5.fusionsolar.huawei.com/rest/openapi/pvms/nbi/v1/device/history (truncated): {'failCode': 0, 'success': True, 'message': 'historical data information query successful.', 'data': []}
2026-05-07 18:17:30,125 - root - INFO - API Response type: <class 'dict'>
2026-05-07 18:17:30,125 - root - INFO - API Response keys: ['failCode', 'success', 'message', 'data']
2026-05-07 18:17:30,125 - root - INFO - API Response data is a list with 0 items
2026-05-07 18:17:30,126 - root - INFO - API Response has failCode: 0, message: historical data information query successful.
2026-05-07 18:17:30,126 - root - INFO - Using alternate response format: data as list
2026-05-07 18:17:30,126 - root - INFO - No data points returned for the query period
2026-05-07 18:17:30,126 - root - INFO - Using single devDn for device/history (API: one device per query)
2026-05-07 18:17:30,126 - root - INFO - Fetching historical data for 1 devices of type inverter
2026-05-07 18:17:30,126 - root - INFO - Making API request to: https://sg5.fusionsolar.huawei.com/rest/openapi/pvms/nbi/v1/device/history
2026-05-07 18:17:30,127 - root - INFO - Request payload: {'devDn': 'NE=61851553', 'devTypeId': 1, 'startTime': 1778000400000, 'endTime': 1778086799000}
2026-05-07 18:17:30,440 - root - INFO - Response status code: 200
2026-05-07 18:17:30,440 - root - INFO - API response from https://sg5.fusionsolar.huawei.com/rest/openapi/pvms/nbi/v1/device/history (truncated): {'failCode': 407, 'success': False, 'message': 'Interface access frequency:0.39333333333333337/1second', 'data': []}
2026-05-07 18:17:30,441 - root - WARNING - API access frequency too high. Waiting 30 seconds before retry...
2026-05-07 18:18:00,441 - root - INFO - Retrying API request after rate limit wait...
2026-05-07 18:18:00,441 - root - INFO - Making API request to: https://sg5.fusionsolar.huawei.com/rest/openapi/pvms/nbi/v1/device/history
2026-05-07 18:18:00,442 - root - INFO - Request payload: {'devDn': 'NE=61851553', 'devTypeId': 1, 'startTime': 1778000400000, 'endTime': 1778086799000}
2026-05-07 18:18:01,353 - root - INFO - Response status code: 200
2026-05-07 18:18:01,353 - root - INFO - API response from https://sg5.fusionsolar.huawei.com/rest/openapi/pvms/nbi/v1/device/history (truncated): {'failCode': 0, 'success': True, 'message': 'historical data information query successful.', 'data': []}
2026-05-07 18:18:01,357 - root - INFO - API Response type: <class 'dict'>
2026-05-07 18:18:01,357 - root - INFO - API Response keys: ['failCode', 'success', 'message', 'data']
2026-05-07 18:18:01,357 - root - INFO - API Response data is a list with 0 items
2026-05-07 18:18:01,357 - root - INFO - API Response has failCode: 0, message: historical data information query successful.
2026-05-07 18:18:01,357 - root - INFO - Using alternate response format: data as list
2026-05-07 18:18:01,357 - root - INFO - No data points returned for the query period
2026-05-07 18:18:01,357 - root - INFO - Using single devDn for device/history (API: one device per query)
2026-05-07 18:18:01,358 - root - INFO - Fetching historical data for 1 devices of type inverter
2026-05-07 18:18:01,358 - root - INFO - Making API request to: https://sg5.fusionsolar.huawei.com/rest/openapi/pvms/nbi/v1/device/history
2026-05-07 18:18:01,358 - root - INFO - Request payload: {'devDn': 'NE=61851556', 'devTypeId': 1, 'startTime': 1778000400000, 'endTime': 1778086799000}
2026-05-07 18:18:01,705 - root - INFO - Response status code: 200
2026-05-07 18:18:01,706 - root - INFO - API response from https://sg5.fusionsolar.huawei.com/rest/openapi/pvms/nbi/v1/device/history (truncated): {'failCode': 407, 'success': False, 'message': 'Interface access frequency:0.39333333333333337/1second', 'data': []}
2026-05-07 18:18:01,707 - root - WARNING - API access frequency too high. Waiting 30 seconds before retry...
2026-05-07 18:18:31,707 - root - INFO - Retrying API request after rate limit wait...
2026-05-07 18:18:31,707 - root - INFO - Making API request to: https://sg5.fusionsolar.huawei.com/rest/openapi/pvms/nbi/v1/device/history
2026-05-07 18:18:31,708 - root - INFO - Request payload: {'devDn': 'NE=61851556', 'devTypeId': 1, 'startTime': 1778000400000, 'endTime': 1778086799000}
2026-05-07 18:18:32,438 - root - INFO - Response status code: 200
2026-05-07 18:18:32,438 - root - INFO - API response from https://sg5.fusionsolar.huawei.com/rest/openapi/pvms/nbi/v1/device/history (truncated): {'failCode': 0, 'success': True, 'message': 'historical data information query successful.', 'data': []}
2026-05-07 18:18:32,442 - root - INFO - API Response type: <class 'dict'>
2026-05-07 18:18:32,442 - root - INFO - API Response keys: ['failCode', 'success', 'message', 'data']
2026-05-07 18:18:32,442 - root - INFO - API Response data is a list with 0 items
2026-05-07 18:18:32,442 - root - INFO - API Response has failCode: 0, message: historical data information query successful.
2026-05-07 18:18:32,442 - root - INFO - Using alternate response format: data as list
2026-05-07 18:18:32,442 - root - INFO - No data points returned for the query period
2026-05-07 18:18:32,443 - root - INFO - Using single devDn for device/history (API: one device per query)
2026-05-07 18:18:32,443 - root - INFO - Fetching historical data for 1 devices of type inverter
2026-05-07 18:18:32,443 - root - INFO - Making API request to: https://sg5.fusionsolar.huawei.com/rest/openapi/pvms/nbi/v1/device/history
2026-05-07 18:18:32,443 - root - INFO - Request payload: {'devDn': 'NE=61851557', 'devTypeId': 1, 'startTime': 1778000400000, 'endTime': 1778086799000}
2026-05-07 18:18:32,752 - root - INFO - Response status code: 200
2026-05-07 18:18:32,752 - root - INFO - API response from https://sg5.fusionsolar.huawei.com/rest/openapi/pvms/nbi/v1/device/history (truncated): {'failCode': 407, 'success': False, 'message': 'Interface access frequency:0.39333333333333337/1second', 'data': []}
2026-05-07 18:18:32,753 - root - WARNING - API access frequency too high. Waiting 30 seconds before retry...
2026-05-07 18:19:02,753 - root - INFO - Retrying API request after rate limit wait...
2026-05-07 18:19:02,754 - root - INFO - Making API request to: https://sg5.fusionsolar.huawei.com/rest/openapi/pvms/nbi/v1/device/history
2026-05-07 18:19:02,755 - root - INFO - Request payload: {'devDn': 'NE=61851557', 'devTypeId': 1, 'startTime': 1778000400000, 'endTime': 1778086799000}
2026-05-07 18:19:03,625 - root - INFO - Response status code: 200
2026-05-07 18:19:03,625 - root - INFO - API response from https://sg5.fusionsolar.huawei.com/rest/openapi/pvms/nbi/v1/device/history (truncated): {'failCode': 0, 'success': True, 'message': 'historical data information query successful.', 'data': []}
2026-05-07 18:19:03,629 - root - INFO - API Response type: <class 'dict'>
2026-05-07 18:19:03,629 - root - INFO - API Response keys: ['failCode', 'success', 'message', 'data']
2026-05-07 18:19:03,629 - root - INFO - API Response data is a list with 0 items
2026-05-07 18:19:03,629 - root - INFO - API Response has failCode: 0, message: historical data information query successful.
2026-05-07 18:19:03,629 - root - INFO - Using alternate response format: data as list
2026-05-07 18:19:03,629 - root - INFO - No data points returned for the query period
2026-05-07 18:19:03,630 - root - INFO - Using single devDn for device/history (API: one device per query)
2026-05-07 18:19:03,630 - root - INFO - Fetching historical data for 1 devices of type inverter
2026-05-07 18:19:03,630 - root - INFO - Making API request to: https://sg5.fusionsolar.huawei.com/rest/openapi/pvms/nbi/v1/device/history
2026-05-07 18:19:03,630 - root - INFO - Request payload: {'devDn': 'NE=52031815', 'devTypeId': 1, 'startTime': 1778000400000, 'endTime': 1778086799000}
2026-05-07 18:19:03,951 - root - INFO - Response status code: 200
2026-05-07 18:19:03,952 - root - INFO - API response from https://sg5.fusionsolar.huawei.com/rest/openapi/pvms/nbi/v1/device/history (truncated): {'failCode': 407, 'success': False, 'message': 'Interface access frequency:0.39333333333333337/1second', 'data': []}
2026-05-07 18:19:03,953 - root - WARNING - API access frequency too high. Waiting 30 seconds before retry...
2026-05-07 18:19:33,953 - root - INFO - Retrying API request after rate limit wait...
2026-05-07 18:19:33,953 - root - INFO - Making API request to: https://sg5.fusionsolar.huawei.com/rest/openapi/pvms/nbi/v1/device/history
2026-05-07 18:19:33,954 - root - INFO - Request payload: {'devDn': 'NE=52031815', 'devTypeId': 1, 'startTime': 1778000400000, 'endTime': 1778086799000}
2026-05-07 18:19:35,593 - root - INFO - Response status code: 200
2026-05-07 18:19:35,615 - root - INFO - API response from https://sg5.fusionsolar.huawei.com/rest/openapi/pvms/nbi/v1/device/history (truncated): {'failCode': 0, 'success': True, 'message': 'historical data information query successful.', 'data': [{'devDn': 'NE=52031815', 'collectTime': 1778019000000, 'dataItems': {'pv28_i': 0.0, 'pv4_u': 0.0, 'pv24_i': 0.0, 'mppt_total_cap': 810608.78, 'pv8_u': 0.0, 'a_i': 0.0, 'pv24_u': 0.0, 'mppt_9_cap': None, 'pv20_u': 0.0, 'a_u': None, 'pv17_u': 0.0, 'pv20_i': 0.0, 'efficiency': 0.0, 'pv17_i': 0.0, 'pv13_i': 0.0, 'pv36_i': None, 'mppt_power': 0.0, 'pv13_u': 0.0, 'pv36_u': None, 'mppt_7_cap': None, 'p...
2026-05-07 18:19:35,617 - root - INFO - API Response type: <class 'dict'>
2026-05-07 18:19:35,618 - root - INFO - API Response keys: ['failCode', 'success', 'message', 'data']
2026-05-07 18:19:35,618 - root - INFO - API Response data is a list with 156 items
2026-05-07 18:19:35,618 - root - INFO - API Response has failCode: 0, message: historical data information query successful.
2026-05-07 18:19:35,618 - root - INFO - Using alternate response format: data as list
2026-05-07 18:19:35,618 - root - INFO - Received 156 data points from API
2026-05-07 18:19:35,618 - root - INFO - Sample data point structure: ['devDn', 'collectTime', 'dataItems']
2026-05-07 18:19:35,707 - root - INFO - Successfully upserted 156 data points.
2026-05-07 18:19:39,581 - root - INFO - Using single devDn for device/history (API: one device per query)
2026-05-07 18:19:39,583 - root - INFO - Fetching historical data for 1 devices of type inverter
2026-05-07 18:19:39,583 - root - INFO - Making API request to: https://sg5.fusionsolar.huawei.com/rest/openapi/pvms/nbi/v1/device/history
2026-05-07 18:19:39,583 - root - INFO - Request payload: {'devDn': 'NE=52031818', 'devTypeId': 1, 'startTime': 1778000400000, 'endTime': 1778086799000}
2026-05-07 18:19:41,323 - root - INFO - Response status code: 200
2026-05-07 18:19:41,343 - root - INFO - API response from https://sg5.fusionsolar.huawei.com/rest/openapi/pvms/nbi/v1/device/history (truncated): {'failCode': 0, 'success': True, 'message': 'historical data information query successful.', 'data': [{'devDn': 'NE=52031818', 'collectTime': 1778019000000, 'dataItems': {'pv28_i': 0.0, 'pv4_u': 0.0, 'pv24_i': 0.0, 'mppt_total_cap': 819277.3, 'pv8_u': 0.0, 'a_i': 0.0, 'pv24_u': 0.0, 'mppt_9_cap': 0.0, 'pv20_u': 0.0, 'a_u': 0.0, 'pv17_u': 0.0, 'pv20_i': 0.0, 'efficiency': 0.0, 'pv17_i': 0.0, 'pv13_i': 0.0, 'pv36_i': None, 'mppt_power': 0.0, 'pv13_u': 0.0, 'pv36_u': None, 'mppt_7_cap': 0.0, 'pv32_...
2026-05-07 18:19:41,345 - root - INFO - API Response type: <class 'dict'>
2026-05-07 18:19:41,345 - root - INFO - API Response keys: ['failCode', 'success', 'message', 'data']
2026-05-07 18:19:41,345 - root - INFO - API Response data is a list with 156 items
2026-05-07 18:19:41,345 - root - INFO - API Response has failCode: 0, message: historical data information query successful.
2026-05-07 18:19:41,345 - root - INFO - Using alternate response format: data as list
2026-05-07 18:19:41,345 - root - INFO - Received 156 data points from API
2026-05-07 18:19:41,346 - root - INFO - Sample data point structure: ['devDn', 'collectTime', 'dataItems']
2026-05-07 18:19:41,418 - root - INFO - Successfully upserted 156 data points.
2026-05-07 18:19:45,629 - root - INFO - Using single devDn for device/history (API: one device per query)
2026-05-07 18:19:45,630 - root - INFO - Fetching historical data for 1 devices of type inverter
2026-05-07 18:19:45,630 - root - INFO - Making API request to: https://sg5.fusionsolar.huawei.com/rest/openapi/pvms/nbi/v1/device/history
2026-05-07 18:19:45,631 - root - INFO - Request payload: {'devDn': 'NE=52031819', 'devTypeId': 1, 'startTime': 1778000400000, 'endTime': 1778086799000}
2026-05-07 18:19:47,706 - root - INFO - Response status code: 200
2026-05-07 18:19:47,727 - root - INFO - API response from https://sg5.fusionsolar.huawei.com/rest/openapi/pvms/nbi/v1/device/history (truncated): {'failCode': 0, 'success': True, 'message': 'historical data information query successful.', 'data': [{'devDn': 'NE=52031819', 'collectTime': 1778019000000, 'dataItems': {'pv28_i': 0.0, 'pv4_u': 0.0, 'pv24_i': 0.0, 'mppt_total_cap': 770191.36, 'pv8_u': 0.0, 'a_i': 0.0, 'pv24_u': 0.0, 'mppt_9_cap': 0.0, 'pv20_u': 0.0, 'a_u': 0.0, 'pv17_u': 0.0, 'pv20_i': 0.0, 'efficiency': 0.0, 'pv17_i': 0.0, 'pv13_i': 0.0, 'pv36_i': None, 'mppt_power': 0.0, 'pv13_u': 0.0, 'pv36_u': None, 'mppt_7_cap': 0.0, 'pv32...
2026-05-07 18:19:47,729 - root - INFO - API Response type: <class 'dict'>
2026-05-07 18:19:47,729 - root - INFO - API Response keys: ['failCode', 'success', 'message', 'data']
2026-05-07 18:19:47,729 - root - INFO - API Response data is a list with 156 items
2026-05-07 18:19:47,729 - root - INFO - API Response has failCode: 0, message: historical data information query successful.
2026-05-07 18:19:47,730 - root - INFO - Using alternate response format: data as list
2026-05-07 18:19:47,730 - root - INFO - Received 156 data points from API
2026-05-07 18:19:47,730 - root - INFO - Sample data point structure: ['devDn', 'collectTime', 'dataItems']
2026-05-07 18:19:47,798 - root - INFO - Successfully upserted 156 data points.
2026-05-07 18:19:51,267 - root - INFO - Using single devDn for device/history (API: one device per query)
2026-05-07 18:19:51,268 - root - INFO - Fetching historical data for 1 devices of type inverter
2026-05-07 18:19:51,268 - root - INFO - Making API request to: https://sg5.fusionsolar.huawei.com/rest/openapi/pvms/nbi/v1/device/history
2026-05-07 18:19:51,268 - root - INFO - Request payload: {'devDn': 'NE=52031820', 'devTypeId': 1, 'startTime': 1778000400000, 'endTime': 1778086799000}
2026-05-07 18:19:52,837 - root - INFO - Response status code: 200
2026-05-07 18:19:52,853 - root - INFO - API response from https://sg5.fusionsolar.huawei.com/rest/openapi/pvms/nbi/v1/device/history (truncated): {'failCode': 0, 'success': True, 'message': 'historical data information query successful.', 'data': [{'devDn': 'NE=52031820', 'collectTime': 1778019000000, 'dataItems': {'pv28_i': 0.0, 'pv4_u': 0.0, 'pv24_i': 0.0, 'mppt_total_cap': 794520.76, 'pv8_u': 0.0, 'a_i': 0.0, 'pv24_u': 0.0, 'mppt_9_cap': 0.0, 'pv20_u': 0.0, 'a_u': 0.0, 'pv17_u': 0.0, 'pv20_i': 0.0, 'efficiency': 0.0, 'pv17_i': 0.0, 'pv13_i': 0.0, 'pv36_i': None, 'mppt_power': 0.0, 'pv13_u': 0.0, 'pv36_u': None, 'mppt_7_cap': 0.0, 'pv32...
2026-05-07 18:19:52,855 - root - INFO - API Response type: <class 'dict'>
2026-05-07 18:19:52,857 - root - INFO - API Response keys: ['failCode', 'success', 'message', 'data']
2026-05-07 18:19:52,857 - root - INFO - API Response data is a list with 156 items
2026-05-07 18:19:52,857 - root - INFO - API Response has failCode: 0, message: historical data information query successful.
2026-05-07 18:19:52,857 - root - INFO - Using alternate response format: data as list
2026-05-07 18:19:52,857 - root - INFO - Received 156 data points from API
2026-05-07 18:19:52,858 - root - INFO - Sample data point structure: ['devDn', 'collectTime', 'dataItems']
2026-05-07 18:19:52,931 - root - INFO - Successfully upserted 156 data points.
2026-05-07 18:19:56,519 - root - INFO - Using single devDn for device/history (API: one device per query)
2026-05-07 18:19:56,521 - root - INFO - Fetching historical data for 1 devices of type inverter
2026-05-07 18:19:56,521 - root - INFO - Making API request to: https://sg5.fusionsolar.huawei.com/rest/openapi/pvms/nbi/v1/device/history
2026-05-07 18:19:56,521 - root - INFO - Request payload: {'devDn': 'NE=52031821', 'devTypeId': 1, 'startTime': 1778000400000, 'endTime': 1778086799000}
2026-05-07 18:19:58,105 - root - INFO - Response status code: 200
2026-05-07 18:19:58,121 - root - INFO - API response from https://sg5.fusionsolar.huawei.com/rest/openapi/pvms/nbi/v1/device/history (truncated): {'failCode': 0, 'success': True, 'message': 'historical data information query successful.', 'data': [{'devDn': 'NE=52031821', 'collectTime': 1778019000000, 'dataItems': {'pv28_i': 0.0, 'pv4_u': 0.0, 'pv24_i': 0.0, 'mppt_total_cap': 800233.44, 'pv8_u': 0.0, 'a_i': 0.0, 'pv24_u': 0.0, 'mppt_9_cap': 0.0, 'pv20_u': 0.0, 'a_u': 0.0, 'pv17_u': 0.0, 'pv20_i': 0.0, 'efficiency': 0.0, 'pv17_i': 0.0, 'pv13_i': 0.0, 'pv36_i': None, 'mppt_power': 0.0, 'pv13_u': 0.0, 'pv36_u': None, 'mppt_7_cap': 0.0, 'pv32...
2026-05-07 18:19:58,123 - root - INFO - API Response type: <class 'dict'>
2026-05-07 18:19:58,123 - root - INFO - API Response keys: ['failCode', 'success', 'message', 'data']
2026-05-07 18:19:58,123 - root - INFO - API Response data is a list with 156 items
2026-05-07 18:19:58,123 - root - INFO - API Response has failCode: 0, message: historical data information query successful.
2026-05-07 18:19:58,123 - root - INFO - Using alternate response format: data as list
2026-05-07 18:19:58,123 - root - INFO - Received 156 data points from API
2026-05-07 18:19:58,123 - root - INFO - Sample data point structure: ['devDn', 'collectTime', 'dataItems']
2026-05-07 18:19:58,196 - root - INFO - Successfully upserted 156 data points.
2026-05-07 18:20:01,821 - root - INFO - Using single devDn for device/history (API: one device per query)
2026-05-07 18:20:01,822 - root - INFO - Fetching historical data for 1 devices of type inverter
2026-05-07 18:20:01,822 - root - INFO - Making API request to: https://sg5.fusionsolar.huawei.com/rest/openapi/pvms/nbi/v1/device/history
2026-05-07 18:20:01,823 - root - INFO - Request payload: {'devDn': 'NE=52031822', 'devTypeId': 1, 'startTime': 1778000400000, 'endTime': 1778086799000}
2026-05-07 18:20:03,491 - root - INFO - Response status code: 200
2026-05-07 18:20:03,506 - root - INFO - API response from https://sg5.fusionsolar.huawei.com/rest/openapi/pvms/nbi/v1/device/history (truncated): {'failCode': 0, 'success': True, 'message': 'historical data information query successful.', 'data': [{'devDn': 'NE=52031822', 'collectTime': 1778019000000, 'dataItems': {'pv28_i': 0.0, 'pv4_u': 0.0, 'pv24_i': 0.0, 'mppt_total_cap': 814695.35, 'pv8_u': 0.0, 'a_i': 0.0, 'pv24_u': 0.0, 'mppt_9_cap': 0.0, 'pv20_u': 0.0, 'a_u': 0.0, 'pv17_u': 0.0, 'pv20_i': 0.0, 'efficiency': 0.0, 'pv17_i': 0.0, 'pv13_i': 0.0, 'pv36_i': None, 'mppt_power': 0.0, 'pv13_u': 0.0, 'pv36_u': None, 'mppt_7_cap': 0.0, 'pv32...
2026-05-07 18:20:03,508 - root - INFO - API Response type: <class 'dict'>
2026-05-07 18:20:03,508 - root - INFO - API Response keys: ['failCode', 'success', 'message', 'data']
2026-05-07 18:20:03,508 - root - INFO - API Response data is a list with 156 items
2026-05-07 18:20:03,509 - root - INFO - API Response has failCode: 0, message: historical data information query successful.
2026-05-07 18:20:03,509 - root - INFO - Using alternate response format: data as list
2026-05-07 18:20:03,509 - root - INFO - Received 156 data points from API
2026-05-07 18:20:03,509 - root - INFO - Sample data point structure: ['devDn', 'collectTime', 'dataItems']
2026-05-07 18:20:03,583 - root - INFO - Successfully upserted 156 data points.
2026-05-07 18:20:07,106 - root - INFO - Using single devDn for device/history (API: one device per query)
2026-05-07 18:20:07,108 - root - INFO - Fetching historical data for 1 devices of type inverter
2026-05-07 18:20:07,108 - root - INFO - Making API request to: https://sg5.fusionsolar.huawei.com/rest/openapi/pvms/nbi/v1/device/history
2026-05-07 18:20:07,108 - root - INFO - Request payload: {'devDn': 'NE=52031823', 'devTypeId': 1, 'startTime': 1778000400000, 'endTime': 1778086799000}
2026-05-07 18:20:08,822 - root - INFO - Response status code: 200
2026-05-07 18:20:08,837 - root - INFO - API response from https://sg5.fusionsolar.huawei.com/rest/openapi/pvms/nbi/v1/device/history (truncated): {'failCode': 0, 'success': True, 'message': 'historical data information query successful.', 'data': [{'devDn': 'NE=52031823', 'collectTime': 1778019000000, 'dataItems': {'pv28_i': 0.0, 'pv4_u': 0.0, 'pv24_i': 0.0, 'mppt_total_cap': 818550.76, 'pv8_u': 0.0, 'a_i': 0.0, 'pv24_u': 0.0, 'mppt_9_cap': 0.0, 'pv20_u': 0.0, 'a_u': 0.0, 'pv17_u': 0.0, 'pv20_i': 0.0, 'efficiency': 0.0, 'pv17_i': 0.0, 'pv13_i': 0.0, 'pv36_i': None, 'mppt_power': 0.0, 'pv13_u': 0.0, 'pv36_u': None, 'mppt_7_cap': 0.0, 'pv32...
2026-05-07 18:20:08,839 - root - INFO - API Response type: <class 'dict'>
2026-05-07 18:20:08,839 - root - INFO - API Response keys: ['failCode', 'success', 'message', 'data']
2026-05-07 18:20:08,840 - root - INFO - API Response data is a list with 156 items
2026-05-07 18:20:08,840 - root - INFO - API Response has failCode: 0, message: historical data information query successful.
2026-05-07 18:20:08,840 - root - INFO - Using alternate response format: data as list
2026-05-07 18:20:08,840 - root - INFO - Received 156 data points from API
2026-05-07 18:20:08,842 - root - INFO - Sample data point structure: ['devDn', 'collectTime', 'dataItems']
2026-05-07 18:20:08,913 - root - INFO - Successfully upserted 156 data points.
2026-05-07 18:20:12,372 - root - INFO - Using single devDn for device/history (API: one device per query)
2026-05-07 18:20:12,373 - root - INFO - Fetching historical data for 1 devices of type inverter
2026-05-07 18:20:12,374 - root - INFO - Making API request to: https://sg5.fusionsolar.huawei.com/rest/openapi/pvms/nbi/v1/device/history
2026-05-07 18:20:12,374 - root - INFO - Request payload: {'devDn': 'NE=52031824', 'devTypeId': 1, 'startTime': 1778000400000, 'endTime': 1778086799000}
2026-05-07 18:20:14,090 - root - INFO - Response status code: 200
2026-05-07 18:20:14,104 - root - INFO - API response from https://sg5.fusionsolar.huawei.com/rest/openapi/pvms/nbi/v1/device/history (truncated): {'failCode': 0, 'success': True, 'message': 'historical data information query successful.', 'data': [{'devDn': 'NE=52031824', 'collectTime': 1778019000000, 'dataItems': {'pv28_i': 0.0, 'pv4_u': 0.0, 'pv24_i': 0.0, 'mppt_total_cap': 781766.69, 'pv8_u': 0.0, 'a_i': 0.0, 'pv24_u': 0.0, 'mppt_9_cap': 0.0, 'pv20_u': 0.0, 'a_u': 0.0, 'pv17_u': 0.0, 'pv20_i': 0.0, 'efficiency': 0.0, 'pv17_i': 0.0, 'pv13_i': 0.0, 'pv36_i': None, 'mppt_power': 0.0, 'pv13_u': 0.0, 'pv36_u': None, 'mppt_7_cap': 0.0, 'pv32...
2026-05-07 18:20:14,107 - root - INFO - API Response type: <class 'dict'>
2026-05-07 18:20:14,107 - root - INFO - API Response keys: ['failCode', 'success', 'message', 'data']
2026-05-07 18:20:14,107 - root - INFO - API Response data is a list with 156 items
2026-05-07 18:20:14,107 - root - INFO - API Response has failCode: 0, message: historical data information query successful.
2026-05-07 18:20:14,107 - root - INFO - Using alternate response format: data as list
2026-05-07 18:20:14,108 - root - INFO - Received 156 data points from API
2026-05-07 18:20:14,108 - root - INFO - Sample data point structure: ['devDn', 'collectTime', 'dataItems']
2026-05-07 18:20:14,180 - root - INFO - Successfully upserted 156 data points.
2026-05-07 18:20:17,529 - root - INFO - Using single devDn for device/history (API: one device per query)
2026-05-07 18:20:17,530 - root - INFO - Fetching historical data for 1 devices of type inverter
2026-05-07 18:20:17,531 - root - INFO - Making API request to: https://sg5.fusionsolar.huawei.com/rest/openapi/pvms/nbi/v1/device/history
2026-05-07 18:20:17,531 - root - INFO - Request payload: {'devDn': 'NE=52031825', 'devTypeId': 1, 'startTime': 1778000400000, 'endTime': 1778086799000}
2026-05-07 18:20:19,134 - root - INFO - Response status code: 200
2026-05-07 18:20:19,149 - root - INFO - API response from https://sg5.fusionsolar.huawei.com/rest/openapi/pvms/nbi/v1/device/history (truncated): {'failCode': 0, 'success': True, 'message': 'historical data information query successful.', 'data': [{'devDn': 'NE=52031825', 'collectTime': 1778019000000, 'dataItems': {'pv28_i': 0.0, 'pv4_u': 0.0, 'pv24_i': 0.0, 'mppt_total_cap': 818724.54, 'pv8_u': 0.0, 'a_i': 0.0, 'pv24_u': 0.0, 'mppt_9_cap': None, 'pv20_u': 0.0, 'a_u': None, 'pv17_u': 0.0, 'pv20_i': 0.0, 'efficiency': 0.0, 'pv17_i': 0.0, 'pv13_i': 0.0, 'pv36_i': None, 'mppt_power': 0.0, 'pv13_u': 0.0, 'pv36_u': None, 'mppt_7_cap': None, 'p...
2026-05-07 18:20:19,151 - root - INFO - API Response type: <class 'dict'>
2026-05-07 18:20:19,151 - root - INFO - API Response keys: ['failCode', 'success', 'message', 'data']
2026-05-07 18:20:19,151 - root - INFO - API Response data is a list with 156 items
2026-05-07 18:20:19,152 - root - INFO - API Response has failCode: 0, message: historical data information query successful.
2026-05-07 18:20:19,152 - root - INFO - Using alternate response format: data as list
2026-05-07 18:20:19,152 - root - INFO - Received 156 data points from API
2026-05-07 18:20:19,152 - root - INFO - Sample data point structure: ['devDn', 'collectTime', 'dataItems']
2026-05-07 18:20:19,224 - root - INFO - Successfully upserted 156 data points.
2026-05-07 18:20:22,637 - root - INFO - Using single devDn for device/history (API: one device per query)
2026-05-07 18:20:22,638 - root - INFO - Fetching historical data for 1 devices of type inverter
2026-05-07 18:20:22,638 - root - INFO - Making API request to: https://sg5.fusionsolar.huawei.com/rest/openapi/pvms/nbi/v1/device/history
2026-05-07 18:20:22,638 - root - INFO - Request payload: {'devDn': 'NE=52031826', 'devTypeId': 1, 'startTime': 1778000400000, 'endTime': 1778086799000}
2026-05-07 18:20:24,301 - root - INFO - Response status code: 200
2026-05-07 18:20:24,316 - root - INFO - API response from https://sg5.fusionsolar.huawei.com/rest/openapi/pvms/nbi/v1/device/history (truncated): {'failCode': 0, 'success': True, 'message': 'historical data information query successful.', 'data': [{'devDn': 'NE=52031826', 'collectTime': 1778019000000, 'dataItems': {'pv28_i': 0.0, 'pv4_u': 0.0, 'pv24_i': 0.0, 'mppt_total_cap': 797807.98, 'pv8_u': 0.0, 'a_i': 0.0, 'pv24_u': 0.0, 'mppt_9_cap': None, 'pv20_u': 0.0, 'a_u': None, 'pv17_u': 0.0, 'pv20_i': 0.0, 'efficiency': 0.0, 'pv17_i': 0.0, 'pv13_i': 0.0, 'pv36_i': None, 'mppt_power': 0.0, 'pv13_u': 0.0, 'pv36_u': None, 'mppt_7_cap': None, 'p...
2026-05-07 18:20:24,318 - root - INFO - API Response type: <class 'dict'>
2026-05-07 18:20:24,318 - root - INFO - API Response keys: ['failCode', 'success', 'message', 'data']
2026-05-07 18:20:24,318 - root - INFO - API Response data is a list with 156 items
2026-05-07 18:20:24,318 - root - INFO - API Response has failCode: 0, message: historical data information query successful.
2026-05-07 18:20:24,318 - root - INFO - Using alternate response format: data as list
2026-05-07 18:20:24,318 - root - INFO - Received 156 data points from API
2026-05-07 18:20:24,319 - root - INFO - Sample data point structure: ['devDn', 'collectTime', 'dataItems']
2026-05-07 18:20:24,387 - root - INFO - Successfully upserted 156 data points.
2026-05-07 18:20:27,829 - root - INFO - Using single devDn for device/history (API: one device per query)
2026-05-07 18:20:27,831 - root - INFO - Fetching historical data for 1 devices of type inverter
2026-05-07 18:20:27,831 - root - INFO - Making API request to: https://sg5.fusionsolar.huawei.com/rest/openapi/pvms/nbi/v1/device/history
2026-05-07 18:20:27,831 - root - INFO - Request payload: {'devDn': 'NE=52031827', 'devTypeId': 1, 'startTime': 1778000400000, 'endTime': 1778086799000}
2026-05-07 18:20:29,202 - root - INFO - Response status code: 200
2026-05-07 18:20:29,217 - root - INFO - API response from https://sg5.fusionsolar.huawei.com/rest/openapi/pvms/nbi/v1/device/history (truncated): {'failCode': 0, 'success': True, 'message': 'historical data information query successful.', 'data': [{'devDn': 'NE=52031827', 'collectTime': 1778019000000, 'dataItems': {'pv28_i': 0.0, 'pv4_u': 0.0, 'pv24_i': 0.0, 'mppt_total_cap': 773028.66, 'pv8_u': 0.0, 'a_i': 0.0, 'pv24_u': 0.0, 'mppt_9_cap': 0.0, 'pv20_u': 0.0, 'a_u': 0.0, 'pv17_u': 0.0, 'pv20_i': 0.0, 'efficiency': 0.0, 'pv17_i': 0.0, 'pv13_i': 0.0, 'pv36_i': None, 'mppt_power': 0.0, 'pv13_u': 0.0, 'pv36_u': None, 'mppt_7_cap': 0.0, 'pv32...
2026-05-07 18:20:29,219 - root - INFO - API Response type: <class 'dict'>
2026-05-07 18:20:29,219 - root - INFO - API Response keys: ['failCode', 'success', 'message', 'data']
2026-05-07 18:20:29,219 - root - INFO - API Response data is a list with 156 items
2026-05-07 18:20:29,219 - root - INFO - API Response has failCode: 0, message: historical data information query successful.
2026-05-07 18:20:29,219 - root - INFO - Using alternate response format: data as list
2026-05-07 18:20:29,219 - root - INFO - Received 156 data points from API
2026-05-07 18:20:29,220 - root - INFO - Sample data point structure: ['devDn', 'collectTime', 'dataItems']
2026-05-07 18:20:29,291 - root - INFO - Successfully upserted 156 data points.
2026-05-07 18:20:32,598 - root - INFO - Using single devDn for device/history (API: one device per query)
2026-05-07 18:20:32,599 - root - INFO - Fetching historical data for 1 devices of type inverter
2026-05-07 18:20:32,599 - root - INFO - Making API request to: https://sg5.fusionsolar.huawei.com/rest/openapi/pvms/nbi/v1/device/history
2026-05-07 18:20:32,599 - root - INFO - Request payload: {'devDn': 'NE=52031816', 'devTypeId': 1, 'startTime': 1778000400000, 'endTime': 1778086799000}
2026-05-07 18:20:34,040 - root - INFO - Response status code: 200
2026-05-07 18:20:34,055 - root - INFO - API response from https://sg5.fusionsolar.huawei.com/rest/openapi/pvms/nbi/v1/device/history (truncated): {'failCode': 0, 'success': True, 'message': 'historical data information query successful.', 'data': [{'devDn': 'NE=52031816', 'collectTime': 1778019000000, 'dataItems': {'pv28_i': 0.0, 'pv4_u': 0.0, 'pv24_i': 0.0, 'mppt_total_cap': 818557.21, 'pv8_u': 0.0, 'a_i': 0.0, 'pv24_u': 0.0, 'mppt_9_cap': 0.0, 'pv20_u': 0.0, 'a_u': 0.0, 'pv17_u': 0.0, 'pv20_i': 0.0, 'efficiency': 0.0, 'pv17_i': 0.0, 'pv13_i': 0.0, 'pv36_i': None, 'mppt_power': 0.0, 'pv13_u': 0.0, 'pv36_u': None, 'mppt_7_cap': 0.0, 'pv32...
2026-05-07 18:20:34,056 - root - INFO - API Response type: <class 'dict'>
2026-05-07 18:20:34,057 - root - INFO - API Response keys: ['failCode', 'success', 'message', 'data']
2026-05-07 18:20:34,057 - root - INFO - API Response data is a list with 156 items
2026-05-07 18:20:34,057 - root - INFO - API Response has failCode: 0, message: historical data information query successful.
2026-05-07 18:20:34,057 - root - INFO - Using alternate response format: data as list
2026-05-07 18:20:34,057 - root - INFO - Received 156 data points from API
2026-05-07 18:20:34,057 - root - INFO - Sample data point structure: ['devDn', 'collectTime', 'dataItems']
2026-05-07 18:20:34,129 - root - INFO - Successfully upserted 156 data points.
2026-05-07 18:20:37,464 - root - INFO - Using single devDn for device/history (API: one device per query)
2026-05-07 18:20:37,466 - root - INFO - Fetching historical data for 1 devices of type inverter
2026-05-07 18:20:37,466 - root - INFO - Making API request to: https://sg5.fusionsolar.huawei.com/rest/openapi/pvms/nbi/v1/device/history
2026-05-07 18:20:37,466 - root - INFO - Request payload: {'devDn': 'NE=52031817', 'devTypeId': 1, 'startTime': 1778000400000, 'endTime': 1778086799000}
2026-05-07 18:20:39,020 - root - INFO - Response status code: 200
2026-05-07 18:20:39,035 - root - INFO - API response from https://sg5.fusionsolar.huawei.com/rest/openapi/pvms/nbi/v1/device/history (truncated): {'failCode': 0, 'success': True, 'message': 'historical data information query successful.', 'data': [{'devDn': 'NE=52031817', 'collectTime': 1778019000000, 'dataItems': {'pv28_i': 0.0, 'pv4_u': 0.0, 'pv24_i': 0.0, 'mppt_total_cap': 778021.09, 'pv8_u': 0.0, 'a_i': 0.0, 'pv24_u': 0.0, 'mppt_9_cap': 0.0, 'pv20_u': 0.0, 'a_u': 0.0, 'pv17_u': 0.0, 'pv20_i': 0.0, 'efficiency': 0.0, 'pv17_i': 0.0, 'pv13_i': 0.0, 'pv36_i': None, 'mppt_power': 0.0, 'pv13_u': 0.0, 'pv36_u': None, 'mppt_7_cap': 0.0, 'pv32...
2026-05-07 18:20:39,037 - root - INFO - API Response type: <class 'dict'>
2026-05-07 18:20:39,037 - root - INFO - API Response keys: ['failCode', 'success', 'message', 'data']
2026-05-07 18:20:39,037 - root - INFO - API Response data is a list with 156 items
2026-05-07 18:20:39,037 - root - INFO - API Response has failCode: 0, message: historical data information query successful.
2026-05-07 18:20:39,037 - root - INFO - Using alternate response format: data as list
2026-05-07 18:20:39,037 - root - INFO - Received 156 data points from API
2026-05-07 18:20:39,037 - root - INFO - Sample data point structure: ['devDn', 'collectTime', 'dataItems']
2026-05-07 18:20:39,105 - root - INFO - Successfully upserted 156 data points.
2026-05-07 18:20:42,378 - root - INFO - Using single devDn for device/history (API: one device per query)
2026-05-07 18:20:42,380 - root - INFO - Fetching historical data for 1 devices of type inverter
2026-05-07 18:20:42,380 - root - INFO - Making API request to: https://sg5.fusionsolar.huawei.com/rest/openapi/pvms/nbi/v1/device/history
2026-05-07 18:20:42,380 - root - INFO - Request payload: {'devDn': 'NE=51758779', 'devTypeId': 1, 'startTime': 1778000400000, 'endTime': 1778086799000}
2026-05-07 18:20:43,902 - root - INFO - Response status code: 200
2026-05-07 18:20:43,918 - root - INFO - API response from https://sg5.fusionsolar.huawei.com/rest/openapi/pvms/nbi/v1/device/history (truncated): {'failCode': 0, 'success': True, 'message': 'historical data information query successful.', 'data': [{'devDn': 'NE=51758779', 'collectTime': 1778019000000, 'dataItems': {'pv28_i': 0.0, 'pv4_u': 0.0, 'pv24_i': 0.0, 'mppt_total_cap': 877632.53, 'pv8_u': 0.0, 'a_i': 0.0, 'pv24_u': 0.0, 'mppt_9_cap': 0.0, 'pv20_u': 0.0, 'a_u': 0.0, 'pv17_u': 0.0, 'pv20_i': 0.0, 'efficiency': 0.0, 'pv17_i': 0.0, 'pv13_i': 0.0, 'pv36_i': None, 'mppt_power': 0.0, 'pv13_u': 0.0, 'pv36_u': None, 'mppt_7_cap': 0.0, 'pv32...
2026-05-07 18:20:43,921 - root - INFO - API Response type: <class 'dict'>
2026-05-07 18:20:43,922 - root - INFO - API Response keys: ['failCode', 'success', 'message', 'data']
2026-05-07 18:20:43,922 - root - INFO - API Response data is a list with 164 items
2026-05-07 18:20:43,922 - root - INFO - API Response has failCode: 0, message: historical data information query successful.
2026-05-07 18:20:43,922 - root - INFO - Using alternate response format: data as list
2026-05-07 18:20:43,922 - root - INFO - Received 164 data points from API
2026-05-07 18:20:43,922 - root - INFO - Sample data point structure: ['devDn', 'collectTime', 'dataItems']
2026-05-07 18:20:43,994 - root - INFO - Successfully upserted 164 data points.
2026-05-07 18:20:47,397 - root - INFO - Using single devDn for device/history (API: one device per query)
2026-05-07 18:20:47,398 - root - INFO - Fetching historical data for 1 devices of type inverter
2026-05-07 18:20:47,398 - root - INFO - Making API request to: https://sg5.fusionsolar.huawei.com/rest/openapi/pvms/nbi/v1/device/history
2026-05-07 18:20:47,399 - root - INFO - Request payload: {'devDn': 'NE=51758780', 'devTypeId': 1, 'startTime': 1778000400000, 'endTime': 1778086799000}
2026-05-07 18:20:49,277 - root - INFO - Response status code: 200
2026-05-07 18:20:49,298 - root - INFO - API response from https://sg5.fusionsolar.huawei.com/rest/openapi/pvms/nbi/v1/device/history (truncated): {'failCode': 0, 'success': True, 'message': 'historical data information query successful.', 'data': [{'devDn': 'NE=51758780', 'collectTime': 1778019000000, 'dataItems': {'pv28_i': 0.0, 'pv4_u': 0.0, 'pv24_i': 0.0, 'mppt_total_cap': 917001.85, 'pv8_u': 0.0, 'a_i': 0.0, 'pv24_u': 0.0, 'mppt_9_cap': 0.0, 'pv20_u': 0.0, 'a_u': 0.0, 'pv17_u': 0.0, 'pv20_i': 0.0, 'efficiency': 0.0, 'pv17_i': 0.0, 'pv13_i': 0.0, 'pv36_i': None, 'mppt_power': 0.0, 'pv13_u': 0.0, 'pv36_u': None, 'mppt_7_cap': 0.0, 'pv32...
2026-05-07 18:20:49,300 - root - INFO - API Response type: <class 'dict'>
2026-05-07 18:20:49,300 - root - INFO - API Response keys: ['failCode', 'success', 'message', 'data']
2026-05-07 18:20:49,300 - root - INFO - API Response data is a list with 164 items
2026-05-07 18:20:49,300 - root - INFO - API Response has failCode: 0, message: historical data information query successful.
2026-05-07 18:20:49,300 - root - INFO - Using alternate response format: data as list
2026-05-07 18:20:49,301 - root - INFO - Received 164 data points from API
2026-05-07 18:20:49,301 - root - INFO - Sample data point structure: ['devDn', 'collectTime', 'dataItems']
2026-05-07 18:20:49,372 - root - INFO - Successfully upserted 164 data points.
2026-05-07 18:20:52,747 - root - INFO - Using single devDn for device/history (API: one device per query)
2026-05-07 18:20:52,748 - root - INFO - Fetching historical data for 1 devices of type inverter
2026-05-07 18:20:52,748 - root - INFO - Making API request to: https://sg5.fusionsolar.huawei.com/rest/openapi/pvms/nbi/v1/device/history
2026-05-07 18:20:52,748 - root - INFO - Request payload: {'devDn': 'NE=51758777', 'devTypeId': 1, 'startTime': 1778000400000, 'endTime': 1778086799000}
2026-05-07 18:20:54,494 - root - INFO - Response status code: 200
2026-05-07 18:20:54,510 - root - INFO - API response from https://sg5.fusionsolar.huawei.com/rest/openapi/pvms/nbi/v1/device/history (truncated): {'failCode': 0, 'success': True, 'message': 'historical data information query successful.', 'data': [{'devDn': 'NE=51758777', 'collectTime': 1778019000000, 'dataItems': {'pv28_i': 0.0, 'pv4_u': 0.0, 'pv24_i': 0.0, 'mppt_total_cap': 922939.11, 'pv8_u': 0.0, 'a_i': 0.0, 'pv24_u': 0.0, 'mppt_9_cap': None, 'pv20_u': 0.0, 'a_u': None, 'pv17_u': 0.0, 'pv20_i': 0.0, 'efficiency': 0.0, 'pv17_i': 0.0, 'pv13_i': 0.0, 'pv36_i': None, 'mppt_power': 0.0, 'pv13_u': 0.0, 'pv36_u': None, 'mppt_7_cap': None, 'p...
2026-05-07 18:20:54,513 - root - INFO - API Response type: <class 'dict'>
2026-05-07 18:20:54,514 - root - INFO - API Response keys: ['failCode', 'success', 'message', 'data']
2026-05-07 18:20:54,514 - root - INFO - API Response data is a list with 164 items
2026-05-07 18:20:54,514 - root - INFO - API Response has failCode: 0, message: historical data information query successful.
2026-05-07 18:20:54,514 - root - INFO - Using alternate response format: data as list
2026-05-07 18:20:54,514 - root - INFO - Received 164 data points from API
2026-05-07 18:20:54,515 - root - INFO - Sample data point structure: ['devDn', 'collectTime', 'dataItems']
2026-05-07 18:20:54,587 - root - INFO - Successfully upserted 164 data points.
2026-05-07 18:20:57,899 - root - INFO - Using single devDn for device/history (API: one device per query)
2026-05-07 18:20:57,901 - root - INFO - Fetching historical data for 1 devices of type inverter
2026-05-07 18:20:57,901 - root - INFO - Making API request to: https://sg5.fusionsolar.huawei.com/rest/openapi/pvms/nbi/v1/device/history
2026-05-07 18:20:57,901 - root - INFO - Request payload: {'devDn': 'NE=51758778', 'devTypeId': 1, 'startTime': 1778000400000, 'endTime': 1778086799000}
2026-05-07 18:20:59,607 - root - INFO - Response status code: 200
2026-05-07 18:20:59,623 - root - INFO - API response from https://sg5.fusionsolar.huawei.com/rest/openapi/pvms/nbi/v1/device/history (truncated): {'failCode': 0, 'success': True, 'message': 'historical data information query successful.', 'data': [{'devDn': 'NE=51758778', 'collectTime': 1778019000000, 'dataItems': {'pv28_i': 0.0, 'pv4_u': 0.0, 'pv24_i': 0.0, 'mppt_total_cap': 883677.4, 'pv8_u': 0.0, 'a_i': 0.0, 'pv24_u': 0.0, 'mppt_9_cap': 0.0, 'pv20_u': 0.0, 'a_u': 0.0, 'pv17_u': 0.0, 'pv20_i': 0.0, 'efficiency': 0.0, 'pv17_i': 0.0, 'pv13_i': 0.0, 'pv36_i': None, 'mppt_power': 0.0, 'pv13_u': 0.0, 'pv36_u': None, 'mppt_7_cap': 0.0, 'pv32_...
2026-05-07 18:20:59,625 - root - INFO - API Response type: <class 'dict'>
2026-05-07 18:20:59,625 - root - INFO - API Response keys: ['failCode', 'success', 'message', 'data']
2026-05-07 18:20:59,625 - root - INFO - API Response data is a list with 164 items
2026-05-07 18:20:59,625 - root - INFO - API Response has failCode: 0, message: historical data information query successful.
2026-05-07 18:20:59,626 - root - INFO - Using alternate response format: data as list
2026-05-07 18:20:59,626 - root - INFO - Received 164 data points from API
2026-05-07 18:20:59,626 - root - INFO - Sample data point structure: ['devDn', 'collectTime', 'dataItems']
2026-05-07 18:20:59,700 - root - INFO - Successfully upserted 164 data points.
2026-05-07 18:21:02,957 - root - INFO - Using single devDn for device/history (API: one device per query)
2026-05-07 18:21:02,960 - root - INFO - Fetching historical data for 1 devices of type inverter
2026-05-07 18:21:02,960 - root - INFO - Making API request to: https://sg5.fusionsolar.huawei.com/rest/openapi/pvms/nbi/v1/device/history
2026-05-07 18:21:02,960 - root - INFO - Request payload: {'devDn': 'NE=58790540', 'devTypeId': 1, 'startTime': 1778000400000, 'endTime': 1778086799000}
2026-05-07 18:21:03,830 - root - INFO - Response status code: 200
2026-05-07 18:21:03,830 - root - INFO - API response from https://sg5.fusionsolar.huawei.com/rest/openapi/pvms/nbi/v1/device/history (truncated): {'failCode': 0, 'success': True, 'message': 'historical data information query successful.', 'data': []}
2026-05-07 18:21:03,833 - root - INFO - API Response type: <class 'dict'>
2026-05-07 18:21:03,833 - root - INFO - API Response keys: ['failCode', 'success', 'message', 'data']
2026-05-07 18:21:03,833 - root - INFO - API Response data is a list with 0 items
2026-05-07 18:21:03,833 - root - INFO - API Response has failCode: 0, message: historical data information query successful.
2026-05-07 18:21:03,833 - root - INFO - Using alternate response format: data as list
2026-05-07 18:21:03,833 - root - INFO - No data points returned for the query period
2026-05-07 18:21:03,834 - root - INFO - Using single devDn for device/history (API: one device per query)
2026-05-07 18:21:03,834 - root - INFO - Fetching historical data for 1 devices of type inverter
2026-05-07 18:21:03,834 - root - INFO - Making API request to: https://sg5.fusionsolar.huawei.com/rest/openapi/pvms/nbi/v1/device/history
2026-05-07 18:21:03,834 - root - INFO - Request payload: {'devDn': 'NE=58790539', 'devTypeId': 1, 'startTime': 1778000400000, 'endTime': 1778086799000}
2026-05-07 18:21:04,153 - root - INFO - Response status code: 200
2026-05-07 18:21:04,153 - root - INFO - API response from https://sg5.fusionsolar.huawei.com/rest/openapi/pvms/nbi/v1/device/history (truncated): {'failCode': 407, 'success': False, 'message': 'Interface access frequency:0.39333333333333337/1second', 'data': []}
2026-05-07 18:21:04,154 - root - WARNING - API access frequency too high. Waiting 30 seconds before retry...
2026-05-07 18:21:34,154 - root - INFO - Retrying API request after rate limit wait...
2026-05-07 18:21:34,154 - root - INFO - Making API request to: https://sg5.fusionsolar.huawei.com/rest/openapi/pvms/nbi/v1/device/history
2026-05-07 18:21:34,155 - root - INFO - Request payload: {'devDn': 'NE=58790539', 'devTypeId': 1, 'startTime': 1778000400000, 'endTime': 1778086799000}
2026-05-07 18:21:35,858 - root - INFO - Response status code: 200
2026-05-07 18:21:35,858 - root - INFO - API response from https://sg5.fusionsolar.huawei.com/rest/openapi/pvms/nbi/v1/device/history (truncated): {'failCode': 0, 'success': True, 'message': 'historical data information query successful.', 'data': []}
2026-05-07 18:21:35,862 - root - INFO - API Response type: <class 'dict'>
2026-05-07 18:21:35,862 - root - INFO - API Response keys: ['failCode', 'success', 'message', 'data']
2026-05-07 18:21:35,862 - root - INFO - API Response data is a list with 0 items
2026-05-07 18:21:35,863 - root - INFO - API Response has failCode: 0, message: historical data information query successful.
2026-05-07 18:21:35,863 - root - INFO - Using alternate response format: data as list
2026-05-07 18:21:35,863 - root - INFO - No data points returned for the query period
2026-05-07 18:21:35,863 - root - INFO - Using single devDn for device/history (API: one device per query)
2026-05-07 18:21:35,864 - root - INFO - Fetching historical data for 1 devices of type inverter
2026-05-07 18:21:35,864 - root - INFO - Making API request to: https://sg5.fusionsolar.huawei.com/rest/openapi/pvms/nbi/v1/device/history
2026-05-07 18:21:35,864 - root - INFO - Request payload: {'devDn': 'NE=58790538', 'devTypeId': 1, 'startTime': 1778000400000, 'endTime': 1778086799000}
2026-05-07 18:21:36,169 - root - INFO - Response status code: 200
2026-05-07 18:21:36,169 - root - INFO - API response from https://sg5.fusionsolar.huawei.com/rest/openapi/pvms/nbi/v1/device/history (truncated): {'failCode': 407, 'success': False, 'message': 'Interface access frequency:0.39333333333333337/1second', 'data': []}
2026-05-07 18:21:36,170 - root - WARNING - API access frequency too high. Waiting 30 seconds before retry...
2026-05-07 18:22:06,170 - root - INFO - Retrying API request after rate limit wait...
2026-05-07 18:22:06,170 - root - INFO - Making API request to: https://sg5.fusionsolar.huawei.com/rest/openapi/pvms/nbi/v1/device/history
2026-05-07 18:22:06,171 - root - INFO - Request payload: {'devDn': 'NE=58790538', 'devTypeId': 1, 'startTime': 1778000400000, 'endTime': 1778086799000}
2026-05-07 18:22:06,904 - root - INFO - Response status code: 200
2026-05-07 18:22:06,904 - root - INFO - API response from https://sg5.fusionsolar.huawei.com/rest/openapi/pvms/nbi/v1/device/history (truncated): {'failCode': 0, 'success': True, 'message': 'historical data information query successful.', 'data': []}
2026-05-07 18:22:06,909 - root - INFO - API Response type: <class 'dict'>
2026-05-07 18:22:06,909 - root - INFO - API Response keys: ['failCode', 'success', 'message', 'data']
2026-05-07 18:22:06,909 - root - INFO - API Response data is a list with 0 items
2026-05-07 18:22:06,909 - root - INFO - API Response has failCode: 0, message: historical data information query successful.
2026-05-07 18:22:06,909 - root - INFO - Using alternate response format: data as list
2026-05-07 18:22:06,909 - root - INFO - No data points returned for the query period
2026-05-07 18:22:06,909 - root - INFO - Using single devDn for device/history (API: one device per query)
2026-05-07 18:22:06,910 - root - INFO - Fetching historical data for 1 devices of type inverter
2026-05-07 18:22:06,910 - root - INFO - Making API request to: https://sg5.fusionsolar.huawei.com/rest/openapi/pvms/nbi/v1/device/history
2026-05-07 18:22:06,910 - root - INFO - Request payload: {'devDn': 'NE=58790537', 'devTypeId': 1, 'startTime': 1778000400000, 'endTime': 1778086799000}
2026-05-07 18:22:07,213 - root - INFO - Response status code: 200
2026-05-07 18:22:07,213 - root - INFO - API response from https://sg5.fusionsolar.huawei.com/rest/openapi/pvms/nbi/v1/device/history (truncated): {'failCode': 407, 'success': False, 'message': 'Interface access frequency:0.39333333333333337/1second', 'data': []}
2026-05-07 18:22:07,214 - root - WARNING - API access frequency too high. Waiting 30 seconds before retry...
2026-05-07 18:22:37,214 - root - INFO - Retrying API request after rate limit wait...
2026-05-07 18:22:37,215 - root - INFO - Token is missing or expired. Attempting to login...
2026-05-07 18:22:37,218 - root - INFO - Attempting to login to FusionSolar API at https://sg5.fusionsolar.huawei.com/thirdData/login
2026-05-07 18:22:37,662 - root - INFO - Login response status code: 200
2026-05-07 18:22:37,665 - root - INFO - Successfully logged into FusionSolar.
2026-05-07 18:22:37,667 - root - INFO - Making API request to: https://sg5.fusionsolar.huawei.com/rest/openapi/pvms/nbi/v1/device/history
2026-05-07 18:22:37,667 - root - INFO - Request payload: {'devDn': 'NE=58790537', 'devTypeId': 1, 'startTime': 1778000400000, 'endTime': 1778086799000}
2026-05-07 18:22:38,627 - root - INFO - Response status code: 200
2026-05-07 18:22:38,627 - root - INFO - API response from https://sg5.fusionsolar.huawei.com/rest/openapi/pvms/nbi/v1/device/history (truncated): {'failCode': 0, 'success': True, 'message': 'historical data information query successful.', 'data': []}
2026-05-07 18:22:38,631 - root - INFO - API Response type: <class 'dict'>
2026-05-07 18:22:38,631 - root - INFO - API Response keys: ['failCode', 'success', 'message', 'data']
2026-05-07 18:22:38,631 - root - INFO - API Response data is a list with 0 items
2026-05-07 18:22:38,631 - root - INFO - API Response has failCode: 0, message: historical data information query successful.
2026-05-07 18:22:38,631 - root - INFO - Using alternate response format: data as list
2026-05-07 18:22:38,631 - root - INFO - No data points returned for the query period
2026-05-07 18:22:38,631 - root - INFO - Using single devDn for device/history (API: one device per query)
2026-05-07 18:22:38,632 - root - INFO - Fetching historical data for 1 devices of type inverter
2026-05-07 18:22:38,632 - root - INFO - Making API request to: https://sg5.fusionsolar.huawei.com/rest/openapi/pvms/nbi/v1/device/history
2026-05-07 18:22:38,632 - root - INFO - Request payload: {'devDn': 'NE=58790542', 'devTypeId': 1, 'startTime': 1778000400000, 'endTime': 1778086799000}
2026-05-07 18:22:38,953 - root - INFO - Response status code: 200
2026-05-07 18:22:38,954 - root - INFO - API response from https://sg5.fusionsolar.huawei.com/rest/openapi/pvms/nbi/v1/device/history (truncated): {'failCode': 407, 'success': False, 'message': 'Interface access frequency:0.39333333333333337/1second', 'data': []}
2026-05-07 18:22:38,955 - root - WARNING - API access frequency too high. Waiting 30 seconds before retry...
2026-05-07 18:23:08,955 - root - INFO - Retrying API request after rate limit wait...
2026-05-07 18:23:08,956 - root - INFO - Making API request to: https://sg5.fusionsolar.huawei.com/rest/openapi/pvms/nbi/v1/device/history
2026-05-07 18:23:08,957 - root - INFO - Request payload: {'devDn': 'NE=58790542', 'devTypeId': 1, 'startTime': 1778000400000, 'endTime': 1778086799000}
2026-05-07 18:23:09,819 - root - INFO - Response status code: 200
2026-05-07 18:23:09,820 - root - INFO - API response from https://sg5.fusionsolar.huawei.com/rest/openapi/pvms/nbi/v1/device/history (truncated): {'failCode': 0, 'success': True, 'message': 'historical data information query successful.', 'data': []}
2026-05-07 18:23:09,823 - root - INFO - API Response type: <class 'dict'>
2026-05-07 18:23:09,824 - root - INFO - API Response keys: ['failCode', 'success', 'message', 'data']
2026-05-07 18:23:09,824 - root - INFO - API Response data is a list with 0 items
2026-05-07 18:23:09,824 - root - INFO - API Response has failCode: 0, message: historical data information query successful.
2026-05-07 18:23:09,824 - root - INFO - Using alternate response format: data as list
2026-05-07 18:23:09,824 - root - INFO - No data points returned for the query period
2026-05-07 18:23:09,824 - root - INFO - Using single devDn for device/history (API: one device per query)
2026-05-07 18:23:09,825 - root - INFO - Fetching historical data for 1 devices of type inverter
2026-05-07 18:23:09,825 - root - INFO - Making API request to: https://sg5.fusionsolar.huawei.com/rest/openapi/pvms/nbi/v1/device/history
2026-05-07 18:23:09,825 - root - INFO - Request payload: {'devDn': 'NE=58790541', 'devTypeId': 1, 'startTime': 1778000400000, 'endTime': 1778086799000}
2026-05-07 18:23:10,143 - root - INFO - Response status code: 200
2026-05-07 18:23:10,143 - root - INFO - API response from https://sg5.fusionsolar.huawei.com/rest/openapi/pvms/nbi/v1/device/history (truncated): {'failCode': 407, 'success': False, 'message': 'Interface access frequency:0.39333333333333337/1second', 'data': []}
2026-05-07 18:23:10,144 - root - WARNING - API access frequency too high. Waiting 30 seconds before retry...
2026-05-07 18:23:40,144 - root - INFO - Retrying API request after rate limit wait...
2026-05-07 18:23:40,144 - root - INFO - Making API request to: https://sg5.fusionsolar.huawei.com/rest/openapi/pvms/nbi/v1/device/history
2026-05-07 18:23:40,145 - root - INFO - Request payload: {'devDn': 'NE=58790541', 'devTypeId': 1, 'startTime': 1778000400000, 'endTime': 1778086799000}
2026-05-07 18:23:41,023 - root - INFO - Response status code: 200
2026-05-07 18:23:41,023 - root - INFO - API response from https://sg5.fusionsolar.huawei.com/rest/openapi/pvms/nbi/v1/device/history (truncated): {'failCode': 0, 'success': True, 'message': 'historical data information query successful.', 'data': []}
2026-05-07 18:23:41,027 - root - INFO - API Response type: <class 'dict'>
2026-05-07 18:23:41,027 - root - INFO - API Response keys: ['failCode', 'success', 'message', 'data']
2026-05-07 18:23:41,027 - root - INFO - API Response data is a list with 0 items
2026-05-07 18:23:41,028 - root - INFO - API Response has failCode: 0, message: historical data information query successful.
2026-05-07 18:23:41,028 - root - INFO - Using alternate response format: data as list
2026-05-07 18:23:41,028 - root - INFO - No data points returned for the query period
2026-05-07 18:23:41,028 - root - INFO - Using single devDn for device/history (API: one device per query)
2026-05-07 18:23:41,028 - root - INFO - Fetching historical data for 1 devices of type inverter
2026-05-07 18:23:41,028 - root - INFO - Making API request to: https://sg5.fusionsolar.huawei.com/rest/openapi/pvms/nbi/v1/device/history
2026-05-07 18:23:41,029 - root - INFO - Request payload: {'devDn': 'NE=58790536', 'devTypeId': 1, 'startTime': 1778000400000, 'endTime': 1778086799000}
2026-05-07 18:23:41,340 - root - INFO - Response status code: 200
2026-05-07 18:23:41,340 - root - INFO - API response from https://sg5.fusionsolar.huawei.com/rest/openapi/pvms/nbi/v1/device/history (truncated): {'failCode': 407, 'success': False, 'message': 'Interface access frequency:0.39333333333333337/1second', 'data': []}
2026-05-07 18:23:41,341 - root - WARNING - API access frequency too high. Waiting 30 seconds before retry...
2026-05-07 18:24:11,341 - root - INFO - Retrying API request after rate limit wait...
2026-05-07 18:24:11,341 - root - INFO - Making API request to: https://sg5.fusionsolar.huawei.com/rest/openapi/pvms/nbi/v1/device/history
2026-05-07 18:24:11,343 - root - INFO - Request payload: {'devDn': 'NE=58790536', 'devTypeId': 1, 'startTime': 1778000400000, 'endTime': 1778086799000}
2026-05-07 18:24:12,167 - root - INFO - Response status code: 200
2026-05-07 18:24:12,168 - root - INFO - API response from https://sg5.fusionsolar.huawei.com/rest/openapi/pvms/nbi/v1/device/history (truncated): {'failCode': 0, 'success': True, 'message': 'historical data information query successful.', 'data': []}
2026-05-07 18:24:12,172 - root - INFO - API Response type: <class 'dict'>
2026-05-07 18:24:12,172 - root - INFO - API Response keys: ['failCode', 'success', 'message', 'data']
2026-05-07 18:24:12,172 - root - INFO - API Response data is a list with 0 items
2026-05-07 18:24:12,172 - root - INFO - API Response has failCode: 0, message: historical data information query successful.
2026-05-07 18:24:12,172 - root - INFO - Using alternate response format: data as list
2026-05-07 18:24:12,172 - root - INFO - No data points returned for the query period
2026-05-07 18:24:12,172 - root - INFO - Using single devDn for device/history (API: one device per query)
2026-05-07 18:24:12,173 - root - INFO - Fetching historical data for 1 devices of type inverter
2026-05-07 18:24:12,173 - root - INFO - Making API request to: https://sg5.fusionsolar.huawei.com/rest/openapi/pvms/nbi/v1/device/history
2026-05-07 18:24:12,173 - root - INFO - Request payload: {'devDn': 'NE=58790535', 'devTypeId': 1, 'startTime': 1778000400000, 'endTime': 1778086799000}
2026-05-07 18:24:12,488 - root - INFO - Response status code: 200
2026-05-07 18:24:12,488 - root - INFO - API response from https://sg5.fusionsolar.huawei.com/rest/openapi/pvms/nbi/v1/device/history (truncated): {'failCode': 407, 'success': False, 'message': 'Interface access frequency:0.39333333333333337/1second', 'data': []}
2026-05-07 18:24:12,489 - root - WARNING - API access frequency too high. Waiting 30 seconds before retry...
2026-05-07 18:24:42,489 - root - INFO - Retrying API request after rate limit wait...
2026-05-07 18:24:42,489 - root - INFO - Making API request to: https://sg5.fusionsolar.huawei.com/rest/openapi/pvms/nbi/v1/device/history
2026-05-07 18:24:42,490 - root - INFO - Request payload: {'devDn': 'NE=58790535', 'devTypeId': 1, 'startTime': 1778000400000, 'endTime': 1778086799000}
2026-05-07 18:24:43,429 - root - INFO - Response status code: 200
2026-05-07 18:24:43,429 - root - INFO - API response from https://sg5.fusionsolar.huawei.com/rest/openapi/pvms/nbi/v1/device/history (truncated): {'failCode': 0, 'success': True, 'message': 'historical data information query successful.', 'data': []}
2026-05-07 18:24:43,433 - root - INFO - API Response type: <class 'dict'>
2026-05-07 18:24:43,433 - root - INFO - API Response keys: ['failCode', 'success', 'message', 'data']
2026-05-07 18:24:43,433 - root - INFO - API Response data is a list with 0 items
2026-05-07 18:24:43,433 - root - INFO - API Response has failCode: 0, message: historical data information query successful.
2026-05-07 18:24:43,433 - root - INFO - Using alternate response format: data as list
2026-05-07 18:24:43,433 - root - INFO - No data points returned for the query period
2026-05-07 18:24:43,433 - root - INFO - Using single devDn for device/history (API: one device per query)
2026-05-07 18:24:43,434 - root - INFO - Fetching historical data for 1 devices of type inverter
2026-05-07 18:24:43,434 - root - INFO - Making API request to: https://sg5.fusionsolar.huawei.com/rest/openapi/pvms/nbi/v1/device/history
2026-05-07 18:24:43,434 - root - INFO - Request payload: {'devDn': 'NE=58790534', 'devTypeId': 1, 'startTime': 1778000400000, 'endTime': 1778086799000}
2026-05-07 18:24:43,746 - root - INFO - Response status code: 200
2026-05-07 18:24:43,747 - root - INFO - API response from https://sg5.fusionsolar.huawei.com/rest/openapi/pvms/nbi/v1/device/history (truncated): {'failCode': 407, 'success': False, 'message': 'Interface access frequency:0.39333333333333337/1second', 'data': []}
2026-05-07 18:24:43,747 - root - WARNING - API access frequency too high. Waiting 30 seconds before retry...
2026-05-07 18:25:13,747 - root - INFO - Retrying API request after rate limit wait...
2026-05-07 18:25:13,747 - root - INFO - Making API request to: https://sg5.fusionsolar.huawei.com/rest/openapi/pvms/nbi/v1/device/history
2026-05-07 18:25:13,749 - root - INFO - Request payload: {'devDn': 'NE=58790534', 'devTypeId': 1, 'startTime': 1778000400000, 'endTime': 1778086799000}
2026-05-07 18:25:14,898 - root - INFO - Response status code: 200
2026-05-07 18:25:14,898 - root - INFO - API response from https://sg5.fusionsolar.huawei.com/rest/openapi/pvms/nbi/v1/device/history (truncated): {'failCode': 0, 'success': True, 'message': 'historical data information query successful.', 'data': []}
2026-05-07 18:25:14,902 - root - INFO - API Response type: <class 'dict'>
2026-05-07 18:25:14,902 - root - INFO - API Response keys: ['failCode', 'success', 'message', 'data']
2026-05-07 18:25:14,902 - root - INFO - API Response data is a list with 0 items
2026-05-07 18:25:14,902 - root - INFO - API Response has failCode: 0, message: historical data information query successful.
2026-05-07 18:25:14,902 - root - INFO - Using alternate response format: data as list
2026-05-07 18:25:14,902 - root - INFO - No data points returned for the query period
2026-05-07 18:25:14,902 - root - INFO - Using single devDn for device/history (API: one device per query)
2026-05-07 18:25:14,903 - root - INFO - Fetching historical data for 1 devices of type inverter
2026-05-07 18:25:14,903 - root - INFO - Making API request to: https://sg5.fusionsolar.huawei.com/rest/openapi/pvms/nbi/v1/device/history
2026-05-07 18:25:14,903 - root - INFO - Request payload: {'devDn': 'NE=58798010', 'devTypeId': 1, 'startTime': 1778000400000, 'endTime': 1778086799000}
2026-05-07 18:25:15,235 - root - INFO - Response status code: 200
2026-05-07 18:25:15,236 - root - INFO - API response from https://sg5.fusionsolar.huawei.com/rest/openapi/pvms/nbi/v1/device/history (truncated): {'failCode': 407, 'success': False, 'message': 'Interface access frequency:0.39333333333333337/1second', 'data': []}
2026-05-07 18:25:15,236 - root - WARNING - API access frequency too high. Waiting 30 seconds before retry...
2026-05-07 18:25:45,237 - root - INFO - Retrying API request after rate limit wait...
2026-05-07 18:25:45,237 - root - INFO - Making API request to: https://sg5.fusionsolar.huawei.com/rest/openapi/pvms/nbi/v1/device/history
2026-05-07 18:25:45,238 - root - INFO - Request payload: {'devDn': 'NE=58798010', 'devTypeId': 1, 'startTime': 1778000400000, 'endTime': 1778086799000}
2026-05-07 18:25:46,056 - root - INFO - Response status code: 200
2026-05-07 18:25:46,056 - root - INFO - API response from https://sg5.fusionsolar.huawei.com/rest/openapi/pvms/nbi/v1/device/history (truncated): {'failCode': 0, 'success': True, 'message': 'historical data information query successful.', 'data': []}
2026-05-07 18:25:46,060 - root - INFO - API Response type: <class 'dict'>
2026-05-07 18:25:46,060 - root - INFO - API Response keys: ['failCode', 'success', 'message', 'data']
2026-05-07 18:25:46,060 - root - INFO - API Response data is a list with 0 items
2026-05-07 18:25:46,060 - root - INFO - API Response has failCode: 0, message: historical data information query successful.
2026-05-07 18:25:46,060 - root - INFO - Using alternate response format: data as list
2026-05-07 18:25:46,060 - root - INFO - No data points returned for the query period
2026-05-07 18:25:46,062 - root - INFO - Using single devDn for device/history (API: one device per query)
2026-05-07 18:25:46,063 - root - INFO - Fetching historical data for 1 devices of type inverter
2026-05-07 18:25:46,063 - root - INFO - Making API request to: https://sg5.fusionsolar.huawei.com/rest/openapi/pvms/nbi/v1/device/history
2026-05-07 18:25:46,063 - root - INFO - Request payload: {'devDn': 'NE=58798008', 'devTypeId': 1, 'startTime': 1778000400000, 'endTime': 1778086799000}
2026-05-07 18:25:46,389 - root - INFO - Response status code: 200
2026-05-07 18:25:46,389 - root - INFO - API response from https://sg5.fusionsolar.huawei.com/rest/openapi/pvms/nbi/v1/device/history (truncated): {'failCode': 407, 'success': False, 'message': 'Interface access frequency:0.39333333333333337/1second', 'data': []}
2026-05-07 18:25:46,390 - root - WARNING - API access frequency too high. Waiting 30 seconds before retry...
2026-05-07 18:26:16,390 - root - INFO - Retrying API request after rate limit wait...
2026-05-07 18:26:16,390 - root - INFO - Making API request to: https://sg5.fusionsolar.huawei.com/rest/openapi/pvms/nbi/v1/device/history
2026-05-07 18:26:16,391 - root - INFO - Request payload: {'devDn': 'NE=58798008', 'devTypeId': 1, 'startTime': 1778000400000, 'endTime': 1778086799000}
2026-05-07 18:26:17,304 - root - INFO - Response status code: 200
2026-05-07 18:26:17,305 - root - INFO - API response from https://sg5.fusionsolar.huawei.com/rest/openapi/pvms/nbi/v1/device/history (truncated): {'failCode': 0, 'success': True, 'message': 'historical data information query successful.', 'data': []}
2026-05-07 18:26:17,309 - root - INFO - API Response type: <class 'dict'>
2026-05-07 18:26:17,309 - root - INFO - API Response keys: ['failCode', 'success', 'message', 'data']
2026-05-07 18:26:17,309 - root - INFO - API Response data is a list with 0 items
2026-05-07 18:26:17,310 - root - INFO - API Response has failCode: 0, message: historical data information query successful.
2026-05-07 18:26:17,310 - root - INFO - Using alternate response format: data as list
2026-05-07 18:26:17,310 - root - INFO - No data points returned for the query period
2026-05-07 18:26:17,310 - root - INFO - Using single devDn for device/history (API: one device per query)
2026-05-07 18:26:17,310 - root - INFO - Fetching historical data for 1 devices of type inverter
2026-05-07 18:26:17,310 - root - INFO - Making API request to: https://sg5.fusionsolar.huawei.com/rest/openapi/pvms/nbi/v1/device/history
2026-05-07 18:26:17,311 - root - INFO - Request payload: {'devDn': 'NE=58798011', 'devTypeId': 1, 'startTime': 1778000400000, 'endTime': 1778086799000}
2026-05-07 18:26:17,626 - root - INFO - Response status code: 200
2026-05-07 18:26:17,626 - root - INFO - API response from https://sg5.fusionsolar.huawei.com/rest/openapi/pvms/nbi/v1/device/history (truncated): {'failCode': 407, 'success': False, 'message': 'Interface access frequency:0.39333333333333337/1second', 'data': []}
2026-05-07 18:26:17,627 - root - WARNING - API access frequency too high. Waiting 30 seconds before retry...
2026-05-07 18:26:47,628 - root - INFO - Retrying API request after rate limit wait...
2026-05-07 18:26:47,628 - root - INFO - Making API request to: https://sg5.fusionsolar.huawei.com/rest/openapi/pvms/nbi/v1/device/history
2026-05-07 18:26:47,629 - root - INFO - Request payload: {'devDn': 'NE=58798011', 'devTypeId': 1, 'startTime': 1778000400000, 'endTime': 1778086799000}
2026-05-07 18:26:48,449 - root - INFO - Response status code: 200
2026-05-07 18:26:48,450 - root - INFO - API response from https://sg5.fusionsolar.huawei.com/rest/openapi/pvms/nbi/v1/device/history (truncated): {'failCode': 0, 'success': True, 'message': 'historical data information query successful.', 'data': []}
2026-05-07 18:26:48,453 - root - INFO - API Response type: <class 'dict'>
2026-05-07 18:26:48,453 - root - INFO - API Response keys: ['failCode', 'success', 'message', 'data']
2026-05-07 18:26:48,453 - root - INFO - API Response data is a list with 0 items
2026-05-07 18:26:48,453 - root - INFO - API Response has failCode: 0, message: historical data information query successful.
2026-05-07 18:26:48,454 - root - INFO - Using alternate response format: data as list
2026-05-07 18:26:48,454 - root - INFO - No data points returned for the query period
2026-05-07 18:26:48,454 - root - INFO - Using single devDn for device/history (API: one device per query)
2026-05-07 18:26:48,454 - root - INFO - Fetching historical data for 1 devices of type inverter
2026-05-07 18:26:48,454 - root - INFO - Making API request to: https://sg5.fusionsolar.huawei.com/rest/openapi/pvms/nbi/v1/device/history
2026-05-07 18:26:48,454 - root - INFO - Request payload: {'devDn': 'NE=59182344', 'devTypeId': 1, 'startTime': 1778000400000, 'endTime': 1778086799000}
2026-05-07 18:26:48,754 - root - INFO - Response status code: 200
2026-05-07 18:26:48,755 - root - INFO - API response from https://sg5.fusionsolar.huawei.com/rest/openapi/pvms/nbi/v1/device/history (truncated): {'failCode': 407, 'success': False, 'message': 'Interface access frequency:0.39333333333333337/1second', 'data': []}
2026-05-07 18:26:48,755 - root - WARNING - API access frequency too high. Waiting 30 seconds before retry...
2026-05-07 18:27:18,756 - root - INFO - Retrying API request after rate limit wait...
2026-05-07 18:27:18,756 - root - INFO - Making API request to: https://sg5.fusionsolar.huawei.com/rest/openapi/pvms/nbi/v1/device/history
2026-05-07 18:27:18,757 - root - INFO - Request payload: {'devDn': 'NE=59182344', 'devTypeId': 1, 'startTime': 1778000400000, 'endTime': 1778086799000}
2026-05-07 18:27:20,677 - root - INFO - Response status code: 200
2026-05-07 18:27:20,693 - root - INFO - API response from https://sg5.fusionsolar.huawei.com/rest/openapi/pvms/nbi/v1/device/history (truncated): {'failCode': 0, 'success': True, 'message': 'historical data information query successful.', 'data': [{'devDn': 'NE=59182344', 'collectTime': 1778019000000, 'dataItems': {'pv28_i': None, 'pv4_u': 0.0, 'pv24_i': 0.0, 'mppt_total_cap': 193509.94, 'pv8_u': 0.0, 'a_i': 0.0, 'pv24_u': 0.0, 'mppt_9_cap': 0.0, 'pv20_u': 0.0, 'a_u': 0.0, 'pv17_u': 0.0, 'pv20_i': 0.0, 'efficiency': 0.0, 'pv17_i': 0.0, 'pv13_i': 0.0, 'pv36_i': None, 'mppt_power': 0.0, 'pv13_u': 0.0, 'pv36_u': None, 'mppt_7_cap': 27313.34,...
2026-05-07 18:27:20,697 - root - INFO - API Response type: <class 'dict'>
2026-05-07 18:27:20,697 - root - INFO - API Response keys: ['failCode', 'success', 'message', 'data']
2026-05-07 18:27:20,697 - root - INFO - API Response data is a list with 155 items
2026-05-07 18:27:20,697 - root - INFO - API Response has failCode: 0, message: historical data information query successful.
2026-05-07 18:27:20,698 - root - INFO - Using alternate response format: data as list
2026-05-07 18:27:20,698 - root - INFO - Received 155 data points from API
2026-05-07 18:27:20,698 - root - INFO - Sample data point structure: ['devDn', 'collectTime', 'dataItems']
2026-05-07 18:27:20,767 - root - INFO - Successfully upserted 155 data points.
2026-05-07 18:27:24,325 - root - INFO - Using single devDn for device/history (API: one device per query)
2026-05-07 18:27:24,327 - root - INFO - Fetching historical data for 1 devices of type inverter
2026-05-07 18:27:24,327 - root - INFO - Making API request to: https://sg5.fusionsolar.huawei.com/rest/openapi/pvms/nbi/v1/device/history
2026-05-07 18:27:24,327 - root - INFO - Request payload: {'devDn': 'NE=58630789', 'devTypeId': 1, 'startTime': 1778000400000, 'endTime': 1778086799000}
2026-05-07 18:27:26,031 - root - INFO - Response status code: 200
2026-05-07 18:27:26,048 - root - INFO - API response from https://sg5.fusionsolar.huawei.com/rest/openapi/pvms/nbi/v1/device/history (truncated): {'failCode': 0, 'success': True, 'message': 'historical data information query successful.', 'data': [{'devDn': 'NE=58630789', 'collectTime': 1778019000000, 'dataItems': {'pv28_i': None, 'pv4_u': 0.0, 'pv24_i': 0.0, 'mppt_total_cap': 211041.69, 'pv8_u': 0.0, 'a_i': 0.0, 'pv24_u': 0.0, 'mppt_9_cap': None, 'pv20_u': 0.0, 'a_u': 0.0, 'pv17_u': 0.0, 'pv20_i': 0.0, 'efficiency': 0.0, 'pv17_i': 0.0, 'pv13_i': 0.0, 'pv36_i': None, 'mppt_power': 0.0, 'pv13_u': 0.0, 'pv36_u': None, 'mppt_7_cap': None, 'p...
2026-05-07 18:27:26,050 - root - INFO - API Response type: <class 'dict'>
2026-05-07 18:27:26,050 - root - INFO - API Response keys: ['failCode', 'success', 'message', 'data']
2026-05-07 18:27:26,051 - root - INFO - API Response data is a list with 155 items
2026-05-07 18:27:26,051 - root - INFO - API Response has failCode: 0, message: historical data information query successful.
2026-05-07 18:27:26,051 - root - INFO - Using alternate response format: data as list
2026-05-07 18:27:26,052 - root - INFO - Received 155 data points from API
2026-05-07 18:27:26,052 - root - INFO - Sample data point structure: ['devDn', 'collectTime', 'dataItems']
2026-05-07 18:27:26,116 - root - INFO - Successfully upserted 155 data points.
2026-05-07 18:27:29,692 - root - INFO - Using single devDn for device/history (API: one device per query)
2026-05-07 18:27:29,694 - root - INFO - Fetching historical data for 1 devices of type inverter
2026-05-07 18:27:29,694 - root - INFO - Making API request to: https://sg5.fusionsolar.huawei.com/rest/openapi/pvms/nbi/v1/device/history
2026-05-07 18:27:29,694 - root - INFO - Request payload: {'devDn': 'NE=58630790', 'devTypeId': 1, 'startTime': 1778000400000, 'endTime': 1778086799000}
2026-05-07 18:27:31,531 - root - INFO - Response status code: 200
2026-05-07 18:27:31,545 - root - INFO - API response from https://sg5.fusionsolar.huawei.com/rest/openapi/pvms/nbi/v1/device/history (truncated): {'failCode': 0, 'success': True, 'message': 'historical data information query successful.', 'data': [{'devDn': 'NE=58630790', 'collectTime': 1778019000000, 'dataItems': {'pv28_i': None, 'pv4_u': 0.0, 'pv24_i': 0.0, 'mppt_total_cap': 218284.7, 'pv8_u': 0.0, 'a_i': 0.0, 'pv24_u': 0.0, 'mppt_9_cap': None, 'pv20_u': 0.0, 'a_u': 0.0, 'pv17_u': 0.0, 'pv20_i': 0.0, 'efficiency': 0.0, 'pv17_i': 0.0, 'pv13_i': 0.0, 'pv36_i': None, 'mppt_power': 0.0, 'pv13_u': 0.0, 'pv36_u': None, 'mppt_7_cap': None, 'pv...
2026-05-07 18:27:31,547 - root - INFO - API Response type: <class 'dict'>
2026-05-07 18:27:31,547 - root - INFO - API Response keys: ['failCode', 'success', 'message', 'data']
2026-05-07 18:27:31,547 - root - INFO - API Response data is a list with 155 items
2026-05-07 18:27:31,547 - root - INFO - API Response has failCode: 0, message: historical data information query successful.
2026-05-07 18:27:31,547 - root - INFO - Using alternate response format: data as list
2026-05-07 18:27:31,548 - root - INFO - Received 155 data points from API
2026-05-07 18:27:31,548 - root - INFO - Sample data point structure: ['devDn', 'collectTime', 'dataItems']
2026-05-07 18:27:31,613 - root - INFO - Successfully upserted 155 data points.
2026-05-07 18:27:34,896 - root - INFO - Using single devDn for device/history (API: one device per query)
2026-05-07 18:27:34,898 - root - INFO - Fetching historical data for 1 devices of type inverter
2026-05-07 18:27:34,898 - root - INFO - Making API request to: https://sg5.fusionsolar.huawei.com/rest/openapi/pvms/nbi/v1/device/history
2026-05-07 18:27:34,898 - root - INFO - Request payload: {'devDn': 'NE=58630787', 'devTypeId': 1, 'startTime': 1778000400000, 'endTime': 1778086799000}
2026-05-07 18:27:36,638 - root - INFO - Response status code: 200
2026-05-07 18:27:36,652 - root - INFO - API response from https://sg5.fusionsolar.huawei.com/rest/openapi/pvms/nbi/v1/device/history (truncated): {'failCode': 0, 'success': True, 'message': 'historical data information query successful.', 'data': [{'devDn': 'NE=58630787', 'collectTime': 1778019000000, 'dataItems': {'pv28_i': None, 'pv4_u': 0.0, 'pv24_i': 0.0, 'mppt_total_cap': 211547.79, 'pv8_u': 0.0, 'a_i': 0.0, 'pv24_u': 0.0, 'mppt_9_cap': 0.0, 'pv20_u': 0.0, 'a_u': 0.0, 'pv17_u': 0.0, 'pv20_i': 0.0, 'efficiency': 0.0, 'pv17_i': 0.0, 'pv13_i': 0.0, 'pv36_i': None, 'mppt_power': 0.0, 'pv13_u': 0.0, 'pv36_u': None, 'mppt_7_cap': 28593.67,...
2026-05-07 18:27:36,654 - root - INFO - API Response type: <class 'dict'>
2026-05-07 18:27:36,654 - root - INFO - API Response keys: ['failCode', 'success', 'message', 'data']
2026-05-07 18:27:36,654 - root - INFO - API Response data is a list with 156 items
2026-05-07 18:27:36,654 - root - INFO - API Response has failCode: 0, message: historical data information query successful.
2026-05-07 18:27:36,655 - root - INFO - Using alternate response format: data as list
2026-05-07 18:27:36,656 - root - INFO - Received 156 data points from API
2026-05-07 18:27:36,657 - root - INFO - Sample data point structure: ['devDn', 'collectTime', 'dataItems']
2026-05-07 18:27:36,721 - root - INFO - Successfully upserted 156 data points.
2026-05-07 18:27:40,071 - root - INFO - Using single devDn for device/history (API: one device per query)
2026-05-07 18:27:40,072 - root - INFO - Fetching historical data for 1 devices of type inverter
2026-05-07 18:27:40,073 - root - INFO - Making API request to: https://sg5.fusionsolar.huawei.com/rest/openapi/pvms/nbi/v1/device/history
2026-05-07 18:27:40,073 - root - INFO - Request payload: {'devDn': 'NE=58630788', 'devTypeId': 1, 'startTime': 1778000400000, 'endTime': 1778086799000}
2026-05-07 18:27:42,435 - root - INFO - Response status code: 200
2026-05-07 18:27:42,449 - root - INFO - API response from https://sg5.fusionsolar.huawei.com/rest/openapi/pvms/nbi/v1/device/history (truncated): {'failCode': 0, 'success': True, 'message': 'historical data information query successful.', 'data': [{'devDn': 'NE=58630788', 'collectTime': 1778019000000, 'dataItems': {'pv28_i': None, 'pv4_u': 0.0, 'pv24_i': 0.0, 'mppt_total_cap': 220654.51, 'pv8_u': 0.0, 'a_i': 0.0, 'pv24_u': 0.0, 'mppt_9_cap': 0.0, 'pv20_u': 0.0, 'a_u': 0.0, 'pv17_u': 0.0, 'pv20_i': 0.0, 'efficiency': 0.0, 'pv17_i': 0.0, 'pv13_i': 0.0, 'pv36_i': None, 'mppt_power': 0.0, 'pv13_u': 0.0, 'pv36_u': None, 'mppt_7_cap': 28641.65,...
2026-05-07 18:27:42,451 - root - INFO - API Response type: <class 'dict'>
2026-05-07 18:27:42,451 - root - INFO - API Response keys: ['failCode', 'success', 'message', 'data']
2026-05-07 18:27:42,451 - root - INFO - API Response data is a list with 155 items
2026-05-07 18:27:42,451 - root - INFO - API Response has failCode: 0, message: historical data information query successful.
2026-05-07 18:27:42,452 - root - INFO - Using alternate response format: data as list
2026-05-07 18:27:42,452 - root - INFO - Received 155 data points from API
2026-05-07 18:27:42,452 - root - INFO - Sample data point structure: ['devDn', 'collectTime', 'dataItems']
2026-05-07 18:27:42,522 - root - INFO - Successfully upserted 155 data points.
2026-05-07 18:27:46,046 - root - INFO - Using single devDn for device/history (API: one device per query)
2026-05-07 18:27:46,048 - root - INFO - Fetching historical data for 1 devices of type inverter
2026-05-07 18:27:46,048 - root - INFO - Making API request to: https://sg5.fusionsolar.huawei.com/rest/openapi/pvms/nbi/v1/device/history
2026-05-07 18:27:46,048 - root - INFO - Request payload: {'devDn': 'NE=58630793', 'devTypeId': 1, 'startTime': 1778000400000, 'endTime': 1778086799000}
2026-05-07 18:27:47,812 - root - INFO - Response status code: 200
2026-05-07 18:27:47,825 - root - INFO - API response from https://sg5.fusionsolar.huawei.com/rest/openapi/pvms/nbi/v1/device/history (truncated): {'failCode': 0, 'success': True, 'message': 'historical data information query successful.', 'data': [{'devDn': 'NE=58630793', 'collectTime': 1778019000000, 'dataItems': {'pv28_i': None, 'pv4_u': 0.0, 'pv24_i': 0.0, 'mppt_total_cap': 205062.77, 'pv8_u': 0.0, 'a_i': 0.0, 'pv24_u': 0.0, 'mppt_9_cap': None, 'pv20_u': 0.0, 'a_u': 0.0, 'pv17_u': 0.0, 'pv20_i': 0.0, 'efficiency': 0.0, 'pv17_i': 0.0, 'pv13_i': 0.0, 'pv36_i': None, 'mppt_power': 0.0, 'pv13_u': 0.0, 'pv36_u': None, 'mppt_7_cap': None, 'p...
2026-05-07 18:27:47,827 - root - INFO - API Response type: <class 'dict'>
2026-05-07 18:27:47,827 - root - INFO - API Response keys: ['failCode', 'success', 'message', 'data']
2026-05-07 18:27:47,827 - root - INFO - API Response data is a list with 155 items
2026-05-07 18:27:47,828 - root - INFO - API Response has failCode: 0, message: historical data information query successful.
2026-05-07 18:27:47,828 - root - INFO - Using alternate response format: data as list
2026-05-07 18:27:47,828 - root - INFO - Received 155 data points from API
2026-05-07 18:27:47,828 - root - INFO - Sample data point structure: ['devDn', 'collectTime', 'dataItems']
2026-05-07 18:27:47,896 - root - INFO - Successfully upserted 155 data points.
2026-05-07 18:27:51,148 - root - INFO - Using single devDn for device/history (API: one device per query)
2026-05-07 18:27:51,150 - root - INFO - Fetching historical data for 1 devices of type inverter
2026-05-07 18:27:51,150 - root - INFO - Making API request to: https://sg5.fusionsolar.huawei.com/rest/openapi/pvms/nbi/v1/device/history
2026-05-07 18:27:51,150 - root - INFO - Request payload: {'devDn': 'NE=58630794', 'devTypeId': 1, 'startTime': 1778000400000, 'endTime': 1778086799000}
2026-05-07 18:27:52,803 - root - INFO - Response status code: 200
2026-05-07 18:27:52,817 - root - INFO - API response from https://sg5.fusionsolar.huawei.com/rest/openapi/pvms/nbi/v1/device/history (truncated): {'failCode': 0, 'success': True, 'message': 'historical data information query successful.', 'data': [{'devDn': 'NE=58630794', 'collectTime': 1778019000000, 'dataItems': {'pv28_i': None, 'pv4_u': 0.0, 'pv24_i': 0.0, 'mppt_total_cap': 213652.45, 'pv8_u': 0.0, 'a_i': 0.0, 'pv24_u': 0.0, 'mppt_9_cap': None, 'pv20_u': 0.0, 'a_u': 0.0, 'pv17_u': 0.0, 'pv20_i': 0.0, 'efficiency': 0.0, 'pv17_i': 0.0, 'pv13_i': 0.0, 'pv36_i': None, 'mppt_power': 0.0, 'pv13_u': 0.0, 'pv36_u': None, 'mppt_7_cap': None, 'p...
2026-05-07 18:27:52,819 - root - INFO - API Response type: <class 'dict'>
2026-05-07 18:27:52,820 - root - INFO - API Response keys: ['failCode', 'success', 'message', 'data']
2026-05-07 18:27:52,820 - root - INFO - API Response data is a list with 156 items
2026-05-07 18:27:52,820 - root - INFO - API Response has failCode: 0, message: historical data information query successful.
2026-05-07 18:27:52,820 - root - INFO - Using alternate response format: data as list
2026-05-07 18:27:52,820 - root - INFO - Received 156 data points from API
2026-05-07 18:27:52,820 - root - INFO - Sample data point structure: ['devDn', 'collectTime', 'dataItems']
2026-05-07 18:27:52,888 - root - INFO - Successfully upserted 156 data points.
2026-05-07 18:27:56,124 - root - INFO - Using single devDn for device/history (API: one device per query)
2026-05-07 18:27:56,125 - root - INFO - Fetching historical data for 1 devices of type inverter
2026-05-07 18:27:56,125 - root - INFO - Making API request to: https://sg5.fusionsolar.huawei.com/rest/openapi/pvms/nbi/v1/device/history
2026-05-07 18:27:56,125 - root - INFO - Request payload: {'devDn': 'NE=58630791', 'devTypeId': 1, 'startTime': 1778000400000, 'endTime': 1778086799000}
2026-05-07 18:27:57,891 - root - INFO - Response status code: 200
2026-05-07 18:27:57,906 - root - INFO - API response from https://sg5.fusionsolar.huawei.com/rest/openapi/pvms/nbi/v1/device/history (truncated): {'failCode': 0, 'success': True, 'message': 'historical data information query successful.', 'data': [{'devDn': 'NE=58630791', 'collectTime': 1778019000000, 'dataItems': {'pv28_i': None, 'pv4_u': 0.0, 'pv24_i': 0.0, 'mppt_total_cap': 208942.9, 'pv8_u': 0.0, 'a_i': 0.0, 'pv24_u': 0.0, 'mppt_9_cap': 0.0, 'pv20_u': 0.0, 'a_u': 0.0, 'pv17_u': 0.0, 'pv20_i': 0.0, 'efficiency': 0.0, 'pv17_i': 0.0, 'pv13_i': 0.0, 'pv36_i': None, 'mppt_power': 0.0, 'pv13_u': 0.0, 'pv36_u': None, 'mppt_7_cap': 28201.12, ...
2026-05-07 18:27:57,908 - root - INFO - API Response type: <class 'dict'>
2026-05-07 18:27:57,908 - root - INFO - API Response keys: ['failCode', 'success', 'message', 'data']
2026-05-07 18:27:57,908 - root - INFO - API Response data is a list with 156 items
2026-05-07 18:27:57,908 - root - INFO - API Response has failCode: 0, message: historical data information query successful.
2026-05-07 18:27:57,908 - root - INFO - Using alternate response format: data as list
2026-05-07 18:27:57,908 - root - INFO - Received 156 data points from API
2026-05-07 18:27:57,908 - root - INFO - Sample data point structure: ['devDn', 'collectTime', 'dataItems']
2026-05-07 18:27:57,974 - root - INFO - Successfully upserted 156 data points.
2026-05-07 18:28:01,348 - root - INFO - Using single devDn for device/history (API: one device per query)
2026-05-07 18:28:01,350 - root - INFO - Fetching historical data for 1 devices of type inverter
2026-05-07 18:28:01,350 - root - INFO - Making API request to: https://sg5.fusionsolar.huawei.com/rest/openapi/pvms/nbi/v1/device/history
2026-05-07 18:28:01,350 - root - INFO - Request payload: {'devDn': 'NE=58630792', 'devTypeId': 1, 'startTime': 1778000400000, 'endTime': 1778086799000}
2026-05-07 18:28:03,023 - root - INFO - Response status code: 200
2026-05-07 18:28:03,037 - root - INFO - API response from https://sg5.fusionsolar.huawei.com/rest/openapi/pvms/nbi/v1/device/history (truncated): {'failCode': 0, 'success': True, 'message': 'historical data information query successful.', 'data': [{'devDn': 'NE=58630792', 'collectTime': 1778019000000, 'dataItems': {'pv28_i': None, 'pv4_u': 0.0, 'pv24_i': 0.0, 'mppt_total_cap': 196355.75, 'pv8_u': 0.0, 'a_i': 0.0, 'pv24_u': 0.0, 'mppt_9_cap': None, 'pv20_u': 0.0, 'a_u': 0.0, 'pv17_u': 0.0, 'pv20_i': 0.0, 'efficiency': 0.0, 'pv17_i': 0.0, 'pv13_i': 0.0, 'pv36_i': None, 'mppt_power': 0.0, 'pv13_u': 0.0, 'pv36_u': None, 'mppt_7_cap': None, 'p...
2026-05-07 18:28:03,039 - root - INFO - API Response type: <class 'dict'>
2026-05-07 18:28:03,039 - root - INFO - API Response keys: ['failCode', 'success', 'message', 'data']
2026-05-07 18:28:03,039 - root - INFO - API Response data is a list with 155 items
2026-05-07 18:28:03,039 - root - INFO - API Response has failCode: 0, message: historical data information query successful.
2026-05-07 18:28:03,040 - root - INFO - Using alternate response format: data as list
2026-05-07 18:28:03,040 - root - INFO - Received 155 data points from API
2026-05-07 18:28:03,040 - root - INFO - Sample data point structure: ['devDn', 'collectTime', 'dataItems']
2026-05-07 18:28:03,106 - root - INFO - Successfully upserted 155 data points.
2026-05-07 18:28:06,305 - root - INFO - Using single devDn for device/history (API: one device per query)
2026-05-07 18:28:06,306 - root - INFO - Fetching historical data for 1 devices of type inverter
2026-05-07 18:28:06,307 - root - INFO - Making API request to: https://sg5.fusionsolar.huawei.com/rest/openapi/pvms/nbi/v1/device/history
2026-05-07 18:28:06,307 - root - INFO - Request payload: {'devDn': 'NE=58639490', 'devTypeId': 1, 'startTime': 1778000400000, 'endTime': 1778086799000}
2026-05-07 18:28:08,143 - root - INFO - Response status code: 200
2026-05-07 18:28:08,157 - root - INFO - API response from https://sg5.fusionsolar.huawei.com/rest/openapi/pvms/nbi/v1/device/history (truncated): {'failCode': 0, 'success': True, 'message': 'historical data information query successful.', 'data': [{'devDn': 'NE=58639490', 'collectTime': 1778019000000, 'dataItems': {'pv28_i': None, 'pv4_u': 0.0, 'pv24_i': 0.0, 'mppt_total_cap': 189997.0, 'pv8_u': 0.0, 'a_i': 0.0, 'pv24_u': 0.0, 'mppt_9_cap': 0.0, 'pv20_u': 0.0, 'a_u': 0.0, 'pv17_u': 0.0, 'pv20_i': 0.0, 'efficiency': 0.0, 'pv17_i': 0.0, 'pv13_i': 0.0, 'pv36_i': None, 'mppt_power': 0.0, 'pv13_u': 0.0, 'pv36_u': None, 'mppt_7_cap': 28246.91, ...
2026-05-07 18:28:08,160 - root - INFO - API Response type: <class 'dict'>
2026-05-07 18:28:08,160 - root - INFO - API Response keys: ['failCode', 'success', 'message', 'data']
2026-05-07 18:28:08,160 - root - INFO - API Response data is a list with 156 items
2026-05-07 18:28:08,160 - root - INFO - API Response has failCode: 0, message: historical data information query successful.
2026-05-07 18:28:08,161 - root - INFO - Using alternate response format: data as list
2026-05-07 18:28:08,161 - root - INFO - Received 156 data points from API
2026-05-07 18:28:08,161 - root - INFO - Sample data point structure: ['devDn', 'collectTime', 'dataItems']
2026-05-07 18:28:08,246 - root - INFO - Successfully upserted 156 data points.
2026-05-07 18:28:11,640 - root - INFO - Using single devDn for device/history (API: one device per query)
2026-05-07 18:28:11,641 - root - INFO - Fetching historical data for 1 devices of type inverter
2026-05-07 18:28:11,641 - root - INFO - Making API request to: https://sg5.fusionsolar.huawei.com/rest/openapi/pvms/nbi/v1/device/history
2026-05-07 18:28:11,641 - root - INFO - Request payload: {'devDn': 'NE=58639492', 'devTypeId': 1, 'startTime': 1778000400000, 'endTime': 1778086799000}
2026-05-07 18:28:13,550 - root - INFO - Response status code: 200
2026-05-07 18:28:13,563 - root - INFO - API response from https://sg5.fusionsolar.huawei.com/rest/openapi/pvms/nbi/v1/device/history (truncated): {'failCode': 0, 'success': True, 'message': 'historical data information query successful.', 'data': [{'devDn': 'NE=58639492', 'collectTime': 1778019000000, 'dataItems': {'pv28_i': None, 'pv4_u': 0.0, 'pv24_i': 0.0, 'mppt_total_cap': 204017.15, 'pv8_u': 0.0, 'a_i': 0.0, 'pv24_u': 0.0, 'mppt_9_cap': 0.0, 'pv20_u': 0.0, 'a_u': 0.0, 'pv17_u': 0.0, 'pv20_i': 0.0, 'efficiency': 0.0, 'pv17_i': 0.0, 'pv13_i': 0.0, 'pv36_i': None, 'mppt_power': 0.0, 'pv13_u': 0.0, 'pv36_u': None, 'mppt_7_cap': 28997.16,...
2026-05-07 18:28:13,565 - root - INFO - API Response type: <class 'dict'>
2026-05-07 18:28:13,565 - root - INFO - API Response keys: ['failCode', 'success', 'message', 'data']
2026-05-07 18:28:13,565 - root - INFO - API Response data is a list with 155 items
2026-05-07 18:28:13,565 - root - INFO - API Response has failCode: 0, message: historical data information query successful.
2026-05-07 18:28:13,566 - root - INFO - Using alternate response format: data as list
2026-05-07 18:28:13,566 - root - INFO - Received 155 data points from API
2026-05-07 18:28:13,566 - root - INFO - Sample data point structure: ['devDn', 'collectTime', 'dataItems']
2026-05-07 18:28:13,633 - root - INFO - Successfully upserted 155 data points.
2026-05-07 18:28:16,867 - root - INFO - Using single devDn for device/history (API: one device per query)
2026-05-07 18:28:16,868 - root - INFO - Fetching historical data for 1 devices of type inverter
2026-05-07 18:28:16,868 - root - INFO - Making API request to: https://sg5.fusionsolar.huawei.com/rest/openapi/pvms/nbi/v1/device/history
2026-05-07 18:28:16,868 - root - INFO - Request payload: {'devDn': 'NE=58987138', 'devTypeId': 1, 'startTime': 1778000400000, 'endTime': 1778086799000}
2026-05-07 18:28:18,638 - root - INFO - Response status code: 200
2026-05-07 18:28:18,651 - root - INFO - API response from https://sg5.fusionsolar.huawei.com/rest/openapi/pvms/nbi/v1/device/history (truncated): {'failCode': 0, 'success': True, 'message': 'historical data information query successful.', 'data': [{'devDn': 'NE=58987138', 'collectTime': 1778019000000, 'dataItems': {'pv28_i': None, 'pv4_u': 0.0, 'pv24_i': 0.0, 'mppt_total_cap': 207592.6, 'pv8_u': 0.0, 'a_i': 0.0, 'pv24_u': 0.0, 'mppt_9_cap': 0.0, 'pv20_u': 0.0, 'a_u': 0.0, 'pv17_u': 0.0, 'pv20_i': 0.0, 'efficiency': 0.0, 'pv17_i': 0.0, 'pv13_i': 0.0, 'pv36_i': None, 'mppt_power': 0.0, 'pv13_u': 0.0, 'pv36_u': None, 'mppt_7_cap': 26243.28, ...
2026-05-07 18:28:18,653 - root - INFO - API Response type: <class 'dict'>
2026-05-07 18:28:18,653 - root - INFO - API Response keys: ['failCode', 'success', 'message', 'data']
2026-05-07 18:28:18,653 - root - INFO - API Response data is a list with 155 items
2026-05-07 18:28:18,653 - root - INFO - API Response has failCode: 0, message: historical data information query successful.
2026-05-07 18:28:18,654 - root - INFO - Using alternate response format: data as list
2026-05-07 18:28:18,654 - root - INFO - Received 155 data points from API
2026-05-07 18:28:18,654 - root - INFO - Sample data point structure: ['devDn', 'collectTime', 'dataItems']
2026-05-07 18:28:18,719 - root - INFO - Successfully upserted 155 data points.
2026-05-07 18:28:21,881 - root - INFO - Using single devDn for device/history (API: one device per query)
2026-05-07 18:28:21,883 - root - INFO - Fetching historical data for 1 devices of type inverter
2026-05-07 18:28:21,883 - root - INFO - Making API request to: https://sg5.fusionsolar.huawei.com/rest/openapi/pvms/nbi/v1/device/history
2026-05-07 18:28:21,883 - root - INFO - Request payload: {'devDn': 'NE=58741218', 'devTypeId': 1, 'startTime': 1778000400000, 'endTime': 1778086799000}
2026-05-07 18:28:22,758 - root - INFO - Response status code: 200
2026-05-07 18:28:22,758 - root - INFO - API response from https://sg5.fusionsolar.huawei.com/rest/openapi/pvms/nbi/v1/device/history (truncated): {'failCode': 0, 'success': True, 'message': 'historical data information query successful.', 'data': []}
2026-05-07 18:28:22,761 - root - INFO - API Response type: <class 'dict'>
2026-05-07 18:28:22,761 - root - INFO - API Response keys: ['failCode', 'success', 'message', 'data']
2026-05-07 18:28:22,761 - root - INFO - API Response data is a list with 0 items
2026-05-07 18:28:22,761 - root - INFO - API Response has failCode: 0, message: historical data information query successful.
2026-05-07 18:28:22,762 - root - INFO - Using alternate response format: data as list
2026-05-07 18:28:22,762 - root - INFO - No data points returned for the query period
2026-05-07 18:28:22,762 - root - INFO - Using single devDn for device/history (API: one device per query)
2026-05-07 18:28:22,762 - root - INFO - Fetching historical data for 1 devices of type inverter
2026-05-07 18:28:22,762 - root - INFO - Making API request to: https://sg5.fusionsolar.huawei.com/rest/openapi/pvms/nbi/v1/device/history
2026-05-07 18:28:22,762 - root - INFO - Request payload: {'devDn': 'NE=50488273', 'devTypeId': 1, 'startTime': 1778000400000, 'endTime': 1778086799000}
2026-05-07 18:28:23,067 - root - INFO - Response status code: 200
2026-05-07 18:28:23,067 - root - INFO - API response from https://sg5.fusionsolar.huawei.com/rest/openapi/pvms/nbi/v1/device/history (truncated): {'failCode': 407, 'success': False, 'message': 'Interface access frequency:0.39333333333333337/1second', 'data': []}
2026-05-07 18:28:23,068 - root - WARNING - API access frequency too high. Waiting 30 seconds before retry...
2026-05-07 18:28:53,068 - root - INFO - Retrying API request after rate limit wait...
2026-05-07 18:28:53,069 - root - INFO - Making API request to: https://sg5.fusionsolar.huawei.com/rest/openapi/pvms/nbi/v1/device/history
2026-05-07 18:28:53,069 - root - INFO - Request payload: {'devDn': 'NE=50488273', 'devTypeId': 1, 'startTime': 1778000400000, 'endTime': 1778086799000}
2026-05-07 18:28:53,958 - root - INFO - Response status code: 200
2026-05-07 18:28:53,958 - root - INFO - API response from https://sg5.fusionsolar.huawei.com/rest/openapi/pvms/nbi/v1/device/history (truncated): {'failCode': 0, 'success': True, 'message': 'historical data information query successful.', 'data': []}
2026-05-07 18:28:53,962 - root - INFO - API Response type: <class 'dict'>
2026-05-07 18:28:53,962 - root - INFO - API Response keys: ['failCode', 'success', 'message', 'data']
2026-05-07 18:28:53,962 - root - INFO - API Response data is a list with 0 items
2026-05-07 18:28:53,962 - root - INFO - API Response has failCode: 0, message: historical data information query successful.
2026-05-07 18:28:53,962 - root - INFO - Using alternate response format: data as list
2026-05-07 18:28:53,962 - root - INFO - No data points returned for the query period
2026-05-07 18:28:53,962 - root - INFO - Using single devDn for device/history (API: one device per query)
2026-05-07 18:28:53,963 - root - INFO - Fetching historical data for 1 devices of type inverter
2026-05-07 18:28:53,963 - root - INFO - Making API request to: https://sg5.fusionsolar.huawei.com/rest/openapi/pvms/nbi/v1/device/history
2026-05-07 18:28:53,963 - root - INFO - Request payload: {'devDn': 'NE=50488264', 'devTypeId': 1, 'startTime': 1778000400000, 'endTime': 1778086799000}
2026-05-07 18:28:54,275 - root - INFO - Response status code: 200
2026-05-07 18:28:54,275 - root - INFO - API response from https://sg5.fusionsolar.huawei.com/rest/openapi/pvms/nbi/v1/device/history (truncated): {'failCode': 407, 'success': False, 'message': 'Interface access frequency:0.39333333333333337/1second', 'data': []}
2026-05-07 18:28:54,276 - root - WARNING - API access frequency too high. Waiting 30 seconds before retry...
2026-05-07 18:29:24,276 - root - INFO - Retrying API request after rate limit wait...
2026-05-07 18:29:24,276 - root - INFO - Making API request to: https://sg5.fusionsolar.huawei.com/rest/openapi/pvms/nbi/v1/device/history
2026-05-07 18:29:24,277 - root - INFO - Request payload: {'devDn': 'NE=50488264', 'devTypeId': 1, 'startTime': 1778000400000, 'endTime': 1778086799000}
2026-05-07 18:29:25,243 - root - INFO - Response status code: 200
2026-05-07 18:29:25,243 - root - INFO - API response from https://sg5.fusionsolar.huawei.com/rest/openapi/pvms/nbi/v1/device/history (truncated): {'failCode': 0, 'success': True, 'message': 'historical data information query successful.', 'data': []}
2026-05-07 18:29:25,248 - root - INFO - API Response type: <class 'dict'>
2026-05-07 18:29:25,248 - root - INFO - API Response keys: ['failCode', 'success', 'message', 'data']
2026-05-07 18:29:25,248 - root - INFO - API Response data is a list with 0 items
2026-05-07 18:29:25,248 - root - INFO - API Response has failCode: 0, message: historical data information query successful.
2026-05-07 18:29:25,248 - root - INFO - Using alternate response format: data as list
2026-05-07 18:29:25,249 - root - INFO - No data points returned for the query period
2026-05-07 18:29:25,249 - root - INFO - Using single devDn for device/history (API: one device per query)
2026-05-07 18:29:25,249 - root - INFO - Fetching historical data for 1 devices of type inverter
2026-05-07 18:29:25,249 - root - INFO - Making API request to: https://sg5.fusionsolar.huawei.com/rest/openapi/pvms/nbi/v1/device/history
2026-05-07 18:29:25,249 - root - INFO - Request payload: {'devDn': 'NE=50488270', 'devTypeId': 1, 'startTime': 1778000400000, 'endTime': 1778086799000}
2026-05-07 18:29:25,558 - root - INFO - Response status code: 200
2026-05-07 18:29:25,558 - root - INFO - API response from https://sg5.fusionsolar.huawei.com/rest/openapi/pvms/nbi/v1/device/history (truncated): {'failCode': 407, 'success': False, 'message': 'Interface access frequency:0.39333333333333337/1second', 'data': []}
2026-05-07 18:29:25,559 - root - WARNING - API access frequency too high. Waiting 30 seconds before retry...
2026-05-07 18:29:55,559 - root - INFO - Retrying API request after rate limit wait...
2026-05-07 18:29:55,560 - root - INFO - Making API request to: https://sg5.fusionsolar.huawei.com/rest/openapi/pvms/nbi/v1/device/history
2026-05-07 18:29:55,560 - root - INFO - Request payload: {'devDn': 'NE=50488270', 'devTypeId': 1, 'startTime': 1778000400000, 'endTime': 1778086799000}
2026-05-07 18:29:57,332 - root - INFO - Response status code: 200
2026-05-07 18:29:57,346 - root - INFO - API response from https://sg5.fusionsolar.huawei.com/rest/openapi/pvms/nbi/v1/device/history (truncated): {'failCode': 0, 'success': True, 'message': 'historical data information query successful.', 'data': [{'devDn': 'NE=50488270', 'collectTime': 1778019000000, 'dataItems': {'pv28_i': None, 'pv4_u': 0.0, 'pv24_i': -0.01, 'mppt_total_cap': 885715.25, 'pv8_u': 0.0, 'a_i': 0.0, 'pv24_u': -0.1, 'mppt_9_cap': 0.0, 'pv20_u': -0.1, 'a_u': None, 'pv17_u': 0.0, 'pv20_i': -0.01, 'efficiency': 0.0, 'pv17_i': 0.0, 'pv13_i': 0.0, 'pv36_i': None, 'mppt_power': 0.0, 'pv13_u': 0.0, 'pv36_u': None, 'mppt_7_cap': 0....
2026-05-07 18:29:57,349 - root - INFO - API Response type: <class 'dict'>
2026-05-07 18:29:57,350 - root - INFO - API Response keys: ['failCode', 'success', 'message', 'data']
2026-05-07 18:29:57,350 - root - INFO - API Response data is a list with 155 items
2026-05-07 18:29:57,350 - root - INFO - API Response has failCode: 0, message: historical data information query successful.
2026-05-07 18:29:57,350 - root - INFO - Using alternate response format: data as list
2026-05-07 18:29:57,350 - root - INFO - Received 155 data points from API
2026-05-07 18:29:57,350 - root - INFO - Sample data point structure: ['devDn', 'collectTime', 'dataItems']
2026-05-07 18:29:57,419 - root - INFO - Successfully upserted 155 data points.
2026-05-07 18:30:01,385 - root - INFO - Using single devDn for device/history (API: one device per query)
2026-05-07 18:30:01,386 - root - INFO - Fetching historical data for 1 devices of type inverter
2026-05-07 18:30:01,386 - root - INFO - Making API request to: https://sg5.fusionsolar.huawei.com/rest/openapi/pvms/nbi/v1/device/history
2026-05-07 18:30:01,386 - root - INFO - Request payload: {'devDn': 'NE=50488271', 'devTypeId': 1, 'startTime': 1778000400000, 'endTime': 1778086799000}
2026-05-07 18:30:03,119 - root - INFO - Response status code: 200
2026-05-07 18:30:03,135 - root - INFO - API response from https://sg5.fusionsolar.huawei.com/rest/openapi/pvms/nbi/v1/device/history (truncated): {'failCode': 0, 'success': True, 'message': 'historical data information query successful.', 'data': [{'devDn': 'NE=50488271', 'collectTime': 1778019000000, 'dataItems': {'pv28_i': None, 'pv4_u': 0.0, 'pv24_i': -0.01, 'mppt_total_cap': 881512.18, 'pv8_u': 0.0, 'a_i': 0.0, 'pv24_u': -0.1, 'mppt_9_cap': 0.0, 'pv20_u': -0.1, 'a_u': None, 'pv17_u': 0.0, 'pv20_i': -0.01, 'efficiency': 0.0, 'pv17_i': 0.0, 'pv13_i': 0.0, 'pv36_i': None, 'mppt_power': 0.0, 'pv13_u': 0.0, 'pv36_u': None, 'mppt_7_cap': 0....
2026-05-07 18:30:03,137 - root - INFO - API Response type: <class 'dict'>
2026-05-07 18:30:03,137 - root - INFO - API Response keys: ['failCode', 'success', 'message', 'data']
2026-05-07 18:30:03,137 - root - INFO - API Response data is a list with 155 items
2026-05-07 18:30:03,137 - root - INFO - API Response has failCode: 0, message: historical data information query successful.
2026-05-07 18:30:03,137 - root - INFO - Using alternate response format: data as list
2026-05-07 18:30:03,138 - root - INFO - Received 155 data points from API
2026-05-07 18:30:03,138 - root - INFO - Sample data point structure: ['devDn', 'collectTime', 'dataItems']
2026-05-07 18:30:03,205 - root - INFO - Successfully upserted 155 data points.
2026-05-07 18:30:06,611 - root - INFO - Using single devDn for device/history (API: one device per query)
2026-05-07 18:30:06,612 - root - INFO - Fetching historical data for 1 devices of type inverter
2026-05-07 18:30:06,612 - root - INFO - Making API request to: https://sg5.fusionsolar.huawei.com/rest/openapi/pvms/nbi/v1/device/history
2026-05-07 18:30:06,612 - root - INFO - Request payload: {'devDn': 'NE=50488265', 'devTypeId': 1, 'startTime': 1778000400000, 'endTime': 1778086799000}
2026-05-07 18:30:08,172 - root - INFO - Response status code: 200
2026-05-07 18:30:08,186 - root - INFO - API response from https://sg5.fusionsolar.huawei.com/rest/openapi/pvms/nbi/v1/device/history (truncated): {'failCode': 0, 'success': True, 'message': 'historical data information query successful.', 'data': [{'devDn': 'NE=50488265', 'collectTime': 1778019000000, 'dataItems': {'pv28_i': None, 'pv4_u': 0.0, 'pv24_i': 0.0, 'mppt_total_cap': 914605.67, 'pv8_u': 0.0, 'a_i': 0.0, 'pv24_u': 0.0, 'mppt_9_cap': 0.0, 'pv20_u': 0.0, 'a_u': 0.0, 'pv17_u': 0.0, 'pv20_i': 0.0, 'efficiency': 0.0, 'pv17_i': 0.0, 'pv13_i': 0.0, 'pv36_i': None, 'mppt_power': 0.0, 'pv13_u': 0.0, 'pv36_u': None, 'mppt_7_cap': 0.0, 'pv3...
2026-05-07 18:30:08,187 - root - INFO - API Response type: <class 'dict'>
2026-05-07 18:30:08,188 - root - INFO - API Response keys: ['failCode', 'success', 'message', 'data']
2026-05-07 18:30:08,188 - root - INFO - API Response data is a list with 155 items
2026-05-07 18:30:08,188 - root - INFO - API Response has failCode: 0, message: historical data information query successful.
2026-05-07 18:30:08,188 - root - INFO - Using alternate response format: data as list
2026-05-07 18:30:08,188 - root - INFO - Received 155 data points from API
2026-05-07 18:30:08,188 - root - INFO - Sample data point structure: ['devDn', 'collectTime', 'dataItems']
2026-05-07 18:30:08,254 - root - INFO - Successfully upserted 155 data points.
2026-05-07 18:30:11,636 - root - INFO - Using single devDn for device/history (API: one device per query)
2026-05-07 18:30:11,637 - root - INFO - Fetching historical data for 1 devices of type inverter
2026-05-07 18:30:11,638 - root - INFO - Making API request to: https://sg5.fusionsolar.huawei.com/rest/openapi/pvms/nbi/v1/device/history
2026-05-07 18:30:11,638 - root - INFO - Request payload: {'devDn': 'NE=53140445', 'devTypeId': 1, 'startTime': 1778000400000, 'endTime': 1778086799000}
2026-05-07 18:30:13,466 - root - INFO - Response status code: 200
2026-05-07 18:30:13,480 - root - INFO - API response from https://sg5.fusionsolar.huawei.com/rest/openapi/pvms/nbi/v1/device/history (truncated): {'failCode': 0, 'success': True, 'message': 'historical data information query successful.', 'data': [{'devDn': 'NE=53140445', 'collectTime': 1778019000000, 'dataItems': {'pv28_i': None, 'pv4_u': 0.0, 'pv24_i': 0.0, 'mppt_total_cap': 440224.94, 'pv8_u': 0.0, 'a_i': 0.0, 'pv24_u': 0.0, 'mppt_9_cap': 0.0, 'pv20_u': 0.0, 'a_u': 0.0, 'pv17_u': 0.0, 'pv20_i': 0.0, 'efficiency': 0.0, 'pv17_i': 0.0, 'pv13_i': 0.0, 'pv36_i': None, 'mppt_power': 0.0, 'pv13_u': 0.0, 'pv36_u': None, 'mppt_7_cap': 0.0, 'pv3...
2026-05-07 18:30:13,482 - root - INFO - API Response type: <class 'dict'>
2026-05-07 18:30:13,482 - root - INFO - API Response keys: ['failCode', 'success', 'message', 'data']
2026-05-07 18:30:13,482 - root - INFO - API Response data is a list with 155 items
2026-05-07 18:30:13,482 - root - INFO - API Response has failCode: 0, message: historical data information query successful.
2026-05-07 18:30:13,483 - root - INFO - Using alternate response format: data as list
2026-05-07 18:30:13,483 - root - INFO - Received 155 data points from API
2026-05-07 18:30:13,483 - root - INFO - Sample data point structure: ['devDn', 'collectTime', 'dataItems']
2026-05-07 18:30:13,552 - root - INFO - Successfully upserted 155 data points.
2026-05-07 18:30:17,172 - root - INFO - Using single devDn for device/history (API: one device per query)
2026-05-07 18:30:17,173 - root - INFO - Fetching historical data for 1 devices of type inverter
2026-05-07 18:30:17,173 - root - INFO - Making API request to: https://sg5.fusionsolar.huawei.com/rest/openapi/pvms/nbi/v1/device/history
2026-05-07 18:30:17,173 - root - INFO - Request payload: {'devDn': 'NE=54479672', 'devTypeId': 1, 'startTime': 1778000400000, 'endTime': 1778086799000}
2026-05-07 18:30:18,785 - root - INFO - Response status code: 200
2026-05-07 18:30:18,798 - root - INFO - API response from https://sg5.fusionsolar.huawei.com/rest/openapi/pvms/nbi/v1/device/history (truncated): {'failCode': 0, 'success': True, 'message': 'historical data information query successful.', 'data': [{'devDn': 'NE=54479672', 'collectTime': 1778019000000, 'dataItems': {'pv28_i': None, 'pv4_u': 0.0, 'pv24_i': 0.0, 'mppt_total_cap': 391791.05, 'pv8_u': 0.0, 'a_i': 0.0, 'pv24_u': 0.0, 'mppt_9_cap': 0.0, 'pv20_u': 0.0, 'a_u': 0.0, 'pv17_u': 0.0, 'pv20_i': 0.0, 'efficiency': 0.0, 'pv17_i': 0.0, 'pv13_i': 0.0, 'pv36_i': None, 'mppt_power': 0.0, 'pv13_u': 0.0, 'pv36_u': None, 'mppt_7_cap': 0.0, 'pv3...
2026-05-07 18:30:18,800 - root - INFO - API Response type: <class 'dict'>
2026-05-07 18:30:18,800 - root - INFO - API Response keys: ['failCode', 'success', 'message', 'data']
2026-05-07 18:30:18,801 - root - INFO - API Response data is a list with 155 items
2026-05-07 18:30:18,801 - root - INFO - API Response has failCode: 0, message: historical data information query successful.
2026-05-07 18:30:18,801 - root - INFO - Using alternate response format: data as list
2026-05-07 18:30:18,801 - root - INFO - Received 155 data points from API
2026-05-07 18:30:18,801 - root - INFO - Sample data point structure: ['devDn', 'collectTime', 'dataItems']
2026-05-07 18:30:18,871 - root - INFO - Successfully upserted 155 data points.
2026-05-07 18:30:22,139 - root - INFO - Using single devDn for device/history (API: one device per query)
2026-05-07 18:30:22,140 - root - INFO - Fetching historical data for 1 devices of type inverter
2026-05-07 18:30:22,140 - root - INFO - Making API request to: https://sg5.fusionsolar.huawei.com/rest/openapi/pvms/nbi/v1/device/history
2026-05-07 18:30:22,141 - root - INFO - Request payload: {'devDn': 'NE=50488269', 'devTypeId': 1, 'startTime': 1778000400000, 'endTime': 1778086799000}
2026-05-07 18:30:23,855 - root - INFO - Response status code: 200
2026-05-07 18:30:23,869 - root - INFO - API response from https://sg5.fusionsolar.huawei.com/rest/openapi/pvms/nbi/v1/device/history (truncated): {'failCode': 0, 'success': True, 'message': 'historical data information query successful.', 'data': [{'devDn': 'NE=50488269', 'collectTime': 1778019000000, 'dataItems': {'pv28_i': None, 'pv4_u': 0.0, 'pv24_i': 0.0, 'mppt_total_cap': 883560.98, 'pv8_u': 0.0, 'a_i': 0.0, 'pv24_u': 0.0, 'mppt_9_cap': 0.0, 'pv20_u': 0.0, 'a_u': 0.0, 'pv17_u': 0.0, 'pv20_i': 0.0, 'efficiency': 0.0, 'pv17_i': 0.0, 'pv13_i': 0.0, 'pv36_i': None, 'mppt_power': 0.0, 'pv13_u': 0.0, 'pv36_u': None, 'mppt_7_cap': 0.0, 'pv3...
2026-05-07 18:30:23,871 - root - INFO - API Response type: <class 'dict'>
2026-05-07 18:30:23,871 - root - INFO - API Response keys: ['failCode', 'success', 'message', 'data']
2026-05-07 18:30:23,871 - root - INFO - API Response data is a list with 155 items
2026-05-07 18:30:23,871 - root - INFO - API Response has failCode: 0, message: historical data information query successful.
2026-05-07 18:30:23,872 - root - INFO - Using alternate response format: data as list
2026-05-07 18:30:23,872 - root - INFO - Received 155 data points from API
2026-05-07 18:30:23,872 - root - INFO - Sample data point structure: ['devDn', 'collectTime', 'dataItems']
2026-05-07 18:30:23,938 - root - INFO - Successfully upserted 155 data points.
2026-05-07 18:30:27,438 - root - INFO - Using single devDn for device/history (API: one device per query)
2026-05-07 18:30:27,440 - root - INFO - Fetching historical data for 1 devices of type inverter
2026-05-07 18:30:27,440 - root - INFO - Making API request to: https://sg5.fusionsolar.huawei.com/rest/openapi/pvms/nbi/v1/device/history
2026-05-07 18:30:27,440 - root - INFO - Request payload: {'devDn': 'NE=50488267', 'devTypeId': 1, 'startTime': 1778000400000, 'endTime': 1778086799000}
2026-05-07 18:30:29,130 - root - INFO - Response status code: 200
2026-05-07 18:30:29,146 - root - INFO - API response from https://sg5.fusionsolar.huawei.com/rest/openapi/pvms/nbi/v1/device/history (truncated): {'failCode': 0, 'success': True, 'message': 'historical data information query successful.', 'data': [{'devDn': 'NE=50488267', 'collectTime': 1778019000000, 'dataItems': {'pv28_i': None, 'pv4_u': 0.0, 'pv24_i': 0.0, 'mppt_total_cap': 908168.4, 'pv8_u': 0.0, 'a_i': 0.0, 'pv24_u': 0.0, 'mppt_9_cap': 0.0, 'pv20_u': 0.0, 'a_u': 0.0, 'pv17_u': 0.0, 'pv20_i': 0.0, 'efficiency': 0.0, 'pv17_i': 0.0, 'pv13_i': 0.0, 'pv36_i': None, 'mppt_power': 0.0, 'pv13_u': 0.0, 'pv36_u': None, 'mppt_7_cap': 0.0, 'pv32...
2026-05-07 18:30:29,147 - root - INFO - API Response type: <class 'dict'>
2026-05-07 18:30:29,148 - root - INFO - API Response keys: ['failCode', 'success', 'message', 'data']
2026-05-07 18:30:29,148 - root - INFO - API Response data is a list with 155 items
2026-05-07 18:30:29,148 - root - INFO - API Response has failCode: 0, message: historical data information query successful.
2026-05-07 18:30:29,148 - root - INFO - Using alternate response format: data as list
2026-05-07 18:30:29,149 - root - INFO - Received 155 data points from API
2026-05-07 18:30:29,149 - root - INFO - Sample data point structure: ['devDn', 'collectTime', 'dataItems']
2026-05-07 18:30:29,215 - root - INFO - Successfully upserted 155 data points.
2026-05-07 18:30:32,486 - root - INFO - Using single devDn for device/history (API: one device per query)
2026-05-07 18:30:32,487 - root - INFO - Fetching historical data for 1 devices of type inverter
2026-05-07 18:30:32,487 - root - INFO - Making API request to: https://sg5.fusionsolar.huawei.com/rest/openapi/pvms/nbi/v1/device/history
2026-05-07 18:30:32,488 - root - INFO - Request payload: {'devDn': 'NE=50488266', 'devTypeId': 1, 'startTime': 1778000400000, 'endTime': 1778086799000}
2026-05-07 18:30:34,115 - root - INFO - Response status code: 200
2026-05-07 18:30:34,128 - root - INFO - API response from https://sg5.fusionsolar.huawei.com/rest/openapi/pvms/nbi/v1/device/history (truncated): {'failCode': 0, 'success': True, 'message': 'historical data information query successful.', 'data': [{'devDn': 'NE=50488266', 'collectTime': 1778019000000, 'dataItems': {'pv28_i': None, 'pv4_u': 0.0, 'pv24_i': 0.0, 'mppt_total_cap': 833476.8, 'pv8_u': 0.0, 'a_i': 0.0, 'pv24_u': 0.0, 'mppt_9_cap': 0.0, 'pv20_u': 0.0, 'a_u': 0.0, 'pv17_u': 0.0, 'pv20_i': 0.0, 'efficiency': 0.0, 'pv17_i': 0.0, 'pv13_i': 0.0, 'pv36_i': None, 'mppt_power': 0.0, 'pv13_u': 0.0, 'pv36_u': None, 'mppt_7_cap': 0.0, 'pv32...
2026-05-07 18:30:34,130 - root - INFO - API Response type: <class 'dict'>
2026-05-07 18:30:34,131 - root - INFO - API Response keys: ['failCode', 'success', 'message', 'data']
2026-05-07 18:30:34,131 - root - INFO - API Response data is a list with 155 items
2026-05-07 18:30:34,131 - root - INFO - API Response has failCode: 0, message: historical data information query successful.
2026-05-07 18:30:34,131 - root - INFO - Using alternate response format: data as list
2026-05-07 18:30:34,131 - root - INFO - Received 155 data points from API
2026-05-07 18:30:34,131 - root - INFO - Sample data point structure: ['devDn', 'collectTime', 'dataItems']
2026-05-07 18:30:34,200 - root - INFO - Successfully upserted 155 data points.
2026-05-07 18:30:37,494 - root - INFO - Using single devDn for device/history (API: one device per query)
2026-05-07 18:30:37,495 - root - INFO - Fetching historical data for 1 devices of type inverter
2026-05-07 18:30:37,495 - root - INFO - Making API request to: https://sg5.fusionsolar.huawei.com/rest/openapi/pvms/nbi/v1/device/history
2026-05-07 18:30:37,495 - root - INFO - Request payload: {'devDn': 'NE=62806382', 'devTypeId': 1, 'startTime': 1778000400000, 'endTime': 1778086799000}
2026-05-07 18:30:39,063 - root - INFO - Response status code: 200
2026-05-07 18:30:39,076 - root - INFO - API response from https://sg5.fusionsolar.huawei.com/rest/openapi/pvms/nbi/v1/device/history (truncated): {'failCode': 0, 'success': True, 'message': 'historical data information query successful.', 'data': [{'devDn': 'NE=62806382', 'collectTime': 1778000400000, 'dataItems': {'pv28_i': None, 'pv4_u': 0.0, 'pv24_i': None, 'mppt_total_cap': 166556.15, 'pv8_u': 0.0, 'a_i': 0.0, 'pv24_u': None, 'mppt_9_cap': None, 'pv20_u': 0.0, 'a_u': 0.0, 'pv17_u': 0.0, 'pv20_i': 0.0, 'efficiency': 0.0, 'pv17_i': 0.0, 'pv13_i': 0.0, 'pv36_i': None, 'mppt_power': 0.0, 'pv13_u': 0.0, 'pv36_u': None, 'mppt_7_cap': 22568....
2026-05-07 18:30:39,078 - root - INFO - API Response type: <class 'dict'>
2026-05-07 18:30:39,078 - root - INFO - API Response keys: ['failCode', 'success', 'message', 'data']
2026-05-07 18:30:39,078 - root - INFO - API Response data is a list with 152 items
2026-05-07 18:30:39,078 - root - INFO - API Response has failCode: 0, message: historical data information query successful.
2026-05-07 18:30:39,078 - root - INFO - Using alternate response format: data as list
2026-05-07 18:30:39,079 - root - INFO - Received 152 data points from API
2026-05-07 18:30:39,079 - root - INFO - Sample data point structure: ['devDn', 'collectTime', 'dataItems']
2026-05-07 18:30:39,145 - root - INFO - Successfully upserted 152 data points.
2026-05-07 18:30:42,867 - root - INFO - Using single devDn for device/history (API: one device per query)
2026-05-07 18:30:42,868 - root - INFO - Fetching historical data for 1 devices of type inverter
2026-05-07 18:30:42,868 - root - INFO - Making API request to: https://sg5.fusionsolar.huawei.com/rest/openapi/pvms/nbi/v1/device/history
2026-05-07 18:30:42,868 - root - INFO - Request payload: {'devDn': 'NE=62806380', 'devTypeId': 1, 'startTime': 1778000400000, 'endTime': 1778086799000}
2026-05-07 18:30:44,587 - root - INFO - Response status code: 200
2026-05-07 18:30:44,600 - root - INFO - API response from https://sg5.fusionsolar.huawei.com/rest/openapi/pvms/nbi/v1/device/history (truncated): {'failCode': 0, 'success': True, 'message': 'historical data information query successful.', 'data': [{'devDn': 'NE=62806380', 'collectTime': 1778000400000, 'dataItems': {'pv28_i': None, 'pv4_u': 0.0, 'pv24_i': None, 'mppt_total_cap': 172799.17, 'pv8_u': 0.0, 'a_i': 0.0, 'pv24_u': None, 'mppt_9_cap': None, 'pv20_u': 0.0, 'a_u': 0.0, 'pv17_u': 0.0, 'pv20_i': 0.0, 'efficiency': 0.0, 'pv17_i': 0.0, 'pv13_i': 0.0, 'pv36_i': None, 'mppt_power': 0.0, 'pv13_u': 0.0, 'pv36_u': None, 'mppt_7_cap': 32074....
2026-05-07 18:30:44,604 - root - INFO - API Response type: <class 'dict'>
2026-05-07 18:30:44,604 - root - INFO - API Response keys: ['failCode', 'success', 'message', 'data']
2026-05-07 18:30:44,604 - root - INFO - API Response data is a list with 152 items
2026-05-07 18:30:44,604 - root - INFO - API Response has failCode: 0, message: historical data information query successful.
2026-05-07 18:30:44,604 - root - INFO - Using alternate response format: data as list
2026-05-07 18:30:44,604 - root - INFO - Received 152 data points from API
2026-05-07 18:30:44,605 - root - INFO - Sample data point structure: ['devDn', 'collectTime', 'dataItems']
2026-05-07 18:30:44,670 - root - INFO - Successfully upserted 152 data points.
2026-05-07 18:30:48,066 - root - INFO - Using single devDn for device/history (API: one device per query)
2026-05-07 18:30:48,067 - root - INFO - Fetching historical data for 1 devices of type inverter
2026-05-07 18:30:48,068 - root - INFO - Making API request to: https://sg5.fusionsolar.huawei.com/rest/openapi/pvms/nbi/v1/device/history
2026-05-07 18:30:48,068 - root - INFO - Request payload: {'devDn': 'NE=62806373', 'devTypeId': 1, 'startTime': 1778000400000, 'endTime': 1778086799000}
2026-05-07 18:30:49,727 - root - INFO - Response status code: 200
2026-05-07 18:30:49,741 - root - INFO - API response from https://sg5.fusionsolar.huawei.com/rest/openapi/pvms/nbi/v1/device/history (truncated): {'failCode': 0, 'success': True, 'message': 'historical data information query successful.', 'data': [{'devDn': 'NE=62806373', 'collectTime': 1778000400000, 'dataItems': {'pv28_i': None, 'pv4_u': 0.0, 'pv24_i': None, 'mppt_total_cap': 164053.32, 'pv8_u': 0.0, 'a_i': 0.0, 'pv24_u': None, 'mppt_9_cap': None, 'pv20_u': 0.0, 'a_u': 0.0, 'pv17_u': 0.0, 'pv20_i': 0.0, 'efficiency': 0.0, 'pv17_i': 0.0, 'pv13_i': 0.0, 'pv36_i': None, 'mppt_power': 0.0, 'pv13_u': 0.0, 'pv36_u': None, 'mppt_7_cap': 21519....
2026-05-07 18:30:49,743 - root - INFO - API Response type: <class 'dict'>
2026-05-07 18:30:49,743 - root - INFO - API Response keys: ['failCode', 'success', 'message', 'data']
2026-05-07 18:30:49,743 - root - INFO - API Response data is a list with 152 items
2026-05-07 18:30:49,743 - root - INFO - API Response has failCode: 0, message: historical data information query successful.
2026-05-07 18:30:49,744 - root - INFO - Using alternate response format: data as list
2026-05-07 18:30:49,744 - root - INFO - Received 152 data points from API
2026-05-07 18:30:49,744 - root - INFO - Sample data point structure: ['devDn', 'collectTime', 'dataItems']
2026-05-07 18:30:49,808 - root - INFO - Successfully upserted 152 data points.
2026-05-07 18:30:53,004 - root - INFO - Using single devDn for device/history (API: one device per query)
2026-05-07 18:30:53,005 - root - INFO - Fetching historical data for 1 devices of type inverter
2026-05-07 18:30:53,005 - root - INFO - Making API request to: https://sg5.fusionsolar.huawei.com/rest/openapi/pvms/nbi/v1/device/history
2026-05-07 18:30:53,005 - root - INFO - Request payload: {'devDn': 'NE=62806371', 'devTypeId': 1, 'startTime': 1778000400000, 'endTime': 1778086799000}
2026-05-07 18:30:54,482 - root - INFO - Response status code: 200
2026-05-07 18:30:54,496 - root - INFO - API response from https://sg5.fusionsolar.huawei.com/rest/openapi/pvms/nbi/v1/device/history (truncated): {'failCode': 0, 'success': True, 'message': 'historical data information query successful.', 'data': [{'devDn': 'NE=62806371', 'collectTime': 1778000400000, 'dataItems': {'pv28_i': None, 'pv4_u': 0.0, 'pv24_i': None, 'mppt_total_cap': 181341.56, 'pv8_u': 0.0, 'a_i': 0.0, 'pv24_u': None, 'mppt_9_cap': None, 'pv20_u': 0.0, 'a_u': 0.0, 'pv17_u': 0.0, 'pv20_i': 0.0, 'efficiency': 0.0, 'pv17_i': 0.0, 'pv13_i': 0.0, 'pv36_i': None, 'mppt_power': 0.0, 'pv13_u': 0.0, 'pv36_u': None, 'mppt_7_cap': 34037....
2026-05-07 18:30:54,498 - root - INFO - API Response type: <class 'dict'>
2026-05-07 18:30:54,498 - root - INFO - API Response keys: ['failCode', 'success', 'message', 'data']
2026-05-07 18:30:54,498 - root - INFO - API Response data is a list with 152 items
2026-05-07 18:30:54,498 - root - INFO - API Response has failCode: 0, message: historical data information query successful.
2026-05-07 18:30:54,499 - root - INFO - Using alternate response format: data as list
2026-05-07 18:30:54,499 - root - INFO - Received 152 data points from API
2026-05-07 18:30:54,499 - root - INFO - Sample data point structure: ['devDn', 'collectTime', 'dataItems']
2026-05-07 18:30:54,563 - root - INFO - Successfully upserted 152 data points.
2026-05-07 18:30:58,117 - root - INFO - Using single devDn for device/history (API: one device per query)
2026-05-07 18:30:58,119 - root - INFO - Fetching historical data for 1 devices of type inverter
2026-05-07 18:30:58,119 - root - INFO - Making API request to: https://sg5.fusionsolar.huawei.com/rest/openapi/pvms/nbi/v1/device/history
2026-05-07 18:30:58,119 - root - INFO - Request payload: {'devDn': 'NE=62806381', 'devTypeId': 1, 'startTime': 1778000400000, 'endTime': 1778086799000}
2026-05-07 18:31:00,007 - root - INFO - Response status code: 200
2026-05-07 18:31:00,020 - root - INFO - API response from https://sg5.fusionsolar.huawei.com/rest/openapi/pvms/nbi/v1/device/history (truncated): {'failCode': 0, 'success': True, 'message': 'historical data information query successful.', 'data': [{'devDn': 'NE=62806381', 'collectTime': 1778000400000, 'dataItems': {'pv28_i': None, 'pv4_u': 0.0, 'pv24_i': None, 'mppt_total_cap': 184153.76, 'pv8_u': 0.0, 'a_i': 0.0, 'pv24_u': None, 'mppt_9_cap': None, 'pv20_u': 0.0, 'a_u': 0.0, 'pv17_u': 0.0, 'pv20_i': 0.0, 'efficiency': 0.0, 'pv17_i': 0.0, 'pv13_i': 0.0, 'pv36_i': None, 'mppt_power': 0.0, 'pv13_u': 0.0, 'pv36_u': None, 'mppt_7_cap': 35170....
2026-05-07 18:31:00,022 - root - INFO - API Response type: <class 'dict'>
2026-05-07 18:31:00,023 - root - INFO - API Response keys: ['failCode', 'success', 'message', 'data']
2026-05-07 18:31:00,023 - root - INFO - API Response data is a list with 152 items
2026-05-07 18:31:00,023 - root - INFO - API Response has failCode: 0, message: historical data information query successful.
2026-05-07 18:31:00,023 - root - INFO - Using alternate response format: data as list
2026-05-07 18:31:00,023 - root - INFO - Received 152 data points from API
2026-05-07 18:31:00,023 - root - INFO - Sample data point structure: ['devDn', 'collectTime', 'dataItems']
2026-05-07 18:31:00,085 - root - INFO - Successfully upserted 152 data points.
2026-05-07 18:31:03,691 - root - INFO - Using single devDn for device/history (API: one device per query)
2026-05-07 18:31:03,693 - root - INFO - Fetching historical data for 1 devices of type inverter
2026-05-07 18:31:03,693 - root - INFO - Making API request to: https://sg5.fusionsolar.huawei.com/rest/openapi/pvms/nbi/v1/device/history
2026-05-07 18:31:03,693 - root - INFO - Request payload: {'devDn': 'NE=62806383', 'devTypeId': 1, 'startTime': 1778000400000, 'endTime': 1778086799000}
2026-05-07 18:31:05,429 - root - INFO - Response status code: 200
2026-05-07 18:31:05,442 - root - INFO - API response from https://sg5.fusionsolar.huawei.com/rest/openapi/pvms/nbi/v1/device/history (truncated): {'failCode': 0, 'success': True, 'message': 'historical data information query successful.', 'data': [{'devDn': 'NE=62806383', 'collectTime': 1778000400000, 'dataItems': {'pv28_i': None, 'pv4_u': 0.0, 'pv24_i': None, 'mppt_total_cap': 157087.16, 'pv8_u': 0.0, 'a_i': 0.0, 'pv24_u': None, 'mppt_9_cap': None, 'pv20_u': 0.0, 'a_u': 0.0, 'pv17_u': 0.0, 'pv20_i': 0.0, 'efficiency': 0.0, 'pv17_i': 0.0, 'pv13_i': 0.0, 'pv36_i': None, 'mppt_power': 0.0, 'pv13_u': 0.0, 'pv36_u': None, 'mppt_7_cap': 26392....
2026-05-07 18:31:05,444 - root - INFO - API Response type: <class 'dict'>
2026-05-07 18:31:05,444 - root - INFO - API Response keys: ['failCode', 'success', 'message', 'data']
2026-05-07 18:31:05,445 - root - INFO - API Response data is a list with 151 items
2026-05-07 18:31:05,445 - root - INFO - API Response has failCode: 0, message: historical data information query successful.
2026-05-07 18:31:05,445 - root - INFO - Using alternate response format: data as list
2026-05-07 18:31:05,445 - root - INFO - Received 151 data points from API
2026-05-07 18:31:05,445 - root - INFO - Sample data point structure: ['devDn', 'collectTime', 'dataItems']
2026-05-07 18:31:05,512 - root - INFO - Successfully upserted 151 data points.
2026-05-07 18:31:08,835 - root - INFO - Using single devDn for device/history (API: one device per query)
2026-05-07 18:31:08,836 - root - INFO - Fetching historical data for 1 devices of type inverter
2026-05-07 18:31:08,837 - root - INFO - Making API request to: https://sg5.fusionsolar.huawei.com/rest/openapi/pvms/nbi/v1/device/history
2026-05-07 18:31:08,837 - root - INFO - Request payload: {'devDn': 'NE=62806377', 'devTypeId': 1, 'startTime': 1778000400000, 'endTime': 1778086799000}
2026-05-07 18:31:10,380 - root - INFO - Response status code: 200
2026-05-07 18:31:10,393 - root - INFO - API response from https://sg5.fusionsolar.huawei.com/rest/openapi/pvms/nbi/v1/device/history (truncated): {'failCode': 0, 'success': True, 'message': 'historical data information query successful.', 'data': [{'devDn': 'NE=62806377', 'collectTime': 1778000400000, 'dataItems': {'pv28_i': None, 'pv4_u': 0.0, 'pv24_i': None, 'mppt_total_cap': 171108.54, 'pv8_u': 0.0, 'a_i': 0.0, 'pv24_u': None, 'mppt_9_cap': None, 'pv20_u': 0.0, 'a_u': 0.0, 'pv17_u': 0.0, 'pv20_i': 0.0, 'efficiency': 0.0, 'pv17_i': 0.0, 'pv13_i': 0.0, 'pv36_i': None, 'mppt_power': 0.0, 'pv13_u': 0.0, 'pv36_u': None, 'mppt_7_cap': 22398....
2026-05-07 18:31:10,396 - root - INFO - API Response type: <class 'dict'>
2026-05-07 18:31:10,396 - root - INFO - API Response keys: ['failCode', 'success', 'message', 'data']
2026-05-07 18:31:10,396 - root - INFO - API Response data is a list with 152 items
2026-05-07 18:31:10,396 - root - INFO - API Response has failCode: 0, message: historical data information query successful.
2026-05-07 18:31:10,397 - root - INFO - Using alternate response format: data as list
2026-05-07 18:31:10,397 - root - INFO - Received 152 data points from API
2026-05-07 18:31:10,397 - root - INFO - Sample data point structure: ['devDn', 'collectTime', 'dataItems']
2026-05-07 18:31:10,461 - root - INFO - Successfully upserted 152 data points.
2026-05-07 18:31:13,600 - root - INFO - Using single devDn for device/history (API: one device per query)
2026-05-07 18:31:13,601 - root - INFO - Fetching historical data for 1 devices of type inverter
2026-05-07 18:31:13,601 - root - INFO - Making API request to: https://sg5.fusionsolar.huawei.com/rest/openapi/pvms/nbi/v1/device/history
2026-05-07 18:31:13,602 - root - INFO - Request payload: {'devDn': 'NE=62806374', 'devTypeId': 1, 'startTime': 1778000400000, 'endTime': 1778086799000}
2026-05-07 18:31:15,390 - root - INFO - Response status code: 200
2026-05-07 18:31:15,404 - root - INFO - API response from https://sg5.fusionsolar.huawei.com/rest/openapi/pvms/nbi/v1/device/history (truncated): {'failCode': 0, 'success': True, 'message': 'historical data information query successful.', 'data': [{'devDn': 'NE=62806374', 'collectTime': 1778000400000, 'dataItems': {'pv28_i': None, 'pv4_u': 0.0, 'pv24_i': None, 'mppt_total_cap': 169427.09, 'pv8_u': 0.0, 'a_i': 0.0, 'pv24_u': None, 'mppt_9_cap': None, 'pv20_u': 0.0, 'a_u': 0.0, 'pv17_u': 0.0, 'pv20_i': 0.0, 'efficiency': 0.0, 'pv17_i': 0.0, 'pv13_i': 0.0, 'pv36_i': None, 'mppt_power': 0.0, 'pv13_u': 0.0, 'pv36_u': None, 'mppt_7_cap': 34338....
2026-05-07 18:31:15,405 - root - INFO - API Response type: <class 'dict'>
2026-05-07 18:31:15,406 - root - INFO - API Response keys: ['failCode', 'success', 'message', 'data']
2026-05-07 18:31:15,406 - root - INFO - API Response data is a list with 152 items
2026-05-07 18:31:15,406 - root - INFO - API Response has failCode: 0, message: historical data information query successful.
2026-05-07 18:31:15,406 - root - INFO - Using alternate response format: data as list
2026-05-07 18:31:15,406 - root - INFO - Received 152 data points from API
2026-05-07 18:31:15,406 - root - INFO - Sample data point structure: ['devDn', 'collectTime', 'dataItems']
2026-05-07 18:31:15,475 - root - INFO - Successfully upserted 152 data points.
2026-05-07 18:31:18,847 - root - INFO - Using single devDn for device/history (API: one device per query)
2026-05-07 18:31:18,849 - root - INFO - Fetching historical data for 1 devices of type inverter
2026-05-07 18:31:18,849 - root - INFO - Making API request to: https://sg5.fusionsolar.huawei.com/rest/openapi/pvms/nbi/v1/device/history
2026-05-07 18:31:18,849 - root - INFO - Request payload: {'devDn': 'NE=62806375', 'devTypeId': 1, 'startTime': 1778000400000, 'endTime': 1778086799000}
2026-05-07 18:31:20,700 - root - INFO - Response status code: 200
2026-05-07 18:31:20,713 - root - INFO - API response from https://sg5.fusionsolar.huawei.com/rest/openapi/pvms/nbi/v1/device/history (truncated): {'failCode': 0, 'success': True, 'message': 'historical data information query successful.', 'data': [{'devDn': 'NE=62806375', 'collectTime': 1778000400000, 'dataItems': {'pv28_i': None, 'pv4_u': 0.0, 'pv24_i': None, 'mppt_total_cap': 161309.33, 'pv8_u': 0.0, 'a_i': 0.0, 'pv24_u': None, 'mppt_9_cap': None, 'pv20_u': 0.0, 'a_u': 0.0, 'pv17_u': 0.0, 'pv20_i': 0.0, 'efficiency': 0.0, 'pv17_i': 0.0, 'pv13_i': 0.0, 'pv36_i': None, 'mppt_power': 0.0, 'pv13_u': 0.0, 'pv36_u': None, 'mppt_7_cap': 28915....
2026-05-07 18:31:20,715 - root - INFO - API Response type: <class 'dict'>
2026-05-07 18:31:20,715 - root - INFO - API Response keys: ['failCode', 'success', 'message', 'data']
2026-05-07 18:31:20,716 - root - INFO - API Response data is a list with 152 items
2026-05-07 18:31:20,716 - root - INFO - API Response has failCode: 0, message: historical data information query successful.
2026-05-07 18:31:20,716 - root - INFO - Using alternate response format: data as list
2026-05-07 18:31:20,716 - root - INFO - Received 152 data points from API
2026-05-07 18:31:20,716 - root - INFO - Sample data point structure: ['devDn', 'collectTime', 'dataItems']
2026-05-07 18:31:20,782 - root - INFO - Successfully upserted 152 data points.
2026-05-07 18:31:23,903 - root - INFO - Using single devDn for device/history (API: one device per query)
2026-05-07 18:31:23,904 - root - INFO - Fetching historical data for 1 devices of type inverter
2026-05-07 18:31:23,904 - root - INFO - Making API request to: https://sg5.fusionsolar.huawei.com/rest/openapi/pvms/nbi/v1/device/history
2026-05-07 18:31:23,904 - root - INFO - Request payload: {'devDn': 'NE=62806369', 'devTypeId': 1, 'startTime': 1778000400000, 'endTime': 1778086799000}
2026-05-07 18:31:25,518 - root - INFO - Response status code: 200
2026-05-07 18:31:25,531 - root - INFO - API response from https://sg5.fusionsolar.huawei.com/rest/openapi/pvms/nbi/v1/device/history (truncated): {'failCode': 0, 'success': True, 'message': 'historical data information query successful.', 'data': [{'devDn': 'NE=62806369', 'collectTime': 1778000400000, 'dataItems': {'pv28_i': None, 'pv4_u': 0.0, 'pv24_i': None, 'mppt_total_cap': 141667.18, 'pv8_u': 0.0, 'a_i': 0.0, 'pv24_u': None, 'mppt_9_cap': None, 'pv20_u': 0.0, 'a_u': 0.0, 'pv17_u': 0.0, 'pv20_i': 0.0, 'efficiency': 0.0, 'pv17_i': 0.0, 'pv13_i': 0.0, 'pv36_i': None, 'mppt_power': 0.0, 'pv13_u': 0.0, 'pv36_u': None, 'mppt_7_cap': 17775....
2026-05-07 18:31:25,533 - root - INFO - API Response type: <class 'dict'>
2026-05-07 18:31:25,533 - root - INFO - API Response keys: ['failCode', 'success', 'message', 'data']
2026-05-07 18:31:25,533 - root - INFO - API Response data is a list with 151 items
2026-05-07 18:31:25,534 - root - INFO - API Response has failCode: 0, message: historical data information query successful.
2026-05-07 18:31:25,534 - root - INFO - Using alternate response format: data as list
2026-05-07 18:31:25,534 - root - INFO - Received 151 data points from API
2026-05-07 18:31:25,534 - root - INFO - Sample data point structure: ['devDn', 'collectTime', 'dataItems']
2026-05-07 18:31:25,598 - root - INFO - Successfully upserted 151 data points.
2026-05-07 18:31:28,713 - root - INFO - Using single devDn for device/history (API: one device per query)
2026-05-07 18:31:28,714 - root - INFO - Fetching historical data for 1 devices of type inverter
2026-05-07 18:31:28,714 - root - INFO - Making API request to: https://sg5.fusionsolar.huawei.com/rest/openapi/pvms/nbi/v1/device/history
2026-05-07 18:31:28,714 - root - INFO - Request payload: {'devDn': 'NE=62806370', 'devTypeId': 1, 'startTime': 1778000400000, 'endTime': 1778086799000}
2026-05-07 18:31:30,733 - root - INFO - Response status code: 200
2026-05-07 18:31:30,747 - root - INFO - API response from https://sg5.fusionsolar.huawei.com/rest/openapi/pvms/nbi/v1/device/history (truncated): {'failCode': 0, 'success': True, 'message': 'historical data information query successful.', 'data': [{'devDn': 'NE=62806370', 'collectTime': 1778000400000, 'dataItems': {'pv28_i': None, 'pv4_u': 0.0, 'pv24_i': None, 'mppt_total_cap': 167193.89, 'pv8_u': 0.0, 'a_i': 0.0, 'pv24_u': None, 'mppt_9_cap': None, 'pv20_u': 0.0, 'a_u': 0.0, 'pv17_u': 0.0, 'pv20_i': 0.0, 'efficiency': 0.0, 'pv17_i': 0.0, 'pv13_i': 0.0, 'pv36_i': None, 'mppt_power': 0.0, 'pv13_u': 0.0, 'pv36_u': None, 'mppt_7_cap': 30910....
2026-05-07 18:31:30,749 - root - INFO - API Response type: <class 'dict'>
2026-05-07 18:31:30,749 - root - INFO - API Response keys: ['failCode', 'success', 'message', 'data']
2026-05-07 18:31:30,749 - root - INFO - API Response data is a list with 151 items
2026-05-07 18:31:30,749 - root - INFO - API Response has failCode: 0, message: historical data information query successful.
2026-05-07 18:31:30,749 - root - INFO - Using alternate response format: data as list
2026-05-07 18:31:30,750 - root - INFO - Received 151 data points from API
2026-05-07 18:31:30,750 - root - INFO - Sample data point structure: ['devDn', 'collectTime', 'dataItems']
2026-05-07 18:31:30,816 - root - INFO - Successfully upserted 151 data points.
2026-05-07 18:31:34,071 - root - INFO - Using single devDn for device/history (API: one device per query)
2026-05-07 18:31:34,073 - root - INFO - Fetching historical data for 1 devices of type inverter
2026-05-07 18:31:34,073 - root - INFO - Making API request to: https://sg5.fusionsolar.huawei.com/rest/openapi/pvms/nbi/v1/device/history
2026-05-07 18:31:34,073 - root - INFO - Request payload: {'devDn': 'NE=62806372', 'devTypeId': 1, 'startTime': 1778000400000, 'endTime': 1778086799000}
2026-05-07 18:31:35,788 - root - INFO - Response status code: 200
2026-05-07 18:31:35,801 - root - INFO - API response from https://sg5.fusionsolar.huawei.com/rest/openapi/pvms/nbi/v1/device/history (truncated): {'failCode': 0, 'success': True, 'message': 'historical data information query successful.', 'data': [{'devDn': 'NE=62806372', 'collectTime': 1778000400000, 'dataItems': {'pv28_i': None, 'pv4_u': 0.0, 'pv24_i': None, 'mppt_total_cap': 161617.78, 'pv8_u': 0.0, 'a_i': 0.0, 'pv24_u': None, 'mppt_9_cap': None, 'pv20_u': 0.0, 'a_u': 0.0, 'pv17_u': 0.0, 'pv20_i': 0.0, 'efficiency': 0.0, 'pv17_i': 0.0, 'pv13_i': 0.0, 'pv36_i': None, 'mppt_power': 0.0, 'pv13_u': 0.0, 'pv36_u': None, 'mppt_7_cap': 30833....
2026-05-07 18:31:35,803 - root - INFO - API Response type: <class 'dict'>
2026-05-07 18:31:35,803 - root - INFO - API Response keys: ['failCode', 'success', 'message', 'data']
2026-05-07 18:31:35,804 - root - INFO - API Response data is a list with 152 items
2026-05-07 18:31:35,804 - root - INFO - API Response has failCode: 0, message: historical data information query successful.
2026-05-07 18:31:35,804 - root - INFO - Using alternate response format: data as list
2026-05-07 18:31:35,804 - root - INFO - Received 152 data points from API
2026-05-07 18:31:35,804 - root - INFO - Sample data point structure: ['devDn', 'collectTime', 'dataItems']
2026-05-07 18:31:35,871 - root - INFO - Successfully upserted 152 data points.
2026-05-07 18:31:39,031 - root - INFO - Using single devDn for device/history (API: one device per query)
2026-05-07 18:31:39,033 - root - INFO - Fetching historical data for 1 devices of type inverter
2026-05-07 18:31:39,033 - root - INFO - Making API request to: https://sg5.fusionsolar.huawei.com/rest/openapi/pvms/nbi/v1/device/history
2026-05-07 18:31:39,033 - root - INFO - Request payload: {'devDn': 'NE=62806368', 'devTypeId': 1, 'startTime': 1778000400000, 'endTime': 1778086799000}
2026-05-07 18:31:40,947 - root - INFO - Response status code: 200
2026-05-07 18:31:40,961 - root - INFO - API response from https://sg5.fusionsolar.huawei.com/rest/openapi/pvms/nbi/v1/device/history (truncated): {'failCode': 0, 'success': True, 'message': 'historical data information query successful.', 'data': [{'devDn': 'NE=62806368', 'collectTime': 1778000400000, 'dataItems': {'pv28_i': None, 'pv4_u': 0.0, 'pv24_i': None, 'mppt_total_cap': 161164.14, 'pv8_u': 0.0, 'a_i': 0.0, 'pv24_u': None, 'mppt_9_cap': None, 'pv20_u': 0.0, 'a_u': 0.0, 'pv17_u': 0.0, 'pv20_i': 0.0, 'efficiency': 0.0, 'pv17_i': 0.0, 'pv13_i': 0.0, 'pv36_i': None, 'mppt_power': 0.0, 'pv13_u': 0.0, 'pv36_u': None, 'mppt_7_cap': 30362....
2026-05-07 18:31:40,962 - root - INFO - API Response type: <class 'dict'>
2026-05-07 18:31:40,963 - root - INFO - API Response keys: ['failCode', 'success', 'message', 'data']
2026-05-07 18:31:40,963 - root - INFO - API Response data is a list with 152 items
2026-05-07 18:31:40,963 - root - INFO - API Response has failCode: 0, message: historical data information query successful.
2026-05-07 18:31:40,963 - root - INFO - Using alternate response format: data as list
2026-05-07 18:31:40,963 - root - INFO - Received 152 data points from API
2026-05-07 18:31:40,963 - root - INFO - Sample data point structure: ['devDn', 'collectTime', 'dataItems']
2026-05-07 18:31:41,027 - root - INFO - Successfully upserted 152 data points.
2026-05-07 18:31:44,165 - root - INFO - Using single devDn for device/history (API: one device per query)
2026-05-07 18:31:44,166 - root - INFO - Fetching historical data for 1 devices of type inverter
2026-05-07 18:31:44,166 - root - INFO - Making API request to: https://sg5.fusionsolar.huawei.com/rest/openapi/pvms/nbi/v1/device/history
2026-05-07 18:31:44,166 - root - INFO - Request payload: {'devDn': 'NE=54844504', 'devTypeId': 1, 'startTime': 1778000400000, 'endTime': 1778086799000}
2026-05-07 18:31:45,990 - root - INFO - Response status code: 200
2026-05-07 18:31:46,004 - root - INFO - API response from https://sg5.fusionsolar.huawei.com/rest/openapi/pvms/nbi/v1/device/history (truncated): {'failCode': 0, 'success': True, 'message': 'historical data information query successful.', 'data': [{'devDn': 'NE=54844504', 'collectTime': 1778000400000, 'dataItems': {'pv28_i': None, 'pv4_u': 0.0, 'pv24_i': None, 'mppt_total_cap': 249568.18, 'pv8_u': 0.0, 'a_i': 0.0, 'pv24_u': None, 'mppt_9_cap': 18854.21, 'pv20_u': 0.0, 'a_u': 0.0, 'pv17_u': 0.0, 'pv20_i': 0.0, 'efficiency': 0.0, 'pv17_i': 0.0, 'pv13_i': 0.0, 'pv36_i': None, 'mppt_power': 0.0, 'pv13_u': 0.0, 'pv36_u': None, 'mppt_7_cap': 18...
2026-05-07 18:31:46,006 - root - INFO - API Response type: <class 'dict'>
2026-05-07 18:31:46,006 - root - INFO - API Response keys: ['failCode', 'success', 'message', 'data']
2026-05-07 18:31:46,006 - root - INFO - API Response data is a list with 152 items
2026-05-07 18:31:46,006 - root - INFO - API Response has failCode: 0, message: historical data information query successful.
2026-05-07 18:31:46,007 - root - INFO - Using alternate response format: data as list
2026-05-07 18:31:46,007 - root - INFO - Received 152 data points from API
2026-05-07 18:31:46,007 - root - INFO - Sample data point structure: ['devDn', 'collectTime', 'dataItems']
2026-05-07 18:31:46,072 - root - INFO - Successfully upserted 152 data points.
2026-05-07 18:31:49,577 - root - INFO - Using single devDn for device/history (API: one device per query)
2026-05-07 18:31:49,578 - root - INFO - Fetching historical data for 1 devices of type inverter
2026-05-07 18:31:49,578 - root - INFO - Making API request to: https://sg5.fusionsolar.huawei.com/rest/openapi/pvms/nbi/v1/device/history
2026-05-07 18:31:49,578 - root - INFO - Request payload: {'devDn': 'NE=54435803', 'devTypeId': 1, 'startTime': 1778000400000, 'endTime': 1778086799000}
2026-05-07 18:31:51,422 - root - INFO - Response status code: 200
2026-05-07 18:31:51,436 - root - INFO - API response from https://sg5.fusionsolar.huawei.com/rest/openapi/pvms/nbi/v1/device/history (truncated): {'failCode': 0, 'success': True, 'message': 'historical data information query successful.', 'data': [{'devDn': 'NE=54435803', 'collectTime': 1778000400000, 'dataItems': {'pv28_i': None, 'pv4_u': 0.0, 'pv24_i': None, 'mppt_total_cap': 251515.5, 'pv8_u': 0.0, 'a_i': 0.0, 'pv24_u': None, 'mppt_9_cap': 19966.6, 'pv20_u': 0.0, 'a_u': 0.0, 'pv17_u': 0.0, 'pv20_i': 0.0, 'efficiency': 0.0, 'pv17_i': 0.0, 'pv13_i': 0.0, 'pv36_i': None, 'mppt_power': 0.0, 'pv13_u': 0.0, 'pv36_u': None, 'mppt_7_cap': 2025...
2026-05-07 18:31:51,438 - root - INFO - API Response type: <class 'dict'>
2026-05-07 18:31:51,438 - root - INFO - API Response keys: ['failCode', 'success', 'message', 'data']
2026-05-07 18:31:51,438 - root - INFO - API Response data is a list with 152 items
2026-05-07 18:31:51,438 - root - INFO - API Response has failCode: 0, message: historical data information query successful.
2026-05-07 18:31:51,439 - root - INFO - Using alternate response format: data as list
2026-05-07 18:31:51,439 - root - INFO - Received 152 data points from API
2026-05-07 18:31:51,439 - root - INFO - Sample data point structure: ['devDn', 'collectTime', 'dataItems']
2026-05-07 18:31:51,500 - root - INFO - Successfully upserted 152 data points.
2026-05-07 18:31:54,786 - root - INFO - Using single devDn for device/history (API: one device per query)
2026-05-07 18:31:54,787 - root - INFO - Fetching historical data for 1 devices of type inverter
2026-05-07 18:31:54,787 - root - INFO - Making API request to: https://sg5.fusionsolar.huawei.com/rest/openapi/pvms/nbi/v1/device/history
2026-05-07 18:31:54,788 - root - INFO - Request payload: {'devDn': 'NE=54435804', 'devTypeId': 1, 'startTime': 1778000400000, 'endTime': 1778086799000}
2026-05-07 18:31:56,375 - root - INFO - Response status code: 200
2026-05-07 18:31:56,389 - root - INFO - API response from https://sg5.fusionsolar.huawei.com/rest/openapi/pvms/nbi/v1/device/history (truncated): {'failCode': 0, 'success': True, 'message': 'historical data information query successful.', 'data': [{'devDn': 'NE=54435804', 'collectTime': 1778000400000, 'dataItems': {'pv28_i': None, 'pv4_u': 0.0, 'pv24_i': None, 'mppt_total_cap': 274427.2, 'pv8_u': 0.0, 'a_i': 0.0, 'pv24_u': None, 'mppt_9_cap': 19394.72, 'pv20_u': 0.0, 'a_u': 0.0, 'pv17_u': 0.0, 'pv20_i': 0.0, 'efficiency': 0.0, 'pv17_i': 0.0, 'pv13_i': 0.0, 'pv36_i': None, 'mppt_power': 0.0, 'pv13_u': 0.0, 'pv36_u': None, 'mppt_7_cap': 199...
2026-05-07 18:31:56,391 - root - INFO - API Response type: <class 'dict'>
2026-05-07 18:31:56,391 - root - INFO - API Response keys: ['failCode', 'success', 'message', 'data']
2026-05-07 18:31:56,391 - root - INFO - API Response data is a list with 152 items
2026-05-07 18:31:56,391 - root - INFO - API Response has failCode: 0, message: historical data information query successful.
2026-05-07 18:31:56,392 - root - INFO - Using alternate response format: data as list
2026-05-07 18:31:56,392 - root - INFO - Received 152 data points from API
2026-05-07 18:31:56,392 - root - INFO - Sample data point structure: ['devDn', 'collectTime', 'dataItems']
2026-05-07 18:31:56,458 - root - INFO - Successfully upserted 152 data points.
2026-05-07 18:32:00,230 - root - INFO - Using single devDn for device/history (API: one device per query)
2026-05-07 18:32:00,231 - root - INFO - Fetching historical data for 1 devices of type inverter
2026-05-07 18:32:00,231 - root - INFO - Making API request to: https://sg5.fusionsolar.huawei.com/rest/openapi/pvms/nbi/v1/device/history
2026-05-07 18:32:00,232 - root - INFO - Request payload: {'devDn': 'NE=54435805', 'devTypeId': 1, 'startTime': 1778000400000, 'endTime': 1778086799000}
2026-05-07 18:32:01,942 - root - INFO - Response status code: 200
2026-05-07 18:32:01,956 - root - INFO - API response from https://sg5.fusionsolar.huawei.com/rest/openapi/pvms/nbi/v1/device/history (truncated): {'failCode': 0, 'success': True, 'message': 'historical data information query successful.', 'data': [{'devDn': 'NE=54435805', 'collectTime': 1778000400000, 'dataItems': {'pv28_i': None, 'pv4_u': 0.0, 'pv24_i': None, 'mppt_total_cap': 269845.84, 'pv8_u': 0.0, 'a_i': 0.0, 'pv24_u': None, 'mppt_9_cap': 21101.09, 'pv20_u': 0.0, 'a_u': 0.0, 'pv17_u': 0.0, 'pv20_i': 0.0, 'efficiency': 0.0, 'pv17_i': 0.0, 'pv13_i': 0.0, 'pv36_i': None, 'mppt_power': 0.0, 'pv13_u': 0.0, 'pv36_u': None, 'mppt_7_cap': 19...
2026-05-07 18:32:01,957 - root - INFO - API Response type: <class 'dict'>
2026-05-07 18:32:01,958 - root - INFO - API Response keys: ['failCode', 'success', 'message', 'data']
2026-05-07 18:32:01,958 - root - INFO - API Response data is a list with 152 items
2026-05-07 18:32:01,958 - root - INFO - API Response has failCode: 0, message: historical data information query successful.
2026-05-07 18:32:01,958 - root - INFO - Using alternate response format: data as list
2026-05-07 18:32:01,958 - root - INFO - Received 152 data points from API
2026-05-07 18:32:01,958 - root - INFO - Sample data point structure: ['devDn', 'collectTime', 'dataItems']
2026-05-07 18:32:02,022 - root - INFO - Successfully upserted 152 data points.
2026-05-07 18:32:05,562 - root - INFO - Using single devDn for device/history (API: one device per query)
2026-05-07 18:32:05,563 - root - INFO - Fetching historical data for 1 devices of type inverter
2026-05-07 18:32:05,564 - root - INFO - Making API request to: https://sg5.fusionsolar.huawei.com/rest/openapi/pvms/nbi/v1/device/history
2026-05-07 18:32:05,564 - root - INFO - Request payload: {'devDn': 'NE=54435806', 'devTypeId': 1, 'startTime': 1778000400000, 'endTime': 1778086799000}
2026-05-07 18:32:07,057 - root - INFO - Response status code: 200
2026-05-07 18:32:07,071 - root - INFO - API response from https://sg5.fusionsolar.huawei.com/rest/openapi/pvms/nbi/v1/device/history (truncated): {'failCode': 0, 'success': True, 'message': 'historical data information query successful.', 'data': [{'devDn': 'NE=54435806', 'collectTime': 1778000400000, 'dataItems': {'pv28_i': None, 'pv4_u': 0.0, 'pv24_i': None, 'mppt_total_cap': 261801.75, 'pv8_u': 0.0, 'a_i': 0.0, 'pv24_u': None, 'mppt_9_cap': 19145.68, 'pv20_u': 0.0, 'a_u': 0.0, 'pv17_u': 0.0, 'pv20_i': 0.0, 'efficiency': 0.0, 'pv17_i': 0.0, 'pv13_i': 0.0, 'pv36_i': None, 'mppt_power': 0.0, 'pv13_u': 0.0, 'pv36_u': None, 'mppt_7_cap': 18...
2026-05-07 18:32:07,073 - root - INFO - API Response type: <class 'dict'>
2026-05-07 18:32:07,073 - root - INFO - API Response keys: ['failCode', 'success', 'message', 'data']
2026-05-07 18:32:07,073 - root - INFO - API Response data is a list with 152 items
2026-05-07 18:32:07,073 - root - INFO - API Response has failCode: 0, message: historical data information query successful.
2026-05-07 18:32:07,074 - root - INFO - Using alternate response format: data as list
2026-05-07 18:32:07,074 - root - INFO - Received 152 data points from API
2026-05-07 18:32:07,074 - root - INFO - Sample data point structure: ['devDn', 'collectTime', 'dataItems']
2026-05-07 18:32:07,139 - root - INFO - Successfully upserted 152 data points.
2026-05-07 18:32:10,383 - root - INFO - Using single devDn for device/history (API: one device per query)
2026-05-07 18:32:10,384 - root - INFO - Fetching historical data for 1 devices of type inverter
2026-05-07 18:32:10,384 - root - INFO - Making API request to: https://sg5.fusionsolar.huawei.com/rest/openapi/pvms/nbi/v1/device/history
2026-05-07 18:32:10,384 - root - INFO - Request payload: {'devDn': 'NE=54436522', 'devTypeId': 1, 'startTime': 1778000400000, 'endTime': 1778086799000}
2026-05-07 18:32:12,127 - root - INFO - Response status code: 200
2026-05-07 18:32:12,141 - root - INFO - API response from https://sg5.fusionsolar.huawei.com/rest/openapi/pvms/nbi/v1/device/history (truncated): {'failCode': 0, 'success': True, 'message': 'historical data information query successful.', 'data': [{'devDn': 'NE=54436522', 'collectTime': 1778000400000, 'dataItems': {'pv28_i': None, 'pv4_u': 0.0, 'pv24_i': None, 'mppt_total_cap': 260304.66, 'pv8_u': 0.0, 'a_i': 0.0, 'pv24_u': None, 'mppt_9_cap': 19602.68, 'pv20_u': 0.0, 'a_u': 0.0, 'pv17_u': 0.0, 'pv20_i': 0.0, 'efficiency': 0.0, 'pv17_i': 0.0, 'pv13_i': 0.0, 'pv36_i': None, 'mppt_power': 0.0, 'pv13_u': 0.0, 'pv36_u': None, 'mppt_7_cap': 19...
2026-05-07 18:32:12,143 - root - INFO - API Response type: <class 'dict'>
2026-05-07 18:32:12,143 - root - INFO - API Response keys: ['failCode', 'success', 'message', 'data']
2026-05-07 18:32:12,143 - root - INFO - API Response data is a list with 151 items
2026-05-07 18:32:12,143 - root - INFO - API Response has failCode: 0, message: historical data information query successful.
2026-05-07 18:32:12,143 - root - INFO - Using alternate response format: data as list
2026-05-07 18:32:12,143 - root - INFO - Received 151 data points from API
2026-05-07 18:32:12,144 - root - INFO - Sample data point structure: ['devDn', 'collectTime', 'dataItems']
2026-05-07 18:32:12,207 - root - INFO - Successfully upserted 151 data points.
2026-05-07 18:32:15,448 - root - INFO - Using single devDn for device/history (API: one device per query)
2026-05-07 18:32:15,449 - root - INFO - Fetching historical data for 1 devices of type inverter
2026-05-07 18:32:15,449 - root - INFO - Making API request to: https://sg5.fusionsolar.huawei.com/rest/openapi/pvms/nbi/v1/device/history
2026-05-07 18:32:15,449 - root - INFO - Request payload: {'devDn': 'NE=54436523', 'devTypeId': 1, 'startTime': 1778000400000, 'endTime': 1778086799000}
2026-05-07 18:32:17,161 - root - INFO - Response status code: 200
2026-05-07 18:32:17,174 - root - INFO - API response from https://sg5.fusionsolar.huawei.com/rest/openapi/pvms/nbi/v1/device/history (truncated): {'failCode': 0, 'success': True, 'message': 'historical data information query successful.', 'data': [{'devDn': 'NE=54436523', 'collectTime': 1778000400000, 'dataItems': {'pv28_i': None, 'pv4_u': 0.0, 'pv24_i': None, 'mppt_total_cap': 246858.78, 'pv8_u': 0.0, 'a_i': 0.0, 'pv24_u': None, 'mppt_9_cap': 18687.76, 'pv20_u': 0.0, 'a_u': 0.0, 'pv17_u': 0.0, 'pv20_i': 0.0, 'efficiency': 0.0, 'pv17_i': 0.0, 'pv13_i': 0.0, 'pv36_i': None, 'mppt_power': 0.0, 'pv13_u': 0.0, 'pv36_u': None, 'mppt_7_cap': 18...
2026-05-07 18:32:17,176 - root - INFO - API Response type: <class 'dict'>
2026-05-07 18:32:17,176 - root - INFO - API Response keys: ['failCode', 'success', 'message', 'data']
2026-05-07 18:32:17,176 - root - INFO - API Response data is a list with 152 items
2026-05-07 18:32:17,176 - root - INFO - API Response has failCode: 0, message: historical data information query successful.
2026-05-07 18:32:17,177 - root - INFO - Using alternate response format: data as list
2026-05-07 18:32:17,177 - root - INFO - Received 152 data points from API
2026-05-07 18:32:17,177 - root - INFO - Sample data point structure: ['devDn', 'collectTime', 'dataItems']
2026-05-07 18:32:17,241 - root - INFO - Successfully upserted 152 data points.
2026-05-07 18:32:20,491 - root - INFO - Using single devDn for device/history (API: one device per query)
2026-05-07 18:32:20,493 - root - INFO - Fetching historical data for 1 devices of type inverter
2026-05-07 18:32:20,493 - root - INFO - Making API request to: https://sg5.fusionsolar.huawei.com/rest/openapi/pvms/nbi/v1/device/history
2026-05-07 18:32:20,493 - root - INFO - Request payload: {'devDn': 'NE=54436524', 'devTypeId': 1, 'startTime': 1778000400000, 'endTime': 1778086799000}
2026-05-07 18:32:22,053 - root - INFO - Response status code: 200
2026-05-07 18:32:22,067 - root - INFO - API response from https://sg5.fusionsolar.huawei.com/rest/openapi/pvms/nbi/v1/device/history (truncated): {'failCode': 0, 'success': True, 'message': 'historical data information query successful.', 'data': [{'devDn': 'NE=54436524', 'collectTime': 1778000400000, 'dataItems': {'pv28_i': None, 'pv4_u': 0.0, 'pv24_i': None, 'mppt_total_cap': 272788.12, 'pv8_u': 0.0, 'a_i': 0.0, 'pv24_u': None, 'mppt_9_cap': 19797.51, 'pv20_u': 0.0, 'a_u': 0.0, 'pv17_u': 0.0, 'pv20_i': 0.0, 'efficiency': 0.0, 'pv17_i': 0.0, 'pv13_i': 0.0, 'pv36_i': None, 'mppt_power': 0.0, 'pv13_u': 0.0, 'pv36_u': None, 'mppt_7_cap': 20...
2026-05-07 18:32:22,069 - root - INFO - API Response type: <class 'dict'>
2026-05-07 18:32:22,069 - root - INFO - API Response keys: ['failCode', 'success', 'message', 'data']
2026-05-07 18:32:22,069 - root - INFO - API Response data is a list with 152 items
2026-05-07 18:32:22,069 - root - INFO - API Response has failCode: 0, message: historical data information query successful.
2026-05-07 18:32:22,070 - root - INFO - Using alternate response format: data as list
2026-05-07 18:32:22,070 - root - INFO - Received 152 data points from API
2026-05-07 18:32:22,070 - root - INFO - Sample data point structure: ['devDn', 'collectTime', 'dataItems']
2026-05-07 18:32:22,135 - root - INFO - Successfully upserted 152 data points.
2026-05-07 18:32:25,383 - root - INFO - Using single devDn for device/history (API: one device per query)
2026-05-07 18:32:25,384 - root - INFO - Fetching historical data for 1 devices of type inverter
2026-05-07 18:32:25,384 - root - INFO - Making API request to: https://sg5.fusionsolar.huawei.com/rest/openapi/pvms/nbi/v1/device/history
2026-05-07 18:32:25,384 - root - INFO - Request payload: {'devDn': 'NE=54436525', 'devTypeId': 1, 'startTime': 1778000400000, 'endTime': 1778086799000}
2026-05-07 18:32:27,116 - root - INFO - Response status code: 200
2026-05-07 18:32:27,129 - root - INFO - API response from https://sg5.fusionsolar.huawei.com/rest/openapi/pvms/nbi/v1/device/history (truncated): {'failCode': 0, 'success': True, 'message': 'historical data information query successful.', 'data': [{'devDn': 'NE=54436525', 'collectTime': 1778000400000, 'dataItems': {'pv28_i': None, 'pv4_u': 0.0, 'pv24_i': None, 'mppt_total_cap': 248725.26, 'pv8_u': 0.0, 'a_i': 0.0, 'pv24_u': None, 'mppt_9_cap': 18253.64, 'pv20_u': 0.0, 'a_u': 0.0, 'pv17_u': 0.0, 'pv20_i': 0.0, 'efficiency': 0.0, 'pv17_i': 0.0, 'pv13_i': 0.0, 'pv36_i': None, 'mppt_power': 0.0, 'pv13_u': 0.0, 'pv36_u': None, 'mppt_7_cap': 19...
2026-05-07 18:32:27,131 - root - INFO - API Response type: <class 'dict'>
2026-05-07 18:32:27,131 - root - INFO - API Response keys: ['failCode', 'success', 'message', 'data']
2026-05-07 18:32:27,131 - root - INFO - API Response data is a list with 152 items
2026-05-07 18:32:27,132 - root - INFO - API Response has failCode: 0, message: historical data information query successful.
2026-05-07 18:32:27,132 - root - INFO - Using alternate response format: data as list
2026-05-07 18:32:27,132 - root - INFO - Received 152 data points from API
2026-05-07 18:32:27,132 - root - INFO - Sample data point structure: ['devDn', 'collectTime', 'dataItems']
2026-05-07 18:32:27,197 - root - INFO - Successfully upserted 152 data points.
2026-05-07 18:32:30,440 - root - INFO - Using single devDn for device/history (API: one device per query)
2026-05-07 18:32:30,441 - root - INFO - Fetching historical data for 1 devices of type inverter
2026-05-07 18:32:30,441 - root - INFO - Making API request to: https://sg5.fusionsolar.huawei.com/rest/openapi/pvms/nbi/v1/device/history
2026-05-07 18:32:30,441 - root - INFO - Request payload: {'devDn': 'NE=54436526', 'devTypeId': 1, 'startTime': 1778000400000, 'endTime': 1778086799000}
2026-05-07 18:32:32,165 - root - INFO - Response status code: 200
2026-05-07 18:32:32,178 - root - INFO - API response from https://sg5.fusionsolar.huawei.com/rest/openapi/pvms/nbi/v1/device/history (truncated): {'failCode': 0, 'success': True, 'message': 'historical data information query successful.', 'data': [{'devDn': 'NE=54436526', 'collectTime': 1778000400000, 'dataItems': {'pv28_i': None, 'pv4_u': 0.0, 'pv24_i': None, 'mppt_total_cap': 267150.67, 'pv8_u': 0.0, 'a_i': 0.0, 'pv24_u': None, 'mppt_9_cap': 19320.09, 'pv20_u': 0.0, 'a_u': 0.0, 'pv17_u': 0.0, 'pv20_i': 0.0, 'efficiency': 0.0, 'pv17_i': 0.0, 'pv13_i': 0.0, 'pv36_i': None, 'mppt_power': 0.0, 'pv13_u': 0.0, 'pv36_u': None, 'mppt_7_cap': 19...
2026-05-07 18:32:32,180 - root - INFO - API Response type: <class 'dict'>
2026-05-07 18:32:32,180 - root - INFO - API Response keys: ['failCode', 'success', 'message', 'data']
2026-05-07 18:32:32,181 - root - INFO - API Response data is a list with 152 items
2026-05-07 18:32:32,181 - root - INFO - API Response has failCode: 0, message: historical data information query successful.
2026-05-07 18:32:32,181 - root - INFO - Using alternate response format: data as list
2026-05-07 18:32:32,181 - root - INFO - Received 152 data points from API
2026-05-07 18:32:32,181 - root - INFO - Sample data point structure: ['devDn', 'collectTime', 'dataItems']
2026-05-07 18:32:32,247 - root - INFO - Successfully upserted 152 data points.
2026-05-07 18:32:35,433 - root - INFO - Using single devDn for device/history (API: one device per query)
2026-05-07 18:32:35,434 - root - INFO - Fetching historical data for 1 devices of type inverter
2026-05-07 18:32:35,434 - root - INFO - Making API request to: https://sg5.fusionsolar.huawei.com/rest/openapi/pvms/nbi/v1/device/history
2026-05-07 18:32:35,434 - root - INFO - Request payload: {'devDn': 'NE=54436518', 'devTypeId': 1, 'startTime': 1778000400000, 'endTime': 1778086799000}
2026-05-07 18:32:37,234 - root - INFO - Response status code: 200
2026-05-07 18:32:37,248 - root - INFO - API response from https://sg5.fusionsolar.huawei.com/rest/openapi/pvms/nbi/v1/device/history (truncated): {'failCode': 0, 'success': True, 'message': 'historical data information query successful.', 'data': [{'devDn': 'NE=54436518', 'collectTime': 1778000400000, 'dataItems': {'pv28_i': None, 'pv4_u': 0.0, 'pv24_i': None, 'mppt_total_cap': 269655.46, 'pv8_u': 0.0, 'a_i': 0.0, 'pv24_u': None, 'mppt_9_cap': 20013.52, 'pv20_u': 0.0, 'a_u': 0.0, 'pv17_u': 0.0, 'pv20_i': 0.0, 'efficiency': 0.0, 'pv17_i': 0.0, 'pv13_i': 0.0, 'pv36_i': None, 'mppt_power': 0.0, 'pv13_u': 0.0, 'pv36_u': None, 'mppt_7_cap': 19...
2026-05-07 18:32:37,250 - root - INFO - API Response type: <class 'dict'>
2026-05-07 18:32:37,250 - root - INFO - API Response keys: ['failCode', 'success', 'message', 'data']
2026-05-07 18:32:37,250 - root - INFO - API Response data is a list with 152 items
2026-05-07 18:32:37,250 - root - INFO - API Response has failCode: 0, message: historical data information query successful.
2026-05-07 18:32:37,251 - root - INFO - Using alternate response format: data as list
2026-05-07 18:32:37,251 - root - INFO - Received 152 data points from API
2026-05-07 18:32:37,251 - root - INFO - Sample data point structure: ['devDn', 'collectTime', 'dataItems']
2026-05-07 18:32:37,318 - root - INFO - Successfully upserted 152 data points.
2026-05-07 18:32:40,531 - root - INFO - Using single devDn for device/history (API: one device per query)
2026-05-07 18:32:40,532 - root - INFO - Fetching historical data for 1 devices of type inverter
2026-05-07 18:32:40,533 - root - INFO - Making API request to: https://sg5.fusionsolar.huawei.com/rest/openapi/pvms/nbi/v1/device/history
2026-05-07 18:32:40,533 - root - INFO - Request payload: {'devDn': 'NE=54436519', 'devTypeId': 1, 'startTime': 1778000400000, 'endTime': 1778086799000}
2026-05-07 18:32:42,458 - root - INFO - Response status code: 200
2026-05-07 18:32:42,471 - root - INFO - API response from https://sg5.fusionsolar.huawei.com/rest/openapi/pvms/nbi/v1/device/history (truncated): {'failCode': 0, 'success': True, 'message': 'historical data information query successful.', 'data': [{'devDn': 'NE=54436519', 'collectTime': 1778000400000, 'dataItems': {'pv28_i': None, 'pv4_u': 0.0, 'pv24_i': None, 'mppt_total_cap': 267175.57, 'pv8_u': 0.0, 'a_i': 0.0, 'pv24_u': None, 'mppt_9_cap': 19035.33, 'pv20_u': 0.0, 'a_u': 0.0, 'pv17_u': 0.0, 'pv20_i': 0.0, 'efficiency': 0.0, 'pv17_i': 0.0, 'pv13_i': 0.0, 'pv36_i': None, 'mppt_power': 0.0, 'pv13_u': 0.0, 'pv36_u': None, 'mppt_7_cap': 18...
2026-05-07 18:32:42,473 - root - INFO - API Response type: <class 'dict'>
2026-05-07 18:32:42,473 - root - INFO - API Response keys: ['failCode', 'success', 'message', 'data']
2026-05-07 18:32:42,474 - root - INFO - API Response data is a list with 151 items
2026-05-07 18:32:42,474 - root - INFO - API Response has failCode: 0, message: historical data information query successful.
2026-05-07 18:32:42,474 - root - INFO - Using alternate response format: data as list
2026-05-07 18:32:42,474 - root - INFO - Received 151 data points from API
2026-05-07 18:32:42,474 - root - INFO - Sample data point structure: ['devDn', 'collectTime', 'dataItems']
2026-05-07 18:32:42,538 - root - INFO - Successfully upserted 151 data points.
2026-05-07 18:32:45,763 - root - INFO - Using single devDn for device/history (API: one device per query)
2026-05-07 18:32:45,764 - root - INFO - Fetching historical data for 1 devices of type inverter
2026-05-07 18:32:45,764 - root - INFO - Making API request to: https://sg5.fusionsolar.huawei.com/rest/openapi/pvms/nbi/v1/device/history
2026-05-07 18:32:45,765 - root - INFO - Request payload: {'devDn': 'NE=54436520', 'devTypeId': 1, 'startTime': 1778000400000, 'endTime': 1778086799000}
2026-05-07 18:32:47,537 - root - INFO - Response status code: 200
2026-05-07 18:32:47,551 - root - INFO - API response from https://sg5.fusionsolar.huawei.com/rest/openapi/pvms/nbi/v1/device/history (truncated): {'failCode': 0, 'success': True, 'message': 'historical data information query successful.', 'data': [{'devDn': 'NE=54436520', 'collectTime': 1778000400000, 'dataItems': {'pv28_i': None, 'pv4_u': 0.0, 'pv24_i': None, 'mppt_total_cap': 249565.81, 'pv8_u': 0.0, 'a_i': 0.0, 'pv24_u': None, 'mppt_9_cap': 18897.82, 'pv20_u': 0.0, 'a_u': 0.0, 'pv17_u': 0.0, 'pv20_i': 0.0, 'efficiency': 0.0, 'pv17_i': 0.0, 'pv13_i': 0.0, 'pv36_i': None, 'mppt_power': 0.0, 'pv13_u': 0.0, 'pv36_u': None, 'mppt_7_cap': 18...
2026-05-07 18:32:47,553 - root - INFO - API Response type: <class 'dict'>
2026-05-07 18:32:47,553 - root - INFO - API Response keys: ['failCode', 'success', 'message', 'data']
2026-05-07 18:32:47,553 - root - INFO - API Response data is a list with 151 items
2026-05-07 18:32:47,553 - root - INFO - API Response has failCode: 0, message: historical data information query successful.
2026-05-07 18:32:47,554 - root - INFO - Using alternate response format: data as list
2026-05-07 18:32:47,554 - root - INFO - Received 151 data points from API
2026-05-07 18:32:47,554 - root - INFO - Sample data point structure: ['devDn', 'collectTime', 'dataItems']
2026-05-07 18:32:47,617 - root - INFO - Successfully upserted 151 data points.
2026-05-07 18:32:50,866 - root - INFO - Using single devDn for device/history (API: one device per query)
2026-05-07 18:32:50,867 - root - INFO - Fetching historical data for 1 devices of type inverter
2026-05-07 18:32:50,867 - root - INFO - Making API request to: https://sg5.fusionsolar.huawei.com/rest/openapi/pvms/nbi/v1/device/history
2026-05-07 18:32:50,867 - root - INFO - Request payload: {'devDn': 'NE=54993788', 'devTypeId': 1, 'startTime': 1778000400000, 'endTime': 1778086799000}
2026-05-07 18:32:52,809 - root - INFO - Response status code: 200
2026-05-07 18:32:52,823 - root - INFO - API response from https://sg5.fusionsolar.huawei.com/rest/openapi/pvms/nbi/v1/device/history (truncated): {'failCode': 0, 'success': True, 'message': 'historical data information query successful.', 'data': [{'devDn': 'NE=54993788', 'collectTime': 1778000400000, 'dataItems': {'pv28_i': None, 'pv4_u': 0.0, 'pv24_i': None, 'mppt_total_cap': 247722.3, 'pv8_u': 0.0, 'a_i': 0.0, 'pv24_u': None, 'mppt_9_cap': 18079.16, 'pv20_u': 0.0, 'a_u': 0.0, 'pv17_u': 0.0, 'pv20_i': 0.0, 'efficiency': 0.0, 'pv17_i': 0.0, 'pv13_i': 0.0, 'pv36_i': None, 'mppt_power': 0.0, 'pv13_u': 0.0, 'pv36_u': None, 'mppt_7_cap': 169...
2026-05-07 18:32:52,825 - root - INFO - API Response type: <class 'dict'>
2026-05-07 18:32:52,825 - root - INFO - API Response keys: ['failCode', 'success', 'message', 'data']
2026-05-07 18:32:52,825 - root - INFO - API Response data is a list with 152 items
2026-05-07 18:32:52,825 - root - INFO - API Response has failCode: 0, message: historical data information query successful.
2026-05-07 18:32:52,826 - root - INFO - Using alternate response format: data as list
2026-05-07 18:32:52,826 - root - INFO - Received 152 data points from API
2026-05-07 18:32:52,826 - root - INFO - Sample data point structure: ['devDn', 'collectTime', 'dataItems']
2026-05-07 18:32:52,894 - root - INFO - Successfully upserted 152 data points.
2026-05-07 18:32:56,111 - root - INFO - Using single devDn for device/history (API: one device per query)
2026-05-07 18:32:56,112 - root - INFO - Fetching historical data for 1 devices of type inverter
2026-05-07 18:32:56,112 - root - INFO - Making API request to: https://sg5.fusionsolar.huawei.com/rest/openapi/pvms/nbi/v1/device/history
2026-05-07 18:32:56,113 - root - INFO - Request payload: {'devDn': 'NE=53771651', 'devTypeId': 1, 'startTime': 1778000400000, 'endTime': 1778086799000}
2026-05-07 18:32:57,961 - root - INFO - Response status code: 200
2026-05-07 18:32:57,976 - root - INFO - API response from https://sg5.fusionsolar.huawei.com/rest/openapi/pvms/nbi/v1/device/history (truncated): {'failCode': 0, 'success': True, 'message': 'historical data information query successful.', 'data': [{'devDn': 'NE=53771651', 'collectTime': 1778017800000, 'dataItems': {'pv28_i': None, 'pv4_u': 0.0, 'pv24_i': None, 'mppt_total_cap': 224244.47, 'pv8_u': 0.0, 'a_i': 0.0, 'pv24_u': None, 'mppt_9_cap': 21218.26, 'pv20_u': 0.0, 'a_u': 0.0, 'pv17_u': 0.0, 'pv20_i': 0.0, 'efficiency': 0.0, 'pv17_i': 0.0, 'pv13_i': 0.0, 'pv36_i': None, 'mppt_power': 0.0, 'pv13_u': 0.0, 'pv36_u': None, 'mppt_7_cap': 20...
2026-05-07 18:32:57,978 - root - INFO - API Response type: <class 'dict'>
2026-05-07 18:32:57,978 - root - INFO - API Response keys: ['failCode', 'success', 'message', 'data']
2026-05-07 18:32:57,978 - root - INFO - API Response data is a list with 151 items
2026-05-07 18:32:57,978 - root - INFO - API Response has failCode: 0, message: historical data information query successful.
2026-05-07 18:32:57,979 - root - INFO - Using alternate response format: data as list
2026-05-07 18:32:57,980 - root - INFO - Received 151 data points from API
2026-05-07 18:32:57,980 - root - INFO - Sample data point structure: ['devDn', 'collectTime', 'dataItems']
2026-05-07 18:32:58,047 - root - INFO - Successfully upserted 151 data points.
2026-05-07 18:33:01,520 - root - INFO - Using single devDn for device/history (API: one device per query)
2026-05-07 18:33:01,522 - root - INFO - Fetching historical data for 1 devices of type inverter
2026-05-07 18:33:01,522 - root - INFO - Making API request to: https://sg5.fusionsolar.huawei.com/rest/openapi/pvms/nbi/v1/device/history
2026-05-07 18:33:01,522 - root - INFO - Request payload: {'devDn': 'NE=53771650', 'devTypeId': 1, 'startTime': 1778000400000, 'endTime': 1778086799000}
2026-05-07 18:33:03,136 - root - INFO - Response status code: 200
2026-05-07 18:33:03,150 - root - INFO - API response from https://sg5.fusionsolar.huawei.com/rest/openapi/pvms/nbi/v1/device/history (truncated): {'failCode': 0, 'success': True, 'message': 'historical data information query successful.', 'data': [{'devDn': 'NE=53771650', 'collectTime': 1778017800000, 'dataItems': {'pv28_i': None, 'pv4_u': 0.0, 'pv24_i': None, 'mppt_total_cap': 239423.0, 'pv8_u': 0.0, 'a_i': 0.0, 'pv24_u': None, 'mppt_9_cap': 15327.28, 'pv20_u': 0.0, 'a_u': 0.0, 'pv17_u': 0.0, 'pv20_i': 0.0, 'efficiency': 0.0, 'pv17_i': 0.0, 'pv13_i': 0.0, 'pv36_i': None, 'mppt_power': 0.0, 'pv13_u': 0.0, 'pv36_u': None, 'mppt_7_cap': 184...
2026-05-07 18:33:03,152 - root - INFO - API Response type: <class 'dict'>
2026-05-07 18:33:03,152 - root - INFO - API Response keys: ['failCode', 'success', 'message', 'data']
2026-05-07 18:33:03,153 - root - INFO - API Response data is a list with 152 items
2026-05-07 18:33:03,153 - root - INFO - API Response has failCode: 0, message: historical data information query successful.
2026-05-07 18:33:03,153 - root - INFO - Using alternate response format: data as list
2026-05-07 18:33:03,153 - root - INFO - Received 152 data points from API
2026-05-07 18:33:03,153 - root - INFO - Sample data point structure: ['devDn', 'collectTime', 'dataItems']
2026-05-07 18:33:03,219 - root - INFO - Successfully upserted 152 data points.
2026-05-07 18:33:06,593 - root - INFO - Using single devDn for device/history (API: one device per query)
2026-05-07 18:33:06,594 - root - INFO - Fetching historical data for 1 devices of type inverter
2026-05-07 18:33:06,594 - root - INFO - Making API request to: https://sg5.fusionsolar.huawei.com/rest/openapi/pvms/nbi/v1/device/history
2026-05-07 18:33:06,594 - root - INFO - Request payload: {'devDn': 'NE=53771649', 'devTypeId': 1, 'startTime': 1778000400000, 'endTime': 1778086799000}
2026-05-07 18:33:08,388 - root - INFO - Response status code: 200
2026-05-07 18:33:08,402 - root - INFO - API response from https://sg5.fusionsolar.huawei.com/rest/openapi/pvms/nbi/v1/device/history (truncated): {'failCode': 0, 'success': True, 'message': 'historical data information query successful.', 'data': [{'devDn': 'NE=53771649', 'collectTime': 1778017800000, 'dataItems': {'pv28_i': None, 'pv4_u': 0.0, 'pv24_i': None, 'mppt_total_cap': 232932.04, 'pv8_u': 0.0, 'a_i': 0.0, 'pv24_u': None, 'mppt_9_cap': 21873.98, 'pv20_u': 0.0, 'a_u': 0.0, 'pv17_u': 0.0, 'pv20_i': 0.0, 'efficiency': 0.0, 'pv17_i': 0.0, 'pv13_i': 0.0, 'pv36_i': None, 'mppt_power': 0.0, 'pv13_u': 0.0, 'pv36_u': None, 'mppt_7_cap': 22...
2026-05-07 18:33:08,404 - root - INFO - API Response type: <class 'dict'>
2026-05-07 18:33:08,404 - root - INFO - API Response keys: ['failCode', 'success', 'message', 'data']
2026-05-07 18:33:08,404 - root - INFO - API Response data is a list with 152 items
2026-05-07 18:33:08,404 - root - INFO - API Response has failCode: 0, message: historical data information query successful.
2026-05-07 18:33:08,405 - root - INFO - Using alternate response format: data as list
2026-05-07 18:33:08,405 - root - INFO - Received 152 data points from API
2026-05-07 18:33:08,405 - root - INFO - Sample data point structure: ['devDn', 'collectTime', 'dataItems']
2026-05-07 18:33:08,470 - root - INFO - Successfully upserted 152 data points.
2026-05-07 18:33:11,656 - root - INFO - Using single devDn for device/history (API: one device per query)
2026-05-07 18:33:11,657 - root - INFO - Fetching historical data for 1 devices of type inverter
2026-05-07 18:33:11,657 - root - INFO - Making API request to: https://sg5.fusionsolar.huawei.com/rest/openapi/pvms/nbi/v1/device/history
2026-05-07 18:33:11,658 - root - INFO - Request payload: {'devDn': 'NE=53771644', 'devTypeId': 1, 'startTime': 1778000400000, 'endTime': 1778086799000}
2026-05-07 18:33:13,254 - root - INFO - Response status code: 200
2026-05-07 18:33:13,268 - root - INFO - API response from https://sg5.fusionsolar.huawei.com/rest/openapi/pvms/nbi/v1/device/history (truncated): {'failCode': 0, 'success': True, 'message': 'historical data information query successful.', 'data': [{'devDn': 'NE=53771644', 'collectTime': 1778018100000, 'dataItems': {'pv28_i': None, 'pv4_u': 0.0, 'pv24_i': None, 'mppt_total_cap': 230423.18, 'pv8_u': 0.0, 'a_i': 0.0, 'pv24_u': None, 'mppt_9_cap': 19638.66, 'pv20_u': 0.0, 'a_u': 0.0, 'pv17_u': 0.0, 'pv20_i': 0.0, 'efficiency': 0.0, 'pv17_i': 0.0, 'pv13_i': 0.0, 'pv36_i': None, 'mppt_power': 0.0, 'pv13_u': 0.0, 'pv36_u': None, 'mppt_7_cap': 20...
2026-05-07 18:33:13,270 - root - INFO - API Response type: <class 'dict'>
2026-05-07 18:33:13,270 - root - INFO - API Response keys: ['failCode', 'success', 'message', 'data']
2026-05-07 18:33:13,270 - root - INFO - API Response data is a list with 151 items
2026-05-07 18:33:13,270 - root - INFO - API Response has failCode: 0, message: historical data information query successful.
2026-05-07 18:33:13,271 - root - INFO - Using alternate response format: data as list
2026-05-07 18:33:13,271 - root - INFO - Received 151 data points from API
2026-05-07 18:33:13,271 - root - INFO - Sample data point structure: ['devDn', 'collectTime', 'dataItems']
2026-05-07 18:33:13,336 - root - INFO - Successfully upserted 151 data points.
2026-05-07 18:33:16,667 - root - INFO - Using single devDn for device/history (API: one device per query)
2026-05-07 18:33:16,668 - root - INFO - Fetching historical data for 1 devices of type inverter
2026-05-07 18:33:16,668 - root - INFO - Making API request to: https://sg5.fusionsolar.huawei.com/rest/openapi/pvms/nbi/v1/device/history
2026-05-07 18:33:16,668 - root - INFO - Request payload: {'devDn': 'NE=53771643', 'devTypeId': 1, 'startTime': 1778000400000, 'endTime': 1778086799000}
2026-05-07 18:33:18,350 - root - INFO - Response status code: 200
2026-05-07 18:33:18,363 - root - INFO - API response from https://sg5.fusionsolar.huawei.com/rest/openapi/pvms/nbi/v1/device/history (truncated): {'failCode': 0, 'success': True, 'message': 'historical data information query successful.', 'data': [{'devDn': 'NE=53771643', 'collectTime': 1778017800000, 'dataItems': {'pv28_i': None, 'pv4_u': 0.0, 'pv24_i': None, 'mppt_total_cap': 243539.33, 'pv8_u': 0.0, 'a_i': 0.0, 'pv24_u': None, 'mppt_9_cap': 18663.28, 'pv20_u': 0.0, 'a_u': 0.0, 'pv17_u': 0.0, 'pv20_i': 0.0, 'efficiency': 0.0, 'pv17_i': 0.0, 'pv13_i': 0.0, 'pv36_i': None, 'mppt_power': 0.0, 'pv13_u': 0.0, 'pv36_u': None, 'mppt_7_cap': 18...
2026-05-07 18:33:18,365 - root - INFO - API Response type: <class 'dict'>
2026-05-07 18:33:18,365 - root - INFO - API Response keys: ['failCode', 'success', 'message', 'data']
2026-05-07 18:33:18,365 - root - INFO - API Response data is a list with 152 items
2026-05-07 18:33:18,365 - root - INFO - API Response has failCode: 0, message: historical data information query successful.
2026-05-07 18:33:18,365 - root - INFO - Using alternate response format: data as list
2026-05-07 18:33:18,366 - root - INFO - Received 152 data points from API
2026-05-07 18:33:18,366 - root - INFO - Sample data point structure: ['devDn', 'collectTime', 'dataItems']
2026-05-07 18:33:18,430 - root - INFO - Successfully upserted 152 data points.
2026-05-07 18:33:21,699 - root - INFO - Using single devDn for device/history (API: one device per query)
2026-05-07 18:33:21,700 - root - INFO - Fetching historical data for 1 devices of type inverter
2026-05-07 18:33:21,700 - root - INFO - Making API request to: https://sg5.fusionsolar.huawei.com/rest/openapi/pvms/nbi/v1/device/history
2026-05-07 18:33:21,700 - root - INFO - Request payload: {'devDn': 'NE=53771642', 'devTypeId': 1, 'startTime': 1778000400000, 'endTime': 1778086799000}
2026-05-07 18:33:23,156 - root - INFO - Response status code: 200
2026-05-07 18:33:23,170 - root - INFO - API response from https://sg5.fusionsolar.huawei.com/rest/openapi/pvms/nbi/v1/device/history (truncated): {'failCode': 0, 'success': True, 'message': 'historical data information query successful.', 'data': [{'devDn': 'NE=53771642', 'collectTime': 1778017800000, 'dataItems': {'pv28_i': None, 'pv4_u': 0.0, 'pv24_i': None, 'mppt_total_cap': 244857.72, 'pv8_u': 0.0, 'a_i': 0.0, 'pv24_u': None, 'mppt_9_cap': 22401.42, 'pv20_u': 0.0, 'a_u': 0.0, 'pv17_u': 0.0, 'pv20_i': 0.0, 'efficiency': 0.0, 'pv17_i': 0.0, 'pv13_i': 0.0, 'pv36_i': None, 'mppt_power': 0.0, 'pv13_u': 0.0, 'pv36_u': None, 'mppt_7_cap': 22...
2026-05-07 18:33:23,172 - root - INFO - API Response type: <class 'dict'>
2026-05-07 18:33:23,172 - root - INFO - API Response keys: ['failCode', 'success', 'message', 'data']
2026-05-07 18:33:23,172 - root - INFO - API Response data is a list with 152 items
2026-05-07 18:33:23,172 - root - INFO - API Response has failCode: 0, message: historical data information query successful.
2026-05-07 18:33:23,173 - root - INFO - Using alternate response format: data as list
2026-05-07 18:33:23,173 - root - INFO - Received 152 data points from API
2026-05-07 18:33:23,173 - root - INFO - Sample data point structure: ['devDn', 'collectTime', 'dataItems']
2026-05-07 18:33:23,239 - root - INFO - Successfully upserted 152 data points.
2026-05-07 18:33:26,437 - root - INFO - Using single devDn for device/history (API: one device per query)
2026-05-07 18:33:26,439 - root - INFO - Fetching historical data for 1 devices of type inverter
2026-05-07 18:33:26,439 - root - INFO - Making API request to: https://sg5.fusionsolar.huawei.com/rest/openapi/pvms/nbi/v1/device/history
2026-05-07 18:33:26,439 - root - INFO - Request payload: {'devDn': 'NE=53771648', 'devTypeId': 1, 'startTime': 1778000400000, 'endTime': 1778086799000}
2026-05-07 18:33:28,044 - root - INFO - Response status code: 200
2026-05-07 18:33:28,058 - root - INFO - API response from https://sg5.fusionsolar.huawei.com/rest/openapi/pvms/nbi/v1/device/history (truncated): {'failCode': 0, 'success': True, 'message': 'historical data information query successful.', 'data': [{'devDn': 'NE=53771648', 'collectTime': 1778017800000, 'dataItems': {'pv28_i': None, 'pv4_u': 0.0, 'pv24_i': None, 'mppt_total_cap': 244748.81, 'pv8_u': 0.0, 'a_i': 0.0, 'pv24_u': None, 'mppt_9_cap': 20822.42, 'pv20_u': 0.0, 'a_u': 0.0, 'pv17_u': 0.0, 'pv20_i': 0.0, 'efficiency': 0.0, 'pv17_i': 0.0, 'pv13_i': 0.0, 'pv36_i': None, 'mppt_power': 0.0, 'pv13_u': 0.0, 'pv36_u': None, 'mppt_7_cap': 20...
2026-05-07 18:33:28,060 - root - INFO - API Response type: <class 'dict'>
2026-05-07 18:33:28,060 - root - INFO - API Response keys: ['failCode', 'success', 'message', 'data']
2026-05-07 18:33:28,060 - root - INFO - API Response data is a list with 152 items
2026-05-07 18:33:28,060 - root - INFO - API Response has failCode: 0, message: historical data information query successful.
2026-05-07 18:33:28,060 - root - INFO - Using alternate response format: data as list
2026-05-07 18:33:28,060 - root - INFO - Received 152 data points from API
2026-05-07 18:33:28,061 - root - INFO - Sample data point structure: ['devDn', 'collectTime', 'dataItems']
2026-05-07 18:33:28,124 - root - INFO - Successfully upserted 152 data points.
2026-05-07 18:33:31,318 - root - INFO - Using single devDn for device/history (API: one device per query)
2026-05-07 18:33:31,320 - root - INFO - Fetching historical data for 1 devices of type inverter
2026-05-07 18:33:31,320 - root - INFO - Making API request to: https://sg5.fusionsolar.huawei.com/rest/openapi/pvms/nbi/v1/device/history
2026-05-07 18:33:31,320 - root - INFO - Request payload: {'devDn': 'NE=53771647', 'devTypeId': 1, 'startTime': 1778000400000, 'endTime': 1778086799000}
2026-05-07 18:33:33,119 - root - INFO - Response status code: 200
2026-05-07 18:33:33,132 - root - INFO - API response from https://sg5.fusionsolar.huawei.com/rest/openapi/pvms/nbi/v1/device/history (truncated): {'failCode': 0, 'success': True, 'message': 'historical data information query successful.', 'data': [{'devDn': 'NE=53771647', 'collectTime': 1778018100000, 'dataItems': {'pv28_i': None, 'pv4_u': 731.2, 'pv24_i': None, 'mppt_total_cap': 253465.57, 'pv8_u': 731.2, 'a_i': 0.0, 'pv24_u': None, 'mppt_9_cap': 22840.13, 'pv20_u': 731.3, 'a_u': 238.4, 'pv17_u': 731.1, 'pv20_i': 0.0, 'efficiency': 0.0, 'pv17_i': 0.0, 'pv13_i': 0.0, 'pv36_i': None, 'mppt_power': 0.0, 'pv13_u': 731.2, 'pv36_u': None, 'mpp...
2026-05-07 18:33:33,134 - root - INFO - API Response type: <class 'dict'>
2026-05-07 18:33:33,134 - root - INFO - API Response keys: ['failCode', 'success', 'message', 'data']
2026-05-07 18:33:33,134 - root - INFO - API Response data is a list with 151 items
2026-05-07 18:33:33,134 - root - INFO - API Response has failCode: 0, message: historical data information query successful.
2026-05-07 18:33:33,135 - root - INFO - Using alternate response format: data as list
2026-05-07 18:33:33,135 - root - INFO - Received 151 data points from API
2026-05-07 18:33:33,135 - root - INFO - Sample data point structure: ['devDn', 'collectTime', 'dataItems']
2026-05-07 18:33:33,201 - root - INFO - Successfully upserted 151 data points.
2026-05-07 18:33:36,371 - root - INFO - Using single devDn for device/history (API: one device per query)
2026-05-07 18:33:36,372 - root - INFO - Fetching historical data for 1 devices of type inverter
2026-05-07 18:33:36,372 - root - INFO - Making API request to: https://sg5.fusionsolar.huawei.com/rest/openapi/pvms/nbi/v1/device/history
2026-05-07 18:33:36,372 - root - INFO - Request payload: {'devDn': 'NE=53771646', 'devTypeId': 1, 'startTime': 1778000400000, 'endTime': 1778086799000}
2026-05-07 18:33:38,007 - root - INFO - Response status code: 200
2026-05-07 18:33:38,021 - root - INFO - API response from https://sg5.fusionsolar.huawei.com/rest/openapi/pvms/nbi/v1/device/history (truncated): {'failCode': 0, 'success': True, 'message': 'historical data information query successful.', 'data': [{'devDn': 'NE=53771646', 'collectTime': 1778018100000, 'dataItems': {'pv28_i': None, 'pv4_u': 633.9, 'pv24_i': None, 'mppt_total_cap': 227236.87, 'pv8_u': 634.0, 'a_i': 0.0, 'pv24_u': None, 'mppt_9_cap': 19351.13, 'pv20_u': 633.7, 'a_u': 238.2, 'pv17_u': 634.0, 'pv20_i': 0.0, 'efficiency': 0.0, 'pv17_i': 0.0, 'pv13_i': 0.0, 'pv36_i': None, 'mppt_power': 0.0, 'pv13_u': 633.9, 'pv36_u': None, 'mpp...
2026-05-07 18:33:38,023 - root - INFO - API Response type: <class 'dict'>
2026-05-07 18:33:38,023 - root - INFO - API Response keys: ['failCode', 'success', 'message', 'data']
2026-05-07 18:33:38,023 - root - INFO - API Response data is a list with 151 items
2026-05-07 18:33:38,023 - root - INFO - API Response has failCode: 0, message: historical data information query successful.
2026-05-07 18:33:38,024 - root - INFO - Using alternate response format: data as list
2026-05-07 18:33:38,024 - root - INFO - Received 151 data points from API
2026-05-07 18:33:38,024 - root - INFO - Sample data point structure: ['devDn', 'collectTime', 'dataItems']
2026-05-07 18:33:38,090 - root - INFO - Successfully upserted 151 data points.
2026-05-07 18:33:41,251 - root - INFO - Using single devDn for device/history (API: one device per query)
2026-05-07 18:33:41,252 - root - INFO - Fetching historical data for 1 devices of type inverter
2026-05-07 18:33:41,252 - root - INFO - Making API request to: https://sg5.fusionsolar.huawei.com/rest/openapi/pvms/nbi/v1/device/history
2026-05-07 18:33:41,252 - root - INFO - Request payload: {'devDn': 'NE=53771645', 'devTypeId': 1, 'startTime': 1778000400000, 'endTime': 1778086799000}
2026-05-07 18:33:43,166 - root - INFO - Response status code: 200
2026-05-07 18:33:43,179 - root - INFO - API response from https://sg5.fusionsolar.huawei.com/rest/openapi/pvms/nbi/v1/device/history (truncated): {'failCode': 0, 'success': True, 'message': 'historical data information query successful.', 'data': [{'devDn': 'NE=53771645', 'collectTime': 1778017800000, 'dataItems': {'pv28_i': None, 'pv4_u': 0.0, 'pv24_i': None, 'mppt_total_cap': 234340.77, 'pv8_u': 0.0, 'a_i': 0.0, 'pv24_u': None, 'mppt_9_cap': 17492.08, 'pv20_u': 0.0, 'a_u': 0.0, 'pv17_u': 0.0, 'pv20_i': 0.0, 'efficiency': 0.0, 'pv17_i': 0.0, 'pv13_i': 0.0, 'pv36_i': None, 'mppt_power': 0.0, 'pv13_u': 0.0, 'pv36_u': None, 'mppt_7_cap': 17...
2026-05-07 18:33:43,181 - root - INFO - API Response type: <class 'dict'>
2026-05-07 18:33:43,181 - root - INFO - API Response keys: ['failCode', 'success', 'message', 'data']
2026-05-07 18:33:43,182 - root - INFO - API Response data is a list with 152 items
2026-05-07 18:33:43,182 - root - INFO - API Response has failCode: 0, message: historical data information query successful.
2026-05-07 18:33:43,182 - root - INFO - Using alternate response format: data as list
2026-05-07 18:33:43,182 - root - INFO - Received 152 data points from API
2026-05-07 18:33:43,182 - root - INFO - Sample data point structure: ['devDn', 'collectTime', 'dataItems']
2026-05-07 18:33:43,246 - root - INFO - Successfully upserted 152 data points.
2026-05-07 18:33:46,373 - root - INFO - Using single devDn for device/history (API: one device per query)
2026-05-07 18:33:46,374 - root - INFO - Fetching historical data for 1 devices of type inverter
2026-05-07 18:33:46,374 - root - INFO - Making API request to: https://sg5.fusionsolar.huawei.com/rest/openapi/pvms/nbi/v1/device/history
2026-05-07 18:33:46,374 - root - INFO - Request payload: {'devDn': 'NE=62806378', 'devTypeId': 1, 'startTime': 1778000400000, 'endTime': 1778086799000}
2026-05-07 18:33:48,253 - root - INFO - Response status code: 200
2026-05-07 18:33:48,266 - root - INFO - API response from https://sg5.fusionsolar.huawei.com/rest/openapi/pvms/nbi/v1/device/history (truncated): {'failCode': 0, 'success': True, 'message': 'historical data information query successful.', 'data': [{'devDn': 'NE=62806378', 'collectTime': 1778000400000, 'dataItems': {'pv28_i': None, 'pv4_u': 0.0, 'pv24_i': None, 'mppt_total_cap': 180305.94, 'pv8_u': 0.0, 'a_i': 0.0, 'pv24_u': None, 'mppt_9_cap': None, 'pv20_u': 0.0, 'a_u': 0.0, 'pv17_u': 0.0, 'pv20_i': 0.0, 'efficiency': 0.0, 'pv17_i': 0.0, 'pv13_i': 0.0, 'pv36_i': None, 'mppt_power': 0.0, 'pv13_u': 0.0, 'pv36_u': None, 'mppt_7_cap': 31854....
2026-05-07 18:33:48,268 - root - INFO - API Response type: <class 'dict'>
2026-05-07 18:33:48,268 - root - INFO - API Response keys: ['failCode', 'success', 'message', 'data']
2026-05-07 18:33:48,268 - root - INFO - API Response data is a list with 152 items
2026-05-07 18:33:48,268 - root - INFO - API Response has failCode: 0, message: historical data information query successful.
2026-05-07 18:33:48,268 - root - INFO - Using alternate response format: data as list
2026-05-07 18:33:48,269 - root - INFO - Received 152 data points from API
2026-05-07 18:33:48,269 - root - INFO - Sample data point structure: ['devDn', 'collectTime', 'dataItems']
2026-05-07 18:33:48,335 - root - INFO - Successfully upserted 152 data points.
2026-05-07 18:33:51,502 - root - INFO - Using single devDn for device/history (API: one device per query)
2026-05-07 18:33:51,503 - root - INFO - Fetching historical data for 1 devices of type inverter
2026-05-07 18:33:51,503 - root - INFO - Making API request to: https://sg5.fusionsolar.huawei.com/rest/openapi/pvms/nbi/v1/device/history
2026-05-07 18:33:51,503 - root - INFO - Request payload: {'devDn': 'NE=62806376', 'devTypeId': 1, 'startTime': 1778000400000, 'endTime': 1778086799000}
2026-05-07 18:33:53,111 - root - INFO - Response status code: 200
2026-05-07 18:33:53,125 - root - INFO - API response from https://sg5.fusionsolar.huawei.com/rest/openapi/pvms/nbi/v1/device/history (truncated): {'failCode': 0, 'success': True, 'message': 'historical data information query successful.', 'data': [{'devDn': 'NE=62806376', 'collectTime': 1778000400000, 'dataItems': {'pv28_i': None, 'pv4_u': 0.0, 'pv24_i': None, 'mppt_total_cap': 167745.23, 'pv8_u': 0.0, 'a_i': 0.0, 'pv24_u': None, 'mppt_9_cap': None, 'pv20_u': 0.0, 'a_u': 0.0, 'pv17_u': 0.0, 'pv20_i': 0.0, 'efficiency': 0.0, 'pv17_i': 0.0, 'pv13_i': 0.0, 'pv36_i': None, 'mppt_power': 0.0, 'pv13_u': 0.0, 'pv36_u': None, 'mppt_7_cap': 31172....
2026-05-07 18:33:53,127 - root - INFO - API Response type: <class 'dict'>
2026-05-07 18:33:53,128 - root - INFO - API Response keys: ['failCode', 'success', 'message', 'data']
2026-05-07 18:33:53,128 - root - INFO - API Response data is a list with 152 items
2026-05-07 18:33:53,128 - root - INFO - API Response has failCode: 0, message: historical data information query successful.
2026-05-07 18:33:53,128 - root - INFO - Using alternate response format: data as list
2026-05-07 18:33:53,128 - root - INFO - Received 152 data points from API
2026-05-07 18:33:53,128 - root - INFO - Sample data point structure: ['devDn', 'collectTime', 'dataItems']
2026-05-07 18:33:53,199 - root - INFO - Successfully upserted 152 data points.
2026-05-07 18:33:56,299 - root - INFO - Using single devDn for device/history (API: one device per query)
2026-05-07 18:33:56,300 - root - INFO - Fetching historical data for 1 devices of type inverter
2026-05-07 18:33:56,300 - root - INFO - Making API request to: https://sg5.fusionsolar.huawei.com/rest/openapi/pvms/nbi/v1/device/history
2026-05-07 18:33:56,300 - root - INFO - Request payload: {'devDn': 'NE=62806367', 'devTypeId': 1, 'startTime': 1778000400000, 'endTime': 1778086799000}
2026-05-07 18:33:57,969 - root - INFO - Response status code: 200
2026-05-07 18:33:57,983 - root - INFO - API response from https://sg5.fusionsolar.huawei.com/rest/openapi/pvms/nbi/v1/device/history (truncated): {'failCode': 0, 'success': True, 'message': 'historical data information query successful.', 'data': [{'devDn': 'NE=62806367', 'collectTime': 1778000400000, 'dataItems': {'pv28_i': None, 'pv4_u': 0.0, 'pv24_i': None, 'mppt_total_cap': 152406.1, 'pv8_u': 0.0, 'a_i': 0.0, 'pv24_u': None, 'mppt_9_cap': None, 'pv20_u': 0.0, 'a_u': 0.0, 'pv17_u': 0.0, 'pv20_i': 0.0, 'efficiency': 0.0, 'pv17_i': 0.0, 'pv13_i': 0.0, 'pv36_i': None, 'mppt_power': 0.0, 'pv13_u': 0.0, 'pv36_u': None, 'mppt_7_cap': 19124.8...
2026-05-07 18:33:57,984 - root - INFO - API Response type: <class 'dict'>
2026-05-07 18:33:57,985 - root - INFO - API Response keys: ['failCode', 'success', 'message', 'data']
2026-05-07 18:33:57,985 - root - INFO - API Response data is a list with 152 items
2026-05-07 18:33:57,985 - root - INFO - API Response has failCode: 0, message: historical data information query successful.
2026-05-07 18:33:57,985 - root - INFO - Using alternate response format: data as list
2026-05-07 18:33:57,985 - root - INFO - Received 152 data points from API
2026-05-07 18:33:57,985 - root - INFO - Sample data point structure: ['devDn', 'collectTime', 'dataItems']
2026-05-07 18:33:58,053 - root - INFO - Successfully upserted 152 data points.
2026-05-07 18:34:01,187 - root - INFO - Using single devDn for device/history (API: one device per query)
2026-05-07 18:34:01,188 - root - INFO - Fetching historical data for 1 devices of type inverter
2026-05-07 18:34:01,188 - root - INFO - Making API request to: https://sg5.fusionsolar.huawei.com/rest/openapi/pvms/nbi/v1/device/history
2026-05-07 18:34:01,188 - root - INFO - Request payload: {'devDn': 'NE=62806379', 'devTypeId': 1, 'startTime': 1778000400000, 'endTime': 1778086799000}
2026-05-07 18:34:02,933 - root - INFO - Response status code: 200
2026-05-07 18:34:02,946 - root - INFO - API response from https://sg5.fusionsolar.huawei.com/rest/openapi/pvms/nbi/v1/device/history (truncated): {'failCode': 0, 'success': True, 'message': 'historical data information query successful.', 'data': [{'devDn': 'NE=62806379', 'collectTime': 1778000400000, 'dataItems': {'pv28_i': None, 'pv4_u': 0.0, 'pv24_i': None, 'mppt_total_cap': 159306.02, 'pv8_u': 0.0, 'a_i': 0.0, 'pv24_u': None, 'mppt_9_cap': None, 'pv20_u': 0.0, 'a_u': 0.0, 'pv17_u': 0.0, 'pv20_i': 0.0, 'efficiency': 0.0, 'pv17_i': 0.0, 'pv13_i': 0.0, 'pv36_i': None, 'mppt_power': 0.0, 'pv13_u': 0.0, 'pv36_u': None, 'mppt_7_cap': 17375....
2026-05-07 18:34:02,948 - root - INFO - API Response type: <class 'dict'>
2026-05-07 18:34:02,948 - root - INFO - API Response keys: ['failCode', 'success', 'message', 'data']
2026-05-07 18:34:02,948 - root - INFO - API Response data is a list with 152 items
2026-05-07 18:34:02,948 - root - INFO - API Response has failCode: 0, message: historical data information query successful.
2026-05-07 18:34:02,948 - root - INFO - Using alternate response format: data as list
2026-05-07 18:34:02,949 - root - INFO - Received 152 data points from API
2026-05-07 18:34:02,949 - root - INFO - Sample data point structure: ['devDn', 'collectTime', 'dataItems']
2026-05-07 18:34:03,016 - root - INFO - Successfully upserted 152 data points.
2026-05-07 18:34:06,136 - root - INFO - Using single devDn for device/history (API: one device per query)
2026-05-07 18:34:06,137 - root - INFO - Fetching historical data for 1 devices of type inverter
2026-05-07 18:34:06,138 - root - INFO - Making API request to: https://sg5.fusionsolar.huawei.com/rest/openapi/pvms/nbi/v1/device/history
2026-05-07 18:34:06,138 - root - INFO - Request payload: {'devDn': 'NE=62807022', 'devTypeId': 1, 'startTime': 1778000400000, 'endTime': 1778086799000}
2026-05-07 18:34:07,885 - root - INFO - Response status code: 200
2026-05-07 18:34:07,898 - root - INFO - API response from https://sg5.fusionsolar.huawei.com/rest/openapi/pvms/nbi/v1/device/history (truncated): {'failCode': 0, 'success': True, 'message': 'historical data information query successful.', 'data': [{'devDn': 'NE=62807022', 'collectTime': 1778000400000, 'dataItems': {'pv28_i': None, 'pv4_u': 0.0, 'pv24_i': None, 'mppt_total_cap': 199139.78, 'pv8_u': 0.0, 'a_i': 0.0, 'pv24_u': None, 'mppt_9_cap': None, 'pv20_u': 0.0, 'a_u': 0.0, 'pv17_u': 0.0, 'pv20_i': 0.0, 'efficiency': 0.0, 'pv17_i': 0.0, 'pv13_i': 0.0, 'pv36_i': None, 'mppt_power': 0.0, 'pv13_u': 0.0, 'pv36_u': None, 'mppt_7_cap': 34044....
2026-05-07 18:34:07,900 - root - INFO - API Response type: <class 'dict'>
2026-05-07 18:34:07,900 - root - INFO - API Response keys: ['failCode', 'success', 'message', 'data']
2026-05-07 18:34:07,900 - root - INFO - API Response data is a list with 152 items
2026-05-07 18:34:07,900 - root - INFO - API Response has failCode: 0, message: historical data information query successful.
2026-05-07 18:34:07,900 - root - INFO - Using alternate response format: data as list
2026-05-07 18:34:07,901 - root - INFO - Received 152 data points from API
2026-05-07 18:34:07,901 - root - INFO - Sample data point structure: ['devDn', 'collectTime', 'dataItems']
2026-05-07 18:34:07,970 - root - INFO - Successfully upserted 152 data points.
2026-05-07 18:34:11,098 - root - INFO - Using single devDn for device/history (API: one device per query)
2026-05-07 18:34:11,100 - root - INFO - Fetching historical data for 1 devices of type inverter
2026-05-07 18:34:11,100 - root - INFO - Making API request to: https://sg5.fusionsolar.huawei.com/rest/openapi/pvms/nbi/v1/device/history
2026-05-07 18:34:11,100 - root - INFO - Request payload: {'devDn': 'NE=62807019', 'devTypeId': 1, 'startTime': 1778000400000, 'endTime': 1778086799000}
2026-05-07 18:34:13,026 - root - INFO - Response status code: 200
2026-05-07 18:34:13,039 - root - INFO - API response from https://sg5.fusionsolar.huawei.com/rest/openapi/pvms/nbi/v1/device/history (truncated): {'failCode': 0, 'success': True, 'message': 'historical data information query successful.', 'data': [{'devDn': 'NE=62807019', 'collectTime': 1778000400000, 'dataItems': {'pv28_i': None, 'pv4_u': 0.0, 'pv24_i': None, 'mppt_total_cap': 176407.07, 'pv8_u': 0.0, 'a_i': 0.0, 'pv24_u': None, 'mppt_9_cap': None, 'pv20_u': 0.0, 'a_u': 0.0, 'pv17_u': 0.0, 'pv20_i': 0.0, 'efficiency': 0.0, 'pv17_i': 0.0, 'pv13_i': 0.0, 'pv36_i': None, 'mppt_power': 0.0, 'pv13_u': 0.0, 'pv36_u': None, 'mppt_7_cap': 21710....
2026-05-07 18:34:13,041 - root - INFO - API Response type: <class 'dict'>
2026-05-07 18:34:13,041 - root - INFO - API Response keys: ['failCode', 'success', 'message', 'data']
2026-05-07 18:34:13,042 - root - INFO - API Response data is a list with 152 items
2026-05-07 18:34:13,042 - root - INFO - API Response has failCode: 0, message: historical data information query successful.
2026-05-07 18:34:13,042 - root - INFO - Using alternate response format: data as list
2026-05-07 18:34:13,042 - root - INFO - Received 152 data points from API
2026-05-07 18:34:13,042 - root - INFO - Sample data point structure: ['devDn', 'collectTime', 'dataItems']
2026-05-07 18:34:13,112 - root - INFO - Successfully upserted 152 data points.
2026-05-07 18:34:16,235 - root - INFO - Using single devDn for device/history (API: one device per query)
2026-05-07 18:34:16,237 - root - INFO - Fetching historical data for 1 devices of type inverter
2026-05-07 18:34:16,237 - root - INFO - Making API request to: https://sg5.fusionsolar.huawei.com/rest/openapi/pvms/nbi/v1/device/history
2026-05-07 18:34:16,237 - root - INFO - Request payload: {'devDn': 'NE=62807020', 'devTypeId': 1, 'startTime': 1778000400000, 'endTime': 1778086799000}
2026-05-07 18:34:18,039 - root - INFO - Response status code: 200
2026-05-07 18:34:18,053 - root - INFO - API response from https://sg5.fusionsolar.huawei.com/rest/openapi/pvms/nbi/v1/device/history (truncated): {'failCode': 0, 'success': True, 'message': 'historical data information query successful.', 'data': [{'devDn': 'NE=62807020', 'collectTime': 1778000400000, 'dataItems': {'pv28_i': None, 'pv4_u': 0.0, 'pv24_i': None, 'mppt_total_cap': 181822.57, 'pv8_u': 0.0, 'a_i': 0.0, 'pv24_u': None, 'mppt_9_cap': None, 'pv20_u': 0.0, 'a_u': 0.0, 'pv17_u': 0.0, 'pv20_i': 0.0, 'efficiency': 0.0, 'pv17_i': 0.0, 'pv13_i': 0.0, 'pv36_i': None, 'mppt_power': 0.0, 'pv13_u': 0.0, 'pv36_u': None, 'mppt_7_cap': 23021....
2026-05-07 18:34:18,055 - root - INFO - API Response type: <class 'dict'>
2026-05-07 18:34:18,055 - root - INFO - API Response keys: ['failCode', 'success', 'message', 'data']
2026-05-07 18:34:18,055 - root - INFO - API Response data is a list with 152 items
2026-05-07 18:34:18,055 - root - INFO - API Response has failCode: 0, message: historical data information query successful.
2026-05-07 18:34:18,055 - root - INFO - Using alternate response format: data as list
2026-05-07 18:34:18,056 - root - INFO - Received 152 data points from API
2026-05-07 18:34:18,056 - root - INFO - Sample data point structure: ['devDn', 'collectTime', 'dataItems']
2026-05-07 18:34:18,121 - root - INFO - Successfully upserted 152 data points.
2026-05-07 18:34:21,220 - root - INFO - Using single devDn for device/history (API: one device per query)
2026-05-07 18:34:21,221 - root - INFO - Fetching historical data for 1 devices of type inverter
2026-05-07 18:34:21,221 - root - INFO - Making API request to: https://sg5.fusionsolar.huawei.com/rest/openapi/pvms/nbi/v1/device/history
2026-05-07 18:34:21,221 - root - INFO - Request payload: {'devDn': 'NE=62807021', 'devTypeId': 1, 'startTime': 1778000400000, 'endTime': 1778086799000}
2026-05-07 18:34:23,219 - root - INFO - Response status code: 200
2026-05-07 18:34:23,233 - root - INFO - API response from https://sg5.fusionsolar.huawei.com/rest/openapi/pvms/nbi/v1/device/history (truncated): {'failCode': 0, 'success': True, 'message': 'historical data information query successful.', 'data': [{'devDn': 'NE=62807021', 'collectTime': 1778000400000, 'dataItems': {'pv28_i': None, 'pv4_u': 0.0, 'pv24_i': None, 'mppt_total_cap': 178199.96, 'pv8_u': 0.0, 'a_i': 0.0, 'pv24_u': None, 'mppt_9_cap': None, 'pv20_u': 0.0, 'a_u': 0.0, 'pv17_u': 0.0, 'pv20_i': 0.0, 'efficiency': 0.0, 'pv17_i': 0.0, 'pv13_i': 0.0, 'pv36_i': None, 'mppt_power': 0.0, 'pv13_u': 0.0, 'pv36_u': None, 'mppt_7_cap': 22813....
2026-05-07 18:34:23,235 - root - INFO - API Response type: <class 'dict'>
2026-05-07 18:34:23,235 - root - INFO - API Response keys: ['failCode', 'success', 'message', 'data']
2026-05-07 18:34:23,235 - root - INFO - API Response data is a list with 152 items
2026-05-07 18:34:23,235 - root - INFO - API Response has failCode: 0, message: historical data information query successful.
2026-05-07 18:34:23,235 - root - INFO - Using alternate response format: data as list
2026-05-07 18:34:23,235 - root - INFO - Received 152 data points from API
2026-05-07 18:34:23,236 - root - INFO - Sample data point structure: ['devDn', 'collectTime', 'dataItems']
2026-05-07 18:34:23,301 - root - INFO - Successfully upserted 152 data points.
2026-05-07 18:34:26,378 - root - INFO - Using single devDn for device/history (API: one device per query)
2026-05-07 18:34:26,379 - root - INFO - Fetching historical data for 1 devices of type smart_assistant
2026-05-07 18:34:26,379 - root - INFO - Making API request to: https://sg5.fusionsolar.huawei.com/rest/openapi/pvms/nbi/v1/device/history
2026-05-07 18:34:26,379 - root - INFO - Request payload: {'devDn': 'NE=60951884', 'devTypeId': 23070, 'startTime': 1778000400000, 'endTime': 1778086799000}
2026-05-07 18:34:27,172 - root - INFO - Response status code: 200
2026-05-07 18:34:27,183 - root - INFO - API response from https://sg5.fusionsolar.huawei.com/rest/openapi/pvms/nbi/v1/device/history (truncated): {'failCode': 0, 'success': True, 'message': 'historical data information query successful.', 'data': [{'devDn': 'NE=60951884', 'collectTime': 1778000400000, 'dataItems': {'active_cap': 6224.5, 'ex_active_power': None, 'power_factor': 0.848, 'ex_reverse_active_cap': None, 'a_i': 0.9, 'ex_active_cap': None, 'c_i': 1.9, 'b_i': 1.1, 'a_u': 224.6, 'reactive_power': -0.022, 'c_u': 223.1, 'b_u': 225.8, 'bc_u': 389.1, 'ex_a_i': 0.0, 'ex_c_i': 0.0, 'ex_active_power_c': 0.0, 'ex_b_i': 0.0, 'reverse_active...
2026-05-07 18:34:27,185 - root - INFO - API Response type: <class 'dict'>
2026-05-07 18:34:27,185 - root - INFO - API Response keys: ['failCode', 'success', 'message', 'data']
2026-05-07 18:34:27,185 - root - INFO - API Response data is a list with 288 items
2026-05-07 18:34:27,185 - root - INFO - API Response has failCode: 0, message: historical data information query successful.
2026-05-07 18:34:27,185 - root - INFO - Using alternate response format: data as list
2026-05-07 18:34:27,186 - root - INFO - Received 288 data points from API
2026-05-07 18:34:27,186 - root - INFO - Sample data point structure: ['devDn', 'collectTime', 'dataItems']
2026-05-07 18:34:27,271 - root - INFO - Successfully upserted 288 data points.
2026-05-07 18:34:30,465 - root - INFO - Using single devDn for device/history (API: one device per query)
2026-05-07 18:34:30,466 - root - INFO - Fetching historical data for 1 devices of type battery
2026-05-07 18:34:30,467 - root - INFO - Making API request to: https://sg5.fusionsolar.huawei.com/rest/openapi/pvms/nbi/v1/device/history
2026-05-07 18:34:30,467 - root - INFO - Request payload: {'devDn': 'NE=60951890', 'devTypeId': 39, 'startTime': 1778000400000, 'endTime': 1778086799000}
2026-05-07 18:34:31,101 - root - INFO - Response status code: 200
2026-05-07 18:34:31,105 - root - INFO - API response from https://sg5.fusionsolar.huawei.com/rest/openapi/pvms/nbi/v1/device/history (truncated): {'failCode': 0, 'success': True, 'message': 'historical data information query successful.', 'data': [{'devDn': 'NE=60951890', 'collectTime': 1778000400000, 'dataItems': {'max_discharge_power': None, 'max_charge_power': None, 'battery_soh': None, 'busbar_u': 742.7, 'discharge_cap': 0.0, 'ch_discharge_power': 0.0, 'battery_soc': 92.0, 'ch_discharge_model': None, 'charge_cap': 0.0, 'battery_status': None}}, {'devDn': 'NE=60951890', 'collectTime': 1778000700000, 'dataItems': {'max_discharge_power':...
2026-05-07 18:34:31,107 - root - INFO - API Response type: <class 'dict'>
2026-05-07 18:34:31,107 - root - INFO - API Response keys: ['failCode', 'success', 'message', 'data']
2026-05-07 18:34:31,107 - root - INFO - API Response data is a list with 288 items
2026-05-07 18:34:31,107 - root - INFO - API Response has failCode: 0, message: historical data information query successful.
2026-05-07 18:34:31,107 - root - INFO - Using alternate response format: data as list
2026-05-07 18:34:31,107 - root - INFO - Received 288 data points from API
2026-05-07 18:34:31,107 - root - INFO - Sample data point structure: ['devDn', 'collectTime', 'dataItems']
2026-05-07 18:34:31,187 - root - INFO - Successfully upserted 288 data points.
2026-05-07 18:34:34,344 - root - INFO - Processed 37059 data points for 2026-05-05 to 2026-05-06
2026-05-07 18:34:34,367 - root - INFO - Total data points ingested: 37059
2026-05-07 18:34:34,381 - fusionsolar.tasks - INFO - FusionSolar ingestion completed successfully. Rows inserted: 37059, Execution time: 2487.07 seconds
2026-05-07 18:34:34,384 - __main__ - INFO - FusionSolar ingestion completed: {'status': 'success', 'rows_inserted': 37059, 'execution_time': 2487.073789834976, 'start_date': '2026-05-06', 'end_date': '2026-05-06'}
2026-05-07 18:34:34,434 - __main__ - INFO - Step 2: Running dbt transformations...
2026-05-07 18:34:34,437 - __main__ - INFO - Running dbt run
2026-05-07 18:48:15,286 - __main__ - INFO - dbt run completed successfully
2026-05-07 18:48:15,300 - __main__ - INFO - ================================================================================
2026-05-07 18:48:15,303 - __main__ - INFO - MMSR Daily Pipeline completed successfully!
2026-05-07 18:48:15,303 - __main__ - INFO - Total execution time: 3307.99 seconds
2026-05-07 18:48:15,304 - __main__ - INFO - FusionSolar: {'status': 'success', 'rows_inserted': 37059, 'execution_time': 2487.073789834976, 'start_date': '2026-05-06', 'end_date': '2026-05-06'}
2026-05-07 18:48:15,305 - __main__ - INFO - iSolarCloud: {'status': 'success', 'rows_inserted': None, 'execution_time': 196.06408667564392, 'start_date': '2026-05-06', 'end_date': '2026-05-06'}
2026-05-07 18:48:15,305 - __main__ - INFO - ================================================================================
