2026-05-18 01:00:39,382 - root - INFO - Database URL constructed: postgresql://juice:***@10.101.4.88:5432/MMSR
2026-05-18 01:00:41,274 - root - INFO - Database engine initialized at module import
2026-05-18 01:00:41,284 - root - INFO - Database URL constructed: postgresql://juice:***@10.101.4.88:5432/MMSR
2026-05-18 01:00:41,290 - __main__ - INFO - ================================================================================
2026-05-18 01:00:41,290 - __main__ - INFO - Starting MMSR Daily Pipeline
2026-05-18 01:00:41,291 - __main__ - INFO - Dates: 2026-05-17 | ingest=True | dbt=True
2026-05-18 01:00:41,291 - __main__ - INFO - ================================================================================
2026-05-18 01:00:41,291 - __main__ - INFO - ================================================================================
2026-05-18 01:00:41,292 - __main__ - INFO - Processing date: 2026-05-17
2026-05-18 01:00:41,292 - __main__ - INFO - ================================================================================
2026-05-18 01:00:41,292 - __main__ - INFO - Step 1: Parallel ingestion (FusionSolar + iSolarCloud)...
2026-05-18 01:00:41,292 - __main__ - INFO - Starting parallel ingestion for FusionSolar and iSolarCloud
2026-05-18 01:00:41,292 - __main__ - INFO - Starting FusionSolar ingestion for 2026-05-17 to 2026-05-17
2026-05-18 01:00:41,293 - __main__ - INFO - Starting iSolarCloud ingestion for 2026-05-17 to 2026-05-17
2026-05-18 01:00:41,293 - fusionsolar.tasks - INFO - Starting FusionSolar ingestion for date range: 2026-05-17 to 2026-05-17
2026-05-18 01:00:41,293 - isolarcloud.tasks - INFO - Starting iSolarCloud ingestion for date range: 2026-05-17 to 2026-05-17
2026-05-18 01:00:41,294 - fusionsolar.tasks - INFO - Initializing database connection
2026-05-18 01:00:41,294 - isolarcloud.tasks - INFO - Initializing database connection
2026-05-18 01:00:41,294 - fusionsolar.tasks - INFO - Database initialized successfully
2026-05-18 01:00:41,295 - fusionsolar.tasks - INFO - Logging in to FusionSolar API
2026-05-18 01:00:41,295 - root - INFO - Attempting to login to FusionSolar API at https://sg5.fusionsolar.huawei.com/thirdData/login
2026-05-18 01:00:41,786 - root - INFO - PostgreSQL database initialized successfully.
2026-05-18 01:00:41,786 - isolarcloud.tasks - INFO - Database initialized successfully
2026-05-18 01:00:41,787 - isolarcloud.tasks - INFO - Logging in to iSolarCloud API
2026-05-18 01:00:42,517 - root - INFO - Login response status code: 200
2026-05-18 01:00:42,518 - root - INFO - Successfully logged into FusionSolar.
2026-05-18 01:00:42,521 - fusionsolar.tasks - INFO - FusionSolar API login successful
2026-05-18 01:00:42,521 - fusionsolar.tasks - INFO - Fetching historical data from 2026-05-17 to 2026-05-17
2026-05-18 01:00:42,522 - root - INFO - Database engine initialized in data_processing module
2026-05-18 01:00:42,672 - root - INFO - Successfully logged into iSolarCloud.
2026-05-18 01:00:42,674 - root - INFO - Found 236 devices matching the filter criteria.
2026-05-18 01:00:42,675 - isolarcloud.tasks - INFO - iSolarCloud API login successful
2026-05-18 01:00:42,676 - root - INFO - Processing 236 devices fetched from DB. Parsing and verifying grid_connection_dates...
2026-05-18 01:00:42,676 - isolarcloud.tasks - INFO - Fetching historical data from 2026-05-17 to 2026-05-17
2026-05-18 01:00:42,679 - root - INFO - Finished parsing Grid Connection Dates. Total devices processed: 236.
2026-05-18 01:00:42,680 - root - INFO -   GCDs initially None/Empty from DB: 0
2026-05-18 01:00:42,680 - root - INFO -   Successfully parsed/converted to datetime (UTC): 236
2026-05-18 01:00:42,680 - root - INFO -   Failed to parse non-empty values (now None): 0
2026-05-18 01:00:42,681 - root - INFO - Starting main batch processing loop. Total devices to consider: 236.
2026-05-18 01:00:42,681 - root - INFO - Processing data from 2026-05-16 to 2026-05-17
2026-05-18 01:00:42,688 - root - INFO - Master device list count: 236. Devices eligible for this batch (ending 2026-05-17): 236.
2026-05-18 01:00:42,689 - root - WARNING - Unknown device type ID 63 for device 102555606343
2026-05-18 01:00:42,690 - root - WARNING - Unknown device type ID 23071 for device BT2560339978
2026-05-18 01:00:42,690 - root - WARNING - Unknown device type ID 63 for device 10254C346758
2026-05-18 01:00:42,691 - root - WARNING - Unknown device type ID 63 for device 1023B7436516
2026-05-18 01:00:42,691 - root - WARNING - Unknown device type ID 63 for device 1023C7355634
2026-05-18 01:00:42,691 - root - WARNING - Unknown device type ID 63 for device 1024B6566719
2026-05-18 01:00:42,692 - root - WARNING - Unknown device type ID 63 for device 1024B6566722
2026-05-18 01:00:42,692 - root - WARNING - Unknown device type ID 38 for device 102446387448
2026-05-18 01:00:42,692 - root - WARNING - Unknown device type ID 63 for device 102467487012
2026-05-18 01:00:42,693 - root - WARNING - Unknown device type ID 63 for device 102287046729
2026-05-18 01:00:42,693 - root - WARNING - Unknown device type ID 63 for device 102527099805
2026-05-18 01:00:42,693 - root - WARNING - Unknown device type ID 63 for device 102459944283
2026-05-18 01:00:42,694 - root - WARNING - Unknown device type ID 63 for device 1023A5160368
2026-05-18 01:00:42,694 - root - WARNING - Unknown device type ID 38 for device 102446387459
2026-05-18 01:00:42,694 - root - WARNING - Unknown device type ID 63 for device 102527099822
2026-05-18 01:00:42,695 - root - INFO - Using single devDn for device/history (API: one device per query)
2026-05-18 01:00:42,701 - root - INFO - Fetching historical data for 1 devices of type meter
2026-05-18 01:00:42,702 - root - INFO - Making API request to: https://sg5.fusionsolar.huawei.com/rest/openapi/pvms/nbi/v1/device/history
2026-05-18 01:00:42,702 - root - INFO - Request payload: {'devDn': 'NE=50488256', 'devTypeId': 17, 'startTime': 1778950800000, 'endTime': 1779037199000}
2026-05-18 01:00:42,722 - root - INFO - PostgreSQL database initialized successfully.
2026-05-18 01:00:42,722 - root - INFO - Database engine initialized in data processing module
2026-05-18 01:00:42,723 - root - INFO - Preparing to fetch historical data from 2026-05-17 to 2026-05-17
2026-05-18 01:00:42,735 - root - INFO - Parsing install_date for 350 devices...
2026-05-18 01:00:42,737 - root - INFO - Finished parsing install_dates. Parsed: 350, Failed: 0, None from DB: 0
2026-05-18 01:00:42,737 - root - INFO - Filtering for device types: meter,inverter,meteo_station
2026-05-18 01:00:42,740 - root - INFO - Filtered to 328 devices matching specified types.
2026-05-18 01:00:42,740 - root - INFO - Processing batch from 2026-05-17 to 2026-05-17
2026-05-18 01:00:42,741 - root - INFO - Batch 2026-05-17 to 2026-05-17: Total devices considered: 328, Eligible by install_date: 328
2026-05-18 01:00:42,741 - root - INFO - Processing day-batch: 2026-05-17 for 328 devices.
2026-05-18 01:00:42,741 - root - INFO - Processing 8 intervals in parallel with 8 workers
2026-05-18 01:00:42,742 - root - INFO - Fetching minute data with payload: {'ps_key_list': ['1730375_7_4_1', '1730375_7_2_1'], 'points': 'p8030,p8031,p8032,p8033,p8018,p8014', 'start_time_stamp': '20260517000000', 'end_time_stamp': '20260517030000', 'minute_interval': 5}
2026-05-18 01:00:42,743 - root - INFO - Fetching minute data with payload: {'ps_key_list': ['1730375_7_4_1', '1730375_7_2_1'], 'points': 'p8030,p8031,p8032,p8033,p8018,p8014', 'start_time_stamp': '20260517030000', 'end_time_stamp': '20260517060000', 'minute_interval': 5}
2026-05-18 01:00:42,745 - root - INFO - Fetching minute data with payload: {'ps_key_list': ['1730375_7_4_1', '1730375_7_2_1'], 'points': 'p8030,p8031,p8032,p8033,p8018,p8014', 'start_time_stamp': '20260517060000', 'end_time_stamp': '20260517090000', 'minute_interval': 5}
2026-05-18 01:00:42,747 - root - INFO - Fetching minute data with payload: {'ps_key_list': ['1730375_7_4_1', '1730375_7_2_1'], 'points': 'p8030,p8031,p8032,p8033,p8018,p8014', 'start_time_stamp': '20260517090000', 'end_time_stamp': '20260517120000', 'minute_interval': 5}
2026-05-18 01:00:42,749 - root - INFO - Fetching minute data with payload: {'ps_key_list': ['1730375_7_4_1', '1730375_7_2_1'], 'points': 'p8030,p8031,p8032,p8033,p8018,p8014', 'start_time_stamp': '20260517120000', 'end_time_stamp': '20260517150000', 'minute_interval': 5}
2026-05-18 01:00:42,750 - root - INFO - Fetching minute data with payload: {'ps_key_list': ['1730375_7_4_1', '1730375_7_2_1'], 'points': 'p8030,p8031,p8032,p8033,p8018,p8014', 'start_time_stamp': '20260517150000', 'end_time_stamp': '20260517180000', 'minute_interval': 5}
2026-05-18 01:00:42,751 - root - INFO - Fetching minute data with payload: {'ps_key_list': ['1730375_7_4_1', '1730375_7_2_1'], 'points': 'p8030,p8031,p8032,p8033,p8018,p8014', 'start_time_stamp': '20260517180000', 'end_time_stamp': '20260517210000', 'minute_interval': 5}
2026-05-18 01:00:42,753 - root - INFO - Fetching minute data with payload: {'ps_key_list': ['1730375_7_4_1', '1730375_7_2_1'], 'points': 'p8030,p8031,p8032,p8033,p8018,p8014', 'start_time_stamp': '20260517210000', 'end_time_stamp': '20260517235959', 'minute_interval': 5}
2026-05-18 01:00:44,653 - root - INFO - Response status code: 200
2026-05-18 01:00:44,662 - root - INFO - API response from https://sg5.fusionsolar.huawei.com/rest/openapi/pvms/nbi/v1/device/history (truncated): {'failCode': 0, 'success': True, 'message': 'historical data information query successful.', 'data': [{'devDn': 'NE=50488256', 'collectTime': 1778950800000, 'dataItems': {'active_cap': 211.35, 'power_factor': 0.0, 'a_i': 0.0, 'c_i': 0.0, 'b_i': 0.0, 'reverse_reactive_valley': None, 'positive_reactive_peak': None, 'reverse_reactive_peak': None, 'reverse_active_peak': None, 'positive_active_peak': None, 'a_u': 0.0, 'reactive_power': 0.0, 'c_u': 0.0, 'total_apparent_power': 0.0, 'bc_u': 768.37, 'b_...
2026-05-18 01:00:44,667 - root - INFO - API Response type: <class 'dict'>
2026-05-18 01:00:44,668 - root - INFO - API Response keys: ['failCode', 'success', 'message', 'data']
2026-05-18 01:00:44,668 - root - INFO - API Response data is a list with 288 items
2026-05-18 01:00:44,668 - root - INFO - API Response has failCode: 0, message: historical data information query successful.
2026-05-18 01:00:44,668 - root - INFO - Using alternate response format: data as list
2026-05-18 01:00:44,669 - root - INFO - Received 288 data points from API
2026-05-18 01:00:44,669 - root - INFO - Sample data point structure: ['devDn', 'collectTime', 'dataItems']
2026-05-18 01:00:44,863 - root - INFO - Successfully upserted 288 data points.
2026-05-18 01:00:45,949 - root - INFO - Successfully upserted 74 data points.
2026-05-18 01:00:45,949 - root - INFO - Fetching minute data with payload: {'ps_key_list': ['1730375_1_3_1', '1730375_1_1_1'], 'points': 'p96,p97,p98,p99,p100,p101,p102,p103,p104,p105,p106,p107,p108,p109,p110,p111,p112,p113,p7166,p7167,p7168,p7169,p7170,p7171,p70,p71,p72,p73,p74,p75,p76,p77,p78,p79,p80,p81,p82,p83,p84,p85,p92,p93,p313,p314,p315,p316,p317,p318', 'start_time_stamp': '20260517000000', 'end_time_stamp': '20260517030000', 'minute_interval': 5}
2026-05-18 01:00:45,950 - root - INFO - Successfully upserted 74 data points.
2026-05-18 01:00:45,952 - root - INFO - Fetching minute data with payload: {'ps_key_list': ['1730375_1_3_1', '1730375_1_1_1'], 'points': 'p96,p97,p98,p99,p100,p101,p102,p103,p104,p105,p106,p107,p108,p109,p110,p111,p112,p113,p7166,p7167,p7168,p7169,p7170,p7171,p70,p71,p72,p73,p74,p75,p76,p77,p78,p79,p80,p81,p82,p83,p84,p85,p92,p93,p313,p314,p315,p316,p317,p318', 'start_time_stamp': '20260517090000', 'end_time_stamp': '20260517120000', 'minute_interval': 5}
2026-05-18 01:00:45,972 - root - INFO - Successfully upserted 74 data points.
2026-05-18 01:00:45,972 - root - INFO - Fetching minute data with payload: {'ps_key_list': ['1730375_1_3_1', '1730375_1_1_1'], 'points': 'p96,p97,p98,p99,p100,p101,p102,p103,p104,p105,p106,p107,p108,p109,p110,p111,p112,p113,p7166,p7167,p7168,p7169,p7170,p7171,p70,p71,p72,p73,p74,p75,p76,p77,p78,p79,p80,p81,p82,p83,p84,p85,p92,p93,p313,p314,p315,p316,p317,p318', 'start_time_stamp': '20260517060000', 'end_time_stamp': '20260517090000', 'minute_interval': 5}
2026-05-18 01:00:46,156 - root - INFO - Successfully upserted 74 data points.
2026-05-18 01:00:46,167 - root - INFO - Fetching minute data with payload: {'ps_key_list': ['1730375_1_3_1', '1730375_1_1_1'], 'points': 'p96,p97,p98,p99,p100,p101,p102,p103,p104,p105,p106,p107,p108,p109,p110,p111,p112,p113,p7166,p7167,p7168,p7169,p7170,p7171,p70,p71,p72,p73,p74,p75,p76,p77,p78,p79,p80,p81,p82,p83,p84,p85,p92,p93,p313,p314,p315,p316,p317,p318', 'start_time_stamp': '20260517030000', 'end_time_stamp': '20260517060000', 'minute_interval': 5}
2026-05-18 01:00:46,172 - root - INFO - Successfully upserted 74 data points.
2026-05-18 01:00:46,207 - root - INFO - Successfully upserted 61 data points.
2026-05-18 01:00:46,209 - root - INFO - Successfully upserted 74 data points.
2026-05-18 01:00:46,216 - root - INFO - Fetching minute data with payload: {'ps_key_list': ['1730375_1_3_1', '1730375_1_1_1'], 'points': 'p96,p97,p98,p99,p100,p101,p102,p103,p104,p105,p106,p107,p108,p109,p110,p111,p112,p113,p7166,p7167,p7168,p7169,p7170,p7171,p70,p71,p72,p73,p74,p75,p76,p77,p78,p79,p80,p81,p82,p83,p84,p85,p92,p93,p313,p314,p315,p316,p317,p318', 'start_time_stamp': '20260517180000', 'end_time_stamp': '20260517210000', 'minute_interval': 5}
2026-05-18 01:00:46,218 - root - INFO - Fetching minute data with payload: {'ps_key_list': ['1730375_1_3_1', '1730375_1_1_1'], 'points': 'p96,p97,p98,p99,p100,p101,p102,p103,p104,p105,p106,p107,p108,p109,p110,p111,p112,p113,p7166,p7167,p7168,p7169,p7170,p7171,p70,p71,p72,p73,p74,p75,p76,p77,p78,p79,p80,p81,p82,p83,p84,p85,p92,p93,p313,p314,p315,p316,p317,p318', 'start_time_stamp': '20260517210000', 'end_time_stamp': '20260517235959', 'minute_interval': 5}
2026-05-18 01:00:46,291 - root - INFO - Successfully upserted 74 data points.
2026-05-18 01:00:46,355 - root - INFO - Fetching minute data with payload: {'ps_key_list': ['1730375_1_3_1', '1730375_1_1_1'], 'points': 'p96,p97,p98,p99,p100,p101,p102,p103,p104,p105,p106,p107,p108,p109,p110,p111,p112,p113,p7166,p7167,p7168,p7169,p7170,p7171,p70,p71,p72,p73,p74,p75,p76,p77,p78,p79,p80,p81,p82,p83,p84,p85,p92,p93,p313,p314,p315,p316,p317,p318', 'start_time_stamp': '20260517150000', 'end_time_stamp': '20260517180000', 'minute_interval': 5}
2026-05-18 01:00:46,421 - root - INFO - Fetching minute data with payload: {'ps_key_list': ['1730375_1_3_1', '1730375_1_1_1'], 'points': 'p96,p97,p98,p99,p100,p101,p102,p103,p104,p105,p106,p107,p108,p109,p110,p111,p112,p113,p7166,p7167,p7168,p7169,p7170,p7171,p70,p71,p72,p73,p74,p75,p76,p77,p78,p79,p80,p81,p82,p83,p84,p85,p92,p93,p313,p314,p315,p316,p317,p318', 'start_time_stamp': '20260517120000', 'end_time_stamp': '20260517150000', 'minute_interval': 5}
2026-05-18 01:00:49,144 - root - INFO - No data to insert into database for this API data batch.
2026-05-18 01:00:49,145 - root - INFO - Fetching minute data with payload: {'ps_key_list': ['1680199_7_10_2', '1680199_7_18_1', '1680199_7_13_2', '1680199_7_17_1', '1680199_7_12_1', '1680199_7_16_1', '1680199_7_15_1', '1680199_7_14_1', '1680199_7_21_1', '1680199_7_15_2', '1680199_7_20_1', '1680199_7_19_1', '1680199_7_14_2'], 'points': 'p8030,p8031,p8032,p8033,p8018,p8014', 'start_time_stamp': '20260517000000', 'end_time_stamp': '20260517030000', 'minute_interval': 5}
2026-05-18 01:00:49,149 - root - INFO - Successfully upserted 37 data points.
2026-05-18 01:00:49,149 - root - INFO - Fetching minute data with payload: {'ps_key_list': ['1680199_7_10_2', '1680199_7_18_1', '1680199_7_13_2', '1680199_7_17_1', '1680199_7_12_1', '1680199_7_16_1', '1680199_7_15_1', '1680199_7_14_1', '1680199_7_21_1', '1680199_7_15_2', '1680199_7_20_1', '1680199_7_19_1', '1680199_7_14_2'], 'points': 'p8030,p8031,p8032,p8033,p8018,p8014', 'start_time_stamp': '20260517060000', 'end_time_stamp': '20260517090000', 'minute_interval': 5}
2026-05-18 01:00:49,182 - root - INFO - Successfully upserted 37 data points.
2026-05-18 01:00:49,182 - root - INFO - Fetching minute data with payload: {'ps_key_list': ['1680199_7_10_2', '1680199_7_18_1', '1680199_7_13_2', '1680199_7_17_1', '1680199_7_12_1', '1680199_7_16_1', '1680199_7_15_1', '1680199_7_14_1', '1680199_7_21_1', '1680199_7_15_2', '1680199_7_20_1', '1680199_7_19_1', '1680199_7_14_2'], 'points': 'p8030,p8031,p8032,p8033,p8018,p8014', 'start_time_stamp': '20260517090000', 'end_time_stamp': '20260517120000', 'minute_interval': 5}
2026-05-18 01:00:49,229 - root - INFO - Successfully upserted 37 data points.
2026-05-18 01:00:49,229 - root - INFO - Fetching minute data with payload: {'ps_key_list': ['1680199_7_10_2', '1680199_7_18_1', '1680199_7_13_2', '1680199_7_17_1', '1680199_7_12_1', '1680199_7_16_1', '1680199_7_15_1', '1680199_7_14_1', '1680199_7_21_1', '1680199_7_15_2', '1680199_7_20_1', '1680199_7_19_1', '1680199_7_14_2'], 'points': 'p8030,p8031,p8032,p8033,p8018,p8014', 'start_time_stamp': '20260517120000', 'end_time_stamp': '20260517150000', 'minute_interval': 5}
2026-05-18 01:00:49,233 - root - INFO - No data to insert into database for this API data batch.
2026-05-18 01:00:49,233 - root - INFO - Fetching minute data with payload: {'ps_key_list': ['1680199_7_10_2', '1680199_7_18_1', '1680199_7_13_2', '1680199_7_17_1', '1680199_7_12_1', '1680199_7_16_1', '1680199_7_15_1', '1680199_7_14_1', '1680199_7_21_1', '1680199_7_15_2', '1680199_7_20_1', '1680199_7_19_1', '1680199_7_14_2'], 'points': 'p8030,p8031,p8032,p8033,p8018,p8014', 'start_time_stamp': '20260517180000', 'end_time_stamp': '20260517210000', 'minute_interval': 5}
2026-05-18 01:00:49,280 - root - INFO - No data to insert into database for this API data batch.
2026-05-18 01:00:49,281 - root - INFO - Fetching minute data with payload: {'ps_key_list': ['1680199_7_10_2', '1680199_7_18_1', '1680199_7_13_2', '1680199_7_17_1', '1680199_7_12_1', '1680199_7_16_1', '1680199_7_15_1', '1680199_7_14_1', '1680199_7_21_1', '1680199_7_15_2', '1680199_7_20_1', '1680199_7_19_1', '1680199_7_14_2'], 'points': 'p8030,p8031,p8032,p8033,p8018,p8014', 'start_time_stamp': '20260517210000', 'end_time_stamp': '20260517235959', 'minute_interval': 5}
2026-05-18 01:00:49,328 - root - INFO - Successfully upserted 4 data points.
2026-05-18 01:00:49,328 - root - INFO - Fetching minute data with payload: {'ps_key_list': ['1680199_7_10_2', '1680199_7_18_1', '1680199_7_13_2', '1680199_7_17_1', '1680199_7_12_1', '1680199_7_16_1', '1680199_7_15_1', '1680199_7_14_1', '1680199_7_21_1', '1680199_7_15_2', '1680199_7_20_1', '1680199_7_19_1', '1680199_7_14_2'], 'points': 'p8030,p8031,p8032,p8033,p8018,p8014', 'start_time_stamp': '20260517030000', 'end_time_stamp': '20260517060000', 'minute_interval': 5}
2026-05-18 01:00:49,344 - root - INFO - Successfully upserted 33 data points.
2026-05-18 01:00:49,345 - root - INFO - Fetching minute data with payload: {'ps_key_list': ['1680199_7_10_2', '1680199_7_18_1', '1680199_7_13_2', '1680199_7_17_1', '1680199_7_12_1', '1680199_7_16_1', '1680199_7_15_1', '1680199_7_14_1', '1680199_7_21_1', '1680199_7_15_2', '1680199_7_20_1', '1680199_7_19_1', '1680199_7_14_2'], 'points': 'p8030,p8031,p8032,p8033,p8018,p8014', 'start_time_stamp': '20260517150000', 'end_time_stamp': '20260517180000', 'minute_interval': 5}
2026-05-18 01:00:50,147 - root - INFO - Using single devDn for device/history (API: one device per query)
2026-05-18 01:00:50,151 - root - INFO - Fetching historical data for 1 devices of type meter
2026-05-18 01:00:50,151 - root - INFO - Making API request to: https://sg5.fusionsolar.huawei.com/rest/openapi/pvms/nbi/v1/device/history
2026-05-18 01:00:50,151 - root - INFO - Request payload: {'devDn': 'NE=50586462', 'devTypeId': 17, 'startTime': 1778950800000, 'endTime': 1779037199000}
2026-05-18 01:00:57,042 - root - INFO - Response status code: 200
2026-05-18 01:00:57,053 - root - INFO - API response from https://sg5.fusionsolar.huawei.com/rest/openapi/pvms/nbi/v1/device/history (truncated): {'failCode': 0, 'success': True, 'message': 'historical data information query successful.', 'data': [{'devDn': 'NE=50586462', 'collectTime': 1778950800000, 'dataItems': {'active_cap': 3670.29, 'power_factor': 0.0, 'a_i': 0.0, 'c_i': 0.0, 'b_i': 0.0, 'reverse_reactive_valley': None, 'positive_reactive_peak': None, 'reverse_reactive_peak': None, 'reverse_active_peak': None, 'positive_active_peak': None, 'a_u': 11458.1, 'reactive_power': 0.0, 'c_u': 11446.34, 'total_apparent_power': 0.0, 'bc_u': 1...
2026-05-18 01:00:57,058 - root - INFO - API Response type: <class 'dict'>
2026-05-18 01:00:57,059 - root - INFO - API Response keys: ['failCode', 'success', 'message', 'data']
2026-05-18 01:00:57,059 - root - INFO - API Response data is a list with 288 items
2026-05-18 01:00:57,059 - root - INFO - API Response has failCode: 0, message: historical data information query successful.
2026-05-18 01:00:57,060 - root - INFO - Using alternate response format: data as list
2026-05-18 01:00:57,060 - root - INFO - Received 288 data points from API
2026-05-18 01:00:57,060 - root - INFO - Sample data point structure: ['devDn', 'collectTime', 'dataItems']
2026-05-18 01:00:57,165 - root - INFO - Successfully upserted 288 data points.
2026-05-18 01:00:58,298 - root - INFO - Successfully upserted 296 data points.
2026-05-18 01:00:58,299 - root - INFO - Fetching minute data with payload: {'ps_key_list': ['1680199_1_9_2', '1680199_1_7_1', '1680199_1_4_1', '1680199_1_8_2', '1680199_1_7_2', '1680199_1_6_2', '1680199_1_4_2', '1680199_1_1_2', '1680199_1_5_2', '1680199_1_3_2', '1680199_1_2_2', '1680199_1_2_1', '1680199_1_1_1', '1680199_1_3_1', '1680199_1_6_1', '1680199_1_9_1', '1680199_1_10_1', '1680199_1_8_1', '1680199_1_11_1', '1680199_1_5_1'], 'points': 'p96,p97,p98,p99,p100,p101,p102,p103,p104,p105,p106,p107,p108,p109,p110,p111,p112,p113,p7166,p7167,p7168,p7169,p7170,p7171,p70,p71,p72,p73,p74,p75,p76,p77,p78,p79,p80,p81,p82,p83,p84,p85,p92,p93,p313,p314,p315,p316,p317,p318', 'start_time_stamp': '20260517000000', 'end_time_stamp': '20260517030000', 'minute_interval': 5}
2026-05-18 01:00:58,311 - root - INFO - Successfully upserted 296 data points.
2026-05-18 01:00:58,338 - root - INFO - Fetching minute data with payload: {'ps_key_list': ['1680199_1_9_2', '1680199_1_7_1', '1680199_1_4_1', '1680199_1_8_2', '1680199_1_7_2', '1680199_1_6_2', '1680199_1_4_2', '1680199_1_1_2', '1680199_1_5_2', '1680199_1_3_2', '1680199_1_2_2', '1680199_1_2_1', '1680199_1_1_1', '1680199_1_3_1', '1680199_1_6_1', '1680199_1_9_1', '1680199_1_10_1', '1680199_1_8_1', '1680199_1_11_1', '1680199_1_5_1'], 'points': 'p96,p97,p98,p99,p100,p101,p102,p103,p104,p105,p106,p107,p108,p109,p110,p111,p112,p113,p7166,p7167,p7168,p7169,p7170,p7171,p70,p71,p72,p73,p74,p75,p76,p77,p78,p79,p80,p81,p82,p83,p84,p85,p92,p93,p313,p314,p315,p316,p317,p318', 'start_time_stamp': '20260517090000', 'end_time_stamp': '20260517120000', 'minute_interval': 5}
2026-05-18 01:00:58,401 - root - INFO - Successfully upserted 255 data points.
2026-05-18 01:00:58,414 - root - INFO - Successfully upserted 296 data points.
2026-05-18 01:00:58,484 - root - INFO - Successfully upserted 296 data points.
2026-05-18 01:00:58,534 - root - INFO - Successfully upserted 296 data points.
2026-05-18 01:00:58,550 - root - INFO - Successfully upserted 296 data points.
2026-05-18 01:00:58,581 - root - INFO - Fetching minute data with payload: {'ps_key_list': ['1680199_1_9_2', '1680199_1_7_1', '1680199_1_4_1', '1680199_1_8_2', '1680199_1_7_2', '1680199_1_6_2', '1680199_1_4_2', '1680199_1_1_2', '1680199_1_5_2', '1680199_1_3_2', '1680199_1_2_2', '1680199_1_2_1', '1680199_1_1_1', '1680199_1_3_1', '1680199_1_6_1', '1680199_1_9_1', '1680199_1_10_1', '1680199_1_8_1', '1680199_1_11_1', '1680199_1_5_1'], 'points': 'p96,p97,p98,p99,p100,p101,p102,p103,p104,p105,p106,p107,p108,p109,p110,p111,p112,p113,p7166,p7167,p7168,p7169,p7170,p7171,p70,p71,p72,p73,p74,p75,p76,p77,p78,p79,p80,p81,p82,p83,p84,p85,p92,p93,p313,p314,p315,p316,p317,p318', 'start_time_stamp': '20260517210000', 'end_time_stamp': '20260517235959', 'minute_interval': 5}
2026-05-18 01:00:58,582 - root - INFO - Successfully upserted 296 data points.
2026-05-18 01:00:58,583 - root - INFO - Fetching minute data with payload: {'ps_key_list': ['1680199_1_9_2', '1680199_1_7_1', '1680199_1_4_1', '1680199_1_8_2', '1680199_1_7_2', '1680199_1_6_2', '1680199_1_4_2', '1680199_1_1_2', '1680199_1_5_2', '1680199_1_3_2', '1680199_1_2_2', '1680199_1_2_1', '1680199_1_1_1', '1680199_1_3_1', '1680199_1_6_1', '1680199_1_9_1', '1680199_1_10_1', '1680199_1_8_1', '1680199_1_11_1', '1680199_1_5_1'], 'points': 'p96,p97,p98,p99,p100,p101,p102,p103,p104,p105,p106,p107,p108,p109,p110,p111,p112,p113,p7166,p7167,p7168,p7169,p7170,p7171,p70,p71,p72,p73,p74,p75,p76,p77,p78,p79,p80,p81,p82,p83,p84,p85,p92,p93,p313,p314,p315,p316,p317,p318', 'start_time_stamp': '20260517150000', 'end_time_stamp': '20260517180000', 'minute_interval': 5}
2026-05-18 01:00:58,590 - root - INFO - Fetching minute data with payload: {'ps_key_list': ['1680199_1_9_2', '1680199_1_7_1', '1680199_1_4_1', '1680199_1_8_2', '1680199_1_7_2', '1680199_1_6_2', '1680199_1_4_2', '1680199_1_1_2', '1680199_1_5_2', '1680199_1_3_2', '1680199_1_2_2', '1680199_1_2_1', '1680199_1_1_1', '1680199_1_3_1', '1680199_1_6_1', '1680199_1_9_1', '1680199_1_10_1', '1680199_1_8_1', '1680199_1_11_1', '1680199_1_5_1'], 'points': 'p96,p97,p98,p99,p100,p101,p102,p103,p104,p105,p106,p107,p108,p109,p110,p111,p112,p113,p7166,p7167,p7168,p7169,p7170,p7171,p70,p71,p72,p73,p74,p75,p76,p77,p78,p79,p80,p81,p82,p83,p84,p85,p92,p93,p313,p314,p315,p316,p317,p318', 'start_time_stamp': '20260517120000', 'end_time_stamp': '20260517150000', 'minute_interval': 5}
2026-05-18 01:00:58,894 - root - INFO - Fetching minute data with payload: {'ps_key_list': ['1680199_1_9_2', '1680199_1_7_1', '1680199_1_4_1', '1680199_1_8_2', '1680199_1_7_2', '1680199_1_6_2', '1680199_1_4_2', '1680199_1_1_2', '1680199_1_5_2', '1680199_1_3_2', '1680199_1_2_2', '1680199_1_2_1', '1680199_1_1_1', '1680199_1_3_1', '1680199_1_6_1', '1680199_1_9_1', '1680199_1_10_1', '1680199_1_8_1', '1680199_1_11_1', '1680199_1_5_1'], 'points': 'p96,p97,p98,p99,p100,p101,p102,p103,p104,p105,p106,p107,p108,p109,p110,p111,p112,p113,p7166,p7167,p7168,p7169,p7170,p7171,p70,p71,p72,p73,p74,p75,p76,p77,p78,p79,p80,p81,p82,p83,p84,p85,p92,p93,p313,p314,p315,p316,p317,p318', 'start_time_stamp': '20260517030000', 'end_time_stamp': '20260517060000', 'minute_interval': 5}
2026-05-18 01:00:58,901 - root - INFO - Fetching minute data with payload: {'ps_key_list': ['1680199_1_9_2', '1680199_1_7_1', '1680199_1_4_1', '1680199_1_8_2', '1680199_1_7_2', '1680199_1_6_2', '1680199_1_4_2', '1680199_1_1_2', '1680199_1_5_2', '1680199_1_3_2', '1680199_1_2_2', '1680199_1_2_1', '1680199_1_1_1', '1680199_1_3_1', '1680199_1_6_1', '1680199_1_9_1', '1680199_1_10_1', '1680199_1_8_1', '1680199_1_11_1', '1680199_1_5_1'], 'points': 'p96,p97,p98,p99,p100,p101,p102,p103,p104,p105,p106,p107,p108,p109,p110,p111,p112,p113,p7166,p7167,p7168,p7169,p7170,p7171,p70,p71,p72,p73,p74,p75,p76,p77,p78,p79,p80,p81,p82,p83,p84,p85,p92,p93,p313,p314,p315,p316,p317,p318', 'start_time_stamp': '20260517180000', 'end_time_stamp': '20260517210000', 'minute_interval': 5}
2026-05-18 01:00:59,081 - root - INFO - Fetching minute data with payload: {'ps_key_list': ['1680199_1_9_2', '1680199_1_7_1', '1680199_1_4_1', '1680199_1_8_2', '1680199_1_7_2', '1680199_1_6_2', '1680199_1_4_2', '1680199_1_1_2', '1680199_1_5_2', '1680199_1_3_2', '1680199_1_2_2', '1680199_1_2_1', '1680199_1_1_1', '1680199_1_3_1', '1680199_1_6_1', '1680199_1_9_1', '1680199_1_10_1', '1680199_1_8_1', '1680199_1_11_1', '1680199_1_5_1'], 'points': 'p96,p97,p98,p99,p100,p101,p102,p103,p104,p105,p106,p107,p108,p109,p110,p111,p112,p113,p7166,p7167,p7168,p7169,p7170,p7171,p70,p71,p72,p73,p74,p75,p76,p77,p78,p79,p80,p81,p82,p83,p84,p85,p92,p93,p313,p314,p315,p316,p317,p318', 'start_time_stamp': '20260517060000', 'end_time_stamp': '20260517090000', 'minute_interval': 5}
2026-05-18 01:01:01,546 - root - INFO - Using single devDn for device/history (API: one device per query)
2026-05-18 01:01:01,554 - root - INFO - Fetching historical data for 1 devices of type meter
2026-05-18 01:01:01,555 - root - INFO - Making API request to: https://sg5.fusionsolar.huawei.com/rest/openapi/pvms/nbi/v1/device/history
2026-05-18 01:01:01,557 - root - INFO - Request payload: {'devDn': 'NE=78317347', 'devTypeId': 17, 'startTime': 1778950800000, 'endTime': 1779037199000}
2026-05-18 01:01:01,732 - root - INFO - Successfully upserted 629 data points.
2026-05-18 01:01:01,740 - root - INFO - Fetching minute data with payload: {'ps_key_list': ['1680199_5_10_1', '1680199_5_12_2', '1680199_5_11_2', '1680199_5_16_1', '1680199_5_15_1', '1680199_5_14_1', '1680199_5_13_1', '1680199_5_11_1', '1680199_5_12_1'], 'points': 'p2003,p2001,p2005,p2007,p2009,p2010,p2022,p2016,p2012', 'start_time_stamp': '20260517000000', 'end_time_stamp': '20260517030000', 'minute_interval': 5}
2026-05-18 01:01:01,878 - root - INFO - Successfully upserted 629 data points.
2026-05-18 01:01:01,882 - root - INFO - Fetching minute data with payload: {'ps_key_list': ['1680199_5_10_1', '1680199_5_12_2', '1680199_5_11_2', '1680199_5_16_1', '1680199_5_15_1', '1680199_5_14_1', '1680199_5_13_1', '1680199_5_11_1', '1680199_5_12_1'], 'points': 'p2003,p2001,p2005,p2007,p2009,p2010,p2022,p2016,p2012', 'start_time_stamp': '20260517090000', 'end_time_stamp': '20260517120000', 'minute_interval': 5}
2026-05-18 01:01:01,988 - root - INFO - Successfully upserted 629 data points.
2026-05-18 01:01:02,151 - root - INFO - Fetching minute data with payload: {'ps_key_list': ['1680199_5_10_1', '1680199_5_12_2', '1680199_5_11_2', '1680199_5_16_1', '1680199_5_15_1', '1680199_5_14_1', '1680199_5_13_1', '1680199_5_11_1', '1680199_5_12_1'], 'points': 'p2003,p2001,p2005,p2007,p2009,p2010,p2022,p2016,p2012', 'start_time_stamp': '20260517150000', 'end_time_stamp': '20260517180000', 'minute_interval': 5}
2026-05-18 01:01:02,183 - root - INFO - Successfully upserted 612 data points.
2026-05-18 01:01:02,188 - root - INFO - Successfully upserted 629 data points.
2026-05-18 01:01:02,192 - root - INFO - Fetching minute data with payload: {'ps_key_list': ['1680199_5_10_1', '1680199_5_12_2', '1680199_5_11_2', '1680199_5_16_1', '1680199_5_15_1', '1680199_5_14_1', '1680199_5_13_1', '1680199_5_11_1', '1680199_5_12_1'], 'points': 'p2003,p2001,p2005,p2007,p2009,p2010,p2022,p2016,p2012', 'start_time_stamp': '20260517210000', 'end_time_stamp': '20260517235959', 'minute_interval': 5}
2026-05-18 01:01:02,193 - root - INFO - Fetching minute data with payload: {'ps_key_list': ['1680199_5_10_1', '1680199_5_12_2', '1680199_5_11_2', '1680199_5_16_1', '1680199_5_15_1', '1680199_5_14_1', '1680199_5_13_1', '1680199_5_11_1', '1680199_5_12_1'], 'points': 'p2003,p2001,p2005,p2007,p2009,p2010,p2022,p2016,p2012', 'start_time_stamp': '20260517030000', 'end_time_stamp': '20260517060000', 'minute_interval': 5}
2026-05-18 01:01:02,326 - root - INFO - Successfully upserted 629 data points.
2026-05-18 01:01:02,524 - root - INFO - Successfully upserted 629 data points.
2026-05-18 01:01:02,527 - root - INFO - Successfully upserted 629 data points.
2026-05-18 01:01:02,615 - root - INFO - Fetching minute data with payload: {'ps_key_list': ['1680199_5_10_1', '1680199_5_12_2', '1680199_5_11_2', '1680199_5_16_1', '1680199_5_15_1', '1680199_5_14_1', '1680199_5_13_1', '1680199_5_11_1', '1680199_5_12_1'], 'points': 'p2003,p2001,p2005,p2007,p2009,p2010,p2022,p2016,p2012', 'start_time_stamp': '20260517120000', 'end_time_stamp': '20260517150000', 'minute_interval': 5}
2026-05-18 01:01:02,638 - root - INFO - Fetching minute data with payload: {'ps_key_list': ['1680199_5_10_1', '1680199_5_12_2', '1680199_5_11_2', '1680199_5_16_1', '1680199_5_15_1', '1680199_5_14_1', '1680199_5_13_1', '1680199_5_11_1', '1680199_5_12_1'], 'points': 'p2003,p2001,p2005,p2007,p2009,p2010,p2022,p2016,p2012', 'start_time_stamp': '20260517060000', 'end_time_stamp': '20260517090000', 'minute_interval': 5}
2026-05-18 01:01:02,642 - root - INFO - Fetching minute data with payload: {'ps_key_list': ['1680199_5_10_1', '1680199_5_12_2', '1680199_5_11_2', '1680199_5_16_1', '1680199_5_15_1', '1680199_5_14_1', '1680199_5_13_1', '1680199_5_11_1', '1680199_5_12_1'], 'points': 'p2003,p2001,p2005,p2007,p2009,p2010,p2022,p2016,p2012', 'start_time_stamp': '20260517180000', 'end_time_stamp': '20260517210000', 'minute_interval': 5}
2026-05-18 01:01:02,931 - root - INFO - Response status code: 200
2026-05-18 01:01:03,114 - root - INFO - API response from https://sg5.fusionsolar.huawei.com/rest/openapi/pvms/nbi/v1/device/history (truncated): {'failCode': 0, 'success': True, 'message': 'historical data information query successful.', 'data': []}
2026-05-18 01:01:03,119 - root - INFO - API Response type: <class 'dict'>
2026-05-18 01:01:03,120 - root - INFO - API Response keys: ['failCode', 'success', 'message', 'data']
2026-05-18 01:01:03,120 - root - INFO - API Response data is a list with 0 items
2026-05-18 01:01:03,121 - root - INFO - API Response has failCode: 0, message: historical data information query successful.
2026-05-18 01:01:03,121 - root - INFO - Using alternate response format: data as list
2026-05-18 01:01:03,122 - root - INFO - No data points returned for the query period
2026-05-18 01:01:03,122 - root - INFO - Using single devDn for device/history (API: one device per query)
2026-05-18 01:01:03,126 - root - INFO - Fetching historical data for 1 devices of type meter
2026-05-18 01:01:03,127 - root - INFO - Making API request to: https://sg5.fusionsolar.huawei.com/rest/openapi/pvms/nbi/v1/device/history
2026-05-18 01:01:03,127 - root - INFO - Request payload: {'devDn': 'NE=78317346', 'devTypeId': 17, 'startTime': 1778950800000, 'endTime': 1779037199000}
2026-05-18 01:01:03,568 - root - INFO - Response status code: 200
2026-05-18 01:01:03,568 - root - INFO - API response from https://sg5.fusionsolar.huawei.com/rest/openapi/pvms/nbi/v1/device/history (truncated): {'failCode': 407, 'success': False, 'message': 'Interface access frequency:0.39333333333333337/1second', 'data': []}
2026-05-18 01:01:03,569 - root - WARNING - API access frequency too high. Waiting 30 seconds before retry...
2026-05-18 01:01:05,211 - root - INFO - Successfully upserted 222 data points.
2026-05-18 01:01:05,212 - root - INFO - Fetching minute data with payload: {'ps_key_list': ['1458125_7_17_1', '1458125_7_45_1', '1458125_7_44_1', '1458125_7_48_1', '1458125_7_46_1', '1458125_7_9_1', '1458125_7_7_1', '1458125_7_37_1', '1458125_7_5_1', '1458125_7_42_1', '1458125_7_41_1', '1458125_7_40_1', '1458125_7_39_1', '1458125_7_36_1', '1458125_7_34_1', '1458125_7_33_1', '1458125_7_32_1', '1458125_7_31_1', '1458125_7_30_1', '1458125_7_29_1', '1458125_7_27_1', '1458125_7_26_1', '1458125_7_38_1', '1458125_7_47_1', '1458125_7_43_1', '1458125_7_2_1', '1458125_7_1_1', '1458125_7_4_1', '1458125_7_3_1', '1458125_7_6_1', '1458125_7_35_1', '1458125_7_28_1', '1458125_7_25_1', '1458125_7_24_1'], 'points': 'p8030,p8031,p8032,p8033,p8018,p8014', 'start_time_stamp': '20260517030000', 'end_time_stamp': '20260517060000', 'minute_interval': 5}
2026-05-18 01:01:05,272 - root - INFO - Successfully upserted 222 data points.
2026-05-18 01:01:05,272 - root - INFO - Fetching minute data with payload: {'ps_key_list': ['1458125_7_17_1', '1458125_7_45_1', '1458125_7_44_1', '1458125_7_48_1', '1458125_7_46_1', '1458125_7_9_1', '1458125_7_7_1', '1458125_7_37_1', '1458125_7_5_1', '1458125_7_42_1', '1458125_7_41_1', '1458125_7_40_1', '1458125_7_39_1', '1458125_7_36_1', '1458125_7_34_1', '1458125_7_33_1', '1458125_7_32_1', '1458125_7_31_1', '1458125_7_30_1', '1458125_7_29_1', '1458125_7_27_1', '1458125_7_26_1', '1458125_7_38_1', '1458125_7_47_1', '1458125_7_43_1', '1458125_7_2_1', '1458125_7_1_1', '1458125_7_4_1', '1458125_7_3_1', '1458125_7_6_1', '1458125_7_35_1', '1458125_7_28_1', '1458125_7_25_1', '1458125_7_24_1'], 'points': 'p8030,p8031,p8032,p8033,p8018,p8014', 'start_time_stamp': '20260517000000', 'end_time_stamp': '20260517030000', 'minute_interval': 5}
2026-05-18 01:01:05,632 - root - INFO - Successfully upserted 222 data points.
2026-05-18 01:01:05,634 - root - INFO - Fetching minute data with payload: {'ps_key_list': ['1458125_7_17_1', '1458125_7_45_1', '1458125_7_44_1', '1458125_7_48_1', '1458125_7_46_1', '1458125_7_9_1', '1458125_7_7_1', '1458125_7_37_1', '1458125_7_5_1', '1458125_7_42_1', '1458125_7_41_1', '1458125_7_40_1', '1458125_7_39_1', '1458125_7_36_1', '1458125_7_34_1', '1458125_7_33_1', '1458125_7_32_1', '1458125_7_31_1', '1458125_7_30_1', '1458125_7_29_1', '1458125_7_27_1', '1458125_7_26_1', '1458125_7_38_1', '1458125_7_47_1', '1458125_7_43_1', '1458125_7_2_1', '1458125_7_1_1', '1458125_7_4_1', '1458125_7_3_1', '1458125_7_6_1', '1458125_7_35_1', '1458125_7_28_1', '1458125_7_25_1', '1458125_7_24_1'], 'points': 'p8030,p8031,p8032,p8033,p8018,p8014', 'start_time_stamp': '20260517150000', 'end_time_stamp': '20260517180000', 'minute_interval': 5}
2026-05-18 01:01:05,635 - root - INFO - Successfully upserted 222 data points.
2026-05-18 01:01:05,640 - root - INFO - Fetching minute data with payload: {'ps_key_list': ['1458125_7_17_1', '1458125_7_45_1', '1458125_7_44_1', '1458125_7_48_1', '1458125_7_46_1', '1458125_7_9_1', '1458125_7_7_1', '1458125_7_37_1', '1458125_7_5_1', '1458125_7_42_1', '1458125_7_41_1', '1458125_7_40_1', '1458125_7_39_1', '1458125_7_36_1', '1458125_7_34_1', '1458125_7_33_1', '1458125_7_32_1', '1458125_7_31_1', '1458125_7_30_1', '1458125_7_29_1', '1458125_7_27_1', '1458125_7_26_1', '1458125_7_38_1', '1458125_7_47_1', '1458125_7_43_1', '1458125_7_2_1', '1458125_7_1_1', '1458125_7_4_1', '1458125_7_3_1', '1458125_7_6_1', '1458125_7_35_1', '1458125_7_28_1', '1458125_7_25_1', '1458125_7_24_1'], 'points': 'p8030,p8031,p8032,p8033,p8018,p8014', 'start_time_stamp': '20260517060000', 'end_time_stamp': '20260517090000', 'minute_interval': 5}
2026-05-18 01:01:05,816 - root - INFO - Successfully upserted 216 data points.
2026-05-18 01:01:05,855 - root - INFO - Successfully upserted 222 data points.
2026-05-18 01:01:05,856 - root - INFO - Fetching minute data with payload: {'ps_key_list': ['1458125_7_17_1', '1458125_7_45_1', '1458125_7_44_1', '1458125_7_48_1', '1458125_7_46_1', '1458125_7_9_1', '1458125_7_7_1', '1458125_7_37_1', '1458125_7_5_1', '1458125_7_42_1', '1458125_7_41_1', '1458125_7_40_1', '1458125_7_39_1', '1458125_7_36_1', '1458125_7_34_1', '1458125_7_33_1', '1458125_7_32_1', '1458125_7_31_1', '1458125_7_30_1', '1458125_7_29_1', '1458125_7_27_1', '1458125_7_26_1', '1458125_7_38_1', '1458125_7_47_1', '1458125_7_43_1', '1458125_7_2_1', '1458125_7_1_1', '1458125_7_4_1', '1458125_7_3_1', '1458125_7_6_1', '1458125_7_35_1', '1458125_7_28_1', '1458125_7_25_1', '1458125_7_24_1'], 'points': 'p8030,p8031,p8032,p8033,p8018,p8014', 'start_time_stamp': '20260517210000', 'end_time_stamp': '20260517235959', 'minute_interval': 5}
2026-05-18 01:01:05,857 - root - INFO - Fetching minute data with payload: {'ps_key_list': ['1458125_7_17_1', '1458125_7_45_1', '1458125_7_44_1', '1458125_7_48_1', '1458125_7_46_1', '1458125_7_9_1', '1458125_7_7_1', '1458125_7_37_1', '1458125_7_5_1', '1458125_7_42_1', '1458125_7_41_1', '1458125_7_40_1', '1458125_7_39_1', '1458125_7_36_1', '1458125_7_34_1', '1458125_7_33_1', '1458125_7_32_1', '1458125_7_31_1', '1458125_7_30_1', '1458125_7_29_1', '1458125_7_27_1', '1458125_7_26_1', '1458125_7_38_1', '1458125_7_47_1', '1458125_7_43_1', '1458125_7_2_1', '1458125_7_1_1', '1458125_7_4_1', '1458125_7_3_1', '1458125_7_6_1', '1458125_7_35_1', '1458125_7_28_1', '1458125_7_25_1', '1458125_7_24_1'], 'points': 'p8030,p8031,p8032,p8033,p8018,p8014', 'start_time_stamp': '20260517120000', 'end_time_stamp': '20260517150000', 'minute_interval': 5}
2026-05-18 01:01:06,127 - root - INFO - Successfully upserted 222 data points.
2026-05-18 01:01:06,162 - root - INFO - Fetching minute data with payload: {'ps_key_list': ['1458125_7_17_1', '1458125_7_45_1', '1458125_7_44_1', '1458125_7_48_1', '1458125_7_46_1', '1458125_7_9_1', '1458125_7_7_1', '1458125_7_37_1', '1458125_7_5_1', '1458125_7_42_1', '1458125_7_41_1', '1458125_7_40_1', '1458125_7_39_1', '1458125_7_36_1', '1458125_7_34_1', '1458125_7_33_1', '1458125_7_32_1', '1458125_7_31_1', '1458125_7_30_1', '1458125_7_29_1', '1458125_7_27_1', '1458125_7_26_1', '1458125_7_38_1', '1458125_7_47_1', '1458125_7_43_1', '1458125_7_2_1', '1458125_7_1_1', '1458125_7_4_1', '1458125_7_3_1', '1458125_7_6_1', '1458125_7_35_1', '1458125_7_28_1', '1458125_7_25_1', '1458125_7_24_1'], 'points': 'p8030,p8031,p8032,p8033,p8018,p8014', 'start_time_stamp': '20260517180000', 'end_time_stamp': '20260517210000', 'minute_interval': 5}
2026-05-18 01:01:06,561 - root - INFO - Successfully upserted 222 data points.
2026-05-18 01:01:06,561 - root - INFO - Fetching minute data with payload: {'ps_key_list': ['1458125_7_17_1', '1458125_7_45_1', '1458125_7_44_1', '1458125_7_48_1', '1458125_7_46_1', '1458125_7_9_1', '1458125_7_7_1', '1458125_7_37_1', '1458125_7_5_1', '1458125_7_42_1', '1458125_7_41_1', '1458125_7_40_1', '1458125_7_39_1', '1458125_7_36_1', '1458125_7_34_1', '1458125_7_33_1', '1458125_7_32_1', '1458125_7_31_1', '1458125_7_30_1', '1458125_7_29_1', '1458125_7_27_1', '1458125_7_26_1', '1458125_7_38_1', '1458125_7_47_1', '1458125_7_43_1', '1458125_7_2_1', '1458125_7_1_1', '1458125_7_4_1', '1458125_7_3_1', '1458125_7_6_1', '1458125_7_35_1', '1458125_7_28_1', '1458125_7_25_1', '1458125_7_24_1'], 'points': 'p8030,p8031,p8032,p8033,p8018,p8014', 'start_time_stamp': '20260517090000', 'end_time_stamp': '20260517120000', 'minute_interval': 5}
2026-05-18 01:01:07,949 - root - INFO - Successfully upserted 185 data points.
2026-05-18 01:01:07,949 - root - INFO - Fetching minute data with payload: {'ps_key_list': ['1458125_1_37_1', '1458125_1_46_1', '1458125_1_45_1', '1458125_1_44_1', '1458125_1_5_1', '1458125_1_1_1', '1458125_1_4_1', '1458125_1_3_1', '1458125_1_6_1', '1458125_1_27_1', '1458125_1_26_1', '1458125_1_39_1', '1458125_1_38_1', '1458125_1_25_1', '1458125_1_41_1', '1458125_1_40_1', '1458125_1_36_1', '1458125_1_34_1', '1458125_1_33_1', '1458125_1_32_1', '1458125_1_31_1', '1458125_1_30_1', '1458125_1_29_1', '1458125_1_42_1', '1458125_1_48_1', '1458125_1_47_1', '1458125_1_43_1', '1458125_1_35_1', '1458125_1_2_1'], 'points': 'p96,p97,p98,p99,p100,p101,p102,p103,p104,p105,p106,p107,p108,p109,p110,p111,p112,p113,p7166,p7167,p7168,p7169,p7170,p7171,p70,p71,p72,p73,p74,p75,p76,p77,p78,p79,p80,p81,p82,p83,p84,p85,p92,p93,p313,p314,p315,p316,p317,p318', 'start_time_stamp': '20260517030000', 'end_time_stamp': '20260517060000', 'minute_interval': 5}
2026-05-18 01:01:08,226 - root - INFO - Successfully upserted 185 data points.
2026-05-18 01:01:08,227 - root - INFO - Fetching minute data with payload: {'ps_key_list': ['1458125_1_37_1', '1458125_1_46_1', '1458125_1_45_1', '1458125_1_44_1', '1458125_1_5_1', '1458125_1_1_1', '1458125_1_4_1', '1458125_1_3_1', '1458125_1_6_1', '1458125_1_27_1', '1458125_1_26_1', '1458125_1_39_1', '1458125_1_38_1', '1458125_1_25_1', '1458125_1_41_1', '1458125_1_40_1', '1458125_1_36_1', '1458125_1_34_1', '1458125_1_33_1', '1458125_1_32_1', '1458125_1_31_1', '1458125_1_30_1', '1458125_1_29_1', '1458125_1_42_1', '1458125_1_48_1', '1458125_1_47_1', '1458125_1_43_1', '1458125_1_35_1', '1458125_1_2_1'], 'points': 'p96,p97,p98,p99,p100,p101,p102,p103,p104,p105,p106,p107,p108,p109,p110,p111,p112,p113,p7166,p7167,p7168,p7169,p7170,p7171,p70,p71,p72,p73,p74,p75,p76,p77,p78,p79,p80,p81,p82,p83,p84,p85,p92,p93,p313,p314,p315,p316,p317,p318', 'start_time_stamp': '20260517000000', 'end_time_stamp': '20260517030000', 'minute_interval': 5}
2026-05-18 01:01:08,615 - root - INFO - Successfully upserted 185 data points.
2026-05-18 01:01:08,616 - root - INFO - Fetching minute data with payload: {'ps_key_list': ['1458125_1_37_1', '1458125_1_46_1', '1458125_1_45_1', '1458125_1_44_1', '1458125_1_5_1', '1458125_1_1_1', '1458125_1_4_1', '1458125_1_3_1', '1458125_1_6_1', '1458125_1_27_1', '1458125_1_26_1', '1458125_1_39_1', '1458125_1_38_1', '1458125_1_25_1', '1458125_1_41_1', '1458125_1_40_1', '1458125_1_36_1', '1458125_1_34_1', '1458125_1_33_1', '1458125_1_32_1', '1458125_1_31_1', '1458125_1_30_1', '1458125_1_29_1', '1458125_1_42_1', '1458125_1_48_1', '1458125_1_47_1', '1458125_1_43_1', '1458125_1_35_1', '1458125_1_2_1'], 'points': 'p96,p97,p98,p99,p100,p101,p102,p103,p104,p105,p106,p107,p108,p109,p110,p111,p112,p113,p7166,p7167,p7168,p7169,p7170,p7171,p70,p71,p72,p73,p74,p75,p76,p77,p78,p79,p80,p81,p82,p83,p84,p85,p92,p93,p313,p314,p315,p316,p317,p318', 'start_time_stamp': '20260517060000', 'end_time_stamp': '20260517090000', 'minute_interval': 5}
2026-05-18 01:01:08,725 - root - INFO - Successfully upserted 185 data points.
2026-05-18 01:01:08,740 - root - INFO - Fetching minute data with payload: {'ps_key_list': ['1458125_1_37_1', '1458125_1_46_1', '1458125_1_45_1', '1458125_1_44_1', '1458125_1_5_1', '1458125_1_1_1', '1458125_1_4_1', '1458125_1_3_1', '1458125_1_6_1', '1458125_1_27_1', '1458125_1_26_1', '1458125_1_39_1', '1458125_1_38_1', '1458125_1_25_1', '1458125_1_41_1', '1458125_1_40_1', '1458125_1_36_1', '1458125_1_34_1', '1458125_1_33_1', '1458125_1_32_1', '1458125_1_31_1', '1458125_1_30_1', '1458125_1_29_1', '1458125_1_42_1', '1458125_1_48_1', '1458125_1_47_1', '1458125_1_43_1', '1458125_1_35_1', '1458125_1_2_1'], 'points': 'p96,p97,p98,p99,p100,p101,p102,p103,p104,p105,p106,p107,p108,p109,p110,p111,p112,p113,p7166,p7167,p7168,p7169,p7170,p7171,p70,p71,p72,p73,p74,p75,p76,p77,p78,p79,p80,p81,p82,p83,p84,p85,p92,p93,p313,p314,p315,p316,p317,p318', 'start_time_stamp': '20260517150000', 'end_time_stamp': '20260517180000', 'minute_interval': 5}
2026-05-18 01:01:08,754 - root - INFO - Successfully upserted 169 data points.
2026-05-18 01:01:08,759 - root - INFO - Fetching minute data with payload: {'ps_key_list': ['1458125_1_37_1', '1458125_1_46_1', '1458125_1_45_1', '1458125_1_44_1', '1458125_1_5_1', '1458125_1_1_1', '1458125_1_4_1', '1458125_1_3_1', '1458125_1_6_1', '1458125_1_27_1', '1458125_1_26_1', '1458125_1_39_1', '1458125_1_38_1', '1458125_1_25_1', '1458125_1_41_1', '1458125_1_40_1', '1458125_1_36_1', '1458125_1_34_1', '1458125_1_33_1', '1458125_1_32_1', '1458125_1_31_1', '1458125_1_30_1', '1458125_1_29_1', '1458125_1_42_1', '1458125_1_48_1', '1458125_1_47_1', '1458125_1_43_1', '1458125_1_35_1', '1458125_1_2_1'], 'points': 'p96,p97,p98,p99,p100,p101,p102,p103,p104,p105,p106,p107,p108,p109,p110,p111,p112,p113,p7166,p7167,p7168,p7169,p7170,p7171,p70,p71,p72,p73,p74,p75,p76,p77,p78,p79,p80,p81,p82,p83,p84,p85,p92,p93,p313,p314,p315,p316,p317,p318', 'start_time_stamp': '20260517210000', 'end_time_stamp': '20260517235959', 'minute_interval': 5}
2026-05-18 01:01:08,812 - root - INFO - Successfully upserted 185 data points.
2026-05-18 01:01:08,813 - root - INFO - Fetching minute data with payload: {'ps_key_list': ['1458125_1_37_1', '1458125_1_46_1', '1458125_1_45_1', '1458125_1_44_1', '1458125_1_5_1', '1458125_1_1_1', '1458125_1_4_1', '1458125_1_3_1', '1458125_1_6_1', '1458125_1_27_1', '1458125_1_26_1', '1458125_1_39_1', '1458125_1_38_1', '1458125_1_25_1', '1458125_1_41_1', '1458125_1_40_1', '1458125_1_36_1', '1458125_1_34_1', '1458125_1_33_1', '1458125_1_32_1', '1458125_1_31_1', '1458125_1_30_1', '1458125_1_29_1', '1458125_1_42_1', '1458125_1_48_1', '1458125_1_47_1', '1458125_1_43_1', '1458125_1_35_1', '1458125_1_2_1'], 'points': 'p96,p97,p98,p99,p100,p101,p102,p103,p104,p105,p106,p107,p108,p109,p110,p111,p112,p113,p7166,p7167,p7168,p7169,p7170,p7171,p70,p71,p72,p73,p74,p75,p76,p77,p78,p79,p80,p81,p82,p83,p84,p85,p92,p93,p313,p314,p315,p316,p317,p318', 'start_time_stamp': '20260517120000', 'end_time_stamp': '20260517150000', 'minute_interval': 5}
2026-05-18 01:01:09,196 - root - INFO - Successfully upserted 185 data points.
2026-05-18 01:01:09,199 - root - INFO - Fetching minute data with payload: {'ps_key_list': ['1458125_1_37_1', '1458125_1_46_1', '1458125_1_45_1', '1458125_1_44_1', '1458125_1_5_1', '1458125_1_1_1', '1458125_1_4_1', '1458125_1_3_1', '1458125_1_6_1', '1458125_1_27_1', '1458125_1_26_1', '1458125_1_39_1', '1458125_1_38_1', '1458125_1_25_1', '1458125_1_41_1', '1458125_1_40_1', '1458125_1_36_1', '1458125_1_34_1', '1458125_1_33_1', '1458125_1_32_1', '1458125_1_31_1', '1458125_1_30_1', '1458125_1_29_1', '1458125_1_42_1', '1458125_1_48_1', '1458125_1_47_1', '1458125_1_43_1', '1458125_1_35_1', '1458125_1_2_1'], 'points': 'p96,p97,p98,p99,p100,p101,p102,p103,p104,p105,p106,p107,p108,p109,p110,p111,p112,p113,p7166,p7167,p7168,p7169,p7170,p7171,p70,p71,p72,p73,p74,p75,p76,p77,p78,p79,p80,p81,p82,p83,p84,p85,p92,p93,p313,p314,p315,p316,p317,p318', 'start_time_stamp': '20260517180000', 'end_time_stamp': '20260517210000', 'minute_interval': 5}
2026-05-18 01:01:09,392 - root - INFO - Successfully upserted 185 data points.
2026-05-18 01:01:09,400 - root - INFO - Fetching minute data with payload: {'ps_key_list': ['1458125_1_37_1', '1458125_1_46_1', '1458125_1_45_1', '1458125_1_44_1', '1458125_1_5_1', '1458125_1_1_1', '1458125_1_4_1', '1458125_1_3_1', '1458125_1_6_1', '1458125_1_27_1', '1458125_1_26_1', '1458125_1_39_1', '1458125_1_38_1', '1458125_1_25_1', '1458125_1_41_1', '1458125_1_40_1', '1458125_1_36_1', '1458125_1_34_1', '1458125_1_33_1', '1458125_1_32_1', '1458125_1_31_1', '1458125_1_30_1', '1458125_1_29_1', '1458125_1_42_1', '1458125_1_48_1', '1458125_1_47_1', '1458125_1_43_1', '1458125_1_35_1', '1458125_1_2_1'], 'points': 'p96,p97,p98,p99,p100,p101,p102,p103,p104,p105,p106,p107,p108,p109,p110,p111,p112,p113,p7166,p7167,p7168,p7169,p7170,p7171,p70,p71,p72,p73,p74,p75,p76,p77,p78,p79,p80,p81,p82,p83,p84,p85,p92,p93,p313,p314,p315,p316,p317,p318', 'start_time_stamp': '20260517090000', 'end_time_stamp': '20260517120000', 'minute_interval': 5}
2026-05-18 01:01:13,184 - root - INFO - Successfully upserted 222 data points.
2026-05-18 01:01:13,195 - root - INFO - Fetching minute data with payload: {'ps_key_list': ['1458125_5_23_1', '1458125_5_22_1', '1458125_5_21_1', '1458125_5_20_1', '1458125_5_19_1', '1458125_5_18_1', '1458125_5_12_1', '1458125_5_13_1', '1458125_5_14_1', '1458125_5_15_1', '1458125_5_16_1'], 'points': 'p2003,p2001,p2005,p2007,p2009,p2010,p2022,p2016,p2012', 'start_time_stamp': '20260517000000', 'end_time_stamp': '20260517030000', 'minute_interval': 5}
2026-05-18 01:01:13,214 - root - INFO - Successfully upserted 216 data points.
2026-05-18 01:01:13,227 - root - INFO - Fetching minute data with payload: {'ps_key_list': ['1458125_5_23_1', '1458125_5_22_1', '1458125_5_21_1', '1458125_5_20_1', '1458125_5_19_1', '1458125_5_18_1', '1458125_5_12_1', '1458125_5_13_1', '1458125_5_14_1', '1458125_5_15_1', '1458125_5_16_1'], 'points': 'p2003,p2001,p2005,p2007,p2009,p2010,p2022,p2016,p2012', 'start_time_stamp': '20260517210000', 'end_time_stamp': '20260517235959', 'minute_interval': 5}
2026-05-18 01:01:13,238 - root - INFO - Successfully upserted 222 data points.
2026-05-18 01:01:13,363 - root - INFO - Fetching minute data with payload: {'ps_key_list': ['1458125_5_23_1', '1458125_5_22_1', '1458125_5_21_1', '1458125_5_20_1', '1458125_5_19_1', '1458125_5_18_1', '1458125_5_12_1', '1458125_5_13_1', '1458125_5_14_1', '1458125_5_15_1', '1458125_5_16_1'], 'points': 'p2003,p2001,p2005,p2007,p2009,p2010,p2022,p2016,p2012', 'start_time_stamp': '20260517090000', 'end_time_stamp': '20260517120000', 'minute_interval': 5}
2026-05-18 01:01:13,375 - root - INFO - Successfully upserted 222 data points.
2026-05-18 01:01:13,379 - root - INFO - Fetching minute data with payload: {'ps_key_list': ['1458125_5_23_1', '1458125_5_22_1', '1458125_5_21_1', '1458125_5_20_1', '1458125_5_19_1', '1458125_5_18_1', '1458125_5_12_1', '1458125_5_13_1', '1458125_5_14_1', '1458125_5_15_1', '1458125_5_16_1'], 'points': 'p2003,p2001,p2005,p2007,p2009,p2010,p2022,p2016,p2012', 'start_time_stamp': '20260517060000', 'end_time_stamp': '20260517090000', 'minute_interval': 5}
2026-05-18 01:01:13,490 - root - INFO - Successfully upserted 222 data points.
2026-05-18 01:01:13,491 - root - INFO - Successfully upserted 222 data points.
2026-05-18 01:01:13,576 - root - INFO - Successfully upserted 222 data points.
2026-05-18 01:01:13,643 - root - INFO - Successfully upserted 222 data points.
2026-05-18 01:01:13,979 - root - INFO - Fetching minute data with payload: {'ps_key_list': ['1458125_5_23_1', '1458125_5_22_1', '1458125_5_21_1', '1458125_5_20_1', '1458125_5_19_1', '1458125_5_18_1', '1458125_5_12_1', '1458125_5_13_1', '1458125_5_14_1', '1458125_5_15_1', '1458125_5_16_1'], 'points': 'p2003,p2001,p2005,p2007,p2009,p2010,p2022,p2016,p2012', 'start_time_stamp': '20260517030000', 'end_time_stamp': '20260517060000', 'minute_interval': 5}
2026-05-18 01:01:13,984 - root - INFO - Fetching minute data with payload: {'ps_key_list': ['1458125_5_23_1', '1458125_5_22_1', '1458125_5_21_1', '1458125_5_20_1', '1458125_5_19_1', '1458125_5_18_1', '1458125_5_12_1', '1458125_5_13_1', '1458125_5_14_1', '1458125_5_15_1', '1458125_5_16_1'], 'points': 'p2003,p2001,p2005,p2007,p2009,p2010,p2022,p2016,p2012', 'start_time_stamp': '20260517150000', 'end_time_stamp': '20260517180000', 'minute_interval': 5}
2026-05-18 01:01:13,985 - root - INFO - Fetching minute data with payload: {'ps_key_list': ['1458125_5_23_1', '1458125_5_22_1', '1458125_5_21_1', '1458125_5_20_1', '1458125_5_19_1', '1458125_5_18_1', '1458125_5_12_1', '1458125_5_13_1', '1458125_5_14_1', '1458125_5_15_1', '1458125_5_16_1'], 'points': 'p2003,p2001,p2005,p2007,p2009,p2010,p2022,p2016,p2012', 'start_time_stamp': '20260517120000', 'end_time_stamp': '20260517150000', 'minute_interval': 5}
2026-05-18 01:01:13,985 - root - INFO - Fetching minute data with payload: {'ps_key_list': ['1458125_5_23_1', '1458125_5_22_1', '1458125_5_21_1', '1458125_5_20_1', '1458125_5_19_1', '1458125_5_18_1', '1458125_5_12_1', '1458125_5_13_1', '1458125_5_14_1', '1458125_5_15_1', '1458125_5_16_1'], 'points': 'p2003,p2001,p2005,p2007,p2009,p2010,p2022,p2016,p2012', 'start_time_stamp': '20260517180000', 'end_time_stamp': '20260517210000', 'minute_interval': 5}
2026-05-18 01:01:16,448 - root - INFO - Successfully upserted 144 data points.
2026-05-18 01:01:16,449 - root - INFO - Fetching minute data with payload: {'ps_key_list': ['1445767_7_14_1', '1445767_7_12_1', '1445767_7_11_1', '1445767_7_5_1', '1445767_7_6_1', '1445767_7_4_1'], 'points': 'p8030,p8031,p8032,p8033,p8018,p8014', 'start_time_stamp': '20260517210000', 'end_time_stamp': '20260517235959', 'minute_interval': 5}
2026-05-18 01:01:16,487 - root - INFO - Successfully upserted 148 data points.
2026-05-18 01:01:16,488 - root - INFO - Fetching minute data with payload: {'ps_key_list': ['1445767_7_14_1', '1445767_7_12_1', '1445767_7_11_1', '1445767_7_5_1', '1445767_7_6_1', '1445767_7_4_1'], 'points': 'p8030,p8031,p8032,p8033,p8018,p8014', 'start_time_stamp': '20260517090000', 'end_time_stamp': '20260517120000', 'minute_interval': 5}
2026-05-18 01:01:16,492 - root - INFO - Successfully upserted 148 data points.
2026-05-18 01:01:16,492 - root - INFO - Fetching minute data with payload: {'ps_key_list': ['1445767_7_14_1', '1445767_7_12_1', '1445767_7_11_1', '1445767_7_5_1', '1445767_7_6_1', '1445767_7_4_1'], 'points': 'p8030,p8031,p8032,p8033,p8018,p8014', 'start_time_stamp': '20260517000000', 'end_time_stamp': '20260517030000', 'minute_interval': 5}
2026-05-18 01:01:16,522 - root - INFO - Successfully upserted 148 data points.
2026-05-18 01:01:16,522 - root - INFO - Fetching minute data with payload: {'ps_key_list': ['1445767_7_14_1', '1445767_7_12_1', '1445767_7_11_1', '1445767_7_5_1', '1445767_7_6_1', '1445767_7_4_1'], 'points': 'p8030,p8031,p8032,p8033,p8018,p8014', 'start_time_stamp': '20260517060000', 'end_time_stamp': '20260517090000', 'minute_interval': 5}
2026-05-18 01:01:16,738 - root - INFO - Successfully upserted 148 data points.
2026-05-18 01:01:16,739 - root - INFO - Fetching minute data with payload: {'ps_key_list': ['1445767_7_14_1', '1445767_7_12_1', '1445767_7_11_1', '1445767_7_5_1', '1445767_7_6_1', '1445767_7_4_1'], 'points': 'p8030,p8031,p8032,p8033,p8018,p8014', 'start_time_stamp': '20260517030000', 'end_time_stamp': '20260517060000', 'minute_interval': 5}
2026-05-18 01:01:16,820 - root - INFO - Successfully upserted 148 data points.
2026-05-18 01:01:16,820 - root - INFO - Fetching minute data with payload: {'ps_key_list': ['1445767_7_14_1', '1445767_7_12_1', '1445767_7_11_1', '1445767_7_5_1', '1445767_7_6_1', '1445767_7_4_1'], 'points': 'p8030,p8031,p8032,p8033,p8018,p8014', 'start_time_stamp': '20260517150000', 'end_time_stamp': '20260517180000', 'minute_interval': 5}
2026-05-18 01:01:16,852 - root - INFO - Successfully upserted 148 data points.
2026-05-18 01:01:16,852 - root - INFO - Fetching minute data with payload: {'ps_key_list': ['1445767_7_14_1', '1445767_7_12_1', '1445767_7_11_1', '1445767_7_5_1', '1445767_7_6_1', '1445767_7_4_1'], 'points': 'p8030,p8031,p8032,p8033,p8018,p8014', 'start_time_stamp': '20260517120000', 'end_time_stamp': '20260517150000', 'minute_interval': 5}
2026-05-18 01:01:17,032 - root - INFO - Successfully upserted 148 data points.
2026-05-18 01:01:17,032 - root - INFO - Fetching minute data with payload: {'ps_key_list': ['1445767_7_14_1', '1445767_7_12_1', '1445767_7_11_1', '1445767_7_5_1', '1445767_7_6_1', '1445767_7_4_1'], 'points': 'p8030,p8031,p8032,p8033,p8018,p8014', 'start_time_stamp': '20260517180000', 'end_time_stamp': '20260517210000', 'minute_interval': 5}
2026-05-18 01:01:23,167 - root - INFO - Successfully upserted 185 data points.
2026-05-18 01:01:23,167 - root - INFO - Successfully upserted 185 data points.
2026-05-18 01:01:23,167 - root - INFO - Fetching minute data with payload: {'ps_key_list': ['1445767_5_13_1', '1445767_5_9_1', '1445767_5_8_1', '1445767_5_7_1'], 'points': 'p2003,p2001,p2005,p2007,p2009,p2010,p2022,p2016,p2012', 'start_time_stamp': '20260517150000', 'end_time_stamp': '20260517180000', 'minute_interval': 5}
2026-05-18 01:01:23,169 - root - INFO - Fetching minute data with payload: {'ps_key_list': ['1445767_5_13_1', '1445767_5_9_1', '1445767_5_8_1', '1445767_5_7_1'], 'points': 'p2003,p2001,p2005,p2007,p2009,p2010,p2022,p2016,p2012', 'start_time_stamp': '20260517030000', 'end_time_stamp': '20260517060000', 'minute_interval': 5}
2026-05-18 01:01:23,227 - root - INFO - Successfully upserted 185 data points.
2026-05-18 01:01:23,293 - root - INFO - Successfully upserted 185 data points.
2026-05-18 01:01:23,401 - root - INFO - Successfully upserted 185 data points.
2026-05-18 01:01:23,407 - root - INFO - Fetching minute data with payload: {'ps_key_list': ['1445767_5_13_1', '1445767_5_9_1', '1445767_5_8_1', '1445767_5_7_1'], 'points': 'p2003,p2001,p2005,p2007,p2009,p2010,p2022,p2016,p2012', 'start_time_stamp': '20260517180000', 'end_time_stamp': '20260517210000', 'minute_interval': 5}
2026-05-18 01:01:23,435 - root - INFO - Successfully upserted 169 data points.
2026-05-18 01:01:23,443 - root - INFO - Successfully upserted 185 data points.
2026-05-18 01:01:23,480 - root - INFO - Fetching minute data with payload: {'ps_key_list': ['1445767_5_13_1', '1445767_5_9_1', '1445767_5_8_1', '1445767_5_7_1'], 'points': 'p2003,p2001,p2005,p2007,p2009,p2010,p2022,p2016,p2012', 'start_time_stamp': '20260517120000', 'end_time_stamp': '20260517150000', 'minute_interval': 5}
2026-05-18 01:01:23,481 - root - INFO - Successfully upserted 185 data points.
2026-05-18 01:01:23,482 - root - INFO - Fetching minute data with payload: {'ps_key_list': ['1445767_5_13_1', '1445767_5_9_1', '1445767_5_8_1', '1445767_5_7_1'], 'points': 'p2003,p2001,p2005,p2007,p2009,p2010,p2022,p2016,p2012', 'start_time_stamp': '20260517000000', 'end_time_stamp': '20260517030000', 'minute_interval': 5}
2026-05-18 01:01:23,484 - root - INFO - Fetching minute data with payload: {'ps_key_list': ['1445767_5_13_1', '1445767_5_9_1', '1445767_5_8_1', '1445767_5_7_1'], 'points': 'p2003,p2001,p2005,p2007,p2009,p2010,p2022,p2016,p2012', 'start_time_stamp': '20260517210000', 'end_time_stamp': '20260517235959', 'minute_interval': 5}
2026-05-18 01:01:23,485 - root - INFO - Fetching minute data with payload: {'ps_key_list': ['1445767_5_13_1', '1445767_5_9_1', '1445767_5_8_1', '1445767_5_7_1'], 'points': 'p2003,p2001,p2005,p2007,p2009,p2010,p2022,p2016,p2012', 'start_time_stamp': '20260517090000', 'end_time_stamp': '20260517120000', 'minute_interval': 5}
2026-05-18 01:01:23,486 - root - INFO - Fetching minute data with payload: {'ps_key_list': ['1445767_5_13_1', '1445767_5_9_1', '1445767_5_8_1', '1445767_5_7_1'], 'points': 'p2003,p2001,p2005,p2007,p2009,p2010,p2022,p2016,p2012', 'start_time_stamp': '20260517060000', 'end_time_stamp': '20260517090000', 'minute_interval': 5}
2026-05-18 01:01:25,892 - root - INFO - Successfully upserted 148 data points.
2026-05-18 01:01:25,892 - root - INFO - Fetching minute data with payload: {'ps_key_list': ['1445767_1_3_1', '1445767_1_2_1', '1445767_1_1_1'], 'points': 'p96,p97,p98,p99,p100,p101,p102,p103,p104,p105,p106,p107,p108,p109,p110,p111,p112,p113,p7166,p7167,p7168,p7169,p7170,p7171,p70,p71,p72,p73,p74,p75,p76,p77,p78,p79,p80,p81,p82,p83,p84,p85,p92,p93,p313,p314,p315,p316,p317,p318', 'start_time_stamp': '20260517150000', 'end_time_stamp': '20260517180000', 'minute_interval': 5}
2026-05-18 01:01:26,258 - root - INFO - Successfully upserted 148 data points.
2026-05-18 01:01:26,258 - root - INFO - Successfully upserted 148 data points.
2026-05-18 01:01:26,259 - root - INFO - Fetching minute data with payload: {'ps_key_list': ['1445767_1_3_1', '1445767_1_2_1', '1445767_1_1_1'], 'points': 'p96,p97,p98,p99,p100,p101,p102,p103,p104,p105,p106,p107,p108,p109,p110,p111,p112,p113,p7166,p7167,p7168,p7169,p7170,p7171,p70,p71,p72,p73,p74,p75,p76,p77,p78,p79,p80,p81,p82,p83,p84,p85,p92,p93,p313,p314,p315,p316,p317,p318', 'start_time_stamp': '20260517180000', 'end_time_stamp': '20260517210000', 'minute_interval': 5}
2026-05-18 01:01:26,259 - root - INFO - Successfully upserted 148 data points.
2026-05-18 01:01:26,260 - root - INFO - Fetching minute data with payload: {'ps_key_list': ['1445767_1_3_1', '1445767_1_2_1', '1445767_1_1_1'], 'points': 'p96,p97,p98,p99,p100,p101,p102,p103,p104,p105,p106,p107,p108,p109,p110,p111,p112,p113,p7166,p7167,p7168,p7169,p7170,p7171,p70,p71,p72,p73,p74,p75,p76,p77,p78,p79,p80,p81,p82,p83,p84,p85,p92,p93,p313,p314,p315,p316,p317,p318', 'start_time_stamp': '20260517060000', 'end_time_stamp': '20260517090000', 'minute_interval': 5}
2026-05-18 01:01:26,262 - root - INFO - Fetching minute data with payload: {'ps_key_list': ['1445767_1_3_1', '1445767_1_2_1', '1445767_1_1_1'], 'points': 'p96,p97,p98,p99,p100,p101,p102,p103,p104,p105,p106,p107,p108,p109,p110,p111,p112,p113,p7166,p7167,p7168,p7169,p7170,p7171,p70,p71,p72,p73,p74,p75,p76,p77,p78,p79,p80,p81,p82,p83,p84,p85,p92,p93,p313,p314,p315,p316,p317,p318', 'start_time_stamp': '20260517120000', 'end_time_stamp': '20260517150000', 'minute_interval': 5}
2026-05-18 01:01:26,460 - root - INFO - Successfully upserted 148 data points.
2026-05-18 01:01:26,646 - root - INFO - Successfully upserted 148 data points.
2026-05-18 01:01:26,661 - root - INFO - Successfully upserted 148 data points.
2026-05-18 01:01:26,663 - root - INFO - Fetching minute data with payload: {'ps_key_list': ['1445767_1_3_1', '1445767_1_2_1', '1445767_1_1_1'], 'points': 'p96,p97,p98,p99,p100,p101,p102,p103,p104,p105,p106,p107,p108,p109,p110,p111,p112,p113,p7166,p7167,p7168,p7169,p7170,p7171,p70,p71,p72,p73,p74,p75,p76,p77,p78,p79,p80,p81,p82,p83,p84,p85,p92,p93,p313,p314,p315,p316,p317,p318', 'start_time_stamp': '20260517030000', 'end_time_stamp': '20260517060000', 'minute_interval': 5}
2026-05-18 01:01:26,664 - root - INFO - Fetching minute data with payload: {'ps_key_list': ['1445767_1_3_1', '1445767_1_2_1', '1445767_1_1_1'], 'points': 'p96,p97,p98,p99,p100,p101,p102,p103,p104,p105,p106,p107,p108,p109,p110,p111,p112,p113,p7166,p7167,p7168,p7169,p7170,p7171,p70,p71,p72,p73,p74,p75,p76,p77,p78,p79,p80,p81,p82,p83,p84,p85,p92,p93,p313,p314,p315,p316,p317,p318', 'start_time_stamp': '20260517090000', 'end_time_stamp': '20260517120000', 'minute_interval': 5}
2026-05-18 01:01:26,665 - root - INFO - Fetching minute data with payload: {'ps_key_list': ['1445767_1_3_1', '1445767_1_2_1', '1445767_1_1_1'], 'points': 'p96,p97,p98,p99,p100,p101,p102,p103,p104,p105,p106,p107,p108,p109,p110,p111,p112,p113,p7166,p7167,p7168,p7169,p7170,p7171,p70,p71,p72,p73,p74,p75,p76,p77,p78,p79,p80,p81,p82,p83,p84,p85,p92,p93,p313,p314,p315,p316,p317,p318', 'start_time_stamp': '20260517000000', 'end_time_stamp': '20260517030000', 'minute_interval': 5}
2026-05-18 01:01:26,703 - root - INFO - Successfully upserted 144 data points.
2026-05-18 01:01:26,732 - root - INFO - Fetching minute data with payload: {'ps_key_list': ['1445767_1_3_1', '1445767_1_2_1', '1445767_1_1_1'], 'points': 'p96,p97,p98,p99,p100,p101,p102,p103,p104,p105,p106,p107,p108,p109,p110,p111,p112,p113,p7166,p7167,p7168,p7169,p7170,p7171,p70,p71,p72,p73,p74,p75,p76,p77,p78,p79,p80,p81,p82,p83,p84,p85,p92,p93,p313,p314,p315,p316,p317,p318', 'start_time_stamp': '20260517210000', 'end_time_stamp': '20260517235959', 'minute_interval': 5}
2026-05-18 01:01:28,753 - root - INFO - Successfully upserted 111 data points.
2026-05-18 01:01:28,753 - root - INFO - Fetching minute data with payload: {'ps_key_list': ['1614122_7_12_1', '1614122_7_18_1', '1614122_7_11_1', '1614122_7_10_1', '1614122_7_14_1', '1614122_7_17_1'], 'points': 'p8030,p8031,p8032,p8033,p8018,p8014', 'start_time_stamp': '20260517150000', 'end_time_stamp': '20260517180000', 'minute_interval': 5}
2026-05-18 01:01:29,170 - root - INFO - Successfully upserted 111 data points.
2026-05-18 01:01:29,171 - root - INFO - Fetching minute data with payload: {'ps_key_list': ['1614122_7_12_1', '1614122_7_18_1', '1614122_7_11_1', '1614122_7_10_1', '1614122_7_14_1', '1614122_7_17_1'], 'points': 'p8030,p8031,p8032,p8033,p8018,p8014', 'start_time_stamp': '20260517060000', 'end_time_stamp': '20260517090000', 'minute_interval': 5}
2026-05-18 01:01:29,172 - root - INFO - Successfully upserted 111 data points.
2026-05-18 01:01:29,173 - root - INFO - Successfully upserted 111 data points.
2026-05-18 01:01:29,173 - root - INFO - Fetching minute data with payload: {'ps_key_list': ['1614122_7_12_1', '1614122_7_18_1', '1614122_7_11_1', '1614122_7_10_1', '1614122_7_14_1', '1614122_7_17_1'], 'points': 'p8030,p8031,p8032,p8033,p8018,p8014', 'start_time_stamp': '20260517180000', 'end_time_stamp': '20260517210000', 'minute_interval': 5}
2026-05-18 01:01:29,174 - root - INFO - Fetching minute data with payload: {'ps_key_list': ['1614122_7_12_1', '1614122_7_18_1', '1614122_7_11_1', '1614122_7_10_1', '1614122_7_14_1', '1614122_7_17_1'], 'points': 'p8030,p8031,p8032,p8033,p8018,p8014', 'start_time_stamp': '20260517120000', 'end_time_stamp': '20260517150000', 'minute_interval': 5}
2026-05-18 01:01:29,530 - root - INFO - Successfully upserted 111 data points.
2026-05-18 01:01:29,537 - root - INFO - Fetching minute data with payload: {'ps_key_list': ['1614122_7_12_1', '1614122_7_18_1', '1614122_7_11_1', '1614122_7_10_1', '1614122_7_14_1', '1614122_7_17_1'], 'points': 'p8030,p8031,p8032,p8033,p8018,p8014', 'start_time_stamp': '20260517030000', 'end_time_stamp': '20260517060000', 'minute_interval': 5}
2026-05-18 01:01:29,590 - root - INFO - Successfully upserted 111 data points.
2026-05-18 01:01:29,590 - root - INFO - Fetching minute data with payload: {'ps_key_list': ['1614122_7_12_1', '1614122_7_18_1', '1614122_7_11_1', '1614122_7_10_1', '1614122_7_14_1', '1614122_7_17_1'], 'points': 'p8030,p8031,p8032,p8033,p8018,p8014', 'start_time_stamp': '20260517090000', 'end_time_stamp': '20260517120000', 'minute_interval': 5}
2026-05-18 01:01:29,591 - root - INFO - Successfully upserted 108 data points.
2026-05-18 01:01:29,594 - root - INFO - Fetching minute data with payload: {'ps_key_list': ['1614122_7_12_1', '1614122_7_18_1', '1614122_7_11_1', '1614122_7_10_1', '1614122_7_14_1', '1614122_7_17_1'], 'points': 'p8030,p8031,p8032,p8033,p8018,p8014', 'start_time_stamp': '20260517000000', 'end_time_stamp': '20260517030000', 'minute_interval': 5}
2026-05-18 01:01:29,772 - root - INFO - Successfully upserted 108 data points.
2026-05-18 01:01:29,912 - root - INFO - Fetching minute data with payload: {'ps_key_list': ['1614122_7_12_1', '1614122_7_18_1', '1614122_7_11_1', '1614122_7_10_1', '1614122_7_14_1', '1614122_7_17_1'], 'points': 'p8030,p8031,p8032,p8033,p8018,p8014', 'start_time_stamp': '20260517210000', 'end_time_stamp': '20260517235959', 'minute_interval': 5}
2026-05-18 01:01:31,427 - root - INFO - Successfully upserted 185 data points.
2026-05-18 01:01:31,428 - root - INFO - Fetching minute data with payload: {'ps_key_list': ['1614122_1_3_1', '1614122_1_7_1', '1614122_1_4_1', '1614122_1_2_1', '1614122_1_1_1', '1614122_1_6_1', '1614122_1_5_1'], 'points': 'p96,p97,p98,p99,p100,p101,p102,p103,p104,p105,p106,p107,p108,p109,p110,p111,p112,p113,p7166,p7167,p7168,p7169,p7170,p7171,p70,p71,p72,p73,p74,p75,p76,p77,p78,p79,p80,p81,p82,p83,p84,p85,p92,p93,p313,p314,p315,p316,p317,p318', 'start_time_stamp': '20260517150000', 'end_time_stamp': '20260517180000', 'minute_interval': 5}
2026-05-18 01:01:32,040 - root - INFO - Successfully upserted 185 data points.
2026-05-18 01:01:32,041 - root - INFO - Fetching minute data with payload: {'ps_key_list': ['1614122_1_3_1', '1614122_1_7_1', '1614122_1_4_1', '1614122_1_2_1', '1614122_1_1_1', '1614122_1_6_1', '1614122_1_5_1'], 'points': 'p96,p97,p98,p99,p100,p101,p102,p103,p104,p105,p106,p107,p108,p109,p110,p111,p112,p113,p7166,p7167,p7168,p7169,p7170,p7171,p70,p71,p72,p73,p74,p75,p76,p77,p78,p79,p80,p81,p82,p83,p84,p85,p92,p93,p313,p314,p315,p316,p317,p318', 'start_time_stamp': '20260517120000', 'end_time_stamp': '20260517150000', 'minute_interval': 5}
2026-05-18 01:01:32,041 - root - INFO - Successfully upserted 185 data points.
2026-05-18 01:01:32,041 - root - INFO - Successfully upserted 185 data points.
2026-05-18 01:01:32,042 - root - INFO - Fetching minute data with payload: {'ps_key_list': ['1614122_1_3_1', '1614122_1_7_1', '1614122_1_4_1', '1614122_1_2_1', '1614122_1_1_1', '1614122_1_6_1', '1614122_1_5_1'], 'points': 'p96,p97,p98,p99,p100,p101,p102,p103,p104,p105,p106,p107,p108,p109,p110,p111,p112,p113,p7166,p7167,p7168,p7169,p7170,p7171,p70,p71,p72,p73,p74,p75,p76,p77,p78,p79,p80,p81,p82,p83,p84,p85,p92,p93,p313,p314,p315,p316,p317,p318', 'start_time_stamp': '20260517180000', 'end_time_stamp': '20260517210000', 'minute_interval': 5}
2026-05-18 01:01:32,043 - root - INFO - Fetching minute data with payload: {'ps_key_list': ['1614122_1_3_1', '1614122_1_7_1', '1614122_1_4_1', '1614122_1_2_1', '1614122_1_1_1', '1614122_1_6_1', '1614122_1_5_1'], 'points': 'p96,p97,p98,p99,p100,p101,p102,p103,p104,p105,p106,p107,p108,p109,p110,p111,p112,p113,p7166,p7167,p7168,p7169,p7170,p7171,p70,p71,p72,p73,p74,p75,p76,p77,p78,p79,p80,p81,p82,p83,p84,p85,p92,p93,p313,p314,p315,p316,p317,p318', 'start_time_stamp': '20260517060000', 'end_time_stamp': '20260517090000', 'minute_interval': 5}
2026-05-18 01:01:32,271 - root - INFO - Successfully upserted 185 data points.
2026-05-18 01:01:32,292 - root - INFO - Successfully upserted 185 data points.
2026-05-18 01:01:32,345 - root - INFO - Successfully upserted 185 data points.
2026-05-18 01:01:32,395 - root - INFO - Fetching minute data with payload: {'ps_key_list': ['1614122_1_3_1', '1614122_1_7_1', '1614122_1_4_1', '1614122_1_2_1', '1614122_1_1_1', '1614122_1_6_1', '1614122_1_5_1'], 'points': 'p96,p97,p98,p99,p100,p101,p102,p103,p104,p105,p106,p107,p108,p109,p110,p111,p112,p113,p7166,p7167,p7168,p7169,p7170,p7171,p70,p71,p72,p73,p74,p75,p76,p77,p78,p79,p80,p81,p82,p83,p84,p85,p92,p93,p313,p314,p315,p316,p317,p318', 'start_time_stamp': '20260517030000', 'end_time_stamp': '20260517060000', 'minute_interval': 5}
2026-05-18 01:01:32,423 - root - INFO - Fetching minute data with payload: {'ps_key_list': ['1614122_1_3_1', '1614122_1_7_1', '1614122_1_4_1', '1614122_1_2_1', '1614122_1_1_1', '1614122_1_6_1', '1614122_1_5_1'], 'points': 'p96,p97,p98,p99,p100,p101,p102,p103,p104,p105,p106,p107,p108,p109,p110,p111,p112,p113,p7166,p7167,p7168,p7169,p7170,p7171,p70,p71,p72,p73,p74,p75,p76,p77,p78,p79,p80,p81,p82,p83,p84,p85,p92,p93,p313,p314,p315,p316,p317,p318', 'start_time_stamp': '20260517000000', 'end_time_stamp': '20260517030000', 'minute_interval': 5}
2026-05-18 01:01:32,485 - root - INFO - Fetching minute data with payload: {'ps_key_list': ['1614122_1_3_1', '1614122_1_7_1', '1614122_1_4_1', '1614122_1_2_1', '1614122_1_1_1', '1614122_1_6_1', '1614122_1_5_1'], 'points': 'p96,p97,p98,p99,p100,p101,p102,p103,p104,p105,p106,p107,p108,p109,p110,p111,p112,p113,p7166,p7167,p7168,p7169,p7170,p7171,p70,p71,p72,p73,p74,p75,p76,p77,p78,p79,p80,p81,p82,p83,p84,p85,p92,p93,p313,p314,p315,p316,p317,p318', 'start_time_stamp': '20260517090000', 'end_time_stamp': '20260517120000', 'minute_interval': 5}
2026-05-18 01:01:32,507 - root - INFO - Successfully upserted 147 data points.
2026-05-18 01:01:32,510 - root - INFO - Fetching minute data with payload: {'ps_key_list': ['1614122_1_3_1', '1614122_1_7_1', '1614122_1_4_1', '1614122_1_2_1', '1614122_1_1_1', '1614122_1_6_1', '1614122_1_5_1'], 'points': 'p96,p97,p98,p99,p100,p101,p102,p103,p104,p105,p106,p107,p108,p109,p110,p111,p112,p113,p7166,p7167,p7168,p7169,p7170,p7171,p70,p71,p72,p73,p74,p75,p76,p77,p78,p79,p80,p81,p82,p83,p84,p85,p92,p93,p313,p314,p315,p316,p317,p318', 'start_time_stamp': '20260517210000', 'end_time_stamp': '20260517235959', 'minute_interval': 5}
2026-05-18 01:01:33,570 - root - INFO - Retrying API request after rate limit wait...
2026-05-18 01:01:33,570 - root - INFO - Making API request to: https://sg5.fusionsolar.huawei.com/rest/openapi/pvms/nbi/v1/device/history
2026-05-18 01:01:33,571 - root - INFO - Request payload: {'devDn': 'NE=78317346', 'devTypeId': 17, 'startTime': 1778950800000, 'endTime': 1779037199000}
2026-05-18 01:01:33,990 - root - INFO - Response status code: 200
2026-05-18 01:01:33,991 - root - INFO - API response from https://sg5.fusionsolar.huawei.com/rest/openapi/pvms/nbi/v1/device/history (truncated): {'failCode': 0, 'success': True, 'message': 'historical data information query successful.', 'data': []}
2026-05-18 01:01:33,998 - root - INFO - API Response type: <class 'dict'>
2026-05-18 01:01:33,998 - root - INFO - API Response keys: ['failCode', 'success', 'message', 'data']
2026-05-18 01:01:33,999 - root - INFO - API Response data is a list with 0 items
2026-05-18 01:01:33,999 - root - INFO - API Response has failCode: 0, message: historical data information query successful.
2026-05-18 01:01:33,999 - root - INFO - Using alternate response format: data as list
2026-05-18 01:01:34,000 - root - INFO - No data points returned for the query period
2026-05-18 01:01:34,001 - root - INFO - Using single devDn for device/history (API: one device per query)
2026-05-18 01:01:34,005 - root - INFO - Fetching historical data for 1 devices of type meter
2026-05-18 01:01:34,005 - root - INFO - Making API request to: https://sg5.fusionsolar.huawei.com/rest/openapi/pvms/nbi/v1/device/history
2026-05-18 01:01:34,005 - root - INFO - Request payload: {'devDn': 'NE=78317345', 'devTypeId': 17, 'startTime': 1778950800000, 'endTime': 1779037199000}
2026-05-18 01:01:34,126 - root - INFO - Successfully upserted 259 data points.
2026-05-18 01:01:34,127 - root - INFO - Fetching minute data with payload: {'ps_key_list': ['1614122_5_19_1', '1614122_5_16_1', '1614122_5_15_1', '1614122_5_14_1'], 'points': 'p2003,p2001,p2005,p2007,p2009,p2010,p2022,p2016,p2012', 'start_time_stamp': '20260517150000', 'end_time_stamp': '20260517180000', 'minute_interval': 5}
2026-05-18 01:01:34,372 - root - INFO - Response status code: 200
2026-05-18 01:01:34,372 - root - INFO - API response from https://sg5.fusionsolar.huawei.com/rest/openapi/pvms/nbi/v1/device/history (truncated): {'failCode': 407, 'success': False, 'message': 'Interface access frequency:0.39333333333333337/1second', 'data': []}
2026-05-18 01:01:34,373 - root - WARNING - API access frequency too high. Waiting 30 seconds before retry...
2026-05-18 01:01:35,640 - root - INFO - Successfully upserted 259 data points.
2026-05-18 01:01:35,662 - root - INFO - Fetching minute data with payload: {'ps_key_list': ['1614122_5_19_1', '1614122_5_16_1', '1614122_5_15_1', '1614122_5_14_1'], 'points': 'p2003,p2001,p2005,p2007,p2009,p2010,p2022,p2016,p2012', 'start_time_stamp': '20260517120000', 'end_time_stamp': '20260517150000', 'minute_interval': 5}
2026-05-18 01:01:35,670 - root - INFO - Successfully upserted 259 data points.
2026-05-18 01:01:35,672 - root - INFO - Fetching minute data with payload: {'ps_key_list': ['1614122_5_19_1', '1614122_5_16_1', '1614122_5_15_1', '1614122_5_14_1'], 'points': 'p2003,p2001,p2005,p2007,p2009,p2010,p2022,p2016,p2012', 'start_time_stamp': '20260517180000', 'end_time_stamp': '20260517210000', 'minute_interval': 5}
2026-05-18 01:01:35,695 - root - INFO - Successfully upserted 259 data points.
2026-05-18 01:01:35,867 - root - INFO - Successfully upserted 252 data points.
2026-05-18 01:01:35,885 - root - INFO - Successfully upserted 259 data points.
2026-05-18 01:01:35,888 - root - INFO - Successfully upserted 259 data points.
2026-05-18 01:01:35,909 - root - INFO - Fetching minute data with payload: {'ps_key_list': ['1614122_5_19_1', '1614122_5_16_1', '1614122_5_15_1', '1614122_5_14_1'], 'points': 'p2003,p2001,p2005,p2007,p2009,p2010,p2022,p2016,p2012', 'start_time_stamp': '20260517060000', 'end_time_stamp': '20260517090000', 'minute_interval': 5}
2026-05-18 01:01:35,952 - root - INFO - Successfully upserted 259 data points.
2026-05-18 01:01:35,959 - root - INFO - Fetching minute data with payload: {'ps_key_list': ['1614122_5_19_1', '1614122_5_16_1', '1614122_5_15_1', '1614122_5_14_1'], 'points': 'p2003,p2001,p2005,p2007,p2009,p2010,p2022,p2016,p2012', 'start_time_stamp': '20260517090000', 'end_time_stamp': '20260517120000', 'minute_interval': 5}
2026-05-18 01:01:36,103 - root - INFO - Fetching minute data with payload: {'ps_key_list': ['1614122_5_19_1', '1614122_5_16_1', '1614122_5_15_1', '1614122_5_14_1'], 'points': 'p2003,p2001,p2005,p2007,p2009,p2010,p2022,p2016,p2012', 'start_time_stamp': '20260517210000', 'end_time_stamp': '20260517235959', 'minute_interval': 5}
2026-05-18 01:01:36,104 - root - INFO - Fetching minute data with payload: {'ps_key_list': ['1614122_5_19_1', '1614122_5_16_1', '1614122_5_15_1', '1614122_5_14_1'], 'points': 'p2003,p2001,p2005,p2007,p2009,p2010,p2022,p2016,p2012', 'start_time_stamp': '20260517000000', 'end_time_stamp': '20260517030000', 'minute_interval': 5}
2026-05-18 01:01:36,104 - root - INFO - Fetching minute data with payload: {'ps_key_list': ['1614122_5_19_1', '1614122_5_16_1', '1614122_5_15_1', '1614122_5_14_1'], 'points': 'p2003,p2001,p2005,p2007,p2009,p2010,p2022,p2016,p2012', 'start_time_stamp': '20260517030000', 'end_time_stamp': '20260517060000', 'minute_interval': 5}
2026-05-18 01:01:36,753 - root - INFO - Successfully upserted 144 data points.
2026-05-18 01:01:36,753 - root - INFO - Fetching minute data with payload: {'ps_key_list': ['1479456_5_16_2', '1479456_5_27_1', '1479456_5_23_1', '1479456_5_22_1', '1479456_5_15_2', '1479456_5_14_2', '1479456_5_5_1', '1479456_5_26_1', '1479456_5_25_1', '1479456_5_24_1', '1479456_5_10_2', '1479456_5_9_2', '1479456_5_21_1', '1479456_5_19_1', '1479456_5_18_1', '1479456_5_17_1'], 'points': 'p2003,p2001,p2005,p2007,p2009,p2010,p2022,p2016,p2012', 'start_time_stamp': '20260517150000', 'end_time_stamp': '20260517180000', 'minute_interval': 5}
2026-05-18 01:01:38,523 - root - INFO - Successfully upserted 111 data points.
2026-05-18 01:01:38,523 - root - INFO - Fetching minute data with payload: {'ps_key_list': ['1479456_5_16_2', '1479456_5_27_1', '1479456_5_23_1', '1479456_5_22_1', '1479456_5_15_2', '1479456_5_14_2', '1479456_5_5_1', '1479456_5_26_1', '1479456_5_25_1', '1479456_5_24_1', '1479456_5_10_2', '1479456_5_9_2', '1479456_5_21_1', '1479456_5_19_1', '1479456_5_18_1', '1479456_5_17_1'], 'points': 'p2003,p2001,p2005,p2007,p2009,p2010,p2022,p2016,p2012', 'start_time_stamp': '20260517180000', 'end_time_stamp': '20260517210000', 'minute_interval': 5}
2026-05-18 01:01:38,535 - root - INFO - Successfully upserted 148 data points.
2026-05-18 01:01:38,536 - root - INFO - Fetching minute data with payload: {'ps_key_list': ['1479456_5_16_2', '1479456_5_27_1', '1479456_5_23_1', '1479456_5_22_1', '1479456_5_15_2', '1479456_5_14_2', '1479456_5_5_1', '1479456_5_26_1', '1479456_5_25_1', '1479456_5_24_1', '1479456_5_10_2', '1479456_5_9_2', '1479456_5_21_1', '1479456_5_19_1', '1479456_5_18_1', '1479456_5_17_1'], 'points': 'p2003,p2001,p2005,p2007,p2009,p2010,p2022,p2016,p2012', 'start_time_stamp': '20260517120000', 'end_time_stamp': '20260517150000', 'minute_interval': 5}
2026-05-18 01:01:38,752 - root - INFO - Successfully upserted 111 data points.
2026-05-18 01:01:38,782 - root - INFO - Successfully upserted 130 data points.
2026-05-18 01:01:38,817 - root - INFO - Successfully upserted 111 data points.
2026-05-18 01:01:38,819 - root - INFO - Successfully upserted 46 data points.
2026-05-18 01:01:38,821 - root - INFO - Fetching minute data with payload: {'ps_key_list': ['1479456_5_16_2', '1479456_5_27_1', '1479456_5_23_1', '1479456_5_22_1', '1479456_5_15_2', '1479456_5_14_2', '1479456_5_5_1', '1479456_5_26_1', '1479456_5_25_1', '1479456_5_24_1', '1479456_5_10_2', '1479456_5_9_2', '1479456_5_21_1', '1479456_5_19_1', '1479456_5_18_1', '1479456_5_17_1'], 'points': 'p2003,p2001,p2005,p2007,p2009,p2010,p2022,p2016,p2012', 'start_time_stamp': '20260517030000', 'end_time_stamp': '20260517060000', 'minute_interval': 5}
2026-05-18 01:01:38,822 - root - INFO - Fetching minute data with payload: {'ps_key_list': ['1479456_5_16_2', '1479456_5_27_1', '1479456_5_23_1', '1479456_5_22_1', '1479456_5_15_2', '1479456_5_14_2', '1479456_5_5_1', '1479456_5_26_1', '1479456_5_25_1', '1479456_5_24_1', '1479456_5_10_2', '1479456_5_9_2', '1479456_5_21_1', '1479456_5_19_1', '1479456_5_18_1', '1479456_5_17_1'], 'points': 'p2003,p2001,p2005,p2007,p2009,p2010,p2022,p2016,p2012', 'start_time_stamp': '20260517060000', 'end_time_stamp': '20260517090000', 'minute_interval': 5}
2026-05-18 01:01:38,823 - root - INFO - Fetching minute data with payload: {'ps_key_list': ['1479456_5_16_2', '1479456_5_27_1', '1479456_5_23_1', '1479456_5_22_1', '1479456_5_15_2', '1479456_5_14_2', '1479456_5_5_1', '1479456_5_26_1', '1479456_5_25_1', '1479456_5_24_1', '1479456_5_10_2', '1479456_5_9_2', '1479456_5_21_1', '1479456_5_19_1', '1479456_5_18_1', '1479456_5_17_1'], 'points': 'p2003,p2001,p2005,p2007,p2009,p2010,p2022,p2016,p2012', 'start_time_stamp': '20260517000000', 'end_time_stamp': '20260517030000', 'minute_interval': 5}
2026-05-18 01:01:39,042 - root - INFO - Successfully upserted 101 data points.
2026-05-18 01:01:39,197 - root - INFO - Fetching minute data with payload: {'ps_key_list': ['1479456_5_16_2', '1479456_5_27_1', '1479456_5_23_1', '1479456_5_22_1', '1479456_5_15_2', '1479456_5_14_2', '1479456_5_5_1', '1479456_5_26_1', '1479456_5_25_1', '1479456_5_24_1', '1479456_5_10_2', '1479456_5_9_2', '1479456_5_21_1', '1479456_5_19_1', '1479456_5_18_1', '1479456_5_17_1'], 'points': 'p2003,p2001,p2005,p2007,p2009,p2010,p2022,p2016,p2012', 'start_time_stamp': '20260517090000', 'end_time_stamp': '20260517120000', 'minute_interval': 5}
2026-05-18 01:01:39,198 - root - INFO - Fetching minute data with payload: {'ps_key_list': ['1479456_5_16_2', '1479456_5_27_1', '1479456_5_23_1', '1479456_5_22_1', '1479456_5_15_2', '1479456_5_14_2', '1479456_5_5_1', '1479456_5_26_1', '1479456_5_25_1', '1479456_5_24_1', '1479456_5_10_2', '1479456_5_9_2', '1479456_5_21_1', '1479456_5_19_1', '1479456_5_18_1', '1479456_5_17_1'], 'points': 'p2003,p2001,p2005,p2007,p2009,p2010,p2022,p2016,p2012', 'start_time_stamp': '20260517210000', 'end_time_stamp': '20260517235959', 'minute_interval': 5}
2026-05-18 01:01:39,414 - root - INFO - Successfully upserted 148 data points.
2026-05-18 01:01:39,415 - root - INFO - Fetching minute data with payload: {'ps_key_list': ['1479456_1_12_1', '1479456_1_11_1', '1479456_1_10_1', '1479456_1_9_1', '1479456_1_8_1', '1479456_1_7_1', '1479456_1_6_1', '1479456_1_2_2', '1479456_1_5_2', '1479456_1_1_2', '1479456_1_8_2', '1479456_1_1_1', '1479456_1_4_2', '1479456_1_3_2', '1479456_1_16_1', '1479456_1_15_1', '1479456_1_14_1', '1479456_1_13_1'], 'points': 'p96,p97,p98,p99,p100,p101,p102,p103,p104,p105,p106,p107,p108,p109,p110,p111,p112,p113,p7166,p7167,p7168,p7169,p7170,p7171,p70,p71,p72,p73,p74,p75,p76,p77,p78,p79,p80,p81,p82,p83,p84,p85,p92,p93,p313,p314,p315,p316,p317,p318', 'start_time_stamp': '20260517150000', 'end_time_stamp': '20260517180000', 'minute_interval': 5}
2026-05-18 01:01:41,463 - root - INFO - Successfully upserted 148 data points.
2026-05-18 01:01:41,463 - root - INFO - Fetching minute data with payload: {'ps_key_list': ['1479456_1_12_1', '1479456_1_11_1', '1479456_1_10_1', '1479456_1_9_1', '1479456_1_8_1', '1479456_1_7_1', '1479456_1_6_1', '1479456_1_2_2', '1479456_1_5_2', '1479456_1_1_2', '1479456_1_8_2', '1479456_1_1_1', '1479456_1_4_2', '1479456_1_3_2', '1479456_1_16_1', '1479456_1_15_1', '1479456_1_14_1', '1479456_1_13_1'], 'points': 'p96,p97,p98,p99,p100,p101,p102,p103,p104,p105,p106,p107,p108,p109,p110,p111,p112,p113,p7166,p7167,p7168,p7169,p7170,p7171,p70,p71,p72,p73,p74,p75,p76,p77,p78,p79,p80,p81,p82,p83,p84,p85,p92,p93,p313,p314,p315,p316,p317,p318', 'start_time_stamp': '20260517180000', 'end_time_stamp': '20260517210000', 'minute_interval': 5}
2026-05-18 01:01:41,578 - root - INFO - Successfully upserted 37 data points.
2026-05-18 01:01:41,578 - root - INFO - Fetching minute data with payload: {'ps_key_list': ['1479456_1_12_1', '1479456_1_11_1', '1479456_1_10_1', '1479456_1_9_1', '1479456_1_8_1', '1479456_1_7_1', '1479456_1_6_1', '1479456_1_2_2', '1479456_1_5_2', '1479456_1_1_2', '1479456_1_8_2', '1479456_1_1_1', '1479456_1_4_2', '1479456_1_3_2', '1479456_1_16_1', '1479456_1_15_1', '1479456_1_14_1', '1479456_1_13_1'], 'points': 'p96,p97,p98,p99,p100,p101,p102,p103,p104,p105,p106,p107,p108,p109,p110,p111,p112,p113,p7166,p7167,p7168,p7169,p7170,p7171,p70,p71,p72,p73,p74,p75,p76,p77,p78,p79,p80,p81,p82,p83,p84,p85,p92,p93,p313,p314,p315,p316,p317,p318', 'start_time_stamp': '20260517000000', 'end_time_stamp': '20260517030000', 'minute_interval': 5}
2026-05-18 01:01:41,629 - root - INFO - Successfully upserted 128 data points.
2026-05-18 01:01:41,642 - root - INFO - Successfully upserted 37 data points.
2026-05-18 01:01:41,656 - root - INFO - Successfully upserted 37 data points.
2026-05-18 01:01:41,658 - root - INFO - Fetching minute data with payload: {'ps_key_list': ['1479456_1_12_1', '1479456_1_11_1', '1479456_1_10_1', '1479456_1_9_1', '1479456_1_8_1', '1479456_1_7_1', '1479456_1_6_1', '1479456_1_2_2', '1479456_1_5_2', '1479456_1_1_2', '1479456_1_8_2', '1479456_1_1_1', '1479456_1_4_2', '1479456_1_3_2', '1479456_1_16_1', '1479456_1_15_1', '1479456_1_14_1', '1479456_1_13_1'], 'points': 'p96,p97,p98,p99,p100,p101,p102,p103,p104,p105,p106,p107,p108,p109,p110,p111,p112,p113,p7166,p7167,p7168,p7169,p7170,p7171,p70,p71,p72,p73,p74,p75,p76,p77,p78,p79,p80,p81,p82,p83,p84,p85,p92,p93,p313,p314,p315,p316,p317,p318', 'start_time_stamp': '20260517120000', 'end_time_stamp': '20260517150000', 'minute_interval': 5}
2026-05-18 01:01:41,658 - root - INFO - Fetching minute data with payload: {'ps_key_list': ['1479456_1_12_1', '1479456_1_11_1', '1479456_1_10_1', '1479456_1_9_1', '1479456_1_8_1', '1479456_1_7_1', '1479456_1_6_1', '1479456_1_2_2', '1479456_1_5_2', '1479456_1_1_2', '1479456_1_8_2', '1479456_1_1_1', '1479456_1_4_2', '1479456_1_3_2', '1479456_1_16_1', '1479456_1_15_1', '1479456_1_14_1', '1479456_1_13_1'], 'points': 'p96,p97,p98,p99,p100,p101,p102,p103,p104,p105,p106,p107,p108,p109,p110,p111,p112,p113,p7166,p7167,p7168,p7169,p7170,p7171,p70,p71,p72,p73,p74,p75,p76,p77,p78,p79,p80,p81,p82,p83,p84,p85,p92,p93,p313,p314,p315,p316,p317,p318', 'start_time_stamp': '20260517030000', 'end_time_stamp': '20260517060000', 'minute_interval': 5}
2026-05-18 01:01:41,659 - root - INFO - Fetching minute data with payload: {'ps_key_list': ['1479456_1_12_1', '1479456_1_11_1', '1479456_1_10_1', '1479456_1_9_1', '1479456_1_8_1', '1479456_1_7_1', '1479456_1_6_1', '1479456_1_2_2', '1479456_1_5_2', '1479456_1_1_2', '1479456_1_8_2', '1479456_1_1_1', '1479456_1_4_2', '1479456_1_3_2', '1479456_1_16_1', '1479456_1_15_1', '1479456_1_14_1', '1479456_1_13_1'], 'points': 'p96,p97,p98,p99,p100,p101,p102,p103,p104,p105,p106,p107,p108,p109,p110,p111,p112,p113,p7166,p7167,p7168,p7169,p7170,p7171,p70,p71,p72,p73,p74,p75,p76,p77,p78,p79,p80,p81,p82,p83,p84,p85,p92,p93,p313,p314,p315,p316,p317,p318', 'start_time_stamp': '20260517060000', 'end_time_stamp': '20260517090000', 'minute_interval': 5}
2026-05-18 01:01:41,867 - root - INFO - Successfully upserted 65 data points.
2026-05-18 01:01:41,928 - root - INFO - Successfully upserted 111 data points.
2026-05-18 01:01:41,964 - root - INFO - Fetching minute data with payload: {'ps_key_list': ['1479456_1_12_1', '1479456_1_11_1', '1479456_1_10_1', '1479456_1_9_1', '1479456_1_8_1', '1479456_1_7_1', '1479456_1_6_1', '1479456_1_2_2', '1479456_1_5_2', '1479456_1_1_2', '1479456_1_8_2', '1479456_1_1_1', '1479456_1_4_2', '1479456_1_3_2', '1479456_1_16_1', '1479456_1_15_1', '1479456_1_14_1', '1479456_1_13_1'], 'points': 'p96,p97,p98,p99,p100,p101,p102,p103,p104,p105,p106,p107,p108,p109,p110,p111,p112,p113,p7166,p7167,p7168,p7169,p7170,p7171,p70,p71,p72,p73,p74,p75,p76,p77,p78,p79,p80,p81,p82,p83,p84,p85,p92,p93,p313,p314,p315,p316,p317,p318', 'start_time_stamp': '20260517090000', 'end_time_stamp': '20260517120000', 'minute_interval': 5}
2026-05-18 01:01:41,968 - root - INFO - Fetching minute data with payload: {'ps_key_list': ['1479456_1_12_1', '1479456_1_11_1', '1479456_1_10_1', '1479456_1_9_1', '1479456_1_8_1', '1479456_1_7_1', '1479456_1_6_1', '1479456_1_2_2', '1479456_1_5_2', '1479456_1_1_2', '1479456_1_8_2', '1479456_1_1_1', '1479456_1_4_2', '1479456_1_3_2', '1479456_1_16_1', '1479456_1_15_1', '1479456_1_14_1', '1479456_1_13_1'], 'points': 'p96,p97,p98,p99,p100,p101,p102,p103,p104,p105,p106,p107,p108,p109,p110,p111,p112,p113,p7166,p7167,p7168,p7169,p7170,p7171,p70,p71,p72,p73,p74,p75,p76,p77,p78,p79,p80,p81,p82,p83,p84,p85,p92,p93,p313,p314,p315,p316,p317,p318', 'start_time_stamp': '20260517210000', 'end_time_stamp': '20260517235959', 'minute_interval': 5}
2026-05-18 01:01:42,567 - root - INFO - Successfully upserted 666 data points.
2026-05-18 01:01:42,568 - root - INFO - Fetching minute data with payload: {'ps_key_list': ['1479456_7_3_1', '1479456_7_2_1', '1479456_7_4_1', '1479456_7_13_2', '1479456_7_12_2', '1479456_7_11_2', '1479456_7_20_1'], 'points': 'p8030,p8031,p8032,p8033,p8018,p8014', 'start_time_stamp': '20260517150000', 'end_time_stamp': '20260517180000', 'minute_interval': 5}
2026-05-18 01:01:44,709 - root - INFO - Successfully upserted 666 data points.
2026-05-18 01:01:44,715 - root - INFO - Fetching minute data with payload: {'ps_key_list': ['1479456_7_3_1', '1479456_7_2_1', '1479456_7_4_1', '1479456_7_13_2', '1479456_7_12_2', '1479456_7_11_2', '1479456_7_20_1'], 'points': 'p8030,p8031,p8032,p8033,p8018,p8014', 'start_time_stamp': '20260517000000', 'end_time_stamp': '20260517030000', 'minute_interval': 5}
2026-05-18 01:01:44,828 - root - INFO - Successfully upserted 666 data points.
2026-05-18 01:01:44,829 - root - INFO - Fetching minute data with payload: {'ps_key_list': ['1479456_7_3_1', '1479456_7_2_1', '1479456_7_4_1', '1479456_7_13_2', '1479456_7_12_2', '1479456_7_11_2', '1479456_7_20_1'], 'points': 'p8030,p8031,p8032,p8033,p8018,p8014', 'start_time_stamp': '20260517180000', 'end_time_stamp': '20260517210000', 'minute_interval': 5}
2026-05-18 01:01:45,039 - root - INFO - Successfully upserted 666 data points.
2026-05-18 01:01:45,043 - root - INFO - Fetching minute data with payload: {'ps_key_list': ['1479456_7_3_1', '1479456_7_2_1', '1479456_7_4_1', '1479456_7_13_2', '1479456_7_12_2', '1479456_7_11_2', '1479456_7_20_1'], 'points': 'p8030,p8031,p8032,p8033,p8018,p8014', 'start_time_stamp': '20260517120000', 'end_time_stamp': '20260517150000', 'minute_interval': 5}
2026-05-18 01:01:45,053 - root - INFO - Successfully upserted 666 data points.
2026-05-18 01:01:45,054 - root - INFO - Fetching minute data with payload: {'ps_key_list': ['1479456_7_3_1', '1479456_7_2_1', '1479456_7_4_1', '1479456_7_13_2', '1479456_7_12_2', '1479456_7_11_2', '1479456_7_20_1'], 'points': 'p8030,p8031,p8032,p8033,p8018,p8014', 'start_time_stamp': '20260517030000', 'end_time_stamp': '20260517060000', 'minute_interval': 5}
2026-05-18 01:01:45,267 - root - INFO - Successfully upserted 648 data points.
2026-05-18 01:01:45,306 - root - INFO - Fetching minute data with payload: {'ps_key_list': ['1479456_7_3_1', '1479456_7_2_1', '1479456_7_4_1', '1479456_7_13_2', '1479456_7_12_2', '1479456_7_11_2', '1479456_7_20_1'], 'points': 'p8030,p8031,p8032,p8033,p8018,p8014', 'start_time_stamp': '20260517210000', 'end_time_stamp': '20260517235959', 'minute_interval': 5}
2026-05-18 01:01:45,340 - root - INFO - Successfully upserted 222 data points.
2026-05-18 01:01:45,447 - root - INFO - Successfully upserted 666 data points.
2026-05-18 01:01:45,651 - root - INFO - Successfully upserted 666 data points.
2026-05-18 01:01:45,685 - root - INFO - Fetching minute data with payload: {'ps_key_list': ['1789614_5_9_1', '1789614_5_8_1'], 'points': 'p2003,p2001,p2005,p2007,p2009,p2010,p2022,p2016,p2012', 'start_time_stamp': '20260517150000', 'end_time_stamp': '20260517180000', 'minute_interval': 5}
2026-05-18 01:01:45,688 - root - INFO - Fetching minute data with payload: {'ps_key_list': ['1479456_7_3_1', '1479456_7_2_1', '1479456_7_4_1', '1479456_7_13_2', '1479456_7_12_2', '1479456_7_11_2', '1479456_7_20_1'], 'points': 'p8030,p8031,p8032,p8033,p8018,p8014', 'start_time_stamp': '20260517060000', 'end_time_stamp': '20260517090000', 'minute_interval': 5}
2026-05-18 01:01:45,688 - root - INFO - Fetching minute data with payload: {'ps_key_list': ['1479456_7_3_1', '1479456_7_2_1', '1479456_7_4_1', '1479456_7_13_2', '1479456_7_12_2', '1479456_7_11_2', '1479456_7_20_1'], 'points': 'p8030,p8031,p8032,p8033,p8018,p8014', 'start_time_stamp': '20260517090000', 'end_time_stamp': '20260517120000', 'minute_interval': 5}
2026-05-18 01:01:48,217 - root - INFO - Successfully upserted 222 data points.
2026-05-18 01:01:48,217 - root - INFO - Successfully upserted 222 data points.
2026-05-18 01:01:48,217 - root - INFO - Fetching minute data with payload: {'ps_key_list': ['1789614_5_9_1', '1789614_5_8_1'], 'points': 'p2003,p2001,p2005,p2007,p2009,p2010,p2022,p2016,p2012', 'start_time_stamp': '20260517030000', 'end_time_stamp': '20260517060000', 'minute_interval': 5}
2026-05-18 01:01:48,219 - root - INFO - Fetching minute data with payload: {'ps_key_list': ['1789614_5_9_1', '1789614_5_8_1'], 'points': 'p2003,p2001,p2005,p2007,p2009,p2010,p2022,p2016,p2012', 'start_time_stamp': '20260517180000', 'end_time_stamp': '20260517210000', 'minute_interval': 5}
2026-05-18 01:01:48,287 - root - INFO - Successfully upserted 222 data points.
2026-05-18 01:01:48,287 - root - INFO - Fetching minute data with payload: {'ps_key_list': ['1789614_5_9_1', '1789614_5_8_1'], 'points': 'p2003,p2001,p2005,p2007,p2009,p2010,p2022,p2016,p2012', 'start_time_stamp': '20260517000000', 'end_time_stamp': '20260517030000', 'minute_interval': 5}
2026-05-18 01:01:48,435 - root - INFO - Successfully upserted 74 data points.
2026-05-18 01:01:48,436 - root - INFO - Fetching minute data with payload: {'ps_key_list': ['1789614_7_7_1', '1789614_7_6_1'], 'points': 'p8030,p8031,p8032,p8033,p8018,p8014', 'start_time_stamp': '20260517150000', 'end_time_stamp': '20260517180000', 'minute_interval': 5}
2026-05-18 01:01:48,530 - root - INFO - Successfully upserted 216 data points.
2026-05-18 01:01:48,635 - root - INFO - Successfully upserted 222 data points.
2026-05-18 01:01:48,716 - root - INFO - Successfully upserted 222 data points.
2026-05-18 01:01:48,777 - root - INFO - Successfully upserted 222 data points.
2026-05-18 01:01:48,819 - root - INFO - Fetching minute data with payload: {'ps_key_list': ['1789614_5_9_1', '1789614_5_8_1'], 'points': 'p2003,p2001,p2005,p2007,p2009,p2010,p2022,p2016,p2012', 'start_time_stamp': '20260517210000', 'end_time_stamp': '20260517235959', 'minute_interval': 5}
2026-05-18 01:01:48,822 - root - INFO - Fetching minute data with payload: {'ps_key_list': ['1789614_5_9_1', '1789614_5_8_1'], 'points': 'p2003,p2001,p2005,p2007,p2009,p2010,p2022,p2016,p2012', 'start_time_stamp': '20260517060000', 'end_time_stamp': '20260517090000', 'minute_interval': 5}
2026-05-18 01:01:48,840 - root - INFO - Fetching minute data with payload: {'ps_key_list': ['1789614_5_9_1', '1789614_5_8_1'], 'points': 'p2003,p2001,p2005,p2007,p2009,p2010,p2022,p2016,p2012', 'start_time_stamp': '20260517120000', 'end_time_stamp': '20260517150000', 'minute_interval': 5}
2026-05-18 01:01:48,841 - root - INFO - Fetching minute data with payload: {'ps_key_list': ['1789614_5_9_1', '1789614_5_8_1'], 'points': 'p2003,p2001,p2005,p2007,p2009,p2010,p2022,p2016,p2012', 'start_time_stamp': '20260517090000', 'end_time_stamp': '20260517120000', 'minute_interval': 5}
2026-05-18 01:01:51,375 - root - INFO - Successfully upserted 74 data points.
2026-05-18 01:01:51,376 - root - INFO - Fetching minute data with payload: {'ps_key_list': ['1789614_7_7_1', '1789614_7_6_1'], 'points': 'p8030,p8031,p8032,p8033,p8018,p8014', 'start_time_stamp': '20260517180000', 'end_time_stamp': '20260517210000', 'minute_interval': 5}
2026-05-18 01:01:51,382 - root - INFO - Successfully upserted 74 data points.
2026-05-18 01:01:51,382 - root - INFO - Fetching minute data with payload: {'ps_key_list': ['1789614_1_4_1', '1789614_1_3_1', '1789614_1_2_1', '1789614_1_1_1'], 'points': 'p96,p97,p98,p99,p100,p101,p102,p103,p104,p105,p106,p107,p108,p109,p110,p111,p112,p113,p7166,p7167,p7168,p7169,p7170,p7171,p70,p71,p72,p73,p74,p75,p76,p77,p78,p79,p80,p81,p82,p83,p84,p85,p92,p93,p313,p314,p315,p316,p317,p318', 'start_time_stamp': '20260517150000', 'end_time_stamp': '20260517180000', 'minute_interval': 5}
2026-05-18 01:01:51,383 - root - INFO - Successfully upserted 74 data points.
2026-05-18 01:01:51,384 - root - INFO - Fetching minute data with payload: {'ps_key_list': ['1789614_7_7_1', '1789614_7_6_1'], 'points': 'p8030,p8031,p8032,p8033,p8018,p8014', 'start_time_stamp': '20260517030000', 'end_time_stamp': '20260517060000', 'minute_interval': 5}
2026-05-18 01:01:51,397 - root - INFO - Successfully upserted 74 data points.
2026-05-18 01:01:51,397 - root - INFO - Fetching minute data with payload: {'ps_key_list': ['1789614_7_7_1', '1789614_7_6_1'], 'points': 'p8030,p8031,p8032,p8033,p8018,p8014', 'start_time_stamp': '20260517000000', 'end_time_stamp': '20260517030000', 'minute_interval': 5}
2026-05-18 01:01:51,704 - root - INFO - Successfully upserted 72 data points.
2026-05-18 01:01:51,705 - root - INFO - Fetching minute data with payload: {'ps_key_list': ['1789614_7_7_1', '1789614_7_6_1'], 'points': 'p8030,p8031,p8032,p8033,p8018,p8014', 'start_time_stamp': '20260517210000', 'end_time_stamp': '20260517235959', 'minute_interval': 5}
2026-05-18 01:01:51,705 - root - INFO - Successfully upserted 74 data points.
2026-05-18 01:01:51,707 - root - INFO - Fetching minute data with payload: {'ps_key_list': ['1789614_7_7_1', '1789614_7_6_1'], 'points': 'p8030,p8031,p8032,p8033,p8018,p8014', 'start_time_stamp': '20260517090000', 'end_time_stamp': '20260517120000', 'minute_interval': 5}
2026-05-18 01:01:51,719 - root - INFO - Successfully upserted 74 data points.
2026-05-18 01:01:51,719 - root - INFO - Fetching minute data with payload: {'ps_key_list': ['1789614_7_7_1', '1789614_7_6_1'], 'points': 'p8030,p8031,p8032,p8033,p8018,p8014', 'start_time_stamp': '20260517060000', 'end_time_stamp': '20260517090000', 'minute_interval': 5}
2026-05-18 01:01:51,762 - root - INFO - Successfully upserted 74 data points.
2026-05-18 01:01:51,762 - root - INFO - Fetching minute data with payload: {'ps_key_list': ['1789614_7_7_1', '1789614_7_6_1'], 'points': 'p8030,p8031,p8032,p8033,p8018,p8014', 'start_time_stamp': '20260517120000', 'end_time_stamp': '20260517150000', 'minute_interval': 5}
2026-05-18 01:02:00,188 - root - INFO - Successfully upserted 74 data points.
2026-05-18 01:02:00,216 - root - INFO - Fetching minute data with payload: {'ps_key_list': ['1789614_1_4_1', '1789614_1_3_1', '1789614_1_2_1', '1789614_1_1_1'], 'points': 'p96,p97,p98,p99,p100,p101,p102,p103,p104,p105,p106,p107,p108,p109,p110,p111,p112,p113,p7166,p7167,p7168,p7169,p7170,p7171,p70,p71,p72,p73,p74,p75,p76,p77,p78,p79,p80,p81,p82,p83,p84,p85,p92,p93,p313,p314,p315,p316,p317,p318', 'start_time_stamp': '20260517060000', 'end_time_stamp': '20260517090000', 'minute_interval': 5}
2026-05-18 01:02:00,224 - root - INFO - Successfully upserted 74 data points.
2026-05-18 01:02:00,227 - root - INFO - Fetching minute data with payload: {'ps_key_list': ['1789614_1_4_1', '1789614_1_3_1', '1789614_1_2_1', '1789614_1_1_1'], 'points': 'p96,p97,p98,p99,p100,p101,p102,p103,p104,p105,p106,p107,p108,p109,p110,p111,p112,p113,p7166,p7167,p7168,p7169,p7170,p7171,p70,p71,p72,p73,p74,p75,p76,p77,p78,p79,p80,p81,p82,p83,p84,p85,p92,p93,p313,p314,p315,p316,p317,p318', 'start_time_stamp': '20260517030000', 'end_time_stamp': '20260517060000', 'minute_interval': 5}
2026-05-18 01:02:00,229 - root - INFO - Successfully upserted 72 data points.
2026-05-18 01:02:00,233 - root - INFO - Successfully upserted 74 data points.
2026-05-18 01:02:00,242 - root - INFO - Fetching minute data with payload: {'ps_key_list': ['1789614_1_4_1', '1789614_1_3_1', '1789614_1_2_1', '1789614_1_1_1'], 'points': 'p96,p97,p98,p99,p100,p101,p102,p103,p104,p105,p106,p107,p108,p109,p110,p111,p112,p113,p7166,p7167,p7168,p7169,p7170,p7171,p70,p71,p72,p73,p74,p75,p76,p77,p78,p79,p80,p81,p82,p83,p84,p85,p92,p93,p313,p314,p315,p316,p317,p318', 'start_time_stamp': '20260517210000', 'end_time_stamp': '20260517235959', 'minute_interval': 5}
2026-05-18 01:02:00,273 - root - INFO - Successfully upserted 74 data points.
2026-05-18 01:02:00,280 - root - INFO - Successfully upserted 74 data points.
2026-05-18 01:02:00,294 - root - INFO - Successfully upserted 74 data points.
2026-05-18 01:02:00,298 - root - INFO - Fetching minute data with payload: {'ps_key_list': ['1789614_1_4_1', '1789614_1_3_1', '1789614_1_2_1', '1789614_1_1_1'], 'points': 'p96,p97,p98,p99,p100,p101,p102,p103,p104,p105,p106,p107,p108,p109,p110,p111,p112,p113,p7166,p7167,p7168,p7169,p7170,p7171,p70,p71,p72,p73,p74,p75,p76,p77,p78,p79,p80,p81,p82,p83,p84,p85,p92,p93,p313,p314,p315,p316,p317,p318', 'start_time_stamp': '20260517120000', 'end_time_stamp': '20260517150000', 'minute_interval': 5}
2026-05-18 01:02:00,299 - root - INFO - Fetching minute data with payload: {'ps_key_list': ['1789614_1_4_1', '1789614_1_3_1', '1789614_1_2_1', '1789614_1_1_1'], 'points': 'p96,p97,p98,p99,p100,p101,p102,p103,p104,p105,p106,p107,p108,p109,p110,p111,p112,p113,p7166,p7167,p7168,p7169,p7170,p7171,p70,p71,p72,p73,p74,p75,p76,p77,p78,p79,p80,p81,p82,p83,p84,p85,p92,p93,p313,p314,p315,p316,p317,p318', 'start_time_stamp': '20260517000000', 'end_time_stamp': '20260517030000', 'minute_interval': 5}
2026-05-18 01:02:00,300 - root - INFO - Fetching minute data with payload: {'ps_key_list': ['1789614_1_4_1', '1789614_1_3_1', '1789614_1_2_1', '1789614_1_1_1'], 'points': 'p96,p97,p98,p99,p100,p101,p102,p103,p104,p105,p106,p107,p108,p109,p110,p111,p112,p113,p7166,p7167,p7168,p7169,p7170,p7171,p70,p71,p72,p73,p74,p75,p76,p77,p78,p79,p80,p81,p82,p83,p84,p85,p92,p93,p313,p314,p315,p316,p317,p318', 'start_time_stamp': '20260517180000', 'end_time_stamp': '20260517210000', 'minute_interval': 5}
2026-05-18 01:02:00,303 - root - INFO - Fetching minute data with payload: {'ps_key_list': ['1789614_1_4_1', '1789614_1_3_1', '1789614_1_2_1', '1789614_1_1_1'], 'points': 'p96,p97,p98,p99,p100,p101,p102,p103,p104,p105,p106,p107,p108,p109,p110,p111,p112,p113,p7166,p7167,p7168,p7169,p7170,p7171,p70,p71,p72,p73,p74,p75,p76,p77,p78,p79,p80,p81,p82,p83,p84,p85,p92,p93,p313,p314,p315,p316,p317,p318', 'start_time_stamp': '20260517090000', 'end_time_stamp': '20260517120000', 'minute_interval': 5}
2026-05-18 01:02:00,315 - root - INFO - Successfully upserted 148 data points.
2026-05-18 01:02:00,316 - root - INFO - Fetching minute data with payload: {'ps_key_list': ['1453245_7_15_1', '1453245_7_14_1', '1453245_7_16_1', '1453245_7_12_1', '1453245_7_9_1', '1453245_7_8_1', '1453245_7_17_1', '1453245_7_7_1'], 'points': 'p8030,p8031,p8032,p8033,p8018,p8014', 'start_time_stamp': '20260517150000', 'end_time_stamp': '20260517180000', 'minute_interval': 5}
2026-05-18 01:02:03,629 - root - INFO - Successfully upserted 148 data points.
2026-05-18 01:02:03,639 - root - INFO - Fetching minute data with payload: {'ps_key_list': ['1453245_7_15_1', '1453245_7_14_1', '1453245_7_16_1', '1453245_7_12_1', '1453245_7_9_1', '1453245_7_8_1', '1453245_7_17_1', '1453245_7_7_1'], 'points': 'p8030,p8031,p8032,p8033,p8018,p8014', 'start_time_stamp': '20260517090000', 'end_time_stamp': '20260517120000', 'minute_interval': 5}
2026-05-18 01:02:03,743 - root - INFO - Successfully upserted 148 data points.
2026-05-18 01:02:03,749 - root - INFO - Fetching minute data with payload: {'ps_key_list': ['1453245_7_15_1', '1453245_7_14_1', '1453245_7_16_1', '1453245_7_12_1', '1453245_7_9_1', '1453245_7_8_1', '1453245_7_17_1', '1453245_7_7_1'], 'points': 'p8030,p8031,p8032,p8033,p8018,p8014', 'start_time_stamp': '20260517060000', 'end_time_stamp': '20260517090000', 'minute_interval': 5}
2026-05-18 01:02:03,759 - root - INFO - Successfully upserted 296 data points.
2026-05-18 01:02:03,760 - root - INFO - Fetching minute data with payload: {'ps_key_list': ['1453245_5_13_1', '1453245_5_11_1', '1453245_5_10_1', '1453245_5_9_1'], 'points': 'p2003,p2001,p2005,p2007,p2009,p2010,p2022,p2016,p2012', 'start_time_stamp': '20260517150000', 'end_time_stamp': '20260517180000', 'minute_interval': 5}
2026-05-18 01:02:03,772 - root - INFO - Successfully upserted 144 data points.
2026-05-18 01:02:03,773 - root - INFO - Fetching minute data with payload: {'ps_key_list': ['1453245_7_15_1', '1453245_7_14_1', '1453245_7_16_1', '1453245_7_12_1', '1453245_7_9_1', '1453245_7_8_1', '1453245_7_17_1', '1453245_7_7_1'], 'points': 'p8030,p8031,p8032,p8033,p8018,p8014', 'start_time_stamp': '20260517210000', 'end_time_stamp': '20260517235959', 'minute_interval': 5}
2026-05-18 01:02:03,779 - root - INFO - Successfully upserted 148 data points.
2026-05-18 01:02:03,825 - root - INFO - Successfully upserted 148 data points.
2026-05-18 01:02:03,838 - root - INFO - Successfully upserted 148 data points.
2026-05-18 01:02:03,861 - root - INFO - Fetching minute data with payload: {'ps_key_list': ['1453245_7_15_1', '1453245_7_14_1', '1453245_7_16_1', '1453245_7_12_1', '1453245_7_9_1', '1453245_7_8_1', '1453245_7_17_1', '1453245_7_7_1'], 'points': 'p8030,p8031,p8032,p8033,p8018,p8014', 'start_time_stamp': '20260517120000', 'end_time_stamp': '20260517150000', 'minute_interval': 5}
2026-05-18 01:02:03,862 - root - INFO - Fetching minute data with payload: {'ps_key_list': ['1453245_7_15_1', '1453245_7_14_1', '1453245_7_16_1', '1453245_7_12_1', '1453245_7_9_1', '1453245_7_8_1', '1453245_7_17_1', '1453245_7_7_1'], 'points': 'p8030,p8031,p8032,p8033,p8018,p8014', 'start_time_stamp': '20260517030000', 'end_time_stamp': '20260517060000', 'minute_interval': 5}
2026-05-18 01:02:03,862 - root - INFO - Fetching minute data with payload: {'ps_key_list': ['1453245_7_15_1', '1453245_7_14_1', '1453245_7_16_1', '1453245_7_12_1', '1453245_7_9_1', '1453245_7_8_1', '1453245_7_17_1', '1453245_7_7_1'], 'points': 'p8030,p8031,p8032,p8033,p8018,p8014', 'start_time_stamp': '20260517180000', 'end_time_stamp': '20260517210000', 'minute_interval': 5}
2026-05-18 01:02:03,882 - root - INFO - Successfully upserted 148 data points.
2026-05-18 01:02:03,884 - root - INFO - Fetching minute data with payload: {'ps_key_list': ['1453245_7_15_1', '1453245_7_14_1', '1453245_7_16_1', '1453245_7_12_1', '1453245_7_9_1', '1453245_7_8_1', '1453245_7_17_1', '1453245_7_7_1'], 'points': 'p8030,p8031,p8032,p8033,p8018,p8014', 'start_time_stamp': '20260517000000', 'end_time_stamp': '20260517030000', 'minute_interval': 5}
2026-05-18 01:02:04,378 - root - INFO - Retrying API request after rate limit wait...
2026-05-18 01:02:04,435 - root - INFO - Making API request to: https://sg5.fusionsolar.huawei.com/rest/openapi/pvms/nbi/v1/device/history
2026-05-18 01:02:04,544 - root - INFO - Request payload: {'devDn': 'NE=78317345', 'devTypeId': 17, 'startTime': 1778950800000, 'endTime': 1779037199000}
2026-05-18 01:02:05,158 - root - INFO - Response status code: 200
2026-05-18 01:02:05,158 - root - INFO - API response from https://sg5.fusionsolar.huawei.com/rest/openapi/pvms/nbi/v1/device/history (truncated): {'failCode': 0, 'success': True, 'message': 'historical data information query successful.', 'data': []}
2026-05-18 01:02:05,166 - root - INFO - API Response type: <class 'dict'>
2026-05-18 01:02:05,166 - root - INFO - API Response keys: ['failCode', 'success', 'message', 'data']
2026-05-18 01:02:05,166 - root - INFO - API Response data is a list with 0 items
2026-05-18 01:02:05,167 - root - INFO - API Response has failCode: 0, message: historical data information query successful.
2026-05-18 01:02:05,167 - root - INFO - Using alternate response format: data as list
2026-05-18 01:02:05,167 - root - INFO - No data points returned for the query period
2026-05-18 01:02:05,168 - root - INFO - Using single devDn for device/history (API: one device per query)
2026-05-18 01:02:05,173 - root - INFO - Fetching historical data for 1 devices of type meter
2026-05-18 01:02:05,173 - root - INFO - Making API request to: https://sg5.fusionsolar.huawei.com/rest/openapi/pvms/nbi/v1/device/history
2026-05-18 01:02:05,173 - root - INFO - Request payload: {'devDn': 'NE=78317344', 'devTypeId': 17, 'startTime': 1778950800000, 'endTime': 1779037199000}
2026-05-18 01:02:05,491 - root - INFO - Response status code: 200
2026-05-18 01:02:05,491 - root - INFO - API response from https://sg5.fusionsolar.huawei.com/rest/openapi/pvms/nbi/v1/device/history (truncated): {'failCode': 407, 'success': False, 'message': 'Interface access frequency:0.39333333333333337/1second', 'data': []}
2026-05-18 01:02:05,493 - root - WARNING - API access frequency too high. Waiting 30 seconds before retry...
2026-05-18 01:02:06,940 - root - INFO - Successfully upserted 296 data points.
2026-05-18 01:02:06,941 - root - INFO - Successfully upserted 296 data points.
2026-05-18 01:02:06,941 - root - INFO - Fetching minute data with payload: {'ps_key_list': ['1453245_5_13_1', '1453245_5_11_1', '1453245_5_10_1', '1453245_5_9_1'], 'points': 'p2003,p2001,p2005,p2007,p2009,p2010,p2022,p2016,p2012', 'start_time_stamp': '20260517030000', 'end_time_stamp': '20260517060000', 'minute_interval': 5}
2026-05-18 01:02:06,943 - root - INFO - Fetching minute data with payload: {'ps_key_list': ['1453245_5_13_1', '1453245_5_11_1', '1453245_5_10_1', '1453245_5_9_1'], 'points': 'p2003,p2001,p2005,p2007,p2009,p2010,p2022,p2016,p2012', 'start_time_stamp': '20260517120000', 'end_time_stamp': '20260517150000', 'minute_interval': 5}
2026-05-18 01:02:06,984 - root - INFO - Successfully upserted 74 data points.
2026-05-18 01:02:07,012 - root - INFO - Fetching minute data with payload: {'ps_key_list': ['1453245_1_3_1', '1453245_1_4_1', '1453245_1_5_1', '1453245_1_6_1', '1453245_1_1_1', '1453245_1_2_1'], 'points': 'p96,p97,p98,p99,p100,p101,p102,p103,p104,p105,p106,p107,p108,p109,p110,p111,p112,p113,p7166,p7167,p7168,p7169,p7170,p7171,p70,p71,p72,p73,p74,p75,p76,p77,p78,p79,p80,p81,p82,p83,p84,p85,p92,p93,p313,p314,p315,p316,p317,p318', 'start_time_stamp': '20260517150000', 'end_time_stamp': '20260517180000', 'minute_interval': 5}
2026-05-18 01:02:07,017 - root - INFO - Successfully upserted 244 data points.
2026-05-18 01:02:07,136 - root - INFO - Successfully upserted 296 data points.
2026-05-18 01:02:07,153 - root - INFO - Fetching minute data with payload: {'ps_key_list': ['1453245_5_13_1', '1453245_5_11_1', '1453245_5_10_1', '1453245_5_9_1'], 'points': 'p2003,p2001,p2005,p2007,p2009,p2010,p2022,p2016,p2012', 'start_time_stamp': '20260517180000', 'end_time_stamp': '20260517210000', 'minute_interval': 5}
2026-05-18 01:02:07,154 - root - INFO - Successfully upserted 296 data points.
2026-05-18 01:02:07,155 - root - INFO - Fetching minute data with payload: {'ps_key_list': ['1453245_5_13_1', '1453245_5_11_1', '1453245_5_10_1', '1453245_5_9_1'], 'points': 'p2003,p2001,p2005,p2007,p2009,p2010,p2022,p2016,p2012', 'start_time_stamp': '20260517090000', 'end_time_stamp': '20260517120000', 'minute_interval': 5}
2026-05-18 01:02:07,408 - root - INFO - Successfully upserted 296 data points.
2026-05-18 01:02:07,464 - root - INFO - Successfully upserted 296 data points.
2026-05-18 01:02:07,478 - root - INFO - Fetching minute data with payload: {'ps_key_list': ['1453245_5_13_1', '1453245_5_11_1', '1453245_5_10_1', '1453245_5_9_1'], 'points': 'p2003,p2001,p2005,p2007,p2009,p2010,p2022,p2016,p2012', 'start_time_stamp': '20260517210000', 'end_time_stamp': '20260517235959', 'minute_interval': 5}
2026-05-18 01:02:07,482 - root - INFO - Fetching minute data with payload: {'ps_key_list': ['1453245_5_13_1', '1453245_5_11_1', '1453245_5_10_1', '1453245_5_9_1'], 'points': 'p2003,p2001,p2005,p2007,p2009,p2010,p2022,p2016,p2012', 'start_time_stamp': '20260517060000', 'end_time_stamp': '20260517090000', 'minute_interval': 5}
2026-05-18 01:02:07,482 - root - INFO - Fetching minute data with payload: {'ps_key_list': ['1453245_5_13_1', '1453245_5_11_1', '1453245_5_10_1', '1453245_5_9_1'], 'points': 'p2003,p2001,p2005,p2007,p2009,p2010,p2022,p2016,p2012', 'start_time_stamp': '20260517000000', 'end_time_stamp': '20260517030000', 'minute_interval': 5}
2026-05-18 01:02:09,920 - root - INFO - Successfully upserted 74 data points.
2026-05-18 01:02:09,920 - root - INFO - Successfully upserted 74 data points.
2026-05-18 01:02:09,920 - root - INFO - Fetching minute data with payload: {'ps_key_list': ['1453245_1_3_1', '1453245_1_4_1', '1453245_1_5_1', '1453245_1_6_1', '1453245_1_1_1', '1453245_1_2_1'], 'points': 'p96,p97,p98,p99,p100,p101,p102,p103,p104,p105,p106,p107,p108,p109,p110,p111,p112,p113,p7166,p7167,p7168,p7169,p7170,p7171,p70,p71,p72,p73,p74,p75,p76,p77,p78,p79,p80,p81,p82,p83,p84,p85,p92,p93,p313,p314,p315,p316,p317,p318', 'start_time_stamp': '20260517120000', 'end_time_stamp': '20260517150000', 'minute_interval': 5}
2026-05-18 01:02:09,922 - root - INFO - Fetching minute data with payload: {'ps_key_list': ['1453245_1_3_1', '1453245_1_4_1', '1453245_1_5_1', '1453245_1_6_1', '1453245_1_1_1', '1453245_1_2_1'], 'points': 'p96,p97,p98,p99,p100,p101,p102,p103,p104,p105,p106,p107,p108,p109,p110,p111,p112,p113,p7166,p7167,p7168,p7169,p7170,p7171,p70,p71,p72,p73,p74,p75,p76,p77,p78,p79,p80,p81,p82,p83,p84,p85,p92,p93,p313,p314,p315,p316,p317,p318', 'start_time_stamp': '20260517030000', 'end_time_stamp': '20260517060000', 'minute_interval': 5}
2026-05-18 01:02:09,936 - root - INFO - Successfully upserted 74 data points.
2026-05-18 01:02:09,938 - root - INFO - Fetching minute data with payload: {'ps_key_list': ['1453245_1_3_1', '1453245_1_4_1', '1453245_1_5_1', '1453245_1_6_1', '1453245_1_1_1', '1453245_1_2_1'], 'points': 'p96,p97,p98,p99,p100,p101,p102,p103,p104,p105,p106,p107,p108,p109,p110,p111,p112,p113,p7166,p7167,p7168,p7169,p7170,p7171,p70,p71,p72,p73,p74,p75,p76,p77,p78,p79,p80,p81,p82,p83,p84,p85,p92,p93,p313,p314,p315,p316,p317,p318', 'start_time_stamp': '20260517090000', 'end_time_stamp': '20260517120000', 'minute_interval': 5}
2026-05-18 01:02:10,144 - root - INFO - Successfully upserted 74 data points.
2026-05-18 01:02:10,172 - root - INFO - Fetching minute data with payload: {'ps_key_list': ['1453245_1_3_1', '1453245_1_4_1', '1453245_1_5_1', '1453245_1_6_1', '1453245_1_1_1', '1453245_1_2_1'], 'points': 'p96,p97,p98,p99,p100,p101,p102,p103,p104,p105,p106,p107,p108,p109,p110,p111,p112,p113,p7166,p7167,p7168,p7169,p7170,p7171,p70,p71,p72,p73,p74,p75,p76,p77,p78,p79,p80,p81,p82,p83,p84,p85,p92,p93,p313,p314,p315,p316,p317,p318', 'start_time_stamp': '20260517060000', 'end_time_stamp': '20260517090000', 'minute_interval': 5}
2026-05-18 01:02:10,226 - root - INFO - Successfully upserted 74 data points.
2026-05-18 01:02:10,280 - root - INFO - Successfully upserted 74 data points.
2026-05-18 01:02:10,317 - root - INFO - Fetching minute data with payload: {'ps_key_list': ['1453245_1_3_1', '1453245_1_4_1', '1453245_1_5_1', '1453245_1_6_1', '1453245_1_1_1', '1453245_1_2_1'], 'points': 'p96,p97,p98,p99,p100,p101,p102,p103,p104,p105,p106,p107,p108,p109,p110,p111,p112,p113,p7166,p7167,p7168,p7169,p7170,p7171,p70,p71,p72,p73,p74,p75,p76,p77,p78,p79,p80,p81,p82,p83,p84,p85,p92,p93,p313,p314,p315,p316,p317,p318', 'start_time_stamp': '20260517000000', 'end_time_stamp': '20260517030000', 'minute_interval': 5}
2026-05-18 01:02:10,318 - root - INFO - Fetching minute data with payload: {'ps_key_list': ['1453245_1_3_1', '1453245_1_4_1', '1453245_1_5_1', '1453245_1_6_1', '1453245_1_1_1', '1453245_1_2_1'], 'points': 'p96,p97,p98,p99,p100,p101,p102,p103,p104,p105,p106,p107,p108,p109,p110,p111,p112,p113,p7166,p7167,p7168,p7169,p7170,p7171,p70,p71,p72,p73,p74,p75,p76,p77,p78,p79,p80,p81,p82,p83,p84,p85,p92,p93,p313,p314,p315,p316,p317,p318', 'start_time_stamp': '20260517180000', 'end_time_stamp': '20260517210000', 'minute_interval': 5}
2026-05-18 01:02:10,531 - root - INFO - Successfully upserted 222 data points.
2026-05-18 01:02:10,555 - root - INFO - Successfully upserted 72 data points.
2026-05-18 01:02:10,574 - root - INFO - Fetching minute data with payload: {'ps_key_list': ['1449886_7_13_1', '1449886_7_11_1', '1449886_7_9_1', '1449886_7_8_1', '1449886_7_7_1'], 'points': 'p8030,p8031,p8032,p8033,p8018,p8014', 'start_time_stamp': '20260517150000', 'end_time_stamp': '20260517180000', 'minute_interval': 5}
2026-05-18 01:02:10,714 - root - INFO - Fetching minute data with payload: {'ps_key_list': ['1453245_1_3_1', '1453245_1_4_1', '1453245_1_5_1', '1453245_1_6_1', '1453245_1_1_1', '1453245_1_2_1'], 'points': 'p96,p97,p98,p99,p100,p101,p102,p103,p104,p105,p106,p107,p108,p109,p110,p111,p112,p113,p7166,p7167,p7168,p7169,p7170,p7171,p70,p71,p72,p73,p74,p75,p76,p77,p78,p79,p80,p81,p82,p83,p84,p85,p92,p93,p313,p314,p315,p316,p317,p318', 'start_time_stamp': '20260517210000', 'end_time_stamp': '20260517235959', 'minute_interval': 5}
2026-05-18 01:02:12,811 - root - INFO - Successfully upserted 222 data points.
2026-05-18 01:02:12,812 - root - INFO - Fetching minute data with payload: {'ps_key_list': ['1449886_7_13_1', '1449886_7_11_1', '1449886_7_9_1', '1449886_7_8_1', '1449886_7_7_1'], 'points': 'p8030,p8031,p8032,p8033,p8018,p8014', 'start_time_stamp': '20260517030000', 'end_time_stamp': '20260517060000', 'minute_interval': 5}
2026-05-18 01:02:12,812 - root - INFO - Successfully upserted 222 data points.
2026-05-18 01:02:12,815 - root - INFO - Fetching minute data with payload: {'ps_key_list': ['1449886_7_13_1', '1449886_7_11_1', '1449886_7_9_1', '1449886_7_8_1', '1449886_7_7_1'], 'points': 'p8030,p8031,p8032,p8033,p8018,p8014', 'start_time_stamp': '20260517120000', 'end_time_stamp': '20260517150000', 'minute_interval': 5}
2026-05-18 01:02:12,880 - root - INFO - Successfully upserted 222 data points.
2026-05-18 01:02:12,881 - root - INFO - Fetching minute data with payload: {'ps_key_list': ['1449886_7_13_1', '1449886_7_11_1', '1449886_7_9_1', '1449886_7_8_1', '1449886_7_7_1'], 'points': 'p8030,p8031,p8032,p8033,p8018,p8014', 'start_time_stamp': '20260517090000', 'end_time_stamp': '20260517120000', 'minute_interval': 5}
2026-05-18 01:02:13,078 - root - INFO - Successfully upserted 222 data points.
2026-05-18 01:02:13,099 - root - INFO - Fetching minute data with payload: {'ps_key_list': ['1449886_7_13_1', '1449886_7_11_1', '1449886_7_9_1', '1449886_7_8_1', '1449886_7_7_1'], 'points': 'p8030,p8031,p8032,p8033,p8018,p8014', 'start_time_stamp': '20260517000000', 'end_time_stamp': '20260517030000', 'minute_interval': 5}
2026-05-18 01:02:13,198 - root - INFO - Successfully upserted 222 data points.
2026-05-18 01:02:13,218 - root - INFO - Successfully upserted 222 data points.
2026-05-18 01:02:13,231 - root - INFO - Fetching minute data with payload: {'ps_key_list': ['1449886_7_13_1', '1449886_7_11_1', '1449886_7_9_1', '1449886_7_8_1', '1449886_7_7_1'], 'points': 'p8030,p8031,p8032,p8033,p8018,p8014', 'start_time_stamp': '20260517060000', 'end_time_stamp': '20260517090000', 'minute_interval': 5}
2026-05-18 01:02:13,231 - root - INFO - Fetching minute data with payload: {'ps_key_list': ['1449886_7_13_1', '1449886_7_11_1', '1449886_7_9_1', '1449886_7_8_1', '1449886_7_7_1'], 'points': 'p8030,p8031,p8032,p8033,p8018,p8014', 'start_time_stamp': '20260517180000', 'end_time_stamp': '20260517210000', 'minute_interval': 5}
2026-05-18 01:02:13,477 - root - INFO - Successfully upserted 216 data points.
2026-05-18 01:02:13,513 - root - INFO - Successfully upserted 148 data points.
2026-05-18 01:02:13,517 - root - INFO - Fetching minute data with payload: {'ps_key_list': ['1449886_7_13_1', '1449886_7_11_1', '1449886_7_9_1', '1449886_7_8_1', '1449886_7_7_1'], 'points': 'p8030,p8031,p8032,p8033,p8018,p8014', 'start_time_stamp': '20260517210000', 'end_time_stamp': '20260517235959', 'minute_interval': 5}
2026-05-18 01:02:13,519 - root - INFO - Fetching minute data with payload: {'ps_key_list': ['1449886_5_12_1', '1449886_5_6_1', '1449886_5_4_1', '1449886_5_5_1'], 'points': 'p2003,p2001,p2005,p2007,p2009,p2010,p2022,p2016,p2012', 'start_time_stamp': '20260517150000', 'end_time_stamp': '20260517180000', 'minute_interval': 5}
2026-05-18 01:02:15,594 - root - INFO - Successfully upserted 148 data points.
2026-05-18 01:02:15,594 - root - INFO - Fetching minute data with payload: {'ps_key_list': ['1449886_5_12_1', '1449886_5_6_1', '1449886_5_4_1', '1449886_5_5_1'], 'points': 'p2003,p2001,p2005,p2007,p2009,p2010,p2022,p2016,p2012', 'start_time_stamp': '20260517090000', 'end_time_stamp': '20260517120000', 'minute_interval': 5}
2026-05-18 01:02:15,724 - root - INFO - Successfully upserted 148 data points.
2026-05-18 01:02:15,726 - root - INFO - Fetching minute data with payload: {'ps_key_list': ['1449886_5_12_1', '1449886_5_6_1', '1449886_5_4_1', '1449886_5_5_1'], 'points': 'p2003,p2001,p2005,p2007,p2009,p2010,p2022,p2016,p2012', 'start_time_stamp': '20260517030000', 'end_time_stamp': '20260517060000', 'minute_interval': 5}
2026-05-18 01:02:15,730 - root - INFO - Successfully upserted 148 data points.
2026-05-18 01:02:15,731 - root - INFO - Fetching minute data with payload: {'ps_key_list': ['1449886_5_12_1', '1449886_5_6_1', '1449886_5_4_1', '1449886_5_5_1'], 'points': 'p2003,p2001,p2005,p2007,p2009,p2010,p2022,p2016,p2012', 'start_time_stamp': '20260517120000', 'end_time_stamp': '20260517150000', 'minute_interval': 5}
2026-05-18 01:02:16,093 - root - INFO - Successfully upserted 148 data points.
2026-05-18 01:02:16,093 - root - INFO - Fetching minute data with payload: {'ps_key_list': ['1449886_5_12_1', '1449886_5_6_1', '1449886_5_4_1', '1449886_5_5_1'], 'points': 'p2003,p2001,p2005,p2007,p2009,p2010,p2022,p2016,p2012', 'start_time_stamp': '20260517180000', 'end_time_stamp': '20260517210000', 'minute_interval': 5}
2026-05-18 01:02:16,331 - root - INFO - Successfully upserted 100 data points.
2026-05-18 01:02:16,331 - root - INFO - Fetching minute data with payload: {'ps_key_list': ['1449886_5_12_1', '1449886_5_6_1', '1449886_5_4_1', '1449886_5_5_1'], 'points': 'p2003,p2001,p2005,p2007,p2009,p2010,p2022,p2016,p2012', 'start_time_stamp': '20260517210000', 'end_time_stamp': '20260517235959', 'minute_interval': 5}
2026-05-18 01:02:16,545 - root - INFO - Successfully upserted 148 data points.
2026-05-18 01:02:16,552 - root - INFO - Successfully upserted 148 data points.
2026-05-18 01:02:16,552 - root - INFO - Fetching minute data with payload: {'ps_key_list': ['1449886_5_12_1', '1449886_5_6_1', '1449886_5_4_1', '1449886_5_5_1'], 'points': 'p2003,p2001,p2005,p2007,p2009,p2010,p2022,p2016,p2012', 'start_time_stamp': '20260517060000', 'end_time_stamp': '20260517090000', 'minute_interval': 5}
2026-05-18 01:02:16,553 - root - INFO - Fetching minute data with payload: {'ps_key_list': ['1449886_1_2_1', '1449886_1_1_1', '1449886_1_3_1'], 'points': 'p96,p97,p98,p99,p100,p101,p102,p103,p104,p105,p106,p107,p108,p109,p110,p111,p112,p113,p7166,p7167,p7168,p7169,p7170,p7171,p70,p71,p72,p73,p74,p75,p76,p77,p78,p79,p80,p81,p82,p83,p84,p85,p92,p93,p313,p314,p315,p316,p317,p318', 'start_time_stamp': '20260517150000', 'end_time_stamp': '20260517180000', 'minute_interval': 5}
2026-05-18 01:02:16,575 - root - INFO - Successfully upserted 148 data points.
2026-05-18 01:02:16,586 - root - INFO - Fetching minute data with payload: {'ps_key_list': ['1449886_5_12_1', '1449886_5_6_1', '1449886_5_4_1', '1449886_5_5_1'], 'points': 'p2003,p2001,p2005,p2007,p2009,p2010,p2022,p2016,p2012', 'start_time_stamp': '20260517000000', 'end_time_stamp': '20260517030000', 'minute_interval': 5}
2026-05-18 01:02:18,276 - root - INFO - Successfully upserted 148 data points.
2026-05-18 01:02:18,277 - root - INFO - Fetching minute data with payload: {'ps_key_list': ['1449886_1_2_1', '1449886_1_1_1', '1449886_1_3_1'], 'points': 'p96,p97,p98,p99,p100,p101,p102,p103,p104,p105,p106,p107,p108,p109,p110,p111,p112,p113,p7166,p7167,p7168,p7169,p7170,p7171,p70,p71,p72,p73,p74,p75,p76,p77,p78,p79,p80,p81,p82,p83,p84,p85,p92,p93,p313,p314,p315,p316,p317,p318', 'start_time_stamp': '20260517090000', 'end_time_stamp': '20260517120000', 'minute_interval': 5}
2026-05-18 01:02:18,438 - root - INFO - Successfully upserted 148 data points.
2026-05-18 01:02:18,440 - root - INFO - Fetching minute data with payload: {'ps_key_list': ['1449886_1_2_1', '1449886_1_1_1', '1449886_1_3_1'], 'points': 'p96,p97,p98,p99,p100,p101,p102,p103,p104,p105,p106,p107,p108,p109,p110,p111,p112,p113,p7166,p7167,p7168,p7169,p7170,p7171,p70,p71,p72,p73,p74,p75,p76,p77,p78,p79,p80,p81,p82,p83,p84,p85,p92,p93,p313,p314,p315,p316,p317,p318', 'start_time_stamp': '20260517120000', 'end_time_stamp': '20260517150000', 'minute_interval': 5}
2026-05-18 01:02:18,444 - root - INFO - Successfully upserted 148 data points.
2026-05-18 01:02:18,445 - root - INFO - Fetching minute data with payload: {'ps_key_list': ['1449886_1_2_1', '1449886_1_1_1', '1449886_1_3_1'], 'points': 'p96,p97,p98,p99,p100,p101,p102,p103,p104,p105,p106,p107,p108,p109,p110,p111,p112,p113,p7166,p7167,p7168,p7169,p7170,p7171,p70,p71,p72,p73,p74,p75,p76,p77,p78,p79,p80,p81,p82,p83,p84,p85,p92,p93,p313,p314,p315,p316,p317,p318', 'start_time_stamp': '20260517030000', 'end_time_stamp': '20260517060000', 'minute_interval': 5}
2026-05-18 01:02:18,947 - root - INFO - Successfully upserted 100 data points.
2026-05-18 01:02:18,947 - root - INFO - Fetching minute data with payload: {'ps_key_list': ['1449886_1_2_1', '1449886_1_1_1', '1449886_1_3_1'], 'points': 'p96,p97,p98,p99,p100,p101,p102,p103,p104,p105,p106,p107,p108,p109,p110,p111,p112,p113,p7166,p7167,p7168,p7169,p7170,p7171,p70,p71,p72,p73,p74,p75,p76,p77,p78,p79,p80,p81,p82,p83,p84,p85,p92,p93,p313,p314,p315,p316,p317,p318', 'start_time_stamp': '20260517210000', 'end_time_stamp': '20260517235959', 'minute_interval': 5}
2026-05-18 01:02:18,982 - root - INFO - Successfully upserted 148 data points.
2026-05-18 01:02:18,982 - root - INFO - Fetching minute data with payload: {'ps_key_list': ['1449886_1_2_1', '1449886_1_1_1', '1449886_1_3_1'], 'points': 'p96,p97,p98,p99,p100,p101,p102,p103,p104,p105,p106,p107,p108,p109,p110,p111,p112,p113,p7166,p7167,p7168,p7169,p7170,p7171,p70,p71,p72,p73,p74,p75,p76,p77,p78,p79,p80,p81,p82,p83,p84,p85,p92,p93,p313,p314,p315,p316,p317,p318', 'start_time_stamp': '20260517180000', 'end_time_stamp': '20260517210000', 'minute_interval': 5}
2026-05-18 01:02:19,315 - root - INFO - Successfully upserted 111 data points.
2026-05-18 01:02:19,317 - root - INFO - Fetching minute data with payload: {'ps_key_list': ['1723575_7_4_1', '1723575_7_2_1'], 'points': 'p8030,p8031,p8032,p8033,p8018,p8014', 'start_time_stamp': '20260517150000', 'end_time_stamp': '20260517180000', 'minute_interval': 5}
2026-05-18 01:02:19,326 - root - INFO - Successfully upserted 148 data points.
2026-05-18 01:02:19,327 - root - INFO - Fetching minute data with payload: {'ps_key_list': ['1449886_1_2_1', '1449886_1_1_1', '1449886_1_3_1'], 'points': 'p96,p97,p98,p99,p100,p101,p102,p103,p104,p105,p106,p107,p108,p109,p110,p111,p112,p113,p7166,p7167,p7168,p7169,p7170,p7171,p70,p71,p72,p73,p74,p75,p76,p77,p78,p79,p80,p81,p82,p83,p84,p85,p92,p93,p313,p314,p315,p316,p317,p318', 'start_time_stamp': '20260517060000', 'end_time_stamp': '20260517090000', 'minute_interval': 5}
2026-05-18 01:02:19,329 - root - INFO - Successfully upserted 148 data points.
2026-05-18 01:02:19,330 - root - INFO - Fetching minute data with payload: {'ps_key_list': ['1449886_1_2_1', '1449886_1_1_1', '1449886_1_3_1'], 'points': 'p96,p97,p98,p99,p100,p101,p102,p103,p104,p105,p106,p107,p108,p109,p110,p111,p112,p113,p7166,p7167,p7168,p7169,p7170,p7171,p70,p71,p72,p73,p74,p75,p76,p77,p78,p79,p80,p81,p82,p83,p84,p85,p92,p93,p313,p314,p315,p316,p317,p318', 'start_time_stamp': '20260517000000', 'end_time_stamp': '20260517030000', 'minute_interval': 5}
2026-05-18 01:02:20,918 - root - INFO - Successfully upserted 111 data points.
2026-05-18 01:02:20,919 - root - INFO - Fetching minute data with payload: {'ps_key_list': ['1723575_7_4_1', '1723575_7_2_1'], 'points': 'p8030,p8031,p8032,p8033,p8018,p8014', 'start_time_stamp': '20260517090000', 'end_time_stamp': '20260517120000', 'minute_interval': 5}
2026-05-18 01:02:21,141 - root - INFO - Successfully upserted 111 data points.
2026-05-18 01:02:21,141 - root - INFO - Fetching minute data with payload: {'ps_key_list': ['1723575_7_4_1', '1723575_7_2_1'], 'points': 'p8030,p8031,p8032,p8033,p8018,p8014', 'start_time_stamp': '20260517030000', 'end_time_stamp': '20260517060000', 'minute_interval': 5}
2026-05-18 01:02:21,164 - root - INFO - Successfully upserted 111 data points.
2026-05-18 01:02:21,164 - root - INFO - Fetching minute data with payload: {'ps_key_list': ['1723575_7_4_1', '1723575_7_2_1'], 'points': 'p8030,p8031,p8032,p8033,p8018,p8014', 'start_time_stamp': '20260517120000', 'end_time_stamp': '20260517150000', 'minute_interval': 5}
2026-05-18 01:02:21,695 - root - INFO - No data to insert into database for this API data batch.
2026-05-18 01:02:21,696 - root - INFO - Fetching minute data with payload: {'ps_key_list': ['1723575_7_4_1', '1723575_7_2_1'], 'points': 'p8030,p8031,p8032,p8033,p8018,p8014', 'start_time_stamp': '20260517210000', 'end_time_stamp': '20260517235959', 'minute_interval': 5}
2026-05-18 01:02:21,713 - root - INFO - Successfully upserted 51 data points.
2026-05-18 01:02:21,713 - root - INFO - Fetching minute data with payload: {'ps_key_list': ['1723575_7_4_1', '1723575_7_2_1'], 'points': 'p8030,p8031,p8032,p8033,p8018,p8014', 'start_time_stamp': '20260517180000', 'end_time_stamp': '20260517210000', 'minute_interval': 5}
2026-05-18 01:02:22,060 - root - INFO - Successfully upserted 74 data points.
2026-05-18 01:02:22,060 - root - INFO - Fetching minute data with payload: {'ps_key_list': ['1723575_1_3_1'], 'points': 'p96,p97,p98,p99,p100,p101,p102,p103,p104,p105,p106,p107,p108,p109,p110,p111,p112,p113,p7166,p7167,p7168,p7169,p7170,p7171,p70,p71,p72,p73,p74,p75,p76,p77,p78,p79,p80,p81,p82,p83,p84,p85,p92,p93,p313,p314,p315,p316,p317,p318', 'start_time_stamp': '20260517150000', 'end_time_stamp': '20260517180000', 'minute_interval': 5}
2026-05-18 01:02:22,108 - root - INFO - Successfully upserted 111 data points.
2026-05-18 01:02:22,110 - root - INFO - Fetching minute data with payload: {'ps_key_list': ['1723575_7_4_1', '1723575_7_2_1'], 'points': 'p8030,p8031,p8032,p8033,p8018,p8014', 'start_time_stamp': '20260517000000', 'end_time_stamp': '20260517030000', 'minute_interval': 5}
2026-05-18 01:02:22,122 - root - INFO - Successfully upserted 111 data points.
2026-05-18 01:02:22,124 - root - INFO - Fetching minute data with payload: {'ps_key_list': ['1723575_7_4_1', '1723575_7_2_1'], 'points': 'p8030,p8031,p8032,p8033,p8018,p8014', 'start_time_stamp': '20260517060000', 'end_time_stamp': '20260517090000', 'minute_interval': 5}
2026-05-18 01:02:23,483 - root - INFO - Successfully upserted 74 data points.
2026-05-18 01:02:23,483 - root - INFO - Fetching minute data with payload: {'ps_key_list': ['1723575_1_3_1'], 'points': 'p96,p97,p98,p99,p100,p101,p102,p103,p104,p105,p106,p107,p108,p109,p110,p111,p112,p113,p7166,p7167,p7168,p7169,p7170,p7171,p70,p71,p72,p73,p74,p75,p76,p77,p78,p79,p80,p81,p82,p83,p84,p85,p92,p93,p313,p314,p315,p316,p317,p318', 'start_time_stamp': '20260517090000', 'end_time_stamp': '20260517120000', 'minute_interval': 5}
2026-05-18 01:02:23,709 - root - INFO - Successfully upserted 74 data points.
2026-05-18 01:02:23,709 - root - INFO - Fetching minute data with payload: {'ps_key_list': ['1723575_1_3_1'], 'points': 'p96,p97,p98,p99,p100,p101,p102,p103,p104,p105,p106,p107,p108,p109,p110,p111,p112,p113,p7166,p7167,p7168,p7169,p7170,p7171,p70,p71,p72,p73,p74,p75,p76,p77,p78,p79,p80,p81,p82,p83,p84,p85,p92,p93,p313,p314,p315,p316,p317,p318', 'start_time_stamp': '20260517120000', 'end_time_stamp': '20260517150000', 'minute_interval': 5}
2026-05-18 01:02:23,768 - root - INFO - Successfully upserted 74 data points.
2026-05-18 01:02:23,769 - root - INFO - Fetching minute data with payload: {'ps_key_list': ['1723575_1_3_1'], 'points': 'p96,p97,p98,p99,p100,p101,p102,p103,p104,p105,p106,p107,p108,p109,p110,p111,p112,p113,p7166,p7167,p7168,p7169,p7170,p7171,p70,p71,p72,p73,p74,p75,p76,p77,p78,p79,p80,p81,p82,p83,p84,p85,p92,p93,p313,p314,p315,p316,p317,p318', 'start_time_stamp': '20260517030000', 'end_time_stamp': '20260517060000', 'minute_interval': 5}
2026-05-18 01:02:24,419 - root - INFO - Successfully upserted 74 data points.
2026-05-18 01:02:24,420 - root - INFO - Fetching minute data with payload: {'ps_key_list': ['1723575_1_3_1'], 'points': 'p96,p97,p98,p99,p100,p101,p102,p103,p104,p105,p106,p107,p108,p109,p110,p111,p112,p113,p7166,p7167,p7168,p7169,p7170,p7171,p70,p71,p72,p73,p74,p75,p76,p77,p78,p79,p80,p81,p82,p83,p84,p85,p92,p93,p313,p314,p315,p316,p317,p318', 'start_time_stamp': '20260517180000', 'end_time_stamp': '20260517210000', 'minute_interval': 5}
2026-05-18 01:02:24,447 - root - INFO - Successfully upserted 50 data points.
2026-05-18 01:02:24,447 - root - INFO - Fetching minute data with payload: {'ps_key_list': ['1723575_1_3_1'], 'points': 'p96,p97,p98,p99,p100,p101,p102,p103,p104,p105,p106,p107,p108,p109,p110,p111,p112,p113,p7166,p7167,p7168,p7169,p7170,p7171,p70,p71,p72,p73,p74,p75,p76,p77,p78,p79,p80,p81,p82,p83,p84,p85,p92,p93,p313,p314,p315,p316,p317,p318', 'start_time_stamp': '20260517210000', 'end_time_stamp': '20260517235959', 'minute_interval': 5}
2026-05-18 01:02:24,621 - root - INFO - No data to insert into database for this API data batch.
2026-05-18 01:02:24,623 - root - INFO - Fetching minute data with payload: {'ps_key_list': ['1731512_7_3_1', '1731512_7_1_1'], 'points': 'p8030,p8031,p8032,p8033,p8018,p8014', 'start_time_stamp': '20260517150000', 'end_time_stamp': '20260517180000', 'minute_interval': 5}
2026-05-18 01:02:24,779 - root - INFO - Successfully upserted 74 data points.
2026-05-18 01:02:24,782 - root - INFO - Fetching minute data with payload: {'ps_key_list': ['1723575_1_3_1'], 'points': 'p96,p97,p98,p99,p100,p101,p102,p103,p104,p105,p106,p107,p108,p109,p110,p111,p112,p113,p7166,p7167,p7168,p7169,p7170,p7171,p70,p71,p72,p73,p74,p75,p76,p77,p78,p79,p80,p81,p82,p83,p84,p85,p92,p93,p313,p314,p315,p316,p317,p318', 'start_time_stamp': '20260517000000', 'end_time_stamp': '20260517030000', 'minute_interval': 5}
2026-05-18 01:02:24,796 - root - INFO - Successfully upserted 74 data points.
2026-05-18 01:02:24,797 - root - INFO - Fetching minute data with payload: {'ps_key_list': ['1723575_1_3_1'], 'points': 'p96,p97,p98,p99,p100,p101,p102,p103,p104,p105,p106,p107,p108,p109,p110,p111,p112,p113,p7166,p7167,p7168,p7169,p7170,p7171,p70,p71,p72,p73,p74,p75,p76,p77,p78,p79,p80,p81,p82,p83,p84,p85,p92,p93,p313,p314,p315,p316,p317,p318', 'start_time_stamp': '20260517060000', 'end_time_stamp': '20260517090000', 'minute_interval': 5}
2026-05-18 01:02:26,001 - root - INFO - No data to insert into database for this API data batch.
2026-05-18 01:02:26,001 - root - INFO - Fetching minute data with payload: {'ps_key_list': ['1731512_7_3_1', '1731512_7_1_1'], 'points': 'p8030,p8031,p8032,p8033,p8018,p8014', 'start_time_stamp': '20260517090000', 'end_time_stamp': '20260517120000', 'minute_interval': 5}
2026-05-18 01:02:26,232 - root - INFO - Successfully upserted 24 data points.
2026-05-18 01:02:26,232 - root - INFO - Fetching minute data with payload: {'ps_key_list': ['1731512_7_3_1', '1731512_7_1_1'], 'points': 'p8030,p8031,p8032,p8033,p8018,p8014', 'start_time_stamp': '20260517120000', 'end_time_stamp': '20260517150000', 'minute_interval': 5}
2026-05-18 01:02:26,354 - root - INFO - No data to insert into database for this API data batch.
2026-05-18 01:02:26,355 - root - INFO - Fetching minute data with payload: {'ps_key_list': ['1731512_7_3_1', '1731512_7_1_1'], 'points': 'p8030,p8031,p8032,p8033,p8018,p8014', 'start_time_stamp': '20260517030000', 'end_time_stamp': '20260517060000', 'minute_interval': 5}
2026-05-18 01:02:27,010 - root - INFO - No data to insert into database for this API data batch.
2026-05-18 01:02:27,011 - root - INFO - Fetching minute data with payload: {'ps_key_list': ['1731512_7_3_1', '1731512_7_1_1'], 'points': 'p8030,p8031,p8032,p8033,p8018,p8014', 'start_time_stamp': '20260517180000', 'end_time_stamp': '20260517210000', 'minute_interval': 5}
2026-05-18 01:02:27,304 - root - INFO - Successfully upserted 74 data points.
2026-05-18 01:02:27,304 - root - INFO - Fetching minute data with payload: {'ps_key_list': ['1731512_1_2_1'], 'points': 'p96,p97,p98,p99,p100,p101,p102,p103,p104,p105,p106,p107,p108,p109,p110,p111,p112,p113,p7166,p7167,p7168,p7169,p7170,p7171,p70,p71,p72,p73,p74,p75,p76,p77,p78,p79,p80,p81,p82,p83,p84,p85,p92,p93,p313,p314,p315,p316,p317,p318', 'start_time_stamp': '20260517150000', 'end_time_stamp': '20260517180000', 'minute_interval': 5}
2026-05-18 01:02:27,339 - root - INFO - No data to insert into database for this API data batch.
2026-05-18 01:02:27,340 - root - INFO - Fetching minute data with payload: {'ps_key_list': ['1731512_7_3_1', '1731512_7_1_1'], 'points': 'p8030,p8031,p8032,p8033,p8018,p8014', 'start_time_stamp': '20260517210000', 'end_time_stamp': '20260517235959', 'minute_interval': 5}
2026-05-18 01:02:27,377 - root - INFO - No data to insert into database for this API data batch.
2026-05-18 01:02:27,378 - root - INFO - Fetching minute data with payload: {'ps_key_list': ['1731512_7_3_1', '1731512_7_1_1'], 'points': 'p8030,p8031,p8032,p8033,p8018,p8014', 'start_time_stamp': '20260517060000', 'end_time_stamp': '20260517090000', 'minute_interval': 5}
2026-05-18 01:02:27,492 - root - INFO - No data to insert into database for this API data batch.
2026-05-18 01:02:27,652 - root - INFO - Fetching minute data with payload: {'ps_key_list': ['1731512_7_3_1', '1731512_7_1_1'], 'points': 'p8030,p8031,p8032,p8033,p8018,p8014', 'start_time_stamp': '20260517000000', 'end_time_stamp': '20260517030000', 'minute_interval': 5}
2026-05-18 01:02:28,553 - root - INFO - Successfully upserted 74 data points.
2026-05-18 01:02:28,554 - root - INFO - Fetching minute data with payload: {'ps_key_list': ['1731512_1_2_1'], 'points': 'p96,p97,p98,p99,p100,p101,p102,p103,p104,p105,p106,p107,p108,p109,p110,p111,p112,p113,p7166,p7167,p7168,p7169,p7170,p7171,p70,p71,p72,p73,p74,p75,p76,p77,p78,p79,p80,p81,p82,p83,p84,p85,p92,p93,p313,p314,p315,p316,p317,p318', 'start_time_stamp': '20260517090000', 'end_time_stamp': '20260517120000', 'minute_interval': 5}
2026-05-18 01:02:28,806 - root - INFO - Successfully upserted 74 data points.
2026-05-18 01:02:28,806 - root - INFO - Fetching minute data with payload: {'ps_key_list': ['1731512_1_2_1'], 'points': 'p96,p97,p98,p99,p100,p101,p102,p103,p104,p105,p106,p107,p108,p109,p110,p111,p112,p113,p7166,p7167,p7168,p7169,p7170,p7171,p70,p71,p72,p73,p74,p75,p76,p77,p78,p79,p80,p81,p82,p83,p84,p85,p92,p93,p313,p314,p315,p316,p317,p318', 'start_time_stamp': '20260517120000', 'end_time_stamp': '20260517150000', 'minute_interval': 5}
2026-05-18 01:02:28,940 - root - INFO - Successfully upserted 74 data points.
2026-05-18 01:02:28,940 - root - INFO - Fetching minute data with payload: {'ps_key_list': ['1731512_1_2_1'], 'points': 'p96,p97,p98,p99,p100,p101,p102,p103,p104,p105,p106,p107,p108,p109,p110,p111,p112,p113,p7166,p7167,p7168,p7169,p7170,p7171,p70,p71,p72,p73,p74,p75,p76,p77,p78,p79,p80,p81,p82,p83,p84,p85,p92,p93,p313,p314,p315,p316,p317,p318', 'start_time_stamp': '20260517030000', 'end_time_stamp': '20260517060000', 'minute_interval': 5}
2026-05-18 01:02:29,679 - root - INFO - Successfully upserted 74 data points.
2026-05-18 01:02:29,679 - root - INFO - Fetching minute data with payload: {'ps_key_list': ['1731512_1_2_1'], 'points': 'p96,p97,p98,p99,p100,p101,p102,p103,p104,p105,p106,p107,p108,p109,p110,p111,p112,p113,p7166,p7167,p7168,p7169,p7170,p7171,p70,p71,p72,p73,p74,p75,p76,p77,p78,p79,p80,p81,p82,p83,p84,p85,p92,p93,p313,p314,p315,p316,p317,p318', 'start_time_stamp': '20260517180000', 'end_time_stamp': '20260517210000', 'minute_interval': 5}
2026-05-18 01:02:29,949 - root - INFO - Successfully upserted 72 data points.
2026-05-18 01:02:29,949 - root - INFO - Fetching minute data with payload: {'ps_key_list': ['1731512_1_2_1'], 'points': 'p96,p97,p98,p99,p100,p101,p102,p103,p104,p105,p106,p107,p108,p109,p110,p111,p112,p113,p7166,p7167,p7168,p7169,p7170,p7171,p70,p71,p72,p73,p74,p75,p76,p77,p78,p79,p80,p81,p82,p83,p84,p85,p92,p93,p313,p314,p315,p316,p317,p318', 'start_time_stamp': '20260517210000', 'end_time_stamp': '20260517235959', 'minute_interval': 5}
2026-05-18 01:02:29,964 - root - INFO - Successfully upserted 37 data points.
2026-05-18 01:02:29,964 - root - INFO - Fetching minute data with payload: {'ps_key_list': ['1763661_1_1_1', '1763661_1_4_1', '1763661_1_3_1', '1763661_1_34_1', '1763661_1_33_1', '1763661_1_32_1', '1763661_1_31_1', '1763661_1_30_1', '1763661_1_29_1', '1763661_1_28_1', '1763661_1_27_1', '1763661_1_26_1', '1763661_1_25_1', '1763661_1_6_1', '1763661_1_5_1', '1763661_1_8_1', '1763661_1_7_1', '1763661_1_9_1', '1763661_1_10_1', '1763661_1_2_1'], 'points': 'p96,p97,p98,p99,p100,p101,p102,p103,p104,p105,p106,p107,p108,p109,p110,p111,p112,p113,p7166,p7167,p7168,p7169,p7170,p7171,p70,p71,p72,p73,p74,p75,p76,p77,p78,p79,p80,p81,p82,p83,p84,p85,p92,p93,p313,p314,p315,p316,p317,p318', 'start_time_stamp': '20260517150000', 'end_time_stamp': '20260517180000', 'minute_interval': 5}
2026-05-18 01:02:30,100 - root - INFO - Successfully upserted 74 data points.
2026-05-18 01:02:30,123 - root - INFO - Successfully upserted 74 data points.
2026-05-18 01:02:30,124 - root - INFO - Fetching minute data with payload: {'ps_key_list': ['1731512_1_2_1'], 'points': 'p96,p97,p98,p99,p100,p101,p102,p103,p104,p105,p106,p107,p108,p109,p110,p111,p112,p113,p7166,p7167,p7168,p7169,p7170,p7171,p70,p71,p72,p73,p74,p75,p76,p77,p78,p79,p80,p81,p82,p83,p84,p85,p92,p93,p313,p314,p315,p316,p317,p318', 'start_time_stamp': '20260517060000', 'end_time_stamp': '20260517090000', 'minute_interval': 5}
2026-05-18 01:02:30,127 - root - INFO - Fetching minute data with payload: {'ps_key_list': ['1731512_1_2_1'], 'points': 'p96,p97,p98,p99,p100,p101,p102,p103,p104,p105,p106,p107,p108,p109,p110,p111,p112,p113,p7166,p7167,p7168,p7169,p7170,p7171,p70,p71,p72,p73,p74,p75,p76,p77,p78,p79,p80,p81,p82,p83,p84,p85,p92,p93,p313,p314,p315,p316,p317,p318', 'start_time_stamp': '20260517000000', 'end_time_stamp': '20260517030000', 'minute_interval': 5}
2026-05-18 01:02:31,066 - root - INFO - Successfully upserted 37 data points.
2026-05-18 01:02:31,067 - root - INFO - Fetching minute data with payload: {'ps_key_list': ['1763661_1_1_1', '1763661_1_4_1', '1763661_1_3_1', '1763661_1_34_1', '1763661_1_33_1', '1763661_1_32_1', '1763661_1_31_1', '1763661_1_30_1', '1763661_1_29_1', '1763661_1_28_1', '1763661_1_27_1', '1763661_1_26_1', '1763661_1_25_1', '1763661_1_6_1', '1763661_1_5_1', '1763661_1_8_1', '1763661_1_7_1', '1763661_1_9_1', '1763661_1_10_1', '1763661_1_2_1'], 'points': 'p96,p97,p98,p99,p100,p101,p102,p103,p104,p105,p106,p107,p108,p109,p110,p111,p112,p113,p7166,p7167,p7168,p7169,p7170,p7171,p70,p71,p72,p73,p74,p75,p76,p77,p78,p79,p80,p81,p82,p83,p84,p85,p92,p93,p313,p314,p315,p316,p317,p318', 'start_time_stamp': '20260517090000', 'end_time_stamp': '20260517120000', 'minute_interval': 5}
2026-05-18 01:02:31,309 - root - INFO - Successfully upserted 37 data points.
2026-05-18 01:02:31,309 - root - INFO - Fetching minute data with payload: {'ps_key_list': ['1763661_1_1_1', '1763661_1_4_1', '1763661_1_3_1', '1763661_1_34_1', '1763661_1_33_1', '1763661_1_32_1', '1763661_1_31_1', '1763661_1_30_1', '1763661_1_29_1', '1763661_1_28_1', '1763661_1_27_1', '1763661_1_26_1', '1763661_1_25_1', '1763661_1_6_1', '1763661_1_5_1', '1763661_1_8_1', '1763661_1_7_1', '1763661_1_9_1', '1763661_1_10_1', '1763661_1_2_1'], 'points': 'p96,p97,p98,p99,p100,p101,p102,p103,p104,p105,p106,p107,p108,p109,p110,p111,p112,p113,p7166,p7167,p7168,p7169,p7170,p7171,p70,p71,p72,p73,p74,p75,p76,p77,p78,p79,p80,p81,p82,p83,p84,p85,p92,p93,p313,p314,p315,p316,p317,p318', 'start_time_stamp': '20260517120000', 'end_time_stamp': '20260517150000', 'minute_interval': 5}
2026-05-18 01:02:31,484 - root - INFO - No data to insert into database for this API data batch.
2026-05-18 01:02:31,484 - root - INFO - Fetching minute data with payload: {'ps_key_list': ['1763661_1_1_1', '1763661_1_4_1', '1763661_1_3_1', '1763661_1_34_1', '1763661_1_33_1', '1763661_1_32_1', '1763661_1_31_1', '1763661_1_30_1', '1763661_1_29_1', '1763661_1_28_1', '1763661_1_27_1', '1763661_1_26_1', '1763661_1_25_1', '1763661_1_6_1', '1763661_1_5_1', '1763661_1_8_1', '1763661_1_7_1', '1763661_1_9_1', '1763661_1_10_1', '1763661_1_2_1'], 'points': 'p96,p97,p98,p99,p100,p101,p102,p103,p104,p105,p106,p107,p108,p109,p110,p111,p112,p113,p7166,p7167,p7168,p7169,p7170,p7171,p70,p71,p72,p73,p74,p75,p76,p77,p78,p79,p80,p81,p82,p83,p84,p85,p92,p93,p313,p314,p315,p316,p317,p318', 'start_time_stamp': '20260517030000', 'end_time_stamp': '20260517060000', 'minute_interval': 5}
2026-05-18 01:02:32,432 - root - INFO - Successfully upserted 5 data points.
2026-05-18 01:02:32,432 - root - INFO - Fetching minute data with payload: {'ps_key_list': ['1763661_1_1_1', '1763661_1_4_1', '1763661_1_3_1', '1763661_1_34_1', '1763661_1_33_1', '1763661_1_32_1', '1763661_1_31_1', '1763661_1_30_1', '1763661_1_29_1', '1763661_1_28_1', '1763661_1_27_1', '1763661_1_26_1', '1763661_1_25_1', '1763661_1_6_1', '1763661_1_5_1', '1763661_1_8_1', '1763661_1_7_1', '1763661_1_9_1', '1763661_1_10_1', '1763661_1_2_1'], 'points': 'p96,p97,p98,p99,p100,p101,p102,p103,p104,p105,p106,p107,p108,p109,p110,p111,p112,p113,p7166,p7167,p7168,p7169,p7170,p7171,p70,p71,p72,p73,p74,p75,p76,p77,p78,p79,p80,p81,p82,p83,p84,p85,p92,p93,p313,p314,p315,p316,p317,p318', 'start_time_stamp': '20260517180000', 'end_time_stamp': '20260517210000', 'minute_interval': 5}
2026-05-18 01:02:32,524 - root - INFO - No data to insert into database for this API data batch.
2026-05-18 01:02:32,525 - root - INFO - Fetching minute data with payload: {'ps_key_list': ['1763661_1_1_1', '1763661_1_4_1', '1763661_1_3_1', '1763661_1_34_1', '1763661_1_33_1', '1763661_1_32_1', '1763661_1_31_1', '1763661_1_30_1', '1763661_1_29_1', '1763661_1_28_1', '1763661_1_27_1', '1763661_1_26_1', '1763661_1_25_1', '1763661_1_6_1', '1763661_1_5_1', '1763661_1_8_1', '1763661_1_7_1', '1763661_1_9_1', '1763661_1_10_1', '1763661_1_2_1'], 'points': 'p96,p97,p98,p99,p100,p101,p102,p103,p104,p105,p106,p107,p108,p109,p110,p111,p112,p113,p7166,p7167,p7168,p7169,p7170,p7171,p70,p71,p72,p73,p74,p75,p76,p77,p78,p79,p80,p81,p82,p83,p84,p85,p92,p93,p313,p314,p315,p316,p317,p318', 'start_time_stamp': '20260517210000', 'end_time_stamp': '20260517235959', 'minute_interval': 5}
2026-05-18 01:02:32,791 - root - INFO - Successfully upserted 30 data points.
2026-05-18 01:02:32,792 - root - INFO - Fetching minute data with payload: {'ps_key_list': ['1763661_1_1_1', '1763661_1_4_1', '1763661_1_3_1', '1763661_1_34_1', '1763661_1_33_1', '1763661_1_32_1', '1763661_1_31_1', '1763661_1_30_1', '1763661_1_29_1', '1763661_1_28_1', '1763661_1_27_1', '1763661_1_26_1', '1763661_1_25_1', '1763661_1_6_1', '1763661_1_5_1', '1763661_1_8_1', '1763661_1_7_1', '1763661_1_9_1', '1763661_1_10_1', '1763661_1_2_1'], 'points': 'p96,p97,p98,p99,p100,p101,p102,p103,p104,p105,p106,p107,p108,p109,p110,p111,p112,p113,p7166,p7167,p7168,p7169,p7170,p7171,p70,p71,p72,p73,p74,p75,p76,p77,p78,p79,p80,p81,p82,p83,p84,p85,p92,p93,p313,p314,p315,p316,p317,p318', 'start_time_stamp': '20260517060000', 'end_time_stamp': '20260517090000', 'minute_interval': 5}
2026-05-18 01:02:32,828 - root - INFO - No data to insert into database for this API data batch.
2026-05-18 01:02:32,829 - root - INFO - Fetching minute data with payload: {'ps_key_list': ['1763661_1_1_1', '1763661_1_4_1', '1763661_1_3_1', '1763661_1_34_1', '1763661_1_33_1', '1763661_1_32_1', '1763661_1_31_1', '1763661_1_30_1', '1763661_1_29_1', '1763661_1_28_1', '1763661_1_27_1', '1763661_1_26_1', '1763661_1_25_1', '1763661_1_6_1', '1763661_1_5_1', '1763661_1_8_1', '1763661_1_7_1', '1763661_1_9_1', '1763661_1_10_1', '1763661_1_2_1'], 'points': 'p96,p97,p98,p99,p100,p101,p102,p103,p104,p105,p106,p107,p108,p109,p110,p111,p112,p113,p7166,p7167,p7168,p7169,p7170,p7171,p70,p71,p72,p73,p74,p75,p76,p77,p78,p79,p80,p81,p82,p83,p84,p85,p92,p93,p313,p314,p315,p316,p317,p318', 'start_time_stamp': '20260517000000', 'end_time_stamp': '20260517030000', 'minute_interval': 5}
2026-05-18 01:02:33,077 - root - INFO - Successfully upserted 370 data points.
2026-05-18 01:02:33,078 - root - INFO - Fetching minute data with payload: {'ps_key_list': ['1763661_7_22_1', '1763661_7_21_1', '1763661_7_24_1', '1763661_7_23_1', '1763661_7_20_1', '1763661_7_19_1', '1763661_7_17_1', '1763661_7_16_1', '1763661_7_15_1'], 'points': 'p8030,p8031,p8032,p8033,p8018,p8014', 'start_time_stamp': '20260517150000', 'end_time_stamp': '20260517180000', 'minute_interval': 5}
2026-05-18 01:02:33,901 - root - INFO - Successfully upserted 370 data points.
2026-05-18 01:02:33,902 - root - INFO - Fetching minute data with payload: {'ps_key_list': ['1763661_7_22_1', '1763661_7_21_1', '1763661_7_24_1', '1763661_7_23_1', '1763661_7_20_1', '1763661_7_19_1', '1763661_7_17_1', '1763661_7_16_1', '1763661_7_15_1'], 'points': 'p8030,p8031,p8032,p8033,p8018,p8014', 'start_time_stamp': '20260517090000', 'end_time_stamp': '20260517120000', 'minute_interval': 5}
2026-05-18 01:02:34,183 - root - INFO - Successfully upserted 370 data points.
2026-05-18 01:02:34,183 - root - INFO - Fetching minute data with payload: {'ps_key_list': ['1763661_7_22_1', '1763661_7_21_1', '1763661_7_24_1', '1763661_7_23_1', '1763661_7_20_1', '1763661_7_19_1', '1763661_7_17_1', '1763661_7_16_1', '1763661_7_15_1'], 'points': 'p8030,p8031,p8032,p8033,p8018,p8014', 'start_time_stamp': '20260517120000', 'end_time_stamp': '20260517150000', 'minute_interval': 5}
2026-05-18 01:02:34,277 - root - INFO - Successfully upserted 370 data points.
2026-05-18 01:02:34,277 - root - INFO - Fetching minute data with payload: {'ps_key_list': ['1763661_7_22_1', '1763661_7_21_1', '1763661_7_24_1', '1763661_7_23_1', '1763661_7_20_1', '1763661_7_19_1', '1763661_7_17_1', '1763661_7_16_1', '1763661_7_15_1'], 'points': 'p8030,p8031,p8032,p8033,p8018,p8014', 'start_time_stamp': '20260517030000', 'end_time_stamp': '20260517060000', 'minute_interval': 5}
2026-05-18 01:02:35,354 - root - INFO - Successfully upserted 360 data points.
2026-05-18 01:02:35,355 - root - INFO - Fetching minute data with payload: {'ps_key_list': ['1763661_7_22_1', '1763661_7_21_1', '1763661_7_24_1', '1763661_7_23_1', '1763661_7_20_1', '1763661_7_19_1', '1763661_7_17_1', '1763661_7_16_1', '1763661_7_15_1'], 'points': 'p8030,p8031,p8032,p8033,p8018,p8014', 'start_time_stamp': '20260517210000', 'end_time_stamp': '20260517235959', 'minute_interval': 5}
2026-05-18 01:02:35,452 - root - INFO - Successfully upserted 370 data points.
2026-05-18 01:02:35,452 - root - INFO - Fetching minute data with payload: {'ps_key_list': ['1763661_7_22_1', '1763661_7_21_1', '1763661_7_24_1', '1763661_7_23_1', '1763661_7_20_1', '1763661_7_19_1', '1763661_7_17_1', '1763661_7_16_1', '1763661_7_15_1'], 'points': 'p8030,p8031,p8032,p8033,p8018,p8014', 'start_time_stamp': '20260517180000', 'end_time_stamp': '20260517210000', 'minute_interval': 5}
2026-05-18 01:02:35,493 - root - INFO - Retrying API request after rate limit wait...
2026-05-18 01:02:35,494 - root - INFO - Making API request to: https://sg5.fusionsolar.huawei.com/rest/openapi/pvms/nbi/v1/device/history
2026-05-18 01:02:35,495 - root - INFO - Request payload: {'devDn': 'NE=78317344', 'devTypeId': 17, 'startTime': 1778950800000, 'endTime': 1779037199000}
2026-05-18 01:02:35,644 - root - INFO - Successfully upserted 370 data points.
2026-05-18 01:02:35,804 - root - INFO - Successfully upserted 370 data points.
2026-05-18 01:02:35,804 - root - INFO - Successfully upserted 296 data points.
2026-05-18 01:02:35,805 - root - INFO - Fetching minute data with payload: {'ps_key_list': ['1763661_7_22_1', '1763661_7_21_1', '1763661_7_24_1', '1763661_7_23_1', '1763661_7_20_1', '1763661_7_19_1', '1763661_7_17_1', '1763661_7_16_1', '1763661_7_15_1'], 'points': 'p8030,p8031,p8032,p8033,p8018,p8014', 'start_time_stamp': '20260517060000', 'end_time_stamp': '20260517090000', 'minute_interval': 5}
2026-05-18 01:02:35,805 - root - INFO - Fetching minute data with payload: {'ps_key_list': ['1763661_7_22_1', '1763661_7_21_1', '1763661_7_24_1', '1763661_7_23_1', '1763661_7_20_1', '1763661_7_19_1', '1763661_7_17_1', '1763661_7_16_1', '1763661_7_15_1'], 'points': 'p8030,p8031,p8032,p8033,p8018,p8014', 'start_time_stamp': '20260517000000', 'end_time_stamp': '20260517030000', 'minute_interval': 5}
2026-05-18 01:02:35,806 - root - INFO - Fetching minute data with payload: {'ps_key_list': ['1763661_5_14_1', '1763661_5_13_1', '1763661_5_12_1', '1763661_5_11_1'], 'points': 'p2003,p2001,p2005,p2007,p2009,p2010,p2022,p2016,p2012', 'start_time_stamp': '20260517150000', 'end_time_stamp': '20260517180000', 'minute_interval': 5}
2026-05-18 01:02:36,149 - root - INFO - Response status code: 200
2026-05-18 01:02:36,170 - root - INFO - API response from https://sg5.fusionsolar.huawei.com/rest/openapi/pvms/nbi/v1/device/history (truncated): {'failCode': 0, 'success': True, 'message': 'historical data information query successful.', 'data': []}
2026-05-18 01:02:36,178 - root - INFO - API Response type: <class 'dict'>
2026-05-18 01:02:36,178 - root - INFO - API Response keys: ['failCode', 'success', 'message', 'data']
2026-05-18 01:02:36,179 - root - INFO - API Response data is a list with 0 items
2026-05-18 01:02:36,179 - root - INFO - API Response has failCode: 0, message: historical data information query successful.
2026-05-18 01:02:36,180 - root - INFO - Using alternate response format: data as list
2026-05-18 01:02:36,180 - root - INFO - No data points returned for the query period
2026-05-18 01:02:36,181 - root - INFO - Using single devDn for device/history (API: one device per query)
2026-05-18 01:02:36,185 - root - INFO - Fetching historical data for 1 devices of type meter
2026-05-18 01:02:36,186 - root - INFO - Making API request to: https://sg5.fusionsolar.huawei.com/rest/openapi/pvms/nbi/v1/device/history
2026-05-18 01:02:36,186 - root - INFO - Request payload: {'devDn': 'NE=61851549', 'devTypeId': 17, 'startTime': 1778950800000, 'endTime': 1779037199000}
2026-05-18 01:02:36,535 - root - INFO - Response status code: 200
2026-05-18 01:02:36,535 - root - INFO - API response from https://sg5.fusionsolar.huawei.com/rest/openapi/pvms/nbi/v1/device/history (truncated): {'failCode': 407, 'success': False, 'message': 'Interface access frequency:0.39333333333333337/1second', 'data': []}
2026-05-18 01:02:36,537 - root - WARNING - API access frequency too high. Waiting 30 seconds before retry...
2026-05-18 01:02:36,596 - root - INFO - Successfully upserted 296 data points.
2026-05-18 01:02:36,596 - root - INFO - Fetching minute data with payload: {'ps_key_list': ['1763661_5_14_1', '1763661_5_13_1', '1763661_5_12_1', '1763661_5_11_1'], 'points': 'p2003,p2001,p2005,p2007,p2009,p2010,p2022,p2016,p2012', 'start_time_stamp': '20260517090000', 'end_time_stamp': '20260517120000', 'minute_interval': 5}
2026-05-18 01:02:36,804 - root - INFO - Successfully upserted 296 data points.
2026-05-18 01:02:36,804 - root - INFO - Fetching minute data with payload: {'ps_key_list': ['1763661_5_14_1', '1763661_5_13_1', '1763661_5_12_1', '1763661_5_11_1'], 'points': 'p2003,p2001,p2005,p2007,p2009,p2010,p2022,p2016,p2012', 'start_time_stamp': '20260517120000', 'end_time_stamp': '20260517150000', 'minute_interval': 5}
2026-05-18 01:02:38,027 - root - INFO - Successfully upserted 296 data points.
2026-05-18 01:02:38,028 - root - INFO - Fetching minute data with payload: {'ps_key_list': ['1763661_5_14_1', '1763661_5_13_1', '1763661_5_12_1', '1763661_5_11_1'], 'points': 'p2003,p2001,p2005,p2007,p2009,p2010,p2022,p2016,p2012', 'start_time_stamp': '20260517030000', 'end_time_stamp': '20260517060000', 'minute_interval': 5}
2026-05-18 01:02:38,308 - root - INFO - Successfully upserted 288 data points.
2026-05-18 01:02:38,308 - root - INFO - Fetching minute data with payload: {'ps_key_list': ['1763661_5_14_1', '1763661_5_13_1', '1763661_5_12_1', '1763661_5_11_1'], 'points': 'p2003,p2001,p2005,p2007,p2009,p2010,p2022,p2016,p2012', 'start_time_stamp': '20260517210000', 'end_time_stamp': '20260517235959', 'minute_interval': 5}
2026-05-18 01:02:38,421 - root - INFO - Successfully upserted 296 data points.
2026-05-18 01:02:38,421 - root - INFO - Fetching minute data with payload: {'ps_key_list': ['1763661_5_14_1', '1763661_5_13_1', '1763661_5_12_1', '1763661_5_11_1'], 'points': 'p2003,p2001,p2005,p2007,p2009,p2010,p2022,p2016,p2012', 'start_time_stamp': '20260517180000', 'end_time_stamp': '20260517210000', 'minute_interval': 5}
2026-05-18 01:02:38,537 - root - INFO - Successfully upserted 148 data points.
2026-05-18 01:02:38,538 - root - INFO - Fetching minute data with payload: {'ps_key_list': ['1637816_1_5_1', '1637816_1_7_1', '1637816_1_2_1', '1637816_1_1_1', '1637816_1_4_1', '1637816_1_3_1', '1637816_1_6_1'], 'points': 'p96,p97,p98,p99,p100,p101,p102,p103,p104,p105,p106,p107,p108,p109,p110,p111,p112,p113,p7166,p7167,p7168,p7169,p7170,p7171,p70,p71,p72,p73,p74,p75,p76,p77,p78,p79,p80,p81,p82,p83,p84,p85,p92,p93,p313,p314,p315,p316,p317,p318', 'start_time_stamp': '20260517150000', 'end_time_stamp': '20260517180000', 'minute_interval': 5}
2026-05-18 01:02:38,751 - root - INFO - Successfully upserted 296 data points.
2026-05-18 01:02:38,753 - root - INFO - Fetching minute data with payload: {'ps_key_list': ['1763661_5_14_1', '1763661_5_13_1', '1763661_5_12_1', '1763661_5_11_1'], 'points': 'p2003,p2001,p2005,p2007,p2009,p2010,p2022,p2016,p2012', 'start_time_stamp': '20260517060000', 'end_time_stamp': '20260517090000', 'minute_interval': 5}
2026-05-18 01:02:38,827 - root - INFO - Successfully upserted 296 data points.
2026-05-18 01:02:38,828 - root - INFO - Fetching minute data with payload: {'ps_key_list': ['1763661_5_14_1', '1763661_5_13_1', '1763661_5_12_1', '1763661_5_11_1'], 'points': 'p2003,p2001,p2005,p2007,p2009,p2010,p2022,p2016,p2012', 'start_time_stamp': '20260517000000', 'end_time_stamp': '20260517030000', 'minute_interval': 5}
2026-05-18 01:02:39,666 - root - INFO - Successfully upserted 148 data points.
2026-05-18 01:02:39,667 - root - INFO - Fetching minute data with payload: {'ps_key_list': ['1637816_1_5_1', '1637816_1_7_1', '1637816_1_2_1', '1637816_1_1_1', '1637816_1_4_1', '1637816_1_3_1', '1637816_1_6_1'], 'points': 'p96,p97,p98,p99,p100,p101,p102,p103,p104,p105,p106,p107,p108,p109,p110,p111,p112,p113,p7166,p7167,p7168,p7169,p7170,p7171,p70,p71,p72,p73,p74,p75,p76,p77,p78,p79,p80,p81,p82,p83,p84,p85,p92,p93,p313,p314,p315,p316,p317,p318', 'start_time_stamp': '20260517120000', 'end_time_stamp': '20260517150000', 'minute_interval': 5}
2026-05-18 01:02:39,698 - root - INFO - Successfully upserted 148 data points.
2026-05-18 01:02:39,698 - root - INFO - Fetching minute data with payload: {'ps_key_list': ['1637816_1_5_1', '1637816_1_7_1', '1637816_1_2_1', '1637816_1_1_1', '1637816_1_4_1', '1637816_1_3_1', '1637816_1_6_1'], 'points': 'p96,p97,p98,p99,p100,p101,p102,p103,p104,p105,p106,p107,p108,p109,p110,p111,p112,p113,p7166,p7167,p7168,p7169,p7170,p7171,p70,p71,p72,p73,p74,p75,p76,p77,p78,p79,p80,p81,p82,p83,p84,p85,p92,p93,p313,p314,p315,p316,p317,p318', 'start_time_stamp': '20260517090000', 'end_time_stamp': '20260517120000', 'minute_interval': 5}
2026-05-18 01:02:40,663 - root - INFO - Successfully upserted 148 data points.
2026-05-18 01:02:40,664 - root - INFO - Fetching minute data with payload: {'ps_key_list': ['1637816_1_5_1', '1637816_1_7_1', '1637816_1_2_1', '1637816_1_1_1', '1637816_1_4_1', '1637816_1_3_1', '1637816_1_6_1'], 'points': 'p96,p97,p98,p99,p100,p101,p102,p103,p104,p105,p106,p107,p108,p109,p110,p111,p112,p113,p7166,p7167,p7168,p7169,p7170,p7171,p70,p71,p72,p73,p74,p75,p76,p77,p78,p79,p80,p81,p82,p83,p84,p85,p92,p93,p313,p314,p315,p316,p317,p318', 'start_time_stamp': '20260517030000', 'end_time_stamp': '20260517060000', 'minute_interval': 5}
2026-05-18 01:02:40,942 - root - INFO - Successfully upserted 144 data points.
2026-05-18 01:02:40,942 - root - INFO - Fetching minute data with payload: {'ps_key_list': ['1637816_1_5_1', '1637816_1_7_1', '1637816_1_2_1', '1637816_1_1_1', '1637816_1_4_1', '1637816_1_3_1', '1637816_1_6_1'], 'points': 'p96,p97,p98,p99,p100,p101,p102,p103,p104,p105,p106,p107,p108,p109,p110,p111,p112,p113,p7166,p7167,p7168,p7169,p7170,p7171,p70,p71,p72,p73,p74,p75,p76,p77,p78,p79,p80,p81,p82,p83,p84,p85,p92,p93,p313,p314,p315,p316,p317,p318', 'start_time_stamp': '20260517210000', 'end_time_stamp': '20260517235959', 'minute_interval': 5}
2026-05-18 01:02:41,098 - root - INFO - Successfully upserted 148 data points.
2026-05-18 01:02:41,098 - root - INFO - Fetching minute data with payload: {'ps_key_list': ['1637816_1_5_1', '1637816_1_7_1', '1637816_1_2_1', '1637816_1_1_1', '1637816_1_4_1', '1637816_1_3_1', '1637816_1_6_1'], 'points': 'p96,p97,p98,p99,p100,p101,p102,p103,p104,p105,p106,p107,p108,p109,p110,p111,p112,p113,p7166,p7167,p7168,p7169,p7170,p7171,p70,p71,p72,p73,p74,p75,p76,p77,p78,p79,p80,p81,p82,p83,p84,p85,p92,p93,p313,p314,p315,p316,p317,p318', 'start_time_stamp': '20260517180000', 'end_time_stamp': '20260517210000', 'minute_interval': 5}
2026-05-18 01:02:41,354 - root - INFO - Successfully upserted 259 data points.
2026-05-18 01:02:41,354 - root - INFO - Fetching minute data with payload: {'ps_key_list': ['1637816_7_14_1', '1637816_7_13_1', '1637816_7_18_1', '1637816_7_17_1', '1637816_7_16_1', '1637816_7_15_1'], 'points': 'p8030,p8031,p8032,p8033,p8018,p8014', 'start_time_stamp': '20260517150000', 'end_time_stamp': '20260517180000', 'minute_interval': 5}
2026-05-18 01:02:41,559 - root - INFO - Successfully upserted 148 data points.
2026-05-18 01:02:41,560 - root - INFO - Fetching minute data with payload: {'ps_key_list': ['1637816_1_5_1', '1637816_1_7_1', '1637816_1_2_1', '1637816_1_1_1', '1637816_1_4_1', '1637816_1_3_1', '1637816_1_6_1'], 'points': 'p96,p97,p98,p99,p100,p101,p102,p103,p104,p105,p106,p107,p108,p109,p110,p111,p112,p113,p7166,p7167,p7168,p7169,p7170,p7171,p70,p71,p72,p73,p74,p75,p76,p77,p78,p79,p80,p81,p82,p83,p84,p85,p92,p93,p313,p314,p315,p316,p317,p318', 'start_time_stamp': '20260517000000', 'end_time_stamp': '20260517030000', 'minute_interval': 5}
2026-05-18 01:02:41,561 - root - INFO - Successfully upserted 148 data points.
2026-05-18 01:02:41,562 - root - INFO - Fetching minute data with payload: {'ps_key_list': ['1637816_1_5_1', '1637816_1_7_1', '1637816_1_2_1', '1637816_1_1_1', '1637816_1_4_1', '1637816_1_3_1', '1637816_1_6_1'], 'points': 'p96,p97,p98,p99,p100,p101,p102,p103,p104,p105,p106,p107,p108,p109,p110,p111,p112,p113,p7166,p7167,p7168,p7169,p7170,p7171,p70,p71,p72,p73,p74,p75,p76,p77,p78,p79,p80,p81,p82,p83,p84,p85,p92,p93,p313,p314,p315,p316,p317,p318', 'start_time_stamp': '20260517060000', 'end_time_stamp': '20260517090000', 'minute_interval': 5}
2026-05-18 01:02:42,355 - root - INFO - Successfully upserted 259 data points.
2026-05-18 01:02:42,355 - root - INFO - Fetching minute data with payload: {'ps_key_list': ['1637816_7_14_1', '1637816_7_13_1', '1637816_7_18_1', '1637816_7_17_1', '1637816_7_16_1', '1637816_7_15_1'], 'points': 'p8030,p8031,p8032,p8033,p8018,p8014', 'start_time_stamp': '20260517120000', 'end_time_stamp': '20260517150000', 'minute_interval': 5}
2026-05-18 01:02:42,478 - root - INFO - Successfully upserted 259 data points.
2026-05-18 01:02:42,479 - root - INFO - Fetching minute data with payload: {'ps_key_list': ['1637816_7_14_1', '1637816_7_13_1', '1637816_7_18_1', '1637816_7_17_1', '1637816_7_16_1', '1637816_7_15_1'], 'points': 'p8030,p8031,p8032,p8033,p8018,p8014', 'start_time_stamp': '20260517090000', 'end_time_stamp': '20260517120000', 'minute_interval': 5}
2026-05-18 01:02:43,274 - root - INFO - Successfully upserted 84 data points.
2026-05-18 01:02:43,275 - root - INFO - Fetching minute data with payload: {'ps_key_list': ['1637816_7_14_1', '1637816_7_13_1', '1637816_7_18_1', '1637816_7_17_1', '1637816_7_16_1', '1637816_7_15_1'], 'points': 'p8030,p8031,p8032,p8033,p8018,p8014', 'start_time_stamp': '20260517030000', 'end_time_stamp': '20260517060000', 'minute_interval': 5}
2026-05-18 01:02:43,489 - root - INFO - Successfully upserted 133 data points.
2026-05-18 01:02:43,489 - root - INFO - Fetching minute data with payload: {'ps_key_list': ['1637816_7_14_1', '1637816_7_13_1', '1637816_7_18_1', '1637816_7_17_1', '1637816_7_16_1', '1637816_7_15_1'], 'points': 'p8030,p8031,p8032,p8033,p8018,p8014', 'start_time_stamp': '20260517210000', 'end_time_stamp': '20260517235959', 'minute_interval': 5}
2026-05-18 01:02:43,725 - root - INFO - Successfully upserted 259 data points.
2026-05-18 01:02:43,726 - root - INFO - Fetching minute data with payload: {'ps_key_list': ['1637816_7_14_1', '1637816_7_13_1', '1637816_7_18_1', '1637816_7_17_1', '1637816_7_16_1', '1637816_7_15_1'], 'points': 'p8030,p8031,p8032,p8033,p8018,p8014', 'start_time_stamp': '20260517180000', 'end_time_stamp': '20260517210000', 'minute_interval': 5}
2026-05-18 01:02:43,984 - root - INFO - Successfully upserted 148 data points.
2026-05-18 01:02:43,985 - root - INFO - Fetching minute data with payload: {'ps_key_list': ['1637816_5_12_1', '1637816_5_11_1', '1637816_5_10_1', '1637816_5_19_1'], 'points': 'p2003,p2001,p2005,p2007,p2009,p2010,p2022,p2016,p2012', 'start_time_stamp': '20260517150000', 'end_time_stamp': '20260517180000', 'minute_interval': 5}
2026-05-18 01:02:44,201 - root - INFO - No data to insert into database for this API data batch.
2026-05-18 01:02:44,202 - root - INFO - Fetching minute data with payload: {'ps_key_list': ['1637816_7_14_1', '1637816_7_13_1', '1637816_7_18_1', '1637816_7_17_1', '1637816_7_16_1', '1637816_7_15_1'], 'points': 'p8030,p8031,p8032,p8033,p8018,p8014', 'start_time_stamp': '20260517000000', 'end_time_stamp': '20260517030000', 'minute_interval': 5}
2026-05-18 01:02:44,347 - root - INFO - Successfully upserted 259 data points.
2026-05-18 01:02:44,347 - root - INFO - Fetching minute data with payload: {'ps_key_list': ['1637816_7_14_1', '1637816_7_13_1', '1637816_7_18_1', '1637816_7_17_1', '1637816_7_16_1', '1637816_7_15_1'], 'points': 'p8030,p8031,p8032,p8033,p8018,p8014', 'start_time_stamp': '20260517060000', 'end_time_stamp': '20260517090000', 'minute_interval': 5}
2026-05-18 01:02:44,929 - root - INFO - Successfully upserted 148 data points.
2026-05-18 01:02:44,929 - root - INFO - Fetching minute data with payload: {'ps_key_list': ['1637816_5_12_1', '1637816_5_11_1', '1637816_5_10_1', '1637816_5_19_1'], 'points': 'p2003,p2001,p2005,p2007,p2009,p2010,p2022,p2016,p2012', 'start_time_stamp': '20260517120000', 'end_time_stamp': '20260517150000', 'minute_interval': 5}
2026-05-18 01:02:45,009 - root - INFO - Successfully upserted 148 data points.
2026-05-18 01:02:45,010 - root - INFO - Fetching minute data with payload: {'ps_key_list': ['1637816_5_12_1', '1637816_5_11_1', '1637816_5_10_1', '1637816_5_19_1'], 'points': 'p2003,p2001,p2005,p2007,p2009,p2010,p2022,p2016,p2012', 'start_time_stamp': '20260517090000', 'end_time_stamp': '20260517120000', 'minute_interval': 5}
2026-05-18 01:02:45,871 - root - INFO - Successfully upserted 148 data points.
2026-05-18 01:02:45,871 - root - INFO - Fetching minute data with payload: {'ps_key_list': ['1637816_5_12_1', '1637816_5_11_1', '1637816_5_10_1', '1637816_5_19_1'], 'points': 'p2003,p2001,p2005,p2007,p2009,p2010,p2022,p2016,p2012', 'start_time_stamp': '20260517030000', 'end_time_stamp': '20260517060000', 'minute_interval': 5}
2026-05-18 01:02:46,074 - root - INFO - Successfully upserted 100 data points.
2026-05-18 01:02:46,074 - root - INFO - Fetching minute data with payload: {'ps_key_list': ['1637816_5_12_1', '1637816_5_11_1', '1637816_5_10_1', '1637816_5_19_1'], 'points': 'p2003,p2001,p2005,p2007,p2009,p2010,p2022,p2016,p2012', 'start_time_stamp': '20260517210000', 'end_time_stamp': '20260517235959', 'minute_interval': 5}
2026-05-18 01:02:46,321 - root - INFO - Successfully upserted 148 data points.
2026-05-18 01:02:46,321 - root - INFO - Fetching minute data with payload: {'ps_key_list': ['1637816_5_12_1', '1637816_5_11_1', '1637816_5_10_1', '1637816_5_19_1'], 'points': 'p2003,p2001,p2005,p2007,p2009,p2010,p2022,p2016,p2012', 'start_time_stamp': '20260517180000', 'end_time_stamp': '20260517210000', 'minute_interval': 5}
2026-05-18 01:02:46,472 - root - INFO - Successfully upserted 148 data points.
2026-05-18 01:02:46,472 - root - INFO - Fetching minute data with payload: {'ps_key_list': ['1637095_1_4_1', '1637095_1_7_1', '1637095_1_3_1', '1637095_1_6_1', '1637095_1_2_1', '1637095_1_9_1', '1637095_1_5_1', '1637095_1_1_1', '1637095_1_10_1', '1637095_1_8_1'], 'points': 'p96,p97,p98,p99,p100,p101,p102,p103,p104,p105,p106,p107,p108,p109,p110,p111,p112,p113,p7166,p7167,p7168,p7169,p7170,p7171,p70,p71,p72,p73,p74,p75,p76,p77,p78,p79,p80,p81,p82,p83,p84,p85,p92,p93,p313,p314,p315,p316,p317,p318', 'start_time_stamp': '20260517150000', 'end_time_stamp': '20260517180000', 'minute_interval': 5}
2026-05-18 01:02:46,799 - root - INFO - Successfully upserted 148 data points.
2026-05-18 01:02:46,799 - root - INFO - Fetching minute data with payload: {'ps_key_list': ['1637816_5_12_1', '1637816_5_11_1', '1637816_5_10_1', '1637816_5_19_1'], 'points': 'p2003,p2001,p2005,p2007,p2009,p2010,p2022,p2016,p2012', 'start_time_stamp': '20260517000000', 'end_time_stamp': '20260517030000', 'minute_interval': 5}
2026-05-18 01:02:46,994 - root - INFO - Successfully upserted 148 data points.
2026-05-18 01:02:46,994 - root - INFO - Fetching minute data with payload: {'ps_key_list': ['1637816_5_12_1', '1637816_5_11_1', '1637816_5_10_1', '1637816_5_19_1'], 'points': 'p2003,p2001,p2005,p2007,p2009,p2010,p2022,p2016,p2012', 'start_time_stamp': '20260517060000', 'end_time_stamp': '20260517090000', 'minute_interval': 5}
2026-05-18 01:02:47,490 - root - INFO - Successfully upserted 148 data points.
2026-05-18 01:02:47,491 - root - INFO - Fetching minute data with payload: {'ps_key_list': ['1637095_1_4_1', '1637095_1_7_1', '1637095_1_3_1', '1637095_1_6_1', '1637095_1_2_1', '1637095_1_9_1', '1637095_1_5_1', '1637095_1_1_1', '1637095_1_10_1', '1637095_1_8_1'], 'points': 'p96,p97,p98,p99,p100,p101,p102,p103,p104,p105,p106,p107,p108,p109,p110,p111,p112,p113,p7166,p7167,p7168,p7169,p7170,p7171,p70,p71,p72,p73,p74,p75,p76,p77,p78,p79,p80,p81,p82,p83,p84,p85,p92,p93,p313,p314,p315,p316,p317,p318', 'start_time_stamp': '20260517120000', 'end_time_stamp': '20260517150000', 'minute_interval': 5}
2026-05-18 01:02:47,661 - root - INFO - Successfully upserted 148 data points.
2026-05-18 01:02:47,661 - root - INFO - Fetching minute data with payload: {'ps_key_list': ['1637095_1_4_1', '1637095_1_7_1', '1637095_1_3_1', '1637095_1_6_1', '1637095_1_2_1', '1637095_1_9_1', '1637095_1_5_1', '1637095_1_1_1', '1637095_1_10_1', '1637095_1_8_1'], 'points': 'p96,p97,p98,p99,p100,p101,p102,p103,p104,p105,p106,p107,p108,p109,p110,p111,p112,p113,p7166,p7167,p7168,p7169,p7170,p7171,p70,p71,p72,p73,p74,p75,p76,p77,p78,p79,p80,p81,p82,p83,p84,p85,p92,p93,p313,p314,p315,p316,p317,p318', 'start_time_stamp': '20260517090000', 'end_time_stamp': '20260517120000', 'minute_interval': 5}
2026-05-18 01:02:48,441 - root - INFO - Successfully upserted 48 data points.
2026-05-18 01:02:48,441 - root - INFO - Fetching minute data with payload: {'ps_key_list': ['1637095_1_4_1', '1637095_1_7_1', '1637095_1_3_1', '1637095_1_6_1', '1637095_1_2_1', '1637095_1_9_1', '1637095_1_5_1', '1637095_1_1_1', '1637095_1_10_1', '1637095_1_8_1'], 'points': 'p96,p97,p98,p99,p100,p101,p102,p103,p104,p105,p106,p107,p108,p109,p110,p111,p112,p113,p7166,p7167,p7168,p7169,p7170,p7171,p70,p71,p72,p73,p74,p75,p76,p77,p78,p79,p80,p81,p82,p83,p84,p85,p92,p93,p313,p314,p315,p316,p317,p318', 'start_time_stamp': '20260517030000', 'end_time_stamp': '20260517060000', 'minute_interval': 5}
2026-05-18 01:02:48,550 - root - INFO - Successfully upserted 94 data points.
2026-05-18 01:02:48,551 - root - INFO - Fetching minute data with payload: {'ps_key_list': ['1637095_1_4_1', '1637095_1_7_1', '1637095_1_3_1', '1637095_1_6_1', '1637095_1_2_1', '1637095_1_9_1', '1637095_1_5_1', '1637095_1_1_1', '1637095_1_10_1', '1637095_1_8_1'], 'points': 'p96,p97,p98,p99,p100,p101,p102,p103,p104,p105,p106,p107,p108,p109,p110,p111,p112,p113,p7166,p7167,p7168,p7169,p7170,p7171,p70,p71,p72,p73,p74,p75,p76,p77,p78,p79,p80,p81,p82,p83,p84,p85,p92,p93,p313,p314,p315,p316,p317,p318', 'start_time_stamp': '20260517210000', 'end_time_stamp': '20260517235959', 'minute_interval': 5}
2026-05-18 01:02:49,339 - root - INFO - Successfully upserted 370 data points.
2026-05-18 01:02:49,340 - root - INFO - Fetching minute data with payload: {'ps_key_list': ['1637095_5_11_1', '1637095_5_12_1', '1637095_5_17_1', '1637095_5_13_1'], 'points': 'p2003,p2001,p2005,p2007,p2009,p2010,p2022,p2016,p2012', 'start_time_stamp': '20260517150000', 'end_time_stamp': '20260517180000', 'minute_interval': 5}
2026-05-18 01:02:49,357 - root - INFO - No data to insert into database for this API data batch.
2026-05-18 01:02:49,358 - root - INFO - Fetching minute data with payload: {'ps_key_list': ['1637095_1_4_1', '1637095_1_7_1', '1637095_1_3_1', '1637095_1_6_1', '1637095_1_2_1', '1637095_1_9_1', '1637095_1_5_1', '1637095_1_1_1', '1637095_1_10_1', '1637095_1_8_1'], 'points': 'p96,p97,p98,p99,p100,p101,p102,p103,p104,p105,p106,p107,p108,p109,p110,p111,p112,p113,p7166,p7167,p7168,p7169,p7170,p7171,p70,p71,p72,p73,p74,p75,p76,p77,p78,p79,p80,p81,p82,p83,p84,p85,p92,p93,p313,p314,p315,p316,p317,p318', 'start_time_stamp': '20260517000000', 'end_time_stamp': '20260517030000', 'minute_interval': 5}
2026-05-18 01:02:49,600 - root - INFO - Successfully upserted 148 data points.
2026-05-18 01:02:49,631 - root - INFO - Successfully upserted 148 data points.
2026-05-18 01:02:49,632 - root - INFO - Fetching minute data with payload: {'ps_key_list': ['1637095_1_4_1', '1637095_1_7_1', '1637095_1_3_1', '1637095_1_6_1', '1637095_1_2_1', '1637095_1_9_1', '1637095_1_5_1', '1637095_1_1_1', '1637095_1_10_1', '1637095_1_8_1'], 'points': 'p96,p97,p98,p99,p100,p101,p102,p103,p104,p105,p106,p107,p108,p109,p110,p111,p112,p113,p7166,p7167,p7168,p7169,p7170,p7171,p70,p71,p72,p73,p74,p75,p76,p77,p78,p79,p80,p81,p82,p83,p84,p85,p92,p93,p313,p314,p315,p316,p317,p318', 'start_time_stamp': '20260517060000', 'end_time_stamp': '20260517090000', 'minute_interval': 5}
2026-05-18 01:02:49,632 - root - INFO - Fetching minute data with payload: {'ps_key_list': ['1637095_1_4_1', '1637095_1_7_1', '1637095_1_3_1', '1637095_1_6_1', '1637095_1_2_1', '1637095_1_9_1', '1637095_1_5_1', '1637095_1_1_1', '1637095_1_10_1', '1637095_1_8_1'], 'points': 'p96,p97,p98,p99,p100,p101,p102,p103,p104,p105,p106,p107,p108,p109,p110,p111,p112,p113,p7166,p7167,p7168,p7169,p7170,p7171,p70,p71,p72,p73,p74,p75,p76,p77,p78,p79,p80,p81,p82,p83,p84,p85,p92,p93,p313,p314,p315,p316,p317,p318', 'start_time_stamp': '20260517180000', 'end_time_stamp': '20260517210000', 'minute_interval': 5}
2026-05-18 01:02:50,177 - root - INFO - Successfully upserted 370 data points.
2026-05-18 01:02:50,177 - root - INFO - Fetching minute data with payload: {'ps_key_list': ['1637095_5_11_1', '1637095_5_12_1', '1637095_5_17_1', '1637095_5_13_1'], 'points': 'p2003,p2001,p2005,p2007,p2009,p2010,p2022,p2016,p2012', 'start_time_stamp': '20260517120000', 'end_time_stamp': '20260517150000', 'minute_interval': 5}
2026-05-18 01:02:50,765 - root - INFO - Successfully upserted 370 data points.
2026-05-18 01:02:50,765 - root - INFO - Fetching minute data with payload: {'ps_key_list': ['1637095_5_11_1', '1637095_5_12_1', '1637095_5_17_1', '1637095_5_13_1'], 'points': 'p2003,p2001,p2005,p2007,p2009,p2010,p2022,p2016,p2012', 'start_time_stamp': '20260517090000', 'end_time_stamp': '20260517120000', 'minute_interval': 5}
2026-05-18 01:02:51,277 - root - INFO - Successfully upserted 370 data points.
2026-05-18 01:02:51,278 - root - INFO - Fetching minute data with payload: {'ps_key_list': ['1637095_5_11_1', '1637095_5_12_1', '1637095_5_17_1', '1637095_5_13_1'], 'points': 'p2003,p2001,p2005,p2007,p2009,p2010,p2022,p2016,p2012', 'start_time_stamp': '20260517030000', 'end_time_stamp': '20260517060000', 'minute_interval': 5}
2026-05-18 01:02:51,769 - root - INFO - Successfully upserted 360 data points.
2026-05-18 01:02:51,769 - root - INFO - Fetching minute data with payload: {'ps_key_list': ['1637095_5_11_1', '1637095_5_12_1', '1637095_5_17_1', '1637095_5_13_1'], 'points': 'p2003,p2001,p2005,p2007,p2009,p2010,p2022,p2016,p2012', 'start_time_stamp': '20260517210000', 'end_time_stamp': '20260517235959', 'minute_interval': 5}
2026-05-18 01:02:52,522 - root - INFO - Successfully upserted 370 data points.
2026-05-18 01:02:52,522 - root - INFO - Fetching minute data with payload: {'ps_key_list': ['1637095_5_11_1', '1637095_5_12_1', '1637095_5_17_1', '1637095_5_13_1'], 'points': 'p2003,p2001,p2005,p2007,p2009,p2010,p2022,p2016,p2012', 'start_time_stamp': '20260517180000', 'end_time_stamp': '20260517210000', 'minute_interval': 5}
2026-05-18 01:02:52,605 - root - INFO - Successfully upserted 148 data points.
2026-05-18 01:02:52,605 - root - INFO - Fetching minute data with payload: {'ps_key_list': ['1637095_7_16_1', '1637095_7_15_1', '1637095_7_14_1'], 'points': 'p8030,p8031,p8032,p8033,p8018,p8014', 'start_time_stamp': '20260517150000', 'end_time_stamp': '20260517180000', 'minute_interval': 5}
2026-05-18 01:02:55,024 - root - INFO - Successfully upserted 370 data points.
2026-05-18 01:02:55,059 - root - INFO - Successfully upserted 148 data points.
2026-05-18 01:02:55,084 - root - INFO - Successfully upserted 144 data points.
2026-05-18 01:02:55,088 - root - INFO - Successfully upserted 148 data points.
2026-05-18 01:02:55,106 - root - INFO - Fetching minute data with payload: {'ps_key_list': ['1637095_5_11_1', '1637095_5_12_1', '1637095_5_17_1', '1637095_5_13_1'], 'points': 'p2003,p2001,p2005,p2007,p2009,p2010,p2022,p2016,p2012', 'start_time_stamp': '20260517000000', 'end_time_stamp': '20260517030000', 'minute_interval': 5}
2026-05-18 01:02:55,120 - root - INFO - Fetching minute data with payload: {'ps_key_list': ['1637095_7_16_1', '1637095_7_15_1', '1637095_7_14_1'], 'points': 'p8030,p8031,p8032,p8033,p8018,p8014', 'start_time_stamp': '20260517210000', 'end_time_stamp': '20260517235959', 'minute_interval': 5}
2026-05-18 01:02:55,123 - root - INFO - Fetching minute data with payload: {'ps_key_list': ['1637095_7_16_1', '1637095_7_15_1', '1637095_7_14_1'], 'points': 'p8030,p8031,p8032,p8033,p8018,p8014', 'start_time_stamp': '20260517030000', 'end_time_stamp': '20260517060000', 'minute_interval': 5}
2026-05-18 01:02:55,124 - root - INFO - Fetching minute data with payload: {'ps_key_list': ['1637095_7_16_1', '1637095_7_15_1', '1637095_7_14_1'], 'points': 'p8030,p8031,p8032,p8033,p8018,p8014', 'start_time_stamp': '20260517090000', 'end_time_stamp': '20260517120000', 'minute_interval': 5}
2026-05-18 01:02:55,164 - root - INFO - Successfully upserted 148 data points.
2026-05-18 01:02:55,396 - root - INFO - Successfully upserted 370 data points.
2026-05-18 01:02:55,512 - root - INFO - Fetching minute data with payload: {'ps_key_list': ['1637095_7_16_1', '1637095_7_15_1', '1637095_7_14_1'], 'points': 'p8030,p8031,p8032,p8033,p8018,p8014', 'start_time_stamp': '20260517120000', 'end_time_stamp': '20260517150000', 'minute_interval': 5}
2026-05-18 01:02:55,525 - root - INFO - Fetching minute data with payload: {'ps_key_list': ['1637095_5_11_1', '1637095_5_12_1', '1637095_5_17_1', '1637095_5_13_1'], 'points': 'p2003,p2001,p2005,p2007,p2009,p2010,p2022,p2016,p2012', 'start_time_stamp': '20260517060000', 'end_time_stamp': '20260517090000', 'minute_interval': 5}
2026-05-18 01:02:58,237 - root - INFO - Successfully upserted 148 data points.
2026-05-18 01:02:58,464 - root - INFO - Successfully upserted 111 data points.
2026-05-18 01:02:58,481 - root - INFO - Successfully upserted 111 data points.
2026-05-18 01:02:58,540 - root - INFO - Successfully upserted 148 data points.
2026-05-18 01:02:58,577 - root - INFO - Fetching minute data with payload: {'ps_key_list': ['1637095_7_16_1', '1637095_7_15_1', '1637095_7_14_1'], 'points': 'p8030,p8031,p8032,p8033,p8018,p8014', 'start_time_stamp': '20260517180000', 'end_time_stamp': '20260517210000', 'minute_interval': 5}
2026-05-18 01:02:58,588 - root - INFO - Successfully upserted 111 data points.
2026-05-18 01:02:58,625 - root - INFO - Successfully upserted 148 data points.
2026-05-18 01:02:58,625 - root - INFO - Fetching minute data with payload: {'ps_key_list': ['1628909_5_9_2', '1628909_5_10_1', '1628909_5_7_2', '1628909_5_6_2', '1628909_5_6_1', '1628909_5_7_1'], 'points': 'p2003,p2001,p2005,p2007,p2009,p2010,p2022,p2016,p2012', 'start_time_stamp': '20260517030000', 'end_time_stamp': '20260517060000', 'minute_interval': 5}
2026-05-18 01:02:58,626 - root - INFO - Fetching minute data with payload: {'ps_key_list': ['1637095_7_16_1', '1637095_7_15_1', '1637095_7_14_1'], 'points': 'p8030,p8031,p8032,p8033,p8018,p8014', 'start_time_stamp': '20260517060000', 'end_time_stamp': '20260517090000', 'minute_interval': 5}
2026-05-18 01:02:58,629 - root - INFO - Successfully upserted 111 data points.
2026-05-18 01:02:58,675 - root - INFO - Successfully upserted 108 data points.
2026-05-18 01:02:58,685 - root - INFO - Fetching minute data with payload: {'ps_key_list': ['1628909_5_9_2', '1628909_5_10_1', '1628909_5_7_2', '1628909_5_6_2', '1628909_5_6_1', '1628909_5_7_1'], 'points': 'p2003,p2001,p2005,p2007,p2009,p2010,p2022,p2016,p2012', 'start_time_stamp': '20260517120000', 'end_time_stamp': '20260517150000', 'minute_interval': 5}
2026-05-18 01:02:58,690 - root - INFO - Fetching minute data with payload: {'ps_key_list': ['1628909_5_9_2', '1628909_5_10_1', '1628909_5_7_2', '1628909_5_6_2', '1628909_5_6_1', '1628909_5_7_1'], 'points': 'p2003,p2001,p2005,p2007,p2009,p2010,p2022,p2016,p2012', 'start_time_stamp': '20260517150000', 'end_time_stamp': '20260517180000', 'minute_interval': 5}
2026-05-18 01:02:58,693 - root - INFO - Fetching minute data with payload: {'ps_key_list': ['1628909_5_9_2', '1628909_5_10_1', '1628909_5_7_2', '1628909_5_6_2', '1628909_5_6_1', '1628909_5_7_1'], 'points': 'p2003,p2001,p2005,p2007,p2009,p2010,p2022,p2016,p2012', 'start_time_stamp': '20260517090000', 'end_time_stamp': '20260517120000', 'minute_interval': 5}
2026-05-18 01:02:58,711 - root - INFO - Fetching minute data with payload: {'ps_key_list': ['1628909_5_9_2', '1628909_5_10_1', '1628909_5_7_2', '1628909_5_6_2', '1628909_5_6_1', '1628909_5_7_1'], 'points': 'p2003,p2001,p2005,p2007,p2009,p2010,p2022,p2016,p2012', 'start_time_stamp': '20260517210000', 'end_time_stamp': '20260517235959', 'minute_interval': 5}
2026-05-18 01:02:59,248 - root - INFO - Fetching minute data with payload: {'ps_key_list': ['1637095_7_16_1', '1637095_7_15_1', '1637095_7_14_1'], 'points': 'p8030,p8031,p8032,p8033,p8018,p8014', 'start_time_stamp': '20260517000000', 'end_time_stamp': '20260517030000', 'minute_interval': 5}
2026-05-18 01:03:01,688 - root - INFO - Successfully upserted 111 data points.
2026-05-18 01:03:01,695 - root - INFO - Fetching minute data with payload: {'ps_key_list': ['1628909_5_9_2', '1628909_5_10_1', '1628909_5_7_2', '1628909_5_6_2', '1628909_5_6_1', '1628909_5_7_1'], 'points': 'p2003,p2001,p2005,p2007,p2009,p2010,p2022,p2016,p2012', 'start_time_stamp': '20260517060000', 'end_time_stamp': '20260517090000', 'minute_interval': 5}
2026-05-18 01:03:01,710 - root - INFO - Successfully upserted 111 data points.
2026-05-18 01:03:01,711 - root - INFO - Fetching minute data with payload: {'ps_key_list': ['1628909_5_9_2', '1628909_5_10_1', '1628909_5_7_2', '1628909_5_6_2', '1628909_5_6_1', '1628909_5_7_1'], 'points': 'p2003,p2001,p2005,p2007,p2009,p2010,p2022,p2016,p2012', 'start_time_stamp': '20260517180000', 'end_time_stamp': '20260517210000', 'minute_interval': 5}
2026-05-18 01:03:01,734 - root - INFO - Successfully upserted 222 data points.
2026-05-18 01:03:01,803 - root - INFO - Successfully upserted 222 data points.
2026-05-18 01:03:01,803 - root - INFO - Fetching minute data with payload: {'ps_key_list': ['1628909_7_8_2', '1628909_7_1_3', '1628909_7_5_2', '1628909_7_4_2', '1628909_7_5_1', '1628909_7_8_1', '1628909_7_9_1'], 'points': 'p8030,p8031,p8032,p8033,p8018,p8014', 'start_time_stamp': '20260517150000', 'end_time_stamp': '20260517180000', 'minute_interval': 5}
2026-05-18 01:03:01,803 - root - INFO - Fetching minute data with payload: {'ps_key_list': ['1628909_7_8_2', '1628909_7_1_3', '1628909_7_5_2', '1628909_7_4_2', '1628909_7_5_1', '1628909_7_8_1', '1628909_7_9_1'], 'points': 'p8030,p8031,p8032,p8033,p8018,p8014', 'start_time_stamp': '20260517120000', 'end_time_stamp': '20260517150000', 'minute_interval': 5}
2026-05-18 01:03:02,036 - root - INFO - Successfully upserted 216 data points.
2026-05-18 01:03:02,090 - root - INFO - Successfully upserted 222 data points.
2026-05-18 01:03:02,113 - root - INFO - Successfully upserted 111 data points.
2026-05-18 01:03:02,170 - root - INFO - Successfully upserted 222 data points.
2026-05-18 01:03:02,174 - root - INFO - Fetching minute data with payload: {'ps_key_list': ['1628909_7_8_2', '1628909_7_1_3', '1628909_7_5_2', '1628909_7_4_2', '1628909_7_5_1', '1628909_7_8_1', '1628909_7_9_1'], 'points': 'p8030,p8031,p8032,p8033,p8018,p8014', 'start_time_stamp': '20260517210000', 'end_time_stamp': '20260517235959', 'minute_interval': 5}
2026-05-18 01:03:02,177 - root - INFO - Fetching minute data with payload: {'ps_key_list': ['1628909_5_9_2', '1628909_5_10_1', '1628909_5_7_2', '1628909_5_6_2', '1628909_5_6_1', '1628909_5_7_1'], 'points': 'p2003,p2001,p2005,p2007,p2009,p2010,p2022,p2016,p2012', 'start_time_stamp': '20260517000000', 'end_time_stamp': '20260517030000', 'minute_interval': 5}
2026-05-18 01:03:02,178 - root - INFO - Fetching minute data with payload: {'ps_key_list': ['1628909_7_8_2', '1628909_7_1_3', '1628909_7_5_2', '1628909_7_4_2', '1628909_7_5_1', '1628909_7_8_1', '1628909_7_9_1'], 'points': 'p8030,p8031,p8032,p8033,p8018,p8014', 'start_time_stamp': '20260517090000', 'end_time_stamp': '20260517120000', 'minute_interval': 5}
2026-05-18 01:03:02,367 - root - INFO - Fetching minute data with payload: {'ps_key_list': ['1628909_7_8_2', '1628909_7_1_3', '1628909_7_5_2', '1628909_7_4_2', '1628909_7_5_1', '1628909_7_8_1', '1628909_7_9_1'], 'points': 'p8030,p8031,p8032,p8033,p8018,p8014', 'start_time_stamp': '20260517030000', 'end_time_stamp': '20260517060000', 'minute_interval': 5}
2026-05-18 01:03:04,618 - root - INFO - Successfully upserted 259 data points.
2026-05-18 01:03:04,620 - root - INFO - Fetching minute data with payload: {'ps_key_list': ['1628909_1_2_2', '1628909_1_1_2', '1628909_1_3_1', '1628909_1_2_1', '1628909_1_1_1', '1628909_1_4_1', '1628909_1_3_2'], 'points': 'p96,p97,p98,p99,p100,p101,p102,p103,p104,p105,p106,p107,p108,p109,p110,p111,p112,p113,p7166,p7167,p7168,p7169,p7170,p7171,p70,p71,p72,p73,p74,p75,p76,p77,p78,p79,p80,p81,p82,p83,p84,p85,p92,p93,p313,p314,p315,p316,p317,p318', 'start_time_stamp': '20260517150000', 'end_time_stamp': '20260517180000', 'minute_interval': 5}
2026-05-18 01:03:04,639 - root - INFO - Successfully upserted 222 data points.
2026-05-18 01:03:04,640 - root - INFO - Fetching minute data with payload: {'ps_key_list': ['1628909_7_8_2', '1628909_7_1_3', '1628909_7_5_2', '1628909_7_4_2', '1628909_7_5_1', '1628909_7_8_1', '1628909_7_9_1'], 'points': 'p8030,p8031,p8032,p8033,p8018,p8014', 'start_time_stamp': '20260517060000', 'end_time_stamp': '20260517090000', 'minute_interval': 5}
2026-05-18 01:03:04,675 - root - INFO - Successfully upserted 222 data points.
2026-05-18 01:03:04,771 - root - INFO - Successfully upserted 259 data points.
2026-05-18 01:03:04,771 - root - INFO - Fetching minute data with payload: {'ps_key_list': ['1628909_7_8_2', '1628909_7_1_3', '1628909_7_5_2', '1628909_7_4_2', '1628909_7_5_1', '1628909_7_8_1', '1628909_7_9_1'], 'points': 'p8030,p8031,p8032,p8033,p8018,p8014', 'start_time_stamp': '20260517180000', 'end_time_stamp': '20260517210000', 'minute_interval': 5}
2026-05-18 01:03:04,772 - root - INFO - Fetching minute data with payload: {'ps_key_list': ['1628909_1_2_2', '1628909_1_1_2', '1628909_1_3_1', '1628909_1_2_1', '1628909_1_1_1', '1628909_1_4_1', '1628909_1_3_2'], 'points': 'p96,p97,p98,p99,p100,p101,p102,p103,p104,p105,p106,p107,p108,p109,p110,p111,p112,p113,p7166,p7167,p7168,p7169,p7170,p7171,p70,p71,p72,p73,p74,p75,p76,p77,p78,p79,p80,p81,p82,p83,p84,p85,p92,p93,p313,p314,p315,p316,p317,p318', 'start_time_stamp': '20260517120000', 'end_time_stamp': '20260517150000', 'minute_interval': 5}
2026-05-18 01:03:04,921 - root - INFO - Successfully upserted 252 data points.
2026-05-18 01:03:05,071 - root - INFO - Successfully upserted 259 data points.
2026-05-18 01:03:05,205 - root - INFO - Fetching minute data with payload: {'ps_key_list': ['1628909_1_2_2', '1628909_1_1_2', '1628909_1_3_1', '1628909_1_2_1', '1628909_1_1_1', '1628909_1_4_1', '1628909_1_3_2'], 'points': 'p96,p97,p98,p99,p100,p101,p102,p103,p104,p105,p106,p107,p108,p109,p110,p111,p112,p113,p7166,p7167,p7168,p7169,p7170,p7171,p70,p71,p72,p73,p74,p75,p76,p77,p78,p79,p80,p81,p82,p83,p84,p85,p92,p93,p313,p314,p315,p316,p317,p318', 'start_time_stamp': '20260517210000', 'end_time_stamp': '20260517235959', 'minute_interval': 5}
2026-05-18 01:03:05,209 - root - INFO - Fetching minute data with payload: {'ps_key_list': ['1628909_1_2_2', '1628909_1_1_2', '1628909_1_3_1', '1628909_1_2_1', '1628909_1_1_1', '1628909_1_4_1', '1628909_1_3_2'], 'points': 'p96,p97,p98,p99,p100,p101,p102,p103,p104,p105,p106,p107,p108,p109,p110,p111,p112,p113,p7166,p7167,p7168,p7169,p7170,p7171,p70,p71,p72,p73,p74,p75,p76,p77,p78,p79,p80,p81,p82,p83,p84,p85,p92,p93,p313,p314,p315,p316,p317,p318', 'start_time_stamp': '20260517090000', 'end_time_stamp': '20260517120000', 'minute_interval': 5}
2026-05-18 01:03:05,283 - root - INFO - Successfully upserted 222 data points.
2026-05-18 01:03:05,317 - root - INFO - Successfully upserted 259 data points.
2026-05-18 01:03:05,318 - root - INFO - Fetching minute data with payload: {'ps_key_list': ['1628909_7_8_2', '1628909_7_1_3', '1628909_7_5_2', '1628909_7_4_2', '1628909_7_5_1', '1628909_7_8_1', '1628909_7_9_1'], 'points': 'p8030,p8031,p8032,p8033,p8018,p8014', 'start_time_stamp': '20260517000000', 'end_time_stamp': '20260517030000', 'minute_interval': 5}
2026-05-18 01:03:05,319 - root - INFO - Fetching minute data with payload: {'ps_key_list': ['1628909_1_2_2', '1628909_1_1_2', '1628909_1_3_1', '1628909_1_2_1', '1628909_1_1_1', '1628909_1_4_1', '1628909_1_3_2'], 'points': 'p96,p97,p98,p99,p100,p101,p102,p103,p104,p105,p106,p107,p108,p109,p110,p111,p112,p113,p7166,p7167,p7168,p7169,p7170,p7171,p70,p71,p72,p73,p74,p75,p76,p77,p78,p79,p80,p81,p82,p83,p84,p85,p92,p93,p313,p314,p315,p316,p317,p318', 'start_time_stamp': '20260517030000', 'end_time_stamp': '20260517060000', 'minute_interval': 5}
2026-05-18 01:03:06,538 - root - INFO - Retrying API request after rate limit wait...
2026-05-18 01:03:06,538 - root - INFO - Making API request to: https://sg5.fusionsolar.huawei.com/rest/openapi/pvms/nbi/v1/device/history
2026-05-18 01:03:06,539 - root - INFO - Request payload: {'devDn': 'NE=61851549', 'devTypeId': 17, 'startTime': 1778950800000, 'endTime': 1779037199000}
2026-05-18 01:03:06,963 - root - INFO - Response status code: 200
2026-05-18 01:03:06,963 - root - INFO - API response from https://sg5.fusionsolar.huawei.com/rest/openapi/pvms/nbi/v1/device/history (truncated): {'failCode': 0, 'success': True, 'message': 'historical data information query successful.', 'data': []}
2026-05-18 01:03:06,971 - root - INFO - API Response type: <class 'dict'>
2026-05-18 01:03:06,971 - root - INFO - API Response keys: ['failCode', 'success', 'message', 'data']
2026-05-18 01:03:06,972 - root - INFO - API Response data is a list with 0 items
2026-05-18 01:03:06,972 - root - INFO - API Response has failCode: 0, message: historical data information query successful.
2026-05-18 01:03:06,972 - root - INFO - Using alternate response format: data as list
2026-05-18 01:03:06,973 - root - INFO - No data points returned for the query period
2026-05-18 01:03:06,973 - root - INFO - Using single devDn for device/history (API: one device per query)
2026-05-18 01:03:06,979 - root - INFO - Fetching historical data for 1 devices of type meter
2026-05-18 01:03:06,979 - root - INFO - Making API request to: https://sg5.fusionsolar.huawei.com/rest/openapi/pvms/nbi/v1/device/history
2026-05-18 01:03:06,979 - root - INFO - Request payload: {'devDn': 'NE=61851548', 'devTypeId': 17, 'startTime': 1778950800000, 'endTime': 1779037199000}
2026-05-18 01:03:07,311 - root - INFO - Response status code: 200
2026-05-18 01:03:07,312 - root - INFO - API response from https://sg5.fusionsolar.huawei.com/rest/openapi/pvms/nbi/v1/device/history (truncated): {'failCode': 407, 'success': False, 'message': 'Interface access frequency:0.39333333333333337/1second', 'data': []}
2026-05-18 01:03:07,313 - root - WARNING - API access frequency too high. Waiting 30 seconds before retry...
2026-05-18 01:03:07,844 - root - INFO - Successfully upserted 259 data points.
2026-05-18 01:03:07,846 - root - INFO - Fetching minute data with payload: {'ps_key_list': ['1628909_1_2_2', '1628909_1_1_2', '1628909_1_3_1', '1628909_1_2_1', '1628909_1_1_1', '1628909_1_4_1', '1628909_1_3_2'], 'points': 'p96,p97,p98,p99,p100,p101,p102,p103,p104,p105,p106,p107,p108,p109,p110,p111,p112,p113,p7166,p7167,p7168,p7169,p7170,p7171,p70,p71,p72,p73,p74,p75,p76,p77,p78,p79,p80,p81,p82,p83,p84,p85,p92,p93,p313,p314,p315,p316,p317,p318', 'start_time_stamp': '20260517180000', 'end_time_stamp': '20260517210000', 'minute_interval': 5}
2026-05-18 01:03:07,851 - root - INFO - Successfully upserted 259 data points.
2026-05-18 01:03:07,851 - root - INFO - Fetching minute data with payload: {'ps_key_list': ['1628909_1_2_2', '1628909_1_1_2', '1628909_1_3_1', '1628909_1_2_1', '1628909_1_1_1', '1628909_1_4_1', '1628909_1_3_2'], 'points': 'p96,p97,p98,p99,p100,p101,p102,p103,p104,p105,p106,p107,p108,p109,p110,p111,p112,p113,p7166,p7167,p7168,p7169,p7170,p7171,p70,p71,p72,p73,p74,p75,p76,p77,p78,p79,p80,p81,p82,p83,p84,p85,p92,p93,p313,p314,p315,p316,p317,p318', 'start_time_stamp': '20260517060000', 'end_time_stamp': '20260517090000', 'minute_interval': 5}
2026-05-18 01:03:07,851 - root - INFO - Successfully upserted 259 data points.
2026-05-18 01:03:07,854 - root - INFO - Fetching minute data with payload: {'ps_key_list': ['1728142_7_2_1'], 'points': 'p8030,p8031,p8032,p8033,p8018,p8014', 'start_time_stamp': '20260517150000', 'end_time_stamp': '20260517180000', 'minute_interval': 5}
2026-05-18 01:03:07,935 - root - INFO - Successfully upserted 259 data points.
2026-05-18 01:03:07,937 - root - INFO - Fetching minute data with payload: {'ps_key_list': ['1728142_7_2_1'], 'points': 'p8030,p8031,p8032,p8033,p8018,p8014', 'start_time_stamp': '20260517120000', 'end_time_stamp': '20260517150000', 'minute_interval': 5}
2026-05-18 01:03:08,209 - root - INFO - Successfully upserted 259 data points.
2026-05-18 01:03:08,253 - root - INFO - Successfully upserted 259 data points.
2026-05-18 01:03:08,297 - root - INFO - Successfully upserted 259 data points.
2026-05-18 01:03:08,385 - root - INFO - Fetching minute data with payload: {'ps_key_list': ['1628909_1_2_2', '1628909_1_1_2', '1628909_1_3_1', '1628909_1_2_1', '1628909_1_1_1', '1628909_1_4_1', '1628909_1_3_2'], 'points': 'p96,p97,p98,p99,p100,p101,p102,p103,p104,p105,p106,p107,p108,p109,p110,p111,p112,p113,p7166,p7167,p7168,p7169,p7170,p7171,p70,p71,p72,p73,p74,p75,p76,p77,p78,p79,p80,p81,p82,p83,p84,p85,p92,p93,p313,p314,p315,p316,p317,p318', 'start_time_stamp': '20260517000000', 'end_time_stamp': '20260517030000', 'minute_interval': 5}
2026-05-18 01:03:08,392 - root - INFO - Fetching minute data with payload: {'ps_key_list': ['1728142_7_2_1'], 'points': 'p8030,p8031,p8032,p8033,p8018,p8014', 'start_time_stamp': '20260517030000', 'end_time_stamp': '20260517060000', 'minute_interval': 5}
2026-05-18 01:03:08,437 - root - INFO - Fetching minute data with payload: {'ps_key_list': ['1728142_7_2_1'], 'points': 'p8030,p8031,p8032,p8033,p8018,p8014', 'start_time_stamp': '20260517090000', 'end_time_stamp': '20260517120000', 'minute_interval': 5}
2026-05-18 01:03:08,726 - root - INFO - Successfully upserted 252 data points.
2026-05-18 01:03:08,828 - root - INFO - Fetching minute data with payload: {'ps_key_list': ['1728142_7_2_1'], 'points': 'p8030,p8031,p8032,p8033,p8018,p8014', 'start_time_stamp': '20260517210000', 'end_time_stamp': '20260517235959', 'minute_interval': 5}
2026-05-18 01:03:10,838 - root - INFO - Successfully upserted 37 data points.
2026-05-18 01:03:10,838 - root - INFO - Fetching minute data with payload: {'ps_key_list': ['1728142_1_1_1'], 'points': 'p96,p97,p98,p99,p100,p101,p102,p103,p104,p105,p106,p107,p108,p109,p110,p111,p112,p113,p7166,p7167,p7168,p7169,p7170,p7171,p70,p71,p72,p73,p74,p75,p76,p77,p78,p79,p80,p81,p82,p83,p84,p85,p92,p93,p313,p314,p315,p316,p317,p318', 'start_time_stamp': '20260517150000', 'end_time_stamp': '20260517180000', 'minute_interval': 5}
2026-05-18 01:03:10,980 - root - INFO - Successfully upserted 259 data points.
2026-05-18 01:03:10,981 - root - INFO - Successfully upserted 259 data points.
2026-05-18 01:03:10,983 - root - INFO - Fetching minute data with payload: {'ps_key_list': ['1728142_7_2_1'], 'points': 'p8030,p8031,p8032,p8033,p8018,p8014', 'start_time_stamp': '20260517180000', 'end_time_stamp': '20260517210000', 'minute_interval': 5}
2026-05-18 01:03:10,983 - root - INFO - Fetching minute data with payload: {'ps_key_list': ['1728142_7_2_1'], 'points': 'p8030,p8031,p8032,p8033,p8018,p8014', 'start_time_stamp': '20260517060000', 'end_time_stamp': '20260517090000', 'minute_interval': 5}
2026-05-18 01:03:10,995 - root - INFO - Successfully upserted 37 data points.
2026-05-18 01:03:10,997 - root - INFO - Fetching minute data with payload: {'ps_key_list': ['1728142_1_1_1'], 'points': 'p96,p97,p98,p99,p100,p101,p102,p103,p104,p105,p106,p107,p108,p109,p110,p111,p112,p113,p7166,p7167,p7168,p7169,p7170,p7171,p70,p71,p72,p73,p74,p75,p76,p77,p78,p79,p80,p81,p82,p83,p84,p85,p92,p93,p313,p314,p315,p316,p317,p318', 'start_time_stamp': '20260517120000', 'end_time_stamp': '20260517150000', 'minute_interval': 5}
2026-05-18 01:03:11,144 - root - INFO - Successfully upserted 37 data points.
2026-05-18 01:03:11,166 - root - INFO - Fetching minute data with payload: {'ps_key_list': ['1728142_1_1_1'], 'points': 'p96,p97,p98,p99,p100,p101,p102,p103,p104,p105,p106,p107,p108,p109,p110,p111,p112,p113,p7166,p7167,p7168,p7169,p7170,p7171,p70,p71,p72,p73,p74,p75,p76,p77,p78,p79,p80,p81,p82,p83,p84,p85,p92,p93,p313,p314,p315,p316,p317,p318', 'start_time_stamp': '20260517090000', 'end_time_stamp': '20260517120000', 'minute_interval': 5}
2026-05-18 01:03:11,166 - root - INFO - Successfully upserted 37 data points.
2026-05-18 01:03:11,170 - root - INFO - Fetching minute data with payload: {'ps_key_list': ['1728142_1_1_1'], 'points': 'p96,p97,p98,p99,p100,p101,p102,p103,p104,p105,p106,p107,p108,p109,p110,p111,p112,p113,p7166,p7167,p7168,p7169,p7170,p7171,p70,p71,p72,p73,p74,p75,p76,p77,p78,p79,p80,p81,p82,p83,p84,p85,p92,p93,p313,p314,p315,p316,p317,p318', 'start_time_stamp': '20260517030000', 'end_time_stamp': '20260517060000', 'minute_interval': 5}
2026-05-18 01:03:12,094 - root - INFO - Successfully upserted 36 data points.
2026-05-18 01:03:12,095 - root - INFO - Fetching minute data with payload: {'ps_key_list': ['1728142_1_1_1'], 'points': 'p96,p97,p98,p99,p100,p101,p102,p103,p104,p105,p106,p107,p108,p109,p110,p111,p112,p113,p7166,p7167,p7168,p7169,p7170,p7171,p70,p71,p72,p73,p74,p75,p76,p77,p78,p79,p80,p81,p82,p83,p84,p85,p92,p93,p313,p314,p315,p316,p317,p318', 'start_time_stamp': '20260517210000', 'end_time_stamp': '20260517235959', 'minute_interval': 5}
2026-05-18 01:03:12,173 - root - INFO - Successfully upserted 259 data points.
2026-05-18 01:03:12,174 - root - INFO - Fetching minute data with payload: {'ps_key_list': ['1728142_7_2_1'], 'points': 'p8030,p8031,p8032,p8033,p8018,p8014', 'start_time_stamp': '20260517000000', 'end_time_stamp': '20260517030000', 'minute_interval': 5}
2026-05-18 01:03:13,549 - root - INFO - Successfully upserted 33 data points.
2026-05-18 01:03:13,549 - root - INFO - Fetching minute data with payload: {'ps_key_list': ['1722752_7_2_1'], 'points': 'p8030,p8031,p8032,p8033,p8018,p8014', 'start_time_stamp': '20260517150000', 'end_time_stamp': '20260517180000', 'minute_interval': 5}
2026-05-18 01:03:13,779 - root - INFO - Successfully upserted 37 data points.
2026-05-18 01:03:13,780 - root - INFO - Fetching minute data with payload: {'ps_key_list': ['1722752_7_2_1'], 'points': 'p8030,p8031,p8032,p8033,p8018,p8014', 'start_time_stamp': '20260517120000', 'end_time_stamp': '20260517150000', 'minute_interval': 5}
2026-05-18 01:03:13,851 - root - INFO - Successfully upserted 37 data points.
2026-05-18 01:03:13,853 - root - INFO - Fetching minute data with payload: {'ps_key_list': ['1722752_7_2_1'], 'points': 'p8030,p8031,p8032,p8033,p8018,p8014', 'start_time_stamp': '20260517090000', 'end_time_stamp': '20260517120000', 'minute_interval': 5}
2026-05-18 01:03:13,856 - root - INFO - Successfully upserted 37 data points.
2026-05-18 01:03:13,857 - root - INFO - Fetching minute data with payload: {'ps_key_list': ['1728142_1_1_1'], 'points': 'p96,p97,p98,p99,p100,p101,p102,p103,p104,p105,p106,p107,p108,p109,p110,p111,p112,p113,p7166,p7167,p7168,p7169,p7170,p7171,p70,p71,p72,p73,p74,p75,p76,p77,p78,p79,p80,p81,p82,p83,p84,p85,p92,p93,p313,p314,p315,p316,p317,p318', 'start_time_stamp': '20260517180000', 'end_time_stamp': '20260517210000', 'minute_interval': 5}
2026-05-18 01:03:14,050 - root - INFO - Successfully upserted 37 data points.
2026-05-18 01:03:14,052 - root - INFO - Successfully upserted 4 data points.
2026-05-18 01:03:14,169 - root - INFO - Fetching minute data with payload: {'ps_key_list': ['1728142_1_1_1'], 'points': 'p96,p97,p98,p99,p100,p101,p102,p103,p104,p105,p106,p107,p108,p109,p110,p111,p112,p113,p7166,p7167,p7168,p7169,p7170,p7171,p70,p71,p72,p73,p74,p75,p76,p77,p78,p79,p80,p81,p82,p83,p84,p85,p92,p93,p313,p314,p315,p316,p317,p318', 'start_time_stamp': '20260517060000', 'end_time_stamp': '20260517090000', 'minute_interval': 5}
2026-05-18 01:03:14,174 - root - INFO - Fetching minute data with payload: {'ps_key_list': ['1722752_7_2_1'], 'points': 'p8030,p8031,p8032,p8033,p8018,p8014', 'start_time_stamp': '20260517030000', 'end_time_stamp': '20260517060000', 'minute_interval': 5}
2026-05-18 01:03:14,679 - root - INFO - No data to insert into database for this API data batch.
2026-05-18 01:03:14,680 - root - INFO - Fetching minute data with payload: {'ps_key_list': ['1722752_7_2_1'], 'points': 'p8030,p8031,p8032,p8033,p8018,p8014', 'start_time_stamp': '20260517210000', 'end_time_stamp': '20260517235959', 'minute_interval': 5}
2026-05-18 01:03:14,748 - root - INFO - Successfully upserted 37 data points.
2026-05-18 01:03:14,749 - root - INFO - Fetching minute data with payload: {'ps_key_list': ['1728142_1_1_1'], 'points': 'p96,p97,p98,p99,p100,p101,p102,p103,p104,p105,p106,p107,p108,p109,p110,p111,p112,p113,p7166,p7167,p7168,p7169,p7170,p7171,p70,p71,p72,p73,p74,p75,p76,p77,p78,p79,p80,p81,p82,p83,p84,p85,p92,p93,p313,p314,p315,p316,p317,p318', 'start_time_stamp': '20260517000000', 'end_time_stamp': '20260517030000', 'minute_interval': 5}
2026-05-18 01:03:16,182 - root - INFO - Successfully upserted 37 data points.
2026-05-18 01:03:16,182 - root - INFO - Fetching minute data with payload: {'ps_key_list': ['1722752_1_1_1'], 'points': 'p96,p97,p98,p99,p100,p101,p102,p103,p104,p105,p106,p107,p108,p109,p110,p111,p112,p113,p7166,p7167,p7168,p7169,p7170,p7171,p70,p71,p72,p73,p74,p75,p76,p77,p78,p79,p80,p81,p82,p83,p84,p85,p92,p93,p313,p314,p315,p316,p317,p318', 'start_time_stamp': '20260517150000', 'end_time_stamp': '20260517180000', 'minute_interval': 5}
2026-05-18 01:03:16,430 - root - INFO - Successfully upserted 37 data points.
2026-05-18 01:03:16,430 - root - INFO - Fetching minute data with payload: {'ps_key_list': ['1722752_1_1_1'], 'points': 'p96,p97,p98,p99,p100,p101,p102,p103,p104,p105,p106,p107,p108,p109,p110,p111,p112,p113,p7166,p7167,p7168,p7169,p7170,p7171,p70,p71,p72,p73,p74,p75,p76,p77,p78,p79,p80,p81,p82,p83,p84,p85,p92,p93,p313,p314,p315,p316,p317,p318', 'start_time_stamp': '20260517120000', 'end_time_stamp': '20260517150000', 'minute_interval': 5}
2026-05-18 01:03:16,471 - root - INFO - No data to insert into database for this API data batch.
2026-05-18 01:03:16,472 - root - INFO - Fetching minute data with payload: {'ps_key_list': ['1722752_7_2_1'], 'points': 'p8030,p8031,p8032,p8033,p8018,p8014', 'start_time_stamp': '20260517180000', 'end_time_stamp': '20260517210000', 'minute_interval': 5}
2026-05-18 01:03:16,584 - root - INFO - Successfully upserted 37 data points.
2026-05-18 01:03:16,586 - root - INFO - Fetching minute data with payload: {'ps_key_list': ['1722752_1_1_1'], 'points': 'p96,p97,p98,p99,p100,p101,p102,p103,p104,p105,p106,p107,p108,p109,p110,p111,p112,p113,p7166,p7167,p7168,p7169,p7170,p7171,p70,p71,p72,p73,p74,p75,p76,p77,p78,p79,p80,p81,p82,p83,p84,p85,p92,p93,p313,p314,p315,p316,p317,p318', 'start_time_stamp': '20260517090000', 'end_time_stamp': '20260517120000', 'minute_interval': 5}
2026-05-18 01:03:16,830 - root - INFO - Successfully upserted 37 data points.
2026-05-18 01:03:16,831 - root - INFO - Fetching minute data with payload: {'ps_key_list': ['1722752_7_2_1'], 'points': 'p8030,p8031,p8032,p8033,p8018,p8014', 'start_time_stamp': '20260517060000', 'end_time_stamp': '20260517090000', 'minute_interval': 5}
2026-05-18 01:03:16,837 - root - INFO - Successfully upserted 37 data points.
2026-05-18 01:03:16,837 - root - INFO - Fetching minute data with payload: {'ps_key_list': ['1722752_1_1_1'], 'points': 'p96,p97,p98,p99,p100,p101,p102,p103,p104,p105,p106,p107,p108,p109,p110,p111,p112,p113,p7166,p7167,p7168,p7169,p7170,p7171,p70,p71,p72,p73,p74,p75,p76,p77,p78,p79,p80,p81,p82,p83,p84,p85,p92,p93,p313,p314,p315,p316,p317,p318', 'start_time_stamp': '20260517030000', 'end_time_stamp': '20260517060000', 'minute_interval': 5}
2026-05-18 01:03:17,296 - root - INFO - Successfully upserted 36 data points.
2026-05-18 01:03:17,296 - root - INFO - Fetching minute data with payload: {'ps_key_list': ['1722752_1_1_1'], 'points': 'p96,p97,p98,p99,p100,p101,p102,p103,p104,p105,p106,p107,p108,p109,p110,p111,p112,p113,p7166,p7167,p7168,p7169,p7170,p7171,p70,p71,p72,p73,p74,p75,p76,p77,p78,p79,p80,p81,p82,p83,p84,p85,p92,p93,p313,p314,p315,p316,p317,p318', 'start_time_stamp': '20260517210000', 'end_time_stamp': '20260517235959', 'minute_interval': 5}
2026-05-18 01:03:17,341 - root - INFO - No data to insert into database for this API data batch.
2026-05-18 01:03:17,341 - root - INFO - Fetching minute data with payload: {'ps_key_list': ['1722752_7_2_1'], 'points': 'p8030,p8031,p8032,p8033,p8018,p8014', 'start_time_stamp': '20260517000000', 'end_time_stamp': '20260517030000', 'minute_interval': 5}
2026-05-18 01:03:18,745 - root - INFO - Successfully upserted 32 data points.
2026-05-18 01:03:18,745 - root - INFO - Fetching minute data with payload: {'ps_key_list': ['1734912_7_2_1'], 'points': 'p8030,p8031,p8032,p8033,p8018,p8014', 'start_time_stamp': '20260517150000', 'end_time_stamp': '20260517180000', 'minute_interval': 5}
2026-05-18 01:03:19,056 - root - INFO - Successfully upserted 37 data points.
2026-05-18 01:03:19,056 - root - INFO - Fetching minute data with payload: {'ps_key_list': ['1734912_7_2_1'], 'points': 'p8030,p8031,p8032,p8033,p8018,p8014', 'start_time_stamp': '20260517120000', 'end_time_stamp': '20260517150000', 'minute_interval': 5}
2026-05-18 01:03:19,149 - root - INFO - Successfully upserted 37 data points.
2026-05-18 01:03:19,149 - root - INFO - Fetching minute data with payload: {'ps_key_list': ['1722752_1_1_1'], 'points': 'p96,p97,p98,p99,p100,p101,p102,p103,p104,p105,p106,p107,p108,p109,p110,p111,p112,p113,p7166,p7167,p7168,p7169,p7170,p7171,p70,p71,p72,p73,p74,p75,p76,p77,p78,p79,p80,p81,p82,p83,p84,p85,p92,p93,p313,p314,p315,p316,p317,p318', 'start_time_stamp': '20260517180000', 'end_time_stamp': '20260517210000', 'minute_interval': 5}
2026-05-18 01:03:19,295 - root - INFO - Successfully upserted 37 data points.
2026-05-18 01:03:19,296 - root - INFO - Fetching minute data with payload: {'ps_key_list': ['1734912_7_2_1'], 'points': 'p8030,p8031,p8032,p8033,p8018,p8014', 'start_time_stamp': '20260517090000', 'end_time_stamp': '20260517120000', 'minute_interval': 5}
2026-05-18 01:03:19,438 - root - INFO - Successfully upserted 37 data points.
2026-05-18 01:03:19,440 - root - INFO - Fetching minute data with payload: {'ps_key_list': ['1722752_1_1_1'], 'points': 'p96,p97,p98,p99,p100,p101,p102,p103,p104,p105,p106,p107,p108,p109,p110,p111,p112,p113,p7166,p7167,p7168,p7169,p7170,p7171,p70,p71,p72,p73,p74,p75,p76,p77,p78,p79,p80,p81,p82,p83,p84,p85,p92,p93,p313,p314,p315,p316,p317,p318', 'start_time_stamp': '20260517060000', 'end_time_stamp': '20260517090000', 'minute_interval': 5}
2026-05-18 01:03:19,459 - root - INFO - Successfully upserted 4 data points.
2026-05-18 01:03:19,464 - root - INFO - Fetching minute data with payload: {'ps_key_list': ['1734912_7_2_1'], 'points': 'p8030,p8031,p8032,p8033,p8018,p8014', 'start_time_stamp': '20260517030000', 'end_time_stamp': '20260517060000', 'minute_interval': 5}
2026-05-18 01:03:19,986 - root - INFO - Successfully upserted 37 data points.
2026-05-18 01:03:19,987 - root - INFO - Fetching minute data with payload: {'ps_key_list': ['1722752_1_1_1'], 'points': 'p96,p97,p98,p99,p100,p101,p102,p103,p104,p105,p106,p107,p108,p109,p110,p111,p112,p113,p7166,p7167,p7168,p7169,p7170,p7171,p70,p71,p72,p73,p74,p75,p76,p77,p78,p79,p80,p81,p82,p83,p84,p85,p92,p93,p313,p314,p315,p316,p317,p318', 'start_time_stamp': '20260517000000', 'end_time_stamp': '20260517030000', 'minute_interval': 5}
2026-05-18 01:03:20,454 - root - INFO - No data to insert into database for this API data batch.
2026-05-18 01:03:20,454 - root - INFO - Fetching minute data with payload: {'ps_key_list': ['1734912_7_2_1'], 'points': 'p8030,p8031,p8032,p8033,p8018,p8014', 'start_time_stamp': '20260517210000', 'end_time_stamp': '20260517235959', 'minute_interval': 5}
2026-05-18 01:03:21,477 - root - INFO - Successfully upserted 37 data points.
2026-05-18 01:03:21,477 - root - INFO - Fetching minute data with payload: {'ps_key_list': ['1734912_1_1_1'], 'points': 'p96,p97,p98,p99,p100,p101,p102,p103,p104,p105,p106,p107,p108,p109,p110,p111,p112,p113,p7166,p7167,p7168,p7169,p7170,p7171,p70,p71,p72,p73,p74,p75,p76,p77,p78,p79,p80,p81,p82,p83,p84,p85,p92,p93,p313,p314,p315,p316,p317,p318', 'start_time_stamp': '20260517150000', 'end_time_stamp': '20260517180000', 'minute_interval': 5}
2026-05-18 01:03:21,653 - root - INFO - Successfully upserted 37 data points.
2026-05-18 01:03:21,653 - root - INFO - Fetching minute data with payload: {'ps_key_list': ['1734912_1_1_1'], 'points': 'p96,p97,p98,p99,p100,p101,p102,p103,p104,p105,p106,p107,p108,p109,p110,p111,p112,p113,p7166,p7167,p7168,p7169,p7170,p7171,p70,p71,p72,p73,p74,p75,p76,p77,p78,p79,p80,p81,p82,p83,p84,p85,p92,p93,p313,p314,p315,p316,p317,p318', 'start_time_stamp': '20260517120000', 'end_time_stamp': '20260517150000', 'minute_interval': 5}
2026-05-18 01:03:21,757 - root - INFO - No data to insert into database for this API data batch.
2026-05-18 01:03:21,757 - root - INFO - Fetching minute data with payload: {'ps_key_list': ['1734912_7_2_1'], 'points': 'p8030,p8031,p8032,p8033,p8018,p8014', 'start_time_stamp': '20260517180000', 'end_time_stamp': '20260517210000', 'minute_interval': 5}
2026-05-18 01:03:21,961 - root - INFO - Successfully upserted 37 data points.
2026-05-18 01:03:21,961 - root - INFO - Fetching minute data with payload: {'ps_key_list': ['1734912_1_1_1'], 'points': 'p96,p97,p98,p99,p100,p101,p102,p103,p104,p105,p106,p107,p108,p109,p110,p111,p112,p113,p7166,p7167,p7168,p7169,p7170,p7171,p70,p71,p72,p73,p74,p75,p76,p77,p78,p79,p80,p81,p82,p83,p84,p85,p92,p93,p313,p314,p315,p316,p317,p318', 'start_time_stamp': '20260517090000', 'end_time_stamp': '20260517120000', 'minute_interval': 5}
2026-05-18 01:03:22,002 - root - INFO - Successfully upserted 37 data points.
2026-05-18 01:03:22,004 - root - INFO - Fetching minute data with payload: {'ps_key_list': ['1734912_1_1_1'], 'points': 'p96,p97,p98,p99,p100,p101,p102,p103,p104,p105,p106,p107,p108,p109,p110,p111,p112,p113,p7166,p7167,p7168,p7169,p7170,p7171,p70,p71,p72,p73,p74,p75,p76,p77,p78,p79,p80,p81,p82,p83,p84,p85,p92,p93,p313,p314,p315,p316,p317,p318', 'start_time_stamp': '20260517030000', 'end_time_stamp': '20260517060000', 'minute_interval': 5}
2026-05-18 01:03:22,100 - root - INFO - Successfully upserted 37 data points.
2026-05-18 01:03:22,101 - root - INFO - Fetching minute data with payload: {'ps_key_list': ['1734912_7_2_1'], 'points': 'p8030,p8031,p8032,p8033,p8018,p8014', 'start_time_stamp': '20260517060000', 'end_time_stamp': '20260517090000', 'minute_interval': 5}
2026-05-18 01:03:22,491 - root - INFO - No data to insert into database for this API data batch.
2026-05-18 01:03:22,492 - root - INFO - Fetching minute data with payload: {'ps_key_list': ['1734912_7_2_1'], 'points': 'p8030,p8031,p8032,p8033,p8018,p8014', 'start_time_stamp': '20260517000000', 'end_time_stamp': '20260517030000', 'minute_interval': 5}
2026-05-18 01:03:22,978 - root - INFO - Successfully upserted 25 data points.
2026-05-18 01:03:22,978 - root - INFO - Fetching minute data with payload: {'ps_key_list': ['1734912_1_1_1'], 'points': 'p96,p97,p98,p99,p100,p101,p102,p103,p104,p105,p106,p107,p108,p109,p110,p111,p112,p113,p7166,p7167,p7168,p7169,p7170,p7171,p70,p71,p72,p73,p74,p75,p76,p77,p78,p79,p80,p81,p82,p83,p84,p85,p92,p93,p313,p314,p315,p316,p317,p318', 'start_time_stamp': '20260517210000', 'end_time_stamp': '20260517235959', 'minute_interval': 5}
2026-05-18 01:03:23,932 - root - INFO - No data to insert into database for this API data batch.
2026-05-18 01:03:23,933 - root - INFO - Completed 3-hour interval: 2026-05-17 15:00:00 to 2026-05-17 18:00:00 - 8271 points
2026-05-18 01:03:24,329 - root - INFO - No data to insert into database for this API data batch.
2026-05-18 01:03:24,330 - root - INFO - Completed 3-hour interval: 2026-05-17 12:00:00 to 2026-05-17 15:00:00 - 8292 points
2026-05-18 01:03:24,366 - root - INFO - Successfully upserted 37 data points.
2026-05-18 01:03:24,366 - root - INFO - Fetching minute data with payload: {'ps_key_list': ['1734912_1_1_1'], 'points': 'p96,p97,p98,p99,p100,p101,p102,p103,p104,p105,p106,p107,p108,p109,p110,p111,p112,p113,p7166,p7167,p7168,p7169,p7170,p7171,p70,p71,p72,p73,p74,p75,p76,p77,p78,p79,p80,p81,p82,p83,p84,p85,p92,p93,p313,p314,p315,p316,p317,p318', 'start_time_stamp': '20260517180000', 'end_time_stamp': '20260517210000', 'minute_interval': 5}
2026-05-18 01:03:24,615 - root - INFO - No data to insert into database for this API data batch.
2026-05-18 01:03:24,616 - root - INFO - Completed 3-hour interval: 2026-05-17 09:00:00 to 2026-05-17 12:00:00 - 8187 points
2026-05-18 01:03:24,633 - root - INFO - No data to insert into database for this API data batch.
2026-05-18 01:03:24,634 - root - INFO - Completed 3-hour interval: 2026-05-17 03:00:00 to 2026-05-17 06:00:00 - 7729 points
2026-05-18 01:03:24,716 - root - INFO - Successfully upserted 37 data points.
2026-05-18 01:03:24,716 - root - INFO - Fetching minute data with payload: {'ps_key_list': ['1734912_1_1_1'], 'points': 'p96,p97,p98,p99,p100,p101,p102,p103,p104,p105,p106,p107,p108,p109,p110,p111,p112,p113,p7166,p7167,p7168,p7169,p7170,p7171,p70,p71,p72,p73,p74,p75,p76,p77,p78,p79,p80,p81,p82,p83,p84,p85,p92,p93,p313,p314,p315,p316,p317,p318', 'start_time_stamp': '20260517060000', 'end_time_stamp': '20260517090000', 'minute_interval': 5}
2026-05-18 01:03:25,006 - root - INFO - Successfully upserted 37 data points.
2026-05-18 01:03:25,006 - root - INFO - Fetching minute data with payload: {'ps_key_list': ['1734912_1_1_1'], 'points': 'p96,p97,p98,p99,p100,p101,p102,p103,p104,p105,p106,p107,p108,p109,p110,p111,p112,p113,p7166,p7167,p7168,p7169,p7170,p7171,p70,p71,p72,p73,p74,p75,p76,p77,p78,p79,p80,p81,p82,p83,p84,p85,p92,p93,p313,p314,p315,p316,p317,p318', 'start_time_stamp': '20260517000000', 'end_time_stamp': '20260517030000', 'minute_interval': 5}
2026-05-18 01:03:25,400 - root - INFO - No data to insert into database for this API data batch.
2026-05-18 01:03:25,401 - root - INFO - Completed 3-hour interval: 2026-05-17 21:00:00 to 2026-05-17 23:59:59 - 7259 points
2026-05-18 01:03:26,870 - root - INFO - No data to insert into database for this API data batch.
2026-05-18 01:03:26,871 - root - INFO - Completed 3-hour interval: 2026-05-17 18:00:00 to 2026-05-17 21:00:00 - 8048 points
2026-05-18 01:03:27,241 - root - INFO - No data to insert into database for this API data batch.
2026-05-18 01:03:27,241 - root - INFO - Completed 3-hour interval: 2026-05-17 06:00:00 to 2026-05-17 09:00:00 - 8133 points
2026-05-18 01:03:27,596 - root - INFO - No data to insert into database for this API data batch.
2026-05-18 01:03:27,597 - root - INFO - Completed 3-hour interval: 2026-05-17 00:00:00 to 2026-05-17 03:00:00 - 7517 points
2026-05-18 01:03:27,600 - root - INFO - Total data points ingested for day-batch (2026-05-17): 63436
2026-05-18 01:03:27,600 - root - INFO - Processing inverter summary data for 141 eligible inverters (out of 141 total inverters for this type filter)
2026-05-18 01:03:27,601 - root - INFO - Processing day-batch with custom mapping: 2026-05-17 for 141 devices.
2026-05-18 01:03:27,601 - root - INFO - Processing 8 intervals in parallel with 8 workers (custom mapping)
2026-05-18 01:03:27,602 - root - INFO - Fetching minute data with payload: {'ps_key_list': ['1680199_1_9_2', '1680199_1_7_1', '1680199_1_4_1', '1680199_1_8_2', '1680199_1_7_2', '1680199_1_6_2', '1680199_1_4_2', '1680199_1_1_2', '1680199_1_5_2', '1680199_1_3_2', '1680199_1_2_2', '1680199_1_2_1', '1680199_1_1_1', '1680199_1_3_1', '1680199_1_6_1', '1680199_1_9_1', '1680199_1_10_1', '1680199_1_8_1', '1680199_1_11_1', '1680199_1_5_1'], 'points': 'p1,p14,p24,p25,p4,p26,p18,p19,p20,p21,p22,p23,p27', 'start_time_stamp': '20260517000000', 'end_time_stamp': '20260517025959', 'minute_interval': 5}
2026-05-18 01:03:27,602 - root - INFO - Fetching minute data with payload: {'ps_key_list': ['1680199_1_9_2', '1680199_1_7_1', '1680199_1_4_1', '1680199_1_8_2', '1680199_1_7_2', '1680199_1_6_2', '1680199_1_4_2', '1680199_1_1_2', '1680199_1_5_2', '1680199_1_3_2', '1680199_1_2_2', '1680199_1_2_1', '1680199_1_1_1', '1680199_1_3_1', '1680199_1_6_1', '1680199_1_9_1', '1680199_1_10_1', '1680199_1_8_1', '1680199_1_11_1', '1680199_1_5_1'], 'points': 'p1,p14,p24,p25,p4,p26,p18,p19,p20,p21,p22,p23,p27', 'start_time_stamp': '20260517030000', 'end_time_stamp': '20260517055959', 'minute_interval': 5}
2026-05-18 01:03:27,603 - root - INFO - Fetching minute data with payload: {'ps_key_list': ['1680199_1_9_2', '1680199_1_7_1', '1680199_1_4_1', '1680199_1_8_2', '1680199_1_7_2', '1680199_1_6_2', '1680199_1_4_2', '1680199_1_1_2', '1680199_1_5_2', '1680199_1_3_2', '1680199_1_2_2', '1680199_1_2_1', '1680199_1_1_1', '1680199_1_3_1', '1680199_1_6_1', '1680199_1_9_1', '1680199_1_10_1', '1680199_1_8_1', '1680199_1_11_1', '1680199_1_5_1'], 'points': 'p1,p14,p24,p25,p4,p26,p18,p19,p20,p21,p22,p23,p27', 'start_time_stamp': '20260517060000', 'end_time_stamp': '20260517085959', 'minute_interval': 5}
2026-05-18 01:03:27,604 - root - INFO - Fetching minute data with payload: {'ps_key_list': ['1680199_1_9_2', '1680199_1_7_1', '1680199_1_4_1', '1680199_1_8_2', '1680199_1_7_2', '1680199_1_6_2', '1680199_1_4_2', '1680199_1_1_2', '1680199_1_5_2', '1680199_1_3_2', '1680199_1_2_2', '1680199_1_2_1', '1680199_1_1_1', '1680199_1_3_1', '1680199_1_6_1', '1680199_1_9_1', '1680199_1_10_1', '1680199_1_8_1', '1680199_1_11_1', '1680199_1_5_1'], 'points': 'p1,p14,p24,p25,p4,p26,p18,p19,p20,p21,p22,p23,p27', 'start_time_stamp': '20260517090000', 'end_time_stamp': '20260517115959', 'minute_interval': 5}
2026-05-18 01:03:27,605 - root - INFO - Fetching minute data with payload: {'ps_key_list': ['1680199_1_9_2', '1680199_1_7_1', '1680199_1_4_1', '1680199_1_8_2', '1680199_1_7_2', '1680199_1_6_2', '1680199_1_4_2', '1680199_1_1_2', '1680199_1_5_2', '1680199_1_3_2', '1680199_1_2_2', '1680199_1_2_1', '1680199_1_1_1', '1680199_1_3_1', '1680199_1_6_1', '1680199_1_9_1', '1680199_1_10_1', '1680199_1_8_1', '1680199_1_11_1', '1680199_1_5_1'], 'points': 'p1,p14,p24,p25,p4,p26,p18,p19,p20,p21,p22,p23,p27', 'start_time_stamp': '20260517120000', 'end_time_stamp': '20260517145959', 'minute_interval': 5}
2026-05-18 01:03:27,612 - root - INFO - Fetching minute data with payload: {'ps_key_list': ['1680199_1_9_2', '1680199_1_7_1', '1680199_1_4_1', '1680199_1_8_2', '1680199_1_7_2', '1680199_1_6_2', '1680199_1_4_2', '1680199_1_1_2', '1680199_1_5_2', '1680199_1_3_2', '1680199_1_2_2', '1680199_1_2_1', '1680199_1_1_1', '1680199_1_3_1', '1680199_1_6_1', '1680199_1_9_1', '1680199_1_10_1', '1680199_1_8_1', '1680199_1_11_1', '1680199_1_5_1'], 'points': 'p1,p14,p24,p25,p4,p26,p18,p19,p20,p21,p22,p23,p27', 'start_time_stamp': '20260517150000', 'end_time_stamp': '20260517175959', 'minute_interval': 5}
2026-05-18 01:03:28,254 - root - INFO - Fetching minute data with payload: {'ps_key_list': ['1680199_1_9_2', '1680199_1_7_1', '1680199_1_4_1', '1680199_1_8_2', '1680199_1_7_2', '1680199_1_6_2', '1680199_1_4_2', '1680199_1_1_2', '1680199_1_5_2', '1680199_1_3_2', '1680199_1_2_2', '1680199_1_2_1', '1680199_1_1_1', '1680199_1_3_1', '1680199_1_6_1', '1680199_1_9_1', '1680199_1_10_1', '1680199_1_8_1', '1680199_1_11_1', '1680199_1_5_1'], 'points': 'p1,p14,p24,p25,p4,p26,p18,p19,p20,p21,p22,p23,p27', 'start_time_stamp': '20260517180000', 'end_time_stamp': '20260517205959', 'minute_interval': 5}
2026-05-18 01:03:28,259 - root - INFO - Fetching minute data with payload: {'ps_key_list': ['1680199_1_9_2', '1680199_1_7_1', '1680199_1_4_1', '1680199_1_8_2', '1680199_1_7_2', '1680199_1_6_2', '1680199_1_4_2', '1680199_1_1_2', '1680199_1_5_2', '1680199_1_3_2', '1680199_1_2_2', '1680199_1_2_1', '1680199_1_1_1', '1680199_1_3_1', '1680199_1_6_1', '1680199_1_9_1', '1680199_1_10_1', '1680199_1_8_1', '1680199_1_11_1', '1680199_1_5_1'], 'points': 'p1,p14,p24,p25,p4,p26,p18,p19,p20,p21,p22,p23,p27', 'start_time_stamp': '20260517210000', 'end_time_stamp': '20260517235959', 'minute_interval': 5}
2026-05-18 01:03:31,468 - root - INFO - Successfully upserted 720 data points.
2026-05-18 01:03:31,471 - root - INFO - Fetching minute data with payload: {'ps_key_list': ['1458125_1_37_1', '1458125_1_46_1', '1458125_1_45_1', '1458125_1_44_1', '1458125_1_5_1', '1458125_1_1_1', '1458125_1_4_1', '1458125_1_3_1', '1458125_1_6_1', '1458125_1_27_1', '1458125_1_26_1', '1458125_1_39_1', '1458125_1_38_1', '1458125_1_25_1', '1458125_1_41_1', '1458125_1_40_1', '1458125_1_36_1', '1458125_1_34_1', '1458125_1_33_1', '1458125_1_32_1', '1458125_1_31_1', '1458125_1_30_1', '1458125_1_29_1', '1458125_1_42_1', '1458125_1_48_1', '1458125_1_47_1', '1458125_1_43_1', '1458125_1_35_1', '1458125_1_2_1'], 'points': 'p1,p14,p24,p25,p4,p26,p18,p19,p20,p21,p22,p23,p27', 'start_time_stamp': '20260517000000', 'end_time_stamp': '20260517025959', 'minute_interval': 5}
2026-05-18 01:03:31,501 - root - INFO - Successfully upserted 720 data points.
2026-05-18 01:03:31,525 - root - INFO - Successfully upserted 720 data points.
2026-05-18 01:03:31,528 - root - INFO - Fetching minute data with payload: {'ps_key_list': ['1458125_1_37_1', '1458125_1_46_1', '1458125_1_45_1', '1458125_1_44_1', '1458125_1_5_1', '1458125_1_1_1', '1458125_1_4_1', '1458125_1_3_1', '1458125_1_6_1', '1458125_1_27_1', '1458125_1_26_1', '1458125_1_39_1', '1458125_1_38_1', '1458125_1_25_1', '1458125_1_41_1', '1458125_1_40_1', '1458125_1_36_1', '1458125_1_34_1', '1458125_1_33_1', '1458125_1_32_1', '1458125_1_31_1', '1458125_1_30_1', '1458125_1_29_1', '1458125_1_42_1', '1458125_1_48_1', '1458125_1_47_1', '1458125_1_43_1', '1458125_1_35_1', '1458125_1_2_1'], 'points': 'p1,p14,p24,p25,p4,p26,p18,p19,p20,p21,p22,p23,p27', 'start_time_stamp': '20260517060000', 'end_time_stamp': '20260517085959', 'minute_interval': 5}
2026-05-18 01:03:31,623 - root - INFO - Successfully upserted 720 data points.
2026-05-18 01:03:31,657 - root - INFO - Successfully upserted 720 data points.
2026-05-18 01:03:31,788 - root - INFO - Successfully upserted 720 data points.
2026-05-18 01:03:31,809 - root - INFO - Successfully upserted 687 data points.
2026-05-18 01:03:31,817 - root - INFO - Fetching minute data with payload: {'ps_key_list': ['1458125_1_37_1', '1458125_1_46_1', '1458125_1_45_1', '1458125_1_44_1', '1458125_1_5_1', '1458125_1_1_1', '1458125_1_4_1', '1458125_1_3_1', '1458125_1_6_1', '1458125_1_27_1', '1458125_1_26_1', '1458125_1_39_1', '1458125_1_38_1', '1458125_1_25_1', '1458125_1_41_1', '1458125_1_40_1', '1458125_1_36_1', '1458125_1_34_1', '1458125_1_33_1', '1458125_1_32_1', '1458125_1_31_1', '1458125_1_30_1', '1458125_1_29_1', '1458125_1_42_1', '1458125_1_48_1', '1458125_1_47_1', '1458125_1_43_1', '1458125_1_35_1', '1458125_1_2_1'], 'points': 'p1,p14,p24,p25,p4,p26,p18,p19,p20,p21,p22,p23,p27', 'start_time_stamp': '20260517030000', 'end_time_stamp': '20260517055959', 'minute_interval': 5}
2026-05-18 01:03:31,821 - root - INFO - Fetching minute data with payload: {'ps_key_list': ['1458125_1_37_1', '1458125_1_46_1', '1458125_1_45_1', '1458125_1_44_1', '1458125_1_5_1', '1458125_1_1_1', '1458125_1_4_1', '1458125_1_3_1', '1458125_1_6_1', '1458125_1_27_1', '1458125_1_26_1', '1458125_1_39_1', '1458125_1_38_1', '1458125_1_25_1', '1458125_1_41_1', '1458125_1_40_1', '1458125_1_36_1', '1458125_1_34_1', '1458125_1_33_1', '1458125_1_32_1', '1458125_1_31_1', '1458125_1_30_1', '1458125_1_29_1', '1458125_1_42_1', '1458125_1_48_1', '1458125_1_47_1', '1458125_1_43_1', '1458125_1_35_1', '1458125_1_2_1'], 'points': 'p1,p14,p24,p25,p4,p26,p18,p19,p20,p21,p22,p23,p27', 'start_time_stamp': '20260517120000', 'end_time_stamp': '20260517145959', 'minute_interval': 5}
2026-05-18 01:03:31,834 - root - INFO - Successfully upserted 720 data points.
2026-05-18 01:03:31,929 - root - INFO - Fetching minute data with payload: {'ps_key_list': ['1458125_1_37_1', '1458125_1_46_1', '1458125_1_45_1', '1458125_1_44_1', '1458125_1_5_1', '1458125_1_1_1', '1458125_1_4_1', '1458125_1_3_1', '1458125_1_6_1', '1458125_1_27_1', '1458125_1_26_1', '1458125_1_39_1', '1458125_1_38_1', '1458125_1_25_1', '1458125_1_41_1', '1458125_1_40_1', '1458125_1_36_1', '1458125_1_34_1', '1458125_1_33_1', '1458125_1_32_1', '1458125_1_31_1', '1458125_1_30_1', '1458125_1_29_1', '1458125_1_42_1', '1458125_1_48_1', '1458125_1_47_1', '1458125_1_43_1', '1458125_1_35_1', '1458125_1_2_1'], 'points': 'p1,p14,p24,p25,p4,p26,p18,p19,p20,p21,p22,p23,p27', 'start_time_stamp': '20260517210000', 'end_time_stamp': '20260517235959', 'minute_interval': 5}
2026-05-18 01:03:32,194 - root - INFO - Fetching minute data with payload: {'ps_key_list': ['1458125_1_37_1', '1458125_1_46_1', '1458125_1_45_1', '1458125_1_44_1', '1458125_1_5_1', '1458125_1_1_1', '1458125_1_4_1', '1458125_1_3_1', '1458125_1_6_1', '1458125_1_27_1', '1458125_1_26_1', '1458125_1_39_1', '1458125_1_38_1', '1458125_1_25_1', '1458125_1_41_1', '1458125_1_40_1', '1458125_1_36_1', '1458125_1_34_1', '1458125_1_33_1', '1458125_1_32_1', '1458125_1_31_1', '1458125_1_30_1', '1458125_1_29_1', '1458125_1_42_1', '1458125_1_48_1', '1458125_1_47_1', '1458125_1_43_1', '1458125_1_35_1', '1458125_1_2_1'], 'points': 'p1,p14,p24,p25,p4,p26,p18,p19,p20,p21,p22,p23,p27', 'start_time_stamp': '20260517180000', 'end_time_stamp': '20260517205959', 'minute_interval': 5}
2026-05-18 01:03:32,196 - root - INFO - Fetching minute data with payload: {'ps_key_list': ['1458125_1_37_1', '1458125_1_46_1', '1458125_1_45_1', '1458125_1_44_1', '1458125_1_5_1', '1458125_1_1_1', '1458125_1_4_1', '1458125_1_3_1', '1458125_1_6_1', '1458125_1_27_1', '1458125_1_26_1', '1458125_1_39_1', '1458125_1_38_1', '1458125_1_25_1', '1458125_1_41_1', '1458125_1_40_1', '1458125_1_36_1', '1458125_1_34_1', '1458125_1_33_1', '1458125_1_32_1', '1458125_1_31_1', '1458125_1_30_1', '1458125_1_29_1', '1458125_1_42_1', '1458125_1_48_1', '1458125_1_47_1', '1458125_1_43_1', '1458125_1_35_1', '1458125_1_2_1'], 'points': 'p1,p14,p24,p25,p4,p26,p18,p19,p20,p21,p22,p23,p27', 'start_time_stamp': '20260517090000', 'end_time_stamp': '20260517115959', 'minute_interval': 5}
2026-05-18 01:03:32,197 - root - INFO - Fetching minute data with payload: {'ps_key_list': ['1458125_1_37_1', '1458125_1_46_1', '1458125_1_45_1', '1458125_1_44_1', '1458125_1_5_1', '1458125_1_1_1', '1458125_1_4_1', '1458125_1_3_1', '1458125_1_6_1', '1458125_1_27_1', '1458125_1_26_1', '1458125_1_39_1', '1458125_1_38_1', '1458125_1_25_1', '1458125_1_41_1', '1458125_1_40_1', '1458125_1_36_1', '1458125_1_34_1', '1458125_1_33_1', '1458125_1_32_1', '1458125_1_31_1', '1458125_1_30_1', '1458125_1_29_1', '1458125_1_42_1', '1458125_1_48_1', '1458125_1_47_1', '1458125_1_43_1', '1458125_1_35_1', '1458125_1_2_1'], 'points': 'p1,p14,p24,p25,p4,p26,p18,p19,p20,p21,p22,p23,p27', 'start_time_stamp': '20260517150000', 'end_time_stamp': '20260517175959', 'minute_interval': 5}
2026-05-18 01:03:35,379 - root - INFO - Successfully upserted 1044 data points.
2026-05-18 01:03:35,383 - root - INFO - Fetching minute data with payload: {'ps_key_list': ['1479456_1_12_1', '1479456_1_11_1', '1479456_1_10_1', '1479456_1_9_1', '1479456_1_8_1', '1479456_1_7_1', '1479456_1_6_1', '1479456_1_2_2', '1479456_1_5_2', '1479456_1_1_2', '1479456_1_8_2', '1479456_1_1_1', '1479456_1_4_2', '1479456_1_3_2', '1479456_1_16_1', '1479456_1_15_1', '1479456_1_14_1', '1479456_1_13_1'], 'points': 'p1,p14,p24,p25,p4,p26,p18,p19,p20,p21,p22,p23,p27', 'start_time_stamp': '20260517060000', 'end_time_stamp': '20260517085959', 'minute_interval': 5}
2026-05-18 01:03:35,393 - root - INFO - Successfully upserted 1044 data points.
2026-05-18 01:03:35,397 - root - INFO - Fetching minute data with payload: {'ps_key_list': ['1479456_1_12_1', '1479456_1_11_1', '1479456_1_10_1', '1479456_1_9_1', '1479456_1_8_1', '1479456_1_7_1', '1479456_1_6_1', '1479456_1_2_2', '1479456_1_5_2', '1479456_1_1_2', '1479456_1_8_2', '1479456_1_1_1', '1479456_1_4_2', '1479456_1_3_2', '1479456_1_16_1', '1479456_1_15_1', '1479456_1_14_1', '1479456_1_13_1'], 'points': 'p1,p14,p24,p25,p4,p26,p18,p19,p20,p21,p22,p23,p27', 'start_time_stamp': '20260517030000', 'end_time_stamp': '20260517055959', 'minute_interval': 5}
2026-05-18 01:03:35,741 - root - INFO - Successfully upserted 791 data points.
2026-05-18 01:03:35,758 - root - INFO - Fetching minute data with payload: {'ps_key_list': ['1479456_1_12_1', '1479456_1_11_1', '1479456_1_10_1', '1479456_1_9_1', '1479456_1_8_1', '1479456_1_7_1', '1479456_1_6_1', '1479456_1_2_2', '1479456_1_5_2', '1479456_1_1_2', '1479456_1_8_2', '1479456_1_1_1', '1479456_1_4_2', '1479456_1_3_2', '1479456_1_16_1', '1479456_1_15_1', '1479456_1_14_1', '1479456_1_13_1'], 'points': 'p1,p14,p24,p25,p4,p26,p18,p19,p20,p21,p22,p23,p27', 'start_time_stamp': '20260517210000', 'end_time_stamp': '20260517235959', 'minute_interval': 5}
2026-05-18 01:03:35,768 - root - INFO - Successfully upserted 1044 data points.
2026-05-18 01:03:35,973 - root - INFO - Fetching minute data with payload: {'ps_key_list': ['1479456_1_12_1', '1479456_1_11_1', '1479456_1_10_1', '1479456_1_9_1', '1479456_1_8_1', '1479456_1_7_1', '1479456_1_6_1', '1479456_1_2_2', '1479456_1_5_2', '1479456_1_1_2', '1479456_1_8_2', '1479456_1_1_1', '1479456_1_4_2', '1479456_1_3_2', '1479456_1_16_1', '1479456_1_15_1', '1479456_1_14_1', '1479456_1_13_1'], 'points': 'p1,p14,p24,p25,p4,p26,p18,p19,p20,p21,p22,p23,p27', 'start_time_stamp': '20260517120000', 'end_time_stamp': '20260517145959', 'minute_interval': 5}
2026-05-18 01:03:36,047 - root - INFO - Successfully upserted 1044 data points.
2026-05-18 01:03:36,054 - root - INFO - Fetching minute data with payload: {'ps_key_list': ['1479456_1_12_1', '1479456_1_11_1', '1479456_1_10_1', '1479456_1_9_1', '1479456_1_8_1', '1479456_1_7_1', '1479456_1_6_1', '1479456_1_2_2', '1479456_1_5_2', '1479456_1_1_2', '1479456_1_8_2', '1479456_1_1_1', '1479456_1_4_2', '1479456_1_3_2', '1479456_1_16_1', '1479456_1_15_1', '1479456_1_14_1', '1479456_1_13_1'], 'points': 'p1,p14,p24,p25,p4,p26,p18,p19,p20,p21,p22,p23,p27', 'start_time_stamp': '20260517180000', 'end_time_stamp': '20260517205959', 'minute_interval': 5}
2026-05-18 01:03:36,086 - root - INFO - Successfully upserted 1044 data points.
2026-05-18 01:03:36,370 - root - INFO - Successfully upserted 1044 data points.
2026-05-18 01:03:36,372 - root - INFO - Successfully upserted 1044 data points.
2026-05-18 01:03:36,380 - root - INFO - Fetching minute data with payload: {'ps_key_list': ['1479456_1_12_1', '1479456_1_11_1', '1479456_1_10_1', '1479456_1_9_1', '1479456_1_8_1', '1479456_1_7_1', '1479456_1_6_1', '1479456_1_2_2', '1479456_1_5_2', '1479456_1_1_2', '1479456_1_8_2', '1479456_1_1_1', '1479456_1_4_2', '1479456_1_3_2', '1479456_1_16_1', '1479456_1_15_1', '1479456_1_14_1', '1479456_1_13_1'], 'points': 'p1,p14,p24,p25,p4,p26,p18,p19,p20,p21,p22,p23,p27', 'start_time_stamp': '20260517090000', 'end_time_stamp': '20260517115959', 'minute_interval': 5}
2026-05-18 01:03:36,382 - root - INFO - Fetching minute data with payload: {'ps_key_list': ['1479456_1_12_1', '1479456_1_11_1', '1479456_1_10_1', '1479456_1_9_1', '1479456_1_8_1', '1479456_1_7_1', '1479456_1_6_1', '1479456_1_2_2', '1479456_1_5_2', '1479456_1_1_2', '1479456_1_8_2', '1479456_1_1_1', '1479456_1_4_2', '1479456_1_3_2', '1479456_1_16_1', '1479456_1_15_1', '1479456_1_14_1', '1479456_1_13_1'], 'points': 'p1,p14,p24,p25,p4,p26,p18,p19,p20,p21,p22,p23,p27', 'start_time_stamp': '20260517000000', 'end_time_stamp': '20260517025959', 'minute_interval': 5}
2026-05-18 01:03:36,383 - root - INFO - Fetching minute data with payload: {'ps_key_list': ['1479456_1_12_1', '1479456_1_11_1', '1479456_1_10_1', '1479456_1_9_1', '1479456_1_8_1', '1479456_1_7_1', '1479456_1_6_1', '1479456_1_2_2', '1479456_1_5_2', '1479456_1_1_2', '1479456_1_8_2', '1479456_1_1_1', '1479456_1_4_2', '1479456_1_3_2', '1479456_1_16_1', '1479456_1_15_1', '1479456_1_14_1', '1479456_1_13_1'], 'points': 'p1,p14,p24,p25,p4,p26,p18,p19,p20,p21,p22,p23,p27', 'start_time_stamp': '20260517150000', 'end_time_stamp': '20260517175959', 'minute_interval': 5}
2026-05-18 01:03:37,314 - root - INFO - Retrying API request after rate limit wait...
2026-05-18 01:03:37,314 - root - INFO - Making API request to: https://sg5.fusionsolar.huawei.com/rest/openapi/pvms/nbi/v1/device/history
2026-05-18 01:03:37,315 - root - INFO - Request payload: {'devDn': 'NE=61851548', 'devTypeId': 17, 'startTime': 1778950800000, 'endTime': 1779037199000}
2026-05-18 01:03:37,760 - root - INFO - Response status code: 200
2026-05-18 01:03:37,760 - root - INFO - API response from https://sg5.fusionsolar.huawei.com/rest/openapi/pvms/nbi/v1/device/history (truncated): {'failCode': 0, 'success': True, 'message': 'historical data information query successful.', 'data': []}
2026-05-18 01:03:37,768 - root - INFO - API Response type: <class 'dict'>
2026-05-18 01:03:37,768 - root - INFO - API Response keys: ['failCode', 'success', 'message', 'data']
2026-05-18 01:03:37,768 - root - INFO - API Response data is a list with 0 items
2026-05-18 01:03:37,769 - root - INFO - API Response has failCode: 0, message: historical data information query successful.
2026-05-18 01:03:37,769 - root - INFO - Using alternate response format: data as list
2026-05-18 01:03:37,769 - root - INFO - No data points returned for the query period
2026-05-18 01:03:37,770 - root - INFO - Using single devDn for device/history (API: one device per query)
2026-05-18 01:03:37,776 - root - INFO - Fetching historical data for 1 devices of type meter
2026-05-18 01:03:37,777 - root - INFO - Making API request to: https://sg5.fusionsolar.huawei.com/rest/openapi/pvms/nbi/v1/device/history
2026-05-18 01:03:37,777 - root - INFO - Request payload: {'devDn': 'NE=61900432', 'devTypeId': 17, 'startTime': 1778950800000, 'endTime': 1779037199000}
2026-05-18 01:03:38,088 - root - INFO - Response status code: 200
2026-05-18 01:03:38,088 - root - INFO - API response from https://sg5.fusionsolar.huawei.com/rest/openapi/pvms/nbi/v1/device/history (truncated): {'failCode': 407, 'success': False, 'message': 'Interface access frequency:0.39333333333333337/1second', 'data': []}
2026-05-18 01:03:38,089 - root - WARNING - API access frequency too high. Waiting 30 seconds before retry...
2026-05-18 01:03:38,651 - root - INFO - Successfully upserted 648 data points.
2026-05-18 01:03:38,651 - root - INFO - Fetching minute data with payload: {'ps_key_list': ['1763661_1_1_1', '1763661_1_4_1', '1763661_1_3_1', '1763661_1_34_1', '1763661_1_33_1', '1763661_1_32_1', '1763661_1_31_1', '1763661_1_30_1', '1763661_1_29_1', '1763661_1_28_1', '1763661_1_27_1', '1763661_1_26_1', '1763661_1_25_1', '1763661_1_6_1', '1763661_1_5_1', '1763661_1_8_1', '1763661_1_7_1', '1763661_1_9_1', '1763661_1_10_1', '1763661_1_2_1'], 'points': 'p1,p14,p24,p25,p4,p26,p18,p19,p20,p21,p22,p23,p27', 'start_time_stamp': '20260517060000', 'end_time_stamp': '20260517085959', 'minute_interval': 5}
2026-05-18 01:03:39,235 - root - INFO - Successfully upserted 648 data points.
2026-05-18 01:03:39,236 - root - INFO - Fetching minute data with payload: {'ps_key_list': ['1763661_1_1_1', '1763661_1_4_1', '1763661_1_3_1', '1763661_1_34_1', '1763661_1_33_1', '1763661_1_32_1', '1763661_1_31_1', '1763661_1_30_1', '1763661_1_29_1', '1763661_1_28_1', '1763661_1_27_1', '1763661_1_26_1', '1763661_1_25_1', '1763661_1_6_1', '1763661_1_5_1', '1763661_1_8_1', '1763661_1_7_1', '1763661_1_9_1', '1763661_1_10_1', '1763661_1_2_1'], 'points': 'p1,p14,p24,p25,p4,p26,p18,p19,p20,p21,p22,p23,p27', 'start_time_stamp': '20260517210000', 'end_time_stamp': '20260517235959', 'minute_interval': 5}
2026-05-18 01:03:39,236 - root - INFO - Successfully upserted 648 data points.
2026-05-18 01:03:39,240 - root - INFO - Fetching minute data with payload: {'ps_key_list': ['1763661_1_1_1', '1763661_1_4_1', '1763661_1_3_1', '1763661_1_34_1', '1763661_1_33_1', '1763661_1_32_1', '1763661_1_31_1', '1763661_1_30_1', '1763661_1_29_1', '1763661_1_28_1', '1763661_1_27_1', '1763661_1_26_1', '1763661_1_25_1', '1763661_1_6_1', '1763661_1_5_1', '1763661_1_8_1', '1763661_1_7_1', '1763661_1_9_1', '1763661_1_10_1', '1763661_1_2_1'], 'points': 'p1,p14,p24,p25,p4,p26,p18,p19,p20,p21,p22,p23,p27', 'start_time_stamp': '20260517030000', 'end_time_stamp': '20260517055959', 'minute_interval': 5}
2026-05-18 01:03:39,424 - root - INFO - Successfully upserted 648 data points.
2026-05-18 01:03:40,157 - root - INFO - Successfully upserted 648 data points.
2026-05-18 01:03:40,205 - root - INFO - Successfully upserted 648 data points.
2026-05-18 01:03:40,263 - root - INFO - Fetching minute data with payload: {'ps_key_list': ['1763661_1_1_1', '1763661_1_4_1', '1763661_1_3_1', '1763661_1_34_1', '1763661_1_33_1', '1763661_1_32_1', '1763661_1_31_1', '1763661_1_30_1', '1763661_1_29_1', '1763661_1_28_1', '1763661_1_27_1', '1763661_1_26_1', '1763661_1_25_1', '1763661_1_6_1', '1763661_1_5_1', '1763661_1_8_1', '1763661_1_7_1', '1763661_1_9_1', '1763661_1_10_1', '1763661_1_2_1'], 'points': 'p1,p14,p24,p25,p4,p26,p18,p19,p20,p21,p22,p23,p27', 'start_time_stamp': '20260517120000', 'end_time_stamp': '20260517145959', 'minute_interval': 5}
2026-05-18 01:03:40,298 - root - INFO - Fetching minute data with payload: {'ps_key_list': ['1763661_1_1_1', '1763661_1_4_1', '1763661_1_3_1', '1763661_1_34_1', '1763661_1_33_1', '1763661_1_32_1', '1763661_1_31_1', '1763661_1_30_1', '1763661_1_29_1', '1763661_1_28_1', '1763661_1_27_1', '1763661_1_26_1', '1763661_1_25_1', '1763661_1_6_1', '1763661_1_5_1', '1763661_1_8_1', '1763661_1_7_1', '1763661_1_9_1', '1763661_1_10_1', '1763661_1_2_1'], 'points': 'p1,p14,p24,p25,p4,p26,p18,p19,p20,p21,p22,p23,p27', 'start_time_stamp': '20260517180000', 'end_time_stamp': '20260517205959', 'minute_interval': 5}
2026-05-18 01:03:40,301 - root - INFO - Fetching minute data with payload: {'ps_key_list': ['1763661_1_1_1', '1763661_1_4_1', '1763661_1_3_1', '1763661_1_34_1', '1763661_1_33_1', '1763661_1_32_1', '1763661_1_31_1', '1763661_1_30_1', '1763661_1_29_1', '1763661_1_28_1', '1763661_1_27_1', '1763661_1_26_1', '1763661_1_25_1', '1763661_1_6_1', '1763661_1_5_1', '1763661_1_8_1', '1763661_1_7_1', '1763661_1_9_1', '1763661_1_10_1', '1763661_1_2_1'], 'points': 'p1,p14,p24,p25,p4,p26,p18,p19,p20,p21,p22,p23,p27', 'start_time_stamp': '20260517150000', 'end_time_stamp': '20260517175959', 'minute_interval': 5}
2026-05-18 01:03:40,588 - root - INFO - Successfully upserted 648 data points.
2026-05-18 01:03:40,593 - root - INFO - Successfully upserted 648 data points.
2026-05-18 01:03:40,594 - root - INFO - Fetching minute data with payload: {'ps_key_list': ['1763661_1_1_1', '1763661_1_4_1', '1763661_1_3_1', '1763661_1_34_1', '1763661_1_33_1', '1763661_1_32_1', '1763661_1_31_1', '1763661_1_30_1', '1763661_1_29_1', '1763661_1_28_1', '1763661_1_27_1', '1763661_1_26_1', '1763661_1_25_1', '1763661_1_6_1', '1763661_1_5_1', '1763661_1_8_1', '1763661_1_7_1', '1763661_1_9_1', '1763661_1_10_1', '1763661_1_2_1'], 'points': 'p1,p14,p24,p25,p4,p26,p18,p19,p20,p21,p22,p23,p27', 'start_time_stamp': '20260517090000', 'end_time_stamp': '20260517115959', 'minute_interval': 5}
2026-05-18 01:03:40,595 - root - INFO - Fetching minute data with payload: {'ps_key_list': ['1763661_1_1_1', '1763661_1_4_1', '1763661_1_3_1', '1763661_1_34_1', '1763661_1_33_1', '1763661_1_32_1', '1763661_1_31_1', '1763661_1_30_1', '1763661_1_29_1', '1763661_1_28_1', '1763661_1_27_1', '1763661_1_26_1', '1763661_1_25_1', '1763661_1_6_1', '1763661_1_5_1', '1763661_1_8_1', '1763661_1_7_1', '1763661_1_9_1', '1763661_1_10_1', '1763661_1_2_1'], 'points': 'p1,p14,p24,p25,p4,p26,p18,p19,p20,p21,p22,p23,p27', 'start_time_stamp': '20260517000000', 'end_time_stamp': '20260517025959', 'minute_interval': 5}
2026-05-18 01:03:42,531 - root - INFO - Successfully upserted 720 data points.
2026-05-18 01:03:42,531 - root - INFO - Fetching minute data with payload: {'ps_key_list': ['1637816_1_5_1', '1637816_1_7_1', '1637816_1_2_1', '1637816_1_1_1', '1637816_1_4_1', '1637816_1_3_1', '1637816_1_6_1'], 'points': 'p1,p14,p24,p25,p4,p26,p18,p19,p20,p21,p22,p23,p27', 'start_time_stamp': '20260517060000', 'end_time_stamp': '20260517085959', 'minute_interval': 5}
2026-05-18 01:03:43,188 - root - INFO - Successfully upserted 610 data points.
2026-05-18 01:03:43,189 - root - INFO - Fetching minute data with payload: {'ps_key_list': ['1637816_1_5_1', '1637816_1_7_1', '1637816_1_2_1', '1637816_1_1_1', '1637816_1_4_1', '1637816_1_3_1', '1637816_1_6_1'], 'points': 'p1,p14,p24,p25,p4,p26,p18,p19,p20,p21,p22,p23,p27', 'start_time_stamp': '20260517210000', 'end_time_stamp': '20260517235959', 'minute_interval': 5}
2026-05-18 01:03:43,255 - root - INFO - Successfully upserted 720 data points.
2026-05-18 01:03:43,273 - root - INFO - Fetching minute data with payload: {'ps_key_list': ['1637816_1_5_1', '1637816_1_7_1', '1637816_1_2_1', '1637816_1_1_1', '1637816_1_4_1', '1637816_1_3_1', '1637816_1_6_1'], 'points': 'p1,p14,p24,p25,p4,p26,p18,p19,p20,p21,p22,p23,p27', 'start_time_stamp': '20260517030000', 'end_time_stamp': '20260517055959', 'minute_interval': 5}
2026-05-18 01:03:43,461 - root - INFO - Successfully upserted 720 data points.
2026-05-18 01:03:43,497 - root - INFO - Successfully upserted 720 data points.
2026-05-18 01:03:43,598 - root - INFO - Fetching minute data with payload: {'ps_key_list': ['1637816_1_5_1', '1637816_1_7_1', '1637816_1_2_1', '1637816_1_1_1', '1637816_1_4_1', '1637816_1_3_1', '1637816_1_6_1'], 'points': 'p1,p14,p24,p25,p4,p26,p18,p19,p20,p21,p22,p23,p27', 'start_time_stamp': '20260517120000', 'end_time_stamp': '20260517145959', 'minute_interval': 5}
2026-05-18 01:03:43,603 - root - INFO - Fetching minute data with payload: {'ps_key_list': ['1637816_1_5_1', '1637816_1_7_1', '1637816_1_2_1', '1637816_1_1_1', '1637816_1_4_1', '1637816_1_3_1', '1637816_1_6_1'], 'points': 'p1,p14,p24,p25,p4,p26,p18,p19,p20,p21,p22,p23,p27', 'start_time_stamp': '20260517180000', 'end_time_stamp': '20260517205959', 'minute_interval': 5}
2026-05-18 01:03:43,745 - root - INFO - Successfully upserted 720 data points.
2026-05-18 01:03:43,748 - root - INFO - Fetching minute data with payload: {'ps_key_list': ['1637816_1_5_1', '1637816_1_7_1', '1637816_1_2_1', '1637816_1_1_1', '1637816_1_4_1', '1637816_1_3_1', '1637816_1_6_1'], 'points': 'p1,p14,p24,p25,p4,p26,p18,p19,p20,p21,p22,p23,p27', 'start_time_stamp': '20260517150000', 'end_time_stamp': '20260517175959', 'minute_interval': 5}
2026-05-18 01:03:44,069 - root - INFO - Successfully upserted 720 data points.
2026-05-18 01:03:44,092 - root - INFO - Fetching minute data with payload: {'ps_key_list': ['1637816_1_5_1', '1637816_1_7_1', '1637816_1_2_1', '1637816_1_1_1', '1637816_1_4_1', '1637816_1_3_1', '1637816_1_6_1'], 'points': 'p1,p14,p24,p25,p4,p26,p18,p19,p20,p21,p22,p23,p27', 'start_time_stamp': '20260517090000', 'end_time_stamp': '20260517115959', 'minute_interval': 5}
2026-05-18 01:03:44,255 - root - INFO - Successfully upserted 720 data points.
2026-05-18 01:03:44,258 - root - INFO - Fetching minute data with payload: {'ps_key_list': ['1637816_1_5_1', '1637816_1_7_1', '1637816_1_2_1', '1637816_1_1_1', '1637816_1_4_1', '1637816_1_3_1', '1637816_1_6_1'], 'points': 'p1,p14,p24,p25,p4,p26,p18,p19,p20,p21,p22,p23,p27', 'start_time_stamp': '20260517000000', 'end_time_stamp': '20260517025959', 'minute_interval': 5}
2026-05-18 01:03:45,125 - root - INFO - Successfully upserted 252 data points.
2026-05-18 01:03:45,125 - root - INFO - Fetching minute data with payload: {'ps_key_list': ['1637095_1_4_1', '1637095_1_7_1', '1637095_1_3_1', '1637095_1_6_1', '1637095_1_2_1', '1637095_1_9_1', '1637095_1_5_1', '1637095_1_1_1', '1637095_1_10_1', '1637095_1_8_1'], 'points': 'p1,p14,p24,p25,p4,p26,p18,p19,p20,p21,p22,p23,p27', 'start_time_stamp': '20260517060000', 'end_time_stamp': '20260517085959', 'minute_interval': 5}
2026-05-18 01:03:46,215 - root - INFO - Successfully upserted 175 data points.
2026-05-18 01:03:46,216 - root - INFO - Fetching minute data with payload: {'ps_key_list': ['1637095_1_4_1', '1637095_1_7_1', '1637095_1_3_1', '1637095_1_6_1', '1637095_1_2_1', '1637095_1_9_1', '1637095_1_5_1', '1637095_1_1_1', '1637095_1_10_1', '1637095_1_8_1'], 'points': 'p1,p14,p24,p25,p4,p26,p18,p19,p20,p21,p22,p23,p27', 'start_time_stamp': '20260517210000', 'end_time_stamp': '20260517235959', 'minute_interval': 5}
2026-05-18 01:03:46,343 - root - INFO - Successfully upserted 252 data points.
2026-05-18 01:03:46,343 - root - INFO - Fetching minute data with payload: {'ps_key_list': ['1637095_1_4_1', '1637095_1_7_1', '1637095_1_3_1', '1637095_1_6_1', '1637095_1_2_1', '1637095_1_9_1', '1637095_1_5_1', '1637095_1_1_1', '1637095_1_10_1', '1637095_1_8_1'], 'points': 'p1,p14,p24,p25,p4,p26,p18,p19,p20,p21,p22,p23,p27', 'start_time_stamp': '20260517030000', 'end_time_stamp': '20260517055959', 'minute_interval': 5}
2026-05-18 01:03:46,540 - root - INFO - Successfully upserted 252 data points.
2026-05-18 01:03:46,542 - root - INFO - Fetching minute data with payload: {'ps_key_list': ['1637095_1_4_1', '1637095_1_7_1', '1637095_1_3_1', '1637095_1_6_1', '1637095_1_2_1', '1637095_1_9_1', '1637095_1_5_1', '1637095_1_1_1', '1637095_1_10_1', '1637095_1_8_1'], 'points': 'p1,p14,p24,p25,p4,p26,p18,p19,p20,p21,p22,p23,p27', 'start_time_stamp': '20260517180000', 'end_time_stamp': '20260517205959', 'minute_interval': 5}
2026-05-18 01:03:46,567 - root - INFO - Successfully upserted 252 data points.
2026-05-18 01:03:46,567 - root - INFO - Fetching minute data with payload: {'ps_key_list': ['1637095_1_4_1', '1637095_1_7_1', '1637095_1_3_1', '1637095_1_6_1', '1637095_1_2_1', '1637095_1_9_1', '1637095_1_5_1', '1637095_1_1_1', '1637095_1_10_1', '1637095_1_8_1'], 'points': 'p1,p14,p24,p25,p4,p26,p18,p19,p20,p21,p22,p23,p27', 'start_time_stamp': '20260517120000', 'end_time_stamp': '20260517145959', 'minute_interval': 5}
2026-05-18 01:03:46,830 - root - INFO - Successfully upserted 252 data points.
2026-05-18 01:03:46,974 - root - INFO - Successfully upserted 252 data points.
2026-05-18 01:03:47,099 - root - INFO - Successfully upserted 252 data points.
2026-05-18 01:03:47,111 - root - INFO - Fetching minute data with payload: {'ps_key_list': ['1637095_1_4_1', '1637095_1_7_1', '1637095_1_3_1', '1637095_1_6_1', '1637095_1_2_1', '1637095_1_9_1', '1637095_1_5_1', '1637095_1_1_1', '1637095_1_10_1', '1637095_1_8_1'], 'points': 'p1,p14,p24,p25,p4,p26,p18,p19,p20,p21,p22,p23,p27', 'start_time_stamp': '20260517150000', 'end_time_stamp': '20260517175959', 'minute_interval': 5}
2026-05-18 01:03:47,113 - root - INFO - Fetching minute data with payload: {'ps_key_list': ['1637095_1_4_1', '1637095_1_7_1', '1637095_1_3_1', '1637095_1_6_1', '1637095_1_2_1', '1637095_1_9_1', '1637095_1_5_1', '1637095_1_1_1', '1637095_1_10_1', '1637095_1_8_1'], 'points': 'p1,p14,p24,p25,p4,p26,p18,p19,p20,p21,p22,p23,p27', 'start_time_stamp': '20260517000000', 'end_time_stamp': '20260517025959', 'minute_interval': 5}
2026-05-18 01:03:47,248 - root - INFO - Fetching minute data with payload: {'ps_key_list': ['1637095_1_4_1', '1637095_1_7_1', '1637095_1_3_1', '1637095_1_6_1', '1637095_1_2_1', '1637095_1_9_1', '1637095_1_5_1', '1637095_1_1_1', '1637095_1_10_1', '1637095_1_8_1'], 'points': 'p1,p14,p24,p25,p4,p26,p18,p19,p20,p21,p22,p23,p27', 'start_time_stamp': '20260517090000', 'end_time_stamp': '20260517115959', 'minute_interval': 5}
2026-05-18 01:03:47,787 - root - INFO - Successfully upserted 360 data points.
2026-05-18 01:03:47,787 - root - INFO - Fetching minute data with payload: {'ps_key_list': ['1614122_1_3_1', '1614122_1_7_1', '1614122_1_4_1', '1614122_1_2_1', '1614122_1_1_1', '1614122_1_6_1', '1614122_1_5_1'], 'points': 'p1,p14,p24,p25,p4,p26,p18,p19,p20,p21,p22,p23,p27', 'start_time_stamp': '20260517060000', 'end_time_stamp': '20260517085959', 'minute_interval': 5}
2026-05-18 01:03:49,705 - root - INFO - Successfully upserted 360 data points.
2026-05-18 01:03:49,706 - root - INFO - Successfully upserted 360 data points.
2026-05-18 01:03:49,706 - root - INFO - Fetching minute data with payload: {'ps_key_list': ['1614122_1_3_1', '1614122_1_7_1', '1614122_1_4_1', '1614122_1_2_1', '1614122_1_1_1', '1614122_1_6_1', '1614122_1_5_1'], 'points': 'p1,p14,p24,p25,p4,p26,p18,p19,p20,p21,p22,p23,p27', 'start_time_stamp': '20260517210000', 'end_time_stamp': '20260517235959', 'minute_interval': 5}
2026-05-18 01:03:49,708 - root - INFO - Fetching minute data with payload: {'ps_key_list': ['1614122_1_3_1', '1614122_1_7_1', '1614122_1_4_1', '1614122_1_2_1', '1614122_1_1_1', '1614122_1_6_1', '1614122_1_5_1'], 'points': 'p1,p14,p24,p25,p4,p26,p18,p19,p20,p21,p22,p23,p27', 'start_time_stamp': '20260517120000', 'end_time_stamp': '20260517145959', 'minute_interval': 5}
2026-05-18 01:03:49,813 - root - INFO - Successfully upserted 360 data points.
2026-05-18 01:03:49,910 - root - INFO - Successfully upserted 360 data points.
2026-05-18 01:03:50,046 - root - INFO - Successfully upserted 360 data points.
2026-05-18 01:03:50,088 - root - INFO - Successfully upserted 360 data points.
2026-05-18 01:03:50,099 - root - INFO - Fetching minute data with payload: {'ps_key_list': ['1614122_1_3_1', '1614122_1_7_1', '1614122_1_4_1', '1614122_1_2_1', '1614122_1_1_1', '1614122_1_6_1', '1614122_1_5_1'], 'points': 'p1,p14,p24,p25,p4,p26,p18,p19,p20,p21,p22,p23,p27', 'start_time_stamp': '20260517030000', 'end_time_stamp': '20260517055959', 'minute_interval': 5}
2026-05-18 01:03:50,111 - root - INFO - Fetching minute data with payload: {'ps_key_list': ['1614122_1_3_1', '1614122_1_7_1', '1614122_1_4_1', '1614122_1_2_1', '1614122_1_1_1', '1614122_1_6_1', '1614122_1_5_1'], 'points': 'p1,p14,p24,p25,p4,p26,p18,p19,p20,p21,p22,p23,p27', 'start_time_stamp': '20260517150000', 'end_time_stamp': '20260517175959', 'minute_interval': 5}
2026-05-18 01:03:50,170 - root - INFO - Fetching minute data with payload: {'ps_key_list': ['1614122_1_3_1', '1614122_1_7_1', '1614122_1_4_1', '1614122_1_2_1', '1614122_1_1_1', '1614122_1_6_1', '1614122_1_5_1'], 'points': 'p1,p14,p24,p25,p4,p26,p18,p19,p20,p21,p22,p23,p27', 'start_time_stamp': '20260517180000', 'end_time_stamp': '20260517205959', 'minute_interval': 5}
2026-05-18 01:03:50,216 - root - INFO - Successfully upserted 360 data points.
2026-05-18 01:03:50,220 - root - INFO - Fetching minute data with payload: {'ps_key_list': ['1614122_1_3_1', '1614122_1_7_1', '1614122_1_4_1', '1614122_1_2_1', '1614122_1_1_1', '1614122_1_6_1', '1614122_1_5_1'], 'points': 'p1,p14,p24,p25,p4,p26,p18,p19,p20,p21,p22,p23,p27', 'start_time_stamp': '20260517000000', 'end_time_stamp': '20260517025959', 'minute_interval': 5}
2026-05-18 01:03:50,221 - root - INFO - Fetching minute data with payload: {'ps_key_list': ['1614122_1_3_1', '1614122_1_7_1', '1614122_1_4_1', '1614122_1_2_1', '1614122_1_1_1', '1614122_1_6_1', '1614122_1_5_1'], 'points': 'p1,p14,p24,p25,p4,p26,p18,p19,p20,p21,p22,p23,p27', 'start_time_stamp': '20260517090000', 'end_time_stamp': '20260517115959', 'minute_interval': 5}
2026-05-18 01:03:50,546 - root - INFO - Successfully upserted 252 data points.
2026-05-18 01:03:50,549 - root - INFO - Fetching minute data with payload: {'ps_key_list': ['1723575_1_3_1'], 'points': 'p1,p14,p24,p25,p4,p26,p18,p19,p20,p21,p22,p23,p27', 'start_time_stamp': '20260517060000', 'end_time_stamp': '20260517085959', 'minute_interval': 5}
2026-05-18 01:03:52,701 - root - INFO - Successfully upserted 252 data points.
2026-05-18 01:03:52,701 - root - INFO - Fetching minute data with payload: {'ps_key_list': ['1723575_1_3_1'], 'points': 'p1,p14,p24,p25,p4,p26,p18,p19,p20,p21,p22,p23,p27', 'start_time_stamp': '20260517120000', 'end_time_stamp': '20260517145959', 'minute_interval': 5}
2026-05-18 01:03:53,054 - root - INFO - Successfully upserted 252 data points.
2026-05-18 01:03:53,056 - root - INFO - Fetching minute data with payload: {'ps_key_list': ['1723575_1_3_1'], 'points': 'p1,p14,p24,p25,p4,p26,p18,p19,p20,p21,p22,p23,p27', 'start_time_stamp': '20260517210000', 'end_time_stamp': '20260517235959', 'minute_interval': 5}
2026-05-18 01:03:53,059 - root - INFO - Successfully upserted 252 data points.
2026-05-18 01:03:53,061 - root - INFO - Fetching minute data with payload: {'ps_key_list': ['1723575_1_3_1'], 'points': 'p1,p14,p24,p25,p4,p26,p18,p19,p20,p21,p22,p23,p27', 'start_time_stamp': '20260517180000', 'end_time_stamp': '20260517205959', 'minute_interval': 5}
2026-05-18 01:03:53,064 - root - INFO - Successfully upserted 252 data points.
2026-05-18 01:03:53,065 - root - INFO - Fetching minute data with payload: {'ps_key_list': ['1723575_1_3_1'], 'points': 'p1,p14,p24,p25,p4,p26,p18,p19,p20,p21,p22,p23,p27', 'start_time_stamp': '20260517030000', 'end_time_stamp': '20260517055959', 'minute_interval': 5}
2026-05-18 01:03:53,257 - root - INFO - Successfully upserted 252 data points.
2026-05-18 01:03:53,323 - root - INFO - Successfully upserted 252 data points.
2026-05-18 01:03:53,438 - root - INFO - Successfully upserted 36 data points.
2026-05-18 01:03:53,458 - root - INFO - Fetching minute data with payload: {'ps_key_list': ['1723575_1_3_1'], 'points': 'p1,p14,p24,p25,p4,p26,p18,p19,p20,p21,p22,p23,p27', 'start_time_stamp': '20260517150000', 'end_time_stamp': '20260517175959', 'minute_interval': 5}
2026-05-18 01:03:53,459 - root - INFO - Fetching minute data with payload: {'ps_key_list': ['1730375_1_3_1', '1730375_1_1_1'], 'points': 'p1,p14,p24,p25,p4,p26,p18,p19,p20,p21,p22,p23,p27', 'start_time_stamp': '20260517060000', 'end_time_stamp': '20260517085959', 'minute_interval': 5}
2026-05-18 01:03:53,463 - root - INFO - Fetching minute data with payload: {'ps_key_list': ['1723575_1_3_1'], 'points': 'p1,p14,p24,p25,p4,p26,p18,p19,p20,p21,p22,p23,p27', 'start_time_stamp': '20260517000000', 'end_time_stamp': '20260517025959', 'minute_interval': 5}
2026-05-18 01:03:53,587 - root - INFO - Successfully upserted 252 data points.
2026-05-18 01:03:53,811 - root - INFO - Fetching minute data with payload: {'ps_key_list': ['1723575_1_3_1'], 'points': 'p1,p14,p24,p25,p4,p26,p18,p19,p20,p21,p22,p23,p27', 'start_time_stamp': '20260517090000', 'end_time_stamp': '20260517115959', 'minute_interval': 5}
2026-05-18 01:03:55,473 - root - INFO - Successfully upserted 36 data points.
2026-05-18 01:03:55,474 - root - INFO - Fetching minute data with payload: {'ps_key_list': ['1730375_1_3_1', '1730375_1_1_1'], 'points': 'p1,p14,p24,p25,p4,p26,p18,p19,p20,p21,p22,p23,p27', 'start_time_stamp': '20260517120000', 'end_time_stamp': '20260517145959', 'minute_interval': 5}
2026-05-18 01:03:55,867 - root - INFO - Successfully upserted 25 data points.
2026-05-18 01:03:55,867 - root - INFO - Fetching minute data with payload: {'ps_key_list': ['1730375_1_3_1', '1730375_1_1_1'], 'points': 'p1,p14,p24,p25,p4,p26,p18,p19,p20,p21,p22,p23,p27', 'start_time_stamp': '20260517210000', 'end_time_stamp': '20260517235959', 'minute_interval': 5}
2026-05-18 01:03:55,869 - root - INFO - Successfully upserted 36 data points.
2026-05-18 01:03:55,870 - root - INFO - Fetching minute data with payload: {'ps_key_list': ['1730375_1_3_1', '1730375_1_1_1'], 'points': 'p1,p14,p24,p25,p4,p26,p18,p19,p20,p21,p22,p23,p27', 'start_time_stamp': '20260517180000', 'end_time_stamp': '20260517205959', 'minute_interval': 5}
2026-05-18 01:03:56,078 - root - INFO - Successfully upserted 36 data points.
2026-05-18 01:03:56,110 - root - INFO - Successfully upserted 72 data points.
2026-05-18 01:03:56,120 - root - INFO - Successfully upserted 36 data points.
2026-05-18 01:03:56,205 - root - INFO - Fetching minute data with payload: {'ps_key_list': ['1730375_1_3_1', '1730375_1_1_1'], 'points': 'p1,p14,p24,p25,p4,p26,p18,p19,p20,p21,p22,p23,p27', 'start_time_stamp': '20260517030000', 'end_time_stamp': '20260517055959', 'minute_interval': 5}
2026-05-18 01:03:56,209 - root - INFO - Fetching minute data with payload: {'ps_key_list': ['1730375_1_3_1', '1730375_1_1_1'], 'points': 'p1,p14,p24,p25,p4,p26,p18,p19,p20,p21,p22,p23,p27', 'start_time_stamp': '20260517150000', 'end_time_stamp': '20260517175959', 'minute_interval': 5}
2026-05-18 01:03:56,235 - root - INFO - Fetching minute data with payload: {'ps_key_list': ['1728142_1_1_1'], 'points': 'p1,p14,p24,p25,p4,p26,p18,p19,p20,p21,p22,p23,p27', 'start_time_stamp': '20260517060000', 'end_time_stamp': '20260517085959', 'minute_interval': 5}
2026-05-18 01:03:56,266 - root - INFO - Successfully upserted 36 data points.
2026-05-18 01:03:56,434 - root - INFO - Successfully upserted 36 data points.
2026-05-18 01:03:56,588 - root - INFO - Fetching minute data with payload: {'ps_key_list': ['1730375_1_3_1', '1730375_1_1_1'], 'points': 'p1,p14,p24,p25,p4,p26,p18,p19,p20,p21,p22,p23,p27', 'start_time_stamp': '20260517000000', 'end_time_stamp': '20260517025959', 'minute_interval': 5}
2026-05-18 01:03:56,593 - root - INFO - Fetching minute data with payload: {'ps_key_list': ['1730375_1_3_1', '1730375_1_1_1'], 'points': 'p1,p14,p24,p25,p4,p26,p18,p19,p20,p21,p22,p23,p27', 'start_time_stamp': '20260517090000', 'end_time_stamp': '20260517115959', 'minute_interval': 5}
2026-05-18 01:03:57,926 - root - INFO - Successfully upserted 72 data points.
2026-05-18 01:03:57,926 - root - INFO - Fetching minute data with payload: {'ps_key_list': ['1728142_1_1_1'], 'points': 'p1,p14,p24,p25,p4,p26,p18,p19,p20,p21,p22,p23,p27', 'start_time_stamp': '20260517120000', 'end_time_stamp': '20260517145959', 'minute_interval': 5}
2026-05-18 01:03:58,693 - root - INFO - Successfully upserted 61 data points.
2026-05-18 01:03:58,700 - root - INFO - Fetching minute data with payload: {'ps_key_list': ['1728142_1_1_1'], 'points': 'p1,p14,p24,p25,p4,p26,p18,p19,p20,p21,p22,p23,p27', 'start_time_stamp': '20260517210000', 'end_time_stamp': '20260517235959', 'minute_interval': 5}
2026-05-18 01:03:58,702 - root - INFO - Successfully upserted 72 data points.
2026-05-18 01:03:58,702 - root - INFO - Fetching minute data with payload: {'ps_key_list': ['1728142_1_1_1'], 'points': 'p1,p14,p24,p25,p4,p26,p18,p19,p20,p21,p22,p23,p27', 'start_time_stamp': '20260517180000', 'end_time_stamp': '20260517205959', 'minute_interval': 5}
2026-05-18 01:03:58,883 - root - INFO - Successfully upserted 72 data points.
2026-05-18 01:03:58,897 - root - INFO - Successfully upserted 36 data points.
2026-05-18 01:03:58,931 - root - INFO - Successfully upserted 72 data points.
2026-05-18 01:03:58,931 - root - INFO - Fetching minute data with payload: {'ps_key_list': ['1728142_1_1_1'], 'points': 'p1,p14,p24,p25,p4,p26,p18,p19,p20,p21,p22,p23,p27', 'start_time_stamp': '20260517030000', 'end_time_stamp': '20260517055959', 'minute_interval': 5}
2026-05-18 01:03:58,932 - root - INFO - Fetching minute data with payload: {'ps_key_list': ['1728142_1_1_1'], 'points': 'p1,p14,p24,p25,p4,p26,p18,p19,p20,p21,p22,p23,p27', 'start_time_stamp': '20260517150000', 'end_time_stamp': '20260517175959', 'minute_interval': 5}
2026-05-18 01:03:58,937 - root - INFO - Fetching minute data with payload: {'ps_key_list': ['1731512_1_2_1'], 'points': 'p1,p14,p24,p25,p4,p26,p18,p19,p20,p21,p22,p23,p27', 'start_time_stamp': '20260517060000', 'end_time_stamp': '20260517085959', 'minute_interval': 5}
2026-05-18 01:03:59,154 - root - INFO - Successfully upserted 72 data points.
2026-05-18 01:03:59,303 - root - INFO - Fetching minute data with payload: {'ps_key_list': ['1728142_1_1_1'], 'points': 'p1,p14,p24,p25,p4,p26,p18,p19,p20,p21,p22,p23,p27', 'start_time_stamp': '20260517090000', 'end_time_stamp': '20260517115959', 'minute_interval': 5}
2026-05-18 01:03:59,490 - root - INFO - Successfully upserted 72 data points.
2026-05-18 01:03:59,491 - root - INFO - Fetching minute data with payload: {'ps_key_list': ['1728142_1_1_1'], 'points': 'p1,p14,p24,p25,p4,p26,p18,p19,p20,p21,p22,p23,p27', 'start_time_stamp': '20260517000000', 'end_time_stamp': '20260517025959', 'minute_interval': 5}
2026-05-18 01:04:00,507 - root - INFO - Successfully upserted 36 data points.
2026-05-18 01:04:00,508 - root - INFO - Fetching minute data with payload: {'ps_key_list': ['1731512_1_2_1'], 'points': 'p1,p14,p24,p25,p4,p26,p18,p19,p20,p21,p22,p23,p27', 'start_time_stamp': '20260517120000', 'end_time_stamp': '20260517145959', 'minute_interval': 5}
2026-05-18 01:04:01,416 - root - INFO - Successfully upserted 36 data points.
2026-05-18 01:04:01,417 - root - INFO - Fetching minute data with payload: {'ps_key_list': ['1731512_1_2_1'], 'points': 'p1,p14,p24,p25,p4,p26,p18,p19,p20,p21,p22,p23,p27', 'start_time_stamp': '20260517210000', 'end_time_stamp': '20260517235959', 'minute_interval': 5}
2026-05-18 01:04:01,432 - root - INFO - Successfully upserted 36 data points.
2026-05-18 01:04:01,432 - root - INFO - Fetching minute data with payload: {'ps_key_list': ['1731512_1_2_1'], 'points': 'p1,p14,p24,p25,p4,p26,p18,p19,p20,p21,p22,p23,p27', 'start_time_stamp': '20260517180000', 'end_time_stamp': '20260517205959', 'minute_interval': 5}
2026-05-18 01:04:01,597 - root - INFO - Successfully upserted 36 data points.
2026-05-18 01:04:01,614 - root - INFO - Successfully upserted 36 data points.
2026-05-18 01:04:01,615 - root - INFO - Fetching minute data with payload: {'ps_key_list': ['1731512_1_2_1'], 'points': 'p1,p14,p24,p25,p4,p26,p18,p19,p20,p21,p22,p23,p27', 'start_time_stamp': '20260517150000', 'end_time_stamp': '20260517175959', 'minute_interval': 5}
2026-05-18 01:04:01,616 - root - INFO - Fetching minute data with payload: {'ps_key_list': ['1731512_1_2_1'], 'points': 'p1,p14,p24,p25,p4,p26,p18,p19,p20,p21,p22,p23,p27', 'start_time_stamp': '20260517030000', 'end_time_stamp': '20260517055959', 'minute_interval': 5}
2026-05-18 01:04:01,819 - root - INFO - Successfully upserted 36 data points.
2026-05-18 01:04:01,833 - root - INFO - Successfully upserted 36 data points.
2026-05-18 01:04:01,935 - root - INFO - Fetching minute data with payload: {'ps_key_list': ['1722752_1_1_1'], 'points': 'p1,p14,p24,p25,p4,p26,p18,p19,p20,p21,p22,p23,p27', 'start_time_stamp': '20260517060000', 'end_time_stamp': '20260517085959', 'minute_interval': 5}
2026-05-18 01:04:01,941 - root - INFO - Fetching minute data with payload: {'ps_key_list': ['1731512_1_2_1'], 'points': 'p1,p14,p24,p25,p4,p26,p18,p19,p20,p21,p22,p23,p27', 'start_time_stamp': '20260517090000', 'end_time_stamp': '20260517115959', 'minute_interval': 5}
2026-05-18 01:04:02,062 - root - INFO - Successfully upserted 36 data points.
2026-05-18 01:04:02,064 - root - INFO - Fetching minute data with payload: {'ps_key_list': ['1731512_1_2_1'], 'points': 'p1,p14,p24,p25,p4,p26,p18,p19,p20,p21,p22,p23,p27', 'start_time_stamp': '20260517000000', 'end_time_stamp': '20260517025959', 'minute_interval': 5}
2026-05-18 01:04:02,943 - root - INFO - Successfully upserted 36 data points.
2026-05-18 01:04:02,943 - root - INFO - Fetching minute data with payload: {'ps_key_list': ['1722752_1_1_1'], 'points': 'p1,p14,p24,p25,p4,p26,p18,p19,p20,p21,p22,p23,p27', 'start_time_stamp': '20260517120000', 'end_time_stamp': '20260517145959', 'minute_interval': 5}
2026-05-18 01:04:04,344 - root - INFO - Successfully upserted 36 data points.
2026-05-18 01:04:04,344 - root - INFO - Fetching minute data with payload: {'ps_key_list': ['1722752_1_1_1'], 'points': 'p1,p14,p24,p25,p4,p26,p18,p19,p20,p21,p22,p23,p27', 'start_time_stamp': '20260517180000', 'end_time_stamp': '20260517205959', 'minute_interval': 5}
2026-05-18 01:04:04,344 - root - INFO - Successfully upserted 36 data points.
2026-05-18 01:04:04,347 - root - INFO - Fetching minute data with payload: {'ps_key_list': ['1722752_1_1_1'], 'points': 'p1,p14,p24,p25,p4,p26,p18,p19,p20,p21,p22,p23,p27', 'start_time_stamp': '20260517210000', 'end_time_stamp': '20260517235959', 'minute_interval': 5}
2026-05-18 01:04:04,756 - root - INFO - Successfully upserted 36 data points.
2026-05-18 01:04:04,768 - root - INFO - Successfully upserted 36 data points.
2026-05-18 01:04:04,776 - root - INFO - Successfully upserted 36 data points.
2026-05-18 01:04:04,793 - root - INFO - Successfully upserted 36 data points.
2026-05-18 01:04:04,804 - root - INFO - Successfully upserted 36 data points.
2026-05-18 01:04:04,815 - root - INFO - Fetching minute data with payload: {'ps_key_list': ['1722752_1_1_1'], 'points': 'p1,p14,p24,p25,p4,p26,p18,p19,p20,p21,p22,p23,p27', 'start_time_stamp': '20260517150000', 'end_time_stamp': '20260517175959', 'minute_interval': 5}
2026-05-18 01:04:04,819 - root - INFO - Fetching minute data with payload: {'ps_key_list': ['1722752_1_1_1'], 'points': 'p1,p14,p24,p25,p4,p26,p18,p19,p20,p21,p22,p23,p27', 'start_time_stamp': '20260517090000', 'end_time_stamp': '20260517115959', 'minute_interval': 5}
2026-05-18 01:04:04,821 - root - INFO - Fetching minute data with payload: {'ps_key_list': ['1722752_1_1_1'], 'points': 'p1,p14,p24,p25,p4,p26,p18,p19,p20,p21,p22,p23,p27', 'start_time_stamp': '20260517030000', 'end_time_stamp': '20260517055959', 'minute_interval': 5}
2026-05-18 01:04:04,881 - root - INFO - Fetching minute data with payload: {'ps_key_list': ['1722752_1_1_1'], 'points': 'p1,p14,p24,p25,p4,p26,p18,p19,p20,p21,p22,p23,p27', 'start_time_stamp': '20260517000000', 'end_time_stamp': '20260517025959', 'minute_interval': 5}
2026-05-18 01:04:04,885 - root - INFO - Fetching minute data with payload: {'ps_key_list': ['1734912_1_1_1'], 'points': 'p1,p14,p24,p25,p4,p26,p18,p19,p20,p21,p22,p23,p27', 'start_time_stamp': '20260517060000', 'end_time_stamp': '20260517085959', 'minute_interval': 5}
2026-05-18 01:04:05,464 - root - INFO - Successfully upserted 36 data points.
2026-05-18 01:04:05,465 - root - INFO - Fetching minute data with payload: {'ps_key_list': ['1734912_1_1_1'], 'points': 'p1,p14,p24,p25,p4,p26,p18,p19,p20,p21,p22,p23,p27', 'start_time_stamp': '20260517120000', 'end_time_stamp': '20260517145959', 'minute_interval': 5}
2026-05-18 01:04:07,414 - root - INFO - Successfully upserted 36 data points.
2026-05-18 01:04:07,414 - root - INFO - Fetching minute data with payload: {'ps_key_list': ['1734912_1_1_1'], 'points': 'p1,p14,p24,p25,p4,p26,p18,p19,p20,p21,p22,p23,p27', 'start_time_stamp': '20260517180000', 'end_time_stamp': '20260517205959', 'minute_interval': 5}
2026-05-18 01:04:07,414 - root - INFO - Successfully upserted 36 data points.
2026-05-18 01:04:07,417 - root - INFO - Fetching minute data with payload: {'ps_key_list': ['1734912_1_1_1'], 'points': 'p1,p14,p24,p25,p4,p26,p18,p19,p20,p21,p22,p23,p27', 'start_time_stamp': '20260517210000', 'end_time_stamp': '20260517235959', 'minute_interval': 5}
2026-05-18 01:04:08,204 - root - INFO - Successfully upserted 36 data points.
2026-05-18 01:04:08,217 - root - INFO - Successfully upserted 36 data points.
2026-05-18 01:04:08,236 - root - INFO - Successfully upserted 36 data points.
2026-05-18 01:04:08,239 - root - INFO - Successfully upserted 36 data points.
2026-05-18 01:04:08,242 - root - INFO - Retrying API request after rate limit wait...
2026-05-18 01:04:08,254 - root - INFO - Successfully upserted 36 data points.
2026-05-18 01:04:08,256 - root - INFO - Successfully upserted 36 data points.
2026-05-18 01:04:08,258 - root - INFO - Fetching minute data with payload: {'ps_key_list': ['1734912_1_1_1'], 'points': 'p1,p14,p24,p25,p4,p26,p18,p19,p20,p21,p22,p23,p27', 'start_time_stamp': '20260517150000', 'end_time_stamp': '20260517175959', 'minute_interval': 5}
2026-05-18 01:04:08,259 - root - INFO - Fetching minute data with payload: {'ps_key_list': ['1734912_1_1_1'], 'points': 'p1,p14,p24,p25,p4,p26,p18,p19,p20,p21,p22,p23,p27', 'start_time_stamp': '20260517090000', 'end_time_stamp': '20260517115959', 'minute_interval': 5}
2026-05-18 01:04:08,265 - root - INFO - Fetching minute data with payload: {'ps_key_list': ['1628909_1_2_2', '1628909_1_1_2', '1628909_1_3_1', '1628909_1_2_1', '1628909_1_1_1', '1628909_1_4_1', '1628909_1_3_2'], 'points': 'p1,p14,p24,p25,p4,p26,p18,p19,p20,p21,p22,p23,p27', 'start_time_stamp': '20260517120000', 'end_time_stamp': '20260517145959', 'minute_interval': 5}
2026-05-18 01:04:08,269 - root - INFO - Fetching minute data with payload: {'ps_key_list': ['1628909_1_2_2', '1628909_1_1_2', '1628909_1_3_1', '1628909_1_2_1', '1628909_1_1_1', '1628909_1_4_1', '1628909_1_3_2'], 'points': 'p1,p14,p24,p25,p4,p26,p18,p19,p20,p21,p22,p23,p27', 'start_time_stamp': '20260517060000', 'end_time_stamp': '20260517085959', 'minute_interval': 5}
2026-05-18 01:04:08,270 - root - INFO - Fetching minute data with payload: {'ps_key_list': ['1734912_1_1_1'], 'points': 'p1,p14,p24,p25,p4,p26,p18,p19,p20,p21,p22,p23,p27', 'start_time_stamp': '20260517030000', 'end_time_stamp': '20260517055959', 'minute_interval': 5}
2026-05-18 01:04:08,875 - root - INFO - Making API request to: https://sg5.fusionsolar.huawei.com/rest/openapi/pvms/nbi/v1/device/history
2026-05-18 01:04:08,877 - root - INFO - Fetching minute data with payload: {'ps_key_list': ['1734912_1_1_1'], 'points': 'p1,p14,p24,p25,p4,p26,p18,p19,p20,p21,p22,p23,p27', 'start_time_stamp': '20260517000000', 'end_time_stamp': '20260517025959', 'minute_interval': 5}
2026-05-18 01:04:08,879 - root - INFO - Request payload: {'devDn': 'NE=61900432', 'devTypeId': 17, 'startTime': 1778950800000, 'endTime': 1779037199000}
2026-05-18 01:04:09,510 - root - INFO - Response status code: 200
2026-05-18 01:04:09,510 - root - INFO - API response from https://sg5.fusionsolar.huawei.com/rest/openapi/pvms/nbi/v1/device/history (truncated): {'failCode': 0, 'success': True, 'message': 'historical data information query successful.', 'data': []}
2026-05-18 01:04:09,519 - root - INFO - API Response type: <class 'dict'>
2026-05-18 01:04:09,519 - root - INFO - API Response keys: ['failCode', 'success', 'message', 'data']
2026-05-18 01:04:09,520 - root - INFO - API Response data is a list with 0 items
2026-05-18 01:04:09,520 - root - INFO - API Response has failCode: 0, message: historical data information query successful.
2026-05-18 01:04:09,520 - root - INFO - Using alternate response format: data as list
2026-05-18 01:04:09,521 - root - INFO - No data points returned for the query period
2026-05-18 01:04:09,521 - root - INFO - Using single devDn for device/history (API: one device per query)
2026-05-18 01:04:09,527 - root - INFO - Fetching historical data for 1 devices of type meter
2026-05-18 01:04:09,527 - root - INFO - Making API request to: https://sg5.fusionsolar.huawei.com/rest/openapi/pvms/nbi/v1/device/history
2026-05-18 01:04:09,528 - root - INFO - Request payload: {'devDn': 'NE=61913836', 'devTypeId': 17, 'startTime': 1778950800000, 'endTime': 1779037199000}
2026-05-18 01:04:09,896 - root - INFO - Response status code: 200
2026-05-18 01:04:09,896 - root - INFO - API response from https://sg5.fusionsolar.huawei.com/rest/openapi/pvms/nbi/v1/device/history (truncated): {'failCode': 407, 'success': False, 'message': 'Interface access frequency:0.39333333333333337/1second', 'data': []}
2026-05-18 01:04:09,897 - root - WARNING - API access frequency too high. Waiting 30 seconds before retry...
2026-05-18 01:04:10,883 - root - INFO - Successfully upserted 25 data points.
2026-05-18 01:04:10,884 - root - INFO - Fetching minute data with payload: {'ps_key_list': ['1628909_1_2_2', '1628909_1_1_2', '1628909_1_3_1', '1628909_1_2_1', '1628909_1_1_1', '1628909_1_4_1', '1628909_1_3_2'], 'points': 'p1,p14,p24,p25,p4,p26,p18,p19,p20,p21,p22,p23,p27', 'start_time_stamp': '20260517210000', 'end_time_stamp': '20260517235959', 'minute_interval': 5}
2026-05-18 01:04:10,892 - root - INFO - Successfully upserted 36 data points.
2026-05-18 01:04:10,892 - root - INFO - Fetching minute data with payload: {'ps_key_list': ['1628909_1_2_2', '1628909_1_1_2', '1628909_1_3_1', '1628909_1_2_1', '1628909_1_1_1', '1628909_1_4_1', '1628909_1_3_2'], 'points': 'p1,p14,p24,p25,p4,p26,p18,p19,p20,p21,p22,p23,p27', 'start_time_stamp': '20260517180000', 'end_time_stamp': '20260517205959', 'minute_interval': 5}
2026-05-18 01:04:11,298 - root - INFO - Successfully upserted 36 data points.
2026-05-18 01:04:11,300 - root - INFO - Successfully upserted 36 data points.
2026-05-18 01:04:11,300 - root - INFO - Fetching minute data with payload: {'ps_key_list': ['1628909_1_2_2', '1628909_1_1_2', '1628909_1_3_1', '1628909_1_2_1', '1628909_1_1_1', '1628909_1_4_1', '1628909_1_3_2'], 'points': 'p1,p14,p24,p25,p4,p26,p18,p19,p20,p21,p22,p23,p27', 'start_time_stamp': '20260517030000', 'end_time_stamp': '20260517055959', 'minute_interval': 5}
2026-05-18 01:04:11,302 - root - INFO - Successfully upserted 36 data points.
2026-05-18 01:04:11,303 - root - INFO - Fetching minute data with payload: {'ps_key_list': ['1628909_1_2_2', '1628909_1_1_2', '1628909_1_3_1', '1628909_1_2_1', '1628909_1_1_1', '1628909_1_4_1', '1628909_1_3_2'], 'points': 'p1,p14,p24,p25,p4,p26,p18,p19,p20,p21,p22,p23,p27', 'start_time_stamp': '20260517090000', 'end_time_stamp': '20260517115959', 'minute_interval': 5}
2026-05-18 01:04:11,305 - root - INFO - Fetching minute data with payload: {'ps_key_list': ['1628909_1_2_2', '1628909_1_1_2', '1628909_1_3_1', '1628909_1_2_1', '1628909_1_1_1', '1628909_1_4_1', '1628909_1_3_2'], 'points': 'p1,p14,p24,p25,p4,p26,p18,p19,p20,p21,p22,p23,p27', 'start_time_stamp': '20260517150000', 'end_time_stamp': '20260517175959', 'minute_interval': 5}
2026-05-18 01:04:11,578 - root - INFO - Successfully upserted 252 data points.
2026-05-18 01:04:11,600 - root - INFO - Successfully upserted 36 data points.
2026-05-18 01:04:11,682 - root - INFO - Successfully upserted 252 data points.
2026-05-18 01:04:11,751 - root - INFO - Fetching minute data with payload: {'ps_key_list': ['1453245_1_3_1', '1453245_1_4_1', '1453245_1_5_1', '1453245_1_6_1', '1453245_1_1_1', '1453245_1_2_1'], 'points': 'p1,p14,p24,p25,p4,p26,p18,p19,p20,p21,p22,p23,p27', 'start_time_stamp': '20260517120000', 'end_time_stamp': '20260517145959', 'minute_interval': 5}
2026-05-18 01:04:11,756 - root - INFO - Fetching minute data with payload: {'ps_key_list': ['1453245_1_3_1', '1453245_1_4_1', '1453245_1_5_1', '1453245_1_6_1', '1453245_1_1_1', '1453245_1_2_1'], 'points': 'p1,p14,p24,p25,p4,p26,p18,p19,p20,p21,p22,p23,p27', 'start_time_stamp': '20260517060000', 'end_time_stamp': '20260517085959', 'minute_interval': 5}
2026-05-18 01:04:11,758 - root - INFO - Fetching minute data with payload: {'ps_key_list': ['1628909_1_2_2', '1628909_1_1_2', '1628909_1_3_1', '1628909_1_2_1', '1628909_1_1_1', '1628909_1_4_1', '1628909_1_3_2'], 'points': 'p1,p14,p24,p25,p4,p26,p18,p19,p20,p21,p22,p23,p27', 'start_time_stamp': '20260517000000', 'end_time_stamp': '20260517025959', 'minute_interval': 5}
2026-05-18 01:04:13,903 - root - INFO - Successfully upserted 252 data points.
2026-05-18 01:04:13,903 - root - INFO - Fetching minute data with payload: {'ps_key_list': ['1453245_1_3_1', '1453245_1_4_1', '1453245_1_5_1', '1453245_1_6_1', '1453245_1_1_1', '1453245_1_2_1'], 'points': 'p1,p14,p24,p25,p4,p26,p18,p19,p20,p21,p22,p23,p27', 'start_time_stamp': '20260517210000', 'end_time_stamp': '20260517235959', 'minute_interval': 5}
2026-05-18 01:04:13,904 - root - INFO - Successfully upserted 252 data points.
2026-05-18 01:04:13,906 - root - INFO - Fetching minute data with payload: {'ps_key_list': ['1453245_1_3_1', '1453245_1_4_1', '1453245_1_5_1', '1453245_1_6_1', '1453245_1_1_1', '1453245_1_2_1'], 'points': 'p1,p14,p24,p25,p4,p26,p18,p19,p20,p21,p22,p23,p27', 'start_time_stamp': '20260517180000', 'end_time_stamp': '20260517205959', 'minute_interval': 5}
2026-05-18 01:04:14,880 - root - INFO - Successfully upserted 252 data points.
2026-05-18 01:04:15,177 - root - INFO - Successfully upserted 216 data points.
2026-05-18 01:04:15,188 - root - INFO - Fetching minute data with payload: {'ps_key_list': ['1453245_1_3_1', '1453245_1_4_1', '1453245_1_5_1', '1453245_1_6_1', '1453245_1_1_1', '1453245_1_2_1'], 'points': 'p1,p14,p24,p25,p4,p26,p18,p19,p20,p21,p22,p23,p27', 'start_time_stamp': '20260517030000', 'end_time_stamp': '20260517055959', 'minute_interval': 5}
2026-05-18 01:04:15,190 - root - INFO - Fetching minute data with payload: {'ps_key_list': ['1449886_1_2_1', '1449886_1_1_1', '1449886_1_3_1'], 'points': 'p1,p14,p24,p25,p4,p26,p18,p19,p20,p21,p22,p23,p27', 'start_time_stamp': '20260517120000', 'end_time_stamp': '20260517145959', 'minute_interval': 5}
2026-05-18 01:04:15,725 - root - INFO - Successfully upserted 216 data points.
2026-05-18 01:04:15,735 - root - INFO - Fetching minute data with payload: {'ps_key_list': ['1449886_1_2_1', '1449886_1_1_1', '1449886_1_3_1'], 'points': 'p1,p14,p24,p25,p4,p26,p18,p19,p20,p21,p22,p23,p27', 'start_time_stamp': '20260517060000', 'end_time_stamp': '20260517085959', 'minute_interval': 5}
2026-05-18 01:04:15,805 - root - INFO - Successfully upserted 252 data points.
2026-05-18 01:04:15,811 - root - INFO - Fetching minute data with payload: {'ps_key_list': ['1453245_1_3_1', '1453245_1_4_1', '1453245_1_5_1', '1453245_1_6_1', '1453245_1_1_1', '1453245_1_2_1'], 'points': 'p1,p14,p24,p25,p4,p26,p18,p19,p20,p21,p22,p23,p27', 'start_time_stamp': '20260517090000', 'end_time_stamp': '20260517115959', 'minute_interval': 5}
2026-05-18 01:04:15,838 - root - INFO - Successfully upserted 252 data points.
2026-05-18 01:04:15,842 - root - INFO - Fetching minute data with payload: {'ps_key_list': ['1453245_1_3_1', '1453245_1_4_1', '1453245_1_5_1', '1453245_1_6_1', '1453245_1_1_1', '1453245_1_2_1'], 'points': 'p1,p14,p24,p25,p4,p26,p18,p19,p20,p21,p22,p23,p27', 'start_time_stamp': '20260517150000', 'end_time_stamp': '20260517175959', 'minute_interval': 5}
2026-05-18 01:04:15,936 - root - INFO - Successfully upserted 252 data points.
2026-05-18 01:04:16,243 - root - INFO - Fetching minute data with payload: {'ps_key_list': ['1453245_1_3_1', '1453245_1_4_1', '1453245_1_5_1', '1453245_1_6_1', '1453245_1_1_1', '1453245_1_2_1'], 'points': 'p1,p14,p24,p25,p4,p26,p18,p19,p20,p21,p22,p23,p27', 'start_time_stamp': '20260517000000', 'end_time_stamp': '20260517025959', 'minute_interval': 5}
2026-05-18 01:04:16,678 - root - INFO - Successfully upserted 216 data points.
2026-05-18 01:04:16,683 - root - INFO - Fetching minute data with payload: {'ps_key_list': ['1449886_1_2_1', '1449886_1_1_1', '1449886_1_3_1'], 'points': 'p1,p14,p24,p25,p4,p26,p18,p19,p20,p21,p22,p23,p27', 'start_time_stamp': '20260517180000', 'end_time_stamp': '20260517205959', 'minute_interval': 5}
2026-05-18 01:04:16,717 - root - INFO - Successfully upserted 216 data points.
2026-05-18 01:04:16,717 - root - INFO - Fetching minute data with payload: {'ps_key_list': ['1449886_1_2_1', '1449886_1_1_1', '1449886_1_3_1'], 'points': 'p1,p14,p24,p25,p4,p26,p18,p19,p20,p21,p22,p23,p27', 'start_time_stamp': '20260517210000', 'end_time_stamp': '20260517235959', 'minute_interval': 5}
2026-05-18 01:04:18,692 - root - INFO - Successfully upserted 108 data points.
2026-05-18 01:04:18,694 - root - INFO - Fetching minute data with payload: {'ps_key_list': ['1445767_1_3_1', '1445767_1_2_1', '1445767_1_1_1'], 'points': 'p1,p14,p24,p25,p4,p26,p18,p19,p20,p21,p22,p23,p27', 'start_time_stamp': '20260517120000', 'end_time_stamp': '20260517145959', 'minute_interval': 5}
2026-05-18 01:04:18,726 - root - INFO - Successfully upserted 216 data points.
2026-05-18 01:04:18,728 - root - INFO - Fetching minute data with payload: {'ps_key_list': ['1449886_1_2_1', '1449886_1_1_1', '1449886_1_3_1'], 'points': 'p1,p14,p24,p25,p4,p26,p18,p19,p20,p21,p22,p23,p27', 'start_time_stamp': '20260517030000', 'end_time_stamp': '20260517055959', 'minute_interval': 5}
2026-05-18 01:04:18,748 - root - INFO - Successfully upserted 108 data points.
2026-05-18 01:04:18,748 - root - INFO - Fetching minute data with payload: {'ps_key_list': ['1445767_1_3_1', '1445767_1_2_1', '1445767_1_1_1'], 'points': 'p1,p14,p24,p25,p4,p26,p18,p19,p20,p21,p22,p23,p27', 'start_time_stamp': '20260517060000', 'end_time_stamp': '20260517085959', 'minute_interval': 5}
2026-05-18 01:04:19,182 - root - INFO - Successfully upserted 216 data points.
2026-05-18 01:04:19,182 - root - INFO - Fetching minute data with payload: {'ps_key_list': ['1449886_1_2_1', '1449886_1_1_1', '1449886_1_3_1'], 'points': 'p1,p14,p24,p25,p4,p26,p18,p19,p20,p21,p22,p23,p27', 'start_time_stamp': '20260517150000', 'end_time_stamp': '20260517175959', 'minute_interval': 5}
2026-05-18 01:04:19,183 - root - INFO - Successfully upserted 216 data points.
2026-05-18 01:04:19,183 - root - INFO - Successfully upserted 216 data points.
2026-05-18 01:04:19,184 - root - INFO - Fetching minute data with payload: {'ps_key_list': ['1449886_1_2_1', '1449886_1_1_1', '1449886_1_3_1'], 'points': 'p1,p14,p24,p25,p4,p26,p18,p19,p20,p21,p22,p23,p27', 'start_time_stamp': '20260517000000', 'end_time_stamp': '20260517025959', 'minute_interval': 5}
2026-05-18 01:04:19,185 - root - INFO - Fetching minute data with payload: {'ps_key_list': ['1449886_1_2_1', '1449886_1_1_1', '1449886_1_3_1'], 'points': 'p1,p14,p24,p25,p4,p26,p18,p19,p20,p21,p22,p23,p27', 'start_time_stamp': '20260517090000', 'end_time_stamp': '20260517115959', 'minute_interval': 5}
2026-05-18 01:04:19,429 - root - INFO - Successfully upserted 75 data points.
2026-05-18 01:04:19,465 - root - INFO - Successfully upserted 108 data points.
2026-05-18 01:04:19,662 - root - INFO - Fetching minute data with payload: {'ps_key_list': ['1445767_1_3_1', '1445767_1_2_1', '1445767_1_1_1'], 'points': 'p1,p14,p24,p25,p4,p26,p18,p19,p20,p21,p22,p23,p27', 'start_time_stamp': '20260517210000', 'end_time_stamp': '20260517235959', 'minute_interval': 5}
2026-05-18 01:04:19,771 - root - INFO - Fetching minute data with payload: {'ps_key_list': ['1445767_1_3_1', '1445767_1_2_1', '1445767_1_1_1'], 'points': 'p1,p14,p24,p25,p4,p26,p18,p19,p20,p21,p22,p23,p27', 'start_time_stamp': '20260517180000', 'end_time_stamp': '20260517205959', 'minute_interval': 5}
2026-05-18 01:04:21,821 - root - INFO - Successfully upserted 108 data points.
2026-05-18 01:04:21,821 - root - INFO - Fetching minute data with payload: {'ps_key_list': ['1789614_1_4_1', '1789614_1_3_1', '1789614_1_2_1', '1789614_1_1_1'], 'points': 'p1,p14,p24,p25,p4,p26,p18,p19,p20,p21,p22,p23,p27', 'start_time_stamp': '20260517060000', 'end_time_stamp': '20260517085959', 'minute_interval': 5}
2026-05-18 01:04:21,884 - root - INFO - Successfully upserted 108 data points.
2026-05-18 01:04:21,884 - root - INFO - Fetching minute data with payload: {'ps_key_list': ['1789614_1_4_1', '1789614_1_3_1', '1789614_1_2_1', '1789614_1_1_1'], 'points': 'p1,p14,p24,p25,p4,p26,p18,p19,p20,p21,p22,p23,p27', 'start_time_stamp': '20260517120000', 'end_time_stamp': '20260517145959', 'minute_interval': 5}
2026-05-18 01:04:22,106 - root - INFO - Successfully upserted 108 data points.
2026-05-18 01:04:22,114 - root - INFO - Fetching minute data with payload: {'ps_key_list': ['1445767_1_3_1', '1445767_1_2_1', '1445767_1_1_1'], 'points': 'p1,p14,p24,p25,p4,p26,p18,p19,p20,p21,p22,p23,p27', 'start_time_stamp': '20260517150000', 'end_time_stamp': '20260517175959', 'minute_interval': 5}
2026-05-18 01:04:22,127 - root - INFO - Successfully upserted 108 data points.
2026-05-18 01:04:22,127 - root - INFO - Fetching minute data with payload: {'ps_key_list': ['1445767_1_3_1', '1445767_1_2_1', '1445767_1_1_1'], 'points': 'p1,p14,p24,p25,p4,p26,p18,p19,p20,p21,p22,p23,p27', 'start_time_stamp': '20260517090000', 'end_time_stamp': '20260517115959', 'minute_interval': 5}
2026-05-18 01:04:22,200 - root - INFO - Successfully upserted 108 data points.
2026-05-18 01:04:22,362 - root - INFO - Fetching minute data with payload: {'ps_key_list': ['1445767_1_3_1', '1445767_1_2_1', '1445767_1_1_1'], 'points': 'p1,p14,p24,p25,p4,p26,p18,p19,p20,p21,p22,p23,p27', 'start_time_stamp': '20260517000000', 'end_time_stamp': '20260517025959', 'minute_interval': 5}
2026-05-18 01:04:22,571 - root - INFO - Successfully upserted 108 data points.
2026-05-18 01:04:22,583 - root - INFO - Fetching minute data with payload: {'ps_key_list': ['1789614_1_4_1', '1789614_1_3_1', '1789614_1_2_1', '1789614_1_1_1'], 'points': 'p1,p14,p24,p25,p4,p26,p18,p19,p20,p21,p22,p23,p27', 'start_time_stamp': '20260517180000', 'end_time_stamp': '20260517205959', 'minute_interval': 5}
2026-05-18 01:04:22,663 - root - INFO - Successfully upserted 108 data points.
2026-05-18 01:04:22,680 - root - INFO - Fetching minute data with payload: {'ps_key_list': ['1445767_1_3_1', '1445767_1_2_1', '1445767_1_1_1'], 'points': 'p1,p14,p24,p25,p4,p26,p18,p19,p20,p21,p22,p23,p27', 'start_time_stamp': '20260517030000', 'end_time_stamp': '20260517055959', 'minute_interval': 5}
2026-05-18 01:04:22,681 - root - INFO - Successfully upserted 108 data points.
2026-05-18 01:04:22,682 - root - INFO - Fetching minute data with payload: {'ps_key_list': ['1789614_1_4_1', '1789614_1_3_1', '1789614_1_2_1', '1789614_1_1_1'], 'points': 'p1,p14,p24,p25,p4,p26,p18,p19,p20,p21,p22,p23,p27', 'start_time_stamp': '20260517210000', 'end_time_stamp': '20260517235959', 'minute_interval': 5}
2026-05-18 01:04:25,051 - root - INFO - Successfully upserted 108 data points.
2026-05-18 01:04:25,051 - root - INFO - Fetching minute data with payload: {'ps_key_list': ['1789614_1_4_1', '1789614_1_3_1', '1789614_1_2_1', '1789614_1_1_1'], 'points': 'p1,p14,p24,p25,p4,p26,p18,p19,p20,p21,p22,p23,p27', 'start_time_stamp': '20260517090000', 'end_time_stamp': '20260517115959', 'minute_interval': 5}
2026-05-18 01:04:25,052 - root - INFO - Successfully upserted 108 data points.
2026-05-18 01:04:25,053 - root - INFO - Successfully upserted 144 data points.
2026-05-18 01:04:25,054 - root - INFO - Fetching minute data with payload: {'ps_key_list': ['1789614_1_4_1', '1789614_1_3_1', '1789614_1_2_1', '1789614_1_1_1'], 'points': 'p1,p14,p24,p25,p4,p26,p18,p19,p20,p21,p22,p23,p27', 'start_time_stamp': '20260517150000', 'end_time_stamp': '20260517175959', 'minute_interval': 5}
2026-05-18 01:04:25,056 - root - INFO - Completed 3-hour interval (custom mapping): 2026-05-17 12:00:00 to 2026-05-17 14:59:59 - 5076 points
2026-05-18 01:04:25,065 - root - INFO - Successfully upserted 144 data points.
2026-05-18 01:04:25,067 - root - INFO - Completed 3-hour interval (custom mapping): 2026-05-17 06:00:00 to 2026-05-17 08:59:59 - 5076 points
2026-05-18 01:04:25,180 - root - INFO - Successfully upserted 108 data points.
2026-05-18 01:04:25,181 - root - INFO - Fetching minute data with payload: {'ps_key_list': ['1789614_1_4_1', '1789614_1_3_1', '1789614_1_2_1', '1789614_1_1_1'], 'points': 'p1,p14,p24,p25,p4,p26,p18,p19,p20,p21,p22,p23,p27', 'start_time_stamp': '20260517000000', 'end_time_stamp': '20260517025959', 'minute_interval': 5}
2026-05-18 01:04:25,382 - root - INFO - Successfully upserted 144 data points.
2026-05-18 01:04:25,385 - root - INFO - Completed 3-hour interval (custom mapping): 2026-05-17 21:00:00 to 2026-05-17 23:59:59 - 4537 points
2026-05-18 01:04:25,426 - root - INFO - Successfully upserted 108 data points.
2026-05-18 01:04:25,434 - root - INFO - Fetching minute data with payload: {'ps_key_list': ['1789614_1_4_1', '1789614_1_3_1', '1789614_1_2_1', '1789614_1_1_1'], 'points': 'p1,p14,p24,p25,p4,p26,p18,p19,p20,p21,p22,p23,p27', 'start_time_stamp': '20260517030000', 'end_time_stamp': '20260517055959', 'minute_interval': 5}
2026-05-18 01:04:25,498 - root - INFO - Successfully upserted 144 data points.
2026-05-18 01:04:25,528 - root - INFO - Completed 3-hour interval (custom mapping): 2026-05-17 18:00:00 to 2026-05-17 20:59:59 - 5076 points
2026-05-18 01:04:28,037 - root - INFO - Successfully upserted 144 data points.
2026-05-18 01:04:28,040 - root - INFO - Completed 3-hour interval (custom mapping): 2026-05-17 00:00:00 to 2026-05-17 02:59:59 - 5076 points
2026-05-18 01:04:28,063 - root - INFO - Successfully upserted 144 data points.
2026-05-18 01:04:28,064 - root - INFO - Completed 3-hour interval (custom mapping): 2026-05-17 09:00:00 to 2026-05-17 11:59:59 - 5076 points
2026-05-18 01:04:28,064 - root - INFO - Successfully upserted 144 data points.
2026-05-18 01:04:28,065 - root - INFO - Completed 3-hour interval (custom mapping): 2026-05-17 15:00:00 to 2026-05-17 17:59:59 - 5076 points
2026-05-18 01:04:28,146 - root - INFO - Successfully upserted 144 data points.
2026-05-18 01:04:28,146 - root - INFO - Completed 3-hour interval (custom mapping): 2026-05-17 03:00:00 to 2026-05-17 05:59:59 - 5076 points
2026-05-18 01:04:28,148 - root - INFO - Ingested 40069 inverter summary data points
2026-05-18 01:04:28,148 - root - INFO - Historical data fetch complete. Total points ingested: 103505
2026-05-18 01:04:28,149 - isolarcloud.tasks - INFO - iSolarCloud ingestion completed successfully. Rows inserted: None, Execution time: 226.86 seconds
2026-05-18 01:04:28,150 - __main__ - INFO - iSolarCloud ingestion completed: {'status': 'success', 'rows_inserted': None, 'execution_time': 226.85578894615173, 'start_date': '2026-05-17', 'end_date': '2026-05-17'}
2026-05-18 01:04:40,118 - root - INFO - Retrying API request after rate limit wait...
2026-05-18 01:04:40,119 - root - INFO - Making API request to: https://sg5.fusionsolar.huawei.com/rest/openapi/pvms/nbi/v1/device/history
2026-05-18 01:04:40,120 - root - INFO - Request payload: {'devDn': 'NE=61913836', 'devTypeId': 17, 'startTime': 1778950800000, 'endTime': 1779037199000}
2026-05-18 01:04:41,672 - root - INFO - Response status code: 200
2026-05-18 01:04:41,683 - root - INFO - API response from https://sg5.fusionsolar.huawei.com/rest/openapi/pvms/nbi/v1/device/history (truncated): {'failCode': 0, 'success': True, 'message': 'historical data information query successful.', 'data': [{'devDn': 'NE=61913836', 'collectTime': 1778950800000, 'dataItems': {'active_cap': 5.56, 'power_factor': 0.0, 'a_i': 5.3, 'c_i': 5.2, 'b_i': 5.3, 'reverse_reactive_valley': None, 'positive_reactive_peak': None, 'reverse_reactive_peak': None, 'reverse_active_peak': None, 'positive_active_peak': None, 'a_u': 238.56, 'reactive_power': -3769.0, 'c_u': 237.56, 'total_apparent_power': 3.769, 'bc_u': 4...
2026-05-18 01:04:41,689 - root - INFO - API Response type: <class 'dict'>
2026-05-18 01:04:41,689 - root - INFO - API Response keys: ['failCode', 'success', 'message', 'data']
2026-05-18 01:04:41,690 - root - INFO - API Response data is a list with 288 items
2026-05-18 01:04:41,690 - root - INFO - API Response has failCode: 0, message: historical data information query successful.
2026-05-18 01:04:41,690 - root - INFO - Using alternate response format: data as list
2026-05-18 01:04:41,691 - root - INFO - Received 288 data points from API
2026-05-18 01:04:41,691 - root - INFO - Sample data point structure: ['devDn', 'collectTime', 'dataItems']
2026-05-18 01:04:41,803 - root - INFO - Successfully upserted 288 data points.
2026-05-18 01:04:44,959 - root - INFO - Using single devDn for device/history (API: one device per query)
2026-05-18 01:04:44,963 - root - INFO - Fetching historical data for 1 devices of type meter
2026-05-18 01:04:44,964 - root - INFO - Making API request to: https://sg5.fusionsolar.huawei.com/rest/openapi/pvms/nbi/v1/device/history
2026-05-18 01:04:44,964 - root - INFO - Request payload: {'devDn': 'NE=61913834', 'devTypeId': 17, 'startTime': 1778950800000, 'endTime': 1779037199000}
2026-05-18 01:04:45,403 - root - INFO - Response status code: 200
2026-05-18 01:04:45,404 - root - INFO - API response from https://sg5.fusionsolar.huawei.com/rest/openapi/pvms/nbi/v1/device/history (truncated): {'failCode': 0, 'success': True, 'message': 'historical data information query successful.', 'data': []}
2026-05-18 01:04:45,409 - root - INFO - API Response type: <class 'dict'>
2026-05-18 01:04:45,410 - root - INFO - API Response keys: ['failCode', 'success', 'message', 'data']
2026-05-18 01:04:45,410 - root - INFO - API Response data is a list with 0 items
2026-05-18 01:04:45,410 - root - INFO - API Response has failCode: 0, message: historical data information query successful.
2026-05-18 01:04:45,411 - root - INFO - Using alternate response format: data as list
2026-05-18 01:04:45,411 - root - INFO - No data points returned for the query period
2026-05-18 01:04:45,411 - root - INFO - Using single devDn for device/history (API: one device per query)
2026-05-18 01:04:45,417 - root - INFO - Fetching historical data for 1 devices of type meter
2026-05-18 01:04:45,418 - root - INFO - Making API request to: https://sg5.fusionsolar.huawei.com/rest/openapi/pvms/nbi/v1/device/history
2026-05-18 01:04:45,418 - root - INFO - Request payload: {'devDn': 'NE=61851550', 'devTypeId': 17, 'startTime': 1778950800000, 'endTime': 1779037199000}
2026-05-18 01:04:46,867 - root - INFO - Response status code: 200
2026-05-18 01:04:46,878 - root - INFO - API response from https://sg5.fusionsolar.huawei.com/rest/openapi/pvms/nbi/v1/device/history (truncated): {'failCode': 0, 'success': True, 'message': 'historical data information query successful.', 'data': [{'devDn': 'NE=61851550', 'collectTime': 1778950800000, 'dataItems': {'active_cap': 848.0, 'power_factor': 0.895, 'a_i': 0.1, 'c_i': 0.1, 'b_i': 0.1, 'reverse_reactive_valley': None, 'positive_reactive_peak': None, 'reverse_reactive_peak': None, 'reverse_active_peak': None, 'positive_active_peak': None, 'a_u': 0.0, 'reactive_power': 830.0, 'c_u': 0.0, 'total_apparent_power': 1.861, 'bc_u': 20783....
2026-05-18 01:04:46,882 - root - INFO - API Response type: <class 'dict'>
2026-05-18 01:04:46,882 - root - INFO - API Response keys: ['failCode', 'success', 'message', 'data']
2026-05-18 01:04:46,883 - root - INFO - API Response data is a list with 288 items
2026-05-18 01:04:46,883 - root - INFO - API Response has failCode: 0, message: historical data information query successful.
2026-05-18 01:04:46,883 - root - INFO - Using alternate response format: data as list
2026-05-18 01:04:46,884 - root - INFO - Received 288 data points from API
2026-05-18 01:04:46,884 - root - INFO - Sample data point structure: ['devDn', 'collectTime', 'dataItems']
2026-05-18 01:04:47,004 - root - INFO - Successfully upserted 288 data points.
2026-05-18 01:04:50,130 - root - INFO - Using single devDn for device/history (API: one device per query)
2026-05-18 01:04:50,134 - root - INFO - Fetching historical data for 1 devices of type meter
2026-05-18 01:04:50,135 - root - INFO - Making API request to: https://sg5.fusionsolar.huawei.com/rest/openapi/pvms/nbi/v1/device/history
2026-05-18 01:04:50,136 - root - INFO - Request payload: {'devDn': 'NE=61851551', 'devTypeId': 17, 'startTime': 1778950800000, 'endTime': 1779037199000}
2026-05-18 01:04:51,519 - root - INFO - Response status code: 200
2026-05-18 01:04:51,529 - root - INFO - API response from https://sg5.fusionsolar.huawei.com/rest/openapi/pvms/nbi/v1/device/history (truncated): {'failCode': 0, 'success': True, 'message': 'historical data information query successful.', 'data': [{'devDn': 'NE=61851551', 'collectTime': 1778950800000, 'dataItems': {'active_cap': 208871.06, 'power_factor': -0.796, 'a_i': 0.1, 'c_i': 0.1, 'b_i': 0.1, 'reverse_reactive_valley': None, 'positive_reactive_peak': None, 'reverse_reactive_peak': None, 'reverse_active_peak': None, 'positive_active_peak': None, 'a_u': 11949.13, 'reactive_power': -1265.0, 'c_u': 11957.29, 'total_apparent_power': 2.09...
2026-05-18 01:04:51,534 - root - INFO - API Response type: <class 'dict'>
2026-05-18 01:04:51,534 - root - INFO - API Response keys: ['failCode', 'success', 'message', 'data']
2026-05-18 01:04:51,534 - root - INFO - API Response data is a list with 288 items
2026-05-18 01:04:51,535 - root - INFO - API Response has failCode: 0, message: historical data information query successful.
2026-05-18 01:04:51,535 - root - INFO - Using alternate response format: data as list
2026-05-18 01:04:51,535 - root - INFO - Received 288 data points from API
2026-05-18 01:04:51,536 - root - INFO - Sample data point structure: ['devDn', 'collectTime', 'dataItems']
2026-05-18 01:04:51,641 - root - INFO - Successfully upserted 288 data points.
2026-05-18 01:04:54,841 - root - INFO - Using single devDn for device/history (API: one device per query)
2026-05-18 01:04:54,845 - root - INFO - Fetching historical data for 1 devices of type meter
2026-05-18 01:04:54,846 - root - INFO - Making API request to: https://sg5.fusionsolar.huawei.com/rest/openapi/pvms/nbi/v1/device/history
2026-05-18 01:04:54,846 - root - INFO - Request payload: {'devDn': 'NE=52031812', 'devTypeId': 17, 'startTime': 1778950800000, 'endTime': 1779037199000}
2026-05-18 01:04:56,235 - root - INFO - Response status code: 200
2026-05-18 01:04:56,245 - root - INFO - API response from https://sg5.fusionsolar.huawei.com/rest/openapi/pvms/nbi/v1/device/history (truncated): {'failCode': 0, 'success': True, 'message': 'historical data information query successful.', 'data': [{'devDn': 'NE=52031812', 'collectTime': 1778950800000, 'dataItems': {'active_cap': 45307.85, 'power_factor': 0.316, 'a_i': 0.5, 'c_i': 0.3, 'b_i': 0.4, 'reverse_reactive_valley': None, 'positive_reactive_peak': None, 'reverse_reactive_peak': None, 'reverse_active_peak': None, 'positive_active_peak': None, 'a_u': 0.0, 'reactive_power': 13350.0, 'c_u': 0.0, 'total_apparent_power': 14.074, 'bc_u': ...
2026-05-18 01:04:56,249 - root - INFO - API Response type: <class 'dict'>
2026-05-18 01:04:56,249 - root - INFO - API Response keys: ['failCode', 'success', 'message', 'data']
2026-05-18 01:04:56,249 - root - INFO - API Response data is a list with 288 items
2026-05-18 01:04:56,250 - root - INFO - API Response has failCode: 0, message: historical data information query successful.
2026-05-18 01:04:56,250 - root - INFO - Using alternate response format: data as list
2026-05-18 01:04:56,251 - root - INFO - Received 288 data points from API
2026-05-18 01:04:56,251 - root - INFO - Sample data point structure: ['devDn', 'collectTime', 'dataItems']
2026-05-18 01:04:56,357 - root - INFO - Successfully upserted 288 data points.
2026-05-18 01:05:00,296 - root - INFO - Using single devDn for device/history (API: one device per query)
2026-05-18 01:05:00,300 - root - INFO - Fetching historical data for 1 devices of type meter
2026-05-18 01:05:00,300 - root - INFO - Making API request to: https://sg5.fusionsolar.huawei.com/rest/openapi/pvms/nbi/v1/device/history
2026-05-18 01:05:00,301 - root - INFO - Request payload: {'devDn': 'NE=55409420', 'devTypeId': 17, 'startTime': 1778950800000, 'endTime': 1779037199000}
2026-05-18 01:05:01,694 - root - INFO - Response status code: 200
2026-05-18 01:05:01,704 - root - INFO - API response from https://sg5.fusionsolar.huawei.com/rest/openapi/pvms/nbi/v1/device/history (truncated): {'failCode': 0, 'success': True, 'message': 'historical data information query successful.', 'data': [{'devDn': 'NE=55409420', 'collectTime': 1778950800000, 'dataItems': {'active_cap': 2711468.94, 'power_factor': -0.896, 'a_i': 243.3, 'c_i': 236.9, 'b_i': 251.0, 'reverse_reactive_valley': None, 'positive_reactive_peak': None, 'reverse_reactive_peak': None, 'reverse_active_peak': None, 'positive_active_peak': None, 'a_u': 0.0, 'reactive_power': -3738781.0, 'c_u': 0.0, 'total_apparent_power': 8442...
2026-05-18 01:05:01,708 - root - INFO - API Response type: <class 'dict'>
2026-05-18 01:05:01,709 - root - INFO - API Response keys: ['failCode', 'success', 'message', 'data']
2026-05-18 01:05:01,709 - root - INFO - API Response data is a list with 288 items
2026-05-18 01:05:01,709 - root - INFO - API Response has failCode: 0, message: historical data information query successful.
2026-05-18 01:05:01,710 - root - INFO - Using alternate response format: data as list
2026-05-18 01:05:01,710 - root - INFO - Received 288 data points from API
2026-05-18 01:05:01,710 - root - INFO - Sample data point structure: ['devDn', 'collectTime', 'dataItems']
2026-05-18 01:05:01,817 - root - INFO - Successfully upserted 288 data points.
2026-05-18 01:05:05,067 - root - INFO - Using single devDn for device/history (API: one device per query)
2026-05-18 01:05:05,071 - root - INFO - Fetching historical data for 1 devices of type meter
2026-05-18 01:05:05,071 - root - INFO - Making API request to: https://sg5.fusionsolar.huawei.com/rest/openapi/pvms/nbi/v1/device/history
2026-05-18 01:05:05,072 - root - INFO - Request payload: {'devDn': 'NE=52031814', 'devTypeId': 17, 'startTime': 1778950800000, 'endTime': 1779037199000}
2026-05-18 01:05:06,461 - root - INFO - Response status code: 200
2026-05-18 01:05:06,471 - root - INFO - API response from https://sg5.fusionsolar.huawei.com/rest/openapi/pvms/nbi/v1/device/history (truncated): {'failCode': 0, 'success': True, 'message': 'historical data information query successful.', 'data': [{'devDn': 'NE=52031814', 'collectTime': 1778950800000, 'dataItems': {'active_cap': 0.0, 'power_factor': 0.947, 'a_i': 0.2, 'c_i': 0.3, 'b_i': 0.0, 'reverse_reactive_valley': None, 'positive_reactive_peak': None, 'reverse_reactive_peak': None, 'reverse_active_peak': None, 'positive_active_peak': None, 'a_u': 220.49, 'reactive_power': 35.0, 'c_u': 222.85, 'total_apparent_power': 0.11, 'bc_u': 386....
2026-05-18 01:05:06,475 - root - INFO - API Response type: <class 'dict'>
2026-05-18 01:05:06,475 - root - INFO - API Response keys: ['failCode', 'success', 'message', 'data']
2026-05-18 01:05:06,476 - root - INFO - API Response data is a list with 288 items
2026-05-18 01:05:06,476 - root - INFO - API Response has failCode: 0, message: historical data information query successful.
2026-05-18 01:05:06,476 - root - INFO - Using alternate response format: data as list
2026-05-18 01:05:06,477 - root - INFO - Received 288 data points from API
2026-05-18 01:05:06,477 - root - INFO - Sample data point structure: ['devDn', 'collectTime', 'dataItems']
2026-05-18 01:05:06,585 - root - INFO - Successfully upserted 288 data points.
2026-05-18 01:05:10,278 - root - INFO - Using single devDn for device/history (API: one device per query)
2026-05-18 01:05:10,282 - root - INFO - Fetching historical data for 1 devices of type meter
2026-05-18 01:05:10,283 - root - INFO - Making API request to: https://sg5.fusionsolar.huawei.com/rest/openapi/pvms/nbi/v1/device/history
2026-05-18 01:05:10,283 - root - INFO - Request payload: {'devDn': 'NE=52031813', 'devTypeId': 17, 'startTime': 1778950800000, 'endTime': 1779037199000}
2026-05-18 01:05:10,747 - root - INFO - Response status code: 200
2026-05-18 01:05:10,747 - root - INFO - API response from https://sg5.fusionsolar.huawei.com/rest/openapi/pvms/nbi/v1/device/history (truncated): {'failCode': 0, 'success': True, 'message': 'historical data information query successful.', 'data': []}
2026-05-18 01:05:10,753 - root - INFO - API Response type: <class 'dict'>
2026-05-18 01:05:10,753 - root - INFO - API Response keys: ['failCode', 'success', 'message', 'data']
2026-05-18 01:05:10,754 - root - INFO - API Response data is a list with 0 items
2026-05-18 01:05:10,754 - root - INFO - API Response has failCode: 0, message: historical data information query successful.
2026-05-18 01:05:10,754 - root - INFO - Using alternate response format: data as list
2026-05-18 01:05:10,755 - root - INFO - No data points returned for the query period
2026-05-18 01:05:10,755 - root - INFO - Using single devDn for device/history (API: one device per query)
2026-05-18 01:05:10,761 - root - INFO - Fetching historical data for 1 devices of type meter
2026-05-18 01:05:10,762 - root - INFO - Making API request to: https://sg5.fusionsolar.huawei.com/rest/openapi/pvms/nbi/v1/device/history
2026-05-18 01:05:10,762 - root - INFO - Request payload: {'devDn': 'NE=52470109', 'devTypeId': 17, 'startTime': 1778950800000, 'endTime': 1779037199000}
2026-05-18 01:05:11,070 - root - INFO - Response status code: 200
2026-05-18 01:05:11,070 - root - INFO - API response from https://sg5.fusionsolar.huawei.com/rest/openapi/pvms/nbi/v1/device/history (truncated): {'failCode': 407, 'success': False, 'message': 'Interface access frequency:0.39333333333333337/1second', 'data': []}
2026-05-18 01:05:11,072 - root - WARNING - API access frequency too high. Waiting 30 seconds before retry...
2026-05-18 01:05:41,073 - root - INFO - Retrying API request after rate limit wait...
2026-05-18 01:05:41,074 - root - INFO - Making API request to: https://sg5.fusionsolar.huawei.com/rest/openapi/pvms/nbi/v1/device/history
2026-05-18 01:05:41,075 - root - INFO - Request payload: {'devDn': 'NE=52470109', 'devTypeId': 17, 'startTime': 1778950800000, 'endTime': 1779037199000}
2026-05-18 01:05:41,610 - root - INFO - Response status code: 200
2026-05-18 01:05:41,750 - root - INFO - API response from https://sg5.fusionsolar.huawei.com/rest/openapi/pvms/nbi/v1/device/history (truncated): {'failCode': 0, 'success': True, 'message': 'historical data information query successful.', 'data': []}
2026-05-18 01:05:41,781 - root - INFO - API Response type: <class 'dict'>
2026-05-18 01:05:41,781 - root - INFO - API Response keys: ['failCode', 'success', 'message', 'data']
2026-05-18 01:05:41,781 - root - INFO - API Response data is a list with 0 items
2026-05-18 01:05:41,782 - root - INFO - API Response has failCode: 0, message: historical data information query successful.
2026-05-18 01:05:41,782 - root - INFO - Using alternate response format: data as list
2026-05-18 01:05:41,782 - root - INFO - No data points returned for the query period
2026-05-18 01:05:41,782 - root - INFO - Using single devDn for device/history (API: one device per query)
2026-05-18 01:05:41,783 - root - INFO - Fetching historical data for 1 devices of type meter
2026-05-18 01:05:41,783 - root - INFO - Making API request to: https://sg5.fusionsolar.huawei.com/rest/openapi/pvms/nbi/v1/device/history
2026-05-18 01:05:41,783 - root - INFO - Request payload: {'devDn': 'NE=55409294', 'devTypeId': 17, 'startTime': 1778950800000, 'endTime': 1779037199000}
2026-05-18 01:05:42,219 - root - INFO - Response status code: 200
2026-05-18 01:05:42,221 - root - INFO - API response from https://sg5.fusionsolar.huawei.com/rest/openapi/pvms/nbi/v1/device/history (truncated): {'failCode': 407, 'success': False, 'message': 'Interface access frequency:0.39333333333333337/1second', 'data': []}
2026-05-18 01:05:42,223 - root - WARNING - API access frequency too high. Waiting 30 seconds before retry...
2026-05-18 01:06:12,223 - root - INFO - Retrying API request after rate limit wait...
2026-05-18 01:06:12,224 - root - INFO - Making API request to: https://sg5.fusionsolar.huawei.com/rest/openapi/pvms/nbi/v1/device/history
2026-05-18 01:06:12,225 - root - INFO - Request payload: {'devDn': 'NE=55409294', 'devTypeId': 17, 'startTime': 1778950800000, 'endTime': 1779037199000}
2026-05-18 01:06:12,712 - root - INFO - Response status code: 200
2026-05-18 01:06:12,712 - root - INFO - API response from https://sg5.fusionsolar.huawei.com/rest/openapi/pvms/nbi/v1/device/history (truncated): {'failCode': 0, 'success': True, 'message': 'historical data information query successful.', 'data': []}
2026-05-18 01:06:12,716 - root - INFO - API Response type: <class 'dict'>
2026-05-18 01:06:12,716 - root - INFO - API Response keys: ['failCode', 'success', 'message', 'data']
2026-05-18 01:06:12,717 - root - INFO - API Response data is a list with 0 items
2026-05-18 01:06:12,717 - root - INFO - API Response has failCode: 0, message: historical data information query successful.
2026-05-18 01:06:12,717 - root - INFO - Using alternate response format: data as list
2026-05-18 01:06:12,717 - root - INFO - No data points returned for the query period
2026-05-18 01:06:12,717 - root - INFO - Using single devDn for device/history (API: one device per query)
2026-05-18 01:06:12,718 - root - INFO - Fetching historical data for 1 devices of type meter
2026-05-18 01:06:12,718 - root - INFO - Making API request to: https://sg5.fusionsolar.huawei.com/rest/openapi/pvms/nbi/v1/device/history
2026-05-18 01:06:12,718 - root - INFO - Request payload: {'devDn': 'NE=52031811', 'devTypeId': 17, 'startTime': 1778950800000, 'endTime': 1779037199000}
2026-05-18 01:06:13,053 - root - INFO - Response status code: 200
2026-05-18 01:06:13,054 - root - INFO - API response from https://sg5.fusionsolar.huawei.com/rest/openapi/pvms/nbi/v1/device/history (truncated): {'failCode': 407, 'success': False, 'message': 'Interface access frequency:0.39333333333333337/1second', 'data': []}
2026-05-18 01:06:13,054 - root - WARNING - API access frequency too high. Waiting 30 seconds before retry...
2026-05-18 01:06:43,054 - root - INFO - Retrying API request after rate limit wait...
2026-05-18 01:06:43,055 - root - INFO - Making API request to: https://sg5.fusionsolar.huawei.com/rest/openapi/pvms/nbi/v1/device/history
2026-05-18 01:06:43,056 - root - INFO - Request payload: {'devDn': 'NE=52031811', 'devTypeId': 17, 'startTime': 1778950800000, 'endTime': 1779037199000}
2026-05-18 01:06:44,462 - root - INFO - Response status code: 200
2026-05-18 01:06:44,471 - root - INFO - API response from https://sg5.fusionsolar.huawei.com/rest/openapi/pvms/nbi/v1/device/history (truncated): {'failCode': 0, 'success': True, 'message': 'historical data information query successful.', 'data': [{'devDn': 'NE=52031811', 'collectTime': 1778950800000, 'dataItems': {'active_cap': 920.04, 'power_factor': 0.0, 'a_i': 0.0, 'c_i': 0.0, 'b_i': 0.0, 'reverse_reactive_valley': None, 'positive_reactive_peak': None, 'reverse_reactive_peak': None, 'reverse_active_peak': None, 'positive_active_peak': None, 'a_u': 0.0, 'reactive_power': 0.0, 'c_u': 0.0, 'total_apparent_power': 0.0, 'bc_u': 770.41, 'b_...
2026-05-18 01:06:44,474 - root - INFO - API Response type: <class 'dict'>
2026-05-18 01:06:44,474 - root - INFO - API Response keys: ['failCode', 'success', 'message', 'data']
2026-05-18 01:06:44,474 - root - INFO - API Response data is a list with 288 items
2026-05-18 01:06:44,474 - root - INFO - API Response has failCode: 0, message: historical data information query successful.
2026-05-18 01:06:44,474 - root - INFO - Using alternate response format: data as list
2026-05-18 01:06:44,474 - root - INFO - Received 288 data points from API
2026-05-18 01:06:44,474 - root - INFO - Sample data point structure: ['devDn', 'collectTime', 'dataItems']
2026-05-18 01:06:44,569 - root - INFO - Successfully upserted 288 data points.
2026-05-18 01:06:48,966 - root - INFO - Using single devDn for device/history (API: one device per query)
2026-05-18 01:06:48,968 - root - INFO - Fetching historical data for 1 devices of type meter
2026-05-18 01:06:48,968 - root - INFO - Making API request to: https://sg5.fusionsolar.huawei.com/rest/openapi/pvms/nbi/v1/device/history
2026-05-18 01:06:48,968 - root - INFO - Request payload: {'devDn': 'NE=52031810', 'devTypeId': 17, 'startTime': 1778950800000, 'endTime': 1779037199000}
2026-05-18 01:06:50,379 - root - INFO - Response status code: 200
2026-05-18 01:06:50,389 - root - INFO - API response from https://sg5.fusionsolar.huawei.com/rest/openapi/pvms/nbi/v1/device/history (truncated): {'failCode': 0, 'success': True, 'message': 'historical data information query successful.', 'data': [{'devDn': 'NE=52031810', 'collectTime': 1778950800000, 'dataItems': {'active_cap': 10218524.12, 'power_factor': -0.417, 'a_i': 0.5, 'c_i': 0.4, 'b_i': 0.4, 'reverse_reactive_valley': None, 'positive_reactive_peak': None, 'reverse_reactive_peak': None, 'reverse_active_peak': None, 'positive_active_peak': None, 'a_u': 11517.77, 'reactive_power': -10375.0, 'c_u': 11449.15, 'total_apparent_power': 1...
2026-05-18 01:06:50,391 - root - INFO - API Response type: <class 'dict'>
2026-05-18 01:06:50,391 - root - INFO - API Response keys: ['failCode', 'success', 'message', 'data']
2026-05-18 01:06:50,391 - root - INFO - API Response data is a list with 288 items
2026-05-18 01:06:50,391 - root - INFO - API Response has failCode: 0, message: historical data information query successful.
2026-05-18 01:06:50,392 - root - INFO - Using alternate response format: data as list
2026-05-18 01:06:50,392 - root - INFO - Received 288 data points from API
2026-05-18 01:06:50,392 - root - INFO - Sample data point structure: ['devDn', 'collectTime', 'dataItems']
2026-05-18 01:06:50,485 - root - INFO - Successfully upserted 288 data points.
2026-05-18 01:06:54,263 - root - INFO - Using single devDn for device/history (API: one device per query)
2026-05-18 01:06:54,265 - root - INFO - Fetching historical data for 1 devices of type meter
2026-05-18 01:06:54,265 - root - INFO - Making API request to: https://sg5.fusionsolar.huawei.com/rest/openapi/pvms/nbi/v1/device/history
2026-05-18 01:06:54,265 - root - INFO - Request payload: {'devDn': 'NE=51758775', 'devTypeId': 17, 'startTime': 1778950800000, 'endTime': 1779037199000}
2026-05-18 01:06:55,661 - root - INFO - Response status code: 200
2026-05-18 01:06:55,671 - root - INFO - API response from https://sg5.fusionsolar.huawei.com/rest/openapi/pvms/nbi/v1/device/history (truncated): {'failCode': 0, 'success': True, 'message': 'historical data information query successful.', 'data': [{'devDn': 'NE=51758775', 'collectTime': 1778950800000, 'dataItems': {'active_cap': 263.17, 'power_factor': 0.0, 'a_i': 0.0, 'c_i': 0.0, 'b_i': 0.0, 'reverse_reactive_valley': None, 'positive_reactive_peak': None, 'reverse_reactive_peak': None, 'reverse_active_peak': None, 'positive_active_peak': None, 'a_u': 0.0, 'reactive_power': 0.0, 'c_u': 0.0, 'total_apparent_power': 0.0, 'bc_u': 792.56, 'b_...
2026-05-18 01:06:55,674 - root - INFO - API Response type: <class 'dict'>
2026-05-18 01:06:55,674 - root - INFO - API Response keys: ['failCode', 'success', 'message', 'data']
2026-05-18 01:06:55,674 - root - INFO - API Response data is a list with 288 items
2026-05-18 01:06:55,674 - root - INFO - API Response has failCode: 0, message: historical data information query successful.
2026-05-18 01:06:55,674 - root - INFO - Using alternate response format: data as list
2026-05-18 01:06:55,674 - root - INFO - Received 288 data points from API
2026-05-18 01:06:55,675 - root - INFO - Sample data point structure: ['devDn', 'collectTime', 'dataItems']
2026-05-18 01:06:55,769 - root - INFO - Successfully upserted 288 data points.
2026-05-18 01:06:59,728 - root - INFO - Using single devDn for device/history (API: one device per query)
2026-05-18 01:06:59,729 - root - INFO - Fetching historical data for 1 devices of type meter
2026-05-18 01:06:59,729 - root - INFO - Making API request to: https://sg5.fusionsolar.huawei.com/rest/openapi/pvms/nbi/v1/device/history
2026-05-18 01:06:59,729 - root - INFO - Request payload: {'devDn': 'NE=51758776', 'devTypeId': 17, 'startTime': 1778950800000, 'endTime': 1779037199000}
2026-05-18 01:07:01,144 - root - INFO - Response status code: 200
2026-05-18 01:07:01,154 - root - INFO - API response from https://sg5.fusionsolar.huawei.com/rest/openapi/pvms/nbi/v1/device/history (truncated): {'failCode': 0, 'success': True, 'message': 'historical data information query successful.', 'data': [{'devDn': 'NE=51758776', 'collectTime': 1778950800000, 'dataItems': {'active_cap': 0.0, 'power_factor': -0.987, 'a_i': 3.2, 'c_i': 0.7, 'b_i': 0.2, 'reverse_reactive_valley': None, 'positive_reactive_peak': None, 'reverse_reactive_peak': None, 'reverse_active_peak': None, 'positive_active_peak': None, 'a_u': 225.19, 'reactive_power': -135.0, 'c_u': 225.59, 'total_apparent_power': 0.861, 'bc_u': ...
2026-05-18 01:07:01,156 - root - INFO - API Response type: <class 'dict'>
2026-05-18 01:07:01,156 - root - INFO - API Response keys: ['failCode', 'success', 'message', 'data']
2026-05-18 01:07:01,156 - root - INFO - API Response data is a list with 288 items
2026-05-18 01:07:01,156 - root - INFO - API Response has failCode: 0, message: historical data information query successful.
2026-05-18 01:07:01,157 - root - INFO - Using alternate response format: data as list
2026-05-18 01:07:01,157 - root - INFO - Received 288 data points from API
2026-05-18 01:07:01,157 - root - INFO - Sample data point structure: ['devDn', 'collectTime', 'dataItems']
2026-05-18 01:07:01,253 - root - INFO - Successfully upserted 288 data points.
2026-05-18 01:07:04,858 - root - INFO - Using single devDn for device/history (API: one device per query)
2026-05-18 01:07:04,860 - root - INFO - Fetching historical data for 1 devices of type meter
2026-05-18 01:07:04,860 - root - INFO - Making API request to: https://sg5.fusionsolar.huawei.com/rest/openapi/pvms/nbi/v1/device/history
2026-05-18 01:07:04,860 - root - INFO - Request payload: {'devDn': 'NE=51758773', 'devTypeId': 17, 'startTime': 1778950800000, 'endTime': 1779037199000}
2026-05-18 01:07:06,286 - root - INFO - Response status code: 200
2026-05-18 01:07:06,297 - root - INFO - API response from https://sg5.fusionsolar.huawei.com/rest/openapi/pvms/nbi/v1/device/history (truncated): {'failCode': 0, 'success': True, 'message': 'historical data information query successful.', 'data': [{'devDn': 'NE=51758773', 'collectTime': 1778950800000, 'dataItems': {'active_cap': 17662.33, 'power_factor': 0.456, 'a_i': 0.1, 'c_i': 0.2, 'b_i': 0.1, 'reverse_reactive_valley': None, 'positive_reactive_peak': None, 'reverse_reactive_peak': None, 'reverse_active_peak': None, 'positive_active_peak': None, 'a_u': 11520.36, 'reactive_power': 3513.0, 'c_u': 11475.16, 'total_apparent_power': 3.948, ...
2026-05-18 01:07:06,298 - root - INFO - API Response type: <class 'dict'>
2026-05-18 01:07:06,299 - root - INFO - API Response keys: ['failCode', 'success', 'message', 'data']
2026-05-18 01:07:06,299 - root - INFO - API Response data is a list with 288 items
2026-05-18 01:07:06,299 - root - INFO - API Response has failCode: 0, message: historical data information query successful.
2026-05-18 01:07:06,299 - root - INFO - Using alternate response format: data as list
2026-05-18 01:07:06,299 - root - INFO - Received 288 data points from API
2026-05-18 01:07:06,299 - root - INFO - Sample data point structure: ['devDn', 'collectTime', 'dataItems']
2026-05-18 01:07:06,393 - root - INFO - Successfully upserted 288 data points.
2026-05-18 01:07:09,862 - root - INFO - Using single devDn for device/history (API: one device per query)
2026-05-18 01:07:09,865 - root - INFO - Fetching historical data for 1 devices of type meter
2026-05-18 01:07:09,865 - root - INFO - Making API request to: https://sg5.fusionsolar.huawei.com/rest/openapi/pvms/nbi/v1/device/history
2026-05-18 01:07:09,865 - root - INFO - Request payload: {'devDn': 'NE=51758774', 'devTypeId': 17, 'startTime': 1778950800000, 'endTime': 1779037199000}
2026-05-18 01:07:11,373 - root - INFO - Response status code: 200
2026-05-18 01:07:11,383 - root - INFO - API response from https://sg5.fusionsolar.huawei.com/rest/openapi/pvms/nbi/v1/device/history (truncated): {'failCode': 0, 'success': True, 'message': 'historical data information query successful.', 'data': [{'devDn': 'NE=51758774', 'collectTime': 1778950800000, 'dataItems': {'active_cap': 3552702.62, 'power_factor': -0.385, 'a_i': 0.1, 'c_i': 0.2, 'b_i': 0.1, 'reverse_reactive_valley': None, 'positive_reactive_peak': None, 'reverse_reactive_peak': None, 'reverse_active_peak': None, 'positive_active_peak': None, 'a_u': 11505.96, 'reactive_power': -4094.0, 'c_u': 11464.34, 'total_apparent_power': 4.4...
2026-05-18 01:07:11,385 - root - INFO - API Response type: <class 'dict'>
2026-05-18 01:07:11,385 - root - INFO - API Response keys: ['failCode', 'success', 'message', 'data']
2026-05-18 01:07:11,385 - root - INFO - API Response data is a list with 288 items
2026-05-18 01:07:11,385 - root - INFO - API Response has failCode: 0, message: historical data information query successful.
2026-05-18 01:07:11,386 - root - INFO - Using alternate response format: data as list
2026-05-18 01:07:11,386 - root - INFO - Received 288 data points from API
2026-05-18 01:07:11,386 - root - INFO - Sample data point structure: ['devDn', 'collectTime', 'dataItems']
2026-05-18 01:07:11,496 - root - INFO - Successfully upserted 288 data points.
2026-05-18 01:07:15,079 - root - INFO - Using single devDn for device/history (API: one device per query)
2026-05-18 01:07:15,081 - root - INFO - Fetching historical data for 1 devices of type meter
2026-05-18 01:07:15,081 - root - INFO - Making API request to: https://sg5.fusionsolar.huawei.com/rest/openapi/pvms/nbi/v1/device/history
2026-05-18 01:07:15,081 - root - INFO - Request payload: {'devDn': 'NE=59113616', 'devTypeId': 17, 'startTime': 1778950800000, 'endTime': 1779037199000}
2026-05-18 01:07:17,284 - root - INFO - Response status code: 200
2026-05-18 01:07:17,292 - root - INFO - API response from https://sg5.fusionsolar.huawei.com/rest/openapi/pvms/nbi/v1/device/history (truncated): {'failCode': 0, 'success': True, 'message': 'historical data information query successful.', 'data': [{'devDn': 'NE=59113616', 'collectTime': 1778950800000, 'dataItems': {'active_cap': None, 'power_factor': -0.91, 'a_i': 1.1, 'c_i': None, 'b_i': None, 'reverse_reactive_valley': None, 'positive_reactive_peak': None, 'reverse_reactive_peak': None, 'reverse_active_peak': None, 'positive_active_peak': None, 'a_u': 224.5, 'reactive_power': -87.0, 'c_u': None, 'total_apparent_power': 0.21, 'bc_u': Non...
2026-05-18 01:07:17,293 - root - INFO - API Response type: <class 'dict'>
2026-05-18 01:07:17,294 - root - INFO - API Response keys: ['failCode', 'success', 'message', 'data']
2026-05-18 01:07:17,295 - root - INFO - API Response data is a list with 288 items
2026-05-18 01:07:17,296 - root - INFO - API Response has failCode: 0, message: historical data information query successful.
2026-05-18 01:07:17,296 - root - INFO - Using alternate response format: data as list
2026-05-18 01:07:17,296 - root - INFO - Received 288 data points from API
2026-05-18 01:07:17,296 - root - INFO - Sample data point structure: ['devDn', 'collectTime', 'dataItems']
2026-05-18 01:07:17,388 - root - INFO - Successfully upserted 288 data points.
2026-05-18 01:07:21,141 - root - INFO - Using single devDn for device/history (API: one device per query)
2026-05-18 01:07:21,142 - root - INFO - Fetching historical data for 1 devices of type meter
2026-05-18 01:07:21,142 - root - INFO - Making API request to: https://sg5.fusionsolar.huawei.com/rest/openapi/pvms/nbi/v1/device/history
2026-05-18 01:07:21,142 - root - INFO - Request payload: {'devDn': 'NE=58847996', 'devTypeId': 17, 'startTime': 1778950800000, 'endTime': 1779037199000}
2026-05-18 01:07:22,540 - root - INFO - Response status code: 200
2026-05-18 01:07:22,550 - root - INFO - API response from https://sg5.fusionsolar.huawei.com/rest/openapi/pvms/nbi/v1/device/history (truncated): {'failCode': 0, 'success': True, 'message': 'historical data information query successful.', 'data': [{'devDn': 'NE=58847996', 'collectTime': 1778950800000, 'dataItems': {'active_cap': 9798.61, 'power_factor': 0.294, 'a_i': 0.2, 'c_i': 0.3, 'b_i': 0.2, 'reverse_reactive_valley': None, 'positive_reactive_peak': None, 'reverse_reactive_peak': None, 'reverse_active_peak': None, 'positive_active_peak': None, 'a_u': 11495.67, 'reactive_power': 6024.0, 'c_u': 11462.51, 'total_apparent_power': 6.303, '...
2026-05-18 01:07:22,552 - root - INFO - API Response type: <class 'dict'>
2026-05-18 01:07:22,552 - root - INFO - API Response keys: ['failCode', 'success', 'message', 'data']
2026-05-18 01:07:22,552 - root - INFO - API Response data is a list with 288 items
2026-05-18 01:07:22,552 - root - INFO - API Response has failCode: 0, message: historical data information query successful.
2026-05-18 01:07:22,553 - root - INFO - Using alternate response format: data as list
2026-05-18 01:07:22,553 - root - INFO - Received 288 data points from API
2026-05-18 01:07:22,553 - root - INFO - Sample data point structure: ['devDn', 'collectTime', 'dataItems']
2026-05-18 01:07:22,646 - root - INFO - Successfully upserted 288 data points.
2026-05-18 01:07:26,558 - root - INFO - Using single devDn for device/history (API: one device per query)
2026-05-18 01:07:26,559 - root - INFO - Fetching historical data for 1 devices of type meter
2026-05-18 01:07:26,559 - root - INFO - Making API request to: https://sg5.fusionsolar.huawei.com/rest/openapi/pvms/nbi/v1/device/history
2026-05-18 01:07:26,560 - root - INFO - Request payload: {'devDn': 'NE=58847458', 'devTypeId': 17, 'startTime': 1778950800000, 'endTime': 1779037199000}
2026-05-18 01:07:27,991 - root - INFO - Response status code: 200
2026-05-18 01:07:28,001 - root - INFO - API response from https://sg5.fusionsolar.huawei.com/rest/openapi/pvms/nbi/v1/device/history (truncated): {'failCode': 0, 'success': True, 'message': 'historical data information query successful.', 'data': [{'devDn': 'NE=58847458', 'collectTime': 1778950800000, 'dataItems': {'active_cap': 37040.18, 'power_factor': 0.21, 'a_i': 0.2, 'c_i': 0.3, 'b_i': 0.2, 'reverse_reactive_valley': None, 'positive_reactive_peak': None, 'reverse_reactive_peak': None, 'reverse_active_peak': None, 'positive_active_peak': None, 'a_u': 11551.98, 'reactive_power': 8302.0, 'c_u': 11519.55, 'total_apparent_power': 8.492, '...
2026-05-18 01:07:28,003 - root - INFO - API Response type: <class 'dict'>
2026-05-18 01:07:28,003 - root - INFO - API Response keys: ['failCode', 'success', 'message', 'data']
2026-05-18 01:07:28,003 - root - INFO - API Response data is a list with 288 items
2026-05-18 01:07:28,003 - root - INFO - API Response has failCode: 0, message: historical data information query successful.
2026-05-18 01:07:28,003 - root - INFO - Using alternate response format: data as list
2026-05-18 01:07:28,003 - root - INFO - Received 288 data points from API
2026-05-18 01:07:28,003 - root - INFO - Sample data point structure: ['devDn', 'collectTime', 'dataItems']
2026-05-18 01:07:28,099 - root - INFO - Successfully upserted 288 data points.
2026-05-18 01:07:31,417 - root - INFO - Using single devDn for device/history (API: one device per query)
2026-05-18 01:07:31,419 - root - INFO - Fetching historical data for 1 devices of type meter
2026-05-18 01:07:31,419 - root - INFO - Making API request to: https://sg5.fusionsolar.huawei.com/rest/openapi/pvms/nbi/v1/device/history
2026-05-18 01:07:31,419 - root - INFO - Request payload: {'devDn': 'NE=58847456', 'devTypeId': 17, 'startTime': 1778950800000, 'endTime': 1779037199000}
2026-05-18 01:07:32,781 - root - INFO - Response status code: 200
2026-05-18 01:07:32,790 - root - INFO - API response from https://sg5.fusionsolar.huawei.com/rest/openapi/pvms/nbi/v1/device/history (truncated): {'failCode': 0, 'success': True, 'message': 'historical data information query successful.', 'data': [{'devDn': 'NE=58847456', 'collectTime': 1778950800000, 'dataItems': {'active_cap': 63.61, 'power_factor': 0.0, 'a_i': 0.0, 'c_i': 0.0, 'b_i': 0.0, 'reverse_reactive_valley': None, 'positive_reactive_peak': None, 'reverse_reactive_peak': None, 'reverse_active_peak': None, 'positive_active_peak': None, 'a_u': 223.7, 'reactive_power': 0.0, 'c_u': 223.64, 'total_apparent_power': 0.0, 'bc_u': 388.43,...
2026-05-18 01:07:32,792 - root - INFO - API Response type: <class 'dict'>
2026-05-18 01:07:32,792 - root - INFO - API Response keys: ['failCode', 'success', 'message', 'data']
2026-05-18 01:07:32,792 - root - INFO - API Response data is a list with 288 items
2026-05-18 01:07:32,792 - root - INFO - API Response has failCode: 0, message: historical data information query successful.
2026-05-18 01:07:32,793 - root - INFO - Using alternate response format: data as list
2026-05-18 01:07:32,793 - root - INFO - Received 288 data points from API
2026-05-18 01:07:32,793 - root - INFO - Sample data point structure: ['devDn', 'collectTime', 'dataItems']
2026-05-18 01:07:32,884 - root - INFO - Successfully upserted 288 data points.
2026-05-18 01:07:36,622 - root - INFO - Using single devDn for device/history (API: one device per query)
2026-05-18 01:07:36,623 - root - INFO - Fetching historical data for 1 devices of type meter
2026-05-18 01:07:36,624 - root - INFO - Making API request to: https://sg5.fusionsolar.huawei.com/rest/openapi/pvms/nbi/v1/device/history
2026-05-18 01:07:36,624 - root - INFO - Request payload: {'devDn': 'NE=58630786', 'devTypeId': 17, 'startTime': 1778950800000, 'endTime': 1779037199000}
2026-05-18 01:07:37,975 - root - INFO - Response status code: 200
2026-05-18 01:07:37,986 - root - INFO - API response from https://sg5.fusionsolar.huawei.com/rest/openapi/pvms/nbi/v1/device/history (truncated): {'failCode': 0, 'success': True, 'message': 'historical data information query successful.', 'data': [{'devDn': 'NE=58630786', 'collectTime': 1778950800000, 'dataItems': {'active_cap': 92.89, 'power_factor': 0.0, 'a_i': 0.0, 'c_i': 0.0, 'b_i': 0.0, 'reverse_reactive_valley': None, 'positive_reactive_peak': None, 'reverse_reactive_peak': None, 'reverse_active_peak': None, 'positive_active_peak': None, 'a_u': 222.9, 'reactive_power': 0.0, 'c_u': 223.85, 'total_apparent_power': 0.0, 'bc_u': 388.84,...
2026-05-18 01:07:37,988 - root - INFO - API Response type: <class 'dict'>
2026-05-18 01:07:37,988 - root - INFO - API Response keys: ['failCode', 'success', 'message', 'data']
2026-05-18 01:07:37,988 - root - INFO - API Response data is a list with 288 items
2026-05-18 01:07:37,988 - root - INFO - API Response has failCode: 0, message: historical data information query successful.
2026-05-18 01:07:37,988 - root - INFO - Using alternate response format: data as list
2026-05-18 01:07:37,988 - root - INFO - Received 288 data points from API
2026-05-18 01:07:37,988 - root - INFO - Sample data point structure: ['devDn', 'collectTime', 'dataItems']
2026-05-18 01:07:38,083 - root - INFO - Successfully upserted 288 data points.
2026-05-18 01:07:41,340 - root - INFO - Using single devDn for device/history (API: one device per query)
2026-05-18 01:07:41,342 - root - INFO - Fetching historical data for 1 devices of type meter
2026-05-18 01:07:41,342 - root - INFO - Making API request to: https://sg5.fusionsolar.huawei.com/rest/openapi/pvms/nbi/v1/device/history
2026-05-18 01:07:41,342 - root - INFO - Request payload: {'devDn': 'NE=58795824', 'devTypeId': 17, 'startTime': 1778950800000, 'endTime': 1779037199000}
2026-05-18 01:07:42,785 - root - INFO - Response status code: 200
2026-05-18 01:07:42,796 - root - INFO - API response from https://sg5.fusionsolar.huawei.com/rest/openapi/pvms/nbi/v1/device/history (truncated): {'failCode': 0, 'success': True, 'message': 'historical data information query successful.', 'data': [{'devDn': 'NE=58795824', 'collectTime': 1778950800000, 'dataItems': {'active_cap': 9185.71, 'power_factor': 0.351, 'a_i': 0.2, 'c_i': 0.2, 'b_i': 0.2, 'reverse_reactive_valley': None, 'positive_reactive_peak': None, 'reverse_reactive_peak': None, 'reverse_active_peak': None, 'positive_active_peak': None, 'a_u': 11559.32, 'reactive_power': 4641.0, 'c_u': 11505.1, 'total_apparent_power': 4.958, 'b...
2026-05-18 01:07:42,798 - root - INFO - API Response type: <class 'dict'>
2026-05-18 01:07:42,798 - root - INFO - API Response keys: ['failCode', 'success', 'message', 'data']
2026-05-18 01:07:42,798 - root - INFO - API Response data is a list with 288 items
2026-05-18 01:07:42,798 - root - INFO - API Response has failCode: 0, message: historical data information query successful.
2026-05-18 01:07:42,798 - root - INFO - Using alternate response format: data as list
2026-05-18 01:07:42,799 - root - INFO - Received 288 data points from API
2026-05-18 01:07:42,799 - root - INFO - Sample data point structure: ['devDn', 'collectTime', 'dataItems']
2026-05-18 01:07:42,895 - root - INFO - Successfully upserted 288 data points.
2026-05-18 01:07:46,350 - root - INFO - Using single devDn for device/history (API: one device per query)
2026-05-18 01:07:46,351 - root - INFO - Fetching historical data for 1 devices of type meter
2026-05-18 01:07:46,352 - root - INFO - Making API request to: https://sg5.fusionsolar.huawei.com/rest/openapi/pvms/nbi/v1/device/history
2026-05-18 01:07:46,352 - root - INFO - Request payload: {'devDn': 'NE=58795822', 'devTypeId': 17, 'startTime': 1778950800000, 'endTime': 1779037199000}
2026-05-18 01:07:47,733 - root - INFO - Response status code: 200
2026-05-18 01:07:47,743 - root - INFO - API response from https://sg5.fusionsolar.huawei.com/rest/openapi/pvms/nbi/v1/device/history (truncated): {'failCode': 0, 'success': True, 'message': 'historical data information query successful.', 'data': [{'devDn': 'NE=58795822', 'collectTime': 1778950800000, 'dataItems': {'active_cap': 69512.7, 'power_factor': 0.248, 'a_i': 0.2, 'c_i': 0.2, 'b_i': 0.2, 'reverse_reactive_valley': None, 'positive_reactive_peak': None, 'reverse_reactive_peak': None, 'reverse_active_peak': None, 'positive_active_peak': None, 'a_u': 11531.72, 'reactive_power': 6511.0, 'c_u': 11476.69, 'total_apparent_power': 6.721, '...
2026-05-18 01:07:47,745 - root - INFO - API Response type: <class 'dict'>
2026-05-18 01:07:47,745 - root - INFO - API Response keys: ['failCode', 'success', 'message', 'data']
2026-05-18 01:07:47,745 - root - INFO - API Response data is a list with 288 items
2026-05-18 01:07:47,745 - root - INFO - API Response has failCode: 0, message: historical data information query successful.
2026-05-18 01:07:47,746 - root - INFO - Using alternate response format: data as list
2026-05-18 01:07:47,746 - root - INFO - Received 288 data points from API
2026-05-18 01:07:47,746 - root - INFO - Sample data point structure: ['devDn', 'collectTime', 'dataItems']
2026-05-18 01:07:47,843 - root - INFO - Successfully upserted 288 data points.
2026-05-18 01:07:51,095 - root - INFO - Using single devDn for device/history (API: one device per query)
2026-05-18 01:07:51,096 - root - INFO - Fetching historical data for 1 devices of type meter
2026-05-18 01:07:51,096 - root - INFO - Making API request to: https://sg5.fusionsolar.huawei.com/rest/openapi/pvms/nbi/v1/device/history
2026-05-18 01:07:51,096 - root - INFO - Request payload: {'devDn': 'NE=59087192', 'devTypeId': 17, 'startTime': 1778950800000, 'endTime': 1779037199000}
2026-05-18 01:07:53,216 - root - INFO - Response status code: 200
2026-05-18 01:07:53,223 - root - INFO - API response from https://sg5.fusionsolar.huawei.com/rest/openapi/pvms/nbi/v1/device/history (truncated): {'failCode': 0, 'success': True, 'message': 'historical data information query successful.', 'data': [{'devDn': 'NE=59087192', 'collectTime': 1778950800000, 'dataItems': {'active_cap': None, 'power_factor': -0.926, 'a_i': 1.2, 'c_i': None, 'b_i': None, 'reverse_reactive_valley': None, 'positive_reactive_peak': None, 'reverse_reactive_peak': None, 'reverse_active_peak': None, 'positive_active_peak': None, 'a_u': 227.1, 'reactive_power': -87.0, 'c_u': None, 'total_apparent_power': 0.231, 'bc_u': N...
2026-05-18 01:07:53,225 - root - INFO - API Response type: <class 'dict'>
2026-05-18 01:07:53,225 - root - INFO - API Response keys: ['failCode', 'success', 'message', 'data']
2026-05-18 01:07:53,225 - root - INFO - API Response data is a list with 288 items
2026-05-18 01:07:53,225 - root - INFO - API Response has failCode: 0, message: historical data information query successful.
2026-05-18 01:07:53,226 - root - INFO - Using alternate response format: data as list
2026-05-18 01:07:53,227 - root - INFO - Received 288 data points from API
2026-05-18 01:07:53,227 - root - INFO - Sample data point structure: ['devDn', 'collectTime', 'dataItems']
2026-05-18 01:07:53,317 - root - INFO - Successfully upserted 288 data points.
2026-05-18 01:07:56,703 - root - INFO - Using single devDn for device/history (API: one device per query)
2026-05-18 01:07:56,705 - root - INFO - Fetching historical data for 1 devices of type meter
2026-05-18 01:07:56,705 - root - INFO - Making API request to: https://sg5.fusionsolar.huawei.com/rest/openapi/pvms/nbi/v1/device/history
2026-05-18 01:07:56,705 - root - INFO - Request payload: {'devDn': 'NE=54435799', 'devTypeId': 17, 'startTime': 1778950800000, 'endTime': 1779037199000}
2026-05-18 01:07:58,682 - root - INFO - Response status code: 200
2026-05-18 01:07:58,690 - root - INFO - API response from https://sg5.fusionsolar.huawei.com/rest/openapi/pvms/nbi/v1/device/history (truncated): {'failCode': 0, 'success': True, 'message': 'historical data information query successful.', 'data': [{'devDn': 'NE=54435799', 'collectTime': 1778950800000, 'dataItems': {'active_cap': 0.0, 'power_factor': -1.0, 'a_i': 0.6, 'c_i': None, 'b_i': None, 'reverse_reactive_valley': None, 'positive_reactive_peak': None, 'reverse_reactive_peak': None, 'reverse_active_peak': None, 'positive_active_peak': None, 'a_u': 236.1, 'reactive_power': -32.0, 'c_u': None, 'total_apparent_power': 0.115, 'bc_u': None...
2026-05-18 01:07:58,693 - root - INFO - API Response type: <class 'dict'>
2026-05-18 01:07:58,693 - root - INFO - API Response keys: ['failCode', 'success', 'message', 'data']
2026-05-18 01:07:58,693 - root - INFO - API Response data is a list with 288 items
2026-05-18 01:07:58,693 - root - INFO - API Response has failCode: 0, message: historical data information query successful.
2026-05-18 01:07:58,693 - root - INFO - Using alternate response format: data as list
2026-05-18 01:07:58,693 - root - INFO - Received 288 data points from API
2026-05-18 01:07:58,694 - root - INFO - Sample data point structure: ['devDn', 'collectTime', 'dataItems']
2026-05-18 01:07:58,781 - root - INFO - Successfully upserted 288 data points.
2026-05-18 01:08:02,765 - root - INFO - Using single devDn for device/history (API: one device per query)
2026-05-18 01:08:02,767 - root - INFO - Fetching historical data for 1 devices of type meter
2026-05-18 01:08:02,767 - root - INFO - Making API request to: https://sg5.fusionsolar.huawei.com/rest/openapi/pvms/nbi/v1/device/history
2026-05-18 01:08:02,767 - root - INFO - Request payload: {'devDn': 'NE=54435800', 'devTypeId': 17, 'startTime': 1778950800000, 'endTime': 1779037199000}
2026-05-18 01:08:04,132 - root - INFO - Response status code: 200
2026-05-18 01:08:04,142 - root - INFO - API response from https://sg5.fusionsolar.huawei.com/rest/openapi/pvms/nbi/v1/device/history (truncated): {'failCode': 0, 'success': True, 'message': 'historical data information query successful.', 'data': [{'devDn': 'NE=54435800', 'collectTime': 1778950800000, 'dataItems': {'active_cap': 69.84, 'power_factor': -0.001, 'a_i': 4.0, 'c_i': 4.0, 'b_i': 4.1, 'reverse_reactive_valley': None, 'positive_reactive_peak': None, 'reverse_reactive_peak': None, 'reverse_active_peak': None, 'positive_active_peak': None, 'a_u': 235.95, 'reactive_power': -2829.0, 'c_u': 235.74, 'total_apparent_power': 2.829, 'bc_u...
2026-05-18 01:08:04,144 - root - INFO - API Response type: <class 'dict'>
2026-05-18 01:08:04,144 - root - INFO - API Response keys: ['failCode', 'success', 'message', 'data']
2026-05-18 01:08:04,144 - root - INFO - API Response data is a list with 288 items
2026-05-18 01:08:04,144 - root - INFO - API Response has failCode: 0, message: historical data information query successful.
2026-05-18 01:08:04,144 - root - INFO - Using alternate response format: data as list
2026-05-18 01:08:04,144 - root - INFO - Received 288 data points from API
2026-05-18 01:08:04,144 - root - INFO - Sample data point structure: ['devDn', 'collectTime', 'dataItems']
2026-05-18 01:08:04,239 - root - INFO - Successfully upserted 288 data points.
2026-05-18 01:08:07,903 - root - INFO - Using single devDn for device/history (API: one device per query)
2026-05-18 01:08:07,905 - root - INFO - Fetching historical data for 1 devices of type meter
2026-05-18 01:08:07,905 - root - INFO - Making API request to: https://sg5.fusionsolar.huawei.com/rest/openapi/pvms/nbi/v1/device/history
2026-05-18 01:08:07,905 - root - INFO - Request payload: {'devDn': 'NE=54435801', 'devTypeId': 17, 'startTime': 1778950800000, 'endTime': 1779037199000}
2026-05-18 01:08:09,354 - root - INFO - Response status code: 200
2026-05-18 01:08:09,363 - root - INFO - API response from https://sg5.fusionsolar.huawei.com/rest/openapi/pvms/nbi/v1/device/history (truncated): {'failCode': 0, 'success': True, 'message': 'historical data information query successful.', 'data': [{'devDn': 'NE=54435801', 'collectTime': 1778950800000, 'dataItems': {'active_cap': 33.74, 'power_factor': -0.003, 'a_i': 4.2, 'c_i': 4.2, 'b_i': 4.2, 'reverse_reactive_valley': None, 'positive_reactive_peak': None, 'reverse_reactive_peak': None, 'reverse_active_peak': None, 'positive_active_peak': None, 'a_u': 236.28, 'reactive_power': -2955.0, 'c_u': 235.99, 'total_apparent_power': 2.955, 'bc_u...
2026-05-18 01:08:09,365 - root - INFO - API Response type: <class 'dict'>
2026-05-18 01:08:09,365 - root - INFO - API Response keys: ['failCode', 'success', 'message', 'data']
2026-05-18 01:08:09,365 - root - INFO - API Response data is a list with 288 items
2026-05-18 01:08:09,366 - root - INFO - API Response has failCode: 0, message: historical data information query successful.
2026-05-18 01:08:09,366 - root - INFO - Using alternate response format: data as list
2026-05-18 01:08:09,366 - root - INFO - Received 288 data points from API
2026-05-18 01:08:09,366 - root - INFO - Sample data point structure: ['devDn', 'collectTime', 'dataItems']
2026-05-18 01:08:09,460 - root - INFO - Successfully upserted 288 data points.
2026-05-18 01:08:13,025 - root - INFO - Using single devDn for device/history (API: one device per query)
2026-05-18 01:08:13,026 - root - INFO - Fetching historical data for 1 devices of type meter
2026-05-18 01:08:13,027 - root - INFO - Making API request to: https://sg5.fusionsolar.huawei.com/rest/openapi/pvms/nbi/v1/device/history
2026-05-18 01:08:13,027 - root - INFO - Request payload: {'devDn': 'NE=62806365', 'devTypeId': 17, 'startTime': 1778950800000, 'endTime': 1779037199000}
2026-05-18 01:08:14,690 - root - INFO - Response status code: 200
2026-05-18 01:08:14,698 - root - INFO - API response from https://sg5.fusionsolar.huawei.com/rest/openapi/pvms/nbi/v1/device/history (truncated): {'failCode': 0, 'success': True, 'message': 'historical data information query successful.', 'data': [{'devDn': 'NE=62806365', 'collectTime': 1778950800000, 'dataItems': {'active_cap': None, 'power_factor': 0.0, 'a_i': 1.2, 'c_i': 0.0, 'b_i': 0.0, 'reverse_reactive_valley': None, 'positive_reactive_peak': None, 'reverse_reactive_peak': None, 'reverse_active_peak': None, 'positive_active_peak': None, 'a_u': 219.7, 'reactive_power': -19.0, 'c_u': 0.0, 'total_apparent_power': 0.184, 'bc_u': 0.0, 'b...
2026-05-18 01:08:14,700 - root - INFO - API Response type: <class 'dict'>
2026-05-18 01:08:14,700 - root - INFO - API Response keys: ['failCode', 'success', 'message', 'data']
2026-05-18 01:08:14,701 - root - INFO - API Response data is a list with 288 items
2026-05-18 01:08:14,702 - root - INFO - API Response has failCode: 0, message: historical data information query successful.
2026-05-18 01:08:14,702 - root - INFO - Using alternate response format: data as list
2026-05-18 01:08:14,702 - root - INFO - Received 288 data points from API
2026-05-18 01:08:14,702 - root - INFO - Sample data point structure: ['devDn', 'collectTime', 'dataItems']
2026-05-18 01:08:14,796 - root - INFO - Successfully upserted 288 data points.
2026-05-18 01:08:18,765 - root - INFO - Using single devDn for device/history (API: one device per query)
2026-05-18 01:08:18,766 - root - INFO - Fetching historical data for 1 devices of type meter
2026-05-18 01:08:18,766 - root - INFO - Making API request to: https://sg5.fusionsolar.huawei.com/rest/openapi/pvms/nbi/v1/device/history
2026-05-18 01:08:18,766 - root - INFO - Request payload: {'devDn': 'NE=62806366', 'devTypeId': 17, 'startTime': 1778950800000, 'endTime': 1779037199000}
2026-05-18 01:08:20,183 - root - INFO - Response status code: 200
2026-05-18 01:08:20,192 - root - INFO - API response from https://sg5.fusionsolar.huawei.com/rest/openapi/pvms/nbi/v1/device/history (truncated): {'failCode': 0, 'success': True, 'message': 'historical data information query successful.', 'data': [{'devDn': 'NE=62806366', 'collectTime': 1778950800000, 'dataItems': {'active_cap': 1.23, 'power_factor': 0.0, 'a_i': 0.0, 'c_i': 0.0, 'b_i': 0.0, 'reverse_reactive_valley': None, 'positive_reactive_peak': None, 'reverse_reactive_peak': None, 'reverse_active_peak': None, 'positive_active_peak': None, 'a_u': 0.0, 'reactive_power': 0.0, 'c_u': 0.0, 'total_apparent_power': 0.0, 'bc_u': 21022.97, 'b_...
2026-05-18 01:08:20,194 - root - INFO - API Response type: <class 'dict'>
2026-05-18 01:08:20,194 - root - INFO - API Response keys: ['failCode', 'success', 'message', 'data']
2026-05-18 01:08:20,194 - root - INFO - API Response data is a list with 288 items
2026-05-18 01:08:20,195 - root - INFO - API Response has failCode: 0, message: historical data information query successful.
2026-05-18 01:08:20,195 - root - INFO - Using alternate response format: data as list
2026-05-18 01:08:20,195 - root - INFO - Received 288 data points from API
2026-05-18 01:08:20,195 - root - INFO - Sample data point structure: ['devDn', 'collectTime', 'dataItems']
2026-05-18 01:08:20,288 - root - INFO - Successfully upserted 288 data points.
2026-05-18 01:08:23,569 - root - INFO - Using single devDn for device/history (API: one device per query)
2026-05-18 01:08:23,570 - root - INFO - Fetching historical data for 1 devices of type meter
2026-05-18 01:08:23,571 - root - INFO - Making API request to: https://sg5.fusionsolar.huawei.com/rest/openapi/pvms/nbi/v1/device/history
2026-05-18 01:08:23,571 - root - INFO - Request payload: {'devDn': 'NE=62806363', 'devTypeId': 17, 'startTime': 1778950800000, 'endTime': 1779037199000}
2026-05-18 01:08:24,960 - root - INFO - Response status code: 200
2026-05-18 01:08:24,970 - root - INFO - API response from https://sg5.fusionsolar.huawei.com/rest/openapi/pvms/nbi/v1/device/history (truncated): {'failCode': 0, 'success': True, 'message': 'historical data information query successful.', 'data': [{'devDn': 'NE=62806363', 'collectTime': 1778950800000, 'dataItems': {'active_cap': 1137.92, 'power_factor': -0.018, 'a_i': 13.8, 'c_i': 13.6, 'b_i': 13.1, 'reverse_reactive_valley': None, 'positive_reactive_peak': None, 'reverse_reactive_peak': None, 'reverse_active_peak': None, 'positive_active_peak': None, 'a_u': 227.33, 'reactive_power': -8873.0, 'c_u': 228.65, 'total_apparent_power': 8.884, ...
2026-05-18 01:08:24,972 - root - INFO - API Response type: <class 'dict'>
2026-05-18 01:08:24,972 - root - INFO - API Response keys: ['failCode', 'success', 'message', 'data']
2026-05-18 01:08:24,972 - root - INFO - API Response data is a list with 288 items
2026-05-18 01:08:24,972 - root - INFO - API Response has failCode: 0, message: historical data information query successful.
2026-05-18 01:08:24,972 - root - INFO - Using alternate response format: data as list
2026-05-18 01:08:24,973 - root - INFO - Received 288 data points from API
2026-05-18 01:08:24,973 - root - INFO - Sample data point structure: ['devDn', 'collectTime', 'dataItems']
2026-05-18 01:08:25,065 - root - INFO - Successfully upserted 288 data points.
2026-05-18 01:08:28,672 - root - INFO - Using single devDn for device/history (API: one device per query)
2026-05-18 01:08:28,674 - root - INFO - Fetching historical data for 1 devices of type meter
2026-05-18 01:08:28,674 - root - INFO - Making API request to: https://sg5.fusionsolar.huawei.com/rest/openapi/pvms/nbi/v1/device/history
2026-05-18 01:08:28,674 - root - INFO - Request payload: {'devDn': 'NE=62806364', 'devTypeId': 17, 'startTime': 1778950800000, 'endTime': 1779037199000}
2026-05-18 01:08:30,107 - root - INFO - Response status code: 200
2026-05-18 01:08:30,117 - root - INFO - API response from https://sg5.fusionsolar.huawei.com/rest/openapi/pvms/nbi/v1/device/history (truncated): {'failCode': 0, 'success': True, 'message': 'historical data information query successful.', 'data': [{'devDn': 'NE=62806364', 'collectTime': 1778950800000, 'dataItems': {'active_cap': 451.43, 'power_factor': -0.01, 'a_i': 15.2, 'c_i': 14.7, 'b_i': 13.7, 'reverse_reactive_valley': None, 'positive_reactive_peak': None, 'reverse_reactive_peak': None, 'reverse_active_peak': None, 'positive_active_peak': None, 'a_u': 227.21, 'reactive_power': -9937.0, 'c_u': 228.19, 'total_apparent_power': 9.938, 'b...
2026-05-18 01:08:30,119 - root - INFO - API Response type: <class 'dict'>
2026-05-18 01:08:30,119 - root - INFO - API Response keys: ['failCode', 'success', 'message', 'data']
2026-05-18 01:08:30,119 - root - INFO - API Response data is a list with 288 items
2026-05-18 01:08:30,119 - root - INFO - API Response has failCode: 0, message: historical data information query successful.
2026-05-18 01:08:30,119 - root - INFO - Using alternate response format: data as list
2026-05-18 01:08:30,120 - root - INFO - Received 288 data points from API
2026-05-18 01:08:30,120 - root - INFO - Sample data point structure: ['devDn', 'collectTime', 'dataItems']
2026-05-18 01:08:30,319 - root - INFO - Successfully upserted 288 data points.
2026-05-18 01:08:33,499 - root - INFO - Using single devDn for device/history (API: one device per query)
2026-05-18 01:08:33,501 - root - INFO - Fetching historical data for 1 devices of type meter
2026-05-18 01:08:33,501 - root - INFO - Making API request to: https://sg5.fusionsolar.huawei.com/rest/openapi/pvms/nbi/v1/device/history
2026-05-18 01:08:33,501 - root - INFO - Request payload: {'devDn': 'NE=54436515', 'devTypeId': 17, 'startTime': 1778950800000, 'endTime': 1779037199000}
2026-05-18 01:08:35,371 - root - INFO - Response status code: 200
2026-05-18 01:08:35,380 - root - INFO - API response from https://sg5.fusionsolar.huawei.com/rest/openapi/pvms/nbi/v1/device/history (truncated): {'failCode': 0, 'success': True, 'message': 'historical data information query successful.', 'data': [{'devDn': 'NE=54436515', 'collectTime': 1778950800000, 'dataItems': {'active_cap': 0.0, 'power_factor': -0.94, 'a_i': 0.4, 'c_i': None, 'b_i': None, 'reverse_reactive_valley': None, 'positive_reactive_peak': None, 'reverse_reactive_peak': None, 'reverse_active_peak': None, 'positive_active_peak': None, 'a_u': 237.9, 'reactive_power': -31.0, 'c_u': None, 'total_apparent_power': 0.092, 'bc_u': Non...
2026-05-18 01:08:35,382 - root - INFO - API Response type: <class 'dict'>
2026-05-18 01:08:35,382 - root - INFO - API Response keys: ['failCode', 'success', 'message', 'data']
2026-05-18 01:08:35,382 - root - INFO - API Response data is a list with 288 items
2026-05-18 01:08:35,382 - root - INFO - API Response has failCode: 0, message: historical data information query successful.
2026-05-18 01:08:35,383 - root - INFO - Using alternate response format: data as list
2026-05-18 01:08:35,383 - root - INFO - Received 288 data points from API
2026-05-18 01:08:35,383 - root - INFO - Sample data point structure: ['devDn', 'collectTime', 'dataItems']
2026-05-18 01:08:35,476 - root - INFO - Successfully upserted 288 data points.
2026-05-18 01:08:38,973 - root - INFO - Using single devDn for device/history (API: one device per query)
2026-05-18 01:08:38,975 - root - INFO - Fetching historical data for 1 devices of type meter
2026-05-18 01:08:38,975 - root - INFO - Making API request to: https://sg5.fusionsolar.huawei.com/rest/openapi/pvms/nbi/v1/device/history
2026-05-18 01:08:38,975 - root - INFO - Request payload: {'devDn': 'NE=54436516', 'devTypeId': 17, 'startTime': 1778950800000, 'endTime': 1779037199000}
2026-05-18 01:08:40,380 - root - INFO - Response status code: 200
2026-05-18 01:08:40,390 - root - INFO - API response from https://sg5.fusionsolar.huawei.com/rest/openapi/pvms/nbi/v1/device/history (truncated): {'failCode': 0, 'success': True, 'message': 'historical data information query successful.', 'data': [{'devDn': 'NE=54436516', 'collectTime': 1778950800000, 'dataItems': {'active_cap': 323.45, 'power_factor': -0.008, 'a_i': 7.4, 'c_i': 7.4, 'b_i': 7.2, 'reverse_reactive_valley': None, 'positive_reactive_peak': None, 'reverse_reactive_peak': None, 'reverse_active_peak': None, 'positive_active_peak': None, 'a_u': 237.8, 'reactive_power': -5202.0, 'c_u': 240.19, 'total_apparent_power': 5.202, 'bc_u...
2026-05-18 01:08:40,392 - root - INFO - API Response type: <class 'dict'>
2026-05-18 01:08:40,392 - root - INFO - API Response keys: ['failCode', 'success', 'message', 'data']
2026-05-18 01:08:40,392 - root - INFO - API Response data is a list with 288 items
2026-05-18 01:08:40,392 - root - INFO - API Response has failCode: 0, message: historical data information query successful.
2026-05-18 01:08:40,392 - root - INFO - Using alternate response format: data as list
2026-05-18 01:08:40,392 - root - INFO - Received 288 data points from API
2026-05-18 01:08:40,393 - root - INFO - Sample data point structure: ['devDn', 'collectTime', 'dataItems']
2026-05-18 01:08:40,487 - root - INFO - Successfully upserted 288 data points.
2026-05-18 01:08:44,048 - root - INFO - Using single devDn for device/history (API: one device per query)
2026-05-18 01:08:44,049 - root - INFO - Fetching historical data for 1 devices of type meter
2026-05-18 01:08:44,049 - root - INFO - Making API request to: https://sg5.fusionsolar.huawei.com/rest/openapi/pvms/nbi/v1/device/history
2026-05-18 01:08:44,049 - root - INFO - Request payload: {'devDn': 'NE=54436517', 'devTypeId': 17, 'startTime': 1778950800000, 'endTime': 1779037199000}
2026-05-18 01:08:45,604 - root - INFO - Response status code: 200
2026-05-18 01:08:45,615 - root - INFO - API response from https://sg5.fusionsolar.huawei.com/rest/openapi/pvms/nbi/v1/device/history (truncated): {'failCode': 0, 'success': True, 'message': 'historical data information query successful.', 'data': [{'devDn': 'NE=54436517', 'collectTime': 1778950800000, 'dataItems': {'active_cap': 322.1, 'power_factor': -0.001, 'a_i': 7.4, 'c_i': 7.5, 'b_i': 7.4, 'reverse_reactive_valley': None, 'positive_reactive_peak': None, 'reverse_reactive_peak': None, 'reverse_active_peak': None, 'positive_active_peak': None, 'a_u': 237.59, 'reactive_power': -5327.0, 'c_u': 239.96, 'total_apparent_power': 5.327, 'bc_u...
2026-05-18 01:08:45,617 - root - INFO - API Response type: <class 'dict'>
2026-05-18 01:08:45,617 - root - INFO - API Response keys: ['failCode', 'success', 'message', 'data']
2026-05-18 01:08:45,617 - root - INFO - API Response data is a list with 288 items
2026-05-18 01:08:45,617 - root - INFO - API Response has failCode: 0, message: historical data information query successful.
2026-05-18 01:08:45,617 - root - INFO - Using alternate response format: data as list
2026-05-18 01:08:45,617 - root - INFO - Received 288 data points from API
2026-05-18 01:08:45,617 - root - INFO - Sample data point structure: ['devDn', 'collectTime', 'dataItems']
2026-05-18 01:08:45,714 - root - INFO - Successfully upserted 288 data points.
2026-05-18 01:08:49,010 - root - INFO - Using single devDn for device/history (API: one device per query)
2026-05-18 01:08:49,012 - root - INFO - Fetching historical data for 1 devices of type meter
2026-05-18 01:08:49,012 - root - INFO - Making API request to: https://sg5.fusionsolar.huawei.com/rest/openapi/pvms/nbi/v1/device/history
2026-05-18 01:08:49,012 - root - INFO - Request payload: {'devDn': 'NE=53771652', 'devTypeId': 17, 'startTime': 1778950800000, 'endTime': 1779037199000}
2026-05-18 01:08:50,458 - root - INFO - Response status code: 200
2026-05-18 01:08:50,468 - root - INFO - API response from https://sg5.fusionsolar.huawei.com/rest/openapi/pvms/nbi/v1/device/history (truncated): {'failCode': 0, 'success': True, 'message': 'historical data information query successful.', 'data': [{'devDn': 'NE=53771652', 'collectTime': 1778950800000, 'dataItems': {'active_cap': 236.68, 'power_factor': -0.004, 'a_i': 8.0, 'c_i': 8.1, 'b_i': 7.7, 'reverse_reactive_valley': None, 'positive_reactive_peak': None, 'reverse_reactive_peak': None, 'reverse_active_peak': None, 'positive_active_peak': None, 'a_u': 234.34, 'reactive_power': -5457.0, 'c_u': 233.31, 'total_apparent_power': 5.457, 'bc_...
2026-05-18 01:08:50,470 - root - INFO - API Response type: <class 'dict'>
2026-05-18 01:08:50,471 - root - INFO - API Response keys: ['failCode', 'success', 'message', 'data']
2026-05-18 01:08:50,471 - root - INFO - API Response data is a list with 288 items
2026-05-18 01:08:50,471 - root - INFO - API Response has failCode: 0, message: historical data information query successful.
2026-05-18 01:08:50,471 - root - INFO - Using alternate response format: data as list
2026-05-18 01:08:50,471 - root - INFO - Received 288 data points from API
2026-05-18 01:08:50,471 - root - INFO - Sample data point structure: ['devDn', 'collectTime', 'dataItems']
2026-05-18 01:08:50,564 - root - INFO - Successfully upserted 288 data points.
2026-05-18 01:08:54,348 - root - INFO - Using single devDn for device/history (API: one device per query)
2026-05-18 01:08:54,350 - root - INFO - Fetching historical data for 1 devices of type meter
2026-05-18 01:08:54,350 - root - INFO - Making API request to: https://sg5.fusionsolar.huawei.com/rest/openapi/pvms/nbi/v1/device/history
2026-05-18 01:08:54,350 - root - INFO - Request payload: {'devDn': 'NE=53771655', 'devTypeId': 17, 'startTime': 1778950800000, 'endTime': 1779037199000}
2026-05-18 01:08:55,892 - root - INFO - Response status code: 200
2026-05-18 01:08:55,902 - root - INFO - API response from https://sg5.fusionsolar.huawei.com/rest/openapi/pvms/nbi/v1/device/history (truncated): {'failCode': 0, 'success': True, 'message': 'historical data information query successful.', 'data': [{'devDn': 'NE=53771655', 'collectTime': 1778950800000, 'dataItems': {'active_cap': 11257.08, 'power_factor': -0.379, 'a_i': 0.1, 'c_i': 0.1, 'b_i': 0.1, 'reverse_reactive_valley': None, 'positive_reactive_peak': None, 'reverse_reactive_peak': None, 'reverse_active_peak': None, 'positive_active_peak': None, 'a_u': 11770.82, 'reactive_power': -4195.0, 'c_u': 11644.53, 'total_apparent_power': 4.535...
2026-05-18 01:08:55,904 - root - INFO - API Response type: <class 'dict'>
2026-05-18 01:08:55,904 - root - INFO - API Response keys: ['failCode', 'success', 'message', 'data']
2026-05-18 01:08:55,904 - root - INFO - API Response data is a list with 288 items
2026-05-18 01:08:55,904 - root - INFO - API Response has failCode: 0, message: historical data information query successful.
2026-05-18 01:08:55,905 - root - INFO - Using alternate response format: data as list
2026-05-18 01:08:55,905 - root - INFO - Received 288 data points from API
2026-05-18 01:08:55,905 - root - INFO - Sample data point structure: ['devDn', 'collectTime', 'dataItems']
2026-05-18 01:08:55,998 - root - INFO - Successfully upserted 288 data points.
2026-05-18 01:08:59,758 - root - INFO - Using single devDn for device/history (API: one device per query)
2026-05-18 01:08:59,759 - root - INFO - Fetching historical data for 1 devices of type meter
2026-05-18 01:08:59,760 - root - INFO - Making API request to: https://sg5.fusionsolar.huawei.com/rest/openapi/pvms/nbi/v1/device/history
2026-05-18 01:08:59,760 - root - INFO - Request payload: {'devDn': 'NE=53771654', 'devTypeId': 17, 'startTime': 1778950800000, 'endTime': 1779037199000}
2026-05-18 01:09:01,128 - root - INFO - Response status code: 200
2026-05-18 01:09:01,138 - root - INFO - API response from https://sg5.fusionsolar.huawei.com/rest/openapi/pvms/nbi/v1/device/history (truncated): {'failCode': 0, 'success': True, 'message': 'historical data information query successful.', 'data': [{'devDn': 'NE=53771654', 'collectTime': 1778950800000, 'dataItems': {'active_cap': 11579.96, 'power_factor': -0.624, 'a_i': 0.1, 'c_i': 0.1, 'b_i': 0.1, 'reverse_reactive_valley': None, 'positive_reactive_peak': None, 'reverse_reactive_peak': None, 'reverse_active_peak': None, 'positive_active_peak': None, 'a_u': 11799.63, 'reactive_power': -2181.0, 'c_u': 11659.58, 'total_apparent_power': 2.793...
2026-05-18 01:09:01,140 - root - INFO - API Response type: <class 'dict'>
2026-05-18 01:09:01,140 - root - INFO - API Response keys: ['failCode', 'success', 'message', 'data']
2026-05-18 01:09:01,141 - root - INFO - API Response data is a list with 288 items
2026-05-18 01:09:01,141 - root - INFO - API Response has failCode: 0, message: historical data information query successful.
2026-05-18 01:09:01,141 - root - INFO - Using alternate response format: data as list
2026-05-18 01:09:01,141 - root - INFO - Received 288 data points from API
2026-05-18 01:09:01,141 - root - INFO - Sample data point structure: ['devDn', 'collectTime', 'dataItems']
2026-05-18 01:09:01,241 - root - INFO - Successfully upserted 288 data points.
2026-05-18 01:09:04,554 - root - INFO - Using single devDn for device/history (API: one device per query)
2026-05-18 01:09:04,556 - root - INFO - Fetching historical data for 1 devices of type meter
2026-05-18 01:09:04,556 - root - INFO - Making API request to: https://sg5.fusionsolar.huawei.com/rest/openapi/pvms/nbi/v1/device/history
2026-05-18 01:09:04,556 - root - INFO - Request payload: {'devDn': 'NE=53771653', 'devTypeId': 17, 'startTime': 1778950800000, 'endTime': 1779037199000}
2026-05-18 01:09:06,726 - root - INFO - Response status code: 200
2026-05-18 01:09:06,736 - root - INFO - API response from https://sg5.fusionsolar.huawei.com/rest/openapi/pvms/nbi/v1/device/history (truncated): {'failCode': 0, 'success': True, 'message': 'historical data information query successful.', 'data': [{'devDn': 'NE=53771653', 'collectTime': 1778950800000, 'dataItems': {'active_cap': 244.89, 'power_factor': -0.011, 'a_i': 8.2, 'c_i': 8.2, 'b_i': 8.1, 'reverse_reactive_valley': None, 'positive_reactive_peak': None, 'reverse_reactive_peak': None, 'reverse_active_peak': None, 'positive_active_peak': None, 'a_u': 234.82, 'reactive_power': -5706.0, 'c_u': 233.83, 'total_apparent_power': 5.706, 'bc_...
2026-05-18 01:09:06,738 - root - INFO - API Response type: <class 'dict'>
2026-05-18 01:09:06,738 - root - INFO - API Response keys: ['failCode', 'success', 'message', 'data']
2026-05-18 01:09:06,738 - root - INFO - API Response data is a list with 288 items
2026-05-18 01:09:06,738 - root - INFO - API Response has failCode: 0, message: historical data information query successful.
2026-05-18 01:09:06,738 - root - INFO - Using alternate response format: data as list
2026-05-18 01:09:06,738 - root - INFO - Received 288 data points from API
2026-05-18 01:09:06,739 - root - INFO - Sample data point structure: ['devDn', 'collectTime', 'dataItems']
2026-05-18 01:09:06,834 - root - INFO - Successfully upserted 288 data points.
2026-05-18 01:09:10,132 - root - INFO - Using single devDn for device/history (API: one device per query)
2026-05-18 01:09:10,133 - root - INFO - Fetching historical data for 1 devices of type meter
2026-05-18 01:09:10,133 - root - INFO - Making API request to: https://sg5.fusionsolar.huawei.com/rest/openapi/pvms/nbi/v1/device/history
2026-05-18 01:09:10,133 - root - INFO - Request payload: {'devDn': 'NE=62807018', 'devTypeId': 17, 'startTime': 1778950800000, 'endTime': 1779037199000}
2026-05-18 01:09:12,393 - root - INFO - Response status code: 200
2026-05-18 01:09:12,400 - root - INFO - API response from https://sg5.fusionsolar.huawei.com/rest/openapi/pvms/nbi/v1/device/history (truncated): {'failCode': 0, 'success': True, 'message': 'historical data information query successful.', 'data': [{'devDn': 'NE=62807018', 'collectTime': 1778950800000, 'dataItems': {'active_cap': None, 'power_factor': -1.0, 'a_i': 0.6, 'c_i': None, 'b_i': None, 'reverse_reactive_valley': None, 'positive_reactive_peak': None, 'reverse_reactive_peak': None, 'reverse_active_peak': None, 'positive_active_peak': None, 'a_u': 232.3, 'reactive_power': 0.0, 'c_u': None, 'total_apparent_power': 0.125, 'bc_u': None,...
2026-05-18 01:09:12,402 - root - INFO - API Response type: <class 'dict'>
2026-05-18 01:09:12,402 - root - INFO - API Response keys: ['failCode', 'success', 'message', 'data']
2026-05-18 01:09:12,402 - root - INFO - API Response data is a list with 288 items
2026-05-18 01:09:12,403 - root - INFO - API Response has failCode: 0, message: historical data information query successful.
2026-05-18 01:09:12,404 - root - INFO - Using alternate response format: data as list
2026-05-18 01:09:12,404 - root - INFO - Received 288 data points from API
2026-05-18 01:09:12,404 - root - INFO - Sample data point structure: ['devDn', 'collectTime', 'dataItems']
2026-05-18 01:09:12,496 - root - INFO - Successfully upserted 288 data points.
2026-05-18 01:09:16,145 - root - INFO - Using single devDn for device/history (API: one device per query)
2026-05-18 01:09:16,147 - root - INFO - Fetching historical data for 1 devices of type meter
2026-05-18 01:09:16,147 - root - INFO - Making API request to: https://sg5.fusionsolar.huawei.com/rest/openapi/pvms/nbi/v1/device/history
2026-05-18 01:09:16,147 - root - INFO - Request payload: {'devDn': 'NE=62807016', 'devTypeId': 17, 'startTime': 1778950800000, 'endTime': 1779037199000}
2026-05-18 01:09:17,719 - root - INFO - Response status code: 200
2026-05-18 01:09:17,729 - root - INFO - API response from https://sg5.fusionsolar.huawei.com/rest/openapi/pvms/nbi/v1/device/history (truncated): {'failCode': 0, 'success': True, 'message': 'historical data information query successful.', 'data': [{'devDn': 'NE=62807016', 'collectTime': 1778950800000, 'dataItems': {'active_cap': 129.96, 'power_factor': -0.013, 'a_i': 3.2, 'c_i': 3.4, 'b_i': 3.2, 'reverse_reactive_valley': None, 'positive_reactive_peak': None, 'reverse_reactive_peak': None, 'reverse_active_peak': None, 'positive_active_peak': None, 'a_u': 232.53, 'reactive_power': -2161.0, 'c_u': 231.83, 'total_apparent_power': 2.161, 'bc_...
2026-05-18 01:09:17,731 - root - INFO - API Response type: <class 'dict'>
2026-05-18 01:09:17,731 - root - INFO - API Response keys: ['failCode', 'success', 'message', 'data']
2026-05-18 01:09:17,731 - root - INFO - API Response data is a list with 288 items
2026-05-18 01:09:17,731 - root - INFO - API Response has failCode: 0, message: historical data information query successful.
2026-05-18 01:09:17,731 - root - INFO - Using alternate response format: data as list
2026-05-18 01:09:17,732 - root - INFO - Received 288 data points from API
2026-05-18 01:09:17,732 - root - INFO - Sample data point structure: ['devDn', 'collectTime', 'dataItems']
2026-05-18 01:09:17,825 - root - INFO - Successfully upserted 288 data points.
2026-05-18 01:09:21,041 - root - INFO - Using single devDn for device/history (API: one device per query)
2026-05-18 01:09:21,042 - root - INFO - Fetching historical data for 1 devices of type meter
2026-05-18 01:09:21,042 - root - INFO - Making API request to: https://sg5.fusionsolar.huawei.com/rest/openapi/pvms/nbi/v1/device/history
2026-05-18 01:09:21,043 - root - INFO - Request payload: {'devDn': 'NE=62807017', 'devTypeId': 17, 'startTime': 1778950800000, 'endTime': 1779037199000}
2026-05-18 01:09:22,483 - root - INFO - Response status code: 200
2026-05-18 01:09:22,494 - root - INFO - API response from https://sg5.fusionsolar.huawei.com/rest/openapi/pvms/nbi/v1/device/history (truncated): {'failCode': 0, 'success': True, 'message': 'historical data information query successful.', 'data': [{'devDn': 'NE=62807017', 'collectTime': 1778950800000, 'dataItems': {'active_cap': 114.8, 'power_factor': -0.011, 'a_i': 3.5, 'c_i': 3.5, 'b_i': 3.4, 'reverse_reactive_valley': None, 'positive_reactive_peak': None, 'reverse_reactive_peak': None, 'reverse_active_peak': None, 'positive_active_peak': None, 'a_u': 232.23, 'reactive_power': -2419.0, 'c_u': 231.84, 'total_apparent_power': 2.419, 'bc_u...
2026-05-18 01:09:22,496 - root - INFO - API Response type: <class 'dict'>
2026-05-18 01:09:22,496 - root - INFO - API Response keys: ['failCode', 'success', 'message', 'data']
2026-05-18 01:09:22,497 - root - INFO - API Response data is a list with 288 items
2026-05-18 01:09:22,497 - root - INFO - API Response has failCode: 0, message: historical data information query successful.
2026-05-18 01:09:22,497 - root - INFO - Using alternate response format: data as list
2026-05-18 01:09:22,497 - root - INFO - Received 288 data points from API
2026-05-18 01:09:22,497 - root - INFO - Sample data point structure: ['devDn', 'collectTime', 'dataItems']
2026-05-18 01:09:22,594 - root - INFO - Successfully upserted 288 data points.
2026-05-18 01:09:25,866 - root - INFO - Using single devDn for device/history (API: one device per query)
2026-05-18 01:09:25,867 - root - INFO - Fetching historical data for 1 devices of type meteo_station
2026-05-18 01:09:25,868 - root - INFO - Making API request to: https://sg5.fusionsolar.huawei.com/rest/openapi/pvms/nbi/v1/device/history
2026-05-18 01:09:25,868 - root - INFO - Request payload: {'devDn': 'NE=50488257', 'devTypeId': 10, 'startTime': 1778950800000, 'endTime': 1779037199000}
2026-05-18 01:09:26,479 - root - INFO - Response status code: 200
2026-05-18 01:09:26,481 - root - INFO - API response from https://sg5.fusionsolar.huawei.com/rest/openapi/pvms/nbi/v1/device/history (truncated): {'failCode': 0, 'success': True, 'message': 'historical data information query successful.', 'data': [{'devDn': 'NE=50488257', 'collectTime': 1778950800000, 'dataItems': {'radiant_line': 0.0, 'horiz_radiant_total': None, 'horiz_radiant_line': None, 'temperature': 29.0, 'wind_speed': None, 'wind_direction': None, 'radiant_total': 0.0, 'pv_temperature': 26.6}}, {'devDn': 'NE=50488257', 'collectTime': 1778951100000, 'dataItems': {'radiant_line': 1.0, 'horiz_radiant_total': None, 'horiz_radiant_line...
2026-05-18 01:09:26,483 - root - INFO - API Response type: <class 'dict'>
2026-05-18 01:09:26,483 - root - INFO - API Response keys: ['failCode', 'success', 'message', 'data']
2026-05-18 01:09:26,484 - root - INFO - API Response data is a list with 288 items
2026-05-18 01:09:26,484 - root - INFO - API Response has failCode: 0, message: historical data information query successful.
2026-05-18 01:09:26,484 - root - INFO - Using alternate response format: data as list
2026-05-18 01:09:26,484 - root - INFO - Received 288 data points from API
2026-05-18 01:09:26,484 - root - INFO - Sample data point structure: ['devDn', 'collectTime', 'dataItems']
2026-05-18 01:09:26,576 - root - INFO - Successfully upserted 288 data points.
2026-05-18 01:09:31,076 - root - INFO - Using single devDn for device/history (API: one device per query)
2026-05-18 01:09:31,078 - root - INFO - Fetching historical data for 1 devices of type meteo_station
2026-05-18 01:09:31,078 - root - INFO - Making API request to: https://sg5.fusionsolar.huawei.com/rest/openapi/pvms/nbi/v1/device/history
2026-05-18 01:09:31,078 - root - INFO - Request payload: {'devDn': 'NE=63022352', 'devTypeId': 10, 'startTime': 1778950800000, 'endTime': 1779037199000}
2026-05-18 01:09:31,765 - root - INFO - Response status code: 200
2026-05-18 01:09:31,768 - root - INFO - API response from https://sg5.fusionsolar.huawei.com/rest/openapi/pvms/nbi/v1/device/history (truncated): {'failCode': 0, 'success': True, 'message': 'historical data information query successful.', 'data': [{'devDn': 'NE=63022352', 'collectTime': 1778950800000, 'dataItems': {'radiant_line': 0.0, 'horiz_radiant_total': None, 'horiz_radiant_line': None, 'temperature': 1.2, 'wind_speed': 0.0, 'wind_direction': None, 'radiant_total': 0.0, 'pv_temperature': 0.9}}, {'devDn': 'NE=63022352', 'collectTime': 1778951100000, 'dataItems': {'radiant_line': 0.0, 'horiz_radiant_total': None, 'horiz_radiant_line': ...
2026-05-18 01:09:31,770 - root - INFO - API Response type: <class 'dict'>
2026-05-18 01:09:31,770 - root - INFO - API Response keys: ['failCode', 'success', 'message', 'data']
2026-05-18 01:09:31,770 - root - INFO - API Response data is a list with 288 items
2026-05-18 01:09:31,770 - root - INFO - API Response has failCode: 0, message: historical data information query successful.
2026-05-18 01:09:31,770 - root - INFO - Using alternate response format: data as list
2026-05-18 01:09:31,770 - root - INFO - Received 288 data points from API
2026-05-18 01:09:31,770 - root - INFO - Sample data point structure: ['devDn', 'collectTime', 'dataItems']
2026-05-18 01:09:31,855 - root - INFO - Successfully upserted 288 data points.
2026-05-18 01:09:35,229 - root - INFO - Using single devDn for device/history (API: one device per query)
2026-05-18 01:09:35,230 - root - INFO - Fetching historical data for 1 devices of type meteo_station
2026-05-18 01:09:35,230 - root - INFO - Making API request to: https://sg5.fusionsolar.huawei.com/rest/openapi/pvms/nbi/v1/device/history
2026-05-18 01:09:35,230 - root - INFO - Request payload: {'devDn': 'NE=63022320', 'devTypeId': 10, 'startTime': 1778950800000, 'endTime': 1779037199000}
2026-05-18 01:09:35,918 - root - INFO - Response status code: 200
2026-05-18 01:09:35,920 - root - INFO - API response from https://sg5.fusionsolar.huawei.com/rest/openapi/pvms/nbi/v1/device/history (truncated): {'failCode': 0, 'success': True, 'message': 'historical data information query successful.', 'data': [{'devDn': 'NE=63022320', 'collectTime': 1778950800000, 'dataItems': {'radiant_line': 0.0, 'horiz_radiant_total': None, 'horiz_radiant_line': None, 'temperature': 1.2, 'wind_speed': 0.0, 'wind_direction': None, 'radiant_total': 0.0, 'pv_temperature': 1.0}}, {'devDn': 'NE=63022320', 'collectTime': 1778951100000, 'dataItems': {'radiant_line': 0.0, 'horiz_radiant_total': None, 'horiz_radiant_line': ...
2026-05-18 01:09:35,922 - root - INFO - API Response type: <class 'dict'>
2026-05-18 01:09:35,922 - root - INFO - API Response keys: ['failCode', 'success', 'message', 'data']
2026-05-18 01:09:35,922 - root - INFO - API Response data is a list with 288 items
2026-05-18 01:09:35,923 - root - INFO - API Response has failCode: 0, message: historical data information query successful.
2026-05-18 01:09:35,923 - root - INFO - Using alternate response format: data as list
2026-05-18 01:09:35,923 - root - INFO - Received 288 data points from API
2026-05-18 01:09:35,923 - root - INFO - Sample data point structure: ['devDn', 'collectTime', 'dataItems']
2026-05-18 01:09:36,011 - root - INFO - Successfully upserted 288 data points.
2026-05-18 01:09:39,904 - root - WARNING - No valid devDn in batch. Skipping because /device/history requires devDn.
2026-05-18 01:09:39,904 - root - WARNING - No valid devDn in batch. Skipping because /device/history requires devDn.
2026-05-18 01:09:39,905 - root - WARNING - No valid devDn in batch. Skipping because /device/history requires devDn.
2026-05-18 01:09:39,905 - root - WARNING - No valid devDn in batch. Skipping because /device/history requires devDn.
2026-05-18 01:09:39,905 - root - INFO - Using single devDn for device/history (API: one device per query)
2026-05-18 01:09:39,906 - root - INFO - Fetching historical data for 1 devices of type meteo_station
2026-05-18 01:09:39,906 - root - INFO - Making API request to: https://sg5.fusionsolar.huawei.com/rest/openapi/pvms/nbi/v1/device/history
2026-05-18 01:09:39,906 - root - INFO - Request payload: {'devDn': 'NE=61851546', 'devTypeId': 10, 'startTime': 1778950800000, 'endTime': 1779037199000}
2026-05-18 01:09:40,588 - root - INFO - Response status code: 200
2026-05-18 01:09:40,590 - root - INFO - API response from https://sg5.fusionsolar.huawei.com/rest/openapi/pvms/nbi/v1/device/history (truncated): {'failCode': 0, 'success': True, 'message': 'historical data information query successful.', 'data': [{'devDn': 'NE=61851546', 'collectTime': 1778950800000, 'dataItems': {'radiant_line': 0.0, 'horiz_radiant_total': None, 'horiz_radiant_line': None, 'temperature': None, 'wind_speed': None, 'wind_direction': None, 'radiant_total': 0.0, 'pv_temperature': 26.9}}, {'devDn': 'NE=61851546', 'collectTime': 1778951100000, 'dataItems': {'radiant_line': 0.0, 'horiz_radiant_total': None, 'horiz_radiant_line...
2026-05-18 01:09:40,593 - root - INFO - API Response type: <class 'dict'>
2026-05-18 01:09:40,593 - root - INFO - API Response keys: ['failCode', 'success', 'message', 'data']
2026-05-18 01:09:40,593 - root - INFO - API Response data is a list with 288 items
2026-05-18 01:09:40,593 - root - INFO - API Response has failCode: 0, message: historical data information query successful.
2026-05-18 01:09:40,593 - root - INFO - Using alternate response format: data as list
2026-05-18 01:09:40,593 - root - INFO - Received 288 data points from API
2026-05-18 01:09:40,593 - root - INFO - Sample data point structure: ['devDn', 'collectTime', 'dataItems']
2026-05-18 01:09:40,679 - root - INFO - Successfully upserted 288 data points.
2026-05-18 01:09:43,856 - root - INFO - Using single devDn for device/history (API: one device per query)
2026-05-18 01:09:43,858 - root - INFO - Fetching historical data for 1 devices of type meteo_station
2026-05-18 01:09:43,858 - root - INFO - Making API request to: https://sg5.fusionsolar.huawei.com/rest/openapi/pvms/nbi/v1/device/history
2026-05-18 01:09:43,858 - root - INFO - Request payload: {'devDn': 'NE=61851547', 'devTypeId': 10, 'startTime': 1778950800000, 'endTime': 1779037199000}
2026-05-18 01:09:44,549 - root - INFO - Response status code: 200
2026-05-18 01:09:44,551 - root - INFO - API response from https://sg5.fusionsolar.huawei.com/rest/openapi/pvms/nbi/v1/device/history (truncated): {'failCode': 0, 'success': True, 'message': 'historical data information query successful.', 'data': [{'devDn': 'NE=61851547', 'collectTime': 1778950800000, 'dataItems': {'radiant_line': 0.0, 'horiz_radiant_total': None, 'horiz_radiant_line': None, 'temperature': 28.0, 'wind_speed': None, 'wind_direction': None, 'radiant_total': 0.0, 'pv_temperature': None}}, {'devDn': 'NE=61851547', 'collectTime': 1778951100000, 'dataItems': {'radiant_line': 0.0, 'horiz_radiant_total': None, 'horiz_radiant_line...
2026-05-18 01:09:44,553 - root - INFO - API Response type: <class 'dict'>
2026-05-18 01:09:44,553 - root - INFO - API Response keys: ['failCode', 'success', 'message', 'data']
2026-05-18 01:09:44,554 - root - INFO - API Response data is a list with 288 items
2026-05-18 01:09:44,554 - root - INFO - API Response has failCode: 0, message: historical data information query successful.
2026-05-18 01:09:44,554 - root - INFO - Using alternate response format: data as list
2026-05-18 01:09:44,554 - root - INFO - Received 288 data points from API
2026-05-18 01:09:44,554 - root - INFO - Sample data point structure: ['devDn', 'collectTime', 'dataItems']
2026-05-18 01:09:44,636 - root - INFO - Successfully upserted 288 data points.
2026-05-18 01:09:47,740 - root - INFO - Using single devDn for device/history (API: one device per query)
2026-05-18 01:09:47,742 - root - INFO - Fetching historical data for 1 devices of type meteo_station
2026-05-18 01:09:47,742 - root - INFO - Making API request to: https://sg5.fusionsolar.huawei.com/rest/openapi/pvms/nbi/v1/device/history
2026-05-18 01:09:47,742 - root - INFO - Request payload: {'devDn': 'NE=61851544', 'devTypeId': 10, 'startTime': 1778950800000, 'endTime': 1779037199000}
2026-05-18 01:09:48,386 - root - INFO - Response status code: 200
2026-05-18 01:09:48,388 - root - INFO - API response from https://sg5.fusionsolar.huawei.com/rest/openapi/pvms/nbi/v1/device/history (truncated): {'failCode': 0, 'success': True, 'message': 'historical data information query successful.', 'data': [{'devDn': 'NE=61851544', 'collectTime': 1778950800000, 'dataItems': {'radiant_line': None, 'horiz_radiant_total': None, 'horiz_radiant_line': None, 'temperature': 27.6, 'wind_speed': 11.6, 'wind_direction': 11.0, 'radiant_total': None, 'pv_temperature': None}}, {'devDn': 'NE=61851544', 'collectTime': 1778951100000, 'dataItems': {'radiant_line': None, 'horiz_radiant_total': None, 'horiz_radiant_l...
2026-05-18 01:09:48,390 - root - INFO - API Response type: <class 'dict'>
2026-05-18 01:09:48,390 - root - INFO - API Response keys: ['failCode', 'success', 'message', 'data']
2026-05-18 01:09:48,391 - root - INFO - API Response data is a list with 288 items
2026-05-18 01:09:48,391 - root - INFO - API Response has failCode: 0, message: historical data information query successful.
2026-05-18 01:09:48,391 - root - INFO - Using alternate response format: data as list
2026-05-18 01:09:48,391 - root - INFO - Received 288 data points from API
2026-05-18 01:09:48,391 - root - INFO - Sample data point structure: ['devDn', 'collectTime', 'dataItems']
2026-05-18 01:09:48,475 - root - INFO - Successfully upserted 288 data points.
2026-05-18 01:09:51,618 - root - INFO - Using single devDn for device/history (API: one device per query)
2026-05-18 01:09:51,620 - root - INFO - Fetching historical data for 1 devices of type meteo_station
2026-05-18 01:09:51,620 - root - INFO - Making API request to: https://sg5.fusionsolar.huawei.com/rest/openapi/pvms/nbi/v1/device/history
2026-05-18 01:09:51,620 - root - INFO - Request payload: {'devDn': 'NE=61851545', 'devTypeId': 10, 'startTime': 1778950800000, 'endTime': 1779037199000}
2026-05-18 01:09:52,500 - root - INFO - Response status code: 200
2026-05-18 01:09:52,502 - root - INFO - API response from https://sg5.fusionsolar.huawei.com/rest/openapi/pvms/nbi/v1/device/history (truncated): {'failCode': 0, 'success': True, 'message': 'historical data information query successful.', 'data': [{'devDn': 'NE=61851545', 'collectTime': 1778950800000, 'dataItems': {'radiant_line': 0.0, 'horiz_radiant_total': None, 'horiz_radiant_line': None, 'temperature': 27.6, 'wind_speed': None, 'wind_direction': None, 'radiant_total': 0.0, 'pv_temperature': 27.8}}, {'devDn': 'NE=61851545', 'collectTime': 1778951100000, 'dataItems': {'radiant_line': 0.0, 'horiz_radiant_total': None, 'horiz_radiant_line...
2026-05-18 01:09:52,504 - root - INFO - API Response type: <class 'dict'>
2026-05-18 01:09:52,504 - root - INFO - API Response keys: ['failCode', 'success', 'message', 'data']
2026-05-18 01:09:52,504 - root - INFO - API Response data is a list with 288 items
2026-05-18 01:09:52,505 - root - INFO - API Response has failCode: 0, message: historical data information query successful.
2026-05-18 01:09:52,505 - root - INFO - Using alternate response format: data as list
2026-05-18 01:09:52,505 - root - INFO - Received 288 data points from API
2026-05-18 01:09:52,505 - root - INFO - Sample data point structure: ['devDn', 'collectTime', 'dataItems']
2026-05-18 01:09:52,597 - root - INFO - Successfully upserted 288 data points.
2026-05-18 01:09:55,869 - root - INFO - Using single devDn for device/history (API: one device per query)
2026-05-18 01:09:55,871 - root - INFO - Fetching historical data for 1 devices of type meteo_station
2026-05-18 01:09:55,871 - root - INFO - Making API request to: https://sg5.fusionsolar.huawei.com/rest/openapi/pvms/nbi/v1/device/history
2026-05-18 01:09:55,871 - root - INFO - Request payload: {'devDn': 'NE=52031808', 'devTypeId': 10, 'startTime': 1778950800000, 'endTime': 1779037199000}
2026-05-18 01:09:56,321 - root - INFO - Response status code: 200
2026-05-18 01:09:56,321 - root - INFO - API response from https://sg5.fusionsolar.huawei.com/rest/openapi/pvms/nbi/v1/device/history (truncated): {'failCode': 0, 'success': True, 'message': 'historical data information query successful.', 'data': []}
2026-05-18 01:09:56,324 - root - INFO - API Response type: <class 'dict'>
2026-05-18 01:09:56,324 - root - INFO - API Response keys: ['failCode', 'success', 'message', 'data']
2026-05-18 01:09:56,324 - root - INFO - API Response data is a list with 0 items
2026-05-18 01:09:56,324 - root - INFO - API Response has failCode: 0, message: historical data information query successful.
2026-05-18 01:09:56,324 - root - INFO - Using alternate response format: data as list
2026-05-18 01:09:56,324 - root - INFO - No data points returned for the query period
2026-05-18 01:09:56,324 - root - INFO - Using single devDn for device/history (API: one device per query)
2026-05-18 01:09:56,325 - root - INFO - Fetching historical data for 1 devices of type meteo_station
2026-05-18 01:09:56,325 - root - INFO - Making API request to: https://sg5.fusionsolar.huawei.com/rest/openapi/pvms/nbi/v1/device/history
2026-05-18 01:09:56,325 - root - INFO - Request payload: {'devDn': 'NE=52031805', 'devTypeId': 10, 'startTime': 1778950800000, 'endTime': 1779037199000}
2026-05-18 01:09:56,629 - root - INFO - Response status code: 200
2026-05-18 01:09:56,630 - root - INFO - API response from https://sg5.fusionsolar.huawei.com/rest/openapi/pvms/nbi/v1/device/history (truncated): {'failCode': 407, 'success': False, 'message': 'Interface access frequency:0.39333333333333337/1second', 'data': []}
2026-05-18 01:09:56,631 - root - WARNING - API access frequency too high. Waiting 30 seconds before retry...
2026-05-18 01:10:26,631 - root - INFO - Retrying API request after rate limit wait...
2026-05-18 01:10:26,632 - root - INFO - Making API request to: https://sg5.fusionsolar.huawei.com/rest/openapi/pvms/nbi/v1/device/history
2026-05-18 01:10:26,633 - root - INFO - Request payload: {'devDn': 'NE=52031805', 'devTypeId': 10, 'startTime': 1778950800000, 'endTime': 1779037199000}
2026-05-18 01:10:27,218 - root - INFO - Response status code: 200
2026-05-18 01:10:27,221 - root - INFO - API response from https://sg5.fusionsolar.huawei.com/rest/openapi/pvms/nbi/v1/device/history (truncated): {'failCode': 0, 'success': True, 'message': 'historical data information query successful.', 'data': [{'devDn': 'NE=52031805', 'collectTime': 1778950800000, 'dataItems': {'radiant_line': 69.0, 'horiz_radiant_total': None, 'horiz_radiant_line': None, 'temperature': 28.6, 'wind_speed': 1.0, 'wind_direction': 135.0, 'radiant_total': 0.0, 'pv_temperature': None}}, {'devDn': 'NE=52031805', 'collectTime': 1778951100000, 'dataItems': {'radiant_line': 69.0, 'horiz_radiant_total': None, 'horiz_radiant_li...
2026-05-18 01:10:27,224 - root - INFO - API Response type: <class 'dict'>
2026-05-18 01:10:27,224 - root - INFO - API Response keys: ['failCode', 'success', 'message', 'data']
2026-05-18 01:10:27,224 - root - INFO - API Response data is a list with 288 items
2026-05-18 01:10:27,224 - root - INFO - API Response has failCode: 0, message: historical data information query successful.
2026-05-18 01:10:27,224 - root - INFO - Using alternate response format: data as list
2026-05-18 01:10:27,224 - root - INFO - Received 288 data points from API
2026-05-18 01:10:27,224 - root - INFO - Sample data point structure: ['devDn', 'collectTime', 'dataItems']
2026-05-18 01:10:27,314 - root - INFO - Successfully upserted 288 data points.
2026-05-18 01:10:31,726 - root - INFO - Using single devDn for device/history (API: one device per query)
2026-05-18 01:10:31,727 - root - INFO - Fetching historical data for 1 devices of type meteo_station
2026-05-18 01:10:31,727 - root - INFO - Making API request to: https://sg5.fusionsolar.huawei.com/rest/openapi/pvms/nbi/v1/device/history
2026-05-18 01:10:31,727 - root - INFO - Request payload: {'devDn': 'NE=52031807', 'devTypeId': 10, 'startTime': 1778950800000, 'endTime': 1779037199000}
2026-05-18 01:10:32,152 - root - INFO - Response status code: 200
2026-05-18 01:10:32,152 - root - INFO - API response from https://sg5.fusionsolar.huawei.com/rest/openapi/pvms/nbi/v1/device/history (truncated): {'failCode': 0, 'success': True, 'message': 'historical data information query successful.', 'data': []}
2026-05-18 01:10:32,155 - root - INFO - API Response type: <class 'dict'>
2026-05-18 01:10:32,155 - root - INFO - API Response keys: ['failCode', 'success', 'message', 'data']
2026-05-18 01:10:32,155 - root - INFO - API Response data is a list with 0 items
2026-05-18 01:10:32,155 - root - INFO - API Response has failCode: 0, message: historical data information query successful.
2026-05-18 01:10:32,155 - root - INFO - Using alternate response format: data as list
2026-05-18 01:10:32,156 - root - INFO - No data points returned for the query period
2026-05-18 01:10:32,156 - root - INFO - Using single devDn for device/history (API: one device per query)
2026-05-18 01:10:32,156 - root - INFO - Fetching historical data for 1 devices of type meteo_station
2026-05-18 01:10:32,156 - root - INFO - Making API request to: https://sg5.fusionsolar.huawei.com/rest/openapi/pvms/nbi/v1/device/history
2026-05-18 01:10:32,156 - root - INFO - Request payload: {'devDn': 'NE=52031804', 'devTypeId': 10, 'startTime': 1778950800000, 'endTime': 1779037199000}
2026-05-18 01:10:32,470 - root - INFO - Response status code: 200
2026-05-18 01:10:32,471 - root - INFO - API response from https://sg5.fusionsolar.huawei.com/rest/openapi/pvms/nbi/v1/device/history (truncated): {'failCode': 407, 'success': False, 'message': 'Interface access frequency:0.39333333333333337/1second', 'data': []}
2026-05-18 01:10:32,471 - root - WARNING - API access frequency too high. Waiting 30 seconds before retry...
2026-05-18 01:11:02,472 - root - INFO - Retrying API request after rate limit wait...
2026-05-18 01:11:02,472 - root - INFO - Making API request to: https://sg5.fusionsolar.huawei.com/rest/openapi/pvms/nbi/v1/device/history
2026-05-18 01:11:02,473 - root - INFO - Request payload: {'devDn': 'NE=52031804', 'devTypeId': 10, 'startTime': 1778950800000, 'endTime': 1779037199000}
2026-05-18 01:11:02,921 - root - INFO - Response status code: 200
2026-05-18 01:11:02,921 - root - INFO - API response from https://sg5.fusionsolar.huawei.com/rest/openapi/pvms/nbi/v1/device/history (truncated): {'failCode': 0, 'success': True, 'message': 'historical data information query successful.', 'data': []}
2026-05-18 01:11:02,925 - root - INFO - API Response type: <class 'dict'>
2026-05-18 01:11:02,925 - root - INFO - API Response keys: ['failCode', 'success', 'message', 'data']
2026-05-18 01:11:02,925 - root - INFO - API Response data is a list with 0 items
2026-05-18 01:11:02,925 - root - INFO - API Response has failCode: 0, message: historical data information query successful.
2026-05-18 01:11:02,925 - root - INFO - Using alternate response format: data as list
2026-05-18 01:11:02,925 - root - INFO - No data points returned for the query period
2026-05-18 01:11:02,926 - root - INFO - Using single devDn for device/history (API: one device per query)
2026-05-18 01:11:02,926 - root - INFO - Fetching historical data for 1 devices of type meteo_station
2026-05-18 01:11:02,926 - root - INFO - Making API request to: https://sg5.fusionsolar.huawei.com/rest/openapi/pvms/nbi/v1/device/history
2026-05-18 01:11:02,926 - root - INFO - Request payload: {'devDn': 'NE=52031809', 'devTypeId': 10, 'startTime': 1778950800000, 'endTime': 1779037199000}
2026-05-18 01:11:03,257 - root - INFO - Response status code: 200
2026-05-18 01:11:03,257 - root - INFO - API response from https://sg5.fusionsolar.huawei.com/rest/openapi/pvms/nbi/v1/device/history (truncated): {'failCode': 407, 'success': False, 'message': 'Interface access frequency:0.39333333333333337/1second', 'data': []}
2026-05-18 01:11:03,258 - root - WARNING - API access frequency too high. Waiting 30 seconds before retry...
2026-05-18 01:11:33,258 - root - INFO - Retrying API request after rate limit wait...
2026-05-18 01:11:33,258 - root - INFO - Making API request to: https://sg5.fusionsolar.huawei.com/rest/openapi/pvms/nbi/v1/device/history
2026-05-18 01:11:33,259 - root - INFO - Request payload: {'devDn': 'NE=52031809', 'devTypeId': 10, 'startTime': 1778950800000, 'endTime': 1779037199000}
2026-05-18 01:11:34,007 - root - INFO - Response status code: 200
2026-05-18 01:11:34,009 - root - INFO - API response from https://sg5.fusionsolar.huawei.com/rest/openapi/pvms/nbi/v1/device/history (truncated): {'failCode': 0, 'success': True, 'message': 'historical data information query successful.', 'data': [{'devDn': 'NE=52031809', 'collectTime': 1778950800000, 'dataItems': {'radiant_line': None, 'horiz_radiant_total': None, 'horiz_radiant_line': None, 'temperature': 29.1, 'wind_speed': None, 'wind_direction': None, 'radiant_total': None, 'pv_temperature': None}}, {'devDn': 'NE=52031809', 'collectTime': 1778951100000, 'dataItems': {'radiant_line': None, 'horiz_radiant_total': None, 'horiz_radiant_l...
2026-05-18 01:11:34,012 - root - INFO - API Response type: <class 'dict'>
2026-05-18 01:11:34,012 - root - INFO - API Response keys: ['failCode', 'success', 'message', 'data']
2026-05-18 01:11:34,012 - root - INFO - API Response data is a list with 288 items
2026-05-18 01:11:34,012 - root - INFO - API Response has failCode: 0, message: historical data information query successful.
2026-05-18 01:11:34,012 - root - INFO - Using alternate response format: data as list
2026-05-18 01:11:34,012 - root - INFO - Received 288 data points from API
2026-05-18 01:11:34,012 - root - INFO - Sample data point structure: ['devDn', 'collectTime', 'dataItems']
2026-05-18 01:11:34,098 - root - INFO - Successfully upserted 288 data points.
2026-05-18 01:11:38,071 - root - INFO - Using single devDn for device/history (API: one device per query)
2026-05-18 01:11:38,072 - root - INFO - Fetching historical data for 1 devices of type meteo_station
2026-05-18 01:11:38,072 - root - INFO - Making API request to: https://sg5.fusionsolar.huawei.com/rest/openapi/pvms/nbi/v1/device/history
2026-05-18 01:11:38,072 - root - INFO - Request payload: {'devDn': 'NE=52031806', 'devTypeId': 10, 'startTime': 1778950800000, 'endTime': 1779037199000}
2026-05-18 01:11:38,470 - root - INFO - Response status code: 200
2026-05-18 01:11:38,470 - root - INFO - API response from https://sg5.fusionsolar.huawei.com/rest/openapi/pvms/nbi/v1/device/history (truncated): {'failCode': 0, 'success': True, 'message': 'historical data information query successful.', 'data': []}
2026-05-18 01:11:38,473 - root - INFO - API Response type: <class 'dict'>
2026-05-18 01:11:38,473 - root - INFO - API Response keys: ['failCode', 'success', 'message', 'data']
2026-05-18 01:11:38,473 - root - INFO - API Response data is a list with 0 items
2026-05-18 01:11:38,473 - root - INFO - API Response has failCode: 0, message: historical data information query successful.
2026-05-18 01:11:38,473 - root - INFO - Using alternate response format: data as list
2026-05-18 01:11:38,474 - root - INFO - No data points returned for the query period
2026-05-18 01:11:38,474 - root - INFO - Using single devDn for device/history (API: one device per query)
2026-05-18 01:11:38,474 - root - INFO - Fetching historical data for 1 devices of type meteo_station
2026-05-18 01:11:38,474 - root - INFO - Making API request to: https://sg5.fusionsolar.huawei.com/rest/openapi/pvms/nbi/v1/device/history
2026-05-18 01:11:38,474 - root - INFO - Request payload: {'devDn': 'NE=51758771', 'devTypeId': 10, 'startTime': 1778950800000, 'endTime': 1779037199000}
2026-05-18 01:11:38,897 - root - INFO - Response status code: 200
2026-05-18 01:11:38,897 - root - INFO - API response from https://sg5.fusionsolar.huawei.com/rest/openapi/pvms/nbi/v1/device/history (truncated): {'failCode': 0, 'success': True, 'message': 'historical data information query successful.', 'data': []}
2026-05-18 01:11:38,900 - root - INFO - API Response type: <class 'dict'>
2026-05-18 01:11:38,900 - root - INFO - API Response keys: ['failCode', 'success', 'message', 'data']
2026-05-18 01:11:38,900 - root - INFO - API Response data is a list with 0 items
2026-05-18 01:11:38,900 - root - INFO - API Response has failCode: 0, message: historical data information query successful.
2026-05-18 01:11:38,900 - root - INFO - Using alternate response format: data as list
2026-05-18 01:11:38,900 - root - INFO - No data points returned for the query period
2026-05-18 01:11:38,900 - root - INFO - Using single devDn for device/history (API: one device per query)
2026-05-18 01:11:38,901 - root - INFO - Fetching historical data for 1 devices of type meteo_station
2026-05-18 01:11:38,901 - root - INFO - Making API request to: https://sg5.fusionsolar.huawei.com/rest/openapi/pvms/nbi/v1/device/history
2026-05-18 01:11:38,901 - root - INFO - Request payload: {'devDn': 'NE=51758772', 'devTypeId': 10, 'startTime': 1778950800000, 'endTime': 1779037199000}
2026-05-18 01:11:39,244 - root - INFO - Response status code: 200
2026-05-18 01:11:39,245 - root - INFO - API response from https://sg5.fusionsolar.huawei.com/rest/openapi/pvms/nbi/v1/device/history (truncated): {'failCode': 407, 'success': False, 'message': 'Interface access frequency:0.39333333333333337/1second', 'data': []}
2026-05-18 01:11:39,246 - root - WARNING - API access frequency too high. Waiting 30 seconds before retry...
2026-05-18 01:12:09,246 - root - INFO - Retrying API request after rate limit wait...
2026-05-18 01:12:09,247 - root - INFO - Making API request to: https://sg5.fusionsolar.huawei.com/rest/openapi/pvms/nbi/v1/device/history
2026-05-18 01:12:09,247 - root - INFO - Request payload: {'devDn': 'NE=51758772', 'devTypeId': 10, 'startTime': 1778950800000, 'endTime': 1779037199000}
2026-05-18 01:12:09,704 - root - INFO - Response status code: 200
2026-05-18 01:12:09,705 - root - INFO - API response from https://sg5.fusionsolar.huawei.com/rest/openapi/pvms/nbi/v1/device/history (truncated): {'failCode': 0, 'success': True, 'message': 'historical data information query successful.', 'data': []}
2026-05-18 01:12:09,709 - root - INFO - API Response type: <class 'dict'>
2026-05-18 01:12:09,709 - root - INFO - API Response keys: ['failCode', 'success', 'message', 'data']
2026-05-18 01:12:09,709 - root - INFO - API Response data is a list with 0 items
2026-05-18 01:12:09,709 - root - INFO - API Response has failCode: 0, message: historical data information query successful.
2026-05-18 01:12:09,709 - root - INFO - Using alternate response format: data as list
2026-05-18 01:12:09,709 - root - INFO - No data points returned for the query period
2026-05-18 01:12:09,709 - root - INFO - Using single devDn for device/history (API: one device per query)
2026-05-18 01:12:09,710 - root - INFO - Fetching historical data for 1 devices of type meteo_station
2026-05-18 01:12:09,710 - root - INFO - Making API request to: https://sg5.fusionsolar.huawei.com/rest/openapi/pvms/nbi/v1/device/history
2026-05-18 01:12:09,710 - root - INFO - Request payload: {'devDn': 'NE=51758770', 'devTypeId': 10, 'startTime': 1778950800000, 'endTime': 1779037199000}
2026-05-18 01:12:10,042 - root - INFO - Response status code: 200
2026-05-18 01:12:10,042 - root - INFO - API response from https://sg5.fusionsolar.huawei.com/rest/openapi/pvms/nbi/v1/device/history (truncated): {'failCode': 407, 'success': False, 'message': 'Interface access frequency:0.39333333333333337/1second', 'data': []}
2026-05-18 01:12:10,043 - root - WARNING - API access frequency too high. Waiting 30 seconds before retry...
2026-05-18 01:12:40,043 - root - INFO - Retrying API request after rate limit wait...
2026-05-18 01:12:40,043 - root - INFO - Making API request to: https://sg5.fusionsolar.huawei.com/rest/openapi/pvms/nbi/v1/device/history
2026-05-18 01:12:40,044 - root - INFO - Request payload: {'devDn': 'NE=51758770', 'devTypeId': 10, 'startTime': 1778950800000, 'endTime': 1779037199000}
2026-05-18 01:12:40,924 - root - INFO - Response status code: 200
2026-05-18 01:12:40,926 - root - INFO - API response from https://sg5.fusionsolar.huawei.com/rest/openapi/pvms/nbi/v1/device/history (truncated): {'failCode': 0, 'success': True, 'message': 'historical data information query successful.', 'data': [{'devDn': 'NE=51758770', 'collectTime': 1778950800000, 'dataItems': {'radiant_line': 0.0, 'horiz_radiant_total': None, 'horiz_radiant_line': None, 'temperature': 28.5, 'wind_speed': None, 'wind_direction': None, 'radiant_total': 0.0, 'pv_temperature': None}}, {'devDn': 'NE=51758770', 'collectTime': 1778951100000, 'dataItems': {'radiant_line': 0.0, 'horiz_radiant_total': None, 'horiz_radiant_line...
2026-05-18 01:12:40,930 - root - INFO - API Response type: <class 'dict'>
2026-05-18 01:12:40,930 - root - INFO - API Response keys: ['failCode', 'success', 'message', 'data']
2026-05-18 01:12:40,930 - root - INFO - API Response data is a list with 288 items
2026-05-18 01:12:40,931 - root - INFO - API Response has failCode: 0, message: historical data information query successful.
2026-05-18 01:12:40,931 - root - INFO - Using alternate response format: data as list
2026-05-18 01:12:40,931 - root - INFO - Received 288 data points from API
2026-05-18 01:12:40,931 - root - INFO - Sample data point structure: ['devDn', 'collectTime', 'dataItems']
2026-05-18 01:12:41,021 - root - INFO - Successfully upserted 288 data points.
2026-05-18 01:12:44,759 - root - INFO - Using single devDn for device/history (API: one device per query)
2026-05-18 01:12:44,761 - root - INFO - Fetching historical data for 1 devices of type meteo_station
2026-05-18 01:12:44,761 - root - INFO - Making API request to: https://sg5.fusionsolar.huawei.com/rest/openapi/pvms/nbi/v1/device/history
2026-05-18 01:12:44,761 - root - INFO - Request payload: {'devDn': 'NE=58795760', 'devTypeId': 10, 'startTime': 1778950800000, 'endTime': 1779037199000}
2026-05-18 01:12:45,210 - root - INFO - Response status code: 200
2026-05-18 01:12:45,210 - root - INFO - API response from https://sg5.fusionsolar.huawei.com/rest/openapi/pvms/nbi/v1/device/history (truncated): {'failCode': 0, 'success': True, 'message': 'historical data information query successful.', 'data': []}
2026-05-18 01:12:45,213 - root - INFO - API Response type: <class 'dict'>
2026-05-18 01:12:45,213 - root - INFO - API Response keys: ['failCode', 'success', 'message', 'data']
2026-05-18 01:12:45,213 - root - INFO - API Response data is a list with 0 items
2026-05-18 01:12:45,213 - root - INFO - API Response has failCode: 0, message: historical data information query successful.
2026-05-18 01:12:45,213 - root - INFO - Using alternate response format: data as list
2026-05-18 01:12:45,214 - root - INFO - No data points returned for the query period
2026-05-18 01:12:45,214 - root - INFO - Using single devDn for device/history (API: one device per query)
2026-05-18 01:12:45,214 - root - INFO - Fetching historical data for 1 devices of type meteo_station
2026-05-18 01:12:45,214 - root - INFO - Making API request to: https://sg5.fusionsolar.huawei.com/rest/openapi/pvms/nbi/v1/device/history
2026-05-18 01:12:45,214 - root - INFO - Request payload: {'devDn': 'NE=58795790', 'devTypeId': 10, 'startTime': 1778950800000, 'endTime': 1779037199000}
2026-05-18 01:12:45,558 - root - INFO - Response status code: 200
2026-05-18 01:12:45,559 - root - INFO - API response from https://sg5.fusionsolar.huawei.com/rest/openapi/pvms/nbi/v1/device/history (truncated): {'failCode': 407, 'success': False, 'message': 'Interface access frequency:0.39333333333333337/1second', 'data': []}
2026-05-18 01:12:45,560 - root - WARNING - API access frequency too high. Waiting 30 seconds before retry...
2026-05-18 01:13:15,560 - root - INFO - Retrying API request after rate limit wait...
2026-05-18 01:13:15,560 - root - INFO - Making API request to: https://sg5.fusionsolar.huawei.com/rest/openapi/pvms/nbi/v1/device/history
2026-05-18 01:13:15,561 - root - INFO - Request payload: {'devDn': 'NE=58795790', 'devTypeId': 10, 'startTime': 1778950800000, 'endTime': 1779037199000}
2026-05-18 01:13:15,991 - root - INFO - Response status code: 200
2026-05-18 01:13:15,991 - root - INFO - API response from https://sg5.fusionsolar.huawei.com/rest/openapi/pvms/nbi/v1/device/history (truncated): {'failCode': 0, 'success': True, 'message': 'historical data information query successful.', 'data': []}
2026-05-18 01:13:15,995 - root - INFO - API Response type: <class 'dict'>
2026-05-18 01:13:15,995 - root - INFO - API Response keys: ['failCode', 'success', 'message', 'data']
2026-05-18 01:13:15,995 - root - INFO - API Response data is a list with 0 items
2026-05-18 01:13:15,995 - root - INFO - API Response has failCode: 0, message: historical data information query successful.
2026-05-18 01:13:15,995 - root - INFO - Using alternate response format: data as list
2026-05-18 01:13:15,995 - root - INFO - No data points returned for the query period
2026-05-18 01:13:15,996 - root - INFO - Using single devDn for device/history (API: one device per query)
2026-05-18 01:13:15,996 - root - INFO - Fetching historical data for 1 devices of type meteo_station
2026-05-18 01:13:15,996 - root - INFO - Making API request to: https://sg5.fusionsolar.huawei.com/rest/openapi/pvms/nbi/v1/device/history
2026-05-18 01:13:15,996 - root - INFO - Request payload: {'devDn': 'NE=63022292', 'devTypeId': 10, 'startTime': 1778950800000, 'endTime': 1779037199000}
2026-05-18 01:13:16,332 - root - INFO - Response status code: 200
2026-05-18 01:13:16,333 - root - INFO - API response from https://sg5.fusionsolar.huawei.com/rest/openapi/pvms/nbi/v1/device/history (truncated): {'failCode': 407, 'success': False, 'message': 'Interface access frequency:0.39333333333333337/1second', 'data': []}
2026-05-18 01:13:16,333 - root - WARNING - API access frequency too high. Waiting 30 seconds before retry...
2026-05-18 01:13:46,334 - root - INFO - Retrying API request after rate limit wait...
2026-05-18 01:13:46,334 - root - INFO - Making API request to: https://sg5.fusionsolar.huawei.com/rest/openapi/pvms/nbi/v1/device/history
2026-05-18 01:13:46,335 - root - INFO - Request payload: {'devDn': 'NE=63022292', 'devTypeId': 10, 'startTime': 1778950800000, 'endTime': 1779037199000}
2026-05-18 01:13:46,953 - root - INFO - Response status code: 200
2026-05-18 01:13:46,956 - root - INFO - API response from https://sg5.fusionsolar.huawei.com/rest/openapi/pvms/nbi/v1/device/history (truncated): {'failCode': 0, 'success': True, 'message': 'historical data information query successful.', 'data': [{'devDn': 'NE=63022292', 'collectTime': 1778950800000, 'dataItems': {'radiant_line': 0.0, 'horiz_radiant_total': None, 'horiz_radiant_line': None, 'temperature': 1.6, 'wind_speed': 0.0, 'wind_direction': None, 'radiant_total': 0.0, 'pv_temperature': 1.2}}, {'devDn': 'NE=63022292', 'collectTime': 1778951100000, 'dataItems': {'radiant_line': 0.0, 'horiz_radiant_total': None, 'horiz_radiant_line': ...
2026-05-18 01:13:46,959 - root - INFO - API Response type: <class 'dict'>
2026-05-18 01:13:46,959 - root - INFO - API Response keys: ['failCode', 'success', 'message', 'data']
2026-05-18 01:13:46,959 - root - INFO - API Response data is a list with 288 items
2026-05-18 01:13:46,960 - root - INFO - API Response has failCode: 0, message: historical data information query successful.
2026-05-18 01:13:46,960 - root - INFO - Using alternate response format: data as list
2026-05-18 01:13:46,960 - root - INFO - Received 288 data points from API
2026-05-18 01:13:46,960 - root - INFO - Sample data point structure: ['devDn', 'collectTime', 'dataItems']
2026-05-18 01:13:47,055 - root - INFO - Successfully upserted 288 data points.
2026-05-18 01:13:50,955 - root - INFO - Using single devDn for device/history (API: one device per query)
2026-05-18 01:13:50,956 - root - INFO - Fetching historical data for 1 devices of type meteo_station
2026-05-18 01:13:50,957 - root - INFO - Making API request to: https://sg5.fusionsolar.huawei.com/rest/openapi/pvms/nbi/v1/device/history
2026-05-18 01:13:50,957 - root - INFO - Request payload: {'devDn': 'NE=63022168', 'devTypeId': 10, 'startTime': 1778950800000, 'endTime': 1779037199000}
2026-05-18 01:13:51,521 - root - INFO - Response status code: 200
2026-05-18 01:13:51,524 - root - INFO - API response from https://sg5.fusionsolar.huawei.com/rest/openapi/pvms/nbi/v1/device/history (truncated): {'failCode': 0, 'success': True, 'message': 'historical data information query successful.', 'data': [{'devDn': 'NE=63022168', 'collectTime': 1778950800000, 'dataItems': {'radiant_line': 0.0, 'horiz_radiant_total': None, 'horiz_radiant_line': None, 'temperature': 1.2, 'wind_speed': 0.0, 'wind_direction': None, 'radiant_total': 0.0, 'pv_temperature': 1.1}}, {'devDn': 'NE=63022168', 'collectTime': 1778951100000, 'dataItems': {'radiant_line': 0.0, 'horiz_radiant_total': None, 'horiz_radiant_line': ...
2026-05-18 01:13:51,526 - root - INFO - API Response type: <class 'dict'>
2026-05-18 01:13:51,526 - root - INFO - API Response keys: ['failCode', 'success', 'message', 'data']
2026-05-18 01:13:51,526 - root - INFO - API Response data is a list with 288 items
2026-05-18 01:13:51,526 - root - INFO - API Response has failCode: 0, message: historical data information query successful.
2026-05-18 01:13:51,526 - root - INFO - Using alternate response format: data as list
2026-05-18 01:13:51,526 - root - INFO - Received 288 data points from API
2026-05-18 01:13:51,526 - root - INFO - Sample data point structure: ['devDn', 'collectTime', 'dataItems']
2026-05-18 01:13:51,615 - root - INFO - Successfully upserted 288 data points.
2026-05-18 01:13:55,046 - root - INFO - Using single devDn for device/history (API: one device per query)
2026-05-18 01:13:55,048 - root - INFO - Fetching historical data for 1 devices of type meteo_station
2026-05-18 01:13:55,048 - root - INFO - Making API request to: https://sg5.fusionsolar.huawei.com/rest/openapi/pvms/nbi/v1/device/history
2026-05-18 01:13:55,048 - root - INFO - Request payload: {'devDn': 'NE=63022396', 'devTypeId': 10, 'startTime': 1778950800000, 'endTime': 1779037199000}
2026-05-18 01:13:55,611 - root - INFO - Response status code: 200
2026-05-18 01:13:55,614 - root - INFO - API response from https://sg5.fusionsolar.huawei.com/rest/openapi/pvms/nbi/v1/device/history (truncated): {'failCode': 0, 'success': True, 'message': 'historical data information query successful.', 'data': [{'devDn': 'NE=63022396', 'collectTime': 1778950800000, 'dataItems': {'radiant_line': 0.0, 'horiz_radiant_total': None, 'horiz_radiant_line': None, 'temperature': 1.3, 'wind_speed': 0.0, 'wind_direction': None, 'radiant_total': 0.0, 'pv_temperature': 1.1}}, {'devDn': 'NE=63022396', 'collectTime': 1778951100000, 'dataItems': {'radiant_line': 0.0, 'horiz_radiant_total': None, 'horiz_radiant_line': ...
2026-05-18 01:13:55,616 - root - INFO - API Response type: <class 'dict'>
2026-05-18 01:13:55,616 - root - INFO - API Response keys: ['failCode', 'success', 'message', 'data']
2026-05-18 01:13:55,616 - root - INFO - API Response data is a list with 288 items
2026-05-18 01:13:55,617 - root - INFO - API Response has failCode: 0, message: historical data information query successful.
2026-05-18 01:13:55,617 - root - INFO - Using alternate response format: data as list
2026-05-18 01:13:55,617 - root - INFO - Received 288 data points from API
2026-05-18 01:13:55,617 - root - INFO - Sample data point structure: ['devDn', 'collectTime', 'dataItems']
2026-05-18 01:13:55,709 - root - INFO - Successfully upserted 288 data points.
2026-05-18 01:13:59,070 - root - INFO - Using single devDn for device/history (API: one device per query)
2026-05-18 01:13:59,072 - root - INFO - Fetching historical data for 1 devices of type meteo_station
2026-05-18 01:13:59,072 - root - INFO - Making API request to: https://sg5.fusionsolar.huawei.com/rest/openapi/pvms/nbi/v1/device/history
2026-05-18 01:13:59,072 - root - INFO - Request payload: {'devDn': 'NE=63022388', 'devTypeId': 10, 'startTime': 1778950800000, 'endTime': 1779037199000}
2026-05-18 01:13:59,671 - root - INFO - Response status code: 200
2026-05-18 01:13:59,674 - root - INFO - API response from https://sg5.fusionsolar.huawei.com/rest/openapi/pvms/nbi/v1/device/history (truncated): {'failCode': 0, 'success': True, 'message': 'historical data information query successful.', 'data': [{'devDn': 'NE=63022388', 'collectTime': 1778950800000, 'dataItems': {'radiant_line': 0.0, 'horiz_radiant_total': None, 'horiz_radiant_line': None, 'temperature': 1.2, 'wind_speed': 0.0, 'wind_direction': None, 'radiant_total': 0.0, 'pv_temperature': 1.2}}, {'devDn': 'NE=63022388', 'collectTime': 1778951100000, 'dataItems': {'radiant_line': 0.0, 'horiz_radiant_total': None, 'horiz_radiant_line': ...
2026-05-18 01:13:59,676 - root - INFO - API Response type: <class 'dict'>
2026-05-18 01:13:59,676 - root - INFO - API Response keys: ['failCode', 'success', 'message', 'data']
2026-05-18 01:13:59,676 - root - INFO - API Response data is a list with 288 items
2026-05-18 01:13:59,676 - root - INFO - API Response has failCode: 0, message: historical data information query successful.
2026-05-18 01:13:59,676 - root - INFO - Using alternate response format: data as list
2026-05-18 01:13:59,676 - root - INFO - Received 288 data points from API
2026-05-18 01:13:59,677 - root - INFO - Sample data point structure: ['devDn', 'collectTime', 'dataItems']
2026-05-18 01:13:59,764 - root - INFO - Successfully upserted 288 data points.
2026-05-18 01:14:03,272 - root - INFO - Using single devDn for device/history (API: one device per query)
2026-05-18 01:14:03,272 - root - INFO - Fetching historical data for 1 devices of type meteo_station
2026-05-18 01:14:03,273 - root - INFO - Making API request to: https://sg5.fusionsolar.huawei.com/rest/openapi/pvms/nbi/v1/device/history
2026-05-18 01:14:03,273 - root - INFO - Request payload: {'devDn': 'NE=63022386', 'devTypeId': 10, 'startTime': 1778950800000, 'endTime': 1779037199000}
2026-05-18 01:14:03,871 - root - INFO - Response status code: 200
2026-05-18 01:14:03,874 - root - INFO - API response from https://sg5.fusionsolar.huawei.com/rest/openapi/pvms/nbi/v1/device/history (truncated): {'failCode': 0, 'success': True, 'message': 'historical data information query successful.', 'data': [{'devDn': 'NE=63022386', 'collectTime': 1778950800000, 'dataItems': {'radiant_line': 0.0, 'horiz_radiant_total': None, 'horiz_radiant_line': None, 'temperature': 1.3, 'wind_speed': 0.0, 'wind_direction': None, 'radiant_total': 0.0, 'pv_temperature': 1.0}}, {'devDn': 'NE=63022386', 'collectTime': 1778951100000, 'dataItems': {'radiant_line': 0.1, 'horiz_radiant_total': None, 'horiz_radiant_line': ...
2026-05-18 01:14:03,877 - root - INFO - API Response type: <class 'dict'>
2026-05-18 01:14:03,877 - root - INFO - API Response keys: ['failCode', 'success', 'message', 'data']
2026-05-18 01:14:03,877 - root - INFO - API Response data is a list with 288 items
2026-05-18 01:14:03,877 - root - INFO - API Response has failCode: 0, message: historical data information query successful.
2026-05-18 01:14:03,877 - root - INFO - Using alternate response format: data as list
2026-05-18 01:14:03,878 - root - INFO - Received 288 data points from API
2026-05-18 01:14:03,878 - root - INFO - Sample data point structure: ['devDn', 'collectTime', 'dataItems']
2026-05-18 01:14:03,975 - root - INFO - Successfully upserted 288 data points.
2026-05-18 01:14:07,300 - root - INFO - Using single devDn for device/history (API: one device per query)
2026-05-18 01:14:07,301 - root - INFO - Fetching historical data for 1 devices of type meteo_station
2026-05-18 01:14:07,301 - root - INFO - Making API request to: https://sg5.fusionsolar.huawei.com/rest/openapi/pvms/nbi/v1/device/history
2026-05-18 01:14:07,301 - root - INFO - Request payload: {'devDn': 'NE=50518052', 'devTypeId': 10, 'startTime': 1778950800000, 'endTime': 1779037199000}
2026-05-18 01:14:08,098 - root - INFO - Response status code: 200
2026-05-18 01:14:08,101 - root - INFO - API response from https://sg5.fusionsolar.huawei.com/rest/openapi/pvms/nbi/v1/device/history (truncated): {'failCode': 0, 'success': True, 'message': 'historical data information query successful.', 'data': [{'devDn': 'NE=50518052', 'collectTime': 1778950800000, 'dataItems': {'radiant_line': 0.0, 'horiz_radiant_total': None, 'horiz_radiant_line': None, 'temperature': 1.2, 'wind_speed': 0.0, 'wind_direction': None, 'radiant_total': 0.0, 'pv_temperature': 1.1}}, {'devDn': 'NE=50518052', 'collectTime': 1778951100000, 'dataItems': {'radiant_line': 0.0, 'horiz_radiant_total': None, 'horiz_radiant_line': ...
2026-05-18 01:14:08,103 - root - INFO - API Response type: <class 'dict'>
2026-05-18 01:14:08,103 - root - INFO - API Response keys: ['failCode', 'success', 'message', 'data']
2026-05-18 01:14:08,103 - root - INFO - API Response data is a list with 288 items
2026-05-18 01:14:08,103 - root - INFO - API Response has failCode: 0, message: historical data information query successful.
2026-05-18 01:14:08,103 - root - INFO - Using alternate response format: data as list
2026-05-18 01:14:08,104 - root - INFO - Received 288 data points from API
2026-05-18 01:14:08,104 - root - INFO - Sample data point structure: ['devDn', 'collectTime', 'dataItems']
2026-05-18 01:14:08,194 - root - INFO - Successfully upserted 288 data points.
2026-05-18 01:14:11,992 - root - INFO - Using single devDn for device/history (API: one device per query)
2026-05-18 01:14:11,992 - root - INFO - Fetching historical data for 1 devices of type meteo_station
2026-05-18 01:14:11,993 - root - INFO - Making API request to: https://sg5.fusionsolar.huawei.com/rest/openapi/pvms/nbi/v1/device/history
2026-05-18 01:14:11,993 - root - INFO - Request payload: {'devDn': 'NE=50518051', 'devTypeId': 10, 'startTime': 1778950800000, 'endTime': 1779037199000}
2026-05-18 01:14:12,607 - root - INFO - Response status code: 200
2026-05-18 01:14:12,610 - root - INFO - API response from https://sg5.fusionsolar.huawei.com/rest/openapi/pvms/nbi/v1/device/history (truncated): {'failCode': 0, 'success': True, 'message': 'historical data information query successful.', 'data': [{'devDn': 'NE=50518051', 'collectTime': 1778950800000, 'dataItems': {'radiant_line': 0.0, 'horiz_radiant_total': None, 'horiz_radiant_line': None, 'temperature': 1.2, 'wind_speed': 0.0, 'wind_direction': None, 'radiant_total': 0.0, 'pv_temperature': 1.0}}, {'devDn': 'NE=50518051', 'collectTime': 1778951100000, 'dataItems': {'radiant_line': 0.0, 'horiz_radiant_total': None, 'horiz_radiant_line': ...
2026-05-18 01:14:12,612 - root - INFO - API Response type: <class 'dict'>
2026-05-18 01:14:12,612 - root - INFO - API Response keys: ['failCode', 'success', 'message', 'data']
2026-05-18 01:14:12,612 - root - INFO - API Response data is a list with 288 items
2026-05-18 01:14:12,612 - root - INFO - API Response has failCode: 0, message: historical data information query successful.
2026-05-18 01:14:12,613 - root - INFO - Using alternate response format: data as list
2026-05-18 01:14:12,613 - root - INFO - Received 288 data points from API
2026-05-18 01:14:12,613 - root - INFO - Sample data point structure: ['devDn', 'collectTime', 'dataItems']
2026-05-18 01:14:12,706 - root - INFO - Successfully upserted 288 data points.
2026-05-18 01:14:16,235 - root - INFO - Using single devDn for device/history (API: one device per query)
2026-05-18 01:14:16,236 - root - INFO - Fetching historical data for 1 devices of type meteo_station
2026-05-18 01:14:16,236 - root - INFO - Making API request to: https://sg5.fusionsolar.huawei.com/rest/openapi/pvms/nbi/v1/device/history
2026-05-18 01:14:16,236 - root - INFO - Request payload: {'devDn': 'NE=62806358', 'devTypeId': 10, 'startTime': 1778950800000, 'endTime': 1779037199000}
2026-05-18 01:14:16,838 - root - INFO - Response status code: 200
2026-05-18 01:14:16,841 - root - INFO - API response from https://sg5.fusionsolar.huawei.com/rest/openapi/pvms/nbi/v1/device/history (truncated): {'failCode': 0, 'success': True, 'message': 'historical data information query successful.', 'data': [{'devDn': 'NE=62806358', 'collectTime': 1778950800000, 'dataItems': {'radiant_line': 0.0, 'horiz_radiant_total': None, 'horiz_radiant_line': None, 'temperature': 26.1, 'wind_speed': None, 'wind_direction': None, 'radiant_total': 0.0, 'pv_temperature': 25.6}}, {'devDn': 'NE=62806358', 'collectTime': 1778951100000, 'dataItems': {'radiant_line': 0.0, 'horiz_radiant_total': None, 'horiz_radiant_line...
2026-05-18 01:14:16,843 - root - INFO - API Response type: <class 'dict'>
2026-05-18 01:14:16,843 - root - INFO - API Response keys: ['failCode', 'success', 'message', 'data']
2026-05-18 01:14:16,843 - root - INFO - API Response data is a list with 288 items
2026-05-18 01:14:16,843 - root - INFO - API Response has failCode: 0, message: historical data information query successful.
2026-05-18 01:14:16,843 - root - INFO - Using alternate response format: data as list
2026-05-18 01:14:16,843 - root - INFO - Received 288 data points from API
2026-05-18 01:14:16,844 - root - INFO - Sample data point structure: ['devDn', 'collectTime', 'dataItems']
2026-05-18 01:14:16,937 - root - INFO - Successfully upserted 288 data points.
2026-05-18 01:14:20,802 - root - INFO - Using single devDn for device/history (API: one device per query)
2026-05-18 01:14:20,803 - root - INFO - Fetching historical data for 1 devices of type meteo_station
2026-05-18 01:14:20,803 - root - INFO - Making API request to: https://sg5.fusionsolar.huawei.com/rest/openapi/pvms/nbi/v1/device/history
2026-05-18 01:14:20,803 - root - INFO - Request payload: {'devDn': 'NE=62806362', 'devTypeId': 10, 'startTime': 1778950800000, 'endTime': 1779037199000}
2026-05-18 01:14:21,486 - root - INFO - Response status code: 200
2026-05-18 01:14:21,489 - root - INFO - API response from https://sg5.fusionsolar.huawei.com/rest/openapi/pvms/nbi/v1/device/history (truncated): {'failCode': 0, 'success': True, 'message': 'historical data information query successful.', 'data': [{'devDn': 'NE=62806362', 'collectTime': 1778950800000, 'dataItems': {'radiant_line': 0.0, 'horiz_radiant_total': None, 'horiz_radiant_line': None, 'temperature': 25.7, 'wind_speed': None, 'wind_direction': None, 'radiant_total': 0.0, 'pv_temperature': None}}, {'devDn': 'NE=62806362', 'collectTime': 1778951100000, 'dataItems': {'radiant_line': 0.0, 'horiz_radiant_total': None, 'horiz_radiant_line...
2026-05-18 01:14:21,491 - root - INFO - API Response type: <class 'dict'>
2026-05-18 01:14:21,491 - root - INFO - API Response keys: ['failCode', 'success', 'message', 'data']
2026-05-18 01:14:21,492 - root - INFO - API Response data is a list with 288 items
2026-05-18 01:14:21,492 - root - INFO - API Response has failCode: 0, message: historical data information query successful.
2026-05-18 01:14:21,492 - root - INFO - Using alternate response format: data as list
2026-05-18 01:14:21,492 - root - INFO - Received 288 data points from API
2026-05-18 01:14:21,492 - root - INFO - Sample data point structure: ['devDn', 'collectTime', 'dataItems']
2026-05-18 01:14:21,580 - root - INFO - Successfully upserted 288 data points.
2026-05-18 01:14:25,300 - root - INFO - Using single devDn for device/history (API: one device per query)
2026-05-18 01:14:25,300 - root - INFO - Fetching historical data for 1 devices of type meteo_station
2026-05-18 01:14:25,301 - root - INFO - Making API request to: https://sg5.fusionsolar.huawei.com/rest/openapi/pvms/nbi/v1/device/history
2026-05-18 01:14:25,301 - root - INFO - Request payload: {'devDn': 'NE=62806359', 'devTypeId': 10, 'startTime': 1778950800000, 'endTime': 1779037199000}
2026-05-18 01:14:26,017 - root - INFO - Response status code: 200
2026-05-18 01:14:26,020 - root - INFO - API response from https://sg5.fusionsolar.huawei.com/rest/openapi/pvms/nbi/v1/device/history (truncated): {'failCode': 0, 'success': True, 'message': 'historical data information query successful.', 'data': [{'devDn': 'NE=62806359', 'collectTime': 1778950800000, 'dataItems': {'radiant_line': 0.0, 'horiz_radiant_total': None, 'horiz_radiant_line': None, 'temperature': None, 'wind_speed': None, 'wind_direction': None, 'radiant_total': 0.0, 'pv_temperature': 26.1}}, {'devDn': 'NE=62806359', 'collectTime': 1778951100000, 'dataItems': {'radiant_line': 0.0, 'horiz_radiant_total': None, 'horiz_radiant_line...
2026-05-18 01:14:26,022 - root - INFO - API Response type: <class 'dict'>
2026-05-18 01:14:26,022 - root - INFO - API Response keys: ['failCode', 'success', 'message', 'data']
2026-05-18 01:14:26,022 - root - INFO - API Response data is a list with 288 items
2026-05-18 01:14:26,022 - root - INFO - API Response has failCode: 0, message: historical data information query successful.
2026-05-18 01:14:26,023 - root - INFO - Using alternate response format: data as list
2026-05-18 01:14:26,023 - root - INFO - Received 288 data points from API
2026-05-18 01:14:26,023 - root - INFO - Sample data point structure: ['devDn', 'collectTime', 'dataItems']
2026-05-18 01:14:26,115 - root - INFO - Successfully upserted 288 data points.
2026-05-18 01:14:29,505 - root - INFO - Using single devDn for device/history (API: one device per query)
2026-05-18 01:14:29,506 - root - INFO - Fetching historical data for 1 devices of type meteo_station
2026-05-18 01:14:29,506 - root - INFO - Making API request to: https://sg5.fusionsolar.huawei.com/rest/openapi/pvms/nbi/v1/device/history
2026-05-18 01:14:29,506 - root - INFO - Request payload: {'devDn': 'NE=62806361', 'devTypeId': 10, 'startTime': 1778950800000, 'endTime': 1779037199000}
2026-05-18 01:14:30,180 - root - INFO - Response status code: 200
2026-05-18 01:14:30,183 - root - INFO - API response from https://sg5.fusionsolar.huawei.com/rest/openapi/pvms/nbi/v1/device/history (truncated): {'failCode': 0, 'success': True, 'message': 'historical data information query successful.', 'data': [{'devDn': 'NE=62806361', 'collectTime': 1778950800000, 'dataItems': {'radiant_line': 0.0, 'horiz_radiant_total': None, 'horiz_radiant_line': None, 'temperature': None, 'wind_speed': None, 'wind_direction': None, 'radiant_total': 0.0, 'pv_temperature': 25.8}}, {'devDn': 'NE=62806361', 'collectTime': 1778951100000, 'dataItems': {'radiant_line': 0.0, 'horiz_radiant_total': None, 'horiz_radiant_line...
2026-05-18 01:14:30,278 - root - INFO - API Response type: <class 'dict'>
2026-05-18 01:14:30,278 - root - INFO - API Response keys: ['failCode', 'success', 'message', 'data']
2026-05-18 01:14:30,278 - root - INFO - API Response data is a list with 288 items
2026-05-18 01:14:30,279 - root - INFO - API Response has failCode: 0, message: historical data information query successful.
2026-05-18 01:14:30,279 - root - INFO - Using alternate response format: data as list
2026-05-18 01:14:30,279 - root - INFO - Received 288 data points from API
2026-05-18 01:14:30,279 - root - INFO - Sample data point structure: ['devDn', 'collectTime', 'dataItems']
2026-05-18 01:14:30,363 - root - INFO - Successfully upserted 288 data points.
2026-05-18 01:14:33,691 - root - INFO - Using single devDn for device/history (API: one device per query)
2026-05-18 01:14:33,691 - root - INFO - Fetching historical data for 1 devices of type meteo_station
2026-05-18 01:14:33,692 - root - INFO - Making API request to: https://sg5.fusionsolar.huawei.com/rest/openapi/pvms/nbi/v1/device/history
2026-05-18 01:14:33,692 - root - INFO - Request payload: {'devDn': 'NE=64100324', 'devTypeId': 10, 'startTime': 1778950800000, 'endTime': 1779037199000}
2026-05-18 01:14:34,320 - root - INFO - Response status code: 200
2026-05-18 01:14:34,323 - root - INFO - API response from https://sg5.fusionsolar.huawei.com/rest/openapi/pvms/nbi/v1/device/history (truncated): {'failCode': 0, 'success': True, 'message': 'historical data information query successful.', 'data': [{'devDn': 'NE=64100324', 'collectTime': 1778950800000, 'dataItems': {'radiant_line': 0.0, 'horiz_radiant_total': None, 'horiz_radiant_line': None, 'temperature': None, 'wind_speed': None, 'wind_direction': None, 'radiant_total': 0.0, 'pv_temperature': 26.0}}, {'devDn': 'NE=64100324', 'collectTime': 1778951100000, 'dataItems': {'radiant_line': 0.0, 'horiz_radiant_total': None, 'horiz_radiant_line...
2026-05-18 01:14:34,325 - root - INFO - API Response type: <class 'dict'>
2026-05-18 01:14:34,325 - root - INFO - API Response keys: ['failCode', 'success', 'message', 'data']
2026-05-18 01:14:34,325 - root - INFO - API Response data is a list with 288 items
2026-05-18 01:14:34,325 - root - INFO - API Response has failCode: 0, message: historical data information query successful.
2026-05-18 01:14:34,325 - root - INFO - Using alternate response format: data as list
2026-05-18 01:14:34,325 - root - INFO - Received 288 data points from API
2026-05-18 01:14:34,325 - root - INFO - Sample data point structure: ['devDn', 'collectTime', 'dataItems']
2026-05-18 01:14:34,411 - root - INFO - Successfully upserted 288 data points.
2026-05-18 01:14:37,594 - root - INFO - Using single devDn for device/history (API: one device per query)
2026-05-18 01:14:37,595 - root - INFO - Fetching historical data for 1 devices of type meteo_station
2026-05-18 01:14:37,595 - root - INFO - Making API request to: https://sg5.fusionsolar.huawei.com/rest/openapi/pvms/nbi/v1/device/history
2026-05-18 01:14:37,596 - root - INFO - Request payload: {'devDn': 'NE=69854700', 'devTypeId': 10, 'startTime': 1778950800000, 'endTime': 1779037199000}
2026-05-18 01:14:38,238 - root - INFO - Response status code: 200
2026-05-18 01:14:38,241 - root - INFO - API response from https://sg5.fusionsolar.huawei.com/rest/openapi/pvms/nbi/v1/device/history (truncated): {'failCode': 0, 'success': True, 'message': 'historical data information query successful.', 'data': [{'devDn': 'NE=69854700', 'collectTime': 1778950800000, 'dataItems': {'radiant_line': None, 'horiz_radiant_total': None, 'horiz_radiant_line': None, 'temperature': 26.1, 'wind_speed': 5.5, 'wind_direction': 5.0, 'radiant_total': None, 'pv_temperature': None}}, {'devDn': 'NE=69854700', 'collectTime': 1778951100000, 'dataItems': {'radiant_line': None, 'horiz_radiant_total': None, 'horiz_radiant_lin...
2026-05-18 01:14:38,243 - root - INFO - API Response type: <class 'dict'>
2026-05-18 01:14:38,243 - root - INFO - API Response keys: ['failCode', 'success', 'message', 'data']
2026-05-18 01:14:38,243 - root - INFO - API Response data is a list with 288 items
2026-05-18 01:14:38,243 - root - INFO - API Response has failCode: 0, message: historical data information query successful.
2026-05-18 01:14:38,243 - root - INFO - Using alternate response format: data as list
2026-05-18 01:14:38,244 - root - INFO - Received 288 data points from API
2026-05-18 01:14:38,244 - root - INFO - Sample data point structure: ['devDn', 'collectTime', 'dataItems']
2026-05-18 01:14:38,340 - root - INFO - Successfully upserted 288 data points.
2026-05-18 01:14:41,406 - root - INFO - Using single devDn for device/history (API: one device per query)
2026-05-18 01:14:41,407 - root - INFO - Fetching historical data for 1 devices of type meteo_station
2026-05-18 01:14:41,407 - root - INFO - Making API request to: https://sg5.fusionsolar.huawei.com/rest/openapi/pvms/nbi/v1/device/history
2026-05-18 01:14:41,407 - root - INFO - Request payload: {'devDn': 'NE=64100582', 'devTypeId': 10, 'startTime': 1778950800000, 'endTime': 1779037199000}
2026-05-18 01:14:42,005 - root - INFO - Response status code: 200
2026-05-18 01:14:42,008 - root - INFO - API response from https://sg5.fusionsolar.huawei.com/rest/openapi/pvms/nbi/v1/device/history (truncated): {'failCode': 0, 'success': True, 'message': 'historical data information query successful.', 'data': [{'devDn': 'NE=64100582', 'collectTime': 1778950800000, 'dataItems': {'radiant_line': 0.0, 'horiz_radiant_total': None, 'horiz_radiant_line': None, 'temperature': 26.1, 'wind_speed': None, 'wind_direction': None, 'radiant_total': 0.0, 'pv_temperature': 25.7}}, {'devDn': 'NE=64100582', 'collectTime': 1778951100000, 'dataItems': {'radiant_line': 0.0, 'horiz_radiant_total': None, 'horiz_radiant_line...
2026-05-18 01:14:42,010 - root - INFO - API Response type: <class 'dict'>
2026-05-18 01:14:42,010 - root - INFO - API Response keys: ['failCode', 'success', 'message', 'data']
2026-05-18 01:14:42,010 - root - INFO - API Response data is a list with 288 items
2026-05-18 01:14:42,010 - root - INFO - API Response has failCode: 0, message: historical data information query successful.
2026-05-18 01:14:42,011 - root - INFO - Using alternate response format: data as list
2026-05-18 01:14:42,011 - root - INFO - Received 288 data points from API
2026-05-18 01:14:42,011 - root - INFO - Sample data point structure: ['devDn', 'collectTime', 'dataItems']
2026-05-18 01:14:42,094 - root - INFO - Successfully upserted 288 data points.
2026-05-18 01:14:45,304 - root - INFO - Using single devDn for device/history (API: one device per query)
2026-05-18 01:14:45,305 - root - INFO - Fetching historical data for 1 devices of type meteo_station
2026-05-18 01:14:45,305 - root - INFO - Making API request to: https://sg5.fusionsolar.huawei.com/rest/openapi/pvms/nbi/v1/device/history
2026-05-18 01:14:45,305 - root - INFO - Request payload: {'devDn': 'NE=54493962', 'devTypeId': 10, 'startTime': 1778950800000, 'endTime': 1779037199000}
2026-05-18 01:14:45,729 - root - INFO - Response status code: 200
2026-05-18 01:14:45,730 - root - INFO - API response from https://sg5.fusionsolar.huawei.com/rest/openapi/pvms/nbi/v1/device/history (truncated): {'failCode': 0, 'success': True, 'message': 'historical data information query successful.', 'data': []}
2026-05-18 01:14:45,732 - root - INFO - API Response type: <class 'dict'>
2026-05-18 01:14:45,732 - root - INFO - API Response keys: ['failCode', 'success', 'message', 'data']
2026-05-18 01:14:45,732 - root - INFO - API Response data is a list with 0 items
2026-05-18 01:14:45,732 - root - INFO - API Response has failCode: 0, message: historical data information query successful.
2026-05-18 01:14:45,732 - root - INFO - Using alternate response format: data as list
2026-05-18 01:14:45,732 - root - INFO - No data points returned for the query period
2026-05-18 01:14:45,732 - root - INFO - Using single devDn for device/history (API: one device per query)
2026-05-18 01:14:45,733 - root - INFO - Fetching historical data for 1 devices of type meteo_station
2026-05-18 01:14:45,733 - root - INFO - Making API request to: https://sg5.fusionsolar.huawei.com/rest/openapi/pvms/nbi/v1/device/history
2026-05-18 01:14:45,733 - root - INFO - Request payload: {'devDn': 'NE=54493936', 'devTypeId': 10, 'startTime': 1778950800000, 'endTime': 1779037199000}
2026-05-18 01:14:46,052 - root - INFO - Response status code: 200
2026-05-18 01:14:46,052 - root - INFO - API response from https://sg5.fusionsolar.huawei.com/rest/openapi/pvms/nbi/v1/device/history (truncated): {'failCode': 407, 'success': False, 'message': 'Interface access frequency:0.39333333333333337/1second', 'data': []}
2026-05-18 01:14:46,052 - root - WARNING - API access frequency too high. Waiting 30 seconds before retry...
2026-05-18 01:15:16,052 - root - INFO - Retrying API request after rate limit wait...
2026-05-18 01:15:16,053 - root - INFO - Making API request to: https://sg5.fusionsolar.huawei.com/rest/openapi/pvms/nbi/v1/device/history
2026-05-18 01:15:16,053 - root - INFO - Request payload: {'devDn': 'NE=54493936', 'devTypeId': 10, 'startTime': 1778950800000, 'endTime': 1779037199000}
2026-05-18 01:15:16,498 - root - INFO - Response status code: 200
2026-05-18 01:15:16,498 - root - INFO - API response from https://sg5.fusionsolar.huawei.com/rest/openapi/pvms/nbi/v1/device/history (truncated): {'failCode': 0, 'success': True, 'message': 'historical data information query successful.', 'data': []}
2026-05-18 01:15:16,502 - root - INFO - API Response type: <class 'dict'>
2026-05-18 01:15:16,502 - root - INFO - API Response keys: ['failCode', 'success', 'message', 'data']
2026-05-18 01:15:16,502 - root - INFO - API Response data is a list with 0 items
2026-05-18 01:15:16,502 - root - INFO - API Response has failCode: 0, message: historical data information query successful.
2026-05-18 01:15:16,502 - root - INFO - Using alternate response format: data as list
2026-05-18 01:15:16,502 - root - INFO - No data points returned for the query period
2026-05-18 01:15:16,502 - root - INFO - Using single devDn for device/history (API: one device per query)
2026-05-18 01:15:16,503 - root - INFO - Fetching historical data for 1 devices of type meteo_station
2026-05-18 01:15:16,503 - root - INFO - Making API request to: https://sg5.fusionsolar.huawei.com/rest/openapi/pvms/nbi/v1/device/history
2026-05-18 01:15:16,503 - root - INFO - Request payload: {'devDn': 'NE=54435798', 'devTypeId': 10, 'startTime': 1778950800000, 'endTime': 1779037199000}
2026-05-18 01:15:16,824 - root - INFO - Response status code: 200
2026-05-18 01:15:16,824 - root - INFO - API response from https://sg5.fusionsolar.huawei.com/rest/openapi/pvms/nbi/v1/device/history (truncated): {'failCode': 407, 'success': False, 'message': 'Interface access frequency:0.39333333333333337/1second', 'data': []}
2026-05-18 01:15:16,824 - root - WARNING - API access frequency too high. Waiting 30 seconds before retry...
2026-05-18 01:15:46,824 - root - INFO - Retrying API request after rate limit wait...
2026-05-18 01:15:46,825 - root - INFO - Making API request to: https://sg5.fusionsolar.huawei.com/rest/openapi/pvms/nbi/v1/device/history
2026-05-18 01:15:46,825 - root - INFO - Request payload: {'devDn': 'NE=54435798', 'devTypeId': 10, 'startTime': 1778950800000, 'endTime': 1779037199000}
2026-05-18 01:15:47,272 - root - INFO - Response status code: 200
2026-05-18 01:15:47,272 - root - INFO - API response from https://sg5.fusionsolar.huawei.com/rest/openapi/pvms/nbi/v1/device/history (truncated): {'failCode': 0, 'success': True, 'message': 'historical data information query successful.', 'data': []}
2026-05-18 01:15:47,277 - root - INFO - API Response type: <class 'dict'>
2026-05-18 01:15:47,277 - root - INFO - API Response keys: ['failCode', 'success', 'message', 'data']
2026-05-18 01:15:47,277 - root - INFO - API Response data is a list with 0 items
2026-05-18 01:15:47,277 - root - INFO - API Response has failCode: 0, message: historical data information query successful.
2026-05-18 01:15:47,277 - root - INFO - Using alternate response format: data as list
2026-05-18 01:15:47,277 - root - INFO - No data points returned for the query period
2026-05-18 01:15:47,278 - root - INFO - Using single devDn for device/history (API: one device per query)
2026-05-18 01:15:47,278 - root - INFO - Fetching historical data for 1 devices of type meteo_station
2026-05-18 01:15:47,278 - root - INFO - Making API request to: https://sg5.fusionsolar.huawei.com/rest/openapi/pvms/nbi/v1/device/history
2026-05-18 01:15:47,278 - root - INFO - Request payload: {'devDn': 'NE=54609106', 'devTypeId': 10, 'startTime': 1778950800000, 'endTime': 1779037199000}
2026-05-18 01:15:47,589 - root - INFO - Response status code: 200
2026-05-18 01:15:47,589 - root - INFO - API response from https://sg5.fusionsolar.huawei.com/rest/openapi/pvms/nbi/v1/device/history (truncated): {'failCode': 407, 'success': False, 'message': 'Interface access frequency:0.39333333333333337/1second', 'data': []}
2026-05-18 01:15:47,590 - root - WARNING - API access frequency too high. Waiting 30 seconds before retry...
2026-05-18 01:16:17,590 - root - INFO - Retrying API request after rate limit wait...
2026-05-18 01:16:17,590 - root - INFO - Making API request to: https://sg5.fusionsolar.huawei.com/rest/openapi/pvms/nbi/v1/device/history
2026-05-18 01:16:17,591 - root - INFO - Request payload: {'devDn': 'NE=54609106', 'devTypeId': 10, 'startTime': 1778950800000, 'endTime': 1779037199000}
2026-05-18 01:16:18,011 - root - INFO - Response status code: 200
2026-05-18 01:16:18,011 - root - INFO - API response from https://sg5.fusionsolar.huawei.com/rest/openapi/pvms/nbi/v1/device/history (truncated): {'failCode': 0, 'success': True, 'message': 'historical data information query successful.', 'data': []}
2026-05-18 01:16:18,014 - root - INFO - API Response type: <class 'dict'>
2026-05-18 01:16:18,014 - root - INFO - API Response keys: ['failCode', 'success', 'message', 'data']
2026-05-18 01:16:18,014 - root - INFO - API Response data is a list with 0 items
2026-05-18 01:16:18,015 - root - INFO - API Response has failCode: 0, message: historical data information query successful.
2026-05-18 01:16:18,015 - root - INFO - Using alternate response format: data as list
2026-05-18 01:16:18,015 - root - INFO - No data points returned for the query period
2026-05-18 01:16:18,015 - root - INFO - Using single devDn for device/history (API: one device per query)
2026-05-18 01:16:18,015 - root - INFO - Fetching historical data for 1 devices of type meteo_station
2026-05-18 01:16:18,015 - root - INFO - Making API request to: https://sg5.fusionsolar.huawei.com/rest/openapi/pvms/nbi/v1/device/history
2026-05-18 01:16:18,016 - root - INFO - Request payload: {'devDn': 'NE=54609108', 'devTypeId': 10, 'startTime': 1778950800000, 'endTime': 1779037199000}
2026-05-18 01:16:18,341 - root - INFO - Response status code: 200
2026-05-18 01:16:18,342 - root - INFO - API response from https://sg5.fusionsolar.huawei.com/rest/openapi/pvms/nbi/v1/device/history (truncated): {'failCode': 407, 'success': False, 'message': 'Interface access frequency:0.39333333333333337/1second', 'data': []}
2026-05-18 01:16:18,342 - root - WARNING - API access frequency too high. Waiting 30 seconds before retry...
2026-05-18 01:16:48,342 - root - INFO - Retrying API request after rate limit wait...
2026-05-18 01:16:48,342 - root - INFO - Making API request to: https://sg5.fusionsolar.huawei.com/rest/openapi/pvms/nbi/v1/device/history
2026-05-18 01:16:48,343 - root - INFO - Request payload: {'devDn': 'NE=54609108', 'devTypeId': 10, 'startTime': 1778950800000, 'endTime': 1779037199000}
2026-05-18 01:16:50,009 - root - INFO - Response status code: 200
2026-05-18 01:16:50,010 - root - INFO - API response from https://sg5.fusionsolar.huawei.com/rest/openapi/pvms/nbi/v1/device/history (truncated): {'failCode': 0, 'success': True, 'message': 'historical data information query successful.', 'data': []}
2026-05-18 01:16:50,121 - root - INFO - API Response type: <class 'dict'>
2026-05-18 01:16:50,121 - root - INFO - API Response keys: ['failCode', 'success', 'message', 'data']
2026-05-18 01:16:50,121 - root - INFO - API Response data is a list with 0 items
2026-05-18 01:16:50,121 - root - INFO - API Response has failCode: 0, message: historical data information query successful.
2026-05-18 01:16:50,122 - root - INFO - Using alternate response format: data as list
2026-05-18 01:16:50,122 - root - INFO - No data points returned for the query period
2026-05-18 01:16:50,122 - root - INFO - Using single devDn for device/history (API: one device per query)
2026-05-18 01:16:50,122 - root - INFO - Fetching historical data for 1 devices of type meteo_station
2026-05-18 01:16:50,122 - root - INFO - Making API request to: https://sg5.fusionsolar.huawei.com/rest/openapi/pvms/nbi/v1/device/history
2026-05-18 01:16:50,122 - root - INFO - Request payload: {'devDn': 'NE=54457096', 'devTypeId': 10, 'startTime': 1778950800000, 'endTime': 1779037199000}
2026-05-18 01:16:50,548 - root - INFO - Response status code: 200
2026-05-18 01:16:50,548 - root - INFO - API response from https://sg5.fusionsolar.huawei.com/rest/openapi/pvms/nbi/v1/device/history (truncated): {'failCode': 407, 'success': False, 'message': 'Interface access frequency:0.39333333333333337/1second', 'data': []}
2026-05-18 01:16:50,548 - root - WARNING - API access frequency too high. Waiting 30 seconds before retry...
2026-05-18 01:17:20,548 - root - INFO - Retrying API request after rate limit wait...
2026-05-18 01:17:20,549 - root - INFO - Making API request to: https://sg5.fusionsolar.huawei.com/rest/openapi/pvms/nbi/v1/device/history
2026-05-18 01:17:20,549 - root - INFO - Request payload: {'devDn': 'NE=54457096', 'devTypeId': 10, 'startTime': 1778950800000, 'endTime': 1779037199000}
2026-05-18 01:17:21,352 - root - INFO - Response status code: 200
2026-05-18 01:17:21,355 - root - INFO - API response from https://sg5.fusionsolar.huawei.com/rest/openapi/pvms/nbi/v1/device/history (truncated): {'failCode': 0, 'success': True, 'message': 'historical data information query successful.', 'data': [{'devDn': 'NE=54457096', 'collectTime': 1778950800000, 'dataItems': {'radiant_line': 0.0, 'horiz_radiant_total': None, 'horiz_radiant_line': None, 'temperature': 25.0, 'wind_speed': 0.0, 'wind_direction': None, 'radiant_total': 0.0, 'pv_temperature': 24.8}}, {'devDn': 'NE=54457096', 'collectTime': 1778951100000, 'dataItems': {'radiant_line': 0.0, 'horiz_radiant_total': None, 'horiz_radiant_line'...
2026-05-18 01:17:21,359 - root - INFO - API Response type: <class 'dict'>
2026-05-18 01:17:21,359 - root - INFO - API Response keys: ['failCode', 'success', 'message', 'data']
2026-05-18 01:17:21,359 - root - INFO - API Response data is a list with 288 items
2026-05-18 01:17:21,359 - root - INFO - API Response has failCode: 0, message: historical data information query successful.
2026-05-18 01:17:21,359 - root - INFO - Using alternate response format: data as list
2026-05-18 01:17:21,359 - root - INFO - Received 288 data points from API
2026-05-18 01:17:21,360 - root - INFO - Sample data point structure: ['devDn', 'collectTime', 'dataItems']
2026-05-18 01:17:21,445 - root - INFO - Successfully upserted 288 data points.
2026-05-18 01:17:25,434 - root - INFO - Using single devDn for device/history (API: one device per query)
2026-05-18 01:17:25,434 - root - INFO - Fetching historical data for 1 devices of type meteo_station
2026-05-18 01:17:25,435 - root - INFO - Making API request to: https://sg5.fusionsolar.huawei.com/rest/openapi/pvms/nbi/v1/device/history
2026-05-18 01:17:25,435 - root - INFO - Request payload: {'devDn': 'NE=54479640', 'devTypeId': 10, 'startTime': 1778950800000, 'endTime': 1779037199000}
2026-05-18 01:17:25,994 - root - INFO - Response status code: 200
2026-05-18 01:17:25,997 - root - INFO - API response from https://sg5.fusionsolar.huawei.com/rest/openapi/pvms/nbi/v1/device/history (truncated): {'failCode': 0, 'success': True, 'message': 'historical data information query successful.', 'data': [{'devDn': 'NE=54479640', 'collectTime': 1778950800000, 'dataItems': {'radiant_line': 0.0, 'horiz_radiant_total': None, 'horiz_radiant_line': None, 'temperature': 25.2, 'wind_speed': 0.0, 'wind_direction': 22.0, 'radiant_total': 0.0, 'pv_temperature': 24.0}}, {'devDn': 'NE=54479640', 'collectTime': 1778951100000, 'dataItems': {'radiant_line': 0.0, 'horiz_radiant_total': None, 'horiz_radiant_line'...
2026-05-18 01:17:25,999 - root - INFO - API Response type: <class 'dict'>
2026-05-18 01:17:25,999 - root - INFO - API Response keys: ['failCode', 'success', 'message', 'data']
2026-05-18 01:17:25,999 - root - INFO - API Response data is a list with 288 items
2026-05-18 01:17:26,000 - root - INFO - API Response has failCode: 0, message: historical data information query successful.
2026-05-18 01:17:26,000 - root - INFO - Using alternate response format: data as list
2026-05-18 01:17:26,000 - root - INFO - Received 288 data points from API
2026-05-18 01:17:26,000 - root - INFO - Sample data point structure: ['devDn', 'collectTime', 'dataItems']
2026-05-18 01:17:26,098 - root - INFO - Successfully upserted 288 data points.
2026-05-18 01:17:29,531 - root - INFO - Using single devDn for device/history (API: one device per query)
2026-05-18 01:17:29,532 - root - INFO - Fetching historical data for 1 devices of type meteo_station
2026-05-18 01:17:29,532 - root - INFO - Making API request to: https://sg5.fusionsolar.huawei.com/rest/openapi/pvms/nbi/v1/device/history
2026-05-18 01:17:29,532 - root - INFO - Request payload: {'devDn': 'NE=54453658', 'devTypeId': 10, 'startTime': 1778950800000, 'endTime': 1779037199000}
2026-05-18 01:17:30,094 - root - INFO - Response status code: 200
2026-05-18 01:17:30,097 - root - INFO - API response from https://sg5.fusionsolar.huawei.com/rest/openapi/pvms/nbi/v1/device/history (truncated): {'failCode': 0, 'success': True, 'message': 'historical data information query successful.', 'data': [{'devDn': 'NE=54453658', 'collectTime': 1778950800000, 'dataItems': {'radiant_line': 0.0, 'horiz_radiant_total': None, 'horiz_radiant_line': None, 'temperature': 24.8, 'wind_speed': 0.0, 'wind_direction': None, 'radiant_total': 0.0, 'pv_temperature': 24.9}}, {'devDn': 'NE=54453658', 'collectTime': 1778951100000, 'dataItems': {'radiant_line': 0.0, 'horiz_radiant_total': None, 'horiz_radiant_line'...
2026-05-18 01:17:30,099 - root - INFO - API Response type: <class 'dict'>
2026-05-18 01:17:30,099 - root - INFO - API Response keys: ['failCode', 'success', 'message', 'data']
2026-05-18 01:17:30,099 - root - INFO - API Response data is a list with 288 items
2026-05-18 01:17:30,099 - root - INFO - API Response has failCode: 0, message: historical data information query successful.
2026-05-18 01:17:30,099 - root - INFO - Using alternate response format: data as list
2026-05-18 01:17:30,099 - root - INFO - Received 288 data points from API
2026-05-18 01:17:30,100 - root - INFO - Sample data point structure: ['devDn', 'collectTime', 'dataItems']
2026-05-18 01:17:30,181 - root - INFO - Successfully upserted 288 data points.
2026-05-18 01:17:33,806 - root - INFO - Using single devDn for device/history (API: one device per query)
2026-05-18 01:17:33,807 - root - INFO - Fetching historical data for 1 devices of type meteo_station
2026-05-18 01:17:33,807 - root - INFO - Making API request to: https://sg5.fusionsolar.huawei.com/rest/openapi/pvms/nbi/v1/device/history
2026-05-18 01:17:33,807 - root - INFO - Request payload: {'devDn': 'NE=54436514', 'devTypeId': 10, 'startTime': 1778950800000, 'endTime': 1779037199000}
2026-05-18 01:17:34,400 - root - INFO - Response status code: 200
2026-05-18 01:17:34,402 - root - INFO - API response from https://sg5.fusionsolar.huawei.com/rest/openapi/pvms/nbi/v1/device/history (truncated): {'failCode': 0, 'success': True, 'message': 'historical data information query successful.', 'data': [{'devDn': 'NE=54436514', 'collectTime': 1778950800000, 'dataItems': {'radiant_line': 0.0, 'horiz_radiant_total': None, 'horiz_radiant_line': None, 'temperature': 24.5, 'wind_speed': 0.0, 'wind_direction': None, 'radiant_total': 0.0, 'pv_temperature': 24.8}}, {'devDn': 'NE=54436514', 'collectTime': 1778951100000, 'dataItems': {'radiant_line': 0.0, 'horiz_radiant_total': None, 'horiz_radiant_line'...
2026-05-18 01:17:34,404 - root - INFO - API Response type: <class 'dict'>
2026-05-18 01:17:34,404 - root - INFO - API Response keys: ['failCode', 'success', 'message', 'data']
2026-05-18 01:17:34,404 - root - INFO - API Response data is a list with 288 items
2026-05-18 01:17:34,404 - root - INFO - API Response has failCode: 0, message: historical data information query successful.
2026-05-18 01:17:34,405 - root - INFO - Using alternate response format: data as list
2026-05-18 01:17:34,405 - root - INFO - Received 288 data points from API
2026-05-18 01:17:34,405 - root - INFO - Sample data point structure: ['devDn', 'collectTime', 'dataItems']
2026-05-18 01:17:34,486 - root - INFO - Successfully upserted 288 data points.
2026-05-18 01:17:37,792 - root - INFO - Using single devDn for device/history (API: one device per query)
2026-05-18 01:17:37,793 - root - INFO - Fetching historical data for 1 devices of type meteo_station
2026-05-18 01:17:37,793 - root - INFO - Making API request to: https://sg5.fusionsolar.huawei.com/rest/openapi/pvms/nbi/v1/device/history
2026-05-18 01:17:37,793 - root - INFO - Request payload: {'devDn': 'NE=54455116', 'devTypeId': 10, 'startTime': 1778950800000, 'endTime': 1779037199000}
2026-05-18 01:17:38,358 - root - INFO - Response status code: 200
2026-05-18 01:17:38,360 - root - INFO - API response from https://sg5.fusionsolar.huawei.com/rest/openapi/pvms/nbi/v1/device/history (truncated): {'failCode': 0, 'success': True, 'message': 'historical data information query successful.', 'data': [{'devDn': 'NE=54455116', 'collectTime': 1778950800000, 'dataItems': {'radiant_line': 0.0, 'horiz_radiant_total': None, 'horiz_radiant_line': None, 'temperature': 24.6, 'wind_speed': 0.0, 'wind_direction': None, 'radiant_total': 0.0, 'pv_temperature': 25.0}}, {'devDn': 'NE=54455116', 'collectTime': 1778951100000, 'dataItems': {'radiant_line': 0.0, 'horiz_radiant_total': None, 'horiz_radiant_line'...
2026-05-18 01:17:38,362 - root - INFO - API Response type: <class 'dict'>
2026-05-18 01:17:38,363 - root - INFO - API Response keys: ['failCode', 'success', 'message', 'data']
2026-05-18 01:17:38,363 - root - INFO - API Response data is a list with 288 items
2026-05-18 01:17:38,363 - root - INFO - API Response has failCode: 0, message: historical data information query successful.
2026-05-18 01:17:38,363 - root - INFO - Using alternate response format: data as list
2026-05-18 01:17:38,363 - root - INFO - Received 288 data points from API
2026-05-18 01:17:38,363 - root - INFO - Sample data point structure: ['devDn', 'collectTime', 'dataItems']
2026-05-18 01:17:38,444 - root - INFO - Successfully upserted 288 data points.
2026-05-18 01:17:41,872 - root - INFO - Using single devDn for device/history (API: one device per query)
2026-05-18 01:17:41,872 - root - INFO - Fetching historical data for 1 devices of type meteo_station
2026-05-18 01:17:41,872 - root - INFO - Making API request to: https://sg5.fusionsolar.huawei.com/rest/openapi/pvms/nbi/v1/device/history
2026-05-18 01:17:41,873 - root - INFO - Request payload: {'devDn': 'NE=58284538', 'devTypeId': 10, 'startTime': 1778950800000, 'endTime': 1779037199000}
2026-05-18 01:17:42,577 - root - INFO - Response status code: 200
2026-05-18 01:17:42,579 - root - INFO - API response from https://sg5.fusionsolar.huawei.com/rest/openapi/pvms/nbi/v1/device/history (truncated): {'failCode': 0, 'success': True, 'message': 'historical data information query successful.', 'data': [{'devDn': 'NE=58284538', 'collectTime': 1778950800000, 'dataItems': {'radiant_line': 0.0, 'horiz_radiant_total': None, 'horiz_radiant_line': None, 'temperature': 25.3, 'wind_speed': None, 'wind_direction': None, 'radiant_total': 0.0, 'pv_temperature': 25.2}}, {'devDn': 'NE=58284538', 'collectTime': 1778951100000, 'dataItems': {'radiant_line': 0.0, 'horiz_radiant_total': None, 'horiz_radiant_line...
2026-05-18 01:17:42,581 - root - INFO - API Response type: <class 'dict'>
2026-05-18 01:17:42,581 - root - INFO - API Response keys: ['failCode', 'success', 'message', 'data']
2026-05-18 01:17:42,581 - root - INFO - API Response data is a list with 288 items
2026-05-18 01:17:42,582 - root - INFO - API Response has failCode: 0, message: historical data information query successful.
2026-05-18 01:17:42,582 - root - INFO - Using alternate response format: data as list
2026-05-18 01:17:42,582 - root - INFO - Received 288 data points from API
2026-05-18 01:17:42,582 - root - INFO - Sample data point structure: ['devDn', 'collectTime', 'dataItems']
2026-05-18 01:17:42,661 - root - INFO - Successfully upserted 288 data points.
2026-05-18 01:17:45,878 - root - INFO - Using single devDn for device/history (API: one device per query)
2026-05-18 01:17:45,878 - root - INFO - Fetching historical data for 1 devices of type meteo_station
2026-05-18 01:17:45,878 - root - INFO - Making API request to: https://sg5.fusionsolar.huawei.com/rest/openapi/pvms/nbi/v1/device/history
2026-05-18 01:17:45,879 - root - INFO - Request payload: {'devDn': 'NE=58291110', 'devTypeId': 10, 'startTime': 1778950800000, 'endTime': 1779037199000}
2026-05-18 01:17:46,454 - root - INFO - Response status code: 200
2026-05-18 01:17:46,457 - root - INFO - API response from https://sg5.fusionsolar.huawei.com/rest/openapi/pvms/nbi/v1/device/history (truncated): {'failCode': 0, 'success': True, 'message': 'historical data information query successful.', 'data': [{'devDn': 'NE=58291110', 'collectTime': 1778950800000, 'dataItems': {'radiant_line': 0.0, 'horiz_radiant_total': None, 'horiz_radiant_line': None, 'temperature': 24.7, 'wind_speed': None, 'wind_direction': None, 'radiant_total': 0.0, 'pv_temperature': 25.6}}, {'devDn': 'NE=58291110', 'collectTime': 1778951100000, 'dataItems': {'radiant_line': 0.4, 'horiz_radiant_total': None, 'horiz_radiant_line...
2026-05-18 01:17:46,459 - root - INFO - API Response type: <class 'dict'>
2026-05-18 01:17:46,459 - root - INFO - API Response keys: ['failCode', 'success', 'message', 'data']
2026-05-18 01:17:46,459 - root - INFO - API Response data is a list with 288 items
2026-05-18 01:17:46,459 - root - INFO - API Response has failCode: 0, message: historical data information query successful.
2026-05-18 01:17:46,460 - root - INFO - Using alternate response format: data as list
2026-05-18 01:17:46,460 - root - INFO - Received 288 data points from API
2026-05-18 01:17:46,460 - root - INFO - Sample data point structure: ['devDn', 'collectTime', 'dataItems']
2026-05-18 01:17:46,538 - root - INFO - Successfully upserted 288 data points.
2026-05-18 01:17:49,761 - root - INFO - Using single devDn for device/history (API: one device per query)
2026-05-18 01:17:49,762 - root - INFO - Fetching historical data for 1 devices of type meteo_station
2026-05-18 01:17:49,762 - root - INFO - Making API request to: https://sg5.fusionsolar.huawei.com/rest/openapi/pvms/nbi/v1/device/history
2026-05-18 01:17:49,762 - root - INFO - Request payload: {'devDn': 'NE=58291113', 'devTypeId': 10, 'startTime': 1778950800000, 'endTime': 1779037199000}
2026-05-18 01:17:50,466 - root - INFO - Response status code: 200
2026-05-18 01:17:50,468 - root - INFO - API response from https://sg5.fusionsolar.huawei.com/rest/openapi/pvms/nbi/v1/device/history (truncated): {'failCode': 0, 'success': True, 'message': 'historical data information query successful.', 'data': [{'devDn': 'NE=58291113', 'collectTime': 1778950800000, 'dataItems': {'radiant_line': 0.0, 'horiz_radiant_total': None, 'horiz_radiant_line': None, 'temperature': 25.0, 'wind_speed': None, 'wind_direction': None, 'radiant_total': 0.0, 'pv_temperature': None}}, {'devDn': 'NE=58291113', 'collectTime': 1778951100000, 'dataItems': {'radiant_line': 0.0, 'horiz_radiant_total': None, 'horiz_radiant_line...
2026-05-18 01:17:50,470 - root - INFO - API Response type: <class 'dict'>
2026-05-18 01:17:50,470 - root - INFO - API Response keys: ['failCode', 'success', 'message', 'data']
2026-05-18 01:17:50,470 - root - INFO - API Response data is a list with 288 items
2026-05-18 01:17:50,471 - root - INFO - API Response has failCode: 0, message: historical data information query successful.
2026-05-18 01:17:50,471 - root - INFO - Using alternate response format: data as list
2026-05-18 01:17:50,471 - root - INFO - Received 288 data points from API
2026-05-18 01:17:50,471 - root - INFO - Sample data point structure: ['devDn', 'collectTime', 'dataItems']
2026-05-18 01:17:50,548 - root - INFO - Successfully upserted 288 data points.
2026-05-18 01:17:53,969 - root - INFO - Using single devDn for device/history (API: one device per query)
2026-05-18 01:17:53,970 - root - INFO - Fetching historical data for 1 devices of type meteo_station
2026-05-18 01:17:53,970 - root - INFO - Making API request to: https://sg5.fusionsolar.huawei.com/rest/openapi/pvms/nbi/v1/device/history
2026-05-18 01:17:53,971 - root - INFO - Request payload: {'devDn': 'NE=58291112', 'devTypeId': 10, 'startTime': 1778950800000, 'endTime': 1779037199000}
2026-05-18 01:17:54,551 - root - INFO - Response status code: 200
2026-05-18 01:17:54,554 - root - INFO - API response from https://sg5.fusionsolar.huawei.com/rest/openapi/pvms/nbi/v1/device/history (truncated): {'failCode': 0, 'success': True, 'message': 'historical data information query successful.', 'data': [{'devDn': 'NE=58291112', 'collectTime': 1778950800000, 'dataItems': {'radiant_line': 0.4, 'horiz_radiant_total': None, 'horiz_radiant_line': None, 'temperature': 24.9, 'wind_speed': None, 'wind_direction': None, 'radiant_total': 0.0, 'pv_temperature': 25.4}}, {'devDn': 'NE=58291112', 'collectTime': 1778951100000, 'dataItems': {'radiant_line': 0.0, 'horiz_radiant_total': None, 'horiz_radiant_line...
2026-05-18 01:17:54,556 - root - INFO - API Response type: <class 'dict'>
2026-05-18 01:17:54,556 - root - INFO - API Response keys: ['failCode', 'success', 'message', 'data']
2026-05-18 01:17:54,556 - root - INFO - API Response data is a list with 288 items
2026-05-18 01:17:54,556 - root - INFO - API Response has failCode: 0, message: historical data information query successful.
2026-05-18 01:17:54,556 - root - INFO - Using alternate response format: data as list
2026-05-18 01:17:54,556 - root - INFO - Received 288 data points from API
2026-05-18 01:17:54,556 - root - INFO - Sample data point structure: ['devDn', 'collectTime', 'dataItems']
2026-05-18 01:17:54,641 - root - INFO - Successfully upserted 288 data points.
2026-05-18 01:17:57,860 - root - INFO - Using single devDn for device/history (API: one device per query)
2026-05-18 01:17:57,861 - root - INFO - Fetching historical data for 1 devices of type meteo_station
2026-05-18 01:17:57,861 - root - INFO - Making API request to: https://sg5.fusionsolar.huawei.com/rest/openapi/pvms/nbi/v1/device/history
2026-05-18 01:17:57,861 - root - INFO - Request payload: {'devDn': 'NE=58291114', 'devTypeId': 10, 'startTime': 1778950800000, 'endTime': 1779037199000}
2026-05-18 01:17:58,717 - root - INFO - Response status code: 200
2026-05-18 01:17:58,720 - root - INFO - API response from https://sg5.fusionsolar.huawei.com/rest/openapi/pvms/nbi/v1/device/history (truncated): {'failCode': 0, 'success': True, 'message': 'historical data information query successful.', 'data': [{'devDn': 'NE=58291114', 'collectTime': 1778950800000, 'dataItems': {'radiant_line': 0.0, 'horiz_radiant_total': None, 'horiz_radiant_line': None, 'temperature': 25.4, 'wind_speed': None, 'wind_direction': None, 'radiant_total': 0.0, 'pv_temperature': 25.2}}, {'devDn': 'NE=58291114', 'collectTime': 1778951100000, 'dataItems': {'radiant_line': 0.0, 'horiz_radiant_total': None, 'horiz_radiant_line...
2026-05-18 01:17:58,721 - root - INFO - API Response type: <class 'dict'>
2026-05-18 01:17:58,721 - root - INFO - API Response keys: ['failCode', 'success', 'message', 'data']
2026-05-18 01:17:58,722 - root - INFO - API Response data is a list with 288 items
2026-05-18 01:17:58,722 - root - INFO - API Response has failCode: 0, message: historical data information query successful.
2026-05-18 01:17:58,722 - root - INFO - Using alternate response format: data as list
2026-05-18 01:17:58,722 - root - INFO - Received 288 data points from API
2026-05-18 01:17:58,722 - root - INFO - Sample data point structure: ['devDn', 'collectTime', 'dataItems']
2026-05-18 01:17:58,802 - root - INFO - Successfully upserted 288 data points.
2026-05-18 01:18:01,976 - root - INFO - Using single devDn for device/history (API: one device per query)
2026-05-18 01:18:01,977 - root - INFO - Fetching historical data for 1 devices of type meteo_station
2026-05-18 01:18:01,977 - root - INFO - Making API request to: https://sg5.fusionsolar.huawei.com/rest/openapi/pvms/nbi/v1/device/history
2026-05-18 01:18:01,977 - root - INFO - Request payload: {'devDn': 'NE=53784299', 'devTypeId': 10, 'startTime': 1778950800000, 'endTime': 1779037199000}
2026-05-18 01:18:02,542 - root - INFO - Response status code: 200
2026-05-18 01:18:02,545 - root - INFO - API response from https://sg5.fusionsolar.huawei.com/rest/openapi/pvms/nbi/v1/device/history (truncated): {'failCode': 0, 'success': True, 'message': 'historical data information query successful.', 'data': [{'devDn': 'NE=53784299', 'collectTime': 1778950800000, 'dataItems': {'radiant_line': 0.0, 'horiz_radiant_total': None, 'horiz_radiant_line': None, 'temperature': 0.0, 'wind_speed': 0.0, 'wind_direction': None, 'radiant_total': 0.0, 'pv_temperature': 26.8}}, {'devDn': 'NE=53784299', 'collectTime': 1778951100000, 'dataItems': {'radiant_line': 0.0, 'horiz_radiant_total': None, 'horiz_radiant_line':...
2026-05-18 01:18:02,547 - root - INFO - API Response type: <class 'dict'>
2026-05-18 01:18:02,547 - root - INFO - API Response keys: ['failCode', 'success', 'message', 'data']
2026-05-18 01:18:02,547 - root - INFO - API Response data is a list with 288 items
2026-05-18 01:18:02,547 - root - INFO - API Response has failCode: 0, message: historical data information query successful.
2026-05-18 01:18:02,547 - root - INFO - Using alternate response format: data as list
2026-05-18 01:18:02,548 - root - INFO - Received 288 data points from API
2026-05-18 01:18:02,548 - root - INFO - Sample data point structure: ['devDn', 'collectTime', 'dataItems']
2026-05-18 01:18:02,629 - root - INFO - Successfully upserted 288 data points.
2026-05-18 01:18:07,101 - root - INFO - Using single devDn for device/history (API: one device per query)
2026-05-18 01:18:07,102 - root - INFO - Fetching historical data for 1 devices of type meteo_station
2026-05-18 01:18:07,102 - root - INFO - Making API request to: https://sg5.fusionsolar.huawei.com/rest/openapi/pvms/nbi/v1/device/history
2026-05-18 01:18:07,102 - root - INFO - Request payload: {'devDn': 'NE=53784298', 'devTypeId': 10, 'startTime': 1778950800000, 'endTime': 1779037199000}
2026-05-18 01:18:07,721 - root - INFO - Response status code: 200
2026-05-18 01:18:07,724 - root - INFO - API response from https://sg5.fusionsolar.huawei.com/rest/openapi/pvms/nbi/v1/device/history (truncated): {'failCode': 0, 'success': True, 'message': 'historical data information query successful.', 'data': [{'devDn': 'NE=53784298', 'collectTime': 1778950800000, 'dataItems': {'radiant_line': 0.0, 'horiz_radiant_total': None, 'horiz_radiant_line': None, 'temperature': 0.0, 'wind_speed': 0.0, 'wind_direction': None, 'radiant_total': 0.0, 'pv_temperature': 26.9}}, {'devDn': 'NE=53784298', 'collectTime': 1778951100000, 'dataItems': {'radiant_line': 0.0, 'horiz_radiant_total': None, 'horiz_radiant_line':...
2026-05-18 01:18:07,726 - root - INFO - API Response type: <class 'dict'>
2026-05-18 01:18:07,726 - root - INFO - API Response keys: ['failCode', 'success', 'message', 'data']
2026-05-18 01:18:07,726 - root - INFO - API Response data is a list with 288 items
2026-05-18 01:18:07,726 - root - INFO - API Response has failCode: 0, message: historical data information query successful.
2026-05-18 01:18:07,726 - root - INFO - Using alternate response format: data as list
2026-05-18 01:18:07,727 - root - INFO - Received 288 data points from API
2026-05-18 01:18:07,727 - root - INFO - Sample data point structure: ['devDn', 'collectTime', 'dataItems']
2026-05-18 01:18:07,817 - root - INFO - Successfully upserted 288 data points.
2026-05-18 01:18:12,227 - root - INFO - Using single devDn for device/history (API: one device per query)
2026-05-18 01:18:12,227 - root - INFO - Fetching historical data for 1 devices of type meteo_station
2026-05-18 01:18:12,228 - root - INFO - Making API request to: https://sg5.fusionsolar.huawei.com/rest/openapi/pvms/nbi/v1/device/history
2026-05-18 01:18:12,228 - root - INFO - Request payload: {'devDn': 'NE=53784297', 'devTypeId': 10, 'startTime': 1778950800000, 'endTime': 1779037199000}
2026-05-18 01:18:12,777 - root - INFO - Response status code: 200
2026-05-18 01:18:12,779 - root - INFO - API response from https://sg5.fusionsolar.huawei.com/rest/openapi/pvms/nbi/v1/device/history (truncated): {'failCode': 0, 'success': True, 'message': 'historical data information query successful.', 'data': [{'devDn': 'NE=53784297', 'collectTime': 1778950800000, 'dataItems': {'radiant_line': 0.0, 'horiz_radiant_total': None, 'horiz_radiant_line': None, 'temperature': 26.7, 'wind_speed': 0.0, 'wind_direction': None, 'radiant_total': 0.0, 'pv_temperature': 26.9}}, {'devDn': 'NE=53784297', 'collectTime': 1778951100000, 'dataItems': {'radiant_line': 0.0, 'horiz_radiant_total': None, 'horiz_radiant_line'...
2026-05-18 01:18:12,781 - root - INFO - API Response type: <class 'dict'>
2026-05-18 01:18:12,781 - root - INFO - API Response keys: ['failCode', 'success', 'message', 'data']
2026-05-18 01:18:12,781 - root - INFO - API Response data is a list with 288 items
2026-05-18 01:18:12,781 - root - INFO - API Response has failCode: 0, message: historical data information query successful.
2026-05-18 01:18:12,782 - root - INFO - Using alternate response format: data as list
2026-05-18 01:18:12,782 - root - INFO - Received 288 data points from API
2026-05-18 01:18:12,782 - root - INFO - Sample data point structure: ['devDn', 'collectTime', 'dataItems']
2026-05-18 01:18:12,868 - root - INFO - Successfully upserted 288 data points.
2026-05-18 01:18:17,007 - root - INFO - Using single devDn for device/history (API: one device per query)
2026-05-18 01:18:17,007 - root - INFO - Fetching historical data for 1 devices of type meteo_station
2026-05-18 01:18:17,008 - root - INFO - Making API request to: https://sg5.fusionsolar.huawei.com/rest/openapi/pvms/nbi/v1/device/history
2026-05-18 01:18:17,008 - root - INFO - Request payload: {'devDn': 'NE=53784296', 'devTypeId': 10, 'startTime': 1778950800000, 'endTime': 1779037199000}
2026-05-18 01:18:17,559 - root - INFO - Response status code: 200
2026-05-18 01:18:17,562 - root - INFO - API response from https://sg5.fusionsolar.huawei.com/rest/openapi/pvms/nbi/v1/device/history (truncated): {'failCode': 0, 'success': True, 'message': 'historical data information query successful.', 'data': [{'devDn': 'NE=53784296', 'collectTime': 1778950800000, 'dataItems': {'radiant_line': 0.0, 'horiz_radiant_total': None, 'horiz_radiant_line': None, 'temperature': 27.0, 'wind_speed': 0.0, 'wind_direction': None, 'radiant_total': 0.0, 'pv_temperature': 27.1}}, {'devDn': 'NE=53784296', 'collectTime': 1778951100000, 'dataItems': {'radiant_line': 0.0, 'horiz_radiant_total': None, 'horiz_radiant_line'...
2026-05-18 01:18:17,563 - root - INFO - API Response type: <class 'dict'>
2026-05-18 01:18:17,564 - root - INFO - API Response keys: ['failCode', 'success', 'message', 'data']
2026-05-18 01:18:17,564 - root - INFO - API Response data is a list with 288 items
2026-05-18 01:18:17,564 - root - INFO - API Response has failCode: 0, message: historical data information query successful.
2026-05-18 01:18:17,564 - root - INFO - Using alternate response format: data as list
2026-05-18 01:18:17,564 - root - INFO - Received 288 data points from API
2026-05-18 01:18:17,564 - root - INFO - Sample data point structure: ['devDn', 'collectTime', 'dataItems']
2026-05-18 01:18:17,646 - root - INFO - Successfully upserted 288 data points.
2026-05-18 01:18:22,164 - root - INFO - Using single devDn for device/history (API: one device per query)
2026-05-18 01:18:22,165 - root - INFO - Fetching historical data for 1 devices of type meteo_station
2026-05-18 01:18:22,165 - root - INFO - Making API request to: https://sg5.fusionsolar.huawei.com/rest/openapi/pvms/nbi/v1/device/history
2026-05-18 01:18:22,166 - root - INFO - Request payload: {'devDn': 'NE=53784303', 'devTypeId': 10, 'startTime': 1778950800000, 'endTime': 1779037199000}
2026-05-18 01:18:22,685 - root - INFO - Response status code: 200
2026-05-18 01:18:22,690 - root - INFO - API response from https://sg5.fusionsolar.huawei.com/rest/openapi/pvms/nbi/v1/device/history (truncated): {'failCode': 0, 'success': True, 'message': 'historical data information query successful.', 'data': [{'devDn': 'NE=53784303', 'collectTime': 1778950800000, 'dataItems': {'radiant_line': 151.0, 'horiz_radiant_total': None, 'horiz_radiant_line': None, 'temperature': 26.5, 'wind_speed': 0.0, 'wind_direction': 225.0, 'radiant_total': 0.543, 'pv_temperature': 25.5}}, {'devDn': 'NE=53784303', 'collectTime': 1778951100000, 'dataItems': {'radiant_line': 151.0, 'horiz_radiant_total': None, 'horiz_radian...
2026-05-18 01:18:22,691 - root - INFO - API Response type: <class 'dict'>
2026-05-18 01:18:22,692 - root - INFO - API Response keys: ['failCode', 'success', 'message', 'data']
2026-05-18 01:18:22,692 - root - INFO - API Response data is a list with 288 items
2026-05-18 01:18:22,692 - root - INFO - API Response has failCode: 0, message: historical data information query successful.
2026-05-18 01:18:22,692 - root - INFO - Using alternate response format: data as list
2026-05-18 01:18:22,692 - root - INFO - Received 288 data points from API
2026-05-18 01:18:22,692 - root - INFO - Sample data point structure: ['devDn', 'collectTime', 'dataItems']
2026-05-18 01:18:22,775 - root - INFO - Successfully upserted 288 data points.
2026-05-18 01:18:27,558 - root - INFO - Using single devDn for device/history (API: one device per query)
2026-05-18 01:18:27,571 - root - INFO - Fetching historical data for 1 devices of type meteo_station
2026-05-18 01:18:27,571 - root - INFO - Making API request to: https://sg5.fusionsolar.huawei.com/rest/openapi/pvms/nbi/v1/device/history
2026-05-18 01:18:27,571 - root - INFO - Request payload: {'devDn': 'NE=53784302', 'devTypeId': 10, 'startTime': 1778950800000, 'endTime': 1779037199000}
2026-05-18 01:18:28,158 - root - INFO - Response status code: 200
2026-05-18 01:18:28,161 - root - INFO - API response from https://sg5.fusionsolar.huawei.com/rest/openapi/pvms/nbi/v1/device/history (truncated): {'failCode': 0, 'success': True, 'message': 'historical data information query successful.', 'data': [{'devDn': 'NE=53784302', 'collectTime': 1778950800000, 'dataItems': {'radiant_line': 0.0, 'horiz_radiant_total': None, 'horiz_radiant_line': None, 'temperature': 26.7, 'wind_speed': 0.0, 'wind_direction': None, 'radiant_total': 0.0, 'pv_temperature': 27.0}}, {'devDn': 'NE=53784302', 'collectTime': 1778951100000, 'dataItems': {'radiant_line': 0.0, 'horiz_radiant_total': None, 'horiz_radiant_line'...
2026-05-18 01:18:28,163 - root - INFO - API Response type: <class 'dict'>
2026-05-18 01:18:28,163 - root - INFO - API Response keys: ['failCode', 'success', 'message', 'data']
2026-05-18 01:18:28,163 - root - INFO - API Response data is a list with 288 items
2026-05-18 01:18:28,163 - root - INFO - API Response has failCode: 0, message: historical data information query successful.
2026-05-18 01:18:28,163 - root - INFO - Using alternate response format: data as list
2026-05-18 01:18:28,164 - root - INFO - Received 288 data points from API
2026-05-18 01:18:28,164 - root - INFO - Sample data point structure: ['devDn', 'collectTime', 'dataItems']
2026-05-18 01:18:28,253 - root - INFO - Successfully upserted 288 data points.
2026-05-18 01:18:32,180 - root - INFO - Using single devDn for device/history (API: one device per query)
2026-05-18 01:18:32,180 - root - INFO - Fetching historical data for 1 devices of type meteo_station
2026-05-18 01:18:32,181 - root - INFO - Making API request to: https://sg5.fusionsolar.huawei.com/rest/openapi/pvms/nbi/v1/device/history
2026-05-18 01:18:32,181 - root - INFO - Request payload: {'devDn': 'NE=53784301', 'devTypeId': 10, 'startTime': 1778950800000, 'endTime': 1779037199000}
2026-05-18 01:18:32,744 - root - INFO - Response status code: 200
2026-05-18 01:18:32,747 - root - INFO - API response from https://sg5.fusionsolar.huawei.com/rest/openapi/pvms/nbi/v1/device/history (truncated): {'failCode': 0, 'success': True, 'message': 'historical data information query successful.', 'data': [{'devDn': 'NE=53784301', 'collectTime': 1778950800000, 'dataItems': {'radiant_line': 0.0, 'horiz_radiant_total': None, 'horiz_radiant_line': None, 'temperature': 26.9, 'wind_speed': 0.0, 'wind_direction': None, 'radiant_total': 0.0, 'pv_temperature': 27.2}}, {'devDn': 'NE=53784301', 'collectTime': 1778951100000, 'dataItems': {'radiant_line': 0.0, 'horiz_radiant_total': None, 'horiz_radiant_line'...
2026-05-18 01:18:32,748 - root - INFO - API Response type: <class 'dict'>
2026-05-18 01:18:32,749 - root - INFO - API Response keys: ['failCode', 'success', 'message', 'data']
2026-05-18 01:18:32,749 - root - INFO - API Response data is a list with 288 items
2026-05-18 01:18:32,749 - root - INFO - API Response has failCode: 0, message: historical data information query successful.
2026-05-18 01:18:32,749 - root - INFO - Using alternate response format: data as list
2026-05-18 01:18:32,749 - root - INFO - Received 288 data points from API
2026-05-18 01:18:32,749 - root - INFO - Sample data point structure: ['devDn', 'collectTime', 'dataItems']
2026-05-18 01:18:32,833 - root - INFO - Successfully upserted 288 data points.
2026-05-18 01:18:36,580 - root - INFO - Using single devDn for device/history (API: one device per query)
2026-05-18 01:18:36,581 - root - INFO - Fetching historical data for 1 devices of type meteo_station
2026-05-18 01:18:36,581 - root - INFO - Making API request to: https://sg5.fusionsolar.huawei.com/rest/openapi/pvms/nbi/v1/device/history
2026-05-18 01:18:36,581 - root - INFO - Request payload: {'devDn': 'NE=53784300', 'devTypeId': 10, 'startTime': 1778950800000, 'endTime': 1779037199000}
2026-05-18 01:18:37,236 - root - INFO - Response status code: 200
2026-05-18 01:18:37,238 - root - INFO - API response from https://sg5.fusionsolar.huawei.com/rest/openapi/pvms/nbi/v1/device/history (truncated): {'failCode': 0, 'success': True, 'message': 'historical data information query successful.', 'data': [{'devDn': 'NE=53784300', 'collectTime': 1778950800000, 'dataItems': {'radiant_line': 0.0, 'horiz_radiant_total': None, 'horiz_radiant_line': None, 'temperature': 26.9, 'wind_speed': 0.0, 'wind_direction': None, 'radiant_total': 0.0, 'pv_temperature': 27.1}}, {'devDn': 'NE=53784300', 'collectTime': 1778951100000, 'dataItems': {'radiant_line': 0.0, 'horiz_radiant_total': None, 'horiz_radiant_line'...
2026-05-18 01:18:37,240 - root - INFO - API Response type: <class 'dict'>
2026-05-18 01:18:37,240 - root - INFO - API Response keys: ['failCode', 'success', 'message', 'data']
2026-05-18 01:18:37,240 - root - INFO - API Response data is a list with 288 items
2026-05-18 01:18:37,241 - root - INFO - API Response has failCode: 0, message: historical data information query successful.
2026-05-18 01:18:37,241 - root - INFO - Using alternate response format: data as list
2026-05-18 01:18:37,241 - root - INFO - Received 288 data points from API
2026-05-18 01:18:37,241 - root - INFO - Sample data point structure: ['devDn', 'collectTime', 'dataItems']
2026-05-18 01:18:37,327 - root - INFO - Successfully upserted 288 data points.
2026-05-18 01:18:40,881 - root - INFO - Using single devDn for device/history (API: one device per query)
2026-05-18 01:18:40,884 - root - INFO - Fetching historical data for 1 devices of type meteo_station
2026-05-18 01:18:40,884 - root - INFO - Making API request to: https://sg5.fusionsolar.huawei.com/rest/openapi/pvms/nbi/v1/device/history
2026-05-18 01:18:40,884 - root - INFO - Request payload: {'devDn': 'NE=53784307', 'devTypeId': 10, 'startTime': 1778950800000, 'endTime': 1779037199000}
2026-05-18 01:18:41,591 - root - INFO - Response status code: 200
2026-05-18 01:18:41,594 - root - INFO - API response from https://sg5.fusionsolar.huawei.com/rest/openapi/pvms/nbi/v1/device/history (truncated): {'failCode': 0, 'success': True, 'message': 'historical data information query successful.', 'data': [{'devDn': 'NE=53784307', 'collectTime': 1778950800000, 'dataItems': {'radiant_line': 0.0, 'horiz_radiant_total': None, 'horiz_radiant_line': None, 'temperature': 26.9, 'wind_speed': None, 'wind_direction': None, 'radiant_total': 0.0, 'pv_temperature': None}}, {'devDn': 'NE=53784307', 'collectTime': 1778951100000, 'dataItems': {'radiant_line': 0.0, 'horiz_radiant_total': None, 'horiz_radiant_line...
2026-05-18 01:18:41,595 - root - INFO - API Response type: <class 'dict'>
2026-05-18 01:18:41,596 - root - INFO - API Response keys: ['failCode', 'success', 'message', 'data']
2026-05-18 01:18:41,596 - root - INFO - API Response data is a list with 288 items
2026-05-18 01:18:41,596 - root - INFO - API Response has failCode: 0, message: historical data information query successful.
2026-05-18 01:18:41,596 - root - INFO - Using alternate response format: data as list
2026-05-18 01:18:41,596 - root - INFO - Received 288 data points from API
2026-05-18 01:18:41,596 - root - INFO - Sample data point structure: ['devDn', 'collectTime', 'dataItems']
2026-05-18 01:18:41,676 - root - INFO - Successfully upserted 288 data points.
2026-05-18 01:18:45,312 - root - INFO - Using single devDn for device/history (API: one device per query)
2026-05-18 01:18:45,313 - root - INFO - Fetching historical data for 1 devices of type meteo_station
2026-05-18 01:18:45,313 - root - INFO - Making API request to: https://sg5.fusionsolar.huawei.com/rest/openapi/pvms/nbi/v1/device/history
2026-05-18 01:18:45,313 - root - INFO - Request payload: {'devDn': 'NE=53784305', 'devTypeId': 10, 'startTime': 1778950800000, 'endTime': 1779037199000}
2026-05-18 01:18:45,888 - root - INFO - Response status code: 200
2026-05-18 01:18:45,891 - root - INFO - API response from https://sg5.fusionsolar.huawei.com/rest/openapi/pvms/nbi/v1/device/history (truncated): {'failCode': 0, 'success': True, 'message': 'historical data information query successful.', 'data': [{'devDn': 'NE=53784305', 'collectTime': 1778950800000, 'dataItems': {'radiant_line': 0.0, 'horiz_radiant_total': None, 'horiz_radiant_line': None, 'temperature': 26.8, 'wind_speed': 0.0, 'wind_direction': None, 'radiant_total': 0.0, 'pv_temperature': 27.1}}, {'devDn': 'NE=53784305', 'collectTime': 1778951100000, 'dataItems': {'radiant_line': 0.0, 'horiz_radiant_total': None, 'horiz_radiant_line'...
2026-05-18 01:18:45,893 - root - INFO - API Response type: <class 'dict'>
2026-05-18 01:18:45,893 - root - INFO - API Response keys: ['failCode', 'success', 'message', 'data']
2026-05-18 01:18:45,893 - root - INFO - API Response data is a list with 288 items
2026-05-18 01:18:45,893 - root - INFO - API Response has failCode: 0, message: historical data information query successful.
2026-05-18 01:18:45,893 - root - INFO - Using alternate response format: data as list
2026-05-18 01:18:45,894 - root - INFO - Received 288 data points from API
2026-05-18 01:18:45,894 - root - INFO - Sample data point structure: ['devDn', 'collectTime', 'dataItems']
2026-05-18 01:18:45,976 - root - INFO - Successfully upserted 288 data points.
2026-05-18 01:18:49,365 - root - INFO - Using single devDn for device/history (API: one device per query)
2026-05-18 01:18:49,366 - root - INFO - Fetching historical data for 1 devices of type meteo_station
2026-05-18 01:18:49,366 - root - INFO - Making API request to: https://sg5.fusionsolar.huawei.com/rest/openapi/pvms/nbi/v1/device/history
2026-05-18 01:18:49,366 - root - INFO - Request payload: {'devDn': 'NE=53784304', 'devTypeId': 10, 'startTime': 1778950800000, 'endTime': 1779037199000}
2026-05-18 01:18:49,958 - root - INFO - Response status code: 200
2026-05-18 01:18:49,961 - root - INFO - API response from https://sg5.fusionsolar.huawei.com/rest/openapi/pvms/nbi/v1/device/history (truncated): {'failCode': 0, 'success': True, 'message': 'historical data information query successful.', 'data': [{'devDn': 'NE=53784304', 'collectTime': 1778950800000, 'dataItems': {'radiant_line': 0.0, 'horiz_radiant_total': None, 'horiz_radiant_line': None, 'temperature': 0.0, 'wind_speed': 0.0, 'wind_direction': None, 'radiant_total': 0.0, 'pv_temperature': 26.9}}, {'devDn': 'NE=53784304', 'collectTime': 1778951100000, 'dataItems': {'radiant_line': 0.0, 'horiz_radiant_total': None, 'horiz_radiant_line':...
2026-05-18 01:18:49,962 - root - INFO - API Response type: <class 'dict'>
2026-05-18 01:18:49,962 - root - INFO - API Response keys: ['failCode', 'success', 'message', 'data']
2026-05-18 01:18:49,963 - root - INFO - API Response data is a list with 288 items
2026-05-18 01:18:49,963 - root - INFO - API Response has failCode: 0, message: historical data information query successful.
2026-05-18 01:18:49,963 - root - INFO - Using alternate response format: data as list
2026-05-18 01:18:49,963 - root - INFO - Received 288 data points from API
2026-05-18 01:18:49,963 - root - INFO - Sample data point structure: ['devDn', 'collectTime', 'dataItems']
2026-05-18 01:18:50,043 - root - INFO - Successfully upserted 288 data points.
2026-05-18 01:18:53,459 - root - INFO - Using single devDn for device/history (API: one device per query)
2026-05-18 01:18:53,460 - root - INFO - Fetching historical data for 1 devices of type meteo_station
2026-05-18 01:18:53,460 - root - INFO - Making API request to: https://sg5.fusionsolar.huawei.com/rest/openapi/pvms/nbi/v1/device/history
2026-05-18 01:18:53,460 - root - INFO - Request payload: {'devDn': 'NE=62806360', 'devTypeId': 10, 'startTime': 1778950800000, 'endTime': 1779037199000}
2026-05-18 01:18:54,088 - root - INFO - Response status code: 200
2026-05-18 01:18:54,091 - root - INFO - API response from https://sg5.fusionsolar.huawei.com/rest/openapi/pvms/nbi/v1/device/history (truncated): {'failCode': 0, 'success': True, 'message': 'historical data information query successful.', 'data': [{'devDn': 'NE=62806360', 'collectTime': 1778950800000, 'dataItems': {'radiant_line': 0.0, 'horiz_radiant_total': None, 'horiz_radiant_line': None, 'temperature': 26.1, 'wind_speed': None, 'wind_direction': None, 'radiant_total': 0.0, 'pv_temperature': 25.7}}, {'devDn': 'NE=62806360', 'collectTime': 1778951100000, 'dataItems': {'radiant_line': 0.0, 'horiz_radiant_total': None, 'horiz_radiant_line...
2026-05-18 01:18:54,093 - root - INFO - API Response type: <class 'dict'>
2026-05-18 01:18:54,093 - root - INFO - API Response keys: ['failCode', 'success', 'message', 'data']
2026-05-18 01:18:54,093 - root - INFO - API Response data is a list with 288 items
2026-05-18 01:18:54,093 - root - INFO - API Response has failCode: 0, message: historical data information query successful.
2026-05-18 01:18:54,094 - root - INFO - Using alternate response format: data as list
2026-05-18 01:18:54,094 - root - INFO - Received 288 data points from API
2026-05-18 01:18:54,094 - root - INFO - Sample data point structure: ['devDn', 'collectTime', 'dataItems']
2026-05-18 01:18:54,181 - root - INFO - Successfully upserted 288 data points.
2026-05-18 01:18:57,798 - root - INFO - Using single devDn for device/history (API: one device per query)
2026-05-18 01:18:57,799 - root - INFO - Fetching historical data for 1 devices of type meteo_station
2026-05-18 01:18:57,799 - root - INFO - Making API request to: https://sg5.fusionsolar.huawei.com/rest/openapi/pvms/nbi/v1/device/history
2026-05-18 01:18:57,799 - root - INFO - Request payload: {'devDn': 'NE=62807014', 'devTypeId': 10, 'startTime': 1778950800000, 'endTime': 1779037199000}
2026-05-18 01:18:58,520 - root - INFO - Response status code: 200
2026-05-18 01:18:58,520 - root - INFO - API response from https://sg5.fusionsolar.huawei.com/rest/openapi/pvms/nbi/v1/device/history (truncated): {'failCode': 0, 'success': True, 'message': 'historical data information query successful.', 'data': []}
2026-05-18 01:18:58,522 - root - INFO - API Response type: <class 'dict'>
2026-05-18 01:18:58,522 - root - INFO - API Response keys: ['failCode', 'success', 'message', 'data']
2026-05-18 01:18:58,522 - root - INFO - API Response data is a list with 0 items
2026-05-18 01:18:58,522 - root - INFO - API Response has failCode: 0, message: historical data information query successful.
2026-05-18 01:18:58,522 - root - INFO - Using alternate response format: data as list
2026-05-18 01:18:58,522 - root - INFO - No data points returned for the query period
2026-05-18 01:18:58,522 - root - INFO - Using single devDn for device/history (API: one device per query)
2026-05-18 01:18:58,523 - root - INFO - Fetching historical data for 1 devices of type meteo_station
2026-05-18 01:18:58,523 - root - INFO - Making API request to: https://sg5.fusionsolar.huawei.com/rest/openapi/pvms/nbi/v1/device/history
2026-05-18 01:18:58,523 - root - INFO - Request payload: {'devDn': 'NE=62807015', 'devTypeId': 10, 'startTime': 1778950800000, 'endTime': 1779037199000}
2026-05-18 01:18:58,828 - root - INFO - Response status code: 200
2026-05-18 01:18:58,829 - root - INFO - API response from https://sg5.fusionsolar.huawei.com/rest/openapi/pvms/nbi/v1/device/history (truncated): {'failCode': 407, 'success': False, 'message': 'Interface access frequency:0.39333333333333337/1second', 'data': []}
2026-05-18 01:18:58,829 - root - WARNING - API access frequency too high. Waiting 30 seconds before retry...
2026-05-18 01:19:28,829 - root - INFO - Retrying API request after rate limit wait...
2026-05-18 01:19:28,830 - root - INFO - Making API request to: https://sg5.fusionsolar.huawei.com/rest/openapi/pvms/nbi/v1/device/history
2026-05-18 01:19:28,830 - root - INFO - Request payload: {'devDn': 'NE=62807015', 'devTypeId': 10, 'startTime': 1778950800000, 'endTime': 1779037199000}
2026-05-18 01:19:29,251 - root - INFO - Response status code: 200
2026-05-18 01:19:29,251 - root - INFO - API response from https://sg5.fusionsolar.huawei.com/rest/openapi/pvms/nbi/v1/device/history (truncated): {'failCode': 0, 'success': True, 'message': 'historical data information query successful.', 'data': []}
2026-05-18 01:19:29,255 - root - INFO - API Response type: <class 'dict'>
2026-05-18 01:19:29,255 - root - INFO - API Response keys: ['failCode', 'success', 'message', 'data']
2026-05-18 01:19:29,255 - root - INFO - API Response data is a list with 0 items
2026-05-18 01:19:29,255 - root - INFO - API Response has failCode: 0, message: historical data information query successful.
2026-05-18 01:19:29,256 - root - INFO - Using alternate response format: data as list
2026-05-18 01:19:29,256 - root - INFO - No data points returned for the query period
2026-05-18 01:19:29,257 - root - INFO - Using single devDn for device/history (API: one device per query)
2026-05-18 01:19:29,257 - root - INFO - Fetching historical data for 1 devices of type inverter
2026-05-18 01:19:29,257 - root - INFO - Making API request to: https://sg5.fusionsolar.huawei.com/rest/openapi/pvms/nbi/v1/device/history
2026-05-18 01:19:29,257 - root - INFO - Request payload: {'devDn': 'NE=60951887', 'devTypeId': 1, 'startTime': 1778950800000, 'endTime': 1779037199000}
2026-05-18 01:19:29,584 - root - INFO - Response status code: 200
2026-05-18 01:19:29,584 - root - INFO - API response from https://sg5.fusionsolar.huawei.com/rest/openapi/pvms/nbi/v1/device/history (truncated): {'failCode': 407, 'success': False, 'message': 'Interface access frequency:0.39333333333333337/1second', 'data': []}
2026-05-18 01:19:29,584 - root - WARNING - API access frequency too high. Waiting 30 seconds before retry...
2026-05-18 01:19:59,585 - root - INFO - Retrying API request after rate limit wait...
2026-05-18 01:19:59,585 - root - INFO - Making API request to: https://sg5.fusionsolar.huawei.com/rest/openapi/pvms/nbi/v1/device/history
2026-05-18 01:19:59,585 - root - INFO - Request payload: {'devDn': 'NE=60951887', 'devTypeId': 1, 'startTime': 1778950800000, 'endTime': 1779037199000}
2026-05-18 01:20:01,642 - root - INFO - Response status code: 200
2026-05-18 01:20:01,686 - root - INFO - API response from https://sg5.fusionsolar.huawei.com/rest/openapi/pvms/nbi/v1/device/history (truncated): {'failCode': 0, 'success': True, 'message': 'historical data information query successful.', 'data': [{'devDn': 'NE=60951887', 'collectTime': 1778950800000, 'dataItems': {'pv28_i': None, 'pv4_u': None, 'pv24_i': None, 'mppt_total_cap': 11451.51, 'pv8_u': None, 'a_i': 0.0, 'pv24_u': None, 'mppt_9_cap': None, 'pv20_u': None, 'a_u': 225.0, 'pv17_u': None, 'pv20_i': None, 'efficiency': 100.0, 'pv17_i': None, 'pv13_i': None, 'pv36_i': None, 'mppt_power': 0.0, 'pv13_u': None, 'pv36_u': None, 'mppt_7_c...
2026-05-18 01:20:01,689 - root - INFO - API Response type: <class 'dict'>
2026-05-18 01:20:01,689 - root - INFO - API Response keys: ['failCode', 'success', 'message', 'data']
2026-05-18 01:20:01,690 - root - INFO - API Response data is a list with 288 items
2026-05-18 01:20:01,690 - root - INFO - API Response has failCode: 0, message: historical data information query successful.
2026-05-18 01:20:01,690 - root - INFO - Using alternate response format: data as list
2026-05-18 01:20:01,690 - root - INFO - Received 288 data points from API
2026-05-18 01:20:01,690 - root - INFO - Sample data point structure: ['devDn', 'collectTime', 'dataItems']
2026-05-18 01:20:01,815 - root - INFO - Successfully upserted 288 data points.
2026-05-18 01:20:05,275 - root - INFO - Using single devDn for device/history (API: one device per query)
2026-05-18 01:20:05,276 - root - INFO - Fetching historical data for 1 devices of type inverter
2026-05-18 01:20:05,276 - root - INFO - Making API request to: https://sg5.fusionsolar.huawei.com/rest/openapi/pvms/nbi/v1/device/history
2026-05-18 01:20:05,276 - root - INFO - Request payload: {'devDn': 'NE=61851554', 'devTypeId': 1, 'startTime': 1778950800000, 'endTime': 1779037199000}
2026-05-18 01:20:06,949 - root - INFO - Response status code: 200
2026-05-18 01:20:06,976 - root - INFO - API response from https://sg5.fusionsolar.huawei.com/rest/openapi/pvms/nbi/v1/device/history (truncated): {'failCode': 0, 'success': True, 'message': 'historical data information query successful.', 'data': [{'devDn': 'NE=61851554', 'collectTime': 1778950800000, 'dataItems': {'pv28_i': None, 'pv4_u': 0.0, 'pv24_i': None, 'mppt_total_cap': 35738.29, 'pv8_u': 0.0, 'a_i': 0.0, 'pv24_u': None, 'mppt_9_cap': None, 'pv20_u': 0.0, 'a_u': 0.0, 'pv17_u': 0.0, 'pv20_i': 0.0, 'efficiency': 0.0, 'pv17_i': 0.0, 'pv13_i': 0.0, 'pv36_i': None, 'mppt_power': 0.0, 'pv13_u': 0.0, 'pv36_u': None, 'mppt_7_cap': 6202.95...
2026-05-18 01:20:06,978 - root - INFO - API Response type: <class 'dict'>
2026-05-18 01:20:06,978 - root - INFO - API Response keys: ['failCode', 'success', 'message', 'data']
2026-05-18 01:20:06,978 - root - INFO - API Response data is a list with 148 items
2026-05-18 01:20:06,978 - root - INFO - API Response has failCode: 0, message: historical data information query successful.
2026-05-18 01:20:06,979 - root - INFO - Using alternate response format: data as list
2026-05-18 01:20:06,980 - root - INFO - Received 148 data points from API
2026-05-18 01:20:06,980 - root - INFO - Sample data point structure: ['devDn', 'collectTime', 'dataItems']
2026-05-18 01:20:07,044 - root - INFO - Successfully upserted 148 data points.
2026-05-18 01:20:10,146 - root - INFO - Using single devDn for device/history (API: one device per query)
2026-05-18 01:20:10,147 - root - INFO - Fetching historical data for 1 devices of type inverter
2026-05-18 01:20:10,147 - root - INFO - Making API request to: https://sg5.fusionsolar.huawei.com/rest/openapi/pvms/nbi/v1/device/history
2026-05-18 01:20:10,147 - root - INFO - Request payload: {'devDn': 'NE=61851555', 'devTypeId': 1, 'startTime': 1778950800000, 'endTime': 1779037199000}
2026-05-18 01:20:11,713 - root - INFO - Response status code: 200
2026-05-18 01:20:11,726 - root - INFO - API response from https://sg5.fusionsolar.huawei.com/rest/openapi/pvms/nbi/v1/device/history (truncated): {'failCode': 0, 'success': True, 'message': 'historical data information query successful.', 'data': [{'devDn': 'NE=61851555', 'collectTime': 1778950800000, 'dataItems': {'pv28_i': None, 'pv4_u': 0.0, 'pv24_i': None, 'mppt_total_cap': 36808.81, 'pv8_u': 0.0, 'a_i': 0.0, 'pv24_u': None, 'mppt_9_cap': None, 'pv20_u': 0.0, 'a_u': 0.0, 'pv17_u': 0.0, 'pv20_i': 0.0, 'efficiency': 0.0, 'pv17_i': 0.0, 'pv13_i': 0.0, 'pv36_i': None, 'mppt_power': 0.0, 'pv13_u': 0.0, 'pv36_u': None, 'mppt_7_cap': 6657.19...
2026-05-18 01:20:11,728 - root - INFO - API Response type: <class 'dict'>
2026-05-18 01:20:11,728 - root - INFO - API Response keys: ['failCode', 'success', 'message', 'data']
2026-05-18 01:20:11,728 - root - INFO - API Response data is a list with 148 items
2026-05-18 01:20:11,728 - root - INFO - API Response has failCode: 0, message: historical data information query successful.
2026-05-18 01:20:11,729 - root - INFO - Using alternate response format: data as list
2026-05-18 01:20:11,729 - root - INFO - Received 148 data points from API
2026-05-18 01:20:11,729 - root - INFO - Sample data point structure: ['devDn', 'collectTime', 'dataItems']
2026-05-18 01:20:11,794 - root - INFO - Successfully upserted 148 data points.
2026-05-18 01:20:14,843 - root - INFO - Using single devDn for device/history (API: one device per query)
2026-05-18 01:20:14,843 - root - INFO - Fetching historical data for 1 devices of type inverter
2026-05-18 01:20:14,844 - root - INFO - Making API request to: https://sg5.fusionsolar.huawei.com/rest/openapi/pvms/nbi/v1/device/history
2026-05-18 01:20:14,844 - root - INFO - Request payload: {'devDn': 'NE=61851552', 'devTypeId': 1, 'startTime': 1778950800000, 'endTime': 1779037199000}
2026-05-18 01:20:16,601 - root - INFO - Response status code: 200
2026-05-18 01:20:16,614 - root - INFO - API response from https://sg5.fusionsolar.huawei.com/rest/openapi/pvms/nbi/v1/device/history (truncated): {'failCode': 0, 'success': True, 'message': 'historical data information query successful.', 'data': [{'devDn': 'NE=61851552', 'collectTime': 1778950800000, 'dataItems': {'pv28_i': None, 'pv4_u': 0.0, 'pv24_i': None, 'mppt_total_cap': 33664.02, 'pv8_u': 0.0, 'a_i': 0.0, 'pv24_u': None, 'mppt_9_cap': None, 'pv20_u': 0.0, 'a_u': 0.0, 'pv17_u': 0.0, 'pv20_i': 0.0, 'efficiency': 0.0, 'pv17_i': 0.0, 'pv13_i': 0.0, 'pv36_i': None, 'mppt_power': 0.0, 'pv13_u': 0.0, 'pv36_u': None, 'mppt_7_cap': 6132.13...
2026-05-18 01:20:16,616 - root - INFO - API Response type: <class 'dict'>
2026-05-18 01:20:16,616 - root - INFO - API Response keys: ['failCode', 'success', 'message', 'data']
2026-05-18 01:20:16,616 - root - INFO - API Response data is a list with 148 items
2026-05-18 01:20:16,617 - root - INFO - API Response has failCode: 0, message: historical data information query successful.
2026-05-18 01:20:16,617 - root - INFO - Using alternate response format: data as list
2026-05-18 01:20:16,617 - root - INFO - Received 148 data points from API
2026-05-18 01:20:16,617 - root - INFO - Sample data point structure: ['devDn', 'collectTime', 'dataItems']
2026-05-18 01:20:16,677 - root - INFO - Successfully upserted 148 data points.
2026-05-18 01:20:19,717 - root - INFO - Using single devDn for device/history (API: one device per query)
2026-05-18 01:20:19,717 - root - INFO - Fetching historical data for 1 devices of type inverter
2026-05-18 01:20:19,718 - root - INFO - Making API request to: https://sg5.fusionsolar.huawei.com/rest/openapi/pvms/nbi/v1/device/history
2026-05-18 01:20:19,718 - root - INFO - Request payload: {'devDn': 'NE=61851553', 'devTypeId': 1, 'startTime': 1778950800000, 'endTime': 1779037199000}
2026-05-18 01:20:21,284 - root - INFO - Response status code: 200
2026-05-18 01:20:21,297 - root - INFO - API response from https://sg5.fusionsolar.huawei.com/rest/openapi/pvms/nbi/v1/device/history (truncated): {'failCode': 0, 'success': True, 'message': 'historical data information query successful.', 'data': [{'devDn': 'NE=61851553', 'collectTime': 1778950800000, 'dataItems': {'pv28_i': None, 'pv4_u': 0.0, 'pv24_i': None, 'mppt_total_cap': 33564.23, 'pv8_u': 0.0, 'a_i': 0.0, 'pv24_u': None, 'mppt_9_cap': None, 'pv20_u': 0.0, 'a_u': 0.0, 'pv17_u': 0.0, 'pv20_i': 0.0, 'efficiency': 0.0, 'pv17_i': 0.0, 'pv13_i': 0.0, 'pv36_i': None, 'mppt_power': 0.0, 'pv13_u': 0.0, 'pv36_u': None, 'mppt_7_cap': 6130.02...
2026-05-18 01:20:21,298 - root - INFO - API Response type: <class 'dict'>
2026-05-18 01:20:21,299 - root - INFO - API Response keys: ['failCode', 'success', 'message', 'data']
2026-05-18 01:20:21,299 - root - INFO - API Response data is a list with 148 items
2026-05-18 01:20:21,299 - root - INFO - API Response has failCode: 0, message: historical data information query successful.
2026-05-18 01:20:21,299 - root - INFO - Using alternate response format: data as list
2026-05-18 01:20:21,299 - root - INFO - Received 148 data points from API
2026-05-18 01:20:21,299 - root - INFO - Sample data point structure: ['devDn', 'collectTime', 'dataItems']
2026-05-18 01:20:21,360 - root - INFO - Successfully upserted 148 data points.
2026-05-18 01:20:24,398 - root - INFO - Using single devDn for device/history (API: one device per query)
2026-05-18 01:20:24,399 - root - INFO - Fetching historical data for 1 devices of type inverter
2026-05-18 01:20:24,399 - root - INFO - Making API request to: https://sg5.fusionsolar.huawei.com/rest/openapi/pvms/nbi/v1/device/history
2026-05-18 01:20:24,399 - root - INFO - Request payload: {'devDn': 'NE=61851556', 'devTypeId': 1, 'startTime': 1778950800000, 'endTime': 1779037199000}
2026-05-18 01:20:26,018 - root - INFO - Response status code: 200
2026-05-18 01:20:26,033 - root - INFO - API response from https://sg5.fusionsolar.huawei.com/rest/openapi/pvms/nbi/v1/device/history (truncated): {'failCode': 0, 'success': True, 'message': 'historical data information query successful.', 'data': [{'devDn': 'NE=61851556', 'collectTime': 1778950800000, 'dataItems': {'pv28_i': None, 'pv4_u': 0.0, 'pv24_i': None, 'mppt_total_cap': 36701.27, 'pv8_u': 0.0, 'a_i': 0.0, 'pv24_u': None, 'mppt_9_cap': None, 'pv20_u': 0.0, 'a_u': 0.0, 'pv17_u': 0.0, 'pv20_i': 0.0, 'efficiency': 0.0, 'pv17_i': 0.0, 'pv13_i': 0.0, 'pv36_i': None, 'mppt_power': 0.0, 'pv13_u': 0.0, 'pv36_u': None, 'mppt_7_cap': 6559.61...
2026-05-18 01:20:26,034 - root - INFO - API Response type: <class 'dict'>
2026-05-18 01:20:26,035 - root - INFO - API Response keys: ['failCode', 'success', 'message', 'data']
2026-05-18 01:20:26,035 - root - INFO - API Response data is a list with 148 items
2026-05-18 01:20:26,035 - root - INFO - API Response has failCode: 0, message: historical data information query successful.
2026-05-18 01:20:26,035 - root - INFO - Using alternate response format: data as list
2026-05-18 01:20:26,035 - root - INFO - Received 148 data points from API
2026-05-18 01:20:26,035 - root - INFO - Sample data point structure: ['devDn', 'collectTime', 'dataItems']
2026-05-18 01:20:26,119 - root - INFO - Successfully upserted 148 data points.
2026-05-18 01:20:29,149 - root - INFO - Using single devDn for device/history (API: one device per query)
2026-05-18 01:20:29,150 - root - INFO - Fetching historical data for 1 devices of type inverter
2026-05-18 01:20:29,150 - root - INFO - Making API request to: https://sg5.fusionsolar.huawei.com/rest/openapi/pvms/nbi/v1/device/history
2026-05-18 01:20:29,150 - root - INFO - Request payload: {'devDn': 'NE=61851557', 'devTypeId': 1, 'startTime': 1778950800000, 'endTime': 1779037199000}
2026-05-18 01:20:30,722 - root - INFO - Response status code: 200
2026-05-18 01:20:30,735 - root - INFO - API response from https://sg5.fusionsolar.huawei.com/rest/openapi/pvms/nbi/v1/device/history (truncated): {'failCode': 0, 'success': True, 'message': 'historical data information query successful.', 'data': [{'devDn': 'NE=61851557', 'collectTime': 1778950800000, 'dataItems': {'pv28_i': None, 'pv4_u': 0.0, 'pv24_i': None, 'mppt_total_cap': 37021.66, 'pv8_u': 0.0, 'a_i': 0.0, 'pv24_u': None, 'mppt_9_cap': None, 'pv20_u': 0.0, 'a_u': 0.0, 'pv17_u': 0.0, 'pv20_i': 0.0, 'efficiency': 0.0, 'pv17_i': 0.0, 'pv13_i': 0.0, 'pv36_i': None, 'mppt_power': 0.0, 'pv13_u': 0.0, 'pv36_u': None, 'mppt_7_cap': 6429.85...
2026-05-18 01:20:30,737 - root - INFO - API Response type: <class 'dict'>
2026-05-18 01:20:30,737 - root - INFO - API Response keys: ['failCode', 'success', 'message', 'data']
2026-05-18 01:20:30,737 - root - INFO - API Response data is a list with 148 items
2026-05-18 01:20:30,738 - root - INFO - API Response has failCode: 0, message: historical data information query successful.
2026-05-18 01:20:30,738 - root - INFO - Using alternate response format: data as list
2026-05-18 01:20:30,738 - root - INFO - Received 148 data points from API
2026-05-18 01:20:30,738 - root - INFO - Sample data point structure: ['devDn', 'collectTime', 'dataItems']
2026-05-18 01:20:30,801 - root - INFO - Successfully upserted 148 data points.
2026-05-18 01:20:33,831 - root - INFO - Using single devDn for device/history (API: one device per query)
2026-05-18 01:20:33,832 - root - INFO - Fetching historical data for 1 devices of type inverter
2026-05-18 01:20:33,832 - root - INFO - Making API request to: https://sg5.fusionsolar.huawei.com/rest/openapi/pvms/nbi/v1/device/history
2026-05-18 01:20:33,832 - root - INFO - Request payload: {'devDn': 'NE=52031815', 'devTypeId': 1, 'startTime': 1778950800000, 'endTime': 1779037199000}
2026-05-18 01:20:35,285 - root - INFO - Response status code: 200
2026-05-18 01:20:35,300 - root - INFO - API response from https://sg5.fusionsolar.huawei.com/rest/openapi/pvms/nbi/v1/device/history (truncated): {'failCode': 0, 'success': True, 'message': 'historical data information query successful.', 'data': [{'devDn': 'NE=52031815', 'collectTime': 1778969400000, 'dataItems': {'pv28_i': 0.0, 'pv4_u': 0.0, 'pv24_i': 0.0, 'mppt_total_cap': 823372.81, 'pv8_u': 0.0, 'a_i': 0.0, 'pv24_u': 0.0, 'mppt_9_cap': 0.0, 'pv20_u': 0.0, 'a_u': 0.0, 'pv17_u': 0.0, 'pv20_i': 0.0, 'efficiency': 0.0, 'pv17_i': 0.0, 'pv13_i': 0.0, 'pv36_i': None, 'mppt_power': 0.0, 'pv13_u': 0.0, 'pv36_u': None, 'mppt_7_cap': 0.0, 'pv32...
2026-05-18 01:20:35,302 - root - INFO - API Response type: <class 'dict'>
2026-05-18 01:20:35,302 - root - INFO - API Response keys: ['failCode', 'success', 'message', 'data']
2026-05-18 01:20:35,302 - root - INFO - API Response data is a list with 157 items
2026-05-18 01:20:35,303 - root - INFO - API Response has failCode: 0, message: historical data information query successful.
2026-05-18 01:20:35,303 - root - INFO - Using alternate response format: data as list
2026-05-18 01:20:35,303 - root - INFO - Received 157 data points from API
2026-05-18 01:20:35,303 - root - INFO - Sample data point structure: ['devDn', 'collectTime', 'dataItems']
2026-05-18 01:20:35,366 - root - INFO - Successfully upserted 157 data points.
2026-05-18 01:20:38,967 - root - INFO - Using single devDn for device/history (API: one device per query)
2026-05-18 01:20:38,968 - root - INFO - Fetching historical data for 1 devices of type inverter
2026-05-18 01:20:38,968 - root - INFO - Making API request to: https://sg5.fusionsolar.huawei.com/rest/openapi/pvms/nbi/v1/device/history
2026-05-18 01:20:38,968 - root - INFO - Request payload: {'devDn': 'NE=52031818', 'devTypeId': 1, 'startTime': 1778950800000, 'endTime': 1779037199000}
2026-05-18 01:20:40,427 - root - INFO - Response status code: 200
2026-05-18 01:20:40,442 - root - INFO - API response from https://sg5.fusionsolar.huawei.com/rest/openapi/pvms/nbi/v1/device/history (truncated): {'failCode': 0, 'success': True, 'message': 'historical data information query successful.', 'data': [{'devDn': 'NE=52031818', 'collectTime': 1778969400000, 'dataItems': {'pv28_i': 0.0, 'pv4_u': 0.0, 'pv24_i': 0.0, 'mppt_total_cap': 832280.16, 'pv8_u': 0.0, 'a_i': 0.0, 'pv24_u': 0.0, 'mppt_9_cap': 0.0, 'pv20_u': 0.0, 'a_u': 0.0, 'pv17_u': 0.0, 'pv20_i': 0.0, 'efficiency': 0.0, 'pv17_i': 0.0, 'pv13_i': 0.0, 'pv36_i': None, 'mppt_power': 0.0, 'pv13_u': 0.0, 'pv36_u': None, 'mppt_7_cap': 0.0, 'pv32...
2026-05-18 01:20:40,444 - root - INFO - API Response type: <class 'dict'>
2026-05-18 01:20:40,444 - root - INFO - API Response keys: ['failCode', 'success', 'message', 'data']
2026-05-18 01:20:40,444 - root - INFO - API Response data is a list with 157 items
2026-05-18 01:20:40,444 - root - INFO - API Response has failCode: 0, message: historical data information query successful.
2026-05-18 01:20:40,444 - root - INFO - Using alternate response format: data as list
2026-05-18 01:20:40,445 - root - INFO - Received 157 data points from API
2026-05-18 01:20:40,445 - root - INFO - Sample data point structure: ['devDn', 'collectTime', 'dataItems']
2026-05-18 01:20:40,508 - root - INFO - Successfully upserted 157 data points.
2026-05-18 01:20:44,092 - root - INFO - Using single devDn for device/history (API: one device per query)
2026-05-18 01:20:44,092 - root - INFO - Fetching historical data for 1 devices of type inverter
2026-05-18 01:20:44,093 - root - INFO - Making API request to: https://sg5.fusionsolar.huawei.com/rest/openapi/pvms/nbi/v1/device/history
2026-05-18 01:20:44,093 - root - INFO - Request payload: {'devDn': 'NE=52031819', 'devTypeId': 1, 'startTime': 1778950800000, 'endTime': 1779037199000}
2026-05-18 01:20:45,548 - root - INFO - Response status code: 200
2026-05-18 01:20:45,562 - root - INFO - API response from https://sg5.fusionsolar.huawei.com/rest/openapi/pvms/nbi/v1/device/history (truncated): {'failCode': 0, 'success': True, 'message': 'historical data information query successful.', 'data': [{'devDn': 'NE=52031819', 'collectTime': 1778969400000, 'dataItems': {'pv28_i': 0.0, 'pv4_u': 0.0, 'pv24_i': 0.0, 'mppt_total_cap': 782351.99, 'pv8_u': 0.0, 'a_i': 0.0, 'pv24_u': 0.0, 'mppt_9_cap': 0.0, 'pv20_u': 0.0, 'a_u': 0.0, 'pv17_u': 0.0, 'pv20_i': 0.0, 'efficiency': 0.0, 'pv17_i': 0.0, 'pv13_i': 0.0, 'pv36_i': None, 'mppt_power': 0.0, 'pv13_u': 0.0, 'pv36_u': None, 'mppt_7_cap': 0.0, 'pv32...
2026-05-18 01:20:45,564 - root - INFO - API Response type: <class 'dict'>
2026-05-18 01:20:45,564 - root - INFO - API Response keys: ['failCode', 'success', 'message', 'data']
2026-05-18 01:20:45,564 - root - INFO - API Response data is a list with 157 items
2026-05-18 01:20:45,564 - root - INFO - API Response has failCode: 0, message: historical data information query successful.
2026-05-18 01:20:45,565 - root - INFO - Using alternate response format: data as list
2026-05-18 01:20:45,565 - root - INFO - Received 157 data points from API
2026-05-18 01:20:45,565 - root - INFO - Sample data point structure: ['devDn', 'collectTime', 'dataItems']
2026-05-18 01:20:45,638 - root - INFO - Successfully upserted 157 data points.
2026-05-18 01:20:49,090 - root - INFO - Using single devDn for device/history (API: one device per query)
2026-05-18 01:20:49,090 - root - INFO - Fetching historical data for 1 devices of type inverter
2026-05-18 01:20:49,090 - root - INFO - Making API request to: https://sg5.fusionsolar.huawei.com/rest/openapi/pvms/nbi/v1/device/history
2026-05-18 01:20:49,091 - root - INFO - Request payload: {'devDn': 'NE=52031820', 'devTypeId': 1, 'startTime': 1778950800000, 'endTime': 1779037199000}
2026-05-18 01:20:50,556 - root - INFO - Response status code: 200
2026-05-18 01:20:50,570 - root - INFO - API response from https://sg5.fusionsolar.huawei.com/rest/openapi/pvms/nbi/v1/device/history (truncated): {'failCode': 0, 'success': True, 'message': 'historical data information query successful.', 'data': [{'devDn': 'NE=52031820', 'collectTime': 1778969400000, 'dataItems': {'pv28_i': 0.0, 'pv4_u': 0.0, 'pv24_i': 0.0, 'mppt_total_cap': 807167.55, 'pv8_u': 0.0, 'a_i': 0.0, 'pv24_u': 0.0, 'mppt_9_cap': 0.0, 'pv20_u': 0.0, 'a_u': 0.0, 'pv17_u': 0.0, 'pv20_i': 0.0, 'efficiency': 0.0, 'pv17_i': 0.0, 'pv13_i': 0.0, 'pv36_i': None, 'mppt_power': 0.0, 'pv13_u': 0.0, 'pv36_u': None, 'mppt_7_cap': 0.0, 'pv32...
2026-05-18 01:20:50,572 - root - INFO - API Response type: <class 'dict'>
2026-05-18 01:20:50,572 - root - INFO - API Response keys: ['failCode', 'success', 'message', 'data']
2026-05-18 01:20:50,572 - root - INFO - API Response data is a list with 157 items
2026-05-18 01:20:50,573 - root - INFO - API Response has failCode: 0, message: historical data information query successful.
2026-05-18 01:20:50,573 - root - INFO - Using alternate response format: data as list
2026-05-18 01:20:50,573 - root - INFO - Received 157 data points from API
2026-05-18 01:20:50,573 - root - INFO - Sample data point structure: ['devDn', 'collectTime', 'dataItems']
2026-05-18 01:20:50,638 - root - INFO - Successfully upserted 157 data points.
2026-05-18 01:20:54,204 - root - INFO - Using single devDn for device/history (API: one device per query)
2026-05-18 01:20:54,204 - root - INFO - Fetching historical data for 1 devices of type inverter
2026-05-18 01:20:54,205 - root - INFO - Making API request to: https://sg5.fusionsolar.huawei.com/rest/openapi/pvms/nbi/v1/device/history
2026-05-18 01:20:54,205 - root - INFO - Request payload: {'devDn': 'NE=52031821', 'devTypeId': 1, 'startTime': 1778950800000, 'endTime': 1779037199000}
2026-05-18 01:20:55,598 - root - INFO - Response status code: 200
2026-05-18 01:20:55,617 - root - INFO - API response from https://sg5.fusionsolar.huawei.com/rest/openapi/pvms/nbi/v1/device/history (truncated): {'failCode': 0, 'success': True, 'message': 'historical data information query successful.', 'data': [{'devDn': 'NE=52031821', 'collectTime': 1778969400000, 'dataItems': {'pv28_i': 0.0, 'pv4_u': 0.0, 'pv24_i': 0.0, 'mppt_total_cap': 813022.33, 'pv8_u': 0.0, 'a_i': 0.0, 'pv24_u': 0.0, 'mppt_9_cap': 0.0, 'pv20_u': 0.0, 'a_u': 0.0, 'pv17_u': 0.0, 'pv20_i': 0.0, 'efficiency': 0.0, 'pv17_i': 0.0, 'pv13_i': 0.0, 'pv36_i': None, 'mppt_power': 0.0, 'pv13_u': 0.0, 'pv36_u': None, 'mppt_7_cap': 0.0, 'pv32...
2026-05-18 01:20:55,619 - root - INFO - API Response type: <class 'dict'>
2026-05-18 01:20:55,619 - root - INFO - API Response keys: ['failCode', 'success', 'message', 'data']
2026-05-18 01:20:55,619 - root - INFO - API Response data is a list with 157 items
2026-05-18 01:20:55,619 - root - INFO - API Response has failCode: 0, message: historical data information query successful.
2026-05-18 01:20:55,620 - root - INFO - Using alternate response format: data as list
2026-05-18 01:20:55,620 - root - INFO - Received 157 data points from API
2026-05-18 01:20:55,620 - root - INFO - Sample data point structure: ['devDn', 'collectTime', 'dataItems']
2026-05-18 01:20:55,700 - root - INFO - Successfully upserted 157 data points.
2026-05-18 01:20:59,268 - root - INFO - Using single devDn for device/history (API: one device per query)
2026-05-18 01:20:59,268 - root - INFO - Fetching historical data for 1 devices of type inverter
2026-05-18 01:20:59,268 - root - INFO - Making API request to: https://sg5.fusionsolar.huawei.com/rest/openapi/pvms/nbi/v1/device/history
2026-05-18 01:20:59,269 - root - INFO - Request payload: {'devDn': 'NE=52031822', 'devTypeId': 1, 'startTime': 1778950800000, 'endTime': 1779037199000}
2026-05-18 01:21:00,627 - root - INFO - Response status code: 200
2026-05-18 01:21:00,642 - root - INFO - API response from https://sg5.fusionsolar.huawei.com/rest/openapi/pvms/nbi/v1/device/history (truncated): {'failCode': 0, 'success': True, 'message': 'historical data information query successful.', 'data': [{'devDn': 'NE=52031822', 'collectTime': 1778969400000, 'dataItems': {'pv28_i': 0.0, 'pv4_u': 0.0, 'pv24_i': 0.0, 'mppt_total_cap': 827473.88, 'pv8_u': 0.0, 'a_i': 0.0, 'pv24_u': 0.0, 'mppt_9_cap': 0.0, 'pv20_u': 0.0, 'a_u': 0.0, 'pv17_u': 0.0, 'pv20_i': 0.0, 'efficiency': 0.0, 'pv17_i': 0.0, 'pv13_i': 0.0, 'pv36_i': None, 'mppt_power': 0.0, 'pv13_u': 0.0, 'pv36_u': None, 'mppt_7_cap': 0.0, 'pv32...
2026-05-18 01:21:00,644 - root - INFO - API Response type: <class 'dict'>
2026-05-18 01:21:00,644 - root - INFO - API Response keys: ['failCode', 'success', 'message', 'data']
2026-05-18 01:21:00,644 - root - INFO - API Response data is a list with 157 items
2026-05-18 01:21:00,644 - root - INFO - API Response has failCode: 0, message: historical data information query successful.
2026-05-18 01:21:00,644 - root - INFO - Using alternate response format: data as list
2026-05-18 01:21:00,644 - root - INFO - Received 157 data points from API
2026-05-18 01:21:00,644 - root - INFO - Sample data point structure: ['devDn', 'collectTime', 'dataItems']
2026-05-18 01:21:00,710 - root - INFO - Successfully upserted 157 data points.
2026-05-18 01:21:04,220 - root - INFO - Using single devDn for device/history (API: one device per query)
2026-05-18 01:21:04,221 - root - INFO - Fetching historical data for 1 devices of type inverter
2026-05-18 01:21:04,221 - root - INFO - Making API request to: https://sg5.fusionsolar.huawei.com/rest/openapi/pvms/nbi/v1/device/history
2026-05-18 01:21:04,221 - root - INFO - Request payload: {'devDn': 'NE=52031823', 'devTypeId': 1, 'startTime': 1778950800000, 'endTime': 1779037199000}
2026-05-18 01:21:05,796 - root - INFO - Response status code: 200
2026-05-18 01:21:05,811 - root - INFO - API response from https://sg5.fusionsolar.huawei.com/rest/openapi/pvms/nbi/v1/device/history (truncated): {'failCode': 0, 'success': True, 'message': 'historical data information query successful.', 'data': [{'devDn': 'NE=52031823', 'collectTime': 1778969400000, 'dataItems': {'pv28_i': 0.0, 'pv4_u': 0.0, 'pv24_i': 0.0, 'mppt_total_cap': 831425.54, 'pv8_u': 0.0, 'a_i': 0.0, 'pv24_u': 0.0, 'mppt_9_cap': 0.0, 'pv20_u': 0.0, 'a_u': 0.0, 'pv17_u': 0.0, 'pv20_i': 0.0, 'efficiency': 0.0, 'pv17_i': 0.0, 'pv13_i': 0.0, 'pv36_i': None, 'mppt_power': 0.0, 'pv13_u': 0.0, 'pv36_u': None, 'mppt_7_cap': 0.0, 'pv32...
2026-05-18 01:21:05,812 - root - INFO - API Response type: <class 'dict'>
2026-05-18 01:21:05,813 - root - INFO - API Response keys: ['failCode', 'success', 'message', 'data']
2026-05-18 01:21:05,813 - root - INFO - API Response data is a list with 157 items
2026-05-18 01:21:05,813 - root - INFO - API Response has failCode: 0, message: historical data information query successful.
2026-05-18 01:21:05,813 - root - INFO - Using alternate response format: data as list
2026-05-18 01:21:05,813 - root - INFO - Received 157 data points from API
2026-05-18 01:21:05,813 - root - INFO - Sample data point structure: ['devDn', 'collectTime', 'dataItems']
2026-05-18 01:21:05,886 - root - INFO - Successfully upserted 157 data points.
2026-05-18 01:21:09,492 - root - INFO - Using single devDn for device/history (API: one device per query)
2026-05-18 01:21:09,493 - root - INFO - Fetching historical data for 1 devices of type inverter
2026-05-18 01:21:09,493 - root - INFO - Making API request to: https://sg5.fusionsolar.huawei.com/rest/openapi/pvms/nbi/v1/device/history
2026-05-18 01:21:09,493 - root - INFO - Request payload: {'devDn': 'NE=52031824', 'devTypeId': 1, 'startTime': 1778950800000, 'endTime': 1779037199000}
2026-05-18 01:21:11,026 - root - INFO - Response status code: 200
2026-05-18 01:21:11,041 - root - INFO - API response from https://sg5.fusionsolar.huawei.com/rest/openapi/pvms/nbi/v1/device/history (truncated): {'failCode': 0, 'success': True, 'message': 'historical data information query successful.', 'data': [{'devDn': 'NE=52031824', 'collectTime': 1778969400000, 'dataItems': {'pv28_i': 0.0, 'pv4_u': 0.0, 'pv24_i': 0.0, 'mppt_total_cap': 794164.57, 'pv8_u': 0.0, 'a_i': 0.0, 'pv24_u': 0.0, 'mppt_9_cap': 0.0, 'pv20_u': 0.0, 'a_u': 0.0, 'pv17_u': 0.0, 'pv20_i': 0.0, 'efficiency': 0.0, 'pv17_i': 0.0, 'pv13_i': 0.0, 'pv36_i': None, 'mppt_power': 0.0, 'pv13_u': 0.0, 'pv36_u': None, 'mppt_7_cap': 0.0, 'pv32...
2026-05-18 01:21:11,043 - root - INFO - API Response type: <class 'dict'>
2026-05-18 01:21:11,043 - root - INFO - API Response keys: ['failCode', 'success', 'message', 'data']
2026-05-18 01:21:11,043 - root - INFO - API Response data is a list with 157 items
2026-05-18 01:21:11,043 - root - INFO - API Response has failCode: 0, message: historical data information query successful.
2026-05-18 01:21:11,044 - root - INFO - Using alternate response format: data as list
2026-05-18 01:21:11,044 - root - INFO - Received 157 data points from API
2026-05-18 01:21:11,044 - root - INFO - Sample data point structure: ['devDn', 'collectTime', 'dataItems']
2026-05-18 01:21:11,111 - root - INFO - Successfully upserted 157 data points.
2026-05-18 01:21:14,398 - root - INFO - Using single devDn for device/history (API: one device per query)
2026-05-18 01:21:14,399 - root - INFO - Fetching historical data for 1 devices of type inverter
2026-05-18 01:21:14,399 - root - INFO - Making API request to: https://sg5.fusionsolar.huawei.com/rest/openapi/pvms/nbi/v1/device/history
2026-05-18 01:21:14,399 - root - INFO - Request payload: {'devDn': 'NE=52031825', 'devTypeId': 1, 'startTime': 1778950800000, 'endTime': 1779037199000}
2026-05-18 01:21:15,785 - root - INFO - Response status code: 200
2026-05-18 01:21:15,800 - root - INFO - API response from https://sg5.fusionsolar.huawei.com/rest/openapi/pvms/nbi/v1/device/history (truncated): {'failCode': 0, 'success': True, 'message': 'historical data information query successful.', 'data': [{'devDn': 'NE=52031825', 'collectTime': 1778969400000, 'dataItems': {'pv28_i': 0.0, 'pv4_u': 0.0, 'pv24_i': 0.0, 'mppt_total_cap': 831702.74, 'pv8_u': 0.0, 'a_i': 0.0, 'pv24_u': 0.0, 'mppt_9_cap': None, 'pv20_u': 0.0, 'a_u': None, 'pv17_u': 0.0, 'pv20_i': 0.0, 'efficiency': 0.0, 'pv17_i': 0.0, 'pv13_i': 0.0, 'pv36_i': None, 'mppt_power': 0.0, 'pv13_u': 0.0, 'pv36_u': None, 'mppt_7_cap': None, 'p...
2026-05-18 01:21:15,802 - root - INFO - API Response type: <class 'dict'>
2026-05-18 01:21:15,802 - root - INFO - API Response keys: ['failCode', 'success', 'message', 'data']
2026-05-18 01:21:15,802 - root - INFO - API Response data is a list with 157 items
2026-05-18 01:21:15,802 - root - INFO - API Response has failCode: 0, message: historical data information query successful.
2026-05-18 01:21:15,802 - root - INFO - Using alternate response format: data as list
2026-05-18 01:21:15,803 - root - INFO - Received 157 data points from API
2026-05-18 01:21:15,803 - root - INFO - Sample data point structure: ['devDn', 'collectTime', 'dataItems']
2026-05-18 01:21:15,879 - root - INFO - Successfully upserted 157 data points.
2026-05-18 01:21:19,212 - root - INFO - Using single devDn for device/history (API: one device per query)
2026-05-18 01:21:19,213 - root - INFO - Fetching historical data for 1 devices of type inverter
2026-05-18 01:21:19,213 - root - INFO - Making API request to: https://sg5.fusionsolar.huawei.com/rest/openapi/pvms/nbi/v1/device/history
2026-05-18 01:21:19,213 - root - INFO - Request payload: {'devDn': 'NE=52031826', 'devTypeId': 1, 'startTime': 1778950800000, 'endTime': 1779037199000}
2026-05-18 01:21:20,780 - root - INFO - Response status code: 200
2026-05-18 01:21:20,795 - root - INFO - API response from https://sg5.fusionsolar.huawei.com/rest/openapi/pvms/nbi/v1/device/history (truncated): {'failCode': 0, 'success': True, 'message': 'historical data information query successful.', 'data': [{'devDn': 'NE=52031826', 'collectTime': 1778969400000, 'dataItems': {'pv28_i': 0.0, 'pv4_u': 0.0, 'pv24_i': 0.0, 'mppt_total_cap': 810559.9, 'pv8_u': 0.0, 'a_i': 0.0, 'pv24_u': 0.0, 'mppt_9_cap': None, 'pv20_u': 0.0, 'a_u': None, 'pv17_u': 0.0, 'pv20_i': 0.0, 'efficiency': 0.0, 'pv17_i': 0.0, 'pv13_i': 0.0, 'pv36_i': None, 'mppt_power': 0.0, 'pv13_u': 0.0, 'pv36_u': None, 'mppt_7_cap': None, 'pv...
2026-05-18 01:21:20,797 - root - INFO - API Response type: <class 'dict'>
2026-05-18 01:21:20,797 - root - INFO - API Response keys: ['failCode', 'success', 'message', 'data']
2026-05-18 01:21:20,798 - root - INFO - API Response data is a list with 157 items
2026-05-18 01:21:20,798 - root - INFO - API Response has failCode: 0, message: historical data information query successful.
2026-05-18 01:21:20,799 - root - INFO - Using alternate response format: data as list
2026-05-18 01:21:20,799 - root - INFO - Received 157 data points from API
2026-05-18 01:21:20,799 - root - INFO - Sample data point structure: ['devDn', 'collectTime', 'dataItems']
2026-05-18 01:21:20,864 - root - INFO - Successfully upserted 157 data points.
2026-05-18 01:21:24,146 - root - INFO - Using single devDn for device/history (API: one device per query)
2026-05-18 01:21:24,147 - root - INFO - Fetching historical data for 1 devices of type inverter
2026-05-18 01:21:24,147 - root - INFO - Making API request to: https://sg5.fusionsolar.huawei.com/rest/openapi/pvms/nbi/v1/device/history
2026-05-18 01:21:24,147 - root - INFO - Request payload: {'devDn': 'NE=52031827', 'devTypeId': 1, 'startTime': 1778950800000, 'endTime': 1779037199000}
2026-05-18 01:21:25,633 - root - INFO - Response status code: 200
2026-05-18 01:21:25,648 - root - INFO - API response from https://sg5.fusionsolar.huawei.com/rest/openapi/pvms/nbi/v1/device/history (truncated): {'failCode': 0, 'success': True, 'message': 'historical data information query successful.', 'data': [{'devDn': 'NE=52031827', 'collectTime': 1778969400000, 'dataItems': {'pv28_i': 0.0, 'pv4_u': 0.0, 'pv24_i': 0.0, 'mppt_total_cap': 785184.15, 'pv8_u': 0.0, 'a_i': 0.0, 'pv24_u': 0.0, 'mppt_9_cap': None, 'pv20_u': 0.0, 'a_u': None, 'pv17_u': 0.0, 'pv20_i': 0.0, 'efficiency': 0.0, 'pv17_i': 0.0, 'pv13_i': 0.0, 'pv36_i': None, 'mppt_power': 0.0, 'pv13_u': 0.0, 'pv36_u': None, 'mppt_7_cap': None, 'p...
2026-05-18 01:21:25,650 - root - INFO - API Response type: <class 'dict'>
2026-05-18 01:21:25,650 - root - INFO - API Response keys: ['failCode', 'success', 'message', 'data']
2026-05-18 01:21:25,650 - root - INFO - API Response data is a list with 157 items
2026-05-18 01:21:25,650 - root - INFO - API Response has failCode: 0, message: historical data information query successful.
2026-05-18 01:21:25,650 - root - INFO - Using alternate response format: data as list
2026-05-18 01:21:25,651 - root - INFO - Received 157 data points from API
2026-05-18 01:21:25,651 - root - INFO - Sample data point structure: ['devDn', 'collectTime', 'dataItems']
2026-05-18 01:21:25,718 - root - INFO - Successfully upserted 157 data points.
2026-05-18 01:21:28,995 - root - INFO - Using single devDn for device/history (API: one device per query)
2026-05-18 01:21:28,995 - root - INFO - Fetching historical data for 1 devices of type inverter
2026-05-18 01:21:28,996 - root - INFO - Making API request to: https://sg5.fusionsolar.huawei.com/rest/openapi/pvms/nbi/v1/device/history
2026-05-18 01:21:28,996 - root - INFO - Request payload: {'devDn': 'NE=52031816', 'devTypeId': 1, 'startTime': 1778950800000, 'endTime': 1779037199000}
2026-05-18 01:21:30,503 - root - INFO - Response status code: 200
2026-05-18 01:21:30,520 - root - INFO - API response from https://sg5.fusionsolar.huawei.com/rest/openapi/pvms/nbi/v1/device/history (truncated): {'failCode': 0, 'success': True, 'message': 'historical data information query successful.', 'data': [{'devDn': 'NE=52031816', 'collectTime': 1778969400000, 'dataItems': {'pv28_i': 0.0, 'pv4_u': 0.0, 'pv24_i': 0.0, 'mppt_total_cap': 831493.24, 'pv8_u': 0.0, 'a_i': 0.0, 'pv24_u': 0.0, 'mppt_9_cap': 0.0, 'pv20_u': 0.0, 'a_u': 0.0, 'pv17_u': 0.0, 'pv20_i': 0.0, 'efficiency': 0.0, 'pv17_i': 0.0, 'pv13_i': 0.0, 'pv36_i': None, 'mppt_power': 0.0, 'pv13_u': 0.0, 'pv36_u': None, 'mppt_7_cap': 0.0, 'pv32...
2026-05-18 01:21:30,522 - root - INFO - API Response type: <class 'dict'>
2026-05-18 01:21:30,522 - root - INFO - API Response keys: ['failCode', 'success', 'message', 'data']
2026-05-18 01:21:30,522 - root - INFO - API Response data is a list with 157 items
2026-05-18 01:21:30,522 - root - INFO - API Response has failCode: 0, message: historical data information query successful.
2026-05-18 01:21:30,523 - root - INFO - Using alternate response format: data as list
2026-05-18 01:21:30,523 - root - INFO - Received 157 data points from API
2026-05-18 01:21:30,523 - root - INFO - Sample data point structure: ['devDn', 'collectTime', 'dataItems']
2026-05-18 01:21:30,590 - root - INFO - Successfully upserted 157 data points.
2026-05-18 01:21:33,903 - root - INFO - Using single devDn for device/history (API: one device per query)
2026-05-18 01:21:33,904 - root - INFO - Fetching historical data for 1 devices of type inverter
2026-05-18 01:21:33,904 - root - INFO - Making API request to: https://sg5.fusionsolar.huawei.com/rest/openapi/pvms/nbi/v1/device/history
2026-05-18 01:21:33,904 - root - INFO - Request payload: {'devDn': 'NE=52031817', 'devTypeId': 1, 'startTime': 1778950800000, 'endTime': 1779037199000}
2026-05-18 01:21:35,337 - root - INFO - Response status code: 200
2026-05-18 01:21:35,352 - root - INFO - API response from https://sg5.fusionsolar.huawei.com/rest/openapi/pvms/nbi/v1/device/history (truncated): {'failCode': 0, 'success': True, 'message': 'historical data information query successful.', 'data': [{'devDn': 'NE=52031817', 'collectTime': 1778969400000, 'dataItems': {'pv28_i': 0.0, 'pv4_u': 0.0, 'pv24_i': 0.0, 'mppt_total_cap': 790206.96, 'pv8_u': 0.0, 'a_i': 0.0, 'pv24_u': 0.0, 'mppt_9_cap': 0.0, 'pv20_u': 0.0, 'a_u': 0.0, 'pv17_u': 0.0, 'pv20_i': 0.0, 'efficiency': 0.0, 'pv17_i': 0.0, 'pv13_i': 0.0, 'pv36_i': None, 'mppt_power': 0.0, 'pv13_u': 0.0, 'pv36_u': None, 'mppt_7_cap': 0.0, 'pv32...
2026-05-18 01:21:35,354 - root - INFO - API Response type: <class 'dict'>
2026-05-18 01:21:35,354 - root - INFO - API Response keys: ['failCode', 'success', 'message', 'data']
2026-05-18 01:21:35,354 - root - INFO - API Response data is a list with 157 items
2026-05-18 01:21:35,354 - root - INFO - API Response has failCode: 0, message: historical data information query successful.
2026-05-18 01:21:35,355 - root - INFO - Using alternate response format: data as list
2026-05-18 01:21:35,355 - root - INFO - Received 157 data points from API
2026-05-18 01:21:35,355 - root - INFO - Sample data point structure: ['devDn', 'collectTime', 'dataItems']
2026-05-18 01:21:35,423 - root - INFO - Successfully upserted 157 data points.
2026-05-18 01:21:38,696 - root - INFO - Using single devDn for device/history (API: one device per query)
2026-05-18 01:21:38,696 - root - INFO - Fetching historical data for 1 devices of type inverter
2026-05-18 01:21:38,697 - root - INFO - Making API request to: https://sg5.fusionsolar.huawei.com/rest/openapi/pvms/nbi/v1/device/history
2026-05-18 01:21:38,697 - root - INFO - Request payload: {'devDn': 'NE=51758779', 'devTypeId': 1, 'startTime': 1778950800000, 'endTime': 1779037199000}
2026-05-18 01:21:40,197 - root - INFO - Response status code: 200
2026-05-18 01:21:40,212 - root - INFO - API response from https://sg5.fusionsolar.huawei.com/rest/openapi/pvms/nbi/v1/device/history (truncated): {'failCode': 0, 'success': True, 'message': 'historical data information query successful.', 'data': [{'devDn': 'NE=51758779', 'collectTime': 1778969400000, 'dataItems': {'pv28_i': 0.0, 'pv4_u': 0.0, 'pv24_i': 0.0, 'mppt_total_cap': 891433.79, 'pv8_u': 0.0, 'a_i': 0.0, 'pv24_u': 0.0, 'mppt_9_cap': 0.0, 'pv20_u': 0.0, 'a_u': 0.0, 'pv17_u': 0.0, 'pv20_i': 0.0, 'efficiency': 0.0, 'pv17_i': 0.0, 'pv13_i': 0.0, 'pv36_i': None, 'mppt_power': 0.0, 'pv13_u': 0.0, 'pv36_u': None, 'mppt_7_cap': 0.0, 'pv32...
2026-05-18 01:21:40,213 - root - INFO - API Response type: <class 'dict'>
2026-05-18 01:21:40,214 - root - INFO - API Response keys: ['failCode', 'success', 'message', 'data']
2026-05-18 01:21:40,214 - root - INFO - API Response data is a list with 153 items
2026-05-18 01:21:40,214 - root - INFO - API Response has failCode: 0, message: historical data information query successful.
2026-05-18 01:21:40,214 - root - INFO - Using alternate response format: data as list
2026-05-18 01:21:40,214 - root - INFO - Received 153 data points from API
2026-05-18 01:21:40,214 - root - INFO - Sample data point structure: ['devDn', 'collectTime', 'dataItems']
2026-05-18 01:21:40,280 - root - INFO - Successfully upserted 153 data points.
2026-05-18 01:21:43,637 - root - INFO - Using single devDn for device/history (API: one device per query)
2026-05-18 01:21:43,638 - root - INFO - Fetching historical data for 1 devices of type inverter
2026-05-18 01:21:43,638 - root - INFO - Making API request to: https://sg5.fusionsolar.huawei.com/rest/openapi/pvms/nbi/v1/device/history
2026-05-18 01:21:43,638 - root - INFO - Request payload: {'devDn': 'NE=51758780', 'devTypeId': 1, 'startTime': 1778950800000, 'endTime': 1779037199000}
2026-05-18 01:21:45,058 - root - INFO - Response status code: 200
2026-05-18 01:21:45,073 - root - INFO - API response from https://sg5.fusionsolar.huawei.com/rest/openapi/pvms/nbi/v1/device/history (truncated): {'failCode': 0, 'success': True, 'message': 'historical data information query successful.', 'data': [{'devDn': 'NE=51758780', 'collectTime': 1778969400000, 'dataItems': {'pv28_i': 0.0, 'pv4_u': 0.0, 'pv24_i': 0.0, 'mppt_total_cap': 931567.37, 'pv8_u': 0.0, 'a_i': 0.0, 'pv24_u': 0.0, 'mppt_9_cap': 0.0, 'pv20_u': 0.0, 'a_u': 0.0, 'pv17_u': 0.0, 'pv20_i': 0.0, 'efficiency': 0.0, 'pv17_i': 0.0, 'pv13_i': 0.0, 'pv36_i': None, 'mppt_power': 0.0, 'pv13_u': 0.0, 'pv36_u': None, 'mppt_7_cap': 0.0, 'pv32...
2026-05-18 01:21:45,075 - root - INFO - API Response type: <class 'dict'>
2026-05-18 01:21:45,075 - root - INFO - API Response keys: ['failCode', 'success', 'message', 'data']
2026-05-18 01:21:45,075 - root - INFO - API Response data is a list with 153 items
2026-05-18 01:21:45,075 - root - INFO - API Response has failCode: 0, message: historical data information query successful.
2026-05-18 01:21:45,075 - root - INFO - Using alternate response format: data as list
2026-05-18 01:21:45,076 - root - INFO - Received 153 data points from API
2026-05-18 01:21:45,076 - root - INFO - Sample data point structure: ['devDn', 'collectTime', 'dataItems']
2026-05-18 01:21:45,142 - root - INFO - Successfully upserted 153 data points.
2026-05-18 01:21:48,512 - root - INFO - Using single devDn for device/history (API: one device per query)
2026-05-18 01:21:48,513 - root - INFO - Fetching historical data for 1 devices of type inverter
2026-05-18 01:21:48,513 - root - INFO - Making API request to: https://sg5.fusionsolar.huawei.com/rest/openapi/pvms/nbi/v1/device/history
2026-05-18 01:21:48,513 - root - INFO - Request payload: {'devDn': 'NE=51758777', 'devTypeId': 1, 'startTime': 1778950800000, 'endTime': 1779037199000}
2026-05-18 01:21:49,975 - root - INFO - Response status code: 200
2026-05-18 01:21:49,989 - root - INFO - API response from https://sg5.fusionsolar.huawei.com/rest/openapi/pvms/nbi/v1/device/history (truncated): {'failCode': 0, 'success': True, 'message': 'historical data information query successful.', 'data': [{'devDn': 'NE=51758777', 'collectTime': 1778969400000, 'dataItems': {'pv28_i': 0.0, 'pv4_u': 0.0, 'pv24_i': 0.0, 'mppt_total_cap': 937474.52, 'pv8_u': 0.0, 'a_i': 0.0, 'pv24_u': 0.0, 'mppt_9_cap': None, 'pv20_u': 0.0, 'a_u': None, 'pv17_u': 0.0, 'pv20_i': 0.0, 'efficiency': 0.0, 'pv17_i': 0.0, 'pv13_i': 0.0, 'pv36_i': None, 'mppt_power': 0.0, 'pv13_u': 0.0, 'pv36_u': None, 'mppt_7_cap': None, 'p...
2026-05-18 01:21:49,991 - root - INFO - API Response type: <class 'dict'>
2026-05-18 01:21:49,991 - root - INFO - API Response keys: ['failCode', 'success', 'message', 'data']
2026-05-18 01:21:49,991 - root - INFO - API Response data is a list with 153 items
2026-05-18 01:21:49,991 - root - INFO - API Response has failCode: 0, message: historical data information query successful.
2026-05-18 01:21:49,991 - root - INFO - Using alternate response format: data as list
2026-05-18 01:21:49,992 - root - INFO - Received 153 data points from API
2026-05-18 01:21:49,992 - root - INFO - Sample data point structure: ['devDn', 'collectTime', 'dataItems']
2026-05-18 01:21:50,053 - root - INFO - Successfully upserted 153 data points.
2026-05-18 01:21:53,369 - root - INFO - Using single devDn for device/history (API: one device per query)
2026-05-18 01:21:53,370 - root - INFO - Fetching historical data for 1 devices of type inverter
2026-05-18 01:21:53,370 - root - INFO - Making API request to: https://sg5.fusionsolar.huawei.com/rest/openapi/pvms/nbi/v1/device/history
2026-05-18 01:21:53,371 - root - INFO - Request payload: {'devDn': 'NE=51758778', 'devTypeId': 1, 'startTime': 1778950800000, 'endTime': 1779037199000}
2026-05-18 01:21:54,788 - root - INFO - Response status code: 200
2026-05-18 01:21:54,802 - root - INFO - API response from https://sg5.fusionsolar.huawei.com/rest/openapi/pvms/nbi/v1/device/history (truncated): {'failCode': 0, 'success': True, 'message': 'historical data information query successful.', 'data': [{'devDn': 'NE=51758778', 'collectTime': 1778969400000, 'dataItems': {'pv28_i': 0.0, 'pv4_u': 0.0, 'pv24_i': 0.0, 'mppt_total_cap': 897639.55, 'pv8_u': 0.0, 'a_i': 0.0, 'pv24_u': 0.0, 'mppt_9_cap': None, 'pv20_u': 0.0, 'a_u': None, 'pv17_u': 0.0, 'pv20_i': 0.0, 'efficiency': 0.0, 'pv17_i': 0.0, 'pv13_i': 0.0, 'pv36_i': None, 'mppt_power': 0.0, 'pv13_u': 0.0, 'pv36_u': None, 'mppt_7_cap': None, 'p...
2026-05-18 01:21:54,804 - root - INFO - API Response type: <class 'dict'>
2026-05-18 01:21:54,805 - root - INFO - API Response keys: ['failCode', 'success', 'message', 'data']
2026-05-18 01:21:54,805 - root - INFO - API Response data is a list with 153 items
2026-05-18 01:21:54,805 - root - INFO - API Response has failCode: 0, message: historical data information query successful.
2026-05-18 01:21:54,805 - root - INFO - Using alternate response format: data as list
2026-05-18 01:21:54,805 - root - INFO - Received 153 data points from API
2026-05-18 01:21:54,805 - root - INFO - Sample data point structure: ['devDn', 'collectTime', 'dataItems']
2026-05-18 01:21:54,867 - root - INFO - Successfully upserted 153 data points.
2026-05-18 01:21:58,122 - root - INFO - Using single devDn for device/history (API: one device per query)
2026-05-18 01:21:58,122 - root - INFO - Fetching historical data for 1 devices of type inverter
2026-05-18 01:21:58,123 - root - INFO - Making API request to: https://sg5.fusionsolar.huawei.com/rest/openapi/pvms/nbi/v1/device/history
2026-05-18 01:21:58,123 - root - INFO - Request payload: {'devDn': 'NE=58790540', 'devTypeId': 1, 'startTime': 1778950800000, 'endTime': 1779037199000}
2026-05-18 01:21:58,912 - root - INFO - Response status code: 200
2026-05-18 01:21:58,913 - root - INFO - API response from https://sg5.fusionsolar.huawei.com/rest/openapi/pvms/nbi/v1/device/history (truncated): {'failCode': 0, 'success': True, 'message': 'historical data information query successful.', 'data': []}
2026-05-18 01:21:58,915 - root - INFO - API Response type: <class 'dict'>
2026-05-18 01:21:58,915 - root - INFO - API Response keys: ['failCode', 'success', 'message', 'data']
2026-05-18 01:21:58,915 - root - INFO - API Response data is a list with 0 items
2026-05-18 01:21:58,915 - root - INFO - API Response has failCode: 0, message: historical data information query successful.
2026-05-18 01:21:58,916 - root - INFO - Using alternate response format: data as list
2026-05-18 01:21:58,916 - root - INFO - No data points returned for the query period
2026-05-18 01:21:58,916 - root - INFO - Using single devDn for device/history (API: one device per query)
2026-05-18 01:21:58,917 - root - INFO - Fetching historical data for 1 devices of type inverter
2026-05-18 01:21:58,917 - root - INFO - Making API request to: https://sg5.fusionsolar.huawei.com/rest/openapi/pvms/nbi/v1/device/history
2026-05-18 01:21:58,917 - root - INFO - Request payload: {'devDn': 'NE=58790539', 'devTypeId': 1, 'startTime': 1778950800000, 'endTime': 1779037199000}
2026-05-18 01:21:59,217 - root - INFO - Response status code: 200
2026-05-18 01:21:59,218 - root - INFO - API response from https://sg5.fusionsolar.huawei.com/rest/openapi/pvms/nbi/v1/device/history (truncated): {'failCode': 407, 'success': False, 'message': 'Interface access frequency:0.39333333333333337/1second', 'data': []}
2026-05-18 01:21:59,218 - root - WARNING - API access frequency too high. Waiting 30 seconds before retry...
2026-05-18 01:22:29,218 - root - INFO - Retrying API request after rate limit wait...
2026-05-18 01:22:29,218 - root - INFO - Making API request to: https://sg5.fusionsolar.huawei.com/rest/openapi/pvms/nbi/v1/device/history
2026-05-18 01:22:29,219 - root - INFO - Request payload: {'devDn': 'NE=58790539', 'devTypeId': 1, 'startTime': 1778950800000, 'endTime': 1779037199000}
2026-05-18 01:22:30,023 - root - INFO - Response status code: 200
2026-05-18 01:22:30,023 - root - INFO - API response from https://sg5.fusionsolar.huawei.com/rest/openapi/pvms/nbi/v1/device/history (truncated): {'failCode': 0, 'success': True, 'message': 'historical data information query successful.', 'data': []}
2026-05-18 01:22:30,026 - root - INFO - API Response type: <class 'dict'>
2026-05-18 01:22:30,026 - root - INFO - API Response keys: ['failCode', 'success', 'message', 'data']
2026-05-18 01:22:30,027 - root - INFO - API Response data is a list with 0 items
2026-05-18 01:22:30,027 - root - INFO - API Response has failCode: 0, message: historical data information query successful.
2026-05-18 01:22:30,027 - root - INFO - Using alternate response format: data as list
2026-05-18 01:22:30,027 - root - INFO - No data points returned for the query period
2026-05-18 01:22:30,027 - root - INFO - Using single devDn for device/history (API: one device per query)
2026-05-18 01:22:30,027 - root - INFO - Fetching historical data for 1 devices of type inverter
2026-05-18 01:22:30,028 - root - INFO - Making API request to: https://sg5.fusionsolar.huawei.com/rest/openapi/pvms/nbi/v1/device/history
2026-05-18 01:22:30,028 - root - INFO - Request payload: {'devDn': 'NE=58790538', 'devTypeId': 1, 'startTime': 1778950800000, 'endTime': 1779037199000}
2026-05-18 01:22:30,350 - root - INFO - Response status code: 200
2026-05-18 01:22:30,351 - root - INFO - API response from https://sg5.fusionsolar.huawei.com/rest/openapi/pvms/nbi/v1/device/history (truncated): {'failCode': 407, 'success': False, 'message': 'Interface access frequency:0.39333333333333337/1second', 'data': []}
2026-05-18 01:22:30,351 - root - WARNING - API access frequency too high. Waiting 30 seconds before retry...
2026-05-18 01:23:00,351 - root - INFO - Retrying API request after rate limit wait...
2026-05-18 01:23:00,352 - root - INFO - Making API request to: https://sg5.fusionsolar.huawei.com/rest/openapi/pvms/nbi/v1/device/history
2026-05-18 01:23:00,352 - root - INFO - Request payload: {'devDn': 'NE=58790538', 'devTypeId': 1, 'startTime': 1778950800000, 'endTime': 1779037199000}
2026-05-18 01:23:01,151 - root - INFO - Response status code: 200
2026-05-18 01:23:01,151 - root - INFO - API response from https://sg5.fusionsolar.huawei.com/rest/openapi/pvms/nbi/v1/device/history (truncated): {'failCode': 0, 'success': True, 'message': 'historical data information query successful.', 'data': []}
2026-05-18 01:23:01,155 - root - INFO - API Response type: <class 'dict'>
2026-05-18 01:23:01,155 - root - INFO - API Response keys: ['failCode', 'success', 'message', 'data']
2026-05-18 01:23:01,155 - root - INFO - API Response data is a list with 0 items
2026-05-18 01:23:01,155 - root - INFO - API Response has failCode: 0, message: historical data information query successful.
2026-05-18 01:23:01,155 - root - INFO - Using alternate response format: data as list
2026-05-18 01:23:01,155 - root - INFO - No data points returned for the query period
2026-05-18 01:23:01,155 - root - INFO - Using single devDn for device/history (API: one device per query)
2026-05-18 01:23:01,156 - root - INFO - Fetching historical data for 1 devices of type inverter
2026-05-18 01:23:01,156 - root - INFO - Making API request to: https://sg5.fusionsolar.huawei.com/rest/openapi/pvms/nbi/v1/device/history
2026-05-18 01:23:01,156 - root - INFO - Request payload: {'devDn': 'NE=58790537', 'devTypeId': 1, 'startTime': 1778950800000, 'endTime': 1779037199000}
2026-05-18 01:23:01,486 - root - INFO - Response status code: 200
2026-05-18 01:23:01,486 - root - INFO - API response from https://sg5.fusionsolar.huawei.com/rest/openapi/pvms/nbi/v1/device/history (truncated): {'failCode': 407, 'success': False, 'message': 'Interface access frequency:0.39333333333333337/1second', 'data': []}
2026-05-18 01:23:01,486 - root - WARNING - API access frequency too high. Waiting 30 seconds before retry...
2026-05-18 01:23:31,486 - root - INFO - Retrying API request after rate limit wait...
2026-05-18 01:23:31,487 - root - INFO - Making API request to: https://sg5.fusionsolar.huawei.com/rest/openapi/pvms/nbi/v1/device/history
2026-05-18 01:23:31,487 - root - INFO - Request payload: {'devDn': 'NE=58790537', 'devTypeId': 1, 'startTime': 1778950800000, 'endTime': 1779037199000}
2026-05-18 01:23:32,357 - root - INFO - Response status code: 200
2026-05-18 01:23:32,357 - root - INFO - API response from https://sg5.fusionsolar.huawei.com/rest/openapi/pvms/nbi/v1/device/history (truncated): {'failCode': 0, 'success': True, 'message': 'historical data information query successful.', 'data': []}
2026-05-18 01:23:32,361 - root - INFO - API Response type: <class 'dict'>
2026-05-18 01:23:32,361 - root - INFO - API Response keys: ['failCode', 'success', 'message', 'data']
2026-05-18 01:23:32,361 - root - INFO - API Response data is a list with 0 items
2026-05-18 01:23:32,361 - root - INFO - API Response has failCode: 0, message: historical data information query successful.
2026-05-18 01:23:32,361 - root - INFO - Using alternate response format: data as list
2026-05-18 01:23:32,361 - root - INFO - No data points returned for the query period
2026-05-18 01:23:32,361 - root - INFO - Using single devDn for device/history (API: one device per query)
2026-05-18 01:23:32,362 - root - INFO - Fetching historical data for 1 devices of type inverter
2026-05-18 01:23:32,362 - root - INFO - Making API request to: https://sg5.fusionsolar.huawei.com/rest/openapi/pvms/nbi/v1/device/history
2026-05-18 01:23:32,362 - root - INFO - Request payload: {'devDn': 'NE=58790542', 'devTypeId': 1, 'startTime': 1778950800000, 'endTime': 1779037199000}
2026-05-18 01:23:32,691 - root - INFO - Response status code: 200
2026-05-18 01:23:32,691 - root - INFO - API response from https://sg5.fusionsolar.huawei.com/rest/openapi/pvms/nbi/v1/device/history (truncated): {'failCode': 407, 'success': False, 'message': 'Interface access frequency:0.39333333333333337/1second', 'data': []}
2026-05-18 01:23:32,691 - root - WARNING - API access frequency too high. Waiting 30 seconds before retry...
2026-05-18 01:24:02,692 - root - INFO - Retrying API request after rate limit wait...
2026-05-18 01:24:02,692 - root - INFO - Making API request to: https://sg5.fusionsolar.huawei.com/rest/openapi/pvms/nbi/v1/device/history
2026-05-18 01:24:02,692 - root - INFO - Request payload: {'devDn': 'NE=58790542', 'devTypeId': 1, 'startTime': 1778950800000, 'endTime': 1779037199000}
2026-05-18 01:24:03,530 - root - INFO - Response status code: 200
2026-05-18 01:24:03,531 - root - INFO - API response from https://sg5.fusionsolar.huawei.com/rest/openapi/pvms/nbi/v1/device/history (truncated): {'failCode': 0, 'success': True, 'message': 'historical data information query successful.', 'data': []}
2026-05-18 01:24:03,533 - root - INFO - API Response type: <class 'dict'>
2026-05-18 01:24:03,534 - root - INFO - API Response keys: ['failCode', 'success', 'message', 'data']
2026-05-18 01:24:03,534 - root - INFO - API Response data is a list with 0 items
2026-05-18 01:24:03,534 - root - INFO - API Response has failCode: 0, message: historical data information query successful.
2026-05-18 01:24:03,534 - root - INFO - Using alternate response format: data as list
2026-05-18 01:24:03,534 - root - INFO - No data points returned for the query period
2026-05-18 01:24:03,534 - root - INFO - Using single devDn for device/history (API: one device per query)
2026-05-18 01:24:03,535 - root - INFO - Fetching historical data for 1 devices of type inverter
2026-05-18 01:24:03,535 - root - INFO - Making API request to: https://sg5.fusionsolar.huawei.com/rest/openapi/pvms/nbi/v1/device/history
2026-05-18 01:24:03,535 - root - INFO - Request payload: {'devDn': 'NE=58790541', 'devTypeId': 1, 'startTime': 1778950800000, 'endTime': 1779037199000}
2026-05-18 01:24:03,854 - root - INFO - Response status code: 200
2026-05-18 01:24:03,854 - root - INFO - API response from https://sg5.fusionsolar.huawei.com/rest/openapi/pvms/nbi/v1/device/history (truncated): {'failCode': 407, 'success': False, 'message': 'Interface access frequency:0.39333333333333337/1second', 'data': []}
2026-05-18 01:24:03,855 - root - WARNING - API access frequency too high. Waiting 30 seconds before retry...
2026-05-18 01:24:33,855 - root - INFO - Retrying API request after rate limit wait...
2026-05-18 01:24:33,855 - root - INFO - Making API request to: https://sg5.fusionsolar.huawei.com/rest/openapi/pvms/nbi/v1/device/history
2026-05-18 01:24:33,855 - root - INFO - Request payload: {'devDn': 'NE=58790541', 'devTypeId': 1, 'startTime': 1778950800000, 'endTime': 1779037199000}
2026-05-18 01:24:34,685 - root - INFO - Response status code: 200
2026-05-18 01:24:34,685 - root - INFO - API response from https://sg5.fusionsolar.huawei.com/rest/openapi/pvms/nbi/v1/device/history (truncated): {'failCode': 0, 'success': True, 'message': 'historical data information query successful.', 'data': []}
2026-05-18 01:24:34,688 - root - INFO - API Response type: <class 'dict'>
2026-05-18 01:24:34,688 - root - INFO - API Response keys: ['failCode', 'success', 'message', 'data']
2026-05-18 01:24:34,688 - root - INFO - API Response data is a list with 0 items
2026-05-18 01:24:34,688 - root - INFO - API Response has failCode: 0, message: historical data information query successful.
2026-05-18 01:24:34,688 - root - INFO - Using alternate response format: data as list
2026-05-18 01:24:34,689 - root - INFO - No data points returned for the query period
2026-05-18 01:24:34,689 - root - INFO - Using single devDn for device/history (API: one device per query)
2026-05-18 01:24:34,689 - root - INFO - Fetching historical data for 1 devices of type inverter
2026-05-18 01:24:34,689 - root - INFO - Making API request to: https://sg5.fusionsolar.huawei.com/rest/openapi/pvms/nbi/v1/device/history
2026-05-18 01:24:34,689 - root - INFO - Request payload: {'devDn': 'NE=58790536', 'devTypeId': 1, 'startTime': 1778950800000, 'endTime': 1779037199000}
2026-05-18 01:24:34,997 - root - INFO - Response status code: 200
2026-05-18 01:24:34,998 - root - INFO - API response from https://sg5.fusionsolar.huawei.com/rest/openapi/pvms/nbi/v1/device/history (truncated): {'failCode': 407, 'success': False, 'message': 'Interface access frequency:0.39333333333333337/1second', 'data': []}
2026-05-18 01:24:34,998 - root - WARNING - API access frequency too high. Waiting 30 seconds before retry...
2026-05-18 01:25:04,998 - root - INFO - Retrying API request after rate limit wait...
2026-05-18 01:25:04,998 - root - INFO - Making API request to: https://sg5.fusionsolar.huawei.com/rest/openapi/pvms/nbi/v1/device/history
2026-05-18 01:25:04,999 - root - INFO - Request payload: {'devDn': 'NE=58790536', 'devTypeId': 1, 'startTime': 1778950800000, 'endTime': 1779037199000}
2026-05-18 01:25:05,801 - root - INFO - Response status code: 200
2026-05-18 01:25:05,802 - root - INFO - API response from https://sg5.fusionsolar.huawei.com/rest/openapi/pvms/nbi/v1/device/history (truncated): {'failCode': 0, 'success': True, 'message': 'historical data information query successful.', 'data': []}
2026-05-18 01:25:05,805 - root - INFO - API Response type: <class 'dict'>
2026-05-18 01:25:05,805 - root - INFO - API Response keys: ['failCode', 'success', 'message', 'data']
2026-05-18 01:25:05,806 - root - INFO - API Response data is a list with 0 items
2026-05-18 01:25:05,806 - root - INFO - API Response has failCode: 0, message: historical data information query successful.
2026-05-18 01:25:05,806 - root - INFO - Using alternate response format: data as list
2026-05-18 01:25:05,806 - root - INFO - No data points returned for the query period
2026-05-18 01:25:05,806 - root - INFO - Using single devDn for device/history (API: one device per query)
2026-05-18 01:25:05,806 - root - INFO - Fetching historical data for 1 devices of type inverter
2026-05-18 01:25:05,807 - root - INFO - Making API request to: https://sg5.fusionsolar.huawei.com/rest/openapi/pvms/nbi/v1/device/history
2026-05-18 01:25:05,807 - root - INFO - Request payload: {'devDn': 'NE=58790535', 'devTypeId': 1, 'startTime': 1778950800000, 'endTime': 1779037199000}
2026-05-18 01:25:06,119 - root - INFO - Response status code: 200
2026-05-18 01:25:06,119 - root - INFO - API response from https://sg5.fusionsolar.huawei.com/rest/openapi/pvms/nbi/v1/device/history (truncated): {'failCode': 407, 'success': False, 'message': 'Interface access frequency:0.39333333333333337/1second', 'data': []}
2026-05-18 01:25:06,119 - root - WARNING - API access frequency too high. Waiting 30 seconds before retry...
2026-05-18 01:25:36,120 - root - INFO - Retrying API request after rate limit wait...
2026-05-18 01:25:36,120 - root - INFO - Making API request to: https://sg5.fusionsolar.huawei.com/rest/openapi/pvms/nbi/v1/device/history
2026-05-18 01:25:36,120 - root - INFO - Request payload: {'devDn': 'NE=58790535', 'devTypeId': 1, 'startTime': 1778950800000, 'endTime': 1779037199000}
2026-05-18 01:25:36,955 - root - INFO - Response status code: 200
2026-05-18 01:25:36,955 - root - INFO - API response from https://sg5.fusionsolar.huawei.com/rest/openapi/pvms/nbi/v1/device/history (truncated): {'failCode': 0, 'success': True, 'message': 'historical data information query successful.', 'data': []}
2026-05-18 01:25:36,958 - root - INFO - API Response type: <class 'dict'>
2026-05-18 01:25:36,958 - root - INFO - API Response keys: ['failCode', 'success', 'message', 'data']
2026-05-18 01:25:36,958 - root - INFO - API Response data is a list with 0 items
2026-05-18 01:25:36,958 - root - INFO - API Response has failCode: 0, message: historical data information query successful.
2026-05-18 01:25:36,958 - root - INFO - Using alternate response format: data as list
2026-05-18 01:25:36,958 - root - INFO - No data points returned for the query period
2026-05-18 01:25:36,959 - root - INFO - Using single devDn for device/history (API: one device per query)
2026-05-18 01:25:36,959 - root - INFO - Fetching historical data for 1 devices of type inverter
2026-05-18 01:25:36,959 - root - INFO - Making API request to: https://sg5.fusionsolar.huawei.com/rest/openapi/pvms/nbi/v1/device/history
2026-05-18 01:25:36,959 - root - INFO - Request payload: {'devDn': 'NE=58790534', 'devTypeId': 1, 'startTime': 1778950800000, 'endTime': 1779037199000}
2026-05-18 01:25:37,272 - root - INFO - Response status code: 200
2026-05-18 01:25:37,273 - root - INFO - API response from https://sg5.fusionsolar.huawei.com/rest/openapi/pvms/nbi/v1/device/history (truncated): {'failCode': 407, 'success': False, 'message': 'Interface access frequency:0.39333333333333337/1second', 'data': []}
2026-05-18 01:25:37,273 - root - WARNING - API access frequency too high. Waiting 30 seconds before retry...
2026-05-18 01:26:07,273 - root - INFO - Retrying API request after rate limit wait...
2026-05-18 01:26:07,274 - root - INFO - Making API request to: https://sg5.fusionsolar.huawei.com/rest/openapi/pvms/nbi/v1/device/history
2026-05-18 01:26:07,274 - root - INFO - Request payload: {'devDn': 'NE=58790534', 'devTypeId': 1, 'startTime': 1778950800000, 'endTime': 1779037199000}
2026-05-18 01:26:08,048 - root - INFO - Response status code: 200
2026-05-18 01:26:08,049 - root - INFO - API response from https://sg5.fusionsolar.huawei.com/rest/openapi/pvms/nbi/v1/device/history (truncated): {'failCode': 0, 'success': True, 'message': 'historical data information query successful.', 'data': []}
2026-05-18 01:26:08,052 - root - INFO - API Response type: <class 'dict'>
2026-05-18 01:26:08,052 - root - INFO - API Response keys: ['failCode', 'success', 'message', 'data']
2026-05-18 01:26:08,052 - root - INFO - API Response data is a list with 0 items
2026-05-18 01:26:08,052 - root - INFO - API Response has failCode: 0, message: historical data information query successful.
2026-05-18 01:26:08,052 - root - INFO - Using alternate response format: data as list
2026-05-18 01:26:08,052 - root - INFO - No data points returned for the query period
2026-05-18 01:26:08,052 - root - INFO - Using single devDn for device/history (API: one device per query)
2026-05-18 01:26:08,053 - root - INFO - Fetching historical data for 1 devices of type inverter
2026-05-18 01:26:08,053 - root - INFO - Making API request to: https://sg5.fusionsolar.huawei.com/rest/openapi/pvms/nbi/v1/device/history
2026-05-18 01:26:08,053 - root - INFO - Request payload: {'devDn': 'NE=58798010', 'devTypeId': 1, 'startTime': 1778950800000, 'endTime': 1779037199000}
2026-05-18 01:26:08,376 - root - INFO - Response status code: 200
2026-05-18 01:26:08,376 - root - INFO - API response from https://sg5.fusionsolar.huawei.com/rest/openapi/pvms/nbi/v1/device/history (truncated): {'failCode': 407, 'success': False, 'message': 'Interface access frequency:0.39333333333333337/1second', 'data': []}
2026-05-18 01:26:08,377 - root - WARNING - API access frequency too high. Waiting 30 seconds before retry...
2026-05-18 01:26:38,377 - root - INFO - Retrying API request after rate limit wait...
2026-05-18 01:26:38,377 - root - INFO - Making API request to: https://sg5.fusionsolar.huawei.com/rest/openapi/pvms/nbi/v1/device/history
2026-05-18 01:26:38,377 - root - INFO - Request payload: {'devDn': 'NE=58798010', 'devTypeId': 1, 'startTime': 1778950800000, 'endTime': 1779037199000}
2026-05-18 01:26:39,326 - root - INFO - Response status code: 200
2026-05-18 01:26:39,326 - root - INFO - API response from https://sg5.fusionsolar.huawei.com/rest/openapi/pvms/nbi/v1/device/history (truncated): {'failCode': 0, 'success': True, 'message': 'historical data information query successful.', 'data': []}
2026-05-18 01:26:39,329 - root - INFO - API Response type: <class 'dict'>
2026-05-18 01:26:39,330 - root - INFO - API Response keys: ['failCode', 'success', 'message', 'data']
2026-05-18 01:26:39,330 - root - INFO - API Response data is a list with 0 items
2026-05-18 01:26:39,330 - root - INFO - API Response has failCode: 0, message: historical data information query successful.
2026-05-18 01:26:39,330 - root - INFO - Using alternate response format: data as list
2026-05-18 01:26:39,330 - root - INFO - No data points returned for the query period
2026-05-18 01:26:39,330 - root - INFO - Using single devDn for device/history (API: one device per query)
2026-05-18 01:26:39,331 - root - INFO - Fetching historical data for 1 devices of type inverter
2026-05-18 01:26:39,331 - root - INFO - Making API request to: https://sg5.fusionsolar.huawei.com/rest/openapi/pvms/nbi/v1/device/history
2026-05-18 01:26:39,331 - root - INFO - Request payload: {'devDn': 'NE=58798008', 'devTypeId': 1, 'startTime': 1778950800000, 'endTime': 1779037199000}
2026-05-18 01:26:39,677 - root - INFO - Response status code: 200
2026-05-18 01:26:39,677 - root - INFO - API response from https://sg5.fusionsolar.huawei.com/rest/openapi/pvms/nbi/v1/device/history (truncated): {'failCode': 407, 'success': False, 'message': 'Interface access frequency:0.39333333333333337/1second', 'data': []}
2026-05-18 01:26:39,677 - root - WARNING - API access frequency too high. Waiting 30 seconds before retry...
2026-05-18 01:27:09,677 - root - INFO - Retrying API request after rate limit wait...
2026-05-18 01:27:09,678 - root - INFO - Making API request to: https://sg5.fusionsolar.huawei.com/rest/openapi/pvms/nbi/v1/device/history
2026-05-18 01:27:09,678 - root - INFO - Request payload: {'devDn': 'NE=58798008', 'devTypeId': 1, 'startTime': 1778950800000, 'endTime': 1779037199000}
2026-05-18 01:27:10,458 - root - INFO - Response status code: 200
2026-05-18 01:27:10,458 - root - INFO - API response from https://sg5.fusionsolar.huawei.com/rest/openapi/pvms/nbi/v1/device/history (truncated): {'failCode': 0, 'success': True, 'message': 'historical data information query successful.', 'data': []}
2026-05-18 01:27:10,461 - root - INFO - API Response type: <class 'dict'>
2026-05-18 01:27:10,462 - root - INFO - API Response keys: ['failCode', 'success', 'message', 'data']
2026-05-18 01:27:10,462 - root - INFO - API Response data is a list with 0 items
2026-05-18 01:27:10,462 - root - INFO - API Response has failCode: 0, message: historical data information query successful.
2026-05-18 01:27:10,462 - root - INFO - Using alternate response format: data as list
2026-05-18 01:27:10,462 - root - INFO - No data points returned for the query period
2026-05-18 01:27:10,462 - root - INFO - Using single devDn for device/history (API: one device per query)
2026-05-18 01:27:10,462 - root - INFO - Fetching historical data for 1 devices of type inverter
2026-05-18 01:27:10,463 - root - INFO - Making API request to: https://sg5.fusionsolar.huawei.com/rest/openapi/pvms/nbi/v1/device/history
2026-05-18 01:27:10,463 - root - INFO - Request payload: {'devDn': 'NE=58798011', 'devTypeId': 1, 'startTime': 1778950800000, 'endTime': 1779037199000}
2026-05-18 01:27:10,786 - root - INFO - Response status code: 200
2026-05-18 01:27:10,786 - root - INFO - API response from https://sg5.fusionsolar.huawei.com/rest/openapi/pvms/nbi/v1/device/history (truncated): {'failCode': 407, 'success': False, 'message': 'Interface access frequency:0.39333333333333337/1second', 'data': []}
2026-05-18 01:27:10,786 - root - WARNING - API access frequency too high. Waiting 30 seconds before retry...
2026-05-18 01:27:40,786 - root - INFO - Retrying API request after rate limit wait...
2026-05-18 01:27:40,786 - root - INFO - Making API request to: https://sg5.fusionsolar.huawei.com/rest/openapi/pvms/nbi/v1/device/history
2026-05-18 01:27:40,786 - root - INFO - Request payload: {'devDn': 'NE=58798011', 'devTypeId': 1, 'startTime': 1778950800000, 'endTime': 1779037199000}
2026-05-18 01:27:41,539 - root - INFO - Response status code: 200
2026-05-18 01:27:41,539 - root - INFO - API response from https://sg5.fusionsolar.huawei.com/rest/openapi/pvms/nbi/v1/device/history (truncated): {'failCode': 0, 'success': True, 'message': 'historical data information query successful.', 'data': []}
2026-05-18 01:27:41,542 - root - INFO - API Response type: <class 'dict'>
2026-05-18 01:27:41,543 - root - INFO - API Response keys: ['failCode', 'success', 'message', 'data']
2026-05-18 01:27:41,543 - root - INFO - API Response data is a list with 0 items
2026-05-18 01:27:41,543 - root - INFO - API Response has failCode: 0, message: historical data information query successful.
2026-05-18 01:27:41,543 - root - INFO - Using alternate response format: data as list
2026-05-18 01:27:41,543 - root - INFO - No data points returned for the query period
2026-05-18 01:27:41,543 - root - INFO - Using single devDn for device/history (API: one device per query)
2026-05-18 01:27:41,544 - root - INFO - Fetching historical data for 1 devices of type inverter
2026-05-18 01:27:41,544 - root - INFO - Making API request to: https://sg5.fusionsolar.huawei.com/rest/openapi/pvms/nbi/v1/device/history
2026-05-18 01:27:41,544 - root - INFO - Request payload: {'devDn': 'NE=59182344', 'devTypeId': 1, 'startTime': 1778950800000, 'endTime': 1779037199000}
2026-05-18 01:27:41,859 - root - INFO - Response status code: 200
2026-05-18 01:27:41,860 - root - INFO - API response from https://sg5.fusionsolar.huawei.com/rest/openapi/pvms/nbi/v1/device/history (truncated): {'failCode': 407, 'success': False, 'message': 'Interface access frequency:0.39333333333333337/1second', 'data': []}
2026-05-18 01:27:41,860 - root - WARNING - API access frequency too high. Waiting 30 seconds before retry...
2026-05-18 01:28:11,860 - root - INFO - Retrying API request after rate limit wait...
2026-05-18 01:28:11,860 - root - INFO - Making API request to: https://sg5.fusionsolar.huawei.com/rest/openapi/pvms/nbi/v1/device/history
2026-05-18 01:28:11,860 - root - INFO - Request payload: {'devDn': 'NE=59182344', 'devTypeId': 1, 'startTime': 1778950800000, 'endTime': 1779037199000}
2026-05-18 01:28:13,469 - root - INFO - Response status code: 200
2026-05-18 01:28:13,484 - root - INFO - API response from https://sg5.fusionsolar.huawei.com/rest/openapi/pvms/nbi/v1/device/history (truncated): {'failCode': 0, 'success': True, 'message': 'historical data information query successful.', 'data': [{'devDn': 'NE=59182344', 'collectTime': 1778969400000, 'dataItems': {'pv28_i': None, 'pv4_u': 0.0, 'pv24_i': 0.0, 'mppt_total_cap': 200337.04, 'pv8_u': 0.0, 'a_i': 0.0, 'pv24_u': 0.0, 'mppt_9_cap': None, 'pv20_u': 0.0, 'a_u': 0.0, 'pv17_u': 0.0, 'pv20_i': 0.0, 'efficiency': 0.0, 'pv17_i': 0.0, 'pv13_i': 0.0, 'pv36_i': None, 'mppt_power': 0.0, 'pv13_u': 0.0, 'pv36_u': None, 'mppt_7_cap': None, 'p...
2026-05-18 01:28:13,487 - root - INFO - API Response type: <class 'dict'>
2026-05-18 01:28:13,487 - root - INFO - API Response keys: ['failCode', 'success', 'message', 'data']
2026-05-18 01:28:13,487 - root - INFO - API Response data is a list with 156 items
2026-05-18 01:28:13,487 - root - INFO - API Response has failCode: 0, message: historical data information query successful.
2026-05-18 01:28:13,487 - root - INFO - Using alternate response format: data as list
2026-05-18 01:28:13,487 - root - INFO - Received 156 data points from API
2026-05-18 01:28:13,487 - root - INFO - Sample data point structure: ['devDn', 'collectTime', 'dataItems']
2026-05-18 01:28:13,556 - root - INFO - Successfully upserted 156 data points.
2026-05-18 01:28:16,990 - root - INFO - Using single devDn for device/history (API: one device per query)
2026-05-18 01:28:16,991 - root - INFO - Fetching historical data for 1 devices of type inverter
2026-05-18 01:28:16,991 - root - INFO - Making API request to: https://sg5.fusionsolar.huawei.com/rest/openapi/pvms/nbi/v1/device/history
2026-05-18 01:28:16,991 - root - INFO - Request payload: {'devDn': 'NE=58630789', 'devTypeId': 1, 'startTime': 1778950800000, 'endTime': 1779037199000}
2026-05-18 01:28:18,645 - root - INFO - Response status code: 200
2026-05-18 01:28:18,659 - root - INFO - API response from https://sg5.fusionsolar.huawei.com/rest/openapi/pvms/nbi/v1/device/history (truncated): {'failCode': 0, 'success': True, 'message': 'historical data information query successful.', 'data': [{'devDn': 'NE=58630789', 'collectTime': 1778969700000, 'dataItems': {'pv28_i': None, 'pv4_u': 0.0, 'pv24_i': 0.0, 'mppt_total_cap': 218256.03, 'pv8_u': 0.0, 'a_i': 0.0, 'pv24_u': 0.0, 'mppt_9_cap': None, 'pv20_u': 0.0, 'a_u': 0.0, 'pv17_u': 0.0, 'pv20_i': 0.0, 'efficiency': 0.0, 'pv17_i': 0.0, 'pv13_i': 0.0, 'pv36_i': None, 'mppt_power': 0.0, 'pv13_u': 0.0, 'pv36_u': None, 'mppt_7_cap': None, 'p...
2026-05-18 01:28:18,661 - root - INFO - API Response type: <class 'dict'>
2026-05-18 01:28:18,661 - root - INFO - API Response keys: ['failCode', 'success', 'message', 'data']
2026-05-18 01:28:18,661 - root - INFO - API Response data is a list with 155 items
2026-05-18 01:28:18,662 - root - INFO - API Response has failCode: 0, message: historical data information query successful.
2026-05-18 01:28:18,662 - root - INFO - Using alternate response format: data as list
2026-05-18 01:28:18,662 - root - INFO - Received 155 data points from API
2026-05-18 01:28:18,662 - root - INFO - Sample data point structure: ['devDn', 'collectTime', 'dataItems']
2026-05-18 01:28:18,727 - root - INFO - Successfully upserted 155 data points.
2026-05-18 01:28:22,202 - root - INFO - Using single devDn for device/history (API: one device per query)
2026-05-18 01:28:22,672 - root - INFO - Fetching historical data for 1 devices of type inverter
2026-05-18 01:28:22,672 - root - INFO - Making API request to: https://sg5.fusionsolar.huawei.com/rest/openapi/pvms/nbi/v1/device/history
2026-05-18 01:28:22,672 - root - INFO - Request payload: {'devDn': 'NE=58630790', 'devTypeId': 1, 'startTime': 1778950800000, 'endTime': 1779037199000}
2026-05-18 01:28:24,592 - root - INFO - Response status code: 200
2026-05-18 01:28:24,606 - root - INFO - API response from https://sg5.fusionsolar.huawei.com/rest/openapi/pvms/nbi/v1/device/history (truncated): {'failCode': 0, 'success': True, 'message': 'historical data information query successful.', 'data': [{'devDn': 'NE=58630790', 'collectTime': 1778969700000, 'dataItems': {'pv28_i': None, 'pv4_u': 0.0, 'pv24_i': 0.0, 'mppt_total_cap': 225504.33, 'pv8_u': 0.0, 'a_i': 0.0, 'pv24_u': 0.0, 'mppt_9_cap': None, 'pv20_u': 0.0, 'a_u': 0.0, 'pv17_u': 0.0, 'pv20_i': 0.0, 'efficiency': 0.0, 'pv17_i': 0.0, 'pv13_i': 0.0, 'pv36_i': None, 'mppt_power': 0.0, 'pv13_u': 0.0, 'pv36_u': None, 'mppt_7_cap': None, 'p...
2026-05-18 01:28:24,608 - root - INFO - API Response type: <class 'dict'>
2026-05-18 01:28:24,608 - root - INFO - API Response keys: ['failCode', 'success', 'message', 'data']
2026-05-18 01:28:24,608 - root - INFO - API Response data is a list with 155 items
2026-05-18 01:28:24,609 - root - INFO - API Response has failCode: 0, message: historical data information query successful.
2026-05-18 01:28:24,609 - root - INFO - Using alternate response format: data as list
2026-05-18 01:28:24,609 - root - INFO - Received 155 data points from API
2026-05-18 01:28:24,609 - root - INFO - Sample data point structure: ['devDn', 'collectTime', 'dataItems']
2026-05-18 01:28:24,676 - root - INFO - Successfully upserted 155 data points.
2026-05-18 01:28:27,918 - root - INFO - Using single devDn for device/history (API: one device per query)
2026-05-18 01:28:27,919 - root - INFO - Fetching historical data for 1 devices of type inverter
2026-05-18 01:28:27,919 - root - INFO - Making API request to: https://sg5.fusionsolar.huawei.com/rest/openapi/pvms/nbi/v1/device/history
2026-05-18 01:28:27,919 - root - INFO - Request payload: {'devDn': 'NE=58630787', 'devTypeId': 1, 'startTime': 1778950800000, 'endTime': 1779037199000}
2026-05-18 01:28:29,519 - root - INFO - Response status code: 200
2026-05-18 01:28:29,532 - root - INFO - API response from https://sg5.fusionsolar.huawei.com/rest/openapi/pvms/nbi/v1/device/history (truncated): {'failCode': 0, 'success': True, 'message': 'historical data information query successful.', 'data': [{'devDn': 'NE=58630787', 'collectTime': 1778969700000, 'dataItems': {'pv28_i': None, 'pv4_u': 0.0, 'pv24_i': None, 'mppt_total_cap': 218810.65, 'pv8_u': 0.0, 'a_i': 0.0, 'pv24_u': None, 'mppt_9_cap': None, 'pv20_u': 0.0, 'a_u': 0.0, 'pv17_u': 0.0, 'pv20_i': 0.0, 'efficiency': 0.0, 'pv17_i': 0.0, 'pv13_i': 0.0, 'pv36_i': None, 'mppt_power': 0.0, 'pv13_u': 0.0, 'pv36_u': None, 'mppt_7_cap': None, ...
2026-05-18 01:28:29,534 - root - INFO - API Response type: <class 'dict'>
2026-05-18 01:28:29,534 - root - INFO - API Response keys: ['failCode', 'success', 'message', 'data']
2026-05-18 01:28:29,534 - root - INFO - API Response data is a list with 155 items
2026-05-18 01:28:29,534 - root - INFO - API Response has failCode: 0, message: historical data information query successful.
2026-05-18 01:28:29,535 - root - INFO - Using alternate response format: data as list
2026-05-18 01:28:29,535 - root - INFO - Received 155 data points from API
2026-05-18 01:28:29,535 - root - INFO - Sample data point structure: ['devDn', 'collectTime', 'dataItems']
2026-05-18 01:28:29,601 - root - INFO - Successfully upserted 155 data points.
2026-05-18 01:28:32,940 - root - INFO - Using single devDn for device/history (API: one device per query)
2026-05-18 01:28:32,941 - root - INFO - Fetching historical data for 1 devices of type inverter
2026-05-18 01:28:32,941 - root - INFO - Making API request to: https://sg5.fusionsolar.huawei.com/rest/openapi/pvms/nbi/v1/device/history
2026-05-18 01:28:32,941 - root - INFO - Request payload: {'devDn': 'NE=58630788', 'devTypeId': 1, 'startTime': 1778950800000, 'endTime': 1779037199000}
2026-05-18 01:28:34,520 - root - INFO - Response status code: 200
2026-05-18 01:28:34,534 - root - INFO - API response from https://sg5.fusionsolar.huawei.com/rest/openapi/pvms/nbi/v1/device/history (truncated): {'failCode': 0, 'success': True, 'message': 'historical data information query successful.', 'data': [{'devDn': 'NE=58630788', 'collectTime': 1778969700000, 'dataItems': {'pv28_i': None, 'pv4_u': 0.0, 'pv24_i': None, 'mppt_total_cap': 227872.53, 'pv8_u': 0.0, 'a_i': 0.0, 'pv24_u': None, 'mppt_9_cap': None, 'pv20_u': 0.0, 'a_u': 0.0, 'pv17_u': 0.0, 'pv20_i': 0.0, 'efficiency': 0.0, 'pv17_i': 0.0, 'pv13_i': 0.0, 'pv36_i': None, 'mppt_power': 0.0, 'pv13_u': 0.0, 'pv36_u': None, 'mppt_7_cap': None, ...
2026-05-18 01:28:34,536 - root - INFO - API Response type: <class 'dict'>
2026-05-18 01:28:34,536 - root - INFO - API Response keys: ['failCode', 'success', 'message', 'data']
2026-05-18 01:28:34,536 - root - INFO - API Response data is a list with 155 items
2026-05-18 01:28:34,536 - root - INFO - API Response has failCode: 0, message: historical data information query successful.
2026-05-18 01:28:34,536 - root - INFO - Using alternate response format: data as list
2026-05-18 01:28:34,536 - root - INFO - Received 155 data points from API
2026-05-18 01:28:34,537 - root - INFO - Sample data point structure: ['devDn', 'collectTime', 'dataItems']
2026-05-18 01:28:34,599 - root - INFO - Successfully upserted 155 data points.
2026-05-18 01:28:38,033 - root - INFO - Using single devDn for device/history (API: one device per query)
2026-05-18 01:28:38,034 - root - INFO - Fetching historical data for 1 devices of type inverter
2026-05-18 01:28:38,034 - root - INFO - Making API request to: https://sg5.fusionsolar.huawei.com/rest/openapi/pvms/nbi/v1/device/history
2026-05-18 01:28:38,034 - root - INFO - Request payload: {'devDn': 'NE=58630793', 'devTypeId': 1, 'startTime': 1778950800000, 'endTime': 1779037199000}
2026-05-18 01:28:39,728 - root - INFO - Response status code: 200
2026-05-18 01:28:39,742 - root - INFO - API response from https://sg5.fusionsolar.huawei.com/rest/openapi/pvms/nbi/v1/device/history (truncated): {'failCode': 0, 'success': True, 'message': 'historical data information query successful.', 'data': [{'devDn': 'NE=58630793', 'collectTime': 1778969700000, 'dataItems': {'pv28_i': None, 'pv4_u': 0.0, 'pv24_i': 0.0, 'mppt_total_cap': 211895.33, 'pv8_u': 0.0, 'a_i': 0.0, 'pv24_u': 0.0, 'mppt_9_cap': None, 'pv20_u': 0.0, 'a_u': 0.0, 'pv17_u': 0.0, 'pv20_i': 0.0, 'efficiency': 0.0, 'pv17_i': 0.0, 'pv13_i': 0.0, 'pv36_i': None, 'mppt_power': 0.0, 'pv13_u': 0.0, 'pv36_u': None, 'mppt_7_cap': None, 'p...
2026-05-18 01:28:39,744 - root - INFO - API Response type: <class 'dict'>
2026-05-18 01:28:39,744 - root - INFO - API Response keys: ['failCode', 'success', 'message', 'data']
2026-05-18 01:28:39,744 - root - INFO - API Response data is a list with 155 items
2026-05-18 01:28:39,744 - root - INFO - API Response has failCode: 0, message: historical data information query successful.
2026-05-18 01:28:39,745 - root - INFO - Using alternate response format: data as list
2026-05-18 01:28:39,745 - root - INFO - Received 155 data points from API
2026-05-18 01:28:39,745 - root - INFO - Sample data point structure: ['devDn', 'collectTime', 'dataItems']
2026-05-18 01:28:39,807 - root - INFO - Successfully upserted 155 data points.
2026-05-18 01:28:43,028 - root - INFO - Using single devDn for device/history (API: one device per query)
2026-05-18 01:28:43,029 - root - INFO - Fetching historical data for 1 devices of type inverter
2026-05-18 01:28:43,029 - root - INFO - Making API request to: https://sg5.fusionsolar.huawei.com/rest/openapi/pvms/nbi/v1/device/history
2026-05-18 01:28:43,030 - root - INFO - Request payload: {'devDn': 'NE=58630794', 'devTypeId': 1, 'startTime': 1778950800000, 'endTime': 1779037199000}
2026-05-18 01:28:44,726 - root - INFO - Response status code: 200
2026-05-18 01:28:44,741 - root - INFO - API response from https://sg5.fusionsolar.huawei.com/rest/openapi/pvms/nbi/v1/device/history (truncated): {'failCode': 0, 'success': True, 'message': 'historical data information query successful.', 'data': [{'devDn': 'NE=58630794', 'collectTime': 1778969400000, 'dataItems': {'pv28_i': None, 'pv4_u': 0.0, 'pv24_i': 0.0, 'mppt_total_cap': 220852.96, 'pv8_u': 0.0, 'a_i': 0.0, 'pv24_u': 0.0, 'mppt_9_cap': 0.0, 'pv20_u': 0.0, 'a_u': 0.0, 'pv17_u': 0.0, 'pv20_i': 0.0, 'efficiency': 0.0, 'pv17_i': 0.0, 'pv13_i': 0.0, 'pv36_i': None, 'mppt_power': 0.0, 'pv13_u': 0.0, 'pv36_u': None, 'mppt_7_cap': 26024.01,...
2026-05-18 01:28:44,743 - root - INFO - API Response type: <class 'dict'>
2026-05-18 01:28:44,743 - root - INFO - API Response keys: ['failCode', 'success', 'message', 'data']
2026-05-18 01:28:44,743 - root - INFO - API Response data is a list with 157 items
2026-05-18 01:28:44,743 - root - INFO - API Response has failCode: 0, message: historical data information query successful.
2026-05-18 01:28:44,743 - root - INFO - Using alternate response format: data as list
2026-05-18 01:28:44,743 - root - INFO - Received 157 data points from API
2026-05-18 01:28:44,743 - root - INFO - Sample data point structure: ['devDn', 'collectTime', 'dataItems']
2026-05-18 01:28:44,825 - root - INFO - Successfully upserted 157 data points.
2026-05-18 01:28:49,053 - root - INFO - Using single devDn for device/history (API: one device per query)
2026-05-18 01:28:49,054 - root - INFO - Fetching historical data for 1 devices of type inverter
2026-05-18 01:28:49,054 - root - INFO - Making API request to: https://sg5.fusionsolar.huawei.com/rest/openapi/pvms/nbi/v1/device/history
2026-05-18 01:28:49,054 - root - INFO - Request payload: {'devDn': 'NE=58630791', 'devTypeId': 1, 'startTime': 1778950800000, 'endTime': 1779037199000}
2026-05-18 01:28:51,046 - root - INFO - Response status code: 200
2026-05-18 01:28:51,059 - root - INFO - API response from https://sg5.fusionsolar.huawei.com/rest/openapi/pvms/nbi/v1/device/history (truncated): {'failCode': 0, 'success': True, 'message': 'historical data information query successful.', 'data': [{'devDn': 'NE=58630791', 'collectTime': 1778969400000, 'dataItems': {'pv28_i': None, 'pv4_u': 0.0, 'pv24_i': 0.0, 'mppt_total_cap': 216171.99, 'pv8_u': 0.0, 'a_i': 0.0, 'pv24_u': 0.0, 'mppt_9_cap': None, 'pv20_u': 0.0, 'a_u': 0.0, 'pv17_u': 0.0, 'pv20_i': 0.0, 'efficiency': 0.0, 'pv17_i': 0.0, 'pv13_i': 0.0, 'pv36_i': None, 'mppt_power': 0.0, 'pv13_u': 0.0, 'pv36_u': None, 'mppt_7_cap': None, 'p...
2026-05-18 01:28:51,063 - root - INFO - API Response type: <class 'dict'>
2026-05-18 01:28:51,063 - root - INFO - API Response keys: ['failCode', 'success', 'message', 'data']
2026-05-18 01:28:51,063 - root - INFO - API Response data is a list with 156 items
2026-05-18 01:28:51,063 - root - INFO - API Response has failCode: 0, message: historical data information query successful.
2026-05-18 01:28:51,063 - root - INFO - Using alternate response format: data as list
2026-05-18 01:28:51,064 - root - INFO - Received 156 data points from API
2026-05-18 01:28:51,064 - root - INFO - Sample data point structure: ['devDn', 'collectTime', 'dataItems']
2026-05-18 01:28:51,127 - root - INFO - Successfully upserted 156 data points.
2026-05-18 01:28:54,501 - root - INFO - Using single devDn for device/history (API: one device per query)
2026-05-18 01:28:54,502 - root - INFO - Fetching historical data for 1 devices of type inverter
2026-05-18 01:28:54,502 - root - INFO - Making API request to: https://sg5.fusionsolar.huawei.com/rest/openapi/pvms/nbi/v1/device/history
2026-05-18 01:28:54,502 - root - INFO - Request payload: {'devDn': 'NE=58630792', 'devTypeId': 1, 'startTime': 1778950800000, 'endTime': 1779037199000}
2026-05-18 01:28:56,211 - root - INFO - Response status code: 200
2026-05-18 01:28:56,224 - root - INFO - API response from https://sg5.fusionsolar.huawei.com/rest/openapi/pvms/nbi/v1/device/history (truncated): {'failCode': 0, 'success': True, 'message': 'historical data information query successful.', 'data': [{'devDn': 'NE=58630792', 'collectTime': 1778969700000, 'dataItems': {'pv28_i': None, 'pv4_u': 0.0, 'pv24_i': 0.0, 'mppt_total_cap': 203726.12, 'pv8_u': 0.0, 'a_i': 0.0, 'pv24_u': 0.0, 'mppt_9_cap': None, 'pv20_u': 0.0, 'a_u': 0.0, 'pv17_u': 0.0, 'pv20_i': 0.0, 'efficiency': 0.0, 'pv17_i': 0.0, 'pv13_i': 0.0, 'pv36_i': None, 'mppt_power': 0.0, 'pv13_u': 0.0, 'pv36_u': None, 'mppt_7_cap': None, 'p...
2026-05-18 01:28:56,226 - root - INFO - API Response type: <class 'dict'>
2026-05-18 01:28:56,226 - root - INFO - API Response keys: ['failCode', 'success', 'message', 'data']
2026-05-18 01:28:56,226 - root - INFO - API Response data is a list with 155 items
2026-05-18 01:28:56,226 - root - INFO - API Response has failCode: 0, message: historical data information query successful.
2026-05-18 01:28:56,227 - root - INFO - Using alternate response format: data as list
2026-05-18 01:28:56,227 - root - INFO - Received 155 data points from API
2026-05-18 01:28:56,227 - root - INFO - Sample data point structure: ['devDn', 'collectTime', 'dataItems']
2026-05-18 01:28:56,294 - root - INFO - Successfully upserted 155 data points.
2026-05-18 01:28:59,486 - root - INFO - Using single devDn for device/history (API: one device per query)
2026-05-18 01:28:59,486 - root - INFO - Fetching historical data for 1 devices of type inverter
2026-05-18 01:28:59,487 - root - INFO - Making API request to: https://sg5.fusionsolar.huawei.com/rest/openapi/pvms/nbi/v1/device/history
2026-05-18 01:28:59,487 - root - INFO - Request payload: {'devDn': 'NE=58639490', 'devTypeId': 1, 'startTime': 1778950800000, 'endTime': 1779037199000}
2026-05-18 01:29:01,104 - root - INFO - Response status code: 200
2026-05-18 01:29:01,118 - root - INFO - API response from https://sg5.fusionsolar.huawei.com/rest/openapi/pvms/nbi/v1/device/history (truncated): {'failCode': 0, 'success': True, 'message': 'historical data information query successful.', 'data': [{'devDn': 'NE=58639490', 'collectTime': 1778969400000, 'dataItems': {'pv28_i': None, 'pv4_u': 0.0, 'pv24_i': 0.0, 'mppt_total_cap': 196760.42, 'pv8_u': 0.0, 'a_i': 0.0, 'pv24_u': 0.0, 'mppt_9_cap': None, 'pv20_u': 0.0, 'a_u': 0.0, 'pv17_u': 0.0, 'pv20_i': 0.0, 'efficiency': 0.0, 'pv17_i': 0.0, 'pv13_i': 0.0, 'pv36_i': None, 'mppt_power': 0.0, 'pv13_u': 0.0, 'pv36_u': None, 'mppt_7_cap': None, 'p...
2026-05-18 01:29:01,120 - root - INFO - API Response type: <class 'dict'>
2026-05-18 01:29:01,120 - root - INFO - API Response keys: ['failCode', 'success', 'message', 'data']
2026-05-18 01:29:01,121 - root - INFO - API Response data is a list with 158 items
2026-05-18 01:29:01,121 - root - INFO - API Response has failCode: 0, message: historical data information query successful.
2026-05-18 01:29:01,121 - root - INFO - Using alternate response format: data as list
2026-05-18 01:29:01,121 - root - INFO - Received 158 data points from API
2026-05-18 01:29:01,121 - root - INFO - Sample data point structure: ['devDn', 'collectTime', 'dataItems']
2026-05-18 01:29:01,188 - root - INFO - Successfully upserted 158 data points.
2026-05-18 01:29:04,450 - root - INFO - Using single devDn for device/history (API: one device per query)
2026-05-18 01:29:04,451 - root - INFO - Fetching historical data for 1 devices of type inverter
2026-05-18 01:29:04,451 - root - INFO - Making API request to: https://sg5.fusionsolar.huawei.com/rest/openapi/pvms/nbi/v1/device/history
2026-05-18 01:29:04,452 - root - INFO - Request payload: {'devDn': 'NE=58639492', 'devTypeId': 1, 'startTime': 1778950800000, 'endTime': 1779037199000}
2026-05-18 01:29:06,132 - root - INFO - Response status code: 200
2026-05-18 01:29:06,145 - root - INFO - API response from https://sg5.fusionsolar.huawei.com/rest/openapi/pvms/nbi/v1/device/history (truncated): {'failCode': 0, 'success': True, 'message': 'historical data information query successful.', 'data': [{'devDn': 'NE=58639492', 'collectTime': 1778969400000, 'dataItems': {'pv28_i': None, 'pv4_u': 0.0, 'pv24_i': 0.0, 'mppt_total_cap': 210268.41, 'pv8_u': 0.0, 'a_i': 0.0, 'pv24_u': 0.0, 'mppt_9_cap': 0.0, 'pv20_u': 0.0, 'a_u': 0.0, 'pv17_u': 0.0, 'pv20_i': 0.0, 'efficiency': 0.0, 'pv17_i': 0.0, 'pv13_i': 0.0, 'pv36_i': None, 'mppt_power': 0.0, 'pv13_u': 0.0, 'pv36_u': None, 'mppt_7_cap': 29971.7, ...
2026-05-18 01:29:06,147 - root - INFO - API Response type: <class 'dict'>
2026-05-18 01:29:06,147 - root - INFO - API Response keys: ['failCode', 'success', 'message', 'data']
2026-05-18 01:29:06,147 - root - INFO - API Response data is a list with 156 items
2026-05-18 01:29:06,147 - root - INFO - API Response has failCode: 0, message: historical data information query successful.
2026-05-18 01:29:06,147 - root - INFO - Using alternate response format: data as list
2026-05-18 01:29:06,148 - root - INFO - Received 156 data points from API
2026-05-18 01:29:06,148 - root - INFO - Sample data point structure: ['devDn', 'collectTime', 'dataItems']
2026-05-18 01:29:06,211 - root - INFO - Successfully upserted 156 data points.
2026-05-18 01:29:09,445 - root - INFO - Using single devDn for device/history (API: one device per query)
2026-05-18 01:29:09,446 - root - INFO - Fetching historical data for 1 devices of type inverter
2026-05-18 01:29:09,446 - root - INFO - Making API request to: https://sg5.fusionsolar.huawei.com/rest/openapi/pvms/nbi/v1/device/history
2026-05-18 01:29:09,446 - root - INFO - Request payload: {'devDn': 'NE=58987138', 'devTypeId': 1, 'startTime': 1778950800000, 'endTime': 1779037199000}
2026-05-18 01:29:11,108 - root - INFO - Response status code: 200
2026-05-18 01:29:11,122 - root - INFO - API response from https://sg5.fusionsolar.huawei.com/rest/openapi/pvms/nbi/v1/device/history (truncated): {'failCode': 0, 'success': True, 'message': 'historical data information query successful.', 'data': [{'devDn': 'NE=58987138', 'collectTime': 1778969400000, 'dataItems': {'pv28_i': None, 'pv4_u': 0.0, 'pv24_i': 0.0, 'mppt_total_cap': 214768.35, 'pv8_u': 0.0, 'a_i': 0.0, 'pv24_u': 0.0, 'mppt_9_cap': None, 'pv20_u': 0.0, 'a_u': 0.0, 'pv17_u': 0.0, 'pv20_i': 0.0, 'efficiency': 0.0, 'pv17_i': 0.0, 'pv13_i': 0.0, 'pv36_i': None, 'mppt_power': 0.0, 'pv13_u': 0.0, 'pv36_u': None, 'mppt_7_cap': None, 'p...
2026-05-18 01:29:11,124 - root - INFO - API Response type: <class 'dict'>
2026-05-18 01:29:11,124 - root - INFO - API Response keys: ['failCode', 'success', 'message', 'data']
2026-05-18 01:29:11,125 - root - INFO - API Response data is a list with 156 items
2026-05-18 01:29:11,125 - root - INFO - API Response has failCode: 0, message: historical data information query successful.
2026-05-18 01:29:11,125 - root - INFO - Using alternate response format: data as list
2026-05-18 01:29:11,125 - root - INFO - Received 156 data points from API
2026-05-18 01:29:11,125 - root - INFO - Sample data point structure: ['devDn', 'collectTime', 'dataItems']
2026-05-18 01:29:11,195 - root - INFO - Successfully upserted 156 data points.
2026-05-18 01:29:14,349 - root - INFO - Using single devDn for device/history (API: one device per query)
2026-05-18 01:29:14,350 - root - INFO - Fetching historical data for 1 devices of type inverter
2026-05-18 01:29:14,350 - root - INFO - Making API request to: https://sg5.fusionsolar.huawei.com/rest/openapi/pvms/nbi/v1/device/history
2026-05-18 01:29:14,350 - root - INFO - Request payload: {'devDn': 'NE=58741218', 'devTypeId': 1, 'startTime': 1778950800000, 'endTime': 1779037199000}
2026-05-18 01:29:15,160 - root - INFO - Response status code: 200
2026-05-18 01:29:15,161 - root - INFO - API response from https://sg5.fusionsolar.huawei.com/rest/openapi/pvms/nbi/v1/device/history (truncated): {'failCode': 0, 'success': True, 'message': 'historical data information query successful.', 'data': []}
2026-05-18 01:29:15,163 - root - INFO - API Response type: <class 'dict'>
2026-05-18 01:29:15,163 - root - INFO - API Response keys: ['failCode', 'success', 'message', 'data']
2026-05-18 01:29:15,163 - root - INFO - API Response data is a list with 0 items
2026-05-18 01:29:15,163 - root - INFO - API Response has failCode: 0, message: historical data information query successful.
2026-05-18 01:29:15,164 - root - INFO - Using alternate response format: data as list
2026-05-18 01:29:15,164 - root - INFO - No data points returned for the query period
2026-05-18 01:29:15,164 - root - INFO - Using single devDn for device/history (API: one device per query)
2026-05-18 01:29:15,165 - root - INFO - Fetching historical data for 1 devices of type inverter
2026-05-18 01:29:15,165 - root - INFO - Making API request to: https://sg5.fusionsolar.huawei.com/rest/openapi/pvms/nbi/v1/device/history
2026-05-18 01:29:15,165 - root - INFO - Request payload: {'devDn': 'NE=50488273', 'devTypeId': 1, 'startTime': 1778950800000, 'endTime': 1779037199000}
2026-05-18 01:29:15,466 - root - INFO - Response status code: 200
2026-05-18 01:29:15,466 - root - INFO - API response from https://sg5.fusionsolar.huawei.com/rest/openapi/pvms/nbi/v1/device/history (truncated): {'failCode': 407, 'success': False, 'message': 'Interface access frequency:0.39333333333333337/1second', 'data': []}
2026-05-18 01:29:15,466 - root - WARNING - API access frequency too high. Waiting 30 seconds before retry...
2026-05-18 01:29:45,466 - root - INFO - Retrying API request after rate limit wait...
2026-05-18 01:29:45,467 - root - INFO - Token is missing or expired. Attempting to login...
2026-05-18 01:29:45,502 - root - INFO - Attempting to login to FusionSolar API at https://sg5.fusionsolar.huawei.com/thirdData/login
2026-05-18 01:29:46,310 - root - INFO - Login response status code: 200
2026-05-18 01:29:46,324 - root - INFO - Successfully logged into FusionSolar.
2026-05-18 01:29:46,338 - root - INFO - Making API request to: https://sg5.fusionsolar.huawei.com/rest/openapi/pvms/nbi/v1/device/history
2026-05-18 01:29:46,338 - root - INFO - Request payload: {'devDn': 'NE=50488273', 'devTypeId': 1, 'startTime': 1778950800000, 'endTime': 1779037199000}
2026-05-18 01:29:47,159 - root - INFO - Response status code: 200
2026-05-18 01:29:47,159 - root - INFO - API response from https://sg5.fusionsolar.huawei.com/rest/openapi/pvms/nbi/v1/device/history (truncated): {'failCode': 0, 'success': True, 'message': 'historical data information query successful.', 'data': []}
2026-05-18 01:29:47,175 - root - INFO - API Response type: <class 'dict'>
2026-05-18 01:29:47,175 - root - INFO - API Response keys: ['failCode', 'success', 'message', 'data']
2026-05-18 01:29:47,175 - root - INFO - API Response data is a list with 0 items
2026-05-18 01:29:47,175 - root - INFO - API Response has failCode: 0, message: historical data information query successful.
2026-05-18 01:29:47,175 - root - INFO - Using alternate response format: data as list
2026-05-18 01:29:47,175 - root - INFO - No data points returned for the query period
2026-05-18 01:29:47,175 - root - INFO - Using single devDn for device/history (API: one device per query)
2026-05-18 01:29:47,176 - root - INFO - Fetching historical data for 1 devices of type inverter
2026-05-18 01:29:47,176 - root - INFO - Making API request to: https://sg5.fusionsolar.huawei.com/rest/openapi/pvms/nbi/v1/device/history
2026-05-18 01:29:47,176 - root - INFO - Request payload: {'devDn': 'NE=50488264', 'devTypeId': 1, 'startTime': 1778950800000, 'endTime': 1779037199000}
2026-05-18 01:29:47,493 - root - INFO - Response status code: 200
2026-05-18 01:29:47,493 - root - INFO - API response from https://sg5.fusionsolar.huawei.com/rest/openapi/pvms/nbi/v1/device/history (truncated): {'failCode': 407, 'success': False, 'message': 'Interface access frequency:0.39333333333333337/1second', 'data': []}
2026-05-18 01:29:47,493 - root - WARNING - API access frequency too high. Waiting 30 seconds before retry...
2026-05-18 01:30:17,494 - root - INFO - Retrying API request after rate limit wait...
2026-05-18 01:30:17,494 - root - INFO - Making API request to: https://sg5.fusionsolar.huawei.com/rest/openapi/pvms/nbi/v1/device/history
2026-05-18 01:30:17,495 - root - INFO - Request payload: {'devDn': 'NE=50488264', 'devTypeId': 1, 'startTime': 1778950800000, 'endTime': 1779037199000}
2026-05-18 01:30:18,358 - root - INFO - Response status code: 200
2026-05-18 01:30:18,359 - root - INFO - API response from https://sg5.fusionsolar.huawei.com/rest/openapi/pvms/nbi/v1/device/history (truncated): {'failCode': 0, 'success': True, 'message': 'historical data information query successful.', 'data': []}
2026-05-18 01:30:18,765 - root - INFO - API Response type: <class 'dict'>
2026-05-18 01:30:18,765 - root - INFO - API Response keys: ['failCode', 'success', 'message', 'data']
2026-05-18 01:30:18,765 - root - INFO - API Response data is a list with 0 items
2026-05-18 01:30:18,766 - root - INFO - API Response has failCode: 0, message: historical data information query successful.
2026-05-18 01:30:18,766 - root - INFO - Using alternate response format: data as list
2026-05-18 01:30:18,766 - root - INFO - No data points returned for the query period
2026-05-18 01:30:18,766 - root - INFO - Using single devDn for device/history (API: one device per query)
2026-05-18 01:30:18,767 - root - INFO - Fetching historical data for 1 devices of type inverter
2026-05-18 01:30:18,767 - root - INFO - Making API request to: https://sg5.fusionsolar.huawei.com/rest/openapi/pvms/nbi/v1/device/history
2026-05-18 01:30:18,767 - root - INFO - Request payload: {'devDn': 'NE=50488270', 'devTypeId': 1, 'startTime': 1778950800000, 'endTime': 1779037199000}
2026-05-18 01:30:19,130 - root - INFO - Response status code: 200
2026-05-18 01:30:19,130 - root - INFO - API response from https://sg5.fusionsolar.huawei.com/rest/openapi/pvms/nbi/v1/device/history (truncated): {'failCode': 407, 'success': False, 'message': 'Interface access frequency:0.39333333333333337/1second', 'data': []}
2026-05-18 01:30:19,130 - root - WARNING - API access frequency too high. Waiting 30 seconds before retry...
2026-05-18 01:30:49,130 - root - INFO - Retrying API request after rate limit wait...
2026-05-18 01:30:49,130 - root - INFO - Making API request to: https://sg5.fusionsolar.huawei.com/rest/openapi/pvms/nbi/v1/device/history
2026-05-18 01:30:49,131 - root - INFO - Request payload: {'devDn': 'NE=50488270', 'devTypeId': 1, 'startTime': 1778950800000, 'endTime': 1779037199000}
2026-05-18 01:30:50,768 - root - INFO - Response status code: 200
2026-05-18 01:30:50,783 - root - INFO - API response from https://sg5.fusionsolar.huawei.com/rest/openapi/pvms/nbi/v1/device/history (truncated): {'failCode': 0, 'success': True, 'message': 'historical data information query successful.', 'data': [{'devDn': 'NE=50488270', 'collectTime': 1778969400000, 'dataItems': {'pv28_i': None, 'pv4_u': 0.0, 'pv24_i': 0.0, 'mppt_total_cap': 893713.07, 'pv8_u': 0.0, 'a_i': 0.0, 'pv24_u': 0.0, 'mppt_9_cap': 0.0, 'pv20_u': 0.0, 'a_u': 0.0, 'pv17_u': 0.0, 'pv20_i': 0.0, 'efficiency': 0.0, 'pv17_i': 0.0, 'pv13_i': 0.0, 'pv36_i': None, 'mppt_power': 0.0, 'pv13_u': 0.0, 'pv36_u': None, 'mppt_7_cap': 0.0, 'pv3...
2026-05-18 01:30:50,787 - root - INFO - API Response type: <class 'dict'>
2026-05-18 01:30:50,787 - root - INFO - API Response keys: ['failCode', 'success', 'message', 'data']
2026-05-18 01:30:50,787 - root - INFO - API Response data is a list with 155 items
2026-05-18 01:30:50,787 - root - INFO - API Response has failCode: 0, message: historical data information query successful.
2026-05-18 01:30:50,787 - root - INFO - Using alternate response format: data as list
2026-05-18 01:30:50,787 - root - INFO - Received 155 data points from API
2026-05-18 01:30:50,787 - root - INFO - Sample data point structure: ['devDn', 'collectTime', 'dataItems']
2026-05-18 01:30:50,877 - root - INFO - Successfully upserted 155 data points.
2026-05-18 01:30:54,958 - root - INFO - Using single devDn for device/history (API: one device per query)
2026-05-18 01:30:54,959 - root - INFO - Fetching historical data for 1 devices of type inverter
2026-05-18 01:30:54,959 - root - INFO - Making API request to: https://sg5.fusionsolar.huawei.com/rest/openapi/pvms/nbi/v1/device/history
2026-05-18 01:30:54,960 - root - INFO - Request payload: {'devDn': 'NE=50488271', 'devTypeId': 1, 'startTime': 1778950800000, 'endTime': 1779037199000}
2026-05-18 01:30:56,459 - root - INFO - Response status code: 200
2026-05-18 01:30:56,474 - root - INFO - API response from https://sg5.fusionsolar.huawei.com/rest/openapi/pvms/nbi/v1/device/history (truncated): {'failCode': 0, 'success': True, 'message': 'historical data information query successful.', 'data': [{'devDn': 'NE=50488271', 'collectTime': 1778969400000, 'dataItems': {'pv28_i': None, 'pv4_u': 0.0, 'pv24_i': -0.01, 'mppt_total_cap': 889057.46, 'pv8_u': 0.0, 'a_i': 0.0, 'pv24_u': -0.1, 'mppt_9_cap': 0.0, 'pv20_u': -0.1, 'a_u': None, 'pv17_u': 0.0, 'pv20_i': -0.01, 'efficiency': 0.0, 'pv17_i': 0.0, 'pv13_i': 0.0, 'pv36_i': None, 'mppt_power': 0.0, 'pv13_u': 0.0, 'pv36_u': None, 'mppt_7_cap': 0....
2026-05-18 01:30:56,475 - root - INFO - API Response type: <class 'dict'>
2026-05-18 01:30:56,476 - root - INFO - API Response keys: ['failCode', 'success', 'message', 'data']
2026-05-18 01:30:56,476 - root - INFO - API Response data is a list with 155 items
2026-05-18 01:30:56,476 - root - INFO - API Response has failCode: 0, message: historical data information query successful.
2026-05-18 01:30:56,476 - root - INFO - Using alternate response format: data as list
2026-05-18 01:30:56,477 - root - INFO - Received 155 data points from API
2026-05-18 01:30:56,477 - root - INFO - Sample data point structure: ['devDn', 'collectTime', 'dataItems']
2026-05-18 01:30:56,554 - root - INFO - Successfully upserted 155 data points.
2026-05-18 01:31:00,057 - root - INFO - Using single devDn for device/history (API: one device per query)
2026-05-18 01:31:00,058 - root - INFO - Fetching historical data for 1 devices of type inverter
2026-05-18 01:31:00,058 - root - INFO - Making API request to: https://sg5.fusionsolar.huawei.com/rest/openapi/pvms/nbi/v1/device/history
2026-05-18 01:31:00,059 - root - INFO - Request payload: {'devDn': 'NE=50488265', 'devTypeId': 1, 'startTime': 1778950800000, 'endTime': 1779037199000}
2026-05-18 01:31:01,574 - root - INFO - Response status code: 200
2026-05-18 01:31:01,588 - root - INFO - API response from https://sg5.fusionsolar.huawei.com/rest/openapi/pvms/nbi/v1/device/history (truncated): {'failCode': 0, 'success': True, 'message': 'historical data information query successful.', 'data': [{'devDn': 'NE=50488265', 'collectTime': 1778969400000, 'dataItems': {'pv28_i': None, 'pv4_u': 0.0, 'pv24_i': 0.0, 'mppt_total_cap': 922611.56, 'pv8_u': 0.0, 'a_i': 0.0, 'pv24_u': 0.0, 'mppt_9_cap': 0.0, 'pv20_u': 0.0, 'a_u': 0.0, 'pv17_u': 0.0, 'pv20_i': 0.0, 'efficiency': 0.0, 'pv17_i': 0.0, 'pv13_i': 0.0, 'pv36_i': None, 'mppt_power': 0.0, 'pv13_u': 0.0, 'pv36_u': None, 'mppt_7_cap': 0.0, 'pv3...
2026-05-18 01:31:01,590 - root - INFO - API Response type: <class 'dict'>
2026-05-18 01:31:01,590 - root - INFO - API Response keys: ['failCode', 'success', 'message', 'data']
2026-05-18 01:31:01,590 - root - INFO - API Response data is a list with 155 items
2026-05-18 01:31:01,590 - root - INFO - API Response has failCode: 0, message: historical data information query successful.
2026-05-18 01:31:01,591 - root - INFO - Using alternate response format: data as list
2026-05-18 01:31:01,591 - root - INFO - Received 155 data points from API
2026-05-18 01:31:01,591 - root - INFO - Sample data point structure: ['devDn', 'collectTime', 'dataItems']
2026-05-18 01:31:01,671 - root - INFO - Successfully upserted 155 data points.
2026-05-18 01:31:05,066 - root - INFO - Using single devDn for device/history (API: one device per query)
2026-05-18 01:31:05,067 - root - INFO - Fetching historical data for 1 devices of type inverter
2026-05-18 01:31:05,067 - root - INFO - Making API request to: https://sg5.fusionsolar.huawei.com/rest/openapi/pvms/nbi/v1/device/history
2026-05-18 01:31:05,067 - root - INFO - Request payload: {'devDn': 'NE=53140445', 'devTypeId': 1, 'startTime': 1778950800000, 'endTime': 1779037199000}
2026-05-18 01:31:06,693 - root - INFO - Response status code: 200
2026-05-18 01:31:06,707 - root - INFO - API response from https://sg5.fusionsolar.huawei.com/rest/openapi/pvms/nbi/v1/device/history (truncated): {'failCode': 0, 'success': True, 'message': 'historical data information query successful.', 'data': [{'devDn': 'NE=53140445', 'collectTime': 1778969400000, 'dataItems': {'pv28_i': None, 'pv4_u': 0.0, 'pv24_i': 0.0, 'mppt_total_cap': 448645.09, 'pv8_u': 0.0, 'a_i': 0.0, 'pv24_u': 0.0, 'mppt_9_cap': 0.0, 'pv20_u': 0.0, 'a_u': 0.0, 'pv17_u': 0.0, 'pv20_i': 0.0, 'efficiency': 0.0, 'pv17_i': 0.0, 'pv13_i': 0.0, 'pv36_i': None, 'mppt_power': 0.0, 'pv13_u': 0.0, 'pv36_u': None, 'mppt_7_cap': 0.0, 'pv3...
2026-05-18 01:31:06,708 - root - INFO - API Response type: <class 'dict'>
2026-05-18 01:31:06,709 - root - INFO - API Response keys: ['failCode', 'success', 'message', 'data']
2026-05-18 01:31:06,709 - root - INFO - API Response data is a list with 155 items
2026-05-18 01:31:06,709 - root - INFO - API Response has failCode: 0, message: historical data information query successful.
2026-05-18 01:31:06,709 - root - INFO - Using alternate response format: data as list
2026-05-18 01:31:06,709 - root - INFO - Received 155 data points from API
2026-05-18 01:31:06,709 - root - INFO - Sample data point structure: ['devDn', 'collectTime', 'dataItems']
2026-05-18 01:31:06,774 - root - INFO - Successfully upserted 155 data points.
2026-05-18 01:31:10,402 - root - INFO - Using single devDn for device/history (API: one device per query)
2026-05-18 01:31:10,403 - root - INFO - Fetching historical data for 1 devices of type inverter
2026-05-18 01:31:10,403 - root - INFO - Making API request to: https://sg5.fusionsolar.huawei.com/rest/openapi/pvms/nbi/v1/device/history
2026-05-18 01:31:10,403 - root - INFO - Request payload: {'devDn': 'NE=54479672', 'devTypeId': 1, 'startTime': 1778950800000, 'endTime': 1779037199000}
2026-05-18 01:31:11,918 - root - INFO - Response status code: 200
2026-05-18 01:31:11,932 - root - INFO - API response from https://sg5.fusionsolar.huawei.com/rest/openapi/pvms/nbi/v1/device/history (truncated): {'failCode': 0, 'success': True, 'message': 'historical data information query successful.', 'data': [{'devDn': 'NE=54479672', 'collectTime': 1778969400000, 'dataItems': {'pv28_i': None, 'pv4_u': 0.0, 'pv24_i': 0.0, 'mppt_total_cap': 400191.91, 'pv8_u': 0.0, 'a_i': 0.0, 'pv24_u': 0.0, 'mppt_9_cap': 0.0, 'pv20_u': 0.0, 'a_u': 0.0, 'pv17_u': 0.0, 'pv20_i': 0.0, 'efficiency': 0.0, 'pv17_i': 0.0, 'pv13_i': 0.0, 'pv36_i': None, 'mppt_power': 0.0, 'pv13_u': 0.0, 'pv36_u': None, 'mppt_7_cap': 0.0, 'pv3...
2026-05-18 01:31:11,936 - root - INFO - API Response type: <class 'dict'>
2026-05-18 01:31:11,936 - root - INFO - API Response keys: ['failCode', 'success', 'message', 'data']
2026-05-18 01:31:11,936 - root - INFO - API Response data is a list with 155 items
2026-05-18 01:31:11,936 - root - INFO - API Response has failCode: 0, message: historical data information query successful.
2026-05-18 01:31:11,936 - root - INFO - Using alternate response format: data as list
2026-05-18 01:31:11,936 - root - INFO - Received 155 data points from API
2026-05-18 01:31:11,936 - root - INFO - Sample data point structure: ['devDn', 'collectTime', 'dataItems']
2026-05-18 01:31:12,004 - root - INFO - Successfully upserted 155 data points.
2026-05-18 01:31:15,398 - root - INFO - Using single devDn for device/history (API: one device per query)
2026-05-18 01:31:15,399 - root - INFO - Fetching historical data for 1 devices of type inverter
2026-05-18 01:31:15,399 - root - INFO - Making API request to: https://sg5.fusionsolar.huawei.com/rest/openapi/pvms/nbi/v1/device/history
2026-05-18 01:31:15,399 - root - INFO - Request payload: {'devDn': 'NE=50488269', 'devTypeId': 1, 'startTime': 1778950800000, 'endTime': 1779037199000}
2026-05-18 01:31:16,900 - root - INFO - Response status code: 200
2026-05-18 01:31:16,914 - root - INFO - API response from https://sg5.fusionsolar.huawei.com/rest/openapi/pvms/nbi/v1/device/history (truncated): {'failCode': 0, 'success': True, 'message': 'historical data information query successful.', 'data': [{'devDn': 'NE=50488269', 'collectTime': 1778969400000, 'dataItems': {'pv28_i': None, 'pv4_u': 0.0, 'pv24_i': 0.0, 'mppt_total_cap': 891562.49, 'pv8_u': 0.0, 'a_i': 0.0, 'pv24_u': 0.0, 'mppt_9_cap': 0.0, 'pv20_u': 0.0, 'a_u': 0.0, 'pv17_u': 0.0, 'pv20_i': 0.0, 'efficiency': 0.0, 'pv17_i': 0.0, 'pv13_i': 0.0, 'pv36_i': None, 'mppt_power': 0.0, 'pv13_u': 0.0, 'pv36_u': None, 'mppt_7_cap': 0.0, 'pv3...
2026-05-18 01:31:16,916 - root - INFO - API Response type: <class 'dict'>
2026-05-18 01:31:16,917 - root - INFO - API Response keys: ['failCode', 'success', 'message', 'data']
2026-05-18 01:31:16,917 - root - INFO - API Response data is a list with 155 items
2026-05-18 01:31:16,917 - root - INFO - API Response has failCode: 0, message: historical data information query successful.
2026-05-18 01:31:16,917 - root - INFO - Using alternate response format: data as list
2026-05-18 01:31:16,917 - root - INFO - Received 155 data points from API
2026-05-18 01:31:16,917 - root - INFO - Sample data point structure: ['devDn', 'collectTime', 'dataItems']
2026-05-18 01:31:16,982 - root - INFO - Successfully upserted 155 data points.
2026-05-18 01:31:20,427 - root - INFO - Using single devDn for device/history (API: one device per query)
2026-05-18 01:31:20,428 - root - INFO - Fetching historical data for 1 devices of type inverter
2026-05-18 01:31:20,428 - root - INFO - Making API request to: https://sg5.fusionsolar.huawei.com/rest/openapi/pvms/nbi/v1/device/history
2026-05-18 01:31:20,428 - root - INFO - Request payload: {'devDn': 'NE=50488267', 'devTypeId': 1, 'startTime': 1778950800000, 'endTime': 1779037199000}
2026-05-18 01:31:21,939 - root - INFO - Response status code: 200
2026-05-18 01:31:21,954 - root - INFO - API response from https://sg5.fusionsolar.huawei.com/rest/openapi/pvms/nbi/v1/device/history (truncated): {'failCode': 0, 'success': True, 'message': 'historical data information query successful.', 'data': [{'devDn': 'NE=50488267', 'collectTime': 1778969400000, 'dataItems': {'pv28_i': None, 'pv4_u': 0.0, 'pv24_i': 0.0, 'mppt_total_cap': 916306.27, 'pv8_u': 0.0, 'a_i': 0.0, 'pv24_u': 0.0, 'mppt_9_cap': 0.0, 'pv20_u': 0.0, 'a_u': 0.0, 'pv17_u': 0.0, 'pv20_i': 0.0, 'efficiency': 0.0, 'pv17_i': 0.0, 'pv13_i': 0.0, 'pv36_i': None, 'mppt_power': 0.0, 'pv13_u': 0.0, 'pv36_u': None, 'mppt_7_cap': 0.0, 'pv3...
2026-05-18 01:31:21,956 - root - INFO - API Response type: <class 'dict'>
2026-05-18 01:31:21,956 - root - INFO - API Response keys: ['failCode', 'success', 'message', 'data']
2026-05-18 01:31:21,956 - root - INFO - API Response data is a list with 155 items
2026-05-18 01:31:21,956 - root - INFO - API Response has failCode: 0, message: historical data information query successful.
2026-05-18 01:31:21,957 - root - INFO - Using alternate response format: data as list
2026-05-18 01:31:21,957 - root - INFO - Received 155 data points from API
2026-05-18 01:31:21,957 - root - INFO - Sample data point structure: ['devDn', 'collectTime', 'dataItems']
2026-05-18 01:31:22,024 - root - INFO - Successfully upserted 155 data points.
2026-05-18 01:31:25,305 - root - INFO - Using single devDn for device/history (API: one device per query)
2026-05-18 01:31:25,306 - root - INFO - Fetching historical data for 1 devices of type inverter
2026-05-18 01:31:25,306 - root - INFO - Making API request to: https://sg5.fusionsolar.huawei.com/rest/openapi/pvms/nbi/v1/device/history
2026-05-18 01:31:25,306 - root - INFO - Request payload: {'devDn': 'NE=50488266', 'devTypeId': 1, 'startTime': 1778950800000, 'endTime': 1779037199000}
2026-05-18 01:31:26,869 - root - INFO - Response status code: 200
2026-05-18 01:31:26,883 - root - INFO - API response from https://sg5.fusionsolar.huawei.com/rest/openapi/pvms/nbi/v1/device/history (truncated): {'failCode': 0, 'success': True, 'message': 'historical data information query successful.', 'data': [{'devDn': 'NE=50488266', 'collectTime': 1778969400000, 'dataItems': {'pv28_i': None, 'pv4_u': 0.0, 'pv24_i': 0.0, 'mppt_total_cap': 840998.36, 'pv8_u': 0.0, 'a_i': 0.0, 'pv24_u': 0.0, 'mppt_9_cap': 0.0, 'pv20_u': 0.0, 'a_u': 0.0, 'pv17_u': 0.0, 'pv20_i': 0.0, 'efficiency': 0.0, 'pv17_i': 0.0, 'pv13_i': 0.0, 'pv36_i': None, 'mppt_power': 0.0, 'pv13_u': 0.0, 'pv36_u': None, 'mppt_7_cap': 0.0, 'pv3...
2026-05-18 01:31:26,885 - root - INFO - API Response type: <class 'dict'>
2026-05-18 01:31:26,885 - root - INFO - API Response keys: ['failCode', 'success', 'message', 'data']
2026-05-18 01:31:26,885 - root - INFO - API Response data is a list with 155 items
2026-05-18 01:31:26,885 - root - INFO - API Response has failCode: 0, message: historical data information query successful.
2026-05-18 01:31:26,886 - root - INFO - Using alternate response format: data as list
2026-05-18 01:31:26,886 - root - INFO - Received 155 data points from API
2026-05-18 01:31:26,886 - root - INFO - Sample data point structure: ['devDn', 'collectTime', 'dataItems']
2026-05-18 01:31:26,956 - root - INFO - Successfully upserted 155 data points.
2026-05-18 01:31:30,235 - root - INFO - Using single devDn for device/history (API: one device per query)
2026-05-18 01:31:30,236 - root - INFO - Fetching historical data for 1 devices of type inverter
2026-05-18 01:31:30,236 - root - INFO - Making API request to: https://sg5.fusionsolar.huawei.com/rest/openapi/pvms/nbi/v1/device/history
2026-05-18 01:31:30,236 - root - INFO - Request payload: {'devDn': 'NE=62806382', 'devTypeId': 1, 'startTime': 1778950800000, 'endTime': 1779037199000}
2026-05-18 01:31:33,237 - root - INFO - Response status code: 200
2026-05-18 01:31:33,251 - root - INFO - API response from https://sg5.fusionsolar.huawei.com/rest/openapi/pvms/nbi/v1/device/history (truncated): {'failCode': 0, 'success': True, 'message': 'historical data information query successful.', 'data': [{'devDn': 'NE=62806382', 'collectTime': 1778950800000, 'dataItems': {'pv28_i': None, 'pv4_u': 0.0, 'pv24_i': None, 'mppt_total_cap': 175411.5, 'pv8_u': 0.0, 'a_i': 0.0, 'pv24_u': None, 'mppt_9_cap': None, 'pv20_u': 0.0, 'a_u': 0.0, 'pv17_u': 0.0, 'pv20_i': 0.0, 'efficiency': 0.0, 'pv17_i': 0.0, 'pv13_i': 0.0, 'pv36_i': None, 'mppt_power': 0.0, 'pv13_u': 0.0, 'pv36_u': None, 'mppt_7_cap': 23764.3...
2026-05-18 01:31:33,253 - root - INFO - API Response type: <class 'dict'>
2026-05-18 01:31:33,253 - root - INFO - API Response keys: ['failCode', 'success', 'message', 'data']
2026-05-18 01:31:33,253 - root - INFO - API Response data is a list with 148 items
2026-05-18 01:31:33,253 - root - INFO - API Response has failCode: 0, message: historical data information query successful.
2026-05-18 01:31:33,254 - root - INFO - Using alternate response format: data as list
2026-05-18 01:31:33,254 - root - INFO - Received 148 data points from API
2026-05-18 01:31:33,254 - root - INFO - Sample data point structure: ['devDn', 'collectTime', 'dataItems']
2026-05-18 01:31:33,318 - root - INFO - Successfully upserted 148 data points.
2026-05-18 01:31:37,443 - root - INFO - Using single devDn for device/history (API: one device per query)
2026-05-18 01:31:37,444 - root - INFO - Fetching historical data for 1 devices of type inverter
2026-05-18 01:31:37,444 - root - INFO - Making API request to: https://sg5.fusionsolar.huawei.com/rest/openapi/pvms/nbi/v1/device/history
2026-05-18 01:31:37,444 - root - INFO - Request payload: {'devDn': 'NE=62806380', 'devTypeId': 1, 'startTime': 1778950800000, 'endTime': 1779037199000}
2026-05-18 01:31:39,015 - root - INFO - Response status code: 200
2026-05-18 01:31:39,029 - root - INFO - API response from https://sg5.fusionsolar.huawei.com/rest/openapi/pvms/nbi/v1/device/history (truncated): {'failCode': 0, 'success': True, 'message': 'historical data information query successful.', 'data': [{'devDn': 'NE=62806380', 'collectTime': 1778950800000, 'dataItems': {'pv28_i': None, 'pv4_u': 0.0, 'pv24_i': None, 'mppt_total_cap': 181030.93, 'pv8_u': 0.0, 'a_i': 0.0, 'pv24_u': None, 'mppt_9_cap': None, 'pv20_u': 0.0, 'a_u': 0.0, 'pv17_u': 0.0, 'pv20_i': 0.0, 'efficiency': 0.0, 'pv17_i': 0.0, 'pv13_i': 0.0, 'pv36_i': None, 'mppt_power': 0.0, 'pv13_u': 0.0, 'pv36_u': None, 'mppt_7_cap': 33526....
2026-05-18 01:31:39,031 - root - INFO - API Response type: <class 'dict'>
2026-05-18 01:31:39,031 - root - INFO - API Response keys: ['failCode', 'success', 'message', 'data']
2026-05-18 01:31:39,031 - root - INFO - API Response data is a list with 148 items
2026-05-18 01:31:39,031 - root - INFO - API Response has failCode: 0, message: historical data information query successful.
2026-05-18 01:31:39,032 - root - INFO - Using alternate response format: data as list
2026-05-18 01:31:39,032 - root - INFO - Received 148 data points from API
2026-05-18 01:31:39,032 - root - INFO - Sample data point structure: ['devDn', 'collectTime', 'dataItems']
2026-05-18 01:31:39,097 - root - INFO - Successfully upserted 148 data points.
2026-05-18 01:31:42,701 - root - INFO - Using single devDn for device/history (API: one device per query)
2026-05-18 01:31:42,701 - root - INFO - Fetching historical data for 1 devices of type inverter
2026-05-18 01:31:42,702 - root - INFO - Making API request to: https://sg5.fusionsolar.huawei.com/rest/openapi/pvms/nbi/v1/device/history
2026-05-18 01:31:42,702 - root - INFO - Request payload: {'devDn': 'NE=62806373', 'devTypeId': 1, 'startTime': 1778950800000, 'endTime': 1779037199000}
2026-05-18 01:31:44,317 - root - INFO - Response status code: 200
2026-05-18 01:31:44,330 - root - INFO - API response from https://sg5.fusionsolar.huawei.com/rest/openapi/pvms/nbi/v1/device/history (truncated): {'failCode': 0, 'success': True, 'message': 'historical data information query successful.', 'data': [{'devDn': 'NE=62806373', 'collectTime': 1778950800000, 'dataItems': {'pv28_i': None, 'pv4_u': 0.0, 'pv24_i': None, 'mppt_total_cap': 172433.02, 'pv8_u': 0.0, 'a_i': 0.0, 'pv24_u': None, 'mppt_9_cap': None, 'pv20_u': 0.0, 'a_u': 0.0, 'pv17_u': 0.0, 'pv20_i': 0.0, 'efficiency': 0.0, 'pv17_i': 0.0, 'pv13_i': 0.0, 'pv36_i': None, 'mppt_power': 0.0, 'pv13_u': 0.0, 'pv36_u': None, 'mppt_7_cap': 22494....
2026-05-18 01:31:44,332 - root - INFO - API Response type: <class 'dict'>
2026-05-18 01:31:44,332 - root - INFO - API Response keys: ['failCode', 'success', 'message', 'data']
2026-05-18 01:31:44,332 - root - INFO - API Response data is a list with 148 items
2026-05-18 01:31:44,333 - root - INFO - API Response has failCode: 0, message: historical data information query successful.
2026-05-18 01:31:44,333 - root - INFO - Using alternate response format: data as list
2026-05-18 01:31:44,333 - root - INFO - Received 148 data points from API
2026-05-18 01:31:44,333 - root - INFO - Sample data point structure: ['devDn', 'collectTime', 'dataItems']
2026-05-18 01:31:44,399 - root - INFO - Successfully upserted 148 data points.
2026-05-18 01:31:47,680 - root - INFO - Using single devDn for device/history (API: one device per query)
2026-05-18 01:31:47,681 - root - INFO - Fetching historical data for 1 devices of type inverter
2026-05-18 01:31:47,681 - root - INFO - Making API request to: https://sg5.fusionsolar.huawei.com/rest/openapi/pvms/nbi/v1/device/history
2026-05-18 01:31:47,681 - root - INFO - Request payload: {'devDn': 'NE=62806371', 'devTypeId': 1, 'startTime': 1778950800000, 'endTime': 1779037199000}
2026-05-18 01:31:49,226 - root - INFO - Response status code: 200
2026-05-18 01:31:49,239 - root - INFO - API response from https://sg5.fusionsolar.huawei.com/rest/openapi/pvms/nbi/v1/device/history (truncated): {'failCode': 0, 'success': True, 'message': 'historical data information query successful.', 'data': [{'devDn': 'NE=62806371', 'collectTime': 1778950800000, 'dataItems': {'pv28_i': None, 'pv4_u': 0.0, 'pv24_i': None, 'mppt_total_cap': 191138.02, 'pv8_u': 0.0, 'a_i': 0.0, 'pv24_u': None, 'mppt_9_cap': None, 'pv20_u': 0.0, 'a_u': 0.0, 'pv17_u': 0.0, 'pv20_i': 0.0, 'efficiency': 0.0, 'pv17_i': 0.0, 'pv13_i': 0.0, 'pv36_i': None, 'mppt_power': 0.0, 'pv13_u': 0.0, 'pv36_u': None, 'mppt_7_cap': 35834....
2026-05-18 01:31:49,241 - root - INFO - API Response type: <class 'dict'>
2026-05-18 01:31:49,241 - root - INFO - API Response keys: ['failCode', 'success', 'message', 'data']
2026-05-18 01:31:49,241 - root - INFO - API Response data is a list with 148 items
2026-05-18 01:31:49,241 - root - INFO - API Response has failCode: 0, message: historical data information query successful.
2026-05-18 01:31:49,242 - root - INFO - Using alternate response format: data as list
2026-05-18 01:31:49,242 - root - INFO - Received 148 data points from API
2026-05-18 01:31:49,242 - root - INFO - Sample data point structure: ['devDn', 'collectTime', 'dataItems']
2026-05-18 01:31:49,304 - root - INFO - Successfully upserted 148 data points.
2026-05-18 01:31:52,991 - root - INFO - Using single devDn for device/history (API: one device per query)
2026-05-18 01:31:52,991 - root - INFO - Fetching historical data for 1 devices of type inverter
2026-05-18 01:31:52,992 - root - INFO - Making API request to: https://sg5.fusionsolar.huawei.com/rest/openapi/pvms/nbi/v1/device/history
2026-05-18 01:31:52,992 - root - INFO - Request payload: {'devDn': 'NE=62806381', 'devTypeId': 1, 'startTime': 1778950800000, 'endTime': 1779037199000}
2026-05-18 01:31:54,652 - root - INFO - Response status code: 200
2026-05-18 01:31:54,841 - root - INFO - API response from https://sg5.fusionsolar.huawei.com/rest/openapi/pvms/nbi/v1/device/history (truncated): {'failCode': 0, 'success': True, 'message': 'historical data information query successful.', 'data': [{'devDn': 'NE=62806381', 'collectTime': 1778950800000, 'dataItems': {'pv28_i': None, 'pv4_u': 0.0, 'pv24_i': None, 'mppt_total_cap': 192974.25, 'pv8_u': 0.0, 'a_i': 0.0, 'pv24_u': None, 'mppt_9_cap': None, 'pv20_u': 0.0, 'a_u': 0.0, 'pv17_u': 0.0, 'pv20_i': 0.0, 'efficiency': 0.0, 'pv17_i': 0.0, 'pv13_i': 0.0, 'pv36_i': None, 'mppt_power': 0.0, 'pv13_u': 0.0, 'pv36_u': None, 'mppt_7_cap': 36862....
2026-05-18 01:31:54,844 - root - INFO - API Response type: <class 'dict'>
2026-05-18 01:31:54,844 - root - INFO - API Response keys: ['failCode', 'success', 'message', 'data']
2026-05-18 01:31:54,844 - root - INFO - API Response data is a list with 148 items
2026-05-18 01:31:54,844 - root - INFO - API Response has failCode: 0, message: historical data information query successful.
2026-05-18 01:31:54,845 - root - INFO - Using alternate response format: data as list
2026-05-18 01:31:54,845 - root - INFO - Received 148 data points from API
2026-05-18 01:31:54,845 - root - INFO - Sample data point structure: ['devDn', 'collectTime', 'dataItems']
2026-05-18 01:31:55,044 - root - INFO - Successfully upserted 148 data points.
2026-05-18 01:31:58,706 - root - INFO - Using single devDn for device/history (API: one device per query)
2026-05-18 01:31:58,707 - root - INFO - Fetching historical data for 1 devices of type inverter
2026-05-18 01:31:58,707 - root - INFO - Making API request to: https://sg5.fusionsolar.huawei.com/rest/openapi/pvms/nbi/v1/device/history
2026-05-18 01:31:58,707 - root - INFO - Request payload: {'devDn': 'NE=62806383', 'devTypeId': 1, 'startTime': 1778950800000, 'endTime': 1779037199000}
2026-05-18 01:32:00,311 - root - INFO - Response status code: 200
2026-05-18 01:32:00,323 - root - INFO - API response from https://sg5.fusionsolar.huawei.com/rest/openapi/pvms/nbi/v1/device/history (truncated): {'failCode': 0, 'success': True, 'message': 'historical data information query successful.', 'data': [{'devDn': 'NE=62806383', 'collectTime': 1778950800000, 'dataItems': {'pv28_i': None, 'pv4_u': 0.0, 'pv24_i': None, 'mppt_total_cap': 164975.83, 'pv8_u': 0.0, 'a_i': 0.0, 'pv24_u': None, 'mppt_9_cap': None, 'pv20_u': 0.0, 'a_u': 0.0, 'pv17_u': 0.0, 'pv20_i': 0.0, 'efficiency': 0.0, 'pv17_i': 0.0, 'pv13_i': 0.0, 'pv36_i': None, 'mppt_power': 0.0, 'pv13_u': 0.0, 'pv36_u': None, 'mppt_7_cap': 27750....
2026-05-18 01:32:00,325 - root - INFO - API Response type: <class 'dict'>
2026-05-18 01:32:00,325 - root - INFO - API Response keys: ['failCode', 'success', 'message', 'data']
2026-05-18 01:32:00,326 - root - INFO - API Response data is a list with 148 items
2026-05-18 01:32:00,326 - root - INFO - API Response has failCode: 0, message: historical data information query successful.
2026-05-18 01:32:00,326 - root - INFO - Using alternate response format: data as list
2026-05-18 01:32:00,326 - root - INFO - Received 148 data points from API
2026-05-18 01:32:00,326 - root - INFO - Sample data point structure: ['devDn', 'collectTime', 'dataItems']
2026-05-18 01:32:00,388 - root - INFO - Successfully upserted 148 data points.
2026-05-18 01:32:03,634 - root - INFO - Using single devDn for device/history (API: one device per query)
2026-05-18 01:32:03,635 - root - INFO - Fetching historical data for 1 devices of type inverter
2026-05-18 01:32:03,635 - root - INFO - Making API request to: https://sg5.fusionsolar.huawei.com/rest/openapi/pvms/nbi/v1/device/history
2026-05-18 01:32:03,635 - root - INFO - Request payload: {'devDn': 'NE=62806377', 'devTypeId': 1, 'startTime': 1778950800000, 'endTime': 1779037199000}
2026-05-18 01:32:05,306 - root - INFO - Response status code: 200
2026-05-18 01:32:05,320 - root - INFO - API response from https://sg5.fusionsolar.huawei.com/rest/openapi/pvms/nbi/v1/device/history (truncated): {'failCode': 0, 'success': True, 'message': 'historical data information query successful.', 'data': [{'devDn': 'NE=62806377', 'collectTime': 1778950800000, 'dataItems': {'pv28_i': None, 'pv4_u': 0.0, 'pv24_i': None, 'mppt_total_cap': 179769.19, 'pv8_u': 0.0, 'a_i': 0.0, 'pv24_u': None, 'mppt_9_cap': None, 'pv20_u': 0.0, 'a_u': 0.0, 'pv17_u': 0.0, 'pv20_i': 0.0, 'efficiency': 0.0, 'pv17_i': 0.0, 'pv13_i': 0.0, 'pv36_i': None, 'mppt_power': 0.0, 'pv13_u': 0.0, 'pv36_u': None, 'mppt_7_cap': 23586....
2026-05-18 01:32:05,346 - root - INFO - API Response type: <class 'dict'>
2026-05-18 01:32:05,347 - root - INFO - API Response keys: ['failCode', 'success', 'message', 'data']
2026-05-18 01:32:05,347 - root - INFO - API Response data is a list with 148 items
2026-05-18 01:32:05,347 - root - INFO - API Response has failCode: 0, message: historical data information query successful.
2026-05-18 01:32:05,347 - root - INFO - Using alternate response format: data as list
2026-05-18 01:32:05,347 - root - INFO - Received 148 data points from API
2026-05-18 01:32:05,347 - root - INFO - Sample data point structure: ['devDn', 'collectTime', 'dataItems']
2026-05-18 01:32:05,440 - root - INFO - Successfully upserted 148 data points.
2026-05-18 01:32:08,639 - root - INFO - Using single devDn for device/history (API: one device per query)
2026-05-18 01:32:08,640 - root - INFO - Fetching historical data for 1 devices of type inverter
2026-05-18 01:32:08,640 - root - INFO - Making API request to: https://sg5.fusionsolar.huawei.com/rest/openapi/pvms/nbi/v1/device/history
2026-05-18 01:32:08,640 - root - INFO - Request payload: {'devDn': 'NE=62806374', 'devTypeId': 1, 'startTime': 1778950800000, 'endTime': 1779037199000}
2026-05-18 01:32:10,278 - root - INFO - Response status code: 200
2026-05-18 01:32:10,293 - root - INFO - API response from https://sg5.fusionsolar.huawei.com/rest/openapi/pvms/nbi/v1/device/history (truncated): {'failCode': 0, 'success': True, 'message': 'historical data information query successful.', 'data': [{'devDn': 'NE=62806374', 'collectTime': 1778950800000, 'dataItems': {'pv28_i': None, 'pv4_u': 0.0, 'pv24_i': None, 'mppt_total_cap': 178960.21, 'pv8_u': 0.0, 'a_i': 0.0, 'pv24_u': None, 'mppt_9_cap': None, 'pv20_u': 0.0, 'a_u': 0.0, 'pv17_u': 0.0, 'pv20_i': 0.0, 'efficiency': 0.0, 'pv17_i': 0.0, 'pv13_i': 0.0, 'pv36_i': None, 'mppt_power': 0.0, 'pv13_u': 0.0, 'pv36_u': None, 'mppt_7_cap': 36327....
2026-05-18 01:32:10,295 - root - INFO - API Response type: <class 'dict'>
2026-05-18 01:32:10,295 - root - INFO - API Response keys: ['failCode', 'success', 'message', 'data']
2026-05-18 01:32:10,295 - root - INFO - API Response data is a list with 148 items
2026-05-18 01:32:10,295 - root - INFO - API Response has failCode: 0, message: historical data information query successful.
2026-05-18 01:32:10,296 - root - INFO - Using alternate response format: data as list
2026-05-18 01:32:10,296 - root - INFO - Received 148 data points from API
2026-05-18 01:32:10,296 - root - INFO - Sample data point structure: ['devDn', 'collectTime', 'dataItems']
2026-05-18 01:32:10,383 - root - INFO - Successfully upserted 148 data points.
2026-05-18 01:32:14,633 - root - INFO - Using single devDn for device/history (API: one device per query)
2026-05-18 01:32:14,633 - root - INFO - Fetching historical data for 1 devices of type inverter
2026-05-18 01:32:14,634 - root - INFO - Making API request to: https://sg5.fusionsolar.huawei.com/rest/openapi/pvms/nbi/v1/device/history
2026-05-18 01:32:14,634 - root - INFO - Request payload: {'devDn': 'NE=62806375', 'devTypeId': 1, 'startTime': 1778950800000, 'endTime': 1779037199000}
2026-05-18 01:32:16,091 - root - INFO - Response status code: 200
2026-05-18 01:32:16,105 - root - INFO - API response from https://sg5.fusionsolar.huawei.com/rest/openapi/pvms/nbi/v1/device/history (truncated): {'failCode': 0, 'success': True, 'message': 'historical data information query successful.', 'data': [{'devDn': 'NE=62806375', 'collectTime': 1778950800000, 'dataItems': {'pv28_i': None, 'pv4_u': 0.0, 'pv24_i': None, 'mppt_total_cap': 170216.5, 'pv8_u': 0.0, 'a_i': 0.0, 'pv24_u': None, 'mppt_9_cap': None, 'pv20_u': 0.0, 'a_u': 0.0, 'pv17_u': 0.0, 'pv20_i': 0.0, 'efficiency': 0.0, 'pv17_i': 0.0, 'pv13_i': 0.0, 'pv36_i': None, 'mppt_power': 0.0, 'pv13_u': 0.0, 'pv36_u': None, 'mppt_7_cap': 30285.5...
2026-05-18 01:32:16,107 - root - INFO - API Response type: <class 'dict'>
2026-05-18 01:32:16,107 - root - INFO - API Response keys: ['failCode', 'success', 'message', 'data']
2026-05-18 01:32:16,107 - root - INFO - API Response data is a list with 148 items
2026-05-18 01:32:16,108 - root - INFO - API Response has failCode: 0, message: historical data information query successful.
2026-05-18 01:32:16,108 - root - INFO - Using alternate response format: data as list
2026-05-18 01:32:16,108 - root - INFO - Received 148 data points from API
2026-05-18 01:32:16,108 - root - INFO - Sample data point structure: ['devDn', 'collectTime', 'dataItems']
2026-05-18 01:32:16,187 - root - INFO - Successfully upserted 148 data points.
2026-05-18 01:32:20,247 - root - INFO - Using single devDn for device/history (API: one device per query)
2026-05-18 01:32:20,248 - root - INFO - Fetching historical data for 1 devices of type inverter
2026-05-18 01:32:20,248 - root - INFO - Making API request to: https://sg5.fusionsolar.huawei.com/rest/openapi/pvms/nbi/v1/device/history
2026-05-18 01:32:20,248 - root - INFO - Request payload: {'devDn': 'NE=62806369', 'devTypeId': 1, 'startTime': 1778950800000, 'endTime': 1779037199000}
2026-05-18 01:32:21,790 - root - INFO - Response status code: 200
2026-05-18 01:32:21,804 - root - INFO - API response from https://sg5.fusionsolar.huawei.com/rest/openapi/pvms/nbi/v1/device/history (truncated): {'failCode': 0, 'success': True, 'message': 'historical data information query successful.', 'data': [{'devDn': 'NE=62806369', 'collectTime': 1778950800000, 'dataItems': {'pv28_i': None, 'pv4_u': 0.0, 'pv24_i': None, 'mppt_total_cap': 149270.66, 'pv8_u': 0.0, 'a_i': 0.0, 'pv24_u': None, 'mppt_9_cap': None, 'pv20_u': 0.0, 'a_u': 0.0, 'pv17_u': 0.0, 'pv20_i': 0.0, 'efficiency': 0.0, 'pv17_i': 0.0, 'pv13_i': 0.0, 'pv36_i': None, 'mppt_power': 0.0, 'pv13_u': 0.0, 'pv36_u': None, 'mppt_7_cap': 18596....
2026-05-18 01:32:21,806 - root - INFO - API Response type: <class 'dict'>
2026-05-18 01:32:21,806 - root - INFO - API Response keys: ['failCode', 'success', 'message', 'data']
2026-05-18 01:32:21,806 - root - INFO - API Response data is a list with 148 items
2026-05-18 01:32:21,806 - root - INFO - API Response has failCode: 0, message: historical data information query successful.
2026-05-18 01:32:21,807 - root - INFO - Using alternate response format: data as list
2026-05-18 01:32:21,807 - root - INFO - Received 148 data points from API
2026-05-18 01:32:21,807 - root - INFO - Sample data point structure: ['devDn', 'collectTime', 'dataItems']
2026-05-18 01:32:21,886 - root - INFO - Successfully upserted 148 data points.
2026-05-18 01:32:26,101 - root - INFO - Using single devDn for device/history (API: one device per query)
2026-05-18 01:32:26,102 - root - INFO - Fetching historical data for 1 devices of type inverter
2026-05-18 01:32:26,102 - root - INFO - Making API request to: https://sg5.fusionsolar.huawei.com/rest/openapi/pvms/nbi/v1/device/history
2026-05-18 01:32:26,102 - root - INFO - Request payload: {'devDn': 'NE=62806370', 'devTypeId': 1, 'startTime': 1778950800000, 'endTime': 1779037199000}
2026-05-18 01:32:27,684 - root - INFO - Response status code: 200
2026-05-18 01:32:27,698 - root - INFO - API response from https://sg5.fusionsolar.huawei.com/rest/openapi/pvms/nbi/v1/device/history (truncated): {'failCode': 0, 'success': True, 'message': 'historical data information query successful.', 'data': [{'devDn': 'NE=62806370', 'collectTime': 1778950800000, 'dataItems': {'pv28_i': None, 'pv4_u': 0.0, 'pv24_i': None, 'mppt_total_cap': 175868.98, 'pv8_u': 0.0, 'a_i': 0.0, 'pv24_u': None, 'mppt_9_cap': None, 'pv20_u': 0.0, 'a_u': 0.0, 'pv17_u': 0.0, 'pv20_i': 0.0, 'efficiency': 0.0, 'pv17_i': 0.0, 'pv13_i': 0.0, 'pv36_i': None, 'mppt_power': 0.0, 'pv13_u': 0.0, 'pv36_u': None, 'mppt_7_cap': 32310....
2026-05-18 01:32:27,700 - root - INFO - API Response type: <class 'dict'>
2026-05-18 01:32:27,700 - root - INFO - API Response keys: ['failCode', 'success', 'message', 'data']
2026-05-18 01:32:27,700 - root - INFO - API Response data is a list with 148 items
2026-05-18 01:32:27,700 - root - INFO - API Response has failCode: 0, message: historical data information query successful.
2026-05-18 01:32:27,701 - root - INFO - Using alternate response format: data as list
2026-05-18 01:32:27,701 - root - INFO - Received 148 data points from API
2026-05-18 01:32:27,701 - root - INFO - Sample data point structure: ['devDn', 'collectTime', 'dataItems']
2026-05-18 01:32:27,792 - root - INFO - Successfully upserted 148 data points.
2026-05-18 01:32:32,308 - root - INFO - Using single devDn for device/history (API: one device per query)
2026-05-18 01:32:32,309 - root - INFO - Fetching historical data for 1 devices of type inverter
2026-05-18 01:32:32,309 - root - INFO - Making API request to: https://sg5.fusionsolar.huawei.com/rest/openapi/pvms/nbi/v1/device/history
2026-05-18 01:32:32,309 - root - INFO - Request payload: {'devDn': 'NE=62806372', 'devTypeId': 1, 'startTime': 1778950800000, 'endTime': 1779037199000}
2026-05-18 01:32:33,845 - root - INFO - Response status code: 200
2026-05-18 01:32:33,859 - root - INFO - API response from https://sg5.fusionsolar.huawei.com/rest/openapi/pvms/nbi/v1/device/history (truncated): {'failCode': 0, 'success': True, 'message': 'historical data information query successful.', 'data': [{'devDn': 'NE=62806372', 'collectTime': 1778950800000, 'dataItems': {'pv28_i': None, 'pv4_u': 0.0, 'pv24_i': None, 'mppt_total_cap': 170606.19, 'pv8_u': 0.0, 'a_i': 0.0, 'pv24_u': None, 'mppt_9_cap': None, 'pv20_u': 0.0, 'a_u': 0.0, 'pv17_u': 0.0, 'pv20_i': 0.0, 'efficiency': 0.0, 'pv17_i': 0.0, 'pv13_i': 0.0, 'pv36_i': None, 'mppt_power': 0.0, 'pv13_u': 0.0, 'pv36_u': None, 'mppt_7_cap': 32738....
2026-05-18 01:32:33,861 - root - INFO - API Response type: <class 'dict'>
2026-05-18 01:32:33,861 - root - INFO - API Response keys: ['failCode', 'success', 'message', 'data']
2026-05-18 01:32:33,862 - root - INFO - API Response data is a list with 148 items
2026-05-18 01:32:33,862 - root - INFO - API Response has failCode: 0, message: historical data information query successful.
2026-05-18 01:32:33,862 - root - INFO - Using alternate response format: data as list
2026-05-18 01:32:33,862 - root - INFO - Received 148 data points from API
2026-05-18 01:32:33,862 - root - INFO - Sample data point structure: ['devDn', 'collectTime', 'dataItems']
2026-05-18 01:32:33,947 - root - INFO - Successfully upserted 148 data points.
2026-05-18 01:32:37,650 - root - INFO - Using single devDn for device/history (API: one device per query)
2026-05-18 01:32:37,651 - root - INFO - Fetching historical data for 1 devices of type inverter
2026-05-18 01:32:37,651 - root - INFO - Making API request to: https://sg5.fusionsolar.huawei.com/rest/openapi/pvms/nbi/v1/device/history
2026-05-18 01:32:37,651 - root - INFO - Request payload: {'devDn': 'NE=62806368', 'devTypeId': 1, 'startTime': 1778950800000, 'endTime': 1779037199000}
2026-05-18 01:32:39,554 - root - INFO - Response status code: 200
2026-05-18 01:32:39,569 - root - INFO - API response from https://sg5.fusionsolar.huawei.com/rest/openapi/pvms/nbi/v1/device/history (truncated): {'failCode': 0, 'success': True, 'message': 'historical data information query successful.', 'data': [{'devDn': 'NE=62806368', 'collectTime': 1778950800000, 'dataItems': {'pv28_i': None, 'pv4_u': 0.0, 'pv24_i': None, 'mppt_total_cap': 169179.68, 'pv8_u': 0.0, 'a_i': 0.0, 'pv24_u': None, 'mppt_9_cap': None, 'pv20_u': 0.0, 'a_u': 0.0, 'pv17_u': 0.0, 'pv20_i': 0.0, 'efficiency': 0.0, 'pv17_i': 0.0, 'pv13_i': 0.0, 'pv36_i': None, 'mppt_power': 0.0, 'pv13_u': 0.0, 'pv36_u': None, 'mppt_7_cap': 31754....
2026-05-18 01:32:39,571 - root - INFO - API Response type: <class 'dict'>
2026-05-18 01:32:39,571 - root - INFO - API Response keys: ['failCode', 'success', 'message', 'data']
2026-05-18 01:32:39,571 - root - INFO - API Response data is a list with 148 items
2026-05-18 01:32:39,571 - root - INFO - API Response has failCode: 0, message: historical data information query successful.
2026-05-18 01:32:39,571 - root - INFO - Using alternate response format: data as list
2026-05-18 01:32:39,572 - root - INFO - Received 148 data points from API
2026-05-18 01:32:39,572 - root - INFO - Sample data point structure: ['devDn', 'collectTime', 'dataItems']
2026-05-18 01:32:39,655 - root - INFO - Successfully upserted 148 data points.
2026-05-18 01:32:44,345 - root - INFO - Using single devDn for device/history (API: one device per query)
2026-05-18 01:32:44,346 - root - INFO - Fetching historical data for 1 devices of type inverter
2026-05-18 01:32:44,346 - root - INFO - Making API request to: https://sg5.fusionsolar.huawei.com/rest/openapi/pvms/nbi/v1/device/history
2026-05-18 01:32:44,346 - root - INFO - Request payload: {'devDn': 'NE=54844504', 'devTypeId': 1, 'startTime': 1778950800000, 'endTime': 1779037199000}
2026-05-18 01:32:45,978 - root - INFO - Response status code: 200
2026-05-18 01:32:46,511 - root - INFO - API response from https://sg5.fusionsolar.huawei.com/rest/openapi/pvms/nbi/v1/device/history (truncated): {'failCode': 0, 'success': True, 'message': 'historical data information query successful.', 'data': [{'devDn': 'NE=54844504', 'collectTime': 1778950800000, 'dataItems': {'pv28_i': None, 'pv4_u': 0.0, 'pv24_i': None, 'mppt_total_cap': 254502.86, 'pv8_u': 0.0, 'a_i': 0.0, 'pv24_u': None, 'mppt_9_cap': 19227.31, 'pv20_u': 0.0, 'a_u': 0.0, 'pv17_u': 0.0, 'pv20_i': 0.0, 'efficiency': 0.0, 'pv17_i': 0.0, 'pv13_i': 0.0, 'pv36_i': None, 'mppt_power': 0.0, 'pv13_u': 0.0, 'pv36_u': None, 'mppt_7_cap': 19...
2026-05-18 01:32:46,513 - root - INFO - API Response type: <class 'dict'>
2026-05-18 01:32:46,513 - root - INFO - API Response keys: ['failCode', 'success', 'message', 'data']
2026-05-18 01:32:46,513 - root - INFO - API Response data is a list with 151 items
2026-05-18 01:32:46,514 - root - INFO - API Response has failCode: 0, message: historical data information query successful.
2026-05-18 01:32:46,514 - root - INFO - Using alternate response format: data as list
2026-05-18 01:32:46,514 - root - INFO - Received 151 data points from API
2026-05-18 01:32:46,514 - root - INFO - Sample data point structure: ['devDn', 'collectTime', 'dataItems']
2026-05-18 01:32:48,123 - root - INFO - Successfully upserted 151 data points.
2026-05-18 01:32:52,502 - root - INFO - Using single devDn for device/history (API: one device per query)
2026-05-18 01:32:52,503 - root - INFO - Fetching historical data for 1 devices of type inverter
2026-05-18 01:32:52,503 - root - INFO - Making API request to: https://sg5.fusionsolar.huawei.com/rest/openapi/pvms/nbi/v1/device/history
2026-05-18 01:32:52,503 - root - INFO - Request payload: {'devDn': 'NE=54435803', 'devTypeId': 1, 'startTime': 1778950800000, 'endTime': 1779037199000}
2026-05-18 01:33:27,959 - root - INFO - Response status code: 200
2026-05-18 01:33:27,980 - root - INFO - API response from https://sg5.fusionsolar.huawei.com/rest/openapi/pvms/nbi/v1/device/history (truncated): {'failCode': 0, 'success': True, 'message': 'historical data information query successful.', 'data': [{'devDn': 'NE=54435803', 'collectTime': 1778950800000, 'dataItems': {'pv28_i': None, 'pv4_u': 0.0, 'pv24_i': None, 'mppt_total_cap': 256311.55, 'pv8_u': 0.0, 'a_i': 0.0, 'pv24_u': None, 'mppt_9_cap': 20344.34, 'pv20_u': 0.0, 'a_u': 0.0, 'pv17_u': 0.0, 'pv20_i': 0.0, 'efficiency': 0.0, 'pv17_i': 0.0, 'pv13_i': 0.0, 'pv36_i': None, 'mppt_power': 0.0, 'pv13_u': 0.0, 'pv36_u': None, 'mppt_7_cap': 20...
2026-05-18 01:33:27,982 - root - INFO - API Response type: <class 'dict'>
2026-05-18 01:33:27,982 - root - INFO - API Response keys: ['failCode', 'success', 'message', 'data']
2026-05-18 01:33:27,982 - root - INFO - API Response data is a list with 151 items
2026-05-18 01:33:27,982 - root - INFO - API Response has failCode: 0, message: historical data information query successful.
2026-05-18 01:33:27,983 - root - INFO - Using alternate response format: data as list
2026-05-18 01:33:27,983 - root - INFO - Received 151 data points from API
2026-05-18 01:33:27,983 - root - INFO - Sample data point structure: ['devDn', 'collectTime', 'dataItems']
2026-05-18 01:33:28,075 - root - INFO - Successfully upserted 151 data points.
2026-05-18 01:33:32,437 - root - INFO - Using single devDn for device/history (API: one device per query)
2026-05-18 01:33:32,437 - root - INFO - Fetching historical data for 1 devices of type inverter
2026-05-18 01:33:32,438 - root - INFO - Making API request to: https://sg5.fusionsolar.huawei.com/rest/openapi/pvms/nbi/v1/device/history
2026-05-18 01:33:32,438 - root - INFO - Request payload: {'devDn': 'NE=54435804', 'devTypeId': 1, 'startTime': 1778950800000, 'endTime': 1779037199000}
2026-05-18 01:33:36,232 - root - INFO - Response status code: 200
2026-05-18 01:33:36,247 - root - INFO - API response from https://sg5.fusionsolar.huawei.com/rest/openapi/pvms/nbi/v1/device/history (truncated): {'failCode': 0, 'success': True, 'message': 'historical data information query successful.', 'data': [{'devDn': 'NE=54435804', 'collectTime': 1778950800000, 'dataItems': {'pv28_i': None, 'pv4_u': 0.0, 'pv24_i': None, 'mppt_total_cap': 279588.89, 'pv8_u': 0.0, 'a_i': 0.0, 'pv24_u': None, 'mppt_9_cap': 19760.56, 'pv20_u': 0.0, 'a_u': 0.0, 'pv17_u': 0.0, 'pv20_i': 0.0, 'efficiency': 0.0, 'pv17_i': 0.0, 'pv13_i': 0.0, 'pv36_i': None, 'mppt_power': 0.0, 'pv13_u': 0.0, 'pv36_u': None, 'mppt_7_cap': 20...
2026-05-18 01:33:36,249 - root - INFO - API Response type: <class 'dict'>
2026-05-18 01:33:36,250 - root - INFO - API Response keys: ['failCode', 'success', 'message', 'data']
2026-05-18 01:33:36,250 - root - INFO - API Response data is a list with 151 items
2026-05-18 01:33:36,250 - root - INFO - API Response has failCode: 0, message: historical data information query successful.
2026-05-18 01:33:36,250 - root - INFO - Using alternate response format: data as list
2026-05-18 01:33:36,250 - root - INFO - Received 151 data points from API
2026-05-18 01:33:36,250 - root - INFO - Sample data point structure: ['devDn', 'collectTime', 'dataItems']
2026-05-18 01:33:36,337 - root - INFO - Successfully upserted 151 data points.
2026-05-18 01:33:40,899 - root - INFO - Using single devDn for device/history (API: one device per query)
2026-05-18 01:33:40,900 - root - INFO - Fetching historical data for 1 devices of type inverter
2026-05-18 01:33:40,900 - root - INFO - Making API request to: https://sg5.fusionsolar.huawei.com/rest/openapi/pvms/nbi/v1/device/history
2026-05-18 01:33:40,900 - root - INFO - Request payload: {'devDn': 'NE=54435805', 'devTypeId': 1, 'startTime': 1778950800000, 'endTime': 1779037199000}
2026-05-18 01:33:53,798 - root - INFO - Response status code: 200
2026-05-18 01:33:53,811 - root - INFO - API response from https://sg5.fusionsolar.huawei.com/rest/openapi/pvms/nbi/v1/device/history (truncated): {'failCode': 0, 'success': True, 'message': 'historical data information query successful.', 'data': [{'devDn': 'NE=54435805', 'collectTime': 1778950800000, 'dataItems': {'pv28_i': None, 'pv4_u': 0.0, 'pv24_i': None, 'mppt_total_cap': 275034.59, 'pv8_u': 0.0, 'a_i': 0.0, 'pv24_u': None, 'mppt_9_cap': 21470.34, 'pv20_u': 0.0, 'a_u': 0.0, 'pv17_u': 0.0, 'pv20_i': 0.0, 'efficiency': 0.0, 'pv17_i': 0.0, 'pv13_i': 0.0, 'pv36_i': None, 'mppt_power': 0.0, 'pv13_u': 0.0, 'pv36_u': None, 'mppt_7_cap': 19...
2026-05-18 01:33:53,813 - root - INFO - API Response type: <class 'dict'>
2026-05-18 01:33:53,813 - root - INFO - API Response keys: ['failCode', 'success', 'message', 'data']
2026-05-18 01:33:53,813 - root - INFO - API Response data is a list with 151 items
2026-05-18 01:33:53,813 - root - INFO - API Response has failCode: 0, message: historical data information query successful.
2026-05-18 01:33:53,814 - root - INFO - Using alternate response format: data as list
2026-05-18 01:33:53,814 - root - INFO - Received 151 data points from API
2026-05-18 01:33:53,814 - root - INFO - Sample data point structure: ['devDn', 'collectTime', 'dataItems']
2026-05-18 01:33:53,881 - root - INFO - Successfully upserted 151 data points.
2026-05-18 01:33:57,930 - root - INFO - Using single devDn for device/history (API: one device per query)
2026-05-18 01:33:57,931 - root - INFO - Fetching historical data for 1 devices of type inverter
2026-05-18 01:33:57,931 - root - INFO - Making API request to: https://sg5.fusionsolar.huawei.com/rest/openapi/pvms/nbi/v1/device/history
2026-05-18 01:33:57,931 - root - INFO - Request payload: {'devDn': 'NE=54435806', 'devTypeId': 1, 'startTime': 1778950800000, 'endTime': 1779037199000}
2026-05-18 01:34:02,629 - root - INFO - Response status code: 200
2026-05-18 01:34:02,643 - root - INFO - API response from https://sg5.fusionsolar.huawei.com/rest/openapi/pvms/nbi/v1/device/history (truncated): {'failCode': 0, 'success': True, 'message': 'historical data information query successful.', 'data': [{'devDn': 'NE=54435806', 'collectTime': 1778950800000, 'dataItems': {'pv28_i': None, 'pv4_u': 0.0, 'pv24_i': None, 'mppt_total_cap': 266761.02, 'pv8_u': 0.0, 'a_i': 0.0, 'pv24_u': None, 'mppt_9_cap': 19504.87, 'pv20_u': 0.0, 'a_u': 0.0, 'pv17_u': 0.0, 'pv20_i': 0.0, 'efficiency': 0.0, 'pv17_i': 0.0, 'pv13_i': 0.0, 'pv36_i': None, 'mppt_power': 0.0, 'pv13_u': 0.0, 'pv36_u': None, 'mppt_7_cap': 18...
2026-05-18 01:34:02,645 - root - INFO - API Response type: <class 'dict'>
2026-05-18 01:34:02,645 - root - INFO - API Response keys: ['failCode', 'success', 'message', 'data']
2026-05-18 01:34:02,645 - root - INFO - API Response data is a list with 151 items
2026-05-18 01:34:02,646 - root - INFO - API Response has failCode: 0, message: historical data information query successful.
2026-05-18 01:34:02,646 - root - INFO - Using alternate response format: data as list
2026-05-18 01:34:02,646 - root - INFO - Received 151 data points from API
2026-05-18 01:34:02,646 - root - INFO - Sample data point structure: ['devDn', 'collectTime', 'dataItems']
2026-05-18 01:34:02,737 - root - INFO - Successfully upserted 151 data points.
2026-05-18 01:34:06,953 - root - INFO - Using single devDn for device/history (API: one device per query)
2026-05-18 01:34:06,954 - root - INFO - Fetching historical data for 1 devices of type inverter
2026-05-18 01:34:06,955 - root - INFO - Making API request to: https://sg5.fusionsolar.huawei.com/rest/openapi/pvms/nbi/v1/device/history
2026-05-18 01:34:06,955 - root - INFO - Request payload: {'devDn': 'NE=54436522', 'devTypeId': 1, 'startTime': 1778950800000, 'endTime': 1779037199000}
2026-05-18 01:34:34,941 - root - INFO - Response status code: 200
2026-05-18 01:34:34,955 - root - INFO - API response from https://sg5.fusionsolar.huawei.com/rest/openapi/pvms/nbi/v1/device/history (truncated): {'failCode': 0, 'success': True, 'message': 'historical data information query successful.', 'data': [{'devDn': 'NE=54436522', 'collectTime': 1778950800000, 'dataItems': {'pv28_i': None, 'pv4_u': 0.0, 'pv24_i': None, 'mppt_total_cap': 264963.6, 'pv8_u': 0.0, 'a_i': 0.0, 'pv24_u': None, 'mppt_9_cap': 19932.24, 'pv20_u': 0.0, 'a_u': 0.0, 'pv17_u': 0.0, 'pv20_i': 0.0, 'efficiency': 0.0, 'pv17_i': 0.0, 'pv13_i': 0.0, 'pv36_i': None, 'mppt_power': 0.0, 'pv13_u': 0.0, 'pv36_u': None, 'mppt_7_cap': 197...
2026-05-18 01:34:34,957 - root - INFO - API Response type: <class 'dict'>
2026-05-18 01:34:34,957 - root - INFO - API Response keys: ['failCode', 'success', 'message', 'data']
2026-05-18 01:34:34,957 - root - INFO - API Response data is a list with 151 items
2026-05-18 01:34:34,957 - root - INFO - API Response has failCode: 0, message: historical data information query successful.
2026-05-18 01:34:34,958 - root - INFO - Using alternate response format: data as list
2026-05-18 01:34:34,958 - root - INFO - Received 151 data points from API
2026-05-18 01:34:34,958 - root - INFO - Sample data point structure: ['devDn', 'collectTime', 'dataItems']
2026-05-18 01:34:35,157 - root - INFO - Successfully upserted 151 data points.
2026-05-18 01:34:39,520 - root - INFO - Using single devDn for device/history (API: one device per query)
2026-05-18 01:34:39,521 - root - INFO - Fetching historical data for 1 devices of type inverter
2026-05-18 01:34:39,521 - root - INFO - Making API request to: https://sg5.fusionsolar.huawei.com/rest/openapi/pvms/nbi/v1/device/history
2026-05-18 01:34:39,521 - root - INFO - Request payload: {'devDn': 'NE=54436523', 'devTypeId': 1, 'startTime': 1778950800000, 'endTime': 1779037199000}
2026-05-18 01:34:41,044 - root - INFO - Response status code: 200
2026-05-18 01:34:41,059 - root - INFO - API response from https://sg5.fusionsolar.huawei.com/rest/openapi/pvms/nbi/v1/device/history (truncated): {'failCode': 0, 'success': True, 'message': 'historical data information query successful.', 'data': [{'devDn': 'NE=54436523', 'collectTime': 1778950800000, 'dataItems': {'pv28_i': None, 'pv4_u': 0.0, 'pv24_i': None, 'mppt_total_cap': 251388.55, 'pv8_u': 0.0, 'a_i': 0.0, 'pv24_u': None, 'mppt_9_cap': 19019.58, 'pv20_u': 0.0, 'a_u': 0.0, 'pv17_u': 0.0, 'pv20_i': 0.0, 'efficiency': 0.0, 'pv17_i': 0.0, 'pv13_i': 0.0, 'pv36_i': None, 'mppt_power': 0.0, 'pv13_u': 0.0, 'pv36_u': None, 'mppt_7_cap': 19...
2026-05-18 01:34:41,061 - root - INFO - API Response type: <class 'dict'>
2026-05-18 01:34:41,061 - root - INFO - API Response keys: ['failCode', 'success', 'message', 'data']
2026-05-18 01:34:41,061 - root - INFO - API Response data is a list with 151 items
2026-05-18 01:34:41,062 - root - INFO - API Response has failCode: 0, message: historical data information query successful.
2026-05-18 01:34:41,062 - root - INFO - Using alternate response format: data as list
2026-05-18 01:34:41,062 - root - INFO - Received 151 data points from API
2026-05-18 01:34:41,062 - root - INFO - Sample data point structure: ['devDn', 'collectTime', 'dataItems']
2026-05-18 01:34:41,129 - root - INFO - Successfully upserted 151 data points.
2026-05-18 01:34:45,561 - root - INFO - Using single devDn for device/history (API: one device per query)
2026-05-18 01:34:45,562 - root - INFO - Fetching historical data for 1 devices of type inverter
2026-05-18 01:34:45,562 - root - INFO - Making API request to: https://sg5.fusionsolar.huawei.com/rest/openapi/pvms/nbi/v1/device/history
2026-05-18 01:34:45,562 - root - INFO - Request payload: {'devDn': 'NE=54436524', 'devTypeId': 1, 'startTime': 1778950800000, 'endTime': 1779037199000}
2026-05-18 01:35:11,176 - root - INFO - Response status code: 200
2026-05-18 01:35:11,192 - root - INFO - API response from https://sg5.fusionsolar.huawei.com/rest/openapi/pvms/nbi/v1/device/history (truncated): {'failCode': 0, 'success': True, 'message': 'historical data information query successful.', 'data': [{'devDn': 'NE=54436524', 'collectTime': 1778950800000, 'dataItems': {'pv28_i': None, 'pv4_u': 0.0, 'pv24_i': None, 'mppt_total_cap': 277930.69, 'pv8_u': 0.0, 'a_i': 0.0, 'pv24_u': None, 'mppt_9_cap': 20173.15, 'pv20_u': 0.0, 'a_u': 0.0, 'pv17_u': 0.0, 'pv20_i': 0.0, 'efficiency': 0.0, 'pv17_i': 0.0, 'pv13_i': 0.0, 'pv36_i': None, 'mppt_power': 0.0, 'pv13_u': 0.0, 'pv36_u': None, 'mppt_7_cap': 20...
2026-05-18 01:35:11,194 - root - INFO - API Response type: <class 'dict'>
2026-05-18 01:35:11,194 - root - INFO - API Response keys: ['failCode', 'success', 'message', 'data']
2026-05-18 01:35:11,194 - root - INFO - API Response data is a list with 151 items
2026-05-18 01:35:11,194 - root - INFO - API Response has failCode: 0, message: historical data information query successful.
2026-05-18 01:35:11,195 - root - INFO - Using alternate response format: data as list
2026-05-18 01:35:11,195 - root - INFO - Received 151 data points from API
2026-05-18 01:35:11,195 - root - INFO - Sample data point structure: ['devDn', 'collectTime', 'dataItems']
2026-05-18 01:35:11,295 - root - INFO - Successfully upserted 151 data points.
2026-05-18 01:35:15,427 - root - INFO - Using single devDn for device/history (API: one device per query)
2026-05-18 01:35:15,428 - root - INFO - Fetching historical data for 1 devices of type inverter
2026-05-18 01:35:15,428 - root - INFO - Making API request to: https://sg5.fusionsolar.huawei.com/rest/openapi/pvms/nbi/v1/device/history
2026-05-18 01:35:15,428 - root - INFO - Request payload: {'devDn': 'NE=54436525', 'devTypeId': 1, 'startTime': 1778950800000, 'endTime': 1779037199000}
2026-05-18 01:35:38,604 - root - INFO - Response status code: 200
2026-05-18 01:35:38,620 - root - INFO - API response from https://sg5.fusionsolar.huawei.com/rest/openapi/pvms/nbi/v1/device/history (truncated): {'failCode': 0, 'success': True, 'message': 'historical data information query successful.', 'data': [{'devDn': 'NE=54436525', 'collectTime': 1778971500000, 'dataItems': {'pv28_i': None, 'pv4_u': 0.0, 'pv24_i': 0.0, 'mppt_total_cap': 253241.53, 'pv8_u': 0.0, 'a_i': 0.0, 'pv24_u': 0.0, 'mppt_9_cap': 18560.06, 'pv20_u': 0.0, 'a_u': 0.0, 'pv17_u': 0.0, 'pv20_i': 0.0, 'efficiency': 0.0, 'pv17_i': 0.0, 'pv13_i': 0.0, 'pv36_i': None, 'mppt_power': 0.0, 'pv13_u': 0.0, 'pv36_u': None, 'mppt_7_cap': 1980...
2026-05-18 01:35:38,622 - root - INFO - API Response type: <class 'dict'>
2026-05-18 01:35:38,623 - root - INFO - API Response keys: ['failCode', 'success', 'message', 'data']
2026-05-18 01:35:38,623 - root - INFO - API Response data is a list with 150 items
2026-05-18 01:35:38,623 - root - INFO - API Response has failCode: 0, message: historical data information query successful.
2026-05-18 01:35:38,623 - root - INFO - Using alternate response format: data as list
2026-05-18 01:35:38,624 - root - INFO - Received 150 data points from API
2026-05-18 01:35:38,624 - root - INFO - Sample data point structure: ['devDn', 'collectTime', 'dataItems']
2026-05-18 01:35:38,692 - root - INFO - Successfully upserted 150 data points.
2026-05-18 01:35:42,687 - root - INFO - Using single devDn for device/history (API: one device per query)
2026-05-18 01:35:42,688 - root - INFO - Fetching historical data for 1 devices of type inverter
2026-05-18 01:35:42,688 - root - INFO - Making API request to: https://sg5.fusionsolar.huawei.com/rest/openapi/pvms/nbi/v1/device/history
2026-05-18 01:35:42,688 - root - INFO - Request payload: {'devDn': 'NE=54436526', 'devTypeId': 1, 'startTime': 1778950800000, 'endTime': 1779037199000}
2026-05-18 01:36:03,537 - root - INFO - Response status code: 200
2026-05-18 01:36:03,553 - root - INFO - API response from https://sg5.fusionsolar.huawei.com/rest/openapi/pvms/nbi/v1/device/history (truncated): {'failCode': 0, 'success': True, 'message': 'historical data information query successful.', 'data': [{'devDn': 'NE=54436526', 'collectTime': 1778950800000, 'dataItems': {'pv28_i': None, 'pv4_u': 0.0, 'pv24_i': None, 'mppt_total_cap': 272368.81, 'pv8_u': 0.0, 'a_i': 0.0, 'pv24_u': None, 'mppt_9_cap': 19703.53, 'pv20_u': 0.0, 'a_u': 0.0, 'pv17_u': 0.0, 'pv20_i': 0.0, 'efficiency': 0.0, 'pv17_i': 0.0, 'pv13_i': 0.0, 'pv36_i': None, 'mppt_power': 0.0, 'pv13_u': 0.0, 'pv36_u': None, 'mppt_7_cap': 19...
2026-05-18 01:36:03,555 - root - INFO - API Response type: <class 'dict'>
2026-05-18 01:36:03,556 - root - INFO - API Response keys: ['failCode', 'success', 'message', 'data']
2026-05-18 01:36:03,556 - root - INFO - API Response data is a list with 151 items
2026-05-18 01:36:03,556 - root - INFO - API Response has failCode: 0, message: historical data information query successful.
2026-05-18 01:36:03,556 - root - INFO - Using alternate response format: data as list
2026-05-18 01:36:03,557 - root - INFO - Received 151 data points from API
2026-05-18 01:36:03,557 - root - INFO - Sample data point structure: ['devDn', 'collectTime', 'dataItems']
2026-05-18 01:36:03,707 - root - INFO - Successfully upserted 151 data points.
2026-05-18 01:36:07,506 - root - INFO - Using single devDn for device/history (API: one device per query)
2026-05-18 01:36:07,507 - root - INFO - Fetching historical data for 1 devices of type inverter
2026-05-18 01:36:07,507 - root - INFO - Making API request to: https://sg5.fusionsolar.huawei.com/rest/openapi/pvms/nbi/v1/device/history
2026-05-18 01:36:07,507 - root - INFO - Request payload: {'devDn': 'NE=54436518', 'devTypeId': 1, 'startTime': 1778950800000, 'endTime': 1779037199000}
2026-05-18 01:36:30,370 - root - INFO - Response status code: 200
2026-05-18 01:36:30,386 - root - INFO - API response from https://sg5.fusionsolar.huawei.com/rest/openapi/pvms/nbi/v1/device/history (truncated): {'failCode': 0, 'success': True, 'message': 'historical data information query successful.', 'data': [{'devDn': 'NE=54436518', 'collectTime': 1778971500000, 'dataItems': {'pv28_i': None, 'pv4_u': 0.0, 'pv24_i': 0.0, 'mppt_total_cap': 274646.4, 'pv8_u': 0.0, 'a_i': 0.0, 'pv24_u': 0.0, 'mppt_9_cap': 20351.21, 'pv20_u': 0.0, 'a_u': 0.0, 'pv17_u': 0.0, 'pv20_i': 0.0, 'efficiency': 0.0, 'pv17_i': 0.0, 'pv13_i': 0.0, 'pv36_i': None, 'mppt_power': 0.0, 'pv13_u': 0.0, 'pv36_u': None, 'mppt_7_cap': 19591...
2026-05-18 01:36:30,389 - root - INFO - API Response type: <class 'dict'>
2026-05-18 01:36:30,389 - root - INFO - API Response keys: ['failCode', 'success', 'message', 'data']
2026-05-18 01:36:30,389 - root - INFO - API Response data is a list with 150 items
2026-05-18 01:36:30,389 - root - INFO - API Response has failCode: 0, message: historical data information query successful.
2026-05-18 01:36:30,390 - root - INFO - Using alternate response format: data as list
2026-05-18 01:36:30,390 - root - INFO - Received 150 data points from API
2026-05-18 01:36:30,390 - root - INFO - Sample data point structure: ['devDn', 'collectTime', 'dataItems']
2026-05-18 01:36:30,495 - root - INFO - Successfully upserted 150 data points.
2026-05-18 01:36:34,302 - root - INFO - Using single devDn for device/history (API: one device per query)
2026-05-18 01:36:34,304 - root - INFO - Fetching historical data for 1 devices of type inverter
2026-05-18 01:36:34,304 - root - INFO - Making API request to: https://sg5.fusionsolar.huawei.com/rest/openapi/pvms/nbi/v1/device/history
2026-05-18 01:36:34,305 - root - INFO - Request payload: {'devDn': 'NE=54436519', 'devTypeId': 1, 'startTime': 1778950800000, 'endTime': 1779037199000}
2026-05-18 01:37:00,944 - root - INFO - Response status code: 200
2026-05-18 01:37:00,961 - root - INFO - API response from https://sg5.fusionsolar.huawei.com/rest/openapi/pvms/nbi/v1/device/history (truncated): {'failCode': 0, 'success': True, 'message': 'historical data information query successful.', 'data': [{'devDn': 'NE=54436519', 'collectTime': 1778950800000, 'dataItems': {'pv28_i': None, 'pv4_u': 0.0, 'pv24_i': None, 'mppt_total_cap': 272356.3, 'pv8_u': 0.0, 'a_i': 0.0, 'pv24_u': None, 'mppt_9_cap': 19419.32, 'pv20_u': 0.0, 'a_u': 0.0, 'pv17_u': 0.0, 'pv20_i': 0.0, 'efficiency': 0.0, 'pv17_i': 0.0, 'pv13_i': 0.0, 'pv36_i': None, 'mppt_power': 0.0, 'pv13_u': 0.0, 'pv36_u': None, 'mppt_7_cap': 193...
2026-05-18 01:37:01,571 - root - INFO - API Response type: <class 'dict'>
2026-05-18 01:37:01,572 - root - INFO - API Response keys: ['failCode', 'success', 'message', 'data']
2026-05-18 01:37:01,572 - root - INFO - API Response data is a list with 151 items
2026-05-18 01:37:01,572 - root - INFO - API Response has failCode: 0, message: historical data information query successful.
2026-05-18 01:37:01,573 - root - INFO - Using alternate response format: data as list
2026-05-18 01:37:01,573 - root - INFO - Received 151 data points from API
2026-05-18 01:37:01,573 - root - INFO - Sample data point structure: ['devDn', 'collectTime', 'dataItems']
2026-05-18 01:37:01,679 - root - INFO - Successfully upserted 151 data points.
2026-05-18 01:37:05,435 - root - INFO - Using single devDn for device/history (API: one device per query)
2026-05-18 01:37:05,436 - root - INFO - Fetching historical data for 1 devices of type inverter
2026-05-18 01:37:05,436 - root - INFO - Making API request to: https://sg5.fusionsolar.huawei.com/rest/openapi/pvms/nbi/v1/device/history
2026-05-18 01:37:05,437 - root - INFO - Request payload: {'devDn': 'NE=54436520', 'devTypeId': 1, 'startTime': 1778950800000, 'endTime': 1779037199000}
2026-05-18 01:37:28,443 - root - INFO - Response status code: 200
2026-05-18 01:37:28,458 - root - INFO - API response from https://sg5.fusionsolar.huawei.com/rest/openapi/pvms/nbi/v1/device/history (truncated): {'failCode': 0, 'success': True, 'message': 'historical data information query successful.', 'data': [{'devDn': 'NE=54436520', 'collectTime': 1778950800000, 'dataItems': {'pv28_i': None, 'pv4_u': 0.0, 'pv24_i': None, 'mppt_total_cap': 254314.5, 'pv8_u': 0.0, 'a_i': 0.0, 'pv24_u': None, 'mppt_9_cap': 19270.68, 'pv20_u': 0.0, 'a_u': 0.0, 'pv17_u': 0.0, 'pv20_i': 0.0, 'efficiency': 0.0, 'pv17_i': 0.0, 'pv13_i': 0.0, 'pv36_i': None, 'mppt_power': 0.0, 'pv13_u': 0.0, 'pv36_u': None, 'mppt_7_cap': 191...
2026-05-18 01:37:28,460 - root - INFO - API Response type: <class 'dict'>
2026-05-18 01:37:28,461 - root - INFO - API Response keys: ['failCode', 'success', 'message', 'data']
2026-05-18 01:37:28,461 - root - INFO - API Response data is a list with 151 items
2026-05-18 01:37:28,461 - root - INFO - API Response has failCode: 0, message: historical data information query successful.
2026-05-18 01:37:28,461 - root - INFO - Using alternate response format: data as list
2026-05-18 01:37:28,461 - root - INFO - Received 151 data points from API
2026-05-18 01:37:28,461 - root - INFO - Sample data point structure: ['devDn', 'collectTime', 'dataItems']
2026-05-18 01:37:28,559 - root - INFO - Successfully upserted 151 data points.
2026-05-18 01:37:32,182 - root - INFO - Using single devDn for device/history (API: one device per query)
2026-05-18 01:37:32,183 - root - INFO - Fetching historical data for 1 devices of type inverter
2026-05-18 01:37:32,183 - root - INFO - Making API request to: https://sg5.fusionsolar.huawei.com/rest/openapi/pvms/nbi/v1/device/history
2026-05-18 01:37:32,183 - root - INFO - Request payload: {'devDn': 'NE=54993788', 'devTypeId': 1, 'startTime': 1778950800000, 'endTime': 1779037199000}
2026-05-18 01:37:44,223 - root - INFO - Response status code: 200
2026-05-18 01:37:44,237 - root - INFO - API response from https://sg5.fusionsolar.huawei.com/rest/openapi/pvms/nbi/v1/device/history (truncated): {'failCode': 0, 'success': True, 'message': 'historical data information query successful.', 'data': [{'devDn': 'NE=54993788', 'collectTime': 1778950800000, 'dataItems': {'pv28_i': None, 'pv4_u': 0.0, 'pv24_i': None, 'mppt_total_cap': 252591.38, 'pv8_u': 0.0, 'a_i': 0.0, 'pv24_u': None, 'mppt_9_cap': 18398.95, 'pv20_u': 0.0, 'a_u': 0.0, 'pv17_u': 0.0, 'pv20_i': 0.0, 'efficiency': 0.0, 'pv17_i': 0.0, 'pv13_i': 0.0, 'pv36_i': None, 'mppt_power': 0.0, 'pv13_u': 0.0, 'pv36_u': None, 'mppt_7_cap': 17...
2026-05-18 01:37:44,240 - root - INFO - API Response type: <class 'dict'>
2026-05-18 01:37:44,240 - root - INFO - API Response keys: ['failCode', 'success', 'message', 'data']
2026-05-18 01:37:44,240 - root - INFO - API Response data is a list with 151 items
2026-05-18 01:37:44,240 - root - INFO - API Response has failCode: 0, message: historical data information query successful.
2026-05-18 01:37:44,240 - root - INFO - Using alternate response format: data as list
2026-05-18 01:37:44,240 - root - INFO - Received 151 data points from API
2026-05-18 01:37:44,241 - root - INFO - Sample data point structure: ['devDn', 'collectTime', 'dataItems']
2026-05-18 01:37:44,339 - root - INFO - Successfully upserted 151 data points.
2026-05-18 01:37:48,058 - root - INFO - Using single devDn for device/history (API: one device per query)
2026-05-18 01:37:48,059 - root - INFO - Fetching historical data for 1 devices of type inverter
2026-05-18 01:37:48,059 - root - INFO - Making API request to: https://sg5.fusionsolar.huawei.com/rest/openapi/pvms/nbi/v1/device/history
2026-05-18 01:37:48,059 - root - INFO - Request payload: {'devDn': 'NE=53771651', 'devTypeId': 1, 'startTime': 1778950800000, 'endTime': 1779037199000}
2026-05-18 01:38:06,880 - root - INFO - Response status code: 200
2026-05-18 01:38:06,896 - root - INFO - API response from https://sg5.fusionsolar.huawei.com/rest/openapi/pvms/nbi/v1/device/history (truncated): {'failCode': 0, 'success': True, 'message': 'historical data information query successful.', 'data': [{'devDn': 'NE=53771651', 'collectTime': 1778968200000, 'dataItems': {'pv28_i': None, 'pv4_u': 0.0, 'pv24_i': None, 'mppt_total_cap': 228529.3, 'pv8_u': 0.0, 'a_i': 0.0, 'pv24_u': None, 'mppt_9_cap': 21624.32, 'pv20_u': 0.0, 'a_u': 0.0, 'pv17_u': 0.0, 'pv20_i': 0.0, 'efficiency': 0.0, 'pv17_i': 0.0, 'pv13_i': 0.0, 'pv36_i': None, 'mppt_power': 0.0, 'pv13_u': 0.0, 'pv36_u': None, 'mppt_7_cap': 208...
2026-05-18 01:38:06,898 - root - INFO - API Response type: <class 'dict'>
2026-05-18 01:38:06,898 - root - INFO - API Response keys: ['failCode', 'success', 'message', 'data']
2026-05-18 01:38:06,898 - root - INFO - API Response data is a list with 149 items
2026-05-18 01:38:06,898 - root - INFO - API Response has failCode: 0, message: historical data information query successful.
2026-05-18 01:38:06,899 - root - INFO - Using alternate response format: data as list
2026-05-18 01:38:06,899 - root - INFO - Received 149 data points from API
2026-05-18 01:38:06,899 - root - INFO - Sample data point structure: ['devDn', 'collectTime', 'dataItems']
2026-05-18 01:38:06,993 - root - INFO - Successfully upserted 149 data points.
2026-05-18 01:38:11,789 - root - INFO - Using single devDn for device/history (API: one device per query)
2026-05-18 01:38:11,790 - root - INFO - Fetching historical data for 1 devices of type inverter
2026-05-18 01:38:11,790 - root - INFO - Making API request to: https://sg5.fusionsolar.huawei.com/rest/openapi/pvms/nbi/v1/device/history
2026-05-18 01:38:11,791 - root - INFO - Request payload: {'devDn': 'NE=53771650', 'devTypeId': 1, 'startTime': 1778950800000, 'endTime': 1779037199000}
2026-05-18 01:38:40,371 - root - INFO - Response status code: 200
2026-05-18 01:38:40,385 - root - INFO - API response from https://sg5.fusionsolar.huawei.com/rest/openapi/pvms/nbi/v1/device/history (truncated): {'failCode': 0, 'success': True, 'message': 'historical data information query successful.', 'data': [{'devDn': 'NE=53771650', 'collectTime': 1778968200000, 'dataItems': {'pv28_i': None, 'pv4_u': 0.0, 'pv24_i': None, 'mppt_total_cap': 244225.96, 'pv8_u': 0.0, 'a_i': 0.0, 'pv24_u': None, 'mppt_9_cap': 15630.48, 'pv20_u': 0.0, 'a_u': 0.0, 'pv17_u': 0.0, 'pv20_i': 0.0, 'efficiency': 0.0, 'pv17_i': 0.0, 'pv13_i': 0.0, 'pv36_i': None, 'mppt_power': 0.0, 'pv13_u': 0.0, 'pv36_u': None, 'mppt_7_cap': 18...
2026-05-18 01:38:40,387 - root - INFO - API Response type: <class 'dict'>
2026-05-18 01:38:40,387 - root - INFO - API Response keys: ['failCode', 'success', 'message', 'data']
2026-05-18 01:38:40,387 - root - INFO - API Response data is a list with 150 items
2026-05-18 01:38:40,388 - root - INFO - API Response has failCode: 0, message: historical data information query successful.
2026-05-18 01:38:40,388 - root - INFO - Using alternate response format: data as list
2026-05-18 01:38:40,388 - root - INFO - Received 150 data points from API
2026-05-18 01:38:40,388 - root - INFO - Sample data point structure: ['devDn', 'collectTime', 'dataItems']
2026-05-18 01:38:40,460 - root - INFO - Successfully upserted 150 data points.
2026-05-18 01:38:44,346 - root - INFO - Using single devDn for device/history (API: one device per query)
2026-05-18 01:38:44,346 - root - INFO - Fetching historical data for 1 devices of type inverter
2026-05-18 01:38:44,347 - root - INFO - Making API request to: https://sg5.fusionsolar.huawei.com/rest/openapi/pvms/nbi/v1/device/history
2026-05-18 01:38:44,347 - root - INFO - Request payload: {'devDn': 'NE=53771649', 'devTypeId': 1, 'startTime': 1778950800000, 'endTime': 1779037199000}
2026-05-18 01:39:04,858 - root - INFO - Response status code: 200
2026-05-18 01:39:04,872 - root - INFO - API response from https://sg5.fusionsolar.huawei.com/rest/openapi/pvms/nbi/v1/device/history (truncated): {'failCode': 0, 'success': True, 'message': 'historical data information query successful.', 'data': [{'devDn': 'NE=53771649', 'collectTime': 1778968500000, 'dataItems': {'pv28_i': None, 'pv4_u': 0.0, 'pv24_i': None, 'mppt_total_cap': 237785.08, 'pv8_u': 0.0, 'a_i': 0.0, 'pv24_u': None, 'mppt_9_cap': 22355.36, 'pv20_u': 0.0, 'a_u': 0.0, 'pv17_u': 0.0, 'pv20_i': 0.0, 'efficiency': 0.0, 'pv17_i': 0.0, 'pv13_i': 0.0, 'pv36_i': None, 'mppt_power': 0.0, 'pv13_u': 0.0, 'pv36_u': None, 'mppt_7_cap': 22...
2026-05-18 01:39:04,873 - root - INFO - API Response type: <class 'dict'>
2026-05-18 01:39:04,874 - root - INFO - API Response keys: ['failCode', 'success', 'message', 'data']
2026-05-18 01:39:04,874 - root - INFO - API Response data is a list with 149 items
2026-05-18 01:39:04,874 - root - INFO - API Response has failCode: 0, message: historical data information query successful.
2026-05-18 01:39:04,874 - root - INFO - Using alternate response format: data as list
2026-05-18 01:39:04,874 - root - INFO - Received 149 data points from API
2026-05-18 01:39:04,874 - root - INFO - Sample data point structure: ['devDn', 'collectTime', 'dataItems']
2026-05-18 01:39:04,942 - root - INFO - Successfully upserted 149 data points.
2026-05-18 01:39:08,404 - root - INFO - Using single devDn for device/history (API: one device per query)
2026-05-18 01:39:08,405 - root - INFO - Fetching historical data for 1 devices of type inverter
2026-05-18 01:39:08,405 - root - INFO - Making API request to: https://sg5.fusionsolar.huawei.com/rest/openapi/pvms/nbi/v1/device/history
2026-05-18 01:39:08,405 - root - INFO - Request payload: {'devDn': 'NE=53771644', 'devTypeId': 1, 'startTime': 1778950800000, 'endTime': 1779037199000}
2026-05-18 01:39:25,848 - root - INFO - Response status code: 200
2026-05-18 01:39:25,863 - root - INFO - API response from https://sg5.fusionsolar.huawei.com/rest/openapi/pvms/nbi/v1/device/history (truncated): {'failCode': 0, 'success': True, 'message': 'historical data information query successful.', 'data': [{'devDn': 'NE=53771644', 'collectTime': 1778968500000, 'dataItems': {'pv28_i': None, 'pv4_u': 0.0, 'pv24_i': None, 'mppt_total_cap': 235164.74, 'pv8_u': 0.0, 'a_i': 0.0, 'pv24_u': None, 'mppt_9_cap': 20054.25, 'pv20_u': 0.0, 'a_u': 0.0, 'pv17_u': 0.0, 'pv20_i': 0.0, 'efficiency': 0.0, 'pv17_i': 0.0, 'pv13_i': 0.0, 'pv36_i': None, 'mppt_power': 0.0, 'pv13_u': 0.0, 'pv36_u': None, 'mppt_7_cap': 21...
2026-05-18 01:39:27,805 - root - INFO - API Response type: <class 'dict'>
2026-05-18 01:39:28,303 - root - INFO - API Response keys: ['failCode', 'success', 'message', 'data']
2026-05-18 01:39:28,303 - root - INFO - API Response data is a list with 149 items
2026-05-18 01:39:28,304 - root - INFO - API Response has failCode: 0, message: historical data information query successful.
2026-05-18 01:39:28,304 - root - INFO - Using alternate response format: data as list
2026-05-18 01:39:28,304 - root - INFO - Received 149 data points from API
2026-05-18 01:39:28,304 - root - INFO - Sample data point structure: ['devDn', 'collectTime', 'dataItems']
2026-05-18 01:39:28,407 - root - INFO - Successfully upserted 149 data points.
2026-05-18 01:39:32,658 - root - INFO - Using single devDn for device/history (API: one device per query)
2026-05-18 01:39:32,659 - root - INFO - Fetching historical data for 1 devices of type inverter
2026-05-18 01:39:32,659 - root - INFO - Making API request to: https://sg5.fusionsolar.huawei.com/rest/openapi/pvms/nbi/v1/device/history
2026-05-18 01:39:32,659 - root - INFO - Request payload: {'devDn': 'NE=53771643', 'devTypeId': 1, 'startTime': 1778950800000, 'endTime': 1779037199000}
2026-05-18 01:39:51,616 - root - INFO - Response status code: 200
2026-05-18 01:39:51,630 - root - INFO - API response from https://sg5.fusionsolar.huawei.com/rest/openapi/pvms/nbi/v1/device/history (truncated): {'failCode': 0, 'success': True, 'message': 'historical data information query successful.', 'data': [{'devDn': 'NE=53771643', 'collectTime': 1778968200000, 'dataItems': {'pv28_i': None, 'pv4_u': 0.0, 'pv24_i': None, 'mppt_total_cap': 248458.14, 'pv8_u': 0.0, 'a_i': 0.0, 'pv24_u': None, 'mppt_9_cap': 19039.43, 'pv20_u': 0.0, 'a_u': 0.0, 'pv17_u': 0.0, 'pv20_i': 0.0, 'efficiency': 0.0, 'pv17_i': 0.0, 'pv13_i': 0.0, 'pv36_i': None, 'mppt_power': 0.0, 'pv13_u': 0.0, 'pv36_u': None, 'mppt_7_cap': 19...
2026-05-18 01:39:51,632 - root - INFO - API Response type: <class 'dict'>
2026-05-18 01:39:51,632 - root - INFO - API Response keys: ['failCode', 'success', 'message', 'data']
2026-05-18 01:39:51,632 - root - INFO - API Response data is a list with 150 items
2026-05-18 01:39:51,632 - root - INFO - API Response has failCode: 0, message: historical data information query successful.
2026-05-18 01:39:51,632 - root - INFO - Using alternate response format: data as list
2026-05-18 01:39:51,632 - root - INFO - Received 150 data points from API
2026-05-18 01:39:51,633 - root - INFO - Sample data point structure: ['devDn', 'collectTime', 'dataItems']
2026-05-18 01:39:51,698 - root - INFO - Successfully upserted 150 data points.
2026-05-18 01:39:55,208 - root - INFO - Using single devDn for device/history (API: one device per query)
2026-05-18 01:39:55,208 - root - INFO - Fetching historical data for 1 devices of type inverter
2026-05-18 01:39:55,209 - root - INFO - Making API request to: https://sg5.fusionsolar.huawei.com/rest/openapi/pvms/nbi/v1/device/history
2026-05-18 01:39:55,209 - root - INFO - Request payload: {'devDn': 'NE=53771642', 'devTypeId': 1, 'startTime': 1778950800000, 'endTime': 1779037199000}
2026-05-18 01:40:13,100 - root - INFO - Response status code: 200
2026-05-18 01:40:13,117 - root - INFO - API response from https://sg5.fusionsolar.huawei.com/rest/openapi/pvms/nbi/v1/device/history (truncated): {'failCode': 0, 'success': True, 'message': 'historical data information query successful.', 'data': [{'devDn': 'NE=53771642', 'collectTime': 1778968500000, 'dataItems': {'pv28_i': None, 'pv4_u': 0.0, 'pv24_i': None, 'mppt_total_cap': 249744.64, 'pv8_u': 0.0, 'a_i': 0.0, 'pv24_u': None, 'mppt_9_cap': 22841.36, 'pv20_u': 0.0, 'a_u': 0.0, 'pv17_u': 0.0, 'pv20_i': 0.0, 'efficiency': 0.0, 'pv17_i': 0.0, 'pv13_i': 0.0, 'pv36_i': None, 'mppt_power': 0.0, 'pv13_u': 0.0, 'pv36_u': None, 'mppt_7_cap': 22...
2026-05-18 01:40:13,119 - root - INFO - API Response type: <class 'dict'>
2026-05-18 01:40:13,119 - root - INFO - API Response keys: ['failCode', 'success', 'message', 'data']
2026-05-18 01:40:13,119 - root - INFO - API Response data is a list with 148 items
2026-05-18 01:40:13,119 - root - INFO - API Response has failCode: 0, message: historical data information query successful.
2026-05-18 01:40:13,120 - root - INFO - Using alternate response format: data as list
2026-05-18 01:40:13,120 - root - INFO - Received 148 data points from API
2026-05-18 01:40:13,120 - root - INFO - Sample data point structure: ['devDn', 'collectTime', 'dataItems']
2026-05-18 01:40:13,353 - root - INFO - Successfully upserted 148 data points.
2026-05-18 01:40:16,987 - root - INFO - Using single devDn for device/history (API: one device per query)
2026-05-18 01:40:16,988 - root - INFO - Fetching historical data for 1 devices of type inverter
2026-05-18 01:40:16,988 - root - INFO - Making API request to: https://sg5.fusionsolar.huawei.com/rest/openapi/pvms/nbi/v1/device/history
2026-05-18 01:40:16,988 - root - INFO - Request payload: {'devDn': 'NE=53771648', 'devTypeId': 1, 'startTime': 1778950800000, 'endTime': 1779037199000}
2026-05-18 01:40:37,928 - root - INFO - Response status code: 200
2026-05-18 01:40:37,942 - root - INFO - API response from https://sg5.fusionsolar.huawei.com/rest/openapi/pvms/nbi/v1/device/history (truncated): {'failCode': 0, 'success': True, 'message': 'historical data information query successful.', 'data': [{'devDn': 'NE=53771648', 'collectTime': 1778968500000, 'dataItems': {'pv28_i': None, 'pv4_u': 130.7, 'pv24_i': None, 'mppt_total_cap': 249628.31, 'pv8_u': 130.5, 'a_i': 0.0, 'pv24_u': None, 'mppt_9_cap': 21223.64, 'pv20_u': 130.3, 'a_u': 236.4, 'pv17_u': 130.4, 'pv20_i': 0.0, 'efficiency': 0.0, 'pv17_i': 0.0, 'pv13_i': 0.0, 'pv36_i': None, 'mppt_power': 0.0, 'pv13_u': 130.4, 'pv36_u': None, 'mpp...
2026-05-18 01:40:37,945 - root - INFO - API Response type: <class 'dict'>
2026-05-18 01:40:37,945 - root - INFO - API Response keys: ['failCode', 'success', 'message', 'data']
2026-05-18 01:40:37,945 - root - INFO - API Response data is a list with 149 items
2026-05-18 01:40:37,946 - root - INFO - API Response has failCode: 0, message: historical data information query successful.
2026-05-18 01:40:37,946 - root - INFO - Using alternate response format: data as list
2026-05-18 01:40:37,946 - root - INFO - Received 149 data points from API
2026-05-18 01:40:37,946 - root - INFO - Sample data point structure: ['devDn', 'collectTime', 'dataItems']
2026-05-18 01:40:38,038 - root - INFO - Successfully upserted 149 data points.
2026-05-18 01:40:41,513 - root - INFO - Using single devDn for device/history (API: one device per query)
2026-05-18 01:40:41,514 - root - INFO - Fetching historical data for 1 devices of type inverter
2026-05-18 01:40:41,514 - root - INFO - Making API request to: https://sg5.fusionsolar.huawei.com/rest/openapi/pvms/nbi/v1/device/history
2026-05-18 01:40:41,514 - root - INFO - Request payload: {'devDn': 'NE=53771647', 'devTypeId': 1, 'startTime': 1778950800000, 'endTime': 1779037199000}
2026-05-18 01:40:53,592 - root - INFO - Response status code: 200
2026-05-18 01:40:53,986 - root - INFO - API response from https://sg5.fusionsolar.huawei.com/rest/openapi/pvms/nbi/v1/device/history (truncated): {'failCode': 0, 'success': True, 'message': 'historical data information query successful.', 'data': [{'devDn': 'NE=53771647', 'collectTime': 1778968500000, 'dataItems': {'pv28_i': None, 'pv4_u': 0.0, 'pv24_i': None, 'mppt_total_cap': 258743.75, 'pv8_u': 0.0, 'a_i': 0.0, 'pv24_u': None, 'mppt_9_cap': 23314.72, 'pv20_u': 0.0, 'a_u': 0.0, 'pv17_u': 0.0, 'pv20_i': 0.0, 'efficiency': 0.0, 'pv17_i': 0.0, 'pv13_i': 0.0, 'pv36_i': None, 'mppt_power': 0.0, 'pv13_u': 0.0, 'pv36_u': None, 'mppt_7_cap': 23...
2026-05-18 01:40:54,085 - root - INFO - API Response type: <class 'dict'>
2026-05-18 01:40:54,127 - root - INFO - API Response keys: ['failCode', 'success', 'message', 'data']
2026-05-18 01:40:54,127 - root - INFO - API Response data is a list with 149 items
2026-05-18 01:40:54,127 - root - INFO - API Response has failCode: 0, message: historical data information query successful.
2026-05-18 01:40:54,127 - root - INFO - Using alternate response format: data as list
2026-05-18 01:40:54,127 - root - INFO - Received 149 data points from API
2026-05-18 01:40:54,127 - root - INFO - Sample data point structure: ['devDn', 'collectTime', 'dataItems']
2026-05-18 01:40:55,414 - root - INFO - Successfully upserted 149 data points.
2026-05-18 01:40:58,968 - root - INFO - Using single devDn for device/history (API: one device per query)
2026-05-18 01:40:58,970 - root - INFO - Fetching historical data for 1 devices of type inverter
2026-05-18 01:40:58,970 - root - INFO - Making API request to: https://sg5.fusionsolar.huawei.com/rest/openapi/pvms/nbi/v1/device/history
2026-05-18 01:40:58,970 - root - INFO - Request payload: {'devDn': 'NE=53771646', 'devTypeId': 1, 'startTime': 1778950800000, 'endTime': 1779037199000}
2026-05-18 01:41:21,399 - root - INFO - Response status code: 200
2026-05-18 01:41:21,415 - root - INFO - API response from https://sg5.fusionsolar.huawei.com/rest/openapi/pvms/nbi/v1/device/history (truncated): {'failCode': 0, 'success': True, 'message': 'historical data information query successful.', 'data': [{'devDn': 'NE=53771646', 'collectTime': 1778968500000, 'dataItems': {'pv28_i': None, 'pv4_u': 0.0, 'pv24_i': None, 'mppt_total_cap': 231814.05, 'pv8_u': 0.0, 'a_i': 0.0, 'pv24_u': None, 'mppt_9_cap': 19746.49, 'pv20_u': 0.0, 'a_u': 0.0, 'pv17_u': 0.0, 'pv20_i': 0.0, 'efficiency': 0.0, 'pv17_i': 0.0, 'pv13_i': 0.0, 'pv36_i': None, 'mppt_power': 0.0, 'pv13_u': 0.0, 'pv36_u': None, 'mppt_7_cap': 20...
2026-05-18 01:41:21,417 - root - INFO - API Response type: <class 'dict'>
2026-05-18 01:41:21,418 - root - INFO - API Response keys: ['failCode', 'success', 'message', 'data']
2026-05-18 01:41:21,418 - root - INFO - API Response data is a list with 148 items
2026-05-18 01:41:21,418 - root - INFO - API Response has failCode: 0, message: historical data information query successful.
2026-05-18 01:41:21,418 - root - INFO - Using alternate response format: data as list
2026-05-18 01:41:21,419 - root - INFO - Received 148 data points from API
2026-05-18 01:41:21,419 - root - INFO - Sample data point structure: ['devDn', 'collectTime', 'dataItems']
2026-05-18 01:41:21,495 - root - INFO - Successfully upserted 148 data points.
2026-05-18 01:41:24,952 - root - INFO - Using single devDn for device/history (API: one device per query)
2026-05-18 01:41:24,953 - root - INFO - Fetching historical data for 1 devices of type inverter
2026-05-18 01:41:24,953 - root - INFO - Making API request to: https://sg5.fusionsolar.huawei.com/rest/openapi/pvms/nbi/v1/device/history
2026-05-18 01:41:24,953 - root - INFO - Request payload: {'devDn': 'NE=53771645', 'devTypeId': 1, 'startTime': 1778950800000, 'endTime': 1779037199000}
2026-05-18 01:42:06,619 - root - INFO - Response status code: 200
2026-05-18 01:42:06,635 - root - INFO - API response from https://sg5.fusionsolar.huawei.com/rest/openapi/pvms/nbi/v1/device/history (truncated): {'failCode': 0, 'success': True, 'message': 'historical data information query successful.', 'data': [{'devDn': 'NE=53771645', 'collectTime': 1778968500000, 'dataItems': {'pv28_i': None, 'pv4_u': 145.1, 'pv24_i': None, 'mppt_total_cap': 238994.03, 'pv8_u': 145.1, 'a_i': 0.0, 'pv24_u': None, 'mppt_9_cap': 17837.91, 'pv20_u': 145.0, 'a_u': 235.9, 'pv17_u': 144.9, 'pv20_i': 0.0, 'efficiency': 0.0, 'pv17_i': 0.0, 'pv13_i': 0.0, 'pv36_i': None, 'mppt_power': 0.0, 'pv13_u': 144.8, 'pv36_u': None, 'mpp...
2026-05-18 01:42:06,637 - root - INFO - API Response type: <class 'dict'>
2026-05-18 01:42:06,637 - root - INFO - API Response keys: ['failCode', 'success', 'message', 'data']
2026-05-18 01:42:06,637 - root - INFO - API Response data is a list with 150 items
2026-05-18 01:42:06,637 - root - INFO - API Response has failCode: 0, message: historical data information query successful.
2026-05-18 01:42:06,638 - root - INFO - Using alternate response format: data as list
2026-05-18 01:42:06,638 - root - INFO - Received 150 data points from API
2026-05-18 01:42:06,638 - root - INFO - Sample data point structure: ['devDn', 'collectTime', 'dataItems']
2026-05-18 01:42:06,730 - root - INFO - Successfully upserted 150 data points.
2026-05-18 01:42:10,130 - root - INFO - Using single devDn for device/history (API: one device per query)
2026-05-18 01:42:10,131 - root - INFO - Fetching historical data for 1 devices of type inverter
2026-05-18 01:42:10,131 - root - INFO - Making API request to: https://sg5.fusionsolar.huawei.com/rest/openapi/pvms/nbi/v1/device/history
2026-05-18 01:42:10,131 - root - INFO - Request payload: {'devDn': 'NE=62806378', 'devTypeId': 1, 'startTime': 1778950800000, 'endTime': 1779037199000}
2026-05-18 01:42:25,326 - root - INFO - Response status code: 200
2026-05-18 01:42:25,344 - root - INFO - API response from https://sg5.fusionsolar.huawei.com/rest/openapi/pvms/nbi/v1/device/history (truncated): {'failCode': 0, 'success': True, 'message': 'historical data information query successful.', 'data': [{'devDn': 'NE=62806378', 'collectTime': 1778950800000, 'dataItems': {'pv28_i': None, 'pv4_u': 0.0, 'pv24_i': None, 'mppt_total_cap': 188852.41, 'pv8_u': 0.0, 'a_i': 0.0, 'pv24_u': None, 'mppt_9_cap': None, 'pv20_u': 0.0, 'a_u': 0.0, 'pv17_u': 0.0, 'pv20_i': 0.0, 'efficiency': 0.0, 'pv17_i': 0.0, 'pv13_i': 0.0, 'pv36_i': None, 'mppt_power': 0.0, 'pv13_u': 0.0, 'pv36_u': None, 'mppt_7_cap': 33383....
2026-05-18 01:42:25,346 - root - INFO - API Response type: <class 'dict'>
2026-05-18 01:42:25,346 - root - INFO - API Response keys: ['failCode', 'success', 'message', 'data']
2026-05-18 01:42:25,347 - root - INFO - API Response data is a list with 148 items
2026-05-18 01:42:25,347 - root - INFO - API Response has failCode: 0, message: historical data information query successful.
2026-05-18 01:42:25,347 - root - INFO - Using alternate response format: data as list
2026-05-18 01:42:25,347 - root - INFO - Received 148 data points from API
2026-05-18 01:42:25,347 - root - INFO - Sample data point structure: ['devDn', 'collectTime', 'dataItems']
2026-05-18 01:42:25,439 - root - INFO - Successfully upserted 148 data points.
2026-05-18 01:42:30,376 - root - INFO - Using single devDn for device/history (API: one device per query)
2026-05-18 01:42:30,377 - root - INFO - Fetching historical data for 1 devices of type inverter
2026-05-18 01:42:30,377 - root - INFO - Making API request to: https://sg5.fusionsolar.huawei.com/rest/openapi/pvms/nbi/v1/device/history
2026-05-18 01:42:30,377 - root - INFO - Request payload: {'devDn': 'NE=62806376', 'devTypeId': 1, 'startTime': 1778950800000, 'endTime': 1779037199000}
2026-05-18 01:42:52,139 - root - INFO - Response status code: 200
2026-05-18 01:42:52,153 - root - INFO - API response from https://sg5.fusionsolar.huawei.com/rest/openapi/pvms/nbi/v1/device/history (truncated): {'failCode': 0, 'success': True, 'message': 'historical data information query successful.', 'data': [{'devDn': 'NE=62806376', 'collectTime': 1778950800000, 'dataItems': {'pv28_i': None, 'pv4_u': 0.0, 'pv24_i': None, 'mppt_total_cap': 176607.15, 'pv8_u': 0.0, 'a_i': 0.0, 'pv24_u': None, 'mppt_9_cap': None, 'pv20_u': 0.0, 'a_u': 0.0, 'pv17_u': 0.0, 'pv20_i': 0.0, 'efficiency': 0.0, 'pv17_i': 0.0, 'pv13_i': 0.0, 'pv36_i': None, 'mppt_power': 0.0, 'pv13_u': 0.0, 'pv36_u': None, 'mppt_7_cap': 32722....
2026-05-18 01:42:52,155 - root - INFO - API Response type: <class 'dict'>
2026-05-18 01:42:52,155 - root - INFO - API Response keys: ['failCode', 'success', 'message', 'data']
2026-05-18 01:42:52,155 - root - INFO - API Response data is a list with 148 items
2026-05-18 01:42:52,155 - root - INFO - API Response has failCode: 0, message: historical data information query successful.
2026-05-18 01:42:52,156 - root - INFO - Using alternate response format: data as list
2026-05-18 01:42:52,156 - root - INFO - Received 148 data points from API
2026-05-18 01:42:52,156 - root - INFO - Sample data point structure: ['devDn', 'collectTime', 'dataItems']
2026-05-18 01:42:52,230 - root - INFO - Successfully upserted 148 data points.
2026-05-18 01:42:55,736 - root - INFO - Using single devDn for device/history (API: one device per query)
2026-05-18 01:42:55,737 - root - INFO - Fetching historical data for 1 devices of type inverter
2026-05-18 01:42:55,737 - root - INFO - Making API request to: https://sg5.fusionsolar.huawei.com/rest/openapi/pvms/nbi/v1/device/history
2026-05-18 01:42:55,737 - root - INFO - Request payload: {'devDn': 'NE=62806367', 'devTypeId': 1, 'startTime': 1778950800000, 'endTime': 1779037199000}
2026-05-18 01:43:00,610 - root - INFO - Response status code: 200
2026-05-18 01:43:00,624 - root - INFO - API response from https://sg5.fusionsolar.huawei.com/rest/openapi/pvms/nbi/v1/device/history (truncated): {'failCode': 0, 'success': True, 'message': 'historical data information query successful.', 'data': [{'devDn': 'NE=62806367', 'collectTime': 1778950800000, 'dataItems': {'pv28_i': None, 'pv4_u': 0.0, 'pv24_i': None, 'mppt_total_cap': 161492.94, 'pv8_u': 0.0, 'a_i': 0.0, 'pv24_u': None, 'mppt_9_cap': None, 'pv20_u': 0.0, 'a_u': 0.0, 'pv17_u': 0.0, 'pv20_i': 0.0, 'efficiency': 0.0, 'pv17_i': 0.0, 'pv13_i': 0.0, 'pv36_i': None, 'mppt_power': 0.0, 'pv13_u': 0.0, 'pv36_u': None, 'mppt_7_cap': 20329....
2026-05-18 01:43:00,639 - root - INFO - API Response type: <class 'dict'>
2026-05-18 01:43:00,639 - root - INFO - API Response keys: ['failCode', 'success', 'message', 'data']
2026-05-18 01:43:00,639 - root - INFO - API Response data is a list with 148 items
2026-05-18 01:43:00,639 - root - INFO - API Response has failCode: 0, message: historical data information query successful.
2026-05-18 01:43:00,641 - root - INFO - Using alternate response format: data as list
2026-05-18 01:43:00,641 - root - INFO - Received 148 data points from API
2026-05-18 01:43:00,641 - root - INFO - Sample data point structure: ['devDn', 'collectTime', 'dataItems']
2026-05-18 01:43:00,724 - root - INFO - Successfully upserted 148 data points.
2026-05-18 01:43:04,430 - root - INFO - Using single devDn for device/history (API: one device per query)
2026-05-18 01:43:04,430 - root - INFO - Fetching historical data for 1 devices of type inverter
2026-05-18 01:43:04,430 - root - INFO - Making API request to: https://sg5.fusionsolar.huawei.com/rest/openapi/pvms/nbi/v1/device/history
2026-05-18 01:43:04,431 - root - INFO - Request payload: {'devDn': 'NE=62806379', 'devTypeId': 1, 'startTime': 1778950800000, 'endTime': 1779037199000}
2026-05-18 01:43:06,065 - root - INFO - Response status code: 200
2026-05-18 01:43:06,080 - root - INFO - API response from https://sg5.fusionsolar.huawei.com/rest/openapi/pvms/nbi/v1/device/history (truncated): {'failCode': 0, 'success': True, 'message': 'historical data information query successful.', 'data': [{'devDn': 'NE=62806379', 'collectTime': 1778950800000, 'dataItems': {'pv28_i': None, 'pv4_u': 0.0, 'pv24_i': None, 'mppt_total_cap': 167753.59, 'pv8_u': 0.0, 'a_i': 0.0, 'pv24_u': None, 'mppt_9_cap': None, 'pv20_u': 0.0, 'a_u': 0.0, 'pv17_u': 0.0, 'pv20_i': 0.0, 'efficiency': 0.0, 'pv17_i': 0.0, 'pv13_i': 0.0, 'pv36_i': None, 'mppt_power': 0.0, 'pv13_u': 0.0, 'pv36_u': None, 'mppt_7_cap': 18269....
2026-05-18 01:43:06,094 - root - INFO - API Response type: <class 'dict'>
2026-05-18 01:43:06,095 - root - INFO - API Response keys: ['failCode', 'success', 'message', 'data']
2026-05-18 01:43:06,095 - root - INFO - API Response data is a list with 148 items
2026-05-18 01:43:06,095 - root - INFO - API Response has failCode: 0, message: historical data information query successful.
2026-05-18 01:43:06,096 - root - INFO - Using alternate response format: data as list
2026-05-18 01:43:06,096 - root - INFO - Received 148 data points from API
2026-05-18 01:43:06,096 - root - INFO - Sample data point structure: ['devDn', 'collectTime', 'dataItems']
2026-05-18 01:43:06,183 - root - INFO - Successfully upserted 148 data points.
2026-05-18 01:43:10,362 - root - INFO - Using single devDn for device/history (API: one device per query)
2026-05-18 01:43:10,363 - root - INFO - Fetching historical data for 1 devices of type inverter
2026-05-18 01:43:10,363 - root - INFO - Making API request to: https://sg5.fusionsolar.huawei.com/rest/openapi/pvms/nbi/v1/device/history
2026-05-18 01:43:10,363 - root - INFO - Request payload: {'devDn': 'NE=62807022', 'devTypeId': 1, 'startTime': 1778950800000, 'endTime': 1779037199000}
2026-05-18 01:43:11,875 - root - INFO - Response status code: 200
2026-05-18 01:43:11,888 - root - INFO - API response from https://sg5.fusionsolar.huawei.com/rest/openapi/pvms/nbi/v1/device/history (truncated): {'failCode': 0, 'success': True, 'message': 'historical data information query successful.', 'data': [{'devDn': 'NE=62807022', 'collectTime': 1778950800000, 'dataItems': {'pv28_i': None, 'pv4_u': 0.0, 'pv24_i': None, 'mppt_total_cap': 208380.16, 'pv8_u': 0.0, 'a_i': 0.0, 'pv24_u': None, 'mppt_9_cap': None, 'pv20_u': 0.0, 'a_u': 0.0, 'pv17_u': 0.0, 'pv20_i': 0.0, 'efficiency': 0.0, 'pv17_i': 0.0, 'pv13_i': 0.0, 'pv36_i': None, 'mppt_power': 0.0, 'pv13_u': 0.0, 'pv36_u': None, 'mppt_7_cap': 35644....
2026-05-18 01:43:11,890 - root - INFO - API Response type: <class 'dict'>
2026-05-18 01:43:11,890 - root - INFO - API Response keys: ['failCode', 'success', 'message', 'data']
2026-05-18 01:43:11,890 - root - INFO - API Response data is a list with 148 items
2026-05-18 01:43:11,891 - root - INFO - API Response has failCode: 0, message: historical data information query successful.
2026-05-18 01:43:11,891 - root - INFO - Using alternate response format: data as list
2026-05-18 01:43:11,891 - root - INFO - Received 148 data points from API
2026-05-18 01:43:11,891 - root - INFO - Sample data point structure: ['devDn', 'collectTime', 'dataItems']
2026-05-18 01:43:11,960 - root - INFO - Successfully upserted 148 data points.
2026-05-18 01:43:15,703 - root - INFO - Using single devDn for device/history (API: one device per query)
2026-05-18 01:43:15,704 - root - INFO - Fetching historical data for 1 devices of type inverter
2026-05-18 01:43:15,704 - root - INFO - Making API request to: https://sg5.fusionsolar.huawei.com/rest/openapi/pvms/nbi/v1/device/history
2026-05-18 01:43:15,704 - root - INFO - Request payload: {'devDn': 'NE=62807019', 'devTypeId': 1, 'startTime': 1778950800000, 'endTime': 1779037199000}
2026-05-18 01:43:17,230 - root - INFO - Response status code: 200
2026-05-18 01:43:17,243 - root - INFO - API response from https://sg5.fusionsolar.huawei.com/rest/openapi/pvms/nbi/v1/device/history (truncated): {'failCode': 0, 'success': True, 'message': 'historical data information query successful.', 'data': [{'devDn': 'NE=62807019', 'collectTime': 1778950800000, 'dataItems': {'pv28_i': None, 'pv4_u': 0.0, 'pv24_i': None, 'mppt_total_cap': 185064.42, 'pv8_u': 0.0, 'a_i': 0.0, 'pv24_u': None, 'mppt_9_cap': None, 'pv20_u': 0.0, 'a_u': 0.0, 'pv17_u': 0.0, 'pv20_i': 0.0, 'efficiency': 0.0, 'pv17_i': 0.0, 'pv13_i': 0.0, 'pv36_i': None, 'mppt_power': 0.0, 'pv13_u': 0.0, 'pv36_u': None, 'mppt_7_cap': 22793....
2026-05-18 01:43:17,245 - root - INFO - API Response type: <class 'dict'>
2026-05-18 01:43:17,245 - root - INFO - API Response keys: ['failCode', 'success', 'message', 'data']
2026-05-18 01:43:17,246 - root - INFO - API Response data is a list with 148 items
2026-05-18 01:43:17,246 - root - INFO - API Response has failCode: 0, message: historical data information query successful.
2026-05-18 01:43:17,246 - root - INFO - Using alternate response format: data as list
2026-05-18 01:43:17,246 - root - INFO - Received 148 data points from API
2026-05-18 01:43:17,246 - root - INFO - Sample data point structure: ['devDn', 'collectTime', 'dataItems']
2026-05-18 01:43:17,315 - root - INFO - Successfully upserted 148 data points.
2026-05-18 01:43:20,708 - root - INFO - Using single devDn for device/history (API: one device per query)
2026-05-18 01:43:20,709 - root - INFO - Fetching historical data for 1 devices of type inverter
2026-05-18 01:43:20,709 - root - INFO - Making API request to: https://sg5.fusionsolar.huawei.com/rest/openapi/pvms/nbi/v1/device/history
2026-05-18 01:43:20,709 - root - INFO - Request payload: {'devDn': 'NE=62807020', 'devTypeId': 1, 'startTime': 1778950800000, 'endTime': 1779037199000}
2026-05-18 01:43:22,301 - root - INFO - Response status code: 200
2026-05-18 01:43:22,314 - root - INFO - API response from https://sg5.fusionsolar.huawei.com/rest/openapi/pvms/nbi/v1/device/history (truncated): {'failCode': 0, 'success': True, 'message': 'historical data information query successful.', 'data': [{'devDn': 'NE=62807020', 'collectTime': 1778950800000, 'dataItems': {'pv28_i': None, 'pv4_u': 0.0, 'pv24_i': None, 'mppt_total_cap': 190703.65, 'pv8_u': 0.0, 'a_i': 0.0, 'pv24_u': None, 'mppt_9_cap': None, 'pv20_u': 0.0, 'a_u': 0.0, 'pv17_u': 0.0, 'pv20_i': 0.0, 'efficiency': 0.0, 'pv17_i': 0.0, 'pv13_i': 0.0, 'pv36_i': None, 'mppt_power': 0.0, 'pv13_u': 0.0, 'pv36_u': None, 'mppt_7_cap': 24090....
2026-05-18 01:43:22,316 - root - INFO - API Response type: <class 'dict'>
2026-05-18 01:43:22,316 - root - INFO - API Response keys: ['failCode', 'success', 'message', 'data']
2026-05-18 01:43:22,316 - root - INFO - API Response data is a list with 148 items
2026-05-18 01:43:22,317 - root - INFO - API Response has failCode: 0, message: historical data information query successful.
2026-05-18 01:43:22,317 - root - INFO - Using alternate response format: data as list
2026-05-18 01:43:22,317 - root - INFO - Received 148 data points from API
2026-05-18 01:43:22,317 - root - INFO - Sample data point structure: ['devDn', 'collectTime', 'dataItems']
2026-05-18 01:43:22,384 - root - INFO - Successfully upserted 148 data points.
2026-05-18 01:43:25,944 - root - INFO - Using single devDn for device/history (API: one device per query)
2026-05-18 01:43:25,945 - root - INFO - Fetching historical data for 1 devices of type inverter
2026-05-18 01:43:25,945 - root - INFO - Making API request to: https://sg5.fusionsolar.huawei.com/rest/openapi/pvms/nbi/v1/device/history
2026-05-18 01:43:25,945 - root - INFO - Request payload: {'devDn': 'NE=62807021', 'devTypeId': 1, 'startTime': 1778950800000, 'endTime': 1779037199000}
2026-05-18 01:43:27,440 - root - INFO - Response status code: 200
2026-05-18 01:43:27,452 - root - INFO - API response from https://sg5.fusionsolar.huawei.com/rest/openapi/pvms/nbi/v1/device/history (truncated): {'failCode': 0, 'success': True, 'message': 'historical data information query successful.', 'data': [{'devDn': 'NE=62807021', 'collectTime': 1778950800000, 'dataItems': {'pv28_i': None, 'pv4_u': 0.0, 'pv24_i': None, 'mppt_total_cap': 186937.95, 'pv8_u': 0.0, 'a_i': 0.0, 'pv24_u': None, 'mppt_9_cap': None, 'pv20_u': 0.0, 'a_u': 0.0, 'pv17_u': 0.0, 'pv20_i': 0.0, 'efficiency': 0.0, 'pv17_i': 0.0, 'pv13_i': 0.0, 'pv36_i': None, 'mppt_power': 0.0, 'pv13_u': 0.0, 'pv36_u': None, 'mppt_7_cap': 23875....
2026-05-18 01:43:27,454 - root - INFO - API Response type: <class 'dict'>
2026-05-18 01:43:27,455 - root - INFO - API Response keys: ['failCode', 'success', 'message', 'data']
2026-05-18 01:43:27,455 - root - INFO - API Response data is a list with 148 items
2026-05-18 01:43:27,455 - root - INFO - API Response has failCode: 0, message: historical data information query successful.
2026-05-18 01:43:27,455 - root - INFO - Using alternate response format: data as list
2026-05-18 01:43:27,455 - root - INFO - Received 148 data points from API
2026-05-18 01:43:27,455 - root - INFO - Sample data point structure: ['devDn', 'collectTime', 'dataItems']
2026-05-18 01:43:27,522 - root - INFO - Successfully upserted 148 data points.
2026-05-18 01:43:30,760 - root - INFO - Using single devDn for device/history (API: one device per query)
2026-05-18 01:43:30,761 - root - INFO - Fetching historical data for 1 devices of type smart_assistant
2026-05-18 01:43:30,761 - root - INFO - Making API request to: https://sg5.fusionsolar.huawei.com/rest/openapi/pvms/nbi/v1/device/history
2026-05-18 01:43:30,761 - root - INFO - Request payload: {'devDn': 'NE=60951884', 'devTypeId': 23070, 'startTime': 1778950800000, 'endTime': 1779037199000}
2026-05-18 01:43:31,447 - root - INFO - Response status code: 200
2026-05-18 01:43:31,458 - root - INFO - API response from https://sg5.fusionsolar.huawei.com/rest/openapi/pvms/nbi/v1/device/history (truncated): {'failCode': 0, 'success': True, 'message': 'historical data information query successful.', 'data': [{'devDn': 'NE=60951884', 'collectTime': 1778950800000, 'dataItems': {'active_cap': 6407.97, 'ex_active_power': None, 'power_factor': 0.785, 'ex_reverse_active_cap': None, 'a_i': 0.7, 'ex_active_cap': None, 'c_i': 3.6, 'b_i': 1.2, 'a_u': 225.3, 'reactive_power': 0.327, 'c_u': 224.3, 'b_u': 224.3, 'bc_u': 389.8, 'ex_a_i': 0.0, 'ex_c_i': 0.0, 'ex_active_power_c': 0.0, 'ex_b_i': 0.0, 'reverse_active...
2026-05-18 01:43:31,460 - root - INFO - API Response type: <class 'dict'>
2026-05-18 01:43:31,460 - root - INFO - API Response keys: ['failCode', 'success', 'message', 'data']
2026-05-18 01:43:31,460 - root - INFO - API Response data is a list with 288 items
2026-05-18 01:43:31,461 - root - INFO - API Response has failCode: 0, message: historical data information query successful.
2026-05-18 01:43:31,461 - root - INFO - Using alternate response format: data as list
2026-05-18 01:43:31,462 - root - INFO - Received 288 data points from API
2026-05-18 01:43:31,462 - root - INFO - Sample data point structure: ['devDn', 'collectTime', 'dataItems']
2026-05-18 01:43:31,602 - root - INFO - Successfully upserted 288 data points.
2026-05-18 01:43:35,104 - root - INFO - Using single devDn for device/history (API: one device per query)
2026-05-18 01:43:35,104 - root - INFO - Fetching historical data for 1 devices of type battery
2026-05-18 01:43:35,104 - root - INFO - Making API request to: https://sg5.fusionsolar.huawei.com/rest/openapi/pvms/nbi/v1/device/history
2026-05-18 01:43:35,105 - root - INFO - Request payload: {'devDn': 'NE=60951890', 'devTypeId': 39, 'startTime': 1778950800000, 'endTime': 1779037199000}
2026-05-18 01:43:35,757 - root - INFO - Response status code: 200
2026-05-18 01:43:35,760 - root - INFO - API response from https://sg5.fusionsolar.huawei.com/rest/openapi/pvms/nbi/v1/device/history (truncated): {'failCode': 0, 'success': True, 'message': 'historical data information query successful.', 'data': [{'devDn': 'NE=60951890', 'collectTime': 1778950800000, 'dataItems': {'max_discharge_power': None, 'max_charge_power': None, 'battery_soh': None, 'busbar_u': 743.0, 'discharge_cap': 0.0, 'ch_discharge_power': 0.0, 'battery_soc': 91.0, 'ch_discharge_model': None, 'charge_cap': 0.0, 'battery_status': None}}, {'devDn': 'NE=60951890', 'collectTime': 1778951100000, 'dataItems': {'max_discharge_power':...
2026-05-18 01:43:35,762 - root - INFO - API Response type: <class 'dict'>
2026-05-18 01:43:35,762 - root - INFO - API Response keys: ['failCode', 'success', 'message', 'data']
2026-05-18 01:43:35,762 - root - INFO - API Response data is a list with 288 items
2026-05-18 01:43:35,762 - root - INFO - API Response has failCode: 0, message: historical data information query successful.
2026-05-18 01:43:35,763 - root - INFO - Using alternate response format: data as list
2026-05-18 01:43:35,763 - root - INFO - Received 288 data points from API
2026-05-18 01:43:35,763 - root - INFO - Sample data point structure: ['devDn', 'collectTime', 'dataItems']
2026-05-18 01:43:35,870 - root - INFO - Successfully upserted 288 data points.
2026-05-18 01:43:39,630 - root - INFO - Processed 38705 data points for 2026-05-16 to 2026-05-17
2026-05-18 01:43:39,649 - root - INFO - Total data points ingested: 38705
2026-05-18 01:43:39,663 - fusionsolar.tasks - INFO - FusionSolar ingestion completed successfully. Rows inserted: 38705, Execution time: 2578.37 seconds
2026-05-18 01:43:39,665 - __main__ - INFO - FusionSolar ingestion completed: {'status': 'success', 'rows_inserted': 38705, 'execution_time': 2578.3682129383087, 'start_date': '2026-05-17', 'end_date': '2026-05-17'}
2026-05-18 01:43:39,732 - __main__ - INFO - Step 2: dbt run (reingest window 2026-05-17) ...
2026-05-18 01:43:39,752 - __main__ - INFO - Running: C:\Users\Administrator\Documents\Code\MMSR API - Server MA\.venv\Scripts\dbt.exe run --vars {"reingest_start_date": "2026-05-17", "reingest_end_date": "2026-05-17"}
2026-05-18 02:51:58,693 - __main__ - INFO - dbt run completed successfully
2026-05-18 02:51:58,721 - __main__ - INFO - dbt | 19:34:47  28 of 39 START sql incremental model mart.mart_hidden_valley_villa_load_5min ... [RUN]
2026-05-18 02:51:58,723 - __main__ - INFO - dbt | 19:34:48  28 of 39 OK created sql incremental model mart.mart_hidden_valley_villa_load_5min  [INSERT 0 288 in 1.36s]
2026-05-18 02:51:58,724 - __main__ - INFO - dbt | 19:34:48  29 of 39 START sql table model mart.mart_meter_daily_hidden_valley ............. [RUN]
2026-05-18 02:51:58,724 - __main__ - INFO - dbt | 19:35:29  29 of 39 OK created sql table model mart.mart_meter_daily_hidden_valley ........ [SELECT 107 in 40.71s]
2026-05-18 02:51:58,725 - __main__ - INFO - dbt | 19:35:29  30 of 39 START sql incremental model mart.fact_sensor_calculations_5min ........ [RUN]
2026-05-18 02:51:58,725 - __main__ - INFO - dbt | 19:35:31  30 of 39 OK created sql incremental model mart.fact_sensor_calculations_5min ... [INSERT 0 19679 in 1.86s]
2026-05-18 02:51:58,725 - __main__ - INFO - dbt | 19:35:31  31 of 39 START sql incremental model mart.mart_sensor_daily .................... [RUN]
2026-05-18 02:51:58,725 - __main__ - INFO - dbt | 19:35:52  31 of 39 OK created sql incremental model mart.mart_sensor_daily ............... [INSERT 0 82 in 21.25s]
2026-05-18 02:51:58,725 - __main__ - INFO - dbt | 19:35:52  32 of 39 START sql incremental model mart.mart_hidden_valley_villa_load_daily .. [RUN]
2026-05-18 02:51:58,725 - __main__ - INFO - dbt | 19:35:52  32 of 39 OK created sql incremental model mart.mart_hidden_valley_villa_load_daily  [INSERT 0 1 in 0.18s]
2026-05-18 02:51:58,725 - __main__ - INFO - dbt | 19:35:52  33 of 39 START sql incremental model mart.fact_inverter_calculations_5min ...... [RUN]
2026-05-18 02:51:58,725 - __main__ - INFO - dbt | 19:35:54  33 of 39 OK created sql incremental model mart.fact_inverter_calculations_5min . [INSERT 0 42335 in 1.78s]
2026-05-18 02:51:58,725 - __main__ - INFO - dbt | 19:35:54  34 of 39 START sql incremental model mart.fact_site_calculations_5min .......... [RUN]
2026-05-18 02:51:58,725 - __main__ - INFO - dbt | 19:35:56  34 of 39 OK created sql incremental model mart.fact_site_calculations_5min ..... [INSERT 0 5854 in 2.64s]
2026-05-18 02:51:58,726 - __main__ - INFO - dbt | 19:35:57  35 of 39 START sql incremental model mart.mart_site_performance_daily .......... [RUN]
2026-05-18 02:51:58,726 - __main__ - INFO - dbt | 19:36:46  35 of 39 OK created sql incremental model mart.mart_site_performance_daily ..... [INSERT 0 26 in 49.38s]
2026-05-18 02:51:58,726 - __main__ - INFO - dbt | 19:36:46  36 of 39 START sql view model mart.mart_site_performance_daily_hidden_valley ... [RUN]
2026-05-18 02:51:58,727 - __main__ - INFO - dbt | 19:36:46  36 of 39 OK created sql view model mart.mart_site_performance_daily_hidden_valley  [CREATE VIEW in 0.16s]
2026-05-18 02:51:58,727 - __main__ - INFO - dbt | 19:36:46  37 of 39 START sql view model mart.mart_site_performance_monthly ............... [RUN]
2026-05-18 02:51:58,727 - __main__ - INFO - dbt | 19:36:46  37 of 39 OK created sql view model mart.mart_site_performance_monthly .......... [CREATE VIEW in 0.08s]
2026-05-18 02:51:58,727 - __main__ - INFO - dbt | 19:36:46  38 of 39 START sql incremental model mart.mart_string_performance_daily ........ [RUN]
2026-05-18 02:51:58,727 - __main__ - INFO - dbt | 19:50:54  38 of 39 OK created sql incremental model mart.mart_string_performance_daily ... [INSERT 0 26 in 847.74s]
2026-05-18 02:51:58,727 - __main__ - INFO - dbt | 19:50:54  39 of 39 START sql table model mart.mart_string_performance_monthly ............ [RUN]
2026-05-18 02:51:58,727 - __main__ - INFO - dbt | 19:51:03  39 of 39 OK created sql table model mart.mart_string_performance_monthly ....... [SELECT 69747 in 8.74s]
2026-05-18 02:51:58,727 - __main__ - INFO - dbt | 19:51:03  
2026-05-18 02:51:58,728 - __main__ - INFO - dbt | 19:51:03  Finished running 17 incremental models, 20 table models, 2 view models in 1 hours 7 minutes and 16.98 seconds (4036.98s).
2026-05-18 02:51:58,728 - __main__ - INFO - dbt | 19:51:04  
2026-05-18 02:51:58,728 - __main__ - INFO - dbt | 19:51:04  Completed successfully
2026-05-18 02:51:58,728 - __main__ - INFO - dbt | 19:51:04  
2026-05-18 02:51:58,728 - __main__ - INFO - dbt | 19:51:04  Done. PASS=39 WARN=0 ERROR=0 SKIP=0 NO-OP=0 TOTAL=39
2026-05-18 02:51:58,733 - __main__ - INFO - Date 2026-05-17 completed OK | FusionSolar: {'status': 'success', 'rows_inserted': 38705, 'execution_time': 2578.3682129383087, 'start_date': '2026-05-17', 'end_date': '2026-05-17'} | iSolarCloud: {'status': 'success', 'rows_inserted': None, 'execution_time': 226.85578894615173, 'start_date': '2026-05-17', 'end_date': '2026-05-17'}
2026-05-18 02:51:58,741 - __main__ - INFO - ================================================================================
2026-05-18 02:51:58,741 - __main__ - INFO - MMSR Daily Pipeline completed successfully for all dates!
2026-05-18 02:51:58,742 - __main__ - INFO - Dates: 2026-05-17
2026-05-18 02:51:58,742 - __main__ - INFO - Total execution time: 6677.4 seconds
2026-05-18 02:51:58,791 - __main__ - INFO - ================================================================================
