Unnamed: 0,Sites,Inverter No,MPPT No,String No,Module Qty,Orient Code,Azimuth,Tilt,Coordinate (x),Coordinate (y),Area,Row,Cable Length,Cable Size
,MMKI 1,1,1,1,27.0,1.0,,,,,,,,
,MMKI 1,1,1,2,27.0,1.0,,,,,,,,
,MMKI 1,1,2,3,27.0,1.0,,,,,,,,
,MMKI 1,1,2,4,27.0,1.0,,,,,,,,
,MMKI 1,1,3,5,27.0,1.0,,,,,,,,
,MMKI 1,1,3,6,27.0,1.0,,,,,,,,
,MMKI 1,1,4,7,27.0,2.0,,,,,,,,
,MMKI 1,1,4,8,27.0,2.0,,,,,,,,
,MMKI 1,1,5,9,27.0,2.0,,,,,,,,
,MMKI 1,1,5,10,27.0,2.0,,,,,,,,
,MMKI 1,1,6,11,27.0,2.0,,,,,,,,
,MMKI 1,1,6,12,27.0,2.0,,,,,,,,
,MMKI 1,1,7,13,27.0,2.0,,,,,,,,
,MMKI 1,1,7,14,0.0,2.0,,,,,,,,
,MMKI 1,1,8,15,27.0,2.0,,,,,,,,
,MMKI 1,1,8,16,0.0,2.0,,,,,,,,
,MMKI 1,1,9,17,21.0,2.0,,,,,,,,
,MMKI 1,1,9,18,0.0,2.0,,,,,,,,
,MMKI 1,2,1,1,27.0,2.0,,,,,,,,
,MMKI 1,2,1,2,27.0,2.0,,,,,,,,
,MMKI 1,2,2,3,27.0,2.0,,,,,,,,
,MMKI 1,2,2,4,27.0,2.0,,,,,,,,
,MMKI 1,2,3,5,27.0,2.0,,,,,,,,
,MMKI 1,2,3,6,27.0,2.0,,,,,,,,
,MMKI 1,2,4,7,27.0,2.0,,,,,,,,
,MMKI 1,2,4,8,27.0,2.0,,,,,,,,
,MMKI 1,2,5,9,27.0,2.0,,,,,,,,
,MMKI 1,2,5,10,27.0,2.0,,,,,,,,
,MMKI 1,2,6,11,27.0,2.0,,,,,,,,
,MMKI 1,2,6,12,27.0,2.0,,,,,,,,
,MMKI 1,2,7,13,27.0,2.0,,,,,,,,
,MMKI 1,2,7,14,0.0,2.0,,,,,,,,
,MMKI 1,2,8,15,24.0,2.0,,,,,,,,
,MMKI 1,2,8,16,0.0,2.0,,,,,,,,
,MMKI 1,2,9,17,24.0,2.0,,,,,,,,
,MMKI 1,2,9,18,0.0,2.0,,,,,,,,
,MMKI 1,3,1,1,27.0,2.0,,,,,,,,
,MMKI 1,3,1,2,27.0,2.0,,,,,,,,
,MMKI 1,3,2,3,27.0,2.0,,,,,,,,
,MMKI 1,3,2,4,27.0,2.0,,,,,,,,
,MMKI 1,3,3,5,27.0,2.0,,,,,,,,
,MMKI 1,3,3,6,27.0,2.0,,,,,,,,
,MMKI 1,3,4,7,27.0,2.0,,,,,,,,
,MMKI 1,3,4,8,27.0,2.0,,,,,,,,
,MMKI 1,3,5,9,27.0,2.0,,,,,,,,
,MMKI 1,3,5,10,27.0,2.0,,,,,,,,
,MMKI 1,3,6,11,27.0,2.0,,,,,,,,
,MMKI 1,3,6,12,0.0,2.0,,,,,,,,
,MMKI 1,3,7,13,27.0,2.0,,,,,,,,
,MMKI 1,3,7,14,0.0,2.0,,,,,,,,
,MMKI 1,3,8,15,27.0,2.0,,,,,,,,
,MMKI 1,3,8,16,0.0,2.0,,,,,,,,
,MMKI 1,3,9,17,27.0,2.0,,,,,,,,
,MMKI 1,3,9,18,0.0,2.0,,,,,,,,
,MMKI 1,4,1,1,27.0,2.0,,,,,,,,
,MMKI 1,4,1,2,27.0,2.0,,,,,,,,
,MMKI 1,4,2,3,27.0,2.0,,,,,,,,
,MMKI 1,4,2,4,27.0,2.0,,,,,,,,
,MMKI 1,4,3,5,27.0,2.0,,,,,,,,
,MMKI 1,4,3,6,27.0,2.0,,,,,,,,
,MMKI 1,4,4,7,27.0,2.0,,,,,,,,
,MMKI 1,4,4,8,27.0,2.0,,,,,,,,
,MMKI 1,4,5,9,27.0,2.0,,,,,,,,
,MMKI 1,4,5,10,27.0,2.0,,,,,,,,
,MMKI 1,4,6,11,27.0,2.0,,,,,,,,
,MMKI 1,4,6,12,27.0,2.0,,,,,,,,
,MMKI 1,4,7,13,27.0,2.0,,,,,,,,
,MMKI 1,4,7,14,0.0,2.0,,,,,,,,
,MMKI 1,4,8,15,27.0,2.0,,,,,,,,
,MMKI 1,4,8,16,0.0,2.0,,,,,,,,
,MMKI 1,4,9,17,24.0,2.0,,,,,,,,
,MMKI 1,4,9,18,0.0,2.0,,,,,,,,
,MMKI 1,5,1,1,27.0,2.0,,,,,,,,
,MMKI 1,5,1,2,27.0,2.0,,,,,,,,
,MMKI 1,5,2,3,27.0,2.0,,,,,,,,
,MMKI 1,5,2,4,27.0,2.0,,,,,,,,
,MMKI 1,5,3,5,27.0,2.0,,,,,,,,
,MMKI 1,5,3,6,27.0,2.0,,,,,,,,
,MMKI 1,5,4,7,27.0,2.0,,,,,,,,
,MMKI 1,5,4,8,27.0,2.0,,,,,,,,
,MMKI 1,5,5,9,27.0,2.0,,,,,,,,
,MMKI 1,5,5,10,27.0,2.0,,,,,,,,
,MMKI 1,5,6,11,27.0,2.0,,,,,,,,
,MMKI 1,5,6,12,27.0,2.0,,,,,,,,
,MMKI 1,5,7,13,27.0,2.0,,,,,,,,
,MMKI 1,5,7,14,0.0,2.0,,,,,,,,
,MMKI 1,5,8,15,27.0,2.0,,,,,,,,
,MMKI 1,5,8,16,0.0,2.0,,,,,,,,
,MMKI 1,5,9,17,24.0,2.0,,,,,,,,
,MMKI 1,5,9,18,0.0,2.0,,,,,,,,
,MMKI 1,6,1,1,27.0,2.0,,,,,,,,
,MMKI 1,6,1,2,27.0,2.0,,,,,,,,
,MMKI 1,6,2,3,27.0,2.0,,,,,,,,
,MMKI 1,6,2,4,27.0,2.0,,,,,,,,
,MMKI 1,6,3,5,27.0,2.0,,,,,,,,
,MMKI 1,6,3,6,27.0,2.0,,,,,,,,
,MMKI 1,6,4,7,27.0,2.0,,,,,,,,
,MMKI 1,6,4,8,27.0,2.0,,,,,,,,
,MMKI 1,6,5,9,27.0,1.0,,,,,,,,
,MMKI 1,6,5,10,27.0,1.0,,,,,,,,
,MMKI 1,6,6,11,27.0,1.0,,,,,,,,
,MMKI 1,6,6,12,27.0,2.0,,,,,,,,
,MMKI 1,6,7,13,27.0,2.0,,,,,,,,
,MMKI 1,6,7,14,0.0,2.0,,,,,,,,
,MMKI 1,6,8,15,27.0,1.0,,,,,,,,
,MMKI 1,6,8,16,0.0,2.0,,,,,,,,
,MMKI 1,6,9,17,24.0,2.0,,,,,,,,
,MMKI 1,6,9,18,0.0,2.0,,,,,,,,
,MMKI 1,7,1,1,27.0,1.0,,,,,,,,
,MMKI 1,7,1,2,27.0,1.0,,,,,,,,
,MMKI 1,7,2,3,27.0,1.0,,,,,,,,
,MMKI 1,7,2,4,27.0,1.0,,,,,,,,
,MMKI 1,7,3,5,27.0,1.0,,,,,,,,
,MMKI 1,7,3,6,27.0,1.0,,,,,,,,
,MMKI 1,7,4,7,27.0,1.0,,,,,,,,
,MMKI 1,7,4,8,27.0,1.0,,,,,,,,
,MMKI 1,7,5,9,27.0,1.0,,,,,,,,
,MMKI 1,7,5,10,27.0,1.0,,,,,,,,
,MMKI 1,7,6,11,27.0,1.0,,,,,,,,
,MMKI 1,7,6,12,27.0,1.0,,,,,,,,
,MMKI 1,7,7,13,27.0,1.0,,,,,,,,
,MMKI 1,7,7,14,0.0,2.0,,,,,,,,
,MMKI 1,7,8,15,27.0,1.0,,,,,,,,
,MMKI 1,7,8,16,0.0,2.0,,,,,,,,
,MMKI 1,7,9,17,24.0,2.0,,,,,,,,
,MMKI 1,7,9,18,0.0,2.0,,,,,,,,
,MMKI 1,8,1,1,27.0,1.0,,,,,,,,
,MMKI 1,8,1,2,27.0,1.0,,,,,,,,
,MMKI 1,8,2,3,27.0,1.0,,,,,,,,
,MMKI 1,8,2,4,27.0,1.0,,,,,,,,
,MMKI 1,8,3,5,27.0,1.0,,,,,,,,
,MMKI 1,8,3,6,27.0,1.0,,,,,,,,
,MMKI 1,8,4,7,27.0,1.0,,,,,,,,
,MMKI 1,8,4,8,27.0,1.0,,,,,,,,
,MMKI 1,8,5,9,27.0,1.0,,,,,,,,
,MMKI 1,8,5,10,27.0,1.0,,,,,,,,
,MMKI 1,8,6,11,27.0,1.0,,,,,,,,
,MMKI 1,8,6,12,27.0,1.0,,,,,,,,
,MMKI 1,8,7,13,27.0,1.0,,,,,,,,
,MMKI 1,8,7,14,0.0,2.0,,,,,,,,
,MMKI 1,8,8,15,24.0,1.0,,,,,,,,
,MMKI 1,8,8,16,0.0,2.0,,,,,,,,
,MMKI 1,8,9,17,24.0,2.0,,,,,,,,
,MMKI 1,8,9,18,0.0,,,,,,,,,
,MMKI 2,1,1,1,24.0,3.0,,,,,,,,
,MMKI 2,1,1,2,0.0,,,,,,,,,
,MMKI 2,1,1,3,0.0,,,,,,,,,
,MMKI 2,1,1,4,0.0,,,,,,,,,
,MMKI 2,1,2,5,28.0,1.0,,,,,,,,
,MMKI 2,1,2,6,28.0,1.0,,,,,,,,
,MMKI 2,1,2,7,28.0,1.0,,,,,,,,
,MMKI 2,1,2,8,28.0,1.0,,,,,,,,
,MMKI 2,1,2,9,28.0,1.0,,,,,,,,
,MMKI 2,1,3,10,27.0,1.0,,,,,,,,
,MMKI 2,1,3,11,27.0,1.0,,,,,,,,
,MMKI 2,1,3,12,27.0,1.0,,,,,,,,
,MMKI 2,1,3,13,27.0,1.0,,,,,,,,
,MMKI 2,1,3,14,0.0,,,,,,,,,
,MMKI 2,1,4,15,27.0,3.0,,,,,,,,
,MMKI 2,1,4,16,27.0,3.0,,,,,,,,
,MMKI 2,1,4,17,27.0,3.0,,,,,,,,
,MMKI 2,1,4,18,27.0,3.0,,,,,,,,
,MMKI 2,1,5,19,27.0,3.0,,,,,,,,
,MMKI 2,1,5,20,27.0,3.0,,,,,,,,
,MMKI 2,1,5,21,27.0,3.0,,,,,,,,
,MMKI 2,1,5,22,27.0,3.0,,,,,,,,
,MMKI 2,1,5,23,0.0,,,,,,,,,
,MMKI 2,1,6,24,27.0,3.0,,,,,,,,
,MMKI 2,1,6,25,27.0,3.0,,,,,,,,
,MMKI 2,1,6,26,27.0,3.0,,,,,,,,
,MMKI 2,1,6,27,27.0,3.0,,,,,,,,
,MMKI 2,1,6,28,0.0,,,,,,,,,
,MMKI 2,2,1,1,26.0,1.0,,,,,,,,
,MMKI 2,2,1,2,0.0,,,,,,,,,
,MMKI 2,2,1,3,0.0,,,,,,,,,
,MMKI 2,2,1,4,0.0,,,,,,,,,
,MMKI 2,2,2,5,28.0,1.0,,,,,,,,
,MMKI 2,2,2,6,28.0,1.0,,,,,,,,
,MMKI 2,2,2,7,28.0,1.0,,,,,,,,
,MMKI 2,2,2,8,28.0,1.0,,,,,,,,
,MMKI 2,2,2,9,28.0,1.0,,,,,,,,
,MMKI 2,2,3,10,27.0,3.0,,,,,,,,
,MMKI 2,2,3,11,27.0,3.0,,,,,,,,
,MMKI 2,2,3,12,27.0,3.0,,,,,,,,
,MMKI 2,2,3,13,27.0,3.0,,,,,,,,
,MMKI 2,2,3,14,0.0,,,,,,,,,
,MMKI 2,2,4,15,27.0,3.0,,,,,,,,
,MMKI 2,2,4,16,27.0,3.0,,,,,,,,
,MMKI 2,2,4,17,27.0,3.0,,,,,,,,
,MMKI 2,2,4,18,27.0,3.0,,,,,,,,
,MMKI 2,2,5,19,27.0,3.0,,,,,,,,
,MMKI 2,2,5,20,27.0,3.0,,,,,,,,
,MMKI 2,2,5,21,27.0,3.0,,,,,,,,
,MMKI 2,2,5,22,27.0,3.0,,,,,,,,
,MMKI 2,2,5,23,0.0,,,,,,,,,
,MMKI 2,2,6,24,27.0,3.0,,,,,,,,
,MMKI 2,2,6,25,27.0,3.0,,,,,,,,
,MMKI 2,2,6,26,27.0,3.0,,,,,,,,
,MMKI 2,2,6,27,27.0,3.0,,,,,,,,
,MMKI 2,2,6,28,0.0,,,,,,,,,
,MMKI 2,3,1,1,29.0,1.0,,,,,,,,
,MMKI 2,3,1,2,0.0,,,,,,,,,
,MMKI 2,3,1,3,0.0,,,,,,,,,
,MMKI 2,3,1,4,0.0,,,,,,,,,
,MMKI 2,3,2,5,28.0,1.0,,,,,,,,
,MMKI 2,3,2,6,28.0,1.0,,,,,,,,
,MMKI 2,3,2,7,28.0,1.0,,,,,,,,
,MMKI 2,3,2,8,28.0,1.0,,,,,,,,
,MMKI 2,3,2,9,28.0,1.0,,,,,,,,
,MMKI 2,3,3,10,27.0,3.0,,,,,,,,
,MMKI 2,3,3,11,27.0,3.0,,,,,,,,
,MMKI 2,3,3,12,27.0,3.0,,,,,,,,
,MMKI 2,3,3,13,27.0,3.0,,,,,,,,
,MMKI 2,3,3,14,0.0,,,,,,,,,
,MMKI 2,3,4,15,27.0,3.0,,,,,,,,
,MMKI 2,3,4,16,27.0,3.0,,,,,,,,
,MMKI 2,3,4,17,27.0,3.0,,,,,,,,
,MMKI 2,3,4,18,0.0,,,,,,,,,
,MMKI 2,3,5,19,27.0,3.0,,,,,,,,
,MMKI 2,3,5,20,27.0,3.0,,,,,,,,
,MMKI 2,3,5,21,27.0,3.0,,,,,,,,
,MMKI 2,3,5,22,27.0,3.0,,,,,,,,
,MMKI 2,3,5,23,0.0,,,,,,,,,
,MMKI 2,3,6,24,27.0,3.0,,,,,,,,
,MMKI 2,3,6,25,27.0,3.0,,,,,,,,
,MMKI 2,3,6,26,27.0,3.0,,,,,,,,
,MMKI 2,3,6,27,27.0,3.0,,,,,,,,
,MMKI 2,3,6,28,0.0,,,,,,,,,
,MMKI 2,4,1,1,28.0,1.0,,,,,,,,
,MMKI 2,4,1,2,28.0,1.0,,,,,,,,
,MMKI 2,4,1,3,28.0,1.0,,,,,,,,
,MMKI 2,4,1,4,0.0,,,,,,,,,
,MMKI 2,4,2,5,27.0,3.0,,,,,,,,
,MMKI 2,4,2,6,27.0,3.0,,,,,,,,
,MMKI 2,4,2,7,27.0,3.0,,,,,,,,
,MMKI 2,4,2,8,27.0,3.0,,,,,,,,
,MMKI 2,4,2,9,0.0,,,,,,,,,
,MMKI 2,4,3,10,27.0,3.0,,,,,,,,
,MMKI 2,4,3,11,27.0,3.0,,,,,,,,
,MMKI 2,4,3,12,27.0,3.0,,,,,,,,
,MMKI 2,4,3,13,27.0,3.0,,,,,,,,
,MMKI 2,4,3,14,0.0,,,,,,,,,
,MMKI 2,4,4,15,28.0,1.0,,,,,,,,
,MMKI 2,4,4,16,28.0,1.0,,,,,,,,
,MMKI 2,4,4,17,28.0,1.0,,,,,,,,
,MMKI 2,4,4,18,0.0,,,,,,,,,
,MMKI 2,4,5,19,27.0,3.0,,,,,,,,
,MMKI 2,4,5,20,27.0,3.0,,,,,,,,
,MMKI 2,4,5,21,27.0,3.0,,,,,,,,
,MMKI 2,4,5,22,27.0,3.0,,,,,,,,
,MMKI 2,4,5,23,0.0,,,,,,,,,
,MMKI 2,4,6,24,27.0,3.0,,,,,,,,
,MMKI 2,4,6,25,27.0,3.0,,,,,,,,
,MMKI 2,4,6,26,27.0,3.0,,,,,,,,
,MMKI 2,4,6,27,27.0,3.0,,,,,,,,
,MMKI 2,4,6,28,0.0,,,,,,,,,
,MMKI 2,5,1,1,28.0,3.0,,,,,,,,
,MMKI 2,5,1,2,28.0,3.0,,,,,,,,
,MMKI 2,5,1,3,28.0,3.0,,,,,,,,
,MMKI 2,5,1,4,0.0,,,,,,,,,
,MMKI 2,5,2,5,27.0,3.0,,,,,,,,
,MMKI 2,5,2,6,27.0,3.0,,,,,,,,
,MMKI 2,5,2,7,27.0,3.0,,,,,,,,
,MMKI 2,5,2,8,27.0,3.0,,,,,,,,
,MMKI 2,5,2,9,0.0,,,,,,,,,
,MMKI 2,5,3,10,27.0,3.0,,,,,,,,
,MMKI 2,5,3,11,27.0,3.0,,,,,,,,
,MMKI 2,5,3,12,27.0,3.0,,,,,,,,
,MMKI 2,5,3,13,27.0,3.0,,,,,,,,
,MMKI 2,5,3,14,0.0,,,,,,,,,
,MMKI 2,5,4,15,28.0,3.0,,,,,,,,
,MMKI 2,5,4,16,28.0,3.0,,,,,,,,
,MMKI 2,5,4,17,28.0,3.0,,,,,,,,
,MMKI 2,5,4,18,0.0,,,,,,,,,
,MMKI 2,5,5,19,27.0,3.0,,,,,,,,
,MMKI 2,5,5,20,27.0,3.0,,,,,,,,
,MMKI 2,5,5,21,27.0,3.0,,,,,,,,
,MMKI 2,5,5,22,27.0,3.0,,,,,,,,
,MMKI 2,5,5,23,0.0,,,,,,,,,
,MMKI 2,5,6,24,27.0,3.0,,,,,,,,
,MMKI 2,5,6,25,27.0,3.0,,,,,,,,
,MMKI 2,5,6,26,27.0,3.0,,,,,,,,
,MMKI 2,5,6,27,27.0,3.0,,,,,,,,
,MMKI 2,5,6,28,0.0,,,,,,,,,
,MMKI 2,6,1,1,28.0,1.0,,,,,,,,
,MMKI 2,6,1,2,28.0,1.0,,,,,,,,
,MMKI 2,6,1,3,28.0,1.0,,,,,,,,
,MMKI 2,6,1,4,0.0,,,,,,,,,
,MMKI 2,6,2,5,27.0,3.0,,,,,,,,
,MMKI 2,6,2,6,27.0,3.0,,,,,,,,
,MMKI 2,6,2,7,27.0,3.0,,,,,,,,
,MMKI 2,6,2,8,27.0,3.0,,,,,,,,
,MMKI 2,6,2,9,0.0,,,,,,,,,
,MMKI 2,6,3,10,27.0,3.0,,,,,,,,
,MMKI 2,6,3,11,27.0,3.0,,,,,,,,
,MMKI 2,6,3,12,27.0,3.0,,,,,,,,
,MMKI 2,6,3,13,27.0,3.0,,,,,,,,
,MMKI 2,6,3,14,0.0,,,,,,,,,
,MMKI 2,6,4,15,28.0,1.0,,,,,,,,
,MMKI 2,6,4,16,28.0,1.0,,,,,,,,
,MMKI 2,6,4,17,28.0,1.0,,,,,,,,
,MMKI 2,6,4,18,0.0,,,,,,,,,
,MMKI 2,6,5,19,27.0,2.0,,,,,,,,
,MMKI 2,6,5,20,27.0,2.0,,,,,,,,
,MMKI 2,6,5,21,27.0,2.0,,,,,,,,
,MMKI 2,6,5,22,27.0,2.0,,,,,,,,
,MMKI 2,6,5,23,0.0,,,,,,,,,
,MMKI 2,6,6,24,27.0,2.0,,,,,,,,
,MMKI 2,6,6,25,27.0,2.0,,,,,,,,
,MMKI 2,6,6,26,27.0,2.0,,,,,,,,
,MMKI 2,6,6,27,27.0,2.0,,,,,,,,
,MMKI 2,6,6,28,0.0,,,,,,,,,
,MMKI 2,7,1,1,28.0,1.0,,,,,,,,
,MMKI 2,7,1,2,28.0,1.0,,,,,,,,
,MMKI 2,7,1,3,28.0,1.0,,,,,,,,
,MMKI 2,7,1,4,0.0,,,,,,,,,
,MMKI 2,7,2,5,27.0,2.0,,,,,,,,
,MMKI 2,7,2,6,27.0,2.0,,,,,,,,
,MMKI 2,7,2,7,27.0,2.0,,,,,,,,
,MMKI 2,7,2,8,27.0,2.0,,,,,,,,
,MMKI 2,7,2,9,0.0,,,,,,,,,
,MMKI 2,7,3,10,27.0,2.0,,,,,,,,
,MMKI 2,7,3,11,27.0,2.0,,,,,,,,
,MMKI 2,7,3,12,27.0,2.0,,,,,,,,
,MMKI 2,7,3,13,27.0,2.0,,,,,,,,
,MMKI 2,7,3,14,0.0,,,,,,,,,
,MMKI 2,7,4,15,28.0,1.0,,,,,,,,
,MMKI 2,7,4,16,28.0,1.0,,,,,,,,
,MMKI 2,7,4,17,28.0,1.0,,,,,,,,
,MMKI 2,7,4,18,0.0,,,,,,,,,
,MMKI 2,7,5,19,27.0,2.0,,,,,,,,
,MMKI 2,7,5,20,27.0,2.0,,,,,,,,
,MMKI 2,7,5,21,27.0,2.0,,,,,,,,
,MMKI 2,7,5,22,27.0,2.0,,,,,,,,
,MMKI 2,7,5,23,0.0,,,,,,,,,
,MMKI 2,7,6,24,27.0,2.0,,,,,,,,
,MMKI 2,7,6,25,27.0,2.0,,,,,,,,
,MMKI 2,7,6,26,27.0,2.0,,,,,,,,
,MMKI 2,7,6,27,27.0,2.0,,,,,,,,
,MMKI 2,7,6,28,0.0,,,,,,,,,
,MMKI 2,8,1,1,28.0,1.0,,,,,,,,
,MMKI 2,8,1,2,28.0,1.0,,,,,,,,
,MMKI 2,8,1,3,28.0,1.0,,,,,,,,
,MMKI 2,8,1,4,0.0,,,,,,,,,
,MMKI 2,8,2,5,27.0,2.0,,,,,,,,
,MMKI 2,8,2,6,27.0,2.0,,,,,,,,
,MMKI 2,8,2,7,27.0,2.0,,,,,,,,
,MMKI 2,8,2,8,27.0,2.0,,,,,,,,
,MMKI 2,8,2,9,0.0,,,,,,,,,
,MMKI 2,8,3,10,27.0,2.0,,,,,,,,
,MMKI 2,8,3,11,27.0,2.0,,,,,,,,
,MMKI 2,8,3,12,27.0,2.0,,,,,,,,
,MMKI 2,8,3,13,27.0,2.0,,,,,,,,
,MMKI 2,8,3,14,0.0,,,,,,,,,
,MMKI 2,8,4,15,28.0,1.0,,,,,,,,
,MMKI 2,8,4,16,28.0,1.0,,,,,,,,
,MMKI 2,8,4,17,0.0,,,,,,,,,
,MMKI 2,8,4,18,0.0,,,,,,,,,
,MMKI 2,8,5,19,27.0,2.0,,,,,,,,
,MMKI 2,8,5,20,27.0,2.0,,,,,,,,
,MMKI 2,8,5,21,27.0,2.0,,,,,,,,
,MMKI 2,8,5,22,27.0,2.0,,,,,,,,
,MMKI 2,8,5,23,0.0,,,,,,,,,
,MMKI 2,8,6,24,27.0,2.0,,,,,,,,
,MMKI 2,8,6,25,27.0,2.0,,,,,,,,
,MMKI 2,8,6,26,27.0,2.0,,,,,,,,
,MMKI 2,8,6,27,27.0,2.0,,,,,,,,
,MMKI 2,8,6,28,0.0,,,,,,,,,
,MMKI 2,9,1,1,28.0,1.0,,,,,,,,
,MMKI 2,9,1,2,28.0,1.0,,,,,,,,
,MMKI 2,9,1,3,28.0,1.0,,,,,,,,
,MMKI 2,9,1,4,0.0,,,,,,,,,
,MMKI 2,9,2,5,27.0,2.0,,,,,,,,
,MMKI 2,9,2,6,27.0,2.0,,,,,,,,
,MMKI 2,9,2,7,27.0,2.0,,,,,,,,
,MMKI 2,9,2,8,27.0,2.0,,,,,,,,
,MMKI 2,9,2,9,0.0,,,,,,,,,
,MMKI 2,9,3,10,27.0,2.0,,,,,,,,
,MMKI 2,9,3,11,27.0,2.0,,,,,,,,
,MMKI 2,9,3,12,27.0,2.0,,,,,,,,
,MMKI 2,9,3,13,27.0,2.0,,,,,,,,
,MMKI 2,9,3,14,0.0,,,,,,,,,
,MMKI 2,9,4,15,28.0,1.0,,,,,,,,
,MMKI 2,9,4,16,28.0,1.0,,,,,,,,
,MMKI 2,9,4,17,0.0,,,,,,,,,
,MMKI 2,9,4,18,0.0,,,,,,,,,
,MMKI 2,9,5,19,27.0,2.0,,,,,,,,
,MMKI 2,9,5,20,27.0,2.0,,,,,,,,
,MMKI 2,9,5,21,27.0,2.0,,,,,,,,
,MMKI 2,9,5,22,27.0,2.0,,,,,,,,
,MMKI 2,9,5,23,0.0,,,,,,,,,
,MMKI 2,9,6,24,27.0,2.0,,,,,,,,
,MMKI 2,9,6,25,27.0,2.0,,,,,,,,
,MMKI 2,9,6,26,27.0,2.0,,,,,,,,
,MMKI 2,9,6,27,27.0,2.0,,,,,,,,
,MMKI 2,9,6,28,0.0,,,,,,,,,
,MMKI 2,10,1,1,28.0,1.0,,,,,,,,
,MMKI 2,10,1,2,28.0,1.0,,,,,,,,
,MMKI 2,10,1,3,28.0,1.0,,,,,,,,
,MMKI 2,10,1,4,0.0,,,,,,,,,
,MMKI 2,10,2,5,27.0,2.0,,,,,,,,
,MMKI 2,10,2,6,27.0,2.0,,,,,,,,
,MMKI 2,10,2,7,27.0,2.0,,,,,,,,
,MMKI 2,10,2,8,27.0,2.0,,,,,,,,
,MMKI 2,10,2,9,0.0,,,,,,,,,
,MMKI 2,10,3,10,27.0,2.0,,,,,,,,
,MMKI 2,10,3,11,27.0,2.0,,,,,,,,
,MMKI 2,10,3,12,27.0,2.0,,,,,,,,
,MMKI 2,10,3,13,27.0,2.0,,,,,,,,
,MMKI 2,10,3,14,0.0,,,,,,,,,
,MMKI 2,10,4,15,28.0,1.0,,,,,,,,
,MMKI 2,10,4,16,28.0,1.0,,,,,,,,
,MMKI 2,10,4,17,0.0,,,,,,,,,
,MMKI 2,10,4,18,0.0,,,,,,,,,
,MMKI 2,10,5,19,27.0,2.0,,,,,,,,
,MMKI 2,10,5,20,27.0,2.0,,,,,,,,
,MMKI 2,10,5,21,27.0,2.0,,,,,,,,
,MMKI 2,10,5,22,0.0,,,,,,,,,
,MMKI 2,10,5,23,0.0,,,,,,,,,
,MMKI 2,10,6,24,27.0,2.0,,,,,,,,
,MMKI 2,10,6,25,27.0,2.0,,,,,,,,
,MMKI 2,10,6,26,27.0,2.0,,,,,,,,
,MMKI 2,10,6,27,27.0,2.0,,,,,,,,
,MMKI 2,10,6,28,27.0,2.0,,,,,,,,
,MMKI 2,11,1,1,24.0,4.0,,,,,,,,
,MMKI 2,11,1,2,24.0,4.0,,,,,,,,
,MMKI 2,11,1,3,0.0,,,,,,,,,
,MMKI 2,11,1,4,0.0,,,,,,,,,
,MMKI 2,11,2,5,28.0,4.0,,,,,,,,
,MMKI 2,11,2,6,28.0,4.0,,,,,,,,
,MMKI 2,11,2,7,28.0,4.0,,,,,,,,
,MMKI 2,11,2,8,0.0,,,,,,,,,
,MMKI 2,11,2,9,0.0,,,,,,,,,
,MMKI 2,11,3,10,28.0,4.0,,,,,,,,
,MMKI 2,11,3,11,28.0,4.0,,,,,,,,
,MMKI 2,11,3,12,28.0,4.0,,,,,,,,
,MMKI 2,11,3,13,28.0,4.0,,,,,,,,
,MMKI 2,11,3,14,0.0,,,,,,,,,
,MMKI 2,11,4,15,28.0,4.0,,,,,,,,
,MMKI 2,11,4,16,28.0,4.0,,,,,,,,
,MMKI 2,11,4,17,28.0,4.0,,,,,,,,
,MMKI 2,11,4,18,28.0,4.0,,,,,,,,
,MMKI 2,11,5,19,28.0,4.0,,,,,,,,
,MMKI 2,11,5,20,28.0,4.0,,,,,,,,
,MMKI 2,11,5,21,28.0,4.0,,,,,,,,
,MMKI 2,11,5,22,28.0,4.0,,,,,,,,
,MMKI 2,11,5,23,0.0,,,,,,,,,
,MMKI 2,11,6,24,28.0,4.0,,,,,,,,
,MMKI 2,11,6,25,28.0,4.0,,,,,,,,
,MMKI 2,11,6,26,28.0,4.0,,,,,,,,
,MMKI 2,11,6,27,28.0,4.0,,,,,,,,
,MMKI 2,11,6,28,0.0,,,,,,,,,
,MMKI 2,12,1,1,26.0,4.0,,,,,,,,
,MMKI 2,12,1,2,0.0,,,,,,,,,
,MMKI 2,12,1,3,0.0,,,,,,,,,
,MMKI 2,12,1,4,0.0,,,,,,,,,
,MMKI 2,12,2,5,28.0,4.0,,,,,,,,
,MMKI 2,12,2,6,28.0,4.0,,,,,,,,
,MMKI 2,12,2,7,28.0,4.0,,,,,,,,
,MMKI 2,12,2,8,28.0,4.0,,,,,,,,
,MMKI 2,12,2,9,0.0,,,,,,,,,
,MMKI 2,12,3,10,28.0,4.0,,,,,,,,
,MMKI 2,12,3,11,28.0,4.0,,,,,,,,
,MMKI 2,12,3,12,28.0,4.0,,,,,,,,
,MMKI 2,12,3,13,28.0,4.0,,,,,,,,
,MMKI 2,12,3,14,0.0,,,,,,,,,
,MMKI 2,12,4,15,28.0,4.0,,,,,,,,
,MMKI 2,12,4,16,28.0,4.0,,,,,,,,
,MMKI 2,12,4,17,28.0,4.0,,,,,,,,
,MMKI 2,12,4,18,28.0,4.0,,,,,,,,
,MMKI 2,12,5,19,28.0,4.0,,,,,,,,
,MMKI 2,12,5,20,28.0,4.0,,,,,,,,
,MMKI 2,12,5,21,28.0,4.0,,,,,,,,
,MMKI 2,12,5,22,28.0,4.0,,,,,,,,
,MMKI 2,12,5,23,0.0,,,,,,,,,
,MMKI 2,12,6,24,28.0,4.0,,,,,,,,
,MMKI 2,12,6,25,28.0,4.0,,,,,,,,
,MMKI 2,12,6,26,28.0,4.0,,,,,,,,
,MMKI 2,12,6,27,28.0,4.0,,,,,,,,
,MMKI 2,12,6,28,0.0,,,,,,,,,
,MMKI 2,13,1,1,28.0,4.0,,,,,,,,
,MMKI 2,13,1,2,28.0,4.0,,,,,,,,
,MMKI 2,13,1,3,28.0,4.0,,,,,,,,
,MMKI 2,13,1,4,0.0,,,,,,,,,
,MMKI 2,13,2,5,28.0,4.0,,,,,,,,
,MMKI 2,13,2,6,28.0,4.0,,,,,,,,
,MMKI 2,13,2,7,28.0,4.0,,,,,,,,
,MMKI 2,13,2,8,0.0,,,,,,,,,
,MMKI 2,13,2,9,0.0,,,,,,,,,
,MMKI 2,13,3,10,28.0,4.0,,,,,,,,
,MMKI 2,13,3,11,28.0,4.0,,,,,,,,
,MMKI 2,13,3,12,28.0,4.0,,,,,,,,
,MMKI 2,13,3,13,28.0,4.0,,,,,,,,
,MMKI 2,13,3,14,0.0,,,,,,,,,
,MMKI 2,13,4,15,28.0,4.0,,,,,,,,
,MMKI 2,13,4,16,28.0,4.0,,,,,,,,
,MMKI 2,13,4,17,28.0,4.0,,,,,,,,
,MMKI 2,13,4,18,0.0,,,,,,,,,
,MMKI 2,13,5,19,28.0,4.0,,,,,,,,
,MMKI 2,13,5,20,28.0,4.0,,,,,,,,
,MMKI 2,13,5,21,28.0,4.0,,,,,,,,
,MMKI 2,13,5,22,28.0,4.0,,,,,,,,
,MMKI 2,13,5,23,0.0,,,,,,,,,
,MMKI 2,13,6,24,28.0,4.0,,,,,,,,
,MMKI 2,13,6,25,28.0,4.0,,,,,,,,
,MMKI 2,13,6,26,28.0,4.0,,,,,,,,
,MMKI 2,13,6,27,28.0,4.0,,,,,,,,
,MMKI 2,13,6,28,0.0,,,,,,,,,
,MMKI 2,14,1,1,24.0,5.0,,,,,,,,
,MMKI 2,14,1,2,0.0,,,,,,,,,
,MMKI 2,14,1,3,0.0,,,,,,,,,
,MMKI 2,14,1,4,0.0,,,,,,,,,
,MMKI 2,14,2,5,27.0,5.0,,,,,,,,
,MMKI 2,14,2,6,27.0,5.0,,,,,,,,
,MMKI 2,14,2,7,27.0,5.0,,,,,,,,
,MMKI 2,14,2,8,27.0,5.0,,,,,,,,
,MMKI 2,14,2,9,27.0,5.0,,,,,,,,
,MMKI 2,14,3,10,27.0,5.0,,,,,,,,
,MMKI 2,14,3,11,27.0,5.0,,,,,,,,
,MMKI 2,14,3,12,27.0,5.0,,,,,,,,
,MMKI 2,14,3,13,27.0,5.0,,,,,,,,
,MMKI 2,14,3,14,27.0,5.0,,,,,,,,
,MMKI 2,14,4,15,27.0,5.0,,,,,,,,
,MMKI 2,14,4,16,27.0,5.0,,,,,,,,
,MMKI 2,14,4,17,27.0,5.0,,,,,,,,
,MMKI 2,14,4,18,27.0,5.0,,,,,,,,
,MMKI 2,14,5,19,27.0,5.0,,,,,,,,
,MMKI 2,14,5,20,27.0,5.0,,,,,,,,
,MMKI 2,14,5,21,27.0,5.0,,,,,,,,
,MMKI 2,14,5,22,27.0,5.0,,,,,,,,
,MMKI 2,14,5,23,27.0,5.0,,,,,,,,
,MMKI 2,14,6,24,27.0,5.0,,,,,,,,
,MMKI 2,14,6,25,27.0,5.0,,,,,,,,
,MMKI 2,14,6,26,27.0,5.0,,,,,,,,
,MMKI 2,14,6,27,27.0,5.0,,,,,,,,
,MMKI 2,14,6,28,27.0,5.0,,,,,,,,
,MMKI 2,15,1,1,26.0,5.0,,,,,,,,
,MMKI 2,15,1,2,0.0,,,,,,,,,
,MMKI 2,15,1,3,0.0,,,,,,,,,
,MMKI 2,15,1,4,0.0,,,,,,,,,
,MMKI 2,15,2,5,27.0,5.0,,,,,,,,
,MMKI 2,15,2,6,27.0,5.0,,,,,,,,
,MMKI 2,15,2,7,27.0,5.0,,,,,,,,
,MMKI 2,15,2,8,27.0,5.0,,,,,,,,
,MMKI 2,15,2,9,27.0,5.0,,,,,,,,
,MMKI 2,15,3,10,27.0,5.0,,,,,,,,
,MMKI 2,15,3,11,27.0,5.0,,,,,,,,
,MMKI 2,15,3,12,27.0,5.0,,,,,,,,
,MMKI 2,15,3,13,27.0,5.0,,,,,,,,
,MMKI 2,15,3,14,27.0,5.0,,,,,,,,
,MMKI 2,15,4,15,27.0,5.0,,,,,,,,
,MMKI 2,15,4,16,27.0,5.0,,,,,,,,
,MMKI 2,15,4,17,27.0,5.0,,,,,,,,
,MMKI 2,15,4,18,27.0,5.0,,,,,,,,
,MMKI 2,15,5,19,27.0,5.0,,,,,,,,
,MMKI 2,15,5,20,27.0,5.0,,,,,,,,
,MMKI 2,15,5,21,27.0,5.0,,,,,,,,
,MMKI 2,15,5,22,27.0,5.0,,,,,,,,
,MMKI 2,15,5,23,27.0,5.0,,,,,,,,
,MMKI 2,15,6,24,27.0,5.0,,,,,,,,
,MMKI 2,15,6,25,27.0,5.0,,,,,,,,
,MMKI 2,15,6,26,27.0,5.0,,,,,,,,
,MMKI 2,15,6,27,27.0,5.0,,,,,,,,
,MMKI 2,15,6,28,27.0,5.0,,,,,,,,
,MMKI 2,16,1,1,27.0,5.0,,,,,,,,
,MMKI 2,16,1,2,27.0,5.0,,,,,,,,
,MMKI 2,16,1,3,27.0,5.0,,,,,,,,
,MMKI 2,16,1,4,27.0,5.0,,,,,,,,
,MMKI 2,16,2,5,27.0,5.0,,,,,,,,
,MMKI 2,16,2,6,27.0,5.0,,,,,,,,
,MMKI 2,16,2,7,27.0,5.0,,,,,,,,
,MMKI 2,16,2,8,27.0,5.0,,,,,,,,
,MMKI 2,16,2,9,0.0,,,,,,,,,
,MMKI 2,16,3,10,27.0,5.0,,,,,,,,
,MMKI 2,16,3,11,27.0,5.0,,,,,,,,
,MMKI 2,16,3,12,27.0,5.0,,,,,,,,
,MMKI 2,16,3,13,27.0,5.0,,,,,,,,
,MMKI 2,16,3,14,0.0,,,,,,,,,
,MMKI 2,16,4,15,27.0,5.0,,,,,,,,
,MMKI 2,16,4,16,27.0,5.0,,,,,,,,
,MMKI 2,16,4,17,27.0,5.0,,,,,,,,
,MMKI 2,16,4,18,27.0,5.0,,,,,,,,
,MMKI 2,16,5,19,27.0,5.0,,,,,,,,
,MMKI 2,16,5,20,27.0,5.0,,,,,,,,
,MMKI 2,16,5,21,27.0,5.0,,,,,,,,
,MMKI 2,16,5,22,27.0,5.0,,,,,,,,
,MMKI 2,16,5,23,0.0,,,,,,,,,
,MMKI 2,16,6,24,27.0,5.0,,,,,,,,
,MMKI 2,16,6,25,27.0,5.0,,,,,,,,
,MMKI 2,16,6,26,27.0,5.0,,,,,,,,
,MMKI 2,16,6,27,27.0,5.0,,,,,,,,
,MMKI 2,16,6,28,0.0,,,,,,,,,
,MMKI 2,17,1,1,28.0,5.0,,,,,,,,
,MMKI 2,17,1,2,28.0,5.0,,,,,,,,
,MMKI 2,17,1,3,28.0,5.0,,,,,,,,
,MMKI 2,17,1,4,0.0,,,,,,,,,
,MMKI 2,17,2,5,0.0,,,,,,,,,
,MMKI 2,17,2,6,27.0,5.0,,,,,,,,
,MMKI 2,17,2,7,27.0,5.0,,,,,,,,
,MMKI 2,17,2,8,27.0,5.0,,,,,,,,
,MMKI 2,17,2,9,27.0,5.0,,,,,,,,
,MMKI 2,17,3,10,27.0,5.0,,,,,,,,
,MMKI 2,17,3,11,27.0,5.0,,,,,,,,
,MMKI 2,17,3,12,27.0,5.0,,,,,,,,
,MMKI 2,17,3,13,27.0,5.0,,,,,,,,
,MMKI 2,17,3,14,0.0,,,,,,,,,
,MMKI 2,17,4,15,27.0,5.0,,,,,,,,
,MMKI 2,17,4,16,27.0,5.0,,,,,,,,
,MMKI 2,17,4,17,27.0,5.0,,,,,,,,
,MMKI 2,17,4,18,27.0,5.0,,,,,,,,
,MMKI 2,17,5,19,27.0,5.0,,,,,,,,
,MMKI 2,17,5,20,27.0,5.0,,,,,,,,
,MMKI 2,17,5,21,27.0,5.0,,,,,,,,
,MMKI 2,17,5,22,27.0,5.0,,,,,,,,
,MMKI 2,17,5,23,27.0,5.0,,,,,,,,
,MMKI 2,17,6,24,27.0,5.0,,,,,,,,
,MMKI 2,17,6,25,27.0,5.0,,,,,,,,
,MMKI 2,17,6,26,27.0,5.0,,,,,,,,
,MMKI 2,17,6,27,27.0,5.0,,,,,,,,
,MMKI 2,17,6,28,0.0,,,,,,,,,
,MMKI 3,1,1,1,18.0,1.0,,,,,,,,
,MMKI 3,1,1,2,18.0,1.0,,,,,,,,
,MMKI 3,1,1,3,18.0,1.0,,,,,,,,
,MMKI 3,1,2,4,18.0,1.0,,,,,,,,
,MMKI 3,1,2,5,18.0,1.0,,,,,,,,
,MMKI 3,1,2,6,,,,,,,,,,
,MMKI 3,1,3,7,19.0,1.0,,,,,,,,
,MMKI 3,1,3,8,19.0,1.0,,,,,,,,
,MMKI 3,1,3,9,19.0,1.0,,,,,,,,
,MMKI 3,1,4,10,19.0,1.0,,,,,,,,
,MMKI 3,1,4,11,19.0,1.0,,,,,,,,
,MMKI 3,1,4,12,,,,,,,,,,
,MMKI 3,1,5,13,20.0,2.0,,,,,,,,
,MMKI 3,1,5,14,20.0,2.0,,,,,,,,
,MMKI 3,1,5,15,,,,,,,,,,
,MMKI 3,1,6,16,20.0,2.0,,,,,,,,
,MMKI 3,1,6,17,20.0,2.0,,,,,,,,
,MMKI 3,1,6,18,,,,,,,,,,
,MMKI 3,1,7,19,20.0,2.0,,,,,,,,
,MMKI 3,1,7,20,20.0,2.0,,,,,,,,
,MMKI 3,1,7,21,,,,,,,,,,
,MMKI 3,2,1,1,18.0,1.0,,,,,,,,
,MMKI 3,2,1,2,18.0,1.0,,,,,,,,
,MMKI 3,2,1,3,18.0,1.0,,,,,,,,
,MMKI 3,2,2,4,18.0,1.0,,,,,,,,
,MMKI 3,2,2,5,18.0,1.0,,,,,,,,
,MMKI 3,2,2,6,,,,,,,,,,
,MMKI 3,2,3,7,19.0,1.0,,,,,,,,
,MMKI 3,2,3,8,19.0,1.0,,,,,,,,
,MMKI 3,2,3,9,19.0,1.0,,,,,,,,
,MMKI 3,2,4,10,19.0,1.0,,,,,,,,
,MMKI 3,2,4,11,19.0,1.0,,,,,,,,
,MMKI 3,2,4,12,,,,,,,,,,
,MMKI 3,2,5,13,20.0,2.0,,,,,,,,
,MMKI 3,2,5,14,20.0,2.0,,,,,,,,
,MMKI 3,2,5,15,,,,,,,,,,
,MMKI 3,2,6,16,20.0,2.0,,,,,,,,
,MMKI 3,2,6,17,20.0,2.0,,,,,,,,
,MMKI 3,2,6,18,,,,,,,,,,
,MMKI 3,2,7,19,20.0,2.0,,,,,,,,
,MMKI 3,2,7,20,20.0,2.0,,,,,,,,
,MMKI 3,2,7,21,,,,,,,,,,
,MMKI 3,3,1,1,18.0,1.0,,,,,,,,
,MMKI 3,3,1,2,18.0,1.0,,,,,,,,
,MMKI 3,3,1,3,18.0,1.0,,,,,,,,
,MMKI 3,3,2,4,18.0,1.0,,,,,,,,
,MMKI 3,3,2,5,18.0,1.0,,,,,,,,
,MMKI 3,3,2,6,,,,,,,,,,
,MMKI 3,3,3,7,19.0,1.0,,,,,,,,
,MMKI 3,3,3,8,19.0,1.0,,,,,,,,
,MMKI 3,3,3,9,19.0,1.0,,,,,,,,
,MMKI 3,3,4,10,19.0,1.0,,,,,,,,
,MMKI 3,3,4,11,19.0,1.0,,,,,,,,
,MMKI 3,3,4,12,,,,,,,,,,
,MMKI 3,3,5,13,20.0,2.0,,,,,,,,
,MMKI 3,3,5,14,20.0,2.0,,,,,,,,
,MMKI 3,3,5,15,,,,,,,,,,
,MMKI 3,3,6,16,20.0,2.0,,,,,,,,
,MMKI 3,3,6,17,20.0,2.0,,,,,,,,
,MMKI 3,3,6,18,,,,,,,,,,
,MMKI 3,3,7,19,20.0,2.0,,,,,,,,
,MMKI 3,3,7,20,20.0,2.0,,,,,,,,
,MMKI 3,3,7,21,,,,,,,,,,
,MMKI 3,4,1,1,18.0,1.0,,,,,,,,
,MMKI 3,4,1,2,18.0,1.0,,,,,,,,
,MMKI 3,4,1,3,18.0,1.0,,,,,,,,
,MMKI 3,4,2,4,18.0,1.0,,,,,,,,
,MMKI 3,4,2,5,18.0,1.0,,,,,,,,
,MMKI 3,4,2,6,18.0,1.0,,,,,,,,
,MMKI 3,4,3,7,19.0,1.0,,,,,,,,
,MMKI 3,4,3,8,19.0,1.0,,,,,,,,
,MMKI 3,4,3,9,,,,,,,,,,
,MMKI 3,4,4,10,19.0,1.0,,,,,,,,
,MMKI 3,4,4,11,19.0,1.0,,,,,,,,
,MMKI 3,4,4,12,,,,,,,,,,
,MMKI 3,4,5,13,20.0,2.0,,,,,,,,
,MMKI 3,4,5,14,20.0,2.0,,,,,,,,
,MMKI 3,4,5,15,,,,,,,,,,
,MMKI 3,4,6,16,20.0,2.0,,,,,,,,
,MMKI 3,4,6,17,20.0,2.0,,,,,,,,
,MMKI 3,4,6,18,,,,,,,,,,
,MMKI 3,4,7,19,20.0,2.0,,,,,,,,
,MMKI 3,4,7,20,20.0,2.0,,,,,,,,
,MMKI 3,4,7,21,,,,,,,,,,
,MMKI 3,5,1,1,18.0,1.0,,,,,,,,
,MMKI 3,5,1,2,18.0,1.0,,,,,,,,
,MMKI 3,5,1,3,18.0,1.0,,,,,,,,
,MMKI 3,5,2,4,18.0,1.0,,,,,,,,
,MMKI 3,5,2,5,18.0,1.0,,,,,,,,
,MMKI 3,5,2,6,18.0,1.0,,,,,,,,
,MMKI 3,5,3,7,19.0,1.0,,,,,,,,
,MMKI 3,5,3,8,19.0,1.0,,,,,,,,
,MMKI 3,5,3,9,,,,,,,,,,
,MMKI 3,5,4,10,19.0,1.0,,,,,,,,
,MMKI 3,5,4,11,19.0,1.0,,,,,,,,
,MMKI 3,5,4,12,,,,,,,,,,
,MMKI 3,5,5,13,20.0,2.0,,,,,,,,
,MMKI 3,5,5,14,20.0,2.0,,,,,,,,
,MMKI 3,5,5,15,,,,,,,,,,
,MMKI 3,5,6,16,20.0,2.0,,,,,,,,
,MMKI 3,5,6,17,20.0,2.0,,,,,,,,
,MMKI 3,5,6,18,,,,,,,,,,
,MMKI 3,5,7,19,20.0,2.0,,,,,,,,
,MMKI 3,5,7,20,20.0,2.0,,,,,,,,
,MMKI 3,5,7,21,,,,,,,,,,
,MMKI 3,6,1,1,18.0,1.0,,,,,,,,
,MMKI 3,6,1,2,18.0,1.0,,,,,,,,
,MMKI 3,6,1,3,18.0,1.0,,,,,,,,
,MMKI 3,6,2,4,18.0,1.0,,,,,,,,
,MMKI 3,6,2,5,18.0,1.0,,,,,,,,
,MMKI 3,6,2,6,18.0,1.0,,,,,,,,
,MMKI 3,6,3,7,19.0,1.0,,,,,,,,
,MMKI 3,6,3,8,19.0,1.0,,,,,,,,
,MMKI 3,6,3,9,,,,,,,,,,
,MMKI 3,6,4,10,19.0,1.0,,,,,,,,
,MMKI 3,6,4,11,19.0,1.0,,,,,,,,
,MMKI 3,6,4,12,,,,,,,,,,
,MMKI 3,6,5,13,20.0,2.0,,,,,,,,
,MMKI 3,6,5,14,20.0,2.0,,,,,,,,
,MMKI 3,6,5,15,,,,,,,,,,
,MMKI 3,6,6,16,20.0,2.0,,,,,,,,
,MMKI 3,6,6,17,20.0,2.0,,,,,,,,
,MMKI 3,6,6,18,,,,,,,,,,
,MMKI 3,6,7,19,20.0,2.0,,,,,,,,
,MMKI 3,6,7,20,20.0,2.0,,,,,,,,
,MMKI 3,6,7,21,,,,,,,,,,
,MMKI 3,7,1,1,18.0,1.0,,,,,,,,
,MMKI 3,7,1,2,18.0,1.0,,,,,,,,
,MMKI 3,7,1,3,18.0,1.0,,,,,,,,
,MMKI 3,7,2,4,18.0,1.0,,,,,,,,
,MMKI 3,7,2,5,18.0,1.0,,,,,,,,
,MMKI 3,7,2,6,18.0,1.0,,,,,,,,
,MMKI 3,7,3,7,19.0,1.0,,,,,,,,
,MMKI 3,7,3,8,19.0,1.0,,,,,,,,
,MMKI 3,7,3,9,,,,,,,,,,
,MMKI 3,7,4,10,19.0,1.0,,,,,,,,
,MMKI 3,7,4,11,19.0,1.0,,,,,,,,
,MMKI 3,7,4,12,,,,,,,,,,
,MMKI 3,7,5,13,20.0,2.0,,,,,,,,
,MMKI 3,7,5,14,20.0,2.0,,,,,,,,
,MMKI 3,7,5,15,,,,,,,,,,
,MMKI 3,7,6,16,20.0,2.0,,,,,,,,
,MMKI 3,7,6,17,20.0,2.0,,,,,,,,
,MMKI 3,7,6,18,,,,,,,,,,
,MMKI 3,7,7,19,20.0,2.0,,,,,,,,
,MMKI 3,7,7,20,20.0,2.0,,,,,,,,
,MMKI 3,7,7,21,,,,,,,,,,
,MMKI 3,8,1,1,18.0,1.0,,,,,,,,
,MMKI 3,8,1,2,18.0,1.0,,,,,,,,
,MMKI 3,8,1,3,18.0,1.0,,,,,,,,
,MMKI 3,8,2,4,18.0,1.0,,,,,,,,
,MMKI 3,8,2,5,18.0,1.0,,,,,,,,
,MMKI 3,8,2,6,18.0,1.0,,,,,,,,
,MMKI 3,8,3,7,19.0,1.0,,,,,,,,
,MMKI 3,8,3,8,19.0,1.0,,,,,,,,
,MMKI 3,8,3,9,,,,,,,,,,
,MMKI 3,8,4,10,19.0,1.0,,,,,,,,
,MMKI 3,8,4,11,19.0,1.0,,,,,,,,
,MMKI 3,8,4,12,,,,,,,,,,
,MMKI 3,8,5,13,20.0,2.0,,,,,,,,
,MMKI 3,8,5,14,20.0,2.0,,,,,,,,
,MMKI 3,8,5,15,,,,,,,,,,
,MMKI 3,8,6,16,20.0,2.0,,,,,,,,
,MMKI 3,8,6,17,20.0,2.0,,,,,,,,
,MMKI 3,8,6,18,,,,,,,,,,
,MMKI 3,8,7,19,20.0,2.0,,,,,,,,
,MMKI 3,8,7,20,20.0,2.0,,,,,,,,
,MMKI 3,8,7,21,,,,,,,,,,
,MMKI 3,9,1,1,18.0,2.0,,,,,,,,
,MMKI 3,9,1,2,18.0,2.0,,,,,,,,
,MMKI 3,9,1,3,18.0,2.0,,,,,,,,
,MMKI 3,9,2,4,18.0,1.0,,,,,,,,
,MMKI 3,9,2,5,18.0,1.0,,,,,,,,
,MMKI 3,9,2,6,,,,,,,,,,
,MMKI 3,9,3,7,19.0,1.0,,,,,,,,
,MMKI 3,9,3,8,19.0,1.0,,,,,,,,
,MMKI 3,9,3,9,,,,,,,,,,
,MMKI 3,9,4,10,19.0,1.0,,,,,,,,
,MMKI 3,9,4,11,19.0,1.0,,,,,,,,
,MMKI 3,9,4,12,,,,,,,,,,
,MMKI 3,9,5,13,20.0,1.0,,,,,,,,
,MMKI 3,9,5,14,20.0,1.0,,,,,,,,
,MMKI 3,9,5,15,,,,,,,,,,
,MMKI 3,9,6,16,20.0,1.0,,,,,,,,
,MMKI 3,9,6,17,20.0,1.0,,,,,,,,
,MMKI 3,9,6,18,,,,,,,,,,
,MMKI 3,9,7,19,20.0,1.0,,,,,,,,
,MMKI 3,9,7,20,20.0,1.0,,,,,,,,
,MMKI 3,9,7,21,,,,,,,,,,
,MMKI 3,10,1,1,18.0,2.0,,,,,,,,
,MMKI 3,10,1,2,18.0,2.0,,,,,,,,
,MMKI 3,10,1,3,18.0,2.0,,,,,,,,
,MMKI 3,10,2,4,18.0,2.0,,,,,,,,
,MMKI 3,10,2,5,18.0,2.0,,,,,,,,
,MMKI 3,10,2,6,,,,,,,,,,
,MMKI 3,10,3,7,19.0,1.0,,,,,,,,
,MMKI 3,10,3,8,19.0,1.0,,,,,,,,
,MMKI 3,10,3,9,,,,,,,,,,
,MMKI 3,10,4,10,19.0,1.0,,,,,,,,
,MMKI 3,10,4,11,19.0,1.0,,,,,,,,
,MMKI 3,10,4,12,,,,,,,,,,
,MMKI 3,10,5,13,20.0,1.0,,,,,,,,
,MMKI 3,10,5,14,20.0,1.0,,,,,,,,
,MMKI 3,10,5,15,,,,,,,,,,
,MMKI 3,10,6,16,20.0,1.0,,,,,,,,
,MMKI 3,10,6,17,20.0,1.0,,,,,,,,
,MMKI 3,10,6,18,,,,,,,,,,
,MMKI 3,10,7,19,20.0,1.0,,,,,,,,
,MMKI 3,10,7,20,20.0,1.0,,,,,,,,
,MMKI 3,10,7,21,,,,,,,,,,
,MMKI 3,11,1,1,18.0,2.0,,,,,,,,
,MMKI 3,11,1,2,18.0,2.0,,,,,,,,
,MMKI 3,11,1,3,18.0,2.0,,,,,,,,
,MMKI 3,11,2,4,18.0,2.0,,,,,,,,
,MMKI 3,11,2,5,18.0,2.0,,,,,,,,
,MMKI 3,11,2,6,,,,,,,,,,
,MMKI 3,11,3,7,19.0,2.0,,,,,,,,
,MMKI 3,11,3,8,19.0,2.0,,,,,,,,
,MMKI 3,11,3,9,,,,,,,,,,
,MMKI 3,11,4,10,19.0,2.0,,,,,,,,
,MMKI 3,11,4,11,19.0,2.0,,,,,,,,
,MMKI 3,11,4,12,,,,,,,,,,
,MMKI 3,11,5,13,20.0,1.0,,,,,,,,
,MMKI 3,11,5,14,20.0,1.0,,,,,,,,
,MMKI 3,11,5,15,,,,,,,,,,
,MMKI 3,11,6,16,20.0,1.0,,,,,,,,
,MMKI 3,11,6,17,20.0,1.0,,,,,,,,
,MMKI 3,11,6,18,,,,,,,,,,
,MMKI 3,11,7,19,20.0,1.0,,,,,,,,
,MMKI 3,11,7,20,20.0,1.0,,,,,,,,
,MMKI 3,11,7,21,,,,,,,,,,
,MMKI 3,12,1,1,18.0,2.0,,,,,,,,
,MMKI 3,12,1,2,18.0,2.0,,,,,,,,
,MMKI 3,12,1,3,18.0,2.0,,,,,,,,
,MMKI 3,12,2,4,18.0,2.0,,,,,,,,
,MMKI 3,12,2,5,18.0,2.0,,,,,,,,
,MMKI 3,12,2,6,,,,,,,,,,
,MMKI 3,12,3,7,19.0,1.0,,,,,,,,
,MMKI 3,12,3,8,19.0,1.0,,,,,,,,
,MMKI 3,12,3,9,19.0,1.0,,,,,,,,
,MMKI 3,12,4,10,19.0,2.0,,,,,,,,
,MMKI 3,12,4,11,19.0,2.0,,,,,,,,
,MMKI 3,12,4,12,,,,,,,,,,
,MMKI 3,12,5,13,20.0,1.0,,,,,,,,
,MMKI 3,12,5,14,,,,,,,,,,
,MMKI 3,12,5,15,,,,,,,,,,
,MMKI 3,12,6,16,20.0,1.0,,,,,,,,
,MMKI 3,12,6,17,20.0,1.0,,,,,,,,
,MMKI 3,12,6,18,,,,,,,,,,
,MMKI 3,12,7,19,20.0,1.0,,,,,,,,
,MMKI 3,12,7,20,20.0,1.0,,,,,,,,
,MMKI 3,12,7,21,,,,,,,,,,
,MMKI 3,13,1,1,19.0,1.0,,,,,,,,
,MMKI 3,13,1,2,19.0,1.0,,,,,,,,
,MMKI 3,13,1,3,19.0,1.0,,,,,,,,
,MMKI 3,13,2,4,19.0,1.0,,,,,,,,
,MMKI 3,13,2,5,19.0,1.0,,,,,,,,
,MMKI 3,13,2,6,,,,,,,,,,
,MMKI 3,13,3,7,19.0,1.0,,,,,,,,
,MMKI 3,13,3,8,19.0,1.0,,,,,,,,
,MMKI 3,13,3,9,19.0,1.0,,,,,,,,
,MMKI 3,13,4,10,19.0,1.0,,,,,,,,
,MMKI 3,13,4,11,19.0,1.0,,,,,,,,
,MMKI 3,13,4,12,,,,,,,,,,
,MMKI 3,13,5,13,20.0,1.0,,,,,,,,
,MMKI 3,13,5,14,20.0,1.0,,,,,,,,
,MMKI 3,13,5,15,20.0,1.0,,,,,,,,
,MMKI 3,13,6,16,20.0,1.0,,,,,,,,
,MMKI 3,13,6,17,20.0,1.0,,,,,,,,
,MMKI 3,13,6,18,,,,,,,,,,
,MMKI 3,13,7,19,20.0,2.0,,,,,,,,
,MMKI 3,13,7,20,20.0,2.0,,,,,,,,
,MMKI 3,13,7,21,,,,,,,,,,
,MMKI 3,14,1,1,19.0,1.0,,,,,,,,
,MMKI 3,14,1,2,19.0,1.0,,,,,,,,
,MMKI 3,14,1,3,19.0,1.0,,,,,,,,
,MMKI 3,14,2,4,19.0,1.0,,,,,,,,
,MMKI 3,14,2,5,19.0,1.0,,,,,,,,
,MMKI 3,14,2,6,,,,,,,,,,
,MMKI 3,14,3,7,19.0,1.0,,,,,,,,
,MMKI 3,14,3,8,19.0,1.0,,,,,,,,
,MMKI 3,14,3,9,19.0,1.0,,,,,,,,
,MMKI 3,14,4,10,19.0,1.0,,,,,,,,
,MMKI 3,14,4,11,19.0,1.0,,,,,,,,
,MMKI 3,14,4,12,,,,,,,,,,
,MMKI 3,14,5,13,20.0,1.0,,,,,,,,
,MMKI 3,14,5,14,20.0,1.0,,,,,,,,
,MMKI 3,14,5,15,20.0,1.0,,,,,,,,
,MMKI 3,14,6,16,20.0,1.0,,,,,,,,
,MMKI 3,14,6,17,20.0,1.0,,,,,,,,
,MMKI 3,14,6,18,,,,,,,,,,
,MMKI 3,14,7,19,20.0,2.0,,,,,,,,
,MMKI 3,14,7,20,20.0,2.0,,,,,,,,
,MMKI 3,14,7,21,,,,,,,,,,
,MMKI 3,15,1,1,18.0,1.0,,,,,,,,
,MMKI 3,15,1,2,18.0,1.0,,,,,,,,
,MMKI 3,15,1,3,18.0,1.0,,,,,,,,
,MMKI 3,15,2,4,18.0,1.0,,,,,,,,
,MMKI 3,15,2,5,18.0,1.0,,,,,,,,
,MMKI 3,15,2,6,,,,,,,,,,
,MMKI 3,15,3,7,18.0,1.0,,,,,,,,
,MMKI 3,15,3,8,18.0,1.0,,,,,,,,
,MMKI 3,15,3,9,,,,,,,,,,
,MMKI 3,15,4,10,19.0,1.0,,,,,,,,
,MMKI 3,15,4,11,19.0,1.0,,,,,,,,
,MMKI 3,15,4,12,19.0,1.0,,,,,,,,
,MMKI 3,15,5,13,19.0,1.0,,,,,,,,
,MMKI 3,15,5,14,19.0,1.0,,,,,,,,
,MMKI 3,15,5,15,,,,,,,,,,
,MMKI 3,15,6,16,19.0,1.0,,,,,,,,
,MMKI 3,15,6,17,19.0,1.0,,,,,,,,
,MMKI 3,15,6,18,,,,,,,,,,
,MMKI 3,15,7,19,20.0,1.0,,,,,,,,
,MMKI 3,15,7,20,20.0,1.0,,,,,,,,
,MMKI 3,15,7,21,20.0,1.0,,,,,,,,
,MMKI 3,16,1,1,18.0,1.0,,,,,,,,
,MMKI 3,16,1,2,18.0,1.0,,,,,,,,
,MMKI 3,16,1,3,18.0,1.0,,,,,,,,
,MMKI 3,16,2,4,18.0,1.0,,,,,,,,
,MMKI 3,16,2,5,18.0,1.0,,,,,,,,
,MMKI 3,16,2,6,,,,,,,,,,
,MMKI 3,16,3,7,18.0,1.0,,,,,,,,
,MMKI 3,16,3,8,18.0,1.0,,,,,,,,
,MMKI 3,16,3,9,,,,,,,,,,
,MMKI 3,16,4,10,19.0,1.0,,,,,,,,
,MMKI 3,16,4,11,19.0,1.0,,,,,,,,
,MMKI 3,16,4,12,19.0,1.0,,,,,,,,
,MMKI 3,16,5,13,19.0,1.0,,,,,,,,
,MMKI 3,16,5,14,19.0,1.0,,,,,,,,
,MMKI 3,16,5,15,,,,,,,,,,
,MMKI 3,16,6,16,19.0,1.0,,,,,,,,
,MMKI 3,16,6,17,19.0,1.0,,,,,,,,
,MMKI 3,16,6,18,,,,,,,,,,
,MMKI 3,16,7,19,20.0,2.0,,,,,,,,
,MMKI 3,16,7,20,20.0,2.0,,,,,,,,
,MMKI 3,16,7,21,20.0,2.0,,,,,,,,
,MMKI 3,17,1,1,18.0,1.0,,,,,,,,
,MMKI 3,17,1,2,18.0,1.0,,,,,,,,
,MMKI 3,17,1,3,18.0,1.0,,,,,,,,
,MMKI 3,17,2,4,18.0,1.0,,,,,,,,
,MMKI 3,17,2,5,18.0,1.0,,,,,,,,
,MMKI 3,17,2,6,,,,,,,,,,
,MMKI 3,17,3,7,18.0,1.0,,,,,,,,
,MMKI 3,17,3,8,18.0,1.0,,,,,,,,
,MMKI 3,17,3,9,,,,,,,,,,
,MMKI 3,17,4,10,19.0,2.0,,,,,,,,
,MMKI 3,17,4,11,19.0,2.0,,,,,,,,
,MMKI 3,17,4,12,19.0,2.0,,,,,,,,
,MMKI 3,17,5,13,19.0,2.0,,,,,,,,
,MMKI 3,17,5,14,19.0,2.0,,,,,,,,
,MMKI 3,17,5,15,,,,,,,,,,
,MMKI 3,17,6,16,19.0,1.0,,,,,,,,
,MMKI 3,17,6,17,19.0,1.0,,,,,,,,
,MMKI 3,17,6,18,,,,,,,,,,
,MMKI 3,17,7,19,20.0,2.0,,,,,,,,
,MMKI 3,17,7,20,20.0,2.0,,,,,,,,
,MMKI 3,17,7,21,20.0,2.0,,,,,,,,
,MMKI 3,18,1,1,18.0,1.0,,,,,,,,
,MMKI 3,18,1,2,18.0,1.0,,,,,,,,
,MMKI 3,18,1,3,18.0,1.0,,,,,,,,
,MMKI 3,18,2,4,18.0,1.0,,,,,,,,
,MMKI 3,18,2,5,18.0,1.0,,,,,,,,
,MMKI 3,18,2,6,,,,,,,,,,
,MMKI 3,18,3,7,18.0,1.0,,,,,,,,
,MMKI 3,18,3,8,18.0,1.0,,,,,,,,
,MMKI 3,18,3,9,,,,,,,,,,
,MMKI 3,18,4,10,19.0,2.0,,,,,,,,
,MMKI 3,18,4,11,19.0,2.0,,,,,,,,
,MMKI 3,18,4,12,19.0,2.0,,,,,,,,
,MMKI 3,18,5,13,19.0,2.0,,,,,,,,
,MMKI 3,18,5,14,19.0,2.0,,,,,,,,
,MMKI 3,18,5,15,,,,,,,,,,
,MMKI 3,18,6,16,19.0,2.0,,,,,,,,
,MMKI 3,18,6,17,19.0,2.0,,,,,,,,
,MMKI 3,18,6,18,,,,,,,,,,
,MMKI 3,18,7,19,20.0,2.0,,,,,,,,
,MMKI 3,18,7,20,20.0,2.0,,,,,,,,
,MMKI 3,18,7,21,20.0,2.0,,,,,,,,
,MMKI 3,19,1,1,18.0,1.0,,,,,,,,
,MMKI 3,19,1,2,18.0,1.0,,,,,,,,
,MMKI 3,19,1,3,18.0,1.0,,,,,,,,
,MMKI 3,19,2,4,18.0,1.0,,,,,,,,
,MMKI 3,19,2,5,18.0,1.0,,,,,,,,
,MMKI 3,19,2,6,,,,,,,,,,
,MMKI 3,19,3,7,18.0,1.0,,,,,,,,
,MMKI 3,19,3,8,18.0,1.0,,,,,,,,
,MMKI 3,19,3,9,,,,,,,,,,
,MMKI 3,19,4,10,19.0,2.0,,,,,,,,
,MMKI 3,19,4,11,19.0,2.0,,,,,,,,
,MMKI 3,19,4,12,19.0,2.0,,,,,,,,
,MMKI 3,19,5,13,19.0,2.0,,,,,,,,
,MMKI 3,19,5,14,19.0,2.0,,,,,,,,
,MMKI 3,19,5,15,,,,,,,,,,
,MMKI 3,19,6,16,19.0,2.0,,,,,,,,
,MMKI 3,19,6,17,19.0,2.0,,,,,,,,
,MMKI 3,19,6,18,,,,,,,,,,
,MMKI 3,19,7,19,20.0,2.0,,,,,,,,
,MMKI 3,19,7,20,20.0,2.0,,,,,,,,
,MMKI 3,19,7,21,20.0,2.0,,,,,,,,
,MMKI 3,20,1,1,18.0,1.0,,,,,,,,
,MMKI 3,20,1,2,18.0,1.0,,,,,,,,
,MMKI 3,20,1,3,,,,,,,,,,
,MMKI 3,20,2,4,18.0,1.0,,,,,,,,
,MMKI 3,20,2,5,18.0,1.0,,,,,,,,
,MMKI 3,20,2,6,,,,,,,,,,
,MMKI 3,20,3,7,18.0,1.0,,,,,,,,
,MMKI 3,20,3,8,18.0,1.0,,,,,,,,
,MMKI 3,20,3,9,,,,,,,,,,
,MMKI 3,20,4,10,19.0,2.0,,,,,,,,
,MMKI 3,20,4,11,19.0,2.0,,,,,,,,
,MMKI 3,20,4,12,19.0,2.0,,,,,,,,
,MMKI 3,20,5,13,19.0,2.0,,,,,,,,
,MMKI 3,20,5,14,19.0,2.0,,,,,,,,
,MMKI 3,20,5,15,19.0,2.0,,,,,,,,
,MMKI 3,20,6,16,19.0,2.0,,,,,,,,
,MMKI 3,20,6,17,19.0,2.0,,,,,,,,
,MMKI 3,20,6,18,,,,,,,,,,
,MMKI 3,20,7,19,20.0,2.0,,,,,,,,
,MMKI 3,20,7,20,20.0,2.0,,,,,,,,
,MMKI 3,20,7,21,20.0,2.0,,,,,,,,
,MMKI 3,21,1,1,19.0,2.0,,,,,,,,
,MMKI 3,21,1,2,19.0,2.0,,,,,,,,
,MMKI 3,21,1,3,19.0,2.0,,,,,,,,
,MMKI 3,21,2,4,19.0,2.0,,,,,,,,
,MMKI 3,21,2,5,19.0,2.0,,,,,,,,
,MMKI 3,21,2,6,19.0,2.0,,,,,,,,
,MMKI 3,21,3,7,19.0,2.0,,,,,,,,
,MMKI 3,21,3,8,19.0,2.0,,,,,,,,
,MMKI 3,21,3,9,,,,,,,,,,
,MMKI 3,21,4,10,20.0,2.0,,,,,,,,
,MMKI 3,21,4,11,20.0,2.0,,,,,,,,
,MMKI 3,21,4,12,,,,,,,,,,
,MMKI 3,21,5,13,20.0,2.0,,,,,,,,
,MMKI 3,21,5,14,20.0,2.0,,,,,,,,
,MMKI 3,21,5,15,,,,,,,,,,
,MMKI 3,21,6,16,20.0,2.0,,,,,,,,
,MMKI 3,21,6,17,20.0,2.0,,,,,,,,
,MMKI 3,21,6,18,,,,,,,,,,
,MMKI 3,21,7,19,20.0,2.0,,,,,,,,
,MMKI 3,21,7,20,20.0,2.0,,,,,,,,
,MMKI 3,21,7,21,,,,,,,,,,
,MMKI 3,22,1,1,19.0,2.0,,,,,,,,
,MMKI 3,22,1,2,19.0,2.0,,,,,,,,
,MMKI 3,22,1,3,19.0,2.0,,,,,,,,
,MMKI 3,22,2,4,19.0,2.0,,,,,,,,
,MMKI 3,22,2,5,19.0,2.0,,,,,,,,
,MMKI 3,22,2,6,19.0,2.0,,,,,,,,
,MMKI 3,22,3,7,19.0,2.0,,,,,,,,
,MMKI 3,22,3,8,19.0,2.0,,,,,,,,
,MMKI 3,22,3,9,,,,,,,,,,
,MMKI 3,22,4,10,20.0,2.0,,,,,,,,
,MMKI 3,22,4,11,20.0,2.0,,,,,,,,
,MMKI 3,22,4,12,,,,,,,,,,
,MMKI 3,22,5,13,20.0,2.0,,,,,,,,
,MMKI 3,22,5,14,20.0,2.0,,,,,,,,
,MMKI 3,22,5,15,,,,,,,,,,
,MMKI 3,22,6,16,20.0,2.0,,,,,,,,
,MMKI 3,22,6,17,20.0,2.0,,,,,,,,
,MMKI 3,22,6,18,,,,,,,,,,
,MMKI 3,22,7,19,20.0,2.0,,,,,,,,
,MMKI 3,22,7,20,20.0,2.0,,,,,,,,
,MMKI 3,22,7,21,,,,,,,,,,
,MMKI 3,23,1,1,19.0,2.0,,,,,,,,
,MMKI 3,23,1,2,19.0,2.0,,,,,,,,
,MMKI 3,23,1,3,19.0,2.0,,,,,,,,
,MMKI 3,23,2,4,19.0,2.0,,,,,,,,
,MMKI 3,23,2,5,19.0,2.0,,,,,,,,
,MMKI 3,23,2,6,19.0,2.0,,,,,,,,
,MMKI 3,23,3,7,19.0,2.0,,,,,,,,
,MMKI 3,23,3,8,19.0,2.0,,,,,,,,
,MMKI 3,23,3,9,,,,,,,,,,
,MMKI 3,23,4,10,20.0,2.0,,,,,,,,
,MMKI 3,23,4,11,20.0,2.0,,,,,,,,
,MMKI 3,23,4,12,,,,,,,,,,
,MMKI 3,23,5,13,20.0,2.0,,,,,,,,
,MMKI 3,23,5,14,20.0,2.0,,,,,,,,
,MMKI 3,23,5,15,,,,,,,,,,
,MMKI 3,23,6,16,20.0,2.0,,,,,,,,
,MMKI 3,23,6,17,20.0,2.0,,,,,,,,
,MMKI 3,23,6,18,,,,,,,,,,
,MMKI 3,23,7,19,20.0,2.0,,,,,,,,
,MMKI 3,23,7,20,20.0,2.0,,,,,,,,
,MMKI 3,23,7,21,,,,,,,,,,
,MMKI 3,24,1,1,19.0,2.0,,,,,,,,
,MMKI 3,24,1,2,19.0,2.0,,,,,,,,
,MMKI 3,24,1,3,19.0,2.0,,,,,,,,
,MMKI 3,24,2,4,19.0,2.0,,,,,,,,
,MMKI 3,24,2,5,19.0,2.0,,,,,,,,
,MMKI 3,24,2,6,,,,,,,,,,
,MMKI 3,24,3,7,19.0,2.0,,,,,,,,
,MMKI 3,24,3,8,19.0,2.0,,,,,,,,
,MMKI 3,24,3,9,,,,,,,,,,
,MMKI 3,24,4,10,19.0,2.0,,,,,,,,
,MMKI 3,24,4,11,19.0,2.0,,,,,,,,
,MMKI 3,24,4,12,,,,,,,,,,
,MMKI 3,24,5,13,20.0,2.0,,,,,,,,
,MMKI 3,24,5,14,20.0,2.0,,,,,,,,
,MMKI 3,24,5,15,20.0,2.0,,,,,,,,
,MMKI 3,24,6,16,20.0,2.0,,,,,,,,
,MMKI 3,24,6,17,20.0,2.0,,,,,,,,
,MMKI 3,24,6,18,,,,,,,,,,
,MMKI 3,24,7,19,20.0,2.0,,,,,,,,
,MMKI 3,24,7,20,20.0,2.0,,,,,,,,
,MMKI 3,24,7,21,,,,,,,,,,
,MID,1,1,1,14.0,4.0,,,,,,,,
,MID,1,1,2,14.0,4.0,,,,,,,,
,MID,1,2,3,0.0,4.0,,,,,,,,
,MID,1,2,4,14.0,4.0,,,,,,,,
,MID,1,3,5,14.0,4.0,,,,,,,,
,MID,1,3,6,14.0,4.0,,,,,,,,
,MID,1,4,7,0.0,4.0,,,,,,,,
,MID,1,4,8,14.0,4.0,,,,,,,,
,MID,1,5,9,0.0,4.0,,,,,,,,
,MID,1,5,10,14.0,4.0,,,,,,,,
,MID,1,6,11,0.0,5.0,,,,,,,,
,MID,1,6,12,16.0,5.0,,,,,,,,
,MID,1,7,13,0.0,5.0,,,,,,,,
,MID,1,7,14,16.0,5.0,,,,,,,,
,MID,1,8,15,16.0,5.0,,,,,,,,
,MID,1,8,16,16.0,5.0,,,,,,,,
,MID,1,9,17,0.0,5.0,,,,,,,,
,MID,1,9,18,14.0,5.0,,,,,,,,
,MID,1,10,19,16.0,5.0,,,,,,,,
,MID,1,10,20,16.0,6.0,,,,,,,,
,MID,2,1,1,19.0,6.0,,,,,,,,
,MID,2,1,2,19.0,6.0,,,,,,,,
,MID,2,2,3,0.0,6.0,,,,,,,,
,MID,2,2,4,20.0,6.0,,,,,,,,
,MID,2,3,5,0.0,6.0,,,,,,,,
,MID,2,3,6,20.0,6.0,,,,,,,,
,MID,2,4,7,0.0,6.0,,,,,,,,
,MID,2,4,8,20.0,6.0,,,,,,,,
,MID,2,5,9,0.0,6.0,,,,,,,,
,MID,2,5,10,20.0,6.0,,,,,,,,
,MID,2,6,11,0.0,3.0,,,,,,,,
,MID,2,6,12,18.0,3.0,,,,,,,,
,MID,2,7,13,0.0,3.0,,,,,,,,
,MID,2,7,14,18.0,3.0,,,,,,,,
,MID,2,8,15,0.0,3.0,,,,,,,,
,MID,2,8,16,18.0,3.0,,,,,,,,
,MID,2,9,17,0.0,6.0,,,,,,,,
,MID,2,9,18,18.0,6.0,,,,,,,,
,MID,2,10,19,0.0,6.0,,,,,,,,
,MID,2,10,20,18.0,6.0,,,,,,,,
,MID,3,1,1,20.0,1.0,,,,,,,,
,MID,3,1,2,20.0,1.0,,,,,,,,
,MID,3,2,3,0.0,1.0,,,,,,,,
,MID,3,2,4,20.0,1.0,,,,,,,,
,MID,3,3,5,0.0,1.0,,,,,,,,
,MID,3,3,6,20.0,1.0,,,,,,,,
,MID,3,4,7,0.0,1.0,,,,,,,,
,MID,3,4,8,20.0,1.0,,,,,,,,
,MID,3,5,9,0.0,1.0,,,,,,,,
,MID,3,5,10,20.0,1.0,,,,,,,,
,MID,3,6,11,0.0,1.0,,,,,,,,
,MID,3,6,12,20.0,1.0,,,,,,,,
,MID,3,7,13,0.0,1.0,,,,,,,,
,MID,3,7,14,20.0,1.0,,,,,,,,
,MID,3,8,15,0.0,1.0,,,,,,,,
,MID,3,8,16,20.0,1.0,,,,,,,,
,MID,3,9,17,0.0,1.0,,,,,,,,
,MID,3,9,18,20.0,1.0,,,,,,,,
,MID,3,10,19,0.0,1.0,,,,,,,,
,MID,3,10,20,20.0,1.0,,,,,,,,
,MID,4,1,1,16.0,5.0,,,,,,,,
,MID,4,1,2,16.0,5.0,,,,,,,,
,MID,4,2,3,0.0,1.0,,,,,,,,
,MID,4,2,4,16.0,1.0,,,,,,,,
,MID,4,3,5,16.0,1.0,,,,,,,,
,MID,4,3,6,16.0,1.0,,,,,,,,
,MID,4,4,7,0.0,1.0,,,,,,,,
,MID,4,4,8,16.0,1.0,,,,,,,,
,MID,4,5,9,0.0,1.0,,,,,,,,
,MID,4,5,10,16.0,1.0,,,,,,,,
,MID,4,6,11,0.0,1.0,,,,,,,,
,MID,4,6,12,16.0,1.0,,,,,,,,
,MID,4,7,13,0.0,1.0,,,,,,,,
,MID,4,7,14,16.0,1.0,,,,,,,,
,MID,4,8,15,0.0,1.0,,,,,,,,
,MID,4,8,16,16.0,1.0,,,,,,,,
,MID,4,9,17,0.0,1.0,,,,,,,,
,MID,4,9,18,18.0,1.0,,,,,,,,
,MID,4,10,19,16.0,1.0,,,,,,,,
,MID,4,10,20,16.0,1.0,,,,,,,,
,MID,5,1,1,20.0,1.0,,,,,,,,
,MID,5,1,2,20.0,1.0,,,,,,,,
,MID,5,2,3,0.0,1.0,,,,,,,,
,MID,5,2,4,20.0,1.0,,,,,,,,
,MID,5,3,5,0.0,2.0,,,,,,,,
,MID,5,3,6,20.0,2.0,,,,,,,,
,MID,5,4,7,0.0,2.0,,,,,,,,
,MID,5,4,8,20.0,2.0,,,,,,,,
,MID,5,5,9,0.0,2.0,,,,,,,,
,MID,5,5,10,20.0,2.0,,,,,,,,
,MID,5,6,11,0.0,2.0,,,,,,,,
,MID,5,6,12,20.0,2.0,,,,,,,,
,MID,5,7,13,0.0,2.0,,,,,,,,
,MID,5,7,14,20.0,2.0,,,,,,,,
,MID,5,8,15,0.0,2.0,,,,,,,,
,MID,5,8,16,20.0,2.0,,,,,,,,
,MID,5,9,17,0.0,2.0,,,,,,,,
,MID,5,9,18,20.0,2.0,,,,,,,,
,MID,5,10,19,0.0,2.0,,,,,,,,
,MID,5,10,20,18.0,2.0,,,,,,,,
,MID,6,1,1,16.0,2.0,,,,,,,,
,MID,6,1,2,16.0,2.0,,,,,,,,
,MID,6,2,3,16.0,2.0,,,,,,,,
,MID,6,2,4,16.0,2.0,,,,,,,,
,MID,6,3,5,0.0,2.0,,,,,,,,
,MID,6,3,6,18.0,2.0,,,,,,,,
,MID,6,4,7,0.0,2.0,,,,,,,,
,MID,6,4,8,16.0,2.0,,,,,,,,
,MID,6,5,9,0.0,2.0,,,,,,,,
,MID,6,5,10,16.0,2.0,,,,,,,,
,MID,6,6,11,0.0,2.0,,,,,,,,
,MID,6,6,12,16.0,2.0,,,,,,,,
,MID,6,7,13,0.0,2.0,,,,,,,,
,MID,6,7,14,16.0,2.0,,,,,,,,
,MID,6,8,15,0.0,2.0,,,,,,,,
,MID,6,8,16,18.0,2.0,,,,,,,,
,MID,6,9,17,0.0,2.0,,,,,,,,
,MID,6,9,18,16.0,2.0,,,,,,,,
,MID,6,10,19,16.0,2.0,,,,,,,,
,MID,6,10,20,16.0,2.0,,,,,,,,
,MID,7,1,1,18.0,2.0,,,,,,,,
,MID,7,1,2,18.0,2.0,,,,,,,,
,MID,7,2,3,0.0,2.0,,,,,,,,
,MID,7,2,4,18.0,2.0,,,,,,,,
,MID,7,3,5,0.0,2.0,,,,,,,,
,MID,7,3,6,18.0,2.0,,,,,,,,
,MID,7,4,7,0.0,2.0,,,,,,,,
,MID,7,4,8,18.0,2.0,,,,,,,,
,MID,7,5,9,0.0,2.0,,,,,,,,
,MID,7,5,10,18.0,9.0,,,,,,,,
,MID,7,6,11,0.0,9.0,,,,,,,,
,MID,7,6,12,20.0,9.0,,,,,,,,
,MID,7,7,13,0.0,9.0,,,,,,,,
,MID,7,7,14,20.0,9.0,,,,,,,,
,MID,7,8,15,0.0,9.0,,,,,,,,
,MID,7,8,16,20.0,9.0,,,,,,,,
,MID,7,9,17,0.0,9.0,,,,,,,,
,MID,7,9,18,20.0,9.0,,,,,,,,
,MID,7,10,19,0.0,9.0,,,,,,,,
,MID,7,10,20,20.0,9.0,,,,,,,,
,MID,8,1,1,20.0,8.0,,,,,,,,
,MID,8,1,2,20.0,8.0,,,,,,,,
,MID,8,2,3,0.0,8.0,,,,,,,,
,MID,8,2,4,20.0,8.0,,,,,,,,
,MID,8,3,5,0.0,8.0,,,,,,,,
,MID,8,3,6,20.0,8.0,,,,,,,,
,MID,8,4,7,0.0,8.0,,,,,,,,
,MID,8,4,8,20.0,8.0,,,,,,,,
,MID,8,5,9,0.0,8.0,,,,,,,,
,MID,8,5,10,20.0,8.0,,,,,,,,
,MID,8,6,11,0.0,8.0,,,,,,,,
,MID,8,6,12,20.0,8.0,,,,,,,,
,MID,8,7,13,0.0,8.0,,,,,,,,
,MID,8,7,14,20.0,8.0,,,,,,,,
,MID,8,8,15,0.0,8.0,,,,,,,,
,MID,8,8,16,18.0,8.0,,,,,,,,
,MID,8,9,17,0.0,8.0,,,,,,,,
,MID,8,9,18,18.0,8.0,,,,,,,,
,MID,8,10,19,0.0,8.0,,,,,,,,
,MID,8,10,20,18.0,8.0,,,,,,,,
,MID,9,1,1,18.0,8.0,,,,,,,,
,MID,9,1,2,18.0,8.0,,,,,,,,
,MID,9,2,3,0.0,8.0,,,,,,,,
,MID,9,2,4,18.0,8.0,,,,,,,,
,MID,9,3,5,0.0,8.0,,,,,,,,
,MID,9,3,6,18.0,8.0,,,,,,,,
,MID,9,4,7,0.0,8.0,,,,,,,,
,MID,9,4,8,18.0,8.0,,,,,,,,
,MID,9,5,9,0.0,7.0,,,,,,,,
,MID,9,5,10,18.0,7.0,,,,,,,,
,MID,9,6,11,0.0,7.0,,,,,,,,
,MID,9,6,12,18.0,7.0,,,,,,,,
,MID,9,7,13,0.0,7.0,,,,,,,,
,MID,9,7,14,18.0,7.0,,,,,,,,
,MID,9,8,15,0.0,7.0,,,,,,,,
,MID,9,8,16,18.0,7.0,,,,,,,,
,MID,9,9,17,0.0,7.0,,,,,,,,
,MID,9,9,18,18.0,7.0,,,,,,,,
,MID,9,10,19,18.0,7.0,,,,,,,,
,MID,9,10,20,18.0,7.0,,,,,,,,
,MID,10,1,1,18.0,7.0,,,,,,,,
,MID,10,1,2,18.0,7.0,,,,,,,,
,MID,10,2,3,0.0,7.0,,,,,,,,
,MID,10,2,4,16.0,7.0,,,,,,,,
,MID,10,3,5,0.0,7.0,,,,,,,,
,MID,10,3,6,16.0,7.0,,,,,,,,
,MID,10,4,7,0.0,7.0,,,,,,,,
,MID,10,4,8,16.0,7.0,,,,,,,,
,MID,10,5,9,0.0,7.0,,,,,,,,
,MID,10,5,10,18.0,7.0,,,,,,,,
,MID,10,6,11,0.0,7.0,,,,,,,,
,MID,10,6,12,18.0,7.0,,,,,,,,
,MID,10,7,13,0.0,7.0,,,,,,,,
,MID,10,7,14,18.0,7.0,,,,,,,,
,MID,10,8,15,0.0,7.0,,,,,,,,
,MID,10,8,16,18.0,7.0,,,,,,,,
,MID,10,9,17,0.0,7.0,,,,,,,,
,MID,10,9,18,18.0,7.0,,,,,,,,
,MID,10,10,19,0.0,7.0,,,,,,,,
,MID,10,10,20,18.0,7.0,,,,,,,,
,GM 1,1,1,1,16.0,1.0,,,,,,,,
,GM 1,1,1,2,16.0,1.0,,,,,,,,
,GM 1,1,2,3,16.0,1.0,,,,,,,,
,GM 1,1,2,4,16.0,1.0,,,,,,,,
,GM 1,1,3,5,0.0,,,,,,,,,
,GM 1,1,3,6,16.0,1.0,,,,,,,,
,GM 1,1,4,7,0.0,,,,,,,,,
,GM 1,1,4,8,16.0,1.0,,,,,,,,
,GM 1,1,5,9,0.0,,,,,,,,,
,GM 1,1,5,10,16.0,1.0,,,,,,,,
,GM 1,1,6,11,0.0,,,,,,,,,
,GM 1,1,6,12,16.0,4.0,,,,,,,,
,GM 1,1,7,13,0.0,,,,,,,,,
,GM 1,1,7,14,16.0,3.0,,,,,,,,
,GM 1,1,8,15,0.0,,,,,,,,,
,GM 1,1,8,16,18.0,1.0,,,,,,,,
,GM 1,1,9,17,16.0,1.0,,,,,,,,
,GM 1,1,9,18,16.0,1.0,,,,,,,,
,GM 1,2,1,1,18.0,2.0,,,,,,,,
,GM 1,2,1,2,18.0,2.0,,,,,,,,
,GM 1,2,2,3,0.0,2.0,,,,,,,,
,GM 1,2,2,4,18.0,2.0,,,,,,,,
,GM 1,2,3,5,0.0,,,,,,,,,
,GM 1,2,3,6,18.0,2.0,,,,,,,,
,GM 1,2,4,7,0.0,,,,,,,,,
,GM 1,2,4,8,18.0,2.0,,,,,,,,
,GM 1,2,5,9,0.0,,,,,,,,,
,GM 1,2,5,10,18.0,2.0,,,,,,,,
,GM 1,2,6,11,0.0,,,,,,,,,
,GM 1,2,6,12,18.0,2.0,,,,,,,,
,GM 1,2,7,13,0.0,,,,,,,,,
,GM 1,2,7,14,18.0,2.0,,,,,,,,
,GM 1,2,8,15,0.0,,,,,,,,,
,GM 1,2,8,16,18.0,4.0,,,,,,,,
,GM 1,2,9,17,18.0,2.0,,,,,,,,
,GM 1,2,9,18,18.0,2.0,,,,,,,,
,GM 1,3,1,1,18.0,3.0,,,,,,,,
,GM 1,3,1,2,18.0,3.0,,,,,,,,
,GM 1,3,2,3,0.0,,,,,,,,,
,GM 1,3,2,4,18.0,4.0,,,,,,,,
,GM 1,3,3,5,0.0,,,,,,,,,
,GM 1,3,3,6,18.0,4.0,,,,,,,,
,GM 1,3,4,7,0.0,,,,,,,,,
,GM 1,3,4,8,18.0,4.0,,,,,,,,
,GM 1,3,5,9,0.0,,,,,,,,,
,GM 1,3,5,10,18.0,4.0,,,,,,,,
,GM 1,3,6,11,0.0,,,,,,,,,
,GM 1,3,6,12,18.0,4.0,,,,,,,,
,GM 1,3,7,13,0.0,,,,,,,,,
,GM 1,3,7,14,18.0,3.0,,,,,,,,
,GM 1,3,8,15,0.0,,,,,,,,,
,GM 1,3,8,16,19.0,3.0,,,,,,,,
,GM 1,3,9,17,19.0,3.0,,,,,,,,
,GM 1,3,9,18,19.0,3.0,,,,,,,,
,GM 1,4,1,1,16.0,4.0,,,,,,,,
,GM 1,4,1,2,16.0,4.0,,,,,,,,
,GM 1,4,2,3,16.0,4.0,,,,,,,,
,GM 1,4,2,4,16.0,4.0,,,,,,,,
,GM 1,4,3,5,0.0,,,,,,,,,
,GM 1,4,3,6,16.0,4.0,,,,,,,,
,GM 1,4,4,7,0.0,,,,,,,,,
,GM 1,4,4,8,16.0,4.0,,,,,,,,
,GM 1,4,5,9,0.0,,,,,,,,,
,GM 1,4,5,10,16.0,4.0,,,,,,,,
,GM 1,4,6,11,0.0,,,,,,,,,
,GM 1,4,6,12,16.0,3.0,,,,,,,,
,GM 1,4,7,13,0.0,,,,,,,,,
,GM 1,4,7,14,16.0,3.0,,,,,,,,
,GM 1,4,8,15,0.0,,,,,,,,,
,GM 1,4,8,16,18.0,3.0,,,,,,,,
,GM 1,4,9,17,16.0,3.0,,,,,,,,
,GM 1,4,9,18,16.0,3.0,,,,,,,,
,GM 1,5,1,1,18.0,3.0,,,,,,,,
,GM 1,5,1,2,18.0,3.0,,,,,,,,
,GM 1,5,2,3,0.0,,,,,,,,,
,GM 1,5,2,4,18.0,3.0,,,,,,,,
,GM 1,5,3,5,0.0,,,,,,,,,
,GM 1,5,3,6,18.0,3.0,,,,,,,,
,GM 1,5,4,7,0.0,,,,,,,,,
,GM 1,5,4,8,18.0,4.0,,,,,,,,
,GM 1,5,5,9,0.0,,,,,,,,,
,GM 1,5,5,10,18.0,4.0,,,,,,,,
,GM 1,5,6,11,0.0,,,,,,,,,
,GM 1,5,6,12,18.0,4.0,,,,,,,,
,GM 1,5,7,13,0.0,,,,,,,,,
,GM 1,5,7,14,18.0,4.0,,,,,,,,
,GM 1,5,8,15,0.0,,,,,,,,,
,GM 1,5,8,16,18.0,3.0,,,,,,,,
,GM 1,5,9,17,18.0,3.0,,,,,,,,
,GM 1,5,9,18,18.0,3.0,,,,,,,,
,GM 1,6,1,1,17.0,3.0,,,,,,,,
,GM 1,6,1,2,17.0,3.0,,,,,,,,
,GM 1,6,2,3,0.0,,,,,,,,,
,GM 1,6,2,4,17.0,4.0,,,,,,,,
,GM 1,6,3,5,0.0,,,,,,,,,
,GM 1,6,3,6,17.0,4.0,,,,,,,,
,GM 1,6,4,7,0.0,,,,,,,,,
,GM 1,6,4,8,18.0,4.0,,,,,,,,
,GM 1,6,5,9,0.0,,,,,,,,,
,GM 1,6,5,10,19.0,4.0,,,,,,,,
,GM 1,6,6,11,0.0,,,,,,,,,
,GM 1,6,6,12,19.0,4.0,,,,,,,,
,GM 1,6,7,13,0.0,,,,,,,,,
,GM 1,6,7,14,19.0,3.0,,,,,,,,
,GM 1,6,8,15,0.0,,,,,,,,,
,GM 1,6,8,16,19.0,3.0,,,,,,,,
,GM 1,6,9,17,19.0,3.0,,,,,,,,
,GM 1,6,9,18,19.0,3.0,,,,,,,,
,GM 2,1,1,1,18.0,2.0,,,,,,,,
,GM 2,1,1,2,18.0,2.0,,,,,,,,
,GM 2,1,2,3,0.0,,,,,,,,,
,GM 2,1,2,4,18.0,2.0,,,,,,,,
,GM 2,1,3,5,0.0,,,,,,,,,
,GM 2,1,3,6,18.0,2.0,,,,,,,,
,GM 2,1,4,7,0.0,,,,,,,,,
,GM 2,1,4,8,18.0,2.0,,,,,,,,
,GM 2,1,5,9,0.0,,,,,,,,,
,GM 2,1,5,10,18.0,2.0,,,,,,,,
,GM 2,1,6,11,0.0,,,,,,,,,
,GM 2,1,6,12,18.0,2.0,,,,,,,,
,GM 2,1,7,13,0.0,,,,,,,,,
,GM 2,1,7,14,18.0,2.0,,,,,,,,
,GM 2,1,8,15,0.0,,,,,,,,,
,GM 2,1,8,16,18.0,2.0,,,,,,,,
,GM 2,1,9,17,0.0,,,,,,,,,
,GM 2,1,9,18,18.0,2.0,,,,,,,,
,GM 2,2,1,1,18.0,,,,,,,,,
,GM 2,2,1,2,18.0,2.0,,,,,,,,
,GM 2,2,2,3,0.0,,,,,,,,,
,GM 2,2,2,4,18.0,2.0,,,,,,,,
,GM 2,2,3,5,0.0,,,,,,,,,
,GM 2,2,3,6,18.0,2.0,,,,,,,,
,GM 2,2,4,7,0.0,,,,,,,,,
,GM 2,2,4,8,18.0,2.0,,,,,,,,
,GM 2,2,5,9,0.0,,,,,,,,,
,GM 2,2,5,10,18.0,2.0,,,,,,,,
,GM 2,2,6,11,0.0,,,,,,,,,
,GM 2,2,6,12,18.0,2.0,,,,,,,,
,GM 2,2,7,13,0.0,,,,,,,,,
,GM 2,2,7,14,18.0,2.0,,,,,,,,
,GM 2,2,8,15,0.0,,,,,,,,,
,GM 2,2,8,16,18.0,2.0,,,,,,,,
,GM 2,2,9,17,0.0,,,,,,,,,
,GM 2,2,9,18,18.0,2.0,,,,,,,,
,GM 2,3,1,1,18.0,1.0,,,,,,,,
,GM 2,3,1,2,18.0,1.0,,,,,,,,
,GM 2,3,2,3,0.0,,,,,,,,,
,GM 2,3,2,4,18.0,1.0,,,,,,,,
,GM 2,3,3,5,0.0,,,,,,,,,
,GM 2,3,3,6,18.0,1.0,,,,,,,,
,GM 2,3,4,7,0.0,,,,,,,,,
,GM 2,3,4,8,18.0,1.0,,,,,,,,
,GM 2,3,5,9,0.0,,,,,,,,,
,GM 2,3,5,10,18.0,1.0,,,,,,,,
,GM 2,3,6,11,0.0,,,,,,,,,
,GM 2,3,6,12,18.0,1.0,,,,,,,,
,GM 2,3,7,13,0.0,,,,,,,,,
,GM 2,3,7,14,18.0,1.0,,,,,,,,
,GM 2,3,8,15,0.0,,,,,,,,,
,GM 2,3,8,16,18.0,1.0,,,,,,,,
,GM 2,3,9,17,0.0,,,,,,,,,
,GM 2,3,9,18,18.0,1.0,,,,,,,,
,GM 2,4,1,1,18.0,1.0,,,,,,,,
,GM 2,4,1,2,18.0,1.0,,,,,,,,
,GM 2,4,2,3,0.0,,,,,,,,,
,GM 2,4,2,4,18.0,1.0,,,,,,,,
,GM 2,4,3,5,0.0,,,,,,,,,
,GM 2,4,3,6,18.0,1.0,,,,,,,,
,GM 2,4,4,7,0.0,,,,,,,,,
,GM 2,4,4,8,18.0,1.0,,,,,,,,
,GM 2,4,5,9,0.0,,,,,,,,,
,GM 2,4,5,10,18.0,1.0,,,,,,,,
,GM 2,4,6,11,0.0,,,,,,,,,
,GM 2,4,6,12,18.0,1.0,,,,,,,,
,GM 2,4,7,13,0.0,,,,,,,,,
,GM 2,4,7,14,18.0,1.0,,,,,,,,
,GM 2,4,8,15,0.0,,,,,,,,,
,GM 2,4,8,16,18.0,1.0,,,,,,,,
,GM 2,4,9,17,0.0,,,,,,,,,
,GM 2,4,9,18,18.0,1.0,,,,,,,,
,GM 2,5,1,1,18.0,2.0,,,,,,,,
,GM 2,5,1,2,18.0,2.0,,,,,,,,
,GM 2,5,2,3,0.0,,,,,,,,,
,GM 2,5,2,4,18.0,2.0,,,,,,,,
,GM 2,5,3,5,0.0,,,,,,,,,
,GM 2,5,3,6,18.0,2.0,,,,,,,,
,GM 2,5,4,7,0.0,,,,,,,,,
,GM 2,5,4,8,18.0,2.0,,,,,,,,
,GM 2,5,5,9,0.0,,,,,,,,,
,GM 2,5,5,10,18.0,2.0,,,,,,,,
,GM 2,5,6,11,18.0,1.0,,,,,,,,
,GM 2,5,6,12,18.0,1.0,,,,,,,,
,GM 2,5,7,13,0.0,,,,,,,,,
,GM 2,5,7,14,18.0,1.0,,,,,,,,
,GM 2,5,8,15,0.0,,,,,,,,,
,GM 2,5,8,16,18.0,1.0,,,,,,,,
,GM 2,5,9,17,18.0,,,,,,,,,
,GM 2,5,9,18,18.0,1.0,,,,,,,,
,GM 2,6,1,1,16.0,2.0,,,,,,,,
,GM 2,6,1,2,16.0,2.0,,,,,,,,
,GM 2,6,2,3,0.0,,,,,,,,,
,GM 2,6,2,4,16.0,1.0,,,,,,,,
,GM 2,6,3,5,0.0,,,,,,,,,
,GM 2,6,3,6,16.0,1.0,,,,,,,,
,GM 2,6,4,7,0.0,,,,,,,,,
,GM 2,6,4,8,16.0,2.0,,,,,,,,
,GM 2,6,5,9,0.0,,,,,,,,,
,GM 2,6,5,10,16.0,1.0,,,,,,,,
,GM 2,6,6,11,0.0,,,,,,,,,
,GM 2,6,6,12,14.0,2.0,,,,,,,,
,GM 2,6,7,13,0.0,,,,,,,,,
,GM 2,6,7,14,14.0,1.0,,,,,,,,
,GM 2,6,8,15,16.0,2.0,,,,,,,,
,GM 2,6,8,16,16.0,2.0,,,,,,,,
,GM 2,6,9,17,16.0,1.0,,,,,,,,
,GM 2,6,9,18,16.0,1.0,,,,,,,,
,GM 3,1,1,1,18.0,1.0,,,,,,,,
,GM 3,1,1,2,18.0,1.0,,,,,,,,
,GM 3,1,2,3,0.0,,,,,,,,,
,GM 3,1,2,4,18.0,1.0,,,,,,,,
,GM 3,1,3,5,0.0,,,,,,,,,
,GM 3,1,3,6,18.0,1.0,,,,,,,,
,GM 3,1,4,7,0.0,,,,,,,,,
,GM 3,1,4,8,18.0,1.0,,,,,,,,
,GM 3,1,5,9,0.0,,,,,,,,,
,GM 3,1,5,10,18.0,1.0,,,,,,,,
,GM 3,1,6,11,0.0,,,,,,,,,
,GM 3,1,6,12,18.0,1.0,,,,,,,,
,GM 3,1,7,13,0.0,,,,,,,,,
,GM 3,1,7,14,18.0,1.0,,,,,,,,
,GM 3,1,8,15,0.0,,,,,,,,,
,GM 3,1,8,16,18.0,1.0,,,,,,,,
,GM 3,1,9,17,0.0,,,,,,,,,
,GM 3,1,9,18,18.0,1.0,,,,,,,,
,GM 3,2,1,1,18.0,1.0,,,,,,,,
,GM 3,2,1,2,18.0,1.0,,,,,,,,
,GM 3,2,2,3,0.0,,,,,,,,,
,GM 3,2,2,4,18.0,1.0,,,,,,,,
,GM 3,2,3,5,0.0,,,,,,,,,
,GM 3,2,3,6,18.0,1.0,,,,,,,,
,GM 3,2,4,7,0.0,,,,,,,,,
,GM 3,2,4,8,17.0,1.0,,,,,,,,
,GM 3,2,5,9,0.0,,,,,,,,,
,GM 3,2,5,10,16.0,1.0,,,,,,,,
,GM 3,2,6,11,0.0,,,,,,,,,
,GM 3,2,6,12,18.0,2.0,,,,,,,,
,GM 3,2,7,13,0.0,,,,,,,,,
,GM 3,2,7,14,18.0,2.0,,,,,,,,
,GM 3,2,8,15,0.0,,,,,,,,,
,GM 3,2,8,16,18.0,2.0,,,,,,,,
,GM 3,2,9,17,0.0,,,,,,,,,
,GM 3,2,9,18,18.0,2.0,,,,,,,,
,GM 3,3,1,1,18.0,2.0,,,,,,,,
,GM 3,3,1,2,18.0,2.0,,,,,,,,
,GM 3,3,2,3,0.0,,,,,,,,,
,GM 3,3,2,4,18.0,2.0,,,,,,,,
,GM 3,3,3,5,0.0,,,,,,,,,
,GM 3,3,3,6,18.0,2.0,,,,,,,,
,GM 3,3,4,7,0.0,,,,,,,,,
,GM 3,3,4,8,18.0,2.0,,,,,,,,
,GM 3,3,5,9,0.0,,,,,,,,,
,GM 3,3,5,10,18.0,2.0,,,,,,,,
,GM 3,3,6,11,0.0,,,,,,,,,
,GM 3,3,6,12,18.0,2.0,,,,,,,,
,GM 3,3,7,13,0.0,,,,,,,,,
,GM 3,3,7,14,18.0,2.0,,,,,,,,
,GM 3,3,8,15,0.0,,,,,,,,,
,GM 3,3,8,16,18.0,2.0,,,,,,,,
,GM 3,3,9,17,18.0,2.0,,,,,,,,
,GM 3,3,9,18,18.0,2.0,,,,,,,,
,GM MPF,1,1,1,18.0,1.0,,,,,,,,
,GM MPF,1,1,2,18.0,1.0,,,,,,,,
,GM MPF,1,2,3,0.0,,,,,,,,,
,GM MPF,1,2,4,18.0,1.0,,,,,,,,
,GM MPF,1,3,5,0.0,,,,,,,,,
,GM MPF,1,3,6,18.0,1.0,,,,,,,,
,GM MPF,1,4,7,0.0,,,,,,,,,
,GM MPF,1,4,8,18.0,1.0,,,,,,,,
,GM MPF,1,5,9,0.0,,,,,,,,,
,GM MPF,1,5,10,18.0,1.0,,,,,,,,
,GM MPF,1,6,11,0.0,,,,,,,,,
,GM MPF,1,6,12,18.0,1.0,,,,,,,,
,GM MPF,1,7,13,0.0,,,,,,,,,
,GM MPF,1,7,14,18.0,1.0,,,,,,,,
,GM MPF,1,8,15,0.0,,,,,,,,,
,GM MPF,1,8,16,18.0,1.0,,,,,,,,
,GM MPF,1,9,17,0.0,,,,,,,,,
,GM MPF,1,9,18,18.0,2.0,,,,,,,,
,GM MPF,2,1,1,18.0,1.0,,,,,,,,
,GM MPF,2,1,2,18.0,1.0,,,,,,,,
,GM MPF,2,2,3,0.0,,,,,,,,,
,GM MPF,2,2,4,18.0,1.0,,,,,,,,
,GM MPF,2,3,5,0.0,,,,,,,,,
,GM MPF,2,3,6,18.0,2.0,,,,,,,,
,GM MPF,2,4,7,0.0,,,,,,,,,
,GM MPF,2,4,8,18.0,2.0,,,,,,,,
,GM MPF,2,5,9,0.0,,,,,,,,,
,GM MPF,2,5,10,18.0,2.0,,,,,,,,
,GM MPF,2,6,11,0.0,,,,,,,,,
,GM MPF,2,6,12,18.0,2.0,,,,,,,,
,GM MPF,2,7,13,0.0,,,,,,,,,
,GM MPF,2,7,14,18.0,2.0,,,,,,,,
,GM MPF,2,8,15,0.0,,,,,,,,,
,GM MPF,2,8,16,18.0,2.0,,,,,,,,
,GM MPF,2,9,17,0.0,,,,,,,,,
,GM MPF,2,9,18,18.0,2.0,,,,,,,,
,GM MPF,3,1,1,18.0,2.0,,,,,,,,
,GM MPF,3,1,2,18.0,2.0,,,,,,,,
,GM MPF,3,2,3,0.0,,,,,,,,,
,GM MPF,3,2,4,18.0,2.0,,,,,,,,
,GM MPF,3,3,5,0.0,,,,,,,,,
,GM MPF,3,3,6,18.0,2.0,,,,,,,,
,GM MPF,3,4,7,0.0,,,,,,,,,
,GM MPF,3,4,8,18.0,2.0,,,,,,,,
,GM MPF,3,5,9,0.0,,,,,,,,,
,GM MPF,3,5,10,18.0,2.0,,,,,,,,
,GM MPF,3,6,11,0.0,,,,,,,,,
,GM MPF,3,6,12,18.0,2.0,,,,,,,,
,GM MPF,3,7,13,0.0,,,,,,,,,
,GM MPF,3,7,14,18.0,2.0,,,,,,,,
,GM MPF,3,8,15,0.0,,,,,,,,,
,GM MPF,3,8,16,18.0,2.0,,,,,,,,
,GM MPF,3,9,17,0.0,,,,,,,,,
,GM MPF,3,9,18,18.0,2.0,,,,,,,,
,PMM,1,1,1,16.0,3.0,,,,,,,,
,PMM,1,1,2,16.0,3.0,,,,,,,,
,PMM,1,2,3,16.0,3.0,,,,,,,,
,PMM,1,2,4,16.0,3.0,,,,,,,,
,PMM,1,3,5,16.0,3.0,,,,,,,,
,PMM,1,3,6,16.0,3.0,,,,,,,,
,PMM,1,4,7,16.0,1.0,,,,,,,,
,PMM,1,4,8,16.0,1.0,,,,,,,,
,PMM,1,5,9,16.0,3.0,,,,,,,,
,PMM,1,5,10,0.0,,,,,,,,,
,PMM,1,6,11,18.0,3.0,,,,,,,,
,PMM,1,6,12,18.0,3.0,,,,,,,,
,PMM,1,7,13,18.0,3.0,,,,,,,,
,PMM,1,7,14,0.0,,,,,,,,,
,PMM,1,8,15,18.0,3.0,,,,,,,,
,PMM,1,8,16,0.0,,,,,,,,,
,PMM,1,9,17,18.0,3.0,,,,,,,,
,PMM,1,9,18,0.0,,,,,,,,,
,PMM,1,10,19,18.0,3.0,,,,,,,,
,PMM,1,10,20,0.0,,,,,,,,,
,PMM,2,1,1,16.0,1.0,,,,,,,,
,PMM,2,1,2,16.0,1.0,,,,,,,,
,PMM,2,2,3,16.0,1.0,,,,,,,,
,PMM,2,2,4,16.0,1.0,,,,,,,,
,PMM,2,3,5,16.0,1.0,,,,,,,,
,PMM,2,3,6,16.0,1.0,,,,,,,,
,PMM,2,4,7,16.0,1.0,,,,,,,,
,PMM,2,4,8,16.0,1.0,,,,,,,,
,PMM,2,5,9,16.0,2.0,,,,,,,,
,PMM,2,5,10,0.0,,,,,,,,,
,PMM,2,6,11,18.0,3.0,,,,,,,,
,PMM,2,6,12,18.0,3.0,,,,,,,,
,PMM,2,7,13,18.0,3.0,,,,,,,,
,PMM,2,7,14,0.0,,,,,,,,,
,PMM,2,8,15,18.0,3.0,,,,,,,,
,PMM,2,8,16,0.0,,,,,,,,,
,PMM,2,9,17,18.0,3.0,,,,,,,,
,PMM,2,9,18,0.0,,,,,,,,,
,PMM,2,10,19,18.0,3.0,,,,,,,,
,PMM,2,10,20,0.0,,,,,,,,,
,PMM,3,1,1,16.0,2.0,,,,,,,,
,PMM,3,1,2,16.0,2.0,,,,,,,,
,PMM,3,2,3,16.0,2.0,,,,,,,,
,PMM,3,2,4,16.0,2.0,,,,,,,,
,PMM,3,3,5,16.0,2.0,,,,,,,,
,PMM,3,3,6,16.0,2.0,,,,,,,,
,PMM,3,4,7,16.0,2.0,,,,,,,,
,PMM,3,4,8,16.0,2.0,,,,,,,,
,PMM,3,5,9,16.0,2.0,,,,,,,,
,PMM,3,5,10,0.0,,,,,,,,,
,PMM,3,6,11,18.0,3.0,,,,,,,,
,PMM,3,6,12,18.0,3.0,,,,,,,,
,PMM,3,7,13,18.0,3.0,,,,,,,,
,PMM,3,7,14,0.0,,,,,,,,,
,PMM,3,8,15,18.0,3.0,,,,,,,,
,PMM,3,8,16,0.0,,,,,,,,,
,PMM,3,9,17,18.0,3.0,,,,,,,,
,PMM,3,9,18,0.0,,,,,,,,,
,PMM,3,10,19,18.0,3.0,,,,,,,,
,PMM,3,10,20,0.0,,,,,,,,,
,PMM,4,1,1,16.0,2.0,,,,,,,,
,PMM,4,1,2,16.0,2.0,,,,,,,,
,PMM,4,2,3,0.0,2.0,,,,,,,,
,PMM,4,2,4,16.0,2.0,,,,,,,,
,PMM,4,3,5,16.0,2.0,,,,,,,,
,PMM,4,3,6,16.0,2.0,,,,,,,,
,PMM,4,4,7,16.0,2.0,,,,,,,,
,PMM,4,4,8,16.0,2.0,,,,,,,,
,PMM,4,5,9,16.0,2.0,,,,,,,,
,PMM,4,5,10,16.0,,,,,,,,,
,PMM,4,6,11,18.0,4.0,,,,,,,,
,PMM,4,6,12,18.0,4.0,,,,,,,,
,PMM,4,7,13,18.0,4.0,,,,,,,,
,PMM,4,7,14,0.0,,,,,,,,,
,PMM,4,8,15,18.0,4.0,,,,,,,,
,PMM,4,8,16,0.0,,,,,,,,,
,PMM,4,9,17,18.0,4.0,,,,,,,,
,PMM,4,9,18,0.0,,,,,,,,,
,PMM,4,10,19,18.0,4.0,,,,,,,,
,PMM,4,10,20,0.0,,,,,,,,,
,PMM,5,1,1,16.0,2.0,,,,,,,,
,PMM,5,1,2,16.0,2.0,,,,,,,,
,PMM,5,2,3,16.0,2.0,,,,,,,,
,PMM,5,2,4,16.0,2.0,,,,,,,,
,PMM,5,3,5,16.0,2.0,,,,,,,,
,PMM,5,3,6,16.0,2.0,,,,,,,,
,PMM,5,4,7,16.0,2.0,,,,,,,,
,PMM,5,4,8,16.0,2.0,,,,,,,,
,PMM,5,5,9,16.0,2.0,,,,,,,,
,PMM,5,5,10,0.0,,,,,,,,,
,PMM,5,6,11,18.0,4.0,,,,,,,,
,PMM,5,6,12,18.0,4.0,,,,,,,,
,PMM,5,7,13,18.0,4.0,,,,,,,,
,PMM,5,7,14,0.0,,,,,,,,,
,PMM,5,8,15,18.0,4.0,,,,,,,,
,PMM,5,8,16,0.0,,,,,,,,,
,PMM,5,9,17,18.0,4.0,,,,,,,,
,PMM,5,9,18,0.0,,,,,,,,,
,PMM,5,10,19,18.0,4.0,,,,,,,,
,PMM,5,10,20,0.0,,,,,,,,,
,PMM,6,1,1,18.0,4.0,,,,,,,,
,PMM,6,1,2,18.0,4.0,,,,,,,,
,PMM,6,2,3,18.0,4.0,,,,,,,,
,PMM,6,2,4,18.0,4.0,,,,,,,,
,PMM,6,3,5,18.0,4.0,,,,,,,,
,PMM,6,3,6,18.0,4.0,,,,,,,,
,PMM,6,4,7,18.0,2.0,,,,,,,,
,PMM,6,4,8,18.0,2.0,,,,,,,,
,PMM,6,5,9,18.0,4.0,,,,,,,,
,PMM,6,5,10,0.0,,,,,,,,,
,PMM,6,6,11,18.0,4.0,,,,,,,,
,PMM,6,6,12,0.0,,,,,,,,,
,PMM,6,7,13,18.0,4.0,,,,,,,,
,PMM,6,7,14,0.0,,,,,,,,,
,PMM,6,8,15,18.0,4.0,,,,,,,,
,PMM,6,8,16,0.0,,,,,,,,,
,PMM,6,9,17,18.0,4.0,,,,,,,,
,PMM,6,9,18,0.0,,,,,,,,,
,PMM,6,10,19,20.0,4.0,,,,,,,,
,PMM,6,10,20,0.0,,,,,,,,,
,PMM,7,1,1,18.0,2.0,,,,,,,,
,PMM,7,1,2,18.0,2.0,,,,,,,,
,PMM,7,2,3,18.0,2.0,,,,,,,,
,PMM,7,2,4,18.0,2.0,,,,,,,,
,PMM,7,3,5,18.0,2.0,,,,,,,,
,PMM,7,3,6,18.0,2.0,,,,,,,,
,PMM,7,4,7,18.0,2.0,,,,,,,,
,PMM,7,4,8,18.0,2.0,,,,,,,,
,PMM,7,5,9,18.0,2.0,,,,,,,,
,PMM,7,5,10,0.0,,,,,,,,,
,PMM,7,6,11,18.0,3.0,,,,,,,,
,PMM,7,6,12,0.0,,,,,,,,,
,PMM,7,7,13,18.0,3.0,,,,,,,,
,PMM,7,7,14,0.0,,,,,,,,,
,PMM,7,8,15,18.0,3.0,,,,,,,,
,PMM,7,8,16,0.0,,,,,,,,,
,PMM,7,9,17,20.0,4.0,,,,,,,,
,PMM,7,9,18,0.0,,,,,,,,,
,PMM,7,10,19,20.0,4.0,,,,,,,,
,PMM,7,10,20,0.0,,,,,,,,,
,PMM,8,1,1,18.0,1.0,,,,,,,,
,PMM,8,1,2,18.0,1.0,,,,,,,,
,PMM,8,2,3,18.0,1.0,,,,,,,,
,PMM,8,2,4,18.0,1.0,,,,,,,,
,PMM,8,3,5,18.0,1.0,,,,,,,,
,PMM,8,3,6,18.0,1.0,,,,,,,,
,PMM,8,4,7,18.0,1.0,,,,,,,,
,PMM,8,4,8,18.0,1.0,,,,,,,,
,PMM,8,5,9,18.0,1.0,,,,,,,,
,PMM,8,5,10,0.0,,,,,,,,,
,PMM,8,6,11,18.0,4.0,,,,,,,,
,PMM,8,6,12,0.0,,,,,,,,,
,PMM,8,7,13,18.0,4.0,,,,,,,,
,PMM,8,7,14,0.0,,,,,,,,,
,PMM,8,8,15,18.0,4.0,,,,,,,,
,PMM,8,8,16,0.0,,,,,,,,,
,PMM,8,9,17,20.0,4.0,,,,,,,,
,PMM,8,9,18,0.0,,,,,,,,,
,PMM,8,10,19,20.0,4.0,,,,,,,,
,PMM,8,10,20,0.0,,,,,,,,,
,PMM,9,1,1,18.0,1.0,,,,,,,,
,PMM,9,1,2,18.0,1.0,,,,,,,,
,PMM,9,2,3,18.0,1.0,,,,,,,,
,PMM,9,2,4,18.0,1.0,,,,,,,,
,PMM,9,3,5,18.0,1.0,,,,,,,,
,PMM,9,3,6,18.0,1.0,,,,,,,,
,PMM,9,4,7,18.0,1.0,,,,,,,,
,PMM,9,4,8,18.0,1.0,,,,,,,,
,PMM,9,5,9,18.0,1.0,,,,,,,,
,PMM,9,5,10,0.0,,,,,,,,,
,PMM,9,6,11,18.0,1.0,,,,,,,,
,PMM,9,6,12,0.0,,,,,,,,,
,PMM,9,7,13,18.0,1.0,,,,,,,,
,PMM,9,7,14,0.0,,,,,,,,,
,PMM,9,8,15,18.0,1.0,,,,,,,,
,PMM,9,8,16,0.0,,,,,,,,,
,PMM,9,9,17,18.0,1.0,,,,,,,,
,PMM,9,9,18,0.0,,,,,,,,,
,PMM,9,10,19,20.0,4.0,,,,,,,,
,PMM,9,10,20,0.0,,,,,,,,,
,PMM,10,1,1,18.0,1.0,,,,,,,,
,PMM,10,1,2,18.0,1.0,,,,,,,,
,PMM,10,2,3,18.0,1.0,,,,,,,,
,PMM,10,2,4,18.0,1.0,,,,,,,,
,PMM,10,3,5,18.0,1.0,,,,,,,,
,PMM,10,3,6,18.0,1.0,,,,,,,,
,PMM,10,4,7,18.0,1.0,,,,,,,,
,PMM,10,4,8,18.0,1.0,,,,,,,,
,PMM,10,5,9,18.0,1.0,,,,,,,,
,PMM,10,5,10,0.0,,,,,,,,,
,PMM,10,6,11,18.0,1.0,,,,,,,,
,PMM,10,6,12,0.0,,,,,,,,,
,PMM,10,7,13,18.0,1.0,,,,,,,,
,PMM,10,7,14,0.0,,,,,,,,,
,PMM,10,8,15,18.0,1.0,,,,,,,,
,PMM,10,8,16,0.0,,,,,,,,,
,PMM,10,9,17,18.0,1.0,,,,,,,,
,PMM,10,9,18,0.0,,,,,,,,,
,PMM,10,10,19,20.0,6.0,,,,,,,,
,PMM,10,10,20,0.0,,,,,,,,,
,PMM,11,1,1,16.0,2.0,,,,,,,,
,PMM,11,1,2,16.0,2.0,,,,,,,,
,PMM,11,2,3,16.0,2.0,,,,,,,,
,PMM,11,2,4,16.0,2.0,,,,,,,,
,PMM,11,3,5,16.0,2.0,,,,,,,,
,PMM,11,3,6,16.0,2.0,,,,,,,,
,PMM,11,4,7,16.0,2.0,,,,,,,,
,PMM,11,4,8,16.0,2.0,,,,,,,,
,PMM,11,5,9,16.0,2.0,,,,,,,,
,PMM,11,5,10,0.0,,,,,,,,,
,PMM,11,6,11,18.0,1.0,,,,,,,,
,PMM,11,6,12,18.0,1.0,,,,,,,,
,PMM,11,7,13,18.0,1.0,,,,,,,,
,PMM,11,7,14,0.0,,,,,,,,,
,PMM,11,8,15,18.0,1.0,,,,,,,,
,PMM,11,8,16,0.0,,,,,,,,,
,PMM,11,9,17,18.0,1.0,,,,,,,,
,PMM,11,9,18,0.0,,,,,,,,,
,PMM,11,10,19,18.0,1.0,,,,,,,,
,PMM,11,10,20,0.0,,,,,,,,,
,PMM,12,1,1,16.0,1.0,,,,,,,,
,PMM,12,1,2,16.0,1.0,,,,,,,,
,PMM,12,2,3,16.0,1.0,,,,,,,,
,PMM,12,2,4,16.0,1.0,,,,,,,,
,PMM,12,3,5,16.0,2.0,,,,,,,,
,PMM,12,3,6,16.0,2.0,,,,,,,,
,PMM,12,4,7,16.0,2.0,,,,,,,,
,PMM,12,4,8,16.0,2.0,,,,,,,,
,PMM,12,5,9,16.0,2.0,,,,,,,,
,PMM,12,5,10,0.0,,,,,,,,,
,PMM,12,6,11,18.0,1.0,,,,,,,,
,PMM,12,6,12,18.0,1.0,,,,,,,,
,PMM,12,7,13,18.0,1.0,,,,,,,,
,PMM,12,7,14,0.0,,,,,,,,,
,PMM,12,8,15,18.0,1.0,,,,,,,,
,PMM,12,8,16,0.0,,,,,,,,,
,PMM,12,9,17,18.0,1.0,,,,,,,,
,PMM,12,9,18,0.0,,,,,,,,,
,PMM,12,10,19,18.0,1.0,,,,,,,,
,PMM,12,10,20,0.0,,,,,,,,,
,PMM,13,1,1,18.0,2.0,,,,,,,,
,PMM,13,1,2,18.0,2.0,,,,,,,,
,PMM,13,2,3,18.0,2.0,,,,,,,,
,PMM,13,2,4,18.0,2.0,,,,,,,,
,PMM,13,3,5,18.0,2.0,,,,,,,,
,PMM,13,3,6,18.0,2.0,,,,,,,,
,PMM,13,4,7,18.0,2.0,,,,,,,,
,PMM,13,4,8,18.0,2.0,,,,,,,,
,PMM,13,5,9,18.0,1.0,,,,,,,,
,PMM,13,5,10,0.0,,,,,,,,,
,PMM,13,6,11,18.0,5.0,,,,,,,,
,PMM,13,6,12,0.0,,,,,,,,,
,PMM,13,7,13,18.0,5.0,,,,,,,,
,PMM,13,7,14,0.0,,,,,,,,,
,PMM,13,8,15,18.0,5.0,,,,,,,,
,PMM,13,8,16,0.0,,,,,,,,,
,PMM,13,9,17,20.0,6.0,,,,,,,,
,PMM,13,9,18,0.0,,,,,,,,,
,PMM,13,10,19,20.0,6.0,,,,,,,,
,PMM,13,10,20,0.0,,,,,,,,,
,PMM,14,1,1,18.0,2.0,,,,,,,,
,PMM,14,1,2,18.0,2.0,,,,,,,,
,PMM,14,2,3,18.0,2.0,,,,,,,,
,PMM,14,2,4,18.0,2.0,,,,,,,,
,PMM,14,3,5,18.0,2.0,,,,,,,,
,PMM,14,3,6,18.0,2.0,,,,,,,,
,PMM,14,4,7,18.0,2.0,,,,,,,,
,PMM,14,4,8,18.0,2.0,,,,,,,,
,PMM,14,5,9,18.0,2.0,,,,,,,,
,PMM,14,5,10,0.0,,,,,,,,,
,PMM,14,6,11,18.0,2.0,,,,,,,,
,PMM,14,6,12,0.0,,,,,,,,,
,PMM,14,7,13,18.0,2.0,,,,,,,,
,PMM,14,7,14,0.0,,,,,,,,,
,PMM,14,8,15,18.0,2.0,,,,,,,,
,PMM,14,8,16,0.0,,,,,,,,,
,PMM,14,9,17,20.0,6.0,,,,,,,,
,PMM,14,9,18,0.0,,,,,,,,,
,PMM,14,10,19,20.0,6.0,,,,,,,,
,PMM,14,10,20,0.0,,,,,,,,,
,SLI,1,1,1,,,,,,,,,,
,SLI,1,1,2,20.0,1.0,,,,,,,,
,SLI,1,2,3,0.0,,,,,,,,,
,SLI,1,2,4,20.0,1.0,,,,,,,,
,SLI,1,3,5,20.0,1.0,,,,,,,,
,SLI,1,3,6,20.0,1.0,,,,,,,,
,SLI,1,4,7,0.0,,,,,,,,,
,SLI,1,4,8,18.0,1.0,,,,,,,,
,SLI,1,5,9,0.0,,,,,,,,,
,SLI,1,5,10,18.0,1.0,,,,,,,,
,SLI,1,6,11,0.0,,,,,,,,,
,SLI,1,6,12,18.0,1.0,,,,,,,,
,SLI,1,7,13,0.0,,,,,,,,,
,SLI,1,7,14,18.0,1.0,,,,,,,,
,SLI,1,8,15,0.0,,,,,,,,,
,SLI,1,8,16,0.0,1.0,,,,,,,,
,SLI,1,9,17,0.0,,,,,,,,,
,SLI,1,9,18,20.0,1.0,,,,,,,,
,SLI,1,10,19,0.0,,,,,,,,,
,SLI,1,10,20,20.0,1.0,,,,,,,,
,SLI,1,11,21,0.0,,,,,,,,,
,SLI,1,11,22,18.0,1.0,,,,,,,,
,SLI,1,12,23,0.0,,,,,,,,,
,SLI,1,12,24,20.0,1.0,,,,,,,,
,SLI,2,1,1,0.0,,,,,,,,,
,SLI,2,1,2,20.0,1.0,,,,,,,,
,SLI,2,2,3,0.0,1.0,,,,,,,,
,SLI,2,2,4,20.0,1.0,,,,,,,,
,SLI,2,3,5,0.0,,,,,,,,,
,SLI,2,3,6,18.0,1.0,,,,,,,,
,SLI,2,4,7,0.0,,,,,,,,,
,SLI,2,4,8,20.0,1.0,,,,,,,,
,SLI,2,5,9,0.0,,,,,,,,,
,SLI,2,5,10,20.0,1.0,,,,,,,,
,SLI,2,6,11,0.0,,,,,,,,,
,SLI,2,6,12,18.0,1.0,,,,,,,,
,SLI,2,7,13,0.0,,,,,,,,,
,SLI,2,7,14,20.0,2.0,,,,,,,,
,SLI,2,8,15,0.0,,,,,,,,,
,SLI,2,8,16,20.0,2.0,,,,,,,,
,SLI,2,9,17,0.0,,,,,,,,,
,SLI,2,9,18,20.0,2.0,,,,,,,,
,SLI,2,10,19,0.0,,,,,,,,,
,SLI,2,10,20,18.0,2.0,,,,,,,,
,SLI,2,11,21,0.0,,,,,,,,,
,SLI,2,11,22,20.0,2.0,,,,,,,,
,SLI,2,12,23,0.0,,,,,,,,,
,SLI,2,12,24,20.0,2.0,,,,,,,,
,SLI,2,1,1,0.0,,,,,,,,,
,SLI,3,1,2,20.0,2.0,,,,,,,,
,SLI,3,2,3,18.0,2.0,,,,,,,,
,SLI,3,2,4,18.0,2.0,,,,,,,,
,SLI,3,3,5,0.0,,,,,,,,,
,SLI,3,3,6,20.0,2.0,,,,,,,,
,SLI,3,4,7,0.0,,,,,,,,,
,SLI,3,4,8,20.0,2.0,,,,,,,,
,SLI,3,5,9,0.0,,,,,,,,,
,SLI,3,5,10,20.0,2.0,,,,,,,,
,SLI,3,6,11,0.0,,,,,,,,,
,SLI,3,6,12,20.0,2.0,,,,,,,,
,SLI,3,7,13,0.0,,,,,,,,,
,SLI,3,7,14,20.0,2.0,,,,,,,,
,SLI,3,8,15,0.0,,,,,,,,,
,SLI,3,8,16,20.0,2.0,,,,,,,,
,SLI,3,9,17,0.0,,,,,,,,,
,SLI,3,9,18,18.0,2.0,,,,,,,,
,SLI,3,10,19,0.0,,,,,,,,,
,SLI,3,10,20,20.0,2.0,,,,,,,,
,SLI,3,11,21,0.0,,,,,,,,,
,SLI,3,11,22,20.0,2.0,,,,,,,,
,SLI,3,12,23,0.0,,,,,,,,,
,SLI,3,12,24,20.0,2.0,,,,,,,,
,SLI,4,1,1,0.0,,,,,,,,,
,SLI,4,1,2,18.0,2.0,,,,,,,,
,SLI,4,2,3,0.0,,,,,,,,,
,SLI,4,2,4,20.0,3.0,,,,,,,,
,SLI,4,3,5,0.0,,,,,,,,,
,SLI,4,3,6,20.0,3.0,,,,,,,,
,SLI,4,4,7,0.0,,,,,,,,,
,SLI,4,4,8,20.0,3.0,,,,,,,,
,SLI,4,5,9,18.0,3.0,,,,,,,,
,SLI,4,5,10,18.0,3.0,,,,,,,,
,SLI,4,6,11,0.0,,,,,,,,,
,SLI,4,6,12,20.0,3.0,,,,,,,,
,SLI,4,7,13,0.0,,,,,,,,,
,SLI,4,7,14,20.0,3.0,,,,,,,,
,SLI,4,8,15,0.0,,,,,,,,,
,SLI,4,8,16,20.0,3.0,,,,,,,,
,SLI,4,9,17,20.0,3.0,,,,,,,,
,SLI,4,9,18,20.0,3.0,,,,,,,,
,SLI,4,10,19,0.0,,,,,,,,,
,SLI,4,10,20,20.0,3.0,,,,,,,,
,SLI,4,11,21,0.0,,,,,,,,,
,SLI,4,11,22,20.0,3.0,,,,,,,,
,SLI,4,12,23,0.0,,,,,,,,,
,SLI,4,12,24,18.0,3.0,,,,,,,,
,SLI,5,1,1,0.0,,,,,,,,,
,SLI,5,1,2,20.0,3.0,,,,,,,,
,SLI,5,2,3,20.0,3.0,,,,,,,,
,SLI,5,2,4,20.0,3.0,,,,,,,,
,SLI,5,3,5,0.0,,,,,,,,,
,SLI,5,3,6,18.0,3.0,,,,,,,,
,SLI,5,4,7,0.0,,,,,,,,,
,SLI,5,4,8,20.0,3.0,,,,,,,,
,SLI,5,5,9,0.0,,,,,,,,,
,SLI,5,5,10,20.0,3.0,,,,,,,,
,SLI,5,6,11,0.0,,,,,,,,,
,SLI,5,6,12,18.0,3.0,,,,,,,,
,SLI,5,7,13,0.0,,,,,,,,,
,SLI,5,7,14,20.0,4.0,,,,,,,,
,SLI,5,8,15,0.0,,,,,,,,,
,SLI,5,8,16,20.0,4.0,,,,,,,,
,SLI,5,9,17,0.0,,,,,,,,,
,SLI,5,9,18,20.0,4.0,,,,,,,,
,SLI,5,10,19,0.0,,,,,,,,,
,SLI,5,10,20,18.0,4.0,,,,,,,,
,SLI,5,11,21,0.0,,,,,,,,,
,SLI,5,11,22,20.0,4.0,,,,,,,,
,SLI,5,12,23,0.0,,,,,,,,,
,SLI,5,12,24,20.0,4.0,,,,,,,,
,SLI,6,1,1,0.0,,,,,,,,,
,SLI,6,1,2,20.0,4.0,,,,,,,,
,SLI,6,2,3,18.0,4.0,,,,,,,,
,SLI,6,2,4,18.0,4.0,,,,,,,,
,SLI,6,3,5,0.0,,,,,,,,,
,SLI,6,3,6,20.0,4.0,,,,,,,,
,SLI,6,4,7,0.0,,,,,,,,,
,SLI,6,4,8,20.0,4.0,,,,,,,,
,SLI,6,5,9,0.0,,,,,,,,,
,SLI,6,5,10,20.0,4.0,,,,,,,,
,SLI,6,6,11,0.0,,,,,,,,,
,SLI,6,6,12,20.0,4.0,,,,,,,,
,SLI,6,7,13,0.0,,,,,,,,,
,SLI,6,7,14,20.0,4.0,,,,,,,,
,SLI,6,8,15,20.0,4.0,,,,,,,,
,SLI,6,8,16,20.0,4.0,,,,,,,,
,SLI,6,9,17,0.0,,,,,,,,,
,SLI,6,9,18,18.0,4.0,,,,,,,,
,SLI,6,10,19,0.0,,,,,,,,,
,SLI,6,10,20,20.0,4.0,,,,,,,,
,SLI,6,11,21,0.0,,,,,,,,,
,SLI,6,11,22,20.0,4.0,,,,,,,,
,SLI,6,12,23,0.0,,,,,,,,,
,SLI,6,12,24,20.0,4.0,,,,,,,,
,SLI,7,1,1,0.0,,,,,,,,,
,SLI,7,1,2,20.0,1.0,,,,,,,,
,SLI,7,2,3,0.0,,,,,,,,,
,SLI,7,2,4,20.0,1.0,,,,,,,,
,SLI,7,3,5,0.0,,,,,,,,,
,SLI,7,3,6,20.0,1.0,,,,,,,,
,SLI,7,4,7,0.0,,,,,,,,,
,SLI,7,4,8,20.0,1.0,,,,,,,,
,SLI,7,5,9,0.0,,,,,,,,,
,SLI,7,5,10,20.0,1.0,,,,,,,,
,SLI,7,6,11,0.0,,,,,,,,,
,SLI,7,6,12,20.0,1.0,,,,,,,,
,SLI,7,7,13,0.0,,,,,,,,,
,SLI,7,7,14,20.0,1.0,,,,,,,,
,SLI,7,8,15,0.0,,,,,,,,,
,SLI,7,8,16,20.0,1.0,,,,,,,,
,SLI,7,9,17,0.0,,,,,,,,,
,SLI,7,9,18,20.0,1.0,,,,,,,,
,SLI,7,10,19,0.0,,,,,,,,,
,SLI,7,10,20,20.0,1.0,,,,,,,,
,SLI,7,11,21,0.0,,,,,,,,,
,SLI,7,11,22,20.0,1.0,,,,,,,,
,SLI,7,12,23,0.0,,,,,,,,,
,SLI,7,12,24,20.0,1.0,,,,,,,,
,SLI,8,1,1,0.0,,,,,,,,,
,SLI,8,1,2,20.0,1.0,,,,,,,,
,SLI,8,2,3,0.0,,,,,,,,,
,SLI,8,2,4,20.0,1.0,,,,,,,,
,SLI,8,3,5,0.0,,,,,,,,,
,SLI,8,3,6,20.0,1.0,,,,,,,,
,SLI,8,4,7,0.0,,,,,,,,,
,SLI,8,4,8,20.0,1.0,,,,,,,,
,SLI,8,5,9,0.0,,,,,,,,,
,SLI,8,5,10,20.0,1.0,,,,,,,,
,SLI,8,6,11,0.0,,,,,,,,,
,SLI,8,6,12,20.0,1.0,,,,,,,,
,SLI,8,7,13,0.0,,,,,,,,,
,SLI,8,7,14,20.0,1.0,,,,,,,,
,SLI,8,8,15,0.0,,,,,,,,,
,SLI,8,8,16,20.0,1.0,,,,,,,,
,SLI,8,9,17,0.0,,,,,,,,,
,SLI,8,9,18,20.0,1.0,,,,,,,,
,SLI,8,10,19,0.0,,,,,,,,,
,SLI,8,10,20,20.0,1.0,,,,,,,,
,SLI,8,11,21,0.0,,,,,,,,,
,SLI,8,11,22,20.0,1.0,,,,,,,,
,SLI,8,12,23,0.0,,,,,,,,,
,SLI,8,12,24,20.0,1.0,,,,,,,,
,SLI,9,1,1,0.0,,,,,,,,,
,SLI,9,1,2,20.0,1.0,,,,,,,,
,SLI,9,2,3,20.0,2.0,,,,,,,,
,SLI,9,2,4,20.0,2.0,,,,,,,,
,SLI,9,3,5,0.0,,,,,,,,,
,SLI,9,3,6,20.0,2.0,,,,,,,,
,SLI,9,4,7,0.0,,,,,,,,,
,SLI,9,4,8,20.0,2.0,,,,,,,,
,SLI,9,5,9,0.0,,,,,,,,,
,SLI,9,5,10,20.0,2.0,,,,,,,,
,SLI,9,6,11,0.0,,,,,,,,,
,SLI,9,6,12,18.0,2.0,,,,,,,,
,SLI,9,7,13,0.0,,,,,,,,,
,SLI,9,7,14,20.0,2.0,,,,,,,,
,SLI,9,8,15,0.0,,,,,,,,,
,SLI,9,8,16,20.0,2.0,,,,,,,,
,SLI,9,9,17,0.0,,,,,,,,,
,SLI,9,9,18,18.0,2.0,,,,,,,,
,SLI,9,10,19,0.0,,,,,,,,,
,SLI,9,10,20,20.0,2.0,,,,,,,,
,SLI,9,11,21,0.0,,,,,,,,,
,SLI,9,11,22,20.0,2.0,,,,,,,,
,SLI,9,12,23,0.0,,,,,,,,,
,SLI,9,12,24,20.0,2.0,,,,,,,,
,SLI,10,1,1,0.0,,,,,,,,,
,SLI,10,1,2,20.0,2.0,,,,,,,,
,SLI,10,2,3,0.0,,,,,,,,,
,SLI,10,2,4,20.0,2.0,,,,,,,,
,SLI,10,3,5,0.0,,,,,,,,,
,SLI,10,3,6,20.0,2.0,,,,,,,,
,SLI,10,4,7,0.0,,,,,,,,,
,SLI,10,4,8,20.0,2.0,,,,,,,,
,SLI,10,5,9,0.0,,,,,,,,,
,SLI,10,5,10,20.0,2.0,,,,,,,,
,SLI,10,6,11,0.0,,,,,,,,,
,SLI,10,6,12,20.0,2.0,,,,,,,,
,SLI,10,7,13,0.0,,,,,,,,,
,SLI,10,7,14,20.0,2.0,,,,,,,,
,SLI,10,8,15,0.0,,,,,,,,,
,SLI,10,8,16,20.0,2.0,,,,,,,,
,SLI,10,9,17,0.0,,,,,,,,,
,SLI,10,9,18,20.0,2.0,,,,,,,,
,SLI,10,10,19,0.0,,,,,,,,,
,SLI,10,10,20,20.0,2.0,,,,,,,,
,SLI,10,11,21,0.0,,,,,,,,,
,SLI,10,11,22,20.0,3.0,,,,,,,,
,SLI,10,12,23,0.0,,,,,,,,,
,SLI,10,12,24,20.0,3.0,,,,,,,,
,SLI,11,1,1,0.0,,,,,,,,,
,SLI,11,1,2,20.0,3.0,,,,,,,,
,SLI,11,2,3,0.0,,,,,,,,,
,SLI,11,2,4,20.0,3.0,,,,,,,,
,SLI,11,3,5,0.0,,,,,,,,,
,SLI,11,3,6,20.0,3.0,,,,,,,,
,SLI,11,4,7,20.0,3.0,,,,,,,,
,SLI,11,4,8,20.0,3.0,,,,,,,,
,SLI,11,5,9,0.0,,,,,,,,,
,SLI,11,5,10,20.0,3.0,,,,,,,,
,SLI,11,6,11,0.0,,,,,,,,,
,SLI,11,6,12,20.0,3.0,,,,,,,,
,SLI,11,7,13,0.0,,,,,,,,,
,SLI,11,7,14,20.0,3.0,,,,,,,,
,SLI,11,8,15,0.0,,,,,,,,,
,SLI,11,8,16,20.0,3.0,,,,,,,,
,SLI,11,9,17,0.0,,,,,,,,,
,SLI,11,9,18,20.0,3.0,,,,,,,,
,SLI,11,10,19,0.0,,,,,,,,,
,SLI,11,10,20,20.0,3.0,,,,,,,,
,SLI,11,11,21,0.0,,,,,,,,,
,SLI,11,11,22,20.0,3.0,,,,,,,,
,SLI,11,12,23,0.0,,,,,,,,,
,SLI,11,12,24,20.0,3.0,,,,,,,,
,SLI,12,1,1,0.0,,,,,,,,,
,SLI,12,1,2,20.0,3.0,,,,,,,,
,SLI,12,2,3,0.0,,,,,,,,,
,SLI,12,2,4,20.0,3.0,,,,,,,,
,SLI,12,3,5,0.0,,,,,,,,,
,SLI,12,3,6,20.0,3.0,,,,,,,,
,SLI,12,4,7,0.0,,,,,,,,,
,SLI,12,4,8,20.0,3.0,,,,,,,,
,SLI,12,5,9,0.0,,,,,,,,,
,SLI,12,5,10,20.0,3.0,,,,,,,,
,SLI,12,6,11,0.0,,,,,,,,,
,SLI,12,6,12,20.0,3.0,,,,,,,,
,SLI,12,7,13,0.0,,,,,,,,,
,SLI,12,7,14,20.0,3.0,,,,,,,,
,SLI,12,8,15,0.0,,,,,,,,,
,SLI,12,8,16,20.0,3.0,,,,,,,,
,SLI,12,9,17,0.0,,,,,,,,,
,SLI,12,9,18,20.0,3.0,,,,,,,,
,SLI,12,10,19,0.0,,,,,,,,,
,SLI,12,10,20,20.0,3.0,,,,,,,,
,SLI,12,11,21,0.0,,,,,,,,,
,SLI,12,11,22,20.0,3.0,,,,,,,,
,SLI,12,12,23,0.0,,,,,,,,,
,SLI,12,12,24,18.0,3.0,,,,,,,,
,SLI,13,1,1,0.0,,,,,,,,,
,SLI,13,1,2,20.0,3.0,,,,,,,,
,SLI,13,2,3,0.0,,,,,,,,,
,SLI,13,2,4,20.0,3.0,,,,,,,,
,SLI,13,3,5,0.0,,,,,,,,,
,SLI,13,3,6,20.0,3.0,,,,,,,,
,SLI,13,4,7,0.0,,,,,,,,,
,SLI,13,4,8,20.0,4.0,,,,,,,,
,SLI,13,5,9,0.0,,,,,,,,,
,SLI,13,5,10,20.0,4.0,,,,,,,,
,SLI,13,6,11,0.0,,,,,,,,,
,SLI,13,6,12,20.0,4.0,,,,,,,,
,SLI,13,7,13,0.0,,,,,,,,,
,SLI,13,7,14,20.0,4.0,,,,,,,,
,SLI,13,8,15,0.0,,,,,,,,,
,SLI,13,8,16,20.0,4.0,,,,,,,,
,SLI,13,9,17,0.0,,,,,,,,,
,SLI,13,9,18,20.0,4.0,,,,,,,,
,SLI,13,10,19,0.0,,,,,,,,,
,SLI,13,10,20,20.0,4.0,,,,,,,,
,SLI,13,11,21,0.0,,,,,,,,,
,SLI,13,11,22,20.0,4.0,,,,,,,,
,SLI,13,12,23,0.0,,,,,,,,,
,SLI,13,12,24,20.0,4.0,,,,,,,,
,SLI,14,1,1,0.0,,,,,,,,,
,SLI,14,1,2,20.0,4.0,,,,,,,,
,SLI,14,2,3,0.0,,,,,,,,,
,SLI,14,2,4,20.0,4.0,,,,,,,,
,SLI,14,3,5,0.0,,,,,,,,,
,SLI,14,3,6,20.0,4.0,,,,,,,,
,SLI,14,4,7,0.0,,,,,,,,,
,SLI,14,4,8,20.0,4.0,,,,,,,,
,SLI,14,5,9,0.0,,,,,,,,,
,SLI,14,5,10,20.0,4.0,,,,,,,,
,SLI,14,6,11,0.0,,,,,,,,,
,SLI,14,6,12,20.0,4.0,,,,,,,,
,SLI,14,7,13,0.0,,,,,,,,,
,SLI,14,7,14,20.0,4.0,,,,,,,,
,SLI,14,8,15,0.0,,,,,,,,,
,SLI,14,8,16,20.0,4.0,,,,,,,,
,SLI,14,9,17,0.0,,,,,,,,,
,SLI,14,9,18,20.0,4.0,,,,,,,,
,SLI,14,10,19,0.0,,,,,,,,,
,SLI,14,10,20,20.0,4.0,,,,,,,,
,SLI,14,11,21,0.0,,,,,,,,,
,SLI,14,11,22,20.0,4.0,,,,,,,,
,SLI,14,12,23,0.0,,,,,,,,,
,SLI,14,12,24,20.0,4.0,,,,,,,,
,SLI,15,1,1,0.0,,,,,,,,,
,SLI,15,1,2,20.0,4.0,,,,,,,,
,SLI,15,2,3,0.0,,,,,,,,,
,SLI,15,2,4,20.0,4.0,,,,,,,,
,SLI,15,3,5,0.0,,,,,,,,,
,SLI,15,3,6,20.0,4.0,,,,,,,,
,SLI,15,4,7,0.0,,,,,,,,,
,SLI,15,4,8,20.0,4.0,,,,,,,,
,SLI,15,5,9,0.0,,,,,,,,,
,SLI,15,5,10,20.0,5.0,,,,,,,,
,SLI,15,6,11,0.0,,,,,,,,,
,SLI,15,6,12,20.0,5.0,,,,,,,,
,SLI,15,7,13,0.0,,,,,,,,,
,SLI,15,7,14,20.0,5.0,,,,,,,,
,SLI,15,8,15,0.0,,,,,,,,,
,SLI,15,8,16,20.0,5.0,,,,,,,,
,SLI,15,9,17,0.0,,,,,,,,,
,SLI,15,9,18,20.0,5.0,,,,,,,,
,SLI,15,10,19,0.0,,,,,,,,,
,SLI,15,10,20,20.0,5.0,,,,,,,,
,SLI,15,11,21,0.0,,,,,,,,,
,SLI,15,11,22,20.0,5.0,,,,,,,,
,SLI,15,12,23,0.0,,,,,,,,,
,SLI,15,12,24,20.0,5.0,,,,,,,,
,SLI,16,1,1,0.0,,,,,,,,,
,SLI,16,1,2,20.0,5.0,,,,,,,,
,SLI,16,2,3,0.0,,,,,,,,,
,SLI,16,2,4,20.0,5.0,,,,,,,,
,SLI,16,3,5,0.0,,,,,,,,,
,SLI,16,3,6,20.0,5.0,,,,,,,,
,SLI,16,4,7,0.0,,,,,,,,,
,SLI,16,4,8,20.0,5.0,,,,,,,,
,SLI,16,5,9,0.0,,,,,,,,,
,SLI,16,5,10,20.0,5.0,,,,,,,,
,SLI,16,6,11,0.0,,,,,,,,,
,SLI,16,6,12,20.0,5.0,,,,,,,,
,SLI,16,7,13,0.0,,,,,,,,,
,SLI,16,7,14,20.0,5.0,,,,,,,,
,SLI,16,8,15,0.0,,,,,,,,,
,SLI,16,8,16,20.0,5.0,,,,,,,,
,SLI,16,9,17,0.0,,,,,,,,,
,SLI,16,9,18,20.0,5.0,,,,,,,,
,SLI,16,10,19,0.0,,,,,,,,,
,SLI,16,10,20,20.0,5.0,,,,,,,,
,SLI,16,11,21,0.0,,,,,,,,,
,SLI,16,11,22,20.0,5.0,,,,,,,,
,SLI,16,12,23,0.0,,,,,,,,,
,SLI,16,12,24,20.0,5.0,,,,,,,,
,SLI,17,1,1,0.0,,,,,,,,,
,SLI,17,1,2,20.0,5.0,,,,,,,,
,SLI,17,2,3,0.0,,,,,,,,,
,SLI,17,2,4,20.0,5.0,,,,,,,,
,SLI,17,3,5,0.0,,,,,,,,,
,SLI,17,3,6,20.0,5.0,,,,,,,,
,SLI,17,4,7,0.0,,,,,,,,,
,SLI,17,4,8,20.0,5.0,,,,,,,,
,SLI,17,5,9,0.0,,,,,,,,,
,SLI,17,5,10,20.0,5.0,,,,,,,,
,SLI,17,6,11,0.0,,,,,,,,,
,SLI,17,6,12,20.0,6.0,,,,,,,,
,SLI,17,7,13,0.0,,,,,,,,,
,SLI,17,7,14,20.0,6.0,,,,,,,,
,SLI,17,8,15,0.0,,,,,,,,,
,SLI,17,8,16,20.0,6.0,,,,,,,,
,SLI,17,9,17,0.0,,,,,,,,,
,SLI,17,9,18,20.0,6.0,,,,,,,,
,SLI,17,10,19,0.0,,,,,,,,,
,SLI,17,10,20,20.0,6.0,,,,,,,,
,SLI,17,11,21,0.0,,,,,,,,,
,SLI,17,11,22,20.0,6.0,,,,,,,,
,SLI,17,12,23,0.0,,,,,,,,,
,SLI,17,12,24,20.0,6.0,,,,,,,,
,SLI,18,1,1,0.0,,,,,,,,,
,SLI,18,1,2,20.0,6.0,,,,,,,,
,SLI,18,2,3,0.0,,,,,,,,,
,SLI,18,2,4,20.0,6.0,,,,,,,,
,SLI,18,3,5,0.0,,,,,,,,,
,SLI,18,3,6,20.0,6.0,,,,,,,,
,SLI,18,4,7,0.0,,,,,,,,,
,SLI,18,4,8,20.0,6.0,,,,,,,,
,SLI,18,5,9,0.0,,,,,,,,,
,SLI,18,5,10,20.0,6.0,,,,,,,,
,SLI,18,6,11,0.0,,,,,,,,,
,SLI,18,6,12,20.0,6.0,,,,,,,,
,SLI,18,7,13,0.0,,,,,,,,,
,SLI,18,7,14,20.0,6.0,,,,,,,,
,SLI,18,8,15,0.0,,,,,,,,,
,SLI,18,8,16,20.0,6.0,,,,,,,,
,SLI,18,9,17,0.0,,,,,,,,,
,SLI,18,9,18,20.0,6.0,,,,,,,,
,SLI,18,10,19,0.0,,,,,,,,,
,SLI,18,10,20,20.0,6.0,,,,,,,,
,SLI,18,11,21,0.0,,,,,,,,,
,SLI,18,11,22,20.0,6.0,,,,,,,,
,SLI,18,12,23,0.0,,,,,,,,,
,SLI,18,12,24,20.0,6.0,,,,,,,,
,FLN,1,1,1,0.0,,,,,,,,,
,FLN,1,1,2,20.0,1.0,,,,,,,,
,FLN,1,2,3,0.0,,,,,,,,,
,FLN,1,2,4,20.0,1.0,,,,,,,,
,FLN,1,3,5,0.0,,,,,,,,,
,FLN,1,3,6,20.0,1.0,,,,,,,,
,FLN,1,4,7,0.0,,,,,,,,,
,FLN,1,4,8,20.0,1.0,,,,,,,,
,FLN,1,5,9,0.0,,,,,,,,,
,FLN,1,5,10,20.0,1.0,,,,,,,,
,FLN,1,6,11,0.0,,,,,,,,,
,FLN,1,6,12,20.0,1.0,,,,,,,,
,FLN,1,7,13,0.0,,,,,,,,,
,FLN,1,7,14,18.0,1.0,,,,,,,,
,FLN,1,8,15,0.0,,,,,,,,,
,FLN,1,8,16,18.0,2.0,,,,,,,,
,FLN,1,9,17,0.0,,,,,,,,,
,FLN,1,9,18,18.0,2.0,,,,,,,,
,FLN,1,10,19,0.0,,,,,,,,,
,FLN,1,10,20,18.0,2.0,,,,,,,,
,FLN,1,11,21,0.0,,,,,,,,,
,FLN,1,11,22,18.0,2.0,,,,,,,,
,FLN,1,12,23,0.0,,,,,,,,,
,FLN,1,12,24,18.0,2.0,,,,,,,,
,FLN,2,1,1,0.0,,,,,,,,,
,FLN,2,1,2,20.0,1.0,,,,,,,,
,FLN,2,2,3,0.0,,,,,,,,,
,FLN,2,2,4,20.0,1.0,,,,,,,,
,FLN,2,3,5,0.0,,,,,,,,,
,FLN,2,3,6,20.0,1.0,,,,,,,,
,FLN,2,4,7,0.0,,,,,,,,,
,FLN,2,4,8,20.0,1.0,,,,,,,,
,FLN,2,5,9,0.0,,,,,,,,,
,FLN,2,5,10,20.0,1.0,,,,,,,,
,FLN,2,6,11,0.0,,,,,,,,,
,FLN,2,6,12,20.0,1.0,,,,,,,,
,FLN,2,7,13,0.0,,,,,,,,,
,FLN,2,7,14,18.0,1.0,,,,,,,,
,FLN,2,8,15,0.0,,,,,,,,,
,FLN,2,8,16,19.0,2.0,,,,,,,,
,FLN,2,9,17,0.0,,,,,,,,,
,FLN,2,9,18,19.0,2.0,,,,,,,,
,FLN,2,10,19,0.0,,,,,,,,,
,FLN,2,10,20,19.0,2.0,,,,,,,,
,FLN,2,11,21,0.0,,,,,,,,,
,FLN,2,11,22,19.0,2.0,,,,,,,,
,FLN,2,12,23,0.0,,,,,,,,,
,FLN,2,12,24,0.0,,,,,,,,,
,FLN,3,1,1,0.0,,,,,,,,,
,FLN,3,1,2,20.0,1.0,,,,,,,,
,FLN,3,2,3,0.0,,,,,,,,,
,FLN,3,2,4,20.0,1.0,,,,,,,,
,FLN,3,3,5,0.0,,,,,,,,,
,FLN,3,3,6,20.0,1.0,,,,,,,,
,FLN,3,4,7,0.0,,,,,,,,,
,FLN,3,4,8,20.0,1.0,,,,,,,,
,FLN,3,5,9,0.0,,,,,,,,,
,FLN,3,5,10,20.0,1.0,,,,,,,,
,FLN,3,6,11,0.0,,,,,,,,,
,FLN,3,6,12,20.0,1.0,,,,,,,,
,FLN,3,7,13,0.0,,,,,,,,,
,FLN,3,7,14,19.0,2.0,,,,,,,,
,FLN,3,8,15,0.0,,,,,,,,,
,FLN,3,8,16,19.0,2.0,,,,,,,,
,FLN,3,9,17,0.0,,,,,,,,,
,FLN,3,9,18,19.0,2.0,,,,,,,,
,FLN,3,10,19,0.0,,,,,,,,,
,FLN,3,10,20,19.0,2.0,,,,,,,,
,FLN,3,11,21,0.0,,,,,,,,,
,FLN,3,11,22,19.0,2.0,,,,,,,,
,FLN,3,12,23,0.0,,,,,,,,,
,FLN,3,12,24,0.0,,,,,,,,,
,FLN,4,1,1,0.0,,,,,,,,,
,FLN,4,1,2,20.0,3.0,,,,,,,,
,FLN,4,2,3,0.0,,,,,,,,,
,FLN,4,2,4,20.0,4.0,,,,,,,,
,FLN,4,3,5,0.0,,,,,,,,,
,FLN,4,3,6,20.0,4.0,,,,,,,,
,FLN,4,4,7,0.0,,,,,,,,,
,FLN,4,4,8,20.0,4.0,,,,,,,,
,FLN,4,5,9,0.0,,,,,,,,,
,FLN,4,5,10,20.0,4.0,,,,,,,,
,FLN,4,6,11,0.0,,,,,,,,,
,FLN,4,6,12,20.0,4.0,,,,,,,,
,FLN,4,7,13,0.0,,,,,,,,,
,FLN,4,7,14,20.0,4.0,,,,,,,,
,FLN,4,8,15,0.0,,,,,,,,,
,FLN,4,8,16,20.0,4.0,,,,,,,,
,FLN,4,9,17,0.0,,,,,,,,,
,FLN,4,9,18,20.0,4.0,,,,,,,,
,FLN,4,10,19,0.0,,,,,,,,,
,FLN,4,10,20,20.0,4.0,,,,,,,,
,FLN,4,11,21,0.0,,,,,,,,,
,FLN,4,11,22,20.0,3.0,,,,,,,,
,FLN,4,12,23,18.0,4.0,,,,,,,,
,FLN,4,12,24,18.0,4.0,,,,,,,,
,FLN,5,1,1,0.0,,,,,,,,,
,FLN,5,1,2,20.0,3.0,,,,,,,,
,FLN,5,2,3,0.0,,,,,,,,,
,FLN,5,2,4,20.0,4.0,,,,,,,,
,FLN,5,3,5,0.0,,,,,,,,,
,FLN,5,3,6,20.0,3.0,,,,,,,,
,FLN,5,4,7,0.0,,,,,,,,,
,FLN,5,4,8,20.0,3.0,,,,,,,,
,FLN,5,5,9,0.0,,,,,,,,,
,FLN,5,5,10,20.0,3.0,,,,,,,,
,FLN,5,6,11,0.0,,,,,,,,,
,FLN,5,6,12,20.0,3.0,,,,,,,,
,FLN,5,7,13,0.0,,,,,,,,,
,FLN,5,7,14,20.0,3.0,,,,,,,,
,FLN,5,8,15,0.0,,,,,,,,,
,FLN,5,8,16,20.0,3.0,,,,,,,,
,FLN,5,9,17,0.0,,,,,,,,,
,FLN,5,9,18,20.0,4.0,,,,,,,,
,FLN,5,10,19,0.0,,,,,,,,,
,FLN,5,10,20,20.0,4.0,,,,,,,,
,FLN,5,11,21,0.0,,,,,,,,,
,FLN,5,11,22,20.0,4.0,,,,,,,,
,FLN,5,12,23,18.0,4.0,,,,,,,,
,FLN,5,12,24,18.0,4.0,,,,,,,,
,FLN,6,1,1,0.0,,,,,,,,,
,FLN,6,1,2,20.0,4.0,,,,,,,,
,FLN,6,2,3,0.0,,,,,,,,,
,FLN,6,2,4,20.0,4.0,,,,,,,,
,FLN,6,3,5,0.0,,,,,,,,,
,FLN,6,3,6,20.0,4.0,,,,,,,,
,FLN,6,4,7,0.0,,,,,,,,,
,FLN,6,4,8,20.0,4.0,,,,,,,,
,FLN,6,5,9,0.0,,,,,,,,,
,FLN,6,5,10,20.0,4.0,,,,,,,,
,FLN,6,6,11,0.0,,,,,,,,,
,FLN,6,6,12,20.0,3.0,,,,,,,,
,FLN,6,7,13,0.0,,,,,,,,,
,FLN,6,7,14,20.0,3.0,,,,,,,,
,FLN,6,8,15,0.0,,,,,,,,,
,FLN,6,8,16,20.0,3.0,,,,,,,,
,FLN,6,9,17,0.0,,,,,,,,,
,FLN,6,9,18,20.0,3.0,,,,,,,,
,FLN,6,10,19,0.0,,,,,,,,,
,FLN,6,10,20,20.0,3.0,,,,,,,,
,FLN,6,11,21,0.0,,,,,,,,,
,FLN,6,11,22,18.0,4.0,,,,,,,,
,FLN,6,12,23,0.0,,,,,,,,,
,FLN,6,12,24,18.0,4.0,,,,,,,,
,FLN,7,1,1,0.0,,,,,,,,,
,FLN,7,1,2,20.0,3.0,,,,,,,,
,FLN,7,2,3,0.0,,,,,,,,,
,FLN,7,2,4,20.0,3.0,,,,,,,,
,FLN,7,3,5,0.0,,,,,,,,,
,FLN,7,3,6,20.0,3.0,,,,,,,,
,FLN,7,4,7,0.0,,,,,,,,,
,FLN,7,4,8,20.0,3.0,,,,,,,,
,FLN,7,5,9,0.0,,,,,,,,,
,FLN,7,5,10,20.0,4.0,,,,,,,,
,FLN,7,6,11,0.0,,,,,,,,,
,FLN,7,6,12,20.0,4.0,,,,,,,,
,FLN,7,7,13,0.0,,,,,,,,,
,FLN,7,7,14,20.0,4.0,,,,,,,,
,FLN,7,8,15,0.0,,,,,,,,,
,FLN,7,8,16,20.0,4.0,,,,,,,,
,FLN,7,9,17,0.0,,,,,,,,,
,FLN,7,9,18,20.0,3.0,,,,,,,,
,FLN,7,10,19,0.0,,,,,,,,,
,FLN,7,10,20,20.0,3.0,,,,,,,,
,FLN,7,11,21,0.0,,,,,,,,,
,FLN,7,11,22,20.0,3.0,,,,,,,,
,FLN,7,12,23,18.0,4.0,,,,,,,,
,FLN,7,12,24,18.0,4.0,,,,,,,,
,CP MJL,1,1,1,20.0,1.0,,,,,,,,
,CP MJL,1,1,2,,,,,,,,,,
,CP MJL,1,2,3,20.0,1.0,,,,,,,,
,CP MJL,1,2,4,,,,,,,,,,
,CP MJL,1,3,5,20.0,1.0,,,,,,,,
,CP MJL,1,3,6,,,,,,,,,,
,CP MJL,1,4,7,20.0,1.0,,,,,,,,
,CP MJL,1,4,8,,,,,,,,,,
,CP MJL,1,5,9,20.0,1.0,,,,,,,,
,CP MJL,1,5,10,,,,,,,,,,
,CP MJL,1,6,11,20.0,1.0,,,,,,,,
,CP MJL,1,6,12,,,,,,,,,,
,CP MJL,1,7,13,20.0,1.0,,,,,,,,
,CP MJL,1,7,14,,,,,,,,,,
,CP MJL,1,8,15,20.0,1.0,,,,,,,,
,CP MJL,1,8,16,,,,,,,,,,
,CP MJL,1,9,17,20.0,1.0,,,,,,,,
,CP MJL,1,9,18,,,,,,,,,,
,CP MJL,1,10,19,18.0,2.0,,,,,,,,
,CP MJL,1,10,20,,,,,,,,,,
,CP MJL,1,11,21,16.0,1.0,,,,,,,,
,CP MJL,1,11,22,,,,,,,,,,
,CP MJL,1,12,23,16.0,1.0,,,,,,,,
,CP MJL,1,12,24,,,,,,,,,,
,CP MJL,2,1,1,20.0,1.0,,,,,,,,
,CP MJL,2,1,2,,,,,,,,,,
,CP MJL,2,2,3,20.0,1.0,,,,,,,,
,CP MJL,2,2,4,,,,,,,,,,
,CP MJL,2,3,5,20.0,1.0,,,,,,,,
,CP MJL,2,3,6,,,,,,,,,,
,CP MJL,2,4,7,20.0,1.0,,,,,,,,
,CP MJL,2,4,8,,,,,,,,,,
,CP MJL,2,5,9,20.0,1.0,,,,,,,,
,CP MJL,2,5,10,,,,,,,,,,
,CP MJL,2,6,11,20.0,1.0,,,,,,,,
,CP MJL,2,6,12,,,,,,,,,,
,CP MJL,2,7,13,20.0,1.0,,,,,,,,
,CP MJL,2,7,14,,,,,,,,,,
,CP MJL,2,8,15,20.0,1.0,,,,,,,,
,CP MJL,2,8,16,,,,,,,,,,
,CP MJL,2,9,17,20.0,1.0,,,,,,,,
,CP MJL,2,9,18,,,,,,,,,,
,CP MJL,2,10,19,18.0,2.0,,,,,,,,
,CP MJL,2,10,20,,,,,,,,,,
,CP MJL,2,11,21,16.0,1.0,,,,,,,,
,CP MJL,2,11,22,,,,,,,,,,
,CP MJL,2,12,23,15.0,1.0,,,,,,,,
,CP MJL,2,12,24,,,,,,,,,,
,CP MJL,3,1,1,20.0,1.0,,,,,,,,
,CP MJL,3,1,2,,,,,,,,,,
,CP MJL,3,2,3,20.0,1.0,,,,,,,,
,CP MJL,3,2,4,,,,,,,,,,
,CP MJL,3,3,5,20.0,1.0,,,,,,,,
,CP MJL,3,3,6,,,,,,,,,,
,CP MJL,3,4,7,20.0,1.0,,,,,,,,
,CP MJL,3,4,8,,,,,,,,,,
,CP MJL,3,5,9,20.0,1.0,,,,,,,,
,CP MJL,3,5,10,,,,,,,,,,
,CP MJL,3,6,11,20.0,1.0,,,,,,,,
,CP MJL,3,6,12,,,,,,,,,,
,CP MJL,3,7,13,20.0,1.0,,,,,,,,
,CP MJL,3,7,14,,,,,,,,,,
,CP MJL,3,8,15,20.0,1.0,,,,,,,,
,CP MJL,3,8,16,,,,,,,,,,
,CP MJL,3,9,17,20.0,1.0,,,,,,,,
,CP MJL,3,9,18,,,,,,,,,,
,CP MJL,3,10,19,18.0,2.0,,,,,,,,
,CP MJL,3,10,20,,,,,,,,,,
,CP MJL,3,11,21,16.0,1.0,,,,,,,,
,CP MJL,3,11,22,,,,,,,,,,
,CP MJL,3,12,23,15.0,1.0,,,,,,,,
,CP MJL,3,12,24,,,,,,,,,,
,CP MJL,4,1,1,20.0,1.0,,,,,,,,
,CP MJL,4,1,2,,,,,,,,,,
,CP MJL,4,2,3,20.0,1.0,,,,,,,,
,CP MJL,4,2,4,,,,,,,,,,
,CP MJL,4,3,5,20.0,1.0,,,,,,,,
,CP MJL,4,3,6,,,,,,,,,,
,CP MJL,4,4,7,20.0,1.0,,,,,,,,
,CP MJL,4,4,8,,,,,,,,,,
,CP MJL,4,5,9,20.0,1.0,,,,,,,,
,CP MJL,4,5,10,,,,,,,,,,
,CP MJL,4,6,11,20.0,2.0,,,,,,,,
,CP MJL,4,6,12,,,,,,,,,,
,CP MJL,4,7,13,20.0,2.0,,,,,,,,
,CP MJL,4,7,14,,,,,,,,,,
,CP MJL,4,8,15,20.0,2.0,,,,,,,,
,CP MJL,4,8,16,,,,,,,,,,
,CP MJL,4,9,17,20.0,2.0,,,,,,,,
,CP MJL,4,9,18,,,,,,,,,,
,CP MJL,4,10,19,18.0,2.0,,,,,,,,
,CP MJL,4,10,20,,,,,,,,,,
,CP MJL,4,11,21,16.0,1.0,,,,,,,,
,CP MJL,4,11,22,,,,,,,,,,
,CP MJL,4,12,23,16.0,2.0,,,,,,,,
,CP MJL,4,12,24,,,,,,,,,,
,CP MJL,5,1,1,20.0,2.0,,,,,,,,
,CP MJL,5,1,2,,,,,,,,,,
,CP MJL,5,2,3,20.0,2.0,,,,,,,,
,CP MJL,5,2,4,,,,,,,,,,
,CP MJL,5,3,5,20.0,1.0,,,,,,,,
,CP MJL,5,3,6,,,,,,,,,,
,CP MJL,5,4,7,20.0,1.0,,,,,,,,
,CP MJL,5,4,8,,,,,,,,,,
,CP MJL,5,5,9,20.0,1.0,,,,,,,,
,CP MJL,5,5,10,,,,,,,,,,
,CP MJL,5,6,11,20.0,1.0,,,,,,,,
,CP MJL,5,6,12,,,,,,,,,,
,CP MJL,5,7,13,20.0,1.0,,,,,,,,
,CP MJL,5,7,14,,,,,,,,,,
,CP MJL,5,8,15,20.0,1.0,,,,,,,,
,CP MJL,5,8,16,,,,,,,,,,
,CP MJL,5,9,17,20.0,2.0,,,,,,,,
,CP MJL,5,9,18,,,,,,,,,,
,CP MJL,5,10,19,18.0,1.0,,,,,,,,
,CP MJL,5,10,20,,,,,,,,,,
,CP MJL,5,11,21,16.0,1.0,,,,,,,,
,CP MJL,5,11,22,,,,,,,,,,
,CP MJL,5,12,23,16.0,1.0,,,,,,,,
,CP MJL,5,12,24,,,,,,,,,,
,CP MJL,6,1,1,20.0,1.0,,,,,,,,
,CP MJL,6,1,2,,,,,,,,,,
,CP MJL,6,2,3,20.0,1.0,,,,,,,,
,CP MJL,6,2,4,,,,,,,,,,
,CP MJL,6,3,5,20.0,2.0,,,,,,,,
,CP MJL,6,3,6,,,,,,,,,,
,CP MJL,6,4,7,20.0,2.0,,,,,,,,
,CP MJL,6,4,8,,,,,,,,,,
,CP MJL,6,5,9,20.0,2.0,,,,,,,,
,CP MJL,6,5,10,,,,,,,,,,
,CP MJL,6,6,11,20.0,2.0,,,,,,,,
,CP MJL,6,6,12,,,,,,,,,,
,CP MJL,6,7,13,20.0,2.0,,,,,,,,
,CP MJL,6,7,14,,,,,,,,,,
,CP MJL,6,8,15,20.0,2.0,,,,,,,,
,CP MJL,6,8,16,,,,,,,,,,
,CP MJL,6,9,17,20.0,1.0,,,,,,,,
,CP MJL,6,9,18,,,,,,,,,,
,CP MJL,6,10,19,20.0,1.0,,,,,,,,
,CP MJL,6,10,20,,,,,,,,,,
,CP MJL,6,11,21,20.0,1.0,,,,,,,,
,CP MJL,6,11,22,,,,,,,,,,
,CP MJL,6,12,23,,,,,,,,,,
,CP MJL,6,12,24,,,,,,,,,,
,CP MJL,7,1,1,20.0,2.0,,,,,,,,
,CP MJL,7,1,2,,,,,,,,,,
,CP MJL,7,2,3,20.0,2.0,,,,,,,,
,CP MJL,7,2,4,,,,,,,,,,
,CP MJL,7,3,5,20.0,2.0,,,,,,,,
,CP MJL,7,3,6,,,,,,,,,,
,CP MJL,7,4,7,20.0,2.0,,,,,,,,
,CP MJL,7,4,8,,,,,,,,,,
,CP MJL,7,5,9,20.0,2.0,,,,,,,,
,CP MJL,7,5,10,,,,,,,,,,
,CP MJL,7,6,11,20.0,2.0,,,,,,,,
,CP MJL,7,6,12,,,,,,,,,,
,CP MJL,7,7,13,20.0,2.0,,,,,,,,
,CP MJL,7,7,14,,,,,,,,,,
,CP MJL,7,8,15,20.0,2.0,,,,,,,,
,CP MJL,7,8,16,,,,,,,,,,
,CP MJL,7,9,17,20.0,2.0,,,,,,,,
,CP MJL,7,9,18,,,,,,,,,,
,CP MJL,7,10,19,20.0,2.0,,,,,,,,
,CP MJL,7,10,20,,,,,,,,,,
,CP MJL,7,11,21,20.0,2.0,,,,,,,,
,CP MJL,7,11,22,,,,,,,,,,
,CP MJL,7,12,23,,,,,,,,,,
,CP MJL,7,12,24,,,,,,,,,,
,CP MDN,1,1,1,20.0,2.0,,,,,,,,
,CP MDN,1,1,2,,,,,,,,,,
,CP MDN,1,2,3,20.0,2.0,,,,,,,,
,CP MDN,1,2,4,,,,,,,,,,
,CP MDN,1,3,5,20.0,2.0,,,,,,,,
,CP MDN,1,3,6,,,,,,,,,,
,CP MDN,1,4,7,20.0,2.0,,,,,,,,
,CP MDN,1,4,8,,,,,,,,,,
,CP MDN,1,5,9,20.0,2.0,,,,,,,,
,CP MDN,1,5,10,,,,,,,,,,
,CP MDN,1,6,11,20.0,2.0,,,,,,,,
,CP MDN,1,6,12,,,,,,,,,,
,CP MDN,1,7,13,20.0,2.0,,,,,,,,
,CP MDN,1,7,14,,,,,,,,,,
,CP MDN,1,8,15,20.0,2.0,,,,,,,,
,CP MDN,1,8,16,,,,,,,,,,
,CP MDN,1,9,17,20.0,2.0,,,,,,,,
,CP MDN,1,9,18,,,,,,,,,,
,CP MDN,1,10,19,20.0,2.0,,,,,,,,
,CP MDN,1,10,20,,,,,,,,,,
,CP MDN,1,11,21,20.0,2.0,,,,,,,,
,CP MDN,1,11,22,,,,,,,,,,
,CP MDN,1,12,23,20.0,2.0,,,,,,,,
,CP MDN,1,12,24,,,,,,,,,,
,CP MDN,2,1,1,20.0,1.0,,,,,,,,
,CP MDN,2,1,2,,1.0,,,,,,,,
,CP MDN,2,2,3,20.0,1.0,,,,,,,,
,CP MDN,2,2,4,,1.0,,,,,,,,
,CP MDN,2,3,5,20.0,1.0,,,,,,,,
,CP MDN,2,3,6,,,,,,,,,,
,CP MDN,2,4,7,20.0,1.0,,,,,,,,
,CP MDN,2,4,8,,,,,,,,,,
,CP MDN,2,5,9,20.0,1.0,,,,,,,,
,CP MDN,2,5,10,,,,,,,,,,
,CP MDN,2,6,11,20.0,1.0,,,,,,,,
,CP MDN,2,6,12,,,,,,,,,,
,CP MDN,2,7,13,20.0,1.0,,,,,,,,
,CP MDN,2,7,14,,,,,,,,,,
,CP MDN,2,8,15,20.0,1.0,,,,,,,,
,CP MDN,2,8,16,,,,,,,,,,
,CP MDN,2,9,17,20.0,1.0,,,,,,,,
,CP MDN,2,9,18,,,,,,,,,,
,CP MDN,2,10,19,20.0,1.0,,,,,,,,
,CP MDN,2,10,20,,,,,,,,,,
,CP MDN,2,11,21,20.0,1.0,,,,,,,,
,CP MDN,2,11,22,,,,,,,,,,
,CP MDN,2,12,23,20.0,1.0,,,,,,,,
,CP MDN,2,12,24,,,,,,,,,,
,CP MDN,3,1,1,20.0,2.0,,,,,,,,
,CP MDN,3,1,2,,,,,,,,,,
,CP MDN,3,2,3,20.0,2.0,,,,,,,,
,CP MDN,3,2,4,,,,,,,,,,
,CP MDN,3,3,5,20.0,2.0,,,,,,,,
,CP MDN,3,3,6,,,,,,,,,,
,CP MDN,3,4,7,20.0,2.0,,,,,,,,
,CP MDN,3,4,8,,,,,,,,,,
,CP MDN,3,5,9,20.0,2.0,,,,,,,,
,CP MDN,3,5,10,,,,,,,,,,
,CP MDN,3,6,11,18.0,1.0,,,,,,,,
,CP MDN,3,6,12,,,,,,,,,,
,CP MDN,3,7,13,18.0,1.0,,,,,,,,
,CP MDN,3,7,14,,,,,,,,,,
,CP MDN,3,8,15,18.0,1.0,,,,,,,,
,CP MDN,3,8,16,,,,,,,,,,
,CP MDN,3,9,17,20.0,2.0,,,,,,,,
,CP MDN,3,9,18,,,,,,,,,,
,CP MDN,3,10,19,20.0,2.0,,,,,,,,
,CP MDN,3,10,20,,,,,,,,,,
,CP MDN,3,11,21,20.0,1.0,,,,,,,,
,CP MDN,3,11,22,,,,,,,,,,
,CP MDN,3,12,23,20.0,2.0,,,,,,,,
,CP MDN,3,12,24,,,,,,,,,,
,CP MDN,4,1,1,16.0,2.0,,,,,,,,
,CP MDN,4,1,2,16.0,2.0,,,,,,,,
,CP MDN,4,2,3,16.0,2.0,,,,,,,,
,CP MDN,4,2,4,16.0,2.0,,,,,,,,
,CP MDN,4,3,5,14.0,2.0,,,,,,,,
,CP MDN,4,3,6,,,,,,,,,,
,CP MDN,4,4,7,15.0,1.0,,,,,,,,
,CP MDN,4,4,8,,,,,,,,,,
,CP MDN,4,5,9,15.0,1.0,,,,,,,,
,CP MDN,4,5,10,,,,,,,,,,
,CP MDN,4,6,11,14.0,1.0,,,,,,,,
,CP MDN,4,6,12,,,,,,,,,,
,CP MDN,4,7,13,14.0,2.0,,,,,,,,
,CP MDN,4,7,14,,,,,,,,,,
,CP MDN,4,8,15,14.0,2.0,,,,,,,,
,CP MDN,4,8,16,,,,,,,,,,
,CP MDN,4,9,17,16.0,2.0,,,,,,,,
,CP MDN,4,9,18,,,,,,,,,,
,CP MDN,4,10,19,14.0,2.0,,,,,,,,
,CP MDN,4,10,20,,,,,,,,,,
,CP MDN,4,11,21,15.0,1.0,,,,,,,,
,CP MDN,4,11,22,,,,,,,,,,
,CP MDN,4,12,23,15.0,1.0,,,,,,,,
,CP MDN,4,12,24,,,,,,,,,,
,CP MDN,5,1,1,20.0,2.0,,,,,,,,
,CP MDN,5,1,2,,,,,,,,,,
,CP MDN,5,2,3,20.0,2.0,,,,,,,,
,CP MDN,5,2,4,,,,,,,,,,
,CP MDN,5,3,5,20.0,2.0,,,,,,,,
,CP MDN,5,3,6,,,,,,,,,,
,CP MDN,5,4,7,20.0,2.0,,,,,,,,
,CP MDN,5,4,8,,,,,,,,,,
,CP MDN,5,5,9,20.0,2.0,,,,,,,,
,CP MDN,5,5,10,,,,,,,,,,
,CP MDN,5,6,11,20.0,2.0,,,,,,,,
,CP MDN,5,6,12,,,,,,,,,,
,CP MDN,5,7,13,20.0,2.0,,,,,,,,
,CP MDN,5,7,14,,,,,,,,,,
,CP MDN,5,8,15,20.0,2.0,,,,,,,,
,CP MDN,5,8,16,,,,,,,,,,
,CP MDN,5,9,17,20.0,2.0,,,,,,,,
,CP MDN,5,9,18,,,,,,,,,,
,CP MDN,5,10,19,20.0,2.0,,,,,,,,
,CP MDN,5,10,20,,,,,,,,,,
,CP MDN,5,11,21,20.0,2.0,,,,,,,,
,CP MDN,5,11,22,,,,,,,,,,
,CP MDN,5,12,23,,2.0,,,,,,,,
,CP MDN,5,12,24,,,,,,,,,,
,CP MDN,6,1,1,20.0,2.0,,,,,,,,
,CP MDN,6,1,2,,,,,,,,,,
,CP MDN,6,2,3,20.0,2.0,,,,,,,,
,CP MDN,6,2,4,,,,,,,,,,
,CP MDN,6,3,5,20.0,2.0,,,,,,,,
,CP MDN,6,3,6,,,,,,,,,,
,CP MDN,6,4,7,20.0,2.0,,,,,,,,
,CP MDN,6,4,8,,,,,,,,,,
,CP MDN,6,5,9,20.0,2.0,,,,,,,,
,CP MDN,6,5,10,,,,,,,,,,
,CP MDN,6,6,11,20.0,2.0,,,,,,,,
,CP MDN,6,6,12,,,,,,,,,,
,CP MDN,6,7,13,20.0,2.0,,,,,,,,
,CP MDN,6,7,14,,,,,,,,,,
,CP MDN,6,8,15,20.0,2.0,,,,,,,,
,CP MDN,6,8,16,,,,,,,,,,
,CP MDN,6,9,17,20.0,1.0,,,,,,,,
,CP MDN,6,9,18,,,,,,,,,,
,CP MDN,6,10,19,20.0,1.0,,,,,,,,
,CP MDN,6,10,20,,,,,,,,,,
,CP MDN,6,11,21,20.0,1.0,,,,,,,,
,CP MDN,6,11,22,,,,,,,,,,
,CP MDN,6,12,23,,1.0,,,,,,,,
,CP MDN,6,12,24,,1.0,,,,,,,,
,CP MDN,7,1,1,20.0,1.0,,,,,,,,
,CP MDN,7,1,2,,,,,,,,,,
,CP MDN,7,2,3,20.0,1.0,,,,,,,,
,CP MDN,7,2,4,,,,,,,,,,
,CP MDN,7,3,5,20.0,1.0,,,,,,,,
,CP MDN,7,3,6,,,,,,,,,,
,CP MDN,7,4,7,20.0,1.0,,,,,,,,
,CP MDN,7,4,8,,,,,,,,,,
,CP MDN,7,5,9,20.0,1.0,,,,,,,,
,CP MDN,7,5,10,,,,,,,,,,
,CP MDN,7,6,11,20.0,1.0,,,,,,,,
,CP MDN,7,6,12,,,,,,,,,,
,CP MDN,7,7,13,20.0,1.0,,,,,,,,
,CP MDN,7,7,14,,,,,,,,,,
,CP MDN,7,8,15,20.0,1.0,,,,,,,,
,CP MDN,7,8,16,,,,,,,,,,
,CP MDN,7,9,17,20.0,1.0,,,,,,,,
,CP MDN,7,9,18,,,,,,,,,,
,CP MDN,7,10,19,20.0,1.0,,,,,,,,
,CP MDN,7,10,20,,,,,,,,,,
,CP MDN,7,11,21,20.0,1.0,,,,,,,,
,CP MDN,7,11,22,,,,,,,,,,
,CP MDN,7,12,23,,1.0,,,,,,,,
,CP MDN,7,12,24,,,,,,,,,,
,CP Bandung,1,1,1,20.0,1.0,,,,,,,,
,CP Bandung,1,1,2,,,,,,,,,,
,CP Bandung,1,2,3,20.0,1.0,,,,,,,,
,CP Bandung,1,2,4,,,,,,,,,,
,CP Bandung,1,3,5,20.0,1.0,,,,,,,,
,CP Bandung,1,3,6,,,,,,,,,,
,CP Bandung,1,4,7,20.0,1.0,,,,,,,,
,CP Bandung,1,4,8,,,,,,,,,,
,CP Bandung,1,5,9,20.0,1.0,,,,,,,,
,CP Bandung,1,5,10,,,,,,,,,,
,CP Bandung,1,6,11,20.0,1.0,,,,,,,,
,CP Bandung,1,6,12,,,,,,,,,,
,CP Bandung,1,7,13,20.0,1.0,,,,,,,,
,CP Bandung,1,7,14,,,,,,,,,,
,CP Bandung,1,8,15,20.0,1.0,,,,,,,,
,CP Bandung,1,8,16,,,,,,,,,,
,CP Bandung,1,9,17,20.0,1.0,,,,,,,,
,CP Bandung,1,9,18,,,,,,,,,,
,CP Bandung,1,10,19,20.0,1.0,,,,,,,,
,CP Bandung,1,10,20,,,,,,,,,,
,CP Bandung,1,11,21,20.0,1.0,,,,,,,,
,CP Bandung,1,11,22,,,,,,,,,,
,CP Bandung,1,12,23,,,,,,,,,,
,CP Bandung,1,12,24,,,,,,,,,,
,CP Bandung,2,1,1,20.0,1.0,,,,,,,,
,CP Bandung,2,1,2,,,,,,,,,,
,CP Bandung,2,2,3,20.0,1.0,,,,,,,,
,CP Bandung,2,2,4,,,,,,,,,,
,CP Bandung,2,3,5,20.0,1.0,,,,,,,,
,CP Bandung,2,3,6,,,,,,,,,,
,CP Bandung,2,4,7,20.0,1.0,,,,,,,,
,CP Bandung,2,4,8,,,,,,,,,,
,CP Bandung,2,5,9,20.0,1.0,,,,,,,,
,CP Bandung,2,5,10,,,,,,,,,,
,CP Bandung,2,6,11,20.0,1.0,,,,,,,,
,CP Bandung,2,6,12,,,,,,,,,,
,CP Bandung,2,7,13,20.0,1.0,,,,,,,,
,CP Bandung,2,7,14,,,,,,,,,,
,CP Bandung,2,8,15,20.0,1.0,,,,,,,,
,CP Bandung,2,8,16,,,,,,,,,,
,CP Bandung,2,9,17,20.0,1.0,,,,,,,,
,CP Bandung,2,9,18,,,,,,,,,,
,CP Bandung,2,10,19,20.0,1.0,,,,,,,,
,CP Bandung,2,10,20,,,,,,,,,,
,CP Bandung,2,11,21,20.0,1.0,,,,,,,,
,CP Bandung,2,11,22,,,,,,,,,,
,CP Bandung,2,12,23,,,,,,,,,,
,CP Bandung,2,12,24,,,,,,,,,,
,CP Bandung,3,1,1,20.0,1.0,,,,,,,,
,CP Bandung,3,1,2,,,,,,,,,,
,CP Bandung,3,2,3,20.0,1.0,,,,,,,,
,CP Bandung,3,2,4,,,,,,,,,,
,CP Bandung,3,3,5,20.0,1.0,,,,,,,,
,CP Bandung,3,3,6,,,,,,,,,,
,CP Bandung,3,4,7,20.0,1.0,,,,,,,,
,CP Bandung,3,4,8,,,,,,,,,,
,CP Bandung,3,5,9,20.0,1.0,,,,,,,,
,CP Bandung,3,5,10,,,,,,,,,,
,CP Bandung,3,6,11,20.0,1.0,,,,,,,,
,CP Bandung,3,6,12,,,,,,,,,,
,CP Bandung,3,7,13,20.0,1.0,,,,,,,,
,CP Bandung,3,7,14,,,,,,,,,,
,CP Bandung,3,8,15,20.0,1.0,,,,,,,,
,CP Bandung,3,8,16,,,,,,,,,,
,CP Bandung,3,9,17,20.0,1.0,,,,,,,,
,CP Bandung,3,9,18,,,,,,,,,,
,CP Bandung,3,10,19,20.0,1.0,,,,,,,,
,CP Bandung,3,10,20,,,,,,,,,,
,CP Bandung,3,11,21,20.0,1.0,,,,,,,,
,CP Bandung,3,11,22,,,,,,,,,,
,CP Bandung,3,12,23,18.0,2.0,,,,,,,,
,CP Bandung,3,12,24,,,,,,,,,,
,CP Bandung,4,1,1,20.0,1.0,,,,,,,,
,CP Bandung,4,1,2,,,,,,,,,,
,CP Bandung,4,2,3,20.0,1.0,,,,,,,,
,CP Bandung,4,2,4,,,,,,,,,,
,CP Bandung,4,3,5,20.0,1.0,,,,,,,,
,CP Bandung,4,3,6,,,,,,,,,,
,CP Bandung,4,4,7,20.0,1.0,,,,,,,,
,CP Bandung,4,4,8,,,,,,,,,,
,CP Bandung,4,5,9,20.0,1.0,,,,,,,,
,CP Bandung,4,5,10,,,,,,,,,,
,CP Bandung,4,6,11,20.0,1.0,,,,,,,,
,CP Bandung,4,6,12,,,,,,,,,,
,CP Bandung,4,7,13,20.0,1.0,,,,,,,,
,CP Bandung,4,7,14,,,,,,,,,,
,CP Bandung,4,8,15,20.0,1.0,,,,,,,,
,CP Bandung,4,8,16,,,,,,,,,,
,CP Bandung,4,9,17,20.0,1.0,,,,,,,,
,CP Bandung,4,9,18,,,,,,,,,,
,CP Bandung,4,10,19,20.0,1.0,,,,,,,,
,CP Bandung,4,10,20,,,,,,,,,,
,CP Bandung,4,11,21,20.0,1.0,,,,,,,,
,CP Bandung,4,11,22,,,,,,,,,,
,CP Bandung,4,12,23,20.0,1.0,,,,,,,,
,CP Bandung,4,12,24,,,,,,,,,,
,CP Bandung,5,1,1,20.0,1.0,,,,,,,,
,CP Bandung,5,1,2,,,,,,,,,,
,CP Bandung,5,2,3,20.0,1.0,,,,,,,,
,CP Bandung,5,2,4,,,,,,,,,,
,CP Bandung,5,3,5,20.0,1.0,,,,,,,,
,CP Bandung,5,3,6,,,,,,,,,,
,CP Bandung,5,4,7,20.0,1.0,,,,,,,,
,CP Bandung,5,4,8,,,,,,,,,,
,CP Bandung,5,5,9,20.0,1.0,,,,,,,,
,CP Bandung,5,5,10,,,,,,,,,,
,CP Bandung,5,6,11,20.0,1.0,,,,,,,,
,CP Bandung,5,6,12,,,,,,,,,,
,CP Bandung,5,7,13,20.0,1.0,,,,,,,,
,CP Bandung,5,7,14,,,,,,,,,,
,CP Bandung,5,8,15,20.0,1.0,,,,,,,,
,CP Bandung,5,8,16,,,,,,,,,,
,CP Bandung,5,9,17,20.0,1.0,,,,,,,,
,CP Bandung,5,9,18,,,,,,,,,,
,CP Bandung,5,10,19,20.0,1.0,,,,,,,,
,CP Bandung,5,10,20,,,,,,,,,,
,CP Bandung,5,11,21,20.0,1.0,,,,,,,,
,CP Bandung,5,11,22,,,,,,,,,,
,CP Bandung,5,12,23,20.0,1.0,,,,,,,,
,CP Bandung,5,12,24,,,,,,,,,,
,CP Bandung,6,1,1,20.0,1.0,,,,,,,,
,CP Bandung,6,1,2,,,,,,,,,,
,CP Bandung,6,2,3,20.0,1.0,,,,,,,,
,CP Bandung,6,2,4,,,,,,,,,,
,CP Bandung,6,3,5,20.0,1.0,,,,,,,,
,CP Bandung,6,3,6,,,,,,,,,,
,CP Bandung,6,4,7,20.0,1.0,,,,,,,,
,CP Bandung,6,4,8,,,,,,,,,,
,CP Bandung,6,5,9,20.0,1.0,,,,,,,,
,CP Bandung,6,5,10,,,,,,,,,,
,CP Bandung,6,6,11,20.0,1.0,,,,,,,,
,CP Bandung,6,6,12,,,,,,,,,,
,CP Bandung,6,7,13,20.0,1.0,,,,,,,,
,CP Bandung,6,7,14,,,,,,,,,,
,CP Bandung,6,8,15,20.0,1.0,,,,,,,,
,CP Bandung,6,8,16,,,,,,,,,,
,CP Bandung,6,9,17,20.0,1.0,,,,,,,,
,CP Bandung,6,9,18,,,,,,,,,,
,CP Bandung,6,10,19,20.0,1.0,,,,,,,,
,CP Bandung,6,10,20,,,,,,,,,,
,CP Bandung,6,11,21,20.0,1.0,,,,,,,,
,CP Bandung,6,11,22,,,,,,,,,,
,CP Bandung,6,12,23,20.0,1.0,,,,,,,,
,CP Bandung,6,12,24,,,,,,,,,,
,CP Bandung,7,1,1,20.0,2.0,,,,,,,,
,CP Bandung,7,1,2,,,,,,,,,,
,CP Bandung,7,2,3,20.0,2.0,,,,,,,,
,CP Bandung,7,2,4,,,,,,,,,,
,CP Bandung,7,3,5,20.0,2.0,,,,,,,,
,CP Bandung,7,3,6,,,,,,,,,,
,CP Bandung,7,4,7,20.0,2.0,,,,,,,,
,CP Bandung,7,4,8,,,,,,,,,,
,CP Bandung,7,5,9,20.0,2.0,,,,,,,,
,CP Bandung,7,5,10,,,,,,,,,,
,CP Bandung,7,6,11,20.0,2.0,,,,,,,,
,CP Bandung,7,6,12,,,,,,,,,,
,CP Bandung,7,7,13,20.0,2.0,,,,,,,,
,CP Bandung,7,7,14,,,,,,,,,,
,CP Bandung,7,8,15,20.0,2.0,,,,,,,,
,CP Bandung,7,8,16,,,,,,,,,,
,CP Bandung,7,9,17,20.0,2.0,,,,,,,,
,CP Bandung,7,9,18,,,,,,,,,,
,CP Bandung,7,10,19,20.0,2.0,,,,,,,,
,CP Bandung,7,10,20,,,,,,,,,,
,CP Bandung,7,11,21,20.0,2.0,,,,,,,,
,CP Bandung,7,11,22,,,,,,,,,,
,CP Bandung,7,12,23,20.0,2.0,,,,,,,,
,CP Bandung,7,12,24,,,,,,,,,,
,CP Bandung,8,1,1,20.0,2.0,,,,,,,,
,CP Bandung,8,1,2,,,,,,,,,,
,CP Bandung,8,2,3,20.0,2.0,,,,,,,,
,CP Bandung,8,2,4,,,,,,,,,,
,CP Bandung,8,3,5,20.0,2.0,,,,,,,,
,CP Bandung,8,3,6,,,,,,,,,,
,CP Bandung,8,4,7,20.0,2.0,,,,,,,,
,CP Bandung,8,4,8,,,,,,,,,,
,CP Bandung,8,5,9,20.0,2.0,,,,,,,,
,CP Bandung,8,5,10,,,,,,,,,,
,CP Bandung,8,6,11,20.0,2.0,,,,,,,,
,CP Bandung,8,6,12,,,,,,,,,,
,CP Bandung,8,7,13,20.0,2.0,,,,,,,,
,CP Bandung,8,7,14,,,,,,,,,,
,CP Bandung,8,8,15,20.0,2.0,,,,,,,,
,CP Bandung,8,8,16,,,,,,,,,,
,CP Bandung,8,9,17,20.0,2.0,,,,,,,,
,CP Bandung,8,9,18,,,,,,,,,,
,CP Bandung,8,10,19,20.0,2.0,,,,,,,,
,CP Bandung,8,10,20,,,,,,,,,,
,CP Bandung,8,11,21,20.0,2.0,,,,,,,,
,CP Bandung,8,11,22,,,,,,,,,,
,CP Bandung,8,12,23,20.0,2.0,,,,,,,,
,CP Bandung,8,12,24,,,,,,,,,,
,CP Bandung,9,1,1,20.0,2.0,,,,,,,,
,CP Bandung,9,1,2,,,,,,,,,,
,CP Bandung,9,2,3,20.0,2.0,,,,,,,,
,CP Bandung,9,2,4,,,,,,,,,,
,CP Bandung,9,3,5,20.0,2.0,,,,,,,,
,CP Bandung,9,3,6,,,,,,,,,,
,CP Bandung,9,4,7,20.0,2.0,,,,,,,,
,CP Bandung,9,4,8,,,,,,,,,,
,CP Bandung,9,5,9,20.0,2.0,,,,,,,,
,CP Bandung,9,5,10,,,,,,,,,,
,CP Bandung,9,6,11,20.0,2.0,,,,,,,,
,CP Bandung,9,6,12,,,,,,,,,,
,CP Bandung,9,7,13,20.0,2.0,,,,,,,,
,CP Bandung,9,7,14,,,,,,,,,,
,CP Bandung,9,8,15,20.0,2.0,,,,,,,,
,CP Bandung,9,8,16,,,,,,,,,,
,CP Bandung,9,9,17,20.0,2.0,,,,,,,,
,CP Bandung,9,9,18,,,,,,,,,,
,CP Bandung,9,10,19,20.0,2.0,,,,,,,,
,CP Bandung,9,10,20,,,,,,,,,,
,CP Bandung,9,11,21,20.0,2.0,,,,,,,,
,CP Bandung,9,11,22,,,,,,,,,,
,CP Bandung,9,12,23,20.0,2.0,,,,,,,,
,CP Bandung,9,12,24,,,,,,,,,,
,CP Bandung,10,1,1,20.0,2.0,,,,,,,,
,CP Bandung,10,1,2,,,,,,,,,,
,CP Bandung,10,2,3,20.0,2.0,,,,,,,,
,CP Bandung,10,2,4,,,,,,,,,,
,CP Bandung,10,3,5,20.0,2.0,,,,,,,,
,CP Bandung,10,3,6,,,,,,,,,,
,CP Bandung,10,4,7,20.0,2.0,,,,,,,,
,CP Bandung,10,4,8,,,,,,,,,,
,CP Bandung,10,5,9,20.0,2.0,,,,,,,,
,CP Bandung,10,5,10,,,,,,,,,,
,CP Bandung,10,6,11,20.0,2.0,,,,,,,,
,CP Bandung,10,6,12,,,,,,,,,,
,CP Bandung,10,7,13,20.0,2.0,,,,,,,,
,CP Bandung,10,7,14,,,,,,,,,,
,CP Bandung,10,8,15,20.0,2.0,,,,,,,,
,CP Bandung,10,8,16,,,,,,,,,,
,CP Bandung,10,9,17,20.0,2.0,,,,,,,,
,CP Bandung,10,9,18,,,,,,,,,,
,CP Bandung,10,10,19,20.0,2.0,,,,,,,,
,CP Bandung,10,10,20,,,,,,,,,,
,CP Bandung,10,11,21,20.0,2.0,,,,,,,,
,CP Bandung,10,11,22,,,,,,,,,,
,CP Bandung,10,12,23,20.0,2.0,,,,,,,,
,CP Bandung,10,12,24,,,,,,,,,,
,Suparma,1,1,1,20.0,3.0,,,,,,,,
,Suparma,1,1,2,20.0,3.0,,,,,,,,
,Suparma,1,1,3,20.0,3.0,,,,,,,,
,Suparma,1,2,4,19.0,3.0,,,,,,,,
,Suparma,1,2,5,0.0,,,,,,,,,
,Suparma,1,2,6,19.0,3.0,,,,,,,,
,Suparma,1,3,7,0.0,,,,,,,,,
,Suparma,1,3,8,19.0,3.0,,,,,,,,
,Suparma,1,3,9,19.0,3.0,,,,,,,,
,Suparma,1,4,10,19.0,3.0,,,,,,,,
,Suparma,1,4,11,0.0,,,,,,,,,
,Suparma,1,4,12,19.0,3.0,,,,,,,,
,Suparma,1,5,13,19.0,3.0,,,,,,,,
,Suparma,1,5,14,0.0,,,,,,,,,
,Suparma,1,5,15,19.0,3.0,,,,,,,,
,Suparma,1,6,16,18.0,3.0,,,,,,,,
,Suparma,1,6,17,0.0,,,,,,,,,
,Suparma,1,6,18,18.0,3.0,,,,,,,,
,Suparma,1,7,19,18.0,3.0,,,,,,,,
,Suparma,1,7,20,18.0,3.0,,,,,,,,
,Suparma,1,7,21,18.0,3.0,,,,,,,,
,Suparma,2,1,1,18.0,3.0,,,,,,,,
,Suparma,2,1,2,18.0,3.0,,,,,,,,
,Suparma,2,1,3,18.0,3.0,,,,,,,,
,Suparma,2,2,4,20.0,3.0,,,,,,,,
,Suparma,2,2,5,0.0,,,,,,,,,
,Suparma,2,2,6,20.0,3.0,,,,,,,,
,Suparma,2,3,7,0.0,,,,,,,,,
,Suparma,2,3,8,20.0,3.0,,,,,,,,
,Suparma,2,3,9,20.0,3.0,,,,,,,,
,Suparma,2,4,10,20.0,3.0,,,,,,,,
,Suparma,2,4,11,0.0,,,,,,,,,
,Suparma,2,4,12,20.0,3.0,,,,,,,,
,Suparma,2,5,13,20.0,3.0,,,,,,,,
,Suparma,2,5,14,0.0,,,,,,,,,
,Suparma,2,5,15,20.0,3.0,,,,,,,,
,Suparma,2,6,16,20.0,3.0,,,,,,,,
,Suparma,2,6,17,0.0,,,,,,,,,
,Suparma,2,6,18,20.0,3.0,,,,,,,,
,Suparma,2,7,19,20.0,3.0,,,,,,,,
,Suparma,2,7,20,20.0,3.0,,,,,,,,
,Suparma,2,7,21,20.0,3.0,,,,,,,,
,Suparma,3,1,1,20.0,3.0,,,,,,,,
,Suparma,3,1,2,20.0,3.0,,,,,,,,
,Suparma,3,1,3,20.0,3.0,,,,,,,,
,Suparma,3,2,4,20.0,3.0,,,,,,,,
,Suparma,3,2,5,0.0,,,,,,,,,
,Suparma,3,2,6,20.0,3.0,,,,,,,,
,Suparma,3,3,7,0.0,,,,,,,,,
,Suparma,3,3,8,20.0,3.0,,,,,,,,
,Suparma,3,3,9,20.0,3.0,,,,,,,,
,Suparma,3,4,10,20.0,3.0,,,,,,,,
,Suparma,3,4,11,0.0,,,,,,,,,
,Suparma,3,4,12,20.0,3.0,,,,,,,,
,Suparma,3,5,13,19.0,1.0,,,,,,,,
,Suparma,3,5,14,0.0,,,,,,,,,
,Suparma,3,5,15,19.0,1.0,,,,,,,,
,Suparma,3,6,16,19.0,1.0,,,,,,,,
,Suparma,3,6,17,0.0,,,,,,,,,
,Suparma,3,6,18,19.0,1.0,,,,,,,,
,Suparma,3,7,19,19.0,1.0,,,,,,,,
,Suparma,3,7,20,19.0,1.0,,,,,,,,
,Suparma,3,7,21,19.0,1.0,,,,,,,,
,Suparma,4,1,1,20.0,1.0,,,,,,,,
,Suparma,4,1,2,20.0,1.0,,,,,,,,
,Suparma,4,1,3,20.0,1.0,,,,,,,,
,Suparma,4,2,4,18.0,1.0,,,,,,,,
,Suparma,4,2,5,0.0,,,,,,,,,
,Suparma,4,2,6,18.0,1.0,,,,,,,,
,Suparma,4,3,7,0.0,,,,,,,,,
,Suparma,4,3,8,18.0,1.0,,,,,,,,
,Suparma,4,3,9,18.0,1.0,,,,,,,,
,Suparma,4,4,10,18.0,1.0,,,,,,,,
,Suparma,4,4,11,0.0,,,,,,,,,
,Suparma,4,4,12,18.0,1.0,,,,,,,,
,Suparma,4,5,13,18.0,1.0,,,,,,,,
,Suparma,4,5,14,0.0,,,,,,,,,
,Suparma,4,5,15,18.0,1.0,,,,,,,,
,Suparma,4,6,16,20.0,1.0,,,,,,,,
,Suparma,4,6,17,0.0,,,,,,,,,
,Suparma,4,6,18,20.0,1.0,,,,,,,,
,Suparma,4,7,19,19.0,1.0,,,,,,,,
,Suparma,4,7,20,0.0,,,,,,,,,
,Suparma,4,7,21,19.0,1.0,,,,,,,,
,Suparma,5,1,1,20.0,1.0,,,,,,,,
,Suparma,5,1,2,20.0,1.0,,,,,,,,
,Suparma,5,1,3,20.0,1.0,,,,,,,,
,Suparma,5,2,4,20.0,1.0,,,,,,,,
,Suparma,5,2,5,0.0,,,,,,,,,
,Suparma,5,2,6,20.0,1.0,,,,,,,,
,Suparma,5,3,7,0.0,,,,,,,,,
,Suparma,5,3,8,20.0,1.0,,,,,,,,
,Suparma,5,3,9,20.0,1.0,,,,,,,,
,Suparma,5,4,10,20.0,1.0,,,,,,,,
,Suparma,5,4,11,0.0,,,,,,,,,
,Suparma,5,4,12,20.0,1.0,,,,,,,,
,Suparma,5,5,13,20.0,1.0,,,,,,,,
,Suparma,5,5,14,0.0,,,,,,,,,
,Suparma,5,5,15,20.0,1.0,,,,,,,,
,Suparma,5,6,16,20.0,1.0,,,,,,,,
,Suparma,5,6,17,0.0,,,,,,,,,
,Suparma,5,6,18,20.0,1.0,,,,,,,,
,Suparma,5,7,19,20.0,1.0,,,,,,,,
,Suparma,5,7,20,0.0,,,,,,,,,
,Suparma,5,7,21,20.0,1.0,,,,,,,,
,Suparma,6,1,1,20.0,4.0,,,,,,,,
,Suparma,6,1,2,20.0,4.0,,,,,,,,
,Suparma,6,1,3,20.0,4.0,,,,,,,,
,Suparma,6,2,4,20.0,1.0,,,,,,,,
,Suparma,6,2,5,0.0,,,,,,,,,
,Suparma,6,2,6,20.0,1.0,,,,,,,,
,Suparma,6,3,7,0.0,,,,,,,,,
,Suparma,6,3,8,20.0,1.0,,,,,,,,
,Suparma,6,3,9,20.0,1.0,,,,,,,,
,Suparma,6,4,10,18.0,4.0,,,,,,,,
,Suparma,6,4,11,0.0,,,,,,,,,
,Suparma,6,4,12,18.0,4.0,,,,,,,,
,Suparma,6,5,13,18.0,4.0,,,,,,,,
,Suparma,6,5,14,0.0,,,,,,,,,
,Suparma,6,5,15,18.0,4.0,,,,,,,,
,Suparma,6,6,16,18.0,4.0,,,,,,,,
,Suparma,6,6,17,0.0,,,,,,,,,
,Suparma,6,6,18,18.0,4.0,,,,,,,,
,Suparma,6,7,19,19.0,4.0,,,,,,,,
,Suparma,6,7,20,0.0,,,,,,,,,
,Suparma,6,7,21,19.0,4.0,,,,,,,,
,Suparma,7,1,1,20.0,4.0,,,,,,,,
,Suparma,7,1,2,20.0,4.0,,,,,,,,
,Suparma,7,1,3,20.0,4.0,,,,,,,,
,Suparma,7,2,4,18.0,2.0,,,,,,,,
,Suparma,7,2,5,0.0,,,,,,,,,
,Suparma,7,2,6,18.0,2.0,,,,,,,,
,Suparma,7,3,7,0.0,,,,,,,,,
,Suparma,7,3,8,18.0,2.0,,,,,,,,
,Suparma,7,3,9,18.0,2.0,,,,,,,,
,Suparma,7,4,10,20.0,2.0,,,,,,,,
,Suparma,7,4,11,0.0,,,,,,,,,
,Suparma,7,4,12,20.0,2.0,,,,,,,,
,Suparma,7,5,13,19.0,2.0,,,,,,,,
,Suparma,7,5,14,0.0,,,,,,,,,
,Suparma,7,5,15,19.0,2.0,,,,,,,,
,Suparma,7,6,16,20.0,4.0,,,,,,,,
,Suparma,7,6,17,0.0,,,,,,,,,
,Suparma,7,6,18,20.0,4.0,,,,,,,,
,Suparma,7,7,19,18.0,4.0,,,,,,,,
,Suparma,7,7,20,18.0,4.0,,,,,,,,
,Suparma,7,7,21,18.0,4.0,,,,,,,,
,Suparma,8,1,1,20.0,2.0,,,,,,,,
,Suparma,8,1,2,20.0,2.0,,,,,,,,
,Suparma,8,1,3,20.0,2.0,,,,,,,,
,Suparma,8,2,4,20.0,2.0,,,,,,,,
,Suparma,8,2,5,0.0,,,,,,,,,
,Suparma,8,2,6,20.0,2.0,,,,,,,,
,Suparma,8,3,7,0.0,,,,,,,,,
,Suparma,8,3,8,18.0,2.0,,,,,,,,
,Suparma,8,3,9,18.0,2.0,,,,,,,,
,Suparma,8,4,10,18.0,4.0,,,,,,,,
,Suparma,8,4,11,0.0,,,,,,,,,
,Suparma,8,4,12,18.0,4.0,,,,,,,,
,Suparma,8,5,13,18.0,4.0,,,,,,,,
,Suparma,8,5,14,0.0,,,,,,,,,
,Suparma,8,5,15,18.0,4.0,,,,,,,,
,Suparma,8,6,16,20.0,4.0,,,,,,,,
,Suparma,8,6,17,0.0,,,,,,,,,
,Suparma,8,6,18,20.0,4.0,,,,,,,,
,Suparma,8,7,19,19.0,4.0,,,,,,,,
,Suparma,8,7,20,19.0,4.0,,,,,,,,
,Suparma,8,7,21,19.0,4.0,,,,,,,,
,Suparma,9,1,1,20.0,2.0,,,,,,,,
,Suparma,9,1,2,20.0,2.0,,,,,,,,
,Suparma,9,1,3,20.0,2.0,,,,,,,,
,Suparma,9,2,4,18.0,2.0,,,,,,,,
,Suparma,9,2,5,0.0,,,,,,,,,
,Suparma,9,2,6,18.0,2.0,,,,,,,,
,Suparma,9,3,7,0.0,,,,,,,,,
,Suparma,9,3,8,18.0,2.0,,,,,,,,
,Suparma,9,3,9,18.0,2.0,,,,,,,,
,Suparma,9,4,10,18.0,2.0,,,,,,,,
,Suparma,9,4,11,0.0,,,,,,,,,
,Suparma,9,4,12,18.0,2.0,,,,,,,,
,Suparma,9,5,13,18.0,2.0,,,,,,,,
,Suparma,9,5,14,0.0,,,,,,,,,
,Suparma,9,5,15,18.0,2.0,,,,,,,,
,Suparma,9,6,16,18.0,2.0,,,,,,,,
,Suparma,9,6,17,0.0,,,,,,,,,
,Suparma,9,6,18,18.0,2.0,,,,,,,,
,Suparma,9,7,19,19.0,4.0,,,,,,,,
,Suparma,9,7,20,19.0,4.0,,,,,,,,
,Suparma,9,7,21,19.0,4.0,,,,,,,,
,Suparma,10,1,1,18.0,2.0,,,,,,,,
,Suparma,10,1,2,18.0,2.0,,,,,,,,
,Suparma,10,1,3,18.0,2.0,,,,,,,,
,Suparma,10,2,4,18.0,2.0,,,,,,,,
,Suparma,10,2,5,0.0,,,,,,,,,
,Suparma,10,2,6,18.0,2.0,,,,,,,,
,Suparma,10,3,7,0.0,,,,,,,,,
,Suparma,10,3,8,18.0,2.0,,,,,,,,
,Suparma,10,3,9,18.0,2.0,,,,,,,,
,Suparma,10,4,10,18.0,2.0,,,,,,,,
,Suparma,10,4,11,0.0,,,,,,,,,
,Suparma,10,4,12,18.0,2.0,,,,,,,,
,Suparma,10,5,13,18.0,4.0,,,,,,,,
,Suparma,10,5,14,0.0,,,,,,,,,
,Suparma,10,5,15,18.0,4.0,,,,,,,,
,Suparma,10,6,16,18.0,4.0,,,,,,,,
,Suparma,10,6,17,0.0,,,,,,,,,
,Suparma,10,6,18,18.0,4.0,,,,,,,,
,Suparma,10,7,19,20.0,4.0,,,,,,,,
,Suparma,10,7,20,18.0,4.0,,,,,,,,
,Suparma,10,7,21,18.0,4.0,,,,,,,,
,Suparma,11,1,1,18.0,2.0,,,,,,,,
,Suparma,11,1,2,18.0,2.0,,,,,,,,
,Suparma,11,1,3,18.0,2.0,,,,,,,,
,Suparma,11,2,4,16.0,2.0,,,,,,,,
,Suparma,11,2,5,0.0,,,,,,,,,
,Suparma,11,2,6,16.0,2.0,,,,,,,,
,Suparma,11,3,7,0.0,,,,,,,,,
,Suparma,11,3,8,16.0,2.0,,,,,,,,
,Suparma,11,3,9,16.0,2.0,,,,,,,,
,Suparma,11,4,10,16.0,2.0,,,,,,,,
,Suparma,11,4,11,0.0,,,,,,,,,
,Suparma,11,4,12,16.0,2.0,,,,,,,,
,Suparma,11,5,13,18.0,4.0,,,,,,,,
,Suparma,11,5,14,0.0,,,,,,,,,
,Suparma,11,5,15,18.0,4.0,,,,,,,,
,Suparma,11,6,16,16.0,4.0,,,,,,,,
,Suparma,11,6,17,0.0,,,,,,,,,
,Suparma,11,6,18,16.0,4.0,,,,,,,,
,Suparma,11,7,19,16.0,4.0,,,,,,,,
,Suparma,11,7,20,0.0,,,,,,,,,
,Suparma,11,7,21,16.0,4.0,,,,,,,,
,Suparma,12,1,1,18.0,2.0,,,,,,,,
,Suparma,12,1,2,18.0,2.0,,,,,,,,
,Suparma,12,1,3,18.0,2.0,,,,,,,,
,Suparma,12,2,4,16.0,4.0,,,,,,,,
,Suparma,12,2,5,0.0,,,,,,,,,
,Suparma,12,2,6,16.0,4.0,,,,,,,,
,Suparma,12,3,7,0.0,,,,,,,,,
,Suparma,12,3,8,18.0,2.0,,,,,,,,
,Suparma,12,3,9,18.0,2.0,,,,,,,,
,Suparma,12,4,10,18.0,4.0,,,,,,,,
,Suparma,12,4,11,0.0,,,,,,,,,
,Suparma,12,4,12,18.0,4.0,,,,,,,,
,Suparma,12,5,13,18.0,4.0,,,,,,,,
,Suparma,12,5,14,0.0,,,,,,,,,
,Suparma,12,5,15,18.0,4.0,,,,,,,,
,Suparma,12,6,16,18.0,4.0,,,,,,,,
,Suparma,12,6,17,0.0,,,,,,,,,
,Suparma,12,6,18,18.0,4.0,,,,,,,,
,Suparma,12,7,19,18.0,4.0,,,,,,,,
,Suparma,12,7,20,18.0,4.0,,,,,,,,
,Suparma,12,7,21,18.0,4.0,,,,,,,,
,Suparma,13,1,1,18.0,4.0,,,,,,,,
,Suparma,13,1,2,18.0,4.0,,,,,,,,
,Suparma,13,1,3,18.0,4.0,,,,,,,,
,Suparma,13,2,4,20.0,2.0,,,,,,,,
,Suparma,13,2,5,0.0,,,,,,,,,
,Suparma,13,2,6,20.0,2.0,,,,,,,,
,Suparma,13,3,7,0.0,,,,,,,,,
,Suparma,13,3,8,20.0,2.0,,,,,,,,
,Suparma,13,3,9,20.0,2.0,,,,,,,,
,Suparma,13,4,10,20.0,2.0,,,,,,,,
,Suparma,13,4,11,0.0,,,,,,,,,
,Suparma,13,4,12,20.0,2.0,,,,,,,,
,Suparma,13,5,13,20.0,2.0,,,,,,,,
,Suparma,13,5,14,0.0,,,,,,,,,
,Suparma,13,5,15,20.0,2.0,,,,,,,,
,Suparma,13,6,16,18.0,2.0,,,,,,,,
,Suparma,13,6,17,0.0,,,,,,,,,
,Suparma,13,6,18,18.0,2.0,,,,,,,,
,Suparma,13,7,19,18.0,2.0,,,,,,,,
,Suparma,13,7,20,0.0,,,,,,,,,
,Suparma,13,7,21,18.0,2.0,,,,,,,,
,Suparma,14,1,1,20.0,2.0,,,,,,,,
,Suparma,14,1,2,20.0,2.0,,,,,,,,
,Suparma,14,1,3,20.0,2.0,,,,,,,,
,Suparma,14,2,4,18.0,2.0,,,,,,,,
,Suparma,14,2,5,0.0,,,,,,,,,
,Suparma,14,2,6,18.0,2.0,,,,,,,,
,Suparma,14,3,7,0.0,,,,,,,,,
,Suparma,14,3,8,20.0,4.0,,,,,,,,
,Suparma,14,3,9,20.0,4.0,,,,,,,,
,Suparma,14,4,10,20.0,4.0,,,,,,,,
,Suparma,14,4,11,0.0,,,,,,,,,
,Suparma,14,4,12,20.0,4.0,,,,,,,,
,Suparma,14,5,13,20.0,4.0,,,,,,,,
,Suparma,14,5,14,0.0,,,,,,,,,
,Suparma,14,5,15,20.0,4.0,,,,,,,,
,Suparma,14,6,16,20.0,4.0,,,,,,,,
,Suparma,14,6,17,0.0,,,,,,,,,
,Suparma,14,6,18,20.0,4.0,,,,,,,,
,Suparma,14,7,19,20.0,4.0,,,,,,,,
,Suparma,14,7,20,20.0,4.0,,,,,,,,
,Suparma,14,7,21,20.0,4.0,,,,,,,,
,Suparma,15,1,1,18.0,2.0,,,,,,,,
,Suparma,15,1,2,18.0,2.0,,,,,,,,
,Suparma,15,1,3,18.0,2.0,,,,,,,,
,Suparma,15,2,4,18.0,2.0,,,,,,,,
,Suparma,15,2,5,0.0,,,,,,,,,
,Suparma,15,2,6,18.0,2.0,,,,,,,,
,Suparma,15,3,7,0.0,,,,,,,,,
,Suparma,15,3,8,18.0,2.0,,,,,,,,
,Suparma,15,3,9,18.0,2.0,,,,,,,,
,Suparma,15,4,10,18.0,2.0,,,,,,,,
,Suparma,15,4,11,0.0,,,,,,,,,
,Suparma,15,4,12,18.0,2.0,,,,,,,,
,Suparma,15,5,13,18.0,2.0,,,,,,,,
,Suparma,15,5,14,0.0,,,,,,,,,
,Suparma,15,5,15,18.0,2.0,,,,,,,,
,Suparma,15,6,16,18.0,4.0,,,,,,,,
,Suparma,15,6,17,0.0,,,,,,,,,
,Suparma,15,6,18,18.0,4.0,,,,,,,,
,Suparma,15,7,19,18.0,4.0,,,,,,,,
,Suparma,15,7,20,18.0,4.0,,,,,,,,
,Suparma,15,7,21,18.0,4.0,,,,,,,,
,Suparma,16,1,1,20.0,2.0,,,,,,,,
,Suparma,16,1,2,20.0,2.0,,,,,,,,
,Suparma,16,1,3,20.0,2.0,,,,,,,,
,Suparma,16,2,4,18.0,4.0,,,,,,,,
,Suparma,16,2,5,0.0,,,,,,,,,
,Suparma,16,2,6,18.0,4.0,,,,,,,,
,Suparma,16,3,7,0.0,,,,,,,,,
,Suparma,16,3,8,18.0,4.0,,,,,,,,
,Suparma,16,3,9,18.0,4.0,,,,,,,,
,Suparma,16,4,10,18.0,4.0,,,,,,,,
,Suparma,16,4,11,0.0,,,,,,,,,
,Suparma,16,4,12,18.0,4.0,,,,,,,,
,Suparma,16,5,13,20.0,2.0,,,,,,,,
,Suparma,16,5,14,0.0,,,,,,,,,
,Suparma,16,5,15,20.0,2.0,,,,,,,,
,Suparma,16,6,16,20.0,2.0,,,,,,,,
,Suparma,16,6,17,0.0,,,,,,,,,
,Suparma,16,6,18,20.0,2.0,,,,,,,,
,Suparma,16,7,19,20.0,2.0,,,,,,,,
,Suparma,16,7,20,20.0,2.0,,,,,,,,
,Suparma,16,7,21,20.0,2.0,,,,,,,,
,Suparma,17,1,1,20.0,4.0,,,,,,,,
,Suparma,17,1,2,20.0,4.0,,,,,,,,
,Suparma,17,1,3,20.0,4.0,,,,,,,,
,Suparma,17,2,4,20.0,4.0,,,,,,,,
,Suparma,17,2,5,0.0,,,,,,,,,
,Suparma,17,2,6,20.0,4.0,,,,,,,,
,Suparma,17,3,7,0.0,,,,,,,,,
,Suparma,17,3,8,20.0,4.0,,,,,,,,
,Suparma,17,3,9,20.0,4.0,,,,,,,,
,Suparma,17,4,10,20.0,4.0,,,,,,,,
,Suparma,17,4,11,0.0,,,,,,,,,
,Suparma,17,4,12,20.0,4.0,,,,,,,,
,Suparma,17,5,13,20.0,4.0,,,,,,,,
,Suparma,17,5,14,0.0,,,,,,,,,
,Suparma,17,5,15,20.0,4.0,,,,,,,,
,Suparma,17,6,16,18.0,4.0,,,,,,,,
,Suparma,17,6,17,0.0,,,,,,,,,
,Suparma,17,6,18,18.0,4.0,,,,,,,,
,Suparma,17,7,19,18.0,4.0,,,,,,,,
,Suparma,17,7,20,18.0,4.0,,,,,,,,
,Suparma,17,7,21,18.0,4.0,,,,,,,,
,Suparma,18,1,1,20.0,5.0,,,,,,,,
,Suparma,18,1,2,20.0,5.0,,,,,,,,
,Suparma,18,1,3,20.0,5.0,,,,,,,,
,Suparma,18,2,4,20.0,5.0,,,,,,,,
,Suparma,18,2,5,0.0,,,,,,,,,
,Suparma,18,2,6,20.0,5.0,,,,,,,,
,Suparma,18,3,7,0.0,,,,,,,,,
,Suparma,18,3,8,20.0,5.0,,,,,,,,
,Suparma,18,3,9,20.0,5.0,,,,,,,,
,Suparma,18,4,10,20.0,5.0,,,,,,,,
,Suparma,18,4,11,0.0,,,,,,,,,
,Suparma,18,4,12,20.0,5.0,,,,,,,,
,Suparma,18,5,13,20.0,5.0,,,,,,,,
,Suparma,18,5,14,0.0,,,,,,,,,
,Suparma,18,5,15,20.0,5.0,,,,,,,,
,Suparma,18,6,16,20.0,5.0,,,,,,,,
,Suparma,18,6,17,0.0,,,,,,,,,
,Suparma,18,6,18,20.0,5.0,,,,,,,,
,Suparma,18,7,19,18.0,5.0,,,,,,,,
,Suparma,18,7,20,18.0,5.0,,,,,,,,
,Suparma,18,7,21,18.0,5.0,,,,,,,,
,Suparma,19,1,1,20.0,6.0,,,,,,,,
,Suparma,19,1,2,20.0,6.0,,,,,,,,
,Suparma,19,1,3,20.0,6.0,,,,,,,,
,Suparma,19,2,4,20.0,6.0,,,,,,,,
,Suparma,19,2,5,0.0,,,,,,,,,
,Suparma,19,2,6,20.0,6.0,,,,,,,,
,Suparma,19,3,7,0.0,,,,,,,,,
,Suparma,19,3,8,20.0,6.0,,,,,,,,
,Suparma,19,3,9,20.0,6.0,,,,,,,,
,Suparma,19,4,10,20.0,6.0,,,,,,,,
,Suparma,19,4,11,0.0,,,,,,,,,
,Suparma,19,4,12,20.0,6.0,,,,,,,,
,Suparma,19,5,13,20.0,6.0,,,,,,,,
,Suparma,19,5,14,0.0,,,,,,,,,
,Suparma,19,5,15,20.0,6.0,,,,,,,,
,Suparma,19,6,16,20.0,6.0,,,,,,,,
,Suparma,19,6,17,0.0,,,,,,,,,
,Suparma,19,6,18,20.0,6.0,,,,,,,,
,Suparma,19,7,19,18.0,5.0,,,,,,,,
,Suparma,19,7,20,18.0,5.0,,,,,,,,
,Suparma,19,7,21,18.0,5.0,,,,,,,,
,Suparma,20,1,1,20.0,6.0,,,,,,,,
,Suparma,20,1,2,20.0,6.0,,,,,,,,
,Suparma,20,1,3,20.0,6.0,,,,,,,,
,Suparma,20,2,4,20.0,6.0,,,,,,,,
,Suparma,20,2,5,0.0,,,,,,,,,
,Suparma,20,2,6,20.0,6.0,,,,,,,,
,Suparma,20,3,7,0.0,,,,,,,,,
,Suparma,20,3,8,20.0,6.0,,,,,,,,
,Suparma,20,3,9,20.0,6.0,,,,,,,,
,Suparma,20,4,10,20.0,6.0,,,,,,,,
,Suparma,20,4,11,0.0,,,,,,,,,
,Suparma,20,4,12,20.0,6.0,,,,,,,,
,Suparma,20,5,13,20.0,6.0,,,,,,,,
,Suparma,20,5,14,0.0,,,,,,,,,
,Suparma,20,5,15,20.0,6.0,,,,,,,,
,Suparma,20,6,16,20.0,5.0,,,,,,,,
,Suparma,20,6,17,0.0,,,,,,,,,
,Suparma,20,6,18,20.0,5.0,,,,,,,,
,Suparma,20,7,19,18.0,5.0,,,,,,,,
,Suparma,20,7,20,18.0,5.0,,,,,,,,
,Suparma,20,7,21,18.0,5.0,,,,,,,,
,Suparma,21,1,1,20.0,6.0,,,,,,,,
,Suparma,21,1,2,20.0,6.0,,,,,,,,
,Suparma,21,1,3,20.0,6.0,,,,,,,,
,Suparma,21,2,4,20.0,6.0,,,,,,,,
,Suparma,21,2,5,0.0,,,,,,,,,
,Suparma,21,2,6,20.0,6.0,,,,,,,,
,Suparma,21,3,7,0.0,,,,,,,,,
,Suparma,21,3,8,20.0,6.0,,,,,,,,
,Suparma,21,3,9,20.0,6.0,,,,,,,,
,Suparma,21,4,10,20.0,6.0,,,,,,,,
,Suparma,21,4,11,0.0,,,,,,,,,
,Suparma,21,4,12,20.0,6.0,,,,,,,,
,Suparma,21,5,13,20.0,6.0,,,,,,,,
,Suparma,21,5,14,0.0,,,,,,,,,
,Suparma,21,5,15,20.0,6.0,,,,,,,,
,Suparma,21,6,16,20.0,6.0,,,,,,,,
,Suparma,21,6,17,0.0,,,,,,,,,
,Suparma,21,6,18,20.0,6.0,,,,,,,,
,Suparma,21,7,19,18.0,6.0,,,,,,,,
,Suparma,21,7,20,0.0,,,,,,,,,
,Suparma,21,7,21,18.0,6.0,,,,,,,,
,GD,1,1,1,17.0,1.0,,,,,,,,
,GD,1,1,2,17.0,1.0,,,,,,,,
,GD,1,1,3,17.0,1.0,,,,,,,,
,GD,1,2,4,16.0,1.0,,,,,,,,
,GD,1,2,5,16.0,1.0,,,,,,,,
,GD,1,2,6,16.0,1.0,,,,,,,,
,GD,1,3,7,,,,,,,,,,
,GD,1,3,8,16.0,1.0,,,,,,,,
,GD,1,3,9,16.0,1.0,,,,,,,,
,GD,1,4,10,16.0,1.0,,,,,,,,
,GD,1,4,11,,,,,,,,,,
,GD,1,4,12,16.0,1.0,,,,,,,,
,GD,1,5,13,16.0,1.0,,,,,,,,
,GD,1,5,14,,,,,,,,,,
,GD,1,5,15,16.0,1.0,,,,,,,,
,GD,1,6,16,16.0,1.0,,,,,,,,
,GD,1,6,17,,,,,,,,,,
,GD,1,6,18,16.0,1.0,,,,,,,,
,GD,1,7,19,16.0,2.0,,,,,,,,
,GD,1,7,20,16.0,2.0,,,,,,,,
,GD,1,7,21,16.0,2.0,,,,,,,,
,GD,2,1,1,17.0,2.0,,,,,,,,
,GD,2,1,2,17.0,2.0,,,,,,,,
,GD,2,1,3,17.0,2.0,,,,,,,,
,GD,2,2,4,16.0,2.0,,,,,,,,
,GD,2,2,5,16.0,2.0,,,,,,,,
,GD,2,2,6,16.0,2.0,,,,,,,,
,GD,2,3,7,,,,,,,,,,
,GD,2,3,8,16.0,2.0,,,,,,,,
,GD,2,3,9,16.0,2.0,,,,,,,,
,GD,2,4,10,16.0,2.0,,,,,,,,
,GD,2,4,11,,,,,,,,,,
,GD,2,4,12,16.0,2.0,,,,,,,,
,GD,2,5,13,16.0,2.0,,,,,,,,
,GD,2,5,14,,,,,,,,,,
,GD,2,5,15,16.0,1.0,,,,,,,,
,GD,2,6,16,16.0,1.0,,,,,,,,
,GD,2,6,17,,,,,,,,,,
,GD,2,6,18,16.0,1.0,,,,,,,,
,GD,2,7,19,16.0,1.0,,,,,,,,
,GD,2,7,20,16.0,1.0,,,,,,,,
,GD,2,7,21,16.0,1.0,,,,,,,,
,GD,3,1,1,17.0,1.0,,,,,,,,
,GD,3,1,2,17.0,1.0,,,,,,,,
,GD,3,1,3,17.0,1.0,,,,,,,,
,GD,3,2,4,16.0,1.0,,,,,,,,
,GD,3,2,5,16.0,1.0,,,,,,,,
,GD,3,2,6,16.0,1.0,,,,,,,,
,GD,3,3,7,,,,,,,,,,
,GD,3,3,8,16.0,1.0,,,,,,,,
,GD,3,3,9,16.0,1.0,,,,,,,,
,GD,3,4,10,16.0,2.0,,,,,,,,
,GD,3,4,11,,,,,,,,,,
,GD,3,4,12,16.0,2.0,,,,,,,,
,GD,3,5,13,16.0,2.0,,,,,,,,
,GD,3,5,14,,,,,,,,,,
,GD,3,5,16,16.0,2.0,,,,,,,,
,GD,3,6,16,16.0,2.0,,,,,,,,
,GD,3,6,17,,,,,,,,,,
,GD,3,6,18,16.0,2.0,,,,,,,,
,GD,3,7,19,16.0,2.0,,,,,,,,
,GD,3,7,20,16.0,2.0,,,,,,,,
,GD,3,7,21,16.0,2.0,,,,,,,,
,GD,4,1,1,17.0,2.0,,,,,,,,
,GD,4,1,2,17.0,2.0,,,,,,,,
,GD,4,1,3,17.0,2.0,,,,,,,,
,GD,4,2,4,16.0,2.0,,,,,,,,
,GD,4,2,5,16.0,2.0,,,,,,,,
,GD,4,2,6,16.0,2.0,,,,,,,,
,GD,4,3,7,,,,,,,,,,
,GD,4,3,8,16.0,2.0,,,,,,,,
,GD,4,3,9,16.0,1.0,,,,,,,,
,GD,4,4,10,16.0,1.0,,,,,,,,
,GD,4,4,11,,,,,,,,,,
,GD,4,4,12,16.0,1.0,,,,,,,,
,GD,4,5,13,16.0,1.0,,,,,,,,
,GD,4,5,14,,,,,,,,,,
,GD,4,5,15,16.0,1.0,,,,,,,,
,GD,4,6,16,16.0,1.0,,,,,,,,
,GD,4,6,17,,,,,,,,,,
,GD,4,6,18,16.0,1.0,,,,,,,,
,GD,4,7,19,16.0,1.0,,,,,,,,
,GD,4,7,20,16.0,1.0,,,,,,,,
,GD,4,7,21,16.0,1.0,,,,,,,,
,GD,5,1,1,17.0,1.0,,,,,,,,
,GD,5,1,2,17.0,1.0,,,,,,,,
,GD,5,1,3,17.0,1.0,,,,,,,,
,GD,5,2,4,16.0,2.0,,,,,,,,
,GD,5,2,5,,,,,,,,,,
,GD,5,2,6,16.0,2.0,,,,,,,,
,GD,5,3,7,,,,,,,,,,
,GD,5,3,8,16.0,2.0,,,,,,,,
,GD,5,3,9,16.0,2.0,,,,,,,,
,GD,5,4,10,16.0,1.0,,,,,,,,
,GD,5,4,11,,,,,,,,,,
,GD,5,4,12,16.0,1.0,,,,,,,,
,GD,5,5,13,16.0,1.0,,,,,,,,
,GD,5,5,14,,,,,,,,,,
,GD,5,5,15,16.0,1.0,,,,,,,,
,GD,5,6,16,16.0,1.0,,,,,,,,
,GD,5,6,17,,,,,,,,,,
,GD,5,6,18,16.0,1.0,,,,,,,,
,GD,5,7,19,16.0,1.0,,,,,,,,
,GD,5,7,20,16.0,1.0,,,,,,,,
,GD,5,7,21,16.0,1.0,,,,,,,,
,GD,6,1,1,17.0,2.0,,,,,,,,
,GD,6,1,2,17.0,2.0,,,,,,,,
,GD,6,1,3,17.0,2.0,,,,,,,,
,GD,6,2,4,16.0,2.0,,,,,,,,
,GD,6,2,5,,,,,,,,,,
,GD,6,2,6,16.0,2.0,,,,,,,,
,GD,6,3,7,,,,,,,,,,
,GD,6,3,8,16.0,2.0,,,,,,,,
,GD,6,3,9,16.0,2.0,,,,,,,,
,GD,6,4,10,16.0,2.0,,,,,,,,
,GD,6,4,11,,,,,,,,,,
,GD,6,4,12,16.0,2.0,,,,,,,,
,GD,6,5,13,16.0,2.0,,,,,,,,
,GD,6,5,14,,,,,,,,,,
,GD,6,5,15,16.0,2.0,,,,,,,,
,GD,6,6,16,16.0,2.0,,,,,,,,
,GD,6,6,17,,,,,,,,,,
,GD,6,6,18,16.0,2.0,,,,,,,,
,GD,6,7,19,16.0,1.0,,,,,,,,
,GD,6,7,20,16.0,1.0,,,,,,,,
,GD,6,7,21,16.0,1.0,,,,,,,,
,SPF,1,1,1,18.0,1.0,,,,,,,,
,SPF,1,1,2,18.0,1.0,,,,,,,,
,SPF,1,1,3,18.0,1.0,,,,,,,,
,SPF,1,2,4,18.0,1.0,,,,,,,,
,SPF,1,2,5,18.0,1.0,,,,,,,,
,SPF,1,2,6,,,,,,,,,,
,SPF,1,3,7,18.0,1.0,,,,,,,,
,SPF,1,3,8,18.0,1.0,,,,,,,,
,SPF,1,3,9,,,,,,,,,,
,SPF,1,4,10,18.0,2.0,,,,,,,,
,SPF,1,4,11,18.0,2.0,,,,,,,,
,SPF,1,4,12,,,,,,,,,,
,SPF,1,5,13,18.0,2.0,,,,,,,,
,SPF,1,5,14,18.0,2.0,,,,,,,,
,SPF,1,5,15,,,,,,,,,,
,SPF,1,6,16,18.0,2.0,,,,,,,,
,SPF,1,6,17,18.0,2.0,,,,,,,,
,SPF,1,6,18,,,,,,,,,,
,SPF,1,7,19,19.0,2.0,,,,,,,,
,SPF,1,7,20,19.0,2.0,,,,,,,,
,SPF,1,7,21,,,,,,,,,,
,SPF,2,1,1,18.0,1.0,,,,,,,,
,SPF,2,1,2,18.0,1.0,,,,,,,,
,SPF,2,1,3,,,,,,,,,,
,SPF,2,2,4,18.0,1.0,,,,,,,,
,SPF,2,2,5,18.0,1.0,,,,,,,,
,SPF,2,2,6,,,,,,,,,,
,SPF,2,3,7,18.0,1.0,,,,,,,,
,SPF,2,3,8,18.0,1.0,,,,,,,,
,SPF,2,3,9,,,,,,,,,,
,SPF,2,4,10,19.0,2.0,,,,,,,,
,SPF,2,4,11,19.0,2.0,,,,,,,,
,SPF,2,4,12,,,,,,,,,,
,SPF,2,5,13,19.0,2.0,,,,,,,,
,SPF,2,5,14,19.0,2.0,,,,,,,,
,SPF,2,5,15,,,,,,,,,,
,SPF,2,6,16,19.0,2.0,,,,,,,,
,SPF,2,6,17,19.0,2.0,,,,,,,,
,SPF,2,6,18,,,,,,,,,,
,SPF,2,7,19,19.0,2.0,,,,,,,,
,SPF,2,7,20,19.0,2.0,,,,,,,,
,SPF,2,7,21,,,,,,,,,,
,SPF,3,1,1,18.0,1.0,,,,,,,,
,SPF,3,1,2,18.0,1.0,,,,,,,,
,SPF,3,1,3,,,,,,,,,,
,SPF,3,2,4,18.0,2.0,,,,,,,,
,SPF,3,2,5,18.0,2.0,,,,,,,,
,SPF,3,2,6,,,,,,,,,,
,SPF,3,3,7,19.0,2.0,,,,,,,,
,SPF,3,3,8,19.0,2.0,,,,,,,,
,SPF,3,3,9,,,,,,,,,,
,SPF,3,4,10,19.0,2.0,,,,,,,,
,SPF,3,4,11,19.0,2.0,,,,,,,,
,SPF,3,4,12,,,,,,,,,,
,SPF,3,5,13,19.0,3.0,,,,,,,,
,SPF,3,5,14,19.0,3.0,,,,,,,,
,SPF,3,5,15,,,,,,,,,,
,SPF,3,6,16,18.0,3.0,,,,,,,,
,SPF,3,6,17,18.0,3.0,,,,,,,,
,SPF,3,6,18,,,,,,,,,,
,SPF,3,7,19,18.0,3.0,,,,,,,,
,SPF,3,7,20,18.0,3.0,,,,,,,,
,SPF,3,7,21,18.0,3.0,,,,,,,,
,SPF,4,1,1,20.0,3.0,,,,,,,,
,SPF,4,1,2,20.0,3.0,,,,,,,,
,SPF,4,1,3,,,,,,,,,,
,SPF,4,2,4,20.0,3.0,,,,,,,,
,SPF,4,2,5,20.0,3.0,,,,,,,,
,SPF,4,2,6,,,,,,,,,,
,SPF,4,3,7,18.0,3.0,,,,,,,,
,SPF,4,3,8,18.0,3.0,,,,,,,,
,SPF,4,3,9,,,,,,,,,,
,SPF,4,4,10,18.0,3.0,,,,,,,,
,SPF,4,4,11,18.0,3.0,,,,,,,,
,SPF,4,4,12,,,,,,,,,,
,SPF,4,5,13,20.0,3.0,,,,,,,,
,SPF,4,5,14,20.0,3.0,,,,,,,,
,SPF,4,5,15,,,,,,,,,,
,SPF,4,6,16,20.0,3.0,,,,,,,,
,SPF,4,6,17,20.0,3.0,,,,,,,,
,SPF,4,6,18,,,,,,,,,,
,SPF,4,7,19,20.0,3.0,,,,,,,,
,SPF,4,7,20,20.0,3.0,,,,,,,,
,SPF,4,7,21,,,,,,,,,,
,SPF,5,1,1,20.0,3.0,,,,,,,,
,SPF,5,1,2,20.0,3.0,,,,,,,,
,SPF,5,1,3,,,,,,,,,,
,SPF,5,2,4,18.0,3.0,,,,,,,,
,SPF,5,2,5,18.0,3.0,,,,,,,,
,SPF,5,2,6,,,,,,,,,,
,SPF,5,3,7,18.0,3.0,,,,,,,,
,SPF,5,3,8,18.0,3.0,,,,,,,,
,SPF,5,3,9,,,,,,,,,,
,SPF,5,4,10,20.0,3.0,,,,,,,,
,SPF,5,4,11,20.0,3.0,,,,,,,,
,SPF,5,4,12,,,,,,,,,,
,SPF,5,5,13,20.0,3.0,,,,,,,,
,SPF,5,5,14,20.0,3.0,,,,,,,,
,SPF,5,5,15,,,,,,,,,,
,SPF,5,6,16,20.0,3.0,,,,,,,,
,SPF,5,6,17,20.0,3.0,,,,,,,,
,SPF,5,6,18,,,,,,,,,,
,SPF,5,7,19,20.0,3.0,,,,,,,,
,SPF,5,7,20,20.0,3.0,,,,,,,,
,SPF,5,7,21,20.0,3.0,,,,,,,,
,SPF,6,1,1,19.0,3.0,,,,,,,,
,SPF,6,1,2,19.0,3.0,,,,,,,,
,SPF,6,1,3,,,,,,,,,,
,SPF,6,2,4,19.0,3.0,,,,,,,,
,SPF,6,2,5,19.0,3.0,,,,,,,,
,SPF,6,2,6,,,,,,,,,,
,SPF,6,3,7,18.0,3.0,,,,,,,,
,SPF,6,3,8,18.0,3.0,,,,,,,,
,SPF,6,3,9,,,,,,,,,,
,SPF,6,4,10,18.0,3.0,,,,,,,,
,SPF,6,4,11,18.0,3.0,,,,,,,,
,SPF,6,4,12,,,,,,,,,,
,SPF,6,5,13,18.0,3.0,,,,,,,,
,SPF,6,5,14,18.0,3.0,,,,,,,,
,SPF,6,5,15,,,,,,,,,,
,SPF,6,6,16,20.0,3.0,,,,,,,,
,SPF,6,6,17,20.0,3.0,,,,,,,,
,SPF,6,6,18,,,,,,,,,,
,SPF,6,7,19,20.0,3.0,,,,,,,,
,SPF,6,7,20,20.0,3.0,,,,,,,,
,SPF,6,7,21,,,,,,,,,,
,SPF,7,1,1,18.0,3.0,,,,,,,,
,SPF,7,1,2,18.0,3.0,,,,,,,,
,SPF,7,1,3,,,,,,,,,,
,SPF,7,2,4,18.0,3.0,,,,,,,,
,SPF,7,2,5,18.0,3.0,,,,,,,,
,SPF,7,2,6,,,,,,,,,,
,SPF,7,3,7,18.0,3.0,,,,,,,,
,SPF,7,3,8,18.0,3.0,,,,,,,,
,SPF,7,3,9,,,,,,,,,,
,SPF,7,4,10,18.0,3.0,,,,,,,,
,SPF,7,4,11,18.0,3.0,,,,,,,,
,SPF,7,4,12,,,,,,,,,,
,SPF,7,5,13,18.0,3.0,,,,,,,,
,SPF,7,5,14,18.0,3.0,,,,,,,,
,SPF,7,5,15,,,,,,,,,,
,SPF,7,6,16,20.0,3.0,,,,,,,,
,SPF,7,6,17,20.0,3.0,,,,,,,,
,SPF,7,6,18,,,,,,,,,,
,SPF,7,7,19,20.0,3.0,,,,,,,,
,SPF,7,7,20,20.0,3.0,,,,,,,,
,SPF,7,7,21,,,,,,,,,,
,SPF,8,1,1,18.0,3.0,,,,,,,,
,SPF,8,1,2,18.0,3.0,,,,,,,,
,SPF,8,1,3,18.0,3.0,,,,,,,,
,SPF,8,2,4,19.0,3.0,,,,,,,,
,SPF,8,2,5,19.0,3.0,,,,,,,,
,SPF,8,2,6,,,,,,,,,,
,SPF,8,3,7,20.0,3.0,,,,,,,,
,SPF,8,3,8,20.0,3.0,,,,,,,,
,SPF,8,3,9,,,,,,,,,,
,SPF,8,4,10,20.0,3.0,,,,,,,,
,SPF,8,4,11,20.0,3.0,,,,,,,,
,SPF,8,4,12,,,,,,,,,,
,SPF,8,5,13,20.0,3.0,,,,,,,,
,SPF,8,5,14,20.0,3.0,,,,,,,,
,SPF,8,5,15,,,,,,,,,,
,SPF,8,6,16,20.0,3.0,,,,,,,,
,SPF,8,6,17,20.0,3.0,,,,,,,,
,SPF,8,6,18,,,,,,,,,,
,SPF,8,7,19,20.0,3.0,,,,,,,,
,SPF,8,7,20,20.0,3.0,,,,,,,,
,SPF,8,7,21,,,,,,,,,,
,SPF,9,1,1,20.0,3.0,,,,,,,,
,SPF,9,1,2,20.0,3.0,,,,,,,,
,SPF,9,1,3,,,,,,,,,,
,SPF,9,2,4,18.0,3.0,,,,,,,,
,SPF,9,2,5,18.0,3.0,,,,,,,,
,SPF,9,2,6,,,,,,,,,,
,SPF,9,3,7,20.0,3.0,,,,,,,,
,SPF,9,3,8,20.0,3.0,,,,,,,,
,SPF,9,3,9,,,,,,,,,,
,SPF,9,4,10,18.0,3.0,,,,,,,,
,SPF,9,4,11,18.0,3.0,,,,,,,,
,SPF,9,4,12,,,,,,,,,,
,SPF,9,5,13,20.0,3.0,,,,,,,,
,SPF,9,5,14,20.0,3.0,,,,,,,,
,SPF,9,5,15,,,,,,,,,,
,SPF,9,6,16,19.0,3.0,,,,,,,,
,SPF,9,6,17,19.0,3.0,,,,,,,,
,SPF,9,6,18,,,,,,,,,,
,SPF,9,7,19,19.0,3.0,,,,,,,,
,SPF,9,7,20,19.0,3.0,,,,,,,,
,SPF,9,7,21,,,,,,,,,,
,SPF,10,1,1,20.0,4.0,,,,,,,,
,SPF,10,1,2,20.0,4.0,,,,,,,,
,SPF,10,1,3,,4.0,,,,,,,,
,SPF,10,2,4,20.0,4.0,,,,,,,,
,SPF,10,2,5,20.0,4.0,,,,,,,,
,SPF,10,2,6,,4.0,,,,,,,,
,SPF,10,3,7,18.0,4.0,,,,,,,,
,SPF,10,3,8,18.0,4.0,,,,,,,,
,SPF,10,3,9,,4.0,,,,,,,,
,SPF,10,4,10,18.0,4.0,,,,,,,,
,SPF,10,4,11,18.0,4.0,,,,,,,,
,SPF,10,4,12,,4.0,,,,,,,,
,SPF,10,5,13,18.0,4.0,,,,,,,,
,SPF,10,5,14,18.0,4.0,,,,,,,,
,SPF,10,5,15,,4.0,,,,,,,,
,SPF,10,6,16,18.0,4.0,,,,,,,,
,SPF,10,6,17,18.0,4.0,,,,,,,,
,SPF,10,6,18,,4.0,,,,,,,,
,SPF,10,7,19,18.0,4.0,,,,,,,,
,SPF,10,7,20,18.0,4.0,,,,,,,,
,SPF,10,7,21,18.0,4.0,,,,,,,,
,SPF,11,1,1,20.0,4.0,,,,,,,,
,SPF,11,1,2,20.0,4.0,,,,,,,,
,SPF,11,1,3,20.0,4.0,,,,,,,,
,SPF,11,2,4,20.0,4.0,,,,,,,,
,SPF,11,2,5,20.0,4.0,,,,,,,,
,SPF,11,2,6,,4.0,,,,,,,,
,SPF,11,3,7,20.0,4.0,,,,,,,,
,SPF,11,3,8,20.0,4.0,,,,,,,,
,SPF,11,3,9,,4.0,,,,,,,,
,SPF,11,4,10,20.0,4.0,,,,,,,,
,SPF,11,4,11,20.0,4.0,,,,,,,,
,SPF,11,4,12,,4.0,,,,,,,,
,SPF,11,5,13,18.0,4.0,,,,,,,,
,SPF,11,5,14,18.0,4.0,,,,,,,,
,SPF,11,5,15,,4.0,,,,,,,,
,SPF,11,6,16,18.0,4.0,,,,,,,,
,SPF,11,6,17,18.0,4.0,,,,,,,,
,SPF,11,6,18,,4.0,,,,,,,,
,SPF,11,7,19,18.0,4.0,,,,,,,,
,SPF,11,7,20,18.0,4.0,,,,,,,,
,SPF,11,7,21,,4.0,,,,,,,,
,SPF,12,1,1,20.0,4.0,,,,,,,,
,SPF,12,1,2,20.0,4.0,,,,,,,,
,SPF,12,1,3,,4.0,,,,,,,,
,SPF,12,2,4,20.0,4.0,,,,,,,,
,SPF,12,2,5,20.0,4.0,,,,,,,,
,SPF,12,2,6,,4.0,,,,,,,,
,SPF,12,3,7,18.0,4.0,,,,,,,,
,SPF,12,3,8,18.0,4.0,,,,,,,,
,SPF,12,3,9,,4.0,,,,,,,,
,SPF,12,4,10,19.0,4.0,,,,,,,,
,SPF,12,4,11,19.0,4.0,,,,,,,,
,SPF,12,4,12,19.0,4.0,,,,,,,,
,SPF,12,5,13,18.0,4.0,,,,,,,,
,SPF,12,5,14,18.0,4.0,,,,,,,,
,SPF,12,5,15,,4.0,,,,,,,,
,SPF,12,6,16,18.0,4.0,,,,,,,,
,SPF,12,6,17,18.0,4.0,,,,,,,,
,SPF,12,6,18,,4.0,,,,,,,,
,SPF,12,7,19,18.0,4.0,,,,,,,,
,SPF,12,7,20,18.0,4.0,,,,,,,,
,SPF,12,7,21,,4.0,,,,,,,,
,SPF,13,1,1,19.0,4.0,,,,,,,,
,SPF,13,1,2,19.0,4.0,,,,,,,,
,SPF,13,1,3,,4.0,,,,,,,,
,SPF,13,2,4,20.0,4.0,,,,,,,,
,SPF,13,2,5,20.0,4.0,,,,,,,,
,SPF,13,2,6,,4.0,,,,,,,,
,SPF,13,3,7,20.0,4.0,,,,,,,,
,SPF,13,3,8,20.0,4.0,,,,,,,,
,SPF,13,3,9,,4.0,,,,,,,,
,SPF,13,4,10,20.0,4.0,,,,,,,,
,SPF,13,4,11,20.0,4.0,,,,,,,,
,SPF,13,4,12,,4.0,,,,,,,,
,SPF,13,5,13,18.0,4.0,,,,,,,,
,SPF,13,5,14,18.0,4.0,,,,,,,,
,SPF,13,5,15,,4.0,,,,,,,,
,SPF,13,6,16,18.0,4.0,,,,,,,,
,SPF,13,6,17,18.0,4.0,,,,,,,,
,SPF,13,6,18,,4.0,,,,,,,,
,SPF,13,7,19,18.0,4.0,,,,,,,,
,SPF,13,7,20,18.0,4.0,,,,,,,,
,SPF,13,7,21,,4.0,,,,,,,,
,SPF,14,1,1,18.0,4.0,,,,,,,,
,SPF,14,1,2,18.0,4.0,,,,,,,,
,SPF,14,1,3,,4.0,,,,,,,,
,SPF,14,2,4,20.0,4.0,,,,,,,,
,SPF,14,2,5,20.0,4.0,,,,,,,,
,SPF,14,2,6,,4.0,,,,,,,,
,SPF,14,3,7,20.0,4.0,,,,,,,,
,SPF,14,3,8,20.0,4.0,,,,,,,,
,SPF,14,3,9,,4.0,,,,,,,,
,SPF,14,4,10,20.0,4.0,,,,,,,,
,SPF,14,4,11,20.0,4.0,,,,,,,,
,SPF,14,4,12,,4.0,,,,,,,,
,SPF,14,5,13,20.0,4.0,,,,,,,,
,SPF,14,5,14,20.0,4.0,,,,,,,,
,SPF,14,5,15,,4.0,,,,,,,,
,SPF,14,6,16,20.0,4.0,,,,,,,,
,SPF,14,6,17,20.0,4.0,,,,,,,,
,SPF,14,6,18,,4.0,,,,,,,,
,SPF,14,7,19,18.0,4.0,,,,,,,,
,SPF,14,7,20,18.0,4.0,,,,,,,,
,SPF,14,7,21,,4.0,,,,,,,,
,SPF,15,1,1,18.0,4.0,,,,,,,,
,SPF,15,1,2,18.0,4.0,,,,,,,,
,SPF,15,1,3,,4.0,,,,,,,,
,SPF,15,2,4,18.0,4.0,,,,,,,,
,SPF,15,2,5,18.0,4.0,,,,,,,,
,SPF,15,2,6,,4.0,,,,,,,,
,SPF,15,3,7,18.0,4.0,,,,,,,,
,SPF,15,3,8,18.0,4.0,,,,,,,,
,SPF,15,3,9,,4.0,,,,,,,,
,SPF,15,4,10,18.0,4.0,,,,,,,,
,SPF,15,4,11,18.0,4.0,,,,,,,,
,SPF,15,4,12,,4.0,,,,,,,,
,SPF,15,5,13,20.0,4.0,,,,,,,,
,SPF,15,5,14,20.0,4.0,,,,,,,,
,SPF,15,5,15,,4.0,,,,,,,,
,SPF,15,6,16,20.0,4.0,,,,,,,,
,SPF,15,6,17,20.0,4.0,,,,,,,,
,SPF,15,6,18,,4.0,,,,,,,,
,SPF,15,7,19,20.0,4.0,,,,,,,,
,SPF,15,7,20,20.0,4.0,,,,,,,,
,SPF,15,7,21,,4.0,,,,,,,,
,SPF,16,1,1,18.0,4.0,,,,,,,,
,SPF,16,1,2,18.0,4.0,,,,,,,,
,SPF,16,1,3,,4.0,,,,,,,,
,SPF,16,2,4,19.0,4.0,,,,,,,,
,SPF,16,2,5,19.0,4.0,,,,,,,,
,SPF,16,2,6,,4.0,,,,,,,,
,SPF,16,3,7,19.0,4.0,,,,,,,,
,SPF,16,3,8,19.0,4.0,,,,,,,,
,SPF,16,3,9,,4.0,,,,,,,,
,SPF,16,4,10,19.0,4.0,,,,,,,,
,SPF,16,4,11,19.0,4.0,,,,,,,,
,SPF,16,4,12,,4.0,,,,,,,,
,SPF,16,5,13,19.0,4.0,,,,,,,,
,SPF,16,5,14,19.0,4.0,,,,,,,,
,SPF,16,5,15,,4.0,,,,,,,,
,SPF,16,6,16,19.0,4.0,,,,,,,,
,SPF,16,6,17,19.0,4.0,,,,,,,,
,SPF,16,6,18,,4.0,,,,,,,,
,SPF,16,7,19,20.0,3.0,,,,,,,,
,SPF,16,7,20,20.0,3.0,,,,,,,,
,SPF,16,7,21,,3.0,,,,,,,,
,SPF,17,1,1,19.0,3.0,,,,,,,,
,SPF,17,1,2,19.0,3.0,,,,,,,,
,SPF,17,1,3,,3.0,,,,,,,,
,SPF,17,2,4,19.0,3.0,,,,,,,,
,SPF,17,2,5,19.0,3.0,,,,,,,,
,SPF,17,2,6,,3.0,,,,,,,,
,SPF,17,3,7,19.0,3.0,,,,,,,,
,SPF,17,3,8,19.0,3.0,,,,,,,,
,SPF,17,3,9,,3.0,,,,,,,,
,SPF,17,4,10,18.0,3.0,,,,,,,,
,SPF,17,4,11,18.0,3.0,,,,,,,,
,SPF,17,4,12,,3.0,,,,,,,,
,SPF,17,5,13,18.0,3.0,,,,,,,,
,SPF,17,5,14,18.0,3.0,,,,,,,,
,SPF,17,5,15,,3.0,,,,,,,,
,SPF,17,6,16,18.0,3.0,,,,,,,,
,SPF,17,6,17,18.0,3.0,,,,,,,,
,SPF,17,6,18,,3.0,,,,,,,,
,SPF,17,7,19,18.0,3.0,,,,,,,,
,SPF,17,7,20,18.0,3.0,,,,,,,,
,SPF,17,7,21,,3.0,,,,,,,,
,SPF,18,1,1,20.0,3.0,,,,,,,,
,SPF,18,1,2,20.0,3.0,,,,,,,,
,SPF,18,1,3,,3.0,,,,,,,,
,SPF,18,2,4,20.0,3.0,,,,,,,,
,SPF,18,2,5,20.0,3.0,,,,,,,,
,SPF,18,2,6,,3.0,,,,,,,,
,SPF,18,3,7,20.0,3.0,,,,,,,,
,SPF,18,3,8,20.0,3.0,,,,,,,,
,SPF,18,3,9,,3.0,,,,,,,,
,SPF,18,4,10,19.0,3.0,,,,,,,,
,SPF,18,4,11,19.0,3.0,,,,,,,,
,SPF,18,4,12,,3.0,,,,,,,,
,SPF,18,5,13,19.0,3.0,,,,,,,,
,SPF,18,5,14,18.0,3.0,,,,,,,,
,SPF,18,5,15,,3.0,,,,,,,,
,SPF,18,6,16,18.0,3.0,,,,,,,,
,SPF,18,6,17,18.0,3.0,,,,,,,,
,SPF,18,6,18,,3.0,,,,,,,,
,SPF,18,7,19,18.0,3.0,,,,,,,,
,SPF,18,7,20,18.0,3.0,,,,,,,,
,SPF,18,7,21,18.0,3.0,,,,,,,,
,STBC,1,1,1,20.0,1.0,,,,,,,,
,STBC,1,1,2,20.0,1.0,,,,,,,,
,STBC,1,1,3,,,,,,,,,,
,STBC,1,2,4,20.0,1.0,,,,,,,,
,STBC,1,2,5,20.0,1.0,,,,,,,,
,STBC,1,2,6,,,,,,,,,,
,STBC,1,3,7,20.0,1.0,,,,,,,,
,STBC,1,3,8,20.0,1.0,,,,,,,,
,STBC,1,3,9,,,,,,,,,,
,STBC,1,4,10,20.0,1.0,,,,,,,,
,STBC,1,4,11,20.0,1.0,,,,,,,,
,STBC,1,4,12,,,,,,,,,,
,STBC,1,5,13,20.0,1.0,,,,,,,,
,STBC,1,5,14,20.0,1.0,,,,,,,,
,STBC,1,5,15,,,,,,,,,,
,STBC,1,6,16,20.0,1.0,,,,,,,,
,STBC,1,6,17,20.0,1.0,,,,,,,,
,STBC,1,6,18,,,,,,,,,,
,STBC,1,7,19,20.0,1.0,,,,,,,,
,STBC,1,7,20,20.0,1.0,,,,,,,,
,STBC,1,7,21,,,,,,,,,,
,STBC,2,1,1,20.0,2.0,,,,,,,,
,STBC,2,1,2,20.0,2.0,,,,,,,,
,STBC,2,1,3,,,,,,,,,,
,STBC,2,2,4,20.0,2.0,,,,,,,,
,STBC,2,2,5,20.0,2.0,,,,,,,,
,STBC,2,2,6,,,,,,,,,,
,STBC,2,3,7,20.0,2.0,,,,,,,,
,STBC,2,3,8,20.0,2.0,,,,,,,,
,STBC,2,3,9,,,,,,,,,,
,STBC,2,4,10,20.0,2.0,,,,,,,,
,STBC,2,4,11,20.0,2.0,,,,,,,,
,STBC,2,4,12,,,,,,,,,,
,STBC,2,5,13,20.0,2.0,,,,,,,,
,STBC,2,5,14,20.0,2.0,,,,,,,,
,STBC,2,5,15,,,,,,,,,,
,STBC,2,6,16,20.0,2.0,,,,,,,,
,STBC,2,6,17,20.0,2.0,,,,,,,,
,STBC,2,6,18,,,,,,,,,,
,STBC,2,7,19,20.0,2.0,,,,,,,,
,STBC,2,7,20,20.0,2.0,,,,,,,,
,STBC,2,7,21,,,,,,,,,,
,STBC,3,1,1,20.0,1.0,,,,,,,,
,STBC,3,1,2,20.0,1.0,,,,,,,,
,STBC,3,1,3,,,,,,,,,,
,STBC,3,2,4,20.0,1.0,,,,,,,,
,STBC,3,2,5,20.0,1.0,,,,,,,,
,STBC,3,2,6,,,,,,,,,,
,STBC,3,3,7,20.0,1.0,,,,,,,,
,STBC,3,3,8,20.0,1.0,,,,,,,,
,STBC,3,3,9,,,,,,,,,,
,STBC,3,4,10,20.0,1.0,,,,,,,,
,STBC,3,4,11,20.0,1.0,,,,,,,,
,STBC,3,4,12,,,,,,,,,,
,STBC,3,5,13,20.0,1.0,,,,,,,,
,STBC,3,5,14,20.0,1.0,,,,,,,,
,STBC,3,5,16,,,,,,,,,,
,STBC,3,6,16,20.0,1.0,,,,,,,,
,STBC,3,6,17,20.0,1.0,,,,,,,,
,STBC,3,6,18,,,,,,,,,,
,STBC,3,7,19,20.0,1.0,,,,,,,,
,STBC,3,7,20,20.0,1.0,,,,,,,,
,STBC,3,7,21,,,,,,,,,,
,STBC,4,1,1,20.0,2.0,,,,,,,,
,STBC,4,1,2,20.0,2.0,,,,,,,,
,STBC,4,1,3,,,,,,,,,,
,STBC,4,2,4,20.0,2.0,,,,,,,,
,STBC,4,2,5,20.0,2.0,,,,,,,,
,STBC,4,2,6,,,,,,,,,,
,STBC,4,3,7,20.0,2.0,,,,,,,,
,STBC,4,3,8,20.0,2.0,,,,,,,,
,STBC,4,3,9,,,,,,,,,,
,STBC,4,4,10,20.0,2.0,,,,,,,,
,STBC,4,4,11,20.0,2.0,,,,,,,,
,STBC,4,4,12,,,,,,,,,,
,STBC,4,5,13,20.0,2.0,,,,,,,,
,STBC,4,5,14,20.0,2.0,,,,,,,,
,STBC,4,5,15,,,,,,,,,,
,STBC,4,6,16,20.0,2.0,,,,,,,,
,STBC,4,6,17,20.0,2.0,,,,,,,,
,STBC,4,6,18,,,,,,,,,,
,STBC,4,7,19,20.0,1.0,,,,,,,,
,STBC,4,7,20,20.0,1.0,,,,,,,,
,STBC,4,7,21,,,,,,,,,,
,STBC,5,1,1,20.0,2.0,,,,,,,,
,STBC,5,1,2,20.0,2.0,,,,,,,,
,STBC,5,1,3,20.0,2.0,,,,,,,,
,STBC,5,2,4,20.0,1.0,,,,,,,,
,STBC,5,2,5,20.0,1.0,,,,,,,,
,STBC,5,2,6,,,,,,,,,,
,STBC,5,3,7,20.0,1.0,,,,,,,,
,STBC,5,3,8,20.0,1.0,,,,,,,,
,STBC,5,3,9,,,,,,,,,,
,STBC,5,4,10,20.0,1.0,,,,,,,,
,STBC,5,4,11,20.0,1.0,,,,,,,,
,STBC,5,4,12,,,,,,,,,,
,STBC,5,5,13,20.0,1.0,,,,,,,,
,STBC,5,5,14,20.0,1.0,,,,,,,,
,STBC,5,5,15,,,,,,,,,,
,STBC,5,6,16,20.0,1.0,,,,,,,,
,STBC,5,6,17,20.0,1.0,,,,,,,,
,STBC,5,6,18,,,,,,,,,,
,STBC,5,7,19,20.0,1.0,,,,,,,,
,STBC,5,7,20,20.0,1.0,,,,,,,,
,STBC,5,7,21,,,,,,,,,,
,STBC,6,1,1,20.0,2.0,,,,,,,,
,STBC,6,1,2,20.0,2.0,,,,,,,,
,STBC,6,1,3,20.0,2.0,,,,,,,,
,STBC,6,2,4,20.0,2.0,,,,,,,,
,STBC,6,2,5,20.0,2.0,,,,,,,,
,STBC,6,2,6,,,,,,,,,,
,STBC,6,3,7,20.0,2.0,,,,,,,,
,STBC,6,3,8,20.0,2.0,,,,,,,,
,STBC,6,3,9,,,,,,,,,,
,STBC,6,4,10,20.0,2.0,,,,,,,,
,STBC,6,4,11,20.0,2.0,,,,,,,,
,STBC,6,4,12,,,,,,,,,,
,STBC,6,5,13,20.0,2.0,,,,,,,,
,STBC,6,5,14,20.0,2.0,,,,,,,,
,STBC,6,5,15,,,,,,,,,,
,STBC,6,6,16,20.0,1.0,,,,,,,,
,STBC,6,6,17,20.0,1.0,,,,,,,,
,STBC,6,6,18,,,,,,,,,,
,STBC,6,7,19,20.0,1.0,,,,,,,,
,STBC,6,7,20,20.0,1.0,,,,,,,,
,STBC,6,7,21,,,,,,,,,,
,STBC,7,1,1,20.0,1.0,,,,,,,,
,STBC,7,1,2,20.0,1.0,,,,,,,,
,STBC,7,1,3,20.0,1.0,,,,,,,,
,STBC,7,2,4,20.0,1.0,,,,,,,,
,STBC,7,2,5,20.0,1.0,,,,,,,,
,STBC,7,2,6,,,,,,,,,,
,STBC,7,3,7,20.0,1.0,,,,,,,,
,STBC,7,3,8,20.0,1.0,,,,,,,,
,STBC,7,3,9,,,,,,,,,,
,STBC,7,4,10,20.0,1.0,,,,,,,,
,STBC,7,4,11,20.0,1.0,,,,,,,,
,STBC,7,4,12,,,,,,,,,,
,STBC,7,5,13,20.0,2.0,,,,,,,,
,STBC,7,5,14,20.0,2.0,,,,,,,,
,STBC,7,5,15,,,,,,,,,,
,STBC,7,6,16,20.0,2.0,,,,,,,,
,STBC,7,6,17,20.0,2.0,,,,,,,,
,STBC,7,6,18,,,,,,,,,,
,STBC,7,7,19,20.0,2.0,,,,,,,,
,STBC,7,7,20,20.0,2.0,,,,,,,,
,STBC,7,7,21,,,,,,,,,,
,STBC,8,1,1,20.0,2.0,,,,,,,,
,STBC,8,1,2,20.0,2.0,,,,,,,,
,STBC,8,1,3,20.0,2.0,,,,,,,,
,STBC,8,2,4,20.0,2.0,,,,,,,,
,STBC,8,2,5,20.0,2.0,,,,,,,,
,STBC,8,2,6,,,,,,,,,,
,STBC,8,3,7,20.0,2.0,,,,,,,,
,STBC,8,3,8,20.0,2.0,,,,,,,,
,STBC,8,3,9,,,,,,,,,,
,STBC,8,4,10,20.0,1.0,,,,,,,,
,STBC,8,4,11,20.0,1.0,,,,,,,,
,STBC,8,4,12,,,,,,,,,,
,STBC,8,5,13,20.0,1.0,,,,,,,,
,STBC,8,5,14,20.0,1.0,,,,,,,,
,STBC,8,5,15,,,,,,,,,,
,STBC,8,6,16,20.0,1.0,,,,,,,,
,STBC,8,6,17,20.0,1.0,,,,,,,,
,STBC,8,6,18,,,,,,,,,,
,STBC,8,7,19,20.0,1.0,,,,,,,,
,STBC,8,7,20,20.0,1.0,,,,,,,,
,STBC,8,7,21,,,,,,,,,,
,STBC,9,1,1,20.0,2.0,,,,,,,,
,STBC,9,1,2,20.0,2.0,,,,,,,,
,STBC,9,1,3,20.0,2.0,,,,,,,,
,STBC,9,2,4,20.0,2.0,,,,,,,,
,STBC,9,2,5,20.0,2.0,,,,,,,,
,STBC,9,2,6,,,,,,,,,,
,STBC,9,3,7,20.0,2.0,,,,,,,,
,STBC,9,3,8,20.0,2.0,,,,,,,,
,STBC,9,3,9,,,,,,,,,,
,STBC,9,4,10,20.0,2.0,,,,,,,,
,STBC,9,4,11,20.0,2.0,,,,,,,,
,STBC,9,4,12,,,,,,,,,,
,STBC,9,5,13,20.0,2.0,,,,,,,,
,STBC,9,5,14,20.0,2.0,,,,,,,,
,STBC,9,5,15,,,,,,,,,,
,STBC,9,6,16,20.0,1.0,,,,,,,,
,STBC,9,6,17,20.0,1.0,,,,,,,,
,STBC,9,6,18,,,,,,,,,,
,STBC,9,7,19,20.0,1.0,,,,,,,,
,STBC,9,7,20,20.0,1.0,,,,,,,,
,STBC,9,7,21,,,,,,,,,,
,STBC,10,1,1,20.0,2.0,,,,,,,,
,STBC,10,1,2,20.0,2.0,,,,,,,,
,STBC,10,1,3,20.0,2.0,,,,,,,,
,STBC,10,2,4,20.0,1.0,,,,,,,,
,STBC,10,2,5,20.0,1.0,,,,,,,,
,STBC,10,2,6,,,,,,,,,,
,STBC,10,3,7,20.0,1.0,,,,,,,,
,STBC,10,3,8,20.0,1.0,,,,,,,,
,STBC,10,3,9,,,,,,,,,,
,STBC,10,4,10,20.0,1.0,,,,,,,,
,STBC,10,4,11,20.0,1.0,,,,,,,,
,STBC,10,4,12,,,,,,,,,,
,STBC,10,5,13,20.0,1.0,,,,,,,,
,STBC,10,5,14,20.0,1.0,,,,,,,,
,STBC,10,5,15,,,,,,,,,,
,STBC,10,6,16,20.0,1.0,,,,,,,,
,STBC,10,6,17,20.0,1.0,,,,,,,,
,STBC,10,6,18,,,,,,,,,,
,STBC,10,7,19,20.0,1.0,,,,,,,,
,STBC,10,7,20,20.0,1.0,,,,,,,,
,STBC,10,7,21,,,,,,,,,,
