source;site_id;site_name;inverter_id;inverter_name;inverter_no;mppt_no;string_no;module_qty;orient_code;is_active;commission_date;decommission_date;notes
iSolarCloud;1637095;Charoen Pokphand Bandung;;;1;1;1;20.0;1.0;True;;;from JOIN String (Google Sheet Data Static MMSR)
iSolarCloud;1637095;Charoen Pokphand Bandung;;;1;1;2;;;True;;;from JOIN String (Google Sheet Data Static MMSR)
iSolarCloud;1637095;Charoen Pokphand Bandung;;;1;2;3;20.0;1.0;True;;;from JOIN String (Google Sheet Data Static MMSR)
iSolarCloud;1637095;Charoen Pokphand Bandung;;;1;2;4;;;True;;;from JOIN String (Google Sheet Data Static MMSR)
iSolarCloud;1637095;Charoen Pokphand Bandung;;;1;3;5;20.0;1.0;True;;;from JOIN String (Google Sheet Data Static MMSR)
iSolarCloud;1637095;Charoen Pokphand Bandung;;;1;3;6;;;True;;;from JOIN String (Google Sheet Data Static MMSR)
iSolarCloud;1637095;Charoen Pokphand Bandung;;;1;4;7;20.0;1.0;True;;;from JOIN String (Google Sheet Data Static MMSR)
iSolarCloud;1637095;Charoen Pokphand Bandung;;;1;4;8;;;True;;;from JOIN String (Google Sheet Data Static MMSR)
iSolarCloud;1637095;Charoen Pokphand Bandung;;;1;5;9;20.0;1.0;True;;;from JOIN String (Google Sheet Data Static MMSR)
iSolarCloud;1637095;Charoen Pokphand Bandung;;;1;5;10;;;True;;;from JOIN String (Google Sheet Data Static MMSR)
iSolarCloud;1637095;Charoen Pokphand Bandung;;;1;6;11;20.0;1.0;True;;;from JOIN String (Google Sheet Data Static MMSR)
iSolarCloud;1637095;Charoen Pokphand Bandung;;;1;6;12;;;True;;;from JOIN String (Google Sheet Data Static MMSR)
iSolarCloud;1637095;Charoen Pokphand Bandung;;;1;7;13;20.0;1.0;True;;;from JOIN String (Google Sheet Data Static MMSR)
iSolarCloud;1637095;Charoen Pokphand Bandung;;;1;7;14;;;True;;;from JOIN String (Google Sheet Data Static MMSR)
iSolarCloud;1637095;Charoen Pokphand Bandung;;;1;8;15;20.0;1.0;True;;;from JOIN String (Google Sheet Data Static MMSR)
iSolarCloud;1637095;Charoen Pokphand Bandung;;;1;8;16;;;True;;;from JOIN String (Google Sheet Data Static MMSR)
iSolarCloud;1637095;Charoen Pokphand Bandung;;;1;9;17;20.0;1.0;True;;;from JOIN String (Google Sheet Data Static MMSR)
iSolarCloud;1637095;Charoen Pokphand Bandung;;;1;9;18;;;True;;;from JOIN String (Google Sheet Data Static MMSR)
iSolarCloud;1637095;Charoen Pokphand Bandung;;;1;10;19;20.0;1.0;True;;;from JOIN String (Google Sheet Data Static MMSR)
iSolarCloud;1637095;Charoen Pokphand Bandung;;;1;10;20;;;True;;;from JOIN String (Google Sheet Data Static MMSR)
iSolarCloud;1637095;Charoen Pokphand Bandung;;;1;11;21;20.0;1.0;True;;;from JOIN String (Google Sheet Data Static MMSR)
iSolarCloud;1637095;Charoen Pokphand Bandung;;;1;11;22;;;True;;;from JOIN String (Google Sheet Data Static MMSR)
iSolarCloud;1637095;Charoen Pokphand Bandung;;;1;12;23;;;True;;;from JOIN String (Google Sheet Data Static MMSR)
iSolarCloud;1637095;Charoen Pokphand Bandung;;;1;12;24;;;True;;;from JOIN String (Google Sheet Data Static MMSR)
iSolarCloud;1637095;Charoen Pokphand Bandung;;;2;1;1;20.0;1.0;True;;;from JOIN String (Google Sheet Data Static MMSR)
iSolarCloud;1637095;Charoen Pokphand Bandung;;;2;1;2;;;True;;;from JOIN String (Google Sheet Data Static MMSR)
iSolarCloud;1637095;Charoen Pokphand Bandung;;;2;2;3;20.0;1.0;True;;;from JOIN String (Google Sheet Data Static MMSR)
iSolarCloud;1637095;Charoen Pokphand Bandung;;;2;2;4;;;True;;;from JOIN String (Google Sheet Data Static MMSR)
iSolarCloud;1637095;Charoen Pokphand Bandung;;;2;3;5;20.0;1.0;True;;;from JOIN String (Google Sheet Data Static MMSR)
iSolarCloud;1637095;Charoen Pokphand Bandung;;;2;3;6;;;True;;;from JOIN String (Google Sheet Data Static MMSR)
iSolarCloud;1637095;Charoen Pokphand Bandung;;;2;4;7;20.0;1.0;True;;;from JOIN String (Google Sheet Data Static MMSR)
iSolarCloud;1637095;Charoen Pokphand Bandung;;;2;4;8;;;True;;;from JOIN String (Google Sheet Data Static MMSR)
iSolarCloud;1637095;Charoen Pokphand Bandung;;;2;5;9;20.0;1.0;True;;;from JOIN String (Google Sheet Data Static MMSR)
iSolarCloud;1637095;Charoen Pokphand Bandung;;;2;5;10;;;True;;;from JOIN String (Google Sheet Data Static MMSR)
iSolarCloud;1637095;Charoen Pokphand Bandung;;;2;6;11;20.0;1.0;True;;;from JOIN String (Google Sheet Data Static MMSR)
iSolarCloud;1637095;Charoen Pokphand Bandung;;;2;6;12;;;True;;;from JOIN String (Google Sheet Data Static MMSR)
iSolarCloud;1637095;Charoen Pokphand Bandung;;;2;7;13;20.0;1.0;True;;;from JOIN String (Google Sheet Data Static MMSR)
iSolarCloud;1637095;Charoen Pokphand Bandung;;;2;7;14;;;True;;;from JOIN String (Google Sheet Data Static MMSR)
iSolarCloud;1637095;Charoen Pokphand Bandung;;;2;8;15;20.0;1.0;True;;;from JOIN String (Google Sheet Data Static MMSR)
iSolarCloud;1637095;Charoen Pokphand Bandung;;;2;8;16;;;True;;;from JOIN String (Google Sheet Data Static MMSR)
iSolarCloud;1637095;Charoen Pokphand Bandung;;;2;9;17;20.0;1.0;True;;;from JOIN String (Google Sheet Data Static MMSR)
iSolarCloud;1637095;Charoen Pokphand Bandung;;;2;9;18;;;True;;;from JOIN String (Google Sheet Data Static MMSR)
iSolarCloud;1637095;Charoen Pokphand Bandung;;;2;10;19;20.0;1.0;True;;;from JOIN String (Google Sheet Data Static MMSR)
iSolarCloud;1637095;Charoen Pokphand Bandung;;;2;10;20;;;True;;;from JOIN String (Google Sheet Data Static MMSR)
iSolarCloud;1637095;Charoen Pokphand Bandung;;;2;11;21;20.0;1.0;True;;;from JOIN String (Google Sheet Data Static MMSR)
iSolarCloud;1637095;Charoen Pokphand Bandung;;;2;11;22;;;True;;;from JOIN String (Google Sheet Data Static MMSR)
iSolarCloud;1637095;Charoen Pokphand Bandung;;;2;12;23;;;True;;;from JOIN String (Google Sheet Data Static MMSR)
iSolarCloud;1637095;Charoen Pokphand Bandung;;;2;12;24;;;True;;;from JOIN String (Google Sheet Data Static MMSR)
iSolarCloud;1637095;Charoen Pokphand Bandung;;;3;1;1;20.0;1.0;True;;;from JOIN String (Google Sheet Data Static MMSR)
iSolarCloud;1637095;Charoen Pokphand Bandung;;;3;1;2;;;True;;;from JOIN String (Google Sheet Data Static MMSR)
iSolarCloud;1637095;Charoen Pokphand Bandung;;;3;2;3;20.0;1.0;True;;;from JOIN String (Google Sheet Data Static MMSR)
iSolarCloud;1637095;Charoen Pokphand Bandung;;;3;2;4;;;True;;;from JOIN String (Google Sheet Data Static MMSR)
iSolarCloud;1637095;Charoen Pokphand Bandung;;;3;3;5;20.0;1.0;True;;;from JOIN String (Google Sheet Data Static MMSR)
iSolarCloud;1637095;Charoen Pokphand Bandung;;;3;3;6;;;True;;;from JOIN String (Google Sheet Data Static MMSR)
iSolarCloud;1637095;Charoen Pokphand Bandung;;;3;4;7;20.0;1.0;True;;;from JOIN String (Google Sheet Data Static MMSR)
iSolarCloud;1637095;Charoen Pokphand Bandung;;;3;4;8;;;True;;;from JOIN String (Google Sheet Data Static MMSR)
iSolarCloud;1637095;Charoen Pokphand Bandung;;;3;5;9;20.0;1.0;True;;;from JOIN String (Google Sheet Data Static MMSR)
iSolarCloud;1637095;Charoen Pokphand Bandung;;;3;5;10;;;True;;;from JOIN String (Google Sheet Data Static MMSR)
iSolarCloud;1637095;Charoen Pokphand Bandung;;;3;6;11;20.0;1.0;True;;;from JOIN String (Google Sheet Data Static MMSR)
iSolarCloud;1637095;Charoen Pokphand Bandung;;;3;6;12;;;True;;;from JOIN String (Google Sheet Data Static MMSR)
iSolarCloud;1637095;Charoen Pokphand Bandung;;;3;7;13;20.0;1.0;True;;;from JOIN String (Google Sheet Data Static MMSR)
iSolarCloud;1637095;Charoen Pokphand Bandung;;;3;7;14;;;True;;;from JOIN String (Google Sheet Data Static MMSR)
iSolarCloud;1637095;Charoen Pokphand Bandung;;;3;8;15;20.0;1.0;True;;;from JOIN String (Google Sheet Data Static MMSR)
iSolarCloud;1637095;Charoen Pokphand Bandung;;;3;8;16;;;True;;;from JOIN String (Google Sheet Data Static MMSR)
iSolarCloud;1637095;Charoen Pokphand Bandung;;;3;9;17;20.0;1.0;True;;;from JOIN String (Google Sheet Data Static MMSR)
iSolarCloud;1637095;Charoen Pokphand Bandung;;;3;9;18;;;True;;;from JOIN String (Google Sheet Data Static MMSR)
iSolarCloud;1637095;Charoen Pokphand Bandung;;;3;10;19;20.0;1.0;True;;;from JOIN String (Google Sheet Data Static MMSR)
iSolarCloud;1637095;Charoen Pokphand Bandung;;;3;10;20;;;True;;;from JOIN String (Google Sheet Data Static MMSR)
iSolarCloud;1637095;Charoen Pokphand Bandung;;;3;11;21;20.0;1.0;True;;;from JOIN String (Google Sheet Data Static MMSR)
iSolarCloud;1637095;Charoen Pokphand Bandung;;;3;11;22;;;True;;;from JOIN String (Google Sheet Data Static MMSR)
iSolarCloud;1637095;Charoen Pokphand Bandung;;;3;12;23;18.0;2.0;True;;;from JOIN String (Google Sheet Data Static MMSR)
iSolarCloud;1637095;Charoen Pokphand Bandung;;;3;12;24;;;True;;;from JOIN String (Google Sheet Data Static MMSR)
iSolarCloud;1637095;Charoen Pokphand Bandung;;;4;1;1;20.0;1.0;True;;;from JOIN String (Google Sheet Data Static MMSR)
iSolarCloud;1637095;Charoen Pokphand Bandung;;;4;1;2;;;True;;;from JOIN String (Google Sheet Data Static MMSR)
iSolarCloud;1637095;Charoen Pokphand Bandung;;;4;2;3;20.0;1.0;True;;;from JOIN String (Google Sheet Data Static MMSR)
iSolarCloud;1637095;Charoen Pokphand Bandung;;;4;2;4;;;True;;;from JOIN String (Google Sheet Data Static MMSR)
iSolarCloud;1637095;Charoen Pokphand Bandung;;;4;3;5;20.0;1.0;True;;;from JOIN String (Google Sheet Data Static MMSR)
iSolarCloud;1637095;Charoen Pokphand Bandung;;;4;3;6;;;True;;;from JOIN String (Google Sheet Data Static MMSR)
iSolarCloud;1637095;Charoen Pokphand Bandung;;;4;4;7;20.0;1.0;True;;;from JOIN String (Google Sheet Data Static MMSR)
iSolarCloud;1637095;Charoen Pokphand Bandung;;;4;4;8;;;True;;;from JOIN String (Google Sheet Data Static MMSR)
iSolarCloud;1637095;Charoen Pokphand Bandung;;;4;5;9;20.0;1.0;True;;;from JOIN String (Google Sheet Data Static MMSR)
iSolarCloud;1637095;Charoen Pokphand Bandung;;;4;5;10;;;True;;;from JOIN String (Google Sheet Data Static MMSR)
iSolarCloud;1637095;Charoen Pokphand Bandung;;;4;6;11;20.0;1.0;True;;;from JOIN String (Google Sheet Data Static MMSR)
iSolarCloud;1637095;Charoen Pokphand Bandung;;;4;6;12;;;True;;;from JOIN String (Google Sheet Data Static MMSR)
iSolarCloud;1637095;Charoen Pokphand Bandung;;;4;7;13;20.0;1.0;True;;;from JOIN String (Google Sheet Data Static MMSR)
iSolarCloud;1637095;Charoen Pokphand Bandung;;;4;7;14;;;True;;;from JOIN String (Google Sheet Data Static MMSR)
iSolarCloud;1637095;Charoen Pokphand Bandung;;;4;8;15;20.0;1.0;True;;;from JOIN String (Google Sheet Data Static MMSR)
iSolarCloud;1637095;Charoen Pokphand Bandung;;;4;8;16;;;True;;;from JOIN String (Google Sheet Data Static MMSR)
iSolarCloud;1637095;Charoen Pokphand Bandung;;;4;9;17;20.0;1.0;True;;;from JOIN String (Google Sheet Data Static MMSR)
iSolarCloud;1637095;Charoen Pokphand Bandung;;;4;9;18;;;True;;;from JOIN String (Google Sheet Data Static MMSR)
iSolarCloud;1637095;Charoen Pokphand Bandung;;;4;10;19;20.0;1.0;True;;;from JOIN String (Google Sheet Data Static MMSR)
iSolarCloud;1637095;Charoen Pokphand Bandung;;;4;10;20;;;True;;;from JOIN String (Google Sheet Data Static MMSR)
iSolarCloud;1637095;Charoen Pokphand Bandung;;;4;11;21;20.0;1.0;True;;;from JOIN String (Google Sheet Data Static MMSR)
iSolarCloud;1637095;Charoen Pokphand Bandung;;;4;11;22;;;True;;;from JOIN String (Google Sheet Data Static MMSR)
iSolarCloud;1637095;Charoen Pokphand Bandung;;;4;12;23;20.0;1.0;True;;;from JOIN String (Google Sheet Data Static MMSR)
iSolarCloud;1637095;Charoen Pokphand Bandung;;;4;12;24;;;True;;;from JOIN String (Google Sheet Data Static MMSR)
iSolarCloud;1637095;Charoen Pokphand Bandung;;;5;1;1;20.0;1.0;True;;;from JOIN String (Google Sheet Data Static MMSR)
iSolarCloud;1637095;Charoen Pokphand Bandung;;;5;1;2;;;True;;;from JOIN String (Google Sheet Data Static MMSR)
iSolarCloud;1637095;Charoen Pokphand Bandung;;;5;2;3;20.0;1.0;True;;;from JOIN String (Google Sheet Data Static MMSR)
iSolarCloud;1637095;Charoen Pokphand Bandung;;;5;2;4;;;True;;;from JOIN String (Google Sheet Data Static MMSR)
iSolarCloud;1637095;Charoen Pokphand Bandung;;;5;3;5;20.0;1.0;True;;;from JOIN String (Google Sheet Data Static MMSR)
iSolarCloud;1637095;Charoen Pokphand Bandung;;;5;3;6;;;True;;;from JOIN String (Google Sheet Data Static MMSR)
iSolarCloud;1637095;Charoen Pokphand Bandung;;;5;4;7;20.0;1.0;True;;;from JOIN String (Google Sheet Data Static MMSR)
iSolarCloud;1637095;Charoen Pokphand Bandung;;;5;4;8;;;True;;;from JOIN String (Google Sheet Data Static MMSR)
iSolarCloud;1637095;Charoen Pokphand Bandung;;;5;5;9;20.0;1.0;True;;;from JOIN String (Google Sheet Data Static MMSR)
iSolarCloud;1637095;Charoen Pokphand Bandung;;;5;5;10;;;True;;;from JOIN String (Google Sheet Data Static MMSR)
iSolarCloud;1637095;Charoen Pokphand Bandung;;;5;6;11;20.0;1.0;True;;;from JOIN String (Google Sheet Data Static MMSR)
iSolarCloud;1637095;Charoen Pokphand Bandung;;;5;6;12;;;True;;;from JOIN String (Google Sheet Data Static MMSR)
iSolarCloud;1637095;Charoen Pokphand Bandung;;;5;7;13;20.0;1.0;True;;;from JOIN String (Google Sheet Data Static MMSR)
iSolarCloud;1637095;Charoen Pokphand Bandung;;;5;7;14;;;True;;;from JOIN String (Google Sheet Data Static MMSR)
iSolarCloud;1637095;Charoen Pokphand Bandung;;;5;8;15;20.0;1.0;True;;;from JOIN String (Google Sheet Data Static MMSR)
iSolarCloud;1637095;Charoen Pokphand Bandung;;;5;8;16;;;True;;;from JOIN String (Google Sheet Data Static MMSR)
iSolarCloud;1637095;Charoen Pokphand Bandung;;;5;9;17;20.0;1.0;True;;;from JOIN String (Google Sheet Data Static MMSR)
iSolarCloud;1637095;Charoen Pokphand Bandung;;;5;9;18;;;True;;;from JOIN String (Google Sheet Data Static MMSR)
iSolarCloud;1637095;Charoen Pokphand Bandung;;;5;10;19;20.0;1.0;True;;;from JOIN String (Google Sheet Data Static MMSR)
iSolarCloud;1637095;Charoen Pokphand Bandung;;;5;10;20;;;True;;;from JOIN String (Google Sheet Data Static MMSR)
iSolarCloud;1637095;Charoen Pokphand Bandung;;;5;11;21;20.0;1.0;True;;;from JOIN String (Google Sheet Data Static MMSR)
iSolarCloud;1637095;Charoen Pokphand Bandung;;;5;11;22;;;True;;;from JOIN String (Google Sheet Data Static MMSR)
iSolarCloud;1637095;Charoen Pokphand Bandung;;;5;12;23;20.0;1.0;True;;;from JOIN String (Google Sheet Data Static MMSR)
iSolarCloud;1637095;Charoen Pokphand Bandung;;;5;12;24;;;True;;;from JOIN String (Google Sheet Data Static MMSR)
iSolarCloud;1637095;Charoen Pokphand Bandung;;;6;1;1;20.0;1.0;True;;;from JOIN String (Google Sheet Data Static MMSR)
iSolarCloud;1637095;Charoen Pokphand Bandung;;;6;1;2;;;True;;;from JOIN String (Google Sheet Data Static MMSR)
iSolarCloud;1637095;Charoen Pokphand Bandung;;;6;2;3;20.0;1.0;True;;;from JOIN String (Google Sheet Data Static MMSR)
iSolarCloud;1637095;Charoen Pokphand Bandung;;;6;2;4;;;True;;;from JOIN String (Google Sheet Data Static MMSR)
iSolarCloud;1637095;Charoen Pokphand Bandung;;;6;3;5;20.0;1.0;True;;;from JOIN String (Google Sheet Data Static MMSR)
iSolarCloud;1637095;Charoen Pokphand Bandung;;;6;3;6;;;True;;;from JOIN String (Google Sheet Data Static MMSR)
iSolarCloud;1637095;Charoen Pokphand Bandung;;;6;4;7;20.0;1.0;True;;;from JOIN String (Google Sheet Data Static MMSR)
iSolarCloud;1637095;Charoen Pokphand Bandung;;;6;4;8;;;True;;;from JOIN String (Google Sheet Data Static MMSR)
iSolarCloud;1637095;Charoen Pokphand Bandung;;;6;5;9;20.0;1.0;True;;;from JOIN String (Google Sheet Data Static MMSR)
iSolarCloud;1637095;Charoen Pokphand Bandung;;;6;5;10;;;True;;;from JOIN String (Google Sheet Data Static MMSR)
iSolarCloud;1637095;Charoen Pokphand Bandung;;;6;6;11;20.0;1.0;True;;;from JOIN String (Google Sheet Data Static MMSR)
iSolarCloud;1637095;Charoen Pokphand Bandung;;;6;6;12;;;True;;;from JOIN String (Google Sheet Data Static MMSR)
iSolarCloud;1637095;Charoen Pokphand Bandung;;;6;7;13;20.0;1.0;True;;;from JOIN String (Google Sheet Data Static MMSR)
iSolarCloud;1637095;Charoen Pokphand Bandung;;;6;7;14;;;True;;;from JOIN String (Google Sheet Data Static MMSR)
iSolarCloud;1637095;Charoen Pokphand Bandung;;;6;8;15;20.0;1.0;True;;;from JOIN String (Google Sheet Data Static MMSR)
iSolarCloud;1637095;Charoen Pokphand Bandung;;;6;8;16;;;True;;;from JOIN String (Google Sheet Data Static MMSR)
iSolarCloud;1637095;Charoen Pokphand Bandung;;;6;9;17;20.0;1.0;True;;;from JOIN String (Google Sheet Data Static MMSR)
iSolarCloud;1637095;Charoen Pokphand Bandung;;;6;9;18;;;True;;;from JOIN String (Google Sheet Data Static MMSR)
iSolarCloud;1637095;Charoen Pokphand Bandung;;;6;10;19;20.0;1.0;True;;;from JOIN String (Google Sheet Data Static MMSR)
iSolarCloud;1637095;Charoen Pokphand Bandung;;;6;10;20;;;True;;;from JOIN String (Google Sheet Data Static MMSR)
iSolarCloud;1637095;Charoen Pokphand Bandung;;;6;11;21;20.0;1.0;True;;;from JOIN String (Google Sheet Data Static MMSR)
iSolarCloud;1637095;Charoen Pokphand Bandung;;;6;11;22;;;True;;;from JOIN String (Google Sheet Data Static MMSR)
iSolarCloud;1637095;Charoen Pokphand Bandung;;;6;12;23;20.0;1.0;True;;;from JOIN String (Google Sheet Data Static MMSR)
iSolarCloud;1637095;Charoen Pokphand Bandung;;;6;12;24;;;True;;;from JOIN String (Google Sheet Data Static MMSR)
iSolarCloud;1637095;Charoen Pokphand Bandung;;;7;1;1;20.0;2.0;True;;;from JOIN String (Google Sheet Data Static MMSR)
iSolarCloud;1637095;Charoen Pokphand Bandung;;;7;1;2;;;True;;;from JOIN String (Google Sheet Data Static MMSR)
iSolarCloud;1637095;Charoen Pokphand Bandung;;;7;2;3;20.0;2.0;True;;;from JOIN String (Google Sheet Data Static MMSR)
iSolarCloud;1637095;Charoen Pokphand Bandung;;;7;2;4;;;True;;;from JOIN String (Google Sheet Data Static MMSR)
iSolarCloud;1637095;Charoen Pokphand Bandung;;;7;3;5;20.0;2.0;True;;;from JOIN String (Google Sheet Data Static MMSR)
iSolarCloud;1637095;Charoen Pokphand Bandung;;;7;3;6;;;True;;;from JOIN String (Google Sheet Data Static MMSR)
iSolarCloud;1637095;Charoen Pokphand Bandung;;;7;4;7;20.0;2.0;True;;;from JOIN String (Google Sheet Data Static MMSR)
iSolarCloud;1637095;Charoen Pokphand Bandung;;;7;4;8;;;True;;;from JOIN String (Google Sheet Data Static MMSR)
iSolarCloud;1637095;Charoen Pokphand Bandung;;;7;5;9;20.0;2.0;True;;;from JOIN String (Google Sheet Data Static MMSR)
iSolarCloud;1637095;Charoen Pokphand Bandung;;;7;5;10;;;True;;;from JOIN String (Google Sheet Data Static MMSR)
iSolarCloud;1637095;Charoen Pokphand Bandung;;;7;6;11;20.0;2.0;True;;;from JOIN String (Google Sheet Data Static MMSR)
iSolarCloud;1637095;Charoen Pokphand Bandung;;;7;6;12;;;True;;;from JOIN String (Google Sheet Data Static MMSR)
iSolarCloud;1637095;Charoen Pokphand Bandung;;;7;7;13;20.0;2.0;True;;;from JOIN String (Google Sheet Data Static MMSR)
iSolarCloud;1637095;Charoen Pokphand Bandung;;;7;7;14;;;True;;;from JOIN String (Google Sheet Data Static MMSR)
iSolarCloud;1637095;Charoen Pokphand Bandung;;;7;8;15;20.0;2.0;True;;;from JOIN String (Google Sheet Data Static MMSR)
iSolarCloud;1637095;Charoen Pokphand Bandung;;;7;8;16;;;True;;;from JOIN String (Google Sheet Data Static MMSR)
iSolarCloud;1637095;Charoen Pokphand Bandung;;;7;9;17;20.0;2.0;True;;;from JOIN String (Google Sheet Data Static MMSR)
iSolarCloud;1637095;Charoen Pokphand Bandung;;;7;9;18;;;True;;;from JOIN String (Google Sheet Data Static MMSR)
iSolarCloud;1637095;Charoen Pokphand Bandung;;;7;10;19;20.0;2.0;True;;;from JOIN String (Google Sheet Data Static MMSR)
iSolarCloud;1637095;Charoen Pokphand Bandung;;;7;10;20;;;True;;;from JOIN String (Google Sheet Data Static MMSR)
iSolarCloud;1637095;Charoen Pokphand Bandung;;;7;11;21;20.0;2.0;True;;;from JOIN String (Google Sheet Data Static MMSR)
iSolarCloud;1637095;Charoen Pokphand Bandung;;;7;11;22;;;True;;;from JOIN String (Google Sheet Data Static MMSR)
iSolarCloud;1637095;Charoen Pokphand Bandung;;;7;12;23;20.0;2.0;True;;;from JOIN String (Google Sheet Data Static MMSR)
iSolarCloud;1637095;Charoen Pokphand Bandung;;;7;12;24;;;True;;;from JOIN String (Google Sheet Data Static MMSR)
iSolarCloud;1637095;Charoen Pokphand Bandung;;;8;1;1;20.0;2.0;True;;;from JOIN String (Google Sheet Data Static MMSR)
iSolarCloud;1637095;Charoen Pokphand Bandung;;;8;1;2;;;True;;;from JOIN String (Google Sheet Data Static MMSR)
iSolarCloud;1637095;Charoen Pokphand Bandung;;;8;2;3;20.0;2.0;True;;;from JOIN String (Google Sheet Data Static MMSR)
iSolarCloud;1637095;Charoen Pokphand Bandung;;;8;2;4;;;True;;;from JOIN String (Google Sheet Data Static MMSR)
iSolarCloud;1637095;Charoen Pokphand Bandung;;;8;3;5;20.0;2.0;True;;;from JOIN String (Google Sheet Data Static MMSR)
iSolarCloud;1637095;Charoen Pokphand Bandung;;;8;3;6;;;True;;;from JOIN String (Google Sheet Data Static MMSR)
iSolarCloud;1637095;Charoen Pokphand Bandung;;;8;4;7;20.0;2.0;True;;;from JOIN String (Google Sheet Data Static MMSR)
iSolarCloud;1637095;Charoen Pokphand Bandung;;;8;4;8;;;True;;;from JOIN String (Google Sheet Data Static MMSR)
iSolarCloud;1637095;Charoen Pokphand Bandung;;;8;5;9;20.0;2.0;True;;;from JOIN String (Google Sheet Data Static MMSR)
iSolarCloud;1637095;Charoen Pokphand Bandung;;;8;5;10;;;True;;;from JOIN String (Google Sheet Data Static MMSR)
iSolarCloud;1637095;Charoen Pokphand Bandung;;;8;6;11;20.0;2.0;True;;;from JOIN String (Google Sheet Data Static MMSR)
iSolarCloud;1637095;Charoen Pokphand Bandung;;;8;6;12;;;True;;;from JOIN String (Google Sheet Data Static MMSR)
iSolarCloud;1637095;Charoen Pokphand Bandung;;;8;7;13;20.0;2.0;True;;;from JOIN String (Google Sheet Data Static MMSR)
iSolarCloud;1637095;Charoen Pokphand Bandung;;;8;7;14;;;True;;;from JOIN String (Google Sheet Data Static MMSR)
iSolarCloud;1637095;Charoen Pokphand Bandung;;;8;8;15;20.0;2.0;True;;;from JOIN String (Google Sheet Data Static MMSR)
iSolarCloud;1637095;Charoen Pokphand Bandung;;;8;8;16;;;True;;;from JOIN String (Google Sheet Data Static MMSR)
iSolarCloud;1637095;Charoen Pokphand Bandung;;;8;9;17;20.0;2.0;True;;;from JOIN String (Google Sheet Data Static MMSR)
iSolarCloud;1637095;Charoen Pokphand Bandung;;;8;9;18;;;True;;;from JOIN String (Google Sheet Data Static MMSR)
iSolarCloud;1637095;Charoen Pokphand Bandung;;;8;10;19;20.0;2.0;True;;;from JOIN String (Google Sheet Data Static MMSR)
iSolarCloud;1637095;Charoen Pokphand Bandung;;;8;10;20;;;True;;;from JOIN String (Google Sheet Data Static MMSR)
iSolarCloud;1637095;Charoen Pokphand Bandung;;;8;11;21;20.0;2.0;True;;;from JOIN String (Google Sheet Data Static MMSR)
iSolarCloud;1637095;Charoen Pokphand Bandung;;;8;11;22;;;True;;;from JOIN String (Google Sheet Data Static MMSR)
iSolarCloud;1637095;Charoen Pokphand Bandung;;;8;12;23;20.0;2.0;True;;;from JOIN String (Google Sheet Data Static MMSR)
iSolarCloud;1637095;Charoen Pokphand Bandung;;;8;12;24;;;True;;;from JOIN String (Google Sheet Data Static MMSR)
iSolarCloud;1637095;Charoen Pokphand Bandung;;;9;1;1;20.0;2.0;True;;;from JOIN String (Google Sheet Data Static MMSR)
iSolarCloud;1637095;Charoen Pokphand Bandung;;;9;1;2;;;True;;;from JOIN String (Google Sheet Data Static MMSR)
iSolarCloud;1637095;Charoen Pokphand Bandung;;;9;2;3;20.0;2.0;True;;;from JOIN String (Google Sheet Data Static MMSR)
iSolarCloud;1637095;Charoen Pokphand Bandung;;;9;2;4;;;True;;;from JOIN String (Google Sheet Data Static MMSR)
iSolarCloud;1637095;Charoen Pokphand Bandung;;;9;3;5;20.0;2.0;True;;;from JOIN String (Google Sheet Data Static MMSR)
iSolarCloud;1637095;Charoen Pokphand Bandung;;;9;3;6;;;True;;;from JOIN String (Google Sheet Data Static MMSR)
iSolarCloud;1637095;Charoen Pokphand Bandung;;;9;4;7;20.0;2.0;True;;;from JOIN String (Google Sheet Data Static MMSR)
iSolarCloud;1637095;Charoen Pokphand Bandung;;;9;4;8;;;True;;;from JOIN String (Google Sheet Data Static MMSR)
iSolarCloud;1637095;Charoen Pokphand Bandung;;;9;5;9;20.0;2.0;True;;;from JOIN String (Google Sheet Data Static MMSR)
iSolarCloud;1637095;Charoen Pokphand Bandung;;;9;5;10;;;True;;;from JOIN String (Google Sheet Data Static MMSR)
iSolarCloud;1637095;Charoen Pokphand Bandung;;;9;6;11;20.0;2.0;True;;;from JOIN String (Google Sheet Data Static MMSR)
iSolarCloud;1637095;Charoen Pokphand Bandung;;;9;6;12;;;True;;;from JOIN String (Google Sheet Data Static MMSR)
iSolarCloud;1637095;Charoen Pokphand Bandung;;;9;7;13;20.0;2.0;True;;;from JOIN String (Google Sheet Data Static MMSR)
iSolarCloud;1637095;Charoen Pokphand Bandung;;;9;7;14;;;True;;;from JOIN String (Google Sheet Data Static MMSR)
iSolarCloud;1637095;Charoen Pokphand Bandung;;;9;8;15;20.0;2.0;True;;;from JOIN String (Google Sheet Data Static MMSR)
iSolarCloud;1637095;Charoen Pokphand Bandung;;;9;8;16;;;True;;;from JOIN String (Google Sheet Data Static MMSR)
iSolarCloud;1637095;Charoen Pokphand Bandung;;;9;9;17;20.0;2.0;True;;;from JOIN String (Google Sheet Data Static MMSR)
iSolarCloud;1637095;Charoen Pokphand Bandung;;;9;9;18;;;True;;;from JOIN String (Google Sheet Data Static MMSR)
iSolarCloud;1637095;Charoen Pokphand Bandung;;;9;10;19;20.0;2.0;True;;;from JOIN String (Google Sheet Data Static MMSR)
iSolarCloud;1637095;Charoen Pokphand Bandung;;;9;10;20;;;True;;;from JOIN String (Google Sheet Data Static MMSR)
iSolarCloud;1637095;Charoen Pokphand Bandung;;;9;11;21;20.0;2.0;True;;;from JOIN String (Google Sheet Data Static MMSR)
iSolarCloud;1637095;Charoen Pokphand Bandung;;;9;11;22;;;True;;;from JOIN String (Google Sheet Data Static MMSR)
iSolarCloud;1637095;Charoen Pokphand Bandung;;;9;12;23;20.0;2.0;True;;;from JOIN String (Google Sheet Data Static MMSR)
iSolarCloud;1637095;Charoen Pokphand Bandung;;;9;12;24;;;True;;;from JOIN String (Google Sheet Data Static MMSR)
iSolarCloud;1637095;Charoen Pokphand Bandung;;;10;1;1;20.0;2.0;True;;;from JOIN String (Google Sheet Data Static MMSR)
iSolarCloud;1637095;Charoen Pokphand Bandung;;;10;1;2;;;True;;;from JOIN String (Google Sheet Data Static MMSR)
iSolarCloud;1637095;Charoen Pokphand Bandung;;;10;2;3;20.0;2.0;True;;;from JOIN String (Google Sheet Data Static MMSR)
iSolarCloud;1637095;Charoen Pokphand Bandung;;;10;2;4;;;True;;;from JOIN String (Google Sheet Data Static MMSR)
iSolarCloud;1637095;Charoen Pokphand Bandung;;;10;3;5;20.0;2.0;True;;;from JOIN String (Google Sheet Data Static MMSR)
iSolarCloud;1637095;Charoen Pokphand Bandung;;;10;3;6;;;True;;;from JOIN String (Google Sheet Data Static MMSR)
iSolarCloud;1637095;Charoen Pokphand Bandung;;;10;4;7;20.0;2.0;True;;;from JOIN String (Google Sheet Data Static MMSR)
iSolarCloud;1637095;Charoen Pokphand Bandung;;;10;4;8;;;True;;;from JOIN String (Google Sheet Data Static MMSR)
iSolarCloud;1637095;Charoen Pokphand Bandung;;;10;5;9;20.0;2.0;True;;;from JOIN String (Google Sheet Data Static MMSR)
iSolarCloud;1637095;Charoen Pokphand Bandung;;;10;5;10;;;True;;;from JOIN String (Google Sheet Data Static MMSR)
iSolarCloud;1637095;Charoen Pokphand Bandung;;;10;6;11;20.0;2.0;True;;;from JOIN String (Google Sheet Data Static MMSR)
iSolarCloud;1637095;Charoen Pokphand Bandung;;;10;6;12;;;True;;;from JOIN String (Google Sheet Data Static MMSR)
iSolarCloud;1637095;Charoen Pokphand Bandung;;;10;7;13;20.0;2.0;True;;;from JOIN String (Google Sheet Data Static MMSR)
iSolarCloud;1637095;Charoen Pokphand Bandung;;;10;7;14;;;True;;;from JOIN String (Google Sheet Data Static MMSR)
iSolarCloud;1637095;Charoen Pokphand Bandung;;;10;8;15;20.0;2.0;True;;;from JOIN String (Google Sheet Data Static MMSR)
iSolarCloud;1637095;Charoen Pokphand Bandung;;;10;8;16;;;True;;;from JOIN String (Google Sheet Data Static MMSR)
iSolarCloud;1637095;Charoen Pokphand Bandung;;;10;9;17;20.0;2.0;True;;;from JOIN String (Google Sheet Data Static MMSR)
iSolarCloud;1637095;Charoen Pokphand Bandung;;;10;9;18;;;True;;;from JOIN String (Google Sheet Data Static MMSR)
iSolarCloud;1637095;Charoen Pokphand Bandung;;;10;10;19;20.0;2.0;True;;;from JOIN String (Google Sheet Data Static MMSR)
iSolarCloud;1637095;Charoen Pokphand Bandung;;;10;10;20;;;True;;;from JOIN String (Google Sheet Data Static MMSR)
iSolarCloud;1637095;Charoen Pokphand Bandung;;;10;11;21;20.0;2.0;True;;;from JOIN String (Google Sheet Data Static MMSR)
iSolarCloud;1637095;Charoen Pokphand Bandung;;;10;11;22;;;True;;;from JOIN String (Google Sheet Data Static MMSR)
iSolarCloud;1637095;Charoen Pokphand Bandung;;;10;12;23;20.0;2.0;True;;;from JOIN String (Google Sheet Data Static MMSR)
iSolarCloud;1637095;Charoen Pokphand Bandung;;;10;12;24;;;True;;;from JOIN String (Google Sheet Data Static MMSR)
iSolarCloud;1637816;Charoen Pokphand Madiun;;;1;1;1;20.0;2.0;True;;;from JOIN String (Google Sheet Data Static MMSR)
iSolarCloud;1637816;Charoen Pokphand Madiun;;;1;1;2;;;True;;;from JOIN String (Google Sheet Data Static MMSR)
iSolarCloud;1637816;Charoen Pokphand Madiun;;;1;2;3;20.0;2.0;True;;;from JOIN String (Google Sheet Data Static MMSR)
iSolarCloud;1637816;Charoen Pokphand Madiun;;;1;2;4;;;True;;;from JOIN String (Google Sheet Data Static MMSR)
iSolarCloud;1637816;Charoen Pokphand Madiun;;;1;3;5;20.0;2.0;True;;;from JOIN String (Google Sheet Data Static MMSR)
iSolarCloud;1637816;Charoen Pokphand Madiun;;;1;3;6;;;True;;;from JOIN String (Google Sheet Data Static MMSR)
iSolarCloud;1637816;Charoen Pokphand Madiun;;;1;4;7;20.0;2.0;True;;;from JOIN String (Google Sheet Data Static MMSR)
iSolarCloud;1637816;Charoen Pokphand Madiun;;;1;4;8;;;True;;;from JOIN String (Google Sheet Data Static MMSR)
iSolarCloud;1637816;Charoen Pokphand Madiun;;;1;5;9;20.0;2.0;True;;;from JOIN String (Google Sheet Data Static MMSR)
iSolarCloud;1637816;Charoen Pokphand Madiun;;;1;5;10;;;True;;;from JOIN String (Google Sheet Data Static MMSR)
iSolarCloud;1637816;Charoen Pokphand Madiun;;;1;6;11;20.0;2.0;True;;;from JOIN String (Google Sheet Data Static MMSR)
iSolarCloud;1637816;Charoen Pokphand Madiun;;;1;6;12;;;True;;;from JOIN String (Google Sheet Data Static MMSR)
iSolarCloud;1637816;Charoen Pokphand Madiun;;;1;7;13;20.0;2.0;True;;;from JOIN String (Google Sheet Data Static MMSR)
iSolarCloud;1637816;Charoen Pokphand Madiun;;;1;7;14;;;True;;;from JOIN String (Google Sheet Data Static MMSR)
iSolarCloud;1637816;Charoen Pokphand Madiun;;;1;8;15;20.0;2.0;True;;;from JOIN String (Google Sheet Data Static MMSR)
iSolarCloud;1637816;Charoen Pokphand Madiun;;;1;8;16;;;True;;;from JOIN String (Google Sheet Data Static MMSR)
iSolarCloud;1637816;Charoen Pokphand Madiun;;;1;9;17;20.0;2.0;True;;;from JOIN String (Google Sheet Data Static MMSR)
iSolarCloud;1637816;Charoen Pokphand Madiun;;;1;9;18;;;True;;;from JOIN String (Google Sheet Data Static MMSR)
iSolarCloud;1637816;Charoen Pokphand Madiun;;;1;10;19;20.0;2.0;True;;;from JOIN String (Google Sheet Data Static MMSR)
iSolarCloud;1637816;Charoen Pokphand Madiun;;;1;10;20;;;True;;;from JOIN String (Google Sheet Data Static MMSR)
iSolarCloud;1637816;Charoen Pokphand Madiun;;;1;11;21;20.0;2.0;True;;;from JOIN String (Google Sheet Data Static MMSR)
iSolarCloud;1637816;Charoen Pokphand Madiun;;;1;11;22;;;True;;;from JOIN String (Google Sheet Data Static MMSR)
iSolarCloud;1637816;Charoen Pokphand Madiun;;;1;12;23;20.0;2.0;True;;;from JOIN String (Google Sheet Data Static MMSR)
iSolarCloud;1637816;Charoen Pokphand Madiun;;;1;12;24;;;True;;;from JOIN String (Google Sheet Data Static MMSR)
iSolarCloud;1637816;Charoen Pokphand Madiun;;;2;1;1;20.0;1.0;True;;;from JOIN String (Google Sheet Data Static MMSR)
iSolarCloud;1637816;Charoen Pokphand Madiun;;;2;1;2;;1.0;True;;;from JOIN String (Google Sheet Data Static MMSR)
iSolarCloud;1637816;Charoen Pokphand Madiun;;;2;2;3;20.0;1.0;True;;;from JOIN String (Google Sheet Data Static MMSR)
iSolarCloud;1637816;Charoen Pokphand Madiun;;;2;2;4;;1.0;True;;;from JOIN String (Google Sheet Data Static MMSR)
iSolarCloud;1637816;Charoen Pokphand Madiun;;;2;3;5;20.0;1.0;True;;;from JOIN String (Google Sheet Data Static MMSR)
iSolarCloud;1637816;Charoen Pokphand Madiun;;;2;3;6;;;True;;;from JOIN String (Google Sheet Data Static MMSR)
iSolarCloud;1637816;Charoen Pokphand Madiun;;;2;4;7;20.0;1.0;True;;;from JOIN String (Google Sheet Data Static MMSR)
iSolarCloud;1637816;Charoen Pokphand Madiun;;;2;4;8;;;True;;;from JOIN String (Google Sheet Data Static MMSR)
iSolarCloud;1637816;Charoen Pokphand Madiun;;;2;5;9;20.0;1.0;True;;;from JOIN String (Google Sheet Data Static MMSR)
iSolarCloud;1637816;Charoen Pokphand Madiun;;;2;5;10;;;True;;;from JOIN String (Google Sheet Data Static MMSR)
iSolarCloud;1637816;Charoen Pokphand Madiun;;;2;6;11;20.0;1.0;True;;;from JOIN String (Google Sheet Data Static MMSR)
iSolarCloud;1637816;Charoen Pokphand Madiun;;;2;6;12;;;True;;;from JOIN String (Google Sheet Data Static MMSR)
iSolarCloud;1637816;Charoen Pokphand Madiun;;;2;7;13;20.0;1.0;True;;;from JOIN String (Google Sheet Data Static MMSR)
iSolarCloud;1637816;Charoen Pokphand Madiun;;;2;7;14;;;True;;;from JOIN String (Google Sheet Data Static MMSR)
iSolarCloud;1637816;Charoen Pokphand Madiun;;;2;8;15;20.0;1.0;True;;;from JOIN String (Google Sheet Data Static MMSR)
iSolarCloud;1637816;Charoen Pokphand Madiun;;;2;8;16;;;True;;;from JOIN String (Google Sheet Data Static MMSR)
iSolarCloud;1637816;Charoen Pokphand Madiun;;;2;9;17;20.0;1.0;True;;;from JOIN String (Google Sheet Data Static MMSR)
iSolarCloud;1637816;Charoen Pokphand Madiun;;;2;9;18;;;True;;;from JOIN String (Google Sheet Data Static MMSR)
iSolarCloud;1637816;Charoen Pokphand Madiun;;;2;10;19;20.0;1.0;True;;;from JOIN String (Google Sheet Data Static MMSR)
iSolarCloud;1637816;Charoen Pokphand Madiun;;;2;10;20;;;True;;;from JOIN String (Google Sheet Data Static MMSR)
iSolarCloud;1637816;Charoen Pokphand Madiun;;;2;11;21;20.0;1.0;True;;;from JOIN String (Google Sheet Data Static MMSR)
iSolarCloud;1637816;Charoen Pokphand Madiun;;;2;11;22;;;True;;;from JOIN String (Google Sheet Data Static MMSR)
iSolarCloud;1637816;Charoen Pokphand Madiun;;;2;12;23;20.0;1.0;True;;;from JOIN String (Google Sheet Data Static MMSR)
iSolarCloud;1637816;Charoen Pokphand Madiun;;;2;12;24;;;True;;;from JOIN String (Google Sheet Data Static MMSR)
iSolarCloud;1637816;Charoen Pokphand Madiun;;;3;1;1;20.0;2.0;True;;;from JOIN String (Google Sheet Data Static MMSR)
iSolarCloud;1637816;Charoen Pokphand Madiun;;;3;1;2;;;True;;;from JOIN String (Google Sheet Data Static MMSR)
iSolarCloud;1637816;Charoen Pokphand Madiun;;;3;2;3;20.0;2.0;True;;;from JOIN String (Google Sheet Data Static MMSR)
iSolarCloud;1637816;Charoen Pokphand Madiun;;;3;2;4;;;True;;;from JOIN String (Google Sheet Data Static MMSR)
iSolarCloud;1637816;Charoen Pokphand Madiun;;;3;3;5;20.0;2.0;True;;;from JOIN String (Google Sheet Data Static MMSR)
iSolarCloud;1637816;Charoen Pokphand Madiun;;;3;3;6;;;True;;;from JOIN String (Google Sheet Data Static MMSR)
iSolarCloud;1637816;Charoen Pokphand Madiun;;;3;4;7;20.0;2.0;True;;;from JOIN String (Google Sheet Data Static MMSR)
iSolarCloud;1637816;Charoen Pokphand Madiun;;;3;4;8;;;True;;;from JOIN String (Google Sheet Data Static MMSR)
iSolarCloud;1637816;Charoen Pokphand Madiun;;;3;5;9;20.0;2.0;True;;;from JOIN String (Google Sheet Data Static MMSR)
iSolarCloud;1637816;Charoen Pokphand Madiun;;;3;5;10;;;True;;;from JOIN String (Google Sheet Data Static MMSR)
iSolarCloud;1637816;Charoen Pokphand Madiun;;;3;6;11;18.0;1.0;True;;;from JOIN String (Google Sheet Data Static MMSR)
iSolarCloud;1637816;Charoen Pokphand Madiun;;;3;6;12;;;True;;;from JOIN String (Google Sheet Data Static MMSR)
iSolarCloud;1637816;Charoen Pokphand Madiun;;;3;7;13;18.0;1.0;True;;;from JOIN String (Google Sheet Data Static MMSR)
iSolarCloud;1637816;Charoen Pokphand Madiun;;;3;7;14;;;True;;;from JOIN String (Google Sheet Data Static MMSR)
iSolarCloud;1637816;Charoen Pokphand Madiun;;;3;8;15;18.0;1.0;True;;;from JOIN String (Google Sheet Data Static MMSR)
iSolarCloud;1637816;Charoen Pokphand Madiun;;;3;8;16;;;True;;;from JOIN String (Google Sheet Data Static MMSR)
iSolarCloud;1637816;Charoen Pokphand Madiun;;;3;9;17;20.0;2.0;True;;;from JOIN String (Google Sheet Data Static MMSR)
iSolarCloud;1637816;Charoen Pokphand Madiun;;;3;9;18;;;True;;;from JOIN String (Google Sheet Data Static MMSR)
iSolarCloud;1637816;Charoen Pokphand Madiun;;;3;10;19;20.0;2.0;True;;;from JOIN String (Google Sheet Data Static MMSR)
iSolarCloud;1637816;Charoen Pokphand Madiun;;;3;10;20;;;True;;;from JOIN String (Google Sheet Data Static MMSR)
iSolarCloud;1637816;Charoen Pokphand Madiun;;;3;11;21;20.0;1.0;True;;;from JOIN String (Google Sheet Data Static MMSR)
iSolarCloud;1637816;Charoen Pokphand Madiun;;;3;11;22;;;True;;;from JOIN String (Google Sheet Data Static MMSR)
iSolarCloud;1637816;Charoen Pokphand Madiun;;;3;12;23;20.0;2.0;True;;;from JOIN String (Google Sheet Data Static MMSR)
iSolarCloud;1637816;Charoen Pokphand Madiun;;;3;12;24;;;True;;;from JOIN String (Google Sheet Data Static MMSR)
iSolarCloud;1637816;Charoen Pokphand Madiun;;;4;1;1;16.0;2.0;True;;;from JOIN String (Google Sheet Data Static MMSR)
iSolarCloud;1637816;Charoen Pokphand Madiun;;;4;1;2;16.0;2.0;True;;;from JOIN String (Google Sheet Data Static MMSR)
iSolarCloud;1637816;Charoen Pokphand Madiun;;;4;2;3;16.0;2.0;True;;;from JOIN String (Google Sheet Data Static MMSR)
iSolarCloud;1637816;Charoen Pokphand Madiun;;;4;2;4;16.0;2.0;True;;;from JOIN String (Google Sheet Data Static MMSR)
iSolarCloud;1637816;Charoen Pokphand Madiun;;;4;3;5;14.0;2.0;True;;;from JOIN String (Google Sheet Data Static MMSR)
iSolarCloud;1637816;Charoen Pokphand Madiun;;;4;3;6;;;True;;;from JOIN String (Google Sheet Data Static MMSR)
iSolarCloud;1637816;Charoen Pokphand Madiun;;;4;4;7;15.0;1.0;True;;;from JOIN String (Google Sheet Data Static MMSR)
iSolarCloud;1637816;Charoen Pokphand Madiun;;;4;4;8;;;True;;;from JOIN String (Google Sheet Data Static MMSR)
iSolarCloud;1637816;Charoen Pokphand Madiun;;;4;5;9;15.0;1.0;True;;;from JOIN String (Google Sheet Data Static MMSR)
iSolarCloud;1637816;Charoen Pokphand Madiun;;;4;5;10;;;True;;;from JOIN String (Google Sheet Data Static MMSR)
iSolarCloud;1637816;Charoen Pokphand Madiun;;;4;6;11;14.0;1.0;True;;;from JOIN String (Google Sheet Data Static MMSR)
iSolarCloud;1637816;Charoen Pokphand Madiun;;;4;6;12;;;True;;;from JOIN String (Google Sheet Data Static MMSR)
iSolarCloud;1637816;Charoen Pokphand Madiun;;;4;7;13;14.0;2.0;True;;;from JOIN String (Google Sheet Data Static MMSR)
iSolarCloud;1637816;Charoen Pokphand Madiun;;;4;7;14;;;True;;;from JOIN String (Google Sheet Data Static MMSR)
iSolarCloud;1637816;Charoen Pokphand Madiun;;;4;8;15;14.0;2.0;True;;;from JOIN String (Google Sheet Data Static MMSR)
iSolarCloud;1637816;Charoen Pokphand Madiun;;;4;8;16;;;True;;;from JOIN String (Google Sheet Data Static MMSR)
iSolarCloud;1637816;Charoen Pokphand Madiun;;;4;9;17;16.0;2.0;True;;;from JOIN String (Google Sheet Data Static MMSR)
iSolarCloud;1637816;Charoen Pokphand Madiun;;;4;9;18;;;True;;;from JOIN String (Google Sheet Data Static MMSR)
iSolarCloud;1637816;Charoen Pokphand Madiun;;;4;10;19;14.0;2.0;True;;;from JOIN String (Google Sheet Data Static MMSR)
iSolarCloud;1637816;Charoen Pokphand Madiun;;;4;10;20;;;True;;;from JOIN String (Google Sheet Data Static MMSR)
iSolarCloud;1637816;Charoen Pokphand Madiun;;;4;11;21;15.0;1.0;True;;;from JOIN String (Google Sheet Data Static MMSR)
iSolarCloud;1637816;Charoen Pokphand Madiun;;;4;11;22;;;True;;;from JOIN String (Google Sheet Data Static MMSR)
iSolarCloud;1637816;Charoen Pokphand Madiun;;;4;12;23;15.0;1.0;True;;;from JOIN String (Google Sheet Data Static MMSR)
iSolarCloud;1637816;Charoen Pokphand Madiun;;;4;12;24;;;True;;;from JOIN String (Google Sheet Data Static MMSR)
iSolarCloud;1637816;Charoen Pokphand Madiun;;;5;1;1;20.0;2.0;True;;;from JOIN String (Google Sheet Data Static MMSR)
iSolarCloud;1637816;Charoen Pokphand Madiun;;;5;1;2;;;True;;;from JOIN String (Google Sheet Data Static MMSR)
iSolarCloud;1637816;Charoen Pokphand Madiun;;;5;2;3;20.0;2.0;True;;;from JOIN String (Google Sheet Data Static MMSR)
iSolarCloud;1637816;Charoen Pokphand Madiun;;;5;2;4;;;True;;;from JOIN String (Google Sheet Data Static MMSR)
iSolarCloud;1637816;Charoen Pokphand Madiun;;;5;3;5;20.0;2.0;True;;;from JOIN String (Google Sheet Data Static MMSR)
iSolarCloud;1637816;Charoen Pokphand Madiun;;;5;3;6;;;True;;;from JOIN String (Google Sheet Data Static MMSR)
iSolarCloud;1637816;Charoen Pokphand Madiun;;;5;4;7;20.0;2.0;True;;;from JOIN String (Google Sheet Data Static MMSR)
iSolarCloud;1637816;Charoen Pokphand Madiun;;;5;4;8;;;True;;;from JOIN String (Google Sheet Data Static MMSR)
iSolarCloud;1637816;Charoen Pokphand Madiun;;;5;5;9;20.0;2.0;True;;;from JOIN String (Google Sheet Data Static MMSR)
iSolarCloud;1637816;Charoen Pokphand Madiun;;;5;5;10;;;True;;;from JOIN String (Google Sheet Data Static MMSR)
iSolarCloud;1637816;Charoen Pokphand Madiun;;;5;6;11;20.0;2.0;True;;;from JOIN String (Google Sheet Data Static MMSR)
iSolarCloud;1637816;Charoen Pokphand Madiun;;;5;6;12;;;True;;;from JOIN String (Google Sheet Data Static MMSR)
iSolarCloud;1637816;Charoen Pokphand Madiun;;;5;7;13;20.0;2.0;True;;;from JOIN String (Google Sheet Data Static MMSR)
iSolarCloud;1637816;Charoen Pokphand Madiun;;;5;7;14;;;True;;;from JOIN String (Google Sheet Data Static MMSR)
iSolarCloud;1637816;Charoen Pokphand Madiun;;;5;8;15;20.0;2.0;True;;;from JOIN String (Google Sheet Data Static MMSR)
iSolarCloud;1637816;Charoen Pokphand Madiun;;;5;8;16;;;True;;;from JOIN String (Google Sheet Data Static MMSR)
iSolarCloud;1637816;Charoen Pokphand Madiun;;;5;9;17;20.0;2.0;True;;;from JOIN String (Google Sheet Data Static MMSR)
iSolarCloud;1637816;Charoen Pokphand Madiun;;;5;9;18;;;True;;;from JOIN String (Google Sheet Data Static MMSR)
iSolarCloud;1637816;Charoen Pokphand Madiun;;;5;10;19;20.0;2.0;True;;;from JOIN String (Google Sheet Data Static MMSR)
iSolarCloud;1637816;Charoen Pokphand Madiun;;;5;10;20;;;True;;;from JOIN String (Google Sheet Data Static MMSR)
iSolarCloud;1637816;Charoen Pokphand Madiun;;;5;11;21;20.0;2.0;True;;;from JOIN String (Google Sheet Data Static MMSR)
iSolarCloud;1637816;Charoen Pokphand Madiun;;;5;11;22;;;True;;;from JOIN String (Google Sheet Data Static MMSR)
iSolarCloud;1637816;Charoen Pokphand Madiun;;;5;12;23;;2.0;True;;;from JOIN String (Google Sheet Data Static MMSR)
iSolarCloud;1637816;Charoen Pokphand Madiun;;;5;12;24;;;True;;;from JOIN String (Google Sheet Data Static MMSR)
iSolarCloud;1637816;Charoen Pokphand Madiun;;;6;1;1;20.0;2.0;True;;;from JOIN String (Google Sheet Data Static MMSR)
iSolarCloud;1637816;Charoen Pokphand Madiun;;;6;1;2;;;True;;;from JOIN String (Google Sheet Data Static MMSR)
iSolarCloud;1637816;Charoen Pokphand Madiun;;;6;2;3;20.0;2.0;True;;;from JOIN String (Google Sheet Data Static MMSR)
iSolarCloud;1637816;Charoen Pokphand Madiun;;;6;2;4;;;True;;;from JOIN String (Google Sheet Data Static MMSR)
iSolarCloud;1637816;Charoen Pokphand Madiun;;;6;3;5;20.0;2.0;True;;;from JOIN String (Google Sheet Data Static MMSR)
iSolarCloud;1637816;Charoen Pokphand Madiun;;;6;3;6;;;True;;;from JOIN String (Google Sheet Data Static MMSR)
iSolarCloud;1637816;Charoen Pokphand Madiun;;;6;4;7;20.0;2.0;True;;;from JOIN String (Google Sheet Data Static MMSR)
iSolarCloud;1637816;Charoen Pokphand Madiun;;;6;4;8;;;True;;;from JOIN String (Google Sheet Data Static MMSR)
iSolarCloud;1637816;Charoen Pokphand Madiun;;;6;5;9;20.0;2.0;True;;;from JOIN String (Google Sheet Data Static MMSR)
iSolarCloud;1637816;Charoen Pokphand Madiun;;;6;5;10;;;True;;;from JOIN String (Google Sheet Data Static MMSR)
iSolarCloud;1637816;Charoen Pokphand Madiun;;;6;6;11;20.0;2.0;True;;;from JOIN String (Google Sheet Data Static MMSR)
iSolarCloud;1637816;Charoen Pokphand Madiun;;;6;6;12;;;True;;;from JOIN String (Google Sheet Data Static MMSR)
iSolarCloud;1637816;Charoen Pokphand Madiun;;;6;7;13;20.0;2.0;True;;;from JOIN String (Google Sheet Data Static MMSR)
iSolarCloud;1637816;Charoen Pokphand Madiun;;;6;7;14;;;True;;;from JOIN String (Google Sheet Data Static MMSR)
iSolarCloud;1637816;Charoen Pokphand Madiun;;;6;8;15;20.0;2.0;True;;;from JOIN String (Google Sheet Data Static MMSR)
iSolarCloud;1637816;Charoen Pokphand Madiun;;;6;8;16;;;True;;;from JOIN String (Google Sheet Data Static MMSR)
iSolarCloud;1637816;Charoen Pokphand Madiun;;;6;9;17;20.0;1.0;True;;;from JOIN String (Google Sheet Data Static MMSR)
iSolarCloud;1637816;Charoen Pokphand Madiun;;;6;9;18;;;True;;;from JOIN String (Google Sheet Data Static MMSR)
iSolarCloud;1637816;Charoen Pokphand Madiun;;;6;10;19;20.0;1.0;True;;;from JOIN String (Google Sheet Data Static MMSR)
iSolarCloud;1637816;Charoen Pokphand Madiun;;;6;10;20;;;True;;;from JOIN String (Google Sheet Data Static MMSR)
iSolarCloud;1637816;Charoen Pokphand Madiun;;;6;11;21;20.0;1.0;True;;;from JOIN String (Google Sheet Data Static MMSR)
iSolarCloud;1637816;Charoen Pokphand Madiun;;;6;11;22;;;True;;;from JOIN String (Google Sheet Data Static MMSR)
iSolarCloud;1637816;Charoen Pokphand Madiun;;;6;12;23;;1.0;True;;;from JOIN String (Google Sheet Data Static MMSR)
iSolarCloud;1637816;Charoen Pokphand Madiun;;;6;12;24;;1.0;True;;;from JOIN String (Google Sheet Data Static MMSR)
iSolarCloud;1637816;Charoen Pokphand Madiun;;;7;1;1;20.0;1.0;True;;;from JOIN String (Google Sheet Data Static MMSR)
iSolarCloud;1637816;Charoen Pokphand Madiun;;;7;1;2;;;True;;;from JOIN String (Google Sheet Data Static MMSR)
iSolarCloud;1637816;Charoen Pokphand Madiun;;;7;2;3;20.0;1.0;True;;;from JOIN String (Google Sheet Data Static MMSR)
iSolarCloud;1637816;Charoen Pokphand Madiun;;;7;2;4;;;True;;;from JOIN String (Google Sheet Data Static MMSR)
iSolarCloud;1637816;Charoen Pokphand Madiun;;;7;3;5;20.0;1.0;True;;;from JOIN String (Google Sheet Data Static MMSR)
iSolarCloud;1637816;Charoen Pokphand Madiun;;;7;3;6;;;True;;;from JOIN String (Google Sheet Data Static MMSR)
iSolarCloud;1637816;Charoen Pokphand Madiun;;;7;4;7;20.0;1.0;True;;;from JOIN String (Google Sheet Data Static MMSR)
iSolarCloud;1637816;Charoen Pokphand Madiun;;;7;4;8;;;True;;;from JOIN String (Google Sheet Data Static MMSR)
iSolarCloud;1637816;Charoen Pokphand Madiun;;;7;5;9;20.0;1.0;True;;;from JOIN String (Google Sheet Data Static MMSR)
iSolarCloud;1637816;Charoen Pokphand Madiun;;;7;5;10;;;True;;;from JOIN String (Google Sheet Data Static MMSR)
iSolarCloud;1637816;Charoen Pokphand Madiun;;;7;6;11;20.0;1.0;True;;;from JOIN String (Google Sheet Data Static MMSR)
iSolarCloud;1637816;Charoen Pokphand Madiun;;;7;6;12;;;True;;;from JOIN String (Google Sheet Data Static MMSR)
iSolarCloud;1637816;Charoen Pokphand Madiun;;;7;7;13;20.0;1.0;True;;;from JOIN String (Google Sheet Data Static MMSR)
iSolarCloud;1637816;Charoen Pokphand Madiun;;;7;7;14;;;True;;;from JOIN String (Google Sheet Data Static MMSR)
iSolarCloud;1637816;Charoen Pokphand Madiun;;;7;8;15;20.0;1.0;True;;;from JOIN String (Google Sheet Data Static MMSR)
iSolarCloud;1637816;Charoen Pokphand Madiun;;;7;8;16;;;True;;;from JOIN String (Google Sheet Data Static MMSR)
iSolarCloud;1637816;Charoen Pokphand Madiun;;;7;9;17;20.0;1.0;True;;;from JOIN String (Google Sheet Data Static MMSR)
iSolarCloud;1637816;Charoen Pokphand Madiun;;;7;9;18;;;True;;;from JOIN String (Google Sheet Data Static MMSR)
iSolarCloud;1637816;Charoen Pokphand Madiun;;;7;10;19;20.0;1.0;True;;;from JOIN String (Google Sheet Data Static MMSR)
iSolarCloud;1637816;Charoen Pokphand Madiun;;;7;10;20;;;True;;;from JOIN String (Google Sheet Data Static MMSR)
iSolarCloud;1637816;Charoen Pokphand Madiun;;;7;11;21;20.0;1.0;True;;;from JOIN String (Google Sheet Data Static MMSR)
iSolarCloud;1637816;Charoen Pokphand Madiun;;;7;11;22;;;True;;;from JOIN String (Google Sheet Data Static MMSR)
iSolarCloud;1637816;Charoen Pokphand Madiun;;;7;12;23;;1.0;True;;;from JOIN String (Google Sheet Data Static MMSR)
iSolarCloud;1637816;Charoen Pokphand Madiun;;;7;12;24;;;True;;;from JOIN String (Google Sheet Data Static MMSR)
iSolarCloud;1614122;Charoen Pokphand Majalengka;;;1;1;1;20.0;1.0;True;;;from JOIN String (Google Sheet Data Static MMSR)
iSolarCloud;1614122;Charoen Pokphand Majalengka;;;1;1;2;;;True;;;from JOIN String (Google Sheet Data Static MMSR)
iSolarCloud;1614122;Charoen Pokphand Majalengka;;;1;2;3;20.0;1.0;True;;;from JOIN String (Google Sheet Data Static MMSR)
iSolarCloud;1614122;Charoen Pokphand Majalengka;;;1;2;4;;;True;;;from JOIN String (Google Sheet Data Static MMSR)
iSolarCloud;1614122;Charoen Pokphand Majalengka;;;1;3;5;20.0;1.0;True;;;from JOIN String (Google Sheet Data Static MMSR)
iSolarCloud;1614122;Charoen Pokphand Majalengka;;;1;3;6;;;True;;;from JOIN String (Google Sheet Data Static MMSR)
iSolarCloud;1614122;Charoen Pokphand Majalengka;;;1;4;7;20.0;1.0;True;;;from JOIN String (Google Sheet Data Static MMSR)
iSolarCloud;1614122;Charoen Pokphand Majalengka;;;1;4;8;;;True;;;from JOIN String (Google Sheet Data Static MMSR)
iSolarCloud;1614122;Charoen Pokphand Majalengka;;;1;5;9;20.0;1.0;True;;;from JOIN String (Google Sheet Data Static MMSR)
iSolarCloud;1614122;Charoen Pokphand Majalengka;;;1;5;10;;;True;;;from JOIN String (Google Sheet Data Static MMSR)
iSolarCloud;1614122;Charoen Pokphand Majalengka;;;1;6;11;20.0;1.0;True;;;from JOIN String (Google Sheet Data Static MMSR)
iSolarCloud;1614122;Charoen Pokphand Majalengka;;;1;6;12;;;True;;;from JOIN String (Google Sheet Data Static MMSR)
iSolarCloud;1614122;Charoen Pokphand Majalengka;;;1;7;13;20.0;1.0;True;;;from JOIN String (Google Sheet Data Static MMSR)
iSolarCloud;1614122;Charoen Pokphand Majalengka;;;1;7;14;;;True;;;from JOIN String (Google Sheet Data Static MMSR)
iSolarCloud;1614122;Charoen Pokphand Majalengka;;;1;8;15;20.0;1.0;True;;;from JOIN String (Google Sheet Data Static MMSR)
iSolarCloud;1614122;Charoen Pokphand Majalengka;;;1;8;16;;;True;;;from JOIN String (Google Sheet Data Static MMSR)
iSolarCloud;1614122;Charoen Pokphand Majalengka;;;1;9;17;20.0;1.0;True;;;from JOIN String (Google Sheet Data Static MMSR)
iSolarCloud;1614122;Charoen Pokphand Majalengka;;;1;9;18;;;True;;;from JOIN String (Google Sheet Data Static MMSR)
iSolarCloud;1614122;Charoen Pokphand Majalengka;;;1;10;19;18.0;2.0;True;;;from JOIN String (Google Sheet Data Static MMSR)
iSolarCloud;1614122;Charoen Pokphand Majalengka;;;1;10;20;;;True;;;from JOIN String (Google Sheet Data Static MMSR)
iSolarCloud;1614122;Charoen Pokphand Majalengka;;;1;11;21;16.0;1.0;True;;;from JOIN String (Google Sheet Data Static MMSR)
iSolarCloud;1614122;Charoen Pokphand Majalengka;;;1;11;22;;;True;;;from JOIN String (Google Sheet Data Static MMSR)
iSolarCloud;1614122;Charoen Pokphand Majalengka;;;1;12;23;16.0;1.0;True;;;from JOIN String (Google Sheet Data Static MMSR)
iSolarCloud;1614122;Charoen Pokphand Majalengka;;;1;12;24;;;True;;;from JOIN String (Google Sheet Data Static MMSR)
iSolarCloud;1614122;Charoen Pokphand Majalengka;;;2;1;1;20.0;1.0;True;;;from JOIN String (Google Sheet Data Static MMSR)
iSolarCloud;1614122;Charoen Pokphand Majalengka;;;2;1;2;;;True;;;from JOIN String (Google Sheet Data Static MMSR)
iSolarCloud;1614122;Charoen Pokphand Majalengka;;;2;2;3;20.0;1.0;True;;;from JOIN String (Google Sheet Data Static MMSR)
iSolarCloud;1614122;Charoen Pokphand Majalengka;;;2;2;4;;;True;;;from JOIN String (Google Sheet Data Static MMSR)
iSolarCloud;1614122;Charoen Pokphand Majalengka;;;2;3;5;20.0;1.0;True;;;from JOIN String (Google Sheet Data Static MMSR)
iSolarCloud;1614122;Charoen Pokphand Majalengka;;;2;3;6;;;True;;;from JOIN String (Google Sheet Data Static MMSR)
iSolarCloud;1614122;Charoen Pokphand Majalengka;;;2;4;7;20.0;1.0;True;;;from JOIN String (Google Sheet Data Static MMSR)
iSolarCloud;1614122;Charoen Pokphand Majalengka;;;2;4;8;;;True;;;from JOIN String (Google Sheet Data Static MMSR)
iSolarCloud;1614122;Charoen Pokphand Majalengka;;;2;5;9;20.0;1.0;True;;;from JOIN String (Google Sheet Data Static MMSR)
iSolarCloud;1614122;Charoen Pokphand Majalengka;;;2;5;10;;;True;;;from JOIN String (Google Sheet Data Static MMSR)
iSolarCloud;1614122;Charoen Pokphand Majalengka;;;2;6;11;20.0;1.0;True;;;from JOIN String (Google Sheet Data Static MMSR)
iSolarCloud;1614122;Charoen Pokphand Majalengka;;;2;6;12;;;True;;;from JOIN String (Google Sheet Data Static MMSR)
iSolarCloud;1614122;Charoen Pokphand Majalengka;;;2;7;13;20.0;1.0;True;;;from JOIN String (Google Sheet Data Static MMSR)
iSolarCloud;1614122;Charoen Pokphand Majalengka;;;2;7;14;;;True;;;from JOIN String (Google Sheet Data Static MMSR)
iSolarCloud;1614122;Charoen Pokphand Majalengka;;;2;8;15;20.0;1.0;True;;;from JOIN String (Google Sheet Data Static MMSR)
iSolarCloud;1614122;Charoen Pokphand Majalengka;;;2;8;16;;;True;;;from JOIN String (Google Sheet Data Static MMSR)
iSolarCloud;1614122;Charoen Pokphand Majalengka;;;2;9;17;20.0;1.0;True;;;from JOIN String (Google Sheet Data Static MMSR)
iSolarCloud;1614122;Charoen Pokphand Majalengka;;;2;9;18;;;True;;;from JOIN String (Google Sheet Data Static MMSR)
iSolarCloud;1614122;Charoen Pokphand Majalengka;;;2;10;19;18.0;2.0;True;;;from JOIN String (Google Sheet Data Static MMSR)
iSolarCloud;1614122;Charoen Pokphand Majalengka;;;2;10;20;;;True;;;from JOIN String (Google Sheet Data Static MMSR)
iSolarCloud;1614122;Charoen Pokphand Majalengka;;;2;11;21;16.0;1.0;True;;;from JOIN String (Google Sheet Data Static MMSR)
iSolarCloud;1614122;Charoen Pokphand Majalengka;;;2;11;22;;;True;;;from JOIN String (Google Sheet Data Static MMSR)
iSolarCloud;1614122;Charoen Pokphand Majalengka;;;2;12;23;15.0;1.0;True;;;from JOIN String (Google Sheet Data Static MMSR)
iSolarCloud;1614122;Charoen Pokphand Majalengka;;;2;12;24;;;True;;;from JOIN String (Google Sheet Data Static MMSR)
iSolarCloud;1614122;Charoen Pokphand Majalengka;;;3;1;1;20.0;1.0;True;;;from JOIN String (Google Sheet Data Static MMSR)
iSolarCloud;1614122;Charoen Pokphand Majalengka;;;3;1;2;;;True;;;from JOIN String (Google Sheet Data Static MMSR)
iSolarCloud;1614122;Charoen Pokphand Majalengka;;;3;2;3;20.0;1.0;True;;;from JOIN String (Google Sheet Data Static MMSR)
iSolarCloud;1614122;Charoen Pokphand Majalengka;;;3;2;4;;;True;;;from JOIN String (Google Sheet Data Static MMSR)
iSolarCloud;1614122;Charoen Pokphand Majalengka;;;3;3;5;20.0;1.0;True;;;from JOIN String (Google Sheet Data Static MMSR)
iSolarCloud;1614122;Charoen Pokphand Majalengka;;;3;3;6;;;True;;;from JOIN String (Google Sheet Data Static MMSR)
iSolarCloud;1614122;Charoen Pokphand Majalengka;;;3;4;7;20.0;1.0;True;;;from JOIN String (Google Sheet Data Static MMSR)
iSolarCloud;1614122;Charoen Pokphand Majalengka;;;3;4;8;;;True;;;from JOIN String (Google Sheet Data Static MMSR)
iSolarCloud;1614122;Charoen Pokphand Majalengka;;;3;5;9;20.0;1.0;True;;;from JOIN String (Google Sheet Data Static MMSR)
iSolarCloud;1614122;Charoen Pokphand Majalengka;;;3;5;10;;;True;;;from JOIN String (Google Sheet Data Static MMSR)
iSolarCloud;1614122;Charoen Pokphand Majalengka;;;3;6;11;20.0;1.0;True;;;from JOIN String (Google Sheet Data Static MMSR)
iSolarCloud;1614122;Charoen Pokphand Majalengka;;;3;6;12;;;True;;;from JOIN String (Google Sheet Data Static MMSR)
iSolarCloud;1614122;Charoen Pokphand Majalengka;;;3;7;13;20.0;1.0;True;;;from JOIN String (Google Sheet Data Static MMSR)
iSolarCloud;1614122;Charoen Pokphand Majalengka;;;3;7;14;;;True;;;from JOIN String (Google Sheet Data Static MMSR)
iSolarCloud;1614122;Charoen Pokphand Majalengka;;;3;8;15;20.0;1.0;True;;;from JOIN String (Google Sheet Data Static MMSR)
iSolarCloud;1614122;Charoen Pokphand Majalengka;;;3;8;16;;;True;;;from JOIN String (Google Sheet Data Static MMSR)
iSolarCloud;1614122;Charoen Pokphand Majalengka;;;3;9;17;20.0;1.0;True;;;from JOIN String (Google Sheet Data Static MMSR)
iSolarCloud;1614122;Charoen Pokphand Majalengka;;;3;9;18;;;True;;;from JOIN String (Google Sheet Data Static MMSR)
iSolarCloud;1614122;Charoen Pokphand Majalengka;;;3;10;19;18.0;2.0;True;;;from JOIN String (Google Sheet Data Static MMSR)
iSolarCloud;1614122;Charoen Pokphand Majalengka;;;3;10;20;;;True;;;from JOIN String (Google Sheet Data Static MMSR)
iSolarCloud;1614122;Charoen Pokphand Majalengka;;;3;11;21;16.0;1.0;True;;;from JOIN String (Google Sheet Data Static MMSR)
iSolarCloud;1614122;Charoen Pokphand Majalengka;;;3;11;22;;;True;;;from JOIN String (Google Sheet Data Static MMSR)
iSolarCloud;1614122;Charoen Pokphand Majalengka;;;3;12;23;15.0;1.0;True;;;from JOIN String (Google Sheet Data Static MMSR)
iSolarCloud;1614122;Charoen Pokphand Majalengka;;;3;12;24;;;True;;;from JOIN String (Google Sheet Data Static MMSR)
iSolarCloud;1614122;Charoen Pokphand Majalengka;;;4;1;1;20.0;1.0;True;;;from JOIN String (Google Sheet Data Static MMSR)
iSolarCloud;1614122;Charoen Pokphand Majalengka;;;4;1;2;;;True;;;from JOIN String (Google Sheet Data Static MMSR)
iSolarCloud;1614122;Charoen Pokphand Majalengka;;;4;2;3;20.0;1.0;True;;;from JOIN String (Google Sheet Data Static MMSR)
iSolarCloud;1614122;Charoen Pokphand Majalengka;;;4;2;4;;;True;;;from JOIN String (Google Sheet Data Static MMSR)
iSolarCloud;1614122;Charoen Pokphand Majalengka;;;4;3;5;20.0;1.0;True;;;from JOIN String (Google Sheet Data Static MMSR)
iSolarCloud;1614122;Charoen Pokphand Majalengka;;;4;3;6;;;True;;;from JOIN String (Google Sheet Data Static MMSR)
iSolarCloud;1614122;Charoen Pokphand Majalengka;;;4;4;7;20.0;1.0;True;;;from JOIN String (Google Sheet Data Static MMSR)
iSolarCloud;1614122;Charoen Pokphand Majalengka;;;4;4;8;;;True;;;from JOIN String (Google Sheet Data Static MMSR)
iSolarCloud;1614122;Charoen Pokphand Majalengka;;;4;5;9;20.0;1.0;True;;;from JOIN String (Google Sheet Data Static MMSR)
iSolarCloud;1614122;Charoen Pokphand Majalengka;;;4;5;10;;;True;;;from JOIN String (Google Sheet Data Static MMSR)
iSolarCloud;1614122;Charoen Pokphand Majalengka;;;4;6;11;20.0;2.0;True;;;from JOIN String (Google Sheet Data Static MMSR)
iSolarCloud;1614122;Charoen Pokphand Majalengka;;;4;6;12;;;True;;;from JOIN String (Google Sheet Data Static MMSR)
iSolarCloud;1614122;Charoen Pokphand Majalengka;;;4;7;13;20.0;2.0;True;;;from JOIN String (Google Sheet Data Static MMSR)
iSolarCloud;1614122;Charoen Pokphand Majalengka;;;4;7;14;;;True;;;from JOIN String (Google Sheet Data Static MMSR)
iSolarCloud;1614122;Charoen Pokphand Majalengka;;;4;8;15;20.0;2.0;True;;;from JOIN String (Google Sheet Data Static MMSR)
iSolarCloud;1614122;Charoen Pokphand Majalengka;;;4;8;16;;;True;;;from JOIN String (Google Sheet Data Static MMSR)
iSolarCloud;1614122;Charoen Pokphand Majalengka;;;4;9;17;20.0;2.0;True;;;from JOIN String (Google Sheet Data Static MMSR)
iSolarCloud;1614122;Charoen Pokphand Majalengka;;;4;9;18;;;True;;;from JOIN String (Google Sheet Data Static MMSR)
iSolarCloud;1614122;Charoen Pokphand Majalengka;;;4;10;19;18.0;2.0;True;;;from JOIN String (Google Sheet Data Static MMSR)
iSolarCloud;1614122;Charoen Pokphand Majalengka;;;4;10;20;;;True;;;from JOIN String (Google Sheet Data Static MMSR)
iSolarCloud;1614122;Charoen Pokphand Majalengka;;;4;11;21;16.0;1.0;True;;;from JOIN String (Google Sheet Data Static MMSR)
iSolarCloud;1614122;Charoen Pokphand Majalengka;;;4;11;22;;;True;;;from JOIN String (Google Sheet Data Static MMSR)
iSolarCloud;1614122;Charoen Pokphand Majalengka;;;4;12;23;16.0;2.0;True;;;from JOIN String (Google Sheet Data Static MMSR)
iSolarCloud;1614122;Charoen Pokphand Majalengka;;;4;12;24;;;True;;;from JOIN String (Google Sheet Data Static MMSR)
iSolarCloud;1614122;Charoen Pokphand Majalengka;;;5;1;1;20.0;2.0;True;;;from JOIN String (Google Sheet Data Static MMSR)
iSolarCloud;1614122;Charoen Pokphand Majalengka;;;5;1;2;;;True;;;from JOIN String (Google Sheet Data Static MMSR)
iSolarCloud;1614122;Charoen Pokphand Majalengka;;;5;2;3;20.0;2.0;True;;;from JOIN String (Google Sheet Data Static MMSR)
iSolarCloud;1614122;Charoen Pokphand Majalengka;;;5;2;4;;;True;;;from JOIN String (Google Sheet Data Static MMSR)
iSolarCloud;1614122;Charoen Pokphand Majalengka;;;5;3;5;20.0;1.0;True;;;from JOIN String (Google Sheet Data Static MMSR)
iSolarCloud;1614122;Charoen Pokphand Majalengka;;;5;3;6;;;True;;;from JOIN String (Google Sheet Data Static MMSR)
iSolarCloud;1614122;Charoen Pokphand Majalengka;;;5;4;7;20.0;1.0;True;;;from JOIN String (Google Sheet Data Static MMSR)
iSolarCloud;1614122;Charoen Pokphand Majalengka;;;5;4;8;;;True;;;from JOIN String (Google Sheet Data Static MMSR)
iSolarCloud;1614122;Charoen Pokphand Majalengka;;;5;5;9;20.0;1.0;True;;;from JOIN String (Google Sheet Data Static MMSR)
iSolarCloud;1614122;Charoen Pokphand Majalengka;;;5;5;10;;;True;;;from JOIN String (Google Sheet Data Static MMSR)
iSolarCloud;1614122;Charoen Pokphand Majalengka;;;5;6;11;20.0;1.0;True;;;from JOIN String (Google Sheet Data Static MMSR)
iSolarCloud;1614122;Charoen Pokphand Majalengka;;;5;6;12;;;True;;;from JOIN String (Google Sheet Data Static MMSR)
iSolarCloud;1614122;Charoen Pokphand Majalengka;;;5;7;13;20.0;1.0;True;;;from JOIN String (Google Sheet Data Static MMSR)
iSolarCloud;1614122;Charoen Pokphand Majalengka;;;5;7;14;;;True;;;from JOIN String (Google Sheet Data Static MMSR)
iSolarCloud;1614122;Charoen Pokphand Majalengka;;;5;8;15;20.0;1.0;True;;;from JOIN String (Google Sheet Data Static MMSR)
iSolarCloud;1614122;Charoen Pokphand Majalengka;;;5;8;16;;;True;;;from JOIN String (Google Sheet Data Static MMSR)
iSolarCloud;1614122;Charoen Pokphand Majalengka;;;5;9;17;20.0;2.0;True;;;from JOIN String (Google Sheet Data Static MMSR)
iSolarCloud;1614122;Charoen Pokphand Majalengka;;;5;9;18;;;True;;;from JOIN String (Google Sheet Data Static MMSR)
iSolarCloud;1614122;Charoen Pokphand Majalengka;;;5;10;19;18.0;1.0;True;;;from JOIN String (Google Sheet Data Static MMSR)
iSolarCloud;1614122;Charoen Pokphand Majalengka;;;5;10;20;;;True;;;from JOIN String (Google Sheet Data Static MMSR)
iSolarCloud;1614122;Charoen Pokphand Majalengka;;;5;11;21;16.0;1.0;True;;;from JOIN String (Google Sheet Data Static MMSR)
iSolarCloud;1614122;Charoen Pokphand Majalengka;;;5;11;22;;;True;;;from JOIN String (Google Sheet Data Static MMSR)
iSolarCloud;1614122;Charoen Pokphand Majalengka;;;5;12;23;16.0;1.0;True;;;from JOIN String (Google Sheet Data Static MMSR)
iSolarCloud;1614122;Charoen Pokphand Majalengka;;;5;12;24;;;True;;;from JOIN String (Google Sheet Data Static MMSR)
iSolarCloud;1614122;Charoen Pokphand Majalengka;;;6;1;1;20.0;1.0;True;;;from JOIN String (Google Sheet Data Static MMSR)
iSolarCloud;1614122;Charoen Pokphand Majalengka;;;6;1;2;;;True;;;from JOIN String (Google Sheet Data Static MMSR)
iSolarCloud;1614122;Charoen Pokphand Majalengka;;;6;2;3;20.0;1.0;True;;;from JOIN String (Google Sheet Data Static MMSR)
iSolarCloud;1614122;Charoen Pokphand Majalengka;;;6;2;4;;;True;;;from JOIN String (Google Sheet Data Static MMSR)
iSolarCloud;1614122;Charoen Pokphand Majalengka;;;6;3;5;20.0;2.0;True;;;from JOIN String (Google Sheet Data Static MMSR)
iSolarCloud;1614122;Charoen Pokphand Majalengka;;;6;3;6;;;True;;;from JOIN String (Google Sheet Data Static MMSR)
iSolarCloud;1614122;Charoen Pokphand Majalengka;;;6;4;7;20.0;2.0;True;;;from JOIN String (Google Sheet Data Static MMSR)
iSolarCloud;1614122;Charoen Pokphand Majalengka;;;6;4;8;;;True;;;from JOIN String (Google Sheet Data Static MMSR)
iSolarCloud;1614122;Charoen Pokphand Majalengka;;;6;5;9;20.0;2.0;True;;;from JOIN String (Google Sheet Data Static MMSR)
iSolarCloud;1614122;Charoen Pokphand Majalengka;;;6;5;10;;;True;;;from JOIN String (Google Sheet Data Static MMSR)
iSolarCloud;1614122;Charoen Pokphand Majalengka;;;6;6;11;20.0;2.0;True;;;from JOIN String (Google Sheet Data Static MMSR)
iSolarCloud;1614122;Charoen Pokphand Majalengka;;;6;6;12;;;True;;;from JOIN String (Google Sheet Data Static MMSR)
iSolarCloud;1614122;Charoen Pokphand Majalengka;;;6;7;13;20.0;2.0;True;;;from JOIN String (Google Sheet Data Static MMSR)
iSolarCloud;1614122;Charoen Pokphand Majalengka;;;6;7;14;;;True;;;from JOIN String (Google Sheet Data Static MMSR)
iSolarCloud;1614122;Charoen Pokphand Majalengka;;;6;8;15;20.0;2.0;True;;;from JOIN String (Google Sheet Data Static MMSR)
iSolarCloud;1614122;Charoen Pokphand Majalengka;;;6;8;16;;;True;;;from JOIN String (Google Sheet Data Static MMSR)
iSolarCloud;1614122;Charoen Pokphand Majalengka;;;6;9;17;20.0;1.0;True;;;from JOIN String (Google Sheet Data Static MMSR)
iSolarCloud;1614122;Charoen Pokphand Majalengka;;;6;9;18;;;True;;;from JOIN String (Google Sheet Data Static MMSR)
iSolarCloud;1614122;Charoen Pokphand Majalengka;;;6;10;19;20.0;1.0;True;;;from JOIN String (Google Sheet Data Static MMSR)
iSolarCloud;1614122;Charoen Pokphand Majalengka;;;6;10;20;;;True;;;from JOIN String (Google Sheet Data Static MMSR)
iSolarCloud;1614122;Charoen Pokphand Majalengka;;;6;11;21;20.0;1.0;True;;;from JOIN String (Google Sheet Data Static MMSR)
iSolarCloud;1614122;Charoen Pokphand Majalengka;;;6;11;22;;;True;;;from JOIN String (Google Sheet Data Static MMSR)
iSolarCloud;1614122;Charoen Pokphand Majalengka;;;6;12;23;;;True;;;from JOIN String (Google Sheet Data Static MMSR)
iSolarCloud;1614122;Charoen Pokphand Majalengka;;;6;12;24;;;True;;;from JOIN String (Google Sheet Data Static MMSR)
iSolarCloud;1614122;Charoen Pokphand Majalengka;;;7;1;1;20.0;2.0;True;;;from JOIN String (Google Sheet Data Static MMSR)
iSolarCloud;1614122;Charoen Pokphand Majalengka;;;7;1;2;;;True;;;from JOIN String (Google Sheet Data Static MMSR)
iSolarCloud;1614122;Charoen Pokphand Majalengka;;;7;2;3;20.0;2.0;True;;;from JOIN String (Google Sheet Data Static MMSR)
iSolarCloud;1614122;Charoen Pokphand Majalengka;;;7;2;4;;;True;;;from JOIN String (Google Sheet Data Static MMSR)
iSolarCloud;1614122;Charoen Pokphand Majalengka;;;7;3;5;20.0;2.0;True;;;from JOIN String (Google Sheet Data Static MMSR)
iSolarCloud;1614122;Charoen Pokphand Majalengka;;;7;3;6;;;True;;;from JOIN String (Google Sheet Data Static MMSR)
iSolarCloud;1614122;Charoen Pokphand Majalengka;;;7;4;7;20.0;2.0;True;;;from JOIN String (Google Sheet Data Static MMSR)
iSolarCloud;1614122;Charoen Pokphand Majalengka;;;7;4;8;;;True;;;from JOIN String (Google Sheet Data Static MMSR)
iSolarCloud;1614122;Charoen Pokphand Majalengka;;;7;5;9;20.0;2.0;True;;;from JOIN String (Google Sheet Data Static MMSR)
iSolarCloud;1614122;Charoen Pokphand Majalengka;;;7;5;10;;;True;;;from JOIN String (Google Sheet Data Static MMSR)
iSolarCloud;1614122;Charoen Pokphand Majalengka;;;7;6;11;20.0;2.0;True;;;from JOIN String (Google Sheet Data Static MMSR)
iSolarCloud;1614122;Charoen Pokphand Majalengka;;;7;6;12;;;True;;;from JOIN String (Google Sheet Data Static MMSR)
iSolarCloud;1614122;Charoen Pokphand Majalengka;;;7;7;13;20.0;2.0;True;;;from JOIN String (Google Sheet Data Static MMSR)
iSolarCloud;1614122;Charoen Pokphand Majalengka;;;7;7;14;;;True;;;from JOIN String (Google Sheet Data Static MMSR)
iSolarCloud;1614122;Charoen Pokphand Majalengka;;;7;8;15;20.0;2.0;True;;;from JOIN String (Google Sheet Data Static MMSR)
iSolarCloud;1614122;Charoen Pokphand Majalengka;;;7;8;16;;;True;;;from JOIN String (Google Sheet Data Static MMSR)
iSolarCloud;1614122;Charoen Pokphand Majalengka;;;7;9;17;20.0;2.0;True;;;from JOIN String (Google Sheet Data Static MMSR)
iSolarCloud;1614122;Charoen Pokphand Majalengka;;;7;9;18;;;True;;;from JOIN String (Google Sheet Data Static MMSR)
iSolarCloud;1614122;Charoen Pokphand Majalengka;;;7;10;19;20.0;2.0;True;;;from JOIN String (Google Sheet Data Static MMSR)
iSolarCloud;1614122;Charoen Pokphand Majalengka;;;7;10;20;;;True;;;from JOIN String (Google Sheet Data Static MMSR)
iSolarCloud;1614122;Charoen Pokphand Majalengka;;;7;11;21;20.0;2.0;True;;;from JOIN String (Google Sheet Data Static MMSR)
iSolarCloud;1614122;Charoen Pokphand Majalengka;;;7;11;22;;;True;;;from JOIN String (Google Sheet Data Static MMSR)
iSolarCloud;1614122;Charoen Pokphand Majalengka;;;7;12;23;;;True;;;from JOIN String (Google Sheet Data Static MMSR)
iSolarCloud;1614122;Charoen Pokphand Majalengka;;;7;12;24;;;True;;;from JOIN String (Google Sheet Data Static MMSR)
iSolarCloud;1445767;Garuda Metalindo (IKP);;;1;1;1;18.0;1.0;True;;;from JOIN String (Google Sheet Data Static MMSR)
iSolarCloud;1445767;Garuda Metalindo (IKP);;;1;1;2;18.0;1.0;True;;;from JOIN String (Google Sheet Data Static MMSR)
iSolarCloud;1445767;Garuda Metalindo (IKP);;;1;2;3;0.0;;True;;;from JOIN String (Google Sheet Data Static MMSR)
iSolarCloud;1445767;Garuda Metalindo (IKP);;;1;2;4;18.0;1.0;True;;;from JOIN String (Google Sheet Data Static MMSR)
iSolarCloud;1445767;Garuda Metalindo (IKP);;;1;3;5;0.0;;True;;;from JOIN String (Google Sheet Data Static MMSR)
iSolarCloud;1445767;Garuda Metalindo (IKP);;;1;3;6;18.0;1.0;True;;;from JOIN String (Google Sheet Data Static MMSR)
iSolarCloud;1445767;Garuda Metalindo (IKP);;;1;4;7;0.0;;True;;;from JOIN String (Google Sheet Data Static MMSR)
iSolarCloud;1445767;Garuda Metalindo (IKP);;;1;4;8;18.0;1.0;True;;;from JOIN String (Google Sheet Data Static MMSR)
iSolarCloud;1445767;Garuda Metalindo (IKP);;;1;5;9;0.0;;True;;;from JOIN String (Google Sheet Data Static MMSR)
iSolarCloud;1445767;Garuda Metalindo (IKP);;;1;5;10;18.0;1.0;True;;;from JOIN String (Google Sheet Data Static MMSR)
iSolarCloud;1445767;Garuda Metalindo (IKP);;;1;6;11;0.0;;True;;;from JOIN String (Google Sheet Data Static MMSR)
iSolarCloud;1445767;Garuda Metalindo (IKP);;;1;6;12;18.0;1.0;True;;;from JOIN String (Google Sheet Data Static MMSR)
iSolarCloud;1445767;Garuda Metalindo (IKP);;;1;7;13;0.0;;True;;;from JOIN String (Google Sheet Data Static MMSR)
iSolarCloud;1445767;Garuda Metalindo (IKP);;;1;7;14;18.0;1.0;True;;;from JOIN String (Google Sheet Data Static MMSR)
iSolarCloud;1445767;Garuda Metalindo (IKP);;;1;8;15;0.0;;True;;;from JOIN String (Google Sheet Data Static MMSR)
iSolarCloud;1445767;Garuda Metalindo (IKP);;;1;8;16;18.0;1.0;True;;;from JOIN String (Google Sheet Data Static MMSR)
iSolarCloud;1445767;Garuda Metalindo (IKP);;;1;9;17;0.0;;True;;;from JOIN String (Google Sheet Data Static MMSR)
iSolarCloud;1445767;Garuda Metalindo (IKP);;;1;9;18;18.0;1.0;True;;;from JOIN String (Google Sheet Data Static MMSR)
iSolarCloud;1445767;Garuda Metalindo (IKP);;;2;1;1;18.0;1.0;True;;;from JOIN String (Google Sheet Data Static MMSR)
iSolarCloud;1445767;Garuda Metalindo (IKP);;;2;1;2;18.0;1.0;True;;;from JOIN String (Google Sheet Data Static MMSR)
iSolarCloud;1445767;Garuda Metalindo (IKP);;;2;2;3;0.0;;True;;;from JOIN String (Google Sheet Data Static MMSR)
iSolarCloud;1445767;Garuda Metalindo (IKP);;;2;2;4;18.0;1.0;True;;;from JOIN String (Google Sheet Data Static MMSR)
iSolarCloud;1445767;Garuda Metalindo (IKP);;;2;3;5;0.0;;True;;;from JOIN String (Google Sheet Data Static MMSR)
iSolarCloud;1445767;Garuda Metalindo (IKP);;;2;3;6;18.0;1.0;True;;;from JOIN String (Google Sheet Data Static MMSR)
iSolarCloud;1445767;Garuda Metalindo (IKP);;;2;4;7;0.0;;True;;;from JOIN String (Google Sheet Data Static MMSR)
iSolarCloud;1445767;Garuda Metalindo (IKP);;;2;4;8;17.0;1.0;True;;;from JOIN String (Google Sheet Data Static MMSR)
iSolarCloud;1445767;Garuda Metalindo (IKP);;;2;5;9;0.0;;True;;;from JOIN String (Google Sheet Data Static MMSR)
iSolarCloud;1445767;Garuda Metalindo (IKP);;;2;5;10;16.0;1.0;True;;;from JOIN String (Google Sheet Data Static MMSR)
iSolarCloud;1445767;Garuda Metalindo (IKP);;;2;6;11;0.0;;True;;;from JOIN String (Google Sheet Data Static MMSR)
iSolarCloud;1445767;Garuda Metalindo (IKP);;;2;6;12;18.0;2.0;True;;;from JOIN String (Google Sheet Data Static MMSR)
iSolarCloud;1445767;Garuda Metalindo (IKP);;;2;7;13;0.0;;True;;;from JOIN String (Google Sheet Data Static MMSR)
iSolarCloud;1445767;Garuda Metalindo (IKP);;;2;7;14;18.0;2.0;True;;;from JOIN String (Google Sheet Data Static MMSR)
iSolarCloud;1445767;Garuda Metalindo (IKP);;;2;8;15;0.0;;True;;;from JOIN String (Google Sheet Data Static MMSR)
iSolarCloud;1445767;Garuda Metalindo (IKP);;;2;8;16;18.0;2.0;True;;;from JOIN String (Google Sheet Data Static MMSR)
iSolarCloud;1445767;Garuda Metalindo (IKP);;;2;9;17;0.0;;True;;;from JOIN String (Google Sheet Data Static MMSR)
iSolarCloud;1445767;Garuda Metalindo (IKP);;;2;9;18;18.0;2.0;True;;;from JOIN String (Google Sheet Data Static MMSR)
iSolarCloud;1445767;Garuda Metalindo (IKP);;;3;1;1;18.0;2.0;True;;;from JOIN String (Google Sheet Data Static MMSR)
iSolarCloud;1445767;Garuda Metalindo (IKP);;;3;1;2;18.0;2.0;True;;;from JOIN String (Google Sheet Data Static MMSR)
iSolarCloud;1445767;Garuda Metalindo (IKP);;;3;2;3;0.0;;True;;;from JOIN String (Google Sheet Data Static MMSR)
iSolarCloud;1445767;Garuda Metalindo (IKP);;;3;2;4;18.0;2.0;True;;;from JOIN String (Google Sheet Data Static MMSR)
iSolarCloud;1445767;Garuda Metalindo (IKP);;;3;3;5;0.0;;True;;;from JOIN String (Google Sheet Data Static MMSR)
iSolarCloud;1445767;Garuda Metalindo (IKP);;;3;3;6;18.0;2.0;True;;;from JOIN String (Google Sheet Data Static MMSR)
iSolarCloud;1445767;Garuda Metalindo (IKP);;;3;4;7;0.0;;True;;;from JOIN String (Google Sheet Data Static MMSR)
iSolarCloud;1445767;Garuda Metalindo (IKP);;;3;4;8;18.0;2.0;True;;;from JOIN String (Google Sheet Data Static MMSR)
iSolarCloud;1445767;Garuda Metalindo (IKP);;;3;5;9;0.0;;True;;;from JOIN String (Google Sheet Data Static MMSR)
iSolarCloud;1445767;Garuda Metalindo (IKP);;;3;5;10;18.0;2.0;True;;;from JOIN String (Google Sheet Data Static MMSR)
iSolarCloud;1445767;Garuda Metalindo (IKP);;;3;6;11;0.0;;True;;;from JOIN String (Google Sheet Data Static MMSR)
iSolarCloud;1445767;Garuda Metalindo (IKP);;;3;6;12;18.0;2.0;True;;;from JOIN String (Google Sheet Data Static MMSR)
iSolarCloud;1445767;Garuda Metalindo (IKP);;;3;7;13;0.0;;True;;;from JOIN String (Google Sheet Data Static MMSR)
iSolarCloud;1445767;Garuda Metalindo (IKP);;;3;7;14;18.0;2.0;True;;;from JOIN String (Google Sheet Data Static MMSR)
iSolarCloud;1445767;Garuda Metalindo (IKP);;;3;8;15;0.0;;True;;;from JOIN String (Google Sheet Data Static MMSR)
iSolarCloud;1445767;Garuda Metalindo (IKP);;;3;8;16;18.0;2.0;True;;;from JOIN String (Google Sheet Data Static MMSR)
iSolarCloud;1445767;Garuda Metalindo (IKP);;;3;9;17;18.0;2.0;True;;;from JOIN String (Google Sheet Data Static MMSR)
iSolarCloud;1445767;Garuda Metalindo (IKP);;;3;9;18;18.0;2.0;True;;;from JOIN String (Google Sheet Data Static MMSR)
iSolarCloud;1449886;Garuda Metalindo (MPF);;;1;1;1;18.0;1.0;True;;;from JOIN String (Google Sheet Data Static MMSR)
iSolarCloud;1449886;Garuda Metalindo (MPF);;;1;1;2;18.0;1.0;True;;;from JOIN String (Google Sheet Data Static MMSR)
iSolarCloud;1449886;Garuda Metalindo (MPF);;;1;2;3;0.0;;True;;;from JOIN String (Google Sheet Data Static MMSR)
iSolarCloud;1449886;Garuda Metalindo (MPF);;;1;2;4;18.0;1.0;True;;;from JOIN String (Google Sheet Data Static MMSR)
iSolarCloud;1449886;Garuda Metalindo (MPF);;;1;3;5;0.0;;True;;;from JOIN String (Google Sheet Data Static MMSR)
iSolarCloud;1449886;Garuda Metalindo (MPF);;;1;3;6;18.0;1.0;True;;;from JOIN String (Google Sheet Data Static MMSR)
iSolarCloud;1449886;Garuda Metalindo (MPF);;;1;4;7;0.0;;True;;;from JOIN String (Google Sheet Data Static MMSR)
iSolarCloud;1449886;Garuda Metalindo (MPF);;;1;4;8;18.0;1.0;True;;;from JOIN String (Google Sheet Data Static MMSR)
iSolarCloud;1449886;Garuda Metalindo (MPF);;;1;5;9;0.0;;True;;;from JOIN String (Google Sheet Data Static MMSR)
iSolarCloud;1449886;Garuda Metalindo (MPF);;;1;5;10;18.0;1.0;True;;;from JOIN String (Google Sheet Data Static MMSR)
iSolarCloud;1449886;Garuda Metalindo (MPF);;;1;6;11;0.0;;True;;;from JOIN String (Google Sheet Data Static MMSR)
iSolarCloud;1449886;Garuda Metalindo (MPF);;;1;6;12;18.0;1.0;True;;;from JOIN String (Google Sheet Data Static MMSR)
iSolarCloud;1449886;Garuda Metalindo (MPF);;;1;7;13;0.0;;True;;;from JOIN String (Google Sheet Data Static MMSR)
iSolarCloud;1449886;Garuda Metalindo (MPF);;;1;7;14;18.0;1.0;True;;;from JOIN String (Google Sheet Data Static MMSR)
iSolarCloud;1449886;Garuda Metalindo (MPF);;;1;8;15;0.0;;True;;;from JOIN String (Google Sheet Data Static MMSR)
iSolarCloud;1449886;Garuda Metalindo (MPF);;;1;8;16;18.0;1.0;True;;;from JOIN String (Google Sheet Data Static MMSR)
iSolarCloud;1449886;Garuda Metalindo (MPF);;;1;9;17;0.0;;True;;;from JOIN String (Google Sheet Data Static MMSR)
iSolarCloud;1449886;Garuda Metalindo (MPF);;;1;9;18;18.0;2.0;True;;;from JOIN String (Google Sheet Data Static MMSR)
iSolarCloud;1449886;Garuda Metalindo (MPF);;;2;1;1;18.0;1.0;True;;;from JOIN String (Google Sheet Data Static MMSR)
iSolarCloud;1449886;Garuda Metalindo (MPF);;;2;1;2;18.0;1.0;True;;;from JOIN String (Google Sheet Data Static MMSR)
iSolarCloud;1449886;Garuda Metalindo (MPF);;;2;2;3;0.0;;True;;;from JOIN String (Google Sheet Data Static MMSR)
iSolarCloud;1449886;Garuda Metalindo (MPF);;;2;2;4;18.0;1.0;True;;;from JOIN String (Google Sheet Data Static MMSR)
iSolarCloud;1449886;Garuda Metalindo (MPF);;;2;3;5;0.0;;True;;;from JOIN String (Google Sheet Data Static MMSR)
iSolarCloud;1449886;Garuda Metalindo (MPF);;;2;3;6;18.0;2.0;True;;;from JOIN String (Google Sheet Data Static MMSR)
iSolarCloud;1449886;Garuda Metalindo (MPF);;;2;4;7;0.0;;True;;;from JOIN String (Google Sheet Data Static MMSR)
iSolarCloud;1449886;Garuda Metalindo (MPF);;;2;4;8;18.0;2.0;True;;;from JOIN String (Google Sheet Data Static MMSR)
iSolarCloud;1449886;Garuda Metalindo (MPF);;;2;5;9;0.0;;True;;;from JOIN String (Google Sheet Data Static MMSR)
iSolarCloud;1449886;Garuda Metalindo (MPF);;;2;5;10;18.0;2.0;True;;;from JOIN String (Google Sheet Data Static MMSR)
iSolarCloud;1449886;Garuda Metalindo (MPF);;;2;6;11;0.0;;True;;;from JOIN String (Google Sheet Data Static MMSR)
iSolarCloud;1449886;Garuda Metalindo (MPF);;;2;6;12;18.0;2.0;True;;;from JOIN String (Google Sheet Data Static MMSR)
iSolarCloud;1449886;Garuda Metalindo (MPF);;;2;7;13;0.0;;True;;;from JOIN String (Google Sheet Data Static MMSR)
iSolarCloud;1449886;Garuda Metalindo (MPF);;;2;7;14;18.0;2.0;True;;;from JOIN String (Google Sheet Data Static MMSR)
iSolarCloud;1449886;Garuda Metalindo (MPF);;;2;8;15;0.0;;True;;;from JOIN String (Google Sheet Data Static MMSR)
iSolarCloud;1449886;Garuda Metalindo (MPF);;;2;8;16;18.0;2.0;True;;;from JOIN String (Google Sheet Data Static MMSR)
iSolarCloud;1449886;Garuda Metalindo (MPF);;;2;9;17;0.0;;True;;;from JOIN String (Google Sheet Data Static MMSR)
iSolarCloud;1449886;Garuda Metalindo (MPF);;;2;9;18;18.0;2.0;True;;;from JOIN String (Google Sheet Data Static MMSR)
iSolarCloud;1449886;Garuda Metalindo (MPF);;;3;1;1;18.0;2.0;True;;;from JOIN String (Google Sheet Data Static MMSR)
iSolarCloud;1449886;Garuda Metalindo (MPF);;;3;1;2;18.0;2.0;True;;;from JOIN String (Google Sheet Data Static MMSR)
iSolarCloud;1449886;Garuda Metalindo (MPF);;;3;2;3;0.0;;True;;;from JOIN String (Google Sheet Data Static MMSR)
iSolarCloud;1449886;Garuda Metalindo (MPF);;;3;2;4;18.0;2.0;True;;;from JOIN String (Google Sheet Data Static MMSR)
iSolarCloud;1449886;Garuda Metalindo (MPF);;;3;3;5;0.0;;True;;;from JOIN String (Google Sheet Data Static MMSR)
iSolarCloud;1449886;Garuda Metalindo (MPF);;;3;3;6;18.0;2.0;True;;;from JOIN String (Google Sheet Data Static MMSR)
iSolarCloud;1449886;Garuda Metalindo (MPF);;;3;4;7;0.0;;True;;;from JOIN String (Google Sheet Data Static MMSR)
iSolarCloud;1449886;Garuda Metalindo (MPF);;;3;4;8;18.0;2.0;True;;;from JOIN String (Google Sheet Data Static MMSR)
iSolarCloud;1449886;Garuda Metalindo (MPF);;;3;5;9;0.0;;True;;;from JOIN String (Google Sheet Data Static MMSR)
iSolarCloud;1449886;Garuda Metalindo (MPF);;;3;5;10;18.0;2.0;True;;;from JOIN String (Google Sheet Data Static MMSR)
iSolarCloud;1449886;Garuda Metalindo (MPF);;;3;6;11;0.0;;True;;;from JOIN String (Google Sheet Data Static MMSR)
iSolarCloud;1449886;Garuda Metalindo (MPF);;;3;6;12;18.0;2.0;True;;;from JOIN String (Google Sheet Data Static MMSR)
iSolarCloud;1449886;Garuda Metalindo (MPF);;;3;7;13;0.0;;True;;;from JOIN String (Google Sheet Data Static MMSR)
iSolarCloud;1449886;Garuda Metalindo (MPF);;;3;7;14;18.0;2.0;True;;;from JOIN String (Google Sheet Data Static MMSR)
iSolarCloud;1449886;Garuda Metalindo (MPF);;;3;8;15;0.0;;True;;;from JOIN String (Google Sheet Data Static MMSR)
iSolarCloud;1449886;Garuda Metalindo (MPF);;;3;8;16;18.0;2.0;True;;;from JOIN String (Google Sheet Data Static MMSR)
iSolarCloud;1449886;Garuda Metalindo (MPF);;;3;9;17;0.0;;True;;;from JOIN String (Google Sheet Data Static MMSR)
iSolarCloud;1449886;Garuda Metalindo (MPF);;;3;9;18;18.0;2.0;True;;;from JOIN String (Google Sheet Data Static MMSR)
iSolarCloud;1458125;Garuda Metalindo 1;;;1;1;1;16.0;1.0;True;;;from JOIN String (Google Sheet Data Static MMSR)
iSolarCloud;1458125;Garuda Metalindo 1;;;1;1;2;16.0;1.0;True;;;from JOIN String (Google Sheet Data Static MMSR)
iSolarCloud;1458125;Garuda Metalindo 1;;;1;2;3;16.0;1.0;True;;;from JOIN String (Google Sheet Data Static MMSR)
iSolarCloud;1458125;Garuda Metalindo 1;;;1;2;4;16.0;1.0;True;;;from JOIN String (Google Sheet Data Static MMSR)
iSolarCloud;1458125;Garuda Metalindo 1;;;1;3;5;0.0;;True;;;from JOIN String (Google Sheet Data Static MMSR)
iSolarCloud;1458125;Garuda Metalindo 1;;;1;3;6;16.0;1.0;True;;;from JOIN String (Google Sheet Data Static MMSR)
iSolarCloud;1458125;Garuda Metalindo 1;;;1;4;7;0.0;;True;;;from JOIN String (Google Sheet Data Static MMSR)
iSolarCloud;1458125;Garuda Metalindo 1;;;1;4;8;16.0;1.0;True;;;from JOIN String (Google Sheet Data Static MMSR)
iSolarCloud;1458125;Garuda Metalindo 1;;;1;5;9;0.0;;True;;;from JOIN String (Google Sheet Data Static MMSR)
iSolarCloud;1458125;Garuda Metalindo 1;;;1;5;10;16.0;1.0;True;;;from JOIN String (Google Sheet Data Static MMSR)
iSolarCloud;1458125;Garuda Metalindo 1;;;1;6;11;0.0;;True;;;from JOIN String (Google Sheet Data Static MMSR)
iSolarCloud;1458125;Garuda Metalindo 1;;;1;6;12;16.0;4.0;True;;;from JOIN String (Google Sheet Data Static MMSR)
iSolarCloud;1458125;Garuda Metalindo 1;;;1;7;13;0.0;;True;;;from JOIN String (Google Sheet Data Static MMSR)
iSolarCloud;1458125;Garuda Metalindo 1;;;1;7;14;16.0;3.0;True;;;from JOIN String (Google Sheet Data Static MMSR)
iSolarCloud;1458125;Garuda Metalindo 1;;;1;8;15;0.0;;True;;;from JOIN String (Google Sheet Data Static MMSR)
iSolarCloud;1458125;Garuda Metalindo 1;;;1;8;16;18.0;1.0;True;;;from JOIN String (Google Sheet Data Static MMSR)
iSolarCloud;1458125;Garuda Metalindo 1;;;1;9;17;16.0;1.0;True;;;from JOIN String (Google Sheet Data Static MMSR)
iSolarCloud;1458125;Garuda Metalindo 1;;;1;9;18;16.0;1.0;True;;;from JOIN String (Google Sheet Data Static MMSR)
iSolarCloud;1458125;Garuda Metalindo 1;;;2;1;1;18.0;2.0;True;;;from JOIN String (Google Sheet Data Static MMSR)
iSolarCloud;1458125;Garuda Metalindo 1;;;2;1;2;18.0;2.0;True;;;from JOIN String (Google Sheet Data Static MMSR)
iSolarCloud;1458125;Garuda Metalindo 1;;;2;2;3;0.0;2.0;True;;;from JOIN String (Google Sheet Data Static MMSR)
iSolarCloud;1458125;Garuda Metalindo 1;;;2;2;4;18.0;2.0;True;;;from JOIN String (Google Sheet Data Static MMSR)
iSolarCloud;1458125;Garuda Metalindo 1;;;2;3;5;0.0;;True;;;from JOIN String (Google Sheet Data Static MMSR)
iSolarCloud;1458125;Garuda Metalindo 1;;;2;3;6;18.0;2.0;True;;;from JOIN String (Google Sheet Data Static MMSR)
iSolarCloud;1458125;Garuda Metalindo 1;;;2;4;7;0.0;;True;;;from JOIN String (Google Sheet Data Static MMSR)
iSolarCloud;1458125;Garuda Metalindo 1;;;2;4;8;18.0;2.0;True;;;from JOIN String (Google Sheet Data Static MMSR)
iSolarCloud;1458125;Garuda Metalindo 1;;;2;5;9;0.0;;True;;;from JOIN String (Google Sheet Data Static MMSR)
iSolarCloud;1458125;Garuda Metalindo 1;;;2;5;10;18.0;2.0;True;;;from JOIN String (Google Sheet Data Static MMSR)
iSolarCloud;1458125;Garuda Metalindo 1;;;2;6;11;0.0;;True;;;from JOIN String (Google Sheet Data Static MMSR)
iSolarCloud;1458125;Garuda Metalindo 1;;;2;6;12;18.0;2.0;True;;;from JOIN String (Google Sheet Data Static MMSR)
iSolarCloud;1458125;Garuda Metalindo 1;;;2;7;13;0.0;;True;;;from JOIN String (Google Sheet Data Static MMSR)
iSolarCloud;1458125;Garuda Metalindo 1;;;2;7;14;18.0;2.0;True;;;from JOIN String (Google Sheet Data Static MMSR)
iSolarCloud;1458125;Garuda Metalindo 1;;;2;8;15;0.0;;True;;;from JOIN String (Google Sheet Data Static MMSR)
iSolarCloud;1458125;Garuda Metalindo 1;;;2;8;16;18.0;4.0;True;;;from JOIN String (Google Sheet Data Static MMSR)
iSolarCloud;1458125;Garuda Metalindo 1;;;2;9;17;18.0;2.0;True;;;from JOIN String (Google Sheet Data Static MMSR)
iSolarCloud;1458125;Garuda Metalindo 1;;;2;9;18;18.0;2.0;True;;;from JOIN String (Google Sheet Data Static MMSR)
iSolarCloud;1458125;Garuda Metalindo 1;;;3;1;1;18.0;3.0;True;;;from JOIN String (Google Sheet Data Static MMSR)
iSolarCloud;1458125;Garuda Metalindo 1;;;3;1;2;18.0;3.0;True;;;from JOIN String (Google Sheet Data Static MMSR)
iSolarCloud;1458125;Garuda Metalindo 1;;;3;2;3;0.0;;True;;;from JOIN String (Google Sheet Data Static MMSR)
iSolarCloud;1458125;Garuda Metalindo 1;;;3;2;4;18.0;4.0;True;;;from JOIN String (Google Sheet Data Static MMSR)
iSolarCloud;1458125;Garuda Metalindo 1;;;3;3;5;0.0;;True;;;from JOIN String (Google Sheet Data Static MMSR)
iSolarCloud;1458125;Garuda Metalindo 1;;;3;3;6;18.0;4.0;True;;;from JOIN String (Google Sheet Data Static MMSR)
iSolarCloud;1458125;Garuda Metalindo 1;;;3;4;7;0.0;;True;;;from JOIN String (Google Sheet Data Static MMSR)
iSolarCloud;1458125;Garuda Metalindo 1;;;3;4;8;18.0;4.0;True;;;from JOIN String (Google Sheet Data Static MMSR)
iSolarCloud;1458125;Garuda Metalindo 1;;;3;5;9;0.0;;True;;;from JOIN String (Google Sheet Data Static MMSR)
iSolarCloud;1458125;Garuda Metalindo 1;;;3;5;10;18.0;4.0;True;;;from JOIN String (Google Sheet Data Static MMSR)
iSolarCloud;1458125;Garuda Metalindo 1;;;3;6;11;0.0;;True;;;from JOIN String (Google Sheet Data Static MMSR)
iSolarCloud;1458125;Garuda Metalindo 1;;;3;6;12;18.0;4.0;True;;;from JOIN String (Google Sheet Data Static MMSR)
iSolarCloud;1458125;Garuda Metalindo 1;;;3;7;13;0.0;;True;;;from JOIN String (Google Sheet Data Static MMSR)
iSolarCloud;1458125;Garuda Metalindo 1;;;3;7;14;18.0;3.0;True;;;from JOIN String (Google Sheet Data Static MMSR)
iSolarCloud;1458125;Garuda Metalindo 1;;;3;8;15;0.0;;True;;;from JOIN String (Google Sheet Data Static MMSR)
iSolarCloud;1458125;Garuda Metalindo 1;;;3;8;16;19.0;3.0;True;;;from JOIN String (Google Sheet Data Static MMSR)
iSolarCloud;1458125;Garuda Metalindo 1;;;3;9;17;19.0;3.0;True;;;from JOIN String (Google Sheet Data Static MMSR)
iSolarCloud;1458125;Garuda Metalindo 1;;;3;9;18;19.0;3.0;True;;;from JOIN String (Google Sheet Data Static MMSR)
iSolarCloud;1458125;Garuda Metalindo 1;;;4;1;1;16.0;4.0;True;;;from JOIN String (Google Sheet Data Static MMSR)
iSolarCloud;1458125;Garuda Metalindo 1;;;4;1;2;16.0;4.0;True;;;from JOIN String (Google Sheet Data Static MMSR)
iSolarCloud;1458125;Garuda Metalindo 1;;;4;2;3;16.0;4.0;True;;;from JOIN String (Google Sheet Data Static MMSR)
iSolarCloud;1458125;Garuda Metalindo 1;;;4;2;4;16.0;4.0;True;;;from JOIN String (Google Sheet Data Static MMSR)
iSolarCloud;1458125;Garuda Metalindo 1;;;4;3;5;0.0;;True;;;from JOIN String (Google Sheet Data Static MMSR)
iSolarCloud;1458125;Garuda Metalindo 1;;;4;3;6;16.0;4.0;True;;;from JOIN String (Google Sheet Data Static MMSR)
iSolarCloud;1458125;Garuda Metalindo 1;;;4;4;7;0.0;;True;;;from JOIN String (Google Sheet Data Static MMSR)
iSolarCloud;1458125;Garuda Metalindo 1;;;4;4;8;16.0;4.0;True;;;from JOIN String (Google Sheet Data Static MMSR)
iSolarCloud;1458125;Garuda Metalindo 1;;;4;5;9;0.0;;True;;;from JOIN String (Google Sheet Data Static MMSR)
iSolarCloud;1458125;Garuda Metalindo 1;;;4;5;10;16.0;4.0;True;;;from JOIN String (Google Sheet Data Static MMSR)
iSolarCloud;1458125;Garuda Metalindo 1;;;4;6;11;0.0;;True;;;from JOIN String (Google Sheet Data Static MMSR)
iSolarCloud;1458125;Garuda Metalindo 1;;;4;6;12;16.0;3.0;True;;;from JOIN String (Google Sheet Data Static MMSR)
iSolarCloud;1458125;Garuda Metalindo 1;;;4;7;13;0.0;;True;;;from JOIN String (Google Sheet Data Static MMSR)
iSolarCloud;1458125;Garuda Metalindo 1;;;4;7;14;16.0;3.0;True;;;from JOIN String (Google Sheet Data Static MMSR)
iSolarCloud;1458125;Garuda Metalindo 1;;;4;8;15;0.0;;True;;;from JOIN String (Google Sheet Data Static MMSR)
iSolarCloud;1458125;Garuda Metalindo 1;;;4;8;16;18.0;3.0;True;;;from JOIN String (Google Sheet Data Static MMSR)
iSolarCloud;1458125;Garuda Metalindo 1;;;4;9;17;16.0;3.0;True;;;from JOIN String (Google Sheet Data Static MMSR)
iSolarCloud;1458125;Garuda Metalindo 1;;;4;9;18;16.0;3.0;True;;;from JOIN String (Google Sheet Data Static MMSR)
iSolarCloud;1458125;Garuda Metalindo 1;;;5;1;1;18.0;3.0;True;;;from JOIN String (Google Sheet Data Static MMSR)
iSolarCloud;1458125;Garuda Metalindo 1;;;5;1;2;18.0;3.0;True;;;from JOIN String (Google Sheet Data Static MMSR)
iSolarCloud;1458125;Garuda Metalindo 1;;;5;2;3;0.0;;True;;;from JOIN String (Google Sheet Data Static MMSR)
iSolarCloud;1458125;Garuda Metalindo 1;;;5;2;4;18.0;3.0;True;;;from JOIN String (Google Sheet Data Static MMSR)
iSolarCloud;1458125;Garuda Metalindo 1;;;5;3;5;0.0;;True;;;from JOIN String (Google Sheet Data Static MMSR)
iSolarCloud;1458125;Garuda Metalindo 1;;;5;3;6;18.0;3.0;True;;;from JOIN String (Google Sheet Data Static MMSR)
iSolarCloud;1458125;Garuda Metalindo 1;;;5;4;7;0.0;;True;;;from JOIN String (Google Sheet Data Static MMSR)
iSolarCloud;1458125;Garuda Metalindo 1;;;5;4;8;18.0;4.0;True;;;from JOIN String (Google Sheet Data Static MMSR)
iSolarCloud;1458125;Garuda Metalindo 1;;;5;5;9;0.0;;True;;;from JOIN String (Google Sheet Data Static MMSR)
iSolarCloud;1458125;Garuda Metalindo 1;;;5;5;10;18.0;4.0;True;;;from JOIN String (Google Sheet Data Static MMSR)
iSolarCloud;1458125;Garuda Metalindo 1;;;5;6;11;0.0;;True;;;from JOIN String (Google Sheet Data Static MMSR)
iSolarCloud;1458125;Garuda Metalindo 1;;;5;6;12;18.0;4.0;True;;;from JOIN String (Google Sheet Data Static MMSR)
iSolarCloud;1458125;Garuda Metalindo 1;;;5;7;13;0.0;;True;;;from JOIN String (Google Sheet Data Static MMSR)
iSolarCloud;1458125;Garuda Metalindo 1;;;5;7;14;18.0;4.0;True;;;from JOIN String (Google Sheet Data Static MMSR)
iSolarCloud;1458125;Garuda Metalindo 1;;;5;8;15;0.0;;True;;;from JOIN String (Google Sheet Data Static MMSR)
iSolarCloud;1458125;Garuda Metalindo 1;;;5;8;16;18.0;3.0;True;;;from JOIN String (Google Sheet Data Static MMSR)
iSolarCloud;1458125;Garuda Metalindo 1;;;5;9;17;18.0;3.0;True;;;from JOIN String (Google Sheet Data Static MMSR)
iSolarCloud;1458125;Garuda Metalindo 1;;;5;9;18;18.0;3.0;True;;;from JOIN String (Google Sheet Data Static MMSR)
iSolarCloud;1458125;Garuda Metalindo 1;;;6;1;1;17.0;3.0;True;;;from JOIN String (Google Sheet Data Static MMSR)
iSolarCloud;1458125;Garuda Metalindo 1;;;6;1;2;17.0;3.0;True;;;from JOIN String (Google Sheet Data Static MMSR)
iSolarCloud;1458125;Garuda Metalindo 1;;;6;2;3;0.0;;True;;;from JOIN String (Google Sheet Data Static MMSR)
iSolarCloud;1458125;Garuda Metalindo 1;;;6;2;4;17.0;4.0;True;;;from JOIN String (Google Sheet Data Static MMSR)
iSolarCloud;1458125;Garuda Metalindo 1;;;6;3;5;0.0;;True;;;from JOIN String (Google Sheet Data Static MMSR)
iSolarCloud;1458125;Garuda Metalindo 1;;;6;3;6;17.0;4.0;True;;;from JOIN String (Google Sheet Data Static MMSR)
iSolarCloud;1458125;Garuda Metalindo 1;;;6;4;7;0.0;;True;;;from JOIN String (Google Sheet Data Static MMSR)
iSolarCloud;1458125;Garuda Metalindo 1;;;6;4;8;18.0;4.0;True;;;from JOIN String (Google Sheet Data Static MMSR)
iSolarCloud;1458125;Garuda Metalindo 1;;;6;5;9;0.0;;True;;;from JOIN String (Google Sheet Data Static MMSR)
iSolarCloud;1458125;Garuda Metalindo 1;;;6;5;10;19.0;4.0;True;;;from JOIN String (Google Sheet Data Static MMSR)
iSolarCloud;1458125;Garuda Metalindo 1;;;6;6;11;0.0;;True;;;from JOIN String (Google Sheet Data Static MMSR)
iSolarCloud;1458125;Garuda Metalindo 1;;;6;6;12;19.0;4.0;True;;;from JOIN String (Google Sheet Data Static MMSR)
iSolarCloud;1458125;Garuda Metalindo 1;;;6;7;13;0.0;;True;;;from JOIN String (Google Sheet Data Static MMSR)
iSolarCloud;1458125;Garuda Metalindo 1;;;6;7;14;19.0;3.0;True;;;from JOIN String (Google Sheet Data Static MMSR)
iSolarCloud;1458125;Garuda Metalindo 1;;;6;8;15;0.0;;True;;;from JOIN String (Google Sheet Data Static MMSR)
iSolarCloud;1458125;Garuda Metalindo 1;;;6;8;16;19.0;3.0;True;;;from JOIN String (Google Sheet Data Static MMSR)
iSolarCloud;1458125;Garuda Metalindo 1;;;6;9;17;19.0;3.0;True;;;from JOIN String (Google Sheet Data Static MMSR)
iSolarCloud;1458125;Garuda Metalindo 1;;;6;9;18;19.0;3.0;True;;;from JOIN String (Google Sheet Data Static MMSR)
iSolarCloud;1453245;Garuda Metalindo 2;;;1;1;1;18.0;2.0;True;;;from JOIN String (Google Sheet Data Static MMSR)
iSolarCloud;1453245;Garuda Metalindo 2;;;1;1;2;18.0;2.0;True;;;from JOIN String (Google Sheet Data Static MMSR)
iSolarCloud;1453245;Garuda Metalindo 2;;;1;2;3;0.0;;True;;;from JOIN String (Google Sheet Data Static MMSR)
iSolarCloud;1453245;Garuda Metalindo 2;;;1;2;4;18.0;2.0;True;;;from JOIN String (Google Sheet Data Static MMSR)
iSolarCloud;1453245;Garuda Metalindo 2;;;1;3;5;0.0;;True;;;from JOIN String (Google Sheet Data Static MMSR)
iSolarCloud;1453245;Garuda Metalindo 2;;;1;3;6;18.0;2.0;True;;;from JOIN String (Google Sheet Data Static MMSR)
iSolarCloud;1453245;Garuda Metalindo 2;;;1;4;7;0.0;;True;;;from JOIN String (Google Sheet Data Static MMSR)
iSolarCloud;1453245;Garuda Metalindo 2;;;1;4;8;18.0;2.0;True;;;from JOIN String (Google Sheet Data Static MMSR)
iSolarCloud;1453245;Garuda Metalindo 2;;;1;5;9;0.0;;True;;;from JOIN String (Google Sheet Data Static MMSR)
iSolarCloud;1453245;Garuda Metalindo 2;;;1;5;10;18.0;2.0;True;;;from JOIN String (Google Sheet Data Static MMSR)
iSolarCloud;1453245;Garuda Metalindo 2;;;1;6;11;0.0;;True;;;from JOIN String (Google Sheet Data Static MMSR)
iSolarCloud;1453245;Garuda Metalindo 2;;;1;6;12;18.0;2.0;True;;;from JOIN String (Google Sheet Data Static MMSR)
iSolarCloud;1453245;Garuda Metalindo 2;;;1;7;13;0.0;;True;;;from JOIN String (Google Sheet Data Static MMSR)
iSolarCloud;1453245;Garuda Metalindo 2;;;1;7;14;18.0;2.0;True;;;from JOIN String (Google Sheet Data Static MMSR)
iSolarCloud;1453245;Garuda Metalindo 2;;;1;8;15;0.0;;True;;;from JOIN String (Google Sheet Data Static MMSR)
iSolarCloud;1453245;Garuda Metalindo 2;;;1;8;16;18.0;2.0;True;;;from JOIN String (Google Sheet Data Static MMSR)
iSolarCloud;1453245;Garuda Metalindo 2;;;1;9;17;0.0;;True;;;from JOIN String (Google Sheet Data Static MMSR)
iSolarCloud;1453245;Garuda Metalindo 2;;;1;9;18;18.0;2.0;True;;;from JOIN String (Google Sheet Data Static MMSR)
iSolarCloud;1453245;Garuda Metalindo 2;;;2;1;1;18.0;;True;;;from JOIN String (Google Sheet Data Static MMSR)
iSolarCloud;1453245;Garuda Metalindo 2;;;2;1;2;18.0;2.0;True;;;from JOIN String (Google Sheet Data Static MMSR)
iSolarCloud;1453245;Garuda Metalindo 2;;;2;2;3;0.0;;True;;;from JOIN String (Google Sheet Data Static MMSR)
iSolarCloud;1453245;Garuda Metalindo 2;;;2;2;4;18.0;2.0;True;;;from JOIN String (Google Sheet Data Static MMSR)
iSolarCloud;1453245;Garuda Metalindo 2;;;2;3;5;0.0;;True;;;from JOIN String (Google Sheet Data Static MMSR)
iSolarCloud;1453245;Garuda Metalindo 2;;;2;3;6;18.0;2.0;True;;;from JOIN String (Google Sheet Data Static MMSR)
iSolarCloud;1453245;Garuda Metalindo 2;;;2;4;7;0.0;;True;;;from JOIN String (Google Sheet Data Static MMSR)
iSolarCloud;1453245;Garuda Metalindo 2;;;2;4;8;18.0;2.0;True;;;from JOIN String (Google Sheet Data Static MMSR)
iSolarCloud;1453245;Garuda Metalindo 2;;;2;5;9;0.0;;True;;;from JOIN String (Google Sheet Data Static MMSR)
iSolarCloud;1453245;Garuda Metalindo 2;;;2;5;10;18.0;2.0;True;;;from JOIN String (Google Sheet Data Static MMSR)
iSolarCloud;1453245;Garuda Metalindo 2;;;2;6;11;0.0;;True;;;from JOIN String (Google Sheet Data Static MMSR)
iSolarCloud;1453245;Garuda Metalindo 2;;;2;6;12;18.0;2.0;True;;;from JOIN String (Google Sheet Data Static MMSR)
iSolarCloud;1453245;Garuda Metalindo 2;;;2;7;13;0.0;;True;;;from JOIN String (Google Sheet Data Static MMSR)
iSolarCloud;1453245;Garuda Metalindo 2;;;2;7;14;18.0;2.0;True;;;from JOIN String (Google Sheet Data Static MMSR)
iSolarCloud;1453245;Garuda Metalindo 2;;;2;8;15;0.0;;True;;;from JOIN String (Google Sheet Data Static MMSR)
iSolarCloud;1453245;Garuda Metalindo 2;;;2;8;16;18.0;2.0;True;;;from JOIN String (Google Sheet Data Static MMSR)
iSolarCloud;1453245;Garuda Metalindo 2;;;2;9;17;0.0;;True;;;from JOIN String (Google Sheet Data Static MMSR)
iSolarCloud;1453245;Garuda Metalindo 2;;;2;9;18;18.0;2.0;True;;;from JOIN String (Google Sheet Data Static MMSR)
iSolarCloud;1453245;Garuda Metalindo 2;;;3;1;1;18.0;1.0;True;;;from JOIN String (Google Sheet Data Static MMSR)
iSolarCloud;1453245;Garuda Metalindo 2;;;3;1;2;18.0;1.0;True;;;from JOIN String (Google Sheet Data Static MMSR)
iSolarCloud;1453245;Garuda Metalindo 2;;;3;2;3;0.0;;True;;;from JOIN String (Google Sheet Data Static MMSR)
iSolarCloud;1453245;Garuda Metalindo 2;;;3;2;4;18.0;1.0;True;;;from JOIN String (Google Sheet Data Static MMSR)
iSolarCloud;1453245;Garuda Metalindo 2;;;3;3;5;0.0;;True;;;from JOIN String (Google Sheet Data Static MMSR)
iSolarCloud;1453245;Garuda Metalindo 2;;;3;3;6;18.0;1.0;True;;;from JOIN String (Google Sheet Data Static MMSR)
iSolarCloud;1453245;Garuda Metalindo 2;;;3;4;7;0.0;;True;;;from JOIN String (Google Sheet Data Static MMSR)
iSolarCloud;1453245;Garuda Metalindo 2;;;3;4;8;18.0;1.0;True;;;from JOIN String (Google Sheet Data Static MMSR)
iSolarCloud;1453245;Garuda Metalindo 2;;;3;5;9;0.0;;True;;;from JOIN String (Google Sheet Data Static MMSR)
iSolarCloud;1453245;Garuda Metalindo 2;;;3;5;10;18.0;1.0;True;;;from JOIN String (Google Sheet Data Static MMSR)
iSolarCloud;1453245;Garuda Metalindo 2;;;3;6;11;0.0;;True;;;from JOIN String (Google Sheet Data Static MMSR)
iSolarCloud;1453245;Garuda Metalindo 2;;;3;6;12;18.0;1.0;True;;;from JOIN String (Google Sheet Data Static MMSR)
iSolarCloud;1453245;Garuda Metalindo 2;;;3;7;13;0.0;;True;;;from JOIN String (Google Sheet Data Static MMSR)
iSolarCloud;1453245;Garuda Metalindo 2;;;3;7;14;18.0;1.0;True;;;from JOIN String (Google Sheet Data Static MMSR)
iSolarCloud;1453245;Garuda Metalindo 2;;;3;8;15;0.0;;True;;;from JOIN String (Google Sheet Data Static MMSR)
iSolarCloud;1453245;Garuda Metalindo 2;;;3;8;16;18.0;1.0;True;;;from JOIN String (Google Sheet Data Static MMSR)
iSolarCloud;1453245;Garuda Metalindo 2;;;3;9;17;0.0;;True;;;from JOIN String (Google Sheet Data Static MMSR)
iSolarCloud;1453245;Garuda Metalindo 2;;;3;9;18;18.0;1.0;True;;;from JOIN String (Google Sheet Data Static MMSR)
iSolarCloud;1453245;Garuda Metalindo 2;;;4;1;1;18.0;1.0;True;;;from JOIN String (Google Sheet Data Static MMSR)
iSolarCloud;1453245;Garuda Metalindo 2;;;4;1;2;18.0;1.0;True;;;from JOIN String (Google Sheet Data Static MMSR)
iSolarCloud;1453245;Garuda Metalindo 2;;;4;2;3;0.0;;True;;;from JOIN String (Google Sheet Data Static MMSR)
iSolarCloud;1453245;Garuda Metalindo 2;;;4;2;4;18.0;1.0;True;;;from JOIN String (Google Sheet Data Static MMSR)
iSolarCloud;1453245;Garuda Metalindo 2;;;4;3;5;0.0;;True;;;from JOIN String (Google Sheet Data Static MMSR)
iSolarCloud;1453245;Garuda Metalindo 2;;;4;3;6;18.0;1.0;True;;;from JOIN String (Google Sheet Data Static MMSR)
iSolarCloud;1453245;Garuda Metalindo 2;;;4;4;7;0.0;;True;;;from JOIN String (Google Sheet Data Static MMSR)
iSolarCloud;1453245;Garuda Metalindo 2;;;4;4;8;18.0;1.0;True;;;from JOIN String (Google Sheet Data Static MMSR)
iSolarCloud;1453245;Garuda Metalindo 2;;;4;5;9;0.0;;True;;;from JOIN String (Google Sheet Data Static MMSR)
iSolarCloud;1453245;Garuda Metalindo 2;;;4;5;10;18.0;1.0;True;;;from JOIN String (Google Sheet Data Static MMSR)
iSolarCloud;1453245;Garuda Metalindo 2;;;4;6;11;0.0;;True;;;from JOIN String (Google Sheet Data Static MMSR)
iSolarCloud;1453245;Garuda Metalindo 2;;;4;6;12;18.0;1.0;True;;;from JOIN String (Google Sheet Data Static MMSR)
iSolarCloud;1453245;Garuda Metalindo 2;;;4;7;13;0.0;;True;;;from JOIN String (Google Sheet Data Static MMSR)
iSolarCloud;1453245;Garuda Metalindo 2;;;4;7;14;18.0;1.0;True;;;from JOIN String (Google Sheet Data Static MMSR)
iSolarCloud;1453245;Garuda Metalindo 2;;;4;8;15;0.0;;True;;;from JOIN String (Google Sheet Data Static MMSR)
iSolarCloud;1453245;Garuda Metalindo 2;;;4;8;16;18.0;1.0;True;;;from JOIN String (Google Sheet Data Static MMSR)
iSolarCloud;1453245;Garuda Metalindo 2;;;4;9;17;0.0;;True;;;from JOIN String (Google Sheet Data Static MMSR)
iSolarCloud;1453245;Garuda Metalindo 2;;;4;9;18;18.0;1.0;True;;;from JOIN String (Google Sheet Data Static MMSR)
iSolarCloud;1453245;Garuda Metalindo 2;;;5;1;1;18.0;2.0;True;;;from JOIN String (Google Sheet Data Static MMSR)
iSolarCloud;1453245;Garuda Metalindo 2;;;5;1;2;18.0;2.0;True;;;from JOIN String (Google Sheet Data Static MMSR)
iSolarCloud;1453245;Garuda Metalindo 2;;;5;2;3;0.0;;True;;;from JOIN String (Google Sheet Data Static MMSR)
iSolarCloud;1453245;Garuda Metalindo 2;;;5;2;4;18.0;2.0;True;;;from JOIN String (Google Sheet Data Static MMSR)
iSolarCloud;1453245;Garuda Metalindo 2;;;5;3;5;0.0;;True;;;from JOIN String (Google Sheet Data Static MMSR)
iSolarCloud;1453245;Garuda Metalindo 2;;;5;3;6;18.0;2.0;True;;;from JOIN String (Google Sheet Data Static MMSR)
iSolarCloud;1453245;Garuda Metalindo 2;;;5;4;7;0.0;;True;;;from JOIN String (Google Sheet Data Static MMSR)
iSolarCloud;1453245;Garuda Metalindo 2;;;5;4;8;18.0;2.0;True;;;from JOIN String (Google Sheet Data Static MMSR)
iSolarCloud;1453245;Garuda Metalindo 2;;;5;5;9;0.0;;True;;;from JOIN String (Google Sheet Data Static MMSR)
iSolarCloud;1453245;Garuda Metalindo 2;;;5;5;10;18.0;2.0;True;;;from JOIN String (Google Sheet Data Static MMSR)
iSolarCloud;1453245;Garuda Metalindo 2;;;5;6;11;18.0;1.0;True;;;from JOIN String (Google Sheet Data Static MMSR)
iSolarCloud;1453245;Garuda Metalindo 2;;;5;6;12;18.0;1.0;True;;;from JOIN String (Google Sheet Data Static MMSR)
iSolarCloud;1453245;Garuda Metalindo 2;;;5;7;13;0.0;;True;;;from JOIN String (Google Sheet Data Static MMSR)
iSolarCloud;1453245;Garuda Metalindo 2;;;5;7;14;18.0;1.0;True;;;from JOIN String (Google Sheet Data Static MMSR)
iSolarCloud;1453245;Garuda Metalindo 2;;;5;8;15;0.0;;True;;;from JOIN String (Google Sheet Data Static MMSR)
iSolarCloud;1453245;Garuda Metalindo 2;;;5;8;16;18.0;1.0;True;;;from JOIN String (Google Sheet Data Static MMSR)
iSolarCloud;1453245;Garuda Metalindo 2;;;5;9;17;18.0;;True;;;from JOIN String (Google Sheet Data Static MMSR)
iSolarCloud;1453245;Garuda Metalindo 2;;;5;9;18;18.0;1.0;True;;;from JOIN String (Google Sheet Data Static MMSR)
iSolarCloud;1453245;Garuda Metalindo 2;;;6;1;1;16.0;2.0;True;;;from JOIN String (Google Sheet Data Static MMSR)
iSolarCloud;1453245;Garuda Metalindo 2;;;6;1;2;16.0;2.0;True;;;from JOIN String (Google Sheet Data Static MMSR)
iSolarCloud;1453245;Garuda Metalindo 2;;;6;2;3;0.0;;True;;;from JOIN String (Google Sheet Data Static MMSR)
iSolarCloud;1453245;Garuda Metalindo 2;;;6;2;4;16.0;1.0;True;;;from JOIN String (Google Sheet Data Static MMSR)
iSolarCloud;1453245;Garuda Metalindo 2;;;6;3;5;0.0;;True;;;from JOIN String (Google Sheet Data Static MMSR)
iSolarCloud;1453245;Garuda Metalindo 2;;;6;3;6;16.0;1.0;True;;;from JOIN String (Google Sheet Data Static MMSR)
iSolarCloud;1453245;Garuda Metalindo 2;;;6;4;7;0.0;;True;;;from JOIN String (Google Sheet Data Static MMSR)
iSolarCloud;1453245;Garuda Metalindo 2;;;6;4;8;16.0;2.0;True;;;from JOIN String (Google Sheet Data Static MMSR)
iSolarCloud;1453245;Garuda Metalindo 2;;;6;5;9;0.0;;True;;;from JOIN String (Google Sheet Data Static MMSR)
iSolarCloud;1453245;Garuda Metalindo 2;;;6;5;10;16.0;1.0;True;;;from JOIN String (Google Sheet Data Static MMSR)
iSolarCloud;1453245;Garuda Metalindo 2;;;6;6;11;0.0;;True;;;from JOIN String (Google Sheet Data Static MMSR)
iSolarCloud;1453245;Garuda Metalindo 2;;;6;6;12;14.0;2.0;True;;;from JOIN String (Google Sheet Data Static MMSR)
iSolarCloud;1453245;Garuda Metalindo 2;;;6;7;13;0.0;;True;;;from JOIN String (Google Sheet Data Static MMSR)
iSolarCloud;1453245;Garuda Metalindo 2;;;6;7;14;14.0;1.0;True;;;from JOIN String (Google Sheet Data Static MMSR)
iSolarCloud;1453245;Garuda Metalindo 2;;;6;8;15;16.0;2.0;True;;;from JOIN String (Google Sheet Data Static MMSR)
iSolarCloud;1453245;Garuda Metalindo 2;;;6;8;16;16.0;2.0;True;;;from JOIN String (Google Sheet Data Static MMSR)
iSolarCloud;1453245;Garuda Metalindo 2;;;6;9;17;16.0;1.0;True;;;from JOIN String (Google Sheet Data Static MMSR)
iSolarCloud;1453245;Garuda Metalindo 2;;;6;9;18;16.0;1.0;True;;;from JOIN String (Google Sheet Data Static MMSR)
iSolarCloud;1628909;PLTS Frina Lestari Nusantara;;;1;1;1;0.0;;True;;;from JOIN String (Google Sheet Data Static MMSR)
iSolarCloud;1628909;PLTS Frina Lestari Nusantara;;;1;1;2;20.0;1.0;True;;;from JOIN String (Google Sheet Data Static MMSR)
iSolarCloud;1628909;PLTS Frina Lestari Nusantara;;;1;2;3;0.0;;True;;;from JOIN String (Google Sheet Data Static MMSR)
iSolarCloud;1628909;PLTS Frina Lestari Nusantara;;;1;2;4;20.0;1.0;True;;;from JOIN String (Google Sheet Data Static MMSR)
iSolarCloud;1628909;PLTS Frina Lestari Nusantara;;;1;3;5;0.0;;True;;;from JOIN String (Google Sheet Data Static MMSR)
iSolarCloud;1628909;PLTS Frina Lestari Nusantara;;;1;3;6;20.0;1.0;True;;;from JOIN String (Google Sheet Data Static MMSR)
iSolarCloud;1628909;PLTS Frina Lestari Nusantara;;;1;4;7;0.0;;True;;;from JOIN String (Google Sheet Data Static MMSR)
iSolarCloud;1628909;PLTS Frina Lestari Nusantara;;;1;4;8;20.0;1.0;True;;;from JOIN String (Google Sheet Data Static MMSR)
iSolarCloud;1628909;PLTS Frina Lestari Nusantara;;;1;5;9;0.0;;True;;;from JOIN String (Google Sheet Data Static MMSR)
iSolarCloud;1628909;PLTS Frina Lestari Nusantara;;;1;5;10;20.0;1.0;True;;;from JOIN String (Google Sheet Data Static MMSR)
iSolarCloud;1628909;PLTS Frina Lestari Nusantara;;;1;6;11;0.0;;True;;;from JOIN String (Google Sheet Data Static MMSR)
iSolarCloud;1628909;PLTS Frina Lestari Nusantara;;;1;6;12;20.0;1.0;True;;;from JOIN String (Google Sheet Data Static MMSR)
iSolarCloud;1628909;PLTS Frina Lestari Nusantara;;;1;7;13;0.0;;True;;;from JOIN String (Google Sheet Data Static MMSR)
iSolarCloud;1628909;PLTS Frina Lestari Nusantara;;;1;7;14;18.0;1.0;True;;;from JOIN String (Google Sheet Data Static MMSR)
iSolarCloud;1628909;PLTS Frina Lestari Nusantara;;;1;8;15;0.0;;True;;;from JOIN String (Google Sheet Data Static MMSR)
iSolarCloud;1628909;PLTS Frina Lestari Nusantara;;;1;8;16;18.0;2.0;True;;;from JOIN String (Google Sheet Data Static MMSR)
iSolarCloud;1628909;PLTS Frina Lestari Nusantara;;;1;9;17;0.0;;True;;;from JOIN String (Google Sheet Data Static MMSR)
iSolarCloud;1628909;PLTS Frina Lestari Nusantara;;;1;9;18;18.0;2.0;True;;;from JOIN String (Google Sheet Data Static MMSR)
iSolarCloud;1628909;PLTS Frina Lestari Nusantara;;;1;10;19;0.0;;True;;;from JOIN String (Google Sheet Data Static MMSR)
iSolarCloud;1628909;PLTS Frina Lestari Nusantara;;;1;10;20;18.0;2.0;True;;;from JOIN String (Google Sheet Data Static MMSR)
iSolarCloud;1628909;PLTS Frina Lestari Nusantara;;;1;11;21;0.0;;True;;;from JOIN String (Google Sheet Data Static MMSR)
iSolarCloud;1628909;PLTS Frina Lestari Nusantara;;;1;11;22;18.0;2.0;True;;;from JOIN String (Google Sheet Data Static MMSR)
iSolarCloud;1628909;PLTS Frina Lestari Nusantara;;;1;12;23;0.0;;True;;;from JOIN String (Google Sheet Data Static MMSR)
iSolarCloud;1628909;PLTS Frina Lestari Nusantara;;;1;12;24;18.0;2.0;True;;;from JOIN String (Google Sheet Data Static MMSR)
iSolarCloud;1628909;PLTS Frina Lestari Nusantara;;;2;1;1;0.0;;True;;;from JOIN String (Google Sheet Data Static MMSR)
iSolarCloud;1628909;PLTS Frina Lestari Nusantara;;;2;1;2;20.0;1.0;True;;;from JOIN String (Google Sheet Data Static MMSR)
iSolarCloud;1628909;PLTS Frina Lestari Nusantara;;;2;2;3;0.0;;True;;;from JOIN String (Google Sheet Data Static MMSR)
iSolarCloud;1628909;PLTS Frina Lestari Nusantara;;;2;2;4;20.0;1.0;True;;;from JOIN String (Google Sheet Data Static MMSR)
iSolarCloud;1628909;PLTS Frina Lestari Nusantara;;;2;3;5;0.0;;True;;;from JOIN String (Google Sheet Data Static MMSR)
iSolarCloud;1628909;PLTS Frina Lestari Nusantara;;;2;3;6;20.0;1.0;True;;;from JOIN String (Google Sheet Data Static MMSR)
iSolarCloud;1628909;PLTS Frina Lestari Nusantara;;;2;4;7;0.0;;True;;;from JOIN String (Google Sheet Data Static MMSR)
iSolarCloud;1628909;PLTS Frina Lestari Nusantara;;;2;4;8;20.0;1.0;True;;;from JOIN String (Google Sheet Data Static MMSR)
iSolarCloud;1628909;PLTS Frina Lestari Nusantara;;;2;5;9;0.0;;True;;;from JOIN String (Google Sheet Data Static MMSR)
iSolarCloud;1628909;PLTS Frina Lestari Nusantara;;;2;5;10;20.0;1.0;True;;;from JOIN String (Google Sheet Data Static MMSR)
iSolarCloud;1628909;PLTS Frina Lestari Nusantara;;;2;6;11;0.0;;True;;;from JOIN String (Google Sheet Data Static MMSR)
iSolarCloud;1628909;PLTS Frina Lestari Nusantara;;;2;6;12;20.0;1.0;True;;;from JOIN String (Google Sheet Data Static MMSR)
iSolarCloud;1628909;PLTS Frina Lestari Nusantara;;;2;7;13;0.0;;True;;;from JOIN String (Google Sheet Data Static MMSR)
iSolarCloud;1628909;PLTS Frina Lestari Nusantara;;;2;7;14;18.0;1.0;True;;;from JOIN String (Google Sheet Data Static MMSR)
iSolarCloud;1628909;PLTS Frina Lestari Nusantara;;;2;8;15;0.0;;True;;;from JOIN String (Google Sheet Data Static MMSR)
iSolarCloud;1628909;PLTS Frina Lestari Nusantara;;;2;8;16;19.0;2.0;True;;;from JOIN String (Google Sheet Data Static MMSR)
iSolarCloud;1628909;PLTS Frina Lestari Nusantara;;;2;9;17;0.0;;True;;;from JOIN String (Google Sheet Data Static MMSR)
iSolarCloud;1628909;PLTS Frina Lestari Nusantara;;;2;9;18;19.0;2.0;True;;;from JOIN String (Google Sheet Data Static MMSR)
iSolarCloud;1628909;PLTS Frina Lestari Nusantara;;;2;10;19;0.0;;True;;;from JOIN String (Google Sheet Data Static MMSR)
iSolarCloud;1628909;PLTS Frina Lestari Nusantara;;;2;10;20;19.0;2.0;True;;;from JOIN String (Google Sheet Data Static MMSR)
iSolarCloud;1628909;PLTS Frina Lestari Nusantara;;;2;11;21;0.0;;True;;;from JOIN String (Google Sheet Data Static MMSR)
iSolarCloud;1628909;PLTS Frina Lestari Nusantara;;;2;11;22;19.0;2.0;True;;;from JOIN String (Google Sheet Data Static MMSR)
iSolarCloud;1628909;PLTS Frina Lestari Nusantara;;;2;12;23;0.0;;True;;;from JOIN String (Google Sheet Data Static MMSR)
iSolarCloud;1628909;PLTS Frina Lestari Nusantara;;;2;12;24;0.0;;True;;;from JOIN String (Google Sheet Data Static MMSR)
iSolarCloud;1628909;PLTS Frina Lestari Nusantara;;;3;1;1;0.0;;True;;;from JOIN String (Google Sheet Data Static MMSR)
iSolarCloud;1628909;PLTS Frina Lestari Nusantara;;;3;1;2;20.0;1.0;True;;;from JOIN String (Google Sheet Data Static MMSR)
iSolarCloud;1628909;PLTS Frina Lestari Nusantara;;;3;2;3;0.0;;True;;;from JOIN String (Google Sheet Data Static MMSR)
iSolarCloud;1628909;PLTS Frina Lestari Nusantara;;;3;2;4;20.0;1.0;True;;;from JOIN String (Google Sheet Data Static MMSR)
iSolarCloud;1628909;PLTS Frina Lestari Nusantara;;;3;3;5;0.0;;True;;;from JOIN String (Google Sheet Data Static MMSR)
iSolarCloud;1628909;PLTS Frina Lestari Nusantara;;;3;3;6;20.0;1.0;True;;;from JOIN String (Google Sheet Data Static MMSR)
iSolarCloud;1628909;PLTS Frina Lestari Nusantara;;;3;4;7;0.0;;True;;;from JOIN String (Google Sheet Data Static MMSR)
iSolarCloud;1628909;PLTS Frina Lestari Nusantara;;;3;4;8;20.0;1.0;True;;;from JOIN String (Google Sheet Data Static MMSR)
iSolarCloud;1628909;PLTS Frina Lestari Nusantara;;;3;5;9;0.0;;True;;;from JOIN String (Google Sheet Data Static MMSR)
iSolarCloud;1628909;PLTS Frina Lestari Nusantara;;;3;5;10;20.0;1.0;True;;;from JOIN String (Google Sheet Data Static MMSR)
iSolarCloud;1628909;PLTS Frina Lestari Nusantara;;;3;6;11;0.0;;True;;;from JOIN String (Google Sheet Data Static MMSR)
iSolarCloud;1628909;PLTS Frina Lestari Nusantara;;;3;6;12;20.0;1.0;True;;;from JOIN String (Google Sheet Data Static MMSR)
iSolarCloud;1628909;PLTS Frina Lestari Nusantara;;;3;7;13;0.0;;True;;;from JOIN String (Google Sheet Data Static MMSR)
iSolarCloud;1628909;PLTS Frina Lestari Nusantara;;;3;7;14;19.0;2.0;True;;;from JOIN String (Google Sheet Data Static MMSR)
iSolarCloud;1628909;PLTS Frina Lestari Nusantara;;;3;8;15;0.0;;True;;;from JOIN String (Google Sheet Data Static MMSR)
iSolarCloud;1628909;PLTS Frina Lestari Nusantara;;;3;8;16;19.0;2.0;True;;;from JOIN String (Google Sheet Data Static MMSR)
iSolarCloud;1628909;PLTS Frina Lestari Nusantara;;;3;9;17;0.0;;True;;;from JOIN String (Google Sheet Data Static MMSR)
iSolarCloud;1628909;PLTS Frina Lestari Nusantara;;;3;9;18;19.0;2.0;True;;;from JOIN String (Google Sheet Data Static MMSR)
iSolarCloud;1628909;PLTS Frina Lestari Nusantara;;;3;10;19;0.0;;True;;;from JOIN String (Google Sheet Data Static MMSR)
iSolarCloud;1628909;PLTS Frina Lestari Nusantara;;;3;10;20;19.0;2.0;True;;;from JOIN String (Google Sheet Data Static MMSR)
iSolarCloud;1628909;PLTS Frina Lestari Nusantara;;;3;11;21;0.0;;True;;;from JOIN String (Google Sheet Data Static MMSR)
iSolarCloud;1628909;PLTS Frina Lestari Nusantara;;;3;11;22;19.0;2.0;True;;;from JOIN String (Google Sheet Data Static MMSR)
iSolarCloud;1628909;PLTS Frina Lestari Nusantara;;;3;12;23;0.0;;True;;;from JOIN String (Google Sheet Data Static MMSR)
iSolarCloud;1628909;PLTS Frina Lestari Nusantara;;;3;12;24;0.0;;True;;;from JOIN String (Google Sheet Data Static MMSR)
iSolarCloud;1628909;PLTS Frina Lestari Nusantara;;;4;1;1;0.0;;True;;;from JOIN String (Google Sheet Data Static MMSR)
iSolarCloud;1628909;PLTS Frina Lestari Nusantara;;;4;1;2;20.0;3.0;True;;;from JOIN String (Google Sheet Data Static MMSR)
iSolarCloud;1628909;PLTS Frina Lestari Nusantara;;;4;2;3;0.0;;True;;;from JOIN String (Google Sheet Data Static MMSR)
iSolarCloud;1628909;PLTS Frina Lestari Nusantara;;;4;2;4;20.0;4.0;True;;;from JOIN String (Google Sheet Data Static MMSR)
iSolarCloud;1628909;PLTS Frina Lestari Nusantara;;;4;3;5;0.0;;True;;;from JOIN String (Google Sheet Data Static MMSR)
iSolarCloud;1628909;PLTS Frina Lestari Nusantara;;;4;3;6;20.0;4.0;True;;;from JOIN String (Google Sheet Data Static MMSR)
iSolarCloud;1628909;PLTS Frina Lestari Nusantara;;;4;4;7;0.0;;True;;;from JOIN String (Google Sheet Data Static MMSR)
iSolarCloud;1628909;PLTS Frina Lestari Nusantara;;;4;4;8;20.0;4.0;True;;;from JOIN String (Google Sheet Data Static MMSR)
iSolarCloud;1628909;PLTS Frina Lestari Nusantara;;;4;5;9;0.0;;True;;;from JOIN String (Google Sheet Data Static MMSR)
iSolarCloud;1628909;PLTS Frina Lestari Nusantara;;;4;5;10;20.0;4.0;True;;;from JOIN String (Google Sheet Data Static MMSR)
iSolarCloud;1628909;PLTS Frina Lestari Nusantara;;;4;6;11;0.0;;True;;;from JOIN String (Google Sheet Data Static MMSR)
iSolarCloud;1628909;PLTS Frina Lestari Nusantara;;;4;6;12;20.0;4.0;True;;;from JOIN String (Google Sheet Data Static MMSR)
iSolarCloud;1628909;PLTS Frina Lestari Nusantara;;;4;7;13;0.0;;True;;;from JOIN String (Google Sheet Data Static MMSR)
iSolarCloud;1628909;PLTS Frina Lestari Nusantara;;;4;7;14;20.0;4.0;True;;;from JOIN String (Google Sheet Data Static MMSR)
iSolarCloud;1628909;PLTS Frina Lestari Nusantara;;;4;8;15;0.0;;True;;;from JOIN String (Google Sheet Data Static MMSR)
iSolarCloud;1628909;PLTS Frina Lestari Nusantara;;;4;8;16;20.0;4.0;True;;;from JOIN String (Google Sheet Data Static MMSR)
iSolarCloud;1628909;PLTS Frina Lestari Nusantara;;;4;9;17;0.0;;True;;;from JOIN String (Google Sheet Data Static MMSR)
iSolarCloud;1628909;PLTS Frina Lestari Nusantara;;;4;9;18;20.0;4.0;True;;;from JOIN String (Google Sheet Data Static MMSR)
iSolarCloud;1628909;PLTS Frina Lestari Nusantara;;;4;10;19;0.0;;True;;;from JOIN String (Google Sheet Data Static MMSR)
iSolarCloud;1628909;PLTS Frina Lestari Nusantara;;;4;10;20;20.0;4.0;True;;;from JOIN String (Google Sheet Data Static MMSR)
iSolarCloud;1628909;PLTS Frina Lestari Nusantara;;;4;11;21;0.0;;True;;;from JOIN String (Google Sheet Data Static MMSR)
iSolarCloud;1628909;PLTS Frina Lestari Nusantara;;;4;11;22;20.0;3.0;True;;;from JOIN String (Google Sheet Data Static MMSR)
iSolarCloud;1628909;PLTS Frina Lestari Nusantara;;;4;12;23;18.0;4.0;True;;;from JOIN String (Google Sheet Data Static MMSR)
iSolarCloud;1628909;PLTS Frina Lestari Nusantara;;;4;12;24;18.0;4.0;True;;;from JOIN String (Google Sheet Data Static MMSR)
iSolarCloud;1628909;PLTS Frina Lestari Nusantara;;;5;1;1;0.0;;True;;;from JOIN String (Google Sheet Data Static MMSR)
iSolarCloud;1628909;PLTS Frina Lestari Nusantara;;;5;1;2;20.0;3.0;True;;;from JOIN String (Google Sheet Data Static MMSR)
iSolarCloud;1628909;PLTS Frina Lestari Nusantara;;;5;2;3;0.0;;True;;;from JOIN String (Google Sheet Data Static MMSR)
iSolarCloud;1628909;PLTS Frina Lestari Nusantara;;;5;2;4;20.0;4.0;True;;;from JOIN String (Google Sheet Data Static MMSR)
iSolarCloud;1628909;PLTS Frina Lestari Nusantara;;;5;3;5;0.0;;True;;;from JOIN String (Google Sheet Data Static MMSR)
iSolarCloud;1628909;PLTS Frina Lestari Nusantara;;;5;3;6;20.0;3.0;True;;;from JOIN String (Google Sheet Data Static MMSR)
iSolarCloud;1628909;PLTS Frina Lestari Nusantara;;;5;4;7;0.0;;True;;;from JOIN String (Google Sheet Data Static MMSR)
iSolarCloud;1628909;PLTS Frina Lestari Nusantara;;;5;4;8;20.0;3.0;True;;;from JOIN String (Google Sheet Data Static MMSR)
iSolarCloud;1628909;PLTS Frina Lestari Nusantara;;;5;5;9;0.0;;True;;;from JOIN String (Google Sheet Data Static MMSR)
iSolarCloud;1628909;PLTS Frina Lestari Nusantara;;;5;5;10;20.0;3.0;True;;;from JOIN String (Google Sheet Data Static MMSR)
iSolarCloud;1628909;PLTS Frina Lestari Nusantara;;;5;6;11;0.0;;True;;;from JOIN String (Google Sheet Data Static MMSR)
iSolarCloud;1628909;PLTS Frina Lestari Nusantara;;;5;6;12;20.0;3.0;True;;;from JOIN String (Google Sheet Data Static MMSR)
iSolarCloud;1628909;PLTS Frina Lestari Nusantara;;;5;7;13;0.0;;True;;;from JOIN String (Google Sheet Data Static MMSR)
iSolarCloud;1628909;PLTS Frina Lestari Nusantara;;;5;7;14;20.0;3.0;True;;;from JOIN String (Google Sheet Data Static MMSR)
iSolarCloud;1628909;PLTS Frina Lestari Nusantara;;;5;8;15;0.0;;True;;;from JOIN String (Google Sheet Data Static MMSR)
iSolarCloud;1628909;PLTS Frina Lestari Nusantara;;;5;8;16;20.0;3.0;True;;;from JOIN String (Google Sheet Data Static MMSR)
iSolarCloud;1628909;PLTS Frina Lestari Nusantara;;;5;9;17;0.0;;True;;;from JOIN String (Google Sheet Data Static MMSR)
iSolarCloud;1628909;PLTS Frina Lestari Nusantara;;;5;9;18;20.0;4.0;True;;;from JOIN String (Google Sheet Data Static MMSR)
iSolarCloud;1628909;PLTS Frina Lestari Nusantara;;;5;10;19;0.0;;True;;;from JOIN String (Google Sheet Data Static MMSR)
iSolarCloud;1628909;PLTS Frina Lestari Nusantara;;;5;10;20;20.0;4.0;True;;;from JOIN String (Google Sheet Data Static MMSR)
iSolarCloud;1628909;PLTS Frina Lestari Nusantara;;;5;11;21;0.0;;True;;;from JOIN String (Google Sheet Data Static MMSR)
iSolarCloud;1628909;PLTS Frina Lestari Nusantara;;;5;11;22;20.0;4.0;True;;;from JOIN String (Google Sheet Data Static MMSR)
iSolarCloud;1628909;PLTS Frina Lestari Nusantara;;;5;12;23;18.0;4.0;True;;;from JOIN String (Google Sheet Data Static MMSR)
iSolarCloud;1628909;PLTS Frina Lestari Nusantara;;;5;12;24;18.0;4.0;True;;;from JOIN String (Google Sheet Data Static MMSR)
iSolarCloud;1628909;PLTS Frina Lestari Nusantara;;;6;1;1;0.0;;True;;;from JOIN String (Google Sheet Data Static MMSR)
iSolarCloud;1628909;PLTS Frina Lestari Nusantara;;;6;1;2;20.0;4.0;True;;;from JOIN String (Google Sheet Data Static MMSR)
iSolarCloud;1628909;PLTS Frina Lestari Nusantara;;;6;2;3;0.0;;True;;;from JOIN String (Google Sheet Data Static MMSR)
iSolarCloud;1628909;PLTS Frina Lestari Nusantara;;;6;2;4;20.0;4.0;True;;;from JOIN String (Google Sheet Data Static MMSR)
iSolarCloud;1628909;PLTS Frina Lestari Nusantara;;;6;3;5;0.0;;True;;;from JOIN String (Google Sheet Data Static MMSR)
iSolarCloud;1628909;PLTS Frina Lestari Nusantara;;;6;3;6;20.0;4.0;True;;;from JOIN String (Google Sheet Data Static MMSR)
iSolarCloud;1628909;PLTS Frina Lestari Nusantara;;;6;4;7;0.0;;True;;;from JOIN String (Google Sheet Data Static MMSR)
iSolarCloud;1628909;PLTS Frina Lestari Nusantara;;;6;4;8;20.0;4.0;True;;;from JOIN String (Google Sheet Data Static MMSR)
iSolarCloud;1628909;PLTS Frina Lestari Nusantara;;;6;5;9;0.0;;True;;;from JOIN String (Google Sheet Data Static MMSR)
iSolarCloud;1628909;PLTS Frina Lestari Nusantara;;;6;5;10;20.0;4.0;True;;;from JOIN String (Google Sheet Data Static MMSR)
iSolarCloud;1628909;PLTS Frina Lestari Nusantara;;;6;6;11;0.0;;True;;;from JOIN String (Google Sheet Data Static MMSR)
iSolarCloud;1628909;PLTS Frina Lestari Nusantara;;;6;6;12;20.0;3.0;True;;;from JOIN String (Google Sheet Data Static MMSR)
iSolarCloud;1628909;PLTS Frina Lestari Nusantara;;;6;7;13;0.0;;True;;;from JOIN String (Google Sheet Data Static MMSR)
iSolarCloud;1628909;PLTS Frina Lestari Nusantara;;;6;7;14;20.0;3.0;True;;;from JOIN String (Google Sheet Data Static MMSR)
iSolarCloud;1628909;PLTS Frina Lestari Nusantara;;;6;8;15;0.0;;True;;;from JOIN String (Google Sheet Data Static MMSR)
iSolarCloud;1628909;PLTS Frina Lestari Nusantara;;;6;8;16;20.0;3.0;True;;;from JOIN String (Google Sheet Data Static MMSR)
iSolarCloud;1628909;PLTS Frina Lestari Nusantara;;;6;9;17;0.0;;True;;;from JOIN String (Google Sheet Data Static MMSR)
iSolarCloud;1628909;PLTS Frina Lestari Nusantara;;;6;9;18;20.0;3.0;True;;;from JOIN String (Google Sheet Data Static MMSR)
iSolarCloud;1628909;PLTS Frina Lestari Nusantara;;;6;10;19;0.0;;True;;;from JOIN String (Google Sheet Data Static MMSR)
iSolarCloud;1628909;PLTS Frina Lestari Nusantara;;;6;10;20;20.0;3.0;True;;;from JOIN String (Google Sheet Data Static MMSR)
iSolarCloud;1628909;PLTS Frina Lestari Nusantara;;;6;11;21;0.0;;True;;;from JOIN String (Google Sheet Data Static MMSR)
iSolarCloud;1628909;PLTS Frina Lestari Nusantara;;;6;11;22;18.0;4.0;True;;;from JOIN String (Google Sheet Data Static MMSR)
iSolarCloud;1628909;PLTS Frina Lestari Nusantara;;;6;12;23;0.0;;True;;;from JOIN String (Google Sheet Data Static MMSR)
iSolarCloud;1628909;PLTS Frina Lestari Nusantara;;;6;12;24;18.0;4.0;True;;;from JOIN String (Google Sheet Data Static MMSR)
iSolarCloud;1628909;PLTS Frina Lestari Nusantara;;;7;1;1;0.0;;True;;;from JOIN String (Google Sheet Data Static MMSR)
iSolarCloud;1628909;PLTS Frina Lestari Nusantara;;;7;1;2;20.0;3.0;True;;;from JOIN String (Google Sheet Data Static MMSR)
iSolarCloud;1628909;PLTS Frina Lestari Nusantara;;;7;2;3;0.0;;True;;;from JOIN String (Google Sheet Data Static MMSR)
iSolarCloud;1628909;PLTS Frina Lestari Nusantara;;;7;2;4;20.0;3.0;True;;;from JOIN String (Google Sheet Data Static MMSR)
iSolarCloud;1628909;PLTS Frina Lestari Nusantara;;;7;3;5;0.0;;True;;;from JOIN String (Google Sheet Data Static MMSR)
iSolarCloud;1628909;PLTS Frina Lestari Nusantara;;;7;3;6;20.0;3.0;True;;;from JOIN String (Google Sheet Data Static MMSR)
iSolarCloud;1628909;PLTS Frina Lestari Nusantara;;;7;4;7;0.0;;True;;;from JOIN String (Google Sheet Data Static MMSR)
iSolarCloud;1628909;PLTS Frina Lestari Nusantara;;;7;4;8;20.0;3.0;True;;;from JOIN String (Google Sheet Data Static MMSR)
iSolarCloud;1628909;PLTS Frina Lestari Nusantara;;;7;5;9;0.0;;True;;;from JOIN String (Google Sheet Data Static MMSR)
iSolarCloud;1628909;PLTS Frina Lestari Nusantara;;;7;5;10;20.0;4.0;True;;;from JOIN String (Google Sheet Data Static MMSR)
iSolarCloud;1628909;PLTS Frina Lestari Nusantara;;;7;6;11;0.0;;True;;;from JOIN String (Google Sheet Data Static MMSR)
iSolarCloud;1628909;PLTS Frina Lestari Nusantara;;;7;6;12;20.0;4.0;True;;;from JOIN String (Google Sheet Data Static MMSR)
iSolarCloud;1628909;PLTS Frina Lestari Nusantara;;;7;7;13;0.0;;True;;;from JOIN String (Google Sheet Data Static MMSR)
iSolarCloud;1628909;PLTS Frina Lestari Nusantara;;;7;7;14;20.0;4.0;True;;;from JOIN String (Google Sheet Data Static MMSR)
iSolarCloud;1628909;PLTS Frina Lestari Nusantara;;;7;8;15;0.0;;True;;;from JOIN String (Google Sheet Data Static MMSR)
iSolarCloud;1628909;PLTS Frina Lestari Nusantara;;;7;8;16;20.0;4.0;True;;;from JOIN String (Google Sheet Data Static MMSR)
iSolarCloud;1628909;PLTS Frina Lestari Nusantara;;;7;9;17;0.0;;True;;;from JOIN String (Google Sheet Data Static MMSR)
iSolarCloud;1628909;PLTS Frina Lestari Nusantara;;;7;9;18;20.0;3.0;True;;;from JOIN String (Google Sheet Data Static MMSR)
iSolarCloud;1628909;PLTS Frina Lestari Nusantara;;;7;10;19;0.0;;True;;;from JOIN String (Google Sheet Data Static MMSR)
iSolarCloud;1628909;PLTS Frina Lestari Nusantara;;;7;10;20;20.0;3.0;True;;;from JOIN String (Google Sheet Data Static MMSR)
iSolarCloud;1628909;PLTS Frina Lestari Nusantara;;;7;11;21;0.0;;True;;;from JOIN String (Google Sheet Data Static MMSR)
iSolarCloud;1628909;PLTS Frina Lestari Nusantara;;;7;11;22;20.0;3.0;True;;;from JOIN String (Google Sheet Data Static MMSR)
iSolarCloud;1628909;PLTS Frina Lestari Nusantara;;;7;12;23;18.0;4.0;True;;;from JOIN String (Google Sheet Data Static MMSR)
iSolarCloud;1628909;PLTS Frina Lestari Nusantara;;;7;12;24;18.0;4.0;True;;;from JOIN String (Google Sheet Data Static MMSR)
FusionSolar;NE=53771627;PLTS Mall Panakkukang;;;1;1;1;14.0;4.0;True;;;from JOIN String (Google Sheet Data Static MMSR)
FusionSolar;NE=53771627;PLTS Mall Panakkukang;;;1;1;2;14.0;4.0;True;;;from JOIN String (Google Sheet Data Static MMSR)
FusionSolar;NE=53771627;PLTS Mall Panakkukang;;;1;2;3;0.0;4.0;True;;;from JOIN String (Google Sheet Data Static MMSR)
FusionSolar;NE=53771627;PLTS Mall Panakkukang;;;1;2;4;14.0;4.0;True;;;from JOIN String (Google Sheet Data Static MMSR)
FusionSolar;NE=53771627;PLTS Mall Panakkukang;;;1;3;5;14.0;4.0;True;;;from JOIN String (Google Sheet Data Static MMSR)
FusionSolar;NE=53771627;PLTS Mall Panakkukang;;;1;3;6;14.0;4.0;True;;;from JOIN String (Google Sheet Data Static MMSR)
FusionSolar;NE=53771627;PLTS Mall Panakkukang;;;1;4;7;0.0;4.0;True;;;from JOIN String (Google Sheet Data Static MMSR)
FusionSolar;NE=53771627;PLTS Mall Panakkukang;;;1;4;8;14.0;4.0;True;;;from JOIN String (Google Sheet Data Static MMSR)
FusionSolar;NE=53771627;PLTS Mall Panakkukang;;;1;5;9;0.0;4.0;True;;;from JOIN String (Google Sheet Data Static MMSR)
FusionSolar;NE=53771627;PLTS Mall Panakkukang;;;1;5;10;14.0;4.0;True;;;from JOIN String (Google Sheet Data Static MMSR)
FusionSolar;NE=53771627;PLTS Mall Panakkukang;;;1;6;11;0.0;5.0;True;;;from JOIN String (Google Sheet Data Static MMSR)
FusionSolar;NE=53771627;PLTS Mall Panakkukang;;;1;6;12;16.0;5.0;True;;;from JOIN String (Google Sheet Data Static MMSR)
FusionSolar;NE=53771627;PLTS Mall Panakkukang;;;1;7;13;0.0;5.0;True;;;from JOIN String (Google Sheet Data Static MMSR)
FusionSolar;NE=53771627;PLTS Mall Panakkukang;;;1;7;14;16.0;5.0;True;;;from JOIN String (Google Sheet Data Static MMSR)
FusionSolar;NE=53771627;PLTS Mall Panakkukang;;;1;8;15;16.0;5.0;True;;;from JOIN String (Google Sheet Data Static MMSR)
FusionSolar;NE=53771627;PLTS Mall Panakkukang;;;1;8;16;16.0;5.0;True;;;from JOIN String (Google Sheet Data Static MMSR)
FusionSolar;NE=53771627;PLTS Mall Panakkukang;;;1;9;17;0.0;5.0;True;;;from JOIN String (Google Sheet Data Static MMSR)
FusionSolar;NE=53771627;PLTS Mall Panakkukang;;;1;9;18;14.0;5.0;True;;;from JOIN String (Google Sheet Data Static MMSR)
FusionSolar;NE=53771627;PLTS Mall Panakkukang;;;1;10;19;16.0;5.0;True;;;from JOIN String (Google Sheet Data Static MMSR)
FusionSolar;NE=53771627;PLTS Mall Panakkukang;;;1;10;20;16.0;6.0;True;;;from JOIN String (Google Sheet Data Static MMSR)
FusionSolar;NE=53771627;PLTS Mall Panakkukang;;;2;1;1;19.0;6.0;True;;;from JOIN String (Google Sheet Data Static MMSR)
FusionSolar;NE=53771627;PLTS Mall Panakkukang;;;2;1;2;19.0;6.0;True;;;from JOIN String (Google Sheet Data Static MMSR)
FusionSolar;NE=53771627;PLTS Mall Panakkukang;;;2;2;3;0.0;6.0;True;;;from JOIN String (Google Sheet Data Static MMSR)
FusionSolar;NE=53771627;PLTS Mall Panakkukang;;;2;2;4;20.0;6.0;True;;;from JOIN String (Google Sheet Data Static MMSR)
FusionSolar;NE=53771627;PLTS Mall Panakkukang;;;2;3;5;0.0;6.0;True;;;from JOIN String (Google Sheet Data Static MMSR)
FusionSolar;NE=53771627;PLTS Mall Panakkukang;;;2;3;6;20.0;6.0;True;;;from JOIN String (Google Sheet Data Static MMSR)
FusionSolar;NE=53771627;PLTS Mall Panakkukang;;;2;4;7;0.0;6.0;True;;;from JOIN String (Google Sheet Data Static MMSR)
FusionSolar;NE=53771627;PLTS Mall Panakkukang;;;2;4;8;20.0;6.0;True;;;from JOIN String (Google Sheet Data Static MMSR)
FusionSolar;NE=53771627;PLTS Mall Panakkukang;;;2;5;9;0.0;6.0;True;;;from JOIN String (Google Sheet Data Static MMSR)
FusionSolar;NE=53771627;PLTS Mall Panakkukang;;;2;5;10;20.0;6.0;True;;;from JOIN String (Google Sheet Data Static MMSR)
FusionSolar;NE=53771627;PLTS Mall Panakkukang;;;2;6;11;0.0;3.0;True;;;from JOIN String (Google Sheet Data Static MMSR)
FusionSolar;NE=53771627;PLTS Mall Panakkukang;;;2;6;12;18.0;3.0;True;;;from JOIN String (Google Sheet Data Static MMSR)
FusionSolar;NE=53771627;PLTS Mall Panakkukang;;;2;7;13;0.0;3.0;True;;;from JOIN String (Google Sheet Data Static MMSR)
FusionSolar;NE=53771627;PLTS Mall Panakkukang;;;2;7;14;18.0;3.0;True;;;from JOIN String (Google Sheet Data Static MMSR)
FusionSolar;NE=53771627;PLTS Mall Panakkukang;;;2;8;15;0.0;3.0;True;;;from JOIN String (Google Sheet Data Static MMSR)
FusionSolar;NE=53771627;PLTS Mall Panakkukang;;;2;8;16;18.0;3.0;True;;;from JOIN String (Google Sheet Data Static MMSR)
FusionSolar;NE=53771627;PLTS Mall Panakkukang;;;2;9;17;0.0;6.0;True;;;from JOIN String (Google Sheet Data Static MMSR)
FusionSolar;NE=53771627;PLTS Mall Panakkukang;;;2;9;18;18.0;6.0;True;;;from JOIN String (Google Sheet Data Static MMSR)
FusionSolar;NE=53771627;PLTS Mall Panakkukang;;;2;10;19;0.0;6.0;True;;;from JOIN String (Google Sheet Data Static MMSR)
FusionSolar;NE=53771627;PLTS Mall Panakkukang;;;2;10;20;18.0;6.0;True;;;from JOIN String (Google Sheet Data Static MMSR)
FusionSolar;NE=53771627;PLTS Mall Panakkukang;;;3;1;1;20.0;1.0;True;;;from JOIN String (Google Sheet Data Static MMSR)
FusionSolar;NE=53771627;PLTS Mall Panakkukang;;;3;1;2;20.0;1.0;True;;;from JOIN String (Google Sheet Data Static MMSR)
FusionSolar;NE=53771627;PLTS Mall Panakkukang;;;3;2;3;0.0;1.0;True;;;from JOIN String (Google Sheet Data Static MMSR)
FusionSolar;NE=53771627;PLTS Mall Panakkukang;;;3;2;4;20.0;1.0;True;;;from JOIN String (Google Sheet Data Static MMSR)
FusionSolar;NE=53771627;PLTS Mall Panakkukang;;;3;3;5;0.0;1.0;True;;;from JOIN String (Google Sheet Data Static MMSR)
FusionSolar;NE=53771627;PLTS Mall Panakkukang;;;3;3;6;20.0;1.0;True;;;from JOIN String (Google Sheet Data Static MMSR)
FusionSolar;NE=53771627;PLTS Mall Panakkukang;;;3;4;7;0.0;1.0;True;;;from JOIN String (Google Sheet Data Static MMSR)
FusionSolar;NE=53771627;PLTS Mall Panakkukang;;;3;4;8;20.0;1.0;True;;;from JOIN String (Google Sheet Data Static MMSR)
FusionSolar;NE=53771627;PLTS Mall Panakkukang;;;3;5;9;0.0;1.0;True;;;from JOIN String (Google Sheet Data Static MMSR)
FusionSolar;NE=53771627;PLTS Mall Panakkukang;;;3;5;10;20.0;1.0;True;;;from JOIN String (Google Sheet Data Static MMSR)
FusionSolar;NE=53771627;PLTS Mall Panakkukang;;;3;6;11;0.0;1.0;True;;;from JOIN String (Google Sheet Data Static MMSR)
FusionSolar;NE=53771627;PLTS Mall Panakkukang;;;3;6;12;20.0;1.0;True;;;from JOIN String (Google Sheet Data Static MMSR)
FusionSolar;NE=53771627;PLTS Mall Panakkukang;;;3;7;13;0.0;1.0;True;;;from JOIN String (Google Sheet Data Static MMSR)
FusionSolar;NE=53771627;PLTS Mall Panakkukang;;;3;7;14;20.0;1.0;True;;;from JOIN String (Google Sheet Data Static MMSR)
FusionSolar;NE=53771627;PLTS Mall Panakkukang;;;3;8;15;0.0;1.0;True;;;from JOIN String (Google Sheet Data Static MMSR)
FusionSolar;NE=53771627;PLTS Mall Panakkukang;;;3;8;16;20.0;1.0;True;;;from JOIN String (Google Sheet Data Static MMSR)
FusionSolar;NE=53771627;PLTS Mall Panakkukang;;;3;9;17;0.0;1.0;True;;;from JOIN String (Google Sheet Data Static MMSR)
FusionSolar;NE=53771627;PLTS Mall Panakkukang;;;3;9;18;20.0;1.0;True;;;from JOIN String (Google Sheet Data Static MMSR)
FusionSolar;NE=53771627;PLTS Mall Panakkukang;;;3;10;19;0.0;1.0;True;;;from JOIN String (Google Sheet Data Static MMSR)
FusionSolar;NE=53771627;PLTS Mall Panakkukang;;;3;10;20;20.0;1.0;True;;;from JOIN String (Google Sheet Data Static MMSR)
FusionSolar;NE=53771627;PLTS Mall Panakkukang;;;4;1;1;16.0;5.0;True;;;from JOIN String (Google Sheet Data Static MMSR)
FusionSolar;NE=53771627;PLTS Mall Panakkukang;;;4;1;2;16.0;5.0;True;;;from JOIN String (Google Sheet Data Static MMSR)
FusionSolar;NE=53771627;PLTS Mall Panakkukang;;;4;2;3;0.0;1.0;True;;;from JOIN String (Google Sheet Data Static MMSR)
FusionSolar;NE=53771627;PLTS Mall Panakkukang;;;4;2;4;16.0;1.0;True;;;from JOIN String (Google Sheet Data Static MMSR)
FusionSolar;NE=53771627;PLTS Mall Panakkukang;;;4;3;5;16.0;1.0;True;;;from JOIN String (Google Sheet Data Static MMSR)
FusionSolar;NE=53771627;PLTS Mall Panakkukang;;;4;3;6;16.0;1.0;True;;;from JOIN String (Google Sheet Data Static MMSR)
FusionSolar;NE=53771627;PLTS Mall Panakkukang;;;4;4;7;0.0;1.0;True;;;from JOIN String (Google Sheet Data Static MMSR)
FusionSolar;NE=53771627;PLTS Mall Panakkukang;;;4;4;8;16.0;1.0;True;;;from JOIN String (Google Sheet Data Static MMSR)
FusionSolar;NE=53771627;PLTS Mall Panakkukang;;;4;5;9;0.0;1.0;True;;;from JOIN String (Google Sheet Data Static MMSR)
FusionSolar;NE=53771627;PLTS Mall Panakkukang;;;4;5;10;16.0;1.0;True;;;from JOIN String (Google Sheet Data Static MMSR)
FusionSolar;NE=53771627;PLTS Mall Panakkukang;;;4;6;11;0.0;1.0;True;;;from JOIN String (Google Sheet Data Static MMSR)
FusionSolar;NE=53771627;PLTS Mall Panakkukang;;;4;6;12;16.0;1.0;True;;;from JOIN String (Google Sheet Data Static MMSR)
FusionSolar;NE=53771627;PLTS Mall Panakkukang;;;4;7;13;0.0;1.0;True;;;from JOIN String (Google Sheet Data Static MMSR)
FusionSolar;NE=53771627;PLTS Mall Panakkukang;;;4;7;14;16.0;1.0;True;;;from JOIN String (Google Sheet Data Static MMSR)
FusionSolar;NE=53771627;PLTS Mall Panakkukang;;;4;8;15;0.0;1.0;True;;;from JOIN String (Google Sheet Data Static MMSR)
FusionSolar;NE=53771627;PLTS Mall Panakkukang;;;4;8;16;16.0;1.0;True;;;from JOIN String (Google Sheet Data Static MMSR)
FusionSolar;NE=53771627;PLTS Mall Panakkukang;;;4;9;17;0.0;1.0;True;;;from JOIN String (Google Sheet Data Static MMSR)
FusionSolar;NE=53771627;PLTS Mall Panakkukang;;;4;9;18;18.0;1.0;True;;;from JOIN String (Google Sheet Data Static MMSR)
FusionSolar;NE=53771627;PLTS Mall Panakkukang;;;4;10;19;16.0;1.0;True;;;from JOIN String (Google Sheet Data Static MMSR)
FusionSolar;NE=53771627;PLTS Mall Panakkukang;;;4;10;20;16.0;1.0;True;;;from JOIN String (Google Sheet Data Static MMSR)
FusionSolar;NE=53771627;PLTS Mall Panakkukang;;;5;1;1;20.0;1.0;True;;;from JOIN String (Google Sheet Data Static MMSR)
FusionSolar;NE=53771627;PLTS Mall Panakkukang;;;5;1;2;20.0;1.0;True;;;from JOIN String (Google Sheet Data Static MMSR)
FusionSolar;NE=53771627;PLTS Mall Panakkukang;;;5;2;3;0.0;1.0;True;;;from JOIN String (Google Sheet Data Static MMSR)
FusionSolar;NE=53771627;PLTS Mall Panakkukang;;;5;2;4;20.0;1.0;True;;;from JOIN String (Google Sheet Data Static MMSR)
FusionSolar;NE=53771627;PLTS Mall Panakkukang;;;5;3;5;0.0;2.0;True;;;from JOIN String (Google Sheet Data Static MMSR)
FusionSolar;NE=53771627;PLTS Mall Panakkukang;;;5;3;6;20.0;2.0;True;;;from JOIN String (Google Sheet Data Static MMSR)
FusionSolar;NE=53771627;PLTS Mall Panakkukang;;;5;4;7;0.0;2.0;True;;;from JOIN String (Google Sheet Data Static MMSR)
FusionSolar;NE=53771627;PLTS Mall Panakkukang;;;5;4;8;20.0;2.0;True;;;from JOIN String (Google Sheet Data Static MMSR)
FusionSolar;NE=53771627;PLTS Mall Panakkukang;;;5;5;9;0.0;2.0;True;;;from JOIN String (Google Sheet Data Static MMSR)
FusionSolar;NE=53771627;PLTS Mall Panakkukang;;;5;5;10;20.0;2.0;True;;;from JOIN String (Google Sheet Data Static MMSR)
FusionSolar;NE=53771627;PLTS Mall Panakkukang;;;5;6;11;0.0;2.0;True;;;from JOIN String (Google Sheet Data Static MMSR)
FusionSolar;NE=53771627;PLTS Mall Panakkukang;;;5;6;12;20.0;2.0;True;;;from JOIN String (Google Sheet Data Static MMSR)
FusionSolar;NE=53771627;PLTS Mall Panakkukang;;;5;7;13;0.0;2.0;True;;;from JOIN String (Google Sheet Data Static MMSR)
FusionSolar;NE=53771627;PLTS Mall Panakkukang;;;5;7;14;20.0;2.0;True;;;from JOIN String (Google Sheet Data Static MMSR)
FusionSolar;NE=53771627;PLTS Mall Panakkukang;;;5;8;15;0.0;2.0;True;;;from JOIN String (Google Sheet Data Static MMSR)
FusionSolar;NE=53771627;PLTS Mall Panakkukang;;;5;8;16;20.0;2.0;True;;;from JOIN String (Google Sheet Data Static MMSR)
FusionSolar;NE=53771627;PLTS Mall Panakkukang;;;5;9;17;0.0;2.0;True;;;from JOIN String (Google Sheet Data Static MMSR)
FusionSolar;NE=53771627;PLTS Mall Panakkukang;;;5;9;18;20.0;2.0;True;;;from JOIN String (Google Sheet Data Static MMSR)
FusionSolar;NE=53771627;PLTS Mall Panakkukang;;;5;10;19;0.0;2.0;True;;;from JOIN String (Google Sheet Data Static MMSR)
FusionSolar;NE=53771627;PLTS Mall Panakkukang;;;5;10;20;18.0;2.0;True;;;from JOIN String (Google Sheet Data Static MMSR)
FusionSolar;NE=53771627;PLTS Mall Panakkukang;;;6;1;1;16.0;2.0;True;;;from JOIN String (Google Sheet Data Static MMSR)
FusionSolar;NE=53771627;PLTS Mall Panakkukang;;;6;1;2;16.0;2.0;True;;;from JOIN String (Google Sheet Data Static MMSR)
FusionSolar;NE=53771627;PLTS Mall Panakkukang;;;6;2;3;16.0;2.0;True;;;from JOIN String (Google Sheet Data Static MMSR)
FusionSolar;NE=53771627;PLTS Mall Panakkukang;;;6;2;4;16.0;2.0;True;;;from JOIN String (Google Sheet Data Static MMSR)
FusionSolar;NE=53771627;PLTS Mall Panakkukang;;;6;3;5;0.0;2.0;True;;;from JOIN String (Google Sheet Data Static MMSR)
FusionSolar;NE=53771627;PLTS Mall Panakkukang;;;6;3;6;18.0;2.0;True;;;from JOIN String (Google Sheet Data Static MMSR)
FusionSolar;NE=53771627;PLTS Mall Panakkukang;;;6;4;7;0.0;2.0;True;;;from JOIN String (Google Sheet Data Static MMSR)
FusionSolar;NE=53771627;PLTS Mall Panakkukang;;;6;4;8;16.0;2.0;True;;;from JOIN String (Google Sheet Data Static MMSR)
FusionSolar;NE=53771627;PLTS Mall Panakkukang;;;6;5;9;0.0;2.0;True;;;from JOIN String (Google Sheet Data Static MMSR)
FusionSolar;NE=53771627;PLTS Mall Panakkukang;;;6;5;10;16.0;2.0;True;;;from JOIN String (Google Sheet Data Static MMSR)
FusionSolar;NE=53771627;PLTS Mall Panakkukang;;;6;6;11;0.0;2.0;True;;;from JOIN String (Google Sheet Data Static MMSR)
FusionSolar;NE=53771627;PLTS Mall Panakkukang;;;6;6;12;16.0;2.0;True;;;from JOIN String (Google Sheet Data Static MMSR)
FusionSolar;NE=53771627;PLTS Mall Panakkukang;;;6;7;13;0.0;2.0;True;;;from JOIN String (Google Sheet Data Static MMSR)
FusionSolar;NE=53771627;PLTS Mall Panakkukang;;;6;7;14;16.0;2.0;True;;;from JOIN String (Google Sheet Data Static MMSR)
FusionSolar;NE=53771627;PLTS Mall Panakkukang;;;6;8;15;0.0;2.0;True;;;from JOIN String (Google Sheet Data Static MMSR)
FusionSolar;NE=53771627;PLTS Mall Panakkukang;;;6;8;16;18.0;2.0;True;;;from JOIN String (Google Sheet Data Static MMSR)
FusionSolar;NE=53771627;PLTS Mall Panakkukang;;;6;9;17;0.0;2.0;True;;;from JOIN String (Google Sheet Data Static MMSR)
FusionSolar;NE=53771627;PLTS Mall Panakkukang;;;6;9;18;16.0;2.0;True;;;from JOIN String (Google Sheet Data Static MMSR)
FusionSolar;NE=53771627;PLTS Mall Panakkukang;;;6;10;19;16.0;2.0;True;;;from JOIN String (Google Sheet Data Static MMSR)
FusionSolar;NE=53771627;PLTS Mall Panakkukang;;;6;10;20;16.0;2.0;True;;;from JOIN String (Google Sheet Data Static MMSR)
FusionSolar;NE=53771627;PLTS Mall Panakkukang;;;7;1;1;18.0;2.0;True;;;from JOIN String (Google Sheet Data Static MMSR)
FusionSolar;NE=53771627;PLTS Mall Panakkukang;;;7;1;2;18.0;2.0;True;;;from JOIN String (Google Sheet Data Static MMSR)
FusionSolar;NE=53771627;PLTS Mall Panakkukang;;;7;2;3;0.0;2.0;True;;;from JOIN String (Google Sheet Data Static MMSR)
FusionSolar;NE=53771627;PLTS Mall Panakkukang;;;7;2;4;18.0;2.0;True;;;from JOIN String (Google Sheet Data Static MMSR)
FusionSolar;NE=53771627;PLTS Mall Panakkukang;;;7;3;5;0.0;2.0;True;;;from JOIN String (Google Sheet Data Static MMSR)
FusionSolar;NE=53771627;PLTS Mall Panakkukang;;;7;3;6;18.0;2.0;True;;;from JOIN String (Google Sheet Data Static MMSR)
FusionSolar;NE=53771627;PLTS Mall Panakkukang;;;7;4;7;0.0;2.0;True;;;from JOIN String (Google Sheet Data Static MMSR)
FusionSolar;NE=53771627;PLTS Mall Panakkukang;;;7;4;8;18.0;2.0;True;;;from JOIN String (Google Sheet Data Static MMSR)
FusionSolar;NE=53771627;PLTS Mall Panakkukang;;;7;5;9;0.0;2.0;True;;;from JOIN String (Google Sheet Data Static MMSR)
FusionSolar;NE=53771627;PLTS Mall Panakkukang;;;7;5;10;18.0;9.0;True;;;from JOIN String (Google Sheet Data Static MMSR)
FusionSolar;NE=53771627;PLTS Mall Panakkukang;;;7;6;11;0.0;9.0;True;;;from JOIN String (Google Sheet Data Static MMSR)
FusionSolar;NE=53771627;PLTS Mall Panakkukang;;;7;6;12;20.0;9.0;True;;;from JOIN String (Google Sheet Data Static MMSR)
FusionSolar;NE=53771627;PLTS Mall Panakkukang;;;7;7;13;0.0;9.0;True;;;from JOIN String (Google Sheet Data Static MMSR)
FusionSolar;NE=53771627;PLTS Mall Panakkukang;;;7;7;14;20.0;9.0;True;;;from JOIN String (Google Sheet Data Static MMSR)
FusionSolar;NE=53771627;PLTS Mall Panakkukang;;;7;8;15;0.0;9.0;True;;;from JOIN String (Google Sheet Data Static MMSR)
FusionSolar;NE=53771627;PLTS Mall Panakkukang;;;7;8;16;20.0;9.0;True;;;from JOIN String (Google Sheet Data Static MMSR)
FusionSolar;NE=53771627;PLTS Mall Panakkukang;;;7;9;17;0.0;9.0;True;;;from JOIN String (Google Sheet Data Static MMSR)
FusionSolar;NE=53771627;PLTS Mall Panakkukang;;;7;9;18;20.0;9.0;True;;;from JOIN String (Google Sheet Data Static MMSR)
FusionSolar;NE=53771627;PLTS Mall Panakkukang;;;7;10;19;0.0;9.0;True;;;from JOIN String (Google Sheet Data Static MMSR)
FusionSolar;NE=53771627;PLTS Mall Panakkukang;;;7;10;20;20.0;9.0;True;;;from JOIN String (Google Sheet Data Static MMSR)
FusionSolar;NE=53771627;PLTS Mall Panakkukang;;;8;1;1;20.0;8.0;True;;;from JOIN String (Google Sheet Data Static MMSR)
FusionSolar;NE=53771627;PLTS Mall Panakkukang;;;8;1;2;20.0;8.0;True;;;from JOIN String (Google Sheet Data Static MMSR)
FusionSolar;NE=53771627;PLTS Mall Panakkukang;;;8;2;3;0.0;8.0;True;;;from JOIN String (Google Sheet Data Static MMSR)
FusionSolar;NE=53771627;PLTS Mall Panakkukang;;;8;2;4;20.0;8.0;True;;;from JOIN String (Google Sheet Data Static MMSR)
FusionSolar;NE=53771627;PLTS Mall Panakkukang;;;8;3;5;0.0;8.0;True;;;from JOIN String (Google Sheet Data Static MMSR)
FusionSolar;NE=53771627;PLTS Mall Panakkukang;;;8;3;6;20.0;8.0;True;;;from JOIN String (Google Sheet Data Static MMSR)
FusionSolar;NE=53771627;PLTS Mall Panakkukang;;;8;4;7;0.0;8.0;True;;;from JOIN String (Google Sheet Data Static MMSR)
FusionSolar;NE=53771627;PLTS Mall Panakkukang;;;8;4;8;20.0;8.0;True;;;from JOIN String (Google Sheet Data Static MMSR)
FusionSolar;NE=53771627;PLTS Mall Panakkukang;;;8;5;9;0.0;8.0;True;;;from JOIN String (Google Sheet Data Static MMSR)
FusionSolar;NE=53771627;PLTS Mall Panakkukang;;;8;5;10;20.0;8.0;True;;;from JOIN String (Google Sheet Data Static MMSR)
FusionSolar;NE=53771627;PLTS Mall Panakkukang;;;8;6;11;0.0;8.0;True;;;from JOIN String (Google Sheet Data Static MMSR)
FusionSolar;NE=53771627;PLTS Mall Panakkukang;;;8;6;12;20.0;8.0;True;;;from JOIN String (Google Sheet Data Static MMSR)
FusionSolar;NE=53771627;PLTS Mall Panakkukang;;;8;7;13;0.0;8.0;True;;;from JOIN String (Google Sheet Data Static MMSR)
FusionSolar;NE=53771627;PLTS Mall Panakkukang;;;8;7;14;20.0;8.0;True;;;from JOIN String (Google Sheet Data Static MMSR)
FusionSolar;NE=53771627;PLTS Mall Panakkukang;;;8;8;15;0.0;8.0;True;;;from JOIN String (Google Sheet Data Static MMSR)
FusionSolar;NE=53771627;PLTS Mall Panakkukang;;;8;8;16;18.0;8.0;True;;;from JOIN String (Google Sheet Data Static MMSR)
FusionSolar;NE=53771627;PLTS Mall Panakkukang;;;8;9;17;0.0;8.0;True;;;from JOIN String (Google Sheet Data Static MMSR)
FusionSolar;NE=53771627;PLTS Mall Panakkukang;;;8;9;18;18.0;8.0;True;;;from JOIN String (Google Sheet Data Static MMSR)
FusionSolar;NE=53771627;PLTS Mall Panakkukang;;;8;10;19;0.0;8.0;True;;;from JOIN String (Google Sheet Data Static MMSR)
FusionSolar;NE=53771627;PLTS Mall Panakkukang;;;8;10;20;18.0;8.0;True;;;from JOIN String (Google Sheet Data Static MMSR)
FusionSolar;NE=53771627;PLTS Mall Panakkukang;;;9;1;1;18.0;8.0;True;;;from JOIN String (Google Sheet Data Static MMSR)
FusionSolar;NE=53771627;PLTS Mall Panakkukang;;;9;1;2;18.0;8.0;True;;;from JOIN String (Google Sheet Data Static MMSR)
FusionSolar;NE=53771627;PLTS Mall Panakkukang;;;9;2;3;0.0;8.0;True;;;from JOIN String (Google Sheet Data Static MMSR)
FusionSolar;NE=53771627;PLTS Mall Panakkukang;;;9;2;4;18.0;8.0;True;;;from JOIN String (Google Sheet Data Static MMSR)
FusionSolar;NE=53771627;PLTS Mall Panakkukang;;;9;3;5;0.0;8.0;True;;;from JOIN String (Google Sheet Data Static MMSR)
FusionSolar;NE=53771627;PLTS Mall Panakkukang;;;9;3;6;18.0;8.0;True;;;from JOIN String (Google Sheet Data Static MMSR)
FusionSolar;NE=53771627;PLTS Mall Panakkukang;;;9;4;7;0.0;8.0;True;;;from JOIN String (Google Sheet Data Static MMSR)
FusionSolar;NE=53771627;PLTS Mall Panakkukang;;;9;4;8;18.0;8.0;True;;;from JOIN String (Google Sheet Data Static MMSR)
FusionSolar;NE=53771627;PLTS Mall Panakkukang;;;9;5;9;0.0;7.0;True;;;from JOIN String (Google Sheet Data Static MMSR)
FusionSolar;NE=53771627;PLTS Mall Panakkukang;;;9;5;10;18.0;7.0;True;;;from JOIN String (Google Sheet Data Static MMSR)
FusionSolar;NE=53771627;PLTS Mall Panakkukang;;;9;6;11;0.0;7.0;True;;;from JOIN String (Google Sheet Data Static MMSR)
FusionSolar;NE=53771627;PLTS Mall Panakkukang;;;9;6;12;18.0;7.0;True;;;from JOIN String (Google Sheet Data Static MMSR)
FusionSolar;NE=53771627;PLTS Mall Panakkukang;;;9;7;13;0.0;7.0;True;;;from JOIN String (Google Sheet Data Static MMSR)
FusionSolar;NE=53771627;PLTS Mall Panakkukang;;;9;7;14;18.0;7.0;True;;;from JOIN String (Google Sheet Data Static MMSR)
FusionSolar;NE=53771627;PLTS Mall Panakkukang;;;9;8;15;0.0;7.0;True;;;from JOIN String (Google Sheet Data Static MMSR)
FusionSolar;NE=53771627;PLTS Mall Panakkukang;;;9;8;16;18.0;7.0;True;;;from JOIN String (Google Sheet Data Static MMSR)
FusionSolar;NE=53771627;PLTS Mall Panakkukang;;;9;9;17;0.0;7.0;True;;;from JOIN String (Google Sheet Data Static MMSR)
FusionSolar;NE=53771627;PLTS Mall Panakkukang;;;9;9;18;18.0;7.0;True;;;from JOIN String (Google Sheet Data Static MMSR)
FusionSolar;NE=53771627;PLTS Mall Panakkukang;;;9;10;19;18.0;7.0;True;;;from JOIN String (Google Sheet Data Static MMSR)
FusionSolar;NE=53771627;PLTS Mall Panakkukang;;;9;10;20;18.0;7.0;True;;;from JOIN String (Google Sheet Data Static MMSR)
FusionSolar;NE=53771627;PLTS Mall Panakkukang;;;10;1;1;18.0;7.0;True;;;from JOIN String (Google Sheet Data Static MMSR)
FusionSolar;NE=53771627;PLTS Mall Panakkukang;;;10;1;2;18.0;7.0;True;;;from JOIN String (Google Sheet Data Static MMSR)
FusionSolar;NE=53771627;PLTS Mall Panakkukang;;;10;2;3;0.0;7.0;True;;;from JOIN String (Google Sheet Data Static MMSR)
FusionSolar;NE=53771627;PLTS Mall Panakkukang;;;10;2;4;16.0;7.0;True;;;from JOIN String (Google Sheet Data Static MMSR)
FusionSolar;NE=53771627;PLTS Mall Panakkukang;;;10;3;5;0.0;7.0;True;;;from JOIN String (Google Sheet Data Static MMSR)
FusionSolar;NE=53771627;PLTS Mall Panakkukang;;;10;3;6;16.0;7.0;True;;;from JOIN String (Google Sheet Data Static MMSR)
FusionSolar;NE=53771627;PLTS Mall Panakkukang;;;10;4;7;0.0;7.0;True;;;from JOIN String (Google Sheet Data Static MMSR)
FusionSolar;NE=53771627;PLTS Mall Panakkukang;;;10;4;8;16.0;7.0;True;;;from JOIN String (Google Sheet Data Static MMSR)
FusionSolar;NE=53771627;PLTS Mall Panakkukang;;;10;5;9;0.0;7.0;True;;;from JOIN String (Google Sheet Data Static MMSR)
FusionSolar;NE=53771627;PLTS Mall Panakkukang;;;10;5;10;18.0;7.0;True;;;from JOIN String (Google Sheet Data Static MMSR)
FusionSolar;NE=53771627;PLTS Mall Panakkukang;;;10;6;11;0.0;7.0;True;;;from JOIN String (Google Sheet Data Static MMSR)
FusionSolar;NE=53771627;PLTS Mall Panakkukang;;;10;6;12;18.0;7.0;True;;;from JOIN String (Google Sheet Data Static MMSR)
FusionSolar;NE=53771627;PLTS Mall Panakkukang;;;10;7;13;0.0;7.0;True;;;from JOIN String (Google Sheet Data Static MMSR)
FusionSolar;NE=53771627;PLTS Mall Panakkukang;;;10;7;14;18.0;7.0;True;;;from JOIN String (Google Sheet Data Static MMSR)
FusionSolar;NE=53771627;PLTS Mall Panakkukang;;;10;8;15;0.0;7.0;True;;;from JOIN String (Google Sheet Data Static MMSR)
FusionSolar;NE=53771627;PLTS Mall Panakkukang;;;10;8;16;18.0;7.0;True;;;from JOIN String (Google Sheet Data Static MMSR)
FusionSolar;NE=53771627;PLTS Mall Panakkukang;;;10;9;17;0.0;7.0;True;;;from JOIN String (Google Sheet Data Static MMSR)
FusionSolar;NE=53771627;PLTS Mall Panakkukang;;;10;9;18;18.0;7.0;True;;;from JOIN String (Google Sheet Data Static MMSR)
FusionSolar;NE=53771627;PLTS Mall Panakkukang;;;10;10;19;0.0;7.0;True;;;from JOIN String (Google Sheet Data Static MMSR)
FusionSolar;NE=53771627;PLTS Mall Panakkukang;;;10;10;20;18.0;7.0;True;;;from JOIN String (Google Sheet Data Static MMSR)
FusionSolar;NE=62806354;PLTS ONGRID PT SUPARMA TBK;;;1;1;1;20.0;3.0;True;;;from JOIN String (Google Sheet Data Static MMSR)
FusionSolar;NE=62806354;PLTS ONGRID PT SUPARMA TBK;;;1;1;2;20.0;3.0;True;;;from JOIN String (Google Sheet Data Static MMSR)
FusionSolar;NE=62806354;PLTS ONGRID PT SUPARMA TBK;;;1;1;3;20.0;3.0;True;;;from JOIN String (Google Sheet Data Static MMSR)
FusionSolar;NE=62806354;PLTS ONGRID PT SUPARMA TBK;;;1;2;4;19.0;3.0;True;;;from JOIN String (Google Sheet Data Static MMSR)
FusionSolar;NE=62806354;PLTS ONGRID PT SUPARMA TBK;;;1;2;5;0.0;;True;;;from JOIN String (Google Sheet Data Static MMSR)
FusionSolar;NE=62806354;PLTS ONGRID PT SUPARMA TBK;;;1;2;6;19.0;3.0;True;;;from JOIN String (Google Sheet Data Static MMSR)
FusionSolar;NE=62806354;PLTS ONGRID PT SUPARMA TBK;;;1;3;7;0.0;;True;;;from JOIN String (Google Sheet Data Static MMSR)
FusionSolar;NE=62806354;PLTS ONGRID PT SUPARMA TBK;;;1;3;8;19.0;3.0;True;;;from JOIN String (Google Sheet Data Static MMSR)
FusionSolar;NE=62806354;PLTS ONGRID PT SUPARMA TBK;;;1;3;9;19.0;3.0;True;;;from JOIN String (Google Sheet Data Static MMSR)
FusionSolar;NE=62806354;PLTS ONGRID PT SUPARMA TBK;;;1;4;10;19.0;3.0;True;;;from JOIN String (Google Sheet Data Static MMSR)
FusionSolar;NE=62806354;PLTS ONGRID PT SUPARMA TBK;;;1;4;11;0.0;;True;;;from JOIN String (Google Sheet Data Static MMSR)
FusionSolar;NE=62806354;PLTS ONGRID PT SUPARMA TBK;;;1;4;12;19.0;3.0;True;;;from JOIN String (Google Sheet Data Static MMSR)
FusionSolar;NE=62806354;PLTS ONGRID PT SUPARMA TBK;;;1;5;13;19.0;3.0;True;;;from JOIN String (Google Sheet Data Static MMSR)
FusionSolar;NE=62806354;PLTS ONGRID PT SUPARMA TBK;;;1;5;14;0.0;;True;;;from JOIN String (Google Sheet Data Static MMSR)
FusionSolar;NE=62806354;PLTS ONGRID PT SUPARMA TBK;;;1;5;15;19.0;3.0;True;;;from JOIN String (Google Sheet Data Static MMSR)
FusionSolar;NE=62806354;PLTS ONGRID PT SUPARMA TBK;;;1;6;16;18.0;3.0;True;;;from JOIN String (Google Sheet Data Static MMSR)
FusionSolar;NE=62806354;PLTS ONGRID PT SUPARMA TBK;;;1;6;17;0.0;;True;;;from JOIN String (Google Sheet Data Static MMSR)
FusionSolar;NE=62806354;PLTS ONGRID PT SUPARMA TBK;;;1;6;18;18.0;3.0;True;;;from JOIN String (Google Sheet Data Static MMSR)
FusionSolar;NE=62806354;PLTS ONGRID PT SUPARMA TBK;;;1;7;19;18.0;3.0;True;;;from JOIN String (Google Sheet Data Static MMSR)
FusionSolar;NE=62806354;PLTS ONGRID PT SUPARMA TBK;;;1;7;20;18.0;3.0;True;;;from JOIN String (Google Sheet Data Static MMSR)
FusionSolar;NE=62806354;PLTS ONGRID PT SUPARMA TBK;;;1;7;21;18.0;3.0;True;;;from JOIN String (Google Sheet Data Static MMSR)
FusionSolar;NE=62806354;PLTS ONGRID PT SUPARMA TBK;;;2;1;1;18.0;3.0;True;;;from JOIN String (Google Sheet Data Static MMSR)
FusionSolar;NE=62806354;PLTS ONGRID PT SUPARMA TBK;;;2;1;2;18.0;3.0;True;;;from JOIN String (Google Sheet Data Static MMSR)
FusionSolar;NE=62806354;PLTS ONGRID PT SUPARMA TBK;;;2;1;3;18.0;3.0;True;;;from JOIN String (Google Sheet Data Static MMSR)
FusionSolar;NE=62806354;PLTS ONGRID PT SUPARMA TBK;;;2;2;4;20.0;3.0;True;;;from JOIN String (Google Sheet Data Static MMSR)
FusionSolar;NE=62806354;PLTS ONGRID PT SUPARMA TBK;;;2;2;5;0.0;;True;;;from JOIN String (Google Sheet Data Static MMSR)
FusionSolar;NE=62806354;PLTS ONGRID PT SUPARMA TBK;;;2;2;6;20.0;3.0;True;;;from JOIN String (Google Sheet Data Static MMSR)
FusionSolar;NE=62806354;PLTS ONGRID PT SUPARMA TBK;;;2;3;7;0.0;;True;;;from JOIN String (Google Sheet Data Static MMSR)
FusionSolar;NE=62806354;PLTS ONGRID PT SUPARMA TBK;;;2;3;8;20.0;3.0;True;;;from JOIN String (Google Sheet Data Static MMSR)
FusionSolar;NE=62806354;PLTS ONGRID PT SUPARMA TBK;;;2;3;9;20.0;3.0;True;;;from JOIN String (Google Sheet Data Static MMSR)
FusionSolar;NE=62806354;PLTS ONGRID PT SUPARMA TBK;;;2;4;10;20.0;3.0;True;;;from JOIN String (Google Sheet Data Static MMSR)
FusionSolar;NE=62806354;PLTS ONGRID PT SUPARMA TBK;;;2;4;11;0.0;;True;;;from JOIN String (Google Sheet Data Static MMSR)
FusionSolar;NE=62806354;PLTS ONGRID PT SUPARMA TBK;;;2;4;12;20.0;3.0;True;;;from JOIN String (Google Sheet Data Static MMSR)
FusionSolar;NE=62806354;PLTS ONGRID PT SUPARMA TBK;;;2;5;13;20.0;3.0;True;;;from JOIN String (Google Sheet Data Static MMSR)
FusionSolar;NE=62806354;PLTS ONGRID PT SUPARMA TBK;;;2;5;14;0.0;;True;;;from JOIN String (Google Sheet Data Static MMSR)
FusionSolar;NE=62806354;PLTS ONGRID PT SUPARMA TBK;;;2;5;15;20.0;3.0;True;;;from JOIN String (Google Sheet Data Static MMSR)
FusionSolar;NE=62806354;PLTS ONGRID PT SUPARMA TBK;;;2;6;16;20.0;3.0;True;;;from JOIN String (Google Sheet Data Static MMSR)
FusionSolar;NE=62806354;PLTS ONGRID PT SUPARMA TBK;;;2;6;17;0.0;;True;;;from JOIN String (Google Sheet Data Static MMSR)
FusionSolar;NE=62806354;PLTS ONGRID PT SUPARMA TBK;;;2;6;18;20.0;3.0;True;;;from JOIN String (Google Sheet Data Static MMSR)
FusionSolar;NE=62806354;PLTS ONGRID PT SUPARMA TBK;;;2;7;19;20.0;3.0;True;;;from JOIN String (Google Sheet Data Static MMSR)
FusionSolar;NE=62806354;PLTS ONGRID PT SUPARMA TBK;;;2;7;20;20.0;3.0;True;;;from JOIN String (Google Sheet Data Static MMSR)
FusionSolar;NE=62806354;PLTS ONGRID PT SUPARMA TBK;;;2;7;21;20.0;3.0;True;;;from JOIN String (Google Sheet Data Static MMSR)
FusionSolar;NE=62806354;PLTS ONGRID PT SUPARMA TBK;;;3;1;1;20.0;3.0;True;;;from JOIN String (Google Sheet Data Static MMSR)
FusionSolar;NE=62806354;PLTS ONGRID PT SUPARMA TBK;;;3;1;2;20.0;3.0;True;;;from JOIN String (Google Sheet Data Static MMSR)
FusionSolar;NE=62806354;PLTS ONGRID PT SUPARMA TBK;;;3;1;3;20.0;3.0;True;;;from JOIN String (Google Sheet Data Static MMSR)
FusionSolar;NE=62806354;PLTS ONGRID PT SUPARMA TBK;;;3;2;4;20.0;3.0;True;;;from JOIN String (Google Sheet Data Static MMSR)
FusionSolar;NE=62806354;PLTS ONGRID PT SUPARMA TBK;;;3;2;5;0.0;;True;;;from JOIN String (Google Sheet Data Static MMSR)
FusionSolar;NE=62806354;PLTS ONGRID PT SUPARMA TBK;;;3;2;6;20.0;3.0;True;;;from JOIN String (Google Sheet Data Static MMSR)
FusionSolar;NE=62806354;PLTS ONGRID PT SUPARMA TBK;;;3;3;7;0.0;;True;;;from JOIN String (Google Sheet Data Static MMSR)
FusionSolar;NE=62806354;PLTS ONGRID PT SUPARMA TBK;;;3;3;8;20.0;3.0;True;;;from JOIN String (Google Sheet Data Static MMSR)
FusionSolar;NE=62806354;PLTS ONGRID PT SUPARMA TBK;;;3;3;9;20.0;3.0;True;;;from JOIN String (Google Sheet Data Static MMSR)
FusionSolar;NE=62806354;PLTS ONGRID PT SUPARMA TBK;;;3;4;10;20.0;3.0;True;;;from JOIN String (Google Sheet Data Static MMSR)
FusionSolar;NE=62806354;PLTS ONGRID PT SUPARMA TBK;;;3;4;11;0.0;;True;;;from JOIN String (Google Sheet Data Static MMSR)
FusionSolar;NE=62806354;PLTS ONGRID PT SUPARMA TBK;;;3;4;12;20.0;3.0;True;;;from JOIN String (Google Sheet Data Static MMSR)
FusionSolar;NE=62806354;PLTS ONGRID PT SUPARMA TBK;;;3;5;13;19.0;1.0;True;;;from JOIN String (Google Sheet Data Static MMSR)
FusionSolar;NE=62806354;PLTS ONGRID PT SUPARMA TBK;;;3;5;14;0.0;;True;;;from JOIN String (Google Sheet Data Static MMSR)
FusionSolar;NE=62806354;PLTS ONGRID PT SUPARMA TBK;;;3;5;15;19.0;1.0;True;;;from JOIN String (Google Sheet Data Static MMSR)
FusionSolar;NE=62806354;PLTS ONGRID PT SUPARMA TBK;;;3;6;16;19.0;1.0;True;;;from JOIN String (Google Sheet Data Static MMSR)
FusionSolar;NE=62806354;PLTS ONGRID PT SUPARMA TBK;;;3;6;17;0.0;;True;;;from JOIN String (Google Sheet Data Static MMSR)
FusionSolar;NE=62806354;PLTS ONGRID PT SUPARMA TBK;;;3;6;18;19.0;1.0;True;;;from JOIN String (Google Sheet Data Static MMSR)
FusionSolar;NE=62806354;PLTS ONGRID PT SUPARMA TBK;;;3;7;19;19.0;1.0;True;;;from JOIN String (Google Sheet Data Static MMSR)
FusionSolar;NE=62806354;PLTS ONGRID PT SUPARMA TBK;;;3;7;20;19.0;1.0;True;;;from JOIN String (Google Sheet Data Static MMSR)
FusionSolar;NE=62806354;PLTS ONGRID PT SUPARMA TBK;;;3;7;21;19.0;1.0;True;;;from JOIN String (Google Sheet Data Static MMSR)
FusionSolar;NE=62806354;PLTS ONGRID PT SUPARMA TBK;;;4;1;1;20.0;1.0;True;;;from JOIN String (Google Sheet Data Static MMSR)
FusionSolar;NE=62806354;PLTS ONGRID PT SUPARMA TBK;;;4;1;2;20.0;1.0;True;;;from JOIN String (Google Sheet Data Static MMSR)
FusionSolar;NE=62806354;PLTS ONGRID PT SUPARMA TBK;;;4;1;3;20.0;1.0;True;;;from JOIN String (Google Sheet Data Static MMSR)
FusionSolar;NE=62806354;PLTS ONGRID PT SUPARMA TBK;;;4;2;4;18.0;1.0;True;;;from JOIN String (Google Sheet Data Static MMSR)
FusionSolar;NE=62806354;PLTS ONGRID PT SUPARMA TBK;;;4;2;5;0.0;;True;;;from JOIN String (Google Sheet Data Static MMSR)
FusionSolar;NE=62806354;PLTS ONGRID PT SUPARMA TBK;;;4;2;6;18.0;1.0;True;;;from JOIN String (Google Sheet Data Static MMSR)
FusionSolar;NE=62806354;PLTS ONGRID PT SUPARMA TBK;;;4;3;7;0.0;;True;;;from JOIN String (Google Sheet Data Static MMSR)
FusionSolar;NE=62806354;PLTS ONGRID PT SUPARMA TBK;;;4;3;8;18.0;1.0;True;;;from JOIN String (Google Sheet Data Static MMSR)
FusionSolar;NE=62806354;PLTS ONGRID PT SUPARMA TBK;;;4;3;9;18.0;1.0;True;;;from JOIN String (Google Sheet Data Static MMSR)
FusionSolar;NE=62806354;PLTS ONGRID PT SUPARMA TBK;;;4;4;10;18.0;1.0;True;;;from JOIN String (Google Sheet Data Static MMSR)
FusionSolar;NE=62806354;PLTS ONGRID PT SUPARMA TBK;;;4;4;11;0.0;;True;;;from JOIN String (Google Sheet Data Static MMSR)
FusionSolar;NE=62806354;PLTS ONGRID PT SUPARMA TBK;;;4;4;12;18.0;1.0;True;;;from JOIN String (Google Sheet Data Static MMSR)
FusionSolar;NE=62806354;PLTS ONGRID PT SUPARMA TBK;;;4;5;13;18.0;1.0;True;;;from JOIN String (Google Sheet Data Static MMSR)
FusionSolar;NE=62806354;PLTS ONGRID PT SUPARMA TBK;;;4;5;14;0.0;;True;;;from JOIN String (Google Sheet Data Static MMSR)
FusionSolar;NE=62806354;PLTS ONGRID PT SUPARMA TBK;;;4;5;15;18.0;1.0;True;;;from JOIN String (Google Sheet Data Static MMSR)
FusionSolar;NE=62806354;PLTS ONGRID PT SUPARMA TBK;;;4;6;16;20.0;1.0;True;;;from JOIN String (Google Sheet Data Static MMSR)
FusionSolar;NE=62806354;PLTS ONGRID PT SUPARMA TBK;;;4;6;17;0.0;;True;;;from JOIN String (Google Sheet Data Static MMSR)
FusionSolar;NE=62806354;PLTS ONGRID PT SUPARMA TBK;;;4;6;18;20.0;1.0;True;;;from JOIN String (Google Sheet Data Static MMSR)
FusionSolar;NE=62806354;PLTS ONGRID PT SUPARMA TBK;;;4;7;19;19.0;1.0;True;;;from JOIN String (Google Sheet Data Static MMSR)
FusionSolar;NE=62806354;PLTS ONGRID PT SUPARMA TBK;;;4;7;20;0.0;;True;;;from JOIN String (Google Sheet Data Static MMSR)
FusionSolar;NE=62806354;PLTS ONGRID PT SUPARMA TBK;;;4;7;21;19.0;1.0;True;;;from JOIN String (Google Sheet Data Static MMSR)
FusionSolar;NE=62806354;PLTS ONGRID PT SUPARMA TBK;;;5;1;1;20.0;1.0;True;;;from JOIN String (Google Sheet Data Static MMSR)
FusionSolar;NE=62806354;PLTS ONGRID PT SUPARMA TBK;;;5;1;2;20.0;1.0;True;;;from JOIN String (Google Sheet Data Static MMSR)
FusionSolar;NE=62806354;PLTS ONGRID PT SUPARMA TBK;;;5;1;3;20.0;1.0;True;;;from JOIN String (Google Sheet Data Static MMSR)
FusionSolar;NE=62806354;PLTS ONGRID PT SUPARMA TBK;;;5;2;4;20.0;1.0;True;;;from JOIN String (Google Sheet Data Static MMSR)
FusionSolar;NE=62806354;PLTS ONGRID PT SUPARMA TBK;;;5;2;5;0.0;;True;;;from JOIN String (Google Sheet Data Static MMSR)
FusionSolar;NE=62806354;PLTS ONGRID PT SUPARMA TBK;;;5;2;6;20.0;1.0;True;;;from JOIN String (Google Sheet Data Static MMSR)
FusionSolar;NE=62806354;PLTS ONGRID PT SUPARMA TBK;;;5;3;7;0.0;;True;;;from JOIN String (Google Sheet Data Static MMSR)
FusionSolar;NE=62806354;PLTS ONGRID PT SUPARMA TBK;;;5;3;8;20.0;1.0;True;;;from JOIN String (Google Sheet Data Static MMSR)
FusionSolar;NE=62806354;PLTS ONGRID PT SUPARMA TBK;;;5;3;9;20.0;1.0;True;;;from JOIN String (Google Sheet Data Static MMSR)
FusionSolar;NE=62806354;PLTS ONGRID PT SUPARMA TBK;;;5;4;10;20.0;1.0;True;;;from JOIN String (Google Sheet Data Static MMSR)
FusionSolar;NE=62806354;PLTS ONGRID PT SUPARMA TBK;;;5;4;11;0.0;;True;;;from JOIN String (Google Sheet Data Static MMSR)
FusionSolar;NE=62806354;PLTS ONGRID PT SUPARMA TBK;;;5;4;12;20.0;1.0;True;;;from JOIN String (Google Sheet Data Static MMSR)
FusionSolar;NE=62806354;PLTS ONGRID PT SUPARMA TBK;;;5;5;13;20.0;1.0;True;;;from JOIN String (Google Sheet Data Static MMSR)
FusionSolar;NE=62806354;PLTS ONGRID PT SUPARMA TBK;;;5;5;14;0.0;;True;;;from JOIN String (Google Sheet Data Static MMSR)
FusionSolar;NE=62806354;PLTS ONGRID PT SUPARMA TBK;;;5;5;15;20.0;1.0;True;;;from JOIN String (Google Sheet Data Static MMSR)
FusionSolar;NE=62806354;PLTS ONGRID PT SUPARMA TBK;;;5;6;16;20.0;1.0;True;;;from JOIN String (Google Sheet Data Static MMSR)
FusionSolar;NE=62806354;PLTS ONGRID PT SUPARMA TBK;;;5;6;17;0.0;;True;;;from JOIN String (Google Sheet Data Static MMSR)
FusionSolar;NE=62806354;PLTS ONGRID PT SUPARMA TBK;;;5;6;18;20.0;1.0;True;;;from JOIN String (Google Sheet Data Static MMSR)
FusionSolar;NE=62806354;PLTS ONGRID PT SUPARMA TBK;;;5;7;19;20.0;1.0;True;;;from JOIN String (Google Sheet Data Static MMSR)
FusionSolar;NE=62806354;PLTS ONGRID PT SUPARMA TBK;;;5;7;20;0.0;;True;;;from JOIN String (Google Sheet Data Static MMSR)
FusionSolar;NE=62806354;PLTS ONGRID PT SUPARMA TBK;;;5;7;21;20.0;1.0;True;;;from JOIN String (Google Sheet Data Static MMSR)
FusionSolar;NE=62806354;PLTS ONGRID PT SUPARMA TBK;;;6;1;1;20.0;4.0;True;;;from JOIN String (Google Sheet Data Static MMSR)
FusionSolar;NE=62806354;PLTS ONGRID PT SUPARMA TBK;;;6;1;2;20.0;4.0;True;;;from JOIN String (Google Sheet Data Static MMSR)
FusionSolar;NE=62806354;PLTS ONGRID PT SUPARMA TBK;;;6;1;3;20.0;4.0;True;;;from JOIN String (Google Sheet Data Static MMSR)
FusionSolar;NE=62806354;PLTS ONGRID PT SUPARMA TBK;;;6;2;4;20.0;1.0;True;;;from JOIN String (Google Sheet Data Static MMSR)
FusionSolar;NE=62806354;PLTS ONGRID PT SUPARMA TBK;;;6;2;5;0.0;;True;;;from JOIN String (Google Sheet Data Static MMSR)
FusionSolar;NE=62806354;PLTS ONGRID PT SUPARMA TBK;;;6;2;6;20.0;1.0;True;;;from JOIN String (Google Sheet Data Static MMSR)
FusionSolar;NE=62806354;PLTS ONGRID PT SUPARMA TBK;;;6;3;7;0.0;;True;;;from JOIN String (Google Sheet Data Static MMSR)
FusionSolar;NE=62806354;PLTS ONGRID PT SUPARMA TBK;;;6;3;8;20.0;1.0;True;;;from JOIN String (Google Sheet Data Static MMSR)
FusionSolar;NE=62806354;PLTS ONGRID PT SUPARMA TBK;;;6;3;9;20.0;1.0;True;;;from JOIN String (Google Sheet Data Static MMSR)
FusionSolar;NE=62806354;PLTS ONGRID PT SUPARMA TBK;;;6;4;10;18.0;4.0;True;;;from JOIN String (Google Sheet Data Static MMSR)
FusionSolar;NE=62806354;PLTS ONGRID PT SUPARMA TBK;;;6;4;11;0.0;;True;;;from JOIN String (Google Sheet Data Static MMSR)
FusionSolar;NE=62806354;PLTS ONGRID PT SUPARMA TBK;;;6;4;12;18.0;4.0;True;;;from JOIN String (Google Sheet Data Static MMSR)
FusionSolar;NE=62806354;PLTS ONGRID PT SUPARMA TBK;;;6;5;13;18.0;4.0;True;;;from JOIN String (Google Sheet Data Static MMSR)
FusionSolar;NE=62806354;PLTS ONGRID PT SUPARMA TBK;;;6;5;14;0.0;;True;;;from JOIN String (Google Sheet Data Static MMSR)
FusionSolar;NE=62806354;PLTS ONGRID PT SUPARMA TBK;;;6;5;15;18.0;4.0;True;;;from JOIN String (Google Sheet Data Static MMSR)
FusionSolar;NE=62806354;PLTS ONGRID PT SUPARMA TBK;;;6;6;16;18.0;4.0;True;;;from JOIN String (Google Sheet Data Static MMSR)
FusionSolar;NE=62806354;PLTS ONGRID PT SUPARMA TBK;;;6;6;17;0.0;;True;;;from JOIN String (Google Sheet Data Static MMSR)
FusionSolar;NE=62806354;PLTS ONGRID PT SUPARMA TBK;;;6;6;18;18.0;4.0;True;;;from JOIN String (Google Sheet Data Static MMSR)
FusionSolar;NE=62806354;PLTS ONGRID PT SUPARMA TBK;;;6;7;19;19.0;4.0;True;;;from JOIN String (Google Sheet Data Static MMSR)
FusionSolar;NE=62806354;PLTS ONGRID PT SUPARMA TBK;;;6;7;20;0.0;;True;;;from JOIN String (Google Sheet Data Static MMSR)
FusionSolar;NE=62806354;PLTS ONGRID PT SUPARMA TBK;;;6;7;21;19.0;4.0;True;;;from JOIN String (Google Sheet Data Static MMSR)
FusionSolar;NE=62806354;PLTS ONGRID PT SUPARMA TBK;;;7;1;1;20.0;4.0;True;;;from JOIN String (Google Sheet Data Static MMSR)
FusionSolar;NE=62806354;PLTS ONGRID PT SUPARMA TBK;;;7;1;2;20.0;4.0;True;;;from JOIN String (Google Sheet Data Static MMSR)
FusionSolar;NE=62806354;PLTS ONGRID PT SUPARMA TBK;;;7;1;3;20.0;4.0;True;;;from JOIN String (Google Sheet Data Static MMSR)
FusionSolar;NE=62806354;PLTS ONGRID PT SUPARMA TBK;;;7;2;4;18.0;2.0;True;;;from JOIN String (Google Sheet Data Static MMSR)
FusionSolar;NE=62806354;PLTS ONGRID PT SUPARMA TBK;;;7;2;5;0.0;;True;;;from JOIN String (Google Sheet Data Static MMSR)
FusionSolar;NE=62806354;PLTS ONGRID PT SUPARMA TBK;;;7;2;6;18.0;2.0;True;;;from JOIN String (Google Sheet Data Static MMSR)
FusionSolar;NE=62806354;PLTS ONGRID PT SUPARMA TBK;;;7;3;7;0.0;;True;;;from JOIN String (Google Sheet Data Static MMSR)
FusionSolar;NE=62806354;PLTS ONGRID PT SUPARMA TBK;;;7;3;8;18.0;2.0;True;;;from JOIN String (Google Sheet Data Static MMSR)
FusionSolar;NE=62806354;PLTS ONGRID PT SUPARMA TBK;;;7;3;9;18.0;2.0;True;;;from JOIN String (Google Sheet Data Static MMSR)
FusionSolar;NE=62806354;PLTS ONGRID PT SUPARMA TBK;;;7;4;10;20.0;2.0;True;;;from JOIN String (Google Sheet Data Static MMSR)
FusionSolar;NE=62806354;PLTS ONGRID PT SUPARMA TBK;;;7;4;11;0.0;;True;;;from JOIN String (Google Sheet Data Static MMSR)
FusionSolar;NE=62806354;PLTS ONGRID PT SUPARMA TBK;;;7;4;12;20.0;2.0;True;;;from JOIN String (Google Sheet Data Static MMSR)
FusionSolar;NE=62806354;PLTS ONGRID PT SUPARMA TBK;;;7;5;13;19.0;2.0;True;;;from JOIN String (Google Sheet Data Static MMSR)
FusionSolar;NE=62806354;PLTS ONGRID PT SUPARMA TBK;;;7;5;14;0.0;;True;;;from JOIN String (Google Sheet Data Static MMSR)
FusionSolar;NE=62806354;PLTS ONGRID PT SUPARMA TBK;;;7;5;15;19.0;2.0;True;;;from JOIN String (Google Sheet Data Static MMSR)
FusionSolar;NE=62806354;PLTS ONGRID PT SUPARMA TBK;;;7;6;16;20.0;4.0;True;;;from JOIN String (Google Sheet Data Static MMSR)
FusionSolar;NE=62806354;PLTS ONGRID PT SUPARMA TBK;;;7;6;17;0.0;;True;;;from JOIN String (Google Sheet Data Static MMSR)
FusionSolar;NE=62806354;PLTS ONGRID PT SUPARMA TBK;;;7;6;18;20.0;4.0;True;;;from JOIN String (Google Sheet Data Static MMSR)
FusionSolar;NE=62806354;PLTS ONGRID PT SUPARMA TBK;;;7;7;19;18.0;4.0;True;;;from JOIN String (Google Sheet Data Static MMSR)
FusionSolar;NE=62806354;PLTS ONGRID PT SUPARMA TBK;;;7;7;20;18.0;4.0;True;;;from JOIN String (Google Sheet Data Static MMSR)
FusionSolar;NE=62806354;PLTS ONGRID PT SUPARMA TBK;;;7;7;21;18.0;4.0;True;;;from JOIN String (Google Sheet Data Static MMSR)
FusionSolar;NE=62806354;PLTS ONGRID PT SUPARMA TBK;;;8;1;1;20.0;2.0;True;;;from JOIN String (Google Sheet Data Static MMSR)
FusionSolar;NE=62806354;PLTS ONGRID PT SUPARMA TBK;;;8;1;2;20.0;2.0;True;;;from JOIN String (Google Sheet Data Static MMSR)
FusionSolar;NE=62806354;PLTS ONGRID PT SUPARMA TBK;;;8;1;3;20.0;2.0;True;;;from JOIN String (Google Sheet Data Static MMSR)
FusionSolar;NE=62806354;PLTS ONGRID PT SUPARMA TBK;;;8;2;4;20.0;2.0;True;;;from JOIN String (Google Sheet Data Static MMSR)
FusionSolar;NE=62806354;PLTS ONGRID PT SUPARMA TBK;;;8;2;5;0.0;;True;;;from JOIN String (Google Sheet Data Static MMSR)
FusionSolar;NE=62806354;PLTS ONGRID PT SUPARMA TBK;;;8;2;6;20.0;2.0;True;;;from JOIN String (Google Sheet Data Static MMSR)
FusionSolar;NE=62806354;PLTS ONGRID PT SUPARMA TBK;;;8;3;7;0.0;;True;;;from JOIN String (Google Sheet Data Static MMSR)
FusionSolar;NE=62806354;PLTS ONGRID PT SUPARMA TBK;;;8;3;8;18.0;2.0;True;;;from JOIN String (Google Sheet Data Static MMSR)
FusionSolar;NE=62806354;PLTS ONGRID PT SUPARMA TBK;;;8;3;9;18.0;2.0;True;;;from JOIN String (Google Sheet Data Static MMSR)
FusionSolar;NE=62806354;PLTS ONGRID PT SUPARMA TBK;;;8;4;10;18.0;4.0;True;;;from JOIN String (Google Sheet Data Static MMSR)
FusionSolar;NE=62806354;PLTS ONGRID PT SUPARMA TBK;;;8;4;11;0.0;;True;;;from JOIN String (Google Sheet Data Static MMSR)
FusionSolar;NE=62806354;PLTS ONGRID PT SUPARMA TBK;;;8;4;12;18.0;4.0;True;;;from JOIN String (Google Sheet Data Static MMSR)
FusionSolar;NE=62806354;PLTS ONGRID PT SUPARMA TBK;;;8;5;13;18.0;4.0;True;;;from JOIN String (Google Sheet Data Static MMSR)
FusionSolar;NE=62806354;PLTS ONGRID PT SUPARMA TBK;;;8;5;14;0.0;;True;;;from JOIN String (Google Sheet Data Static MMSR)
FusionSolar;NE=62806354;PLTS ONGRID PT SUPARMA TBK;;;8;5;15;18.0;4.0;True;;;from JOIN String (Google Sheet Data Static MMSR)
FusionSolar;NE=62806354;PLTS ONGRID PT SUPARMA TBK;;;8;6;16;20.0;4.0;True;;;from JOIN String (Google Sheet Data Static MMSR)
FusionSolar;NE=62806354;PLTS ONGRID PT SUPARMA TBK;;;8;6;17;0.0;;True;;;from JOIN String (Google Sheet Data Static MMSR)
FusionSolar;NE=62806354;PLTS ONGRID PT SUPARMA TBK;;;8;6;18;20.0;4.0;True;;;from JOIN String (Google Sheet Data Static MMSR)
FusionSolar;NE=62806354;PLTS ONGRID PT SUPARMA TBK;;;8;7;19;19.0;4.0;True;;;from JOIN String (Google Sheet Data Static MMSR)
FusionSolar;NE=62806354;PLTS ONGRID PT SUPARMA TBK;;;8;7;20;19.0;4.0;True;;;from JOIN String (Google Sheet Data Static MMSR)
FusionSolar;NE=62806354;PLTS ONGRID PT SUPARMA TBK;;;8;7;21;19.0;4.0;True;;;from JOIN String (Google Sheet Data Static MMSR)
FusionSolar;NE=62806354;PLTS ONGRID PT SUPARMA TBK;;;9;1;1;20.0;2.0;True;;;from JOIN String (Google Sheet Data Static MMSR)
FusionSolar;NE=62806354;PLTS ONGRID PT SUPARMA TBK;;;9;1;2;20.0;2.0;True;;;from JOIN String (Google Sheet Data Static MMSR)
FusionSolar;NE=62806354;PLTS ONGRID PT SUPARMA TBK;;;9;1;3;20.0;2.0;True;;;from JOIN String (Google Sheet Data Static MMSR)
FusionSolar;NE=62806354;PLTS ONGRID PT SUPARMA TBK;;;9;2;4;18.0;2.0;True;;;from JOIN String (Google Sheet Data Static MMSR)
FusionSolar;NE=62806354;PLTS ONGRID PT SUPARMA TBK;;;9;2;5;0.0;;True;;;from JOIN String (Google Sheet Data Static MMSR)
FusionSolar;NE=62806354;PLTS ONGRID PT SUPARMA TBK;;;9;2;6;18.0;2.0;True;;;from JOIN String (Google Sheet Data Static MMSR)
FusionSolar;NE=62806354;PLTS ONGRID PT SUPARMA TBK;;;9;3;7;0.0;;True;;;from JOIN String (Google Sheet Data Static MMSR)
FusionSolar;NE=62806354;PLTS ONGRID PT SUPARMA TBK;;;9;3;8;18.0;2.0;True;;;from JOIN String (Google Sheet Data Static MMSR)
FusionSolar;NE=62806354;PLTS ONGRID PT SUPARMA TBK;;;9;3;9;18.0;2.0;True;;;from JOIN String (Google Sheet Data Static MMSR)
FusionSolar;NE=62806354;PLTS ONGRID PT SUPARMA TBK;;;9;4;10;18.0;2.0;True;;;from JOIN String (Google Sheet Data Static MMSR)
FusionSolar;NE=62806354;PLTS ONGRID PT SUPARMA TBK;;;9;4;11;0.0;;True;;;from JOIN String (Google Sheet Data Static MMSR)
FusionSolar;NE=62806354;PLTS ONGRID PT SUPARMA TBK;;;9;4;12;18.0;2.0;True;;;from JOIN String (Google Sheet Data Static MMSR)
FusionSolar;NE=62806354;PLTS ONGRID PT SUPARMA TBK;;;9;5;13;18.0;2.0;True;;;from JOIN String (Google Sheet Data Static MMSR)
FusionSolar;NE=62806354;PLTS ONGRID PT SUPARMA TBK;;;9;5;14;0.0;;True;;;from JOIN String (Google Sheet Data Static MMSR)
FusionSolar;NE=62806354;PLTS ONGRID PT SUPARMA TBK;;;9;5;15;18.0;2.0;True;;;from JOIN String (Google Sheet Data Static MMSR)
FusionSolar;NE=62806354;PLTS ONGRID PT SUPARMA TBK;;;9;6;16;18.0;2.0;True;;;from JOIN String (Google Sheet Data Static MMSR)
FusionSolar;NE=62806354;PLTS ONGRID PT SUPARMA TBK;;;9;6;17;0.0;;True;;;from JOIN String (Google Sheet Data Static MMSR)
FusionSolar;NE=62806354;PLTS ONGRID PT SUPARMA TBK;;;9;6;18;18.0;2.0;True;;;from JOIN String (Google Sheet Data Static MMSR)
FusionSolar;NE=62806354;PLTS ONGRID PT SUPARMA TBK;;;9;7;19;19.0;4.0;True;;;from JOIN String (Google Sheet Data Static MMSR)
FusionSolar;NE=62806354;PLTS ONGRID PT SUPARMA TBK;;;9;7;20;19.0;4.0;True;;;from JOIN String (Google Sheet Data Static MMSR)
FusionSolar;NE=62806354;PLTS ONGRID PT SUPARMA TBK;;;9;7;21;19.0;4.0;True;;;from JOIN String (Google Sheet Data Static MMSR)
FusionSolar;NE=62806354;PLTS ONGRID PT SUPARMA TBK;;;10;1;1;18.0;2.0;True;;;from JOIN String (Google Sheet Data Static MMSR)
FusionSolar;NE=62806354;PLTS ONGRID PT SUPARMA TBK;;;10;1;2;18.0;2.0;True;;;from JOIN String (Google Sheet Data Static MMSR)
FusionSolar;NE=62806354;PLTS ONGRID PT SUPARMA TBK;;;10;1;3;18.0;2.0;True;;;from JOIN String (Google Sheet Data Static MMSR)
FusionSolar;NE=62806354;PLTS ONGRID PT SUPARMA TBK;;;10;2;4;18.0;2.0;True;;;from JOIN String (Google Sheet Data Static MMSR)
FusionSolar;NE=62806354;PLTS ONGRID PT SUPARMA TBK;;;10;2;5;0.0;;True;;;from JOIN String (Google Sheet Data Static MMSR)
FusionSolar;NE=62806354;PLTS ONGRID PT SUPARMA TBK;;;10;2;6;18.0;2.0;True;;;from JOIN String (Google Sheet Data Static MMSR)
FusionSolar;NE=62806354;PLTS ONGRID PT SUPARMA TBK;;;10;3;7;0.0;;True;;;from JOIN String (Google Sheet Data Static MMSR)
FusionSolar;NE=62806354;PLTS ONGRID PT SUPARMA TBK;;;10;3;8;18.0;2.0;True;;;from JOIN String (Google Sheet Data Static MMSR)
FusionSolar;NE=62806354;PLTS ONGRID PT SUPARMA TBK;;;10;3;9;18.0;2.0;True;;;from JOIN String (Google Sheet Data Static MMSR)
FusionSolar;NE=62806354;PLTS ONGRID PT SUPARMA TBK;;;10;4;10;18.0;2.0;True;;;from JOIN String (Google Sheet Data Static MMSR)
FusionSolar;NE=62806354;PLTS ONGRID PT SUPARMA TBK;;;10;4;11;0.0;;True;;;from JOIN String (Google Sheet Data Static MMSR)
FusionSolar;NE=62806354;PLTS ONGRID PT SUPARMA TBK;;;10;4;12;18.0;2.0;True;;;from JOIN String (Google Sheet Data Static MMSR)
FusionSolar;NE=62806354;PLTS ONGRID PT SUPARMA TBK;;;10;5;13;18.0;4.0;True;;;from JOIN String (Google Sheet Data Static MMSR)
FusionSolar;NE=62806354;PLTS ONGRID PT SUPARMA TBK;;;10;5;14;0.0;;True;;;from JOIN String (Google Sheet Data Static MMSR)
FusionSolar;NE=62806354;PLTS ONGRID PT SUPARMA TBK;;;10;5;15;18.0;4.0;True;;;from JOIN String (Google Sheet Data Static MMSR)
FusionSolar;NE=62806354;PLTS ONGRID PT SUPARMA TBK;;;10;6;16;18.0;4.0;True;;;from JOIN String (Google Sheet Data Static MMSR)
FusionSolar;NE=62806354;PLTS ONGRID PT SUPARMA TBK;;;10;6;17;0.0;;True;;;from JOIN String (Google Sheet Data Static MMSR)
FusionSolar;NE=62806354;PLTS ONGRID PT SUPARMA TBK;;;10;6;18;18.0;4.0;True;;;from JOIN String (Google Sheet Data Static MMSR)
FusionSolar;NE=62806354;PLTS ONGRID PT SUPARMA TBK;;;10;7;19;20.0;4.0;True;;;from JOIN String (Google Sheet Data Static MMSR)
FusionSolar;NE=62806354;PLTS ONGRID PT SUPARMA TBK;;;10;7;20;18.0;4.0;True;;;from JOIN String (Google Sheet Data Static MMSR)
FusionSolar;NE=62806354;PLTS ONGRID PT SUPARMA TBK;;;10;7;21;18.0;4.0;True;;;from JOIN String (Google Sheet Data Static MMSR)
FusionSolar;NE=62806354;PLTS ONGRID PT SUPARMA TBK;;;11;1;1;18.0;2.0;True;;;from JOIN String (Google Sheet Data Static MMSR)
FusionSolar;NE=62806354;PLTS ONGRID PT SUPARMA TBK;;;11;1;2;18.0;2.0;True;;;from JOIN String (Google Sheet Data Static MMSR)
FusionSolar;NE=62806354;PLTS ONGRID PT SUPARMA TBK;;;11;1;3;18.0;2.0;True;;;from JOIN String (Google Sheet Data Static MMSR)
FusionSolar;NE=62806354;PLTS ONGRID PT SUPARMA TBK;;;11;2;4;16.0;2.0;True;;;from JOIN String (Google Sheet Data Static MMSR)
FusionSolar;NE=62806354;PLTS ONGRID PT SUPARMA TBK;;;11;2;5;0.0;;True;;;from JOIN String (Google Sheet Data Static MMSR)
FusionSolar;NE=62806354;PLTS ONGRID PT SUPARMA TBK;;;11;2;6;16.0;2.0;True;;;from JOIN String (Google Sheet Data Static MMSR)
FusionSolar;NE=62806354;PLTS ONGRID PT SUPARMA TBK;;;11;3;7;0.0;;True;;;from JOIN String (Google Sheet Data Static MMSR)
FusionSolar;NE=62806354;PLTS ONGRID PT SUPARMA TBK;;;11;3;8;16.0;2.0;True;;;from JOIN String (Google Sheet Data Static MMSR)
FusionSolar;NE=62806354;PLTS ONGRID PT SUPARMA TBK;;;11;3;9;16.0;2.0;True;;;from JOIN String (Google Sheet Data Static MMSR)
FusionSolar;NE=62806354;PLTS ONGRID PT SUPARMA TBK;;;11;4;10;16.0;2.0;True;;;from JOIN String (Google Sheet Data Static MMSR)
FusionSolar;NE=62806354;PLTS ONGRID PT SUPARMA TBK;;;11;4;11;0.0;;True;;;from JOIN String (Google Sheet Data Static MMSR)
FusionSolar;NE=62806354;PLTS ONGRID PT SUPARMA TBK;;;11;4;12;16.0;2.0;True;;;from JOIN String (Google Sheet Data Static MMSR)
FusionSolar;NE=62806354;PLTS ONGRID PT SUPARMA TBK;;;11;5;13;18.0;4.0;True;;;from JOIN String (Google Sheet Data Static MMSR)
FusionSolar;NE=62806354;PLTS ONGRID PT SUPARMA TBK;;;11;5;14;0.0;;True;;;from JOIN String (Google Sheet Data Static MMSR)
FusionSolar;NE=62806354;PLTS ONGRID PT SUPARMA TBK;;;11;5;15;18.0;4.0;True;;;from JOIN String (Google Sheet Data Static MMSR)
FusionSolar;NE=62806354;PLTS ONGRID PT SUPARMA TBK;;;11;6;16;16.0;4.0;True;;;from JOIN String (Google Sheet Data Static MMSR)
FusionSolar;NE=62806354;PLTS ONGRID PT SUPARMA TBK;;;11;6;17;0.0;;True;;;from JOIN String (Google Sheet Data Static MMSR)
FusionSolar;NE=62806354;PLTS ONGRID PT SUPARMA TBK;;;11;6;18;16.0;4.0;True;;;from JOIN String (Google Sheet Data Static MMSR)
FusionSolar;NE=62806354;PLTS ONGRID PT SUPARMA TBK;;;11;7;19;16.0;4.0;True;;;from JOIN String (Google Sheet Data Static MMSR)
FusionSolar;NE=62806354;PLTS ONGRID PT SUPARMA TBK;;;11;7;20;0.0;;True;;;from JOIN String (Google Sheet Data Static MMSR)
FusionSolar;NE=62806354;PLTS ONGRID PT SUPARMA TBK;;;11;7;21;16.0;4.0;True;;;from JOIN String (Google Sheet Data Static MMSR)
FusionSolar;NE=62806354;PLTS ONGRID PT SUPARMA TBK;;;12;1;1;18.0;2.0;True;;;from JOIN String (Google Sheet Data Static MMSR)
FusionSolar;NE=62806354;PLTS ONGRID PT SUPARMA TBK;;;12;1;2;18.0;2.0;True;;;from JOIN String (Google Sheet Data Static MMSR)
FusionSolar;NE=62806354;PLTS ONGRID PT SUPARMA TBK;;;12;1;3;18.0;2.0;True;;;from JOIN String (Google Sheet Data Static MMSR)
FusionSolar;NE=62806354;PLTS ONGRID PT SUPARMA TBK;;;12;2;4;16.0;4.0;True;;;from JOIN String (Google Sheet Data Static MMSR)
FusionSolar;NE=62806354;PLTS ONGRID PT SUPARMA TBK;;;12;2;5;0.0;;True;;;from JOIN String (Google Sheet Data Static MMSR)
FusionSolar;NE=62806354;PLTS ONGRID PT SUPARMA TBK;;;12;2;6;16.0;4.0;True;;;from JOIN String (Google Sheet Data Static MMSR)
FusionSolar;NE=62806354;PLTS ONGRID PT SUPARMA TBK;;;12;3;7;0.0;;True;;;from JOIN String (Google Sheet Data Static MMSR)
FusionSolar;NE=62806354;PLTS ONGRID PT SUPARMA TBK;;;12;3;8;18.0;2.0;True;;;from JOIN String (Google Sheet Data Static MMSR)
FusionSolar;NE=62806354;PLTS ONGRID PT SUPARMA TBK;;;12;3;9;18.0;2.0;True;;;from JOIN String (Google Sheet Data Static MMSR)
FusionSolar;NE=62806354;PLTS ONGRID PT SUPARMA TBK;;;12;4;10;18.0;4.0;True;;;from JOIN String (Google Sheet Data Static MMSR)
FusionSolar;NE=62806354;PLTS ONGRID PT SUPARMA TBK;;;12;4;11;0.0;;True;;;from JOIN String (Google Sheet Data Static MMSR)
FusionSolar;NE=62806354;PLTS ONGRID PT SUPARMA TBK;;;12;4;12;18.0;4.0;True;;;from JOIN String (Google Sheet Data Static MMSR)
FusionSolar;NE=62806354;PLTS ONGRID PT SUPARMA TBK;;;12;5;13;18.0;4.0;True;;;from JOIN String (Google Sheet Data Static MMSR)
FusionSolar;NE=62806354;PLTS ONGRID PT SUPARMA TBK;;;12;5;14;0.0;;True;;;from JOIN String (Google Sheet Data Static MMSR)
FusionSolar;NE=62806354;PLTS ONGRID PT SUPARMA TBK;;;12;5;15;18.0;4.0;True;;;from JOIN String (Google Sheet Data Static MMSR)
FusionSolar;NE=62806354;PLTS ONGRID PT SUPARMA TBK;;;12;6;16;18.0;4.0;True;;;from JOIN String (Google Sheet Data Static MMSR)
FusionSolar;NE=62806354;PLTS ONGRID PT SUPARMA TBK;;;12;6;17;0.0;;True;;;from JOIN String (Google Sheet Data Static MMSR)
FusionSolar;NE=62806354;PLTS ONGRID PT SUPARMA TBK;;;12;6;18;18.0;4.0;True;;;from JOIN String (Google Sheet Data Static MMSR)
FusionSolar;NE=62806354;PLTS ONGRID PT SUPARMA TBK;;;12;7;19;18.0;4.0;True;;;from JOIN String (Google Sheet Data Static MMSR)
FusionSolar;NE=62806354;PLTS ONGRID PT SUPARMA TBK;;;12;7;20;18.0;4.0;True;;;from JOIN String (Google Sheet Data Static MMSR)
FusionSolar;NE=62806354;PLTS ONGRID PT SUPARMA TBK;;;12;7;21;18.0;4.0;True;;;from JOIN String (Google Sheet Data Static MMSR)
FusionSolar;NE=62806354;PLTS ONGRID PT SUPARMA TBK;;;13;1;1;18.0;4.0;True;;;from JOIN String (Google Sheet Data Static MMSR)
FusionSolar;NE=62806354;PLTS ONGRID PT SUPARMA TBK;;;13;1;2;18.0;4.0;True;;;from JOIN String (Google Sheet Data Static MMSR)
FusionSolar;NE=62806354;PLTS ONGRID PT SUPARMA TBK;;;13;1;3;18.0;4.0;True;;;from JOIN String (Google Sheet Data Static MMSR)
FusionSolar;NE=62806354;PLTS ONGRID PT SUPARMA TBK;;;13;2;4;20.0;2.0;True;;;from JOIN String (Google Sheet Data Static MMSR)
FusionSolar;NE=62806354;PLTS ONGRID PT SUPARMA TBK;;;13;2;5;0.0;;True;;;from JOIN String (Google Sheet Data Static MMSR)
FusionSolar;NE=62806354;PLTS ONGRID PT SUPARMA TBK;;;13;2;6;20.0;2.0;True;;;from JOIN String (Google Sheet Data Static MMSR)
FusionSolar;NE=62806354;PLTS ONGRID PT SUPARMA TBK;;;13;3;7;0.0;;True;;;from JOIN String (Google Sheet Data Static MMSR)
FusionSolar;NE=62806354;PLTS ONGRID PT SUPARMA TBK;;;13;3;8;20.0;2.0;True;;;from JOIN String (Google Sheet Data Static MMSR)
FusionSolar;NE=62806354;PLTS ONGRID PT SUPARMA TBK;;;13;3;9;20.0;2.0;True;;;from JOIN String (Google Sheet Data Static MMSR)
FusionSolar;NE=62806354;PLTS ONGRID PT SUPARMA TBK;;;13;4;10;20.0;2.0;True;;;from JOIN String (Google Sheet Data Static MMSR)
FusionSolar;NE=62806354;PLTS ONGRID PT SUPARMA TBK;;;13;4;11;0.0;;True;;;from JOIN String (Google Sheet Data Static MMSR)
FusionSolar;NE=62806354;PLTS ONGRID PT SUPARMA TBK;;;13;4;12;20.0;2.0;True;;;from JOIN String (Google Sheet Data Static MMSR)
FusionSolar;NE=62806354;PLTS ONGRID PT SUPARMA TBK;;;13;5;13;20.0;2.0;True;;;from JOIN String (Google Sheet Data Static MMSR)
FusionSolar;NE=62806354;PLTS ONGRID PT SUPARMA TBK;;;13;5;14;0.0;;True;;;from JOIN String (Google Sheet Data Static MMSR)
FusionSolar;NE=62806354;PLTS ONGRID PT SUPARMA TBK;;;13;5;15;20.0;2.0;True;;;from JOIN String (Google Sheet Data Static MMSR)
FusionSolar;NE=62806354;PLTS ONGRID PT SUPARMA TBK;;;13;6;16;18.0;2.0;True;;;from JOIN String (Google Sheet Data Static MMSR)
FusionSolar;NE=62806354;PLTS ONGRID PT SUPARMA TBK;;;13;6;17;0.0;;True;;;from JOIN String (Google Sheet Data Static MMSR)
FusionSolar;NE=62806354;PLTS ONGRID PT SUPARMA TBK;;;13;6;18;18.0;2.0;True;;;from JOIN String (Google Sheet Data Static MMSR)
FusionSolar;NE=62806354;PLTS ONGRID PT SUPARMA TBK;;;13;7;19;18.0;2.0;True;;;from JOIN String (Google Sheet Data Static MMSR)
FusionSolar;NE=62806354;PLTS ONGRID PT SUPARMA TBK;;;13;7;20;0.0;;True;;;from JOIN String (Google Sheet Data Static MMSR)
FusionSolar;NE=62806354;PLTS ONGRID PT SUPARMA TBK;;;13;7;21;18.0;2.0;True;;;from JOIN String (Google Sheet Data Static MMSR)
FusionSolar;NE=62806354;PLTS ONGRID PT SUPARMA TBK;;;14;1;1;20.0;2.0;True;;;from JOIN String (Google Sheet Data Static MMSR)
FusionSolar;NE=62806354;PLTS ONGRID PT SUPARMA TBK;;;14;1;2;20.0;2.0;True;;;from JOIN String (Google Sheet Data Static MMSR)
FusionSolar;NE=62806354;PLTS ONGRID PT SUPARMA TBK;;;14;1;3;20.0;2.0;True;;;from JOIN String (Google Sheet Data Static MMSR)
FusionSolar;NE=62806354;PLTS ONGRID PT SUPARMA TBK;;;14;2;4;18.0;2.0;True;;;from JOIN String (Google Sheet Data Static MMSR)
FusionSolar;NE=62806354;PLTS ONGRID PT SUPARMA TBK;;;14;2;5;0.0;;True;;;from JOIN String (Google Sheet Data Static MMSR)
FusionSolar;NE=62806354;PLTS ONGRID PT SUPARMA TBK;;;14;2;6;18.0;2.0;True;;;from JOIN String (Google Sheet Data Static MMSR)
FusionSolar;NE=62806354;PLTS ONGRID PT SUPARMA TBK;;;14;3;7;0.0;;True;;;from JOIN String (Google Sheet Data Static MMSR)
FusionSolar;NE=62806354;PLTS ONGRID PT SUPARMA TBK;;;14;3;8;20.0;4.0;True;;;from JOIN String (Google Sheet Data Static MMSR)
FusionSolar;NE=62806354;PLTS ONGRID PT SUPARMA TBK;;;14;3;9;20.0;4.0;True;;;from JOIN String (Google Sheet Data Static MMSR)
FusionSolar;NE=62806354;PLTS ONGRID PT SUPARMA TBK;;;14;4;10;20.0;4.0;True;;;from JOIN String (Google Sheet Data Static MMSR)
FusionSolar;NE=62806354;PLTS ONGRID PT SUPARMA TBK;;;14;4;11;0.0;;True;;;from JOIN String (Google Sheet Data Static MMSR)
FusionSolar;NE=62806354;PLTS ONGRID PT SUPARMA TBK;;;14;4;12;20.0;4.0;True;;;from JOIN String (Google Sheet Data Static MMSR)
FusionSolar;NE=62806354;PLTS ONGRID PT SUPARMA TBK;;;14;5;13;20.0;4.0;True;;;from JOIN String (Google Sheet Data Static MMSR)
FusionSolar;NE=62806354;PLTS ONGRID PT SUPARMA TBK;;;14;5;14;0.0;;True;;;from JOIN String (Google Sheet Data Static MMSR)
FusionSolar;NE=62806354;PLTS ONGRID PT SUPARMA TBK;;;14;5;15;20.0;4.0;True;;;from JOIN String (Google Sheet Data Static MMSR)
FusionSolar;NE=62806354;PLTS ONGRID PT SUPARMA TBK;;;14;6;16;20.0;4.0;True;;;from JOIN String (Google Sheet Data Static MMSR)
FusionSolar;NE=62806354;PLTS ONGRID PT SUPARMA TBK;;;14;6;17;0.0;;True;;;from JOIN String (Google Sheet Data Static MMSR)
FusionSolar;NE=62806354;PLTS ONGRID PT SUPARMA TBK;;;14;6;18;20.0;4.0;True;;;from JOIN String (Google Sheet Data Static MMSR)
FusionSolar;NE=62806354;PLTS ONGRID PT SUPARMA TBK;;;14;7;19;20.0;4.0;True;;;from JOIN String (Google Sheet Data Static MMSR)
FusionSolar;NE=62806354;PLTS ONGRID PT SUPARMA TBK;;;14;7;20;20.0;4.0;True;;;from JOIN String (Google Sheet Data Static MMSR)
FusionSolar;NE=62806354;PLTS ONGRID PT SUPARMA TBK;;;14;7;21;20.0;4.0;True;;;from JOIN String (Google Sheet Data Static MMSR)
FusionSolar;NE=62806354;PLTS ONGRID PT SUPARMA TBK;;;15;1;1;18.0;2.0;True;;;from JOIN String (Google Sheet Data Static MMSR)
FusionSolar;NE=62806354;PLTS ONGRID PT SUPARMA TBK;;;15;1;2;18.0;2.0;True;;;from JOIN String (Google Sheet Data Static MMSR)
FusionSolar;NE=62806354;PLTS ONGRID PT SUPARMA TBK;;;15;1;3;18.0;2.0;True;;;from JOIN String (Google Sheet Data Static MMSR)
FusionSolar;NE=62806354;PLTS ONGRID PT SUPARMA TBK;;;15;2;4;18.0;2.0;True;;;from JOIN String (Google Sheet Data Static MMSR)
FusionSolar;NE=62806354;PLTS ONGRID PT SUPARMA TBK;;;15;2;5;0.0;;True;;;from JOIN String (Google Sheet Data Static MMSR)
FusionSolar;NE=62806354;PLTS ONGRID PT SUPARMA TBK;;;15;2;6;18.0;2.0;True;;;from JOIN String (Google Sheet Data Static MMSR)
FusionSolar;NE=62806354;PLTS ONGRID PT SUPARMA TBK;;;15;3;7;0.0;;True;;;from JOIN String (Google Sheet Data Static MMSR)
FusionSolar;NE=62806354;PLTS ONGRID PT SUPARMA TBK;;;15;3;8;18.0;2.0;True;;;from JOIN String (Google Sheet Data Static MMSR)
FusionSolar;NE=62806354;PLTS ONGRID PT SUPARMA TBK;;;15;3;9;18.0;2.0;True;;;from JOIN String (Google Sheet Data Static MMSR)
FusionSolar;NE=62806354;PLTS ONGRID PT SUPARMA TBK;;;15;4;10;18.0;2.0;True;;;from JOIN String (Google Sheet Data Static MMSR)
FusionSolar;NE=62806354;PLTS ONGRID PT SUPARMA TBK;;;15;4;11;0.0;;True;;;from JOIN String (Google Sheet Data Static MMSR)
FusionSolar;NE=62806354;PLTS ONGRID PT SUPARMA TBK;;;15;4;12;18.0;2.0;True;;;from JOIN String (Google Sheet Data Static MMSR)
FusionSolar;NE=62806354;PLTS ONGRID PT SUPARMA TBK;;;15;5;13;18.0;2.0;True;;;from JOIN String (Google Sheet Data Static MMSR)
FusionSolar;NE=62806354;PLTS ONGRID PT SUPARMA TBK;;;15;5;14;0.0;;True;;;from JOIN String (Google Sheet Data Static MMSR)
FusionSolar;NE=62806354;PLTS ONGRID PT SUPARMA TBK;;;15;5;15;18.0;2.0;True;;;from JOIN String (Google Sheet Data Static MMSR)
FusionSolar;NE=62806354;PLTS ONGRID PT SUPARMA TBK;;;15;6;16;18.0;4.0;True;;;from JOIN String (Google Sheet Data Static MMSR)
FusionSolar;NE=62806354;PLTS ONGRID PT SUPARMA TBK;;;15;6;17;0.0;;True;;;from JOIN String (Google Sheet Data Static MMSR)
FusionSolar;NE=62806354;PLTS ONGRID PT SUPARMA TBK;;;15;6;18;18.0;4.0;True;;;from JOIN String (Google Sheet Data Static MMSR)
FusionSolar;NE=62806354;PLTS ONGRID PT SUPARMA TBK;;;15;7;19;18.0;4.0;True;;;from JOIN String (Google Sheet Data Static MMSR)
FusionSolar;NE=62806354;PLTS ONGRID PT SUPARMA TBK;;;15;7;20;18.0;4.0;True;;;from JOIN String (Google Sheet Data Static MMSR)
FusionSolar;NE=62806354;PLTS ONGRID PT SUPARMA TBK;;;15;7;21;18.0;4.0;True;;;from JOIN String (Google Sheet Data Static MMSR)
FusionSolar;NE=62806354;PLTS ONGRID PT SUPARMA TBK;;;16;1;1;20.0;2.0;True;;;from JOIN String (Google Sheet Data Static MMSR)
FusionSolar;NE=62806354;PLTS ONGRID PT SUPARMA TBK;;;16;1;2;20.0;2.0;True;;;from JOIN String (Google Sheet Data Static MMSR)
FusionSolar;NE=62806354;PLTS ONGRID PT SUPARMA TBK;;;16;1;3;20.0;2.0;True;;;from JOIN String (Google Sheet Data Static MMSR)
FusionSolar;NE=62806354;PLTS ONGRID PT SUPARMA TBK;;;16;2;4;18.0;4.0;True;;;from JOIN String (Google Sheet Data Static MMSR)
FusionSolar;NE=62806354;PLTS ONGRID PT SUPARMA TBK;;;16;2;5;0.0;;True;;;from JOIN String (Google Sheet Data Static MMSR)
FusionSolar;NE=62806354;PLTS ONGRID PT SUPARMA TBK;;;16;2;6;18.0;4.0;True;;;from JOIN String (Google Sheet Data Static MMSR)
FusionSolar;NE=62806354;PLTS ONGRID PT SUPARMA TBK;;;16;3;7;0.0;;True;;;from JOIN String (Google Sheet Data Static MMSR)
FusionSolar;NE=62806354;PLTS ONGRID PT SUPARMA TBK;;;16;3;8;18.0;4.0;True;;;from JOIN String (Google Sheet Data Static MMSR)
FusionSolar;NE=62806354;PLTS ONGRID PT SUPARMA TBK;;;16;3;9;18.0;4.0;True;;;from JOIN String (Google Sheet Data Static MMSR)
FusionSolar;NE=62806354;PLTS ONGRID PT SUPARMA TBK;;;16;4;10;18.0;4.0;True;;;from JOIN String (Google Sheet Data Static MMSR)
FusionSolar;NE=62806354;PLTS ONGRID PT SUPARMA TBK;;;16;4;11;0.0;;True;;;from JOIN String (Google Sheet Data Static MMSR)
FusionSolar;NE=62806354;PLTS ONGRID PT SUPARMA TBK;;;16;4;12;18.0;4.0;True;;;from JOIN String (Google Sheet Data Static MMSR)
FusionSolar;NE=62806354;PLTS ONGRID PT SUPARMA TBK;;;16;5;13;20.0;2.0;True;;;from JOIN String (Google Sheet Data Static MMSR)
FusionSolar;NE=62806354;PLTS ONGRID PT SUPARMA TBK;;;16;5;14;0.0;;True;;;from JOIN String (Google Sheet Data Static MMSR)
FusionSolar;NE=62806354;PLTS ONGRID PT SUPARMA TBK;;;16;5;15;20.0;2.0;True;;;from JOIN String (Google Sheet Data Static MMSR)
FusionSolar;NE=62806354;PLTS ONGRID PT SUPARMA TBK;;;16;6;16;20.0;2.0;True;;;from JOIN String (Google Sheet Data Static MMSR)
FusionSolar;NE=62806354;PLTS ONGRID PT SUPARMA TBK;;;16;6;17;0.0;;True;;;from JOIN String (Google Sheet Data Static MMSR)
FusionSolar;NE=62806354;PLTS ONGRID PT SUPARMA TBK;;;16;6;18;20.0;2.0;True;;;from JOIN String (Google Sheet Data Static MMSR)
FusionSolar;NE=62806354;PLTS ONGRID PT SUPARMA TBK;;;16;7;19;20.0;2.0;True;;;from JOIN String (Google Sheet Data Static MMSR)
FusionSolar;NE=62806354;PLTS ONGRID PT SUPARMA TBK;;;16;7;20;20.0;2.0;True;;;from JOIN String (Google Sheet Data Static MMSR)
FusionSolar;NE=62806354;PLTS ONGRID PT SUPARMA TBK;;;16;7;21;20.0;2.0;True;;;from JOIN String (Google Sheet Data Static MMSR)
FusionSolar;NE=62806354;PLTS ONGRID PT SUPARMA TBK;;;17;1;1;20.0;4.0;True;;;from JOIN String (Google Sheet Data Static MMSR)
FusionSolar;NE=62806354;PLTS ONGRID PT SUPARMA TBK;;;17;1;2;20.0;4.0;True;;;from JOIN String (Google Sheet Data Static MMSR)
FusionSolar;NE=62806354;PLTS ONGRID PT SUPARMA TBK;;;17;1;3;20.0;4.0;True;;;from JOIN String (Google Sheet Data Static MMSR)
FusionSolar;NE=62806354;PLTS ONGRID PT SUPARMA TBK;;;17;2;4;20.0;4.0;True;;;from JOIN String (Google Sheet Data Static MMSR)
FusionSolar;NE=62806354;PLTS ONGRID PT SUPARMA TBK;;;17;2;5;0.0;;True;;;from JOIN String (Google Sheet Data Static MMSR)
FusionSolar;NE=62806354;PLTS ONGRID PT SUPARMA TBK;;;17;2;6;20.0;4.0;True;;;from JOIN String (Google Sheet Data Static MMSR)
FusionSolar;NE=62806354;PLTS ONGRID PT SUPARMA TBK;;;17;3;7;0.0;;True;;;from JOIN String (Google Sheet Data Static MMSR)
FusionSolar;NE=62806354;PLTS ONGRID PT SUPARMA TBK;;;17;3;8;20.0;4.0;True;;;from JOIN String (Google Sheet Data Static MMSR)
FusionSolar;NE=62806354;PLTS ONGRID PT SUPARMA TBK;;;17;3;9;20.0;4.0;True;;;from JOIN String (Google Sheet Data Static MMSR)
FusionSolar;NE=62806354;PLTS ONGRID PT SUPARMA TBK;;;17;4;10;20.0;4.0;True;;;from JOIN String (Google Sheet Data Static MMSR)
FusionSolar;NE=62806354;PLTS ONGRID PT SUPARMA TBK;;;17;4;11;0.0;;True;;;from JOIN String (Google Sheet Data Static MMSR)
FusionSolar;NE=62806354;PLTS ONGRID PT SUPARMA TBK;;;17;4;12;20.0;4.0;True;;;from JOIN String (Google Sheet Data Static MMSR)
FusionSolar;NE=62806354;PLTS ONGRID PT SUPARMA TBK;;;17;5;13;20.0;4.0;True;;;from JOIN String (Google Sheet Data Static MMSR)
FusionSolar;NE=62806354;PLTS ONGRID PT SUPARMA TBK;;;17;5;14;0.0;;True;;;from JOIN String (Google Sheet Data Static MMSR)
FusionSolar;NE=62806354;PLTS ONGRID PT SUPARMA TBK;;;17;5;15;20.0;4.0;True;;;from JOIN String (Google Sheet Data Static MMSR)
FusionSolar;NE=62806354;PLTS ONGRID PT SUPARMA TBK;;;17;6;16;18.0;4.0;True;;;from JOIN String (Google Sheet Data Static MMSR)
FusionSolar;NE=62806354;PLTS ONGRID PT SUPARMA TBK;;;17;6;17;0.0;;True;;;from JOIN String (Google Sheet Data Static MMSR)
FusionSolar;NE=62806354;PLTS ONGRID PT SUPARMA TBK;;;17;6;18;18.0;4.0;True;;;from JOIN String (Google Sheet Data Static MMSR)
FusionSolar;NE=62806354;PLTS ONGRID PT SUPARMA TBK;;;17;7;19;18.0;4.0;True;;;from JOIN String (Google Sheet Data Static MMSR)
FusionSolar;NE=62806354;PLTS ONGRID PT SUPARMA TBK;;;17;7;20;18.0;4.0;True;;;from JOIN String (Google Sheet Data Static MMSR)
FusionSolar;NE=62806354;PLTS ONGRID PT SUPARMA TBK;;;17;7;21;18.0;4.0;True;;;from JOIN String (Google Sheet Data Static MMSR)
FusionSolar;NE=62806354;PLTS ONGRID PT SUPARMA TBK;;;18;1;1;20.0;5.0;True;;;from JOIN String (Google Sheet Data Static MMSR)
FusionSolar;NE=62806354;PLTS ONGRID PT SUPARMA TBK;;;18;1;2;20.0;5.0;True;;;from JOIN String (Google Sheet Data Static MMSR)
FusionSolar;NE=62806354;PLTS ONGRID PT SUPARMA TBK;;;18;1;3;20.0;5.0;True;;;from JOIN String (Google Sheet Data Static MMSR)
FusionSolar;NE=62806354;PLTS ONGRID PT SUPARMA TBK;;;18;2;4;20.0;5.0;True;;;from JOIN String (Google Sheet Data Static MMSR)
FusionSolar;NE=62806354;PLTS ONGRID PT SUPARMA TBK;;;18;2;5;0.0;;True;;;from JOIN String (Google Sheet Data Static MMSR)
FusionSolar;NE=62806354;PLTS ONGRID PT SUPARMA TBK;;;18;2;6;20.0;5.0;True;;;from JOIN String (Google Sheet Data Static MMSR)
FusionSolar;NE=62806354;PLTS ONGRID PT SUPARMA TBK;;;18;3;7;0.0;;True;;;from JOIN String (Google Sheet Data Static MMSR)
FusionSolar;NE=62806354;PLTS ONGRID PT SUPARMA TBK;;;18;3;8;20.0;5.0;True;;;from JOIN String (Google Sheet Data Static MMSR)
FusionSolar;NE=62806354;PLTS ONGRID PT SUPARMA TBK;;;18;3;9;20.0;5.0;True;;;from JOIN String (Google Sheet Data Static MMSR)
FusionSolar;NE=62806354;PLTS ONGRID PT SUPARMA TBK;;;18;4;10;20.0;5.0;True;;;from JOIN String (Google Sheet Data Static MMSR)
FusionSolar;NE=62806354;PLTS ONGRID PT SUPARMA TBK;;;18;4;11;0.0;;True;;;from JOIN String (Google Sheet Data Static MMSR)
FusionSolar;NE=62806354;PLTS ONGRID PT SUPARMA TBK;;;18;4;12;20.0;5.0;True;;;from JOIN String (Google Sheet Data Static MMSR)
FusionSolar;NE=62806354;PLTS ONGRID PT SUPARMA TBK;;;18;5;13;20.0;5.0;True;;;from JOIN String (Google Sheet Data Static MMSR)
FusionSolar;NE=62806354;PLTS ONGRID PT SUPARMA TBK;;;18;5;14;0.0;;True;;;from JOIN String (Google Sheet Data Static MMSR)
FusionSolar;NE=62806354;PLTS ONGRID PT SUPARMA TBK;;;18;5;15;20.0;5.0;True;;;from JOIN String (Google Sheet Data Static MMSR)
FusionSolar;NE=62806354;PLTS ONGRID PT SUPARMA TBK;;;18;6;16;20.0;5.0;True;;;from JOIN String (Google Sheet Data Static MMSR)
FusionSolar;NE=62806354;PLTS ONGRID PT SUPARMA TBK;;;18;6;17;0.0;;True;;;from JOIN String (Google Sheet Data Static MMSR)
FusionSolar;NE=62806354;PLTS ONGRID PT SUPARMA TBK;;;18;6;18;20.0;5.0;True;;;from JOIN String (Google Sheet Data Static MMSR)
FusionSolar;NE=62806354;PLTS ONGRID PT SUPARMA TBK;;;18;7;19;18.0;5.0;True;;;from JOIN String (Google Sheet Data Static MMSR)
FusionSolar;NE=62806354;PLTS ONGRID PT SUPARMA TBK;;;18;7;20;18.0;5.0;True;;;from JOIN String (Google Sheet Data Static MMSR)
FusionSolar;NE=62806354;PLTS ONGRID PT SUPARMA TBK;;;18;7;21;18.0;5.0;True;;;from JOIN String (Google Sheet Data Static MMSR)
FusionSolar;NE=62806354;PLTS ONGRID PT SUPARMA TBK;;;19;1;1;20.0;6.0;True;;;from JOIN String (Google Sheet Data Static MMSR)
FusionSolar;NE=62806354;PLTS ONGRID PT SUPARMA TBK;;;19;1;2;20.0;6.0;True;;;from JOIN String (Google Sheet Data Static MMSR)
FusionSolar;NE=62806354;PLTS ONGRID PT SUPARMA TBK;;;19;1;3;20.0;6.0;True;;;from JOIN String (Google Sheet Data Static MMSR)
FusionSolar;NE=62806354;PLTS ONGRID PT SUPARMA TBK;;;19;2;4;20.0;6.0;True;;;from JOIN String (Google Sheet Data Static MMSR)
FusionSolar;NE=62806354;PLTS ONGRID PT SUPARMA TBK;;;19;2;5;0.0;;True;;;from JOIN String (Google Sheet Data Static MMSR)
FusionSolar;NE=62806354;PLTS ONGRID PT SUPARMA TBK;;;19;2;6;20.0;6.0;True;;;from JOIN String (Google Sheet Data Static MMSR)
FusionSolar;NE=62806354;PLTS ONGRID PT SUPARMA TBK;;;19;3;7;0.0;;True;;;from JOIN String (Google Sheet Data Static MMSR)
FusionSolar;NE=62806354;PLTS ONGRID PT SUPARMA TBK;;;19;3;8;20.0;6.0;True;;;from JOIN String (Google Sheet Data Static MMSR)
FusionSolar;NE=62806354;PLTS ONGRID PT SUPARMA TBK;;;19;3;9;20.0;6.0;True;;;from JOIN String (Google Sheet Data Static MMSR)
FusionSolar;NE=62806354;PLTS ONGRID PT SUPARMA TBK;;;19;4;10;20.0;6.0;True;;;from JOIN String (Google Sheet Data Static MMSR)
FusionSolar;NE=62806354;PLTS ONGRID PT SUPARMA TBK;;;19;4;11;0.0;;True;;;from JOIN String (Google Sheet Data Static MMSR)
FusionSolar;NE=62806354;PLTS ONGRID PT SUPARMA TBK;;;19;4;12;20.0;6.0;True;;;from JOIN String (Google Sheet Data Static MMSR)
FusionSolar;NE=62806354;PLTS ONGRID PT SUPARMA TBK;;;19;5;13;20.0;6.0;True;;;from JOIN String (Google Sheet Data Static MMSR)
FusionSolar;NE=62806354;PLTS ONGRID PT SUPARMA TBK;;;19;5;14;0.0;;True;;;from JOIN String (Google Sheet Data Static MMSR)
FusionSolar;NE=62806354;PLTS ONGRID PT SUPARMA TBK;;;19;5;15;20.0;6.0;True;;;from JOIN String (Google Sheet Data Static MMSR)
FusionSolar;NE=62806354;PLTS ONGRID PT SUPARMA TBK;;;19;6;16;20.0;6.0;True;;;from JOIN String (Google Sheet Data Static MMSR)
FusionSolar;NE=62806354;PLTS ONGRID PT SUPARMA TBK;;;19;6;17;0.0;;True;;;from JOIN String (Google Sheet Data Static MMSR)
FusionSolar;NE=62806354;PLTS ONGRID PT SUPARMA TBK;;;19;6;18;20.0;6.0;True;;;from JOIN String (Google Sheet Data Static MMSR)
FusionSolar;NE=62806354;PLTS ONGRID PT SUPARMA TBK;;;19;7;19;18.0;5.0;True;;;from JOIN String (Google Sheet Data Static MMSR)
FusionSolar;NE=62806354;PLTS ONGRID PT SUPARMA TBK;;;19;7;20;18.0;5.0;True;;;from JOIN String (Google Sheet Data Static MMSR)
FusionSolar;NE=62806354;PLTS ONGRID PT SUPARMA TBK;;;19;7;21;18.0;5.0;True;;;from JOIN String (Google Sheet Data Static MMSR)
FusionSolar;NE=62806354;PLTS ONGRID PT SUPARMA TBK;;;20;1;1;20.0;6.0;True;;;from JOIN String (Google Sheet Data Static MMSR)
FusionSolar;NE=62806354;PLTS ONGRID PT SUPARMA TBK;;;20;1;2;20.0;6.0;True;;;from JOIN String (Google Sheet Data Static MMSR)
FusionSolar;NE=62806354;PLTS ONGRID PT SUPARMA TBK;;;20;1;3;20.0;6.0;True;;;from JOIN String (Google Sheet Data Static MMSR)
FusionSolar;NE=62806354;PLTS ONGRID PT SUPARMA TBK;;;20;2;4;20.0;6.0;True;;;from JOIN String (Google Sheet Data Static MMSR)
FusionSolar;NE=62806354;PLTS ONGRID PT SUPARMA TBK;;;20;2;5;0.0;;True;;;from JOIN String (Google Sheet Data Static MMSR)
FusionSolar;NE=62806354;PLTS ONGRID PT SUPARMA TBK;;;20;2;6;20.0;6.0;True;;;from JOIN String (Google Sheet Data Static MMSR)
FusionSolar;NE=62806354;PLTS ONGRID PT SUPARMA TBK;;;20;3;7;0.0;;True;;;from JOIN String (Google Sheet Data Static MMSR)
FusionSolar;NE=62806354;PLTS ONGRID PT SUPARMA TBK;;;20;3;8;20.0;6.0;True;;;from JOIN String (Google Sheet Data Static MMSR)
FusionSolar;NE=62806354;PLTS ONGRID PT SUPARMA TBK;;;20;3;9;20.0;6.0;True;;;from JOIN String (Google Sheet Data Static MMSR)
FusionSolar;NE=62806354;PLTS ONGRID PT SUPARMA TBK;;;20;4;10;20.0;6.0;True;;;from JOIN String (Google Sheet Data Static MMSR)
FusionSolar;NE=62806354;PLTS ONGRID PT SUPARMA TBK;;;20;4;11;0.0;;True;;;from JOIN String (Google Sheet Data Static MMSR)
FusionSolar;NE=62806354;PLTS ONGRID PT SUPARMA TBK;;;20;4;12;20.0;6.0;True;;;from JOIN String (Google Sheet Data Static MMSR)
FusionSolar;NE=62806354;PLTS ONGRID PT SUPARMA TBK;;;20;5;13;20.0;6.0;True;;;from JOIN String (Google Sheet Data Static MMSR)
FusionSolar;NE=62806354;PLTS ONGRID PT SUPARMA TBK;;;20;5;14;0.0;;True;;;from JOIN String (Google Sheet Data Static MMSR)
FusionSolar;NE=62806354;PLTS ONGRID PT SUPARMA TBK;;;20;5;15;20.0;6.0;True;;;from JOIN String (Google Sheet Data Static MMSR)
FusionSolar;NE=62806354;PLTS ONGRID PT SUPARMA TBK;;;20;6;16;20.0;5.0;True;;;from JOIN String (Google Sheet Data Static MMSR)
FusionSolar;NE=62806354;PLTS ONGRID PT SUPARMA TBK;;;20;6;17;0.0;;True;;;from JOIN String (Google Sheet Data Static MMSR)
FusionSolar;NE=62806354;PLTS ONGRID PT SUPARMA TBK;;;20;6;18;20.0;5.0;True;;;from JOIN String (Google Sheet Data Static MMSR)
FusionSolar;NE=62806354;PLTS ONGRID PT SUPARMA TBK;;;20;7;19;18.0;5.0;True;;;from JOIN String (Google Sheet Data Static MMSR)
FusionSolar;NE=62806354;PLTS ONGRID PT SUPARMA TBK;;;20;7;20;18.0;5.0;True;;;from JOIN String (Google Sheet Data Static MMSR)
FusionSolar;NE=62806354;PLTS ONGRID PT SUPARMA TBK;;;20;7;21;18.0;5.0;True;;;from JOIN String (Google Sheet Data Static MMSR)
FusionSolar;NE=62806354;PLTS ONGRID PT SUPARMA TBK;;;21;1;1;20.0;6.0;True;;;from JOIN String (Google Sheet Data Static MMSR)
FusionSolar;NE=62806354;PLTS ONGRID PT SUPARMA TBK;;;21;1;2;20.0;6.0;True;;;from JOIN String (Google Sheet Data Static MMSR)
FusionSolar;NE=62806354;PLTS ONGRID PT SUPARMA TBK;;;21;1;3;20.0;6.0;True;;;from JOIN String (Google Sheet Data Static MMSR)
FusionSolar;NE=62806354;PLTS ONGRID PT SUPARMA TBK;;;21;2;4;20.0;6.0;True;;;from JOIN String (Google Sheet Data Static MMSR)
FusionSolar;NE=62806354;PLTS ONGRID PT SUPARMA TBK;;;21;2;5;0.0;;True;;;from JOIN String (Google Sheet Data Static MMSR)
FusionSolar;NE=62806354;PLTS ONGRID PT SUPARMA TBK;;;21;2;6;20.0;6.0;True;;;from JOIN String (Google Sheet Data Static MMSR)
FusionSolar;NE=62806354;PLTS ONGRID PT SUPARMA TBK;;;21;3;7;0.0;;True;;;from JOIN String (Google Sheet Data Static MMSR)
FusionSolar;NE=62806354;PLTS ONGRID PT SUPARMA TBK;;;21;3;8;20.0;6.0;True;;;from JOIN String (Google Sheet Data Static MMSR)
FusionSolar;NE=62806354;PLTS ONGRID PT SUPARMA TBK;;;21;3;9;20.0;6.0;True;;;from JOIN String (Google Sheet Data Static MMSR)
FusionSolar;NE=62806354;PLTS ONGRID PT SUPARMA TBK;;;21;4;10;20.0;6.0;True;;;from JOIN String (Google Sheet Data Static MMSR)
FusionSolar;NE=62806354;PLTS ONGRID PT SUPARMA TBK;;;21;4;11;0.0;;True;;;from JOIN String (Google Sheet Data Static MMSR)
FusionSolar;NE=62806354;PLTS ONGRID PT SUPARMA TBK;;;21;4;12;20.0;6.0;True;;;from JOIN String (Google Sheet Data Static MMSR)
FusionSolar;NE=62806354;PLTS ONGRID PT SUPARMA TBK;;;21;5;13;20.0;6.0;True;;;from JOIN String (Google Sheet Data Static MMSR)
FusionSolar;NE=62806354;PLTS ONGRID PT SUPARMA TBK;;;21;5;14;0.0;;True;;;from JOIN String (Google Sheet Data Static MMSR)
FusionSolar;NE=62806354;PLTS ONGRID PT SUPARMA TBK;;;21;5;15;20.0;6.0;True;;;from JOIN String (Google Sheet Data Static MMSR)
FusionSolar;NE=62806354;PLTS ONGRID PT SUPARMA TBK;;;21;6;16;20.0;6.0;True;;;from JOIN String (Google Sheet Data Static MMSR)
FusionSolar;NE=62806354;PLTS ONGRID PT SUPARMA TBK;;;21;6;17;0.0;;True;;;from JOIN String (Google Sheet Data Static MMSR)
FusionSolar;NE=62806354;PLTS ONGRID PT SUPARMA TBK;;;21;6;18;20.0;6.0;True;;;from JOIN String (Google Sheet Data Static MMSR)
FusionSolar;NE=62806354;PLTS ONGRID PT SUPARMA TBK;;;21;7;19;18.0;6.0;True;;;from JOIN String (Google Sheet Data Static MMSR)
FusionSolar;NE=62806354;PLTS ONGRID PT SUPARMA TBK;;;21;7;20;0.0;;True;;;from JOIN String (Google Sheet Data Static MMSR)
FusionSolar;NE=62806354;PLTS ONGRID PT SUPARMA TBK;;;21;7;21;18.0;6.0;True;;;from JOIN String (Google Sheet Data Static MMSR)
iSolarCloud;1763661;PLTS On Grid Sorini Towa Berlian Corporindo;;;1;1;1;20.0;1.0;True;;;from JOIN String (Google Sheet Data Static MMSR)
iSolarCloud;1763661;PLTS On Grid Sorini Towa Berlian Corporindo;;;1;1;2;20.0;1.0;True;;;from JOIN String (Google Sheet Data Static MMSR)
iSolarCloud;1763661;PLTS On Grid Sorini Towa Berlian Corporindo;;;1;1;3;;;True;;;from JOIN String (Google Sheet Data Static MMSR)
iSolarCloud;1763661;PLTS On Grid Sorini Towa Berlian Corporindo;;;1;2;4;20.0;1.0;True;;;from JOIN String (Google Sheet Data Static MMSR)
iSolarCloud;1763661;PLTS On Grid Sorini Towa Berlian Corporindo;;;1;2;5;20.0;1.0;True;;;from JOIN String (Google Sheet Data Static MMSR)
iSolarCloud;1763661;PLTS On Grid Sorini Towa Berlian Corporindo;;;1;2;6;;;True;;;from JOIN String (Google Sheet Data Static MMSR)
iSolarCloud;1763661;PLTS On Grid Sorini Towa Berlian Corporindo;;;1;3;7;20.0;1.0;True;;;from JOIN String (Google Sheet Data Static MMSR)
iSolarCloud;1763661;PLTS On Grid Sorini Towa Berlian Corporindo;;;1;3;8;20.0;1.0;True;;;from JOIN String (Google Sheet Data Static MMSR)
iSolarCloud;1763661;PLTS On Grid Sorini Towa Berlian Corporindo;;;1;3;9;;;True;;;from JOIN String (Google Sheet Data Static MMSR)
iSolarCloud;1763661;PLTS On Grid Sorini Towa Berlian Corporindo;;;1;4;10;20.0;1.0;True;;;from JOIN String (Google Sheet Data Static MMSR)
iSolarCloud;1763661;PLTS On Grid Sorini Towa Berlian Corporindo;;;1;4;11;20.0;1.0;True;;;from JOIN String (Google Sheet Data Static MMSR)
iSolarCloud;1763661;PLTS On Grid Sorini Towa Berlian Corporindo;;;1;4;12;;;True;;;from JOIN String (Google Sheet Data Static MMSR)
iSolarCloud;1763661;PLTS On Grid Sorini Towa Berlian Corporindo;;;1;5;13;20.0;1.0;True;;;from JOIN String (Google Sheet Data Static MMSR)
iSolarCloud;1763661;PLTS On Grid Sorini Towa Berlian Corporindo;;;1;5;14;20.0;1.0;True;;;from JOIN String (Google Sheet Data Static MMSR)
iSolarCloud;1763661;PLTS On Grid Sorini Towa Berlian Corporindo;;;1;5;15;;;True;;;from JOIN String (Google Sheet Data Static MMSR)
iSolarCloud;1763661;PLTS On Grid Sorini Towa Berlian Corporindo;;;1;6;16;20.0;1.0;True;;;from JOIN String (Google Sheet Data Static MMSR)
iSolarCloud;1763661;PLTS On Grid Sorini Towa Berlian Corporindo;;;1;6;17;20.0;1.0;True;;;from JOIN String (Google Sheet Data Static MMSR)
iSolarCloud;1763661;PLTS On Grid Sorini Towa Berlian Corporindo;;;1;6;18;;;True;;;from JOIN String (Google Sheet Data Static MMSR)
iSolarCloud;1763661;PLTS On Grid Sorini Towa Berlian Corporindo;;;1;7;19;20.0;1.0;True;;;from JOIN String (Google Sheet Data Static MMSR)
iSolarCloud;1763661;PLTS On Grid Sorini Towa Berlian Corporindo;;;1;7;20;20.0;1.0;True;;;from JOIN String (Google Sheet Data Static MMSR)
iSolarCloud;1763661;PLTS On Grid Sorini Towa Berlian Corporindo;;;1;7;21;;;True;;;from JOIN String (Google Sheet Data Static MMSR)
iSolarCloud;1763661;PLTS On Grid Sorini Towa Berlian Corporindo;;;2;1;1;20.0;2.0;True;;;from JOIN String (Google Sheet Data Static MMSR)
iSolarCloud;1763661;PLTS On Grid Sorini Towa Berlian Corporindo;;;2;1;2;20.0;2.0;True;;;from JOIN String (Google Sheet Data Static MMSR)
iSolarCloud;1763661;PLTS On Grid Sorini Towa Berlian Corporindo;;;2;1;3;;;True;;;from JOIN String (Google Sheet Data Static MMSR)
iSolarCloud;1763661;PLTS On Grid Sorini Towa Berlian Corporindo;;;2;2;4;20.0;2.0;True;;;from JOIN String (Google Sheet Data Static MMSR)
iSolarCloud;1763661;PLTS On Grid Sorini Towa Berlian Corporindo;;;2;2;5;20.0;2.0;True;;;from JOIN String (Google Sheet Data Static MMSR)
iSolarCloud;1763661;PLTS On Grid Sorini Towa Berlian Corporindo;;;2;2;6;;;True;;;from JOIN String (Google Sheet Data Static MMSR)
iSolarCloud;1763661;PLTS On Grid Sorini Towa Berlian Corporindo;;;2;3;7;20.0;2.0;True;;;from JOIN String (Google Sheet Data Static MMSR)
iSolarCloud;1763661;PLTS On Grid Sorini Towa Berlian Corporindo;;;2;3;8;20.0;2.0;True;;;from JOIN String (Google Sheet Data Static MMSR)
iSolarCloud;1763661;PLTS On Grid Sorini Towa Berlian Corporindo;;;2;3;9;;;True;;;from JOIN String (Google Sheet Data Static MMSR)
iSolarCloud;1763661;PLTS On Grid Sorini Towa Berlian Corporindo;;;2;4;10;20.0;2.0;True;;;from JOIN String (Google Sheet Data Static MMSR)
iSolarCloud;1763661;PLTS On Grid Sorini Towa Berlian Corporindo;;;2;4;11;20.0;2.0;True;;;from JOIN String (Google Sheet Data Static MMSR)
iSolarCloud;1763661;PLTS On Grid Sorini Towa Berlian Corporindo;;;2;4;12;;;True;;;from JOIN String (Google Sheet Data Static MMSR)
iSolarCloud;1763661;PLTS On Grid Sorini Towa Berlian Corporindo;;;2;5;13;20.0;2.0;True;;;from JOIN String (Google Sheet Data Static MMSR)
iSolarCloud;1763661;PLTS On Grid Sorini Towa Berlian Corporindo;;;2;5;14;20.0;2.0;True;;;from JOIN String (Google Sheet Data Static MMSR)
iSolarCloud;1763661;PLTS On Grid Sorini Towa Berlian Corporindo;;;2;5;15;;;True;;;from JOIN String (Google Sheet Data Static MMSR)
iSolarCloud;1763661;PLTS On Grid Sorini Towa Berlian Corporindo;;;2;6;16;20.0;2.0;True;;;from JOIN String (Google Sheet Data Static MMSR)
iSolarCloud;1763661;PLTS On Grid Sorini Towa Berlian Corporindo;;;2;6;17;20.0;2.0;True;;;from JOIN String (Google Sheet Data Static MMSR)
iSolarCloud;1763661;PLTS On Grid Sorini Towa Berlian Corporindo;;;2;6;18;;;True;;;from JOIN String (Google Sheet Data Static MMSR)
iSolarCloud;1763661;PLTS On Grid Sorini Towa Berlian Corporindo;;;2;7;19;20.0;2.0;True;;;from JOIN String (Google Sheet Data Static MMSR)
iSolarCloud;1763661;PLTS On Grid Sorini Towa Berlian Corporindo;;;2;7;20;20.0;2.0;True;;;from JOIN String (Google Sheet Data Static MMSR)
iSolarCloud;1763661;PLTS On Grid Sorini Towa Berlian Corporindo;;;2;7;21;;;True;;;from JOIN String (Google Sheet Data Static MMSR)
iSolarCloud;1763661;PLTS On Grid Sorini Towa Berlian Corporindo;;;3;1;1;20.0;1.0;True;;;from JOIN String (Google Sheet Data Static MMSR)
iSolarCloud;1763661;PLTS On Grid Sorini Towa Berlian Corporindo;;;3;1;2;20.0;1.0;True;;;from JOIN String (Google Sheet Data Static MMSR)
iSolarCloud;1763661;PLTS On Grid Sorini Towa Berlian Corporindo;;;3;1;3;;;True;;;from JOIN String (Google Sheet Data Static MMSR)
iSolarCloud;1763661;PLTS On Grid Sorini Towa Berlian Corporindo;;;3;2;4;20.0;1.0;True;;;from JOIN String (Google Sheet Data Static MMSR)
iSolarCloud;1763661;PLTS On Grid Sorini Towa Berlian Corporindo;;;3;2;5;20.0;1.0;True;;;from JOIN String (Google Sheet Data Static MMSR)
iSolarCloud;1763661;PLTS On Grid Sorini Towa Berlian Corporindo;;;3;2;6;;;True;;;from JOIN String (Google Sheet Data Static MMSR)
iSolarCloud;1763661;PLTS On Grid Sorini Towa Berlian Corporindo;;;3;3;7;20.0;1.0;True;;;from JOIN String (Google Sheet Data Static MMSR)
iSolarCloud;1763661;PLTS On Grid Sorini Towa Berlian Corporindo;;;3;3;8;20.0;1.0;True;;;from JOIN String (Google Sheet Data Static MMSR)
iSolarCloud;1763661;PLTS On Grid Sorini Towa Berlian Corporindo;;;3;3;9;;;True;;;from JOIN String (Google Sheet Data Static MMSR)
iSolarCloud;1763661;PLTS On Grid Sorini Towa Berlian Corporindo;;;3;4;10;20.0;1.0;True;;;from JOIN String (Google Sheet Data Static MMSR)
iSolarCloud;1763661;PLTS On Grid Sorini Towa Berlian Corporindo;;;3;4;11;20.0;1.0;True;;;from JOIN String (Google Sheet Data Static MMSR)
iSolarCloud;1763661;PLTS On Grid Sorini Towa Berlian Corporindo;;;3;4;12;;;True;;;from JOIN String (Google Sheet Data Static MMSR)
iSolarCloud;1763661;PLTS On Grid Sorini Towa Berlian Corporindo;;;3;5;13;20.0;1.0;True;;;from JOIN String (Google Sheet Data Static MMSR)
iSolarCloud;1763661;PLTS On Grid Sorini Towa Berlian Corporindo;;;3;5;14;20.0;1.0;True;;;from JOIN String (Google Sheet Data Static MMSR)
iSolarCloud;1763661;PLTS On Grid Sorini Towa Berlian Corporindo;;;3;5;16;;;True;;;from JOIN String (Google Sheet Data Static MMSR)
iSolarCloud;1763661;PLTS On Grid Sorini Towa Berlian Corporindo;;;3;6;16;20.0;1.0;True;;;from JOIN String (Google Sheet Data Static MMSR)
iSolarCloud;1763661;PLTS On Grid Sorini Towa Berlian Corporindo;;;3;6;17;20.0;1.0;True;;;from JOIN String (Google Sheet Data Static MMSR)
iSolarCloud;1763661;PLTS On Grid Sorini Towa Berlian Corporindo;;;3;6;18;;;True;;;from JOIN String (Google Sheet Data Static MMSR)
iSolarCloud;1763661;PLTS On Grid Sorini Towa Berlian Corporindo;;;3;7;19;20.0;1.0;True;;;from JOIN String (Google Sheet Data Static MMSR)
iSolarCloud;1763661;PLTS On Grid Sorini Towa Berlian Corporindo;;;3;7;20;20.0;1.0;True;;;from JOIN String (Google Sheet Data Static MMSR)
iSolarCloud;1763661;PLTS On Grid Sorini Towa Berlian Corporindo;;;3;7;21;;;True;;;from JOIN String (Google Sheet Data Static MMSR)
iSolarCloud;1763661;PLTS On Grid Sorini Towa Berlian Corporindo;;;4;1;1;20.0;2.0;True;;;from JOIN String (Google Sheet Data Static MMSR)
iSolarCloud;1763661;PLTS On Grid Sorini Towa Berlian Corporindo;;;4;1;2;20.0;2.0;True;;;from JOIN String (Google Sheet Data Static MMSR)
iSolarCloud;1763661;PLTS On Grid Sorini Towa Berlian Corporindo;;;4;1;3;;;True;;;from JOIN String (Google Sheet Data Static MMSR)
iSolarCloud;1763661;PLTS On Grid Sorini Towa Berlian Corporindo;;;4;2;4;20.0;2.0;True;;;from JOIN String (Google Sheet Data Static MMSR)
iSolarCloud;1763661;PLTS On Grid Sorini Towa Berlian Corporindo;;;4;2;5;20.0;2.0;True;;;from JOIN String (Google Sheet Data Static MMSR)
iSolarCloud;1763661;PLTS On Grid Sorini Towa Berlian Corporindo;;;4;2;6;;;True;;;from JOIN String (Google Sheet Data Static MMSR)
iSolarCloud;1763661;PLTS On Grid Sorini Towa Berlian Corporindo;;;4;3;7;20.0;2.0;True;;;from JOIN String (Google Sheet Data Static MMSR)
iSolarCloud;1763661;PLTS On Grid Sorini Towa Berlian Corporindo;;;4;3;8;20.0;2.0;True;;;from JOIN String (Google Sheet Data Static MMSR)
iSolarCloud;1763661;PLTS On Grid Sorini Towa Berlian Corporindo;;;4;3;9;;;True;;;from JOIN String (Google Sheet Data Static MMSR)
iSolarCloud;1763661;PLTS On Grid Sorini Towa Berlian Corporindo;;;4;4;10;20.0;2.0;True;;;from JOIN String (Google Sheet Data Static MMSR)
iSolarCloud;1763661;PLTS On Grid Sorini Towa Berlian Corporindo;;;4;4;11;20.0;2.0;True;;;from JOIN String (Google Sheet Data Static MMSR)
iSolarCloud;1763661;PLTS On Grid Sorini Towa Berlian Corporindo;;;4;4;12;;;True;;;from JOIN String (Google Sheet Data Static MMSR)
iSolarCloud;1763661;PLTS On Grid Sorini Towa Berlian Corporindo;;;4;5;13;20.0;2.0;True;;;from JOIN String (Google Sheet Data Static MMSR)
iSolarCloud;1763661;PLTS On Grid Sorini Towa Berlian Corporindo;;;4;5;14;20.0;2.0;True;;;from JOIN String (Google Sheet Data Static MMSR)
iSolarCloud;1763661;PLTS On Grid Sorini Towa Berlian Corporindo;;;4;5;15;;;True;;;from JOIN String (Google Sheet Data Static MMSR)
iSolarCloud;1763661;PLTS On Grid Sorini Towa Berlian Corporindo;;;4;6;16;20.0;2.0;True;;;from JOIN String (Google Sheet Data Static MMSR)
iSolarCloud;1763661;PLTS On Grid Sorini Towa Berlian Corporindo;;;4;6;17;20.0;2.0;True;;;from JOIN String (Google Sheet Data Static MMSR)
iSolarCloud;1763661;PLTS On Grid Sorini Towa Berlian Corporindo;;;4;6;18;;;True;;;from JOIN String (Google Sheet Data Static MMSR)
iSolarCloud;1763661;PLTS On Grid Sorini Towa Berlian Corporindo;;;4;7;19;20.0;1.0;True;;;from JOIN String (Google Sheet Data Static MMSR)
iSolarCloud;1763661;PLTS On Grid Sorini Towa Berlian Corporindo;;;4;7;20;20.0;1.0;True;;;from JOIN String (Google Sheet Data Static MMSR)
iSolarCloud;1763661;PLTS On Grid Sorini Towa Berlian Corporindo;;;4;7;21;;;True;;;from JOIN String (Google Sheet Data Static MMSR)
iSolarCloud;1763661;PLTS On Grid Sorini Towa Berlian Corporindo;;;5;1;1;20.0;2.0;True;;;from JOIN String (Google Sheet Data Static MMSR)
iSolarCloud;1763661;PLTS On Grid Sorini Towa Berlian Corporindo;;;5;1;2;20.0;2.0;True;;;from JOIN String (Google Sheet Data Static MMSR)
iSolarCloud;1763661;PLTS On Grid Sorini Towa Berlian Corporindo;;;5;1;3;20.0;2.0;True;;;from JOIN String (Google Sheet Data Static MMSR)
iSolarCloud;1763661;PLTS On Grid Sorini Towa Berlian Corporindo;;;5;2;4;20.0;1.0;True;;;from JOIN String (Google Sheet Data Static MMSR)
iSolarCloud;1763661;PLTS On Grid Sorini Towa Berlian Corporindo;;;5;2;5;20.0;1.0;True;;;from JOIN String (Google Sheet Data Static MMSR)
iSolarCloud;1763661;PLTS On Grid Sorini Towa Berlian Corporindo;;;5;2;6;;;True;;;from JOIN String (Google Sheet Data Static MMSR)
iSolarCloud;1763661;PLTS On Grid Sorini Towa Berlian Corporindo;;;5;3;7;20.0;1.0;True;;;from JOIN String (Google Sheet Data Static MMSR)
iSolarCloud;1763661;PLTS On Grid Sorini Towa Berlian Corporindo;;;5;3;8;20.0;1.0;True;;;from JOIN String (Google Sheet Data Static MMSR)
iSolarCloud;1763661;PLTS On Grid Sorini Towa Berlian Corporindo;;;5;3;9;;;True;;;from JOIN String (Google Sheet Data Static MMSR)
iSolarCloud;1763661;PLTS On Grid Sorini Towa Berlian Corporindo;;;5;4;10;20.0;1.0;True;;;from JOIN String (Google Sheet Data Static MMSR)
iSolarCloud;1763661;PLTS On Grid Sorini Towa Berlian Corporindo;;;5;4;11;20.0;1.0;True;;;from JOIN String (Google Sheet Data Static MMSR)
iSolarCloud;1763661;PLTS On Grid Sorini Towa Berlian Corporindo;;;5;4;12;;;True;;;from JOIN String (Google Sheet Data Static MMSR)
iSolarCloud;1763661;PLTS On Grid Sorini Towa Berlian Corporindo;;;5;5;13;20.0;1.0;True;;;from JOIN String (Google Sheet Data Static MMSR)
iSolarCloud;1763661;PLTS On Grid Sorini Towa Berlian Corporindo;;;5;5;14;20.0;1.0;True;;;from JOIN String (Google Sheet Data Static MMSR)
iSolarCloud;1763661;PLTS On Grid Sorini Towa Berlian Corporindo;;;5;5;15;;;True;;;from JOIN String (Google Sheet Data Static MMSR)
iSolarCloud;1763661;PLTS On Grid Sorini Towa Berlian Corporindo;;;5;6;16;20.0;1.0;True;;;from JOIN String (Google Sheet Data Static MMSR)
iSolarCloud;1763661;PLTS On Grid Sorini Towa Berlian Corporindo;;;5;6;17;20.0;1.0;True;;;from JOIN String (Google Sheet Data Static MMSR)
iSolarCloud;1763661;PLTS On Grid Sorini Towa Berlian Corporindo;;;5;6;18;;;True;;;from JOIN String (Google Sheet Data Static MMSR)
iSolarCloud;1763661;PLTS On Grid Sorini Towa Berlian Corporindo;;;5;7;19;20.0;1.0;True;;;from JOIN String (Google Sheet Data Static MMSR)
iSolarCloud;1763661;PLTS On Grid Sorini Towa Berlian Corporindo;;;5;7;20;20.0;1.0;True;;;from JOIN String (Google Sheet Data Static MMSR)
iSolarCloud;1763661;PLTS On Grid Sorini Towa Berlian Corporindo;;;5;7;21;;;True;;;from JOIN String (Google Sheet Data Static MMSR)
iSolarCloud;1763661;PLTS On Grid Sorini Towa Berlian Corporindo;;;6;1;1;20.0;2.0;True;;;from JOIN String (Google Sheet Data Static MMSR)
iSolarCloud;1763661;PLTS On Grid Sorini Towa Berlian Corporindo;;;6;1;2;20.0;2.0;True;;;from JOIN String (Google Sheet Data Static MMSR)
iSolarCloud;1763661;PLTS On Grid Sorini Towa Berlian Corporindo;;;6;1;3;20.0;2.0;True;;;from JOIN String (Google Sheet Data Static MMSR)
iSolarCloud;1763661;PLTS On Grid Sorini Towa Berlian Corporindo;;;6;2;4;20.0;2.0;True;;;from JOIN String (Google Sheet Data Static MMSR)
iSolarCloud;1763661;PLTS On Grid Sorini Towa Berlian Corporindo;;;6;2;5;20.0;2.0;True;;;from JOIN String (Google Sheet Data Static MMSR)
iSolarCloud;1763661;PLTS On Grid Sorini Towa Berlian Corporindo;;;6;2;6;;;True;;;from JOIN String (Google Sheet Data Static MMSR)
iSolarCloud;1763661;PLTS On Grid Sorini Towa Berlian Corporindo;;;6;3;7;20.0;2.0;True;;;from JOIN String (Google Sheet Data Static MMSR)
iSolarCloud;1763661;PLTS On Grid Sorini Towa Berlian Corporindo;;;6;3;8;20.0;2.0;True;;;from JOIN String (Google Sheet Data Static MMSR)
iSolarCloud;1763661;PLTS On Grid Sorini Towa Berlian Corporindo;;;6;3;9;;;True;;;from JOIN String (Google Sheet Data Static MMSR)
iSolarCloud;1763661;PLTS On Grid Sorini Towa Berlian Corporindo;;;6;4;10;20.0;2.0;True;;;from JOIN String (Google Sheet Data Static MMSR)
iSolarCloud;1763661;PLTS On Grid Sorini Towa Berlian Corporindo;;;6;4;11;20.0;2.0;True;;;from JOIN String (Google Sheet Data Static MMSR)
iSolarCloud;1763661;PLTS On Grid Sorini Towa Berlian Corporindo;;;6;4;12;;;True;;;from JOIN String (Google Sheet Data Static MMSR)
iSolarCloud;1763661;PLTS On Grid Sorini Towa Berlian Corporindo;;;6;5;13;20.0;2.0;True;;;from JOIN String (Google Sheet Data Static MMSR)
iSolarCloud;1763661;PLTS On Grid Sorini Towa Berlian Corporindo;;;6;5;14;20.0;2.0;True;;;from JOIN String (Google Sheet Data Static MMSR)
iSolarCloud;1763661;PLTS On Grid Sorini Towa Berlian Corporindo;;;6;5;15;;;True;;;from JOIN String (Google Sheet Data Static MMSR)
iSolarCloud;1763661;PLTS On Grid Sorini Towa Berlian Corporindo;;;6;6;16;20.0;1.0;True;;;from JOIN String (Google Sheet Data Static MMSR)
iSolarCloud;1763661;PLTS On Grid Sorini Towa Berlian Corporindo;;;6;6;17;20.0;1.0;True;;;from JOIN String (Google Sheet Data Static MMSR)
iSolarCloud;1763661;PLTS On Grid Sorini Towa Berlian Corporindo;;;6;6;18;;;True;;;from JOIN String (Google Sheet Data Static MMSR)
iSolarCloud;1763661;PLTS On Grid Sorini Towa Berlian Corporindo;;;6;7;19;20.0;1.0;True;;;from JOIN String (Google Sheet Data Static MMSR)
iSolarCloud;1763661;PLTS On Grid Sorini Towa Berlian Corporindo;;;6;7;20;20.0;1.0;True;;;from JOIN String (Google Sheet Data Static MMSR)
iSolarCloud;1763661;PLTS On Grid Sorini Towa Berlian Corporindo;;;6;7;21;;;True;;;from JOIN String (Google Sheet Data Static MMSR)
iSolarCloud;1763661;PLTS On Grid Sorini Towa Berlian Corporindo;;;7;1;1;20.0;1.0;True;;;from JOIN String (Google Sheet Data Static MMSR)
iSolarCloud;1763661;PLTS On Grid Sorini Towa Berlian Corporindo;;;7;1;2;20.0;1.0;True;;;from JOIN String (Google Sheet Data Static MMSR)
iSolarCloud;1763661;PLTS On Grid Sorini Towa Berlian Corporindo;;;7;1;3;20.0;1.0;True;;;from JOIN String (Google Sheet Data Static MMSR)
iSolarCloud;1763661;PLTS On Grid Sorini Towa Berlian Corporindo;;;7;2;4;20.0;1.0;True;;;from JOIN String (Google Sheet Data Static MMSR)
iSolarCloud;1763661;PLTS On Grid Sorini Towa Berlian Corporindo;;;7;2;5;20.0;1.0;True;;;from JOIN String (Google Sheet Data Static MMSR)
iSolarCloud;1763661;PLTS On Grid Sorini Towa Berlian Corporindo;;;7;2;6;;;True;;;from JOIN String (Google Sheet Data Static MMSR)
iSolarCloud;1763661;PLTS On Grid Sorini Towa Berlian Corporindo;;;7;3;7;20.0;1.0;True;;;from JOIN String (Google Sheet Data Static MMSR)
iSolarCloud;1763661;PLTS On Grid Sorini Towa Berlian Corporindo;;;7;3;8;20.0;1.0;True;;;from JOIN String (Google Sheet Data Static MMSR)
iSolarCloud;1763661;PLTS On Grid Sorini Towa Berlian Corporindo;;;7;3;9;;;True;;;from JOIN String (Google Sheet Data Static MMSR)
iSolarCloud;1763661;PLTS On Grid Sorini Towa Berlian Corporindo;;;7;4;10;20.0;1.0;True;;;from JOIN String (Google Sheet Data Static MMSR)
iSolarCloud;1763661;PLTS On Grid Sorini Towa Berlian Corporindo;;;7;4;11;20.0;1.0;True;;;from JOIN String (Google Sheet Data Static MMSR)
iSolarCloud;1763661;PLTS On Grid Sorini Towa Berlian Corporindo;;;7;4;12;;;True;;;from JOIN String (Google Sheet Data Static MMSR)
iSolarCloud;1763661;PLTS On Grid Sorini Towa Berlian Corporindo;;;7;5;13;20.0;2.0;True;;;from JOIN String (Google Sheet Data Static MMSR)
iSolarCloud;1763661;PLTS On Grid Sorini Towa Berlian Corporindo;;;7;5;14;20.0;2.0;True;;;from JOIN String (Google Sheet Data Static MMSR)
iSolarCloud;1763661;PLTS On Grid Sorini Towa Berlian Corporindo;;;7;5;15;;;True;;;from JOIN String (Google Sheet Data Static MMSR)
iSolarCloud;1763661;PLTS On Grid Sorini Towa Berlian Corporindo;;;7;6;16;20.0;2.0;True;;;from JOIN String (Google Sheet Data Static MMSR)
iSolarCloud;1763661;PLTS On Grid Sorini Towa Berlian Corporindo;;;7;6;17;20.0;2.0;True;;;from JOIN String (Google Sheet Data Static MMSR)
iSolarCloud;1763661;PLTS On Grid Sorini Towa Berlian Corporindo;;;7;6;18;;;True;;;from JOIN String (Google Sheet Data Static MMSR)
iSolarCloud;1763661;PLTS On Grid Sorini Towa Berlian Corporindo;;;7;7;19;20.0;2.0;True;;;from JOIN String (Google Sheet Data Static MMSR)
iSolarCloud;1763661;PLTS On Grid Sorini Towa Berlian Corporindo;;;7;7;20;20.0;2.0;True;;;from JOIN String (Google Sheet Data Static MMSR)
iSolarCloud;1763661;PLTS On Grid Sorini Towa Berlian Corporindo;;;7;7;21;;;True;;;from JOIN String (Google Sheet Data Static MMSR)
iSolarCloud;1763661;PLTS On Grid Sorini Towa Berlian Corporindo;;;8;1;1;20.0;2.0;True;;;from JOIN String (Google Sheet Data Static MMSR)
iSolarCloud;1763661;PLTS On Grid Sorini Towa Berlian Corporindo;;;8;1;2;20.0;2.0;True;;;from JOIN String (Google Sheet Data Static MMSR)
iSolarCloud;1763661;PLTS On Grid Sorini Towa Berlian Corporindo;;;8;1;3;20.0;2.0;True;;;from JOIN String (Google Sheet Data Static MMSR)
iSolarCloud;1763661;PLTS On Grid Sorini Towa Berlian Corporindo;;;8;2;4;20.0;2.0;True;;;from JOIN String (Google Sheet Data Static MMSR)
iSolarCloud;1763661;PLTS On Grid Sorini Towa Berlian Corporindo;;;8;2;5;20.0;2.0;True;;;from JOIN String (Google Sheet Data Static MMSR)
iSolarCloud;1763661;PLTS On Grid Sorini Towa Berlian Corporindo;;;8;2;6;;;True;;;from JOIN String (Google Sheet Data Static MMSR)
iSolarCloud;1763661;PLTS On Grid Sorini Towa Berlian Corporindo;;;8;3;7;20.0;2.0;True;;;from JOIN String (Google Sheet Data Static MMSR)
iSolarCloud;1763661;PLTS On Grid Sorini Towa Berlian Corporindo;;;8;3;8;20.0;2.0;True;;;from JOIN String (Google Sheet Data Static MMSR)
iSolarCloud;1763661;PLTS On Grid Sorini Towa Berlian Corporindo;;;8;3;9;;;True;;;from JOIN String (Google Sheet Data Static MMSR)
iSolarCloud;1763661;PLTS On Grid Sorini Towa Berlian Corporindo;;;8;4;10;20.0;1.0;True;;;from JOIN String (Google Sheet Data Static MMSR)
iSolarCloud;1763661;PLTS On Grid Sorini Towa Berlian Corporindo;;;8;4;11;20.0;1.0;True;;;from JOIN String (Google Sheet Data Static MMSR)
iSolarCloud;1763661;PLTS On Grid Sorini Towa Berlian Corporindo;;;8;4;12;;;True;;;from JOIN String (Google Sheet Data Static MMSR)
iSolarCloud;1763661;PLTS On Grid Sorini Towa Berlian Corporindo;;;8;5;13;20.0;1.0;True;;;from JOIN String (Google Sheet Data Static MMSR)
iSolarCloud;1763661;PLTS On Grid Sorini Towa Berlian Corporindo;;;8;5;14;20.0;1.0;True;;;from JOIN String (Google Sheet Data Static MMSR)
iSolarCloud;1763661;PLTS On Grid Sorini Towa Berlian Corporindo;;;8;5;15;;;True;;;from JOIN String (Google Sheet Data Static MMSR)
iSolarCloud;1763661;PLTS On Grid Sorini Towa Berlian Corporindo;;;8;6;16;20.0;1.0;True;;;from JOIN String (Google Sheet Data Static MMSR)
iSolarCloud;1763661;PLTS On Grid Sorini Towa Berlian Corporindo;;;8;6;17;20.0;1.0;True;;;from JOIN String (Google Sheet Data Static MMSR)
iSolarCloud;1763661;PLTS On Grid Sorini Towa Berlian Corporindo;;;8;6;18;;;True;;;from JOIN String (Google Sheet Data Static MMSR)
iSolarCloud;1763661;PLTS On Grid Sorini Towa Berlian Corporindo;;;8;7;19;20.0;1.0;True;;;from JOIN String (Google Sheet Data Static MMSR)
iSolarCloud;1763661;PLTS On Grid Sorini Towa Berlian Corporindo;;;8;7;20;20.0;1.0;True;;;from JOIN String (Google Sheet Data Static MMSR)
iSolarCloud;1763661;PLTS On Grid Sorini Towa Berlian Corporindo;;;8;7;21;;;True;;;from JOIN String (Google Sheet Data Static MMSR)
iSolarCloud;1763661;PLTS On Grid Sorini Towa Berlian Corporindo;;;9;1;1;20.0;2.0;True;;;from JOIN String (Google Sheet Data Static MMSR)
iSolarCloud;1763661;PLTS On Grid Sorini Towa Berlian Corporindo;;;9;1;2;20.0;2.0;True;;;from JOIN String (Google Sheet Data Static MMSR)
iSolarCloud;1763661;PLTS On Grid Sorini Towa Berlian Corporindo;;;9;1;3;20.0;2.0;True;;;from JOIN String (Google Sheet Data Static MMSR)
iSolarCloud;1763661;PLTS On Grid Sorini Towa Berlian Corporindo;;;9;2;4;20.0;2.0;True;;;from JOIN String (Google Sheet Data Static MMSR)
iSolarCloud;1763661;PLTS On Grid Sorini Towa Berlian Corporindo;;;9;2;5;20.0;2.0;True;;;from JOIN String (Google Sheet Data Static MMSR)
iSolarCloud;1763661;PLTS On Grid Sorini Towa Berlian Corporindo;;;9;2;6;;;True;;;from JOIN String (Google Sheet Data Static MMSR)
iSolarCloud;1763661;PLTS On Grid Sorini Towa Berlian Corporindo;;;9;3;7;20.0;2.0;True;;;from JOIN String (Google Sheet Data Static MMSR)
iSolarCloud;1763661;PLTS On Grid Sorini Towa Berlian Corporindo;;;9;3;8;20.0;2.0;True;;;from JOIN String (Google Sheet Data Static MMSR)
iSolarCloud;1763661;PLTS On Grid Sorini Towa Berlian Corporindo;;;9;3;9;;;True;;;from JOIN String (Google Sheet Data Static MMSR)
iSolarCloud;1763661;PLTS On Grid Sorini Towa Berlian Corporindo;;;9;4;10;20.0;2.0;True;;;from JOIN String (Google Sheet Data Static MMSR)
iSolarCloud;1763661;PLTS On Grid Sorini Towa Berlian Corporindo;;;9;4;11;20.0;2.0;True;;;from JOIN String (Google Sheet Data Static MMSR)
iSolarCloud;1763661;PLTS On Grid Sorini Towa Berlian Corporindo;;;9;4;12;;;True;;;from JOIN String (Google Sheet Data Static MMSR)
iSolarCloud;1763661;PLTS On Grid Sorini Towa Berlian Corporindo;;;9;5;13;20.0;2.0;True;;;from JOIN String (Google Sheet Data Static MMSR)
iSolarCloud;1763661;PLTS On Grid Sorini Towa Berlian Corporindo;;;9;5;14;20.0;2.0;True;;;from JOIN String (Google Sheet Data Static MMSR)
iSolarCloud;1763661;PLTS On Grid Sorini Towa Berlian Corporindo;;;9;5;15;;;True;;;from JOIN String (Google Sheet Data Static MMSR)
iSolarCloud;1763661;PLTS On Grid Sorini Towa Berlian Corporindo;;;9;6;16;20.0;1.0;True;;;from JOIN String (Google Sheet Data Static MMSR)
iSolarCloud;1763661;PLTS On Grid Sorini Towa Berlian Corporindo;;;9;6;17;20.0;1.0;True;;;from JOIN String (Google Sheet Data Static MMSR)
iSolarCloud;1763661;PLTS On Grid Sorini Towa Berlian Corporindo;;;9;6;18;;;True;;;from JOIN String (Google Sheet Data Static MMSR)
iSolarCloud;1763661;PLTS On Grid Sorini Towa Berlian Corporindo;;;9;7;19;20.0;1.0;True;;;from JOIN String (Google Sheet Data Static MMSR)
iSolarCloud;1763661;PLTS On Grid Sorini Towa Berlian Corporindo;;;9;7;20;20.0;1.0;True;;;from JOIN String (Google Sheet Data Static MMSR)
iSolarCloud;1763661;PLTS On Grid Sorini Towa Berlian Corporindo;;;9;7;21;;;True;;;from JOIN String (Google Sheet Data Static MMSR)
iSolarCloud;1763661;PLTS On Grid Sorini Towa Berlian Corporindo;;;10;1;1;20.0;2.0;True;;;from JOIN String (Google Sheet Data Static MMSR)
iSolarCloud;1763661;PLTS On Grid Sorini Towa Berlian Corporindo;;;10;1;2;20.0;2.0;True;;;from JOIN String (Google Sheet Data Static MMSR)
iSolarCloud;1763661;PLTS On Grid Sorini Towa Berlian Corporindo;;;10;1;3;20.0;2.0;True;;;from JOIN String (Google Sheet Data Static MMSR)
iSolarCloud;1763661;PLTS On Grid Sorini Towa Berlian Corporindo;;;10;2;4;20.0;1.0;True;;;from JOIN String (Google Sheet Data Static MMSR)
iSolarCloud;1763661;PLTS On Grid Sorini Towa Berlian Corporindo;;;10;2;5;20.0;1.0;True;;;from JOIN String (Google Sheet Data Static MMSR)
iSolarCloud;1763661;PLTS On Grid Sorini Towa Berlian Corporindo;;;10;2;6;;;True;;;from JOIN String (Google Sheet Data Static MMSR)
iSolarCloud;1763661;PLTS On Grid Sorini Towa Berlian Corporindo;;;10;3;7;20.0;1.0;True;;;from JOIN String (Google Sheet Data Static MMSR)
iSolarCloud;1763661;PLTS On Grid Sorini Towa Berlian Corporindo;;;10;3;8;20.0;1.0;True;;;from JOIN String (Google Sheet Data Static MMSR)
iSolarCloud;1763661;PLTS On Grid Sorini Towa Berlian Corporindo;;;10;3;9;;;True;;;from JOIN String (Google Sheet Data Static MMSR)
iSolarCloud;1763661;PLTS On Grid Sorini Towa Berlian Corporindo;;;10;4;10;20.0;1.0;True;;;from JOIN String (Google Sheet Data Static MMSR)
iSolarCloud;1763661;PLTS On Grid Sorini Towa Berlian Corporindo;;;10;4;11;20.0;1.0;True;;;from JOIN String (Google Sheet Data Static MMSR)
iSolarCloud;1763661;PLTS On Grid Sorini Towa Berlian Corporindo;;;10;4;12;;;True;;;from JOIN String (Google Sheet Data Static MMSR)
iSolarCloud;1763661;PLTS On Grid Sorini Towa Berlian Corporindo;;;10;5;13;20.0;1.0;True;;;from JOIN String (Google Sheet Data Static MMSR)
iSolarCloud;1763661;PLTS On Grid Sorini Towa Berlian Corporindo;;;10;5;14;20.0;1.0;True;;;from JOIN String (Google Sheet Data Static MMSR)
iSolarCloud;1763661;PLTS On Grid Sorini Towa Berlian Corporindo;;;10;5;15;;;True;;;from JOIN String (Google Sheet Data Static MMSR)
iSolarCloud;1763661;PLTS On Grid Sorini Towa Berlian Corporindo;;;10;6;16;20.0;1.0;True;;;from JOIN String (Google Sheet Data Static MMSR)
iSolarCloud;1763661;PLTS On Grid Sorini Towa Berlian Corporindo;;;10;6;17;20.0;1.0;True;;;from JOIN String (Google Sheet Data Static MMSR)
iSolarCloud;1763661;PLTS On Grid Sorini Towa Berlian Corporindo;;;10;6;18;;;True;;;from JOIN String (Google Sheet Data Static MMSR)
iSolarCloud;1763661;PLTS On Grid Sorini Towa Berlian Corporindo;;;10;7;19;20.0;1.0;True;;;from JOIN String (Google Sheet Data Static MMSR)
iSolarCloud;1763661;PLTS On Grid Sorini Towa Berlian Corporindo;;;10;7;20;20.0;1.0;True;;;from JOIN String (Google Sheet Data Static MMSR)
iSolarCloud;1763661;PLTS On Grid Sorini Towa Berlian Corporindo;;;10;7;21;;;True;;;from JOIN String (Google Sheet Data Static MMSR)
iSolarCloud;1680199;PLTS Rooftop Sumatera Prima Fibreboard;;;1;1;1;18.0;1.0;True;;;from JOIN String (Google Sheet Data Static MMSR)
iSolarCloud;1680199;PLTS Rooftop Sumatera Prima Fibreboard;;;1;1;2;18.0;1.0;True;;;from JOIN String (Google Sheet Data Static MMSR)
iSolarCloud;1680199;PLTS Rooftop Sumatera Prima Fibreboard;;;1;1;3;18.0;1.0;True;;;from JOIN String (Google Sheet Data Static MMSR)
iSolarCloud;1680199;PLTS Rooftop Sumatera Prima Fibreboard;;;1;2;4;18.0;1.0;True;;;from JOIN String (Google Sheet Data Static MMSR)
iSolarCloud;1680199;PLTS Rooftop Sumatera Prima Fibreboard;;;1;2;5;18.0;1.0;True;;;from JOIN String (Google Sheet Data Static MMSR)
iSolarCloud;1680199;PLTS Rooftop Sumatera Prima Fibreboard;;;1;2;6;;;True;;;from JOIN String (Google Sheet Data Static MMSR)
iSolarCloud;1680199;PLTS Rooftop Sumatera Prima Fibreboard;;;1;3;7;18.0;1.0;True;;;from JOIN String (Google Sheet Data Static MMSR)
iSolarCloud;1680199;PLTS Rooftop Sumatera Prima Fibreboard;;;1;3;8;18.0;1.0;True;;;from JOIN String (Google Sheet Data Static MMSR)
iSolarCloud;1680199;PLTS Rooftop Sumatera Prima Fibreboard;;;1;3;9;;;True;;;from JOIN String (Google Sheet Data Static MMSR)
iSolarCloud;1680199;PLTS Rooftop Sumatera Prima Fibreboard;;;1;4;10;18.0;2.0;True;;;from JOIN String (Google Sheet Data Static MMSR)
iSolarCloud;1680199;PLTS Rooftop Sumatera Prima Fibreboard;;;1;4;11;18.0;2.0;True;;;from JOIN String (Google Sheet Data Static MMSR)
iSolarCloud;1680199;PLTS Rooftop Sumatera Prima Fibreboard;;;1;4;12;;;True;;;from JOIN String (Google Sheet Data Static MMSR)
iSolarCloud;1680199;PLTS Rooftop Sumatera Prima Fibreboard;;;1;5;13;18.0;2.0;True;;;from JOIN String (Google Sheet Data Static MMSR)
iSolarCloud;1680199;PLTS Rooftop Sumatera Prima Fibreboard;;;1;5;14;18.0;2.0;True;;;from JOIN String (Google Sheet Data Static MMSR)
iSolarCloud;1680199;PLTS Rooftop Sumatera Prima Fibreboard;;;1;5;15;;;True;;;from JOIN String (Google Sheet Data Static MMSR)
iSolarCloud;1680199;PLTS Rooftop Sumatera Prima Fibreboard;;;1;6;16;18.0;2.0;True;;;from JOIN String (Google Sheet Data Static MMSR)
iSolarCloud;1680199;PLTS Rooftop Sumatera Prima Fibreboard;;;1;6;17;18.0;2.0;True;;;from JOIN String (Google Sheet Data Static MMSR)
iSolarCloud;1680199;PLTS Rooftop Sumatera Prima Fibreboard;;;1;6;18;;;True;;;from JOIN String (Google Sheet Data Static MMSR)
iSolarCloud;1680199;PLTS Rooftop Sumatera Prima Fibreboard;;;1;7;19;19.0;2.0;True;;;from JOIN String (Google Sheet Data Static MMSR)
iSolarCloud;1680199;PLTS Rooftop Sumatera Prima Fibreboard;;;1;7;20;19.0;2.0;True;;;from JOIN String (Google Sheet Data Static MMSR)
iSolarCloud;1680199;PLTS Rooftop Sumatera Prima Fibreboard;;;1;7;21;;;True;;;from JOIN String (Google Sheet Data Static MMSR)
iSolarCloud;1680199;PLTS Rooftop Sumatera Prima Fibreboard;;;2;1;1;18.0;1.0;True;;;from JOIN String (Google Sheet Data Static MMSR)
iSolarCloud;1680199;PLTS Rooftop Sumatera Prima Fibreboard;;;2;1;2;18.0;1.0;True;;;from JOIN String (Google Sheet Data Static MMSR)
iSolarCloud;1680199;PLTS Rooftop Sumatera Prima Fibreboard;;;2;1;3;;;True;;;from JOIN String (Google Sheet Data Static MMSR)
iSolarCloud;1680199;PLTS Rooftop Sumatera Prima Fibreboard;;;2;2;4;18.0;1.0;True;;;from JOIN String (Google Sheet Data Static MMSR)
iSolarCloud;1680199;PLTS Rooftop Sumatera Prima Fibreboard;;;2;2;5;18.0;1.0;True;;;from JOIN String (Google Sheet Data Static MMSR)
iSolarCloud;1680199;PLTS Rooftop Sumatera Prima Fibreboard;;;2;2;6;;;True;;;from JOIN String (Google Sheet Data Static MMSR)
iSolarCloud;1680199;PLTS Rooftop Sumatera Prima Fibreboard;;;2;3;7;18.0;1.0;True;;;from JOIN String (Google Sheet Data Static MMSR)
iSolarCloud;1680199;PLTS Rooftop Sumatera Prima Fibreboard;;;2;3;8;18.0;1.0;True;;;from JOIN String (Google Sheet Data Static MMSR)
iSolarCloud;1680199;PLTS Rooftop Sumatera Prima Fibreboard;;;2;3;9;;;True;;;from JOIN String (Google Sheet Data Static MMSR)
iSolarCloud;1680199;PLTS Rooftop Sumatera Prima Fibreboard;;;2;4;10;19.0;2.0;True;;;from JOIN String (Google Sheet Data Static MMSR)
iSolarCloud;1680199;PLTS Rooftop Sumatera Prima Fibreboard;;;2;4;11;19.0;2.0;True;;;from JOIN String (Google Sheet Data Static MMSR)
iSolarCloud;1680199;PLTS Rooftop Sumatera Prima Fibreboard;;;2;4;12;;;True;;;from JOIN String (Google Sheet Data Static MMSR)
iSolarCloud;1680199;PLTS Rooftop Sumatera Prima Fibreboard;;;2;5;13;19.0;2.0;True;;;from JOIN String (Google Sheet Data Static MMSR)
iSolarCloud;1680199;PLTS Rooftop Sumatera Prima Fibreboard;;;2;5;14;19.0;2.0;True;;;from JOIN String (Google Sheet Data Static MMSR)
iSolarCloud;1680199;PLTS Rooftop Sumatera Prima Fibreboard;;;2;5;15;;;True;;;from JOIN String (Google Sheet Data Static MMSR)
iSolarCloud;1680199;PLTS Rooftop Sumatera Prima Fibreboard;;;2;6;16;19.0;2.0;True;;;from JOIN String (Google Sheet Data Static MMSR)
iSolarCloud;1680199;PLTS Rooftop Sumatera Prima Fibreboard;;;2;6;17;19.0;2.0;True;;;from JOIN String (Google Sheet Data Static MMSR)
iSolarCloud;1680199;PLTS Rooftop Sumatera Prima Fibreboard;;;2;6;18;;;True;;;from JOIN String (Google Sheet Data Static MMSR)
iSolarCloud;1680199;PLTS Rooftop Sumatera Prima Fibreboard;;;2;7;19;19.0;2.0;True;;;from JOIN String (Google Sheet Data Static MMSR)
iSolarCloud;1680199;PLTS Rooftop Sumatera Prima Fibreboard;;;2;7;20;19.0;2.0;True;;;from JOIN String (Google Sheet Data Static MMSR)
iSolarCloud;1680199;PLTS Rooftop Sumatera Prima Fibreboard;;;2;7;21;;;True;;;from JOIN String (Google Sheet Data Static MMSR)
iSolarCloud;1680199;PLTS Rooftop Sumatera Prima Fibreboard;;;3;1;1;18.0;1.0;True;;;from JOIN String (Google Sheet Data Static MMSR)
iSolarCloud;1680199;PLTS Rooftop Sumatera Prima Fibreboard;;;3;1;2;18.0;1.0;True;;;from JOIN String (Google Sheet Data Static MMSR)
iSolarCloud;1680199;PLTS Rooftop Sumatera Prima Fibreboard;;;3;1;3;;;True;;;from JOIN String (Google Sheet Data Static MMSR)
iSolarCloud;1680199;PLTS Rooftop Sumatera Prima Fibreboard;;;3;2;4;18.0;2.0;True;;;from JOIN String (Google Sheet Data Static MMSR)
iSolarCloud;1680199;PLTS Rooftop Sumatera Prima Fibreboard;;;3;2;5;18.0;2.0;True;;;from JOIN String (Google Sheet Data Static MMSR)
iSolarCloud;1680199;PLTS Rooftop Sumatera Prima Fibreboard;;;3;2;6;;;True;;;from JOIN String (Google Sheet Data Static MMSR)
iSolarCloud;1680199;PLTS Rooftop Sumatera Prima Fibreboard;;;3;3;7;19.0;2.0;True;;;from JOIN String (Google Sheet Data Static MMSR)
iSolarCloud;1680199;PLTS Rooftop Sumatera Prima Fibreboard;;;3;3;8;19.0;2.0;True;;;from JOIN String (Google Sheet Data Static MMSR)
iSolarCloud;1680199;PLTS Rooftop Sumatera Prima Fibreboard;;;3;3;9;;;True;;;from JOIN String (Google Sheet Data Static MMSR)
iSolarCloud;1680199;PLTS Rooftop Sumatera Prima Fibreboard;;;3;4;10;19.0;2.0;True;;;from JOIN String (Google Sheet Data Static MMSR)
iSolarCloud;1680199;PLTS Rooftop Sumatera Prima Fibreboard;;;3;4;11;19.0;2.0;True;;;from JOIN String (Google Sheet Data Static MMSR)
iSolarCloud;1680199;PLTS Rooftop Sumatera Prima Fibreboard;;;3;4;12;;;True;;;from JOIN String (Google Sheet Data Static MMSR)
iSolarCloud;1680199;PLTS Rooftop Sumatera Prima Fibreboard;;;3;5;13;19.0;3.0;True;;;from JOIN String (Google Sheet Data Static MMSR)
iSolarCloud;1680199;PLTS Rooftop Sumatera Prima Fibreboard;;;3;5;14;19.0;3.0;True;;;from JOIN String (Google Sheet Data Static MMSR)
iSolarCloud;1680199;PLTS Rooftop Sumatera Prima Fibreboard;;;3;5;15;;;True;;;from JOIN String (Google Sheet Data Static MMSR)
iSolarCloud;1680199;PLTS Rooftop Sumatera Prima Fibreboard;;;3;6;16;18.0;3.0;True;;;from JOIN String (Google Sheet Data Static MMSR)
iSolarCloud;1680199;PLTS Rooftop Sumatera Prima Fibreboard;;;3;6;17;18.0;3.0;True;;;from JOIN String (Google Sheet Data Static MMSR)
iSolarCloud;1680199;PLTS Rooftop Sumatera Prima Fibreboard;;;3;6;18;;;True;;;from JOIN String (Google Sheet Data Static MMSR)
iSolarCloud;1680199;PLTS Rooftop Sumatera Prima Fibreboard;;;3;7;19;18.0;3.0;True;;;from JOIN String (Google Sheet Data Static MMSR)
iSolarCloud;1680199;PLTS Rooftop Sumatera Prima Fibreboard;;;3;7;20;18.0;3.0;True;;;from JOIN String (Google Sheet Data Static MMSR)
iSolarCloud;1680199;PLTS Rooftop Sumatera Prima Fibreboard;;;3;7;21;18.0;3.0;True;;;from JOIN String (Google Sheet Data Static MMSR)
iSolarCloud;1680199;PLTS Rooftop Sumatera Prima Fibreboard;;;4;1;1;20.0;3.0;True;;;from JOIN String (Google Sheet Data Static MMSR)
iSolarCloud;1680199;PLTS Rooftop Sumatera Prima Fibreboard;;;4;1;2;20.0;3.0;True;;;from JOIN String (Google Sheet Data Static MMSR)
iSolarCloud;1680199;PLTS Rooftop Sumatera Prima Fibreboard;;;4;1;3;;;True;;;from JOIN String (Google Sheet Data Static MMSR)
iSolarCloud;1680199;PLTS Rooftop Sumatera Prima Fibreboard;;;4;2;4;20.0;3.0;True;;;from JOIN String (Google Sheet Data Static MMSR)
iSolarCloud;1680199;PLTS Rooftop Sumatera Prima Fibreboard;;;4;2;5;20.0;3.0;True;;;from JOIN String (Google Sheet Data Static MMSR)
iSolarCloud;1680199;PLTS Rooftop Sumatera Prima Fibreboard;;;4;2;6;;;True;;;from JOIN String (Google Sheet Data Static MMSR)
iSolarCloud;1680199;PLTS Rooftop Sumatera Prima Fibreboard;;;4;3;7;18.0;3.0;True;;;from JOIN String (Google Sheet Data Static MMSR)
iSolarCloud;1680199;PLTS Rooftop Sumatera Prima Fibreboard;;;4;3;8;18.0;3.0;True;;;from JOIN String (Google Sheet Data Static MMSR)
iSolarCloud;1680199;PLTS Rooftop Sumatera Prima Fibreboard;;;4;3;9;;;True;;;from JOIN String (Google Sheet Data Static MMSR)
iSolarCloud;1680199;PLTS Rooftop Sumatera Prima Fibreboard;;;4;4;10;18.0;3.0;True;;;from JOIN String (Google Sheet Data Static MMSR)
iSolarCloud;1680199;PLTS Rooftop Sumatera Prima Fibreboard;;;4;4;11;18.0;3.0;True;;;from JOIN String (Google Sheet Data Static MMSR)
iSolarCloud;1680199;PLTS Rooftop Sumatera Prima Fibreboard;;;4;4;12;;;True;;;from JOIN String (Google Sheet Data Static MMSR)
iSolarCloud;1680199;PLTS Rooftop Sumatera Prima Fibreboard;;;4;5;13;20.0;3.0;True;;;from JOIN String (Google Sheet Data Static MMSR)
iSolarCloud;1680199;PLTS Rooftop Sumatera Prima Fibreboard;;;4;5;14;20.0;3.0;True;;;from JOIN String (Google Sheet Data Static MMSR)
iSolarCloud;1680199;PLTS Rooftop Sumatera Prima Fibreboard;;;4;5;15;;;True;;;from JOIN String (Google Sheet Data Static MMSR)
iSolarCloud;1680199;PLTS Rooftop Sumatera Prima Fibreboard;;;4;6;16;20.0;3.0;True;;;from JOIN String (Google Sheet Data Static MMSR)
iSolarCloud;1680199;PLTS Rooftop Sumatera Prima Fibreboard;;;4;6;17;20.0;3.0;True;;;from JOIN String (Google Sheet Data Static MMSR)
iSolarCloud;1680199;PLTS Rooftop Sumatera Prima Fibreboard;;;4;6;18;;;True;;;from JOIN String (Google Sheet Data Static MMSR)
iSolarCloud;1680199;PLTS Rooftop Sumatera Prima Fibreboard;;;4;7;19;20.0;3.0;True;;;from JOIN String (Google Sheet Data Static MMSR)
iSolarCloud;1680199;PLTS Rooftop Sumatera Prima Fibreboard;;;4;7;20;20.0;3.0;True;;;from JOIN String (Google Sheet Data Static MMSR)
iSolarCloud;1680199;PLTS Rooftop Sumatera Prima Fibreboard;;;4;7;21;;;True;;;from JOIN String (Google Sheet Data Static MMSR)
iSolarCloud;1680199;PLTS Rooftop Sumatera Prima Fibreboard;;;5;1;1;20.0;3.0;True;;;from JOIN String (Google Sheet Data Static MMSR)
iSolarCloud;1680199;PLTS Rooftop Sumatera Prima Fibreboard;;;5;1;2;20.0;3.0;True;;;from JOIN String (Google Sheet Data Static MMSR)
iSolarCloud;1680199;PLTS Rooftop Sumatera Prima Fibreboard;;;5;1;3;;;True;;;from JOIN String (Google Sheet Data Static MMSR)
iSolarCloud;1680199;PLTS Rooftop Sumatera Prima Fibreboard;;;5;2;4;18.0;3.0;True;;;from JOIN String (Google Sheet Data Static MMSR)
iSolarCloud;1680199;PLTS Rooftop Sumatera Prima Fibreboard;;;5;2;5;18.0;3.0;True;;;from JOIN String (Google Sheet Data Static MMSR)
iSolarCloud;1680199;PLTS Rooftop Sumatera Prima Fibreboard;;;5;2;6;;;True;;;from JOIN String (Google Sheet Data Static MMSR)
iSolarCloud;1680199;PLTS Rooftop Sumatera Prima Fibreboard;;;5;3;7;18.0;3.0;True;;;from JOIN String (Google Sheet Data Static MMSR)
iSolarCloud;1680199;PLTS Rooftop Sumatera Prima Fibreboard;;;5;3;8;18.0;3.0;True;;;from JOIN String (Google Sheet Data Static MMSR)
iSolarCloud;1680199;PLTS Rooftop Sumatera Prima Fibreboard;;;5;3;9;;;True;;;from JOIN String (Google Sheet Data Static MMSR)
iSolarCloud;1680199;PLTS Rooftop Sumatera Prima Fibreboard;;;5;4;10;20.0;3.0;True;;;from JOIN String (Google Sheet Data Static MMSR)
iSolarCloud;1680199;PLTS Rooftop Sumatera Prima Fibreboard;;;5;4;11;20.0;3.0;True;;;from JOIN String (Google Sheet Data Static MMSR)
iSolarCloud;1680199;PLTS Rooftop Sumatera Prima Fibreboard;;;5;4;12;;;True;;;from JOIN String (Google Sheet Data Static MMSR)
iSolarCloud;1680199;PLTS Rooftop Sumatera Prima Fibreboard;;;5;5;13;20.0;3.0;True;;;from JOIN String (Google Sheet Data Static MMSR)
iSolarCloud;1680199;PLTS Rooftop Sumatera Prima Fibreboard;;;5;5;14;20.0;3.0;True;;;from JOIN String (Google Sheet Data Static MMSR)
iSolarCloud;1680199;PLTS Rooftop Sumatera Prima Fibreboard;;;5;5;15;;;True;;;from JOIN String (Google Sheet Data Static MMSR)
iSolarCloud;1680199;PLTS Rooftop Sumatera Prima Fibreboard;;;5;6;16;20.0;3.0;True;;;from JOIN String (Google Sheet Data Static MMSR)
iSolarCloud;1680199;PLTS Rooftop Sumatera Prima Fibreboard;;;5;6;17;20.0;3.0;True;;;from JOIN String (Google Sheet Data Static MMSR)
iSolarCloud;1680199;PLTS Rooftop Sumatera Prima Fibreboard;;;5;6;18;;;True;;;from JOIN String (Google Sheet Data Static MMSR)
iSolarCloud;1680199;PLTS Rooftop Sumatera Prima Fibreboard;;;5;7;19;20.0;3.0;True;;;from JOIN String (Google Sheet Data Static MMSR)
iSolarCloud;1680199;PLTS Rooftop Sumatera Prima Fibreboard;;;5;7;20;20.0;3.0;True;;;from JOIN String (Google Sheet Data Static MMSR)
iSolarCloud;1680199;PLTS Rooftop Sumatera Prima Fibreboard;;;5;7;21;20.0;3.0;True;;;from JOIN String (Google Sheet Data Static MMSR)
iSolarCloud;1680199;PLTS Rooftop Sumatera Prima Fibreboard;;;6;1;1;19.0;3.0;True;;;from JOIN String (Google Sheet Data Static MMSR)
iSolarCloud;1680199;PLTS Rooftop Sumatera Prima Fibreboard;;;6;1;2;19.0;3.0;True;;;from JOIN String (Google Sheet Data Static MMSR)
iSolarCloud;1680199;PLTS Rooftop Sumatera Prima Fibreboard;;;6;1;3;;;True;;;from JOIN String (Google Sheet Data Static MMSR)
iSolarCloud;1680199;PLTS Rooftop Sumatera Prima Fibreboard;;;6;2;4;19.0;3.0;True;;;from JOIN String (Google Sheet Data Static MMSR)
iSolarCloud;1680199;PLTS Rooftop Sumatera Prima Fibreboard;;;6;2;5;19.0;3.0;True;;;from JOIN String (Google Sheet Data Static MMSR)
iSolarCloud;1680199;PLTS Rooftop Sumatera Prima Fibreboard;;;6;2;6;;;True;;;from JOIN String (Google Sheet Data Static MMSR)
iSolarCloud;1680199;PLTS Rooftop Sumatera Prima Fibreboard;;;6;3;7;18.0;3.0;True;;;from JOIN String (Google Sheet Data Static MMSR)
iSolarCloud;1680199;PLTS Rooftop Sumatera Prima Fibreboard;;;6;3;8;18.0;3.0;True;;;from JOIN String (Google Sheet Data Static MMSR)
iSolarCloud;1680199;PLTS Rooftop Sumatera Prima Fibreboard;;;6;3;9;;;True;;;from JOIN String (Google Sheet Data Static MMSR)
iSolarCloud;1680199;PLTS Rooftop Sumatera Prima Fibreboard;;;6;4;10;18.0;3.0;True;;;from JOIN String (Google Sheet Data Static MMSR)
iSolarCloud;1680199;PLTS Rooftop Sumatera Prima Fibreboard;;;6;4;11;18.0;3.0;True;;;from JOIN String (Google Sheet Data Static MMSR)
iSolarCloud;1680199;PLTS Rooftop Sumatera Prima Fibreboard;;;6;4;12;;;True;;;from JOIN String (Google Sheet Data Static MMSR)
iSolarCloud;1680199;PLTS Rooftop Sumatera Prima Fibreboard;;;6;5;13;18.0;3.0;True;;;from JOIN String (Google Sheet Data Static MMSR)
iSolarCloud;1680199;PLTS Rooftop Sumatera Prima Fibreboard;;;6;5;14;18.0;3.0;True;;;from JOIN String (Google Sheet Data Static MMSR)
iSolarCloud;1680199;PLTS Rooftop Sumatera Prima Fibreboard;;;6;5;15;;;True;;;from JOIN String (Google Sheet Data Static MMSR)
iSolarCloud;1680199;PLTS Rooftop Sumatera Prima Fibreboard;;;6;6;16;20.0;3.0;True;;;from JOIN String (Google Sheet Data Static MMSR)
iSolarCloud;1680199;PLTS Rooftop Sumatera Prima Fibreboard;;;6;6;17;20.0;3.0;True;;;from JOIN String (Google Sheet Data Static MMSR)
iSolarCloud;1680199;PLTS Rooftop Sumatera Prima Fibreboard;;;6;6;18;;;True;;;from JOIN String (Google Sheet Data Static MMSR)
iSolarCloud;1680199;PLTS Rooftop Sumatera Prima Fibreboard;;;6;7;19;20.0;3.0;True;;;from JOIN String (Google Sheet Data Static MMSR)
iSolarCloud;1680199;PLTS Rooftop Sumatera Prima Fibreboard;;;6;7;20;20.0;3.0;True;;;from JOIN String (Google Sheet Data Static MMSR)
iSolarCloud;1680199;PLTS Rooftop Sumatera Prima Fibreboard;;;6;7;21;;;True;;;from JOIN String (Google Sheet Data Static MMSR)
iSolarCloud;1680199;PLTS Rooftop Sumatera Prima Fibreboard;;;7;1;1;18.0;3.0;True;;;from JOIN String (Google Sheet Data Static MMSR)
iSolarCloud;1680199;PLTS Rooftop Sumatera Prima Fibreboard;;;7;1;2;18.0;3.0;True;;;from JOIN String (Google Sheet Data Static MMSR)
iSolarCloud;1680199;PLTS Rooftop Sumatera Prima Fibreboard;;;7;1;3;;;True;;;from JOIN String (Google Sheet Data Static MMSR)
iSolarCloud;1680199;PLTS Rooftop Sumatera Prima Fibreboard;;;7;2;4;18.0;3.0;True;;;from JOIN String (Google Sheet Data Static MMSR)
iSolarCloud;1680199;PLTS Rooftop Sumatera Prima Fibreboard;;;7;2;5;18.0;3.0;True;;;from JOIN String (Google Sheet Data Static MMSR)
iSolarCloud;1680199;PLTS Rooftop Sumatera Prima Fibreboard;;;7;2;6;;;True;;;from JOIN String (Google Sheet Data Static MMSR)
iSolarCloud;1680199;PLTS Rooftop Sumatera Prima Fibreboard;;;7;3;7;18.0;3.0;True;;;from JOIN String (Google Sheet Data Static MMSR)
iSolarCloud;1680199;PLTS Rooftop Sumatera Prima Fibreboard;;;7;3;8;18.0;3.0;True;;;from JOIN String (Google Sheet Data Static MMSR)
iSolarCloud;1680199;PLTS Rooftop Sumatera Prima Fibreboard;;;7;3;9;;;True;;;from JOIN String (Google Sheet Data Static MMSR)
iSolarCloud;1680199;PLTS Rooftop Sumatera Prima Fibreboard;;;7;4;10;18.0;3.0;True;;;from JOIN String (Google Sheet Data Static MMSR)
iSolarCloud;1680199;PLTS Rooftop Sumatera Prima Fibreboard;;;7;4;11;18.0;3.0;True;;;from JOIN String (Google Sheet Data Static MMSR)
iSolarCloud;1680199;PLTS Rooftop Sumatera Prima Fibreboard;;;7;4;12;;;True;;;from JOIN String (Google Sheet Data Static MMSR)
iSolarCloud;1680199;PLTS Rooftop Sumatera Prima Fibreboard;;;7;5;13;18.0;3.0;True;;;from JOIN String (Google Sheet Data Static MMSR)
iSolarCloud;1680199;PLTS Rooftop Sumatera Prima Fibreboard;;;7;5;14;18.0;3.0;True;;;from JOIN String (Google Sheet Data Static MMSR)
iSolarCloud;1680199;PLTS Rooftop Sumatera Prima Fibreboard;;;7;5;15;;;True;;;from JOIN String (Google Sheet Data Static MMSR)
iSolarCloud;1680199;PLTS Rooftop Sumatera Prima Fibreboard;;;7;6;16;20.0;3.0;True;;;from JOIN String (Google Sheet Data Static MMSR)
iSolarCloud;1680199;PLTS Rooftop Sumatera Prima Fibreboard;;;7;6;17;20.0;3.0;True;;;from JOIN String (Google Sheet Data Static MMSR)
iSolarCloud;1680199;PLTS Rooftop Sumatera Prima Fibreboard;;;7;6;18;;;True;;;from JOIN String (Google Sheet Data Static MMSR)
iSolarCloud;1680199;PLTS Rooftop Sumatera Prima Fibreboard;;;7;7;19;20.0;3.0;True;;;from JOIN String (Google Sheet Data Static MMSR)
iSolarCloud;1680199;PLTS Rooftop Sumatera Prima Fibreboard;;;7;7;20;20.0;3.0;True;;;from JOIN String (Google Sheet Data Static MMSR)
iSolarCloud;1680199;PLTS Rooftop Sumatera Prima Fibreboard;;;7;7;21;;;True;;;from JOIN String (Google Sheet Data Static MMSR)
iSolarCloud;1680199;PLTS Rooftop Sumatera Prima Fibreboard;;;8;1;1;18.0;3.0;True;;;from JOIN String (Google Sheet Data Static MMSR)
iSolarCloud;1680199;PLTS Rooftop Sumatera Prima Fibreboard;;;8;1;2;18.0;3.0;True;;;from JOIN String (Google Sheet Data Static MMSR)
iSolarCloud;1680199;PLTS Rooftop Sumatera Prima Fibreboard;;;8;1;3;18.0;3.0;True;;;from JOIN String (Google Sheet Data Static MMSR)
iSolarCloud;1680199;PLTS Rooftop Sumatera Prima Fibreboard;;;8;2;4;19.0;3.0;True;;;from JOIN String (Google Sheet Data Static MMSR)
iSolarCloud;1680199;PLTS Rooftop Sumatera Prima Fibreboard;;;8;2;5;19.0;3.0;True;;;from JOIN String (Google Sheet Data Static MMSR)
iSolarCloud;1680199;PLTS Rooftop Sumatera Prima Fibreboard;;;8;2;6;;;True;;;from JOIN String (Google Sheet Data Static MMSR)
iSolarCloud;1680199;PLTS Rooftop Sumatera Prima Fibreboard;;;8;3;7;20.0;3.0;True;;;from JOIN String (Google Sheet Data Static MMSR)
iSolarCloud;1680199;PLTS Rooftop Sumatera Prima Fibreboard;;;8;3;8;20.0;3.0;True;;;from JOIN String (Google Sheet Data Static MMSR)
iSolarCloud;1680199;PLTS Rooftop Sumatera Prima Fibreboard;;;8;3;9;;;True;;;from JOIN String (Google Sheet Data Static MMSR)
iSolarCloud;1680199;PLTS Rooftop Sumatera Prima Fibreboard;;;8;4;10;20.0;3.0;True;;;from JOIN String (Google Sheet Data Static MMSR)
iSolarCloud;1680199;PLTS Rooftop Sumatera Prima Fibreboard;;;8;4;11;20.0;3.0;True;;;from JOIN String (Google Sheet Data Static MMSR)
iSolarCloud;1680199;PLTS Rooftop Sumatera Prima Fibreboard;;;8;4;12;;;True;;;from JOIN String (Google Sheet Data Static MMSR)
iSolarCloud;1680199;PLTS Rooftop Sumatera Prima Fibreboard;;;8;5;13;20.0;3.0;True;;;from JOIN String (Google Sheet Data Static MMSR)
iSolarCloud;1680199;PLTS Rooftop Sumatera Prima Fibreboard;;;8;5;14;20.0;3.0;True;;;from JOIN String (Google Sheet Data Static MMSR)
iSolarCloud;1680199;PLTS Rooftop Sumatera Prima Fibreboard;;;8;5;15;;;True;;;from JOIN String (Google Sheet Data Static MMSR)
iSolarCloud;1680199;PLTS Rooftop Sumatera Prima Fibreboard;;;8;6;16;20.0;3.0;True;;;from JOIN String (Google Sheet Data Static MMSR)
iSolarCloud;1680199;PLTS Rooftop Sumatera Prima Fibreboard;;;8;6;17;20.0;3.0;True;;;from JOIN String (Google Sheet Data Static MMSR)
iSolarCloud;1680199;PLTS Rooftop Sumatera Prima Fibreboard;;;8;6;18;;;True;;;from JOIN String (Google Sheet Data Static MMSR)
iSolarCloud;1680199;PLTS Rooftop Sumatera Prima Fibreboard;;;8;7;19;20.0;3.0;True;;;from JOIN String (Google Sheet Data Static MMSR)
iSolarCloud;1680199;PLTS Rooftop Sumatera Prima Fibreboard;;;8;7;20;20.0;3.0;True;;;from JOIN String (Google Sheet Data Static MMSR)
iSolarCloud;1680199;PLTS Rooftop Sumatera Prima Fibreboard;;;8;7;21;;;True;;;from JOIN String (Google Sheet Data Static MMSR)
iSolarCloud;1680199;PLTS Rooftop Sumatera Prima Fibreboard;;;9;1;1;20.0;3.0;True;;;from JOIN String (Google Sheet Data Static MMSR)
iSolarCloud;1680199;PLTS Rooftop Sumatera Prima Fibreboard;;;9;1;2;20.0;3.0;True;;;from JOIN String (Google Sheet Data Static MMSR)
iSolarCloud;1680199;PLTS Rooftop Sumatera Prima Fibreboard;;;9;1;3;;;True;;;from JOIN String (Google Sheet Data Static MMSR)
iSolarCloud;1680199;PLTS Rooftop Sumatera Prima Fibreboard;;;9;2;4;18.0;3.0;True;;;from JOIN String (Google Sheet Data Static MMSR)
iSolarCloud;1680199;PLTS Rooftop Sumatera Prima Fibreboard;;;9;2;5;18.0;3.0;True;;;from JOIN String (Google Sheet Data Static MMSR)
iSolarCloud;1680199;PLTS Rooftop Sumatera Prima Fibreboard;;;9;2;6;;;True;;;from JOIN String (Google Sheet Data Static MMSR)
iSolarCloud;1680199;PLTS Rooftop Sumatera Prima Fibreboard;;;9;3;7;20.0;3.0;True;;;from JOIN String (Google Sheet Data Static MMSR)
iSolarCloud;1680199;PLTS Rooftop Sumatera Prima Fibreboard;;;9;3;8;20.0;3.0;True;;;from JOIN String (Google Sheet Data Static MMSR)
iSolarCloud;1680199;PLTS Rooftop Sumatera Prima Fibreboard;;;9;3;9;;;True;;;from JOIN String (Google Sheet Data Static MMSR)
iSolarCloud;1680199;PLTS Rooftop Sumatera Prima Fibreboard;;;9;4;10;18.0;3.0;True;;;from JOIN String (Google Sheet Data Static MMSR)
iSolarCloud;1680199;PLTS Rooftop Sumatera Prima Fibreboard;;;9;4;11;18.0;3.0;True;;;from JOIN String (Google Sheet Data Static MMSR)
iSolarCloud;1680199;PLTS Rooftop Sumatera Prima Fibreboard;;;9;4;12;;;True;;;from JOIN String (Google Sheet Data Static MMSR)
iSolarCloud;1680199;PLTS Rooftop Sumatera Prima Fibreboard;;;9;5;13;20.0;3.0;True;;;from JOIN String (Google Sheet Data Static MMSR)
iSolarCloud;1680199;PLTS Rooftop Sumatera Prima Fibreboard;;;9;5;14;20.0;3.0;True;;;from JOIN String (Google Sheet Data Static MMSR)
iSolarCloud;1680199;PLTS Rooftop Sumatera Prima Fibreboard;;;9;5;15;;;True;;;from JOIN String (Google Sheet Data Static MMSR)
iSolarCloud;1680199;PLTS Rooftop Sumatera Prima Fibreboard;;;9;6;16;19.0;3.0;True;;;from JOIN String (Google Sheet Data Static MMSR)
iSolarCloud;1680199;PLTS Rooftop Sumatera Prima Fibreboard;;;9;6;17;19.0;3.0;True;;;from JOIN String (Google Sheet Data Static MMSR)
iSolarCloud;1680199;PLTS Rooftop Sumatera Prima Fibreboard;;;9;6;18;;;True;;;from JOIN String (Google Sheet Data Static MMSR)
iSolarCloud;1680199;PLTS Rooftop Sumatera Prima Fibreboard;;;9;7;19;19.0;3.0;True;;;from JOIN String (Google Sheet Data Static MMSR)
iSolarCloud;1680199;PLTS Rooftop Sumatera Prima Fibreboard;;;9;7;20;19.0;3.0;True;;;from JOIN String (Google Sheet Data Static MMSR)
iSolarCloud;1680199;PLTS Rooftop Sumatera Prima Fibreboard;;;9;7;21;;;True;;;from JOIN String (Google Sheet Data Static MMSR)
iSolarCloud;1680199;PLTS Rooftop Sumatera Prima Fibreboard;;;10;1;1;20.0;4.0;True;;;from JOIN String (Google Sheet Data Static MMSR)
iSolarCloud;1680199;PLTS Rooftop Sumatera Prima Fibreboard;;;10;1;2;20.0;4.0;True;;;from JOIN String (Google Sheet Data Static MMSR)
iSolarCloud;1680199;PLTS Rooftop Sumatera Prima Fibreboard;;;10;1;3;;4.0;True;;;from JOIN String (Google Sheet Data Static MMSR)
iSolarCloud;1680199;PLTS Rooftop Sumatera Prima Fibreboard;;;10;2;4;20.0;4.0;True;;;from JOIN String (Google Sheet Data Static MMSR)
iSolarCloud;1680199;PLTS Rooftop Sumatera Prima Fibreboard;;;10;2;5;20.0;4.0;True;;;from JOIN String (Google Sheet Data Static MMSR)
iSolarCloud;1680199;PLTS Rooftop Sumatera Prima Fibreboard;;;10;2;6;;4.0;True;;;from JOIN String (Google Sheet Data Static MMSR)
iSolarCloud;1680199;PLTS Rooftop Sumatera Prima Fibreboard;;;10;3;7;18.0;4.0;True;;;from JOIN String (Google Sheet Data Static MMSR)
iSolarCloud;1680199;PLTS Rooftop Sumatera Prima Fibreboard;;;10;3;8;18.0;4.0;True;;;from JOIN String (Google Sheet Data Static MMSR)
iSolarCloud;1680199;PLTS Rooftop Sumatera Prima Fibreboard;;;10;3;9;;4.0;True;;;from JOIN String (Google Sheet Data Static MMSR)
iSolarCloud;1680199;PLTS Rooftop Sumatera Prima Fibreboard;;;10;4;10;18.0;4.0;True;;;from JOIN String (Google Sheet Data Static MMSR)
iSolarCloud;1680199;PLTS Rooftop Sumatera Prima Fibreboard;;;10;4;11;18.0;4.0;True;;;from JOIN String (Google Sheet Data Static MMSR)
iSolarCloud;1680199;PLTS Rooftop Sumatera Prima Fibreboard;;;10;4;12;;4.0;True;;;from JOIN String (Google Sheet Data Static MMSR)
iSolarCloud;1680199;PLTS Rooftop Sumatera Prima Fibreboard;;;10;5;13;18.0;4.0;True;;;from JOIN String (Google Sheet Data Static MMSR)
iSolarCloud;1680199;PLTS Rooftop Sumatera Prima Fibreboard;;;10;5;14;18.0;4.0;True;;;from JOIN String (Google Sheet Data Static MMSR)
iSolarCloud;1680199;PLTS Rooftop Sumatera Prima Fibreboard;;;10;5;15;;4.0;True;;;from JOIN String (Google Sheet Data Static MMSR)
iSolarCloud;1680199;PLTS Rooftop Sumatera Prima Fibreboard;;;10;6;16;18.0;4.0;True;;;from JOIN String (Google Sheet Data Static MMSR)
iSolarCloud;1680199;PLTS Rooftop Sumatera Prima Fibreboard;;;10;6;17;18.0;4.0;True;;;from JOIN String (Google Sheet Data Static MMSR)
iSolarCloud;1680199;PLTS Rooftop Sumatera Prima Fibreboard;;;10;6;18;;4.0;True;;;from JOIN String (Google Sheet Data Static MMSR)
iSolarCloud;1680199;PLTS Rooftop Sumatera Prima Fibreboard;;;10;7;19;18.0;4.0;True;;;from JOIN String (Google Sheet Data Static MMSR)
iSolarCloud;1680199;PLTS Rooftop Sumatera Prima Fibreboard;;;10;7;20;18.0;4.0;True;;;from JOIN String (Google Sheet Data Static MMSR)
iSolarCloud;1680199;PLTS Rooftop Sumatera Prima Fibreboard;;;10;7;21;18.0;4.0;True;;;from JOIN String (Google Sheet Data Static MMSR)
iSolarCloud;1680199;PLTS Rooftop Sumatera Prima Fibreboard;;;11;1;1;20.0;4.0;True;;;from JOIN String (Google Sheet Data Static MMSR)
iSolarCloud;1680199;PLTS Rooftop Sumatera Prima Fibreboard;;;11;1;2;20.0;4.0;True;;;from JOIN String (Google Sheet Data Static MMSR)
iSolarCloud;1680199;PLTS Rooftop Sumatera Prima Fibreboard;;;11;1;3;20.0;4.0;True;;;from JOIN String (Google Sheet Data Static MMSR)
iSolarCloud;1680199;PLTS Rooftop Sumatera Prima Fibreboard;;;11;2;4;20.0;4.0;True;;;from JOIN String (Google Sheet Data Static MMSR)
iSolarCloud;1680199;PLTS Rooftop Sumatera Prima Fibreboard;;;11;2;5;20.0;4.0;True;;;from JOIN String (Google Sheet Data Static MMSR)
iSolarCloud;1680199;PLTS Rooftop Sumatera Prima Fibreboard;;;11;2;6;;4.0;True;;;from JOIN String (Google Sheet Data Static MMSR)
iSolarCloud;1680199;PLTS Rooftop Sumatera Prima Fibreboard;;;11;3;7;20.0;4.0;True;;;from JOIN String (Google Sheet Data Static MMSR)
iSolarCloud;1680199;PLTS Rooftop Sumatera Prima Fibreboard;;;11;3;8;20.0;4.0;True;;;from JOIN String (Google Sheet Data Static MMSR)
iSolarCloud;1680199;PLTS Rooftop Sumatera Prima Fibreboard;;;11;3;9;;4.0;True;;;from JOIN String (Google Sheet Data Static MMSR)
iSolarCloud;1680199;PLTS Rooftop Sumatera Prima Fibreboard;;;11;4;10;20.0;4.0;True;;;from JOIN String (Google Sheet Data Static MMSR)
iSolarCloud;1680199;PLTS Rooftop Sumatera Prima Fibreboard;;;11;4;11;20.0;4.0;True;;;from JOIN String (Google Sheet Data Static MMSR)
iSolarCloud;1680199;PLTS Rooftop Sumatera Prima Fibreboard;;;11;4;12;;4.0;True;;;from JOIN String (Google Sheet Data Static MMSR)
iSolarCloud;1680199;PLTS Rooftop Sumatera Prima Fibreboard;;;11;5;13;18.0;4.0;True;;;from JOIN String (Google Sheet Data Static MMSR)
iSolarCloud;1680199;PLTS Rooftop Sumatera Prima Fibreboard;;;11;5;14;18.0;4.0;True;;;from JOIN String (Google Sheet Data Static MMSR)
iSolarCloud;1680199;PLTS Rooftop Sumatera Prima Fibreboard;;;11;5;15;;4.0;True;;;from JOIN String (Google Sheet Data Static MMSR)
iSolarCloud;1680199;PLTS Rooftop Sumatera Prima Fibreboard;;;11;6;16;18.0;4.0;True;;;from JOIN String (Google Sheet Data Static MMSR)
iSolarCloud;1680199;PLTS Rooftop Sumatera Prima Fibreboard;;;11;6;17;18.0;4.0;True;;;from JOIN String (Google Sheet Data Static MMSR)
iSolarCloud;1680199;PLTS Rooftop Sumatera Prima Fibreboard;;;11;6;18;;4.0;True;;;from JOIN String (Google Sheet Data Static MMSR)
iSolarCloud;1680199;PLTS Rooftop Sumatera Prima Fibreboard;;;11;7;19;18.0;4.0;True;;;from JOIN String (Google Sheet Data Static MMSR)
iSolarCloud;1680199;PLTS Rooftop Sumatera Prima Fibreboard;;;11;7;20;18.0;4.0;True;;;from JOIN String (Google Sheet Data Static MMSR)
iSolarCloud;1680199;PLTS Rooftop Sumatera Prima Fibreboard;;;11;7;21;;4.0;True;;;from JOIN String (Google Sheet Data Static MMSR)
iSolarCloud;1680199;PLTS Rooftop Sumatera Prima Fibreboard;;;12;1;1;20.0;4.0;True;;;from JOIN String (Google Sheet Data Static MMSR)
iSolarCloud;1680199;PLTS Rooftop Sumatera Prima Fibreboard;;;12;1;2;20.0;4.0;True;;;from JOIN String (Google Sheet Data Static MMSR)
iSolarCloud;1680199;PLTS Rooftop Sumatera Prima Fibreboard;;;12;1;3;;4.0;True;;;from JOIN String (Google Sheet Data Static MMSR)
iSolarCloud;1680199;PLTS Rooftop Sumatera Prima Fibreboard;;;12;2;4;20.0;4.0;True;;;from JOIN String (Google Sheet Data Static MMSR)
iSolarCloud;1680199;PLTS Rooftop Sumatera Prima Fibreboard;;;12;2;5;20.0;4.0;True;;;from JOIN String (Google Sheet Data Static MMSR)
iSolarCloud;1680199;PLTS Rooftop Sumatera Prima Fibreboard;;;12;2;6;;4.0;True;;;from JOIN String (Google Sheet Data Static MMSR)
iSolarCloud;1680199;PLTS Rooftop Sumatera Prima Fibreboard;;;12;3;7;18.0;4.0;True;;;from JOIN String (Google Sheet Data Static MMSR)
iSolarCloud;1680199;PLTS Rooftop Sumatera Prima Fibreboard;;;12;3;8;18.0;4.0;True;;;from JOIN String (Google Sheet Data Static MMSR)
iSolarCloud;1680199;PLTS Rooftop Sumatera Prima Fibreboard;;;12;3;9;;4.0;True;;;from JOIN String (Google Sheet Data Static MMSR)
iSolarCloud;1680199;PLTS Rooftop Sumatera Prima Fibreboard;;;12;4;10;19.0;4.0;True;;;from JOIN String (Google Sheet Data Static MMSR)
iSolarCloud;1680199;PLTS Rooftop Sumatera Prima Fibreboard;;;12;4;11;19.0;4.0;True;;;from JOIN String (Google Sheet Data Static MMSR)
iSolarCloud;1680199;PLTS Rooftop Sumatera Prima Fibreboard;;;12;4;12;19.0;4.0;True;;;from JOIN String (Google Sheet Data Static MMSR)
iSolarCloud;1680199;PLTS Rooftop Sumatera Prima Fibreboard;;;12;5;13;18.0;4.0;True;;;from JOIN String (Google Sheet Data Static MMSR)
iSolarCloud;1680199;PLTS Rooftop Sumatera Prima Fibreboard;;;12;5;14;18.0;4.0;True;;;from JOIN String (Google Sheet Data Static MMSR)
iSolarCloud;1680199;PLTS Rooftop Sumatera Prima Fibreboard;;;12;5;15;;4.0;True;;;from JOIN String (Google Sheet Data Static MMSR)
iSolarCloud;1680199;PLTS Rooftop Sumatera Prima Fibreboard;;;12;6;16;18.0;4.0;True;;;from JOIN String (Google Sheet Data Static MMSR)
iSolarCloud;1680199;PLTS Rooftop Sumatera Prima Fibreboard;;;12;6;17;18.0;4.0;True;;;from JOIN String (Google Sheet Data Static MMSR)
iSolarCloud;1680199;PLTS Rooftop Sumatera Prima Fibreboard;;;12;6;18;;4.0;True;;;from JOIN String (Google Sheet Data Static MMSR)
iSolarCloud;1680199;PLTS Rooftop Sumatera Prima Fibreboard;;;12;7;19;18.0;4.0;True;;;from JOIN String (Google Sheet Data Static MMSR)
iSolarCloud;1680199;PLTS Rooftop Sumatera Prima Fibreboard;;;12;7;20;18.0;4.0;True;;;from JOIN String (Google Sheet Data Static MMSR)
iSolarCloud;1680199;PLTS Rooftop Sumatera Prima Fibreboard;;;12;7;21;;4.0;True;;;from JOIN String (Google Sheet Data Static MMSR)
iSolarCloud;1680199;PLTS Rooftop Sumatera Prima Fibreboard;;;13;1;1;19.0;4.0;True;;;from JOIN String (Google Sheet Data Static MMSR)
iSolarCloud;1680199;PLTS Rooftop Sumatera Prima Fibreboard;;;13;1;2;19.0;4.0;True;;;from JOIN String (Google Sheet Data Static MMSR)
iSolarCloud;1680199;PLTS Rooftop Sumatera Prima Fibreboard;;;13;1;3;;4.0;True;;;from JOIN String (Google Sheet Data Static MMSR)
iSolarCloud;1680199;PLTS Rooftop Sumatera Prima Fibreboard;;;13;2;4;20.0;4.0;True;;;from JOIN String (Google Sheet Data Static MMSR)
iSolarCloud;1680199;PLTS Rooftop Sumatera Prima Fibreboard;;;13;2;5;20.0;4.0;True;;;from JOIN String (Google Sheet Data Static MMSR)
iSolarCloud;1680199;PLTS Rooftop Sumatera Prima Fibreboard;;;13;2;6;;4.0;True;;;from JOIN String (Google Sheet Data Static MMSR)
iSolarCloud;1680199;PLTS Rooftop Sumatera Prima Fibreboard;;;13;3;7;20.0;4.0;True;;;from JOIN String (Google Sheet Data Static MMSR)
iSolarCloud;1680199;PLTS Rooftop Sumatera Prima Fibreboard;;;13;3;8;20.0;4.0;True;;;from JOIN String (Google Sheet Data Static MMSR)
iSolarCloud;1680199;PLTS Rooftop Sumatera Prima Fibreboard;;;13;3;9;;4.0;True;;;from JOIN String (Google Sheet Data Static MMSR)
iSolarCloud;1680199;PLTS Rooftop Sumatera Prima Fibreboard;;;13;4;10;20.0;4.0;True;;;from JOIN String (Google Sheet Data Static MMSR)
iSolarCloud;1680199;PLTS Rooftop Sumatera Prima Fibreboard;;;13;4;11;20.0;4.0;True;;;from JOIN String (Google Sheet Data Static MMSR)
iSolarCloud;1680199;PLTS Rooftop Sumatera Prima Fibreboard;;;13;4;12;;4.0;True;;;from JOIN String (Google Sheet Data Static MMSR)
iSolarCloud;1680199;PLTS Rooftop Sumatera Prima Fibreboard;;;13;5;13;18.0;4.0;True;;;from JOIN String (Google Sheet Data Static MMSR)
iSolarCloud;1680199;PLTS Rooftop Sumatera Prima Fibreboard;;;13;5;14;18.0;4.0;True;;;from JOIN String (Google Sheet Data Static MMSR)
iSolarCloud;1680199;PLTS Rooftop Sumatera Prima Fibreboard;;;13;5;15;;4.0;True;;;from JOIN String (Google Sheet Data Static MMSR)
iSolarCloud;1680199;PLTS Rooftop Sumatera Prima Fibreboard;;;13;6;16;18.0;4.0;True;;;from JOIN String (Google Sheet Data Static MMSR)
iSolarCloud;1680199;PLTS Rooftop Sumatera Prima Fibreboard;;;13;6;17;18.0;4.0;True;;;from JOIN String (Google Sheet Data Static MMSR)
iSolarCloud;1680199;PLTS Rooftop Sumatera Prima Fibreboard;;;13;6;18;;4.0;True;;;from JOIN String (Google Sheet Data Static MMSR)
iSolarCloud;1680199;PLTS Rooftop Sumatera Prima Fibreboard;;;13;7;19;18.0;4.0;True;;;from JOIN String (Google Sheet Data Static MMSR)
iSolarCloud;1680199;PLTS Rooftop Sumatera Prima Fibreboard;;;13;7;20;18.0;4.0;True;;;from JOIN String (Google Sheet Data Static MMSR)
iSolarCloud;1680199;PLTS Rooftop Sumatera Prima Fibreboard;;;13;7;21;;4.0;True;;;from JOIN String (Google Sheet Data Static MMSR)
iSolarCloud;1680199;PLTS Rooftop Sumatera Prima Fibreboard;;;14;1;1;18.0;4.0;True;;;from JOIN String (Google Sheet Data Static MMSR)
iSolarCloud;1680199;PLTS Rooftop Sumatera Prima Fibreboard;;;14;1;2;18.0;4.0;True;;;from JOIN String (Google Sheet Data Static MMSR)
iSolarCloud;1680199;PLTS Rooftop Sumatera Prima Fibreboard;;;14;1;3;;4.0;True;;;from JOIN String (Google Sheet Data Static MMSR)
iSolarCloud;1680199;PLTS Rooftop Sumatera Prima Fibreboard;;;14;2;4;20.0;4.0;True;;;from JOIN String (Google Sheet Data Static MMSR)
iSolarCloud;1680199;PLTS Rooftop Sumatera Prima Fibreboard;;;14;2;5;20.0;4.0;True;;;from JOIN String (Google Sheet Data Static MMSR)
iSolarCloud;1680199;PLTS Rooftop Sumatera Prima Fibreboard;;;14;2;6;;4.0;True;;;from JOIN String (Google Sheet Data Static MMSR)
iSolarCloud;1680199;PLTS Rooftop Sumatera Prima Fibreboard;;;14;3;7;20.0;4.0;True;;;from JOIN String (Google Sheet Data Static MMSR)
iSolarCloud;1680199;PLTS Rooftop Sumatera Prima Fibreboard;;;14;3;8;20.0;4.0;True;;;from JOIN String (Google Sheet Data Static MMSR)
iSolarCloud;1680199;PLTS Rooftop Sumatera Prima Fibreboard;;;14;3;9;;4.0;True;;;from JOIN String (Google Sheet Data Static MMSR)
iSolarCloud;1680199;PLTS Rooftop Sumatera Prima Fibreboard;;;14;4;10;20.0;4.0;True;;;from JOIN String (Google Sheet Data Static MMSR)
iSolarCloud;1680199;PLTS Rooftop Sumatera Prima Fibreboard;;;14;4;11;20.0;4.0;True;;;from JOIN String (Google Sheet Data Static MMSR)
iSolarCloud;1680199;PLTS Rooftop Sumatera Prima Fibreboard;;;14;4;12;;4.0;True;;;from JOIN String (Google Sheet Data Static MMSR)
iSolarCloud;1680199;PLTS Rooftop Sumatera Prima Fibreboard;;;14;5;13;20.0;4.0;True;;;from JOIN String (Google Sheet Data Static MMSR)
iSolarCloud;1680199;PLTS Rooftop Sumatera Prima Fibreboard;;;14;5;14;20.0;4.0;True;;;from JOIN String (Google Sheet Data Static MMSR)
iSolarCloud;1680199;PLTS Rooftop Sumatera Prima Fibreboard;;;14;5;15;;4.0;True;;;from JOIN String (Google Sheet Data Static MMSR)
iSolarCloud;1680199;PLTS Rooftop Sumatera Prima Fibreboard;;;14;6;16;20.0;4.0;True;;;from JOIN String (Google Sheet Data Static MMSR)
iSolarCloud;1680199;PLTS Rooftop Sumatera Prima Fibreboard;;;14;6;17;20.0;4.0;True;;;from JOIN String (Google Sheet Data Static MMSR)
iSolarCloud;1680199;PLTS Rooftop Sumatera Prima Fibreboard;;;14;6;18;;4.0;True;;;from JOIN String (Google Sheet Data Static MMSR)
iSolarCloud;1680199;PLTS Rooftop Sumatera Prima Fibreboard;;;14;7;19;18.0;4.0;True;;;from JOIN String (Google Sheet Data Static MMSR)
iSolarCloud;1680199;PLTS Rooftop Sumatera Prima Fibreboard;;;14;7;20;18.0;4.0;True;;;from JOIN String (Google Sheet Data Static MMSR)
iSolarCloud;1680199;PLTS Rooftop Sumatera Prima Fibreboard;;;14;7;21;;4.0;True;;;from JOIN String (Google Sheet Data Static MMSR)
iSolarCloud;1680199;PLTS Rooftop Sumatera Prima Fibreboard;;;15;1;1;18.0;4.0;True;;;from JOIN String (Google Sheet Data Static MMSR)
iSolarCloud;1680199;PLTS Rooftop Sumatera Prima Fibreboard;;;15;1;2;18.0;4.0;True;;;from JOIN String (Google Sheet Data Static MMSR)
iSolarCloud;1680199;PLTS Rooftop Sumatera Prima Fibreboard;;;15;1;3;;4.0;True;;;from JOIN String (Google Sheet Data Static MMSR)
iSolarCloud;1680199;PLTS Rooftop Sumatera Prima Fibreboard;;;15;2;4;18.0;4.0;True;;;from JOIN String (Google Sheet Data Static MMSR)
iSolarCloud;1680199;PLTS Rooftop Sumatera Prima Fibreboard;;;15;2;5;18.0;4.0;True;;;from JOIN String (Google Sheet Data Static MMSR)
iSolarCloud;1680199;PLTS Rooftop Sumatera Prima Fibreboard;;;15;2;6;;4.0;True;;;from JOIN String (Google Sheet Data Static MMSR)
iSolarCloud;1680199;PLTS Rooftop Sumatera Prima Fibreboard;;;15;3;7;18.0;4.0;True;;;from JOIN String (Google Sheet Data Static MMSR)
iSolarCloud;1680199;PLTS Rooftop Sumatera Prima Fibreboard;;;15;3;8;18.0;4.0;True;;;from JOIN String (Google Sheet Data Static MMSR)
iSolarCloud;1680199;PLTS Rooftop Sumatera Prima Fibreboard;;;15;3;9;;4.0;True;;;from JOIN String (Google Sheet Data Static MMSR)
iSolarCloud;1680199;PLTS Rooftop Sumatera Prima Fibreboard;;;15;4;10;18.0;4.0;True;;;from JOIN String (Google Sheet Data Static MMSR)
iSolarCloud;1680199;PLTS Rooftop Sumatera Prima Fibreboard;;;15;4;11;18.0;4.0;True;;;from JOIN String (Google Sheet Data Static MMSR)
iSolarCloud;1680199;PLTS Rooftop Sumatera Prima Fibreboard;;;15;4;12;;4.0;True;;;from JOIN String (Google Sheet Data Static MMSR)
iSolarCloud;1680199;PLTS Rooftop Sumatera Prima Fibreboard;;;15;5;13;20.0;4.0;True;;;from JOIN String (Google Sheet Data Static MMSR)
iSolarCloud;1680199;PLTS Rooftop Sumatera Prima Fibreboard;;;15;5;14;20.0;4.0;True;;;from JOIN String (Google Sheet Data Static MMSR)
iSolarCloud;1680199;PLTS Rooftop Sumatera Prima Fibreboard;;;15;5;15;;4.0;True;;;from JOIN String (Google Sheet Data Static MMSR)
iSolarCloud;1680199;PLTS Rooftop Sumatera Prima Fibreboard;;;15;6;16;20.0;4.0;True;;;from JOIN String (Google Sheet Data Static MMSR)
iSolarCloud;1680199;PLTS Rooftop Sumatera Prima Fibreboard;;;15;6;17;20.0;4.0;True;;;from JOIN String (Google Sheet Data Static MMSR)
iSolarCloud;1680199;PLTS Rooftop Sumatera Prima Fibreboard;;;15;6;18;;4.0;True;;;from JOIN String (Google Sheet Data Static MMSR)
iSolarCloud;1680199;PLTS Rooftop Sumatera Prima Fibreboard;;;15;7;19;20.0;4.0;True;;;from JOIN String (Google Sheet Data Static MMSR)
iSolarCloud;1680199;PLTS Rooftop Sumatera Prima Fibreboard;;;15;7;20;20.0;4.0;True;;;from JOIN String (Google Sheet Data Static MMSR)
iSolarCloud;1680199;PLTS Rooftop Sumatera Prima Fibreboard;;;15;7;21;;4.0;True;;;from JOIN String (Google Sheet Data Static MMSR)
iSolarCloud;1680199;PLTS Rooftop Sumatera Prima Fibreboard;;;16;1;1;18.0;4.0;True;;;from JOIN String (Google Sheet Data Static MMSR)
iSolarCloud;1680199;PLTS Rooftop Sumatera Prima Fibreboard;;;16;1;2;18.0;4.0;True;;;from JOIN String (Google Sheet Data Static MMSR)
iSolarCloud;1680199;PLTS Rooftop Sumatera Prima Fibreboard;;;16;1;3;;4.0;True;;;from JOIN String (Google Sheet Data Static MMSR)
iSolarCloud;1680199;PLTS Rooftop Sumatera Prima Fibreboard;;;16;2;4;19.0;4.0;True;;;from JOIN String (Google Sheet Data Static MMSR)
iSolarCloud;1680199;PLTS Rooftop Sumatera Prima Fibreboard;;;16;2;5;19.0;4.0;True;;;from JOIN String (Google Sheet Data Static MMSR)
iSolarCloud;1680199;PLTS Rooftop Sumatera Prima Fibreboard;;;16;2;6;;4.0;True;;;from JOIN String (Google Sheet Data Static MMSR)
iSolarCloud;1680199;PLTS Rooftop Sumatera Prima Fibreboard;;;16;3;7;19.0;4.0;True;;;from JOIN String (Google Sheet Data Static MMSR)
iSolarCloud;1680199;PLTS Rooftop Sumatera Prima Fibreboard;;;16;3;8;19.0;4.0;True;;;from JOIN String (Google Sheet Data Static MMSR)
iSolarCloud;1680199;PLTS Rooftop Sumatera Prima Fibreboard;;;16;3;9;;4.0;True;;;from JOIN String (Google Sheet Data Static MMSR)
iSolarCloud;1680199;PLTS Rooftop Sumatera Prima Fibreboard;;;16;4;10;19.0;4.0;True;;;from JOIN String (Google Sheet Data Static MMSR)
iSolarCloud;1680199;PLTS Rooftop Sumatera Prima Fibreboard;;;16;4;11;19.0;4.0;True;;;from JOIN String (Google Sheet Data Static MMSR)
iSolarCloud;1680199;PLTS Rooftop Sumatera Prima Fibreboard;;;16;4;12;;4.0;True;;;from JOIN String (Google Sheet Data Static MMSR)
iSolarCloud;1680199;PLTS Rooftop Sumatera Prima Fibreboard;;;16;5;13;19.0;4.0;True;;;from JOIN String (Google Sheet Data Static MMSR)
iSolarCloud;1680199;PLTS Rooftop Sumatera Prima Fibreboard;;;16;5;14;19.0;4.0;True;;;from JOIN String (Google Sheet Data Static MMSR)
iSolarCloud;1680199;PLTS Rooftop Sumatera Prima Fibreboard;;;16;5;15;;4.0;True;;;from JOIN String (Google Sheet Data Static MMSR)
iSolarCloud;1680199;PLTS Rooftop Sumatera Prima Fibreboard;;;16;6;16;19.0;4.0;True;;;from JOIN String (Google Sheet Data Static MMSR)
iSolarCloud;1680199;PLTS Rooftop Sumatera Prima Fibreboard;;;16;6;17;19.0;4.0;True;;;from JOIN String (Google Sheet Data Static MMSR)
iSolarCloud;1680199;PLTS Rooftop Sumatera Prima Fibreboard;;;16;6;18;;4.0;True;;;from JOIN String (Google Sheet Data Static MMSR)
iSolarCloud;1680199;PLTS Rooftop Sumatera Prima Fibreboard;;;16;7;19;20.0;3.0;True;;;from JOIN String (Google Sheet Data Static MMSR)
iSolarCloud;1680199;PLTS Rooftop Sumatera Prima Fibreboard;;;16;7;20;20.0;3.0;True;;;from JOIN String (Google Sheet Data Static MMSR)
iSolarCloud;1680199;PLTS Rooftop Sumatera Prima Fibreboard;;;16;7;21;;3.0;True;;;from JOIN String (Google Sheet Data Static MMSR)
iSolarCloud;1680199;PLTS Rooftop Sumatera Prima Fibreboard;;;17;1;1;19.0;3.0;True;;;from JOIN String (Google Sheet Data Static MMSR)
iSolarCloud;1680199;PLTS Rooftop Sumatera Prima Fibreboard;;;17;1;2;19.0;3.0;True;;;from JOIN String (Google Sheet Data Static MMSR)
iSolarCloud;1680199;PLTS Rooftop Sumatera Prima Fibreboard;;;17;1;3;;3.0;True;;;from JOIN String (Google Sheet Data Static MMSR)
iSolarCloud;1680199;PLTS Rooftop Sumatera Prima Fibreboard;;;17;2;4;19.0;3.0;True;;;from JOIN String (Google Sheet Data Static MMSR)
iSolarCloud;1680199;PLTS Rooftop Sumatera Prima Fibreboard;;;17;2;5;19.0;3.0;True;;;from JOIN String (Google Sheet Data Static MMSR)
iSolarCloud;1680199;PLTS Rooftop Sumatera Prima Fibreboard;;;17;2;6;;3.0;True;;;from JOIN String (Google Sheet Data Static MMSR)
iSolarCloud;1680199;PLTS Rooftop Sumatera Prima Fibreboard;;;17;3;7;19.0;3.0;True;;;from JOIN String (Google Sheet Data Static MMSR)
iSolarCloud;1680199;PLTS Rooftop Sumatera Prima Fibreboard;;;17;3;8;19.0;3.0;True;;;from JOIN String (Google Sheet Data Static MMSR)
iSolarCloud;1680199;PLTS Rooftop Sumatera Prima Fibreboard;;;17;3;9;;3.0;True;;;from JOIN String (Google Sheet Data Static MMSR)
iSolarCloud;1680199;PLTS Rooftop Sumatera Prima Fibreboard;;;17;4;10;18.0;3.0;True;;;from JOIN String (Google Sheet Data Static MMSR)
iSolarCloud;1680199;PLTS Rooftop Sumatera Prima Fibreboard;;;17;4;11;18.0;3.0;True;;;from JOIN String (Google Sheet Data Static MMSR)
iSolarCloud;1680199;PLTS Rooftop Sumatera Prima Fibreboard;;;17;4;12;;3.0;True;;;from JOIN String (Google Sheet Data Static MMSR)
iSolarCloud;1680199;PLTS Rooftop Sumatera Prima Fibreboard;;;17;5;13;18.0;3.0;True;;;from JOIN String (Google Sheet Data Static MMSR)
iSolarCloud;1680199;PLTS Rooftop Sumatera Prima Fibreboard;;;17;5;14;18.0;3.0;True;;;from JOIN String (Google Sheet Data Static MMSR)
iSolarCloud;1680199;PLTS Rooftop Sumatera Prima Fibreboard;;;17;5;15;;3.0;True;;;from JOIN String (Google Sheet Data Static MMSR)
iSolarCloud;1680199;PLTS Rooftop Sumatera Prima Fibreboard;;;17;6;16;18.0;3.0;True;;;from JOIN String (Google Sheet Data Static MMSR)
iSolarCloud;1680199;PLTS Rooftop Sumatera Prima Fibreboard;;;17;6;17;18.0;3.0;True;;;from JOIN String (Google Sheet Data Static MMSR)
iSolarCloud;1680199;PLTS Rooftop Sumatera Prima Fibreboard;;;17;6;18;;3.0;True;;;from JOIN String (Google Sheet Data Static MMSR)
iSolarCloud;1680199;PLTS Rooftop Sumatera Prima Fibreboard;;;17;7;19;18.0;3.0;True;;;from JOIN String (Google Sheet Data Static MMSR)
iSolarCloud;1680199;PLTS Rooftop Sumatera Prima Fibreboard;;;17;7;20;18.0;3.0;True;;;from JOIN String (Google Sheet Data Static MMSR)
iSolarCloud;1680199;PLTS Rooftop Sumatera Prima Fibreboard;;;17;7;21;;3.0;True;;;from JOIN String (Google Sheet Data Static MMSR)
iSolarCloud;1680199;PLTS Rooftop Sumatera Prima Fibreboard;;;18;1;1;20.0;3.0;True;;;from JOIN String (Google Sheet Data Static MMSR)
iSolarCloud;1680199;PLTS Rooftop Sumatera Prima Fibreboard;;;18;1;2;20.0;3.0;True;;;from JOIN String (Google Sheet Data Static MMSR)
iSolarCloud;1680199;PLTS Rooftop Sumatera Prima Fibreboard;;;18;1;3;;3.0;True;;;from JOIN String (Google Sheet Data Static MMSR)
iSolarCloud;1680199;PLTS Rooftop Sumatera Prima Fibreboard;;;18;2;4;20.0;3.0;True;;;from JOIN String (Google Sheet Data Static MMSR)
iSolarCloud;1680199;PLTS Rooftop Sumatera Prima Fibreboard;;;18;2;5;20.0;3.0;True;;;from JOIN String (Google Sheet Data Static MMSR)
iSolarCloud;1680199;PLTS Rooftop Sumatera Prima Fibreboard;;;18;2;6;;3.0;True;;;from JOIN String (Google Sheet Data Static MMSR)
iSolarCloud;1680199;PLTS Rooftop Sumatera Prima Fibreboard;;;18;3;7;20.0;3.0;True;;;from JOIN String (Google Sheet Data Static MMSR)
iSolarCloud;1680199;PLTS Rooftop Sumatera Prima Fibreboard;;;18;3;8;20.0;3.0;True;;;from JOIN String (Google Sheet Data Static MMSR)
iSolarCloud;1680199;PLTS Rooftop Sumatera Prima Fibreboard;;;18;3;9;;3.0;True;;;from JOIN String (Google Sheet Data Static MMSR)
iSolarCloud;1680199;PLTS Rooftop Sumatera Prima Fibreboard;;;18;4;10;19.0;3.0;True;;;from JOIN String (Google Sheet Data Static MMSR)
iSolarCloud;1680199;PLTS Rooftop Sumatera Prima Fibreboard;;;18;4;11;19.0;3.0;True;;;from JOIN String (Google Sheet Data Static MMSR)
iSolarCloud;1680199;PLTS Rooftop Sumatera Prima Fibreboard;;;18;4;12;;3.0;True;;;from JOIN String (Google Sheet Data Static MMSR)
iSolarCloud;1680199;PLTS Rooftop Sumatera Prima Fibreboard;;;18;5;13;19.0;3.0;True;;;from JOIN String (Google Sheet Data Static MMSR)
iSolarCloud;1680199;PLTS Rooftop Sumatera Prima Fibreboard;;;18;5;14;18.0;3.0;True;;;from JOIN String (Google Sheet Data Static MMSR)
iSolarCloud;1680199;PLTS Rooftop Sumatera Prima Fibreboard;;;18;5;15;;3.0;True;;;from JOIN String (Google Sheet Data Static MMSR)
iSolarCloud;1680199;PLTS Rooftop Sumatera Prima Fibreboard;;;18;6;16;18.0;3.0;True;;;from JOIN String (Google Sheet Data Static MMSR)
iSolarCloud;1680199;PLTS Rooftop Sumatera Prima Fibreboard;;;18;6;17;18.0;3.0;True;;;from JOIN String (Google Sheet Data Static MMSR)
iSolarCloud;1680199;PLTS Rooftop Sumatera Prima Fibreboard;;;18;6;18;;3.0;True;;;from JOIN String (Google Sheet Data Static MMSR)
iSolarCloud;1680199;PLTS Rooftop Sumatera Prima Fibreboard;;;18;7;19;18.0;3.0;True;;;from JOIN String (Google Sheet Data Static MMSR)
iSolarCloud;1680199;PLTS Rooftop Sumatera Prima Fibreboard;;;18;7;20;18.0;3.0;True;;;from JOIN String (Google Sheet Data Static MMSR)
iSolarCloud;1680199;PLTS Rooftop Sumatera Prima Fibreboard;;;18;7;21;18.0;3.0;True;;;from JOIN String (Google Sheet Data Static MMSR)
FusionSolar;NE=61847068;PT Gelora Djaja 1 MWp;;;1;1;1;17.0;1.0;True;;;from JOIN String (Google Sheet Data Static MMSR)
FusionSolar;NE=61847068;PT Gelora Djaja 1 MWp;;;1;1;2;17.0;1.0;True;;;from JOIN String (Google Sheet Data Static MMSR)
FusionSolar;NE=61847068;PT Gelora Djaja 1 MWp;;;1;1;3;17.0;1.0;True;;;from JOIN String (Google Sheet Data Static MMSR)
FusionSolar;NE=61847068;PT Gelora Djaja 1 MWp;;;1;2;4;16.0;1.0;True;;;from JOIN String (Google Sheet Data Static MMSR)
FusionSolar;NE=61847068;PT Gelora Djaja 1 MWp;;;1;2;5;16.0;1.0;True;;;from JOIN String (Google Sheet Data Static MMSR)
FusionSolar;NE=61847068;PT Gelora Djaja 1 MWp;;;1;2;6;16.0;1.0;True;;;from JOIN String (Google Sheet Data Static MMSR)
FusionSolar;NE=61847068;PT Gelora Djaja 1 MWp;;;1;3;7;;;True;;;from JOIN String (Google Sheet Data Static MMSR)
FusionSolar;NE=61847068;PT Gelora Djaja 1 MWp;;;1;3;8;16.0;1.0;True;;;from JOIN String (Google Sheet Data Static MMSR)
FusionSolar;NE=61847068;PT Gelora Djaja 1 MWp;;;1;3;9;16.0;1.0;True;;;from JOIN String (Google Sheet Data Static MMSR)
FusionSolar;NE=61847068;PT Gelora Djaja 1 MWp;;;1;4;10;16.0;1.0;True;;;from JOIN String (Google Sheet Data Static MMSR)
FusionSolar;NE=61847068;PT Gelora Djaja 1 MWp;;;1;4;11;;;True;;;from JOIN String (Google Sheet Data Static MMSR)
FusionSolar;NE=61847068;PT Gelora Djaja 1 MWp;;;1;4;12;16.0;1.0;True;;;from JOIN String (Google Sheet Data Static MMSR)
FusionSolar;NE=61847068;PT Gelora Djaja 1 MWp;;;1;5;13;16.0;1.0;True;;;from JOIN String (Google Sheet Data Static MMSR)
FusionSolar;NE=61847068;PT Gelora Djaja 1 MWp;;;1;5;14;;;True;;;from JOIN String (Google Sheet Data Static MMSR)
FusionSolar;NE=61847068;PT Gelora Djaja 1 MWp;;;1;5;15;16.0;1.0;True;;;from JOIN String (Google Sheet Data Static MMSR)
FusionSolar;NE=61847068;PT Gelora Djaja 1 MWp;;;1;6;16;16.0;1.0;True;;;from JOIN String (Google Sheet Data Static MMSR)
FusionSolar;NE=61847068;PT Gelora Djaja 1 MWp;;;1;6;17;;;True;;;from JOIN String (Google Sheet Data Static MMSR)
FusionSolar;NE=61847068;PT Gelora Djaja 1 MWp;;;1;6;18;16.0;1.0;True;;;from JOIN String (Google Sheet Data Static MMSR)
FusionSolar;NE=61847068;PT Gelora Djaja 1 MWp;;;1;7;19;16.0;2.0;True;;;from JOIN String (Google Sheet Data Static MMSR)
FusionSolar;NE=61847068;PT Gelora Djaja 1 MWp;;;1;7;20;16.0;2.0;True;;;from JOIN String (Google Sheet Data Static MMSR)
FusionSolar;NE=61847068;PT Gelora Djaja 1 MWp;;;1;7;21;16.0;2.0;True;;;from JOIN String (Google Sheet Data Static MMSR)
FusionSolar;NE=61847068;PT Gelora Djaja 1 MWp;;;2;1;1;17.0;2.0;True;;;from JOIN String (Google Sheet Data Static MMSR)
FusionSolar;NE=61847068;PT Gelora Djaja 1 MWp;;;2;1;2;17.0;2.0;True;;;from JOIN String (Google Sheet Data Static MMSR)
FusionSolar;NE=61847068;PT Gelora Djaja 1 MWp;;;2;1;3;17.0;2.0;True;;;from JOIN String (Google Sheet Data Static MMSR)
FusionSolar;NE=61847068;PT Gelora Djaja 1 MWp;;;2;2;4;16.0;2.0;True;;;from JOIN String (Google Sheet Data Static MMSR)
FusionSolar;NE=61847068;PT Gelora Djaja 1 MWp;;;2;2;5;16.0;2.0;True;;;from JOIN String (Google Sheet Data Static MMSR)
FusionSolar;NE=61847068;PT Gelora Djaja 1 MWp;;;2;2;6;16.0;2.0;True;;;from JOIN String (Google Sheet Data Static MMSR)
FusionSolar;NE=61847068;PT Gelora Djaja 1 MWp;;;2;3;7;;;True;;;from JOIN String (Google Sheet Data Static MMSR)
FusionSolar;NE=61847068;PT Gelora Djaja 1 MWp;;;2;3;8;16.0;2.0;True;;;from JOIN String (Google Sheet Data Static MMSR)
FusionSolar;NE=61847068;PT Gelora Djaja 1 MWp;;;2;3;9;16.0;2.0;True;;;from JOIN String (Google Sheet Data Static MMSR)
FusionSolar;NE=61847068;PT Gelora Djaja 1 MWp;;;2;4;10;16.0;2.0;True;;;from JOIN String (Google Sheet Data Static MMSR)
FusionSolar;NE=61847068;PT Gelora Djaja 1 MWp;;;2;4;11;;;True;;;from JOIN String (Google Sheet Data Static MMSR)
FusionSolar;NE=61847068;PT Gelora Djaja 1 MWp;;;2;4;12;16.0;2.0;True;;;from JOIN String (Google Sheet Data Static MMSR)
FusionSolar;NE=61847068;PT Gelora Djaja 1 MWp;;;2;5;13;16.0;2.0;True;;;from JOIN String (Google Sheet Data Static MMSR)
FusionSolar;NE=61847068;PT Gelora Djaja 1 MWp;;;2;5;14;;;True;;;from JOIN String (Google Sheet Data Static MMSR)
FusionSolar;NE=61847068;PT Gelora Djaja 1 MWp;;;2;5;15;16.0;1.0;True;;;from JOIN String (Google Sheet Data Static MMSR)
FusionSolar;NE=61847068;PT Gelora Djaja 1 MWp;;;2;6;16;16.0;1.0;True;;;from JOIN String (Google Sheet Data Static MMSR)
FusionSolar;NE=61847068;PT Gelora Djaja 1 MWp;;;2;6;17;;;True;;;from JOIN String (Google Sheet Data Static MMSR)
FusionSolar;NE=61847068;PT Gelora Djaja 1 MWp;;;2;6;18;16.0;1.0;True;;;from JOIN String (Google Sheet Data Static MMSR)
FusionSolar;NE=61847068;PT Gelora Djaja 1 MWp;;;2;7;19;16.0;1.0;True;;;from JOIN String (Google Sheet Data Static MMSR)
FusionSolar;NE=61847068;PT Gelora Djaja 1 MWp;;;2;7;20;16.0;1.0;True;;;from JOIN String (Google Sheet Data Static MMSR)
FusionSolar;NE=61847068;PT Gelora Djaja 1 MWp;;;2;7;21;16.0;1.0;True;;;from JOIN String (Google Sheet Data Static MMSR)
FusionSolar;NE=61847068;PT Gelora Djaja 1 MWp;;;3;1;1;17.0;1.0;True;;;from JOIN String (Google Sheet Data Static MMSR)
FusionSolar;NE=61847068;PT Gelora Djaja 1 MWp;;;3;1;2;17.0;1.0;True;;;from JOIN String (Google Sheet Data Static MMSR)
FusionSolar;NE=61847068;PT Gelora Djaja 1 MWp;;;3;1;3;17.0;1.0;True;;;from JOIN String (Google Sheet Data Static MMSR)
FusionSolar;NE=61847068;PT Gelora Djaja 1 MWp;;;3;2;4;16.0;1.0;True;;;from JOIN String (Google Sheet Data Static MMSR)
FusionSolar;NE=61847068;PT Gelora Djaja 1 MWp;;;3;2;5;16.0;1.0;True;;;from JOIN String (Google Sheet Data Static MMSR)
FusionSolar;NE=61847068;PT Gelora Djaja 1 MWp;;;3;2;6;16.0;1.0;True;;;from JOIN String (Google Sheet Data Static MMSR)
FusionSolar;NE=61847068;PT Gelora Djaja 1 MWp;;;3;3;7;;;True;;;from JOIN String (Google Sheet Data Static MMSR)
FusionSolar;NE=61847068;PT Gelora Djaja 1 MWp;;;3;3;8;16.0;1.0;True;;;from JOIN String (Google Sheet Data Static MMSR)
FusionSolar;NE=61847068;PT Gelora Djaja 1 MWp;;;3;3;9;16.0;1.0;True;;;from JOIN String (Google Sheet Data Static MMSR)
FusionSolar;NE=61847068;PT Gelora Djaja 1 MWp;;;3;4;10;16.0;2.0;True;;;from JOIN String (Google Sheet Data Static MMSR)
FusionSolar;NE=61847068;PT Gelora Djaja 1 MWp;;;3;4;11;;;True;;;from JOIN String (Google Sheet Data Static MMSR)
FusionSolar;NE=61847068;PT Gelora Djaja 1 MWp;;;3;4;12;16.0;2.0;True;;;from JOIN String (Google Sheet Data Static MMSR)
FusionSolar;NE=61847068;PT Gelora Djaja 1 MWp;;;3;5;13;16.0;2.0;True;;;from JOIN String (Google Sheet Data Static MMSR)
FusionSolar;NE=61847068;PT Gelora Djaja 1 MWp;;;3;5;14;;;True;;;from JOIN String (Google Sheet Data Static MMSR)
FusionSolar;NE=61847068;PT Gelora Djaja 1 MWp;;;3;5;16;16.0;2.0;True;;;from JOIN String (Google Sheet Data Static MMSR)
FusionSolar;NE=61847068;PT Gelora Djaja 1 MWp;;;3;6;16;16.0;2.0;True;;;from JOIN String (Google Sheet Data Static MMSR)
FusionSolar;NE=61847068;PT Gelora Djaja 1 MWp;;;3;6;17;;;True;;;from JOIN String (Google Sheet Data Static MMSR)
FusionSolar;NE=61847068;PT Gelora Djaja 1 MWp;;;3;6;18;16.0;2.0;True;;;from JOIN String (Google Sheet Data Static MMSR)
FusionSolar;NE=61847068;PT Gelora Djaja 1 MWp;;;3;7;19;16.0;2.0;True;;;from JOIN String (Google Sheet Data Static MMSR)
FusionSolar;NE=61847068;PT Gelora Djaja 1 MWp;;;3;7;20;16.0;2.0;True;;;from JOIN String (Google Sheet Data Static MMSR)
FusionSolar;NE=61847068;PT Gelora Djaja 1 MWp;;;3;7;21;16.0;2.0;True;;;from JOIN String (Google Sheet Data Static MMSR)
FusionSolar;NE=61847068;PT Gelora Djaja 1 MWp;;;4;1;1;17.0;2.0;True;;;from JOIN String (Google Sheet Data Static MMSR)
FusionSolar;NE=61847068;PT Gelora Djaja 1 MWp;;;4;1;2;17.0;2.0;True;;;from JOIN String (Google Sheet Data Static MMSR)
FusionSolar;NE=61847068;PT Gelora Djaja 1 MWp;;;4;1;3;17.0;2.0;True;;;from JOIN String (Google Sheet Data Static MMSR)
FusionSolar;NE=61847068;PT Gelora Djaja 1 MWp;;;4;2;4;16.0;2.0;True;;;from JOIN String (Google Sheet Data Static MMSR)
FusionSolar;NE=61847068;PT Gelora Djaja 1 MWp;;;4;2;5;16.0;2.0;True;;;from JOIN String (Google Sheet Data Static MMSR)
FusionSolar;NE=61847068;PT Gelora Djaja 1 MWp;;;4;2;6;16.0;2.0;True;;;from JOIN String (Google Sheet Data Static MMSR)
FusionSolar;NE=61847068;PT Gelora Djaja 1 MWp;;;4;3;7;;;True;;;from JOIN String (Google Sheet Data Static MMSR)
FusionSolar;NE=61847068;PT Gelora Djaja 1 MWp;;;4;3;8;16.0;2.0;True;;;from JOIN String (Google Sheet Data Static MMSR)
FusionSolar;NE=61847068;PT Gelora Djaja 1 MWp;;;4;3;9;16.0;1.0;True;;;from JOIN String (Google Sheet Data Static MMSR)
FusionSolar;NE=61847068;PT Gelora Djaja 1 MWp;;;4;4;10;16.0;1.0;True;;;from JOIN String (Google Sheet Data Static MMSR)
FusionSolar;NE=61847068;PT Gelora Djaja 1 MWp;;;4;4;11;;;True;;;from JOIN String (Google Sheet Data Static MMSR)
FusionSolar;NE=61847068;PT Gelora Djaja 1 MWp;;;4;4;12;16.0;1.0;True;;;from JOIN String (Google Sheet Data Static MMSR)
FusionSolar;NE=61847068;PT Gelora Djaja 1 MWp;;;4;5;13;16.0;1.0;True;;;from JOIN String (Google Sheet Data Static MMSR)
FusionSolar;NE=61847068;PT Gelora Djaja 1 MWp;;;4;5;14;;;True;;;from JOIN String (Google Sheet Data Static MMSR)
FusionSolar;NE=61847068;PT Gelora Djaja 1 MWp;;;4;5;15;16.0;1.0;True;;;from JOIN String (Google Sheet Data Static MMSR)
FusionSolar;NE=61847068;PT Gelora Djaja 1 MWp;;;4;6;16;16.0;1.0;True;;;from JOIN String (Google Sheet Data Static MMSR)
FusionSolar;NE=61847068;PT Gelora Djaja 1 MWp;;;4;6;17;;;True;;;from JOIN String (Google Sheet Data Static MMSR)
FusionSolar;NE=61847068;PT Gelora Djaja 1 MWp;;;4;6;18;16.0;1.0;True;;;from JOIN String (Google Sheet Data Static MMSR)
FusionSolar;NE=61847068;PT Gelora Djaja 1 MWp;;;4;7;19;16.0;1.0;True;;;from JOIN String (Google Sheet Data Static MMSR)
FusionSolar;NE=61847068;PT Gelora Djaja 1 MWp;;;4;7;20;16.0;1.0;True;;;from JOIN String (Google Sheet Data Static MMSR)
FusionSolar;NE=61847068;PT Gelora Djaja 1 MWp;;;4;7;21;16.0;1.0;True;;;from JOIN String (Google Sheet Data Static MMSR)
FusionSolar;NE=61847068;PT Gelora Djaja 1 MWp;;;5;1;1;17.0;1.0;True;;;from JOIN String (Google Sheet Data Static MMSR)
FusionSolar;NE=61847068;PT Gelora Djaja 1 MWp;;;5;1;2;17.0;1.0;True;;;from JOIN String (Google Sheet Data Static MMSR)
FusionSolar;NE=61847068;PT Gelora Djaja 1 MWp;;;5;1;3;17.0;1.0;True;;;from JOIN String (Google Sheet Data Static MMSR)
FusionSolar;NE=61847068;PT Gelora Djaja 1 MWp;;;5;2;4;16.0;2.0;True;;;from JOIN String (Google Sheet Data Static MMSR)
FusionSolar;NE=61847068;PT Gelora Djaja 1 MWp;;;5;2;5;;;True;;;from JOIN String (Google Sheet Data Static MMSR)
FusionSolar;NE=61847068;PT Gelora Djaja 1 MWp;;;5;2;6;16.0;2.0;True;;;from JOIN String (Google Sheet Data Static MMSR)
FusionSolar;NE=61847068;PT Gelora Djaja 1 MWp;;;5;3;7;;;True;;;from JOIN String (Google Sheet Data Static MMSR)
FusionSolar;NE=61847068;PT Gelora Djaja 1 MWp;;;5;3;8;16.0;2.0;True;;;from JOIN String (Google Sheet Data Static MMSR)
FusionSolar;NE=61847068;PT Gelora Djaja 1 MWp;;;5;3;9;16.0;2.0;True;;;from JOIN String (Google Sheet Data Static MMSR)
FusionSolar;NE=61847068;PT Gelora Djaja 1 MWp;;;5;4;10;16.0;1.0;True;;;from JOIN String (Google Sheet Data Static MMSR)
FusionSolar;NE=61847068;PT Gelora Djaja 1 MWp;;;5;4;11;;;True;;;from JOIN String (Google Sheet Data Static MMSR)
FusionSolar;NE=61847068;PT Gelora Djaja 1 MWp;;;5;4;12;16.0;1.0;True;;;from JOIN String (Google Sheet Data Static MMSR)
FusionSolar;NE=61847068;PT Gelora Djaja 1 MWp;;;5;5;13;16.0;1.0;True;;;from JOIN String (Google Sheet Data Static MMSR)
FusionSolar;NE=61847068;PT Gelora Djaja 1 MWp;;;5;5;14;;;True;;;from JOIN String (Google Sheet Data Static MMSR)
FusionSolar;NE=61847068;PT Gelora Djaja 1 MWp;;;5;5;15;16.0;1.0;True;;;from JOIN String (Google Sheet Data Static MMSR)
FusionSolar;NE=61847068;PT Gelora Djaja 1 MWp;;;5;6;16;16.0;1.0;True;;;from JOIN String (Google Sheet Data Static MMSR)
FusionSolar;NE=61847068;PT Gelora Djaja 1 MWp;;;5;6;17;;;True;;;from JOIN String (Google Sheet Data Static MMSR)
FusionSolar;NE=61847068;PT Gelora Djaja 1 MWp;;;5;6;18;16.0;1.0;True;;;from JOIN String (Google Sheet Data Static MMSR)
FusionSolar;NE=61847068;PT Gelora Djaja 1 MWp;;;5;7;19;16.0;1.0;True;;;from JOIN String (Google Sheet Data Static MMSR)
FusionSolar;NE=61847068;PT Gelora Djaja 1 MWp;;;5;7;20;16.0;1.0;True;;;from JOIN String (Google Sheet Data Static MMSR)
FusionSolar;NE=61847068;PT Gelora Djaja 1 MWp;;;5;7;21;16.0;1.0;True;;;from JOIN String (Google Sheet Data Static MMSR)
FusionSolar;NE=61847068;PT Gelora Djaja 1 MWp;;;6;1;1;17.0;2.0;True;;;from JOIN String (Google Sheet Data Static MMSR)
FusionSolar;NE=61847068;PT Gelora Djaja 1 MWp;;;6;1;2;17.0;2.0;True;;;from JOIN String (Google Sheet Data Static MMSR)
FusionSolar;NE=61847068;PT Gelora Djaja 1 MWp;;;6;1;3;17.0;2.0;True;;;from JOIN String (Google Sheet Data Static MMSR)
FusionSolar;NE=61847068;PT Gelora Djaja 1 MWp;;;6;2;4;16.0;2.0;True;;;from JOIN String (Google Sheet Data Static MMSR)
FusionSolar;NE=61847068;PT Gelora Djaja 1 MWp;;;6;2;5;;;True;;;from JOIN String (Google Sheet Data Static MMSR)
FusionSolar;NE=61847068;PT Gelora Djaja 1 MWp;;;6;2;6;16.0;2.0;True;;;from JOIN String (Google Sheet Data Static MMSR)
FusionSolar;NE=61847068;PT Gelora Djaja 1 MWp;;;6;3;7;;;True;;;from JOIN String (Google Sheet Data Static MMSR)
FusionSolar;NE=61847068;PT Gelora Djaja 1 MWp;;;6;3;8;16.0;2.0;True;;;from JOIN String (Google Sheet Data Static MMSR)
FusionSolar;NE=61847068;PT Gelora Djaja 1 MWp;;;6;3;9;16.0;2.0;True;;;from JOIN String (Google Sheet Data Static MMSR)
FusionSolar;NE=61847068;PT Gelora Djaja 1 MWp;;;6;4;10;16.0;2.0;True;;;from JOIN String (Google Sheet Data Static MMSR)
FusionSolar;NE=61847068;PT Gelora Djaja 1 MWp;;;6;4;11;;;True;;;from JOIN String (Google Sheet Data Static MMSR)
FusionSolar;NE=61847068;PT Gelora Djaja 1 MWp;;;6;4;12;16.0;2.0;True;;;from JOIN String (Google Sheet Data Static MMSR)
FusionSolar;NE=61847068;PT Gelora Djaja 1 MWp;;;6;5;13;16.0;2.0;True;;;from JOIN String (Google Sheet Data Static MMSR)
FusionSolar;NE=61847068;PT Gelora Djaja 1 MWp;;;6;5;14;;;True;;;from JOIN String (Google Sheet Data Static MMSR)
FusionSolar;NE=61847068;PT Gelora Djaja 1 MWp;;;6;5;15;16.0;2.0;True;;;from JOIN String (Google Sheet Data Static MMSR)
FusionSolar;NE=61847068;PT Gelora Djaja 1 MWp;;;6;6;16;16.0;2.0;True;;;from JOIN String (Google Sheet Data Static MMSR)
FusionSolar;NE=61847068;PT Gelora Djaja 1 MWp;;;6;6;17;;;True;;;from JOIN String (Google Sheet Data Static MMSR)
FusionSolar;NE=61847068;PT Gelora Djaja 1 MWp;;;6;6;18;16.0;2.0;True;;;from JOIN String (Google Sheet Data Static MMSR)
FusionSolar;NE=61847068;PT Gelora Djaja 1 MWp;;;6;7;19;16.0;1.0;True;;;from JOIN String (Google Sheet Data Static MMSR)
FusionSolar;NE=61847068;PT Gelora Djaja 1 MWp;;;6;7;20;16.0;1.0;True;;;from JOIN String (Google Sheet Data Static MMSR)
FusionSolar;NE=61847068;PT Gelora Djaja 1 MWp;;;6;7;21;16.0;1.0;True;;;from JOIN String (Google Sheet Data Static MMSR)
FusionSolar;NE=50488260;PT. MMKI 1.75 MWp - Painting Building;;;1;1;1;27.0;1.0;True;;;from JOIN String (Google Sheet Data Static MMSR)
FusionSolar;NE=50488260;PT. MMKI 1.75 MWp - Painting Building;;;1;1;2;27.0;1.0;True;;;from JOIN String (Google Sheet Data Static MMSR)
FusionSolar;NE=50488260;PT. MMKI 1.75 MWp - Painting Building;;;1;2;3;27.0;1.0;True;;;from JOIN String (Google Sheet Data Static MMSR)
FusionSolar;NE=50488260;PT. MMKI 1.75 MWp - Painting Building;;;1;2;4;27.0;1.0;True;;;from JOIN String (Google Sheet Data Static MMSR)
FusionSolar;NE=50488260;PT. MMKI 1.75 MWp - Painting Building;;;1;3;5;27.0;1.0;True;;;from JOIN String (Google Sheet Data Static MMSR)
FusionSolar;NE=50488260;PT. MMKI 1.75 MWp - Painting Building;;;1;3;6;27.0;1.0;True;;;from JOIN String (Google Sheet Data Static MMSR)
FusionSolar;NE=50488260;PT. MMKI 1.75 MWp - Painting Building;;;1;4;7;27.0;2.0;True;;;from JOIN String (Google Sheet Data Static MMSR)
FusionSolar;NE=50488260;PT. MMKI 1.75 MWp - Painting Building;;;1;4;8;27.0;2.0;True;;;from JOIN String (Google Sheet Data Static MMSR)
FusionSolar;NE=50488260;PT. MMKI 1.75 MWp - Painting Building;;;1;5;9;27.0;2.0;True;;;from JOIN String (Google Sheet Data Static MMSR)
FusionSolar;NE=50488260;PT. MMKI 1.75 MWp - Painting Building;;;1;5;10;27.0;2.0;True;;;from JOIN String (Google Sheet Data Static MMSR)
FusionSolar;NE=50488260;PT. MMKI 1.75 MWp - Painting Building;;;1;6;11;27.0;2.0;True;;;from JOIN String (Google Sheet Data Static MMSR)
FusionSolar;NE=50488260;PT. MMKI 1.75 MWp - Painting Building;;;1;6;12;27.0;2.0;True;;;from JOIN String (Google Sheet Data Static MMSR)
FusionSolar;NE=50488260;PT. MMKI 1.75 MWp - Painting Building;;;1;7;13;27.0;2.0;True;;;from JOIN String (Google Sheet Data Static MMSR)
FusionSolar;NE=50488260;PT. MMKI 1.75 MWp - Painting Building;;;1;7;14;0.0;2.0;True;;;from JOIN String (Google Sheet Data Static MMSR)
FusionSolar;NE=50488260;PT. MMKI 1.75 MWp - Painting Building;;;1;8;15;27.0;2.0;True;;;from JOIN String (Google Sheet Data Static MMSR)
FusionSolar;NE=50488260;PT. MMKI 1.75 MWp - Painting Building;;;1;8;16;0.0;2.0;True;;;from JOIN String (Google Sheet Data Static MMSR)
FusionSolar;NE=50488260;PT. MMKI 1.75 MWp - Painting Building;;;1;9;17;21.0;2.0;True;;;from JOIN String (Google Sheet Data Static MMSR)
FusionSolar;NE=50488260;PT. MMKI 1.75 MWp - Painting Building;;;1;9;18;0.0;2.0;True;;;from JOIN String (Google Sheet Data Static MMSR)
FusionSolar;NE=50488260;PT. MMKI 1.75 MWp - Painting Building;;;2;1;1;27.0;2.0;True;;;from JOIN String (Google Sheet Data Static MMSR)
FusionSolar;NE=50488260;PT. MMKI 1.75 MWp - Painting Building;;;2;1;2;27.0;2.0;True;;;from JOIN String (Google Sheet Data Static MMSR)
FusionSolar;NE=50488260;PT. MMKI 1.75 MWp - Painting Building;;;2;2;3;27.0;2.0;True;;;from JOIN String (Google Sheet Data Static MMSR)
FusionSolar;NE=50488260;PT. MMKI 1.75 MWp - Painting Building;;;2;2;4;27.0;2.0;True;;;from JOIN String (Google Sheet Data Static MMSR)
FusionSolar;NE=50488260;PT. MMKI 1.75 MWp - Painting Building;;;2;3;5;27.0;2.0;True;;;from JOIN String (Google Sheet Data Static MMSR)
FusionSolar;NE=50488260;PT. MMKI 1.75 MWp - Painting Building;;;2;3;6;27.0;2.0;True;;;from JOIN String (Google Sheet Data Static MMSR)
FusionSolar;NE=50488260;PT. MMKI 1.75 MWp - Painting Building;;;2;4;7;27.0;2.0;True;;;from JOIN String (Google Sheet Data Static MMSR)
FusionSolar;NE=50488260;PT. MMKI 1.75 MWp - Painting Building;;;2;4;8;27.0;2.0;True;;;from JOIN String (Google Sheet Data Static MMSR)
FusionSolar;NE=50488260;PT. MMKI 1.75 MWp - Painting Building;;;2;5;9;27.0;2.0;True;;;from JOIN String (Google Sheet Data Static MMSR)
FusionSolar;NE=50488260;PT. MMKI 1.75 MWp - Painting Building;;;2;5;10;27.0;2.0;True;;;from JOIN String (Google Sheet Data Static MMSR)
FusionSolar;NE=50488260;PT. MMKI 1.75 MWp - Painting Building;;;2;6;11;27.0;2.0;True;;;from JOIN String (Google Sheet Data Static MMSR)
FusionSolar;NE=50488260;PT. MMKI 1.75 MWp - Painting Building;;;2;6;12;27.0;2.0;True;;;from JOIN String (Google Sheet Data Static MMSR)
FusionSolar;NE=50488260;PT. MMKI 1.75 MWp - Painting Building;;;2;7;13;27.0;2.0;True;;;from JOIN String (Google Sheet Data Static MMSR)
FusionSolar;NE=50488260;PT. MMKI 1.75 MWp - Painting Building;;;2;7;14;0.0;2.0;True;;;from JOIN String (Google Sheet Data Static MMSR)
FusionSolar;NE=50488260;PT. MMKI 1.75 MWp - Painting Building;;;2;8;15;24.0;2.0;True;;;from JOIN String (Google Sheet Data Static MMSR)
FusionSolar;NE=50488260;PT. MMKI 1.75 MWp - Painting Building;;;2;8;16;0.0;2.0;True;;;from JOIN String (Google Sheet Data Static MMSR)
FusionSolar;NE=50488260;PT. MMKI 1.75 MWp - Painting Building;;;2;9;17;24.0;2.0;True;;;from JOIN String (Google Sheet Data Static MMSR)
FusionSolar;NE=50488260;PT. MMKI 1.75 MWp - Painting Building;;;2;9;18;0.0;2.0;True;;;from JOIN String (Google Sheet Data Static MMSR)
FusionSolar;NE=50488260;PT. MMKI 1.75 MWp - Painting Building;;;3;1;1;27.0;2.0;True;;;from JOIN String (Google Sheet Data Static MMSR)
FusionSolar;NE=50488260;PT. MMKI 1.75 MWp - Painting Building;;;3;1;2;27.0;2.0;True;;;from JOIN String (Google Sheet Data Static MMSR)
FusionSolar;NE=50488260;PT. MMKI 1.75 MWp - Painting Building;;;3;2;3;27.0;2.0;True;;;from JOIN String (Google Sheet Data Static MMSR)
FusionSolar;NE=50488260;PT. MMKI 1.75 MWp - Painting Building;;;3;2;4;27.0;2.0;True;;;from JOIN String (Google Sheet Data Static MMSR)
FusionSolar;NE=50488260;PT. MMKI 1.75 MWp - Painting Building;;;3;3;5;27.0;2.0;True;;;from JOIN String (Google Sheet Data Static MMSR)
FusionSolar;NE=50488260;PT. MMKI 1.75 MWp - Painting Building;;;3;3;6;27.0;2.0;True;;;from JOIN String (Google Sheet Data Static MMSR)
FusionSolar;NE=50488260;PT. MMKI 1.75 MWp - Painting Building;;;3;4;7;27.0;2.0;True;;;from JOIN String (Google Sheet Data Static MMSR)
FusionSolar;NE=50488260;PT. MMKI 1.75 MWp - Painting Building;;;3;4;8;27.0;2.0;True;;;from JOIN String (Google Sheet Data Static MMSR)
FusionSolar;NE=50488260;PT. MMKI 1.75 MWp - Painting Building;;;3;5;9;27.0;2.0;True;;;from JOIN String (Google Sheet Data Static MMSR)
FusionSolar;NE=50488260;PT. MMKI 1.75 MWp - Painting Building;;;3;5;10;27.0;2.0;True;;;from JOIN String (Google Sheet Data Static MMSR)
FusionSolar;NE=50488260;PT. MMKI 1.75 MWp - Painting Building;;;3;6;11;27.0;2.0;True;;;from JOIN String (Google Sheet Data Static MMSR)
FusionSolar;NE=50488260;PT. MMKI 1.75 MWp - Painting Building;;;3;6;12;0.0;2.0;True;;;from JOIN String (Google Sheet Data Static MMSR)
FusionSolar;NE=50488260;PT. MMKI 1.75 MWp - Painting Building;;;3;7;13;27.0;2.0;True;;;from JOIN String (Google Sheet Data Static MMSR)
FusionSolar;NE=50488260;PT. MMKI 1.75 MWp - Painting Building;;;3;7;14;0.0;2.0;True;;;from JOIN String (Google Sheet Data Static MMSR)
FusionSolar;NE=50488260;PT. MMKI 1.75 MWp - Painting Building;;;3;8;15;27.0;2.0;True;;;from JOIN String (Google Sheet Data Static MMSR)
FusionSolar;NE=50488260;PT. MMKI 1.75 MWp - Painting Building;;;3;8;16;0.0;2.0;True;;;from JOIN String (Google Sheet Data Static MMSR)
FusionSolar;NE=50488260;PT. MMKI 1.75 MWp - Painting Building;;;3;9;17;27.0;2.0;True;;;from JOIN String (Google Sheet Data Static MMSR)
FusionSolar;NE=50488260;PT. MMKI 1.75 MWp - Painting Building;;;3;9;18;0.0;2.0;True;;;from JOIN String (Google Sheet Data Static MMSR)
FusionSolar;NE=50488260;PT. MMKI 1.75 MWp - Painting Building;;;4;1;1;27.0;2.0;True;;;from JOIN String (Google Sheet Data Static MMSR)
FusionSolar;NE=50488260;PT. MMKI 1.75 MWp - Painting Building;;;4;1;2;27.0;2.0;True;;;from JOIN String (Google Sheet Data Static MMSR)
FusionSolar;NE=50488260;PT. MMKI 1.75 MWp - Painting Building;;;4;2;3;27.0;2.0;True;;;from JOIN String (Google Sheet Data Static MMSR)
FusionSolar;NE=50488260;PT. MMKI 1.75 MWp - Painting Building;;;4;2;4;27.0;2.0;True;;;from JOIN String (Google Sheet Data Static MMSR)
FusionSolar;NE=50488260;PT. MMKI 1.75 MWp - Painting Building;;;4;3;5;27.0;2.0;True;;;from JOIN String (Google Sheet Data Static MMSR)
FusionSolar;NE=50488260;PT. MMKI 1.75 MWp - Painting Building;;;4;3;6;27.0;2.0;True;;;from JOIN String (Google Sheet Data Static MMSR)
FusionSolar;NE=50488260;PT. MMKI 1.75 MWp - Painting Building;;;4;4;7;27.0;2.0;True;;;from JOIN String (Google Sheet Data Static MMSR)
FusionSolar;NE=50488260;PT. MMKI 1.75 MWp - Painting Building;;;4;4;8;27.0;2.0;True;;;from JOIN String (Google Sheet Data Static MMSR)
FusionSolar;NE=50488260;PT. MMKI 1.75 MWp - Painting Building;;;4;5;9;27.0;2.0;True;;;from JOIN String (Google Sheet Data Static MMSR)
FusionSolar;NE=50488260;PT. MMKI 1.75 MWp - Painting Building;;;4;5;10;27.0;2.0;True;;;from JOIN String (Google Sheet Data Static MMSR)
FusionSolar;NE=50488260;PT. MMKI 1.75 MWp - Painting Building;;;4;6;11;27.0;2.0;True;;;from JOIN String (Google Sheet Data Static MMSR)
FusionSolar;NE=50488260;PT. MMKI 1.75 MWp - Painting Building;;;4;6;12;27.0;2.0;True;;;from JOIN String (Google Sheet Data Static MMSR)
FusionSolar;NE=50488260;PT. MMKI 1.75 MWp - Painting Building;;;4;7;13;27.0;2.0;True;;;from JOIN String (Google Sheet Data Static MMSR)
FusionSolar;NE=50488260;PT. MMKI 1.75 MWp - Painting Building;;;4;7;14;0.0;2.0;True;;;from JOIN String (Google Sheet Data Static MMSR)
FusionSolar;NE=50488260;PT. MMKI 1.75 MWp - Painting Building;;;4;8;15;27.0;2.0;True;;;from JOIN String (Google Sheet Data Static MMSR)
FusionSolar;NE=50488260;PT. MMKI 1.75 MWp - Painting Building;;;4;8;16;0.0;2.0;True;;;from JOIN String (Google Sheet Data Static MMSR)
FusionSolar;NE=50488260;PT. MMKI 1.75 MWp - Painting Building;;;4;9;17;24.0;2.0;True;;;from JOIN String (Google Sheet Data Static MMSR)
FusionSolar;NE=50488260;PT. MMKI 1.75 MWp - Painting Building;;;4;9;18;0.0;2.0;True;;;from JOIN String (Google Sheet Data Static MMSR)
FusionSolar;NE=50488260;PT. MMKI 1.75 MWp - Painting Building;;;5;1;1;27.0;2.0;True;;;from JOIN String (Google Sheet Data Static MMSR)
FusionSolar;NE=50488260;PT. MMKI 1.75 MWp - Painting Building;;;5;1;2;27.0;2.0;True;;;from JOIN String (Google Sheet Data Static MMSR)
FusionSolar;NE=50488260;PT. MMKI 1.75 MWp - Painting Building;;;5;2;3;27.0;2.0;True;;;from JOIN String (Google Sheet Data Static MMSR)
FusionSolar;NE=50488260;PT. MMKI 1.75 MWp - Painting Building;;;5;2;4;27.0;2.0;True;;;from JOIN String (Google Sheet Data Static MMSR)
FusionSolar;NE=50488260;PT. MMKI 1.75 MWp - Painting Building;;;5;3;5;27.0;2.0;True;;;from JOIN String (Google Sheet Data Static MMSR)
FusionSolar;NE=50488260;PT. MMKI 1.75 MWp - Painting Building;;;5;3;6;27.0;2.0;True;;;from JOIN String (Google Sheet Data Static MMSR)
FusionSolar;NE=50488260;PT. MMKI 1.75 MWp - Painting Building;;;5;4;7;27.0;2.0;True;;;from JOIN String (Google Sheet Data Static MMSR)
FusionSolar;NE=50488260;PT. MMKI 1.75 MWp - Painting Building;;;5;4;8;27.0;2.0;True;;;from JOIN String (Google Sheet Data Static MMSR)
FusionSolar;NE=50488260;PT. MMKI 1.75 MWp - Painting Building;;;5;5;9;27.0;2.0;True;;;from JOIN String (Google Sheet Data Static MMSR)
FusionSolar;NE=50488260;PT. MMKI 1.75 MWp - Painting Building;;;5;5;10;27.0;2.0;True;;;from JOIN String (Google Sheet Data Static MMSR)
FusionSolar;NE=50488260;PT. MMKI 1.75 MWp - Painting Building;;;5;6;11;27.0;2.0;True;;;from JOIN String (Google Sheet Data Static MMSR)
FusionSolar;NE=50488260;PT. MMKI 1.75 MWp - Painting Building;;;5;6;12;27.0;2.0;True;;;from JOIN String (Google Sheet Data Static MMSR)
FusionSolar;NE=50488260;PT. MMKI 1.75 MWp - Painting Building;;;5;7;13;27.0;2.0;True;;;from JOIN String (Google Sheet Data Static MMSR)
FusionSolar;NE=50488260;PT. MMKI 1.75 MWp - Painting Building;;;5;7;14;0.0;2.0;True;;;from JOIN String (Google Sheet Data Static MMSR)
FusionSolar;NE=50488260;PT. MMKI 1.75 MWp - Painting Building;;;5;8;15;27.0;2.0;True;;;from JOIN String (Google Sheet Data Static MMSR)
FusionSolar;NE=50488260;PT. MMKI 1.75 MWp - Painting Building;;;5;8;16;0.0;2.0;True;;;from JOIN String (Google Sheet Data Static MMSR)
FusionSolar;NE=50488260;PT. MMKI 1.75 MWp - Painting Building;;;5;9;17;24.0;2.0;True;;;from JOIN String (Google Sheet Data Static MMSR)
FusionSolar;NE=50488260;PT. MMKI 1.75 MWp - Painting Building;;;5;9;18;0.0;2.0;True;;;from JOIN String (Google Sheet Data Static MMSR)
FusionSolar;NE=50488260;PT. MMKI 1.75 MWp - Painting Building;;;6;1;1;27.0;2.0;True;;;from JOIN String (Google Sheet Data Static MMSR)
FusionSolar;NE=50488260;PT. MMKI 1.75 MWp - Painting Building;;;6;1;2;27.0;2.0;True;;;from JOIN String (Google Sheet Data Static MMSR)
FusionSolar;NE=50488260;PT. MMKI 1.75 MWp - Painting Building;;;6;2;3;27.0;2.0;True;;;from JOIN String (Google Sheet Data Static MMSR)
FusionSolar;NE=50488260;PT. MMKI 1.75 MWp - Painting Building;;;6;2;4;27.0;2.0;True;;;from JOIN String (Google Sheet Data Static MMSR)
FusionSolar;NE=50488260;PT. MMKI 1.75 MWp - Painting Building;;;6;3;5;27.0;2.0;True;;;from JOIN String (Google Sheet Data Static MMSR)
FusionSolar;NE=50488260;PT. MMKI 1.75 MWp - Painting Building;;;6;3;6;27.0;2.0;True;;;from JOIN String (Google Sheet Data Static MMSR)
FusionSolar;NE=50488260;PT. MMKI 1.75 MWp - Painting Building;;;6;4;7;27.0;2.0;True;;;from JOIN String (Google Sheet Data Static MMSR)
FusionSolar;NE=50488260;PT. MMKI 1.75 MWp - Painting Building;;;6;4;8;27.0;2.0;True;;;from JOIN String (Google Sheet Data Static MMSR)
FusionSolar;NE=50488260;PT. MMKI 1.75 MWp - Painting Building;;;6;5;9;27.0;1.0;True;;;from JOIN String (Google Sheet Data Static MMSR)
FusionSolar;NE=50488260;PT. MMKI 1.75 MWp - Painting Building;;;6;5;10;27.0;1.0;True;;;from JOIN String (Google Sheet Data Static MMSR)
FusionSolar;NE=50488260;PT. MMKI 1.75 MWp - Painting Building;;;6;6;11;27.0;1.0;True;;;from JOIN String (Google Sheet Data Static MMSR)
FusionSolar;NE=50488260;PT. MMKI 1.75 MWp - Painting Building;;;6;6;12;27.0;2.0;True;;;from JOIN String (Google Sheet Data Static MMSR)
FusionSolar;NE=50488260;PT. MMKI 1.75 MWp - Painting Building;;;6;7;13;27.0;2.0;True;;;from JOIN String (Google Sheet Data Static MMSR)
FusionSolar;NE=50488260;PT. MMKI 1.75 MWp - Painting Building;;;6;7;14;0.0;2.0;True;;;from JOIN String (Google Sheet Data Static MMSR)
FusionSolar;NE=50488260;PT. MMKI 1.75 MWp - Painting Building;;;6;8;15;27.0;1.0;True;;;from JOIN String (Google Sheet Data Static MMSR)
FusionSolar;NE=50488260;PT. MMKI 1.75 MWp - Painting Building;;;6;8;16;0.0;2.0;True;;;from JOIN String (Google Sheet Data Static MMSR)
FusionSolar;NE=50488260;PT. MMKI 1.75 MWp - Painting Building;;;6;9;17;24.0;2.0;True;;;from JOIN String (Google Sheet Data Static MMSR)
FusionSolar;NE=50488260;PT. MMKI 1.75 MWp - Painting Building;;;6;9;18;0.0;2.0;True;;;from JOIN String (Google Sheet Data Static MMSR)
FusionSolar;NE=50488260;PT. MMKI 1.75 MWp - Painting Building;;;7;1;1;27.0;1.0;True;;;from JOIN String (Google Sheet Data Static MMSR)
FusionSolar;NE=50488260;PT. MMKI 1.75 MWp - Painting Building;;;7;1;2;27.0;1.0;True;;;from JOIN String (Google Sheet Data Static MMSR)
FusionSolar;NE=50488260;PT. MMKI 1.75 MWp - Painting Building;;;7;2;3;27.0;1.0;True;;;from JOIN String (Google Sheet Data Static MMSR)
FusionSolar;NE=50488260;PT. MMKI 1.75 MWp - Painting Building;;;7;2;4;27.0;1.0;True;;;from JOIN String (Google Sheet Data Static MMSR)
FusionSolar;NE=50488260;PT. MMKI 1.75 MWp - Painting Building;;;7;3;5;27.0;1.0;True;;;from JOIN String (Google Sheet Data Static MMSR)
FusionSolar;NE=50488260;PT. MMKI 1.75 MWp - Painting Building;;;7;3;6;27.0;1.0;True;;;from JOIN String (Google Sheet Data Static MMSR)
FusionSolar;NE=50488260;PT. MMKI 1.75 MWp - Painting Building;;;7;4;7;27.0;1.0;True;;;from JOIN String (Google Sheet Data Static MMSR)
FusionSolar;NE=50488260;PT. MMKI 1.75 MWp - Painting Building;;;7;4;8;27.0;1.0;True;;;from JOIN String (Google Sheet Data Static MMSR)
FusionSolar;NE=50488260;PT. MMKI 1.75 MWp - Painting Building;;;7;5;9;27.0;1.0;True;;;from JOIN String (Google Sheet Data Static MMSR)
FusionSolar;NE=50488260;PT. MMKI 1.75 MWp - Painting Building;;;7;5;10;27.0;1.0;True;;;from JOIN String (Google Sheet Data Static MMSR)
FusionSolar;NE=50488260;PT. MMKI 1.75 MWp - Painting Building;;;7;6;11;27.0;1.0;True;;;from JOIN String (Google Sheet Data Static MMSR)
FusionSolar;NE=50488260;PT. MMKI 1.75 MWp - Painting Building;;;7;6;12;27.0;1.0;True;;;from JOIN String (Google Sheet Data Static MMSR)
FusionSolar;NE=50488260;PT. MMKI 1.75 MWp - Painting Building;;;7;7;13;27.0;1.0;True;;;from JOIN String (Google Sheet Data Static MMSR)
FusionSolar;NE=50488260;PT. MMKI 1.75 MWp - Painting Building;;;7;7;14;0.0;2.0;True;;;from JOIN String (Google Sheet Data Static MMSR)
FusionSolar;NE=50488260;PT. MMKI 1.75 MWp - Painting Building;;;7;8;15;27.0;1.0;True;;;from JOIN String (Google Sheet Data Static MMSR)
FusionSolar;NE=50488260;PT. MMKI 1.75 MWp - Painting Building;;;7;8;16;0.0;2.0;True;;;from JOIN String (Google Sheet Data Static MMSR)
FusionSolar;NE=50488260;PT. MMKI 1.75 MWp - Painting Building;;;7;9;17;24.0;2.0;True;;;from JOIN String (Google Sheet Data Static MMSR)
FusionSolar;NE=50488260;PT. MMKI 1.75 MWp - Painting Building;;;7;9;18;0.0;2.0;True;;;from JOIN String (Google Sheet Data Static MMSR)
FusionSolar;NE=50488260;PT. MMKI 1.75 MWp - Painting Building;;;8;1;1;27.0;1.0;True;;;from JOIN String (Google Sheet Data Static MMSR)
FusionSolar;NE=50488260;PT. MMKI 1.75 MWp - Painting Building;;;8;1;2;27.0;1.0;True;;;from JOIN String (Google Sheet Data Static MMSR)
FusionSolar;NE=50488260;PT. MMKI 1.75 MWp - Painting Building;;;8;2;3;27.0;1.0;True;;;from JOIN String (Google Sheet Data Static MMSR)
FusionSolar;NE=50488260;PT. MMKI 1.75 MWp - Painting Building;;;8;2;4;27.0;1.0;True;;;from JOIN String (Google Sheet Data Static MMSR)
FusionSolar;NE=50488260;PT. MMKI 1.75 MWp - Painting Building;;;8;3;5;27.0;1.0;True;;;from JOIN String (Google Sheet Data Static MMSR)
FusionSolar;NE=50488260;PT. MMKI 1.75 MWp - Painting Building;;;8;3;6;27.0;1.0;True;;;from JOIN String (Google Sheet Data Static MMSR)
FusionSolar;NE=50488260;PT. MMKI 1.75 MWp - Painting Building;;;8;4;7;27.0;1.0;True;;;from JOIN String (Google Sheet Data Static MMSR)
FusionSolar;NE=50488260;PT. MMKI 1.75 MWp - Painting Building;;;8;4;8;27.0;1.0;True;;;from JOIN String (Google Sheet Data Static MMSR)
FusionSolar;NE=50488260;PT. MMKI 1.75 MWp - Painting Building;;;8;5;9;27.0;1.0;True;;;from JOIN String (Google Sheet Data Static MMSR)
FusionSolar;NE=50488260;PT. MMKI 1.75 MWp - Painting Building;;;8;5;10;27.0;1.0;True;;;from JOIN String (Google Sheet Data Static MMSR)
FusionSolar;NE=50488260;PT. MMKI 1.75 MWp - Painting Building;;;8;6;11;27.0;1.0;True;;;from JOIN String (Google Sheet Data Static MMSR)
FusionSolar;NE=50488260;PT. MMKI 1.75 MWp - Painting Building;;;8;6;12;27.0;1.0;True;;;from JOIN String (Google Sheet Data Static MMSR)
FusionSolar;NE=50488260;PT. MMKI 1.75 MWp - Painting Building;;;8;7;13;27.0;1.0;True;;;from JOIN String (Google Sheet Data Static MMSR)
FusionSolar;NE=50488260;PT. MMKI 1.75 MWp - Painting Building;;;8;7;14;0.0;2.0;True;;;from JOIN String (Google Sheet Data Static MMSR)
FusionSolar;NE=50488260;PT. MMKI 1.75 MWp - Painting Building;;;8;8;15;24.0;1.0;True;;;from JOIN String (Google Sheet Data Static MMSR)
FusionSolar;NE=50488260;PT. MMKI 1.75 MWp - Painting Building;;;8;8;16;0.0;2.0;True;;;from JOIN String (Google Sheet Data Static MMSR)
FusionSolar;NE=50488260;PT. MMKI 1.75 MWp - Painting Building;;;8;9;17;24.0;2.0;True;;;from JOIN String (Google Sheet Data Static MMSR)
FusionSolar;NE=50488260;PT. MMKI 1.75 MWp - Painting Building;;;8;9;18;0.0;;True;;;from JOIN String (Google Sheet Data Static MMSR)
FusionSolar;NE=58630782;PT. MMKI 4.292 MWP - Phase 3;;;1;1;1;18.0;1.0;True;;;from JOIN String (Google Sheet Data Static MMSR)
FusionSolar;NE=58630782;PT. MMKI 4.292 MWP - Phase 3;;;1;1;2;18.0;1.0;True;;;from JOIN String (Google Sheet Data Static MMSR)
FusionSolar;NE=58630782;PT. MMKI 4.292 MWP - Phase 3;;;1;1;3;18.0;1.0;True;;;from JOIN String (Google Sheet Data Static MMSR)
FusionSolar;NE=58630782;PT. MMKI 4.292 MWP - Phase 3;;;1;2;4;18.0;1.0;True;;;from JOIN String (Google Sheet Data Static MMSR)
FusionSolar;NE=58630782;PT. MMKI 4.292 MWP - Phase 3;;;1;2;5;18.0;1.0;True;;;from JOIN String (Google Sheet Data Static MMSR)
FusionSolar;NE=58630782;PT. MMKI 4.292 MWP - Phase 3;;;1;2;6;;;True;;;from JOIN String (Google Sheet Data Static MMSR)
FusionSolar;NE=58630782;PT. MMKI 4.292 MWP - Phase 3;;;1;3;7;19.0;1.0;True;;;from JOIN String (Google Sheet Data Static MMSR)
FusionSolar;NE=58630782;PT. MMKI 4.292 MWP - Phase 3;;;1;3;8;19.0;1.0;True;;;from JOIN String (Google Sheet Data Static MMSR)
FusionSolar;NE=58630782;PT. MMKI 4.292 MWP - Phase 3;;;1;3;9;19.0;1.0;True;;;from JOIN String (Google Sheet Data Static MMSR)
FusionSolar;NE=58630782;PT. MMKI 4.292 MWP - Phase 3;;;1;4;10;19.0;1.0;True;;;from JOIN String (Google Sheet Data Static MMSR)
FusionSolar;NE=58630782;PT. MMKI 4.292 MWP - Phase 3;;;1;4;11;19.0;1.0;True;;;from JOIN String (Google Sheet Data Static MMSR)
FusionSolar;NE=58630782;PT. MMKI 4.292 MWP - Phase 3;;;1;4;12;;;True;;;from JOIN String (Google Sheet Data Static MMSR)
FusionSolar;NE=58630782;PT. MMKI 4.292 MWP - Phase 3;;;1;5;13;20.0;2.0;True;;;from JOIN String (Google Sheet Data Static MMSR)
FusionSolar;NE=58630782;PT. MMKI 4.292 MWP - Phase 3;;;1;5;14;20.0;2.0;True;;;from JOIN String (Google Sheet Data Static MMSR)
FusionSolar;NE=58630782;PT. MMKI 4.292 MWP - Phase 3;;;1;5;15;;;True;;;from JOIN String (Google Sheet Data Static MMSR)
FusionSolar;NE=58630782;PT. MMKI 4.292 MWP - Phase 3;;;1;6;16;20.0;2.0;True;;;from JOIN String (Google Sheet Data Static MMSR)
FusionSolar;NE=58630782;PT. MMKI 4.292 MWP - Phase 3;;;1;6;17;20.0;2.0;True;;;from JOIN String (Google Sheet Data Static MMSR)
FusionSolar;NE=58630782;PT. MMKI 4.292 MWP - Phase 3;;;1;6;18;;;True;;;from JOIN String (Google Sheet Data Static MMSR)
FusionSolar;NE=58630782;PT. MMKI 4.292 MWP - Phase 3;;;1;7;19;20.0;2.0;True;;;from JOIN String (Google Sheet Data Static MMSR)
FusionSolar;NE=58630782;PT. MMKI 4.292 MWP - Phase 3;;;1;7;20;20.0;2.0;True;;;from JOIN String (Google Sheet Data Static MMSR)
FusionSolar;NE=58630782;PT. MMKI 4.292 MWP - Phase 3;;;1;7;21;;;True;;;from JOIN String (Google Sheet Data Static MMSR)
FusionSolar;NE=58630782;PT. MMKI 4.292 MWP - Phase 3;;;2;1;1;18.0;1.0;True;;;from JOIN String (Google Sheet Data Static MMSR)
FusionSolar;NE=58630782;PT. MMKI 4.292 MWP - Phase 3;;;2;1;2;18.0;1.0;True;;;from JOIN String (Google Sheet Data Static MMSR)
FusionSolar;NE=58630782;PT. MMKI 4.292 MWP - Phase 3;;;2;1;3;18.0;1.0;True;;;from JOIN String (Google Sheet Data Static MMSR)
FusionSolar;NE=58630782;PT. MMKI 4.292 MWP - Phase 3;;;2;2;4;18.0;1.0;True;;;from JOIN String (Google Sheet Data Static MMSR)
FusionSolar;NE=58630782;PT. MMKI 4.292 MWP - Phase 3;;;2;2;5;18.0;1.0;True;;;from JOIN String (Google Sheet Data Static MMSR)
FusionSolar;NE=58630782;PT. MMKI 4.292 MWP - Phase 3;;;2;2;6;;;True;;;from JOIN String (Google Sheet Data Static MMSR)
FusionSolar;NE=58630782;PT. MMKI 4.292 MWP - Phase 3;;;2;3;7;19.0;1.0;True;;;from JOIN String (Google Sheet Data Static MMSR)
FusionSolar;NE=58630782;PT. MMKI 4.292 MWP - Phase 3;;;2;3;8;19.0;1.0;True;;;from JOIN String (Google Sheet Data Static MMSR)
FusionSolar;NE=58630782;PT. MMKI 4.292 MWP - Phase 3;;;2;3;9;19.0;1.0;True;;;from JOIN String (Google Sheet Data Static MMSR)
FusionSolar;NE=58630782;PT. MMKI 4.292 MWP - Phase 3;;;2;4;10;19.0;1.0;True;;;from JOIN String (Google Sheet Data Static MMSR)
FusionSolar;NE=58630782;PT. MMKI 4.292 MWP - Phase 3;;;2;4;11;19.0;1.0;True;;;from JOIN String (Google Sheet Data Static MMSR)
FusionSolar;NE=58630782;PT. MMKI 4.292 MWP - Phase 3;;;2;4;12;;;True;;;from JOIN String (Google Sheet Data Static MMSR)
FusionSolar;NE=58630782;PT. MMKI 4.292 MWP - Phase 3;;;2;5;13;20.0;2.0;True;;;from JOIN String (Google Sheet Data Static MMSR)
FusionSolar;NE=58630782;PT. MMKI 4.292 MWP - Phase 3;;;2;5;14;20.0;2.0;True;;;from JOIN String (Google Sheet Data Static MMSR)
FusionSolar;NE=58630782;PT. MMKI 4.292 MWP - Phase 3;;;2;5;15;;;True;;;from JOIN String (Google Sheet Data Static MMSR)
FusionSolar;NE=58630782;PT. MMKI 4.292 MWP - Phase 3;;;2;6;16;20.0;2.0;True;;;from JOIN String (Google Sheet Data Static MMSR)
FusionSolar;NE=58630782;PT. MMKI 4.292 MWP - Phase 3;;;2;6;17;20.0;2.0;True;;;from JOIN String (Google Sheet Data Static MMSR)
FusionSolar;NE=58630782;PT. MMKI 4.292 MWP - Phase 3;;;2;6;18;;;True;;;from JOIN String (Google Sheet Data Static MMSR)
FusionSolar;NE=58630782;PT. MMKI 4.292 MWP - Phase 3;;;2;7;19;20.0;2.0;True;;;from JOIN String (Google Sheet Data Static MMSR)
FusionSolar;NE=58630782;PT. MMKI 4.292 MWP - Phase 3;;;2;7;20;20.0;2.0;True;;;from JOIN String (Google Sheet Data Static MMSR)
FusionSolar;NE=58630782;PT. MMKI 4.292 MWP - Phase 3;;;2;7;21;;;True;;;from JOIN String (Google Sheet Data Static MMSR)
FusionSolar;NE=58630782;PT. MMKI 4.292 MWP - Phase 3;;;3;1;1;18.0;1.0;True;;;from JOIN String (Google Sheet Data Static MMSR)
FusionSolar;NE=58630782;PT. MMKI 4.292 MWP - Phase 3;;;3;1;2;18.0;1.0;True;;;from JOIN String (Google Sheet Data Static MMSR)
FusionSolar;NE=58630782;PT. MMKI 4.292 MWP - Phase 3;;;3;1;3;18.0;1.0;True;;;from JOIN String (Google Sheet Data Static MMSR)
FusionSolar;NE=58630782;PT. MMKI 4.292 MWP - Phase 3;;;3;2;4;18.0;1.0;True;;;from JOIN String (Google Sheet Data Static MMSR)
FusionSolar;NE=58630782;PT. MMKI 4.292 MWP - Phase 3;;;3;2;5;18.0;1.0;True;;;from JOIN String (Google Sheet Data Static MMSR)
FusionSolar;NE=58630782;PT. MMKI 4.292 MWP - Phase 3;;;3;2;6;;;True;;;from JOIN String (Google Sheet Data Static MMSR)
FusionSolar;NE=58630782;PT. MMKI 4.292 MWP - Phase 3;;;3;3;7;19.0;1.0;True;;;from JOIN String (Google Sheet Data Static MMSR)
FusionSolar;NE=58630782;PT. MMKI 4.292 MWP - Phase 3;;;3;3;8;19.0;1.0;True;;;from JOIN String (Google Sheet Data Static MMSR)
FusionSolar;NE=58630782;PT. MMKI 4.292 MWP - Phase 3;;;3;3;9;19.0;1.0;True;;;from JOIN String (Google Sheet Data Static MMSR)
FusionSolar;NE=58630782;PT. MMKI 4.292 MWP - Phase 3;;;3;4;10;19.0;1.0;True;;;from JOIN String (Google Sheet Data Static MMSR)
FusionSolar;NE=58630782;PT. MMKI 4.292 MWP - Phase 3;;;3;4;11;19.0;1.0;True;;;from JOIN String (Google Sheet Data Static MMSR)
FusionSolar;NE=58630782;PT. MMKI 4.292 MWP - Phase 3;;;3;4;12;;;True;;;from JOIN String (Google Sheet Data Static MMSR)
FusionSolar;NE=58630782;PT. MMKI 4.292 MWP - Phase 3;;;3;5;13;20.0;2.0;True;;;from JOIN String (Google Sheet Data Static MMSR)
FusionSolar;NE=58630782;PT. MMKI 4.292 MWP - Phase 3;;;3;5;14;20.0;2.0;True;;;from JOIN String (Google Sheet Data Static MMSR)
FusionSolar;NE=58630782;PT. MMKI 4.292 MWP - Phase 3;;;3;5;15;;;True;;;from JOIN String (Google Sheet Data Static MMSR)
FusionSolar;NE=58630782;PT. MMKI 4.292 MWP - Phase 3;;;3;6;16;20.0;2.0;True;;;from JOIN String (Google Sheet Data Static MMSR)
FusionSolar;NE=58630782;PT. MMKI 4.292 MWP - Phase 3;;;3;6;17;20.0;2.0;True;;;from JOIN String (Google Sheet Data Static MMSR)
FusionSolar;NE=58630782;PT. MMKI 4.292 MWP - Phase 3;;;3;6;18;;;True;;;from JOIN String (Google Sheet Data Static MMSR)
FusionSolar;NE=58630782;PT. MMKI 4.292 MWP - Phase 3;;;3;7;19;20.0;2.0;True;;;from JOIN String (Google Sheet Data Static MMSR)
FusionSolar;NE=58630782;PT. MMKI 4.292 MWP - Phase 3;;;3;7;20;20.0;2.0;True;;;from JOIN String (Google Sheet Data Static MMSR)
FusionSolar;NE=58630782;PT. MMKI 4.292 MWP - Phase 3;;;3;7;21;;;True;;;from JOIN String (Google Sheet Data Static MMSR)
FusionSolar;NE=58630782;PT. MMKI 4.292 MWP - Phase 3;;;4;1;1;18.0;1.0;True;;;from JOIN String (Google Sheet Data Static MMSR)
FusionSolar;NE=58630782;PT. MMKI 4.292 MWP - Phase 3;;;4;1;2;18.0;1.0;True;;;from JOIN String (Google Sheet Data Static MMSR)
FusionSolar;NE=58630782;PT. MMKI 4.292 MWP - Phase 3;;;4;1;3;18.0;1.0;True;;;from JOIN String (Google Sheet Data Static MMSR)
FusionSolar;NE=58630782;PT. MMKI 4.292 MWP - Phase 3;;;4;2;4;18.0;1.0;True;;;from JOIN String (Google Sheet Data Static MMSR)
FusionSolar;NE=58630782;PT. MMKI 4.292 MWP - Phase 3;;;4;2;5;18.0;1.0;True;;;from JOIN String (Google Sheet Data Static MMSR)
FusionSolar;NE=58630782;PT. MMKI 4.292 MWP - Phase 3;;;4;2;6;18.0;1.0;True;;;from JOIN String (Google Sheet Data Static MMSR)
FusionSolar;NE=58630782;PT. MMKI 4.292 MWP - Phase 3;;;4;3;7;19.0;1.0;True;;;from JOIN String (Google Sheet Data Static MMSR)
FusionSolar;NE=58630782;PT. MMKI 4.292 MWP - Phase 3;;;4;3;8;19.0;1.0;True;;;from JOIN String (Google Sheet Data Static MMSR)
FusionSolar;NE=58630782;PT. MMKI 4.292 MWP - Phase 3;;;4;3;9;;;True;;;from JOIN String (Google Sheet Data Static MMSR)
FusionSolar;NE=58630782;PT. MMKI 4.292 MWP - Phase 3;;;4;4;10;19.0;1.0;True;;;from JOIN String (Google Sheet Data Static MMSR)
FusionSolar;NE=58630782;PT. MMKI 4.292 MWP - Phase 3;;;4;4;11;19.0;1.0;True;;;from JOIN String (Google Sheet Data Static MMSR)
FusionSolar;NE=58630782;PT. MMKI 4.292 MWP - Phase 3;;;4;4;12;;;True;;;from JOIN String (Google Sheet Data Static MMSR)
FusionSolar;NE=58630782;PT. MMKI 4.292 MWP - Phase 3;;;4;5;13;20.0;2.0;True;;;from JOIN String (Google Sheet Data Static MMSR)
FusionSolar;NE=58630782;PT. MMKI 4.292 MWP - Phase 3;;;4;5;14;20.0;2.0;True;;;from JOIN String (Google Sheet Data Static MMSR)
FusionSolar;NE=58630782;PT. MMKI 4.292 MWP - Phase 3;;;4;5;15;;;True;;;from JOIN String (Google Sheet Data Static MMSR)
FusionSolar;NE=58630782;PT. MMKI 4.292 MWP - Phase 3;;;4;6;16;20.0;2.0;True;;;from JOIN String (Google Sheet Data Static MMSR)
FusionSolar;NE=58630782;PT. MMKI 4.292 MWP - Phase 3;;;4;6;17;20.0;2.0;True;;;from JOIN String (Google Sheet Data Static MMSR)
FusionSolar;NE=58630782;PT. MMKI 4.292 MWP - Phase 3;;;4;6;18;;;True;;;from JOIN String (Google Sheet Data Static MMSR)
FusionSolar;NE=58630782;PT. MMKI 4.292 MWP - Phase 3;;;4;7;19;20.0;2.0;True;;;from JOIN String (Google Sheet Data Static MMSR)
FusionSolar;NE=58630782;PT. MMKI 4.292 MWP - Phase 3;;;4;7;20;20.0;2.0;True;;;from JOIN String (Google Sheet Data Static MMSR)
FusionSolar;NE=58630782;PT. MMKI 4.292 MWP - Phase 3;;;4;7;21;;;True;;;from JOIN String (Google Sheet Data Static MMSR)
FusionSolar;NE=58630782;PT. MMKI 4.292 MWP - Phase 3;;;5;1;1;18.0;1.0;True;;;from JOIN String (Google Sheet Data Static MMSR)
FusionSolar;NE=58630782;PT. MMKI 4.292 MWP - Phase 3;;;5;1;2;18.0;1.0;True;;;from JOIN String (Google Sheet Data Static MMSR)
FusionSolar;NE=58630782;PT. MMKI 4.292 MWP - Phase 3;;;5;1;3;18.0;1.0;True;;;from JOIN String (Google Sheet Data Static MMSR)
FusionSolar;NE=58630782;PT. MMKI 4.292 MWP - Phase 3;;;5;2;4;18.0;1.0;True;;;from JOIN String (Google Sheet Data Static MMSR)
FusionSolar;NE=58630782;PT. MMKI 4.292 MWP - Phase 3;;;5;2;5;18.0;1.0;True;;;from JOIN String (Google Sheet Data Static MMSR)
FusionSolar;NE=58630782;PT. MMKI 4.292 MWP - Phase 3;;;5;2;6;18.0;1.0;True;;;from JOIN String (Google Sheet Data Static MMSR)
FusionSolar;NE=58630782;PT. MMKI 4.292 MWP - Phase 3;;;5;3;7;19.0;1.0;True;;;from JOIN String (Google Sheet Data Static MMSR)
FusionSolar;NE=58630782;PT. MMKI 4.292 MWP - Phase 3;;;5;3;8;19.0;1.0;True;;;from JOIN String (Google Sheet Data Static MMSR)
FusionSolar;NE=58630782;PT. MMKI 4.292 MWP - Phase 3;;;5;3;9;;;True;;;from JOIN String (Google Sheet Data Static MMSR)
FusionSolar;NE=58630782;PT. MMKI 4.292 MWP - Phase 3;;;5;4;10;19.0;1.0;True;;;from JOIN String (Google Sheet Data Static MMSR)
FusionSolar;NE=58630782;PT. MMKI 4.292 MWP - Phase 3;;;5;4;11;19.0;1.0;True;;;from JOIN String (Google Sheet Data Static MMSR)
FusionSolar;NE=58630782;PT. MMKI 4.292 MWP - Phase 3;;;5;4;12;;;True;;;from JOIN String (Google Sheet Data Static MMSR)
FusionSolar;NE=58630782;PT. MMKI 4.292 MWP - Phase 3;;;5;5;13;20.0;2.0;True;;;from JOIN String (Google Sheet Data Static MMSR)
FusionSolar;NE=58630782;PT. MMKI 4.292 MWP - Phase 3;;;5;5;14;20.0;2.0;True;;;from JOIN String (Google Sheet Data Static MMSR)
FusionSolar;NE=58630782;PT. MMKI 4.292 MWP - Phase 3;;;5;5;15;;;True;;;from JOIN String (Google Sheet Data Static MMSR)
FusionSolar;NE=58630782;PT. MMKI 4.292 MWP - Phase 3;;;5;6;16;20.0;2.0;True;;;from JOIN String (Google Sheet Data Static MMSR)
FusionSolar;NE=58630782;PT. MMKI 4.292 MWP - Phase 3;;;5;6;17;20.0;2.0;True;;;from JOIN String (Google Sheet Data Static MMSR)
FusionSolar;NE=58630782;PT. MMKI 4.292 MWP - Phase 3;;;5;6;18;;;True;;;from JOIN String (Google Sheet Data Static MMSR)
FusionSolar;NE=58630782;PT. MMKI 4.292 MWP - Phase 3;;;5;7;19;20.0;2.0;True;;;from JOIN String (Google Sheet Data Static MMSR)
FusionSolar;NE=58630782;PT. MMKI 4.292 MWP - Phase 3;;;5;7;20;20.0;2.0;True;;;from JOIN String (Google Sheet Data Static MMSR)
FusionSolar;NE=58630782;PT. MMKI 4.292 MWP - Phase 3;;;5;7;21;;;True;;;from JOIN String (Google Sheet Data Static MMSR)
FusionSolar;NE=58630782;PT. MMKI 4.292 MWP - Phase 3;;;6;1;1;18.0;1.0;True;;;from JOIN String (Google Sheet Data Static MMSR)
FusionSolar;NE=58630782;PT. MMKI 4.292 MWP - Phase 3;;;6;1;2;18.0;1.0;True;;;from JOIN String (Google Sheet Data Static MMSR)
FusionSolar;NE=58630782;PT. MMKI 4.292 MWP - Phase 3;;;6;1;3;18.0;1.0;True;;;from JOIN String (Google Sheet Data Static MMSR)
FusionSolar;NE=58630782;PT. MMKI 4.292 MWP - Phase 3;;;6;2;4;18.0;1.0;True;;;from JOIN String (Google Sheet Data Static MMSR)
FusionSolar;NE=58630782;PT. MMKI 4.292 MWP - Phase 3;;;6;2;5;18.0;1.0;True;;;from JOIN String (Google Sheet Data Static MMSR)
FusionSolar;NE=58630782;PT. MMKI 4.292 MWP - Phase 3;;;6;2;6;18.0;1.0;True;;;from JOIN String (Google Sheet Data Static MMSR)
FusionSolar;NE=58630782;PT. MMKI 4.292 MWP - Phase 3;;;6;3;7;19.0;1.0;True;;;from JOIN String (Google Sheet Data Static MMSR)
FusionSolar;NE=58630782;PT. MMKI 4.292 MWP - Phase 3;;;6;3;8;19.0;1.0;True;;;from JOIN String (Google Sheet Data Static MMSR)
FusionSolar;NE=58630782;PT. MMKI 4.292 MWP - Phase 3;;;6;3;9;;;True;;;from JOIN String (Google Sheet Data Static MMSR)
FusionSolar;NE=58630782;PT. MMKI 4.292 MWP - Phase 3;;;6;4;10;19.0;1.0;True;;;from JOIN String (Google Sheet Data Static MMSR)
FusionSolar;NE=58630782;PT. MMKI 4.292 MWP - Phase 3;;;6;4;11;19.0;1.0;True;;;from JOIN String (Google Sheet Data Static MMSR)
FusionSolar;NE=58630782;PT. MMKI 4.292 MWP - Phase 3;;;6;4;12;;;True;;;from JOIN String (Google Sheet Data Static MMSR)
FusionSolar;NE=58630782;PT. MMKI 4.292 MWP - Phase 3;;;6;5;13;20.0;2.0;True;;;from JOIN String (Google Sheet Data Static MMSR)
FusionSolar;NE=58630782;PT. MMKI 4.292 MWP - Phase 3;;;6;5;14;20.0;2.0;True;;;from JOIN String (Google Sheet Data Static MMSR)
FusionSolar;NE=58630782;PT. MMKI 4.292 MWP - Phase 3;;;6;5;15;;;True;;;from JOIN String (Google Sheet Data Static MMSR)
FusionSolar;NE=58630782;PT. MMKI 4.292 MWP - Phase 3;;;6;6;16;20.0;2.0;True;;;from JOIN String (Google Sheet Data Static MMSR)
FusionSolar;NE=58630782;PT. MMKI 4.292 MWP - Phase 3;;;6;6;17;20.0;2.0;True;;;from JOIN String (Google Sheet Data Static MMSR)
FusionSolar;NE=58630782;PT. MMKI 4.292 MWP - Phase 3;;;6;6;18;;;True;;;from JOIN String (Google Sheet Data Static MMSR)
FusionSolar;NE=58630782;PT. MMKI 4.292 MWP - Phase 3;;;6;7;19;20.0;2.0;True;;;from JOIN String (Google Sheet Data Static MMSR)
FusionSolar;NE=58630782;PT. MMKI 4.292 MWP - Phase 3;;;6;7;20;20.0;2.0;True;;;from JOIN String (Google Sheet Data Static MMSR)
FusionSolar;NE=58630782;PT. MMKI 4.292 MWP - Phase 3;;;6;7;21;;;True;;;from JOIN String (Google Sheet Data Static MMSR)
FusionSolar;NE=58630782;PT. MMKI 4.292 MWP - Phase 3;;;7;1;1;18.0;1.0;True;;;from JOIN String (Google Sheet Data Static MMSR)
FusionSolar;NE=58630782;PT. MMKI 4.292 MWP - Phase 3;;;7;1;2;18.0;1.0;True;;;from JOIN String (Google Sheet Data Static MMSR)
FusionSolar;NE=58630782;PT. MMKI 4.292 MWP - Phase 3;;;7;1;3;18.0;1.0;True;;;from JOIN String (Google Sheet Data Static MMSR)
FusionSolar;NE=58630782;PT. MMKI 4.292 MWP - Phase 3;;;7;2;4;18.0;1.0;True;;;from JOIN String (Google Sheet Data Static MMSR)
FusionSolar;NE=58630782;PT. MMKI 4.292 MWP - Phase 3;;;7;2;5;18.0;1.0;True;;;from JOIN String (Google Sheet Data Static MMSR)
FusionSolar;NE=58630782;PT. MMKI 4.292 MWP - Phase 3;;;7;2;6;18.0;1.0;True;;;from JOIN String (Google Sheet Data Static MMSR)
FusionSolar;NE=58630782;PT. MMKI 4.292 MWP - Phase 3;;;7;3;7;19.0;1.0;True;;;from JOIN String (Google Sheet Data Static MMSR)
FusionSolar;NE=58630782;PT. MMKI 4.292 MWP - Phase 3;;;7;3;8;19.0;1.0;True;;;from JOIN String (Google Sheet Data Static MMSR)
FusionSolar;NE=58630782;PT. MMKI 4.292 MWP - Phase 3;;;7;3;9;;;True;;;from JOIN String (Google Sheet Data Static MMSR)
FusionSolar;NE=58630782;PT. MMKI 4.292 MWP - Phase 3;;;7;4;10;19.0;1.0;True;;;from JOIN String (Google Sheet Data Static MMSR)
FusionSolar;NE=58630782;PT. MMKI 4.292 MWP - Phase 3;;;7;4;11;19.0;1.0;True;;;from JOIN String (Google Sheet Data Static MMSR)
FusionSolar;NE=58630782;PT. MMKI 4.292 MWP - Phase 3;;;7;4;12;;;True;;;from JOIN String (Google Sheet Data Static MMSR)
FusionSolar;NE=58630782;PT. MMKI 4.292 MWP - Phase 3;;;7;5;13;20.0;2.0;True;;;from JOIN String (Google Sheet Data Static MMSR)
FusionSolar;NE=58630782;PT. MMKI 4.292 MWP - Phase 3;;;7;5;14;20.0;2.0;True;;;from JOIN String (Google Sheet Data Static MMSR)
FusionSolar;NE=58630782;PT. MMKI 4.292 MWP - Phase 3;;;7;5;15;;;True;;;from JOIN String (Google Sheet Data Static MMSR)
FusionSolar;NE=58630782;PT. MMKI 4.292 MWP - Phase 3;;;7;6;16;20.0;2.0;True;;;from JOIN String (Google Sheet Data Static MMSR)
FusionSolar;NE=58630782;PT. MMKI 4.292 MWP - Phase 3;;;7;6;17;20.0;2.0;True;;;from JOIN String (Google Sheet Data Static MMSR)
FusionSolar;NE=58630782;PT. MMKI 4.292 MWP - Phase 3;;;7;6;18;;;True;;;from JOIN String (Google Sheet Data Static MMSR)
FusionSolar;NE=58630782;PT. MMKI 4.292 MWP - Phase 3;;;7;7;19;20.0;2.0;True;;;from JOIN String (Google Sheet Data Static MMSR)
FusionSolar;NE=58630782;PT. MMKI 4.292 MWP - Phase 3;;;7;7;20;20.0;2.0;True;;;from JOIN String (Google Sheet Data Static MMSR)
FusionSolar;NE=58630782;PT. MMKI 4.292 MWP - Phase 3;;;7;7;21;;;True;;;from JOIN String (Google Sheet Data Static MMSR)
FusionSolar;NE=58630782;PT. MMKI 4.292 MWP - Phase 3;;;8;1;1;18.0;1.0;True;;;from JOIN String (Google Sheet Data Static MMSR)
FusionSolar;NE=58630782;PT. MMKI 4.292 MWP - Phase 3;;;8;1;2;18.0;1.0;True;;;from JOIN String (Google Sheet Data Static MMSR)
FusionSolar;NE=58630782;PT. MMKI 4.292 MWP - Phase 3;;;8;1;3;18.0;1.0;True;;;from JOIN String (Google Sheet Data Static MMSR)
FusionSolar;NE=58630782;PT. MMKI 4.292 MWP - Phase 3;;;8;2;4;18.0;1.0;True;;;from JOIN String (Google Sheet Data Static MMSR)
FusionSolar;NE=58630782;PT. MMKI 4.292 MWP - Phase 3;;;8;2;5;18.0;1.0;True;;;from JOIN String (Google Sheet Data Static MMSR)
FusionSolar;NE=58630782;PT. MMKI 4.292 MWP - Phase 3;;;8;2;6;18.0;1.0;True;;;from JOIN String (Google Sheet Data Static MMSR)
FusionSolar;NE=58630782;PT. MMKI 4.292 MWP - Phase 3;;;8;3;7;19.0;1.0;True;;;from JOIN String (Google Sheet Data Static MMSR)
FusionSolar;NE=58630782;PT. MMKI 4.292 MWP - Phase 3;;;8;3;8;19.0;1.0;True;;;from JOIN String (Google Sheet Data Static MMSR)
FusionSolar;NE=58630782;PT. MMKI 4.292 MWP - Phase 3;;;8;3;9;;;True;;;from JOIN String (Google Sheet Data Static MMSR)
FusionSolar;NE=58630782;PT. MMKI 4.292 MWP - Phase 3;;;8;4;10;19.0;1.0;True;;;from JOIN String (Google Sheet Data Static MMSR)
FusionSolar;NE=58630782;PT. MMKI 4.292 MWP - Phase 3;;;8;4;11;19.0;1.0;True;;;from JOIN String (Google Sheet Data Static MMSR)
FusionSolar;NE=58630782;PT. MMKI 4.292 MWP - Phase 3;;;8;4;12;;;True;;;from JOIN String (Google Sheet Data Static MMSR)
FusionSolar;NE=58630782;PT. MMKI 4.292 MWP - Phase 3;;;8;5;13;20.0;2.0;True;;;from JOIN String (Google Sheet Data Static MMSR)
FusionSolar;NE=58630782;PT. MMKI 4.292 MWP - Phase 3;;;8;5;14;20.0;2.0;True;;;from JOIN String (Google Sheet Data Static MMSR)
FusionSolar;NE=58630782;PT. MMKI 4.292 MWP - Phase 3;;;8;5;15;;;True;;;from JOIN String (Google Sheet Data Static MMSR)
FusionSolar;NE=58630782;PT. MMKI 4.292 MWP - Phase 3;;;8;6;16;20.0;2.0;True;;;from JOIN String (Google Sheet Data Static MMSR)
FusionSolar;NE=58630782;PT. MMKI 4.292 MWP - Phase 3;;;8;6;17;20.0;2.0;True;;;from JOIN String (Google Sheet Data Static MMSR)
FusionSolar;NE=58630782;PT. MMKI 4.292 MWP - Phase 3;;;8;6;18;;;True;;;from JOIN String (Google Sheet Data Static MMSR)
FusionSolar;NE=58630782;PT. MMKI 4.292 MWP - Phase 3;;;8;7;19;20.0;2.0;True;;;from JOIN String (Google Sheet Data Static MMSR)
FusionSolar;NE=58630782;PT. MMKI 4.292 MWP - Phase 3;;;8;7;20;20.0;2.0;True;;;from JOIN String (Google Sheet Data Static MMSR)
FusionSolar;NE=58630782;PT. MMKI 4.292 MWP - Phase 3;;;8;7;21;;;True;;;from JOIN String (Google Sheet Data Static MMSR)
FusionSolar;NE=58630782;PT. MMKI 4.292 MWP - Phase 3;;;9;1;1;18.0;2.0;True;;;from JOIN String (Google Sheet Data Static MMSR)
FusionSolar;NE=58630782;PT. MMKI 4.292 MWP - Phase 3;;;9;1;2;18.0;2.0;True;;;from JOIN String (Google Sheet Data Static MMSR)
FusionSolar;NE=58630782;PT. MMKI 4.292 MWP - Phase 3;;;9;1;3;18.0;2.0;True;;;from JOIN String (Google Sheet Data Static MMSR)
FusionSolar;NE=58630782;PT. MMKI 4.292 MWP - Phase 3;;;9;2;4;18.0;1.0;True;;;from JOIN String (Google Sheet Data Static MMSR)
FusionSolar;NE=58630782;PT. MMKI 4.292 MWP - Phase 3;;;9;2;5;18.0;1.0;True;;;from JOIN String (Google Sheet Data Static MMSR)
FusionSolar;NE=58630782;PT. MMKI 4.292 MWP - Phase 3;;;9;2;6;;;True;;;from JOIN String (Google Sheet Data Static MMSR)
FusionSolar;NE=58630782;PT. MMKI 4.292 MWP - Phase 3;;;9;3;7;19.0;1.0;True;;;from JOIN String (Google Sheet Data Static MMSR)
FusionSolar;NE=58630782;PT. MMKI 4.292 MWP - Phase 3;;;9;3;8;19.0;1.0;True;;;from JOIN String (Google Sheet Data Static MMSR)
FusionSolar;NE=58630782;PT. MMKI 4.292 MWP - Phase 3;;;9;3;9;;;True;;;from JOIN String (Google Sheet Data Static MMSR)
FusionSolar;NE=58630782;PT. MMKI 4.292 MWP - Phase 3;;;9;4;10;19.0;1.0;True;;;from JOIN String (Google Sheet Data Static MMSR)
FusionSolar;NE=58630782;PT. MMKI 4.292 MWP - Phase 3;;;9;4;11;19.0;1.0;True;;;from JOIN String (Google Sheet Data Static MMSR)
FusionSolar;NE=58630782;PT. MMKI 4.292 MWP - Phase 3;;;9;4;12;;;True;;;from JOIN String (Google Sheet Data Static MMSR)
FusionSolar;NE=58630782;PT. MMKI 4.292 MWP - Phase 3;;;9;5;13;20.0;1.0;True;;;from JOIN String (Google Sheet Data Static MMSR)
FusionSolar;NE=58630782;PT. MMKI 4.292 MWP - Phase 3;;;9;5;14;20.0;1.0;True;;;from JOIN String (Google Sheet Data Static MMSR)
FusionSolar;NE=58630782;PT. MMKI 4.292 MWP - Phase 3;;;9;5;15;;;True;;;from JOIN String (Google Sheet Data Static MMSR)
FusionSolar;NE=58630782;PT. MMKI 4.292 MWP - Phase 3;;;9;6;16;20.0;1.0;True;;;from JOIN String (Google Sheet Data Static MMSR)
FusionSolar;NE=58630782;PT. MMKI 4.292 MWP - Phase 3;;;9;6;17;20.0;1.0;True;;;from JOIN String (Google Sheet Data Static MMSR)
FusionSolar;NE=58630782;PT. MMKI 4.292 MWP - Phase 3;;;9;6;18;;;True;;;from JOIN String (Google Sheet Data Static MMSR)
FusionSolar;NE=58630782;PT. MMKI 4.292 MWP - Phase 3;;;9;7;19;20.0;1.0;True;;;from JOIN String (Google Sheet Data Static MMSR)
FusionSolar;NE=58630782;PT. MMKI 4.292 MWP - Phase 3;;;9;7;20;20.0;1.0;True;;;from JOIN String (Google Sheet Data Static MMSR)
FusionSolar;NE=58630782;PT. MMKI 4.292 MWP - Phase 3;;;9;7;21;;;True;;;from JOIN String (Google Sheet Data Static MMSR)
FusionSolar;NE=58630782;PT. MMKI 4.292 MWP - Phase 3;;;10;1;1;18.0;2.0;True;;;from JOIN String (Google Sheet Data Static MMSR)
FusionSolar;NE=58630782;PT. MMKI 4.292 MWP - Phase 3;;;10;1;2;18.0;2.0;True;;;from JOIN String (Google Sheet Data Static MMSR)
FusionSolar;NE=58630782;PT. MMKI 4.292 MWP - Phase 3;;;10;1;3;18.0;2.0;True;;;from JOIN String (Google Sheet Data Static MMSR)
FusionSolar;NE=58630782;PT. MMKI 4.292 MWP - Phase 3;;;10;2;4;18.0;2.0;True;;;from JOIN String (Google Sheet Data Static MMSR)
FusionSolar;NE=58630782;PT. MMKI 4.292 MWP - Phase 3;;;10;2;5;18.0;2.0;True;;;from JOIN String (Google Sheet Data Static MMSR)
FusionSolar;NE=58630782;PT. MMKI 4.292 MWP - Phase 3;;;10;2;6;;;True;;;from JOIN String (Google Sheet Data Static MMSR)
FusionSolar;NE=58630782;PT. MMKI 4.292 MWP - Phase 3;;;10;3;7;19.0;1.0;True;;;from JOIN String (Google Sheet Data Static MMSR)
FusionSolar;NE=58630782;PT. MMKI 4.292 MWP - Phase 3;;;10;3;8;19.0;1.0;True;;;from JOIN String (Google Sheet Data Static MMSR)
FusionSolar;NE=58630782;PT. MMKI 4.292 MWP - Phase 3;;;10;3;9;;;True;;;from JOIN String (Google Sheet Data Static MMSR)
FusionSolar;NE=58630782;PT. MMKI 4.292 MWP - Phase 3;;;10;4;10;19.0;1.0;True;;;from JOIN String (Google Sheet Data Static MMSR)
FusionSolar;NE=58630782;PT. MMKI 4.292 MWP - Phase 3;;;10;4;11;19.0;1.0;True;;;from JOIN String (Google Sheet Data Static MMSR)
FusionSolar;NE=58630782;PT. MMKI 4.292 MWP - Phase 3;;;10;4;12;;;True;;;from JOIN String (Google Sheet Data Static MMSR)
FusionSolar;NE=58630782;PT. MMKI 4.292 MWP - Phase 3;;;10;5;13;20.0;1.0;True;;;from JOIN String (Google Sheet Data Static MMSR)
FusionSolar;NE=58630782;PT. MMKI 4.292 MWP - Phase 3;;;10;5;14;20.0;1.0;True;;;from JOIN String (Google Sheet Data Static MMSR)
FusionSolar;NE=58630782;PT. MMKI 4.292 MWP - Phase 3;;;10;5;15;;;True;;;from JOIN String (Google Sheet Data Static MMSR)
FusionSolar;NE=58630782;PT. MMKI 4.292 MWP - Phase 3;;;10;6;16;20.0;1.0;True;;;from JOIN String (Google Sheet Data Static MMSR)
FusionSolar;NE=58630782;PT. MMKI 4.292 MWP - Phase 3;;;10;6;17;20.0;1.0;True;;;from JOIN String (Google Sheet Data Static MMSR)
FusionSolar;NE=58630782;PT. MMKI 4.292 MWP - Phase 3;;;10;6;18;;;True;;;from JOIN String (Google Sheet Data Static MMSR)
FusionSolar;NE=58630782;PT. MMKI 4.292 MWP - Phase 3;;;10;7;19;20.0;1.0;True;;;from JOIN String (Google Sheet Data Static MMSR)
FusionSolar;NE=58630782;PT. MMKI 4.292 MWP - Phase 3;;;10;7;20;20.0;1.0;True;;;from JOIN String (Google Sheet Data Static MMSR)
FusionSolar;NE=58630782;PT. MMKI 4.292 MWP - Phase 3;;;10;7;21;;;True;;;from JOIN String (Google Sheet Data Static MMSR)
FusionSolar;NE=58630782;PT. MMKI 4.292 MWP - Phase 3;;;11;1;1;18.0;2.0;True;;;from JOIN String (Google Sheet Data Static MMSR)
FusionSolar;NE=58630782;PT. MMKI 4.292 MWP - Phase 3;;;11;1;2;18.0;2.0;True;;;from JOIN String (Google Sheet Data Static MMSR)
FusionSolar;NE=58630782;PT. MMKI 4.292 MWP - Phase 3;;;11;1;3;18.0;2.0;True;;;from JOIN String (Google Sheet Data Static MMSR)
FusionSolar;NE=58630782;PT. MMKI 4.292 MWP - Phase 3;;;11;2;4;18.0;2.0;True;;;from JOIN String (Google Sheet Data Static MMSR)
FusionSolar;NE=58630782;PT. MMKI 4.292 MWP - Phase 3;;;11;2;5;18.0;2.0;True;;;from JOIN String (Google Sheet Data Static MMSR)
FusionSolar;NE=58630782;PT. MMKI 4.292 MWP - Phase 3;;;11;2;6;;;True;;;from JOIN String (Google Sheet Data Static MMSR)
FusionSolar;NE=58630782;PT. MMKI 4.292 MWP - Phase 3;;;11;3;7;19.0;2.0;True;;;from JOIN String (Google Sheet Data Static MMSR)
FusionSolar;NE=58630782;PT. MMKI 4.292 MWP - Phase 3;;;11;3;8;19.0;2.0;True;;;from JOIN String (Google Sheet Data Static MMSR)
FusionSolar;NE=58630782;PT. MMKI 4.292 MWP - Phase 3;;;11;3;9;;;True;;;from JOIN String (Google Sheet Data Static MMSR)
FusionSolar;NE=58630782;PT. MMKI 4.292 MWP - Phase 3;;;11;4;10;19.0;2.0;True;;;from JOIN String (Google Sheet Data Static MMSR)
FusionSolar;NE=58630782;PT. MMKI 4.292 MWP - Phase 3;;;11;4;11;19.0;2.0;True;;;from JOIN String (Google Sheet Data Static MMSR)
FusionSolar;NE=58630782;PT. MMKI 4.292 MWP - Phase 3;;;11;4;12;;;True;;;from JOIN String (Google Sheet Data Static MMSR)
FusionSolar;NE=58630782;PT. MMKI 4.292 MWP - Phase 3;;;11;5;13;20.0;1.0;True;;;from JOIN String (Google Sheet Data Static MMSR)
FusionSolar;NE=58630782;PT. MMKI 4.292 MWP - Phase 3;;;11;5;14;20.0;1.0;True;;;from JOIN String (Google Sheet Data Static MMSR)
FusionSolar;NE=58630782;PT. MMKI 4.292 MWP - Phase 3;;;11;5;15;;;True;;;from JOIN String (Google Sheet Data Static MMSR)
FusionSolar;NE=58630782;PT. MMKI 4.292 MWP - Phase 3;;;11;6;16;20.0;1.0;True;;;from JOIN String (Google Sheet Data Static MMSR)
FusionSolar;NE=58630782;PT. MMKI 4.292 MWP - Phase 3;;;11;6;17;20.0;1.0;True;;;from JOIN String (Google Sheet Data Static MMSR)
FusionSolar;NE=58630782;PT. MMKI 4.292 MWP - Phase 3;;;11;6;18;;;True;;;from JOIN String (Google Sheet Data Static MMSR)
FusionSolar;NE=58630782;PT. MMKI 4.292 MWP - Phase 3;;;11;7;19;20.0;1.0;True;;;from JOIN String (Google Sheet Data Static MMSR)
FusionSolar;NE=58630782;PT. MMKI 4.292 MWP - Phase 3;;;11;7;20;20.0;1.0;True;;;from JOIN String (Google Sheet Data Static MMSR)
FusionSolar;NE=58630782;PT. MMKI 4.292 MWP - Phase 3;;;11;7;21;;;True;;;from JOIN String (Google Sheet Data Static MMSR)
FusionSolar;NE=58630782;PT. MMKI 4.292 MWP - Phase 3;;;12;1;1;18.0;2.0;True;;;from JOIN String (Google Sheet Data Static MMSR)
FusionSolar;NE=58630782;PT. MMKI 4.292 MWP - Phase 3;;;12;1;2;18.0;2.0;True;;;from JOIN String (Google Sheet Data Static MMSR)
FusionSolar;NE=58630782;PT. MMKI 4.292 MWP - Phase 3;;;12;1;3;18.0;2.0;True;;;from JOIN String (Google Sheet Data Static MMSR)
FusionSolar;NE=58630782;PT. MMKI 4.292 MWP - Phase 3;;;12;2;4;18.0;2.0;True;;;from JOIN String (Google Sheet Data Static MMSR)
FusionSolar;NE=58630782;PT. MMKI 4.292 MWP - Phase 3;;;12;2;5;18.0;2.0;True;;;from JOIN String (Google Sheet Data Static MMSR)
FusionSolar;NE=58630782;PT. MMKI 4.292 MWP - Phase 3;;;12;2;6;;;True;;;from JOIN String (Google Sheet Data Static MMSR)
FusionSolar;NE=58630782;PT. MMKI 4.292 MWP - Phase 3;;;12;3;7;19.0;1.0;True;;;from JOIN String (Google Sheet Data Static MMSR)
FusionSolar;NE=58630782;PT. MMKI 4.292 MWP - Phase 3;;;12;3;8;19.0;1.0;True;;;from JOIN String (Google Sheet Data Static MMSR)
FusionSolar;NE=58630782;PT. MMKI 4.292 MWP - Phase 3;;;12;3;9;19.0;1.0;True;;;from JOIN String (Google Sheet Data Static MMSR)
FusionSolar;NE=58630782;PT. MMKI 4.292 MWP - Phase 3;;;12;4;10;19.0;2.0;True;;;from JOIN String (Google Sheet Data Static MMSR)
FusionSolar;NE=58630782;PT. MMKI 4.292 MWP - Phase 3;;;12;4;11;19.0;2.0;True;;;from JOIN String (Google Sheet Data Static MMSR)
FusionSolar;NE=58630782;PT. MMKI 4.292 MWP - Phase 3;;;12;4;12;;;True;;;from JOIN String (Google Sheet Data Static MMSR)
FusionSolar;NE=58630782;PT. MMKI 4.292 MWP - Phase 3;;;12;5;13;20.0;1.0;True;;;from JOIN String (Google Sheet Data Static MMSR)
FusionSolar;NE=58630782;PT. MMKI 4.292 MWP - Phase 3;;;12;5;14;;;True;;;from JOIN String (Google Sheet Data Static MMSR)
FusionSolar;NE=58630782;PT. MMKI 4.292 MWP - Phase 3;;;12;5;15;;;True;;;from JOIN String (Google Sheet Data Static MMSR)
FusionSolar;NE=58630782;PT. MMKI 4.292 MWP - Phase 3;;;12;6;16;20.0;1.0;True;;;from JOIN String (Google Sheet Data Static MMSR)
FusionSolar;NE=58630782;PT. MMKI 4.292 MWP - Phase 3;;;12;6;17;20.0;1.0;True;;;from JOIN String (Google Sheet Data Static MMSR)
FusionSolar;NE=58630782;PT. MMKI 4.292 MWP - Phase 3;;;12;6;18;;;True;;;from JOIN String (Google Sheet Data Static MMSR)
FusionSolar;NE=58630782;PT. MMKI 4.292 MWP - Phase 3;;;12;7;19;20.0;1.0;True;;;from JOIN String (Google Sheet Data Static MMSR)
FusionSolar;NE=58630782;PT. MMKI 4.292 MWP - Phase 3;;;12;7;20;20.0;1.0;True;;;from JOIN String (Google Sheet Data Static MMSR)
FusionSolar;NE=58630782;PT. MMKI 4.292 MWP - Phase 3;;;12;7;21;;;True;;;from JOIN String (Google Sheet Data Static MMSR)
FusionSolar;NE=58630782;PT. MMKI 4.292 MWP - Phase 3;;;13;1;1;19.0;1.0;True;;;from JOIN String (Google Sheet Data Static MMSR)
FusionSolar;NE=58630782;PT. MMKI 4.292 MWP - Phase 3;;;13;1;2;19.0;1.0;True;;;from JOIN String (Google Sheet Data Static MMSR)
FusionSolar;NE=58630782;PT. MMKI 4.292 MWP - Phase 3;;;13;1;3;19.0;1.0;True;;;from JOIN String (Google Sheet Data Static MMSR)
FusionSolar;NE=58630782;PT. MMKI 4.292 MWP - Phase 3;;;13;2;4;19.0;1.0;True;;;from JOIN String (Google Sheet Data Static MMSR)
FusionSolar;NE=58630782;PT. MMKI 4.292 MWP - Phase 3;;;13;2;5;19.0;1.0;True;;;from JOIN String (Google Sheet Data Static MMSR)
FusionSolar;NE=58630782;PT. MMKI 4.292 MWP - Phase 3;;;13;2;6;;;True;;;from JOIN String (Google Sheet Data Static MMSR)
FusionSolar;NE=58630782;PT. MMKI 4.292 MWP - Phase 3;;;13;3;7;19.0;1.0;True;;;from JOIN String (Google Sheet Data Static MMSR)
FusionSolar;NE=58630782;PT. MMKI 4.292 MWP - Phase 3;;;13;3;8;19.0;1.0;True;;;from JOIN String (Google Sheet Data Static MMSR)
FusionSolar;NE=58630782;PT. MMKI 4.292 MWP - Phase 3;;;13;3;9;19.0;1.0;True;;;from JOIN String (Google Sheet Data Static MMSR)
FusionSolar;NE=58630782;PT. MMKI 4.292 MWP - Phase 3;;;13;4;10;19.0;1.0;True;;;from JOIN String (Google Sheet Data Static MMSR)
FusionSolar;NE=58630782;PT. MMKI 4.292 MWP - Phase 3;;;13;4;11;19.0;1.0;True;;;from JOIN String (Google Sheet Data Static MMSR)
FusionSolar;NE=58630782;PT. MMKI 4.292 MWP - Phase 3;;;13;4;12;;;True;;;from JOIN String (Google Sheet Data Static MMSR)
FusionSolar;NE=58630782;PT. MMKI 4.292 MWP - Phase 3;;;13;5;13;20.0;1.0;True;;;from JOIN String (Google Sheet Data Static MMSR)
FusionSolar;NE=58630782;PT. MMKI 4.292 MWP - Phase 3;;;13;5;14;20.0;1.0;True;;;from JOIN String (Google Sheet Data Static MMSR)
FusionSolar;NE=58630782;PT. MMKI 4.292 MWP - Phase 3;;;13;5;15;20.0;1.0;True;;;from JOIN String (Google Sheet Data Static MMSR)
FusionSolar;NE=58630782;PT. MMKI 4.292 MWP - Phase 3;;;13;6;16;20.0;1.0;True;;;from JOIN String (Google Sheet Data Static MMSR)
FusionSolar;NE=58630782;PT. MMKI 4.292 MWP - Phase 3;;;13;6;17;20.0;1.0;True;;;from JOIN String (Google Sheet Data Static MMSR)
FusionSolar;NE=58630782;PT. MMKI 4.292 MWP - Phase 3;;;13;6;18;;;True;;;from JOIN String (Google Sheet Data Static MMSR)
FusionSolar;NE=58630782;PT. MMKI 4.292 MWP - Phase 3;;;13;7;19;20.0;2.0;True;;;from JOIN String (Google Sheet Data Static MMSR)
FusionSolar;NE=58630782;PT. MMKI 4.292 MWP - Phase 3;;;13;7;20;20.0;2.0;True;;;from JOIN String (Google Sheet Data Static MMSR)
FusionSolar;NE=58630782;PT. MMKI 4.292 MWP - Phase 3;;;13;7;21;;;True;;;from JOIN String (Google Sheet Data Static MMSR)
FusionSolar;NE=58630782;PT. MMKI 4.292 MWP - Phase 3;;;14;1;1;19.0;1.0;True;;;from JOIN String (Google Sheet Data Static MMSR)
FusionSolar;NE=58630782;PT. MMKI 4.292 MWP - Phase 3;;;14;1;2;19.0;1.0;True;;;from JOIN String (Google Sheet Data Static MMSR)
FusionSolar;NE=58630782;PT. MMKI 4.292 MWP - Phase 3;;;14;1;3;19.0;1.0;True;;;from JOIN String (Google Sheet Data Static MMSR)
FusionSolar;NE=58630782;PT. MMKI 4.292 MWP - Phase 3;;;14;2;4;19.0;1.0;True;;;from JOIN String (Google Sheet Data Static MMSR)
FusionSolar;NE=58630782;PT. MMKI 4.292 MWP - Phase 3;;;14;2;5;19.0;1.0;True;;;from JOIN String (Google Sheet Data Static MMSR)
FusionSolar;NE=58630782;PT. MMKI 4.292 MWP - Phase 3;;;14;2;6;;;True;;;from JOIN String (Google Sheet Data Static MMSR)
FusionSolar;NE=58630782;PT. MMKI 4.292 MWP - Phase 3;;;14;3;7;19.0;1.0;True;;;from JOIN String (Google Sheet Data Static MMSR)
FusionSolar;NE=58630782;PT. MMKI 4.292 MWP - Phase 3;;;14;3;8;19.0;1.0;True;;;from JOIN String (Google Sheet Data Static MMSR)
FusionSolar;NE=58630782;PT. MMKI 4.292 MWP - Phase 3;;;14;3;9;19.0;1.0;True;;;from JOIN String (Google Sheet Data Static MMSR)
FusionSolar;NE=58630782;PT. MMKI 4.292 MWP - Phase 3;;;14;4;10;19.0;1.0;True;;;from JOIN String (Google Sheet Data Static MMSR)
FusionSolar;NE=58630782;PT. MMKI 4.292 MWP - Phase 3;;;14;4;11;19.0;1.0;True;;;from JOIN String (Google Sheet Data Static MMSR)
FusionSolar;NE=58630782;PT. MMKI 4.292 MWP - Phase 3;;;14;4;12;;;True;;;from JOIN String (Google Sheet Data Static MMSR)
FusionSolar;NE=58630782;PT. MMKI 4.292 MWP - Phase 3;;;14;5;13;20.0;1.0;True;;;from JOIN String (Google Sheet Data Static MMSR)
FusionSolar;NE=58630782;PT. MMKI 4.292 MWP - Phase 3;;;14;5;14;20.0;1.0;True;;;from JOIN String (Google Sheet Data Static MMSR)
FusionSolar;NE=58630782;PT. MMKI 4.292 MWP - Phase 3;;;14;5;15;20.0;1.0;True;;;from JOIN String (Google Sheet Data Static MMSR)
FusionSolar;NE=58630782;PT. MMKI 4.292 MWP - Phase 3;;;14;6;16;20.0;1.0;True;;;from JOIN String (Google Sheet Data Static MMSR)
FusionSolar;NE=58630782;PT. MMKI 4.292 MWP - Phase 3;;;14;6;17;20.0;1.0;True;;;from JOIN String (Google Sheet Data Static MMSR)
FusionSolar;NE=58630782;PT. MMKI 4.292 MWP - Phase 3;;;14;6;18;;;True;;;from JOIN String (Google Sheet Data Static MMSR)
FusionSolar;NE=58630782;PT. MMKI 4.292 MWP - Phase 3;;;14;7;19;20.0;2.0;True;;;from JOIN String (Google Sheet Data Static MMSR)
FusionSolar;NE=58630782;PT. MMKI 4.292 MWP - Phase 3;;;14;7;20;20.0;2.0;True;;;from JOIN String (Google Sheet Data Static MMSR)
FusionSolar;NE=58630782;PT. MMKI 4.292 MWP - Phase 3;;;14;7;21;;;True;;;from JOIN String (Google Sheet Data Static MMSR)
FusionSolar;NE=58630782;PT. MMKI 4.292 MWP - Phase 3;;;15;1;1;18.0;1.0;True;;;from JOIN String (Google Sheet Data Static MMSR)
FusionSolar;NE=58630782;PT. MMKI 4.292 MWP - Phase 3;;;15;1;2;18.0;1.0;True;;;from JOIN String (Google Sheet Data Static MMSR)
FusionSolar;NE=58630782;PT. MMKI 4.292 MWP - Phase 3;;;15;1;3;18.0;1.0;True;;;from JOIN String (Google Sheet Data Static MMSR)
FusionSolar;NE=58630782;PT. MMKI 4.292 MWP - Phase 3;;;15;2;4;18.0;1.0;True;;;from JOIN String (Google Sheet Data Static MMSR)
FusionSolar;NE=58630782;PT. MMKI 4.292 MWP - Phase 3;;;15;2;5;18.0;1.0;True;;;from JOIN String (Google Sheet Data Static MMSR)
FusionSolar;NE=58630782;PT. MMKI 4.292 MWP - Phase 3;;;15;2;6;;;True;;;from JOIN String (Google Sheet Data Static MMSR)
FusionSolar;NE=58630782;PT. MMKI 4.292 MWP - Phase 3;;;15;3;7;18.0;1.0;True;;;from JOIN String (Google Sheet Data Static MMSR)
FusionSolar;NE=58630782;PT. MMKI 4.292 MWP - Phase 3;;;15;3;8;18.0;1.0;True;;;from JOIN String (Google Sheet Data Static MMSR)
FusionSolar;NE=58630782;PT. MMKI 4.292 MWP - Phase 3;;;15;3;9;;;True;;;from JOIN String (Google Sheet Data Static MMSR)
FusionSolar;NE=58630782;PT. MMKI 4.292 MWP - Phase 3;;;15;4;10;19.0;1.0;True;;;from JOIN String (Google Sheet Data Static MMSR)
FusionSolar;NE=58630782;PT. MMKI 4.292 MWP - Phase 3;;;15;4;11;19.0;1.0;True;;;from JOIN String (Google Sheet Data Static MMSR)
FusionSolar;NE=58630782;PT. MMKI 4.292 MWP - Phase 3;;;15;4;12;19.0;1.0;True;;;from JOIN String (Google Sheet Data Static MMSR)
FusionSolar;NE=58630782;PT. MMKI 4.292 MWP - Phase 3;;;15;5;13;19.0;1.0;True;;;from JOIN String (Google Sheet Data Static MMSR)
FusionSolar;NE=58630782;PT. MMKI 4.292 MWP - Phase 3;;;15;5;14;19.0;1.0;True;;;from JOIN String (Google Sheet Data Static MMSR)
FusionSolar;NE=58630782;PT. MMKI 4.292 MWP - Phase 3;;;15;5;15;;;True;;;from JOIN String (Google Sheet Data Static MMSR)
FusionSolar;NE=58630782;PT. MMKI 4.292 MWP - Phase 3;;;15;6;16;19.0;1.0;True;;;from JOIN String (Google Sheet Data Static MMSR)
FusionSolar;NE=58630782;PT. MMKI 4.292 MWP - Phase 3;;;15;6;17;19.0;1.0;True;;;from JOIN String (Google Sheet Data Static MMSR)
FusionSolar;NE=58630782;PT. MMKI 4.292 MWP - Phase 3;;;15;6;18;;;True;;;from JOIN String (Google Sheet Data Static MMSR)
FusionSolar;NE=58630782;PT. MMKI 4.292 MWP - Phase 3;;;15;7;19;20.0;1.0;True;;;from JOIN String (Google Sheet Data Static MMSR)
FusionSolar;NE=58630782;PT. MMKI 4.292 MWP - Phase 3;;;15;7;20;20.0;1.0;True;;;from JOIN String (Google Sheet Data Static MMSR)
FusionSolar;NE=58630782;PT. MMKI 4.292 MWP - Phase 3;;;15;7;21;20.0;1.0;True;;;from JOIN String (Google Sheet Data Static MMSR)
FusionSolar;NE=58630782;PT. MMKI 4.292 MWP - Phase 3;;;16;1;1;18.0;1.0;True;;;from JOIN String (Google Sheet Data Static MMSR)
FusionSolar;NE=58630782;PT. MMKI 4.292 MWP - Phase 3;;;16;1;2;18.0;1.0;True;;;from JOIN String (Google Sheet Data Static MMSR)
FusionSolar;NE=58630782;PT. MMKI 4.292 MWP - Phase 3;;;16;1;3;18.0;1.0;True;;;from JOIN String (Google Sheet Data Static MMSR)
FusionSolar;NE=58630782;PT. MMKI 4.292 MWP - Phase 3;;;16;2;4;18.0;1.0;True;;;from JOIN String (Google Sheet Data Static MMSR)
FusionSolar;NE=58630782;PT. MMKI 4.292 MWP - Phase 3;;;16;2;5;18.0;1.0;True;;;from JOIN String (Google Sheet Data Static MMSR)
FusionSolar;NE=58630782;PT. MMKI 4.292 MWP - Phase 3;;;16;2;6;;;True;;;from JOIN String (Google Sheet Data Static MMSR)
FusionSolar;NE=58630782;PT. MMKI 4.292 MWP - Phase 3;;;16;3;7;18.0;1.0;True;;;from JOIN String (Google Sheet Data Static MMSR)
FusionSolar;NE=58630782;PT. MMKI 4.292 MWP - Phase 3;;;16;3;8;18.0;1.0;True;;;from JOIN String (Google Sheet Data Static MMSR)
FusionSolar;NE=58630782;PT. MMKI 4.292 MWP - Phase 3;;;16;3;9;;;True;;;from JOIN String (Google Sheet Data Static MMSR)
FusionSolar;NE=58630782;PT. MMKI 4.292 MWP - Phase 3;;;16;4;10;19.0;1.0;True;;;from JOIN String (Google Sheet Data Static MMSR)
FusionSolar;NE=58630782;PT. MMKI 4.292 MWP - Phase 3;;;16;4;11;19.0;1.0;True;;;from JOIN String (Google Sheet Data Static MMSR)
FusionSolar;NE=58630782;PT. MMKI 4.292 MWP - Phase 3;;;16;4;12;19.0;1.0;True;;;from JOIN String (Google Sheet Data Static MMSR)
FusionSolar;NE=58630782;PT. MMKI 4.292 MWP - Phase 3;;;16;5;13;19.0;1.0;True;;;from JOIN String (Google Sheet Data Static MMSR)
FusionSolar;NE=58630782;PT. MMKI 4.292 MWP - Phase 3;;;16;5;14;19.0;1.0;True;;;from JOIN String (Google Sheet Data Static MMSR)
FusionSolar;NE=58630782;PT. MMKI 4.292 MWP - Phase 3;;;16;5;15;;;True;;;from JOIN String (Google Sheet Data Static MMSR)
FusionSolar;NE=58630782;PT. MMKI 4.292 MWP - Phase 3;;;16;6;16;19.0;1.0;True;;;from JOIN String (Google Sheet Data Static MMSR)
FusionSolar;NE=58630782;PT. MMKI 4.292 MWP - Phase 3;;;16;6;17;19.0;1.0;True;;;from JOIN String (Google Sheet Data Static MMSR)
FusionSolar;NE=58630782;PT. MMKI 4.292 MWP - Phase 3;;;16;6;18;;;True;;;from JOIN String (Google Sheet Data Static MMSR)
FusionSolar;NE=58630782;PT. MMKI 4.292 MWP - Phase 3;;;16;7;19;20.0;2.0;True;;;from JOIN String (Google Sheet Data Static MMSR)
FusionSolar;NE=58630782;PT. MMKI 4.292 MWP - Phase 3;;;16;7;20;20.0;2.0;True;;;from JOIN String (Google Sheet Data Static MMSR)
FusionSolar;NE=58630782;PT. MMKI 4.292 MWP - Phase 3;;;16;7;21;20.0;2.0;True;;;from JOIN String (Google Sheet Data Static MMSR)
FusionSolar;NE=58630782;PT. MMKI 4.292 MWP - Phase 3;;;17;1;1;18.0;1.0;True;;;from JOIN String (Google Sheet Data Static MMSR)
FusionSolar;NE=58630782;PT. MMKI 4.292 MWP - Phase 3;;;17;1;2;18.0;1.0;True;;;from JOIN String (Google Sheet Data Static MMSR)
FusionSolar;NE=58630782;PT. MMKI 4.292 MWP - Phase 3;;;17;1;3;18.0;1.0;True;;;from JOIN String (Google Sheet Data Static MMSR)
FusionSolar;NE=58630782;PT. MMKI 4.292 MWP - Phase 3;;;17;2;4;18.0;1.0;True;;;from JOIN String (Google Sheet Data Static MMSR)
FusionSolar;NE=58630782;PT. MMKI 4.292 MWP - Phase 3;;;17;2;5;18.0;1.0;True;;;from JOIN String (Google Sheet Data Static MMSR)
FusionSolar;NE=58630782;PT. MMKI 4.292 MWP - Phase 3;;;17;2;6;;;True;;;from JOIN String (Google Sheet Data Static MMSR)
FusionSolar;NE=58630782;PT. MMKI 4.292 MWP - Phase 3;;;17;3;7;18.0;1.0;True;;;from JOIN String (Google Sheet Data Static MMSR)
FusionSolar;NE=58630782;PT. MMKI 4.292 MWP - Phase 3;;;17;3;8;18.0;1.0;True;;;from JOIN String (Google Sheet Data Static MMSR)
FusionSolar;NE=58630782;PT. MMKI 4.292 MWP - Phase 3;;;17;3;9;;;True;;;from JOIN String (Google Sheet Data Static MMSR)
FusionSolar;NE=58630782;PT. MMKI 4.292 MWP - Phase 3;;;17;4;10;19.0;2.0;True;;;from JOIN String (Google Sheet Data Static MMSR)
FusionSolar;NE=58630782;PT. MMKI 4.292 MWP - Phase 3;;;17;4;11;19.0;2.0;True;;;from JOIN String (Google Sheet Data Static MMSR)
FusionSolar;NE=58630782;PT. MMKI 4.292 MWP - Phase 3;;;17;4;12;19.0;2.0;True;;;from JOIN String (Google Sheet Data Static MMSR)
FusionSolar;NE=58630782;PT. MMKI 4.292 MWP - Phase 3;;;17;5;13;19.0;2.0;True;;;from JOIN String (Google Sheet Data Static MMSR)
FusionSolar;NE=58630782;PT. MMKI 4.292 MWP - Phase 3;;;17;5;14;19.0;2.0;True;;;from JOIN String (Google Sheet Data Static MMSR)
FusionSolar;NE=58630782;PT. MMKI 4.292 MWP - Phase 3;;;17;5;15;;;True;;;from JOIN String (Google Sheet Data Static MMSR)
FusionSolar;NE=58630782;PT. MMKI 4.292 MWP - Phase 3;;;17;6;16;19.0;1.0;True;;;from JOIN String (Google Sheet Data Static MMSR)
FusionSolar;NE=58630782;PT. MMKI 4.292 MWP - Phase 3;;;17;6;17;19.0;1.0;True;;;from JOIN String (Google Sheet Data Static MMSR)
FusionSolar;NE=58630782;PT. MMKI 4.292 MWP - Phase 3;;;17;6;18;;;True;;;from JOIN String (Google Sheet Data Static MMSR)
FusionSolar;NE=58630782;PT. MMKI 4.292 MWP - Phase 3;;;17;7;19;20.0;2.0;True;;;from JOIN String (Google Sheet Data Static MMSR)
FusionSolar;NE=58630782;PT. MMKI 4.292 MWP - Phase 3;;;17;7;20;20.0;2.0;True;;;from JOIN String (Google Sheet Data Static MMSR)
FusionSolar;NE=58630782;PT. MMKI 4.292 MWP - Phase 3;;;17;7;21;20.0;2.0;True;;;from JOIN String (Google Sheet Data Static MMSR)
FusionSolar;NE=58630782;PT. MMKI 4.292 MWP - Phase 3;;;18;1;1;18.0;1.0;True;;;from JOIN String (Google Sheet Data Static MMSR)
FusionSolar;NE=58630782;PT. MMKI 4.292 MWP - Phase 3;;;18;1;2;18.0;1.0;True;;;from JOIN String (Google Sheet Data Static MMSR)
FusionSolar;NE=58630782;PT. MMKI 4.292 MWP - Phase 3;;;18;1;3;18.0;1.0;True;;;from JOIN String (Google Sheet Data Static MMSR)
FusionSolar;NE=58630782;PT. MMKI 4.292 MWP - Phase 3;;;18;2;4;18.0;1.0;True;;;from JOIN String (Google Sheet Data Static MMSR)
FusionSolar;NE=58630782;PT. MMKI 4.292 MWP - Phase 3;;;18;2;5;18.0;1.0;True;;;from JOIN String (Google Sheet Data Static MMSR)
FusionSolar;NE=58630782;PT. MMKI 4.292 MWP - Phase 3;;;18;2;6;;;True;;;from JOIN String (Google Sheet Data Static MMSR)
FusionSolar;NE=58630782;PT. MMKI 4.292 MWP - Phase 3;;;18;3;7;18.0;1.0;True;;;from JOIN String (Google Sheet Data Static MMSR)
FusionSolar;NE=58630782;PT. MMKI 4.292 MWP - Phase 3;;;18;3;8;18.0;1.0;True;;;from JOIN String (Google Sheet Data Static MMSR)
FusionSolar;NE=58630782;PT. MMKI 4.292 MWP - Phase 3;;;18;3;9;;;True;;;from JOIN String (Google Sheet Data Static MMSR)
FusionSolar;NE=58630782;PT. MMKI 4.292 MWP - Phase 3;;;18;4;10;19.0;2.0;True;;;from JOIN String (Google Sheet Data Static MMSR)
FusionSolar;NE=58630782;PT. MMKI 4.292 MWP - Phase 3;;;18;4;11;19.0;2.0;True;;;from JOIN String (Google Sheet Data Static MMSR)
FusionSolar;NE=58630782;PT. MMKI 4.292 MWP - Phase 3;;;18;4;12;19.0;2.0;True;;;from JOIN String (Google Sheet Data Static MMSR)
FusionSolar;NE=58630782;PT. MMKI 4.292 MWP - Phase 3;;;18;5;13;19.0;2.0;True;;;from JOIN String (Google Sheet Data Static MMSR)
FusionSolar;NE=58630782;PT. MMKI 4.292 MWP - Phase 3;;;18;5;14;19.0;2.0;True;;;from JOIN String (Google Sheet Data Static MMSR)
FusionSolar;NE=58630782;PT. MMKI 4.292 MWP - Phase 3;;;18;5;15;;;True;;;from JOIN String (Google Sheet Data Static MMSR)
FusionSolar;NE=58630782;PT. MMKI 4.292 MWP - Phase 3;;;18;6;16;19.0;2.0;True;;;from JOIN String (Google Sheet Data Static MMSR)
FusionSolar;NE=58630782;PT. MMKI 4.292 MWP - Phase 3;;;18;6;17;19.0;2.0;True;;;from JOIN String (Google Sheet Data Static MMSR)
FusionSolar;NE=58630782;PT. MMKI 4.292 MWP - Phase 3;;;18;6;18;;;True;;;from JOIN String (Google Sheet Data Static MMSR)
FusionSolar;NE=58630782;PT. MMKI 4.292 MWP - Phase 3;;;18;7;19;20.0;2.0;True;;;from JOIN String (Google Sheet Data Static MMSR)
FusionSolar;NE=58630782;PT. MMKI 4.292 MWP - Phase 3;;;18;7;20;20.0;2.0;True;;;from JOIN String (Google Sheet Data Static MMSR)
FusionSolar;NE=58630782;PT. MMKI 4.292 MWP - Phase 3;;;18;7;21;20.0;2.0;True;;;from JOIN String (Google Sheet Data Static MMSR)
FusionSolar;NE=58630782;PT. MMKI 4.292 MWP - Phase 3;;;19;1;1;18.0;1.0;True;;;from JOIN String (Google Sheet Data Static MMSR)
FusionSolar;NE=58630782;PT. MMKI 4.292 MWP - Phase 3;;;19;1;2;18.0;1.0;True;;;from JOIN String (Google Sheet Data Static MMSR)
FusionSolar;NE=58630782;PT. MMKI 4.292 MWP - Phase 3;;;19;1;3;18.0;1.0;True;;;from JOIN String (Google Sheet Data Static MMSR)
FusionSolar;NE=58630782;PT. MMKI 4.292 MWP - Phase 3;;;19;2;4;18.0;1.0;True;;;from JOIN String (Google Sheet Data Static MMSR)
FusionSolar;NE=58630782;PT. MMKI 4.292 MWP - Phase 3;;;19;2;5;18.0;1.0;True;;;from JOIN String (Google Sheet Data Static MMSR)
FusionSolar;NE=58630782;PT. MMKI 4.292 MWP - Phase 3;;;19;2;6;;;True;;;from JOIN String (Google Sheet Data Static MMSR)
FusionSolar;NE=58630782;PT. MMKI 4.292 MWP - Phase 3;;;19;3;7;18.0;1.0;True;;;from JOIN String (Google Sheet Data Static MMSR)
FusionSolar;NE=58630782;PT. MMKI 4.292 MWP - Phase 3;;;19;3;8;18.0;1.0;True;;;from JOIN String (Google Sheet Data Static MMSR)
FusionSolar;NE=58630782;PT. MMKI 4.292 MWP - Phase 3;;;19;3;9;;;True;;;from JOIN String (Google Sheet Data Static MMSR)
FusionSolar;NE=58630782;PT. MMKI 4.292 MWP - Phase 3;;;19;4;10;19.0;2.0;True;;;from JOIN String (Google Sheet Data Static MMSR)
FusionSolar;NE=58630782;PT. MMKI 4.292 MWP - Phase 3;;;19;4;11;19.0;2.0;True;;;from JOIN String (Google Sheet Data Static MMSR)
FusionSolar;NE=58630782;PT. MMKI 4.292 MWP - Phase 3;;;19;4;12;19.0;2.0;True;;;from JOIN String (Google Sheet Data Static MMSR)
FusionSolar;NE=58630782;PT. MMKI 4.292 MWP - Phase 3;;;19;5;13;19.0;2.0;True;;;from JOIN String (Google Sheet Data Static MMSR)
FusionSolar;NE=58630782;PT. MMKI 4.292 MWP - Phase 3;;;19;5;14;19.0;2.0;True;;;from JOIN String (Google Sheet Data Static MMSR)
FusionSolar;NE=58630782;PT. MMKI 4.292 MWP - Phase 3;;;19;5;15;;;True;;;from JOIN String (Google Sheet Data Static MMSR)
FusionSolar;NE=58630782;PT. MMKI 4.292 MWP - Phase 3;;;19;6;16;19.0;2.0;True;;;from JOIN String (Google Sheet Data Static MMSR)
FusionSolar;NE=58630782;PT. MMKI 4.292 MWP - Phase 3;;;19;6;17;19.0;2.0;True;;;from JOIN String (Google Sheet Data Static MMSR)
FusionSolar;NE=58630782;PT. MMKI 4.292 MWP - Phase 3;;;19;6;18;;;True;;;from JOIN String (Google Sheet Data Static MMSR)
FusionSolar;NE=58630782;PT. MMKI 4.292 MWP - Phase 3;;;19;7;19;20.0;2.0;True;;;from JOIN String (Google Sheet Data Static MMSR)
FusionSolar;NE=58630782;PT. MMKI 4.292 MWP - Phase 3;;;19;7;20;20.0;2.0;True;;;from JOIN String (Google Sheet Data Static MMSR)
FusionSolar;NE=58630782;PT. MMKI 4.292 MWP - Phase 3;;;19;7;21;20.0;2.0;True;;;from JOIN String (Google Sheet Data Static MMSR)
FusionSolar;NE=58630782;PT. MMKI 4.292 MWP - Phase 3;;;20;1;1;18.0;1.0;True;;;from JOIN String (Google Sheet Data Static MMSR)
FusionSolar;NE=58630782;PT. MMKI 4.292 MWP - Phase 3;;;20;1;2;18.0;1.0;True;;;from JOIN String (Google Sheet Data Static MMSR)
FusionSolar;NE=58630782;PT. MMKI 4.292 MWP - Phase 3;;;20;1;3;;;True;;;from JOIN String (Google Sheet Data Static MMSR)
FusionSolar;NE=58630782;PT. MMKI 4.292 MWP - Phase 3;;;20;2;4;18.0;1.0;True;;;from JOIN String (Google Sheet Data Static MMSR)
FusionSolar;NE=58630782;PT. MMKI 4.292 MWP - Phase 3;;;20;2;5;18.0;1.0;True;;;from JOIN String (Google Sheet Data Static MMSR)
FusionSolar;NE=58630782;PT. MMKI 4.292 MWP - Phase 3;;;20;2;6;;;True;;;from JOIN String (Google Sheet Data Static MMSR)
FusionSolar;NE=58630782;PT. MMKI 4.292 MWP - Phase 3;;;20;3;7;18.0;1.0;True;;;from JOIN String (Google Sheet Data Static MMSR)
FusionSolar;NE=58630782;PT. MMKI 4.292 MWP - Phase 3;;;20;3;8;18.0;1.0;True;;;from JOIN String (Google Sheet Data Static MMSR)
FusionSolar;NE=58630782;PT. MMKI 4.292 MWP - Phase 3;;;20;3;9;;;True;;;from JOIN String (Google Sheet Data Static MMSR)
FusionSolar;NE=58630782;PT. MMKI 4.292 MWP - Phase 3;;;20;4;10;19.0;2.0;True;;;from JOIN String (Google Sheet Data Static MMSR)
FusionSolar;NE=58630782;PT. MMKI 4.292 MWP - Phase 3;;;20;4;11;19.0;2.0;True;;;from JOIN String (Google Sheet Data Static MMSR)
FusionSolar;NE=58630782;PT. MMKI 4.292 MWP - Phase 3;;;20;4;12;19.0;2.0;True;;;from JOIN String (Google Sheet Data Static MMSR)
FusionSolar;NE=58630782;PT. MMKI 4.292 MWP - Phase 3;;;20;5;13;19.0;2.0;True;;;from JOIN String (Google Sheet Data Static MMSR)
FusionSolar;NE=58630782;PT. MMKI 4.292 MWP - Phase 3;;;20;5;14;19.0;2.0;True;;;from JOIN String (Google Sheet Data Static MMSR)
FusionSolar;NE=58630782;PT. MMKI 4.292 MWP - Phase 3;;;20;5;15;19.0;2.0;True;;;from JOIN String (Google Sheet Data Static MMSR)
FusionSolar;NE=58630782;PT. MMKI 4.292 MWP - Phase 3;;;20;6;16;19.0;2.0;True;;;from JOIN String (Google Sheet Data Static MMSR)
FusionSolar;NE=58630782;PT. MMKI 4.292 MWP - Phase 3;;;20;6;17;19.0;2.0;True;;;from JOIN String (Google Sheet Data Static MMSR)
FusionSolar;NE=58630782;PT. MMKI 4.292 MWP - Phase 3;;;20;6;18;;;True;;;from JOIN String (Google Sheet Data Static MMSR)
FusionSolar;NE=58630782;PT. MMKI 4.292 MWP - Phase 3;;;20;7;19;20.0;2.0;True;;;from JOIN String (Google Sheet Data Static MMSR)
FusionSolar;NE=58630782;PT. MMKI 4.292 MWP - Phase 3;;;20;7;20;20.0;2.0;True;;;from JOIN String (Google Sheet Data Static MMSR)
FusionSolar;NE=58630782;PT. MMKI 4.292 MWP - Phase 3;;;20;7;21;20.0;2.0;True;;;from JOIN String (Google Sheet Data Static MMSR)
FusionSolar;NE=58630782;PT. MMKI 4.292 MWP - Phase 3;;;21;1;1;19.0;2.0;True;;;from JOIN String (Google Sheet Data Static MMSR)
FusionSolar;NE=58630782;PT. MMKI 4.292 MWP - Phase 3;;;21;1;2;19.0;2.0;True;;;from JOIN String (Google Sheet Data Static MMSR)
FusionSolar;NE=58630782;PT. MMKI 4.292 MWP - Phase 3;;;21;1;3;19.0;2.0;True;;;from JOIN String (Google Sheet Data Static MMSR)
FusionSolar;NE=58630782;PT. MMKI 4.292 MWP - Phase 3;;;21;2;4;19.0;2.0;True;;;from JOIN String (Google Sheet Data Static MMSR)
FusionSolar;NE=58630782;PT. MMKI 4.292 MWP - Phase 3;;;21;2;5;19.0;2.0;True;;;from JOIN String (Google Sheet Data Static MMSR)
FusionSolar;NE=58630782;PT. MMKI 4.292 MWP - Phase 3;;;21;2;6;19.0;2.0;True;;;from JOIN String (Google Sheet Data Static MMSR)
FusionSolar;NE=58630782;PT. MMKI 4.292 MWP - Phase 3;;;21;3;7;19.0;2.0;True;;;from JOIN String (Google Sheet Data Static MMSR)
FusionSolar;NE=58630782;PT. MMKI 4.292 MWP - Phase 3;;;21;3;8;19.0;2.0;True;;;from JOIN String (Google Sheet Data Static MMSR)
FusionSolar;NE=58630782;PT. MMKI 4.292 MWP - Phase 3;;;21;3;9;;;True;;;from JOIN String (Google Sheet Data Static MMSR)
FusionSolar;NE=58630782;PT. MMKI 4.292 MWP - Phase 3;;;21;4;10;20.0;2.0;True;;;from JOIN String (Google Sheet Data Static MMSR)
FusionSolar;NE=58630782;PT. MMKI 4.292 MWP - Phase 3;;;21;4;11;20.0;2.0;True;;;from JOIN String (Google Sheet Data Static MMSR)
FusionSolar;NE=58630782;PT. MMKI 4.292 MWP - Phase 3;;;21;4;12;;;True;;;from JOIN String (Google Sheet Data Static MMSR)
FusionSolar;NE=58630782;PT. MMKI 4.292 MWP - Phase 3;;;21;5;13;20.0;2.0;True;;;from JOIN String (Google Sheet Data Static MMSR)
FusionSolar;NE=58630782;PT. MMKI 4.292 MWP - Phase 3;;;21;5;14;20.0;2.0;True;;;from JOIN String (Google Sheet Data Static MMSR)
FusionSolar;NE=58630782;PT. MMKI 4.292 MWP - Phase 3;;;21;5;15;;;True;;;from JOIN String (Google Sheet Data Static MMSR)
FusionSolar;NE=58630782;PT. MMKI 4.292 MWP - Phase 3;;;21;6;16;20.0;2.0;True;;;from JOIN String (Google Sheet Data Static MMSR)
FusionSolar;NE=58630782;PT. MMKI 4.292 MWP - Phase 3;;;21;6;17;20.0;2.0;True;;;from JOIN String (Google Sheet Data Static MMSR)
FusionSolar;NE=58630782;PT. MMKI 4.292 MWP - Phase 3;;;21;6;18;;;True;;;from JOIN String (Google Sheet Data Static MMSR)
FusionSolar;NE=58630782;PT. MMKI 4.292 MWP - Phase 3;;;21;7;19;20.0;2.0;True;;;from JOIN String (Google Sheet Data Static MMSR)
FusionSolar;NE=58630782;PT. MMKI 4.292 MWP - Phase 3;;;21;7;20;20.0;2.0;True;;;from JOIN String (Google Sheet Data Static MMSR)
FusionSolar;NE=58630782;PT. MMKI 4.292 MWP - Phase 3;;;21;7;21;;;True;;;from JOIN String (Google Sheet Data Static MMSR)
FusionSolar;NE=58630782;PT. MMKI 4.292 MWP - Phase 3;;;22;1;1;19.0;2.0;True;;;from JOIN String (Google Sheet Data Static MMSR)
FusionSolar;NE=58630782;PT. MMKI 4.292 MWP - Phase 3;;;22;1;2;19.0;2.0;True;;;from JOIN String (Google Sheet Data Static MMSR)
FusionSolar;NE=58630782;PT. MMKI 4.292 MWP - Phase 3;;;22;1;3;19.0;2.0;True;;;from JOIN String (Google Sheet Data Static MMSR)
FusionSolar;NE=58630782;PT. MMKI 4.292 MWP - Phase 3;;;22;2;4;19.0;2.0;True;;;from JOIN String (Google Sheet Data Static MMSR)
FusionSolar;NE=58630782;PT. MMKI 4.292 MWP - Phase 3;;;22;2;5;19.0;2.0;True;;;from JOIN String (Google Sheet Data Static MMSR)
FusionSolar;NE=58630782;PT. MMKI 4.292 MWP - Phase 3;;;22;2;6;19.0;2.0;True;;;from JOIN String (Google Sheet Data Static MMSR)
FusionSolar;NE=58630782;PT. MMKI 4.292 MWP - Phase 3;;;22;3;7;19.0;2.0;True;;;from JOIN String (Google Sheet Data Static MMSR)
FusionSolar;NE=58630782;PT. MMKI 4.292 MWP - Phase 3;;;22;3;8;19.0;2.0;True;;;from JOIN String (Google Sheet Data Static MMSR)
FusionSolar;NE=58630782;PT. MMKI 4.292 MWP - Phase 3;;;22;3;9;;;True;;;from JOIN String (Google Sheet Data Static MMSR)
FusionSolar;NE=58630782;PT. MMKI 4.292 MWP - Phase 3;;;22;4;10;20.0;2.0;True;;;from JOIN String (Google Sheet Data Static MMSR)
FusionSolar;NE=58630782;PT. MMKI 4.292 MWP - Phase 3;;;22;4;11;20.0;2.0;True;;;from JOIN String (Google Sheet Data Static MMSR)
FusionSolar;NE=58630782;PT. MMKI 4.292 MWP - Phase 3;;;22;4;12;;;True;;;from JOIN String (Google Sheet Data Static MMSR)
FusionSolar;NE=58630782;PT. MMKI 4.292 MWP - Phase 3;;;22;5;13;20.0;2.0;True;;;from JOIN String (Google Sheet Data Static MMSR)
FusionSolar;NE=58630782;PT. MMKI 4.292 MWP - Phase 3;;;22;5;14;20.0;2.0;True;;;from JOIN String (Google Sheet Data Static MMSR)
FusionSolar;NE=58630782;PT. MMKI 4.292 MWP - Phase 3;;;22;5;15;;;True;;;from JOIN String (Google Sheet Data Static MMSR)
FusionSolar;NE=58630782;PT. MMKI 4.292 MWP - Phase 3;;;22;6;16;20.0;2.0;True;;;from JOIN String (Google Sheet Data Static MMSR)
FusionSolar;NE=58630782;PT. MMKI 4.292 MWP - Phase 3;;;22;6;17;20.0;2.0;True;;;from JOIN String (Google Sheet Data Static MMSR)
FusionSolar;NE=58630782;PT. MMKI 4.292 MWP - Phase 3;;;22;6;18;;;True;;;from JOIN String (Google Sheet Data Static MMSR)
FusionSolar;NE=58630782;PT. MMKI 4.292 MWP - Phase 3;;;22;7;19;20.0;2.0;True;;;from JOIN String (Google Sheet Data Static MMSR)
FusionSolar;NE=58630782;PT. MMKI 4.292 MWP - Phase 3;;;22;7;20;20.0;2.0;True;;;from JOIN String (Google Sheet Data Static MMSR)
FusionSolar;NE=58630782;PT. MMKI 4.292 MWP - Phase 3;;;22;7;21;;;True;;;from JOIN String (Google Sheet Data Static MMSR)
FusionSolar;NE=58630782;PT. MMKI 4.292 MWP - Phase 3;;;23;1;1;19.0;2.0;True;;;from JOIN String (Google Sheet Data Static MMSR)
FusionSolar;NE=58630782;PT. MMKI 4.292 MWP - Phase 3;;;23;1;2;19.0;2.0;True;;;from JOIN String (Google Sheet Data Static MMSR)
FusionSolar;NE=58630782;PT. MMKI 4.292 MWP - Phase 3;;;23;1;3;19.0;2.0;True;;;from JOIN String (Google Sheet Data Static MMSR)
FusionSolar;NE=58630782;PT. MMKI 4.292 MWP - Phase 3;;;23;2;4;19.0;2.0;True;;;from JOIN String (Google Sheet Data Static MMSR)
FusionSolar;NE=58630782;PT. MMKI 4.292 MWP - Phase 3;;;23;2;5;19.0;2.0;True;;;from JOIN String (Google Sheet Data Static MMSR)
FusionSolar;NE=58630782;PT. MMKI 4.292 MWP - Phase 3;;;23;2;6;19.0;2.0;True;;;from JOIN String (Google Sheet Data Static MMSR)
FusionSolar;NE=58630782;PT. MMKI 4.292 MWP - Phase 3;;;23;3;7;19.0;2.0;True;;;from JOIN String (Google Sheet Data Static MMSR)
FusionSolar;NE=58630782;PT. MMKI 4.292 MWP - Phase 3;;;23;3;8;19.0;2.0;True;;;from JOIN String (Google Sheet Data Static MMSR)
FusionSolar;NE=58630782;PT. MMKI 4.292 MWP - Phase 3;;;23;3;9;;;True;;;from JOIN String (Google Sheet Data Static MMSR)
FusionSolar;NE=58630782;PT. MMKI 4.292 MWP - Phase 3;;;23;4;10;20.0;2.0;True;;;from JOIN String (Google Sheet Data Static MMSR)
FusionSolar;NE=58630782;PT. MMKI 4.292 MWP - Phase 3;;;23;4;11;20.0;2.0;True;;;from JOIN String (Google Sheet Data Static MMSR)
FusionSolar;NE=58630782;PT. MMKI 4.292 MWP - Phase 3;;;23;4;12;;;True;;;from JOIN String (Google Sheet Data Static MMSR)
FusionSolar;NE=58630782;PT. MMKI 4.292 MWP - Phase 3;;;23;5;13;20.0;2.0;True;;;from JOIN String (Google Sheet Data Static MMSR)
FusionSolar;NE=58630782;PT. MMKI 4.292 MWP - Phase 3;;;23;5;14;20.0;2.0;True;;;from JOIN String (Google Sheet Data Static MMSR)
FusionSolar;NE=58630782;PT. MMKI 4.292 MWP - Phase 3;;;23;5;15;;;True;;;from JOIN String (Google Sheet Data Static MMSR)
FusionSolar;NE=58630782;PT. MMKI 4.292 MWP - Phase 3;;;23;6;16;20.0;2.0;True;;;from JOIN String (Google Sheet Data Static MMSR)
FusionSolar;NE=58630782;PT. MMKI 4.292 MWP - Phase 3;;;23;6;17;20.0;2.0;True;;;from JOIN String (Google Sheet Data Static MMSR)
FusionSolar;NE=58630782;PT. MMKI 4.292 MWP - Phase 3;;;23;6;18;;;True;;;from JOIN String (Google Sheet Data Static MMSR)
FusionSolar;NE=58630782;PT. MMKI 4.292 MWP - Phase 3;;;23;7;19;20.0;2.0;True;;;from JOIN String (Google Sheet Data Static MMSR)
FusionSolar;NE=58630782;PT. MMKI 4.292 MWP - Phase 3;;;23;7;20;20.0;2.0;True;;;from JOIN String (Google Sheet Data Static MMSR)
FusionSolar;NE=58630782;PT. MMKI 4.292 MWP - Phase 3;;;23;7;21;;;True;;;from JOIN String (Google Sheet Data Static MMSR)
FusionSolar;NE=58630782;PT. MMKI 4.292 MWP - Phase 3;;;24;1;1;19.0;2.0;True;;;from JOIN String (Google Sheet Data Static MMSR)
FusionSolar;NE=58630782;PT. MMKI 4.292 MWP - Phase 3;;;24;1;2;19.0;2.0;True;;;from JOIN String (Google Sheet Data Static MMSR)
FusionSolar;NE=58630782;PT. MMKI 4.292 MWP - Phase 3;;;24;1;3;19.0;2.0;True;;;from JOIN String (Google Sheet Data Static MMSR)
FusionSolar;NE=58630782;PT. MMKI 4.292 MWP - Phase 3;;;24;2;4;19.0;2.0;True;;;from JOIN String (Google Sheet Data Static MMSR)
FusionSolar;NE=58630782;PT. MMKI 4.292 MWP - Phase 3;;;24;2;5;19.0;2.0;True;;;from JOIN String (Google Sheet Data Static MMSR)
FusionSolar;NE=58630782;PT. MMKI 4.292 MWP - Phase 3;;;24;2;6;;;True;;;from JOIN String (Google Sheet Data Static MMSR)
FusionSolar;NE=58630782;PT. MMKI 4.292 MWP - Phase 3;;;24;3;7;19.0;2.0;True;;;from JOIN String (Google Sheet Data Static MMSR)
FusionSolar;NE=58630782;PT. MMKI 4.292 MWP - Phase 3;;;24;3;8;19.0;2.0;True;;;from JOIN String (Google Sheet Data Static MMSR)
FusionSolar;NE=58630782;PT. MMKI 4.292 MWP - Phase 3;;;24;3;9;;;True;;;from JOIN String (Google Sheet Data Static MMSR)
FusionSolar;NE=58630782;PT. MMKI 4.292 MWP - Phase 3;;;24;4;10;19.0;2.0;True;;;from JOIN String (Google Sheet Data Static MMSR)
FusionSolar;NE=58630782;PT. MMKI 4.292 MWP - Phase 3;;;24;4;11;19.0;2.0;True;;;from JOIN String (Google Sheet Data Static MMSR)
FusionSolar;NE=58630782;PT. MMKI 4.292 MWP - Phase 3;;;24;4;12;;;True;;;from JOIN String (Google Sheet Data Static MMSR)
FusionSolar;NE=58630782;PT. MMKI 4.292 MWP - Phase 3;;;24;5;13;20.0;2.0;True;;;from JOIN String (Google Sheet Data Static MMSR)
FusionSolar;NE=58630782;PT. MMKI 4.292 MWP - Phase 3;;;24;5;14;20.0;2.0;True;;;from JOIN String (Google Sheet Data Static MMSR)
FusionSolar;NE=58630782;PT. MMKI 4.292 MWP - Phase 3;;;24;5;15;20.0;2.0;True;;;from JOIN String (Google Sheet Data Static MMSR)
FusionSolar;NE=58630782;PT. MMKI 4.292 MWP - Phase 3;;;24;6;16;20.0;2.0;True;;;from JOIN String (Google Sheet Data Static MMSR)
FusionSolar;NE=58630782;PT. MMKI 4.292 MWP - Phase 3;;;24;6;17;20.0;2.0;True;;;from JOIN String (Google Sheet Data Static MMSR)
FusionSolar;NE=58630782;PT. MMKI 4.292 MWP - Phase 3;;;24;6;18;;;True;;;from JOIN String (Google Sheet Data Static MMSR)
FusionSolar;NE=58630782;PT. MMKI 4.292 MWP - Phase 3;;;24;7;19;20.0;2.0;True;;;from JOIN String (Google Sheet Data Static MMSR)
FusionSolar;NE=58630782;PT. MMKI 4.292 MWP - Phase 3;;;24;7;20;20.0;2.0;True;;;from JOIN String (Google Sheet Data Static MMSR)
FusionSolar;NE=58630782;PT. MMKI 4.292 MWP - Phase 3;;;24;7;21;;;True;;;from JOIN String (Google Sheet Data Static MMSR)
FusionSolar;NE=51758766;PT. MMKI 5.7 MWp - Phase 2;;;1;1;1;24.0;3.0;True;;;from JOIN String (Google Sheet Data Static MMSR)
FusionSolar;NE=51758766;PT. MMKI 5.7 MWp - Phase 2;;;1;1;2;0.0;;True;;;from JOIN String (Google Sheet Data Static MMSR)
FusionSolar;NE=51758766;PT. MMKI 5.7 MWp - Phase 2;;;1;1;3;0.0;;True;;;from JOIN String (Google Sheet Data Static MMSR)
FusionSolar;NE=51758766;PT. MMKI 5.7 MWp - Phase 2;;;1;1;4;0.0;;True;;;from JOIN String (Google Sheet Data Static MMSR)
FusionSolar;NE=51758766;PT. MMKI 5.7 MWp - Phase 2;;;1;2;5;28.0;1.0;True;;;from JOIN String (Google Sheet Data Static MMSR)
FusionSolar;NE=51758766;PT. MMKI 5.7 MWp - Phase 2;;;1;2;6;28.0;1.0;True;;;from JOIN String (Google Sheet Data Static MMSR)
FusionSolar;NE=51758766;PT. MMKI 5.7 MWp - Phase 2;;;1;2;7;28.0;1.0;True;;;from JOIN String (Google Sheet Data Static MMSR)
FusionSolar;NE=51758766;PT. MMKI 5.7 MWp - Phase 2;;;1;2;8;28.0;1.0;True;;;from JOIN String (Google Sheet Data Static MMSR)
FusionSolar;NE=51758766;PT. MMKI 5.7 MWp - Phase 2;;;1;2;9;28.0;1.0;True;;;from JOIN String (Google Sheet Data Static MMSR)
FusionSolar;NE=51758766;PT. MMKI 5.7 MWp - Phase 2;;;1;3;10;27.0;1.0;True;;;from JOIN String (Google Sheet Data Static MMSR)
FusionSolar;NE=51758766;PT. MMKI 5.7 MWp - Phase 2;;;1;3;11;27.0;1.0;True;;;from JOIN String (Google Sheet Data Static MMSR)
FusionSolar;NE=51758766;PT. MMKI 5.7 MWp - Phase 2;;;1;3;12;27.0;1.0;True;;;from JOIN String (Google Sheet Data Static MMSR)
FusionSolar;NE=51758766;PT. MMKI 5.7 MWp - Phase 2;;;1;3;13;27.0;1.0;True;;;from JOIN String (Google Sheet Data Static MMSR)
FusionSolar;NE=51758766;PT. MMKI 5.7 MWp - Phase 2;;;1;3;14;0.0;;True;;;from JOIN String (Google Sheet Data Static MMSR)
FusionSolar;NE=51758766;PT. MMKI 5.7 MWp - Phase 2;;;1;4;15;27.0;3.0;True;;;from JOIN String (Google Sheet Data Static MMSR)
FusionSolar;NE=51758766;PT. MMKI 5.7 MWp - Phase 2;;;1;4;16;27.0;3.0;True;;;from JOIN String (Google Sheet Data Static MMSR)
FusionSolar;NE=51758766;PT. MMKI 5.7 MWp - Phase 2;;;1;4;17;27.0;3.0;True;;;from JOIN String (Google Sheet Data Static MMSR)
FusionSolar;NE=51758766;PT. MMKI 5.7 MWp - Phase 2;;;1;4;18;27.0;3.0;True;;;from JOIN String (Google Sheet Data Static MMSR)
FusionSolar;NE=51758766;PT. MMKI 5.7 MWp - Phase 2;;;1;5;19;27.0;3.0;True;;;from JOIN String (Google Sheet Data Static MMSR)
FusionSolar;NE=51758766;PT. MMKI 5.7 MWp - Phase 2;;;1;5;20;27.0;3.0;True;;;from JOIN String (Google Sheet Data Static MMSR)
FusionSolar;NE=51758766;PT. MMKI 5.7 MWp - Phase 2;;;1;5;21;27.0;3.0;True;;;from JOIN String (Google Sheet Data Static MMSR)
FusionSolar;NE=51758766;PT. MMKI 5.7 MWp - Phase 2;;;1;5;22;27.0;3.0;True;;;from JOIN String (Google Sheet Data Static MMSR)
FusionSolar;NE=51758766;PT. MMKI 5.7 MWp - Phase 2;;;1;5;23;0.0;;True;;;from JOIN String (Google Sheet Data Static MMSR)
FusionSolar;NE=51758766;PT. MMKI 5.7 MWp - Phase 2;;;1;6;24;27.0;3.0;True;;;from JOIN String (Google Sheet Data Static MMSR)
FusionSolar;NE=51758766;PT. MMKI 5.7 MWp - Phase 2;;;1;6;25;27.0;3.0;True;;;from JOIN String (Google Sheet Data Static MMSR)
FusionSolar;NE=51758766;PT. MMKI 5.7 MWp - Phase 2;;;1;6;26;27.0;3.0;True;;;from JOIN String (Google Sheet Data Static MMSR)
FusionSolar;NE=51758766;PT. MMKI 5.7 MWp - Phase 2;;;1;6;27;27.0;3.0;True;;;from JOIN String (Google Sheet Data Static MMSR)
FusionSolar;NE=51758766;PT. MMKI 5.7 MWp - Phase 2;;;1;6;28;0.0;;True;;;from JOIN String (Google Sheet Data Static MMSR)
FusionSolar;NE=51758766;PT. MMKI 5.7 MWp - Phase 2;;;2;1;1;26.0;1.0;True;;;from JOIN String (Google Sheet Data Static MMSR)
FusionSolar;NE=51758766;PT. MMKI 5.7 MWp - Phase 2;;;2;1;2;0.0;;True;;;from JOIN String (Google Sheet Data Static MMSR)
FusionSolar;NE=51758766;PT. MMKI 5.7 MWp - Phase 2;;;2;1;3;0.0;;True;;;from JOIN String (Google Sheet Data Static MMSR)
FusionSolar;NE=51758766;PT. MMKI 5.7 MWp - Phase 2;;;2;1;4;0.0;;True;;;from JOIN String (Google Sheet Data Static MMSR)
FusionSolar;NE=51758766;PT. MMKI 5.7 MWp - Phase 2;;;2;2;5;28.0;1.0;True;;;from JOIN String (Google Sheet Data Static MMSR)
FusionSolar;NE=51758766;PT. MMKI 5.7 MWp - Phase 2;;;2;2;6;28.0;1.0;True;;;from JOIN String (Google Sheet Data Static MMSR)
FusionSolar;NE=51758766;PT. MMKI 5.7 MWp - Phase 2;;;2;2;7;28.0;1.0;True;;;from JOIN String (Google Sheet Data Static MMSR)
FusionSolar;NE=51758766;PT. MMKI 5.7 MWp - Phase 2;;;2;2;8;28.0;1.0;True;;;from JOIN String (Google Sheet Data Static MMSR)
FusionSolar;NE=51758766;PT. MMKI 5.7 MWp - Phase 2;;;2;2;9;28.0;1.0;True;;;from JOIN String (Google Sheet Data Static MMSR)
FusionSolar;NE=51758766;PT. MMKI 5.7 MWp - Phase 2;;;2;3;10;27.0;3.0;True;;;from JOIN String (Google Sheet Data Static MMSR)
FusionSolar;NE=51758766;PT. MMKI 5.7 MWp - Phase 2;;;2;3;11;27.0;3.0;True;;;from JOIN String (Google Sheet Data Static MMSR)
FusionSolar;NE=51758766;PT. MMKI 5.7 MWp - Phase 2;;;2;3;12;27.0;3.0;True;;;from JOIN String (Google Sheet Data Static MMSR)
FusionSolar;NE=51758766;PT. MMKI 5.7 MWp - Phase 2;;;2;3;13;27.0;3.0;True;;;from JOIN String (Google Sheet Data Static MMSR)
FusionSolar;NE=51758766;PT. MMKI 5.7 MWp - Phase 2;;;2;3;14;0.0;;True;;;from JOIN String (Google Sheet Data Static MMSR)
FusionSolar;NE=51758766;PT. MMKI 5.7 MWp - Phase 2;;;2;4;15;27.0;3.0;True;;;from JOIN String (Google Sheet Data Static MMSR)
FusionSolar;NE=51758766;PT. MMKI 5.7 MWp - Phase 2;;;2;4;16;27.0;3.0;True;;;from JOIN String (Google Sheet Data Static MMSR)
FusionSolar;NE=51758766;PT. MMKI 5.7 MWp - Phase 2;;;2;4;17;27.0;3.0;True;;;from JOIN String (Google Sheet Data Static MMSR)
FusionSolar;NE=51758766;PT. MMKI 5.7 MWp - Phase 2;;;2;4;18;27.0;3.0;True;;;from JOIN String (Google Sheet Data Static MMSR)
FusionSolar;NE=51758766;PT. MMKI 5.7 MWp - Phase 2;;;2;5;19;27.0;3.0;True;;;from JOIN String (Google Sheet Data Static MMSR)
FusionSolar;NE=51758766;PT. MMKI 5.7 MWp - Phase 2;;;2;5;20;27.0;3.0;True;;;from JOIN String (Google Sheet Data Static MMSR)
FusionSolar;NE=51758766;PT. MMKI 5.7 MWp - Phase 2;;;2;5;21;27.0;3.0;True;;;from JOIN String (Google Sheet Data Static MMSR)
FusionSolar;NE=51758766;PT. MMKI 5.7 MWp - Phase 2;;;2;5;22;27.0;3.0;True;;;from JOIN String (Google Sheet Data Static MMSR)
FusionSolar;NE=51758766;PT. MMKI 5.7 MWp - Phase 2;;;2;5;23;0.0;;True;;;from JOIN String (Google Sheet Data Static MMSR)
FusionSolar;NE=51758766;PT. MMKI 5.7 MWp - Phase 2;;;2;6;24;27.0;3.0;True;;;from JOIN String (Google Sheet Data Static MMSR)
FusionSolar;NE=51758766;PT. MMKI 5.7 MWp - Phase 2;;;2;6;25;27.0;3.0;True;;;from JOIN String (Google Sheet Data Static MMSR)
FusionSolar;NE=51758766;PT. MMKI 5.7 MWp - Phase 2;;;2;6;26;27.0;3.0;True;;;from JOIN String (Google Sheet Data Static MMSR)
FusionSolar;NE=51758766;PT. MMKI 5.7 MWp - Phase 2;;;2;6;27;27.0;3.0;True;;;from JOIN String (Google Sheet Data Static MMSR)
FusionSolar;NE=51758766;PT. MMKI 5.7 MWp - Phase 2;;;2;6;28;0.0;;True;;;from JOIN String (Google Sheet Data Static MMSR)
FusionSolar;NE=51758766;PT. MMKI 5.7 MWp - Phase 2;;;3;1;1;29.0;1.0;True;;;from JOIN String (Google Sheet Data Static MMSR)
FusionSolar;NE=51758766;PT. MMKI 5.7 MWp - Phase 2;;;3;1;2;0.0;;True;;;from JOIN String (Google Sheet Data Static MMSR)
FusionSolar;NE=51758766;PT. MMKI 5.7 MWp - Phase 2;;;3;1;3;0.0;;True;;;from JOIN String (Google Sheet Data Static MMSR)
FusionSolar;NE=51758766;PT. MMKI 5.7 MWp - Phase 2;;;3;1;4;0.0;;True;;;from JOIN String (Google Sheet Data Static MMSR)
FusionSolar;NE=51758766;PT. MMKI 5.7 MWp - Phase 2;;;3;2;5;28.0;1.0;True;;;from JOIN String (Google Sheet Data Static MMSR)
FusionSolar;NE=51758766;PT. MMKI 5.7 MWp - Phase 2;;;3;2;6;28.0;1.0;True;;;from JOIN String (Google Sheet Data Static MMSR)
FusionSolar;NE=51758766;PT. MMKI 5.7 MWp - Phase 2;;;3;2;7;28.0;1.0;True;;;from JOIN String (Google Sheet Data Static MMSR)
FusionSolar;NE=51758766;PT. MMKI 5.7 MWp - Phase 2;;;3;2;8;28.0;1.0;True;;;from JOIN String (Google Sheet Data Static MMSR)
FusionSolar;NE=51758766;PT. MMKI 5.7 MWp - Phase 2;;;3;2;9;28.0;1.0;True;;;from JOIN String (Google Sheet Data Static MMSR)
FusionSolar;NE=51758766;PT. MMKI 5.7 MWp - Phase 2;;;3;3;10;27.0;3.0;True;;;from JOIN String (Google Sheet Data Static MMSR)
FusionSolar;NE=51758766;PT. MMKI 5.7 MWp - Phase 2;;;3;3;11;27.0;3.0;True;;;from JOIN String (Google Sheet Data Static MMSR)
FusionSolar;NE=51758766;PT. MMKI 5.7 MWp - Phase 2;;;3;3;12;27.0;3.0;True;;;from JOIN String (Google Sheet Data Static MMSR)
FusionSolar;NE=51758766;PT. MMKI 5.7 MWp - Phase 2;;;3;3;13;27.0;3.0;True;;;from JOIN String (Google Sheet Data Static MMSR)
FusionSolar;NE=51758766;PT. MMKI 5.7 MWp - Phase 2;;;3;3;14;0.0;;True;;;from JOIN String (Google Sheet Data Static MMSR)
FusionSolar;NE=51758766;PT. MMKI 5.7 MWp - Phase 2;;;3;4;15;27.0;3.0;True;;;from JOIN String (Google Sheet Data Static MMSR)
FusionSolar;NE=51758766;PT. MMKI 5.7 MWp - Phase 2;;;3;4;16;27.0;3.0;True;;;from JOIN String (Google Sheet Data Static MMSR)
FusionSolar;NE=51758766;PT. MMKI 5.7 MWp - Phase 2;;;3;4;17;27.0;3.0;True;;;from JOIN String (Google Sheet Data Static MMSR)
FusionSolar;NE=51758766;PT. MMKI 5.7 MWp - Phase 2;;;3;4;18;0.0;;True;;;from JOIN String (Google Sheet Data Static MMSR)
FusionSolar;NE=51758766;PT. MMKI 5.7 MWp - Phase 2;;;3;5;19;27.0;3.0;True;;;from JOIN String (Google Sheet Data Static MMSR)
FusionSolar;NE=51758766;PT. MMKI 5.7 MWp - Phase 2;;;3;5;20;27.0;3.0;True;;;from JOIN String (Google Sheet Data Static MMSR)
FusionSolar;NE=51758766;PT. MMKI 5.7 MWp - Phase 2;;;3;5;21;27.0;3.0;True;;;from JOIN String (Google Sheet Data Static MMSR)
FusionSolar;NE=51758766;PT. MMKI 5.7 MWp - Phase 2;;;3;5;22;27.0;3.0;True;;;from JOIN String (Google Sheet Data Static MMSR)
FusionSolar;NE=51758766;PT. MMKI 5.7 MWp - Phase 2;;;3;5;23;0.0;;True;;;from JOIN String (Google Sheet Data Static MMSR)
FusionSolar;NE=51758766;PT. MMKI 5.7 MWp - Phase 2;;;3;6;24;27.0;3.0;True;;;from JOIN String (Google Sheet Data Static MMSR)
FusionSolar;NE=51758766;PT. MMKI 5.7 MWp - Phase 2;;;3;6;25;27.0;3.0;True;;;from JOIN String (Google Sheet Data Static MMSR)
FusionSolar;NE=51758766;PT. MMKI 5.7 MWp - Phase 2;;;3;6;26;27.0;3.0;True;;;from JOIN String (Google Sheet Data Static MMSR)
FusionSolar;NE=51758766;PT. MMKI 5.7 MWp - Phase 2;;;3;6;27;27.0;3.0;True;;;from JOIN String (Google Sheet Data Static MMSR)
FusionSolar;NE=51758766;PT. MMKI 5.7 MWp - Phase 2;;;3;6;28;0.0;;True;;;from JOIN String (Google Sheet Data Static MMSR)
FusionSolar;NE=51758766;PT. MMKI 5.7 MWp - Phase 2;;;4;1;1;28.0;1.0;True;;;from JOIN String (Google Sheet Data Static MMSR)
FusionSolar;NE=51758766;PT. MMKI 5.7 MWp - Phase 2;;;4;1;2;28.0;1.0;True;;;from JOIN String (Google Sheet Data Static MMSR)
FusionSolar;NE=51758766;PT. MMKI 5.7 MWp - Phase 2;;;4;1;3;28.0;1.0;True;;;from JOIN String (Google Sheet Data Static MMSR)
FusionSolar;NE=51758766;PT. MMKI 5.7 MWp - Phase 2;;;4;1;4;0.0;;True;;;from JOIN String (Google Sheet Data Static MMSR)
FusionSolar;NE=51758766;PT. MMKI 5.7 MWp - Phase 2;;;4;2;5;27.0;3.0;True;;;from JOIN String (Google Sheet Data Static MMSR)
FusionSolar;NE=51758766;PT. MMKI 5.7 MWp - Phase 2;;;4;2;6;27.0;3.0;True;;;from JOIN String (Google Sheet Data Static MMSR)
FusionSolar;NE=51758766;PT. MMKI 5.7 MWp - Phase 2;;;4;2;7;27.0;3.0;True;;;from JOIN String (Google Sheet Data Static MMSR)
FusionSolar;NE=51758766;PT. MMKI 5.7 MWp - Phase 2;;;4;2;8;27.0;3.0;True;;;from JOIN String (Google Sheet Data Static MMSR)
FusionSolar;NE=51758766;PT. MMKI 5.7 MWp - Phase 2;;;4;2;9;0.0;;True;;;from JOIN String (Google Sheet Data Static MMSR)
FusionSolar;NE=51758766;PT. MMKI 5.7 MWp - Phase 2;;;4;3;10;27.0;3.0;True;;;from JOIN String (Google Sheet Data Static MMSR)
FusionSolar;NE=51758766;PT. MMKI 5.7 MWp - Phase 2;;;4;3;11;27.0;3.0;True;;;from JOIN String (Google Sheet Data Static MMSR)
FusionSolar;NE=51758766;PT. MMKI 5.7 MWp - Phase 2;;;4;3;12;27.0;3.0;True;;;from JOIN String (Google Sheet Data Static MMSR)
FusionSolar;NE=51758766;PT. MMKI 5.7 MWp - Phase 2;;;4;3;13;27.0;3.0;True;;;from JOIN String (Google Sheet Data Static MMSR)
FusionSolar;NE=51758766;PT. MMKI 5.7 MWp - Phase 2;;;4;3;14;0.0;;True;;;from JOIN String (Google Sheet Data Static MMSR)
FusionSolar;NE=51758766;PT. MMKI 5.7 MWp - Phase 2;;;4;4;15;28.0;1.0;True;;;from JOIN String (Google Sheet Data Static MMSR)
FusionSolar;NE=51758766;PT. MMKI 5.7 MWp - Phase 2;;;4;4;16;28.0;1.0;True;;;from JOIN String (Google Sheet Data Static MMSR)
FusionSolar;NE=51758766;PT. MMKI 5.7 MWp - Phase 2;;;4;4;17;28.0;1.0;True;;;from JOIN String (Google Sheet Data Static MMSR)
FusionSolar;NE=51758766;PT. MMKI 5.7 MWp - Phase 2;;;4;4;18;0.0;;True;;;from JOIN String (Google Sheet Data Static MMSR)
FusionSolar;NE=51758766;PT. MMKI 5.7 MWp - Phase 2;;;4;5;19;27.0;3.0;True;;;from JOIN String (Google Sheet Data Static MMSR)
FusionSolar;NE=51758766;PT. MMKI 5.7 MWp - Phase 2;;;4;5;20;27.0;3.0;True;;;from JOIN String (Google Sheet Data Static MMSR)
FusionSolar;NE=51758766;PT. MMKI 5.7 MWp - Phase 2;;;4;5;21;27.0;3.0;True;;;from JOIN String (Google Sheet Data Static MMSR)
FusionSolar;NE=51758766;PT. MMKI 5.7 MWp - Phase 2;;;4;5;22;27.0;3.0;True;;;from JOIN String (Google Sheet Data Static MMSR)
FusionSolar;NE=51758766;PT. MMKI 5.7 MWp - Phase 2;;;4;5;23;0.0;;True;;;from JOIN String (Google Sheet Data Static MMSR)
FusionSolar;NE=51758766;PT. MMKI 5.7 MWp - Phase 2;;;4;6;24;27.0;3.0;True;;;from JOIN String (Google Sheet Data Static MMSR)
FusionSolar;NE=51758766;PT. MMKI 5.7 MWp - Phase 2;;;4;6;25;27.0;3.0;True;;;from JOIN String (Google Sheet Data Static MMSR)
FusionSolar;NE=51758766;PT. MMKI 5.7 MWp - Phase 2;;;4;6;26;27.0;3.0;True;;;from JOIN String (Google Sheet Data Static MMSR)
FusionSolar;NE=51758766;PT. MMKI 5.7 MWp - Phase 2;;;4;6;27;27.0;3.0;True;;;from JOIN String (Google Sheet Data Static MMSR)
FusionSolar;NE=51758766;PT. MMKI 5.7 MWp - Phase 2;;;4;6;28;0.0;;True;;;from JOIN String (Google Sheet Data Static MMSR)
FusionSolar;NE=51758766;PT. MMKI 5.7 MWp - Phase 2;;;5;1;1;28.0;3.0;True;;;from JOIN String (Google Sheet Data Static MMSR)
FusionSolar;NE=51758766;PT. MMKI 5.7 MWp - Phase 2;;;5;1;2;28.0;3.0;True;;;from JOIN String (Google Sheet Data Static MMSR)
FusionSolar;NE=51758766;PT. MMKI 5.7 MWp - Phase 2;;;5;1;3;28.0;3.0;True;;;from JOIN String (Google Sheet Data Static MMSR)
FusionSolar;NE=51758766;PT. MMKI 5.7 MWp - Phase 2;;;5;1;4;0.0;;True;;;from JOIN String (Google Sheet Data Static MMSR)
FusionSolar;NE=51758766;PT. MMKI 5.7 MWp - Phase 2;;;5;2;5;27.0;3.0;True;;;from JOIN String (Google Sheet Data Static MMSR)
FusionSolar;NE=51758766;PT. MMKI 5.7 MWp - Phase 2;;;5;2;6;27.0;3.0;True;;;from JOIN String (Google Sheet Data Static MMSR)
FusionSolar;NE=51758766;PT. MMKI 5.7 MWp - Phase 2;;;5;2;7;27.0;3.0;True;;;from JOIN String (Google Sheet Data Static MMSR)
FusionSolar;NE=51758766;PT. MMKI 5.7 MWp - Phase 2;;;5;2;8;27.0;3.0;True;;;from JOIN String (Google Sheet Data Static MMSR)
FusionSolar;NE=51758766;PT. MMKI 5.7 MWp - Phase 2;;;5;2;9;0.0;;True;;;from JOIN String (Google Sheet Data Static MMSR)
FusionSolar;NE=51758766;PT. MMKI 5.7 MWp - Phase 2;;;5;3;10;27.0;3.0;True;;;from JOIN String (Google Sheet Data Static MMSR)
FusionSolar;NE=51758766;PT. MMKI 5.7 MWp - Phase 2;;;5;3;11;27.0;3.0;True;;;from JOIN String (Google Sheet Data Static MMSR)
FusionSolar;NE=51758766;PT. MMKI 5.7 MWp - Phase 2;;;5;3;12;27.0;3.0;True;;;from JOIN String (Google Sheet Data Static MMSR)
FusionSolar;NE=51758766;PT. MMKI 5.7 MWp - Phase 2;;;5;3;13;27.0;3.0;True;;;from JOIN String (Google Sheet Data Static MMSR)
FusionSolar;NE=51758766;PT. MMKI 5.7 MWp - Phase 2;;;5;3;14;0.0;;True;;;from JOIN String (Google Sheet Data Static MMSR)
FusionSolar;NE=51758766;PT. MMKI 5.7 MWp - Phase 2;;;5;4;15;28.0;3.0;True;;;from JOIN String (Google Sheet Data Static MMSR)
FusionSolar;NE=51758766;PT. MMKI 5.7 MWp - Phase 2;;;5;4;16;28.0;3.0;True;;;from JOIN String (Google Sheet Data Static MMSR)
FusionSolar;NE=51758766;PT. MMKI 5.7 MWp - Phase 2;;;5;4;17;28.0;3.0;True;;;from JOIN String (Google Sheet Data Static MMSR)
FusionSolar;NE=51758766;PT. MMKI 5.7 MWp - Phase 2;;;5;4;18;0.0;;True;;;from JOIN String (Google Sheet Data Static MMSR)
FusionSolar;NE=51758766;PT. MMKI 5.7 MWp - Phase 2;;;5;5;19;27.0;3.0;True;;;from JOIN String (Google Sheet Data Static MMSR)
FusionSolar;NE=51758766;PT. MMKI 5.7 MWp - Phase 2;;;5;5;20;27.0;3.0;True;;;from JOIN String (Google Sheet Data Static MMSR)
FusionSolar;NE=51758766;PT. MMKI 5.7 MWp - Phase 2;;;5;5;21;27.0;3.0;True;;;from JOIN String (Google Sheet Data Static MMSR)
FusionSolar;NE=51758766;PT. MMKI 5.7 MWp - Phase 2;;;5;5;22;27.0;3.0;True;;;from JOIN String (Google Sheet Data Static MMSR)
FusionSolar;NE=51758766;PT. MMKI 5.7 MWp - Phase 2;;;5;5;23;0.0;;True;;;from JOIN String (Google Sheet Data Static MMSR)
FusionSolar;NE=51758766;PT. MMKI 5.7 MWp - Phase 2;;;5;6;24;27.0;3.0;True;;;from JOIN String (Google Sheet Data Static MMSR)
FusionSolar;NE=51758766;PT. MMKI 5.7 MWp - Phase 2;;;5;6;25;27.0;3.0;True;;;from JOIN String (Google Sheet Data Static MMSR)
FusionSolar;NE=51758766;PT. MMKI 5.7 MWp - Phase 2;;;5;6;26;27.0;3.0;True;;;from JOIN String (Google Sheet Data Static MMSR)
FusionSolar;NE=51758766;PT. MMKI 5.7 MWp - Phase 2;;;5;6;27;27.0;3.0;True;;;from JOIN String (Google Sheet Data Static MMSR)
FusionSolar;NE=51758766;PT. MMKI 5.7 MWp - Phase 2;;;5;6;28;0.0;;True;;;from JOIN String (Google Sheet Data Static MMSR)
FusionSolar;NE=51758766;PT. MMKI 5.7 MWp - Phase 2;;;6;1;1;28.0;1.0;True;;;from JOIN String (Google Sheet Data Static MMSR)
FusionSolar;NE=51758766;PT. MMKI 5.7 MWp - Phase 2;;;6;1;2;28.0;1.0;True;;;from JOIN String (Google Sheet Data Static MMSR)
FusionSolar;NE=51758766;PT. MMKI 5.7 MWp - Phase 2;;;6;1;3;28.0;1.0;True;;;from JOIN String (Google Sheet Data Static MMSR)
FusionSolar;NE=51758766;PT. MMKI 5.7 MWp - Phase 2;;;6;1;4;0.0;;True;;;from JOIN String (Google Sheet Data Static MMSR)
FusionSolar;NE=51758766;PT. MMKI 5.7 MWp - Phase 2;;;6;2;5;27.0;3.0;True;;;from JOIN String (Google Sheet Data Static MMSR)
FusionSolar;NE=51758766;PT. MMKI 5.7 MWp - Phase 2;;;6;2;6;27.0;3.0;True;;;from JOIN String (Google Sheet Data Static MMSR)
FusionSolar;NE=51758766;PT. MMKI 5.7 MWp - Phase 2;;;6;2;7;27.0;3.0;True;;;from JOIN String (Google Sheet Data Static MMSR)
FusionSolar;NE=51758766;PT. MMKI 5.7 MWp - Phase 2;;;6;2;8;27.0;3.0;True;;;from JOIN String (Google Sheet Data Static MMSR)
FusionSolar;NE=51758766;PT. MMKI 5.7 MWp - Phase 2;;;6;2;9;0.0;;True;;;from JOIN String (Google Sheet Data Static MMSR)
FusionSolar;NE=51758766;PT. MMKI 5.7 MWp - Phase 2;;;6;3;10;27.0;3.0;True;;;from JOIN String (Google Sheet Data Static MMSR)
FusionSolar;NE=51758766;PT. MMKI 5.7 MWp - Phase 2;;;6;3;11;27.0;3.0;True;;;from JOIN String (Google Sheet Data Static MMSR)
FusionSolar;NE=51758766;PT. MMKI 5.7 MWp - Phase 2;;;6;3;12;27.0;3.0;True;;;from JOIN String (Google Sheet Data Static MMSR)
FusionSolar;NE=51758766;PT. MMKI 5.7 MWp - Phase 2;;;6;3;13;27.0;3.0;True;;;from JOIN String (Google Sheet Data Static MMSR)
FusionSolar;NE=51758766;PT. MMKI 5.7 MWp - Phase 2;;;6;3;14;0.0;;True;;;from JOIN String (Google Sheet Data Static MMSR)
FusionSolar;NE=51758766;PT. MMKI 5.7 MWp - Phase 2;;;6;4;15;28.0;1.0;True;;;from JOIN String (Google Sheet Data Static MMSR)
FusionSolar;NE=51758766;PT. MMKI 5.7 MWp - Phase 2;;;6;4;16;28.0;1.0;True;;;from JOIN String (Google Sheet Data Static MMSR)
FusionSolar;NE=51758766;PT. MMKI 5.7 MWp - Phase 2;;;6;4;17;28.0;1.0;True;;;from JOIN String (Google Sheet Data Static MMSR)
FusionSolar;NE=51758766;PT. MMKI 5.7 MWp - Phase 2;;;6;4;18;0.0;;True;;;from JOIN String (Google Sheet Data Static MMSR)
FusionSolar;NE=51758766;PT. MMKI 5.7 MWp - Phase 2;;;6;5;19;27.0;2.0;True;;;from JOIN String (Google Sheet Data Static MMSR)
FusionSolar;NE=51758766;PT. MMKI 5.7 MWp - Phase 2;;;6;5;20;27.0;2.0;True;;;from JOIN String (Google Sheet Data Static MMSR)
FusionSolar;NE=51758766;PT. MMKI 5.7 MWp - Phase 2;;;6;5;21;27.0;2.0;True;;;from JOIN String (Google Sheet Data Static MMSR)
FusionSolar;NE=51758766;PT. MMKI 5.7 MWp - Phase 2;;;6;5;22;27.0;2.0;True;;;from JOIN String (Google Sheet Data Static MMSR)
FusionSolar;NE=51758766;PT. MMKI 5.7 MWp - Phase 2;;;6;5;23;0.0;;True;;;from JOIN String (Google Sheet Data Static MMSR)
FusionSolar;NE=51758766;PT. MMKI 5.7 MWp - Phase 2;;;6;6;24;27.0;2.0;True;;;from JOIN String (Google Sheet Data Static MMSR)
FusionSolar;NE=51758766;PT. MMKI 5.7 MWp - Phase 2;;;6;6;25;27.0;2.0;True;;;from JOIN String (Google Sheet Data Static MMSR)
FusionSolar;NE=51758766;PT. MMKI 5.7 MWp - Phase 2;;;6;6;26;27.0;2.0;True;;;from JOIN String (Google Sheet Data Static MMSR)
FusionSolar;NE=51758766;PT. MMKI 5.7 MWp - Phase 2;;;6;6;27;27.0;2.0;True;;;from JOIN String (Google Sheet Data Static MMSR)
FusionSolar;NE=51758766;PT. MMKI 5.7 MWp - Phase 2;;;6;6;28;0.0;;True;;;from JOIN String (Google Sheet Data Static MMSR)
FusionSolar;NE=51758766;PT. MMKI 5.7 MWp - Phase 2;;;7;1;1;28.0;1.0;True;;;from JOIN String (Google Sheet Data Static MMSR)
FusionSolar;NE=51758766;PT. MMKI 5.7 MWp - Phase 2;;;7;1;2;28.0;1.0;True;;;from JOIN String (Google Sheet Data Static MMSR)
FusionSolar;NE=51758766;PT. MMKI 5.7 MWp - Phase 2;;;7;1;3;28.0;1.0;True;;;from JOIN String (Google Sheet Data Static MMSR)
FusionSolar;NE=51758766;PT. MMKI 5.7 MWp - Phase 2;;;7;1;4;0.0;;True;;;from JOIN String (Google Sheet Data Static MMSR)
FusionSolar;NE=51758766;PT. MMKI 5.7 MWp - Phase 2;;;7;2;5;27.0;2.0;True;;;from JOIN String (Google Sheet Data Static MMSR)
FusionSolar;NE=51758766;PT. MMKI 5.7 MWp - Phase 2;;;7;2;6;27.0;2.0;True;;;from JOIN String (Google Sheet Data Static MMSR)
FusionSolar;NE=51758766;PT. MMKI 5.7 MWp - Phase 2;;;7;2;7;27.0;2.0;True;;;from JOIN String (Google Sheet Data Static MMSR)
FusionSolar;NE=51758766;PT. MMKI 5.7 MWp - Phase 2;;;7;2;8;27.0;2.0;True;;;from JOIN String (Google Sheet Data Static MMSR)
FusionSolar;NE=51758766;PT. MMKI 5.7 MWp - Phase 2;;;7;2;9;0.0;;True;;;from JOIN String (Google Sheet Data Static MMSR)
FusionSolar;NE=51758766;PT. MMKI 5.7 MWp - Phase 2;;;7;3;10;27.0;2.0;True;;;from JOIN String (Google Sheet Data Static MMSR)
FusionSolar;NE=51758766;PT. MMKI 5.7 MWp - Phase 2;;;7;3;11;27.0;2.0;True;;;from JOIN String (Google Sheet Data Static MMSR)
FusionSolar;NE=51758766;PT. MMKI 5.7 MWp - Phase 2;;;7;3;12;27.0;2.0;True;;;from JOIN String (Google Sheet Data Static MMSR)
FusionSolar;NE=51758766;PT. MMKI 5.7 MWp - Phase 2;;;7;3;13;27.0;2.0;True;;;from JOIN String (Google Sheet Data Static MMSR)
FusionSolar;NE=51758766;PT. MMKI 5.7 MWp - Phase 2;;;7;3;14;0.0;;True;;;from JOIN String (Google Sheet Data Static MMSR)
FusionSolar;NE=51758766;PT. MMKI 5.7 MWp - Phase 2;;;7;4;15;28.0;1.0;True;;;from JOIN String (Google Sheet Data Static MMSR)
FusionSolar;NE=51758766;PT. MMKI 5.7 MWp - Phase 2;;;7;4;16;28.0;1.0;True;;;from JOIN String (Google Sheet Data Static MMSR)
FusionSolar;NE=51758766;PT. MMKI 5.7 MWp - Phase 2;;;7;4;17;28.0;1.0;True;;;from JOIN String (Google Sheet Data Static MMSR)
FusionSolar;NE=51758766;PT. MMKI 5.7 MWp - Phase 2;;;7;4;18;0.0;;True;;;from JOIN String (Google Sheet Data Static MMSR)
FusionSolar;NE=51758766;PT. MMKI 5.7 MWp - Phase 2;;;7;5;19;27.0;2.0;True;;;from JOIN String (Google Sheet Data Static MMSR)
FusionSolar;NE=51758766;PT. MMKI 5.7 MWp - Phase 2;;;7;5;20;27.0;2.0;True;;;from JOIN String (Google Sheet Data Static MMSR)
FusionSolar;NE=51758766;PT. MMKI 5.7 MWp - Phase 2;;;7;5;21;27.0;2.0;True;;;from JOIN String (Google Sheet Data Static MMSR)
FusionSolar;NE=51758766;PT. MMKI 5.7 MWp - Phase 2;;;7;5;22;27.0;2.0;True;;;from JOIN String (Google Sheet Data Static MMSR)
FusionSolar;NE=51758766;PT. MMKI 5.7 MWp - Phase 2;;;7;5;23;0.0;;True;;;from JOIN String (Google Sheet Data Static MMSR)
FusionSolar;NE=51758766;PT. MMKI 5.7 MWp - Phase 2;;;7;6;24;27.0;2.0;True;;;from JOIN String (Google Sheet Data Static MMSR)
FusionSolar;NE=51758766;PT. MMKI 5.7 MWp - Phase 2;;;7;6;25;27.0;2.0;True;;;from JOIN String (Google Sheet Data Static MMSR)
FusionSolar;NE=51758766;PT. MMKI 5.7 MWp - Phase 2;;;7;6;26;27.0;2.0;True;;;from JOIN String (Google Sheet Data Static MMSR)
FusionSolar;NE=51758766;PT. MMKI 5.7 MWp - Phase 2;;;7;6;27;27.0;2.0;True;;;from JOIN String (Google Sheet Data Static MMSR)
FusionSolar;NE=51758766;PT. MMKI 5.7 MWp - Phase 2;;;7;6;28;0.0;;True;;;from JOIN String (Google Sheet Data Static MMSR)
FusionSolar;NE=51758766;PT. MMKI 5.7 MWp - Phase 2;;;8;1;1;28.0;1.0;True;;;from JOIN String (Google Sheet Data Static MMSR)
FusionSolar;NE=51758766;PT. MMKI 5.7 MWp - Phase 2;;;8;1;2;28.0;1.0;True;;;from JOIN String (Google Sheet Data Static MMSR)
FusionSolar;NE=51758766;PT. MMKI 5.7 MWp - Phase 2;;;8;1;3;28.0;1.0;True;;;from JOIN String (Google Sheet Data Static MMSR)
FusionSolar;NE=51758766;PT. MMKI 5.7 MWp - Phase 2;;;8;1;4;0.0;;True;;;from JOIN String (Google Sheet Data Static MMSR)
FusionSolar;NE=51758766;PT. MMKI 5.7 MWp - Phase 2;;;8;2;5;27.0;2.0;True;;;from JOIN String (Google Sheet Data Static MMSR)
FusionSolar;NE=51758766;PT. MMKI 5.7 MWp - Phase 2;;;8;2;6;27.0;2.0;True;;;from JOIN String (Google Sheet Data Static MMSR)
FusionSolar;NE=51758766;PT. MMKI 5.7 MWp - Phase 2;;;8;2;7;27.0;2.0;True;;;from JOIN String (Google Sheet Data Static MMSR)
FusionSolar;NE=51758766;PT. MMKI 5.7 MWp - Phase 2;;;8;2;8;27.0;2.0;True;;;from JOIN String (Google Sheet Data Static MMSR)
FusionSolar;NE=51758766;PT. MMKI 5.7 MWp - Phase 2;;;8;2;9;0.0;;True;;;from JOIN String (Google Sheet Data Static MMSR)
FusionSolar;NE=51758766;PT. MMKI 5.7 MWp - Phase 2;;;8;3;10;27.0;2.0;True;;;from JOIN String (Google Sheet Data Static MMSR)
FusionSolar;NE=51758766;PT. MMKI 5.7 MWp - Phase 2;;;8;3;11;27.0;2.0;True;;;from JOIN String (Google Sheet Data Static MMSR)
FusionSolar;NE=51758766;PT. MMKI 5.7 MWp - Phase 2;;;8;3;12;27.0;2.0;True;;;from JOIN String (Google Sheet Data Static MMSR)
FusionSolar;NE=51758766;PT. MMKI 5.7 MWp - Phase 2;;;8;3;13;27.0;2.0;True;;;from JOIN String (Google Sheet Data Static MMSR)
FusionSolar;NE=51758766;PT. MMKI 5.7 MWp - Phase 2;;;8;3;14;0.0;;True;;;from JOIN String (Google Sheet Data Static MMSR)
FusionSolar;NE=51758766;PT. MMKI 5.7 MWp - Phase 2;;;8;4;15;28.0;1.0;True;;;from JOIN String (Google Sheet Data Static MMSR)
FusionSolar;NE=51758766;PT. MMKI 5.7 MWp - Phase 2;;;8;4;16;28.0;1.0;True;;;from JOIN String (Google Sheet Data Static MMSR)
FusionSolar;NE=51758766;PT. MMKI 5.7 MWp - Phase 2;;;8;4;17;0.0;;True;;;from JOIN String (Google Sheet Data Static MMSR)
FusionSolar;NE=51758766;PT. MMKI 5.7 MWp - Phase 2;;;8;4;18;0.0;;True;;;from JOIN String (Google Sheet Data Static MMSR)
FusionSolar;NE=51758766;PT. MMKI 5.7 MWp - Phase 2;;;8;5;19;27.0;2.0;True;;;from JOIN String (Google Sheet Data Static MMSR)
FusionSolar;NE=51758766;PT. MMKI 5.7 MWp - Phase 2;;;8;5;20;27.0;2.0;True;;;from JOIN String (Google Sheet Data Static MMSR)
FusionSolar;NE=51758766;PT. MMKI 5.7 MWp - Phase 2;;;8;5;21;27.0;2.0;True;;;from JOIN String (Google Sheet Data Static MMSR)
FusionSolar;NE=51758766;PT. MMKI 5.7 MWp - Phase 2;;;8;5;22;27.0;2.0;True;;;from JOIN String (Google Sheet Data Static MMSR)
FusionSolar;NE=51758766;PT. MMKI 5.7 MWp - Phase 2;;;8;5;23;0.0;;True;;;from JOIN String (Google Sheet Data Static MMSR)
FusionSolar;NE=51758766;PT. MMKI 5.7 MWp - Phase 2;;;8;6;24;27.0;2.0;True;;;from JOIN String (Google Sheet Data Static MMSR)
FusionSolar;NE=51758766;PT. MMKI 5.7 MWp - Phase 2;;;8;6;25;27.0;2.0;True;;;from JOIN String (Google Sheet Data Static MMSR)
FusionSolar;NE=51758766;PT. MMKI 5.7 MWp - Phase 2;;;8;6;26;27.0;2.0;True;;;from JOIN String (Google Sheet Data Static MMSR)
FusionSolar;NE=51758766;PT. MMKI 5.7 MWp - Phase 2;;;8;6;27;27.0;2.0;True;;;from JOIN String (Google Sheet Data Static MMSR)
FusionSolar;NE=51758766;PT. MMKI 5.7 MWp - Phase 2;;;8;6;28;0.0;;True;;;from JOIN String (Google Sheet Data Static MMSR)
FusionSolar;NE=51758766;PT. MMKI 5.7 MWp - Phase 2;;;9;1;1;28.0;1.0;True;;;from JOIN String (Google Sheet Data Static MMSR)
FusionSolar;NE=51758766;PT. MMKI 5.7 MWp - Phase 2;;;9;1;2;28.0;1.0;True;;;from JOIN String (Google Sheet Data Static MMSR)
FusionSolar;NE=51758766;PT. MMKI 5.7 MWp - Phase 2;;;9;1;3;28.0;1.0;True;;;from JOIN String (Google Sheet Data Static MMSR)
FusionSolar;NE=51758766;PT. MMKI 5.7 MWp - Phase 2;;;9;1;4;0.0;;True;;;from JOIN String (Google Sheet Data Static MMSR)
FusionSolar;NE=51758766;PT. MMKI 5.7 MWp - Phase 2;;;9;2;5;27.0;2.0;True;;;from JOIN String (Google Sheet Data Static MMSR)
FusionSolar;NE=51758766;PT. MMKI 5.7 MWp - Phase 2;;;9;2;6;27.0;2.0;True;;;from JOIN String (Google Sheet Data Static MMSR)
FusionSolar;NE=51758766;PT. MMKI 5.7 MWp - Phase 2;;;9;2;7;27.0;2.0;True;;;from JOIN String (Google Sheet Data Static MMSR)
FusionSolar;NE=51758766;PT. MMKI 5.7 MWp - Phase 2;;;9;2;8;27.0;2.0;True;;;from JOIN String (Google Sheet Data Static MMSR)
FusionSolar;NE=51758766;PT. MMKI 5.7 MWp - Phase 2;;;9;2;9;0.0;;True;;;from JOIN String (Google Sheet Data Static MMSR)
FusionSolar;NE=51758766;PT. MMKI 5.7 MWp - Phase 2;;;9;3;10;27.0;2.0;True;;;from JOIN String (Google Sheet Data Static MMSR)
FusionSolar;NE=51758766;PT. MMKI 5.7 MWp - Phase 2;;;9;3;11;27.0;2.0;True;;;from JOIN String (Google Sheet Data Static MMSR)
FusionSolar;NE=51758766;PT. MMKI 5.7 MWp - Phase 2;;;9;3;12;27.0;2.0;True;;;from JOIN String (Google Sheet Data Static MMSR)
FusionSolar;NE=51758766;PT. MMKI 5.7 MWp - Phase 2;;;9;3;13;27.0;2.0;True;;;from JOIN String (Google Sheet Data Static MMSR)
FusionSolar;NE=51758766;PT. MMKI 5.7 MWp - Phase 2;;;9;3;14;0.0;;True;;;from JOIN String (Google Sheet Data Static MMSR)
FusionSolar;NE=51758766;PT. MMKI 5.7 MWp - Phase 2;;;9;4;15;28.0;1.0;True;;;from JOIN String (Google Sheet Data Static MMSR)
FusionSolar;NE=51758766;PT. MMKI 5.7 MWp - Phase 2;;;9;4;16;28.0;1.0;True;;;from JOIN String (Google Sheet Data Static MMSR)
FusionSolar;NE=51758766;PT. MMKI 5.7 MWp - Phase 2;;;9;4;17;0.0;;True;;;from JOIN String (Google Sheet Data Static MMSR)
FusionSolar;NE=51758766;PT. MMKI 5.7 MWp - Phase 2;;;9;4;18;0.0;;True;;;from JOIN String (Google Sheet Data Static MMSR)
FusionSolar;NE=51758766;PT. MMKI 5.7 MWp - Phase 2;;;9;5;19;27.0;2.0;True;;;from JOIN String (Google Sheet Data Static MMSR)
FusionSolar;NE=51758766;PT. MMKI 5.7 MWp - Phase 2;;;9;5;20;27.0;2.0;True;;;from JOIN String (Google Sheet Data Static MMSR)
FusionSolar;NE=51758766;PT. MMKI 5.7 MWp - Phase 2;;;9;5;21;27.0;2.0;True;;;from JOIN String (Google Sheet Data Static MMSR)
FusionSolar;NE=51758766;PT. MMKI 5.7 MWp - Phase 2;;;9;5;22;27.0;2.0;True;;;from JOIN String (Google Sheet Data Static MMSR)
FusionSolar;NE=51758766;PT. MMKI 5.7 MWp - Phase 2;;;9;5;23;0.0;;True;;;from JOIN String (Google Sheet Data Static MMSR)
FusionSolar;NE=51758766;PT. MMKI 5.7 MWp - Phase 2;;;9;6;24;27.0;2.0;True;;;from JOIN String (Google Sheet Data Static MMSR)
FusionSolar;NE=51758766;PT. MMKI 5.7 MWp - Phase 2;;;9;6;25;27.0;2.0;True;;;from JOIN String (Google Sheet Data Static MMSR)
FusionSolar;NE=51758766;PT. MMKI 5.7 MWp - Phase 2;;;9;6;26;27.0;2.0;True;;;from JOIN String (Google Sheet Data Static MMSR)
FusionSolar;NE=51758766;PT. MMKI 5.7 MWp - Phase 2;;;9;6;27;27.0;2.0;True;;;from JOIN String (Google Sheet Data Static MMSR)
FusionSolar;NE=51758766;PT. MMKI 5.7 MWp - Phase 2;;;9;6;28;0.0;;True;;;from JOIN String (Google Sheet Data Static MMSR)
FusionSolar;NE=51758766;PT. MMKI 5.7 MWp - Phase 2;;;10;1;1;28.0;1.0;True;;;from JOIN String (Google Sheet Data Static MMSR)
FusionSolar;NE=51758766;PT. MMKI 5.7 MWp - Phase 2;;;10;1;2;28.0;1.0;True;;;from JOIN String (Google Sheet Data Static MMSR)
FusionSolar;NE=51758766;PT. MMKI 5.7 MWp - Phase 2;;;10;1;3;28.0;1.0;True;;;from JOIN String (Google Sheet Data Static MMSR)
FusionSolar;NE=51758766;PT. MMKI 5.7 MWp - Phase 2;;;10;1;4;0.0;;True;;;from JOIN String (Google Sheet Data Static MMSR)
FusionSolar;NE=51758766;PT. MMKI 5.7 MWp - Phase 2;;;10;2;5;27.0;2.0;True;;;from JOIN String (Google Sheet Data Static MMSR)
FusionSolar;NE=51758766;PT. MMKI 5.7 MWp - Phase 2;;;10;2;6;27.0;2.0;True;;;from JOIN String (Google Sheet Data Static MMSR)
FusionSolar;NE=51758766;PT. MMKI 5.7 MWp - Phase 2;;;10;2;7;27.0;2.0;True;;;from JOIN String (Google Sheet Data Static MMSR)
FusionSolar;NE=51758766;PT. MMKI 5.7 MWp - Phase 2;;;10;2;8;27.0;2.0;True;;;from JOIN String (Google Sheet Data Static MMSR)
FusionSolar;NE=51758766;PT. MMKI 5.7 MWp - Phase 2;;;10;2;9;0.0;;True;;;from JOIN String (Google Sheet Data Static MMSR)
FusionSolar;NE=51758766;PT. MMKI 5.7 MWp - Phase 2;;;10;3;10;27.0;2.0;True;;;from JOIN String (Google Sheet Data Static MMSR)
FusionSolar;NE=51758766;PT. MMKI 5.7 MWp - Phase 2;;;10;3;11;27.0;2.0;True;;;from JOIN String (Google Sheet Data Static MMSR)
FusionSolar;NE=51758766;PT. MMKI 5.7 MWp - Phase 2;;;10;3;12;27.0;2.0;True;;;from JOIN String (Google Sheet Data Static MMSR)
FusionSolar;NE=51758766;PT. MMKI 5.7 MWp - Phase 2;;;10;3;13;27.0;2.0;True;;;from JOIN String (Google Sheet Data Static MMSR)
FusionSolar;NE=51758766;PT. MMKI 5.7 MWp - Phase 2;;;10;3;14;0.0;;True;;;from JOIN String (Google Sheet Data Static MMSR)
FusionSolar;NE=51758766;PT. MMKI 5.7 MWp - Phase 2;;;10;4;15;28.0;1.0;True;;;from JOIN String (Google Sheet Data Static MMSR)
FusionSolar;NE=51758766;PT. MMKI 5.7 MWp - Phase 2;;;10;4;16;28.0;1.0;True;;;from JOIN String (Google Sheet Data Static MMSR)
FusionSolar;NE=51758766;PT. MMKI 5.7 MWp - Phase 2;;;10;4;17;0.0;;True;;;from JOIN String (Google Sheet Data Static MMSR)
FusionSolar;NE=51758766;PT. MMKI 5.7 MWp - Phase 2;;;10;4;18;0.0;;True;;;from JOIN String (Google Sheet Data Static MMSR)
FusionSolar;NE=51758766;PT. MMKI 5.7 MWp - Phase 2;;;10;5;19;27.0;2.0;True;;;from JOIN String (Google Sheet Data Static MMSR)
FusionSolar;NE=51758766;PT. MMKI 5.7 MWp - Phase 2;;;10;5;20;27.0;2.0;True;;;from JOIN String (Google Sheet Data Static MMSR)
FusionSolar;NE=51758766;PT. MMKI 5.7 MWp - Phase 2;;;10;5;21;27.0;2.0;True;;;from JOIN String (Google Sheet Data Static MMSR)
FusionSolar;NE=51758766;PT. MMKI 5.7 MWp - Phase 2;;;10;5;22;0.0;;True;;;from JOIN String (Google Sheet Data Static MMSR)
FusionSolar;NE=51758766;PT. MMKI 5.7 MWp - Phase 2;;;10;5;23;0.0;;True;;;from JOIN String (Google Sheet Data Static MMSR)
FusionSolar;NE=51758766;PT. MMKI 5.7 MWp - Phase 2;;;10;6;24;27.0;2.0;True;;;from JOIN String (Google Sheet Data Static MMSR)
FusionSolar;NE=51758766;PT. MMKI 5.7 MWp - Phase 2;;;10;6;25;27.0;2.0;True;;;from JOIN String (Google Sheet Data Static MMSR)
FusionSolar;NE=51758766;PT. MMKI 5.7 MWp - Phase 2;;;10;6;26;27.0;2.0;True;;;from JOIN String (Google Sheet Data Static MMSR)
FusionSolar;NE=51758766;PT. MMKI 5.7 MWp - Phase 2;;;10;6;27;27.0;2.0;True;;;from JOIN String (Google Sheet Data Static MMSR)
FusionSolar;NE=51758766;PT. MMKI 5.7 MWp - Phase 2;;;10;6;28;27.0;2.0;True;;;from JOIN String (Google Sheet Data Static MMSR)
FusionSolar;NE=51758766;PT. MMKI 5.7 MWp - Phase 2;;;11;1;1;24.0;4.0;True;;;from JOIN String (Google Sheet Data Static MMSR)
FusionSolar;NE=51758766;PT. MMKI 5.7 MWp - Phase 2;;;11;1;2;24.0;4.0;True;;;from JOIN String (Google Sheet Data Static MMSR)
FusionSolar;NE=51758766;PT. MMKI 5.7 MWp - Phase 2;;;11;1;3;0.0;;True;;;from JOIN String (Google Sheet Data Static MMSR)
FusionSolar;NE=51758766;PT. MMKI 5.7 MWp - Phase 2;;;11;1;4;0.0;;True;;;from JOIN String (Google Sheet Data Static MMSR)
FusionSolar;NE=51758766;PT. MMKI 5.7 MWp - Phase 2;;;11;2;5;28.0;4.0;True;;;from JOIN String (Google Sheet Data Static MMSR)
FusionSolar;NE=51758766;PT. MMKI 5.7 MWp - Phase 2;;;11;2;6;28.0;4.0;True;;;from JOIN String (Google Sheet Data Static MMSR)
FusionSolar;NE=51758766;PT. MMKI 5.7 MWp - Phase 2;;;11;2;7;28.0;4.0;True;;;from JOIN String (Google Sheet Data Static MMSR)
FusionSolar;NE=51758766;PT. MMKI 5.7 MWp - Phase 2;;;11;2;8;0.0;;True;;;from JOIN String (Google Sheet Data Static MMSR)
FusionSolar;NE=51758766;PT. MMKI 5.7 MWp - Phase 2;;;11;2;9;0.0;;True;;;from JOIN String (Google Sheet Data Static MMSR)
FusionSolar;NE=51758766;PT. MMKI 5.7 MWp - Phase 2;;;11;3;10;28.0;4.0;True;;;from JOIN String (Google Sheet Data Static MMSR)
FusionSolar;NE=51758766;PT. MMKI 5.7 MWp - Phase 2;;;11;3;11;28.0;4.0;True;;;from JOIN String (Google Sheet Data Static MMSR)
FusionSolar;NE=51758766;PT. MMKI 5.7 MWp - Phase 2;;;11;3;12;28.0;4.0;True;;;from JOIN String (Google Sheet Data Static MMSR)
FusionSolar;NE=51758766;PT. MMKI 5.7 MWp - Phase 2;;;11;3;13;28.0;4.0;True;;;from JOIN String (Google Sheet Data Static MMSR)
FusionSolar;NE=51758766;PT. MMKI 5.7 MWp - Phase 2;;;11;3;14;0.0;;True;;;from JOIN String (Google Sheet Data Static MMSR)
FusionSolar;NE=51758766;PT. MMKI 5.7 MWp - Phase 2;;;11;4;15;28.0;4.0;True;;;from JOIN String (Google Sheet Data Static MMSR)
FusionSolar;NE=51758766;PT. MMKI 5.7 MWp - Phase 2;;;11;4;16;28.0;4.0;True;;;from JOIN String (Google Sheet Data Static MMSR)
FusionSolar;NE=51758766;PT. MMKI 5.7 MWp - Phase 2;;;11;4;17;28.0;4.0;True;;;from JOIN String (Google Sheet Data Static MMSR)
FusionSolar;NE=51758766;PT. MMKI 5.7 MWp - Phase 2;;;11;4;18;28.0;4.0;True;;;from JOIN String (Google Sheet Data Static MMSR)
FusionSolar;NE=51758766;PT. MMKI 5.7 MWp - Phase 2;;;11;5;19;28.0;4.0;True;;;from JOIN String (Google Sheet Data Static MMSR)
FusionSolar;NE=51758766;PT. MMKI 5.7 MWp - Phase 2;;;11;5;20;28.0;4.0;True;;;from JOIN String (Google Sheet Data Static MMSR)
FusionSolar;NE=51758766;PT. MMKI 5.7 MWp - Phase 2;;;11;5;21;28.0;4.0;True;;;from JOIN String (Google Sheet Data Static MMSR)
FusionSolar;NE=51758766;PT. MMKI 5.7 MWp - Phase 2;;;11;5;22;28.0;4.0;True;;;from JOIN String (Google Sheet Data Static MMSR)
FusionSolar;NE=51758766;PT. MMKI 5.7 MWp - Phase 2;;;11;5;23;0.0;;True;;;from JOIN String (Google Sheet Data Static MMSR)
FusionSolar;NE=51758766;PT. MMKI 5.7 MWp - Phase 2;;;11;6;24;28.0;4.0;True;;;from JOIN String (Google Sheet Data Static MMSR)
FusionSolar;NE=51758766;PT. MMKI 5.7 MWp - Phase 2;;;11;6;25;28.0;4.0;True;;;from JOIN String (Google Sheet Data Static MMSR)
FusionSolar;NE=51758766;PT. MMKI 5.7 MWp - Phase 2;;;11;6;26;28.0;4.0;True;;;from JOIN String (Google Sheet Data Static MMSR)
FusionSolar;NE=51758766;PT. MMKI 5.7 MWp - Phase 2;;;11;6;27;28.0;4.0;True;;;from JOIN String (Google Sheet Data Static MMSR)
FusionSolar;NE=51758766;PT. MMKI 5.7 MWp - Phase 2;;;11;6;28;0.0;;True;;;from JOIN String (Google Sheet Data Static MMSR)
FusionSolar;NE=51758766;PT. MMKI 5.7 MWp - Phase 2;;;12;1;1;26.0;4.0;True;;;from JOIN String (Google Sheet Data Static MMSR)
FusionSolar;NE=51758766;PT. MMKI 5.7 MWp - Phase 2;;;12;1;2;0.0;;True;;;from JOIN String (Google Sheet Data Static MMSR)
FusionSolar;NE=51758766;PT. MMKI 5.7 MWp - Phase 2;;;12;1;3;0.0;;True;;;from JOIN String (Google Sheet Data Static MMSR)
FusionSolar;NE=51758766;PT. MMKI 5.7 MWp - Phase 2;;;12;1;4;0.0;;True;;;from JOIN String (Google Sheet Data Static MMSR)
FusionSolar;NE=51758766;PT. MMKI 5.7 MWp - Phase 2;;;12;2;5;28.0;4.0;True;;;from JOIN String (Google Sheet Data Static MMSR)
FusionSolar;NE=51758766;PT. MMKI 5.7 MWp - Phase 2;;;12;2;6;28.0;4.0;True;;;from JOIN String (Google Sheet Data Static MMSR)
FusionSolar;NE=51758766;PT. MMKI 5.7 MWp - Phase 2;;;12;2;7;28.0;4.0;True;;;from JOIN String (Google Sheet Data Static MMSR)
FusionSolar;NE=51758766;PT. MMKI 5.7 MWp - Phase 2;;;12;2;8;28.0;4.0;True;;;from JOIN String (Google Sheet Data Static MMSR)
FusionSolar;NE=51758766;PT. MMKI 5.7 MWp - Phase 2;;;12;2;9;0.0;;True;;;from JOIN String (Google Sheet Data Static MMSR)
FusionSolar;NE=51758766;PT. MMKI 5.7 MWp - Phase 2;;;12;3;10;28.0;4.0;True;;;from JOIN String (Google Sheet Data Static MMSR)
FusionSolar;NE=51758766;PT. MMKI 5.7 MWp - Phase 2;;;12;3;11;28.0;4.0;True;;;from JOIN String (Google Sheet Data Static MMSR)
FusionSolar;NE=51758766;PT. MMKI 5.7 MWp - Phase 2;;;12;3;12;28.0;4.0;True;;;from JOIN String (Google Sheet Data Static MMSR)
FusionSolar;NE=51758766;PT. MMKI 5.7 MWp - Phase 2;;;12;3;13;28.0;4.0;True;;;from JOIN String (Google Sheet Data Static MMSR)
FusionSolar;NE=51758766;PT. MMKI 5.7 MWp - Phase 2;;;12;3;14;0.0;;True;;;from JOIN String (Google Sheet Data Static MMSR)
FusionSolar;NE=51758766;PT. MMKI 5.7 MWp - Phase 2;;;12;4;15;28.0;4.0;True;;;from JOIN String (Google Sheet Data Static MMSR)
FusionSolar;NE=51758766;PT. MMKI 5.7 MWp - Phase 2;;;12;4;16;28.0;4.0;True;;;from JOIN String (Google Sheet Data Static MMSR)
FusionSolar;NE=51758766;PT. MMKI 5.7 MWp - Phase 2;;;12;4;17;28.0;4.0;True;;;from JOIN String (Google Sheet Data Static MMSR)
FusionSolar;NE=51758766;PT. MMKI 5.7 MWp - Phase 2;;;12;4;18;28.0;4.0;True;;;from JOIN String (Google Sheet Data Static MMSR)
FusionSolar;NE=51758766;PT. MMKI 5.7 MWp - Phase 2;;;12;5;19;28.0;4.0;True;;;from JOIN String (Google Sheet Data Static MMSR)
FusionSolar;NE=51758766;PT. MMKI 5.7 MWp - Phase 2;;;12;5;20;28.0;4.0;True;;;from JOIN String (Google Sheet Data Static MMSR)
FusionSolar;NE=51758766;PT. MMKI 5.7 MWp - Phase 2;;;12;5;21;28.0;4.0;True;;;from JOIN String (Google Sheet Data Static MMSR)
FusionSolar;NE=51758766;PT. MMKI 5.7 MWp - Phase 2;;;12;5;22;28.0;4.0;True;;;from JOIN String (Google Sheet Data Static MMSR)
FusionSolar;NE=51758766;PT. MMKI 5.7 MWp - Phase 2;;;12;5;23;0.0;;True;;;from JOIN String (Google Sheet Data Static MMSR)
FusionSolar;NE=51758766;PT. MMKI 5.7 MWp - Phase 2;;;12;6;24;28.0;4.0;True;;;from JOIN String (Google Sheet Data Static MMSR)
FusionSolar;NE=51758766;PT. MMKI 5.7 MWp - Phase 2;;;12;6;25;28.0;4.0;True;;;from JOIN String (Google Sheet Data Static MMSR)
FusionSolar;NE=51758766;PT. MMKI 5.7 MWp - Phase 2;;;12;6;26;28.0;4.0;True;;;from JOIN String (Google Sheet Data Static MMSR)
FusionSolar;NE=51758766;PT. MMKI 5.7 MWp - Phase 2;;;12;6;27;28.0;4.0;True;;;from JOIN String (Google Sheet Data Static MMSR)
FusionSolar;NE=51758766;PT. MMKI 5.7 MWp - Phase 2;;;12;6;28;0.0;;True;;;from JOIN String (Google Sheet Data Static MMSR)
FusionSolar;NE=51758766;PT. MMKI 5.7 MWp - Phase 2;;;13;1;1;28.0;4.0;True;;;from JOIN String (Google Sheet Data Static MMSR)
FusionSolar;NE=51758766;PT. MMKI 5.7 MWp - Phase 2;;;13;1;2;28.0;4.0;True;;;from JOIN String (Google Sheet Data Static MMSR)
FusionSolar;NE=51758766;PT. MMKI 5.7 MWp - Phase 2;;;13;1;3;28.0;4.0;True;;;from JOIN String (Google Sheet Data Static MMSR)
FusionSolar;NE=51758766;PT. MMKI 5.7 MWp - Phase 2;;;13;1;4;0.0;;True;;;from JOIN String (Google Sheet Data Static MMSR)
FusionSolar;NE=51758766;PT. MMKI 5.7 MWp - Phase 2;;;13;2;5;28.0;4.0;True;;;from JOIN String (Google Sheet Data Static MMSR)
FusionSolar;NE=51758766;PT. MMKI 5.7 MWp - Phase 2;;;13;2;6;28.0;4.0;True;;;from JOIN String (Google Sheet Data Static MMSR)
FusionSolar;NE=51758766;PT. MMKI 5.7 MWp - Phase 2;;;13;2;7;28.0;4.0;True;;;from JOIN String (Google Sheet Data Static MMSR)
FusionSolar;NE=51758766;PT. MMKI 5.7 MWp - Phase 2;;;13;2;8;0.0;;True;;;from JOIN String (Google Sheet Data Static MMSR)
FusionSolar;NE=51758766;PT. MMKI 5.7 MWp - Phase 2;;;13;2;9;0.0;;True;;;from JOIN String (Google Sheet Data Static MMSR)
FusionSolar;NE=51758766;PT. MMKI 5.7 MWp - Phase 2;;;13;3;10;28.0;4.0;True;;;from JOIN String (Google Sheet Data Static MMSR)
FusionSolar;NE=51758766;PT. MMKI 5.7 MWp - Phase 2;;;13;3;11;28.0;4.0;True;;;from JOIN String (Google Sheet Data Static MMSR)
FusionSolar;NE=51758766;PT. MMKI 5.7 MWp - Phase 2;;;13;3;12;28.0;4.0;True;;;from JOIN String (Google Sheet Data Static MMSR)
FusionSolar;NE=51758766;PT. MMKI 5.7 MWp - Phase 2;;;13;3;13;28.0;4.0;True;;;from JOIN String (Google Sheet Data Static MMSR)
FusionSolar;NE=51758766;PT. MMKI 5.7 MWp - Phase 2;;;13;3;14;0.0;;True;;;from JOIN String (Google Sheet Data Static MMSR)
FusionSolar;NE=51758766;PT. MMKI 5.7 MWp - Phase 2;;;13;4;15;28.0;4.0;True;;;from JOIN String (Google Sheet Data Static MMSR)
FusionSolar;NE=51758766;PT. MMKI 5.7 MWp - Phase 2;;;13;4;16;28.0;4.0;True;;;from JOIN String (Google Sheet Data Static MMSR)
FusionSolar;NE=51758766;PT. MMKI 5.7 MWp - Phase 2;;;13;4;17;28.0;4.0;True;;;from JOIN String (Google Sheet Data Static MMSR)
FusionSolar;NE=51758766;PT. MMKI 5.7 MWp - Phase 2;;;13;4;18;0.0;;True;;;from JOIN String (Google Sheet Data Static MMSR)
FusionSolar;NE=51758766;PT. MMKI 5.7 MWp - Phase 2;;;13;5;19;28.0;4.0;True;;;from JOIN String (Google Sheet Data Static MMSR)
FusionSolar;NE=51758766;PT. MMKI 5.7 MWp - Phase 2;;;13;5;20;28.0;4.0;True;;;from JOIN String (Google Sheet Data Static MMSR)
FusionSolar;NE=51758766;PT. MMKI 5.7 MWp - Phase 2;;;13;5;21;28.0;4.0;True;;;from JOIN String (Google Sheet Data Static MMSR)
FusionSolar;NE=51758766;PT. MMKI 5.7 MWp - Phase 2;;;13;5;22;28.0;4.0;True;;;from JOIN String (Google Sheet Data Static MMSR)
FusionSolar;NE=51758766;PT. MMKI 5.7 MWp - Phase 2;;;13;5;23;0.0;;True;;;from JOIN String (Google Sheet Data Static MMSR)
FusionSolar;NE=51758766;PT. MMKI 5.7 MWp - Phase 2;;;13;6;24;28.0;4.0;True;;;from JOIN String (Google Sheet Data Static MMSR)
FusionSolar;NE=51758766;PT. MMKI 5.7 MWp - Phase 2;;;13;6;25;28.0;4.0;True;;;from JOIN String (Google Sheet Data Static MMSR)
FusionSolar;NE=51758766;PT. MMKI 5.7 MWp - Phase 2;;;13;6;26;28.0;4.0;True;;;from JOIN String (Google Sheet Data Static MMSR)
FusionSolar;NE=51758766;PT. MMKI 5.7 MWp - Phase 2;;;13;6;27;28.0;4.0;True;;;from JOIN String (Google Sheet Data Static MMSR)
FusionSolar;NE=51758766;PT. MMKI 5.7 MWp - Phase 2;;;13;6;28;0.0;;True;;;from JOIN String (Google Sheet Data Static MMSR)
FusionSolar;NE=51758766;PT. MMKI 5.7 MWp - Phase 2;;;14;1;1;24.0;5.0;True;;;from JOIN String (Google Sheet Data Static MMSR)
FusionSolar;NE=51758766;PT. MMKI 5.7 MWp - Phase 2;;;14;1;2;0.0;;True;;;from JOIN String (Google Sheet Data Static MMSR)
FusionSolar;NE=51758766;PT. MMKI 5.7 MWp - Phase 2;;;14;1;3;0.0;;True;;;from JOIN String (Google Sheet Data Static MMSR)
FusionSolar;NE=51758766;PT. MMKI 5.7 MWp - Phase 2;;;14;1;4;0.0;;True;;;from JOIN String (Google Sheet Data Static MMSR)
FusionSolar;NE=51758766;PT. MMKI 5.7 MWp - Phase 2;;;14;2;5;27.0;5.0;True;;;from JOIN String (Google Sheet Data Static MMSR)
FusionSolar;NE=51758766;PT. MMKI 5.7 MWp - Phase 2;;;14;2;6;27.0;5.0;True;;;from JOIN String (Google Sheet Data Static MMSR)
FusionSolar;NE=51758766;PT. MMKI 5.7 MWp - Phase 2;;;14;2;7;27.0;5.0;True;;;from JOIN String (Google Sheet Data Static MMSR)
FusionSolar;NE=51758766;PT. MMKI 5.7 MWp - Phase 2;;;14;2;8;27.0;5.0;True;;;from JOIN String (Google Sheet Data Static MMSR)
FusionSolar;NE=51758766;PT. MMKI 5.7 MWp - Phase 2;;;14;2;9;27.0;5.0;True;;;from JOIN String (Google Sheet Data Static MMSR)
FusionSolar;NE=51758766;PT. MMKI 5.7 MWp - Phase 2;;;14;3;10;27.0;5.0;True;;;from JOIN String (Google Sheet Data Static MMSR)
FusionSolar;NE=51758766;PT. MMKI 5.7 MWp - Phase 2;;;14;3;11;27.0;5.0;True;;;from JOIN String (Google Sheet Data Static MMSR)
FusionSolar;NE=51758766;PT. MMKI 5.7 MWp - Phase 2;;;14;3;12;27.0;5.0;True;;;from JOIN String (Google Sheet Data Static MMSR)
FusionSolar;NE=51758766;PT. MMKI 5.7 MWp - Phase 2;;;14;3;13;27.0;5.0;True;;;from JOIN String (Google Sheet Data Static MMSR)
FusionSolar;NE=51758766;PT. MMKI 5.7 MWp - Phase 2;;;14;3;14;27.0;5.0;True;;;from JOIN String (Google Sheet Data Static MMSR)
FusionSolar;NE=51758766;PT. MMKI 5.7 MWp - Phase 2;;;14;4;15;27.0;5.0;True;;;from JOIN String (Google Sheet Data Static MMSR)
FusionSolar;NE=51758766;PT. MMKI 5.7 MWp - Phase 2;;;14;4;16;27.0;5.0;True;;;from JOIN String (Google Sheet Data Static MMSR)
FusionSolar;NE=51758766;PT. MMKI 5.7 MWp - Phase 2;;;14;4;17;27.0;5.0;True;;;from JOIN String (Google Sheet Data Static MMSR)
FusionSolar;NE=51758766;PT. MMKI 5.7 MWp - Phase 2;;;14;4;18;27.0;5.0;True;;;from JOIN String (Google Sheet Data Static MMSR)
FusionSolar;NE=51758766;PT. MMKI 5.7 MWp - Phase 2;;;14;5;19;27.0;5.0;True;;;from JOIN String (Google Sheet Data Static MMSR)
FusionSolar;NE=51758766;PT. MMKI 5.7 MWp - Phase 2;;;14;5;20;27.0;5.0;True;;;from JOIN String (Google Sheet Data Static MMSR)
FusionSolar;NE=51758766;PT. MMKI 5.7 MWp - Phase 2;;;14;5;21;27.0;5.0;True;;;from JOIN String (Google Sheet Data Static MMSR)
FusionSolar;NE=51758766;PT. MMKI 5.7 MWp - Phase 2;;;14;5;22;27.0;5.0;True;;;from JOIN String (Google Sheet Data Static MMSR)
FusionSolar;NE=51758766;PT. MMKI 5.7 MWp - Phase 2;;;14;5;23;27.0;5.0;True;;;from JOIN String (Google Sheet Data Static MMSR)
FusionSolar;NE=51758766;PT. MMKI 5.7 MWp - Phase 2;;;14;6;24;27.0;5.0;True;;;from JOIN String (Google Sheet Data Static MMSR)
FusionSolar;NE=51758766;PT. MMKI 5.7 MWp - Phase 2;;;14;6;25;27.0;5.0;True;;;from JOIN String (Google Sheet Data Static MMSR)
FusionSolar;NE=51758766;PT. MMKI 5.7 MWp - Phase 2;;;14;6;26;27.0;5.0;True;;;from JOIN String (Google Sheet Data Static MMSR)
FusionSolar;NE=51758766;PT. MMKI 5.7 MWp - Phase 2;;;14;6;27;27.0;5.0;True;;;from JOIN String (Google Sheet Data Static MMSR)
FusionSolar;NE=51758766;PT. MMKI 5.7 MWp - Phase 2;;;14;6;28;27.0;5.0;True;;;from JOIN String (Google Sheet Data Static MMSR)
FusionSolar;NE=51758766;PT. MMKI 5.7 MWp - Phase 2;;;15;1;1;26.0;5.0;True;;;from JOIN String (Google Sheet Data Static MMSR)
FusionSolar;NE=51758766;PT. MMKI 5.7 MWp - Phase 2;;;15;1;2;0.0;;True;;;from JOIN String (Google Sheet Data Static MMSR)
FusionSolar;NE=51758766;PT. MMKI 5.7 MWp - Phase 2;;;15;1;3;0.0;;True;;;from JOIN String (Google Sheet Data Static MMSR)
FusionSolar;NE=51758766;PT. MMKI 5.7 MWp - Phase 2;;;15;1;4;0.0;;True;;;from JOIN String (Google Sheet Data Static MMSR)
FusionSolar;NE=51758766;PT. MMKI 5.7 MWp - Phase 2;;;15;2;5;27.0;5.0;True;;;from JOIN String (Google Sheet Data Static MMSR)
FusionSolar;NE=51758766;PT. MMKI 5.7 MWp - Phase 2;;;15;2;6;27.0;5.0;True;;;from JOIN String (Google Sheet Data Static MMSR)
FusionSolar;NE=51758766;PT. MMKI 5.7 MWp - Phase 2;;;15;2;7;27.0;5.0;True;;;from JOIN String (Google Sheet Data Static MMSR)
FusionSolar;NE=51758766;PT. MMKI 5.7 MWp - Phase 2;;;15;2;8;27.0;5.0;True;;;from JOIN String (Google Sheet Data Static MMSR)
FusionSolar;NE=51758766;PT. MMKI 5.7 MWp - Phase 2;;;15;2;9;27.0;5.0;True;;;from JOIN String (Google Sheet Data Static MMSR)
FusionSolar;NE=51758766;PT. MMKI 5.7 MWp - Phase 2;;;15;3;10;27.0;5.0;True;;;from JOIN String (Google Sheet Data Static MMSR)
FusionSolar;NE=51758766;PT. MMKI 5.7 MWp - Phase 2;;;15;3;11;27.0;5.0;True;;;from JOIN String (Google Sheet Data Static MMSR)
FusionSolar;NE=51758766;PT. MMKI 5.7 MWp - Phase 2;;;15;3;12;27.0;5.0;True;;;from JOIN String (Google Sheet Data Static MMSR)
FusionSolar;NE=51758766;PT. MMKI 5.7 MWp - Phase 2;;;15;3;13;27.0;5.0;True;;;from JOIN String (Google Sheet Data Static MMSR)
FusionSolar;NE=51758766;PT. MMKI 5.7 MWp - Phase 2;;;15;3;14;27.0;5.0;True;;;from JOIN String (Google Sheet Data Static MMSR)
FusionSolar;NE=51758766;PT. MMKI 5.7 MWp - Phase 2;;;15;4;15;27.0;5.0;True;;;from JOIN String (Google Sheet Data Static MMSR)
FusionSolar;NE=51758766;PT. MMKI 5.7 MWp - Phase 2;;;15;4;16;27.0;5.0;True;;;from JOIN String (Google Sheet Data Static MMSR)
FusionSolar;NE=51758766;PT. MMKI 5.7 MWp - Phase 2;;;15;4;17;27.0;5.0;True;;;from JOIN String (Google Sheet Data Static MMSR)
FusionSolar;NE=51758766;PT. MMKI 5.7 MWp - Phase 2;;;15;4;18;27.0;5.0;True;;;from JOIN String (Google Sheet Data Static MMSR)
FusionSolar;NE=51758766;PT. MMKI 5.7 MWp - Phase 2;;;15;5;19;27.0;5.0;True;;;from JOIN String (Google Sheet Data Static MMSR)
FusionSolar;NE=51758766;PT. MMKI 5.7 MWp - Phase 2;;;15;5;20;27.0;5.0;True;;;from JOIN String (Google Sheet Data Static MMSR)
FusionSolar;NE=51758766;PT. MMKI 5.7 MWp - Phase 2;;;15;5;21;27.0;5.0;True;;;from JOIN String (Google Sheet Data Static MMSR)
FusionSolar;NE=51758766;PT. MMKI 5.7 MWp - Phase 2;;;15;5;22;27.0;5.0;True;;;from JOIN String (Google Sheet Data Static MMSR)
FusionSolar;NE=51758766;PT. MMKI 5.7 MWp - Phase 2;;;15;5;23;27.0;5.0;True;;;from JOIN String (Google Sheet Data Static MMSR)
FusionSolar;NE=51758766;PT. MMKI 5.7 MWp - Phase 2;;;15;6;24;27.0;5.0;True;;;from JOIN String (Google Sheet Data Static MMSR)
FusionSolar;NE=51758766;PT. MMKI 5.7 MWp - Phase 2;;;15;6;25;27.0;5.0;True;;;from JOIN String (Google Sheet Data Static MMSR)
FusionSolar;NE=51758766;PT. MMKI 5.7 MWp - Phase 2;;;15;6;26;27.0;5.0;True;;;from JOIN String (Google Sheet Data Static MMSR)
FusionSolar;NE=51758766;PT. MMKI 5.7 MWp - Phase 2;;;15;6;27;27.0;5.0;True;;;from JOIN String (Google Sheet Data Static MMSR)
FusionSolar;NE=51758766;PT. MMKI 5.7 MWp - Phase 2;;;15;6;28;27.0;5.0;True;;;from JOIN String (Google Sheet Data Static MMSR)
FusionSolar;NE=51758766;PT. MMKI 5.7 MWp - Phase 2;;;16;1;1;27.0;5.0;True;;;from JOIN String (Google Sheet Data Static MMSR)
FusionSolar;NE=51758766;PT. MMKI 5.7 MWp - Phase 2;;;16;1;2;27.0;5.0;True;;;from JOIN String (Google Sheet Data Static MMSR)
FusionSolar;NE=51758766;PT. MMKI 5.7 MWp - Phase 2;;;16;1;3;27.0;5.0;True;;;from JOIN String (Google Sheet Data Static MMSR)
FusionSolar;NE=51758766;PT. MMKI 5.7 MWp - Phase 2;;;16;1;4;27.0;5.0;True;;;from JOIN String (Google Sheet Data Static MMSR)
FusionSolar;NE=51758766;PT. MMKI 5.7 MWp - Phase 2;;;16;2;5;27.0;5.0;True;;;from JOIN String (Google Sheet Data Static MMSR)
FusionSolar;NE=51758766;PT. MMKI 5.7 MWp - Phase 2;;;16;2;6;27.0;5.0;True;;;from JOIN String (Google Sheet Data Static MMSR)
FusionSolar;NE=51758766;PT. MMKI 5.7 MWp - Phase 2;;;16;2;7;27.0;5.0;True;;;from JOIN String (Google Sheet Data Static MMSR)
FusionSolar;NE=51758766;PT. MMKI 5.7 MWp - Phase 2;;;16;2;8;27.0;5.0;True;;;from JOIN String (Google Sheet Data Static MMSR)
FusionSolar;NE=51758766;PT. MMKI 5.7 MWp - Phase 2;;;16;2;9;0.0;;True;;;from JOIN String (Google Sheet Data Static MMSR)
FusionSolar;NE=51758766;PT. MMKI 5.7 MWp - Phase 2;;;16;3;10;27.0;5.0;True;;;from JOIN String (Google Sheet Data Static MMSR)
FusionSolar;NE=51758766;PT. MMKI 5.7 MWp - Phase 2;;;16;3;11;27.0;5.0;True;;;from JOIN String (Google Sheet Data Static MMSR)
FusionSolar;NE=51758766;PT. MMKI 5.7 MWp - Phase 2;;;16;3;12;27.0;5.0;True;;;from JOIN String (Google Sheet Data Static MMSR)
FusionSolar;NE=51758766;PT. MMKI 5.7 MWp - Phase 2;;;16;3;13;27.0;5.0;True;;;from JOIN String (Google Sheet Data Static MMSR)
FusionSolar;NE=51758766;PT. MMKI 5.7 MWp - Phase 2;;;16;3;14;0.0;;True;;;from JOIN String (Google Sheet Data Static MMSR)
FusionSolar;NE=51758766;PT. MMKI 5.7 MWp - Phase 2;;;16;4;15;27.0;5.0;True;;;from JOIN String (Google Sheet Data Static MMSR)
FusionSolar;NE=51758766;PT. MMKI 5.7 MWp - Phase 2;;;16;4;16;27.0;5.0;True;;;from JOIN String (Google Sheet Data Static MMSR)
FusionSolar;NE=51758766;PT. MMKI 5.7 MWp - Phase 2;;;16;4;17;27.0;5.0;True;;;from JOIN String (Google Sheet Data Static MMSR)
FusionSolar;NE=51758766;PT. MMKI 5.7 MWp - Phase 2;;;16;4;18;27.0;5.0;True;;;from JOIN String (Google Sheet Data Static MMSR)
FusionSolar;NE=51758766;PT. MMKI 5.7 MWp - Phase 2;;;16;5;19;27.0;5.0;True;;;from JOIN String (Google Sheet Data Static MMSR)
FusionSolar;NE=51758766;PT. MMKI 5.7 MWp - Phase 2;;;16;5;20;27.0;5.0;True;;;from JOIN String (Google Sheet Data Static MMSR)
FusionSolar;NE=51758766;PT. MMKI 5.7 MWp - Phase 2;;;16;5;21;27.0;5.0;True;;;from JOIN String (Google Sheet Data Static MMSR)
FusionSolar;NE=51758766;PT. MMKI 5.7 MWp - Phase 2;;;16;5;22;27.0;5.0;True;;;from JOIN String (Google Sheet Data Static MMSR)
FusionSolar;NE=51758766;PT. MMKI 5.7 MWp - Phase 2;;;16;5;23;0.0;;True;;;from JOIN String (Google Sheet Data Static MMSR)
FusionSolar;NE=51758766;PT. MMKI 5.7 MWp - Phase 2;;;16;6;24;27.0;5.0;True;;;from JOIN String (Google Sheet Data Static MMSR)
FusionSolar;NE=51758766;PT. MMKI 5.7 MWp - Phase 2;;;16;6;25;27.0;5.0;True;;;from JOIN String (Google Sheet Data Static MMSR)
FusionSolar;NE=51758766;PT. MMKI 5.7 MWp - Phase 2;;;16;6;26;27.0;5.0;True;;;from JOIN String (Google Sheet Data Static MMSR)
FusionSolar;NE=51758766;PT. MMKI 5.7 MWp - Phase 2;;;16;6;27;27.0;5.0;True;;;from JOIN String (Google Sheet Data Static MMSR)
FusionSolar;NE=51758766;PT. MMKI 5.7 MWp - Phase 2;;;16;6;28;0.0;;True;;;from JOIN String (Google Sheet Data Static MMSR)
FusionSolar;NE=51758766;PT. MMKI 5.7 MWp - Phase 2;;;17;1;1;28.0;5.0;True;;;from JOIN String (Google Sheet Data Static MMSR)
FusionSolar;NE=51758766;PT. MMKI 5.7 MWp - Phase 2;;;17;1;2;28.0;5.0;True;;;from JOIN String (Google Sheet Data Static MMSR)
FusionSolar;NE=51758766;PT. MMKI 5.7 MWp - Phase 2;;;17;1;3;28.0;5.0;True;;;from JOIN String (Google Sheet Data Static MMSR)
FusionSolar;NE=51758766;PT. MMKI 5.7 MWp - Phase 2;;;17;1;4;0.0;;True;;;from JOIN String (Google Sheet Data Static MMSR)
FusionSolar;NE=51758766;PT. MMKI 5.7 MWp - Phase 2;;;17;2;5;0.0;;True;;;from JOIN String (Google Sheet Data Static MMSR)
FusionSolar;NE=51758766;PT. MMKI 5.7 MWp - Phase 2;;;17;2;6;27.0;5.0;True;;;from JOIN String (Google Sheet Data Static MMSR)
FusionSolar;NE=51758766;PT. MMKI 5.7 MWp - Phase 2;;;17;2;7;27.0;5.0;True;;;from JOIN String (Google Sheet Data Static MMSR)
FusionSolar;NE=51758766;PT. MMKI 5.7 MWp - Phase 2;;;17;2;8;27.0;5.0;True;;;from JOIN String (Google Sheet Data Static MMSR)
FusionSolar;NE=51758766;PT. MMKI 5.7 MWp - Phase 2;;;17;2;9;27.0;5.0;True;;;from JOIN String (Google Sheet Data Static MMSR)
FusionSolar;NE=51758766;PT. MMKI 5.7 MWp - Phase 2;;;17;3;10;27.0;5.0;True;;;from JOIN String (Google Sheet Data Static MMSR)
FusionSolar;NE=51758766;PT. MMKI 5.7 MWp - Phase 2;;;17;3;11;27.0;5.0;True;;;from JOIN String (Google Sheet Data Static MMSR)
FusionSolar;NE=51758766;PT. MMKI 5.7 MWp - Phase 2;;;17;3;12;27.0;5.0;True;;;from JOIN String (Google Sheet Data Static MMSR)
FusionSolar;NE=51758766;PT. MMKI 5.7 MWp - Phase 2;;;17;3;13;27.0;5.0;True;;;from JOIN String (Google Sheet Data Static MMSR)
FusionSolar;NE=51758766;PT. MMKI 5.7 MWp - Phase 2;;;17;3;14;0.0;;True;;;from JOIN String (Google Sheet Data Static MMSR)
FusionSolar;NE=51758766;PT. MMKI 5.7 MWp - Phase 2;;;17;4;15;27.0;5.0;True;;;from JOIN String (Google Sheet Data Static MMSR)
FusionSolar;NE=51758766;PT. MMKI 5.7 MWp - Phase 2;;;17;4;16;27.0;5.0;True;;;from JOIN String (Google Sheet Data Static MMSR)
FusionSolar;NE=51758766;PT. MMKI 5.7 MWp - Phase 2;;;17;4;17;27.0;5.0;True;;;from JOIN String (Google Sheet Data Static MMSR)
FusionSolar;NE=51758766;PT. MMKI 5.7 MWp - Phase 2;;;17;4;18;27.0;5.0;True;;;from JOIN String (Google Sheet Data Static MMSR)
FusionSolar;NE=51758766;PT. MMKI 5.7 MWp - Phase 2;;;17;5;19;27.0;5.0;True;;;from JOIN String (Google Sheet Data Static MMSR)
FusionSolar;NE=51758766;PT. MMKI 5.7 MWp - Phase 2;;;17;5;20;27.0;5.0;True;;;from JOIN String (Google Sheet Data Static MMSR)
FusionSolar;NE=51758766;PT. MMKI 5.7 MWp - Phase 2;;;17;5;21;27.0;5.0;True;;;from JOIN String (Google Sheet Data Static MMSR)
FusionSolar;NE=51758766;PT. MMKI 5.7 MWp - Phase 2;;;17;5;22;27.0;5.0;True;;;from JOIN String (Google Sheet Data Static MMSR)
FusionSolar;NE=51758766;PT. MMKI 5.7 MWp - Phase 2;;;17;5;23;27.0;5.0;True;;;from JOIN String (Google Sheet Data Static MMSR)
FusionSolar;NE=51758766;PT. MMKI 5.7 MWp - Phase 2;;;17;6;24;27.0;5.0;True;;;from JOIN String (Google Sheet Data Static MMSR)
FusionSolar;NE=51758766;PT. MMKI 5.7 MWp - Phase 2;;;17;6;25;27.0;5.0;True;;;from JOIN String (Google Sheet Data Static MMSR)
FusionSolar;NE=51758766;PT. MMKI 5.7 MWp - Phase 2;;;17;6;26;27.0;5.0;True;;;from JOIN String (Google Sheet Data Static MMSR)
FusionSolar;NE=51758766;PT. MMKI 5.7 MWp - Phase 2;;;17;6;27;27.0;5.0;True;;;from JOIN String (Google Sheet Data Static MMSR)
FusionSolar;NE=51758766;PT. MMKI 5.7 MWp - Phase 2;;;17;6;28;0.0;;True;;;from JOIN String (Google Sheet Data Static MMSR)
FusionSolar;NE=54435794;PT. Pusan Manis Mulia 2.06 MWp - Tangerang;;;1;1;1;16.0;3.0;True;;;from JOIN String (Google Sheet Data Static MMSR)
FusionSolar;NE=54435794;PT. Pusan Manis Mulia 2.06 MWp - Tangerang;;;1;1;2;16.0;3.0;True;;;from JOIN String (Google Sheet Data Static MMSR)
FusionSolar;NE=54435794;PT. Pusan Manis Mulia 2.06 MWp - Tangerang;;;1;2;3;16.0;3.0;True;;;from JOIN String (Google Sheet Data Static MMSR)
FusionSolar;NE=54435794;PT. Pusan Manis Mulia 2.06 MWp - Tangerang;;;1;2;4;16.0;3.0;True;;;from JOIN String (Google Sheet Data Static MMSR)
FusionSolar;NE=54435794;PT. Pusan Manis Mulia 2.06 MWp - Tangerang;;;1;3;5;16.0;3.0;True;;;from JOIN String (Google Sheet Data Static MMSR)
FusionSolar;NE=54435794;PT. Pusan Manis Mulia 2.06 MWp - Tangerang;;;1;3;6;16.0;3.0;True;;;from JOIN String (Google Sheet Data Static MMSR)
FusionSolar;NE=54435794;PT. Pusan Manis Mulia 2.06 MWp - Tangerang;;;1;4;7;16.0;1.0;True;;;from JOIN String (Google Sheet Data Static MMSR)
FusionSolar;NE=54435794;PT. Pusan Manis Mulia 2.06 MWp - Tangerang;;;1;4;8;16.0;1.0;True;;;from JOIN String (Google Sheet Data Static MMSR)
FusionSolar;NE=54435794;PT. Pusan Manis Mulia 2.06 MWp - Tangerang;;;1;5;9;16.0;3.0;True;;;from JOIN String (Google Sheet Data Static MMSR)
FusionSolar;NE=54435794;PT. Pusan Manis Mulia 2.06 MWp - Tangerang;;;1;5;10;0.0;;True;;;from JOIN String (Google Sheet Data Static MMSR)
FusionSolar;NE=54435794;PT. Pusan Manis Mulia 2.06 MWp - Tangerang;;;1;6;11;18.0;3.0;True;;;from JOIN String (Google Sheet Data Static MMSR)
FusionSolar;NE=54435794;PT. Pusan Manis Mulia 2.06 MWp - Tangerang;;;1;6;12;18.0;3.0;True;;;from JOIN String (Google Sheet Data Static MMSR)
FusionSolar;NE=54435794;PT. Pusan Manis Mulia 2.06 MWp - Tangerang;;;1;7;13;18.0;3.0;True;;;from JOIN String (Google Sheet Data Static MMSR)
FusionSolar;NE=54435794;PT. Pusan Manis Mulia 2.06 MWp - Tangerang;;;1;7;14;0.0;;True;;;from JOIN String (Google Sheet Data Static MMSR)
FusionSolar;NE=54435794;PT. Pusan Manis Mulia 2.06 MWp - Tangerang;;;1;8;15;18.0;3.0;True;;;from JOIN String (Google Sheet Data Static MMSR)
FusionSolar;NE=54435794;PT. Pusan Manis Mulia 2.06 MWp - Tangerang;;;1;8;16;0.0;;True;;;from JOIN String (Google Sheet Data Static MMSR)
FusionSolar;NE=54435794;PT. Pusan Manis Mulia 2.06 MWp - Tangerang;;;1;9;17;18.0;3.0;True;;;from JOIN String (Google Sheet Data Static MMSR)
FusionSolar;NE=54435794;PT. Pusan Manis Mulia 2.06 MWp - Tangerang;;;1;9;18;0.0;;True;;;from JOIN String (Google Sheet Data Static MMSR)
FusionSolar;NE=54435794;PT. Pusan Manis Mulia 2.06 MWp - Tangerang;;;1;10;19;18.0;3.0;True;;;from JOIN String (Google Sheet Data Static MMSR)
FusionSolar;NE=54435794;PT. Pusan Manis Mulia 2.06 MWp - Tangerang;;;1;10;20;0.0;;True;;;from JOIN String (Google Sheet Data Static MMSR)
FusionSolar;NE=54435794;PT. Pusan Manis Mulia 2.06 MWp - Tangerang;;;2;1;1;16.0;1.0;True;;;from JOIN String (Google Sheet Data Static MMSR)
FusionSolar;NE=54435794;PT. Pusan Manis Mulia 2.06 MWp - Tangerang;;;2;1;2;16.0;1.0;True;;;from JOIN String (Google Sheet Data Static MMSR)
FusionSolar;NE=54435794;PT. Pusan Manis Mulia 2.06 MWp - Tangerang;;;2;2;3;16.0;1.0;True;;;from JOIN String (Google Sheet Data Static MMSR)
FusionSolar;NE=54435794;PT. Pusan Manis Mulia 2.06 MWp - Tangerang;;;2;2;4;16.0;1.0;True;;;from JOIN String (Google Sheet Data Static MMSR)
FusionSolar;NE=54435794;PT. Pusan Manis Mulia 2.06 MWp - Tangerang;;;2;3;5;16.0;1.0;True;;;from JOIN String (Google Sheet Data Static MMSR)
FusionSolar;NE=54435794;PT. Pusan Manis Mulia 2.06 MWp - Tangerang;;;2;3;6;16.0;1.0;True;;;from JOIN String (Google Sheet Data Static MMSR)
FusionSolar;NE=54435794;PT. Pusan Manis Mulia 2.06 MWp - Tangerang;;;2;4;7;16.0;1.0;True;;;from JOIN String (Google Sheet Data Static MMSR)
FusionSolar;NE=54435794;PT. Pusan Manis Mulia 2.06 MWp - Tangerang;;;2;4;8;16.0;1.0;True;;;from JOIN String (Google Sheet Data Static MMSR)
FusionSolar;NE=54435794;PT. Pusan Manis Mulia 2.06 MWp - Tangerang;;;2;5;9;16.0;2.0;True;;;from JOIN String (Google Sheet Data Static MMSR)
FusionSolar;NE=54435794;PT. Pusan Manis Mulia 2.06 MWp - Tangerang;;;2;5;10;0.0;;True;;;from JOIN String (Google Sheet Data Static MMSR)
FusionSolar;NE=54435794;PT. Pusan Manis Mulia 2.06 MWp - Tangerang;;;2;6;11;18.0;3.0;True;;;from JOIN String (Google Sheet Data Static MMSR)
FusionSolar;NE=54435794;PT. Pusan Manis Mulia 2.06 MWp - Tangerang;;;2;6;12;18.0;3.0;True;;;from JOIN String (Google Sheet Data Static MMSR)
FusionSolar;NE=54435794;PT. Pusan Manis Mulia 2.06 MWp - Tangerang;;;2;7;13;18.0;3.0;True;;;from JOIN String (Google Sheet Data Static MMSR)
FusionSolar;NE=54435794;PT. Pusan Manis Mulia 2.06 MWp - Tangerang;;;2;7;14;0.0;;True;;;from JOIN String (Google Sheet Data Static MMSR)
FusionSolar;NE=54435794;PT. Pusan Manis Mulia 2.06 MWp - Tangerang;;;2;8;15;18.0;3.0;True;;;from JOIN String (Google Sheet Data Static MMSR)
FusionSolar;NE=54435794;PT. Pusan Manis Mulia 2.06 MWp - Tangerang;;;2;8;16;0.0;;True;;;from JOIN String (Google Sheet Data Static MMSR)
FusionSolar;NE=54435794;PT. Pusan Manis Mulia 2.06 MWp - Tangerang;;;2;9;17;18.0;3.0;True;;;from JOIN String (Google Sheet Data Static MMSR)
FusionSolar;NE=54435794;PT. Pusan Manis Mulia 2.06 MWp - Tangerang;;;2;9;18;0.0;;True;;;from JOIN String (Google Sheet Data Static MMSR)
FusionSolar;NE=54435794;PT. Pusan Manis Mulia 2.06 MWp - Tangerang;;;2;10;19;18.0;3.0;True;;;from JOIN String (Google Sheet Data Static MMSR)
FusionSolar;NE=54435794;PT. Pusan Manis Mulia 2.06 MWp - Tangerang;;;2;10;20;0.0;;True;;;from JOIN String (Google Sheet Data Static MMSR)
FusionSolar;NE=54435794;PT. Pusan Manis Mulia 2.06 MWp - Tangerang;;;3;1;1;16.0;2.0;True;;;from JOIN String (Google Sheet Data Static MMSR)
FusionSolar;NE=54435794;PT. Pusan Manis Mulia 2.06 MWp - Tangerang;;;3;1;2;16.0;2.0;True;;;from JOIN String (Google Sheet Data Static MMSR)
FusionSolar;NE=54435794;PT. Pusan Manis Mulia 2.06 MWp - Tangerang;;;3;2;3;16.0;2.0;True;;;from JOIN String (Google Sheet Data Static MMSR)
FusionSolar;NE=54435794;PT. Pusan Manis Mulia 2.06 MWp - Tangerang;;;3;2;4;16.0;2.0;True;;;from JOIN String (Google Sheet Data Static MMSR)
FusionSolar;NE=54435794;PT. Pusan Manis Mulia 2.06 MWp - Tangerang;;;3;3;5;16.0;2.0;True;;;from JOIN String (Google Sheet Data Static MMSR)
FusionSolar;NE=54435794;PT. Pusan Manis Mulia 2.06 MWp - Tangerang;;;3;3;6;16.0;2.0;True;;;from JOIN String (Google Sheet Data Static MMSR)
FusionSolar;NE=54435794;PT. Pusan Manis Mulia 2.06 MWp - Tangerang;;;3;4;7;16.0;2.0;True;;;from JOIN String (Google Sheet Data Static MMSR)
FusionSolar;NE=54435794;PT. Pusan Manis Mulia 2.06 MWp - Tangerang;;;3;4;8;16.0;2.0;True;;;from JOIN String (Google Sheet Data Static MMSR)
FusionSolar;NE=54435794;PT. Pusan Manis Mulia 2.06 MWp - Tangerang;;;3;5;9;16.0;2.0;True;;;from JOIN String (Google Sheet Data Static MMSR)
FusionSolar;NE=54435794;PT. Pusan Manis Mulia 2.06 MWp - Tangerang;;;3;5;10;0.0;;True;;;from JOIN String (Google Sheet Data Static MMSR)
FusionSolar;NE=54435794;PT. Pusan Manis Mulia 2.06 MWp - Tangerang;;;3;6;11;18.0;3.0;True;;;from JOIN String (Google Sheet Data Static MMSR)
FusionSolar;NE=54435794;PT. Pusan Manis Mulia 2.06 MWp - Tangerang;;;3;6;12;18.0;3.0;True;;;from JOIN String (Google Sheet Data Static MMSR)
FusionSolar;NE=54435794;PT. Pusan Manis Mulia 2.06 MWp - Tangerang;;;3;7;13;18.0;3.0;True;;;from JOIN String (Google Sheet Data Static MMSR)
FusionSolar;NE=54435794;PT. Pusan Manis Mulia 2.06 MWp - Tangerang;;;3;7;14;0.0;;True;;;from JOIN String (Google Sheet Data Static MMSR)
FusionSolar;NE=54435794;PT. Pusan Manis Mulia 2.06 MWp - Tangerang;;;3;8;15;18.0;3.0;True;;;from JOIN String (Google Sheet Data Static MMSR)
FusionSolar;NE=54435794;PT. Pusan Manis Mulia 2.06 MWp - Tangerang;;;3;8;16;0.0;;True;;;from JOIN String (Google Sheet Data Static MMSR)
FusionSolar;NE=54435794;PT. Pusan Manis Mulia 2.06 MWp - Tangerang;;;3;9;17;18.0;3.0;True;;;from JOIN String (Google Sheet Data Static MMSR)
FusionSolar;NE=54435794;PT. Pusan Manis Mulia 2.06 MWp - Tangerang;;;3;9;18;0.0;;True;;;from JOIN String (Google Sheet Data Static MMSR)
FusionSolar;NE=54435794;PT. Pusan Manis Mulia 2.06 MWp - Tangerang;;;3;10;19;18.0;3.0;True;;;from JOIN String (Google Sheet Data Static MMSR)
FusionSolar;NE=54435794;PT. Pusan Manis Mulia 2.06 MWp - Tangerang;;;3;10;20;0.0;;True;;;from JOIN String (Google Sheet Data Static MMSR)
FusionSolar;NE=54435794;PT. Pusan Manis Mulia 2.06 MWp - Tangerang;;;4;1;1;16.0;2.0;True;;;from JOIN String (Google Sheet Data Static MMSR)
FusionSolar;NE=54435794;PT. Pusan Manis Mulia 2.06 MWp - Tangerang;;;4;1;2;16.0;2.0;True;;;from JOIN String (Google Sheet Data Static MMSR)
FusionSolar;NE=54435794;PT. Pusan Manis Mulia 2.06 MWp - Tangerang;;;4;2;3;0.0;2.0;True;;;from JOIN String (Google Sheet Data Static MMSR)
FusionSolar;NE=54435794;PT. Pusan Manis Mulia 2.06 MWp - Tangerang;;;4;2;4;16.0;2.0;True;;;from JOIN String (Google Sheet Data Static MMSR)
FusionSolar;NE=54435794;PT. Pusan Manis Mulia 2.06 MWp - Tangerang;;;4;3;5;16.0;2.0;True;;;from JOIN String (Google Sheet Data Static MMSR)
FusionSolar;NE=54435794;PT. Pusan Manis Mulia 2.06 MWp - Tangerang;;;4;3;6;16.0;2.0;True;;;from JOIN String (Google Sheet Data Static MMSR)
FusionSolar;NE=54435794;PT. Pusan Manis Mulia 2.06 MWp - Tangerang;;;4;4;7;16.0;2.0;True;;;from JOIN String (Google Sheet Data Static MMSR)
FusionSolar;NE=54435794;PT. Pusan Manis Mulia 2.06 MWp - Tangerang;;;4;4;8;16.0;2.0;True;;;from JOIN String (Google Sheet Data Static MMSR)
FusionSolar;NE=54435794;PT. Pusan Manis Mulia 2.06 MWp - Tangerang;;;4;5;9;16.0;2.0;True;;;from JOIN String (Google Sheet Data Static MMSR)
FusionSolar;NE=54435794;PT. Pusan Manis Mulia 2.06 MWp - Tangerang;;;4;5;10;16.0;;True;;;from JOIN String (Google Sheet Data Static MMSR)
FusionSolar;NE=54435794;PT. Pusan Manis Mulia 2.06 MWp - Tangerang;;;4;6;11;18.0;4.0;True;;;from JOIN String (Google Sheet Data Static MMSR)
FusionSolar;NE=54435794;PT. Pusan Manis Mulia 2.06 MWp - Tangerang;;;4;6;12;18.0;4.0;True;;;from JOIN String (Google Sheet Data Static MMSR)
FusionSolar;NE=54435794;PT. Pusan Manis Mulia 2.06 MWp - Tangerang;;;4;7;13;18.0;4.0;True;;;from JOIN String (Google Sheet Data Static MMSR)
FusionSolar;NE=54435794;PT. Pusan Manis Mulia 2.06 MWp - Tangerang;;;4;7;14;0.0;;True;;;from JOIN String (Google Sheet Data Static MMSR)
FusionSolar;NE=54435794;PT. Pusan Manis Mulia 2.06 MWp - Tangerang;;;4;8;15;18.0;4.0;True;;;from JOIN String (Google Sheet Data Static MMSR)
FusionSolar;NE=54435794;PT. Pusan Manis Mulia 2.06 MWp - Tangerang;;;4;8;16;0.0;;True;;;from JOIN String (Google Sheet Data Static MMSR)
FusionSolar;NE=54435794;PT. Pusan Manis Mulia 2.06 MWp - Tangerang;;;4;9;17;18.0;4.0;True;;;from JOIN String (Google Sheet Data Static MMSR)
FusionSolar;NE=54435794;PT. Pusan Manis Mulia 2.06 MWp - Tangerang;;;4;9;18;0.0;;True;;;from JOIN String (Google Sheet Data Static MMSR)
FusionSolar;NE=54435794;PT. Pusan Manis Mulia 2.06 MWp - Tangerang;;;4;10;19;18.0;4.0;True;;;from JOIN String (Google Sheet Data Static MMSR)
FusionSolar;NE=54435794;PT. Pusan Manis Mulia 2.06 MWp - Tangerang;;;4;10;20;0.0;;True;;;from JOIN String (Google Sheet Data Static MMSR)
FusionSolar;NE=54435794;PT. Pusan Manis Mulia 2.06 MWp - Tangerang;;;5;1;1;16.0;2.0;True;;;from JOIN String (Google Sheet Data Static MMSR)
FusionSolar;NE=54435794;PT. Pusan Manis Mulia 2.06 MWp - Tangerang;;;5;1;2;16.0;2.0;True;;;from JOIN String (Google Sheet Data Static MMSR)
FusionSolar;NE=54435794;PT. Pusan Manis Mulia 2.06 MWp - Tangerang;;;5;2;3;16.0;2.0;True;;;from JOIN String (Google Sheet Data Static MMSR)
FusionSolar;NE=54435794;PT. Pusan Manis Mulia 2.06 MWp - Tangerang;;;5;2;4;16.0;2.0;True;;;from JOIN String (Google Sheet Data Static MMSR)
FusionSolar;NE=54435794;PT. Pusan Manis Mulia 2.06 MWp - Tangerang;;;5;3;5;16.0;2.0;True;;;from JOIN String (Google Sheet Data Static MMSR)
FusionSolar;NE=54435794;PT. Pusan Manis Mulia 2.06 MWp - Tangerang;;;5;3;6;16.0;2.0;True;;;from JOIN String (Google Sheet Data Static MMSR)
FusionSolar;NE=54435794;PT. Pusan Manis Mulia 2.06 MWp - Tangerang;;;5;4;7;16.0;2.0;True;;;from JOIN String (Google Sheet Data Static MMSR)
FusionSolar;NE=54435794;PT. Pusan Manis Mulia 2.06 MWp - Tangerang;;;5;4;8;16.0;2.0;True;;;from JOIN String (Google Sheet Data Static MMSR)
FusionSolar;NE=54435794;PT. Pusan Manis Mulia 2.06 MWp - Tangerang;;;5;5;9;16.0;2.0;True;;;from JOIN String (Google Sheet Data Static MMSR)
FusionSolar;NE=54435794;PT. Pusan Manis Mulia 2.06 MWp - Tangerang;;;5;5;10;0.0;;True;;;from JOIN String (Google Sheet Data Static MMSR)
FusionSolar;NE=54435794;PT. Pusan Manis Mulia 2.06 MWp - Tangerang;;;5;6;11;18.0;4.0;True;;;from JOIN String (Google Sheet Data Static MMSR)
FusionSolar;NE=54435794;PT. Pusan Manis Mulia 2.06 MWp - Tangerang;;;5;6;12;18.0;4.0;True;;;from JOIN String (Google Sheet Data Static MMSR)
FusionSolar;NE=54435794;PT. Pusan Manis Mulia 2.06 MWp - Tangerang;;;5;7;13;18.0;4.0;True;;;from JOIN String (Google Sheet Data Static MMSR)
FusionSolar;NE=54435794;PT. Pusan Manis Mulia 2.06 MWp - Tangerang;;;5;7;14;0.0;;True;;;from JOIN String (Google Sheet Data Static MMSR)
FusionSolar;NE=54435794;PT. Pusan Manis Mulia 2.06 MWp - Tangerang;;;5;8;15;18.0;4.0;True;;;from JOIN String (Google Sheet Data Static MMSR)
FusionSolar;NE=54435794;PT. Pusan Manis Mulia 2.06 MWp - Tangerang;;;5;8;16;0.0;;True;;;from JOIN String (Google Sheet Data Static MMSR)
FusionSolar;NE=54435794;PT. Pusan Manis Mulia 2.06 MWp - Tangerang;;;5;9;17;18.0;4.0;True;;;from JOIN String (Google Sheet Data Static MMSR)
FusionSolar;NE=54435794;PT. Pusan Manis Mulia 2.06 MWp - Tangerang;;;5;9;18;0.0;;True;;;from JOIN String (Google Sheet Data Static MMSR)
FusionSolar;NE=54435794;PT. Pusan Manis Mulia 2.06 MWp - Tangerang;;;5;10;19;18.0;4.0;True;;;from JOIN String (Google Sheet Data Static MMSR)
FusionSolar;NE=54435794;PT. Pusan Manis Mulia 2.06 MWp - Tangerang;;;5;10;20;0.0;;True;;;from JOIN String (Google Sheet Data Static MMSR)
FusionSolar;NE=54435794;PT. Pusan Manis Mulia 2.06 MWp - Tangerang;;;6;1;1;18.0;4.0;True;;;from JOIN String (Google Sheet Data Static MMSR)
FusionSolar;NE=54435794;PT. Pusan Manis Mulia 2.06 MWp - Tangerang;;;6;1;2;18.0;4.0;True;;;from JOIN String (Google Sheet Data Static MMSR)
FusionSolar;NE=54435794;PT. Pusan Manis Mulia 2.06 MWp - Tangerang;;;6;2;3;18.0;4.0;True;;;from JOIN String (Google Sheet Data Static MMSR)
FusionSolar;NE=54435794;PT. Pusan Manis Mulia 2.06 MWp - Tangerang;;;6;2;4;18.0;4.0;True;;;from JOIN String (Google Sheet Data Static MMSR)
FusionSolar;NE=54435794;PT. Pusan Manis Mulia 2.06 MWp - Tangerang;;;6;3;5;18.0;4.0;True;;;from JOIN String (Google Sheet Data Static MMSR)
FusionSolar;NE=54435794;PT. Pusan Manis Mulia 2.06 MWp - Tangerang;;;6;3;6;18.0;4.0;True;;;from JOIN String (Google Sheet Data Static MMSR)
FusionSolar;NE=54435794;PT. Pusan Manis Mulia 2.06 MWp - Tangerang;;;6;4;7;18.0;2.0;True;;;from JOIN String (Google Sheet Data Static MMSR)
FusionSolar;NE=54435794;PT. Pusan Manis Mulia 2.06 MWp - Tangerang;;;6;4;8;18.0;2.0;True;;;from JOIN String (Google Sheet Data Static MMSR)
FusionSolar;NE=54435794;PT. Pusan Manis Mulia 2.06 MWp - Tangerang;;;6;5;9;18.0;4.0;True;;;from JOIN String (Google Sheet Data Static MMSR)
FusionSolar;NE=54435794;PT. Pusan Manis Mulia 2.06 MWp - Tangerang;;;6;5;10;0.0;;True;;;from JOIN String (Google Sheet Data Static MMSR)
FusionSolar;NE=54435794;PT. Pusan Manis Mulia 2.06 MWp - Tangerang;;;6;6;11;18.0;4.0;True;;;from JOIN String (Google Sheet Data Static MMSR)
FusionSolar;NE=54435794;PT. Pusan Manis Mulia 2.06 MWp - Tangerang;;;6;6;12;0.0;;True;;;from JOIN String (Google Sheet Data Static MMSR)
FusionSolar;NE=54435794;PT. Pusan Manis Mulia 2.06 MWp - Tangerang;;;6;7;13;18.0;4.0;True;;;from JOIN String (Google Sheet Data Static MMSR)
FusionSolar;NE=54435794;PT. Pusan Manis Mulia 2.06 MWp - Tangerang;;;6;7;14;0.0;;True;;;from JOIN String (Google Sheet Data Static MMSR)
FusionSolar;NE=54435794;PT. Pusan Manis Mulia 2.06 MWp - Tangerang;;;6;8;15;18.0;4.0;True;;;from JOIN String (Google Sheet Data Static MMSR)
FusionSolar;NE=54435794;PT. Pusan Manis Mulia 2.06 MWp - Tangerang;;;6;8;16;0.0;;True;;;from JOIN String (Google Sheet Data Static MMSR)
FusionSolar;NE=54435794;PT. Pusan Manis Mulia 2.06 MWp - Tangerang;;;6;9;17;18.0;4.0;True;;;from JOIN String (Google Sheet Data Static MMSR)
FusionSolar;NE=54435794;PT. Pusan Manis Mulia 2.06 MWp - Tangerang;;;6;9;18;0.0;;True;;;from JOIN String (Google Sheet Data Static MMSR)
FusionSolar;NE=54435794;PT. Pusan Manis Mulia 2.06 MWp - Tangerang;;;6;10;19;20.0;4.0;True;;;from JOIN String (Google Sheet Data Static MMSR)
FusionSolar;NE=54435794;PT. Pusan Manis Mulia 2.06 MWp - Tangerang;;;6;10;20;0.0;;True;;;from JOIN String (Google Sheet Data Static MMSR)
FusionSolar;NE=54435794;PT. Pusan Manis Mulia 2.06 MWp - Tangerang;;;7;1;1;18.0;2.0;True;;;from JOIN String (Google Sheet Data Static MMSR)
FusionSolar;NE=54435794;PT. Pusan Manis Mulia 2.06 MWp - Tangerang;;;7;1;2;18.0;2.0;True;;;from JOIN String (Google Sheet Data Static MMSR)
FusionSolar;NE=54435794;PT. Pusan Manis Mulia 2.06 MWp - Tangerang;;;7;2;3;18.0;2.0;True;;;from JOIN String (Google Sheet Data Static MMSR)
FusionSolar;NE=54435794;PT. Pusan Manis Mulia 2.06 MWp - Tangerang;;;7;2;4;18.0;2.0;True;;;from JOIN String (Google Sheet Data Static MMSR)
FusionSolar;NE=54435794;PT. Pusan Manis Mulia 2.06 MWp - Tangerang;;;7;3;5;18.0;2.0;True;;;from JOIN String (Google Sheet Data Static MMSR)
FusionSolar;NE=54435794;PT. Pusan Manis Mulia 2.06 MWp - Tangerang;;;7;3;6;18.0;2.0;True;;;from JOIN String (Google Sheet Data Static MMSR)
FusionSolar;NE=54435794;PT. Pusan Manis Mulia 2.06 MWp - Tangerang;;;7;4;7;18.0;2.0;True;;;from JOIN String (Google Sheet Data Static MMSR)
FusionSolar;NE=54435794;PT. Pusan Manis Mulia 2.06 MWp - Tangerang;;;7;4;8;18.0;2.0;True;;;from JOIN String (Google Sheet Data Static MMSR)
FusionSolar;NE=54435794;PT. Pusan Manis Mulia 2.06 MWp - Tangerang;;;7;5;9;18.0;2.0;True;;;from JOIN String (Google Sheet Data Static MMSR)
FusionSolar;NE=54435794;PT. Pusan Manis Mulia 2.06 MWp - Tangerang;;;7;5;10;0.0;;True;;;from JOIN String (Google Sheet Data Static MMSR)
FusionSolar;NE=54435794;PT. Pusan Manis Mulia 2.06 MWp - Tangerang;;;7;6;11;18.0;3.0;True;;;from JOIN String (Google Sheet Data Static MMSR)
FusionSolar;NE=54435794;PT. Pusan Manis Mulia 2.06 MWp - Tangerang;;;7;6;12;0.0;;True;;;from JOIN String (Google Sheet Data Static MMSR)
FusionSolar;NE=54435794;PT. Pusan Manis Mulia 2.06 MWp - Tangerang;;;7;7;13;18.0;3.0;True;;;from JOIN String (Google Sheet Data Static MMSR)
FusionSolar;NE=54435794;PT. Pusan Manis Mulia 2.06 MWp - Tangerang;;;7;7;14;0.0;;True;;;from JOIN String (Google Sheet Data Static MMSR)
FusionSolar;NE=54435794;PT. Pusan Manis Mulia 2.06 MWp - Tangerang;;;7;8;15;18.0;3.0;True;;;from JOIN String (Google Sheet Data Static MMSR)
FusionSolar;NE=54435794;PT. Pusan Manis Mulia 2.06 MWp - Tangerang;;;7;8;16;0.0;;True;;;from JOIN String (Google Sheet Data Static MMSR)
FusionSolar;NE=54435794;PT. Pusan Manis Mulia 2.06 MWp - Tangerang;;;7;9;17;20.0;4.0;True;;;from JOIN String (Google Sheet Data Static MMSR)
FusionSolar;NE=54435794;PT. Pusan Manis Mulia 2.06 MWp - Tangerang;;;7;9;18;0.0;;True;;;from JOIN String (Google Sheet Data Static MMSR)
FusionSolar;NE=54435794;PT. Pusan Manis Mulia 2.06 MWp - Tangerang;;;7;10;19;20.0;4.0;True;;;from JOIN String (Google Sheet Data Static MMSR)
FusionSolar;NE=54435794;PT. Pusan Manis Mulia 2.06 MWp - Tangerang;;;7;10;20;0.0;;True;;;from JOIN String (Google Sheet Data Static MMSR)
FusionSolar;NE=54435794;PT. Pusan Manis Mulia 2.06 MWp - Tangerang;;;8;1;1;18.0;1.0;True;;;from JOIN String (Google Sheet Data Static MMSR)
FusionSolar;NE=54435794;PT. Pusan Manis Mulia 2.06 MWp - Tangerang;;;8;1;2;18.0;1.0;True;;;from JOIN String (Google Sheet Data Static MMSR)
FusionSolar;NE=54435794;PT. Pusan Manis Mulia 2.06 MWp - Tangerang;;;8;2;3;18.0;1.0;True;;;from JOIN String (Google Sheet Data Static MMSR)
FusionSolar;NE=54435794;PT. Pusan Manis Mulia 2.06 MWp - Tangerang;;;8;2;4;18.0;1.0;True;;;from JOIN String (Google Sheet Data Static MMSR)
FusionSolar;NE=54435794;PT. Pusan Manis Mulia 2.06 MWp - Tangerang;;;8;3;5;18.0;1.0;True;;;from JOIN String (Google Sheet Data Static MMSR)
FusionSolar;NE=54435794;PT. Pusan Manis Mulia 2.06 MWp - Tangerang;;;8;3;6;18.0;1.0;True;;;from JOIN String (Google Sheet Data Static MMSR)
FusionSolar;NE=54435794;PT. Pusan Manis Mulia 2.06 MWp - Tangerang;;;8;4;7;18.0;1.0;True;;;from JOIN String (Google Sheet Data Static MMSR)
FusionSolar;NE=54435794;PT. Pusan Manis Mulia 2.06 MWp - Tangerang;;;8;4;8;18.0;1.0;True;;;from JOIN String (Google Sheet Data Static MMSR)
FusionSolar;NE=54435794;PT. Pusan Manis Mulia 2.06 MWp - Tangerang;;;8;5;9;18.0;1.0;True;;;from JOIN String (Google Sheet Data Static MMSR)
FusionSolar;NE=54435794;PT. Pusan Manis Mulia 2.06 MWp - Tangerang;;;8;5;10;0.0;;True;;;from JOIN String (Google Sheet Data Static MMSR)
FusionSolar;NE=54435794;PT. Pusan Manis Mulia 2.06 MWp - Tangerang;;;8;6;11;18.0;4.0;True;;;from JOIN String (Google Sheet Data Static MMSR)
FusionSolar;NE=54435794;PT. Pusan Manis Mulia 2.06 MWp - Tangerang;;;8;6;12;0.0;;True;;;from JOIN String (Google Sheet Data Static MMSR)
FusionSolar;NE=54435794;PT. Pusan Manis Mulia 2.06 MWp - Tangerang;;;8;7;13;18.0;4.0;True;;;from JOIN String (Google Sheet Data Static MMSR)
FusionSolar;NE=54435794;PT. Pusan Manis Mulia 2.06 MWp - Tangerang;;;8;7;14;0.0;;True;;;from JOIN String (Google Sheet Data Static MMSR)
FusionSolar;NE=54435794;PT. Pusan Manis Mulia 2.06 MWp - Tangerang;;;8;8;15;18.0;4.0;True;;;from JOIN String (Google Sheet Data Static MMSR)
FusionSolar;NE=54435794;PT. Pusan Manis Mulia 2.06 MWp - Tangerang;;;8;8;16;0.0;;True;;;from JOIN String (Google Sheet Data Static MMSR)
FusionSolar;NE=54435794;PT. Pusan Manis Mulia 2.06 MWp - Tangerang;;;8;9;17;20.0;4.0;True;;;from JOIN String (Google Sheet Data Static MMSR)
FusionSolar;NE=54435794;PT. Pusan Manis Mulia 2.06 MWp - Tangerang;;;8;9;18;0.0;;True;;;from JOIN String (Google Sheet Data Static MMSR)
FusionSolar;NE=54435794;PT. Pusan Manis Mulia 2.06 MWp - Tangerang;;;8;10;19;20.0;4.0;True;;;from JOIN String (Google Sheet Data Static MMSR)
FusionSolar;NE=54435794;PT. Pusan Manis Mulia 2.06 MWp - Tangerang;;;8;10;20;0.0;;True;;;from JOIN String (Google Sheet Data Static MMSR)
FusionSolar;NE=54435794;PT. Pusan Manis Mulia 2.06 MWp - Tangerang;;;9;1;1;18.0;1.0;True;;;from JOIN String (Google Sheet Data Static MMSR)
FusionSolar;NE=54435794;PT. Pusan Manis Mulia 2.06 MWp - Tangerang;;;9;1;2;18.0;1.0;True;;;from JOIN String (Google Sheet Data Static MMSR)
FusionSolar;NE=54435794;PT. Pusan Manis Mulia 2.06 MWp - Tangerang;;;9;2;3;18.0;1.0;True;;;from JOIN String (Google Sheet Data Static MMSR)
FusionSolar;NE=54435794;PT. Pusan Manis Mulia 2.06 MWp - Tangerang;;;9;2;4;18.0;1.0;True;;;from JOIN String (Google Sheet Data Static MMSR)
FusionSolar;NE=54435794;PT. Pusan Manis Mulia 2.06 MWp - Tangerang;;;9;3;5;18.0;1.0;True;;;from JOIN String (Google Sheet Data Static MMSR)
FusionSolar;NE=54435794;PT. Pusan Manis Mulia 2.06 MWp - Tangerang;;;9;3;6;18.0;1.0;True;;;from JOIN String (Google Sheet Data Static MMSR)
FusionSolar;NE=54435794;PT. Pusan Manis Mulia 2.06 MWp - Tangerang;;;9;4;7;18.0;1.0;True;;;from JOIN String (Google Sheet Data Static MMSR)
FusionSolar;NE=54435794;PT. Pusan Manis Mulia 2.06 MWp - Tangerang;;;9;4;8;18.0;1.0;True;;;from JOIN String (Google Sheet Data Static MMSR)
FusionSolar;NE=54435794;PT. Pusan Manis Mulia 2.06 MWp - Tangerang;;;9;5;9;18.0;1.0;True;;;from JOIN String (Google Sheet Data Static MMSR)
FusionSolar;NE=54435794;PT. Pusan Manis Mulia 2.06 MWp - Tangerang;;;9;5;10;0.0;;True;;;from JOIN String (Google Sheet Data Static MMSR)
FusionSolar;NE=54435794;PT. Pusan Manis Mulia 2.06 MWp - Tangerang;;;9;6;11;18.0;1.0;True;;;from JOIN String (Google Sheet Data Static MMSR)
FusionSolar;NE=54435794;PT. Pusan Manis Mulia 2.06 MWp - Tangerang;;;9;6;12;0.0;;True;;;from JOIN String (Google Sheet Data Static MMSR)
FusionSolar;NE=54435794;PT. Pusan Manis Mulia 2.06 MWp - Tangerang;;;9;7;13;18.0;1.0;True;;;from JOIN String (Google Sheet Data Static MMSR)
FusionSolar;NE=54435794;PT. Pusan Manis Mulia 2.06 MWp - Tangerang;;;9;7;14;0.0;;True;;;from JOIN String (Google Sheet Data Static MMSR)
FusionSolar;NE=54435794;PT. Pusan Manis Mulia 2.06 MWp - Tangerang;;;9;8;15;18.0;1.0;True;;;from JOIN String (Google Sheet Data Static MMSR)
FusionSolar;NE=54435794;PT. Pusan Manis Mulia 2.06 MWp - Tangerang;;;9;8;16;0.0;;True;;;from JOIN String (Google Sheet Data Static MMSR)
FusionSolar;NE=54435794;PT. Pusan Manis Mulia 2.06 MWp - Tangerang;;;9;9;17;18.0;1.0;True;;;from JOIN String (Google Sheet Data Static MMSR)
FusionSolar;NE=54435794;PT. Pusan Manis Mulia 2.06 MWp - Tangerang;;;9;9;18;0.0;;True;;;from JOIN String (Google Sheet Data Static MMSR)
FusionSolar;NE=54435794;PT. Pusan Manis Mulia 2.06 MWp - Tangerang;;;9;10;19;20.0;4.0;True;;;from JOIN String (Google Sheet Data Static MMSR)
FusionSolar;NE=54435794;PT. Pusan Manis Mulia 2.06 MWp - Tangerang;;;9;10;20;0.0;;True;;;from JOIN String (Google Sheet Data Static MMSR)
FusionSolar;NE=54435794;PT. Pusan Manis Mulia 2.06 MWp - Tangerang;;;10;1;1;18.0;1.0;True;;;from JOIN String (Google Sheet Data Static MMSR)
FusionSolar;NE=54435794;PT. Pusan Manis Mulia 2.06 MWp - Tangerang;;;10;1;2;18.0;1.0;True;;;from JOIN String (Google Sheet Data Static MMSR)
FusionSolar;NE=54435794;PT. Pusan Manis Mulia 2.06 MWp - Tangerang;;;10;2;3;18.0;1.0;True;;;from JOIN String (Google Sheet Data Static MMSR)
FusionSolar;NE=54435794;PT. Pusan Manis Mulia 2.06 MWp - Tangerang;;;10;2;4;18.0;1.0;True;;;from JOIN String (Google Sheet Data Static MMSR)
FusionSolar;NE=54435794;PT. Pusan Manis Mulia 2.06 MWp - Tangerang;;;10;3;5;18.0;1.0;True;;;from JOIN String (Google Sheet Data Static MMSR)
FusionSolar;NE=54435794;PT. Pusan Manis Mulia 2.06 MWp - Tangerang;;;10;3;6;18.0;1.0;True;;;from JOIN String (Google Sheet Data Static MMSR)
FusionSolar;NE=54435794;PT. Pusan Manis Mulia 2.06 MWp - Tangerang;;;10;4;7;18.0;1.0;True;;;from JOIN String (Google Sheet Data Static MMSR)
FusionSolar;NE=54435794;PT. Pusan Manis Mulia 2.06 MWp - Tangerang;;;10;4;8;18.0;1.0;True;;;from JOIN String (Google Sheet Data Static MMSR)
FusionSolar;NE=54435794;PT. Pusan Manis Mulia 2.06 MWp - Tangerang;;;10;5;9;18.0;1.0;True;;;from JOIN String (Google Sheet Data Static MMSR)
FusionSolar;NE=54435794;PT. Pusan Manis Mulia 2.06 MWp - Tangerang;;;10;5;10;0.0;;True;;;from JOIN String (Google Sheet Data Static MMSR)
FusionSolar;NE=54435794;PT. Pusan Manis Mulia 2.06 MWp - Tangerang;;;10;6;11;18.0;1.0;True;;;from JOIN String (Google Sheet Data Static MMSR)
FusionSolar;NE=54435794;PT. Pusan Manis Mulia 2.06 MWp - Tangerang;;;10;6;12;0.0;;True;;;from JOIN String (Google Sheet Data Static MMSR)
FusionSolar;NE=54435794;PT. Pusan Manis Mulia 2.06 MWp - Tangerang;;;10;7;13;18.0;1.0;True;;;from JOIN String (Google Sheet Data Static MMSR)
FusionSolar;NE=54435794;PT. Pusan Manis Mulia 2.06 MWp - Tangerang;;;10;7;14;0.0;;True;;;from JOIN String (Google Sheet Data Static MMSR)
FusionSolar;NE=54435794;PT. Pusan Manis Mulia 2.06 MWp - Tangerang;;;10;8;15;18.0;1.0;True;;;from JOIN String (Google Sheet Data Static MMSR)
FusionSolar;NE=54435794;PT. Pusan Manis Mulia 2.06 MWp - Tangerang;;;10;8;16;0.0;;True;;;from JOIN String (Google Sheet Data Static MMSR)
FusionSolar;NE=54435794;PT. Pusan Manis Mulia 2.06 MWp - Tangerang;;;10;9;17;18.0;1.0;True;;;from JOIN String (Google Sheet Data Static MMSR)
FusionSolar;NE=54435794;PT. Pusan Manis Mulia 2.06 MWp - Tangerang;;;10;9;18;0.0;;True;;;from JOIN String (Google Sheet Data Static MMSR)
FusionSolar;NE=54435794;PT. Pusan Manis Mulia 2.06 MWp - Tangerang;;;10;10;19;20.0;6.0;True;;;from JOIN String (Google Sheet Data Static MMSR)
FusionSolar;NE=54435794;PT. Pusan Manis Mulia 2.06 MWp - Tangerang;;;10;10;20;0.0;;True;;;from JOIN String (Google Sheet Data Static MMSR)
FusionSolar;NE=54435794;PT. Pusan Manis Mulia 2.06 MWp - Tangerang;;;11;1;1;16.0;2.0;True;;;from JOIN String (Google Sheet Data Static MMSR)
FusionSolar;NE=54435794;PT. Pusan Manis Mulia 2.06 MWp - Tangerang;;;11;1;2;16.0;2.0;True;;;from JOIN String (Google Sheet Data Static MMSR)
FusionSolar;NE=54435794;PT. Pusan Manis Mulia 2.06 MWp - Tangerang;;;11;2;3;16.0;2.0;True;;;from JOIN String (Google Sheet Data Static MMSR)
FusionSolar;NE=54435794;PT. Pusan Manis Mulia 2.06 MWp - Tangerang;;;11;2;4;16.0;2.0;True;;;from JOIN String (Google Sheet Data Static MMSR)
FusionSolar;NE=54435794;PT. Pusan Manis Mulia 2.06 MWp - Tangerang;;;11;3;5;16.0;2.0;True;;;from JOIN String (Google Sheet Data Static MMSR)
FusionSolar;NE=54435794;PT. Pusan Manis Mulia 2.06 MWp - Tangerang;;;11;3;6;16.0;2.0;True;;;from JOIN String (Google Sheet Data Static MMSR)
FusionSolar;NE=54435794;PT. Pusan Manis Mulia 2.06 MWp - Tangerang;;;11;4;7;16.0;2.0;True;;;from JOIN String (Google Sheet Data Static MMSR)
FusionSolar;NE=54435794;PT. Pusan Manis Mulia 2.06 MWp - Tangerang;;;11;4;8;16.0;2.0;True;;;from JOIN String (Google Sheet Data Static MMSR)
FusionSolar;NE=54435794;PT. Pusan Manis Mulia 2.06 MWp - Tangerang;;;11;5;9;16.0;2.0;True;;;from JOIN String (Google Sheet Data Static MMSR)
FusionSolar;NE=54435794;PT. Pusan Manis Mulia 2.06 MWp - Tangerang;;;11;5;10;0.0;;True;;;from JOIN String (Google Sheet Data Static MMSR)
FusionSolar;NE=54435794;PT. Pusan Manis Mulia 2.06 MWp - Tangerang;;;11;6;11;18.0;1.0;True;;;from JOIN String (Google Sheet Data Static MMSR)
FusionSolar;NE=54435794;PT. Pusan Manis Mulia 2.06 MWp - Tangerang;;;11;6;12;18.0;1.0;True;;;from JOIN String (Google Sheet Data Static MMSR)
FusionSolar;NE=54435794;PT. Pusan Manis Mulia 2.06 MWp - Tangerang;;;11;7;13;18.0;1.0;True;;;from JOIN String (Google Sheet Data Static MMSR)
FusionSolar;NE=54435794;PT. Pusan Manis Mulia 2.06 MWp - Tangerang;;;11;7;14;0.0;;True;;;from JOIN String (Google Sheet Data Static MMSR)
FusionSolar;NE=54435794;PT. Pusan Manis Mulia 2.06 MWp - Tangerang;;;11;8;15;18.0;1.0;True;;;from JOIN String (Google Sheet Data Static MMSR)
FusionSolar;NE=54435794;PT. Pusan Manis Mulia 2.06 MWp - Tangerang;;;11;8;16;0.0;;True;;;from JOIN String (Google Sheet Data Static MMSR)
FusionSolar;NE=54435794;PT. Pusan Manis Mulia 2.06 MWp - Tangerang;;;11;9;17;18.0;1.0;True;;;from JOIN String (Google Sheet Data Static MMSR)
FusionSolar;NE=54435794;PT. Pusan Manis Mulia 2.06 MWp - Tangerang;;;11;9;18;0.0;;True;;;from JOIN String (Google Sheet Data Static MMSR)
FusionSolar;NE=54435794;PT. Pusan Manis Mulia 2.06 MWp - Tangerang;;;11;10;19;18.0;1.0;True;;;from JOIN String (Google Sheet Data Static MMSR)
FusionSolar;NE=54435794;PT. Pusan Manis Mulia 2.06 MWp - Tangerang;;;11;10;20;0.0;;True;;;from JOIN String (Google Sheet Data Static MMSR)
FusionSolar;NE=54435794;PT. Pusan Manis Mulia 2.06 MWp - Tangerang;;;12;1;1;16.0;1.0;True;;;from JOIN String (Google Sheet Data Static MMSR)
FusionSolar;NE=54435794;PT. Pusan Manis Mulia 2.06 MWp - Tangerang;;;12;1;2;16.0;1.0;True;;;from JOIN String (Google Sheet Data Static MMSR)
FusionSolar;NE=54435794;PT. Pusan Manis Mulia 2.06 MWp - Tangerang;;;12;2;3;16.0;1.0;True;;;from JOIN String (Google Sheet Data Static MMSR)
FusionSolar;NE=54435794;PT. Pusan Manis Mulia 2.06 MWp - Tangerang;;;12;2;4;16.0;1.0;True;;;from JOIN String (Google Sheet Data Static MMSR)
FusionSolar;NE=54435794;PT. Pusan Manis Mulia 2.06 MWp - Tangerang;;;12;3;5;16.0;2.0;True;;;from JOIN String (Google Sheet Data Static MMSR)
FusionSolar;NE=54435794;PT. Pusan Manis Mulia 2.06 MWp - Tangerang;;;12;3;6;16.0;2.0;True;;;from JOIN String (Google Sheet Data Static MMSR)
FusionSolar;NE=54435794;PT. Pusan Manis Mulia 2.06 MWp - Tangerang;;;12;4;7;16.0;2.0;True;;;from JOIN String (Google Sheet Data Static MMSR)
FusionSolar;NE=54435794;PT. Pusan Manis Mulia 2.06 MWp - Tangerang;;;12;4;8;16.0;2.0;True;;;from JOIN String (Google Sheet Data Static MMSR)
FusionSolar;NE=54435794;PT. Pusan Manis Mulia 2.06 MWp - Tangerang;;;12;5;9;16.0;2.0;True;;;from JOIN String (Google Sheet Data Static MMSR)
FusionSolar;NE=54435794;PT. Pusan Manis Mulia 2.06 MWp - Tangerang;;;12;5;10;0.0;;True;;;from JOIN String (Google Sheet Data Static MMSR)
FusionSolar;NE=54435794;PT. Pusan Manis Mulia 2.06 MWp - Tangerang;;;12;6;11;18.0;1.0;True;;;from JOIN String (Google Sheet Data Static MMSR)
FusionSolar;NE=54435794;PT. Pusan Manis Mulia 2.06 MWp - Tangerang;;;12;6;12;18.0;1.0;True;;;from JOIN String (Google Sheet Data Static MMSR)
FusionSolar;NE=54435794;PT. Pusan Manis Mulia 2.06 MWp - Tangerang;;;12;7;13;18.0;1.0;True;;;from JOIN String (Google Sheet Data Static MMSR)
FusionSolar;NE=54435794;PT. Pusan Manis Mulia 2.06 MWp - Tangerang;;;12;7;14;0.0;;True;;;from JOIN String (Google Sheet Data Static MMSR)
FusionSolar;NE=54435794;PT. Pusan Manis Mulia 2.06 MWp - Tangerang;;;12;8;15;18.0;1.0;True;;;from JOIN String (Google Sheet Data Static MMSR)
FusionSolar;NE=54435794;PT. Pusan Manis Mulia 2.06 MWp - Tangerang;;;12;8;16;0.0;;True;;;from JOIN String (Google Sheet Data Static MMSR)
FusionSolar;NE=54435794;PT. Pusan Manis Mulia 2.06 MWp - Tangerang;;;12;9;17;18.0;1.0;True;;;from JOIN String (Google Sheet Data Static MMSR)
FusionSolar;NE=54435794;PT. Pusan Manis Mulia 2.06 MWp - Tangerang;;;12;9;18;0.0;;True;;;from JOIN String (Google Sheet Data Static MMSR)
FusionSolar;NE=54435794;PT. Pusan Manis Mulia 2.06 MWp - Tangerang;;;12;10;19;18.0;1.0;True;;;from JOIN String (Google Sheet Data Static MMSR)
FusionSolar;NE=54435794;PT. Pusan Manis Mulia 2.06 MWp - Tangerang;;;12;10;20;0.0;;True;;;from JOIN String (Google Sheet Data Static MMSR)
FusionSolar;NE=54435794;PT. Pusan Manis Mulia 2.06 MWp - Tangerang;;;13;1;1;18.0;2.0;True;;;from JOIN String (Google Sheet Data Static MMSR)
FusionSolar;NE=54435794;PT. Pusan Manis Mulia 2.06 MWp - Tangerang;;;13;1;2;18.0;2.0;True;;;from JOIN String (Google Sheet Data Static MMSR)
FusionSolar;NE=54435794;PT. Pusan Manis Mulia 2.06 MWp - Tangerang;;;13;2;3;18.0;2.0;True;;;from JOIN String (Google Sheet Data Static MMSR)
FusionSolar;NE=54435794;PT. Pusan Manis Mulia 2.06 MWp - Tangerang;;;13;2;4;18.0;2.0;True;;;from JOIN String (Google Sheet Data Static MMSR)
FusionSolar;NE=54435794;PT. Pusan Manis Mulia 2.06 MWp - Tangerang;;;13;3;5;18.0;2.0;True;;;from JOIN String (Google Sheet Data Static MMSR)
FusionSolar;NE=54435794;PT. Pusan Manis Mulia 2.06 MWp - Tangerang;;;13;3;6;18.0;2.0;True;;;from JOIN String (Google Sheet Data Static MMSR)
FusionSolar;NE=54435794;PT. Pusan Manis Mulia 2.06 MWp - Tangerang;;;13;4;7;18.0;2.0;True;;;from JOIN String (Google Sheet Data Static MMSR)
FusionSolar;NE=54435794;PT. Pusan Manis Mulia 2.06 MWp - Tangerang;;;13;4;8;18.0;2.0;True;;;from JOIN String (Google Sheet Data Static MMSR)
FusionSolar;NE=54435794;PT. Pusan Manis Mulia 2.06 MWp - Tangerang;;;13;5;9;18.0;1.0;True;;;from JOIN String (Google Sheet Data Static MMSR)
FusionSolar;NE=54435794;PT. Pusan Manis Mulia 2.06 MWp - Tangerang;;;13;5;10;0.0;;True;;;from JOIN String (Google Sheet Data Static MMSR)
FusionSolar;NE=54435794;PT. Pusan Manis Mulia 2.06 MWp - Tangerang;;;13;6;11;18.0;5.0;True;;;from JOIN String (Google Sheet Data Static MMSR)
FusionSolar;NE=54435794;PT. Pusan Manis Mulia 2.06 MWp - Tangerang;;;13;6;12;0.0;;True;;;from JOIN String (Google Sheet Data Static MMSR)
FusionSolar;NE=54435794;PT. Pusan Manis Mulia 2.06 MWp - Tangerang;;;13;7;13;18.0;5.0;True;;;from JOIN String (Google Sheet Data Static MMSR)
FusionSolar;NE=54435794;PT. Pusan Manis Mulia 2.06 MWp - Tangerang;;;13;7;14;0.0;;True;;;from JOIN String (Google Sheet Data Static MMSR)
FusionSolar;NE=54435794;PT. Pusan Manis Mulia 2.06 MWp - Tangerang;;;13;8;15;18.0;5.0;True;;;from JOIN String (Google Sheet Data Static MMSR)
FusionSolar;NE=54435794;PT. Pusan Manis Mulia 2.06 MWp - Tangerang;;;13;8;16;0.0;;True;;;from JOIN String (Google Sheet Data Static MMSR)
FusionSolar;NE=54435794;PT. Pusan Manis Mulia 2.06 MWp - Tangerang;;;13;9;17;20.0;6.0;True;;;from JOIN String (Google Sheet Data Static MMSR)
FusionSolar;NE=54435794;PT. Pusan Manis Mulia 2.06 MWp - Tangerang;;;13;9;18;0.0;;True;;;from JOIN String (Google Sheet Data Static MMSR)
FusionSolar;NE=54435794;PT. Pusan Manis Mulia 2.06 MWp - Tangerang;;;13;10;19;20.0;6.0;True;;;from JOIN String (Google Sheet Data Static MMSR)
FusionSolar;NE=54435794;PT. Pusan Manis Mulia 2.06 MWp - Tangerang;;;13;10;20;0.0;;True;;;from JOIN String (Google Sheet Data Static MMSR)
FusionSolar;NE=54435794;PT. Pusan Manis Mulia 2.06 MWp - Tangerang;;;14;1;1;18.0;2.0;True;;;from JOIN String (Google Sheet Data Static MMSR)
FusionSolar;NE=54435794;PT. Pusan Manis Mulia 2.06 MWp - Tangerang;;;14;1;2;18.0;2.0;True;;;from JOIN String (Google Sheet Data Static MMSR)
FusionSolar;NE=54435794;PT. Pusan Manis Mulia 2.06 MWp - Tangerang;;;14;2;3;18.0;2.0;True;;;from JOIN String (Google Sheet Data Static MMSR)
FusionSolar;NE=54435794;PT. Pusan Manis Mulia 2.06 MWp - Tangerang;;;14;2;4;18.0;2.0;True;;;from JOIN String (Google Sheet Data Static MMSR)
FusionSolar;NE=54435794;PT. Pusan Manis Mulia 2.06 MWp - Tangerang;;;14;3;5;18.0;2.0;True;;;from JOIN String (Google Sheet Data Static MMSR)
FusionSolar;NE=54435794;PT. Pusan Manis Mulia 2.06 MWp - Tangerang;;;14;3;6;18.0;2.0;True;;;from JOIN String (Google Sheet Data Static MMSR)
FusionSolar;NE=54435794;PT. Pusan Manis Mulia 2.06 MWp - Tangerang;;;14;4;7;18.0;2.0;True;;;from JOIN String (Google Sheet Data Static MMSR)
FusionSolar;NE=54435794;PT. Pusan Manis Mulia 2.06 MWp - Tangerang;;;14;4;8;18.0;2.0;True;;;from JOIN String (Google Sheet Data Static MMSR)
FusionSolar;NE=54435794;PT. Pusan Manis Mulia 2.06 MWp - Tangerang;;;14;5;9;18.0;2.0;True;;;from JOIN String (Google Sheet Data Static MMSR)
FusionSolar;NE=54435794;PT. Pusan Manis Mulia 2.06 MWp - Tangerang;;;14;5;10;0.0;;True;;;from JOIN String (Google Sheet Data Static MMSR)
FusionSolar;NE=54435794;PT. Pusan Manis Mulia 2.06 MWp - Tangerang;;;14;6;11;18.0;2.0;True;;;from JOIN String (Google Sheet Data Static MMSR)
FusionSolar;NE=54435794;PT. Pusan Manis Mulia 2.06 MWp - Tangerang;;;14;6;12;0.0;;True;;;from JOIN String (Google Sheet Data Static MMSR)
FusionSolar;NE=54435794;PT. Pusan Manis Mulia 2.06 MWp - Tangerang;;;14;7;13;18.0;2.0;True;;;from JOIN String (Google Sheet Data Static MMSR)
FusionSolar;NE=54435794;PT. Pusan Manis Mulia 2.06 MWp - Tangerang;;;14;7;14;0.0;;True;;;from JOIN String (Google Sheet Data Static MMSR)
FusionSolar;NE=54435794;PT. Pusan Manis Mulia 2.06 MWp - Tangerang;;;14;8;15;18.0;2.0;True;;;from JOIN String (Google Sheet Data Static MMSR)
FusionSolar;NE=54435794;PT. Pusan Manis Mulia 2.06 MWp - Tangerang;;;14;8;16;0.0;;True;;;from JOIN String (Google Sheet Data Static MMSR)
FusionSolar;NE=54435794;PT. Pusan Manis Mulia 2.06 MWp - Tangerang;;;14;9;17;20.0;6.0;True;;;from JOIN String (Google Sheet Data Static MMSR)
FusionSolar;NE=54435794;PT. Pusan Manis Mulia 2.06 MWp - Tangerang;;;14;9;18;0.0;;True;;;from JOIN String (Google Sheet Data Static MMSR)
FusionSolar;NE=54435794;PT. Pusan Manis Mulia 2.06 MWp - Tangerang;;;14;10;19;20.0;6.0;True;;;from JOIN String (Google Sheet Data Static MMSR)
FusionSolar;NE=54435794;PT. Pusan Manis Mulia 2.06 MWp - Tangerang;;;14;10;20;0.0;;True;;;from JOIN String (Google Sheet Data Static MMSR)
iSolarCloud;1479456;Shoetown Ligung Indonesia;;;1;1;1;;;True;;;from JOIN String (Google Sheet Data Static MMSR)
iSolarCloud;1479456;Shoetown Ligung Indonesia;;;1;1;2;20.0;1.0;True;;;from JOIN String (Google Sheet Data Static MMSR)
iSolarCloud;1479456;Shoetown Ligung Indonesia;;;1;2;3;0.0;;True;;;from JOIN String (Google Sheet Data Static MMSR)
iSolarCloud;1479456;Shoetown Ligung Indonesia;;;1;2;4;20.0;1.0;True;;;from JOIN String (Google Sheet Data Static MMSR)
iSolarCloud;1479456;Shoetown Ligung Indonesia;;;1;3;5;20.0;1.0;True;;;from JOIN String (Google Sheet Data Static MMSR)
iSolarCloud;1479456;Shoetown Ligung Indonesia;;;1;3;6;20.0;1.0;True;;;from JOIN String (Google Sheet Data Static MMSR)
iSolarCloud;1479456;Shoetown Ligung Indonesia;;;1;4;7;0.0;;True;;;from JOIN String (Google Sheet Data Static MMSR)
iSolarCloud;1479456;Shoetown Ligung Indonesia;;;1;4;8;18.0;1.0;True;;;from JOIN String (Google Sheet Data Static MMSR)
iSolarCloud;1479456;Shoetown Ligung Indonesia;;;1;5;9;0.0;;True;;;from JOIN String (Google Sheet Data Static MMSR)
iSolarCloud;1479456;Shoetown Ligung Indonesia;;;1;5;10;18.0;1.0;True;;;from JOIN String (Google Sheet Data Static MMSR)
iSolarCloud;1479456;Shoetown Ligung Indonesia;;;1;6;11;0.0;;True;;;from JOIN String (Google Sheet Data Static MMSR)
iSolarCloud;1479456;Shoetown Ligung Indonesia;;;1;6;12;18.0;1.0;True;;;from JOIN String (Google Sheet Data Static MMSR)
iSolarCloud;1479456;Shoetown Ligung Indonesia;;;1;7;13;0.0;;True;;;from JOIN String (Google Sheet Data Static MMSR)
iSolarCloud;1479456;Shoetown Ligung Indonesia;;;1;7;14;18.0;1.0;True;;;from JOIN String (Google Sheet Data Static MMSR)
iSolarCloud;1479456;Shoetown Ligung Indonesia;;;1;8;15;0.0;;True;;;from JOIN String (Google Sheet Data Static MMSR)
iSolarCloud;1479456;Shoetown Ligung Indonesia;;;1;8;16;0.0;1.0;True;;;from JOIN String (Google Sheet Data Static MMSR)
iSolarCloud;1479456;Shoetown Ligung Indonesia;;;1;9;17;0.0;;True;;;from JOIN String (Google Sheet Data Static MMSR)
iSolarCloud;1479456;Shoetown Ligung Indonesia;;;1;9;18;20.0;1.0;True;;;from JOIN String (Google Sheet Data Static MMSR)
iSolarCloud;1479456;Shoetown Ligung Indonesia;;;1;10;19;0.0;;True;;;from JOIN String (Google Sheet Data Static MMSR)
iSolarCloud;1479456;Shoetown Ligung Indonesia;;;1;10;20;20.0;1.0;True;;;from JOIN String (Google Sheet Data Static MMSR)
iSolarCloud;1479456;Shoetown Ligung Indonesia;;;1;11;21;0.0;;True;;;from JOIN String (Google Sheet Data Static MMSR)
iSolarCloud;1479456;Shoetown Ligung Indonesia;;;1;11;22;18.0;1.0;True;;;from JOIN String (Google Sheet Data Static MMSR)
iSolarCloud;1479456;Shoetown Ligung Indonesia;;;1;12;23;0.0;;True;;;from JOIN String (Google Sheet Data Static MMSR)
iSolarCloud;1479456;Shoetown Ligung Indonesia;;;1;12;24;20.0;1.0;True;;;from JOIN String (Google Sheet Data Static MMSR)
iSolarCloud;1479456;Shoetown Ligung Indonesia;;;2;1;1;0.0;;True;;;from JOIN String (Google Sheet Data Static MMSR)
iSolarCloud;1479456;Shoetown Ligung Indonesia;;;2;1;1;0.0;;True;;;from JOIN String (Google Sheet Data Static MMSR)
iSolarCloud;1479456;Shoetown Ligung Indonesia;;;2;1;2;20.0;1.0;True;;;from JOIN String (Google Sheet Data Static MMSR)
iSolarCloud;1479456;Shoetown Ligung Indonesia;;;2;2;3;0.0;1.0;True;;;from JOIN String (Google Sheet Data Static MMSR)
iSolarCloud;1479456;Shoetown Ligung Indonesia;;;2;2;4;20.0;1.0;True;;;from JOIN String (Google Sheet Data Static MMSR)
iSolarCloud;1479456;Shoetown Ligung Indonesia;;;2;3;5;0.0;;True;;;from JOIN String (Google Sheet Data Static MMSR)
iSolarCloud;1479456;Shoetown Ligung Indonesia;;;2;3;6;18.0;1.0;True;;;from JOIN String (Google Sheet Data Static MMSR)
iSolarCloud;1479456;Shoetown Ligung Indonesia;;;2;4;7;0.0;;True;;;from JOIN String (Google Sheet Data Static MMSR)
iSolarCloud;1479456;Shoetown Ligung Indonesia;;;2;4;8;20.0;1.0;True;;;from JOIN String (Google Sheet Data Static MMSR)
iSolarCloud;1479456;Shoetown Ligung Indonesia;;;2;5;9;0.0;;True;;;from JOIN String (Google Sheet Data Static MMSR)
iSolarCloud;1479456;Shoetown Ligung Indonesia;;;2;5;10;20.0;1.0;True;;;from JOIN String (Google Sheet Data Static MMSR)
iSolarCloud;1479456;Shoetown Ligung Indonesia;;;2;6;11;0.0;;True;;;from JOIN String (Google Sheet Data Static MMSR)
iSolarCloud;1479456;Shoetown Ligung Indonesia;;;2;6;12;18.0;1.0;True;;;from JOIN String (Google Sheet Data Static MMSR)
iSolarCloud;1479456;Shoetown Ligung Indonesia;;;2;7;13;0.0;;True;;;from JOIN String (Google Sheet Data Static MMSR)
iSolarCloud;1479456;Shoetown Ligung Indonesia;;;2;7;14;20.0;2.0;True;;;from JOIN String (Google Sheet Data Static MMSR)
iSolarCloud;1479456;Shoetown Ligung Indonesia;;;2;8;15;0.0;;True;;;from JOIN String (Google Sheet Data Static MMSR)
iSolarCloud;1479456;Shoetown Ligung Indonesia;;;2;8;16;20.0;2.0;True;;;from JOIN String (Google Sheet Data Static MMSR)
iSolarCloud;1479456;Shoetown Ligung Indonesia;;;2;9;17;0.0;;True;;;from JOIN String (Google Sheet Data Static MMSR)
iSolarCloud;1479456;Shoetown Ligung Indonesia;;;2;9;18;20.0;2.0;True;;;from JOIN String (Google Sheet Data Static MMSR)
iSolarCloud;1479456;Shoetown Ligung Indonesia;;;2;10;19;0.0;;True;;;from JOIN String (Google Sheet Data Static MMSR)
iSolarCloud;1479456;Shoetown Ligung Indonesia;;;2;10;20;18.0;2.0;True;;;from JOIN String (Google Sheet Data Static MMSR)
iSolarCloud;1479456;Shoetown Ligung Indonesia;;;2;11;21;0.0;;True;;;from JOIN String (Google Sheet Data Static MMSR)
iSolarCloud;1479456;Shoetown Ligung Indonesia;;;2;11;22;20.0;2.0;True;;;from JOIN String (Google Sheet Data Static MMSR)
iSolarCloud;1479456;Shoetown Ligung Indonesia;;;2;12;23;0.0;;True;;;from JOIN String (Google Sheet Data Static MMSR)
iSolarCloud;1479456;Shoetown Ligung Indonesia;;;2;12;24;20.0;2.0;True;;;from JOIN String (Google Sheet Data Static MMSR)
iSolarCloud;1479456;Shoetown Ligung Indonesia;;;3;1;2;20.0;2.0;True;;;from JOIN String (Google Sheet Data Static MMSR)
iSolarCloud;1479456;Shoetown Ligung Indonesia;;;3;2;3;18.0;2.0;True;;;from JOIN String (Google Sheet Data Static MMSR)
iSolarCloud;1479456;Shoetown Ligung Indonesia;;;3;2;4;18.0;2.0;True;;;from JOIN String (Google Sheet Data Static MMSR)
iSolarCloud;1479456;Shoetown Ligung Indonesia;;;3;3;5;0.0;;True;;;from JOIN String (Google Sheet Data Static MMSR)
iSolarCloud;1479456;Shoetown Ligung Indonesia;;;3;3;6;20.0;2.0;True;;;from JOIN String (Google Sheet Data Static MMSR)
iSolarCloud;1479456;Shoetown Ligung Indonesia;;;3;4;7;0.0;;True;;;from JOIN String (Google Sheet Data Static MMSR)
iSolarCloud;1479456;Shoetown Ligung Indonesia;;;3;4;8;20.0;2.0;True;;;from JOIN String (Google Sheet Data Static MMSR)
iSolarCloud;1479456;Shoetown Ligung Indonesia;;;3;5;9;0.0;;True;;;from JOIN String (Google Sheet Data Static MMSR)
iSolarCloud;1479456;Shoetown Ligung Indonesia;;;3;5;10;20.0;2.0;True;;;from JOIN String (Google Sheet Data Static MMSR)
iSolarCloud;1479456;Shoetown Ligung Indonesia;;;3;6;11;0.0;;True;;;from JOIN String (Google Sheet Data Static MMSR)
iSolarCloud;1479456;Shoetown Ligung Indonesia;;;3;6;12;20.0;2.0;True;;;from JOIN String (Google Sheet Data Static MMSR)
iSolarCloud;1479456;Shoetown Ligung Indonesia;;;3;7;13;0.0;;True;;;from JOIN String (Google Sheet Data Static MMSR)
iSolarCloud;1479456;Shoetown Ligung Indonesia;;;3;7;14;20.0;2.0;True;;;from JOIN String (Google Sheet Data Static MMSR)
iSolarCloud;1479456;Shoetown Ligung Indonesia;;;3;8;15;0.0;;True;;;from JOIN String (Google Sheet Data Static MMSR)
iSolarCloud;1479456;Shoetown Ligung Indonesia;;;3;8;16;20.0;2.0;True;;;from JOIN String (Google Sheet Data Static MMSR)
iSolarCloud;1479456;Shoetown Ligung Indonesia;;;3;9;17;0.0;;True;;;from JOIN String (Google Sheet Data Static MMSR)
iSolarCloud;1479456;Shoetown Ligung Indonesia;;;3;9;18;18.0;2.0;True;;;from JOIN String (Google Sheet Data Static MMSR)
iSolarCloud;1479456;Shoetown Ligung Indonesia;;;3;10;19;0.0;;True;;;from JOIN String (Google Sheet Data Static MMSR)
iSolarCloud;1479456;Shoetown Ligung Indonesia;;;3;10;20;20.0;2.0;True;;;from JOIN String (Google Sheet Data Static MMSR)
iSolarCloud;1479456;Shoetown Ligung Indonesia;;;3;11;21;0.0;;True;;;from JOIN String (Google Sheet Data Static MMSR)
iSolarCloud;1479456;Shoetown Ligung Indonesia;;;3;11;22;20.0;2.0;True;;;from JOIN String (Google Sheet Data Static MMSR)
iSolarCloud;1479456;Shoetown Ligung Indonesia;;;3;12;23;0.0;;True;;;from JOIN String (Google Sheet Data Static MMSR)
iSolarCloud;1479456;Shoetown Ligung Indonesia;;;3;12;24;20.0;2.0;True;;;from JOIN String (Google Sheet Data Static MMSR)
iSolarCloud;1479456;Shoetown Ligung Indonesia;;;4;1;1;0.0;;True;;;from JOIN String (Google Sheet Data Static MMSR)
iSolarCloud;1479456;Shoetown Ligung Indonesia;;;4;1;2;18.0;2.0;True;;;from JOIN String (Google Sheet Data Static MMSR)
iSolarCloud;1479456;Shoetown Ligung Indonesia;;;4;2;3;0.0;;True;;;from JOIN String (Google Sheet Data Static MMSR)
iSolarCloud;1479456;Shoetown Ligung Indonesia;;;4;2;4;20.0;3.0;True;;;from JOIN String (Google Sheet Data Static MMSR)
iSolarCloud;1479456;Shoetown Ligung Indonesia;;;4;3;5;0.0;;True;;;from JOIN String (Google Sheet Data Static MMSR)
iSolarCloud;1479456;Shoetown Ligung Indonesia;;;4;3;6;20.0;3.0;True;;;from JOIN String (Google Sheet Data Static MMSR)
iSolarCloud;1479456;Shoetown Ligung Indonesia;;;4;4;7;0.0;;True;;;from JOIN String (Google Sheet Data Static MMSR)
iSolarCloud;1479456;Shoetown Ligung Indonesia;;;4;4;8;20.0;3.0;True;;;from JOIN String (Google Sheet Data Static MMSR)
iSolarCloud;1479456;Shoetown Ligung Indonesia;;;4;5;9;18.0;3.0;True;;;from JOIN String (Google Sheet Data Static MMSR)
iSolarCloud;1479456;Shoetown Ligung Indonesia;;;4;5;10;18.0;3.0;True;;;from JOIN String (Google Sheet Data Static MMSR)
iSolarCloud;1479456;Shoetown Ligung Indonesia;;;4;6;11;0.0;;True;;;from JOIN String (Google Sheet Data Static MMSR)
iSolarCloud;1479456;Shoetown Ligung Indonesia;;;4;6;12;20.0;3.0;True;;;from JOIN String (Google Sheet Data Static MMSR)
iSolarCloud;1479456;Shoetown Ligung Indonesia;;;4;7;13;0.0;;True;;;from JOIN String (Google Sheet Data Static MMSR)
iSolarCloud;1479456;Shoetown Ligung Indonesia;;;4;7;14;20.0;3.0;True;;;from JOIN String (Google Sheet Data Static MMSR)
iSolarCloud;1479456;Shoetown Ligung Indonesia;;;4;8;15;0.0;;True;;;from JOIN String (Google Sheet Data Static MMSR)
iSolarCloud;1479456;Shoetown Ligung Indonesia;;;4;8;16;20.0;3.0;True;;;from JOIN String (Google Sheet Data Static MMSR)
iSolarCloud;1479456;Shoetown Ligung Indonesia;;;4;9;17;20.0;3.0;True;;;from JOIN String (Google Sheet Data Static MMSR)
iSolarCloud;1479456;Shoetown Ligung Indonesia;;;4;9;18;20.0;3.0;True;;;from JOIN String (Google Sheet Data Static MMSR)
iSolarCloud;1479456;Shoetown Ligung Indonesia;;;4;10;19;0.0;;True;;;from JOIN String (Google Sheet Data Static MMSR)
iSolarCloud;1479456;Shoetown Ligung Indonesia;;;4;10;20;20.0;3.0;True;;;from JOIN String (Google Sheet Data Static MMSR)
iSolarCloud;1479456;Shoetown Ligung Indonesia;;;4;11;21;0.0;;True;;;from JOIN String (Google Sheet Data Static MMSR)
iSolarCloud;1479456;Shoetown Ligung Indonesia;;;4;11;22;20.0;3.0;True;;;from JOIN String (Google Sheet Data Static MMSR)
iSolarCloud;1479456;Shoetown Ligung Indonesia;;;4;12;23;0.0;;True;;;from JOIN String (Google Sheet Data Static MMSR)
iSolarCloud;1479456;Shoetown Ligung Indonesia;;;4;12;24;18.0;3.0;True;;;from JOIN String (Google Sheet Data Static MMSR)
iSolarCloud;1479456;Shoetown Ligung Indonesia;;;5;1;1;0.0;;True;;;from JOIN String (Google Sheet Data Static MMSR)
iSolarCloud;1479456;Shoetown Ligung Indonesia;;;5;1;2;20.0;3.0;True;;;from JOIN String (Google Sheet Data Static MMSR)
iSolarCloud;1479456;Shoetown Ligung Indonesia;;;5;2;3;20.0;3.0;True;;;from JOIN String (Google Sheet Data Static MMSR)
iSolarCloud;1479456;Shoetown Ligung Indonesia;;;5;2;4;20.0;3.0;True;;;from JOIN String (Google Sheet Data Static MMSR)
iSolarCloud;1479456;Shoetown Ligung Indonesia;;;5;3;5;0.0;;True;;;from JOIN String (Google Sheet Data Static MMSR)
iSolarCloud;1479456;Shoetown Ligung Indonesia;;;5;3;6;18.0;3.0;True;;;from JOIN String (Google Sheet Data Static MMSR)
iSolarCloud;1479456;Shoetown Ligung Indonesia;;;5;4;7;0.0;;True;;;from JOIN String (Google Sheet Data Static MMSR)
iSolarCloud;1479456;Shoetown Ligung Indonesia;;;5;4;8;20.0;3.0;True;;;from JOIN String (Google Sheet Data Static MMSR)
iSolarCloud;1479456;Shoetown Ligung Indonesia;;;5;5;9;0.0;;True;;;from JOIN String (Google Sheet Data Static MMSR)
iSolarCloud;1479456;Shoetown Ligung Indonesia;;;5;5;10;20.0;3.0;True;;;from JOIN String (Google Sheet Data Static MMSR)
iSolarCloud;1479456;Shoetown Ligung Indonesia;;;5;6;11;0.0;;True;;;from JOIN String (Google Sheet Data Static MMSR)
iSolarCloud;1479456;Shoetown Ligung Indonesia;;;5;6;12;18.0;3.0;True;;;from JOIN String (Google Sheet Data Static MMSR)
iSolarCloud;1479456;Shoetown Ligung Indonesia;;;5;7;13;0.0;;True;;;from JOIN String (Google Sheet Data Static MMSR)
iSolarCloud;1479456;Shoetown Ligung Indonesia;;;5;7;14;20.0;4.0;True;;;from JOIN String (Google Sheet Data Static MMSR)
iSolarCloud;1479456;Shoetown Ligung Indonesia;;;5;8;15;0.0;;True;;;from JOIN String (Google Sheet Data Static MMSR)
iSolarCloud;1479456;Shoetown Ligung Indonesia;;;5;8;16;20.0;4.0;True;;;from JOIN String (Google Sheet Data Static MMSR)
iSolarCloud;1479456;Shoetown Ligung Indonesia;;;5;9;17;0.0;;True;;;from JOIN String (Google Sheet Data Static MMSR)
iSolarCloud;1479456;Shoetown Ligung Indonesia;;;5;9;18;20.0;4.0;True;;;from JOIN String (Google Sheet Data Static MMSR)
iSolarCloud;1479456;Shoetown Ligung Indonesia;;;5;10;19;0.0;;True;;;from JOIN String (Google Sheet Data Static MMSR)
iSolarCloud;1479456;Shoetown Ligung Indonesia;;;5;10;20;18.0;4.0;True;;;from JOIN String (Google Sheet Data Static MMSR)
iSolarCloud;1479456;Shoetown Ligung Indonesia;;;5;11;21;0.0;;True;;;from JOIN String (Google Sheet Data Static MMSR)
iSolarCloud;1479456;Shoetown Ligung Indonesia;;;5;11;22;20.0;4.0;True;;;from JOIN String (Google Sheet Data Static MMSR)
iSolarCloud;1479456;Shoetown Ligung Indonesia;;;5;12;23;0.0;;True;;;from JOIN String (Google Sheet Data Static MMSR)
iSolarCloud;1479456;Shoetown Ligung Indonesia;;;5;12;24;20.0;4.0;True;;;from JOIN String (Google Sheet Data Static MMSR)
iSolarCloud;1479456;Shoetown Ligung Indonesia;;;6;1;1;0.0;;True;;;from JOIN String (Google Sheet Data Static MMSR)
iSolarCloud;1479456;Shoetown Ligung Indonesia;;;6;1;2;20.0;4.0;True;;;from JOIN String (Google Sheet Data Static MMSR)
iSolarCloud;1479456;Shoetown Ligung Indonesia;;;6;2;3;18.0;4.0;True;;;from JOIN String (Google Sheet Data Static MMSR)
iSolarCloud;1479456;Shoetown Ligung Indonesia;;;6;2;4;18.0;4.0;True;;;from JOIN String (Google Sheet Data Static MMSR)
iSolarCloud;1479456;Shoetown Ligung Indonesia;;;6;3;5;0.0;;True;;;from JOIN String (Google Sheet Data Static MMSR)
iSolarCloud;1479456;Shoetown Ligung Indonesia;;;6;3;6;20.0;4.0;True;;;from JOIN String (Google Sheet Data Static MMSR)
iSolarCloud;1479456;Shoetown Ligung Indonesia;;;6;4;7;0.0;;True;;;from JOIN String (Google Sheet Data Static MMSR)
iSolarCloud;1479456;Shoetown Ligung Indonesia;;;6;4;8;20.0;4.0;True;;;from JOIN String (Google Sheet Data Static MMSR)
iSolarCloud;1479456;Shoetown Ligung Indonesia;;;6;5;9;0.0;;True;;;from JOIN String (Google Sheet Data Static MMSR)
iSolarCloud;1479456;Shoetown Ligung Indonesia;;;6;5;10;20.0;4.0;True;;;from JOIN String (Google Sheet Data Static MMSR)
iSolarCloud;1479456;Shoetown Ligung Indonesia;;;6;6;11;0.0;;True;;;from JOIN String (Google Sheet Data Static MMSR)
iSolarCloud;1479456;Shoetown Ligung Indonesia;;;6;6;12;20.0;4.0;True;;;from JOIN String (Google Sheet Data Static MMSR)
iSolarCloud;1479456;Shoetown Ligung Indonesia;;;6;7;13;0.0;;True;;;from JOIN String (Google Sheet Data Static MMSR)
iSolarCloud;1479456;Shoetown Ligung Indonesia;;;6;7;14;20.0;4.0;True;;;from JOIN String (Google Sheet Data Static MMSR)
iSolarCloud;1479456;Shoetown Ligung Indonesia;;;6;8;15;20.0;4.0;True;;;from JOIN String (Google Sheet Data Static MMSR)
iSolarCloud;1479456;Shoetown Ligung Indonesia;;;6;8;16;20.0;4.0;True;;;from JOIN String (Google Sheet Data Static MMSR)
iSolarCloud;1479456;Shoetown Ligung Indonesia;;;6;9;17;0.0;;True;;;from JOIN String (Google Sheet Data Static MMSR)
iSolarCloud;1479456;Shoetown Ligung Indonesia;;;6;9;18;18.0;4.0;True;;;from JOIN String (Google Sheet Data Static MMSR)
iSolarCloud;1479456;Shoetown Ligung Indonesia;;;6;10;19;0.0;;True;;;from JOIN String (Google Sheet Data Static MMSR)
iSolarCloud;1479456;Shoetown Ligung Indonesia;;;6;10;20;20.0;4.0;True;;;from JOIN String (Google Sheet Data Static MMSR)
iSolarCloud;1479456;Shoetown Ligung Indonesia;;;6;11;21;0.0;;True;;;from JOIN String (Google Sheet Data Static MMSR)
iSolarCloud;1479456;Shoetown Ligung Indonesia;;;6;11;22;20.0;4.0;True;;;from JOIN String (Google Sheet Data Static MMSR)
iSolarCloud;1479456;Shoetown Ligung Indonesia;;;6;12;23;0.0;;True;;;from JOIN String (Google Sheet Data Static MMSR)
iSolarCloud;1479456;Shoetown Ligung Indonesia;;;6;12;24;20.0;4.0;True;;;from JOIN String (Google Sheet Data Static MMSR)
iSolarCloud;1479456;Shoetown Ligung Indonesia;;;7;1;1;0.0;;True;;;from JOIN String (Google Sheet Data Static MMSR)
iSolarCloud;1479456;Shoetown Ligung Indonesia;;;7;1;2;20.0;1.0;True;;;from JOIN String (Google Sheet Data Static MMSR)
iSolarCloud;1479456;Shoetown Ligung Indonesia;;;7;2;3;0.0;;True;;;from JOIN String (Google Sheet Data Static MMSR)
iSolarCloud;1479456;Shoetown Ligung Indonesia;;;7;2;4;20.0;1.0;True;;;from JOIN String (Google Sheet Data Static MMSR)
iSolarCloud;1479456;Shoetown Ligung Indonesia;;;7;3;5;0.0;;True;;;from JOIN String (Google Sheet Data Static MMSR)
iSolarCloud;1479456;Shoetown Ligung Indonesia;;;7;3;6;20.0;1.0;True;;;from JOIN String (Google Sheet Data Static MMSR)
iSolarCloud;1479456;Shoetown Ligung Indonesia;;;7;4;7;0.0;;True;;;from JOIN String (Google Sheet Data Static MMSR)
iSolarCloud;1479456;Shoetown Ligung Indonesia;;;7;4;8;20.0;1.0;True;;;from JOIN String (Google Sheet Data Static MMSR)
iSolarCloud;1479456;Shoetown Ligung Indonesia;;;7;5;9;0.0;;True;;;from JOIN String (Google Sheet Data Static MMSR)
iSolarCloud;1479456;Shoetown Ligung Indonesia;;;7;5;10;20.0;1.0;True;;;from JOIN String (Google Sheet Data Static MMSR)
iSolarCloud;1479456;Shoetown Ligung Indonesia;;;7;6;11;0.0;;True;;;from JOIN String (Google Sheet Data Static MMSR)
iSolarCloud;1479456;Shoetown Ligung Indonesia;;;7;6;12;20.0;1.0;True;;;from JOIN String (Google Sheet Data Static MMSR)
iSolarCloud;1479456;Shoetown Ligung Indonesia;;;7;7;13;0.0;;True;;;from JOIN String (Google Sheet Data Static MMSR)
iSolarCloud;1479456;Shoetown Ligung Indonesia;;;7;7;14;20.0;1.0;True;;;from JOIN String (Google Sheet Data Static MMSR)
iSolarCloud;1479456;Shoetown Ligung Indonesia;;;7;8;15;0.0;;True;;;from JOIN String (Google Sheet Data Static MMSR)
iSolarCloud;1479456;Shoetown Ligung Indonesia;;;7;8;16;20.0;1.0;True;;;from JOIN String (Google Sheet Data Static MMSR)
iSolarCloud;1479456;Shoetown Ligung Indonesia;;;7;9;17;0.0;;True;;;from JOIN String (Google Sheet Data Static MMSR)
iSolarCloud;1479456;Shoetown Ligung Indonesia;;;7;9;18;20.0;1.0;True;;;from JOIN String (Google Sheet Data Static MMSR)
iSolarCloud;1479456;Shoetown Ligung Indonesia;;;7;10;19;0.0;;True;;;from JOIN String (Google Sheet Data Static MMSR)
iSolarCloud;1479456;Shoetown Ligung Indonesia;;;7;10;20;20.0;1.0;True;;;from JOIN String (Google Sheet Data Static MMSR)
iSolarCloud;1479456;Shoetown Ligung Indonesia;;;7;11;21;0.0;;True;;;from JOIN String (Google Sheet Data Static MMSR)
iSolarCloud;1479456;Shoetown Ligung Indonesia;;;7;11;22;20.0;1.0;True;;;from JOIN String (Google Sheet Data Static MMSR)
iSolarCloud;1479456;Shoetown Ligung Indonesia;;;7;12;23;0.0;;True;;;from JOIN String (Google Sheet Data Static MMSR)
iSolarCloud;1479456;Shoetown Ligung Indonesia;;;7;12;24;20.0;1.0;True;;;from JOIN String (Google Sheet Data Static MMSR)
iSolarCloud;1479456;Shoetown Ligung Indonesia;;;8;1;1;0.0;;True;;;from JOIN String (Google Sheet Data Static MMSR)
iSolarCloud;1479456;Shoetown Ligung Indonesia;;;8;1;2;20.0;1.0;True;;;from JOIN String (Google Sheet Data Static MMSR)
iSolarCloud;1479456;Shoetown Ligung Indonesia;;;8;2;3;0.0;;True;;;from JOIN String (Google Sheet Data Static MMSR)
iSolarCloud;1479456;Shoetown Ligung Indonesia;;;8;2;4;20.0;1.0;True;;;from JOIN String (Google Sheet Data Static MMSR)
iSolarCloud;1479456;Shoetown Ligung Indonesia;;;8;3;5;0.0;;True;;;from JOIN String (Google Sheet Data Static MMSR)
iSolarCloud;1479456;Shoetown Ligung Indonesia;;;8;3;6;20.0;1.0;True;;;from JOIN String (Google Sheet Data Static MMSR)
iSolarCloud;1479456;Shoetown Ligung Indonesia;;;8;4;7;0.0;;True;;;from JOIN String (Google Sheet Data Static MMSR)
iSolarCloud;1479456;Shoetown Ligung Indonesia;;;8;4;8;20.0;1.0;True;;;from JOIN String (Google Sheet Data Static MMSR)
iSolarCloud;1479456;Shoetown Ligung Indonesia;;;8;5;9;0.0;;True;;;from JOIN String (Google Sheet Data Static MMSR)
iSolarCloud;1479456;Shoetown Ligung Indonesia;;;8;5;10;20.0;1.0;True;;;from JOIN String (Google Sheet Data Static MMSR)
iSolarCloud;1479456;Shoetown Ligung Indonesia;;;8;6;11;0.0;;True;;;from JOIN String (Google Sheet Data Static MMSR)
iSolarCloud;1479456;Shoetown Ligung Indonesia;;;8;6;12;20.0;1.0;True;;;from JOIN String (Google Sheet Data Static MMSR)
iSolarCloud;1479456;Shoetown Ligung Indonesia;;;8;7;13;0.0;;True;;;from JOIN String (Google Sheet Data Static MMSR)
iSolarCloud;1479456;Shoetown Ligung Indonesia;;;8;7;14;20.0;1.0;True;;;from JOIN String (Google Sheet Data Static MMSR)
iSolarCloud;1479456;Shoetown Ligung Indonesia;;;8;8;15;0.0;;True;;;from JOIN String (Google Sheet Data Static MMSR)
iSolarCloud;1479456;Shoetown Ligung Indonesia;;;8;8;16;20.0;1.0;True;;;from JOIN String (Google Sheet Data Static MMSR)
iSolarCloud;1479456;Shoetown Ligung Indonesia;;;8;9;17;0.0;;True;;;from JOIN String (Google Sheet Data Static MMSR)
iSolarCloud;1479456;Shoetown Ligung Indonesia;;;8;9;18;20.0;1.0;True;;;from JOIN String (Google Sheet Data Static MMSR)
iSolarCloud;1479456;Shoetown Ligung Indonesia;;;8;10;19;0.0;;True;;;from JOIN String (Google Sheet Data Static MMSR)
iSolarCloud;1479456;Shoetown Ligung Indonesia;;;8;10;20;20.0;1.0;True;;;from JOIN String (Google Sheet Data Static MMSR)
iSolarCloud;1479456;Shoetown Ligung Indonesia;;;8;11;21;0.0;;True;;;from JOIN String (Google Sheet Data Static MMSR)
iSolarCloud;1479456;Shoetown Ligung Indonesia;;;8;11;22;20.0;1.0;True;;;from JOIN String (Google Sheet Data Static MMSR)
iSolarCloud;1479456;Shoetown Ligung Indonesia;;;8;12;23;0.0;;True;;;from JOIN String (Google Sheet Data Static MMSR)
iSolarCloud;1479456;Shoetown Ligung Indonesia;;;8;12;24;20.0;1.0;True;;;from JOIN String (Google Sheet Data Static MMSR)
iSolarCloud;1479456;Shoetown Ligung Indonesia;;;9;1;1;0.0;;True;;;from JOIN String (Google Sheet Data Static MMSR)
iSolarCloud;1479456;Shoetown Ligung Indonesia;;;9;1;2;20.0;1.0;True;;;from JOIN String (Google Sheet Data Static MMSR)
iSolarCloud;1479456;Shoetown Ligung Indonesia;;;9;2;3;20.0;2.0;True;;;from JOIN String (Google Sheet Data Static MMSR)
iSolarCloud;1479456;Shoetown Ligung Indonesia;;;9;2;4;20.0;2.0;True;;;from JOIN String (Google Sheet Data Static MMSR)
iSolarCloud;1479456;Shoetown Ligung Indonesia;;;9;3;5;0.0;;True;;;from JOIN String (Google Sheet Data Static MMSR)
iSolarCloud;1479456;Shoetown Ligung Indonesia;;;9;3;6;20.0;2.0;True;;;from JOIN String (Google Sheet Data Static MMSR)
iSolarCloud;1479456;Shoetown Ligung Indonesia;;;9;4;7;0.0;;True;;;from JOIN String (Google Sheet Data Static MMSR)
iSolarCloud;1479456;Shoetown Ligung Indonesia;;;9;4;8;20.0;2.0;True;;;from JOIN String (Google Sheet Data Static MMSR)
iSolarCloud;1479456;Shoetown Ligung Indonesia;;;9;5;9;0.0;;True;;;from JOIN String (Google Sheet Data Static MMSR)
iSolarCloud;1479456;Shoetown Ligung Indonesia;;;9;5;10;20.0;2.0;True;;;from JOIN String (Google Sheet Data Static MMSR)
iSolarCloud;1479456;Shoetown Ligung Indonesia;;;9;6;11;0.0;;True;;;from JOIN String (Google Sheet Data Static MMSR)
iSolarCloud;1479456;Shoetown Ligung Indonesia;;;9;6;12;18.0;2.0;True;;;from JOIN String (Google Sheet Data Static MMSR)
iSolarCloud;1479456;Shoetown Ligung Indonesia;;;9;7;13;0.0;;True;;;from JOIN String (Google Sheet Data Static MMSR)
iSolarCloud;1479456;Shoetown Ligung Indonesia;;;9;7;14;20.0;2.0;True;;;from JOIN String (Google Sheet Data Static MMSR)
iSolarCloud;1479456;Shoetown Ligung Indonesia;;;9;8;15;0.0;;True;;;from JOIN String (Google Sheet Data Static MMSR)
iSolarCloud;1479456;Shoetown Ligung Indonesia;;;9;8;16;20.0;2.0;True;;;from JOIN String (Google Sheet Data Static MMSR)
iSolarCloud;1479456;Shoetown Ligung Indonesia;;;9;9;17;0.0;;True;;;from JOIN String (Google Sheet Data Static MMSR)
iSolarCloud;1479456;Shoetown Ligung Indonesia;;;9;9;18;18.0;2.0;True;;;from JOIN String (Google Sheet Data Static MMSR)
iSolarCloud;1479456;Shoetown Ligung Indonesia;;;9;10;19;0.0;;True;;;from JOIN String (Google Sheet Data Static MMSR)
iSolarCloud;1479456;Shoetown Ligung Indonesia;;;9;10;20;20.0;2.0;True;;;from JOIN String (Google Sheet Data Static MMSR)
iSolarCloud;1479456;Shoetown Ligung Indonesia;;;9;11;21;0.0;;True;;;from JOIN String (Google Sheet Data Static MMSR)
iSolarCloud;1479456;Shoetown Ligung Indonesia;;;9;11;22;20.0;2.0;True;;;from JOIN String (Google Sheet Data Static MMSR)
iSolarCloud;1479456;Shoetown Ligung Indonesia;;;9;12;23;0.0;;True;;;from JOIN String (Google Sheet Data Static MMSR)
iSolarCloud;1479456;Shoetown Ligung Indonesia;;;9;12;24;20.0;2.0;True;;;from JOIN String (Google Sheet Data Static MMSR)
iSolarCloud;1479456;Shoetown Ligung Indonesia;;;10;1;1;0.0;;True;;;from JOIN String (Google Sheet Data Static MMSR)
iSolarCloud;1479456;Shoetown Ligung Indonesia;;;10;1;2;20.0;2.0;True;;;from JOIN String (Google Sheet Data Static MMSR)
iSolarCloud;1479456;Shoetown Ligung Indonesia;;;10;2;3;0.0;;True;;;from JOIN String (Google Sheet Data Static MMSR)
iSolarCloud;1479456;Shoetown Ligung Indonesia;;;10;2;4;20.0;2.0;True;;;from JOIN String (Google Sheet Data Static MMSR)
iSolarCloud;1479456;Shoetown Ligung Indonesia;;;10;3;5;0.0;;True;;;from JOIN String (Google Sheet Data Static MMSR)
iSolarCloud;1479456;Shoetown Ligung Indonesia;;;10;3;6;20.0;2.0;True;;;from JOIN String (Google Sheet Data Static MMSR)
iSolarCloud;1479456;Shoetown Ligung Indonesia;;;10;4;7;0.0;;True;;;from JOIN String (Google Sheet Data Static MMSR)
iSolarCloud;1479456;Shoetown Ligung Indonesia;;;10;4;8;20.0;2.0;True;;;from JOIN String (Google Sheet Data Static MMSR)
iSolarCloud;1479456;Shoetown Ligung Indonesia;;;10;5;9;0.0;;True;;;from JOIN String (Google Sheet Data Static MMSR)
iSolarCloud;1479456;Shoetown Ligung Indonesia;;;10;5;10;20.0;2.0;True;;;from JOIN String (Google Sheet Data Static MMSR)
iSolarCloud;1479456;Shoetown Ligung Indonesia;;;10;6;11;0.0;;True;;;from JOIN String (Google Sheet Data Static MMSR)
iSolarCloud;1479456;Shoetown Ligung Indonesia;;;10;6;12;20.0;2.0;True;;;from JOIN String (Google Sheet Data Static MMSR)
iSolarCloud;1479456;Shoetown Ligung Indonesia;;;10;7;13;0.0;;True;;;from JOIN String (Google Sheet Data Static MMSR)
iSolarCloud;1479456;Shoetown Ligung Indonesia;;;10;7;14;20.0;2.0;True;;;from JOIN String (Google Sheet Data Static MMSR)
iSolarCloud;1479456;Shoetown Ligung Indonesia;;;10;8;15;0.0;;True;;;from JOIN String (Google Sheet Data Static MMSR)
iSolarCloud;1479456;Shoetown Ligung Indonesia;;;10;8;16;20.0;2.0;True;;;from JOIN String (Google Sheet Data Static MMSR)
iSolarCloud;1479456;Shoetown Ligung Indonesia;;;10;9;17;0.0;;True;;;from JOIN String (Google Sheet Data Static MMSR)
iSolarCloud;1479456;Shoetown Ligung Indonesia;;;10;9;18;20.0;2.0;True;;;from JOIN String (Google Sheet Data Static MMSR)
iSolarCloud;1479456;Shoetown Ligung Indonesia;;;10;10;19;0.0;;True;;;from JOIN String (Google Sheet Data Static MMSR)
iSolarCloud;1479456;Shoetown Ligung Indonesia;;;10;10;20;20.0;2.0;True;;;from JOIN String (Google Sheet Data Static MMSR)
iSolarCloud;1479456;Shoetown Ligung Indonesia;;;10;11;21;0.0;;True;;;from JOIN String (Google Sheet Data Static MMSR)
iSolarCloud;1479456;Shoetown Ligung Indonesia;;;10;11;22;20.0;3.0;True;;;from JOIN String (Google Sheet Data Static MMSR)
iSolarCloud;1479456;Shoetown Ligung Indonesia;;;10;12;23;0.0;;True;;;from JOIN String (Google Sheet Data Static MMSR)
iSolarCloud;1479456;Shoetown Ligung Indonesia;;;10;12;24;20.0;3.0;True;;;from JOIN String (Google Sheet Data Static MMSR)
iSolarCloud;1479456;Shoetown Ligung Indonesia;;;11;1;1;0.0;;True;;;from JOIN String (Google Sheet Data Static MMSR)
iSolarCloud;1479456;Shoetown Ligung Indonesia;;;11;1;2;20.0;3.0;True;;;from JOIN String (Google Sheet Data Static MMSR)
iSolarCloud;1479456;Shoetown Ligung Indonesia;;;11;2;3;0.0;;True;;;from JOIN String (Google Sheet Data Static MMSR)
iSolarCloud;1479456;Shoetown Ligung Indonesia;;;11;2;4;20.0;3.0;True;;;from JOIN String (Google Sheet Data Static MMSR)
iSolarCloud;1479456;Shoetown Ligung Indonesia;;;11;3;5;0.0;;True;;;from JOIN String (Google Sheet Data Static MMSR)
iSolarCloud;1479456;Shoetown Ligung Indonesia;;;11;3;6;20.0;3.0;True;;;from JOIN String (Google Sheet Data Static MMSR)
iSolarCloud;1479456;Shoetown Ligung Indonesia;;;11;4;7;20.0;3.0;True;;;from JOIN String (Google Sheet Data Static MMSR)
iSolarCloud;1479456;Shoetown Ligung Indonesia;;;11;4;8;20.0;3.0;True;;;from JOIN String (Google Sheet Data Static MMSR)
iSolarCloud;1479456;Shoetown Ligung Indonesia;;;11;5;9;0.0;;True;;;from JOIN String (Google Sheet Data Static MMSR)
iSolarCloud;1479456;Shoetown Ligung Indonesia;;;11;5;10;20.0;3.0;True;;;from JOIN String (Google Sheet Data Static MMSR)
iSolarCloud;1479456;Shoetown Ligung Indonesia;;;11;6;11;0.0;;True;;;from JOIN String (Google Sheet Data Static MMSR)
iSolarCloud;1479456;Shoetown Ligung Indonesia;;;11;6;12;20.0;3.0;True;;;from JOIN String (Google Sheet Data Static MMSR)
iSolarCloud;1479456;Shoetown Ligung Indonesia;;;11;7;13;0.0;;True;;;from JOIN String (Google Sheet Data Static MMSR)
iSolarCloud;1479456;Shoetown Ligung Indonesia;;;11;7;14;20.0;3.0;True;;;from JOIN String (Google Sheet Data Static MMSR)
iSolarCloud;1479456;Shoetown Ligung Indonesia;;;11;8;15;0.0;;True;;;from JOIN String (Google Sheet Data Static MMSR)
iSolarCloud;1479456;Shoetown Ligung Indonesia;;;11;8;16;20.0;3.0;True;;;from JOIN String (Google Sheet Data Static MMSR)
iSolarCloud;1479456;Shoetown Ligung Indonesia;;;11;9;17;0.0;;True;;;from JOIN String (Google Sheet Data Static MMSR)
iSolarCloud;1479456;Shoetown Ligung Indonesia;;;11;9;18;20.0;3.0;True;;;from JOIN String (Google Sheet Data Static MMSR)
iSolarCloud;1479456;Shoetown Ligung Indonesia;;;11;10;19;0.0;;True;;;from JOIN String (Google Sheet Data Static MMSR)
iSolarCloud;1479456;Shoetown Ligung Indonesia;;;11;10;20;20.0;3.0;True;;;from JOIN String (Google Sheet Data Static MMSR)
iSolarCloud;1479456;Shoetown Ligung Indonesia;;;11;11;21;0.0;;True;;;from JOIN String (Google Sheet Data Static MMSR)
iSolarCloud;1479456;Shoetown Ligung Indonesia;;;11;11;22;20.0;3.0;True;;;from JOIN String (Google Sheet Data Static MMSR)
iSolarCloud;1479456;Shoetown Ligung Indonesia;;;11;12;23;0.0;;True;;;from JOIN String (Google Sheet Data Static MMSR)
iSolarCloud;1479456;Shoetown Ligung Indonesia;;;11;12;24;20.0;3.0;True;;;from JOIN String (Google Sheet Data Static MMSR)
iSolarCloud;1479456;Shoetown Ligung Indonesia;;;12;1;1;0.0;;True;;;from JOIN String (Google Sheet Data Static MMSR)
iSolarCloud;1479456;Shoetown Ligung Indonesia;;;12;1;2;20.0;3.0;True;;;from JOIN String (Google Sheet Data Static MMSR)
iSolarCloud;1479456;Shoetown Ligung Indonesia;;;12;2;3;0.0;;True;;;from JOIN String (Google Sheet Data Static MMSR)
iSolarCloud;1479456;Shoetown Ligung Indonesia;;;12;2;4;20.0;3.0;True;;;from JOIN String (Google Sheet Data Static MMSR)
iSolarCloud;1479456;Shoetown Ligung Indonesia;;;12;3;5;0.0;;True;;;from JOIN String (Google Sheet Data Static MMSR)
iSolarCloud;1479456;Shoetown Ligung Indonesia;;;12;3;6;20.0;3.0;True;;;from JOIN String (Google Sheet Data Static MMSR)
iSolarCloud;1479456;Shoetown Ligung Indonesia;;;12;4;7;0.0;;True;;;from JOIN String (Google Sheet Data Static MMSR)
iSolarCloud;1479456;Shoetown Ligung Indonesia;;;12;4;8;20.0;3.0;True;;;from JOIN String (Google Sheet Data Static MMSR)
iSolarCloud;1479456;Shoetown Ligung Indonesia;;;12;5;9;0.0;;True;;;from JOIN String (Google Sheet Data Static MMSR)
iSolarCloud;1479456;Shoetown Ligung Indonesia;;;12;5;10;20.0;3.0;True;;;from JOIN String (Google Sheet Data Static MMSR)
iSolarCloud;1479456;Shoetown Ligung Indonesia;;;12;6;11;0.0;;True;;;from JOIN String (Google Sheet Data Static MMSR)
iSolarCloud;1479456;Shoetown Ligung Indonesia;;;12;6;12;20.0;3.0;True;;;from JOIN String (Google Sheet Data Static MMSR)
iSolarCloud;1479456;Shoetown Ligung Indonesia;;;12;7;13;0.0;;True;;;from JOIN String (Google Sheet Data Static MMSR)
iSolarCloud;1479456;Shoetown Ligung Indonesia;;;12;7;14;20.0;3.0;True;;;from JOIN String (Google Sheet Data Static MMSR)
iSolarCloud;1479456;Shoetown Ligung Indonesia;;;12;8;15;0.0;;True;;;from JOIN String (Google Sheet Data Static MMSR)
iSolarCloud;1479456;Shoetown Ligung Indonesia;;;12;8;16;20.0;3.0;True;;;from JOIN String (Google Sheet Data Static MMSR)
iSolarCloud;1479456;Shoetown Ligung Indonesia;;;12;9;17;0.0;;True;;;from JOIN String (Google Sheet Data Static MMSR)
iSolarCloud;1479456;Shoetown Ligung Indonesia;;;12;9;18;20.0;3.0;True;;;from JOIN String (Google Sheet Data Static MMSR)
iSolarCloud;1479456;Shoetown Ligung Indonesia;;;12;10;19;0.0;;True;;;from JOIN String (Google Sheet Data Static MMSR)
iSolarCloud;1479456;Shoetown Ligung Indonesia;;;12;10;20;20.0;3.0;True;;;from JOIN String (Google Sheet Data Static MMSR)
iSolarCloud;1479456;Shoetown Ligung Indonesia;;;12;11;21;0.0;;True;;;from JOIN String (Google Sheet Data Static MMSR)
iSolarCloud;1479456;Shoetown Ligung Indonesia;;;12;11;22;20.0;3.0;True;;;from JOIN String (Google Sheet Data Static MMSR)
iSolarCloud;1479456;Shoetown Ligung Indonesia;;;12;12;23;0.0;;True;;;from JOIN String (Google Sheet Data Static MMSR)
iSolarCloud;1479456;Shoetown Ligung Indonesia;;;12;12;24;18.0;3.0;True;;;from JOIN String (Google Sheet Data Static MMSR)
iSolarCloud;1479456;Shoetown Ligung Indonesia;;;13;1;1;0.0;;True;;;from JOIN String (Google Sheet Data Static MMSR)
iSolarCloud;1479456;Shoetown Ligung Indonesia;;;13;1;2;20.0;3.0;True;;;from JOIN String (Google Sheet Data Static MMSR)
iSolarCloud;1479456;Shoetown Ligung Indonesia;;;13;2;3;0.0;;True;;;from JOIN String (Google Sheet Data Static MMSR)
iSolarCloud;1479456;Shoetown Ligung Indonesia;;;13;2;4;20.0;3.0;True;;;from JOIN String (Google Sheet Data Static MMSR)
iSolarCloud;1479456;Shoetown Ligung Indonesia;;;13;3;5;0.0;;True;;;from JOIN String (Google Sheet Data Static MMSR)
iSolarCloud;1479456;Shoetown Ligung Indonesia;;;13;3;6;20.0;3.0;True;;;from JOIN String (Google Sheet Data Static MMSR)
iSolarCloud;1479456;Shoetown Ligung Indonesia;;;13;4;7;0.0;;True;;;from JOIN String (Google Sheet Data Static MMSR)
iSolarCloud;1479456;Shoetown Ligung Indonesia;;;13;4;8;20.0;4.0;True;;;from JOIN String (Google Sheet Data Static MMSR)
iSolarCloud;1479456;Shoetown Ligung Indonesia;;;13;5;9;0.0;;True;;;from JOIN String (Google Sheet Data Static MMSR)
iSolarCloud;1479456;Shoetown Ligung Indonesia;;;13;5;10;20.0;4.0;True;;;from JOIN String (Google Sheet Data Static MMSR)
iSolarCloud;1479456;Shoetown Ligung Indonesia;;;13;6;11;0.0;;True;;;from JOIN String (Google Sheet Data Static MMSR)
iSolarCloud;1479456;Shoetown Ligung Indonesia;;;13;6;12;20.0;4.0;True;;;from JOIN String (Google Sheet Data Static MMSR)
iSolarCloud;1479456;Shoetown Ligung Indonesia;;;13;7;13;0.0;;True;;;from JOIN String (Google Sheet Data Static MMSR)
iSolarCloud;1479456;Shoetown Ligung Indonesia;;;13;7;14;20.0;4.0;True;;;from JOIN String (Google Sheet Data Static MMSR)
iSolarCloud;1479456;Shoetown Ligung Indonesia;;;13;8;15;0.0;;True;;;from JOIN String (Google Sheet Data Static MMSR)
iSolarCloud;1479456;Shoetown Ligung Indonesia;;;13;8;16;20.0;4.0;True;;;from JOIN String (Google Sheet Data Static MMSR)
iSolarCloud;1479456;Shoetown Ligung Indonesia;;;13;9;17;0.0;;True;;;from JOIN String (Google Sheet Data Static MMSR)
iSolarCloud;1479456;Shoetown Ligung Indonesia;;;13;9;18;20.0;4.0;True;;;from JOIN String (Google Sheet Data Static MMSR)
iSolarCloud;1479456;Shoetown Ligung Indonesia;;;13;10;19;0.0;;True;;;from JOIN String (Google Sheet Data Static MMSR)
iSolarCloud;1479456;Shoetown Ligung Indonesia;;;13;10;20;20.0;4.0;True;;;from JOIN String (Google Sheet Data Static MMSR)
iSolarCloud;1479456;Shoetown Ligung Indonesia;;;13;11;21;0.0;;True;;;from JOIN String (Google Sheet Data Static MMSR)
iSolarCloud;1479456;Shoetown Ligung Indonesia;;;13;11;22;20.0;4.0;True;;;from JOIN String (Google Sheet Data Static MMSR)
iSolarCloud;1479456;Shoetown Ligung Indonesia;;;13;12;23;0.0;;True;;;from JOIN String (Google Sheet Data Static MMSR)
iSolarCloud;1479456;Shoetown Ligung Indonesia;;;13;12;24;20.0;4.0;True;;;from JOIN String (Google Sheet Data Static MMSR)
iSolarCloud;1479456;Shoetown Ligung Indonesia;;;14;1;1;0.0;;True;;;from JOIN String (Google Sheet Data Static MMSR)
iSolarCloud;1479456;Shoetown Ligung Indonesia;;;14;1;2;20.0;4.0;True;;;from JOIN String (Google Sheet Data Static MMSR)
iSolarCloud;1479456;Shoetown Ligung Indonesia;;;14;2;3;0.0;;True;;;from JOIN String (Google Sheet Data Static MMSR)
iSolarCloud;1479456;Shoetown Ligung Indonesia;;;14;2;4;20.0;4.0;True;;;from JOIN String (Google Sheet Data Static MMSR)
iSolarCloud;1479456;Shoetown Ligung Indonesia;;;14;3;5;0.0;;True;;;from JOIN String (Google Sheet Data Static MMSR)
iSolarCloud;1479456;Shoetown Ligung Indonesia;;;14;3;6;20.0;4.0;True;;;from JOIN String (Google Sheet Data Static MMSR)
iSolarCloud;1479456;Shoetown Ligung Indonesia;;;14;4;7;0.0;;True;;;from JOIN String (Google Sheet Data Static MMSR)
iSolarCloud;1479456;Shoetown Ligung Indonesia;;;14;4;8;20.0;4.0;True;;;from JOIN String (Google Sheet Data Static MMSR)
iSolarCloud;1479456;Shoetown Ligung Indonesia;;;14;5;9;0.0;;True;;;from JOIN String (Google Sheet Data Static MMSR)
iSolarCloud;1479456;Shoetown Ligung Indonesia;;;14;5;10;20.0;4.0;True;;;from JOIN String (Google Sheet Data Static MMSR)
iSolarCloud;1479456;Shoetown Ligung Indonesia;;;14;6;11;0.0;;True;;;from JOIN String (Google Sheet Data Static MMSR)
iSolarCloud;1479456;Shoetown Ligung Indonesia;;;14;6;12;20.0;4.0;True;;;from JOIN String (Google Sheet Data Static MMSR)
iSolarCloud;1479456;Shoetown Ligung Indonesia;;;14;7;13;0.0;;True;;;from JOIN String (Google Sheet Data Static MMSR)
iSolarCloud;1479456;Shoetown Ligung Indonesia;;;14;7;14;20.0;4.0;True;;;from JOIN String (Google Sheet Data Static MMSR)
iSolarCloud;1479456;Shoetown Ligung Indonesia;;;14;8;15;0.0;;True;;;from JOIN String (Google Sheet Data Static MMSR)
iSolarCloud;1479456;Shoetown Ligung Indonesia;;;14;8;16;20.0;4.0;True;;;from JOIN String (Google Sheet Data Static MMSR)
iSolarCloud;1479456;Shoetown Ligung Indonesia;;;14;9;17;0.0;;True;;;from JOIN String (Google Sheet Data Static MMSR)
iSolarCloud;1479456;Shoetown Ligung Indonesia;;;14;9;18;20.0;4.0;True;;;from JOIN String (Google Sheet Data Static MMSR)
iSolarCloud;1479456;Shoetown Ligung Indonesia;;;14;10;19;0.0;;True;;;from JOIN String (Google Sheet Data Static MMSR)
iSolarCloud;1479456;Shoetown Ligung Indonesia;;;14;10;20;20.0;4.0;True;;;from JOIN String (Google Sheet Data Static MMSR)
iSolarCloud;1479456;Shoetown Ligung Indonesia;;;14;11;21;0.0;;True;;;from JOIN String (Google Sheet Data Static MMSR)
iSolarCloud;1479456;Shoetown Ligung Indonesia;;;14;11;22;20.0;4.0;True;;;from JOIN String (Google Sheet Data Static MMSR)
iSolarCloud;1479456;Shoetown Ligung Indonesia;;;14;12;23;0.0;;True;;;from JOIN String (Google Sheet Data Static MMSR)
iSolarCloud;1479456;Shoetown Ligung Indonesia;;;14;12;24;20.0;4.0;True;;;from JOIN String (Google Sheet Data Static MMSR)
iSolarCloud;1479456;Shoetown Ligung Indonesia;;;15;1;1;0.0;;True;;;from JOIN String (Google Sheet Data Static MMSR)
iSolarCloud;1479456;Shoetown Ligung Indonesia;;;15;1;2;20.0;4.0;True;;;from JOIN String (Google Sheet Data Static MMSR)
iSolarCloud;1479456;Shoetown Ligung Indonesia;;;15;2;3;0.0;;True;;;from JOIN String (Google Sheet Data Static MMSR)
iSolarCloud;1479456;Shoetown Ligung Indonesia;;;15;2;4;20.0;4.0;True;;;from JOIN String (Google Sheet Data Static MMSR)
iSolarCloud;1479456;Shoetown Ligung Indonesia;;;15;3;5;0.0;;True;;;from JOIN String (Google Sheet Data Static MMSR)
iSolarCloud;1479456;Shoetown Ligung Indonesia;;;15;3;6;20.0;4.0;True;;;from JOIN String (Google Sheet Data Static MMSR)
iSolarCloud;1479456;Shoetown Ligung Indonesia;;;15;4;7;0.0;;True;;;from JOIN String (Google Sheet Data Static MMSR)
iSolarCloud;1479456;Shoetown Ligung Indonesia;;;15;4;8;20.0;4.0;True;;;from JOIN String (Google Sheet Data Static MMSR)
iSolarCloud;1479456;Shoetown Ligung Indonesia;;;15;5;9;0.0;;True;;;from JOIN String (Google Sheet Data Static MMSR)
iSolarCloud;1479456;Shoetown Ligung Indonesia;;;15;5;10;20.0;5.0;True;;;from JOIN String (Google Sheet Data Static MMSR)
iSolarCloud;1479456;Shoetown Ligung Indonesia;;;15;6;11;0.0;;True;;;from JOIN String (Google Sheet Data Static MMSR)
iSolarCloud;1479456;Shoetown Ligung Indonesia;;;15;6;12;20.0;5.0;True;;;from JOIN String (Google Sheet Data Static MMSR)
iSolarCloud;1479456;Shoetown Ligung Indonesia;;;15;7;13;0.0;;True;;;from JOIN String (Google Sheet Data Static MMSR)
iSolarCloud;1479456;Shoetown Ligung Indonesia;;;15;7;14;20.0;5.0;True;;;from JOIN String (Google Sheet Data Static MMSR)
iSolarCloud;1479456;Shoetown Ligung Indonesia;;;15;8;15;0.0;;True;;;from JOIN String (Google Sheet Data Static MMSR)
iSolarCloud;1479456;Shoetown Ligung Indonesia;;;15;8;16;20.0;5.0;True;;;from JOIN String (Google Sheet Data Static MMSR)
iSolarCloud;1479456;Shoetown Ligung Indonesia;;;15;9;17;0.0;;True;;;from JOIN String (Google Sheet Data Static MMSR)
iSolarCloud;1479456;Shoetown Ligung Indonesia;;;15;9;18;20.0;5.0;True;;;from JOIN String (Google Sheet Data Static MMSR)
iSolarCloud;1479456;Shoetown Ligung Indonesia;;;15;10;19;0.0;;True;;;from JOIN String (Google Sheet Data Static MMSR)
iSolarCloud;1479456;Shoetown Ligung Indonesia;;;15;10;20;20.0;5.0;True;;;from JOIN String (Google Sheet Data Static MMSR)
iSolarCloud;1479456;Shoetown Ligung Indonesia;;;15;11;21;0.0;;True;;;from JOIN String (Google Sheet Data Static MMSR)
iSolarCloud;1479456;Shoetown Ligung Indonesia;;;15;11;22;20.0;5.0;True;;;from JOIN String (Google Sheet Data Static MMSR)
iSolarCloud;1479456;Shoetown Ligung Indonesia;;;15;12;23;0.0;;True;;;from JOIN String (Google Sheet Data Static MMSR)
iSolarCloud;1479456;Shoetown Ligung Indonesia;;;15;12;24;20.0;5.0;True;;;from JOIN String (Google Sheet Data Static MMSR)
iSolarCloud;1479456;Shoetown Ligung Indonesia;;;16;1;1;0.0;;True;;;from JOIN String (Google Sheet Data Static MMSR)
iSolarCloud;1479456;Shoetown Ligung Indonesia;;;16;1;2;20.0;5.0;True;;;from JOIN String (Google Sheet Data Static MMSR)
iSolarCloud;1479456;Shoetown Ligung Indonesia;;;16;2;3;0.0;;True;;;from JOIN String (Google Sheet Data Static MMSR)
iSolarCloud;1479456;Shoetown Ligung Indonesia;;;16;2;4;20.0;5.0;True;;;from JOIN String (Google Sheet Data Static MMSR)
iSolarCloud;1479456;Shoetown Ligung Indonesia;;;16;3;5;0.0;;True;;;from JOIN String (Google Sheet Data Static MMSR)
iSolarCloud;1479456;Shoetown Ligung Indonesia;;;16;3;6;20.0;5.0;True;;;from JOIN String (Google Sheet Data Static MMSR)
iSolarCloud;1479456;Shoetown Ligung Indonesia;;;16;4;7;0.0;;True;;;from JOIN String (Google Sheet Data Static MMSR)
iSolarCloud;1479456;Shoetown Ligung Indonesia;;;16;4;8;20.0;5.0;True;;;from JOIN String (Google Sheet Data Static MMSR)
iSolarCloud;1479456;Shoetown Ligung Indonesia;;;16;5;9;0.0;;True;;;from JOIN String (Google Sheet Data Static MMSR)
iSolarCloud;1479456;Shoetown Ligung Indonesia;;;16;5;10;20.0;5.0;True;;;from JOIN String (Google Sheet Data Static MMSR)
iSolarCloud;1479456;Shoetown Ligung Indonesia;;;16;6;11;0.0;;True;;;from JOIN String (Google Sheet Data Static MMSR)
iSolarCloud;1479456;Shoetown Ligung Indonesia;;;16;6;12;20.0;5.0;True;;;from JOIN String (Google Sheet Data Static MMSR)
iSolarCloud;1479456;Shoetown Ligung Indonesia;;;16;7;13;0.0;;True;;;from JOIN String (Google Sheet Data Static MMSR)
iSolarCloud;1479456;Shoetown Ligung Indonesia;;;16;7;14;20.0;5.0;True;;;from JOIN String (Google Sheet Data Static MMSR)
iSolarCloud;1479456;Shoetown Ligung Indonesia;;;16;8;15;0.0;;True;;;from JOIN String (Google Sheet Data Static MMSR)
iSolarCloud;1479456;Shoetown Ligung Indonesia;;;16;8;16;20.0;5.0;True;;;from JOIN String (Google Sheet Data Static MMSR)
iSolarCloud;1479456;Shoetown Ligung Indonesia;;;16;9;17;0.0;;True;;;from JOIN String (Google Sheet Data Static MMSR)
iSolarCloud;1479456;Shoetown Ligung Indonesia;;;16;9;18;20.0;5.0;True;;;from JOIN String (Google Sheet Data Static MMSR)
iSolarCloud;1479456;Shoetown Ligung Indonesia;;;16;10;19;0.0;;True;;;from JOIN String (Google Sheet Data Static MMSR)
iSolarCloud;1479456;Shoetown Ligung Indonesia;;;16;10;20;20.0;5.0;True;;;from JOIN String (Google Sheet Data Static MMSR)
iSolarCloud;1479456;Shoetown Ligung Indonesia;;;16;11;21;0.0;;True;;;from JOIN String (Google Sheet Data Static MMSR)
iSolarCloud;1479456;Shoetown Ligung Indonesia;;;16;11;22;20.0;5.0;True;;;from JOIN String (Google Sheet Data Static MMSR)
iSolarCloud;1479456;Shoetown Ligung Indonesia;;;16;12;23;0.0;;True;;;from JOIN String (Google Sheet Data Static MMSR)
iSolarCloud;1479456;Shoetown Ligung Indonesia;;;16;12;24;20.0;5.0;True;;;from JOIN String (Google Sheet Data Static MMSR)
iSolarCloud;1479456;Shoetown Ligung Indonesia;;;17;1;1;0.0;;True;;;from JOIN String (Google Sheet Data Static MMSR)
iSolarCloud;1479456;Shoetown Ligung Indonesia;;;17;1;2;20.0;5.0;True;;;from JOIN String (Google Sheet Data Static MMSR)
iSolarCloud;1479456;Shoetown Ligung Indonesia;;;17;2;3;0.0;;True;;;from JOIN String (Google Sheet Data Static MMSR)
iSolarCloud;1479456;Shoetown Ligung Indonesia;;;17;2;4;20.0;5.0;True;;;from JOIN String (Google Sheet Data Static MMSR)
iSolarCloud;1479456;Shoetown Ligung Indonesia;;;17;3;5;0.0;;True;;;from JOIN String (Google Sheet Data Static MMSR)
iSolarCloud;1479456;Shoetown Ligung Indonesia;;;17;3;6;20.0;5.0;True;;;from JOIN String (Google Sheet Data Static MMSR)
iSolarCloud;1479456;Shoetown Ligung Indonesia;;;17;4;7;0.0;;True;;;from JOIN String (Google Sheet Data Static MMSR)
iSolarCloud;1479456;Shoetown Ligung Indonesia;;;17;4;8;20.0;5.0;True;;;from JOIN String (Google Sheet Data Static MMSR)
iSolarCloud;1479456;Shoetown Ligung Indonesia;;;17;5;9;0.0;;True;;;from JOIN String (Google Sheet Data Static MMSR)
iSolarCloud;1479456;Shoetown Ligung Indonesia;;;17;5;10;20.0;5.0;True;;;from JOIN String (Google Sheet Data Static MMSR)
iSolarCloud;1479456;Shoetown Ligung Indonesia;;;17;6;11;0.0;;True;;;from JOIN String (Google Sheet Data Static MMSR)
iSolarCloud;1479456;Shoetown Ligung Indonesia;;;17;6;12;20.0;6.0;True;;;from JOIN String (Google Sheet Data Static MMSR)
iSolarCloud;1479456;Shoetown Ligung Indonesia;;;17;7;13;0.0;;True;;;from JOIN String (Google Sheet Data Static MMSR)
iSolarCloud;1479456;Shoetown Ligung Indonesia;;;17;7;14;20.0;6.0;True;;;from JOIN String (Google Sheet Data Static MMSR)
iSolarCloud;1479456;Shoetown Ligung Indonesia;;;17;8;15;0.0;;True;;;from JOIN String (Google Sheet Data Static MMSR)
iSolarCloud;1479456;Shoetown Ligung Indonesia;;;17;8;16;20.0;6.0;True;;;from JOIN String (Google Sheet Data Static MMSR)
iSolarCloud;1479456;Shoetown Ligung Indonesia;;;17;9;17;0.0;;True;;;from JOIN String (Google Sheet Data Static MMSR)
iSolarCloud;1479456;Shoetown Ligung Indonesia;;;17;9;18;20.0;6.0;True;;;from JOIN String (Google Sheet Data Static MMSR)
iSolarCloud;1479456;Shoetown Ligung Indonesia;;;17;10;19;0.0;;True;;;from JOIN String (Google Sheet Data Static MMSR)
iSolarCloud;1479456;Shoetown Ligung Indonesia;;;17;10;20;20.0;6.0;True;;;from JOIN String (Google Sheet Data Static MMSR)
iSolarCloud;1479456;Shoetown Ligung Indonesia;;;17;11;21;0.0;;True;;;from JOIN String (Google Sheet Data Static MMSR)
iSolarCloud;1479456;Shoetown Ligung Indonesia;;;17;11;22;20.0;6.0;True;;;from JOIN String (Google Sheet Data Static MMSR)
iSolarCloud;1479456;Shoetown Ligung Indonesia;;;17;12;23;0.0;;True;;;from JOIN String (Google Sheet Data Static MMSR)
iSolarCloud;1479456;Shoetown Ligung Indonesia;;;17;12;24;20.0;6.0;True;;;from JOIN String (Google Sheet Data Static MMSR)
iSolarCloud;1479456;Shoetown Ligung Indonesia;;;18;1;1;0.0;;True;;;from JOIN String (Google Sheet Data Static MMSR)
iSolarCloud;1479456;Shoetown Ligung Indonesia;;;18;1;2;20.0;6.0;True;;;from JOIN String (Google Sheet Data Static MMSR)
iSolarCloud;1479456;Shoetown Ligung Indonesia;;;18;2;3;0.0;;True;;;from JOIN String (Google Sheet Data Static MMSR)
iSolarCloud;1479456;Shoetown Ligung Indonesia;;;18;2;4;20.0;6.0;True;;;from JOIN String (Google Sheet Data Static MMSR)
iSolarCloud;1479456;Shoetown Ligung Indonesia;;;18;3;5;0.0;;True;;;from JOIN String (Google Sheet Data Static MMSR)
iSolarCloud;1479456;Shoetown Ligung Indonesia;;;18;3;6;20.0;6.0;True;;;from JOIN String (Google Sheet Data Static MMSR)
iSolarCloud;1479456;Shoetown Ligung Indonesia;;;18;4;7;0.0;;True;;;from JOIN String (Google Sheet Data Static MMSR)
iSolarCloud;1479456;Shoetown Ligung Indonesia;;;18;4;8;20.0;6.0;True;;;from JOIN String (Google Sheet Data Static MMSR)
iSolarCloud;1479456;Shoetown Ligung Indonesia;;;18;5;9;0.0;;True;;;from JOIN String (Google Sheet Data Static MMSR)
iSolarCloud;1479456;Shoetown Ligung Indonesia;;;18;5;10;20.0;6.0;True;;;from JOIN String (Google Sheet Data Static MMSR)
iSolarCloud;1479456;Shoetown Ligung Indonesia;;;18;6;11;0.0;;True;;;from JOIN String (Google Sheet Data Static MMSR)
iSolarCloud;1479456;Shoetown Ligung Indonesia;;;18;6;12;20.0;6.0;True;;;from JOIN String (Google Sheet Data Static MMSR)
iSolarCloud;1479456;Shoetown Ligung Indonesia;;;18;7;13;0.0;;True;;;from JOIN String (Google Sheet Data Static MMSR)
iSolarCloud;1479456;Shoetown Ligung Indonesia;;;18;7;14;20.0;6.0;True;;;from JOIN String (Google Sheet Data Static MMSR)
iSolarCloud;1479456;Shoetown Ligung Indonesia;;;18;8;15;0.0;;True;;;from JOIN String (Google Sheet Data Static MMSR)
iSolarCloud;1479456;Shoetown Ligung Indonesia;;;18;8;16;20.0;6.0;True;;;from JOIN String (Google Sheet Data Static MMSR)
iSolarCloud;1479456;Shoetown Ligung Indonesia;;;18;9;17;0.0;;True;;;from JOIN String (Google Sheet Data Static MMSR)
iSolarCloud;1479456;Shoetown Ligung Indonesia;;;18;9;18;20.0;6.0;True;;;from JOIN String (Google Sheet Data Static MMSR)
iSolarCloud;1479456;Shoetown Ligung Indonesia;;;18;10;19;0.0;;True;;;from JOIN String (Google Sheet Data Static MMSR)
iSolarCloud;1479456;Shoetown Ligung Indonesia;;;18;10;20;20.0;6.0;True;;;from JOIN String (Google Sheet Data Static MMSR)
iSolarCloud;1479456;Shoetown Ligung Indonesia;;;18;11;21;0.0;;True;;;from JOIN String (Google Sheet Data Static MMSR)
iSolarCloud;1479456;Shoetown Ligung Indonesia;;;18;11;22;20.0;6.0;True;;;from JOIN String (Google Sheet Data Static MMSR)
iSolarCloud;1479456;Shoetown Ligung Indonesia;;;18;12;23;0.0;;True;;;from JOIN String (Google Sheet Data Static MMSR)
iSolarCloud;1479456;Shoetown Ligung Indonesia;;;18;12;24;20.0;6.0;True;;;from JOIN String (Google Sheet Data Static MMSR)
