Site_Name;Site_Code;Week;Month;Date;GHI;POA;Energy Simulation (MW);Energy Target (MW);Daily PR POA Simulation;Daily PR POA Target;GHI vs POA;Daily PR GHI Simulation;Daily PR GHI Target
Garuda Metalindo 1;1458125;W1;January;01/01/2025;0.6;0.58;0.312475758;0.312475758;0.770580428;0.770580428;0.02;0.744894414;0.744894414
Garuda Metalindo 1;1458125;W1;January;02/01/2025;0.88;0.85;0.472789899;0.472789899;0.795570923;0.795570923;0.03;0.768449187;0.768449187
Garuda Metalindo 1;1458125;W1;January;03/01/2025;0.9;0.87;0.486353535;0.486353535;0.799580994;0.799580994;0.03;0.772928294;0.772928294
Garuda Metalindo 1;1458125;W1;January;04/01/2025;6.8;6.75;3.655416162;3.655416162;0.774573604;0.774573604;0.05;0.76887821;0.76887821
Garuda Metalindo 1;1458125;W1;January;05/01/2025;2.45;2.38;1.371062626;1.371062626;0.823967294;0.823967294;0.07;0.800425371;0.800425371
Garuda Metalindo 1;1458125;W2;January;06/01/2025;4.14;4.08;2.311966667;2.311966667;0.810496312;0.810496312;0.06;0.798749989;0.798749989
Garuda Metalindo 1;1458125;W2;January;07/01/2025;3.89;3.84;2.186043434;2.186043434;0.814248937;0.814248937;0.05;0.803783012;0.803783012
Garuda Metalindo 1;1458125;W2;January;08/01/2025;1.61;1.56;0.894389899;0.894389899;0.820034125;0.820034125;0.05;0.794567226;0.794567226
Garuda Metalindo 1;1458125;W2;January;09/01/2025;6.22;6.15;3.398158586;3.398158586;0.790311252;0.790311252;0.07;0.781417073;0.781417073
Garuda Metalindo 1;1458125;W2;January;10/01/2025;3.78;3.71;2.009350505;2.009350505;0.77466053;0.77466053;0.07;0.760314965;0.760314965
Garuda Metalindo 1;1458125;W2;January;11/01/2025;3.4;3.33;1.907464646;1.907464646;0.819298014;0.819298014;0.07;0.802430113;0.802430113
Garuda Metalindo 1;1458125;W2;January;12/01/2025;4.13;4.04;2.338536364;2.338536364;0.827927676;0.827927676;0.09;0.809885668;0.809885668
Garuda Metalindo 1;1458125;W3;January;13/01/2025;2.88;2.81;1.630051515;1.630051515;0.829706797;0.829706797;0.07;0.809540312;0.809540312
Garuda Metalindo 1;1458125;W3;January;14/01/2025;7.47;7.39;3.915513131;3.915513131;0.757833648;0.757833648;0.08;0.749717625;0.749717625
Garuda Metalindo 1;1458125;W3;January;15/01/2025;2.74;2.68;1.55310101;1.55310101;0.828885507;0.828885507;0.06;0.81073473;0.81073473
Garuda Metalindo 1;1458125;W3;January;16/01/2025;1.97;1.91;1.107519192;1.107519192;0.82936849;0.82936849;0.06;0.804108536;0.804108536
Garuda Metalindo 1;1458125;W3;January;17/01/2025;0.96;0.93;0.52499899;0.52499899;0.807430513;0.807430513;0.03;0.782198309;0.782198309
Garuda Metalindo 1;1458125;W3;January;18/01/2025;2.47;2.4;1.384787879;1.384787879;0.825280626;0.825280626;0.07;0.801892106;0.801892106
Garuda Metalindo 1;1458125;W3;January;19/01/2025;3.89;3.84;2.130761616;2.130761616;0.793657781;0.793657781;0.05;0.783456524;0.783456524
Garuda Metalindo 1;1458125;W4;January;20/01/2025;3.15;3.11;1.769708081;1.769708081;0.81389969;0.81389969;0.04;0.803564456;0.803564456
Garuda Metalindo 1;1458125;W4;January;21/01/2025;7.4;7.32;3.862868687;3.862868687;0.754794109;0.754794109;0.08;0.746634173;0.746634173
Garuda Metalindo 1;1458125;W4;January;22/01/2025;6.23;6.16;3.373489899;3.373489899;0.783300385;0.783300385;0.07;0.774499257;0.774499257
Garuda Metalindo 1;1458125;W4;January;23/01/2025;4.81;4.74;2.670035354;2.670035354;0.805690621;0.805690621;0.07;0.793965394;0.793965394
Garuda Metalindo 1;1458125;W4;January;24/01/2025;3.55;3.49;2.015950505;2.015950505;0.82619788;0.82619788;0.06;0.812233972;0.812233972
Garuda Metalindo 1;1458125;W4;January;25/01/2025;3.9;3.84;2.089924242;2.089924242;0.778446835;0.778446835;0.06;0.76647073;0.76647073
Garuda Metalindo 1;1458125;W4;January;26/01/2025;2.41;2.34;1.351981818;1.351981818;0.826389198;0.826389198;0.07;0.802386192;0.802386192
Garuda Metalindo 1;1458125;W5;January;27/01/2025;2.61;2.54;1.464358586;1.464358586;0.824600055;0.824600055;0.07;0.802484344;0.802484344
Garuda Metalindo 1;1458125;W5;January;28/01/2025;5.33;5.25;2.867821212;2.867821212;0.781308245;0.781308245;0.08;0.769581292;0.769581292
Garuda Metalindo 1;1458125;W5;January;29/01/2025;1.82;1.76;1.013714141;1.013714141;0.823820273;0.823820273;0.06;0.796661363;0.796661363
Garuda Metalindo 1;1458125;W5;January;30/01/2025;2.94;2.88;1.651614141;1.651614141;0.820249063;0.820249063;0.06;0.803509286;0.803509286
Garuda Metalindo 1;1458125;W5;January;31/01/2025;3.42;3.36;1.899611111;1.899611111;0.808639705;0.808639705;0.06;0.794453043;0.794453043
Garuda Metalindo 1;1458125;W1;February;01/02/2025;5.17;5.09;2.776523232;2.776523232;0.780212973;0.780212973;0.08;0.768140045;0.768140045
Garuda Metalindo 1;1458125;W1;February;02/02/2025;3.65;3.59;2.021418182;2.021418182;0.805362414;0.805362414;0.06;0.792123579;0.792123579
Garuda Metalindo 1;1458125;W2;February;03/02/2025;6.52;6.44;3.523427273;3.523427273;0.78254457;0.78254457;0.08;0.772942796;0.772942796
Garuda Metalindo 1;1458125;W2;February;04/02/2025;5.25;5.17;2.909677778;2.909677778;0.804977964;0.804977964;0.08;0.792711634;0.792711634
Garuda Metalindo 1;1458125;W2;February;05/02/2025;0.61;0.58;0.319754545;0.319754545;0.788530273;0.788530273;0.03;0.749750096;0.749750096
Garuda Metalindo 1;1458125;W2;February;06/02/2025;5.85;5.76;3.245706061;3.245706061;0.805965294;0.805965294;0.09;0.793565828;0.793565828
Garuda Metalindo 1;1458125;W2;February;07/02/2025;1.17;1.13;0.643222222;0.643222222;0.814164636;0.814164636;0.04;0.786329948;0.786329948
Garuda Metalindo 1;1458125;W2;February;08/02/2025;3.76;3.7;2.029328283;2.029328283;0.784477013;0.784477013;0.06;0.771958763;0.771958763
Garuda Metalindo 1;1458125;W2;February;09/02/2025;3.57;3.5;1.898147475;1.898147475;0.775695988;0.775695988;0.07;0.760486263;0.760486263
Garuda Metalindo 1;1458125;W3;February;10/02/2025;3.13;3.06;1.752278788;1.752278788;0.819051887;0.819051887;0.07;0.800734433;0.800734433
Garuda Metalindo 1;1458125;W3;February;11/02/2025;7;6.9;3.714912121;3.714912121;0.770068027;0.770068027;0.1;0.759067055;0.759067055
Garuda Metalindo 1;1458125;W3;February;12/02/2025;3.42;3.37;1.891256566;1.891256566;0.802694313;0.802694313;0.05;0.790959016;0.790959016
Garuda Metalindo 1;1458125;W3;February;13/02/2025;3.79;3.72;2.119826263;2.119826263;0.815055095;0.815055095;0.07;0.800001307;0.800001307
Garuda Metalindo 1;1458125;W3;February;14/02/2025;3.6;3.51;1.907359596;1.907359596;0.777239923;0.777239923;0.09;0.757808925;0.757808925
Garuda Metalindo 1;1458125;W3;February;15/02/2025;5.22;5.13;2.884030303;2.884030303;0.804103759;0.804103759;0.09;0.790239901;0.790239901
Garuda Metalindo 1;1458125;W3;February;16/02/2025;2.44;2.37;1.373148485;1.373148485;0.828702777;0.828702777;0.07;0.804928517;0.804928517
Garuda Metalindo 1;1458125;W4;February;17/02/2025;3.24;3.16;1.825540404;1.825540404;0.826292869;0.826292869;0.08;0.805890576;0.805890576
Garuda Metalindo 1;1458125;W4;February;18/02/2025;2.22;2.15;1.249506061;1.249506061;0.831245955;0.831245955;0.07;0.805035497;0.805035497
Garuda Metalindo 1;1458125;W4;February;19/02/2025;2.84;2.76;1.602163636;1.602163636;0.830285448;0.830285448;0.08;0.806897126;0.806897126
Garuda Metalindo 1;1458125;W4;February;20/02/2025;2.11;2.05;1.183030303;1.183030303;0.825413649;0.825413649;0.06;0.801942171;0.801942171
Garuda Metalindo 1;1458125;W4;February;21/02/2025;2.07;2.01;1.152149495;1.152149495;0.819865128;0.819865128;0.06;0.796100921;0.796100921
Garuda Metalindo 1;1458125;W4;February;22/02/2025;3.33;3.26;1.872605051;1.872605051;0.821595834;0.821595834;0.07;0.80432505;0.80432505
Garuda Metalindo 1;1458125;W4;February;23/02/2025;5.75;5.66;3.120477778;3.120477778;0.788559196;0.788559196;0.09;0.776216531;0.776216531
Garuda Metalindo 1;1458125;W5;February;24/02/2025;6.37;6.27;3.43309899;3.43309899;0.783156259;0.783156259;0.1;0.770861812;0.770861812
Garuda Metalindo 1;1458125;W5;February;25/02/2025;6.48;6.38;3.498216162;3.498216162;0.784251939;0.784251939;0.1;0.772149286;0.772149286
Garuda Metalindo 1;1458125;W5;February;26/02/2025;4.06;3.99;2.226653535;2.226653535;0.798195709;0.798195709;0.07;0.784433714;0.784433714
Garuda Metalindo 1;1458125;W5;February;27/02/2025;5.41;5.3;2.891487879;2.891487879;0.780324323;0.780324323;0.11;0.76445821;0.76445821
Garuda Metalindo 1;1458125;W5;February;28/02/2025;4.25;4.16;2.353976768;2.353976768;0.80935393;0.80935393;0.09;0.79221467;0.79221467
Garuda Metalindo 1;1458125;W1;March;01/03/2025;2.63;2.55;1.48099596;1.48099596;0.830698318;0.830698318;0.08;0.805429928;0.805429928
Garuda Metalindo 1;1458125;W1;March;02/03/2025;1.61;1.56;0.897617172;0.897617172;0.822993096;0.822993096;0.05;0.797434304;0.797434304
Garuda Metalindo 1;1458125;W2;March;03/03/2025;1.58;1.54;0.883576768;0.883576768;0.82064099;0.82064099;0.04;0.799865268;0.799865268
Garuda Metalindo 1;1458125;W2;March;04/03/2025;6.74;6.64;3.62210101;3.62210101;0.78022905;0.78022905;0.1;0.768652951;0.768652951
Garuda Metalindo 1;1458125;W2;March;05/03/2025;4.96;4.86;2.685483838;2.685483838;0.790343547;0.790343547;0.1;0.774409201;0.774409201
Garuda Metalindo 1;1458125;W2;March;06/03/2025;6.96;6.85;3.672935354;3.672935354;0.766924039;0.766924039;0.11;0.754803113;0.754803113
Garuda Metalindo 1;1458125;W2;March;07/03/2025;4.64;4.55;2.565358586;2.565358586;0.806429341;0.806429341;0.09;0.790787393;0.790787393
Garuda Metalindo 1;1458125;W2;March;08/03/2025;2.08;2.02;1.170776768;1.170776768;0.828995865;0.828995865;0.06;0.805082523;0.805082523
Garuda Metalindo 1;1458125;W2;March;09/03/2025;1.91;1.85;1.069958586;1.069958586;0.827227337;0.827227337;0.06;0.801241138;0.801241138
Garuda Metalindo 1;1458125;W3;March;10/03/2025;5.55;5.44;3.060205051;3.060205051;0.804602293;0.804602293;0.11;0.78865522;0.78865522
Garuda Metalindo 1;1458125;W3;March;11/03/2025;7.35;7.22;3.837617172;3.837617172;0.760245904;0.760245904;0.13;0.746799378;0.746799378
Garuda Metalindo 1;1458125;W3;March;12/03/2025;7.72;7.56;3.967560606;3.967560606;0.750639496;0.750639496;0.16;0.735082201;0.735082201
Garuda Metalindo 1;1458125;W3;March;13/03/2025;7.15;7.04;3.766166667;3.766166667;0.765167498;0.765167498;0.11;0.75339569;0.75339569
Garuda Metalindo 1;1458125;W3;March;14/03/2025;4.32;4.24;2.437890909;2.437890909;0.822390433;0.822390433;0.08;0.80716098;0.80716098
Garuda Metalindo 1;1458125;W3;March;15/03/2025;6.23;6.12;3.366630303;3.366630303;0.786816836;0.786816836;0.11;0.772924404;0.772924404
Garuda Metalindo 1;1458125;W3;March;16/03/2025;6.44;6.34;3.477130303;3.477130303;0.784442917;0.784442917;0.1;0.772262126;0.772262126
Garuda Metalindo 1;1458125;W4;March;17/03/2025;6.38;6.27;3.423368687;3.423368687;0.780936589;0.780936589;0.11;0.767472165;0.767472165
Garuda Metalindo 1;1458125;W4;March;18/03/2025;1.32;1.27;0.726869697;0.726869697;0.818620245;0.818620245;0.05;0.787611902;0.787611902
Garuda Metalindo 1;1458125;W4;March;19/03/2025;5.75;5.65;3.148446465;3.148446465;0.797035203;0.797035203;0.1;0.783173721;0.783173721
Garuda Metalindo 1;1458125;W4;March;20/03/2025;2.86;2.8;1.61209596;1.61209596;0.8234979;0.8234979;0.06;0.806221721;0.806221721
Garuda Metalindo 1;1458125;W4;March;21/03/2025;7.1;6.98;3.724238384;3.724238384;0.763153126;0.763153126;0.12;0.750254763;0.750254763
Garuda Metalindo 1;1458125;W4;March;22/03/2025;6.98;6.86;3.669182828;3.669182828;0.765023674;0.765023674;0.12;0.751871404;0.751871404
Garuda Metalindo 1;1458125;W4;March;23/03/2025;7.3;7.17;3.799320202;3.799320202;0.757907805;0.757907805;0.13;0.744410816;0.744410816
Garuda Metalindo 1;1458125;W5;March;24/03/2025;2.32;2.25;1.29660303;1.29660303;0.824240883;0.824240883;0.07;0.799371546;0.799371546
Garuda Metalindo 1;1458125;W5;March;25/03/2025;3.19;3.12;1.800257576;1.800257576;0.825295907;0.825295907;0.07;0.807185965;0.807185965
Garuda Metalindo 1;1458125;W5;March;26/03/2025;5.18;5.06;2.810129293;2.810129293;0.794338154;0.794338154;0.12;0.775936498;0.775936498
Garuda Metalindo 1;1458125;W5;March;27/03/2025;3.98;3.89;2.153537374;2.153537374;0.791830908;0.791830908;0.09;0.773925184;0.773925184
Garuda Metalindo 1;1458125;W5;March;28/03/2025;1.64;1.59;0.911043434;0.911043434;0.819542719;0.819542719;0.05;0.794556661;0.794556661
Garuda Metalindo 1;1458125;W5;March;29/03/2025;3.96;3.88;2.191842424;2.191842424;0.807992335;0.807992335;0.08;0.791669258;0.791669258
Garuda Metalindo 1;1458125;W5;March;30/03/2025;3.73;3.65;2.023715152;2.023715152;0.793023682;0.793023682;0.08;0.776015131;0.776015131
Garuda Metalindo 1;1458125;W5;March;31/03/2025;2.99;2.92;1.672926263;1.672926263;0.819452125;0.819452125;0.07;0.800267627;0.800267627
Garuda Metalindo 1;1458125;W1;April;01/04/2025;5.24;5.14;2.922690909;2.922690909;0.813297445;0.813297445;0.1;0.797776501;0.797776501
Garuda Metalindo 1;1458125;W1;April;02/04/2025;5.32;5.2;2.842222222;2.842222222;0.781779585;0.781779585;0.12;0.764145459;0.764145459
Garuda Metalindo 1;1458125;W1;April;03/04/2025;5.9;5.8;3.222953535;3.222953535;0.79479603;0.79479603;0.1;0.78132491;0.78132491
Garuda Metalindo 1;1458125;W1;April;04/04/2025;6.79;6.66;3.616779798;3.616779798;0.776743231;0.776743231;0.13;0.761871858;0.761871858
Garuda Metalindo 1;1458125;W1;April;05/04/2025;6.98;6.85;3.653233333;3.653233333;0.762810176;0.762810176;0.13;0.74860311;0.74860311
Garuda Metalindo 1;1458125;W1;April;06/04/2025;5.09;4.98;2.822641414;2.822641414;0.810692219;0.810692219;0.11;0.793172348;0.793172348
Garuda Metalindo 1;1458125;W2;April;07/04/2025;3.37;3.27;1.88329798;1.88329798;0.823760429;0.823760429;0.1;0.799316499;0.799316499
Garuda Metalindo 1;1458125;W2;April;08/04/2025;5.02;4.92;2.765014141;2.765014141;0.803825709;0.803825709;0.1;0.787813244;0.787813244
Garuda Metalindo 1;1458125;W2;April;09/04/2025;4.75;4.66;2.642617172;2.642617172;0.811106672;0.811106672;0.09;0.795738335;0.795738335
Garuda Metalindo 1;1458125;W2;April;10/04/2025;6.35;6.23;3.396677778;3.396677778;0.779822823;0.779822823;0.12;0.765086013;0.765086013
Garuda Metalindo 1;1458125;W2;April;11/04/2025;5.09;4.97;2.730736364;2.730736364;0.785874185;0.785874185;0.12;0.767346699;0.767346699
Garuda Metalindo 1;1458125;W2;April;12/04/2025;6.53;6.41;3.49119596;3.49119596;0.779015026;0.779015026;0.12;0.764699283;0.764699283
Garuda Metalindo 1;1458125;W2;April;13/04/2025;1.87;1.81;1.041043434;1.041043434;0.822659112;0.822659112;0.06;0.796263633;0.796263633
Garuda Metalindo 1;1458125;W3;April;14/04/2025;0.98;0.95;0.537511111;0.537511111;0.80927007;0.80927007;0.03;0.784496497;0.784496497
Garuda Metalindo 1;1458125;W3;April;15/04/2025;3.94;3.86;2.204662626;2.204662626;0.816929301;0.816929301;0.08;0.800341904;0.800341904
Garuda Metalindo 1;1458125;W3;April;16/04/2025;5.95;5.83;3.232215152;3.232215152;0.792978377;0.792978377;0.12;0.776985536;0.776985536
Garuda Metalindo 1;1458125;W3;April;17/04/2025;3.78;3.7;2.095294949;2.095294949;0.809977733;0.809977733;0.08;0.792835347;0.792835347
Garuda Metalindo 1;1458125;W3;April;18/04/2025;6.9;6.74;3.616180808;3.616180808;0.767396614;0.767396614;0.16;0.74960191;0.74960191
Garuda Metalindo 1;1458125;W3;April;19/04/2025;6.45;6.31;3.453149495;3.453149495;0.782736632;0.782736632;0.14;0.765747;0.765747
Garuda Metalindo 1;1458125;W3;April;20/04/2025;5.57;5.45;3.014717172;3.014717172;0.791188034;0.791188034;0.12;0.774142691;0.774142691
Garuda Metalindo 1;1458125;W4;April;21/04/2025;5.68;5.57;3.118140404;3.118140404;0.800700518;0.800700518;0.11;0.785193994;0.785193994
Garuda Metalindo 1;1458125;W4;April;22/04/2025;3.97;3.88;2.220894949;2.220894949;0.818702146;0.818702146;0.09;0.800142148;0.800142148
Garuda Metalindo 1;1458125;W4;April;23/04/2025;6.06;5.93;3.270738384;3.270738384;0.788897813;0.788897813;0.13;0.771974263;0.771974263
Garuda Metalindo 1;1458125;W4;April;24/04/2025;3.77;3.68;2.128374747;2.128374747;0.827236935;0.827236935;0.09;0.807488573;0.807488573
Garuda Metalindo 1;1458125;W4;April;25/04/2025;2.99;2.9;1.681968687;1.681968687;0.82956333;0.82956333;0.09;0.804593197;0.804593197
Garuda Metalindo 1;1458125;W4;April;26/04/2025;5.37;5.25;2.961635354;2.961635354;0.806866938;0.806866938;0.12;0.788836392;0.788836392
Garuda Metalindo 1;1458125;W4;April;27/04/2025;3.25;3.15;1.838837374;1.838837374;0.834953724;0.834953724;0.1;0.809262841;0.809262841
Garuda Metalindo 1;1458125;W5;April;28/04/2025;3.87;3.77;2.173158586;2.173158586;0.824479208;0.824479208;0.1;0.803174836;0.803174836
Garuda Metalindo 1;1458125;W5;April;29/04/2025;5;4.89;2.798919192;2.798919192;0.818674266;0.818674266;0.11;0.800663432;0.800663432
Garuda Metalindo 1;1458125;W5;April;30/04/2025;5.43;5.31;2.996753535;2.996753535;0.807209275;0.807209275;0.12;0.789370396;0.789370396
Garuda Metalindo 1;1458125;W1;May;01/05/2025;5.15;5.04;0;2.812555007;0;0.798178686;0.11;0;0.781130209
Garuda Metalindo 1;1458125;W1;May;02/05/2025;5.44;5.32;2.609811111;2.968808063;0.701660585;0.798178686;0.12;0.686182778;0.780571803
Garuda Metalindo 1;1458125;W1;May;03/05/2025;6.03;5.9;3.257279798;3.257279798;0.789646459;0.789646459;0.13;0.772622572;0.772622572
Garuda Metalindo 1;1458125;W1;May;04/05/2025;6.29;6.15;3.35979596;3.35979596;0.781389239;0.781389239;0.14;0.763997427;0.763997427
Garuda Metalindo 1;1458125;W2;May;05/05/2025;6.27;6.13;3.341589899;3.341589899;0.779690626;0.779690626;0.14;0.762281266;0.762281266
Garuda Metalindo 1;1458125;W2;May;06/05/2025;6.47;6.32;3.41749697;3.41749697;0.773429438;0.773429438;0.15;0.755498307;0.755498307
Garuda Metalindo 1;1458125;W2;May;07/05/2025;5.59;5.47;3.046657576;3.046657576;0.796647058;0.796647058;0.12;0.779545511;0.779545511
Garuda Metalindo 1;1458125;W2;May;08/05/2025;4.45;4.34;2.497063636;2.497063636;0.822942551;0.822942551;0.11;0.802600151;0.802600151
Garuda Metalindo 1;1458125;W2;May;09/05/2025;2.92;2.84;1.645208081;1.645208081;0.828575585;0.828575585;0.08;0.805874884;0.805874884
Garuda Metalindo 1;1458125;W2;May;10/05/2025;3.28;3.19;1.848470707;1.848470707;0.828803407;0.828803407;0.09;0.80606185;0.80606185
Garuda Metalindo 1;1458125;W2;May;11/05/2025;2.45;2.37;1.374766667;1.374766667;0.829679358;0.829679358;0.08;0.802587788;0.802587788
Garuda Metalindo 1;1458125;W3;May;12/05/2025;5.74;5.62;3.138336364;3.138336364;0.798716785;0.798716785;0.12;0.782018873;0.782018873
Garuda Metalindo 1;1458125;W3;May;13/05/2025;6.14;6;3.293069697;3.293069697;0.785017449;0.785017449;0.14;0.767118028;0.767118028
Garuda Metalindo 1;1458125;W3;May;14/05/2025;4.52;4.41;2.531817172;2.531817172;0.821151687;0.821151687;0.11;0.801167907;0.801167907
Garuda Metalindo 1;1458125;W3;May;15/05/2025;4.71;4.6;2.620407071;2.620407071;0.814780392;0.814780392;0.11;0.795751551;0.795751551
Garuda Metalindo 1;1458125;W3;May;16/05/2025;2.54;2.46;1.424516162;1.424516162;0.828250891;0.828250891;0.08;0.802164249;0.802164249
Garuda Metalindo 1;1458125;W3;May;17/05/2025;4.33;4.22;2.424949495;2.424949495;0.821901712;0.821901712;0.11;0.801021992;0.801021992
Garuda Metalindo 1;1458125;W3;May;18/05/2025;4.48;4.38;2.511120202;2.511120202;0.820017328;0.820017328;0.1;0.801713369;0.801713369
Garuda Metalindo 1;1458125;W4;May;19/05/2025;5.73;5.61;3.121189899;3.121189899;0.795768913;0.795768913;0.12;0.779103596;0.779103596
Garuda Metalindo 1;1458125;W4;May;20/05/2025;5.53;5.42;3.019449495;3.019449495;0.796816138;0.796816138;0.11;0.780966269;0.780966269
Garuda Metalindo 1;1458125;W4;May;21/05/2025;2.39;2.31;1.3308;1.3308;0.824006145;0.824006145;0.08;0.796424349;0.796424349
Garuda Metalindo 1;1458125;W4;May;22/05/2025;4.52;4.41;2.490212121;2.490212121;0.807657799;0.807657799;0.11;0.78800241;0.78800241
Garuda Metalindo 1;1458125;W4;May;23/05/2025;4.87;4.75;2.658274747;2.658274747;0.800453106;0.800453106;0.12;0.780729415;0.780729415
Garuda Metalindo 1;1458125;W4;May;24/05/2025;6.09;5.95;0;3.320377439;0;0.798178686;0.14;0;0.779829751
Garuda Metalindo 1;1458125;W4;May;25/05/2025;5.18;5.07;2.865913131;2.865913131;0.808508707;0.808508707;0.11;0.791339603;0.791339603
Garuda Metalindo 1;1458125;W5;May;26/05/2025;4.24;4.13;2.278636364;2.278636364;0.789141004;0.789141004;0.11;0.768668006;0.768668006
Garuda Metalindo 1;1458125;W5;May;27/05/2025;4.36;4.25;1.321085859;2.371698171;0.444602348;0.798178686;0.11;0.433385316;0.77804115
Garuda Metalindo 1;1458125;W5;May;28/05/2025;4.82;4.71;0;2.62839962;0;0.798178686;0.11;0;0.77996299
Garuda Metalindo 1;1458125;W5;May;29/05/2025;4.82;4.7;2.662222222;2.662222222;0.810169863;0.810169863;0.12;0.789999659;0.789999659
Garuda Metalindo 1;1458125;W5;May;30/05/2025;4.92;4.8;2.73510404;2.73510404;0.815008713;0.815008713;0.12;0.795130452;0.795130452
Garuda Metalindo 1;1458125;W5;May;31/05/2025;4.46;4.34;2.487139394;2.487139394;0.819671877;0.819671877;0.12;0.797617926;0.797617926
Garuda Metalindo 1;1458125;W1;June;01/06/2025;5.18;5.06;2.844171717;2.844171717;0.803960913;0.803960913;0.12;0.785336336;0.785336336
Garuda Metalindo 1;1458125;W2;June;02/06/2025;5.73;5.59;3.10350101;3.10350101;0.794089989;0.794089989;0.14;0.77468814;0.77468814
Garuda Metalindo 1;1458125;W2;June;03/06/2025;5.78;5.64;3.143075758;3.143075758;0.79708637;0.79708637;0.14;0.77777978;0.77777978
Garuda Metalindo 1;1458125;W2;June;04/06/2025;5.73;5.59;3.100718182;3.100718182;0.79337795;0.79337795;0.14;0.773993497;0.773993497
Garuda Metalindo 1;1458125;W2;June;05/06/2025;5.32;5.19;2.90899798;2.90899798;0.801688585;0.801688585;0.13;0.78209845;0.78209845
Garuda Metalindo 1;1458125;W2;June;06/06/2025;3.02;2.93;1.697384848;1.697384848;0.828595058;0.828595058;0.09;0.803901828;0.803901828
Garuda Metalindo 1;1458125;W2;June;07/06/2025;3.62;3.52;2.040966667;2.040966667;0.829321427;0.829321427;0.1;0.806411995;0.806411995
Garuda Metalindo 1;1458125;W2;June;08/06/2025;5.63;5.49;3.071940404;3.071940404;0.800331812;0.800331812;0.14;0.780430133;0.780430133
Garuda Metalindo 1;1458125;W3;June;09/06/2025;4.24;4.14;2.359184848;2.359184848;0.815063166;0.815063166;0.1;0.795839978;0.795839978
Garuda Metalindo 1;1458125;W3;June;10/06/2025;5.78;5.64;3.127489899;3.127489899;0.793133785;0.793133785;0.14;0.773922932;0.773922932
Garuda Metalindo 1;1458125;W3;June;11/06/2025;5;4.87;2.754742424;2.754742424;0.809061759;0.809061759;0.13;0.788026153;0.788026153
Garuda Metalindo 1;1458125;W3;June;12/06/2025;4.65;4.54;2.610991919;2.610991919;0.82258221;0.82258221;0.11;0.803123276;0.803123276
Garuda Metalindo 1;1458125;W3;June;13/06/2025;2.63;2.56;1.464463636;1.464463636;0.81821656;0.81821656;0.07;0.796438933;0.796438933
Garuda Metalindo 1;1458125;W3;June;14/06/2025;4.48;4.36;2.507585859;2.507585859;0.822619425;0.822619425;0.12;0.800584976;0.800584976
Garuda Metalindo 1;1458125;W3;June;15/06/2025;3.99;3.89;2.241948485;2.241948485;0.824338656;0.824338656;0.1;0.803678539;0.803678539
Garuda Metalindo 1;1458125;W4;June;16/06/2025;5.47;5.34;2.980941414;2.980941414;0.798439146;0.798439146;0.13;0.779463445;0.779463445
Garuda Metalindo 1;1458125;W4;June;17/06/2025;4.86;4.73;2.665052525;2.665052525;0.805887223;0.805887223;0.13;0.784330569;0.784330569
Garuda Metalindo 1;1458125;W4;June;18/06/2025;5.09;4.96;2.806813131;2.806813131;0.809396759;0.809396759;0.13;0.788724543;0.788724543
Garuda Metalindo 1;1458125;W4;June;19/06/2025;5.22;5.1;2.850949495;2.850949495;0.799556182;0.799556182;0.12;0.78117558;0.78117558
Garuda Metalindo 1;1458125;W4;June;20/06/2025;5.28;5.15;2.882016162;2.882016162;0.800421639;0.800421639;0.13;0.780714288;0.780714288
Garuda Metalindo 1;1458125;W4;June;21/06/2025;5.32;5.19;2.908715152;2.908715152;0.80161064;0.80161064;0.13;0.782022411;0.782022411
Garuda Metalindo 1;1458125;W4;June;22/06/2025;3.91;3.81;2.177907071;2.177907071;0.817605882;0.817605882;0.1;0.796695246;0.796695246
Garuda Metalindo 1;1458125;W5;June;23/06/2025;3.33;3.23;1.861443434;1.861443434;0.824284169;0.824284169;0.1;0.799530891;0.799530891
Garuda Metalindo 1;1458125;W5;June;24/06/2025;4.66;4.54;2.594435354;2.594435354;0.817366133;0.817366133;0.12;0.796318078;0.796318078
Garuda Metalindo 1;1458125;W5;June;25/06/2025;5.47;5.34;2.979372727;2.979372727;0.798018977;0.798018977;0.13;0.779053261;0.779053261
Garuda Metalindo 1;1458125;W5;June;26/06/2025;5.26;5.13;2.887176768;2.887176768;0.804981032;0.804981032;0.13;0.785086064;0.785086064
Garuda Metalindo 1;1458125;W5;June;27/06/2025;4.81;4.7;2.674435354;2.674435354;0.813886575;0.813886575;0.11;0.795273784;0.795273784
Garuda Metalindo 1;1458125;W5;June;28/06/2025;3.28;3.19;1.834590909;1.834590909;0.822580087;0.822580087;0.09;0.800009292;0.800009292
Garuda Metalindo 1;1458125;W5;June;29/06/2025;3.94;3.84;2.213526263;2.213526263;0.824485634;0.824485634;0.1;0.803559603;0.803559603
Garuda Metalindo 1;1458125;W5;June;30/06/2025;5.05;4.92;2.796330303;2.796330303;0.812929726;0.812929726;0.13;0.792002822;0.792002822
Garuda Metalindo 1;1458125;W1;July;01/07/2025;3.03;2.94;1.702455556;1.702455556;0.828243604;0.828243604;0.09;0.803642308;0.803642308
Garuda Metalindo 1;1458125;W1;July;02/07/2025;3.99;3.89;2.225383838;2.225383838;0.818248026;0.818248026;0.1;0.797740557;0.797740557
Garuda Metalindo 1;1458125;W1;July;03/07/2025;4.76;4.64;2.628058586;2.628058586;0.810115049;0.810115049;0.12;0.789691981;0.789691981
Garuda Metalindo 1;1458125;W1;July;04/07/2025;5.37;5.24;2.939320202;2.939320202;0.802315626;0.802315626;0.13;0.782892715;0.782892715
Garuda Metalindo 1;1458125;W1;July;05/07/2025;5.39;5.26;2.961433333;2.961433333;0.805278037;0.805278037;0.13;0.785855746;0.785855746
Garuda Metalindo 1;1458125;W1;July;06/07/2025;4.58;4.47;2.5618;2.5618;0.819723407;0.819723407;0.11;0.800035726;0.800035726
Garuda Metalindo 1;1458125;W2;July;07/07/2025;5.16;5.04;2.84350101;2.84350101;0.806960893;0.806960893;0.12;0.788194361;0.788194361
Garuda Metalindo 1;1458125;W2;July;08/07/2025;5.1;4.98;2.81039596;2.81039596;0.807175196;0.807175196;0.12;0.788182838;0.788182838
Garuda Metalindo 1;1458125;W2;July;09/07/2025;5.27;5.14;2.891470707;2.891470707;0.804609796;0.804609796;0.13;0.784761737;0.784761737
Garuda Metalindo 1;1458125;W2;July;10/07/2025;5.92;5.76;3.171383838;3.171383838;0.787509793;0.787509793;0.16;0.766225745;0.766225745
Garuda Metalindo 1;1458125;W2;July;11/07/2025;5.41;5.28;2.965752525;2.965752525;0.803397774;0.803397774;0.13;0.784092468;0.784092468
Garuda Metalindo 1;1458125;W2;July;12/07/2025;5.72;5.59;3.101155556;3.101155556;0.79348986;0.79348986;0.13;0.775456;0.775456
Garuda Metalindo 1;1458125;W2;July;13/07/2025;5.54;5.41;3.026413131;3.026413131;0.800130058;0.800130058;0.13;0.781354443;0.781354443
Garuda Metalindo 1;1458125;W3;July;14/07/2025;4.62;4.51;2.596320202;2.596320202;0.823400922;0.823400922;0.11;0.803796138;0.803796138
Garuda Metalindo 1;1458125;W3;July;15/07/2025;5.21;5.09;2.881612121;2.881612121;0.809743327;0.809743327;0.12;0.791092809;0.791092809
Garuda Metalindo 1;1458125;W3;July;16/07/2025;4.7;4.58;2.628713131;2.628713131;0.820932321;0.820932321;0.12;0.799972347;0.799972347
Garuda Metalindo 1;1458125;W3;July;17/07/2025;4.75;4.64;2.654619192;2.654619192;0.818302518;0.818302518;0.11;0.799352354;0.799352354
Garuda Metalindo 1;1458125;W3;July;18/07/2025;5.54;5.41;3.012080808;3.012080808;0.796340845;0.796340845;0.13;0.777654147;0.777654147
Garuda Metalindo 1;1458125;W3;July;19/07/2025;5.06;4.94;2.797284848;2.797284848;0.809914888;0.809914888;0.12;0.79070742;0.79070742
Garuda Metalindo 1;1458125;W3;July;20/07/2025;5.71;5.58;3.094975758;3.094975758;0.793327832;0.793327832;0.13;0.775266077;0.775266077
Garuda Metalindo 1;1458125;W4;July;21/07/2025;5.41;5.29;2.963042424;2.963042424;0.801146308;0.801146308;0.12;0.783375965;0.783375965
Garuda Metalindo 1;1458125;W4;July;22/07/2025;4.95;4.84;2.726611111;2.726611111;0.805763288;0.805763288;0.11;0.787857438;0.787857438
Garuda Metalindo 1;1458125;W4;July;23/07/2025;3.67;3.57;2.054709091;2.054709091;0.823212136;0.823212136;0.1;0.800781288;0.800781288
Garuda Metalindo 1;1458125;W4;July;24/07/2025;2.28;2.2;1.272622222;1.272622222;0.827382745;0.827382745;0.08;0.798351772;0.798351772
Garuda Metalindo 1;1458125;W4;July;25/07/2025;4.16;4.06;2.311732323;2.311732323;0.814406347;0.814406347;0.1;0.794829272;0.794829272
Garuda Metalindo 1;1458125;W4;July;26/07/2025;5.11;4.99;2.83600303;2.83600303;0.812897491;0.812897491;0.12;0.793807921;0.793807921
Garuda Metalindo 1;1458125;W4;July;27/07/2025;5.19;5.07;2.844244444;2.844244444;0.802395708;0.802395708;0.12;0.783843206;0.783843206
Garuda Metalindo 1;1458125;W5;July;28/07/2025;5.01;4.89;2.772567677;2.772567677;0.810966538;0.810966538;0.12;0.79154219;0.79154219
Garuda Metalindo 1;1458125;W5;July;29/07/2025;3.1;3.02;1.728564646;1.728564646;0.818668954;0.818668954;0.08;0.797542014;0.797542014
Garuda Metalindo 1;1458125;W5;July;30/07/2025;4.73;4.62;2.647841414;2.647841414;0.819746617;0.819746617;0.11;0.800682742;0.800682742
Garuda Metalindo 1;1458125;W5;July;31/07/2025;2.67;2.58;1.488355556;1.488355556;0.825119071;0.825119071;0.09;0.797306068;0.797306068
Garuda Metalindo 1;1458125;W1;August;01/08/2025;4.39;4.28;2.466675758;2.466675758;0.824323981;0.824323981;0.11;0.803668939;0.803668939
Garuda Metalindo 1;1458125;W1;August;02/08/2025;3.67;3.58;2.015748485;2.015748485;0.80534683;0.80534683;0.09;0.78559718;0.78559718
Garuda Metalindo 1;1458125;W1;August;03/08/2025;5.24;5.12;2.898710101;2.898710101;0.809775179;0.809775179;0.12;0.79123071;0.79123071
Garuda Metalindo 1;1458125;W2;August;04/08/2025;5.52;5.39;3.04089899;3.04089899;0.806943016;0.806943016;0.13;0.787938923;0.787938923
Garuda Metalindo 1;1458125;W2;August;05/08/2025;5.88;5.75;3.194758586;3.194758586;0.794693827;0.794693827;0.13;0.777124065;0.777124065
Garuda Metalindo 1;1458125;W2;August;06/08/2025;5.46;5.34;3.003369697;3.003369697;0.804446517;0.804446517;0.12;0.786766374;0.786766374
Garuda Metalindo 1;1458125;W2;August;07/08/2025;5.76;5.63;3.137591919;3.137591919;0.797108978;0.797108978;0.13;0.779118672;0.779118672
Garuda Metalindo 1;1458125;W2;August;08/08/2025;3.92;3.82;2.162248485;2.162248485;0.809602567;0.809602567;0.1;0.78894944;0.78894944
Garuda Metalindo 1;1458125;W2;August;09/08/2025;5;4.89;2.777267677;2.777267677;0.812341272;0.812341272;0.11;0.794469764;0.794469764
Garuda Metalindo 1;1458125;W2;August;10/08/2025;6;5.86;3.242057576;3.242057576;0.791321099;0.791321099;0.14;0.77285694;0.77285694
Garuda Metalindo 1;1458125;W3;August;11/08/2025;5.13;5.02;2.846153535;2.846153535;0.810931639;0.810931639;0.11;0.793543242;0.793543242
Garuda Metalindo 1;1458125;W3;August;12/08/2025;5.6;5.48;3.047418182;3.047418182;0.795391845;0.795391845;0.12;0.778347734;0.778347734
Garuda Metalindo 1;1458125;W3;August;13/08/2025;5.81;5.69;3.164484848;3.164484848;0.795463748;0.795463748;0.12;0.779034204;0.779034204
Garuda Metalindo 1;1458125;W3;August;14/08/2025;6;5.86;3.229682828;3.229682828;0.788300671;0.788300671;0.14;0.769906989;0.769906989
Garuda Metalindo 1;1458125;W3;August;15/08/2025;5.79;5.66;3.1607;3.1607;0.798723538;0.798723538;0.13;0.780790195;0.780790195
Garuda Metalindo 1;1458125;W3;August;16/08/2025;4.87;4.75;2.64580303;2.64580303;0.796697653;0.796697653;0.12;0.7770665;0.7770665
Garuda Metalindo 1;1458125;W3;August;17/08/2025;5.16;5.04;2.863259596;2.863259596;0.812568208;0.812568208;0.12;0.793671273;0.793671273
Garuda Metalindo 1;1458125;W4;August;18/08/2025;6.33;6.18;3.364026263;3.364026263;0.778575154;0.778575154;0.15;0.760125506;0.760125506
Garuda Metalindo 1;1458125;W4;August;19/08/2025;6.09;5.96;3.271377778;3.271377778;0.785080296;0.785080296;0.13;0.768321603;0.768321603
Garuda Metalindo 1;1458125;W4;August;20/08/2025;6.09;5.95;3.267155556;3.267155556;0.785384787;0.785384787;0.14;0.767329965;0.767329965
Garuda Metalindo 1;1458125;W4;August;21/08/2025;5.73;5.61;3.137478788;3.137478788;0.799921878;0.799921878;0.12;0.783169587;0.783169587
Garuda Metalindo 1;1458125;W4;August;22/08/2025;3.6;3.52;2.015627273;2.015627273;0.819025079;0.819025079;0.08;0.800824522;0.800824522
Garuda Metalindo 1;1458125;W4;August;23/08/2025;4.64;4.54;2.596029293;2.596029293;0.817868297;0.817868297;0.1;0.800241825;0.800241825
Garuda Metalindo 1;1458125;W4;August;24/08/2025;6.07;5.94;3.27379596;3.27379596;0.788305944;0.788305944;0.13;0.77142295;0.77142295
Garuda Metalindo 1;1458125;W5;August;25/08/2025;5.14;5.03;2.853611111;2.853611111;0.811440052;0.811440052;0.11;0.794074603;0.794074603
Garuda Metalindo 1;1458125;W5;August;26/08/2025;5.45;5.33;2.941988889;2.941988889;0.789484226;0.789484226;0.12;0.772101087;0.772101087
Garuda Metalindo 1;1458125;W5;August;27/08/2025;6.25;6.13;3.353018182;3.353018182;0.782357179;0.782357179;0.12;0.767335921;0.767335921
Garuda Metalindo 1;1458125;W5;August;28/08/2025;6.3;6.18;3.379854545;3.379854545;0.782238475;0.782238475;0.12;0.767338695;0.767338695
Garuda Metalindo 1;1458125;W5;August;29/08/2025;4.9;4.79;2.669250505;2.669250505;0.797046131;0.797046131;0.11;0.779153259;0.779153259
Garuda Metalindo 1;1458125;W5;August;30/08/2025;5.84;5.72;3.181259596;3.181259596;0.795486326;0.795486326;0.12;0.779140717;0.779140717
Garuda Metalindo 1;1458125;W5;August;31/08/2025;5.49;5.37;2.945944444;2.945944444;0.784657093;0.784657093;0.12;0.767506118;0.767506118
Garuda Metalindo 1;1458125;W1;September;01/09/2025;5.41;5.3;2.998589899;2.998589899;0.80922789;0.80922789;0.11;0.792774088;0.792774088
Garuda Metalindo 1;1458125;W1;September;02/09/2025;5.13;5.03;2.853506061;2.853506061;0.81141018;0.81141018;0.1;0.795593218;0.795593218
Garuda Metalindo 1;1458125;W1;September;03/09/2025;5.77;5.66;3.149182828;3.149182828;0.795813096;0.795813096;0.11;0.780641616;0.780641616
Garuda Metalindo 1;1458125;W1;September;04/09/2025;2.68;2.61;1.497511111;1.497511111;0.820652287;0.820652287;0.07;0.799217339;0.799217339
Garuda Metalindo 1;1458125;W1;September;05/09/2025;5.65;5.54;3.062906061;3.062906061;0.790776128;0.790776128;0.11;0.775380487;0.775380487
Garuda Metalindo 1;1458125;W1;September;06/09/2025;5.72;5.62;3.141523232;3.141523232;0.799527854;0.799527854;0.1;0.785550094;0.785550094
Garuda Metalindo 1;1458125;W1;September;07/09/2025;2.47;2.39;1.386081818;1.386081818;0.829508048;0.829508048;0.08;0.80264139;0.80264139
Garuda Metalindo 1;1458125;W2;September;08/09/2025;3.47;3.39;1.950849495;1.950849495;0.823102092;0.823102092;0.08;0.804125675;0.804125675
Garuda Metalindo 1;1458125;W2;September;09/09/2025;5.41;5.3;3.016270707;3.016270707;0.8139994;0.8139994;0.11;0.797448581;0.797448581
Garuda Metalindo 1;1458125;W2;September;10/09/2025;6.59;6.46;3.511051515;3.511051515;0.777381716;0.777381716;0.13;0.762046416;0.762046416
Garuda Metalindo 1;1458125;W2;September;11/09/2025;5.67;5.55;3.112268687;3.112268687;0.802072707;0.802072707;0.12;0.785097623;0.785097623
Garuda Metalindo 1;1458125;W2;September;12/09/2025;3.64;3.54;2.054287879;2.054287879;0.830018323;0.830018323;0.1;0.807215622;0.807215622
Garuda Metalindo 1;1458125;W2;September;13/09/2025;3.88;3.78;2.114447475;2.114447475;0.800082441;0.800082441;0.1;0.77946176;0.77946176
Garuda Metalindo 1;1458125;W2;September;14/09/2025;6.55;6.43;3.499453535;3.499453535;0.778428802;0.778428802;0.12;0.764167511;0.764167511
Garuda Metalindo 1;1458125;W3;September;15/09/2025;5.46;5.36;3.046609091;3.046609091;0.81298322;0.81298322;0.1;0.798093418;0.798093418
Garuda Metalindo 1;1458125;W3;September;16/09/2025;6.26;6.14;3.376489899;3.376489899;0.7865507;0.7865507;0.12;0.77147305;0.77147305
Garuda Metalindo 1;1458125;W3;September;17/09/2025;6.75;6.62;3.592305051;3.592305051;0.776148562;0.776148562;0.13;0.761200516;0.761200516
Garuda Metalindo 1;1458125;W3;September;18/09/2025;6.62;6.5;3.530124242;3.530124242;0.776794733;0.776794733;0.12;0.762713861;0.762713861
Garuda Metalindo 1;1458125;W3;September;19/09/2025;5.48;5.38;3.028168687;3.028168687;0.805058476;0.805058476;0.1;0.790367628;0.790367628
Garuda Metalindo 1;1458125;W3;September;20/09/2025;5.19;5.08;2.832606061;2.832606061;0.797539324;0.797539324;0.11;0.780635793;0.780635793
Garuda Metalindo 1;1458125;W3;September;21/09/2025;5.18;5.08;2.831732323;2.831732323;0.797293317;0.797293317;0.1;0.781901554;0.781901554
Garuda Metalindo 1;1458125;W4;September;22/09/2025;7.17;7.03;3.744029293;3.744029293;0.761751908;0.761751908;0.14;0.746878092;0.746878092
Garuda Metalindo 1;1458125;W4;September;23/09/2025;6.8;6.68;3.612824242;3.612824242;0.773570697;0.773570697;0.12;0.759919449;0.759919449
Garuda Metalindo 1;1458125;W4;September;24/09/2025;7;6.87;3.670468687;3.670468687;0.764177813;0.764177813;0.13;0.749985939;0.749985939
Garuda Metalindo 1;1458125;W4;September;25/09/2025;6.09;5.98;3.297639394;3.297639394;0.788735915;0.788735915;0.11;0.774489453;0.774489453
Garuda Metalindo 1;1458125;W4;September;26/09/2025;4.32;4.23;2.306992929;2.306992929;0.780073517;0.780073517;0.09;0.763821985;0.763821985
Garuda Metalindo 1;1458125;W4;September;27/09/2025;6.4;6.29;3.468606061;3.468606061;0.788740191;0.788740191;0.11;0.775183719;0.775183719
Garuda Metalindo 1;1458125;W4;September;28/09/2025;6.31;6.2;3.407362626;3.407362626;0.786061099;0.786061099;0.11;0.772357973;0.772357973
Garuda Metalindo 1;1458125;W5;September;29/09/2025;5.72;5.62;3.166005051;3.166005051;0.805758556;0.805758556;0.1;0.791671868;0.791671868
Garuda Metalindo 1;1458125;W5;September;30/09/2025;3.02;2.93;1.706023232;1.706023232;0.83281197;0.83281197;0.09;0.80799307;0.80799307
Garuda Metalindo 1;1458125;W1;October;01/10/2025;6.1;5.99;3.33779697;3.33779697;0.797008094;0.797008094;0.11;0.782635816;0.782635816
Garuda Metalindo 1;1458125;W1;October;02/10/2025;5.59;5.48;3.093310101;3.093310101;0.807369872;0.807369872;0.11;0.791482451;0.791482451
Garuda Metalindo 1;1458125;W1;October;03/10/2025;3.81;3.72;2.142561616;2.142561616;0.823796644;0.823796644;0.09;0.804336881;0.804336881
Garuda Metalindo 1;1458125;W1;October;04/10/2025;5.22;5.11;2.843589899;2.843589899;0.795931515;0.795931515;0.11;0.779159011;0.779159011
Garuda Metalindo 1;1458125;W1;October;05/10/2025;4.64;4.54;2.594330303;2.594330303;0.817333037;0.817333037;0.1;0.799718101;0.799718101
Garuda Metalindo 1;1458125;W2;October;06/10/2025;3.66;3.58;2.053811111;2.053811111;0.820553893;0.820553893;0.08;0.802618289;0.802618289
Garuda Metalindo 1;1458125;W2;October;07/10/2025;3.97;3.87;2.224825253;2.224825253;0.822270251;0.822270251;0.1;0.801558154;0.801558154
Garuda Metalindo 1;1458125;W2;October;08/10/2025;6.96;6.84;3.669675758;3.669675758;0.767363661;0.767363661;0.12;0.754133253;0.754133253
Garuda Metalindo 1;1458125;W2;October;09/10/2025;4.84;4.74;2.595543434;2.595543434;0.783212477;0.783212477;0.1;0.767030401;0.767030401
Garuda Metalindo 1;1458125;W2;October;10/10/2025;5.39;5.28;2.848393939;2.848393939;0.771606306;0.771606306;0.11;0.755859239;0.755859239
Garuda Metalindo 1;1458125;W2;October;11/10/2025;6.75;6.64;3.56619697;3.56619697;0.76818688;0.76818688;0.11;0.755668279;0.755668279
Garuda Metalindo 1;1458125;W2;October;12/10/2025;6.64;6.53;3.530956566;3.530956566;0.773408306;0.773408306;0.11;0.760595819;0.760595819
Garuda Metalindo 1;1458125;W3;October;13/10/2025;5.76;5.65;3.126746465;3.126746465;0.791541806;0.791541806;0.11;0.776425557;0.776425557
Garuda Metalindo 1;1458125;W3;October;14/10/2025;5.71;5.6;3.141045455;3.141045455;0.80226128;0.80226128;0.11;0.786806159;0.786806159
Garuda Metalindo 1;1458125;W3;October;15/10/2025;5.03;4.94;2.730550505;2.730550505;0.790592887;0.790592887;0.09;0.77644709;0.77644709
Garuda Metalindo 1;1458125;W3;October;16/10/2025;2.28;2.21;1.279989899;1.279989899;0.82840728;0.82840728;0.07;0.802973723;0.802973723
Garuda Metalindo 1;1458125;W3;October;17/10/2025;2.41;2.34;1.350955556;1.350955556;0.825761902;0.825761902;0.07;0.801777117;0.801777117
Garuda Metalindo 1;1458125;W3;October;18/10/2025;3.02;2.94;1.697829293;1.697829293;0.82599293;0.82599293;0.08;0.804112322;0.804112322
Garuda Metalindo 1;1458125;W3;October;19/10/2025;2.6;2.51;1.455663636;1.455663636;0.829501068;0.829501068;0.09;0.80078757;0.80078757
Garuda Metalindo 1;1458125;W4;October;20/10/2025;3.33;3.24;1.863837374;1.863837374;0.822796894;0.822796894;0.09;0.80055914;0.80055914
Garuda Metalindo 1;1458125;W4;October;21/10/2025;6.7;6.59;3.558189899;3.558189899;0.772277436;0.772277436;0.11;0.759598254;0.759598254
Garuda Metalindo 1;1458125;W4;October;22/10/2025;6.75;6.64;3.592313131;3.592313131;0.773812506;0.773812506;0.11;0.761202228;0.761202228
Garuda Metalindo 1;1458125;W4;October;23/10/2025;6.28;6.18;3.426539394;3.426539394;0.793043285;0.793043285;0.1;0.780415207;0.780415207
Garuda Metalindo 1;1458125;W4;October;24/10/2025;4.13;4.04;2.326226263;2.326226263;0.823569448;0.823569448;0.09;0.805622414;0.805622414
Garuda Metalindo 1;1458125;W4;October;25/10/2025;3.85;3.76;2.17500303;2.17500303;0.8273736;0.8273736;0.09;0.808032399;0.808032399
Garuda Metalindo 1;1458125;W4;October;26/10/2025;6.8;6.69;3.613964646;3.613964646;0.772658204;0.772658204;0.11;0.760159321;0.760159321
Garuda Metalindo 1;1458125;W5;October;27/10/2025;6.85;6.75;3.641319192;3.641319192;0.771586491;0.771586491;0.1;0.760322455;0.760322455
Garuda Metalindo 1;1458125;W5;October;28/10/2025;6.24;6.13;3.402072727;3.402072727;0.793803038;0.793803038;0.11;0.779809716;0.779809716
Garuda Metalindo 1;1458125;W5;October;29/10/2025;4.47;4.38;2.519628283;2.519628283;0.822795679;0.822795679;0.09;0.806229323;0.806229323
Garuda Metalindo 1;1458125;W5;October;30/10/2025;3.89;3.82;2.193751515;2.193751515;0.821398128;0.821398128;0.07;0.806617185;0.806617185
Garuda Metalindo 1;1458125;W5;October;31/10/2025;6.83;6.73;3.62860404;3.62860404;0.771177151;0.771177151;0.1;0.759886124;0.759886124
Garuda Metalindo 1;1458125;W1;November;01/11/2025;5.66;5.55;3.050555556;3.050555556;0.786168418;0.786168418;0.11;0.770889527;0.770889527
Garuda Metalindo 1;1458125;W1;November;02/11/2025;5.42;5.32;3.000749495;3.000749495;0.806766298;0.806766298;0.1;0.791881311;0.791881311
Garuda Metalindo 1;1458125;W2;November;03/11/2025;6.05;5.96;3.291993939;3.291993939;0.790027857;0.790027857;0.09;0.778275377;0.778275377
Garuda Metalindo 1;1458125;W2;November;04/11/2025;2.54;2.46;1.431723232;1.431723232;0.83244127;0.83244127;0.08;0.806222647;0.806222647
Garuda Metalindo 1;1458125;W2;November;05/11/2025;6.21;6.11;3.327444444;3.327444444;0.778931453;0.778931453;0.1;0.766388274;0.766388274
Garuda Metalindo 1;1458125;W2;November;06/11/2025;5.25;5.16;2.942781818;2.942781818;0.815714158;0.815714158;0.09;0.801730487;0.801730487
Garuda Metalindo 1;1458125;W2;November;07/11/2025;5.7;5.61;3.143909091;3.143909091;0.801561328;0.801561328;0.09;0.788905097;0.788905097
Garuda Metalindo 1;1458125;W2;November;08/11/2025;6.46;6.37;3.491745455;3.491745455;0.784030183;0.784030183;0.09;0.773107162;0.773107162
Garuda Metalindo 1;1458125;W2;November;09/11/2025;6.94;6.83;3.657964646;3.657964646;0.766034692;0.766034692;0.11;0.753892931;0.753892931
Garuda Metalindo 1;1458125;W3;November;10/11/2025;5.22;5.13;2.900481818;2.900481818;0.808690647;0.808690647;0.09;0.794747705;0.794747705
Garuda Metalindo 1;1458125;W3;November;11/11/2025;4.97;4.88;2.695593939;2.695593939;0.790067664;0.790067664;0.09;0.775760604;0.775760604
Garuda Metalindo 1;1458125;W3;November;12/11/2025;4.28;4.2;2.408757576;2.408757576;0.820301378;0.820301378;0.08;0.804968642;0.804968642
Garuda Metalindo 1;1458125;W3;November;13/11/2025;6.18;6.09;3.395812121;3.395812121;0.797546474;0.797546474;0.09;0.78593172;0.78593172
Garuda Metalindo 1;1458125;W3;November;14/11/2025;3.95;3.86;2.242247475;2.242247475;0.830856223;0.830856223;0.09;0.811925322;0.811925322
Garuda Metalindo 1;1458125;W3;November;15/11/2025;5.91;5.82;3.27440202;3.27440202;0.804708619;0.804708619;0.09;0.792454173;0.792454173
Garuda Metalindo 1;1458125;W3;November;16/11/2025;5.98;5.9;3.280436364;3.280436364;0.795260192;0.795260192;0.08;0.78462126;0.78462126
Garuda Metalindo 1;1458125;W4;November;17/11/2025;5.35;5.27;3.008829293;3.008829293;0.81661353;0.81661353;0.08;0.804402487;0.804402487
Garuda Metalindo 1;1458125;W4;November;18/11/2025;6.31;6.22;3.415992929;3.415992929;0.785518136;0.785518136;0.09;0.774314232;0.774314232
Garuda Metalindo 1;1458125;W4;November;19/11/2025;6.71;6.62;3.566261616;3.566261616;0.770521653;0.770521653;0.09;0.760186788;0.760186788
Garuda Metalindo 1;1458125;W4;November;20/11/2025;5.73;5.64;3.153088889;3.153088889;0.799625708;0.799625708;0.09;0.787066142;0.787066142
Garuda Metalindo 1;1458125;W4;November;21/11/2025;6.11;6.02;3.306649495;3.306649495;0.785635879;0.785635879;0.09;0.774063501;0.774063501
Garuda Metalindo 1;1458125;W4;November;22/11/2025;6.39;6.3;3.462539394;3.462539394;0.786110888;0.786110888;0.09;0.775038904;0.775038904
Garuda Metalindo 1;1458125;W4;November;23/11/2025;6.15;6.06;3.359892929;3.359892929;0.793016916;0.793016916;0.09;0.781411791;0.781411791
Garuda Metalindo 1;1458125;W5;November;24/11/2025;7.07;6.98;3.742654545;3.742654545;0.766926877;0.766926877;0.09;0.757164018;0.757164018
Garuda Metalindo 1;1458125;W5;November;25/11/2025;2.93;2.85;1.657283838;1.657283838;0.831728672;0.831728672;0.08;0.809019357;0.809019357
Garuda Metalindo 1;1458125;W5;November;26/11/2025;6.28;6.2;3.414366667;3.414366667;0.787676895;0.787676895;0.08;0.777642794;0.777642794
Garuda Metalindo 1;1458125;W5;November;27/11/2025;6.64;6.55;3.565614141;3.565614141;0.778614848;0.778614848;0.09;0.768061334;0.768061334
Garuda Metalindo 1;1458125;W5;November;28/11/2025;5.96;5.88;3.304837374;3.304837374;0.803900697;0.803900697;0.08;0.793110084;0.793110084
Garuda Metalindo 1;1458125;W5;November;29/11/2025;6.84;6.75;3.644821212;3.644821212;0.77232856;0.77232856;0.09;0.762166342;0.762166342
Garuda Metalindo 1;1458125;W5;November;30/11/2025;6.57;6.49;3.546857576;3.546857576;0.781679443;0.781679443;0.08;0.772161276;0.772161276
Garuda Metalindo 1;1458125;W1;December;01/12/2025;5.99;5.89;3.164129293;3.164129293;0.768366753;0.768366753;0.1;0.755539261;0.755539261
Garuda Metalindo 1;1458125;W1;December;02/12/2025;2.64;2.56;1.483325253;1.483325253;0.828754812;0.828754812;0.08;0.80364103;0.80364103
Garuda Metalindo 1;1458125;W1;December;03/12/2025;2.9;2.81;1.617959596;1.617959596;0.823551932;0.823551932;0.09;0.797993424;0.797993424
Garuda Metalindo 1;1458125;W1;December;04/12/2025;3.77;3.68;2.121289899;2.121289899;0.824483262;0.824483262;0.09;0.804800638;0.804800638
Garuda Metalindo 1;1458125;W1;December;05/12/2025;3.22;3.13;1.811330303;1.811330303;0.827719055;0.827719055;0.09;0.80458405;0.80458405
Garuda Metalindo 1;1458125;W1;December;06/12/2025;3.27;3.18;1.840155556;1.840155556;0.827669698;0.827669698;0.09;0.804889798;0.804889798
Garuda Metalindo 1;1458125;W1;December;07/12/2025;6.42;6.34;3.470449495;3.470449495;0.782935722;0.782935722;0.08;0.773179514;0.773179514
Garuda Metalindo 1;1458125;W2;December;08/12/2025;5.72;5.62;2.999374747;2.999374747;0.763350603;0.763350603;0.1;0.750005313;0.750005313
Garuda Metalindo 1;1458125;W2;December;09/12/2025;2.56;2.5;1.443482828;1.443482828;0.825850148;0.825850148;0.06;0.806494286;0.806494286
Garuda Metalindo 1;1458125;W2;December;10/12/2025;4.09;4.01;2.302407071;2.302407071;0.821234859;0.821234859;0.08;0.805171586;0.805171586
Garuda Metalindo 1;1458125;W2;December;11/12/2025;2.32;2.25;1.302871717;1.302871717;0.828225841;0.828225841;0.07;0.803236268;0.803236268
Garuda Metalindo 1;1458125;W2;December;12/12/2025;1.89;1.83;1.055585859;1.055585859;0.825034504;0.825034504;0.06;0.798842933;0.798842933
Garuda Metalindo 1;1458125;W2;December;13/12/2025;5.01;4.93;2.731188889;2.731188889;0.792381734;0.792381734;0.08;0.779728932;0.779728932
Garuda Metalindo 1;1458125;W2;December;14/12/2025;6.54;6.47;3.533019192;3.533019192;0.781036543;0.781036543;0.07;0.772676824;0.772676824
Garuda Metalindo 1;1458125;W3;December;15/12/2025;4.06;4;2.186156566;2.186156566;0.781719433;0.781719433;0.06;0.770166929;0.770166929
Garuda Metalindo 1;1458125;W3;December;16/12/2025;3.48;3.4;1.946578788;1.946578788;0.818884607;0.818884607;0.08;0.800059673;0.800059673
Garuda Metalindo 1;1458125;W3;December;17/12/2025;4.64;4.56;2.616863636;2.616863636;0.82081614;0.82081614;0.08;0.806664138;0.806664138
Garuda Metalindo 1;1458125;W3;December;18/12/2025;5.67;5.61;3.151034343;3.151034343;0.803377961;0.803377961;0.06;0.794876607;0.794876607
Garuda Metalindo 1;1458125;W3;December;19/12/2025;6.23;6.16;3.404385859;3.404385859;0.790474207;0.790474207;0.07;0.781592475;0.781592475
Garuda Metalindo 1;1458125;W3;December;20/12/2025;4.47;4.38;2.51599697;2.51599697;0.821609858;0.821609858;0.09;0.805067377;0.805067377
Garuda Metalindo 1;1458125;W3;December;21/12/2025;1.49;1.44;0.829855556;0.829855556;0.8242703;0.8242703;0.05;0.796610223;0.796610223
Garuda Metalindo 1;1458125;W4;December;22/12/2025;4.35;4.29;2.461540404;2.461540404;0.820690327;0.820690327;0.06;0.80937046;0.80937046
Garuda Metalindo 1;1458125;W4;December;23/12/2025;4.57;4.51;2.588288889;2.588288889;0.820853859;0.820853859;0.06;0.810076784;0.810076784
Garuda Metalindo 1;1458125;W4;December;24/12/2025;5.05;4.96;2.853278788;2.853278788;0.822795995;0.822795995;0.09;0.808132304;0.808132304
Garuda Metalindo 1;1458125;W4;December;25/12/2025;2.53;2.46;1.433631313;1.433631313;0.833550678;0.833550678;0.07;0.810488011;0.810488011
Garuda Metalindo 1;1458125;W4;December;26/12/2025;7.15;7.09;3.808637374;3.808637374;0.768339265;0.768339265;0.06;0.761891662;0.761891662
Garuda Metalindo 1;1458125;W4;December;27/12/2025;7.29;7.23;3.856356566;3.856356566;0.762901596;0.762901596;0.06;0.756622571;0.756622571
Garuda Metalindo 1;1458125;W4;December;28/12/2025;5.48;5.4;3.067977778;3.067977778;0.812621087;0.812621087;0.08;0.800758005;0.800758005
Garuda Metalindo 1;1458125;W5;December;29/12/2025;5.56;5.48;3.097038384;3.097038384;0.808342973;0.808342973;0.08;0.796712139;0.796712139
Garuda Metalindo 1;1458125;W5;December;30/12/2025;3.2;3.15;1.810278788;1.810278788;0.821986239;0.821986239;0.05;0.809142704;0.809142704
Garuda Metalindo 1;1458125;W5;December;31/12/2025;1.08;1.04;0.590487879;0.590487879;0.81209584;0.81209584;0.04;0.782018216;0.782018216
Garuda Metalindo 2;1453245;W1;January;01/01/2025;2.69253;2.62939;1.425209384;1.425209384;0.817344874;0.817344874;0.06314;0.798178085;0.798178085
Garuda Metalindo 2;1453245;W1;January;02/01/2025;4.27738;4.19638;2.192580263;2.192580263;0.787884159;0.787884159;0.081;0.772964134;0.772964134
Garuda Metalindo 2;1453245;W1;January;03/01/2025;2.88838;2.84631;1.495728182;1.495728182;0.792414028;0.792414028;0.04207;0.780872313;0.780872313
Garuda Metalindo 2;1453245;W1;January;04/01/2025;4.79994;4.72779;2.53451819;2.53451819;0.808386239;0.808386239;0.07215;0.796235031;0.796235031
Garuda Metalindo 2;1453245;W1;January;05/01/2025;1.2242;1.18562;0.638010386;0.638010386;0.811454007;0.811454007;0.03858;0.785881474;0.785881474
Garuda Metalindo 2;1453245;W2;January;06/01/2025;2.3535;2.28232;1.248227829;1.248227829;0.824705711;0.824705711;0.07118;0.79976305;0.79976305
Garuda Metalindo 2;1453245;W2;January;07/01/2025;2.65066;2.58792;1.414019551;1.414019551;0.823922275;0.823922275;0.06274;0.804420384;0.804420384
Garuda Metalindo 2;1453245;W2;January;08/01/2025;6.36149;6.26461;3.260532333;3.260532333;0.784831;0.784831;0.09688;0.772878702;0.772878702
Garuda Metalindo 2;1453245;W2;January;09/01/2025;3.55815;3.48442;1.839181819;1.839181819;0.795931778;0.795931778;0.07373;0.779438923;0.779438923
Garuda Metalindo 2;1453245;W2;January;10/01/2025;4.31155;4.21798;1.737343487;2.235192695;0.621101891;0.79908344;0.09357;0.607622631;0.781741593
Garuda Metalindo 2;1453245;W2;January;11/01/2025;5.7142;5.614;0;2.974971855;0;0.79908344;0.1002;0;0.785071301
Garuda Metalindo 2;1453245;W2;January;12/01/2025;7.61724;7.50421;3.77618051;3.77618051;0.758803708;0.758803708;0.11303;0.747544042;0.747544042
Garuda Metalindo 2;1453245;W3;January;13/01/2025;3.97926;3.88772;2.135586759;2.135586759;0.828331005;0.828331005;0.09154;0.809275849;0.809275849
Garuda Metalindo 2;1453245;W3;January;14/01/2025;1.31137;1.27;0.689699107;0.689699107;0.818912725;0.818912725;0.04137;0.793078354;0.793078354
Garuda Metalindo 2;1453245;W3;January;15/01/2025;1.30762;1.2663;0.689822799;0.689822799;0.8214528;0.8214528;0.04132;0.795495389;0.795495389
Garuda Metalindo 2;1453245;W3;January;16/01/2025;1.21958;1.18081;0.638853336;0.638853336;0.815835918;0.815835918;0.03877;0.789900794;0.789900794
Garuda Metalindo 2;1453245;W3;January;17/01/2025;1.40569;1.36161;0.740629772;0.740629772;0.820219539;0.820219539;0.04408;0.794498877;0.794498877
Garuda Metalindo 2;1453245;W3;January;18/01/2025;0.6591;0.6376;0.329410073;0.329410073;0.779058812;0.779058812;0.0215;0.753645727;0.753645727
Garuda Metalindo 2;1453245;W3;January;19/01/2025;3.73009;3.6595;1.903289799;1.903289799;0.784268633;0.784268633;0.07059;0.76942676;0.76942676
Garuda Metalindo 2;1453245;W4;January;20/01/2025;3.8058;3.72709;1.988671912;1.988671912;0.804590568;0.804590568;0.07871;0.787950354;0.787950354
Garuda Metalindo 2;1453245;W4;January;21/01/2025;5.28837;5.20063;2.710881082;2.710881082;0.786024688;0.786024688;0.08774;0.772983656;0.772983656
Garuda Metalindo 2;1453245;W4;January;22/01/2025;4.24459;4.177;2.162452058;2.162452058;0.780663168;0.780663168;0.06759;0.768232044;0.768232044
Garuda Metalindo 2;1453245;W4;January;23/01/2025;1.82017;1.76379;0.963979265;0.963979265;0.824142847;0.824142847;0.05638;0.798614916;0.798614916
Garuda Metalindo 2;1453245;W4;January;24/01/2025;0.67051;0.64891;0.338140953;0.338140953;0.785769166;0.785769166;0.0216;0.760456174;0.760456174
Garuda Metalindo 2;1453245;W4;January;25/01/2025;4.32087;4.24471;2.223234637;2.223234637;0.789803316;0.789803316;0.07616;0.775882179;0.775882179
Garuda Metalindo 2;1453245;W4;January;26/01/2025;3.1641;3.11179;1.685786559;1.685786559;0.816909569;0.816909569;0.05231;0.803404136;0.803404136
Garuda Metalindo 2;1453245;W5;January;27/01/2025;4.71729;4.62648;2.428372614;2.428372614;0.791491608;0.791491608;0.09081;0.776255031;0.776255031
Garuda Metalindo 2;1453245;W5;January;28/01/2025;2.24208;2.17397;1.194296642;1.194296642;0.82840048;0.82840048;0.06811;0.803235295;0.803235295
Garuda Metalindo 2;1453245;W5;January;29/01/2025;6.19061;6.101;3.222338109;3.222338109;0.796437609;0.796437609;0.08961;0.784909056;0.784909056
Garuda Metalindo 2;1453245;W5;January;30/01/2025;3.61934;3.55551;1.93483352;1.93483352;0.820584625;0.820584625;0.06383;0.806112949;0.806112949
Garuda Metalindo 2;1453245;W5;January;31/01/2025;4.75719;4.66448;2.534325001;2.534325001;0.81929584;0.81929584;0.09271;0.803329079;0.803329079
Garuda Metalindo 2;1453245;W1;February;01/02/2025;5.33992;5.2527;2.726076777;2.726076777;0.782595169;0.782595169;0.08722;0.76981259;0.76981259
Garuda Metalindo 2;1453245;W1;February;02/02/2025;4.93268;4.8475;2.557083645;2.557083645;0.795442505;0.795442505;0.08518;0.781706403;0.781706403
Garuda Metalindo 2;1453245;W2;February;03/02/2025;4.22219;4.1442;2.259309887;2.259309887;0.822085094;0.822085094;0.07799;0.806899985;0.806899985
Garuda Metalindo 2;1453245;W2;February;04/02/2025;0.58741;0.56291;0.294108377;0.294108377;0.787861915;0.787861915;0.0245;0.755001363;0.755001363
Garuda Metalindo 2;1453245;W2;February;05/02/2025;5.63044;5.53451;2.927688464;2.927688464;0.797677537;0.797677537;0.09593;0.78408691;0.78408691
Garuda Metalindo 2;1453245;W2;February;06/02/2025;3.60118;3.51281;1.929977009;1.929977009;0.828474513;0.828474513;0.08837;0.808144428;0.808144428
Garuda Metalindo 2;1453245;W2;February;07/02/2025;3.6559;3.57758;1.943424908;1.943424908;0.819143685;0.819143685;0.07832;0.801595248;0.801595248
Garuda Metalindo 2;1453245;W2;February;08/02/2025;2.74479;2.6668;1.46573107;1.46573107;0.828791951;0.828791951;0.07799;0.805242796;0.805242796
Garuda Metalindo 2;1453245;W2;February;09/02/2025;2.34051;2.26988;1.248946886;1.248946886;0.829703168;0.829703168;0.07063;0.804665063;0.804665063
Garuda Metalindo 2;1453245;W3;February;10/02/2025;3.38462;3.30891;1.800500524;1.800500524;0.820521517;0.820521517;0.07571;0.802167408;0.802167408
Garuda Metalindo 2;1453245;W3;February;11/02/2025;1.9112;1.85271;1.016356144;1.016356144;0.827218329;0.827218329;0.05849;0.801902297;0.801902297
Garuda Metalindo 2;1453245;W3;February;12/02/2025;7.50619;7.3844;3.716983137;3.716983137;0.759026702;0.759026702;0.12179;0.746711285;0.746711285
Garuda Metalindo 2;1453245;W3;February;13/02/2025;5.3302;5.22271;2.765593422;2.765593422;0.79849849;0.79849849;0.10749;0.782395792;0.782395792
Garuda Metalindo 2;1453245;W3;February;14/02/2025;2.06101;1.9956;1.102062938;1.102062938;0.832749881;0.832749881;0.06541;0.806321009;0.806321009
Garuda Metalindo 2;1453245;W3;February;15/02/2025;6.71137;6.61231;3.440088935;3.440088935;0.784509381;0.784509381;0.09906;0.772930002;0.772930002
Garuda Metalindo 2;1453245;W3;February;16/02/2025;6.46579;6.3659;3.326805584;3.326805584;0.788041859;0.788041859;0.09989;0.775867399;0.775867399
Garuda Metalindo 2;1453245;W4;February;17/02/2025;4.3775;4.30051;2.330833926;2.330833926;0.817284093;0.817284093;0.07699;0.802909974;0.802909974
Garuda Metalindo 2;1453245;W4;February;18/02/2025;5.43692;5.33699;2.852630136;2.852630136;0.805992042;0.805992042;0.09993;0.791177996;0.791177996
Garuda Metalindo 2;1453245;W4;February;19/02/2025;7.6135;7.4902;3.745564834;3.745564834;0.754059441;0.754059441;0.1233;0.741847511;0.741847511
Garuda Metalindo 2;1453245;W4;February;20/02/2025;4.72157;4.64032;2.493864912;2.493864912;0.810413508;0.810413508;0.08125;0.796467702;0.796467702
Garuda Metalindo 2;1453245;W4;February;21/02/2025;3.63301;3.54751;1.912453753;1.912453753;0.812922213;0.812922213;0.0855;0.793790735;0.793790735
Garuda Metalindo 2;1453245;W4;February;22/02/2025;4.649;4.54677;2.297674401;2.297674401;0.762021416;0.762021416;0.10223;0.745264813;0.745264813
Garuda Metalindo 2;1453245;W4;February;23/02/2025;3.5803;3.5032;1.835013667;1.835013667;0.78987078;0.78987078;0.0771;0.772861301;0.772861301
Garuda Metalindo 2;1453245;W5;February;24/02/2025;3.00291;2.92691;1.599924874;1.599924874;0.824274566;0.824274566;0.076;0.803413179;0.803413179
Garuda Metalindo 2;1453245;W5;February;25/02/2025;4.37289;4.27288;2.176139443;2.176139443;0.767976094;0.767976094;0.10001;0.750412129;0.750412129
Garuda Metalindo 2;1453245;W5;February;26/02/2025;2.00698;1.9466;1.063729422;1.063729422;0.82401692;0.82401692;0.06038;0.799226369;0.799226369
Garuda Metalindo 2;1453245;W5;February;27/02/2025;1.16978;1.12861;0.608686034;0.608686034;0.813263198;0.813263198;0.04117;0.784640683;0.784640683
Garuda Metalindo 2;1453245;W5;February;28/02/2025;2.43719;2.3671;1.293992902;1.293992902;0.824322143;0.824322143;0.07009;0.80061585;0.80061585
Garuda Metalindo 2;1453245;W1;March;01/03/2025;5.31397;5.2078;2.723826311;2.723826311;0.788690828;0.788690828;0.10617;0.772933249;0.772933249
Garuda Metalindo 2;1453245;W1;March;02/03/2025;4.51908;4.43389;2.225794384;2.225794384;0.756975468;0.756975468;0.08519;0.742705585;0.742705585
Garuda Metalindo 2;1453245;W2;March;03/03/2025;4.31847;4.23208;2.300419638;2.300419638;0.819662139;0.819662139;0.08639;0.803264986;0.803264986
Garuda Metalindo 2;1453245;W2;March;04/03/2025;5.34538;5.22902;2.740708105;2.740708105;0.790358555;0.790358555;0.11636;0.773153768;0.773153768
Garuda Metalindo 2;1453245;W2;March;05/03/2025;1.91897;1.8604;1.01911698;1.01911698;0.826036777;0.826036777;0.05857;0.800824828;0.800824828
Garuda Metalindo 2;1453245;W2;March;06/03/2025;6.32456;6.2317;3.250478932;3.250478932;0.786543044;0.786543044;0.09286;0.77499467;0.77499467
Garuda Metalindo 2;1453245;W2;March;07/03/2025;4.35188;4.28221;2.2406343;2.2406343;0.789013975;0.789013975;0.06967;0.776382514;0.776382514
Garuda Metalindo 2;1453245;W2;March;08/03/2025;4.4498;4.37231;2.36231585;2.36231585;0.814720595;0.814720595;0.07749;0.800532834;0.800532834
Garuda Metalindo 2;1453245;W2;March;09/03/2025;4.47177;4.3833;2.37138671;2.37138671;0.815798426;0.815798426;0.08847;0.799658579;0.799658579
Garuda Metalindo 2;1453245;W3;March;10/03/2025;4.38754;4.30861;2.27554962;2.27554962;0.796399176;0.796399176;0.07893;0.78207229;0.78207229
Garuda Metalindo 2;1453245;W3;March;11/03/2025;4.59899;4.5253;2.464509861;2.464509861;0.821230105;0.821230105;0.07369;0.808071467;0.808071467
Garuda Metalindo 2;1453245;W3;March;12/03/2025;4.4698;4.38491;2.312831098;2.312831098;0.795362135;0.795362135;0.08489;0.780256696;0.780256696
Garuda Metalindo 2;1453245;W3;March;13/03/2025;4.07279;4.00583;2.147348758;2.147348758;0.808335678;0.808335678;0.06696;0.795045978;0.795045978
Garuda Metalindo 2;1453245;W3;March;14/03/2025;6.828;6.73288;3.451680944;3.451680944;0.773056877;0.773056877;0.09512;0.76228752;0.76228752
Garuda Metalindo 2;1453245;W3;March;15/03/2025;2.78281;2.7048;1.481266944;1.481266944;0.825809454;0.825809454;0.07801;0.80265969;0.80265969
Garuda Metalindo 2;1453245;W3;March;16/03/2025;6.51762;6.42303;3.33644891;3.33644891;0.783296535;0.783296535;0.09459;0.771928579;0.771928579
Garuda Metalindo 2;1453245;W4;March;17/03/2025;2.78921;2.70998;1.475730074;1.475730074;0.821150042;0.821150042;0.07923;0.797824542;0.797824542
Garuda Metalindo 2;1453245;W4;March;18/03/2025;2.83942;2.75881;1.508317932;1.508317932;0.824428089;0.824428089;0.08061;0.801022904;0.801022904
Garuda Metalindo 2;1453245;W4;March;19/03/2025;3.93137;3.8408;1.901650397;1.901650397;0.746604602;0.746604602;0.09057;0.729404497;0.729404497
Garuda Metalindo 2;1453245;W4;March;20/03/2025;7.28006;7.17841;3.61605725;3.61605725;0.759606575;0.759606575;0.10165;0.749000342;0.749000342
Garuda Metalindo 2;1453245;W4;March;21/03/2025;3.08679;3.0001;1.647174659;1.647174659;0.827914709;0.827914709;0.08669;0.804663394;0.804663394
Garuda Metalindo 2;1453245;W4;March;22/03/2025;5.98912;5.8817;3.067504434;3.067504434;0.786437125;0.786437125;0.10742;0.772331701;0.772331701
Garuda Metalindo 2;1453245;W4;March;23/03/2025;4.95014;4.8376;2.526877945;2.526877945;0.787654913;0.787654913;0.11254;0.769747807;0.769747807
Garuda Metalindo 2;1453245;W5;March;24/03/2025;5.41378;5.3074;2.807522624;2.807522624;0.797669748;0.797669748;0.10638;0.781995652;0.781995652
Garuda Metalindo 2;1453245;W5;March;25/03/2025;3.36907;3.3147;1.806903442;1.806903442;0.822001091;0.822001091;0.05437;0.80873565;0.80873565
Garuda Metalindo 2;1453245;W5;March;26/03/2025;4.17591;4.0851;2.230240919;2.230240919;0.823248152;0.823248152;0.09081;0.805345668;0.805345668
Garuda Metalindo 2;1453245;W5;March;27/03/2025;4.46841;4.39897;2.273747727;2.273747727;0.779422529;0.779422529;0.06944;0.767310145;0.767310145
Garuda Metalindo 2;1453245;W5;March;28/03/2025;5.84659;5.74328;3.038806444;3.038806444;0.797856387;0.797856387;0.10331;0.783758162;0.783758162
Garuda Metalindo 2;1453245;W5;March;29/03/2025;5.56231;5.4655;2.898147724;2.898147724;0.799599101;0.799599101;0.09681;0.785682367;0.785682367
Garuda Metalindo 2;1453245;W5;March;30/03/2025;3.56499;3.47664;1.901178825;1.901178825;0.824603024;0.824603024;0.08835;0.804167153;0.804167153
Garuda Metalindo 2;1453245;W5;March;31/03/2025;4.38361;4.28649;2.320703729;2.320703729;0.816393545;0.816393545;0.09712;0.798306138;0.798306138
Garuda Metalindo 2;1453245;W1;April;01/04/2025;3.47241;3.38608;1.843721149;1.843721149;0.821069084;0.821069084;0.08633;0.800655915;0.800655915
Garuda Metalindo 2;1453245;W1;April;02/04/2025;6.13741;6.03602;3.179558158;3.179558158;0.794324175;0.794324175;0.10139;0.781201941;0.781201941
Garuda Metalindo 2;1453245;W1;April;03/04/2025;6.57861;6.46779;3.349108156;3.349108156;0.780827211;0.780827211;0.11082;0.767673783;0.767673783
Garuda Metalindo 2;1453245;W1;April;04/04/2025;3.56089;3.4715;1.894930297;1.894930297;0.823109752;0.823109752;0.08939;0.802447002;0.802447002
Garuda Metalindo 2;1453245;W1;April;05/04/2025;3.58957;3.50099;1.907690137;1.907690137;0.82167229;0.82167229;0.08858;0.801395842;0.801395842
Garuda Metalindo 2;1453245;W1;April;06/04/2025;4.6435;4.55091;2.444527352;2.444527352;0.809987527;0.809987527;0.09259;0.793836618;0.793836618
Garuda Metalindo 2;1453245;W2;April;07/04/2025;5.00728;4.9115;2.59997169;2.59997169;0.798244892;0.798244892;0.09578;0.782975944;0.782975944
Garuda Metalindo 2;1453245;W2;April;08/04/2025;2.4083;2.33723;1.275749989;1.275749989;0.823087106;0.823087106;0.07107;0.798797441;0.798797441
Garuda Metalindo 2;1453245;W2;April;09/04/2025;7.45318;7.30739;3.638189732;3.638189732;0.750766238;0.750766238;0.14579;0.736080667;0.736080667
Garuda Metalindo 2;1453245;W2;April;10/04/2025;6.31228;6.22957;3.223536637;3.223536637;0.780290317;0.780290317;0.08271;0.770066149;0.770066149
Garuda Metalindo 2;1453245;W2;April;11/04/2025;5.2692;5.18611;2.710270118;2.710270118;0.788047744;0.788047744;0.08309;0.775621021;0.775621021
Garuda Metalindo 2;1453245;W2;April;12/04/2025;0.99828;0.96295;0.516452629;0.516452629;0.808739085;0.808739085;0.03533;0.780117103;0.780117103
Garuda Metalindo 2;1453245;W2;April;13/04/2025;5.20042;5.1179;2.70470235;2.70470235;0.796910152;0.796910152;0.08252;0.784264823;0.784264823
Garuda Metalindo 2;1453245;W3;April;14/04/2025;4.14022;4.0526;2.217426983;2.217426983;0.825082289;0.825082289;0.08762;0.807620968;0.807620968
Garuda Metalindo 2;1453245;W3;April;15/04/2025;4.68848;4.61089;2.450737082;2.450737082;0.80148175;0.80148175;0.07759;0.788217969;0.788217969
Garuda Metalindo 2;1453245;W3;April;16/04/2025;5.7313;5.64338;3.00328036;3.00328036;0.802487467;0.802487467;0.08792;0.790177049;0.790177049
Garuda Metalindo 2;1453245;W3;April;17/04/2025;2.10003;2.03212;1.121040207;1.121040207;0.831866272;0.831866272;0.06791;0.804965685;0.804965685
Garuda Metalindo 2;1453245;W3;April;18/04/2025;5.94449;5.85711;3.106703798;3.106703798;0.799830839;0.799830839;0.08738;0.788073864;0.788073864
Garuda Metalindo 2;1453245;W3;April;19/04/2025;3.50412;3.4153;1.880353266;1.880353266;0.830218234;0.830218234;0.08882;0.809174439;0.809174439
Garuda Metalindo 2;1453245;W3;April;20/04/2025;2.24062;2.17317;1.19114163;1.19114163;0.826516217;0.826516217;0.06745;0.801635372;0.801635372
Garuda Metalindo 2;1453245;W4;April;21/04/2025;4.75241;4.66219;2.522183825;2.522183825;0.815771343;0.815771343;0.09022;0.800284697;0.800284697
Garuda Metalindo 2;1453245;W4;April;22/04/2025;4.94538;4.8541;2.60366047;2.60366047;0.808830105;0.808830105;0.09128;0.793901017;0.793901017
Garuda Metalindo 2;1453245;W4;April;23/04/2025;5.504;5.41781;2.852978516;2.852978516;0.794065647;0.794065647;0.08619;0.78163096;0.78163096
Garuda Metalindo 2;1453245;W4;April;24/04/2025;5.52513;5.43503;2.904589541;2.904589541;0.805869094;0.805869094;0.0901;0.792727538;0.792727538
Garuda Metalindo 2;1453245;W4;April;25/04/2025;5.72359;5.64153;2.994588178;2.994588178;0.800427279;0.800427279;0.08206;0.788951428;0.788951428
Garuda Metalindo 2;1453245;W4;April;26/04/2025;6.39471;6.3053;3.267383725;3.267383725;0.781404781;0.781404781;0.08941;0.770479281;0.770479281
Garuda Metalindo 2;1453245;W4;April;27/04/2025;6.2548;6.16443;3.23021044;3.23021044;0.790168237;0.790168237;0.09037;0.778751805;0.778751805
Garuda Metalindo 2;1453245;W5;April;28/04/2025;5.93978;5.85232;3.083357389;3.083357389;0.794469956;0.794469956;0.08746;0.782771822;0.782771822
Garuda Metalindo 2;1453245;W5;April;29/04/2025;5.88466;5.80151;3.08082884;3.08082884;0.800770754;0.800770754;0.08315;0.789455896;0.789455896
Garuda Metalindo 2;1453245;W5;April;30/04/2025;6.0761;5.99269;3.160588688;3.160588688;0.795294257;0.795294257;0.08341;0.784376811;0.784376811
Garuda Metalindo 2;1453245;W1;May;01/05/2025;6.00573;5.92531;3.112117076;3.112117076;0.792002453;0.792002453;0.08042;0.781397109;0.781397109
Garuda Metalindo 2;1453245;W1;May;02/05/2025;6.11372;6.02479;3.135502283;3.135502283;0.784778117;0.784778117;0.08893;0.773362757;0.773362757
Garuda Metalindo 2;1453245;W1;May;03/05/2025;6.73558;6.62352;3.374673932;3.374673932;0.768289047;0.768289047;0.11206;0.755507005;0.755507005
Garuda Metalindo 2;1453245;W1;May;04/05/2025;4.62119;4.54862;2.457936553;2.457936553;0.814840654;0.814840654;0.07257;0.802044602;0.802044602
Garuda Metalindo 2;1453245;W2;May;05/05/2025;4.07223;3.98759;2.154958405;2.154958405;0.814910795;0.814910795;0.08464;0.797973134;0.797973134
Garuda Metalindo 2;1453245;W2;May;06/05/2025;5.80358;5.72669;3.01386713;3.01386713;0.793600814;0.793600814;0.07689;0.78308662;0.78308662
Garuda Metalindo 2;1453245;W2;May;07/05/2025;4.46259;4.40042;2.370984834;2.370984834;0.812486817;0.812486817;0.06217;0.801167761;0.801167761
Garuda Metalindo 2;1453245;W2;May;08/05/2025;5.18897;5.10949;2.751449265;2.751449265;0.812017956;0.812017956;0.07948;0.799580191;0.799580191
Garuda Metalindo 2;1453245;W2;May;09/05/2025;3.54782;3.47099;1.893391489;1.893391489;0.822562176;0.822562176;0.07683;0.804749138;0.804749138
Garuda Metalindo 2;1453245;W2;May;10/05/2025;4.09686;4.01379;2.192240083;2.192240083;0.823597737;0.823597737;0.08307;0.806898054;0.806898054
Garuda Metalindo 2;1453245;W2;May;11/05/2025;5.78528;5.7064;3.017594508;3.017594508;0.797407556;0.797407556;0.07888;0.78653522;0.78653522
Garuda Metalindo 2;1453245;W3;May;12/05/2025;4.99714;4.91221;2.669616641;2.669616641;0.81950886;0.81950886;0.08493;0.805580715;0.805580715
Garuda Metalindo 2;1453245;W3;May;13/05/2025;5.66975;5.59262;2.969695062;2.969695062;0.800715476;0.800715476;0.07713;0.789822723;0.789822723
Garuda Metalindo 2;1453245;W3;May;14/05/2025;5.84499;5.76779;3.050514646;3.050514646;0.797526921;0.797526921;0.0772;0.786993271;0.786993271
Garuda Metalindo 2;1453245;W3;May;15/05/2025;4.44262;4.3626;2.366584596;2.366584596;0.81800944;0.81800944;0.08002;0.803275541;0.803275541
Garuda Metalindo 2;1453245;W3;May;16/05/2025;5.21457;5.13422;2.756491365;2.756491365;0.809587584;0.809587584;0.08035;0.797112852;0.797112852
Garuda Metalindo 2;1453245;W3;May;17/05/2025;3.56259;3.48727;1.904403433;1.904403433;0.823483799;0.823483799;0.07532;0.806073768;0.806073768
Garuda Metalindo 2;1453245;W3;May;18/05/2025;3.5308;3.4511;1.895363572;1.895363572;0.8281646;0.8281646;0.0797;0.809470616;0.809470616
Garuda Metalindo 2;1453245;W4;May;19/05/2025;4.74392;4.66007;2.522724993;2.522724993;0.816317574;0.816317574;0.08385;0.801888952;0.801888952
Garuda Metalindo 2;1453245;W4;May;20/05/2025;3.71232;3.62381;1.967459676;1.967459676;0.818694925;0.818694925;0.08851;0.799175409;0.799175409
Garuda Metalindo 2;1453245;W4;May;21/05/2025;3.75161;3.67428;1.999730353;1.999730353;0.82069326;0.82069326;0.07733;0.803776734;0.803776734
Garuda Metalindo 2;1453245;W4;May;22/05/2025;4.66493;4.5801;2.477060713;2.477060713;0.815536435;0.815536435;0.08483;0.800706211;0.800706211
Garuda Metalindo 2;1453245;W4;May;23/05/2025;4.28449;4.22681;2.287311819;2.287311819;0.816007828;0.816007828;0.05768;0.805022312;0.805022312
Garuda Metalindo 2;1453245;W4;May;24/05/2025;3.9288;3.85236;2.092296438;2.092296438;0.818988923;0.818988923;0.07644;0.803054411;0.803054411
Garuda Metalindo 2;1453245;W4;May;25/05/2025;5.5923;5.50219;2.909453451;2.909453451;0.797365621;0.797365621;0.09011;0.784517488;0.784517488
Garuda Metalindo 2;1453245;W5;May;26/05/2025;4.30559;4.21343;2.290273642;2.290273642;0.819659108;0.819659108;0.09216;0.802114524;0.802114524
Garuda Metalindo 2;1453245;W5;May;27/05/2025;3.7283;3.64199;1.987001712;1.987001712;0.822699379;0.822699379;0.08631;0.80365392;0.80365392
Garuda Metalindo 2;1453245;W5;May;28/05/2025;2.51107;2.43819;1.332689597;1.332689597;0.824219981;0.824219981;0.07288;0.800298246;0.800298246
Garuda Metalindo 2;1453245;W5;May;29/05/2025;5.88506;5.78708;3.032450023;3.032450023;0.79016146;0.79016146;0.09798;0.777006111;0.777006111
Garuda Metalindo 2;1453245;W5;May;30/05/2025;4.42561;4.34069;2.336448391;2.336448391;0.811669261;0.811669261;0.08492;0.796094695;0.796094695
Garuda Metalindo 2;1453245;W5;May;31/05/2025;5.85715;5.75971;3.021623268;3.021623268;0.791081769;0.791081769;0.09744;0.777921271;0.777921271
Garuda Metalindo 2;1453245;W1;June;01/06/2025;5.13229;5.04588;2.707664274;2.707664274;0.809169629;0.809169629;0.08641;0.795546013;0.795546013
Garuda Metalindo 2;1453245;W2;June;02/06/2025;2.7294;2.65309;1.462258877;1.462258877;0.831101299;0.831101299;0.07631;0.807864932;0.807864932
Garuda Metalindo 2;1453245;W2;June;03/06/2025;5.4266;5.34301;2.874097457;2.874097457;0.811142544;0.811142544;0.08359;0.798647906;0.798647906
Garuda Metalindo 2;1453245;W2;June;04/06/2025;5.71799;5.6246;2.975873693;2.975873693;0.797819283;0.797819283;0.09339;0.78478877;0.78478877
Garuda Metalindo 2;1453245;W2;June;05/06/2025;5.53529;5.44729;2.896423227;2.896423227;0.801794739;0.801794739;0.088;0.789047812;0.789047812
Garuda Metalindo 2;1453245;W2;June;06/06/2025;4.29369;4.2057;2.269718767;2.269718767;0.813795783;0.813795783;0.08799;0.797118778;0.797118778
Garuda Metalindo 2;1453245;W2;June;07/06/2025;4.6603;4.57808;2.480463311;2.480463311;0.817017026;0.817017026;0.08222;0.802602688;0.802602688
Garuda Metalindo 2;1453245;W2;June;08/06/2025;5.0027;4.9089;2.658248918;2.658248918;0.816569469;0.816569469;0.0938;0.801258893;0.801258893
Garuda Metalindo 2;1453245;W3;June;09/06/2025;4.08808;4.01048;2.189688235;2.189688235;0.823317994;0.823317994;0.0776;0.807689759;0.807689759
Garuda Metalindo 2;1453245;W3;June;10/06/2025;5.9356;5.8268;3.053422273;3.053422273;0.790202564;0.790202564;0.1088;0.775718091;0.775718091
Garuda Metalindo 2;1453245;W3;June;11/06/2025;5.11351;5.03081;2.70336433;2.70336433;0.810304668;0.810304668;0.0827;0.797199737;0.797199737
Garuda Metalindo 2;1453245;W3;June;12/06/2025;4.05451;3.9782;2.17534309;2.17534309;0.82456107;0.82456107;0.07631;0.809041993;0.809041993
Garuda Metalindo 2;1453245;W3;June;13/06/2025;5.01382;4.9288;2.638166114;2.638166114;0.807128382;0.807128382;0.08502;0.793441801;0.793441801
Garuda Metalindo 2;1453245;W3;June;14/06/2025;5.54421;5.4566;2.918795494;2.918795494;0.806609301;0.806609301;0.08761;0.793863204;0.793863204
Garuda Metalindo 2;1453245;W3;June;15/06/2025;3.56784;3.4859;0;1.847248734;0;0.79908344;0.08194;0;0.780731468
Garuda Metalindo 2;1453245;W4;June;16/06/2025;4.18518;4.10198;0.993527904;2.173721954;0.365231484;0.79908344;0.0832;0.357970802;0.783197924
Garuda Metalindo 2;1453245;W4;June;17/06/2025;5.81021;5.70983;2.997310216;2.997310216;0.79157158;0.79157158;0.10038;0.777896006;0.777896006
Garuda Metalindo 2;1453245;W4;June;18/06/2025;5.34912;5.26413;2.814482609;2.814482609;0.806220136;0.806220136;0.08499;0.793410431;0.793410431
Garuda Metalindo 2;1453245;W4;June;19/06/2025;5.11219;5.02822;2.673112332;2.673112332;0.801649665;0.801649665;0.08397;0.788482212;0.788482212
Garuda Metalindo 2;1453245;W4;June;20/06/2025;5.34822;5.26329;2.793695648;2.793695648;0.800393344;0.800393344;0.08493;0.787683058;0.787683058
Garuda Metalindo 2;1453245;W4;June;21/06/2025;4.9188;4.8395;2.600002788;2.600002788;0.810130526;0.810130526;0.0793;0.797069748;0.797069748
Garuda Metalindo 2;1453245;W4;June;22/06/2025;4.3435;4.2547;2.28813907;2.28813907;0.810952002;0.810952002;0.0888;0.794372622;0.794372622
Garuda Metalindo 2;1453245;W5;June;23/06/2025;3.78479;3.70782;2.01522763;2.01522763;0.819572058;0.819572058;0.07697;0.802904697;0.802904697
Garuda Metalindo 2;1453245;W5;June;24/06/2025;4.705;4.6233;2.500012946;2.500012946;0.815402164;0.815402164;0.0817;0.801243108;0.801243108
Garuda Metalindo 2;1453245;W5;June;25/06/2025;2.28151;2.2089;1.210822458;1.210822458;0.826582277;0.826582277;0.07261;0.800275954;0.800275954
Garuda Metalindo 2;1453245;W5;June;26/06/2025;4.65479;4.56249;2.436214147;2.436214147;0.805184141;0.805184141;0.0923;0.789218115;0.789218115
Garuda Metalindo 2;1453245;W5;June;27/06/2025;3.81321;3.73127;2.035643114;2.035643114;0.822671858;0.822671858;0.08194;0.804993909;0.804993909
Garuda Metalindo 2;1453245;W5;June;28/06/2025;5.7189;5.61974;2.964165891;2.964165891;0.795367717;0.795367717;0.09916;0.781576837;0.781576837
Garuda Metalindo 2;1453245;W5;June;29/06/2025;5.40011;5.31091;2.840790742;2.840790742;0.806588414;0.806588414;0.0892;0.793265039;0.793265039
Garuda Metalindo 2;1453245;W6;June;30/06/2025;5.04571;4.96689;2.672044896;2.672044896;0.811224178;0.811224178;0.07882;0.79855189;0.79855189
Garuda Metalindo 2;1453245;W1;July;01/07/2025;5.50259;5.41258;2.87589945;2.87589945;0.801218644;0.801218644;0.09001;0.788112508;0.788112508
Garuda Metalindo 2;1453245;W1;July;02/07/2025;5.24659;5.16607;2.772692299;2.772692299;0.809325207;0.809325207;0.08052;0.796904403;0.796904403
Garuda Metalindo 2;1453245;W1;July;03/07/2025;5.34317;5.2556;2.808195384;2.808195384;0.805724731;0.805724731;0.08757;0.79251959;0.79251959
Garuda Metalindo 2;1453245;W1;July;04/07/2025;3.4758;3.4179;1.858004398;1.858004398;0.819726665;0.819726665;0.0579;0.806071629;0.806071629
Garuda Metalindo 2;1453245;W1;July;05/07/2025;2.31499;2.24139;1.232746051;1.232746051;0.829350035;0.829350035;0.0736;0.80298268;0.80298268
Garuda Metalindo 2;1453245;W1;July;06/07/2025;5.48308;5.39339;2.889215857;2.889215857;0.807792546;0.807792546;0.08969;0.794579003;0.794579003
Garuda Metalindo 2;1453245;W2;July;07/07/2025;5.17706;5.09008;2.727097416;2.727097416;0.80790021;0.80790021;0.08698;0.794326645;0.794326645
Garuda Metalindo 2;1453245;W2;July;08/07/2025;6.1813;6.0479;3.137520662;3.137520662;0.782282599;0.782282599;0.1334;0.765399986;0.765399986
Garuda Metalindo 2;1453245;W2;July;09/07/2025;4.2501;4.17531;2.261637649;2.261637649;0.816800465;0.816800465;0.07479;0.802427037;0.802427037
Garuda Metalindo 2;1453245;W2;July;10/07/2025;3.3504;3.28018;1.750103226;1.750103226;0.804540047;0.804540047;0.07022;0.78767794;0.78767794
Garuda Metalindo 2;1453245;W2;July;11/07/2025;5.01279;4.92801;2.644862915;2.644862915;0.809306939;0.809306939;0.08478;0.795619343;0.795619343
Garuda Metalindo 2;1453245;W2;July;12/07/2025;4.84031;4.75262;2.547695605;2.547695605;0.808343822;0.808343822;0.08769;0.793699374;0.793699374
Garuda Metalindo 2;1453245;W2;July;13/07/2025;5.9782;5.86678;3.064403319;3.064403319;0.787640063;0.787640063;0.11142;0.772960251;0.772960251
Garuda Metalindo 2;1453245;W3;July;14/07/2025;4.82951;4.7398;2.565087669;2.565087669;0.816063349;0.816063349;0.08971;0.80090466;0.80090466
Garuda Metalindo 2;1453245;W3;July;15/07/2025;5.2324;5.1417;2.743917314;2.743917314;0.804722165;0.804722165;0.0907;0.790772868;0.790772868
Garuda Metalindo 2;1453245;W3;July;16/07/2025;5.17469;5.086;2.74012004;2.74012004;0.812409345;0.812409345;0.08869;0.798485306;0.798485306
Garuda Metalindo 2;1453245;W3;July;17/07/2025;5.20049;5.11769;2.758385852;2.758385852;0.812760742;0.812760742;0.0828;0.79982031;0.79982031
Garuda Metalindo 2;1453245;W3;July;18/07/2025;4.70133;4.61997;2.487469493;2.487469493;0.811895781;0.811895781;0.08136;0.797845323;0.797845323
Garuda Metalindo 2;1453245;W3;July;19/07/2025;4.96941;4.88183;2.625089294;2.625089294;0.810854826;0.810854826;0.08758;0.796564465;0.796564465
Garuda Metalindo 2;1453245;W3;July;20/07/2025;4.80993;4.7246;2.55902473;2.55902473;0.816753707;0.816753707;0.08533;0.802264184;0.802264184
Garuda Metalindo 2;1453245;W4;July;21/07/2025;4.38549;4.30072;2.303141476;2.303141476;0.807534573;0.807534573;0.08477;0.79192521;0.79192521
Garuda Metalindo 2;1453245;W4;July;22/07/2025;4.77862;4.69069;2.527481109;2.527481109;0.812517761;0.812517761;0.08793;0.797566858;0.797566858
Garuda Metalindo 2;1453245;W4;July;23/07/2025;3.68449;3.60701;1.939140763;1.939140763;0.810669188;0.810669188;0.07748;0.793621877;0.793621877
Garuda Metalindo 2;1453245;W4;July;24/07/2025;2.6228;2.55501;1.392466835;1.392466835;0.821814752;0.821814752;0.06779;0.80057378;0.80057378
Garuda Metalindo 2;1453245;W4;July;25/07/2025;2.5797;2.5157;1.368269877;1.368269877;0.820152462;0.820152462;0.064;0.799805229;0.799805229
Garuda Metalindo 2;1453245;W4;July;26/07/2025;4.8828;4.79699;2.599013047;2.599013047;0.816998621;0.816998621;0.08581;0.802640742;0.802640742
Garuda Metalindo 2;1453245;W4;July;27/07/2025;4.85989;4.76822;2.560014471;2.560014471;0.809594991;0.809594991;0.09167;0.794323951;0.794323951
Garuda Metalindo 2;1453245;W5;July;28/07/2025;5.6028;5.50888;2.917132693;2.917132693;0.798499318;0.798499318;0.09392;0.785114036;0.785114036
Garuda Metalindo 2;1453245;W5;July;29/07/2025;5.66489;5.5727;2.936759524;2.936759524;0.794665574;0.794665574;0.09219;0.781733245;0.781733245
Garuda Metalindo 2;1453245;W5;July;30/07/2025;5.57139;5.47951;2.908409813;2.908409813;0.800378759;0.800378759;0.09188;0.787179396;0.787179396
Garuda Metalindo 2;1453245;W5;July;31/07/2025;5.95851;5.8583;3.06118621;3.06118621;0.7879521;0.7879521;0.10021;0.774700351;0.774700351
Garuda Metalindo 2;1453245;W1;August;01/08/2025;5.62769;5.5321;2.925979566;2.925979566;0.797559227;0.797559227;0.09559;0.784012162;0.784012162
Garuda Metalindo 2;1453245;W1;August;02/08/2025;5.63073;5.53563;2.93095197;2.93095197;0.79840514;0.79840514;0.0951;0.784920507;0.784920507
Garuda Metalindo 2;1453245;W1;August;03/08/2025;5.876;5.77861;3.046377293;3.046377293;0.794953969;0.794953969;0.09739;0.781778243;0.781778243
Garuda Metalindo 2;1453245;W2;August;04/08/2025;4.44905;4.36039;2.362903515;2.362903515;0.817151026;0.817151026;0.08866;0.800866963;0.800866963
Garuda Metalindo 2;1453245;W2;August;05/08/2025;5.60152;5.50708;2.930851476;2.930851476;0.802516744;0.802516744;0.09444;0.788986545;0.788986545
Garuda Metalindo 2;1453245;W2;August;06/08/2025;5.46558;5.37361;2.865521568;2.865521568;0.804116947;0.804116947;0.09197;0.790585971;0.790585971
Garuda Metalindo 2;1453245;W2;August;07/08/2025;5.00689;4.9187;2.664018174;2.664018174;0.816711226;0.816711226;0.08819;0.802325897;0.802325897
Garuda Metalindo 2;1453245;W2;August;08/08/2025;4.86718;4.7769;2.575156069;2.575156069;0.812903666;0.812903666;0.09028;0.797825337;0.797825337
Garuda Metalindo 2;1453245;W2;August;09/08/2025;4.48704;4.4033;2.366135822;2.366135822;0.810294839;0.810294839;0.08374;0.7951726;0.7951726
Garuda Metalindo 2;1453245;W2;August;10/08/2025;4.9914;4.89808;2.617851025;2.617851025;0.805936326;0.805936326;0.09332;0.790868414;0.790868414
Garuda Metalindo 2;1453245;W3;August;11/08/2025;5.75189;5.65411;2.993126565;2.993126565;0.798256577;0.798256577;0.09778;0.78468651;0.78468651
Garuda Metalindo 2;1453245;W3;August;12/08/2025;5.156;5.06527;2.731845733;2.731845733;0.813270929;0.813270929;0.09073;0.798959821;0.798959821
Garuda Metalindo 2;1453245;W3;August;13/08/2025;5.1185;5.03272;2.71108217;2.71108217;0.812309606;0.812309606;0.08578;0.798696259;0.798696259
Garuda Metalindo 2;1453245;W3;August;14/08/2025;3.55602;3.48714;1.890591956;1.890591956;0.817542049;0.817542049;0.06888;0.801706284;0.801706284
Garuda Metalindo 2;1453245;W3;August;15/08/2025;5.25649;5.1667;2.763845826;2.763845826;0.806644627;0.806644627;0.08979;0.792865732;0.792865732
Garuda Metalindo 2;1453245;W3;August;16/08/2025;5.17243;5.08042;2.732364002;2.732364002;0.810999554;0.810999554;0.09201;0.796573052;0.796573052
Garuda Metalindo 2;1453245;W3;August;17/08/2025;6.20282;6.09907;3.170038625;3.170038625;0.78375913;0.78375913;0.10375;0.770649769;0.770649769
Garuda Metalindo 2;1453245;W4;August;18/08/2025;4.08679;3.99078;2.167439761;2.167439761;0.818975531;0.818975531;0.09601;0.79973553;0.79973553
Garuda Metalindo 2;1453245;W4;August;19/08/2025;6.13739;6.03391;3.130205098;3.130205098;0.782268141;0.782268141;0.10348;0.769078641;0.769078641
Garuda Metalindo 2;1453245;W4;August;20/08/2025;6.34502;6.2382;3.21997165;3.21997165;0.778349106;0.778349106;0.10682;0.765245404;0.765245404
Garuda Metalindo 2;1453245;W4;August;21/08/2025;5.44372;5.34849;2.862567444;2.862567444;0.807060732;0.807060732;0.09523;0.792942373;0.792942373
Garuda Metalindo 2;1453245;W4;August;22/08/2025;5.45841;5.36318;2.859597721;2.859597721;0.804015176;0.804015176;0.09523;0.789987948;0.789987948
Garuda Metalindo 2;1453245;W4;August;23/08/2025;5.32079;5.2233;2.791252093;2.791252093;0.805815782;0.805815782;0.09749;0.791051249;0.791051249
Garuda Metalindo 2;1453245;W4;August;24/08/2025;4.45408;4.35699;2.363638071;2.363638071;0.818042921;0.818042921;0.09709;0.800211228;0.800211228
Garuda Metalindo 2;1453245;W5;August;25/08/2025;5.20442;5.11059;2.738472938;2.738472938;0.80801438;0.80801438;0.09383;0.793446764;0.793446764
Garuda Metalindo 2;1453245;W5;August;26/08/2025;4.92278;4.83089;2.586268807;2.586268807;0.80728743;0.80728743;0.09189;0.792218375;0.792218375
Garuda Metalindo 2;1453245;W5;August;27/08/2025;6.10591;6.00253;3.132679551;3.132679551;0.786979301;0.786979301;0.10338;0.773654847;0.773654847
Garuda Metalindo 2;1453245;W5;August;28/08/2025;5.90421;5.82257;3.068285287;3.068285287;0.794625863;0.794625863;0.08164;0.783638237;0.783638237
Garuda Metalindo 2;1453245;W5;August;29/08/2025;4.90459;4.8144;2.581628783;2.581628783;0.808599189;0.808599189;0.09019;0.793729941;0.793729941
Garuda Metalindo 2;1453245;W5;August;30/08/2025;6.25999;6.16959;3.212114818;3.212114818;0.785084556;0.785084556;0.0904;0.773747214;0.773747214
Garuda Metalindo 2;1453245;W5;August;31/08/2025;6.0042;5.91567;3.113161114;3.113161114;0.793559207;0.793559207;0.08853;0.781858432;0.781858432
Garuda Metalindo 2;1453245;W1;September;01/09/2025;6.1916;6.1062;3.183471124;3.183471124;0.78616113;0.78616113;0.0854;0.775317703;0.775317703
Garuda Metalindo 2;1453245;W1;September;02/09/2025;1.50159;1.45141;0.78799545;0.78799545;0.818682064;0.818682064;0.05018;0.791323421;0.791323421
Garuda Metalindo 2;1453245;W1;September;03/09/2025;4.74039;4.64397;2.417468964;2.417468964;0.784970216;0.784970216;0.09642;0.769003845;0.769003845
Garuda Metalindo 2;1453245;W1;September;04/09/2025;4.819;4.72609;2.539142514;2.539142514;0.810152482;0.810152482;0.09291;0.794532795;0.794532795
Garuda Metalindo 2;1453245;W1;September;05/09/2025;5.26341;5.1703;2.741883335;2.741883335;0.799677554;0.799677554;0.09311;0.785531216;0.785531216
Garuda Metalindo 2;1453245;W1;September;06/09/2025;5.23711;5.1496;2.761951239;2.761951239;0.808768426;0.808768426;0.08751;0.795254231;0.795254231
Garuda Metalindo 2;1453245;W1;September;07/09/2025;3.83349;3.7517;1.953671398;1.953671398;0.785244842;0.785244842;0.08179;0.768491133;0.768491133
Garuda Metalindo 2;1453245;W2;September;08/09/2025;2.90857;2.84738;1.55552112;1.55552112;0.823781736;0.823781736;0.06119;0.806451156;0.806451156
Garuda Metalindo 2;1453245;W2;September;09/09/2025;4.9132;4.8237;2.559759386;2.559759386;0.800203656;0.800203656;0.0895;0.785626959;0.785626959
Garuda Metalindo 2;1453245;W2;September;10/09/2025;5.05493;4.96548;2.641058342;2.641058342;0.802044445;0.802044445;0.08945;0.78785179;0.78785179
Garuda Metalindo 2;1453245;W2;September;11/09/2025;4.82848;4.73781;2.502920473;2.502920473;0.796619783;0.796619783;0.09067;0.781660725;0.781660725
Garuda Metalindo 2;1453245;W2;September;12/09/2025;6.06349;5.9703;3.15785875;3.15785875;0.797587287;0.797587287;0.09319;0.785329139;0.785329139
Garuda Metalindo 2;1453245;W2;September;13/09/2025;3.81577;3.74225;2.03537243;2.03537243;0.820149015;0.820149015;0.07352;0.804346869;0.804346869
Garuda Metalindo 2;1453245;W2;September;14/09/2025;6.38403;6.29767;3.278751748;3.278751748;0.78507349;0.78507349;0.08636;0.774453404;0.774453404
Garuda Metalindo 2;1453245;W3;September;15/09/2025;5.70258;5.60099;2.958018057;2.958018057;0.796375151;0.796375151;0.10159;0.782187932;0.782187932
Garuda Metalindo 2;1453245;W3;September;16/09/2025;6.96409;6.85797;3.483193767;3.483193767;0.765885294;0.765885294;0.10612;0.754214602;0.754214602
Garuda Metalindo 2;1453245;W3;September;17/09/2025;6.94058;6.8335;3.496022902;3.496022902;0.771458818;0.771458818;0.10708;0.75955667;0.75955667
Garuda Metalindo 2;1453245;W3;September;18/09/2025;6.5448;6.44509;3.328761968;3.328761968;0.778817016;0.778817016;0.09971;0.766951742;0.766951742
Garuda Metalindo 2;1453245;W3;September;19/09/2025;6.9286;6.8203;3.482567304;3.482567304;0.769976938;0.769976938;0.1083;0.757941533;0.757941533
Garuda Metalindo 2;1453245;W3;September;20/09/2025;7.11518;7.00589;3.544355323;3.544355323;0.762878923;0.762878923;0.10929;0.751161014;0.751161014
Garuda Metalindo 2;1453245;W3;September;21/09/2025;7.02229;6.91441;3.509277612;3.509277612;0.765322136;0.765322136;0.10788;0.753564867;0.753564867
Garuda Metalindo 2;1453245;W4;September;22/09/2025;6.69257;6.59219;3.389931623;3.389931623;0.775430536;0.775430536;0.10038;0.763800069;0.763800069
Garuda Metalindo 2;1453245;W4;September;23/09/2025;6.43848;6.34238;3.307735521;3.307735521;0.786430223;0.786430223;0.0961;0.774692057;0.774692057
Garuda Metalindo 2;1453245;W4;September;24/09/2025;6.22068;6.12902;3.214914151;3.214914151;0.790970013;0.790970013;0.09166;0.779315288;0.779315288
Garuda Metalindo 2;1453245;W4;September;25/09/2025;4.81353;4.7119;2.555869618;2.555869618;0.817945387;0.817945387;0.10163;0.800675777;0.800675777
Garuda Metalindo 2;1453245;W4;September;26/09/2025;3.6327;3.57981;1.928809179;1.928809179;0.812476792;0.812476792;0.05289;0.800647602;0.800647602
Garuda Metalindo 2;1453245;W4;September;27/09/2025;6.03387;5.93129;3.148610002;3.148610002;0.800481666;0.800481666;0.10258;0.786872919;0.786872919
Garuda Metalindo 2;1453245;W4;September;28/09/2025;5.20442;5.1152;2.761734452;2.761734452;0.81414353;0.81414353;0.08922;0.800186569;0.800186569
Garuda Metalindo 2;1453245;W5;September;29/09/2025;5.57158;5.4736;2.929892233;2.929892233;0.80716118;0.80716118;0.09798;0.792966705;0.792966705
Garuda Metalindo 2;1453245;W5;September;30/09/2025;4.44799;4.36499;2.383311299;2.383311299;0.823339964;0.823339964;0.083;0.807976346;0.807976346
Garuda Metalindo 2;1453245;W1;October;01/10/2025;2.17792;2.1084;1.156960767;1.156960767;0.827460558;0.827460558;0.06952;0.801047715;0.801047715
Garuda Metalindo 2;1453245;W1;October;02/10/2025;4.06203;3.9701;2.168189916;2.168189916;0.823526448;0.823526448;0.09193;0.804888775;0.804888775
Garuda Metalindo 2;1453245;W1;October;03/10/2025;4.40131;4.31121;2.336278101;2.336278101;0.817159883;0.817159883;0.0901;0.800431657;0.800431657
Garuda Metalindo 2;1453245;W1;October;04/10/2025;6.53788;6.42879;3.327965615;3.327965615;0.780604891;0.780604891;0.10909;0.767579845;0.767579845
Garuda Metalindo 2;1453245;W1;October;05/10/2025;5.46791;5.37142;2.880198994;2.880198994;0.808565226;0.808565226;0.09649;0.794296802;0.794296802
Garuda Metalindo 2;1453245;W2;October;06/10/2025;6.01747;5.90913;3.093456988;3.093456988;0.789409256;0.789409256;0.10834;0.775196539;0.775196539
Garuda Metalindo 2;1453245;W2;October;07/10/2025;7.0398;6.92313;3.502147737;3.502147737;0.762805214;0.762805214;0.11667;0.750163309;0.750163309
Garuda Metalindo 2;1453245;W2;October;08/10/2025;6.7253;6.6155;3.398028141;3.398028141;0.774543787;0.774543787;0.1098;0.761898268;0.761898268
Garuda Metalindo 2;1453245;W2;October;09/10/2025;4.82038;4.72241;2.500244932;2.500244932;0.79836326;0.79836326;0.09797;0.782137226;0.782137226
Garuda Metalindo 2;1453245;W2;October;10/10/2025;6.44961;6.34549;3.286701374;3.286701374;0.781046264;0.781046264;0.10412;0.768437356;0.768437356
Garuda Metalindo 2;1453245;W2;October;11/10/2025;3.85794;3.76262;2.04123428;2.04123428;0.818058141;0.818058141;0.09532;0.79784598;0.79784598
Garuda Metalindo 2;1453245;W2;October;12/10/2025;5.17539;5.07118;2.703117045;2.703117045;0.803780567;0.803780567;0.10421;0.787595898;0.787595898
Garuda Metalindo 2;1453245;W3;October;13/10/2025;5.16021;5.05724;2.718482829;2.718482829;0.810577803;0.810577803;0.10297;0.794403036;0.794403036
Garuda Metalindo 2;1453245;W3;October;14/10/2025;4.47332;4.37262;2.364048047;2.364048047;0.815260196;0.815260196;0.1007;0.796907675;0.796907675
Garuda Metalindo 2;1453245;W3;October;15/10/2025;6.8112;6.69498;3.421320453;3.421320453;0.770594929;0.770594929;0.11622;0.757446212;0.757446212
Garuda Metalindo 2;1453245;W3;October;16/10/2025;5.78288;5.67238;2.997550002;2.997550002;0.796861411;0.796861411;0.1105;0.781634883;0.781634883
Garuda Metalindo 2;1453245;W3;October;17/10/2025;6.26129;6.14638;3.206980124;3.206980124;0.786789469;0.786789469;0.11491;0.772349956;0.772349956
Garuda Metalindo 2;1453245;W3;October;18/10/2025;4.27271;4.1758;2.272278615;2.272278615;0.820547201;0.820547201;0.09691;0.801936242;0.801936242
Garuda Metalindo 2;1453245;W3;October;19/10/2025;5.68067;5.5707;2.931384944;2.931384944;0.793496032;0.793496032;0.10997;0.778135034;0.778135034
Garuda Metalindo 2;1453245;W4;October;20/10/2025;2.86701;2.78496;1.523760712;1.523760712;0.825048515;0.825048515;0.08205;0.801436728;0.801436728
Garuda Metalindo 2;1453245;W4;October;21/10/2025;3.70548;3.60859;1.968782297;1.968782297;0.822700633;0.822700633;0.09689;0.801188855;0.801188855
Garuda Metalindo 2;1453245;W4;October;22/10/2025;3.66581;3.5703;1.953849287;1.953849287;0.825216737;0.825216737;0.09551;0.803716319;0.803716319
Garuda Metalindo 2;1453245;W4;October;23/10/2025;2.8861;2.79951;1.536358162;1.536358162;0.827545966;0.827545966;0.08659;0.80271758;0.80271758
Garuda Metalindo 2;1453245;W4;October;24/10/2025;5.63188;5.52308;2.950710193;2.950710193;0.805613806;0.805613806;0.1088;0.79005048;0.79005048
Garuda Metalindo 2;1453245;W4;October;25/10/2025;6.04942;5.93699;3.116903791;3.116903791;0.7916601;0.7916601;0.11243;0.776946897;0.776946897
Garuda Metalindo 2;1453245;W4;October;26/10/2025;3.52904;3.43091;1.885256174;1.885256174;0.828595791;0.828595791;0.09813;0.805555501;0.805555501
Garuda Metalindo 2;1453245;W5;October;27/10/2025;3.99787;3.9019;2.138463487;2.138463487;0.826432488;0.826432488;0.09597;0.806593743;0.806593743
Garuda Metalindo 2;1453245;W5;October;28/10/2025;6.64609;6.52733;3.38393838;3.38393838;0.781751195;0.781751195;0.11876;0.767781963;0.767781963
Garuda Metalindo 2;1453245;W5;October;29/10/2025;6.43222;6.3135;3.290854326;3.290854326;0.785995664;0.785995664;0.11872;0.771488479;0.771488479
Garuda Metalindo 2;1453245;W5;October;30/10/2025;5.46721;5.35559;2.848438986;2.848438986;0.802012757;0.802012757;0.11162;0.785638653;0.785638653
Garuda Metalindo 2;1453245;W5;October;31/10/2025;3.26052;3.16961;1.740924073;1.740924073;0.828239005;0.828239005;0.09091;0.805145999;0.805145999
Garuda Metalindo 2;1453245;W1;November;01/11/2025;4.30501;4.20791;2.304278308;2.304278308;0.825753011;0.825753011;0.0971;0.807128056;0.807128056
Garuda Metalindo 2;1453245;W1;November;02/11/2025;5.45709;5.35046;2.885202396;2.885202396;0.813142835;0.813142835;0.10663;0.797254253;0.797254253
Garuda Metalindo 2;1453245;W2;November;03/11/2025;3.7465;3.65159;2.009775555;2.009775555;0.829941015;0.829941015;0.09491;0.808916138;0.808916138
Garuda Metalindo 2;1453245;W2;November;04/11/2025;5.84602;5.73019;3.02812718;3.02812718;0.796868695;0.796868695;0.11583;0.781079953;0.781079953
Garuda Metalindo 2;1453245;W2;November;05/11/2025;5.53772;5.42747;2.903622798;2.903622798;0.806723008;0.806723008;0.11025;0.790662027;0.790662027
Garuda Metalindo 2;1453245;W2;November;06/11/2025;7.09109;6.96679;3.55279232;3.55279232;0.768986612;0.768986612;0.1243;0.755507015;0.755507015
Garuda Metalindo 2;1453245;W2;November;07/11/2025;3.69194;3.59788;1.974427361;1.974427361;0.82751555;0.82751555;0.09406;0.806432837;0.806432837
Garuda Metalindo 2;1453245;W2;November;08/11/2025;5.12841;5.02188;2.70923398;2.70923398;0.81350806;0.81350806;0.10653;0.796609448;0.796609448
Garuda Metalindo 2;1453245;W2;November;09/11/2025;1.58118;1.52709;0.829769961;0.829769961;0.819359989;0.819359989;0.05409;0.791330807;0.791330807
Garuda Metalindo 2;1453245;W3;November;10/11/2025;5.64087;5.52779;2.906368035;2.906368035;0.792831231;0.792831231;0.11308;0.776937698;0.776937698
Garuda Metalindo 2;1453245;W3;November;11/11/2025;6.0246;5.91607;0;3.135044842;0;0.79908344;0.10853;0;0.784688372
Garuda Metalindo 2;1453245;W3;November;12/11/2025;6.35903;6.24481;3.275511541;3.275511541;0.790936434;0.790936434;0.11422;0.776729746;0.776729746
Garuda Metalindo 2;1453245;W3;November;13/11/2025;7.27079;7.14053;3.637060599;3.637060599;0.768071704;0.768071704;0.13026;0.754311299;0.754311299
Garuda Metalindo 2;1453245;W3;November;14/11/2025;3.5301;3.43339;1.892579438;1.892579438;0.831213631;0.831213631;0.09671;0.808441848;0.808441848
Garuda Metalindo 2;1453245;W3;November;15/11/2025;3.42331;3.32882;1.82641428;1.82641428;0.827352644;0.827352644;0.09449;0.804516105;0.804516105
Garuda Metalindo 2;1453245;W3;November;16/11/2025;4.94842;4.8353;2.523676236;2.523676236;0.787031094;0.787031094;0.11312;0.769039703;0.769039703
Garuda Metalindo 2;1453245;W4;November;17/11/2025;6.63736;6.52591;3.389807931;3.389807931;0.783277567;0.783277567;0.11145;0.770125307;0.770125307
Garuda Metalindo 2;1453245;W4;November;18/11/2025;6.64679;6.53181;3.375400889;3.375400889;0.779244049;0.779244049;0.11498;0.765764237;0.765764237
Garuda Metalindo 2;1453245;W4;November;19/11/2025;6.83156;6.71384;3.441140772;3.441140772;0.772881887;0.772881887;0.11772;0.759563749;0.759563749
Garuda Metalindo 2;1453245;W4;November;20/11/2025;5.54819;5.4441;2.891311632;2.891311632;0.800848721;0.800848721;0.10409;0.78582394;0.78582394
Garuda Metalindo 2;1453245;W4;November;21/11/2025;4.4864;4.38381;2.37942933;2.37942933;0.818469999;0.818469999;0.10259;0.799754138;0.799754138
Garuda Metalindo 2;1453245;W4;November;22/11/2025;6.3711;6.25199;3.230968295;3.230968295;0.779284609;0.779284609;0.11911;0.764715603;0.764715603
Garuda Metalindo 2;1453245;W4;November;23/11/2025;6.77013;6.65001;3.410238713;3.410238713;0.773293143;0.773293143;0.12012;0.759572878;0.759572878
Garuda Metalindo 2;1453245;W5;November;24/11/2025;6.05651;5.94752;3.151517728;3.151517728;0.79903448;0.79903448;0.10899;0.784655445;0.784655445
Garuda Metalindo 2;1453245;W5;November;25/11/2025;7.34032;7.20939;3.640030322;3.640030322;0.761356673;0.761356673;0.13093;0.747776281;0.747776281
Garuda Metalindo 2;1453245;W5;November;26/11/2025;7.30909;7.1816;3.630008019;3.630008019;0.762198429;0.762198429;0.12749;0.748903658;0.748903658
Garuda Metalindo 2;1453245;W5;November;27/11/2025;6.14688;6.04121;3.216128379;3.216128379;0.802769975;0.802769975;0.10567;0.788969689;0.788969689
Garuda Metalindo 2;1453245;W5;November;28/11/2025;7.0421;6.9225;3.547061961;3.547061961;0.772658324;0.772658324;0.1196;0.759535827;0.759535827
Garuda Metalindo 2;1453245;W5;November;29/11/2025;2.85389;2.7695;1.527364698;1.527364698;0.831616421;0.831616421;0.08439;0.807025385;0.807025385
Garuda Metalindo 2;1453245;W5;November;30/11/2025;7.13069;7.00951;3.581799492;3.581799492;0.770540176;0.770540176;0.12118;0.757445503;0.757445503
Garuda Metalindo 2;1453245;W1;December;01/12/2025;7.31938;7.19151;3.635158112;3.635158112;0.762227992;0.762227992;0.12787;0.748911824;0.748911824
Garuda Metalindo 2;1453245;W1;December;02/12/2025;5.40091;5.31169;2.880183595;2.880183595;0.817653177;0.817653177;0.08922;0.804146006;0.804146006
Garuda Metalindo 2;1453245;W1;December;03/12/2025;1.67261;1.61663;0.879494399;0.879494399;0.820359329;0.820359329;0.05598;0.792903009;0.792903009
Garuda Metalindo 2;1453245;W1;December;04/12/2025;4.07279;3.988;2.077240035;2.077240035;0.785440356;0.785440356;0.08479;0.769088546;0.769088546
Garuda Metalindo 2;1453245;W1;December;05/12/2025;7.45278;7.31309;3.67817035;3.67817035;0.758424926;0.758424926;0.13969;0.744209509;0.744209509
Garuda Metalindo 2;1453245;W1;December;06/12/2025;2.84057;2.76271;1.511758927;1.511758927;0.825142429;0.825142429;0.07786;0.802525282;0.802525282
Garuda Metalindo 2;1453245;W1;December;07/12/2025;1.71079;1.65689;0.90380765;0.90380765;0.822553232;0.822553232;0.0539;0.796637942;0.796637942
Garuda Metalindo 2;1453245;W2;December;08/12/2025;6.90211;6.7907;3.491290284;3.491290284;0.775270203;0.775270203;0.11141;0.762756225;0.762756225
Garuda Metalindo 2;1453245;W2;December;09/12/2025;5.99691;5.89373;3.128674089;3.128674089;0.800482361;0.800482361;0.10318;0.786709639;0.786709639
Garuda Metalindo 2;1453245;W2;December;10/12/2025;7.21724;7.09833;3.609963613;3.609963613;0.766881597;0.766881597;0.11891;0.754246588;0.754246588
Garuda Metalindo 2;1453245;W2;December;11/12/2025;1.46149;1.40928;0.770634585;0.770634585;0.824580165;0.824580165;0.05221;0.795123015;0.795123015
Garuda Metalindo 2;1453245;W2;December;12/12/2025;1.3887;1.33969;0.728403501;0.728403501;0.819878289;0.819878289;0.04901;0.790943144;0.790943144
Garuda Metalindo 2;1453245;W2;December;13/12/2025;0.93401;0.89852;0.481823492;0.481823492;0.808615198;0.808615198;0.03549;0.777889881;0.777889881
Garuda Metalindo 2;1453245;W2;December;14/12/2025;0.96511;0.92792;0.496663508;0.496663508;0.807111236;0.807111236;0.03719;0.776009635;0.776009635
Garuda Metalindo 2;1453245;W3;December;15/12/2025;7.06001;6.94427;3.536807772;3.536807772;0.768009399;0.768009399;0.11574;0.755418849;0.755418849
Garuda Metalindo 2;1453245;W3;December;16/12/2025;4.8784;4.78139;2.578117992;2.578117992;0.81307442;0.81307442;0.09701;0.796905932;0.796905932
Garuda Metalindo 2;1453245;W3;December;17/12/2025;4.691;4.61479;2.50380202;2.50380202;0.818143943;0.818143943;0.07621;0.804852375;0.804852375
Garuda Metalindo 2;1453245;W3;December;18/12/2025;6.52892;6.43162;3.334979497;3.334979497;0.781905861;0.781905861;0.0973;0.770253177;0.770253177
Garuda Metalindo 2;1453245;W3;December;19/12/2025;4.44737;4.36438;2.203252227;2.203252227;0.761243045;0.761243045;0.08299;0.747037895;0.747037895
Garuda Metalindo 2;1453245;W3;December;20/12/2025;7.0769;6.98968;3.572581341;3.572581341;0.770737534;0.770737534;0.08722;0.761238498;0.761238498
Garuda Metalindo 2;1453245;W3;December;21/12/2025;4.52942;4.4689;2.369453425;2.369453425;0.799519788;0.799519788;0.06052;0.788836977;0.788836977
Garuda Metalindo 2;1453245;W4;December;22/12/2025;0.92558;0.89558;0.476619002;0.476619002;0.802506658;0.802506658;0.03;0.776495724;0.776495724
Garuda Metalindo 2;1453245;W4;December;23/12/2025;7.7017;7.57531;3.794361227;3.794361227;0.755300794;0.755300794;0.12639;0.742905807;0.742905807
Garuda Metalindo 2;1453245;W4;December;24/12/2025;5.8132;5.7387;3.035860219;3.035860219;0.797718982;0.797718982;0.0745;0.787495687;0.787495687
Garuda Metalindo 2;1453245;W4;December;25/12/2025;5.29282;5.19453;2.825858032;2.825858032;0.820324642;0.820324642;0.09829;0.805090852;0.805090852
Garuda Metalindo 2;1453245;W4;December;26/12/2025;4.25026;4.16702;2.290350738;2.290350738;0.828815923;0.828815923;0.08324;0.812583825;0.812583825
Garuda Metalindo 2;1453245;W4;December;27/12/2025;2.50869;2.43581;1.341853351;1.341853351;0.830698302;0.830698302;0.07288;0.806565671;0.806565671
Garuda Metalindo 2;1453245;W4;December;28/12/2025;3.27922;3.20052;1.75020392;1.75020392;0.824612254;0.824612254;0.0787;0.804821881;0.804821881
Garuda Metalindo 2;1453245;W5;December;29/12/2025;3.9743;3.89202;2.097941702;2.097941702;0.812830571;0.812830571;0.08228;0.796002526;0.796002526
Garuda Metalindo 2;1453245;W5;December;30/12/2025;3.34042;3.2641;1.784631869;1.784631869;0.824454828;0.824454828;0.07632;0.805618157;0.805618157
Garuda Metalindo 2;1453245;W5;December;31/12/2025;2.93261;2.86409;1.572224825;1.572224825;0.827769967;0.827769967;0.06852;0.808429244;0.808429244
Garuda Metalindo (IKP);1445767;W1;January;01/01/2025;5.52;5.46;1.460587387;1.460587387;0.816939525;0.816939525;0.06;0.808059747;0.808059747
Garuda Metalindo (IKP);1445767;W1;January;02/01/2025;2.84;2.81;0.767666953;0.767666953;0.83429863;0.83429863;0.03;0.825485617;0.825485617
Garuda Metalindo (IKP);1445767;W1;January;03/01/2025;6.15;6.1;1.630282187;1.630282187;0.816183768;0.816183768;0.05;0.809548128;0.809548128
Garuda Metalindo (IKP);1445767;W1;January;04/01/2025;7.44;7.39;1.942399409;1.942399409;0.802692313;0.802692313;0.05;0.797297876;0.797297876
Garuda Metalindo (IKP);1445767;W1;January;05/01/2025;2.57;2.54;0.690900258;0.690900258;0.830685526;0.830685526;0.03;0.820988808;0.820988808
Garuda Metalindo (IKP);1445767;W2;January;06/01/2025;5.88;5.84;1.58078787;1.58078787;0.826638737;0.826638737;0.04;0.821015344;0.821015344
Garuda Metalindo (IKP);1445767;W2;January;07/01/2025;4.76;4.72;1.280791706;1.280791706;0.828688884;0.828688884;0.04;0.821725112;0.821725112
Garuda Metalindo (IKP);1445767;W2;January;08/01/2025;2.96;2.92;0.802009948;0.802009948;0.838787422;0.838787422;0.04;0.827452456;0.827452456
Garuda Metalindo (IKP);1445767;W2;January;09/01/2025;3.44;3.4;0.932311313;0.932311313;0.837407878;0.837407878;0.04;0.827670577;0.827670577
Garuda Metalindo (IKP);1445767;W2;January;10/01/2025;4.43;4.38;1.20402501;1.20402501;0.839491693;0.839491693;0.05;0.830016618;0.830016618
Garuda Metalindo (IKP);1445767;W2;January;11/01/2025;6.5;6.46;1.736341437;1.736341437;0.820838309;0.820838309;0.04;0.815786996;0.815786996
Garuda Metalindo (IKP);1445767;W2;January;12/01/2025;7.33;7.28;1.940379232;1.940379232;0.813973458;0.813973458;0.05;0.808421115;0.808421115
Garuda Metalindo (IKP);1445767;W3;January;13/01/2025;5.97;5.92;1.609070337;1.609070337;0.830057785;0.830057785;0.05;0.823105878;0.823105878
Garuda Metalindo (IKP);1445767;W3;January;14/01/2025;1.43;1.41;0.386863741;0.386863741;0.837903336;0.837903336;0.02;0.826184408;0.826184408
Garuda Metalindo (IKP);1445767;W3;January;15/01/2025;1.58;1.56;0.431307617;0.431307617;0.844340332;0.844340332;0.02;0.83365248;0.83365248
Garuda Metalindo (IKP);1445767;W3;January;16/01/2025;1.07;1.05;0.285854931;0.285854931;0.831402631;0.831402631;0.02;0.815862395;0.815862395
Garuda Metalindo (IKP);1445767;W3;January;17/01/2025;6.79;6.75;1.807047604;1.807047604;0.817562242;0.817562242;0.04;0.81274597;0.81274597
Garuda Metalindo (IKP);1445767;W3;January;18/01/2025;6.51;6.46;1.735331349;1.735331349;0.8203608;0.8203608;0.05;0.814060025;0.814060025
Garuda Metalindo (IKP);1445767;W3;January;19/01/2025;4.39;4.35;1.170692103;1.170692103;0.821880047;0.821880047;0.04;0.814391391;0.814391391
Garuda Metalindo (IKP);1445767;W4;January;20/01/2025;0.88;0.86;0.231310174;0.231310174;0.821393552;0.821393552;0.02;0.802725517;0.802725517
Garuda Metalindo (IKP);1445767;W4;January;21/01/2025;2.95;2.91;0.797969596;0.797969596;0.837429702;0.837429702;0.04;0.826074723;0.826074723
Garuda Metalindo (IKP);1445767;W4;January;22/01/2025;0.92;0.9;0.239390879;0.239390879;0.812306811;0.812306811;0.02;0.794647967;0.794647967
Garuda Metalindo (IKP);1445767;W4;January;23/01/2025;3.43;3.39;0.922210432;0.922210432;0.83077867;0.83077867;0.04;0.821090289;0.821090289
Garuda Metalindo (IKP);1445767;W4;January;24/01/2025;7.17;7.13;1.899975709;1.899975709;0.813792202;0.813792202;0.04;0.809252217;0.809252217
Garuda Metalindo (IKP);1445767;W4;January;25/01/2025;5.41;5.35;1.435335184;1.435335184;0.819321882;0.819321882;0.06;0.810235133;0.810235133
Garuda Metalindo (IKP);1445767;W4;January;26/01/2025;6.96;6.92;1.840380511;1.840380511;0.81218794;0.81218794;0.04;0.807520193;0.807520193
Garuda Metalindo (IKP);1445767;W5;January;27/01/2025;1.72;1.69;0.464640524;0.464640524;0.839625046;0.839625046;0.03;0.824980423;0.824980423
Garuda Metalindo (IKP);1445767;W5;January;28/01/2025;7.24;7.19;1.911086678;1.911086678;0.811720473;0.811720473;0.05;0.806114669;0.806114669
Garuda Metalindo (IKP);1445767;W5;January;29/01/2025;3.35;3.31;0.913119639;0.913119639;0.842470485;0.842470485;0.04;0.832411136;0.832411136
Garuda Metalindo (IKP);1445767;W5;January;30/01/2025;3.21;3.17;0.876756467;0.876756467;0.844645983;0.844645983;0.04;0.8341208;0.8341208
Garuda Metalindo (IKP);1445767;W5;January;31/01/2025;3.03;3;0.81716127;0.81716127;0.831843304;0.831843304;0.03;0.823607232;0.823607232
Garuda Metalindo (IKP);1445767;W1;February;01/02/2025;5.78;5.74;1.556545756;1.556545756;0.828142369;0.828142369;0.04;0.82241128;0.82241128
Garuda Metalindo (IKP);1445767;W1;February;02/02/2025;4.63;4.59;1.243418446;1.243418446;0.827293526;0.827293526;0.04;0.820146281;0.820146281
Garuda Metalindo (IKP);1445767;W2;February;03/02/2025;4.57;4.53;1.235337741;1.235337741;0.832803445;0.832803445;0.04;0.825514137;0.825514137
Garuda Metalindo (IKP);1445767;W2;February;04/02/2025;1.09;1.07;0.290905372;0.290905372;0.830276925;0.830276925;0.02;0.815042486;0.815042486
Garuda Metalindo (IKP);1445767;W2;February;05/02/2025;1.58;1.55;0.427267265;0.427267265;0.841827148;0.841827148;0.03;0.825843089;0.825843089
Garuda Metalindo (IKP);1445767;W2;February;06/02/2025;1.56;1.53;0.421206736;0.421206736;0.840734525;0.840734525;0.03;0.824566554;0.824566554
Garuda Metalindo (IKP);1445767;W2;February;07/02/2025;6.86;6.82;1.826239278;1.826239278;0.817764606;0.817764606;0.04;0.812996299;0.812996299
Garuda Metalindo (IKP);1445767;W2;February;08/02/2025;4.55;4.51;1.210085539;1.210085539;0.819397311;0.819397311;0.04;0.812193818;0.812193818
Garuda Metalindo (IKP);1445767;W2;February;09/02/2025;5.96;5.92;1.611090513;1.611090513;0.831099917;0.831099917;0.04;0.825522065;0.825522065
Garuda Metalindo (IKP);1445767;W3;February;10/02/2025;5.56;5.51;1.497960646;1.497960646;0.8302403;0.8302403;0.05;0.82277411;0.82277411
Garuda Metalindo (IKP);1445767;W3;February;11/02/2025;2.9;2.86;0.791909067;0.791909067;0.845598663;0.845598663;0.04;0.833935233;0.833935233
Garuda Metalindo (IKP);1445767;W3;February;12/02/2025;6.94;6.9;1.848461216;1.848461216;0.818118582;0.818118582;0.04;0.813403202;0.813403202
Garuda Metalindo (IKP);1445767;W3;February;13/02/2025;5.41;5.37;1.457557123;1.457557123;0.828907947;0.828907947;0.04;0.822779238;0.822779238
Garuda Metalindo (IKP);1445767;W3;February;14/02/2025;5.52;5.46;1.49089003;1.49089003;0.833888478;0.833888478;0.06;0.824824472;0.824824472
Garuda Metalindo (IKP);1445767;W3;February;15/02/2025;6.23;6.19;1.677756327;1.677756327;0.827738664;0.827738664;0.04;0.82242413;0.82242413
Garuda Metalindo (IKP);1445767;W3;February;16/02/2025;5.16;5.12;1.397961925;1.397961925;0.833835512;0.833835512;0.04;0.827371671;0.827371671
Garuda Metalindo (IKP);1445767;W4;February;17/02/2025;8.09;8.01;2.091892447;2.091892447;0.797557202;0.797557202;0.08;0.789670357;0.789670357
Garuda Metalindo (IKP);1445767;W4;February;18/02/2025;4.64;4.6;1.218166244;1.218166244;0.808730336;0.808730336;0.04;0.801758523;0.801758523
Garuda Metalindo (IKP);1445767;W4;February;19/02/2025;3.6;3.56;0.976755189;0.976755189;0.837897191;0.837897191;0.04;0.828587222;0.828587222
Garuda Metalindo (IKP);1445767;W4;February;20/02/2025;2.39;2.35;0.648476558;0.648476558;0.842716358;0.842716358;0.04;0.828612318;0.828612318
Garuda Metalindo (IKP);1445767;W4;February;21/02/2025;3.75;3.73;1.004027567;1.004027567;0.822037843;0.822037843;0.02;0.817653641;0.817653641
Garuda Metalindo (IKP);1445767;W4;February;22/02/2025;5.09;5.05;1.360588665;1.360588665;0.822792787;0.822792787;0.04;0.816326832;0.816326832
Garuda Metalindo (IKP);1445767;W4;February;23/02/2025;4.82;4.78;1.297963203;1.297963203;0.829257655;0.829257655;0.04;0.822375849;0.822375849
Garuda Metalindo (IKP);1445767;W5;February;24/02/2025;7.13;7.09;1.882804211;1.882804211;0.810987072;0.810987072;0.04;0.806437355;0.806437355
Garuda Metalindo (IKP);1445767;W5;February;25/02/2025;6.73;6.69;1.786845842;1.786845842;0.815672787;0.815672787;0.04;0.810824806;0.810824806
Garuda Metalindo (IKP);1445767;W5;February;26/02/2025;6.39;6.35;1.698968177;1.698968177;0.817083658;0.817083658;0.04;0.811968893;0.811968893
Garuda Metalindo (IKP);1445767;W5;February;27/02/2025;5.17;5.13;1.391901396;1.391901396;0.828602255;0.828602255;0.04;0.822191405;0.822191405
Garuda Metalindo (IKP);1445767;W5;February;28/02/2025;5.36;5.32;1.438365449;1.438365449;0.825681616;0.825681616;0.04;0.819519813;0.819519813
Garuda Metalindo (IKP);1445767;W1;March;01/03/2025;4.88;4.84;1.32119523;1.32119523;0.833636344;0.833636344;0.04;0.82680326;0.82680326
Garuda Metalindo (IKP);1445767;W1;March;02/03/2025;3.28;3.24;0.891907789;0.891907789;0.840678521;0.840678521;0.04;0.830426344;0.830426344
Garuda Metalindo (IKP);1445767;W2;March;03/03/2025;3.8;3.76;1.028269682;1.028269682;0.835168664;0.835168664;0.04;0.826377415;0.826377415
Garuda Metalindo (IKP);1445767;W2;March;04/03/2025;5.08;5.04;1.371699634;1.371699634;0.831157813;0.831157813;0.04;0.824613263;0.824613263
Garuda Metalindo (IKP);1445767;W2;March;05/03/2025;6.1;6.07;1.64442342;1.64442342;0.827332276;0.827332276;0.03;0.823263429;0.823263429
Garuda Metalindo (IKP);1445767;W2;March;06/03/2025;3.7;3.68;0.998977127;0.998977127;0.829015654;0.829015654;0.02;0.824534488;0.824534488
Garuda Metalindo (IKP);1445767;W2;March;07/03/2025;3.73;3.69;0.999987215;0.999987215;0.827604963;0.827604963;0.04;0.818729843;0.818729843
Garuda Metalindo (IKP);1445767;W2;March;08/03/2025;3.71;3.68;1.00806792;1.00806792;0.83655978;0.83655978;0.03;0.829795146;0.829795146
Garuda Metalindo (IKP);1445767;W2;March;09/03/2025;6.35;6.32;1.70805897;1.70805897;0.825355002;0.825355002;0.03;0.821455687;0.821455687
Garuda Metalindo (IKP);1445767;W3;March;10/03/2025;1.77;1.74;0.480801934;0.480801934;0.843863034;0.843863034;0.03;0.82956027;0.82956027
Garuda Metalindo (IKP);1445767;W3;March;11/03/2025;4.55;4.52;1.228267125;1.228267125;0.829868726;0.829868726;0.03;0.824397064;0.824397064
Garuda Metalindo (IKP);1445767;W3;March;12/03/2025;7.28;7.24;1.925227911;1.925227911;0.812079576;0.812079576;0.04;0.807617601;0.807617601
Garuda Metalindo (IKP);1445767;W3;March;13/03/2025;3.09;3.06;0.83837312;0.83837312;0.836702225;0.836702225;0.03;0.828578903;0.828578903
Garuda Metalindo (IKP);1445767;W3;March;14/03/2025;2.32;2.28;0.630294972;0.630294972;0.844236259;0.844236259;0.04;0.829680462;0.829680462
Garuda Metalindo (IKP);1445767;W3;March;15/03/2025;3.46;3.42;0.941402105;0.941402105;0.840628412;0.840628412;0.04;0.830910165;0.830910165
Garuda Metalindo (IKP);1445767;W3;March;16/03/2025;3.85;3.82;1.042410915;1.042410915;0.83335605;0.83335605;0.03;0.826862366;0.826862366
Garuda Metalindo (IKP);1445767;W4;March;17/03/2025;6.34;6.31;1.678766416;1.678766416;0.81248606;0.81248606;0.03;0.808641489;0.808641489
Garuda Metalindo (IKP);1445767;W4;March;18/03/2025;4.76;4.72;1.274731177;1.274731177;0.824767643;0.824767643;0.04;0.817836822;0.817836822
Garuda Metalindo (IKP);1445767;W4;March;19/03/2025;7.51;7.46;1.961591082;1.961591082;0.803016846;0.803016846;0.05;0.797670529;0.797670529
Garuda Metalindo (IKP);1445767;W4;March;20/03/2025;6.92;6.89;1.834319982;1.834319982;0.813038068;0.813038068;0.03;0.809513336;0.809513336
Garuda Metalindo (IKP);1445767;W4;March;21/03/2025;7.31;7.28;1.927248087;1.927248087;0.808465048;0.808465048;0.03;0.805147134;0.805147134
Garuda Metalindo (IKP);1445767;W4;March;22/03/2025;7.04;7;1.857552009;1.857552009;0.810397229;0.810397229;0.04;0.805792699;0.805792699
Garuda Metalindo (IKP);1445767;W4;March;23/03/2025;5.21;5.16;1.38483078;1.38483078;0.819600116;0.819600116;0.05;0.811734472;0.811734472
Garuda Metalindo (IKP);1445767;W5;March;24/03/2025;5.22;5.17;1.391901396;1.391901396;0.822191405;0.822191405;0.05;0.814316009;0.814316009
Garuda Metalindo (IKP);1445767;W5;March;25/03/2025;7.55;7.5;1.975732316;1.975732316;0.804492214;0.804492214;0.05;0.799164451;0.799164451
Garuda Metalindo (IKP);1445767;W5;March;26/03/2025;5.96;5.93;1.605029985;1.605029985;0.826577277;0.826577277;0.03;0.822416653;0.822416653
Garuda Metalindo (IKP);1445767;W5;March;27/03/2025;5.72;5.68;1.515132144;1.515132144;0.814623964;0.814623964;0.04;0.808927293;0.808927293
Garuda Metalindo (IKP);1445767;W5;March;28/03/2025;6.52;6.5;1.737351525;1.737351525;0.816261567;0.816261567;0.02;0.813757697;0.813757697
Garuda Metalindo (IKP);1445767;W5;March;29/03/2025;2.97;2.92;0.809080565;0.809080565;0.846182273;0.846182273;0.05;0.83193678;0.83193678
Garuda Metalindo (IKP);1445767;W5;March;30/03/2025;3.02;2.96;0.81716127;0.81716127;0.84308443;0.84308443;0.06;0.826334408;0.826334408
Garuda Metalindo (IKP);1445767;W5;March;31/03/2025;4.28;4.24;1.153520606;1.153520606;0.830834468;0.830834468;0.04;0.82306966;0.82306966
Garuda Metalindo (IKP);1445767;W1;April;01/04/2025;5.97;5.94;1.603009808;1.603009808;0.82414711;0.82414711;0.03;0.820005667;0.820005667
Garuda Metalindo (IKP);1445767;W1;April;02/04/2025;6.8;6.78;1.819168661;1.819168661;0.819404373;0.819404373;0.02;0.81699436;0.81699436
Garuda Metalindo (IKP);1445767;W1;April;03/04/2025;7.81;7.75;2.031287161;2.031287161;0.800432338;0.800432338;0.06;0.79428305;0.79428305
Garuda Metalindo (IKP);1445767;W1;April;04/04/2025;6.62;6.59;1.76664408;1.76664408;0.81868843;0.81868843;0.03;0.814978362;0.814978362
Garuda Metalindo (IKP);1445767;W1;April;05/04/2025;7.19;7.15;1.880784035;1.880784035;0.80331873;0.80331873;0.04;0.798849641;0.798849641
Garuda Metalindo (IKP);1445767;W1;April;06/04/2025;5.95;5.92;1.590888751;1.590888751;0.820678601;0.820678601;0.03;0.816540726;0.816540726
Garuda Metalindo (IKP);1445767;W2;April;07/04/2025;6.31;6.28;1.672705887;1.672705887;0.813420188;0.813420188;0.03;0.809552897;0.809552897
Garuda Metalindo (IKP);1445767;W2;April;08/04/2025;1.78;1.75;0.478781758;0.478781758;0.835515577;0.835515577;0.03;0.821433854;0.821433854
Garuda Metalindo (IKP);1445767;W2;April;09/04/2025;2.28;2.24;0.617163827;0.617163827;0.841409575;0.841409575;0.04;0.826648004;0.826648004
Garuda Metalindo (IKP);1445767;W2;April;10/04/2025;4.24;4.21;1.143419725;1.143419725;0.829427803;0.829427803;0.03;0.82355921;0.82355921
Garuda Metalindo (IKP);1445767;W2;April;11/04/2025;5.93;5.9;1.57573743;1.57573743;0.815618081;0.815618081;0.03;0.811491851;0.811491851
Garuda Metalindo (IKP);1445767;W2;April;12/04/2025;6.77;6.74;1.791896282;1.791896282;0.811910162;0.811910162;0.03;0.808312333;0.808312333
Garuda Metalindo (IKP);1445767;W2;April;13/04/2025;5.58;5.55;1.492910206;1.492910206;0.821477569;0.821477569;0.03;0.817061023;0.817061023
Garuda Metalindo (IKP);1445767;W3;April;14/04/2025;6.5;6.48;1.733311173;1.733311173;0.816876751;0.816876751;0.02;0.814363284;0.814363284
Garuda Metalindo (IKP);1445767;W3;April;15/04/2025;4.72;4.69;1.276751353;1.276751353;0.831358783;0.831358783;0.03;0.826074723;0.826074723
Garuda Metalindo (IKP);1445767;W3;April;16/04/2025;4.91;4.87;1.332306199;1.332306199;0.835468524;0.835468524;0.04;0.828662263;0.828662263
Garuda Metalindo (IKP);1445767;W3;April;17/04/2025;4;3.97;1.09291532;1.09291532;0.84071929;0.84071929;0.03;0.834413895;0.834413895
Garuda Metalindo (IKP);1445767;W3;April;18/04/2025;2.52;2.49;0.682819553;0.682819553;0.837455245;0.837455245;0.03;0.82748554;0.82748554
Garuda Metalindo (IKP);1445767;W3;April;19/04/2025;4.98;4.95;1.353518049;1.353518049;0.835052648;0.835052648;0.03;0.83002221;0.83002221
Garuda Metalindo (IKP);1445767;W3;April;20/04/2025;2.08;2.05;0.564639246;0.564639246;0.84114759;0.84114759;0.03;0.829015654;0.829015654
Garuda Metalindo (IKP);1445767;W4;April;21/04/2025;2.69;2.65;0.734334046;0.734334046;0.846258015;0.846258015;0.04;0.833674253;0.833674253
Garuda Metalindo (IKP);1445767;W4;April;22/04/2025;5.45;5.41;1.460587387;1.460587387;0.824489798;0.824489798;0.04;0.818438496;0.818438496
Garuda Metalindo (IKP);1445767;W4;April;23/04/2025;4.73;4.69;1.275741265;1.275741265;0.830701063;0.830701063;0.04;0.823676106;0.823676106
Garuda Metalindo (IKP);1445767;W4;April;24/04/2025;3.38;3.36;0.920190255;0.920190255;0.8363602;0.8363602;0.02;0.831411323;0.831411323
Garuda Metalindo (IKP);1445767;W4;April;25/04/2025;3.9;3.86;1.059582413;1.059582413;0.838305744;0.838305744;0.04;0.829707736;0.829707736
Garuda Metalindo (IKP);1445767;W4;April;26/04/2025;2.18;2.14;0.591911624;0.591911624;0.844691455;0.844691455;0.04;0.829192529;0.829192529
Garuda Metalindo (IKP);1445767;W4;April;27/04/2025;4.64;4.61;1.254529415;1.254529415;0.831064878;0.831064878;0.03;0.825691613;0.825691613
Garuda Metalindo (IKP);1445767;W5;April;28/04/2025;5.42;5.39;1.458567211;1.458567211;0.826404524;0.826404524;0.03;0.82183033;0.82183033
Garuda Metalindo (IKP);1445767;W5;April;29/04/2025;5.53;5.51;1.497960646;1.497960646;0.8302403;0.8302403;0.02;0.827237623;0.827237623
Garuda Metalindo (IKP);1445767;W5;April;30/04/2025;6.02;6;1.61816113;1.61816113;0.823617412;0.823617412;0.02;0.820881142;0.820881142
Garuda Metalindo (IKP);1445767;W1;May;01/05/2025;6.12;6.1;1.631292275;1.631292275;0.816689458;0.816689458;0.02;0.814020539;0.814020539
Garuda Metalindo (IKP);1445767;W1;May;02/05/2025;5.15;5.13;1.387861044;1.387861044;0.826197023;0.826197023;0.02;0.822988491;0.822988491
Garuda Metalindo (IKP);1445767;W1;May;03/05/2025;6.22;6.2;1.649473861;1.649473861;0.812472656;0.812472656;0.02;0.809860203;0.809860203
Garuda Metalindo (IKP);1445767;W1;May;04/05/2025;6;5.98;1.599979544;1.599979544;0.817086907;0.817086907;0.02;0.814363284;0.814363284
Garuda Metalindo (IKP);1445767;W2;May;05/05/2025;6.04;6.02;1.603009808;1.624814783;0.813194989;0.824256491;0.02;0.81050229;0.821527165
Garuda Metalindo (IKP);1445767;W2;May;06/05/2025;6.49;6.47;0;1.746271038;0;0.824256491;0.02;0;0.821716409
Garuda Metalindo (IKP);1445767;W2;May;07/05/2025;5.12;5.09;1.371699634;1.371699634;0.822993198;0.822993198;0.03;0.818170972;0.818170972
Garuda Metalindo (IKP);1445767;W2;May;08/05/2025;5.51;5.48;1.481799237;1.481799237;0.82577896;0.82577896;0.03;0.821282886;0.821282886
Garuda Metalindo (IKP);1445767;W2;May;09/05/2025;4.42;4.39;1.19897457;1.19897457;0.834066075;0.834066075;0.03;0.828404993;0.828404993
Garuda Metalindo (IKP);1445767;W2;May;10/05/2025;2.73;2.69;0.743424839;0.743424839;0.843994842;0.843994842;0.04;0.831628617;0.831628617
Garuda Metalindo (IKP);1445767;W2;May;11/05/2025;5.21;5.19;1.404022453;1.404022453;0.826155314;0.826155314;0.02;0.822983892;0.822983892
Garuda Metalindo (IKP);1445767;W3;May;12/05/2025;5.9;5.88;1.583818135;1.583818135;0.822589176;0.822589176;0.02;0.819800738;0.819800738
Garuda Metalindo (IKP);1445767;W3;May;13/05/2025;6.15;6.14;1.63937298;1.63937298;0.815388171;0.815388171;0.01;0.814062337;0.814062337
Garuda Metalindo (IKP);1445767;W3;May;14/05/2025;5.37;5.34;1.44846633;1.44846633;0.828365785;0.828365785;0.03;0.823738043;0.823738043
Garuda Metalindo (IKP);1445767;W3;May;15/05/2025;3.19;3.15;0.868675763;0.868675763;0.842174632;0.842174632;0.04;0.831614449;0.831614449
Garuda Metalindo (IKP);1445767;W3;May;16/05/2025;2.93;2.9;0.797969596;0.797969596;0.840317391;0.840317391;0.03;0.831713458;0.831713458
Garuda Metalindo (IKP);1445767;W3;May;17/05/2025;2.67;2.64;0.725243253;0.725243253;0.838947483;0.838947483;0.03;0.829521107;0.829521107
Garuda Metalindo (IKP);1445767;W3;May;18/05/2025;3.81;3.8;1.032310034;1.032310034;0.829624478;0.829624478;0.01;0.827446986;0.827446986
Garuda Metalindo (IKP);1445767;W4;May;19/05/2025;6.58;6.54;1.731290997;1.731290997;0.808439133;0.808439133;0.04;0.803524609;0.803524609
Garuda Metalindo (IKP);1445767;W4;May;20/05/2025;6.69;6.65;1.742401966;1.742401966;0.800168982;0.800168982;0.04;0.795384713;0.795384713
Garuda Metalindo (IKP);1445767;W4;May;21/05/2025;6.22;6.19;1.640383068;1.640383068;0.809300175;0.809300175;0.03;0.805396797;0.805396797
Garuda Metalindo (IKP);1445767;W4;May;22/05/2025;5.33;5.31;1.435335184;1.435335184;0.825493799;0.825493799;0.02;0.822396261;0.822396261
Garuda Metalindo (IKP);1445767;W4;May;23/05/2025;1.67;1.64;0.448479115;0.448479115;0.835128645;0.835128645;0.03;0.820126334;0.820126334
Garuda Metalindo (IKP);1445767;W4;May;24/05/2025;3.29;3.27;0;0.882582116;0;0.824256491;0.02;0;0.819245813
Garuda Metalindo (IKP);1445767;W4;May;25/05/2025;6.1;6.09;1.205035099;1.643707978;0.604278871;0.824256491;0.01;0.60328825;0.822905251
Garuda Metalindo (IKP);1445767;W5;May;26/05/2025;3.72;3.7;0.998977127;0.998977127;0.824534488;0.824534488;0.02;0.820101507;0.820101507
Garuda Metalindo (IKP);1445767;W5;May;27/05/2025;5.18;5.17;1.392911484;1.392911484;0.822788061;0.822788061;0.01;0.821199667;0.821199667
Garuda Metalindo (IKP);1445767;W5;May;28/05/2025;3.87;3.83;1.05049162;1.05049162;0.837623443;0.837623443;0.04;0.828965836;0.828965836
Garuda Metalindo (IKP);1445767;W5;May;29/05/2025;2.57;2.53;0.696960786;0.696960786;0.841284384;0.841284384;0.04;0.828190464;0.828190464
Garuda Metalindo (IKP);1445767;W5;May;30/05/2025;2.45;2.41;0.664637967;0.664637967;0.842215266;0.842215266;0.04;0.828464813;0.828464813
Garuda Metalindo (IKP);1445767;W5;May;31/05/2025;5.49;5.47;1.47472862;1.47472862;0.823341085;0.823341085;0.02;0.820341664;0.820341664
Garuda Metalindo (IKP);1445767;W1;June;01/06/2025;3;2.96;0.81716127;0.81716127;0.84308443;0.84308443;0.04;0.831843304;0.831843304
Garuda Metalindo (IKP);1445767;W2;June;02/06/2025;3.39;3.37;0.909079286;0.909079286;0.823809634;0.823809634;0.02;0.818949401;0.818949401
Garuda Metalindo (IKP);1445767;W2;June;03/06/2025;1.34;1.31;0.36060145;0.36060145;0.840642182;0.840642182;0.03;0.821821835;0.821821835
Garuda Metalindo (IKP);1445767;W2;June;04/06/2025;6.01;6;1.609070337;1.609070337;0.818990348;0.818990348;0.01;0.817627635;0.817627635
Garuda Metalindo (IKP);1445767;W2;June;05/06/2025;4;3.97;1.086854791;1.086854791;0.836057261;0.836057261;0.03;0.829786831;0.829786831
Garuda Metalindo (IKP);1445767;W2;June;06/06/2025;4.76;4.74;1.292912763;1.292912763;0.833001697;0.833001697;0.02;0.82950169;0.82950169
Garuda Metalindo (IKP);1445767;W2;June;07/06/2025;5.69;5.68;1.529273377;1.529273377;0.822227121;0.822227121;0.01;0.820782082;0.820782082
Garuda Metalindo (IKP);1445767;W2;June;08/06/2025;5.15;5.14;1.400992189;1.400992189;0.83239143;0.83239143;0.01;0.830775136;0.830775136
Garuda Metalindo (IKP);1445767;W3;June;09/06/2025;4.86;4.84;1.320185141;1.320185141;0.832999008;0.832999008;0.02;0.829571028;0.829571028
Garuda Metalindo (IKP);1445767;W3;June;10/06/2025;3.33;3.29;0.909079286;0.909079286;0.84384148;0.84384148;0.04;0.833705246;0.833705246
Garuda Metalindo (IKP);1445767;W3;June;11/06/2025;4.49;4.47;1.219176332;1.219176332;0.83294055;0.83294055;0.02;0.829230347;0.829230347
Garuda Metalindo (IKP);1445767;W3;June;12/06/2025;5.02;5;1.364629018;1.364629018;0.833488482;0.833488482;0.02;0.830167811;0.830167811
Garuda Metalindo (IKP);1445767;W3;June;13/06/2025;5.62;5.61;1.502000999;1.502000999;0.817640444;0.817640444;0.01;0.816185568;0.816185568
Garuda Metalindo (IKP);1445767;W3;June;14/06/2025;5.74;5.73;1.553515492;1.553515492;0.827972613;0.827972613;0.01;0.826530152;0.826530152
Garuda Metalindo (IKP);1445767;W3;June;15/06/2025;5.93;5.91;1.585838311;1.585838311;0.819457491;0.819457491;0.02;0.816693722;0.816693722
Garuda Metalindo (IKP);1445767;W4;June;16/06/2025;5.77;5.76;1.546444875;1.546444875;0.819911477;0.819911477;0.01;0.818490486;0.818490486
Garuda Metalindo (IKP);1445767;W4;June;17/06/2025;5.94;5.92;1.583818135;1.583818135;0.817031141;0.817031141;0.02;0.814280194;0.814280194
Garuda Metalindo (IKP);1445767;W4;June;18/06/2025;5.44;5.43;1.464627739;1.464627739;0.823725349;0.823725349;0.01;0.822211148;0.822211148
Garuda Metalindo (IKP);1445767;W4;June;19/06/2025;5.21;5.2;1.393921573;1.393921573;0.81863442;0.81863442;0.01;0.817063145;0.817063145
Garuda Metalindo (IKP);1445767;W4;June;20/06/2025;4.48;4.45;1.210085539;1.210085539;0.830445365;0.830445365;0.03;0.824884346;0.824884346
Garuda Metalindo (IKP);1445767;W4;June;21/06/2025;5.27;5.26;1.416143511;1.416143511;0.822198211;0.822198211;0.01;0.820638063;0.820638063
Garuda Metalindo (IKP);1445767;W4;June;22/06/2025;5.47;5.46;1.466647915;1.466647915;0.820329315;0.820329315;0.01;0.818829627;0.818829627
Garuda Metalindo (IKP);1445767;W5;June;23/06/2025;5.34;5.33;1.43230492;1.43230492;0.820660027;0.820660027;0.01;0.81912321;0.81912321
Garuda Metalindo (IKP);1445767;W5;June;24/06/2025;5.39;5.37;1.452506682;1.452506682;0.826035778;0.826035778;0.02;0.822970711;0.822970711
Garuda Metalindo (IKP);1445767;W5;June;25/06/2025;4.84;4.82;1.304023732;1.304023732;0.826215736;0.826215736;0.02;0.822801621;0.822801621
Garuda Metalindo (IKP);1445767;W5;June;26/06/2025;3.29;3.27;0.891907789;0.891907789;0.832965874;0.832965874;0.02;0.827902252;0.827902252
Garuda Metalindo (IKP);1445767;W5;June;27/06/2025;2.32;2.29;0.629284884;0.629284884;0.839202603;0.839202603;0.03;0.828350846;0.828350846
Garuda Metalindo (IKP);1445767;W5;June;28/06/2025;5.85;5.84;1.567656725;1.567656725;0.81977209;0.81977209;0.01;0.81837077;0.81837077
Garuda Metalindo (IKP);1445767;W5;June;29/06/2025;4.8;4.79;1.307053996;1.307053996;0.833322333;0.833322333;0.01;0.831586245;0.831586245
Garuda Metalindo (IKP);1445767;W6;June;30/06/2025;5.39;5.38;1.456547034;1.456547034;0.82679386;0.82679386;0.01;0.82525992;0.82525992
Garuda Metalindo (IKP);1445767;W1;July;01/07/2025;2.44;2.39;0.661607703;0.661607703;0.845391072;0.845391072;0.05;0.828067485;0.828067485
Garuda Metalindo (IKP);1445767;W1;July;02/07/2025;5.18;5.17;1.397961925;1.397961925;0.825771339;0.825771339;0.01;0.824177186;0.824177186
Garuda Metalindo (IKP);1445767;W1;July;03/07/2025;5.56;5.55;1.49089003;1.49089003;0.820365962;0.820365962;0.01;0.818890483;0.818890483
Garuda Metalindo (IKP);1445767;W1;July;04/07/2025;5.6;5.59;1.508061527;1.508061527;0.823876771;0.823876771;0.01;0.822405562;0.822405562
Garuda Metalindo (IKP);1445767;W1;July;05/07/2025;5.52;5.51;1.485839589;1.485839589;0.82352224;0.82352224;0.01;0.822030352;0.822030352
Garuda Metalindo (IKP);1445767;W1;July;06/07/2025;5.88;5.87;1.578767694;1.578767694;0.821362999;0.821362999;0.01;0.819966124;0.819966124
Garuda Metalindo (IKP);1445767;W2;July;07/07/2025;3.38;3.35;0.92322052;0.92322052;0.841619224;0.841619224;0.03;0.834149231;0.834149231
Garuda Metalindo (IKP);1445767;W2;July;08/07/2025;4.04;4.01;1.096955672;1.096955672;0.835410079;0.835410079;0.03;0.829206539;0.829206539
Garuda Metalindo (IKP);1445767;W2;July;09/07/2025;5.49;5.48;1.46967818;1.46967818;0.819024122;0.819024122;0.01;0.817532275;0.817532275
Garuda Metalindo (IKP);1445767;W2;July;10/07/2025;4.43;4.4;1.189883777;1.189883777;0.825860837;0.825860837;0.03;0.8202681;0.8202681
Garuda Metalindo (IKP);1445767;W2;July;11/07/2025;5.74;5.73;1.539374258;1.539374258;0.820435801;0.820435801;0.01;0.81900647;0.81900647
Garuda Metalindo (IKP);1445767;W2;July;12/07/2025;5.31;5.3;1.434325096;1.434325096;0.826469313;0.826469313;0.01;0.824912874;0.824912874
Garuda Metalindo (IKP);1445767;W2;July;13/07/2025;4.98;4.96;1.348467608;1.348467608;0.830259488;0.830259488;0.02;0.826925113;0.826925113
Garuda Metalindo (IKP);1445767;W3;July;14/07/2025;2.6;2.56;0.71110202;0.71110202;0.848295088;0.848295088;0.04;0.835244394;0.835244394
Garuda Metalindo (IKP);1445767;W3;July;15/07/2025;4.28;4.25;1.166651751;1.166651751;0.838315145;0.838315145;0.03;0.832439105;0.832439105
Garuda Metalindo (IKP);1445767;W3;July;16/07/2025;3.99;3.96;1.086854791;1.086854791;0.838168516;0.838168516;0.03;0.831866497;0.831866497
Garuda Metalindo (IKP);1445767;W3;July;17/07/2025;5.45;5.44;1.477758884;1.477758884;0.829582696;0.829582696;0.01;0.828060526;0.828060526
Garuda Metalindo (IKP);1445767;W3;July;18/07/2025;4.79;4.77;1.292912763;1.292912763;0.827762693;0.827762693;0.02;0.824306481;0.824306481
Garuda Metalindo (IKP);1445767;W3;July;19/07/2025;5.29;5.27;1.425234303;1.425234303;0.825906068;0.825906068;0.02;0.822783549;0.822783549
Garuda Metalindo (IKP);1445767;W3;July;20/07/2025;5.5;5.49;1.485839589;1.485839589;0.826522321;0.826522321;0.01;0.825019553;0.825019553
Garuda Metalindo (IKP);1445767;W4;July;21/07/2025;5.58;5.56;1.49089003;1.49089003;0.818890483;0.818890483;0.02;0.815955392;0.815955392
Garuda Metalindo (IKP);1445767;W4;July;22/07/2025;6.33;6.3;1.673715975;1.673715975;0.811327538;0.811327538;0.03;0.807482384;0.807482384
Garuda Metalindo (IKP);1445767;W4;July;23/07/2025;4.65;4.62;1.255539503;1.255539503;0.829933722;0.829933722;0.03;0.824579311;0.824579311
Garuda Metalindo (IKP);1445767;W4;July;24/07/2025;3.8;3.77;1.038370563;1.038370563;0.841135616;0.841135616;0.03;0.834495072;0.834495072
Garuda Metalindo (IKP);1445767;W4;July;25/07/2025;5.38;5.36;1.45351677;1.45351677;0.828152395;0.828152395;0.02;0.825073762;0.825073762
Garuda Metalindo (IKP);1445767;W4;July;26/07/2025;5.53;5.51;1.497960646;1.497960646;0.8302403;0.8302403;0.02;0.827237623;0.827237623
Garuda Metalindo (IKP);1445767;W4;July;27/07/2025;5.39;5.38;1.458567211;1.458567211;0.827940592;0.827940592;0.01;0.826404524;0.826404524
Garuda Metalindo (IKP);1445767;W5;July;28/07/2025;5.1;5.08;1.379780339;1.379780339;0.829471073;0.829471073;0.02;0.826218246;0.826218246
Garuda Metalindo (IKP);1445767;W5;July;29/07/2025;3.35;3.31;0.910089375;0.910089375;0.839674676;0.839674676;0.04;0.82964871;0.82964871
Garuda Metalindo (IKP);1445767;W5;July;30/07/2025;4.15;4.13;1.133318844;1.133318844;0.838025171;0.838025171;0.02;0.833986496;0.833986496
Garuda Metalindo (IKP);1445767;W5;July;31/07/2025;5.63;5.62;1.519172496;1.519172496;0.825516539;0.825516539;0.01;0.824050258;0.824050258
Garuda Metalindo (IKP);1445767;W1;August;01/08/2025;3.32;3.27;0.904028846;0.904028846;0.844285909;0.844285909;0.05;0.831570759;0.831570759
Garuda Metalindo (IKP);1445767;W1;August;02/08/2025;4.17;4.13;1.130288579;1.130288579;0.835784462;0.835784462;0.04;0.827767345;0.827767345
Garuda Metalindo (IKP);1445767;W1;August;03/08/2025;5.22;5.2;1.416143511;1.416143511;0.831685114;0.831685114;0.02;0.828498581;0.828498581
Garuda Metalindo (IKP);1445767;W2;August;04/08/2025;5.76;5.74;1.556545756;1.556545756;0.828142369;0.828142369;0.02;0.825266875;0.825266875
Garuda Metalindo (IKP);1445767;W2;August;05/08/2025;5.8;5.78;1.558565932;1.558565932;0.823478654;0.823478654;0.02;0.820639072;0.820639072
Garuda Metalindo (IKP);1445767;W2;August;06/08/2025;4.49;4.47;1.21513598;1.21513598;0.830180183;0.830180183;0.02;0.826482276;0.826482276
Garuda Metalindo (IKP);1445767;W2;August;07/08/2025;4.87;4.84;1.32119523;1.32119523;0.833636344;0.833636344;0.03;0.828501008;0.828501008
Garuda Metalindo (IKP);1445767;W2;August;08/08/2025;4.97;4.94;1.340386903;1.340386903;0.828625382;0.828625382;0.03;0.823623619;0.823623619
Garuda Metalindo (IKP);1445767;W2;August;09/08/2025;5.35;5.33;1.446446153;1.446446153;0.828762453;0.828762453;0.02;0.825664275;0.825664275
Garuda Metalindo (IKP);1445767;W2;August;10/08/2025;6.11;6.1;1.637352804;1.637352804;0.819723599;0.819723599;0.01;0.818381989;0.818381989
Garuda Metalindo (IKP);1445767;W3;August;11/08/2025;5.6;5.58;1.507051439;1.507051439;0.824800437;0.824800437;0.02;0.821854721;0.821854721
Garuda Metalindo (IKP);1445767;W3;August;12/08/2025;5.88;5.86;1.57573743;1.57573743;0.82118544;0.82118544;0.02;0.818392292;0.818392292
Garuda Metalindo (IKP);1445767;W3;August;13/08/2025;5.63;5.61;1.518162408;1.518162408;0.826438189;0.826438189;0.02;0.823502352;0.823502352
Garuda Metalindo (IKP);1445767;W3;August;14/08/2025;4.79;4.76;1.298973291;1.298973291;0.833389979;0.833389979;0.03;0.828170418;0.828170418
Garuda Metalindo (IKP);1445767;W3;August;15/08/2025;5.61;5.59;1.51210188;1.51210188;0.826084076;0.826084076;0.02;0.823139035;0.823139035
Garuda Metalindo (IKP);1445767;W3;August;16/08/2025;5.1;5.07;1.371699634;1.371699634;0.826239719;0.826239719;0.03;0.821379486;0.821379486
Garuda Metalindo (IKP);1445767;W3;August;17/08/2025;5.23;5.21;1.412103158;1.412103158;0.82772049;0.82772049;0.02;0.824555211;0.824555211
Garuda Metalindo (IKP);1445767;W4;August;18/08/2025;6.41;6.38;1.697958089;1.697958089;0.812758075;0.812758075;0.03;0.808954215;0.808954215
Garuda Metalindo (IKP);1445767;W4;August;19/08/2025;5.82;5.8;1.550485227;1.550485227;0.816384301;0.816384301;0.02;0.813578856;0.813578856
Garuda Metalindo (IKP);1445767;W4;August;20/08/2025;6.37;6.35;1.693917737;1.693917737;0.814654753;0.814654753;0.02;0.812096967;0.812096967
Garuda Metalindo (IKP);1445767;W4;August;21/08/2025;5.93;5.91;1.587858487;1.587858487;0.820501386;0.820501386;0.02;0.817734096;0.817734096
Garuda Metalindo (IKP);1445767;W4;August;22/08/2025;4.86;4.82;1.314124613;1.314124613;0.832615548;0.832615548;0.04;0.825762745;0.825762745
Garuda Metalindo (IKP);1445767;W4;August;23/08/2025;3.68;3.64;0.997967039;0.997967039;0.837278268;0.837278268;0.04;0.828177417;0.828177417
Garuda Metalindo (IKP);1445767;W4;August;24/08/2025;2.39;2.35;0.64746647;0.64746647;0.841403715;0.841403715;0.04;0.827321645;0.827321645
Garuda Metalindo (IKP);1445767;W5;August;25/08/2025;4.48;4.45;1.21513598;1.21513598;0.83391133;0.83391133;0.03;0.828327102;0.828327102
Garuda Metalindo (IKP);1445767;W5;August;26/08/2025;5.81;5.78;1.550485227;1.550485227;0.81920916;0.81920916;0.03;0.814979164;0.814979164
Garuda Metalindo (IKP);1445767;W5;August;27/08/2025;5.89;5.87;1.571697077;1.571697077;0.81768447;0.81768447;0.02;0.814907953;0.814907953
Garuda Metalindo (IKP);1445767;W5;August;28/08/2025;5.7;5.67;1.532303642;1.532303642;0.825309378;0.825309378;0.03;0.820965644;0.820965644
Garuda Metalindo (IKP);1445767;W5;August;29/08/2025;3.36;3.33;0.912109551;0.912109551;0.836484263;0.836484263;0.03;0.829015654;0.829015654
Garuda Metalindo (IKP);1445767;W5;August;30/08/2025;5.28;5.25;1.421193951;1.421193951;0.826702122;0.826702122;0.03;0.82200495;0.82200495
Garuda Metalindo (IKP);1445767;W5;August;31/08/2025;2.94;2.9;0.79594942;0.79594942;0.838190005;0.838190005;0.04;0.826786059;0.826786059
Garuda Metalindo (IKP);1445767;W1;September;01/09/2025;4.93;4.89;1.314124613;1.314124613;0.820696716;0.820696716;0.04;0.814037919;0.814037919
Garuda Metalindo (IKP);1445767;W1;September;02/09/2025;5.03;5;1.343417168;1.343417168;0.820532703;0.820532703;0.03;0.81563887;0.81563887
Garuda Metalindo (IKP);1445767;W1;September;03/09/2025;5.35;5.32;1.433315008;1.433315008;0.822782453;0.822782453;0.03;0.81816872;0.81816872
Garuda Metalindo (IKP);1445767;W1;September;04/09/2025;5.08;5.04;1.356548313;1.356548313;0.82197713;0.82197713;0.04;0.815504869;0.815504869
Garuda Metalindo (IKP);1445767;W1;September;05/09/2025;2.85;2.81;0.768677041;0.768677041;0.835396392;0.835396392;0.04;0.82367153;0.82367153
Garuda Metalindo (IKP);1445767;W1;September;06/09/2025;6.18;6.15;1.64442342;1.64442342;0.816570231;0.816570231;0.03;0.812606297;0.812606297
Garuda Metalindo (IKP);1445767;W1;September;07/09/2025;6.63;6.61;1.762603728;1.762603728;0.814344617;0.814344617;0.02;0.811888072;0.811888072
Garuda Metalindo (IKP);1445767;W2;September;08/09/2025;4.14;4.11;1.126248227;1.126248227;0.83684939;0.83684939;0.03;0.830785264;0.830785264
Garuda Metalindo (IKP);1445767;W2;September;09/09/2025;5.57;5.55;1.505031263;1.505031263;0.828147211;0.828147211;0.02;0.825173612;0.825173612
Garuda Metalindo (IKP);1445767;W2;September;10/09/2025;6.85;6.82;1.81411822;1.81411822;0.812336965;0.812336965;0.03;0.808779284;0.808779284
Garuda Metalindo (IKP);1445767;W2;September;11/09/2025;6.56;6.53;1.753512935;1.753512935;0.82006976;0.82006976;0.03;0.816319441;0.816319441
Garuda Metalindo (IKP);1445767;W2;September;12/09/2025;4.56;4.52;1.24139827;1.24139827;0.838740678;0.838740678;0.04;0.831383303;0.831383303
Garuda Metalindo (IKP);1445767;W2;September;13/09/2025;4.56;4.52;1.212105715;1.212105715;0.818949401;0.818949401;0.04;0.811765634;0.811765634
Garuda Metalindo (IKP);1445767;W2;September;14/09/2025;4.66;4.63;1.264630296;1.264630296;0.834137404;0.834137404;0.03;0.828767421;0.828767421
Garuda Metalindo (IKP);1445767;W3;September;15/09/2025;4.73;4.69;1.277761441;1.277761441;0.832016504;0.832016504;0.04;0.824980423;0.824980423
Garuda Metalindo (IKP);1445767;W3;September;16/09/2025;7.12;7.09;1.889874828;1.889874828;0.814032624;0.814032624;0.03;0.810602711;0.810602711
Garuda Metalindo (IKP);1445767;W3;September;17/09/2025;6;5.98;1.615130866;1.615130866;0.824824472;0.824824472;0.02;0.822075058;0.822075058
Garuda Metalindo (IKP);1445767;W3;September;18/09/2025;2.66;2.62;0.719182724;0.719182724;0.838287442;0.838287442;0.04;0.825681616;0.825681616
Garuda Metalindo (IKP);1445767;W3;September;19/09/2025;2.73;2.69;0.742414751;0.742414751;0.84284811;0.84284811;0.04;0.830498687;0.830498687
Garuda Metalindo (IKP);1445767;W3;September;20/09/2025;3.62;3.58;0.983825806;0.983825806;0.839247755;0.839247755;0.04;0.8299743;0.8299743
Garuda Metalindo (IKP);1445767;W3;September;21/09/2025;6.4;6.37;1.706038794;1.706038794;0.817908036;0.817908036;0.03;0.814074093;0.814074093
Garuda Metalindo (IKP);1445767;W4;September;22/09/2025;6.97;6.94;1.843410775;1.843410775;0.811180788;0.811180788;0.03;0.807689336;0.807689336
Garuda Metalindo (IKP);1445767;W4;September;23/09/2025;3.52;3.48;0.954533251;0.954533251;0.837658159;0.837658159;0.04;0.828139316;0.828139316
Garuda Metalindo (IKP);1445767;W4;September;24/09/2025;2.94;2.89;0.791909067;0.791909067;0.836820822;0.836820822;0.05;0.822589176;0.822589176
Garuda Metalindo (IKP);1445767;W4;September;25/09/2025;6.28;6.25;1.674726063;1.674726063;0.818311712;0.818311712;0.03;0.81440258;0.81440258
Garuda Metalindo (IKP);1445767;W4;September;26/09/2025;6.61;6.58;1.754523023;1.754523023;0.814307028;0.814307028;0.03;0.810611232;0.810611232
Garuda Metalindo (IKP);1445767;W4;September;27/09/2025;5.29;5.25;1.419173775;1.419173775;0.825526994;0.825526994;0.04;0.819284824;0.819284824
Garuda Metalindo (IKP);1445767;W4;September;28/09/2025;6.62;6.59;1.760583551;1.760583551;0.815879894;0.815879894;0.03;0.812182553;0.812182553
Garuda Metalindo (IKP);1445767;W5;September;29/09/2025;6.48;6.45;1.732301085;1.732301085;0.820197928;0.820197928;0.03;0.816400716;0.816400716
Garuda Metalindo (IKP);1445767;W5;September;30/09/2025;6.74;6.71;1.793916459;1.793916459;0.816459599;0.816459599;0.03;0.812825506;0.812825506
Garuda Metalindo (IKP);1445767;W1;October;01/10/2025;4.36;4.33;1.184833337;1.184833337;0.835649916;0.835649916;0.03;0.829900031;0.829900031
Garuda Metalindo (IKP);1445767;W1;October;02/10/2025;5.77;5.73;1.545434787;1.545434787;0.823665863;0.823665863;0.04;0.817955875;0.817955875
Garuda Metalindo (IKP);1445767;W1;October;03/10/2025;6.73;6.69;1.784825666;1.784825666;0.814750602;0.814750602;0.04;0.809908102;0.809908102
Garuda Metalindo (IKP);1445767;W1;October;04/10/2025;6.67;6.63;1.76664408;1.76664408;0.813749134;0.813749134;0.04;0.808869079;0.808869079
Garuda Metalindo (IKP);1445767;W1;October;05/10/2025;6.15;6.12;1.63937298;1.63937298;0.818052838;0.818052838;0.03;0.814062337;0.814062337
Garuda Metalindo (IKP);1445767;W2;October;06/10/2025;7.06;7.02;1.855531832;1.855531832;0.80720957;0.80720957;0.04;0.802636145;0.802636145
Garuda Metalindo (IKP);1445767;W2;October;07/10/2025;5.3;5.27;1.428264568;1.428264568;0.827662069;0.827662069;0.03;0.82297719;0.82297719
Garuda Metalindo (IKP);1445767;W2;October;08/10/2025;3.89;3.84;1.054531972;1.054531972;0.838655371;0.838655371;0.05;0.827875739;0.827875739
Garuda Metalindo (IKP);1445767;W2;October;09/10/2025;5.25;5.2;1.396951837;1.396951837;0.82041406;0.82041406;0.05;0.812600593;0.812600593
Garuda Metalindo (IKP);1445767;W2;October;10/10/2025;5.41;5.37;1.442405801;1.442405801;0.820291441;0.820291441;0.04;0.814226439;0.814226439
Garuda Metalindo (IKP);1445767;W2;October;11/10/2025;6.4;6.37;1.689877385;1.689877385;0.810159944;0.810159944;0.03;0.806362319;0.806362319
Garuda Metalindo (IKP);1445767;W2;October;12/10/2025;6.39;6.34;1.688867297;1.688867297;0.813506961;0.813506961;0.05;0.807141492;0.807141492
Garuda Metalindo (IKP);1445767;W3;October;13/10/2025;3.83;3.8;1.021199065;1.021199065;0.820695056;0.820695056;0.03;0.814266635;0.814266635
Garuda Metalindo (IKP);1445767;W3;October;14/10/2025;6.03;5.99;1.607050161;1.607050161;0.819327658;0.819327658;0.04;0.813892648;0.813892648
Garuda Metalindo (IKP);1445767;W3;October;15/10/2025;7.03;6.99;1.844420863;1.844420863;0.805819654;0.805819654;0.04;0.80123462;0.80123462
Garuda Metalindo (IKP);1445767;W3;October;16/10/2025;6.66;6.62;1.769674344;1.769674344;0.816376267;0.816376267;0.04;0.811473106;0.811473106
Garuda Metalindo (IKP);1445767;W3;October;17/10/2025;3.37;3.32;0.915139815;0.915139815;0.841791182;0.841791182;0.05;0.829301699;0.829301699
Garuda Metalindo (IKP);1445767;W3;October;18/10/2025;3.47;3.41;0.939381929;0.939381929;0.841284384;0.841284384;0.06;0.82673768;0.82673768
Garuda Metalindo (IKP);1445767;W3;October;19/10/2025;4.02;3.98;1.075743822;1.075743822;0.825431035;0.825431035;0.04;0.817217791;0.817217791
Garuda Metalindo (IKP);1445767;W4;October;20/10/2025;6.32;6.27;1.677756327;1.677756327;0.817177405;0.817177405;0.05;0.810712394;0.810712394
Garuda Metalindo (IKP);1445767;W4;October;21/10/2025;6.82;6.78;1.799976987;1.799976987;0.810759907;0.810759907;0.04;0.806004717;0.806004717
Garuda Metalindo (IKP);1445767;W4;October;22/10/2025;6.55;6.51;1.739371701;1.739371701;0.815955392;0.815955392;0.04;0.810972458;0.810972458
Garuda Metalindo (IKP);1445767;W4;October;23/10/2025;6.46;6.41;1.720180028;1.720180028;0.819541361;0.819541361;0.05;0.813198162;0.813198162
Garuda Metalindo (IKP);1445767;W4;October;24/10/2025;5.8;5.76;1.553515492;1.553515492;0.823660255;0.823660255;0.04;0.81797984;0.81797984
Garuda Metalindo (IKP);1445767;W4;October;25/10/2025;4.39;4.34;1.190893865;1.190893865;0.837989031;0.837989031;0.05;0.828444737;0.828444737
Garuda Metalindo (IKP);1445767;W4;October;26/10/2025;5.5;5.45;1.480789149;1.480789149;0.829758531;0.829758531;0.05;0.822215272;0.822215272
Garuda Metalindo (IKP);1445767;W5;October;27/10/2025;5.87;5.82;1.577757606;1.577757606;0.827889364;0.827889364;0.05;0.820837495;0.820837495
Garuda Metalindo (IKP);1445767;W5;October;28/10/2025;5.52;5.47;1.488869854;1.488869854;0.831236137;0.831236137;0.05;0.823706824;0.823706824
Garuda Metalindo (IKP);1445767;W5;October;29/10/2025;6.51;6.47;1.736341437;1.736341437;0.819569625;0.819569625;0.04;0.814533867;0.814533867
Garuda Metalindo (IKP);1445767;W5;October;30/10/2025;5.19;5.14;1.372709722;1.372709722;0.815587566;0.815587566;0.05;0.807730267;0.807730267
Garuda Metalindo (IKP);1445767;W5;October;31/10/2025;5.85;5.8;1.570686989;1.570686989;0.82702123;0.82702123;0.05;0.819952672;0.819952672
Garuda Metalindo (IKP);1445767;W1;November;01/11/2025;4.21;4.18;1.122207875;1.122207875;0.81988329;0.81988329;0.03;0.814040892;0.814040892
Garuda Metalindo (IKP);1445767;W1;November;02/11/2025;2.54;2.49;0.691910346;0.691910346;0.848604797;0.848604797;0.05;0.831899978;0.831899978
Garuda Metalindo (IKP);1445767;W2;November;03/11/2025;2.42;2.38;0.659587527;0.659587527;0.846350943;0.846350943;0.04;0.832361671;0.832361671
Garuda Metalindo (IKP);1445767;W2;November;04/11/2025;6.59;6.55;1.756543199;1.756543199;0.818978574;0.818978574;0.04;0.814007536;0.814007536
Garuda Metalindo (IKP);1445767;W2;November;05/11/2025;6.94;6.89;1.837350247;1.837350247;0.814381192;0.814381192;0.05;0.808513893;0.808513893
Garuda Metalindo (IKP);1445767;W2;November;06/11/2025;6.14;6.09;1.643413332;1.643413332;0.824108737;0.824108737;0.05;0.817397754;0.817397754
Garuda Metalindo (IKP);1445767;W2;November;07/11/2025;5.44;5.39;1.463617651;1.463617651;0.829266036;0.829266036;0.05;0.821644105;0.821644105
Garuda Metalindo (IKP);1445767;W2;November;08/11/2025;5.77;5.72;1.546444875;1.546444875;0.825645123;0.825645123;0.05;0.818490486;0.818490486
Garuda Metalindo (IKP);1445767;W2;November;09/11/2025;5.16;5.11;1.377760163;1.377760163;0.823394058;0.823394058;0.05;0.815415433;0.815415433
Garuda Metalindo (IKP);1445767;W3;November;10/11/2025;4.6;4.55;1.235337741;1.235337741;0.829142771;0.829142771;0.05;0.820130349;0.820130349
Garuda Metalindo (IKP);1445767;W3;November;11/11/2025;4.31;4.26;1.143419725;1.143419725;0.819692735;0.819692735;0.05;0.810183539;0.810183539
Garuda Metalindo (IKP);1445767;W3;November;12/11/2025;4.62;4.57;1.253519327;1.253519327;0.837663977;0.837663977;0.05;0.82859835;0.82859835
Garuda Metalindo (IKP);1445767;W3;November;13/11/2025;7.35;7.29;1.946439761;1.946439761;0.815395752;0.815395752;0.06;0.80873946;0.80873946
Garuda Metalindo (IKP);1445767;W3;November;14/11/2025;1.49;1.46;0.404035238;0.404035238;0.845125866;0.845125866;0.03;0.828109908;0.828109908
Garuda Metalindo (IKP);1445767;W3;November;15/11/2025;7.21;7.15;1.898965621;1.898965621;0.811084432;0.811084432;0.06;0.80433477;0.80433477
Garuda Metalindo (IKP);1445767;W3;November;16/11/2025;5.95;5.91;1.590888751;1.590888751;0.822067228;0.822067228;0.04;0.816540726;0.816540726
Garuda Metalindo (IKP);1445767;W4;November;17/11/2025;6.42;6.37;1.713109411;1.713109411;0.821297827;0.821297827;0.05;0.814901426;0.814901426
Garuda Metalindo (IKP);1445767;W4;November;18/11/2025;6.27;6.23;1.675736151;1.675736151;0.821433854;0.821433854;0.04;0.816193447;0.816193447
Garuda Metalindo (IKP);1445767;W4;November;19/11/2025;6.02;5.97;1.597959368;1.597959368;0.817422158;0.817422158;0.05;0.810632938;0.810632938
Garuda Metalindo (IKP);1445767;W4;November;20/11/2025;6.28;6.24;1.667655447;1.667655447;0.816162698;0.816162698;0.04;0.810964209;0.810964209
Garuda Metalindo (IKP);1445767;W4;November;21/11/2025;5.79;5.74;1.55452558;1.55452558;0.827067558;0.827067558;0.05;0.819925351;0.819925351
Garuda Metalindo (IKP);1445767;W4;November;22/11/2025;6.24;6.19;1.653514213;1.653514213;0.815778563;0.815778563;0.05;0.809241875;0.809241875
Garuda Metalindo (IKP);1445767;W4;November;23/11/2025;3.89;3.85;1.041400827;1.041400827;0.826061143;0.826061143;0.04;0.817566941;0.817566941
Garuda Metalindo (IKP);1445767;W5;November;24/11/2025;2.6;2.55;0.706051579;0.706051579;0.845573285;0.845573285;0.05;0.82931226;0.82931226
Garuda Metalindo (IKP);1445767;W5;November;25/11/2025;3.5;3.45;0.954533251;0.954533251;0.844942142;0.844942142;0.05;0.83287154;0.83287154
Garuda Metalindo (IKP);1445767;W5;November;26/11/2025;3.27;3.23;0.887867436;0.887867436;0.839461167;0.839461167;0.04;0.829192529;0.829192529
Garuda Metalindo (IKP);1445767;W5;November;27/11/2025;3.07;3.02;0.835342855;0.835342855;0.844720093;0.844720093;0.05;0.830962437;0.830962437
Garuda Metalindo (IKP);1445767;W5;November;28/11/2025;3.24;3.19;0.883827084;0.883827084;0.846119352;0.846119352;0.05;0.833061955;0.833061955
Garuda Metalindo (IKP);1445767;W5;November;29/11/2025;3.23;3.18;0.882816996;0.882816996;0.84781007;0.84781007;0.05;0.834686075;0.834686075
Garuda Metalindo (IKP);1445767;W5;November;30/11/2025;4.08;4.03;1.109076729;1.109076729;0.840449363;0.840449363;0.05;0.830149738;0.830149738
Garuda Metalindo (IKP);1445767;W1;December;01/12/2025;7.13;7.08;1.875733594;1.875733594;0.80908268;0.80908268;0.05;0.803408888;0.803408888
Garuda Metalindo (IKP);1445767;W1;December;02/12/2025;6.39;6.34;1.70300853;1.70300853;0.820318622;0.820318622;0.05;0.813899853;0.813899853
Garuda Metalindo (IKP);1445767;W1;December;03/12/2025;7.45;7.39;1.940379232;1.940379232;0.80185748;0.80185748;0.06;0.795399567;0.795399567
Garuda Metalindo (IKP);1445767;W1;December;04/12/2025;6.7;6.66;1.77169452;1.77169452;0.812399445;0.812399445;0.04;0.807549299;0.807549299
Garuda Metalindo (IKP);1445767;W1;December;05/12/2025;3.32;3.27;0.904028846;0.904028846;0.844285909;0.844285909;0.05;0.831570759;0.831570759
Garuda Metalindo (IKP);1445767;W1;December;06/12/2025;3.33;3.28;0.904028846;0.904028846;0.841711866;0.841711866;0.05;0.82907355;0.82907355
Garuda Metalindo (IKP);1445767;W1;December;07/12/2025;7.63;7.56;1.993913902;1.993913902;0.805451901;0.805451901;0.07;0.798062434;0.798062434
Garuda Metalindo (IKP);1445767;W2;December;08/12/2025;2.41;2.37;0.65251691;0.65251691;0.840811088;0.840811088;0.04;0.826855717;0.826855717
Garuda Metalindo (IKP);1445767;W2;December;09/12/2025;3.27;3.21;0.887867436;0.887867436;0.844691455;0.844691455;0.06;0.829192529;0.829192529
Garuda Metalindo (IKP);1445767;W2;December;10/12/2025;6.53;6.49;1.743412054;1.743412054;0.8203711;0.8203711;0.04;0.815345856;0.815345856
Garuda Metalindo (IKP);1445767;W2;December;11/12/2025;2.82;2.78;0.770697217;0.770697217;0.846630676;0.846630676;0.04;0.83462173;0.83462173
Garuda Metalindo (IKP);1445767;W2;December;12/12/2025;2.69;2.65;0.731303782;0.731303782;0.842765891;0.842765891;0.04;0.830234057;0.830234057
Garuda Metalindo (IKP);1445767;W2;December;13/12/2025;3.94;3.89;1.073723646;1.073723646;0.842942443;0.842942443;0.05;0.832245204;0.832245204
Garuda Metalindo (IKP);1445767;W2;December;14/12/2025;2.93;2.88;0.792919155;0.792919155;0.84079753;0.84079753;0.05;0.826449449;0.826449449
Garuda Metalindo (IKP);1445767;W3;December;15/12/2025;2.79;2.74;0.754535808;0.754535808;0.840977346;0.840977346;0.05;0.825906068;0.825906068
Garuda Metalindo (IKP);1445767;W3;December;16/12/2025;3.35;3.29;0.90200867;0.90200867;0.837278268;0.837278268;0.06;0.82228224;0.82228224
Garuda Metalindo (IKP);1445767;W3;December;17/12/2025;4;3.96;0.049494317;1.06881504;0.038169384;0.824256491;0.04;0.03778769;0.816013926
Garuda Metalindo (IKP);1445767;W3;December;18/12/2025;5.95;5.89;0.292925548;1.589727421;0.151878732;0.824256491;0.06;0.150347181;0.815944661
Garuda Metalindo (IKP);1445767;W3;December;19/12/2025;6.8;6.76;1.797956811;1.797956811;0.812245969;0.812245969;0.04;0.807468051;0.807468051
Garuda Metalindo (IKP);1445767;W3;December;20/12/2025;7.09;7.04;1.868662978;1.868662978;0.810612558;0.810612558;0.05;0.804895967;0.804895967
Garuda Metalindo (IKP);1445767;W3;December;21/12/2025;2.68;2.64;0.728273517;0.728273517;0.842452835;0.842452835;0.04;0.829878912;0.829878912
Garuda Metalindo (IKP);1445767;W4;December;22/12/2025;4.47;4.41;1.203014922;1.203014922;0.833081385;0.833081385;0.06;0.821899084;0.821899084
Garuda Metalindo (IKP);1445767;W4;December;23/12/2025;7.64;7.57;1.995934078;1.995934078;0.805202879;0.805202879;0.07;0.797825365;0.797825365
Garuda Metalindo (IKP);1445767;W4;December;24/12/2025;6;5.96;1.611090513;1.611090513;0.825522065;0.825522065;0.04;0.820018585;0.820018585
Garuda Metalindo (IKP);1445767;W4;December;25/12/2025;6.37;6.32;1.70805897;1.70805897;0.825355002;0.825355002;0.05;0.818876548;0.818876548
Garuda Metalindo (IKP);1445767;W4;December;26/12/2025;5.91;5.86;1.592908927;1.592908927;0.830134256;0.830134256;0.05;0.823111123;0.823111123
Garuda Metalindo (IKP);1445767;W4;December;27/12/2025;3.63;3.59;0.985845982;0.985845982;0.838628519;0.838628519;0.04;0.829387433;0.829387433
Garuda Metalindo (IKP);1445767;W4;December;28/12/2025;2.4;2.37;0.654537086;0.654537086;0.843414218;0.843414218;0.03;0.83287154;0.83287154
Garuda Metalindo (IKP);1445767;W5;December;29/12/2025;1.19;1.17;0.31817775;0.31817775;0.830498687;0.830498687;0.02;0.816540726;0.816540726
Garuda Metalindo (IKP);1445767;W5;December;30/12/2025;2.91;2.86;0.789888891;0.789888891;0.843441524;0.843441524;0.05;0.828949401;0.828949401
Garuda Metalindo (IKP);1445767;W5;December;31/12/2025;2.34;2.3;0.638375677;0.638375677;0.847624499;0.847624499;0.04;0.833135191;0.833135191
Garuda Metalindo (MPF);1449886;W1;January;01/01/2025;2.69;2.64;0.80093;0.80093;0.826700572;0.826700572;0.05;0.81133439;0.81133439
Garuda Metalindo (MPF);1449886;W1;January;02/01/2025;4.28;4.21;1.25442;1.25442;0.811929792;0.811929792;0.07;0.798650567;0.798650567
Garuda Metalindo (MPF);1449886;W1;January;03/01/2025;2.89;2.87;0.85547;0.85547;0.812232739;0.812232739;0.02;0.806611752;0.806611752
Garuda Metalindo (MPF);1449886;W1;January;04/01/2025;4.8;4.71;1.42107;1.42107;0.822152095;0.822152095;0.09;0.806736743;0.806736743
Garuda Metalindo (MPF);1449886;W1;January;05/01/2025;1.22;1.19;0.35754;0.35754;0.818719771;0.818719771;0.03;0.798587317;0.798587317
Garuda Metalindo (MPF);1449886;W2;January;06/01/2025;2.35;2.28;0.69993;0.69993;0.836521996;0.836521996;0.07;0.81160432;0.81160432
Garuda Metalindo (MPF);1449886;W2;January;07/01/2025;2.65;2.59;0.79285;0.79285;0.834159058;0.834159058;0.06;0.815272438;0.815272438
Garuda Metalindo (MPF);1449886;W2;January;08/01/2025;6.36;6.27;1.87658;1.87658;0.815562308;0.815562308;0.09;0.804021332;0.804021332
Garuda Metalindo (MPF);1449886;W2;January;09/01/2025;3.56;3.49;1.05141;1.05141;0.820926509;0.820926509;0.07;0.804784696;0.804784696
Garuda Metalindo (MPF);1449886;W2;January;10/01/2025;4.31;4.23;1.22311;1.22311;0.787921141;0.787921141;0.08;0.773296154;0.773296154
Garuda Metalindo (MPF);1449886;W2;January;11/01/2025;5.71;5.64;1.66751;1.66751;0.805650993;0.805650993;0.07;0.795774361;0.795774361
Garuda Metalindo (MPF);1449886;W2;January;12/01/2025;7.62;7.51;0;2.263420051;0;0.821264075;0.11;0;0.809408557
Garuda Metalindo (MPF);1449886;W3;January;13/01/2025;3.98;3.89;1.19887;1.19887;0.83980817;0.83980817;0.09;0.820817533;0.820817533
Garuda Metalindo (MPF);1449886;W3;January;14/01/2025;1.31;1.27;0.38683;0.38683;0.829992237;0.829992237;0.04;0.804648963;0.804648963
Garuda Metalindo (MPF);1449886;W3;January;15/01/2025;1.31;1.27;0.38683;0.38683;0.829992237;0.829992237;0.04;0.804648963;0.804648963
Garuda Metalindo (MPF);1449886;W3;January;16/01/2025;1.22;1.18;0.35855;0.35855;0.827990441;0.827990441;0.04;0.800843214;0.800843214
Garuda Metalindo (MPF);1449886;W3;January;17/01/2025;1.41;1.36;0.41511;0.41511;0.831729089;0.831729089;0.05;0.80223515;0.80223515
Garuda Metalindo (MPF);1449886;W3;January;18/01/2025;0.66;0.64;0.18483;0.18483;0.786955352;0.786955352;0.02;0.76310822;0.76310822
Garuda Metalindo (MPF);1449886;W3;January;19/01/2025;3.73;3.68;1.0908;1.0908;0.807708985;0.807708985;0.05;0.796881787;0.796881787
Garuda Metalindo (MPF);1449886;W4;January;20/01/2025;3.81;3.74;1.12817;1.12817;0.821978671;0.821978671;0.07;0.8068767;0.8068767
Garuda Metalindo (MPF);1449886;W4;January;21/01/2025;5.29;5.22;1.54934;1.54934;0.808786389;0.808786389;0.07;0.798084112;0.798084112
Garuda Metalindo (MPF);1449886;W4;January;22/01/2025;4.24;4.16;1.22412;1.22412;0.801841014;0.801841014;0.08;0.786711938;0.786711938
Garuda Metalindo (MPF);1449886;W4;January;23/01/2025;1.82;1.76;0.54035;0.54035;0.836604298;0.836604298;0.06;0.809023937;0.809023937
Garuda Metalindo (MPF);1449886;W4;January;24/01/2025;0.67;0.65;0.18988;0.18988;0.796019066;0.796019066;0.02;0.772257303;0.772257303
Garuda Metalindo (MPF);1449886;W4;January;25/01/2025;4.32;4.27;1.27967;1.27967;0.816634489;0.816634489;0.05;0.8071827;0.8071827
Garuda Metalindo (MPF);1449886;W4;January;26/01/2025;3.16;3.1;0.94334;0.94334;0.829209292;0.829209292;0.06;0.813464811;0.813464811
Garuda Metalindo (MPF);1449886;W5;January;27/01/2025;4.72;4.64;1.38471;1.38471;0.813202025;0.813202025;0.08;0.79941894;0.79941894
Garuda Metalindo (MPF);1449886;W5;January;28/01/2025;2.24;2.17;0.66862;0.66862;0.839609286;0.839609286;0.07;0.813371496;0.813371496
Garuda Metalindo (MPF);1449886;W5;January;29/01/2025;6.19;6.1;1.8382;1.8382;0.821146281;0.821146281;0.09;0.809207159;0.809207159
Garuda Metalindo (MPF);1449886;W5;January;30/01/2025;3.62;3.54;1.08171;1.08171;0.832655176;0.832655176;0.08;0.814253957;0.814253957
Garuda Metalindo (MPF);1449886;W5;January;31/01/2025;4.76;4.66;1.42208;1.42208;0.831564069;0.831564069;0.1;0.814094235;0.814094235
Garuda Metalindo (MPF);1449886;W1;February;01/02/2025;5.34;5.28;1.55944;1.55944;0.804808123;0.804808123;0.06;0.795765335;0.795765335
Garuda Metalindo (MPF);1449886;W1;February;02/02/2025;4.93;4.87;1.4645;1.4645;0.81944162;0.81944162;0.06;0.8094687;0.8094687
Garuda Metalindo (MPF);1449886;W2;February;03/02/2025;4.22;4.13;1.2625;1.2625;0.832988372;0.832988372;0.09;0.815223217;0.815223217
Garuda Metalindo (MPF);1449886;W2;February;04/02/2025;0.59;0.56;0.16564;0.16564;0.805999548;0.805999548;0.03;0.765016521;0.765016521
Garuda Metalindo (MPF);1449886;W2;February;05/02/2025;5.63;5.53;1.66347;1.66347;0.819685864;0.819685864;0.1;0.805126612;0.805126612
Garuda Metalindo (MPF);1449886;W2;February;06/02/2025;3.6;3.51;1.08272;1.08272;0.840555988;0.840555988;0.09;0.819542088;0.819542088
Garuda Metalindo (MPF);1449886;W2;February;07/02/2025;3.65;3.57;1.09181;1.09181;0.8333673;0.8333673;0.08;0.815101715;0.815101715
Garuda Metalindo (MPF);1449886;W2;February;08/02/2025;2.74;2.67;0.82214;0.82214;0.839058267;0.839058267;0.07;0.817622472;0.817622472
Garuda Metalindo (MPF);1449886;W2;February;09/02/2025;2.34;2.27;0.69993;0.69993;0.840207115;0.840207115;0.07;0.815072714;0.815072714
Garuda Metalindo (MPF);1449886;W3;February;10/02/2025;3.38;3.32;1.01404;1.01404;0.832289866;0.832289866;0.06;0.817515489;0.817515489
Garuda Metalindo (MPF);1449886;W3;February;11/02/2025;1.91;1.85;0.56964;0.56964;0.839047124;0.839047124;0.06;0.812689623;0.812689623
Garuda Metalindo (MPF);1449886;W3;February;12/02/2025;7.5;7.38;2.17251;2.17251;0.802163739;0.802163739;0.12;0.789329119;0.789329119
Garuda Metalindo (MPF);1449886;W3;February;13/02/2025;5.33;5.24;0.49894;1.579270448;0.259462525;0.821264075;0.09;0.255081356;0.807396576
Garuda Metalindo (MPF);1449886;W3;February;14/02/2025;2.06;1.99;0.04343;0.599761105;0.05946951;0.821264075;0.07;0.057448701;0.793357043
Garuda Metalindo (MPF);1449886;W3;February;15/02/2025;6.71;6.61;1.98768;1.98768;0.819412552;0.819412552;0.1;0.80720074;0.80720074
Garuda Metalindo (MPF);1449886;W3;February;16/02/2025;6.46;6.36;1.9089;1.9089;0.817868847;0.817868847;0.1;0.805208338;0.805208338
Garuda Metalindo (MPF);1449886;W4;February;17/02/2025;4.38;4.3;1.30997;1.30997;0.830138389;0.830138389;0.08;0.814976044;0.814976044
Garuda Metalindo (MPF);1449886;W4;February;18/02/2025;5.44;5.33;1.61398;1.61398;0.825141715;0.825141715;0.11;0.808456864;0.808456864
Garuda Metalindo (MPF);1449886;W4;February;19/02/2025;7.61;7.49;2.18968;2.18968;0.796629597;0.796629597;0.12;0.784067764;0.784067764
Garuda Metalindo (MPF);1449886;W4;February;20/02/2025;4.72;4.63;1.4039;1.4039;0.8262525;0.8262525;0.09;0.810497686;0.810497686
Garuda Metalindo (MPF);1449886;W4;February;21/02/2025;3.63;3.54;1.07565;1.07565;0.827990441;0.827990441;0.09;0.807461753;0.807461753
Garuda Metalindo (MPF);1449886;W4;February;22/02/2025;4.65;4.55;1.32714;1.32714;0.794809311;0.794809311;0.1;0.777716637;0.777716637
Garuda Metalindo (MPF);1449886;W4;February;23/02/2025;3.58;3.51;1.04535;1.04535;0.811544261;0.811544261;0.07;0.795676077;0.795676077
Garuda Metalindo (MPF);1449886;W5;February;24/02/2025;3;2.93;0.89789;0.89789;0.835051226;0.835051226;0.07;0.815566698;0.815566698
Garuda Metalindo (MPF);1449886;W5;February;25/02/2025;4.37;4.27;1.24533;1.24533;0.794720067;0.794720067;0.1;0.776534253;0.776534253
Garuda Metalindo (MPF);1449886;W5;February;26/02/2025;2.01;1.95;0.5959;0.5959;0.832714981;0.832714981;0.06;0.807857817;0.807857817
Garuda Metalindo (MPF);1449886;W5;February;27/02/2025;1.17;1.13;0.34138;0.34138;0.823222504;0.823222504;0.04;0.795078145;0.795078145
Garuda Metalindo (MPF);1449886;W5;February;28/02/2025;2.44;2.37;0.72518;0.72518;0.833786916;0.833786916;0.07;0.809866799;0.809866799
Garuda Metalindo (MPF);1449886;W1;March;01/03/2025;5.31;5.2;1.56449;1.56449;0.819836126;0.819836126;0.11;0.802852703;0.802852703
Garuda Metalindo (MPF);1449886;W1;March;02/03/2025;4.52;4.43;1.29078;1.29078;0.793973678;0.793973678;0.09;0.778164468;0.778164468
Garuda Metalindo (MPF);1449886;W2;March;03/03/2025;4.32;4.22;1.2928;1.2928;0.834788574;0.834788574;0.1;0.815464764;0.815464764
Garuda Metalindo (MPF);1449886;W2;March;04/03/2025;5.34;5.25;1.56752;1.56752;0.813600845;0.813600845;0.09;0.799888471;0.799888471
Garuda Metalindo (MPF);1449886;W2;March;05/03/2025;1.92;1.86;0.57166;0.57166;0.837495466;0.837495466;0.06;0.811323732;0.811323732
Garuda Metalindo (MPF);1449886;W2;March;06/03/2025;6.32;6.23;1.86749;1.86749;0.816822782;0.816822782;0.09;0.805190812;0.805190812
Garuda Metalindo (MPF);1449886;W2;March;07/03/2025;4.35;4.27;1.27159;1.27159;0.811478154;0.811478154;0.08;0.796554418;0.796554418
Garuda Metalindo (MPF);1449886;W2;March;08/03/2025;4.45;4.38;1.33825;1.33825;0.832569976;0.832569976;0.07;0.819473369;0.819473369
Garuda Metalindo (MPF);1449886;W2;March;09/03/2025;4.47;4.39;1.33926;1.33926;0.831300384;0.831300384;0.08;0.816422525;0.816422525
Garuda Metalindo (MPF);1449886;W3;March;10/03/2025;4.39;4.32;1.29987;1.29987;0.819924337;0.819924337;0.07;0.806850373;0.806850373
Garuda Metalindo (MPF);1449886;W3;March;11/03/2025;4.6;4.52;1.38168;1.38168;0.832964783;0.832964783;0.08;0.818478439;0.818478439
Garuda Metalindo (MPF);1449886;W3;March;12/03/2025;4.47;4.36;1.31502;1.31502;0.821870652;0.821870652;0.11;0.801645647;0.801645647
Garuda Metalindo (MPF);1449886;W3;March;13/03/2025;4.07;3.99;1.21099;1.21099;0.82703762;0.82703762;0.08;0.810781352;0.810781352
Garuda Metalindo (MPF);1449886;W3;March;14/03/2025;6.83;6.73;2.00283;2.00283;0.810936088;0.810936088;0.1;0.799062938;0.799062938
Garuda Metalindo (MPF);1449886;W3;March;15/03/2025;2.78;2.71;0.83123;0.83123;0.83581377;0.83581377;0.07;0.814768099;0.814768099
Garuda Metalindo (MPF);1449886;W3;March;16/03/2025;6.52;6.43;1.91799;1.91799;0.812817357;0.812817357;0.09;0.801597486;0.801597486
Garuda Metalindo (MPF);1449886;W4;March;17/03/2025;2.79;2.71;0.82719;0.82719;0.831751492;0.831751492;0.08;0.807901986;0.807901986
Garuda Metalindo (MPF);1449886;W4;March;18/03/2025;2.84;2.76;0.84537;0.84537;0.834632618;0.834632618;0.08;0.81112184;0.81112184
Garuda Metalindo (MPF);1449886;W4;March;19/03/2025;3.93;3.85;1.09585;1.09585;0.775618191;0.775618191;0.08;0.759829525;0.759829525
Garuda Metalindo (MPF);1449886;W4;March;20/03/2025;7.28;7.17;2.11191;2.11191;0.802627165;0.802627165;0.11;0.790499557;0.790499557
Garuda Metalindo (MPF);1449886;W4;March;21/03/2025;3.09;3;0.92415;0.92415;0.839419042;0.839419042;0.09;0.814969944;0.814969944
Garuda Metalindo (MPF);1449886;W4;March;22/03/2025;5.99;5.89;1.76144;1.76144;0.814910968;0.814910968;0.1;0.801306445;0.801306445
Garuda Metalindo (MPF);1449886;W4;March;23/03/2025;4.95;4.86;1.44834;1.44834;0.812066995;0.812066995;0.09;0.79730214;0.79730214
Garuda Metalindo (MPF);1449886;W5;March;24/03/2025;5.41;5.32;1.60085;1.60085;0.819967448;0.819967448;0.09;0.806326585;0.806326585
Garuda Metalindo (MPF);1449886;W5;March;25/03/2025;3.37;3.3;1.01;1.01;0.833998055;0.833998055;0.07;0.816674653;0.816674653
Garuda Metalindo (MPF);1449886;W5;March;26/03/2025;4.18;4.08;1.25038;1.25038;0.835101876;0.835101876;0.1;0.815123362;0.815123362
Garuda Metalindo (MPF);1449886;W5;March;27/03/2025;4.47;4.38;1.30088;1.30088;0.809320852;0.809320852;0.09;0.793025801;0.793025801
Garuda Metalindo (MPF);1449886;W5;March;28/03/2025;5.85;5.74;1.72205;1.72205;0.817506978;0.817506978;0.11;0.802135052;0.802135052
Garuda Metalindo (MPF);1449886;W5;March;29/03/2025;5.56;5.47;1.64731;1.64731;0.820626642;0.820626642;0.09;0.807343117;0.807343117
Garuda Metalindo (MPF);1449886;W5;March;30/03/2025;3.56;3.48;1.06656;1.06656;0.835148397;0.835148397;0.08;0.816381017;0.816381017
Garuda Metalindo (MPF);1449886;W5;March;31/03/2025;4.38;4.28;1.30189;1.30189;0.828873253;0.828873253;0.1;0.809949207;0.809949207
Garuda Metalindo (MPF);1449886;W1;April;01/04/2025;3.47;3.39;1.03525;1.03525;0.832152926;0.832152926;0.08;0.812967844;0.812967844
Garuda Metalindo (MPF);1449886;W1;April;02/04/2025;6.14;6.04;1.80992;1.80992;0.81654485;0.81654485;0.1;0.803246074;0.803246074
Garuda Metalindo (MPF);1449886;W1;April;03/04/2025;6.58;6.47;1.93516;1.93516;0.815023632;0.815023632;0.11;0.801398617;0.801398617
Garuda Metalindo (MPF);1449886;W1;April;04/04/2025;3.56;3.48;1.06656;1.06656;0.835148397;0.835148397;0.08;0.816381017;0.816381017
Garuda Metalindo (MPF);1449886;W1;April;05/04/2025;3.59;3.5;1.0706;1.0706;0.833521484;0.833521484;0.09;0.812625402;0.812625402
Garuda Metalindo (MPF);1449886;W1;April;06/04/2025;4.64;4.55;1.38168;1.38168;0.827472707;0.827472707;0.09;0.81142259;0.81142259
Garuda Metalindo (MPF);1449886;W2;April;07/04/2025;5.01;4.9;1.46955;1.46955;0.817232992;0.817232992;0.11;0.799289752;0.799289752
Garuda Metalindo (MPF);1449886;W2;April;08/04/2025;2.41;2.34;0.71508;0.71508;0.832714981;0.832714981;0.07;0.808528238;0.808528238
Garuda Metalindo (MPF);1449886;W2;April;09/04/2025;7.46;7.31;2.1311;2.1311;0.794408817;0.794408817;0.15;0.77843545;0.77843545
Garuda Metalindo (MPF);1449886;W2;April;10/04/2025;6.31;6.23;1.85032;1.85032;0.809312783;0.809312783;0.08;0.799052082;0.799052082
Garuda Metalindo (MPF);1449886;W2;April;11/04/2025;5.27;5.2;1.54732;1.54732;0.81083857;0.81083857;0.07;0.800068418;0.800068418
Garuda Metalindo (MPF);1449886;W2;April;12/04/2025;1;0.96;0.28987;0.28987;0.822791206;0.822791206;0.04;0.789879557;0.789879557
Garuda Metalindo (MPF);1449886;W2;April;13/04/2025;5.2;5.13;1.53621;1.53621;0.816001254;0.816001254;0.07;0.805016622;0.805016622
Garuda Metalindo (MPF);1449886;W3;April;14/04/2025;4.14;4.06;1.24432;1.24432;0.835148397;0.835148397;0.08;0.819010263;0.819010263
Garuda Metalindo (MPF);1449886;W3;April;15/04/2025;4.69;4.63;1.40188;1.40188;0.825063648;0.825063648;0.06;0.814508462;0.814508462
Garuda Metalindo (MPF);1449886;W3;April;16/04/2025;5.73;5.64;1.70084;1.70084;0.821754253;0.821754253;0.09;0.808847118;0.808847118
Garuda Metalindo (MPF);1449886;W3;April;17/04/2025;2.1;2.03;0.62822;0.62822;0.843282959;0.843282959;0.07;0.815173527;0.815173527
Garuda Metalindo (MPF);1449886;W3;April;18/04/2025;5.95;5.85;1.76043;1.76043;0.820012549;0.820012549;0.1;0.806230825;0.806230825
Garuda Metalindo (MPF);1449886;W3;April;19/04/2025;3.51;3.42;1.05545;1.05545;0.840948038;0.840948038;0.09;0.819385268;0.819385268
Garuda Metalindo (MPF);1449886;W3;April;20/04/2025;2.24;2.17;0.66761;0.66761;0.838340994;0.838340994;0.07;0.812142838;0.812142838
Garuda Metalindo (MPF);1449886;W4;April;21/04/2025;4.75;4.66;1.42006;1.42006;0.83038287;0.83038287;0.09;0.8146493;0.8146493
Garuda Metalindo (MPF);1449886;W4;April;22/04/2025;4.95;4.86;1.47359;1.47359;0.826224369;0.826224369;0.09;0.811202108;0.811202108
Garuda Metalindo (MPF);1449886;W4;April;23/04/2025;5.51;5.41;1.62812;1.62812;0.820062117;0.820062117;0.1;0.805178957;0.805178957
Garuda Metalindo (MPF);1449886;W4;April;24/04/2025;5.53;5.42;1.64125;1.64125;0.825150289;0.825150289;0.11;0.808736811;0.808736811
Garuda Metalindo (MPF);1449886;W4;April;25/04/2025;5.73;5.64;1.6968;1.6968;0.819802343;0.819802343;0.09;0.806925866;0.806925866
Garuda Metalindo (MPF);1449886;W4;April;26/04/2025;6.39;6.3;1.88163;1.88163;0.813862959;0.813862959;0.09;0.8024001;0.8024001
Garuda Metalindo (MPF);1449886;W4;April;27/04/2025;6.26;6.16;1.85739;1.85739;0.821637012;0.821637012;0.1;0.80851182;0.80851182
Garuda Metalindo (MPF);1449886;W5;April;28/04/2025;5.94;5.85;1.75841;1.75841;0.819071628;0.819071628;0.09;0.806661452;0.806661452
Garuda Metalindo (MPF);1449886;W5;April;29/04/2025;5.89;5.8;1.75235;1.75235;0.823285493;0.823285493;0.09;0.810705579;0.810705579
Garuda Metalindo (MPF);1449886;W5;April;30/04/2025;6.08;5.99;1.80588;1.80588;0.821522892;0.821522892;0.09;0.809362191;0.809362191
Garuda Metalindo (MPF);1449886;W1;May;01/05/2025;6.01;5.92;1.77356;1.77356;0.816360123;0.816360123;0.09;0.804135096;0.804135096
Garuda Metalindo (MPF);1449886;W1;May;02/05/2025;6.12;6.02;1.79578;1.79578;0.812857174;0.812857174;0.1;0.799575194;0.799575194
Garuda Metalindo (MPF);1449886;W1;May;03/05/2025;6.74;6.62;1.95637;1.95637;0.805286853;0.805286853;0.12;0.790949401;0.790949401
Garuda Metalindo (MPF);1449886;W1;May;04/05/2025;4.62;4.56;1.3837;1.3837;0.826865176;0.826865176;0.06;0.816126668;0.816126668
Garuda Metalindo (MPF);1449886;W2;May;05/05/2025;4.07;3.98;1.20897;1.20897;0.827732592;0.827732592;0.09;0.809428923;0.809428923
Garuda Metalindo (MPF);1449886;W2;May;06/05/2025;5.8;5.72;1.71296;1.71296;0.81603502;0.81603502;0.08;0.804779364;0.804779364
Garuda Metalindo (MPF);1449886;W2;May;07/05/2025;4.46;4.39;1.33118;1.33118;0.826284997;0.826284997;0.07;0.813316399;0.813316399
Garuda Metalindo (MPF);1449886;W2;May;08/05/2025;5.19;5.1;1.54631;1.54631;0.82619772;0.82619772;0.09;0.811870592;0.811870592
Garuda Metalindo (MPF);1449886;W2;May;09/05/2025;3.55;3.48;1.06555;1.06555;0.834357536;0.834357536;0.07;0.817905416;0.817905416
Garuda Metalindo (MPF);1449886;W2;May;10/05/2025;4.1;4.01;1.22816;1.22816;0.834580397;0.834580397;0.09;0.81626034;0.81626034
Garuda Metalindo (MPF);1449886;W2;May;11/05/2025;5.79;5.7;1.71397;1.71397;0.819381141;0.819381141;0.09;0.806644647;0.806644647
Garuda Metalindo (MPF);1449886;W3;May;12/05/2025;5;4.9;1.49581;1.49581;0.831836468;0.831836468;0.1;0.815199738;0.815199738
Garuda Metalindo (MPF);1449886;W3;May;13/05/2025;5.67;5.59;1.68468;1.68468;0.821226993;0.821226993;0.08;0.809640016;0.809640016
Garuda Metalindo (MPF);1449886;W3;May;14/05/2025;5.85;5.77;1.73922;1.73922;0.821365224;0.821365224;0.08;0.810132879;0.810132879
Garuda Metalindo (MPF);1449886;W3;May;15/05/2025;4.44;4.35;1.32512;1.32512;0.830086891;0.830086891;0.09;0.813260806;0.813260806
Garuda Metalindo (MPF);1449886;W3;May;16/05/2025;5.22;5.14;1.55439;1.55439;0.824051735;0.824051735;0.08;0.81142259;0.81142259
Garuda Metalindo (MPF);1449886;W3;May;17/05/2025;3.56;3.49;1.06757;1.06757;0.833544015;0.833544015;0.07;0.817154105;0.817154105
Garuda Metalindo (MPF);1449886;W3;May;18/05/2025;3.53;3.45;1.06454;1.06454;0.840815082;0.840815082;0.08;0.821759783;0.821759783
Garuda Metalindo (MPF);1449886;W4;May;19/05/2025;4.74;4.66;1.41804;1.41804;0.829201671;0.829201671;0.08;0.815206706;0.815206706
Garuda Metalindo (MPF);1449886;W4;May;20/05/2025;3.71;3.62;1.10292;1.10292;0.830219721;0.830219721;0.09;0.81007962;0.81007962
Garuda Metalindo (MPF);1449886;W4;May;21/05/2025;3.75;3.68;1.12211;1.12211;0.830893225;0.830893225;0.07;0.815383218;0.815383218
Garuda Metalindo (MPF);1449886;W4;May;22/05/2025;4.67;4.58;1.39077;1.39077;0.827460821;0.827460821;0.09;0.811514038;0.811514038
Garuda Metalindo (MPF);1449886;W4;May;23/05/2025;4.28;4.22;1.2827;1.2827;0.828266788;0.828266788;0.06;0.816655572;0.816655572
Garuda Metalindo (MPF);1449886;W4;May;24/05/2025;3.93;3.84;1.17059;1.17059;0.830675094;0.830675094;0.09;0.811652;0.811652
Garuda Metalindo (MPF);1449886;W4;May;25/05/2025;5.59;5.5;1.65135;1.65135;0.818152092;0.818152092;0.09;0.804979696;0.804979696
Garuda Metalindo (MPF);1449886;W5;May;26/05/2025;4.31;4.21;1.28472;1.28472;0.831541623;0.831541623;0.1;0.812248314;0.812248314
Garuda Metalindo (MPF);1449886;W5;May;27/05/2025;3.73;3.65;1.11605;1.11605;0.83319833;0.83319833;0.08;0.815328125;0.815328125
Garuda Metalindo (MPF);1449886;W5;May;28/05/2025;2.51;2.44;0.74639;0.74639;0.833553711;0.833553711;0.07;0.810307193;0.810307193
Garuda Metalindo (MPF);1449886;W5;May;29/05/2025;5.89;5.78;1.72912;1.72912;0.815182597;0.815182597;0.11;0.799958474;0.799958474
Garuda Metalindo (MPF);1449886;W5;May;30/05/2025;4.43;4.33;1.31603;1.31603;0.828200516;0.828200516;0.1;0.809505245;0.809505245
Garuda Metalindo (MPF);1449886;W5;May;31/05/2025;5.86;5.76;1.72306;1.72306;0.815146224;0.815146224;0.1;0.801235878;0.801235878
Garuda Metalindo (MPF);1449886;W1;June;01/06/2025;5.14;5.04;1.52712;1.52712;0.825658074;0.825658074;0.1;0.809594687;0.809594687
Garuda Metalindo (MPF);1449886;W2;June;02/06/2025;2.73;2.65;0.82012;0.82012;0.843313655;0.843313655;0.08;0.818601167;0.818601167
Garuda Metalindo (MPF);1449886;W2;June;03/06/2025;5.43;5.34;1.62307;1.62307;0.828235034;0.828235034;0.09;0.814507382;0.814507382
Garuda Metalindo (MPF);1449886;W2;June;04/06/2025;5.72;5.62;1.69175;1.69175;0.820271218;0.820271218;0.1;0.805930812;0.805930812
Garuda Metalindo (MPF);1449886;W2;June;05/06/2025;5.54;5.45;1.64125;1.64125;0.820608178;0.820608178;0.09;0.807276998;0.807276998
Garuda Metalindo (MPF);1449886;W2;June;06/06/2025;4.3;4.22;1.2827;1.2827;0.828266788;0.828266788;0.08;0.812857174;0.812857174
Garuda Metalindo (MPF);1449886;W2;June;07/06/2025;4.58;4.48;1.36552;1.36552;0.830572705;0.830572705;0.1;0.81243793;0.81243793
Garuda Metalindo (MPF);1449886;W2;June;08/06/2025;5.01;4.92;1.49985;1.49985;0.830692574;0.830692574;0.09;0.815769953;0.815769953
Garuda Metalindo (MPF);1449886;W3;June;09/06/2025;4.09;4.01;1.22715;1.22715;0.833894065;0.833894065;0.08;0.817583178;0.817583178
Garuda Metalindo (MPF);1449886;W3;June;10/06/2025;5.94;5.83;1.74831;1.74831;0.817160735;0.817160735;0.11;0.802028129;0.802028129
Garuda Metalindo (MPF);1449886;W3;June;11/06/2025;5.12;5.03;1.52106;1.52106;0.824016607;0.824016607;0.09;0.80953194;0.80953194
Garuda Metalindo (MPF);1449886;W3;June;12/06/2025;4.06;3.97;1.22008;1.22008;0.837443286;0.837443286;0.09;0.818879272;0.818879272
Garuda Metalindo (MPF);1449886;W3;June;13/06/2025;5.02;4.93;1.4847;1.4847;0.820633786;0.820633786;0.09;0.805921228;0.805921228
Garuda Metalindo (MPF);1449886;W3;June;14/06/2025;5.55;5.46;1.65337;1.65337;0.825154009;0.825154009;0.09;0.811773133;0.811773133
Garuda Metalindo (MPF);1449886;W3;June;15/06/2025;3.57;3.49;1.07363;1.07363;0.83827558;0.83827558;0.08;0.819490693;0.819490693
Garuda Metalindo (MPF);1449886;W4;June;16/06/2025;4.19;4.11;1.25341;1.25341;0.831015142;0.831015142;0.08;0.815148504;0.815148504
Garuda Metalindo (MPF);1449886;W4;June;17/06/2025;5.82;5.71;1.70892;1.70892;0.815536171;0.815536171;0.11;0.800122257;0.800122257
Garuda Metalindo (MPF);1449886;W4;June;18/06/2025;5.35;5.26;1.58772;1.58772;0.82251869;0.82251869;0.09;0.808681927;0.808681927
Garuda Metalindo (MPF);1449886;W4;June;19/06/2025;5.12;5.03;1.50793;1.50793;0.816903582;0.816903582;0.09;0.802543948;0.802543948
Garuda Metalindo (MPF);1449886;W4;June;20/06/2025;5.35;5.27;1.57863;1.57863;0.816257792;0.816257792;0.08;0.804052068;0.804052068
Garuda Metalindo (MPF);1449886;W4;June;21/06/2025;4.92;4.84;1.46046;1.46046;0.822246264;0.822246264;0.08;0.808876406;0.808876406
Garuda Metalindo (MPF);1449886;W4;June;22/06/2025;4.35;4.26;1.29179;1.29179;0.826304129;0.826304129;0.09;0.809208181;0.809208181
Garuda Metalindo (MPF);1449886;W5;June;23/06/2025;3.79;3.71;1.13019;1.13019;0.830109061;0.830109061;0.08;0.81258697;0.81258697
Garuda Metalindo (MPF);1449886;W5;June;24/06/2025;4.71;4.63;1.40794;1.40794;0.828630205;0.828630205;0.08;0.814555807;0.814555807
Garuda Metalindo (MPF);1449886;W5;June;25/06/2025;2.28;2.21;0.67872;0.67872;0.836866102;0.836866102;0.07;0.811172845;0.811172845
Garuda Metalindo (MPF);1449886;W5;June;26/06/2025;4.66;4.57;1.3837;1.3837;0.825055843;0.825055843;0.09;0.809121289;0.809121289
Garuda Metalindo (MPF);1449886;W5;June;27/06/2025;3.82;3.73;1.14332;1.14332;0.83525017;0.83525017;0.09;0.815571501;0.815571501
Garuda Metalindo (MPF);1449886;W5;June;28/06/2025;5.72;5.62;1.68872;1.68872;0.818802076;0.818802076;0.1;0.804487354;0.804487354
Garuda Metalindo (MPF);1449886;W5;June;29/06/2025;5.41;5.31;1.60893;1.60893;0.825658074;0.825658074;0.1;0.810396372;0.810396372
Garuda Metalindo (MPF);1449886;W6;June;30/06/2025;5.05;4.97;1.50389;1.50389;0.824550551;0.824550551;0.08;0.811488364;0.811488364
Garuda Metalindo (MPF);1449886;W1;July;01/07/2025;5.5;5.41;1.63014;1.63014;0.821079563;0.821079563;0.09;0.807643716;0.807643716
Garuda Metalindo (MPF);1449886;W1;July;02/07/2025;5.25;5.16;1.55944;1.55944;0.823524591;0.823524591;0.09;0.809407026;0.809407026
Garuda Metalindo (MPF);1449886;W1;July;03/07/2025;5.34;5.25;1.58368;1.58368;0.821988483;0.821988483;0.09;0.808134744;0.808134744
Garuda Metalindo (MPF);1449886;W1;July;04/07/2025;3.47;3.4;1.03828;1.03828;0.832133824;0.832133824;0.07;0.815347262;0.815347262
Garuda Metalindo (MPF);1449886;W1;July;05/07/2025;2.32;2.24;0.69084;0.69084;0.840401968;0.840401968;0.08;0.81142259;0.81142259
Garuda Metalindo (MPF);1449886;W1;July;06/07/2025;5.48;5.39;1.63014;1.63014;0.824126241;0.824126241;0.09;0.810591321;0.810591321
Garuda Metalindo (MPF);1449886;W2;July;07/07/2025;5.18;5.09;1.54025;1.54025;0.824576662;0.824576662;0.09;0.81025004;0.81025004
Garuda Metalindo (MPF);1449886;W2;July;08/07/2025;6.18;6.04;1.79982;1.79982;0.811988238;0.811988238;0.14;0.793593683;0.793593683
Garuda Metalindo (MPF);1449886;W2;July;09/07/2025;4.25;4.17;1.26654;1.26654;0.827638069;0.827638069;0.08;0.812059;0.812059
Garuda Metalindo (MPF);1449886;W2;July;10/07/2025;3.35;3.28;0.99182;0.99182;0.823979907;0.823979907;0.07;0.806762417;0.806762417
Garuda Metalindo (MPF);1449886;W2;July;11/07/2025;5.01;4.92;1.48874;1.48874;0.824539296;0.824539296;0.09;0.809727213;0.809727213
Garuda Metalindo (MPF);1449886;W2;July;12/07/2025;4.84;4.76;1.44026;1.44026;0.82450169;0.82450169;0.08;0.810873563;0.810873563
Garuda Metalindo (MPF);1449886;W2;July;13/07/2025;5.98;5.86;1.75134;1.75134;0.814386291;0.814386291;0.12;0.798044092;0.798044092
Garuda Metalindo (MPF);1449886;W3;July;14/07/2025;4.83;4.75;1.44632;1.44632;0.829713938;0.829713938;0.08;0.815971264;0.815971264
Garuda Metalindo (MPF);1449886;W3;July;15/07/2025;5.23;5.14;1.55944;1.55944;0.826728966;0.826728966;0.09;0.812502273;0.812502273
Garuda Metalindo (MPF);1449886;W3;July;16/07/2025;5.18;5.09;1.54631;1.54631;0.827820898;0.827820898;0.09;0.813437909;0.813437909
Garuda Metalindo (MPF);1449886;W3;July;17/07/2025;5.2;5.11;1.55035;1.55035;0.826735253;0.826735253;0.09;0.812426374;0.812426374
Garuda Metalindo (MPF);1449886;W3;July;18/07/2025;4.7;4.61;1.39481;1.39481;0.824464064;0.824464064;0.09;0.808676454;0.808676454
Garuda Metalindo (MPF);1449886;W3;July;19/07/2025;4.97;4.88;1.47662;1.47662;0.824530126;0.824530126;0.09;0.809598997;0.809598997
Garuda Metalindo (MPF);1449886;W3;July;20/07/2025;4.81;4.72;1.43521;1.43521;0.828573533;0.828573533;0.09;0.813070078;0.813070078
Garuda Metalindo (MPF);1449886;W4;July;21/07/2025;4.39;4.29;1.29078;1.29078;0.819884241;0.819884241;0.1;0.801208063;0.801208063
Garuda Metalindo (MPF);1449886;W4;July;22/07/2025;4.78;4.7;1.42107;1.42107;0.823901355;0.823901355;0.08;0.810112211;0.810112211
Garuda Metalindo (MPF);1449886;W4;July;23/07/2025;3.68;3.6;1.08979;1.08979;0.824893576;0.824893576;0.08;0.806961107;0.806961107
Garuda Metalindo (MPF);1449886;W4;July;24/07/2025;2.62;2.56;0.78275;0.78275;0.833183603;0.833183603;0.06;0.814103063;0.814103063
Garuda Metalindo (MPF);1449886;W4;July;25/07/2025;2.58;2.52;0.76962;0.76962;0.832210916;0.832210916;0.06;0.812857174;0.812857174
Garuda Metalindo (MPF);1449886;W4;July;26/07/2025;4.88;4.79;1.45743;1.45743;0.829105498;0.829105498;0.09;0.813814618;0.813814618
Garuda Metalindo (MPF);1449886;W4;July;27/07/2025;4.86;4.77;1.4443;1.4443;0.825081094;0.825081094;0.09;0.809801815;0.809801815
Garuda Metalindo (MPF);1449886;W5;July;28/07/2025;5.6;5.51;1.65438;1.65438;0.818165714;0.818165714;0.09;0.805016622;0.805016622
Garuda Metalindo (MPF);1449886;W5;July;29/07/2025;5.67;5.57;1.66549;1.66549;0.814787651;0.814787651;0.1;0.800417498;0.800417498
Garuda Metalindo (MPF);1449886;W5;July;30/07/2025;5.57;5.48;1.64832;1.64832;0.819631373;0.819631373;0.09;0.806387778;0.806387778
Garuda Metalindo (MPF);1449886;W5;July;31/07/2025;5.96;5.85;1.74629;1.74629;0.813426103;0.813426103;0.11;0.798413205;0.798413205
Garuda Metalindo (MPF);1449886;W1;August;01/08/2025;5.63;5.53;1.66549;1.66549;0.820681232;0.820681232;0.1;0.806104301;0.806104301
Garuda Metalindo (MPF);1449886;W1;August;02/08/2025;5.63;5.53;1.66549;1.66549;0.820681232;0.820681232;0.1;0.806104301;0.806104301
Garuda Metalindo (MPF);1449886;W1;August;03/08/2025;5.88;5.77;1.7372;1.7372;0.820411258;0.820411258;0.11;0.805063428;0.805063428
Garuda Metalindo (MPF);1449886;W2;August;04/08/2025;4.45;4.35;1.33118;1.33118;0.83388302;0.83388302;0.1;0.815144076;0.815144076
Garuda Metalindo (MPF);1449886;W2;August;05/08/2025;5.6;5.51;1.66145;1.66145;0.821662149;0.821662149;0.09;0.808456864;0.808456864
Garuda Metalindo (MPF);1449886;W2;August;06/08/2025;5.47;5.37;1.62408;1.62408;0.824120536;0.824120536;0.1;0.809054347;0.809054347
Garuda Metalindo (MPF);1449886;W2;August;07/08/2025;5.01;4.92;1.50086;1.50086;0.831251963;0.831251963;0.09;0.816319293;0.816319293
Garuda Metalindo (MPF);1449886;W2;August;08/08/2025;4.87;4.78;1.45137;1.45137;0.827385392;0.827385392;0.09;0.812094902;0.812094902
Garuda Metalindo (MPF);1449886;W2;August;09/08/2025;4.49;4.39;1.33219;1.33219;0.826911921;0.826911921;0.1;0.808495174;0.808495174
Garuda Metalindo (MPF);1449886;W2;August;10/08/2025;4.99;4.9;1.48369;1.48369;0.825096402;0.825096402;0.09;0.810214904;0.810214904
Garuda Metalindo (MPF);1449886;W3;August;11/08/2025;5.75;5.65;1.70084;1.70084;0.820299821;0.820299821;0.1;0.806033737;0.806033737
Garuda Metalindo (MPF);1449886;W3;August;12/08/2025;5.15;5.06;1.53318;1.53318;0.825658074;0.825658074;0.09;0.811229098;0.811229098
Garuda Metalindo (MPF);1449886;W3;August;13/08/2025;5.12;5.03;1.52611;1.52611;0.826752386;0.826752386;0.09;0.812219629;0.812219629
Garuda Metalindo (MPF);1449886;W3;August;14/08/2025;3.56;3.48;1.0605;1.0605;0.830403235;0.830403235;0.08;0.811742488;0.811742488
Garuda Metalindo (MPF);1449886;W3;August;15/08/2025;5.26;5.16;1.56146;1.56146;0.824591332;0.824591332;0.1;0.808914691;0.808914691
Garuda Metalindo (MPF);1449886;W3;August;16/08/2025;5.17;5.07;1.5352;1.5352;0.825115235;0.825115235;0.1;0.809155559;0.809155559
Garuda Metalindo (MPF);1449886;W3;August;17/08/2025;6.2;6.1;1.81901;1.81901;0.812573875;0.812573875;0.1;0.799467845;0.799467845
Garuda Metalindo (MPF);1449886;W4;August;18/08/2025;4.09;3.99;1.21604;1.21604;0.830486484;0.830486484;0.1;0.810181191;0.810181191
Garuda Metalindo (MPF);1449886;W4;August;19/08/2025;6.14;6.03;1.79376;1.79376;0.810596318;0.810596318;0.11;0.796074234;0.796074234
Garuda Metalindo (MPF);1449886;W4;August;20/08/2025;6.35;6.24;1.85537;1.85537;0.810221091;0.810221091;0.11;0.796185765;0.796185765
Garuda Metalindo (MPF);1449886;W4;August;21/08/2025;5.44;5.35;1.61499;1.61499;0.822571502;0.822571502;0.09;0.808962782;0.808962782
Garuda Metalindo (MPF);1449886;W4;August;22/08/2025;5.46;5.36;1.61903;1.61903;0.823090729;0.823090729;0.1;0.808015807;0.808015807
Garuda Metalindo (MPF);1449886;W4;August;23/08/2025;5.32;5.22;1.57964;1.57964;0.824603594;0.824603594;0.1;0.809103526;0.809103526
Garuda Metalindo (MPF);1449886;W4;August;24/08/2025;4.45;4.36;1.32815;1.32815;0.830076733;0.830076733;0.09;0.813288665;0.813288665
Garuda Metalindo (MPF);1449886;W5;August;25/08/2025;5.21;5.1;1.53924;1.53924;0.822420199;0.822420199;0.11;0.805056241;0.805056241
Garuda Metalindo (MPF);1449886;W5;August;26/08/2025;4.92;4.84;1.46349;1.46349;0.823952169;0.823952169;0.08;0.810554573;0.810554573
Garuda Metalindo (MPF);1449886;W5;August;27/08/2025;6.11;6;1.79073;1.79073;0.813273203;0.813273203;0.11;0.798631623;0.798631623
Garuda Metalindo (MPF);1449886;W5;August;28/08/2025;5.91;5.82;1.74629;1.74629;0.817619021;0.817619021;0.09;0.80516797;0.80516797
Garuda Metalindo (MPF);1449886;W5;August;29/08/2025;4.9;4.8;1.4544;1.4544;0.825658074;0.825658074;0.1;0.808807909;0.808807909
Garuda Metalindo (MPF);1449886;W5;August;30/08/2025;6.26;6.17;1.84224;1.84224;0.813614439;0.813614439;0.09;0.801917107;0.801917107
Garuda Metalindo (MPF);1449886;W5;August;31/08/2025;6;5.92;1.77053;1.77053;0.81496543;0.81496543;0.08;0.804099224;0.804099224
Garuda Metalindo (MPF);1449886;W1;September;01/09/2025;6.19;6.11;0;1.841477565;0;0.821264075;0.08;0;0.810649999
Garuda Metalindo (MPF);1449886;W1;September;02/09/2025;1.5;1.45;0.44137;0.44137;0.829454203;0.829454203;0.05;0.80180573;0.80180573
Garuda Metalindo (MPF);1449886;W1;September;03/09/2025;4.74;4.65;1.39077;1.39077;0.815004421;0.815004421;0.09;0.799529654;0.799529654
Garuda Metalindo (MPF);1449886;W1;September;04/09/2025;4.82;4.73;1.42915;1.42915;0.823330638;0.823330638;0.09;0.807957244;0.807957244
Garuda Metalindo (MPF);1449886;W1;September;05/09/2025;5.26;5.17;1.55439;1.55439;0.819270004;0.819270004;0.09;0.805252076;0.805252076
Garuda Metalindo (MPF);1449886;W1;September;06/09/2025;5.24;5.15;1.55641;1.55641;0.823520448;0.823520448;0.09;0.809376013;0.809376013
Garuda Metalindo (MPF);1449886;W1;September;07/09/2025;3.83;3.77;1.12514;1.12514;0.813247652;0.813247652;0.06;0.80050748;0.80050748
Garuda Metalindo (MPF);1449886;W2;September;08/09/2025;2.91;2.85;0.87365;0.87365;0.835314894;0.835314894;0.06;0.818091906;0.818091906
Garuda Metalindo (MPF);1449886;W2;September;09/09/2025;4.91;4.84;1.46147;1.46147;0.822814899;0.822814899;0.07;0.81108434;0.81108434
Garuda Metalindo (MPF);1449886;W2;September;10/09/2025;5.06;4.98;1.50692;1.50692;0.824552775;0.824552775;0.08;0.811516368;0.811516368
Garuda Metalindo (MPF);1449886;W2;September;11/09/2025;4.83;4.76;1.4342;1.4342;0.821032539;0.821032539;0.07;0.809133516;0.809133516
Garuda Metalindo (MPF);1449886;W2;September;12/09/2025;6.06;5.97;1.79881;1.79881;0.821048035;0.821048035;0.09;0.808854252;0.808854252
Garuda Metalindo (MPF);1449886;W2;September;13/09/2025;3.82;3.73;1.13827;1.13827;0.831560902;0.831560902;0.09;0.811969153;0.811969153
Garuda Metalindo (MPF);1449886;W2;September;14/09/2025;6.38;6.3;1.88365;1.88365;0.814736671;0.814736671;0.08;0.804520537;0.804520537
Garuda Metalindo (MPF);1449886;W3;September;15/09/2025;5.7;5.59;1.69074;1.69074;0.824181047;0.824181047;0.11;0.808275799;0.808275799
Garuda Metalindo (MPF);1449886;W3;September;16/09/2025;6.97;6.86;2.02808;2.02808;0.805598354;0.805598354;0.11;0.792884463;0.792884463
Garuda Metalindo (MPF);1449886;W3;September;17/09/2025;6.94;6.84;2.03616;2.03616;0.811172845;0.811172845;0.1;0.799484475;0.799484475
Garuda Metalindo (MPF);1449886;W3;September;18/09/2025;6.55;6.45;1.92102;1.92102;0.811577084;0.811577084;0.1;0.799186594;0.799186594
Garuda Metalindo (MPF);1449886;W3;September;19/09/2025;6.93;6.82;2.02303;2.02303;0.808305534;0.808305534;0.11;0.795475287;0.795475287
Garuda Metalindo (MPF);1449886;W3;September;20/09/2025;7.12;7.01;2.07151;2.07151;0.805242373;0.805242373;0.11;0.79280183;0.79280183
Garuda Metalindo (MPF);1449886;W3;September;21/09/2025;7.02;6.92;2.04626;2.04626;0.805772282;0.805772282;0.1;0.794294045;0.794294045
Garuda Metalindo (MPF);1449886;W4;September;22/09/2025;6.69;6.6;1.96243;1.96243;0.81022911;0.81022911;0.09;0.799329167;0.799329167
Garuda Metalindo (MPF);1449886;W4;September;23/09/2025;6.44;6.34;1.89981;1.89981;0.816541975;0.816541975;0.1;0.803862752;0.803862752
Garuda Metalindo (MPF);1449886;W4;September;24/09/2025;6.22;6.12;1.83214;1.83214;0.815764568;0.815764568;0.1;0.802649382;0.802649382
Garuda Metalindo (MPF);1449886;W4;September;25/09/2025;4.81;4.71;1.4342;1.4342;0.829748383;0.829748383;0.1;0.812497897;0.812497897
Garuda Metalindo (MPF);1449886;W4;September;26/09/2025;3.63;3.58;1.08171;1.08171;0.823351767;0.823351767;0.05;0.812010833;0.812010833
Garuda Metalindo (MPF);1449886;W4;September;27/09/2025;6.03;5.93;1.7978;1.7978;0.826122188;0.826122188;0.1;0.812421985;0.812421985
Garuda Metalindo (MPF);1449886;W4;September;28/09/2025;5.2;5.11;1.55237;1.55237;0.827812433;0.827812433;0.09;0.81348491;0.81348491
Garuda Metalindo (MPF);1449886;W5;September;29/09/2025;5.57;5.46;1.65842;1.65842;0.827674333;0.827674333;0.11;0.811328879;0.811328879
Garuda Metalindo (MPF);1449886;W5;September;30/09/2025;4.45;4.37;1.33926;1.33926;0.835104963;0.835104963;0.08;0.82009184;0.82009184
Garuda Metalindo (MPF);1449886;W1;October;01/10/2025;2.18;2.11;0.64741;0.64741;0.836092931;0.836092931;0.07;0.80924591;0.80924591
Garuda Metalindo (MPF);1449886;W1;October;02/10/2025;4.06;3.97;1.21604;1.21604;0.834670295;0.834670295;0.09;0.816167751;0.816167751
Garuda Metalindo (MPF);1449886;W1;October;03/10/2025;4.4;4.3;1.30795;1.30795;0.828858299;0.828858299;0.1;0.81002061;0.81002061
Garuda Metalindo (MPF);1449886;W1;October;04/10/2025;6.54;6.42;1.91496;1.91496;0.812797356;0.812797356;0.12;0.797883643;0.797883643
Garuda Metalindo (MPF);1449886;W1;October;05/10/2025;5.47;5.37;1.62004;1.62004;0.822070485;0.822070485;0.1;0.807041774;0.807041774
Garuda Metalindo (MPF);1449886;W2;October;06/10/2025;6.02;5.91;1.76851;1.76851;0.815413022;0.815413022;0.11;0.800513448;0.800513448
Garuda Metalindo (MPF);1449886;W2;October;07/10/2025;7.04;6.93;2.03919;2.03919;0.801829558;0.801829558;0.11;0.789300971;0.789300971
Garuda Metalindo (MPF);1449886;W2;October;08/10/2025;6.73;6.62;1.96445;1.96445;0.808612766;0.808612766;0.11;0.795396213;0.795396213
Garuda Metalindo (MPF);1449886;W2;October;09/10/2025;4.82;4.74;1.42511;1.42511;0.819271127;0.819271127;0.08;0.805673266;0.805673266
Garuda Metalindo (MPF);1449886;W2;October;10/10/2025;6.45;6.35;1.88365;1.88365;0.808321422;0.808321422;0.1;0.795789306;0.795789306
Garuda Metalindo (MPF);1449886;W2;October;11/10/2025;3.86;3.77;1.14534;1.14534;0.827848148;0.827848148;0.09;0.80854599;0.80854599
Garuda Metalindo (MPF);1449886;W2;October;12/10/2025;5.18;5.07;1.52712;1.52712;0.820772523;0.820772523;0.11;0.803342991;0.803342991
Garuda Metalindo (MPF);1449886;W3;October;13/10/2025;5.16;5.06;1.52813;1.52813;0.822938515;0.822938515;0.1;0.806990094;0.806990094
Garuda Metalindo (MPF);1449886;W3;October;14/10/2025;4.47;4.38;1.32815;1.32815;0.826286429;0.826286429;0.09;0.809649789;0.809649789
Garuda Metalindo (MPF);1449886;W3;October;15/10/2025;6.81;6.7;1.9796;1.9796;0.805119316;0.805119316;0.11;0.792114452;0.792114452
Garuda Metalindo (MPF);1449886;W3;October;16/10/2025;5.78;5.68;1.7069;1.7069;0.818874498;0.818874498;0.1;0.804707119;0.804707119
Garuda Metalindo (MPF);1449886;W3;October;17/10/2025;6.26;6.15;1.83921;1.83921;0.814917806;0.814917806;0.11;0.800598164;0.800598164
Garuda Metalindo (MPF);1449886;W3;October;18/10/2025;4.27;4.17;1.27361;1.27361;0.832258059;0.832258059;0.1;0.812767238;0.812767238
Garuda Metalindo (MPF);1449886;W3;October;19/10/2025;5.68;5.58;1.67559;1.67559;0.818259704;0.818259704;0.1;0.803853723;0.803853723
Garuda Metalindo (MPF);1449886;W4;October;20/10/2025;2.87;2.79;0.85446;0.85446;0.834536118;0.834536118;0.08;0.811273787;0.811273787
Garuda Metalindo (MPF);1449886;W4;October;21/10/2025;3.71;3.61;1.10393;1.10393;0.833281879;0.833281879;0.1;0.810821451;0.810821451
Garuda Metalindo (MPF);1449886;W4;October;22/10/2025;3.67;3.57;1.09484;1.09484;0.835680067;0.835680067;0.1;0.812909493;0.812909493
Garuda Metalindo (MPF);1449886;W4;October;23/10/2025;2.89;2.8;0.86052;0.86052;0.837453189;0.837453189;0.09;0.811373332;0.811373332
Garuda Metalindo (MPF);1449886;W4;October;24/10/2025;5.63;5.52;1.6665;1.6665;0.822666559;0.822666559;0.11;0.806593145;0.806593145
Garuda Metalindo (MPF);1449886;W4;October;25/10/2025;6.05;5.94;1.78467;1.78467;0.81870809;0.81870809;0.11;0.803822489;0.803822489
Garuda Metalindo (MPF);1449886;W4;October;26/10/2025;3.53;3.43;1.05747;1.05747;0.840101072;0.840101072;0.1;0.816302175;0.816302175
Garuda Metalindo (MPF);1449886;W5;October;27/10/2025;4;3.91;1.20089;1.20089;0.836920247;0.836920247;0.09;0.818089542;0.818089542
Garuda Metalindo (MPF);1449886;W5;October;28/10/2025;6.65;6.53;1.95536;1.95536;0.815964283;0.815964283;0.12;0.801240116;0.801240116
Garuda Metalindo (MPF);1449886;W5;October;29/10/2025;6.43;6.32;1.8887;1.8887;0.814335759;0.814335759;0.11;0.800404665;0.800404665
Garuda Metalindo (MPF);1449886;W5;October;30/10/2025;5.47;5.37;1.62206;1.62206;0.82309551;0.82309551;0.1;0.80804806;0.80804806
Garuda Metalindo (MPF);1449886;W5;October;31/10/2025;3.26;3.17;0.97667;0.97667;0.839549272;0.839549272;0.09;0.816371531;0.816371531
Garuda Metalindo (MPF);1449886;W1;November;01/11/2025;4.31;4.22;1.29886;1.29886;0.838701645;0.838701645;0.09;0.821188154;0.821188154
Garuda Metalindo (MPF);1449886;W1;November;02/11/2025;5.46;5.35;1.62812;1.62812;0.829259075;0.829259075;0.11;0.81255239;0.81255239
Garuda Metalindo (MPF);1449886;W2;November;03/11/2025;3.75;3.66;1.12817;1.12817;0.839945418;0.839945418;0.09;0.819786728;0.819786728
Garuda Metalindo (MPF);1449886;W2;November;04/11/2025;5.85;5.74;1.7372;1.7372;0.824699122;0.824699122;0.11;0.809191959;0.809191959
Garuda Metalindo (MPF);1449886;W2;November;05/11/2025;5.54;5.44;1.6463;1.6463;0.824646238;0.824646238;0.1;0.809760927;0.809760927
Garuda Metalindo (MPF);1449886;W2;November;06/11/2025;7.1;6.98;2.07252;2.07252;0.809097597;0.809097597;0.12;0.795422708;0.795422708
Garuda Metalindo (MPF);1449886;W2;November;07/11/2025;3.69;3.6;1.10797;1.10797;0.838654544;0.838654544;0.09;0.818199555;0.818199555
Garuda Metalindo (MPF);1449886;W2;November;08/11/2025;5.13;5.04;1.53621;1.53621;0.830572705;0.830572705;0.09;0.816001254;0.816001254
Garuda Metalindo (MPF);1449886;W2;November;09/11/2025;1.58;1.53;0.46561;0.46561;0.829255713;0.829255713;0.05;0.803013443;0.803013443
Garuda Metalindo (MPF);1449886;W3;November;10/11/2025;5.64;5.53;1.66044;1.66044;0.818192811;0.818192811;0.11;0.80223515;0.80223515
Garuda Metalindo (MPF);1449886;W3;November;11/11/2025;6.03;5.92;1.76851;1.76851;0.814035635;0.814035635;0.11;0.799185897;0.799185897
Garuda Metalindo (MPF);1449886;W3;November;12/11/2025;6.36;6.25;1.87658;1.87658;0.818172107;0.818172107;0.11;0.804021332;0.804021332
Garuda Metalindo (MPF);1449886;W3;November;13/11/2025;7.28;7.15;2.12807;2.12807;0.811031031;0.811031031;0.13;0.796548334;0.796548334
Garuda Metalindo (MPF);1449886;W3;November;14/11/2025;3.53;3.44;1.06252;1.06252;0.841659199;0.841659199;0.09;0.820200466;0.820200466
Garuda Metalindo (MPF);1449886;W3;November;15/11/2025;3.43;3.33;1.02515;1.02515;0.838881827;0.838881827;0.1;0.814424631;0.814424631
Garuda Metalindo (MPF);1449886;W3;November;16/11/2025;4.95;4.85;1.44834;1.44834;0.81374136;0.81374136;0.1;0.79730214;0.79730214
Garuda Metalindo (MPF);1449886;W4;November;17/11/2025;6.64;6.53;1.95839;1.95839;0.817228691;0.817228691;0.11;0.803690264;0.803690264
Garuda Metalindo (MPF);1449886;W4;November;18/11/2025;6.65;6.54;1.95031;1.95031;0.812612508;0.812612508;0.11;0.799170797;0.799170797
Garuda Metalindo (MPF);1449886;W4;November;19/11/2025;6.84;6.72;1.98768;1.98768;0.805999548;0.805999548;0.12;0.791859205;0.791859205
Garuda Metalindo (MPF);1449886;W4;November;20/11/2025;5.55;5.44;1.6362;1.6362;0.819587059;0.819587059;0.11;0.803342991;0.803342991
Garuda Metalindo (MPF);1449886;W4;November;21/11/2025;4.49;4.4;1.34027;1.34027;0.830036564;0.830036564;0.09;0.81339886;0.81339886
Garuda Metalindo (MPF);1449886;W4;November;22/11/2025;6.38;6.25;1.86446;1.86446;0.812887896;0.812887896;0.13;0.796324349;0.796324349
Garuda Metalindo (MPF);1449886;W4;November;23/11/2025;6.77;6.66;1.97354;1.97354;0.807475414;0.807475414;0.11;0.794355429;0.794355429
Garuda Metalindo (MPF);1449886;W5;November;24/11/2025;6.06;5.96;1.79477;1.79477;0.820578522;0.820578522;0.1;0.807037622;0.807037622
Garuda Metalindo (MPF);1449886;W5;November;25/11/2025;7.35;7.22;2.13009;2.13009;0.80393023;0.80393023;0.13;0.789711056;0.789711056
Garuda Metalindo (MPF);1449886;W5;November;26/11/2025;7.31;7.19;2.12403;2.12403;0.804987914;0.804987914;0.12;0.791773338;0.791773338
Garuda Metalindo (MPF);1449886;W5;November;27/11/2025;6.15;6.04;1.82002;1.82002;0.821101462;0.821101462;0.11;0.806415095;0.806415095
Garuda Metalindo (MPF);1449886;W5;November;28/11/2025;7.05;6.93;2.06444;2.06444;0.811758106;0.811758106;0.12;0.797940947;0.797940947
Garuda Metalindo (MPF);1449886;W5;November;29/11/2025;2.86;2.77;0.85648;0.85648;0.842548793;0.842548793;0.09;0.81603502;0.81603502
Garuda Metalindo (MPF);1449886;W5;November;30/11/2025;7.13;7.02;2.08767;2.08767;0.81036811;0.81036811;0.11;0.797865937;0.797865937
Garuda Metalindo (MPF);1449886;W1;December;01/12/2025;5.38;5.29;1.54833;1.54833;0.797563848;0.797563848;0.09;0.784221702;0.784221702
Garuda Metalindo (MPF);1449886;W1;December;02/12/2025;3.22;3.13;0.96556;0.96556;0.84060609;0.84060609;0.09;0.817110889;0.817110889
Garuda Metalindo (MPF);1449886;W1;December;03/12/2025;3.57;3.48;1.06353;1.06353;0.832775816;0.832775816;0.09;0.811781468;0.811781468
Garuda Metalindo (MPF);1449886;W1;December;04/12/2025;4.03;3.95;1.17867;1.17867;0.813116432;0.813116432;0.08;0.796975163;0.796975163
Garuda Metalindo (MPF);1449886;W1;December;05/12/2025;3.49;3.39;1.04131;1.04131;0.837024065;0.837024065;0.1;0.813040568;0.813040568
Garuda Metalindo (MPF);1449886;W1;December;06/12/2025;3.3;3.21;0.98778;0.98778;0.838518792;0.838518792;0.09;0.815650097;0.815650097
Garuda Metalindo (MPF);1449886;W1;December;07/12/2025;4.29;4.2;1.28472;1.28472;0.833521484;0.833521484;0.09;0.81603502;0.81603502
Garuda Metalindo (MPF);1449886;W2;December;08/12/2025;2.46;2.38;0.73326;0.73326;0.83953468;0.83953468;0.08;0.812232739;0.812232739
Garuda Metalindo (MPF);1449886;W2;December;09/12/2025;2.41;2.35;0.71912;0.71912;0.833856097;0.833856097;0.06;0.813096195;0.813096195
Garuda Metalindo (MPF);1449886;W2;December;10/12/2025;5.25;5.16;1.55641;1.55641;0.821924478;0.821924478;0.09;0.807834344;0.807834344
Garuda Metalindo (MPF);1449886;W2;December;11/12/2025;1.54;1.49;0.45551;0.45551;0.833046513;0.833046513;0.05;0.805999548;0.805999548
Garuda Metalindo (MPF);1449886;W2;December;12/12/2025;5.4;5.3;1.60489;1.60489;0.825138792;0.825138792;0.1;0.809858444;0.809858444
Garuda Metalindo (MPF);1449886;W2;December;13/12/2025;5.19;5.1;1.54126;1.54126;0.823499491;0.823499491;0.09;0.809219153;0.809219153
Garuda Metalindo (MPF);1449886;W2;December;14/12/2025;7.01;6.91;2.04626;2.04626;0.806938378;0.806938378;0.1;0.795427132;0.795427132
Garuda Metalindo (MPF);1449886;W3;December;15/12/2025;4.33;4.23;1.28775;1.28775;0.829561895;0.829561895;0.1;0.810403421;0.810403421
Garuda Metalindo (MPF);1449886;W3;December;16/12/2025;6.52;6.43;1.91092;1.91092;0.80982119;0.80982119;0.09;0.798642677;0.798642677
Garuda Metalindo (MPF);1449886;W3;December;17/12/2025;5.32;5.24;1.57863;1.57863;0.820931024;0.820931024;0.08;0.808586197;0.808586197
Garuda Metalindo (MPF);1449886;W3;December;18/12/2025;3.79;3.71;1.08676;1.08676;0.798210321;0.798210321;0.08;0.781361555;0.781361555
Garuda Metalindo (MPF);1449886;W3;December;19/12/2025;2.41;2.33;0.71609;0.71609;0.837470064;0.837470064;0.08;0.809670227;0.809670227
Garuda Metalindo (MPF);1449886;W3;December;20/12/2025;1.49;1.44;0.43935;0.43935;0.831391811;0.831391811;0.05;0.803492757;0.803492757
Garuda Metalindo (MPF);1449886;W3;December;21/12/2025;0.57;0.55;0.15857;0.15857;0.785626167;0.785626167;0.02;0.758060337;0.758060337
Garuda Metalindo (MPF);1449886;W4;December;22/12/2025;2.32;2.25;0.69084;0.69084;0.836666848;0.836666848;0.07;0.81142259;0.81142259
Garuda Metalindo (MPF);1449886;W4;December;23/12/2025;4.77;4.67;1.42713;1.42713;0.832730092;0.832730092;0.1;0.815272438;0.815272438
Garuda Metalindo (MPF);1449886;W4;December;24/12/2025;6.43;6.35;1.91294;1.91294;0.820890495;0.820890495;0.08;0.810677238;0.810677238
Garuda Metalindo (MPF);1449886;W4;December;25/12/2025;5.61;5.52;1.68468;1.68468;0.831641104;0.831641104;0.09;0.818299268;0.818299268
Garuda Metalindo (MPF);1449886;W4;December;26/12/2025;5.49;5.4;1.64529;1.64529;0.830245063;0.830245063;0.09;0.816634489;0.816634489
Garuda Metalindo (MPF);1449886;W4;December;27/12/2025;6.08;6;1.81699;1.81699;0.825199375;0.825199375;0.08;0.814341489;0.814341489
Garuda Metalindo (MPF);1449886;W4;December;28/12/2025;4.95;4.88;1.46551;1.46551;0.818326411;0.818326411;0.07;0.806754118;0.806754118
Garuda Metalindo (MPF);1449886;W5;December;29/12/2025;6.62;6.54;1.9594;1.9594;0.81639993;0.81639993;0.08;0.80653407;0.80653407
Garuda Metalindo (MPF);1449886;W5;December;30/12/2025;6.18;6.1;1.83517;1.83517;0.819792743;0.819792743;0.08;0.80918054;0.80918054
Garuda Metalindo (MPF);1449886;W5;December;31/12/2025;5.07;5;1.5049;1.5049;0.820153687;0.820153687;0.07;0.808830066;0.808830066
Shoetown Ligung Indonesia;1479456;W1;January;01/01/2025;6.6889669;6.5829079;13.25933306;13.25933306;0.775864408;0.775864408;0.106059;0.763562448;0.763562448
Shoetown Ligung Indonesia;1479456;W1;January;02/01/2025;5.7350056;5.6373877;11.39634456;11.39634456;0.778698963;0.778698963;0.0976179;0.765444406;0.765444406
Shoetown Ligung Indonesia;1479456;W1;January;03/01/2025;6.0219846;5.9180961;12.18742535;12.18742535;0.793253294;0.793253294;0.1038885;0.779568454;0.779568454
Shoetown Ligung Indonesia;1479456;W1;January;04/01/2025;3.5990036;3.5313006;7.414763548;7.414763548;0.808806339;0.808806339;0.067703;0.793591402;0.793591402
Shoetown Ligung Indonesia;1479456;W1;January;05/01/2025;3.9860071;3.9061852;8.252761108;8.252761108;0.813820025;0.813820025;0.0798219;0.797522849;0.797522849
Shoetown Ligung Indonesia;1479456;W2;January;06/01/2025;5.1850096;5.0832049;10.58387917;10.58387917;0.802027363;0.802027363;0.1018047;0.786280014;0.786280014
Shoetown Ligung Indonesia;1479456;W2;January;07/01/2025;3.6460224;3.5557243;7.632558905;7.632558905;0.826844827;0.826844827;0.0902981;0.806367027;0.806367027
Shoetown Ligung Indonesia;1479456;W2;January;08/01/2025;5.4540132;5.3532053;11.29365457;11.29365457;0.81264811;0.81264811;0.1008079;0.79762773;0.79762773
Shoetown Ligung Indonesia;1479456;W2;January;09/01/2025;6.4920036;6.3937138;13.008691;13.008691;0.783722534;0.783722534;0.0982898;0.771856871;0.771856871
Shoetown Ligung Indonesia;1479456;W2;January;10/01/2025;6.6570222;6.5499869;13.22979292;13.22979292;0.778026776;0.778026776;0.1070353;0.765517229;0.765517229
Shoetown Ligung Indonesia;1479456;W2;January;11/01/2025;5.7459963;5.6388013;11.46862522;11.46862522;0.783441365;0.783441365;0.107195;0.768825798;0.768825798
Shoetown Ligung Indonesia;1479456;W2;January;12/01/2025;5.8859937;5.782893;11.92855591;11.92855591;0.79455624;0.79455624;0.1031007;0.780638572;0.780638572
Shoetown Ligung Indonesia;1479456;W3;January;13/01/2025;3.5660152;3.4770989;7.465772287;7.465772287;0.827064965;0.827064965;0.0889163;0.806442631;0.806442631
Shoetown Ligung Indonesia;1479456;W3;January;14/01/2025;3.951023;3.8572921;8.204162754;8.204162754;0.819282481;0.819282481;0.0937309;0.79984648;0.79984648
Shoetown Ligung Indonesia;1479456;W3;January;15/01/2025;4.5729976;4.4801895;9.448350464;9.448350464;0.812346921;0.812346921;0.0928081;0.795860498;0.795860498
Shoetown Ligung Indonesia;1479456;W3;January;16/01/2025;6.3240068;6.223093;12.77800302;12.77800302;0.790931047;0.790931047;0.1009138;0.778309958;0.778309958
Shoetown Ligung Indonesia;1479456;W3;January;17/01/2025;4.2269805;4.1397901;8.757073046;8.757073046;0.814821687;0.814821687;0.0871904;0.798014268;0.798014268
Shoetown Ligung Indonesia;1479456;W3;January;18/01/2025;4.4879708;4.3914876;9.388990319;9.388990319;0.823548459;0.823548459;0.0964832;0.805843667;0.805843667
Shoetown Ligung Indonesia;1479456;W3;January;19/01/2025;4.8629856;4.7615897;10.15198807;10.15198807;0.821260731;0.821260731;0.1013959;0.804136997;0.804136997
Shoetown Ligung Indonesia;1479456;W4;January;20/01/2025;4.1629686;4.0825959;8.635269254;8.635269254;0.814744462;0.814744462;0.0803727;0.79901453;0.79901453
Shoetown Ligung Indonesia;1479456;W4;January;21/01/2025;5.0190086;4.9250066;10.42771446;10.42771446;0.815575634;0.815575634;0.094002;0.800300557;0.800300557
Shoetown Ligung Indonesia;1479456;W4;January;22/01/2025;4.0100307;3.9146371;8.464922698;8.464922698;0.832939422;0.832939422;0.0953936;0.813124838;0.813124838
Shoetown Ligung Indonesia;1479456;W4;January;23/01/2025;5.7599808;5.6671054;11.6257988;11.6257988;0.790211674;0.790211674;0.0928754;0.777470099;0.777470099
Shoetown Ligung Indonesia;1479456;W4;January;24/01/2025;6.2979877;6.1973154;12.62783593;12.62783593;0.784887224;0.784887224;0.1006723;0.772340931;0.772340931
Shoetown Ligung Indonesia;1479456;W4;January;25/01/2025;5.8310231;5.7315788;11.78159905;11.78159905;0.791793441;0.791793441;0.0994443;0.778289919;0.778289919
Shoetown Ligung Indonesia;1479456;W4;January;26/01/2025;5.680956;5.5780878;11.7551698;11.7551698;0.811755967;0.811755967;0.1028682;0.797057054;0.797057054
Shoetown Ligung Indonesia;1479456;W5;January;27/01/2025;5.3830168;5.2811971;10.94592789;10.94592789;0.798366187;0.798366187;0.1018197;0.7832651;0.7832651
Shoetown Ligung Indonesia;1479456;W5;January;28/01/2025;4.5570023;4.4697222;9.506477974;9.506477974;0.819258664;0.819258664;0.0872801;0.803567433;0.803567433
Shoetown Ligung Indonesia;1479456;W5;January;29/01/2025;5.5699868;5.4723016;11.14990585;11.14990585;0.784843568;0.784843568;0.0976852;0.771079155;0.771079155
Shoetown Ligung Indonesia;1479456;W5;January;30/01/2025;5.686989;5.5953829;11.70505804;11.70505804;0.805797079;0.805797079;0.0916061;0.792817289;0.792817289
Shoetown Ligung Indonesia;1479456;W5;January;31/01/2025;4.7599984;4.6677296;9.895936612;9.895936612;0.816644692;0.816644692;0.0922688;0.800814682;0.800814682
Shoetown Ligung Indonesia;1479456;W1;February;01/02/2025;2.0639921;2.0033238;4.345843443;4.345843443;0.83561236;0.83561236;0.0606683;0.811050647;0.811050647
Shoetown Ligung Indonesia;1479456;W1;February;02/02/2025;2.3149741;2.2517878;4.880087772;4.880087772;0.834799345;0.834799345;0.0631863;0.812013828;0.812013828
Shoetown Ligung Indonesia;1479456;W2;February;03/02/2025;5.4839929;5.3903824;11.14169412;11.14169412;0.796184254;0.796184254;0.0936105;0.782593571;0.782593571
Shoetown Ligung Indonesia;1479456;W2;February;04/02/2025;2.8960088;2.8148891;6.088877805;6.088877805;0.833216569;0.833216569;0.0811197;0.809877456;0.809877456
Shoetown Ligung Indonesia;1479456;W2;February;05/02/2025;2.6980016;2.626191;5.715114117;5.715114117;0.838263443;0.838263443;0.0718106;0.81595204;0.81595204
Shoetown Ligung Indonesia;1479456;W2;February;06/02/2025;4.264973;4.1694778;8.94555223;8.94555223;0.826432559;0.826432559;0.0954952;0.807928258;0.807928258
Shoetown Ligung Indonesia;1479456;W2;February;07/02/2025;5.1089783;5.0050155;10.49164362;10.49164362;0.807458167;0.807458167;0.1039628;0.791027169;0.791027169
Shoetown Ligung Indonesia;1479456;W2;February;08/02/2025;4.9989763;4.8954994;10.1870215;10.1870215;0.801552826;0.801552826;0.1034769;0.784960988;0.784960988
Shoetown Ligung Indonesia;1479456;W2;February;09/02/2025;5.2809969;5.1752003;10.78544704;10.78544704;0.802773294;0.802773294;0.1057966;0.786690973;0.786690973
Shoetown Ligung Indonesia;1479456;W3;February;10/02/2025;7.0879895;6.9789981;13.89878935;13.89878935;0.767124443;0.767124443;0.1089914;0.755328437;0.755328437
Shoetown Ligung Indonesia;1479456;W3;February;11/02/2025;5.6450203;5.5451216;11.7459771;11.7459771;0.815943344;0.815943344;0.0998987;0.801503772;0.801503772
Shoetown Ligung Indonesia;1479456;W3;February;12/02/2025;5.3429979;5.2586835;11.03037206;11.03037206;0.807969668;0.807969668;0.0843144;0.79521962;0.79521962
Shoetown Ligung Indonesia;1479456;W3;February;13/02/2025;6.3749864;6.2688878;12.93103273;12.93103273;0.79455624;0.79455624;0.1060986;0.781332477;0.781332477
Shoetown Ligung Indonesia;1479456;W3;February;14/02/2025;1.7999931;1.7443924;3.598213261;3.598213261;0.79455624;0.79455624;0.0556007;0.770012877;0.770012877
Shoetown Ligung Indonesia;1479456;W3;February;15/02/2025;1.9849983;1.9287888;4.119163646;4.119163646;0.822633325;0.822633325;0.0562095;0.799338692;0.799338692
Shoetown Ligung Indonesia;1479456;W3;February;16/02/2025;5.869983;5.7746963;12.15202727;12.15202727;0.81059051;0.81059051;0.0952867;0.797432296;0.797432296
Shoetown Ligung Indonesia;1479456;W4;February;17/02/2025;6.2589819;6.1525886;12.49047737;12.49047737;0.781993402;0.781993402;0.1063933;0.768700688;0.768700688
Shoetown Ligung Indonesia;1479456;W4;February;18/02/2025;6.2439998;6.1407979;12.35760302;12.35760302;0.775160017;0.775160017;0.1032019;0.76234804;0.76234804
Shoetown Ligung Indonesia;1479456;W4;February;19/02/2025;5.703982;5.6096852;11.77747899;11.77747899;0.808715517;0.808715517;0.0942968;0.795346035;0.795346035
Shoetown Ligung Indonesia;1479456;W4;February;20/02/2025;7.0180065;6.9008987;13.90422684;13.90422684;0.776109717;0.776109717;0.1171078;0.763158959;0.763158959
Shoetown Ligung Indonesia;1479456;W4;February;21/02/2025;5.2859856;5.1909314;10.73614808;10.73614808;0.796682233;0.796682233;0.0950542;0.782356051;0.782356051
Shoetown Ligung Indonesia;1479456;W4;February;22/02/2025;2.5369895;2.4848819;5.291771607;5.291771607;0.820308606;0.820308606;0.0521076;0.803460167;0.803460167
Shoetown Ligung Indonesia;1479456;W4;February;23/02/2025;5.9929873;5.8891003;12.11405103;12.11405103;0.792359695;0.792359695;0.103887;0.77862433;0.77862433
Shoetown Ligung Indonesia;1479456;W5;February;24/02/2025;4.4009944;4.2968304;9.119205552;9.119205552;0.817505572;0.817505572;0.104164;0.798156616;0.798156616
Shoetown Ligung Indonesia;1479456;W5;February;25/02/2025;3.0449707;2.9598226;6.347676308;6.347676308;0.82609695;0.82609695;0.0851481;0.802996372;0.802996372
Shoetown Ligung Indonesia;1479456;W5;February;26/02/2025;6.311005;6.1939016;12.48764674;12.48764674;0.776601512;0.776601512;0.1171034;0.762191338;0.762191338
Shoetown Ligung Indonesia;1479456;W5;February;27/02/2025;4.849001;4.7511824;9.927522788;9.927522788;0.804861433;0.804861433;0.0978186;0.788625013;0.788625013
Shoetown Ligung Indonesia;1479456;W5;February;28/02/2025;2.9969697;2.9158025;6.3209389;6.3209389;0.835036419;0.835036419;0.0811672;0.812421052;0.812421052
Shoetown Ligung Indonesia;1479456;W1;March;01/03/2025;5.154984;5.0522089;10.73586772;10.73586772;0.818535992;0.818535992;0.1027751;0.802216811;0.802216811
Shoetown Ligung Indonesia;1479456;W1;March;02/03/2025;4.4619979;4.3757867;9.201772069;9.201772069;0.810022824;0.810022824;0.0862112;0.794372202;0.794372202
Shoetown Ligung Indonesia;1479456;W2;March;03/03/2025;6.1839944;6.0858145;12.70499356;12.70499356;0.804151112;0.804151112;0.0981799;0.791384045;0.791384045
Shoetown Ligung Indonesia;1479456;W2;March;04/03/2025;6.3530042;6.2429746;12.79762166;12.79762166;0.789622704;0.789622704;0.1100296;0.77594699;0.77594699
Shoetown Ligung Indonesia;1479456;W2;March;05/03/2025;4.4870345;4.3883144;9.416540319;9.416540319;0.826562245;0.826562245;0.0987201;0.808376891;0.808376891
Shoetown Ligung Indonesia;1479456;W2;March;06/03/2025;6.5870086;6.4795879;13.26563924;13.26563924;0.788610809;0.788610809;0.1074207;0.775750172;0.775750172
Shoetown Ligung Indonesia;1479456;W2;March;07/03/2025;4.4339981;4.3550177;9.084564475;9.084564475;0.803518936;0.803518936;0.0789804;0.789206289;0.789206289
Shoetown Ligung Indonesia;1479456;W2;March;08/03/2025;2.9469728;2.8784148;6.236494629;6.236494629;0.83458217;0.83458217;0.068558;0.815166557;0.815166557
Shoetown Ligung Indonesia;1479456;W2;March;09/03/2025;6.9870136;6.863105;13.76389716;13.76389716;0.7725075;0.7725075;0.1239086;0.758807752;0.758807752
Shoetown Ligung Indonesia;1479456;W3;March;10/03/2025;6.6919604;6.5788924;13.26886222;13.26886222;0.7768959;0.7768959;0.113068;0.763769393;0.763769393
Shoetown Ligung Indonesia;1479456;W3;March;11/03/2025;4.8069865;4.7088168;10.05201733;10.05201733;0.822286884;0.822286884;0.0981697;0.805493898;0.805493898
Shoetown Ligung Indonesia;1479456;W3;March;12/03/2025;5.9830093;5.8802124;12.01455683;12.01455683;0.787039757;0.787039757;0.1027969;0.773517256;0.773517256
Shoetown Ligung Indonesia;1479456;W3;March;13/03/2025;4.5699737;4.4695119;9.540950672;9.540950672;0.822268174;0.822268174;0.1004618;0.80419224;0.80419224
Shoetown Ligung Indonesia;1479456;W3;March;14/03/2025;4.7440031;4.656104;9.95406382;9.95406382;0.823492555;0.823492555;0.0878991;0.808234501;0.808234501
Shoetown Ligung Indonesia;1479456;W3;March;15/03/2025;4.4450048;4.3733052;9.153201811;9.153201811;0.806204429;0.806204429;0.0716996;0.793200049;0.793200049
Shoetown Ligung Indonesia;1479456;W3;March;16/03/2025;5.4360069;5.3369629;11.17692342;11.17692342;0.806696216;0.806696216;0.099044;0.791998218;0.791998218
Shoetown Ligung Indonesia;1479456;W4;March;17/03/2025;6.3400022;6.2404031;12.82354657;12.82354657;0.791548332;0.791548332;0.0995991;0.779113399;0.779113399
Shoetown Ligung Indonesia;1479456;W4;March;18/03/2025;6.8989781;6.778208;13.65551812;13.65551812;0.776024119;0.776024119;0.1207701;0.762439425;0.762439425
Shoetown Ligung Indonesia;1479456;W4;March;19/03/2025;5.7230016;5.6260933;11.89216421;11.89216421;0.814208995;0.814208995;0.0969083;0.800421893;0.800421893
Shoetown Ligung Indonesia;1479456;W4;March;20/03/2025;5.0599791;4.97411;10.60770196;10.60770196;0.821462708;0.821462708;0.0858691;0.807522282;0.807522282
Shoetown Ligung Indonesia;1479456;W4;March;21/03/2025;4.1839834;4.084987;8.734567283;8.734567283;0.823630924;0.823630924;0.0989964;0.804143157;0.804143157
Shoetown Ligung Indonesia;1479456;W4;March;22/03/2025;5.2099852;5.1150883;10.64402431;10.64402431;0.801557443;0.801557443;0.0948969;0.786957533;0.786957533
Shoetown Ligung Indonesia;1479456;W4;March;23/03/2025;6.9229558;6.7992933;13.69915562;13.69915562;0.776089758;0.776089758;0.1236625;0.76222672;0.76222672
Shoetown Ligung Indonesia;1479456;W5;March;24/03/2025;5.9539814;5.8517125;12.21197644;12.21197644;0.803868305;0.803868305;0.1022689;0.790060616;0.790060616
Shoetown Ligung Indonesia;1479456;W5;March;25/03/2025;4.5020012;4.4075047;9.423126861;9.423126861;0.823539022;0.823539022;0.0944965;0.806253031;0.806253031
Shoetown Ligung Indonesia;1479456;W5;March;26/03/2025;4.1979985;4.1263;8.862901423;8.862901423;0.827364814;0.827364814;0.0716985;0.813234077;0.813234077
Shoetown Ligung Indonesia;1479456;W5;March;27/03/2025;6.8800049;6.7640112;13.77751798;13.77751798;0.78460053;0.78460053;0.1159937;0.771372528;0.771372528
Shoetown Ligung Indonesia;1479456;W5;March;28/03/2025;5.5859974;5.4969808;11.53734645;11.53734645;0.808469504;0.808469504;0.0890166;0.795586002;0.795586002
Shoetown Ligung Indonesia;1479456;W5;March;29/03/2025;5.1060004;5.0105952;10.65725309;10.65725309;0.819290445;0.819290445;0.0954052;0.80398207;0.80398207
Shoetown Ligung Indonesia;1479456;W5;March;30/03/2025;6.2780012;6.1649661;12.46990596;12.46990596;0.77913805;0.77913805;0.1130351;0.765109708;0.765109708
Shoetown Ligung Indonesia;1479456;W5;March;31/03/2025;6.2679774;6.1622137;12.51309492;12.51309492;0.782185773;0.782185773;0.1057637;0.768987438;0.768987438
Shoetown Ligung Indonesia;1479456;W1;April;01/04/2025;6.1020224;6.0073994;12.45457546;12.45457546;0.798590887;0.798590887;0.094623;0.786207277;0.786207277
Shoetown Ligung Indonesia;1479456;W1;April;02/04/2025;5.2789706;5.181291;10.9649299;10.9649299;0.815173032;0.815173032;0.0976796;0.800089452;0.800089452
Shoetown Ligung Indonesia;1479456;W1;April;03/04/2025;6.5319919;6.4351019;13.3118271;13.3118271;0.796827233;0.796827233;0.09689;0.785007777;0.785007777
Shoetown Ligung Indonesia;1479456;W1;April;04/04/2025;6.5860107;6.4844156;13.29170383;13.29170383;0.789572006;0.789572006;0.1015951;0.777392153;0.777392153
Shoetown Ligung Indonesia;1479456;W1;April;05/04/2025;5.499021;5.4066098;11.2321922;11.2321922;0.800242159;0.800242159;0.0924112;0.786794068;0.786794068
Shoetown Ligung Indonesia;1479456;W1;April;06/04/2025;5.3049898;5.2154906;10.60240475;10.60240475;0.78305297;0.78305297;0.0894992;0.769842273;0.769842273
Shoetown Ligung Indonesia;1479456;W2;April;07/04/2025;5.3949902;5.3011993;11.04962634;11.04962634;0.80288878;0.80288878;0.0937909;0.788930708;0.788930708
Shoetown Ligung Indonesia;1479456;W2;April;08/04/2025;4.9890136;4.901816;10.37395938;10.37395938;0.815209941;0.815209941;0.0871976;0.800961763;0.800961763
Shoetown Ligung Indonesia;1479456;W2;April;09/04/2025;5.0709857;4.9815694;10.49181159;10.49181159;0.811271513;0.811271513;0.0894163;0.796966425;0.796966425
Shoetown Ligung Indonesia;1479456;W2;April;10/04/2025;2.641005;2.5860811;5.505194534;5.505194534;0.819997368;0.819997368;0.0549239;0.802944218;0.802944218
Shoetown Ligung Indonesia;1479456;W2;April;11/04/2025;5.329996;5.2426967;11.13919975;11.13919975;0.818429333;0.818429333;0.0872993;0.805024388;0.805024388
Shoetown Ligung Indonesia;1479456;W2;April;12/04/2025;5.2860165;5.2034891;11.01254719;11.01254719;0.815220443;0.815220443;0.0825274;0.802492896;0.802492896
Shoetown Ligung Indonesia;1479456;W2;April;13/04/2025;4.2790035;4.1966236;8.869347783;8.869347783;0.814092202;0.814092202;0.0823799;0.798419199;0.798419199
Shoetown Ligung Indonesia;1479456;W3;April;14/04/2025;4.9679986;4.8805805;10.30787272;10.30787272;0.813541094;0.813541094;0.0874181;0.799225829;0.799225829
Shoetown Ligung Indonesia;1479456;W3;April;15/04/2025;3.2090071;3.1236907;6.74789714;6.74789714;0.832113098;0.832113098;0.0853164;0.809990088;0.809990088
Shoetown Ligung Indonesia;1479456;W3;April;16/04/2025;5.209985;5.1349703;10.73460658;10.73460658;0.805248872;0.805248872;0.0750147;0.793654692;0.793654692
Shoetown Ligung Indonesia;1479456;W3;April;17/04/2025;3.7159905;3.6553898;7.761958106;7.761958106;0.817936384;0.817936384;0.0606007;0.804597406;0.804597406
Shoetown Ligung Indonesia;1479456;W3;April;18/04/2025;6.1860053;6.0925067;12.564524;12.564524;0.79438668;0.79438668;0.0934986;0.782379894;0.782379894
Shoetown Ligung Indonesia;1479456;W3;April;19/04/2025;5.4180006;5.3316991;11.27624974;11.27624974;0.81466861;0.81466861;0.0863015;0.801692029;0.801692029
Shoetown Ligung Indonesia;1479456;W3;April;20/04/2025;5.8220125;5.7231116;11.88594222;11.88594222;0.799987735;0.799987735;0.0989009;0.786398017;0.786398017
Shoetown Ligung Indonesia;1479456;W4;April;21/04/2025;5.5769866;5.4923039;11.54026147;11.54026147;0.809362387;0.809362387;0.0846827;0.797072777;0.797072777
Shoetown Ligung Indonesia;1479456;W4;April;22/04/2025;5.2570038;5.1736965;10.92583281;10.92583281;0.813458742;0.813458742;0.0833073;0.800567929;0.800567929
Shoetown Ligung Indonesia;1479456;W4;April;23/04/2025;5.8949891;5.8068054;12.02094689;12.02094689;0.797413043;0.797413043;0.0881837;0.785484466;0.785484466
Shoetown Ligung Indonesia;1479456;W4;April;24/04/2025;5.7989866;5.7086891;11.83078593;11.83078593;0.79828714;0.79828714;0.0902975;0.785856807;0.785856807
Shoetown Ligung Indonesia;1479456;W4;April;25/04/2025;5.5749757;5.487807;11.43149007;11.43149007;0.802390804;0.802390804;0.0871687;0.789844855;0.789844855
Shoetown Ligung Indonesia;1479456;W4;April;26/04/2025;2.0470144;1.9903147;4.258231984;4.258231984;0.824118182;0.824118182;0.0566997;0.801291154;0.801291154
Shoetown Ligung Indonesia;1479456;W4;April;27/04/2025;5.5490024;5.4596834;11.31501098;11.31501098;0.798306103;0.798306103;0.089319;0.785456243;0.785456243
Shoetown Ligung Indonesia;1479456;W5;April;28/04/2025;2.9170235;2.8548032;6.030077884;6.030077884;0.813633226;0.813633226;0.0622203;0.796278376;0.796278376
Shoetown Ligung Indonesia;1479456;W5;April;29/04/2025;5.714006;5.6278076;11.73101055;11.73101055;0.802930791;0.802930791;0.0861984;0.790818212;0.790818212
Shoetown Ligung Indonesia;1479456;W5;April;30/04/2025;5.3480021;5.262699;11.01874088;11.01874088;0.806501849;0.806501849;0.0853031;0.793637772;0.793637772
Shoetown Ligung Indonesia;1479456;W1;May;01/05/2025;5.9239863;5.8351094;12.08509951;12.08509951;0.797780022;0.797780022;0.0888769;0.785811018;0.785811018
Shoetown Ligung Indonesia;1479456;W1;May;02/05/2025;5.3659929;5.2773923;11.15587567;11.15587567;0.814265839;0.814265839;0.0886006;0.800821087;0.800821087
Shoetown Ligung Indonesia;1479456;W1;May;03/05/2025;5.4860037;5.3938266;11.32423168;11.32423168;0.808711639;0.808711639;0.0921771;0.79512348;0.79512348
Shoetown Ligung Indonesia;1479456;W1;May;04/05/2025;5.0080022;4.9224649;10.40865645;10.40865645;0.814505413;0.814505413;0.0855373;0.80059356;0.80059356
Shoetown Ligung Indonesia;1479456;W2;May;05/05/2025;4.4790214;4.3903899;9.411887927;9.411887927;0.825763315;0.825763315;0.0886315;0.809422995;0.809422995
Shoetown Ligung Indonesia;1479456;W2;May;06/05/2025;3.9929763;3.9147875;8.337793902;8.337793902;0.820398564;0.820398564;0.0781888;0.804333861;0.804333861
Shoetown Ligung Indonesia;1479456;W2;May;07/05/2025;4.9510056;4.8795429;10.38430143;10.38430143;0.81974745;0.81974745;0.0714627;0.807915234;0.807915234
Shoetown Ligung Indonesia;1479456;W2;May;08/05/2025;3.7300055;3.6545025;7.858649977;7.858649977;0.828326606;0.828326606;0.075503;0.811559568;0.811559568
Shoetown Ligung Indonesia;1479456;W2;May;09/05/2025;4.7520007;4.6740762;9.898879327;9.898879327;0.81577834;0.81577834;0.0779245;0.802401003;0.802401003
Shoetown Ligung Indonesia;1479456;W2;May;10/05/2025;1.4450111;1.398624;2.985092453;2.985092453;0.822126673;0.822126673;0.0463871;0.79573513;0.79573513
Shoetown Ligung Indonesia;1479456;W2;May;11/05/2025;5.248991;5.167109;10.90834409;10.90834409;0.813192069;0.813192069;0.081882;0.800506623;0.800506623
Shoetown Ligung Indonesia;1479456;W3;May;12/05/2025;5.5740087;5.4838065;11.3853297;11.3853297;0.799733739;0.799733739;0.0902022;0.786791932;0.786791932
Shoetown Ligung Indonesia;1479456;W3;May;13/05/2025;5.7180124;5.6278078;11.66615733;11.66615733;0.798491873;0.798491873;0.0902046;0.785895251;0.785895251
Shoetown Ligung Indonesia;1479456;W3;May;14/05/2025;5.7950265;5.7042974;11.7919127;11.7919127;0.79627673;0.79627673;0.0907291;0.783809924;0.783809924
Shoetown Ligung Indonesia;1479456;W3;May;15/05/2025;5.7050106;5.6095951;11.5859449;11.5859449;0.795576365;0.795576365;0.0954155;0.782270462;0.782270462
Shoetown Ligung Indonesia;1479456;W3;May;16/05/2025;5.6240054;5.5316917;11.45749848;11.45749848;0.797836258;0.797836258;0.0923137;0.784740393;0.784740393
Shoetown Ligung Indonesia;1479456;W3;May;17/05/2025;5.860036;5.7639883;11.90093646;11.90093646;0.795316467;0.795316467;0.0960477;0.782280998;0.782280998
Shoetown Ligung Indonesia;1479456;W3;May;18/05/2025;5.7790155;5.6831071;11.73978311;11.73978311;0.795712465;0.795712465;0.0959084;0.782506841;0.782506841
Shoetown Ligung Indonesia;1479456;W4;May;19/05/2025;5.8829849;5.7886981;11.91873344;11.91873344;0.793105817;0.793105817;0.0942868;0.780394683;0.780394683
Shoetown Ligung Indonesia;1479456;W4;May;20/05/2025;3.6579959;3.5855623;7.500328872;7.500328872;0.805758624;0.805758624;0.0724336;0.78980344;0.78980344
Shoetown Ligung Indonesia;1479456;W4;May;21/05/2025;2.359982;2.3012069;4.895838513;4.895838513;0.819508279;0.819508279;0.0587751;0.799098513;0.799098513
Shoetown Ligung Indonesia;1479456;W4;May;22/05/2025;5.7119949;5.6169044;11.62795671;11.62795671;0.797422164;0.797422164;0.0950905;0.78414707;0.78414707
Shoetown Ligung Indonesia;1479456;W4;May;23/05/2025;5.814982;5.7248862;11.81220385;11.81220385;0.794778305;0.794778305;0.0900958;0.782464219;0.782464219
Shoetown Ligung Indonesia;1479456;W4;May;24/05/2025;5.5150009;5.435395;11.3332841;11.3332841;0.803168364;0.803168364;0.0796059;0.791575085;0.791575085
Shoetown Ligung Indonesia;1479456;W4;May;25/05/2025;5.9049824;5.8034816;11.97983176;11.97983176;0.795140795;0.795140795;0.1015008;0.781473112;0.781473112
Shoetown Ligung Indonesia;1479456;W5;May;26/05/2025;5.701004;5.6087078;11.59452108;11.59452108;0.796291222;0.796291222;0.0922962;0.783399694;0.783399694
Shoetown Ligung Indonesia;1479456;W5;May;27/05/2025;3.5819801;3.4972063;7.475104866;7.475104866;0.823337632;0.823337632;0.0847738;0.803851913;0.803851913
Shoetown Ligung Indonesia;1479456;W5;May;28/05/2025;2.4860103;2.418002;5.223358441;5.223358441;0.832099196;0.832099196;0.0680083;0.809335955;0.809335955
Shoetown Ligung Indonesia;1479456;W5;May;29/05/2025;2.3310001;2.2635936;4.90735771;4.90735771;0.83508597;0.83508597;0.0674065;0.810937441;0.810937441
Shoetown Ligung Indonesia;1479456;W5;May;30/05/2025;4.1989962;4.1257134;8.809538793;8.809538793;0.822500263;0.822500263;0.0732828;0.808145612;0.808145612
Shoetown Ligung Indonesia;1479456;W5;May;31/05/2025;4.3400066;4.2582998;9.087955632;9.087955632;0.822075855;0.822075855;0.0817068;0.806599107;0.806599107
Shoetown Ligung Indonesia;1479456;W1;June;01/06/2025;4.9680139;4.8952138;10.31577618;10.31577618;0.81173108;0.81173108;0.0728001;0.799836165;0.799836165
Shoetown Ligung Indonesia;1479456;W2;June;02/06/2025;4.5130076;4.4412981;9.426966157;9.426966157;0.817605779;0.817605779;0.0717095;0.80461442;0.80461442
Shoetown Ligung Indonesia;1479456;W2;June;03/06/2025;4.9250323;4.8525773;10.22482946;10.22482946;0.811643919;0.811643919;0.072455;0.799703356;0.799703356
Shoetown Ligung Indonesia;1479456;W2;June;04/06/2025;4.9989762;4.9348876;10.38119054;10.38119054;0.81031117;0.81031117;0.0640886;0.799922701;0.799922701
Shoetown Ligung Indonesia;1479456;W2;June;05/06/2025;4.4619822;4.4001806;9.372678648;9.372678648;0.820493517;0.820493517;0.0618016;0.809129103;0.809129103
Shoetown Ligung Indonesia;1479456;W2;June;06/06/2025;4.9470298;4.8793174;10.26835518;10.26835518;0.810631995;0.810631995;0.0677124;0.799536481;0.799536481
Shoetown Ligung Indonesia;1479456;W2;June;07/06/2025;5.0700033;5.0031055;10.51313971;10.51313971;0.809421439;0.809421439;0.0668978;0.798741266;0.798741266
Shoetown Ligung Indonesia;1479456;W2;June;08/06/2025;4.7720178;4.7074029;9.946020271;9.946020271;0.813860364;0.813860364;0.0646149;0.802840391;0.802840391
Shoetown Ligung Indonesia;1479456;W3;June;09/06/2025;5.1610167;5.0948904;10.68973554;10.68973554;0.808191063;0.808191063;0.0661263;0.797835994;0.797835994
Shoetown Ligung Indonesia;1479456;W3;June;10/06/2025;4.9839939;4.9076664;10.2919254;10.2919254;0.807799396;0.807799396;0.0763275;0.795428332;0.795428332
Shoetown Ligung Indonesia;1479456;W3;June;11/06/2025;4.9749985;4.9044933;10.29711052;10.29711052;0.808729262;0.808729262;0.0705052;0.797268028;0.797268028
Shoetown Ligung Indonesia;1479456;W3;June;12/06/2025;4.7480095;4.6817912;9.923402725;9.923402725;0.816451713;0.816451713;0.0662183;0.805065037;0.805065037
Shoetown Ligung Indonesia;1479456;W3;June;13/06/2025;5.148997;5.0694138;0;10.57210572;0;0.803314642;0.0795832;0;0.790898564
Shoetown Ligung Indonesia;1479456;W3;June;14/06/2025;5.0680231;4.9999172;10.49324101;10.49324101;0.808404577;0.808404577;0.0681059;0.797540949;0.797540949
Shoetown Ligung Indonesia;1479456;W3;June;15/06/2025;5.1279671;5.0638041;10.63043129;10.63043129;0.808641298;0.808641298;0.064163;0.798523282;0.798523282
Shoetown Ligung Indonesia;1479456;W4;June;16/06/2025;5.0359864;4.9746964;10.48068484;10.48068484;0.811530803;0.811530803;0.06129;0.801654144;0.801654144
Shoetown Ligung Indonesia;1479456;W4;June;17/06/2025;5.0240128;4.9589803;10.42233357;10.42233357;0.809570201;0.809570201;0.0650325;0.799090854;0.799090854
Shoetown Ligung Indonesia;1479456;W4;June;18/06/2025;5.1290107;5.0650976;10.63710182;10.63710182;0.808942079;0.808942079;0.0639131;0.798861773;0.798861773
Shoetown Ligung Indonesia;1479456;W4;June;19/06/2025;4.1809902;4.1181639;8.748104316;8.748104316;0.818261758;0.818261758;0.0628263;0.80596602;0.80596602
Shoetown Ligung Indonesia;1479456;W4;June;20/06/2025;4.8120214;4.7473024;10.06485335;10.06485335;0.816662254;0.816662254;0.064719;0.805678603;0.805678603
Shoetown Ligung Indonesia;1479456;W4;June;21/06/2025;4.0700207;4.0057149;8.599198663;8.599198663;0.826913106;0.826913106;0.0643058;0.813847986;0.813847986
Shoetown Ligung Indonesia;1479456;W4;June;22/06/2025;4.1470039;4.0858144;8.782156971;8.782156971;0.827950722;0.827950722;0.0611895;0.815734218;0.815734218
Shoetown Ligung Indonesia;1479456;W5;June;23/06/2025;5.0340062;4.9593865;10.49780941;10.49780941;0.815366111;0.815366111;0.0746197;0.803279838;0.803279838
Shoetown Ligung Indonesia;1479456;W5;June;24/06/2025;4.7180143;4.6509156;9.927802951;9.927802951;0.822236248;0.822236248;0.0670987;0.810542561;0.810542561
Shoetown Ligung Indonesia;1479456;W5;June;25/06/2025;1.507979;1.4903937;3.230970543;3.230970543;0.83505277;0.83505277;0.0175853;0.825314801;0.825314801
Shoetown Ligung Indonesia;1479456;W5;June;26/06/2025;3.8460098;3.7856902;8.137908009;8.137908009;0.828036792;0.828036792;0.0603196;0.815050125;0.815050125
Shoetown Ligung Indonesia;1479456;W5;June;27/06/2025;4.6349832;4.5712225;9.728897728;9.728897728;0.819809989;0.819809989;0.0637607;0.808532352;0.808532352
Shoetown Ligung Indonesia;1479456;W5;June;28/06/2025;4.0189955;3.9608077;8.468566525;8.468566525;0.823584329;0.823584329;0.0581878;0.811660315;0.811660315
Shoetown Ligung Indonesia;1479456;W5;June;29/06/2025;4.9040174;4.8389064;10.19876476;10.19876476;0.811862126;0.811862126;0.065111;0.801082973;0.801082973
Shoetown Ligung Indonesia;1479456;W6;June;30/06/2025;5.184012;5.1153139;10.76658511;10.76658511;0.810751232;0.810751232;0.0686981;0.800007223;0.800007223
Shoetown Ligung Indonesia;1479456;W1;July;01/07/2025;5.3799927;5.3073956;11.08463177;11.08463177;0.804492017;0.804492017;0.0725971;0.79363628;0.79363628
Shoetown Ligung Indonesia;1479456;W1;July;02/07/2025;4.8290144;4.7505809;10.02460711;10.02460711;0.812835328;0.812835328;0.0784335;0.799633147;0.799633147
Shoetown Ligung Indonesia;1479456;W1;July;03/07/2025;4.8829872;4.8064972;10.07354142;10.07354142;0.807300853;0.807300853;0.07649;0.794654815;0.794654815
Shoetown Ligung Indonesia;1479456;W1;July;04/07/2025;5.2970075;5.2228146;10.91722803;10.91722803;0.805173922;0.805173922;0.0741929;0.793896198;0.793896198
Shoetown Ligung Indonesia;1479456;W1;July;05/07/2025;5.3330047;5.2610895;10.98222235;10.98222235;0.804074836;0.804074836;0.0719152;0.793231942;0.793231942
Shoetown Ligung Indonesia;1479456;W1;July;06/07/2025;5.5309963;5.4459975;11.29847514;11.29847514;0.799142679;0.799142679;0.0849988;0.786861679;0.786861679
Shoetown Ligung Indonesia;1479456;W2;July;07/07/2025;5.2429736;5.1677106;10.84775021;10.84775021;0.808580792;0.808580792;0.075263;0.796973597;0.796973597
Shoetown Ligung Indonesia;1479456;W2;July;08/07/2025;5.4799862;5.3965034;11.27255033;11.27255033;0.804621544;0.804621544;0.0834828;0.792363838;0.792363838
Shoetown Ligung Indonesia;1479456;W2;July;09/07/2025;5.374006;5.3011994;11.04029336;11.04029336;0.802210611;0.802210611;0.0728066;0.791342326;0.791342326
Shoetown Ligung Indonesia;1479456;W2;July;10/07/2025;4.9860047;4.8981916;10.22124223;10.22124223;0.803803402;0.803803402;0.0878131;0.789646883;0.789646883
Shoetown Ligung Indonesia;1479456;W2;July;11/07/2025;5.2959789;5.2239876;11.05503544;11.05503544;0.8151545;0.8151545;0.0719913;0.804073634;0.804073634
Shoetown Ligung Indonesia;1479456;W2;July;12/07/2025;3.6929955;3.6154003;7.731156728;7.731156728;0.823701803;0.823701803;0.0775952;0.806394631;0.806394631
Shoetown Ligung Indonesia;1479456;W2;July;13/07/2025;4.9349951;4.8637213;10.33626381;10.33626381;0.818609598;0.818609598;0.0712738;0.806786807;0.806786807
Shoetown Ligung Indonesia;1479456;W3;July;14/07/2025;4.923006;4.8442008;10.28567541;10.28567541;0.817885684;0.817885684;0.0788052;0.804793349;0.804793349
Shoetown Ligung Indonesia;1479456;W3;July;15/07/2025;5.2310001;5.1582207;10.8692748;10.8692748;0.811675762;0.811675762;0.0727794;0.80038284;0.80038284
Shoetown Ligung Indonesia;1479456;W3;July;16/07/2025;4.7149906;4.6460879;9.730467021;9.730467021;0.806729971;0.806729971;0.0689027;0.794940791;0.794940791
Shoetown Ligung Indonesia;1479456;W3;July;17/07/2025;4.7350075;4.6584803;9.827551442;9.827551442;0.812611551;0.812611551;0.0765272;0.799478121;0.799478121
Shoetown Ligung Indonesia;1479456;W3;July;18/07/2025;4.8880068;4.8115203;10.25627565;10.25627565;0.821087217;0.821087217;0.0764865;0.808239017;0.808239017
Shoetown Ligung Indonesia;1479456;W3;July;19/07/2025;5.0890072;5.0229273;10.66240981;10.66240981;0.817674411;0.817674411;0.0660799;0.807057047;0.807057047
Shoetown Ligung Indonesia;1479456;W3;July;20/07/2025;1.6820085;1.6354024;3.523064194;3.523064194;0.829808453;0.829808453;0.0466061;0.806815623;0.806815623
Shoetown Ligung Indonesia;1479456;W4;July;21/07/2025;5.2910054;5.2192052;10.96742388;10.96742388;0.809435384;0.809435384;0.0718002;0.798451153;0.798451153
Shoetown Ligung Indonesia;1479456;W4;July;22/07/2025;4.5109965;4.4306802;9.519426384;9.519426384;0.827603472;0.827603472;0.0803163;0.812868358;0.812868358
Shoetown Ligung Indonesia;1479456;W4;July;23/07/2025;5.2629906;5.1794111;10.94718892;10.94718892;0.814149496;0.814149496;0.0835795;0.801220306;0.801220306
Shoetown Ligung Indonesia;1479456;W4;July;24/07/2025;5.6740175;5.5914877;11.71935168;11.71935168;0.807343107;0.807343107;0.0825298;0.795600128;0.795600128
Shoetown Ligung Indonesia;1479456;W4;July;25/07/2025;5.628979;5.5398129;11.50996442;11.50996442;0.800314734;0.800314734;0.0891661;0.787637312;0.787637312
Shoetown Ligung Indonesia;1479456;W4;July;26/07/2025;5.8670051;5.7589052;11.88577414;11.88577414;0.795004291;0.795004291;0.1080999;0.780356292;0.780356292
Shoetown Ligung Indonesia;1479456;W4;July;27/07/2025;5.8340014;5.7491746;11.9075507;11.9075507;0.797808887;0.797808887;0.0848268;0.786208688;0.786208688
Shoetown Ligung Indonesia;1479456;W5;July;28/07/2025;5.5170272;5.4366883;11.3707559;11.3707559;0.805632227;0.805632227;0.0803389;0.793900618;0.793900618
Shoetown Ligung Indonesia;1479456;W5;July;29/07/2025;5.3449934;5.2631953;11.11420011;11.11420011;0.81341215;0.81341215;0.0817981;0.800963946;0.800963946
Shoetown Ligung Indonesia;1479456;W5;July;30/07/2025;5.5689891;5.483927;11.45772275;11.45772275;0.804801121;0.804801121;0.0850621;0.792508392;0.792508392
Shoetown Ligung Indonesia;1479456;W5;July;31/07/2025;5.5999663;5.5132835;11.42179284;11.42179284;0.798005496;0.798005496;0.0866828;0.785653038;0.785653038
Shoetown Ligung Indonesia;1479456;W1;August;01/08/2025;5.979003;5.8814001;12.16511576;12.16511576;0.79674152;0.79674152;0.0976029;0.783735291;0.783735291
Shoetown Ligung Indonesia;1479456;W1;August;02/08/2025;5.612999;5.5335564;11.58462747;11.58462747;0.806416974;0.806416974;0.0794426;0.795003492;0.795003492
Shoetown Ligung Indonesia;1479456;W1;August;03/08/2025;5.8569966;5.7685153;12.00679304;12.00679304;0.801760958;0.801760958;0.0884813;0.789648803;0.789648803
Shoetown Ligung Indonesia;1479456;W2;August;04/08/2025;5.338976;5.2593299;11.07989529;11.07989529;0.811497472;0.811497472;0.0796461;0.799391666;0.799391666
Shoetown Ligung Indonesia;1479456;W2;August;05/08/2025;5.7010192;5.618408;11.76352141;11.76352141;0.806503027;0.806503027;0.0826112;0.794816313;0.794816313
Shoetown Ligung Indonesia;1479456;W2;August;06/08/2025;5.5389942;5.456495;11.37655755;11.37655755;0.803117399;0.803117399;0.0824992;0.791155563;0.791155563
Shoetown Ligung Indonesia;1479456;W2;August;07/08/2025;5.7489899;5.6634807;11.74791075;11.74791075;0.799022745;0.799022745;0.0855092;0.787138258;0.787138258
Shoetown Ligung Indonesia;1479456;W2;August;08/08/2025;4.7480097;4.6660001;9.789323035;9.789323035;0.808146032;0.808146032;0.0820096;0.794187397;0.794187397
Shoetown Ligung Indonesia;1479456;W2;August;09/08/2025;5.6180189;5.5315862;11.59255904;11.59255904;0.807256518;0.807256518;0.0864327;0.794836951;0.794836951
Shoetown Ligung Indonesia;1479456;W2;August;10/08/2025;5.6329703;5.5459789;11.5522845;11.5522845;0.802364289;0.802364289;0.0869914;0.789973172;0.789973172
Shoetown Ligung Indonesia;1479456;W3;August;11/08/2025;5.6120014;5.5237809;11.50410679;11.50410679;0.802229058;0.802229058;0.0882205;0.789618041;0.789618041
Shoetown Ligung Indonesia;1479456;W3;August;12/08/2025;5.0850007;5.0029253;10.54635157;10.54635157;0.812007714;0.812007714;0.0820754;0.798901352;0.798901352
Shoetown Ligung Indonesia;1479456;W3;August;13/08/2025;5.08497;5.0025793;10.56148589;10.56148589;0.813229211;0.813229211;0.0823907;0.800052629;0.800052629
Shoetown Ligung Indonesia;1479456;W3;August;14/08/2025;5.5729801;5.4880175;11.45525637;11.45525637;0.80402815;0.80402815;0.0849626;0.791770377;0.791770377
Shoetown Ligung Indonesia;1479456;W3;August;15/08/2025;5.6330009;5.5504005;11.61203759;11.61203759;0.805871951;0.805871951;0.0826004;0.79405492;0.79405492
Shoetown Ligung Indonesia;1479456;W3;August;16/08/2025;5.7499877;5.6584125;11.73670021;11.73670021;0.798975267;0.798975267;0.0915752;0.786250663;0.786250663
Shoetown Ligung Indonesia;1479456;W3;August;17/08/2025;5.5639846;5.4836861;11.59368019;11.59368019;0.814386673;0.814386673;0.0802985;0.80263358;0.80263358
Shoetown Ligung Indonesia;1479456;W4;August;18/08/2025;5.7110125;5.6231907;11.82347048;11.82347048;0.809923663;0.809923663;0.0878218;0.797468962;0.797468962
Shoetown Ligung Indonesia;1479456;W4;August;19/08/2025;6.2109962;6.1057865;12.54989401;12.54989401;0.791735963;0.791735963;0.1052097;0.778324539;0.778324539
Shoetown Ligung Indonesia;1479456;W4;August;20/08/2025;5.9580034;5.8651127;12.15724039;12.15724039;0.798436848;0.798436848;0.0928907;0.78598849;0.78598849
Shoetown Ligung Indonesia;1479456;W4;August;21/08/2025;5.7859846;5.6964018;11.82041578;11.82041578;0.799307829;0.799307829;0.0895828;0.786932366;0.786932366
Shoetown Ligung Indonesia;1479456;W4;August;22/08/2025;5.856981;5.7645148;11.95556053;11.95556053;0.798893914;0.798893914;0.0924662;0.786281497;0.786281497
Shoetown Ligung Indonesia;1479456;W4;August;23/08/2025;5.9529836;5.863278;12.17436475;12.17436475;0.799811698;0.799811698;0.0897056;0.787759323;0.787759323
Shoetown Ligung Indonesia;1479456;W4;August;24/08/2025;5.8880048;5.793691;12.02756072;12.02756072;0.799657763;0.799657763;0.0943138;0.786848881;0.786848881
Shoetown Ligung Indonesia;1479456;W5;August;25/08/2025;6.2980032;6.2027146;12.77772276;12.77772276;0.793512168;0.793512168;0.0952886;0.781506352;0.781506352
Shoetown Ligung Indonesia;1479456;W5;August;26/08/2025;6.2140047;6.1154117;12.60575102;12.60575102;0.794008138;0.794008138;0.098593;0.7814102;0.7814102
Shoetown Ligung Indonesia;1479456;W5;August;27/08/2025;6.1070114;6.0111141;12.41864515;12.41864515;0.795794943;0.795794943;0.0958973;0.783298718;0.783298718
Shoetown Ligung Indonesia;1479456;W5;August;28/08/2025;5.3569822;5.2663984;10.9894251;10.9894251;0.803791098;0.803791098;0.0905838;0.790199406;0.790199406
Shoetown Ligung Indonesia;1479456;W5;August;29/08/2025;6.2759903;6.1775839;12.71648435;12.71648435;0.792921762;0.792921762;0.0984064;0.780488891;0.780488891
Shoetown Ligung Indonesia;1479456;W5;August;30/08/2025;6.0700163;5.9755912;12.38846049;12.38846049;0.798579927;0.798579927;0.0944251;0.786157228;0.786157228
Shoetown Ligung Indonesia;1479456;W5;August;31/08/2025;6.1840252;6.0870173;12.55140751;12.55140751;0.794273042;0.794273042;0.0970079;0.781813397;0.781813397
Shoetown Ligung Indonesia;1479456;W1;September;01/09/2025;5.4889971;5.4004888;11.1397587;11.1397587;0.79455624;0.79455624;0.0885083;0.781744278;0.781744278
Shoetown Ligung Indonesia;1479456;W1;September;02/09/2025;6.1129981;6.0094599;12.4313131;12.4313131;0.796825992;0.796825992;0.1035382;0.783329843;0.783329843
Shoetown Ligung Indonesia;1479456;W1;September;03/09/2025;5.696015;5.6030982;11.74070789;11.74070789;0.80713834;0.80713834;0.0929168;0.793971817;0.793971817
Shoetown Ligung Indonesia;1479456;W1;September;04/09/2025;6.1989922;6.0894085;12.51110508;12.51110508;0.791411745;0.791411745;0.1095837;0.777421434;0.777421434
Shoetown Ligung Indonesia;1479456;W1;September;05/09/2025;6.2669949;6.159206;12.68285255;12.68285255;0.79318436;0.79318436;0.1077889;0.779542021;0.779542021
Shoetown Ligung Indonesia;1479456;W1;September;06/09/2025;6.1049851;6.0009926;12.37837081;12.37837081;0.794552001;0.794552001;0.1039925;0.781017578;0.781017578
Shoetown Ligung Indonesia;1479456;W1;September;07/09/2025;6.2479909;6.1492649;12.72309889;12.72309889;0.796987719;0.796987719;0.098726;0.784394325;0.784394325
Shoetown Ligung Indonesia;1479456;W2;September;08/09/2025;6.5049749;6.3813062;12.97979497;12.97979497;0.783502121;0.783502121;0.1236687;0.768606646;0.768606646
Shoetown Ligung Indonesia;1479456;W2;September;09/09/2025;4.5009881;4.4156861;9.373435551;9.373435551;0.817678415;0.817678415;0.085302;0.802181905;0.802181905
Shoetown Ligung Indonesia;1479456;W2;September;10/09/2025;5.1660213;5.0820169;10.74150118;10.74150118;0.814161955;0.814161955;0.0840044;0.80092291;0.80092291
Shoetown Ligung Indonesia;1479456;W2;September;11/09/2025;6.3699819;6.2598789;12.83683094;12.83683094;0.7899031;0.7899031;0.110103;0.77624989;0.77624989
Shoetown Ligung Indonesia;1479456;W2;September;12/09/2025;6.1490257;6.0583973;12.59389576;12.59389576;0.800726631;0.800726631;0.0906284;0.788924993;0.788924993
Shoetown Ligung Indonesia;1479456;W2;September;13/09/2025;6.4320135;6.336489;12.94013714;12.94013714;0.786632929;0.786632929;0.0955245;0.774950317;0.774950317
Shoetown Ligung Indonesia;1479456;W2;September;14/09/2025;2.9600052;2.881874;6.212643742;6.212643742;0.830392446;0.830392446;0.0781312;0.808473715;0.808473715
Shoetown Ligung Indonesia;1479456;W3;September;15/09/2025;6.3880035;6.2925894;12.99703162;12.99703162;0.795603545;0.795603545;0.0954141;0.783720052;0.783720052
Shoetown Ligung Indonesia;1479456;W3;September;16/09/2025;5.7790003;5.679889;11.94087455;11.94087455;0.809800826;0.809800826;0.0991113;0.79591254;0.79591254
Shoetown Ligung Indonesia;1479456;W3;September;17/09/2025;4.4779928;4.39039;9.401714558;9.401714558;0.824870723;0.824870723;0.0876028;0.808733809;0.808733809
Shoetown Ligung Indonesia;1479456;W3;September;18/09/2025;5.1140132;5.0116029;10.50941249;10.50941249;0.807762552;0.807762552;0.1024103;0.791586761;0.791586761
Shoetown Ligung Indonesia;1479456;W3;September;19/09/2025;6.4419916;6.3473024;13.06653764;13.06653764;0.79296362;0.79296362;0.0946892;0.781308049;0.781308049
Shoetown Ligung Indonesia;1479456;W3;September;20/09/2025;6.3330179;6.2359063;12.7781993;12.7781993;0.789317997;0.789317997;0.0971116;0.777214457;0.777214457
Shoetown Ligung Indonesia;1479456;W3;September;21/09/2025;6.5699997;6.4702034;13.20257897;13.20257897;0.786000403;0.786000403;0.0997963;0.774061296;0.774061296
Shoetown Ligung Indonesia;1479456;W4;September;22/09/2025;6.7329924;6.6280107;13.46661819;13.46661819;0.782631412;0.782631412;0.1049817;0.77042852;0.77042852
Shoetown Ligung Indonesia;1479456;W4;September;23/09/2025;6.7919998;6.6763923;0.302239628;13.92340968;0.017437792;0.803314642;0.1156075;0.017140981;0.789641321
Shoetown Ligung Indonesia;1479456;W4;September;24/09/2025;6.7879932;6.683581;4.31453743;13.9384015;0.248660587;0.803314642;0.1044122;0.244835716;0.790958141
Shoetown Ligung Indonesia;1479456;W4;September;25/09/2025;6.8849785;6.7693952;13.6694476;13.6694476;0.777827017;0.777827017;0.1155833;0.764769052;0.764769052
Shoetown Ligung Indonesia;1479456;W4;September;26/09/2025;6.8559966;6.7468062;13.6272952;13.6272952;0.778024651;0.778024651;0.1091904;0.765633626;0.765633626
Shoetown Ligung Indonesia;1479456;W4;September;27/09/2025;7.0360126;6.919382;13.89707997;13.89707997;0.773638685;0.773638685;0.1166306;0.760814668;0.760814668
Shoetown Ligung Indonesia;1479456;W4;September;28/09/2025;6.4939994;6.3752152;12.84750904;12.84750904;0.776257861;0.776257861;0.1187842;0.762059035;0.762059035
Shoetown Ligung Indonesia;1479456;W5;September;29/09/2025;6.214987;6.115607;12.60911428;12.60911428;0.794194619;0.794194619;0.09938;0.781495146;0.781495146
Shoetown Ligung Indonesia;1479456;W5;September;30/09/2025;6.4899928;6.3939844;13.15765214;13.15765214;0.79266331;0.79266331;0.0960084;0.780937205;0.780937205
Shoetown Ligung Indonesia;1479456;W1;October;01/10/2025;4.2379713;4.163101;8.959060965;8.959060965;0.828948353;0.828948353;0.0748703;0.814303702;0.814303702
Shoetown Ligung Indonesia;1479456;W1;October;02/10/2025;5.0180109;4.9233975;10.27247504;10.27247504;0.803696584;0.803696584;0.0946134;0.788543076;0.788543076
Shoetown Ligung Indonesia;1479456;W1;October;03/10/2025;4.8040084;4.7185922;10.00812726;10.00812726;0.817000462;0.817000462;0.0854162;0.802474036;0.802474036
Shoetown Ligung Indonesia;1479456;W1;October;04/10/2025;6.2830055;6.1860964;12.83744736;12.83744736;0.799362776;0.799362776;0.0969091;0.787033402;0.787033402
Shoetown Ligung Indonesia;1479456;W1;October;05/10/2025;6.6779913;6.5785765;13.62160575;13.62160575;0.797587439;0.797587439;0.0994148;0.785713809;0.785713809
Shoetown Ligung Indonesia;1479456;W2;October;06/10/2025;6.8659744;6.7608829;13.73477737;13.73477737;0.782528455;0.782528455;0.1050915;0.770550973;0.770550973
Shoetown Ligung Indonesia;1479456;W2;October;07/10/2025;3.5180142;3.4498327;7.398928616;7.398928616;0.826138252;0.826138252;0.0681815;0.810127133;0.810127133
Shoetown Ligung Indonesia;1479456;W2;October;08/10/2025;6.3979813;6.3054932;13.16564;13.16564;0.804275506;0.804275506;0.0924881;0.792649039;0.792649039
Shoetown Ligung Indonesia;1479456;W2;October;09/10/2025;6.4469804;6.3565063;13.15922153;13.15922153;0.797431974;0.797431974;0.0904741;0.786241162;0.786241162
Shoetown Ligung Indonesia;1479456;W2;October;10/10/2025;4.8199884;4.7189081;10.09545815;10.09545815;0.824074436;0.824074436;0.1010803;0.806792716;0.806792716
Shoetown Ligung Indonesia;1479456;W2;October;11/10/2025;6.2509996;6.1538219;12.77651792;12.77651792;0.799741281;0.799741281;0.0971777;0.787308546;0.787308546
Shoetown Ligung Indonesia;1479456;W2;October;12/10/2025;6.1610145;6.0674062;12.55286482;12.55286482;0.796932814;0.796932814;0.0936083;0.784824496;0.784824496
Shoetown Ligung Indonesia;1479456;W3;October;13/10/2025;5.778985;5.6889275;11.8891651;11.8891651;0.805012988;0.805012988;0.0900575;0.792467973;0.792467973
Shoetown Ligung Indonesia;1479456;W3;October;14/10/2025;6.869981;6.7579353;13.64307424;13.64307424;0.777642775;0.777642775;0.1120457;0.764959839;0.764959839
Shoetown Ligung Indonesia;1479456;W3;October;15/10/2025;6.0989981;6.0064068;12.34445854;12.34445854;0.791660965;0.791660965;0.0925913;0.779642447;0.779642447
Shoetown Ligung Indonesia;1479456;W3;October;16/10/2025;3.6919822;3.6101966;7.688752265;7.688752265;0.820364661;0.820364661;0.0817856;0.802191763;0.802191763
Shoetown Ligung Indonesia;1479456;W3;October;17/10/2025;3.4819862;3.3859609;7.245426463;7.245426463;0.824259465;0.824259465;0.0960253;0.801528254;0.801528254
Shoetown Ligung Indonesia;1479456;W3;October;18/10/2025;5.9549945;5.8624056;12.11915217;12.11915217;0.796302913;0.796302913;0.0925889;0.783921909;0.783921909
Shoetown Ligung Indonesia;1479456;W3;October;19/10/2025;5.9000088;5.8071814;12.23481836;12.23481836;0.811547721;0.811547721;0.0928274;0.798779288;0.798779288
Shoetown Ligung Indonesia;1479456;W4;October;20/10/2025;6.6100188;6.4973945;13.3065299;13.3065299;0.788873752;0.788873752;0.1126243;0.775432587;0.775432587
Shoetown Ligung Indonesia;1479456;W4;October;21/10/2025;6.7590115;6.6405837;13.39416935;13.39416935;0.776947116;0.776947116;0.1184278;0.763333863;0.763333863
Shoetown Ligung Indonesia;1479456;W4;October;22/10/2025;6.1269976;6.0318082;12.30300695;12.30300695;0.785679958;0.785679958;0.0951894;0.773473587;0.773473587
Shoetown Ligung Indonesia;1479456;W4;October;23/10/2025;6.5360137;6.4364251;13.16670486;13.16670486;0.787978394;0.787978394;0.0995886;0.775972044;0.775972044
Shoetown Ligung Indonesia;1479456;W4;October;24/10/2025;6.80798;6.7010717;13.49366396;13.49366396;0.775653139;0.775653139;0.1069083;0.763472762;0.763472762
Shoetown Ligung Indonesia;1479456;W4;October;25/10/2025;6.0190065;5.9197053;12.08882723;12.08882723;0.786621862;0.786621862;0.0993012;0.773644223;0.773644223
Shoetown Ligung Indonesia;1479456;W4;October;26/10/2025;4.9320014;4.8462158;10.28021023;10.28021023;0.817111223;0.817111223;0.0857856;0.80289866;0.80289866
Shoetown Ligung Indonesia;1479456;W5;October;27/10/2025;5.2769903;5.1802836;10.94236815;10.94236815;0.813653908;0.813653908;0.0967067;0.798742797;0.798742797
Shoetown Ligung Indonesia;1479456;W5;October;28/10/2025;3.6480026;3.55019;0;7.40381146;0;0.803314642;0.0978126;0;0.781775652
Shoetown Ligung Indonesia;1479456;W5;October;29/10/2025;5.4819819;5.3892848;10.3447559;11.23918679;0.73938569;0.803314642;0.0926971;0.726883112;0.789731063
Shoetown Ligung Indonesia;1479456;W5;October;30/10/2025;4.8210014;4.7392865;10.08304258;10.08304258;0.819521905;0.819521905;0.0817149;0.805631191;0.805631191
Shoetown Ligung Indonesia;1479456;W5;October;31/10/2025;6.6750285;6.5594013;13.16687324;13.16687324;0.773215197;0.773215197;0.1156272;0.759821291;0.759821291
Shoetown Ligung Indonesia;1479456;W1;November;01/11/2025;5.7840045;5.6943114;11.93888451;11.93888451;0.807615167;0.807615167;0.0896931;0.795091403;0.795091403
Shoetown Ligung Indonesia;1479456;W1;November;02/11/2025;7.2209718;7.1187277;14.20730736;14.20730736;0.768760966;0.768760966;0.1022441;0.757875828;0.757875828
Shoetown Ligung Indonesia;1479456;W2;November;03/11/2025;5.6739714;5.5819079;11.74757449;11.74757449;0.810676287;0.810676287;0.0920635;0.797522591;0.797522591
Shoetown Ligung Indonesia;1479456;W2;November;04/11/2025;4.617023;4.5227055;9.629543102;9.629543102;0.820142468;0.820142468;0.0943175;0.803388428;0.803388428
Shoetown Ligung Indonesia;1479456;W2;November;05/11/2025;5.1049872;5.0099935;10.58830749;10.58830749;0.814087921;0.814087921;0.0949937;0.798939358;0.798939358
Shoetown Ligung Indonesia;1479456;W2;November;06/11/2025;4.9940024;4.910298;10.29102851;10.29102851;0.807296111;0.807296111;0.0837044;0.793765033;0.793765033
Shoetown Ligung Indonesia;1479456;W2;November;07/11/2025;3.753016;3.6670902;7.933088856;7.933088856;0.833302442;0.833302442;0.0859258;0.814223872;0.814223872
Shoetown Ligung Indonesia;1479456;W2;November;08/11/2025;3.2180026;3.1368049;6.771747523;6.771747523;0.83156304;0.83156304;0.0811977;0.810580768;0.810580768
Shoetown Ligung Indonesia;1479456;W2;November;09/11/2025;4.610023;4.5224801;9.554627887;9.554627887;0.813802541;0.813802541;0.0875429;0.798348685;0.798348685
Shoetown Ligung Indonesia;1479456;W3;November;10/11/2025;5.1829989;5.0894009;10.73474687;10.73474687;0.812469514;0.812469514;0.093598;0.797797406;0.797797406
Shoetown Ligung Indonesia;1479456;W3;November;11/11/2025;5.281012;5.1913976;11.02356175;11.02356175;0.817936475;0.817936475;0.0896144;0.804056771;0.804056771
Shoetown Ligung Indonesia;1479456;W3;November;12/11/2025;3.1969722;3.1325038;6.688788758;6.688788758;0.822503591;0.822503591;0.0644684;0.805917431;0.805917431
Shoetown Ligung Indonesia;1479456;W3;November;13/11/2025;4.6469874;4.5703949;9.669593071;9.669593071;0.814960201;0.814960201;0.0765925;0.801527877;0.801527877
Shoetown Ligung Indonesia;1479456;W3;November;14/11/2025;3.8260234;3.7505132;8.021428818;8.021428818;0.82384017;0.82384017;0.0755102;0.807580903;0.807580903
Shoetown Ligung Indonesia;1479456;W3;November;15/11/2025;3.3369847;3.2846412;6.979313116;6.979313116;0.818477368;0.818477368;0.0523435;0.805638841;0.805638841
Shoetown Ligung Indonesia;1479456;W3;November;16/11/2025;4.1779813;4.1026283;8.78874311;8.78874311;0.825175885;0.825175885;0.075353;0.810293224;0.810293224
Shoetown Ligung Indonesia;1479456;W4;November;17/11/2025;3.3029833;3.2232207;6.969672076;6.969672076;0.832921802;0.832921802;0.0797626;0.812807862;0.812807862
Shoetown Ligung Indonesia;1479456;W4;November;18/11/2025;5.3909837;5.3044027;11.07190753;11.07190753;0.804021924;0.804021924;0.086581;0.791109063;0.791109063
Shoetown Ligung Indonesia;1479456;W4;November;19/11/2025;6.0119913;5.8938229;11.8600456;11.8600456;0.775124039;0.775124039;0.1181684;0.759888626;0.759888626
Shoetown Ligung Indonesia;1479456;W4;November;20/11/2025;7.2280331;7.0970111;14.15358007;14.15358007;0.768197254;0.768197254;0.131022;0.754272201;0.754272201
Shoetown Ligung Indonesia;1479456;W4;November;21/11/2025;5.2319977;5.1380982;10.63766234;10.63766234;0.797490887;0.797490887;0.0938995;0.783178191;0.783178191
Shoetown Ligung Indonesia;1479456;W4;November;22/11/2025;6.6509588;6.5427079;13.11575251;13.11575251;0.772178331;0.772178331;0.1082509;0.759610369;0.759610369
Shoetown Ligung Indonesia;1479456;W4;November;23/11/2025;5.8349991;5.7425877;11.85222592;11.85222592;0.795012969;0.795012969;0.0924114;0.782422006;0.782422006
Shoetown Ligung Indonesia;1479456;W5;November;24/11/2025;3.866994;3.7920968;8.153574661;8.153574661;0.828229254;0.828229254;0.0748972;0.812187839;0.812187839
Shoetown Ligung Indonesia;1479456;W5;November;25/11/2025;3.6169945;3.5307141;7.552458665;7.552458665;0.823963045;0.823963045;0.0862804;0.80430809;0.80430809
Shoetown Ligung Indonesia;1479456;W5;November;26/11/2025;2.5389852;2.4779035;5.307998786;5.307998786;0.825141356;0.825141356;0.0610817;0.805290497;0.805290497
Shoetown Ligung Indonesia;1479456;W5;November;27/11/2025;5.7160167;5.6194005;11.53277824;11.53277824;0.790543704;0.790543704;0.0966162;0.777181369;0.777181369
Shoetown Ligung Indonesia;1479456;W5;November;28/11/2025;6.1930052;6.0870927;12.35878027;12.35878027;0.782073596;0.782073596;0.1059125;0.768698608;0.768698608
Shoetown Ligung Indonesia;1479456;W5;November;29/11/2025;4.2269958;4.1459866;8.756652601;8.756652601;0.813564809;0.813564809;0.0810092;0.797973066;0.797973066
Shoetown Ligung Indonesia;1479456;W5;November;30/11/2025;6.8870046;6.779712;13.61339402;13.61339402;0.773458645;0.773458645;0.1072926;0.761408937;0.761408937
Shoetown Ligung Indonesia;1479456;W1;December;01/12/2025;3.5179986;3.4385082;7.338390821;7.338390821;0.822077386;0.822077386;0.0794904;0.803502262;0.803502262
Shoetown Ligung Indonesia;1479456;W1;December;02/12/2025;4.6130013;4.5343762;9.519118225;9.519118225;0.808650948;0.808650948;0.0786251;0.794868108;0.794868108
Shoetown Ligung Indonesia;1479456;W1;December;03/12/2025;6.3699974;6.2674137;12.79212817;12.79212817;0.786206026;0.786206026;0.1025837;0.773544808;0.773544808
Shoetown Ligung Indonesia;1479456;W1;December;04/12/2025;6.3370089;6.2432156;12.77110842;12.77110842;0.7879564;0.7879564;0.0937933;0.776293953;0.776293953
Shoetown Ligung Indonesia;1479456;W1;December;05/12/2025;5.3669907;5.2773321;11.0522328;11.0522328;0.806710162;0.806710162;0.0896586;0.793233615;0.793233615
Shoetown Ligung Indonesia;1479456;W1;December;06/12/2025;6.3019942;6.2103396;12.75650633;12.75650633;0.791221952;0.791221952;0.0916546;0.779714621;0.779714621
Shoetown Ligung Indonesia;1479456;W1;December;07/12/2025;5.5529936;5.4619844;11.51725137;11.51725137;0.812232417;0.812232417;0.0910092;0.798920567;0.798920567
Shoetown Ligung Indonesia;1479456;W2;December;08/12/2025;5.2880119;5.2065121;10.91425742;10.91425742;0.807475287;0.807475287;0.0814998;0.795030331;0.795030331
Shoetown Ligung Indonesia;1479456;W2;December;09/12/2025;4.9739853;4.8995752;10.22084988;10.22084988;0.803545569;0.803545569;0.0744101;0.791524643;0.791524643
Shoetown Ligung Indonesia;1479456;W2;December;10/12/2025;3.9509925;3.8727977;8.290793241;8.290793241;0.824618743;0.824618743;0.0781948;0.808298565;0.808298565
Shoetown Ligung Indonesia;1479456;W2;December;11/12/2025;2.3079898;2.2450953;4.859404073;4.859404073;0.833739085;0.833739085;0.0628945;0.811019052;0.811019052
Shoetown Ligung Indonesia;1479456;W2;December;12/12/2025;2.4289982;2.3647781;5.058701846;5.058701846;0.824006461;0.824006461;0.0642201;0.802220617;0.802220617
Shoetown Ligung Indonesia;1479456;W2;December;13/12/2025;2.6389787;2.5681092;5.575429361;5.575429361;0.836270467;0.836270467;0.0708695;0.81381251;0.81381251
Shoetown Ligung Indonesia;1479456;W2;December;14/12/2025;3.0590012;2.9811783;6.427888532;6.427888532;0.830543367;0.830543367;0.0778229;0.809413825;0.809413825
Shoetown Ligung Indonesia;1479456;W3;December;15/12/2025;2.452991;2.3871114;5.125208959;5.125208959;0.827029152;0.827029152;0.0658796;0.804817758;0.804817758
Shoetown Ligung Indonesia;1479456;W3;December;16/12/2025;5.6499941;5.5575894;11.6816277;11.6816277;0.809652819;0.809652819;0.0924047;0.796411083;0.796411083
Shoetown Ligung Indonesia;1479456;W3;December;17/12/2025;4.3579668;4.2756102;9.165421315;9.165421315;0.825726566;0.825726566;0.0823566;0.810122034;0.810122034
Shoetown Ligung Indonesia;1479456;W3;December;18/12/2025;5.3499823;5.2571192;10.96927394;10.96927394;0.803733345;0.803733345;0.0928631;0.789782426;0.789782426
Shoetown Ligung Indonesia;1479456;W3;December;19/12/2025;3.0920048;3.0123247;6.476094336;6.476094336;0.828120074;0.828120074;0.0796801;0.806779651;0.806779651
Shoetown Ligung Indonesia;1479456;W3;December;20/12/2025;1.8670137;1.8167013;3.883403235;3.883403235;0.823400051;0.823400051;0.0503124;0.801211016;0.801211016
Shoetown Ligung Indonesia;1479456;W3;December;21/12/2025;5.3480021;5.2669999;11.09945753;11.09945753;0.811746402;0.811746402;0.0810022;0.799451485;0.799451485
Shoetown Ligung Indonesia;1479456;W4;December;22/12/2025;5.4590176;5.3728015;11.22170997;11.22170997;0.804526165;0.804526165;0.0862161;0.791820013;0.791820013
Shoetown Ligung Indonesia;1479456;W4;December;23/12/2025;6.3150115;6.2071062;12.5913175;12.5913175;0.781382945;0.781382945;0.1079053;0.768031368;0.768031368
Shoetown Ligung Indonesia;1479456;W4;December;24/12/2025;5.6150253;5.5151936;11.29413131;11.29413131;0.788812891;0.788812891;0.0998317;0.774788282;0.774788282
Shoetown Ligung Indonesia;1479456;W4;December;25/12/2025;6.5739757;6.4793925;13.18665965;13.18665965;0.7839393;0.7839393;0.0945832;0.772660358;0.772660358
Shoetown Ligung Indonesia;1479456;W4;December;26/12/2025;6.4889796;6.3855775;12.97222765;12.97222765;0.782521556;0.782521556;0.1034021;0.77005205;0.77005205
Shoetown Ligung Indonesia;1479456;W4;December;27/12/2025;5.0040109;4.9094109;10.36103907;10.36103907;0.812935066;0.812935066;0.0946;0.797566663;0.797566663
Shoetown Ligung Indonesia;1479456;W4;December;28/12/2025;4.11202;4.0154153;8.529832723;8.529832723;0.818261228;0.818261228;0.0966047;0.799037615;0.799037615
Shoetown Ligung Indonesia;1479456;W5;December;29/12/2025;4.4980408;4.4086176;9.315532312;9.315532312;0.813930223;0.813930223;0.0894232;0.797748901;0.797748901
Shoetown Ligung Indonesia;1479456;W5;December;30/12/2025;4.7280229;4.6318156;9.814322971;9.814322971;0.816189518;0.816189518;0.0962073;0.799581437;0.799581437
Shoetown Ligung Indonesia;1479456;W5;December;31/12/2025;5.7189948;5.6220927;11.73499064;11.73499064;0.80401967;0.80401967;0.0969021;0.790396438;0.790396438
PT. MMKI 1.75 MWp - Painting Building;NE=50488260;W1;January;01/01/2025;4.298;4.2966;5.935041545;5.935041545;0.789040892;0.789040892;0.0014;0.788783875;0.788783875
PT. MMKI 1.75 MWp - Painting Building;NE=50488260;W1;January;02/01/2025;4.603;4.6072;6.47403981;6.47403981;0.802673587;0.802673587;-0,0042;0.803405985;0.803405985
PT. MMKI 1.75 MWp - Painting Building;NE=50488260;W1;January;03/01/2025;3.3;3.295;4.653467604;4.653467604;0.806718372;0.806718372;0.005;0.805496072;0.805496072
PT. MMKI 1.75 MWp - Painting Building;NE=50488260;W1;January;04/01/2025;3.504;3.5005;4.936627984;4.936627984;0.805565745;0.805565745;0.0035;0.804761099;0.804761099
PT. MMKI 1.75 MWp - Painting Building;NE=50488260;W1;January;05/01/2025;5.93;5.9484;8.231919314;8.231919314;0.790499522;0.790499522;-0,0184;0.792952337;0.792952337
PT. MMKI 1.75 MWp - Painting Building;NE=50488260;W2;January;06/01/2025;5.003;5.0189;6.89639587;6.89639587;0.78489997;0.78489997;-0,0159;0.787394455;0.787394455
PT. MMKI 1.75 MWp - Painting Building;NE=50488260;W2;January;07/01/2025;5.85;5.8733;8.069971448;8.069971448;0.784856909;0.784856909;-0,0233;0.78798292;0.78798292
PT. MMKI 1.75 MWp - Painting Building;NE=50488260;W2;January;08/01/2025;6.267;6.3033;8.664707598;8.664707598;0.785211417;0.785211417;-0,0363;0.789759554;0.789759554
PT. MMKI 1.75 MWp - Painting Building;NE=50488260;W2;January;09/01/2025;6.386;6.4056;8.715279049;8.715279049;0.777180962;0.777180962;-0,0196;0.779566297;0.779566297
PT. MMKI 1.75 MWp - Painting Building;NE=50488260;W2;January;10/01/2025;6.732;6.7566;9.231823193;9.231823193;0.780476698;0.780476698;-0,0246;0.783328707;0.783328707
PT. MMKI 1.75 MWp - Painting Building;NE=50488260;W2;January;11/01/2025;7.097;7.1245;9.617020663;9.617020663;0.771057614;0.771057614;-0,0275;0.774045367;0.774045367
PT. MMKI 1.75 MWp - Painting Building;NE=50488260;W2;January;12/01/2025;2.07;2.0612;2.864092718;2.864092718;0.793720525;0.793720525;0.0088;0.790346255;0.790346255
PT. MMKI 1.75 MWp - Painting Building;NE=50488260;W3;January;13/01/2025;2.421;2.4156;3.394645849;3.394645849;0.802731164;0.802731164;0.0054;0.800940685;0.800940685
PT. MMKI 1.75 MWp - Painting Building;NE=50488260;W3;January;14/01/2025;4.702;4.7129;6.587105252;6.587105252;0.798375222;0.798375222;-0,0109;0.800225986;0.800225986
PT. MMKI 1.75 MWp - Painting Building;NE=50488260;W3;January;15/01/2025;4.681;4.6838;6.504641002;6.504641002;0.79327846;0.79327846;-0,0028;0.79375297;0.79375297
PT. MMKI 1.75 MWp - Painting Building;NE=50488260;W3;January;16/01/2025;3.755;3.7449;5.251681163;5.251681163;0.801048476;0.801048476;0.0101;0.798893858;0.798893858
PT. MMKI 1.75 MWp - Painting Building;NE=50488260;W3;January;17/01/2025;2.887;2.8788;4.059029518;4.059029518;0.805399559;0.805399559;0.0082;0.803111967;0.803111967
PT. MMKI 1.75 MWp - Painting Building;NE=50488260;W3;January;18/01/2025;3.512;3.5051;4.926195759;4.926195759;0.802808432;0.802808432;0.0069;0.80123116;0.80123116
PT. MMKI 1.75 MWp - Painting Building;NE=50488260;W3;January;19/01/2025;1.224;1.2135;1.651768878;1.651768878;0.777517495;0.777517495;0.0105;0.770847615;0.770847615
PT. MMKI 1.75 MWp - Painting Building;NE=50488260;W4;January;20/01/2025;3.702;3.7038;5.199917459;5.199917459;0.801954252;0.801954252;-0,0018;0.802344181;0.802344181
PT. MMKI 1.75 MWp - Painting Building;NE=50488260;W4;January;21/01/2025;3.078;3.0691;4.25277083;4.25277083;0.79151949;0.79151949;0.0089;0.789230821;0.789230821
PT. MMKI 1.75 MWp - Painting Building;NE=50488260;W4;January;22/01/2025;1.928;1.9287;2.695885517;2.695885517;0.798431085;0.798431085;-0,0007;0.798720972;0.798720972
PT. MMKI 1.75 MWp - Painting Building;NE=50488260;W4;January;23/01/2025;1.364;1.3669;1.923006714;1.923006714;0.803608884;0.803608884;-0,0029;0.805317436;0.805317436
PT. MMKI 1.75 MWp - Painting Building;NE=50488260;W4;January;24/01/2025;5.64;5.6546;7.889344932;7.889344932;0.796965878;0.796965878;-0,0146;0.799028946;0.799028946
PT. MMKI 1.75 MWp - Painting Building;NE=50488260;W4;January;25/01/2025;4.091;4.0956;5.67989914;5.67989914;0.792179795;0.792179795;-0,0046;0.793070538;0.793070538
PT. MMKI 1.75 MWp - Painting Building;NE=50488260;W4;January;26/01/2025;2.689;2.6891;3.782923309;3.782923309;0.803565451;0.803565451;-1,00E-04;0.803595334;0.803595334
PT. MMKI 1.75 MWp - Painting Building;NE=50488260;W5;January;27/01/2025;2.835;2.8389;4.019883837;4.019883837;0.808842719;0.808842719;-0,0039;0.809955413;0.809955413
PT. MMKI 1.75 MWp - Painting Building;NE=50488260;W5;January;28/01/2025;5.98;5.9994;8.265401787;8.265401787;0.786967546;0.786967546;-0,0194;0.789520585;0.789520585
PT. MMKI 1.75 MWp - Painting Building;NE=50488260;W5;January;29/01/2025;6.631;6.6526;9.030928355;9.030928355;0.775428319;0.775428319;-0,0216;0.77795422;0.77795422
PT. MMKI 1.75 MWp - Painting Building;NE=50488260;W5;January;30/01/2025;5.096;5.1053;7.07205466;7.07205466;0.79127057;0.79127057;-0,0093;0.792714608;0.792714608
PT. MMKI 1.75 MWp - Painting Building;NE=50488260;W5;January;31/01/2025;2.64;2.6427;3.716355782;3.716355782;0.803285803;0.803285803;-0,0027;0.804107345;0.804107345
PT. MMKI 1.75 MWp - Painting Building;NE=50488260;W1;February;01/02/2025;3.506;3.4968;4.891521032;4.891521032;0.79904972;0.79904972;0.0092;0.796952955;0.796952955
PT. MMKI 1.75 MWp - Painting Building;NE=50488260;W1;February;02/02/2025;4.553;4.5566;6.428634795;6.428634795;0.80589511;0.80589511;-0,0036;0.806532321;0.806532321
PT. MMKI 1.75 MWp - Painting Building;NE=50488260;W2;February;03/02/2025;3.837;3.8309;5.390678135;5.390678135;0.803791221;0.803791221;0.0061;0.802513366;0.802513366
PT. MMKI 1.75 MWp - Painting Building;NE=50488260;W2;February;04/02/2025;2.936;2.9279;4.104732596;4.104732596;0.800809658;0.800809658;0.0081;0.79860034;0.79860034
PT. MMKI 1.75 MWp - Painting Building;NE=50488260;W2;February;05/02/2025;2.071;2.0605;2.88237395;2.88237395;0.799058135;0.799058135;0.0105;0.795006898;0.795006898
PT. MMKI 1.75 MWp - Painting Building;NE=50488260;W2;February;06/02/2025;2.761;2.7551;3.883172019;3.883172019;0.8051002;0.8051002;0.0059;0.803379776;0.803379776
PT. MMKI 1.75 MWp - Painting Building;NE=50488260;W2;February;07/02/2025;3.576;3.568;5.021973515;5.021973515;0.803989254;0.803989254;0.008;0.802190621;0.802190621
PT. MMKI 1.75 MWp - Painting Building;NE=50488260;W2;February;08/02/2025;2.606;2.6051;3.714666755;3.714666755;0.814509459;0.814509459;0.0009;0.814228162;0.814228162
PT. MMKI 1.75 MWp - Painting Building;NE=50488260;W2;February;09/02/2025;4.243;4.2493;5.98134075;5.98134075;0.804047717;0.804047717;-0,0063;0.805241566;0.805241566
PT. MMKI 1.75 MWp - Painting Building;NE=50488260;W3;February;10/02/2025;5.861;5.8737;8.110607446;8.110607446;0.788755304;0.788755304;-0,0127;0.790464431;0.790464431
PT. MMKI 1.75 MWp - Painting Building;NE=50488260;W3;February;11/02/2025;4.304;4.3021;6.033104455;6.033104455;0.801052565;0.801052565;0.0019;0.80069894;0.80069894
PT. MMKI 1.75 MWp - Painting Building;NE=50488260;W3;February;12/02/2025;3.95;3.9479;5.608363886;5.608363886;0.811466719;0.811466719;0.0021;0.811035306;0.811035306
PT. MMKI 1.75 MWp - Painting Building;NE=50488260;W3;February;13/02/2025;4.493;4.4946;6.336621627;6.336621627;0.805317988;0.805317988;-0,0016;0.805604769;0.805604769
PT. MMKI 1.75 MWp - Painting Building;NE=50488260;W3;February;14/02/2025;5.038;5.0412;7.016668121;7.016668121;0.795055927;0.795055927;-0,0032;0.795560925;0.795560925
PT. MMKI 1.75 MWp - Painting Building;NE=50488260;W3;February;15/02/2025;3.063;3.064;4.306961128;4.306961128;0.802939574;0.802939574;-0,001;0.803201715;0.803201715
PT. MMKI 1.75 MWp - Painting Building;NE=50488260;W3;February;16/02/2025;4.617;4.6118;6.396529778;6.396529778;0.792272593;0.792272593;0.0052;0.791380279;0.791380279
PT. MMKI 1.75 MWp - Painting Building;NE=50488260;W4;February;17/02/2025;5.746;5.7571;7.900560504;7.900560504;0.783889418;0.783889418;-0,0111;0.785403719;0.785403719
PT. MMKI 1.75 MWp - Painting Building;NE=50488260;W4;February;18/02/2025;5.247;5.2489;7.24068111;7.24068111;0.78797383;0.78797383;-0,0019;0.788259164;0.788259164
PT. MMKI 1.75 MWp - Painting Building;NE=50488260;W4;February;19/02/2025;5.465;5.4788;7.466967842;7.466967842;0.778501593;0.778501593;-0,0138;0.780467434;0.780467434
PT. MMKI 1.75 MWp - Painting Building;NE=50488260;W4;February;20/02/2025;5.697;5.7127;7.792409484;7.792409484;0.779167843;0.779167843;-0,0157;0.781315102;0.781315102
PT. MMKI 1.75 MWp - Painting Building;NE=50488260;W4;February;21/02/2025;5.835;5.8515;7.979350597;7.979350597;0.778934626;0.778934626;-0,0165;0.781137269;0.781137269
PT. MMKI 1.75 MWp - Painting Building;NE=50488260;W4;February;22/02/2025;5.615;5.6214;7.727657274;7.727657274;0.785242931;0.785242931;-0,0064;0.786137954;0.786137954
PT. MMKI 1.75 MWp - Painting Building;NE=50488260;W4;February;23/02/2025;3.638;3.6321;5.09822325;5.09822325;0.80179201;0.80179201;0.0059;0.800491687;0.800491687
PT. MMKI 1.75 MWp - Painting Building;NE=50488260;W5;February;24/02/2025;5.998;6.0081;8.182801053;8.182801053;0.777974768;0.777974768;-0,0101;0.779284795;0.779284795
PT. MMKI 1.75 MWp - Painting Building;NE=50488260;W5;February;25/02/2025;5.367;5.3692;7.394405823;7.394405823;0.786673231;0.786673231;-0,0022;0.786995698;0.786995698
PT. MMKI 1.75 MWp - Painting Building;NE=50488260;W5;February;26/02/2025;5.174;5.1738;7.089131281;7.089131281;0.782679672;0.782679672;0.0002;0.782649418;0.782649418
PT. MMKI 1.75 MWp - Painting Building;NE=50488260;Wx;February;27/02/2025;4.624;4.6264;6.438346855;6.438346855;0.794935446;0.794935446;-0,0024;0.795348042;0.795348042
PT. MMKI 1.75 MWp - Painting Building;NE=50488260;Wx;February;28/02/2025;2.497;2.4857;3.442741554;3.442741554;0.791145535;0.791145535;0.0113;0.78756526;0.78756526
PT. MMKI 1.75 MWp - Painting Building;NE=50488260;W1;March;01/03/2025;4.082;4.0758;5.722513643;5.722513643;0.802000509;0.802000509;0.0062;0.800782379;0.800782379
PT. MMKI 1.75 MWp - Painting Building;NE=50488260;W1;March;02/03/2025;4.803;4.8086;6.614215834;6.614215834;0.785706566;0.785706566;-0,0056;0.786622651;0.786622651
PT. MMKI 1.75 MWp - Painting Building;NE=50488260;W2;March;03/03/2025;4.862;4.8678;6.754396955;6.754396955;0.792600836;0.792600836;-0,0058;0.793546349;0.793546349
PT. MMKI 1.75 MWp - Painting Building;NE=50488260;W2;March;04/03/2025;3.511;3.5067;4.877769161;4.877769161;0.794553787;0.794553787;0.0043;0.79358068;0.79358068
PT. MMKI 1.75 MWp - Painting Building;NE=50488260;W2;March;05/03/2025;5.27;5.2772;7.287144528;7.287144528;0.788777477;0.788777477;-0,0072;0.789855124;0.789855124
PT. MMKI 1.75 MWp - Painting Building;NE=50488260;W2;March;06/03/2025;5.613;5.6119;7.726866407;7.726866407;0.786491715;0.786491715;0.0011;0.786337583;0.786337583
PT. MMKI 1.75 MWp - Painting Building;NE=50488260;W2;March;07/03/2025;5.32;5.3286;7.255707577;7.255707577;0.777798897;0.777798897;-0,0086;0.779056241;0.779056241
PT. MMKI 1.75 MWp - Painting Building;NE=50488260;W2;March;08/03/2025;2.376;2.3706;3.332712226;3.332712226;0.803045599;0.803045599;0.0054;0.801220496;0.801220496
PT. MMKI 1.75 MWp - Painting Building;NE=50488260;W2;March;09/03/2025;4.328;4.325;5.980138467;5.980138467;0.789815768;0.789815768;0.003;0.789268299;0.789268299
PT. MMKI 1.75 MWp - Painting Building;NE=50488260;W3;March;10/03/2025;3.261;3.2624;4.622912371;4.622912371;0.80942968;0.80942968;-0,0014;0.809777181;0.809777181
PT. MMKI 1.75 MWp - Painting Building;NE=50488260;W3;March;11/03/2025;4.649;4.6476;6.430141613;6.430141613;0.790300882;0.790300882;0.0014;0.79006289;0.79006289
PT. MMKI 1.75 MWp - Painting Building;NE=50488260;W3;March;12/03/2025;3.878;3.8792;5.44284341;5.44284341;0.801464593;0.801464593;-0,0012;0.801712596;0.801712596
PT. MMKI 1.75 MWp - Painting Building;NE=50488260;W3;March;13/03/2025;2.988;2.9826;4.164605124;4.164605124;0.797589609;0.797589609;0.0054;0.796148182;0.796148182
PT. MMKI 1.75 MWp - Painting Building;NE=50488260;W3;March;14/03/2025;3.981;3.9844;5.558507663;5.558507663;0.796885545;0.796885545;-0,0034;0.797566131;0.797566131
PT. MMKI 1.75 MWp - Painting Building;NE=50488260;W3;March;15/03/2025;4.979;4.98;6.864821716;6.864821716;0.787409394;0.787409394;-0,001;0.78756754;0.78756754
PT. MMKI 1.75 MWp - Painting Building;NE=50488260;W3;March;16/03/2025;4.835;4.8338;6.67985777;6.67985777;0.789367442;0.789367442;0.0012;0.789171529;0.789171529
PT. MMKI 1.75 MWp - Painting Building;NE=50488260;W4;March;17/03/2025;4.92;4.9175;6.768039405;6.768039405;0.786174914;0.786174914;0.0025;0.785775435;0.785775435
PT. MMKI 1.75 MWp - Painting Building;NE=50488260;W4;March;18/03/2025;4.411;4.4107;6.084631728;6.084631728;0.788002236;0.788002236;0.0003;0.787948643;0.787948643
PT. MMKI 1.75 MWp - Painting Building;NE=50488260;W4;March;19/03/2025;4.709;4.7101;6.515060923;6.515060923;0.790112669;0.790112669;-0,0011;0.790297235;0.790297235
PT. MMKI 1.75 MWp - Painting Building;NE=50488260;W4;March;20/03/2025;5.112;5.1007;7.010934337;7.010934337;0.785139434;0.785139434;0.0113;0.783403895;0.783403895
PT. MMKI 1.75 MWp - Painting Building;NE=50488260;W4;March;21/03/2025;6.252;6.2496;8.402464276;8.402464276;0.767989222;0.767989222;0.0024;0.767694408;0.767694408
PT. MMKI 1.75 MWp - Painting Building;NE=50488260;W4;March;22/03/2025;6.341;6.3381;8.581595581;8.581595581;0.773409725;0.773409725;0.0029;0.773056013;0.773056013
PT. MMKI 1.75 MWp - Painting Building;NE=50488260;W4;March;23/03/2025;6.454;6.4466;8.653762166;8.653762166;0.766787286;0.766787286;0.0074;0.765908106;0.765908106
PT. MMKI 1.75 MWp - Painting Building;NE=50488260;W5;March;24/03/2025;6.078;6.0757;8.279879939;8.279879939;0.778445818;0.778445818;0.0023;0.778151243;0.778151243
PT. MMKI 1.75 MWp - Painting Building;NE=50488260;W5;March;25/03/2025;5.358;5.3572;7.398459015;7.398459015;0.788867536;0.788867536;0.0008;0.788749751;0.788749751
PT. MMKI 1.75 MWp - Painting Building;NE=50488260;W5;March;26/03/2025;4.039;4.0393;5.606157381;5.606157381;0.792793075;0.792793075;-0,0003;0.79285196;0.79285196
PT. MMKI 1.75 MWp - Painting Building;NE=50488260;W5;March;27/03/2025;5.38;5.3799;7.312254546;7.312254546;0.776386133;0.776386133;1.00E-04;0.776371702;0.776371702
PT. MMKI 1.75 MWp - Painting Building;NE=50488260;W5;March;28/03/2025;6.351;6.3456;8.530288105;8.530288105;0.767877034;0.767877034;0.0054;0.767224139;0.767224139
PT. MMKI 1.75 MWp - Painting Building;NE=50488260;W5;March;29/03/2025;6.046;6.0375;8.214139146;8.214139146;0.77715131;0.77715131;0.0085;0.776058722;0.776058722
PT. MMKI 1.75 MWp - Painting Building;NE=50488260;W5;March;30/03/2025;5.866;5.8573;7.942476438;7.942476438;0.774567265;0.774567265;0.0087;0.773418486;0.773418486
PT. MMKI 1.75 MWp - Painting Building;NE=50488260;W5;March;31/03/2025;4.807;4.7933;6.609174059;6.609174059;0.787613679;0.787613679;0.0137;0.785368972;0.785368972
PT. MMKI 1.75 MWp - Painting Building;NE=50488260;W1;April;01/04/2025;4.073;4.0707;5.705905442;5.705905442;0.800674772;0.800674772;0.0023;0.800222636;0.800222636
PT. MMKI 1.75 MWp - Painting Building;NE=50488260;W1;April;02/04/2025;5.502;5.4957;7.467264417;7.467264417;0.776138424;0.776138424;0.0063;0.775249716;0.775249716
PT. MMKI 1.75 MWp - Painting Building;NE=50488260;W1;April;03/04/2025;5.051;5.0408;6.88419795;6.88419795;0.780107683;0.780107683;0.0102;0.778532332;0.778532332
PT. MMKI 1.75 MWp - Painting Building;NE=50488260;W1;April;04/04/2025;6.218;6.2074;8.36835815;8.36835815;0.770071763;0.770071763;0.0106;0.768759;0.768759
PT. MMKI 1.75 MWp - Painting Building;NE=50488260;W1;April;05/04/2025;6.347;6.3338;8.476014878;8.476014878;0.764412951;0.764412951;0.0132;0.762823184;0.762823184
PT. MMKI 1.75 MWp - Painting Building;NE=50488260;W1;April;06/04/2025;6.404;6.3881;8.514866204;8.514866204;0.761389343;0.761389343;0.0159;0.759498948;0.759498948
PT. MMKI 1.75 MWp - Painting Building;NE=50488260;W2;April;07/04/2025;5.632;5.6281;7.680106414;7.680106414;0.779482024;0.779482024;0.0039;0.778942255;0.778942255
PT. MMKI 1.75 MWp - Painting Building;NE=50488260;W2;April;08/04/2025;4.169;4.1662;5.761364969;5.761364969;0.789925157;0.789925157;0.0028;0.789394624;0.789394624
PT. MMKI 1.75 MWp - Painting Building;NE=50488260;W2;April;09/04/2025;4.105;4.096;5.697403626;5.697403626;0.794543559;0.794543559;0.009;0.792801564;0.792801564
PT. MMKI 1.75 MWp - Painting Building;NE=50488260;W2;April;10/04/2025;6.009;5.9994;8.100649776;8.100649776;0.771281136;0.771281136;0.0096;0.770048934;0.770048934
PT. MMKI 1.75 MWp - Painting Building;NE=50488260;W2;April;11/04/2025;3.267;3.2631;4.568045994;4.568045994;0.799651501;0.799651501;0.0039;0.798696912;0.798696912
PT. MMKI 1.75 MWp - Painting Building;NE=50488260;W2;April;12/04/2025;4.038;4.0281;5.543580055;5.543580055;0.786123451;0.786123451;0.0099;0.784196105;0.784196105
PT. MMKI 1.75 MWp - Painting Building;NE=50488260;W2;April;13/04/2025;5.816;5.8048;7.909952046;7.909952046;0.778372101;0.778372101;0.0112;0.776873173;0.776873173
PT. MMKI 1.75 MWp - Painting Building;NE=50488260;W3;April;14/04/2025;4.942;4.9344;6.814997115;6.814997115;0.788918238;0.788918238;0.0076;0.787705009;0.787705009
PT. MMKI 1.75 MWp - Painting Building;NE=50488260;W3;April;15/04/2025;4.972;4.9582;6.80105809;6.80105809;0.783525464;0.783525464;0.0138;0.781350755;0.781350755
PT. MMKI 1.75 MWp - Painting Building;NE=50488260;W3;April;16/04/2025;5.189;5.1828;7.04464503;7.04464503;0.776417537;0.776417537;0.0062;0.775489846;0.775489846
PT. MMKI 1.75 MWp - Painting Building;NE=50488260;W3;April;17/04/2025;5.364;5.3475;7.227928385;7.227928385;0.772082519;0.772082519;0.0165;0.769707545;0.769707545
PT. MMKI 1.75 MWp - Painting Building;NE=50488260;W3;April;18/04/2025;5.446;5.4396;7.395493265;7.395493265;0.776606199;0.776606199;0.0064;0.775693551;0.775693551
PT. MMKI 1.75 MWp - Painting Building;NE=50488260;W3;April;19/04/2025;4.965;4.9528;1.724089381;6.752740164;0.198842703;0.778807132;0.0122;0.198354107;0.776893447
PT. MMKI 1.75 MWp - Painting Building;NE=50488260;W3;April;20/04/2025;4.965;4.9552;0.042509085;6.756012369;0.004900284;0.778807132;0.0098;0.004890612;0.777269909
PT. MMKI 1.75 MWp - Painting Building;NE=50488260;W4;April;21/04/2025;4.707;4.6912;6.456932222;6.456932222;0.786217943;0.786217943;0.0158;0.783578843;0.783578843
PT. MMKI 1.75 MWp - Painting Building;NE=50488260;W4;April;22/04/2025;4.541;4.5347;6.250120583;6.250120583;0.787300464;0.787300464;0.0063;0.786208195;0.786208195
PT. MMKI 1.75 MWp - Painting Building;NE=50488260;W4;April;23/04/2025;4.403;4.3948;6.118441279;6.118441279;0.795247573;0.795247573;0.0082;0.79376653;0.79376653
PT. MMKI 1.75 MWp - Painting Building;NE=50488260;W4;April;24/04/2025;2.702;2.6962;3.725970687;3.725970687;0.789383422;0.789383422;0.0058;0.787688965;0.787688965
PT. MMKI 1.75 MWp - Painting Building;NE=50488260;W4;April;25/04/2025;4.499;4.4921;6.211961265;6.211961265;0.789914335;0.789914335;0.0069;0.788702864;0.788702864
PT. MMKI 1.75 MWp - Painting Building;NE=50488260;W4;April;26/04/2025;4.847;4.8377;6.683021236;6.683021236;0.789104609;0.789104609;0.0093;0.787590544;0.787590544
PT. MMKI 1.75 MWp - Painting Building;NE=50488260;W4;April;27/04/2025;3.572;3.5629;4.969608555;4.969608555;0.796744768;0.796744768;0.0091;0.794714987;0.794714987
PT. MMKI 1.75 MWp - Painting Building;NE=50488260;W5;April;28/04/2025;5.798;5.7809;7.804470201;7.804470201;0.771167364;0.771167364;0.0171;0.768892965;0.768892965
PT. MMKI 1.75 MWp - Painting Building;NE=50488260;W5;April;29/04/2025;5.409;5.3923;7.296338353;7.296338353;0.772914743;0.772914743;0.0167;0.770528409;0.770528409
PT. MMKI 1.75 MWp - Painting Building;NE=50488260;W5;April;30/04/2025;4.464;4.4512;6.151954255;6.151954255;0.789471872;0.789471872;0.0128;0.787208153;0.787208153
PT. MMKI 1.75 MWp - Painting Building;NE=50488260;W1;May;01/05/2025;4.098;4.0842;5.621875857;5.621875857;0.786275823;0.786275823;0.0138;0.783628042;0.783628042
PT. MMKI 1.75 MWp - Painting Building;NE=50488260;W1;May;02/05/2025;3.462;3.4502;4.761511758;4.761511758;0.788317672;0.788317672;0.0118;0.785630742;0.785630742
PT. MMKI 1.75 MWp - Painting Building;NE=50488260;W1;May;03/05/2025;5.863;5.8373;7.842728377;7.842728377;0.767460146;0.767460146;0.0257;0.764096045;0.764096045
PT. MMKI 1.75 MWp - Painting Building;NE=50488260;W1;May;04/05/2025;5.797;5.7696;7.687619648;7.687619648;0.761108996;0.761108996;0.0274;0.757511551;0.757511551
PT. MMKI 1.75 MWp - Painting Building;NE=50488260;W2;May;05/05/2025;5.137;5.1191;6.957946269;6.957946269;0.776404652;0.776404652;0.0179;0.773699252;0.773699252
PT. MMKI 1.75 MWp - Painting Building;NE=50488260;W2;May;06/05/2025;5.204;5.1911;7.057990905;7.057990905;0.776644679;0.776644679;0.0129;0.774719484;0.774719484
PT. MMKI 1.75 MWp - Painting Building;NE=50488260;W2;May;07/05/2025;5.892;5.8603;7.770858367;7.770858367;0.757442756;0.757442756;0.0317;0.75336758;0.75336758
PT. MMKI 1.75 MWp - Painting Building;NE=50488260;W2;May;08/05/2025;5.706;5.6803;7.600031162;7.600031162;0.764266409;0.764266409;0.0257;0.760824129;0.760824129
PT. MMKI 1.75 MWp - Painting Building;NE=50488260;W2;May;09/05/2025;5.547;5.5153;7.353478472;7.353478472;0.761595478;0.761595478;0.0317;0.757243111;0.757243111
PT. MMKI 1.75 MWp - Painting Building;NE=50488260;W2;May;10/05/2025;5.437;5.4159;7.329653613;7.329653613;0.773060505;0.773060505;0.0211;0.770060399;0.770060399
PT. MMKI 1.75 MWp - Painting Building;NE=50488260;W2;May;11/05/2025;4.272;4.2538;5.857652988;5.857652988;0.786587871;0.786587871;0.0182;0.783236771;0.783236771
PT. MMKI 1.75 MWp - Painting Building;NE=50488260;W3;May;12/05/2025;3.325;3.3131;4.548472043;4.548472043;0.784208702;0.784208702;0.0119;0.78140206;0.78140206
PT. MMKI 1.75 MWp - Painting Building;NE=50488260;W3;May;13/05/2025;4.22;4.2078;5.778665178;5.778665178;0.784464174;0.784464174;0.0122;0.782196292;0.782196292
PT. MMKI 1.75 MWp - Painting Building;NE=50488260;W3;May;14/05/2025;2.21;2.2012;3.040388126;3.040388126;0.788987632;0.788987632;0.0088;0.785845962;0.785845962
PT. MMKI 1.75 MWp - Painting Building;NE=50488260;W3;May;15/05/2025;3.139;3.1255;4.317736687;4.317736687;0.789109592;0.789109592;0.0135;0.785715842;0.785715842
PT. MMKI 1.75 MWp - Painting Building;NE=50488260;W3;May;16/05/2025;2.183;2.1729;3.002525384;3.002525384;0.789310027;0.789310027;0.0101;0.785658157;0.785658157
PT. MMKI 1.75 MWp - Painting Building;NE=50488260;W3;May;17/05/2025;5.37;5.3457;7.237319927;7.237319927;0.77334603;0.77334603;0.0243;0.769846531;0.769846531
PT. MMKI 1.75 MWp - Painting Building;NE=50488260;W3;May;18/05/2025;3.755;3.7427;5.178792794;5.178792794;0.79039501;0.79039501;0.0123;0.787805966;0.787805966
PT. MMKI 1.75 MWp - Painting Building;NE=50488260;W4;May;19/05/2025;5.163;5.1359;6.946676419;6.946676419;0.772611525;0.772611525;0.0271;0.768556175;0.768556175
PT. MMKI 1.75 MWp - Painting Building;NE=50488260;W4;May;20/05/2025;5.474;5.4485;7.324414121;7.324414121;0.767885749;0.767885749;0.0255;0.764308642;0.764308642
PT. MMKI 1.75 MWp - Painting Building;NE=50488260;W4;May;21/05/2025;5.375;5.3454;7.16584535;7.16584535;0.765751566;0.765751566;0.0296;0.76153459;0.76153459
PT. MMKI 1.75 MWp - Painting Building;NE=50488260;W4;May;22/05/2025;5.411;5.385;7.261441361;7.261441361;0.770260804;0.770260804;0.026;0.766559681;0.766559681
PT. MMKI 1.75 MWp - Painting Building;NE=50488260;W4;May;23/05/2025;5.356;5.321;7.069063039;7.069063039;0.75887329;0.75887329;0.035;0.75391426;0.75391426
PT. MMKI 1.75 MWp - Painting Building;NE=50488260;W4;May;24/05/2025;5.723;5.6868;7.489804117;7.489804117;0.752320986;0.752320986;0.0362;0.74756229;0.74756229
PT. MMKI 1.75 MWp - Painting Building;NE=50488260;W4;May;25/05/2025;5.521;5.4878;7.267768294;7.267768294;0.756490484;0.756490484;0.0332;0.751941402;0.751941402
PT. MMKI 1.75 MWp - Painting Building;NE=50488260;W5;May;26/05/2025;5.251;5.2272;7.036143213;7.036143213;0.768893563;0.768893563;0.0238;0.765408576;0.765408576
PT. MMKI 1.75 MWp - Painting Building;NE=50488260;W5;May;27/05/2025;5.41;5.3856;7.228719252;7.228719252;0.766704365;0.766704365;0.0244;0.7632464;0.7632464
PT. MMKI 1.75 MWp - Painting Building;NE=50488260;W5;May;28/05/2025;5.319;5.2869;7.030013996;7.030013996;0.759548946;0.759548946;0.0321;0.754965092;0.754965092
PT. MMKI 1.75 MWp - Painting Building;NE=50488260;W5;May;29/05/2025;5.165;5.1385;6.888448859;6.888448859;0.765747785;0.765747785;0.0265;0.761818973;0.761818973
PT. MMKI 1.75 MWp - Painting Building;NE=50488260;W5;May;30/05/2025;4.594;4.5771;6.268013941;6.268013941;0.782240369;0.782240369;0.0169;0.779362732;0.779362732
PT. MMKI 1.75 MWp - Painting Building;NE=50488260;W5;May;31/05/2025;3.751;3.7397;5.183439136;5.183439136;0.791738768;0.791738768;0.0113;0.789353631;0.789353631
PT. MMKI 1.75 MWp - Painting Building;NE=50488260;W1;June;01/06/2025;4.329;4.3142;5.889188798;5.889188798;0.779750882;0.779750882;0.0148;0.777085067;0.777085067
PT. MMKI 1.75 MWp - Painting Building;NE=50488260;W2;June;02/06/2025;4.702;4.68;6.376856969;6.376856969;0.778325922;0.778325922;0.022;0.774684244;0.774684244
PT. MMKI 1.75 MWp - Painting Building;NE=50488260;W2;June;03/06/2025;4.644;4.6161;6.203459448;6.203459448;0.767643207;0.767643207;0.0279;0.763031397;0.763031397
PT. MMKI 1.75 MWp - Painting Building;NE=50488260;W2;June;04/06/2025;4.588;4.5683;6.217991623;6.217991623;0.777492464;0.777492464;0.0197;0.774154059;0.774154059
PT. MMKI 1.75 MWp - Painting Building;NE=50488260;W2;June;05/06/2025;3.256;3.2443;4.487377592;4.487377592;0.790082205;0.790082205;0.0117;0.78724315;0.78724315
PT. MMKI 1.75 MWp - Painting Building;NE=50488260;W2;June;06/06/2025;5.065;5.0369;6.793544856;6.793544856;0.770431073;0.770431073;0.0281;0.766156816;0.766156816
PT. MMKI 1.75 MWp - Painting Building;NE=50488260;W2;June;07/06/2025;4.221;4.2059;5.766406744;5.766406744;0.783153696;0.783153696;0.0151;0.780352081;0.780352081
PT. MMKI 1.75 MWp - Painting Building;NE=50488260;W2;June;08/06/2025;4.671;4.6506;6.32989926;6.32989926;0.77747867;0.77747867;0.0204;0.77408313;0.77408313
PT. MMKI 1.75 MWp - Painting Building;NE=50488260;W3;June;09/06/2025;4.99;4.9656;6.716138779;6.770191924;0.772589144;0.778807132;0.0244;0.768811353;0.774998937
PT. MMKI 1.75 MWp - Painting Building;NE=50488260;W3;June;10/06/2025;4.894;4.8698;-0,043596526;6.639576412;-0,005113773;0.778807132;0.0242;-0,005088486;0.774956063
PT. MMKI 1.75 MWp - Painting Building;NE=50488260;W3;June;11/06/2025;4.568;4.5487;6.192189598;6.192189598;0.777602454;0.777602454;0.0193;0.77431705;0.77431705
PT. MMKI 1.75 MWp - Painting Building;NE=50488260;W3;June;12/06/2025;5.334;5.2997;7.050971963;7.050971963;0.759973368;0.759973368;0.0343;0.7550864;0.7550864
PT. MMKI 1.75 MWp - Painting Building;NE=50488260;W3;June;13/06/2025;5.236;5.2072;6.994622712;6.994622712;0.767292065;0.767292065;0.0288;0.763071666;0.763071666
PT. MMKI 1.75 MWp - Painting Building;NE=50488260;W3;June;14/06/2025;4.517;4.498;6.124372779;6.124372779;0.777755048;0.777755048;0.019;0.774483552;0.774483552
PT. MMKI 1.75 MWp - Painting Building;NE=50488260;W3;June;15/06/2025;4.941;4.9178;6.664040436;6.664040436;0.77404718;0.77404718;0.0232;0.770412715;0.770412715
PT. MMKI 1.75 MWp - Painting Building;NE=50488260;W4;June;16/06/2025;5.255;5.2245;6.975938486;6.975938486;0.76270849;0.76270849;0.0305;0.758281733;0.758281733
PT. MMKI 1.75 MWp - Painting Building;NE=50488260;W4;June;17/06/2025;5.139;5.1066;6.834076774;6.834076774;0.764449295;0.764449295;0.0324;0.759629649;0.759629649
PT. MMKI 1.75 MWp - Painting Building;NE=50488260;W4;June;18/06/2025;4.934;4.9107;6.673629694;6.673629694;0.776281745;0.776281745;0.0233;0.772615883;0.772615883
PT. MMKI 1.75 MWp - Painting Building;NE=50488260;W4;June;19/06/2025;4.52;4.5006;6.170440764;6.170440764;0.783152689;0.783152689;0.0194;0.77979137;0.77979137
PT. MMKI 1.75 MWp - Painting Building;NE=50488260;W4;June;20/06/2025;4.406;4.3859;6.016419476;6.016419476;0.783574068;0.783574068;0.0201;0.779999434;0.779999434
PT. MMKI 1.75 MWp - Painting Building;NE=50488260;W4;June;21/06/2025;5.147;5.1166;6.838723116;6.838723116;0.763473954;0.763473954;0.0304;0.758964608;0.758964608
PT. MMKI 1.75 MWp - Painting Building;NE=50488260;W4;June;22/06/2025;4.818;4.7957;6.493213231;6.493213231;0.773407411;0.773407411;0.0223;0.769827713;0.769827713
PT. MMKI 1.75 MWp - Painting Building;NE=50488260;W5;June;23/06/2025;4.855;4.8316;6.534239441;6.534239441;0.772511128;0.772511128;0.0234;0.768787799;0.768787799
PT. MMKI 1.75 MWp - Painting Building;NE=50488260;W5;June;24/06/2025;4.604;4.5828;6.215915598;6.215915598;0.774773711;0.774773711;0.0212;0.771206117;0.771206117
PT. MMKI 1.75 MWp - Painting Building;NE=50488260;W5;June;25/06/2025;5.035;5.0078;6.719895396;6.719895396;0.766507147;0.766507147;0.0272;0.762366334;0.762366334
PT. MMKI 1.75 MWp - Painting Building;NE=50488260;W5;June;26/06/2025;5.021;4.9906;6.671355953;6.671355953;0.763593148;0.763593148;0.0304;0.75896992;0.75896992
PT. MMKI 1.75 MWp - Painting Building;NE=50488260;W5;June;27/06/2025;3.516;3.5029;4.836742952;4.836742952;0.788725605;0.788725605;0.0131;0.785786952;0.785786952
PT. MMKI 1.75 MWp - Painting Building;NE=50488260;W5;June;28/06/2025;2.241;2.2287;3.096836236;3.096836236;0.793719955;0.793719955;0.0123;0.789363526;0.789363526
PT. MMKI 1.75 MWp - Painting Building;NE=50488260;W5;June;29/06/2025;4.839;4.8086;6.46592833;6.46592833;0.768091407;0.768091407;0.0304;0.763266034;0.763266034
PT. MMKI 1.75 MWp - Painting Building;NE=50488260;W5;June;30/06/2025;3.716;3.7003;5.138755168;5.138755168;0.793271155;0.793271155;0.0157;0.789919606;0.789919606
PT. MMKI 1.75 MWp - Painting Building;NE=50488260;W1;July;01/07/2025;1.504;1.4985;2.050618466;2.050618466;0.781679619;0.781679619;0.0055;0.778821083;0.778821083
PT. MMKI 1.75 MWp - Painting Building;NE=50488260;W1;July;02/07/2025;5.306;5.277;7.098819398;7.098819398;0.768421849;0.768421849;0.029;0.764222031;0.764222031
PT. MMKI 1.75 MWp - Painting Building;NE=50488260;W1;July;03/07/2025;4.91;4.8895;6.713963896;6.713963896;0.784359612;0.784359612;0.0205;0.781084791;0.781084791
PT. MMKI 1.75 MWp - Painting Building;NE=50488260;W1;July;04/07/2025;4.567;4.548;6.243398216;6.243398216;0.784153801;0.784153801;0.019;0.780891501;0.780891501
PT. MMKI 1.75 MWp - Painting Building;NE=50488260;W1;July;05/07/2025;4.446;4.4247;6.031445943;6.031445943;0.778642817;0.778642817;0.0213;0.774912477;0.774912477
PT. MMKI 1.75 MWp - Painting Building;NE=50488260;W1;July;06/07/2025;5.309;5.2818;7.092195889;7.092195889;0.767007202;0.767007202;0.0272;0.763077537;0.763077537
PT. MMKI 1.75 MWp - Painting Building;NE=50488260;W2;July;07/07/2025;5.305;5.2769;7.071336781;7.071336781;0.76546146;0.76546146;0.0281;0.761406895;0.761406895
PT. MMKI 1.75 MWp - Painting Building;NE=50488260;W2;July;08/07/2025;4.927;4.9068;6.673629694;6.673629694;0.776898746;0.776898746;0.0202;0.773713571;0.773713571
PT. MMKI 1.75 MWp - Painting Building;NE=50488260;W2;July;09/07/2025;4.678;4.6589;6.352043527;6.352043527;0.778808618;0.778808618;0.0191;0.775628788;0.775628788
PT. MMKI 1.75 MWp - Painting Building;NE=50488260;W2;July;10/07/2025;4.8;4.7775;6.489357756;6.489357756;0.775892749;0.775892749;0.0225;0.772255752;0.772255752
PT. MMKI 1.75 MWp - Painting Building;NE=50488260;W2;July;11/07/2025;3.604;3.584;4.85226371;4.85226371;0.773351739;0.773351739;0.02;0.769060109;0.769060109
PT. MMKI 1.75 MWp - Painting Building;NE=50488260;W2;July;12/07/2025;4.466;4.4522;6.128722546;6.128722546;0.786313926;0.786313926;0.0138;0.783884206;0.783884206
PT. MMKI 1.75 MWp - Painting Building;NE=50488260;W2;July;13/07/2025;4.75;4.7288;6.468795222;6.468795222;0.7813995;0.7813995;0.0212;0.77791199;0.77791199
PT. MMKI 1.75 MWp - Painting Building;NE=50488260;W3;July;14/07/2025;5.399;5.3723;7.209145301;7.209145301;0.766521241;0.766521241;0.0267;0.762730518;0.762730518
PT. MMKI 1.75 MWp - Painting Building;NE=50488260;W3;July;15/07/2025;5.437;5.4133;7.294361187;7.294361187;0.769707715;0.769707715;0.0237;0.766352543;0.766352543
PT. MMKI 1.75 MWp - Painting Building;NE=50488260;W3;July;16/07/2025;5.411;5.3874;7.282597045;7.282597045;0.772160765;0.772160765;0.0236;0.768792997;0.768792997
PT. MMKI 1.75 MWp - Painting Building;NE=50488260;W3;July;17/07/2025;4.505;4.4889;6.112806354;6.112806354;0.777859893;0.777859893;0.0161;0.775079972;0.775079972
PT. MMKI 1.75 MWp - Painting Building;NE=50488260;W3;July;18/07/2025;4.116;4.1059;5.669426716;5.669426716;0.788735612;0.788735612;0.0101;0.786800182;0.786800182
PT. MMKI 1.75 MWp - Painting Building;NE=50488260;W3;July;19/07/2025;5.089;5.0677;6.876783575;6.876783575;0.775131044;0.775131044;0.0213;0.771886735;0.771886735
PT. MMKI 1.75 MWp - Painting Building;NE=50488260;W3;July;20/07/2025;4.552;4.5321;6.209786381;6.209786381;0.782668488;0.782668488;0.0199;0.779246893;0.779246893
PT. MMKI 1.75 MWp - Painting Building;NE=50488260;W4;July;21/07/2025;5.28;5.2526;7.046325621;7.046325621;0.766282754;0.766282754;0.0274;0.762306211;0.762306211
PT. MMKI 1.75 MWp - Painting Building;NE=50488260;W4;July;22/07/2025;4.951;4.9266;6.617577018;6.617577018;0.767277343;0.767277343;0.0244;0.763495972;0.763495972
PT. MMKI 1.75 MWp - Painting Building;NE=50488260;W4;July;23/07/2025;4.904;4.8877;6.664930161;6.664930161;0.778917988;0.778917988;0.0163;0.776329007;0.776329007
PT. MMKI 1.75 MWp - Painting Building;NE=50488260;W4;July;24/07/2025;5.43;5.4074;7.253433836;7.253433836;0.766224138;0.766224138;0.0226;0.763035065;0.763035065
PT. MMKI 1.75 MWp - Painting Building;NE=50488260;W4;July;25/07/2025;5.323;5.3018;7.184727292;7.184727292;0.77408316;0.77408316;0.0212;0.771000206;0.771000206
PT. MMKI 1.75 MWp - Painting Building;NE=50488260;W4;July;26/07/2025;5.481;5.4568;7.345075513;7.345075513;0.768880595;0.768880595;0.0242;0.765485793;0.765485793
PT. MMKI 1.75 MWp - Painting Building;NE=50488260;W4;July;27/07/2025;5.64;5.6127;7.537552694;7.537552694;0.767112754;0.767112754;0.0273;0.763399602;0.763399602
PT. MMKI 1.75 MWp - Painting Building;NE=50488260;W5;July;28/07/2025;5.623;5.5995;7.526678277;7.526678277;0.767811788;0.767811788;0.0235;0.7646029;0.7646029
PT. MMKI 1.75 MWp - Painting Building;NE=50488260;W5;July;29/07/2025;5.697;5.6737;7.621681138;7.621681138;0.767335126;0.767335126;0.0233;0.764196823;0.764196823
PT. MMKI 1.75 MWp - Painting Building;NE=50488260;W5;July;30/07/2025;5.745;5.7198;7.671406881;7.671406881;0.766116553;0.766116553;0.0252;0.762756042;0.762756042
PT. MMKI 1.75 MWp - Painting Building;NE=50488260;W5;July;31/07/2025;5.964;5.9345;7.901845662;7.901845662;0.760580314;0.760580314;0.0295;0.756818222;0.756818222
PT. MMKI 1.75 MWp - Painting Building;NE=50488260;W1;August;01/08/2025;5.931;5.8989;-0,043596526;8.042670601;-0,004221643;0.778807132;0.0321;-0,004198795;0.77459204
PT. MMKI 1.75 MWp - Painting Building;NE=50488260;W1;August;02/08/2025;5.505;5.4801;7.363265447;7.363265447;0.767507531;0.767507531;0.0249;0.764035971;0.764035971
PT. MMKI 1.75 MWp - Painting Building;NE=50488260;W1;August;03/08/2025;5.89;5.8648;7.842431802;7.842431802;0.763832646;0.763832646;0.0252;0.760564635;0.760564635
PT. MMKI 1.75 MWp - Painting Building;NE=50488260;W2;August;04/08/2025;5.503;5.4854;7.430489116;7.430489116;0.773766231;0.773766231;0.0176;0.771291529;0.771291529
PT. MMKI 1.75 MWp - Painting Building;NE=50488260;W2;August;05/08/2025;5.341;5.3246;7.213198493;7.213198493;0.773822881;0.773822881;0.0164;0.771446792;0.771446792
PT. MMKI 1.75 MWp - Painting Building;NE=50488260;W2;August;06/08/2025;5.518;5.4982;7.412101465;7.412101465;0.770054555;0.770054555;0.0198;0.767291402;0.767291402
PT. MMKI 1.75 MWp - Painting Building;NE=50488260;W2;August;07/08/2025;5.335;5.3162;7.17652205;7.17652205;0.771104761;0.771104761;0.0188;0.768387465;0.768387465
PT. MMKI 1.75 MWp - Painting Building;NE=50488260;W2;August;08/08/2025;5.133;5.1153;6.949147877;6.949147877;0.775998919;0.775998919;0.0177;0.773323061;0.773323061
PT. MMKI 1.75 MWp - Painting Building;NE=50488260;W2;August;09/08/2025;4.843;4.8232;6.543235549;6.543235549;0.774921938;0.774921938;0.0198;0.771753766;0.771753766
PT. MMKI 1.75 MWp - Painting Building;NE=50488260;W2;August;10/08/2025;5.089;5.0742;6.907825093;6.907825093;0.777632537;0.777632537;0.0148;0.775371;0.775371
PT. MMKI 1.75 MWp - Painting Building;NE=50488260;W3;August;11/08/2025;5.112;5.094;6.901498159;6.901498159;0.773900465;0.773900465;0.018;0.771175464;0.771175464
PT. MMKI 1.75 MWp - Painting Building;NE=50488260;W3;August;12/08/2025;5.147;5.131;6.964273203;6.964273203;0.775308342;0.775308342;0.016;0.772898213;0.772898213
PT. MMKI 1.75 MWp - Painting Building;NE=50488260;W3;August;13/08/2025;5.252;5.238;7.123336265;7.123336265;0.776816826;0.776816826;0.014;0.774746103;0.774746103
PT. MMKI 1.75 MWp - Painting Building;NE=50488260;W3;August;14/08/2025;5.135;5.1184;6.930265935;6.930265935;0.773421693;0.773421693;0.0166;0.77092144;0.77092144
PT. MMKI 1.75 MWp - Painting Building;NE=50488260;W3;August;15/08/2025;5.58;5.5666;7.523317093;7.523317093;0.772004841;0.772004841;0.0134;0.770150922;0.770150922
PT. MMKI 1.75 MWp - Painting Building;NE=50488260;W3;August;16/08/2025;5.73;5.7141;7.693155715;7.693155715;0.769054926;0.769054926;0.0159;0.766920899;0.766920899
PT. MMKI 1.75 MWp - Painting Building;NE=50488260;W3;August;17/08/2025;4.942;4.9279;6.727112054;6.727112054;0.779771661;0.779771661;0.0141;0.777546897;0.777546897
PT. MMKI 1.75 MWp - Painting Building;NE=50488260;W4;August;18/08/2025;5.008;4.9895;6.805605573;6.805605573;0.779130885;0.779130885;0.0185;0.776252706;0.776252706
PT. MMKI 1.75 MWp - Painting Building;NE=50488260;W4;August;19/08/2025;6.012;5.9881;7.95661318;7.95661318;0.758996673;0.758996673;0.0239;0.755979371;0.755979371
PT. MMKI 1.75 MWp - Painting Building;NE=50488260;W4;August;20/08/2025;5.833;5.815;7.790827751;7.790827751;0.765305008;0.765305008;0.018;0.762943361;0.762943361
PT. MMKI 1.75 MWp - Painting Building;NE=50488260;W4;August;21/08/2025;5.839;5.8245;7.831458527;7.831458527;0.768041478;0.768041478;0.0145;0.766134199;0.766134199
PT. MMKI 1.75 MWp - Painting Building;NE=50488260;W4;August;22/08/2025;6.224;6.2054;8.257735672;8.257735672;0.760136991;0.760136991;0.0186;0.757865374;0.757865374
PT. MMKI 1.75 MWp - Painting Building;NE=50488260;W4;August;23/08/2025;6.223;6.2032;8.240237746;8.240237746;0.758795297;0.758795297;0.0198;0.756381003;0.756381003
PT. MMKI 1.75 MWp - Painting Building;NE=50488260;W4;August;24/08/2025;5.655;5.6421;7.612586171;7.612586171;0.770711988;0.770711988;0.0129;0.768953865;0.768953865
PT. MMKI 1.75 MWp - Painting Building;NE=50488260;W5;August;25/08/2025;5.804;5.7876;7.759489658;7.759489658;0.765835198;0.765835198;0.0164;0.763671225;0.763671225
PT. MMKI 1.75 MWp - Painting Building;NE=50488260;W5;August;26/08/2025;5.564;5.5497;7.463606658;7.463606658;0.768209915;0.768209915;0.0143;0.766235544;0.766235544
PT. MMKI 1.75 MWp - Painting Building;NE=50488260;W5;August;27/08/2025;5.884;5.8683;7.860621736;7.860621736;0.765147673;0.765147673;0.0157;0.763106066;0.763106066
PT. MMKI 1.75 MWp - Painting Building;NE=50488260;W5;August;28/08/2025;5.899;5.8821;7.853899369;7.853899369;0.762699744;0.762699744;0.0169;0.760514692;0.760514692
PT. MMKI 1.75 MWp - Painting Building;NE=50488260;W5;August;29/08/2025;5.121;5.1116;6.938767752;6.938767752;0.775400652;0.775400652;0.0094;0.773977343;0.773977343
PT. MMKI 1.75 MWp - Painting Building;NE=50488260;W5;August;30/08/2025;5.615;5.6046;7.577392603;7.577392603;0.772281869;0.772281869;0.0104;0.770851463;0.770851463
PT. MMKI 1.75 MWp - Painting Building;NE=50488260;W5;August;31/08/2025;5.935;5.9212;7.937928955;7.937928955;0.765769649;0.765769649;0.0138;0.763989089;0.763989089
PT. MMKI 1.75 MWp - Painting Building;NE=50488260;W1;September;01/09/2025;5.865;5.8526;7.930910013;7.930910013;0.774060402;0.774060402;0.0124;0.772423855;0.772423855
PT. MMKI 1.75 MWp - Painting Building;NE=50488260;W1;September;02/09/2025;6.244;6.2299;8.318335832;8.318335832;0.762704039;0.762704039;0.0141;0.760981725;0.760981725
PT. MMKI 1.75 MWp - Painting Building;NE=50488260;W1;September;03/09/2025;5.807;5.7972;7.831359668;7.831359668;0.771648575;0.771648575;0.0098;0.770346327;0.770346327
PT. MMKI 1.75 MWp - Painting Building;NE=50488260;W1;September;04/09/2025;5.374;5.3659;7.312946554;7.312946554;0.778485444;0.778485444;0.0081;0.777312066;0.777312066
PT. MMKI 1.75 MWp - Painting Building;NE=50488260;W1;September;05/09/2025;6.184;6.1744;8.292138373;8.292138373;0.767136155;0.767136155;0.0096;0.765945258;0.765945258
PT. MMKI 1.75 MWp - Painting Building;NE=50488260;W1;September;06/09/2025;5.787;5.7794;7.818409226;7.818409226;0.772745201;0.772745201;0.0076;0.771730364;0.771730364
PT. MMKI 1.75 MWp - Painting Building;NE=50488260;W1;September;07/09/2025;4.773;4.7678;6.579516558;6.579516558;0.788272956;0.788272956;0.0052;0.787414162;0.787414162
PT. MMKI 1.75 MWp - Painting Building;NE=50488260;W2;September;08/09/2025;5.423;5.4114;7.384223414;7.384223414;0.779463642;0.779463642;0.0116;0.777796341;0.777796341
PT. MMKI 1.75 MWp - Painting Building;NE=50488260;W2;September;09/09/2025;6.004;5.9945;8.091258234;8.091258234;0.771016672;0.771016672;0.0095;0.769796709;0.769796709
PT. MMKI 1.75 MWp - Painting Building;NE=50488260;W2;September;10/09/2025;5.847;5.8417;7.919047012;7.919047012;0.774344723;0.774344723;0.0053;0.77364282;0.77364282
PT. MMKI 1.75 MWp - Painting Building;NE=50488260;W2;September;11/09/2025;5.531;5.5199;7.449964208;7.449964208;0.770945447;0.770945447;0.0111;0.76939826;0.76939826
PT. MMKI 1.75 MWp - Painting Building;NE=50488260;W2;September;12/09/2025;5.396;5.3902;7.386596014;7.386596014;0.782780755;0.782780755;0.0058;0.781939367;0.781939367
PT. MMKI 1.75 MWp - Painting Building;NE=50488260;W2;September;13/09/2025;4.861;4.8547;6.672146819;6.672146819;0.785061842;0.785061842;0.0063;0.784044378;0.784044378
PT. MMKI 1.75 MWp - Painting Building;NE=50488260;W2;September;14/09/2025;5.009;5.0066;6.884395667;6.884395667;0.785459143;0.785459143;0.0024;0.7850828;0.7850828
PT. MMKI 1.75 MWp - Painting Building;NE=50488260;W3;September;15/09/2025;6.632;6.6218;8.756574836;8.756574836;0.75536851;0.75536851;0.0102;0.754206755;0.754206755
PT. MMKI 1.75 MWp - Painting Building;NE=50488260;W3;September;16/09/2025;6.432;6.4271;8.597314056;8.597314056;0.764096845;0.764096845;0.0049;0.763514744;0.763514744
PT. MMKI 1.75 MWp - Painting Building;NE=50488260;W3;September;17/09/2025;6.244;6.2398;8.370236458;8.370236458;0.766245133;0.766245133;0.0042;0.765729722;0.765729722
PT. MMKI 1.75 MWp - Painting Building;NE=50488260;W3;September;18/09/2025;6.693;6.6857;8.842977022;8.842977022;0.755530991;0.755530991;0.0073;0.75470694;0.75470694
PT. MMKI 1.75 MWp - Painting Building;NE=50488260;W3;September;19/09/2025;6.123;6.1164;8.202869295;8.202869295;0.766073755;0.766073755;0.0066;0.765248001;0.765248001
PT. MMKI 1.75 MWp - Painting Building;NE=50488260;W3;September;20/09/2025;6.291;6.2838;8.385757217;8.385757217;0.762290667;0.762290667;0.0072;0.761418231;0.761418231
PT. MMKI 1.75 MWp - Painting Building;NE=50488260;W3;September;21/09/2025;6.156;6.1493;8.258032247;8.258032247;0.767099263;0.767099263;0.0067;0.766264375;0.766264375
PT. MMKI 1.75 MWp - Painting Building;NE=50488260;W4;September;22/09/2025;6.451;6.4419;8.599587798;8.599587798;0.762542981;0.762542981;0.0091;0.761467312;0.761467312
PT. MMKI 1.75 MWp - Painting Building;NE=50488260;W4;September;23/09/2025;6.71;6.7016;8.861265814;8.861265814;0.755297303;0.755297303;0.0084;0.754351774;0.754351774
PT. MMKI 1.75 MWp - Painting Building;NE=50488260;W4;September;24/09/2025;5.278;5.2759;7.226742085;7.226742085;0.782432123;0.782432123;0.0021;0.78212081;0.78212081
PT. MMKI 1.75 MWp - Painting Building;NE=50488260;W4;September;25/09/2025;5.589;5.5904;7.619506254;7.619506254;0.778546611;0.778546611;-0,0014;0.778741631;0.778741631
PT. MMKI 1.75 MWp - Painting Building;NE=50488260;W4;September;26/09/2025;5.482;5.4815;7.469142725;7.469142725;0.77834477;0.77834477;0.0005;0.778273779;0.778273779
PT. MMKI 1.75 MWp - Painting Building;NE=50488260;W4;September;27/09/2025;4.679;4.6743;6.424111254;6.424111254;0.785049684;0.785049684;0.0047;0.784261111;0.784261111
PT. MMKI 1.75 MWp - Painting Building;NE=50488260;W4;September;28/09/2025;5.873;5.8696;7.916970987;7.916970987;0.770461992;0.770461992;0.0034;0.770015956;0.770015956
PT. MMKI 1.75 MWp - Painting Building;NE=50488260;W5;September;29/09/2025;5.641;5.6422;7.688410514;7.688410514;0.778374786;0.778374786;-0,0012;0.778540368;0.778540368
PT. MMKI 1.75 MWp - Painting Building;NE=50488260;W5;September;30/09/2025;5.635;5.6368;7.691573981;7.691573981;0.779441038;0.779441038;-0,0018;0.779690016;0.779690016
PT. MMKI 1.75 MWp - Painting Building;NE=50488260;W1;October;01/10/2025;6.272;6.2745;8.386251509;8.386251509;0.763465526;0.763465526;-0,0025;0.763769841;0.763769841
PT. MMKI 1.75 MWp - Painting Building;NE=50488260;W1;October;02/10/2025;5.348;5.3479;7.267768294;7.267768294;0.776280125;0.776280125;1.00E-04;0.77626561;0.77626561
PT. MMKI 1.75 MWp - Painting Building;NE=50488260;W1;October;03/10/2025;4.859;4.8561;6.655835194;6.655835194;0.782916796;0.782916796;0.0029;0.782449527;0.782449527
PT. MMKI 1.75 MWp - Painting Building;NE=50488260;W1;October;04/10/2025;3.811;3.7998;5.285757514;5.285757514;0.794597454;0.794597454;0.0112;0.792262243;0.792262243
PT. MMKI 1.75 MWp - Painting Building;NE=50488260;W1;October;05/10/2025;3.363;3.3487;4.663839722;4.663839722;0.795551038;0.795551038;0.0143;0.792168231;0.792168231
PT. MMKI 1.75 MWp - Painting Building;NE=50488260;W2;October;06/10/2025;3.767;3.7568;5.278837431;5.278837431;0.802640157;0.802640157;0.0102;0.800466828;0.800466828
PT. MMKI 1.75 MWp - Painting Building;NE=50488260;W2;October;07/10/2025;5.493;5.4948;7.572845119;7.572845119;0.787241277;0.787241277;-0,0018;0.787499248;0.787499248
PT. MMKI 1.75 MWp - Painting Building;NE=50488260;W2;October;08/10/2025;5.086;5.0807;7.024280213;7.024280213;0.789730567;0.789730567;0.0053;0.788907608;0.788907608
PT. MMKI 1.75 MWp - Painting Building;NE=50488260;W2;October;09/10/2025;6.475;6.4811;8.728004777;8.728004777;0.769248972;0.769248972;-0,0061;0.76997367;0.76997367
PT. MMKI 1.75 MWp - Painting Building;NE=50488260;W2;October;10/10/2025;4.841;4.8393;6.656527202;6.656527202;0.785716434;0.785716434;0.0017;0.785440517;0.785440517
PT. MMKI 1.75 MWp - Painting Building;NE=50488260;W2;October;11/10/2025;6.344;6.3513;8.616888007;8.616888007;0.774976429;0.774976429;-0,0073;0.775868189;0.775868189
PT. MMKI 1.75 MWp - Painting Building;NE=50488260;W2;October;12/10/2025;4.905;4.9099;6.770214289;6.770214289;0.787644854;0.787644854;-0,0049;0.788431696;0.788431696
PT. MMKI 1.75 MWp - Painting Building;NE=50488260;W3;October;13/10/2025;4.456;4.4549;6.113992654;6.113992654;0.783948665;0.783948665;0.0011;0.78375514;0.78375514
PT. MMKI 1.75 MWp - Painting Building;NE=50488260;W3;October;14/10/2025;5.695;5.6967;7.758303358;7.758303358;0.777936376;0.777936376;-0,0017;0.778168596;0.778168596
PT. MMKI 1.75 MWp - Painting Building;NE=50488260;W3;October;15/10/2025;6.014;6.0213;8.265446622;8.265446622;0.784109529;0.784109529;-0,0073;0.785061308;0.785061308
PT. MMKI 1.75 MWp - Painting Building;NE=50488260;W3;October;16/10/2025;6.602;6.6152;8.91375959;8.91375959;0.769694901;0.769694901;-0,0132;0.771233825;0.771233825
PT. MMKI 1.75 MWp - Painting Building;NE=50488260;W3;October;17/10/2025;6.686;6.7008;8.978808375;8.978808375;0.76540751;0.76540751;-0,0148;0.767101801;0.767101801
PT. MMKI 1.75 MWp - Painting Building;NE=50488260;W3;October;18/10/2025;6.497;6.5094;8.78544147;8.78544147;0.770944833;0.770944833;-0,0124;0.772416238;0.772416238
PT. MMKI 1.75 MWp - Painting Building;NE=50488260;W3;October;19/10/2025;6.983;6.9949;9.291793867;9.291793867;0.758784985;0.758784985;-0,0119;0.76007806;0.76007806
PT. MMKI 1.75 MWp - Painting Building;NE=50488260;W4;October;20/10/2025;6.482;6.4924;8.723259577;8.723259577;0.767492603;0.767492603;-0,0104;0.768724002;0.768724002
PT. MMKI 1.75 MWp - Painting Building;NE=50488260;W4;October;21/10/2025;5.547;5.5578;7.58767387;7.58767387;0.779841627;0.779841627;-0,0108;0.781359977;0.781359977
PT. MMKI 1.75 MWp - Painting Building;NE=50488260;W4;October;22/10/2025;5.471;5.482;7.524503393;7.524503393;0.78404228;0.78404228;-0,011;0.785618677;0.785618677
PT. MMKI 1.75 MWp - Painting Building;NE=50488260;W4;October;23/10/2025;5.176;5.1809;7.153982349;7.153982349;0.788757181;0.788757181;-0,0049;0.78950388;0.78950388
PT. MMKI 1.75 MWp - Painting Building;NE=50488260;W4;October;24/10/2025;5.216;5.2171;7.222787751;7.222787751;0.790817668;0.790817668;-0,0011;0.790984443;0.790984443
PT. MMKI 1.75 MWp - Painting Building;NE=50488260;W4;October;25/10/2025;5.484;5.4899;7.506412318;7.506412318;0.781031687;0.781031687;-0,0059;0.781871966;0.781871966
PT. MMKI 1.75 MWp - Painting Building;NE=50488260;W4;October;26/10/2025;4.795;4.8038;6.634877227;6.634877227;0.788948482;0.788948482;-0,0088;0.790396396;0.790396396
PT. MMKI 1.75 MWp - Painting Building;NE=50488260;W5;October;27/10/2025;4.978;4.9905;6.833780199;6.833780199;0.782199651;0.782199651;-0,0125;0.784163793;0.784163793
PT. MMKI 1.75 MWp - Painting Building;NE=50488260;W5;October;28/10/2025;6.347;6.3649;8.628256716;8.628256716;0.774340804;0.774340804;-0,0179;0.776524624;0.776524624
PT. MMKI 1.75 MWp - Painting Building;NE=50488260;W5;October;29/10/2025;5.987;6.0033;8.148398352;8.148398352;0.775323375;0.775323375;-0,0163;0.777434244;0.777434244
PT. MMKI 1.75 MWp - Painting Building;NE=50488260;W5;October;30/10/2025;6.012;6.0272;8.18537137;8.18537137;0.775752988;0.775752988;-0,0152;0.777714306;0.777714306
PT. MMKI 1.75 MWp - Painting Building;NE=50488260;W5;October;31/10/2025;5.548;5.5611;7.597658562;7.597658562;0.780404455;0.780404455;-0,0131;0.782247154;0.782247154
PT. MMKI 1.75 MWp - Painting Building;NE=50488260;W1;November;01/11/2025;5.759;5.7722;7.775109275;7.775109275;0.769424131;0.769424131;-0,0132;0.771187701;0.771187701
PT. MMKI 1.75 MWp - Painting Building;NE=50488260;W1;November;02/11/2025;5.886;5.901;7.968476181;7.968476181;0.771347961;0.771347961;-0,015;0.77331368;0.77331368
PT. MMKI 1.75 MWp - Painting Building;NE=50488260;W2;November;03/11/2025;5.554;5.5657;7.572449686;7.572449686;0.777172232;0.777172232;-0,0117;0.778809415;0.778809415
PT. MMKI 1.75 MWp - Painting Building;NE=50488260;W2;November;04/11/2025;5.569;5.5753;7.590441903;7.590441903;0.777677423;0.777677423;-0,0063;0.778557181;0.778557181
PT. MMKI 1.75 MWp - Painting Building;NE=50488260;W2;November;05/11/2025;6.281;6.3023;8.592568856;8.592568856;0.778797629;0.778797629;-0,0213;0.781438671;0.781438671
PT. MMKI 1.75 MWp - Painting Building;NE=50488260;W2;November;06/11/2025;5.9;5.9183;8.107965293;8.107965293;0.782556273;0.782556273;-0,0183;0.784983524;0.784983524
PT. MMKI 1.75 MWp - Painting Building;NE=50488260;W2;November;07/11/2025;2.106;2.1066;2.888838297;2.888838297;0.783324707;0.783324707;-0,0006;0.783547876;0.783547876
PT. MMKI 1.75 MWp - Painting Building;NE=50488260;W2;November;08/11/2025;6.067;6.0909;8.336031474;8.336031474;0.781769186;0.781769186;-0,0239;0.784848843;0.784848843
PT. MMKI 1.75 MWp - Painting Building;NE=50488260;W2;November;09/11/2025;3.892;3.891;5.331430065;5.331430065;0.782678056;0.782678056;0.001;0.782476957;0.782476957
PT. MMKI 1.75 MWp - Painting Building;NE=50488260;W3;November;10/11/2025;5.855;5.8759;7.95364743;7.95364743;0.773201364;0.773201364;-0,0209;0.775961382;0.775961382
PT. MMKI 1.75 MWp - Painting Building;NE=50488260;W3;November;11/11/2025;5.829;5.8479;7.917564137;7.917564137;0.77337891;0.77337891;-0,0189;0.77588652;0.77588652
PT. MMKI 1.75 MWp - Painting Building;NE=50488260;W3;November;12/11/2025;5.897;5.904;7.935655213;7.935655213;0.767780563;0.767780563;-0,007;0.768691953;0.768691953
PT. MMKI 1.75 MWp - Painting Building;NE=50488260;W3;November;13/11/2025;3.476;3.4734;4.759732308;4.759732308;0.782759596;0.782759596;0.0026;0.782174102;0.782174102
PT. MMKI 1.75 MWp - Painting Building;NE=50488260;W3;November;14/11/2025;5.457;5.4621;7.469340442;7.469340442;0.781129931;0.781129931;-0,0051;0.781859959;0.781859959
PT. MMKI 1.75 MWp - Painting Building;NE=50488260;W3;November;15/11/2025;3.751;3.74;5.114930309;5.114930309;0.781211793;0.781211793;0.011;0.778920849;0.778920849
PT. MMKI 1.75 MWp - Painting Building;NE=50488260;W3;November;16/11/2025;4.104;4.1065;5.657860291;5.657860291;0.787011474;0.787011474;-0,0025;0.787490891;0.787490891
PT. MMKI 1.75 MWp - Painting Building;NE=50488260;W4;November;17/11/2025;5.91;5.9275;8.042422216;8.042422216;0.775025476;0.775025476;-0,0175;0.777320391;0.777320391
PT. MMKI 1.75 MWp - Painting Building;NE=50488260;W4;November;18/11/2025;4.888;4.8898;6.713173029;6.713173029;0.784219102;0.784219102;-0,0018;0.78450789;0.78450789
PT. MMKI 1.75 MWp - Painting Building;NE=50488260;W4;November;19/11/2025;4.152;4.1386;5.695723034;5.695723034;0.786133097;0.786133097;0.0134;0.783595963;0.783595963
PT. MMKI 1.75 MWp - Painting Building;NE=50488260;W4;November;20/11/2025;6.334;6.3625;8.572896047;8.572896047;0.76966269;0.76966269;-0,0285;0.773125807;0.773125807
PT. MMKI 1.75 MWp - Painting Building;NE=50488260;W4;November;21/11/2025;3.864;3.8574;5.310768673;5.310768673;0.786435991;0.786435991;0.0066;0.7850927;0.7850927
PT. MMKI 1.75 MWp - Painting Building;NE=50488260;W4;November;22/11/2025;4.766;4.7736;6.488764606;6.488764606;0.776455671;0.776455671;-0,0076;0.77769383;0.77769383
PT. MMKI 1.75 MWp - Painting Building;NE=50488260;W4;November;23/11/2025;6.027;6.0518;8.215622021;8.215622021;0.775454919;0.775454919;-0,0248;0.778645774;0.778645774
PT. MMKI 1.75 MWp - Painting Building;NE=50488260;W5;November;24/11/2025;6.403;6.4228;8.695678101;8.695678101;0.773356478;0.773356478;-0,0198;0.775747929;0.775747929
PT. MMKI 1.75 MWp - Painting Building;NE=50488260;W5;November;25/11/2025;6.036;6.0565;8.243796647;8.243796647;0.777510425;0.777510425;-0,0205;0.780151075;0.780151075
PT. MMKI 1.75 MWp - Painting Building;NE=50488260;W5;November;26/11/2025;4.083;4.097;5.624841607;5.624841607;0.784232805;0.784232805;-0,014;0.786921823;0.786921823
PT. MMKI 1.75 MWp - Painting Building;NE=50488260;W5;November;27/11/2025;3.372;3.3677;4.672143822;4.672143822;0.792471182;0.792471182;0.0043;0.791460617;0.791460617
PT. MMKI 1.75 MWp - Painting Building;NE=50488260;W5;November;28/11/2025;3.591;3.5885;4.983844156;4.983844156;0.79332689;0.79332689;0.0025;0.792774587;0.792774587
PT. MMKI 1.75 MWp - Painting Building;NE=50488260;W5;November;29/11/2025;4.908;4.9235;6.758549005;6.758549005;0.784115785;0.784115785;-0,0155;0.786592108;0.786592108
PT. MMKI 1.75 MWp - Painting Building;NE=50488260;W5;November;30/11/2025;2.543;2.5371;3.538139849;3.538139849;0.796595927;0.796595927;0.0059;0.794747749;0.794747749
PT. MMKI 1.75 MWp - Painting Building;NE=50488260;W1;December;01/12/2025;6.259;6.2839;8.563702222;8.563702222;0.778454017;0.778454017;-0,0249;0.781550919;0.781550919
PT. MMKI 1.75 MWp - Painting Building;NE=50488260;W1;December;02/12/2025;5.01;5.0297;6.853551866;6.853551866;0.77834886;0.77834886;-0,0197;0.781409433;0.781409433
PT. MMKI 1.75 MWp - Painting Building;NE=50488260;W1;December;03/12/2025;5.589;5.6097;7.732600191;7.732600191;0.787384011;0.787384011;-0,0207;0.790300248;0.790300248
PT. MMKI 1.75 MWp - Painting Building;NE=50488260;W1;December;04/12/2025;4.793;4.7951;6.553022524;6.553022524;0.780628969;0.780628969;-0,0021;0.780970993;0.780970993
PT. MMKI 1.75 MWp - Painting Building;NE=50488260;W1;December;05/12/2025;6.436;6.4685;8.742932385;8.742932385;0.772065612;0.772065612;-0,0325;0.775964327;0.775964327
PT. MMKI 1.75 MWp - Painting Building;NE=50488260;W1;December;06/12/2025;5.956;5.9767;8.144641735;8.144641735;0.778415007;0.778415007;-0,0207;0.781120379;0.781120379
PT. MMKI 1.75 MWp - Painting Building;NE=50488260;W1;December;07/12/2025;5.573;5.5904;7.543286477;7.543286477;0.770758619;0.770758619;-0,0174;0.773165079;0.773165079
PT. MMKI 1.75 MWp - Painting Building;NE=50488260;W2;December;08/12/2025;4.629;4.6266;6.367465428;6.367465428;0.78614981;0.78614981;0.0024;0.785742215;0.785742215
PT. MMKI 1.75 MWp - Painting Building;NE=50488260;W2;December;09/12/2025;2.478;2.4674;3.454110263;3.454110263;0.799645152;0.799645152;0.0106;0.796224555;0.796224555
PT. MMKI 1.75 MWp - Painting Building;NE=50488260;W2;December;10/12/2025;2.876;2.8633;3.962934119;3.962934119;0.790588825;0.790588825;0.0127;0.787097699;0.787097699
PT. MMKI 1.75 MWp - Painting Building;NE=50488260;W2;December;11/12/2025;2.756;2.7432;3.82799249;3.82799249;0.797102694;0.797102694;0.0128;0.79340062;0.79340062
PT. MMKI 1.75 MWp - Painting Building;NE=50488260;W2;December;12/12/2025;4.782;4.8028;6.616390718;6.616390718;0.786914076;0.786914076;-0,0208;0.790336872;0.790336872
PT. MMKI 1.75 MWp - Painting Building;NE=50488260;W2;December;13/12/2025;5.995;6.0278;8.247849838;8.247849838;0.781596459;0.781596459;-0,0328;0.78587275;0.78587275
PT. MMKI 1.75 MWp - Painting Building;NE=50488260;W2;December;14/12/2025;4.966;4.9661;6.837240241;6.837240241;0.786440827;0.786440827;-1,00E-04;0.786456664;0.786456664
PT. MMKI 1.75 MWp - Painting Building;NE=50488260;W3;December;15/12/2025;3.37;3.3651;4.72157299;4.72157299;0.801473939;0.801473939;0.0049;0.800308591;0.800308591
PT. MMKI 1.75 MWp - Painting Building;NE=50488260;W3;December;16/12/2025;5.366;5.3811;7.373843289;7.373843289;0.782750786;0.782750786;-0,0151;0.784953458;0.784953458
PT. MMKI 1.75 MWp - Painting Building;NE=50488260;W3;December;17/12/2025;6.602;6.6227;8.935706141;8.935706141;0.770716164;0.770716164;-0,0207;0.773132678;0.773132678
PT. MMKI 1.75 MWp - Painting Building;NE=50488260;W3;December;18/12/2025;4.816;4.8243;6.69587282;6.69587282;0.792818109;0.792818109;-0,0083;0.794184469;0.794184469
PT. MMKI 1.75 MWp - Painting Building;NE=50488260;W3;December;19/12/2025;4.865;4.8739;6.753704947;6.753704947;0.791527742;0.791527742;-0,0089;0.792975758;0.792975758
PT. MMKI 1.75 MWp - Painting Building;NE=50488260;W3;December;20/12/2025;2.564;2.5508;3.557417224;3.557417224;0.79663442;0.79663442;0.0132;0.792533182;0.792533182
PT. MMKI 1.75 MWp - Painting Building;NE=50488260;W3;December;21/12/2025;4.302;4.2945;5.954138724;5.954138724;0.791966869;0.791966869;0.0075;0.790586174;0.790586174
PT. MMKI 1.75 MWp - Painting Building;NE=50488260;W4;December;22/12/2025;5.07;5.0697;7.037230655;7.037230655;0.792903248;0.792903248;0.0003;0.792856331;0.792856331
PT. MMKI 1.75 MWp - Painting Building;NE=50488260;W4;December;23/12/2025;2.02;2.0131;2.771098019;2.771098019;0.786298072;0.786298072;0.0069;0.783612203;0.783612203
PT. MMKI 1.75 MWp - Painting Building;NE=50488260;W4;December;24/12/2025;6.826;6.8631;9.337664135;9.337664135;0.777174592;0.777174592;-0,0371;0.781398614;0.781398614
PT. MMKI 1.75 MWp - Painting Building;NE=50488260;W4;December;25/12/2025;3.511;3.5009;4.867487894;4.867487894;0.794192618;0.794192618;0.0101;0.791907986;0.791907986
PT. MMKI 1.75 MWp - Painting Building;NE=50488260;W4;December;26/12/2025;4.699;4.69;6.493312089;6.493312089;0.790849977;0.790849977;0.009;0.789335261;0.789335261
PT. MMKI 1.75 MWp - Painting Building;NE=50488260;W4;December;27/12/2025;6.569;6.5882;8.946679416;8.946679416;0.775703539;0.775703539;-0,0192;0.77797078;0.77797078
PT. MMKI 1.75 MWp - Painting Building;NE=50488260;W4;December;28/12/2025;6.678;6.7089;9.066100286;9.066100286;0.771915696;0.771915696;-0,0309;0.775487454;0.775487454
PT. MMKI 1.75 MWp - Painting Building;NE=50488260;W5;December;29/12/2025;4.497;4.4945;6.235786124;6.235786124;0.792520488;0.792520488;0.0025;0.792079905;0.792079905
PT. MMKI 1.75 MWp - Painting Building;NE=50488260;W5;December;30/12/2025;5.251;5.2534;7.262331086;7.262331086;0.789652921;0.789652921;-0,0024;0.790013837;0.790013837
PT. MMKI 1.75 MWp - Painting Building;NE=50488260;W5;December;31/12/2025;6.106;6.1186;8.315370082;8.315370082;0.776301083;0.776301083;-0,0126;0.777903015;0.777903015
PT. MMKI 5.7 MWp - Phase 2;NE=51758766;W1;January;01/01/2025;3.1881;3.1737;14.25065;;0.78678484;;0.0144;0.783231092;
PT. MMKI 5.7 MWp - Phase 2;NE=51758766;W1;January;02/01/2025;2.5915;2.5703;11.54125;;0.786785257;;0.0212;0.780348889;
PT. MMKI 5.7 MWp - Phase 2;NE=51758766;W1;January;03/01/2025;2.4866;2.4777;11.12545;;0.786784955;;0.0089;0.783968906;
PT. MMKI 5.7 MWp - Phase 2;NE=51758766;W1;January;04/01/2025;3.7238;3.7091;16.65472;;0.786784824;;0.0147;0.783678928;
PT. MMKI 5.7 MWp - Phase 2;NE=51758766;W1;January;05/01/2025;6.5372;6.5027;29.19864;;0.786785027;;0.0345;0.782632777;
PT. MMKI 5.7 MWp - Phase 2;NE=51758766;W2;January;06/01/2025;3.2835;3.2641;14.65657;;0.786785001;;0.0194;0.782136416;
PT. MMKI 5.7 MWp - Phase 2;NE=51758766;W2;January;07/01/2025;3.0494;3.0377;13.63998;;0.786784931;;0.0117;0.783766178;
PT. MMKI 5.7 MWp - Phase 2;NE=51758766;W2;January;08/01/2025;3.1519;3.1333;14.06925;;0.786785141;;0.0186;0.782142162;
PT. MMKI 5.7 MWp - Phase 2;NE=51758766;W2;January;09/01/2025;3.3417;3.324;14.92553;;0.786784739;;0.0177;0.782617372;
PT. MMKI 5.7 MWp - Phase 2;NE=51758766;W2;January;10/01/2025;3.3691;3.3578;15.0773;;0.786784748;;0.0113;0.784145863;
PT. MMKI 5.7 MWp - Phase 2;NE=51758766;W2;January;11/01/2025;5.0041;4.9606;22.27425;;0.786784983;;0.0435;0.779945562;
PT. MMKI 5.7 MWp - Phase 2;NE=51758766;W2;January;12/01/2025;4.17;4.1408;18.59316;;0.786785111;;0.0292;0.781275729;
PT. MMKI 5.7 MWp - Phase 2;NE=51758766;W3;January;13/01/2025;5.0632;5.0274;22.5742;;0.786785067;;0.0358;0.781222003;
PT. MMKI 5.7 MWp - Phase 2;NE=51758766;W3;January;14/01/2025;2.8164;2.8068;12.60319;;0.786785227;;0.0096;0.784103385;
PT. MMKI 5.7 MWp - Phase 2;NE=51758766;W3;January;15/01/2025;1.9867;1.9797;8.88931;;0.786784598;;0.007;0.784012417;
PT. MMKI 5.7 MWp - Phase 2;NE=51758766;W3;January;16/01/2025;2.6728;2.6623;11.95435;;0.786785153;;0.0105;0.783694295;
PT. MMKI 5.7 MWp - Phase 2;NE=51758766;W3;January;17/01/2025;3.6458;3.636;16.32649;;0.786785112;;0.0098;0.784670214;
PT. MMKI 5.7 MWp - Phase 2;NE=51758766;W3;January;18/01/2025;3.675;3.6545;16.40956;;0.786785144;;0.0205;0.782396275;
PT. MMKI 5.7 MWp - Phase 2;NE=51758766;W3;January;19/01/2025;3.8616;3.8482;17.27932;;0.786785221;;0.0134;0.784055025;
PT. MMKI 5.7 MWp - Phase 2;NE=51758766;W4;January;20/01/2025;5.4639;5.449;24.46728;;0.786784988;;0.0149;0.784639434;
PT. MMKI 5.7 MWp - Phase 2;NE=51758766;W4;January;21/01/2025;5.367;5.3281;23.92441;;0.786784961;;0.0389;0.781082346;
PT. MMKI 5.7 MWp - Phase 2;NE=51758766;W4;January;22/01/2025;2.9554;2.9463;13.22957;;0.786784769;;0.0091;0.784362172;
PT. MMKI 5.7 MWp - Phase 2;NE=51758766;W4;January;23/01/2025;0.6695;0.6671;2.99543;;0.786783811;;0.0024;0.783963377;
PT. MMKI 5.7 MWp - Phase 2;NE=51758766;W4;January;24/01/2025;1.9048;1.8983;8.52381;;0.78678504;;0.0065;0.78410019;
PT. MMKI 5.7 MWp - Phase 2;NE=51758766;W4;January;25/01/2025;5.687;5.6521;25.37925;;0.786785102;;0.0349;0.781956757;
PT. MMKI 5.7 MWp - Phase 2;NE=51758766;W4;January;26/01/2025;5.7497;5.7246;25.70479;;0.786785043;;0.0251;0.783350376;
PT. MMKI 5.7 MWp - Phase 2;NE=51758766;W5;January;27/01/2025;7.1625;7.1315;32.0221;;0.786785059;;0.031;0.783379776;
PT. MMKI 5.7 MWp - Phase 2;NE=51758766;W5;January;28/01/2025;3.3511;3.3296;14.95068;;0.786784987;;0.0215;0.781737129;
PT. MMKI 5.7 MWp - Phase 2;NE=51758766;W5;January;29/01/2025;5.8635;5.8432;26.23733;;0.786784992;;0.0203;0.784061067;
PT. MMKI 5.7 MWp - Phase 2;NE=51758766;W5;January;30/01/2025;4.7755;4.7615;21.38024;;0.786784813;;0.014;0.784478251;
PT. MMKI 5.7 MWp - Phase 2;NE=51758766;W5;January;31/01/2025;6.3315;6.3109;28.33741;;0.786784936;;0.0206;0.784225074;
PT. MMKI 5.7 MWp - Phase 2;NE=51758766;W1;February;01/02/2025;6.4133;6.3919;28.6346;;0.784961452;;0.0214;0.78234218;
PT. MMKI 5.7 MWp - Phase 2;NE=51758766;W1;February;02/02/2025;6.9106;6.8853;30.84495;;0.78496155;;0.0253;0.782087772;
PT. MMKI 5.7 MWp - Phase 2;NE=51758766;W2;February;03/02/2025;2.0758;2.0694;9.27055;;0.784961284;;0.0064;0.782541132;
PT. MMKI 5.7 MWp - Phase 2;NE=51758766;W2;February;04/02/2025;3.4079;3.4015;15.23813;;0.784961543;;0.0064;0.783487393;
PT. MMKI 5.7 MWp - Phase 2;NE=51758766;W2;February;05/02/2025;5.1733;5.1545;23.09126;;0.784961341;;0.0188;0.782108757;
PT. MMKI 5.7 MWp - Phase 2;NE=51758766;W2;February;06/02/2025;5.7384;5.7218;25.63267;;0.784961496;;0.0166;0.782690765;
PT. MMKI 5.7 MWp - Phase 2;NE=51758766;W2;February;07/02/2025;3.1611;3.1516;14.11862;;0.784961468;;0.0095;0.782602437;
PT. MMKI 5.7 MWp - Phase 2;NE=51758766;W2;February;08/02/2025;1.2835;1.2796;5.73239;;0.784962084;;0.0039;0.782576924;
PT. MMKI 5.7 MWp - Phase 2;NE=51758766;W2;February;09/02/2025;2.0312;2.0248;9.07075;;0.784961301;;0.0064;0.782488008;
PT. MMKI 5.7 MWp - Phase 2;NE=51758766;W3;February;10/02/2025;2.2588;2.2522;10.08946;;0.784961127;;0.0066;0.782667544;
PT. MMKI 5.7 MWp - Phase 2;NE=51758766;W3;February;11/02/2025;3.5474;3.5423;15.86889;;0.784961564;;0.0051;0.783833046;
PT. MMKI 5.7 MWp - Phase 2;NE=51758766;W3;February;12/02/2025;2.8015;2.7865;12.48304;;0.784961752;;0.015;0.780758851;
PT. MMKI 5.7 MWp - Phase 2;NE=51758766;W3;February;13/02/2025;1.8633;1.8576;8.32173;;0.78496194;;0.0057;0.782560671;
PT. MMKI 5.7 MWp - Phase 2;NE=51758766;W3;February;14/02/2025;7.5391;7.5193;33.68516;;0.784961548;;0.0198;0.782899998;
PT. MMKI 5.7 MWp - Phase 2;NE=51758766;W3;February;15/02/2025;5.7165;5.7133;25.59459;;0.78496145;;0.0032;0.784522042;
PT. MMKI 5.7 MWp - Phase 2;NE=51758766;W3;February;16/02/2025;4.7959;4.7784;21.4064;;0.784961426;;0.0175;0.782097141;
PT. MMKI 5.7 MWp - Phase 2;NE=51758766;W4;February;17/02/2025;2.5995;2.5921;11.61216;;0.784961651;;0.0074;0.7827271;
PT. MMKI 5.7 MWp - Phase 2;NE=51758766;W4;February;18/02/2025;4.5577;4.5397;20.33707;;0.784961598;;0.018;0.781861501;
PT. MMKI 5.7 MWp - Phase 2;NE=51758766;W4;February;19/02/2025;3.7228;3.7165;16.64927;;0.78496129;;0.0063;0.78363292;
PT. MMKI 5.7 MWp - Phase 2;NE=51758766;W4;February;20/02/2025;4.2924;4.2765;19.15798;;0.784961615;;0.0159;0.782053944;
PT. MMKI 5.7 MWp - Phase 2;NE=51758766;W4;February;21/02/2025;3.1369;3.1319;14.03037;;0.784961612;;0.005;0.783710438;
PT. MMKI 5.7 MWp - Phase 2;NE=51758766;W4;February;22/02/2025;3.6165;3.6011;16.1323;;0.784961378;;0.0154;0.781618808;
PT. MMKI 5.7 MWp - Phase 2;NE=51758766;W4;February;23/02/2025;1.6408;1.6359;7.32855;;0.78496173;;0.0049;0.782617561;
PT. MMKI 5.7 MWp - Phase 2;NE=51758766;W5;February;24/02/2025;5.9145;5.9104;26.47757;;0.784961637;;0.0041;0.784417492;
PT. MMKI 5.7 MWp - Phase 2;NE=51758766;W5;February;25/02/2025;2.323;2.3167;10.37841;;0.784961228;;0.0063;0.782832405;
PT. MMKI 5.7 MWp - Phase 2;NE=51758766;W5;February;26/02/2025;4.3521;4.3567;19.51726;;0.78496153;;-0,0046;0.785791204;
PT. MMKI 5.7 MWp - Phase 2;NE=51758766;W5;February;27/02/2025;5.4439;5.4462;24.39803;;0.7849615;;-0,0023;0.785293139;
PT. MMKI 5.7 MWp - Phase 2;NE=51758766;W5;February;28/02/2025;3.7823;3.7713;16.89477;;0.784961549;;0.011;0.782678659;
PT. MMKI 5.7 MWp - Phase 2;NE=51758766;W1;March;01/03/2025;4.1121;4.1091;18.34707;;0.782360992;;0.003;0.781790217;
PT. MMKI 5.7 MWp - Phase 2;NE=51758766;W1;March;02/03/2025;3.9884;3.9807;17.77377;;0.782361171;;0.0077;0.780850746;
PT. MMKI 5.7 MWp - Phase 2;NE=51758766;W2;March;03/03/2025;5.2547;5.2525;23.45234;;0.782361196;;0.0022;0.782033642;
PT. MMKI 5.7 MWp - Phase 2;NE=51758766;W2;March;04/03/2025;4.9913;4.9766;22.22045;;0.782361185;;0.0147;0.780057034;
PT. MMKI 5.7 MWp - Phase 2;NE=51758766;W2;March;05/03/2025;4.8723;4.8587;21.69403;;0.782361252;;0.0136;0.780177455;
PT. MMKI 5.7 MWp - Phase 2;NE=51758766;W2;March;06/03/2025;2.0458;2.04;9.10857;;0.782361037;;0.0058;0.780142984;
PT. MMKI 5.7 MWp - Phase 2;NE=51758766;W2;March;07/03/2025;2.4288;2.4225;10.81643;;0.782361263;;0.0063;0.780331917;
PT. MMKI 5.7 MWp - Phase 2;NE=51758766;W2;March;08/03/2025;4.1906;4.2042;18.77169;;0.782360989;;-0,0136;0.784900031;
PT. MMKI 5.7 MWp - Phase 2;NE=51758766;W2;March;09/03/2025;6.2497;6.2587;27.94501;;0.782361221;;-0,009;0.783487875;
PT. MMKI 5.7 MWp - Phase 2;NE=51758766;W3;March;10/03/2025;4.1493;4.1515;18.53639;;0.782361187;;-0,0022;0.782776003;
PT. MMKI 5.7 MWp - Phase 2;NE=51758766;W3;March;11/03/2025;4.0681;4.0716;18.17964;;0.78236129;;-0,0035;0.783034397;
PT. MMKI 5.7 MWp - Phase 2;NE=51758766;W3;March;12/03/2025;7.84;7.85;35.05014;;0.782361159;;-0,01;0.783359069;
PT. MMKI 5.7 MWp - Phase 2;NE=51758766;W3;March;13/03/2025;7.5282;7.5424;33.67671;;0.782361152;;-0,0142;0.783836873;
PT. MMKI 5.7 MWp - Phase 2;NE=51758766;W3;March;14/03/2025;6.8717;6.8864;30.74768;;0.782361172;;-0,0147;0.784034805;
PT. MMKI 5.7 MWp - Phase 2;NE=51758766;W3;March;15/03/2025;5.4648;5.4603;24.38016;;0.782361063;;0.0045;0.781716826;
PT. MMKI 5.7 MWp - Phase 2;NE=51758766;W3;March;16/03/2025;3.4215;3.4161;15.25284;;0.782361229;;0.0054;0.781126463;
PT. MMKI 5.7 MWp - Phase 2;NE=51758766;W4;March;17/03/2025;2.6684;2.6574;11.86525;;0.782360911;;0.011;0.779135768;
PT. MMKI 5.7 MWp - Phase 2;NE=51758766;W4;March;18/03/2025;5.6998;5.7069;25.48123;;0.782361204;;-0,0071;0.783335758;
PT. MMKI 5.7 MWp - Phase 2;NE=51758766;W4;March;19/03/2025;5.1829;5.1886;23.16703;;0.782361284;;-0,0057;0.783221702;
PT. MMKI 5.7 MWp - Phase 2;NE=51758766;W4;March;20/03/2025;2.5214;2.5175;11.2406;;0.782361004;;0.0039;0.78115088;
PT. MMKI 5.7 MWp - Phase 2;NE=51758766;W4;March;21/03/2025;2.1513;2.1456;9.58007;;0.782360838;;0.0057;0.780287925;
PT. MMKI 5.7 MWp - Phase 2;NE=51758766;W4;March;22/03/2025;2.7166;2.7143;12.11931;;0.782361064;;0.0023;0.781698681;
PT. MMKI 5.7 MWp - Phase 2;NE=51758766;W4;March;23/03/2025;7.8091;7.8266;34.94566;;0.782361174;;-0,0175;0.784114426;
PT. MMKI 5.7 MWp - Phase 2;NE=51758766;W5;March;24/03/2025;7.2619;7.2854;32.52921;;0.782361185;;-0,0235;0.784892959;
PT. MMKI 5.7 MWp - Phase 2;NE=51758766;W5;March;25/03/2025;6.9868;7.0086;31.2933;;0.782361139;;-0,0218;0.784802238;
PT. MMKI 5.7 MWp - Phase 2;NE=51758766;W5;March;26/03/2025;2.5052;2.4945;11.13791;;0.782361331;;0.0107;0.779019775;
PT. MMKI 5.7 MWp - Phase 2;NE=51758766;W5;March;27/03/2025;1.9545;1.9496;8.70494;;0.782361457;;0.0049;0.78040005;
PT. MMKI 5.7 MWp - Phase 2;NE=51758766;W5;March;28/03/2025;3.8253;3.8233;17.07098;;0.782361116;;0.002;0.781952071;
PT. MMKI 5.7 MWp - Phase 2;NE=51758766;W5;March;29/03/2025;6.7997;6.8259;30.47755;;0.782361214;;-0,0262;0.785375739;
PT. MMKI 5.7 MWp - Phase 2;NE=51758766;W5;March;30/03/2025;6.6713;6.6969;29.90156;;0.782361037;;-0,0256;0.785363217;
PT. MMKI 5.7 MWp - Phase 2;NE=51758766;W5;March;31/03/2025;6.9688;6.9996;31.25312;;0.782361261;;-0,0308;0.785819063;
PT. MMKI 5.7 MWp - Phase 2;NE=51758766;W1;April;01/04/2025;6.9965;7.0294;31.27967;;0.779706378;;-0,0329;0.783372831;
PT. MMKI 5.7 MWp - Phase 2;NE=51758766;W1;April;02/04/2025;7.2382;7.2725;32.36143;;0.779706501;;-0,0343;0.783401333;
PT. MMKI 5.7 MWp - Phase 2;NE=51758766;W1;April;03/04/2025;6.6483;6.681;29.72935;;0.779706444;;-0,0327;0.783541469;
PT. MMKI 5.7 MWp - Phase 2;NE=51758766;W1;April;04/04/2025;5.0031;5.009;22.28922;;0.779706259;;-0,0059;0.780625742;
PT. MMKI 5.7 MWp - Phase 2;NE=51758766;W1;April;05/04/2025;6.1684;6.1928;27.55694;;0.779706433;;-0,0244;0.782790675;
PT. MMKI 5.7 MWp - Phase 2;NE=51758766;W1;April;06/04/2025;4.4366;4.4413;19.76305;;0.779706295;;-0,0047;0.780532293;
PT. MMKI 5.7 MWp - Phase 2;NE=51758766;W2;April;07/04/2025;5.6147;5.6411;25.10197;;0.779706561;;-0,0264;0.783372697;
PT. MMKI 5.7 MWp - Phase 2;NE=51758766;W2;April;08/04/2025;4.2235;4.227;18.80945;;0.779706276;;-0,0035;0.780352416;
PT. MMKI 5.7 MWp - Phase 2;NE=51758766;W2;April;09/04/2025;5.9446;5.9742;26.58421;;0.77970655;;-0,0296;0.78358895;
PT. MMKI 5.7 MWp - Phase 2;NE=51758766;W2;April;10/04/2025;5.6261;5.6561;25.16871;;0.779706327;;-0,03;0.783863948;
PT. MMKI 5.7 MWp - Phase 2;NE=51758766;W2;April;11/04/2025;4.1596;4.1816;18.60743;;0.77970638;;-0,022;0.783830224;
PT. MMKI 5.7 MWp - Phase 2;NE=51758766;W2;April;12/04/2025;5.3616;5.382;23.94901;;0.779706317;;-0,0204;0.782672971;
PT. MMKI 5.7 MWp - Phase 2;NE=51758766;W2;April;13/04/2025;5.536;5.547;24.68324;;0.779706547;;-0,011;0.78125582;
PT. MMKI 5.7 MWp - Phase 2;NE=51758766;W3;April;14/04/2025;3.6172;3.6203;16.10974;;0.779706495;;-0,0031;0.780374717;
PT. MMKI 5.7 MWp - Phase 2;NE=51758766;W3;April;15/04/2025;6.951;6.9974;31.13728;;0.779706496;;-0,0464;0.78491127;
PT. MMKI 5.7 MWp - Phase 2;NE=51758766;W3;April;16/04/2025;3.7118;3.7169;16.53959;;0.779706301;;-0,0051;0.780777614;
PT. MMKI 5.7 MWp - Phase 2;NE=51758766;W3;April;17/04/2025;4.6057;4.6175;20.54711;;0.779706263;;-0,0118;0.781703904;
PT. MMKI 5.7 MWp - Phase 2;NE=51758766;W3;April;18/04/2025;4.9665;4.9942;22.22337;;0.779706523;;-0,0277;0.784055234;
PT. MMKI 5.7 MWp - Phase 2;NE=51758766;W3;April;19/04/2025;5.5205;5.5561;24.72373;;0.779706437;;-0,0356;0.784734523;
PT. MMKI 5.7 MWp - Phase 2;NE=51758766;W3;April;20/04/2025;4.8791;4.9094;21.84602;;0.779706383;;-0,0303;0.784548486;
PT. MMKI 5.7 MWp - Phase 2;NE=51758766;W4;April;21/04/2025;5.8414;5.8802;26.16592;;0.779706388;;-0,0388;0.784885388;
PT. MMKI 5.7 MWp - Phase 2;NE=51758766;W4;April;22/04/2025;2.4215;2.4189;10.76371;;0.77970668;;0.0026;0.778869497;
PT. MMKI 5.7 MWp - Phase 2;NE=51758766;W4;April;23/04/2025;4.0826;4.1101;18.28927;;0.779706516;;-0,0275;0.784958544;
PT. MMKI 5.7 MWp - Phase 2;NE=51758766;W4;April;24/04/2025;4.5888;4.6048;20.4906;;0.779706374;;-0,016;0.782425015;
PT. MMKI 5.7 MWp - Phase 2;NE=51758766;W4;April;25/04/2025;1.8335;1.8277;8.13296;;0.779706053;;0.0058;0.77723957;
PT. MMKI 5.7 MWp - Phase 2;NE=51758766;W4;April;26/04/2025;5.2184;5.244;23.33494;;0.779706557;;-0,0256;0.783531578;
PT. MMKI 5.7 MWp - Phase 2;NE=51758766;W4;April;27/04/2025;4.895;4.9359;21.96394;;0.779706361;;-0,0409;0.78622117;
PT. MMKI 5.7 MWp - Phase 2;NE=51758766;W5;April;28/04/2025;3.7423;3.7576;16.7207;;0.779706382;;-0,0153;0.782894129;
PT. MMKI 5.7 MWp - Phase 2;NE=51758766;W5;April;29/04/2025;3.3262;3.3487;14.90116;;0.779706253;;-0,0225;0.784980557;
PT. MMKI 5.7 MWp - Phase 2;NE=51758766;W5;April;30/04/2025;3.3416;3.3443;14.88158;;0.779706214;;-0,0027;0.780336214;
PT. MMKI 5.7 MWp - Phase 2;NE=51758766;W1;May;01/05/2025;5.7799;5.8307;25.84433;;0.776661473;;-0,0508;0.783487612;
PT. MMKI 5.7 MWp - Phase 2;NE=51758766;W1;May;02/05/2025;5.2249;5.2564;23.29877;;0.776661485;;-0,0315;0.78134384;
PT. MMKI 5.7 MWp - Phase 2;NE=51758766;W1;May;03/05/2025;3.43;3.4374;15.23613;;0.776661501;;-0,0074;0.778337098;
PT. MMKI 5.7 MWp - Phase 2;NE=51758766;W1;May;04/05/2025;5.4695;5.5114;24.42905;;0.77666159;;-0,0419;0.782611333;
PT. MMKI 5.7 MWp - Phase 2;NE=51758766;W2;May;05/05/2025;6.3614;6.4252;28.47943;;0.776661582;;-0,0638;0.784450907;
PT. MMKI 5.7 MWp - Phase 2;NE=51758766;W2;May;06/05/2025;6.1828;6.2448;27.67981;;0.776661455;;-0,062;0.784449675;
PT. MMKI 5.7 MWp - Phase 2;NE=51758766;W2;May;07/05/2025;4.9764;5.0092;22.20307;;0.776661607;;-0,0328;0.78178067;
PT. MMKI 5.7 MWp - Phase 2;NE=51758766;W2;May;08/05/2025;5.083;5.1142;22.66848;;0.776661672;;-0,0312;0.781428905;
PT. MMKI 5.7 MWp - Phase 2;NE=51758766;W2;May;09/05/2025;5.2497;5.2828;23.41579;;0.776661588;;-0,0331;0.781558534;
PT. MMKI 5.7 MWp - Phase 2;NE=51758766;W2;May;10/05/2025;4.6702;4.7082;20.8689;;0.776661605;;-0,038;0.782981065;
PT. MMKI 5.7 MWp - Phase 2;NE=51758766;W2;May;11/05/2025;4.9161;4.9513;21.94643;;0.776661584;;-0,0352;0.782222595;
PT. MMKI 5.7 MWp - Phase 2;NE=51758766;W3;May;12/05/2025;4.9173;4.9621;21.9943;;0.776661565;;-0,0448;0.783737488;
PT. MMKI 5.7 MWp - Phase 2;NE=51758766;W3;May;13/05/2025;4.7642;4.8057;21.30106;;0.776661435;;-0,0415;0.783426778;
PT. MMKI 5.7 MWp - Phase 2;NE=51758766;W3;May;14/05/2025;4.4043;4.4455;19.70449;;0.776661479;;-0,0412;0.783926754;
PT. MMKI 5.7 MWp - Phase 2;NE=51758766;W3;May;15/05/2025;5.0981;5.1417;22.79037;;0.776661583;;-0,0436;0.783303752;
PT. MMKI 5.7 MWp - Phase 2;NE=51758766;W3;May;16/05/2025;4.058;4.0762;18.06758;;0.776661331;;-0,0182;0.780144632;
PT. MMKI 5.7 MWp - Phase 2;NE=51758766;W3;May;17/05/2025;5.2745;5.3188;23.57536;;0.776661638;;-0,0443;0.783184741;
PT. MMKI 5.7 MWp - Phase 2;NE=51758766;W3;May;18/05/2025;4.7163;4.7505;21.05639;;0.776661495;;-0,0342;0.782293415;
PT. MMKI 5.7 MWp - Phase 2;NE=51758766;W4;May;19/05/2025;4.5681;4.6002;20.39019;;0.776661434;;-0,0321;0.782119027;
PT. MMKI 5.7 MWp - Phase 2;NE=51758766;W4;May;20/05/2025;4.9471;4.9969;22.14855;;0.776661581;;-0,0498;0.784479847;
PT. MMKI 5.7 MWp - Phase 2;NE=51758766;W4;May;21/05/2025;4.7092;4.7433;21.02448;;0.776661632;;-0,0341;0.782285551;
PT. MMKI 5.7 MWp - Phase 2;NE=51758766;W4;May;22/05/2025;5.0583;5.1115;22.65651;;0.776661591;;-0,0532;0.784830026;
PT. MMKI 5.7 MWp - Phase 2;NE=51758766;W4;May;23/05/2025;5.4456;5.4992;24.37497;;0.776661462;;-0,0536;0.784305993;
PT. MMKI 5.7 MWp - Phase 2;NE=51758766;W4;May;24/05/2025;5.5359;5.6;24.82176;;0.776661409;;-0,0641;0.785654345;
PT. MMKI 5.7 MWp - Phase 2;NE=51758766;W4;May;25/05/2025;5.4813;5.5421;24.56512;;0.776661386;;-0,0608;0.785276315;
PT. MMKI 5.7 MWp - Phase 2;NE=51758766;W5;May;26/05/2025;0.7328;0.7294;3.23303;;0.77666039;;0.0034;0.773056889;
PT. MMKI 5.7 MWp - Phase 2;NE=51758766;W5;May;27/05/2025;5.728;5.7981;25.69983;;0.776661416;;-0,0701;0.786166298;
PT. MMKI 5.7 MWp - Phase 2;NE=51758766;W5;May;28/05/2025;4.5736;4.6098;20.43274;;0.776661373;;-0,0362;0.78280864;
PT. MMKI 5.7 MWp - Phase 2;NE=51758766;W5;May;29/05/2025;4.6496;4.6963;20.81615;;0.776661465;;-0,0467;0.784462156;
PT. MMKI 5.7 MWp - Phase 2;NE=51758766;W5;May;30/05/2025;3.4237;3.4374;15.23613;;0.776661501;;-0,0137;0.779769327;
PT. MMKI 5.7 MWp - Phase 2;NE=51758766;W5;May;31/05/2025;3.0699;3.0758;13.63335;;0.776661313;;-0,0059;0.778153968;
PT. MMKI 5.7 MWp - Phase 2;NE=51758766;W1;June;01/06/2025;4.2716;4.296;19.01915;;0.775736117;;-0,0244;0.780167235;
PT. MMKI 5.7 MWp - Phase 2;NE=51758766;W2;June;02/06/2025;3.2178;3.2197;14.25418;;0.775736117;;-0,0019;0.776194163;
PT. MMKI 5.7 MWp - Phase 2;NE=51758766;W2;June;03/06/2025;3.3431;3.3509;14.83503;;0.77573635;;-0,0078;0.77754627;
PT. MMKI 5.7 MWp - Phase 2;NE=51758766;W2;June;04/06/2025;5.5981;5.6672;25.0897;;0.775736292;;-0,0691;0.785311573;
PT. MMKI 5.7 MWp - Phase 2;NE=51758766;W2;June;05/06/2025;4.5583;4.5902;20.32163;;0.775736296;;-0,0319;0.781165072;
PT. MMKI 5.7 MWp - Phase 2;NE=51758766;W2;June;06/06/2025;4.0325;4.0524;17.94069;;0.775736125;;-0,0199;0.779564308;
PT. MMKI 5.7 MWp - Phase 2;NE=51758766;W2;June;07/06/2025;2.295;2.2899;10.13779;;0.775736015;;0.0051;0.774012157;
PT. MMKI 5.7 MWp - Phase 2;NE=51758766;W2;June;08/06/2025;4.8701;4.9206;21.78437;;0.775736316;;-0,0505;0.783780234;
PT. MMKI 5.7 MWp - Phase 2;NE=51758766;W3;June;09/06/2025;5.3964;5.4644;24.19187;;0.775736343;;-0,068;0.785511391;
PT. MMKI 5.7 MWp - Phase 2;NE=51758766;W3;June;10/06/2025;5.4352;5.5012;24.35479;;0.775736339;;-0,066;0.785156157;
PT. MMKI 5.7 MWp - Phase 2;NE=51758766;W3;June;11/06/2025;5.2926;5.3563;23.71329;;0.775736275;;-0,0637;0.785072782;
PT. MMKI 5.7 MWp - Phase 2;NE=51758766;W3;June;12/06/2025;2.449;2.4439;10.81958;;0.775736367;;0.0051;0.77412091;
PT. MMKI 5.7 MWp - Phase 2;NE=51758766;W3;June;13/06/2025;2.9239;2.9218;12.93533;;0.775736469;;0.0021;0.775179321;
PT. MMKI 5.7 MWp - Phase 2;NE=51758766;W3;June;14/06/2025;4.5369;4.5725;20.24327;;0.775736336;;-0,0356;0.781823359;
PT. MMKI 5.7 MWp - Phase 2;NE=51758766;W3;June;15/06/2025;5.5193;5.5903;24.74925;;0.77573629;;-0,071;0.785715323;
PT. MMKI 5.7 MWp - Phase 2;NE=51758766;W4;June;16/06/2025;5.2352;5.2978;23.4543;;0.775736271;;-0,0626;0.785012151;
PT. MMKI 5.7 MWp - Phase 2;NE=51758766;W4;June;17/06/2025;5.5956;5.6684;25.09501;;0.775736211;;-0,0728;0.785828712;
PT. MMKI 5.7 MWp - Phase 2;NE=51758766;W4;June;18/06/2025;4.985;5.0358;22.29438;;0.775736286;;-0,0508;0.783641483;
PT. MMKI 5.7 MWp - Phase 2;NE=51758766;W4;June;19/06/2025;5.3744;5.4391;24.07986;;0.775736266;;-0,0647;0.785075008;
PT. MMKI 5.7 MWp - Phase 2;NE=51758766;W4;June;20/06/2025;5.6264;5.6984;25.22783;;0.775736356;;-0,072;0.78566331;
PT. MMKI 5.7 MWp - Phase 2;NE=51758766;W4;June;21/06/2025;4.4348;4.4769;19.82003;;0.775736265;;-0,0421;0.783100407;
PT. MMKI 5.7 MWp - Phase 2;NE=51758766;W4;June;22/06/2025;3.9957;4.022;17.80611;;0.775736394;;-0,0263;0.780842349;
PT. MMKI 5.7 MWp - Phase 2;NE=51758766;W5;June;23/06/2025;5.2343;5.2949;23.44146;;0.775736231;;-0,0606;0.784717301;
PT. MMKI 5.7 MWp - Phase 2;NE=51758766;W5;June;24/06/2025;5.3967;5.4633;24.187;;0.77573634;;-0,0666;0.785309605;
PT. MMKI 5.7 MWp - Phase 2;NE=51758766;W5;June;25/06/2025;5.7337;5.8099;25.72146;;0.775736346;;-0,0762;0.786045764;
PT. MMKI 5.7 MWp - Phase 2;NE=51758766;W5;June;26/06/2025;5.5692;5.6412;24.97459;;0.775736187;;-0,072;0.785765097;
PT. MMKI 5.7 MWp - Phase 2;NE=51758766;W5;June;27/06/2025;4.7897;4.8276;21.37264;;0.775736226;;-0,0379;0.781874482;
PT. MMKI 5.7 MWp - Phase 2;NE=51758766;W5;June;28/06/2025;4.6092;4.6534;20.60143;;0.775736386;;-0,0442;0.783175323;
PT. MMKI 5.7 MWp - Phase 2;NE=51758766;W5;June;29/06/2025;4.1911;4.2138;18.65524;;0.775736279;;-0,0227;0.779937853;
PT. MMKI 5.7 MWp - Phase 2;NE=51758766;W5;June;30/06/2025;4.4897;4.5219;20.01925;;0.77573615;;-0,0322;0.781299707;
PT. MMKI 5.7 MWp - Phase 2;NE=51758766;W1;July;01/07/2025;2.846;2.8417;12.58542;;0.776026706;;0.0043;0.774854213;
PT. MMKI 5.7 MWp - Phase 2;NE=51758766;W1;July;02/07/2025;4.2937;4.338;19.21229;;0.776026884;;-0,0443;0.784033496;
PT. MMKI 5.7 MWp - Phase 2;NE=51758766;W1;July;03/07/2025;3.4256;3.4319;15.19932;;0.776026791;;-0,0063;0.777453977;
PT. MMKI 5.7 MWp - Phase 2;NE=51758766;W1;July;04/07/2025;3.2661;3.2681;14.47388;;0.776026964;;-0,002;0.776502165;
PT. MMKI 5.7 MWp - Phase 2;NE=51758766;W1;July;05/07/2025;5.2573;5.314;23.53483;;0.776026758;;-0,0567;0.78439621;
PT. MMKI 5.7 MWp - Phase 2;NE=51758766;W1;July;06/07/2025;5.3121;5.361;23.74299;;0.776026914;;-0,0489;0.783170551;
PT. MMKI 5.7 MWp - Phase 2;NE=51758766;W2;July;07/07/2025;6.2147;6.2914;27.86358;;0.77602694;;-0,0767;0.785604436;
PT. MMKI 5.7 MWp - Phase 2;NE=51758766;W2;July;08/07/2025;5.4774;5.5436;24.55169;;0.776026741;;-0,0662;0.785405821;
PT. MMKI 5.7 MWp - Phase 2;NE=51758766;W2;July;09/07/2025;4.4537;4.4841;19.85934;;0.77602677;;-0,0304;0.781323762;
PT. MMKI 5.7 MWp - Phase 2;NE=51758766;W2;July;10/07/2025;5.3709;5.4293;24.04548;;0.77602693;;-0,0584;0.784464989;
PT. MMKI 5.7 MWp - Phase 2;NE=51758766;W2;July;11/07/2025;5.164;5.2202;23.11941;;0.776026917;;-0,0562;0.784472447;
PT. MMKI 5.7 MWp - Phase 2;NE=51758766;W2;July;12/07/2025;3.5712;3.5973;15.93185;;0.776026822;;-0,0261;0.781698389;
PT. MMKI 5.7 MWp - Phase 2;NE=51758766;W2;July;13/07/2025;6.1884;6.2632;27.73868;;0.776026749;;-0,0748;0.785406686;
PT. MMKI 5.7 MWp - Phase 2;NE=51758766;W3;July;14/07/2025;5.5304;5.5932;24.77136;;0.776026734;;-0,0628;0.784838842;
PT. MMKI 5.7 MWp - Phase 2;NE=51758766;W3;July;15/07/2025;5.7345;5.8004;25.68902;;0.776026897;;-0,0659;0.78494488;
PT. MMKI 5.7 MWp - Phase 2;NE=51758766;W3;July;16/07/2025;5.701;5.7671;25.54154;;0.776026904;;-0,0661;0.785024515;
PT. MMKI 5.7 MWp - Phase 2;NE=51758766;W3;July;17/07/2025;5.8558;5.9241;26.23686;;0.77602669;;-0,0683;0.785077993;
PT. MMKI 5.7 MWp - Phase 2;NE=51758766;W3;July;18/07/2025;5.079;5.128;22.71107;;0.776026873;;-0,049;0.783513645;
PT. MMKI 5.7 MWp - Phase 2;NE=51758766;W3;July;19/07/2025;5.2427;5.294;23.44626;;0.77602698;;-0,0513;0.783620431;
PT. MMKI 5.7 MWp - Phase 2;NE=51758766;W3;July;20/07/2025;5.4561;5.5094;24.40023;;0.776026937;;-0,0533;0.783607853;
PT. MMKI 5.7 MWp - Phase 2;NE=51758766;W4;July;21/07/2025;5.477;5.5337;24.50785;;0.776026914;;-0,0567;0.784060642;
PT. MMKI 5.7 MWp - Phase 2;NE=51758766;W4;July;22/07/2025;5.6521;5.7118;25.29662;;0.776026739;;-0,0597;0.78422348;
PT. MMKI 5.7 MWp - Phase 2;NE=51758766;W4;July;23/07/2025;3.922;3.9652;17.56122;;0.776026885;;-0,0432;0.784574656;
PT. MMKI 5.7 MWp - Phase 2;NE=51758766;W4;July;24/07/2025;4.4221;4.4546;19.72869;;0.776026795;;-0,0325;0.781730165;
PT. MMKI 5.7 MWp - Phase 2;NE=51758766;W4;July;25/07/2025;5.271;5.3195;23.55919;;0.776026805;;-0,0485;0.783167253;
PT. MMKI 5.7 MWp - Phase 2;NE=51758766;W4;July;26/07/2025;5.208;5.252;23.26024;;0.776026684;;-0,044;0.782582977;
PT. MMKI 5.7 MWp - Phase 2;NE=51758766;W4;July;27/07/2025;4.9473;4.9786;22.0494;;0.776026805;;-0,0313;0.78093648;
PT. MMKI 5.7 MWp - Phase 2;NE=51758766;W5;July;28/07/2025;4.8625;4.9001;21.70174;;0.776026933;;-0,0376;0.782027676;
PT. MMKI 5.7 MWp - Phase 2;NE=51758766;W5;July;29/07/2025;3.8474;3.8564;17.07936;;0.776026764;;-0,009;0.777842078;
PT. MMKI 5.7 MWp - Phase 2;NE=51758766;W5;July;30/07/2025;4.6848;4.7084;20.85273;;0.776026854;;-0,0236;0.779936142;
PT. MMKI 5.7 MWp - Phase 2;NE=51758766;W5;July;31/07/2025;4.5653;4.5884;20.32127;;0.776026865;;-0,0231;0.77995349;
PT. MMKI 5.7 MWp - Phase 2;NE=51758766;W1;August;01/08/2025;5.265;5.3084;23.57323;;0.778112934;;-0,0434;0.784527008;
PT. MMKI 5.7 MWp - Phase 2;NE=51758766;W1;August;02/08/2025;4.9219;4.9605;22.02829;;0.778112716;;-0,0386;0.784215064;
PT. MMKI 5.7 MWp - Phase 2;NE=51758766;W1;August;03/08/2025;5.2627;5.3054;23.5599;;0.778112677;;-0,0427;0.784426054;
PT. MMKI 5.7 MWp - Phase 2;NE=51758766;W2;August;04/08/2025;5.4482;5.4914;24.38588;;0.778112754;;-0,0432;0.784282585;
PT. MMKI 5.7 MWp - Phase 2;NE=51758766;W2;August;05/08/2025;5.7317;5.7838;25.68435;;0.778112682;;-0,0521;0.78518557;
PT. MMKI 5.7 MWp - Phase 2;NE=51758766;W2;August;06/08/2025;3.8933;3.8962;17.30201;;0.778112689;;-0,0029;0.778692282;
PT. MMKI 5.7 MWp - Phase 2;NE=51758766;W2;August;07/08/2025;5.4709;5.5148;24.48979;;0.778112649;;-0,0439;0.784356438;
PT. MMKI 5.7 MWp - Phase 2;NE=51758766;W2;August;08/08/2025;5.9356;5.9879;26.59071;;0.778112829;;-0,0523;0.784968969;
PT. MMKI 5.7 MWp - Phase 2;NE=51758766;W2;August;09/08/2025;3.5048;3.5059;15.56879;;0.778112724;;-0,0011;0.778356939;
PT. MMKI 5.7 MWp - Phase 2;NE=51758766;W2;August;10/08/2025;4.4968;4.5159;20.05394;;0.778112829;;-0,0191;0.781417836;
PT. MMKI 5.7 MWp - Phase 2;NE=51758766;W3;August;11/08/2025;5.4009;5.4418;24.16562;;0.778112777;;-0,0409;0.784005279;
PT. MMKI 5.7 MWp - Phase 2;NE=51758766;W3;August;12/08/2025;5.6658;5.7052;25.33531;;0.778112747;;-0,0394;0.783523747;
PT. MMKI 5.7 MWp - Phase 2;NE=51758766;W3;August;13/08/2025;5.506;5.5465;24.63057;;0.778112919;;-0,0405;0.783836416;
PT. MMKI 5.7 MWp - Phase 2;NE=51758766;W3;August;14/08/2025;4.0152;4.0229;17.86465;;0.778112614;;-0,0077;0.779604811;
PT. MMKI 5.7 MWp - Phase 2;NE=51758766;W3;August;15/08/2025;4.3049;4.3156;19.16446;;0.778112842;;-0,0107;0.780046873;
PT. MMKI 5.7 MWp - Phase 2;NE=51758766;W3;August;16/08/2025;5.857;5.8996;26.19859;;0.778112752;;-0,0426;0.783772236;
PT. MMKI 5.7 MWp - Phase 2;NE=51758766;W3;August;17/08/2025;5.3361;5.3686;23.84056;;0.778112848;;-0,0325;0.782852015;
PT. MMKI 5.7 MWp - Phase 2;NE=51758766;W4;August;18/08/2025;6.3051;6.3566;28.22801;;0.778112801;;-0,0515;0.784468419;
PT. MMKI 5.7 MWp - Phase 2;NE=51758766;W4;August;19/08/2025;6.1814;6.2294;27.66315;;0.778112862;;-0,048;0.784155088;
PT. MMKI 5.7 MWp - Phase 2;NE=51758766;W4;August;20/08/2025;6.3812;6.4303;28.55529;;0.778112731;;-0,0491;0.784099902;
PT. MMKI 5.7 MWp - Phase 2;NE=51758766;W4;August;21/08/2025;5.208;5.2349;23.24683;;0.778112749;;-0,0269;0.782131802;
PT. MMKI 5.7 MWp - Phase 2;NE=51758766;W4;August;22/08/2025;5.1124;5.1339;22.79832;;0.77811291;;-0,0215;0.781385234;
PT. MMKI 5.7 MWp - Phase 2;NE=51758766;W4;August;23/08/2025;5.146;5.1788;22.99771;;0.778112935;;-0,0328;0.783072536;
PT. MMKI 5.7 MWp - Phase 2;NE=51758766;W4;August;24/08/2025;6.2478;6.2898;27.93137;;0.778112842;;-0,042;0.783343601;
PT. MMKI 5.7 MWp - Phase 2;NE=51758766;W5;August;25/08/2025;6.1792;6.2211;27.62629;;0.77811281;;-0,0419;0.783389047;
PT. MMKI 5.7 MWp - Phase 2;NE=51758766;W5;August;26/08/2025;6.1871;6.2269;27.65205;;0.778112914;;-0,0398;0.783118312;
PT. MMKI 5.7 MWp - Phase 2;NE=51758766;W5;August;27/08/2025;5.947;5.9827;26.56762;;0.778112883;;-0,0357;0.782783916;
PT. MMKI 5.7 MWp - Phase 2;NE=51758766;W5;August;28/08/2025;5.3547;5.3689;23.84189;;0.778112776;;-0,0142;0.780176234;
PT. MMKI 5.7 MWp - Phase 2;NE=51758766;W5;August;29/08/2025;6.0605;6.0966;27.07342;;0.778112873;;-0,0361;0.782747783;
PT. MMKI 5.7 MWp - Phase 2;NE=51758766;W5;August;30/08/2025;6.0322;6.0645;26.93087;;0.778112808;;-0,0323;0.782279289;
PT. MMKI 5.7 MWp - Phase 2;NE=51758766;W5;August;31/08/2025;5.7414;5.7712;25.6284;;0.778112783;;-0,0298;0.782151477;
PT. MMKI 5.7 MWp - Phase 2;NE=51758766;W1;September;01/09/2025;6.2947;6.3293;28.21555;;0.781124069;;-0,0346;0.785417664;
PT. MMKI 5.7 MWp - Phase 2;NE=51758766;W1;September;02/09/2025;6.1664;6.199;27.63468;;0.781124005;;-0,0326;0.785253585;
PT. MMKI 5.7 MWp - Phase 2;NE=51758766;W1;September;03/09/2025;1.6424;1.6347;7.28737;;0.781123923;;0.0077;0.77746181;
PT. MMKI 5.7 MWp - Phase 2;NE=51758766;W1;September;04/09/2025;4.6069;4.6105;20.55326;;0.781123801;;-0,0036;0.781734199;
PT. MMKI 5.7 MWp - Phase 2;NE=51758766;W1;September;05/09/2025;5.0281;5.0284;22.41623;;0.78112392;;-0,0003;0.781170526;
PT. MMKI 5.7 MWp - Phase 2;NE=51758766;W1;September;06/09/2025;4.3037;4.3268;19.28855;;0.781123927;;-0,0231;0.78531659;
PT. MMKI 5.7 MWp - Phase 2;NE=51758766;W1;September;07/09/2025;6.5371;6.5657;29.2694;;0.781123971;;-0,0286;0.784541411;
PT. MMKI 5.7 MWp - Phase 2;NE=51758766;W2;September;08/09/2025;6.0678;6.0904;27.15055;;0.781124026;;-0,0226;0.784033384;
PT. MMKI 5.7 MWp - Phase 2;NE=51758766;W2;September;09/09/2025;6.586;6.6152;29.49007;;0.781124043;;-0,0292;0.784587271;
PT. MMKI 5.7 MWp - Phase 2;NE=51758766;W2;September;10/09/2025;6.5208;6.5486;29.19317;;0.781123985;;-0,0278;0.784454136;
PT. MMKI 5.7 MWp - Phase 2;NE=51758766;W2;September;11/09/2025;6.5456;6.5723;29.29882;;0.78112391;;-0,0267;0.784310174;
PT. MMKI 5.7 MWp - Phase 2;NE=51758766;W2;September;12/09/2025;6.7035;6.7297;30.0005;;0.781123978;;-0,0262;0.784176928;
PT. MMKI 5.7 MWp - Phase 2;NE=51758766;W2;September;13/09/2025;7.3164;7.3462;32.74881;;0.781123955;;-0,0298;0.784305505;
PT. MMKI 5.7 MWp - Phase 2;NE=51758766;W2;September;14/09/2025;6.7723;6.7974;30.3023;;0.781123938;;-0,0251;0.784018998;
PT. MMKI 5.7 MWp - Phase 2;NE=51758766;W3;September;15/09/2025;6.1493;6.1699;27.50495;;0.781123881;;-0,0206;0.783740627;
PT. MMKI 5.7 MWp - Phase 2;NE=51758766;W3;September;16/09/2025;6.703;6.726;29.98401;;0.781124091;;-0,023;0.783804361;
PT. MMKI 5.7 MWp - Phase 2;NE=51758766;W3;September;17/09/2025;6.7086;6.7313;30.00763;;0.781123908;;-0,0227;0.78376701;
PT. MMKI 5.7 MWp - Phase 2;NE=51758766;W3;September;18/09/2025;6.9502;6.9724;31.08244;;0.781124016;;-0,0222;0.783619046;
PT. MMKI 5.7 MWp - Phase 2;NE=51758766;W3;September;19/09/2025;5.2801;5.2707;23.49639;;0.781124079;;0.0094;0.779733468;
PT. MMKI 5.7 MWp - Phase 2;NE=51758766;W3;September;20/09/2025;6.0934;6.1036;27.20939;;0.781123893;;-0,0102;0.782431449;
PT. MMKI 5.7 MWp - Phase 2;NE=51758766;W3;September;21/09/2025;6.9838;7.0025;31.21662;;0.781123927;;-0,0187;0.783215485;
PT. MMKI 5.7 MWp - Phase 2;NE=51758766;W4;September;22/09/2025;7.4952;7.5141;33.4973;;0.781124057;;-0,0189;0.78309375;
PT. MMKI 5.7 MWp - Phase 2;NE=51758766;W4;September;23/09/2025;7.3151;7.3336;32.69264;;0.781123952;;-0,0185;0.783099426;
PT. MMKI 5.7 MWp - Phase 2;NE=51758766;W4;September;24/09/2025;7.1324;7.1501;31.87461;;0.781123934;;-0,0177;0.783062397;
PT. MMKI 5.7 MWp - Phase 2;NE=51758766;W4;September;25/09/2025;3.2272;3.2165;14.33892;;0.781124154;;0.0107;0.778534284;
PT. MMKI 5.7 MWp - Phase 2;NE=51758766;W4;September;26/09/2025;5.2993;5.2956;23.60739;;0.781124001;;0.0037;0.780578616;
PT. MMKI 5.7 MWp - Phase 2;NE=51758766;W4;September;27/09/2025;3.6031;3.5917;16.01153;;0.781123961;;0.0114;0.77865253;
PT. MMKI 5.7 MWp - Phase 2;NE=51758766;W4;September;28/09/2025;3.3247;3.3121;14.76509;;0.781123743;;0.0126;0.778163428;
PT. MMKI 5.7 MWp - Phase 2;NE=51758766;W5;September;29/09/2025;2.387;2.3775;10.59872;;0.781124167;;0.0095;0.778015378;
PT. MMKI 5.7 MWp - Phase 2;NE=51758766;W5;September;30/09/2025;4.0558;4.0462;18.03766;;0.78112409;;0.0096;0.779275185;
PT. MMKI 5.7 MWp - Phase 2;NE=51758766;W1;October;01/10/2025;4.963;4.9523;22.16779;;0.784336876;;0.0107;0.782645882;
PT. MMKI 5.7 MWp - Phase 2;NE=51758766;W1;October;02/10/2025;5.2224;5.21;23.32132;;0.784336789;;0.0124;0.78247447;
PT. MMKI 5.7 MWp - Phase 2;NE=51758766;W1;October;03/10/2025;5.2528;5.249;23.4959;;0.784336983;;0.0038;0.783769575;
PT. MMKI 5.7 MWp - Phase 2;NE=51758766;W1;October;04/10/2025;5.3544;5.3499;23.94755;;0.784336824;;0.0045;0.783677644;
PT. MMKI 5.7 MWp - Phase 2;NE=51758766;W1;October;05/10/2025;6.6922;6.6957;29.97171;;0.784337024;;-0,0035;0.78474723;
PT. MMKI 5.7 MWp - Phase 2;NE=51758766;W2;October;06/10/2025;2.3136;2.3041;10.31376;;0.784337317;;0.0095;0.781116707;
PT. MMKI 5.7 MWp - Phase 2;NE=51758766;W2;October;07/10/2025;7.4969;7.4969;33.55809;;0.784336991;;0;0.784336991;
PT. MMKI 5.7 MWp - Phase 2;NE=51758766;W2;October;08/10/2025;6.531;6.534;29.2479;;0.784337068;;-0,003;0.784697351;
PT. MMKI 5.7 MWp - Phase 2;NE=51758766;W2;October;09/10/2025;6.7659;6.7646;30.28012;;0.784336908;;0.0013;0.784186205;
PT. MMKI 5.7 MWp - Phase 2;NE=51758766;W2;October;10/10/2025;6.7508;6.7528;30.2273;;0.784336905;;-0,002;0.784569274;
PT. MMKI 5.7 MWp - Phase 2;NE=51758766;W2;October;11/10/2025;6.4082;6.4058;28.67404;;0.784336982;;0.0024;0.784043232;
PT. MMKI 5.7 MWp - Phase 2;NE=51758766;W2;October;12/10/2025;6.6559;6.6513;29.77296;;0.78433692;;0.0046;0.783794852;
PT. MMKI 5.7 MWp - Phase 2;NE=51758766;W3;October;13/10/2025;6.1946;6.1861;27.6906;;0.784336834;;0.0085;0.783260596;
PT. MMKI 5.7 MWp - Phase 2;NE=51758766;W3;October;14/10/2025;6.8289;6.8246;30.5487;;0.784337018;;0.0043;0.783843139;
PT. MMKI 5.7 MWp - Phase 2;NE=51758766;W3;October;15/10/2025;5.082;5.0677;22.68435;;0.784336856;;0.0143;0.782129848;
PT. MMKI 5.7 MWp - Phase 2;NE=51758766;W3;October;16/10/2025;3.0034;2.9912;13.38939;;0.784336671;;0.0122;0.781150646;
PT. MMKI 5.7 MWp - Phase 2;NE=51758766;W3;October;17/10/2025;3.829;3.8191;17.09529;;0.784336857;;0.0099;0.782308929;
PT. MMKI 5.7 MWp - Phase 2;NE=51758766;W3;October;18/10/2025;3.5972;3.5802;16.02591;;0.784336801;;0.017;0.780630105;
PT. MMKI 5.7 MWp - Phase 2;NE=51758766;W3;October;19/10/2025;3.3069;3.2936;14.74302;;0.784337143;;0.0133;0.781182622;
PT. MMKI 5.7 MWp - Phase 2;NE=51758766;W4;October;20/10/2025;3.3197;3.3076;14.80568;;0.784336736;;0.0121;0.781477901;
PT. MMKI 5.7 MWp - Phase 2;NE=51758766;W4;October;21/10/2025;3.5253;3.5157;15.73719;;0.784336743;;0.0096;0.782200859;
PT. MMKI 5.7 MWp - Phase 2;NE=51758766;W4;October;22/10/2025;4.8124;4.8033;21.50083;;0.784336985;;0.0091;0.782853844;
PT. MMKI 5.7 MWp - Phase 2;NE=51758766;W4;October;23/10/2025;4.7504;4.7351;21.19555;;0.784337025;;0.0153;0.781810846;
PT. MMKI 5.7 MWp - Phase 2;NE=51758766;W4;October;24/10/2025;6.0533;6.0395;27.03438;;0.784336832;;0.0138;0.782548741;
PT. MMKI 5.7 MWp - Phase 2;NE=51758766;W4;October;25/10/2025;5.7486;5.7405;25.69598;;0.784336896;;0.0081;0.783231735;
PT. MMKI 5.7 MWp - Phase 2;NE=51758766;W4;October;26/10/2025;4.4062;4.3909;19.65482;;0.784337005;;0.0153;0.781613489;
PT. MMKI 5.7 MWp - Phase 2;NE=51758766;W5;October;27/10/2025;6.9836;6.9664;31.18343;;0.784336918;;0.0172;0.782405164;
PT. MMKI 5.7 MWp - Phase 2;NE=51758766;W5;October;28/10/2025;3.6884;3.6821;16.48204;;0.784336753;;0.0063;0.78299706;
PT. MMKI 5.7 MWp - Phase 2;NE=51758766;W5;October;29/10/2025;4.3919;4.3722;19.57111;;0.784336849;;0.0197;0.780818682;
PT. MMKI 5.7 MWp - Phase 2;NE=51758766;W5;October;30/10/2025;5.5139;5.5049;24.64137;;0.784336809;;0.009;0.783056584;
PT. MMKI 5.7 MWp - Phase 2;NE=51758766;W5;October;31/10/2025;6.757;6.7366;30.15479;;0.784337047;;0.0204;0.781969061;
PT. MMKI 5.7 MWp - Phase 2;NE=51758766;W1;November;01/11/2025;5.5247;5.5067;24.71935;;0.786561727;;0.018;0.783999034;
PT. MMKI 5.7 MWp - Phase 2;NE=51758766;W1;November;02/11/2025;4.3376;4.329;19.4327;;0.786561602;;0.0086;0.785002115;
PT. MMKI 5.7 MWp - Phase 2;NE=51758766;W2;November;03/11/2025;7.3691;7.3403;32.95031;;0.786561846;;0.0288;0.783487796;
PT. MMKI 5.7 MWp - Phase 2;NE=51758766;W2;November;04/11/2025;3.1673;3.154;14.15818;;0.786561928;;0.0133;0.783259029;
PT. MMKI 5.7 MWp - Phase 2;NE=51758766;W2;November;05/11/2025;5.5546;5.5445;24.88903;;0.786561644;;0.0101;0.785131429;
PT. MMKI 5.7 MWp - Phase 2;NE=51758766;W2;November;06/11/2025;3.5917;3.5737;16.04219;;0.786561608;;0.018;0.782619712;
PT. MMKI 5.7 MWp - Phase 2;NE=51758766;W2;November;07/11/2025;3.3022;3.2884;14.76149;;0.786561596;;0.0138;0.78327453;
PT. MMKI 5.7 MWp - Phase 2;NE=51758766;W2;November;08/11/2025;2.8733;2.8591;12.83438;;0.78656158;;0.0142;0.782674351;
PT. MMKI 5.7 MWp - Phase 2;NE=51758766;W2;November;09/11/2025;4.3795;4.3582;19.56378;;0.786561699;;0.0213;0.782736202;
PT. MMKI 5.7 MWp - Phase 2;NE=51758766;W3;November;10/11/2025;5.3946;5.3742;24.12456;;0.786561631;;0.0204;0.783587202;
PT. MMKI 5.7 MWp - Phase 2;NE=51758766;W3;November;11/11/2025;5.2436;5.2206;23.43506;;0.786561766;;0.023;0.78311167;
PT. MMKI 5.7 MWp - Phase 2;NE=51758766;W3;November;12/11/2025;4.2658;4.2551;19.10097;;0.786561767;;0.0107;0.784588817;
PT. MMKI 5.7 MWp - Phase 2;NE=51758766;W3;November;13/11/2025;2.9302;2.9154;13.08711;;0.78656168;;0.0148;0.782588875;
PT. MMKI 5.7 MWp - Phase 2;NE=51758766;W3;November;14/11/2025;7.1894;7.1532;32.11042;;0.786561707;;0.0362;0.782601219;
PT. MMKI 5.7 MWp - Phase 2;NE=51758766;W3;November;15/11/2025;6.8701;6.8353;30.68338;;0.786561707;;0.0348;0.782577435;
PT. MMKI 5.7 MWp - Phase 2;NE=51758766;W3;November;16/11/2025;2.549;2.5339;11.37457;;0.786561522;;0.0151;0.781902017;
PT. MMKI 5.7 MWp - Phase 2;NE=51758766;W4;November;17/11/2025;2.9615;2.9485;13.2357;;0.786562005;;0.013;0.783109259;
PT. MMKI 5.7 MWp - Phase 2;NE=51758766;W4;November;18/11/2025;3.5641;3.5467;15.92099;;0.7865617;;0.0174;0.782721692;
PT. MMKI 5.7 MWp - Phase 2;NE=51758766;W4;November;19/11/2025;3.5784;3.568;16.01661;;0.786561955;;0.0104;0.784275949;
PT. MMKI 5.7 MWp - Phase 2;NE=51758766;W4;November;20/11/2025;4.7147;4.693;21.06668;;0.786561573;;0.0217;0.782941324;
PT. MMKI 5.7 MWp - Phase 2;NE=51758766;W4;November;21/11/2025;5.9087;5.8863;26.42336;;0.786561763;;0.0224;0.783579892;
PT. MMKI 5.7 MWp - Phase 2;NE=51758766;W4;November;22/11/2025;3.959;3.9385;17.67977;;0.786561966;;0.0205;0.782489089;
PT. MMKI 5.7 MWp - Phase 2;NE=51758766;W4;November;23/11/2025;3.5748;3.5561;15.96319;;0.786561887;;0.0187;0.782447333;
PT. MMKI 5.7 MWp - Phase 2;NE=51758766;W5;November;24/11/2025;4.3973;4.3765;19.64593;;0.786561782;;0.0208;0.782841206;
PT. MMKI 5.7 MWp - Phase 2;NE=51758766;W5;November;25/11/2025;5.9714;5.9345;26.63973;;0.786561827;;0.0369;0.781701303;
PT. MMKI 5.7 MWp - Phase 2;NE=51758766;W5;November;26/11/2025;5.0807;5.0544;22.68899;;0.786561593;;0.0263;0.782489994;
PT. MMKI 5.7 MWp - Phase 2;NE=51758766;W5;November;27/11/2025;3.625;3.6058;16.18629;;0.786561824;;0.0192;0.782395758;
PT. MMKI 5.7 MWp - Phase 2;NE=51758766;W5;November;28/11/2025;7.0531;7.0092;31.46401;;0.786561709;;0.0439;0.781665981;
PT. MMKI 5.7 MWp - Phase 2;NE=51758766;W5;November;29/11/2025;6.9309;6.8895;30.92668;;0.786561667;;0.0414;0.781863337;
PT. MMKI 5.7 MWp - Phase 2;NE=51758766;W5;November;30/11/2025;4.1383;4.1176;18.48374;;0.786561847;;0.0207;0.782627422;
PT. MMKI 5.7 MWp - Phase 2;NE=51758766;W1;December;01/12/2025;2.9228;2.913;13.08696;;0.7872007;;0.0098;0.784561256;
PT. MMKI 5.7 MWp - Phase 2;NE=51758766;W1;December;02/12/2025;3.135;3.1233;14.03175;;0.787200422;;0.0117;0.784262545;
PT. MMKI 5.7 MWp - Phase 2;NE=51758766;W1;December;03/12/2025;5.1727;5.1359;23.07357;;0.787200601;;0.0368;0.781600241;
PT. MMKI 5.7 MWp - Phase 2;NE=51758766;W1;December;04/12/2025;3.1789;3.1673;14.22943;;0.787200722;;0.0116;0.784328179;
PT. MMKI 5.7 MWp - Phase 2;NE=51758766;W1;December;05/12/2025;3.5714;3.5517;15.95638;;0.787200346;;0.0197;0.782858114;
PT. MMKI 5.7 MWp - Phase 2;NE=51758766;W1;December;06/12/2025;4.8024;4.7684;21.42253;;0.787200319;;0.034;0.781627103;
PT. MMKI 5.7 MWp - Phase 2;NE=51758766;W1;December;07/12/2025;4.4097;4.3919;19.73107;;0.787200526;;0.0178;0.784022947;
PT. MMKI 5.7 MWp - Phase 2;NE=51758766;W2;December;08/12/2025;4.0446;4.0183;18.05263;;0.787200398;;0.0263;0.782081629;
PT. MMKI 5.7 MWp - Phase 2;NE=51758766;W2;December;09/12/2025;5.7333;5.7071;25.63974;;0.787200417;;0.0262;0.783603074;
PT. MMKI 5.7 MWp - Phase 2;NE=51758766;W2;December;10/12/2025;2.0948;2.0864;9.37337;;0.787200511;;0.0084;0.784043893;
PT. MMKI 5.7 MWp - Phase 2;NE=51758766;W2;December;11/12/2025;1.325;1.3142;5.90418;;0.787200403;;0.0108;0.780783977;
PT. MMKI 5.7 MWp - Phase 2;NE=51758766;W2;December;12/12/2025;0.9793;0.9704;4.35962;;0.787199899;;0.0089;0.780045728;
PT. MMKI 5.7 MWp - Phase 2;NE=51758766;W2;December;13/12/2025;7.2015;7.1527;32.13425;;0.78720046;;0.0488;0.781866101;
PT. MMKI 5.7 MWp - Phase 2;NE=51758766;W2;December;14/12/2025;6.3869;6.3509;28.53208;;0.787200461;;0.036;0.782763376;
PT. MMKI 5.7 MWp - Phase 2;NE=51758766;W3;December;15/12/2025;6.7884;6.7476;30.3143;;0.787200562;;0.0408;0.782469288;
PT. MMKI 5.7 MWp - Phase 2;NE=51758766;W3;December;16/12/2025;6.3249;6.2923;28.26881;;0.787200366;;0.0326;0.783142953;
PT. MMKI 5.7 MWp - Phase 2;NE=51758766;W3;December;17/12/2025;2.0343;2.0222;9.08494;;0.787200096;;0.0121;0.782517836;
PT. MMKI 5.7 MWp - Phase 2;NE=51758766;W3;December;18/12/2025;4.2922;4.2658;19.16455;;0.78720042;;0.0264;0.782358593;
PT. MMKI 5.7 MWp - Phase 2;NE=51758766;W3;December;19/12/2025;4.7047;4.6862;21.05324;;0.787200394;;0.0185;0.784104935;
PT. MMKI 5.7 MWp - Phase 2;NE=51758766;W3;December;20/12/2025;3.3125;3.2973;14.81346;;0.787200258;;0.0152;0.783588048;
PT. MMKI 5.7 MWp - Phase 2;NE=51758766;W3;December;21/12/2025;3.6073;3.586;16.11048;;0.787200527;;0.0213;0.782552349;
PT. MMKI 5.7 MWp - Phase 2;NE=51758766;W4;December;22/12/2025;5.7219;5.6936;25.57909;;0.787200422;;0.0283;0.783307;
PT. MMKI 5.7 MWp - Phase 2;NE=51758766;W4;December;23/12/2025;5.2924;5.2658;23.65716;;0.787200621;;0.0266;0.783244092;
PT. MMKI 5.7 MWp - Phase 2;NE=51758766;W4;December;24/12/2025;3.3023;3.2888;14.77528;;0.787200637;;0.0135;0.783982514;
PT. MMKI 5.7 MWp - Phase 2;NE=51758766;W4;December;25/12/2025;5.5707;5.5452;24.91239;;0.787200499;;0.0255;0.783597071;
PT. MMKI 5.7 MWp - Phase 2;NE=51758766;W4;December;26/12/2025;2.8408;2.8297;12.71272;;0.787200331;;0.0111;0.784124464;
PT. MMKI 5.7 MWp - Phase 2;NE=51758766;W4;December;27/12/2025;3.4784;3.4622;15.55429;;0.787200246;;0.0162;0.783534007;
PT. MMKI 5.7 MWp - Phase 2;NE=51758766;W4;December;28/12/2025;5.7749;5.744;25.80552;;0.787200506;;0.0309;0.782988399;
PT. MMKI 5.7 MWp - Phase 2;NE=51758766;W5;December;29/12/2025;6.9743;6.932;31.14273;;0.787200403;;0.0423;0.782425934;
PT. MMKI 5.7 MWp - Phase 2;NE=51758766;W5;December;30/12/2025;5.964;5.9313;26.64698;;0.787200364;;0.0327;0.782884225;
PT. MMKI 5.7 MWp - Phase 2;NE=51758766;W5;December;31/12/2025;1.657;1.6511;7.41774;;0.787200589;;0.0059;0.784397642;
PLTS Mall Panakkukang;NE=53771627;W1;January;01/01/2025;4.8260105;4.8241888;4.428727509;4.428727509;0.738128621;0.738128621;0.0018217;0.737849996;0.737849996
PLTS Mall Panakkukang;NE=53771627;W1;January;02/01/2025;6.0490136;6.0355819;5.526046911;5.526046911;0.736160993;0.736160993;0.0134317;0.734526364;0.734526364
PLTS Mall Panakkukang;NE=53771627;W1;January;03/01/2025;6.9240182;6.9183978;6.194407341;6.194407341;0.719899071;0.719899071;0.0056204;0.71931471;0.71931471
PLTS Mall Panakkukang;NE=53771627;W1;January;04/01/2025;4.6509969;4.6478088;4.316108923;4.316108923;0.746657659;0.746657659;0.0031881;0.74614585;0.74614585
PLTS Mall Panakkukang;NE=53771627;W1;January;05/01/2025;3.1410029;3.1296336;2.920735356;2.920735356;0.750371091;0.750371091;0.0113693;0.747655018;0.747655018
PLTS Mall Panakkukang;NE=53771627;W2;January;06/01/2025;7.0440021;7.0384093;6.328644898;6.328644898;0.722958871;0.722958871;0.0055928;0.722384856;0.722384856
PLTS Mall Panakkukang;NE=53771627;W2;January;07/01/2025;6.2339833;6.2270658;5.69505654;5.69505654;0.735346394;0.735346394;0.0069175;0.734530421;0.734530421
PLTS Mall Panakkukang;NE=53771627;W2;January;08/01/2025;4.2880167;4.2723695;4.024423061;4.024423061;0.757377161;0.757377161;0.0156472;0.754613452;0.754613452
PLTS Mall Panakkukang;NE=53771627;W2;January;09/01/2025;4.0909818;4.0722026;3.818097101;3.818097101;0.753867419;0.753867419;0.0187792;0.750406874;0.750406874
PLTS Mall Panakkukang;NE=53771627;W2;January;10/01/2025;4.9869775;4.9724162;4.588497278;4.588497278;0.741959821;0.741959821;0.0145613;0.739793398;0.739793398
PLTS Mall Panakkukang;NE=53771627;W2;January;11/01/2025;2.4020262;2.3873107;2.1226606;2.1226606;0.714906089;0.714906089;0.0147155;0.71052637;0.71052637
PLTS Mall Panakkukang;NE=53771627;W2;January;12/01/2025;0.4339907;0.4229194;0.312076051;0.312076051;0.593308017;0.593308017;0.0110713;0.57817246;0.57817246
PLTS Mall Panakkukang;NE=53771627;W3;January;13/01/2025;1.6900019;1.6717169;1.503846716;1.503846716;0.723299593;0.723299593;0.018285;0.715473843;0.715473843
PLTS Mall Panakkukang;NE=53771627;W3;January;14/01/2025;1.4040252;1.3964242;1.246173937;1.246173937;0.717527713;0.717527713;0.007601;0.713643218;0.713643218
PLTS Mall Panakkukang;NE=53771627;W3;January;15/01/2025;1.3970017;1.3810036;1.209512195;1.209512195;0.704194814;0.704194814;0.0159981;0.696130559;0.696130559
PLTS Mall Panakkukang;NE=53771627;W3;January;16/01/2025;1.1800066;1.1662858;1.01991028;1.01991028;0.703127952;0.703127952;0.0137208;0.694952169;0.694952169
PLTS Mall Panakkukang;NE=53771627;W3;January;17/01/2025;4.3449966;4.3309993;4.044315958;4.044315958;0.750817429;0.750817429;0.0139973;0.748398689;0.748398689
PLTS Mall Panakkukang;NE=53771627;W3;January;18/01/2025;6.7139985;6.7074127;6.148610038;6.148610038;0.737053992;0.737053992;0.0065858;0.736331011;0.736331011
PLTS Mall Panakkukang;NE=53771627;W3;January;19/01/2025;1.6299782;1.6137041;1.445938097;1.445938097;0.720448896;0.720448896;0.0162741;0.713255758;0.713255758
PLTS Mall Panakkukang;NE=53771627;W4;January;20/01/2025;2.7339958;2.7199841;2.262209576;2.610254847;0.668719293;0.771603035;0.0140117;0.665292114;0.767648578
PLTS Mall Panakkukang;NE=53771627;W4;January;21/01/2025;4.5849804;4.5691088;-0,02430683;4.384782393;-0,004277344;0.771603035;0.0158716;-0,004262538;0.768932015
PLTS Mall Panakkukang;NE=53771627;W4;January;22/01/2025;4.7079924;4.6971706;4.483913369;4.483913369;0.767535128;0.767535128;0.0108218;0.76577087;0.76577087
PLTS Mall Panakkukang;NE=53771627;W4;January;23/01/2025;4.7419835;4.7294037;4.471876152;4.471876152;0.760257586;0.760257586;0.0125798;0.758240732;0.758240732
PLTS Mall Panakkukang;NE=53771627;W4;January;24/01/2025;3.5779901;3.5573768;3.325129202;3.325129202;0.751546815;0.751546815;0.0206133;0.747217049;0.747217049
PLTS Mall Panakkukang;NE=53771627;W4;January;25/01/2025;5.6109956;5.5988077;5.274950332;5.274950332;0.757530643;0.757530643;0.0121879;0.755885176;0.755885176
PLTS Mall Panakkukang;NE=53771627;W4;January;26/01/2025;5.3460097;5.3351081;5.02864508;5.02864508;0.757853294;0.757853294;0.0109016;0.756307877;0.756307877
PLTS Mall Panakkukang;NE=53771627;W5;January;27/01/2025;5.0369813;5.0251941;4.787696047;4.787696047;0.766039407;0.766039407;0.0117872;0.764246774;0.764246774
PLTS Mall Panakkukang;NE=53771627;W5;January;28/01/2025;6.5909866;6.5786864;6.120131871;6.120131871;0.747995487;0.747995487;0.0123002;0.746599566;0.746599566
PLTS Mall Panakkukang;NE=53771627;W5;January;29/01/2025;5.0059866;4.9982908;4.763964108;4.763964108;0.766345026;0.766345026;0.0076958;0.765166909;0.765166909
PLTS Mall Panakkukang;NE=53771627;W5;January;30/01/2025;3.7040144;3.6867988;3.47376954;3.47376954;0.757580778;0.757580778;0.0172156;0.754059678;0.754059678
PLTS Mall Panakkukang;NE=53771627;W5;January;31/01/2025;2.6169764;2.6027083;2.455546234;2.455546234;0.758577576;0.758577576;0.0142681;0.754441711;0.754441711
PLTS Mall Panakkukang;NE=53771627;W1;February;01/02/2025;3.6170229;3.5994154;3.406367866;3.406367866;0.760916425;0.760916425;0.0176075;0.757212319;0.757212319
PLTS Mall Panakkukang;NE=53771627;W1;February;02/02/2025;5.7979951;5.7890897;5.4939382;5.4939382;0.763046268;0.763046268;0.0089054;0.761874271;0.761874271
PLTS Mall Panakkukang;NE=53771627;W2;February;03/02/2025;3.2779825;3.2589765;2.973123859;2.973123859;0.733515263;0.733515263;0.019006;0.729262284;0.729262284
PLTS Mall Panakkukang;NE=53771627;W2;February;04/02/2025;2.2749873;2.2559749;2.047164949;2.047164949;0.729618698;0.729618698;0.0190124;0.723521169;0.723521169
PLTS Mall Panakkukang;NE=53771627;W2;February;05/02/2025;6.298018;6.2938092;5.909357279;5.909357279;0.754925433;0.754925433;0.0042088;0.754420937;0.754420937
PLTS Mall Panakkukang;NE=53771627;W2;February;06/02/2025;5.8740316;5.8685176;5.558765513;5.558765513;0.761600683;0.761600683;0.005514;0.760885763;0.760885763
PLTS Mall Panakkukang;NE=53771627;W2;February;07/02/2025;6.887966;6.8818314;6.473490994;6.473490994;0.756331;0.756331;0.0061346;0.755657392;0.755657392
PLTS Mall Panakkukang;NE=53771627;W2;February;08/02/2025;6.335989;6.3321946;5.96183528;5.96183528;0.757012588;0.757012588;0.0037944;0.75655924;0.75655924
PLTS Mall Panakkukang;NE=53771627;W2;February;09/02/2025;6.3460088;6.3433291;6.02818017;6.02818017;0.764093248;0.764093248;0.0026797;0.763770598;0.763770598
PLTS Mall Panakkukang;NE=53771627;W3;February;10/02/2025;6.1730083;6.1673129;5.879614331;5.879614331;0.76653191;0.76653191;0.0056954;0.765824685;0.765824685
PLTS Mall Panakkukang;NE=53771627;W3;February;11/02/2025;7.2229954;7.2184111;6.767126326;6.767126326;0.753772091;0.753772091;0.0045843;0.753293686;0.753293686
PLTS Mall Panakkukang;NE=53771627;W3;February;12/02/2025;5.7860093;5.7768006;5.513057609;5.513057609;0.767330632;0.767330632;0.0092087;0.76610939;0.76610939
PLTS Mall Panakkukang;NE=53771627;W3;February;13/02/2025;2.8140115;2.8015942;2.644270363;2.644270363;0.758888566;0.758888566;0.0124173;0.755539843;0.755539843
PLTS Mall Panakkukang;NE=53771627;W3;February;14/02/2025;2.3210118;2.3134186;2.119030155;2.119030155;0.736478878;0.736478878;0.0075932;0.734069484;0.734069484
PLTS Mall Panakkukang;NE=53771627;W3;February;15/02/2025;2.390992;2.379988;2.207038916;2.207038916;0.745611513;0.745611513;0.011004;0.742180005;0.742180005
PLTS Mall Panakkukang;NE=53771627;W3;February;16/02/2025;6.4950058;6.4922998;6.184736188;6.184736188;0.765949249;0.765949249;0.002706;0.765630134;0.765630134
PLTS Mall Panakkukang;NE=53771627;W4;February;17/02/2025;5.7269847;5.7150078;5.510468748;5.510468748;0.775263073;0.775263073;0.0119769;0.773641757;0.773641757
PLTS Mall Panakkukang;NE=53771627;W4;February;18/02/2025;3.4009946;3.388209;3.240393892;3.240393892;0.768962206;0.768962206;0.0127856;0.766071392;0.766071392
PLTS Mall Panakkukang;NE=53771627;W4;February;19/02/2025;4.6929784;4.6792984;4.471682955;4.471682955;0.768365126;0.768365126;0.01368;0.766125346;0.766125346
PLTS Mall Panakkukang;NE=53771627;W4;February;20/02/2025;1.9080118;1.8912113;1.648053122;1.648053122;0.700661951;0.700661951;0.0168005;0.694492455;0.694492455
PLTS Mall Panakkukang;NE=53771627;W4;February;21/02/2025;4.4409933;4.4225105;4.261384555;4.261384555;0.774745811;0.774745811;0.0184828;0.771521426;0.771521426
PLTS Mall Panakkukang;NE=53771627;W4;February;22/02/2025;2.88201;2.8719754;2.704455447;2.704455447;0.757140535;0.757140535;0.0100346;0.754504318;0.754504318
PLTS Mall Panakkukang;NE=53771627;W4;February;23/02/2025;3.9349773;3.9242599;3.866587463;3.866587463;0.79222302;0.79222302;0.0107174;0.790065302;0.790065302
PLTS Mall Panakkukang;NE=53771627;W5;February;24/02/2025;3.2680102;3.248886;3.078079662;3.078079662;0.761768069;0.761768069;0.0191242;0.757310248;0.757310248
PLTS Mall Panakkukang;NE=53771627;W5;February;25/02/2025;5.7619901;5.7578056;5.526761;5.526761;0.771775643;0.771775643;0.0041845;0.771215161;0.771215161
PLTS Mall Panakkukang;NE=53771627;W5;February;26/02/2025;6.016005;6.0112882;5.780119145;5.780119145;0.773119491;0.773119491;0.0047168;0.772513333;0.772513333
PLTS Mall Panakkukang;NE=53771627;W5;February;27/02/2025;1.8439928;1.8285955;1.672900744;1.672900744;0.735579995;0.735579995;0.0153973;0.729437918;0.729437918
PLTS Mall Panakkukang;NE=53771627;W5;February;28/02/2025;2.1359782;2.1170948;1.975017247;1.975017247;0.750080662;0.750080662;0.0188834;0.743449474;0.743449474
PLTS Mall Panakkukang;NE=53771627;W1;March;01/03/2025;6.8550054;6.8512115;6.584338908;6.584338908;0.772720055;0.772720055;0.0037939;0.772292393;0.772292393
PLTS Mall Panakkukang;NE=53771627;W1;March;02/03/2025;4.5719802;4.5692037;4.416764991;4.416764991;0.777214964;0.777214964;0.0027765;0.776742972;0.776742972
PLTS Mall Panakkukang;NE=53771627;W2;March;03/03/2025;6.7059763;6.6987771;6.45142583;6.45142583;0.774350465;0.774350465;0.0071992;0.773519161;0.773519161
PLTS Mall Panakkukang;NE=53771627;W2;March;04/03/2025;5.6369966;5.6286998;5.514649785;5.514649785;0.78774786;0.78774786;0.0082968;0.786588416;0.786588416
PLTS Mall Panakkukang;NE=53771627;W2;March;05/03/2025;3.9299992;3.9202741;3.789321339;3.789321339;0.777181374;0.777181374;0.0097251;0.775258176;0.775258176
PLTS Mall Panakkukang;NE=53771627;W2;March;06/03/2025;6.8839869;6.876201;6.635165134;6.635165134;0.775854984;0.775854984;0.0077859;0.77497748;0.77497748
PLTS Mall Panakkukang;NE=53771627;W2;March;07/03/2025;2.4479875;2.4338097;2.26659891;2.26659891;0.748799317;0.748799317;0.0141778;0.74446256;0.74446256
PLTS Mall Panakkukang;NE=53771627;W2;March;08/03/2025;5.8409915;5.8311919;5.669673026;5.669673026;0.781768309;0.781768309;0.0097996;0.780456714;0.780456714
PLTS Mall Panakkukang;NE=53771627;W2;March;09/03/2025;1.6470053;1.6373965;1.502477737;1.502477737;0.73778797;0.73778797;0.0096088;0.733483639;0.733483639
PLTS Mall Panakkukang;NE=53771627;W3;March;10/03/2025;0.8670144;0.8570994;0.722986798;0.722986798;0.678229316;0.678229316;0.009915;0.670473224;0.670473224
PLTS Mall Panakkukang;NE=53771627;W3;March;11/03/2025;4.4589879;4.4412048;4.324292298;4.324292298;0.782873556;0.782873556;0.0177831;0.779751341;0.779751341
PLTS Mall Panakkukang;NE=53771627;W3;March;12/03/2025;4.15202;4.1460631;4.023336778;4.023336778;0.780239372;0.780239372;0.0059569;0.779119963;0.779119963
PLTS Mall Panakkukang;NE=53771627;W3;March;13/03/2025;4.4539935;4.4468987;4.337876891;4.337876891;0.784327366;0.784327366;0.0070948;0.783078005;0.783078005
PLTS Mall Panakkukang;NE=53771627;W3;March;14/03/2025;6.3829963;6.3774759;6.236485101;6.236485101;0.786264097;0.786264097;0.0055204;0.785584088;0.785584088
PLTS Mall Panakkukang;NE=53771627;W3;March;15/03/2025;5.9510032;5.9422043;5.754646433;5.754646433;0.778661045;0.778661045;0.0087989;0.77750975;0.77750975
PLTS Mall Panakkukang;NE=53771627;W3;March;16/03/2025;5.4790259;5.4745893;5.36511656;5.36511656;0.787961502;0.787961502;0.0044366;0.787323456;0.787323456
PLTS Mall Panakkukang;NE=53771627;W4;March;17/03/2025;5.3779558;5.3716272;5.261083543;5.261083543;0.787493025;0.787493025;0.0063286;0.786566329;0.786566329
PLTS Mall Panakkukang;NE=53771627;W4;March;18/03/2025;5.9819663;5.9636665;5.756283008;5.756283008;0.776079427;0.776079427;0.0182998;0.773705275;0.773705275
PLTS Mall Panakkukang;NE=53771627;W4;March;19/03/2025;2.7800044;2.7673843;2.602267102;2.602267102;0.756066125;0.756066125;0.0126201;0.75263389;0.75263389
PLTS Mall Panakkukang;NE=53771627;W4;March;20/03/2025;6.2849861;6.281172;6.149428725;6.149428725;0.787175318;0.787175318;0.0038141;0.786697613;0.786697613
PLTS Mall Panakkukang;NE=53771627;W4;March;21/03/2025;6.1350061;6.1288011;5.972384119;5.972384119;0.783519098;0.783519098;0.006205;0.782726639;0.782726639
PLTS Mall Panakkukang;NE=53771627;W4;March;22/03/2025;7.010994;7.006904;6.811822646;6.811822646;0.781653985;0.781653985;0.00409;0.781197992;0.781197992
PLTS Mall Panakkukang;NE=53771627;W4;March;23/03/2025;5.2060023;5.2025069;5.075751563;5.075751563;0.784449651;0.784449651;0.0034954;0.783922958;0.783922958
PLTS Mall Panakkukang;NE=53771627;W5;March;24/03/2025;4.3299986;4.3220948;4.155357269;4.155357269;0.773021304;0.773021304;0.0079038;0.771610263;0.771610263
PLTS Mall Panakkukang;NE=53771627;W5;March;25/03/2025;5.1829821;5.1812977;5.066393006;5.066393006;0.786208457;0.786208457;0.0016844;0.78595295;0.78595295
PLTS Mall Panakkukang;NE=53771627;W5;March;26/03/2025;3.5839987;3.5718009;3.359662977;3.359662977;0.756285638;0.756285638;0.0121978;0.753711691;0.753711691
PLTS Mall Panakkukang;NE=53771627;W5;March;27/03/2025;4.6040053;4.5986055;4.46021103;4.46021103;0.779842024;0.779842024;0.0053998;0.778927388;0.778927388
PLTS Mall Panakkukang;NE=53771627;W5;March;28/03/2025;5.1519873;5.1502985;5.109541949;5.109541949;0.79767678;0.79767678;0.0016888;0.797415305;0.797415305
PLTS Mall Panakkukang;NE=53771627;W5;March;29/03/2025;5.2280079;5.2219131;5.165188602;5.165188602;0.79530539;0.79530539;0.0060948;0.794378224;0.794378224
PLTS Mall Panakkukang;NE=53771627;W5;March;30/03/2025;4.6619996;4.655891;4.57189233;4.57189233;0.789533517;0.789533517;0.0061086;0.788498995;0.788498995
PLTS Mall Panakkukang;NE=53771627;W5;March;31/03/2025;2.2530133;2.2404912;2.103556091;2.103556091;0.754897933;0.754897933;0.0125221;0.75070226;0.75070226
PLTS Mall Panakkukang;NE=53771627;W1;April;01/04/2025;1.0929831;1.0761663;0.931916519;0.931916519;0.696265704;0.696265704;0.0168168;0.685552857;0.685552857
PLTS Mall Panakkukang;NE=53771627;W1;April;02/04/2025;1.3109931;1.2979696;1.139179565;1.139179565;0.705675512;0.705675512;0.0130235;0.69866528;0.69866528
PLTS Mall Panakkukang;NE=53771627;W1;April;03/04/2025;3.3329961;3.3149811;3.106067036;3.106067036;0.753367966;0.753367966;0.018015;0.749295977;0.749295977
PLTS Mall Panakkukang;NE=53771627;W1;April;04/04/2025;3.4590048;3.4453205;3.293169289;3.293169289;0.768531743;0.768531743;0.0136843;0.765491326;0.765491326
PLTS Mall Panakkukang;NE=53771627;W1;April;05/04/2025;1.7780082;1.7643037;1.569105623;1.569105623;0.715082609;0.715082609;0.0137045;0.709570907;0.709570907
PLTS Mall Panakkukang;NE=53771627;W1;April;06/04/2025;4.5409852;4.5370814;4.422285007;4.422285007;0.783695836;0.783695836;0.0039038;0.783022107;0.783022107
PLTS Mall Panakkukang;NE=53771627;W2;April;07/04/2025;4.3390035;4.3337193;4.204442922;4.204442922;0.780054712;0.780054712;0.0052842;0.779104733;0.779104733
PLTS Mall Panakkukang;NE=53771627;W2;April;08/04/2025;4.670989;4.6659185;4.53383221;4.53383221;0.781278147;0.781278147;0.0050705;0.780430045;0.780430045
PLTS Mall Panakkukang;NE=53771627;W2;April;09/04/2025;5.4109802;5.4059951;5.33425783;5.33425783;0.793369933;0.793369933;0.0049851;0.792639006;0.792639006
PLTS Mall Panakkukang;NE=53771627;W2;April;10/04/2025;5.7129853;5.7082228;5.587749872;5.587749872;0.787070116;0.787070116;0.0047625;0.786413993;0.786413993
PLTS Mall Panakkukang;NE=53771627;W2;April;11/04/2025;5.5980112;5.5969255;5.406078337;5.406078337;0.776622896;0.776622896;0.0010857;0.776472275;0.776472275
PLTS Mall Panakkukang;NE=53771627;W2;April;12/04/2025;5.8389779;5.840381;5.701305544;5.701305544;0.784893114;0.784893114;-0,0014031;0.785081723;0.785081723
PLTS Mall Panakkukang;NE=53771627;W2;April;13/04/2025;4.5409853;4.5345984;4.3438881;4.3438881;0.770224237;0.770224237;0.0063869;0.769140916;0.769140916
PLTS Mall Panakkukang;NE=53771627;W3;April;14/04/2025;4.8329866;4.8325082;4.702975336;4.702975336;0.782487635;0.782487635;0.0004784;0.782410179;0.782410179
PLTS Mall Panakkukang;NE=53771627;W3;April;15/04/2025;6.1970115;6.1982966;6.059515094;6.059515094;0.786036837;0.786036837;-0,0012851;0.78619984;0.78619984
PLTS Mall Panakkukang;NE=53771627;W3;April;16/04/2025;6.7870068;6.7857017;6.606820965;6.606820965;0.782843871;0.782843871;0.0013051;0.782693335;0.782693335
PLTS Mall Panakkukang;NE=53771627;W3;April;17/04/2025;6.8960041;6.8904192;6.717981174;6.717981174;0.783917789;0.783917789;0.0055849;0.783282914;0.783282914
PLTS Mall Panakkukang;NE=53771627;W3;April;18/04/2025;5.1639888;5.1646909;5.03060895;5.03060895;0.783165606;0.783165606;-0,0007021;0.783272086;0.783272086
PLTS Mall Panakkukang;NE=53771627;W3;April;19/04/2025;5.1719794;5.1742752;5.045458124;5.045458124;0.784022388;0.784022388;-0,0022958;0.784370409;0.784370409
PLTS Mall Panakkukang;NE=53771627;W3;April;20/04/2025;5.2789945;5.2773008;5.110538434;5.110538434;0.778631898;0.778631898;0.0016937;0.778382084;0.778382084
PLTS Mall Panakkukang;NE=53771627;W4;April;21/04/2025;6.4730002;6.4694931;6.320788718;6.320788718;0.785558263;0.785558263;0.0035071;0.785132645;0.785132645
PLTS Mall Panakkukang;NE=53771627;W4;April;22/04/2025;5.8020063;5.8040994;5.674568151;5.674568151;0.786095584;0.786095584;-0,0020931;0.786379172;0.786379172
PLTS Mall Panakkukang;NE=53771627;W4;April;23/04/2025;6.1430284;6.1455186;6.029370652;6.029370652;0.788843456;0.788843456;-0,0024902;0.789163229;0.789163229
PLTS Mall Panakkukang;NE=53771627;W4;April;24/04/2025;6.6749816;6.673092;6.530566426;6.530566426;0.786866617;0.786866617;0.0018896;0.786643865;0.786643865
PLTS Mall Panakkukang;NE=53771627;W4;April;25/04/2025;6.6700036;6.6692962;6.509393848;6.509393848;0.784761927;0.784761927;0.0007074;0.784678698;0.784678698
PLTS Mall Panakkukang;NE=53771627;W4;April;26/04/2025;6.4510107;6.4513204;6.32328838;6.32328838;0.788082637;0.788082637;-0,0003097;0.788120471;0.788120471
PLTS Mall Panakkukang;NE=53771627;W4;April;27/04/2025;6.369013;6.3699947;6.250486188;6.250486188;0.788954778;0.788954778;-0,0009817;0.789076385;0.789076385
PLTS Mall Panakkukang;NE=53771627;W5;April;28/04/2025;4.580018;4.580702;4.461565109;4.461565109;0.783127685;0.783127685;-0,000684;0.783244641;0.783244641
PLTS Mall Panakkukang;NE=53771627;W5;April;29/04/2025;4.835;4.8362088;4.727362165;4.727362165;0.785943296;0.785943296;-0,0012088;0.78613979;0.78613979
PLTS Mall Panakkukang;NE=53771627;W5;April;30/04/2025;6.4620134;6.4630401;6.334983302;6.334983302;0.78810849;0.78810849;-0,0010267;0.788233706;0.788233706
PLTS Mall Panakkukang;NE=53771627;W1;May;01/05/2025;5.9289817;5.9254867;5.80080093;5.80080093;0.787120668;0.787120668;0.003495;0.786656678;0.786656678
PLTS Mall Panakkukang;NE=53771627;W1;May;02/05/2025;4.3379891;4.3384644;4.241416759;4.241416759;0.786053837;0.786053837;-0,0004753;0.786139962;0.786139962
PLTS Mall Panakkukang;NE=53771627;W1;May;03/05/2025;6.1820136;6.1775934;6.070079433;6.070079433;0.790046104;0.790046104;0.0044202;0.789481213;0.789481213
PLTS Mall Panakkukang;NE=53771627;W1;May;04/05/2025;5.9649866;5.9624013;5.872427841;5.872427841;0.791906427;0.791906427;0.0025853;0.791563205;0.791563205
PLTS Mall Panakkukang;NE=53771627;W2;May;05/05/2025;5.8809913;5.8806959;5.740035255;5.740035255;0.784807636;0.784807636;0.0002954;0.784768215;0.784768215
PLTS Mall Panakkukang;NE=53771627;W2;May;06/05/2025;5.6609679;5.6634158;5.509739559;5.509739559;0.78222196;0.78222196;-0,0024479;0.782560207;0.782560207
PLTS Mall Panakkukang;NE=53771627;W2;May;07/05/2025;5.4999852;5.4994045;5.431104556;5.431104556;0.794053713;0.794053713;0.0005807;0.793969875;0.793969875
PLTS Mall Panakkukang;NE=53771627;W2;May;08/05/2025;6.4119775;6.4071938;6.303291184;6.303291184;0.791000743;0.791000743;0.0047837;0.790410612;0.790410612
PLTS Mall Panakkukang;NE=53771627;W2;May;09/05/2025;3.9859957;3.9796789;3.885930169;3.885930169;0.78509885;0.78509885;0.0063168;0.783854666;0.783854666
PLTS Mall Panakkukang;NE=53771627;W2;May;10/05/2025;4.2339702;4.231074;4.127280996;4.127280996;0.784315501;0.784315501;0.0028962;0.783778999;0.783778999
PLTS Mall Panakkukang;NE=53771627;W2;May;11/05/2025;3.8780137;3.8772074;3.794439561;3.794439561;0.786875437;0.786875437;0.0008063;0.786711833;0.786711833
PLTS Mall Panakkukang;NE=53771627;W3;May;12/05/2025;2.0350034;2.0195102;1.844856227;1.844856227;0.734503479;0.734503479;0.0154932;0.728911445;0.728911445
PLTS Mall Panakkukang;NE=53771627;W3;May;13/05/2025;3.6069873;3.5956987;3.495582108;3.495582108;0.781652276;0.781652276;0.0112886;0.779205979;0.779205979
PLTS Mall Panakkukang;NE=53771627;W3;May;14/05/2025;5.0800096;5.0838871;4.98854619;4.98854619;0.788960903;0.788960903;-0,0038775;0.789563106;0.789563106
PLTS Mall Panakkukang;NE=53771627;W3;May;15/05/2025;4.3329792;4.3291962;4.260997561;4.260997561;0.79137331;0.79137331;0.003783;0.790682384;0.790682384
PLTS Mall Panakkukang;NE=53771627;W3;May;16/05/2025;5.4740319;5.476582;5.388937798;5.388937798;0.791172089;0.791172089;-0,0025501;0.79154066;0.79154066
PLTS Mall Panakkukang;NE=53771627;W3;May;17/05/2025;5.4590179;5.4601016;5.360013238;5.360013238;0.789300758;0.789300758;-0,0010837;0.789457447;0.789457447
PLTS Mall Panakkukang;NE=53771627;W3;May;18/05/2025;5.073002;5.0750776;4.964472357;4.964472357;0.786516416;0.786516416;-0,0020756;0.786838216;0.786838216
PLTS Mall Panakkukang;NE=53771627;W4;May;19/05/2025;2.4329893;2.428021;2.300344296;2.300344296;0.761759336;0.761759336;0.0049683;0.760203781;0.760203781
PLTS Mall Panakkukang;NE=53771627;W4;May;20/05/2025;3.8379817;3.8287788;3.657524044;3.657524044;0.768076177;0.768076177;0.0092029;0.766234446;0.766234446
PLTS Mall Panakkukang;NE=53771627;W4;May;21/05/2025;5.7149829;5.7154981;5.621718356;5.621718356;0.790846835;0.790846835;-0,0005152;0.790918129;0.790918129
PLTS Mall Panakkukang;NE=53771627;W4;May;22/05/2025;4.9999937;4.999588;4.866093054;4.866093054;0.782570684;0.782570684;0.0004057;0.782507186;0.782507186
PLTS Mall Panakkukang;NE=53771627;W4;May;23/05/2025;4.2610172;4.2555885;4.16447813;4.16447813;0.786825345;0.786825345;0.0054287;0.785822899;0.785822899
PLTS Mall Panakkukang;NE=53771627;W4;May;24/05/2025;3.7730115;3.7646924;3.684692931;3.684692931;0.786953707;0.786953707;0.0083191;0.785218556;0.785218556
PLTS Mall Panakkukang;NE=53771627;W4;May;25/05/2025;4.6069858;4.5985265;4.564229647;4.564229647;0.798042786;0.798042786;0.0084593;0.796577428;0.796577428
PLTS Mall Panakkukang;NE=53771627;W5;May;26/05/2025;4.6589875;4.6539932;4.52326807;4.52326807;0.781454982;0.781454982;0.0049943;0.780617285;0.780617285
PLTS Mall Panakkukang;NE=53771627;W5;May;27/05/2025;6.0209832;6.0192754;5.886964719;5.886964719;0.78636577;0.78636577;0.0017078;0.786142724;0.786142724
PLTS Mall Panakkukang;NE=53771627;W5;May;28/05/2025;4.5499746;4.5491017;4.452042754;4.452042754;0.786884629;0.786884629;0.0008729;0.786733668;0.786733668
PLTS Mall Panakkukang;NE=53771627;W5;May;29/05/2025;4.8710047;4.867493;4.779527571;4.779527571;0.789508877;0.789508877;0.0035117;0.788939689;0.788939689
PLTS Mall Panakkukang;NE=53771627;W5;May;30/05/2025;5.3390183;5.3393784;5.248971828;5.248971828;0.790425465;0.790425465;-0,0003601;0.790478777;0.790478777
PLTS Mall Panakkukang;NE=53771627;W5;May;31/05/2025;5.2039729;5.2011941;5.113960682;5.113960682;0.7905543;0.7905543;0.0027788;0.790132163;0.790132163
PLTS Mall Panakkukang;NE=53771627;W1;June;01/06/2025;5.0789949;5.0788102;4.981761694;4.981761694;0.788675496;0.788675496;0.0001847;0.788646815;0.788646815
PLTS Mall Panakkukang;NE=53771627;W2;June;02/06/2025;5.6700207;5.6667848;5.554867473;5.554867473;0.788159952;0.788159952;0.0032359;0.787710146;0.787710146
PLTS Mall Panakkukang;NE=53771627;W2;June;03/06/2025;5.3380037;5.3395998;5.234688145;5.234688145;0.788241847;0.788241847;-0,0015961;0.788477537;0.788477537
PLTS Mall Panakkukang;NE=53771627;W2;June;04/06/2025;4.704996;4.7052843;4.595743068;4.595743068;0.785321077;0.785321077;-0,0002883;0.785369197;0.785369197
PLTS Mall Panakkukang;NE=53771627;W2;June;05/06/2025;4.0060038;4.0062974;3.889039621;3.889039621;0.780506572;0.780506572;-0,0002936;0.780563776;0.780563776
PLTS Mall Panakkukang;NE=53771627;W2;June;06/06/2025;4.6160068;4.6185967;4.495980286;4.495980286;0.782693522;0.782693522;-0,0025899;0.783132667;0.783132667
PLTS Mall Panakkukang;NE=53771627;W2;June;07/06/2025;6.2629963;6.2539054;6.124967298;6.124967298;0.787462441;0.787462441;0.0090909;0.786319419;0.786319419
PLTS Mall Panakkukang;NE=53771627;W2;June;08/06/2025;6.2120097;6.2044015;6.065719499;6.065719499;0.786067446;0.786067446;0.0076082;0.785104704;0.785104704
PLTS Mall Panakkukang;NE=53771627;W3;June;09/06/2025;6.116996;6.1115143;5.981698678;5.981698678;0.786960767;0.786960767;0.0054817;0.786255538;0.786255538
PLTS Mall Panakkukang;NE=53771627;W3;June;10/06/2025;5.1140008;5.1134788;5.015149986;5.015149986;0.788578347;0.788578347;0.000522;0.788497855;0.788497855
PLTS Mall Panakkukang;NE=53771627;W3;June;11/06/2025;5.7009678;5.7022599;5.610722723;5.610722723;0.791132418;0.791132418;-0,0012921;0.791311725;0.791311725
PLTS Mall Panakkukang;NE=53771627;W3;June;12/06/2025;5.0679761;5.0707124;5.007888796;5.007888796;0.794077845;0.794077845;-0,0027363;0.794506583;0.794506583
PLTS Mall Panakkukang;NE=53771627;W3;June;13/06/2025;4.0820243;4.0819925;3.982806494;3.982806494;0.784502598;0.784502598;3.18E-05;0.784496486;0.784496486
PLTS Mall Panakkukang;NE=53771627;W3;June;14/06/2025;4.0690079;4.0684062;3.954432526;3.954432526;0.781514867;0.781514867;0.0006017;0.781399301;0.781399301
PLTS Mall Panakkukang;NE=53771627;W3;June;15/06/2025;4.4069705;4.4075011;4.295546336;4.295546336;0.783616118;0.783616118;-0,0005306;0.783710466;0.783710466
PLTS Mall Panakkukang;NE=53771627;W4;June;16/06/2025;3.1909908;3.1934983;3.08340638;3.08340638;0.776321223;0.776321223;-0,0025075;0.776931261;0.776931261
PLTS Mall Panakkukang;NE=53771627;W4;June;17/06/2025;4.2719882;4.2694275;4.182511456;4.182511456;0.787671039;0.787671039;0.0025607;0.787198896;0.787198896
PLTS Mall Panakkukang;NE=53771627;W4;June;18/06/2025;5.0450036;5.0486017;4.958788643;4.958788643;0.789735881;0.789735881;-0,0035981;0.790299122;0.790299122
PLTS Mall Panakkukang;NE=53771627;W4;June;19/06/2025;4.7619756;4.7605925;4.645825605;4.645825605;0.784655958;0.784655958;0.0013831;0.784428058;0.784428058
PLTS Mall Panakkukang;NE=53771627;W4;June;20/06/2025;4.6620156;4.6615057;4.606456105;4.606456105;0.794544269;0.794544269;0.0005099;0.794457367;0.794457367
PLTS Mall Panakkukang;NE=53771627;W4;June;21/06/2025;4.1029992;4.0935857;3.985172558;3.985172558;0.782745584;0.782745584;0.0094135;0.780949733;0.780949733
PLTS Mall Panakkukang;NE=53771627;W4;June;22/06/2025;3.9770067;3.9787932;3.854461147;3.854461147;0.778914318;0.778914318;-0,0017865;0.779264212;0.779264212
PLTS Mall Panakkukang;NE=53771627;W5;June;23/06/2025;5.2699894;5.2717651;5.199707777;5.199707777;0.79304945;0.79304945;-0,0017757;0.793316664;0.793316664
PLTS Mall Panakkukang;NE=53771627;W5;June;24/06/2025;3.7480097;3.7437839;3.589229683;3.589229683;0.770846421;0.770846421;0.0042258;0.769977308;0.769977308
PLTS Mall Panakkukang;NE=53771627;W5;June;25/06/2025;3.1040151;3.0895086;2.963705702;2.963705702;0.771299499;0.771299499;0.0145065;0.767694859;0.767694859
PLTS Mall Panakkukang;NE=53771627;W5;June;26/06/2025;3.3430001;3.3324102;3.148784386;3.148784386;0.759734503;0.759734503;0.0105899;0.757327828;0.757327828
PLTS Mall Panakkukang;NE=53771627;W5;June;27/06/2025;5.1090065;5.1067886;5.054043194;5.054043194;0.795734982;0.795734982;0.0022179;0.795389541;0.795389541
PLTS Mall Panakkukang;NE=53771627;W5;June;28/06/2025;4.4039897;4.4041164;4.329262123;4.329262123;0.79037369;0.79037369;-0,0001267;0.790396428;0.790396428
PLTS Mall Panakkukang;NE=53771627;W5;June;29/06/2025;3.528969;3.5196872;3.40940332;3.40940332;0.778846177;0.778846177;0.0092818;0.776797677;0.776797677
PLTS Mall Panakkukang;NE=53771627;W5;June;30/06/2025;3.4690086;3.4579732;3.313493979;3.313493979;0.770445538;0.770445538;0.0110354;0.767994644;0.767994644
PLTS Mall Panakkukang;NE=53771627;W1;July;01/07/2025;3.1459967;3.1355013;2.981813226;2.981813226;0.76462912;0.76462912;0.0104954;0.762078231;0.762078231
PLTS Mall Panakkukang;NE=53771627;W1;July;02/07/2025;4.785979;4.7893936;4.674095575;4.674095575;0.784683356;0.784683356;-0,0034146;0.785243195;0.785243195
PLTS Mall Panakkukang;NE=53771627;W1;July;03/07/2025;5.5530172;5.5471212;5.42298058;5.42298058;0.786045663;0.786045663;0.005896;0.785211068;0.785211068
PLTS Mall Panakkukang;NE=53771627;W1;July;04/07/2025;6.22;6.2140017;6.091401008;6.091401008;0.788175997;0.788175997;0.0059983;0.787415914;0.787415914
PLTS Mall Panakkukang;NE=53771627;W1;July;05/07/2025;6.1370357;6.1365985;6.036021351;6.036021351;0.79086151;0.79086151;0.0004372;0.790805169;0.790805169
PLTS Mall Panakkukang;NE=53771627;W1;July;06/07/2025;6.1620057;6.1583928;6.053310888;6.053310888;0.790320005;0.790320005;0.0036129;0.789856625;0.789856625
PLTS Mall Panakkukang;NE=53771627;W2;July;07/07/2025;5.9690137;5.9701985;5.865479346;5.865479346;0.78993639;0.78993639;-0,0011848;0.790093185;0.790093185
PLTS Mall Panakkukang;NE=53771627;W2;July;08/07/2025;6.2289893;6.224377;6.091832202;6.091832202;0.786917901;0.786917901;0.0046123;0.786335222;0.786335222
PLTS Mall Panakkukang;NE=53771627;W2;July;09/07/2025;6.1539994;6.1537112;6.048370863;6.048370863;0.790275802;0.790275802;0.0002882;0.790238792;0.790238792
PLTS Mall Panakkukang;NE=53771627;W2;July;10/07/2025;5.9390333;5.9407808;5.848696002;5.848696002;0.791576517;0.791576517;-0,0017475;0.791809431;0.791809431
PLTS Mall Panakkukang;NE=53771627;W2;July;11/07/2025;5.7670004;5.7707906;5.672470283;5.672470283;0.790340606;0.790340606;-0,0037902;0.790860035;0.790860035
PLTS Mall Panakkukang;NE=53771627;W2;July;12/07/2025;3.1849981;3.17773;3.029053808;3.029053808;0.766420965;0.766420965;0.0072681;0.764672008;0.764672008
PLTS Mall Panakkukang;NE=53771627;W2;July;13/07/2025;3.2509989;3.2344144;3.100427921;3.100427921;0.770731944;0.770731944;0.0165845;0.766800167;0.766800167
PLTS Mall Panakkukang;NE=53771627;W3;July;14/07/2025;1.401996;1.3897815;1.227813017;1.227813017;0.710334795;0.710334795;0.0122145;0.704146201;0.704146201
PLTS Mall Panakkukang;NE=53771627;W3;July;15/07/2025;4.6460027;4.6417989;4.546776913;4.546776913;0.78758005;0.78758005;0.0042038;0.786867431;0.786867431
PLTS Mall Panakkukang;NE=53771627;W3;July;16/07/2025;6.0370118;6.0375904;5.951777133;5.951777133;0.792611549;0.792611549;-0,0005786;0.792687514;0.792687514
PLTS Mall Panakkukang;NE=53771627;W3;July;17/07/2025;5.7829971;5.7872077;5.720618251;5.720618251;0.794787961;0.794787961;-0,0042106;0.795366646;0.795366646
PLTS Mall Panakkukang;NE=53771627;W3;July;18/07/2025;6.0940232;6.0949867;6.008123476;6.008123476;0.792580657;0.792580657;-0,0009635;0.792705968;0.792705968
PLTS Mall Panakkukang;NE=53771627;W3;July;19/07/2025;3.4190049;3.4052902;3.261477171;3.261477171;0.770083106;0.770083106;0.0137147;0.766994062;0.766994062
PLTS Mall Panakkukang;NE=53771627;W3;July;20/07/2025;5.1559984;5.152813;5.101893866;5.101893866;0.796094126;0.796094126;0.0031854;0.795602296;0.795602296
PLTS Mall Panakkukang;NE=53771627;W4;July;21/07/2025;5.9059932;5.8990107;5.825008762;5.825008762;0.793952976;0.793952976;0.0069825;0.793014306;0.793014306
PLTS Mall Panakkukang;NE=53771627;W4;July;22/07/2025;6.194998;6.1920017;6.102277343;6.102277343;0.79238867;0.79238867;0.0029963;0.792005419;0.792005419
PLTS Mall Panakkukang;NE=53771627;W4;July;23/07/2025;3.1800041;3.1715144;3.045762753;3.045762753;0.772159049;0.772159049;0.0084897;0.770097606;0.770097606
PLTS Mall Panakkukang;NE=53771627;W4;July;24/07/2025;3.2790288;3.2665841;3.057040982;3.057040982;0.752462392;0.752462392;0.0124447;0.749606617;0.749606617
PLTS Mall Panakkukang;NE=53771627;W4;July;25/07/2025;5.7169648;5.7180129;5.623741825;5.623741825;0.790783549;0.790783549;-0,0010481;0.790928524;0.790928524
PLTS Mall Panakkukang;NE=53771627;W4;July;26/07/2025;6.289996;6.2845724;6.164649494;6.164649494;0.788696724;0.788696724;0.0054236;0.788016664;0.788016664
PLTS Mall Panakkukang;NE=53771627;W4;July;27/07/2025;6.2690052;6.2652138;6.168666733;6.168666733;0.79164923;0.79164923;0.0037914;0.791170453;0.791170453
PLTS Mall Panakkukang;NE=53771627;W5;July;28/07/2025;5.8349827;5.8301164;5.69240798;5.69240798;0.785047934;0.785047934;0.0048663;0.784393214;0.784393214
PLTS Mall Panakkukang;NE=53771627;W5;July;29/07/2025;6.0070001;6.0097861;5.911723143;5.911723143;0.790919811;0.790919811;-0,002786;0.791286634;0.791286634
PLTS Mall Panakkukang;NE=53771627;W5;July;30/07/2025;5.1819831;5.1773753;5.104274629;5.104274629;0.792687058;0.792687058;0.0046078;0.791982203;0.791982203
PLTS Mall Panakkukang;NE=53771627;W5;July;31/07/2025;5.8400084;5.8404127;5.740288351;5.740288351;0.790255549;0.790255549;-0,0004043;0.790310258;0.790310258
PLTS Mall Panakkukang;NE=53771627;W1;August;01/08/2025;5.315031;5.316793;5.244671793;5.244671793;0.793132864;0.793132864;-0,001762;0.793395797;0.793395797
PLTS Mall Panakkukang;NE=53771627;W1;August;02/08/2025;5.5620066;5.5613082;5.468837582;5.468837582;0.790670333;0.790670333;0.0006984;0.790571051;0.790571051
PLTS Mall Panakkukang;NE=53771627;W1;August;03/08/2025;2.9819858;2.968801;-0,002702659;2.849034007;-0,00073196;0.771603035;0.0131848;-0,000728724;0.768191405
PLTS Mall Panakkukang;NE=53771627;W2;August;04/08/2025;5.7470241;5.7461179;2.281447884;5.514308741;0.319237133;0.771603035;0.0009062;0.319186795;0.771481368
PLTS Mall Panakkukang;NE=53771627;W2;August;05/08/2025;6.4109948;6.4089179;6.30817171;6.30817171;0.791400244;0.791400244;0.0020769;0.791143863;0.791143863
PLTS Mall Panakkukang;NE=53771627;W2;August;06/08/2025;6.2219661;6.2214829;6.135873832;6.135873832;0.792975722;0.792975722;0.0004832;0.792914139;0.792914139
PLTS Mall Panakkukang;NE=53771627;W2;August;07/08/2025;5.5449794;5.5433093;5.533441599;5.533441599;0.802608216;0.802608216;0.0016701;0.802366477;0.802366477
PLTS Mall Panakkukang;NE=53771627;W2;August;08/08/2025;5.9530169;5.9537024;5.919980817;5.919980817;0.79948544;0.79948544;-0,0006855;0.799577502;0.799577502
PLTS Mall Panakkukang;NE=53771627;W2;August;09/08/2025;6.5069912;6.5038612;6.408127889;6.408127889;0.792204469;0.792204469;0.00313;0.791823402;0.791823402
PLTS Mall Panakkukang;NE=53771627;W2;August;10/08/2025;5.515966;5.5180674;5.418085754;5.418085754;0.789471134;0.789471134;-0,0021014;0.789771897;0.789771897
PLTS Mall Panakkukang;NE=53771627;W3;August;11/08/2025;6.2700198;6.2722836;6.159070279;6.159070279;0.789526761;0.789526761;-0,0022638;0.789811821;0.789811821
PLTS Mall Panakkukang;NE=53771627;W3;August;12/08/2025;5.9240037;5.9221337;5.825961048;5.825961048;0.790982273;0.790982273;0.00187;0.790732588;0.790732588
PLTS Mall Panakkukang;NE=53771627;W3;August;13/08/2025;5.0439891;5.0387958;4.993769011;4.993769011;0.79685458;0.79685458;0.0051933;0.796034137;0.796034137
PLTS Mall Panakkukang;NE=53771627;W3;August;14/08/2025;5.1459945;5.1435923;5.080884985;5.080884985;0.794237171;0.794237171;0.0024022;0.793866413;0.793866413
PLTS Mall Panakkukang;NE=53771627;W3;August;15/08/2025;5.5060096;5.5077868;5.425346444;5.425346444;0.79200466;0.79200466;-0,0017772;0.792260299;0.792260299
PLTS Mall Panakkukang;NE=53771627;W3;August;16/08/2025;6.2460009;6.2418377;6.103065831;6.103065831;0.786163659;0.786163659;0.0041632;0.785639651;0.785639651
PLTS Mall Panakkukang;NE=53771627;W3;August;17/08/2025;6.8859842;6.8755999;6.69061889;6.69061889;0.782407631;0.782407631;0.0103843;0.781227734;0.781227734
PLTS Mall Panakkukang;NE=53771627;W4;August;18/08/2025;6.7409824;6.7379059;6.589888623;6.589888623;0.786376479;0.786376479;0.0030765;0.786017587;0.786017587
PLTS Mall Panakkukang;NE=53771627;W4;August;19/08/2025;6.9600071;6.9499823;6.75505941;6.75505941;0.781488976;0.781488976;0.0100248;0.780363364;0.780363364
PLTS Mall Panakkukang;NE=53771627;W4;August;20/08/2025;5.758011;5.7605102;5.642236243;5.642236243;0.787531073;0.787531073;-0,0024992;0.787872892;0.787872892
PLTS Mall Panakkukang;NE=53771627;W4;August;21/08/2025;6.6209828;6.6136715;6.441769377;6.441769377;0.783140952;0.783140952;0.0073113;0.782276159;0.782276159
PLTS Mall Panakkukang;NE=53771627;W4;August;22/08/2025;6.9220206;6.911692;6.720466036;6.720466036;0.781794113;0.781794113;0.0103286;0.780627569;0.780627569
PLTS Mall Panakkukang;NE=53771627;W4;August;23/08/2025;7.1819965;7.1688123;6.956281948;6.956281948;0.78020252;0.78020252;0.0131842;0.778770279;0.778770279
PLTS Mall Panakkukang;NE=53771627;W4;August;24/08/2025;7.1930151;7.1811961;6.930660138;6.930660138;0.775988344;0.775988344;0.011819;0.774713301;0.774713301
PLTS Mall Panakkukang;NE=53771627;W5;August;25/08/2025;7.125984;7.115291;6.87464129;6.87464129;0.776845684;0.776845684;0.010693;0.775679977;0.775679977
PLTS Mall Panakkukang;NE=53771627;W5;August;26/08/2025;7.1099873;7.0996014;6.86147339;6.86147339;0.777071174;0.777071174;0.0103859;0.775936069;0.775936069
PLTS Mall Panakkukang;NE=53771627;W5;August;27/08/2025;6.9579936;6.9509944;6.754107424;6.754107424;0.781265069;0.781265069;0.0069992;0.780479177;0.780479177
PLTS Mall Panakkukang;NE=53771627;W5;August;28/08/2025;5.5160137;5.5144137;5.36053393;5.36053393;0.781602764;0.781602764;0.0016;0.781376049;0.781376049
PLTS Mall Panakkukang;NE=53771627;W5;August;29/08/2025;4.9199779;4.918025;4.854055737;4.854055737;0.793581269;0.793581269;0.0019529;0.793266271;0.793266271
PLTS Mall Panakkukang;NE=53771627;W5;August;30/08/2025;6.8829879;6.8786997;6.695975409;6.695975409;0.782681163;0.782681163;0.0042882;0.782193542;0.782193542
PLTS Mall Panakkukang;NE=53771627;W5;August;31/08/2025;6.6829722;6.6827873;6.528751253;6.528751253;0.785506649;0.785506649;0.0001849;0.785484916;0.785484916
PLTS Mall Panakkukang;NE=53771627;W1;September;01/09/2025;7.0400228;7.0288092;6.807850106;6.807850106;0.778763543;0.778763543;0.0112136;0.777523101;0.777523101
PLTS Mall Panakkukang;NE=53771627;W1;September;02/09/2025;4.7880082;4.7871002;4.602899959;4.602899959;0.773101293;0.773101293;0.000908;0.772954682;0.772954682
PLTS Mall Panakkukang;NE=53771627;W1;September;03/09/2025;6.1690133;6.1680088;6.005385817;6.005385817;0.782840546;0.782840546;0.0010045;0.782713076;0.782713076
PLTS Mall Panakkukang;NE=53771627;W1;September;04/09/2025;7.2519605;7.2393991;6.982185954;6.982185954;0.775472271;0.775472271;0.0125614;0.774129046;0.774129046
PLTS Mall Panakkukang;NE=53771627;W1;September;05/09/2025;7.0690199;7.0602039;6.780234627;6.780234627;0.772155663;0.772155663;0.008816;0.771192683;0.771192683
PLTS Mall Panakkukang;NE=53771627;W1;September;06/09/2025;6.9499714;6.9406667;6.704337282;6.704337282;0.776661982;0.776661982;0.0093047;0.775622179;0.775622179
PLTS Mall Panakkukang;NE=53771627;W1;September;07/09/2025;4.2930426;4.2849112;4.141713376;4.141713376;0.777169228;0.777169228;0.0081314;0.775697201;0.775697201
PLTS Mall Panakkukang;NE=53771627;W2;September;08/09/2025;7.1849771;7.1733827;6.92390544;6.92390544;0.776076457;0.776076457;0.0115944;0.774824102;0.774824102
PLTS Mall Panakkukang;NE=53771627;W2;September;09/09/2025;6.8199993;6.8158155;6.558018008;6.558018008;0.773627966;0.773627966;0.0041838;0.773153376;0.773153376
PLTS Mall Panakkukang;NE=53771627;W2;September;10/09/2025;6.9469907;6.9471037;6.733470138;6.733470138;0.779314108;0.779314108;-0,000113;0.779326785;0.779326785
PLTS Mall Panakkukang;NE=53771627;W2;September;11/09/2025;7.2519768;7.2460259;6.969657844;6.969657844;0.773372915;0.773372915;0.0059509;0.772738292;0.772738292
PLTS Mall Panakkukang;NE=53771627;W2;September;12/09/2025;7.154014;7.1448034;6.840821705;6.840821705;0.769830955;0.769830955;0.0092106;0.768839818;0.768839818
PLTS Mall Panakkukang;NE=53771627;W2;September;13/09/2025;7.223994;7.2119739;6.944542526;6.944542526;0.774224441;0.774224441;0.0120201;0.772936199;0.772936199
PLTS Mall Panakkukang;NE=53771627;W2;September;14/09/2025;6.7889888;6.7828076;6.621446843;6.621446843;0.78491166;0.78491166;0.0061812;0.784197018;0.784197018
PLTS Mall Panakkukang;NE=53771627;W3;September;15/09/2025;5.5709801;5.5690895;5.445700834;5.445700834;0.786225207;0.786225207;0.0018906;0.785958389;0.785958389
PLTS Mall Panakkukang;NE=53771627;W3;September;16/09/2025;7.2619804;7.2539969;6.963022045;6.963022045;0.771787582;0.771787582;0.0079835;0.770939113;0.770939113
PLTS Mall Panakkukang;NE=53771627;W3;September;17/09/2025;7.3629873;7.3533846;7.037223016;7.037223016;0.769469509;0.769469509;0.0096027;0.768465978;0.768465978
PLTS Mall Panakkukang;NE=53771627;W3;September;18/09/2025;7.0489963;7.0422211;6.741296519;6.741296519;0.769681691;0.769681691;0.0067752;0.768941905;0.768941905
PLTS Mall Panakkukang;NE=53771627;W3;September;19/09/2025;7.0869829;7.0812077;6.813890814;6.813890814;0.773686856;0.773686856;0.0057752;0.773056377;0.773056377
PLTS Mall Panakkukang;NE=53771627;W3;September;20/09/2025;7.1039943;7.1033974;6.8411341;6.8411341;0.774353692;0.774353692;0.0005969;0.774288628;0.774288628
PLTS Mall Panakkukang;NE=53771627;W3;September;21/09/2025;4.478964;4.4741022;4.309666321;4.309666321;0.774488774;0.774488774;0.0048618;0.773648087;0.773648087
PLTS Mall Panakkukang;NE=53771627;W4;September;22/09/2025;3.6509982;3.6402999;3.476239503;3.476239503;0.767803184;0.767803184;0.0106983;0.765553336;0.765553336
PLTS Mall Panakkukang;NE=53771627;W4;September;23/09/2025;6.3569955;6.3503673;6.127824354;6.127824354;0.775862649;0.775862649;0.0066282;0.775053686;0.775053686
PLTS Mall Panakkukang;NE=53771627;W4;September;24/09/2025;6.3379865;6.3316884;6.077563419;6.077563419;0.771769031;0.771769031;0.0062981;0.771002119;0.771002119
PLTS Mall Panakkukang;NE=53771627;W4;September;25/09/2025;6.180016;6.1723897;5.900429914;5.900429914;0.768612955;0.768612955;0.0076263;0.767664466;0.767664466
PLTS Mall Panakkukang;NE=53771627;W4;September;26/09/2025;6.0789777;6.0764978;5.887529811;5.887529811;0.779035334;0.779035334;0.0024799;0.778717529;0.778717529
PLTS Mall Panakkukang;NE=53771627;W4;September;27/09/2025;6.7790005;6.7772086;6.530611125;6.530611125;0.774783481;0.774783481;0.0017919;0.774578681;0.774578681
PLTS Mall Panakkukang;NE=53771627;W4;September;28/09/2025;7.204985;7.1997955;6.859732817;6.859732817;0.766062884;0.766062884;0.0051895;0.765511116;0.765511116
PLTS Mall Panakkukang;NE=53771627;W5;September;29/09/2025;7.2069667;7.2018992;6.87004356;6.87004356;0.766990234;0.766990234;0.0050675;0.766450933;0.766450933
PLTS Mall Panakkukang;NE=53771627;W5;September;30/09/2025;6.5219737;6.5114052;6.232378563;6.232378563;0.769584806;0.769584806;0.0105685;0.768337736;0.768337736
PLTS Mall Panakkukang;NE=53771627;W1;October;01/10/2025;7.5519999;7.5410094;7.119652162;7.119652162;0.759113432;0.759113432;0.0109905;0.758008686;0.758008686
PLTS Mall Panakkukang;NE=53771627;W1;October;02/10/2025;7.2929754;7.2821021;6.946551196;6.946551196;0.766990278;0.766990278;0.0108733;0.76584675;0.76584675
PLTS Mall Panakkukang;NE=53771627;W1;October;03/10/2025;7.3070063;7.2976966;6.9462536;6.9462536;0.765318502;0.765318502;0.0093097;0.764343427;0.764343427
PLTS Mall Panakkukang;NE=53771627;W1;October;04/10/2025;7.3699947;7.3597109;6.996618634;6.996618634;0.764372104;0.764372104;0.0102838;0.76330553;0.76330553
PLTS Mall Panakkukang;NE=53771627;W1;October;05/10/2025;6.0399924;6.0303941;5.707242154;5.707242154;0.760953268;0.760953268;0.0095983;0.759744018;0.759744018
PLTS Mall Panakkukang;NE=53771627;W2;October;06/10/2025;6.6389929;6.6297088;6.381212098;6.381212098;0.773902249;0.773902249;0.0092841;0.772820009;0.772820009
PLTS Mall Panakkukang;NE=53771627;W2;October;07/10/2025;6.2529925;6.2503784;6.01246801;6.01246801;0.773435051;0.773435051;0.0026141;0.773111712;0.773111712
PLTS Mall Panakkukang;NE=53771627;W2;October;08/10/2025;5.8809915;5.8766155;5.635689443;5.635689443;0.771075952;0.771075952;0.004376;0.7705022;0.7705022
PLTS Mall Panakkukang;NE=53771627;W2;October;09/10/2025;4.3559834;4.3511015;4.201972959;4.201972959;0.77648205;0.77648205;0.0048819;0.77561182;0.77561182
PLTS Mall Panakkukang;NE=53771627;W2;October;10/10/2025;5.0289908;5.0262854;4.881849814;4.881849814;0.780934576;0.780934576;0.0027054;0.780514464;0.780514464
PLTS Mall Panakkukang;NE=53771627;W2;October;11/10/2025;5.340017;5.3335898;5.155428251;5.155428251;0.777181613;0.777181613;0.0064272;0.776246204;0.776246204
PLTS Mall Panakkukang;NE=53771627;W2;October;12/10/2025;7.2899948;7.287179;6.931196129;6.931196129;0.764761704;0.764761704;0.0028158;0.764466311;0.764466311
PLTS Mall Panakkukang;NE=53771627;W3;October;13/10/2025;6.1899882;6.1780996;5.921914987;5.921914987;0.770698733;0.770698733;0.0118886;0.769218515;0.769218515
PLTS Mall Panakkukang;NE=53771627;W3;October;14/10/2025;6.6100117;6.6064752;6.344580156;6.344580156;0.77216562;0.77216562;0.0035365;0.771752495;0.771752495
PLTS Mall Panakkukang;NE=53771627;W3;October;15/10/2025;6.6059688;6.6009874;6.295093009;6.295093009;0.76677974;0.76677974;0.0049814;0.76620153;0.76620153
PLTS Mall Panakkukang;NE=53771627;W3;October;16/10/2025;5.8040038;5.7936132;5.613862475;5.613862475;0.779093631;0.779093631;0.0103906;0.777698861;0.777698861
PLTS Mall Panakkukang;NE=53771627;W3;October;17/10/2025;4.0939939;4.0799996;3.904841181;3.904841181;0.769521283;0.769521283;0.0139943;0.766890866;0.766890866
PLTS Mall Panakkukang;NE=53771627;W3;October;18/10/2025;6.3209909;6.3148128;6.061955257;6.061955257;0.771844169;0.771844169;0.0061781;0.771089773;0.771089773
PLTS Mall Panakkukang;NE=53771627;W3;October;19/10/2025;6.0530086;6.0452928;5.854751709;5.854751709;0.778697039;0.778697039;0.0077158;0.77770443;0.77770443
PLTS Mall Panakkukang;NE=53771627;W4;October;20/10/2025;6.7159644;6.7084091;6.421385087;6.421385087;0.769638098;0.769638098;0.0075553;0.768772273;0.768772273
PLTS Mall Panakkukang;NE=53771627;W4;October;21/10/2025;6.6269754;6.6202826;6.327186921;6.327186921;0.768442751;0.768442751;0.0066928;0.767666675;0.767666675
PLTS Mall Panakkukang;NE=53771627;W4;October;22/10/2025;6.6579703;6.6507125;6.331055162;6.331055162;0.765394443;0.765394443;0.0072578;0.764560093;0.764560093
PLTS Mall Panakkukang;NE=53771627;W4;October;23/10/2025;7.4530069;7.4454019;6.965625806;6.965625806;0.752227795;0.752227795;0.007605;0.751460226;0.751460226
PLTS Mall Panakkukang;NE=53771627;W4;October;24/10/2025;7.553982;7.5435719;7.032699785;7.032699785;0.749587656;0.749587656;0.0104101;0.748554654;0.748554654
PLTS Mall Panakkukang;NE=53771627;W4;October;25/10/2025;7.2410055;7.2312854;6.820630912;6.820630912;0.758379227;0.758379227;0.0097201;0.757361202;0.757361202
PLTS Mall Panakkukang;NE=53771627;W4;October;26/10/2025;4.7339931;4.7238995;4.53313262;4.53313262;0.771569687;0.771569687;0.0100936;0.769924582;0.769924582
PLTS Mall Panakkukang;NE=53771627;W5;October;27/10/2025;5.7610075;5.7539466;5.463287766;5.463287766;0.763423688;0.763423688;0.0070609;0.762488008;0.762488008
PLTS Mall Panakkukang;NE=53771627;W5;October;28/10/2025;5.6870004;5.6828062;5.453289018;5.453289018;0.771565947;0.771565947;0.0041942;0.770996912;0.770996912
PLTS Mall Panakkukang;NE=53771627;W5;October;29/10/2025;6.3629727;6.357516;6.089466538;6.089466538;0.770139091;0.770139091;0.0054567;0.769478643;0.769478643
PLTS Mall Panakkukang;NE=53771627;W5;October;30/10/2025;4.5029828;4.4890168;4.320587455;4.320587455;0.773871676;0.773871676;0.013966;0.771471513;0.771471513
PLTS Mall Panakkukang;NE=53771627;W5;October;31/10/2025;3.0859891;3.0717313;2.900589262;2.900589262;0.759242296;0.759242296;0.0142578;0.755734466;0.755734466
PLTS Mall Panakkukang;NE=53771627;W1;November;01/11/2025;5.1800015;5.1739273;4.956616376;4.956616376;0.770268907;0.770268907;0.0060742;0.76936567;0.76936567
PLTS Mall Panakkukang;NE=53771627;W1;November;02/11/2025;6.310004;6.3040894;5.916826365;5.916826365;0.754646988;0.754646988;0.0059146;0.75393963;0.75393963
PLTS Mall Panakkukang;NE=53771627;W2;November;03/11/2025;6.1750379;6.167898;5.774941324;5.774941324;0.752814152;0.752814152;0.0071399;0.751943709;0.751943709
PLTS Mall Panakkukang;NE=53771627;W2;November;04/11/2025;5.3920028;5.3866996;5.09830782;5.09830782;0.760993028;0.760993028;0.0053032;0.760244569;0.760244569
PLTS Mall Panakkukang;NE=53771627;W2;November;05/11/2025;5.4649792;5.4573178;5.16797106;5.16797106;0.761409357;0.761409357;0.0076614;0.760341931;0.760341931
PLTS Mall Panakkukang;NE=53771627;W2;November;06/11/2025;5.0950234;5.0898023;4.777117008;4.777117008;0.754644388;0.754644388;0.0052211;0.75387107;0.75387107
PLTS Mall Panakkukang;NE=53771627;W2;November;07/11/2025;4.9120034;4.9091837;4.706873776;4.706873776;0.770904623;0.770904623;0.0028197;0.770462091;0.770462091
PLTS Mall Panakkukang;NE=53771627;W2;November;08/11/2025;4.4259952;4.4180977;4.243157633;4.243157633;0.772202552;0.772202552;0.0078975;0.770824676;0.770824676
PLTS Mall Panakkukang;NE=53771627;W2;November;09/11/2025;5.0979879;5.0901027;4.830666393;4.830666393;0.763058585;0.763058585;0.0078852;0.761878341;0.761878341
PLTS Mall Panakkukang;NE=53771627;W3;November;10/11/2025;6.2690052;6.2648027;5.897468859;5.897468859;0.756895006;0.756895006;0.0042025;0.756387613;0.756387613
PLTS Mall Panakkukang;NE=53771627;W3;November;11/11/2025;5.1519873;5.1466766;4.809880609;4.809880609;0.751423544;0.751423544;0.0053107;0.750648973;0.750648973
PLTS Mall Panakkukang;NE=53771627;W3;November;12/11/2025;4.4340175;4.4235857;4.194221077;4.194221077;0.762349737;0.762349737;0.0104318;0.760556176;0.760556176
PLTS Mall Panakkukang;NE=53771627;W3;November;13/11/2025;6.7139988;6.7084722;6.247123439;6.247123439;0.748744844;0.748744844;0.0055266;0.748128518;0.748128518
PLTS Mall Panakkukang;NE=53771627;W3;November;14/11/2025;6.6030041;6.5981876;6.097158821;6.097158821;0.742985315;0.742985315;0.0048165;0.742443352;0.742443352
PLTS Mall Panakkukang;NE=53771627;W3;November;15/11/2025;6.5359885;6.5309856;6.057030531;6.057030531;0.745690171;0.745690171;0.0050029;0.74511939;0.74511939
PLTS Mall Panakkukang;NE=53771627;W3;November;16/11/2025;5.4669928;5.460497;5.116460144;5.116460144;0.753381245;0.753381245;0.0064958;0.752486088;0.752486088
PLTS Mall Panakkukang;NE=53771627;W4;November;17/11/2025;5.6220142;5.6159209;5.26850803;5.26850803;0.754299893;0.754299893;0.0060933;0.753482361;0.753482361
PLTS Mall Panakkukang;NE=53771627;W4;November;18/11/2025;4.904996;4.8989824;4.649366852;4.649366852;0.763071648;0.763071648;0.0060136;0.76213611;0.76213611
PLTS Mall Panakkukang;NE=53771627;W4;November;19/11/2025;5.0930098;5.0821945;4.709715333;4.709715333;0.745110628;0.745110628;0.0108153;0.743528343;0.743528343
PLTS Mall Panakkukang;NE=53771627;W4;November;20/11/2025;5.1459788;5.1384206;4.871746968;4.871746968;0.762311472;0.762311472;0.0075582;0.76119182;0.76119182
PLTS Mall Panakkukang;NE=53771627;W4;November;21/11/2025;4.1000028;4.0927159;3.743330839;3.743330839;0.735400626;0.735400626;0.0072869;0.734093605;0.734093605
PLTS Mall Panakkukang;NE=53771627;W4;November;22/11/2025;4.7039813;4.6976767;4.315112238;4.315112238;0.73856097;0.73856097;0.0063046;0.7375711;0.7375711
PLTS Mall Panakkukang;NE=53771627;W4;November;23/11/2025;4.5719641;4.5665939;4.264791604;4.264791604;0.75090121;0.75090121;0.0053702;0.750019206;0.750019206
PLTS Mall Panakkukang;NE=53771627;W5;November;24/11/2025;5.1930177;5.1868807;4.801131642;4.801131642;0.744242962;0.744242962;0.006137;0.743363432;0.743363432
PLTS Mall Panakkukang;NE=53771627;W5;November;25/11/2025;2.5400048;2.5194849;2.258251837;2.258251837;0.720672573;0.720672573;0.0205199;0.714850486;0.714850486
PLTS Mall Panakkukang;NE=53771627;W5;November;26/11/2025;5.9430127;5.9398796;5.540107497;5.540107497;0.749925172;0.749925172;0.0031331;0.749529819;0.749529819
PLTS Mall Panakkukang;NE=53771627;W5;November;27/11/2025;6.841989;6.8346996;6.135367739;6.135367739;0.721769538;0.721769538;0.0072894;0.721000571;0.721000571
PLTS Mall Panakkukang;NE=53771627;W5;November;28/11/2025;5.3309961;5.3250806;1.568405934;5.110256874;0.236815254;0.771603035;0.0059155;0.236552474;0.770746832
PLTS Mall Panakkukang;NE=53771627;W5;November;29/11/2025;4.123007;4.1131183;0.06968334;3.947187404;0.01362182;0.771603035;0.0098887;0.013589149;0.769752408
PLTS Mall Panakkukang;NE=53771627;W5;November;30/11/2025;5.5729936;5.565104;5.226415371;5.226415371;0.755106171;0.755106171;0.0078896;0.754037179;0.754037179
PLTS Mall Panakkukang;NE=53771627;W1;December;01/12/2025;5.1159823;5.1111063;4.659588496;4.659588496;0.733010225;0.733010225;0.004876;0.732311599;0.732311599
PLTS Mall Panakkukang;NE=53771627;W1;December;02/12/2025;4.2769979;4.2696015;3.934732826;3.934732826;0.740977956;0.740977956;0.0073964;0.73969655;0.73969655
PLTS Mall Panakkukang;NE=53771627;W1;December;03/12/2025;4.7490071;4.7357933;4.378778969;4.378778969;0.743425865;0.743425865;0.0132138;0.741357331;0.741357331
PLTS Mall Panakkukang;NE=53771627;W1;December;04/12/2025;4.317014;4.3027835;4.044256659;4.044256659;0.755729885;0.755729885;0.0142305;0.753238715;0.753238715
PLTS Mall Panakkukang;NE=53771627;W1;December;05/12/2025;4.8240288;4.8127853;4.505011648;4.505011648;0.752621832;0.752621832;0.0112435;0.750867675;0.750867675
PLTS Mall Panakkukang;NE=53771627;W1;December;06/12/2025;4.93301;4.920002;4.555599978;4.555599978;0.74448797;0.74448797;0.013008;0.742524808;0.742524808
PLTS Mall Panakkukang;NE=53771627;W1;December;07/12/2025;4.4860033;4.4791793;4.122802264;4.122802264;0.740067683;0.740067683;0.006824;0.73894191;0.73894191
PLTS Mall Panakkukang;NE=53771627;W2;December;08/12/2025;5.1280156;5.1239965;4.620397792;4.620397792;0.725016558;0.725016558;0.0040191;0.724448324;0.724448324
PLTS Mall Panakkukang;NE=53771627;W2;December;09/12/2025;4.003023;4.0000657;3.75438547;3.75438547;0.754656154;0.754656154;0.0029573;0.754098639;0.754098639
PLTS Mall Panakkukang;NE=53771627;W2;December;10/12/2025;3.4139791;3.3918941;3.173870204;3.173870204;0.752357508;0.752357508;0.022085;0.747490515;0.747490515
PLTS Mall Panakkukang;NE=53771627;W2;December;11/12/2025;2.6630168;2.6466296;2.430772911;2.430772911;0.738462769;0.738462769;0.0163872;0.733918548;0.733918548
PLTS Mall Panakkukang;NE=53771627;W2;December;12/12/2025;5.471971;5.4609875;5.039863609;5.039863609;0.742036012;0.742036012;0.0109835;0.740546576;0.740546576
PLTS Mall Panakkukang;NE=53771627;W2;December;13/12/2025;4.6839736;4.6789983;4.31496344;4.31496344;0.741483711;0.741483711;0.0049753;0.74069611;0.74069611
PLTS Mall Panakkukang;NE=53771627;W2;December;14/12/2025;2.2989902;2.2911971;1.991934389;1.991934389;0.699020577;0.699020577;0.0077931;0.696651042;0.696651042
PLTS Mall Panakkukang;NE=53771627;W3;December;15/12/2025;3.1759928;3.1548916;2.869745132;2.869745132;0.731368528;0.731368528;0.0211012;0.726509337;0.726509337
PLTS Mall Panakkukang;NE=53771627;W3;December;16/12/2025;6.2779787;6.2675705;5.662367537;5.662367537;0.726400626;0.726400626;0.0104082;0.725196333;0.725196333
PLTS Mall Panakkukang;NE=53771627;W3;December;17/12/2025;5.6800245;5.6671011;5.207816854;5.207816854;0.73887696;0.73887696;0.0129234;0.73719584;0.73719584
PLTS Mall Panakkukang;NE=53771627;W3;December;18/12/2025;4.5080244;4.4943941;4.168540068;4.168540068;0.74574476;0.74574476;0.0136303;0.743489953;0.743489953
PLTS Mall Panakkukang;NE=53771627;W3;December;19/12/2025;4.0799947;4.0673943;3.766511886;3.766511886;0.744561281;0.744561281;0.0126004;0.742261825;0.742261825
PLTS Mall Panakkukang;NE=53771627;W3;December;20/12/2025;3.5189967;3.4988893;3.225678616;3.225678616;0.74125609;0.74125609;0.0201074;0.737020584;0.737020584
PLTS Mall Panakkukang;NE=53771627;W3;December;21/12/2025;5.8209993;5.8118963;5.271855579;5.271855579;0.729328239;0.729328239;0.009103;0.7281877;0.7281877
PLTS Mall Panakkukang;NE=53771627;W4;December;22/12/2025;4.1510213;4.1395785;3.845786779;3.845786779;0.746975678;0.746975678;0.0114428;0.744916548;0.744916548
PLTS Mall Panakkukang;NE=53771627;W4;December;23/12/2025;3.9829993;3.9691772;3.689454058;3.689454058;0.747375747;0.747375747;0.0138221;0.744782148;0.744782148
PLTS Mall Panakkukang;NE=53771627;W4;December;24/12/2025;3.2090012;3.1915846;2.862380144;2.862380144;0.721104709;0.721104709;0.0174166;0.71719097;0.71719097
PLTS Mall Panakkukang;NE=53771627;W4;December;25/12/2025;2.0789826;2.0609007;1.812792415;1.812792415;0.707242565;0.707242565;0.0180819;0.70109134;0.70109134
PLTS Mall Panakkukang;NE=53771627;W4;December;26/12/2025;5.7670003;5.7548007;5.294873329;5.294873329;0.739780141;0.739780141;0.0121996;0.738215199;0.738215199
PLTS Mall Panakkukang;NE=53771627;W4;December;27/12/2025;3.72797;3.7118669;3.469068012;3.469068012;0.751446042;0.751446042;0.0161031;0.748200144;0.748200144
PLTS Mall Panakkukang;NE=53771627;W4;December;28/12/2025;4.9949839;4.9853059;4.617183841;4.617183841;0.744668078;0.744668078;0.009678;0.743225251;0.743225251
PLTS Mall Panakkukang;NE=53771627;W5;December;29/12/2025;4.3589959;4.3482862;3.985871848;3.985871848;0.737025632;0.737025632;0.0107097;0.73521482;0.73521482
PLTS Mall Panakkukang;NE=53771627;W5;December;30/12/2025;3.2649662;3.2564935;3.004310184;3.004310184;0.741774563;0.741774563;0.0084727;0.739849632;0.739849632
PLTS Mall Panakkukang;NE=53771627;W5;December;31/12/2025;3.0920135;3.0707824;2.822757747;2.822757747;0.739097864;0.739097864;0.0212311;0.734022899;0.734022899
PT. Pusan Manis Mulia 2.06 MWp - Tangerang;NE=54435794;W1;January;01/01/2025;6.095995;6.066002;9.792139972;9.792139972;0.784767071;0.784767071;0.029993;0.780905927;0.780905927
PT. Pusan Manis Mulia 2.06 MWp - Tangerang;NE=54435794;W1;January;02/01/2025;4.881998;4.842313;7.859066231;7.859066231;0.789012346;0.789012346;0.039685;0.782598588;0.782598588
PT. Pusan Manis Mulia 2.06 MWp - Tangerang;NE=54435794;W1;January;03/01/2025;5.704002;5.671327;9.191318741;9.191318741;0.787877769;0.787877769;0.032675;0.783364463;0.783364463
PT. Pusan Manis Mulia 2.06 MWp - Tangerang;NE=54435794;W1;January;04/01/2025;4.155998;4.122782;6.733205339;6.733205339;0.793957391;0.793957391;0.033216;0.787611842;0.787611842
PT. Pusan Manis Mulia 2.06 MWp - Tangerang;NE=54435794;W1;January;05/01/2025;3.434984;3.400495;5.56843517;5.56843517;0.796080041;0.796080041;0.034489;0.788086989;0.788086989
PT. Pusan Manis Mulia 2.06 MWp - Tangerang;NE=54435794;W2;January;06/01/2025;5.592982;5.546404;8.971348349;8.971348349;0.786342825;0.786342825;0.046578;0.779794211;0.779794211
PT. Pusan Manis Mulia 2.06 MWp - Tangerang;NE=54435794;W2;January;07/01/2025;6.274028;6.250116;10.03589562;10.03589562;0.780609381;0.780609381;0.023912;0.77763427;0.77763427
PT. Pusan Manis Mulia 2.06 MWp - Tangerang;NE=54435794;W2;January;08/01/2025;6.059014;6.03471;9.685596367;9.685596367;0.7802534;0.7802534;0.024304;0.777123637;0.777123637
PT. Pusan Manis Mulia 2.06 MWp - Tangerang;NE=54435794;W2;January;09/01/2025;5.609994;5.580829;9.001970187;9.001970187;0.784159779;0.784159779;0.029165;0.780083123;0.780083123
PT. Pusan Manis Mulia 2.06 MWp - Tangerang;NE=54435794;W2;January;10/01/2025;4.841983;4.802727;7.79634785;7.79634785;0.78916718;0.78916718;0.039256;0.782769068;0.782769068
PT. Pusan Manis Mulia 2.06 MWp - Tangerang;NE=54435794;W2;January;11/01/2025;5.287985;5.261089;8.520053673;8.520053673;0.787285749;0.787285749;0.026896;0.783281419;0.783281419
PT. Pusan Manis Mulia 2.06 MWp - Tangerang;NE=54435794;W2;January;12/01/2025;2.657003;2.621999;4.266687352;4.266687352;0.791086561;0.791086561;0.035004;0.780664596;0.780664596
PT. Pusan Manis Mulia 2.06 MWp - Tangerang;NE=54435794;W3;January;13/01/2025;2.356015;2.327525;3.770911372;3.770911372;0.787621711;0.787621711;0.02849;0.778097433;0.778097433
PT. Pusan Manis Mulia 2.06 MWp - Tangerang;NE=54435794;W3;January;14/01/2025;3.53297;3.507509;5.708012185;5.708012185;0.7911372;0.7911372;0.025461;0.785435724;0.785435724
PT. Pusan Manis Mulia 2.06 MWp - Tangerang;NE=54435794;W3;January;15/01/2025;3.761993;3.730211;6.076876502;6.076876502;0.791977275;0.791977275;0.031782;0.785286507;0.785286507
PT. Pusan Manis Mulia 2.06 MWp - Tangerang;NE=54435794;W3;January;16/01/2025;5.419005;5.386087;8.703666356;8.703666356;0.785587526;0.785587526;0.032918;0.780815437;0.780815437
PT. Pusan Manis Mulia 2.06 MWp - Tangerang;NE=54435794;W3;January;17/01/2025;4.53101;4.50359;7.261499148;7.261499148;0.783850343;0.783850343;0.02742;0.77910677;0.77910677
PT. Pusan Manis Mulia 2.06 MWp - Tangerang;NE=54435794;W3;January;18/01/2025;4.260022;4.212235;6.854169991;6.854169991;0.791057381;0.791057381;0.047787;0.782183657;0.782183657
PT. Pusan Manis Mulia 2.06 MWp - Tangerang;NE=54435794;W3;January;19/01/2025;4.74302;4.712002;7.663794513;7.663794513;0.790686081;0.790686081;0.031018;0.785515219;0.785515219
PT. Pusan Manis Mulia 2.06 MWp - Tangerang;NE=54435794;W4;January;20/01/2025;3.260991;3.223208;5.274556349;5.274556349;0.795542365;0.795542365;0.037783;0.786324929;0.786324929
PT. Pusan Manis Mulia 2.06 MWp - Tangerang;NE=54435794;W4;January;21/01/2025;2.748008;2.713314;4.413334047;4.413334047;0.790737715;0.790737715;0.034694;0.780754536;0.780754536
PT. Pusan Manis Mulia 2.06 MWp - Tangerang;NE=54435794;W4;January;22/01/2025;2.803008;2.756807;4.485182441;4.485182441;0.790932568;0.790932568;0.046201;0.777895903;0.777895903
PT. Pusan Manis Mulia 2.06 MWp - Tangerang;NE=54435794;W4;January;23/01/2025;2.616988;2.574585;4.198163153;4.198163153;0.792716296;0.792716296;0.042403;0.779871931;0.779871931
PT. Pusan Manis Mulia 2.06 MWp - Tangerang;NE=54435794;W4;January;24/01/2025;5.247985;5.208105;8.459348629;8.459348629;0.789628656;0.789628656;0.03988;0.783628183;0.783628183
PT. Pusan Manis Mulia 2.06 MWp - Tangerang;NE=54435794;W4;January;25/01/2025;2.284003;2.254906;3.665491533;3.665491533;0.790259066;0.790259066;0.029097;0.78019158;0.78019158
PT. Pusan Manis Mulia 2.06 MWp - Tangerang;NE=54435794;W4;January;26/01/2025;5.374996;5.33551;8.634791219;8.634791219;0.786758804;0.786758804;0.039486;0.780979086;0.780979086
PT. Pusan Manis Mulia 2.06 MWp - Tangerang;NE=54435794;W5;January;27/01/2025;5.529004;5.494691;8.904135309;8.904135309;0.78779675;0.78779675;0.034313;0.782907683;0.782907683
PT. Pusan Manis Mulia 2.06 MWp - Tangerang;NE=54435794;W5;January;28/01/2025;5.220989;5.177691;8.347256549;8.347256549;0.783742398;0.783742398;0.043298;0.777242771;0.777242771
PT. Pusan Manis Mulia 2.06 MWp - Tangerang;NE=54435794;W5;January;29/01/2025;6.249013;6.226137;9.959411669;9.959411669;0.777643811;0.777643811;0.022876;0.77479706;0.77479706
PT. Pusan Manis Mulia 2.06 MWp - Tangerang;NE=54435794;W5;January;30/01/2025;4.281988;4.233505;6.847123262;6.847123262;0.786273751;0.786273751;0.048483;0.777371131;0.777371131
PT. Pusan Manis Mulia 2.06 MWp - Tangerang;NE=54435794;W5;January;31/01/2025;4.90901;4.863189;7.898068906;7.898068906;0.789524259;0.789524259;0.045821;0.782154791;0.782154791
PT. Pusan Manis Mulia 2.06 MWp - Tangerang;NE=54435794;W1;February;01/02/2025;2.694;2.650898;4.36101044;4.36101044;0.799760254;0.799760254;0.043102;0.786964684;0.786964684
PT. Pusan Manis Mulia 2.06 MWp - Tangerang;NE=54435794;W1;February;02/02/2025;4.333984;4.291894;7.019569345;7.019569345;0.795109953;0.795109953;0.04209;0.787388148;0.787388148
PT. Pusan Manis Mulia 2.06 MWp - Tangerang;NE=54435794;W2;February;03/02/2025;4.35999;4.319219;7.095374065;7.095374065;0.798611904;0.798611904;0.040771;0.79114395;0.79114395
PT. Pusan Manis Mulia 2.06 MWp - Tangerang;NE=54435794;W2;February;04/02/2025;2.700006;2.661783;4.381331102;4.381331102;0.800201085;0.800201085;0.038223;0.78887293;0.78887293
PT. Pusan Manis Mulia 2.06 MWp - Tangerang;NE=54435794;W2;February;05/02/2025;4.460005;4.423614;7.207536393;7.207536393;0.792091455;0.792091455;0.036391;0.785628458;0.785628458
PT. Pusan Manis Mulia 2.06 MWp - Tangerang;NE=54435794;W2;February;06/02/2025;4.018012;3.970277;6.489028207;6.489028207;0.794556093;0.794556093;0.047735;0.785116566;0.785116566
PT. Pusan Manis Mulia 2.06 MWp - Tangerang;NE=54435794;W2;February;07/02/2025;4.675993;4.637596;7.561628622;7.561628622;0.792662184;0.792662184;0.038397;0.786153224;0.786153224
PT. Pusan Manis Mulia 2.06 MWp - Tangerang;NE=54435794;W2;February;08/02/2025;4.139002;4.091006;6.652273331;6.652273331;0.790506922;0.790506922;0.047996;0.781340179;0.781340179
PT. Pusan Manis Mulia 2.06 MWp - Tangerang;NE=54435794;W2;February;09/02/2025;6.346024;6.32549;10.13274702;10.13274702;0.778751211;0.778751211;0.020534;0.776231385;0.776231385
PT. Pusan Manis Mulia 2.06 MWp - Tangerang;NE=54435794;W3;February;10/02/2025;5.811974;5.788302;9.21870978;9.21870978;0.77425616;0.77425616;0.023672;0.771102637;0.771102637
PT. Pusan Manis Mulia 2.06 MWp - Tangerang;NE=54435794;W3;February;11/02/2025;5.835983;5.799701;9.332768198;9.332768198;0.782295052;0.782295052;0.036282;0.777431564;0.777431564
PT. Pusan Manis Mulia 2.06 MWp - Tangerang;NE=54435794;W3;February;12/02/2025;6.158998;6.122105;9.832360009;9.832360009;0.78076926;0.78076926;0.036893;0.776092376;0.776092376
PT. Pusan Manis Mulia 2.06 MWp - Tangerang;NE=54435794;W3;February;13/02/2025;4.385981;4.347573;7.092752148;7.092752148;0.793110335;0.793110335;0.038408;0.786165074;0.786165074
PT. Pusan Manis Mulia 2.06 MWp - Tangerang;NE=54435794;W3;February;14/02/2025;2.13899;2.123232;3.472373648;3.472373648;0.795050489;0.795050489;0.015758;0.789193329;0.789193329
PT. Pusan Manis Mulia 2.06 MWp - Tangerang;NE=54435794;W3;February;15/02/2025;3.521995;3.483878;5.727560222;5.727560222;0.799231209;0.799231209;0.038117;0.790581482;0.790581482
PT. Pusan Manis Mulia 2.06 MWp - Tangerang;NE=54435794;W3;February;16/02/2025;3.933013;3.892223;6.361086576;6.361086576;0.794509876;0.794509876;0.04079;0.786269868;0.786269868
PT. Pusan Manis Mulia 2.06 MWp - Tangerang;NE=54435794;W4;February;17/02/2025;6.127001;6.086923;9.697746337;9.697746337;0.77453085;0.77453085;0.040078;0.769464481;0.769464481
PT. Pusan Manis Mulia 2.06 MWp - Tangerang;NE=54435794;W4;February;18/02/2025;5.691;5.65363;9.100694637;9.100694637;0.782551391;0.782551391;0.03737;0.777412761;0.777412761
PT. Pusan Manis Mulia 2.06 MWp - Tangerang;NE=54435794;W4;February;19/02/2025;5.166035;5.125009;8.35072154;8.35072154;0.792127477;0.792127477;0.041026;0.785836807;0.785836807
PT. Pusan Manis Mulia 2.06 MWp - Tangerang;NE=54435794;W4;February;20/02/2025;5.641015;5.624488;9.112493666;9.112493666;0.787625835;0.787625835;0.016527;0.785318256;0.785318256
PT. Pusan Manis Mulia 2.06 MWp - Tangerang;NE=54435794;W4;February;21/02/2025;5.355012;5.317329;8.545056687;8.545056687;0.781244772;0.781244772;0.037683;0.775747185;0.775747185
PT. Pusan Manis Mulia 2.06 MWp - Tangerang;NE=54435794;W4;February;22/02/2025;2.809014;2.7653;4.55014815;4.55014815;0.799924488;0.799924488;0.043714;0.787476028;0.787476028
PT. Pusan Manis Mulia 2.06 MWp - Tangerang;NE=54435794;W4;February;23/02/2025;4.938019;4.911678;7.926958099;7.926958099;0.784589304;0.784589304;0.026341;0.780404049;0.780404049
PT. Pusan Manis Mulia 2.06 MWp - Tangerang;NE=54435794;W5;February;24/02/2025;4.801998;4.760702;7.701697173;7.701697173;0.786468168;0.786468168;0.041296;0.779704735;0.779704735
PT. Pusan Manis Mulia 2.06 MWp - Tangerang;NE=54435794;W5;February;25/02/2025;3.902022;3.866896;6.322271195;6.322271195;0.794833819;0.794833819;0.035126;0.787678725;0.787678725
PT. Pusan Manis Mulia 2.06 MWp - Tangerang;NE=54435794;W5;February;26/02/2025;3.080018;3.052386;5.035295264;5.035295264;0.801957212;0.801957212;0.027632;0.794762553;0.794762553
PT. Pusan Manis Mulia 2.06 MWp - Tangerang;NE=54435794;W5;February;27/02/2025;2.056033;2.030312;3.334201588;3.334201588;0.798352668;0.798352668;0.025721;0.788365265;0.788365265
PT. Pusan Manis Mulia 2.06 MWp - Tangerang;NE=54435794;W5;February;28/02/2025;2.176992;2.155007;3.58502761;3.58502761;0.808741125;0.808741125;0.021985;0.800573813;0.800573813
PT. Pusan Manis Mulia 2.06 MWp - Tangerang;NE=54435794;W1;March;01/03/2025;6.275994;6.240882;10.00176229;10.00176229;0.779105492;0.779105492;0.035112;0.774746668;0.774746668
PT. Pusan Manis Mulia 2.06 MWp - Tangerang;NE=54435794;W1;March;02/03/2025;2.878007;2.83751;4.640140323;4.640140323;0.794985892;0.794985892;0.040497;0.78379949;0.78379949
PT. Pusan Manis Mulia 2.06 MWp - Tangerang;NE=54435794;W2;March;03/03/2025;5.108992;5.061095;8.258973572;8.258973572;0.793317976;0.793317976;0.047897;0.785880589;0.785880589
PT. Pusan Manis Mulia 2.06 MWp - Tangerang;NE=54435794;W2;March;04/03/2025;4.965;4.922305;7.965679883;7.965679883;0.786719722;0.786719722;0.042695;0.779954566;0.779954566
PT. Pusan Manis Mulia 2.06 MWp - Tangerang;NE=54435794;W2;March;05/03/2025;5.563013;5.532704;8.937987647;8.937987647;0.785358634;0.785358634;0.030309;0.781079759;0.781079759
PT. Pusan Manis Mulia 2.06 MWp - Tangerang;NE=54435794;W2;March;06/03/2025;3.951015;3.896568;6.344745589;6.344745589;0.791585192;0.791585192;0.054447;0.780676744;0.780676744
PT. Pusan Manis Mulia 2.06 MWp - Tangerang;NE=54435794;W2;March;07/03/2025;3.43102;3.376273;5.52858982;5.52858982;0.796053988;0.796053988;0.054747;0.783351769;0.783351769
PT. Pusan Manis Mulia 2.06 MWp - Tangerang;NE=54435794;W2;March;08/03/2025;5.458974;5.405389;8.77993986;8.77993986;0.789642102;0.789642102;0.053585;0.781891017;0.781891017
PT. Pusan Manis Mulia 2.06 MWp - Tangerang;NE=54435794;W2;March;09/03/2025;5.858025;5.8073;9.385466393;9.385466393;0.785682908;0.785682908;0.050725;0.778879631;0.778879631
PT. Pusan Manis Mulia 2.06 MWp - Tangerang;NE=54435794;W3;March;10/03/2025;5.769002;5.723902;9.243595549;9.243595549;0.785080976;0.785080976;0.0451;0.778943493;0.778943493
PT. Pusan Manis Mulia 2.06 MWp - Tangerang;NE=54435794;W3;March;11/03/2025;6.501007;6.458603;10.2800495;10.2800495;0.773788595;0.773788595;0.042404;0.768741418;0.768741418
PT. Pusan Manis Mulia 2.06 MWp - Tangerang;NE=54435794;W3;March;12/03/2025;6.068984;6.029669;9.654248702;9.654248702;0.778378298;0.778378298;0.039315;0.773335947;0.773335947
PT. Pusan Manis Mulia 2.06 MWp - Tangerang;NE=54435794;W3;March;13/03/2025;5.100974;5.049287;8.176753854;8.176753854;0.787257082;0.787257082;0.051687;0.779279986;0.779279986
PT. Pusan Manis Mulia 2.06 MWp - Tangerang;NE=54435794;W3;March;14/03/2025;6.436999;6.398715;10.16226875;10.16226875;0.772082337;0.772082337;0.038284;0.767490383;0.767490383
PT. Pusan Manis Mulia 2.06 MWp - Tangerang;NE=54435794;W3;March;15/03/2025;5.980006;5.944213;9.450900388;9.450900388;0.772937772;0.772937772;0.035793;0.768311395;0.768311395
PT. Pusan Manis Mulia 2.06 MWp - Tangerang;NE=54435794;W3;March;16/03/2025;5.904991;5.8613;9.324270115;9.324270115;0.773368723;0.773368723;0.043691;0.767646571;0.767646571
PT. Pusan Manis Mulia 2.06 MWp - Tangerang;NE=54435794;W4;March;17/03/2025;5.502998;5.450623;8.771839514;8.771839514;0.782366491;0.782366491;0.052375;0.774920287;0.774920287
PT. Pusan Manis Mulia 2.06 MWp - Tangerang;NE=54435794;W4;March;18/03/2025;4.666984;4.62868;7.53592343;7.53592343;0.791489264;0.791489264;0.038304;0.784993161;0.784993161
PT. Pusan Manis Mulia 2.06 MWp - Tangerang;NE=54435794;W4;March;19/03/2025;6.082962;6.035195;9.597500385;9.597500385;0.773094422;0.773094422;0.047767;0.767023629;0.767023629
PT. Pusan Manis Mulia 2.06 MWp - Tangerang;NE=54435794;W4;March;20/03/2025;4.074033;4.016994;6.545870122;6.545870122;0.792194658;0.792194658;0.057039;0.781103439;0.781103439
PT. Pusan Manis Mulia 2.06 MWp - Tangerang;NE=54435794;W4;March;21/03/2025;5.67699;5.627001;9.10600872;9.10600872;0.786713817;0.786713817;0.049989;0.779786372;0.779786372
PT. Pusan Manis Mulia 2.06 MWp - Tangerang;NE=54435794;W4;March;22/03/2025;3.666994;3.602503;5.882237015;5.882237015;0.793786808;0.793786808;0.064491;0.779826571;0.779826571
PT. Pusan Manis Mulia 2.06 MWp - Tangerang;NE=54435794;W4;March;23/03/2025;3.343978;3.291695;5.337040338;5.337040338;0.788218467;0.788218467;0.052283;0.775894694;0.775894694
PT. Pusan Manis Mulia 2.06 MWp - Tangerang;NE=54435794;W5;March;24/03/2025;6.237001;6.188684;9.88835935;9.88835935;0.776768564;0.776768564;0.048317;0.770751068;0.770751068
PT. Pusan Manis Mulia 2.06 MWp - Tangerang;NE=54435794;W5;March;25/03/2025;5.150014;5.103619;8.268361327;8.268361327;0.78760218;0.78760218;0.046395;0.780506898;0.780506898
PT. Pusan Manis Mulia 2.06 MWp - Tangerang;NE=54435794;W5;March;26/03/2025;4.937973;4.883808;7.931172466;7.931172466;0.789486158;0.789486158;0.054165;0.780826225;0.780826225
PT. Pusan Manis Mulia 2.06 MWp - Tangerang;NE=54435794;W5;March;27/03/2025;3.945009;3.890891;6.356872508;6.356872508;0.794255343;0.794255343;0.054118;0.783359675;0.783359675
PT. Pusan Manis Mulia 2.06 MWp - Tangerang;NE=54435794;W5;March;28/03/2025;4.820016;4.778913;7.739037551;7.739037551;0.787269702;0.787269702;0.041103;0.780556208;0.780556208
PT. Pusan Manis Mulia 2.06 MWp - Tangerang;NE=54435794;W5;March;29/03/2025;4.413008;4.383905;7.058454875;7.058454875;0.782734032;0.782734032;0.029103;0.777572041;0.777572041
PT. Pusan Manis Mulia 2.06 MWp - Tangerang;NE=54435794;W5;March;30/03/2025;3.746978;3.709365;6.053582483;6.053582483;0.793375167;0.793375167;0.037613;0.78541109;0.78541109
PT. Pusan Manis Mulia 2.06 MWp - Tangerang;NE=54435794;W5;March;31/03/2025;6.053984;6.018709;9.663917349;9.663917349;0.780576674;0.780576674;0.035275;0.776028456;0.776028456
PT. Pusan Manis Mulia 2.06 MWp - Tangerang;NE=54435794;W1;April;01/04/2025;5.77199;5.726794;9.191716679;9.191716679;0.780280541;0.780280541;0.045196;0.774170766;0.774170766
PT. Pusan Manis Mulia 2.06 MWp - Tangerang;NE=54435794;W1;April;02/04/2025;5.972003;5.929786;9.550280217;9.550280217;0.782965818;0.782965818;0.042217;0.777430913;0.777430913
PT. Pusan Manis Mulia 2.06 MWp - Tangerang;NE=54435794;W1;April;03/04/2025;3.717984;3.669869;5.94860728;5.94860728;0.78800767;0.78800767;0.048115;0.777809942;0.777809942
PT. Pusan Manis Mulia 2.06 MWp - Tangerang;NE=54435794;W1;April;04/04/2025;5.191004;5.143115;8.331009359;8.331009359;0.787475581;0.787475581;0.047889;0.780210817;0.780210817
PT. Pusan Manis Mulia 2.06 MWp - Tangerang;NE=54435794;W1;April;05/04/2025;4.444989;4.394911;7.175603795;7.175603795;0.793732338;0.793732338;0.050078;0.784790015;0.784790015
PT. Pusan Manis Mulia 2.06 MWp - Tangerang;NE=54435794;W1;April;06/04/2025;3.119986;3.083677;5.068094283;5.068094283;0.79899031;0.79899031;0.036309;0.789692019;0.789692019
PT. Pusan Manis Mulia 2.06 MWp - Tangerang;NE=54435794;W2;April;07/04/2025;4.776998;4.726716;7.695282575;7.695282575;0.791463281;0.791463281;0.050282;0.783132452;0.783132452
PT. Pusan Manis Mulia 2.06 MWp - Tangerang;NE=54435794;W2;April;08/04/2025;2.927016;2.89101;4.748744362;4.748744362;0.798536745;0.798536745;0.036006;0.788713733;0.788713733
PT. Pusan Manis Mulia 2.06 MWp - Tangerang;NE=54435794;W2;April;09/04/2025;4.320021;4.260088;6.894858313;6.894858313;0.786814734;0.786814734;0.059933;0.775899008;0.775899008
PT. Pusan Manis Mulia 2.06 MWp - Tangerang;NE=54435794;W2;April;10/04/2025;4.307018;4.259316;6.888537511;6.888537511;0.786235908;0.786235908;0.047702;0.777528021;0.777528021
PT. Pusan Manis Mulia 2.06 MWp - Tangerang;NE=54435794;W2;April;11/04/2025;5.139998;5.095913;8.252488726;8.252488726;0.787278956;0.787278956;0.044085;0.780526582;0.780526582
PT. Pusan Manis Mulia 2.06 MWp - Tangerang;NE=54435794;W2;April;12/04/2025;3.49102;3.447091;5.637497701;5.637497701;0.795058962;0.795058962;0.043929;0.785054395;0.785054395
PT. Pusan Manis Mulia 2.06 MWp - Tangerang;NE=54435794;W2;April;13/04/2025;5.907019;5.864418;9.457198041;9.457198041;0.783976914;0.783976914;0.042601;0.778322928;0.778322928
PT. Pusan Manis Mulia 2.06 MWp - Tangerang;NE=54435794;W3;April;14/04/2025;4.900016;4.853713;7.860306842;7.860306842;0.787283438;0.787283438;0.046303;0.779843955;0.779843955
PT. Pusan Manis Mulia 2.06 MWp - Tangerang;NE=54435794;W3;April;15/04/2025;5.038002;5.002691;8.080323833;8.080323833;0.785218993;0.785218993;0.035311;0.779715448;0.779715448
PT. Pusan Manis Mulia 2.06 MWp - Tangerang;NE=54435794;W3;April;16/04/2025;4.007966;3.972608;6.453091987;6.453091987;0.789692205;0.789692205;0.035358;0.782725595;0.782725595
PT. Pusan Manis Mulia 2.06 MWp - Tangerang;NE=54435794;W3;April;17/04/2025;5.960006;5.917297;9.47698027;9.47698027;0.778596267;0.778596267;0.042709;0.773016898;0.773016898
PT. Pusan Manis Mulia 2.06 MWp - Tangerang;NE=54435794;W3;April;18/04/2025;6.172992;6.140105;9.840109016;9.840109016;0.779093929;0.779093929;0.032887;0.774943258;0.774943258
PT. Pusan Manis Mulia 2.06 MWp - Tangerang;NE=54435794;W3;April;19/04/2025;4.577976;4.534079;7.325083451;7.325083451;0.785396935;0.785396935;0.043897;0.777865972;0.777865972
PT. Pusan Manis Mulia 2.06 MWp - Tangerang;NE=54435794;W3;April;20/04/2025;4.560979;4.51508;7.296498598;7.296498598;0.785624036;0.785624036;0.045899;0.777717979;0.777717979
PT. Pusan Manis Mulia 2.06 MWp - Tangerang;NE=54435794;W4;April;21/04/2025;5.730008;5.695912;9.134219183;9.134219183;0.779603654;0.779603654;0.034096;0.774964679;0.774964679
PT. Pusan Manis Mulia 2.06 MWp - Tangerang;NE=54435794;W4;April;22/04/2025;5.524995;5.487319;8.920288803;8.920288803;0.790286231;0.790286231;0.037676;0.784897118;0.784897118
PT. Pusan Manis Mulia 2.06 MWp - Tangerang;NE=54435794;W4;April;23/04/2025;4.226989;4.181595;6.806317993;6.806317993;0.791290544;0.791290544;0.045394;0.782792807;0.782792807
PT. Pusan Manis Mulia 2.06 MWp - Tangerang;NE=54435794;W4;April;24/04/2025;4.731984;4.683405;7.6180728;7.6180728;0.790768046;0.790768046;0.048579;0.782649946;0.782649946
PT. Pusan Manis Mulia 2.06 MWp - Tangerang;NE=54435794;W4;April;25/04/2025;6.270003;6.230012;9.975471664;9.975471664;0.77841333;0.77841333;0.039991;0.773448496;0.773448496
PT. Pusan Manis Mulia 2.06 MWp - Tangerang;NE=54435794;W4;April;26/04/2025;5.970997;5.927878;9.457993915;9.457993915;0.775649437;0.775649437;0.043119;0.770048157;0.770048157
PT. Pusan Manis Mulia 2.06 MWp - Tangerang;NE=54435794;W4;April;27/04/2025;5.184998;5.14861;8.240994036;8.240994036;0.778135649;0.778135649;0.036388;0.772674741;0.772674741
PT. Pusan Manis Mulia 2.06 MWp - Tangerang;NE=54435794;W5;April;28/04/2025;5.199998;5.157905;8.330869064;8.330869064;0.785204316;0.785204316;0.042093;0.778848236;0.778848236
PT. Pusan Manis Mulia 2.06 MWp - Tangerang;NE=54435794;W5;April;29/04/2025;5.155029;5.117001;8.240502202;8.240502202;0.782895661;0.782895661;0.038028;0.777120338;0.777120338
PT. Pusan Manis Mulia 2.06 MWp - Tangerang;NE=54435794;W5;April;30/04/2025;4.22301;4.189285;6.769071112;6.769071112;0.785515715;0.785515715;0.033725;0.779242579;0.779242579
PT. Pusan Manis Mulia 2.06 MWp - Tangerang;NE=54435794;W1;May;01/05/2025;5.580985;5.549734;8.885851234;8.885851234;0.778381631;0.778381631;0.031251;0.774023045;0.774023045
PT. Pusan Manis Mulia 2.06 MWp - Tangerang;NE=54435794;W1;May;02/05/2025;4.607;4.5702;7.396931845;7.396931845;0.786832191;0.786832191;0.0368;0.780547098;0.780547098
PT. Pusan Manis Mulia 2.06 MWp - Tangerang;NE=54435794;W1;May;03/05/2025;4.503983;4.472299;7.230151583;7.230151583;0.785927128;0.785927128;0.031684;0.780398396;0.780398396
PT. Pusan Manis Mulia 2.06 MWp - Tangerang;NE=54435794;W1;May;04/05/2025;4.141014;4.097803;6.65676819;6.65676819;0.789728963;0.789728963;0.043211;0.781488233;0.781488233
PT. Pusan Manis Mulia 2.06 MWp - Tangerang;NE=54435794;W2;May;05/05/2025;4.654988;4.618869;7.497763129;7.497763129;0.789154031;0.789154031;0.036119;0.783030824;0.783030824
PT. Pusan Manis Mulia 2.06 MWp - Tangerang;NE=54435794;W2;May;06/05/2025;4.72799;4.698801;7.586772033;7.586772033;0.784938607;0.784938607;0.029189;0.780092664;0.780092664
PT. Pusan Manis Mulia 2.06 MWp - Tangerang;NE=54435794;W2;May;07/05/2025;5.602006;5.569899;8.928131407;8.928131407;0.779253859;0.779253859;0.032107;0.774787691;0.774787691
PT. Pusan Manis Mulia 2.06 MWp - Tangerang;NE=54435794;W2;May;08/05/2025;4.352003;4.321913;7.01596386;7.01596386;0.789181746;0.789181746;0.03009;0.783725298;0.783725298
PT. Pusan Manis Mulia 2.06 MWp - Tangerang;NE=54435794;W2;May;09/05/2025;5.627997;5.594393;8.983943653;8.983943653;0.780692048;0.780692048;0.033604;0.776030643;0.776030643
PT. Pusan Manis Mulia 2.06 MWp - Tangerang;NE=54435794;W2;May;10/05/2025;5.104968;5.072676;8.185111841;8.185111841;0.784428207;0.784428207;0.032292;0.779466226;0.779466226
PT. Pusan Manis Mulia 2.06 MWp - Tangerang;NE=54435794;W2;May;11/05/2025;5.342984;5.31041;8.577059233;8.577059233;0.785192359;0.785192359;0.032574;0.780405361;0.780405361
PT. Pusan Manis Mulia 2.06 MWp - Tangerang;NE=54435794;W3;May;12/05/2025;4.712015;4.679711;7.565444553;7.565444553;0.785925043;0.785925043;0.032304;0.780537003;0.780537003
PT. Pusan Manis Mulia 2.06 MWp - Tangerang;NE=54435794;W3;May;13/05/2025;4.603007;4.571804;7.405172586;7.405172586;0.787432417;0.787432417;0.031203;0.782094547;0.782094547
PT. Pusan Manis Mulia 2.06 MWp - Tangerang;NE=54435794;W3;May;14/05/2025;4.857989;4.819015;7.777080705;7.777080705;0.784556159;0.784556159;0.038974;0.778261931;0.778261931
PT. Pusan Manis Mulia 2.06 MWp - Tangerang;NE=54435794;W3;May;15/05/2025;4.730017;4.694199;7.566240628;7.566240628;0.783581837;0.783581837;0.035818;0.777648172;0.777648172
PT. Pusan Manis Mulia 2.06 MWp - Tangerang;NE=54435794;W3;May;16/05/2025;3.015003;2.969321;4.826820261;4.826820261;0.790259428;0.790259428;0.045682;0.778285764;0.778285764
PT. Pusan Manis Mulia 2.06 MWp - Tangerang;NE=54435794;W3;May;17/05/2025;4.090023;4.057005;6.614979453;6.614979453;0.792663143;0.792663143;0.033018;0.78626412;0.78626412
PT. Pusan Manis Mulia 2.06 MWp - Tangerang;NE=54435794;W3;May;18/05/2025;4.706999;4.675503;7.56806657;7.56806657;0.786905013;0.786905013;0.031496;0.781639586;0.781639586
PT. Pusan Manis Mulia 2.06 MWp - Tangerang;NE=54435794;W4;May;19/05/2025;4.184032;4.152983;6.795103996;6.795103996;0.795429444;0.795429444;0.031049;0.789526695;0.789526695
PT. Pusan Manis Mulia 2.06 MWp - Tangerang;NE=54435794;W4;May;20/05/2025;3.091984;3.054006;4.98891807;4.98891807;0.794149367;0.794149367;0.037978;0.784395046;0.784395046
PT. Pusan Manis Mulia 2.06 MWp - Tangerang;NE=54435794;W4;May;21/05/2025;4.607991;4.578405;7.445228978;7.445228978;0.790550395;0.790550395;0.029586;0.785474599;0.785474599
PT. Pusan Manis Mulia 2.06 MWp - Tangerang;NE=54435794;W4;May;22/05/2025;5.250028;5.215023;8.413065232;8.413065232;0.78426663;0.78426663;0.035005;0.779037467;0.779037467
PT. Pusan Manis Mulia 2.06 MWp - Tangerang;NE=54435794;W4;May;23/05/2025;3.642009;3.605803;5.868260504;5.868260504;0.791175987;0.791175987;0.036206;0.783310735;0.783310735
PT. Pusan Manis Mulia 2.06 MWp - Tangerang;NE=54435794;W4;May;24/05/2025;4.058011;4.017675;6.583585089;6.583585089;0.796623949;0.796623949;0.040336;0.788705631;0.788705631
PT. Pusan Manis Mulia 2.06 MWp - Tangerang;NE=54435794;W4;May;25/05/2025;3.007;2.974422;4.870411591;4.870411591;0.796028813;0.796028813;0.032578;0.787404594;0.787404594
PT. Pusan Manis Mulia 2.06 MWp - Tangerang;NE=54435794;W5;May;26/05/2025;4.780017;4.744519;7.675663891;7.675663891;0.786483231;0.786483231;0.035498;0.780642544;0.780642544
PT. Pusan Manis Mulia 2.06 MWp - Tangerang;NE=54435794;W5;May;27/05/2025;3.262988;3.224222;5.244520042;5.244520042;0.790763328;0.790763328;0.038766;0.781368648;0.781368648
PT. Pusan Manis Mulia 2.06 MWp - Tangerang;NE=54435794;W5;May;28/05/2025;4.570004;4.5314;7.344795731;7.344795731;0.787976072;0.787976072;0.038604;0.781319836;0.781319836
PT. Pusan Manis Mulia 2.06 MWp - Tangerang;NE=54435794;W5;May;29/05/2025;4.183025;4.147109;6.728803977;6.728803977;0.788784076;0.788784076;0.035916;0.782011473;0.782011473
PT. Pusan Manis Mulia 2.06 MWp - Tangerang;NE=54435794;W5;May;30/05/2025;4.15702;4.119285;6.680225854;6.680225854;0.788378939;0.788378939;0.037735;0.781222495;0.781222495
PT. Pusan Manis Mulia 2.06 MWp - Tangerang;NE=54435794;W5;May;31/05/2025;4.921997;4.891302;7.887604285;7.887604285;0.783946354;0.783946354;0.030695;0.779057437;0.779057437
PT. Pusan Manis Mulia 2.06 MWp - Tangerang;NE=54435794;W1;June;01/06/2025;3.678015;3.638124;4.34029164;4.34029164;0.579972129;0.579972129;0.039891;0.573681869;0.573681869
PT. Pusan Manis Mulia 2.06 MWp - Tangerang;NE=54435794;W2;June;02/06/2025;4.327994;4.296405;6.925111405;6.925111405;0.783587067;0.783587067;0.031589;0.777867851;0.777867851
PT. Pusan Manis Mulia 2.06 MWp - Tangerang;NE=54435794;W2;June;03/06/2025;5.094008;5.068498;8.157557156;8.157557156;0.78243191;0.78243191;0.02551;0.778513613;0.778513613
PT. Pusan Manis Mulia 2.06 MWp - Tangerang;NE=54435794;W2;June;04/06/2025;4.432002;4.406386;7.133393771;7.133393771;0.7870084;0.7870084;0.025616;0.782459664;0.782459664
PT. Pusan Manis Mulia 2.06 MWp - Tangerang;NE=54435794;W2;June;05/06/2025;3.100962;3.062892;5.019048173;5.019048173;0.796627673;0.796627673;0.03807;0.786847607;0.786847607
PT. Pusan Manis Mulia 2.06 MWp - Tangerang;NE=54435794;W2;June;06/06/2025;4.189977;4.157706;6.747767082;6.747767082;0.788990938;0.788990938;0.032271;0.782914168;0.782914168
PT. Pusan Manis Mulia 2.06 MWp - Tangerang;NE=54435794;W2;June;07/06/2025;4.04199;4.011105;6.543833237;6.543833237;0.793110867;0.793110867;0.030885;0.787050677;0.787050677
PT. Pusan Manis Mulia 2.06 MWp - Tangerang;NE=54435794;W2;June;08/06/2025;4.362978;4.332798;7.050448326;7.050448326;0.791068333;0.791068333;0.03018;0.785596282;0.785596282
PT. Pusan Manis Mulia 2.06 MWp - Tangerang;NE=54435794;W3;June;09/06/2025;3.942997;3.906105;6.355421054;6.355421054;0.790981131;0.790981131;0.036892;0.783580446;0.783580446
PT. Pusan Manis Mulia 2.06 MWp - Tangerang;NE=54435794;W3;June;10/06/2025;4.503983;4.471512;7.239235296;7.239235296;0.787053039;0.787053039;0.032471;0.781378862;0.781378862
PT. Pusan Manis Mulia 2.06 MWp - Tangerang;NE=54435794;W3;June;11/06/2025;4.820992;4.7878;7.755799924;7.755799924;0.787510413;0.787510413;0.033192;0.78208849;0.78208849
PT. Pusan Manis Mulia 2.06 MWp - Tangerang;NE=54435794;W3;June;12/06/2025;4.314;4.281796;6.964974561;6.964974561;0.790786544;0.790786544;0.032204;0.784883324;0.784883324
PT. Pusan Manis Mulia 2.06 MWp - Tangerang;NE=54435794;W3;June;13/06/2025;4.55601;4.532474;7.327471276;7.327471276;0.785931167;0.785931167;0.023536;0.781871106;0.781871106
PT. Pusan Manis Mulia 2.06 MWp - Tangerang;NE=54435794;W3;June;14/06/2025;4.427032;4.39208;7.114501015;7.114501015;0.787480688;0.787480688;0.034952;0.781263424;0.781263424
PT. Pusan Manis Mulia 2.06 MWp - Tangerang;NE=54435794;W3;June;15/06/2025;4.145008;4.102708;6.665196025;6.665196025;0.789783446;0.789783446;0.0423;0.781723669;0.781723669
PT. Pusan Manis Mulia 2.06 MWp - Tangerang;NE=54435794;W4;June;16/06/2025;4.498998;4.461202;7.230736814;7.230736814;0.787945853;0.787945853;0.037796;0.781326335;0.781326335
PT. Pusan Manis Mulia 2.06 MWp - Tangerang;NE=54435794;W4;June;17/06/2025;4.737975;4.70802;7.642068996;7.642068996;0.789111484;0.789111484;0.029955;0.784122467;0.784122467
PT. Pusan Manis Mulia 2.06 MWp - Tangerang;NE=54435794;W4;June;18/06/2025;4.890001;4.861675;7.874517246;7.874517246;0.787415072;0.787415072;0.028326;0.782853863;0.782853863
PT. Pusan Manis Mulia 2.06 MWp - Tangerang;NE=54435794;W4;June;19/06/2025;4.014994;3.99029;6.515178137;6.515178137;0.793756954;0.793756954;0.024704;0.788873018;0.788873018
PT. Pusan Manis Mulia 2.06 MWp - Tangerang;NE=54435794;W4;June;20/06/2025;3.435975;3.408095;5.548091258;5.548091258;0.791402854;0.791402854;0.02788;0.784981296;0.784981296
PT. Pusan Manis Mulia 2.06 MWp - Tangerang;NE=54435794;W4;June;21/06/2025;5.032987;4.99821;8.087651652;8.087651652;0.78663569;0.78663569;0.034777;0.781200184;0.781200184
PT. Pusan Manis Mulia 2.06 MWp - Tangerang;NE=54435794;W4;June;22/06/2025;4.832989;4.802908;7.765234478;7.765234478;0.785988179;0.785988179;0.030081;0.781096112;0.781096112
PT. Pusan Manis Mulia 2.06 MWp - Tangerang;NE=54435794;W5;June;23/06/2025;4.421011;4.390112;7.123982567;7.123982567;0.788883652;0.788883652;0.030899;0.783370045;0.783370045
PT. Pusan Manis Mulia 2.06 MWp - Tangerang;NE=54435794;W5;June;24/06/2025;4.255022;4.21717;6.846116743;6.846116743;0.789203315;0.789203315;0.037852;0.782182687;0.782182687
PT. Pusan Manis Mulia 2.06 MWp - Tangerang;NE=54435794;W5;June;25/06/2025;4.773981;4.740795;7.668523366;7.668523366;0.786368806;0.786368806;0.033186;0.780902417;0.780902417
PT. Pusan Manis Mulia 2.06 MWp - Tangerang;NE=54435794;W5;June;26/06/2025;4.778996;4.752013;7.701907517;7.701907517;0.787927735;0.787927735;0.026983;0.783478965;0.783478965
PT. Pusan Manis Mulia 2.06 MWp - Tangerang;NE=54435794;W5;June;27/06/2025;3.388002;3.349297;5.479918;5.479918;0.795400954;0.795400954;0.038705;0.786314185;0.786314185
PT. Pusan Manis Mulia 2.06 MWp - Tangerang;NE=54435794;W5;June;28/06/2025;2.544001;2.510216;4.120157504;4.120157504;0.797936687;0.797936687;0.033785;0.787339879;0.787339879
PT. Pusan Manis Mulia 2.06 MWp - Tangerang;NE=54435794;W5;June;29/06/2025;4.390981;4.354506;7.092916192;7.092916192;0.791865904;0.791865904;0.036475;0.785288032;0.785288032
PT. Pusan Manis Mulia 2.06 MWp - Tangerang;NE=54435794;W5;June;30/06/2025;3.683975;3.665782;6.023311984;6.023311984;0.798793335;0.798793335;0.018193;0.794848561;0.794848561
PT. Pusan Manis Mulia 2.06 MWp - Tangerang;NE=54435794;W1;July;01/07/2025;5.089023;5.058597;8.173850845;8.173850845;0.785529202;0.785529202;0.030426;0.780832719;0.780832719
PT. Pusan Manis Mulia 2.06 MWp - Tangerang;NE=54435794;W1;July;02/07/2025;5.166004;5.133987;8.285474939;8.285474939;0.784563955;0.784563955;0.032017;0.779701515;0.779701515
PT. Pusan Manis Mulia 2.06 MWp - Tangerang;NE=54435794;W1;July;03/07/2025;4.236988;4.202804;6.834645304;6.834645304;0.790574045;0.790574045;0.034184;0.784195698;0.784195698
PT. Pusan Manis Mulia 2.06 MWp - Tangerang;NE=54435794;W1;July;04/07/2025;4.153026;4.120102;6.701530084;6.701530084;0.790736365;0.790736365;0.032924;0.784467634;0.784467634
PT. Pusan Manis Mulia 2.06 MWp - Tangerang;NE=54435794;W1;July;05/07/2025;4.137035;4.104722;6.679031841;6.679031841;0.791034587;0.791034587;0.032313;0.78485608;0.78485608
PT. Pusan Manis Mulia 2.06 MWp - Tangerang;NE=54435794;W1;July;06/07/2025;3.656979;3.63991;5.971292818;5.971292818;0.797523394;0.797523394;0.017069;0.793800943;0.793800943
PT. Pusan Manis Mulia 2.06 MWp - Tangerang;NE=54435794;W2;July;07/07/2025;4.865016;4.836712;7.83106661;7.83106661;0.787111754;0.787111754;0.028304;0.782532446;0.782532446
PT. Pusan Manis Mulia 2.06 MWp - Tangerang;NE=54435794;W2;July;08/07/2025;4.781999;4.750499;7.682008043;7.682008043;0.786142426;0.786142426;0.0315;0.780963946;0.780963946
PT. Pusan Manis Mulia 2.06 MWp - Tangerang;NE=54435794;W2;July;09/07/2025;4.148026;4.115712;6.673577162;6.673577162;0.788278021;0.788278021;0.032314;0.782137168;0.782137168
PT. Pusan Manis Mulia 2.06 MWp - Tangerang;NE=54435794;W2;July;10/07/2025;3.962006;3.914991;6.369561311;6.369561311;0.790941681;0.790941681;0.047015;0.781556;0.781556
PT. Pusan Manis Mulia 2.06 MWp - Tangerang;NE=54435794;W2;July;11/07/2025;3.561995;3.514185;5.723861338;5.723861338;0.791826791;0.791826791;0.04781;0.781198691;0.781198691
PT. Pusan Manis Mulia 2.06 MWp - Tangerang;NE=54435794;W2;July;12/07/2025;4.543022;4.502318;7.306564983;7.306564983;0.788937852;0.788937852;0.040704;0.781869226;0.781869226
PT. Pusan Manis Mulia 2.06 MWp - Tangerang;NE=54435794;W2;July;13/07/2025;4.662;4.624425;7.502539178;7.502539178;0.788707989;0.788707989;0.037575;0.782351124;0.782351124
PT. Pusan Manis Mulia 2.06 MWp - Tangerang;NE=54435794;W3;July;14/07/2025;4.39999;4.364634;7.081280608;7.081280608;0.7887324;0.7887324;0.035356;0.782394562;0.782394562
PT. Pusan Manis Mulia 2.06 MWp - Tangerang;NE=54435794;W3;July;15/07/2025;5.193016;5.158995;8.348052624;8.348052624;0.786657666;0.786657666;0.034021;0.781504037;0.781504037
PT. Pusan Manis Mulia 2.06 MWp - Tangerang;NE=54435794;W3;July;16/07/2025;4.849026;4.816805;7.810183567;7.810183567;0.788257088;0.788257088;0.032221;0.783019246;0.783019246
PT. Pusan Manis Mulia 2.06 MWp - Tangerang;NE=54435794;W3;July;17/07/2025;4.465005;4.433302;7.18979095;7.18979095;0.788414594;0.788414594;0.031703;0.782816591;0.782816591
PT. Pusan Manis Mulia 2.06 MWp - Tangerang;NE=54435794;W3;July;18/07/2025;4.45999;4.424613;7.206951161;7.206951161;0.791848314;0.791848314;0.035377;0.785567309;0.785567309
PT. Pusan Manis Mulia 2.06 MWp - Tangerang;NE=54435794;W3;July;19/07/2025;4.735033;4.704114;7.618283443;7.618283443;0.787308603;0.787308603;0.030919;0.782167605;0.782167605
PT. Pusan Manis Mulia 2.06 MWp - Tangerang;NE=54435794;W3;July;20/07/2025;4.160983;4.127202;6.679640822;6.679640822;0.786797721;0.786797721;0.033781;0.780410092;0.780410092
PT. Pusan Manis Mulia 2.06 MWp - Tangerang;NE=54435794;W4;July;21/07/2025;3.564982;3.524101;5.721449964;5.721449964;0.789266129;0.789266129;0.040881;0.780215315;0.780215315
PT. Pusan Manis Mulia 2.06 MWp - Tangerang;NE=54435794;W4;July;22/07/2025;5.161004;5.126296;8.25199729;8.25199729;0.782566235;0.782566235;0.034708;0.777303439;0.777303439
PT. Pusan Manis Mulia 2.06 MWp - Tangerang;NE=54435794;W4;July;23/07/2025;5.104008;5.071328;8.185041394;8.185041394;0.784629962;0.784629962;0.03268;0.779606124;0.779606124
PT. Pusan Manis Mulia 2.06 MWp - Tangerang;NE=54435794;W4;July;24/07/2025;4.491026;4.4571;7.224790501;7.224790501;0.788022447;0.788022447;0.033926;0.782069587;0.782069587
PT. Pusan Manis Mulia 2.06 MWp - Tangerang;NE=54435794;W4;July;25/07/2025;5.083993;5.054706;8.186703791;8.186703791;0.787370039;0.787370039;0.029287;0.782834292;0.782834292
PT. Pusan Manis Mulia 2.06 MWp - Tangerang;NE=54435794;W4;July;26/07/2025;4.444014;4.410988;7.156945431;7.156945431;0.788782993;0.788782993;0.033026;0.782921097;0.782921097
PT. Pusan Manis Mulia 2.06 MWp - Tangerang;NE=54435794;W4;July;27/07/2025;5.206019;5.171803;8.363878427;8.363878427;0.786197116;0.786197116;0.034216;0.78102992;0.78102992
PT. Pusan Manis Mulia 2.06 MWp - Tangerang;NE=54435794;W5;July;28/07/2025;5.616;5.580284;8.974930088;8.974930088;0.781880677;0.781880677;0.035716;0.776908161;0.776908161
PT. Pusan Manis Mulia 2.06 MWp - Tangerang;NE=54435794;W5;July;29/07/2025;5.169998;5.132397;8.295471375;8.295471375;0.785753881;0.785753881;0.037601;0.780039153;0.780039153
PT. Pusan Manis Mulia 2.06 MWp - Tangerang;NE=54435794;W5;July;30/07/2025;4.841022;4.799199;7.77633133;7.77633133;0.787719699;0.787719699;0.041823;0.780914359;0.780914359
PT. Pusan Manis Mulia 2.06 MWp - Tangerang;NE=54435794;W5;July;31/07/2025;4.742014;4.710987;7.63495212;7.63495212;0.78788008;0.78788008;0.031027;0.78272498;0.78272498
PT. Pusan Manis Mulia 2.06 MWp - Tangerang;NE=54435794;W1;August;01/08/2025;5.682006;5.647998;9.083581024;9.083581024;0.781858692;0.781858692;0.034008;0.777179103;0.777179103
PT. Pusan Manis Mulia 2.06 MWp - Tangerang;NE=54435794;W1;August;02/08/2025;4.901022;4.869487;7.925412848;7.925412848;0.791233;0.791233;0.031535;0.786141912;0.786141912
PT. Pusan Manis Mulia 2.06 MWp - Tangerang;NE=54435794;W1;August;03/08/2025;5.155989;5.127099;8.310267211;8.310267211;0.787968749;0.787968749;0.02889;0.783553608;0.783553608
PT. Pusan Manis Mulia 2.06 MWp - Tangerang;NE=54435794;W2;August;04/08/2025;4.672;4.641002;7.542010038;7.542010038;0.790025408;0.790025408;0.030998;0.784783711;0.784783711
PT. Pusan Manis Mulia 2.06 MWp - Tangerang;NE=54435794;W2;August;05/08/2025;5.336978;5.300177;8.562450791;8.562450791;0.785368401;0.785368401;0.036801;0.779952913;0.779952913
PT. Pusan Manis Mulia 2.06 MWp - Tangerang;NE=54435794;W2;August;06/08/2025;5.592967;5.556123;8.936466044;8.936466044;0.781915219;0.781915219;0.036844;0.776764307;0.776764307
PT. Pusan Manis Mulia 2.06 MWp - Tangerang;NE=54435794;W2;August;07/08/2025;5.154998;5.119802;8.270866398;8.270866398;0.785350543;0.785350543;0.035196;0.779988524;0.779988524
PT. Pusan Manis Mulia 2.06 MWp - Tangerang;NE=54435794;W2;August;08/08/2025;4.858979;4.822073;7.832845754;7.832845754;0.78968066;0.78968066;0.036906;0.783682702;0.783682702
PT. Pusan Manis Mulia 2.06 MWp - Tangerang;NE=54435794;W2;August;09/08/2025;4.85497;4.815185;7.825237143;7.825237143;0.790042107;0.790042107;0.039785;0.783567953;0.783567953
PT. Pusan Manis Mulia 2.06 MWp - Tangerang;NE=54435794;W2;August;10/08/2025;4.675994;4.636385;7.511622693;7.511622693;0.787625887;0.787625887;0.039609;0.780954134;0.780954134
PT. Pusan Manis Mulia 2.06 MWp - Tangerang;NE=54435794;W3;August;11/08/2025;4.448968;4.408975;7.160972005;7.160972005;0.789587106;0.789587106;0.039993;0.78248929;0.78248929
PT. Pusan Manis Mulia 2.06 MWp - Tangerang;NE=54435794;W3;August;12/08/2025;4.751008;4.715983;7.665995045;7.665995045;0.790245464;0.790245464;0.035025;0.78441968;0.78441968
PT. Pusan Manis Mulia 2.06 MWp - Tangerang;NE=54435794;W3;August;13/08/2025;5.274006;5.23711;8.46183045;8.46183045;0.785485788;0.785485788;0.036896;0.77999067;0.77999067
PT. Pusan Manis Mulia 2.06 MWp - Tangerang;NE=54435794;W3;August;14/08/2025;5.01599;4.97909;8.072293835;8.072293835;0.788156922;0.788156922;0.0369;0.782358866;0.782358866
PT. Pusan Manis Mulia 2.06 MWp - Tangerang;NE=54435794;W3;August;15/08/2025;4.853995;4.815413;7.810019822;7.810019822;0.78846842;0.78846842;0.038582;0.782201275;0.782201275
PT. Pusan Manis Mulia 2.06 MWp - Tangerang;NE=54435794;W3;August;16/08/2025;4.590019;4.558997;7.420460155;7.420460155;0.791274626;0.791274626;0.031022;0.785926735;0.785926735
PT. Pusan Manis Mulia 2.06 MWp - Tangerang;NE=54435794;W3;August;17/08/2025;4.302994;4.261995;6.956312532;6.956312532;0.793472461;0.793472461;0.040999;0.785912242;0.785912242
PT. Pusan Manis Mulia 2.06 MWp - Tangerang;NE=54435794;W4;August;18/08/2025;4.89901;4.858088;7.906192401;7.906192401;0.791166172;0.791166172;0.040922;0.784557469;0.784557469
PT. Pusan Manis Mulia 2.06 MWp - Tangerang;NE=54435794;W4;August;19/08/2025;5.433989;5.403482;8.713662992;8.713662992;0.783957932;0.783957932;0.030507;0.779556707;0.779556707
PT. Pusan Manis Mulia 2.06 MWp - Tangerang;NE=54435794;W4;August;20/08/2025;5.258976;5.230404;8.444552993;8.444552993;0.784887004;0.784887004;0.028572;0.780622716;0.780622716
PT. Pusan Manis Mulia 2.06 MWp - Tangerang;NE=54435794;W4;August;21/08/2025;4.984009;4.943211;7.995177756;7.995177756;0.786293496;0.786293496;0.040798;0.779857071;0.779857071
PT. Pusan Manis Mulia 2.06 MWp - Tangerang;NE=54435794;W4;August;22/08/2025;5.757005;5.724523;9.190569464;9.190569464;0.780492664;0.780492664;0.032482;0.776088992;0.776088992
PT. Pusan Manis Mulia 2.06 MWp - Tangerang;NE=54435794;W4;August;23/08/2025;5.441002;5.409491;8.709846962;8.709846962;0.782744149;0.782744149;0.031511;0.778210967;0.778210967
PT. Pusan Manis Mulia 2.06 MWp - Tangerang;NE=54435794;W4;August;24/08/2025;5.414005;5.379306;8.686857683;8.686857683;0.785058762;0.785058762;0.034699;0.780027227;0.780027227
PT. Pusan Manis Mulia 2.06 MWp - Tangerang;NE=54435794;W5;August;25/08/2025;5.349997;5.313695;8.577902505;8.577902505;0.784784092;0.784784092;0.036302;0.779458999;0.779458999
PT. Pusan Manis Mulia 2.06 MWp - Tangerang;NE=54435794;W5;August;26/08/2025;4.911967;4.871485;7.89315256;7.89315256;0.7876891;0.7876891;0.040482;0.781197356;0.781197356
PT. Pusan Manis Mulia 2.06 MWp - Tangerang;NE=54435794;W5;August;27/08/2025;5.280028;5.245587;8.479973831;8.479973831;0.785897896;0.785897896;0.034441;0.780771577;0.780771577
PT. Pusan Manis Mulia 2.06 MWp - Tangerang;NE=54435794;W5;August;28/08/2025;5.421993;5.387208;8.687091377;8.687091377;0.78392832;0.78392832;0.034785;0.778898999;0.778898999
PT. Pusan Manis Mulia 2.06 MWp - Tangerang;NE=54435794;W5;August;29/08/2025;4.353024;4.303974;6.990188419;6.990188419;0.78955966;0.78955966;0.04905;0.780662879;0.780662879
PT. Pusan Manis Mulia 2.06 MWp - Tangerang;NE=54435794;W5;August;30/08/2025;5.527998;5.492299;8.859537161;8.859537161;0.784192294;0.784192294;0.035699;0.779128095;0.779128095
PT. Pusan Manis Mulia 2.06 MWp - Tangerang;NE=54435794;W5;August;31/08/2025;5.375027;5.341823;8.612269826;8.612269826;0.783779396;0.783779396;0.033204;0.778937632;0.778937632
PT. Pusan Manis Mulia 2.06 MWp - Tangerang;NE=54435794;W1;September;01/09/2025;4.616985;4.578405;7.396018923;7.396018923;0.785325166;0.785325166;0.03858;0.778762908;0.778762908
PT. Pusan Manis Mulia 2.06 MWp - Tangerang;NE=54435794;W1;September;02/09/2025;4.523007;4.49369;7.333324092;7.333324092;0.793347538;0.793347538;0.029317;0.788205257;0.788205257
PT. Pusan Manis Mulia 2.06 MWp - Tangerang;NE=54435794;W1;September;03/09/2025;5.647006;5.614285;9.068223506;9.068223506;0.785223826;0.785223826;0.032721;0.780673927;0.780673927
PT. Pusan Manis Mulia 2.06 MWp - Tangerang;NE=54435794;W1;September;04/09/2025;5.835983;5.803516;9.349319928;9.349319928;0.783167296;0.783167296;0.032467;0.778810345;0.778810345
PT. Pusan Manis Mulia 2.06 MWp - Tangerang;NE=54435794;W1;September;05/09/2025;4.437002;4.407294;7.173590658;7.173590658;0.791280161;0.791280161;0.029708;0.785982135;0.785982135
PT. Pusan Manis Mulia 2.06 MWp - Tangerang;NE=54435794;W1;September;06/09/2025;4.423999;4.387993;7.151186113;7.151186113;0.792278486;0.792278486;0.036006;0.785830298;0.785830298
PT. Pusan Manis Mulia 2.06 MWp - Tangerang;NE=54435794;W1;September;07/09/2025;5.624018;5.593;9.003702533;9.003702533;0.782603935;0.782603935;0.031018;0.77828766;0.77828766
PT. Pusan Manis Mulia 2.06 MWp - Tangerang;NE=54435794;W2;September;08/09/2025;5.049999;5.021523;8.148051955;8.148051955;0.788831131;0.788831131;0.028476;0.78438306;0.78438306
PT. Pusan Manis Mulia 2.06 MWp - Tangerang;NE=54435794;W2;September;09/09/2025;5.820998;5.790088;9.34161772;9.34161772;0.784336878;0.784336878;0.03091;0.780171981;0.780171981
PT. Pusan Manis Mulia 2.06 MWp - Tangerang;NE=54435794;W2;September;10/09/2025;6.060005;6.02761;9.649636996;9.649636996;0.77827224;0.77827224;0.032395;0.774111826;0.774111826
PT. Pusan Manis Mulia 2.06 MWp - Tangerang;NE=54435794;W2;September;11/09/2025;6.157001;6.123104;9.79059482;9.79059482;0.777325921;0.777325921;0.033897;0.7730464;0.7730464
PT. Pusan Manis Mulia 2.06 MWp - Tangerang;NE=54435794;W2;September;12/09/2025;5.653988;5.621415;9.065788483;9.065788483;0.784017294;0.784017294;0.032573;0.779500518;0.779500518
PT. Pusan Manis Mulia 2.06 MWp - Tangerang;NE=54435794;W2;September;13/09/2025;5.123017;5.085014;8.202388999;8.202388999;0.78417667;0.78417667;0.038003;0.778359577;0.778359577
PT. Pusan Manis Mulia 2.06 MWp - Tangerang;NE=54435794;W2;September;14/09/2025;5.652997;5.619992;9.056728218;9.056728218;0.783432071;0.783432071;0.033005;0.778858006;0.778858006
PT. Pusan Manis Mulia 2.06 MWp - Tangerang;NE=54435794;W3;September;15/09/2025;5.230988;5.19722;8.420673843;8.420673843;0.787664829;0.787664829;0.033768;0.782580155;0.782580155
PT. Pusan Manis Mulia 2.06 MWp - Tangerang;NE=54435794;W3;September;16/09/2025;5.425011;5.390402;8.718743183;8.718743183;0.786318401;0.786318401;0.034609;0.781302062;0.781302062
PT. Pusan Manis Mulia 2.06 MWp - Tangerang;NE=54435794;W3;September;17/09/2025;5.860998;5.830311;9.38747993;9.38747993;0.782749878;0.782749878;0.030687;0.778651557;0.778651557
PT. Pusan Manis Mulia 2.06 MWp - Tangerang;NE=54435794;W3;September;18/09/2025;5.109983;5.08129;8.199064704;8.199064704;0.784433334;0.784433334;0.028693;0.780028672;0.780028672
PT. Pusan Manis Mulia 2.06 MWp - Tangerang;NE=54435794;W3;September;19/09/2025;3.538977;3.501484;5.70852707;5.70852707;0.792569995;0.792569995;0.037493;0.784173267;0.784173267
PT. Pusan Manis Mulia 2.06 MWp - Tangerang;NE=54435794;W3;September;20/09/2025;3.524998;3.484498;5.69422287;5.69422287;0.794437891;0.794437891;0.0405;0.785310302;0.785310302
PT. Pusan Manis Mulia 2.06 MWp - Tangerang;NE=54435794;W3;September;21/09/2025;3.736978;3.705081;6.100334265;6.100334265;0.800426823;0.800426823;0.031897;0.793594775;0.793594775
PT. Pusan Manis Mulia 2.06 MWp - Tangerang;NE=54435794;W4;September;22/09/2025;5.735999;5.705706;9.181696893;9.181696893;0.7823107;0.7823107;0.030293;0.778179155;0.778179155
PT. Pusan Manis Mulia 2.06 MWp - Tangerang;NE=54435794;W4;September;23/09/2025;5.41899;5.38359;8.679506015;8.679506015;0.783770186;0.783770186;0.0354;0.778650142;0.778650142
PT. Pusan Manis Mulia 2.06 MWp - Tangerang;NE=54435794;W4;September;24/09/2025;5.779002;5.749017;9.240926633;9.240926633;0.781425605;0.781425605;0.029985;0.777371091;0.777371091
PT. Pusan Manis Mulia 2.06 MWp - Tangerang;NE=54435794;W4;September;25/09/2025;5.750008;5.718998;9.194736634;9.194736634;0.781600913;0.781600913;0.03101;0.777385711;0.777385711
PT. Pusan Manis Mulia 2.06 MWp - Tangerang;NE=54435794;W4;September;26/09/2025;5.665984;5.631603;9.038093303;9.038093303;0.780208176;0.780208176;0.034381;0.775473899;0.775473899
PT. Pusan Manis Mulia 2.06 MWp - Tangerang;NE=54435794;W4;September;27/09/2025;4.686999;4.647391;7.521501983;7.521501983;0.786794056;0.786794056;0.039608;0.780145166;0.780145166
PT. Pusan Manis Mulia 2.06 MWp - Tangerang;NE=54435794;W4;September;28/09/2025;6.01999;5.98763;9.594901616;9.594901616;0.779024791;0.779024791;0.03236;0.774837202;0.774837202
PT. Pusan Manis Mulia 2.06 MWp - Tangerang;NE=54435794;W5;September;29/09/2025;5.705999;5.671402;9.125041872;9.125041872;0.782186187;0.782186187;0.034597;0.777443583;0.777443583
PT. Pusan Manis Mulia 2.06 MWp - Tangerang;NE=54435794;W5;September;30/09/2025;5.520971;5.490709;8.839122902;8.839122902;0.782611911;0.782611911;0.030262;0.778322194;0.778322194
PT. Pusan Manis Mulia 2.06 MWp - Tangerang;NE=54435794;W1;October;01/10/2025;5.470986;5.425599;8.765776055;8.765776055;0.785431631;0.785431631;0.045387;0.778915733;0.778915733
PT. Pusan Manis Mulia 2.06 MWp - Tangerang;NE=54435794;W1;October;02/10/2025;4.593037;4.552018;7.423152221;7.423152221;0.792775288;0.792775288;0.041019;0.785695256;0.785695256
PT. Pusan Manis Mulia 2.06 MWp - Tangerang;NE=54435794;W1;October;03/10/2025;4.275997;4.243299;6.891698061;6.891698061;0.789565776;0.789565776;0.032698;0.783528068;0.783528068
PT. Pusan Manis Mulia 2.06 MWp - Tangerang;NE=54435794;W1;October;04/10/2025;5.571992;5.53558;8.969358562;8.969358562;0.787705654;0.787705654;0.036412;0.782558134;0.782558134
PT. Pusan Manis Mulia 2.06 MWp - Tangerang;NE=54435794;W1;October;05/10/2025;5.705984;5.676913;9.201689865;9.201689865;0.787990645;0.787990645;0.029071;0.783975969;0.783975969
PT. Pusan Manis Mulia 2.06 MWp - Tangerang;NE=54435794;W2;October;06/10/2025;5.693012;5.662092;9.164864172;9.164864172;0.786891437;0.786891437;0.03092;0.782617657;0.782617657
PT. Pusan Manis Mulia 2.06 MWp - Tangerang;NE=54435794;W2;October;07/10/2025;5.819992;5.789604;9.354353021;9.354353021;0.785471812;0.785471812;0.030388;0.781370618;0.781370618
PT. Pusan Manis Mulia 2.06 MWp - Tangerang;NE=54435794;W2;October;08/10/2025;5.553013;5.517096;8.964255021;8.964255021;0.78989501;0.78989501;0.035917;0.784785954;0.784785954
PT. Pusan Manis Mulia 2.06 MWp - Tangerang;NE=54435794;W2;October;09/10/2025;3.926991;3.892798;6.364270476;6.364270476;0.794790136;0.794790136;0.034193;0.787869758;0.787869758
PT. Pusan Manis Mulia 2.06 MWp - Tangerang;NE=54435794;W2;October;10/10/2025;4.805977;4.770694;7.748425406;7.748425406;0.789582663;0.789582663;0.035283;0.783785955;0.783785955
PT. Pusan Manis Mulia 2.06 MWp - Tangerang;NE=54435794;W2;October;11/10/2025;4.558007;4.51231;7.34807293;7.34807293;0.7916628;0.7916628;0.045697;0.783725863;0.783725863
PT. Pusan Manis Mulia 2.06 MWp - Tangerang;NE=54435794;W2;October;12/10/2025;4.05699;4.030922;6.580097148;6.580097148;0.793585309;0.793585309;0.026068;0.788486163;0.788486163
PT. Pusan Manis Mulia 2.06 MWp - Tangerang;NE=54435794;W3;October;13/10/2025;5.694018;5.662395;9.112774657;9.112774657;0.782377185;0.782377185;0.031623;0.778032079;0.778032079
PT. Pusan Manis Mulia 2.06 MWp - Tangerang;NE=54435794;W3;October;14/10/2025;5.669994;5.632814;9.06016996;9.06016996;0.781945784;0.781945784;0.03718;0.77681831;0.77681831
PT. Pusan Manis Mulia 2.06 MWp - Tangerang;NE=54435794;W3;October;15/10/2025;5.604003;5.575197;8.974110763;8.974110763;0.782522648;0.782522648;0.028806;0.778500283;0.778500283
PT. Pusan Manis Mulia 2.06 MWp - Tangerang;NE=54435794;W3;October;16/10/2025;4.289;4.259619;6.883176729;6.883176729;0.785568161;0.785568161;0.029381;0.780186772;0.780186772
PT. Pusan Manis Mulia 2.06 MWp - Tangerang;NE=54435794;W3;October;17/10/2025;5.101005;5.060383;8.176637007;8.176637007;0.785519623;0.785519623;0.040622;0.779264115;0.779264115
PT. Pusan Manis Mulia 2.06 MWp - Tangerang;NE=54435794;W3;October;18/10/2025;4.676969;4.650812;7.520776356;7.520776356;0.786139464;0.786139464;0.026157;0.781742802;0.781742802
PT. Pusan Manis Mulia 2.06 MWp - Tangerang;NE=54435794;W3;October;19/10/2025;4.743005;4.706188;7.618493987;7.618493987;0.786983388;0.786983388;0.036817;0.780874525;0.780874525
PT. Pusan Manis Mulia 2.06 MWp - Tangerang;NE=54435794;W4;October;20/10/2025;5.636991;5.604475;9.086437135;9.086437135;0.788178163;0.788178163;0.032516;0.783631695;0.783631695
PT. Pusan Manis Mulia 2.06 MWp - Tangerang;NE=54435794;W4;October;21/10/2025;5.462983;5.429277;8.791808838;8.791808838;0.78723056;0.78723056;0.033706;0.782373435;0.782373435
PT. Pusan Manis Mulia 2.06 MWp - Tangerang;NE=54435794;W4;October;22/10/2025;4.591985;4.555091;7.417018514;7.417018514;0.791585834;0.791585834;0.036894;0.78522589;0.78522589
PT. Pusan Manis Mulia 2.06 MWp - Tangerang;NE=54435794;W4;October;23/10/2025;4.649012;4.611997;7.510990563;7.510990563;0.791724179;0.791724179;0.037015;0.785420545;0.785420545
PT. Pusan Manis Mulia 2.06 MWp - Tangerang;NE=54435794;W4;October;24/10/2025;5.699018;5.677291;9.185465825;9.185465825;0.786548919;0.786548919;0.021727;0.783550271;0.783550271
PT. Pusan Manis Mulia 2.06 MWp - Tangerang;NE=54435794;W4;October;25/10/2025;4.738996;4.707687;7.579982846;7.579982846;0.782755902;0.782755902;0.031309;0.777584489;0.777584489
PT. Pusan Manis Mulia 2.06 MWp - Tangerang;NE=54435794;W4;October;26/10/2025;5.718956;5.690008;9.177950811;9.177950811;0.784148935;0.784148935;0.028948;0.780179759;0.780179759
PT. Pusan Manis Mulia 2.06 MWp - Tangerang;NE=54435794;W5;October;27/10/2025;5.451977;5.419014;8.756692541;8.756692541;0.78557117;0.78557117;0.032963;0.780821556;0.780821556
PT. Pusan Manis Mulia 2.06 MWp - Tangerang;NE=54435794;W5;October;28/10/2025;3.806977;3.76789;6.151160118;6.151160118;0.793641784;0.793641784;0.039087;0.785493304;0.785493304
PT. Pusan Manis Mulia 2.06 MWp - Tangerang;NE=54435794;W5;October;29/10/2025;3.859995;3.820512;6.270391925;6.270391925;0.797882293;0.797882293;0.039483;0.789720939;0.789720939
PT. Pusan Manis Mulia 2.06 MWp - Tangerang;NE=54435794;W5;October;30/10/2025;5.80298;5.779007;9.290862314;9.290862314;0.781571135;0.781571135;0.023973;0.778342345;0.778342345
PT. Pusan Manis Mulia 2.06 MWp - Tangerang;NE=54435794;W5;October;31/10/2025;5.394981;5.359005;8.621938473;8.621938473;0.782143545;0.782143545;0.035976;0.776927883;0.776927883
PT. Pusan Manis Mulia 2.06 MWp - Tangerang;NE=54435794;W1;November;01/11/2025;5.058963;5.027578;8.151165807;8.151165807;0.788182193;0.788182193;0.031385;0.783292436;0.783292436
PT. Pusan Manis Mulia 2.06 MWp - Tangerang;NE=54435794;W1;November;02/11/2025;5.38402;5.357112;8.693108337;8.693108337;0.788878417;0.788878417;0.026908;0.784935798;0.784935798
PT. Pusan Manis Mulia 2.06 MWp - Tangerang;NE=54435794;W2;November;03/11/2025;4.458023;4.425491;7.223549589;7.223549589;0.793514569;0.793514569;0.032532;0.787723972;0.787723972
PT. Pusan Manis Mulia 2.06 MWp - Tangerang;NE=54435794;W2;November;04/11/2025;5.049969;5.017799;8.122253166;8.122253166;0.786917076;0.786917076;0.03217;0.78190415;0.78190415
PT. Pusan Manis Mulia 2.06 MWp - Tangerang;NE=54435794;W2;November;05/11/2025;3.350991;3.31198;5.451567241;5.451567241;0.800201527;0.800201527;0.039011;0.790885876;0.790885876
PT. Pusan Manis Mulia 2.06 MWp - Tangerang;NE=54435794;W2;November;06/11/2025;4.756023;4.72499;7.671098784;7.671098784;0.789264174;0.789264174;0.031033;0.784114234;0.784114234
PT. Pusan Manis Mulia 2.06 MWp - Tangerang;NE=54435794;W2;November;07/11/2025;3.298994;3.255105;5.3254754;5.3254754;0.795351472;0.795351472;0.043889;0.784770312;0.784770312
PT. Pusan Manis Mulia 2.06 MWp - Tangerang;NE=54435794;W2;November;08/11/2025;4.200998;4.162172;6.794495315;6.794495315;0.793602246;0.793602246;0.038826;0.786267703;0.786267703
PT. Pusan Manis Mulia 2.06 MWp - Tangerang;NE=54435794;W2;November;09/11/2025;4.219016;4.182397;6.840240578;6.840240578;0.795081833;0.795081833;0.036619;0.788180911;0.788180911
PT. Pusan Manis Mulia 2.06 MWp - Tangerang;NE=54435794;W3;November;10/11/2025;3.788989;3.760079;6.168226533;6.168226533;0.797496992;0.797496992;0.02891;0.791412087;0.791412087
PT. Pusan Manis Mulia 2.06 MWp - Tangerang;NE=54435794;W3;November;11/11/2025;5.009009;4.993274;8.165142119;8.165142119;0.79495777;0.79495777;0.015735;0.792460537;0.792460537
PT. Pusan Manis Mulia 2.06 MWp - Tangerang;NE=54435794;W3;November;12/11/2025;4.913019;4.884898;7.946880723;7.946880723;0.79087328;0.79087328;0.028121;0.786346502;0.786346502
PT. Pusan Manis Mulia 2.06 MWp - Tangerang;NE=54435794;W3;November;13/11/2025;4.613997;4.593513;7.481609835;7.481609835;0.791800578;0.791800578;0.020484;0.788285352;0.788285352
PT. Pusan Manis Mulia 2.06 MWp - Tangerang;NE=54435794;W3;November;14/11/2025;3.914019;3.873815;6.346056748;6.346056748;0.796399141;0.796399141;0.040204;0.788218693;0.788218693
PT. Pusan Manis Mulia 2.06 MWp - Tangerang;NE=54435794;W3;November;15/11/2025;4.288024;4.252912;6.927633983;6.927633983;0.791888882;0.791888882;0.035112;0.78540459;0.78540459
PT. Pusan Manis Mulia 2.06 MWp - Tangerang;NE=54435794;W3;November;16/11/2025;5.434965;5.416819;8.831678335;8.831678335;0.792619271;0.792619271;0.018146;0.789972912;0.789972912
PT. Pusan Manis Mulia 2.06 MWp - Tangerang;NE=54435794;W4;November;17/11/2025;3.893013;3.852015;6.27212467;6.27212467;0.79157564;0.79157564;0.040998;0.783239419;0.783239419
PT. Pusan Manis Mulia 2.06 MWp - Tangerang;NE=54435794;W4;November;18/11/2025;2.734015;2.704458;4.457019075;4.457019075;0.801179742;0.801179742;0.029557;0.792518316;0.792518316
PT. Pusan Manis Mulia 2.06 MWp - Tangerang;NE=54435794;W4;November;19/11/2025;3.513001;3.470783;5.678373616;5.678373616;0.795357189;0.795357189;0.042218;0.785798868;0.785798868
PT. Pusan Manis Mulia 2.06 MWp - Tangerang;NE=54435794;W4;November;20/11/2025;4.02699;3.98702;6.5211013;6.5211013;0.795130185;0.795130185;0.03997;0.787238099;0.787238099
PT. Pusan Manis Mulia 2.06 MWp - Tangerang;NE=54435794;W4;November;21/11/2025;4.285997;4.24009;0.203676104;6.863620856;0.023352356;0.786944163;0.045907;0.023102231;0.778515262
PT. Pusan Manis Mulia 2.06 MWp - Tangerang;NE=54435794;W4;November;22/11/2025;4.442993;4.409822;1.373830604;7.138373537;0.151452984;0.786944163;0.033171;0.150322249;0.781068906
PT. Pusan Manis Mulia 2.06 MWp - Tangerang;NE=54435794;W4;November;23/11/2025;5.051005;5.030394;8.16767034;8.16767034;0.789335993;0.789335993;0.020611;0.786115049;0.786115049
PT. Pusan Manis Mulia 2.06 MWp - Tangerang;NE=54435794;W5;November;24/11/2025;3.551004;3.526493;5.795545687;5.795545687;0.798945244;0.798945244;0.024511;0.793430481;0.793430481
PT. Pusan Manis Mulia 2.06 MWp - Tangerang;NE=54435794;W5;November;25/11/2025;5.453974;5.43388;8.822992858;8.822992858;0.789353597;0.789353597;0.020094;0.786445393;0.786445393
PT. Pusan Manis Mulia 2.06 MWp - Tangerang;NE=54435794;W5;November;26/11/2025;3.171983;3.144791;5.163634832;5.163634832;0.798232566;0.798232566;0.027192;0.791389673;0.791389673
PT. Pusan Manis Mulia 2.06 MWp - Tangerang;NE=54435794;W5;November;27/11/2025;5.449996;5.430625;8.877165857;8.877165857;0.794676239;0.794676239;0.019371;0.79185171;0.79185171
PT. Pusan Manis Mulia 2.06 MWp - Tangerang;NE=54435794;W5;November;28/11/2025;5.909001;5.890123;9.459188127;9.459188127;0.780719824;0.780719824;0.018878;0.778225591;0.778225591
PT. Pusan Manis Mulia 2.06 MWp - Tangerang;NE=54435794;W5;November;29/11/2025;5.699993;5.690007;9.160954344;9.160954344;0.782696923;0.782696923;0.009986;0.781325691;0.781325691
PT. Pusan Manis Mulia 2.06 MWp - Tangerang;NE=54435794;W5;November;30/11/2025;4.418023;4.373006;7.128009041;7.128009041;0.79241717;0.79241717;0.045017;0.784342915;0.784342915
PT. Pusan Manis Mulia 2.06 MWp - Tangerang;NE=54435794;W1;December;01/12/2025;5.433014;5.402619;8.75798035;8.75798035;0.788070976;0.788070976;0.030395;0.783662113;0.783662113
PT. Pusan Manis Mulia 2.06 MWp - Tangerang;NE=54435794;W1;December;02/12/2025;4.595019;4.561177;7.378156135;7.378156135;0.786387541;0.786387541;0.033842;0.78059585;0.78059585
PT. Pusan Manis Mulia 2.06 MWp - Tangerang;NE=54435794;W1;December;03/12/2025;5.801013;5.769;0;9.338534965;0;0.786944163;0.032013;0;0.782601397
PT. Pusan Manis Mulia 2.06 MWp - Tangerang;NE=54435794;W1;December;04/12/2025;3.755987;3.699798;3.975126009;5.989026345;0.522322333;0.786944163;0.056189;0.514508469;0.775171597
PT. Pusan Manis Mulia 2.06 MWp - Tangerang;NE=54435794;W1;December;05/12/2025;4.803005;4.752285;7.686409703;7.686409703;0.786297256;0.786297256;0.05072;0.777993913;0.777993913
PT. Pusan Manis Mulia 2.06 MWp - Tangerang;NE=54435794;W1;December;06/12/2025;4.405005;4.362591;7.095561559;7.095561559;0.790693159;0.790693159;0.042414;0.783079897;0.783079897
PT. Pusan Manis Mulia 2.06 MWp - Tangerang;NE=54435794;W1;December;07/12/2025;5.340987;5.299405;8.504625807;8.504625807;0.780178193;0.780178193;0.041582;0.774104153;0.774104153
PT. Pusan Manis Mulia 2.06 MWp - Tangerang;NE=54435794;W2;December;08/12/2025;4.153971;4.102875;6.643096119;6.643096119;0.787132707;0.787132707;0.051096;0.777450566;0.777450566
PT. Pusan Manis Mulia 2.06 MWp - Tangerang;NE=54435794;W2;December;09/12/2025;3.674021;3.623288;5.953991812;5.953991812;0.798860754;0.798860754;0.050733;0.787829624;0.787829624
PT. Pusan Manis Mulia 2.06 MWp - Tangerang;NE=54435794;W2;December;10/12/2025;3.360015;3.303806;5.41434361;5.41434361;0.796703976;0.796703976;0.056209;0.783376079;0.783376079
PT. Pusan Manis Mulia 2.06 MWp - Tangerang;NE=54435794;W2;December;11/12/2025;2.66403;2.6101;4.295857436;4.295857436;0.800126072;0.800126072;0.05393;0.783928507;0.783928507
PT. Pusan Manis Mulia 2.06 MWp - Tangerang;NE=54435794;W2;December;12/12/2025;4.994985;4.953521;8.039167026;8.039167026;0.788974109;0.788974109;0.041464;0.782424736;0.782424736
PT. Pusan Manis Mulia 2.06 MWp - Tangerang;NE=54435794;W2;December;13/12/2025;5.82801;5.793494;9.355851374;9.355851374;0.785070143;0.785070143;0.034516;0.780420617;0.780420617
PT. Pusan Manis Mulia 2.06 MWp - Tangerang;NE=54435794;W2;December;14/12/2025;4.819986;4.781275;7.791595251;7.791595251;0.792224683;0.792224683;0.038711;0.785862048;0.785862048
PT. Pusan Manis Mulia 2.06 MWp - Tangerang;NE=54435794;W3;December;15/12/2025;3.912997;3.853514;6.330207496;6.330207496;0.798595232;0.798595232;0.059483;0.786455473;0.786455473
PT. Pusan Manis Mulia 2.06 MWp - Tangerang;NE=54435794;W3;December;16/12/2025;4.553022;4.50907;7.3712968;7.3712968;0.794735529;0.794735529;0.043952;0.787063654;0.787063654
PT. Pusan Manis Mulia 2.06 MWp - Tangerang;NE=54435794;W3;December;17/12/2025;5.941988;5.902294;9.528110063;9.528110063;0.784786701;0.784786701;0.039694;0.779544125;0.779544125
PT. Pusan Manis Mulia 2.06 MWp - Tangerang;NE=54435794;W3;December;18/12/2025;5.312009;5.262467;8.535504788;8.535504788;0.788506964;0.788506964;0.049542;0.781153021;0.781153021
PT. Pusan Manis Mulia 2.06 MWp - Tangerang;NE=54435794;W3;December;19/12/2025;5.136005;5.101499;8.277772731;8.277772731;0.788826335;0.788826335;0.034506;0.783526643;0.783526643
PT. Pusan Manis Mulia 2.06 MWp - Tangerang;NE=54435794;W3;December;20/12/2025;2.766011;2.71831;4.478884987;4.478884987;0.801007599;0.801007599;0.047701;0.787193892;0.787193892
PT. Pusan Manis Mulia 2.06 MWp - Tangerang;NE=54435794;W3;December;21/12/2025;5.496001;5.451304;8.866794433;8.866794433;0.790736792;0.790736792;0.044697;0.784306014;0.784306014
PT. Pusan Manis Mulia 2.06 MWp - Tangerang;NE=54435794;W4;December;22/12/2025;5.910006;5.868006;9.496153818;9.496153818;0.786724907;0.786724907;0.042;0.781133974;0.781133974
PT. Pusan Manis Mulia 2.06 MWp - Tangerang;NE=54435794;W4;December;23/12/2025;2.449002;2.415525;3.969226494;3.969226494;0.79884046;0.79884046;0.033477;0.787920591;0.787920591
PT. Pusan Manis Mulia 2.06 MWp - Tangerang;NE=54435794;W4;December;24/12/2025;5.998039;5.960714;9.659820827;9.659820827;0.787837221;0.787837221;0.037325;0.782934614;0.782934614
PT. Pusan Manis Mulia 2.06 MWp - Tangerang;NE=54435794;W4;December;25/12/2025;4.763981;4.720994;7.676249322;7.676249322;0.79046261;0.79046261;0.042987;0.78333;0.78333
PT. Pusan Manis Mulia 2.06 MWp - Tangerang;NE=54435794;W4;December;26/12/2025;4.746969;4.690308;7.668710659;7.668710659;0.794852781;0.794852781;0.056661;0.785365221;0.785365221
PT. Pusan Manis Mulia 2.06 MWp - Tangerang;NE=54435794;W4;December;27/12/2025;5.837019;5.803092;9.4250547;9.4250547;0.789569078;0.789569078;0.033927;0.784979799;0.784979799
PT. Pusan Manis Mulia 2.06 MWp - Tangerang;NE=54435794;W4;December;28/12/2025;6.460977;6.428084;10.3023371;10.3023371;0.77914793;0.77914793;0.032893;0.775181268;0.775181268
PT. Pusan Manis Mulia 2.06 MWp - Tangerang;NE=54435794;W5;December;29/12/2025;3.966961;3.912372;6.401259715;6.401259715;0.79540994;0.79540994;0.054589;0.784464374;0.784464374
PT. Pusan Manis Mulia 2.06 MWp - Tangerang;NE=54435794;W5;December;30/12/2025;5.277009;5.231902;8.511906628;8.511906628;0.79092073;0.79092073;0.045107;0.784160071;0.784160071
PT. Pusan Manis Mulia 2.06 MWp - Tangerang;NE=54435794;W5;December;31/12/2025;4.87398;4.823799;7.856139573;7.856139573;0.791745668;0.791745668;0.050181;0.783594098;0.783594098

