Site,Charoen Pokphand Madiun
Periode,2026-04-14 s/d 2026-04-27

tanggal,inverter_name,string_number,daily_energy_kwh,daily_ghi_kwh_m2,pr_ghi_pct,pr_poa_pct,string_dc_kw_stc
2026-04-14,CPMAD-INV-01.,1,60.3115,6.344592,77.918,83.728,12.2000
2026-04-14,CPMAD-INV-01.,2,0.0000,6.344592,0.000,0.000,
2026-04-14,CPMAD-INV-01.,3,56.9393,6.344592,73.561,79.046,12.2000
2026-04-14,CPMAD-INV-01.,4,0.0000,6.344592,0.000,0.000,
2026-04-14,CPMAD-INV-01.,5,59.7063,6.344592,77.136,82.888,12.2000
2026-04-14,CPMAD-INV-01.,6,0.0000,6.344592,,0.000,
2026-04-14,CPMAD-INV-01.,7,60.3419,6.344592,77.957,83.770,12.2000
2026-04-14,CPMAD-INV-01.,8,0.0000,6.344592,,0.000,
2026-04-14,CPMAD-INV-01.,9,59.6153,6.344592,77.018,82.762,12.2000
2026-04-14,CPMAD-INV-01.,10,0.0000,6.344592,,0.000,
2026-04-14,CPMAD-INV-01.,11,60.5335,6.344592,78.205,84.036,12.2000
2026-04-14,CPMAD-INV-01.,12,0.0000,6.344592,,0.000,
2026-04-14,CPMAD-INV-01.,13,60.0937,6.344592,77.636,83.426,12.2000
2026-04-14,CPMAD-INV-01.,14,0.0000,6.344592,,0.000,
2026-04-14,CPMAD-INV-01.,15,60.1305,6.344592,77.684,83.477,12.2000
2026-04-14,CPMAD-INV-01.,16,0.0000,6.344592,,0.000,
2026-04-14,CPMAD-INV-01.,17,60.7081,6.344592,78.430,84.279,12.2000
2026-04-14,CPMAD-INV-01.,18,0.0000,6.344592,,0.000,
2026-04-14,CPMAD-INV-01.,19,60.1196,6.344592,77.670,83.462,12.2000
2026-04-14,CPMAD-INV-01.,20,0.0000,6.344592,,0.000,
2026-04-14,CPMAD-INV-01.,21,59.6160,6.344592,77.019,82.762,12.2000
2026-04-14,CPMAD-INV-01.,22,0.0000,6.344592,,0.000,
2026-04-14,CPMAD-INV-01.,23,0.0000,6.344592,0.000,0.000,12.2000
2026-04-14,CPMAD-INV-01.,24,0.0000,6.344592,,0.000,
2026-04-14,CPMAD-INV-02.,1,47.8564,6.344592,61.827,66.437,12.2000
2026-04-14,CPMAD-INV-02.,2,46.5749,6.344592,75.214,80.823,
2026-04-14,CPMAD-INV-02.,3,48.5320,6.344592,62.700,67.375,12.2000
2026-04-14,CPMAD-INV-02.,4,47.7306,6.344592,77.080,82.828,
2026-04-14,CPMAD-INV-02.,5,41.4609,6.344592,53.564,57.559,12.2000
2026-04-14,CPMAD-INV-02.,6,0.0000,6.344592,,0.000,
2026-04-14,CPMAD-INV-02.,7,46.7490,6.344592,60.396,64.900,12.2000
2026-04-14,CPMAD-INV-02.,8,0.0000,6.344592,,0.000,
2026-04-14,CPMAD-INV-02.,9,46.7966,6.344592,60.458,64.966,12.2000
2026-04-14,CPMAD-INV-02.,10,0.0000,6.344592,,0.000,
2026-04-14,CPMAD-INV-02.,11,44.2142,6.344592,57.121,61.381,12.2000
2026-04-14,CPMAD-INV-02.,12,0.0000,6.344592,,0.000,
2026-04-14,CPMAD-INV-02.,13,43.8222,6.344592,56.615,60.837,12.2000
2026-04-14,CPMAD-INV-02.,14,0.0000,6.344592,,0.000,
2026-04-14,CPMAD-INV-02.,15,39.3307,6.344592,50.812,54.601,12.2000
2026-04-14,CPMAD-INV-02.,16,0.0000,6.344592,,0.000,
2026-04-14,CPMAD-INV-02.,17,47.6837,6.344592,61.604,66.197,12.2000
2026-04-14,CPMAD-INV-02.,18,0.0000,6.344592,,0.000,
2026-04-14,CPMAD-INV-02.,19,40.2820,6.344592,52.041,55.922,12.2000
2026-04-14,CPMAD-INV-02.,20,0.0000,6.344592,,0.000,
2026-04-14,CPMAD-INV-02.,21,47.3074,6.344592,61.117,65.675,12.2000
2026-04-14,CPMAD-INV-02.,22,0.0000,6.344592,,0.000,
2026-04-14,CPMAD-INV-02.,23,46.9953,6.344592,60.714,65.242,12.2000
2026-04-14,CPMAD-INV-02.,24,0.0000,6.344592,,0.000,
2026-04-14,CPMAD-INV-03,1,60.2697,6.344592,77.864,83.670,12.2000
2026-04-14,CPMAD-INV-03,2,0.0000,6.344592,0.000,0.000,
2026-04-14,CPMAD-INV-03,3,60.1999,6.344592,77.774,83.573,12.2000
2026-04-14,CPMAD-INV-03,4,0.0000,6.344592,0.000,0.000,
2026-04-14,CPMAD-INV-03,5,59.6996,6.344592,77.127,82.879,12.2000
2026-04-14,CPMAD-INV-03,6,0.0000,6.344592,,0.000,
2026-04-14,CPMAD-INV-03,7,59.9760,6.344592,77.484,83.262,12.2000
2026-04-14,CPMAD-INV-03,8,0.0000,6.344592,,0.000,
2026-04-14,CPMAD-INV-03,9,59.9642,6.344592,77.469,83.246,12.2000
2026-04-14,CPMAD-INV-03,10,0.0000,6.344592,,0.000,
2026-04-14,CPMAD-INV-03,11,57.9540,6.344592,74.872,80.455,10.9800
2026-04-14,CPMAD-INV-03,12,0.0000,6.344592,,0.000,
2026-04-14,CPMAD-INV-03,13,56.8508,6.344592,73.447,78.924,10.9800
2026-04-14,CPMAD-INV-03,14,0.0000,6.344592,,0.000,
2026-04-14,CPMAD-INV-03,15,56.5097,6.344592,73.006,78.450,10.9800
2026-04-14,CPMAD-INV-03,16,0.0000,6.344592,,0.000,
2026-04-14,CPMAD-INV-03,17,59.2028,6.344592,76.485,82.189,12.2000
2026-04-14,CPMAD-INV-03,18,0.0000,6.344592,,0.000,
2026-04-14,CPMAD-INV-03,19,60.7411,6.344592,78.473,84.324,12.2000
2026-04-14,CPMAD-INV-03,20,0.0000,6.344592,,0.000,
2026-04-14,CPMAD-INV-03,21,62.3539,6.344592,80.556,86.563,12.2000
2026-04-14,CPMAD-INV-03,22,0.0000,6.344592,,0.000,
2026-04-14,CPMAD-INV-03,23,60.1995,6.344592,77.773,83.573,12.2000
2026-04-14,CPMAD-INV-03,24,0.0000,6.344592,,0.000,
2026-04-14,CPMAD-INV-04.,1,64.2205,6.344592,82.968,89.155,9.7600
2026-04-14,CPMAD-INV-04.,2,0.0000,6.344592,0.000,0.000,9.7600
2026-04-14,CPMAD-INV-04.,3,62.5544,6.344592,80.815,86.842,9.7600
2026-04-14,CPMAD-INV-04.,4,0.0000,6.344592,0.000,0.000,9.7600
2026-04-14,CPMAD-INV-04.,5,64.7121,6.344592,83.603,89.837,8.5400
2026-04-14,CPMAD-INV-04.,6,0.0000,6.344592,,0.000,
2026-04-14,CPMAD-INV-04.,7,64.3590,6.344592,83.147,89.347,9.1500
2026-04-14,CPMAD-INV-04.,8,0.0000,6.344592,,0.000,
2026-04-14,CPMAD-INV-04.,9,63.6509,6.344592,82.232,88.364,9.1500
2026-04-14,CPMAD-INV-04.,10,0.0000,6.344592,,0.000,
2026-04-14,CPMAD-INV-04.,11,61.9332,6.344592,80.013,85.979,8.5400
2026-04-14,CPMAD-INV-04.,12,0.0000,6.344592,,0.000,
2026-04-14,CPMAD-INV-04.,13,62.9349,6.344592,81.307,87.370,8.5400
2026-04-14,CPMAD-INV-04.,14,0.0000,6.344592,,0.000,
2026-04-14,CPMAD-INV-04.,15,62.4509,6.344592,80.682,86.698,8.5400
2026-04-14,CPMAD-INV-04.,16,0.0000,6.344592,,0.000,
2026-04-14,CPMAD-INV-04.,17,62.5697,6.344592,80.835,86.863,9.7600
2026-04-14,CPMAD-INV-04.,18,0.0000,6.344592,,0.000,
2026-04-14,CPMAD-INV-04.,19,62.2686,6.344592,80.446,86.445,8.5400
2026-04-14,CPMAD-INV-04.,20,0.0000,6.344592,,0.000,
2026-04-14,CPMAD-INV-04.,21,62.9458,6.344592,81.321,87.385,9.1500
2026-04-14,CPMAD-INV-04.,22,0.0000,6.344592,,0.000,
2026-04-14,CPMAD-INV-04.,23,0.0000,6.344592,0.000,0.000,9.1500
2026-04-14,CPMAD-INV-04.,24,0.0000,6.344592,,0.000,
2026-04-14,CPMAD-INV-05.,1,60.3438,6.344592,77.960,83.773,12.2000
2026-04-14,CPMAD-INV-05.,2,0.0000,6.344592,0.000,0.000,
2026-04-14,CPMAD-INV-05.,3,61.4965,6.344592,79.449,85.373,12.2000
2026-04-14,CPMAD-INV-05.,4,0.0000,6.344592,0.000,0.000,
2026-04-14,CPMAD-INV-05.,5,61.0025,6.344592,78.811,84.687,12.2000
2026-04-14,CPMAD-INV-05.,6,0.0000,6.344592,,0.000,
2026-04-14,CPMAD-INV-05.,7,56.2160,6.344592,72.627,78.042,12.2000
2026-04-14,CPMAD-INV-05.,8,0.0000,6.344592,,0.000,
2026-04-14,CPMAD-INV-05.,9,56.4807,6.344592,72.969,78.410,12.2000
2026-04-14,CPMAD-INV-05.,10,0.0000,6.344592,,0.000,
2026-04-14,CPMAD-INV-05.,11,57.3579,6.344592,74.102,79.628,12.2000
2026-04-14,CPMAD-INV-05.,12,0.0000,6.344592,,0.000,
2026-04-14,CPMAD-INV-05.,13,59.4248,6.344592,76.772,82.497,12.2000
2026-04-14,CPMAD-INV-05.,14,0.0000,6.344592,,0.000,
2026-04-14,CPMAD-INV-05.,15,61.1447,6.344592,78.994,84.885,12.2000
2026-04-14,CPMAD-INV-05.,16,0.0000,6.344592,,0.000,
2026-04-14,CPMAD-INV-05.,17,59.6032,6.344592,77.003,82.745,12.2000
2026-04-14,CPMAD-INV-05.,18,0.0000,6.344592,,0.000,
2026-04-14,CPMAD-INV-05.,19,59.9879,6.344592,77.500,83.279,12.2000
2026-04-14,CPMAD-INV-05.,20,0.0000,6.344592,,0.000,
2026-04-14,CPMAD-INV-05.,21,59.9504,6.344592,77.451,83.227,12.2000
2026-04-14,CPMAD-INV-05.,22,0.0000,6.344592,,0.000,
2026-04-14,CPMAD-INV-05.,23,59.3529,6.344592,76.679,82.397,
2026-04-14,CPMAD-INV-05.,24,0.0000,6.344592,,0.000,
2026-04-14,CPMAD-INV-06,1,59.1502,6.344592,76.417,82.116,12.2000
2026-04-14,CPMAD-INV-06,2,0.0000,6.344592,0.000,0.000,
2026-04-14,CPMAD-INV-06,3,60.4441,6.344592,78.089,83.912,12.2000
2026-04-14,CPMAD-INV-06,4,0.0000,6.344592,0.000,0.000,
2026-04-14,CPMAD-INV-06,5,58.5318,6.344592,75.619,81.257,12.2000
2026-04-14,CPMAD-INV-06,6,0.0000,6.344592,,0.000,
2026-04-14,CPMAD-INV-06,7,57.5616,6.344592,74.365,79.911,12.2000
2026-04-14,CPMAD-INV-06,8,0.0000,6.344592,,0.000,
2026-04-14,CPMAD-INV-06,9,59.6671,6.344592,77.085,82.833,12.2000
2026-04-14,CPMAD-INV-06,10,0.0000,6.344592,,0.000,
2026-04-14,CPMAD-INV-06,11,60.2425,6.344592,77.829,83.632,12.2000
2026-04-14,CPMAD-INV-06,12,0.0000,6.344592,,0.000,
2026-04-14,CPMAD-INV-06,13,58.4365,6.344592,75.495,81.125,12.2000
2026-04-14,CPMAD-INV-06,14,0.0000,6.344592,,0.000,
2026-04-14,CPMAD-INV-06,15,59.9929,6.344592,77.506,83.286,12.2000
2026-04-14,CPMAD-INV-06,16,0.0000,6.344592,,0.000,
2026-04-14,CPMAD-INV-06,17,61.0818,6.344592,78.913,84.797,12.2000
2026-04-14,CPMAD-INV-06,18,0.0000,6.344592,,0.000,
2026-04-14,CPMAD-INV-06,19,62.9357,6.344592,81.308,87.371,12.2000
2026-04-14,CPMAD-INV-06,20,0.0000,6.344592,,0.000,
2026-04-14,CPMAD-INV-06,21,62.9502,6.344592,81.327,87.391,12.2000
2026-04-14,CPMAD-INV-06,22,0.0000,6.344592,,0.000,
2026-04-14,CPMAD-INV-06,23,0.0000,6.344592,0.000,0.000,
2026-04-14,CPMAD-INV-06,24,0.0000,6.344592,,0.000,
2026-04-14,CPMAD-INV-07.,1,61.9242,6.344592,80.001,85.967,12.2000
2026-04-14,CPMAD-INV-07.,2,0.0000,6.344592,0.000,0.000,
2026-04-14,CPMAD-INV-07.,3,63.2162,6.344592,81.670,87.761,12.2000
2026-04-14,CPMAD-INV-07.,4,0.0000,6.344592,0.000,0.000,
2026-04-14,CPMAD-INV-07.,5,61.8691,6.344592,79.930,85.890,12.2000
2026-04-14,CPMAD-INV-07.,6,0.0000,6.344592,,0.000,
2026-04-14,CPMAD-INV-07.,7,61.9314,6.344592,80.011,85.977,12.2000
2026-04-14,CPMAD-INV-07.,8,0.0000,6.344592,,0.000,
2026-04-14,CPMAD-INV-07.,9,62.9167,6.344592,81.284,87.345,12.2000
2026-04-14,CPMAD-INV-07.,10,0.0000,6.344592,,0.000,
2026-04-14,CPMAD-INV-07.,11,62.0714,6.344592,80.191,86.171,12.2000
2026-04-14,CPMAD-INV-07.,12,0.0000,6.344592,,0.000,
2026-04-14,CPMAD-INV-07.,13,62.1639,6.344592,80.311,86.300,12.2000
2026-04-14,CPMAD-INV-07.,14,0.0000,6.344592,,0.000,
2026-04-14,CPMAD-INV-07.,15,62.7508,6.344592,81.069,87.114,12.2000
2026-04-14,CPMAD-INV-07.,16,0.0000,6.344592,,0.000,
2026-04-14,CPMAD-INV-07.,17,61.7513,6.344592,79.778,85.727,12.2000
2026-04-14,CPMAD-INV-07.,18,0.0000,6.344592,,0.000,
2026-04-14,CPMAD-INV-07.,19,61.2514,6.344592,79.132,85.033,12.2000
2026-04-14,CPMAD-INV-07.,20,0.0000,6.344592,,0.000,
2026-04-14,CPMAD-INV-07.,21,62.4099,6.344592,80.629,86.641,12.2000
2026-04-14,CPMAD-INV-07.,22,0.0000,6.344592,,0.000,
2026-04-14,CPMAD-INV-07.,23,61.6518,6.344592,79.649,85.589,
2026-04-14,CPMAD-INV-07.,24,0.0000,6.344592,,0.000,
2026-04-15,CPMAD-INV-01.,1,53.6866,6.040252,72.854,79.136,12.2000
2026-04-15,CPMAD-INV-01.,2,0.0000,6.040252,0.000,0.000,
2026-04-15,CPMAD-INV-01.,3,50.8683,6.040252,69.029,74.981,12.2000
2026-04-15,CPMAD-INV-01.,4,0.0000,6.040252,0.000,0.000,
2026-04-15,CPMAD-INV-01.,5,53.5008,6.040252,72.601,78.862,12.2000
2026-04-15,CPMAD-INV-01.,6,0.0000,6.040252,,0.000,
2026-04-15,CPMAD-INV-01.,7,53.8859,6.040252,73.124,79.429,12.2000
2026-04-15,CPMAD-INV-01.,8,0.0000,6.040252,,0.000,
2026-04-15,CPMAD-INV-01.,9,53.6530,6.040252,72.808,79.086,12.2000
2026-04-15,CPMAD-INV-01.,10,0.0000,6.040252,,0.000,
2026-04-15,CPMAD-INV-01.,11,54.5076,6.040252,73.968,80.346,12.2000
2026-04-15,CPMAD-INV-01.,12,0.0000,6.040252,,0.000,
2026-04-15,CPMAD-INV-01.,13,54.2387,6.040252,73.603,79.949,12.2000
2026-04-15,CPMAD-INV-01.,14,0.0000,6.040252,,0.000,
2026-04-15,CPMAD-INV-01.,15,54.9222,6.040252,74.530,80.957,12.2000
2026-04-15,CPMAD-INV-01.,16,0.0000,6.040252,,0.000,
2026-04-15,CPMAD-INV-01.,17,55.7680,6.040252,75.678,82.204,12.2000
2026-04-15,CPMAD-INV-01.,18,0.0000,6.040252,,0.000,
2026-04-15,CPMAD-INV-01.,19,54.9278,6.040252,74.538,80.965,12.2000
2026-04-15,CPMAD-INV-01.,20,0.0000,6.040252,,0.000,
2026-04-15,CPMAD-INV-01.,21,54.8101,6.040252,74.378,80.791,12.2000
2026-04-15,CPMAD-INV-01.,22,0.0000,6.040252,,0.000,
2026-04-15,CPMAD-INV-01.,23,0.0000,6.040252,0.000,0.000,12.2000
2026-04-15,CPMAD-INV-01.,24,0.0000,6.040252,,0.000,
2026-04-15,CPMAD-INV-02.,1,43.0742,6.040252,58.452,63.493,12.2000
2026-04-15,CPMAD-INV-02.,2,42.6768,6.040252,72.391,78.633,
2026-04-15,CPMAD-INV-02.,3,44.0155,6.040252,59.730,64.880,12.2000
2026-04-15,CPMAD-INV-02.,4,44.0561,6.040252,74.731,81.175,
2026-04-15,CPMAD-INV-02.,5,38.5788,6.040252,52.352,56.866,12.2000
2026-04-15,CPMAD-INV-02.,6,0.0000,6.040252,,0.000,
2026-04-15,CPMAD-INV-02.,7,43.4682,6.040252,58.987,64.073,12.2000
2026-04-15,CPMAD-INV-02.,8,0.0000,6.040252,,0.000,
2026-04-15,CPMAD-INV-02.,9,43.9149,6.040252,59.593,64.732,12.2000
2026-04-15,CPMAD-INV-02.,10,0.0000,6.040252,,0.000,
2026-04-15,CPMAD-INV-02.,11,41.1868,6.040252,55.891,60.710,12.2000
2026-04-15,CPMAD-INV-02.,12,0.0000,6.040252,,0.000,
2026-04-15,CPMAD-INV-02.,13,40.9417,6.040252,55.559,60.349,12.2000
2026-04-15,CPMAD-INV-02.,14,0.0000,6.040252,,0.000,
2026-04-15,CPMAD-INV-02.,15,36.8333,6.040252,49.983,54.293,12.2000
2026-04-15,CPMAD-INV-02.,16,0.0000,6.040252,,0.000,
2026-04-15,CPMAD-INV-02.,17,44.4952,6.040252,60.381,65.587,12.2000
2026-04-15,CPMAD-INV-02.,18,0.0000,6.040252,,0.000,
2026-04-15,CPMAD-INV-02.,19,37.5511,6.040252,50.957,55.351,12.2000
2026-04-15,CPMAD-INV-02.,20,0.0000,6.040252,,0.000,
2026-04-15,CPMAD-INV-02.,21,45.1520,6.040252,61.272,66.555,12.2000
2026-04-15,CPMAD-INV-02.,22,0.0000,6.040252,,0.000,
2026-04-15,CPMAD-INV-02.,23,45.4504,6.040252,61.677,66.995,12.2000
2026-04-15,CPMAD-INV-02.,24,0.0000,6.040252,,0.000,
2026-04-15,CPMAD-INV-03,1,54.9275,6.040252,74.538,80.965,12.2000
2026-04-15,CPMAD-INV-03,2,0.0000,6.040252,0.000,0.000,
2026-04-15,CPMAD-INV-03,3,55.6499,6.040252,75.518,82.029,12.2000
2026-04-15,CPMAD-INV-03,4,0.0000,6.040252,0.000,0.000,
2026-04-15,CPMAD-INV-03,5,53.6785,6.040252,72.843,79.123,12.2000
2026-04-15,CPMAD-INV-03,6,0.0000,6.040252,,0.000,
2026-04-15,CPMAD-INV-03,7,54.8506,6.040252,74.433,80.851,12.2000
2026-04-15,CPMAD-INV-03,8,0.0000,6.040252,,0.000,
2026-04-15,CPMAD-INV-03,9,54.2649,6.040252,73.638,79.988,12.2000
2026-04-15,CPMAD-INV-03,10,0.0000,6.040252,,0.000,
2026-04-15,CPMAD-INV-03,11,53.5778,6.040252,72.706,78.975,10.9800
2026-04-15,CPMAD-INV-03,12,0.0000,6.040252,,0.000,
2026-04-15,CPMAD-INV-03,13,52.7228,6.040252,71.546,77.715,10.9800
2026-04-15,CPMAD-INV-03,14,0.0000,6.040252,,0.000,
2026-04-15,CPMAD-INV-03,15,52.3779,6.040252,71.078,77.206,10.9800
2026-04-15,CPMAD-INV-03,16,0.0000,6.040252,,0.000,
2026-04-15,CPMAD-INV-03,17,53.7098,6.040252,72.885,79.170,12.2000
2026-04-15,CPMAD-INV-03,18,0.0000,6.040252,,0.000,
2026-04-15,CPMAD-INV-03,19,55.2327,6.040252,74.952,81.414,12.2000
2026-04-15,CPMAD-INV-03,20,0.0000,6.040252,,0.000,
2026-04-15,CPMAD-INV-03,21,58.1244,6.040252,78.876,85.677,12.2000
2026-04-15,CPMAD-INV-03,22,0.0000,6.040252,,0.000,
2026-04-15,CPMAD-INV-03,23,54.5056,6.040252,73.965,80.343,12.2000
2026-04-15,CPMAD-INV-03,24,0.0000,6.040252,,0.000,
2026-04-15,CPMAD-INV-04.,1,59.5595,6.040252,80.823,87.792,9.7600
2026-04-15,CPMAD-INV-04.,2,0.0000,6.040252,0.000,0.000,9.7600
2026-04-15,CPMAD-INV-04.,3,58.4245,6.040252,79.283,86.119,9.7600
2026-04-15,CPMAD-INV-04.,4,0.0000,6.040252,0.000,0.000,9.7600
2026-04-15,CPMAD-INV-04.,5,59.8897,6.040252,81.271,88.279,8.5400
2026-04-15,CPMAD-INV-04.,6,0.0000,6.040252,,0.000,
2026-04-15,CPMAD-INV-04.,7,59.2970,6.040252,80.467,87.405,9.1500
2026-04-15,CPMAD-INV-04.,8,0.0000,6.040252,,0.000,
2026-04-15,CPMAD-INV-04.,9,58.6288,6.040252,79.560,86.420,9.1500
2026-04-15,CPMAD-INV-04.,10,0.0000,6.040252,,0.000,
2026-04-15,CPMAD-INV-04.,11,57.0896,6.040252,77.472,84.152,8.5400
2026-04-15,CPMAD-INV-04.,12,0.0000,6.040252,,0.000,
2026-04-15,CPMAD-INV-04.,13,58.2736,6.040252,79.078,85.897,8.5400
2026-04-15,CPMAD-INV-04.,14,0.0000,6.040252,,0.000,
2026-04-15,CPMAD-INV-04.,15,58.0256,6.040252,78.742,85.531,8.5400
2026-04-15,CPMAD-INV-04.,16,0.0000,6.040252,,0.000,
2026-04-15,CPMAD-INV-04.,17,58.0556,6.040252,78.782,85.576,9.7600
2026-04-15,CPMAD-INV-04.,18,0.0000,6.040252,,0.000,
2026-04-15,CPMAD-INV-04.,19,57.8527,6.040252,78.507,85.276,8.5400
2026-04-15,CPMAD-INV-04.,20,0.0000,6.040252,,0.000,
2026-04-15,CPMAD-INV-04.,21,58.6445,6.040252,79.582,86.444,9.1500
2026-04-15,CPMAD-INV-04.,22,0.0000,6.040252,,0.000,
2026-04-15,CPMAD-INV-04.,23,0.0000,6.040252,0.000,0.000,9.1500
2026-04-15,CPMAD-INV-04.,24,0.0000,6.040252,,0.000,
2026-04-15,CPMAD-INV-05.,1,34.2078,6.040252,46.421,50.423,12.2000
2026-04-15,CPMAD-INV-05.,2,0.0000,6.040252,0.000,0.000,
2026-04-15,CPMAD-INV-05.,3,35.1093,6.040252,47.644,51.752,12.2000
2026-04-15,CPMAD-INV-05.,4,0.0000,6.040252,0.000,0.000,
2026-04-15,CPMAD-INV-05.,5,34.4553,6.040252,46.756,50.788,12.2000
2026-04-15,CPMAD-INV-05.,6,0.0000,6.040252,,0.000,
2026-04-15,CPMAD-INV-05.,7,31.1227,6.040252,42.234,45.876,12.2000
2026-04-15,CPMAD-INV-05.,8,0.0000,6.040252,,0.000,
2026-04-15,CPMAD-INV-05.,9,31.4304,6.040252,42.652,46.329,12.2000
2026-04-15,CPMAD-INV-05.,10,0.0000,6.040252,,0.000,
2026-04-15,CPMAD-INV-05.,11,31.7845,6.040252,43.132,46.851,12.2000
2026-04-15,CPMAD-INV-05.,12,0.0000,6.040252,,0.000,
2026-04-15,CPMAD-INV-05.,13,34.4539,6.040252,46.755,50.786,12.2000
2026-04-15,CPMAD-INV-05.,14,0.0000,6.040252,,0.000,
2026-04-15,CPMAD-INV-05.,15,35.2368,6.040252,47.817,51.940,12.2000
2026-04-15,CPMAD-INV-05.,16,0.0000,6.040252,,0.000,
2026-04-15,CPMAD-INV-05.,17,34.4247,6.040252,46.715,50.743,12.2000
2026-04-15,CPMAD-INV-05.,18,0.0000,6.040252,,0.000,
2026-04-15,CPMAD-INV-05.,19,35.0889,6.040252,47.616,51.722,12.2000
2026-04-15,CPMAD-INV-05.,20,0.0000,6.040252,,0.000,
2026-04-15,CPMAD-INV-05.,21,35.1371,6.040252,47.682,51.793,12.2000
2026-04-15,CPMAD-INV-05.,22,0.0000,6.040252,,0.000,
2026-04-15,CPMAD-INV-05.,23,34.5086,6.040252,46.829,50.867,
2026-04-15,CPMAD-INV-05.,24,0.0000,6.040252,,0.000,
2026-04-15,CPMAD-INV-06,1,33.9093,6.040252,46.015,49.983,12.2000
2026-04-15,CPMAD-INV-06,2,0.0000,6.040252,0.000,0.000,
2026-04-15,CPMAD-INV-06,3,35.2281,6.040252,47.805,51.927,12.2000
2026-04-15,CPMAD-INV-06,4,0.0000,6.040252,0.000,0.000,
2026-04-15,CPMAD-INV-06,5,34.0461,6.040252,46.201,50.185,12.2000
2026-04-15,CPMAD-INV-06,6,0.0000,6.040252,,0.000,
2026-04-15,CPMAD-INV-06,7,33.0242,6.040252,44.814,48.679,12.2000
2026-04-15,CPMAD-INV-06,8,0.0000,6.040252,,0.000,
2026-04-15,CPMAD-INV-06,9,34.2131,6.040252,46.428,50.431,12.2000
2026-04-15,CPMAD-INV-06,10,0.0000,6.040252,,0.000,
2026-04-15,CPMAD-INV-06,11,36.8469,6.040252,50.002,54.313,12.2000
2026-04-15,CPMAD-INV-06,12,0.0000,6.040252,,0.000,
2026-04-15,CPMAD-INV-06,13,34.7370,6.040252,47.139,51.203,12.2000
2026-04-15,CPMAD-INV-06,14,0.0000,6.040252,,0.000,
2026-04-15,CPMAD-INV-06,15,35.8674,6.040252,48.673,52.869,12.2000
2026-04-15,CPMAD-INV-06,16,0.0000,6.040252,,0.000,
2026-04-15,CPMAD-INV-06,17,34.5217,6.040252,46.847,50.886,12.2000
2026-04-15,CPMAD-INV-06,18,0.0000,6.040252,,0.000,
2026-04-15,CPMAD-INV-06,19,36.0358,6.040252,48.901,53.118,12.2000
2026-04-15,CPMAD-INV-06,20,0.0000,6.040252,,0.000,
2026-04-15,CPMAD-INV-06,21,36.2504,6.040252,49.192,53.434,12.2000
2026-04-15,CPMAD-INV-06,22,0.0000,6.040252,,0.000,
2026-04-15,CPMAD-INV-06,23,0.0000,6.040252,0.000,0.000,
2026-04-15,CPMAD-INV-06,24,0.0000,6.040252,,0.000,
2026-04-15,CPMAD-INV-07.,1,34.7593,6.040252,47.169,51.236,12.2000
2026-04-15,CPMAD-INV-07.,2,0.0000,6.040252,0.000,0.000,
2026-04-15,CPMAD-INV-07.,3,35.8290,6.040252,48.621,52.813,12.2000
2026-04-15,CPMAD-INV-07.,4,0.0000,6.040252,0.000,0.000,
2026-04-15,CPMAD-INV-07.,5,35.2563,6.040252,47.843,51.969,12.2000
2026-04-15,CPMAD-INV-07.,6,0.0000,6.040252,,0.000,
2026-04-15,CPMAD-INV-07.,7,35.1110,6.040252,47.646,51.755,12.2000
2026-04-15,CPMAD-INV-07.,8,0.0000,6.040252,,0.000,
2026-04-15,CPMAD-INV-07.,9,35.8146,6.040252,48.601,52.792,12.2000
2026-04-15,CPMAD-INV-07.,10,0.0000,6.040252,,0.000,
2026-04-15,CPMAD-INV-07.,11,35.3929,6.040252,48.029,52.170,12.2000
2026-04-15,CPMAD-INV-07.,12,0.0000,6.040252,,0.000,
2026-04-15,CPMAD-INV-07.,13,35.4684,6.040252,48.131,52.281,12.2000
2026-04-15,CPMAD-INV-07.,14,0.0000,6.040252,,0.000,
2026-04-15,CPMAD-INV-07.,15,35.7328,6.040252,48.490,52.671,12.2000
2026-04-15,CPMAD-INV-07.,16,0.0000,6.040252,,0.000,
2026-04-15,CPMAD-INV-07.,17,35.2234,6.040252,47.799,51.920,12.2000
2026-04-15,CPMAD-INV-07.,18,0.0000,6.040252,,0.000,
2026-04-15,CPMAD-INV-07.,19,34.6662,6.040252,47.043,51.099,12.2000
2026-04-15,CPMAD-INV-07.,20,0.0000,6.040252,,0.000,
2026-04-15,CPMAD-INV-07.,21,35.4874,6.040252,48.157,52.309,12.2000
2026-04-15,CPMAD-INV-07.,22,0.0000,6.040252,,0.000,
2026-04-15,CPMAD-INV-07.,23,34.9666,6.040252,47.450,51.542,
2026-04-15,CPMAD-INV-07.,24,0.0000,6.040252,,0.000,
2026-04-16,CPMAD-INV-01.,1,64.4951,6.748036,78.341,82.223,12.2000
2026-04-16,CPMAD-INV-01.,2,0.0000,6.748036,0.000,0.000,
2026-04-16,CPMAD-INV-01.,3,61.1716,6.748036,74.304,77.985,12.2000
2026-04-16,CPMAD-INV-01.,4,0.0000,6.748036,0.000,0.000,
2026-04-16,CPMAD-INV-01.,5,65.0026,6.748036,78.957,82.870,12.2000
2026-04-16,CPMAD-INV-01.,6,0.0000,6.748036,,0.000,
2026-04-16,CPMAD-INV-01.,7,65.6174,6.748036,79.704,83.653,12.2000
2026-04-16,CPMAD-INV-01.,8,0.0000,6.748036,,0.000,
2026-04-16,CPMAD-INV-01.,9,64.8576,6.748036,78.781,82.685,12.2000
2026-04-16,CPMAD-INV-01.,10,0.0000,6.748036,,0.000,
2026-04-16,CPMAD-INV-01.,11,65.5272,6.748036,79.595,83.538,12.2000
2026-04-16,CPMAD-INV-01.,12,0.0000,6.748036,,0.000,
2026-04-16,CPMAD-INV-01.,13,65.0232,6.748036,78.982,82.896,12.2000
2026-04-16,CPMAD-INV-01.,14,0.0000,6.748036,,0.000,
2026-04-16,CPMAD-INV-01.,15,64.9149,6.748036,78.851,82.758,12.2000
2026-04-16,CPMAD-INV-01.,16,0.0000,6.748036,,0.000,
2026-04-16,CPMAD-INV-01.,17,65.9487,6.748036,80.107,84.076,12.2000
2026-04-16,CPMAD-INV-01.,18,0.0000,6.748036,,0.000,
2026-04-16,CPMAD-INV-01.,19,65.3963,6.748036,79.436,83.371,12.2000
2026-04-16,CPMAD-INV-01.,20,0.0000,6.748036,,0.000,
2026-04-16,CPMAD-INV-01.,21,64.9605,6.748036,78.906,82.816,12.2000
2026-04-16,CPMAD-INV-01.,22,0.0000,6.748036,,0.000,
2026-04-16,CPMAD-INV-01.,23,0.0000,6.748036,0.000,0.000,12.2000
2026-04-16,CPMAD-INV-01.,24,0.0000,6.748036,,0.000,
2026-04-16,CPMAD-INV-02.,1,51.7096,6.748036,62.811,65.923,12.2000
2026-04-16,CPMAD-INV-02.,2,51.1167,6.748036,77.613,81.459,
2026-04-16,CPMAD-INV-02.,3,52.1006,6.748036,63.286,66.421,12.2000
2026-04-16,CPMAD-INV-02.,4,51.5697,6.748036,78.301,82.181,
2026-04-16,CPMAD-INV-02.,5,44.6968,6.748036,54.292,56.982,12.2000
2026-04-16,CPMAD-INV-02.,6,0.0000,6.748036,,0.000,
2026-04-16,CPMAD-INV-02.,7,49.1470,6.748036,59.698,62.656,12.2000
2026-04-16,CPMAD-INV-02.,8,0.0000,6.748036,,0.000,
2026-04-16,CPMAD-INV-02.,9,48.9579,6.748036,59.468,62.415,12.2000
2026-04-16,CPMAD-INV-02.,10,0.0000,6.748036,,0.000,
2026-04-16,CPMAD-INV-02.,11,46.0425,6.748036,55.927,58.698,12.2000
2026-04-16,CPMAD-INV-02.,12,0.0000,6.748036,,0.000,
2026-04-16,CPMAD-INV-02.,13,44.8774,6.748036,54.512,57.213,12.2000
2026-04-16,CPMAD-INV-02.,14,0.0000,6.748036,,0.000,
2026-04-16,CPMAD-INV-02.,15,42.8715,6.748036,52.075,54.655,12.2000
2026-04-16,CPMAD-INV-02.,16,0.0000,6.748036,,0.000,
2026-04-16,CPMAD-INV-02.,17,52.2401,6.748036,63.455,66.599,12.2000
2026-04-16,CPMAD-INV-02.,18,0.0000,6.748036,,0.000,
2026-04-16,CPMAD-INV-02.,19,44.2203,6.748036,53.714,56.375,12.2000
2026-04-16,CPMAD-INV-02.,20,0.0000,6.748036,,0.000,
2026-04-16,CPMAD-INV-02.,21,49.4753,6.748036,60.097,63.074,12.2000
2026-04-16,CPMAD-INV-02.,22,0.0000,6.748036,,0.000,
2026-04-16,CPMAD-INV-02.,23,49.6087,6.748036,60.259,63.244,12.2000
2026-04-16,CPMAD-INV-02.,24,0.0000,6.748036,,0.000,
2026-04-16,CPMAD-INV-03,1,64.3817,6.748036,78.203,82.078,12.2000
2026-04-16,CPMAD-INV-03,2,0.0000,6.748036,0.000,0.000,
2026-04-16,CPMAD-INV-03,3,64.6419,6.748036,78.519,82.410,12.2000
2026-04-16,CPMAD-INV-03,4,0.0000,6.748036,0.000,0.000,
2026-04-16,CPMAD-INV-03,5,64.9979,6.748036,78.952,82.864,12.2000
2026-04-16,CPMAD-INV-03,6,0.0000,6.748036,,0.000,
2026-04-16,CPMAD-INV-03,7,65.4147,6.748036,79.458,83.395,12.2000
2026-04-16,CPMAD-INV-03,8,0.0000,6.748036,,0.000,
2026-04-16,CPMAD-INV-03,9,64.0245,6.748036,77.769,81.623,12.2000
2026-04-16,CPMAD-INV-03,10,0.0000,6.748036,,0.000,
2026-04-16,CPMAD-INV-03,11,60.1039,6.748036,73.007,76.624,10.9800
2026-04-16,CPMAD-INV-03,12,0.0000,6.748036,,0.000,
2026-04-16,CPMAD-INV-03,13,59.1527,6.748036,71.852,75.412,10.9800
2026-04-16,CPMAD-INV-03,14,0.0000,6.748036,,0.000,
2026-04-16,CPMAD-INV-03,15,58.7299,6.748036,71.338,74.873,10.9800
2026-04-16,CPMAD-INV-03,16,0.0000,6.748036,,0.000,
2026-04-16,CPMAD-INV-03,17,64.5540,6.748036,78.413,82.298,12.2000
2026-04-16,CPMAD-INV-03,18,0.0000,6.748036,,0.000,
2026-04-16,CPMAD-INV-03,19,65.5301,6.748036,79.598,83.542,12.2000
2026-04-16,CPMAD-INV-03,20,0.0000,6.748036,,0.000,
2026-04-16,CPMAD-INV-03,21,65.2352,6.748036,79.240,83.166,12.2000
2026-04-16,CPMAD-INV-03,22,0.0000,6.748036,,0.000,
2026-04-16,CPMAD-INV-03,23,64.7777,6.748036,78.684,82.583,12.2000
2026-04-16,CPMAD-INV-03,24,0.0000,6.748036,,0.000,
2026-04-16,CPMAD-INV-04.,1,66.2988,6.748036,80.532,84.522,9.7600
2026-04-16,CPMAD-INV-04.,2,0.0000,6.748036,0.000,0.000,9.7600
2026-04-16,CPMAD-INV-04.,3,63.1014,6.748036,76.648,80.446,9.7600
2026-04-16,CPMAD-INV-04.,4,0.0000,6.748036,0.000,0.000,9.7600
2026-04-16,CPMAD-INV-04.,5,67.2040,6.748036,81.631,85.676,8.5400
2026-04-16,CPMAD-INV-04.,6,0.0000,6.748036,,0.000,
2026-04-16,CPMAD-INV-04.,7,67.0088,6.748036,81.394,85.427,9.1500
2026-04-16,CPMAD-INV-04.,8,0.0000,6.748036,,0.000,
2026-04-16,CPMAD-INV-04.,9,66.2193,6.748036,80.435,84.421,9.1500
2026-04-16,CPMAD-INV-04.,10,0.0000,6.748036,,0.000,
2026-04-16,CPMAD-INV-04.,11,64.4177,6.748036,78.247,82.124,8.5400
2026-04-16,CPMAD-INV-04.,12,0.0000,6.748036,,0.000,
2026-04-16,CPMAD-INV-04.,13,65.5789,6.748036,79.658,83.604,8.5400
2026-04-16,CPMAD-INV-04.,14,0.0000,6.748036,,0.000,
2026-04-16,CPMAD-INV-04.,15,65.2305,6.748036,79.234,83.160,8.5400
2026-04-16,CPMAD-INV-04.,16,0.0000,6.748036,,0.000,
2026-04-16,CPMAD-INV-04.,17,65.4103,6.748036,79.453,83.389,9.7600
2026-04-16,CPMAD-INV-04.,18,0.0000,6.748036,,0.000,
2026-04-16,CPMAD-INV-04.,19,65.0922,6.748036,79.066,82.984,8.5400
2026-04-16,CPMAD-INV-04.,20,0.0000,6.748036,,0.000,
2026-04-16,CPMAD-INV-04.,21,65.8329,6.748036,79.966,83.928,9.1500
2026-04-16,CPMAD-INV-04.,22,0.0000,6.748036,,0.000,
2026-04-16,CPMAD-INV-04.,23,0.0000,6.748036,0.000,0.000,9.1500
2026-04-16,CPMAD-INV-04.,24,0.0000,6.748036,,0.000,
2026-04-16,CPMAD-INV-05.,1,65.5093,6.748036,79.573,83.515,12.2000
2026-04-16,CPMAD-INV-05.,2,0.0000,6.748036,0.000,0.000,
2026-04-16,CPMAD-INV-05.,3,65.9207,6.748036,80.073,84.040,12.2000
2026-04-16,CPMAD-INV-05.,4,0.0000,6.748036,0.000,0.000,
2026-04-16,CPMAD-INV-05.,5,65.3173,6.748036,79.340,83.271,12.2000
2026-04-16,CPMAD-INV-05.,6,0.0000,6.748036,,0.000,
2026-04-16,CPMAD-INV-05.,7,60.5085,6.748036,73.499,77.140,12.2000
2026-04-16,CPMAD-INV-05.,8,0.0000,6.748036,,0.000,
2026-04-16,CPMAD-INV-05.,9,60.1092,6.748036,73.014,76.631,12.2000
2026-04-16,CPMAD-INV-05.,10,0.0000,6.748036,,0.000,
2026-04-16,CPMAD-INV-05.,11,61.4950,6.748036,74.697,78.398,12.2000
2026-04-16,CPMAD-INV-05.,12,0.0000,6.748036,,0.000,
2026-04-16,CPMAD-INV-05.,13,66.1642,6.748036,80.369,84.350,12.2000
2026-04-16,CPMAD-INV-05.,14,0.0000,6.748036,,0.000,
2026-04-16,CPMAD-INV-05.,15,67.1055,6.748036,81.512,85.550,12.2000
2026-04-16,CPMAD-INV-05.,16,0.0000,6.748036,,0.000,
2026-04-16,CPMAD-INV-05.,17,66.2040,6.748036,80.417,84.401,12.2000
2026-04-16,CPMAD-INV-05.,18,0.0000,6.748036,,0.000,
2026-04-16,CPMAD-INV-05.,19,66.3003,6.748036,80.534,84.524,12.2000
2026-04-16,CPMAD-INV-05.,20,0.0000,6.748036,,0.000,
2026-04-16,CPMAD-INV-05.,21,66.4570,6.748036,80.724,84.724,12.2000
2026-04-16,CPMAD-INV-05.,22,0.0000,6.748036,,0.000,
2026-04-16,CPMAD-INV-05.,23,65.6671,6.748036,79.765,83.717,
2026-04-16,CPMAD-INV-05.,24,0.0000,6.748036,,0.000,
2026-04-16,CPMAD-INV-06,1,64.3379,6.748036,78.150,82.022,12.2000
2026-04-16,CPMAD-INV-06,2,0.0000,6.748036,0.000,0.000,
2026-04-16,CPMAD-INV-06,3,66.3617,6.748036,80.608,84.602,12.2000
2026-04-16,CPMAD-INV-06,4,0.0000,6.748036,0.000,0.000,
2026-04-16,CPMAD-INV-06,5,63.8291,6.748036,77.532,81.374,12.2000
2026-04-16,CPMAD-INV-06,6,0.0000,6.748036,,0.000,
2026-04-16,CPMAD-INV-06,7,60.5972,6.748036,73.606,77.253,12.2000
2026-04-16,CPMAD-INV-06,8,0.0000,6.748036,,0.000,
2026-04-16,CPMAD-INV-06,9,65.0190,6.748036,78.977,82.890,12.2000
2026-04-16,CPMAD-INV-06,10,0.0000,6.748036,,0.000,
2026-04-16,CPMAD-INV-06,11,65.2840,6.748036,79.299,83.228,12.2000
2026-04-16,CPMAD-INV-06,12,0.0000,6.748036,,0.000,
2026-04-16,CPMAD-INV-06,13,64.1222,6.748036,77.888,81.747,12.2000
2026-04-16,CPMAD-INV-06,14,0.0000,6.748036,,0.000,
2026-04-16,CPMAD-INV-06,15,65.6344,6.748036,79.725,83.675,12.2000
2026-04-16,CPMAD-INV-06,16,0.0000,6.748036,,0.000,
2026-04-16,CPMAD-INV-06,17,62.5129,6.748036,75.933,79.696,12.2000
2026-04-16,CPMAD-INV-06,18,0.0000,6.748036,,0.000,
2026-04-16,CPMAD-INV-06,19,66.3744,6.748036,80.624,84.618,12.2000
2026-04-16,CPMAD-INV-06,20,0.0000,6.748036,,0.000,
2026-04-16,CPMAD-INV-06,21,66.3592,6.748036,80.605,84.599,12.2000
2026-04-16,CPMAD-INV-06,22,0.0000,6.748036,,0.000,
2026-04-16,CPMAD-INV-06,23,0.0000,6.748036,0.000,0.000,
2026-04-16,CPMAD-INV-06,24,0.0000,6.748036,,0.000,
2026-04-16,CPMAD-INV-07.,1,65.8696,6.748036,80.011,83.975,12.2000
2026-04-16,CPMAD-INV-07.,2,0.0000,6.748036,0.000,0.000,
2026-04-16,CPMAD-INV-07.,3,67.0852,6.748036,81.487,85.525,12.2000
2026-04-16,CPMAD-INV-07.,4,0.0000,6.748036,0.000,0.000,
2026-04-16,CPMAD-INV-07.,5,65.8178,6.748036,79.948,83.909,12.2000
2026-04-16,CPMAD-INV-07.,6,0.0000,6.748036,,0.000,
2026-04-16,CPMAD-INV-07.,7,65.8378,6.748036,79.972,83.934,12.2000
2026-04-16,CPMAD-INV-07.,8,0.0000,6.748036,,0.000,
2026-04-16,CPMAD-INV-07.,9,66.9550,6.748036,81.329,85.359,12.2000
2026-04-16,CPMAD-INV-07.,10,0.0000,6.748036,,0.000,
2026-04-16,CPMAD-INV-07.,11,65.8071,6.748036,79.935,83.895,12.2000
2026-04-16,CPMAD-INV-07.,12,0.0000,6.748036,,0.000,
2026-04-16,CPMAD-INV-07.,13,66.1261,6.748036,80.322,84.302,12.2000
2026-04-16,CPMAD-INV-07.,14,0.0000,6.748036,,0.000,
2026-04-16,CPMAD-INV-07.,15,66.6706,6.748036,80.984,84.996,12.2000
2026-04-16,CPMAD-INV-07.,16,0.0000,6.748036,,0.000,
2026-04-16,CPMAD-INV-07.,17,65.5837,6.748036,79.663,83.610,12.2000
2026-04-16,CPMAD-INV-07.,18,0.0000,6.748036,,0.000,
2026-04-16,CPMAD-INV-07.,19,65.3237,6.748036,79.348,83.279,12.2000
2026-04-16,CPMAD-INV-07.,20,0.0000,6.748036,,0.000,
2026-04-16,CPMAD-INV-07.,21,66.6082,6.748036,80.908,84.916,12.2000
2026-04-16,CPMAD-INV-07.,22,0.0000,6.748036,,0.000,
2026-04-16,CPMAD-INV-07.,23,65.5376,6.748036,79.607,83.552,
2026-04-16,CPMAD-INV-07.,24,0.0000,6.748036,,0.000,
2026-04-17,CPMAD-INV-01.,1,62.2415,6.662716,76.572,80.566,12.2000
2026-04-17,CPMAD-INV-01.,2,0.0000,6.662716,0.000,0.000,
2026-04-17,CPMAD-INV-01.,3,59.4445,6.662716,73.131,76.946,12.2000
2026-04-17,CPMAD-INV-01.,4,0.0000,6.662716,0.000,0.000,
2026-04-17,CPMAD-INV-01.,5,61.7557,6.662716,75.974,79.937,12.2000
2026-04-17,CPMAD-INV-01.,6,0.0000,6.662716,,0.000,
2026-04-17,CPMAD-INV-01.,7,62.3697,6.662716,76.730,80.732,12.2000
2026-04-17,CPMAD-INV-01.,8,0.0000,6.662716,,0.000,
2026-04-17,CPMAD-INV-01.,9,61.9837,6.662716,76.255,80.233,12.2000
2026-04-17,CPMAD-INV-01.,10,0.0000,6.662716,,0.000,
2026-04-17,CPMAD-INV-01.,11,62.8547,6.662716,77.326,81.360,12.2000
2026-04-17,CPMAD-INV-01.,12,0.0000,6.662716,,0.000,
2026-04-17,CPMAD-INV-01.,13,62.1593,6.662716,76.471,80.460,12.2000
2026-04-17,CPMAD-INV-01.,14,0.0000,6.662716,,0.000,
2026-04-17,CPMAD-INV-01.,15,62.5225,6.662716,76.917,80.930,12.2000
2026-04-17,CPMAD-INV-01.,16,0.0000,6.662716,,0.000,
2026-04-17,CPMAD-INV-01.,17,62.6679,6.662716,77.096,81.118,12.2000
2026-04-17,CPMAD-INV-01.,18,0.0000,6.662716,,0.000,
2026-04-17,CPMAD-INV-01.,19,63.2067,6.662716,77.759,81.816,12.2000
2026-04-17,CPMAD-INV-01.,20,0.0000,6.662716,,0.000,
2026-04-17,CPMAD-INV-01.,21,61.9235,6.662716,76.181,80.155,12.2000
2026-04-17,CPMAD-INV-01.,22,0.0000,6.662716,,0.000,
2026-04-17,CPMAD-INV-01.,23,0.0000,6.662716,0.000,0.000,12.2000
2026-04-17,CPMAD-INV-01.,24,0.0000,6.662716,,0.000,
2026-04-17,CPMAD-INV-02.,1,49.9792,6.662716,61.486,64.694,12.2000
2026-04-17,CPMAD-INV-02.,2,49.1249,6.662716,75.544,79.485,
2026-04-17,CPMAD-INV-02.,3,50.4816,6.662716,62.104,65.344,12.2000
2026-04-17,CPMAD-INV-02.,4,49.7134,6.662716,76.449,80.437,
2026-04-17,CPMAD-INV-02.,5,43.6141,6.662716,53.656,56.455,12.2000
2026-04-17,CPMAD-INV-02.,6,0.0000,6.662716,,0.000,
2026-04-17,CPMAD-INV-02.,7,46.7372,6.662716,57.498,60.497,12.2000
2026-04-17,CPMAD-INV-02.,8,0.0000,6.662716,,0.000,
2026-04-17,CPMAD-INV-02.,9,46.5941,6.662716,57.322,60.312,12.2000
2026-04-17,CPMAD-INV-02.,10,0.0000,6.662716,,0.000,
2026-04-17,CPMAD-INV-02.,11,43.9516,6.662716,54.071,56.892,12.2000
2026-04-17,CPMAD-INV-02.,12,0.0000,6.662716,,0.000,
2026-04-17,CPMAD-INV-02.,13,44.6553,6.662716,54.937,57.802,12.2000
2026-04-17,CPMAD-INV-02.,14,0.0000,6.662716,,0.000,
2026-04-17,CPMAD-INV-02.,15,42.1519,6.662716,51.857,54.562,12.2000
2026-04-17,CPMAD-INV-02.,16,0.0000,6.662716,,0.000,
2026-04-17,CPMAD-INV-02.,17,50.6726,6.662716,62.339,65.591,12.2000
2026-04-17,CPMAD-INV-02.,18,0.0000,6.662716,,0.000,
2026-04-17,CPMAD-INV-02.,19,42.8314,6.662716,52.693,55.441,12.2000
2026-04-17,CPMAD-INV-02.,20,0.0000,6.662716,,0.000,
2026-04-17,CPMAD-INV-02.,21,47.3063,6.662716,58.198,61.234,12.2000
2026-04-17,CPMAD-INV-02.,22,0.0000,6.662716,,0.000,
2026-04-17,CPMAD-INV-02.,23,47.7457,6.662716,58.738,61.803,12.2000
2026-04-17,CPMAD-INV-02.,24,0.0000,6.662716,,0.000,
2026-04-17,CPMAD-INV-03,1,62.1447,6.662716,76.453,80.441,12.2000
2026-04-17,CPMAD-INV-03,2,0.0000,6.662716,0.000,0.000,
2026-04-17,CPMAD-INV-03,3,62.7036,6.662716,77.140,81.164,12.2000
2026-04-17,CPMAD-INV-03,4,0.0000,6.662716,0.000,0.000,
2026-04-17,CPMAD-INV-03,5,62.8716,6.662716,77.347,81.382,12.2000
2026-04-17,CPMAD-INV-03,6,0.0000,6.662716,,0.000,
2026-04-17,CPMAD-INV-03,7,62.7290,6.662716,77.172,81.197,12.2000
2026-04-17,CPMAD-INV-03,8,0.0000,6.662716,,0.000,
2026-04-17,CPMAD-INV-03,9,62.0925,6.662716,76.389,80.373,12.2000
2026-04-17,CPMAD-INV-03,10,0.0000,6.662716,,0.000,
2026-04-17,CPMAD-INV-03,11,57.1714,6.662716,70.334,74.003,10.9800
2026-04-17,CPMAD-INV-03,12,0.0000,6.662716,,0.000,
2026-04-17,CPMAD-INV-03,13,56.4635,6.662716,69.463,73.087,10.9800
2026-04-17,CPMAD-INV-03,14,0.0000,6.662716,,0.000,
2026-04-17,CPMAD-INV-03,15,55.8842,6.662716,68.751,72.337,10.9800
2026-04-17,CPMAD-INV-03,16,0.0000,6.662716,,0.000,
2026-04-17,CPMAD-INV-03,17,62.3153,6.662716,76.663,80.662,12.2000
2026-04-17,CPMAD-INV-03,18,0.0000,6.662716,,0.000,
2026-04-17,CPMAD-INV-03,19,63.4871,6.662716,78.104,82.179,12.2000
2026-04-17,CPMAD-INV-03,20,0.0000,6.662716,,0.000,
2026-04-17,CPMAD-INV-03,21,62.1655,6.662716,76.478,80.468,12.2000
2026-04-17,CPMAD-INV-03,22,0.0000,6.662716,,0.000,
2026-04-17,CPMAD-INV-03,23,62.4496,6.662716,76.828,80.836,12.2000
2026-04-17,CPMAD-INV-03,24,0.0000,6.662716,,0.000,
2026-04-17,CPMAD-INV-04.,1,63.3587,6.662716,77.946,82.012,9.7600
2026-04-17,CPMAD-INV-04.,2,0.0000,6.662716,0.000,0.000,9.7600
2026-04-17,CPMAD-INV-04.,3,61.2636,6.662716,75.369,79.300,9.7600
2026-04-17,CPMAD-INV-04.,4,0.0000,6.662716,0.000,0.000,9.7600
2026-04-17,CPMAD-INV-04.,5,63.7877,6.662716,78.474,82.568,8.5400
2026-04-17,CPMAD-INV-04.,6,0.0000,6.662716,,0.000,
2026-04-17,CPMAD-INV-04.,7,63.4692,6.662716,78.082,82.155,9.1500
2026-04-17,CPMAD-INV-04.,8,0.0000,6.662716,,0.000,
2026-04-17,CPMAD-INV-04.,9,62.8860,6.662716,77.365,81.400,9.1500
2026-04-17,CPMAD-INV-04.,10,0.0000,6.662716,,0.000,
2026-04-17,CPMAD-INV-04.,11,61.2123,6.662716,75.306,79.234,8.5400
2026-04-17,CPMAD-INV-04.,12,0.0000,6.662716,,0.000,
2026-04-17,CPMAD-INV-04.,13,62.2392,6.662716,76.569,80.563,8.5400
2026-04-17,CPMAD-INV-04.,14,0.0000,6.662716,,0.000,
2026-04-17,CPMAD-INV-04.,15,61.9388,6.662716,76.199,80.174,8.5400
2026-04-17,CPMAD-INV-04.,16,0.0000,6.662716,,0.000,
2026-04-17,CPMAD-INV-04.,17,62.2156,6.662716,76.540,80.533,9.7600
2026-04-17,CPMAD-INV-04.,18,0.0000,6.662716,,0.000,
2026-04-17,CPMAD-INV-04.,19,62.0509,6.662716,76.337,80.319,8.5400
2026-04-17,CPMAD-INV-04.,20,0.0000,6.662716,,0.000,
2026-04-17,CPMAD-INV-04.,21,62.7519,6.662716,77.200,81.227,9.1500
2026-04-17,CPMAD-INV-04.,22,0.0000,6.662716,,0.000,
2026-04-17,CPMAD-INV-04.,23,0.0000,6.662716,0.000,0.000,9.1500
2026-04-17,CPMAD-INV-04.,24,0.0000,6.662716,,0.000,
2026-04-17,CPMAD-INV-05.,1,63.1448,6.662716,77.683,81.735,12.2000
2026-04-17,CPMAD-INV-05.,2,0.0000,6.662716,0.000,0.000,
2026-04-17,CPMAD-INV-05.,3,63.7430,6.662716,78.419,82.510,12.2000
2026-04-17,CPMAD-INV-05.,4,0.0000,6.662716,0.000,0.000,
2026-04-17,CPMAD-INV-05.,5,63.0195,6.662716,77.529,81.573,12.2000
2026-04-17,CPMAD-INV-05.,6,0.0000,6.662716,,0.000,
2026-04-17,CPMAD-INV-05.,7,57.7243,6.662716,71.015,74.719,12.2000
2026-04-17,CPMAD-INV-05.,8,0.0000,6.662716,,0.000,
2026-04-17,CPMAD-INV-05.,9,58.2496,6.662716,71.661,75.399,12.2000
2026-04-17,CPMAD-INV-05.,10,0.0000,6.662716,,0.000,
2026-04-17,CPMAD-INV-05.,11,59.2697,6.662716,72.916,76.719,12.2000
2026-04-17,CPMAD-INV-05.,12,0.0000,6.662716,,0.000,
2026-04-17,CPMAD-INV-05.,13,63.5973,6.662716,78.240,82.321,12.2000
2026-04-17,CPMAD-INV-05.,14,0.0000,6.662716,,0.000,
2026-04-17,CPMAD-INV-05.,15,64.8116,6.662716,79.734,83.893,12.2000
2026-04-17,CPMAD-INV-05.,16,0.0000,6.662716,,0.000,
2026-04-17,CPMAD-INV-05.,17,63.6419,6.662716,78.295,82.379,12.2000
2026-04-17,CPMAD-INV-05.,18,0.0000,6.662716,,0.000,
2026-04-17,CPMAD-INV-05.,19,63.8990,6.662716,78.611,82.712,12.2000
2026-04-17,CPMAD-INV-05.,20,0.0000,6.662716,,0.000,
2026-04-17,CPMAD-INV-05.,21,64.1498,6.662716,78.919,83.036,12.2000
2026-04-17,CPMAD-INV-05.,22,0.0000,6.662716,,0.000,
2026-04-17,CPMAD-INV-05.,23,63.3329,6.662716,77.915,81.979,
2026-04-17,CPMAD-INV-05.,24,0.0000,6.662716,,0.000,
2026-04-17,CPMAD-INV-06,1,63.2195,6.662716,77.775,81.832,12.2000
2026-04-17,CPMAD-INV-06,2,0.0000,6.662716,0.000,0.000,
2026-04-17,CPMAD-INV-06,3,64.4461,6.662716,79.284,83.420,12.2000
2026-04-17,CPMAD-INV-06,4,0.0000,6.662716,0.000,0.000,
2026-04-17,CPMAD-INV-06,5,62.0550,6.662716,76.342,80.325,12.2000
2026-04-17,CPMAD-INV-06,6,0.0000,6.662716,,0.000,
2026-04-17,CPMAD-INV-06,7,58.9701,6.662716,72.547,76.332,12.2000
2026-04-17,CPMAD-INV-06,8,0.0000,6.662716,,0.000,
2026-04-17,CPMAD-INV-06,9,62.6021,6.662716,77.015,81.033,12.2000
2026-04-17,CPMAD-INV-06,10,0.0000,6.662716,,0.000,
2026-04-17,CPMAD-INV-06,11,63.9159,6.662716,78.632,82.734,12.2000
2026-04-17,CPMAD-INV-06,12,0.0000,6.662716,,0.000,
2026-04-17,CPMAD-INV-06,13,61.9582,6.662716,76.223,80.199,12.2000
2026-04-17,CPMAD-INV-06,14,0.0000,6.662716,,0.000,
2026-04-17,CPMAD-INV-06,15,63.8411,6.662716,78.540,82.637,12.2000
2026-04-17,CPMAD-INV-06,16,0.0000,6.662716,,0.000,
2026-04-17,CPMAD-INV-06,17,61.2656,6.662716,75.371,79.303,12.2000
2026-04-17,CPMAD-INV-06,18,0.0000,6.662716,,0.000,
2026-04-17,CPMAD-INV-06,19,63.8619,6.662716,78.565,82.664,12.2000
2026-04-17,CPMAD-INV-06,20,0.0000,6.662716,,0.000,
2026-04-17,CPMAD-INV-06,21,63.6702,6.662716,78.329,82.416,12.2000
2026-04-17,CPMAD-INV-06,22,0.0000,6.662716,,0.000,
2026-04-17,CPMAD-INV-06,23,0.0000,6.662716,0.000,0.000,
2026-04-17,CPMAD-INV-06,24,0.0000,6.662716,,0.000,
2026-04-17,CPMAD-INV-07.,1,62.8808,6.662716,77.358,81.394,12.2000
2026-04-17,CPMAD-INV-07.,2,0.0000,6.662716,0.000,0.000,
2026-04-17,CPMAD-INV-07.,3,64.2477,6.662716,79.040,83.163,12.2000
2026-04-17,CPMAD-INV-07.,4,0.0000,6.662716,0.000,0.000,
2026-04-17,CPMAD-INV-07.,5,63.1306,6.662716,77.666,81.717,12.2000
2026-04-17,CPMAD-INV-07.,6,0.0000,6.662716,,0.000,
2026-04-17,CPMAD-INV-07.,7,63.2756,6.662716,77.844,81.905,12.2000
2026-04-17,CPMAD-INV-07.,8,0.0000,6.662716,,0.000,
2026-04-17,CPMAD-INV-07.,9,64.1517,6.662716,78.922,83.039,12.2000
2026-04-17,CPMAD-INV-07.,10,0.0000,6.662716,,0.000,
2026-04-17,CPMAD-INV-07.,11,63.1677,6.662716,77.711,81.765,12.2000
2026-04-17,CPMAD-INV-07.,12,0.0000,6.662716,,0.000,
2026-04-17,CPMAD-INV-07.,13,63.3304,6.662716,77.911,81.976,12.2000
2026-04-17,CPMAD-INV-07.,14,0.0000,6.662716,,0.000,
2026-04-17,CPMAD-INV-07.,15,63.8676,6.662716,78.572,82.671,12.2000
2026-04-17,CPMAD-INV-07.,16,0.0000,6.662716,,0.000,
2026-04-17,CPMAD-INV-07.,17,62.9687,6.662716,77.466,81.507,12.2000
2026-04-17,CPMAD-INV-07.,18,0.0000,6.662716,,0.000,
2026-04-17,CPMAD-INV-07.,19,62.1804,6.662716,76.497,80.487,12.2000
2026-04-17,CPMAD-INV-07.,20,0.0000,6.662716,,0.000,
2026-04-17,CPMAD-INV-07.,21,63.7607,6.662716,78.441,82.533,12.2000
2026-04-17,CPMAD-INV-07.,22,0.0000,6.662716,,0.000,
2026-04-17,CPMAD-INV-07.,23,62.9008,6.662716,77.383,81.420,
2026-04-17,CPMAD-INV-07.,24,0.0000,6.662716,,0.000,
2026-04-18,CPMAD-INV-01.,1,60.9482,6.330314,78.918,83.435,12.2000
2026-04-18,CPMAD-INV-01.,2,0.0000,6.330314,0.000,0.000,
2026-04-18,CPMAD-INV-01.,3,58.6613,6.330314,75.957,80.304,12.2000
2026-04-18,CPMAD-INV-01.,4,0.0000,6.330314,0.000,0.000,
2026-04-18,CPMAD-INV-01.,5,60.4675,6.330314,78.295,82.776,12.2000
2026-04-18,CPMAD-INV-01.,6,0.0000,6.330314,,0.000,
2026-04-18,CPMAD-INV-01.,7,60.5634,6.330314,78.420,82.908,12.2000
2026-04-18,CPMAD-INV-01.,8,0.0000,6.330314,,0.000,
2026-04-18,CPMAD-INV-01.,9,60.4282,6.330314,78.245,82.723,12.2000
2026-04-18,CPMAD-INV-01.,10,0.0000,6.330314,,0.000,
2026-04-18,CPMAD-INV-01.,11,60.8968,6.330314,78.851,83.364,12.2000
2026-04-18,CPMAD-INV-01.,12,0.0000,6.330314,,0.000,
2026-04-18,CPMAD-INV-01.,13,60.2661,6.330314,78.035,82.501,12.2000
2026-04-18,CPMAD-INV-01.,14,0.0000,6.330314,,0.000,
2026-04-18,CPMAD-INV-01.,15,60.3328,6.330314,78.121,82.592,12.2000
2026-04-18,CPMAD-INV-01.,16,0.0000,6.330314,,0.000,
2026-04-18,CPMAD-INV-01.,17,61.2596,6.330314,79.321,83.861,12.2000
2026-04-18,CPMAD-INV-01.,18,0.0000,6.330314,,0.000,
2026-04-18,CPMAD-INV-01.,19,60.7051,6.330314,78.603,83.102,12.2000
2026-04-18,CPMAD-INV-01.,20,0.0000,6.330314,,0.000,
2026-04-18,CPMAD-INV-01.,21,60.4244,6.330314,78.240,82.717,12.2000
2026-04-18,CPMAD-INV-01.,22,0.0000,6.330314,,0.000,
2026-04-18,CPMAD-INV-01.,23,0.0000,6.330314,0.000,0.000,12.2000
2026-04-18,CPMAD-INV-01.,24,0.0000,6.330314,,0.000,
2026-04-18,CPMAD-INV-02.,1,48.3252,6.330314,62.573,66.154,12.2000
2026-04-18,CPMAD-INV-02.,2,47.7887,6.330314,77.348,81.775,
2026-04-18,CPMAD-INV-02.,3,49.1349,6.330314,63.622,67.263,12.2000
2026-04-18,CPMAD-INV-02.,4,48.5026,6.330314,78.504,82.997,
2026-04-18,CPMAD-INV-02.,5,41.9614,6.330314,54.333,57.443,12.2000
2026-04-18,CPMAD-INV-02.,6,0.0000,6.330314,,0.000,
2026-04-18,CPMAD-INV-02.,7,45.6718,6.330314,59.138,62.522,12.2000
2026-04-18,CPMAD-INV-02.,8,0.0000,6.330314,,0.000,
2026-04-18,CPMAD-INV-02.,9,45.7064,6.330314,59.182,62.569,12.2000
2026-04-18,CPMAD-INV-02.,10,0.0000,6.330314,,0.000,
2026-04-18,CPMAD-INV-02.,11,43.0112,6.330314,55.692,58.880,12.2000
2026-04-18,CPMAD-INV-02.,12,0.0000,6.330314,,0.000,
2026-04-18,CPMAD-INV-02.,13,41.8366,6.330314,54.172,57.272,12.2000
2026-04-18,CPMAD-INV-02.,14,0.0000,6.330314,,0.000,
2026-04-18,CPMAD-INV-02.,15,39.8054,6.330314,51.542,54.491,12.2000
2026-04-18,CPMAD-INV-02.,16,0.0000,6.330314,,0.000,
2026-04-18,CPMAD-INV-02.,17,48.8499,6.330314,63.253,66.873,12.2000
2026-04-18,CPMAD-INV-02.,18,0.0000,6.330314,,0.000,
2026-04-18,CPMAD-INV-02.,19,41.2741,6.330314,53.443,56.502,12.2000
2026-04-18,CPMAD-INV-02.,20,0.0000,6.330314,,0.000,
2026-04-18,CPMAD-INV-02.,21,45.9616,6.330314,59.513,62.919,12.2000
2026-04-18,CPMAD-INV-02.,22,0.0000,6.330314,,0.000,
2026-04-18,CPMAD-INV-02.,23,46.2267,6.330314,59.856,63.282,12.2000
2026-04-18,CPMAD-INV-02.,24,0.0000,6.330314,,0.000,
2026-04-18,CPMAD-INV-03,1,60.6127,6.330314,78.484,82.975,12.2000
2026-04-18,CPMAD-INV-03,2,0.0000,6.330314,0.000,0.000,
2026-04-18,CPMAD-INV-03,3,60.8923,6.330314,78.846,83.358,12.2000
2026-04-18,CPMAD-INV-03,4,0.0000,6.330314,0.000,0.000,
2026-04-18,CPMAD-INV-03,5,60.7319,6.330314,78.638,83.138,12.2000
2026-04-18,CPMAD-INV-03,6,0.0000,6.330314,,0.000,
2026-04-18,CPMAD-INV-03,7,60.6742,6.330314,78.563,83.059,12.2000
2026-04-18,CPMAD-INV-03,8,0.0000,6.330314,,0.000,
2026-04-18,CPMAD-INV-03,9,59.5420,6.330314,77.097,81.510,12.2000
2026-04-18,CPMAD-INV-03,10,0.0000,6.330314,,0.000,
2026-04-18,CPMAD-INV-03,11,56.0417,6.330314,72.565,76.718,10.9800
2026-04-18,CPMAD-INV-03,12,0.0000,6.330314,,0.000,
2026-04-18,CPMAD-INV-03,13,55.4990,6.330314,71.862,75.975,10.9800
2026-04-18,CPMAD-INV-03,14,0.0000,6.330314,,0.000,
2026-04-18,CPMAD-INV-03,15,54.7230,6.330314,70.857,74.913,10.9800
2026-04-18,CPMAD-INV-03,16,0.0000,6.330314,,0.000,
2026-04-18,CPMAD-INV-03,17,60.4045,6.330314,78.214,82.690,12.2000
2026-04-18,CPMAD-INV-03,18,0.0000,6.330314,,0.000,
2026-04-18,CPMAD-INV-03,19,61.4787,6.330314,79.605,84.161,12.2000
2026-04-18,CPMAD-INV-03,20,0.0000,6.330314,,0.000,
2026-04-18,CPMAD-INV-03,21,61.0768,6.330314,79.084,83.611,12.2000
2026-04-18,CPMAD-INV-03,22,0.0000,6.330314,,0.000,
2026-04-18,CPMAD-INV-03,23,60.7866,6.330314,78.709,83.213,12.2000
2026-04-18,CPMAD-INV-03,24,0.0000,6.330314,,0.000,
2026-04-18,CPMAD-INV-04.,1,62.0245,6.330314,80.312,84.908,9.7600
2026-04-18,CPMAD-INV-04.,2,0.0000,6.330314,0.000,0.000,9.7600
2026-04-18,CPMAD-INV-04.,3,59.6071,6.330314,77.181,81.599,9.7600
2026-04-18,CPMAD-INV-04.,4,0.0000,6.330314,0.000,0.000,9.7600
2026-04-18,CPMAD-INV-04.,5,62.7768,6.330314,81.286,85.938,8.5400
2026-04-18,CPMAD-INV-04.,6,0.0000,6.330314,,0.000,
2026-04-18,CPMAD-INV-04.,7,62.1931,6.330314,80.530,85.139,9.1500
2026-04-18,CPMAD-INV-04.,8,0.0000,6.330314,,0.000,
2026-04-18,CPMAD-INV-04.,9,61.4115,6.330314,79.518,84.069,9.1500
2026-04-18,CPMAD-INV-04.,10,0.0000,6.330314,,0.000,
2026-04-18,CPMAD-INV-04.,11,59.7487,6.330314,77.365,81.792,8.5400
2026-04-18,CPMAD-INV-04.,12,0.0000,6.330314,,0.000,
2026-04-18,CPMAD-INV-04.,13,60.7234,6.330314,78.627,83.127,8.5400
2026-04-18,CPMAD-INV-04.,14,0.0000,6.330314,,0.000,
2026-04-18,CPMAD-INV-04.,15,60.3166,6.330314,78.100,82.570,8.5400
2026-04-18,CPMAD-INV-04.,16,0.0000,6.330314,,0.000,
2026-04-18,CPMAD-INV-04.,17,60.5399,6.330314,78.389,82.876,9.7600
2026-04-18,CPMAD-INV-04.,18,0.0000,6.330314,,0.000,
2026-04-18,CPMAD-INV-04.,19,60.4472,6.330314,78.269,82.749,8.5400
2026-04-18,CPMAD-INV-04.,20,0.0000,6.330314,,0.000,
2026-04-18,CPMAD-INV-04.,21,61.2886,6.330314,79.359,83.901,9.1500
2026-04-18,CPMAD-INV-04.,22,0.0000,6.330314,,0.000,
2026-04-18,CPMAD-INV-04.,23,0.0000,6.330314,0.000,0.000,9.1500
2026-04-18,CPMAD-INV-04.,24,0.0000,6.330314,,0.000,
2026-04-18,CPMAD-INV-05.,1,61.2049,6.330314,79.250,83.786,12.2000
2026-04-18,CPMAD-INV-05.,2,0.0000,6.330314,0.000,0.000,
2026-04-18,CPMAD-INV-05.,3,61.8666,6.330314,80.107,84.692,12.2000
2026-04-18,CPMAD-INV-05.,4,0.0000,6.330314,0.000,0.000,
2026-04-18,CPMAD-INV-05.,5,61.3498,6.330314,79.438,83.984,12.2000
2026-04-18,CPMAD-INV-05.,6,0.0000,6.330314,,0.000,
2026-04-18,CPMAD-INV-05.,7,56.1473,6.330314,72.702,76.862,12.2000
2026-04-18,CPMAD-INV-05.,8,0.0000,6.330314,,0.000,
2026-04-18,CPMAD-INV-05.,9,56.2304,6.330314,72.809,76.976,12.2000
2026-04-18,CPMAD-INV-05.,10,0.0000,6.330314,,0.000,
2026-04-18,CPMAD-INV-05.,11,57.6334,6.330314,74.626,78.897,12.2000
2026-04-18,CPMAD-INV-05.,12,0.0000,6.330314,,0.000,
2026-04-18,CPMAD-INV-05.,13,60.5015,6.330314,78.340,82.823,12.2000
2026-04-18,CPMAD-INV-05.,14,0.0000,6.330314,,0.000,
2026-04-18,CPMAD-INV-05.,15,62.3132,6.330314,80.685,85.303,12.2000
2026-04-18,CPMAD-INV-05.,16,0.0000,6.330314,,0.000,
2026-04-18,CPMAD-INV-05.,17,61.1993,6.330314,79.243,83.778,12.2000
2026-04-18,CPMAD-INV-05.,18,0.0000,6.330314,,0.000,
2026-04-18,CPMAD-INV-05.,19,61.6487,6.330314,79.825,84.393,12.2000
2026-04-18,CPMAD-INV-05.,20,0.0000,6.330314,,0.000,
2026-04-18,CPMAD-INV-05.,21,61.8901,6.330314,80.138,84.724,12.2000
2026-04-18,CPMAD-INV-05.,22,0.0000,6.330314,,0.000,
2026-04-18,CPMAD-INV-05.,23,60.7393,6.330314,78.648,83.149,
2026-04-18,CPMAD-INV-05.,24,0.0000,6.330314,,0.000,
2026-04-18,CPMAD-INV-06,1,60.2493,6.330314,78.013,82.478,12.2000
2026-04-18,CPMAD-INV-06,2,0.0000,6.330314,0.000,0.000,
2026-04-18,CPMAD-INV-06,3,61.9269,6.330314,80.185,84.774,12.2000
2026-04-18,CPMAD-INV-06,4,0.0000,6.330314,0.000,0.000,
2026-04-18,CPMAD-INV-06,5,59.5281,6.330314,77.079,81.491,12.2000
2026-04-18,CPMAD-INV-06,6,0.0000,6.330314,,0.000,
2026-04-18,CPMAD-INV-06,7,56.0708,6.330314,72.603,76.758,12.2000
2026-04-18,CPMAD-INV-06,8,0.0000,6.330314,,0.000,
2026-04-18,CPMAD-INV-06,9,60.5913,6.330314,78.456,82.946,12.2000
2026-04-18,CPMAD-INV-06,10,0.0000,6.330314,,0.000,
2026-04-18,CPMAD-INV-06,11,61.4564,6.330314,79.576,84.130,12.2000
2026-04-18,CPMAD-INV-06,12,0.0000,6.330314,,0.000,
2026-04-18,CPMAD-INV-06,13,59.9238,6.330314,77.591,82.032,12.2000
2026-04-18,CPMAD-INV-06,14,0.0000,6.330314,,0.000,
2026-04-18,CPMAD-INV-06,15,61.2390,6.330314,79.295,83.833,12.2000
2026-04-18,CPMAD-INV-06,16,0.0000,6.330314,,0.000,
2026-04-18,CPMAD-INV-06,17,58.3861,6.330314,75.600,79.927,12.2000
2026-04-18,CPMAD-INV-06,18,0.0000,6.330314,,0.000,
2026-04-18,CPMAD-INV-06,19,61.6507,6.330314,79.828,84.396,12.2000
2026-04-18,CPMAD-INV-06,20,0.0000,6.330314,,0.000,
2026-04-18,CPMAD-INV-06,21,61.7014,6.330314,79.893,84.466,12.2000
2026-04-18,CPMAD-INV-06,22,0.0000,6.330314,,0.000,
2026-04-18,CPMAD-INV-06,23,0.0000,6.330314,0.000,0.000,
2026-04-18,CPMAD-INV-06,24,0.0000,6.330314,,0.000,
2026-04-18,CPMAD-INV-07.,1,61.3385,6.330314,79.423,83.969,12.2000
2026-04-18,CPMAD-INV-07.,2,0.0000,6.330314,0.000,0.000,
2026-04-18,CPMAD-INV-07.,3,62.4030,6.330314,80.802,85.426,12.2000
2026-04-18,CPMAD-INV-07.,4,0.0000,6.330314,0.000,0.000,
2026-04-18,CPMAD-INV-07.,5,61.3111,6.330314,79.388,83.931,12.2000
2026-04-18,CPMAD-INV-07.,6,0.0000,6.330314,,0.000,
2026-04-18,CPMAD-INV-07.,7,61.3094,6.330314,79.386,83.929,12.2000
2026-04-18,CPMAD-INV-07.,8,0.0000,6.330314,,0.000,
2026-04-18,CPMAD-INV-07.,9,62.0663,6.330314,80.366,84.965,12.2000
2026-04-18,CPMAD-INV-07.,10,0.0000,6.330314,,0.000,
2026-04-18,CPMAD-INV-07.,11,61.2755,6.330314,79.342,83.883,12.2000
2026-04-18,CPMAD-INV-07.,12,0.0000,6.330314,,0.000,
2026-04-18,CPMAD-INV-07.,13,61.5921,6.330314,79.752,84.316,12.2000
2026-04-18,CPMAD-INV-07.,14,0.0000,6.330314,,0.000,
2026-04-18,CPMAD-INV-07.,15,61.9091,6.330314,80.162,84.750,12.2000
2026-04-18,CPMAD-INV-07.,16,0.0000,6.330314,,0.000,
2026-04-18,CPMAD-INV-07.,17,60.9155,6.330314,78.876,83.390,12.2000
2026-04-18,CPMAD-INV-07.,18,0.0000,6.330314,,0.000,
2026-04-18,CPMAD-INV-07.,19,60.2761,6.330314,78.048,82.515,12.2000
2026-04-18,CPMAD-INV-07.,20,0.0000,6.330314,,0.000,
2026-04-18,CPMAD-INV-07.,21,61.5470,6.330314,79.693,84.254,12.2000
2026-04-18,CPMAD-INV-07.,22,0.0000,6.330314,,0.000,
2026-04-18,CPMAD-INV-07.,23,60.8829,6.330314,78.833,83.345,
2026-04-18,CPMAD-INV-07.,24,0.0000,6.330314,,0.000,
2026-04-19,CPMAD-INV-01.,1,57.8778,6.173723,76.843,81.258,12.2000
2026-04-19,CPMAD-INV-01.,2,0.0000,6.173723,0.000,0.000,
2026-04-19,CPMAD-INV-01.,3,56.2477,6.173723,74.679,78.969,12.2000
2026-04-19,CPMAD-INV-01.,4,0.0000,6.173723,0.000,0.000,
2026-04-19,CPMAD-INV-01.,5,57.6197,6.173723,76.500,80.895,12.2000
2026-04-19,CPMAD-INV-01.,6,0.0000,6.173723,,0.000,
2026-04-19,CPMAD-INV-01.,7,58.1858,6.173723,77.252,81.690,12.2000
2026-04-19,CPMAD-INV-01.,8,0.0000,6.173723,,0.000,
2026-04-19,CPMAD-INV-01.,9,57.9470,6.173723,76.935,81.355,12.2000
2026-04-19,CPMAD-INV-01.,10,0.0000,6.173723,,0.000,
2026-04-19,CPMAD-INV-01.,11,58.8421,6.173723,78.123,82.612,12.2000
2026-04-19,CPMAD-INV-01.,12,0.0000,6.173723,,0.000,
2026-04-19,CPMAD-INV-01.,13,58.0037,6.173723,77.010,81.434,12.2000
2026-04-19,CPMAD-INV-01.,14,0.0000,6.173723,,0.000,
2026-04-19,CPMAD-INV-01.,15,58.8076,6.173723,78.078,82.563,12.2000
2026-04-19,CPMAD-INV-01.,16,0.0000,6.173723,,0.000,
2026-04-19,CPMAD-INV-01.,17,59.2281,6.173723,78.636,83.154,12.2000
2026-04-19,CPMAD-INV-01.,18,0.0000,6.173723,,0.000,
2026-04-19,CPMAD-INV-01.,19,58.7439,6.173723,77.993,82.474,12.2000
2026-04-19,CPMAD-INV-01.,20,0.0000,6.173723,,0.000,
2026-04-19,CPMAD-INV-01.,21,58.4823,6.173723,77.646,82.106,12.2000
2026-04-19,CPMAD-INV-01.,22,0.0000,6.173723,,0.000,
2026-04-19,CPMAD-INV-01.,23,0.0000,6.173723,0.000,0.000,12.2000
2026-04-19,CPMAD-INV-01.,24,0.0000,6.173723,,0.000,
2026-04-19,CPMAD-INV-02.,1,46.7066,6.173723,62.011,65.574,12.2000
2026-04-19,CPMAD-INV-02.,2,46.0451,6.173723,76.416,80.806,
2026-04-19,CPMAD-INV-02.,3,47.5105,6.173723,63.079,66.703,12.2000
2026-04-19,CPMAD-INV-02.,4,47.0566,6.173723,78.095,82.582,
2026-04-19,CPMAD-INV-02.,5,40.4090,6.173723,53.650,56.732,12.2000
2026-04-19,CPMAD-INV-02.,6,0.0000,6.173723,,0.000,
2026-04-19,CPMAD-INV-02.,7,44.2667,6.173723,58.772,62.148,12.2000
2026-04-19,CPMAD-INV-02.,8,0.0000,6.173723,,0.000,
2026-04-19,CPMAD-INV-02.,9,44.0380,6.173723,58.468,61.827,12.2000
2026-04-19,CPMAD-INV-02.,10,0.0000,6.173723,,0.000,
2026-04-19,CPMAD-INV-02.,11,41.3554,6.173723,54.907,58.061,12.2000
2026-04-19,CPMAD-INV-02.,12,0.0000,6.173723,,0.000,
2026-04-19,CPMAD-INV-02.,13,41.2628,6.173723,54.784,57.931,12.2000
2026-04-19,CPMAD-INV-02.,14,0.0000,6.173723,,0.000,
2026-04-19,CPMAD-INV-02.,15,39.6837,6.173723,52.687,55.714,12.2000
2026-04-19,CPMAD-INV-02.,16,0.0000,6.173723,,0.000,
2026-04-19,CPMAD-INV-02.,17,47.5894,6.173723,63.183,66.813,12.2000
2026-04-19,CPMAD-INV-02.,18,0.0000,6.173723,,0.000,
2026-04-19,CPMAD-INV-02.,19,40.1433,6.173723,53.297,56.359,12.2000
2026-04-19,CPMAD-INV-02.,20,0.0000,6.173723,,0.000,
2026-04-19,CPMAD-INV-02.,21,44.5852,6.173723,59.195,62.596,12.2000
2026-04-19,CPMAD-INV-02.,22,0.0000,6.173723,,0.000,
2026-04-19,CPMAD-INV-02.,23,44.7377,6.173723,59.397,62.810,12.2000
2026-04-19,CPMAD-INV-02.,24,0.0000,6.173723,,0.000,
2026-04-19,CPMAD-INV-03,1,58.7275,6.173723,77.971,82.451,12.2000
2026-04-19,CPMAD-INV-03,2,0.0000,6.173723,0.000,0.000,
2026-04-19,CPMAD-INV-03,3,58.7158,6.173723,77.956,82.434,12.2000
2026-04-19,CPMAD-INV-03,4,0.0000,6.173723,0.000,0.000,
2026-04-19,CPMAD-INV-03,5,58.8050,6.173723,78.074,82.559,12.2000
2026-04-19,CPMAD-INV-03,6,0.0000,6.173723,,0.000,
2026-04-19,CPMAD-INV-03,7,58.6265,6.173723,77.837,82.309,12.2000
2026-04-19,CPMAD-INV-03,8,0.0000,6.173723,,0.000,
2026-04-19,CPMAD-INV-03,9,57.8411,6.173723,76.794,81.206,12.2000
2026-04-19,CPMAD-INV-03,10,0.0000,6.173723,,0.000,
2026-04-19,CPMAD-INV-03,11,53.4320,6.173723,70.941,75.016,10.9800
2026-04-19,CPMAD-INV-03,12,0.0000,6.173723,,0.000,
2026-04-19,CPMAD-INV-03,13,52.2788,6.173723,69.409,73.397,10.9800
2026-04-19,CPMAD-INV-03,14,0.0000,6.173723,,0.000,
2026-04-19,CPMAD-INV-03,15,52.3396,6.173723,69.490,73.482,10.9800
2026-04-19,CPMAD-INV-03,16,0.0000,6.173723,,0.000,
2026-04-19,CPMAD-INV-03,17,58.1471,6.173723,77.201,81.636,12.2000
2026-04-19,CPMAD-INV-03,18,0.0000,6.173723,,0.000,
2026-04-19,CPMAD-INV-03,19,59.6870,6.173723,79.245,83.798,12.2000
2026-04-19,CPMAD-INV-03,20,0.0000,6.173723,,0.000,
2026-04-19,CPMAD-INV-03,21,58.4846,6.173723,77.649,82.110,12.2000
2026-04-19,CPMAD-INV-03,22,0.0000,6.173723,,0.000,
2026-04-19,CPMAD-INV-03,23,58.9684,6.173723,78.291,82.789,12.2000
2026-04-19,CPMAD-INV-03,24,0.0000,6.173723,,0.000,
2026-04-19,CPMAD-INV-04.,1,59.4510,6.173723,78.932,83.466,9.7600
2026-04-19,CPMAD-INV-04.,2,0.0000,6.173723,0.000,0.000,9.7600
2026-04-19,CPMAD-INV-04.,3,56.5103,6.173723,75.027,79.338,9.7600
2026-04-19,CPMAD-INV-04.,4,0.0000,6.173723,0.000,0.000,9.7600
2026-04-19,CPMAD-INV-04.,5,59.8697,6.173723,79.488,84.054,8.5400
2026-04-19,CPMAD-INV-04.,6,0.0000,6.173723,,0.000,
2026-04-19,CPMAD-INV-04.,7,59.3262,6.173723,78.766,83.291,9.1500
2026-04-19,CPMAD-INV-04.,8,0.0000,6.173723,,0.000,
2026-04-19,CPMAD-INV-04.,9,58.7569,6.173723,78.010,82.492,9.1500
2026-04-19,CPMAD-INV-04.,10,0.0000,6.173723,,0.000,
2026-04-19,CPMAD-INV-04.,11,57.3624,6.173723,76.159,80.534,8.5400
2026-04-19,CPMAD-INV-04.,12,0.0000,6.173723,,0.000,
2026-04-19,CPMAD-INV-04.,13,58.4002,6.173723,77.537,81.991,8.5400
2026-04-19,CPMAD-INV-04.,14,0.0000,6.173723,,0.000,
2026-04-19,CPMAD-INV-04.,15,58.2226,6.173723,77.301,81.742,8.5400
2026-04-19,CPMAD-INV-04.,16,0.0000,6.173723,,0.000,
2026-04-19,CPMAD-INV-04.,17,58.4891,6.173723,77.655,82.116,9.7600
2026-04-19,CPMAD-INV-04.,18,0.0000,6.173723,,0.000,
2026-04-19,CPMAD-INV-04.,19,58.4095,6.173723,77.549,82.004,8.5400
2026-04-19,CPMAD-INV-04.,20,0.0000,6.173723,,0.000,
2026-04-19,CPMAD-INV-04.,21,59.2534,6.173723,78.670,83.189,9.1500
2026-04-19,CPMAD-INV-04.,22,0.0000,6.173723,,0.000,
2026-04-19,CPMAD-INV-04.,23,0.0000,6.173723,0.000,0.000,9.1500
2026-04-19,CPMAD-INV-04.,24,0.0000,6.173723,,0.000,
2026-04-19,CPMAD-INV-05.,1,59.4258,6.173723,78.898,83.431,12.2000
2026-04-19,CPMAD-INV-05.,2,0.0000,6.173723,0.000,0.000,
2026-04-19,CPMAD-INV-05.,3,60.4524,6.173723,80.261,84.872,12.2000
2026-04-19,CPMAD-INV-05.,4,0.0000,6.173723,0.000,0.000,
2026-04-19,CPMAD-INV-05.,5,59.7732,6.173723,79.360,83.919,12.2000
2026-04-19,CPMAD-INV-05.,6,0.0000,6.173723,,0.000,
2026-04-19,CPMAD-INV-05.,7,54.3483,6.173723,72.157,76.302,12.2000
2026-04-19,CPMAD-INV-05.,8,0.0000,6.173723,,0.000,
2026-04-19,CPMAD-INV-05.,9,54.4270,6.173723,72.262,76.413,12.2000
2026-04-19,CPMAD-INV-05.,10,0.0000,6.173723,,0.000,
2026-04-19,CPMAD-INV-05.,11,55.5205,6.173723,73.713,77.948,12.2000
2026-04-19,CPMAD-INV-05.,12,0.0000,6.173723,,0.000,
2026-04-19,CPMAD-INV-05.,13,58.9776,6.173723,78.303,82.802,12.2000
2026-04-19,CPMAD-INV-05.,14,0.0000,6.173723,,0.000,
2026-04-19,CPMAD-INV-05.,15,60.7673,6.173723,80.679,85.314,12.2000
2026-04-19,CPMAD-INV-05.,16,0.0000,6.173723,,0.000,
2026-04-19,CPMAD-INV-05.,17,59.2854,6.173723,78.712,83.234,12.2000
2026-04-19,CPMAD-INV-05.,18,0.0000,6.173723,,0.000,
2026-04-19,CPMAD-INV-05.,19,60.1693,6.173723,79.886,84.475,12.2000
2026-04-19,CPMAD-INV-05.,20,0.0000,6.173723,,0.000,
2026-04-19,CPMAD-INV-05.,21,60.0573,6.173723,79.737,84.318,12.2000
2026-04-19,CPMAD-INV-05.,22,0.0000,6.173723,,0.000,
2026-04-19,CPMAD-INV-05.,23,59.2315,6.173723,78.640,83.158,
2026-04-19,CPMAD-INV-05.,24,0.0000,6.173723,,0.000,
2026-04-19,CPMAD-INV-06,1,58.8065,6.173723,78.076,82.562,12.2000
2026-04-19,CPMAD-INV-06,2,0.0000,6.173723,0.000,0.000,
2026-04-19,CPMAD-INV-06,3,60.4723,6.173723,80.288,84.900,12.2000
2026-04-19,CPMAD-INV-06,4,0.0000,6.173723,0.000,0.000,
2026-04-19,CPMAD-INV-06,5,58.2950,6.173723,77.397,81.843,12.2000
2026-04-19,CPMAD-INV-06,6,0.0000,6.173723,,0.000,
2026-04-19,CPMAD-INV-06,7,55.8348,6.173723,74.131,78.389,12.2000
2026-04-19,CPMAD-INV-06,8,0.0000,6.173723,,0.000,
2026-04-19,CPMAD-INV-06,9,58.9398,6.173723,78.253,82.749,12.2000
2026-04-19,CPMAD-INV-06,10,0.0000,6.173723,,0.000,
2026-04-19,CPMAD-INV-06,11,60.4714,6.173723,80.287,84.899,12.2000
2026-04-19,CPMAD-INV-06,12,0.0000,6.173723,,0.000,
2026-04-19,CPMAD-INV-06,13,58.2737,6.173723,77.369,81.814,12.2000
2026-04-19,CPMAD-INV-06,14,0.0000,6.173723,,0.000,
2026-04-19,CPMAD-INV-06,15,59.5006,6.173723,78.998,83.536,12.2000
2026-04-19,CPMAD-INV-06,16,0.0000,6.173723,,0.000,
2026-04-19,CPMAD-INV-06,17,57.7370,6.173723,76.656,81.060,12.2000
2026-04-19,CPMAD-INV-06,18,0.0000,6.173723,,0.000,
2026-04-19,CPMAD-INV-06,19,60.2198,6.173723,79.953,84.546,12.2000
2026-04-19,CPMAD-INV-06,20,0.0000,6.173723,,0.000,
2026-04-19,CPMAD-INV-06,21,59.9849,6.173723,79.641,84.216,12.2000
2026-04-19,CPMAD-INV-06,22,0.0000,6.173723,,0.000,
2026-04-19,CPMAD-INV-06,23,0.0000,6.173723,0.000,0.000,
2026-04-19,CPMAD-INV-06,24,0.0000,6.173723,,0.000,
2026-04-19,CPMAD-INV-07.,1,59.1655,6.173723,78.553,83.066,12.2000
2026-04-19,CPMAD-INV-07.,2,0.0000,6.173723,0.000,0.000,
2026-04-19,CPMAD-INV-07.,3,60.3838,6.173723,80.170,84.776,12.2000
2026-04-19,CPMAD-INV-07.,4,0.0000,6.173723,0.000,0.000,
2026-04-19,CPMAD-INV-07.,5,59.3155,6.173723,78.752,83.276,12.2000
2026-04-19,CPMAD-INV-07.,6,0.0000,6.173723,,0.000,
2026-04-19,CPMAD-INV-07.,7,59.4563,6.173723,78.939,83.474,12.2000
2026-04-19,CPMAD-INV-07.,8,0.0000,6.173723,,0.000,
2026-04-19,CPMAD-INV-07.,9,60.1492,6.173723,79.859,84.447,12.2000
2026-04-19,CPMAD-INV-07.,10,0.0000,6.173723,,0.000,
2026-04-19,CPMAD-INV-07.,11,59.3939,6.173723,78.856,83.386,12.2000
2026-04-19,CPMAD-INV-07.,12,0.0000,6.173723,,0.000,
2026-04-19,CPMAD-INV-07.,13,59.5722,6.173723,79.093,83.637,12.2000
2026-04-19,CPMAD-INV-07.,14,0.0000,6.173723,,0.000,
2026-04-19,CPMAD-INV-07.,15,60.1912,6.173723,79.915,84.506,12.2000
2026-04-19,CPMAD-INV-07.,16,0.0000,6.173723,,0.000,
2026-04-19,CPMAD-INV-07.,17,59.5431,6.173723,79.054,83.596,12.2000
2026-04-19,CPMAD-INV-07.,18,0.0000,6.173723,,0.000,
2026-04-19,CPMAD-INV-07.,19,58.8059,6.173723,78.075,82.561,12.2000
2026-04-19,CPMAD-INV-07.,20,0.0000,6.173723,,0.000,
2026-04-19,CPMAD-INV-07.,21,60.0635,6.173723,79.745,84.326,12.2000
2026-04-19,CPMAD-INV-07.,22,0.0000,6.173723,,0.000,
2026-04-19,CPMAD-INV-07.,23,59.4777,6.173723,78.967,83.504,
2026-04-19,CPMAD-INV-07.,24,0.0000,6.173723,,0.000,
2026-04-20,CPMAD-INV-01.,1,62.5742,6.490369,79.025,82.839,12.2000
2026-04-20,CPMAD-INV-01.,2,0.0000,6.490369,0.000,0.000,
2026-04-20,CPMAD-INV-01.,3,59.4166,6.490369,75.038,78.659,12.2000
2026-04-20,CPMAD-INV-01.,4,0.0000,6.490369,0.000,0.000,
2026-04-20,CPMAD-INV-01.,5,62.5698,6.490369,79.020,82.833,12.2000
2026-04-20,CPMAD-INV-01.,6,0.0000,6.490369,,0.000,
2026-04-20,CPMAD-INV-01.,7,62.7945,6.490369,79.303,83.130,12.2000
2026-04-20,CPMAD-INV-01.,8,0.0000,6.490369,,0.000,
2026-04-20,CPMAD-INV-01.,9,62.9967,6.490369,79.559,83.398,12.2000
2026-04-20,CPMAD-INV-01.,10,0.0000,6.490369,,0.000,
2026-04-20,CPMAD-INV-01.,11,63.4351,6.490369,80.112,83.978,12.2000
2026-04-20,CPMAD-INV-01.,12,0.0000,6.490369,,0.000,
2026-04-20,CPMAD-INV-01.,13,62.8937,6.490369,79.429,83.262,12.2000
2026-04-20,CPMAD-INV-01.,14,0.0000,6.490369,,0.000,
2026-04-20,CPMAD-INV-01.,15,63.1820,6.490369,79.793,83.643,12.2000
2026-04-20,CPMAD-INV-01.,16,0.0000,6.490369,,0.000,
2026-04-20,CPMAD-INV-01.,17,63.3308,6.490369,79.981,83.840,12.2000
2026-04-20,CPMAD-INV-01.,18,0.0000,6.490369,,0.000,
2026-04-20,CPMAD-INV-01.,19,62.9582,6.490369,79.510,83.347,12.2000
2026-04-20,CPMAD-INV-01.,20,0.0000,6.490369,,0.000,
2026-04-20,CPMAD-INV-01.,21,62.8941,6.490369,79.429,83.262,12.2000
2026-04-20,CPMAD-INV-01.,22,0.0000,6.490369,,0.000,
2026-04-20,CPMAD-INV-01.,23,0.0000,6.490369,0.000,0.000,12.2000
2026-04-20,CPMAD-INV-01.,24,0.0000,6.490369,,0.000,
2026-04-20,CPMAD-INV-02.,1,50.1684,6.490369,63.358,66.415,12.2000
2026-04-20,CPMAD-INV-02.,2,49.3691,6.490369,77.936,81.696,
2026-04-20,CPMAD-INV-02.,3,50.9448,6.490369,64.339,67.443,12.2000
2026-04-20,CPMAD-INV-02.,4,49.7985,6.490369,78.614,82.407,
2026-04-20,CPMAD-INV-02.,5,43.4802,6.490369,54.911,57.561,12.2000
2026-04-20,CPMAD-INV-02.,6,0.0000,6.490369,,0.000,
2026-04-20,CPMAD-INV-02.,7,46.8794,6.490369,59.204,62.061,12.2000
2026-04-20,CPMAD-INV-02.,8,0.0000,6.490369,,0.000,
2026-04-20,CPMAD-INV-02.,9,47.1198,6.490369,59.508,62.379,12.2000
2026-04-20,CPMAD-INV-02.,10,0.0000,6.490369,,0.000,
2026-04-20,CPMAD-INV-02.,11,44.4262,6.490369,56.106,58.814,12.2000
2026-04-20,CPMAD-INV-02.,12,0.0000,6.490369,,0.000,
2026-04-20,CPMAD-INV-02.,13,43.0964,6.490369,54.427,57.053,12.2000
2026-04-20,CPMAD-INV-02.,14,0.0000,6.490369,,0.000,
2026-04-20,CPMAD-INV-02.,15,41.4598,6.490369,52.360,54.887,12.2000
2026-04-20,CPMAD-INV-02.,16,0.0000,6.490369,,0.000,
2026-04-20,CPMAD-INV-02.,17,50.7711,6.490369,64.119,67.213,12.2000
2026-04-20,CPMAD-INV-02.,18,0.0000,6.490369,,0.000,
2026-04-20,CPMAD-INV-02.,19,42.7743,6.490369,54.020,56.627,12.2000
2026-04-20,CPMAD-INV-02.,20,0.0000,6.490369,,0.000,
2026-04-20,CPMAD-INV-02.,21,47.1496,6.490369,59.545,62.419,12.2000
2026-04-20,CPMAD-INV-02.,22,0.0000,6.490369,,0.000,
2026-04-20,CPMAD-INV-02.,23,47.3396,6.490369,59.785,62.670,12.2000
2026-04-20,CPMAD-INV-02.,24,0.0000,6.490369,,0.000,
2026-04-20,CPMAD-INV-03,1,62.7944,6.490369,79.303,83.130,12.2000
2026-04-20,CPMAD-INV-03,2,0.0000,6.490369,0.000,0.000,
2026-04-20,CPMAD-INV-03,3,62.8748,6.490369,79.405,83.237,12.2000
2026-04-20,CPMAD-INV-03,4,0.0000,6.490369,0.000,0.000,
2026-04-20,CPMAD-INV-03,5,62.9667,6.490369,79.521,83.358,12.2000
2026-04-20,CPMAD-INV-03,6,0.0000,6.490369,,0.000,
2026-04-20,CPMAD-INV-03,7,63.1034,6.490369,79.694,83.539,12.2000
2026-04-20,CPMAD-INV-03,8,0.0000,6.490369,,0.000,
2026-04-20,CPMAD-INV-03,9,61.0856,6.490369,77.145,80.868,12.2000
2026-04-20,CPMAD-INV-03,10,0.0000,6.490369,,0.000,
2026-04-20,CPMAD-INV-03,11,57.2725,6.490369,72.330,75.820,10.9800
2026-04-20,CPMAD-INV-03,12,0.0000,6.490369,,0.000,
2026-04-20,CPMAD-INV-03,13,56.8116,6.490369,71.748,75.210,10.9800
2026-04-20,CPMAD-INV-03,14,0.0000,6.490369,,0.000,
2026-04-20,CPMAD-INV-03,15,56.7164,6.490369,71.627,75.084,10.9800
2026-04-20,CPMAD-INV-03,16,0.0000,6.490369,,0.000,
2026-04-20,CPMAD-INV-03,17,62.4382,6.490369,78.854,82.659,12.2000
2026-04-20,CPMAD-INV-03,18,0.0000,6.490369,,0.000,
2026-04-20,CPMAD-INV-03,19,63.9420,6.490369,80.753,84.650,12.2000
2026-04-20,CPMAD-INV-03,20,0.0000,6.490369,,0.000,
2026-04-20,CPMAD-INV-03,21,62.6871,6.490369,79.168,82.988,12.2000
2026-04-20,CPMAD-INV-03,22,0.0000,6.490369,,0.000,
2026-04-20,CPMAD-INV-03,23,62.4915,6.490369,78.921,82.729,12.2000
2026-04-20,CPMAD-INV-03,24,0.0000,6.490369,,0.000,
2026-04-20,CPMAD-INV-04.,1,63.0299,6.490369,79.601,83.442,9.7600
2026-04-20,CPMAD-INV-04.,2,0.0000,6.490369,0.000,0.000,9.7600
2026-04-20,CPMAD-INV-04.,3,60.8268,6.490369,76.818,80.525,9.7600
2026-04-20,CPMAD-INV-04.,4,0.0000,6.490369,0.000,0.000,9.7600
2026-04-20,CPMAD-INV-04.,5,64.1786,6.490369,81.052,84.963,8.5400
2026-04-20,CPMAD-INV-04.,6,0.0000,6.490369,,0.000,
2026-04-20,CPMAD-INV-04.,7,63.9891,6.490369,80.812,84.712,9.1500
2026-04-20,CPMAD-INV-04.,8,0.0000,6.490369,,0.000,
2026-04-20,CPMAD-INV-04.,9,63.3765,6.490369,80.039,83.901,9.1500
2026-04-20,CPMAD-INV-04.,10,0.0000,6.490369,,0.000,
2026-04-20,CPMAD-INV-04.,11,61.6838,6.490369,77.901,81.660,8.5400
2026-04-20,CPMAD-INV-04.,12,0.0000,6.490369,,0.000,
2026-04-20,CPMAD-INV-04.,13,62.6743,6.490369,79.152,82.971,8.5400
2026-04-20,CPMAD-INV-04.,14,0.0000,6.490369,,0.000,
2026-04-20,CPMAD-INV-04.,15,62.3201,6.490369,78.704,82.502,8.5400
2026-04-20,CPMAD-INV-04.,16,0.0000,6.490369,,0.000,
2026-04-20,CPMAD-INV-04.,17,62.6723,6.490369,79.149,82.969,9.7600
2026-04-20,CPMAD-INV-04.,18,0.0000,6.490369,,0.000,
2026-04-20,CPMAD-INV-04.,19,62.3841,6.490369,78.785,82.587,8.5400
2026-04-20,CPMAD-INV-04.,20,0.0000,6.490369,,0.000,
2026-04-20,CPMAD-INV-04.,21,63.1164,6.490369,79.710,83.556,9.1500
2026-04-20,CPMAD-INV-04.,22,0.0000,6.490369,,0.000,
2026-04-20,CPMAD-INV-04.,23,0.0000,6.490369,0.000,0.000,9.1500
2026-04-20,CPMAD-INV-04.,24,0.0000,6.490369,,0.000,
2026-04-20,CPMAD-INV-05.,1,63.3983,6.490369,80.066,83.930,12.2000
2026-04-20,CPMAD-INV-05.,2,0.0000,6.490369,0.000,0.000,
2026-04-20,CPMAD-INV-05.,3,64.3756,6.490369,81.300,85.223,12.2000
2026-04-20,CPMAD-INV-05.,4,0.0000,6.490369,0.000,0.000,
2026-04-20,CPMAD-INV-05.,5,63.7917,6.490369,80.563,84.451,12.2000
2026-04-20,CPMAD-INV-05.,6,0.0000,6.490369,,0.000,
2026-04-20,CPMAD-INV-05.,7,58.3928,6.490369,73.745,77.303,12.2000
2026-04-20,CPMAD-INV-05.,8,0.0000,6.490369,,0.000,
2026-04-20,CPMAD-INV-05.,9,57.7140,6.490369,72.887,76.405,12.2000
2026-04-20,CPMAD-INV-05.,10,0.0000,6.490369,,0.000,
2026-04-20,CPMAD-INV-05.,11,59.4661,6.490369,75.100,78.724,12.2000
2026-04-20,CPMAD-INV-05.,12,0.0000,6.490369,,0.000,
2026-04-20,CPMAD-INV-05.,13,63.5131,6.490369,80.211,84.082,12.2000
2026-04-20,CPMAD-INV-05.,14,0.0000,6.490369,,0.000,
2026-04-20,CPMAD-INV-05.,15,65.3322,6.490369,82.508,86.490,12.2000
2026-04-20,CPMAD-INV-05.,16,0.0000,6.490369,,0.000,
2026-04-20,CPMAD-INV-05.,17,64.0463,6.490369,80.884,84.788,12.2000
2026-04-20,CPMAD-INV-05.,18,0.0000,6.490369,,0.000,
2026-04-20,CPMAD-INV-05.,19,63.6142,6.490369,80.339,84.216,12.2000
2026-04-20,CPMAD-INV-05.,20,0.0000,6.490369,,0.000,
2026-04-20,CPMAD-INV-05.,21,64.1670,6.490369,81.037,84.947,12.2000
2026-04-20,CPMAD-INV-05.,22,0.0000,6.490369,,0.000,
2026-04-20,CPMAD-INV-05.,23,63.5325,6.490369,80.235,84.107,
2026-04-20,CPMAD-INV-05.,24,0.0000,6.490369,,0.000,
2026-04-20,CPMAD-INV-06,1,62.5117,6.490369,78.946,82.756,12.2000
2026-04-20,CPMAD-INV-06,2,0.0000,6.490369,0.000,0.000,
2026-04-20,CPMAD-INV-06,3,64.3290,6.490369,81.241,85.162,12.2000
2026-04-20,CPMAD-INV-06,4,0.0000,6.490369,0.000,0.000,
2026-04-20,CPMAD-INV-06,5,61.8647,6.490369,78.129,81.899,12.2000
2026-04-20,CPMAD-INV-06,6,0.0000,6.490369,,0.000,
2026-04-20,CPMAD-INV-06,7,57.5782,6.490369,72.716,76.225,12.2000
2026-04-20,CPMAD-INV-06,8,0.0000,6.490369,,0.000,
2026-04-20,CPMAD-INV-06,9,62.9225,6.490369,79.465,83.300,12.2000
2026-04-20,CPMAD-INV-06,10,0.0000,6.490369,,0.000,
2026-04-20,CPMAD-INV-06,11,63.8594,6.490369,80.648,84.540,12.2000
2026-04-20,CPMAD-INV-06,12,0.0000,6.490369,,0.000,
2026-04-20,CPMAD-INV-06,13,62.3015,6.490369,78.681,82.478,12.2000
2026-04-20,CPMAD-INV-06,14,0.0000,6.490369,,0.000,
2026-04-20,CPMAD-INV-06,15,63.4397,6.490369,80.118,83.984,12.2000
2026-04-20,CPMAD-INV-06,16,0.0000,6.490369,,0.000,
2026-04-20,CPMAD-INV-06,17,59.1091,6.490369,74.649,78.251,12.2000
2026-04-20,CPMAD-INV-06,18,0.0000,6.490369,,0.000,
2026-04-20,CPMAD-INV-06,19,63.6167,6.490369,80.342,84.219,12.2000
2026-04-20,CPMAD-INV-06,20,0.0000,6.490369,,0.000,
2026-04-20,CPMAD-INV-06,21,63.4904,6.490369,80.182,84.052,12.2000
2026-04-20,CPMAD-INV-06,22,0.0000,6.490369,,0.000,
2026-04-20,CPMAD-INV-06,23,0.0000,6.490369,0.000,0.000,
2026-04-20,CPMAD-INV-06,24,0.0000,6.490369,,0.000,
2026-04-20,CPMAD-INV-07.,1,63.2764,6.490369,79.912,83.768,12.2000
2026-04-20,CPMAD-INV-07.,2,0.0000,6.490369,0.000,0.000,
2026-04-20,CPMAD-INV-07.,3,64.2703,6.490369,81.167,85.084,12.2000
2026-04-20,CPMAD-INV-07.,4,0.0000,6.490369,0.000,0.000,
2026-04-20,CPMAD-INV-07.,5,63.2021,6.490369,79.818,83.670,12.2000
2026-04-20,CPMAD-INV-07.,6,0.0000,6.490369,,0.000,
2026-04-20,CPMAD-INV-07.,7,63.1184,6.490369,79.713,83.559,12.2000
2026-04-20,CPMAD-INV-07.,8,0.0000,6.490369,,0.000,
2026-04-20,CPMAD-INV-07.,9,64.2064,6.490369,81.087,85.000,12.2000
2026-04-20,CPMAD-INV-07.,10,0.0000,6.490369,,0.000,
2026-04-20,CPMAD-INV-07.,11,63.2053,6.490369,79.822,83.674,12.2000
2026-04-20,CPMAD-INV-07.,12,0.0000,6.490369,,0.000,
2026-04-20,CPMAD-INV-07.,13,63.4244,6.490369,80.099,83.964,12.2000
2026-04-20,CPMAD-INV-07.,14,0.0000,6.490369,,0.000,
2026-04-20,CPMAD-INV-07.,15,63.9173,6.490369,80.722,84.617,12.2000
2026-04-20,CPMAD-INV-07.,16,0.0000,6.490369,,0.000,
2026-04-20,CPMAD-INV-07.,17,62.9121,6.490369,79.452,83.286,12.2000
2026-04-20,CPMAD-INV-07.,18,0.0000,6.490369,,0.000,
2026-04-20,CPMAD-INV-07.,19,62.1548,6.490369,78.496,82.284,12.2000
2026-04-20,CPMAD-INV-07.,20,0.0000,6.490369,,0.000,
2026-04-20,CPMAD-INV-07.,21,63.7313,6.490369,80.487,84.370,12.2000
2026-04-20,CPMAD-INV-07.,22,0.0000,6.490369,,0.000,
2026-04-20,CPMAD-INV-07.,23,62.6442,6.490369,79.114,82.931,
2026-04-20,CPMAD-INV-07.,24,0.0000,6.490369,,0.000,
2026-04-21,CPMAD-INV-01.,1,60.4248,6.166243,80.322,84.297,12.2000
2026-04-21,CPMAD-INV-01.,2,0.0000,6.166243,0.000,0.000,
2026-04-21,CPMAD-INV-01.,3,58.6860,6.166243,78.011,81.871,12.2000
2026-04-21,CPMAD-INV-01.,4,0.0000,6.166243,0.000,0.000,
2026-04-21,CPMAD-INV-01.,5,60.4960,6.166243,80.417,84.396,12.2000
2026-04-21,CPMAD-INV-01.,6,0.0000,6.166243,,0.000,
2026-04-21,CPMAD-INV-01.,7,60.5537,6.166243,80.493,84.476,12.2000
2026-04-21,CPMAD-INV-01.,8,0.0000,6.166243,,0.000,
2026-04-21,CPMAD-INV-01.,9,59.9595,6.166243,79.704,83.647,12.2000
2026-04-21,CPMAD-INV-01.,10,0.0000,6.166243,,0.000,
2026-04-21,CPMAD-INV-01.,11,60.6820,6.166243,80.664,84.655,12.2000
2026-04-21,CPMAD-INV-01.,12,0.0000,6.166243,,0.000,
2026-04-21,CPMAD-INV-01.,13,59.7524,6.166243,79.428,83.359,12.2000
2026-04-21,CPMAD-INV-01.,14,0.0000,6.166243,,0.000,
2026-04-21,CPMAD-INV-01.,15,60.3850,6.166243,80.269,84.241,12.2000
2026-04-21,CPMAD-INV-01.,16,0.0000,6.166243,,0.000,
2026-04-21,CPMAD-INV-01.,17,60.2918,6.166243,80.145,84.111,12.2000
2026-04-21,CPMAD-INV-01.,18,0.0000,6.166243,,0.000,
2026-04-21,CPMAD-INV-01.,19,59.7277,6.166243,79.395,83.324,12.2000
2026-04-21,CPMAD-INV-01.,20,0.0000,6.166243,,0.000,
2026-04-21,CPMAD-INV-01.,21,59.6005,6.166243,79.226,83.147,12.2000
2026-04-21,CPMAD-INV-01.,22,0.0000,6.166243,,0.000,
2026-04-21,CPMAD-INV-01.,23,0.0000,6.166243,0.000,0.000,12.2000
2026-04-21,CPMAD-INV-01.,24,0.0000,6.166243,,0.000,
2026-04-21,CPMAD-INV-02.,1,48.6301,6.166243,64.643,67.842,12.2000
2026-04-21,CPMAD-INV-02.,2,47.9300,6.166243,79.641,83.582,
2026-04-21,CPMAD-INV-02.,3,48.3333,6.166243,64.249,67.428,12.2000
2026-04-21,CPMAD-INV-02.,4,47.0800,6.166243,78.229,82.100,
2026-04-21,CPMAD-INV-02.,5,40.7538,6.166243,54.174,56.854,12.2000
2026-04-21,CPMAD-INV-02.,6,0.0000,6.166243,,0.000,
2026-04-21,CPMAD-INV-02.,7,44.6539,6.166243,59.358,62.295,12.2000
2026-04-21,CPMAD-INV-02.,8,0.0000,6.166243,,0.000,
2026-04-21,CPMAD-INV-02.,9,44.0499,6.166243,58.555,61.453,12.2000
2026-04-21,CPMAD-INV-02.,10,0.0000,6.166243,,0.000,
2026-04-21,CPMAD-INV-02.,11,41.3639,6.166243,54.985,57.705,12.2000
2026-04-21,CPMAD-INV-02.,12,0.0000,6.166243,,0.000,
2026-04-21,CPMAD-INV-02.,13,42.2041,6.166243,56.101,58.877,12.2000
2026-04-21,CPMAD-INV-02.,14,0.0000,6.166243,,0.000,
2026-04-21,CPMAD-INV-02.,15,39.6844,6.166243,52.752,55.362,12.2000
2026-04-21,CPMAD-INV-02.,16,0.0000,6.166243,,0.000,
2026-04-21,CPMAD-INV-02.,17,47.9543,6.166243,63.745,66.899,12.2000
2026-04-21,CPMAD-INV-02.,18,0.0000,6.166243,,0.000,
2026-04-21,CPMAD-INV-02.,19,40.5272,6.166243,53.872,56.538,12.2000
2026-04-21,CPMAD-INV-02.,20,0.0000,6.166243,,0.000,
2026-04-21,CPMAD-INV-02.,21,43.1712,6.166243,57.387,60.227,12.2000
2026-04-21,CPMAD-INV-02.,22,0.0000,6.166243,,0.000,
2026-04-21,CPMAD-INV-02.,23,43.1977,6.166243,57.422,60.264,12.2000
2026-04-21,CPMAD-INV-02.,24,0.0000,6.166243,,0.000,
2026-04-21,CPMAD-INV-03,1,59.5130,6.166243,79.110,83.025,12.2000
2026-04-21,CPMAD-INV-03,2,0.0000,6.166243,0.000,0.000,
2026-04-21,CPMAD-INV-03,3,59.6799,6.166243,79.332,83.257,12.2000
2026-04-21,CPMAD-INV-03,4,0.0000,6.166243,0.000,0.000,
2026-04-21,CPMAD-INV-03,5,60.1845,6.166243,80.003,83.961,12.2000
2026-04-21,CPMAD-INV-03,6,0.0000,6.166243,,0.000,
2026-04-21,CPMAD-INV-03,7,59.4120,6.166243,78.976,82.884,12.2000
2026-04-21,CPMAD-INV-03,8,0.0000,6.166243,,0.000,
2026-04-21,CPMAD-INV-03,9,59.3722,6.166243,78.923,82.828,12.2000
2026-04-21,CPMAD-INV-03,10,0.0000,6.166243,,0.000,
2026-04-21,CPMAD-INV-03,11,54.4942,6.166243,72.439,76.023,10.9800
2026-04-21,CPMAD-INV-03,12,0.0000,6.166243,,0.000,
2026-04-21,CPMAD-INV-03,13,53.9869,6.166243,71.764,75.315,10.9800
2026-04-21,CPMAD-INV-03,14,0.0000,6.166243,,0.000,
2026-04-21,CPMAD-INV-03,15,53.3617,6.166243,70.933,74.443,10.9800
2026-04-21,CPMAD-INV-03,16,0.0000,6.166243,,0.000,
2026-04-21,CPMAD-INV-03,17,60.0900,6.166243,79.877,83.830,12.2000
2026-04-21,CPMAD-INV-03,18,0.0000,6.166243,,0.000,
2026-04-21,CPMAD-INV-03,19,61.6378,6.166243,81.934,85.989,12.2000
2026-04-21,CPMAD-INV-03,20,0.0000,6.166243,,0.000,
2026-04-21,CPMAD-INV-03,21,58.9015,6.166243,78.297,82.171,12.2000
2026-04-21,CPMAD-INV-03,22,0.0000,6.166243,,0.000,
2026-04-21,CPMAD-INV-03,23,60.0659,6.166243,79.845,83.796,12.2000
2026-04-21,CPMAD-INV-03,24,0.0000,6.166243,,0.000,
2026-04-21,CPMAD-INV-04.,1,59.8917,6.166243,79.613,83.553,9.7600
2026-04-21,CPMAD-INV-04.,2,0.0000,6.166243,0.000,0.000,9.7600
2026-04-21,CPMAD-INV-04.,3,57.8686,6.166243,76.924,80.731,9.7600
2026-04-21,CPMAD-INV-04.,4,0.0000,6.166243,0.000,0.000,9.7600
2026-04-21,CPMAD-INV-04.,5,61.1570,6.166243,81.295,85.318,8.5400
2026-04-21,CPMAD-INV-04.,6,0.0000,6.166243,,0.000,
2026-04-21,CPMAD-INV-04.,7,60.3837,6.166243,80.267,84.239,9.1500
2026-04-21,CPMAD-INV-04.,8,0.0000,6.166243,,0.000,
2026-04-21,CPMAD-INV-04.,9,59.8192,6.166243,79.517,83.452,9.1500
2026-04-21,CPMAD-INV-04.,10,0.0000,6.166243,,0.000,
2026-04-21,CPMAD-INV-04.,11,58.2056,6.166243,77.372,81.201,8.5400
2026-04-21,CPMAD-INV-04.,12,0.0000,6.166243,,0.000,
2026-04-21,CPMAD-INV-04.,13,59.3358,6.166243,78.874,82.777,8.5400
2026-04-21,CPMAD-INV-04.,14,0.0000,6.166243,,0.000,
2026-04-21,CPMAD-INV-04.,15,59.0425,6.166243,78.485,82.368,8.5400
2026-04-21,CPMAD-INV-04.,16,0.0000,6.166243,,0.000,
2026-04-21,CPMAD-INV-04.,17,59.2375,6.166243,78.744,82.640,9.7600
2026-04-21,CPMAD-INV-04.,18,0.0000,6.166243,,0.000,
2026-04-21,CPMAD-INV-04.,19,58.9613,6.166243,78.377,82.255,8.5400
2026-04-21,CPMAD-INV-04.,20,0.0000,6.166243,,0.000,
2026-04-21,CPMAD-INV-04.,21,59.5575,6.166243,79.169,83.087,9.1500
2026-04-21,CPMAD-INV-04.,22,0.0000,6.166243,,0.000,
2026-04-21,CPMAD-INV-04.,23,0.0000,6.166243,0.000,0.000,9.1500
2026-04-21,CPMAD-INV-04.,24,0.0000,6.166243,,0.000,
2026-04-21,CPMAD-INV-05.,1,60.5838,6.166243,80.533,84.518,12.2000
2026-04-21,CPMAD-INV-05.,2,0.0000,6.166243,0.000,0.000,
2026-04-21,CPMAD-INV-05.,3,61.2985,6.166243,81.483,85.515,12.2000
2026-04-21,CPMAD-INV-05.,4,0.0000,6.166243,0.000,0.000,
2026-04-21,CPMAD-INV-05.,5,60.2558,6.166243,80.097,84.061,12.2000
2026-04-21,CPMAD-INV-05.,6,0.0000,6.166243,,0.000,
2026-04-21,CPMAD-INV-05.,7,54.2910,6.166243,72.168,75.740,12.2000
2026-04-21,CPMAD-INV-05.,8,0.0000,6.166243,,0.000,
2026-04-21,CPMAD-INV-05.,9,53.8855,6.166243,71.629,75.174,12.2000
2026-04-21,CPMAD-INV-05.,10,0.0000,6.166243,,0.000,
2026-04-21,CPMAD-INV-05.,11,55.3185,6.166243,73.534,77.173,12.2000
2026-04-21,CPMAD-INV-05.,12,0.0000,6.166243,,0.000,
2026-04-21,CPMAD-INV-05.,13,59.9698,6.166243,79.717,83.662,12.2000
2026-04-21,CPMAD-INV-05.,14,0.0000,6.166243,,0.000,
2026-04-21,CPMAD-INV-05.,15,61.3034,6.166243,81.490,85.522,12.2000
2026-04-21,CPMAD-INV-05.,16,0.0000,6.166243,,0.000,
2026-04-21,CPMAD-INV-05.,17,59.9231,6.166243,79.655,83.597,12.2000
2026-04-21,CPMAD-INV-05.,18,0.0000,6.166243,,0.000,
2026-04-21,CPMAD-INV-05.,19,60.6192,6.166243,80.580,84.568,12.2000
2026-04-21,CPMAD-INV-05.,20,0.0000,6.166243,,0.000,
2026-04-21,CPMAD-INV-05.,21,60.5840,6.166243,80.534,84.519,12.2000
2026-04-21,CPMAD-INV-05.,22,0.0000,6.166243,,0.000,
2026-04-21,CPMAD-INV-05.,23,59.6878,6.166243,79.342,83.268,
2026-04-21,CPMAD-INV-05.,24,0.0000,6.166243,,0.000,
2026-04-21,CPMAD-INV-06,1,59.1817,6.166243,78.670,82.562,12.2000
2026-04-21,CPMAD-INV-06,2,0.0000,6.166243,0.000,0.000,
2026-04-21,CPMAD-INV-06,3,60.7822,6.166243,80.797,84.795,12.2000
2026-04-21,CPMAD-INV-06,4,0.0000,6.166243,0.000,0.000,
2026-04-21,CPMAD-INV-06,5,58.1168,6.166243,77.254,81.077,12.2000
2026-04-21,CPMAD-INV-06,6,0.0000,6.166243,,0.000,
2026-04-21,CPMAD-INV-06,7,54.3807,6.166243,72.288,75.865,12.2000
2026-04-21,CPMAD-INV-06,8,0.0000,6.166243,,0.000,
2026-04-21,CPMAD-INV-06,9,59.1274,6.166243,78.597,82.487,12.2000
2026-04-21,CPMAD-INV-06,10,0.0000,6.166243,,0.000,
2026-04-21,CPMAD-INV-06,11,59.5467,6.166243,79.155,83.072,12.2000
2026-04-21,CPMAD-INV-06,12,0.0000,6.166243,,0.000,
2026-04-21,CPMAD-INV-06,13,57.9844,6.166243,77.078,80.892,12.2000
2026-04-21,CPMAD-INV-06,14,0.0000,6.166243,,0.000,
2026-04-21,CPMAD-INV-06,15,58.8724,6.166243,78.258,82.131,12.2000
2026-04-21,CPMAD-INV-06,16,0.0000,6.166243,,0.000,
2026-04-21,CPMAD-INV-06,17,55.9604,6.166243,74.388,78.068,12.2000
2026-04-21,CPMAD-INV-06,18,0.0000,6.166243,,0.000,
2026-04-21,CPMAD-INV-06,19,58.8532,6.166243,78.233,82.104,12.2000
2026-04-21,CPMAD-INV-06,20,0.0000,6.166243,,0.000,
2026-04-21,CPMAD-INV-06,21,58.2832,6.166243,77.475,81.309,12.2000
2026-04-21,CPMAD-INV-06,22,0.0000,6.166243,,0.000,
2026-04-21,CPMAD-INV-06,23,0.0000,6.166243,0.000,0.000,
2026-04-21,CPMAD-INV-06,24,0.0000,6.166243,,0.000,
2026-04-21,CPMAD-INV-07.,1,58.6517,6.166243,77.965,81.823,12.2000
2026-04-21,CPMAD-INV-07.,2,0.0000,6.166243,0.000,0.000,
2026-04-21,CPMAD-INV-07.,3,59.4565,6.166243,79.035,82.946,12.2000
2026-04-21,CPMAD-INV-07.,4,0.0000,6.166243,0.000,0.000,
2026-04-21,CPMAD-INV-07.,5,58.3076,6.166243,77.508,81.343,12.2000
2026-04-21,CPMAD-INV-07.,6,0.0000,6.166243,,0.000,
2026-04-21,CPMAD-INV-07.,7,58.4189,6.166243,77.656,81.498,12.2000
2026-04-21,CPMAD-INV-07.,8,0.0000,6.166243,,0.000,
2026-04-21,CPMAD-INV-07.,9,59.2279,6.166243,78.731,82.627,12.2000
2026-04-21,CPMAD-INV-07.,10,0.0000,6.166243,,0.000,
2026-04-21,CPMAD-INV-07.,11,58.4419,6.166243,77.686,81.530,12.2000
2026-04-21,CPMAD-INV-07.,12,0.0000,6.166243,,0.000,
2026-04-21,CPMAD-INV-07.,13,58.8039,6.166243,78.167,82.035,12.2000
2026-04-21,CPMAD-INV-07.,14,0.0000,6.166243,,0.000,
2026-04-21,CPMAD-INV-07.,15,59.2362,6.166243,78.742,82.638,12.2000
2026-04-21,CPMAD-INV-07.,16,0.0000,6.166243,,0.000,
2026-04-21,CPMAD-INV-07.,17,58.4890,6.166243,77.749,81.596,12.2000
2026-04-21,CPMAD-INV-07.,18,0.0000,6.166243,,0.000,
2026-04-21,CPMAD-INV-07.,19,57.4909,6.166243,76.422,80.204,12.2000
2026-04-21,CPMAD-INV-07.,20,0.0000,6.166243,,0.000,
2026-04-21,CPMAD-INV-07.,21,58.8509,6.166243,78.230,82.101,12.2000
2026-04-21,CPMAD-INV-07.,22,0.0000,6.166243,,0.000,
2026-04-21,CPMAD-INV-07.,23,57.9167,6.166243,76.988,80.798,
2026-04-21,CPMAD-INV-07.,24,0.0000,6.166243,,0.000,
2026-04-22,CPMAD-INV-01.,1,16.6340,1.568159,86.945,87.655,12.2000
2026-04-22,CPMAD-INV-01.,2,0.0000,1.568159,0.000,0.000,
2026-04-22,CPMAD-INV-01.,3,16.5381,1.568159,86.444,87.150,12.2000
2026-04-22,CPMAD-INV-01.,4,0.0000,1.568159,0.000,0.000,
2026-04-22,CPMAD-INV-01.,5,16.1943,1.568159,84.647,85.338,12.2000
2026-04-22,CPMAD-INV-01.,6,0.0000,1.568159,,0.000,
2026-04-22,CPMAD-INV-01.,7,16.6509,1.568159,87.034,87.744,12.2000
2026-04-22,CPMAD-INV-01.,8,0.0000,1.568159,,0.000,
2026-04-22,CPMAD-INV-01.,9,16.2213,1.568159,84.788,85.480,12.2000
2026-04-22,CPMAD-INV-01.,10,0.0000,1.568159,,0.000,
2026-04-22,CPMAD-INV-01.,11,16.9457,1.568159,88.575,89.298,12.2000
2026-04-22,CPMAD-INV-01.,12,0.0000,1.568159,,0.000,
2026-04-22,CPMAD-INV-01.,13,16.4093,1.568159,85.771,86.471,12.2000
2026-04-22,CPMAD-INV-01.,14,0.0000,1.568159,,0.000,
2026-04-22,CPMAD-INV-01.,15,16.3244,1.568159,85.327,86.024,12.2000
2026-04-22,CPMAD-INV-01.,16,0.0000,1.568159,,0.000,
2026-04-22,CPMAD-INV-01.,17,16.6666,1.568159,87.116,87.827,12.2000
2026-04-22,CPMAD-INV-01.,18,0.0000,1.568159,,0.000,
2026-04-22,CPMAD-INV-01.,19,16.3892,1.568159,85.666,86.365,12.2000
2026-04-22,CPMAD-INV-01.,20,0.0000,1.568159,,0.000,
2026-04-22,CPMAD-INV-01.,21,16.1651,1.568159,84.495,85.184,12.2000
2026-04-22,CPMAD-INV-01.,22,0.0000,1.568159,,0.000,
2026-04-22,CPMAD-INV-01.,23,0.0000,1.568159,0.000,0.000,12.2000
2026-04-22,CPMAD-INV-01.,24,0.0000,1.568159,,0.000,
2026-04-22,CPMAD-INV-02.,1,13.6329,1.568159,71.259,71.841,12.2000
2026-04-22,CPMAD-INV-02.,2,12.8761,1.568159,84.129,84.816,
2026-04-22,CPMAD-INV-02.,3,13.5480,1.568159,70.815,71.393,12.2000
2026-04-22,CPMAD-INV-02.,4,13.2893,1.568159,86.828,87.537,
2026-04-22,CPMAD-INV-02.,5,11.4334,1.568159,59.762,60.250,12.2000
2026-04-22,CPMAD-INV-02.,6,0.0000,1.568159,,0.000,
2026-04-22,CPMAD-INV-02.,7,13.0096,1.568159,68.001,68.556,12.2000
2026-04-22,CPMAD-INV-02.,8,0.0000,1.568159,,0.000,
2026-04-22,CPMAD-INV-02.,9,13.2230,1.568159,69.116,69.680,12.2000
2026-04-22,CPMAD-INV-02.,10,0.0000,1.568159,,0.000,
2026-04-22,CPMAD-INV-02.,11,11.9411,1.568159,62.416,62.925,12.2000
2026-04-22,CPMAD-INV-02.,12,0.0000,1.568159,,0.000,
2026-04-22,CPMAD-INV-02.,13,11.9472,1.568159,62.448,62.958,12.2000
2026-04-22,CPMAD-INV-02.,14,0.0000,1.568159,,0.000,
2026-04-22,CPMAD-INV-02.,15,11.3896,1.568159,59.533,60.019,12.2000
2026-04-22,CPMAD-INV-02.,16,0.0000,1.568159,,0.000,
2026-04-22,CPMAD-INV-02.,17,13.6327,1.568159,71.258,71.839,12.2000
2026-04-22,CPMAD-INV-02.,18,0.0000,1.568159,,0.000,
2026-04-22,CPMAD-INV-02.,19,11.5736,1.568159,60.495,60.989,12.2000
2026-04-22,CPMAD-INV-02.,20,0.0000,1.568159,,0.000,
2026-04-22,CPMAD-INV-02.,21,13.2403,1.568159,69.207,69.772,12.2000
2026-04-22,CPMAD-INV-02.,22,0.0000,1.568159,,0.000,
2026-04-22,CPMAD-INV-02.,23,13.6289,1.568159,71.238,71.820,12.2000
2026-04-22,CPMAD-INV-02.,24,0.0000,1.568159,,0.000,
2026-04-22,CPMAD-INV-03,1,16.3230,1.568159,85.320,86.017,12.2000
2026-04-22,CPMAD-INV-03,2,0.0000,1.568159,0.000,0.000,
2026-04-22,CPMAD-INV-03,3,16.6459,1.568159,87.007,87.718,12.2000
2026-04-22,CPMAD-INV-03,4,0.0000,1.568159,0.000,0.000,
2026-04-22,CPMAD-INV-03,5,16.5561,1.568159,86.538,87.245,12.2000
2026-04-22,CPMAD-INV-03,6,0.0000,1.568159,,0.000,
2026-04-22,CPMAD-INV-03,7,16.5793,1.568159,86.660,87.367,12.2000
2026-04-22,CPMAD-INV-03,8,0.0000,1.568159,,0.000,
2026-04-22,CPMAD-INV-03,9,16.4162,1.568159,85.807,86.508,12.2000
2026-04-22,CPMAD-INV-03,10,0.0000,1.568159,,0.000,
2026-04-22,CPMAD-INV-03,11,15.6552,1.568159,81.829,82.497,10.9800
2026-04-22,CPMAD-INV-03,12,0.0000,1.568159,,0.000,
2026-04-22,CPMAD-INV-03,13,15.7943,1.568159,82.557,83.231,10.9800
2026-04-22,CPMAD-INV-03,14,0.0000,1.568159,,0.000,
2026-04-22,CPMAD-INV-03,15,15.6778,1.568159,81.947,82.616,10.9800
2026-04-22,CPMAD-INV-03,16,0.0000,1.568159,,0.000,
2026-04-22,CPMAD-INV-03,17,16.4811,1.568159,86.146,86.849,12.2000
2026-04-22,CPMAD-INV-03,18,0.0000,1.568159,,0.000,
2026-04-22,CPMAD-INV-03,19,16.9002,1.568159,88.337,89.058,12.2000
2026-04-22,CPMAD-INV-03,20,0.0000,1.568159,,0.000,
2026-04-22,CPMAD-INV-03,21,17.5949,1.568159,91.968,92.719,12.2000
2026-04-22,CPMAD-INV-03,22,0.0000,1.568159,,0.000,
2026-04-22,CPMAD-INV-03,23,16.4868,1.568159,86.176,86.879,12.2000
2026-04-22,CPMAD-INV-03,24,0.0000,1.568159,,0.000,
2026-04-22,CPMAD-INV-04.,1,17.9734,1.568159,93.947,94.713,9.7600
2026-04-22,CPMAD-INV-04.,2,0.0000,1.568159,0.000,0.000,9.7600
2026-04-22,CPMAD-INV-04.,3,17.8676,1.568159,93.393,94.156,9.7600
2026-04-22,CPMAD-INV-04.,4,0.0000,1.568159,0.000,0.000,9.7600
2026-04-22,CPMAD-INV-04.,5,17.8195,1.568159,93.142,93.902,8.5400
2026-04-22,CPMAD-INV-04.,6,0.0000,1.568159,,0.000,
2026-04-22,CPMAD-INV-04.,7,17.8189,1.568159,93.139,93.899,9.1500
2026-04-22,CPMAD-INV-04.,8,0.0000,1.568159,,0.000,
2026-04-22,CPMAD-INV-04.,9,17.7505,1.568159,92.781,93.539,9.1500
2026-04-22,CPMAD-INV-04.,10,0.0000,1.568159,,0.000,
2026-04-22,CPMAD-INV-04.,11,17.2122,1.568159,89.968,90.702,8.5400
2026-04-22,CPMAD-INV-04.,12,0.0000,1.568159,,0.000,
2026-04-22,CPMAD-INV-04.,13,17.5963,1.568159,91.975,92.726,8.5400
2026-04-22,CPMAD-INV-04.,14,0.0000,1.568159,,0.000,
2026-04-22,CPMAD-INV-04.,15,17.5388,1.568159,91.675,92.423,8.5400
2026-04-22,CPMAD-INV-04.,16,0.0000,1.568159,,0.000,
2026-04-22,CPMAD-INV-04.,17,17.5334,1.568159,91.646,92.394,9.7600
2026-04-22,CPMAD-INV-04.,18,0.0000,1.568159,,0.000,
2026-04-22,CPMAD-INV-04.,19,17.4635,1.568159,91.281,92.027,8.5400
2026-04-22,CPMAD-INV-04.,20,0.0000,1.568159,,0.000,
2026-04-22,CPMAD-INV-04.,21,17.7338,1.568159,92.694,93.451,9.1500
2026-04-22,CPMAD-INV-04.,22,0.0000,1.568159,,0.000,
2026-04-22,CPMAD-INV-04.,23,0.0000,1.568159,0.000,0.000,9.1500
2026-04-22,CPMAD-INV-04.,24,0.0000,1.568159,,0.000,
2026-04-22,CPMAD-INV-05.,1,16.6040,1.568159,86.789,87.497,12.2000
2026-04-22,CPMAD-INV-05.,2,0.0000,1.568159,0.000,0.000,
2026-04-22,CPMAD-INV-05.,3,17.0810,1.568159,89.282,90.011,12.2000
2026-04-22,CPMAD-INV-05.,4,0.0000,1.568159,0.000,0.000,
2026-04-22,CPMAD-INV-05.,5,16.9581,1.568159,88.640,89.363,12.2000
2026-04-22,CPMAD-INV-05.,6,0.0000,1.568159,,0.000,
2026-04-22,CPMAD-INV-05.,7,15.2972,1.568159,79.958,80.611,12.2000
2026-04-22,CPMAD-INV-05.,8,0.0000,1.568159,,0.000,
2026-04-22,CPMAD-INV-05.,9,15.6474,1.568159,81.788,82.456,12.2000
2026-04-22,CPMAD-INV-05.,10,0.0000,1.568159,,0.000,
2026-04-22,CPMAD-INV-05.,11,15.8245,1.568159,82.714,83.390,12.2000
2026-04-22,CPMAD-INV-05.,12,0.0000,1.568159,,0.000,
2026-04-22,CPMAD-INV-05.,13,16.2569,1.568159,84.974,85.668,12.2000
2026-04-22,CPMAD-INV-05.,14,0.0000,1.568159,,0.000,
2026-04-22,CPMAD-INV-05.,15,17.0334,1.568159,89.033,89.760,12.2000
2026-04-22,CPMAD-INV-05.,16,0.0000,1.568159,,0.000,
2026-04-22,CPMAD-INV-05.,17,16.4014,1.568159,85.730,86.429,12.2000
2026-04-22,CPMAD-INV-05.,18,0.0000,1.568159,,0.000,
2026-04-22,CPMAD-INV-05.,19,16.7724,1.568159,87.669,88.384,12.2000
2026-04-22,CPMAD-INV-05.,20,0.0000,1.568159,,0.000,
2026-04-22,CPMAD-INV-05.,21,16.9683,1.568159,88.693,89.417,12.2000
2026-04-22,CPMAD-INV-05.,22,0.0000,1.568159,,0.000,
2026-04-22,CPMAD-INV-05.,23,16.3637,1.568159,85.533,86.231,
2026-04-22,CPMAD-INV-05.,24,0.0000,1.568159,,0.000,
2026-04-22,CPMAD-INV-06,1,16.3839,1.568159,85.638,86.337,12.2000
2026-04-22,CPMAD-INV-06,2,0.0000,1.568159,0.000,0.000,
2026-04-22,CPMAD-INV-06,3,17.0339,1.568159,89.036,89.762,12.2000
2026-04-22,CPMAD-INV-06,4,0.0000,1.568159,0.000,0.000,
2026-04-22,CPMAD-INV-06,5,16.4425,1.568159,85.945,86.646,12.2000
2026-04-22,CPMAD-INV-06,6,0.0000,1.568159,,0.000,
2026-04-22,CPMAD-INV-06,7,16.2901,1.568159,85.148,85.843,12.2000
2026-04-22,CPMAD-INV-06,8,0.0000,1.568159,,0.000,
2026-04-22,CPMAD-INV-06,9,16.2726,1.568159,85.056,85.751,12.2000
2026-04-22,CPMAD-INV-06,10,0.0000,1.568159,,0.000,
2026-04-22,CPMAD-INV-06,11,17.5724,1.568159,91.850,92.600,12.2000
2026-04-22,CPMAD-INV-06,12,0.0000,1.568159,,0.000,
2026-04-22,CPMAD-INV-06,13,16.9566,1.568159,88.631,89.355,12.2000
2026-04-22,CPMAD-INV-06,14,0.0000,1.568159,,0.000,
2026-04-22,CPMAD-INV-06,15,16.4039,1.568159,85.742,86.442,12.2000
2026-04-22,CPMAD-INV-06,16,0.0000,1.568159,,0.000,
2026-04-22,CPMAD-INV-06,17,17.7264,1.568159,92.655,93.412,12.2000
2026-04-22,CPMAD-INV-06,18,0.0000,1.568159,,0.000,
2026-04-22,CPMAD-INV-06,19,17.7091,1.568159,92.565,93.320,12.2000
2026-04-22,CPMAD-INV-06,20,0.0000,1.568159,,0.000,
2026-04-22,CPMAD-INV-06,21,17.9728,1.568159,93.943,94.710,12.2000
2026-04-22,CPMAD-INV-06,22,0.0000,1.568159,,0.000,
2026-04-22,CPMAD-INV-06,23,0.0000,1.568159,0.000,0.000,
2026-04-22,CPMAD-INV-06,24,0.0000,1.568159,,0.000,
2026-04-22,CPMAD-INV-07.,1,16.6159,1.568159,86.851,87.560,12.2000
2026-04-22,CPMAD-INV-07.,2,0.0000,1.568159,0.000,0.000,
2026-04-22,CPMAD-INV-07.,3,17.8668,1.568159,93.389,94.151,12.2000
2026-04-22,CPMAD-INV-07.,4,0.0000,1.568159,0.000,0.000,
2026-04-22,CPMAD-INV-07.,5,17.6207,1.568159,92.103,92.855,12.2000
2026-04-22,CPMAD-INV-07.,6,0.0000,1.568159,,0.000,
2026-04-22,CPMAD-INV-07.,7,17.7249,1.568159,92.648,93.404,12.2000
2026-04-22,CPMAD-INV-07.,8,0.0000,1.568159,,0.000,
2026-04-22,CPMAD-INV-07.,9,17.8526,1.568159,93.315,94.077,12.2000
2026-04-22,CPMAD-INV-07.,10,0.0000,1.568159,,0.000,
2026-04-22,CPMAD-INV-07.,11,17.5981,1.568159,91.985,92.736,12.2000
2026-04-22,CPMAD-INV-07.,12,0.0000,1.568159,,0.000,
2026-04-22,CPMAD-INV-07.,13,17.6687,1.568159,92.354,93.108,12.2000
2026-04-22,CPMAD-INV-07.,14,0.0000,1.568159,,0.000,
2026-04-22,CPMAD-INV-07.,15,17.6873,1.568159,92.451,93.206,12.2000
2026-04-22,CPMAD-INV-07.,16,0.0000,1.568159,,0.000,
2026-04-22,CPMAD-INV-07.,17,17.4792,1.568159,91.363,92.109,12.2000
2026-04-22,CPMAD-INV-07.,18,0.0000,1.568159,,0.000,
2026-04-22,CPMAD-INV-07.,19,16.7200,1.568159,87.395,88.108,12.2000
2026-04-22,CPMAD-INV-07.,20,0.0000,1.568159,,0.000,
2026-04-22,CPMAD-INV-07.,21,17.5600,1.568159,91.786,92.535,12.2000
2026-04-22,CPMAD-INV-07.,22,0.0000,1.568159,,0.000,
2026-04-22,CPMAD-INV-07.,23,17.4449,1.568159,91.184,91.928,
2026-04-22,CPMAD-INV-07.,24,0.0000,1.568159,,0.000,
2026-04-23,CPMAD-INV-01.,1,58.5063,6.486423,73.933,78.609,12.2000
2026-04-23,CPMAD-INV-01.,2,0.0000,6.486423,0.000,0.000,
2026-04-23,CPMAD-INV-01.,3,53.9767,6.486423,68.209,72.523,12.2000
2026-04-23,CPMAD-INV-01.,4,0.0000,6.486423,0.000,0.000,
2026-04-23,CPMAD-INV-01.,5,58.4290,6.486423,73.835,78.505,12.2000
2026-04-23,CPMAD-INV-01.,6,0.0000,6.486423,,0.000,
2026-04-23,CPMAD-INV-01.,7,58.8762,6.486423,74.400,79.106,12.2000
2026-04-23,CPMAD-INV-01.,8,0.0000,6.486423,,0.000,
2026-04-23,CPMAD-INV-01.,9,58.9656,6.486423,74.513,79.227,12.2000
2026-04-23,CPMAD-INV-01.,10,0.0000,6.486423,,0.000,
2026-04-23,CPMAD-INV-01.,11,59.8335,6.486423,75.610,80.393,12.2000
2026-04-23,CPMAD-INV-01.,12,0.0000,6.486423,,0.000,
2026-04-23,CPMAD-INV-01.,13,59.8046,6.486423,75.574,80.354,12.2000
2026-04-23,CPMAD-INV-01.,14,0.0000,6.486423,,0.000,
2026-04-23,CPMAD-INV-01.,15,60.2048,6.486423,76.079,80.891,12.2000
2026-04-23,CPMAD-INV-01.,16,0.0000,6.486423,,0.000,
2026-04-23,CPMAD-INV-01.,17,60.8677,6.486423,76.917,81.782,12.2000
2026-04-23,CPMAD-INV-01.,18,0.0000,6.486423,,0.000,
2026-04-23,CPMAD-INV-01.,19,59.8536,6.486423,75.635,80.420,12.2000
2026-04-23,CPMAD-INV-01.,20,0.0000,6.486423,,0.000,
2026-04-23,CPMAD-INV-01.,21,59.3457,6.486423,74.994,79.737,12.2000
2026-04-23,CPMAD-INV-01.,22,0.0000,6.486423,,0.000,
2026-04-23,CPMAD-INV-01.,23,0.0000,6.486423,0.000,0.000,12.2000
2026-04-23,CPMAD-INV-01.,24,0.0000,6.486423,,0.000,
2026-04-23,CPMAD-INV-02.,1,46.5035,6.486423,58.765,62.482,12.2000
2026-04-23,CPMAD-INV-02.,2,45.5343,6.486423,71.926,76.475,
2026-04-23,CPMAD-INV-02.,3,48.3078,6.486423,61.045,64.907,12.2000
2026-04-23,CPMAD-INV-02.,4,46.8822,6.486423,74.055,78.739,
2026-04-23,CPMAD-INV-02.,5,41.4758,6.486423,52.412,55.727,12.2000
2026-04-23,CPMAD-INV-02.,6,0.0000,6.486423,,0.000,
2026-04-23,CPMAD-INV-02.,7,46.7531,6.486423,59.081,62.818,12.2000
2026-04-23,CPMAD-INV-02.,8,0.0000,6.486423,,0.000,
2026-04-23,CPMAD-INV-02.,9,46.6519,6.486423,58.953,62.682,12.2000
2026-04-23,CPMAD-INV-02.,10,0.0000,6.486423,,0.000,
2026-04-23,CPMAD-INV-02.,11,43.6824,6.486423,55.200,58.692,12.2000
2026-04-23,CPMAD-INV-02.,12,0.0180,6.486423,,0.000,
2026-04-23,CPMAD-INV-02.,13,43.1790,6.486423,54.564,58.015,12.2000
2026-04-23,CPMAD-INV-02.,14,0.0000,6.486423,,0.000,
2026-04-23,CPMAD-INV-02.,15,39.0135,6.486423,49.300,52.419,12.2000
2026-04-23,CPMAD-INV-02.,16,0.0000,6.486423,,0.000,
2026-04-23,CPMAD-INV-02.,17,47.7235,6.486423,60.307,64.122,12.2000
2026-04-23,CPMAD-INV-02.,18,0.0000,6.486423,,0.000,
2026-04-23,CPMAD-INV-02.,19,39.7564,6.486423,50.239,53.417,12.2000
2026-04-23,CPMAD-INV-02.,20,0.0000,6.486423,,0.000,
2026-04-23,CPMAD-INV-02.,21,46.8417,6.486423,59.193,62.937,12.2000
2026-04-23,CPMAD-INV-02.,22,0.0000,6.486423,,0.000,
2026-04-23,CPMAD-INV-02.,23,47.0157,6.486423,59.412,63.171,12.2000
2026-04-23,CPMAD-INV-02.,24,0.0000,6.486423,,0.000,
2026-04-23,CPMAD-INV-03,1,59.5101,6.486423,75.201,79.958,12.2000
2026-04-23,CPMAD-INV-03,2,0.0000,6.486423,0.000,0.000,
2026-04-23,CPMAD-INV-03,3,59.9146,6.486423,75.712,80.502,12.2000
2026-04-23,CPMAD-INV-03,4,0.0000,6.486423,0.000,0.000,
2026-04-23,CPMAD-INV-03,5,57.9297,6.486423,73.204,77.835,12.2000
2026-04-23,CPMAD-INV-03,6,0.0000,6.486423,,0.000,
2026-04-23,CPMAD-INV-03,7,59.5035,6.486423,75.193,79.949,12.2000
2026-04-23,CPMAD-INV-03,8,0.0000,6.486423,,0.000,
2026-04-23,CPMAD-INV-03,9,58.5363,6.486423,73.971,78.650,12.2000
2026-04-23,CPMAD-INV-03,10,0.0000,6.486423,,0.000,
2026-04-23,CPMAD-INV-03,11,55.7317,6.486423,70.427,74.881,10.9800
2026-04-23,CPMAD-INV-03,12,0.0000,6.486423,,0.000,
2026-04-23,CPMAD-INV-03,13,55.2802,6.486423,69.856,74.275,10.9800
2026-04-23,CPMAD-INV-03,14,0.0000,6.486423,,0.000,
2026-04-23,CPMAD-INV-03,15,55.7055,6.486423,70.394,74.846,10.9800
2026-04-23,CPMAD-INV-03,16,0.0000,6.486423,,0.000,
2026-04-23,CPMAD-INV-03,17,58.5681,6.486423,74.011,78.692,12.2000
2026-04-23,CPMAD-INV-03,18,0.0000,6.486423,,0.000,
2026-04-23,CPMAD-INV-03,19,59.7365,6.486423,75.487,80.262,12.2000
2026-04-23,CPMAD-INV-03,20,0.0000,6.486423,,0.000,
2026-04-23,CPMAD-INV-03,21,62.1846,6.486423,78.581,83.552,12.2000
2026-04-23,CPMAD-INV-03,22,0.0000,6.486423,,0.000,
2026-04-23,CPMAD-INV-03,23,59.2168,6.486423,74.831,79.564,12.2000
2026-04-23,CPMAD-INV-03,24,0.0000,6.486423,,0.000,
2026-04-23,CPMAD-INV-04.,1,61.9293,6.486423,78.258,83.209,9.7600
2026-04-23,CPMAD-INV-04.,2,0.0000,6.486423,0.000,0.000,9.7600
2026-04-23,CPMAD-INV-04.,3,59.8530,6.486423,75.635,80.419,9.7600
2026-04-23,CPMAD-INV-04.,4,0.0000,6.486423,0.000,0.000,9.7600
2026-04-23,CPMAD-INV-04.,5,62.4062,6.486423,78.861,83.849,8.5400
2026-04-23,CPMAD-INV-04.,6,0.0000,6.486423,,0.000,
2026-04-23,CPMAD-INV-04.,7,62.2069,6.486423,78.609,83.581,9.1500
2026-04-23,CPMAD-INV-04.,8,0.0000,6.486423,,0.000,
2026-04-23,CPMAD-INV-04.,9,62.0712,6.486423,78.438,83.399,9.1500
2026-04-23,CPMAD-INV-04.,10,0.0000,6.486423,,0.000,
2026-04-23,CPMAD-INV-04.,11,60.7576,6.486423,76.778,81.634,8.5400
2026-04-23,CPMAD-INV-04.,12,0.0000,6.486423,,0.000,
2026-04-23,CPMAD-INV-04.,13,61.9371,6.486423,78.268,83.219,8.5400
2026-04-23,CPMAD-INV-04.,14,0.0000,6.486423,,0.000,
2026-04-23,CPMAD-INV-04.,15,61.7010,6.486423,77.970,82.902,8.5400
2026-04-23,CPMAD-INV-04.,16,0.0000,6.486423,,0.000,
2026-04-23,CPMAD-INV-04.,17,62.2652,6.486423,78.683,83.660,9.7600
2026-04-23,CPMAD-INV-04.,18,0.0000,6.486423,,0.000,
2026-04-23,CPMAD-INV-04.,19,61.7417,6.486423,78.021,82.957,8.5400
2026-04-23,CPMAD-INV-04.,20,0.0000,6.486423,,0.000,
2026-04-23,CPMAD-INV-04.,21,62.5395,6.486423,79.029,84.028,9.1500
2026-04-23,CPMAD-INV-04.,22,0.0000,6.486423,,0.000,
2026-04-23,CPMAD-INV-04.,23,0.0000,6.486423,0.000,0.000,9.1500
2026-04-23,CPMAD-INV-04.,24,0.0000,6.486423,,0.000,
2026-04-23,CPMAD-INV-05.,1,59.8466,6.486423,75.627,80.410,12.2000
2026-04-23,CPMAD-INV-05.,2,0.0000,6.486423,0.000,0.000,
2026-04-23,CPMAD-INV-05.,3,61.0453,6.486423,77.141,82.021,12.2000
2026-04-23,CPMAD-INV-05.,4,0.0000,6.486423,0.000,0.000,
2026-04-23,CPMAD-INV-05.,5,60.3117,6.486423,76.214,81.035,12.2000
2026-04-23,CPMAD-INV-05.,6,0.0000,6.486423,,0.000,
2026-04-23,CPMAD-INV-05.,7,56.8390,6.486423,71.826,76.369,12.2000
2026-04-23,CPMAD-INV-05.,8,0.0000,6.486423,,0.000,
2026-04-23,CPMAD-INV-05.,9,57.0518,6.486423,72.095,76.655,12.2000
2026-04-23,CPMAD-INV-05.,10,0.0000,6.486423,,0.000,
2026-04-23,CPMAD-INV-05.,11,58.1406,6.486423,73.471,78.118,12.2000
2026-04-23,CPMAD-INV-05.,12,0.0000,6.486423,,0.000,
2026-04-23,CPMAD-INV-05.,13,60.7390,6.486423,76.754,81.609,12.2000
2026-04-23,CPMAD-INV-05.,14,0.0000,6.486423,,0.000,
2026-04-23,CPMAD-INV-05.,15,62.0849,6.486423,78.455,83.418,12.2000
2026-04-23,CPMAD-INV-05.,16,0.0000,6.486423,,0.000,
2026-04-23,CPMAD-INV-05.,17,60.9115,6.486423,76.972,81.841,12.2000
2026-04-23,CPMAD-INV-05.,18,0.0000,6.486423,,0.000,
2026-04-23,CPMAD-INV-05.,19,60.7577,6.486423,76.778,81.634,12.2000
2026-04-23,CPMAD-INV-05.,20,0.0000,6.486423,,0.000,
2026-04-23,CPMAD-INV-05.,21,60.6795,6.486423,76.679,81.529,12.2000
2026-04-23,CPMAD-INV-05.,22,0.0000,6.486423,,0.000,
2026-04-23,CPMAD-INV-05.,23,59.6749,6.486423,75.410,80.179,
2026-04-23,CPMAD-INV-05.,24,0.0000,6.486423,,0.000,
2026-04-23,CPMAD-INV-06,1,59.4099,6.486423,75.075,79.823,12.2000
2026-04-23,CPMAD-INV-06,2,0.0000,6.486423,0.000,0.000,
2026-04-23,CPMAD-INV-06,3,61.1354,6.486423,77.255,82.142,12.2000
2026-04-23,CPMAD-INV-06,4,0.0000,6.486423,0.000,0.000,
2026-04-23,CPMAD-INV-06,5,58.4823,6.486423,73.903,78.577,12.2000
2026-04-23,CPMAD-INV-06,6,0.0000,6.486423,,0.000,
2026-04-23,CPMAD-INV-06,7,57.8658,6.486423,73.123,77.749,12.2000
2026-04-23,CPMAD-INV-06,8,0.0000,6.486423,,0.000,
2026-04-23,CPMAD-INV-06,9,59.7347,6.486423,75.485,80.260,12.2000
2026-04-23,CPMAD-INV-06,10,0.0000,6.486423,,0.000,
2026-04-23,CPMAD-INV-06,11,61.5928,6.486423,77.833,82.756,12.2000
2026-04-23,CPMAD-INV-06,12,0.0000,6.486423,,0.000,
2026-04-23,CPMAD-INV-06,13,59.5423,6.486423,75.242,80.001,12.2000
2026-04-23,CPMAD-INV-06,14,0.0000,6.486423,,0.000,
2026-04-23,CPMAD-INV-06,15,60.6462,6.486423,76.637,81.484,12.2000
2026-04-23,CPMAD-INV-06,16,0.0000,6.486423,,0.000,
2026-04-23,CPMAD-INV-06,17,59.6812,6.486423,75.418,80.188,12.2000
2026-04-23,CPMAD-INV-06,18,0.0000,6.486423,,0.000,
2026-04-23,CPMAD-INV-06,19,62.7544,6.486423,79.301,84.317,12.2000
2026-04-23,CPMAD-INV-06,20,0.0000,6.486423,,0.000,
2026-04-23,CPMAD-INV-06,21,62.6797,6.486423,79.207,84.217,12.2000
2026-04-23,CPMAD-INV-06,22,0.0000,6.486423,,0.000,
2026-04-23,CPMAD-INV-06,23,0.0000,6.486423,0.000,0.000,
2026-04-23,CPMAD-INV-06,24,0.0000,6.486423,,0.000,
2026-04-23,CPMAD-INV-07.,1,62.0422,6.486423,78.401,83.360,12.2000
2026-04-23,CPMAD-INV-07.,2,0.0000,6.486423,0.000,0.000,
2026-04-23,CPMAD-INV-07.,3,63.1447,6.486423,79.794,84.842,12.2000
2026-04-23,CPMAD-INV-07.,4,0.0000,6.486423,0.000,0.000,
2026-04-23,CPMAD-INV-07.,5,62.3073,6.486423,78.736,83.716,12.2000
2026-04-23,CPMAD-INV-07.,6,0.0000,6.486423,,0.000,
2026-04-23,CPMAD-INV-07.,7,62.3160,6.486423,78.747,83.728,12.2000
2026-04-23,CPMAD-INV-07.,8,0.0000,6.486423,,0.000,
2026-04-23,CPMAD-INV-07.,9,63.1655,6.486423,79.821,84.869,12.2000
2026-04-23,CPMAD-INV-07.,10,0.0000,6.486423,,0.000,
2026-04-23,CPMAD-INV-07.,11,62.4348,6.486423,78.897,83.888,12.2000
2026-04-23,CPMAD-INV-07.,12,0.0000,6.486423,,0.000,
2026-04-23,CPMAD-INV-07.,13,62.4773,6.486423,78.951,83.945,12.2000
2026-04-23,CPMAD-INV-07.,14,0.0000,6.486423,,0.000,
2026-04-23,CPMAD-INV-07.,15,62.6983,6.486423,79.230,84.242,12.2000
2026-04-23,CPMAD-INV-07.,16,0.0000,6.486423,,0.000,
2026-04-23,CPMAD-INV-07.,17,61.6867,6.486423,77.952,82.883,12.2000
2026-04-23,CPMAD-INV-07.,18,0.0000,6.486423,,0.000,
2026-04-23,CPMAD-INV-07.,19,61.2500,6.486423,77.400,82.296,12.2000
2026-04-23,CPMAD-INV-07.,20,0.0000,6.486423,,0.000,
2026-04-23,CPMAD-INV-07.,21,62.5958,6.486423,79.101,84.104,12.2000
2026-04-23,CPMAD-INV-07.,22,0.0000,6.486423,,0.000,
2026-04-23,CPMAD-INV-07.,23,61.6561,6.486423,77.913,82.841,
2026-04-23,CPMAD-INV-07.,24,0.0000,6.486423,,0.000,
2026-04-24,CPMAD-INV-01.,1,52.4054,5.659483,75.900,78.691,12.2000
2026-04-24,CPMAD-INV-01.,2,0.0000,5.659483,0.000,0.000,
2026-04-24,CPMAD-INV-01.,3,51.9110,5.659483,75.184,77.949,12.2000
2026-04-24,CPMAD-INV-01.,4,0.0000,5.659483,0.000,0.000,
2026-04-24,CPMAD-INV-01.,5,53.0796,5.659483,76.876,79.703,12.2000
2026-04-24,CPMAD-INV-01.,6,0.0000,5.659483,,0.000,
2026-04-24,CPMAD-INV-01.,7,53.7582,5.659483,77.859,80.722,12.2000
2026-04-24,CPMAD-INV-01.,8,0.0000,5.659483,,0.000,
2026-04-24,CPMAD-INV-01.,9,53.8596,5.659483,78.006,80.874,12.2000
2026-04-24,CPMAD-INV-01.,10,0.0000,5.659483,,0.000,
2026-04-24,CPMAD-INV-01.,11,54.6068,5.659483,79.088,81.996,12.2000
2026-04-24,CPMAD-INV-01.,12,0.0000,5.659483,,0.000,
2026-04-24,CPMAD-INV-01.,13,54.3257,5.659483,78.681,81.574,12.2000
2026-04-24,CPMAD-INV-01.,14,0.0000,5.659483,,0.000,
2026-04-24,CPMAD-INV-01.,15,54.2621,5.659483,78.589,81.479,12.2000
2026-04-24,CPMAD-INV-01.,16,0.0000,5.659483,,0.000,
2026-04-24,CPMAD-INV-01.,17,54.8179,5.659483,79.394,82.313,12.2000
2026-04-24,CPMAD-INV-01.,18,0.0000,5.659483,,0.000,
2026-04-24,CPMAD-INV-01.,19,54.4711,5.659483,78.891,81.793,12.2000
2026-04-24,CPMAD-INV-01.,20,0.0000,5.659483,,0.000,
2026-04-24,CPMAD-INV-01.,21,54.2412,5.659483,78.558,81.447,12.2000
2026-04-24,CPMAD-INV-01.,22,0.0000,5.659483,,0.000,
2026-04-24,CPMAD-INV-01.,23,0.0000,5.659483,0.000,0.000,12.2000
2026-04-24,CPMAD-INV-01.,24,0.0000,5.659483,,0.000,
2026-04-24,CPMAD-INV-02.,1,44.2397,5.659483,64.073,66.429,12.2000
2026-04-24,CPMAD-INV-02.,2,42.9312,5.659483,77.722,80.581,
2026-04-24,CPMAD-INV-02.,3,44.3890,5.659483,64.289,66.654,12.2000
2026-04-24,CPMAD-INV-02.,4,43.6158,5.659483,78.962,81.866,
2026-04-24,CPMAD-INV-02.,5,38.3245,5.659483,55.506,57.547,12.2000
2026-04-24,CPMAD-INV-02.,6,0.0000,5.659483,,0.000,
2026-04-24,CPMAD-INV-02.,7,41.4565,5.659483,60.042,62.250,12.2000
2026-04-24,CPMAD-INV-02.,8,0.0000,5.659483,,0.000,
2026-04-24,CPMAD-INV-02.,9,41.4136,5.659483,59.980,62.186,12.2000
2026-04-24,CPMAD-INV-02.,10,0.0000,5.659483,,0.000,
2026-04-24,CPMAD-INV-02.,11,38.8336,5.659483,56.243,58.312,12.2000
2026-04-24,CPMAD-INV-02.,12,0.0000,5.659483,,0.000,
2026-04-24,CPMAD-INV-02.,13,38.1472,5.659483,55.249,57.281,12.2000
2026-04-24,CPMAD-INV-02.,14,0.0000,5.659483,,0.000,
2026-04-24,CPMAD-INV-02.,15,36.8373,5.659483,53.352,55.314,12.2000
2026-04-24,CPMAD-INV-02.,16,0.0000,5.659483,,0.000,
2026-04-24,CPMAD-INV-02.,17,44.2228,5.659483,64.049,66.404,12.2000
2026-04-24,CPMAD-INV-02.,18,0.0000,5.659483,,0.000,
2026-04-24,CPMAD-INV-02.,19,38.3133,5.659483,55.490,57.531,12.2000
2026-04-24,CPMAD-INV-02.,20,0.0000,5.659483,,0.000,
2026-04-24,CPMAD-INV-02.,21,41.3520,5.659483,59.891,62.093,12.2000
2026-04-24,CPMAD-INV-02.,22,0.0000,5.659483,,0.000,
2026-04-24,CPMAD-INV-02.,23,41.9445,5.659483,60.749,62.983,12.2000
2026-04-24,CPMAD-INV-02.,24,0.0000,5.659483,,0.000,
2026-04-24,CPMAD-INV-03,1,53.6994,5.659483,77.774,80.634,12.2000
2026-04-24,CPMAD-INV-03,2,0.0000,5.659483,0.000,0.000,
2026-04-24,CPMAD-INV-03,3,54.2194,5.659483,78.527,81.415,12.2000
2026-04-24,CPMAD-INV-03,4,0.0000,5.659483,0.000,0.000,
2026-04-24,CPMAD-INV-03,5,53.5726,5.659483,77.590,80.444,12.2000
2026-04-24,CPMAD-INV-03,6,0.0000,5.659483,,0.000,
2026-04-24,CPMAD-INV-03,7,54.5981,5.659483,79.075,81.983,12.2000
2026-04-24,CPMAD-INV-03,8,0.0000,5.659483,,0.000,
2026-04-24,CPMAD-INV-03,9,53.4573,5.659483,77.423,80.270,12.2000
2026-04-24,CPMAD-INV-03,10,0.0000,5.659483,,0.000,
2026-04-24,CPMAD-INV-03,11,47.6762,5.659483,69.050,71.590,10.9800
2026-04-24,CPMAD-INV-03,12,0.0000,5.659483,,0.000,
2026-04-24,CPMAD-INV-03,13,47.9082,5.659483,69.386,71.938,10.9800
2026-04-24,CPMAD-INV-03,14,0.0000,5.659483,,0.000,
2026-04-24,CPMAD-INV-03,15,47.9833,5.659483,69.495,72.051,10.9800
2026-04-24,CPMAD-INV-03,16,0.0000,5.659483,,0.000,
2026-04-24,CPMAD-INV-03,17,53.3472,5.659483,77.264,80.105,12.2000
2026-04-24,CPMAD-INV-03,18,0.0000,5.659483,,0.000,
2026-04-24,CPMAD-INV-03,19,54.0802,5.659483,78.325,81.206,12.2000
2026-04-24,CPMAD-INV-03,20,0.0000,5.659483,,0.000,
2026-04-24,CPMAD-INV-03,21,53.2509,5.659483,77.124,79.960,12.2000
2026-04-24,CPMAD-INV-03,22,0.0000,5.659483,,0.000,
2026-04-24,CPMAD-INV-03,23,53.5077,5.659483,77.496,80.346,12.2000
2026-04-24,CPMAD-INV-03,24,0.0000,5.659483,,0.000,
2026-04-24,CPMAD-INV-04.,1,54.9930,5.659483,79.647,82.576,9.7600
2026-04-24,CPMAD-INV-04.,2,0.0000,5.659483,0.000,0.000,9.7600
2026-04-24,CPMAD-INV-04.,3,53.1278,5.659483,76.946,79.776,9.7600
2026-04-24,CPMAD-INV-04.,4,0.0000,5.659483,0.000,0.000,9.7600
2026-04-24,CPMAD-INV-04.,5,56.8156,5.659483,82.287,85.313,8.5400
2026-04-24,CPMAD-INV-04.,6,0.0000,5.659483,,0.000,
2026-04-24,CPMAD-INV-04.,7,56.2659,5.659483,81.491,84.488,9.1500
2026-04-24,CPMAD-INV-04.,8,0.0000,5.659483,,0.000,
2026-04-24,CPMAD-INV-04.,9,55.9880,5.659483,81.088,84.070,9.1500
2026-04-24,CPMAD-INV-04.,10,0.0000,5.659483,,0.000,
2026-04-24,CPMAD-INV-04.,11,54.8303,5.659483,79.412,82.332,8.5400
2026-04-24,CPMAD-INV-04.,12,0.0000,5.659483,,0.000,
2026-04-24,CPMAD-INV-04.,13,55.4855,5.659483,80.361,83.316,8.5400
2026-04-24,CPMAD-INV-04.,14,0.0000,5.659483,,0.000,
2026-04-24,CPMAD-INV-04.,15,55.2799,5.659483,80.063,83.007,8.5400
2026-04-24,CPMAD-INV-04.,16,0.0000,5.659483,,0.000,
2026-04-24,CPMAD-INV-04.,17,55.5796,5.659483,80.497,83.457,9.7600
2026-04-24,CPMAD-INV-04.,18,0.0000,5.659483,,0.000,
2026-04-24,CPMAD-INV-04.,19,55.3510,5.659483,80.166,83.114,8.5400
2026-04-24,CPMAD-INV-04.,20,0.0000,5.659483,,0.000,
2026-04-24,CPMAD-INV-04.,21,56.2452,5.659483,81.461,84.457,9.1500
2026-04-24,CPMAD-INV-04.,22,0.0000,5.659483,,0.000,
2026-04-24,CPMAD-INV-04.,23,0.0000,5.659483,0.000,0.000,9.1500
2026-04-24,CPMAD-INV-04.,24,0.0000,5.659483,,0.000,
2026-04-24,CPMAD-INV-05.,1,56.5578,5.659483,81.914,84.926,12.2000
2026-04-24,CPMAD-INV-05.,2,0.0000,5.659483,0.000,0.000,
2026-04-24,CPMAD-INV-05.,3,57.6674,5.659483,83.521,86.592,12.2000
2026-04-24,CPMAD-INV-05.,4,0.0000,5.659483,0.000,0.000,
2026-04-24,CPMAD-INV-05.,5,56.7453,5.659483,82.185,85.208,12.2000
2026-04-24,CPMAD-INV-05.,6,0.0000,5.659483,,0.000,
2026-04-24,CPMAD-INV-05.,7,50.1639,5.659483,72.653,75.325,12.2000
2026-04-24,CPMAD-INV-05.,8,0.0000,5.659483,,0.000,
2026-04-24,CPMAD-INV-05.,9,50.4240,5.659483,73.030,75.716,12.2000
2026-04-24,CPMAD-INV-05.,10,0.0000,5.659483,,0.000,
2026-04-24,CPMAD-INV-05.,11,51.6872,5.659483,74.859,77.612,12.2000
2026-04-24,CPMAD-INV-05.,12,0.0000,5.659483,,0.000,
2026-04-24,CPMAD-INV-05.,13,56.4174,5.659483,81.710,84.715,12.2000
2026-04-24,CPMAD-INV-05.,14,0.0000,5.659483,,0.000,
2026-04-24,CPMAD-INV-05.,15,57.7645,5.659483,83.661,86.738,12.2000
2026-04-24,CPMAD-INV-05.,16,0.0000,5.659483,,0.000,
2026-04-24,CPMAD-INV-05.,17,56.1752,5.659483,81.359,84.352,12.2000
2026-04-24,CPMAD-INV-05.,18,0.0000,5.659483,,0.000,
2026-04-24,CPMAD-INV-05.,19,56.9291,5.659483,82.451,85.484,12.2000
2026-04-24,CPMAD-INV-05.,20,0.0000,5.659483,,0.000,
2026-04-24,CPMAD-INV-05.,21,56.9167,5.659483,82.433,85.465,12.2000
2026-04-24,CPMAD-INV-05.,22,0.0000,5.659483,,0.000,
2026-04-24,CPMAD-INV-05.,23,55.6602,5.659483,80.614,83.578,
2026-04-24,CPMAD-INV-05.,24,0.0000,5.659483,,0.000,
2026-04-24,CPMAD-INV-06,1,54.7564,5.659483,79.305,82.221,12.2000
2026-04-24,CPMAD-INV-06,2,0.0000,5.659483,0.000,0.000,
2026-04-24,CPMAD-INV-06,3,56.9352,5.659483,82.460,85.493,12.2000
2026-04-24,CPMAD-INV-06,4,0.0000,5.659483,0.000,0.000,
2026-04-24,CPMAD-INV-06,5,54.6798,5.659483,79.194,82.106,12.2000
2026-04-24,CPMAD-INV-06,6,0.0000,5.659483,,0.000,
2026-04-24,CPMAD-INV-06,7,51.3632,5.659483,74.390,77.126,12.2000
2026-04-24,CPMAD-INV-06,8,0.0000,5.659483,,0.000,
2026-04-24,CPMAD-INV-06,9,56.0927,5.659483,81.240,84.228,12.2000
2026-04-24,CPMAD-INV-06,10,0.0000,5.659483,,0.000,
2026-04-24,CPMAD-INV-06,11,57.5495,5.659483,83.350,86.415,12.2000
2026-04-24,CPMAD-INV-06,12,0.0000,5.659483,,0.000,
2026-04-24,CPMAD-INV-06,13,55.6296,5.659483,80.569,83.532,12.2000
2026-04-24,CPMAD-INV-06,14,0.0000,5.659483,,0.000,
2026-04-24,CPMAD-INV-06,15,57.2515,5.659483,82.918,85.968,12.2000
2026-04-24,CPMAD-INV-06,16,0.0000,5.659483,,0.000,
2026-04-24,CPMAD-INV-06,17,52.3430,5.659483,75.809,78.597,12.2000
2026-04-24,CPMAD-INV-06,18,0.0000,5.659483,,0.000,
2026-04-24,CPMAD-INV-06,19,56.1183,5.659483,81.277,84.266,12.2000
2026-04-24,CPMAD-INV-06,20,0.0000,5.659483,,0.000,
2026-04-24,CPMAD-INV-06,21,56.2359,5.659483,81.447,84.443,12.2000
2026-04-24,CPMAD-INV-06,22,0.0000,5.659483,,0.000,
2026-04-24,CPMAD-INV-06,23,0.0000,5.659483,0.000,0.000,
2026-04-24,CPMAD-INV-06,24,0.0000,5.659483,,0.000,
2026-04-24,CPMAD-INV-07.,1,54.7281,5.659483,79.264,82.179,12.2000
2026-04-24,CPMAD-INV-07.,2,0.0000,5.659483,0.000,0.000,
2026-04-24,CPMAD-INV-07.,3,55.7760,5.659483,80.781,83.752,12.2000
2026-04-24,CPMAD-INV-07.,4,0.0000,5.659483,0.000,0.000,
2026-04-24,CPMAD-INV-07.,5,54.9231,5.659483,79.546,82.471,12.2000
2026-04-24,CPMAD-INV-07.,6,0.0000,5.659483,,0.000,
2026-04-24,CPMAD-INV-07.,7,55.1895,5.659483,79.932,82.871,12.2000
2026-04-24,CPMAD-INV-07.,8,0.0000,5.659483,,0.000,
2026-04-24,CPMAD-INV-07.,9,56.1147,5.659483,81.272,84.261,12.2000
2026-04-24,CPMAD-INV-07.,10,0.0000,5.659483,,0.000,
2026-04-24,CPMAD-INV-07.,11,55.4646,5.659483,80.330,83.284,12.2000
2026-04-24,CPMAD-INV-07.,12,0.0000,5.659483,,0.000,
2026-04-24,CPMAD-INV-07.,13,55.5067,5.659483,80.391,83.348,12.2000
2026-04-24,CPMAD-INV-07.,14,0.0000,5.659483,,0.000,
2026-04-24,CPMAD-INV-07.,15,56.0100,5.659483,81.120,84.103,12.2000
2026-04-24,CPMAD-INV-07.,16,0.0000,5.659483,,0.000,
2026-04-24,CPMAD-INV-07.,17,55.2746,5.659483,80.055,82.999,12.2000
2026-04-24,CPMAD-INV-07.,18,0.0000,5.659483,,0.000,
2026-04-24,CPMAD-INV-07.,19,54.0505,5.659483,78.282,81.161,12.2000
2026-04-24,CPMAD-INV-07.,20,0.0000,5.659483,,0.000,
2026-04-24,CPMAD-INV-07.,21,55.7386,5.659483,80.727,83.696,12.2000
2026-04-24,CPMAD-INV-07.,22,0.0000,5.659483,,0.000,
2026-04-24,CPMAD-INV-07.,23,54.8495,5.659483,79.439,82.361,
2026-04-24,CPMAD-INV-07.,24,0.0000,5.659483,,0.000,
2026-04-25,CPMAD-INV-01.,1,55.8532,5.934689,77.142,83.568,12.2000
2026-04-25,CPMAD-INV-01.,2,0.0000,5.934689,0.000,0.000,
2026-04-25,CPMAD-INV-01.,3,52.1247,5.934689,71.992,77.989,12.2000
2026-04-25,CPMAD-INV-01.,4,0.0000,5.934689,0.000,0.000,
2026-04-25,CPMAD-INV-01.,5,56.5604,5.934689,78.119,84.626,12.2000
2026-04-25,CPMAD-INV-01.,6,0.0000,5.934689,,0.000,
2026-04-25,CPMAD-INV-01.,7,56.6993,5.934689,78.310,84.833,12.2000
2026-04-25,CPMAD-INV-01.,8,0.0000,5.934689,,0.000,
2026-04-25,CPMAD-INV-01.,9,56.4699,5.934689,77.994,84.490,12.2000
2026-04-25,CPMAD-INV-01.,10,0.0000,5.934689,,0.000,
2026-04-25,CPMAD-INV-01.,11,57.1897,5.934689,78.988,85.567,12.2000
2026-04-25,CPMAD-INV-01.,12,0.0000,5.934689,,0.000,
2026-04-25,CPMAD-INV-01.,13,56.1719,5.934689,77.582,84.044,12.2000
2026-04-25,CPMAD-INV-01.,14,0.0000,5.934689,,0.000,
2026-04-25,CPMAD-INV-01.,15,56.4594,5.934689,77.979,84.475,12.2000
2026-04-25,CPMAD-INV-01.,16,0.0000,5.934689,,0.000,
2026-04-25,CPMAD-INV-01.,17,56.7269,5.934689,78.349,84.875,12.2000
2026-04-25,CPMAD-INV-01.,18,0.0000,5.934689,,0.000,
2026-04-25,CPMAD-INV-01.,19,56.5128,5.934689,78.053,84.555,12.2000
2026-04-25,CPMAD-INV-01.,20,0.0000,5.934689,,0.000,
2026-04-25,CPMAD-INV-01.,21,56.1355,5.934689,77.532,83.990,12.2000
2026-04-25,CPMAD-INV-01.,22,0.0000,5.934689,,0.000,
2026-04-25,CPMAD-INV-01.,23,0.0000,5.934689,0.000,0.000,12.2000
2026-04-25,CPMAD-INV-01.,24,0.0000,5.934689,,0.000,
2026-04-25,CPMAD-INV-02.,1,45.1943,5.934689,62.420,67.620,12.2000
2026-04-25,CPMAD-INV-02.,2,44.3245,5.934689,76.524,82.898,
2026-04-25,CPMAD-INV-02.,3,45.4211,5.934689,62.734,67.959,12.2000
2026-04-25,CPMAD-INV-02.,4,44.2697,5.934689,76.429,82.795,
2026-04-25,CPMAD-INV-02.,5,38.4806,5.934689,53.148,57.575,12.2000
2026-04-25,CPMAD-INV-02.,6,0.0000,5.934689,,0.000,
2026-04-25,CPMAD-INV-02.,7,44.2558,5.934689,61.124,66.216,12.2000
2026-04-25,CPMAD-INV-02.,8,0.0000,5.934689,,0.000,
2026-04-25,CPMAD-INV-02.,9,44.4070,5.934689,61.333,66.442,12.2000
2026-04-25,CPMAD-INV-02.,10,0.0000,5.934689,,0.000,
2026-04-25,CPMAD-INV-02.,11,41.6832,5.934689,57.571,62.366,12.2000
2026-04-25,CPMAD-INV-02.,12,0.0000,5.934689,,0.000,
2026-04-25,CPMAD-INV-02.,13,40.3917,5.934689,55.787,60.434,12.2000
2026-04-25,CPMAD-INV-02.,14,0.0000,5.934689,,0.000,
2026-04-25,CPMAD-INV-02.,15,35.9250,5.934689,49.618,53.751,12.2000
2026-04-25,CPMAD-INV-02.,16,0.0000,5.934689,,0.000,
2026-04-25,CPMAD-INV-02.,17,44.7554,5.934689,61.814,66.963,12.2000
2026-04-25,CPMAD-INV-02.,18,0.0000,5.934689,,0.000,
2026-04-25,CPMAD-INV-02.,19,37.3223,5.934689,51.548,55.842,12.2000
2026-04-25,CPMAD-INV-02.,20,0.0000,5.934689,,0.000,
2026-04-25,CPMAD-INV-02.,21,44.0245,5.934689,60.805,65.869,12.2000
2026-04-25,CPMAD-INV-02.,22,0.0000,5.934689,,0.000,
2026-04-25,CPMAD-INV-02.,23,43.9942,5.934689,60.763,65.824,12.2000
2026-04-25,CPMAD-INV-02.,24,0.0000,5.934689,,0.000,
2026-04-25,CPMAD-INV-03,1,55.8184,5.934689,77.094,83.515,12.2000
2026-04-25,CPMAD-INV-03,2,0.0000,5.934689,0.000,0.000,
2026-04-25,CPMAD-INV-03,3,56.3004,5.934689,77.760,84.237,12.2000
2026-04-25,CPMAD-INV-03,4,0.0000,5.934689,0.000,0.000,
2026-04-25,CPMAD-INV-03,5,56.5943,5.934689,78.165,84.676,12.2000
2026-04-25,CPMAD-INV-03,6,0.0000,5.934689,,0.000,
2026-04-25,CPMAD-INV-03,7,55.9613,5.934689,77.291,83.729,12.2000
2026-04-25,CPMAD-INV-03,8,0.0000,5.934689,,0.000,
2026-04-25,CPMAD-INV-03,9,55.1085,5.934689,76.113,82.453,12.2000
2026-04-25,CPMAD-INV-03,10,0.0000,5.934689,,0.000,
2026-04-25,CPMAD-INV-03,11,55.1169,5.934689,76.125,82.466,10.9800
2026-04-25,CPMAD-INV-03,12,0.0000,5.934689,,0.000,
2026-04-25,CPMAD-INV-03,13,53.8078,5.934689,74.317,80.507,10.9800
2026-04-25,CPMAD-INV-03,14,0.0000,5.934689,,0.000,
2026-04-25,CPMAD-INV-03,15,53.2082,5.934689,73.489,79.610,10.9800
2026-04-25,CPMAD-INV-03,16,0.0000,5.934689,,0.000,
2026-04-25,CPMAD-INV-03,17,56.2529,5.934689,77.694,84.166,12.2000
2026-04-25,CPMAD-INV-03,18,0.0000,5.934689,,0.000,
2026-04-25,CPMAD-INV-03,19,57.5528,5.934689,79.489,86.111,12.2000
2026-04-25,CPMAD-INV-03,20,0.0000,5.934689,,0.000,
2026-04-25,CPMAD-INV-03,21,59.1847,5.934689,81.743,88.552,12.2000
2026-04-25,CPMAD-INV-03,22,0.0000,5.934689,,0.000,
2026-04-25,CPMAD-INV-03,23,56.1983,5.934689,77.619,84.084,12.2000
2026-04-25,CPMAD-INV-03,24,0.0000,5.934689,,0.000,
2026-04-25,CPMAD-INV-04.,1,60.6913,5.934689,83.824,90.806,9.7600
2026-04-25,CPMAD-INV-04.,2,0.0000,5.934689,0.000,0.000,9.7600
2026-04-25,CPMAD-INV-04.,3,59.5253,5.934689,82.214,89.062,9.7600
2026-04-25,CPMAD-INV-04.,4,0.0000,5.934689,0.000,0.000,9.7600
2026-04-25,CPMAD-INV-04.,5,61.2461,5.934689,84.590,91.636,8.5400
2026-04-25,CPMAD-INV-04.,6,0.0000,5.934689,,0.000,
2026-04-25,CPMAD-INV-04.,7,61.1198,5.934689,84.416,91.447,9.1500
2026-04-25,CPMAD-INV-04.,8,0.0000,5.934689,,0.000,
2026-04-25,CPMAD-INV-04.,9,60.5101,5.934689,83.574,90.535,9.1500
2026-04-25,CPMAD-INV-04.,10,0.0000,5.934689,,0.000,
2026-04-25,CPMAD-INV-04.,11,58.6846,5.934689,81.052,87.804,8.5400
2026-04-25,CPMAD-INV-04.,12,0.0000,5.934689,,0.000,
2026-04-25,CPMAD-INV-04.,13,59.5353,5.934689,82.227,89.077,8.5400
2026-04-25,CPMAD-INV-04.,14,0.0000,5.934689,,0.000,
2026-04-25,CPMAD-INV-04.,15,59.0052,5.934689,81.495,88.284,8.5400
2026-04-25,CPMAD-INV-04.,16,0.0000,5.934689,,0.000,
2026-04-25,CPMAD-INV-04.,17,59.2189,5.934689,81.790,88.603,9.7600
2026-04-25,CPMAD-INV-04.,18,0.0000,5.934689,,0.000,
2026-04-25,CPMAD-INV-04.,19,58.9814,5.934689,81.462,88.248,8.5400
2026-04-25,CPMAD-INV-04.,20,0.0000,5.934689,,0.000,
2026-04-25,CPMAD-INV-04.,21,59.7600,5.934689,82.538,89.413,9.1500
2026-04-25,CPMAD-INV-04.,22,0.0000,5.934689,,0.000,
2026-04-25,CPMAD-INV-04.,23,0.0000,5.934689,0.000,0.000,9.1500
2026-04-25,CPMAD-INV-04.,24,0.0000,5.934689,,0.000,
2026-04-25,CPMAD-INV-05.,1,56.6628,5.934689,78.260,84.779,12.2000
2026-04-25,CPMAD-INV-05.,2,0.0000,5.934689,0.000,0.000,
2026-04-25,CPMAD-INV-05.,3,58.0443,5.934689,80.168,86.846,12.2000
2026-04-25,CPMAD-INV-05.,4,0.0000,5.934689,0.000,0.000,
2026-04-25,CPMAD-INV-05.,5,56.9255,5.934689,78.623,85.172,12.2000
2026-04-25,CPMAD-INV-05.,6,0.0000,5.934689,,0.000,
2026-04-25,CPMAD-INV-05.,7,51.8565,5.934689,71.622,77.588,12.2000
2026-04-25,CPMAD-INV-05.,8,0.0000,5.934689,,0.000,
2026-04-25,CPMAD-INV-05.,9,51.5983,5.934689,71.265,77.201,12.2000
2026-04-25,CPMAD-INV-05.,10,0.0000,5.934689,,0.000,
2026-04-25,CPMAD-INV-05.,11,52.7986,5.934689,72.923,78.997,12.2000
2026-04-25,CPMAD-INV-05.,12,0.0000,5.934689,,0.000,
2026-04-25,CPMAD-INV-05.,13,56.5295,5.934689,78.076,84.579,12.2000
2026-04-25,CPMAD-INV-05.,14,0.0000,5.934689,,0.000,
2026-04-25,CPMAD-INV-05.,15,57.6300,5.934689,79.596,86.226,12.2000
2026-04-25,CPMAD-INV-05.,16,0.0000,5.934689,,0.000,
2026-04-25,CPMAD-INV-05.,17,56.7592,5.934689,78.393,84.923,12.2000
2026-04-25,CPMAD-INV-05.,18,0.0000,5.934689,,0.000,
2026-04-25,CPMAD-INV-05.,19,57.0603,5.934689,78.809,85.374,12.2000
2026-04-25,CPMAD-INV-05.,20,0.0000,5.934689,,0.000,
2026-04-25,CPMAD-INV-05.,21,56.8878,5.934689,78.571,85.116,12.2000
2026-04-25,CPMAD-INV-05.,22,0.0000,5.934689,,0.000,
2026-04-25,CPMAD-INV-05.,23,55.7663,5.934689,77.022,83.438,
2026-04-25,CPMAD-INV-05.,24,0.0000,5.934689,,0.000,
2026-04-25,CPMAD-INV-06,1,55.5004,5.934689,76.655,83.040,12.2000
2026-04-25,CPMAD-INV-06,2,0.0000,5.934689,0.000,0.000,
2026-04-25,CPMAD-INV-06,3,56.7926,5.934689,78.439,84.973,12.2000
2026-04-25,CPMAD-INV-06,4,0.0000,5.934689,0.000,0.000,
2026-04-25,CPMAD-INV-06,5,53.8032,5.934689,74.311,80.500,12.2000
2026-04-25,CPMAD-INV-06,6,0.0000,5.934689,,0.000,
2026-04-25,CPMAD-INV-06,7,51.6478,5.934689,71.334,77.275,12.2000
2026-04-25,CPMAD-INV-06,8,0.0000,5.934689,,0.000,
2026-04-25,CPMAD-INV-06,9,55.8903,5.934689,77.193,83.623,12.2000
2026-04-25,CPMAD-INV-06,10,0.0000,5.934689,,0.000,
2026-04-25,CPMAD-INV-06,11,55.2473,5.934689,76.305,82.661,12.2000
2026-04-25,CPMAD-INV-06,12,0.0000,5.934689,,0.000,
2026-04-25,CPMAD-INV-06,13,54.9251,5.934689,75.860,82.179,12.2000
2026-04-25,CPMAD-INV-06,14,0.0000,5.934689,,0.000,
2026-04-25,CPMAD-INV-06,15,55.6714,5.934689,76.891,83.296,12.2000
2026-04-25,CPMAD-INV-06,16,0.0000,5.934689,,0.000,
2026-04-25,CPMAD-INV-06,17,58.5478,5.934689,80.863,87.599,12.2000
2026-04-25,CPMAD-INV-06,18,0.0000,5.934689,,0.000,
2026-04-25,CPMAD-INV-06,19,59.5778,5.934689,82.286,89.140,12.2000
2026-04-25,CPMAD-INV-06,20,0.0000,5.934689,,0.000,
2026-04-25,CPMAD-INV-06,21,59.0048,5.934689,81.495,88.283,12.2000
2026-04-25,CPMAD-INV-06,22,0.0000,5.934689,,0.000,
2026-04-25,CPMAD-INV-06,23,0.0000,5.934689,0.000,0.000,
2026-04-25,CPMAD-INV-06,24,0.0000,5.934689,,0.000,
2026-04-25,CPMAD-INV-07.,1,59.8681,5.934689,82.687,89.575,12.2000
2026-04-25,CPMAD-INV-07.,2,0.0000,5.934689,0.000,0.000,
2026-04-25,CPMAD-INV-07.,3,60.5495,5.934689,83.628,90.594,12.2000
2026-04-25,CPMAD-INV-07.,4,0.0000,5.934689,0.000,0.000,
2026-04-25,CPMAD-INV-07.,5,59.2560,5.934689,81.842,88.659,12.2000
2026-04-25,CPMAD-INV-07.,6,0.0000,5.934689,,0.000,
2026-04-25,CPMAD-INV-07.,7,59.2884,5.934689,81.886,88.707,12.2000
2026-04-25,CPMAD-INV-07.,8,0.0000,5.934689,,0.000,
2026-04-25,CPMAD-INV-07.,9,60.1792,5.934689,83.117,90.040,12.2000
2026-04-25,CPMAD-INV-07.,10,0.0000,5.934689,,0.000,
2026-04-25,CPMAD-INV-07.,11,59.2084,5.934689,81.776,88.588,12.2000
2026-04-25,CPMAD-INV-07.,12,0.0000,5.934689,,0.000,
2026-04-25,CPMAD-INV-07.,13,59.3045,5.934689,81.909,88.731,12.2000
2026-04-25,CPMAD-INV-07.,14,0.0000,5.934689,,0.000,
2026-04-25,CPMAD-INV-07.,15,59.8079,5.934689,82.604,89.485,12.2000
2026-04-25,CPMAD-INV-07.,16,0.0000,5.934689,,0.000,
2026-04-25,CPMAD-INV-07.,17,58.7369,5.934689,81.125,87.882,12.2000
2026-04-25,CPMAD-INV-07.,18,0.0000,5.934689,,0.000,
2026-04-25,CPMAD-INV-07.,19,57.6673,5.934689,79.648,86.282,12.2000
2026-04-25,CPMAD-INV-07.,20,0.0000,5.934689,,0.000,
2026-04-25,CPMAD-INV-07.,21,59.5718,5.934689,82.278,89.131,12.2000
2026-04-25,CPMAD-INV-07.,22,0.0000,5.934689,,0.000,
2026-04-25,CPMAD-INV-07.,23,58.2796,5.934689,80.493,87.198,
2026-04-25,CPMAD-INV-07.,24,0.0000,5.934689,,0.000,
2026-04-26,CPMAD-INV-01.,1,49.8542,5.430967,75.243,80.465,12.2000
2026-04-26,CPMAD-INV-01.,2,0.0000,5.430967,0.000,0.000,
2026-04-26,CPMAD-INV-01.,3,47.9576,5.430967,72.380,77.404,12.2000
2026-04-26,CPMAD-INV-01.,4,0.0000,5.430967,0.000,0.000,
2026-04-26,CPMAD-INV-01.,5,50.2104,5.430967,75.780,81.040,12.2000
2026-04-26,CPMAD-INV-01.,6,0.0000,5.430967,,0.000,
2026-04-26,CPMAD-INV-01.,7,50.5862,5.430967,76.348,81.647,12.2000
2026-04-26,CPMAD-INV-01.,8,0.0000,5.430967,,0.000,
2026-04-26,CPMAD-INV-01.,9,50.1256,5.430967,75.652,80.903,12.2000
2026-04-26,CPMAD-INV-01.,10,0.0000,5.430967,,0.000,
2026-04-26,CPMAD-INV-01.,11,50.3407,5.430967,75.977,81.250,12.2000
2026-04-26,CPMAD-INV-01.,12,0.0000,5.430967,,0.000,
2026-04-26,CPMAD-INV-01.,13,49.8014,5.430967,75.163,80.380,12.2000
2026-04-26,CPMAD-INV-01.,14,0.0000,5.430967,,0.000,
2026-04-26,CPMAD-INV-01.,15,50.3770,5.430967,76.032,81.309,12.2000
2026-04-26,CPMAD-INV-01.,16,0.0000,5.430967,,0.000,
2026-04-26,CPMAD-INV-01.,17,50.9051,5.430967,76.829,82.161,12.2000
2026-04-26,CPMAD-INV-01.,18,0.0000,5.430967,,0.000,
2026-04-26,CPMAD-INV-01.,19,50.4028,5.430967,76.071,81.350,12.2000
2026-04-26,CPMAD-INV-01.,20,0.0000,5.430967,,0.000,
2026-04-26,CPMAD-INV-01.,21,50.2944,5.430967,75.907,81.176,12.2000
2026-04-26,CPMAD-INV-01.,22,0.0000,5.430967,,0.000,
2026-04-26,CPMAD-INV-01.,23,0.0000,5.430967,0.000,0.000,12.2000
2026-04-26,CPMAD-INV-01.,24,0.0000,5.430967,,0.000,
2026-04-26,CPMAD-INV-02.,1,40.8382,5.430967,61.635,65.913,12.2000
2026-04-26,CPMAD-INV-02.,2,40.3562,5.430967,76.135,81.419,
2026-04-26,CPMAD-INV-02.,3,41.4802,5.430967,62.604,66.949,12.2000
2026-04-26,CPMAD-INV-02.,4,40.3564,5.430967,76.135,81.419,
2026-04-26,CPMAD-INV-02.,5,34.7388,5.430967,52.430,56.069,12.2000
2026-04-26,CPMAD-INV-02.,6,0.0000,5.430967,,0.000,
2026-04-26,CPMAD-INV-02.,7,38.8375,5.430967,58.616,62.684,12.2000
2026-04-26,CPMAD-INV-02.,8,0.0000,5.430967,,0.000,
2026-04-26,CPMAD-INV-02.,9,38.7768,5.430967,58.524,62.586,12.2000
2026-04-26,CPMAD-INV-02.,10,0.0000,5.430967,,0.000,
2026-04-26,CPMAD-INV-02.,11,36.2272,5.430967,54.676,58.471,12.2000
2026-04-26,CPMAD-INV-02.,12,0.0000,5.430967,,0.000,
2026-04-26,CPMAD-INV-02.,13,34.5126,5.430967,52.088,55.704,12.2000
2026-04-26,CPMAD-INV-02.,14,0.0000,5.430967,,0.000,
2026-04-26,CPMAD-INV-02.,15,31.9897,5.430967,48.281,51.632,12.2000
2026-04-26,CPMAD-INV-02.,16,0.0000,5.430967,,0.000,
2026-04-26,CPMAD-INV-02.,17,40.3168,5.430967,60.848,65.072,12.2000
2026-04-26,CPMAD-INV-02.,18,0.0000,5.430967,,0.000,
2026-04-26,CPMAD-INV-02.,19,33.8554,5.430967,51.097,54.643,12.2000
2026-04-26,CPMAD-INV-02.,20,0.0000,5.430967,,0.000,
2026-04-26,CPMAD-INV-02.,21,39.9837,5.430967,60.346,64.534,12.2000
2026-04-26,CPMAD-INV-02.,22,0.0000,5.430967,,0.000,
2026-04-26,CPMAD-INV-02.,23,40.1606,5.430967,60.613,64.819,12.2000
2026-04-26,CPMAD-INV-02.,24,0.0000,5.430967,,0.000,
2026-04-26,CPMAD-INV-03,1,50.6693,5.430967,76.473,81.781,12.2000
2026-04-26,CPMAD-INV-03,2,0.0000,5.430967,0.000,0.000,
2026-04-26,CPMAD-INV-03,3,50.9430,5.430967,76.886,82.222,12.2000
2026-04-26,CPMAD-INV-03,4,0.0000,5.430967,0.000,0.000,
2026-04-26,CPMAD-INV-03,5,51.3271,5.430967,77.466,82.842,12.2000
2026-04-26,CPMAD-INV-03,6,0.0000,5.430967,,0.000,
2026-04-26,CPMAD-INV-03,7,50.4942,5.430967,76.209,81.498,12.2000
2026-04-26,CPMAD-INV-03,8,0.0000,5.430967,,0.000,
2026-04-26,CPMAD-INV-03,9,48.8634,5.430967,73.747,78.866,12.2000
2026-04-26,CPMAD-INV-03,10,0.0000,5.430967,,0.000,
2026-04-26,CPMAD-INV-03,11,48.3752,5.430967,73.011,78.078,10.9800
2026-04-26,CPMAD-INV-03,12,0.0000,5.430967,,0.000,
2026-04-26,CPMAD-INV-03,13,47.4508,5.430967,71.615,76.586,10.9800
2026-04-26,CPMAD-INV-03,14,0.0000,5.430967,,0.000,
2026-04-26,CPMAD-INV-03,15,46.8216,5.430967,70.666,75.570,10.9800
2026-04-26,CPMAD-INV-03,16,0.0000,5.430967,,0.000,
2026-04-26,CPMAD-INV-03,17,50.7153,5.430967,76.542,81.855,12.2000
2026-04-26,CPMAD-INV-03,18,0.0000,5.430967,,0.000,
2026-04-26,CPMAD-INV-03,19,51.3096,5.430967,77.439,82.814,12.2000
2026-04-26,CPMAD-INV-03,20,0.0000,5.430967,,0.000,
2026-04-26,CPMAD-INV-03,21,51.4089,5.430967,77.589,82.974,12.2000
2026-04-26,CPMAD-INV-03,22,0.0000,5.430967,,0.000,
2026-04-26,CPMAD-INV-03,23,50.6095,5.430967,76.383,81.684,12.2000
2026-04-26,CPMAD-INV-03,24,0.0000,5.430967,,0.000,
2026-04-26,CPMAD-INV-04.,1,53.3947,5.430967,80.586,86.179,9.7600
2026-04-26,CPMAD-INV-04.,2,0.0000,5.430967,0.000,0.000,9.7600
2026-04-26,CPMAD-INV-04.,3,52.4796,5.430967,79.205,84.703,9.7600
2026-04-26,CPMAD-INV-04.,4,0.0000,5.430967,0.000,0.000,9.7600
2026-04-26,CPMAD-INV-04.,5,54.1831,5.430967,81.776,87.452,8.5400
2026-04-26,CPMAD-INV-04.,6,0.0000,5.430967,,0.000,
2026-04-26,CPMAD-INV-04.,7,53.5659,5.430967,80.845,86.456,9.1500
2026-04-26,CPMAD-INV-04.,8,0.0000,5.430967,,0.000,
2026-04-26,CPMAD-INV-04.,9,52.8810,5.430967,79.811,85.350,9.1500
2026-04-26,CPMAD-INV-04.,10,0.0000,5.430967,,0.000,
2026-04-26,CPMAD-INV-04.,11,51.3730,5.430967,77.535,82.916,8.5400
2026-04-26,CPMAD-INV-04.,12,0.0000,5.430967,,0.000,
2026-04-26,CPMAD-INV-04.,13,52.2868,5.430967,78.914,84.391,8.5400
2026-04-26,CPMAD-INV-04.,14,0.0000,5.430967,,0.000,
2026-04-26,CPMAD-INV-04.,15,51.7012,5.430967,78.030,83.446,8.5400
2026-04-26,CPMAD-INV-04.,16,0.0000,5.430967,,0.000,
2026-04-26,CPMAD-INV-04.,17,52.0123,5.430967,78.500,83.948,9.7600
2026-04-26,CPMAD-INV-04.,18,0.0000,5.430967,,0.000,
2026-04-26,CPMAD-INV-04.,19,51.7647,5.430967,78.126,83.549,8.5400
2026-04-26,CPMAD-INV-04.,20,0.0000,5.430967,,0.000,
2026-04-26,CPMAD-INV-04.,21,52.2624,5.430967,78.877,84.352,9.1500
2026-04-26,CPMAD-INV-04.,22,0.0000,5.430967,,0.000,
2026-04-26,CPMAD-INV-04.,23,0.0000,5.430967,0.000,0.000,9.1500
2026-04-26,CPMAD-INV-04.,24,0.0000,5.430967,,0.000,
2026-04-26,CPMAD-INV-05.,1,50.7750,5.430967,76.632,81.951,12.2000
2026-04-26,CPMAD-INV-05.,2,0.0000,5.430967,0.000,0.000,
2026-04-26,CPMAD-INV-05.,3,52.0645,5.430967,78.579,84.033,12.2000
2026-04-26,CPMAD-INV-05.,4,0.0000,5.430967,0.000,0.000,
2026-04-26,CPMAD-INV-05.,5,51.4186,5.430967,77.604,82.990,12.2000
2026-04-26,CPMAD-INV-05.,6,0.0000,5.430967,,0.000,
2026-04-26,CPMAD-INV-05.,7,45.9198,5.430967,69.305,74.115,12.2000
2026-04-26,CPMAD-INV-05.,8,0.0000,5.430967,,0.000,
2026-04-26,CPMAD-INV-05.,9,46.4393,5.430967,70.089,74.953,12.2000
2026-04-26,CPMAD-INV-05.,10,0.0000,5.430967,,0.000,
2026-04-26,CPMAD-INV-05.,11,47.5026,5.430967,71.694,76.670,12.2000
2026-04-26,CPMAD-INV-05.,12,0.0000,5.430967,,0.000,
2026-04-26,CPMAD-INV-05.,13,50.7295,5.430967,76.564,81.878,12.2000
2026-04-26,CPMAD-INV-05.,14,0.0000,5.430967,,0.000,
2026-04-26,CPMAD-INV-05.,15,52.4782,5.430967,79.203,84.700,12.2000
2026-04-26,CPMAD-INV-05.,16,0.0000,5.430967,,0.000,
2026-04-26,CPMAD-INV-05.,17,50.8086,5.430967,76.683,82.006,12.2000
2026-04-26,CPMAD-INV-05.,18,0.0000,5.430967,,0.000,
2026-04-26,CPMAD-INV-05.,19,50.9372,5.430967,76.877,82.213,12.2000
2026-04-26,CPMAD-INV-05.,20,0.0000,5.430967,,0.000,
2026-04-26,CPMAD-INV-05.,21,50.8901,5.430967,76.806,82.137,12.2000
2026-04-26,CPMAD-INV-05.,22,0.0000,5.430967,,0.000,
2026-04-26,CPMAD-INV-05.,23,49.5810,5.430967,74.830,80.024,
2026-04-26,CPMAD-INV-05.,24,0.0000,5.430967,,0.000,
2026-04-26,CPMAD-INV-06,1,49.2627,5.430967,74.350,79.510,12.2000
2026-04-26,CPMAD-INV-06,2,0.0000,5.430967,0.000,0.000,
2026-04-26,CPMAD-INV-06,3,50.7283,5.430967,76.562,81.876,12.2000
2026-04-26,CPMAD-INV-06,4,0.0000,5.430967,0.000,0.000,
2026-04-26,CPMAD-INV-06,5,48.8029,5.430967,73.656,78.768,12.2000
2026-04-26,CPMAD-INV-06,6,0.0000,5.430967,,0.000,
2026-04-26,CPMAD-INV-06,7,47.3893,5.430967,71.523,76.487,12.2000
2026-04-26,CPMAD-INV-06,8,0.0000,5.430967,,0.000,
2026-04-26,CPMAD-INV-06,9,50.7083,5.430967,76.532,81.844,12.2000
2026-04-26,CPMAD-INV-06,10,0.0000,5.430967,,0.000,
2026-04-26,CPMAD-INV-06,11,50.4085,5.430967,76.079,81.360,12.2000
2026-04-26,CPMAD-INV-06,12,0.0000,5.430967,,0.000,
2026-04-26,CPMAD-INV-06,13,50.5311,5.430967,76.264,81.558,12.2000
2026-04-26,CPMAD-INV-06,14,0.0000,5.430967,,0.000,
2026-04-26,CPMAD-INV-06,15,51.1474,5.430967,77.195,82.552,12.2000
2026-04-26,CPMAD-INV-06,16,0.0000,5.430967,,0.000,
2026-04-26,CPMAD-INV-06,17,50.5677,5.430967,76.320,81.617,12.2000
2026-04-26,CPMAD-INV-06,18,0.0000,5.430967,,0.000,
2026-04-26,CPMAD-INV-06,19,53.0225,5.430967,80.025,85.579,12.2000
2026-04-26,CPMAD-INV-06,20,0.0000,5.430967,,0.000,
2026-04-26,CPMAD-INV-06,21,53.2912,5.430967,80.430,86.012,12.2000
2026-04-26,CPMAD-INV-06,22,0.0000,5.430967,,0.000,
2026-04-26,CPMAD-INV-06,23,0.0000,5.430967,0.000,0.000,
2026-04-26,CPMAD-INV-06,24,0.0000,5.430967,,0.000,
2026-04-26,CPMAD-INV-07.,1,51.4255,5.430967,77.614,83.001,12.2000
2026-04-26,CPMAD-INV-07.,2,0.0000,5.430967,0.000,0.000,
2026-04-26,CPMAD-INV-07.,3,52.8544,5.430967,79.771,85.307,12.2000
2026-04-26,CPMAD-INV-07.,4,0.0000,5.430967,0.000,0.000,
2026-04-26,CPMAD-INV-07.,5,52.2271,5.430967,78.824,84.295,12.2000
2026-04-26,CPMAD-INV-07.,6,0.0000,5.430967,,0.000,
2026-04-26,CPMAD-INV-07.,7,52.3219,5.430967,78.967,84.448,12.2000
2026-04-26,CPMAD-INV-07.,8,0.0000,5.430967,,0.000,
2026-04-26,CPMAD-INV-07.,9,53.1844,5.430967,80.269,85.840,12.2000
2026-04-26,CPMAD-INV-07.,10,0.0000,5.430967,,0.000,
2026-04-26,CPMAD-INV-07.,11,52.5950,5.430967,79.379,84.889,12.2000
2026-04-26,CPMAD-INV-07.,12,0.0000,5.430967,,0.000,
2026-04-26,CPMAD-INV-07.,13,52.5314,5.430967,79.283,84.786,12.2000
2026-04-26,CPMAD-INV-07.,14,0.0000,5.430967,,0.000,
2026-04-26,CPMAD-INV-07.,15,52.6920,5.430967,79.526,85.045,12.2000
2026-04-26,CPMAD-INV-07.,16,0.0000,5.430967,,0.000,
2026-04-26,CPMAD-INV-07.,17,51.9942,5.430967,78.473,83.919,12.2000
2026-04-26,CPMAD-INV-07.,18,0.0000,5.430967,,0.000,
2026-04-26,CPMAD-INV-07.,19,51.1322,5.430967,77.172,82.528,12.2000
2026-04-26,CPMAD-INV-07.,20,0.0000,5.430967,,0.000,
2026-04-26,CPMAD-INV-07.,21,52.6561,5.430967,79.472,84.987,12.2000
2026-04-26,CPMAD-INV-07.,22,0.0000,5.430967,,0.000,
2026-04-26,CPMAD-INV-07.,23,51.3460,5.430967,77.494,82.873,
2026-04-26,CPMAD-INV-07.,24,0.0000,5.430967,,0.000,
2026-04-27,CPMAD-INV-01.,1,43.8358,4.597208,78.158,83.449,12.2000
2026-04-27,CPMAD-INV-01.,2,0.0000,4.597208,0.000,0.000,
2026-04-27,CPMAD-INV-01.,3,43.5805,4.597208,77.703,82.963,12.2000
2026-04-27,CPMAD-INV-01.,4,0.0000,4.597208,0.000,0.000,
2026-04-27,CPMAD-INV-01.,5,44.1154,4.597208,78.657,83.981,12.2000
2026-04-27,CPMAD-INV-01.,6,0.0000,4.597208,,0.000,
2026-04-27,CPMAD-INV-01.,7,44.6402,4.597208,79.593,84.980,12.2000
2026-04-27,CPMAD-INV-01.,8,0.0000,4.597208,,0.000,
2026-04-27,CPMAD-INV-01.,9,44.2926,4.597208,78.973,84.318,12.2000
2026-04-27,CPMAD-INV-01.,10,0.0000,4.597208,,0.000,
2026-04-27,CPMAD-INV-01.,11,44.8331,4.597208,79.936,85.347,12.2000
2026-04-27,CPMAD-INV-01.,12,0.0000,4.597208,,0.000,
2026-04-27,CPMAD-INV-01.,13,44.1708,4.597208,78.755,84.086,12.2000
2026-04-27,CPMAD-INV-01.,14,0.0000,4.597208,,0.000,
2026-04-27,CPMAD-INV-01.,15,44.1283,4.597208,78.680,84.006,12.2000
2026-04-27,CPMAD-INV-01.,16,0.0000,4.597208,,0.000,
2026-04-27,CPMAD-INV-01.,17,45.0756,4.597208,80.369,85.809,12.2000
2026-04-27,CPMAD-INV-01.,18,0.0000,4.597208,,0.000,
2026-04-27,CPMAD-INV-01.,19,44.9502,4.597208,80.145,85.570,12.2000
2026-04-27,CPMAD-INV-01.,20,0.0000,4.597208,,0.000,
2026-04-27,CPMAD-INV-01.,21,44.3585,4.597208,79.090,84.444,12.2000
2026-04-27,CPMAD-INV-01.,22,0.0000,4.597208,,0.000,
2026-04-27,CPMAD-INV-01.,23,0.0000,4.597208,0.000,0.000,12.2000
2026-04-27,CPMAD-INV-01.,24,0.0000,4.597208,,0.000,
2026-04-27,CPMAD-INV-02.,1,35.9628,4.597208,64.121,68.461,12.2000
2026-04-27,CPMAD-INV-02.,2,35.1569,4.597208,78.355,83.659,
2026-04-27,CPMAD-INV-02.,3,36.3181,4.597208,64.754,69.137,12.2000
2026-04-27,CPMAD-INV-02.,4,35.3637,4.597208,78.816,84.151,
2026-04-27,CPMAD-INV-02.,5,30.9315,4.597208,55.150,58.883,12.2000
2026-04-27,CPMAD-INV-02.,6,0.0000,4.597208,,0.000,
2026-04-27,CPMAD-INV-02.,7,35.0755,4.597208,62.539,66.772,12.2000
2026-04-27,CPMAD-INV-02.,8,0.0000,4.597208,,0.000,
2026-04-27,CPMAD-INV-02.,9,35.0713,4.597208,62.531,66.764,12.2000
2026-04-27,CPMAD-INV-02.,10,0.0000,4.597208,,0.000,
2026-04-27,CPMAD-INV-02.,11,32.6780,4.597208,58.264,62.208,12.2000
2026-04-27,CPMAD-INV-02.,12,0.0000,4.597208,,0.000,
2026-04-27,CPMAD-INV-02.,13,31.8531,4.597208,56.793,60.638,12.2000
2026-04-27,CPMAD-INV-02.,14,0.0000,4.597208,,0.000,
2026-04-27,CPMAD-INV-02.,15,29.0314,4.597208,51.762,55.266,12.2000
2026-04-27,CPMAD-INV-02.,16,0.0000,4.597208,,0.000,
2026-04-27,CPMAD-INV-02.,17,36.7278,4.597208,65.485,69.917,12.2000
2026-04-27,CPMAD-INV-02.,18,0.0000,4.597208,,0.000,
2026-04-27,CPMAD-INV-02.,19,31.2152,4.597208,55.656,59.423,12.2000
2026-04-27,CPMAD-INV-02.,20,0.0000,4.597208,,0.000,
2026-04-27,CPMAD-INV-02.,21,35.9285,4.597208,64.060,68.396,12.2000
2026-04-27,CPMAD-INV-02.,22,0.0000,4.597208,,0.000,
2026-04-27,CPMAD-INV-02.,23,36.4642,4.597208,65.015,69.416,12.2000
2026-04-27,CPMAD-INV-02.,24,0.0000,4.597208,,0.000,
2026-04-27,CPMAD-INV-03,1,44.4175,4.597208,79.195,84.556,12.2000
2026-04-27,CPMAD-INV-03,2,0.0000,4.597208,0.000,0.000,
2026-04-27,CPMAD-INV-03,3,45.1204,4.597208,80.449,85.894,12.2000
2026-04-27,CPMAD-INV-03,4,0.0000,4.597208,0.000,0.000,
2026-04-27,CPMAD-INV-03,5,44.6757,4.597208,79.656,85.048,12.2000
2026-04-27,CPMAD-INV-03,6,0.0000,4.597208,,0.000,
2026-04-27,CPMAD-INV-03,7,44.5270,4.597208,79.391,84.765,12.2000
2026-04-27,CPMAD-INV-03,8,0.0000,4.597208,,0.000,
2026-04-27,CPMAD-INV-03,9,44.1761,4.597208,78.765,84.097,12.2000
2026-04-27,CPMAD-INV-03,10,0.0000,4.597208,,0.000,
2026-04-27,CPMAD-INV-03,11,43.1702,4.597208,76.972,82.182,10.9800
2026-04-27,CPMAD-INV-03,12,0.0000,4.597208,,0.000,
2026-04-27,CPMAD-INV-03,13,42.6113,4.597208,75.975,81.118,10.9800
2026-04-27,CPMAD-INV-03,14,0.0000,4.597208,,0.000,
2026-04-27,CPMAD-INV-03,15,41.9085,4.597208,74.722,79.780,10.9800
2026-04-27,CPMAD-INV-03,16,0.0000,4.597208,,0.000,
2026-04-27,CPMAD-INV-03,17,44.0299,4.597208,78.504,83.818,12.2000
2026-04-27,CPMAD-INV-03,18,0.0000,4.597208,,0.000,
2026-04-27,CPMAD-INV-03,19,45.1052,4.597208,80.422,85.865,12.2000
2026-04-27,CPMAD-INV-03,20,0.0000,4.597208,,0.000,
2026-04-27,CPMAD-INV-03,21,46.7118,4.597208,83.286,88.924,12.2000
2026-04-27,CPMAD-INV-03,22,0.0000,4.597208,,0.000,
2026-04-27,CPMAD-INV-03,23,43.9801,4.597208,78.415,83.723,12.2000
2026-04-27,CPMAD-INV-03,24,0.0000,4.597208,,0.000,
2026-04-27,CPMAD-INV-04.,1,47.8876,4.597208,85.383,91.162,9.7600
2026-04-27,CPMAD-INV-04.,2,0.0000,4.597208,0.000,0.000,9.7600
2026-04-27,CPMAD-INV-04.,3,47.3469,4.597208,84.418,90.133,9.7600
2026-04-27,CPMAD-INV-04.,4,0.0000,4.597208,0.000,0.000,9.7600
2026-04-27,CPMAD-INV-04.,5,47.8553,4.597208,85.325,91.101,8.5400
2026-04-27,CPMAD-INV-04.,6,0.0000,4.597208,,0.000,
2026-04-27,CPMAD-INV-04.,7,47.8150,4.597208,85.253,91.024,9.1500
2026-04-27,CPMAD-INV-04.,8,0.0000,4.597208,,0.000,
2026-04-27,CPMAD-INV-04.,9,47.3997,4.597208,84.513,90.233,9.1500
2026-04-27,CPMAD-INV-04.,10,0.0000,4.597208,,0.000,
2026-04-27,CPMAD-INV-04.,11,46.1858,4.597208,82.348,87.922,8.5400
2026-04-27,CPMAD-INV-04.,12,0.0000,4.597208,,0.000,
2026-04-27,CPMAD-INV-04.,13,46.9339,4.597208,83.682,89.346,8.5400
2026-04-27,CPMAD-INV-04.,14,0.0000,4.597208,,0.000,
2026-04-27,CPMAD-INV-04.,15,46.4389,4.597208,82.800,88.404,8.5400
2026-04-27,CPMAD-INV-04.,16,0.0000,4.597208,,0.000,
2026-04-27,CPMAD-INV-04.,17,46.5472,4.597208,82.993,88.610,9.7600
2026-04-27,CPMAD-INV-04.,18,0.0000,4.597208,,0.000,
2026-04-27,CPMAD-INV-04.,19,46.4787,4.597208,82.871,88.480,8.5400
2026-04-27,CPMAD-INV-04.,20,0.0000,4.597208,,0.000,
2026-04-27,CPMAD-INV-04.,21,46.9352,4.597208,83.684,89.349,9.1500
2026-04-27,CPMAD-INV-04.,22,0.0000,4.597208,,0.000,
2026-04-27,CPMAD-INV-04.,23,0.0000,4.597208,0.000,0.000,9.1500
2026-04-27,CPMAD-INV-04.,24,0.0000,4.597208,,0.000,
2026-04-27,CPMAD-INV-05.,1,44.3356,4.597208,79.049,84.400,12.2000
2026-04-27,CPMAD-INV-05.,2,0.0000,4.597208,0.000,0.000,
2026-04-27,CPMAD-INV-05.,3,45.0490,4.597208,80.321,85.758,12.2000
2026-04-27,CPMAD-INV-05.,4,0.0000,4.597208,0.000,0.000,
2026-04-27,CPMAD-INV-05.,5,44.7735,4.597208,79.830,85.234,12.2000
2026-04-27,CPMAD-INV-05.,6,0.0000,4.597208,,0.000,
2026-04-27,CPMAD-INV-05.,7,40.0333,4.597208,71.378,76.210,12.2000
2026-04-27,CPMAD-INV-05.,8,0.0000,4.597208,,0.000,
2026-04-27,CPMAD-INV-05.,9,40.4275,4.597208,72.081,76.961,12.2000
2026-04-27,CPMAD-INV-05.,10,0.0000,4.597208,,0.000,
2026-04-27,CPMAD-INV-05.,11,41.9588,4.597208,74.812,79.876,12.2000
2026-04-27,CPMAD-INV-05.,12,0.0000,4.597208,,0.000,
2026-04-27,CPMAD-INV-05.,13,45.2472,4.597208,80.675,86.136,12.2000
2026-04-27,CPMAD-INV-05.,14,0.0000,4.597208,,0.000,
2026-04-27,CPMAD-INV-05.,15,45.7109,4.597208,81.502,87.018,12.2000
2026-04-27,CPMAD-INV-05.,16,0.0000,4.597208,,0.000,
2026-04-27,CPMAD-INV-05.,17,45.5791,4.597208,81.267,86.767,12.2000
2026-04-27,CPMAD-INV-05.,18,0.0000,4.597208,,0.000,
2026-04-27,CPMAD-INV-05.,19,45.7847,4.597208,81.633,87.159,12.2000
2026-04-27,CPMAD-INV-05.,20,0.0000,4.597208,,0.000,
2026-04-27,CPMAD-INV-05.,21,45.9705,4.597208,81.964,87.513,12.2000
2026-04-27,CPMAD-INV-05.,22,0.0000,4.597208,,0.000,
2026-04-27,CPMAD-INV-05.,23,44.9588,4.597208,80.161,85.587,
2026-04-27,CPMAD-INV-05.,24,0.0000,4.597208,,0.000,
2026-04-27,CPMAD-INV-06,1,44.8338,4.597208,79.938,85.349,12.2000
2026-04-27,CPMAD-INV-06,2,0.0000,4.597208,0.000,0.000,
2026-04-27,CPMAD-INV-06,3,46.1147,4.597208,82.222,87.787,12.2000
2026-04-27,CPMAD-INV-06,4,0.0000,4.597208,0.000,0.000,
2026-04-27,CPMAD-INV-06,5,44.2844,4.597208,78.958,84.303,12.2000
2026-04-27,CPMAD-INV-06,6,0.0000,4.597208,,0.000,
2026-04-27,CPMAD-INV-06,7,42.6809,4.597208,76.099,81.250,12.2000
2026-04-27,CPMAD-INV-06,8,0.0000,4.597208,,0.000,
2026-04-27,CPMAD-INV-06,9,44.5029,4.597208,79.348,84.719,12.2000
2026-04-27,CPMAD-INV-06,10,0.0000,4.597208,,0.000,
2026-04-27,CPMAD-INV-06,11,46.5166,4.597208,82.938,88.552,12.2000
2026-04-27,CPMAD-INV-06,12,0.0000,4.597208,,0.000,
2026-04-27,CPMAD-INV-06,13,45.3040,4.597208,80.776,86.244,12.2000
2026-04-27,CPMAD-INV-06,14,0.0000,4.597208,,0.000,
2026-04-27,CPMAD-INV-06,15,45.6478,4.597208,81.389,86.898,12.2000
2026-04-27,CPMAD-INV-06,16,0.0000,4.597208,,0.000,
2026-04-27,CPMAD-INV-06,17,47.4100,4.597208,84.531,90.253,12.2000
2026-04-27,CPMAD-INV-06,18,0.0000,4.597208,,0.000,
2026-04-27,CPMAD-INV-06,19,48.5853,4.597208,86.627,92.490,12.2000
2026-04-27,CPMAD-INV-06,20,0.0000,4.597208,,0.000,
2026-04-27,CPMAD-INV-06,21,48.3693,4.597208,86.241,92.079,12.2000
2026-04-27,CPMAD-INV-06,22,0.0000,4.597208,,0.000,
2026-04-27,CPMAD-INV-06,23,0.0000,4.597208,0.000,0.000,
2026-04-27,CPMAD-INV-06,24,0.0000,4.597208,,0.000,
2026-04-27,CPMAD-INV-07.,1,45.8840,4.597208,81.810,87.348,12.2000
2026-04-27,CPMAD-INV-07.,2,0.0000,4.597208,0.000,0.000,
2026-04-27,CPMAD-INV-07.,3,47.6148,4.597208,84.896,90.643,12.2000
2026-04-27,CPMAD-INV-07.,4,0.0000,4.597208,0.000,0.000,
2026-04-27,CPMAD-INV-07.,5,47.1842,4.597208,84.128,89.823,12.2000
2026-04-27,CPMAD-INV-07.,6,0.0000,4.597208,,0.000,
2026-04-27,CPMAD-INV-07.,7,47.1521,4.597208,84.071,89.762,12.2000
2026-04-27,CPMAD-INV-07.,8,0.0000,4.597208,,0.000,
2026-04-27,CPMAD-INV-07.,9,47.9339,4.597208,85.465,91.250,12.2000
2026-04-27,CPMAD-INV-07.,10,0.0000,4.597208,,0.000,
2026-04-27,CPMAD-INV-07.,11,47.3104,4.597208,84.353,90.063,12.2000
2026-04-27,CPMAD-INV-07.,12,0.0000,4.597208,,0.000,
2026-04-27,CPMAD-INV-07.,13,47.7866,4.597208,85.203,90.970,12.2000
2026-04-27,CPMAD-INV-07.,14,0.0000,4.597208,,0.000,
2026-04-27,CPMAD-INV-07.,15,48.1843,4.597208,85.912,91.727,12.2000
2026-04-27,CPMAD-INV-07.,16,0.0000,4.597208,,0.000,
2026-04-27,CPMAD-INV-07.,17,47.5322,4.597208,84.749,90.485,12.2000
2026-04-27,CPMAD-INV-07.,18,0.0000,4.597208,,0.000,
2026-04-27,CPMAD-INV-07.,19,46.1520,4.597208,82.288,87.858,12.2000
2026-04-27,CPMAD-INV-07.,20,0.0000,4.597208,,0.000,
2026-04-27,CPMAD-INV-07.,21,47.8111,4.597208,85.246,91.016,12.2000
2026-04-27,CPMAD-INV-07.,22,0.0000,4.597208,,0.000,
2026-04-27,CPMAD-INV-07.,23,47.0615,4.597208,83.910,89.589,
2026-04-27,CPMAD-INV-07.,24,0.0000,4.597208,,0.000,
