Site,Energy Meter (IEM3255),Tanggal,Negative active,Positive Active,Daily GHI
PT. Pusan Manis Mulia 2.06 MWp - Tangerang,RM-01-IEM3255-1,2024-11-17,3563.77,1.03,0.0022222222222222222
PT. Pusan Manis Mulia 2.06 MWp - Tangerang,RM-01-IEM3255-1,2024-11-18,6524.66,1.62,0.020555555555555556
PT. Pusan Manis Mulia 2.06 MWp - Tangerang,RM-01-IEM3255-1,2024-11-19,11653.18,2.25,5.063888888888889
PT. Pusan Manis Mulia 2.06 MWp - Tangerang,RM-01-IEM3255-1,2024-11-20,16468.96,2.93,4.700277777777778
PT. Pusan Manis Mulia 2.06 MWp - Tangerang,RM-01-IEM3255-1,2024-11-21,20047.74,3.57,3.477777777777778
PT. Pusan Manis Mulia 2.06 MWp - Tangerang,RM-01-IEM3255-1,2024-11-22,25937.77,4.13,5.6325
PT. Pusan Manis Mulia 2.06 MWp - Tangerang,RM-01-IEM3255-1,2024-11-23,30750.21,4.66,4.601944444444444
PT. Pusan Manis Mulia 2.06 MWp - Tangerang,RM-01-IEM3255-1,2024-11-24,36286.13,5.26,
PT. Pusan Manis Mulia 2.06 MWp - Tangerang,RM-01-IEM3255-1,2024-11-25,41679.63,5.84,2.9055555555555554
PT. Pusan Manis Mulia 2.06 MWp - Tangerang,RM-01-IEM3255-1,2024-11-26,46420.25,6.42,4.506111111111111
PT. Pusan Manis Mulia 2.06 MWp - Tangerang,RM-01-IEM3255-1,2024-11-27,50904.33,6.94,4.123055555555555
PT. Pusan Manis Mulia 2.06 MWp - Tangerang,RM-01-IEM3255-1,2024-12-03,53410.54,7.44,2.4294444444444445
PT. Pusan Manis Mulia 2.06 MWp - Tangerang,RM-01-IEM3255-1,2024-12-04,55898.61,8.02,2.091666666666667
PT. Pusan Manis Mulia 2.06 MWp - Tangerang,RM-01-IEM3255-1,2024-12-05,60684.65,8.65,4.382777777777778
PT. Pusan Manis Mulia 2.06 MWp - Tangerang,RM-01-IEM3255-1,2024-12-06,63623.43,9.31,2.5330555555555554
PT. Pusan Manis Mulia 2.06 MWp - Tangerang,RM-01-IEM3255-1,2024-12-07,64407.91,9.95,1.51
PT. Pusan Manis Mulia 2.06 MWp - Tangerang,RM-01-IEM3255-1,2024-12-08,69254.57,10.53,4.457222222222223
PT. Pusan Manis Mulia 2.06 MWp - Tangerang,RM-01-IEM3255-1,2024-12-09,70470.05,11.16,1.0827777777777778
PT. Pusan Manis Mulia 2.06 MWp - Tangerang,RM-01-IEM3255-1,2024-12-10,74145.27,11.75,3.192222222222222
PT. Pusan Manis Mulia 2.06 MWp - Tangerang,RM-01-IEM3255-1,2024-12-11,78879.14,12.32,4.401944444444444
PT. Pusan Manis Mulia 2.06 MWp - Tangerang,RM-01-IEM3255-1,2024-12-12,84361.03,12.88,5.115277777777778
PT. Pusan Manis Mulia 2.06 MWp - Tangerang,RM-01-IEM3255-1,2024-12-13,89866.85,13.56,5.246111111111111
PT. Pusan Manis Mulia 2.06 MWp - Tangerang,RM-01-IEM3255-1,2024-12-14,93888.28,14.05,3.6405555555555558
PT. Pusan Manis Mulia 2.06 MWp - Tangerang,RM-01-IEM3255-1,2024-12-15,97552.22,14.51,3.381666666666667
PT. Pusan Manis Mulia 2.06 MWp - Tangerang,RM-01-IEM3255-1,2024-12-16,101145.16,14.95,3.1819444444444445
PT. Pusan Manis Mulia 2.06 MWp - Tangerang,RM-01-IEM3255-1,2024-12-17,105150.99,15.47,3.5708333333333333
PT. Pusan Manis Mulia 2.06 MWp - Tangerang,RM-01-IEM3255-1,2024-12-18,110139.18,15.95,4.830277777777778
PT. Pusan Manis Mulia 2.06 MWp - Tangerang,RM-01-IEM3255-1,2024-12-19,113788.49,16.42,3.7491666666666665
PT. Pusan Manis Mulia 2.06 MWp - Tangerang,RM-01-IEM3255-1,2024-12-20,118852.76,16.94,4.847777777777778
PT. Pusan Manis Mulia 2.06 MWp - Tangerang,RM-01-IEM3255-1,2024-12-21,121299.52,17.63,5.011111111111111
PT. Pusan Manis Mulia 2.06 MWp - Tangerang,RM-01-IEM3255-1,2024-12-22,125510.49,18.3,3.8033333333333332
PT. Pusan Manis Mulia 2.06 MWp - Tangerang,RM-01-IEM3255-1,2024-12-23,128054.89,18.91,2.285277777777778
PT. Pusan Manis Mulia 2.06 MWp - Tangerang,RM-01-IEM3255-1,2024-12-24,132041.36,19.5,3.5505555555555555
PT. Pusan Manis Mulia 2.06 MWp - Tangerang,RM-01-IEM3255-1,2024-12-25,135647.23,20.11,3.2241666666666666
PT. Pusan Manis Mulia 2.06 MWp - Tangerang,RM-01-IEM3255-1,2024-12-26,138950.76,20.79,3.3108333333333335
PT. Pusan Manis Mulia 2.06 MWp - Tangerang,RM-01-IEM3255-1,2024-12-27,143762.24,21.54,5.461388888888889
PT. Pusan Manis Mulia 2.06 MWp - Tangerang,RM-01-IEM3255-1,2024-12-28,149916.57,22.15,5.7572222222222225
PT. Pusan Manis Mulia 2.06 MWp - Tangerang,RM-01-IEM3255-1,2024-12-29,154575.87,22.74,4.341666666666667
PT. Pusan Manis Mulia 2.06 MWp - Tangerang,RM-01-IEM3255-1,2024-12-30,159544.71,23.33,4.478888888888889
PT. Pusan Manis Mulia 2.06 MWp - Tangerang,RM-01-IEM3255-1,2024-12-31,163602.19,23.82,3.741388888888889
PT. Pusan Manis Mulia 2.06 MWp - Tangerang,RM-01-IEM3255-1,2025-01-01,168588.28,24.38,4.648611111111111
PT. Pusan Manis Mulia 2.06 MWp - Tangerang,RM-01-IEM3255-1,2025-01-02,174959.08,25.08,6.141388888888889
PT. Pusan Manis Mulia 2.06 MWp - Tangerang,RM-01-IEM3255-1,2025-01-03,179827.44,25.82,4.525277777777778
PT. Pusan Manis Mulia 2.06 MWp - Tangerang,RM-01-IEM3255-1,2025-01-04,185372.3,26.41,5.187777777777778
PT. Pusan Manis Mulia 2.06 MWp - Tangerang,RM-01-IEM3255-1,2025-01-05,191528.77,27.03,6.192222222222222
PT. Pusan Manis Mulia 2.06 MWp - Tangerang,RM-01-IEM3255-1,2025-01-06,197534.93,27.65,5.9238888888888885
PT. Pusan Manis Mulia 2.06 MWp - Tangerang,RM-01-IEM3255-1,2025-01-07,202500.27,28.4,4.713333333333333
PT. Pusan Manis Mulia 2.06 MWp - Tangerang,RM-01-IEM3255-1,2025-01-08,207550.34,29.27,4.773333333333333
PT. Pusan Manis Mulia 2.06 MWp - Tangerang,RM-01-IEM3255-1,2025-01-09,210467.38,30.19,2.555
PT. Pusan Manis Mulia 2.06 MWp - Tangerang,RM-01-IEM3255-1,2025-01-10,215618.46,31.02,4.9463888888888885
PT. Pusan Manis Mulia 2.06 MWp - Tangerang,RM-01-IEM3255-1,2025-01-11,220834.12,31.51,4.860833333333333
PT. Pusan Manis Mulia 2.06 MWp - Tangerang,RM-01-IEM3255-1,2025-01-12,226343.82,31.93,5.246944444444444
PT. Pusan Manis Mulia 2.06 MWp - Tangerang,RM-01-IEM3255-1,2025-01-13,230712.08,32.38,4.197777777777778
PT. Pusan Manis Mulia 2.06 MWp - Tangerang,RM-01-IEM3255-1,2025-01-14,232471.89,32.98,2.0144444444444445
PT. Pusan Manis Mulia 2.06 MWp - Tangerang,RM-01-IEM3255-1,2025-01-15,238919.22,33.62,6.133611111111111
PT. Pusan Manis Mulia 2.06 MWp - Tangerang,RM-01-IEM3255-1,2025-01-16,243640.59,34.27,4.3005555555555555
PT. Pusan Manis Mulia 2.06 MWp - Tangerang,RM-01-IEM3255-1,2025-01-17,247858.35,34.99,3.96
PT. Pusan Manis Mulia 2.06 MWp - Tangerang,RM-01-IEM3255-1,2025-01-18,252435.92,35.6,4.1825
PT. Pusan Manis Mulia 2.06 MWp - Tangerang,RM-01-IEM3255-1,2025-01-19,258053.46,36.14,5.378333333333333
PT. Pusan Manis Mulia 2.06 MWp - Tangerang,RM-01-IEM3255-1,2025-01-20,261168.41,36.65,2.7672222222222222
PT. Pusan Manis Mulia 2.06 MWp - Tangerang,RM-01-IEM3255-1,2025-01-21,264376.56,37.37,2.960277777777778
PT. Pusan Manis Mulia 2.06 MWp - Tangerang,RM-01-IEM3255-1,2025-01-22,267782.78,38.14,3.047222222222222
PT. Pusan Manis Mulia 2.06 MWp - Tangerang,RM-01-IEM3255-1,2025-01-23,272440.63,38.87,4.363611111111111
PT. Pusan Manis Mulia 2.06 MWp - Tangerang,RM-01-IEM3255-1,2025-01-24,276696.15,39.73,3.912777777777778
PT. Pusan Manis Mulia 2.06 MWp - Tangerang,RM-01-IEM3255-1,2025-01-25,281442.9,40.57,4.501944444444445
PT. Pusan Manis Mulia 2.06 MWp - Tangerang,RM-01-IEM3255-1,2025-01-26,286952.12,41.19,5.231388888888889
PT. Pusan Manis Mulia 2.06 MWp - Tangerang,RM-01-IEM3255-1,2025-01-27,290739.84,41.79,3.3202777777777777
PT. Pusan Manis Mulia 2.06 MWp - Tangerang,RM-01-IEM3255-1,2025-01-28,292620.16,42.41,1.6452777777777778
PT. Pusan Manis Mulia 2.06 MWp - Tangerang,RM-01-IEM3255-1,2025-01-30,299436.14,43.31,4.920555555555556
PT. Pusan Manis Mulia 2.06 MWp - Tangerang,RM-01-IEM3255-1,2025-01-31,305297.72,43.84,5.633333333333333
PT. Pusan Manis Mulia 2.06 MWp - Tangerang,RM-01-IEM3255-1,2025-02-01,309099.25,44.47,3.5480555555555555
PT. Pusan Manis Mulia 2.06 MWp - Tangerang,RM-01-IEM3255-1,2025-02-02,313694.64,45.07,4.291388888888889
PT. Pusan Manis Mulia 2.06 MWp - Tangerang,RM-01-IEM3255-1,2025-02-03,317939.52,45.72,3.883611111111111
PT. Pusan Manis Mulia 2.06 MWp - Tangerang,RM-01-IEM3255-1,2025-02-04,321699.41,46.46,3.4902777777777776
PT. Pusan Manis Mulia 2.06 MWp - Tangerang,RM-01-IEM3255-1,2025-02-05,326198.21,47.15,4.301111111111111
PT. Pusan Manis Mulia 2.06 MWp - Tangerang,RM-01-IEM3255-1,2025-02-06,330301.32,47.96,3.821388888888889
PT. Pusan Manis Mulia 2.06 MWp - Tangerang,RM-01-IEM3255-1,2025-02-07,335577.31,48.62,5.106111111111111
PT. Pusan Manis Mulia 2.06 MWp - Tangerang,RM-01-IEM3255-1,2025-02-08,339553.41,49.28,3.763333333333333
PT. Pusan Manis Mulia 2.06 MWp - Tangerang,RM-01-IEM3255-1,2025-02-09,345117.99,49.82,5.473055555555556
PT. Pusan Manis Mulia 2.06 MWp - Tangerang,RM-01-IEM3255-1,2025-02-10,349091.02,50.37,3.658333333333333
PT. Pusan Manis Mulia 2.06 MWp - Tangerang,RM-01-IEM3255-1,2025-02-11,353859.3,50.93,4.456666666666667
PT. Pusan Manis Mulia 2.06 MWp - Tangerang,RM-01-IEM3255-1,2025-02-12,360377.35,51.46,6.469444444444444
PT. Pusan Manis Mulia 2.06 MWp - Tangerang,RM-01-IEM3255-1,2025-02-13,367533.75,51.94,7.158055555555555
PT. Pusan Manis Mulia 2.06 MWp - Tangerang,RM-01-IEM3255-1,2025-02-14,373404.38,52.41,5.909722222222222
PT. Pusan Manis Mulia 2.06 MWp - Tangerang,RM-01-IEM3255-1,2025-02-15,377675.73,52.9,4.090833333333333
PT. Pusan Manis Mulia 2.06 MWp - Tangerang,RM-01-IEM3255-1,2025-02-16,380946.56,53.39,3.1055555555555556
PT. Pusan Manis Mulia 2.06 MWp - Tangerang,RM-01-IEM3255-1,2025-02-17,383903.16,53.81,2.7044444444444444
PT. Pusan Manis Mulia 2.06 MWp - Tangerang,RM-01-IEM3255-1,2025-02-18,386715.8,54.29,2.6169444444444445
PT. Pusan Manis Mulia 2.06 MWp - Tangerang,RM-01-IEM3255-1,2025-02-19,390916.92,54.76,3.9425
PT. Pusan Manis Mulia 2.06 MWp - Tangerang,RM-01-IEM3255-1,2025-02-20,397224.26,55.23,6.165
PT. Pusan Manis Mulia 2.06 MWp - Tangerang,RM-01-IEM3255-1,2025-02-21,400746.22,55.69,3.2241666666666666
PT. Pusan Manis Mulia 2.06 MWp - Tangerang,RM-01-IEM3255-1,2025-02-22,403369.49,56.18,2.3344444444444443
PT. Pusan Manis Mulia 2.06 MWp - Tangerang,RM-01-IEM3255-1,2025-02-23,406203.85,56.73,2.513333333333333
PT. Pusan Manis Mulia 2.06 MWp - Tangerang,RM-01-IEM3255-1,2025-02-24,409649.05,57.31,3.292777777777778
PT. Pusan Manis Mulia 2.06 MWp - Tangerang,RM-01-IEM3255-1,2025-02-25,415244.99,57.93,5.351666666666667
PT. Pusan Manis Mulia 2.06 MWp - Tangerang,RM-01-IEM3255-1,2025-02-26,418252.61,58.42,2.7125
PT. Pusan Manis Mulia 2.06 MWp - Tangerang,RM-01-IEM3255-1,2025-02-27,421334.26,58.93,2.915277777777778
PT. Pusan Manis Mulia 2.06 MWp - Tangerang,RM-01-IEM3255-1,2025-02-28,426249.93,59.41,4.751111111111111
PT. Pusan Manis Mulia 2.06 MWp - Tangerang,RM-01-IEM3255-1,2025-03-01,429194.26,59.94,2.942222222222222
PT. Pusan Manis Mulia 2.06 MWp - Tangerang,RM-01-IEM3255-1,2025-03-02,434403.6,60.57,5.1275
PT. Pusan Manis Mulia 2.06 MWp - Tangerang,RM-01-IEM3255-1,2025-03-03,438521.85,61.1,3.9230555555555555
PT. Pusan Manis Mulia 2.06 MWp - Tangerang,RM-01-IEM3255-1,2025-03-04,440964.21,61.7,2.276111111111111
PT. Pusan Manis Mulia 2.06 MWp - Tangerang,RM-01-IEM3255-1,2025-03-05,446635.51,62.29,5.661666666666667
PT. Pusan Manis Mulia 2.06 MWp - Tangerang,RM-01-IEM3255-1,2025-03-06,451244.72,62.93,4.546388888888889
PT. Pusan Manis Mulia 2.06 MWp - Tangerang,RM-01-IEM3255-1,2025-03-07,455496.1,63.5,3.9530555555555558
PT. Pusan Manis Mulia 2.06 MWp - Tangerang,RM-01-IEM3255-1,2025-03-08,459526.84,64.08,4.043888888888889
PT. Pusan Manis Mulia 2.06 MWp - Tangerang,RM-01-IEM3255-1,2025-03-09,463147.65,64.68,3.431111111111111
PT. Pusan Manis Mulia 2.06 MWp - Tangerang,RM-01-IEM3255-1,2025-03-10,466720.58,65.26,3.3713888888888888
PT. Pusan Manis Mulia 2.06 MWp - Tangerang,RM-01-IEM3255-1,2025-03-11,471560.96,65.86,4.858333333333333
PT. Pusan Manis Mulia 2.06 MWp - Tangerang,RM-01-IEM3255-1,2025-03-12,477293.16,66.49,5.7975
PT. Pusan Manis Mulia 2.06 MWp - Tangerang,RM-01-IEM3255-1,2025-03-13,481789.35,67.08,4.4025
PT. Pusan Manis Mulia 2.06 MWp - Tangerang,RM-01-IEM3255-1,2025-03-14,486342.03,67.69,4.695
PT. Pusan Manis Mulia 2.06 MWp - Tangerang,RM-01-IEM3255-1,2025-03-15,491762.0,68.57,5.269722222222223
PT. Pusan Manis Mulia 2.06 MWp - Tangerang,RM-01-IEM3255-1,2025-03-16,495887.37,69.23,3.9283333333333332
PT. Pusan Manis Mulia 2.06 MWp - Tangerang,RM-01-IEM3255-1,2025-03-17,498848.32,69.84,2.7816666666666667
PT. Pusan Manis Mulia 2.06 MWp - Tangerang,RM-01-IEM3255-1,2025-03-18,503152.28,70.43,4.391944444444444
PT. Pusan Manis Mulia 2.06 MWp - Tangerang,RM-01-IEM3255-1,2025-03-19,507950.48,70.92,5.1775
PT. Pusan Manis Mulia 2.06 MWp - Tangerang,RM-01-IEM3255-1,2025-03-20,512411.22,71.58,4.774166666666667
PT. Pusan Manis Mulia 2.06 MWp - Tangerang,RM-01-IEM3255-1,2025-03-21,518883.31,72.19,6.5472222222222225
PT. Pusan Manis Mulia 2.06 MWp - Tangerang,RM-01-IEM3255-1,2025-03-22,521360.67,72.67,2.3558333333333334
PT. Pusan Manis Mulia 2.06 MWp - Tangerang,RM-01-IEM3255-1,2025-03-23,526626.35,73.23,5.255277777777778
PT. Pusan Manis Mulia 2.06 MWp - Tangerang,RM-01-IEM3255-1,2025-03-24,531680.05,73.79,4.97
PT. Pusan Manis Mulia 2.06 MWp - Tangerang,RM-01-IEM3255-1,2025-03-25,535251.88,74.35,3.4355555555555557
PT. Pusan Manis Mulia 2.06 MWp - Tangerang,RM-01-IEM3255-1,2025-03-26,539062.73,74.9,3.6572222222222224
PT. Pusan Manis Mulia 2.06 MWp - Tangerang,RM-01-IEM3255-1,2025-03-27,541413.96,75.38,2.223055555555556
PT. Pusan Manis Mulia 2.06 MWp - Tangerang,RM-01-IEM3255-1,2025-03-28,545489.37,75.87,3.873611111111111
PT. Pusan Manis Mulia 2.06 MWp - Tangerang,RM-01-IEM3255-1,2025-03-29,550963.18,76.52,5.4125
PT. Pusan Manis Mulia 2.06 MWp - Tangerang,RM-01-IEM3255-1,2025-03-30,556907.97,77.42,6.021111111111111
PT. Pusan Manis Mulia 2.06 MWp - Tangerang,RM-01-IEM3255-1,2025-03-31,561982.76,78.1,5.1033333333333335
PT. Pusan Manis Mulia 2.06 MWp - Tangerang,RM-01-IEM3255-1,2025-04-01,565184.48,78.69,2.193888888888889
PT. Pusan Manis Mulia 2.06 MWp - Tangerang,RM-01-IEM3255-1,2025-04-02,569908.33,79.29,4.681666666666667
PT. Pusan Manis Mulia 2.06 MWp - Tangerang,RM-01-IEM3255-1,2025-04-03,574724.72,79.85,4.848055555555556
PT. Pusan Manis Mulia 2.06 MWp - Tangerang,RM-01-IEM3255-1,2025-04-04,578956.69,80.43,4.165
PT. Pusan Manis Mulia 2.06 MWp - Tangerang,RM-01-IEM3255-1,2025-04-05,583619.26,81.18,4.6
PT. Pusan Manis Mulia 2.06 MWp - Tangerang,RM-01-IEM3255-1,2025-04-06,588007.79,81.87,4.5075
PT. Pusan Manis Mulia 2.06 MWp - Tangerang,RM-01-IEM3255-1,2025-04-10,606617.53,84.62,3.0858333333333334
PT. Pusan Manis Mulia 2.06 MWp - Tangerang,RM-01-IEM3255-1,2025-04-11,609517.17,85.33,2.8961111111111113
PT. Pusan Manis Mulia 2.06 MWp - Tangerang,RM-01-IEM3255-1,2025-04-12,612283.18,86.07,2.605
PT. Pusan Manis Mulia 2.06 MWp - Tangerang,RM-01-IEM3255-1,2025-04-13,614652.44,86.63,2.2555555555555555
PT. Pusan Manis Mulia 2.06 MWp - Tangerang,RM-01-IEM3255-1,2025-04-14,620740.82,87.37,5.891388888888889
PT. Pusan Manis Mulia 2.06 MWp - Tangerang,RM-01-IEM3255-1,2025-04-15,623690.38,88.0,2.631944444444444
PT. Pusan Manis Mulia 2.06 MWp - Tangerang,RM-01-IEM3255-1,2025-04-16,628755.17,88.57,4.9494444444444445
PT. Pusan Manis Mulia 2.06 MWp - Tangerang,RM-01-IEM3255-1,2025-04-17,630753.11,89.09,1.7208333333333332
PT. Pusan Manis Mulia 2.06 MWp - Tangerang,RM-01-IEM3255-1,2025-04-18,634735.09,89.8,3.7736111111111112
PT. Pusan Manis Mulia 2.06 MWp - Tangerang,RM-01-IEM3255-1,2025-04-19,640662.26,90.52,5.714166666666666
PT. Pusan Manis Mulia 2.06 MWp - Tangerang,RM-01-IEM3255-1,2025-04-20,646302.41,91.28,5.431666666666667
PT. Pusan Manis Mulia 2.06 MWp - Tangerang,RM-01-IEM3255-1,2025-04-21,650053.79,91.79,3.388333333333333
PT. Pusan Manis Mulia 2.06 MWp - Tangerang,RM-01-IEM3255-1,2025-04-22,654796.71,92.4,4.4880555555555555
PT. Pusan Manis Mulia 2.06 MWp - Tangerang,RM-01-IEM3255-1,2025-04-23,660941.08,93.08,5.983055555555556
PT. Pusan Manis Mulia 2.06 MWp - Tangerang,RM-01-IEM3255-1,2025-04-24,667019.05,94.13,5.964722222222222
PT. Pusan Manis Mulia 2.06 MWp - Tangerang,RM-01-IEM3255-1,2025-04-25,671747.35,94.76,4.650833333333333
PT. Pusan Manis Mulia 2.06 MWp - Tangerang,RM-01-IEM3255-1,2025-04-26,676374.31,95.61,4.455
PT. Pusan Manis Mulia 2.06 MWp - Tangerang,RM-01-IEM3255-1,2025-04-27,680928.11,96.26,4.457777777777777
PT. Pusan Manis Mulia 2.06 MWp - Tangerang,RM-01-IEM3255-1,2025-04-28,685664.52,96.85,4.56
PT. Pusan Manis Mulia 2.06 MWp - Tangerang,RM-01-IEM3255-1,2025-04-29,690835.97,97.4,5.066944444444444
PT. Pusan Manis Mulia 2.06 MWp - Tangerang,RM-01-IEM3255-1,2025-04-30,694461.05,98.07,3.486944444444444
PT. Pusan Manis Mulia 2.06 MWp - Tangerang,RM-01-IEM3255-1,2025-05-01,699021.4,98.93,4.407777777777778
PT. Pusan Manis Mulia 2.06 MWp - Tangerang,RM-01-IEM3255-1,2025-05-02,703084.42,99.47,3.8994444444444443
PT. Pusan Manis Mulia 2.06 MWp - Tangerang,RM-01-IEM3255-1,2025-05-03,708350.0,100.06,5.1
PT. Pusan Manis Mulia 2.06 MWp - Tangerang,RM-01-IEM3255-1,2025-05-04,712798.92,100.56,4.212777777777778
PT. Pusan Manis Mulia 2.06 MWp - Tangerang,RM-01-IEM3255-1,2025-05-05,717311.97,101.15,4.424166666666666
PT. Pusan Manis Mulia 2.06 MWp - Tangerang,RM-01-IEM3255-1,2025-05-06,721737.45,101.76,4.296388888888889
PT. Pusan Manis Mulia 2.06 MWp - Tangerang,RM-01-IEM3255-1,2025-05-07,724414.99,102.37,2.5772222222222223
PT. Pusan Manis Mulia 2.06 MWp - Tangerang,RM-01-IEM3255-1,2025-05-08,729177.21,103.03,4.605833333333333
PT. Pusan Manis Mulia 2.06 MWp - Tangerang,RM-01-IEM3255-1,2025-05-09,734123.25,103.93,4.696666666666666
PT. Pusan Manis Mulia 2.06 MWp - Tangerang,RM-01-IEM3255-1,2025-05-10,739453.81,104.97,5.246944444444444
PT. Pusan Manis Mulia 2.06 MWp - Tangerang,RM-01-IEM3255-1,2025-05-11,743741.39,105.77,4.2
PT. Pusan Manis Mulia 2.06 MWp - Tangerang,RM-01-IEM3255-1,2025-05-12,748289.09,106.3,4.28
PT. Pusan Manis Mulia 2.06 MWp - Tangerang,RM-01-IEM3255-1,2025-05-13,753555.8,107.25,5.191944444444444
PT. Pusan Manis Mulia 2.06 MWp - Tangerang,RM-01-IEM3255-1,2025-05-14,757316.07,107.75,3.578333333333333
PT. Pusan Manis Mulia 2.06 MWp - Tangerang,RM-01-IEM3255-1,2025-05-15,760458.39,108.28,3.004166666666667
PT. Pusan Manis Mulia 2.06 MWp - Tangerang,RM-01-IEM3255-1,2025-05-16,764237.1,108.93,3.6752777777777776
PT. Pusan Manis Mulia 2.06 MWp - Tangerang,RM-01-IEM3255-1,2025-05-17,767738.76,109.43,3.444722222222222
PT. Pusan Manis Mulia 2.06 MWp - Tangerang,RM-01-IEM3255-1,2025-05-18,772009.37,110.02,4.139166666666667
PT. Pusan Manis Mulia 2.06 MWp - Tangerang,RM-01-IEM3255-1,2025-05-19,776760.84,110.54,4.599722222222222
PT. Pusan Manis Mulia 2.06 MWp - Tangerang,RM-01-IEM3255-1,2025-05-20,779679.94,111.09,2.799444444444444
PT. Pusan Manis Mulia 2.06 MWp - Tangerang,RM-01-IEM3255-1,2025-05-21,782095.75,111.66,2.2905555555555557
PT. Pusan Manis Mulia 2.06 MWp - Tangerang,RM-01-IEM3255-1,2025-05-22,784715.37,112.23,2.4319444444444445
PT. Pusan Manis Mulia 2.06 MWp - Tangerang,RM-01-IEM3255-1,2025-05-23,786760.33,112.77,1.8580555555555556
PT. Pusan Manis Mulia 2.06 MWp - Tangerang,RM-01-IEM3255-1,2025-05-24,790371.2,113.35,3.4941666666666666
PT. Pusan Manis Mulia 2.06 MWp - Tangerang,RM-01-IEM3255-1,2025-05-25,792852.76,113.87,2.2419444444444445
PT. Pusan Manis Mulia 2.06 MWp - Tangerang,RM-01-IEM3255-1,2025-05-26,794737.53,114.46,1.7094444444444443
PT. Pusan Manis Mulia 2.06 MWp - Tangerang,RM-01-IEM3255-1,2025-05-27,799904.95,115.1,5.150277777777778
PT. Pusan Manis Mulia 2.06 MWp - Tangerang,RM-01-IEM3255-1,2025-05-28,804427.39,115.54,4.475
PT. Pusan Manis Mulia 2.06 MWp - Tangerang,RM-01-IEM3255-1,2025-05-29,808247.78,116.01,3.758888888888889
PT. Pusan Manis Mulia 2.06 MWp - Tangerang,RM-01-IEM3255-1,2025-05-30,812706.48,116.55,4.4366666666666665
PT. Pusan Manis Mulia 2.06 MWp - Tangerang,RM-01-IEM3255-1,2025-05-31,817300.22,117.08,4.5183333333333335
PT. Pusan Manis Mulia 2.06 MWp - Tangerang,RM-01-IEM3255-1,2025-06-01,820437.37,117.67,2.9297222222222223
PT. Pusan Manis Mulia 2.06 MWp - Tangerang,RM-01-IEM3255-1,2025-06-02,825352.48,118.18,4.896944444444444
PT. Pusan Manis Mulia 2.06 MWp - Tangerang,RM-01-IEM3255-1,2025-06-03,828807.9,118.69,3.4408333333333334
PT. Pusan Manis Mulia 2.06 MWp - Tangerang,RM-01-IEM3255-1,2025-06-04,832111.72,119.24,3.1880555555555556
PT. Pusan Manis Mulia 2.06 MWp - Tangerang,RM-01-IEM3255-1,2025-06-05,835755.11,119.74,3.5305555555555554
PT. Pusan Manis Mulia 2.06 MWp - Tangerang,RM-01-IEM3255-1,2025-06-06,839651.36,120.27,3.777222222222222
PT. Pusan Manis Mulia 2.06 MWp - Tangerang,RM-01-IEM3255-1,2025-06-07,844521.78,120.85,4.771944444444444
PT. Pusan Manis Mulia 2.06 MWp - Tangerang,RM-01-IEM3255-1,2025-06-08,848961.98,121.45,4.440833333333333
PT. Pusan Manis Mulia 2.06 MWp - Tangerang,RM-01-IEM3255-1,2025-06-09,852485.66,121.92,3.425
PT. Pusan Manis Mulia 2.06 MWp - Tangerang,RM-01-IEM3255-1,2025-06-10,856175.19,122.55,3.5469444444444442
PT. Pusan Manis Mulia 2.06 MWp - Tangerang,RM-01-IEM3255-1,2025-06-11,859669.59,123.09,3.3830555555555555
PT. Pusan Manis Mulia 2.06 MWp - Tangerang,RM-01-IEM3255-1,2025-06-12,864567.13,123.72,4.8725
PT. Pusan Manis Mulia 2.06 MWp - Tangerang,RM-01-IEM3255-1,2025-06-13,869515.45,124.69,4.918055555555555
PT. Pusan Manis Mulia 2.06 MWp - Tangerang,RM-01-IEM3255-1,2025-06-14,873356.8,125.2,3.720277777777778
PT. Pusan Manis Mulia 2.06 MWp - Tangerang,RM-01-IEM3255-1,2025-06-15,877234.03,125.65,3.862222222222222
PT. Pusan Manis Mulia 2.06 MWp - Tangerang,RM-01-IEM3255-1,2025-06-16,881485.15,126.16,4.306111111111111
PT. Pusan Manis Mulia 2.06 MWp - Tangerang,RM-01-IEM3255-1,2025-06-17,885139.63,126.72,3.6575
PT. Pusan Manis Mulia 2.06 MWp - Tangerang,RM-01-IEM3255-1,2025-06-18,887151.31,127.28,1.863888888888889
PT. Pusan Manis Mulia 2.06 MWp - Tangerang,RM-01-IEM3255-1,2025-06-19,888113.7,127.81,1.418611111111111
PT. Pusan Manis Mulia 2.06 MWp - Tangerang,RM-01-IEM3255-1,2025-06-20,892177.82,128.32,3.9591666666666665
PT. Pusan Manis Mulia 2.06 MWp - Tangerang,RM-01-IEM3255-1,2025-06-21,894781.14,128.89,2.473055555555556
PT. Pusan Manis Mulia 2.06 MWp - Tangerang,RM-01-IEM3255-1,2025-06-22,899246.08,129.41,4.446111111111111
PT. Pusan Manis Mulia 2.06 MWp - Tangerang,RM-01-IEM3255-1,2025-06-23,903621.98,129.87,4.316388888888889
PT. Pusan Manis Mulia 2.06 MWp - Tangerang,RM-01-IEM3255-1,2025-06-24,907431.21,130.38,3.752222222222222
PT. Pusan Manis Mulia 2.06 MWp - Tangerang,RM-01-IEM3255-1,2025-06-25,911431.06,130.9,3.9652777777777777
PT. Pusan Manis Mulia 2.06 MWp - Tangerang,RM-01-IEM3255-1,2025-06-26,915484.02,131.49,4.106944444444444
PT. Pusan Manis Mulia 2.06 MWp - Tangerang,RM-01-IEM3255-1,2025-06-27,918946.4,131.99,3.36
PT. Pusan Manis Mulia 2.06 MWp - Tangerang,RM-01-IEM3255-1,2025-06-28,921052.7,132.58,2.0772222222222223
PT. Pusan Manis Mulia 2.06 MWp - Tangerang,RM-01-IEM3255-1,2025-06-29,922347.16,133.14,1.0933333333333333
PT. Pusan Manis Mulia 2.06 MWp - Tangerang,RM-01-IEM3255-1,2025-06-30,926427.11,133.71,3.984722222222222
PT. Pusan Manis Mulia 2.06 MWp - Tangerang,RM-01-IEM3255-1,2025-07-01,930550.24,134.17,4.085833333333333
PT. Pusan Manis Mulia 2.06 MWp - Tangerang,RM-01-IEM3255-1,2025-07-02,934647.59,134.71,4.105277777777777
PT. Pusan Manis Mulia 2.06 MWp - Tangerang,RM-01-IEM3255-1,2025-07-03,938766.08,135.31,4.035555555555556
PT. Pusan Manis Mulia 2.06 MWp - Tangerang,RM-01-IEM3255-1,2025-07-04,942570.24,135.86,3.7552777777777777
PT. Pusan Manis Mulia 2.06 MWp - Tangerang,RM-01-IEM3255-1,2025-07-05,945373.84,136.44,2.786388888888889
PT. Pusan Manis Mulia 2.06 MWp - Tangerang,RM-01-IEM3255-1,2025-07-06,948892.68,137.07,3.473333333333333
PT. Pusan Manis Mulia 2.06 MWp - Tangerang,RM-01-IEM3255-1,2025-07-07,952838.0,137.62,3.924444444444444
PT. Pusan Manis Mulia 2.06 MWp - Tangerang,RM-01-IEM3255-1,2025-07-08,957714.42,138.1,4.831944444444445
PT. Pusan Manis Mulia 2.06 MWp - Tangerang,RM-01-IEM3255-1,2025-07-09,962095.46,138.56,4.325
PT. Pusan Manis Mulia 2.06 MWp - Tangerang,RM-01-IEM3255-1,2025-07-10,966415.01,139.01,4.400277777777778
PT. Pusan Manis Mulia 2.06 MWp - Tangerang,RM-01-IEM3255-1,2025-07-11,968798.11,139.53,2.2894444444444444
PT. Pusan Manis Mulia 2.06 MWp - Tangerang,RM-01-IEM3255-1,2025-07-12,973560.99,140.01,4.841111111111111
PT. Pusan Manis Mulia 2.06 MWp - Tangerang,RM-01-IEM3255-1,2025-07-13,976478.18,140.62,2.8158333333333334
PT. Pusan Manis Mulia 2.06 MWp - Tangerang,RM-01-IEM3255-1,2025-07-14,979037.21,141.28,2.393611111111111
PT. Pusan Manis Mulia 2.06 MWp - Tangerang,RM-01-IEM3255-1,2025-07-15,983635.3,141.9,4.516666666666667
PT. Pusan Manis Mulia 2.06 MWp - Tangerang,RM-01-IEM3255-1,2025-07-16,987427.84,142.47,3.746111111111111
PT. Pusan Manis Mulia 2.06 MWp - Tangerang,RM-01-IEM3255-1,2025-07-17,991326.98,142.99,3.8016666666666667
PT. Pusan Manis Mulia 2.06 MWp - Tangerang,RM-01-IEM3255-1,2025-07-18,994835.1,143.55,3.4591666666666665
PT. Pusan Manis Mulia 2.06 MWp - Tangerang,RM-01-IEM3255-1,2025-07-19,1000438.75,144.17,5.646944444444444
PT. Pusan Manis Mulia 2.06 MWp - Tangerang,RM-01-IEM3255-1,2025-07-20,1005618.4,144.78,5.2363888888888885
PT. Pusan Manis Mulia 2.06 MWp - Tangerang,RM-01-IEM3255-1,2025-07-21,1010310.05,145.32,4.753055555555556
PT. Pusan Manis Mulia 2.06 MWp - Tangerang,RM-01-IEM3255-1,2025-07-22,1015446.6,145.82,5.175
PT. Pusan Manis Mulia 2.06 MWp - Tangerang,RM-01-IEM3255-1,2025-07-23,1020491.33,146.35,5.153888888888889
PT. Pusan Manis Mulia 2.06 MWp - Tangerang,RM-01-IEM3255-1,2025-07-24,1024623.16,146.87,4.206388888888889
PT. Pusan Manis Mulia 2.06 MWp - Tangerang,RM-01-IEM3255-1,2025-07-25,1029818.49,147.42,5.2972222222222225
PT. Pusan Manis Mulia 2.06 MWp - Tangerang,RM-01-IEM3255-1,2025-07-26,1034621.25,147.94,4.943333333333333
PT. Pusan Manis Mulia 2.06 MWp - Tangerang,RM-01-IEM3255-1,2025-07-27,1037990.83,148.42,3.395
PT. Pusan Manis Mulia 2.06 MWp - Tangerang,RM-01-IEM3255-1,2025-07-28,1040613.48,148.91,2.5930555555555554
PT. Pusan Manis Mulia 2.06 MWp - Tangerang,RM-01-IEM3255-1,2025-07-29,1044820.09,149.56,4.214722222222222
PT. Pusan Manis Mulia 2.06 MWp - Tangerang,RM-01-IEM3255-1,2025-07-30,1048492.26,150.14,3.7294444444444443
PT. Pusan Manis Mulia 2.06 MWp - Tangerang,RM-01-IEM3255-1,2025-07-31,1053303.33,150.75,4.799166666666666
PT. Pusan Manis Mulia 2.06 MWp - Tangerang,RM-01-IEM3255-1,2025-08-01,1058568.02,151.18,5.357222222222222
PT. Pusan Manis Mulia 2.06 MWp - Tangerang,RM-01-IEM3255-1,2025-08-02,1060868.79,151.66,5.404166666666667
PT. Pusan Manis Mulia 2.06 MWp - Tangerang,RM-01-IEM3255-1,2025-08-03,1063884.64,152.14,3.0533333333333332
PT. Pusan Manis Mulia 2.06 MWp - Tangerang,RM-01-IEM3255-1,2025-08-04,1067128.03,152.62,3.174722222222222
PT. Pusan Manis Mulia 2.06 MWp - Tangerang,RM-01-IEM3255-1,2025-08-05,1071044.96,153.12,3.8858333333333333
PT. Pusan Manis Mulia 2.06 MWp - Tangerang,RM-01-IEM3255-1,2025-08-06,1075136.92,153.61,4.023888888888889
PT. Pusan Manis Mulia 2.06 MWp - Tangerang,RM-01-IEM3255-1,2025-08-07,1079284.91,154.05,4.1241666666666665
PT. Pusan Manis Mulia 2.06 MWp - Tangerang,RM-01-IEM3255-1,2025-08-08,1083299.38,154.57,3.8627777777777776
PT. Pusan Manis Mulia 2.06 MWp - Tangerang,RM-01-IEM3255-1,2025-08-09,1086793.37,155.08,3.4452777777777777
PT. Pusan Manis Mulia 2.06 MWp - Tangerang,RM-01-IEM3255-1,2025-08-10,1091180.96,155.54,4.404166666666667
PT. Pusan Manis Mulia 2.06 MWp - Tangerang,RM-01-IEM3255-1,2025-08-11,1094079.49,156.05,2.777222222222222
PT. Pusan Manis Mulia 2.06 MWp - Tangerang,RM-01-IEM3255-1,2025-08-12,1096207.44,156.59,2.031388888888889
PT. Pusan Manis Mulia 2.06 MWp - Tangerang,RM-01-IEM3255-1,2025-08-13,1099654.21,157.14,3.372777777777778
PT. Pusan Manis Mulia 2.06 MWp - Tangerang,RM-01-IEM3255-1,2025-08-14,1103132.87,157.62,3.32
PT. Pusan Manis Mulia 2.06 MWp - Tangerang,RM-01-IEM3255-1,2025-08-15,1108235.72,158.19,5.171111111111111
PT. Pusan Manis Mulia 2.06 MWp - Tangerang,RM-01-IEM3255-1,2025-08-16,1114091.69,158.78,5.8213888888888885
PT. Pusan Manis Mulia 2.06 MWp - Tangerang,RM-01-IEM3255-1,2025-08-17,1119534.4,159.23,5.411944444444444
PT. Pusan Manis Mulia 2.06 MWp - Tangerang,RM-01-IEM3255-1,2025-08-18,1122779.78,159.78,3.081111111111111
PT. Pusan Manis Mulia 2.06 MWp - Tangerang,RM-01-IEM3255-1,2025-08-19,1125756.22,160.33,2.718611111111111
PT. Pusan Manis Mulia 2.06 MWp - Tangerang,RM-01-IEM3255-1,2025-08-20,1129060.7,160.89,3.1416666666666666
PT. Pusan Manis Mulia 2.06 MWp - Tangerang,RM-01-IEM3255-1,2025-08-21,1133593.35,161.4,4.363611111111111
PT. Pusan Manis Mulia 2.06 MWp - Tangerang,RM-01-IEM3255-1,2025-08-22,1138230.03,161.9,4.603888888888889
PT. Pusan Manis Mulia 2.06 MWp - Tangerang,RM-01-IEM3255-1,2025-08-23,1142171.49,162.37,3.905
PT. Pusan Manis Mulia 2.06 MWp - Tangerang,RM-01-IEM3255-1,2025-08-24,1147202.94,162.9,5.049166666666666
PT. Pusan Manis Mulia 2.06 MWp - Tangerang,RM-01-IEM3255-1,2025-08-25,1151416.12,163.38,4.148611111111111
PT. Pusan Manis Mulia 2.06 MWp - Tangerang,RM-01-IEM3255-1,2025-08-26,1157409.28,163.95,6.028888888888889
PT. Pusan Manis Mulia 2.06 MWp - Tangerang,RM-01-IEM3255-1,2025-08-27,1163695.36,164.63,6.354722222222223
PT. Pusan Manis Mulia 2.06 MWp - Tangerang,RM-01-IEM3255-1,2025-08-28,1168092.08,165.06,4.366944444444444
PT. Pusan Manis Mulia 2.06 MWp - Tangerang,RM-01-IEM3255-1,2025-08-29,1173481.24,165.53,5.475555555555555
PT. Pusan Manis Mulia 2.06 MWp - Tangerang,RM-01-IEM3255-1,2025-08-30,1177067.87,166.01,3.5477777777777777
PT. Pusan Manis Mulia 2.06 MWp - Tangerang,RM-01-IEM3255-1,2025-08-31,1181431.69,166.51,4.307222222222222
PT. Pusan Manis Mulia 2.06 MWp - Tangerang,RM-01-IEM3255-1,2025-09-01,1187237.82,167.16,5.880833333333333
PT. Pusan Manis Mulia 2.06 MWp - Tangerang,RM-01-IEM3255-1,2025-09-02,1193268.5,167.7,6.138333333333334
PT. Pusan Manis Mulia 2.06 MWp - Tangerang,RM-01-IEM3255-1,2025-09-03,1199734.23,168.51,6.559166666666667
PT. Pusan Manis Mulia 2.06 MWp - Tangerang,RM-01-IEM3255-1,2025-09-04,1204861.99,169.05,5.240833333333334
PT. Pusan Manis Mulia 2.06 MWp - Tangerang,RM-01-IEM3255-1,2025-09-05,1208676.1,169.54,3.8491666666666666
PT. Pusan Manis Mulia 2.06 MWp - Tangerang,RM-01-IEM3255-1,2025-09-06,1212881.5,170.11,4.288888888888889
PT. Pusan Manis Mulia 2.06 MWp - Tangerang,RM-01-IEM3255-1,2025-09-07,1217630.45,170.65,4.710833333333333
PT. Pusan Manis Mulia 2.06 MWp - Tangerang,RM-01-IEM3255-1,2025-09-08,1221489.12,171.14,3.839722222222222
PT. Pusan Manis Mulia 2.06 MWp - Tangerang,RM-01-IEM3255-1,2025-09-09,1224507.6,171.72,2.8958333333333335
PT. Pusan Manis Mulia 2.06 MWp - Tangerang,RM-01-IEM3255-1,2025-09-10,1230006.69,172.29,5.513333333333334
PT. Pusan Manis Mulia 2.06 MWp - Tangerang,RM-01-IEM3255-1,2025-09-11,1232713.46,172.84,2.5219444444444443
PT. Pusan Manis Mulia 2.06 MWp - Tangerang,RM-01-IEM3255-1,2025-09-12,1238002.75,173.38,5.343333333333334
PT. Pusan Manis Mulia 2.06 MWp - Tangerang,RM-01-IEM3255-1,2025-09-13,1244164.06,174.18,6.197777777777778
PT. Pusan Manis Mulia 2.06 MWp - Tangerang,RM-01-IEM3255-1,2025-09-14,1249371.9,174.73,5.1530555555555555
PT. Pusan Manis Mulia 2.06 MWp - Tangerang,RM-01-IEM3255-1,2025-09-15,1254059.4,175.56,4.719444444444444
PT. Pusan Manis Mulia 2.06 MWp - Tangerang,RM-01-IEM3255-1,2025-09-16,1257202.14,176.1,3.0794444444444444
PT. Pusan Manis Mulia 2.06 MWp - Tangerang,RM-01-IEM3255-1,2025-09-17,1260065.87,176.7,2.8369444444444443
PT. Pusan Manis Mulia 2.06 MWp - Tangerang,RM-01-IEM3255-1,2025-09-18,1262263.31,177.32,1.9458333333333333
PT. Pusan Manis Mulia 2.06 MWp - Tangerang,RM-01-IEM3255-1,2025-09-19,1265000.52,177.95,2.5116666666666667
PT. Pusan Manis Mulia 2.06 MWp - Tangerang,RM-01-IEM3255-1,2025-09-20,1268390.5,178.54,3.29
PT. Pusan Manis Mulia 2.06 MWp - Tangerang,RM-01-IEM3255-1,2025-09-21,1274289.83,179.08,6.06
PT. Pusan Manis Mulia 2.06 MWp - Tangerang,RM-01-IEM3255-1,2025-09-22,1280085.76,179.6,5.916388888888889
PT. Pusan Manis Mulia 2.06 MWp - Tangerang,RM-01-IEM3255-1,2025-09-23,1284407.45,180.25,4.3116666666666665
PT. Pusan Manis Mulia 2.06 MWp - Tangerang,RM-01-IEM3255-1,2025-09-24,1290435.46,181.25,6.188888888888889
PT. Pusan Manis Mulia 2.06 MWp - Tangerang,RM-01-IEM3255-1,2025-09-25,1294264.53,182.1,3.8419444444444446
PT. Pusan Manis Mulia 2.06 MWp - Tangerang,RM-01-IEM3255-1,2025-09-26,1300535.42,183.36,5.148055555555556
PT. Pusan Manis Mulia 2.06 MWp - Tangerang,RM-01-IEM3255-1,2025-09-27,1305440.2,183.92,
PT. Pusan Manis Mulia 2.06 MWp - Tangerang,RM-01-IEM3255-1,2025-09-28,1309919.63,184.42,1.6244444444444444
PT. Pusan Manis Mulia 2.06 MWp - Tangerang,RM-01-IEM3255-1,2025-09-29,1314624.12,184.99,4.714444444444444
PT. Pusan Manis Mulia 2.06 MWp - Tangerang,RM-01-IEM3255-1,2025-09-30,1318934.01,185.67,4.308611111111111
PT. Pusan Manis Mulia 2.06 MWp - Tangerang,RM-01-IEM3255-1,2025-10-01,1323685.81,186.23,4.723611111111111
PT. Pusan Manis Mulia 2.06 MWp - Tangerang,RM-01-IEM3255-1,2025-10-02,1327561.57,186.76,3.6905555555555556
PT. Pusan Manis Mulia 2.06 MWp - Tangerang,RM-01-IEM3255-1,2025-10-03,1332401.5,187.27,4.7188888888888885
PT. Pusan Manis Mulia 2.06 MWp - Tangerang,RM-01-IEM3255-1,2025-10-04,1338443.68,187.96,6.1033333333333335
PT. Pusan Manis Mulia 2.06 MWp - Tangerang,RM-01-IEM3255-1,2025-10-05,1342510.83,188.4,3.9783333333333335
PT. Pusan Manis Mulia 2.06 MWp - Tangerang,RM-01-IEM3255-1,2025-10-06,1348348.21,188.84,5.807777777777778
PT. Pusan Manis Mulia 2.06 MWp - Tangerang,RM-01-IEM3255-1,2025-10-07,1351589.04,189.37,3.1847222222222222
PT. Pusan Manis Mulia 2.06 MWp - Tangerang,RM-01-IEM3255-1,2025-10-08,1357481.59,189.89,5.929444444444444
PT. Pusan Manis Mulia 2.06 MWp - Tangerang,RM-01-IEM3255-1,2025-10-09,1362229.98,190.38,4.822222222222222
PT. Pusan Manis Mulia 2.06 MWp - Tangerang,RM-01-IEM3255-1,2025-10-10,1367423.09,190.9,5.2508333333333335
PT. Pusan Manis Mulia 2.06 MWp - Tangerang,RM-01-IEM3255-1,2025-10-11,1372139.2,191.86,4.8069444444444445
PT. Pusan Manis Mulia 2.06 MWp - Tangerang,RM-01-IEM3255-1,2025-10-12,1378092.57,192.33,6.096666666666667
PT. Pusan Manis Mulia 2.06 MWp - Tangerang,RM-01-IEM3255-1,2025-10-13,1382844.93,192.73,4.809166666666667
PT. Pusan Manis Mulia 2.06 MWp - Tangerang,RM-01-IEM3255-1,2025-10-14,1388313.95,193.19,5.6930555555555555
PT. Pusan Manis Mulia 2.06 MWp - Tangerang,RM-01-IEM3255-1,2025-10-15,1392826.26,193.73,4.669444444444444
PT. Pusan Manis Mulia 2.06 MWp - Tangerang,RM-01-IEM3255-1,2025-10-16,1396285.76,194.35,3.4425
PT. Pusan Manis Mulia 2.06 MWp - Tangerang,RM-01-IEM3255-1,2025-10-17,1400832.83,195.11,4.516666666666667
PT. Pusan Manis Mulia 2.06 MWp - Tangerang,RM-01-IEM3255-1,2025-10-18,1404651.84,195.74,3.7891666666666666
PT. Pusan Manis Mulia 2.06 MWp - Tangerang,RM-01-IEM3255-1,2025-10-19,1409074.0,196.17,4.291944444444445
PT. Pusan Manis Mulia 2.06 MWp - Tangerang,RM-01-IEM3255-1,2025-10-20,1412293.77,196.63,3.106666666666667
PT. Pusan Manis Mulia 2.06 MWp - Tangerang,RM-01-IEM3255-1,2025-10-21,1416871.7,197.09,4.53
PT. Pusan Manis Mulia 2.06 MWp - Tangerang,RM-01-IEM3255-1,2025-10-22,1422786.27,197.92,6.0008333333333335
PT. Pusan Manis Mulia 2.06 MWp - Tangerang,RM-01-IEM3255-1,2025-10-23,1427963.34,198.44,5.1369444444444445
PT. Pusan Manis Mulia 2.06 MWp - Tangerang,RM-01-IEM3255-1,2025-10-24,1431983.73,198.92,3.917222222222222
PT. Pusan Manis Mulia 2.06 MWp - Tangerang,RM-01-IEM3255-1,2025-10-25,1437560.26,199.76,5.582222222222223
PT. Pusan Manis Mulia 2.06 MWp - Tangerang,RM-01-IEM3255-1,2025-10-26,1442362.19,200.23,4.855555555555555
PT. Pusan Manis Mulia 2.06 MWp - Tangerang,RM-01-IEM3255-1,2025-10-27,1446766.05,200.71,4.37
PT. Pusan Manis Mulia 2.06 MWp - Tangerang,RM-01-IEM3255-1,2025-10-28,1449763.39,201.24,2.808611111111111
PT. Pusan Manis Mulia 2.06 MWp - Tangerang,RM-01-IEM3255-1,2025-10-29,1453876.26,201.78,4.041944444444445
PT. Pusan Manis Mulia 2.06 MWp - Tangerang,RM-01-IEM3255-1,2025-10-30,1459587.49,202.32,5.802777777777778
PT. Pusan Manis Mulia 2.06 MWp - Tangerang,RM-01-IEM3255-1,2025-10-31,1464892.48,203.04,5.386111111111111
PT. Pusan Manis Mulia 2.06 MWp - Tangerang,RM-01-IEM3255-1,2025-11-01,1470045.9,203.57,5.313055555555556
PT. Pusan Manis Mulia 2.06 MWp - Tangerang,RM-01-IEM3255-1,2025-11-02,1474261.28,204.1,4.149166666666667
PT. Pusan Manis Mulia 2.06 MWp - Tangerang,RM-01-IEM3255-1,2025-11-03,1479638.8,204.87,5.450555555555556
PT. Pusan Manis Mulia 2.06 MWp - Tangerang,RM-01-IEM3255-1,2025-11-04,1485411.22,205.71,5.9527777777777775
PT. Pusan Manis Mulia 2.06 MWp - Tangerang,RM-01-IEM3255-1,2025-11-05,1489884.12,206.31,4.334444444444444
PT. Pusan Manis Mulia 2.06 MWp - Tangerang,RM-01-IEM3255-1,2025-11-06,1494993.32,206.89,5.023611111111111
PT. Pusan Manis Mulia 2.06 MWp - Tangerang,RM-01-IEM3255-1,2025-11-07,1500667.91,207.65,5.770555555555555
PT. Pusan Manis Mulia 2.06 MWp - Tangerang,RM-01-IEM3255-1,2025-11-08,1503111.4,208.24,2.2744444444444443
PT. Pusan Manis Mulia 2.06 MWp - Tangerang,RM-01-IEM3255-1,2025-11-09,1508576.5,208.93,5.424722222222222
PT. Pusan Manis Mulia 2.06 MWp - Tangerang,RM-01-IEM3255-1,2025-11-10,1515119.55,209.7,6.573888888888889
PT. Pusan Manis Mulia 2.06 MWp - Tangerang,RM-01-IEM3255-1,2025-11-11,1519939.59,210.27,4.578055555555555
PT. Pusan Manis Mulia 2.06 MWp - Tangerang,RM-01-IEM3255-1,2025-11-12,1524998.62,210.82,4.8175
PT. Pusan Manis Mulia 2.06 MWp - Tangerang,RM-01-IEM3255-1,2025-11-13,1528879.18,211.33,3.7244444444444444
PT. Pusan Manis Mulia 2.06 MWp - Tangerang,RM-01-IEM3255-1,2025-11-14,1532710.72,211.91,3.671111111111111
PT. Pusan Manis Mulia 2.06 MWp - Tangerang,RM-01-IEM3255-1,2025-11-15,1538506.47,212.49,5.676111111111111
PT. Pusan Manis Mulia 2.06 MWp - Tangerang,RM-01-IEM3255-1,2025-11-16,1545168.56,213.33,6.711944444444445
PT. Pusan Manis Mulia 2.06 MWp - Tangerang,RM-01-IEM3255-1,2025-11-17,1551784.46,214.04,6.625
PT. Pusan Manis Mulia 2.06 MWp - Tangerang,RM-01-IEM3255-1,2025-11-18,1553598.41,214.53,1.7452777777777777
PT. Pusan Manis Mulia 2.06 MWp - Tangerang,RM-01-IEM3255-1,2025-11-19,1557161.18,215.09,3.397777777777778
PT. Pusan Manis Mulia 2.06 MWp - Tangerang,RM-01-IEM3255-1,2025-11-20,1561448.9,215.65,4.075
PT. Pusan Manis Mulia 2.06 MWp - Tangerang,RM-01-IEM3255-1,2025-11-21,1567237.43,216.22,5.711388888888889
PT. Pusan Manis Mulia 2.06 MWp - Tangerang,RM-01-IEM3255-1,2025-11-22,1572844.75,216.83,5.511666666666667
PT. Pusan Manis Mulia 2.06 MWp - Tangerang,RM-01-IEM3255-1,2025-11-23,1577857.28,217.63,4.894722222222223
PT. Pusan Manis Mulia 2.06 MWp - Tangerang,RM-01-IEM3255-1,2025-11-24,1584476.73,218.39,6.698611111111111
PT. Pusan Manis Mulia 2.06 MWp - Tangerang,RM-01-IEM3255-1,2025-11-25,1591096.51,219.19,6.663611111111111
PT. Pusan Manis Mulia 2.06 MWp - Tangerang,RM-01-IEM3255-1,2025-11-26,1597066.48,219.94,5.918333333333333
PT. Pusan Manis Mulia 2.06 MWp - Tangerang,RM-01-IEM3255-1,2025-11-27,1602208.1,220.75,5.165277777777778
PT. Pusan Manis Mulia 2.06 MWp - Tangerang,RM-01-IEM3255-1,2025-11-28,1607786.12,221.7,5.611944444444444
PT. Pusan Manis Mulia 2.06 MWp - Tangerang,RM-01-IEM3255-1,2025-11-29,1613422.5,222.5,5.686944444444444
PT. Pusan Manis Mulia 2.06 MWp - Tangerang,RM-01-IEM3255-1,2025-11-30,1617112.85,223.07,3.660555555555556
PT. Pusan Manis Mulia 2.06 MWp - Tangerang,RM-01-IEM3255-1,2025-12-01,1621487.41,223.74,4.474166666666667
PT. Pusan Manis Mulia 2.06 MWp - Tangerang,RM-01-IEM3255-1,2025-12-02,1625070.16,224.35,3.5566666666666666
PT. Pusan Manis Mulia 2.06 MWp - Tangerang,RM-01-IEM3255-1,2025-12-03,1628128.37,225.03,3.0080555555555555
PT. Pusan Manis Mulia 2.06 MWp - Tangerang,RM-01-IEM3255-1,2025-12-04,1630794.76,225.67,2.538611111111111
PT. Pusan Manis Mulia 2.06 MWp - Tangerang,RM-01-IEM3255-1,2025-12-05,1635753.87,226.26,4.918333333333333
PT. Pusan Manis Mulia 2.06 MWp - Tangerang,RM-01-IEM3255-1,2025-12-06,1639787.74,226.84,3.883888888888889
PT. Pusan Manis Mulia 2.06 MWp - Tangerang,RM-01-IEM3255-1,2025-12-07,1644665.14,227.43,4.741388888888889
PT. Pusan Manis Mulia 2.06 MWp - Tangerang,RM-01-IEM3255-1,2025-12-08,1650602.84,228.16,5.977777777777778
PT. Pusan Manis Mulia 2.06 MWp - Tangerang,RM-01-IEM3255-1,2025-12-09,1655174.66,228.75,4.385
PT. Pusan Manis Mulia 2.06 MWp - Tangerang,RM-01-IEM3255-1,2025-12-10,1660160.65,229.34,4.941666666666666
PT. Pusan Manis Mulia 2.06 MWp - Tangerang,RM-01-IEM3255-1,2025-12-11,1663961.03,229.95,3.7169444444444446
PT. Pusan Manis Mulia 2.06 MWp - Tangerang,RM-01-IEM3255-1,2025-12-12,1669553.13,230.75,5.624444444444444
PT. Pusan Manis Mulia 2.06 MWp - Tangerang,RM-01-IEM3255-1,2025-12-13,1675059.79,231.31,5.480555555555555
PT. Pusan Manis Mulia 2.06 MWp - Tangerang,RM-01-IEM3255-1,2025-12-14,1679333.13,231.81,3.991111111111111
PT. Pusan Manis Mulia 2.06 MWp - Tangerang,RM-01-IEM3255-1,2025-12-15,1683650.57,232.34,4.181111111111111
PT. Pusan Manis Mulia 2.06 MWp - Tangerang,RM-01-IEM3255-1,2025-12-16,1689484.3,232.87,5.8116666666666665
PT. Pusan Manis Mulia 2.06 MWp - Tangerang,RM-01-IEM3255-1,2025-12-17,1693882.46,233.4,4.2725
PT. Pusan Manis Mulia 2.06 MWp - Tangerang,RM-01-IEM3255-1,2025-12-18,1695565.62,233.97,1.527777777777778
PT. Pusan Manis Mulia 2.06 MWp - Tangerang,RM-01-IEM3255-1,2025-12-19,1699382.77,234.57,3.6733333333333333
PT. Pusan Manis Mulia 2.06 MWp - Tangerang,RM-01-IEM3255-1,2025-12-20,1703093.44,235.14,3.573611111111111
PT. Pusan Manis Mulia 2.06 MWp - Tangerang,RM-01-IEM3255-1,2025-12-21,1706879.42,235.71,3.6794444444444445
PT. Pusan Manis Mulia 2.06 MWp - Tangerang,RM-01-IEM3255-1,2025-12-22,1712083.28,236.18,5.222222222222222
PT. Pusan Manis Mulia 2.06 MWp - Tangerang,RM-01-IEM3255-1,2025-12-23,1717218.95,236.59,5.153888888888889
PT. Pusan Manis Mulia 2.06 MWp - Tangerang,RM-01-IEM3255-1,2025-12-24,1722247.09,237.07,5.034166666666667
PT. Pusan Manis Mulia 2.06 MWp - Tangerang,RM-01-IEM3255-1,2025-12-25,1727814.01,237.67,5.611944444444444
PT. Pusan Manis Mulia 2.06 MWp - Tangerang,RM-01-IEM3255-1,2025-12-26,1732388.49,238.17,4.5055555555555555
PT. Pusan Manis Mulia 2.06 MWp - Tangerang,RM-01-IEM3255-1,2025-12-27,1736961.68,238.61,4.454722222222222
PT. Pusan Manis Mulia 2.06 MWp - Tangerang,RM-01-IEM3255-1,2025-12-28,1742222.81,239.05,5.2811111111111115
PT. Pusan Manis Mulia 2.06 MWp - Tangerang,RM-01-IEM3255-1,2025-12-29,1746661.6,239.52,4.306388888888889
PT. Pusan Manis Mulia 2.06 MWp - Tangerang,RM-01-IEM3255-1,2025-12-30,1750777.41,239.99,4.006666666666667
PT. Pusan Manis Mulia 2.06 MWp - Tangerang,RM-01-IEM3255-1,2025-12-31,1754104.12,240.48,3.169722222222222
PT. Pusan Manis Mulia 2.06 MWp - Tangerang,RM-01-IEM3255-1,2026-01-01,1757955.27,240.96,3.7602777777777776
PT. Pusan Manis Mulia 2.06 MWp - Tangerang,RM-01-IEM3255-1,2026-01-02,1760798.17,241.41,2.691388888888889
PT. Pusan Manis Mulia 2.06 MWp - Tangerang,RM-01-IEM3255-1,2026-01-03,1764453.28,241.92,3.439722222222222
PT. Pusan Manis Mulia 2.06 MWp - Tangerang,RM-01-IEM3255-1,2026-01-04,1769467.61,242.42,4.8933333333333335
PT. Pusan Manis Mulia 2.06 MWp - Tangerang,RM-01-IEM3255-1,2026-01-05,1774794.21,242.93,5.357222222222222
PT. Pusan Manis Mulia 2.06 MWp - Tangerang,RM-01-IEM3255-1,2026-01-06,1781093.36,243.89,6.428333333333334
PT. Pusan Manis Mulia 2.06 MWp - Tangerang,RM-01-IEM3255-1,2026-01-07,1784687.8,244.46,3.441388888888889
PT. Pusan Manis Mulia 2.06 MWp - Tangerang,RM-01-IEM3255-1,2026-01-08,1789192.87,244.96,4.386388888888889
PT. Pusan Manis Mulia 2.06 MWp - Tangerang,RM-01-IEM3255-1,2026-01-09,1794512.12,245.75,5.316666666666666
PT. Pusan Manis Mulia 2.06 MWp - Tangerang,RM-01-IEM3255-1,2026-01-10,1799160.01,246.33,4.435555555555555
PT. Pusan Manis Mulia 2.06 MWp - Tangerang,RM-01-IEM3255-1,2026-01-11,1800765.25,246.95,1.4677777777777778
PT. Pusan Manis Mulia 2.06 MWp - Tangerang,RM-01-IEM3255-1,2026-01-12,1802135.55,247.51,1.2530555555555556
PT. Pusan Manis Mulia 2.06 MWp - Tangerang,RM-01-IEM3255-1,2026-01-13,1805265.91,248.09,2.9955555555555557
PT. Pusan Manis Mulia 2.06 MWp - Tangerang,RM-01-IEM3255-1,2026-01-14,1808496.81,248.64,3.1505555555555556
PT. Pusan Manis Mulia 2.06 MWp - Tangerang,RM-01-IEM3255-1,2026-01-15,1811119.38,249.19,2.395277777777778
PT. Pusan Manis Mulia 2.06 MWp - Tangerang,RM-01-IEM3255-1,2026-01-16,1815855.56,249.69,4.668333333333333
PT. Pusan Manis Mulia 2.06 MWp - Tangerang,RM-01-IEM3255-1,2026-01-17,1819723.48,250.15,3.707777777777778
PT. Pusan Manis Mulia 2.06 MWp - Tangerang,RM-01-IEM3255-1,2026-01-18,1822742.62,250.63,2.8555555555555556
PT. Pusan Manis Mulia 2.06 MWp - Tangerang,RM-01-IEM3255-1,2026-01-19,1826711.85,251.17,3.7888888888888888
PT. Pusan Manis Mulia 2.06 MWp - Tangerang,RM-01-IEM3255-1,2026-01-20,1830145.05,251.77,3.345833333333333
PT. Pusan Manis Mulia 2.06 MWp - Tangerang,RM-01-IEM3255-1,2026-01-21,1832570.19,252.38,2.201111111111111
PT. Pusan Manis Mulia 2.06 MWp - Tangerang,RM-01-IEM3255-1,2026-01-22,1833729.0,253.0,1.0847222222222221
PT. Pusan Manis Mulia 2.06 MWp - Tangerang,RM-01-IEM3255-1,2026-01-23,1836034.71,253.58,2.173888888888889
PT. Pusan Manis Mulia 2.06 MWp - Tangerang,RM-01-IEM3255-1,2026-01-24,1840304.92,254.15,4.2636111111111115
PT. Pusan Manis Mulia 2.06 MWp - Tangerang,RM-01-IEM3255-1,2026-01-25,1845852.57,254.71,5.631388888888889
PT. Pusan Manis Mulia 2.06 MWp - Tangerang,RM-01-IEM3255-1,2026-01-26,1850445.5,255.27,4.595833333333333
PT. Pusan Manis Mulia 2.06 MWp - Tangerang,RM-01-IEM3255-1,2026-01-27,1854008.65,255.77,3.431388888888889
PT. Pusan Manis Mulia 2.06 MWp - Tangerang,RM-01-IEM3255-1,2026-01-28,1856946.56,256.3,2.8175
PT. Pusan Manis Mulia 2.06 MWp - Tangerang,RM-01-IEM3255-1,2026-01-29,1860910.58,256.9,3.9233333333333333
PT. Pusan Manis Mulia 2.06 MWp - Tangerang,RM-01-IEM3255-1,2026-01-30,1865279.97,257.42,4.322777777777778
PT. Pusan Manis Mulia 2.06 MWp - Tangerang,RM-01-IEM3255-1,2026-01-31,1868184.51,257.99,2.8669444444444445
PT. Pusan Manis Mulia 2.06 MWp - Tangerang,RM-01-IEM3255-1,2026-02-01,1871446.97,258.56,3.213611111111111
PT. Pusan Manis Mulia 2.06 MWp - Tangerang,RM-01-IEM3255-1,2026-02-02,1875464.12,259.05,3.9280555555555554
PT. Pusan Manis Mulia 2.06 MWp - Tangerang,RM-01-IEM3255-1,2026-02-03,1880968.07,259.58,5.639722222222222
PT. Pusan Manis Mulia 2.06 MWp - Tangerang,RM-01-IEM3255-1,2026-02-04,1883818.85,260.1,2.803611111111111
PT. Pusan Manis Mulia 2.06 MWp - Tangerang,RM-01-IEM3255-1,2026-02-05,1887088.91,260.63,3.266388888888889
PT. Pusan Manis Mulia 2.06 MWp - Tangerang,RM-01-IEM3255-1,2026-02-06,1889679.86,261.18,2.51
PT. Pusan Manis Mulia 2.06 MWp - Tangerang,RM-01-IEM3255-1,2026-02-07,1892893.26,261.75,3.09
PT. Pusan Manis Mulia 2.06 MWp - Tangerang,RM-01-IEM3255-1,2026-02-08,1896457.12,262.22,3.4494444444444445
PT. Pusan Manis Mulia 2.06 MWp - Tangerang,RM-01-IEM3255-1,2026-02-09,1898170.75,262.89,1.5955555555555556
PT. Pusan Manis Mulia 2.06 MWp - Tangerang,RM-01-IEM3255-1,2026-02-10,1902637.15,263.44,4.483333333333333
PT. Pusan Manis Mulia 2.06 MWp - Tangerang,RM-01-IEM3255-1,2026-02-11,1907210.31,264.05,4.633611111111111
PT. Pusan Manis Mulia 2.06 MWp - Tangerang,RM-01-IEM3255-1,2026-02-12,1910541.82,264.69,3.2866666666666666
PT. Pusan Manis Mulia 2.06 MWp - Tangerang,RM-01-IEM3255-1,2026-02-13,1914280.82,265.28,3.6855555555555557
PT. Pusan Manis Mulia 2.06 MWp - Tangerang,RM-01-IEM3255-1,2026-02-14,1918381.7,265.81,4.0938888888888885
PT. Pusan Manis Mulia 2.06 MWp - Tangerang,RM-01-IEM3255-1,2026-02-15,1923336.88,266.42,4.953611111111111
PT. Pusan Manis Mulia 2.06 MWp - Tangerang,RM-01-IEM3255-1,2026-02-16,1925742.48,266.93,2.276388888888889
PT. Pusan Manis Mulia 2.06 MWp - Tangerang,RM-01-IEM3255-1,2026-02-17,1929728.93,267.44,3.943611111111111
PT. Pusan Manis Mulia 2.06 MWp - Tangerang,RM-01-IEM3255-1,2026-02-18,1933437.94,267.91,3.6280555555555556
PT. Pusan Manis Mulia 2.06 MWp - Tangerang,RM-01-IEM3255-1,2026-02-19,1935420.59,268.45,1.8286111111111112
PT. Pusan Manis Mulia 2.06 MWp - Tangerang,RM-01-IEM3255-1,2026-02-20,1939473.58,269.15,4.100833333333333
PT. Pusan Manis Mulia 2.06 MWp - Tangerang,RM-01-IEM3255-1,2026-02-21,1944032.24,269.71,4.64
PT. Pusan Manis Mulia 2.06 MWp - Tangerang,RM-01-IEM3255-1,2026-02-22,1946132.39,270.16,1.9747222222222223
PT. Pusan Manis Mulia 2.06 MWp - Tangerang,RM-01-IEM3255-1,2026-02-23,1948947.99,270.76,2.714722222222222
PT. Pusan Manis Mulia 2.06 MWp - Tangerang,RM-01-IEM3255-1,2026-02-24,1952911.04,271.54,3.8658333333333332
PT. Pusan Manis Mulia 2.06 MWp - Tangerang,RM-01-IEM3255-1,2026-02-25,1958471.25,272.55,5.750555555555556
PT. Pusan Manis Mulia 2.06 MWp - Tangerang,RM-01-IEM3255-1,2026-02-26,1962712.63,273.32,4.195555555555556
PT. Pusan Manis Mulia 2.06 MWp - Tangerang,RM-01-IEM3255-1,2026-02-27,1966620.98,274.1,3.842222222222222
PT. Pusan Manis Mulia 2.06 MWp - Tangerang,RM-01-IEM3255-1,2026-02-28,1970727.99,274.82,4.055555555555555
PT. Pusan Manis Mulia 2.06 MWp - Tangerang,RM-01-IEM3255-1,2026-03-01,1974536.02,275.52,3.786111111111111
PT. Pusan Manis Mulia 2.06 MWp - Tangerang,RM-01-IEM3255-1,2026-03-02,1977608.54,276.09,2.9005555555555556
PT. Pusan Manis Mulia 2.06 MWp - Tangerang,RM-01-IEM3255-1,2026-03-03,1981770.29,276.76,4.154722222222222
PT. Pusan Manis Mulia 2.06 MWp - Tangerang,RM-01-IEM3255-1,2026-03-04,1986514.65,277.35,4.704722222222222
PT. Pusan Manis Mulia 2.06 MWp - Tangerang,RM-01-IEM3255-1,2026-03-05,1988666.5,277.85,1.968611111111111
PT. Pusan Manis Mulia 2.06 MWp - Tangerang,RM-01-IEM3255-1,2026-03-06,1991346.12,278.33,2.473055555555556
PT. Pusan Manis Mulia 2.06 MWp - Tangerang,RM-01-IEM3255-1,2026-03-07,1994412.09,278.8,3.031388888888889
PT. Pusan Manis Mulia 2.06 MWp - Tangerang,RM-01-IEM3255-1,2026-03-08,1998448.83,279.2,3.9627777777777777
PT. Pusan Manis Mulia 2.06 MWp - Tangerang,RM-01-IEM3255-1,2026-03-09,2003063.9,279.62,4.585
PT. Pusan Manis Mulia 2.06 MWp - Tangerang,RM-01-IEM3255-1,2026-03-10,2006325.47,280.1,3.2508333333333335
PT. Pusan Manis Mulia 2.06 MWp - Tangerang,RM-01-IEM3255-1,2026-03-11,2012084.88,280.58,5.876944444444445
PT. Pusan Manis Mulia 2.06 MWp - Tangerang,RM-01-IEM3255-1,2026-03-12,2018696.73,281.45,6.87
PT. Pusan Manis Mulia 2.06 MWp - Tangerang,RM-01-IEM3255-1,2026-03-13,2025231.94,282.23,6.872222222222222
PT. Pusan Manis Mulia 2.06 MWp - Tangerang,RM-01-IEM3255-1,2026-03-14,2031950.44,282.98,7.048055555555556
PT. Pusan Manis Mulia 2.06 MWp - Tangerang,RM-01-IEM3255-1,2026-03-15,2038382.46,283.65,6.76
PT. Pusan Manis Mulia 2.06 MWp - Tangerang,RM-01-IEM3255-1,2026-03-16,2045071.72,284.62,7.001388888888889
PT. Pusan Manis Mulia 2.06 MWp - Tangerang,RM-01-IEM3255-1,2026-03-17,2051125.49,285.47,6.309444444444444
PT. Pusan Manis Mulia 2.06 MWp - Tangerang,RM-01-IEM3255-1,2026-03-18,2057439.37,286.51,6.706111111111111
PT. Pusan Manis Mulia 2.06 MWp - Tangerang,RM-01-IEM3255-1,2026-03-19,2063473.37,287.6,6.335833333333333
PT. Pusan Manis Mulia 2.06 MWp - Tangerang,RM-01-IEM3255-1,2026-03-20,2069280.87,288.44,6.12
PT. Pusan Manis Mulia 2.06 MWp - Tangerang,RM-01-IEM3255-1,2026-03-21,2073693.79,288.89,4.480833333333333
PT. Pusan Manis Mulia 2.06 MWp - Tangerang,RM-01-IEM3255-1,2026-03-22,2079370.18,289.94,5.8438888888888885
PT. Pusan Manis Mulia 2.06 MWp - Tangerang,RM-01-IEM3255-1,2026-03-23,2083164.79,290.53,3.785555555555556
PT. Pusan Manis Mulia 2.06 MWp - Tangerang,RM-01-IEM3255-1,2026-03-24,2087821.69,291.42,4.746944444444444
PT. Pusan Manis Mulia 2.06 MWp - Tangerang,RM-01-IEM3255-1,2026-03-25,2092060.77,291.88,4.160555555555556
PT. Pusan Manis Mulia 2.06 MWp - Tangerang,RM-01-IEM3255-1,2026-03-26,2094965.39,292.4,2.7327777777777778
PT. Pusan Manis Mulia 2.06 MWp - Tangerang,RM-01-IEM3255-1,2026-03-27,2098962.59,292.92,3.9580555555555557
PT. Pusan Manis Mulia 2.06 MWp - Tangerang,RM-01-IEM3255-1,2026-03-28,2104006.33,293.9,5.118888888888889
PT. Pusan Manis Mulia 2.06 MWp - Tangerang,RM-01-IEM3255-1,2026-03-29,2107910.98,294.36,3.9466666666666668
PT. Pusan Manis Mulia 2.06 MWp - Tangerang,RM-01-IEM3255-1,2026-03-30,2112379.6,294.96,4.470833333333333
PT. Pusan Manis Mulia 2.06 MWp - Tangerang,RM-01-IEM3255-1,2026-03-31,2115864.65,295.42,3.506666666666667
PT. Pusan Manis Mulia 2.06 MWp - Tangerang,RM-01-IEM3255-1,2026-04-01,2120961.12,295.95,5.219444444444444
PT. Pusan Manis Mulia 2.06 MWp - Tangerang,RM-01-IEM3255-1,2026-04-02,2125228.13,296.47,4.210277777777778
PT. Pusan Manis Mulia 2.06 MWp - Tangerang,RM-01-IEM3255-1,2026-04-03,2130533.96,297.18,5.339166666666666
PT. Pusan Manis Mulia 2.06 MWp - Tangerang,RM-01-IEM3255-1,2026-04-04,2133922.84,297.74,3.2733333333333334
PT. Pusan Manis Mulia 2.06 MWp - Tangerang,RM-01-IEM3255-1,2026-04-05,2137656.87,298.25,3.5452777777777778
PT. Pusan Manis Mulia 2.06 MWp - Tangerang,RM-01-IEM3255-1,2026-04-06,2142053.02,298.71,4.443888888888889
PT. Pusan Manis Mulia 2.06 MWp - Tangerang,RM-01-IEM3255-1,2026-04-07,2145609.42,299.2,3.4055555555555554
PT. Pusan Manis Mulia 2.06 MWp - Tangerang,RM-01-IEM3255-1,2026-04-08,2149602.55,299.7,3.6191666666666666
PT. Pusan Manis Mulia 2.06 MWp - Tangerang,RM-01-IEM3255-1,2026-04-09,2154778.11,300.19,5.1066666666666665
PT. Pusan Manis Mulia 2.06 MWp - Tangerang,RM-01-IEM3255-1,2026-04-10,2159778.11,300.69,4.893888888888889
PT. Pusan Manis Mulia 2.06 MWp - Tangerang,RM-01-IEM3255-1,2026-04-11,2164845.32,301.19,5.038055555555555
PT. Pusan Manis Mulia 2.06 MWp - Tangerang,RM-01-IEM3255-1,2026-04-13,2174490.14,302.46,3.629166666666667
PT. Pusan Manis Mulia 2.06 MWp - Tangerang,RM-01-IEM3255-1,2026-04-14,2177867.48,303.03,3.3644444444444446
PT. Pusan Manis Mulia 2.06 MWp - Tangerang,RM-01-IEM3255-1,2026-04-15,2181939.16,303.61,4.259444444444444
PT. Pusan Manis Mulia 2.06 MWp - Tangerang,RM-01-IEM3255-1,2026-04-16,2184636.32,304.13,2.767777777777778
PT. Pusan Manis Mulia 2.06 MWp - Tangerang,RM-01-IEM3255-1,2026-04-17,2188518.63,304.76,4.072222222222222
PT. Pusan Manis Mulia 2.06 MWp - Tangerang,RM-01-IEM3255-1,2026-04-18,2193017.53,305.35,4.8133333333333335
PT. Pusan Manis Mulia 2.06 MWp - Tangerang,RM-01-IEM3255-1,2026-04-19,2196593.41,305.85,3.783333333333333
PT. Pusan Manis Mulia 2.06 MWp - Tangerang,RM-01-IEM3255-1,2026-04-20,2201477.96,306.83,5.2575
PT. Pusan Manis Mulia 2.06 MWp - Tangerang,RM-01-IEM3255-1,2026-04-21,2205521.75,307.36,4.286388888888889
PT. Pusan Manis Mulia 2.06 MWp - Tangerang,RM-01-IEM3255-1,2026-04-22,2210652.59,308.65,5.533888888888889
PT. Pusan Manis Mulia 2.06 MWp - Tangerang,RM-01-IEM3255-1,2026-04-23,2214828.79,309.21,4.286666666666667
PT. Pusan Manis Mulia 2.06 MWp - Tangerang,RM-01-IEM3255-1,2026-04-24,2219133.5,309.71,4.536944444444444
PT. Pusan Manis Mulia 2.06 MWp - Tangerang,RM-01-IEM3255-1,2026-04-25,2224143.42,311.0,5.251666666666667
PT. Pusan Manis Mulia 2.06 MWp - Tangerang,RM-01-IEM3255-1,2026-04-27,2233877.48,312.45,5.329722222222222
PT. Pusan Manis Mulia 2.06 MWp - Tangerang,RM-01-IEM3255-1,2026-04-28,2237435.05,312.95,3.648888888888889
PT. Pusan Manis Mulia 2.06 MWp - Tangerang,RM-01-IEM3255-1,2026-04-29,2241326.01,313.48,4.016944444444444
PT. Pusan Manis Mulia 2.06 MWp - Tangerang,RM-01-IEM3255-1,2026-04-30,2244467.89,314.05,3.2177777777777776
PT. Pusan Manis Mulia 2.06 MWp - Tangerang,RM-01-IEM3255-1,2026-05-01,2249021.47,314.63,0.0
PT. Pusan Manis Mulia 2.06 MWp - Tangerang,RM-01-IEM3255-2,2024-11-18,4695.69,0.57,0.020555555555555556
PT. Pusan Manis Mulia 2.06 MWp - Tangerang,RM-01-IEM3255-2,2024-11-19,7223.64,0.68,5.063888888888889
PT. Pusan Manis Mulia 2.06 MWp - Tangerang,RM-01-IEM3255-2,2024-11-20,9348.01,0.77,4.700277777777778
PT. Pusan Manis Mulia 2.06 MWp - Tangerang,RM-01-IEM3255-2,2024-11-21,10813.85,0.84,3.477777777777778
PT. Pusan Manis Mulia 2.06 MWp - Tangerang,RM-01-IEM3255-2,2024-11-22,11392.31,0.9,5.6325
PT. Pusan Manis Mulia 2.06 MWp - Tangerang,RM-01-IEM3255-2,2024-11-23,12482.41,0.98,4.601944444444444
PT. Pusan Manis Mulia 2.06 MWp - Tangerang,RM-01-IEM3255-2,2024-11-24,14748.29,1.02,
PT. Pusan Manis Mulia 2.06 MWp - Tangerang,RM-01-IEM3255-2,2024-11-25,16887.16,1.07,2.9055555555555554
PT. Pusan Manis Mulia 2.06 MWp - Tangerang,RM-01-IEM3255-2,2024-11-26,18804.83,1.14,4.506111111111111
PT. Pusan Manis Mulia 2.06 MWp - Tangerang,RM-01-IEM3255-2,2024-11-27,20632.2,1.2,4.123055555555555
PT. Pusan Manis Mulia 2.06 MWp - Tangerang,RM-01-IEM3255-2,2024-11-28,22670.14,1.27,4.597222222222222
PT. Pusan Manis Mulia 2.06 MWp - Tangerang,RM-01-IEM3255-2,2024-11-29,24522.35,1.33,4.186944444444444
PT. Pusan Manis Mulia 2.06 MWp - Tangerang,RM-01-IEM3255-2,2024-11-30,27065.56,1.39,5.8275
PT. Pusan Manis Mulia 2.06 MWp - Tangerang,RM-01-IEM3255-2,2024-12-01,30001.9,1.45,6.858055555555556
PT. Pusan Manis Mulia 2.06 MWp - Tangerang,RM-01-IEM3255-2,2024-12-02,31719.52,1.5,3.9258333333333333
PT. Pusan Manis Mulia 2.06 MWp - Tangerang,RM-01-IEM3255-2,2024-12-03,32868.25,1.55,2.4294444444444445
PT. Pusan Manis Mulia 2.06 MWp - Tangerang,RM-01-IEM3255-2,2024-12-04,33881.79,1.61,2.091666666666667
PT. Pusan Manis Mulia 2.06 MWp - Tangerang,RM-01-IEM3255-2,2024-12-05,35835.06,1.68,4.382777777777778
PT. Pusan Manis Mulia 2.06 MWp - Tangerang,RM-01-IEM3255-2,2024-12-06,37031.08,1.74,2.5330555555555554
PT. Pusan Manis Mulia 2.06 MWp - Tangerang,RM-01-IEM3255-2,2024-12-07,37356.49,1.81,1.51
PT. Pusan Manis Mulia 2.06 MWp - Tangerang,RM-01-IEM3255-2,2024-12-08,39335.32,1.84,4.457222222222223
PT. Pusan Manis Mulia 2.06 MWp - Tangerang,RM-01-IEM3255-2,2024-12-09,39831.68,1.88,1.0827777777777778
PT. Pusan Manis Mulia 2.06 MWp - Tangerang,RM-01-IEM3255-2,2024-12-10,41327.54,1.95,3.192222222222222
PT. Pusan Manis Mulia 2.06 MWp - Tangerang,RM-01-IEM3255-2,2024-12-11,43257.36,2.06,4.401944444444444
PT. Pusan Manis Mulia 2.06 MWp - Tangerang,RM-01-IEM3255-2,2024-12-12,45731.07,2.22,5.115277777777778
PT. Pusan Manis Mulia 2.06 MWp - Tangerang,RM-01-IEM3255-2,2024-12-13,48470.48,2.39,5.246111111111111
PT. Pusan Manis Mulia 2.06 MWp - Tangerang,RM-01-IEM3255-2,2024-12-14,50478.47,2.54,3.6405555555555558
PT. Pusan Manis Mulia 2.06 MWp - Tangerang,RM-01-IEM3255-2,2024-12-15,52307.69,2.61,3.381666666666667
PT. Pusan Manis Mulia 2.06 MWp - Tangerang,RM-01-IEM3255-2,2024-12-16,54095.25,2.69,3.1819444444444445
PT. Pusan Manis Mulia 2.06 MWp - Tangerang,RM-01-IEM3255-2,2024-12-17,56076.52,2.81,3.5708333333333333
PT. Pusan Manis Mulia 2.06 MWp - Tangerang,RM-01-IEM3255-2,2024-12-18,58613.39,2.96,4.830277777777778
PT. Pusan Manis Mulia 2.06 MWp - Tangerang,RM-01-IEM3255-2,2024-12-19,60650.14,3.12,3.7491666666666665
PT. Pusan Manis Mulia 2.06 MWp - Tangerang,RM-01-IEM3255-2,2024-12-20,63357.8,3.27,4.847777777777778
PT. Pusan Manis Mulia 2.06 MWp - Tangerang,RM-01-IEM3255-2,2024-12-21,66325.37,3.4,5.011111111111111
PT. Pusan Manis Mulia 2.06 MWp - Tangerang,RM-01-IEM3255-2,2024-12-22,68631.6,3.5,3.8033333333333332
PT. Pusan Manis Mulia 2.06 MWp - Tangerang,RM-01-IEM3255-2,2024-12-23,70033.47,3.61,2.285277777777778
PT. Pusan Manis Mulia 2.06 MWp - Tangerang,RM-01-IEM3255-2,2024-12-24,72228.08,3.78,3.5505555555555555
PT. Pusan Manis Mulia 2.06 MWp - Tangerang,RM-01-IEM3255-2,2024-12-25,74214.37,3.94,3.2241666666666666
PT. Pusan Manis Mulia 2.06 MWp - Tangerang,RM-01-IEM3255-2,2024-12-26,76262.79,4.1,3.3108333333333335
PT. Pusan Manis Mulia 2.06 MWp - Tangerang,RM-01-IEM3255-2,2024-12-27,79074.09,4.22,5.461388888888889
PT. Pusan Manis Mulia 2.06 MWp - Tangerang,RM-01-IEM3255-2,2024-12-28,82459.24,4.33,5.7572222222222225
PT. Pusan Manis Mulia 2.06 MWp - Tangerang,RM-01-IEM3255-2,2024-12-29,85011.22,4.47,4.341666666666667
PT. Pusan Manis Mulia 2.06 MWp - Tangerang,RM-01-IEM3255-2,2024-12-30,87747.98,4.59,4.478888888888889
PT. Pusan Manis Mulia 2.06 MWp - Tangerang,RM-01-IEM3255-2,2024-12-31,89967.95,4.71,3.741388888888889
PT. Pusan Manis Mulia 2.06 MWp - Tangerang,RM-01-IEM3255-2,2025-01-01,92725.45,4.8,4.648611111111111
PT. Pusan Manis Mulia 2.06 MWp - Tangerang,RM-01-IEM3255-2,2025-01-02,96210.15,4.95,6.141388888888889
PT. Pusan Manis Mulia 2.06 MWp - Tangerang,RM-01-IEM3255-2,2025-01-03,98897.82,5.11,4.525277777777778
PT. Pusan Manis Mulia 2.06 MWp - Tangerang,RM-01-IEM3255-2,2025-01-04,101940.23,5.32,5.187777777777778
PT. Pusan Manis Mulia 2.06 MWp - Tangerang,RM-01-IEM3255-2,2025-01-05,105315.9,5.44,6.192222222222222
PT. Pusan Manis Mulia 2.06 MWp - Tangerang,RM-01-IEM3255-2,2025-01-06,108626.35,5.55,5.9238888888888885
PT. Pusan Manis Mulia 2.06 MWp - Tangerang,RM-01-IEM3255-2,2025-01-07,111337.8,5.72,4.713333333333333
PT. Pusan Manis Mulia 2.06 MWp - Tangerang,RM-01-IEM3255-2,2025-01-08,114085.65,5.9,4.773333333333333
PT. Pusan Manis Mulia 2.06 MWp - Tangerang,RM-01-IEM3255-2,2025-01-09,115674.72,6.06,2.555
PT. Pusan Manis Mulia 2.06 MWp - Tangerang,RM-01-IEM3255-2,2025-01-10,118484.67,6.22,4.9463888888888885
PT. Pusan Manis Mulia 2.06 MWp - Tangerang,RM-01-IEM3255-2,2025-01-11,121354.4,6.38,4.860833333333333
PT. Pusan Manis Mulia 2.06 MWp - Tangerang,RM-01-IEM3255-2,2025-01-12,124401.9,6.5,5.246944444444444
PT. Pusan Manis Mulia 2.06 MWp - Tangerang,RM-01-IEM3255-2,2025-01-13,126780.55,6.62,4.197777777777778
PT. Pusan Manis Mulia 2.06 MWp - Tangerang,RM-01-IEM3255-2,2025-01-14,127751.28,6.79,2.0144444444444445
PT. Pusan Manis Mulia 2.06 MWp - Tangerang,RM-01-IEM3255-2,2025-01-15,131304.31,6.96,6.133611111111111
PT. Pusan Manis Mulia 2.06 MWp - Tangerang,RM-01-IEM3255-2,2025-01-16,133897.72,7.12,4.3005555555555555
PT. Pusan Manis Mulia 2.06 MWp - Tangerang,RM-01-IEM3255-2,2025-01-17,136200.21,7.29,3.96
PT. Pusan Manis Mulia 2.06 MWp - Tangerang,RM-01-IEM3255-2,2025-01-18,138696.82,7.44,4.1825
PT. Pusan Manis Mulia 2.06 MWp - Tangerang,RM-01-IEM3255-2,2025-01-19,141782.12,7.61,5.378333333333333
PT. Pusan Manis Mulia 2.06 MWp - Tangerang,RM-01-IEM3255-2,2025-01-20,143483.36,7.72,2.7672222222222222
PT. Pusan Manis Mulia 2.06 MWp - Tangerang,RM-01-IEM3255-2,2025-01-21,145235.38,7.84,2.960277777777778
PT. Pusan Manis Mulia 2.06 MWp - Tangerang,RM-01-IEM3255-2,2025-01-22,147108.36,8.02,3.047222222222222
PT. Pusan Manis Mulia 2.06 MWp - Tangerang,RM-01-IEM3255-2,2025-01-23,149648.16,8.14,4.363611111111111
PT. Pusan Manis Mulia 2.06 MWp - Tangerang,RM-01-IEM3255-2,2025-01-24,152002.52,8.27,3.912777777777778
PT. Pusan Manis Mulia 2.06 MWp - Tangerang,RM-01-IEM3255-2,2025-01-25,154631.42,8.46,4.501944444444445
PT. Pusan Manis Mulia 2.06 MWp - Tangerang,RM-01-IEM3255-2,2025-01-26,157647.31,8.64,5.231388888888889
PT. Pusan Manis Mulia 2.06 MWp - Tangerang,RM-01-IEM3255-2,2025-01-27,159731.56,8.81,3.3202777777777777
PT. Pusan Manis Mulia 2.06 MWp - Tangerang,RM-01-IEM3255-2,2025-01-28,160765.08,8.96,1.6452777777777778
PT. Pusan Manis Mulia 2.06 MWp - Tangerang,RM-01-IEM3255-2,2025-01-29,162476.31,9.13,2.7822222222222224
PT. Pusan Manis Mulia 2.06 MWp - Tangerang,RM-01-IEM3255-2,2025-01-30,165316.86,9.27,4.920555555555556
PT. Pusan Manis Mulia 2.06 MWp - Tangerang,RM-01-IEM3255-2,2025-01-31,168531.76,9.44,5.633333333333333
PT. Pusan Manis Mulia 2.06 MWp - Tangerang,RM-01-IEM3255-2,2025-02-01,170620.59,9.63,3.5480555555555555
PT. Pusan Manis Mulia 2.06 MWp - Tangerang,RM-01-IEM3255-2,2025-02-02,173140.91,9.82,4.291388888888889
PT. Pusan Manis Mulia 2.06 MWp - Tangerang,RM-01-IEM3255-2,2025-02-03,175467.03,9.98,3.883611111111111
PT. Pusan Manis Mulia 2.06 MWp - Tangerang,RM-01-IEM3255-2,2025-02-04,177538.87,10.15,3.4902777777777776
PT. Pusan Manis Mulia 2.06 MWp - Tangerang,RM-01-IEM3255-2,2025-02-05,179988.72,10.29,4.301111111111111
PT. Pusan Manis Mulia 2.06 MWp - Tangerang,RM-01-IEM3255-2,2025-02-06,182232.31,10.43,3.821388888888889
PT. Pusan Manis Mulia 2.06 MWp - Tangerang,RM-01-IEM3255-2,2025-02-07,185110.28,10.59,5.106111111111111
PT. Pusan Manis Mulia 2.06 MWp - Tangerang,RM-01-IEM3255-2,2025-02-08,187267.37,10.75,3.763333333333333
PT. Pusan Manis Mulia 2.06 MWp - Tangerang,RM-01-IEM3255-2,2025-02-09,190307.35,10.85,5.473055555555556
PT. Pusan Manis Mulia 2.06 MWp - Tangerang,RM-01-IEM3255-2,2025-02-10,192474.13,10.99,3.658333333333333
PT. Pusan Manis Mulia 2.06 MWp - Tangerang,RM-01-IEM3255-2,2025-02-11,195060.63,11.1,4.456666666666667
PT. Pusan Manis Mulia 2.06 MWp - Tangerang,RM-01-IEM3255-2,2025-02-12,198637.35,11.21,6.469444444444444
PT. Pusan Manis Mulia 2.06 MWp - Tangerang,RM-01-IEM3255-2,2025-02-13,202556.62,11.29,7.158055555555555
PT. Pusan Manis Mulia 2.06 MWp - Tangerang,RM-01-IEM3255-2,2025-02-14,205775.25,11.43,5.909722222222222
PT. Pusan Manis Mulia 2.06 MWp - Tangerang,RM-01-IEM3255-2,2025-02-15,208108.48,11.57,4.090833333333333
PT. Pusan Manis Mulia 2.06 MWp - Tangerang,RM-01-IEM3255-2,2025-02-16,209919.18,11.71,3.1055555555555556
PT. Pusan Manis Mulia 2.06 MWp - Tangerang,RM-01-IEM3255-2,2025-02-17,211544.54,11.86,2.7044444444444444
PT. Pusan Manis Mulia 2.06 MWp - Tangerang,RM-01-IEM3255-2,2025-02-18,213088.9,12.01,2.6169444444444445
PT. Pusan Manis Mulia 2.06 MWp - Tangerang,RM-01-IEM3255-2,2025-02-19,215401.2,12.14,3.9425
PT. Pusan Manis Mulia 2.06 MWp - Tangerang,RM-01-IEM3255-2,2025-02-20,218851.94,12.26,6.165
PT. Pusan Manis Mulia 2.06 MWp - Tangerang,RM-01-IEM3255-2,2025-02-21,220781.3,12.4,3.2241666666666666
PT. Pusan Manis Mulia 2.06 MWp - Tangerang,RM-01-IEM3255-2,2025-02-22,222213.53,12.53,2.3344444444444443
PT. Pusan Manis Mulia 2.06 MWp - Tangerang,RM-01-IEM3255-2,2025-02-23,223767.35,12.67,2.513333333333333
PT. Pusan Manis Mulia 2.06 MWp - Tangerang,RM-01-IEM3255-2,2025-02-24,225655.72,12.79,3.292777777777778
PT. Pusan Manis Mulia 2.06 MWp - Tangerang,RM-01-IEM3255-2,2025-02-25,228691.89,12.91,5.351666666666667
PT. Pusan Manis Mulia 2.06 MWp - Tangerang,RM-01-IEM3255-2,2025-02-26,230322.69,13.05,2.7125
PT. Pusan Manis Mulia 2.06 MWp - Tangerang,RM-01-IEM3255-2,2025-02-27,232025.61,13.21,2.915277777777778
PT. Pusan Manis Mulia 2.06 MWp - Tangerang,RM-01-IEM3255-2,2025-02-28,234714.28,13.34,4.751111111111111
PT. Pusan Manis Mulia 2.06 MWp - Tangerang,RM-01-IEM3255-2,2025-03-01,236345.09,13.48,2.942222222222222
PT. Pusan Manis Mulia 2.06 MWp - Tangerang,RM-01-IEM3255-2,2025-03-02,239218.16,13.58,5.1275
PT. Pusan Manis Mulia 2.06 MWp - Tangerang,RM-01-IEM3255-2,2025-03-03,241465.66,13.66,3.9230555555555555
PT. Pusan Manis Mulia 2.06 MWp - Tangerang,RM-01-IEM3255-2,2025-03-04,242807.28,13.75,2.276111111111111
PT. Pusan Manis Mulia 2.06 MWp - Tangerang,RM-01-IEM3255-2,2025-03-05,245939.13,13.87,5.661666666666667
PT. Pusan Manis Mulia 2.06 MWp - Tangerang,RM-01-IEM3255-2,2025-03-06,248476.4,14.03,4.546388888888889
PT. Pusan Manis Mulia 2.06 MWp - Tangerang,RM-01-IEM3255-2,2025-03-07,250801.58,14.18,3.9530555555555558
PT. Pusan Manis Mulia 2.06 MWp - Tangerang,RM-01-IEM3255-2,2025-03-08,253037.94,14.34,4.043888888888889
PT. Pusan Manis Mulia 2.06 MWp - Tangerang,RM-01-IEM3255-2,2025-03-09,255021.42,14.46,3.431111111111111
PT. Pusan Manis Mulia 2.06 MWp - Tangerang,RM-01-IEM3255-2,2025-03-10,256987.75,14.59,3.3713888888888888
PT. Pusan Manis Mulia 2.06 MWp - Tangerang,RM-01-IEM3255-2,2025-03-11,259635.86,14.77,4.858333333333333
PT. Pusan Manis Mulia 2.06 MWp - Tangerang,RM-01-IEM3255-2,2025-03-12,262783.47,14.95,5.7975
PT. Pusan Manis Mulia 2.06 MWp - Tangerang,RM-01-IEM3255-2,2025-03-13,265240.74,15.12,4.4025
PT. Pusan Manis Mulia 2.06 MWp - Tangerang,RM-01-IEM3255-2,2025-03-14,267769.25,15.3,4.695
PT. Pusan Manis Mulia 2.06 MWp - Tangerang,RM-01-IEM3255-2,2025-03-15,270767.26,15.47,5.269722222222223
PT. Pusan Manis Mulia 2.06 MWp - Tangerang,RM-01-IEM3255-2,2025-03-16,273032.17,15.62,3.9283333333333332
PT. Pusan Manis Mulia 2.06 MWp - Tangerang,RM-01-IEM3255-2,2025-03-17,274472.1,15.75,2.7816666666666667
PT. Pusan Manis Mulia 2.06 MWp - Tangerang,RM-01-IEM3255-2,2025-03-18,276988.58,15.89,4.391944444444444
PT. Pusan Manis Mulia 2.06 MWp - Tangerang,RM-01-IEM3255-2,2025-03-19,279922.93,16.04,5.1775
PT. Pusan Manis Mulia 2.06 MWp - Tangerang,RM-01-IEM3255-2,2025-03-20,282580.83,16.22,4.774166666666667
PT. Pusan Manis Mulia 2.06 MWp - Tangerang,RM-01-IEM3255-2,2025-03-21,285939.81,16.35,6.5472222222222225
PT. Pusan Manis Mulia 2.06 MWp - Tangerang,RM-01-IEM3255-2,2025-03-22,287311.34,16.41,2.3558333333333334
PT. Pusan Manis Mulia 2.06 MWp - Tangerang,RM-01-IEM3255-2,2025-03-23,290268.67,16.52,5.255277777777778
PT. Pusan Manis Mulia 2.06 MWp - Tangerang,RM-01-IEM3255-2,2025-03-24,293055.48,16.63,4.97
PT. Pusan Manis Mulia 2.06 MWp - Tangerang,RM-01-IEM3255-2,2025-03-25,295018.95,16.78,3.4355555555555557
PT. Pusan Manis Mulia 2.06 MWp - Tangerang,RM-01-IEM3255-2,2025-03-26,297120.06,16.91,3.6572222222222224
PT. Pusan Manis Mulia 2.06 MWp - Tangerang,RM-01-IEM3255-2,2025-03-27,298418.28,17.01,2.223055555555556
PT. Pusan Manis Mulia 2.06 MWp - Tangerang,RM-01-IEM3255-2,2025-03-28,300665.16,17.12,3.873611111111111
PT. Pusan Manis Mulia 2.06 MWp - Tangerang,RM-01-IEM3255-2,2025-03-29,303690.47,17.25,5.4125
PT. Pusan Manis Mulia 2.06 MWp - Tangerang,RM-01-IEM3255-2,2025-03-30,306994.03,17.39,6.021111111111111
PT. Pusan Manis Mulia 2.06 MWp - Tangerang,RM-01-IEM3255-2,2025-03-31,309803.49,17.48,5.1033333333333335
PT. Pusan Manis Mulia 2.06 MWp - Tangerang,RM-01-IEM3255-2,2025-04-01,311564.3,17.58,2.193888888888889
PT. Pusan Manis Mulia 2.06 MWp - Tangerang,RM-01-IEM3255-2,2025-04-02,314165.18,17.67,4.681666666666667
PT. Pusan Manis Mulia 2.06 MWp - Tangerang,RM-01-IEM3255-2,2025-04-03,316828.75,17.76,4.848055555555556
PT. Pusan Manis Mulia 2.06 MWp - Tangerang,RM-01-IEM3255-2,2025-04-04,319165.41,17.89,4.165
PT. Pusan Manis Mulia 2.06 MWp - Tangerang,RM-01-IEM3255-2,2025-04-05,321733.24,18.02,4.6
PT. Pusan Manis Mulia 2.06 MWp - Tangerang,RM-01-IEM3255-2,2025-04-06,324204.23,18.14,4.5075
PT. Pusan Manis Mulia 2.06 MWp - Tangerang,RM-01-IEM3255-2,2025-04-07,327287.95,18.27,5.651111111111111
PT. Pusan Manis Mulia 2.06 MWp - Tangerang,RM-01-IEM3255-2,2025-04-08,330242.22,18.42,5.425833333333333
PT. Pusan Manis Mulia 2.06 MWp - Tangerang,RM-01-IEM3255-2,2025-04-09,332764.3,18.58,4.4625
PT. Pusan Manis Mulia 2.06 MWp - Tangerang,RM-01-IEM3255-2,2025-04-10,334505.51,18.74,3.0858333333333334
PT. Pusan Manis Mulia 2.06 MWp - Tangerang,RM-01-IEM3255-2,2025-04-11,336115.87,18.92,2.8961111111111113
PT. Pusan Manis Mulia 2.06 MWp - Tangerang,RM-01-IEM3255-2,2025-04-12,337633.71,19.1,2.605
PT. Pusan Manis Mulia 2.06 MWp - Tangerang,RM-01-IEM3255-2,2025-04-13,338965.26,19.28,2.2555555555555555
PT. Pusan Manis Mulia 2.06 MWp - Tangerang,RM-01-IEM3255-2,2025-04-14,342326.65,19.45,5.891388888888889
PT. Pusan Manis Mulia 2.06 MWp - Tangerang,RM-01-IEM3255-2,2025-04-15,343968.19,19.61,2.631944444444444
PT. Pusan Manis Mulia 2.06 MWp - Tangerang,RM-01-IEM3255-2,2025-04-16,346768.3,19.74,4.9494444444444445
PT. Pusan Manis Mulia 2.06 MWp - Tangerang,RM-01-IEM3255-2,2025-04-17,347874.42,19.87,1.7208333333333332
PT. Pusan Manis Mulia 2.06 MWp - Tangerang,RM-01-IEM3255-2,2025-04-18,350086.51,20.04,3.7736111111111112
PT. Pusan Manis Mulia 2.06 MWp - Tangerang,RM-01-IEM3255-2,2025-04-19,353375.22,20.19,5.714166666666666
PT. Pusan Manis Mulia 2.06 MWp - Tangerang,RM-01-IEM3255-2,2025-04-20,356495.81,20.34,5.431666666666667
PT. Pusan Manis Mulia 2.06 MWp - Tangerang,RM-01-IEM3255-2,2025-04-21,358570.53,20.51,3.388333333333333
PT. Pusan Manis Mulia 2.06 MWp - Tangerang,RM-01-IEM3255-2,2025-04-22,361219.95,20.64,4.4880555555555555
PT. Pusan Manis Mulia 2.06 MWp - Tangerang,RM-01-IEM3255-2,2025-04-23,364626.43,20.81,5.983055555555556
PT. Pusan Manis Mulia 2.06 MWp - Tangerang,RM-01-IEM3255-2,2025-04-24,368024.72,20.96,5.964722222222222
PT. Pusan Manis Mulia 2.06 MWp - Tangerang,RM-01-IEM3255-2,2025-04-25,370680.76,21.1,4.650833333333333
PT. Pusan Manis Mulia 2.06 MWp - Tangerang,RM-01-IEM3255-2,2025-04-26,373254.2,21.25,4.455
PT. Pusan Manis Mulia 2.06 MWp - Tangerang,RM-01-IEM3255-2,2025-04-27,375813.09,21.37,4.457777777777777
PT. Pusan Manis Mulia 2.06 MWp - Tangerang,RM-01-IEM3255-2,2025-04-28,378414.69,21.51,4.56
PT. Pusan Manis Mulia 2.06 MWp - Tangerang,RM-01-IEM3255-2,2025-04-29,381315.86,21.67,5.066944444444444
PT. Pusan Manis Mulia 2.06 MWp - Tangerang,RM-01-IEM3255-2,2025-04-30,383352.59,21.83,3.486944444444444
PT. Pusan Manis Mulia 2.06 MWp - Tangerang,RM-01-IEM3255-2,2025-05-01,385840.9,21.96,4.407777777777778
PT. Pusan Manis Mulia 2.06 MWp - Tangerang,RM-01-IEM3255-2,2025-05-02,388086.02,22.06,3.8994444444444443
PT. Pusan Manis Mulia 2.06 MWp - Tangerang,RM-01-IEM3255-2,2025-05-03,391012.67,22.2,5.1
PT. Pusan Manis Mulia 2.06 MWp - Tangerang,RM-01-IEM3255-2,2025-05-04,393486.63,22.37,4.212777777777778
PT. Pusan Manis Mulia 2.06 MWp - Tangerang,RM-01-IEM3255-2,2025-05-05,396021.21,22.49,4.424166666666666
PT. Pusan Manis Mulia 2.06 MWp - Tangerang,RM-01-IEM3255-2,2025-05-06,398488.32,22.65,4.296388888888889
PT. Pusan Manis Mulia 2.06 MWp - Tangerang,RM-01-IEM3255-2,2025-05-07,399984.99,22.8,2.5772222222222223
PT. Pusan Manis Mulia 2.06 MWp - Tangerang,RM-01-IEM3255-2,2025-05-08,402634.25,22.95,4.605833333333333
PT. Pusan Manis Mulia 2.06 MWp - Tangerang,RM-01-IEM3255-2,2025-05-09,405380.33,23.09,4.696666666666666
PT. Pusan Manis Mulia 2.06 MWp - Tangerang,RM-01-IEM3255-2,2025-05-10,408325.46,23.22,5.246944444444444
PT. Pusan Manis Mulia 2.06 MWp - Tangerang,RM-01-IEM3255-2,2025-05-11,410722.04,23.34,4.2
PT. Pusan Manis Mulia 2.06 MWp - Tangerang,RM-01-IEM3255-2,2025-05-12,413239.86,23.45,4.28
PT. Pusan Manis Mulia 2.06 MWp - Tangerang,RM-01-IEM3255-2,2025-05-13,416175.28,23.59,5.191944444444444
PT. Pusan Manis Mulia 2.06 MWp - Tangerang,RM-01-IEM3255-2,2025-05-14,418254.83,23.76,3.578333333333333
PT. Pusan Manis Mulia 2.06 MWp - Tangerang,RM-01-IEM3255-2,2025-05-15,419990.48,23.91,3.004166666666667
PT. Pusan Manis Mulia 2.06 MWp - Tangerang,RM-01-IEM3255-2,2025-05-16,422071.9,24.08,3.6752777777777776
PT. Pusan Manis Mulia 2.06 MWp - Tangerang,RM-01-IEM3255-2,2025-05-17,424034.39,24.25,3.444722222222222
PT. Pusan Manis Mulia 2.06 MWp - Tangerang,RM-01-IEM3255-2,2025-05-18,426409.43,24.37,4.139166666666667
PT. Pusan Manis Mulia 2.06 MWp - Tangerang,RM-01-IEM3255-2,2025-05-19,429055.0,24.47,4.599722222222222
PT. Pusan Manis Mulia 2.06 MWp - Tangerang,RM-01-IEM3255-2,2025-05-20,430687.61,24.58,2.799444444444444
PT. Pusan Manis Mulia 2.06 MWp - Tangerang,RM-01-IEM3255-2,2025-05-21,432045.22,24.69,2.2905555555555557
PT. Pusan Manis Mulia 2.06 MWp - Tangerang,RM-01-IEM3255-2,2025-05-22,433496.41,24.78,2.4319444444444445
PT. Pusan Manis Mulia 2.06 MWp - Tangerang,RM-01-IEM3255-2,2025-05-23,434622.91,24.88,1.8580555555555556
PT. Pusan Manis Mulia 2.06 MWp - Tangerang,RM-01-IEM3255-2,2025-05-24,436652.23,24.97,3.4941666666666666
PT. Pusan Manis Mulia 2.06 MWp - Tangerang,RM-01-IEM3255-2,2025-05-25,438022.78,25.09,2.2419444444444445
PT. Pusan Manis Mulia 2.06 MWp - Tangerang,RM-01-IEM3255-2,2025-05-26,439073.27,25.26,1.7094444444444443
PT. Pusan Manis Mulia 2.06 MWp - Tangerang,RM-01-IEM3255-2,2025-05-27,441940.61,25.39,5.150277777777778
PT. Pusan Manis Mulia 2.06 MWp - Tangerang,RM-01-IEM3255-2,2025-05-28,444462.12,25.5,4.475
PT. Pusan Manis Mulia 2.06 MWp - Tangerang,RM-01-IEM3255-2,2025-05-29,446615.61,25.64,3.758888888888889
PT. Pusan Manis Mulia 2.06 MWp - Tangerang,RM-01-IEM3255-2,2025-05-30,449137.36,25.77,4.4366666666666665
PT. Pusan Manis Mulia 2.06 MWp - Tangerang,RM-01-IEM3255-2,2025-05-31,451710.53,25.88,4.5183333333333335
PT. Pusan Manis Mulia 2.06 MWp - Tangerang,RM-01-IEM3255-2,2025-06-01,453475.99,26.02,2.9297222222222223
PT. Pusan Manis Mulia 2.06 MWp - Tangerang,RM-01-IEM3255-2,2025-06-02,456247.5,26.12,4.896944444444444
PT. Pusan Manis Mulia 2.06 MWp - Tangerang,RM-01-IEM3255-2,2025-06-03,458205.78,26.28,3.4408333333333334
PT. Pusan Manis Mulia 2.06 MWp - Tangerang,RM-01-IEM3255-2,2025-06-04,460046.34,26.39,3.1880555555555556
PT. Pusan Manis Mulia 2.06 MWp - Tangerang,RM-01-IEM3255-2,2025-06-05,462099.32,26.45,3.5305555555555554
PT. Pusan Manis Mulia 2.06 MWp - Tangerang,RM-01-IEM3255-2,2025-06-06,464298.1,26.52,3.777222222222222
PT. Pusan Manis Mulia 2.06 MWp - Tangerang,RM-01-IEM3255-2,2025-06-07,466999.72,26.65,4.771944444444444
PT. Pusan Manis Mulia 2.06 MWp - Tangerang,RM-01-IEM3255-2,2025-06-08,469522.39,26.73,4.440833333333333
PT. Pusan Manis Mulia 2.06 MWp - Tangerang,RM-01-IEM3255-2,2025-06-09,471486.51,26.79,3.425
PT. Pusan Manis Mulia 2.06 MWp - Tangerang,RM-01-IEM3255-2,2025-06-10,473543.59,26.9,3.5469444444444442
PT. Pusan Manis Mulia 2.06 MWp - Tangerang,RM-01-IEM3255-2,2025-06-11,475499.98,26.97,3.3830555555555555
PT. Pusan Manis Mulia 2.06 MWp - Tangerang,RM-01-IEM3255-2,2025-06-12,478234.56,27.07,4.8725
PT. Pusan Manis Mulia 2.06 MWp - Tangerang,RM-01-IEM3255-2,2025-06-13,481000.54,27.18,4.918055555555555
PT. Pusan Manis Mulia 2.06 MWp - Tangerang,RM-01-IEM3255-2,2025-06-14,483151.66,27.27,3.720277777777778
PT. Pusan Manis Mulia 2.06 MWp - Tangerang,RM-01-IEM3255-2,2025-06-15,485334.2,27.36,3.862222222222222
PT. Pusan Manis Mulia 2.06 MWp - Tangerang,RM-01-IEM3255-2,2025-06-16,487709.8,27.45,4.306111111111111
PT. Pusan Manis Mulia 2.06 MWp - Tangerang,RM-01-IEM3255-2,2025-06-17,489748.35,27.58,3.6575
PT. Pusan Manis Mulia 2.06 MWp - Tangerang,RM-01-IEM3255-2,2025-06-18,490862.12,27.74,1.863888888888889
PT. Pusan Manis Mulia 2.06 MWp - Tangerang,RM-01-IEM3255-2,2025-06-19,491378.93,27.9,1.418611111111111
PT. Pusan Manis Mulia 2.06 MWp - Tangerang,RM-01-IEM3255-2,2025-06-20,493648.22,28.08,3.9591666666666665
PT. Pusan Manis Mulia 2.06 MWp - Tangerang,RM-01-IEM3255-2,2025-06-21,495121.47,28.25,2.473055555555556
PT. Pusan Manis Mulia 2.06 MWp - Tangerang,RM-01-IEM3255-2,2025-06-22,497625.98,28.4,4.446111111111111
PT. Pusan Manis Mulia 2.06 MWp - Tangerang,RM-01-IEM3255-2,2025-06-23,500068.68,28.52,4.316388888888889
PT. Pusan Manis Mulia 2.06 MWp - Tangerang,RM-01-IEM3255-2,2025-06-24,502209.81,28.71,3.752222222222222
PT. Pusan Manis Mulia 2.06 MWp - Tangerang,RM-01-IEM3255-2,2025-06-25,504433.82,28.87,3.9652777777777777
PT. Pusan Manis Mulia 2.06 MWp - Tangerang,RM-01-IEM3255-2,2025-06-26,506715.73,28.99,4.106944444444444
PT. Pusan Manis Mulia 2.06 MWp - Tangerang,RM-01-IEM3255-2,2025-06-27,508654.7,29.08,3.36
PT. Pusan Manis Mulia 2.06 MWp - Tangerang,RM-01-IEM3255-2,2025-06-28,509842.61,29.17,2.0772222222222223
PT. Pusan Manis Mulia 2.06 MWp - Tangerang,RM-01-IEM3255-2,2025-06-29,510563.38,29.24,1.0933333333333333
PT. Pusan Manis Mulia 2.06 MWp - Tangerang,RM-01-IEM3255-2,2025-06-30,512751.25,29.27,3.984722222222222
PT. Pusan Manis Mulia 2.06 MWp - Tangerang,RM-01-IEM3255-2,2025-07-01,512751.25,29.27,4.085833333333333
PT. Pusan Manis Mulia 2.06 MWp - Tangerang,RM-01-IEM3255-2,2025-07-02,512751.25,29.27,4.105277777777777
PT. Pusan Manis Mulia 2.06 MWp - Tangerang,RM-01-IEM3255-2,2025-07-03,512828.61,29.34,4.035555555555556
PT. Pusan Manis Mulia 2.06 MWp - Tangerang,RM-01-IEM3255-2,2025-07-04,514984.2,29.52,3.7552777777777777
PT. Pusan Manis Mulia 2.06 MWp - Tangerang,RM-01-IEM3255-2,2025-07-05,516590.78,29.64,2.786388888888889
PT. Pusan Manis Mulia 2.06 MWp - Tangerang,RM-01-IEM3255-2,2025-07-06,518556.54,29.72,3.473333333333333
PT. Pusan Manis Mulia 2.06 MWp - Tangerang,RM-01-IEM3255-2,2025-07-07,520788.0,29.85,3.924444444444444
PT. Pusan Manis Mulia 2.06 MWp - Tangerang,RM-01-IEM3255-2,2025-07-08,523537.01,30.0,4.831944444444445
PT. Pusan Manis Mulia 2.06 MWp - Tangerang,RM-01-IEM3255-2,2025-07-09,525997.77,30.12,4.325
PT. Pusan Manis Mulia 2.06 MWp - Tangerang,RM-01-IEM3255-2,2025-07-10,528448.58,30.27,4.400277777777778
PT. Pusan Manis Mulia 2.06 MWp - Tangerang,RM-01-IEM3255-2,2025-07-11,529784.45,30.45,2.2894444444444444
PT. Pusan Manis Mulia 2.06 MWp - Tangerang,RM-01-IEM3255-2,2025-07-12,532455.22,30.59,4.841111111111111
PT. Pusan Manis Mulia 2.06 MWp - Tangerang,RM-01-IEM3255-2,2025-07-13,534067.52,30.65,2.8158333333333334
PT. Pusan Manis Mulia 2.06 MWp - Tangerang,RM-01-IEM3255-2,2025-07-14,535461.67,30.77,2.393611111111111
PT. Pusan Manis Mulia 2.06 MWp - Tangerang,RM-01-IEM3255-2,2025-07-15,537996.27,30.87,4.516666666666667
PT. Pusan Manis Mulia 2.06 MWp - Tangerang,RM-01-IEM3255-2,2025-07-16,540143.98,31.0,3.746111111111111
PT. Pusan Manis Mulia 2.06 MWp - Tangerang,RM-01-IEM3255-2,2025-07-17,542341.69,31.15,3.8016666666666667
PT. Pusan Manis Mulia 2.06 MWp - Tangerang,RM-01-IEM3255-2,2025-07-18,544333.43,31.27,3.4591666666666665
PT. Pusan Manis Mulia 2.06 MWp - Tangerang,RM-01-IEM3255-2,2025-07-19,547498.99,31.38,5.646944444444444
PT. Pusan Manis Mulia 2.06 MWp - Tangerang,RM-01-IEM3255-2,2025-07-20,550433.93,31.51,5.2363888888888885
PT. Pusan Manis Mulia 2.06 MWp - Tangerang,RM-01-IEM3255-2,2025-07-21,553095.78,31.63,4.753055555555556
PT. Pusan Manis Mulia 2.06 MWp - Tangerang,RM-01-IEM3255-2,2025-07-22,556000.14,31.74,5.175
PT. Pusan Manis Mulia 2.06 MWp - Tangerang,RM-01-IEM3255-2,2025-07-23,558862.01,31.84,5.153888888888889
PT. Pusan Manis Mulia 2.06 MWp - Tangerang,RM-01-IEM3255-2,2025-07-24,561199.73,31.92,4.206388888888889
PT. Pusan Manis Mulia 2.06 MWp - Tangerang,RM-01-IEM3255-2,2025-07-25,564121.3,32.03,5.2972222222222225
PT. Pusan Manis Mulia 2.06 MWp - Tangerang,RM-01-IEM3255-2,2025-07-26,566864.97,32.15,4.943333333333333
PT. Pusan Manis Mulia 2.06 MWp - Tangerang,RM-01-IEM3255-2,2025-07-27,568775.28,32.28,3.395
PT. Pusan Manis Mulia 2.06 MWp - Tangerang,RM-01-IEM3255-2,2025-07-28,570254.98,32.43,2.5930555555555554
PT. Pusan Manis Mulia 2.06 MWp - Tangerang,RM-01-IEM3255-2,2025-07-29,572627.05,32.55,4.214722222222222
PT. Pusan Manis Mulia 2.06 MWp - Tangerang,RM-01-IEM3255-2,2025-07-30,574716.44,32.64,3.7294444444444443
PT. Pusan Manis Mulia 2.06 MWp - Tangerang,RM-01-IEM3255-2,2025-07-31,577407.06,32.75,4.799166666666666
PT. Pusan Manis Mulia 2.06 MWp - Tangerang,RM-01-IEM3255-2,2025-08-01,580390.26,32.85,5.357222222222222
PT. Pusan Manis Mulia 2.06 MWp - Tangerang,RM-01-IEM3255-2,2025-08-02,583375.31,32.95,5.404166666666667
PT. Pusan Manis Mulia 2.06 MWp - Tangerang,RM-01-IEM3255-2,2025-08-03,585065.68,33.01,3.0533333333333332
PT. Pusan Manis Mulia 2.06 MWp - Tangerang,RM-01-IEM3255-2,2025-08-04,586893.78,33.09,3.174722222222222
PT. Pusan Manis Mulia 2.06 MWp - Tangerang,RM-01-IEM3255-2,2025-08-05,589106.15,33.23,3.8858333333333333
PT. Pusan Manis Mulia 2.06 MWp - Tangerang,RM-01-IEM3255-2,2025-08-06,591408.96,33.38,4.023888888888889
PT. Pusan Manis Mulia 2.06 MWp - Tangerang,RM-01-IEM3255-2,2025-08-07,593746.04,33.54,4.1241666666666665
PT. Pusan Manis Mulia 2.06 MWp - Tangerang,RM-01-IEM3255-2,2025-08-08,595995.96,33.73,3.8627777777777776
PT. Pusan Manis Mulia 2.06 MWp - Tangerang,RM-01-IEM3255-2,2025-08-09,597966.12,33.89,3.4452777777777777
PT. Pusan Manis Mulia 2.06 MWp - Tangerang,RM-01-IEM3255-2,2025-08-10,600445.53,34.04,4.404166666666667
PT. Pusan Manis Mulia 2.06 MWp - Tangerang,RM-01-IEM3255-2,2025-08-11,602082.04,34.25,2.777222222222222
PT. Pusan Manis Mulia 2.06 MWp - Tangerang,RM-01-IEM3255-2,2025-08-12,603287.63,34.45,2.031388888888889
PT. Pusan Manis Mulia 2.06 MWp - Tangerang,RM-01-IEM3255-2,2025-08-13,605244.13,34.62,3.372777777777778
PT. Pusan Manis Mulia 2.06 MWp - Tangerang,RM-01-IEM3255-2,2025-08-14,607202.67,34.78,3.32
PT. Pusan Manis Mulia 2.06 MWp - Tangerang,RM-01-IEM3255-2,2025-08-15,610121.16,34.88,5.171111111111111
PT. Pusan Manis Mulia 2.06 MWp - Tangerang,RM-01-IEM3255-2,2025-08-16,613442.82,34.99,5.8213888888888885
PT. Pusan Manis Mulia 2.06 MWp - Tangerang,RM-01-IEM3255-2,2025-08-17,616517.75,35.11,5.411944444444444
PT. Pusan Manis Mulia 2.06 MWp - Tangerang,RM-01-IEM3255-2,2025-08-18,618339.76,35.22,3.081111111111111
PT. Pusan Manis Mulia 2.06 MWp - Tangerang,RM-01-IEM3255-2,2025-08-19,620001.57,35.37,2.718611111111111
PT. Pusan Manis Mulia 2.06 MWp - Tangerang,RM-01-IEM3255-2,2025-08-20,621866.59,35.52,3.1416666666666666
PT. Pusan Manis Mulia 2.06 MWp - Tangerang,RM-01-IEM3255-2,2025-08-21,624403.86,35.64,4.363611111111111
PT. Pusan Manis Mulia 2.06 MWp - Tangerang,RM-01-IEM3255-2,2025-08-22,627014.65,35.77,4.603888888888889
PT. Pusan Manis Mulia 2.06 MWp - Tangerang,RM-01-IEM3255-2,2025-08-23,629224.41,35.89,3.905
PT. Pusan Manis Mulia 2.06 MWp - Tangerang,RM-01-IEM3255-2,2025-08-24,632047.81,36.01,5.049166666666666
PT. Pusan Manis Mulia 2.06 MWp - Tangerang,RM-01-IEM3255-2,2025-08-25,634426.91,36.18,4.148611111111111
PT. Pusan Manis Mulia 2.06 MWp - Tangerang,RM-01-IEM3255-2,2025-08-26,637773.0,36.33,6.028888888888889
PT. Pusan Manis Mulia 2.06 MWp - Tangerang,RM-01-IEM3255-2,2025-08-27,641298.46,36.46,6.354722222222223
PT. Pusan Manis Mulia 2.06 MWp - Tangerang,RM-01-IEM3255-2,2025-08-28,643759.22,36.61,4.366944444444444
PT. Pusan Manis Mulia 2.06 MWp - Tangerang,RM-01-IEM3255-2,2025-08-29,646799.05,36.75,5.475555555555555
PT. Pusan Manis Mulia 2.06 MWp - Tangerang,RM-01-IEM3255-2,2025-08-30,648834.14,36.89,3.5477777777777777
PT. Pusan Manis Mulia 2.06 MWp - Tangerang,RM-01-IEM3255-2,2025-08-31,651293.51,37.04,4.307222222222222
PT. Pusan Manis Mulia 2.06 MWp - Tangerang,RM-01-IEM3255-2,2025-09-01,654531.44,37.19,5.880833333333333
PT. Pusan Manis Mulia 2.06 MWp - Tangerang,RM-01-IEM3255-2,2025-09-02,657884.54,37.32,6.138333333333334
PT. Pusan Manis Mulia 2.06 MWp - Tangerang,RM-01-IEM3255-2,2025-09-03,661499.64,37.45,6.559166666666667
PT. Pusan Manis Mulia 2.06 MWp - Tangerang,RM-01-IEM3255-2,2025-09-04,664352.75,37.58,5.240833333333334
PT. Pusan Manis Mulia 2.06 MWp - Tangerang,RM-01-IEM3255-2,2025-09-05,666498.29,37.7,3.8491666666666666
PT. Pusan Manis Mulia 2.06 MWp - Tangerang,RM-01-IEM3255-2,2025-09-06,668912.99,37.81,4.288888888888889
PT. Pusan Manis Mulia 2.06 MWp - Tangerang,RM-01-IEM3255-2,2025-09-07,671601.95,37.96,4.710833333333333
PT. Pusan Manis Mulia 2.06 MWp - Tangerang,RM-01-IEM3255-2,2025-09-08,673797.91,38.09,3.839722222222222
PT. Pusan Manis Mulia 2.06 MWp - Tangerang,RM-01-IEM3255-2,2025-09-09,675494.91,38.24,2.8958333333333335
PT. Pusan Manis Mulia 2.06 MWp - Tangerang,RM-01-IEM3255-2,2025-09-10,678576.52,38.38,5.513333333333334
PT. Pusan Manis Mulia 2.06 MWp - Tangerang,RM-01-IEM3255-2,2025-09-11,680091.3,38.52,2.5219444444444443
PT. Pusan Manis Mulia 2.06 MWp - Tangerang,RM-01-IEM3255-2,2025-09-12,683028.17,38.69,5.343333333333334
PT. Pusan Manis Mulia 2.06 MWp - Tangerang,RM-01-IEM3255-2,2025-09-13,686483.6,38.85,6.197777777777778
PT. Pusan Manis Mulia 2.06 MWp - Tangerang,RM-01-IEM3255-2,2025-09-14,689417.3,38.98,5.1530555555555555
PT. Pusan Manis Mulia 2.06 MWp - Tangerang,RM-01-IEM3255-2,2025-09-15,692044.17,39.12,4.719444444444444
PT. Pusan Manis Mulia 2.06 MWp - Tangerang,RM-01-IEM3255-2,2025-09-16,693811.82,39.27,3.0794444444444444
PT. Pusan Manis Mulia 2.06 MWp - Tangerang,RM-01-IEM3255-2,2025-09-17,695436.4,39.44,2.8369444444444443
PT. Pusan Manis Mulia 2.06 MWp - Tangerang,RM-01-IEM3255-2,2025-09-18,696667.02,39.59,1.9458333333333333
PT. Pusan Manis Mulia 2.06 MWp - Tangerang,RM-01-IEM3255-2,2025-09-19,698199.37,39.74,2.5116666666666667
PT. Pusan Manis Mulia 2.06 MWp - Tangerang,RM-01-IEM3255-2,2025-09-20,700098.24,39.9,3.29
PT. Pusan Manis Mulia 2.06 MWp - Tangerang,RM-01-IEM3255-2,2025-09-21,703370.89,40.09,6.06
PT. Pusan Manis Mulia 2.06 MWp - Tangerang,RM-01-IEM3255-2,2025-09-22,706621.57,40.23,5.916388888888889
PT. Pusan Manis Mulia 2.06 MWp - Tangerang,RM-01-IEM3255-2,2025-09-23,709047.27,40.38,4.3116666666666665
PT. Pusan Manis Mulia 2.06 MWp - Tangerang,RM-01-IEM3255-2,2025-09-24,712441.98,40.52,6.188888888888889
PT. Pusan Manis Mulia 2.06 MWp - Tangerang,RM-01-IEM3255-2,2025-09-25,714604.94,40.65,3.8419444444444446
PT. Pusan Manis Mulia 2.06 MWp - Tangerang,RM-01-IEM3255-2,2025-09-26,718119.98,40.78,5.148055555555556
PT. Pusan Manis Mulia 2.06 MWp - Tangerang,RM-01-IEM3255-2,2025-09-27,720866.17,40.9,
PT. Pusan Manis Mulia 2.06 MWp - Tangerang,RM-01-IEM3255-2,2025-09-28,723368.55,41.03,1.6244444444444444
PT. Pusan Manis Mulia 2.06 MWp - Tangerang,RM-01-IEM3255-2,2025-09-29,726019.18,41.17,4.714444444444444
PT. Pusan Manis Mulia 2.06 MWp - Tangerang,RM-01-IEM3255-2,2025-09-30,728436.91,41.3,4.308611111111111
PT. Pusan Manis Mulia 2.06 MWp - Tangerang,RM-01-IEM3255-2,2025-10-01,731086.52,41.42,4.723611111111111
PT. Pusan Manis Mulia 2.06 MWp - Tangerang,RM-01-IEM3255-2,2025-10-02,733242.02,41.54,3.6905555555555556
PT. Pusan Manis Mulia 2.06 MWp - Tangerang,RM-01-IEM3255-2,2025-10-03,735956.68,41.66,4.7188888888888885
PT. Pusan Manis Mulia 2.06 MWp - Tangerang,RM-01-IEM3255-2,2025-10-04,739364.23,41.78,6.1033333333333335
PT. Pusan Manis Mulia 2.06 MWp - Tangerang,RM-01-IEM3255-2,2025-10-05,741670.92,41.89,3.9783333333333335
PT. Pusan Manis Mulia 2.06 MWp - Tangerang,RM-01-IEM3255-2,2025-10-06,744936.13,41.97,5.807777777777778
PT. Pusan Manis Mulia 2.06 MWp - Tangerang,RM-01-IEM3255-2,2025-10-07,746750.2,42.08,3.1847222222222222
PT. Pusan Manis Mulia 2.06 MWp - Tangerang,RM-01-IEM3255-2,2025-10-08,750086.46,42.19,5.929444444444444
PT. Pusan Manis Mulia 2.06 MWp - Tangerang,RM-01-IEM3255-2,2025-10-09,752755.81,42.31,4.822222222222222
PT. Pusan Manis Mulia 2.06 MWp - Tangerang,RM-01-IEM3255-2,2025-10-10,755677.58,42.43,5.2508333333333335
PT. Pusan Manis Mulia 2.06 MWp - Tangerang,RM-01-IEM3255-2,2025-10-11,758323.22,42.53,4.8069444444444445
PT. Pusan Manis Mulia 2.06 MWp - Tangerang,RM-01-IEM3255-2,2025-10-12,761665.92,42.66,6.096666666666667
PT. Pusan Manis Mulia 2.06 MWp - Tangerang,RM-01-IEM3255-2,2025-10-13,764329.22,42.74,4.809166666666667
PT. Pusan Manis Mulia 2.06 MWp - Tangerang,RM-01-IEM3255-2,2025-10-14,767380.7,42.83,5.6930555555555555
PT. Pusan Manis Mulia 2.06 MWp - Tangerang,RM-01-IEM3255-2,2025-10-15,769903.38,42.93,4.669444444444444
PT. Pusan Manis Mulia 2.06 MWp - Tangerang,RM-01-IEM3255-2,2025-10-16,771840.67,43.06,3.4425
PT. Pusan Manis Mulia 2.06 MWp - Tangerang,RM-01-IEM3255-2,2025-10-17,774405.87,43.21,4.516666666666667
PT. Pusan Manis Mulia 2.06 MWp - Tangerang,RM-01-IEM3255-2,2025-10-18,776551.8,43.33,3.7891666666666666
PT. Pusan Manis Mulia 2.06 MWp - Tangerang,RM-01-IEM3255-2,2025-10-19,779052.07,43.43,4.291944444444445
PT. Pusan Manis Mulia 2.06 MWp - Tangerang,RM-01-IEM3255-2,2025-10-20,780874.28,43.55,3.106666666666667
PT. Pusan Manis Mulia 2.06 MWp - Tangerang,RM-01-IEM3255-2,2025-10-21,783431.58,43.66,4.53
PT. Pusan Manis Mulia 2.06 MWp - Tangerang,RM-01-IEM3255-2,2025-10-22,786735.0,43.77,6.0008333333333335
PT. Pusan Manis Mulia 2.06 MWp - Tangerang,RM-01-IEM3255-2,2025-10-23,789636.08,43.88,5.1369444444444445
PT. Pusan Manis Mulia 2.06 MWp - Tangerang,RM-01-IEM3255-2,2025-10-24,791884.83,44.03,3.917222222222222
PT. Pusan Manis Mulia 2.06 MWp - Tangerang,RM-01-IEM3255-2,2025-10-25,795001.94,44.16,5.582222222222223
PT. Pusan Manis Mulia 2.06 MWp - Tangerang,RM-01-IEM3255-2,2025-10-26,797716.49,44.29,4.855555555555555
PT. Pusan Manis Mulia 2.06 MWp - Tangerang,RM-01-IEM3255-2,2025-10-27,800164.7,44.43,4.37
PT. Pusan Manis Mulia 2.06 MWp - Tangerang,RM-01-IEM3255-2,2025-10-28,801828.83,44.55,2.808611111111111
PT. Pusan Manis Mulia 2.06 MWp - Tangerang,RM-01-IEM3255-2,2025-10-29,804152.34,44.69,4.041944444444445
PT. Pusan Manis Mulia 2.06 MWp - Tangerang,RM-01-IEM3255-2,2025-10-30,807378.93,44.84,5.802777777777778
PT. Pusan Manis Mulia 2.06 MWp - Tangerang,RM-01-IEM3255-2,2025-10-31,810364.48,44.99,5.386111111111111
PT. Pusan Manis Mulia 2.06 MWp - Tangerang,RM-01-IEM3255-2,2025-11-01,813285.61,45.12,5.313055555555556
PT. Pusan Manis Mulia 2.06 MWp - Tangerang,RM-01-IEM3255-2,2025-11-02,815684.6,45.23,4.149166666666667
PT. Pusan Manis Mulia 2.06 MWp - Tangerang,RM-01-IEM3255-2,2025-11-03,818686.12,45.34,5.450555555555556
PT. Pusan Manis Mulia 2.06 MWp - Tangerang,RM-01-IEM3255-2,2025-11-04,821919.06,45.46,5.9527777777777775
PT. Pusan Manis Mulia 2.06 MWp - Tangerang,RM-01-IEM3255-2,2025-11-05,824418.18,45.59,4.334444444444444
PT. Pusan Manis Mulia 2.06 MWp - Tangerang,RM-01-IEM3255-2,2025-11-06,827269.13,45.74,5.023611111111111
PT. Pusan Manis Mulia 2.06 MWp - Tangerang,RM-01-IEM3255-2,2025-11-07,830423.92,45.87,5.770555555555555
PT. Pusan Manis Mulia 2.06 MWp - Tangerang,RM-01-IEM3255-2,2025-11-08,831779.34,46.01,2.2744444444444443
PT. Pusan Manis Mulia 2.06 MWp - Tangerang,RM-01-IEM3255-2,2025-11-09,834821.96,46.12,5.424722222222222
PT. Pusan Manis Mulia 2.06 MWp - Tangerang,RM-01-IEM3255-2,2025-11-10,838429.61,46.22,6.573888888888889
PT. Pusan Manis Mulia 2.06 MWp - Tangerang,RM-01-IEM3255-2,2025-11-11,841085.1,46.32,4.578055555555555
PT. Pusan Manis Mulia 2.06 MWp - Tangerang,RM-01-IEM3255-2,2025-11-12,843935.27,46.52,4.8175
PT. Pusan Manis Mulia 2.06 MWp - Tangerang,RM-01-IEM3255-2,2025-11-13,846122.09,46.63,3.7244444444444444
PT. Pusan Manis Mulia 2.06 MWp - Tangerang,RM-01-IEM3255-2,2025-11-14,848315.53,46.78,3.671111111111111
PT. Pusan Manis Mulia 2.06 MWp - Tangerang,RM-01-IEM3255-2,2025-11-15,851586.13,46.9,5.676111111111111
PT. Pusan Manis Mulia 2.06 MWp - Tangerang,RM-01-IEM3255-2,2025-11-16,855352.7,46.97,6.711944444444445
PT. Pusan Manis Mulia 2.06 MWp - Tangerang,RM-01-IEM3255-2,2025-11-17,859055.28,47.09,6.625
PT. Pusan Manis Mulia 2.06 MWp - Tangerang,RM-01-IEM3255-2,2025-11-18,860065.85,47.21,1.7452777777777777
PT. Pusan Manis Mulia 2.06 MWp - Tangerang,RM-01-IEM3255-2,2025-11-19,862067.07,47.36,3.397777777777778
PT. Pusan Manis Mulia 2.06 MWp - Tangerang,RM-01-IEM3255-2,2025-11-20,864482.37,47.51,4.075
PT. Pusan Manis Mulia 2.06 MWp - Tangerang,RM-01-IEM3255-2,2025-11-21,867738.68,47.65,5.711388888888889
PT. Pusan Manis Mulia 2.06 MWp - Tangerang,RM-01-IEM3255-2,2025-11-22,870895.51,47.79,5.511666666666667
PT. Pusan Manis Mulia 2.06 MWp - Tangerang,RM-01-IEM3255-2,2025-11-23,873713.19,47.89,4.894722222222223
PT. Pusan Manis Mulia 2.06 MWp - Tangerang,RM-01-IEM3255-2,2025-11-24,877432.39,48.01,6.698611111111111
PT. Pusan Manis Mulia 2.06 MWp - Tangerang,RM-01-IEM3255-2,2025-11-25,881149.55,48.15,6.663611111111111
PT. Pusan Manis Mulia 2.06 MWp - Tangerang,RM-01-IEM3255-2,2025-11-26,884503.67,48.29,5.918333333333333
PT. Pusan Manis Mulia 2.06 MWp - Tangerang,RM-01-IEM3255-2,2025-11-27,887403.46,48.43,5.165277777777778
PT. Pusan Manis Mulia 2.06 MWp - Tangerang,RM-01-IEM3255-2,2025-11-28,890545.21,48.57,5.611944444444444
PT. Pusan Manis Mulia 2.06 MWp - Tangerang,RM-01-IEM3255-2,2025-11-29,893730.78,48.71,5.686944444444444
PT. Pusan Manis Mulia 2.06 MWp - Tangerang,RM-01-IEM3255-2,2025-11-30,895829.08,48.84,3.660555555555556
PT. Pusan Manis Mulia 2.06 MWp - Tangerang,RM-01-IEM3255-2,2025-12-01,898230.51,49.04,4.474166666666667
PT. Pusan Manis Mulia 2.06 MWp - Tangerang,RM-01-IEM3255-2,2025-12-02,900270.88,49.2,3.5566666666666666
PT. Pusan Manis Mulia 2.06 MWp - Tangerang,RM-01-IEM3255-2,2025-12-03,901993.26,49.38,3.0080555555555555
PT. Pusan Manis Mulia 2.06 MWp - Tangerang,RM-01-IEM3255-2,2025-12-04,903203.48,49.54,2.538611111111111
PT. Pusan Manis Mulia 2.06 MWp - Tangerang,RM-01-IEM3255-2,2025-12-05,905995.69,49.68,4.918333333333333
PT. Pusan Manis Mulia 2.06 MWp - Tangerang,RM-01-IEM3255-2,2025-12-06,908282.32,49.78,3.883888888888889
PT. Pusan Manis Mulia 2.06 MWp - Tangerang,RM-01-IEM3255-2,2025-12-07,911017.06,49.88,4.741388888888889
PT. Pusan Manis Mulia 2.06 MWp - Tangerang,RM-01-IEM3255-2,2025-12-08,914358.24,49.99,5.977777777777778
PT. Pusan Manis Mulia 2.06 MWp - Tangerang,RM-01-IEM3255-2,2025-12-09,916926.59,50.14,4.385
PT. Pusan Manis Mulia 2.06 MWp - Tangerang,RM-01-IEM3255-2,2025-12-10,919740.74,50.28,4.941666666666666
PT. Pusan Manis Mulia 2.06 MWp - Tangerang,RM-01-IEM3255-2,2025-12-11,921906.74,50.43,3.7169444444444446
PT. Pusan Manis Mulia 2.06 MWp - Tangerang,RM-01-IEM3255-2,2025-12-12,925034.72,50.58,5.624444444444444
PT. Pusan Manis Mulia 2.06 MWp - Tangerang,RM-01-IEM3255-2,2025-12-13,928146.11,50.71,5.480555555555555
PT. Pusan Manis Mulia 2.06 MWp - Tangerang,RM-01-IEM3255-2,2025-12-14,930556.07,50.83,3.991111111111111
PT. Pusan Manis Mulia 2.06 MWp - Tangerang,RM-01-IEM3255-2,2025-12-15,932969.53,50.97,4.181111111111111
PT. Pusan Manis Mulia 2.06 MWp - Tangerang,RM-01-IEM3255-2,2025-12-16,936256.86,51.12,5.8116666666666665
PT. Pusan Manis Mulia 2.06 MWp - Tangerang,RM-01-IEM3255-2,2025-12-17,938722.94,51.23,4.2725
PT. Pusan Manis Mulia 2.06 MWp - Tangerang,RM-01-IEM3255-2,2025-12-18,939662.0,51.29,1.527777777777778
PT. Pusan Manis Mulia 2.06 MWp - Tangerang,RM-01-IEM3255-2,2025-12-19,941794.26,51.42,3.6733333333333333
PT. Pusan Manis Mulia 2.06 MWp - Tangerang,RM-01-IEM3255-2,2025-12-20,943891.03,51.56,3.573611111111111
PT. Pusan Manis Mulia 2.06 MWp - Tangerang,RM-01-IEM3255-2,2025-12-21,946023.47,51.71,3.6794444444444445
PT. Pusan Manis Mulia 2.06 MWp - Tangerang,RM-01-IEM3255-2,2025-12-22,948934.04,51.85,5.222222222222222
PT. Pusan Manis Mulia 2.06 MWp - Tangerang,RM-01-IEM3255-2,2025-12-23,951824.83,51.97,5.153888888888889
PT. Pusan Manis Mulia 2.06 MWp - Tangerang,RM-01-IEM3255-2,2025-12-24,954664.97,52.08,5.034166666666667
PT. Pusan Manis Mulia 2.06 MWp - Tangerang,RM-01-IEM3255-2,2025-12-25,957818.06,52.21,5.611944444444444
PT. Pusan Manis Mulia 2.06 MWp - Tangerang,RM-01-IEM3255-2,2025-12-26,960392.39,52.35,4.5055555555555555
PT. Pusan Manis Mulia 2.06 MWp - Tangerang,RM-01-IEM3255-2,2025-12-27,962987.78,52.5,4.454722222222222
PT. Pusan Manis Mulia 2.06 MWp - Tangerang,RM-01-IEM3255-2,2025-12-28,965986.12,52.62,5.2811111111111115
PT. Pusan Manis Mulia 2.06 MWp - Tangerang,RM-01-IEM3255-2,2025-12-29,968489.95,52.75,4.306388888888889
PT. Pusan Manis Mulia 2.06 MWp - Tangerang,RM-01-IEM3255-2,2025-12-30,970805.63,52.89,4.006666666666667
PT. Pusan Manis Mulia 2.06 MWp - Tangerang,RM-01-IEM3255-2,2025-12-31,972679.69,53.04,3.169722222222222
PT. Pusan Manis Mulia 2.06 MWp - Tangerang,RM-01-IEM3255-2,2026-01-01,974857.0,53.16,3.7602777777777776
PT. Pusan Manis Mulia 2.06 MWp - Tangerang,RM-01-IEM3255-2,2026-01-02,976462.89,53.26,2.691388888888889
PT. Pusan Manis Mulia 2.06 MWp - Tangerang,RM-01-IEM3255-2,2026-01-03,978516.87,53.37,3.439722222222222
PT. Pusan Manis Mulia 2.06 MWp - Tangerang,RM-01-IEM3255-2,2026-01-04,981329.96,53.43,4.8933333333333335
PT. Pusan Manis Mulia 2.06 MWp - Tangerang,RM-01-IEM3255-2,2026-01-05,984336.55,53.54,5.357222222222222
PT. Pusan Manis Mulia 2.06 MWp - Tangerang,RM-01-IEM3255-2,2026-01-06,987886.62,53.66,6.428333333333334
PT. Pusan Manis Mulia 2.06 MWp - Tangerang,RM-01-IEM3255-2,2026-01-07,989918.92,53.83,3.441388888888889
PT. Pusan Manis Mulia 2.06 MWp - Tangerang,RM-01-IEM3255-2,2026-01-08,992462.89,53.98,4.386388888888889
PT. Pusan Manis Mulia 2.06 MWp - Tangerang,RM-01-IEM3255-2,2026-01-09,995462.42,54.11,5.316666666666666
PT. Pusan Manis Mulia 2.06 MWp - Tangerang,RM-01-IEM3255-2,2026-01-10,998067.07,54.21,4.435555555555555
PT. Pusan Manis Mulia 2.06 MWp - Tangerang,RM-01-IEM3255-2,2026-01-11,998970.0,54.31,1.4677777777777778
PT. Pusan Manis Mulia 2.06 MWp - Tangerang,RM-01-IEM3255-2,2026-01-12,999738.91,54.45,1.2530555555555556
PT. Pusan Manis Mulia 2.06 MWp - Tangerang,RM-01-IEM3255-2,2026-01-13,1001506.8,54.56,2.9955555555555557
PT. Pusan Manis Mulia 2.06 MWp - Tangerang,RM-01-IEM3255-2,2026-01-14,1003326.54,54.65,3.1505555555555556
PT. Pusan Manis Mulia 2.06 MWp - Tangerang,RM-01-IEM3255-2,2026-01-15,1004797.0,54.73,2.395277777777778
PT. Pusan Manis Mulia 2.06 MWp - Tangerang,RM-01-IEM3255-2,2026-01-16,1007475.87,54.82,4.668333333333333
PT. Pusan Manis Mulia 2.06 MWp - Tangerang,RM-01-IEM3255-2,2026-01-17,1009656.41,54.95,3.707777777777778
PT. Pusan Manis Mulia 2.06 MWp - Tangerang,RM-01-IEM3255-2,2026-01-18,1011362.18,55.06,2.8555555555555556
PT. Pusan Manis Mulia 2.06 MWp - Tangerang,RM-01-IEM3255-2,2026-01-19,1013605.07,55.17,3.7888888888888888
PT. Pusan Manis Mulia 2.06 MWp - Tangerang,RM-01-IEM3255-2,2026-01-20,1015534.17,55.29,3.345833333333333
PT. Pusan Manis Mulia 2.06 MWp - Tangerang,RM-01-IEM3255-2,2026-01-21,1016894.71,55.43,2.201111111111111
PT. Pusan Manis Mulia 2.06 MWp - Tangerang,RM-01-IEM3255-2,2026-01-22,1017542.47,55.58,1.0847222222222221
PT. Pusan Manis Mulia 2.06 MWp - Tangerang,RM-01-IEM3255-2,2026-01-23,1018833.3,55.71,2.173888888888889
PT. Pusan Manis Mulia 2.06 MWp - Tangerang,RM-01-IEM3255-2,2026-01-24,1021224.67,55.85,4.2636111111111115
PT. Pusan Manis Mulia 2.06 MWp - Tangerang,RM-01-IEM3255-2,2026-01-25,1024368.59,55.96,5.631388888888889
PT. Pusan Manis Mulia 2.06 MWp - Tangerang,RM-01-IEM3255-2,2026-01-26,1026943.03,56.09,4.595833333333333
PT. Pusan Manis Mulia 2.06 MWp - Tangerang,RM-01-IEM3255-2,2026-01-27,1028946.25,56.22,3.431388888888889
PT. Pusan Manis Mulia 2.06 MWp - Tangerang,RM-01-IEM3255-2,2026-01-28,1030596.21,56.34,2.8175
PT. Pusan Manis Mulia 2.06 MWp - Tangerang,RM-01-IEM3255-2,2026-01-29,1032834.11,56.49,3.9233333333333333
PT. Pusan Manis Mulia 2.06 MWp - Tangerang,RM-01-IEM3255-2,2026-01-30,1035285.8,56.61,4.322777777777778
PT. Pusan Manis Mulia 2.06 MWp - Tangerang,RM-01-IEM3255-2,2026-01-31,1036909.01,56.73,2.8669444444444445
PT. Pusan Manis Mulia 2.06 MWp - Tangerang,RM-01-IEM3255-2,2026-02-01,1038741.41,56.89,3.213611111111111
PT. Pusan Manis Mulia 2.06 MWp - Tangerang,RM-01-IEM3255-2,2026-02-02,1041003.48,57.02,3.9280555555555554
PT. Pusan Manis Mulia 2.06 MWp - Tangerang,RM-01-IEM3255-2,2026-02-03,1044119.19,57.12,5.639722222222222
PT. Pusan Manis Mulia 2.06 MWp - Tangerang,RM-01-IEM3255-2,2026-02-04,1045720.08,57.23,2.803611111111111
PT. Pusan Manis Mulia 2.06 MWp - Tangerang,RM-01-IEM3255-2,2026-02-05,1047567.73,57.35,3.266388888888889
PT. Pusan Manis Mulia 2.06 MWp - Tangerang,RM-01-IEM3255-2,2026-02-06,1049029.16,57.47,2.51
PT. Pusan Manis Mulia 2.06 MWp - Tangerang,RM-01-IEM3255-2,2026-02-07,1050843.06,57.62,3.09
PT. Pusan Manis Mulia 2.06 MWp - Tangerang,RM-01-IEM3255-2,2026-02-08,1052847.83,57.76,3.4494444444444445
PT. Pusan Manis Mulia 2.06 MWp - Tangerang,RM-01-IEM3255-2,2026-02-09,1053813.26,57.93,1.5955555555555556
PT. Pusan Manis Mulia 2.06 MWp - Tangerang,RM-01-IEM3255-2,2026-02-10,1056321.68,58.04,4.483333333333333
PT. Pusan Manis Mulia 2.06 MWp - Tangerang,RM-01-IEM3255-2,2026-02-11,1058899.4,58.16,4.633611111111111
PT. Pusan Manis Mulia 2.06 MWp - Tangerang,RM-01-IEM3255-2,2026-02-12,1060792.37,58.31,3.2866666666666666
PT. Pusan Manis Mulia 2.06 MWp - Tangerang,RM-01-IEM3255-2,2026-02-13,1062903.36,58.47,3.6855555555555557
PT. Pusan Manis Mulia 2.06 MWp - Tangerang,RM-01-IEM3255-2,2026-02-14,1065229.81,58.63,4.0938888888888885
PT. Pusan Manis Mulia 2.06 MWp - Tangerang,RM-01-IEM3255-2,2026-02-15,1068033.27,58.76,4.953611111111111
PT. Pusan Manis Mulia 2.06 MWp - Tangerang,RM-01-IEM3255-2,2026-02-16,1069386.91,58.91,2.276388888888889
PT. Pusan Manis Mulia 2.06 MWp - Tangerang,RM-01-IEM3255-2,2026-02-17,1071643.72,59.06,3.943611111111111
PT. Pusan Manis Mulia 2.06 MWp - Tangerang,RM-01-IEM3255-2,2026-02-18,1073742.98,59.21,3.6280555555555556
PT. Pusan Manis Mulia 2.06 MWp - Tangerang,RM-01-IEM3255-2,2026-02-19,1074853.91,59.35,1.8286111111111112
PT. Pusan Manis Mulia 2.06 MWp - Tangerang,RM-01-IEM3255-2,2026-02-20,1077143.28,59.5,4.100833333333333
PT. Pusan Manis Mulia 2.06 MWp - Tangerang,RM-01-IEM3255-2,2026-02-21,1079716.75,59.61,4.64
PT. Pusan Manis Mulia 2.06 MWp - Tangerang,RM-01-IEM3255-2,2026-02-22,1080899.94,59.73,1.9747222222222223
PT. Pusan Manis Mulia 2.06 MWp - Tangerang,RM-01-IEM3255-2,2026-02-23,1082486.16,59.88,2.714722222222222
PT. Pusan Manis Mulia 2.06 MWp - Tangerang,RM-01-IEM3255-2,2026-02-24,1084720.28,60.0,3.8658333333333332
PT. Pusan Manis Mulia 2.06 MWp - Tangerang,RM-01-IEM3255-2,2026-02-26,1090177.13,60.25,4.195555555555556
PT. Pusan Manis Mulia 2.06 MWp - Tangerang,RM-01-IEM3255-2,2026-02-27,1092342.24,60.38,3.842222222222222
PT. Pusan Manis Mulia 2.06 MWp - Tangerang,RM-01-IEM3255-2,2026-02-28,1094627.73,60.54,4.055555555555555
PT. Pusan Manis Mulia 2.06 MWp - Tangerang,RM-01-IEM3255-2,2026-03-01,1096757.95,60.69,3.786111111111111
PT. Pusan Manis Mulia 2.06 MWp - Tangerang,RM-01-IEM3255-2,2026-03-02,1098470.53,60.81,2.9005555555555556
PT. Pusan Manis Mulia 2.06 MWp - Tangerang,RM-01-IEM3255-2,2026-03-03,1100807.65,60.94,4.154722222222222
PT. Pusan Manis Mulia 2.06 MWp - Tangerang,RM-01-IEM3255-2,2026-03-04,1103483.23,61.07,4.704722222222222
PT. Pusan Manis Mulia 2.06 MWp - Tangerang,RM-01-IEM3255-2,2026-03-05,1104687.16,61.19,1.968611111111111
PT. Pusan Manis Mulia 2.06 MWp - Tangerang,RM-01-IEM3255-2,2026-03-06,1106189.27,61.31,2.473055555555556
PT. Pusan Manis Mulia 2.06 MWp - Tangerang,RM-01-IEM3255-2,2026-03-07,1107925.94,61.48,3.031388888888889
PT. Pusan Manis Mulia 2.06 MWp - Tangerang,RM-01-IEM3255-2,2026-03-08,1110208.22,61.61,3.9627777777777777
PT. Pusan Manis Mulia 2.06 MWp - Tangerang,RM-01-IEM3255-2,2026-03-09,1112818.36,61.73,4.585
PT. Pusan Manis Mulia 2.06 MWp - Tangerang,RM-01-IEM3255-2,2026-03-10,1114663.86,61.85,3.2508333333333335
PT. Pusan Manis Mulia 2.06 MWp - Tangerang,RM-01-IEM3255-2,2026-03-11,1117937.87,61.96,5.876944444444445
PT. Pusan Manis Mulia 2.06 MWp - Tangerang,RM-01-IEM3255-2,2026-03-12,1121676.04,62.06,6.87
PT. Pusan Manis Mulia 2.06 MWp - Tangerang,RM-01-IEM3255-2,2026-03-13,1125370.18,62.19,6.872222222222222
PT. Pusan Manis Mulia 2.06 MWp - Tangerang,RM-01-IEM3255-2,2026-03-14,1129170.86,62.29,7.048055555555556
PT. Pusan Manis Mulia 2.06 MWp - Tangerang,RM-01-IEM3255-2,2026-03-15,1132796.31,62.36,6.76
PT. Pusan Manis Mulia 2.06 MWp - Tangerang,RM-01-IEM3255-2,2026-03-16,1136588.78,62.46,7.001388888888889
PT. Pusan Manis Mulia 2.06 MWp - Tangerang,RM-01-IEM3255-2,2026-03-17,1140039.24,62.53,6.309444444444444
PT. Pusan Manis Mulia 2.06 MWp - Tangerang,RM-01-IEM3255-2,2026-03-18,1143580.47,62.63,6.706111111111111
PT. Pusan Manis Mulia 2.06 MWp - Tangerang,RM-01-IEM3255-2,2026-03-19,1147013.79,62.7,6.335833333333333
PT. Pusan Manis Mulia 2.06 MWp - Tangerang,RM-01-IEM3255-2,2026-03-20,1150359.26,62.79,6.12
PT. Pusan Manis Mulia 2.06 MWp - Tangerang,RM-01-IEM3255-2,2026-03-21,1152888.18,62.94,4.480833333333333
PT. Pusan Manis Mulia 2.06 MWp - Tangerang,RM-01-IEM3255-2,2026-03-22,1156106.66,63.05,5.8438888888888885
PT. Pusan Manis Mulia 2.06 MWp - Tangerang,RM-01-IEM3255-2,2026-03-23,1158237.32,63.13,3.785555555555556
PT. Pusan Manis Mulia 2.06 MWp - Tangerang,RM-01-IEM3255-2,2026-03-24,1160863.26,63.23,4.746944444444444
PT. Pusan Manis Mulia 2.06 MWp - Tangerang,RM-01-IEM3255-2,2026-03-25,1163264.43,63.35,4.160555555555556
PT. Pusan Manis Mulia 2.06 MWp - Tangerang,RM-01-IEM3255-2,2026-03-26,1164898.7,63.49,2.7327777777777778
PT. Pusan Manis Mulia 2.06 MWp - Tangerang,RM-01-IEM3255-2,2026-03-27,1167148.65,63.62,3.9580555555555557
PT. Pusan Manis Mulia 2.06 MWp - Tangerang,RM-01-IEM3255-2,2026-03-28,1169990.44,63.73,5.118888888888889
PT. Pusan Manis Mulia 2.06 MWp - Tangerang,RM-01-IEM3255-2,2026-03-29,1172191.06,63.8,3.9466666666666668
PT. Pusan Manis Mulia 2.06 MWp - Tangerang,RM-01-IEM3255-2,2026-03-30,1174810.58,63.9,4.470833333333333
PT. Pusan Manis Mulia 2.06 MWp - Tangerang,RM-01-IEM3255-2,2026-03-31,1176763.53,63.99,3.506666666666667
PT. Pusan Manis Mulia 2.06 MWp - Tangerang,RM-01-IEM3255-2,2026-04-01,1179632.01,64.1,5.219444444444444
PT. Pusan Manis Mulia 2.06 MWp - Tangerang,RM-01-IEM3255-2,2026-04-02,1182100.44,64.23,4.210277777777778
PT. Pusan Manis Mulia 2.06 MWp - Tangerang,RM-01-IEM3255-2,2026-04-03,1185125.57,64.36,5.339166666666666
PT. Pusan Manis Mulia 2.06 MWp - Tangerang,RM-01-IEM3255-2,2026-04-04,1187056.61,64.52,3.2733333333333334
PT. Pusan Manis Mulia 2.06 MWp - Tangerang,RM-01-IEM3255-2,2026-04-05,1189179.97,64.63,3.5452777777777778
PT. Pusan Manis Mulia 2.06 MWp - Tangerang,RM-01-IEM3255-2,2026-04-06,1191700.84,64.76,4.443888888888889
PT. Pusan Manis Mulia 2.06 MWp - Tangerang,RM-01-IEM3255-2,2026-04-07,1193696.39,64.89,3.4055555555555554
PT. Pusan Manis Mulia 2.06 MWp - Tangerang,RM-01-IEM3255-2,2026-04-08,1195960.71,65.01,3.6191666666666666
PT. Pusan Manis Mulia 2.06 MWp - Tangerang,RM-01-IEM3255-2,2026-04-09,1198880.41,65.13,5.1066666666666665
PT. Pusan Manis Mulia 2.06 MWp - Tangerang,RM-01-IEM3255-2,2026-04-10,1201729.89,65.24,4.893888888888889
PT. Pusan Manis Mulia 2.06 MWp - Tangerang,RM-01-IEM3255-2,2026-04-11,1204623.08,65.38,5.038055555555555
PT. Pusan Manis Mulia 2.06 MWp - Tangerang,RM-01-IEM3255-2,2026-04-12,1207952.09,65.5,6.148055555555556
PT. Pusan Manis Mulia 2.06 MWp - Tangerang,RM-01-IEM3255-2,2026-04-13,1210091.99,65.61,3.629166666666667
PT. Pusan Manis Mulia 2.06 MWp - Tangerang,RM-01-IEM3255-2,2026-04-14,1212003.9,65.75,3.3644444444444446
PT. Pusan Manis Mulia 2.06 MWp - Tangerang,RM-01-IEM3255-2,2026-04-15,1214383.83,65.89,4.259444444444444
PT. Pusan Manis Mulia 2.06 MWp - Tangerang,RM-01-IEM3255-2,2026-04-16,1215927.15,66.01,2.767777777777778
PT. Pusan Manis Mulia 2.06 MWp - Tangerang,RM-01-IEM3255-2,2026-04-17,1218189.23,66.14,4.072222222222222
PT. Pusan Manis Mulia 2.06 MWp - Tangerang,RM-01-IEM3255-2,2026-04-18,1220813.87,66.27,4.8133333333333335
PT. Pusan Manis Mulia 2.06 MWp - Tangerang,RM-01-IEM3255-2,2026-04-19,1222915.52,66.4,3.783333333333333
PT. Pusan Manis Mulia 2.06 MWp - Tangerang,RM-01-IEM3255-2,2026-04-20,1225780.46,66.52,5.2575
PT. Pusan Manis Mulia 2.06 MWp - Tangerang,RM-01-IEM3255-2,2026-04-21,1228166.78,66.65,4.286388888888889
PT. Pusan Manis Mulia 2.06 MWp - Tangerang,RM-01-IEM3255-2,2026-04-22,1231173.75,66.77,5.533888888888889
PT. Pusan Manis Mulia 2.06 MWp - Tangerang,RM-01-IEM3255-2,2026-04-23,1233559.19,66.87,4.286666666666667
PT. Pusan Manis Mulia 2.06 MWp - Tangerang,RM-01-IEM3255-2,2026-04-24,1236021.8,66.96,4.536944444444444
PT. Pusan Manis Mulia 2.06 MWp - Tangerang,RM-01-IEM3255-2,2026-04-25,1238856.51,67.07,5.251666666666667
PT. Pusan Manis Mulia 2.06 MWp - Tangerang,RM-01-IEM3255-2,2026-04-27,1244462.4,67.26,5.329722222222222
PT. Pusan Manis Mulia 2.06 MWp - Tangerang,RM-01-IEM3255-2,2026-04-28,1246472.6,67.4,3.648888888888889
PT. Pusan Manis Mulia 2.06 MWp - Tangerang,RM-01-IEM3255-2,2026-04-29,1248690.57,67.53,4.016944444444444
PT. Pusan Manis Mulia 2.06 MWp - Tangerang,RM-01-IEM3255-2,2026-04-30,1250448.74,67.68,3.2177777777777776
PT. Pusan Manis Mulia 2.06 MWp - Tangerang,RM-01-IEM3255-2,2026-05-01,1253040.57,67.81,0.0
