date,Site,Energy Daily (MWh),POA Daily (kWh/m2),PR POA
2024-04-30,MMKI 1,0.000050,3.604691,
2024-04-30,Total MMKI,0.000050,3.604691,
2024-05-01,MMKI 1,5.583160,3.861161,0.825967
2024-05-01,Total MMKI,5.583160,3.861161,0.825967
2024-05-02,MMKI 1,6.190980,4.334915,0.815792
2024-05-02,Total MMKI,6.190980,4.334915,0.815792
2024-05-03,MMKI 1,5.880370,4.071787,0.824936
2024-05-03,Total MMKI,5.880370,4.071787,0.824936
2024-05-04,MMKI 1,7.504950,5.322218,0.805482
2024-05-04,Total MMKI,7.504950,5.322218,0.805482
2024-05-05,MMKI 1,7.084240,5.019594,0.806168
2024-05-05,Total MMKI,7.084240,5.019594,0.806168
2024-05-06,MMKI 1,5.614240,3.934154,0.815155
2024-05-06,Total MMKI,5.614240,3.934154,0.815155
2024-05-07,MMKI 1,7.398640,5.250335,0.804944
2024-05-07,Total MMKI,7.398640,5.250335,0.804944
2024-05-08,MMKI 1,6.984220,5.023543,0.794161
2024-05-08,Total MMKI,6.984220,5.023543,0.794161
2024-05-09,MMKI 1,5.867880,4.149312,0.807804
2024-05-09,Total MMKI,5.867880,4.149312,0.807804
2024-05-10,MMKI 1,5.743170,4.037057,0.812620
2024-05-10,Total MMKI,5.743170,4.037057,0.812620
2024-05-11,MMKI 1,4.891850,3.450700,0.809779
2024-05-11,Total MMKI,4.891850,3.450700,0.809779
2024-05-12,MMKI 1,7.027960,5.057606,0.793752
2024-05-12,Total MMKI,7.027960,5.057606,0.793752
2024-05-13,MMKI 1,4.117510,2.912562,0.807533
2024-05-13,Total MMKI,4.117510,2.912562,0.807533
2024-05-14,MMKI 1,3.793880,2.727769,0.794468
2024-05-14,Total MMKI,3.793880,2.727769,0.794468
2024-05-15,MMKI 1,6.788330,5.088676,0.762007
2024-05-15,Total MMKI,6.788330,5.088676,0.762007
2024-05-16,MMKI 1,5.419800,3.958409,0.782102
2024-05-16,Total MMKI,5.419800,3.958409,0.782102
2024-05-17,MMKI 1,5.457620,3.955170,0.788204
2024-05-17,Total MMKI,5.457620,3.955170,0.788204
2024-05-18,MMKI 1,5.663850,4.074969,0.793941
2024-05-18,Total MMKI,5.663850,4.074969,0.793941
2024-05-19,MMKI 1,0.671420,0.382883,1.001679
2024-05-19,Total MMKI,0.671420,0.382883,1.001680
2024-05-20,MMKI 1,5.403080,3.745212,0.824073
2024-05-20,Total MMKI,5.403080,3.745212,0.824073
2024-05-21,MMKI 1,5.608350,3.892780,0.822955
2024-05-21,Total MMKI,5.608350,3.892780,0.822955
2024-05-22,MMKI 1,5.548020,3.861859,0.820620
2024-05-22,Total MMKI,5.548020,3.861859,0.820620
2024-05-23,MMKI 1,4.108100,2.860622,0.820316
2024-05-23,Total MMKI,4.108100,2.860622,0.820316
2024-05-24,MMKI 1,5.075150,3.670238,0.789869
2024-05-24,Total MMKI,5.075150,3.670238,0.789869
2024-05-25,MMKI 1,2.101790,1.459064,0.822840
2024-05-25,Total MMKI,2.101790,1.459064,0.822840
2024-05-26,MMKI 1,5.293890,3.850067,0.785430
2024-05-26,Total MMKI,5.293890,3.850067,0.785430
2024-05-27,MMKI 1,6.478760,4.688990,0.789247
2024-05-27,Total MMKI,6.478760,4.688990,0.789248
2024-05-28,MMKI 1,5.943910,4.249572,0.798965
2024-05-28,Total MMKI,5.943910,4.249572,0.798965
2024-05-29,MMKI 1,5.953350,4.281484,0.794269
2024-05-29,Total MMKI,5.953350,4.281484,0.794269
2024-05-30,MMKI 1,6.151910,4.483625,0.783757
2024-05-30,Total MMKI,6.151910,4.483625,0.783757
2024-05-31,MMKI 1,5.848020,4.258038,0.784513
2024-05-31,Total MMKI,5.848020,4.258038,0.784513
2024-06-01,MMKI 1,3.810020,2.706224,0.804200
2024-06-01,Total MMKI,3.810020,2.706224,0.804200
2024-06-02,MMKI 1,5.454280,3.938622,0.791032
2024-06-02,Total MMKI,5.454280,3.938622,0.791032
2024-06-03,MMKI 1,3.543660,2.516371,0.804411
2024-06-03,Total MMKI,3.543660,2.516371,0.804411
2024-06-04,MMKI 1,5.024110,3.711805,0.773169
2024-06-04,Total MMKI,5.024110,3.711805,0.773169
2024-06-05,MMKI 1,5.404910,3.944950,0.782614
2024-06-05,Total MMKI,5.404910,3.944950,0.782614
2024-06-06,MMKI 1,6.318770,4.750212,0.759837
2024-06-06,Total MMKI,6.318770,4.750212,0.759837
2024-06-07,MMKI 1,6.834380,5.146553,0.758548
2024-06-07,Total MMKI,6.834380,5.146553,0.758548
2024-06-08,MMKI 1,5.990670,4.415672,0.774960
2024-06-08,Total MMKI,5.990670,4.415672,0.774960
2024-06-09,MMKI 1,4.782300,3.507398,0.778847
2024-06-09,Total MMKI,4.782300,3.507398,0.778848
2024-06-10,MMKI 1,4.922390,3.602978,0.780396
2024-06-10,Total MMKI,4.922390,3.602978,0.780396
2024-06-11,MMKI 1,2.834830,2.062603,0.785077
2024-06-11,Total MMKI,2.834830,2.062603,0.785077
2024-06-12,MMKI 1,5.180010,3.603604,0.821097
2024-06-12,Total MMKI,5.180010,3.603604,0.821097
2024-06-13,MMKI 1,3.980710,2.739055,0.830157
2024-06-13,Total MMKI,3.980710,2.739055,0.830157
2024-06-14,MMKI 1,6.195790,4.250255,0.832688
2024-06-14,Total MMKI,6.195790,4.250255,0.832688
2024-06-15,MMKI 1,6.011690,4.249883,0.808017
2024-06-15,Total MMKI,6.011690,4.249883,0.808017
2024-06-16,MMKI 1,4.642010,3.226139,0.821909
2024-06-16,Total MMKI,4.642010,3.226139,0.821909
2024-06-17,MMKI 1,5.865480,4.100746,0.817036
2024-06-17,Total MMKI,5.865480,4.100746,0.817036
2024-06-18,MMKI 1,4.979520,3.365245,0.845223
2024-06-18,Total MMKI,4.979520,3.365245,0.845223
2024-06-19,MMKI 1,6.071830,4.233301,0.819296
2024-06-19,Total MMKI,6.071830,4.233301,0.819297
2024-06-20,MMKI 1,6.971350,4.928507,0.807983
2024-06-20,Total MMKI,6.971350,4.928507,0.807983
2024-06-21,MMKI 1,6.552780,4.737336,0.790118
2024-06-21,Total MMKI,6.552780,4.737336,0.790118
2024-06-22,MMKI 1,5.796710,4.173994,0.793287
2024-06-22,Total MMKI,5.796710,4.173994,0.793287
2024-06-23,MMKI 1,6.555090,4.632603,0.808266
2024-06-23,Total MMKI,6.555090,4.632603,0.808266
2024-06-24,MMKI 1,5.660090,4.014292,0.805406
2024-06-24,Total MMKI,5.660090,4.014292,0.805406
2024-06-25,MMKI 1,2.638410,1.899338,0.793489
2024-06-25,Total MMKI,2.638410,1.899338,0.793489
2024-06-26,MMKI 1,6.760250,4.614679,0.836801
2024-06-26,MMKI 2,22.047280,4.876187,0.792249
2024-06-26,Total MMKI,28.807530,4.745433,0.814000
2024-06-27,MMKI 1,6.392580,4.304658,0.848278
2024-06-27,MMKI 2,20.999400,4.627477,0.795151
2024-06-27,Total MMKI,27.391980,4.466067,0.822418
2024-06-28,MMKI 1,5.634980,3.763248,0.855323
2024-06-28,MMKI 2,18.784640,3.938684,0.835678
2024-06-28,Total MMKI,24.419620,3.850966,0.850283
2024-06-29,MMKI 1,3.515830,2.345820,0.856119
2024-06-29,MMKI 2,11.610700,2.439568,0.833936
2024-06-29,Total MMKI,15.126530,2.392694,0.847708
2024-06-30,MMKI 1,6.646210,4.471288,0.849067
2024-06-30,MMKI 2,22.301650,4.784658,0.816720
2024-06-30,Total MMKI,28.947860,4.627973,0.838726
2024-07-01,MMKI 1,5.267110,3.527786,0.852846
2024-07-01,MMKI 2,16.995760,3.657384,0.814249
2024-07-01,Total MMKI,22.262870,3.592585,0.830937
2024-07-02,MMKI 1,4.587850,3.032127,0.864296
2024-07-02,MMKI 2,15.559050,3.254894,0.837594
2024-07-02,Total MMKI,20.146900,3.143511,0.859385
2024-07-03,MMKI 1,6.456350,4.345267,0.848733
2024-07-03,MMKI 2,21.555280,3.340203,1.130754
2024-07-03,Total MMKI,28.011630,3.842735,0.977445
2024-07-04,MMKI 1,3.962890,2.595145,0.872270
2024-07-04,MMKI 2,13.181960,2.293844,1.006939
2024-07-04,Total MMKI,17.144850,2.444495,0.940457
2024-07-05,MMKI 1,4.086080,2.658606,0.877917
2024-07-05,MMKI 2,13.584940,2.847304,0.836009
2024-07-05,Total MMKI,17.671020,2.752955,0.860710
2024-07-06,MMKI 1,2.017940,1.291580,0.892458
2024-07-06,MMKI 2,6.635370,1.399279,0.830899
2024-07-06,Total MMKI,8.653310,1.345429,0.862413
2024-07-07,MMKI 1,5.240240,3.550882,0.842977
2024-07-07,MMKI 2,17.483860,3.676733,0.833225
2024-07-07,Total MMKI,22.724100,3.613808,0.843171
2024-07-08,MMKI 1,5.663000,3.761448,0.859988
2024-07-08,MMKI 2,18.781620,4.072110,0.808166
2024-07-08,Total MMKI,24.444620,3.916779,0.836852
2024-07-09,MMKI 1,7.192280,4.951013,0.829799
2024-07-09,MMKI 2,24.014870,5.179924,0.812352
2024-07-09,Total MMKI,31.207150,5.065468,0.826093
2024-07-10,MMKI 1,6.383430,4.217303,0.864609
2024-07-10,MMKI 2,21.269610,4.494522,0.829207
2024-07-10,Total MMKI,27.653040,4.355913,0.851252
2024-07-11,MMKI 1,7.357560,5.075105,0.828113
2024-07-11,MMKI 2,24.634180,5.237252,0.824180
2024-07-11,Total MMKI,31.991740,5.156178,0.831963
2024-07-12,MMKI 1,7.452240,5.158189,0.825259
2024-07-12,MMKI 2,25.349770,5.473662,0.811490
2024-07-12,Total MMKI,32.802010,5.315926,0.827401
2024-07-13,MMKI 1,7.343830,5.028880,0.834165
2024-07-13,MMKI 2,24.717900,5.321982,0.813814
2024-07-13,Total MMKI,32.061730,5.175431,0.830682
2024-07-14,MMKI 1,6.622840,4.559100,0.829785
2024-07-14,MMKI 2,22.560340,4.808490,0.822099
2024-07-14,Total MMKI,29.183180,4.683795,0.835466
2024-07-15,MMKI 1,7.440790,5.182470,0.820130
2024-07-15,MMKI 2,25.285270,5.477278,0.808891
2024-07-15,Total MMKI,32.726060,5.329874,0.823324
2024-07-16,MMKI 1,7.285580,5.034931,0.826554
2024-07-16,MMKI 2,24.868090,5.347286,0.814885
2024-07-16,Total MMKI,32.153670,5.191109,0.830548
2024-07-17,MMKI 1,6.887630,4.673023,0.841923
2024-07-17,MMKI 2,23.244510,4.956002,0.821819
2024-07-17,Total MMKI,30.132140,4.814512,0.839212
2024-07-18,MMKI 1,6.056030,4.116780,0.840294
2024-07-18,MMKI 2,20.531250,3.024758,1.189356
2024-07-18,Total MMKI,26.587280,3.570769,0.998404
2024-07-19,MMKI 1,6.891660,4.862730,0.809551
2024-07-19,MMKI 2,23.656480,5.135368,0.807171
2024-07-19,Total MMKI,30.548140,4.999049,0.819392
2024-07-20,MMKI 1,7.397720,5.227457,0.808366
2024-07-20,MMKI 2,25.029000,5.487227,0.799241
2024-07-20,Total MMKI,32.426720,5.357342,0.811611
2024-07-21,MMKI 1,7.187070,5.122420,0.801452
2024-07-21,MMKI 2,24.380930,5.358845,0.797198
2024-07-21,Total MMKI,31.568000,5.240633,0.807714
2024-07-22,MMKI 1,6.424750,4.497458,0.815999
2024-07-22,MMKI 2,21.482720,4.624212,0.814027
2024-07-22,Total MMKI,27.907470,4.560835,0.820484
2024-07-23,MMKI 1,6.501490,4.633577,0.801488
2024-07-23,MMKI 2,21.748210,4.750524,0.802175
2024-07-23,Total MMKI,28.249700,4.692051,0.807319
2024-07-24,MMKI 1,6.326630,4.569427,0.790881
2024-07-24,MMKI 2,21.181660,4.659644,0.796516
2024-07-24,Total MMKI,27.508290,4.614536,0.799337
2024-07-25,MMKI 1,6.449200,4.655891,0.791232
2024-07-25,MMKI 2,21.448430,4.716738,0.796785
2024-07-25,Total MMKI,27.897630,4.686314,0.798234
2024-07-26,MMKI 1,6.703240,4.820950,0.794242
2024-07-26,MMKI 2,22.575060,4.935722,0.801430
2024-07-26,Total MMKI,29.278300,4.878336,0.804764
2024-07-27,MMKI 1,6.744870,4.819388,0.799433
2024-07-27,MMKI 2,22.712360,4.986769,0.798050
2024-07-27,Total MMKI,29.457230,4.903078,0.805596
2024-07-28,MMKI 1,6.738060,4.854500,0.792850
2024-07-28,MMKI 2,22.366130,4.969662,0.788590
2024-07-28,Total MMKI,29.104190,4.912081,0.794482
2024-07-29,MMKI 1,6.609460,4.716708,0.800438
2024-07-29,MMKI 2,22.347360,4.864109,0.805026
2024-07-29,Total MMKI,28.956820,4.790408,0.810536
2024-07-30,MMKI 1,6.847120,5.023113,0.778638
2024-07-30,MMKI 2,23.410870,5.134444,0.798935
2024-07-30,Total MMKI,30.257990,5.078779,0.798868
2024-07-31,MMKI 1,7.007360,5.170286,0.774177
2024-07-31,MMKI 2,23.766500,5.216007,0.798388
2024-07-31,Total MMKI,30.773860,5.193147,0.794595
2024-08-01,MMKI 1,6.188520,4.500907,0.785394
2024-08-01,MMKI 2,21.208640,4.596999,0.808399
2024-08-01,Total MMKI,27.397160,4.548953,0.807585
2024-08-02,MMKI 1,5.146780,3.696937,0.795233
2024-08-02,MMKI 2,17.375960,3.684941,0.826238
2024-08-02,Total MMKI,22.522740,3.690939,0.818236
2024-08-03,MMKI 1,6.618190,4.575407,0.826248
2024-08-03,MMKI 2,22.039580,4.845201,0.797037
2024-08-03,Total MMKI,28.657770,4.710304,0.815807
2024-08-04,MMKI 1,7.649450,5.317148,0.821774
2024-08-04,MMKI 2,25.518080,5.632313,0.793868
2024-08-04,Total MMKI,33.167530,5.474730,0.812353
2024-08-05,MMKI 1,7.408380,5.168984,0.818689
2024-08-05,MMKI 2,24.861000,5.461998,0.797543
2024-08-05,Total MMKI,32.269380,5.315491,0.814032
2024-08-06,MMKI 1,7.871580,5.404450,0.831977
2024-08-06,MMKI 2,26.333050,5.767365,0.800039
2024-08-06,Total MMKI,34.204630,5.585907,0.821080
2024-08-07,MMKI 1,6.897050,4.699835,0.838265
2024-08-07,MMKI 2,22.825710,4.954128,0.807317
2024-08-07,Total MMKI,29.722760,4.826982,0.825672
2024-08-08,MMKI 1,4.490520,3.113427,0.823870
2024-08-08,MMKI 2,15.124930,3.246387,0.816357
2024-08-08,Total MMKI,19.615450,3.179907,0.827138
2024-08-09,MMKI 1,7.974410,5.507017,0.827147
2024-08-09,MMKI 2,26.492770,5.886656,0.788580
2024-08-09,Total MMKI,34.467180,5.696836,0.811271
2024-08-10,MMKI 1,7.502300,5.219921,0.820977
2024-08-10,MMKI 2,24.479350,5.499152,0.779994
2024-08-10,Total MMKI,31.981650,5.359536,0.800143
2024-08-11,MMKI 1,6.131220,4.208582,0.832169
2024-08-11,MMKI 2,20.289270,4.495087,0.790889
2024-08-11,Total MMKI,26.420490,4.351834,0.814072
2024-08-12,MMKI 1,7.658010,5.320398,0.822190
2024-08-12,MMKI 2,25.594820,5.640814,0.795056
2024-08-12,Total MMKI,33.252830,5.480606,0.813569
2024-08-13,MMKI 1,8.070150,5.689388,0.810246
2024-08-13,MMKI 2,26.985470,4.470515,1.057693
2024-08-13,Total MMKI,35.055620,5.079951,0.925321
2024-08-14,MMKI 1,7.802760,5.542787,0.804120
2024-08-14,MMKI 2,26.035030,5.790036,0.787887
2024-08-14,Total MMKI,33.837790,5.666411,0.800734
2024-08-15,MMKI 1,7.810590,5.601161,0.796538
2024-08-15,MMKI 2,25.917970,5.806067,0.782179
2024-08-15,Total MMKI,33.728560,5.703614,0.792943
2024-08-16,MMKI 1,7.016620,4.997670,0.801975
2024-08-16,MMKI 2,23.021560,5.117747,0.788212
2024-08-16,Total MMKI,30.038180,5.057709,0.796368
2024-08-17,MMKI 1,6.668600,4.648327,0.819481
2024-08-17,MMKI 2,21.861300,4.850041,0.789801
2024-08-17,Total MMKI,28.529900,4.749184,0.805518
2024-08-18,MMKI 1,0.040650,0.034015,
2024-08-18,MMKI 2,25.186350,0.041015,
2024-08-18,Total MMKI,25.227000,0.037515,
2024-08-19,MMKI 2,26.011690,,
2024-08-19,Total MMKI,26.011690,,
2024-08-20,MMKI 2,24.827220,,
2024-08-20,Total MMKI,24.827220,,
2024-08-21,MMKI 1,7.392140,5.207114,0.810912
2024-08-21,MMKI 2,24.044760,5.299936,0.794945
2024-08-21,Total MMKI,31.436900,5.253525,0.802386
2024-08-22,MMKI 1,7.024940,4.957932,0.809362
2024-08-22,MMKI 2,23.428080,5.150486,0.797032
2024-08-22,Total MMKI,30.453020,5.054209,0.807926
2024-08-23,MMKI 1,0.011360,4.664703,0.001391
2024-08-23,MMKI 2,21.246670,4.640832,0.802199
2024-08-23,Total MMKI,21.258030,4.652767,0.612641
2024-08-24,MMKI 1,6.508510,5.146209,0.722428
2024-08-24,MMKI 2,23.196050,5.203933,0.781033
2024-08-24,Total MMKI,29.704560,5.175071,0.769664
2024-08-25,MMKI 1,6.768710,5.240132,0.737844
2024-08-25,MMKI 2,24.059300,5.414153,0.778645
2024-08-25,Total MMKI,30.828010,5.327142,0.775971
2024-08-26,MMKI 1,6.037280,4.760541,0.724412
2024-08-26,MMKI 2,21.745760,4.827868,0.789235
2024-08-26,Total MMKI,27.783040,4.794204,0.777065
2024-08-27,MMKI 1,6.689460,5.337671,0.715880
2024-08-27,MMKI 2,23.952650,5.320155,0.788890
2024-08-27,Total MMKI,30.642110,5.328913,0.771035
2024-08-28,MMKI 1,6.509980,5.296277,0.702117
2024-08-28,MMKI 2,23.211620,5.230510,0.777586
2024-08-28,Total MMKI,29.721600,5.263393,0.757182
2024-08-29,MMKI 1,5.734800,4.621358,0.708842
2024-08-29,MMKI 2,20.461720,4.549922,0.787999
2024-08-29,Total MMKI,26.196520,4.585640,0.766016
2024-08-30,MMKI 1,6.653850,5.451695,0.697176
2024-08-30,MMKI 2,23.940340,5.348132,0.784360
2024-08-30,Total MMKI,30.594190,5.399914,0.759707
2024-08-31,MMKI 1,7.219130,5.811267,0.709602
2024-08-31,MMKI 2,25.491300,5.793189,0.771013
2024-08-31,Total MMKI,32.710430,5.802228,0.755937
2024-09-01,MMKI 1,7.903400,5.698108,0.792290
2024-09-01,MMKI 2,24.558320,5.622572,0.765334
2024-09-01,Total MMKI,32.461720,5.660340,0.768994
2024-09-02,MMKI 1,7.749050,5.360990,0.825666
2024-09-02,MMKI 2,25.186570,5.609568,0.786732
2024-09-02,Total MMKI,32.935620,5.485279,0.805121
2024-09-03,MMKI 1,7.869420,5.567981,0.807320
2024-09-03,MMKI 2,25.373750,5.726425,0.776405
2024-09-03,Total MMKI,33.243170,5.647203,0.789338
2024-09-04,MMKI 1,7.682260,5.423442,0.809123
2024-09-04,MMKI 2,24.956170,5.602202,0.780560
2024-09-04,Total MMKI,32.638430,5.512822,0.793870
2024-09-05,MMKI 1,7.267680,5.067118,0.819286
2024-09-05,MMKI 2,23.464410,5.218270,0.787899
2024-09-05,Total MMKI,30.732090,5.142694,0.801301
2024-09-06,MMKI 1,7.547160,5.342509,0.806936
2024-09-06,MMKI 2,24.466500,5.483239,0.781847
2024-09-06,Total MMKI,32.013660,5.412874,0.793052
2024-09-07,MMKI 1,8.633700,6.171811,0.799070
2024-09-07,MMKI 2,27.300250,6.317244,0.757227
2024-09-07,Total MMKI,35.933950,6.244528,0.771613
2024-09-08,MMKI 1,8.475850,6.102873,0.793322
2024-09-08,MMKI 2,26.952240,6.241671,0.756626
2024-09-08,Total MMKI,35.428090,6.172272,0.769656
2024-09-09,MMKI 1,7.676060,5.475484,0.800786
2024-09-09,MMKI 2,24.359330,5.515748,0.773835
2024-09-09,Total MMKI,32.035390,5.495616,0.781642
2024-09-10,MMKI 1,5.850880,4.068232,0.821516
2024-09-10,MMKI 2,19.172730,4.135328,0.812384
2024-09-10,Total MMKI,25.023610,4.101780,0.818035
2024-09-11,MMKI 1,5.400860,3.801083,0.811627
2024-09-11,MMKI 2,18.276320,3.872889,0.826877
2024-09-11,Total MMKI,23.677180,3.836986,0.827435
2024-09-12,MMKI 1,7.358870,5.181777,0.811210
2024-09-12,MMKI 2,24.009270,5.337610,0.788169
2024-09-12,Total MMKI,31.368140,5.259694,0.799692
2024-09-13,MMKI 1,7.858520,5.648721,0.794678
2024-09-13,MMKI 2,25.536360,5.775107,0.774794
2024-09-13,Total MMKI,33.394880,5.711914,0.783957
2024-09-14,MMKI 1,8.091820,5.671976,0.814915
2024-09-14,MMKI 2,25.814100,5.901275,0.766476
2024-09-14,Total MMKI,33.905920,5.786625,0.785678
2024-09-15,MMKI 1,7.746940,5.410655,0.817864
2024-09-15,MMKI 2,25.080850,5.604331,0.784162
2024-09-15,Total MMKI,32.827790,5.507493,0.799249
2024-09-16,MMKI 1,8.195260,5.803427,0.806638
2024-09-16,MMKI 2,25.917260,5.981509,0.759216
2024-09-16,Total MMKI,34.112520,5.892468,0.776266
2024-09-17,MMKI 1,8.247270,5.812840,0.810443
2024-09-17,MMKI 2,26.984820,5.998864,0.788202
2024-09-17,Total MMKI,35.232090,5.905852,0.799926
2024-09-18,MMKI 1,8.249550,5.900947,0.798563
2024-09-18,MMKI 2,27.112580,6.016478,0.789616
2024-09-18,Total MMKI,35.362130,5.958713,0.795757
2024-09-19,MMKI 1,8.509660,6.128047,0.793215
2024-09-19,MMKI 2,28.180110,6.253651,0.789580
2024-09-19,Total MMKI,36.689770,6.190849,0.794674
2024-09-20,MMKI 1,7.573300,5.430595,0.796597
2024-09-20,MMKI 2,24.878520,5.621231,0.775497
2024-09-20,Total MMKI,32.451820,5.525913,0.787461
2024-09-21,MMKI 1,8.058710,5.788341,0.795265
2024-09-21,MMKI 2,26.371980,5.933293,0.778815
2024-09-21,Total MMKI,34.430690,5.860817,0.787738
2024-09-22,MMKI 1,7.102090,5.098243,0.795731
2024-09-22,MMKI 2,23.247600,5.127156,0.794491
2024-09-22,Total MMKI,30.349690,5.112699,0.795973
2024-09-23,MMKI 1,5.963400,4.248647,0.801759
2024-09-23,MMKI 2,20.069200,4.311060,0.815705
2024-09-23,Total MMKI,26.032600,4.279853,0.815611
2024-09-24,MMKI 1,4.134030,2.808853,0.840708
2024-09-24,MMKI 2,13.700170,2.880414,0.833409
2024-09-24,Total MMKI,17.834200,2.844634,0.840662
2024-09-25,MMKI 1,7.054870,5.079205,0.793403
2024-09-25,MMKI 2,22.537970,5.144543,0.767636
2024-09-25,Total MMKI,29.592840,5.111874,0.776248
2024-09-26,MMKI 1,7.093590,4.990193,0.811988
2024-09-26,MMKI 2,23.382090,5.088786,0.805112
2024-09-26,Total MMKI,30.475680,5.039490,0.810888
2024-09-27,MMKI 1,8.716570,6.145305,0.810220
2024-09-27,MMKI 2,28.042330,6.317196,0.777816
2024-09-27,Total MMKI,36.758900,6.231250,0.791009
2024-09-28,MMKI 1,7.185370,4.976676,0.824727
2024-09-28,MMKI 2,22.762100,5.179576,0.770026
2024-09-28,Total MMKI,29.947470,5.078126,0.790771
2024-09-29,MMKI 1,7.242210,5.060339,0.817508
2024-09-29,MMKI 2,23.068100,5.211289,0.775629
2024-09-29,Total MMKI,30.310310,5.135814,0.791362
2024-09-30,MMKI 1,8.927250,6.356748,0.802201
2024-09-30,MMKI 2,28.770220,6.504476,0.775029
2024-09-30,Total MMKI,37.697470,6.430612,0.786057
2024-10-01,MMKI 1,7.538490,5.356170,0.803953
2024-10-01,MMKI 2,24.280290,5.441461,0.781854
2024-10-01,Total MMKI,31.818780,5.398815,0.790277
2024-10-02,MMKI 1,7.720600,5.374794,0.820521
2024-10-02,MMKI 2,25.124930,5.483533,0.802845
2024-10-02,Total MMKI,32.845530,5.429163,0.811218
2024-10-03,MMKI 1,7.039400,4.919821,0.817310
2024-10-03,MMKI 2,22.939260,4.980427,0.807049
2024-10-03,Total MMKI,29.978660,4.950124,0.812064
2024-10-04,MMKI 1,7.660800,5.347711,0.818289
2024-10-04,MMKI 2,24.829260,5.454015,0.797691
2024-10-04,Total MMKI,32.490060,5.400863,0.806643
2024-10-05,MMKI 1,6.761050,4.655850,0.829499
2024-10-05,MMKI 2,21.570680,4.676531,0.808216
2024-10-05,Total MMKI,28.331730,4.666190,0.814151
2024-10-06,MMKI 1,6.373580,4.459999,0.816299
2024-10-06,MMKI 2,20.087000,4.618527,0.762077
2024-10-06,Total MMKI,26.460580,4.539263,0.781643
2024-10-07,MMKI 1,9.107350,6.500614,0.800273
2024-10-07,MMKI 2,28.999500,6.614712,0.768187
2024-10-07,Total MMKI,38.106850,6.557663,0.779199
2024-10-08,MMKI 1,8.134960,5.831882,0.796796
2024-10-08,MMKI 2,26.338000,5.955760,0.774877
2024-10-08,Total MMKI,34.472960,5.893821,0.784289
2024-10-09,MMKI 1,6.920960,4.835908,0.817502
2024-10-09,MMKI 2,22.642230,4.974366,0.797570
2024-10-09,Total MMKI,29.563190,4.905137,0.808154
2024-10-10,MMKI 1,6.763820,4.783952,0.807618
2024-10-10,MMKI 2,21.828350,4.864920,0.786199
2024-10-10,Total MMKI,28.592170,4.824436,0.794685
2024-10-11,MMKI 1,7.449230,5.309973,0.801345
2024-10-11,MMKI 2,23.655850,5.296449,0.782602
2024-10-11,Total MMKI,31.105080,5.303211,0.786478
2024-10-12,MMKI 1,5.954560,4.205451,0.808794
2024-10-12,MMKI 2,19.528440,4.235229,0.807938
2024-10-12,Total MMKI,25.483000,4.220340,0.809650
2024-10-13,MMKI 1,6.671830,4.646009,0.820287
2024-10-13,MMKI 2,21.355700,4.718020,0.793124
2024-10-13,Total MMKI,28.027530,4.682015,0.802687
2024-10-14,MMKI 1,5.419250,3.773003,0.820451
2024-10-14,MMKI 2,17.473920,3.795976,0.806592
2024-10-14,Total MMKI,22.893170,3.784490,0.811134
2024-10-15,MMKI 1,7.533900,5.279761,0.815091
2024-10-15,MMKI 2,24.216030,5.367155,0.790580
2024-10-15,Total MMKI,31.749930,5.323458,0.799730
2024-10-16,MMKI 1,8.130760,5.798459,0.800975
2024-10-16,MMKI 2,25.805930,5.903811,0.765904
2024-10-16,Total MMKI,33.936690,5.851135,0.777721
2024-10-17,MMKI 1,6.897440,4.791892,0.822208
2024-10-17,MMKI 2,22.151360,4.912468,0.790111
2024-10-17,Total MMKI,29.048800,4.852180,0.802760
2024-10-18,MMKI 1,7.603850,5.438687,0.798620
2024-10-18,MMKI 2,23.820840,5.497112,0.759293
2024-10-18,Total MMKI,31.424690,5.467899,0.770628
2024-10-19,MMKI 1,7.190650,5.184144,0.792304
2024-10-19,MMKI 2,23.203230,5.406942,0.751941
2024-10-19,Total MMKI,30.393880,5.295543,0.769609
2024-10-20,MMKI 2,24.379410,5.710286,0.748088
2024-10-20,Total MMKI,24.379410,5.710286,0.748088
2024-10-21,MMKI 2,15.370360,3.362945,0.800850
2024-10-21,Total MMKI,15.370360,3.362945,0.800851
2024-10-22,MMKI 2,24.851230,5.623889,0.774280
2024-10-22,Total MMKI,24.851230,5.623889,0.774281
2024-10-23,MMKI 2,23.278830,5.216582,0.781920
2024-10-23,Total MMKI,23.278830,5.216582,0.781920
2024-10-24,MMKI 2,23.114880,5.127464,0.789907
2024-10-24,Total MMKI,23.114880,5.127464,0.789907
2024-10-25,MMKI 2,23.167450,5.123413,0.792330
2024-10-25,Total MMKI,23.167450,5.123413,0.792330
2024-10-26,MMKI 1,1.458580,3.848068,0.216515
2024-10-26,MMKI 2,30.488460,6.942115,0.769539
2024-10-26,Total MMKI,31.947040,5.395092,0.794010
2024-10-27,MMKI 1,3.416510,6.471837,0.301548
2024-10-27,MMKI 2,28.699970,6.550131,0.767748
2024-10-27,Total MMKI,32.116480,6.510984,0.661417
2024-10-28,MMKI 1,2.839470,5.320200,0.304867
2024-10-28,MMKI 2,24.018740,5.411129,0.777767
2024-10-28,Total MMKI,26.858210,5.365664,0.671194
2024-10-29,MMKI 1,3.038150,5.662888,0.306459
2024-10-29,MMKI 2,26.469450,5.989689,0.774333
2024-10-29,Total MMKI,29.507600,5.826289,0.679104
2024-10-30,MMKI 1,2.675420,5.059078,0.302080
2024-10-30,MMKI 2,22.506740,5.109390,0.771846
2024-10-30,Total MMKI,25.182160,5.084234,0.664143
2024-10-31,MMKI 1,1.981330,4.896729,0.231127
2024-10-31,MMKI 2,23.560330,5.228472,0.789576
2024-10-31,Total MMKI,25.541660,5.062601,0.676503
2024-11-01,MMKI 1,0.013450,0.046022,
2024-11-01,MMKI 2,23.591640,5.202055,0.794640
2024-11-01,Total MMKI,23.605090,2.624038,1.206229
2024-11-02,MMKI 2,12.895530,2.874915,0.785962
2024-11-02,Total MMKI,12.895530,2.874915,0.785962
2024-11-03,MMKI 1,0.930440,1.293540,0.410875
2024-11-03,MMKI 2,13.151730,2.487894,0.926271
2024-11-03,Total MMKI,14.082170,1.890717,0.998705
2024-11-04,MMKI 1,3.296060,4.484146,0.419871
2024-11-04,MMKI 2,21.031680,4.609885,0.799413
2024-11-04,Total MMKI,24.327740,4.547016,0.717414
2024-11-05,MMKI 1,3.292580,4.601249,0.408753
2024-11-05,MMKI 2,20.814250,4.739512,0.769510
2024-11-05,Total MMKI,24.106830,4.670381,0.692121
2024-11-06,MMKI 1,3.193090,4.390801,0.415402
2024-11-06,MMKI 2,20.198190,4.444739,0.796257
2024-11-06,Total MMKI,23.391280,4.417770,0.709978
2024-11-07,MMKI 1,3.764260,5.260311,0.408760
2024-11-07,MMKI 2,23.978030,5.314751,0.790529
2024-11-07,Total MMKI,27.742290,5.287531,0.703532
2024-11-08,MMKI 1,3.982680,5.652566,0.402467
2024-11-08,MMKI 2,25.374380,5.726859,0.776365
2024-11-08,Total MMKI,29.357060,5.689713,0.691857
2024-11-09,MMKI 1,3.304270,4.620699,0.408478
2024-11-09,MMKI 2,20.867430,4.728182,0.773325
2024-11-09,Total MMKI,24.171700,4.674441,0.693381
2024-11-10,MMKI 1,2.494950,3.450747,0.412999
2024-11-10,MMKI 2,15.772570,3.487064,0.792556
2024-11-10,Total MMKI,18.267520,3.468905,0.706125
2024-11-11,MMKI 1,2.663330,3.689395,0.412354
2024-11-11,MMKI 2,4.280240,,
2024-11-11,Total MMKI,6.943570,3.689395,0.252361
2024-11-12,MMKI 1,2.443720,3.260784,0.428085
2024-11-12,MMKI 2,5.973950,0.582609,1.796685
2024-11-12,Total MMKI,8.417670,1.921697,0.587356
2024-11-13,MMKI 1,3.404870,4.734081,0.410833
2024-11-13,MMKI 2,21.637790,4.870440,0.778452
2024-11-13,Total MMKI,25.042660,4.802261,0.699244
2024-11-14,MMKI 1,3.791640,5.335440,0.405936
2024-11-14,MMKI 2,24.219070,5.433683,0.780999
2024-11-14,Total MMKI,28.010710,5.384562,0.697538
2024-11-15,MMKI 1,3.414340,4.690978,0.415761
2024-11-15,MMKI 2,21.756030,4.759267,0.800989
2024-11-15,Total MMKI,25.170370,4.725123,0.714284
2024-11-16,MMKI 1,1.380820,2.318782,0.340156
2024-11-16,MMKI 2,11.311430,2.449544,0.809132
2024-11-16,Total MMKI,12.692250,2.384163,0.713833
2024-11-17,MMKI 1,2.126500,2.673610,0.454327
2024-11-17,MMKI 2,27.033980,6.061167,0.781521
2024-11-17,Total MMKI,29.160480,4.367389,0.895297
2024-11-18,MMKI 1,5.977720,4.188450,0.815235
2024-11-18,MMKI 2,19.337250,4.241777,0.798793
2024-11-18,Total MMKI,25.314970,4.215113,0.805309
2024-11-19,MMKI 1,6.903570,4.890491,0.806347
2024-11-19,MMKI 2,22.346150,4.984340,0.785565
2024-11-19,Total MMKI,29.249720,4.937416,0.794358
2024-11-20,MMKI 1,7.877290,5.677401,0.792552
2024-11-20,MMKI 2,25.169110,5.702318,0.773399
2024-11-20,Total MMKI,33.046400,5.689859,0.778784
2024-11-21,MMKI 1,6.700570,4.858016,0.787868
2024-11-21,MMKI 2,21.094430,4.836273,0.764265
2024-11-21,Total MMKI,27.795000,4.847145,0.768909
2024-11-22,MMKI 1,7.238590,5.238910,0.789248
2024-11-22,MMKI 2,23.069970,5.262164,0.768192
2024-11-22,Total MMKI,30.308560,5.250537,0.774026
2024-11-23,MMKI 1,6.378860,4.544908,0.801713
2024-11-23,MMKI 2,20.551270,4.604346,0.782092
2024-11-23,Total MMKI,26.930130,4.574627,0.789363
2024-11-24,MMKI 1,5.375950,3.806251,0.806786
2024-11-24,MMKI 2,17.409060,3.912330,0.779699
2024-11-24,Total MMKI,22.785010,3.859291,0.791655
2024-11-25,MMKI 1,6.177790,4.342549,0.812623
2024-11-25,MMKI 2,20.074220,4.412109,0.797223
2024-11-25,Total MMKI,26.252010,4.377329,0.804169
2024-11-26,MMKI 1,5.904810,4.172099,0.808448
2024-11-26,MMKI 2,19.002030,4.284722,0.777078
2024-11-26,Total MMKI,24.906840,4.228411,0.789834
2024-11-27,MMKI 1,5.179850,3.584174,0.825522
2024-11-27,MMKI 2,16.903090,3.728643,0.794333
2024-11-27,Total MMKI,22.082940,3.656408,0.809835
2024-11-28,MMKI 1,4.677720,3.186253,0.838600
2024-11-28,MMKI 2,15.548690,3.289744,0.828169
2024-11-28,Total MMKI,20.226410,3.237998,0.837599
2024-11-29,MMKI 1,7.051790,5.015845,0.803075
2024-11-29,MMKI 2,23.089730,5.166585,0.783073
2024-11-29,Total MMKI,30.141520,5.091215,0.793849
2024-11-30,MMKI 1,6.356930,4.526746,0.802162
2024-11-30,MMKI 2,20.853410,4.614812,0.791790
2024-11-30,Total MMKI,27.210340,4.570779,0.798248
2024-12-01,MMKI 1,7.040330,5.084661,0.790918
2024-12-01,MMKI 2,22.999860,5.177396,0.778397
2024-12-01,Total MMKI,30.040190,5.131028,0.785041
2024-12-02,MMKI 1,6.222370,4.397448,0.808269
2024-12-02,MMKI 2,20.476970,4.507059,0.796085
2024-12-02,Total MMKI,26.699340,4.452253,0.804109
2024-12-03,MMKI 1,3.621670,2.446358,0.845648
2024-12-03,MMKI 2,12.126270,2.534208,0.838440
2024-12-03,Total MMKI,15.747940,2.490283,0.847948
2024-12-04,MMKI 1,3.187060,2.155946,0.844409
2024-12-04,MMKI 2,10.740120,2.240764,0.839847
2024-12-04,Total MMKI,13.927180,2.198355,0.849493
2024-12-05,MMKI 1,3.649660,2.477140,0.841594
2024-12-05,MMKI 2,12.215500,2.564686,0.834573
2024-12-05,Total MMKI,15.865160,2.520913,0.843880
2024-12-06,MMKI 1,2.573130,1.733191,0.848039
2024-12-06,MMKI 2,8.601070,1.800712,0.836942
2024-12-06,Total MMKI,11.174200,1.766952,0.847981
2024-12-07,MMKI 1,4.353360,2.974683,0.835958
2024-12-07,MMKI 2,14.480890,3.086883,0.821982
2024-12-07,Total MMKI,18.834250,3.030783,0.833274
2024-12-08,MMKI 1,4.857480,3.378363,0.821307
2024-12-08,MMKI 2,16.225880,3.483604,0.816144
2024-12-08,Total MMKI,21.083360,3.430983,0.823978
2024-12-09,MMKI 1,2.507020,1.713572,0.835711
2024-12-09,MMKI 2,8.258700,1.790309,0.808297
2024-12-09,Total MMKI,10.765720,1.751940,0.823982
2024-12-10,MMKI 1,5.511730,3.726217,0.844929
2024-12-10,MMKI 2,18.558210,3.846721,0.845342
2024-12-10,Total MMKI,24.069940,3.786469,0.852383
2024-12-11,MMKI 1,6.809640,4.729792,0.822399
2024-12-11,MMKI 2,22.551310,4.888369,0.808342
2024-12-11,Total MMKI,29.360950,4.809081,0.818658
2024-12-12,MMKI 1,7.772560,5.427837,0.817971
2024-12-12,MMKI 2,25.652340,5.595121,0.803350
2024-12-12,Total MMKI,33.424900,5.511479,0.813198
2024-12-13,MMKI 1,5.442050,3.724381,0.834659
2024-12-13,MMKI 2,17.974670,3.879531,0.811837
2024-12-13,Total MMKI,23.416720,3.801956,0.825873
2024-12-14,MMKI 1,0.000000,,
2024-12-14,MMKI 2,16.237700,3.436978,0.827818
2024-12-14,Total MMKI,16.237700,3.436978,0.633493
2024-12-15,MMKI 2,12.328500,2.606205,0.828875
2024-12-15,Total MMKI,12.328500,2.606205,0.828875
2024-12-16,MMKI 2,12.315330,2.576356,0.837582
2024-12-16,Total MMKI,12.315330,2.576356,0.837582
2024-12-17,MMKI 1,0.819190,0.644257,0.726317
2024-12-17,MMKI 2,19.888200,4.329201,0.804961
2024-12-17,Total MMKI,20.707390,2.486729,1.116583
2024-12-18,MMKI 1,5.507250,3.940226,0.798389
2024-12-18,MMKI 2,17.763000,3.961395,0.785697
2024-12-18,Total MMKI,23.270250,3.950811,0.789785
2024-12-19,MMKI 1,6.714460,4.801110,0.798859
2024-12-19,MMKI 2,21.996400,4.843769,0.795711
2024-12-19,Total MMKI,28.710860,4.822439,0.798314
2024-12-20,MMKI 1,5.215830,3.683324,0.808880
2024-12-20,MMKI 2,16.944330,3.721518,0.797795
2024-12-20,Total MMKI,22.160160,3.702421,0.802567
2024-12-21,MMKI 1,6.420160,4.489156,0.816924
2024-12-21,MMKI 2,21.262410,4.539639,0.820688
2024-12-21,Total MMKI,27.682570,4.514398,0.822244
2024-12-22,MMKI 1,4.774380,3.332750,0.818305
2024-12-22,MMKI 2,15.886300,3.389940,0.821141
2024-12-22,Total MMKI,20.660680,3.361345,0.824187
2024-12-23,MMKI 1,3.548730,2.422238,0.836868
2024-12-23,MMKI 2,11.774750,2.506074,0.823275
2024-12-23,Total MMKI,15.323480,2.464156,0.833841
2024-12-24,MMKI 1,6.050280,4.170812,0.828620
2024-12-24,MMKI 2,20.063660,4.293674,0.818782
2024-12-24,Total MMKI,26.113940,4.232243,0.827363
2024-12-25,MMKI 1,0.934850,1.270992,0.420146
2024-12-25,MMKI 2,3.012450,1.592098,0.331541
2024-12-25,Total MMKI,3.947300,1.431545,0.369734
2024-12-26,MMKI 1,8.108460,5.802044,0.798285
2024-12-26,MMKI 2,26.604060,5.923059,0.787026
2024-12-26,Total MMKI,34.712520,5.862552,0.793951
2024-12-27,MMKI 1,6.391970,4.689002,0.778673
2024-12-27,MMKI 2,21.048790,4.774479,0.772482
2024-12-27,Total MMKI,27.440760,4.731741,0.777624
2024-12-28,MMKI 1,7.086560,5.139575,0.787606
2024-12-28,MMKI 2,23.303550,5.203070,0.784783
2024-12-28,Total MMKI,30.390110,5.171323,0.787998
2024-12-29,MMKI 1,5.754090,4.116141,0.798522
2024-12-29,MMKI 2,19.130560,4.204339,0.797292
2024-12-29,Total MMKI,24.884650,4.160240,0.802061
2024-12-30,MMKI 1,8.162530,5.951932,0.783371
2024-12-30,MMKI 2,26.589040,6.074325,0.766994
2024-12-30,Total MMKI,34.751570,6.013129,0.774940
2024-12-31,MMKI 1,6.259980,4.438873,0.805566
2024-12-31,MMKI 2,20.794530,4.514033,0.807182
2024-12-31,Total MMKI,27.054510,4.476453,0.810401
2025-01-01,MMKI 1,5.442470,3.845609,0.808410
2025-01-01,MMKI 2,17.802210,3.994566,0.780893
2025-01-01,Total MMKI,23.244680,3.920088,0.795101
2025-01-02,MMKI 1,8.138040,5.925118,0.784555
2025-01-02,MMKI 2,26.595730,5.995259,0.777304
2025-01-02,Total MMKI,34.733770,5.960189,0.781423
2025-01-03,MMKI 1,6.309800,4.412848,0.816765
2025-01-03,MMKI 2,21.064340,4.562910,0.808897
2025-01-03,Total MMKI,27.374140,4.487879,0.817887
2025-01-04,MMKI 1,5.550300,3.974779,0.797635
2025-01-04,MMKI 2,18.323960,4.059626,0.790898
2025-01-04,Total MMKI,23.874260,4.017202,0.796894
2025-01-05,MMKI 1,6.746370,5.017774,0.767997
2025-01-05,MMKI 2,22.006300,5.034904,0.765849
2025-01-05,Total MMKI,28.752670,5.026339,0.767045
2025-01-06,MMKI 1,8.097410,5.982900,0.773099
2025-01-06,MMKI 2,26.416200,6.066619,0.762976
2025-01-06,Total MMKI,34.513610,6.024760,0.768148
2025-01-07,MMKI 1,6.020620,4.243560,0.810423
2025-01-07,MMKI 2,19.936600,4.379649,0.797625
2025-01-07,Total MMKI,25.957220,4.311604,0.807260
2025-01-08,MMKI 1,4.169560,2.901148,0.820958
2025-01-08,MMKI 2,14.053690,2.964439,0.830682
2025-01-08,Total MMKI,18.223250,2.932793,0.833179
2025-01-09,MMKI 1,2.676620,1.843712,0.829267
2025-01-09,MMKI 2,8.994600,1.899676,0.829640
2025-01-09,Total MMKI,11.671220,1.871694,0.836134
2025-01-10,MMKI 1,6.628560,4.727857,0.800858
2025-01-10,MMKI 2,21.978450,4.748520,0.811009
2025-01-10,Total MMKI,28.607010,4.738188,0.809570
2025-01-11,MMKI 1,5.662890,4.048748,0.798947
2025-01-11,MMKI 2,18.586880,4.115859,0.791285
2025-01-11,Total MMKI,24.249770,4.082304,0.796520
2025-01-12,MMKI 1,7.086450,5.093721,0.794684
2025-01-12,MMKI 2,23.355590,5.189767,0.788552
2025-01-12,Total MMKI,30.442040,5.141744,0.793885
2025-01-13,MMKI 1,5.597510,4.110484,0.777862
2025-01-13,MMKI 2,18.505260,4.196367,0.772696
2025-01-13,Total MMKI,24.102770,4.153425,0.778135
2025-01-14,MMKI 1,5.090420,3.552043,0.818608
2025-01-14,MMKI 2,16.973920,3.646283,0.815678
2025-01-14,Total MMKI,22.064340,3.599163,0.822022
2025-01-15,MMKI 1,6.976390,5.138961,0.775454
2025-01-15,MMKI 2,22.826080,5.200159,0.769134
2025-01-15,Total MMKI,29.802470,5.169560,0.773024
2025-01-16,MMKI 1,4.397740,3.062284,0.820323
2025-01-16,MMKI 2,14.787690,3.143908,0.824172
2025-01-16,Total MMKI,19.185430,3.103096,0.829031
2025-01-17,MMKI 1,4.657620,3.282476,0.810519
2025-01-17,MMKI 2,15.624000,3.371492,0.812002
2025-01-17,Total MMKI,20.281620,3.326984,0.817422
2025-01-18,MMKI 1,6.296630,4.416988,0.814297
2025-01-18,MMKI 2,21.082340,4.505499,0.819904
2025-01-18,Total MMKI,27.378970,4.461244,0.822916
2025-01-19,MMKI 1,4.299990,2.971427,0.826615
2025-01-19,MMKI 2,14.409220,3.146246,0.802482
2025-01-19,Total MMKI,18.709210,3.058836,0.820150
2025-01-20,MMKI 1,5.100020,3.567356,0.816632
2025-01-20,MMKI 2,17.197160,3.683069,0.818152
2025-01-20,Total MMKI,22.297180,3.625212,0.824728
2025-01-21,MMKI 1,2.488380,1.727232,0.822937
2025-01-21,MMKI 2,8.375550,1.790074,0.819841
2025-01-21,Total MMKI,10.863930,1.758653,0.828325
2025-01-22,MMKI 1,6.029900,4.365731,0.788958
2025-01-22,MMKI 2,20.252600,4.426943,0.801612
2025-01-22,Total MMKI,26.282500,4.396337,0.801623
2025-01-23,MMKI 1,4.825540,3.432764,0.802976
2025-01-23,MMKI 2,16.320710,3.495710,0.818071
2025-01-23,Total MMKI,21.146250,3.464237,0.818502
2025-01-24,MMKI 1,4.891870,3.557746,0.785418
2025-01-24,MMKI 2,16.372670,3.640558,0.788023
2025-01-24,Total MMKI,21.264540,3.599152,0.792228
2025-01-25,MMKI 1,6.547900,4.842434,0.772394
2025-01-25,MMKI 2,21.772140,4.955635,0.769820
2025-01-25,Total MMKI,28.320040,4.899034,0.775135
2025-01-26,MMKI 1,7.297260,5.380517,0.774705
2025-01-26,MMKI 2,24.458930,5.460417,0.784872
2025-01-26,Total MMKI,31.756190,5.420467,0.785572
2025-01-27,MMKI 1,2.532210,3.277269,0.441355
2025-01-27,MMKI 2,15.562380,3.340860,0.816216
2025-01-27,Total MMKI,18.094590,3.309064,0.733226
2025-01-28,MMKI 1,2.037470,1.453274,0.800837
2025-01-28,MMKI 2,6.923350,1.506284,0.805372
2025-01-28,Total MMKI,8.960820,1.479779,0.811980
2025-01-29,MMKI 1,3.174720,2.245381,0.807637
2025-01-29,MMKI 2,10.874280,2.295525,0.830053
2025-01-29,Total MMKI,14.049000,2.270453,0.829712
2025-01-30,MMKI 1,5.499240,3.900957,0.805253
2025-01-30,MMKI 2,18.647240,3.990099,0.818876
2025-01-30,Total MMKI,24.146480,3.945528,0.820622
2025-01-31,MMKI 1,6.546760,4.784900,0.781545
2025-01-31,MMKI 2,21.984180,4.818854,0.799381
2025-01-31,Total MMKI,28.530940,4.801877,0.796708
2025-02-01,MMKI 1,4.551940,3.262424,0.796997
2025-02-01,MMKI 2,15.577240,3.319047,0.822364
2025-02-01,Total MMKI,20.129180,3.290736,0.820214
2025-02-02,MMKI 1,6.058780,4.422028,0.782644
2025-02-02,MMKI 2,20.388960,4.456162,0.801717
2025-02-02,Total MMKI,26.447740,4.439095,0.798893
2025-02-03,MMKI 1,3.495270,2.492819,0.800923
2025-02-03,MMKI 2,11.970520,2.545241,0.824084
2025-02-03,Total MMKI,15.465790,2.519030,0.823252
2025-02-04,MMKI 1,4.881320,3.463613,0.805024
2025-02-04,MMKI 2,16.697370,3.552233,0.823633
2025-02-04,Total MMKI,21.578690,3.507923,0.824839
2025-02-05,MMKI 1,4.256220,3.086800,0.787619
2025-02-05,MMKI 2,14.441130,3.146823,0.804111
2025-02-05,Total MMKI,18.697350,3.116811,0.804385
2025-02-06,MMKI 1,3.863470,2.765638,0.797963
2025-02-06,MMKI 2,13.309380,2.808567,0.830348
2025-02-06,Total MMKI,17.172850,2.787103,0.826197
2025-02-07,MMKI 1,5.107830,3.736909,0.780773
2025-02-07,MMKI 2,17.496430,3.762335,0.814853
2025-02-07,Total MMKI,22.604260,3.749622,0.808345
2025-02-08,MMKI 1,4.197440,3.005868,0.797655
2025-02-08,MMKI 2,14.555340,3.083345,0.827156
2025-02-08,Total MMKI,18.752780,3.044606,0.825902
2025-02-09,MMKI 1,3.926900,2.816563,0.796400
2025-02-09,MMKI 2,13.537280,2.871159,0.826155
2025-02-09,Total MMKI,17.464180,2.843861,0.823444
2025-02-10,MMKI 1,4.299100,3.087953,0.795257
2025-02-10,MMKI 2,14.740190,3.148110,0.820428
2025-02-10,Total MMKI,19.039290,3.118031,0.818775
2025-02-11,MMKI 1,4.346450,3.115778,0.796836
2025-02-11,MMKI 2,12.084860,3.218877,0.657846
2025-02-11,Total MMKI,16.431310,3.167327,0.695622
2025-02-12,MMKI 1,6.478210,4.891650,0.756485
2025-02-12,MMKI 2,5.468750,4.914366,0.194988
2025-02-12,Total MMKI,11.946960,4.903008,0.326730
2025-02-13,MMKI 1,7.888140,6.163795,0.731016
2025-02-13,MMKI 2,6.617840,6.235783,0.185957
2025-02-13,Total MMKI,14.505980,6.199789,0.313736
2025-02-14,MMKI 1,5.478400,4.142738,0.755383
2025-02-14,MMKI 2,4.776500,4.244620,0.197178
2025-02-14,Total MMKI,10.254900,4.193679,0.327892
2025-02-15,MMKI 1,4.646460,3.370016,0.787573
2025-02-15,MMKI 2,3.931650,3.455072,0.199391
2025-02-15,Total MMKI,8.578110,3.412544,0.337060
2025-02-16,MMKI 1,4.333640,3.184464,0.777351
2025-02-16,MMKI 2,3.726660,3.293012,0.198296
2025-02-16,Total MMKI,8.060300,3.238738,0.333710
2025-02-17,MMKI 1,3.793310,2.764792,0.783712
2025-02-17,MMKI 2,3.362740,2.853702,0.206477
2025-02-17,Total MMKI,7.156050,2.809247,0.341568
2025-02-18,MMKI 1,4.622670,3.459461,0.763282
2025-02-18,MMKI 2,4.017760,3.483098,0.202118
2025-02-18,Total MMKI,8.640430,3.471280,0.333764
2025-02-19,MMKI 1,5.616470,4.131673,0.776494
2025-02-19,MMKI 2,4.831680,4.195053,0.201812
2025-02-19,Total MMKI,10.448150,4.163363,0.336503
2025-02-20,MMKI 1,6.619700,4.861528,0.777797
2025-02-20,MMKI 2,5.818620,4.979177,0.204762
2025-02-20,Total MMKI,12.438320,4.920352,0.338969
2025-02-21,MMKI 1,7.223140,5.490675,0.751452
2025-02-21,MMKI 2,6.361410,5.628448,0.198040
2025-02-21,Total MMKI,13.584550,5.559562,0.327642
2025-02-22,MMKI 1,4.459020,3.248977,0.783959
2025-02-22,MMKI 2,3.973440,3.328526,0.209171
2025-02-22,Total MMKI,8.432460,3.288752,0.343809
2025-02-23,MMKI 1,4.062420,2.889311,0.803140
2025-02-23,MMKI 2,3.621220,2.977512,0.213103
2025-02-23,Total MMKI,7.683640,2.933412,0.351227
2025-02-24,MMKI 1,4.561270,3.368159,0.773560
2025-02-24,MMKI 2,4.068010,3.458891,0.206078
2025-02-24,Total MMKI,8.629280,3.413525,0.338973
2025-02-25,MMKI 1,6.044160,4.521665,0.763551
2025-02-25,MMKI 2,5.256420,4.735652,0.194490
2025-02-25,Total MMKI,11.300580,4.628659,0.327371
2025-02-26,MMKI 1,2.451800,1.707260,0.820325
2025-02-26,MMKI 2,8.372240,1.776297,0.825873
2025-02-26,Total MMKI,10.824040,1.741779,0.833279
2025-02-27,MMKI 1,5.912740,4.289570,0.787364
2025-02-27,MMKI 2,19.581790,4.382163,0.782981
2025-02-27,Total MMKI,25.494530,4.335866,0.788434
2025-02-28,MMKI 1,6.027400,4.379704,0.786115
2025-02-28,MMKI 2,20.175240,4.521553,0.781841
2025-02-28,Total MMKI,26.202640,4.450629,0.789438
2025-03-01,MMKI 1,7.834890,5.757823,0.777276
2025-03-01,MMKI 2,26.314470,5.934451,0.776965
2025-03-01,Total MMKI,34.149360,5.846137,0.783263
2025-03-02,MMKI 1,7.009790,5.169881,0.774507
2025-03-02,MMKI 2,23.111910,5.234477,0.773659
2025-03-02,Total MMKI,30.121700,5.202179,0.776405
2025-03-03,MMKI 1,5.564930,4.043228,0.786198
2025-03-03,MMKI 2,18.661650,4.107384,0.796108
2025-03-03,Total MMKI,24.226580,4.075306,0.797124
2025-03-04,MMKI 1,4.373080,3.155049,0.791739
2025-03-04,MMKI 2,14.911180,3.217743,0.811985
2025-03-04,Total MMKI,19.284260,3.186396,0.811517
2025-03-05,MMKI 1,7.159500,5.311746,0.769921
2025-03-05,MMKI 2,24.158050,5.442375,0.777787
2025-03-05,Total MMKI,31.317550,5.377061,0.780975
2025-03-06,MMKI 1,7.839970,5.899585,0.759091
2025-03-06,MMKI 2,26.117650,6.068798,0.754082
2025-03-06,Total MMKI,33.957620,5.984191,0.760897
2025-03-07,MMKI 1,5.843300,4.272592,0.781209
2025-03-07,MMKI 2,19.883610,4.339002,0.802958
2025-03-07,Total MMKI,25.726910,4.305797,0.801177
2025-03-08,MMKI 1,6.502960,5.015984,0.740552
2025-03-08,MMKI 2,21.408100,5.189426,0.722846
2025-03-08,Total MMKI,27.911060,5.102705,0.733449
2025-03-09,MMKI 1,0.724530,3.655308,0.113223
2025-03-09,MMKI 2,16.589240,3.716201,0.782194
2025-03-09,Total MMKI,17.313770,3.685754,0.629882
2025-03-10,MMKI 1,5.574400,4.019217,0.792241
2025-03-10,MMKI 2,18.764780,4.133732,0.795405
2025-03-10,Total MMKI,24.339180,4.076474,0.800600
2025-03-11,MMKI 1,6.118410,4.562784,0.765966
2025-03-11,MMKI 2,20.771850,4.672010,0.779038
2025-03-11,Total MMKI,26.890260,4.617397,0.780894
2025-03-12,MMKI 1,5.367990,4.001559,0.766272
2025-03-12,MMKI 2,4.700860,4.112867,0.200272
2025-03-12,Total MMKI,10.068850,4.057213,0.332772
2025-03-13,MMKI 1,5.464540,3.984634,0.783368
2025-03-13,MMKI 2,12.478420,4.087749,0.534888
2025-03-13,Total MMKI,17.942960,4.036191,0.596096
2025-03-14,MMKI 1,6.540280,4.932647,0.757385
2025-03-14,MMKI 2,21.672660,5.079680,0.747589
2025-03-14,Total MMKI,28.212940,5.006163,0.755679
2025-03-15,MMKI 1,6.078270,4.386044,0.791603
2025-03-15,MMKI 2,20.429880,4.493301,0.796687
2025-03-15,Total MMKI,26.508150,4.439673,0.800613
2025-03-16,MMKI 1,6.559860,4.783944,0.783266
2025-03-16,MMKI 2,21.956580,4.892806,0.786310
2025-03-16,Total MMKI,28.516440,4.838375,0.790296
2025-03-17,MMKI 1,2.974410,2.102207,0.808214
2025-03-17,MMKI 2,10.255320,2.184754,0.822496
2025-03-17,Total MMKI,13.229730,2.143480,0.827610
2025-03-18,MMKI 1,5.298350,3.821804,0.791905
2025-03-18,MMKI 2,18.191020,3.914571,0.814254
2025-03-18,Total MMKI,23.489370,3.868188,0.814251
2025-03-19,MMKI 1,6.747620,4.890969,0.788055
2025-03-19,MMKI 2,22.799640,5.102158,0.782999
2025-03-19,Total MMKI,29.547260,4.996564,0.792939
2025-03-20,MMKI 1,7.170100,5.130023,0.798374
2025-03-20,MMKI 2,23.953370,5.502862,0.762720
2025-03-20,Total MMKI,31.123470,5.316443,0.784985
2025-03-21,MMKI 1,5.687320,4.156007,0.781686
2025-03-21,MMKI 2,19.685240,4.271270,0.807553
2025-03-21,Total MMKI,25.372560,4.213639,0.807423
2025-03-22,MMKI 1,4.335150,3.166677,0.781990
2025-03-22,MMKI 2,14.831060,3.249575,0.799711
2025-03-22,Total MMKI,19.166210,3.208126,0.801086
2025-03-23,MMKI 1,4.507240,3.320435,0.775383
2025-03-23,MMKI 2,15.623120,3.402021,0.804670
2025-03-23,Total MMKI,20.130360,3.361228,0.803060
2025-03-24,MMKI 1,3.112460,2.203134,0.806981
2025-03-24,MMKI 2,10.569010,2.288299,0.809298
2025-03-24,Total MMKI,13.681470,2.245716,0.816906
2025-03-25,MMKI 1,4.026180,2.814092,0.817251
2025-03-25,MMKI 2,13.810710,2.948486,0.820737
2025-03-25,Total MMKI,17.836890,2.881289,0.830093
2025-03-26,MMKI 1,4.281660,3.075171,0.795323
2025-03-26,MMKI 2,14.797170,3.183722,0.814387
2025-03-26,Total MMKI,19.078830,3.129447,0.817482
2025-03-27,MMKI 1,2.718420,1.983691,0.782786
2025-03-27,MMKI 2,9.283110,2.057983,0.790385
2025-03-27,Total MMKI,12.001530,2.020837,0.796342
2025-03-28,MMKI 1,5.828000,4.187764,0.794947
2025-03-28,MMKI 2,19.528770,4.356564,0.785449
2025-03-28,Total MMKI,25.356770,4.272164,0.795867
2025-03-29,MMKI 1,7.047050,5.290742,0.760837
2025-03-29,MMKI 2,23.979540,5.381595,0.780759
2025-03-29,Total MMKI,31.026590,5.336168,0.779648
2025-03-30,MMKI 1,7.117490,5.399216,0.753003
2025-03-30,MMKI 2,23.661250,5.498818,0.753972
2025-03-30,Total MMKI,30.778740,5.449017,0.757403
2025-03-31,MMKI 1,5.287690,3.845794,0.785381
2025-03-31,MMKI 2,18.044110,3.977969,0.794806
2025-03-31,Total MMKI,23.331800,3.911881,0.799755
2025-04-01,MMKI 1,4.026520,2.831669,0.812247
2025-04-01,MMKI 2,13.854970,2.955190,0.821500
2025-04-01,Total MMKI,17.881490,2.893429,0.828676
2025-04-02,MMKI 1,4.726860,3.493400,0.772903
2025-04-02,MMKI 2,16.008160,3.656625,0.767093
2025-04-02,Total MMKI,20.735020,3.575012,0.777716
2025-04-03,MMKI 1,6.673820,5.005941,0.761534
2025-04-03,MMKI 2,22.647570,5.160476,0.768987
2025-04-03,Total MMKI,29.321390,5.083208,0.773465
2025-04-04,MMKI 1,5.782770,4.262705,0.774910
2025-04-04,MMKI 2,19.285630,4.388502,0.770025
2025-04-04,Total MMKI,25.068400,4.325603,0.777095
2025-04-05,MMKI 1,5.723360,4.268973,0.765823
2025-04-05,MMKI 2,18.571720,4.365002,0.745512
2025-04-05,Total MMKI,24.295080,4.316987,0.754626
2025-04-06,MMKI 1,6.852580,5.049444,0.775195
2025-04-06,MMKI 2,23.143650,5.363829,0.756039
2025-04-06,Total MMKI,29.996230,5.206637,0.772509
2025-04-07,MMKI 1,8.244510,6.217156,0.757485
2025-04-07,MMKI 2,27.678750,6.389486,0.759045
2025-04-07,Total MMKI,35.923260,6.303321,0.764189
2025-04-08,MMKI 1,6.652870,4.973808,0.764048
2025-04-08,MMKI 2,22.971530,5.148898,0.781741
2025-04-08,Total MMKI,29.624400,5.061353,0.784833
2025-04-09,MMKI 1,5.978660,4.321235,0.790309
2025-04-09,MMKI 2,20.218910,4.540572,0.780251
2025-04-09,Total MMKI,26.197570,4.430903,0.792799
2025-04-10,MMKI 1,6.430170,4.712716,0.779385
2025-04-10,MMKI 2,21.908770,4.899444,0.783535
2025-04-10,Total MMKI,28.338940,4.806080,0.790655
2025-04-11,MMKI 1,5.619710,4.258927,0.753728
2025-04-11,MMKI 2,18.670010,4.353851,0.751377
2025-04-11,Total MMKI,24.289720,4.306389,0.756316
2025-04-12,MMKI 1,4.526090,3.370602,0.767037
2025-04-12,MMKI 2,15.155490,3.427685,0.774740
2025-04-12,Total MMKI,19.681580,3.399144,0.776398
2025-04-13,MMKI 1,5.695240,4.276267,0.760760
2025-04-13,MMKI 2,18.941580,4.383628,0.757129
2025-04-13,Total MMKI,24.636820,4.329947,0.762950
2025-04-14,MMKI 1,6.382780,4.735063,0.769989
2025-04-14,MMKI 2,20.697790,4.721559,0.768114
2025-04-14,Total MMKI,27.080570,4.728311,0.767973
2025-04-15,MMKI 1,3.487350,2.535419,0.785681
2025-04-15,MMKI 2,11.804920,2.614950,0.791019
2025-04-15,Total MMKI,15.292270,2.575184,0.796265
2025-04-16,MMKI 1,6.992600,5.167093,0.773024
2025-04-16,MMKI 2,23.499270,5.398557,0.762718
2025-04-16,Total MMKI,30.491870,5.282825,0.773948
2025-04-17,MMKI 1,3.372120,2.421082,0.795599
2025-04-17,MMKI 2,11.664990,2.497652,0.818351
2025-04-17,Total MMKI,15.037110,2.459367,0.819852
2025-04-18,MMKI 1,0.000010,0.000000,
2025-04-18,MMKI 2,13.829380,3.104856,0.780456
2025-04-18,Total MMKI,13.829390,1.552428,1.194499
2025-04-19,MMKI 1,0.000000,,
2025-04-19,MMKI 2,21.016250,4.835210,0.761600
2025-04-19,Total MMKI,21.016250,4.835210,0.582820
2025-04-20,MMKI 2,20.754680,4.800610,0.757542
2025-04-20,Total MMKI,20.754680,4.800610,0.757542
2025-04-21,MMKI 2,15.916930,3.448535,0.808745
2025-04-21,Total MMKI,15.916930,3.448535,0.808745
2025-04-22,MMKI 1,0.515860,0.380683,0.774051
2025-04-22,MMKI 2,21.943720,5.006400,0.768019
2025-04-22,Total MMKI,22.459580,2.693542,1.118078
2025-04-23,MMKI 1,7.041440,5.216814,0.771004
2025-04-23,MMKI 2,24.292980,5.552612,0.766603
2025-04-23,Total MMKI,31.334420,5.384713,0.780285
2025-04-24,MMKI 1,6.312870,4.720258,0.763945
2025-04-24,MMKI 2,21.279130,4.910619,0.759285
2025-04-24,Total MMKI,27.592000,4.815438,0.768319
2025-04-25,MMKI 1,6.729180,5.112495,0.751848
2025-04-25,MMKI 2,23.235440,5.359103,0.759707
2025-04-25,Total MMKI,29.964620,5.235799,0.767397
2025-04-26,MMKI 1,5.888490,4.405886,0.763434
2025-04-26,MMKI 2,20.063220,4.557978,0.771286
2025-04-26,Total MMKI,25.951710,4.481932,0.776417
2025-04-27,MMKI 1,6.886400,5.185697,0.758553
2025-04-27,MMKI 2,23.630990,5.411595,0.765145
2025-04-27,Total MMKI,30.517390,5.298646,0.772283
2025-04-28,MMKI 1,6.100740,4.521192,0.770780
2025-04-28,MMKI 2,21.416530,4.809582,0.780241
2025-04-28,Total MMKI,27.517270,4.665387,0.790882
2025-04-29,MMKI 1,7.154770,5.507991,0.741999
2025-04-29,MMKI 2,24.575920,5.749141,0.749021
2025-04-29,Total MMKI,31.730690,5.628566,0.755920
2025-04-30,MMKI 1,6.298150,4.749811,0.757421
2025-04-30,MMKI 2,22.029470,5.028251,0.767669
2025-04-30,Total MMKI,28.327620,4.889031,0.776929
2025-05-01,MMKI 1,6.842420,5.272891,0.741245
2025-05-01,MMKI 2,23.564230,5.439750,0.759035
2025-05-01,Total MMKI,30.406650,5.356321,0.761196
2025-05-02,MMKI 1,5.152660,3.887840,0.757049
2025-05-02,MMKI 2,17.763230,4.036102,0.771164
2025-05-02,Total MMKI,22.915890,3.961971,0.775568
2025-05-03,MMKI 1,5.492440,4.122846,0.760972
2025-05-03,MMKI 2,19.034560,4.334814,0.769413
2025-05-03,Total MMKI,24.527000,4.228830,0.777711
2025-05-04,MMKI 1,4.595540,3.446364,0.761686
2025-05-04,MMKI 2,11.871060,3.589417,0.579499
2025-05-04,Total MMKI,16.466600,3.517891,0.627648
2025-05-05,MMKI 1,6.386450,4.775067,0.763978
2025-05-05,MMKI 2,16.364730,5.113407,0.560771
2025-05-05,Total MMKI,22.751180,4.944237,0.617019
2025-05-06,MMKI 1,6.957410,5.294354,0.750646
2025-05-06,MMKI 2,17.631060,5.512364,0.560438
2025-05-06,Total MMKI,24.588470,5.403359,0.610186
2025-05-07,MMKI 1,5.073500,3.767588,0.769210
2025-05-07,MMKI 2,12.763720,3.953310,0.565723
2025-05-07,Total MMKI,17.837220,3.860449,0.619560
2025-05-08,MMKI 1,5.335250,3.982532,0.765237
2025-05-08,MMKI 2,13.822320,4.196595,0.577127
2025-05-08,Total MMKI,19.157570,4.089564,0.628142
2025-05-09,MMKI 1,6.152050,4.644621,0.756607
2025-05-09,MMKI 2,16.027100,4.882620,0.575161
2025-05-09,Total MMKI,22.179150,4.763621,0.624312
2025-05-10,MMKI 1,4.774950,3.619895,0.753483
2025-05-10,MMKI 2,12.266000,3.777129,0.569021
2025-05-10,Total MMKI,17.040950,3.698512,0.617819
2025-05-11,MMKI 1,4.717560,3.577203,0.753311
2025-05-11,MMKI 2,12.090800,3.788413,0.559223
2025-05-11,Total MMKI,16.808360,3.682808,0.611985
2025-05-12,MMKI 1,5.182670,3.932668,0.752778
2025-05-12,MMKI 2,13.426610,4.081440,0.576421
2025-05-12,Total MMKI,18.609280,4.007054,0.622728
2025-05-13,MMKI 1,4.005620,3.021400,0.757290
2025-05-13,MMKI 2,10.259620,3.125843,0.575111
2025-05-13,Total MMKI,14.265240,3.073621,0.622333
2025-05-14,MMKI 1,6.035690,4.769371,0.722880
2025-05-14,MMKI 2,15.310800,4.858534,0.552179
2025-05-14,Total MMKI,21.346490,4.813952,0.594592
2025-05-15,MMKI 1,5.489750,4.110773,0.762833
2025-05-15,MMKI 2,14.210170,4.368122,0.570022
2025-05-15,Total MMKI,19.699920,4.239447,0.623088
2025-05-16,MMKI 1,4.301880,3.307525,0.742943
2025-05-16,MMKI 2,10.915360,3.404243,0.561830
2025-05-16,Total MMKI,15.217240,3.355884,0.608027
2025-05-17,MMKI 1,5.986170,4.577786,0.746955
2025-05-17,MMKI 2,15.277290,4.846002,0.552395
2025-05-17,Total MMKI,21.263460,4.711894,0.605108
2025-05-18,MMKI 1,4.315100,5.002010,0.492773
2025-05-18,MMKI 2,16.453550,5.163637,0.558330
2025-05-18,Total MMKI,20.768650,5.082823,0.547895
2025-05-19,MMKI 1,5.295250,4.042777,0.748182
2025-05-19,MMKI 2,13.645160,4.200132,0.569250
2025-05-19,Total MMKI,18.940410,4.121455,0.616216
2025-05-20,MMKI 1,5.664360,4.319685,0.749030
2025-05-20,MMKI 2,15.085190,4.621735,0.571917
2025-05-20,Total MMKI,20.749550,4.470710,0.622338
2025-05-21,MMKI 1,2.738110,2.058909,0.759652
2025-05-21,MMKI 2,7.139850,2.119794,0.590177
2025-05-21,Total MMKI,9.877960,2.089352,0.633943
2025-05-22,MMKI 1,2.969490,2.254609,0.752335
2025-05-22,MMKI 2,7.632880,2.278500,0.586985
2025-05-22,Total MMKI,10.602370,2.266554,0.627236
2025-05-23,MMKI 1,1.935490,1.443816,0.765737
2025-05-23,MMKI 2,5.039280,1.486592,0.593969
2025-05-23,Total MMKI,6.974770,1.465204,0.638302
2025-05-24,MMKI 1,5.035260,3.881472,0.741013
2025-05-24,MMKI 2,12.905100,4.064060,0.556402
2025-05-24,Total MMKI,17.940360,3.972766,0.605525
2025-05-25,MMKI 1,3.823830,2.937151,0.743657
2025-05-25,MMKI 2,10.141420,3.033317,0.585825
2025-05-25,Total MMKI,13.965250,2.985234,0.627284
2025-05-26,MMKI 1,3.089290,2.297729,0.767999
2025-05-26,MMKI 2,8.153820,2.389020,0.598038
2025-05-26,Total MMKI,11.243110,2.343374,0.643338
2025-05-27,MMKI 1,6.669840,5.184215,0.734908
2025-05-27,MMKI 2,17.773630,5.477839,0.568531
2025-05-27,Total MMKI,24.443470,5.331027,0.614817
2025-05-28,MMKI 1,6.415580,5.105210,0.717832
2025-05-28,MMKI 2,16.729090,5.233456,0.560107
2025-05-28,Total MMKI,23.144670,5.169333,0.600359
2025-05-29,MMKI 1,5.234220,4.167543,0.717418
2025-05-29,MMKI 2,13.961160,4.331248,0.564801
2025-05-29,Total MMKI,19.195380,4.249396,0.605709
2025-05-30,MMKI 1,6.339750,5.007509,0.723188
2025-05-30,MMKI 2,16.962030,5.123118,0.580137
2025-05-30,Total MMKI,23.301780,5.065314,0.616846
2025-05-31,MMKI 1,5.696750,4.481797,0.726065
2025-05-31,MMKI 2,15.408380,4.687951,0.575919
2025-05-31,Total MMKI,21.105130,4.584874,0.617241
2025-06-01,MMKI 1,3.216040,2.420326,0.759011
2025-06-01,MMKI 2,11.704720,2.505290,0.818635
2025-06-01,Total MMKI,14.920760,2.462808,0.812371
2025-06-02,MMKI 1,6.167240,4.837582,0.728221
2025-06-02,MMKI 2,22.543130,5.058004,0.780948
2025-06-02,Total MMKI,28.710370,4.947793,0.778075
2025-06-03,MMKI 1,5.082560,3.944554,0.736013
2025-06-03,MMKI 2,18.912220,4.160233,0.796548
2025-06-03,Total MMKI,23.994780,4.052393,0.793961
2025-06-04,MMKI 1,5.958460,4.757516,0.715409
2025-06-04,MMKI 2,22.319980,5.026846,0.778010
2025-06-04,Total MMKI,28.278440,4.892181,0.775081
2025-06-05,MMKI 1,5.701360,4.517370,0.720931
2025-06-05,MMKI 2,21.134810,4.718398,0.784858
2025-06-05,Total MMKI,26.836170,4.617884,0.779241
2025-06-06,MMKI 1,4.864660,3.722418,0.746497
2025-06-06,MMKI 2,17.467430,3.821357,0.800937
2025-06-06,Total MMKI,22.332090,3.771888,0.793898
2025-06-07,MMKI 1,5.330340,4.048374,0.752099
2025-06-07,MMKI 2,19.475900,4.313225,0.791193
2025-06-07,Total MMKI,24.806240,4.180800,0.795602
2025-06-08,MMKI 1,5.736720,5.186952,0.631760
2025-06-08,MMKI 2,24.395060,5.468207,0.781707
2025-06-08,Total MMKI,30.131780,5.327579,0.758384
2025-06-09,MMKI 1,4.953790,3.795528,0.745532
2025-06-09,MMKI 2,18.485240,4.000767,0.809597
2025-06-09,Total MMKI,23.439030,3.898147,0.806261
2025-06-10,MMKI 1,5.226010,4.064901,0.734380
2025-06-10,MMKI 2,18.735750,4.163089,0.788574
2025-06-10,Total MMKI,23.961760,4.113995,0.780997
2025-06-11,MMKI 1,4.883420,3.676202,0.758797
2025-06-11,MMKI 2,17.841710,3.918763,0.797764
2025-06-11,Total MMKI,22.725130,3.797483,0.802426
2025-06-12,MMKI 1,4.993970,3.819886,0.746786
2025-06-12,MMKI 2,18.139340,3.966636,0.801284
2025-06-12,Total MMKI,23.133310,3.893261,0.796743
2025-06-13,MMKI 1,5.674900,4.237320,0.765011
2025-06-13,MMKI 2,20.231130,4.427245,0.800707
2025-06-13,Total MMKI,25.906030,4.332282,0.801823
2025-06-14,MMKI 1,4.529180,3.167558,0.816762
2025-06-14,MMKI 2,15.551760,3.400644,0.801319
2025-06-14,Total MMKI,20.080940,3.284101,0.819902
2025-06-15,MMKI 1,4.417720,3.089027,0.816916
2025-06-15,MMKI 2,15.194110,3.294430,0.808132
2025-06-15,Total MMKI,19.611830,3.191728,0.823923
2025-06-16,MMKI 1,6.194920,4.433240,0.798206
2025-06-16,MMKI 2,21.278060,4.715633,0.790641
2025-06-16,Total MMKI,27.472980,4.574437,0.805309
2025-06-17,MMKI 1,5.469290,3.971636,0.786615
2025-06-17,MMKI 2,18.422160,4.109338,0.785517
2025-06-17,Total MMKI,23.891450,4.040487,0.792872
2025-06-18,MMKI 1,3.708250,2.617727,0.809180
2025-06-18,MMKI 2,12.446120,2.715015,0.803247
2025-06-18,Total MMKI,16.154370,2.666371,0.812388
2025-06-19,MMKI 1,2.687880,1.845456,0.831968
2025-06-19,MMKI 2,8.979610,1.897587,0.829169
2025-06-19,Total MMKI,11.667490,1.871522,0.835943
2025-06-20,MMKI 1,6.603510,4.785378,0.788241
2025-06-20,MMKI 2,22.143560,4.997454,0.776401
2025-06-20,Total MMKI,28.747070,4.891416,0.788049
2025-06-21,MMKI 1,3.936650,2.776800,0.809810
2025-06-21,MMKI 2,13.047300,2.850276,0.802086
2025-06-21,Total MMKI,16.983950,2.813538,0.809432
2025-06-22,MMKI 1,6.368800,4.540580,0.801211
2025-06-22,MMKI 2,21.331490,4.733596,0.789618
2025-06-22,Total MMKI,27.700290,4.637088,0.801001
2025-06-23,MMKI 1,5.477020,3.944567,0.793132
2025-06-23,MMKI 2,18.676680,4.116381,0.795008
2025-06-23,Total MMKI,24.153700,4.030474,0.803566
2025-06-24,MMKI 1,4.011520,2.844431,0.805590
2025-06-24,MMKI 2,13.148840,2.461449,0.936017
2025-06-24,Total MMKI,17.160360,2.652940,0.867348
2025-06-25,MMKI 1,6.185430,4.464050,0.791483
2025-06-25,MMKI 2,21.223530,4.628783,0.803411
2025-06-25,Total MMKI,27.408960,4.546417,0.808384
2025-06-26,MMKI 1,6.807750,4.938622,0.787406
2025-06-26,MMKI 2,23.099140,5.198290,0.778615
2025-06-26,Total MMKI,29.906890,5.068456,0.791206
2025-06-27,MMKI 1,1.461400,1.955863,0.426807
2025-06-27,MMKI 2,18.883770,4.198989,0.788009
2025-06-27,Total MMKI,20.345170,3.077426,0.886478
2025-06-28,MMKI 1,3.779890,2.672262,0.807980
2025-06-28,MMKI 2,12.649650,2.767420,0.800923
2025-06-28,Total MMKI,16.429540,2.719841,0.809983
2025-06-29,MMKI 1,1.414540,0.988652,0.817283
2025-06-29,MMKI 2,4.623770,1.015266,0.798001
2025-06-29,Total MMKI,6.038310,1.001959,0.808090
2025-06-30,MMKI 1,5.758550,3.979048,0.826675
2025-06-30,MMKI 2,19.274460,4.250063,0.794647
2025-06-30,Total MMKI,25.033010,4.114555,0.815801
2025-07-01,MMKI 1,5.918000,4.314194,0.783567
2025-07-01,MMKI 2,19.748860,4.442468,0.778942
2025-07-01,Total MMKI,25.666860,4.378331,0.786065
2025-07-02,MMKI 1,6.280640,4.442958,0.807481
2025-07-02,MMKI 2,20.844990,4.682727,0.779992
2025-07-02,Total MMKI,27.125630,4.562843,0.797147
2025-07-03,MMKI 1,4.513820,3.226776,0.799054
2025-07-03,MMKI 2,15.426360,3.337211,0.809966
2025-07-03,Total MMKI,19.940180,3.281994,0.814677
2025-07-04,MMKI 1,6.134660,4.578012,0.765445
2025-07-04,MMKI 2,20.675960,4.670818,0.775639
2025-07-04,Total MMKI,26.810620,4.624415,0.777400
2025-07-05,MMKI 1,5.723580,4.116240,0.794269
2025-07-05,MMKI 2,18.900910,4.323598,0.765993
2025-07-05,Total MMKI,24.624490,4.219919,0.782451
2025-07-06,MMKI 1,6.844170,4.915609,0.795324
2025-07-06,MMKI 2,22.563200,5.141430,0.768960
2025-07-06,Total MMKI,29.407370,5.028519,0.784170
2025-07-07,MMKI 1,6.409870,4.609544,0.794313
2025-07-07,MMKI 2,21.392010,4.792694,0.782094
2025-07-07,Total MMKI,27.801880,4.701119,0.792989
2025-07-08,MMKI 1,6.090880,4.417536,0.787591
2025-07-08,MMKI 2,20.827330,4.571855,0.798230
2025-07-08,Total MMKI,26.918210,4.494696,0.803045
2025-07-09,MMKI 1,5.735280,4.171267,0.785393
2025-07-09,MMKI 2,19.171690,4.326986,0.776358
2025-07-09,Total MMKI,24.906970,4.249127,0.785987
2025-07-10,MMKI 1,6.192290,4.430082,0.798436
2025-07-10,MMKI 2,20.792410,4.679506,0.778560
2025-07-10,Total MMKI,26.984700,4.554794,0.794407
2025-07-11,MMKI 1,5.707590,4.053301,0.804349
2025-07-11,MMKI 2,19.221420,4.244481,0.793502
2025-07-11,Total MMKI,24.929010,4.148891,0.805689
2025-07-12,MMKI 1,6.516430,4.699363,0.792084
2025-07-12,MMKI 2,22.062080,4.895762,0.789611
2025-07-12,Total MMKI,28.578510,4.797562,0.798754
2025-07-13,MMKI 1,4.757480,3.243472,0.837852
2025-07-13,MMKI 2,15.858410,3.488675,0.796501
2025-07-13,Total MMKI,20.615890,3.366074,0.821245
2025-07-14,MMKI 1,4.047740,2.864139,0.807271
2025-07-14,MMKI 2,13.427250,2.931547,0.802560
2025-07-14,Total MMKI,17.474990,2.897843,0.808605
2025-07-15,MMKI 1,3.718410,3.521325,0.603187
2025-07-15,MMKI 2,20.924330,4.772938,0.768162
2025-07-15,Total MMKI,24.642740,4.147132,0.796774
2025-07-16,MMKI 1,5.289300,3.768334,0.801769
2025-07-16,MMKI 2,17.501020,3.884693,0.789394
2025-07-16,MMKI 3,14.319350,,
2025-07-16,Total MMKI,37.109670,3.826513,0.825385
2025-07-17,MMKI 1,6.019640,4.480583,0.767426
2025-07-17,MMKI 2,20.247660,4.601433,0.771026
2025-07-17,MMKI 3,16.652020,,
2025-07-17,Total MMKI,42.919320,4.541008,0.804402
2025-07-18,MMKI 1,5.931860,4.272224,0.793118
2025-07-18,MMKI 2,19.494470,4.415143,0.773667
2025-07-18,MMKI 3,15.896500,,
2025-07-18,Total MMKI,41.322830,4.343683,0.809663
2025-07-19,MMKI 1,6.745800,5.025303,0.766782
2025-07-19,MMKI 2,22.784070,5.224567,0.764132
2025-07-19,MMKI 3,18.627380,,
2025-07-19,Total MMKI,48.157250,5.124935,0.799735
2025-07-20,MMKI 1,6.118220,4.603611,0.759149
2025-07-20,MMKI 2,21.328400,4.826596,0.774292
2025-07-20,MMKI 3,8.382710,,
2025-07-20,Total MMKI,35.829330,4.715103,0.646726
2025-07-21,MMKI 1,7.032830,5.193883,0.773461
2025-07-21,MMKI 2,23.812970,5.393300,0.773653
2025-07-21,MMKI 3,9.509210,,
2025-07-21,Total MMKI,40.355010,5.293591,0.648813
2025-07-22,MMKI 1,7.052630,5.224219,0.771135
2025-07-22,MMKI 2,23.985550,5.406813,0.777312
2025-07-22,MMKI 3,19.461070,,
2025-07-22,Total MMKI,50.499250,5.315516,0.808560
2025-07-23,MMKI 1,6.899420,5.164254,0.763143
2025-07-23,MMKI 2,23.210960,5.291404,0.768616
2025-07-23,MMKI 3,18.777230,,
2025-07-23,Total MMKI,48.887610,5.227829,0.795885
2025-07-24,MMKI 1,6.970180,5.181313,0.768431
2025-07-24,MMKI 2,23.753850,5.359653,0.776577
2025-07-24,MMKI 3,19.251540,,
2025-07-24,Total MMKI,49.975570,5.270483,0.807012
2025-07-25,MMKI 1,6.163730,4.559288,0.772231
2025-07-25,MMKI 2,21.219250,4.730903,0.785911
2025-07-25,MMKI 3,17.183330,,
2025-07-25,Total MMKI,44.566310,4.645096,0.816554
2025-07-26,MMKI 1,6.303950,4.695315,0.766918
2025-07-26,MMKI 2,21.615920,4.853128,0.780439
2025-07-26,MMKI 3,17.091550,,
2025-07-26,Total MMKI,45.011420,4.774221,0.802404
2025-07-27,MMKI 1,5.755710,4.325853,0.760025
2025-07-27,MMKI 2,19.760790,4.419077,0.783538
2025-07-27,MMKI 3,7.635010,,
2025-07-27,Total MMKI,33.151510,4.372465,0.645282
2025-07-28,MMKI 1,6.208620,4.610986,0.769134
2025-07-28,MMKI 2,20.646140,4.709549,0.768151
2025-07-28,MMKI 3,16.631520,,
2025-07-28,Total MMKI,43.486280,4.660267,0.794171
2025-07-29,MMKI 1,5.685330,4.160527,0.780563
2025-07-29,MMKI 2,19.121500,4.391970,0.762869
2025-07-29,MMKI 3,15.068090,,
2025-07-29,Total MMKI,39.874920,4.276248,0.793614
2025-07-30,MMKI 1,6.120440,4.541012,0.769894
2025-07-30,MMKI 2,20.416580,4.728156,0.756621
2025-07-30,MMKI 3,16.089950,,
2025-07-30,Total MMKI,42.626970,4.634584,0.782792
2025-07-31,MMKI 1,6.592330,4.917445,0.765773
2025-07-31,MMKI 2,21.847950,5.067053,0.755514
2025-07-31,MMKI 3,16.731480,,
2025-07-31,Total MMKI,45.171760,4.992249,0.770093
2025-08-01,MMKI 1,6.756910,4.996338,0.772497
2025-08-01,MMKI 2,22.713750,5.241081,0.759373
2025-08-01,MMKI 3,17.896570,,
2025-08-01,Total MMKI,47.367230,5.118709,0.787572
2025-08-02,MMKI 1,7.171770,5.336783,0.767622
2025-08-02,MMKI 2,23.908190,5.548889,0.754967
2025-08-02,MMKI 3,18.879430,,
2025-08-02,Total MMKI,49.959390,5.442836,0.781204
2025-08-03,MMKI 1,7.142020,5.330308,0.765367
2025-08-03,MMKI 2,23.898860,5.531250,0.757079
2025-08-03,MMKI 3,18.877030,,
2025-08-03,Total MMKI,49.917910,5.430779,0.782288
2025-08-04,MMKI 1,5.364950,3.976106,0.770741
2025-08-04,MMKI 2,17.574520,4.104026,0.750344
2025-08-04,MMKI 3,13.908590,,
2025-08-04,Total MMKI,36.848060,4.040066,0.776245
2025-08-05,MMKI 1,5.813290,4.466419,0.743470
2025-08-05,MMKI 2,19.613870,4.480690,0.767018
2025-08-05,MMKI 3,15.562970,,
2025-08-05,Total MMKI,40.990130,4.473555,0.779829
2025-08-06,MMKI 1,7.350720,5.513017,0.761625
2025-08-06,MMKI 2,24.453680,5.737167,0.746851
2025-08-06,MMKI 3,19.804660,,
2025-08-06,Total MMKI,51.609060,5.625092,0.780852
2025-08-07,MMKI 1,7.017450,5.257226,0.762471
2025-08-07,MMKI 2,23.240500,5.439878,0.748589
2025-08-07,MMKI 3,18.768370,,
2025-08-07,Total MMKI,49.026320,5.348552,0.780128
2025-08-08,MMKI 1,5.786790,4.232746,0.780937
2025-08-08,MMKI 2,19.325360,4.344225,0.779476
2025-08-08,MMKI 3,12.763420,,
2025-08-08,Total MMKI,37.875570,4.288486,0.751671
2025-08-09,MMKI 1,6.728060,4.951413,0.776178
2025-08-09,MMKI 2,22.649200,5.133508,0.773082
2025-08-09,MMKI 3,18.339700,,
2025-08-09,Total MMKI,47.716960,5.042460,0.805384
2025-08-10,MMKI 1,6.079240,5.074425,0.684326
2025-08-10,MMKI 2,23.473550,5.336987,0.770672
2025-08-10,MMKI 3,18.662350,,
2025-08-10,Total MMKI,48.215140,5.205706,0.788273
2025-08-11,MMKI 1,5.116410,3.717824,0.786099
2025-08-11,MMKI 2,17.214100,3.881499,0.777091
2025-08-11,MMKI 3,13.904630,,
2025-08-11,Total MMKI,36.235140,3.799662,0.811629
2025-08-12,MMKI 1,2.437070,1.737094,0.801393
2025-08-12,MMKI 2,8.153870,1.804225,0.791881
2025-08-12,MMKI 3,6.505320,,
2025-08-12,Total MMKI,17.096260,1.770659,0.821748
2025-08-13,MMKI 1,6.262620,4.531278,0.789471
2025-08-13,MMKI 2,21.426300,4.844299,0.775003
2025-08-13,MMKI 3,17.116360,,
2025-08-13,Total MMKI,44.805280,4.687788,0.813456
2025-08-14,MMKI 1,3.927870,2.918231,0.768844
2025-08-14,MMKI 2,13.196520,2.998307,0.771206
2025-08-14,MMKI 3,7.125090,,
2025-08-14,Total MMKI,24.249480,2.958269,0.697650
2025-08-15,MMKI 1,7.581810,5.632603,0.768890
2025-08-15,MMKI 2,25.789410,5.966740,0.757341
2025-08-15,MMKI 3,10.196700,,
2025-08-15,Total MMKI,43.567920,5.799671,0.639346
2025-08-16,MMKI 1,7.165670,5.298489,0.772512
2025-08-16,MMKI 2,24.417150,5.624498,0.760674
2025-08-16,MMKI 3,18.570040,,
2025-08-16,Total MMKI,50.152860,5.461493,0.781550
2025-08-17,MMKI 1,7.357260,5.393513,0.779193
2025-08-17,MMKI 2,25.091200,5.736935,0.766353
2025-08-17,MMKI 3,18.926460,,
2025-08-17,Total MMKI,51.374920,5.565224,0.785672
2025-08-18,MMKI 1,3.714370,2.682244,0.791020
2025-08-18,MMKI 2,12.551080,2.812715,0.781884
2025-08-18,MMKI 3,9.946740,,
2025-08-18,Total MMKI,26.212190,2.747479,0.811973
2025-08-19,MMKI 1,3.388650,2.461100,0.786499
2025-08-19,MMKI 2,11.561840,2.540049,0.797576
2025-08-19,MMKI 3,9.286680,,
2025-08-19,Total MMKI,24.237170,2.500574,0.824926
2025-08-20,MMKI 1,4.462410,3.242470,0.786130
2025-08-20,MMKI 2,15.219250,3.348759,0.796336
2025-08-20,MMKI 3,12.245750,,
2025-08-20,Total MMKI,31.927410,3.295615,0.824518
2025-08-21,MMKI 1,6.997470,5.234809,0.763556
2025-08-21,MMKI 2,23.537490,5.486617,0.751697
2025-08-21,MMKI 3,18.849070,,
2025-08-21,Total MMKI,49.384030,5.360713,0.784037
2025-08-22,MMKI 1,7.393480,5.421848,0.778937
2025-08-22,MMKI 2,24.808590,5.709747,0.761329
2025-08-22,MMKI 3,20.023840,,
2025-08-22,Total MMKI,52.225910,5.565798,0.798604
2025-08-23,MMKI 1,7.664700,5.511921,0.794315
2025-08-23,MMKI 2,25.429470,5.901624,0.755010
2025-08-23,MMKI 3,19.674220,,
2025-08-23,Total MMKI,52.768390,5.706772,0.786966
2025-08-24,MMKI 1,7.215030,5.086981,0.810175
2025-08-24,MMKI 2,23.650360,5.415677,0.765195
2025-08-24,MMKI 3,18.370020,,
2025-08-24,Total MMKI,49.235410,5.251329,0.797960
2025-08-25,MMKI 1,5.959200,4.175171,0.815294
2025-08-25,MMKI 2,19.681240,4.433992,0.777758
2025-08-25,MMKI 3,15.898290,,
2025-08-25,Total MMKI,41.538730,4.304581,0.821287
2025-08-26,MMKI 1,8.114540,5.777522,0.802275
2025-08-26,MMKI 2,26.051960,6.100435,0.748285
2025-08-26,MMKI 3,20.141710,,
2025-08-26,Total MMKI,54.308210,5.938979,0.778263
2025-08-27,MMKI 1,8.412470,5.981036,0.803430
2025-08-27,MMKI 2,27.113030,6.370563,0.745740
2025-08-27,MMKI 3,20.130430,,
2025-08-27,Total MMKI,55.655930,6.175800,0.766992
2025-08-28,MMKI 1,5.956520,4.320740,0.787472
2025-08-28,MMKI 2,18.869940,4.433939,0.745707
2025-08-28,MMKI 3,14.667150,,
2025-08-28,Total MMKI,39.493610,4.377339,0.767873
2025-08-29,MMKI 1,7.373160,5.122936,0.822120
2025-08-29,MMKI 2,23.233120,5.416553,0.751574
2025-08-29,MMKI 3,17.275040,,
2025-08-29,Total MMKI,47.881320,5.269744,0.773302
2025-08-30,MMKI 1,5.822720,4.096172,0.811986
2025-08-30,MMKI 2,18.920570,4.440727,0.746565
2025-08-30,MMKI 3,14.119540,,
2025-08-30,Total MMKI,38.862830,4.268450,0.774884
2025-08-31,MMKI 1,5.869250,4.110230,0.815675
2025-08-31,MMKI 2,18.800110,4.256573,0.773905
2025-08-31,MMKI 3,12.278800,,
2025-08-31,Total MMKI,36.948160,4.183402,0.751685
2025-09-01,MMKI 1,7.873720,5.631565,0.798641
2025-09-01,MMKI 2,25.596530,5.913131,0.758492
2025-09-01,MMKI 3,19.422930,,
2025-09-01,Total MMKI,52.893180,5.772348,0.779866
2025-09-02,MMKI 1,7.299840,5.269793,0.791262
2025-09-02,MMKI 2,23.790610,5.426758,0.768161
2025-09-02,MMKI 3,18.286600,,
2025-09-02,Total MMKI,49.377050,5.348275,0.785749
2025-09-03,MMKI 1,8.033460,5.808151,0.790070
2025-09-03,MMKI 2,26.120000,6.005869,0.762052
2025-09-03,MMKI 3,19.836640,,
2025-09-03,Total MMKI,53.990100,5.907010,0.777892
2025-09-04,MMKI 1,7.612310,5.528124,0.786574
2025-09-04,MMKI 2,24.744210,5.773381,0.750984
2025-09-04,MMKI 3,18.819340,,
2025-09-04,Total MMKI,51.175860,5.650752,0.770782
2025-09-05,MMKI 1,6.527650,4.737359,0.787084
2025-09-05,MMKI 2,20.755720,4.830772,0.752850
2025-09-05,MMKI 3,16.827820,,
2025-09-05,Total MMKI,44.111190,4.784065,0.784737
2025-09-06,MMKI 1,6.655650,4.809203,0.790529
2025-09-06,MMKI 2,21.160430,4.942892,0.750120
2025-09-06,MMKI 3,16.890340,,
2025-09-06,Total MMKI,44.706420,4.876048,0.780323
2025-09-07,MMKI 1,7.560350,5.578718,0.774120
2025-09-07,MMKI 2,24.412000,5.720974,0.747688
2025-09-07,MMKI 3,19.469150,,
2025-09-07,Total MMKI,51.441500,5.649846,0.774907
2025-09-08,MMKI 1,4.788810,4.083050,0.669952
2025-09-08,MMKI 2,16.124660,4.584556,0.616283
2025-09-08,MMKI 3,11.569240,,
2025-09-08,Total MMKI,32.482710,4.333803,0.637905
2025-09-09,MMKI 1,1.349070,1.010223,0.762813
2025-09-09,MMKI 2,6.994290,3.425964,0.357724
2025-09-09,MMKI 3,2.399860,,
2025-09-09,Total MMKI,10.743220,2.218094,0.412218
2025-09-10,MMKI 1,5.860150,4.270251,0.783892
2025-09-10,MMKI 2,18.991100,4.310103,0.772057
2025-09-10,MMKI 3,13.966910,,
2025-09-10,Total MMKI,38.818160,4.290177,0.770074
2025-09-11,MMKI 1,4.698330,3.432011,0.781980
2025-09-11,MMKI 2,15.161050,2.146048,1.237876
2025-09-11,MMKI 3,11.284070,,
2025-09-11,Total MMKI,31.143450,2.789029,0.950356
2025-09-12,MMKI 1,5.501220,4.048049,0.776272
2025-09-12,MMKI 2,17.733400,,
2025-09-12,MMKI 3,13.036730,,
2025-09-12,Total MMKI,36.271350,4.048049,0.762589
2025-09-13,MMKI 1,8.530330,3.769125,1.292784
2025-09-13,MMKI 2,27.210200,,
2025-09-13,MMKI 3,21.026430,,
2025-09-13,Total MMKI,56.766960,3.769125,1.281822
2025-09-14,MMKI 1,5.619800,0.409336,2.000000
2025-09-14,MMKI 2,18.115950,,
2025-09-14,MMKI 3,13.941610,,
2025-09-14,Total MMKI,37.677360,0.409336,7.833813
2025-09-15,MMKI 1,6.792790,5.021225,0.772750
2025-09-15,MMKI 2,22.028940,5.043036,0.765400
2025-09-15,MMKI 3,17.687000,5.069240,0.812927
2025-09-15,Total MMKI,46.508730,5.044500,0.784674
2025-09-16,MMKI 1,4.424470,3.203332,0.788969
2025-09-16,MMKI 2,14.361650,3.142984,0.800662
2025-09-16,MMKI 3,11.449260,3.068958,0.869214
2025-09-16,Total MMKI,30.235380,3.138425,0.819929
2025-09-17,MMKI 1,5.365930,3.848239,0.796496
2025-09-17,MMKI 2,17.567640,3.835870,0.802485
2025-09-17,MMKI 3,14.041110,3.873458,0.844584
2025-09-17,Total MMKI,36.974680,3.852522,0.816830
2025-09-18,MMKI 1,3.670360,2.577514,0.813408
2025-09-18,MMKI 2,11.901520,2.548682,0.818227
2025-09-18,MMKI 3,9.510020,2.526387,0.877045
2025-09-18,Total MMKI,25.081900,2.550861,0.836847
2025-09-19,MMKI 1,3.766730,2.242644,0.959411
2025-09-19,MMKI 2,12.300590,2.247793,0.958864
2025-09-19,MMKI 3,9.788800,2.258475,1.009845
2025-09-19,Total MMKI,25.856120,2.249637,0.978191
2025-09-20,MMKI 1,4.824960,0.822801,2.000000
2025-09-20,MMKI 2,15.654770,0.823548,2.000000
2025-09-20,MMKI 3,12.488470,0.831721,2.000000
2025-09-20,Total MMKI,32.968200,0.826023,3.396844
2025-09-21,MMKI 1,6.975960,5.230134,0.761889
2025-09-21,MMKI 2,22.527060,5.212897,0.757203
2025-09-21,MMKI 3,17.973080,5.262525,0.795735
2025-09-21,Total MMKI,47.476100,5.235185,0.771819
2025-09-22,MMKI 1,7.421500,5.586036,0.758907
2025-09-22,MMKI 2,16.730330,5.564574,0.526817
2025-09-22,MMKI 3,18.936870,5.621890,0.784813
2025-09-22,Total MMKI,43.088700,5.590833,0.655933
2025-09-23,MMKI 1,7.223490,5.499806,0.750240
2025-09-23,MMKI 2,17.516990,5.502943,0.557766
2025-09-23,MMKI 3,18.220460,5.571644,0.761932
2025-09-23,Total MMKI,42.960940,5.524798,0.661805
2025-09-24,MMKI 1,8.159130,6.207048,0.750861
2025-09-24,MMKI 2,26.340000,6.173079,0.747655
2025-09-24,MMKI 3,20.392770,6.224887,0.763282
2025-09-24,Total MMKI,54.891900,6.201671,0.753307
2025-09-25,MMKI 1,6.798320,5.101773,0.761169
2025-09-25,MMKI 2,22.089400,5.082083,0.761604
2025-09-25,MMKI 3,17.451590,5.126786,0.793104
2025-09-25,Total MMKI,46.339310,5.103547,0.772770
2025-09-26,MMKI 1,7.933600,6.122025,0.740246
2025-09-26,MMKI 2,25.106460,6.075123,0.724132
2025-09-26,MMKI 3,19.080330,6.123975,0.725927
2025-09-26,Total MMKI,52.120390,6.107041,0.726356
2025-09-27,MMKI 1,5.510170,4.134625,0.761254
2025-09-27,MMKI 2,18.227780,4.103947,0.778250
2025-09-27,MMKI 3,14.352350,4.128352,0.810003
2025-09-27,Total MMKI,38.090300,4.122308,0.786406
2025-09-28,MMKI 1,7.008740,5.320367,0.752487
2025-09-28,MMKI 2,22.981140,5.302895,0.759356
2025-09-28,MMKI 3,17.987310,5.365382,0.781099
2025-09-28,Total MMKI,47.977190,5.329548,0.766156
2025-09-29,MMKI 1,4.985110,3.798450,0.749668
2025-09-29,MMKI 2,16.216230,3.762879,0.755121
2025-09-29,MMKI 3,12.736900,3.776452,0.785815
2025-09-29,Total MMKI,33.938240,3.779260,0.764285
2025-09-30,MMKI 1,6.378500,4.740934,0.768520
2025-09-30,MMKI 2,21.082900,4.724745,0.781878
2025-09-30,MMKI 3,16.375070,4.751814,0.802905
2025-09-30,Total MMKI,43.836470,4.739164,0.787239
2025-10-01,MMKI 1,6.671960,4.961085,0.768206
2025-10-01,MMKI 2,22.084100,4.912803,0.787658
2025-10-01,MMKI 3,17.242560,4.934106,0.814205
2025-10-01,Total MMKI,45.998620,4.935998,0.793127
2025-10-02,MMKI 1,4.533530,3.246761,0.797603
2025-10-02,MMKI 2,14.928300,3.215120,0.813580
2025-10-02,MMKI 3,11.620890,3.218017,0.841378
2025-10-02,Total MMKI,31.082720,3.226633,0.819865
2025-10-03,MMKI 1,6.184260,4.548491,0.776642
2025-10-03,MMKI 2,20.599080,4.529842,0.796805
2025-10-03,MMKI 3,16.190770,4.552250,0.828670
2025-10-03,Total MMKI,42.974110,4.543528,0.804982
2025-10-04,MMKI 1,8.038590,6.128459,0.749254
2025-10-04,MMKI 2,24.632480,6.052233,0.713148
2025-10-04,MMKI 3,20.292900,6.063872,0.779712
2025-10-04,Total MMKI,52.963970,6.081521,0.741209
2025-10-05,MMKI 1,6.457490,4.856838,0.759470
2025-10-05,MMKI 2,20.832460,4.796802,0.760985
2025-10-05,MMKI 3,16.424170,4.799578,0.797298
2025-10-05,Total MMKI,43.714120,4.817739,0.772238
2025-10-06,MMKI 1,6.551110,4.847577,0.771953
2025-10-06,MMKI 2,21.407650,4.779559,0.784817
2025-10-06,MMKI 3,16.770040,4.774754,0.818320
2025-10-06,Total MMKI,44.728800,4.800630,0.792979
2025-10-07,MMKI 1,6.503060,4.879974,0.761204
2025-10-07,MMKI 2,21.295820,4.832931,0.772095
2025-10-07,MMKI 3,16.447260,4.845873,0.790791
2025-10-07,Total MMKI,44.246140,4.852926,0.775969
2025-10-08,MMKI 1,7.212420,5.500595,0.748983
2025-10-08,MMKI 2,23.441370,5.438756,0.755215
2025-10-08,MMKI 3,18.430680,5.447032,0.788355
2025-10-08,Total MMKI,49.084470,5.462128,0.764812
2025-10-09,MMKI 1,8.251780,6.247844,0.754429
2025-10-09,MMKI 2,26.207490,6.215208,0.738851
2025-10-09,MMKI 3,21.073340,6.193532,0.792748
2025-10-09,Total MMKI,55.532610,6.218861,0.759994
2025-10-10,MMKI 1,7.319040,5.496197,0.760663
2025-10-10,MMKI 2,23.759730,5.454305,0.763289
2025-10-10,MMKI 3,18.881480,5.434359,0.809521
2025-10-10,Total MMKI,49.960250,5.461620,0.778531
2025-10-11,MMKI 1,6.982290,5.261174,0.758081
2025-10-11,MMKI 2,22.935690,5.215769,0.770514
2025-10-11,MMKI 3,17.971290,5.191805,0.806494
2025-10-11,Total MMKI,47.889270,5.222916,0.780365
2025-10-12,MMKI 1,7.760970,5.900504,0.751324
2025-10-12,MMKI 2,23.881320,5.861287,0.713925
2025-10-12,MMKI 3,19.413460,5.845349,0.773807
2025-10-12,Total MMKI,51.055750,5.869047,0.740372
2025-10-13,MMKI 1,4.847570,3.536340,0.783016
2025-10-13,MMKI 2,16.106150,3.506959,0.804726
2025-10-13,MMKI 3,13.012760,3.483551,0.870337
2025-10-13,Total MMKI,33.966480,3.508950,0.823846
2025-10-14,MMKI 1,6.860300,5.245894,0.747006
2025-10-14,MMKI 2,23.085940,5.203327,0.777416
2025-10-14,MMKI 3,18.541680,5.206392,0.829760
2025-10-14,Total MMKI,48.487920,5.218538,0.790783
2025-10-15,MMKI 1,6.057150,4.525132,0.764606
2025-10-15,MMKI 2,20.162830,4.491131,0.786652
2025-10-15,MMKI 3,16.322800,4.494474,0.846167
2025-10-15,Total MMKI,42.542780,4.503579,0.803972
2025-10-16,MMKI 1,7.256530,5.539880,0.748220
2025-10-16,MMKI 2,24.031810,5.491858,0.766751
2025-10-16,MMKI 3,19.069620,5.503897,0.807257
2025-10-16,Total MMKI,50.357960,5.511878,0.777573
2025-10-17,MMKI 1,6.948310,5.340246,0.743222
2025-10-17,MMKI 2,22.757040,5.274606,0.755985
2025-10-17,MMKI 3,17.978490,5.271938,0.794554
2025-10-17,Total MMKI,47.683840,5.295597,0.766353
2025-10-18,MMKI 1,6.460730,4.960372,0.743992
2025-10-18,MMKI 2,21.299960,4.889539,0.763305
2025-10-18,MMKI 3,17.121590,4.871805,0.818831
2025-10-18,Total MMKI,44.882280,4.907239,0.778414
2025-10-19,MMKI 1,5.867380,4.359613,0.768771
2025-10-19,MMKI 2,19.360960,4.315671,0.786078
2025-10-19,MMKI 3,15.728400,4.314718,0.849322
2025-10-19,Total MMKI,40.956740,4.330001,0.805026
2025-10-20,MMKI 1,6.752560,5.107744,0.755162
2025-10-20,MMKI 2,22.344980,5.051666,0.775055
2025-10-20,MMKI 3,18.027050,5.054070,0.831043
2025-10-20,Total MMKI,47.124590,5.071160,0.790884
2025-10-21,MMKI 1,6.475590,4.937282,0.749190
2025-10-21,MMKI 2,21.232040,4.874648,0.763195
2025-10-21,MMKI 3,17.269780,4.858427,0.828193
2025-10-21,Total MMKI,44.977410,4.890119,0.782794
2025-10-22,MMKI 1,5.856090,4.468087,0.748664
2025-10-22,MMKI 2,19.216700,4.415569,0.762569
2025-10-22,MMKI 3,15.363430,4.400343,0.813471
2025-10-22,Total MMKI,40.436220,4.428000,0.777205
2025-10-23,MMKI 1,5.220280,4.108112,0.725859
2025-10-23,MMKI 2,17.098910,4.026058,0.744176
2025-10-23,MMKI 3,13.282100,3.981420,0.777265
2025-10-23,Total MMKI,35.601290,4.038530,0.750266
2025-10-24,MMKI 1,5.317790,4.567797,0.665005
2025-10-24,MMKI 2,19.354650,4.494858,0.754495
2025-10-24,MMKI 3,15.667360,4.448800,0.820528
2025-10-24,Total MMKI,40.339800,4.503818,0.762299
2025-10-25,MMKI 1,7.138800,5.551744,0.734508
2025-10-25,MMKI 2,21.996350,5.519581,0.698283
2025-10-25,MMKI 3,18.590010,5.514249,0.785477
2025-10-25,Total MMKI,47.725160,5.528525,0.734701
2025-10-26,MMKI 1,8.360480,6.529043,0.731446
2025-10-26,MMKI 2,26.571150,6.406229,0.726767
2025-10-26,MMKI 3,20.913520,6.341657,0.768360
2025-10-26,Total MMKI,55.845150,6.425643,0.739676
2025-10-27,MMKI 1,6.868610,5.359759,0.732022
2025-10-27,MMKI 2,21.920250,5.274465,0.728206
2025-10-27,MMKI 3,17.380940,5.227994,0.774602
2025-10-27,Total MMKI,46.169800,5.287406,0.743170
2025-10-28,MMKI 1,3.060120,2.208259,0.791570
2025-10-28,MMKI 2,10.288050,2.210470,0.815522
2025-10-28,MMKI 3,8.302230,2.215102,0.873256
2025-10-28,Total MMKI,21.650400,2.211277,0.833289
2025-10-29,MMKI 1,5.671970,4.197011,0.771960
2025-10-29,MMKI 2,18.785480,4.164770,0.790348
2025-10-29,MMKI 3,15.296090,4.148919,0.858985
2025-10-29,Total MMKI,39.753540,4.170233,0.811312
2025-10-30,MMKI 1,5.157890,3.968554,0.742404
2025-10-30,MMKI 2,16.764300,3.908070,0.751641
2025-10-30,MMKI 3,13.308300,3.871555,0.800898
2025-10-30,Total MMKI,35.230490,3.916060,0.765671
2025-10-31,MMKI 1,8.732130,6.755748,0.738325
2025-10-31,MMKI 2,27.850530,6.644935,0.734395
2025-10-31,MMKI 3,21.537040,6.577552,0.762890
2025-10-31,Total MMKI,58.119700,6.659412,0.742780
2025-11-01,MMKI 1,7.693240,5.925384,0.741641
2025-11-01,MMKI 2,24.718950,5.805732,0.746037
2025-11-01,MMKI 3,19.607320,5.731808,0.797016
2025-11-01,Total MMKI,52.019510,5.820975,0.760577
2025-11-02,MMKI 1,5.359530,3.980409,0.769130
2025-11-02,MMKI 2,17.124190,3.925643,0.764340
2025-11-02,MMKI 3,13.891010,3.887062,0.832631
2025-11-02,Total MMKI,36.374730,3.931038,0.787527
2025-11-03,MMKI 1,4.940200,3.742440,0.754033
2025-11-03,MMKI 2,15.671700,3.671657,0.747896
2025-11-03,MMKI 3,12.001080,3.620647,0.772279
2025-11-03,Total MMKI,32.612980,3.678248,0.754609
2025-11-04,MMKI 1,7.334230,5.617966,0.745720
2025-11-04,MMKI 2,23.262710,5.486535,0.742932
2025-11-04,MMKI 3,17.911510,5.395618,0.773448
2025-11-04,Total MMKI,48.508450,5.500040,0.750627
2025-11-05,MMKI 1,7.976810,5.917171,0.770044
2025-11-05,MMKI 2,25.669990,5.857948,0.767834
2025-11-05,MMKI 3,19.733350,5.813067,0.790926
2025-11-05,Total MMKI,53.380150,5.862729,0.774912
2025-11-06,MMKI 1,7.084900,5.226793,0.774282
2025-11-06,MMKI 2,22.981660,5.175407,0.778080
2025-11-06,MMKI 3,17.918680,5.140203,0.812206
2025-11-06,Total MMKI,47.985240,5.180801,0.788285
2025-11-07,MMKI 1,7.493000,5.710943,0.749460
2025-11-07,MMKI 2,23.808840,5.651662,0.738158
2025-11-07,MMKI 3,17.667560,5.624705,0.731842
2025-11-07,Total MMKI,48.969400,5.662437,0.736028
2025-11-08,MMKI 1,4.460020,3.182869,0.800421
2025-11-08,MMKI 2,14.480230,3.129746,0.810688
2025-11-08,MMKI 3,11.638530,3.088046,0.878122
2025-11-08,Total MMKI,30.578780,3.133554,0.830531
2025-11-09,MMKI 1,8.850330,6.727778,0.751430
2025-11-09,MMKI 2,28.180080,6.597634,0.748413
2025-11-09,MMKI 3,21.020750,6.507755,0.752588
2025-11-09,Total MMKI,58.051160,6.611056,0.747331
2025-11-10,MMKI 1,8.392280,6.419287,0.746782
2025-11-10,MMKI 2,26.615180,6.279793,0.742628
2025-11-10,MMKI 3,19.560460,6.185877,0.736746
2025-11-10,Total MMKI,54.567920,6.294986,0.737760
2025-11-11,MMKI 1,3.724150,2.702921,0.787036
2025-11-11,MMKI 2,12.132280,2.670749,0.795970
2025-11-11,MMKI 3,9.769040,2.643382,0.861058
2025-11-11,Total MMKI,25.625470,2.672351,0.816114
2025-11-12,MMKI 1,5.073440,3.744542,0.773935
2025-11-12,MMKI 2,16.305250,3.728012,0.766368
2025-11-12,MMKI 3,13.155060,3.724598,0.822913
2025-11-12,Total MMKI,34.533750,3.732384,0.787463
2025-11-13,MMKI 1,6.526330,4.847609,0.769028
2025-11-13,MMKI 2,20.893930,4.803111,0.762228
2025-11-13,MMKI 3,16.460340,4.776089,0.802984
2025-11-13,Total MMKI,43.880600,4.808936,0.776598
2025-11-14,MMKI 1,6.302250,4.582970,0.785506
2025-11-14,MMKI 2,20.436100,4.543628,0.788102
2025-11-14,MMKI 3,16.167780,4.528537,0.831827
2025-11-14,Total MMKI,42.906130,4.551712,0.802264
2025-11-15,MMKI 1,6.913880,5.132852,0.769421
2025-11-15,MMKI 2,22.373520,5.054702,0.775579
2025-11-15,MMKI 3,17.964410,5.009368,0.835546
2025-11-15,Total MMKI,47.251810,5.065641,0.793883
2025-11-16,MMKI 1,0.981230,0.694055,0.807565
2025-11-16,MMKI 2,2.506700,0.696835,0.630318
2025-11-16,MMKI 3,1.319540,0.696843,0.441193
2025-11-16,Total MMKI,4.807470,0.695911,0.587943
2025-11-17,MMKI 1,6.772350,5.160214,0.749674
2025-11-17,MMKI 2,18.469930,5.023197,0.644276
2025-11-17,MMKI 3,12.786210,4.932840,0.603928
2025-11-17,Total MMKI,38.028490,5.038750,0.642331
2025-11-18,MMKI 1,2.824610,2.136105,0.755330
2025-11-18,MMKI 2,9.005790,2.091580,0.754457
2025-11-18,MMKI 3,7.307990,2.059008,0.826952
2025-11-18,Total MMKI,19.138390,2.095564,0.777279
2025-11-19,MMKI 1,5.337260,3.990801,0.763939
2025-11-19,MMKI 2,17.170470,3.888885,0.773650
2025-11-19,MMKI 3,13.904930,3.808773,0.850597
2025-11-19,Total MMKI,36.412660,3.896153,0.795406
2025-11-20,MMKI 1,4.976480,3.618018,0.785692
2025-11-20,MMKI 2,16.261640,3.572906,0.797499
2025-11-20,MMKI 3,13.079380,3.540275,0.860777
2025-11-20,Total MMKI,34.317500,3.577066,0.816510
2025-11-21,MMKI 1,6.949080,5.348270,0.742189
2025-11-21,MMKI 2,21.925710,5.224992,0.735284
2025-11-21,MMKI 3,17.575970,5.138501,0.796935
2025-11-21,Total MMKI,46.450760,5.237254,0.754852
2025-11-22,MMKI 1,6.429990,4.982623,0.737145
2025-11-22,MMKI 2,20.487130,4.858742,0.738830
2025-11-22,MMKI 3,16.154460,4.768426,0.789328
2025-11-22,Total MMKI,43.071580,4.869930,0.752733
2025-11-23,MMKI 1,4.989180,3.686489,0.773067
2025-11-23,MMKI 2,16.296530,3.645522,0.783290
2025-11-23,MMKI 3,13.139030,3.617096,0.846337
2025-11-23,Total MMKI,34.424740,3.649702,0.802760
2025-11-24,MMKI 1,7.617940,5.898709,0.737702
2025-11-24,MMKI 2,24.481000,5.796389,0.740046
2025-11-24,MMKI 3,19.466160,5.730792,0.791418
2025-11-24,Total MMKI,51.565100,5.808630,0.755535
2025-11-25,MMKI 1,7.897420,6.124537,0.736568
2025-11-25,MMKI 2,25.442560,6.015948,0.741044
2025-11-25,MMKI 3,19.855120,5.940188,0.778776
2025-11-25,Total MMKI,53.195100,6.026891,0.751192
2025-11-26,MMKI 1,5.815750,4.434550,0.749129
2025-11-26,MMKI 2,18.977320,4.337311,0.766658
2025-11-26,MMKI 3,15.297830,4.272720,0.834191
2025-11-26,Total MMKI,40.090900,4.348194,0.784711
2025-11-27,MMKI 1,4.670770,3.491743,0.764094
2025-11-27,MMKI 2,15.153980,3.423227,0.775672
2025-11-27,MMKI 3,12.211750,3.379384,0.841939
2025-11-27,Total MMKI,32.036500,3.431451,0.794584
2025-11-28,MMKI 1,5.500110,4.210203,0.746224
2025-11-28,MMKI 2,18.225540,4.123078,0.774544
2025-11-28,MMKI 3,14.816240,4.066762,0.848847
2025-11-28,Total MMKI,38.541890,4.133348,0.793604
2025-11-29,MMKI 1,6.366310,5.030386,0.722915
2025-11-29,MMKI 2,20.443690,4.909920,0.729579
2025-11-29,MMKI 3,16.349750,4.828808,0.788881
2025-11-29,Total MMKI,43.159750,4.923038,0.746137
2025-11-30,MMKI 1,7.340720,5.695822,0.736178
2025-11-30,MMKI 2,23.747190,5.601909,0.742785
2025-11-30,MMKI 3,18.991710,5.521603,0.801381
2025-11-30,Total MMKI,50.079620,5.606445,0.760232
2025-12-01,MMKI 1,7.342350,5.763281,0.727723
2025-12-01,MMKI 2,23.610660,5.618379,0.736350
2025-12-01,MMKI 3,18.355420,5.512822,0.775766
2025-12-01,Total MMKI,49.308430,5.631494,0.745195
2025-12-02,MMKI 1,5.256200,4.151248,0.723259
2025-12-02,MMKI 2,16.635360,4.065774,0.716929
2025-12-02,MMKI 3,13.196670,3.992393,0.770143
2025-12-02,Total MMKI,35.088230,4.069805,0.733771
2025-12-03,MMKI 1,4.938340,3.784089,0.745453
2025-12-03,MMKI 2,16.045410,3.728110,0.754135
2025-12-03,MMKI 3,12.946330,3.669262,0.822069
2025-12-03,Total MMKI,33.930080,3.727154,0.774783
2025-12-04,MMKI 1,3.344800,2.514192,0.759928
2025-12-04,MMKI 2,10.946440,2.491417,0.769863
2025-12-04,MMKI 3,8.825780,2.458631,0.836373
2025-12-04,Total MMKI,23.117020,2.488080,0.790752
2025-12-05,MMKI 1,7.333360,5.802431,0.721928
2025-12-05,MMKI 2,23.114580,5.646824,0.717247
2025-12-05,MMKI 3,17.517970,5.206214,0.783975
2025-12-05,Total MMKI,47.965910,5.551823,0.735309
2025-12-06,MMKI 1,5.534290,4.171755,0.757781
2025-12-06,MMKI 2,17.934390,4.101992,0.766089
2025-12-06,MMKI 3,6.858000,4.025420,0.396942
2025-12-06,Total MMKI,30.326680,4.099722,0.629569
2025-12-07,MMKI 1,5.951650,4.493691,0.756545
2025-12-07,MMKI 2,19.498280,4.459777,0.766073
2025-12-07,MMKI 3,7.519510,4.418181,0.396539
2025-12-07,Total MMKI,32.969440,4.457216,0.629536
2025-12-08,MMKI 1,5.635370,4.246260,0.758083
2025-12-08,MMKI 2,18.392960,4.227503,0.762351
2025-12-08,MMKI 3,14.904460,4.191875,0.828415
2025-12-08,Total MMKI,38.932790,4.221879,0.784842
2025-12-09,MMKI 1,4.098010,3.000490,0.780156
2025-12-09,MMKI 2,13.604620,3.003670,0.793636
2025-12-09,MMKI 3,10.894980,2.996619,0.847101
2025-12-09,Total MMKI,28.597610,3.000260,0.811229
2025-12-10,MMKI 1,5.990490,4.536320,0.754326
2025-12-10,MMKI 2,19.629340,4.472868,0.768965
2025-12-10,MMKI 3,15.756900,4.411408,0.832212
2025-12-10,Total MMKI,41.376730,4.473532,0.787188
2025-12-11,MMKI 1,6.523240,5.049432,0.737941
2025-12-11,MMKI 2,20.819430,4.949040,0.737115
2025-12-11,MMKI 3,16.769710,4.842845,0.806799
2025-12-11,Total MMKI,44.112380,4.947106,0.758895
2025-12-12,MMKI 1,7.676250,6.016200,0.728832
2025-12-12,MMKI 2,24.588700,5.896980,0.730623
2025-12-12,MMKI 3,19.803260,5.759644,0.801090
2025-12-12,Total MMKI,52.068210,5.890941,0.752247
2025-12-13,MMKI 1,6.554660,3.772743,0.992416
2025-12-13,MMKI 2,21.401180,3.729959,1.005358
2025-12-13,MMKI 3,17.319820,3.665553,1.100891
2025-12-13,Total MMKI,45.275660,3.722752,1.035079
2025-12-14,MMKI 1,5.694780,4.217045,0.771382
2025-12-14,MMKI 2,18.764870,4.207894,0.781390
2025-12-14,MMKI 3,15.112580,4.155102,0.847417
2025-12-14,Total MMKI,39.572230,4.193347,0.803161
2025-12-15,MMKI 1,6.185850,4.624843,0.764017
2025-12-15,MMKI 2,20.339790,4.578554,0.778405
2025-12-15,MMKI 3,16.205200,4.496971,0.839604
2025-12-15,Total MMKI,42.730840,4.566789,0.796348
2025-12-16,MMKI 1,7.661170,6.092050,0.718344
2025-12-16,MMKI 2,24.989170,5.961161,0.734528
2025-12-16,MMKI 3,18.691750,5.833154,0.746598
2025-12-16,Total MMKI,51.342090,5.962122,0.732901
2025-12-17,MMKI 1,6.735300,5.319461,0.723253
2025-12-17,MMKI 2,21.729490,5.182483,0.734681
2025-12-17,MMKI 3,17.241330,5.041961,0.796731
2025-12-17,Total MMKI,45.706120,5.181302,0.750772
2025-12-18,MMKI 1,5.916450,4.443310,0.760598
2025-12-18,MMKI 2,19.539580,4.420547,0.774509
2025-12-18,MMKI 3,14.957810,4.374444,0.796683
2025-12-18,Total MMKI,40.413840,4.412767,0.779456
2025-12-19,MMKI 1,4.523410,3.289819,0.785407
2025-12-19,MMKI 2,14.968680,3.256327,0.805458
2025-12-19,MMKI 3,11.812050,3.217795,0.855278
2025-12-19,Total MMKI,31.304140,3.254647,0.818598
2025-12-20,MMKI 1,3.569050,2.677193,0.761507
2025-12-20,MMKI 2,11.821830,2.615973,0.791842
2025-12-20,MMKI 3,9.542480,2.554962,0.870196
2025-12-20,Total MMKI,24.933360,2.616043,0.811164
2025-12-21,MMKI 1,4.456080,3.398937,0.748877
2025-12-21,MMKI 2,14.498640,3.294184,0.771199
2025-12-21,MMKI 3,11.651130,3.197282,0.849038
2025-12-21,Total MMKI,30.605850,3.296801,0.790104
2025-12-22,MMKI 1,3.563040,2.653021,0.767151
2025-12-22,MMKI 2,11.829790,2.637144,0.786014
2025-12-22,MMKI 3,9.486280,2.603357,0.848990
2025-12-22,Total MMKI,24.879110,2.631174,0.804744
2025-12-23,MMKI 1,5.614310,4.251400,0.754336
2025-12-23,MMKI 2,18.469950,4.210863,0.768567
2025-12-23,MMKI 3,14.711820,4.160712,0.823833
2025-12-23,Total MMKI,38.796080,4.207658,0.784730
2025-12-24,MMKI 1,5.362930,4.038239,0.758596
2025-12-24,MMKI 2,17.786000,4.012503,0.776694
2025-12-24,MMKI 3,14.307630,3.975644,0.838495
2025-12-24,Total MMKI,37.456560,4.008795,0.795219
2025-12-25,MMKI 1,6.321130,4.959988,0.727972
2025-12-25,MMKI 2,20.472400,4.832102,0.742369
2025-12-25,MMKI 3,16.392090,4.717415,0.809600
2025-12-25,Total MMKI,43.185620,4.836502,0.759942
2025-12-26,MMKI 1,6.347700,4.844416,0.748472
2025-12-26,MMKI 2,20.909290,4.794189,0.764207
2025-12-26,MMKI 3,16.524740,4.730581,0.813880
2025-12-26,Total MMKI,43.781730,4.789729,0.777955
2025-12-27,MMKI 1,7.661890,6.034525,0.725260
2025-12-27,MMKI 2,25.249350,5.900324,0.749828
2025-12-27,MMKI 3,20.020420,5.772929,0.808011
2025-12-27,Total MMKI,52.931660,5.902593,0.763212
2025-12-28,MMKI 1,5.864700,3.154836,1.061866
2025-12-28,MMKI 2,19.006730,3.092238,1.077015
2025-12-28,MMKI 3,15.106650,3.022062,1.164676
2025-12-28,Total MMKI,39.978080,3.089712,1.101226
2025-12-29,MMKI 1,4.976430,3.734808,0.761115
2025-12-29,MMKI 2,16.676060,3.715206,0.786498
2025-12-29,MMKI 3,13.467920,3.678133,0.853126
2025-12-29,Total MMKI,35.120410,3.709382,0.805806
2025-12-30,MMKI 1,5.978860,3.464447,0.985792
2025-12-30,MMKI 2,19.469150,3.399977,1.003363
2025-12-30,MMKI 3,15.615600,3.329313,1.092809
2025-12-30,Total MMKI,41.063610,3.397912,1.028532
2025-12-31,MMKI 1,3.295150,2.385707,0.788967
2025-12-31,MMKI 2,11.010280,2.391218,0.806801
2025-12-31,MMKI 3,8.750960,2.385808,0.854595
2025-12-31,Total MMKI,23.056390,2.387578,0.821876
2026-01-01,MMKI 1,3.474990,2.605014,0.761981
2026-01-01,MMKI 2,11.476260,2.576999,0.780321
2026-01-01,MMKI 3,9.292570,2.539996,0.852399
2026-01-01,Total MMKI,24.243820,2.574003,0.801613
2026-01-02,MMKI 1,4.544810,3.379072,0.768279
2026-01-02,MMKI 2,15.074700,3.350318,0.788406
2026-01-02,MMKI 3,12.114470,3.309262,0.852930
2026-01-02,Total MMKI,31.733980,3.346217,0.807129
2026-01-03,MMKI 1,4.692150,3.448325,0.777257
2026-01-03,MMKI 2,15.644750,3.449555,0.794681
2026-01-03,MMKI 3,12.525780,3.431340,0.850514
2026-01-03,Total MMKI,32.862680,3.443073,0.812324
2026-01-04,MMKI 1,4.146410,3.087883,0.767029
2026-01-04,MMKI 2,13.783260,3.063345,0.788394
2026-01-04,MMKI 3,11.107940,3.023935,0.855857
2026-01-04,Total MMKI,29.037610,3.058388,0.808055
2026-01-05,MMKI 1,5.910350,4.511967,0.748252
2026-01-05,MMKI 2,19.454240,4.470921,0.762438
2026-01-05,MMKI 3,15.684590,4.404703,0.829654
2026-01-05,Total MMKI,41.049180,4.462530,0.782881
2026-01-06,MMKI 1,6.699580,5.141509,0.744316
2026-01-06,MMKI 2,21.839160,5.072461,0.754405
2026-01-06,MMKI 3,17.533320,4.982307,0.819925
2026-01-06,Total MMKI,46.072060,5.065426,0.774095
2026-01-07,MMKI 1,0.000120,0.000000,
2026-01-07,MMKI 2,3.685340,0.000000,
2026-01-07,MMKI 3,11.319690,0.000000,
2026-01-07,Total MMKI,15.005150,0.000000,
2026-01-08,MMKI 1,9.763350,3.883196,1.436184
2026-01-08,MMKI 2,28.790520,3.879476,1.300360
2026-01-08,MMKI 3,14.606620,3.852685,0.883337
2026-01-08,Total MMKI,53.160490,3.871786,1.168558
2026-01-09,MMKI 1,5.764230,4.315544,0.762968
2026-01-09,MMKI 2,18.912570,4.223849,0.784566
2026-01-09,MMKI 3,14.992980,4.117768,0.848333
2026-01-09,Total MMKI,39.669780,4.219054,0.800235
2026-01-10,MMKI 1,5.394680,4.037531,0.763221
2026-01-10,MMKI 2,17.942710,4.003742,0.785252
2026-01-10,MMKI 3,14.204700,3.951284,0.837595
2026-01-10,Total MMKI,37.542090,3.997519,0.799283
2026-01-11,MMKI 1,2.650310,1.917500,0.789518
2026-01-11,MMKI 2,8.739800,1.910775,0.801455
2026-01-11,MMKI 3,6.899060,1.888257,0.851274
2026-01-11,Total MMKI,18.289170,1.905511,0.816874
2026-01-12,MMKI 1,1.151960,0.863351,0.762168
2026-01-12,MMKI 2,3.763510,0.872296,0.755990
2026-01-12,MMKI 3,3.011610,0.862829,0.813231
2026-01-12,Total MMKI,7.927080,0.866159,0.778912
2026-01-13,MMKI 1,3.657560,2.595851,0.804845
2026-01-13,MMKI 2,12.027460,2.589523,0.813844
2026-01-13,MMKI 3,9.563150,2.558992,0.870707
2026-01-13,Total MMKI,25.248170,2.581455,0.832411
2026-01-14,MMKI 1,4.398040,3.237852,0.775895
2026-01-14,MMKI 2,14.164410,3.223757,0.769881
2026-01-14,MMKI 3,11.134580,3.191060,0.812979
2026-01-14,Total MMKI,29.697030,3.217556,0.785524
2026-01-15,MMKI 1,5.162860,3.679911,0.801408
2026-01-15,MMKI 2,16.809890,3.678664,0.800685
2026-01-15,MMKI 3,13.367310,3.661038,0.850707
2026-01-15,Total MMKI,35.340060,3.673204,0.818832
2026-01-16,MMKI 1,4.273530,3.076343,0.793511
2026-01-16,MMKI 2,10.266810,3.033998,0.592935
2026-01-16,MMKI 3,11.006640,2.981789,0.860039
2026-01-16,Total MMKI,25.546980,3.030710,0.717411
2026-01-17,MMKI 1,3.258700,2.288849,0.813257
2026-01-17,MMKI 2,13.565340,2.290825,1.037590
2026-01-17,MMKI 3,8.322510,2.281690,0.849842
2026-01-17,Total MMKI,25.146550,2.287121,0.935754
2026-01-18,MMKI 1,3.770230,2.679579,0.803715
2026-01-18,MMKI 2,12.598720,2.685957,0.821891
2026-01-18,MMKI 3,9.787640,2.672683,0.853239
2026-01-18,Total MMKI,26.156590,2.679406,0.830836
2026-01-19,MMKI 1,5.311130,3.793692,0.799697
2026-01-19,MMKI 2,17.029820,3.786236,0.788115
2026-01-19,MMKI 3,13.688230,3.755190,0.849289
2026-01-19,Total MMKI,36.029180,3.778373,0.811563
2026-01-20,MMKI 1,5.001200,3.591589,0.795405
2026-01-20,MMKI 2,16.042290,3.560791,0.789418
2026-01-20,MMKI 3,12.917560,3.510627,0.857307
2026-01-20,Total MMKI,33.961050,3.554336,0.813196
2026-01-21,MMKI 1,4.306960,2.947743,0.834607
2026-01-21,MMKI 2,13.867110,2.953878,0.822585
2026-01-21,MMKI 3,11.058410,2.948559,0.873822
2026-01-21,Total MMKI,29.232480,2.950060,0.843349
2026-01-22,MMKI 1,1.361820,0.981400,0.792637
2026-01-22,MMKI 2,4.236990,0.983323,0.755003
2026-01-22,MMKI 3,3.539140,0.975002,0.845732
2026-01-22,Total MMKI,9.137950,0.979908,0.793663
2026-01-23,MMKI 1,2.863310,2.000996,0.817378
2026-01-23,MMKI 2,9.244450,2.012642,0.804826
2026-01-23,MMKI 3,7.323780,2.008711,0.849490
2026-01-23,Total MMKI,19.431540,2.007450,0.823825
2026-01-24,MMKI 1,4.126030,2.971495,0.793155
2026-01-24,MMKI 2,13.434340,2.990563,0.787137
2026-01-24,MMKI 3,10.732860,2.981427,0.838748
2026-01-24,Total MMKI,28.293230,2.981162,0.807736
2026-01-25,MMKI 1,6.170770,4.485501,0.785831
2026-01-25,MMKI 2,19.804640,4.456680,0.778651
2026-01-25,MMKI 3,15.803970,4.403617,0.836175
2026-01-25,Total MMKI,41.779380,4.448599,0.799303
2026-01-26,MMKI 1,6.389780,4.776960,0.764073
2026-01-26,MMKI 2,20.451970,4.770737,0.751168
2026-01-26,MMKI 3,16.145170,4.738005,0.793940
2026-01-26,Total MMKI,42.986920,4.761901,0.768296
2026-01-27,MMKI 1,4.793910,3.447752,0.794245
2026-01-27,MMKI 2,15.621100,3.454494,0.792345
2026-01-27,MMKI 3,12.533650,3.439882,0.848935
2026-01-27,Total MMKI,32.948660,3.447376,0.813433
2026-01-28,MMKI 1,3.084990,2.178946,0.808738
2026-01-28,MMKI 2,10.094500,2.186729,0.808867
2026-01-28,MMKI 3,8.006120,2.186133,0.853268
2026-01-28,Total MMKI,21.185610,2.183936,0.825608
2026-01-29,MMKI 1,2.649080,1.895292,0.798398
2026-01-29,MMKI 2,8.715510,1.902685,0.802626
2026-01-29,MMKI 3,6.872830,1.895280,0.844895
2026-01-29,Total MMKI,18.237420,1.897752,0.817893
2026-01-30,MMKI 1,3.170470,2.290103,0.790805
2026-01-30,MMKI 2,10.452950,2.297535,0.797194
2026-01-30,MMKI 3,8.402690,2.292603,0.853945
2026-01-30,Total MMKI,22.026110,2.293414,0.817388
2026-01-31,MMKI 1,4.671900,3.415439,0.781354
2026-01-31,MMKI 2,15.605490,3.413214,0.801127
2026-01-31,MMKI 3,12.397140,3.392283,0.851471
2026-01-31,Total MMKI,32.674530,3.406979,0.816230
2026-02-01,MMKI 1,5.149500,3.784800,0.777182
2026-02-01,MMKI 2,16.900910,3.788695,0.781642
2026-02-01,MMKI 3,13.461730,3.771880,0.831540
2026-02-01,Total MMKI,35.512140,3.781792,0.799193
2026-02-02,MMKI 1,4.895730,3.528783,0.792489
2026-02-02,MMKI 2,16.181220,3.523003,0.804795
2026-02-02,MMKI 3,12.795020,3.501139,0.851475
2026-02-02,Total MMKI,33.871970,3.517642,0.819524
2026-02-03,MMKI 1,4.578210,3.347649,0.781190
2026-02-03,MMKI 2,14.981070,3.320283,0.790597
2026-02-03,MMKI 3,11.968600,3.281589,0.849766
2026-02-03,Total MMKI,31.527880,3.316507,0.809071
2026-02-04,MMKI 1,5.916290,4.393448,0.769209
2026-02-04,MMKI 2,19.488310,4.341102,0.786614
2026-02-04,MMKI 3,15.587210,4.283312,0.847869
2026-02-04,Total MMKI,40.991810,4.339287,0.803991
2026-02-05,MMKI 1,5.623660,4.029410,0.797220
2026-02-05,MMKI 2,18.226500,3.997976,0.798823
2026-02-05,MMKI 3,14.402540,3.953659,0.848751
2026-02-05,Total MMKI,38.252700,3.993682,0.815195
2026-02-06,MMKI 1,6.027490,4.513442,0.762833
2026-02-06,MMKI 2,19.878780,4.477893,0.777863
2026-02-06,MMKI 3,15.655240,4.427593,0.823820
2026-02-06,Total MMKI,41.561510,4.472976,0.790801
2026-02-07,MMKI 1,5.561510,4.128305,0.769523
2026-02-07,MMKI 2,18.248360,4.110624,0.777863
2026-02-07,MMKI 3,14.265600,4.079264,0.814795
2026-02-07,Total MMKI,38.075470,4.106064,0.789209
2026-02-08,MMKI 1,5.494360,4.024562,0.779829
2026-02-08,MMKI 2,18.240710,4.029974,0.793098
2026-02-08,MMKI 3,14.602760,4.016896,0.847002
2026-02-08,Total MMKI,38.337830,4.023811,0.810891
2026-02-09,MMKI 1,1.315790,0.982595,0.764915
2026-02-09,MMKI 2,1.630440,0.986320,0.289651
2026-02-09,MMKI 3,3.234170,0.982627,0.766857
2026-02-09,Total MMKI,6.180400,0.983847,0.534640
2026-02-10,MMKI 1,4.612960,3.408339,0.773103
2026-02-10,MMKI 2,3.838230,3.383002,0.198800
2026-02-10,MMKI 3,0.000000,3.350170,
2026-02-10,Total MMKI,8.451190,3.380504,0.212769
2026-02-11,MMKI 1,5.583030,4.213871,0.756814
2026-02-11,MMKI 2,4.639660,4.180570,0.194463
2026-02-11,MMKI 3,0.000000,4.133147,
2026-02-11,Total MMKI,10.222690,4.175863,0.208349
2026-02-12,MMKI 1,4.243380,3.273436,0.740472
2026-02-12,MMKI 2,13.854230,3.240099,0.749223
2026-02-12,MMKI 3,10.891570,3.200977,0.792772
2026-02-12,Total MMKI,28.989180,3.238171,0.761919
2026-02-13,MMKI 1,3.740070,2.720295,0.785352
2026-02-13,MMKI 2,12.456320,2.732379,0.798796
2026-02-13,MMKI 3,9.868670,2.734496,0.840856
2026-02-13,Total MMKI,26.065060,2.729057,0.812866
2026-02-14,MMKI 1,4.634820,3.437374,0.770206
2026-02-14,MMKI 2,15.341560,3.420099,0.785992
2026-02-14,MMKI 3,12.234640,3.398329,0.838815
2026-02-14,Total MMKI,32.211020,3.418601,0.801916
2026-02-15,MMKI 1,6.233110,4.679848,0.760806
2026-02-15,MMKI 2,20.616120,4.678102,0.772190
2026-02-15,MMKI 3,16.424890,4.660787,0.821076
2026-02-15,Total MMKI,43.274120,4.672912,0.788158
2026-02-16,MMKI 1,2.753810,1.987990,0.791262
2026-02-16,MMKI 2,9.340880,1.995258,0.820306
2026-02-16,MMKI 3,7.377170,1.989627,0.863890
2026-02-16,Total MMKI,19.471860,1.990958,0.832373
2026-02-17,MMKI 1,6.120130,4.618895,0.756873
2026-02-17,MMKI 2,20.286400,4.594559,0.773657
2026-02-17,MMKI 3,16.080830,4.556490,0.822277
2026-02-17,Total MMKI,42.487360,4.589981,0.787810
2026-02-18,MMKI 1,3.812310,2.741386,0.794362
2026-02-18,MMKI 2,12.772590,2.749864,0.813870
2026-02-18,MMKI 3,10.109630,2.740657,0.859450
2026-02-18,Total MMKI,26.694530,2.743969,0.827972
2026-02-19,MMKI 1,1.303270,0.970364,0.767186
2026-02-19,MMKI 2,4.331150,0.978063,0.775932
2026-02-19,MMKI 3,3.415230,0.978459,0.813238
2026-02-19,Total MMKI,9.049650,0.975629,0.789441
2026-02-20,MMKI 1,3.512710,2.560839,0.783539
2026-02-20,MMKI 2,11.756510,2.572417,0.800800
2026-02-20,MMKI 3,9.291230,2.566743,0.843395
2026-02-20,Total MMKI,24.560450,2.566666,0.814403
2026-02-21,MMKI 1,3.817970,2.846621,0.766132
2026-02-21,MMKI 2,12.937910,2.852966,0.794611
2026-02-21,MMKI 3,10.248520,2.839123,0.841041
2026-02-21,Total MMKI,27.004400,2.846237,0.807488
2026-02-22,MMKI 1,3.039570,2.248608,0.772145
2026-02-22,MMKI 2,9.540230,2.255606,0.741110
2026-02-22,MMKI 3,8.040380,2.234722,0.838288
2026-02-22,Total MMKI,20.620180,2.246312,0.781259
2026-02-23,MMKI 1,3.002770,2.205733,0.777624
2026-02-23,MMKI 2,10.797770,2.218394,0.852870
2026-02-23,MMKI 3,8.064970,2.203713,0.852684
2026-02-23,Total MMKI,21.865510,2.209280,0.842329
2026-02-24,MMKI 1,5.629300,3.199192,1.005113
2026-02-24,MMKI 2,18.765990,3.199986,1.027568
2026-02-24,MMKI 3,14.938610,3.174390,1.096454
2026-02-24,Total MMKI,39.333900,3.191189,1.049028
2026-02-25,MMKI 1,6.743580,4.370730,0.881327
2026-02-25,MMKI 2,22.166420,4.318341,0.899427
2026-02-25,MMKI 3,17.524140,4.264129,0.957517
2026-02-25,Total MMKI,46.434140,4.317733,0.915281
2026-02-26,MMKI 1,5.831920,4.462924,0.746436
2026-02-26,MMKI 2,19.605690,4.474452,0.767767
2026-02-26,MMKI 3,15.389750,4.473441,0.801549
2026-02-26,Total MMKI,40.827360,4.470272,0.777302
2026-02-27,MMKI 1,5.798040,4.392563,0.753987
2026-02-27,MMKI 2,19.355120,4.391852,0.772210
2026-02-27,MMKI 3,15.223750,4.373509,0.811021
2026-02-27,Total MMKI,40.376910,4.385975,0.783501
2026-02-28,MMKI 1,6.538880,5.117981,0.729803
2026-02-28,MMKI 2,21.552510,5.070721,0.744758
2026-02-28,MMKI 3,16.552040,5.026479,0.767234
2026-02-28,Total MMKI,44.643430,5.071727,0.749160
2026-03-01,MMKI 1,5.181580,4.061113,0.728816
2026-03-01,MMKI 2,17.244960,4.017796,0.752076
2026-03-01,MMKI 3,13.725420,3.980089,0.803477
2026-03-01,Total MMKI,36.151960,4.019666,0.765446
2026-03-02,MMKI 1,3.022800,2.276558,0.758458
2026-03-02,MMKI 2,10.162510,2.274219,0.782990
2026-03-02,MMKI 3,8.057850,2.265806,0.828584
2026-03-02,Total MMKI,21.243160,2.272194,0.795694
2026-03-03,MMKI 1,4.882360,3.716086,0.750490
2026-03-03,MMKI 2,16.328990,3.732988,0.766461
2026-03-03,MMKI 3,12.836840,3.732105,0.801391
2026-03-03,Total MMKI,34.048190,3.727060,0.777500
2026-03-04,MMKI 1,6.052910,4.612348,0.749623
2026-03-04,MMKI 2,20.113080,4.609824,0.764507
2026-03-04,MMKI 3,15.554790,4.597191,0.788337
2026-03-04,Total MMKI,41.720780,4.606454,0.770829
2026-03-05,MMKI 1,5.577650,4.150083,0.767706
2026-03-05,MMKI 2,18.712330,4.150439,0.789989
2026-03-05,MMKI 3,14.673850,4.138157,0.826185
2026-03-05,Total MMKI,38.963830,4.146226,0.799800
2026-03-06,MMKI 1,4.886380,3.607932,0.773623
2026-03-06,MMKI 2,16.503420,3.609718,0.801102
2026-03-06,MMKI 3,13.004570,3.601361,0.841336
2026-03-06,Total MMKI,34.394370,3.606337,0.811697
2026-03-07,MMKI 1,3.997980,3.024372,0.755103
2026-03-07,MMKI 2,13.132420,2.976304,0.773134
2026-03-07,MMKI 3,10.339870,2.932607,0.821488
2026-03-07,Total MMKI,27.470270,2.977761,0.785138
2026-03-08,MMKI 1,3.973200,2.924820,0.775965
2026-03-08,MMKI 2,13.443370,2.933030,0.803117
2026-03-08,MMKI 3,9.581670,2.920684,0.764358
2026-03-08,Total MMKI,26.998240,2.926178,0.785249
2026-03-09,MMKI 1,6.054010,4.600781,0.751644
2026-03-09,MMKI 2,20.241840,4.589977,0.772728
2026-03-09,MMKI 3,15.938110,4.574390,0.811790
2026-03-09,Total MMKI,42.233960,4.588383,0.783384
2026-03-10,MMKI 1,6.498940,0.485498,2.000000
2026-03-10,MMKI 2,21.484120,0.469191,2.000000
2026-03-10,MMKI 3,16.863770,0.455423,2.000000
2026-03-10,Total MMKI,44.846830,0.470037,8.120300
2026-03-11,MMKI 1,6.797180,5.340781,0.726984
2026-03-11,MMKI 2,22.152440,5.305084,0.731672
2026-03-11,MMKI 3,17.132020,5.283696,0.755459
2026-03-11,Total MMKI,46.081640,5.309854,0.738615
2026-03-12,MMKI 1,7.176040,5.734283,0.714836
2026-03-12,MMKI 2,23.583810,5.678468,0.727730
2026-03-12,MMKI 3,18.164910,5.651976,0.748813
2026-03-12,Total MMKI,48.924760,5.688242,0.732021
2026-03-13,MMKI 1,7.577740,6.045555,0.715985
2026-03-13,MMKI 2,25.236370,6.007714,0.736046
2026-03-13,MMKI 3,19.801900,6.001934,0.768698
2026-03-13,Total MMKI,52.616010,6.018401,0.744063
2026-03-14,MMKI 1,7.670980,6.136388,0.714067
2026-03-14,MMKI 2,25.131530,6.100359,0.721856
2026-03-14,MMKI 3,20.193930,6.096934,0.771702
2026-03-14,Total MMKI,52.996440,6.111227,0.738059
2026-03-15,MMKI 1,7.703220,6.111867,0.719945
2026-03-15,MMKI 2,25.710380,6.083710,0.740504
2026-03-15,MMKI 3,20.034380,6.094765,0.765877
2026-03-15,Total MMKI,53.447980,6.096781,0.746111
2026-03-16,MMKI 1,7.656280,6.102574,0.716647
2026-03-16,MMKI 2,25.311810,6.093252,0.727882
2026-03-16,MMKI 3,19.236740,6.119089,0.732462
2026-03-16,Total MMKI,52.204830,6.104972,0.727779
2026-03-17,MMKI 1,7.752940,6.187950,0.715682
2026-03-17,MMKI 2,25.976020,6.180106,0.736485
2026-03-17,MMKI 3,20.300490,6.210276,0.761616
2026-03-17,Total MMKI,54.029450,6.192777,0.742536
2026-03-18,MMKI 1,7.180350,5.705784,0.718838
2026-03-18,MMKI 2,23.773220,5.669338,0.734756
2026-03-18,MMKI 3,18.704430,5.672461,0.768269
2026-03-18,Total MMKI,49.658000,5.682528,0.743739
2026-03-19,MMKI 1,7.633260,6.161337,0.707678
2026-03-19,MMKI 2,25.006500,6.128375,0.714981
2026-03-19,MMKI 3,19.486110,6.138570,0.739602
2026-03-19,Total MMKI,52.125870,6.142761,0.722208
2026-03-20,MMKI 1,7.707510,6.218060,0.708043
2026-03-20,MMKI 2,24.975210,6.188517,0.707147
2026-03-20,MMKI 3,19.707080,6.175255,0.743546
2026-03-20,Total MMKI,52.389800,6.193944,0.719867
2026-03-21,MMKI 1,5.365430,4.086712,0.749948
2026-03-21,MMKI 2,17.921350,4.067969,0.771934
2026-03-21,MMKI 3,14.256590,4.041325,0.821925
2026-03-21,Total MMKI,37.543370,4.065335,0.785976
2026-03-22,MMKI 1,6.580160,5.238782,0.717475
2026-03-22,MMKI 2,21.013530,5.219132,0.705485
2026-03-22,MMKI 3,16.613880,5.206315,0.743500
2026-03-22,Total MMKI,44.207570,5.221410,0.720579
2026-03-23,MMKI 1,6.442360,4.931661,0.746195
2026-03-23,MMKI 2,21.803840,4.969227,0.768832
2026-03-23,MMKI 3,17.310510,5.010404,0.804966
2026-03-23,Total MMKI,45.556710,4.970431,0.780065
2026-03-24,MMKI 1,5.131550,3.886229,0.754260
2026-03-24,MMKI 2,17.343990,3.914740,0.776307
2026-03-24,MMKI 3,13.690850,3.928743,0.811927
2026-03-24,Total MMKI,36.166390,3.909904,0.787248
2026-03-25,MMKI 1,5.513780,4.207204,0.748611
2026-03-25,MMKI 2,18.404590,4.205667,0.766794
2026-03-25,MMKI 3,14.604520,4.205140,0.809184
2026-03-25,Total MMKI,38.522890,4.206004,0.779510
2026-03-26,MMKI 1,2.074180,1.550183,0.764300
2026-03-26,MMKI 2,7.033020,1.555132,0.792432
2026-03-26,MMKI 3,5.556390,1.550606,0.834894
2026-03-26,Total MMKI,14.663590,1.551974,0.804134
2026-03-27,MMKI 1,3.404100,2.278597,0.853366
2026-03-27,MMKI 2,11.522620,2.288513,0.882236
2026-03-27,MMKI 3,9.053070,2.281060,0.924697
2026-03-27,Total MMKI,23.979790,2.282723,0.894056
2026-03-28,MMKI 1,4.937550,3.544698,0.795670
2026-03-28,MMKI 2,16.535840,3.529618,0.820891
2026-03-28,MMKI 3,13.062110,3.516141,0.865540
2026-03-28,Total MMKI,34.535500,3.530152,0.832616
2026-03-29,MMKI 1,7.703330,6.117599,0.719280
2026-03-29,MMKI 2,25.254530,6.119075,0.723171
2026-03-29,MMKI 3,19.910690,6.134346,0.756238
2026-03-29,Total MMKI,52.868550,6.123673,0.734781
2026-03-30,MMKI 1,5.226540,4.096477,0.728793
2026-03-30,MMKI 2,17.199490,4.109761,0.733308
2026-03-30,MMKI 3,13.459910,4.119762,0.761220
2026-03-30,Total MMKI,35.885940,4.108667,0.743355
2026-03-31,MMKI 1,5.697120,4.431792,0.734305
2026-03-31,MMKI 2,19.043430,4.455765,0.748876
2026-03-31,MMKI 3,15.107960,4.481812,0.785403
2026-03-31,Total MMKI,39.848510,4.456456,0.761018
2026-04-01,MMKI 1,5.179930,4.024583,0.735197
2026-04-01,MMKI 2,17.036080,4.007404,0.744893
2026-04-01,MMKI 3,13.435400,4.007272,0.781164
2026-04-01,Total MMKI,35.651410,4.013086,0.756085
2026-04-02,MMKI 1,6.971680,5.512493,0.722420
2026-04-02,MMKI 2,22.981980,5.525023,0.728854
2026-04-02,MMKI 3,17.786590,5.539372,0.748122
2026-04-02,Total MMKI,47.740250,5.525629,0.735319
2026-04-03,MMKI 1,7.585420,4.680443,0.925749
2026-04-03,MMKI 2,25.236220,4.672055,0.946463
2026-04-03,MMKI 3,19.918160,4.675427,0.992586
2026-04-03,Total MMKI,52.739800,4.675975,0.959929
2026-04-04,MMKI 1,4.040540,3.099698,0.744596
2026-04-04,MMKI 2,13.716210,3.079387,0.780471
2026-04-04,MMKI 3,10.903310,3.065935,0.828582
2026-04-04,Total MMKI,28.660060,3.081673,0.791522
2026-04-05,MMKI 1,6.288650,4.911433,0.731391
2026-04-05,MMKI 2,20.884980,4.914304,0.744662
2026-04-05,MMKI 3,16.425680,4.922548,0.777452
2026-04-05,Total MMKI,43.599310,4.916095,0.754800
2026-04-06,MMKI 1,6.949110,5.446065,0.728865
2026-04-06,MMKI 2,23.007380,5.473765,0.736492
2026-04-06,MMKI 3,18.069350,5.512452,0.763727
2026-04-06,Total MMKI,48.025840,5.477427,0.746227
2026-04-07,MMKI 1,7.055580,5.270063,0.764747
2026-04-07,MMKI 2,23.080940,5.310646,0.761541
2026-04-07,MMKI 3,18.082520,5.347771,0.787819
2026-04-07,Total MMKI,48.219040,5.309493,0.772926
2026-04-08,MMKI 1,4.848670,3.769555,0.734739
2026-04-08,MMKI 2,16.198130,3.767839,0.753286
2026-04-08,MMKI 3,12.961240,3.780585,0.798781
2026-04-08,Total MMKI,34.008040,3.772660,0.767197
2026-04-09,MMKI 1,6.884760,5.235217,0.751199
2026-04-09,MMKI 2,22.779790,5.248630,0.760485
2026-04-09,MMKI 3,17.830910,5.266898,0.788785
2026-04-09,Total MMKI,47.495460,5.250248,0.769919
2026-04-10,MMKI 1,6.388330,5.055133,0.721864
2026-04-10,MMKI 2,21.164050,5.055258,0.733572
2026-04-10,MMKI 3,16.073540,5.089964,0.735762
2026-04-10,Total MMKI,43.625920,5.066785,0.732799
2026-04-11,MMKI 1,6.259840,4.952925,0.721942
2026-04-11,MMKI 2,20.676590,4.960752,0.730329
2026-04-11,MMKI 3,16.350100,4.995877,0.762516
2026-04-11,Total MMKI,43.286530,4.969851,0.741280
2026-04-12,MMKI 1,7.452220,5.942551,0.716330
2026-04-12,MMKI 2,24.507070,5.998372,0.715888
2026-04-12,MMKI 3,19.224430,6.066520,0.738336
2026-04-12,Total MMKI,51.183720,6.002481,0.725728
2026-04-13,MMKI 1,6.702830,5.262078,0.727615
2026-04-13,MMKI 2,22.781070,5.302873,0.752749
2026-04-13,MMKI 3,17.935210,5.361040,0.779467
2026-04-13,Total MMKI,47.419110,5.308664,0.760223
2026-04-14,MMKI 1,5.078400,3.949658,0.734460
2026-04-14,MMKI 2,16.679340,3.951730,0.739569
2026-04-14,MMKI 3,13.061510,3.964035,0.767708
2026-04-14,Total MMKI,34.819250,3.955141,0.749256
2026-04-15,MMKI 1,7.469060,5.854713,0.728721
2026-04-15,MMKI 2,24.646540,5.890100,0.733197
2026-04-15,MMKI 3,19.155420,5.943155,0.750957
2026-04-15,Total MMKI,51.271020,5.895989,0.740096
2026-04-16,MMKI 1,6.730140,5.224469,0.735839
2026-04-16,MMKI 2,22.589430,5.266458,0.751578
2026-04-16,MMKI 3,17.875710,5.328712,0.781594
2026-04-16,Total MMKI,47.195280,5.273213,0.761721
2026-04-17,MMKI 1,5.096000,3.950449,0.736858
2026-04-17,MMKI 2,17.079100,3.969982,0.753813
2026-04-17,MMKI 3,13.517810,3.995060,0.788358
2026-04-17,Total MMKI,35.692910,3.971830,0.764828
2026-04-18,MMKI 1,7.145980,5.547296,0.735836
2026-04-18,MMKI 2,24.209940,5.617495,0.755159
2026-04-18,MMKI 3,18.995900,5.693697,0.777331
2026-04-18,Total MMKI,50.351820,5.619496,0.762589
2026-04-19,MMKI 1,7.043940,5.486445,0.733374
2026-04-19,MMKI 2,23.840070,5.545988,0.753209
2026-04-19,MMKI 3,18.816280,5.612835,0.781073
2026-04-19,Total MMKI,49.700290,5.548423,0.762363
2026-04-20,MMKI 1,6.713440,5.215180,0.735320
2026-04-20,MMKI 2,22.957910,5.287624,0.760780
2026-04-20,MMKI 3,18.072470,5.366802,0.784589
2026-04-20,Total MMKI,47.743820,5.289869,0.768148
2026-04-21,MMKI 1,7.065570,5.503943,0.733287
2026-04-21,MMKI 2,23.852580,5.576017,0.749546
2026-04-21,MMKI 3,18.815570,5.661647,0.774310
2026-04-21,Total MMKI,49.733720,5.580536,0.758486
2026-04-22,MMKI 1,5.050540,3.890979,0.741446
2026-04-22,MMKI 2,17.115050,3.912455,0.766507
2026-04-22,MMKI 3,13.360860,3.937609,0.790573
2026-04-22,Total MMKI,35.526450,3.913681,0.772572
2026-04-23,MMKI 1,4.792730,3.666085,0.746760
2026-04-23,MMKI 2,16.324520,3.708597,0.771290
2026-04-23,MMKI 3,12.790560,3.741488,0.796500
2026-04-23,Total MMKI,33.907810,3.705390,0.778822
2026-04-24,MMKI 1,5.708210,4.404441,0.740304
2026-04-24,MMKI 2,19.565390,4.444088,0.771424
2026-04-24,MMKI 3,15.258140,4.503913,0.789318
2026-04-24,Total MMKI,40.531740,4.450814,0.775048
2026-04-25,MMKI 1,6.604460,5.122181,0.736518
2026-04-25,MMKI 2,22.335870,5.166480,0.757522
2026-04-25,MMKI 3,13.902940,5.224994,0.619956
2026-04-25,Total MMKI,42.843270,5.171218,0.705119
2026-04-26,MMKI 1,5.621730,4.385769,0.732192
2026-04-26,MMKI 2,23.241600,4.440956,
2026-04-26,MMKI 3,10.818812,4.510610,
2026-04-26,Total MMKI,39.682142,4.445778,0.759661
2026-04-27,MMKI 1,7.594520,5.970552,0.726585
2026-04-27,MMKI 2,25.581570,6.055383,0.740240
2026-04-27,MMKI 3,20.199640,6.158686,0.764180
2026-04-27,Total MMKI,53.375730,6.061540,0.749434
2026-04-28,MMKI 1,5.679120,4.361870,0.743719
2026-04-28,MMKI 2,19.589000,4.419279,0.776691
2026-04-28,MMKI 3,15.564450,4.470470,0.811187
2026-04-28,Total MMKI,40.832570,4.417206,0.786741
2026-04-29,MMKI 1,4.095700,3.165068,0.739172
2026-04-29,MMKI 2,14.081530,3.190168,0.773434
2026-04-29,MMKI 3,11.226180,3.224580,0.811146
2026-04-29,Total MMKI,29.403410,3.193272,0.783672
2026-04-30,MMKI 1,5.479390,4.309032,0.726362
2026-04-30,MMKI 2,18.525610,4.378828,0.741313
2026-04-30,MMKI 3,14.667420,4.446888,0.768489
2026-04-30,Total MMKI,38.672420,4.378249,0.751750
2026-05-01,MMKI 1,6.741180,0.000000,
2026-05-01,MMKI 2,22.566970,2.326391,1.699722
2026-05-01,MMKI 3,18.096270,0.000000,
2026-05-01,Total MMKI,47.404420,0.775464,5.202715
2026-05-02,MMKI 1,4.826410,3.677734,0.749626
2026-05-02,MMKI 2,16.335710,3.698738,0.773876
2026-05-02,MMKI 3,13.113070,3.735980,0.817787
2026-05-02,Total MMKI,34.275190,3.704151,0.787524
2026-05-03,MMKI 1,6.540850,5.124985,0.729025
2026-05-03,MMKI 2,22.264170,5.215347,0.748015
2026-05-03,MMKI 3,17.907160,5.299907,0.787225
2026-05-03,Total MMKI,46.712180,5.213413,0.762572
2026-05-04,MMKI 1,4.712520,3.587259,0.750397
2026-05-04,MMKI 2,16.065610,3.613978,0.778931
2026-05-04,MMKI 3,12.771270,3.640459,0.817369
2026-05-04,Total MMKI,33.549400,3.613899,0.790099
2026-05-05,MMKI 1,3.858670,2.881087,0.765036
2026-05-05,MMKI 2,12.913840,2.900535,0.780126
2026-05-05,MMKI 3,10.365220,2.937219,0.822209
2026-05-05,Total MMKI,27.137730,2.906280,0.794710
2026-05-06,MMKI 1,6.199140,4.769581,0.742424
2026-05-06,MMKI 2,21.383660,4.849389,0.772649
2026-05-06,MMKI 3,17.073770,4.947859,0.803993
2026-05-06,Total MMKI,44.656570,4.855610,0.782734
2026-05-07,MMKI 1,5.394910,,
2026-05-07,MMKI 2,18.589180,,
2026-05-07,MMKI 3,14.770410,,
2026-05-07,Total MMKI,38.754500,,
2026-05-08,MMKI 1,6.020930,4.675775,0.735547
2026-05-08,MMKI 2,20.149390,4.739756,0.744892
2026-05-08,MMKI 3,16.070700,4.812153,0.778100
2026-05-08,Total MMKI,42.241020,4.742561,0.758043
2026-05-09,MMKI 1,4.913830,3.792118,0.740183
2026-05-09,MMKI 2,16.952290,3.821349,0.777318
2026-05-09,MMKI 3,13.499480,3.870505,0.812624
2026-05-09,Total MMKI,35.365600,3.827991,0.786290
2026-05-10,MMKI 1,6.299580,4.898080,0.734660
2026-05-10,MMKI 2,21.814010,4.982772,0.767099
2026-05-10,MMKI 3,17.405730,5.093363,0.796211
2026-05-10,Total MMKI,45.519320,4.991405,0.776150
